utt,spk,cond,hyp
p00_u00,p00,taps,부산시는 칠 일 오후 시민들이 안전하게 대중교통을 이용하기 위해 대중 교통 혼자도 안전관리 대책회의를 열고 정책경검에 나섰다
p00_u00,p00,ce,부한시는 칠 일 오후 시민들이 안전하을 대중교통을 이용하기 위해 대중교통 환자도 안전관리 대책흔리을 열고 경책 경검에 나섰다
p00_u00,p00,ce_s40,부산시는 칠 일 오후 시민들이 안전하을 대중교통을 이용하기 위해 대중교통 혼자도 안전관리 대책회리을 열고 경책 경검에 나섰다
p00_u00,p00,ce_s80,부산시는 칠 일 오후 시민들이 안전하을 대중교통을 이용하기 위해 대중교통 환자도 안전관리 대책흔리을 열고 경책 경검에 나섰다
p00_u00,p00,ce_s160,부단시는 칠 일 오후 시민들이 안전하을 대중교통을 이용하기 위해 대중교통 혼자도 안전관리 대책흔리을 열고 정책 경검에 나섰다
p00_u00,p00,taps_s80,부산시는 칠 일 오후 시민들이 안전하게 대중교통을 이용하기 위해 대중교통 환자도 안전관리 대책회의를 열고 정책경검에 나섰다
p00_u00,p00,taps_s160,부산시는 칠 일 오후 시민들이 안전하게 대중교통을 이용하기 위해 대중교통 혼자도 안전관리 대책회의를 열고 정책정검에 나섰다
p00_u00,p00,ce_visible,부한시는 칠 일 오후 시민들이 안전하을 대중교통을 이용하기 위해 대중교통 환자도 안전관리 대책흔리을 열고 경책 경검에 나섰다
p00_u00,p00,ce_invisible,부산시는 칠 일 오후 시민들이 안전하게 대중교통을 이용하기 위해 대중 교통 혼자도 안전관리 대책회의를 열고 정책경검에 나섰다
p00_u01,p00,taps,임날 회일는 십 부산 교통공사 해 마을버스 운송 사업조합 등이 참석해 안전 확고 추진상한 경동과 안정관리 강화 방안을 함께 모색했다
p00_u01,p00,ce,이날 회미는 십 부산 교통공사 해 마을버스 운송 상업교합 등이 삼석해 안전확보 추진 상황 변문과 안정관리 강화방안을 함께 모색했다
p00_u01,p00,ce_s40,이날 회위는 일 부상 교통공사 해 마을버스 운송 상업교합 등이 삼석해 안전 확보 추진 상한 변광과 안정관리 강화방안을 함께 모색했다
p00_u01,p00,ce_s80,이날 회미는 일 부상 교통공사 해 마을버스 운송 상업교합 등이 삼성해 안전 확보 추진 상한 변광과 안정관리 강화방안을 함께 모색했다
p00_u01,p00,ce_s160,이날 후미는 히 부상 교통공사 흰해 마을버스 운송 상업교합 등이 삼석해 안전확보 추진 상한 변문과 안정관리 강화방안을 함께 모색혔다
p00_u01,p00,taps_s80,임날 회일는 십 부산 교통공사 해 마을버스 운송 사업조합 등이 참석해 안전 사구 추진 상한 경동과 안정관리 강화 방안을 함께 모색했다
p00_u01,p00,taps_s160,임날 회인는 십 부산 교통공사 해 마을버스 운송 사업조합 등이 참석해 안전 사구 추진 상한 경동과 안전관리 강화 방안을 함께 모색했다
p00_u01,p00,ce_visible,이날 회위는 십 부산 교통공사 해 마을버스 운송 상업교합 등이 삼성해 안전 확보 추진 상황 변문과 안정관리 강화방안을 함께 모색했다
p00_u01,p00,ce_invisible,임날 회일는 시 부산 교통공사 해 마을버스 운송 사업조합 등이 참석해 안전 확고 추진 상한 경동과 안정관리 강화 방안을 함께 모색했다
p00_u02,p00,taps,도시철도는 정원 백 이십 명인 한칸 사나의 백 팔십 명의 삼승했을 경우 혼잡한 상태로 승무원의 관리가 필요하다
p00_u02,p00,ce,도시철도는 병원 백 이십 명인 한칸 사항에 백 팔십 명의 삼승했을 경우 혼잡한 상태로 승무원의 관리가 필요하다
p00_u02,p00,ce_s40,도시철도는 병원 백 이십 명인 한칸 사항에 백 팔십 명의 탐승했을 경우 혼잡한 상태로 승무원의 관리가 필요한다
p00_u02,p00,ce_s80,도시철도는 병원 백 이십 명인 한칸 사항에 백 팔십 명의 탐승했을 경우 혼잡한 상태로 승무원의 관리가 필요한다
p00_u02,p00,ce_s160,도시 철도는 병원 백 이십 명인 한칸 사항에 백 팔십 명의 탐승했을 경우 혼잡한 상태로 승무원의 관리가 필요한다
p00_u02,p00,taps_s80,도시철도는 정원 백 이십 명인 한칸 사항의 백 팔십 명의 삼승했을 경우 혼잡한 상태로 승무원의 관리가 필요하다
p00_u02,p00,taps_s160,도시철도는 정원 백 이십 명인 한칸 사항의 백 팔십 명의 삼승했을 경우 혼잡한 상태로 승무원의 관리가 필요하다
p00_u02,p00,ce_visible,도시 철도는 병원 백 이십 명인 한칸 사항에 백 팔십 명의 삼승했을 경우 혼잡한 상태로 승무원의 관리가 필요하다
p00_u02,p00,ce_invisible,도시철도는 정원 백 이십 명인 한칸 사장의 백 팔십 명의 삼승했을 경우 혼잡한 상태로 승무원의 관리가 필요하다
p00_u03,p00,taps,부산시는 출택근 시간 최대 순간 손자도가 백 이십 퍼센트 네외 수준으로 수도권간 달리 승찰이 크기 어려움을 확지 않는 수준에서 안전하게 관리되고 있다
p00_u03,p00,ce,부산시는 슐택그 시간 최대 순간 훈자보가 백 이십 퍼센트 네외 수준으로 수도공간 달리 승찰 크기 어려움을 겪지 안는 수준에서 안전하게 관련되고 있다
p00_u03,p00,ce_s40,부산시는 슐택근 시간 최대 순간 혼자보가 백 이십 퍼센트 네외 수준으로 수도공간 달리 승찰 크기 어려움을 겪지 않는 수준에서 안전하게 관련되고 있다
p00_u03,p00,ce_s80,부산시는 솔택그 시간 최대 순간 홍자도가 백 이십 퍼센트 네외 수준으로 수도공간 달리 승찰 크기 어려움을 겪대 안는 수준에서 안전하게 관련되고 있다
p00_u03,p00,ce_s160,부산시는 솔택르시간 최대 순간 훈자표가 백 이십 퍼센트 네외 수준으로 수도공간 달리 승찰 크게 어려움을 겪지 않는 수준에서 안전하게 관련되고 있다
p00_u03,p00,taps_s80,부산시는 출택근 시간 최대 순간 환자도가 백 이십 퍼센트 네외 수준으로 수도권간 달리 승차의 크게 어려움을 확지 않는 수준에서 안전하게 관리되고 있다
p00_u03,p00,taps_s160,부산시는 출택근 시간 최대 순간 환자도가 백 이십 퍼센트 네외 수준으로 수도권간 달리 승차이 크게 어려움을 확지 않는 수준에서 안전하게 관리되고 있다
p00_u03,p00,ce_visible,부산시는 슐택그 시간 최대 순간 혼자보가 백 이십 퍼센트 네외 수준으로 수도공간 달리 승찰 크기 어려움을 겪지 안는 수준에서 안전하게 관련되고 있다
p00_u03,p00,ce_invisible,부산시는 출택근 시간 최대 순간 손자도가 백 이십 퍼센트 네외 수준으로 수도권간 달리 승찰이 크기 어려움을 확지 않는 수준에서 안전하게 관리되고 있다
p00_u04,p00,taps,팀는 최근 빅기했을 공영과 같이 일시적으로 혼자도 상승이 예상되는 행사는 빈차 추가투이 무정차 은행 등으로 혼자도를 해소하기로 했다
p00_u04,p00,ce,팀는 최근 피피했을 공영과 같이 을수적으로 혼자도 상승입 예상되는 행사는 빈찰추가트입 유병차 운행 등으로 혼잡도를 해소하기로 했다
p00_u04,p00,ce_s40,히는 최근 피피했을 공영과 같이 을실적으로 혼자교 상승입 예상되는 행사는 빈찰추가트입 유병차 운행 등으로 혼자도를 해소하기로 했다
p00_u04,p00,ce_s80,이는 최근 피피했을 공영과 같이 을수적으로 혼자도 상승님 예상되는 행사는 빈찰추가 트입 유병차 운행 등으로 혼자도를 해소하기로 했다
p00_u04,p00,ce_s160,히는 최근 피피했을 공영과 같이 을수적으로 혼자도 상승님 예상되는 행사는 빈찰추가 급입 부병차 은행 등으로 혼자도를 해소하기로 했다
p00_u04,p00,taps_s80,팀는 최근 빅기했을 공영과 같이 일시적으로 혼자도 상승이 예상되는 행사는 빈차추가투입 무정차 은행 등으로 혼자도를 해소하기로 했다
p00_u04,p00,taps_s160,이는 최근 빅기했을 공영과 같이 일시적으로 혼작도 상승이 예상되는 행사는 빈차추가투 무정차 운행 등으로 혼자도를 해소하기로 했다
p00_u04,p00,ce_visible,히는 최근 피기했을 공영과 같이 을세적으로 혼자교 상승입 예상되는 행사는 빈찰추가트입 유병사 운행 등으로 혼자도를 해소하기로 했다
p00_u04,p00,ce_invisible,팀는 최근 빅기했을 공영과 같이 일시적으로 혼자도 상승이 예상되는 행사는 빈찰 추가투이 무정차 은행 등으로 혼자도를 해소하기로 했다
p00_u05,p00,taps,또 현재 운영되고에 있는 부상 교통 공사 은행 관제 현장 조치 메뉴할 등 관련 메뉴을 전난 재검점에 안전관리를 기속적으로 해나할 방침이다
p00_u05,p00,ce,또 한재 운영 대부이 있는 부상교품 공사 은행 관제 현장 교치메뉴얼 등 반련 맹뉴주원을 전은 대검점인 안전관리를 기속적으로 해나간 방침이다
p00_u05,p00,ce_s40,또 한재 운영 대부에 있는 부상교통공사 은행 관대 현장 교치메뉴얼 등 반련 맹의원을 점은 대검점인 안전관리를 기속적으로 해나간 방침이다
p00_u05,p00,ce_s80,또 한재 운영 대구에 있는 부상교통공사 은행 관제 현장 교치메뉴얼 등 반련 맨주원을 전은 대검점인 안전관리를 기속적으로 해나간 방침이다
p00_u05,p00,ce_s160,또 한재 운영 대구에 있는 부상교통공사 은행 관대현장 교치메뉴얼 등 반련 맹주원을 전난 대검점인 안전관리를 지속적으로 해나간 방침이다
p00_u05,p00,taps_s80,또 현재 운영되고에 있는 부상교통 공사 운행 관제 현장 조치 메뉴할 등 반련 메뉴을 전난 재검점의 안전 관리를 기속적으로 해나할 방침이다
p00_u05,p00,taps_s160,또 현재 운영되고에 있는 부상교통 공사 운행 관제 현장 조치 메뉴얼 등 단련 메뉴을 전난 재검점의 안전 관리를 기속적으로 해나할 방침이다
p00_u05,p00,ce_visible,또 한재 운영 대부에 있는 부상교품 공사 은행 관제 현장 교치메뉴얼 등 반련 맹뉴주원을 전은 대검점의 안전관리를 구속적으로 해나간 방침이다
p00_u05,p00,ce_invisible,또 현재 운영되고에 있는 부상 교통 공사 운행 관제 현장 조치 메뉴할 등 관련 메뉴을 전난 재검점에 안전관리를 기속적으로 해나할 방침이다
p00_u06,p00,taps,시의마을박스는 출택근 시간대 일부 노선을 제외하고는 대부분의 노선히 혼적도가 낮자 현재는 승하차의 어려운없이 안전하게 관리되고 있다
p00_u06,p00,ce,히네마을버스는 출택근 휴간때 일부 노선을 대외하고는 대부분의 노선히 혼자도가 나자 현재는 홍활탄의 어려 없이 안전하게 관리되고 있다
p00_u06,p00,ce_s40,히네마을버스는 출택민 휴간대 일부 노선을 대외하고는 대부분의 노선히 혼자도가 나자 현재는 통활탄의 어려 업이 안전하게 관리되고 있다
p00_u06,p00,ce_s80,히네 마을버스는 출택민 휴간대 일부 노선을 대외하고는 대부분의 노선히 혼자도가 나자 현재는 통활탄의 어려운 없이 안전하게 관리되고 있다
p00_u06,p00,ce_s160,히날 마을버스는 출택민 휴간대 일부 노선을 대외하고는 대부분의 노선히 혼자도가 나자 현재는 홍활탄의 어려운 없이 안전하게 관리되고 있다
p00_u06,p00,taps_s80,시내 마을버스는 출택근 시간대 일부 노선을 제외하고는 대부분의 노선히 혼적도가 낮자 현재는 승하차의 어려운없이 안전하게 관리되고 있다
p00_u06,p00,taps_s160,시내 마을버스는 출택근 시간대 일부 노선을 제외하고는 대부분의 노선히 혼적도가 낮자 현재는 승활차의 어려운없이 안전하게 관리되고 있다
p00_u06,p00,ce_visible,히네마을버스는 출택문 휴간대 일부 노선을 대외하고는 대부분의 노선히 혼자도가 나자 현재는 홍활탄의 어려운 없이 안전하게 관리되고 있다
p00_u06,p00,ce_invisible,시의마을박스는 출택근 시간대 일부 노선을 제외하고는 대부분의 노선히 혼적도가 낮자 현재는 승하차의 어려운없이 안전하게 관리되고 있다
p00_u07,p00,taps,앞으로 시는 이천 이십 삼 년 하반기 중 사차태의 의무제를 도입해 버스에 제차 인원 정보를 파악해 탑승 인원을 실시간 수십팔 계획이다
p00_u07,p00,ce,앞으로 히는 이편 이십 삼 년 하반기 중 한타태의 의무기를 도입해 버스에 대차인원 정보를 파악해 합승인원을 실시간 수입판 계획이다
p00_u07,p00,ce_s40,앞으로 히는 미편 이십 삼 년 하반기중 한타태의 의무기를 도입해 버스에 대차 인원 정보를 파악해 합승 인원을 실시간 수입판 계획이다
p00_u07,p00,ce_s80,앞으로 리는 이편 이십 삼 년 하반기 중 한차태의 의무기를 도입해 버스에 대차 인원 정보를 파악해 합승 인원을 실시간 수지판 계획이다
p00_u07,p00,ce_s160,앞으로 히는 리편 이십 삼 년 하반미 중 한차태의 의무기를 도입해 버스에 대차 인원 정보를 파악해 학슨 인원을 실시간 수입판 계획이다
p00_u07,p00,taps_s80,앞으로 시는 이천 이십 삼 년 하반기 중 사차태그 의무제를 도입해 버스에 제차 인원 정보를 파악해 탑승 인원을 실시간 수십팔 계획이다
p00_u07,p00,taps_s160,앞으로 시는 이천 이십 삼 년 하반기 중 사차태의 의무제를 도입해 버스에 칠차 인원 정보를 파악해 탑승 인원을 실시간 수십할 계획이다
p00_u07,p00,ce_visible,앞으로 히는 이편 이십 삼 년 하반기 중 한타태의 의무기를 도입해 버스에 제차인원 정보를 파악해 합승인원을 실시간 수입판 계획이다
p00_u07,p00,ce_invisible,앞으로 시는 이천 이십 삼 년 하반기 중 사차태의 의무제를 도입해 버스에 제차 인원 정보를 파악해 탑승 인원을 실시간 수십팔 계획이다
p00_u08,p00,taps,이를 통해 버스는 혼자도 정보를 버스 정부 안내기 스마트폰 등을 통해 이용 시민들에게 대공할 계획이다
p00_u08,p00,ce,이를 통해 버스의 혼자뼈 정보를 버스 정부 안내이 스마트폰 등을 통해 이용 시민들에게 대공할 계획이다
p00_u08,p00,ce_s40,이를 통해 버스해 혼자뼈 정보를 버스 정부 안내이 스마트폰 등을 통해 이용 시민들에게 대공할 계획이다
p00_u08,p00,ce_s80,이를 통해 버스의 혼자병 정보를 버스 정부 안내이 스마트폰 등을 통해 이용 시민들에게 대공할 계획이다
p00_u08,p00,ce_s160,이를 통해 버스는 혼자뼈 정보를 버스 정부 안내이 스마트폰 등을 통해 이용 시민들에게 대공할 계획이다
p00_u08,p00,taps_s80,이를 통해 버스는 혼자도 정보를 버스 정부 안내이 스마트폰 등을 통해 이용 시민들에게 대공할 계획이다
p00_u08,p00,taps_s160,이를 통해 버스는 혼잡도 정보를 버스 정부 안내기 스마트폰 등을 통해 이용 시민들에게 대공할 계획이다
p00_u08,p00,ce_visible,이를 통해 버스의 혼자뼈 정보를 버스 정부 안내이 스마트폰 등을 통해 이용 시민들에게 대공할 계획이다
p00_u08,p00,ce_invisible,이를 통해 버스는 혼자도 정보를 버스 정부 안내기 스마트폰 등을 통해 이용 시민들에게 대공할 계획이다
p00_u09,p00,taps,원주지는 십 구 일 오후 호조면 사 년이 칠북 케우공원에서 성강 자장 남나문숙 레키 교통책을 개최했다
p00_u09,p00,ce,원주진는 십 구 일 오후 호조면 한년 출본 페육공원에서 서강 가장 나선습 래겐 고통식을 제쇄했다
p00_u09,p00,ce_s40,원주지는 십 구 일 오후 호조면 한년 출본 페육 공원에서 서강 가장 나모습 블래겐 고통책을 제체했다
p00_u09,p00,ce_s80,원주진는 십 구 일 오후 호조면 사년 출봉 페육 공원에서 서강 가장 나모습 렉겐 고통식을 제체했다
p00_u09,p00,ce_s160,원주진는 십 구 일 오후 호면 사년 출본 페육 공원에서 서강 가장 나모습 블랙빈 대통식을 제쇄했다
p00_u09,p00,taps_s80,원주지는 십 구 일 오후 호조엔 사 년이 칠북 케우공원에서 성강 자장 라문숙 레키 교통식을 개최했다
p00_u09,p00,taps_s160,원주지는 십 구 일 오후 호조면 사 년이 칠본 케우공원에서 성강 자장 나문수 레길 대통책을 개최했다
p00_u09,p00,ce_visible,원주지는 십 구 일 오후 호조면 한년님 출본 페육공원에서 서강 가장 나모습 래겐 고통식을 제칭했다
p00_u09,p00,ce_invisible,원주지는 십 구 일 오후 호조면 사 년이 칠본 케우공원에서 성강 자장 남나문숙 레키 교통책을 개최했다
p00_u10,p00,taps,이날 계통된 사쩜 오 키로미터 규모의 둘래길은 대크결과 휴계 공간을 비롯해 수영 삼십 년 이상의 자장 나문과 분란을 이우고 있는 숙등을 가추고 있다
p00_u10,p00,ce,이날 대통된 사쩜 오 키로민터 규모의 블에길은 택대별과 흉일 공간을 비롯해 수영 삼십 년 이상 사장 나문가 군란을 이우고 있는 습등을 가추고 있다
p00_u10,p00,ce_s40,이날 계통된 한쩜오 키로민터 규모의 블에길된 백대결과 흉일 공간을 비롯해 수영 삼십 년 이상 사장 나문가 분란을 이우고 있는 특핑을 가추고 있다
p00_u10,p00,ce_s80,이날 대통된 사쩜 오 키로민터 규모의 블에길된 택백결과 육일 공간을 비롯해 수영 삼십 년 이상 사장 나문가 분란을 이우고 있는 특등을 가추고 있다
p00_u10,p00,ce_s160,이날 계풍된 사쩜목 키로민터 규모의 블에길은 택대별과 흉일 공간을 비롯해 수영 삼십 년 이상의 사장 나문가 분란을 이우고 있는 특평을 가추고 있다
p00_u10,p00,taps_s80,이날 계통된 사쩜 오 키로미터 규모의 둘래길은 대크결과 휴계 공간을 비롯해 수영 삼십 년 이상 자장 나문과 분란을 이우고 있는 숙등을 가추고 있다
p00_u10,p00,taps_s160,이날 계통된 사쩜 오 키로미터 규모의 둘레길은 대크결과 휴계 공간을 비롯해 수영 삼십 년 이상의 자장 나문과 분란을 이우고 있는 숙등을 가추고 있다
p00_u10,p00,ce_visible,이날 대통된 사쩜 오 키로민터 규모의 블에길은 택대결과 흉일 공간을 비롯해 수영 삼십 년 이상 사장 나문가 군란을 이우고 있는 습등을 가추고 있다
p00_u10,p00,ce_invisible,이날 계통된 사쩜 오 키로미터 규모의 둘래길은 대크결과 휴계 공간을 비롯해 수영 삼십 년 이상의 자장 나문과 분란을 이우고 있는 숙등을 가추고 있다
p00_u11,p00,taps,일본체육교원에서 출발해 성당을 따라 걷는 태극기에는 급판과 강이 어울려진 품강을 만끽할 수 있다
p00_u11,p00,ce,일본 태육병원에서 출반해 현강을 따라 받는 태극길에는 불판과 강이 오울러진 풍강을 만끽할 수 있다
p00_u11,p00,ce_s40,신본 태육병원에서 출반해 현강을 따라 받는 태극길에는 불판과 가이 오울러진 풍강을 만끽할 수 있다
p00_u11,p00,ce_s80,일본 태육병원에서 출반해 현강을 따라받는 태극길에는 불판과 가이 어울러진 풍강을 만끽할 수 있다
p00_u11,p00,ce_s160,일본 태육병원에서 출반해 현강을 따라받는 태극길에는 불판과 가이 어울러진 풍강을 만끽할 수 있다
p00_u11,p00,taps_s80,일본체육교원에서 출발해 성당을 따라 걷는 태극길에는 급판과 강이 어울려진 풍강을 만끽할 수 있다
p00_u11,p00,taps_s160,일본체육교원에서 출발해 성당을 따라 걷는 태극길에는 들판과 강이 어울려진 풍강을 만끽할 수 있다
p00_u11,p00,ce_visible,일본 태육병원에서 출반해 성강을 따라 받는 태극길에는 불판과 가이 오울러진 풍강을 만끽할 수 있다
p00_u11,p00,ce_invisible,일본체육교원에서 출발해 성당을 따라 걷는 태극기에는 들판과 강이 어울려진 품강을 만끽할 수 있다
p00_u12,p00,taps,이어 간남은 숲을 지나면 고기어 음빛 자태를 뿐내는 자장남은 곤란이 나타난다
p00_u12,p00,ce,이어 단나머 숲풀 빛나면 고디역 음핏 사태를 뿐내는 가장남무 곤란이 나타난다
p00_u12,p00,ce_s40,이어 단나무 숲을 빛나면 고기어 음핏 사태를 뿐내는 가장남무 불란이 나타난다
p00_u12,p00,ce_s80,이어 단나무 소을 지나면 고기역 음핏 사태를 뿐내는 가장남무 곤란이 나타난다
p00_u12,p00,ce_s160,이어 단나우 소을 빛나면 고기역 음픽 사태를 뿐내는 가장남무 곤란이 나타난다
p00_u12,p00,taps_s80,이어 간남은 숲을 지나면 고기어 음빛 자태를 뿐내는 자장남은 곤란이 나타난다
p00_u12,p00,taps_s160,이어 장남은 숲을 지나면 고기어 음빛 자태를 뿐내는 자장남은 곤란이 나타난다
p00_u12,p00,ce_visible,이어 단남머 숲을 빛나면 고디어 음핏 사태를 뿐내는 가장남무 곤란이 나타난다
p00_u12,p00,ce_invisible,이어 장남은 숲을 지나면 고기어 음빛 자태를 뿐내는 자장남은 곤란이 나타난다
p00_u13,p00,taps,원주시는 건강객들에게 새로운 홀거리를 대공하기 위해 성강 가장 나무습 돌레끼에 다양한 주제 쇼을 추가 조사하기로 했다
p00_u13,p00,ce,원주지는 관광 객들에게 새로운 골거리를 대공하기 위해 한강 가장 나무습 블렉글에 다양한 주제 스을 추가 조성하기로 했다
p00_u13,p00,ce_s40,원주사는 관광객들에게 새로운 골거리를 대공하기 위해 한강 가장 나무습 블렉글에 다양한 주제 스을 추가 조성하기로 했다
p00_u13,p00,ce_s80,원주지는 관광객들에게 새로운 볼거리를 제공하기 위해 한강 가장 나무습 블렉글에 다양한 주제 스을 추가 조성하기로 했다
p00_u13,p00,ce_s160,원주지는 관광객들에게 새로운 골거리를 제공하기 위해 한강 가장 나무습 블렉글에 다양한 주제 소을 추가 조성하기로 했다
p00_u13,p00,taps_s80,원주시는 관강객들에게 새로운 홀거리를 대공하기 위해 성강 가장 나습 돌레끼에 다양한 주제 스을 추가 조사하기로 했다
p00_u13,p00,taps_s160,원주시는 관강객들에게 새로운 홀거리를 대공하기 위해 성강 가장 나습 돌레끼에 다양한 주제 스을 추가 조성하기로 했다
p00_u13,p00,ce_visible,원주지는 관광 객들에게 새로운 골거리를 대공하기 위해 성강 가장 나무습 블렉글에 다양한 주제 스을 추가 조성하기로 했다
p00_u13,p00,ce_invisible,원주시는 건강객들에게 새로운 홀거리를 대공하기 위해 성강 가장 나무습 돌레끼에 다양한 주제 쇼을 추가 조사하기로 했다
p00_u14,p00,taps,원착문 원주시장은 피약산 둘랙길 소금산 그랜드베리등과 연기양 관광 크로그램을 운영하는 방안도 검토하고 있다고 말했다
p00_u14,p00,ce,원상국 원주수장은 피양산 분랙딜 로금산 그랜드베리 룬과 영기 관광 프로그램을 운영하는 방안도 검토하고 있다 부 말했다
p00_u14,p00,ce_s40,원상북 원주수장은 푸양산 블랙기 로금산 그랜드베리 등과 영기 관광 프로그램을 운영하는 방안도 검토하고 있다 부 말했다
p00_u14,p00,ce_s80,원상북 원주주장은 희양산 돌랙기 속금산 그랜드베리 룬과 영기 관광 프로그램을 운영하는 방안도 검토하고 있다 부 말했다
p00_u14,p00,ce_s160,원상국 원주실장은 희양산 돌랙기 속금산 그랜드베리 핑과 영기 관광 프로그램을 운영하는 방안도 검토하고 있다 부 말했다
p00_u14,p00,taps_s80,원창문 원주시장은 기약산 둘랙길 소금산 그랜드베리든과 여기양 관광 크로그램을 운영하는 방안도 검토하고 있다고 말했다
p00_u14,p00,taps_s160,원창문 원주시장은 취약산 돌랙길 소금산 그랜드베리등과 여기양 관광 프로그램을 운영하는 방안도 검토하고 있다고 말했다
p00_u14,p00,ce_visible,원상국 원주수장은 피양산 분랙딜 로금산 그랜드베리 룬과 영기 관광 프로그램을 운영하는 방안도 검토하고 있다 부 말했다
p00_u14,p00,ce_invisible,원착문 원주시장은 피약산 둘랙길 소금산 그랜드베리등과 연기양 관광 크로그램을 운영하는 방안도 검토하고 있다고 말했다
p00_u15,p00,taps,앞서 원주진은 지난해 오 월 백 삼십 구 쩜 미키로미터에 달하는 취약산 블레의 열 한 기코스 전 구간을 개통했다
p00_u15,p00,ce,앞서 원주진는 지난해 오 월 백 삼께 구 쩜 미킬로미터에 달하는 시약산 분렉길 열 한 개코스 전구간을 발통했다
p00_u15,p00,ce_s40,앞서 원주진는 지난해 오 월 백 삼백 구 쩜 미킬로미터에 달하는 시약산 분렉끼 열 한 개코스 전구간을 발통했다
p00_u15,p00,ce_s80,앞서 원주진는 지난해 오 월 백 삼께 구 쩜 미킬로미터에 달하는 티약산 분렉길 열 한 개코스 전구간을 발통했다
p00_u15,p00,ce_s160,앞서 원주진는 지난해 오 월 백 삼께 구 쩜 미킬로미터에 달하는 시약산 분레길 열 한 개코스 전구간을 발통했다
p00_u15,p00,taps_s80,앞서 원주진은 지난해 오 월 백 삼십 구 쩜 미키로미터에 달하는 취약산 블레의 열 한 개코스 전 구간을 개통했다
p00_u15,p00,taps_s160,앞서 원주진은 지난해 오 월 백 삼십 구 쩜 미 키로미터에 달하는 취약산 블레의 열 한 개코스 전 구간을 계통했다
p00_u15,p00,ce_visible,앞서 원주진는 지난해 오 월 백 삼께 구 쩜 미킬로미터에 달하는 시약산 분레길 열 한 개코스 전구간을 발통했다
p00_u15,p00,ce_invisible,앞서 원주진은 지난해 오 월 백 삼십 구 쩜 미키로미터에 달하는 취약산 블레의 열 한 기코스 전 구간을 개통했다
p00_u16,p00,taps,이는 동상노 책끼 인도 두일 얘릴 마약길 등 기전의 길을 연결하고 새로운 기을 내어 다름은 도부여행끼이다
p00_u16,p00,ce,이는 동상로 핵질 인도 욕일 얘질 마 등 의변에 글을 연결하고 새로운길을 내어 가능은 토부 여행깁이다
p00_u16,p00,ce_s40,그는 동산로 핵질 인도 극질 얘질 마 등 의변에 글을 연결하고 새로운이을 내어 가능은 도부 여행깁이다
p00_u16,p00,ce_s80,그는 동상로 핵질 인도 질 야질 마 등 의변에 글을 연결하고 새로운이을 내어 가능은 도부 여행깁이다
p00_u16,p00,ce_s160,그는 동상로 핵질 인도 극질 야질 마 등 입원에 글을 연결하고 새로운일을 내어 다니은 도부 여행깁이다
p00_u16,p00,taps_s80,이는 동상로 책릴 인도 두일 얘길 마약길 등 기전의 기을 연결하고 새로운 길을 내어 다름은 도부여행끼이다
p00_u16,p00,taps_s160,이는 동상로 책끼 인도 두일 얘길 마약길 등 기전의 기을 연결하고 새로운 기을 내어 다름은 도부여행끼이다
p00_u16,p00,ce_visible,이는 동상로 획핵질 인도 욕질 얘질 마 등 의변에 글을 연결하고 새로운기을 내어 가능은 토부 여행깁이다
p00_u16,p00,ce_invisible,이는 등상노 책끼 인도 두일 얘릴 마약길 등 기전의 길을 연결하고 새로운 기을 내어 다름은 도부여행끼이다
p00_u17,p00,taps,순창군 체유회가 주최하고 순천군 베르민터협회가 주반에 열린 대십 일 일 순천 고출장배 전국 베드민터대회가 상황리에막을 내렸다
p00_u17,p00,ce,현창군 새롭회가 주퇴하고 신천군 베드민탄여평가 불가능 열린 백 십 일 에 순상 고천장배 전국 베민턴대회과 현망능막을 내렸났다
p00_u17,p00,ce_s40,현창군 새롭크가 주퇴하고 순천군 베드민탄여평가 불가능 열린 백 십 일 에 순천 고천장배 전국 베즈민턴대회과 현망능망을 내렸다
p00_u17,p00,ce_s80,문창군 새륙크가 주퇴하고 순천군 베드민탄여평가 불가능 열린 백 십 일 일 순천 고출장배 전국 베즈민턴대회과 상망민망을 내렸다
p00_u17,p00,ce_s160,문창군 서력크가 주퇴하고 순천군 베드민탄여행가 불가능 열린 백 십 미 일 순천 고천장배 전국 베즈민턴대회과 평황능망을 내났다
p00_u17,p00,taps_s80,순창군 체유회가 주최하고 순천군 베르민터협회가 주반에 열린 백십 일 일 순천 고출장배 전국 베민턴대회가 상황위에막을 내렸다
p00_u17,p00,taps_s160,순창군 체유회가 주최하고 순천군 베르민터협회가 주반에 열린 백십 일 일 순천 고출장배 전국 베르민턴대회가 상황위에막을 내렸다
p00_u17,p00,ce_visible,순창군 새롭회가 주퇴하고 신천군 베드민탄여평가 불가능 열린 백 십 일 에 순상 고천장배 전국 베민턴대회과 성망능막을 내렸났다
p00_u17,p00,ce_invisible,순창군 체유회가 주최하고 순천군 베르민터협회가 주반에 열린 대십 일 일 순천 고출장배 전국 베드민터대회가 상황리에막을 내렸다
p00_u18,p00,taps,순천 국민체 육센터 등 세계 무장에서 전라북도와 순천군이 후원에 지난 육 일부터 이틀 동안 열림터에는 예상보자관은 일 천 여명이 참가해 응기를 실감해했다
p00_u18,p00,ce,순상 국민퇴육센터 등 해계무장에서 전라북도와 순상군이 후원해 지난 육 일부터 이을동안 열린대회는 예상보다 많은 일천 여명 찬가의 응비를 실강해했다
p00_u18,p00,ce_s40,순상 국민퇴육센터 등 해계무장에서 전남북도와 순상군이 후원을 지난 육 일부터 이동안 열린대에는 예상보다 많은 일천 여명 찬가의 응비를 실감해했다
p00_u18,p00,ce_s80,순상 국민퇴육센터 등 해계무장에서 전남북도와 순상군이 후원해 지난 육 일부터 입동안 열린대에는 예상보다 많은 일천 여명이 찬가의 응비를 실감해했다
p00_u18,p00,ce_s160,순창 국민퇴육센터 등 회계무장에서 전남북도와 순천군이 후원해 지난 육 일부터 입동안 열린대회는 예상보다 많은 일천 여명인 찬가의 응비를 실감해했다
p00_u18,p00,taps_s80,순천 국민체 육센터 등 세계 무장에서 전라북도와 순천군이 후원에 지난 육 일부터 이틀 동안 열린터에는 예상보자관은 일 천 여명이 참가해 응길를 실간해했다
p00_u18,p00,taps_s160,순천 국민체 육센터 등 세계 무장에서 전라북도와 순천군이 후원에 지난 육 일부터 이틀 동안 열린터에는 예상보자관은 일 천 여명이 참가해 응길를 실감해했다
p00_u18,p00,ce_visible,순상 국민퇴육센터 등 세계무장에서 전라북도와 순상군이 후원해 지난 육 일부터 이을동안 열린대회는 예상보다 많은 일천 여명 찬가의 응비를 실강해했다
p00_u18,p00,ce_invisible,순천 국민체 육센터 등 세계 무장에서 전라북도와 순천군이 후원에 지난 육 일부터 이틀 동안 열림터에는 예상보자관은 일 천 여명이 참가해 응기를 실감해했다
p00_u19,p00,taps,특히 참가 선수는 모두 동모인으로 열량별 상별 경기 방식에 따라 칠십위주로 나는 경계가 진행됐다
p00_u19,p00,ce,특히 참감 선수는 모두 동은인으로 열령별 삼별 경비방식에 따라 실십 제주로 나는 경고가 진행됐다
p00_u19,p00,ce_s40,특히 참감 선수는 모두 동은인으로 열락별 한별 경기방식에 따아 편십 제주로 나눠 경경가 진행됐다
p00_u19,p00,ce_s80,특히 참감 호수는 모두 동은인으로 열별 삼별 경기 방식에 따나 편십 제주로 나눠 경경가 진행됐다
p00_u19,p00,ce_s160,특히 참가 선수는 모두 동은인으로 열별 성별 경기 방식에 따라 편십 배주로 나눠 경경가 진행됐다
p00_u19,p00,taps_s80,특히 참가 선수는 모두 동모인으로 열락별 삼별 경기 방식에 따라 칠십 계주로 나눠 경계가 진행됐다
p00_u19,p00,taps_s160,특히 참가 선수는 모두 동모인으로 열량별 상별 경기 방식에 따라 칠십 제주로 나눠 경계가 진행됐다
p00_u19,p00,ce_visible,특히 참감 선수는 모두 동은인으로 열령별 삼별 경비방식에 따라 실십 제주로 나는 경고가 진행됐다
p00_u19,p00,ce_invisible,특히 참가 선수는 모두 동모인으로 열량별 상별 경기 방식에 따라 칠십계주로 나는 경계가 진행됐다
p00_u20,p00,taps,애초 국민체육센터와 장애인 체육권 등 두고민석 대외가 진행될 예정이었으나 일천 여명이 찬가를 희명하자 순천 제 일보 체육관까지 대간해 세계 부장에서 치뤄졌다
p00_u20,p00,ce,애초 국민태육센터와 당인 체유관 등 두분에서 대외가 진행된 예정이었으나 일천여명이 찬갈를 희망하자 순천 세 일부 새육권까지 대간해 세 일 고장에 서 뛰러졌다
p00_u20,p00,ce_s40,애표 국민체육센터와 당인 체육권 등 두분에서 대외가 진행된 예정이었으나 일산여명이 통갈를 희망하자 순천 제 일부 탈육권까지 대간해 세 계 고장에 서 필러졌다
p00_u20,p00,ce_s80,애초 국민체육센터와 당인 체육관 등 두분에서 대외가 진행된 예정이었으나 일산여명이 통갈를 희망하자 순천 제 일보 탈육권까지 대간해 택계 고장에서 뛰러졌다
p00_u20,p00,ce_s160,애초 국민체육센터와 당인 필육관 등 부분에서 대외가 진행된 예정이었으나 일천여명이 통과를 희명하자 순천 제 일보 일육권까지 대간해 택 계 고장에  출러졌다
p00_u20,p00,taps_s80,애초 국민체육센터와 장애인 체육권 등 두번진석 대외가 진행될 예정이었으나 일천 여명이 찬가를 희망하자 순천 제 일보 새육권까지 대반해 세계 부장에서 치뤄졌다
p00_u20,p00,taps_s160,애초 국민체육센터와 장애인 체육관 등 두고진석 대외가 진행될 예정이었으나 일천 여명이 찬가를 희망하자 순천 제 일보 체육권까지 대간해 세계 부장에서 치뤄졌다
p00_u20,p00,ce_visible,애초 국민태육센터와 당 체유관 등 두분에서 대외가 진행된 예정이었으나 일천여명이 찬갈를 희망하자 순천 세 일부 사육권까지 대간해 세 계 고장에 서 뛰러졌다
p00_u20,p00,ce_invisible,애초 국민체육센터와 장애인 체육권 등 두고민석 대외가 진행될 예정이었으나 일천 여명이 찬가를 희명하자 순천 제 일보 체육관까지 대간해 세계 부장에서 치뤄졌다
p00_u21,p00,taps,특히 코로나일고 개확산세로 저받든 엄주한 시이어서 군과 베즈민턴형페는 철자 시설 방역의 중점을 두고 경기를 기행했다
p00_u21,p00,ce,특히 코로나일고 백 확산 세로 접만든 엄주한 시이어서 군과 베르민터협에는 철자한 시설 방역의 민평을 두고 경계를 기행했다
p00_u21,p00,ce_s40,특히 코로나일고 대 확산 세로 접만든 엄주한 시이어서 군과 베리민터협에는 철자한 시설 방역의 민평을 두고 경계를 기행했다
p00_u21,p00,ce_s80,히 코리나일부 대 확산세로 접만든 엄주한 시이어서 부과 베리민터협에는 철자한 시설 방역의 둥병을 두고 경계를 기행했다
p00_u21,p00,ce_s160,특히 코루나일곱 백 확산세로 접받든 엄주한 시기어서 군과 베르민터협에는 철자한 시설 방역의 민병을 두고 경계를 기행했다
p00_u21,p00,taps_s80,특히 코로나일고 개확산세로 전받든 엄주한 시이어서 군과 베즈민턴형페는 철자한 시설 방역의 중점을 두고 경기를 기행했다
p00_u21,p00,taps_s160,특히 코로나일부 개확산세로 접받든 엄주한 시이어서 군과 배즈민턴협페는 철자한 시설 방역의 중점을 두고 경기를 기행했다
p00_u21,p00,ce_visible,특히 코로나일고 백 확산 세로 접받든 엄주한 시이어서 부과 베르민터협에는 철자한 시설 방역의 민점을 두고 경계를 기행했다
p00_u21,p00,ce_invisible,특히 코로나일고 개확산세로 저받든 엄주한 시이어서 군과 베즈민턴형페는 철자 시설 방역의 중점을 두고 경기를 기행했다
p00_u22,p00,taps,아울러 바을 책구와 꼼뚜한 시설소득으로 동인의 건강보는 물론 기영내 코로나 확산 단계 태산을 다했다는 게 주최측의 설명이다
p00_u22,p00,ce,아울러 바른 테쿠와 꼼뚜마 시산소득으로 동모인의 건강부는 물론 부영 내 코르나 확산 방계 훼선을 다 했다는 게 대체측의 설명이다
p00_u22,p00,ce_s40,아울러 바른택쿠와 꼼뚜마 희산소득으로 동모인의 건강부는 물론 부영 내 코로나 확산 방계 훼산을 다했다는 게 주체측의 설명이다
p00_u22,p00,ce_s80,아울러 바른택쿠와 홈뚜마 시산소득으로 동모인의 건강부는 물론 부영 내 코로나 확산 방제 최산을 다입하는 게 주체측의 설명이다
p00_u22,p00,ce_s160,아울러 바른 택구와 콘뚜마 시산소득으로 동호인의 건강부는 물론 부영 내 코르나 확산 방계 훼선을 다했다는 게 부체측의 설명이다
p00_u22,p00,taps_s80,아울러 바를 책구와 꼼뚜마이 시설소득으로 동호인의 건강부는 물론 기영 내 코로나 확산 방제 최산을 다했다는 게 대최측의 설명이다
p00_u22,p00,taps_s160,아울러 바열 책구와 꼼뚜마 시설소득으로 동호인의 건강부는 물론 지영내 코로나 확산 방제 최선을 다했다는 게 주최측의 설명이다
p00_u22,p00,ce_visible,아울러 바른 택쿠와 꼼뚜한 시산소득으로 동모인의 건강부는 물론 부영 내 코르나 확산 방계 훼선을 다 임다는 게 리체트의 설명이다
p00_u22,p00,ce_invisible,아울러 바을 책구와 꼼뚜한 시설소득으로 동인의 건강보는 물론 기영내 코로나 확산 단계 태산을 다했다는 게 대최측의 설명이다
p00_u23,p00,taps,한편 이번 대회는 코혼나 일구가 발생하기 견인 지난 이천 십 구 년을 마지막으로 그동안 열리지 못하다가 정부의 거리투이 해계 경책에 따라 삼 년 만에 다시 개체됐다
p00_u23,p00,ce,한편 이번 대회는 코로나 일고의 발생하게 변인 지난 이천십 구 년을 마지막으로 그동안 열리지 못하다가 정부의 거이득기 해계 경품에 떠라 한 년 만에 단시 개체됐다
p00_u23,p00,ce_s40,한편 이번 대회는 코로나 일고가 발생하기 변인 지난 이천십 구년을 마지막으로 그동안 열리지 못하다가 정부의 거이득기 해계 경품에 떠라 한 년 만에 다시 개체됐다
p00_u23,p00,ce_s80,한편 이번 대회는 코로나 일고가 발생하게 변인 지난 이 천십 구 년을 마지막으로 그동안 열리지 못하다가 정부의 거리득기 해대 경품에 따라 한 년 만에 당시 개체됐다
p00_u23,p00,ce_s160,한편 이번 대회는 코로나 일곱가 발생하기 변인 지난 이천십 구 년을 마지막으로 그동안 열리지 못하다가 정부의 거리득기 해계경품에 떠라 한 년 만에 다시 개체됐다
p00_u23,p00,taps_s80,한편 이번 대회는 코어나 일부가 발생하기 견린 지난 이천 십 구 년을 마지막으로 그동안 열리지 못하다가 정부의 거리투이 해계 경책에 따라 삼 년 만에 단다시 개체됐다
p00_u23,p00,taps_s160,한편 이번 대회는 코혼나 일구가 발생하기 견인 지난 이천 십 구 년을 마지막으로 그동안 열리지 못하다가 정부의 거리투이 해계 경책에 따라 삼 년 만에 당시 개체됐다
p00_u23,p00,ce_visible,한편 이번 대회는 코로나 일고의 발생하게 변인 지난 이천십 구 년을 마지막으로 그동안 열리지 못하다가 정부의 거이득기 해계 경품에 떠라 삼 년 만에 단시 개체됐다
p00_u23,p00,ce_invisible,한편 이번 대회는 코혼나 일구가 발생하기 견인 지난 이천 십 구 년을 마지막으로 그동안 열리지 못하다가 정부의 거리투이 해계 경책에 따라 삼 년 만에 다시 개체됐다
p00_u24,p00,taps,자신의 아내를 성폭행했다고 해 직장 동료를 신기로 틀러 살해한 혐의를 받은 사십 대 공무직 직원이 재판에 남겨졌다
p00_u24,p00,ce,자신의 아내를 성폭행했다고 예해 극정 동료를 흉기로 진러 사대한 혐의를 받은 사십 대 공무직 직원이 재판에 넘겨졌다
p00_u24,p00,ce_s40,박신의 아내를 성폭행했다고 예에 국병 동료를 흉기로 진러 사대한 혐의를 받은 사십 대 국모직 직원이 재판에 남겨졌다
p00_u24,p00,ce_s80,박신의 아내를 성폭행했다고 예에 국병 동여를 흉기로 틀러 사대한 혐의를 받은 사십 대 공무직 직원이 재판에 넘겨졌다
p00_u24,p00,ce_s160,자신의 아내를 성폭행했다고 오 국정 동료를 흉기로 진러 사해한 혐의를 받은 사십 대 국무직 직원이 재판에 넘겨졌다
p00_u24,p00,taps_s80,자신의 아내를 성폭행했다고 해 직장 동료를 신기로 진러 사해한 혐의를 받은 사십 대 공무직 직관이 재판에 남겨졌다
p00_u24,p00,taps_s160,자신의 아내를 성폭행했다고 해 직장 동료를 신기로 진러 살해한 혐의를 받은 사십 대 공모직 직원이 재판에 넘겨졌다
p00_u24,p00,ce_visible,자신의 아내를 성폭행했다고 예해 극정 동료를 흉기로 진러 사대한 혐의를 받은 사십 대 공무직 직원이 재판에 넘겨졌다
p00_u24,p00,ce_invisible,자신의 아내를 성폭행했다고 해 직장 동료를 신기로 틀러 살해한 혐의를 받은 사십 대 공무직 기원이 재판에 남겨졌다
p00_u25,p00,taps,이 일 법조용에 따르면 임천지검은 살인 및 도로 교통법상 음주전 혐의로 인천 홍진군적소송 공무원 직원 애이씨를 구속 기소했다
p00_u25,p00,ce,이 일 법조계에 따르면 천지검은 할인 및 도로 교통법상 음주전 혐의로 음천한 공신군청소속 공부한 직원애이스를 구속 기소했다
p00_u25,p00,ce_s40,이 일 법조계에 따르면 음천지검은 할인 및 도로교통법상 음주전 혐의로 음천한 공신군청소속 공부한 직원의 이스를 구속 기소했다
p00_u25,p00,ce_s80,이 일 법조계에 따르면 음터지검은 할인 및 도로교통법상 음주전 혐의로 음천한 공신군청소속 공부한 직원의이씨를 구속 기소했다
p00_u25,p00,ce_s160,이 일 법조계에 따르면 음터지검은 할인 및 도로교통법상 음주전 혐의로 음천한 공신군청소속 공무원 직원의이씨를 구속 기소했다
p00_u25,p00,taps_s80,이 일 법조에에 따르면 임천지검은 살인 및 도로 교통법상 음주전 혐의로 인천 공진군석소송 공무원 직원 애이씨를 구속 기소했다
p00_u25,p00,taps_s160,이 일 법조인에 따르면 임천지검은 살인 및 도로 교통법상 음주전 혐의로 임천 홍진군청소송 공무원 직원 레이씨를 구속 기소했다
p00_u25,p00,ce_visible,이 일 법조계에 따르면 천지검은 할인 및 도로 교통법상 음주전 혐의로 음천한 공신군청소속 공부한 직원애이스를 구속 기소했다
p00_u25,p00,ce_invisible,이 일 법조용에 따르면 임천지검은 살인 및 도로 교통법상 음주전 혐의로 인천 홍진군적소송 공무원 직원 애이씨를 구속 기소했다
p00_u26,p00,taps,해당 사건은 인천지법 형사 십 오 부의 배당됐으며 아직 첫 기은 경해이지 않았다
p00_u26,p00,ce,해당 사건은 음편지범 형사 실 오부의 배당 맥으며 만직 첫 부일은 경해이지 않았다
p00_u26,p00,ce_s40,해당 화건은 음편지법 형사 실 오부의 배당 맥으며 만이 커 부일은 경해이지 않았다
p00_u26,p00,ce_s80,해당 사건은 음편지범 형사 실 오부의 배당 맥으며 만이 커 부일은 경해이지 않았다
p00_u26,p00,ce_s160,해당 사건은 음천지범 형사 실 오 부의 배당 맥으며 만일 첫 그일은 병해이지 않았다
p00_u26,p00,taps_s80,해당 사건은 인천지법 형사 십 오 부에 배당됐으며 아직 첫 기은 경해이지 않았다
p00_u26,p00,taps_s160,해당 사건은 인천지법 형사 십 오 부의 배당됐으며 아직 첫 기의은 경해지지 않았다
p00_u26,p00,ce_visible,해당 사건은 음편지범 형사 실 오부의 배당 맥으며 만직 첫 부일은 경해이지 않았다
p00_u26,p00,ce_invisible,해당 사건은 인천지법 형사 십 오 부의 배당됐으며 아직 첫 기은 경해이지 않았다
p00_u27,p00,taps,앞서 에이치에 대한 구속 전 피의자심문을 진행한 김현덕 인천지범 영장 전담 부장판사는 피의자가 도막할 우려가 있다며 구속영장을 발부했다
p00_u27,p00,ce,앞서 에기에 대한 구속 전 피의자심문을 비행한 김현덕 응편질범 영장전담부장판사은 피의자가 도막한 우려가 있다며 구속영장을 발부했다
p00_u27,p00,ce_s40,앞서 에획에 대한 구속 전 피의자심문을 비행한 김현덕 응질범 영장전담부장판사은 피의자을 도막한 우려가 있다며 구속영장을 발부했다
p00_u27,p00,ce_s80,앞서 에획에 대한 구속 전 피의자심문을 비행한 김현덕 편질범 영장전담 부장판사은 피의자가 도막한 우려가 있다며 구속영장을 발부했다
p00_u27,p00,ce_s160,앞서 에에 대한 구속 전 피의자심문을 진행한 김현덕 응편범 영장전담부장판사은 피의자과 도막한 우려가 있다며 구속영장을 발부했다
p00_u27,p00,taps_s80,앞서 에이치에 대한 구속 전 피의자심문을 진행한 김현덕 인천지범 영장 전담 부장판사는 피의자가 도막할 우려가 있다며 구속영장을 발부했다
p00_u27,p00,taps_s160,앞서 에이치에 대한 구속 전 피의자심문을 진행한 김현덕 인천지범 영장 전담 부장판사는 피의자가 도막할 우려가 있다며 구속영장을 발부했다
p00_u27,p00,ce_visible,앞서 에기에 대한 구속 전 피의자심문을 진행한 김현덕 응터질범 영장전담부장판사은 피의자가 도막한 우려가 있다며 구속영장을 발부했다
p00_u27,p00,ce_invisible,앞서 에이치에 대한 구속 전 피의자심문을 진행한 김현덕 인천지범 영장 전담 부장판사는 피의자가 도막할 우려가 있다며 구속영장을 발부했다
p00_u28,p00,taps,에이씨는 영장 실질 심사에 출석하기 전 피해자에게 할 만 없느냐 는 키재진의 질문에 계성하다 두을때를 뒤웠다 고 작은 목소리로 잡했다
p00_u28,p00,ce,웨이피는 영장 실준 심사에 출석하기 편 피해자에게 할만 없느냐 낸 피데빈의 질문에 배송하다 분대를 뛰웠다 고 작은 목소리로 답했다
p00_u28,p00,ce_s40,웨이피는 영장 실진 심사에 출석하기 편 피해자에게 할만 없느냐 낸 피데빈의 질문에 배송하다 분류대를 뛰웠다 고 작은 목소리로 답했다
p00_u28,p00,ce_s80,에이피는 영장 실진 심사 출석하기편 피해자에게 할만 없느냐 낸 피데빈의 질문에 배송하다 분대를 뛰웠다 곧작은 목소리로 답했다
p00_u28,p00,ce_s160,웨이피는 영장 실진 심사에 출석하기 편 피해자에게 할만 없느냐 낸 피데빈의 질문에 배송하다 분을대를 피웠다 곧 작은 목소리로 답했다
p00_u28,p00,taps_s80,에이씨는 영장 실질 심사에 출석하기 전 피해자에게 할 만 없느냐 네 피재진의 질문에 계성하다 두글대를 키웠다 고 작은 목소리로 잡했다
p00_u28,p00,taps_s160,에이씨는 영장 실질 심사에 출석하기 전 피해자에게 할 만 없느냐 는 피재진의 질문에 조성하다 두글대를 뒤웠다 고 작은 목소리로 잡했다
p00_u28,p00,ce_visible,웨이씨는 영장 실준 심사에 출석하기 변 피해자에게 할만 넘느냐 낸 피드빈의 질문에 대송하다 분대를 뛰웠다 곧 작은 목소리로 답했다
p00_u28,p00,ce_invisible,에이씨는 영장 실질 심사에 출석하기 전 피해자에게 할 만 없느냐 는 키재진의 질문에 계성하다 두을때를 뒤웠다 고 작은 목소리로 잡했다
p00_u29,p00,taps,그는 지난달 십 이 일 영시 오 분께 한 도로에서 면 사문소 동료인 공모직 직원 리씨의 북부 부의를 흉기로 질러 사해한 혐의를 받고 있다
p00_u29,p00,ce,그는 지난달 십 이 일 영 오 분께 한 도로에서 연 사무소 동료인 공모직 직원 히피의 북부부의를 흉기로진러 사해한 혐의를 받고 있다
p00_u29,p00,ce_s40,그는 지난달 십 이 일 영 오 분께 한 도로에서 연 사무소 동료인 공모직 직원 빅피의 북부부의를 흉기로진러 사해한 혐의를 받고 있다
p00_u29,p00,ce_s80,그는 지난달 십 이 일 영 오 분께 한 도로에서 연 사무소 동료인 공모직 직원 빅피의 북부부위를 흉기로진러 사해한 혐의를 받고 있다
p00_u29,p00,ce_s160,그는 지난달 십 이 일 영시 오 분께 한 도로에서 는 사무소 동료인 공모직 의원 히피의 북부부를 흉기로진러 사해한 혐의를 받고 있다
p00_u29,p00,taps_s80,그는 지난달 십 이 일 영시 오 분께 한 도로에서 연 사문소 동료인 공모직 직원 비씨의 북부 부의를 흉기로 질러 사해한 혐의를 받고 있다
p00_u29,p00,taps_s160,그는 지난달 십 이 일 영식 오 분께 한 도로에서 연 사문소 동료인 공모직 직원 필씨의 북부 부위를 흉기로 질러 사해한 혐의를 받고 있다
p00_u29,p00,ce_visible,그는 지난달 십 이 일 영 오 분께 한 도로에서 연 사무소 동료인 공모직 직원 피피의 북부부의를 흉기로진러 사해한 혐의를 받고 있다
p00_u29,p00,ce_invisible,그는 지난달 십 이 일 영시 오 분께 한 도로에서 면 사문소 동료인 공모직 직원 리씨의 북부 부의를 흉기로 질러 사해한 혐의를 받고 있다
p00_u30,p00,taps,에이키는 범행 당일 오후 필씨를 포함해 개인들과 함께 고백집에서수을 마신 후 자기집에서 다같이 술자리를 또 가졌던 것으로 조사했다
p00_u30,p00,ce,웨이키는 범행 당일 오후 필시를 포함해 그인들과 함께 고민팀에서수을 마진 후 장기집에서 당아이 술자리를 또 가졌던 것으로 조사했다
p00_u30,p00,ce_s40,웨이키는 범행 당일 오후 필시를 포함해 그인들과 함께 고민팀에너 수을 마힌 후 장이집에서 당아이 술자리를 또 가졌던 것으로 조사했다
p00_u30,p00,ce_s80,웨이키는 범행 당일 오후 필시를 포함해 그인들과 함께 고민집에서수을 마신 후 장기집에서 당같이 술자리를 또 가졌던 것으로 조사했다
p00_u30,p00,ce_s160,웨이이는 범행 당일 오 필시를 포함해 그인들과 함께 고민집에서술을 마힌 후 장기임에서 다같이 술자리를 또 가졌던 것으로 조사했다
p00_u30,p00,taps_s80,에이키는 범행 당일 오후 필씨를 포함해 개인들과 함께 고미집에서 수을 마신 후 자기집에서 다같이 술자리를 또 가졌던 것으로 조사했다
p00_u30,p00,taps_s160,에이키는 범행 당일 오후 필씨를 포함해 개인들과 함께 고백집에서 수을 마신 후 자기집에서 다같이 술자리를 또 가졌던 것으로 조사했다
p00_u30,p00,ce_visible,웨이키는 범행 당일 오후 필시를 포함해 그인들과 함께 고민팀에서수을 마진 후 장기집에서 당아이 술자리를 또 가졌던 것으로 조사했다
p00_u30,p00,ce_invisible,에이키는 범행 당일 오후 필씨를 포함해 개인들과 함께 고백집에서수을 마신 후 자기집에서 다같이 술자리를 또 가졌던 것으로 조사했다
p00_u31,p00,taps,이후 이행이 모두 기가한 뒤 에이치는 잠긴방 안에서 오을 퍼은트 잠든 아내를 보고 솔팀해 필시가 장기 아내를 성폭행했다고 오해한 것으로 파악됐다
p00_u31,p00,ce,이후 유행후 모두 귀가 한 뒤 에이피는 감김방 안에서 오을 퍼센트 삼든 아내를 보고 솔에 필치가 자기 아내를 성폭행했다고 오해한 것으로 파악됐다
p00_u31,p00,ce_s40,이후 은행의 모두 귀가 한 뒤 에이피는 감긴방 안에서 오을 퍼센트 삼든 아내를 보고 솔금에 필리가 자기 아내를 성폭행했다고 오해한 것으로 파악됐다
p00_u31,p00,ce_s80,이후 유행미 모두 귀가한 뒤 에이티는 감긴방 안에서 오을 퍼센트 삼든 아내를 보고 솔금에 필가 자기 아내를 성폭행했다고 오해한 것으로 파악됐다
p00_u31,p00,ce_s160,의후 유행 모두 기가 한 뒤 에이티는 감림방 안에서 오을 퍼센트 삼든 아내를 보고 솔금해 필가 자기 아내를 성폭행했다고 오해한 것으로 파악됐다
p00_u31,p00,taps_s80,이후 이행이 모두 기가한 뒤 에이치는 잠긴방 안에서 오을 퍼은트 잠든 아내를 보고 솔팀해 필씨가 장기 아내를 성폭행했다고 오해한 것으로 파악됐다
p00_u31,p00,taps_s160,이후 이행이 모두 기가한 뒤 에이씨는 잠긴방 안에서 오을 퍼센트 잠든 아내를 보고 솔팀해 필시가 장기 아내를 성폭행했다고 오해한 것으로 파악됐다
p00_u31,p00,ce_visible,이후 유행후 모두 귀가한 뒤 에이피는 감김방 안에서 오을 퍼센트 삼든 아내를 보고 솔에 필치가 자기 아내를 성폭행했다고 오해한 것으로 파악됐다
p00_u31,p00,ce_invisible,이후 이행이 모두 기가한 뒤 에이치는 잠긴방 안에서 오을 퍼은트 잠든 아내를 보고 솔팀해 필시가 장기 아내를 성폭행했다고 오해한 것으로 파악됐다
p00_u32,p00,taps,경찰조사에서 에이씨는 평소 부자수를 많이 마셔서 수기의빛씨를 오했다고 진술했다
p00_u32,p00,ce,경찰 교사에서 에이씨는 평소 부다 수를 많이 마아서 솔님의빛이를 오회했다 볼 진술했다
p00_u32,p00,ce_s40,경찰조사에서 에이씨는 평소 부화수를 많이 마아서 솔님했빛시를 오회했다 볼 진술했다
p00_u32,p00,ce_s80,경찰 교사에서 에이씨는 평소 문화수를 많이 마아서 손님의피시를 오회했다 볼 진술했다
p00_u32,p00,ce_s160,경찰교사에서 에이씨는 평소 부다수를 많이 마아서 솔님의 피시를 오회했다 볼 진술했다
p00_u32,p00,taps_s80,경찰조사에서 에이씨는 평소 부자수를 많이 마셨서 수기의 피씨를 오했다고 진술했다
p00_u32,p00,taps_s160,경찰조사에서 에이씨는 평소 부자수를 많이 마셔서 솔기의필씨를 오했다고 진술했다
p00_u32,p00,ce_visible,경찰조사에서 에이씨는 평소 부다수를 많이 마아서 솔님의빛시를 오회했다 볼 진술했다
p00_u32,p00,ce_invisible,경찰조사에서 에이씨는 평소 부자수를 많이 마셔서 수기의피씨를 오했다고 진술했다
p00_u33,p00,taps,에이씨의 아에도 참고인 교사에서 꽃씨에게 성폭행을 당한 사실이 없다고 밝힌 것으로 전해졌다
p00_u33,p00,ce,에이키는 아에도 참고인 조사에서 빅 기에게 성폭행을 당한 사실이 없다고 밝힌 것으로 전해졌다
p00_u33,p00,ce_s40,웨이진이 아에도 참고인 조사에서 빅 기에의 성폭행을 당한 사실이 없다고 밝힌 것으로 전해졌다
p00_u33,p00,ce_s80,에이키는 아내도 참고인 조사에서 빅기에게 성폭행을 당한 사실이 없다고 밝힌 것으로 전해졌다
p00_u33,p00,ce_s160,에이키는 아내도 참고인 조사에서 빅계에게 성폭행을 당한 사실이 없다고 밝힌 것으로 전해졌다
p00_u33,p00,taps_s80,에이씨의 아에도 참고인 교사에서 꽃씨에게 성폭행을 당한 사실이 없다고 밝힌 것으로 전해졌다
p00_u33,p00,taps_s160,에이씨의 아에도 참고인 교사에서 이씨에게 성폭행을 당한 사실이 없다고 밝힌 것으로 전해졌다
p00_u33,p00,ce_visible,에이키는 아에도 참고인 조사에서 빅 기에게 성폭행을 당한 사실이 없다고 밝끈 것으로 전해졌다
p00_u33,p00,ce_invisible,에이씨의 아에도 참고인 교사에서 꽃씨에게 성폭행을 당한 사실이 없다고 밝힌 것으로 전해졌다
p00_u34,p00,taps,경북 일곱 군이 민간 이탄을 통해 운영중인 칠고 보 야외 물로리상이 눈길를 끌고 있다
p00_u34,p00,ce,경북 한국 고이 운간 미탁을 통해 운영중인 실고보야의 물로리 당의 눈길를 끌고 있다
p00_u34,p00,ce_s40,경북 한국 고이 운간 미탁을 통해 운영중인 한고보야의 물놀리 당이 눈길를 끌고 있다
p00_u34,p00,ce_s80,정북 한국 군이 운간 리탁을 통해 운영중인 실고보야의물놀리 당의 은길를 끌고 있다
p00_u34,p00,ce_s160,정북 일국 군이 운간 위탁을 통해 운영중인 실국보야말 물로리 당이 눈기를 끌고 있다
p00_u34,p00,taps_s80,경북 일국 군이 민간 이찬을 통해 운영중인 칠고 보 야외 물로리상이 눈길를 끌고 있다
p00_u34,p00,taps_s160,경북 일곱 군이 민간 이찬을 통해 운영중인 칠고 보 야외 물로리상이 눈길를 끌고 있다
p00_u34,p00,ce_visible,경북 한국 고이 운간 미탁을 통해 운영중인 실고보야의 물놀리 당의 눈길를 끌고 있다
p00_u34,p00,ce_invisible,경북 일곱 군이 민간 이탄을 통해 운영중인 칠고 보 야외 물로리상이 눈길를 끌고 있다
p00_u35,p00,taps,윤종진씨는 열 윤열 쌍 등에 관여와 올 여름에만 두 번째 칠곳 구 야외 물놀리양을 찾았다
p00_u35,p00,ce,윤공빈 후는 열 용열 쌍둥 관여와 올 여름에만 불반째 출고 부양며 물놀이양을 타났다
p00_u35,p00,ce_s40,윤공빈 후는 열 섯열 쌍둥 관여와 올 여름에만 불번째 출고부야며 물놀이양을 타났다
p00_u35,p00,ce_s80,윤종빈 후는 열 열 쌍둥 관여와 올 여름에만 불반째 출국부야며 물놀이양을 타았다
p00_u35,p00,ce_s160,윤병빈 후는 열 열 쌍둥 관여와 올 여름에만 불번째 출고 부야며 물놀이양을 타았다
p00_u35,p00,taps_s80,윤종김씨는 열 운열 쌍 등에 관여와 올 여름에만 두 번째 칠곳 부야외 물놀양을 찾았다
p00_u35,p00,taps_s160,임종진씨는 연결 결 쌍 둥에 관여와 올 여름에만 두 번째 칠곳 부야외 물놀양을 찾았다
p00_u35,p00,ce_visible,윤공빈 후는 별 용열 쌍둥 관여와 올 여름에만 불반째 출고 부양며 물놀이양을 타났다
p00_u35,p00,ce_invisible,윤종진씨는 열 윤열 쌍 등에 관여와 올 여름에만 두 번째 칠곳 구 야외 물놀리양을 찾았다
p00_u36,p00,taps,짜임 가족 기준 이 만원이면 수 영장은 물론 각종 물로리 부대 기사을 마은 것 이용할 수 있기 때문이다
p00_u36,p00,ce,하임가족 이은 이 만 원이면 수용량은 물론 악종 물도리 부대 기사을 마았것 미용할 수 있기 때문이다
p00_u36,p00,ce_s40,하임가족 이은 이 만원이면 수용장을 물론 각종 물로리 부대 기사들 마한과 미용할 수 있기 때문이다
p00_u36,p00,ce_s80,하임가족 이들은 이 만원이면 수용량을 물론 악종 물로리 부대 기사을 마았과 미용할 수 있기 때문이다
p00_u36,p00,ce_s160,하임가족 이은 이 만 원이면 수용량을 물론 학종 물도리 부대 기사을 마았것 미용할 수 있기 때문이다
p00_u36,p00,taps_s80,짜임 가족 기준 이 만원이면 수 영장은 물론 각종 물로리 부대 기사을 마음 것 이용할 수 있기 때문이다
p00_u36,p00,taps_s160,차임가족 기준 이 만원이면 수 영장은 물론 각종 물로리 부대 기사을 마았 것 이용할 수 있기 때문이다
p00_u36,p00,ce_visible,임가족 이은 이 만 원이면 수용장은 물론 악종 물도리 부대 기사을 마았것 미용할 수 있기 때문이다
p00_u36,p00,ce_invisible,짜임 가족 기준 이 만원이면 수 영장은 물론 각종 물로리 부대 기사을 마은 것 이용할 수 있기 때문이다
p00_u37,p00,taps,입장료 위에는 별도의 비용이 발생하지 않는 등 사설 물로이장보다 절연한 가격은 물론 다양한 부대 시설과 매년판매 음식물이 결렴하기 때문이다
p00_u37,p00,ce,입병료 이에는 벌도의 비용이 발생하지 않는 등 하사 물로이장보다 절연한 광격은 물론 다양한 부대 시설과 매년 판매 음생물이 겨렴하기 때문이다
p00_u37,p00,ce_s40,입착뇨 위에는 별도의 비용이 발명하지 않는 등 화사 물로이장보다 전해한 광격은 물론 다양한 부대 시설과 매년 판매 음식물이 결영하기 때문이다
p00_u37,p00,ce_s80,입착료 이에는 별도의 비용이 발생하지 않는 등 화사 물로이장보다 전해한 광격은 물론 다양한 부대이 시설과 내년 판매 음식물이 겨영하기 때문이다
p00_u37,p00,ce_s160,입착료 이에는 별도의 비용이 발생하지 않는 등 화사 물놀이장보다 전연한 광격은 물론 다양한 부대 시설과 내년 판매 음생물이 겨렴하기 때문이다
p00_u37,p00,taps_s80,입장료 이에는 별도의 비용이 발생하지 않는 등 사설 물로이장보다 저연한 가격은 물론 다양한 부대 시설과 내전 판매 음식물이 결렴하기 때문이다
p00_u37,p00,taps_s160,입장용 위에는 별도의 비용이 발생하지 않는 등 사설 물로이장보다 절연한 가격은 물론 다양한 부대 시설과 내전판매 음식물이 결렴하기 때문이다
p00_u37,p00,ce_visible,입착료 이에는 벌도의 비용이 발생하지 않는 등 하사 물로이장보다 절연한 광격은 물론 다양한 부대 시설과 매년 판매 음생물이 겨렴하기 때문이다
p00_u37,p00,ce_invisible,입장료 위에는 별도의 비용이 발생하지 않는 등 사설 물로이장보다 절연한 가격은 물론 다양한 부대 시설과 매년판매 음식물이 결렴하기 때문이다
p00_u38,p00,taps,몰놀리 장애는 대형프 다섯 개 중명프 두 개 어터 슬라이드 에어마운드 기차 오토바이 등이 마련돼 있다
p00_u38,p00,ce,물놀리 장에는 베형불 다섯 개 경명프 두개 버터 삼라이드 에어마운드 주차 오토바이 등이 마련돼 있다
p00_u38,p00,ce_s40,물놀리 장에는 대형불 다섯 개 경명프 두 개 버터 삼라이드 에어마운스 구차 오토바이 등이 마련돼 있다
p00_u38,p00,ce_s80,물놀리 장애는 대형프 다섯 개 종명프 두 개 워터 삼라이드 에어마운스 급차 오토바이 등이 마련돼 있다
p00_u38,p00,ce_s160,물놀리 장에는 베형불 다섯 등 종명볼 두 개 버터 삼라이드 에어마운드 기차 오토바이 등이 마련돼 있다
p00_u38,p00,taps_s80,몰놀리 장애는 대형프 다섯 개 중명프 두 개 어터슬라이드 에어마운드 기차 오토바이 등이 마련돼 있다
p00_u38,p00,taps_s160,몰놀리 장애는 대형프 다섯 개 중명프 두 개 어터 슬라이드 에어마운드 기차 오토바이 등이 마련돼 있다
p00_u38,p00,ce_visible,물놀리 장애는 대형불 다섯 개 경명프 두개 버터 삼라이드 에어마운드 구차 오토바이 등이 마련돼 있다
p00_u38,p00,ce_invisible,몰놀리 장애는 대형프 다섯 개 중명프 두 개 어터 슬라이드 에어마운드 기차 오토바이 등이 마련돼 있다
p00_u39,p00,taps,이용 편리를 위해 몸고텐트 차과 마 테이을 프크닉점 매점 프수전 사월실 달리실 화장실 등에 부대시선로 가춰져 있다
p00_u39,p00,ce,이영 편인를 위해 몸굴텐프 사과막 페입블 프크입돈 매점 프수존 하월즈 카이즈 화장실 등의 부대시산로 반춰져 있다
p00_u39,p00,ce_s40,이영 편인을 위해 몸구텐트 사과막 페이블 프크입돈 매점 프수론 하월실 차이실 화장실 등의 부대시선로 반춰져 있다
p00_u39,p00,ce_s80,이영 편인을 위해 몸굴텐트 사과막 페이블 프크입돈 매점 프수론 하월실 카이실 화장실 등의 부대시선도 반춰져 있다
p00_u39,p00,ce_s160,이영편인를 위해 몸굴텐트 사과막 페이블 프크입돈 매점 프도론 하와실 카이즈 화장실 등의 부대시선도 반춰져 있다
p00_u39,p00,taps_s80,이용 편리를 위해 몸구텐트 차강 마 테이블 크닉점 매점 프수쥔 사워실 차이실 화장 실 등에 부대시선로 가춰져 있다
p00_u39,p00,taps_s160,이용 편리를 위해 몸구텐트 차강 마 테이블 프크입점 매점 프수쥔 사워실 달이실 화장실 등에 부대시선로 가춰져 있다
p00_u39,p00,ce_visible,이영 편인를 위해 몸구텐트 사과막 페입블 프크입콘 매점 프수존 하월즈 카이실 화장실 등의 부대수산로 반춰져 있다
p00_u39,p00,ce_invisible,이용 편리를 위해 몸고텐트 차과 마 테이을 프크닉점 매점 프수전 사월실 달리실 화장실 등에 부대시선로 가춰져 있다
p00_u40,p00,taps,이용요금은 십 사 세 이상 많이천원 어린이 팔천 원이며 칠고 국민은 오십 퍼센트 할인된다
p00_u40,p00,ce,이용요금은 십 사 세 이상 만 이천원 어린이 팔천 원이며 칠고 국민은 오십 퍼센트 할인된다
p00_u40,p00,ce_s40,이용요금은 십 사 세 이상 만 이천 원 어린이 팔천 원이며 칠고 국민은 오십 퍼센트 할인된다
p00_u40,p00,ce_s80,이용요금은 십 사 세 이상 만 이천원 어린이 팔천 원이며 칠고 국민은 오십 퍼센트 할인된다
p00_u40,p00,ce_s160,이용요금은 십 사 세 이상 만 이천원 어린이 팔천 원이며 칠고 국민은 오십 퍼센트 할인된다
p00_u40,p00,taps_s80,이용요금은 십 사 세 이상 많이천원 어린이 팔천 원이며 칠고 국민은 오십 퍼센트 할인된다
p00_u40,p00,taps_s160,이용요금은 십 사 세 이상 만 이천 원 어린이 팔천 원이며 칠고 국민은 오십 퍼센트 할인된다
p00_u40,p00,ce_visible,이용요금은 십 사 세 이상 만 이천원 어린이 팔천 원이며 실고 국민은 오십 퍼센트 할인된다
p00_u40,p00,ce_invisible,이용요금은 십 사 세 이상 많이천원 어린이 팔천 원이며 칠고 국민은 오십 퍼센트 할인된다
p00_u41,p00,taps,다른지역 방문기도 오천원으로 오십 퍼센트 할인권 금매가 가능해 이란 오천 원이면 사인 가족이 이용할 수 있다
p00_u41,p00,ce,가는현역 방문기도 오천 원으로 오십 퍼센트 할인권 금매가 가응해 이가 오여 원리면 하인 가족이 이용할 수 있다
p00_u41,p00,ce_s40,가는현역 방문기도 오천 원으로 오십 퍼센트 할인권 금매가 가능해 이가 오여 원이면 하행 가족이 이용할 수 있다
p00_u41,p00,ce_s80,가른현역 방문기도 오천 원으로 오십 퍼센트 할인권 금매가 가능해 이만 오여 원이면 할행 가족이 이용할 수 있다
p00_u41,p00,ce_s160,단른현역 방문기도 오천 원으로 오십 퍼센트 할인권 금매가 반응해 이만 오여 원이면 하행 가족이 이용할 수 있다
p00_u41,p00,taps_s80,다른지역 방문기도 오천 원으로 오십 퍼센트 할인권 금매가 가능해 이만 오천 원이면 차인 가족이 이용할 수 있다
p00_u41,p00,taps_s160,다른지역 방문기도 오천 원으로 오십 퍼센트 할인권 금매가 가능해 이만 오천 원이면 사인 가족이 이용할 수 있다
p00_u41,p00,ce_visible,가는현역 방문기도 오천 원으로 오십 퍼센트 할인권 금매가 가응해 이가 오여 원리면 하인 가족이 이용할 수 있다
p00_u41,p00,ce_invisible,다른지역 방문기도 오천원으로 오십 퍼센트 할인권 금매가 가능해 이란 오천 원이면 사인 가족이 이용할 수 있다
p00_u42,p00,taps,광역동 체재로 행정 부역이 개편된 열 것으로 줄었던 경기 부찬지역 사전 특크소가 오늘 삼 월 대선을 앞두고 서른 여섯 것으로 원상북도된다
p00_u42,p00,ce,광역봉 켈재로 한경구역이 개편돼 열 국으로 줄러변 경기 부찬지역 사전 투표소가 오는 삼 월 대선을 앞두고 서른 여섯 곳으로 원상북부된다
p00_u42,p00,ce_s40,광역동 폐재로 한경구역이 개편돼 열 것으로 줄러병 경기 부찬지역 사전 투표소가 오는 삼 월 대상을 앞두고 서른 여섯 곳으로 원상북부된다
p00_u42,p00,ce_s80,광역동 켈재로 한경구역이 개편된 열 국으로 줄러병 경기 부찬지역 사전 특표소가 오는 삼 월 대상을 앞두고 서른 여섯 곳으로 원상북부된다
p00_u42,p00,ce_s160,광역동 켈재로 한정구역이 개편에 열 국으로 줄러변 경기 부찬지역 사전 특표소가 오는 삼 월 대선을 앞두고 서른 여섯 곳으로 원상북된다
p00_u42,p00,taps_s80,광역동 켈재로 행정 부역이 개편된 열 것으로 줄었던 경기 부찬지역 사전 특트소가 오는 삼 월 대선을 앞두고 서른 여섯 것으로 원상국구된다
p00_u42,p00,taps_s160,광역동 켈재로 행정 부역이 개편된 열 코으로 줄었던 경기 부찬지역 사전 특트소가 오는 삼 월 대선을 앞두고 서른 여섯 것으로 원상법부된다
p00_u42,p00,ce_visible,광역봉 켈재로 한경구역이 개편돼 열 국으로 줄러변 경기 부찬지역 사전 투표소가 오는 삼 월 대선을 앞두고 서른 여섯 곳으로 원상북부된다
p00_u42,p00,ce_invisible,광역동 체재로 행정 부역이 개편된 열 것으로 줄었던 경기 부찬지역 사전 특크소가 오늘 삼 월 대선을 앞두고 서른 여섯 것으로 원상북도된다
p00_u43,p00,taps,십 이 일 부찬시와 선거관리위원회에 따르면 지난 십 일 일 열린 국회 본회의에서 서영사 더불어민주당 의원이 대표 발리한 공직선거법 일부 개정 법률란이 과결됐다
p00_u43,p00,ce,십 이 일 부탄스와 한거관리위원회에 따르면 지난 십 일음 열린 국회 본회임에서 서영사 더불어민주당 의원이 폐표 발리한 공식선거법 의일부개정 법률단이 발견됐다
p00_u43,p00,ce_s40,십 이 일 부탄와 한거관리위원회에 따르면 지난 십 일 일 열린 국회 본회임에서 서영사 더불어민주당 의원이 폐표 발리한 공식 선거법 의부개정 법률란이 발견됐다
p00_u43,p00,ce_s80,십 이 일 부탄스와 한거관리위원회에 따르면 지난 십 일일 열린 국회 본회임에서 서영사 더불어민주당 의원이 대표 발리한 공식선거법 의부배정 법률안이 강견됐다
p00_u43,p00,ce_s160,십 이 일 부찬시와 한거관리위원회에 따르면 지난 십 일음 열린 국회 본회임에서 서영사더불어민주당 의원이 대표 발리한 공식선거법 의부개정 법률단이 발견됐다
p00_u43,p00,taps_s80,십 이 일 부찬시와 선거관리위원회에 따르면 지난 십 일 일 열린 국회 본회의에서 서영사 더불어민주당 의원이 대표 발리한 공직선거법 일부 개정 법률란이 가열됐다
p00_u43,p00,taps_s160,십 이 일 부찬시와 선거관리위원회에 따르면 지난 십 일 일 열린 국회 본회의에서 서영합 더불어민주당 의원이 대표 관리한 공직선거법 일부 개정 법률란이 강격됐다
p00_u43,p00,ce_visible,십 이 일 부탄스와 한거관리위원회에 따르면 지난 십 일음 열린 국회 본회임에서 서영사 더불어민주당 의원이 폐표 발리한 공식 선거법 의일부개정 법률단이 발견됐다
p00_u43,p00,ce_invisible,십 이 일 부찬시와 선거관리위원회에 따르면 지난 십 일 일 열린 국회 본회의에서 서영사 더불어민주당 의원이 대표 발리한 공직선거법 일부 개정 법률란이 과결됐다
p00_u44,p00,taps,이 법률안에는 행정고역 개편으로 특 면 통 수가 줄어든 경우 개편 직단의 술을 기준으로 사전 특별으를 설체하고 성거사무원을 선인하은 내용이 담겼다
p00_u44,p00,ce,이 법률안에는 항경모역 개편으로  면 동 수가 줄어든 경우 개편 직단의 술을 기균으로 하전 특판으을 설명하고 성과사무원을 산류하은 내용이 담겼다
p00_u44,p00,ce_s40,이 법률안에는 항경모역 개편으로  면 통 수가 줄어든 경우 개편 직판의 술을 기존으로 하전 특표으을 설명하고 선과사무원을 환류만은 내용이 담겼다
p00_u44,p00,ce_s80,의 법률안에는 항경모역 개편으로 급 면 동 수가 줄어든 경우 개편 입판에 술을 기균으로 하전 특표으을 설명하고 선과사무원을 환류만은 내용이 담겼다
p00_u44,p00,ce_s160,의법률안에는 항경모역 개편으로 급 면 동 수가 줄어든 경우 개편 직변의 술을 기균으로 하전 특표면을 설명하고 선과사무원을 환류하는 내용이 담겼다
p00_u44,p00,taps_s80,이 법률안에는 행정부역 개편으로 특 면 통 수가 줄어든 경우 개편 직자의 술을 기준으로 사전 특별서를 설치하고 성거사무원을 선인하은 내용이 담겼다
p00_u44,p00,taps_s160,이 법률안에는 행정고역 개편으로 뜻 면 통 수가 줄어든 경우 개편 직자의 수을 기준으로 사전 특표으를 설체하고 상거사무원을 선인하은 내용이 담겼다
p00_u44,p00,ce_visible,이 법률안에는 항경모역 개편으로  면 동 수가 줄어든 경우 개편 직단의 술을 기균으로 사전 특표으을 설명하고 성과사무원을 산류하는 내용이 담겼다
p00_u44,p00,ce_invisible,이 법률안에는 행정고역 개편으로 특 면 통 수가 줄어든 경우 개편 직단의 술을 기준으로 사전 특표으를 설체하고 성거사무원을 선인하은 내용이 담겼다
p00_u45,p00,taps,대정된 법안은 오는 십 오 일 공포와 동시의 시행돼 삼 월 구 일 열리는 개 이십 대 대통령 선거부터 적용될 예정이다
p00_u45,p00,ce,그냥된 법안은 오는 십 오 일 공포와 동시의 수령돼 삼 월 구 일 열리는 그 이십행 대통령 선거부터 여용될 예정이다
p00_u45,p00,ce_s40,그냥된 법안은 오는 십 오 일 공포와 동시의 수령돼 삼 월 구 일 열리는 그 이십회 대통령 선거부터 여용될 예정이다
p00_u45,p00,ce_s80,그영된 법안은 오는 십 오 일 공포와 동시의 수령돼 삼 월 구 일 열리는 그 이십대 대통령 선거부터 적영될 예정이다
p00_u45,p00,ce_s160,그영된 법안은 오는 십 오 일 공포와 동시의 수령돼 삼 월 구 일 열리는 최 이십행 대통령 선과부터 적용될 예정이다
p00_u45,p00,taps_s80,대정된 법안은 오는 십 오 일 공포와 동시의 시행돼 삼 월 구 일 열리는 개 이십대 대통령 선거부터 적용될 예정이다
p00_u45,p00,taps_s160,대정된 법안은 오는 십 오 일 공포와 동시의 시행돼 삼 월 구 일 열리는 개 이십 대 대통령 선거부터 적용될 예정이다
p00_u45,p00,ce_visible,그냥된 법안은 오는 십 오 일 공포와 동시의 수령돼 삼 월 구 일 열리는 그 이십행 대통령 선거부터 여영될 예정이다
p00_u45,p00,ce_invisible,대정된 법안은 오는 십 오 일 공포와 동시의 시행돼 삼 월 구 일 열리는 개 이십 대 대통령 선거부터 적용될 예정이다
p00_u46,p00,taps,앞서 부산시는 지난 이천 십 구 년 광역종 최계로 전환하면서 기존 서른 여섯 개 행정동이 열 것으로 대폭 크도됐다
p00_u46,p00,ce,아서 부차스는 지난 이천 십 구 년 광역동 실제로 전환하면서 기존 서른 여섯 개 행정동이 열 것으로 대폭 로 됐다
p00_u46,p00,ce_s40,앞서 부찬스는 지난 이천 십 구 년 광역동 실제로 전환하면서 기존 서른 여섯 개 행정동이 열 것으로 대폭 크로냈다
p00_u46,p00,ce_s80,앞서 부찬스는 지난 이천 십 구 년 광역동 실제로 전환하면서 기존 서른 여섯 개 행정본이 열 것으로 대폭 로냈다
p00_u46,p00,ce_s160,앞서 부찬스는 지난 이천 십 구 년 광역동 실제로 전환하면서 이존 서른 여섯 개 행정본이 열 것으로 대폭 크로 냈다
p00_u46,p00,taps_s80,앞서 부산시는 지난 이천 십 구 년 광역종 최계로 전환하면서 기존 서른 여섯 개 행정동이 열 것으로 대폭 극소됐다
p00_u46,p00,taps_s160,앞서 부산시는 지난 이천 십 구 년 광역종 실제로 전환하면서 기존 서른 여섯 개 행정 동이 열 것으로 대폭 크소됐다
p00_u46,p00,ce_visible,아서 부차스는 지난 이천 십 구 년 광역동 실제로 전환하면서 기존 서른 여섯 개 행정동이 열 것으로 대폭 로 됐다
p00_u46,p00,ce_invisible,앞서 부산시는 지난 이천 십 구 년 광역종 최계로 전환하면서 기존 서른 여섯 개 행정동이 열 것으로 대폭 크도됐다
p00_u47,p00,taps,이에 따라 사전 특별서수도 열개로 축소돼 지난 이천 이십 년 제 이십 일 대 청산 당시 주민들이 멀리 떨어진 출등속까지 차아가야 하는 비판을 겪꿨다
p00_u47,p00,ce,이에 따라 하전 특배서수속 열개로 쪽로대 지난 이천 이십 년 대 이세일대 총선 당시 주민들이 멀리 떨어진 특평호까지 파나가야 하는 불편을 겪꿨다
p00_u47,p00,ce_s40,이에 따라 하전 특럭소 수술 열개로 촉소대 지난 이천 이십 년 대 이세일대 총선 당시 주민들이 멀리 떨어진 특평호까지 차나가야 하는 불편을 겪꿨다
p00_u47,p00,ce_s80,이에 따라 하전 특배서수 열개로 촉소돼 지난 이천 이십 년 제 이세일대 총선 당시 주민들이 멀리 떨어진 표평호까지 차나가야 하는 불편을 겪꿨다
p00_u47,p00,ce_s160,이에 따라 하전 특배서수 열개로 쪽로대 지난 이천 이십 년 제 이세일대 총선 당시 주민들이 멀리 떨어진 폭평소까지 차나가야 하는 불편을 겪꿨다
p00_u47,p00,taps_s80,이에 따라 사전 특별서수도 열개로 촉소돼 지난 이천 이십 년 제 이십 일 대 청산 당시 주민들이 멀리 떨어진 출터석까지 차아가야 하는 비판을 겪꿨다
p00_u47,p00,taps_s160,이에 따라 사전 특별서수도 열개로 추소대 지난 이천 이십 년 제 이십 일대 청산 당시 주민들이 멀리 떨어진 출등석까지 차아가야 하는 비판을 겪꿨다
p00_u47,p00,ce_visible,이에 따라 하전 특배서수술 열개로 쪽로대 지난 이천 이십 년 대 이세일대 총선 당시 주민들이 멀리 떨어진 특평호까지 차나가야 하는 불편을 겪꿨다
p00_u47,p00,ce_invisible,이에 따라 사전 특별서수도 열개로 축소돼 지난 이천 이십 년 제 이십 일 대 청산 당시 주민들이 멀리 떨어진 출등속까지 차아가야 하는 비턴을 겪꿨다
p00_u48,p00,taps,이 영향으로 부천 지역 사전 스트은 경국 기초 지자체 가운데 두 번째로 나아고 삼성권 침해 논란이 인기도 했다
p00_u48,p00,ce,이 영향으로 부한지역 사전 투표율은 경국 대초 디자체 가운데 부번째로 나아고 삼성권 팀에 논란인 인기도 했다
p00_u48,p00,ce_s40,이 영향으로 부한지역 사전 투표율은 경국 기초 디자체 가운데 부번째로 나아고 삼성권 팀에 논란인 인기도 했다
p00_u48,p00,ce_s80,이 영향으로 부한지역 사전 투표율은 경국 입초 디자체 가운데 부번째로 나아고 삼성권 팀에 논란인 의기도 했다
p00_u48,p00,ce_s160,이 영향으로 부한지역 사전 투표율은 경국 입초 디자체 가운데 부번째로 나아고 삼성권 팀에 논란인 의기도 했다
p00_u48,p00,taps_s80,이 영향으로 부천 지역 사전 스트은 경국 기초 디자체 가운데 두 번째로 나아고 삼성권 침해 논란이 인기도 했다
p00_u48,p00,taps_s160,이 영향으로 부천 지역 사전 스트은 경국 기초 지자체 가운데 두 번째로 나아고 삼성권 침해 논란이 인기도 했다
p00_u48,p00,ce_visible,이 영향으로 부한지역 사전 투표율은 경국 대초 디자체 가운데 부번째로 나아고 삼성권 팀에 논란인 인기도 했다
p00_u48,p00,ce_invisible,이 영향으로 부천 지역 사전 스트은 경국 기초 지자체 가운데 두 번째로 나아고 삼성권 침해 논란이 인기도 했다
p00_u49,p00,taps,부한시 상관위는 대선 때 사전 수평소가 원하하이 운영된도록 잘 준비하겠다 고 밝혔다
p00_u49,p00,ce,부한 실성관위는 대선 때 한전 수표호가 원활하게 운영된도록 사 준비하겠다 고 밝혔다
p00_u49,p00,ce_s40,부한 실성관위는 대선  한전 수표호가 원활하게 운영된도록 사 준비하겠다 고 밝혔다
p00_u49,p00,ce_s80,부한 실성관위는 대선 한전 수표호가 원만하게 운영된도록 사 준비하겠다 고 밝혔다
p00_u49,p00,ce_s160,부한 실성관위는 대선 때 한전 수표호가 원만하게 운영된도록 사 준비하겠다 고 밝혔다
p00_u49,p00,taps_s80,부한시 상관위는 대선 때 사전 수편소가 원하하이 운영된도록 잘 준비하겠다 고 밝혔다
p00_u49,p00,taps_s160,부한시 상관위는 대선 때 사전 수편소가 원하하이 운영된도록 차 준비하겠다 고 밝혔다
p00_u49,p00,ce_visible,부한 실성관위는 대선 때 사전 수표로가 원활하게 운영된도록 사 준비하겠다 고 밝혔다
p00_u49,p00,ce_invisible,부한시 상관위는 대선 때 사전 수평소가 원하하이 운영된도록 잘 준비하겠다 고 밝혔다
p00_u50,p00,taps,영화해역 독격이 휘발이 팔 일 연속 박스 비스 최장상을 지키며 설 연휴 급장가를 사로잡았다
p00_u50,p00,ce,영화해역 독택위 휘발이 팔 일 연속 학스 페리스 최장상을 키며 설 연휴 급평가는 사무잡었다
p00_u50,p00,ce_s40,영화 해역 독생위 깃발이 팔 일 연속 박스페스 최장상을 지키며 설 연휴 급평가는 사무잡었다
p00_u50,p00,ce_s80,영화 해역 독생위 휘발이 팔 일 연속 박스페스 최정상을 지키며 설 연휴 급평가는 사무잡었다
p00_u50,p00,ce_s160,영화 해역 독격이 깃발이 팔 일 연 박스 필리스 최장상을 지키며 서 연휴 급평가는 사뭇잡었다
p00_u50,p00,taps_s80,영화해적 독격이 깃발리 팔 일 연속 박스 비스 최장상을 지키며 설 연휴 극장가를 사로잡았다
p00_u50,p00,taps_s160,영화해역 독객이 휘발리 팔 일 연소 박스 비스 최장상을 지키며 설 연휴 급장가를 사로잡았다
p00_u50,p00,ce_visible,영화해역 독택위 휘발이 팔 일 연속 학스 페리스 최장상을 키며 설 연휴 급평가는 사무잡었다
p00_u50,p00,ce_invisible,영화해역 독격이 휘발이 팔 일 연속 박스 비스 최장상을 지키며 설 연휴 극장가를 사로잡았다
p00_u51,p00,taps,삼 일 영아진능 의원의 영화가 입장권 통한전산망에 따르면 해적 도격이 휘발은 간날 하루 동안 십 삼 만 천 칠백 십 일 명을 동원해 무력관객수 팔십 팔 만 천 사백 구십 육 명을 기록했다
p00_u51,p00,ce,삼일 영아진능의원의 영화관 입장권 통한전상망에 따르면 해적 독격이 휘발은 간남 하루 동안 십 삼 만 천 칠백 십 일 명을 동원해 의력관객수 팔십 팔 만 천 삼백 구습 육명을 기록했다
p00_u51,p00,ce_s40,삼일 영아진능의원의 영화가 입장권 통한전상망에 따르면 해병 독격이 휘받은 간남 하루 동안 십 삼 만 천 칠백 십 일 명을 동원해 의력관객수 팔십 팔 만 천 삼백 구습 육명을 기록했다
p00_u51,p00,ce_s80,삼일 영아진능의원의 영화관 입장권 통한전산망에 따르면 해병 독격이 휘발은 간남 하루 동안 십 삼 만 천 칠백 십 일 명을 동원해 의력관객수 팔십 팔 만 천 삼백 구습 육명을 기록했다
p00_u51,p00,ce_s160,삼일 영아진능의원의 영화관 입장권 통한전상망에 따르면 해벽 독격이 휘발은 간남 하루 동안 십 삼 만 천 칠백 십 일 명을 동원해 의력관객수 팔십 팔 만 천 삼백 구습 육명을 기록했다
p00_u51,p00,taps_s80,삼 일 영아진능의원의 영화가 입장권 통합전산망에 따르면 해적 도격이 휘발은 전날 하루 동안 십 삼 만 천 칠백 십 일 명을 동원해 무역관객수 팔십 팔 만 천 사백 구십 육 명을 기록했다
p00_u51,p00,taps_s160,삼 일 영아진능의원의 영화가 입장권 통한점산망에 따르면 회적 도격이기발은 간날 하루 동안 십 삼 만 천 칠백 십 일 명을 동원해 무력관객수 팔십 팔 만 천 사백 구십 육 명을 기록했다
p00_u51,p00,ce_visible,삼일 영아진능의원의 영화가 입장권 통한전상망에 따르면 해적 독격이 휘발은 간남 하루 동안 십 삼 만 천 칠백 십 일 명을 동원해 의력관객수 팔십 팔 만 천 삼백 구습 육명을 기록했다
p00_u51,p00,ce_invisible,삼 일 영아진능 의원의 영화가 입장권 통한전산망에 따르면 해적 도격이 휘발은 전날 하루 동안 십 삼 만 천 칠백 십 일 명을 동원해 무력관객수 팔십 팔 만 천 사백 구십 육 명을 기록했다
p00_u52,p00,taps,해적 독끼이 휘발은 행적도 없이 사라진 왕실 부문의 주인이 되기 위해 바다로 모인 해적들에스패탁프한 모험을 그린 영화다
p00_u52,p00,ce,해적 독회이 기판은 한속도 없게 사라기 왕실 부물의 중인이 대기 위해 바화로 모인 해정들에 스패탁끈한 모험을 그린 영한다
p00_u52,p00,ce_s40,해적 독쿄이 기판은 한속도 없게 사라기 왕실 부물의 중립이 대기 위해 바다로 모인 해정들에 습패탁끈한 모험을 그린 영하다
p00_u52,p00,ce_s80,해역 독재이 기판은 한속도 없게 사라기 왕실 부문의 중립이 대기 위해 바다로 모인 해정들에 스패탁근한 모험을 그린 영하다
p00_u52,p00,ce_s160,해역 독쿄의 기판은 한속도 없게 사라기 왕실 부문의 중인이 대기 위해 바다로 모인 해력들에 스패탁그한 모험을 그린 정하다
p00_u52,p00,taps_s80,해적 독쿄이 휩발은 행적수 없이 사라진 왕실 부문의 주인이 되기 위해 바다로 모인 해적들에 스패터프한 모험을 그린 경화다
p00_u52,p00,taps_s160,해적 독게이 휩발은 행적수 없이 사라진 왕실 부문의 주인이 되기 위해 바다로 모인 해적들에 스패터프한 모험을 그린 영화다
p00_u52,p00,ce_visible,해적 독회이 기판은 한속도 없게 사라기 왕실 부물의 중인이 대기 위해 바화로 모인 해정들에 스패터끈한 모험을 그린 영한다
p00_u52,p00,ce_invisible,해적 독끼이 휘발은 행적도 없이 사라진 왕실 부문의 주인이 되기 위해 바다로 모인 해적들에스패탁프한 모험을 그린 영화다
p00_u53,p00,taps,작품은 동시이 재본작을 비롯해 장쟁한 국내의 모든 경쟁장을 압도적으로 듣치며 월래 개본작 중 최고 스코를 넘어섰다
p00_u53,p00,ce,작품은 동시민 대본장을 비롯해 경제한 국네 모든 경쟁장은 압도적으로 들키며 올해 배본격교 최고 스코을 넘아섰다
p00_u53,p00,ce_s40,작품은 동시이 대본장을 비롯해 경쟁한 국네 모든 경쟁장은 압도적으로 들키며 올해 배본격 등 최고 속코을 넘어섰다
p00_u53,p00,ce_s80,작품은 동시이 대본장을 비롯해 경경한 국네 모든 경쟁장을 압도적으로 들키며 올해 배본격 등 최고 스코를 넘아섰다
p00_u53,p00,ce_s160,각부은 동생이 대본장을 비롯해 경경한 국네의 모든 경쟁장을 압도적으로 들키며 올해 대본격 교 최고 스코를 넘어섰다
p00_u53,p00,taps_s80,작품은 동시이 자본작을 비롯해 장쟁한 국네의 모든 경쟁장을 압도적으로 듣치며 월래 개본작 중 최고 스크를 넘어섰다
p00_u53,p00,taps_s160,작품은 동시이 자본장을 비롯해 경쟁한 국내의 모든 경쟁장을 압도적으로 될치며 월래 개본작 중 최고 스를 넘어섰다
p00_u53,p00,ce_visible,작품은 동시민 대본장을 비롯해 경제한 국네 모든 경쟁장은 압도적으로 들키며 올해 배본격 교 최고 스코을 넘아섰다
p00_u53,p00,ce_invisible,작품은 동시이 재본작을 비롯해 장쟁한 국내의 모든 경쟁장을 압도적으로 듣치며 월래 개본작 중 최고 스코를 넘어섰다
p00_u54,p00,taps,이 위을 찾지한 킹메이커은 칠 만 육천 이백 팔십 팔 명을 분러모아 누력관객수 사십 팔 만 사천 사백 이십 구 명을 동원했다
p00_u54,p00,ce,이미르 차한 큰메이커은 일 만 육천 이백 팔십 팔 명을 분러모아 음력관객수 사십 팔 만 팔천 사백 위숙 구명을 동원했다
p00_u54,p00,ce_s40,이미르 짜지한 흉 메이커은 일 만 육천 이백 팔십 팔 명을 분러모아 음력관객수 팔십 팔 만 팔천 사백 이숙 구 명을 동원했다
p00_u54,p00,ce_s80,이미르 짜지한 큰메이커은 일 만 육천 이백 팔십 팔 명을 불러모아 음력관객수 사십 팔 만 팔천 사백 이숙 구 명을 동원했다
p00_u54,p00,ce_s160,이미르 짜지한 평메이커은 일 만 육천 이백 팔십 팔 명을 불러모아 음력관객수 사십 팔 만 팔천 사백 이숙 구 명을 동원했다
p00_u54,p00,taps_s80,이 위을 찾지한 킨메이커은 칠 만 육천 이백 팔십 팔 명을 분러모아 음력관객수 사십 팔 만 사천 사백 이십 구 명을 동원했다
p00_u54,p00,taps_s160,이 위을 찾지한 킹메이커은 칠 만 육천 이백 팔십 팔 명을 분러모아 음력관객수 사십 팔 만 사천 사백 이십 구 명을 동원했다
p00_u54,p00,ce_visible,이미르 차지한 큰 메이커은 일 만 육천 이백 팔십 팔 명을 분러모아 음력관객수 사십 팔 만 팔천 사백 위숙 구명을 동원했다
p00_u54,p00,ce_invisible,이 위을 찾지한 킹메이커은 칠 만 육천 이백 팔십 팔 명을 분러모아 누력관객수 사십 팔 만 사천 사백 이십 구 명을 동원했다
p00_u55,p00,taps,사위싱 수데넘은 윤림관객수 일 만 육백 이십 팔 명으로 노력관객수는 칠십 구 만 삼천 오백 사십 구 명으로 집계됐다
p00_u55,p00,ce,사위 투계넘은 은림관역 수 일 만 육백 이십 팔 명으로 유료관역수는 플직 구만 삼천 오백 사십 구 명으로 집계됐다
p00_u55,p00,ce_s40,사위 싱투계넘은 은림광역 수 일 만 육백 이십 팔 명으로 의료관역수는 칠십 구만 한천 오백 사십 구 명으로 집계됐다
p00_u55,p00,ce_s80,하위 싱투계너은 은광역수 일 만 육백 이십 팔 명으로 의료관역수는 필직 구만 한천 오백 사십 구 명으로 집계됐다
p00_u55,p00,ce_s160,사위 투계너은 은광역 수 일만 육백 이십 팔 명으로 의료관역수는 필직구만 한천 오백 사십 구 명으로 집계됐다
p00_u55,p00,taps_s80,사위싱 수데넘은 은림관객수 일 만 육백 이십 팔 명으로 누역관객수는 칠십 구 만 삼천 오백 사십 구 명으로 집계됐다
p00_u55,p00,taps_s160,사위싱 투데당은 은림관객수 일 만 육백 이십 팔 명으로 노력관객수는 칠십 구 만 삼천 오백 사십 구 명으로 집계됐다
p00_u55,p00,ce_visible,사위 싱투계넘은 은림관역 수 일 만 육백 이십 팔 명으로 유료관역수는 플직 구만 삼천 오백 사십 구 명으로 집계됐다
p00_u55,p00,ce_invisible,사위싱 수데넘은 윤림관객수 일 만 육백 이십 팔 명으로 노력관객수는 칠십 구 만 삼천 오백 사십 구 명으로 집계됐다
p00_u56,p00,taps,오위 국장판 안녕자리야 제주도의 김이된 인 광역수 일 만 이천 오백 오십 오 명 노력광객수 섯만 칠 천 삼백 이십 팔 명이다
p00_u56,p00,ce,오일 국정판 안녕바드야 베교도웨 미된 인 관격수 일 만 이천 오백 오십 오 명 노력 광객주 용만 칠 천 삼백 미십 팔 명이다
p00_u56,p00,ce_s40,오일 국정판 안녕바드야 베교도의 미된 인 관격수 일 만 이천 오백 오십 오 명 노력 광객수 용 만 칠 천 삼백 이십 팔 명이다
p00_u56,p00,ce_s80,오일 국정판 안녕바드야 베교도웨 미된 은관격수 일 만 이천 오백 오십 오 명 노효 관객 용만 칠 천 삼백 미십 팔 명이다
p00_u56,p00,ce_s160,오일 국정판 안녕바드야 베교도 웨이미된 은관격수 일 만 이천 오백 오십 오 명 노료 관객수 용만 칠 천 삼백 미십 팔 명이다
p00_u56,p00,taps_s80,오위 국장판 안녕자리야 제주도의 증이된 일 광역수 일 만 이천 오백 오십 오 명 노력광객수 섯 만 칠 천 삼백 이십 팔 명이다
p00_u56,p00,taps_s160,오위 국장판 안녕자리야 제주도의 증이된 일 광역수 일 만 이천 오백 오십 오 명 노력광객수 섯 만 칠 천 삼백 이십 팔 명이다
p00_u56,p00,ce_visible,오일 국정판 안녕바드야 베교도웨 미된 인 관격수 일 만 이천 오백 오십 오 명 노력 광객수 용만 칠 천 삼백 미십 팔 명이다
p00_u56,p00,ce_invisible,오위 국장판 안녕자리야 제주도의 김이된 인 광역수 일 만 이천 오백 오십 오 명 노력광객수 섯만 칠 천 삼백 이십 팔 명이다
p00_u57,p00,taps,경기 과찰씨는 이천 이십 이 년 꿀과 시민 있는 거리 조성사업을 통해 거리 곳곳에 꽃참기 가득한 삼성공간을 조성하고 있다고 십 구 일 밝혔다
p00_u57,p00,ce,경기 관찬씨는 이천 이십 이 년 폭부 실명 있는 거리 교성사업을 통해 거리 곳곳에 꽃창길 가득한 감성공간을 조성하고 있다고 십 구 일 밝혔다
p00_u57,p00,ce_s40,경기 관참시는 이천 이십 이 년 폭보 실명 있는 거리 교성사업을 통해 거리 곳곳에 꽃탄길 가득한 감성공간을 조성하고 있다고 일 구 일 밝혔다
p00_u57,p00,ce_s80,경기 관찬신는 이천 이십 이 년 폭부 실명 있는 거리 교성사업을 통해 거리 곳곳에 꽃창길 가득한 감성공간을 조성하고 있다고 십 구 일 밝혔다
p00_u57,p00,ce_s160,경기 관찬씨는 이천 이십 이 년 폭부 시명있는 거리 교성사업을 통해 거리 곳곳에 꽃창길 가득한 감성공간을 조성하고 있다고 십 구 일 밝혔다
p00_u57,p00,taps_s80,경기 과찰씨는 이천 이십 이 년 꿀가 시민 있는 거리 조성사업을 통해 거리 곳곳에 꽃참기 가득한 삼성공간을 조성하고 있다고 십 구 일 밝혔다
p00_u57,p00,taps_s160,경기 과찰시는 이천 이십 이 년 꿀가 시민 있는 거리 조성사업을 통해 거리 곳곳에 꽃참기 가득한 삼성공간을 조성하고 있다고 십 구 일 밝혔다
p00_u57,p00,ce_visible,경기 관찬씨는 이천 이십 이 년 폭보 실명 있는 거리 교성사업을 통해 거리 곳곳에 꽃창길 가득한 감성공간을 조성하고 있다고 십 구 일 밝혔다
p00_u57,p00,ce_invisible,경기 과찰씨는 이천 이십 이 년 꿀과 시민 있는 거리 조성사업을 통해 거리 곳곳에 꽃참기 가득한 삼성공간을 조성하고 있다고 십 구 일 밝혔다
p00_u58,p00,taps,박찰씨는 이 사업을 통해 가은 시민내간 여 정부 과장청사 버스 정리장 인근 치유 병원을 다양한 꽃과 서의 향기가 가득한 자연 취나자 감성 정원으로 새 장했다
p00_u58,p00,ce,박은씨는 이 사업을 통해 같은 시민네간 여 경부 같장청상버스 경리당 인근 피유 병원을 다양한 꽃과 서부 한기가 가득한 다양 피나저 감성병원으로 새당장했다
p00_u58,p00,ce_s40,박찬씨는 이 사업을 통해 같은 시민네관 여 경부 같찬청상 버스 경리당 인근 피유 병원을 다양한 꽃과 서부 형기가 가득한 다양 피나저 감성병원으로 새 당장했다
p00_u58,p00,ce_s80,박찰씨는 이 사업을 통해 같은 시민네간 여 경부 같장청상버스 경리장 인근 치유 병원을 다양한 꽃과 서부 한기가 가득한 다양 피나저 감성병원으로 새 반장했다
p00_u58,p00,ce_s160,박찰씨는 이 사업을 통해 같은 시민네간 여 경부 과전청상버스 경리당 인근 치유 병원을 다양한 꽃과 서부 향기가 반득한 다양 피나저 감성 병원으로 새당장했다
p00_u58,p00,taps_s80,박찰씨는 이 사업을 통해 가은 시민네간 여 정부 가찬청사 버스 정리장 인근 치유 병원을 다양한 꽃과 서부 향기가 가득한 자연 치나저 감성 정원으로 새 당장했다
p00_u58,p00,taps_s160,박찰씨는 이 사업을 통해 가은 시민네간 여 정부 가장청사 버스 정리장 인근 치유 병황을 다양한 꽃과 서부 형기가 가득한 자연 피나저 감성 정원으로 새 당장했다
p00_u58,p00,ce_visible,같은씨는 이 사업을 통해 같은 시민네간 여 경부 같장청상버스 경리당 인근 피유 병원을 다양한 꽃과 서부 한기가 가득한 다연 피나저 감성병원으로 새당장했다
p00_u58,p00,ce_invisible,박찰씨는 이 사업을 통해 가은 시민내간 여 정부 과장청사 버스 정리장 인근 치유 병원을 다양한 꽃과 서의 향기가 가득한 자연 취나자 감성 정원으로 새 장했다
p00_u59,p00,taps,치정원은 버스나 기아철를 이용하는 시민들이 대중교정 수산을 기다리는 동안 라벤더 등 열 여섯 여성의 서허부 향길를 들리고 터터전까지 부비된 장소이다
p00_u59,p00,ce,서병원은 버스나 계아차를 미용하는 시민들이 대중교통 수단을 기다리는 동안 라반널 등 열 여섯 여종의 서부 행계를 그두고 서터점까지 구배된 양소이다
p00_u59,p00,ce_s40,서병원은 버스나 게아철를 미용하는 시민들이 대중교통 수단을 기다리는 동안 라벤널 등 열 여섯 여종의 서부 항계를 그두고 버터점까지 공배된 향소이다
p00_u59,p00,ce_s80,서병원은 버스나 디아철를 이용하는 시민들이 대중교통 수단을 기다리는 동안 라반널 등 열 여섯 여종의 서부 한계를 그두고 버터점까지 구배된 향소다
p00_u59,p00,ce_s160,서병원은 버스나 디아철를 민용하는 시민들이 대중교통 수준을 기다리는 동안 라멘널 등 열 여섯 여종의 화부 항계를 끌두고 버터점까지 구배된 향소이다
p00_u59,p00,taps_s80,치 정원은 버스나 지아철를 이용하는 시민들이 대중교통 수산을 기다리는 동안 라벤더 등 열 여섯 여성의 서부 한길를 길리고 터터전까지 부비된 장소이다
p00_u59,p00,taps_s160,치정원은 버스나 기아철를 이용하는 시민들이 대중교통 수산을 기다리는 동안 라반벤더 등 열 여섯 여성의 서부 항길를 길리고 터터점까지 부이된 장소이다
p00_u59,p00,ce_visible,서병원은 버스나 디아철를 미용하는 시민들이 대중교통 수단을 기다리는 동안 라벤널 등 열 여섯 여종의 서부 행계를 그두고 서터점까지 구배된 양소이다
p00_u59,p00,ce_invisible,치정원은 버스나 기아철를 이용하는 시민들이 대중교정 수산을 기다리는 동안 라벤더 등 열 여섯 여성의 서허부 향길를 그리고 터터전까지 부비된 장소이다
p00_u60,p00,taps,시는 지난해부터 꽃가심해 있는 거리 조성 사업을 투진해 포나 일부을 지친 시민의 마음을 치유하고자 도시 곳곳에 감성공간을 조성해왔다
p00_u60,p00,ce,리는 비난해부터 꽃가 시해 있는 거리 교성 사업을 특기해 토론나 일구로 육키 시민의 마음을 필요하고자 도생 곳곳의 감성공간을 조성해왔다
p00_u60,p00,ce_s40,이는 비난해부터 꽃가 시해 있는 거리 조성 사업을 특인해 토론나 일주로 육키 시민의 마음을 필요하고자 도중 곳곳의 감성공간을 조성해왔다
p00_u60,p00,ce_s80,이는 비난해부터 꽃가 시미 있는 거리 조성 사업을 특인해 토론나 일부로 느은 시민의 마음을 필요하고자 도은 곳곳의 감성공간을 조성해왔다
p00_u60,p00,ce_s160,이는 비난해부터 똑가 시미 있는 거리 조성 사업을 풀인해 토론나 일주로 육키 시민의 마음을 필요하고자 도생 곳곳의 감성공간을 조성해왔다
p00_u60,p00,taps_s80,시는 지난해부터 꽃가심해 있는 거리 조성사업을 투진해 포스나 일부을 지친 시민의 마음을 치유하고자 도시 곳곳에 감성공간을 조성해왔다
p00_u60,p00,taps_s160,시는 지난해부터 꽃가 심해 있는 거리 조성사업을 투진해 포어나 일부을 지친 시민의 마음을 치유하고자 도시 곳곳에 감성공간을 조성해왔다
p00_u60,p00,ce_visible,리는 비난해부터 꽃가 시해 있는 거리 조성 사업을 특기해 토론나 일구로 육키 시민의 마음을 필요하고자 도생 곳곳의 감성공간을 조성해왔다
p00_u60,p00,ce_invisible,시는 지난해부터 꽃가심해 있는 거리 조성 사업을 투진해 포나 일부을 지친 시민의 마음을 치유하고자 도시 곳곳에 감성공간을 조성해왔다
p00_u61,p00,taps,지난해에는 대공안 나들끼래 개전마다 투화광복 하원 등을 설기해 시민들이 산잡과 휴식을 취할 수 있는 일린공간을 만들었다
p00_u61,p00,ce,지난행에는 백공원 나들의 대변마다 소화 광복하분 등을 설기해 시민들이 산택과 휴식을 취할 수 있는 했린공간을 만들었다
p00_u61,p00,ce_s40,지난행에는 백공원 나들끼의 발면마다 소화 광복하분 등을 설기해 시민들이 산택과 휴식을 취할 수 있는 했린공간을 만들었다
p00_u61,p00,ce_s80,지난행에는 백공원 나들끼의 대변마다 소화 광복하운 등을 설기해 시민들이 산탁과 휴식을 취할 수 있는 했든공간을 만들었다
p00_u61,p00,ce_s160,지난행에는 백공원 나들빛의 발전마다 소화 광복하분 등을 설기해 시민들이 산택과 휴식을 취할 수 있는 했는공간을 만들었다
p00_u61,p00,taps_s80,지난해에는 대공원 나들 끼 대전마다 투화광목하원 등을 설기에 시민들이 산잡과 휴식을 취할 수 있는 일린공간을 만들었다
p00_u61,p00,taps_s160,지난해에는 대공원 나들개 개절마다 투화광복 하원 등을 설기에 시민들이 산잡과 휴식을 취할 수 있는 일린공간을 만들었다
p00_u61,p00,ce_visible,지난행에는 백공원 나들끼의 개변마다 소화 광복하분 등을 설기해 시민들이 산택과 휴식을 취할 수 있는 했린공간을 만들었다
p00_u61,p00,ce_invisible,지난해에는 대공안 나들끼래 개전마다 투화광복 하원 등을 설기해 시민들이 산잡과 휴식을 취할 수 있는 일린공간을 만들었다
p00_u62,p00,taps,또 기난달 중소에는 지역가로병 및 지역화단의 높이나스의 이십 여성과 약 십 일 만원의 꽃을 축제하기도 했다
p00_u62,p00,ce,또 지난달 중군에는 역하호변 및 교역화단의 로이나스 의 이십여전과 약 십 일 만 보 꽃을 확대하기도 했다
p00_u62,p00,ce_s40,또 지난달 중군에는 역하로변 및 교역화단의 로이라스 의 이십여전과 약 십 일 만 보 꽃을 확대하기도 했다
p00_u62,p00,ce_s80,또 지난달 중군에는 교역자도변 및 교역 화단의 로이나스 의 이십여전과 약 십 일 만 보의 꽃을 흥대하기도 했다
p00_u62,p00,ce_s160,또 지난달 중군에는 역가호변 및 교역화단의 루이나스 의 이십여전과 약 십 일 만 모의 꽃을 확대하기도 했다
p00_u62,p00,taps_s80,또 지난달 중소에는 역가로병 및 지역화단의 높이나스의 이십 여전과 약 십 일 만원의 꽃을 축제하기도 했다
p00_u62,p00,taps_s160,또 지난달 중선에는 지역가로병 및 역화단의 높이다스의 이십 여성과 약 십 일 만원의 꽃을 축제하기도 했다
p00_u62,p00,ce_visible,또 지난달 중군에는 역하호변 및 교역화단의 로이라스 의 이십여전과 약 십 일 만 보 꽃을 확대하기도 했다
p00_u62,p00,ce_invisible,또 기난달 중소에는 지역가로병 및 지역화단의 높이나스의 이십 여성과 약 십 일 만원의 꽃을 축제하기도 했다
p00_u63,p00,taps,다양의 거피 용소를 주목받고 있는 남만강 어울른길 최근 전면 개통의 관광객의 발기을 끌고 있다
p00_u63,p00,ce,다양의 거계 용서로 조목받고 있는 남한간 어울 른기를 최근 전명 개통의 관광리의 발표을 끌고 있다
p00_u63,p00,ce_s40,다양의 거계 용서로 조목받고 있는 남한간 어울 른기를 최근 전명 개통의 관광림의 발표을 끌고 있다
p00_u63,p00,ce_s80,다양의 거피 용서로 조목받고 있는 남한간 어울 른기를 최근 전명 개통의 관광림의 발표을 끌고 있다
p00_u63,p00,ce_s160,다양의 거피 명서로 조목받고 있는 남한간 어울 른들의 최근 전명 개통의 관광용의 발표을 끌고 있다
p00_u63,p00,taps_s80,다양의 거피 용소를 주목받고 있는 남만강 어울른길를 최근 전면 개통의 관광객의 발기을 끌고 있다
p00_u63,p00,taps_s160,다양의 거피 용소로 주목받고 있는 남만강 어울른길를 최근 전면 개통의 관광객의 발기을 끌고 있다
p00_u63,p00,ce_visible,다양의 거계 용서로 조목받고 있는 남한간 어울 른길를 최근 전명 개통의 관광림의 발표을 끌고 있다
p00_u63,p00,ce_invisible,다양의 거기 용소를 주목받고 있는 남만강 어울른길 최근 전면 개통의 관광객의 발기을 끌고 있다
p00_u64,p00,taps,군에 따르면 남한간 어른 끼은 느린보호 강물길 네 코스 등 트변로와 다양 생태 체우공원을 있는 구간으로 이백 육십 오 미터 연결로와 사십 오미터 교량이 최근 개통됐다
p00_u64,p00,ce,군에 따르면 남한강 어 흔끼은 느림보호 강물끼 네포스 등 수변노와 다양 생태 태육공원을 있는 구간으로 이백 육백 몸터 연결로와 하시오비터 교량이 퇴은 개평됐다
p00_u64,p00,ce_s40,군에 따르면 남한강 어 른끼은 느린보호 강물끼 네코스 등 수변노와 다양 생태 태육공원에 있는 구간으로 이백 육백 오인터 연결로와 사십오미터 교량이 퇴근 개평됐다
p00_u64,p00,ce_s80,군에 따르면 남한강 어른끼은 느린보호 강물길 네코스 등 수변노와 다양 생태 태륙공원에 있는 구간으로 이백 육십 오인터 연결와 하수오미터 교량이 책은 개평됐다
p00_u64,p00,ce_s160,군에 따르면 남한강 머른끼은 느린보호 강물길 네스 등 표변노와 다양 생태 체륙공원에 있는 구간으로 이백 육십 오인터 연결로와 하수오미터 교량이 최은 개평됐다
p00_u64,p00,taps_s80,군에 따르면 남한간 어른 끼은 느린보호 강물길 네 코스소 등 트변로와 다양 생태 체우공원을 있는 구간으로 이백 육십 오 미터 연결로와 사십 오미터 교량이 최근 개통됐다
p00_u64,p00,taps_s160,군에 따르면 남한간 어른 끼은 느림보호 강물길 네 코소 등 트변로와 다양 생태 체우공원을 있는 구간으로 이백 육십 오 미터 연결로와 사십 오 미터 교량이 최근 개통됐다
p00_u64,p00,ce_visible,군에 따르면 남한강 어른 끼은 느림보호 강물길 네포스 등 트변노와 다양 생태 체육공원에 있는 구간으로 이백 육일 몸인터 연결로와 하수오비터 교량이 세근 개평됐다
p00_u64,p00,ce_invisible,군에 따르면 남한간 어울른 끼은 느린보호 강물길 네 코스 등 트변로와 다양 생태 체우공원을 있는 구간으로 이백 육십 오 미터 연결로와 사십 오미터 교량이 최근 개통됐다
p00_u65,p00,taps,이번에 개통된 영결로와 묘람은 느린보 강물 길 데코스 약 육 키로미터 후반을 모두 있는 마지막 영결꼴이다
p00_u65,p00,ce,이반에 계통된 연결로와 교당은 느린보 강물 리데포스 약 육 킬로미터 구간을 모두 있는 마지막 영결꼴이다
p00_u65,p00,ce_s40,일반에 개통된 연결로와 교담은 느린보 강물 데 포스 약 육 킬로미터 구간을 모두 있는 마지막 영결꼴이다
p00_u65,p00,ce_s80,이반에 개통된 연결로와 교당은 느린보 강물 끼데포스 약 육 킬로미터 구간을 모두 있는 마지막 영결꼴이다
p00_u65,p00,ce_s160,이반에 개통된 연결로와 교담은 느림보 강물 끼는데포스 약 육 로미터 구간을 모두 있는 마지막 영결꼴이다
p00_u65,p00,taps_s80,이번에 개통된 영결로과 교황은 느린보 강물 길 데코스 약 육 킬로미터 후반을 모두 있는 마지막 영결꼴이다
p00_u65,p00,taps_s160,이번에 개통된 영결로과 묘람은 느린보 강물 길 네코스 약 육 킬로미터 후반을 모두 있는 마지막 영결꼴이다
p00_u65,p00,ce_visible,이반에 계통된 연결로와 교당은 느린보 강물 끼는데포스 약 육 클로미터 구간을 모두 있는 마지막 영결꼴이다
p00_u65,p00,ce_invisible,이번에 개통된 영결로와 묘람은 느린보 강물 길 데코스 약 육 키로미터 후반을 모두 있는 마지막 영결꼴이다
p00_u66,p00,taps,억울른께는 경원과 광장 포터점 등 다양한 편의 시절이 확생될 예정이고 다양 생태 체우공원 등에 대형 주차장이 추가로 확보된다
p00_u66,p00,ce,머울은찌는 병원과 광장 포터점 등 다양한 편의시절이 확생될 예정이후 다양 생태 체우공원 등이 대형 부차향이 추가로 확보된다
p00_u66,p00,ce_s40,머울른끼는 병원과 광장 포터점 등 다양한 편인시절이 확생될 예정 이후 다양 생태 체우공원 등에 대형 부차향이 효가로 확보된다
p00_u66,p00,ce_s80,더울은찌는 병원와 광장 포터점 등 다양한 편의 시절이 확생될 예정 이후 다양 생태 체우공원 등에 대형 부차향이 효가로 확보된다
p00_u66,p00,ce_s160,더울른그는 병원와 광장 포토점 등 양한 편의시절이 확생될 예정이후 다양 생태 체우공원 등이 대형 부천향이 효가로 확보된다
p00_u66,p00,taps_s80,억울른끼는 경원과 광장 포트점 등 다양한 편의 시절이 확생될 예정이고 다양 생태 체우공원 등에 대형 주차장이 추가로 확보된다
p00_u66,p00,taps_s160,억울른찌는 병원과 광장 포터점 등 다양한 편의 시절이 확생될 예정이고 다양 생태 체우공원 등에 대형 주차장이 추가로 확보된다
p00_u66,p00,ce_visible,머울은찌는 병원과 광장 포터점 등 다양한 편의시절이 확생될 예정이후 다양 생태 체우공원 등이 대형 부차향이 추가로 확보된다
p00_u66,p00,ce_invisible,억울른께는 경원과 광장 포터점 등 다양한 편의 시절이 확생될 예정이고 다양 생태 체우공원 등에 대형 주차장이 추가로 확보된다
p00_u67,p00,taps,대다가 하약과 파퀴모트 등 자체로운 수상내포지를 즐길 수 있는 다양 현태 체육공원 계를장도 대장을 눈앞해 두고 있다
p00_u67,p00,ce,대다가 하야과 파트모트 등 박테로운 소상내포쓰를 줄길 수 있는 다양 생태 체륙공원 배류장도 대장은 눈앞에 두고 있다
p00_u67,p00,ce_s40,대다가 하야과 파트모트 등 박테로운 소상내포쓰를 줄길 수 있는 다향 생태 체륙공원 배류장도 대장은 눈앞에 두고 있다
p00_u67,p00,ce_s80,대다가 하야과 파트모트 등 사새로 소상내포쓰를 즐일 수 있는 다양 생태 체륙공원 배를장도 대장은 눈앞에 두고 있다
p00_u67,p00,ce_s160,대다가 하야과 파트모트 등 박새로운 수상내포트는 즐기 수 있는 다양 생태 체륙공원 배류장도 대장은 눈앞해 두고 있다
p00_u67,p00,taps_s80,대다가 하약과 파퀴모트 등 자체로운 수상내포지를 즐길 수 있는 다양 생태 체육공원 계를장도 대장을 눈앞해 두고 있다
p00_u67,p00,taps_s160,대다가 하약과 파트모트 등 자체로운 수상내포지를 즐길 수 있는 다양 현태 체육공원 계류장도 대장을 눈앞해 두고 있다
p00_u67,p00,ce_visible,대다가 하야과 파트모트 등 박새로운 소상내포쓰를 줄길 수 있는 다양 생태 체륙공원 배류장도 대장은 눈앞에 두고 있다
p00_u67,p00,ce_invisible,대다가 하약과 파퀴모트 등 자체로운 수상내포지를 즐길 수 있는 다양 현태 체육공원 계를장도 대장을 눈앞해 두고 있다
p00_u68,p00,taps,특히 이기은 느림부 강물길 일에서 오쿠스 가장 자리에 있어 도심 박면으로는 도심의 새연미와 함께 만 천나 스카이워크 익기 터널 등 유명 관광계를 둘러볼 수 있다
p00_u68,p00,ce,특히 이들은 느림봇 광물길 일에서 오코트 가장 자리에 있어 도생 박면으로는 도심의 새면미와 함께 만편나 스카이워크 리터널 등 유명 관광계를 둘러볼 수 있다
p00_u68,p00,ce_s40,특히 이들은 느림봇 광물길 일에서 오퍼스 가장 자리에 있어 독생 박면으로는 도심의 새면미어 함께 만편나 스카이워크 의리터널 등 유명 관광계를 둘러벌 수 있다
p00_u68,p00,ce_s80,특히 이들은 느림봇 광물길 일에서 오퍼스 가장 자리에 있어 독생 박면으로는 도심의 새면미와 함께 만 편나 스카이워크 기터널 등 유명 관광계를 둘러벌 수 있다
p00_u68,p00,ce_s160,특히 이들은 느림봇 광물길 일에서 오코스 가장 자리에 미어 도생방면으로는 도심의 새면미와 함께 만 편나 스카이워크 이 퍼널 등 유명 관광계를 둘러벌 수 있다
p00_u68,p00,taps_s80,특히 이 기은 느림프 광물길 일에서 오쿠스 가장 자리에 있어 도흰 박면으로는 도심의 새레미와 함께 만 천나 스카이워크 익기 터널 등 육명 관광계를 들러볼 수 있다
p00_u68,p00,taps_s160,특히 이 기은 느림부 광물길 일에서 오쿠스 가장 자리에 있어 도흰 박면으로는 도심의 새레미와 함께 만 천화 스카이워크 익기 터널 등 유명 관광계를 둘러볼 수 있다
p00_u68,p00,ce_visible,특히 이들은 느림봇 광물길 일에서 오코스 가장 자리에 있어 도생 박면으로는 도심의 새면미와 함께 만편나 스카이워크 깊터널 등 유명 관광계를 둘러볼 수 있다
p00_u68,p00,ce_invisible,특히 이기은 느림부 강물길 일에서 오쿠스 가장 자리에 있어 도심 박면으로는 도심의 새연미와 함께 만 천나 스카이워크 익기 터널 등 유명 관광계를 둘러볼 수 있다
p00_u69,p00,taps,조심매가 관면으로는 도다삼본과 성문 큼굴 등 역사 명승지를 만날 수 있다
p00_u69,p00,ce,교생매각 방면으로는 보담삼본과 성문 품굴 등 역사 명승지를 만날 수 있다
p00_u69,p00,ce_s40,교생매각 방면으로는 도당삼본과 성문 품굴 등 역사 명승지를 만날 수 있다
p00_u69,p00,ce_s80,교생매각 방면으로는 보당 삼본과 성문 금굴 등 역사 명승지를 만날 수 있다
p00_u69,p00,ce_s160,교생매가 관면으로는 도당 삼본과 성문 품굴 등 역사명승지를 만날 수 있다
p00_u69,p00,taps_s80,도시매각 관면으로는 도다삼본과 성문 큼굴 등 역사 명승지를 만날 수 있다
p00_u69,p00,taps_s160,도심매각 관면으로는 도남 삼본과 성문 큼굴 등 역사 명승지를 만날 수 있다
p00_u69,p00,ce_visible,교생매각 방면으로는 보담삼본과 성문 품골굴 등 역사 명승지를 만날 수 있다
p00_u69,p00,ce_invisible,조심매가 관면으로는 도다삼본과 성문 큼굴 등 역사 명승지를 만날 수 있다
p00_u70,p00,taps,전국의 이름날 당양간 간도화학원도 이어져 당양강 따라 건는 약 사 킬로미터는 이미 큰 인기를 끌며 전국의 트레킹 여호가들의 규목을 받고 있다
p00_u70,p00,ce,영국의 이른날 방양강 간도화학원도 이어져 방양간 따라 건는 약 사킬로미터는 은이큰 인기를 빼며 영국의 트리크 예혼가들의 조목을 받고 있다
p00_u70,p00,ce_s40,영국의 이른단 방양과 간도화학원도 이어져 방양과 따라 건는 약 사킬로미터는 은이큰 인기를 빼며 영국의 트리크 예우가들의 조목을 받고 있다
p00_u70,p00,ce_s80,영국의 이른날 방양과 간도화학원도 이어져 방양과 따라 건는 약 사킬로미터는 은이큰 인기를 끌며 영국의 트리크 예우가들의 교목을 받고 있다
p00_u70,p00,ce_s160,영국의 이름날 방양강 간도화학원도 이어져 방양강 따라 건는 약 사킬로미터는 은히 큰 인기를 빼며 영국의 트레크 예우가들의 조목을 받고 있다
p00_u70,p00,taps_s80,전국의 이름난 당양간 간도화학원도 이어져 당양강 따라 건는 약 사 킬로미터는 이미 큰 인기를 끌며 전국의 트레킹 여론가들의 주목을 받고 있다
p00_u70,p00,taps_s160,전국이 이름날 당양강 간도화하원도 이어져 당양강 따라 건는 약 사 킬로미터는 이미 큰 인기를 끌면 전국의 트레킹 여호가들의 주목을 받고 있다
p00_u70,p00,ce_visible,경국의 이른날 방양간 간도화학원도 이어져 방양간 따라 건는 약 사킬로미터는 은이 큰 인기를 빼며 영국의 트리크 예혼가들의 조목을 받고 있다
p00_u70,p00,ce_invisible,전국의 이름날 당양간 간도화학원도 이어져 당양강 따라 건는 약 사 킬로미터는 이미 큰 인기를 끌며 전국의 트레킹 여호가들의 규목을 받고 있다
p00_u71,p00,taps,교이시키는 사회사 로드이 웨손의 사명을 조이부 인터페인 만큼로 변경했다고 사 일 밝혔다
p00_u71,p00,ce,교이스티는 아외사 로드이 외촌의 사명을 교입볼 인터페인 만큼로 변경했다고 사 일 밝혔다
p00_u71,p00,ce_s40,교이시티는 사외사 로드이 외촌의 사명을 교입볼 인터페인 만큼로 강경했다고 사 일 밝혔다
p00_u71,p00,ce_s80,교이시티는 아외사 로드이 외톤의 사명을 교입볼 에터페인 만큼으로 강경했다고 사 일 밝혔다
p00_u71,p00,ce_s160,교의시티는 사외사 로드이 외픈의 사명을 교입볼 인터인 만큼으로 변경했다고 사 일 밝혔다
p00_u71,p00,taps_s80,교이시킨는 사회사 로드비 외손의 사명을 조합부 인터페인 만트로 변경했다고 사 일 밝혔다
p00_u71,p00,taps_s160,교이시킨키는 사회사 로드비 외손의 사명을 조합폴 인터페인 만큼로 변경했다고 사 일 밝혔다
p00_u71,p00,ce_visible,교스티는 사외사 로드이 외톤의 사명을 교입볼 인터페인 만큼로 변경했다고 사 일 밝혔다
p00_u71,p00,ce_invisible,교이시키는 사회사 로드이 웨손의 사명을 졸이부 인터페인 만큼로 변경했다고 사 일 밝혔다
p00_u72,p00,taps,새로운 산장이 좋이플 렌터이만트는 조의와 뒷플의 합성으로 독자들에게 딜거움을 안겨주는 콘텐츠를 개발하겠다는 뜻을 당았다
p00_u72,p00,ce,세로의 사명의 좋일 부랜터페인 만트는 교이라 티부의 합성으로 북자들에게 불거움을 안겨주는 콘텐티를 대만하겠다는 뜻을 당았다
p00_u72,p00,ce_s40,헤로 사명의 좋일 부랜터페인 만트는 고이와 티블레 합동으로 북자들에게 불거움을 안겨주는 콘텐티를 대만하겠다는 뜻을 당았다
p00_u72,p00,ce_s80,세로 사명이 좋을부 랜터페인 만트는 교이와 티블의 합동으로 독자들에게 불거움무 안겨주는 콘텐티를 계만하겠다는 뜻을 당았다
p00_u72,p00,ce_s160,세로 사명이 좋일 부랜터인 만트는 고기와 피부의 합동으로 북자들에게 불거움무 안겨주는 콘텐티를 대만하겠다는 뜻을 당았다
p00_u72,p00,taps_s80,새로운 산장이 조이플 렌터이 만큼는 조이와 뒷블의 합성으로 독자들에게 딜거움을 안겨주는 콘텐츠를 개발하겠다는 뜻을 당났다
p00_u72,p00,taps_s160,새로운 산명이 조이플 렌터이 만트는 조와 뒷플의 합성으로 독자들에게 딜거움을 안겨주는 콘텐츠를 개발하겠다는 뜻을 당났다
p00_u72,p00,ce_visible,세로의 사명의 좋일 부랜터팅인 만트는 교이라 티폰의 합성으로 북자들에게 불거움을 안겨주는 콘텐트를 대만하겠다는 뜻을 당았다
p00_u72,p00,ce_invisible,새로운 산장이 좋이플 렌터이만트는 조의와 뒷플의 합성으로 독자들에게 딜거움을 안겨주는 콘텐츠를 개발하겠다는 뜻을 당았다
p00_u73,p00,taps,조입부 에터태이 원트는 올해 사임영선목 대곡님의 애완 수행 등 다양한 작품을 선보였다
p00_u73,p00,ce,교육부 램터테이 먼트는 올해 사임영선무 대공의 애완 수행 등 다양한 품을 선부였다
p00_u73,p00,ce_s40,교육부 랜터테이 먼트는 올해 사임영선무 대국민의 예완 수행 등 다양한 작부을 선보였다
p00_u73,p00,ce_s80,교육부 랜인터테이 먼트는 올해 사임영선무 대국의 애완 수행 등 다양한 작부을 선보였다
p00_u73,p00,ce_s160,교육프랜터팅이 먼트는 올해 사임영선무 대국의 애완 수입 등 다양한 작품을 선보였다
p00_u73,p00,taps_s80,조입플 엔터태이 원트는 올해 사임영선목 대곡님의 애완 수행 등 다양한 작품을 선보였다
p00_u73,p00,taps_s160,조입플 엔터태이 원트는 올해 사행영선목 대국님의 애완 수행 등 다양한 작품을 선보였다
p00_u73,p00,ce_visible,교육부 램터테이 먼트는 올해 사임영선무 대공의 애완 수행 등 다양한 품을 선부였다
p00_u73,p00,ce_invisible,조입부 에터태이 원트는 올해 사행영선무 배곡님의 애완 수행 등 다양한 작품을 선보였다
p00_u74,p00,taps,일영 대본님의 에완송인는 지난 칠 월 연재계시 이후 카카오페이 실시간 냉순일 위를 기록한 바 있다
p00_u74,p00,ce,유영 배군의 애완송인은 지난 칠 월 연대 세 이후 카카오페이 실시한 냉순 일이를 기록한 바 있다
p00_u74,p00,ce_s40,유영 배군의 애완송인은 지난 칠 월 연대 세 이후 카카오페이 실순한 냉순 일일를 기록한 바 있다
p00_u74,p00,ce_s80,유영 배고의 애완송인은 지난 칠 월 연대계 시 이후 카카오페이 실순한 냉순일이를 기록한 바 있다
p00_u74,p00,ce_s160,미용 배고의 애완송인은 지난 칠 월 연세계 세 이후 카카오페이 실순한 냉순 일를를 기록한 바 있다
p00_u74,p00,taps_s80,일영 대본님의 에완순인은 지난 칠 월 연재개시 이후 카카오페이 실시한 냉순 일 위를 기록한 바 있다
p00_u74,p00,taps_s160,일본 대본의 에완순있는 지난 칠 월 연재시 이후 카카오페이 실시한 냉순일 일를 기록한 바 있다
p00_u74,p00,ce_visible,유영 배군의 애완송인은 지난 칠 월 연대 세 이후 카카오페이 실시한 냉순 일이를 기록한 바 있다
p00_u74,p00,ce_invisible,일영 대본님의 에완송에인있는 지난 칠 월 연재계시 이후 카카오페이 실시간 냉순일 위를 기록한 바 있다
p00_u75,p00,taps,또 중국웨등 플랫폰 카이화과 연재 계약을 살겨라며 글로벌 시장에 기출했다
p00_u75,p00,ce,또 중국이폰 플렛폰 화이칸과 연세 계약을 세라며 글로벌 시장에 공풀했다
p00_u75,p00,ce_s40,또 중국이은 플렛폰 화이칸과 연세 계약을 세라며 글로벌 시장에 공품했다
p00_u75,p00,ce_s80,또 중공이은 플랜폰 화이칸과 연세 계약을 세겨라며 글로벌 시장에 공풀했다
p00_u75,p00,ce_s160,또 중국이은 플랜폰 화이칸과 연재계약을 퇴겨나며 글로벌 시장에 공풀했다
p00_u75,p00,taps_s80,또 중국에등 플랫폰 카이카과 연재 계약을 살새겨라며 글로벌 시장에 기출했다
p00_u75,p00,taps_s160,또 중국웨에동 플래폰 카이화과 연재 계약을 살겨라며 글로벌 시장에 기출했다
p00_u75,p00,ce_visible,또 중국이폰 플렛폰 화이칸과 연세 계약을 세라며 글로벌 시장에 공풀했다
p00_u75,p00,ce_invisible,또 중국웨등 플랫폰 카이화과 연재 계약을 살겨라며 글로벌 시장에 기출했다
p00_u76,p00,taps,저이프랜터태인먼트는 한가지 장률를 비롯한 실여종인 노을 크맥스 및 머리 지나 외춘 타이트를 계작중이다
p00_u76,p00,ce,교육플랜터테인 먼트는 한타리 장들을 비롯한 히여 종에 노을 코맥류 및 우리이널 맺튼 타이트를 계각등이다
p00_u76,p00,ce_s40,교육플랜터테인 먼트는 판팔리 장들을 비롯한 히여 종해 노을 코맥두 및 우리이널 맺춘 타이트를 계각등이다
p00_u76,p00,ce_s80,교육플 랜터테인 먼트는 한타리장들을 비롯한 히여종해 노을 코맥스 및 우리이널 맺춘 타이트를 계각등이다
p00_u76,p00,ce_s160,교육플랜터테인 먼트는 판팔리장대을 비롯한 히을종해 노을 코맥스 및 우리이널 맺튼 타이트를 계작등이다
p00_u76,p00,taps_s80,조이프 랜터태인먼트는 한가지 장률를 비롯한 실 여종인 노을 코맥스 및 우리 지널 네둔 타이트를 계작중이다
p00_u76,p00,taps_s160,저이프 랜터태인먼트는 한가지 장률를 비롯한 실 여종해 노을 크맥스 및 우리 지나 외춘 타이트를 계작중이다
p00_u76,p00,ce_visible,교육플랜터테인 먼트는 한타리 장들을 비롯한 히여 종에 노을 코맥스 및 우리이널 맺튼 타이트를 계작등이다
p00_u76,p00,ce_invisible,저이프랜터태인먼트는 한가지 장률를 비롯한 실여종인 노을 크맥스 및 우리 지나 외춘 타이트를 계작중이다
p00_u77,p00,taps,대년에는 모회사 조시키에 게임 게식자산을 활용안 예푼도 선법의 계획이다
p00_u77,p00,ce,내년에는 모회사 좋의시피이 게임 게식 자산을 활용한 몇 푼도 선부 계획이다
p00_u77,p00,ce_s40,매년에는 모회사 좋일시피이 끊임 게십 자산을 활용안 몇 푼도 선불 계획이다
p00_u77,p00,ce_s80,매년에는 모회사 좋일시킨이 게임 게식자산을 활용안 몇푼도 선부 계획이다
p00_u77,p00,ce_s160,매년에는 모회사 좋일시폰이 게임 그식자산을 활용안 내푼도 선부 계획이다
p00_u77,p00,taps_s80,대냐에는 모회사 조시키에 게임 게식 자산을 활용안 예푼도 선법의 계획이다
p00_u77,p00,taps_s160,대냐에는 모회사 조시키에 게임 게식 자산을 활용안 느품도 선법의 계획이다
p00_u77,p00,ce_visible,내년에는 모회사 좋의시피이 게임 게식 자산을 활용한 몇 푼도 선불 계획이다
p00_u77,p00,ce_invisible,대년에는 모회사 조시키에 게임 게식자산을 활용안 예푼도 선법의 계획이다
p00_u78,p00,taps,김준현 조입부 렌터테이마트 대표는 외동 분야의 국한하지 않고 터리 컨텐트 보야 전반을 다르는 기업으로 성장해 나가 계획이라고 말했다
p00_u78,p00,ce,금교는 교육부 렌터테임마트 대표는 외품 분야의 국한하지 않고 서리 컨텐트 보야 전반을 다르는 기업으로 성당에 남갈 계획이라고 말했다
p00_u78,p00,ce_s40,금교열 교육부 렌터테임마트 대표는 외품 분야의 국한하지 않고 토리 컨텐트 곤야 전반을 다 는 기업으로 성당에 남갈 계획이라고 말했다
p00_u78,p00,ce_s80,금교열 교육부 렌터타임마트 대표는 외품 분야의 국한하지 않고 토리 컨텐츠 곤야 전반을 다 른는 기업으로 성당에 남갈 계획 이라고 말했다
p00_u78,p00,ce_s160,김교열 교육부 렌터테이마트 대표는 외품 분야의 국한하지 않고 서리 컨텐트 보야 전만을 다 르는 기업으로 성당해 남갈 계획이라고 말했다
p00_u78,p00,taps_s80,김준현 조입부 렌타테이마트 대표는 외동 분야이 국한하지 않고 터리 컨텐트 보야 전반을 다르는 기업으로 성장해 나가 계획이라고 말했다
p00_u78,p00,taps_s160,김준현 조입부 렌타타이마트 대표는 맥동 분야이 국한하지 않고 터리 컨텐트 보야 전반을 다르는 기업으로 성장해 나가 계획이라고 말했다
p00_u78,p00,ce_visible,김교는 교육부 렌터테임마트 대표는 외품 분야의 국한하지 않고 서리 컨텐트 보야 전반을 다르는 기업으로 성장에 남갈 계획이라고 말했다
p00_u78,p00,ce_invisible,김준현 조입부 렌터테이마트 대표는 외동 분야의 국한하지 않고 서리 컨텐트 보야 전반을 다르는 기업으로 성장해 나가 계획이라고 말했다
p00_u79,p00,taps,조현동 외여부 일자관과 신범철 국후 두차관이 십 사 일 로라대침논 미국 미사일 방화청 구청장을 만나 미사일 방화 협력을 논의했다
p00_u79,p00,ce,교현동 외여부 일자관과 신범사 국부 부착관이 십 사 일 로라 대팀문 미국 미사일 방화형 부청장을 만나 미사 일 방화 협력을 논의했다
p00_u79,p00,ce_s40,교현동 외여부 일차관과 신범사 국부 부착관이 십 사 일 로라 대켓문 미국 미사일 방화형 부청장을 만나 미사 일 방화 협력을 논의했다
p00_u79,p00,ce_s80,교현동 외여부 일차관과 신범사 국부 부사관이 십 사 일 로라 대켓문 미국 미사일 방우형 부청장을 만나 미사 일 방화 협력을 논의했다
p00_u79,p00,ce_s160,교현동 외여부 일차관과 신범사 국부 부착관이 십 사 일 노라 대켓문 미국 의사일 방우형 부청장을 만나 미사 일 방화 협력을 논의했다
p00_u79,p00,taps_s80,조현동 외여부 일자관과 신범철 국부 두차관이 십 사 일 로라대침논 미국 미사일 방화청 부착장을 만나 미사일 방화 협력을 논의했다
p00_u79,p00,taps_s160,김현동 외여부 일자관과 신범철 국부 주차관이 십 사 일 로라 대신논 미국 미사일 방화청 구청장을 만나 미사 일 방화 협력을 논의했다
p00_u79,p00,ce_visible,교현동 외여부 일차관과 신범사 국부 부착관이 십 사 일 로라 대켓몬 미국 미사일 방화형 부청장을 만나 미사 일 방화 협력을 논의했다
p00_u79,p00,ce_invisible,조현동 외여부 일자관과 신범철 국후 두차관이 십 사 일 로라대침논 미국 미사일 방화청 구청장을 만나 미사일 방화 협력을 논의했다
p00_u80,p00,taps,부차관은 이난 미국 엔비에이를 방문해 현재 연구개발 사장을 쏘해받았다
p00_u80,p00,ce,출사관은 문화미국 램비니이를 방문해 한재 연구개발 사황을 쏘일만았다
p00_u80,p00,ce_s40,조사관은 문화미국 램비이를 방문해 한재 연구개발 현황을 쏘일 만았다
p00_u80,p00,ce_s80,조사관은 문화미국 램비니이를 방문해 한재 연구개발 현황을 쏘일 만았다
p00_u80,p00,ce_s160,조사관은 문화일국 램비니이를 방문해 한재 연구개발 사황을 쏘일만았다
p00_u80,p00,taps_s80,두차관은 이난 미국 엔비이를 방문해 현재 연구개발 사장을 쏘해받았다
p00_u80,p00,taps_s160,투차관은 이난 미국 엔비이를 방문해 현재 연구개발 사장을 소개받았다
p00_u80,p00,ce_visible,출사관은 문화미국 램비니이를 방문해 한재 연구개발 사황을 쏘일만았다
p00_u80,p00,ce_invisible,부차관은 이난 미국 엔비에이를 방문해 현재 연구개발 사장을 쏘해받았다
p00_u81,p00,taps,아울러 실전 배칠된 운영중인 다양한 미국의 미사일 방아체계에 대해 설명을 듣고 대한민국에 대한 미국이 확장 업제 공약에 기여할 수 있는 방안을 논의했다
p00_u81,p00,ce,아울러 실전배표된 운영중인 다양한 미국의 미사일 방어책이에 대해 설명을 듣고 대한민국에 대한 미리 학장 업계 공약에 구할 수 있는 방안을 논의했다
p00_u81,p00,ce_s40,아울러 실전배출된 운영중인 다양한 미국의 미사일 방어책이에 대해 설명을 듣고 대한민국에 대한 외국의 확장 업제 공약에 구한 수 있는 방안을 논의했다
p00_u81,p00,ce_s80,아울러 실전 배표된 운영중인 다양한 미국의 미사일 방어책이에 베해 설명을 듣고 대한민국에 대한 미외국의 확 업제 공약에 고여할 수 있는 방안을 논의했다
p00_u81,p00,ce_s160,아울러 실전 발표된 운영중인 다양한 미국의 미사일 방어책이에 대해 설명을 듣고 대한민국에 대한 미국의 확 업계 공약에 구할 수 있는 방안을 논의했다
p00_u81,p00,taps_s80,아울러 실전 배칠된 운영중인 다양한 미국의 미사일 방아체계에 대해 설명을 듣고 대한민국에 대한 미국이 확장 업체 공약의 기여할 수 있는 방안을 논의했다
p00_u81,p00,taps_s160,아울러 실전 배칠된 운영중인 다양한 미국의 미사일 방아체이에 대해 설명을 듣고 대한민국에 대한 미국이 확장 업체 공약에 기여할 수 있는 방안을 논의했다
p00_u81,p00,ce_visible,아울러 실전배표된 운영중인 다양한 미국의 미사일 방어책이에 대해 설명을 듣고 대한민국에 대한 미리 학장 업제 공약에 구할 수 있는 방안을 논의했다
p00_u81,p00,ce_invisible,아울러 실전 배칠된 운영중인 다양한 미국의 미사일 방아체계에 대해 설명을 듣고 대한민국에 대한 미국이 확장 업제 공약에 기여할 수 있는 방안을 논의했다
p00_u82,p00,taps,부차간은 대신오 부청장을 적겨하고 엔비에이의 미사일 방원 능력과 태세를 확인했다
p00_u82,p00,ce,조참안는 백 유모 부천장을 격변하고 엔비레이의 미사일 방원 능력과 폐쇄를 확인했다
p00_u82,p00,ce_s40,조참안는 백 유모 부천장을 적변하고 엔비레이의 미사일 방원 능력과 해쇄를 확인했다
p00_u82,p00,ce_s80,조참하는 백유모 부청장을 적변하고 엔비일기해 미사일 방원 능력과 폐쇄를 확인했다
p00_u82,p00,ce_s160,조참하는 백 유모 부청장을 적변하고 엔비에 일의 미사일 방원 능력과 폐쇄를 확인했다
p00_u82,p00,taps_s80,부차간은 대신오 부청장을 적단하고 엔기에이의 미사일 방원 능력과 태세를 확인했다
p00_u82,p00,taps_s160,부차안은 대신오 부청장을 적단하고 엔기에이의 미사일 방원 능력과 태세를 확인했다
p00_u82,p00,ce_visible,조사하는 백 유모 부천장을 격단하고 엔비레의의 미사일 방원 음력과 폐쇄를 확인했다
p00_u82,p00,ce_invisible,부차간은 대신오 부청장을 적단하고 엔비에이의 미사일 방원 능력과 태세를 확인했다
p00_u83,p00,taps,교참관는 미국이 확장업체 공량에서 엔비 능력이 갖는 중요성을 언급하며 엔비에이 차원에서 저극 교원에 조과을 당부했다
p00_u83,p00,ce,교착관은 외국의 확정 업대 공약에서 엔비능력이 갖는 중요성을 언급하며 엔비 사원에서 적근 고원을 교것을 당부했다
p00_u83,p00,ce_s40,교착관은 외국의 확정 업대 공약에서 엔비능력이 받는 중요성을 언급하며 엔비 사원에서 근 고원의 조것을 당부했다
p00_u83,p00,ce_s80,교착관은 미국의 확정 업대 공약에서 엔비능력이 갖는 중요성을 언급하며 엔비 사원에서 저극 고원을 조것을 당부했다
p00_u83,p00,ce_s160,교차관은 미국의 확정 업계 공약에서 엔비능력이 갖는 중요성을 언급하며 엔비 차원에서 저극 고원을 조것을 당부했다
p00_u83,p00,taps_s80,교청관은 미국의 확장업체 공량에서 엔비능력이 갖는 중요성을 언급하며 엔비에이 차원에서 저극 교원에 조것을 당부했다
p00_u83,p00,taps_s160,교청관은 미국의 확장업체 공량에서 엔비 능력이 갖는 중요성을 언급하며 엔비에이 차원에서 저극 교원에 조과것을 당부했다
p00_u83,p00,ce_visible,교착관은 외국의 확정 업대 공약에서 엔비능력이 갖는 중요성을 언급하며 엔비 사원에서 적근 고원의 교과을 당부했다
p00_u83,p00,ce_invisible,교참관는 미국이 확장업체 공량에서 엔비 능력이 갖는 중요성을 언급하며 엔비에이 차원에서 저극 교원에 조과을 당부했다
p00_u84,p00,taps,팀사관은 보도화되고 있는 북한 핵 미사일 기업에 업계 대응하기 위해 김민한 한 미 협력이 필요하다고 주문했다
p00_u84,p00,ce,행정관은 보도화 되고 있는 북한 핵 미사일 위협에 억계 대응하기 위해 금민한 한 미협력이 필요한다고 규문했다
p00_u84,p00,ce_s40,팀사관은 보도와 되고 있는 북한 핵 미사일위협의 업계 대응하기 위해 금민한 한미협력이 필요하다고 규문했다
p00_u84,p00,ce_s80,림사관은 보도화되고 있는 북한 핵 미사일위협에 업제 대응하기 위해 금민한 한미협력이 필요하다고 규문했다
p00_u84,p00,ce_s160,팀사관은 보도화되고 있는 북한 핵 미사일 위협에 업계 대응하기 위해 금민한 한미 협력이 필요한다고 주문했다
p00_u84,p00,taps_s80,팀사관은 보도화되고 있는 북한 핵 미사일 기업에 업계 대응하기 위해 김민한 한 미 협력이 필요하다고 전문했다
p00_u84,p00,taps_s160,팀사관은 보도화되고 있는 북한 핵 미사일 기업에 어제 대응하기 위해 김민한 한 미 협력이 필요하다고 전문했다
p00_u84,p00,ce_visible,행정관은 보도화 되고 있는 북한 핵 미사일위협에 업계 대응하기 위해 금민한 한미협력이 필요한다고 규문했다
p00_u84,p00,ce_invisible,행사관은 보도화되고 있는 북한 핵 미사일 기업에 업계 대응하기 위해 김민한 한 미 협력이 필요하다고 주문했다
p00_u85,p00,taps,아울러 한 미 국방당국간의 진행 중인 다양한 미사일방을 협력이 동명의 능력과 트세를 한증 강화하는 기방이 될 것이라고 강조했다
p00_u85,p00,ce,아울러 한 미 국방당국간의 진행중인 다양한 미사일방을 협력이 동명의 능력과 폐계를 한편 강화하는 비방이 될 것이 나고 강조했다
p00_u85,p00,ce_s40,아울러 한미 국방당국간을 진행 중인 다양한 미사일방을 협력이 동명의 능력과 폐쇄를 한편 강화하는 기방이 될 것 나고 강조했다
p00_u85,p00,ce_s80,아울러 한미 국방당국간을 진행중인 다양한 미사일방어 협력이 동명의 능력과 폐쇄를 한편 강화하는 기반이 될 것게 나고 강조했다
p00_u85,p00,ce_s160,아울러 한 미 국방당국간의 진행 중인 다양한 미사일방어 협력이 동명의 능력과 폐쇄를 한뿐 강화하는 비방이 될 것이나고 강조했다
p00_u85,p00,taps_s80,아울러 한 미 국방당국간의 진행 중인 다양한 미사일방을 협력이 동명의 능력과 트세를 한증 강화하는 기방이 될 것이라고 강조했다
p00_u85,p00,taps_s160,아울러 한 미 국방당국간의 기행 중인 다양한 미사일방원 협력이 동명의 능력과 트세를 한증 강화하는 기방이 될 것이라고 강조했다
p00_u85,p00,ce_visible,아울러 한 미 국방당국간의 진행중인 다양한 미사일방을 협력이 동명의 능력과 폐계를 한편 강화하는 비방이 될 것이 나고 강조했다
p00_u85,p00,ce_invisible,아울러 한 미 국방당국간의 진행 중인 다양한 미사일방을 협력이 동명의 능력과 트세를 한증 강화하는 기방이 될 것이라고 강조했다
p00_u86,p00,taps,이에 대김본 부청장은 북한의 미사일 의협에 대비하여 다양한 엔기 능력과 확공 방어태세가 준비돼 있음을 강조했다
p00_u86,p00,ce,이에 대규본 부총장은 북한의 미사일 의협에 대비하여 다양한 엔비 능력과 황공한 방어 탄세가 비돼 있음을 강조했다
p00_u86,p00,ce_s40,이에 대규본 부총장은 북한의 미사일 의협에 대비하여 다양한 엔비 능력과 황공한 방아 탄세가 준비돼 있음을 강조했다
p00_u86,p00,ce_s80,이에 대규본 부총장은 북한의 미사일 의협에 대비하여 다양한 엔비 능력과 황공한 방아탄세가 준비돼 있음을 강조했다
p00_u86,p00,ce_s160,이에 대비문 북총장은 북한의 미사일 의협에 대비하여 다양한 엔비 능력과 황공한 방아 탄세가 준비돼 있음을 강조했다
p00_u86,p00,taps_s80,이에 대김본 부청장은 북한의 미사일 의협에 대비하여 다양한 엔비 능력과 확공한 방어탄세가 준비돼 있음을 강조했다
p00_u86,p00,taps_s160,이에 대김본 부청장은 북한의 미사일 의협에 대비하여 다양한 엔기 능력과 확공한 방어탄세가 준비돼 있심을 강조했다
p00_u86,p00,ce_visible,이에 대규본 부총장은 북한의 미사일 의협에 대비하여 다양한 엔비 능력과 황공한 방어 탄세가 준비돼 있음을 강조했다
p00_u86,p00,ce_invisible,이에 대김본 부청장은 북한의 미사일 의협에 대비하여 다양한 엔기 능력과 확공 방어태세가 준비돼 있음을 강조했다
p00_u87,p00,taps,이어서 정책 전략적 수준에서 한미간 미사일 방관 협력이 더욱 발전하기를 기대한다고 밝혔다
p00_u87,p00,ce,이어서 정책전략적 수준에서 한미간 미사일 방을 협력이 더욱 발전하기를 기대한다고 밝혔다
p00_u87,p00,ce_s40,이어서 정책전략적 수준에서 한미간 미사일 방을 협력이 더욱 발전하기를 기대한다고 밝혔다
p00_u87,p00,ce_s80,이어서 정책전략적 수준에서 한미간 미사일 방을 협력이 더욱 발전하기를 기대한다고 밝혔다
p00_u87,p00,ce_s160,이어서 정책전략적 수준에서 한미간 미사일 방을 협력이 더욱 발전하기를 기대한다고 밝혔다
p00_u87,p00,taps_s80,이어서 정책 전략적 수준에서 한미간 미사일 방을 협력이 더욱 발전하기를 기대한다고 밝혔다
p00_u87,p00,taps_s160,이어서 정책전략적 수준에서 한미간 미사일 방관 협력이 더욱 발전하기를 기대한다고 밝혔다
p00_u87,p00,ce_visible,이어서 정책전략적 수준에서 한미간 미사일 방을 협력이 더욱 발전하기를 기대한다고 밝혔다
p00_u87,p00,ce_invisible,이어서 정책 전략적 수준에서 한미간 미사일 방관 협력이 더욱 발전하기를 기대한다고 밝혔다
p00_u88,p00,taps,오텔의 감금한 남성에게 폭행을 가한 뒤 신체를 차량한 십 대 남녀가 경찰에 붙잡혔다
p00_u88,p00,ce,롯텔의 강금한 남성에 의 폭행을 가한 뒤 침체를 사용한 일대 남녀가 경찰에 붙잡혔다
p00_u88,p00,ce_s40,롯텔의 강금한 남성에 의 폭행을 갈한 뒤 침세를 사용한 일대 남녀가 경찰에 붙잡혔다
p00_u88,p00,ce_s80,롯텔를 강금한 남성에 의 폭행을 갈한 뒤 침새를 사용한 일대 남녀가 경찰에 붙잡혔다
p00_u88,p00,ce_s160,롯텔의 강금한 남성에 의 폭행을 갈한 뒤 침새를 사용한 십데 남녀가 경찰에 붙잡혔다
p00_u88,p00,taps_s80,오텔의 감금한 남성에게 폭행을 가한 뒤 신체를 차량한 십 대 남녀가 경찰에 붙잡혔다
p00_u88,p00,taps_s160,오텔의 감금한 남성에게 폭행을 가한 뒤 신체를 차량한 십 대 남녀가 경찰에 붙잡혔다
p00_u88,p00,ce_visible,롯텔의 강금한 남성에 의 폭행을 가한 뒤 신체를 사용한 십대 남녀가 경찰에 붙잡혔다
p00_u88,p00,ce_invisible,오텔의 감금한 남성에게 폭행을 가한 뒤 신체를 차량한 십 대 남녀가 경찰에 붙잡혔다
p00_u89,p00,taps,십 사 일 인천 및 최경찰서는 특수상와 감금 혐의로 에이본 등 고등학생 두명과 동학생 비양을 경급 체포에 조사하고 있다고 밝혔다
p00_u89,p00,ce,십 사 일 인천 및 교 경찰서는 특수상회와 감금 혐의로 에이군 등 보등학생 규명과 동학성 피양을 공급 체포에 조사하고 있다고 밝혔다
p00_u89,p00,ce_s40,십 사 일 인천 및 교경찰사는 특수상회와 감금 혐의로 여이군 등 보등학생 규명과 동학성 비양을 공급 체포에 조사하고 있다고 밝혔다
p00_u89,p00,ce_s80,십 사 일 인천 및 교경찰서는 특수상회와 감금 혐의로 에이군 등 보등학생 두명과 동학성 피양을 공급 체포에 조사하고 있다고 밝혔다
p00_u89,p00,ce_s160,십사 일 인천 및 교경찰서는 특수상회와 감금 혐의로 대이군 등 보등학생 규명과 등학성 비양을 공급 체포에 교사하고 있다고 밝혔다
p00_u89,p00,taps_s80,십 사 일 인천 및 수경찰서는 특수상와 감금 혐의로 에이군 등 고등학생 두명과 동학생 비양을 중급 체포에 조사하고 있다고 밝혔다
p00_u89,p00,taps_s160,십 사 일 인천 및 수경찰서는 특수상와 감금 혐의로 에이군 등 고등학생 두명과 동학생 비양을 중급 체포에 조사하고 있다고 밝혔다
p00_u89,p00,ce_visible,십 사 일 인천 및 교 경찰서는 특수상회와 감금 혐의로 에이군 등 보등학생 규명과 동학성 피양을 공급 체포에 조사하고 있다고 밝혔다
p00_u89,p00,ce_invisible,십 사 일 인천 및 최경찰서는 특수상와 감금 혐의로 에이본 등 고등학생 두명과 동학생 비양을 경급 체포에 조사하고 있다고 밝혔다
p00_u90,p00,taps,애군 등은 단나로전 네식중 인천십 미총그 한 모텔에서 시군의 몸을 탐배블로 기지고 김경과 구육 주각 등으로 때리는 등 통행한 혐의를 받는다
p00_u90,p00,ce,결은 등은 안나오전 네식 중 인천시 미 월구 한 모텔에서 일군의 몸을 판매로 지우국 빈경과 구육 주거 등으로 때리는 등 포행한 혐의를 받는다
p00_u90,p00,ce_s40,결은 등은 아날 오전 네식 중 인천시 미 월구 한 모텔에서 일군의 몸을 판매벌로 우국 경과 구육 주거 등으로 때리는 등 포행한 혐의를 받는다
p00_u90,p00,ce_s80,결은 등은 아나오전 네식 중 인천시 미 표월구 한 모텔에서 일군의 몸을 반매불로 교우국 빈경과 부육 주거 등으로 때리는 등 포행한 혐의를 받는다
p00_u90,p00,ce_s160,얼론 등은 아나오전 네식 중 인천십 미 교월구 한 모텔에서 일군의 몸을 판매불로 교미국 빈경과 고육 교각 등으로 때리는 등 포행한 혐의를 받는다
p00_u90,p00,taps_s80,애군 등은 단나로전 네식중 인천십 미총그 한 모텔에서 시군의 몸을 탐배블로 지지고 김경과 구축 주각 등으로 때리는 등 통행한 혐의를 받는다
p00_u90,p00,taps_s160,애군 등은 단나로전 네식중 인천십 미총그 한 모텔에서 시군의 몸을 담배불로 기지고 김경과 구육 주각 등으로 때리는 등 통행한 혐의를 받는다
p00_u90,p00,ce_visible,결은 등은 안나오전 네식 중 인천시 미 월구 한 모텔에서 일군의 몸을 판매로 지우국 빈경과 구육 주거 등으로 때리는 등 포행한 혐의를 받는다
p00_u90,p00,ce_invisible,애군 등은 단나로전 네식중 인천십 미총그 한 모텔에서 시군의 몸을 탐배블로 기지고 김경과 구축 주각 등으로 때리는 등 통행한 혐의를 받는다
p00_u91,p00,taps,이들은 시간의 옷을 모두 먹여 알몸 상태로 사진까지 차랑한 것으로 조사했다
p00_u91,p00,ce,이들은 피군의 우을 모두 여 알범 상태도 사진가를 사랑한 것으로 조사했다
p00_u91,p00,ce_s40,이들은 일군의 우을 모두 여 알범 상태도 사진까를 사랑한 것으로 조사했다
p00_u91,p00,ce_s80,이들은 일군의 우을 모두 여 알범 상태도 사진까를 사랑한 것으로 조사했다
p00_u91,p00,ce_s160,이들은 일근의 우을 모두 밖여 알범 상태도 사진가를 사랑한 것으로 조사했다
p00_u91,p00,taps_s80,이들은 시간의 옷을 모두 먹여 알몸 상태로 살진까지 차영한 것으로 조사했다
p00_u91,p00,taps_s160,이들은 시간의 오을 모두 먹여 알몸 상태로 사진까지 차장한 것으로 조사했다
p00_u91,p00,ce_visible,이들은 피군의 우을 모두 여 알범 상태도 사진가를 사랑한 것으로 조사했다
p00_u91,p00,ce_invisible,이들은 시간의 옷을 모두 먹여 알몸 상태로 사진까지 차랑한 것으로 조사했다
p00_u92,p00,taps,지근의 신고를 받고 추격에 나선 경찰은 당일 오후 에이군 등 세 명을 차리로 붙잡았다
p00_u92,p00,ce,일군의 신고를 받고 추격에 나선경찰은 아일오 군 등 해 명을 차례로 붙잡았다
p00_u92,p00,ce_s40,일군의 신고를 받고 추격에 나선경찰은 강일오 여군 등 세 명을 차례로 붙잡았다
p00_u92,p00,ce_s80,일군의 신고를 받고 추격에 야선경찰은 당일 오 군 등 세 명을 차례로 붙잡했다
p00_u92,p00,ce_s160,일군의 신고를 받고 투격을 야선 경사는 당일오 의군 등 세 명을 차으로 붙잡았다
p00_u92,p00,taps_s80,지근의 신고를 받고 추격에 나선 경찰은 당일 오후 에이군 등 세 명을 차리로 붙잡았다
p00_u92,p00,taps_s160,지근의 신고를 받고 추격에 나선 경찰은 당일 오후 에이군 등 세 명을 차리로 붙잡았다
p00_u92,p00,ce_visible,일근의 신고를 받고 추격을 나선경찰은 아일오 군 등 세 명을 차례로 붙잡았다
p00_u92,p00,ce_invisible,시근의 신고를 받고 추격에 나선 경찰은 당일 오후 에이군 등 세 명을 차리로 붙잡았다
p00_u93,p00,taps,지원은 에이군 등의 범행으로 얼굴에 골절상을 입는 등 크의 다차 병원에서 치료를 받고 있는 것으로 전해졌다
p00_u93,p00,ce,일분은 예이군 등을 범행으로 얼굴에 골절상을 입는 등 크게 나차 병원에서 치료를 받고 있는 것으로 전해졌다
p00_u93,p00,ce_s40,일분은 예이곤 등의 범행으로 얼굴에 골절상을 입는 등 크게 나차 병원에서 치료를 받고 있는 것으로 전해졌다
p00_u93,p00,ce_s80,육분은 예이곤 등의 범행으로 얼굴에 골편상을 입는 등 크게 나차 병원에서 치료를 받고 있는 것으로 전해졌다
p00_u93,p00,ce_s160,육분은 예이군 등의 범행으로 벌굴에 골편상을 입는 등 크게 나차 병원에서 치료를 받고 있는 것으로 전해졌다
p00_u93,p00,taps_s80,지분은 에이군 등의 범행으로 얼굴에 골절상을 입는 등 크의 나차 병원에서 치료를 받고 있는 것으로 전해졌다
p00_u93,p00,taps_s160,시고은 에이군 등의 범행으로 얼굴에 골절상을 입는 등 크의 나차 병원에서 치료를 받고 있는 것으로 전해졌다
p00_u93,p00,ce_visible,일본은 예이군 등을 범행으로 얼굴에 골절상을 입는 등 크게 나차 병원에서 치료를 받고 있는 것으로 전해졌다
p00_u93,p00,ce_invisible,지원은 에이군 등의 범행으로 얼굴에 골절상을 입는 등 크의 다차 병원에서 치료를 받고 있는 것으로 전해졌다
p00_u94,p00,taps,경찰은 시문이 과거 비양가 교제했다가 태어졌다는 피해자 책 진술 등을 토대로 정확한 범행 동기를 확인할 계획이다
p00_u94,p00,ce,경찰은 일문이 광업 피양과 교제했다가 헤어졌다는 피해자 책 진술 등을 토대로 정확한 범행 동계를 확인할 계획이다
p00_u94,p00,ce_s40,경찰은 일문이 광업 피양과 교제했다가 헤어졌다는 피해자책 진술 등을 토대로 정확한 범행 동계를 확인할 계획이다
p00_u94,p00,ce_s80,경찰은 일문이 광업 피양과 교제했다가 헤어졌다는 피해자측 진술 등을 토대로 정확한 범행 동계를 확인할 계획이다
p00_u94,p00,ce_s160,경찰은 일문이 광업 비양과 교제했다가 헤어졌다는 피해자특 진술 등을 토대로 정확한 범행 동계를 확인할 계획이다
p00_u94,p00,taps_s80,경찰은 시문이 과거 비양가 교제했다가 태어졌다는 피해자측 진술 등을 토대로 정확한 범행 동계를 확인할 계획이다
p00_u94,p00,taps_s160,경찰은 시문이 과거 비양가 교제했다가 어졌다는 피해자책 진술 등을 토대로 정확한 범행 동계를 확인할 계획이다
p00_u94,p00,ce_visible,경찰은 일문이 광업 비양과 교제했다가 헤어졌다는 피해자 책 진술 등을 토대로 정확한 범행 동계를 확인할 계획이다
p00_u94,p00,ce_invisible,경찰은 시문이 과거 비양가 교제했다가 태어졌다는 피해자 책 진술 등을 토대로 정확한 범행 동기를 확인할 계획이다
p00_u95,p00,taps,지군은 자신이 에이군 등으로부터 폭행을 왜 당한는 지 모르겠다는 키기로 경찰에 김술한 것으로 알려졌다
p00_u95,p00,ce,최근은 사신 에이군 등으로부터 폭행을 왜 당한는 지 모르겠다는 실비로 경찰에 근소한 것으로 알려졌다
p00_u95,p00,ce_s40,부문은 자신 에이군 등으로부터 폭행을 왜 당한는지 모르겠다는 실비로 경찰에 근소한 것으로 알려졌다
p00_u95,p00,ce_s80,그근은 사신 에이군 등으로부터 폭행을 왜 당한는지 모르겠다는 실비로 경찰에 비술한 것으로 알려졌다
p00_u95,p00,ce_s160,학근은 사신 에이군 등으로부터 폭행을 왜 당한는지 모르겠다는 실비로 경찰에 소한 것으로 알려졌다
p00_u95,p00,taps_s80,지군은 자신이 에이군 등으로부터 폭행을 왜 당한는 게 모르겠다는 키기로 경찰에 김술한 것으로 알려졌다
p00_u95,p00,taps_s160,이근은 자신이 에이군 등으로부터 폭행을 왜 당한는 게 모르겠다는 키기로 경찰에 김술한 것으로 알려졌다
p00_u95,p00,ce_visible,수근은 사신 에이군 등으로부터 폭행을 왜 당한는 지 모르겠다는 실비로 경찰에 근소한 것으로 알려졌다
p00_u95,p00,ce_invisible,지군은 자신이 에이군 등으로부터 폭행을 왜 당한는 지 모르겠다는 키기로 경찰에 김술한 것으로 알려졌다
p00_u96,p00,taps,경찰 관계자는 에이군 등 세명의 결질리 나쁜 점 등을 고려해 구속원장을 신청할 예정이라고 말했다
p00_u96,p00,ce,경찰 관계자는 데이군 등 한명의 대비리 나쁜 점 등을 고려해 구속원장을 신청할 예정이라고 말했다
p00_u96,p00,ce_s40,경찰 관계자는 데이군 등 한명의 대비리 나쁜 점 등을 고려해 구속원장을 신청할 예정이라고 말했다
p00_u96,p00,ce_s80,경찰 관계자는 데이군 등 해명의 대비리 나쁜 점 등을 고려해 구속원장을 신청할 예정이라고 말했다
p00_u96,p00,ce_s160,경찰 관계자는 데이군 등 해명의 대비리 나쁜 점 등을 고려해 구속원장을 신청할 예정이라고 말했다
p00_u96,p00,taps_s80,경찰 관계자는 에이군 등 세명의 결질리 나쁜 점 등을 고려해 구속원장을 신청할 예정이라고 말했다
p00_u96,p00,taps_s160,경찰 관계자는 에이군 등 세명의 조질리 나쁜 점 등을 고려해 구속원장을 신청할 예정이라고 말했다
p00_u96,p00,ce_visible,경찰 관계자는 데이군 등 한명의 대비리 나쁜 점 등을 고려해 구속원장을 신청할 예정이라고 말했다
p00_u96,p00,ce_invisible,경찰 관계자는 에이군 등 세명의 결질리 나쁜 점 등을 고려해 구속원장을 신청할 예정이라고 말했다
p00_u97,p00,taps,순찰차를 타고 농가를 출천나던 경찰관이 불법 마약용 양기비를 대외하던 비이라우스를 발견해 경고했다
p00_u97,p00,ce,콘센사를 당고 농가를 출산한던 경찰과 이 불법 마약용 양기비를 대외하던 비이라우 스는 발견해 권고했다
p00_u97,p00,ce_s40,콘센사를 당고 농가를 출산한던 경찰관이 불법 마약용 양기비를 대외하던 비이라우 스는 발견해 권가했다
p00_u97,p00,ce_s80,콘센터를 당고 농가를 출산한던 경찰관이 불법 마약용 양기비를 대외하던 비이라우 스는 발견해 권가했다
p00_u97,p00,ce_s160,콘센차를 타고 농가를 출산한당 경찰관이 불법 마약용 양기비를 대배하던 비이라고 쓰는 발견해 권고했다
p00_u97,p00,taps_s80,순찰차를 타고 농아를 출천던 경찰관이 불법 마약명 양기비를 대외하던 비밀라우스를 발견해 경고했다
p00_u97,p00,taps_s160,승찰차를 타고 농가를 출천나던 경찰관이 불법 마약용 양기비를 대배하던 디이라우스를 발견해 경고했다
p00_u97,p00,ce_visible,콘센사를 당고 농가를 출산한던 경찰과 이 불법 마약용 양기비를 대외하던 이라우 스는 발견해 권고했다
p00_u97,p00,ce_invisible,순찰차를 타고 농가를 출천나던 경찰관이 불법 마약용 양기비를 대외하던 비이라우스를 발견해 경고했다
p00_u98,p00,taps,지난 구 일 대한국 경찰청 공식 페이스부에는 순찰중 발견한 수상한곳 경찰에 서로졌는 문선 및 아 영상이 올라왔다
p00_u98,p00,ce,지난 구 일 대한국 경찰청 공식 페이스무에는 순찰용 발견한 수상보 경찰에 서로졌는 문선 및 아을 영상이 올라갔다
p00_u98,p00,ce_s40,지난 구 일 대한국 경찰청 공식 페이스북에는 순찰용 발견한 수상보 경찰에 선로졌는 문선 및 아을 영상이 올라갔다
p00_u98,p00,ce_s80,지난 구 일 대한국 경찰청 공식 페이스북에는 순찰용 발견한 수상승보 경찰에 거로졌는 문선 및 아을 영상이 올라갔다
p00_u98,p00,ce_s160,지난 구 일 대한국 경찰청 공세 페이스무에는 순찰용 발견한 수상 항보 경찰에 서로졌는 문선빛 아을 영상이 올라갔다
p00_u98,p00,taps_s80,지난 구 일 대한국 경찰청 공식 페이스부에는 순찰종 발견한 수상한보 경찰에 서로 졌은 문선 이 아 영상이 올라왔다
p00_u98,p00,taps_s160,지난 구 일 대한국 경찰청 공식 페이스부에는 순찰중 발견한 수상한빛 경찰에 서로졌는 문선 및 많을 영상이 올라왔다
p00_u98,p00,ce_visible,지난 구 일 대한국 경찰청 공식 페이스무에는 순찰용 발견한 수상보 경찰에 서로졌는 문선 및 아을 영상이 올라갔다
p00_u98,p00,ce_invisible,지난 구 일 대한국 경찰청 공식 페이스부에는 순찰중 발견한 수상한곳 경찰에 서로졌는 문선 및 아 영상이 올라왔다
p00_u99,p00,taps,영상에 따르면 지난달 십 구 일 오전 여덟 시쯤 대전 유성구의 동장물 절도 중고 다반 지역을 순사하던 경찰은 한 국이나 우서 앞으로 양기비로 모이는 행로을 발견했다
p00_u99,p00,ce,영상에 따르면 지난달 십 구 일 오전 여덟 시 중 대전인 유성구의 농장물 절도 승고 다안 지역을 순산하는 경찰은 한 빈이나우스 앞으로 양기비로 모이는 행문을 발견했다
p00_u99,p00,ce_s40,영상에 따르면 지난달 십 구 일 오전 여덟 시 중 대전인 유성구의 농장물 절도 승고 다반 지역을 순산하면 경찰은 한 룬이나우스 앞으로 양기비로 모이는 행문을 발견했다
p00_u99,p00,ce_s80,영상에 따르면 지난달 십 구 일 오전 여덟 시 중 대전인 유성부의 농장물 절도 신고 다반 기역을 순산하면 경찰은 한 빈이나 우수 앞으로 양기비로 모이는 행문은 발견했다
p00_u99,p00,ce_s160,영상에 따르면 지난달 십 구 일 오전 여덟 시 중 대전인 요성구의 농장물 절도 신구 다안 기역을 순산하는 경찰은 한 빈이나 우수 앞으로 양기비로 모이는 행문을 발견했다
p00_u99,p00,taps_s80,영상에 따르면 지난달 십 구 일 오전 여덟 시 쯤 대전 유성구의 동장물 절도 최고 다반지역을 순사하던 경찰은 한 이나우서 앞으로 양기비로 보이는 행로을 발견했다
p00_u99,p00,taps_s160,영상에 따르면 지난달 십 구 일 오전 여덟 시 쯤 대전 유성구의 농장물 절도 중고 다반지역을 순사하던 경찰은 한 기이나우스 앞으로 양기비로 모이는 행로을 발견했다
p00_u99,p00,ce_visible,영상에 따르면 지난달 십 구 일 오전 여덟 시 쯤 대전인 유성구의 농장물 절도 승고 다안 기역을 순산하는 경찰은 한 베이나우스 앞으로 양기비로 모이는 행문을 발견했다
p00_u99,p00,ce_invisible,영상에 따르면 지난달 십 구 일 오전 여덟 시쯤 대전 유성구의 동장물 절도 중고 다반 지역을 순사하던 경찰은 한 국이나 우서 앞으로 양기비로 모이는 행로을 발견했다
p02_u00,p02,taps,의사를 공컷던 시비 세 소년이 환자 다섯 명에게 새상 의 선물하고 지장을 떠났다
p02_u00,p02,ce,미사를 뽑웠던 시  세 소년이 한자 다섯 명에게 새 참을 선물하고 주장을 뿐났다
p02_u00,p02,ce_s40,미사를 꼽었던 시 세 소년이 환자 다섯 명에게 사 참을 선물하고 주장을 뿐났다
p02_u00,p02,ce_s80,미사를 꼽었던 시 스 소년이 환자 다섯 명에게 사참을 선물하고 주장을 뻔났다
p02_u00,p02,ce_s160,의사를 꼽겼던 시스일 소년이 환자 다섯 명에게 사사을 선물하고 주장을 떠났다
p02_u00,p02,taps_s80,의사를 공겼던 시이 세 소년이 환자 다섯 명에게 새상일 선문하고 지상을 떠났다
p02_u00,p02,taps_s160,의사를 공컷던 시세 소년이 환자 다섯 명에게 새상의 선물하고 지장을 떠났다
p02_u00,p02,ce_visible,미사를 꼽웠던 시  세 소년이 환자 다섯 명에게 새 참을 선물하고 주장을 뿐났다
p02_u00,p02,ce_invisible,의사를 공컷던 시비 세 소년이 환자 다섯 명에게 새상 의 선물하고 지장을 떠났다
p02_u01,p02,taps,한국 장치조직 기원은 이십 팔 일 김상영군이 개명대 동산의원에서 장기를 기증하고 심졌다고 밝혔다
p02_u01,p02,ce,한국 장기조직 비후원은 이십 팔 일 김상령군이 해명대 동산의관에서 장계를 기생하고 참졌다고 밝혔다
p02_u01,p02,ce_s40,한국 장기조직 비원은 이십 팔 일 김상령군이 대명대 동산 의관에서 장계를 규생하고 참졌다고 밝혔다
p02_u01,p02,ce_s80,한국 장기조직 비원은 이십 팔 일 김상령군이 배명대 동산 의원에서 장계를 규증하고 참졌다고 밝혔다
p02_u01,p02,ce_s160,한국 장기조직 비원은 이십 팔 일 김상령군이 개명대 동산의료원에서 장계를 기생하고 참졌다고 밝혔다
p02_u01,p02,taps_s80,한국 장치조직 기원은 이십 팔 일 김상령군이 개명대 동산의료원에서 장계를 기증하고 심졌다고 밝혔다
p02_u01,p02,taps_s160,한국 장치조직 기원은 이십 팔 일 김상염군이 개명대 동산의료원에서 장계를 기증하고 심졌다고 밝혔다
p02_u01,p02,ce_visible,한국 장기조직 비후원은 이십 팔 일 김상령군이 해명대 동산의원에서 장계를 규생하고 참졌다고 밝혔다
p02_u01,p02,ce_invisible,한국 장치조직 기원은 이십 팔 일 김상영군이 개명대 동산의원에서 장기를 기증하고 심졌다고 밝혔다
p02_u02,p02,taps,김군은 지난 육 일 국심한 교통으로 의식을 코스러진 채 병원으로 급 이송돼 치료을 받았으나 매서 판정을 받았썼다
p02_u02,p02,ce,김고는 지난 육 비에 국심만 보통으로 의식을 일 것쓰러진 채 병원으로 인급 이송돼 치료를 받았으나 매서 판명을 받아썼다
p02_u02,p02,ce_s40,김고는 지난 육비에 국심만 보통으로 의식을 일것 쓰러진 채 병원으로 김급 이송돼 치료를 받았으나 매서 판정을 받아썼다
p02_u02,p02,ce_s80,김고는 지난 육비에 국심만 보통으로 이식을 일 것쓰러진 채 병원으로 민급 이송돼 치료를 받았으나 에서 판정을 받아썼다
p02_u02,p02,ce_s160,김고는 지난 육비에 국심만 보통으로 의식을 버쓰러진 채 병원으로 인급 이송돼 치료 받았으나 에서 판명을 받아썼다
p02_u02,p02,taps_s80,김고은 지난 육 일 국심한 교통으로 의식을 코스러진 채 병원으로 긴급 이송돼 치료을 받았으나 매서 판정을 받았썼다
p02_u02,p02,taps_s160,김군은 지난 육 일 국심한 고통으로 의식을 코스러진 채 병원으로 긴급 이송돼 치료을 받았으나 매서 판정을 받았썼다
p02_u02,p02,ce_visible,김고는 지난 육 배에 국심만 보통으로 의식을 일 것쓰러진 채 병원으로 인급 이송돼 치료를 받았으나 매서 판정을 받아썼다
p02_u02,p02,ce_invisible,김군은 지난 육 일 국심한 교통으로 의식을 코스러진 채 병원으로 긴급 이송돼 치료을 받았으나 매서 판정을 받았썼다
p02_u03,p02,taps,김군은 지난 이직 카일 신장과 자오신장 관장양 측 회장을 기부하고 하는하라도 같다
p02_u03,p02,ce,김군는 지난 이십 삼 일 신당과 자구순장당 반광양 측 폐장을 기부하고 하는단으로 같다
p02_u03,p02,ce_s40,김군은 지난 이십 삼 일 신당과 자구순당 반광양 측 폐장을 기부하고 하는단으로 같다
p02_u03,p02,ce_s80,김군는 지난 이십 삼 일 신당과 자구순당 반장양 측 폐장을 기부하고 하는단으로 왔다
p02_u03,p02,ce_s160,김군는 지난 이십 삼 일 신당과 다구신당 관광양 측 폐장을 기부하고 하는단으로 왔다
p02_u03,p02,taps_s80,김군은 지난 이십 카에 신장과 자오심장 관장양 측 회장을 기부하고 하는하라도 같다
p02_u03,p02,taps_s160,김군은 지난 이십 카의 심장과 자오신장 관장양 측 회장을 기부하고 하는하라도 같다
p02_u03,p02,ce_visible,김군은 지난 이십 삼 일 신당과 자구순당 반장양 측 폐장을 기부하고 하는단으로 같다
p02_u03,p02,ce_invisible,김군은 지난 이직 카일 신장과 자오신장 관장양 측 회장을 기부하고 하는하라도 같다
p02_u04,p02,taps,기증원에 따르면 김군는 생전 엄마가 아쁘지 않게해질 수 있는 의사가 되고 싶다고 말에 오던 사간운 아들이었다
p02_u04,p02,ce,김성문에 따르면 김고은 생전 엄마가 아풀지 함태 쓸 수 있는 의사가 되고 싶다고 말에 얻은 쌀간문 아들이었다
p02_u04,p02,ce_s40,김성원에 따르면 한 김고은 생전 엄마가 아프지 함태 쓸 수 있는 의사가 되고 싶다고 말에 얻은 쌀간문 아들이었다
p02_u04,p02,ce_s80,김성문에 따르면 하 근고은 생전 엄마가 아프지 함태 쓸 수 있는 의사가 되고 싶다고 말에 오은 쌀간문 아들이었다
p02_u04,p02,ce_s160,김성문에 따르면 김고은 생전 엄마가 아풀지 함태 쓸 수 있는 의사가 되고 싶다고 말에 오던 사간음 아들이었다
p02_u04,p02,taps_s80,기증원에 따르면 김군는 생전 엄마가 아쁘지 않게 해질 수 있는 의사가 되고 싶다고 말에 오던 사간운 아들이었다
p02_u04,p02,taps_s160,기증원에 따르면 김군은 생전 엄마가 아쁘지 않게해쓸 수 있는 의사가 되고 싶다고 말에 오던 사간운 아들이었다
p02_u04,p02,ce_visible,김성문에 따르면 김고은 생전 엄마가 아풀지 함태 쓸 수 있는 의사가 되고 싶다고 말에 얻은 쌀간문 아들이었다
p02_u04,p02,ce_invisible,기증원에 따르면 김군는 생전 엄마가 아쁘지 않게해질 수 있는 의사가 되고 싶다고 말에 오던 사간운 아들이었다
p02_u05,p02,taps,무족은 착한 아이였던 만큼 좋은 일을 하면서 분내지자며 장기 기증의 선택 동호한 것으로 전해졌다
p02_u05,p02,ce,의혹은 사한 아이였던 만큼 좋은 일을 하면서 보내주자며 장기 기능의 선택 동호한 것으로 전해졌다
p02_u05,p02,ce_s40,의혹은 사한 아이였던 만큼 좋은 일을 하면서 보내주자며 장기 기능에 선택 동호한 것으로 전해졌다
p02_u05,p02,ce_s80,의혹은 한 아이였던 만큼 좋은 일을 하면서 보내주자며 장기 기증에 선택 동호한 것으로 전해졌다
p02_u05,p02,ce_s160,의혹은 사한 아예였던 만큼 좋은 일을 하면서 보내주자며 장기 기증의 선택 동모한 것으로 전해졌다
p02_u05,p02,taps_s80,의족은 착한 아이였던 만큼 좋은 일을 하면서 분내지자며 당기 기증의 선택 동호한 것으로 전해졌다
p02_u05,p02,taps_s160,의족은 착한 아이였던 만큼 좋은 일을 하면서 분내지자며 장기 기증의 선택 동호한 것으로 전해졌다
p02_u05,p02,ce_visible,의혹은 사한 아이였던 만큼 좋은 일을 하면서 보내주자며 장기 기증의 선택 동호한 것으로 전해졌다
p02_u05,p02,ce_invisible,무족은 착한 아이였던 만큼 좋은 일을 하면서 분내지자며 장기 기증의 선택 동호한 것으로 전해졌다
p02_u06,p02,taps,동군행 아버지는 기성원을 통해 아들이 정기를 기증받은 친구들이 행복했 으면 좋겠다며 성인님께서 좋은 일을 만이하고 건강히 사았으면 좋겠다고 전했다
p02_u06,p02,ce,동군에 아버지는 김승관을 통해 아들에이 정기를 기승받은 생자들이 행복했 으면 좋겠다며 성인이데서 좋은 일을 많이하고 건강히 사았으면 좋겠다고 전했다
p02_u06,p02,ce_s40,동군에 아버지는 김승관을 통해 아들에이 정기를 기승받은 친구들이 행복하으면 좋겠다며 성인이데서 좋은 일를 만이하고 건강히 사았으면 좋겠다고 전했다
p02_u06,p02,ce_s80,동근에 아버지는 김승원을 통해 아들이이 정기를 기증받은 친구들이 행복할 으면 좋겠다며 성인이데서 좋은 일을 많이하고 건강히 사았으면 좋겠다고 전했다
p02_u06,p02,ce_s160,동군에 아버지는 김생원을 통해 아들 정기를 기증받은 생각들이 행복했 으면 좋겠다며 성인님데서 좋은 일을 만이하고 동강히 사았으면 좋겠다고 전했다
p02_u06,p02,taps_s80,동군행 아버지는 기정원을 통해 아들이 정기를 기준받은 친구들이 행복해 으면 좋겠다며 성인님께서 좋은 일을 만이하고 건강히 사았으면 좋겠다고 전했다
p02_u06,p02,taps_s160,동군행 아버지는 기성원을 통해 아들이 정기를 기증받은 친구들이 행복했으면 좋겠다며 성인님께서 좋은 일을 만이하고 건강히 사았으면 좋겠다고 전했다
p02_u06,p02,ce_visible,동군에 아버지는 김승관을 통해 아들에이 정기를 기승받은 생자들이 행복했 으면 좋겠다며 성인이데서 좋은 일을 많이하고 건강히 사았으면 좋겠다고 전했다
p02_u06,p02,ce_invisible,동군행 아버지는 기성원을 통해 아들이 정기를 기증받은 친구들이 행복했 으면 좋겠다며 성인님께서 좋은 일을 만이하고 건강히 사았으면 좋겠다고 전했다
p02_u07,p02,taps,기중완 측은 어리고 착한 아이가 떠난다는 것을 받아들이는 것도 힘든 일인데 누군가 설리기 위해 기증의 동준 보여자에게 감사하다고 하답했다
p02_u07,p02,ce,기증원 측은 어리 고 같하 아니가 떠난다는 것을 받아들이기는 것도 힘들일인데 물군과 살린 행의 구승의 동내 준 보호자에게 감사하다고 하답했다
p02_u07,p02,ce_s40,기증원 측은 어리 고 잡하 아니가 떠난다는 것을 받아들이는 것도 힘들일인데 물군과 살린 행위의 그승에 동세에 준 보호자에게 감사하다고 하답했다
p02_u07,p02,ce_s80,기중원 측은 어리 고 같하 아니가 떠난다는 것을 받아들이기는 것도 힘들 일인데 물군과 살린 행위의 교승의 동세에 준 보호자에게 감사하다고 하답했다
p02_u07,p02,ce_s160,기증원 측은 어리고 같하 아니가 떠난다는 것을 받아들리기는 것도 힘들 일인데 무종과 살린행위의 교승의 동내에 준 보호자에게 감사하다고 하답했다
p02_u07,p02,taps_s80,기중원 측은 어리고 착참 아이가 떠난다는 것을 받아들는 것도 힘든 일인데 누군가 설리기 해 기증의 동에준 보여자에게 감사하다고 하답했다
p02_u07,p02,taps_s160,기중원 측은 어리고 착한 아이가 떠난다는 것을 받아들는 것도 힘든 일인데 누군가 설리기 해 기증의 동해진 보여자에게 감사하다고 하답했다
p02_u07,p02,ce_visible,기증원 측은 어리 고 같하 아니가 떠난다는 것을 받아들이기는 것도 힘들일인데 물군과 살린 행위의 구승의 동내 준 보호자에게 감사하다고 하답했다
p02_u07,p02,ce_invisible,기중완 측은 어리고 착한 아이가 떠난다는 것을 받아들이는 것도 힘든 일인데 누군가 설리기 위해 기증의 동준 보여자에게 감사하다고 하답했다
p02_u08,p02,taps,전남 국성구는 창정 전남 무돈 마을 사업을 지난해 이어 오해도 본격적으로 추진한다고 이십 일 밝혔다
p02_u08,p02,ce,전남 국정부는 삼정전남 느끈 마을 사업을 지난해 이며 올해도 본격적으로 추진한다고 이십 일 밝혔다
p02_u08,p02,ce_s40,전남 국정부는 삼정 전남 느백 마을 사업을 지난해 인며 올해도 본격적으로 출진한다고 이십 일 밝혔다
p02_u08,p02,ce_s80,전남 국정부는 삼성 전남 느백 마을 사업을 지난해 인며 오해도 본격적으로 추진한다고 이십 일 밝혔다
p02_u08,p02,ce_s160,전남 국정부는 삼성 전남 느백 마을 사업을 지난해 인며 오해도 본격적으로 출진한다고 이십 일 밝혔다
p02_u08,p02,taps_s80,전남 국성구는 창성 전남 오돈 마을 사업을 지난해 이어 올해도 본격적으로 추진한다고 이십 일 밝혔다
p02_u08,p02,taps_s160,전남 국성구는 성성 전남 무돈 마을 사업을 지난해 이어 올해도 본격적으로 추진한다고 이십 일 밝혔다
p02_u08,p02,ce_visible,전남 국정부는 삼성 전남 느 마을 사업을 지난해 이며 올해도 본격적으로 추진한다고 이십 일 밝혔다
p02_u08,p02,ce_invisible,전남 국성구는 삼성 전남 오돈 마을 사업을 지난해 이어 오해도 본격적으로 추진한다고 이십 일 밝혔다
p02_u09,p02,taps,국민이 주도의 마을 한경을 계선하도록 지연하는 사업으로 전남 한도의 역쩜  칠 중 하나로 삼정된 마을은 삼백 만 원씩 삼 년 동안 총 구백 만원을 지원받게 된다
p02_u09,p02,ce,국민이주도의 마을 환경에 개선하도록 지연하는 사업으로 전남 함도의 역병 천 중 하나로로 삼정된 마을은 삼백 만 원씩 삼 년 동안 총 구백 만원을 지원받게 된다
p02_u09,p02,ce_s40,국민이주도의 마을 환경에 개선하도록 지연하는 사업으로 전남 함도의 역병 최 중 하나로로 삼정된 마을은 삼백 만 원삼 년 동안  구백 만원을 지원받게 된다
p02_u09,p02,ce_s80,국민이주도의 마을 환경에 개선하도록 지연하는 사업으로 전남 남도의 역병 최 중 하나로로 삼정된 마을은 삼백 만 원삼 년 동안 총 구백 만원을 지원받게 된다
p02_u09,p02,ce_s160,국민이주도의 마을 환경을 개선하도록 지연하는 사업으로 전남 하도의 역병 체 중 하나로 삼정된 마을은 삼백 만 원삼 년 동안 총후 구백 만원을 지원받게 된다
p02_u09,p02,taps_s80,국민이 주도의 마을 한경을 계선하도록 지연하는 사업으로 전날 한도의 역쩜  칠 중 하나로 삼정된 마을은 삼백 만 원식 삼 년 동안 총 구백 만원을 지원받게 된다
p02_u09,p02,taps_s160,국민이 주도의 마을 한경을 계선하도록 지연하는 사업으로 전남 한도의 역쩜 칠 중 하나로 삼정된 마을은 삼백 만 원식 삼 년 동안 총 구백 만원을 지원받게 된다
p02_u09,p02,ce_visible,국민이주도의 마을 환경에 개선하도록 지연하는 사업으로 전남 함도의 역병 천 중 하나로로 삼정된 마을은 삼백 만 원씩 삼 년 동안 총 구백 만원을 지원받게 된다
p02_u09,p02,ce_invisible,국민이 주도의 마을 한경을 계선하도록 지연하는 사업으로 전남 한도의 역쩜  칠 중 하나로 삼정된 마을은 삼백 만 원씩 삼 년 동안 총 구백 만원을 지원받게 된다
p02_u10,p02,taps,각 마을들은 마을의 특성과 상황 주민이 요구 등에 따라 필요한 말을 만들기 사업을 침진한다
p02_u10,p02,ce,각 마을들은 마을의 특성과 상황 주민이 요교 등에 따라 필요한 마을 만들기 사업을 찾지한다
p02_u10,p02,ce_s40,각 마을들은 마을의 특성과 상황 주민이 요교 등에 따라 필요한 마을 만들기 사업을 추한다
p02_u10,p02,ce_s80,각 마을들은 마을의 특성과 상황 주민이 요교 등에 따라 필요한 마을 만들기 사업을 추지한다
p02_u10,p02,ce_s160,각 마을들은 마을의 특성과 상황 주민이 요구 등에 따라 필요한 마을 만들기 사업을 추진한다
p02_u10,p02,taps_s80,각마을들은 마을의 특성과 상황 주민이 요구 중에 따라 필요한 마을 만들기 사업을 침진한다
p02_u10,p02,taps_s160,각 마을들은 마을의 특성과 상황 주민이 요구 등에 따라 필요한 말을 만들기 사업을 침진한다
p02_u10,p02,ce_visible,각 마을들은 마을의 특성과 상황 주민이 요교 등에 따라 필요한 마을 만들기 사업을 찾지한다
p02_u10,p02,ce_invisible,각 마을들은 마을의 특성과 상황 주민이 요구 등에 따라 필요한 말을 만들기 사업을 침진한다
p02_u11,p02,taps,국에사는 기존의 출진 중인 사십 육대 마을과 오해 신결로 삼정된 사십 육 백 마까지 총 구십 이 개 마을을 대상으로 지난 사 월부터 사업을 시작했다
p02_u11,p02,ce,군에사는 기존의 출진 중인 사십 육대 마을과 올해 생글로 삼전정된 사십 육 백 만원까지 총 십 이 백 마을을 대상으로 지난 사 월부터 사업을 시작했다
p02_u11,p02,ce_s40,국에서는 기존의 출진 중인 사십 육 대 마을과 오해 생글로 삼정된 사십 육 백 만원까지 총 십 이 백 마을을 대상으로 지난 사 월부터 사업을 시작했다
p02_u11,p02,ce_s80,국에사는 기존의 출진 중인 사십 육 대 마을과 올해 생글로 삼정된 사십 육 백 마원까지 총 구십 이 백 마을을 대상으로 지난 사 월부터 사업을 시작했다
p02_u11,p02,ce_s160,본에사는 기존의 출진 중인 사십 육 대 마을과 올해 생글로 삼정된 사십 육 백 마까지 총 구십 이 백 마을을 대상으로 지난 사 월부터 사업을 시작했다
p02_u11,p02,taps_s80,국에사는 기존의 출진 중인 사십 육대 마을과 오해 신제로 삼정된 사십 육 백 마약까지 총 구십 이 개 마을을 대상으로 지난 사 월부터 사업을 시작했다
p02_u11,p02,taps_s160,국회사는 기존의 출진 중인 사십 육대 마을과 올해 신제로 삼정된 사십 육 백 마약까지 총 구십 이 개 마을을 대상으로 지난 사 월부터 사업을 시작했다
p02_u11,p02,ce_visible,군에사는 기존의 출진 중인 사십 육대 마을과 올해 생글로 삼전정된 사십 육 백 만원까지 총 십 이 백 마을을 대상으로 지난 사 월부터 사업을 시작했다
p02_u11,p02,ce_invisible,국에사는 기존의 출진 중인 사십 육대 마을과 오해 신결로 삼정된 사십 육 백 마까지 총 구십 이 개 마을을 대상으로 지난 사 월부터 사업을 시작했다
p02_u12,p02,taps,하단 조성과 역화 그리기 쉼터 조상 오체톤 만들기 등 마을 환경에 계산하고 마을 공용체의 환력을 불러나기 위한 다양한 사업을 진행하고 있다
p02_u12,p02,ce,화단 조성과 벽파 그리이 스미터에상 오체톤 만들뷰 등 마을 환경에 개선하고 마을 공동체의 환력을 불어 놓기 위한 다양한 사업을 지행하고 있다
p02_u12,p02,ce_s40,하단 조성과 벽파 그리이 스미터에선 오체풍 만들뷰 등 마을 환경에 개산하고 마을 공동체의 환력을 불어나기 위한 다양한 사업을 지행하고 있다
p02_u12,p02,ce_s80,하당 조성과 벽파 그리이 스미터에서 오체종 만들뷰 등 마을 환경에 개선하고 마을 공동체의 환력을 불어나기 위한 다양한 사업을 지행하고 있다
p02_u12,p02,ce_s160,하단 조성과 백파그리이 스미터에서 오체통 만들비 등 마을 환경에 개선하고 마을 공동체의 환력을 불어나기 위한 다양한 사업을 지행하고 있다
p02_u12,p02,taps_s80,화당 조성과 역화 그리기 시터 조상 오체톤 만들기 등 마을 환경에 계산하고 마을 공용체의 환력을 불어나기 위한 다양한 사업을 진행하고 있다
p02_u12,p02,taps_s160,화단 조성과 역화 그리기 시터 조상 오체톤 만들기 등 마을 환경에 계산하고 마을 공용체의 환력을 불어나기 위한 다양한 사업을 진행하고 있다
p02_u12,p02,ce_visible,화단 조성과 벽파 그리이 스미터에상 오체풍 만들뷰 등 마을 환경에 개선하고 마을 공동체의 환력을 불어 놓기 위한 다양한 사업을 지행하고 있다
p02_u12,p02,ce_invisible,하단 조성과 역화 그리기 쉼터 조상 오체톤 만들기 등 마을 환경에 계산하고 마을 공용체의 환력을 불러나기 위한 다양한 사업을 진행하고 있다
p02_u13,p02,taps,군 관계자는 사업대획에서부터 사회관리까지 마을 주민들을 잡발적인 참여을 통해 사업을 진행함으로서 공송체 정신이 회복할 수 있도록 적극 지원하겠다고 말했다
p02_u13,p02,ce,군 관계자는 사업대에께서부터 사업관리까지 마을 주민들의 자발적인 참여을 통해 사업을 진행하으로 공동체 정신을 회복할 수 있도록 적극 지원하겠다고 말했다
p02_u13,p02,ce_s40,부 관계자는 사업대에께서부터 사업관리까지 마을 주민들의 자발적인 참여을 통해 사업을 진행하으로서 공동체 정신을 회복할 수 있도록 적극 지원하겠다고 말했다
p02_u13,p02,ce_s80,군 관계자는 사업대에께서부터 사업관리까지 마을 주민들의 자발적인 참여을 통해 사업을 진행함으로서 공송체 정신을 회복할 수 있도록 적극 지원하겠다고 말했다
p02_u13,p02,ce_s160,군 관계자는 사업대에께서부터 사업관리까지 마을 주민들의 자발적인 참여을 통해 사업을 진행함으로 공동체 정신을 회복할 수 있도록 적극 지원하겠다고 말했다
p02_u13,p02,taps_s80,군 관계자는 사업대회에서부터 사업관리까지 마을 주민들을 잡발적인 참여을 통해 사업을 진행함으로서 공동체 정신이 회복할 수 있도록 적극 지원하겠다고 말했다
p02_u13,p02,taps_s160,군 관계자는 사업대회에서부터 사업관리까지 마을 주민들을 잡발적인 참여을 통해 사업을 진행함으로서 공동체 정신이 회복할 수 있도록 적극 지원하겠다고 말했다
p02_u13,p02,ce_visible,군 관계자는 사업대에께서부터 사업관리까지 마을 주민들의 자발적인 참여을 통해 사업을 진행하으로서 공동체 정신을 회복할 수 있도록 적극 지원하겠다고 말했다
p02_u13,p02,ce_invisible,군 관계자는 사업계획에서부터 사업관리까지 마을 주민들을 잡발적인 참여을 통해 사업을 진행함으로서 공송체 정신이 회복할 수 있도록 적극 지원하겠다고 말했다
p02_u14,p02,taps,경화장 가길 등에 수송로 유명한 하일지가 영어를 찾아 그의 미술적 세계를 펼치고 있다
p02_u14,p02,ce,경사장 가들 등에 수설로 유명한 하일들가 영아를 찾아 그일의 미술적 세계를 펼혀고 있다
p02_u14,p02,ce_s40,경사장 가들 등에 수송로 유명한 하일들가 영아를 찾아 그의 미술적 세계를 파혀고 있다
p02_u14,p02,ce_s80,경사장 가길 등에 수설로 유명한 하들가 영아를 찾아 그의 미술적 세계를 파혀고 있다
p02_u14,p02,ce_s160,경찰장 가들 등에 수선로 유명한 하이들가 영아를 찾아 그의 미술적 세계를 파혀고 있다
p02_u14,p02,taps_s80,경화장 가길 등에 수송로 유명한 하일지가 영어를 찾아 그의 미술적 세계를 펼치고 있다
p02_u14,p02,taps_s160,경화장 가길 등에 수송로 유명한 하일지가 영어를 찾아 그의 미실적 세계를 펼치고 있다
p02_u14,p02,ce_visible,경사장 가들 등에 수설로 유명한 하일들가 영어를 찾아 그일의 미술적 세계를 펼혀고 있다
p02_u14,p02,ce_invisible,경화장 가길 등에 수송로 유명한 하일지가 영어를 찾아 그의 미술적 세계를 펼치고 있다
p02_u15,p02,taps,할직 초대전 늘은 떡끝나무 한테 시직간 천년 이야교가 오는 이십 삼 일까지 영월 문화예술 해관 이층 전 시실에서 열린다
p02_u15,p02,ce,할팅소대전 늘은 빠나만테 수직간 산년 이야교가 오는 이십 삼 일까지 영어말 문화예술 회관 입층 전임 수수에서 열린다
p02_u15,p02,ce_s40,할팅소대전 늘은 빠란만테 수직간 산년 이야교가 오는 이십 삼 일까지 영월 문화 예술 회관 이층 전 실수에서 열린다
p02_u15,p02,ce_s80,할 닛큐대전 늘은 지나만테 수직간 산년 이야교가 오는 이십 삼 일까지 영말 문화 예술 회관 이층 전 실수에서 열린다
p02_u15,p02,ce_s160,사 팅소대전 느은 또같나한테 수직간 산년 이야교가 오는 이십 삼 일까지 영어말 문화 예술 회관 이층 전 실수에서 열린다
p02_u15,p02,taps_s80,할직초대전 늘은 떡끝나무 한테 시직간 천년 이야교가 오는 이십 삼 일까지 영월 문화예술 해관 이층 전 지시에서 열린다
p02_u15,p02,taps_s160,한직초대전 늘은 떡끝나무 한테 시직간 천년 이야교가 오는 이십 삼 일까지 영월 문화예술 해관 이층 전 지실에서 열린다
p02_u15,p02,ce_visible,할팅소대전 늘은 빠나만테 수직간 산년 이야교가 오는 이십 삼 일까지 영어말 문화예술 회관 입층 전임 수수에서 열린다
p02_u15,p02,ce_invisible,할직 초대전 늘은 떡끝나무 한테 시직간 천년 이야교가 오는 이십 삼 일까지 영월 문화예술 해관 이층 전 시실에서 열린다
p02_u16,p02,taps,하이찌는 십 이권은 장판 수사과 두 거의 시집 등을 내행 등 작가로서 할발리 활동 았다
p02_u16,p02,ce,한이씨는 십 이권의 장판 수설과 직거의 입 등을 내는 등 작가로서 할발이 활동해 왔다
p02_u16,p02,ce_s40,한씨는 십 이권의 장편 수설과 직건의 입등을 내는 등 작가로서 할 발이 활동해 왔다
p02_u16,p02,ce_s80,하이씨는 십 이권의 장편 수설과 육건의 입 등을 내는 등 작가로서 할 발이 활동해 왔다
p02_u16,p02,ce_s160,하이티는 십 이권의 장판 수설과 육거의 입 등을 내는 등 가까로서 할 발이 활동해 왔다
p02_u16,p02,taps_s80,하이찌는 십 이권은 장판 수사과 두 거의 집 등을 내행 등 작가에서 할발리 활동놓 았다
p02_u16,p02,taps_s160,하이찌는 십 이권은 장판 수사과 두 거의 시집 등을 내행등 작가에서 할발리 활동  았다
p02_u16,p02,ce_visible,한이씨는 십 이권의 장판 수설과 직건의 입 등을 내는 등 작가로서 할발이 활동해 왔다
p02_u16,p02,ce_invisible,하이찌는 십 이권은 장판 수사과 두 거의 시집 등을 내행 등 작가로서 할발리 활동 았다
p02_u17,p02,taps,그러나 이천 십 구 년부터 그림은 그이기 시작 들과 삼십 만에 수백점의 림을 쏟아냈다
p02_u17,p02,ce,그러다 이 십 구 년부터 급임모 급이기타 불과 삼십 만에 수백점의 그림을 쏟아냈다
p02_u17,p02,ce_s40,그러다 이천 십 구 년부터 급임모 급이기시작 불과 삼  만에 수백점의 그을 쏟아냈다
p02_u17,p02,ce_s80,그러다 이 십 구 년부터 급임물 급이기시작 불과 삼십 만에 수백점의 그림을 쏟아했다
p02_u17,p02,ce_s160,그러다 이태 십 구 년부터 그림의 그리기시작 불과 삼십 만에 수백점의 그림을 쏟아했다
p02_u17,p02,taps_s80,그러다 이천 십 구 년부터 그림은 그이기 시작 들과 삼 십 만에 수백점의 그림을 쏟아냈다
p02_u17,p02,taps_s160,그러다 이천 십 구 년부터 그림은 그이기 시작 들과 삼십 만에 수백점의 림을 쏟아냈다
p02_u17,p02,ce_visible,그러다 이태 십 구 년부터 급임모 급이기시타불과 삼십 만에 수백점의 그림을 쏟아냈다
p02_u17,p02,ce_invisible,그러나 이천 십 구 년부터 그림은 그이기 시작 들과 삼십 만에 수백점의 림을 쏟아냈다
p02_u18,p02,taps,전문적인 미술계을 받은 적은 없쩌나 청적인 상식으로 자신의 문학적 세계를 그려나간다는 평가다
p02_u18,p02,ce,전문적인 미수교육을 받은 적은 없으나 소상적인 방식으로 자신의 문학적 세계를 구변화간다는 평가다
p02_u18,p02,ce_s40,전문적인 미수교육을 받은 적은 없으나 폭상적인 방식으로 자신의 문학적 세계를 구변화간다는 평가다
p02_u18,p02,ce_s80,전문적인 민수교육을 받은 적은 없으나 폭상적인 방식으로 자신의 문학적 세계를 구변화간다는 평가다
p02_u18,p02,ce_s160,전문적인 미수교육을 받은 적은 없으나 폭상적인 방식으로 자신의 문학적 세계를 그변화간다는 평가다
p02_u18,p02,taps_s80,전문적인 니술계육을 받은 적은 없으나 통정적인 상식으로 자신의 문학적 세계를 그려나간다는 평가다
p02_u18,p02,taps_s160,전문적인 미술계육을 받은 적은 없쩌나 참적인 상식으로 자신의 문학적 세계를 그려나간다는 평가다
p02_u18,p02,ce_visible,전문적인 민수교육을 받은 적은 없으나 소상적인 방식으로 자신의 문학적 세계를 구변화간다는 평가다
p02_u18,p02,ce_invisible,전문적인 미술계을 받은 적은 없쩌나 청적인 상식으로 자신의 문학적 세계를 그려나간다는 평가다
p02_u19,p02,taps,그의 그임은 한 가지 형식의 고정되어 있지 않고 끊이 없는 결심를 거듭하면서 여러 가지 시이지를 만들어 늘고 있다
p02_u19,p02,ce,그의 교육은 한 가지 형책계 고정배가 입지 않고 끊이 없는 변심을 거듭하면서 여러 가지 시비치를 만들어 내고 있다
p02_u19,p02,ce_s40,그의 그림은 한 가진 형식에 고정배가 입지 않고 끊이 없는 변심을 거듭하면서 여러가지 시비치를 만들어 내고 했다
p02_u19,p02,ce_s80,그의 그림은 한 가지 형식에 고정배가 입지 않고 끊이 없는 변심을 거듭하면서 여러 가지 시비치를 만들어 내고 있다
p02_u19,p02,ce_s160,그의 그림은 한 가진형 세대 고성배어 입지 않고 끊이 없는 변심을 거듭하면서 여러 가지 시비치를 만들어 해고 있다
p02_u19,p02,taps_s80,그의 그임은 한 가지 형식에 고정되어 있지 않고 끊이 없는 결심를 거듭하면서 여러 가지 시이지를 만들어 늘고 있다
p02_u19,p02,taps_s160,구의 그임은 한 가지 형식에 고정되어 있지 않고 괭이 없는 결심를 거듭하면서 여러 가지 시이지를 만들어 늘고 있다
p02_u19,p02,ce_visible,그의 교육은 한 가지 형책계 고정배가 입지 않고 끊이 없는 변심을 거듭하면서 여러 가지 시비치를 만들어 내고 있다
p02_u19,p02,ce_invisible,그의 그임은 한 가지 형식의 고정되어 있지 않고 끊이 없는 결심를 거듭하면서 여러 가지 시이지를 만들어 늘고 있다
p02_u20,p02,taps,나무가 더 시기들의 터른 영상 스해자들의 여자 등 독특하고 대검한 그림들이 완성됐다
p02_u20,p02,ce,남가 돌 쓰끼들의 프른영상 스내자들의 여자 등 복특하고 제검한 그림들이 완성됐다
p02_u20,p02,ce_s40,나문가 돌 세계들의 프른영상 스내자들의 여자 등 독특하고 재검한 그림들이 완성배다
p02_u20,p02,ce_s80,나문가 돌 스계들의 프른영상 손해자들의 여자 등 독특하고 재검한 그림들이 완성볐다
p02_u20,p02,ce_s160,나가 돌 쓰제들의 프른영상 스해자들의 여자 등 도특하고 재법한 그림들이 완성됐다
p02_u20,p02,taps_s80,나무가 더 실계들의 터른 영상 스해자들의 여자 등 독특하고 대방한 그림들이 완성됐다
p02_u20,p02,taps_s160,나무와 더 시계들의 프른 영상 스해자들의 여자 등 독특하고 대검한 그림들이 완성됐다
p02_u20,p02,ce_visible,남문가 돌 스끼들의 프른영상 스내자들의 여자 등 복특하고 대검한 그림들이 완성됐다
p02_u20,p02,ce_invisible,나무가 더 시계들의 터른 영상 스해자들의 여자 등 독특하고 대검한 그림들이 완성됐다
p02_u21,p02,taps,이번 정체에는 느군 딱방나마 한테시직간 천역 이야기 시지를 볼 수 있다
p02_u21,p02,ce,이번 전신에는 느은 딱팔나만 한테 스직간 소년 이야기 시비스를 볼 수 했다
p02_u21,p02,ce_s40,이번 전세에는 느은 딱팔나 한테 스직간 소년 이야기 시비트를 볼 수 있다
p02_u21,p02,ce_s80,이번 전세에는 느은 딱방나만 한테 스직간 소년 이야기 시비스를 볼 수 있다
p02_u21,p02,ce_s160,이번 전신에는 느은 딱팔락과 한테 스직간 소년 이야기 시비지를 볼 수 니다
p02_u21,p02,taps_s80,이번 정치에는 느은 딱같나만 퇴시직간 천년 이야기 시지지를 볼 수 있다
p02_u21,p02,taps_s160,이번 전치에는 느그 딱같나만 퇴시직간 천역 이야기 시지지를 볼 수 있다
p02_u21,p02,ce_visible,이번 전신에는 느은 딱팔나만 한테 스직간 소년 이야기 시비스를 볼 수 있다
p02_u21,p02,ce_invisible,이번 정체에는 느군 딱방나마 한테 시직간 천역 이야기 시지를 볼 수 있다
p02_u22,p02,taps,경주 출신으로 어릴적 충북 감향군 영순면을 살았던 그는 영아에 대한 많은 수럭을 갖고 있고 모방세으로 그린 강연한 그림의 영아의 정서를 타았다
p02_u22,p02,ce,경주 출신으로 어릴적 생북 방향국은 영순면에 살았던 그는 영원에 대한 많은 트럭을 갖고 있고 오방세계로 그인 강년한 그림의 영원의 동서를 타았다
p02_u22,p02,ce_s40,경주 출신으로 어릴적 생북 방향은 영천면에 살았던 그는 영원에 대한 많은 트럭을 갖고 있고 오방세계로 그인 강년한 그림의 영원의 종서를 타았다
p02_u22,p02,ce_s80,경주 출신으로 어릴적 생북 감향은 영천면에 살았던 그는 영원에 대한 많은 트럭을 갖고 있고 오방세계로 그인 강년한 그림의 영원의 동서를 타았다
p02_u22,p02,ce_s160,경주 출신으로 어릴적 행북 감명군 영천면에 살았던 그는 영원에 대한 많은 혈럭을 갖고 있고 노방세계로 그인 광년한 그림의 영아의 동서를 타았다
p02_u22,p02,taps_s80,경주 출신으로 어릴적 충북 감남군 영순면을 살았던 그는 영어아에 대한 많은 수럭을 갖고 있고 모방색으로 그린 강연한 그림의 영아의 정서를 타았다
p02_u22,p02,taps_s160,경주 출신으로 어릴적 충북 감남군 영순면을 살았던 그는 영아에 대한 많은 수럭익을 갖고 있고 모방색으로 그린 강연한 그림의 영아의 정서를 타았다
p02_u22,p02,ce_visible,경년 출신으로 어릴적 생북 방향국은 영순면에 살았던 그는 영원에 대한 많은 휴럭을 갖고 있고 노방세계로 그인 강년한 그림의 영원의 동서를 타았다
p02_u22,p02,ce_invisible,경주 출신으로 어릴적 충북 감향군 영순면을 살았던 그는 영아에 대한 많은 수럭을 갖고 있고 모방세으로 그린 강연한 그림의 영아의 정서를 타았다
p02_u23,p02,taps,산업파 되기전 경민넘체는 터속적인 시골 정치와 시권 소년의 상상력이 어려워져 필된다
p02_u23,p02,ce,한업파 대기산 경위 넘지는 포속적인 시골 경치와 실제 소년의 상상력이 어려워져 표현된다
p02_u23,p02,ce_s40,한업파 대기산 경위 넘지는 포속적인 시골 경치와 실제 소년의 상상력이 어려워져 표현명된다
p02_u23,p02,ce_s80,한 업파 대기선 경위넘지는 포속적 끊 시골 경치와 실권 소년의 상상력이 어려워져 표현된다
p02_u23,p02,ce_s160,한 업파 대기선 경위 넘체는 포속  시골 경치와 실권 소년의 상상력이 어려워져 표현된다
p02_u23,p02,taps_s80,산업파 대기전 정미넘지는 터속적인 시골 정치와 일본 성년의 상상력이 어려워져 필현된다
p02_u23,p02,taps_s160,산업파 제기전 정미넘체는 터속적인 시골 정치와 시권 성년의 상상력이 어려워져 필현된다
p02_u23,p02,ce_visible,산업파 대기산 경위 넘지는 포속적인 시골 경치와 실제 소년의 상상력이 어려워져 표현된다
p02_u23,p02,ce_invisible,산업파 되기전 경민넘체는 터속적인 시골 정치와 시권 소년의 상상력이 어려워져 필된다
p02_u24,p02,taps,이 취리징 에에도 미국격이고 모왕적인 그린인 우즈피스 공화국 목색시대 시리지 그린 등 사실점이 소개 된다
p02_u24,p02,ce,이미쓰민새의 에에도 인속격이 고 모왕적인 그린 의료핑스 공화국 녹색시대 신비실 그리 등 팔십점일 소개된다
p02_u24,p02,ce_s40,이미 민새의 에에도 이속격이 고 모왕적인 그린 음료핑스 공화국 녹색시대 신린실 그리 등 팔십점이 소개된다
p02_u24,p02,ce_s80,이미민팅 에에도 이국격이 꼭 모왕적인 그린 의료필스 공화국 녹색시대 신린 스 그리 등 팔십점이 소개된다
p02_u24,p02,ce_s160,이미민트 에에도 이국격일 고 모왕적인 그린인 의료핑스 공화국 녹색시대 신린실 그린 등 팔실점이 소개된다
p02_u24,p02,taps_s80,이 취리징 에에도 미국격이고 모왕적인 그린인 모즈피스 공화국 녹색시제 시리지 그린 등 사실점이 소개된다
p02_u24,p02,taps_s160,이 취리징 에에도 미국격이고 모왕적인 그린 모즈피스 공화국 녹색시제 실지 그린 등 사실점이 소개된다
p02_u24,p02,ce_visible,이미쓰민새의 에에도 인속격이 고 모왕적인 그린 의료핑스 공화국 녹색시대 신비스 그리 등 팔십점일 소개된다
p02_u24,p02,ce_invisible,이 취리징 에에도 미국격이고 모왕적인 그린인 우즈피스 공화국 목색시대 시리지 그린 등 사실점이 소개 된다
p02_u25,p02,taps,타이찌는 프랑스 포가디에 대학 골문력 확사 메모주대 불문력 각사를 받았고 서가 프랑스 등공서 다수의 개인정과 그룹전에 참여하며 미술가로서 왕성하게 활동하고 있다
p02_u25,p02,ce,허이티는 프랑스 푸가디에 대한 골문학 셨사 류모실대 불문학 박사를 받았고 서가 프랑스 등에서 다수의 경인병과 그룹된에 참여하며 미술가로서 방정하게 활동하고 있다
p02_u25,p02,ce_s40,허이띄는 프랑스 푸가이에 대한 골문하 셨사 류모실대 불문학 박사를 받았고 사가 프랑스 등에서 다수의 금인병과 그룹된에 참여하며 이스 가로서 완성하게 활동하고 있다
p02_u25,p02,ce_s80,허이티는 프랑스 부가티에 대한 골문하 셨사 류모주대 불문학 박사를 받았고 사가 프랑스 등에서 다새의 경인병과 교육된에 참여하며 이술 가로서 왕정하게 활동하고 있다
p02_u25,p02,ce_s160,허이디등 프랑스 푸와디에 대한 골문학 속사 류모주대 불문학 박사를 받았고 사가 프양스 등에서 다새의 경인병과 그육된에 참여하며 이술슬가로서 왕정하게 활동하고 있다
p02_u25,p02,taps_s80,타이찌는 프랑스 포가디에 대학 불문낙 확사 외모주대 불문형 작각사를 받았고 서가 프랑스 등공서 다수의 개인정과 구룹전에 참여하며 미술가로서 왕성하게 활동하고 있다
p02_u25,p02,taps_s160,타이찌는 프랑스 포가디에 대학 불문낙 확사 르모주대 불문력 각사를 받았고 서가 프랑스 등공서 다수의 개인정과 그룹전에 참여하며 미술가로서 왕성하게 활동하고 있다
p02_u25,p02,ce_visible,허이티는 프랑스 푸가디에 대한 골문학 셨사 류모실대 불문학 박사를 받았고 서가 프랑스 등에서 다수의 경인병과 그룹된에 참여하며 미술가로 방정하게 활동하고 있다
p02_u25,p02,ce_invisible,타이찌는 프랑스 포가디에 대학 골문력 확사 메모주대 불문력 각사를 받았고 서가 프랑스 등공서 다수의 개인정과 그룹전에 참여하며 미술가로서 왕성하게 활동하고 있다
p02_u26,p02,taps,지난달 화모현대 파악 당시 인천시앙 온군에 모 칠백 여 계획을 뿌려 차량 다섯 대 바근의 손상을 입힌 오십 대 남성이 경찰에 붙잡혔다
p02_u26,p02,ce,지난달 화물련대 파악 병식 인천 시난 인근에 모 칠백 여 예  뿌  다섯 대 바기의 손상의 입핀 음십대 남성이 경찰에 붙잡혔다
p02_u26,p02,ce_s40,지난달 화물련대 파악 당시 인천 시난 인근에 모 칠백 여 예  뿌려  다섯 대 바기의 손상의 이힌 십대 남성이 경찰에 붙잡혔다
p02_u26,p02,ce_s80,지난달 화무현대 파악 당시 인천시 음근에 모 칠백 여 계  뿌려 량 다섯 대 바기의 손상의 이핀 음십대 남성이 경찰에 붙잡혔다
p02_u26,p02,ce_s160,지난달 화물현대 파악 병시 인천 시난 온근에 모 칠백 여 여  뿌려 량 다섯 대 바기의 손상의 입힌 음식대 남성이 경찰에 붙잡혔다
p02_u26,p02,taps_s80,지난달 화무현대 파악 당시 인천시난 온군에 모 칠백 여 계획을 뿌려 차량 다섯 대 바근의 손상을 입힌 오십 대 남성이 경찰에 붙잡혔다
p02_u26,p02,taps_s160,지난달 화모현대 파악 당시 인천시앙 온군에 모 칠백 여 계획을 뿌려 차량 다섯 대 바근의 손상을 입힌 오십 대 남성이 경찰에 붙잡혔다
p02_u26,p02,ce_visible,지난달 화물련대 파악 병식 인천 시난 인근에 모 칠백 여 례  뿌  다섯 대 바기의 손상의 입힌 음십대 남성이 경찰에 붙잡혔다
p02_u26,p02,ce_invisible,지난달 화모현대 파악 당시 인천시앙 온군에 모 칠백 여 계획을 뿌려 차량 다섯 대 바근의 손상을 입힌 오십 대 남성이 경찰에 붙잡혔다
p02_u27,p02,taps,이십 팔 일 인천 연수경찰서는 특수제몰 성계 혐의로 함물트럭 기사 오십 대 에이시를 공고했다고 밝혔다
p02_u27,p02,ce,이십 팔 일 인산연수경찰서는 특수제물 성계 혐늘로 한물필럭비사 오십 대 에이시를 검고했다고 밝혔다
p02_u27,p02,ce_s40,이십 팔 일 인산연술경찰서는 특수제물 성계 혐늘로 한물트럭비사 오십 대 에이시를 검고했다고 밝혔다
p02_u27,p02,ce_s80,이십 팔 일 인산연수경찰서는 특수제물 성계 혐늘로 함물트럭비사 오십 대 에이시를 검고했다고 밝혔다
p02_u27,p02,ce_s160,이십 팔 일 인산연수경찰서는 특수제물 성계 혐늘로 한물필럭비사 오십 대 에이시를 검고했다고 밝혔다
p02_u27,p02,taps_s80,이십 팔 일 인천 연수경찰서는 특수제몰 성계 혐의로 한물트럭 기사 오십 대 에이시를 권고했다고 밝혔다
p02_u27,p02,taps_s160,이십 팔 일 인천 연수경찰서는 특수제몰 성계 혐로 함물트럭 시사 오십 대 에이시를 권고했다고 밝혔다
p02_u27,p02,ce_visible,이십 팔 일 인산연수경찰서는 특수제물 성계 혐늘로 한물필럭비사 오십 대 에이시를 검고했다고 밝혔다
p02_u27,p02,ce_invisible,이십 팔 일 인천 연수경찰서는 특수제몰 성계 혐의로 함물트럭 기사 오십 대 에이시를 공고했다고 밝혔다
p02_u28,p02,taps,메이씨는 지난 십 일 월 삼십 에 새벽 시간대에 선도 신앙자로의 세무스 프려 차량 다섯 대 바기에 송제도 입히 혐를 받고 있다
p02_u28,p02,ce,에이씨는 지난 십 일 월 삼십 일 일 새벽 시간 대에 송더 신앙대로의 새무세프려와 차량 다섯 대 바에 홍균는 입풍이 혐리을 받고 있다
p02_u28,p02,ce_s40,장이씨는 지난 십 일 월 삼십 일 새벽 시간 대에 송더 신앙대로의 상문세부려와 차량 다섯 대 바에 송제를 임풍이 혐리을 받고 있다
p02_u28,p02,ce_s80,장이씨는 지난 십 일 월 삼십 대 새벽 시간 대에 속더 신앙대로의 생문세프려 차량 다섯 대 바에 통제를 임풍 혐리을 바고 있다
p02_u28,p02,ce_s160,장이씨는 지난 십 일 월 삼십 일 새벽 시간 대에 속더 신앙대로의 새문세부려 차량 다섯 대를 바에 홍제를 임풍 혐리를 받고 있다
p02_u28,p02,taps_s80,데이씨는 지난 십 일 월 삼십 에 새벽 시간대에 선도 신앙대로의 세무스 프려 차량 다섯 대 바기에 송제도 입히 혐의를 받고 있다
p02_u28,p02,taps_s160,데이씨는 지난 십 일 월 삼십 에 새벽 시간대에 선도 신앙자로의 세무슬 프려 차량 다섯 대 바기에 송제도 입은 혐의를 받고 있다
p02_u28,p02,ce_visible,에이씨는 지난 십 일 월 삼십 일 일 새벽 시간 대에 송더 신앙대로의 새무세프려와 차량 다섯 대 바에 홍균는 입풍이 혐리을 받고 있다
p02_u28,p02,ce_invisible,메이씨는 지난 십 일 월 삼십 에 새벽 시간대에 선도 신앙자로의 세무스 프려 차량 다섯 대 바기에 송제도 입히 혐를 받고 있다
p02_u29,p02,taps,연수사는 당시 신앙대로의 생마칠 배 여회가 뿌려져 있다는 신고를 접주받고 출동해 모을 소과했다
p02_u29,p02,ce,연 수사은 당시 신흥대로의 새 칠배 여계가 뿌래돼 있다는 신거를 접수받고 출동해 모습 소가했다
p02_u29,p02,ce_s40,연 수사은 당시 신용대로의 새 칠배 여배가 뿌야돼 있다는 신거를 접수받고 출동해 모습 소가했다
p02_u29,p02,ce_s80,연 수사은 당시 신용대로의 새 트배 여개가 뿌야 돼 있다는 신거를 접수받고 출동해 모습 소사했다
p02_u29,p02,ce_s160,연 수사은 당시 신용대로의 새는 칠배 여 개가 뿌야달 있다는 신고를 접수받고 출동해 옷을 소가했다
p02_u29,p02,taps_s80,연주선는 당시 신앙대로의 생마트 회여계가 뿌려져 있다는 신고를 접주받고 출동해 모습 소했다
p02_u29,p02,taps_s160,연주사는 당시 신앙대로의 새 마트 회 여회가 뿌려져 있다는 신고를 접수받고 출동해 모습 소과했다
p02_u29,p02,ce_visible,연 수사은 당시 신흥대로의 새 칠배 여계가 뿌래돼 있다는 신거를 접수받고 출동해 모습 소가했다
p02_u29,p02,ce_invisible,연수사는 당시 신앙대로의 생마트 배 여회가 뿌려져 있다는 신고를 접주받고 출동해 모을 소과했다
p02_u30,p02,taps,연준사는 범인을 관광하기 위해 강력 네개핀 광수대 한계핑동 한권 전담팀을 구성해 칠십 특인이 판문수 사를 통해 지난 십 칠 일 오후 여열 시께 에이시를 붙잡았다
p02_u30,p02,ce,윤 순사는 범인을 관고하기 위해 강력 매 광수대 한계핑으로 상권 전담팀을 구성해 시스프피 및 판문수 사를 통해 지난 십 칠 일 의후 여의 레이스를 붙잡았다
p02_u30,p02,ce_s40,윤 수사는 범인을 관고하기 위해 강력 네  광수대 한계핑으로 상권 전담팀을 구성해 시스프 및 한문수사를 통해 지난 십 칠 일 의후 여시의 레이스를 붙잡았다
p02_u30,p02,ce_s80,연 수사는 범인을 관고하기 위해 강력 네 건수대 한계핑으로 상권 전담팀을 구성해 시스트  및 판문수사를 통해 지난 십 칠 일 의후 여의 레이스를 붙잡았다
p02_u30,p02,ce_s160,연 수사는 범인을 관지하기 위해 강력 네 수대 한대핑으로 상권 전담팀을 구성해 시스 및 판문수사를 통해 지난 십 칠 일 의후 여시의 레이트를 붙잡았다
p02_u30,p02,taps_s80,연준사는 범인을 관광하기 위해 강력 네핀 광수대 한객핑로 한권 전담팀을 구성해 칠십 특이 터문수 사를 통해 지난 십 칠 일 오후 여시께 에이시를 붙잡았다
p02_u30,p02,taps_s160,연준사는 범인을 관광하기 위해 강력 네핀 광수대 한객핑동 한권 전담팀을 구성해 시십 특인이 카문수 사를 통해 지난 십 칠 일 오후 여 시께 에이시를 붙잡았다
p02_u30,p02,ce_visible,윤 순사는 범인을 관고하기 위해 강력 매 광수대 한계핑으로 상권 전담팀을 구성해 시스프피 및 판문수 사를 통해 지난 십 칠 일 의후 여께 레이스를 붙잡았다
p02_u30,p02,ce_invisible,연준사는 범인을 관광하기 위해 강력 네개핀 광수대 한계핑동 한권 전담팀을 구성해 칠십 특인이 판문수 사를 통해 지난 십 칠 일 오후 여열 시께 에이시를 붙잡았다
p02_u31,p02,taps,에이씨의 화문현대 노조 과의 여부는 현재까지 밝혀지지 않았으며 경찰은 범행 동지를 집중적으 조사할 예정이다
p02_u31,p02,ce,에이스크의 확문현대 노조 과입 여부는 현재까지 밝혀질지 않았으며 경찰은 범행 동계를 집증적으 조사할 예정이다
p02_u31,p02,ce_s40,에이의 확문현대 노조 과입 여부는 현재까지 밝혀질지 않았으며 경찰은 범행 동계를 집중적으 조사할 예정이다
p02_u31,p02,ce_s80,에이스의 확물현대 노조과입 여부는 현재까지 밝혀질지 않았으며 경찰은 범행 동계를 집중적으 조사할 예정이다
p02_u31,p02,ce_s160,에이스의 확모대 노조 과입 여부는 현재까지 밝혀질지 않았으며 경찰은 범행 동계를 집중적으 조사할 예정이다
p02_u31,p02,taps_s80,에이씨의 화문현대 노조 과의 여부는 현재까지 밝혀지지 않았으며 경찰은 범행 동계를 집중적으로 조사할 예정이다
p02_u31,p02,taps_s160,에이씨의 화문현대 노조 과의 여부는 현재까지 밝혀지지 않았으며 경찰은 범행 동계를 집중적으 조사할 예정이다
p02_u31,p02,ce_visible,에이스크의 확문현대 노조 과입 여부는 현재까지 밝혀질지 않았으며 경찰은 범행 동계를 집증적으 조사할 예정이다
p02_u31,p02,ce_invisible,에이씨의 화문현대 노조 과의 여부는 현재까지 밝혀지지 않았으며 경찰은 범행 동지를 집중적으 조사할 예정이다
p02_u32,p02,taps,연수석 관계자는 이십 팔 일 오후에 에이시를 불러 조사할 예정이며 추가영장 심청 여부는 이후에 결정될 것이라고 말했다
p02_u32,p02,ce,연순석 관계자는 이십 팔 일 오후의 에이스를 불러 조사할 예정이며 추가 영장 신청 여부는 이후에 결정될 것이라고 말했다
p02_u32,p02,ce_s40,연순석 관계자는 이십 팔 일 오후에 에이스를 불러 교사할 예정이며 추가 영장신청 여부는 이후에 결정될 것이라고 말했다
p02_u32,p02,ce_s80,연수석 관계자는 이십 팔 일 오후의 에이스를 불러 교사할 예정이며 추가 영장 신청 여부는 이후에 결정될 것이라고 말했다
p02_u32,p02,ce_s160,연순석 관계자는 이십 팔 일 오후의 에이스를 불러 조사할 예정이며 추가영장 신판 여부는 이후에 결정될 것이라고 말했다
p02_u32,p02,taps_s80,연수석 관계자는 이십 팔 일 오후에 에이시를 불러 조사할 예정이며 수가영장 심청 여부는 이후에 결정될 것이라고 말했다
p02_u32,p02,taps_s160,연수석 관계자는 이십 팔 일 오후에 에이시를 불러 조사할 예정이며 스가영장 심청 여부는 이후에 결정될 것이라고 말했다
p02_u32,p02,ce_visible,연순석 관계자는 이십 팔 일 오후의 에이스를 불러 조사할 예정이며 추가 영장 신청 여부는 이후에 결정될 것이라고 말했다
p02_u32,p02,ce_invisible,연수석 관계자는 이십 팔 일 오후에 에이시를 불러 조사할 예정이며 추가영장 심청 여부는 이후에 결정될 것이라고 말했다
p02_u33,p02,taps,기에피 파리바 카드풍 생명은 인공지능 기술을 활용한 시근이차 에아의 당넷 연금 보험을 출시했다고 이 일 밝혔다
p02_u33,p02,ce,위에피 파리바 카리프 생명은 인공지능 기술을 활용한 최그니터 에리아의 병넷 명금 보험을 출시했다고 이 일 밝혔다
p02_u33,p02,ce_s40,위에피 파리바 카드포 생명은 인공지능 기술을 활용한 최그리터 에아의 병넷 명금 보험을 출시했다고 이일 밝혔다
p02_u33,p02,ce_s80,부에핑 파리바 카드프 생명은 인공지능기술을 활용한 시그리터 에아의 병넷 명금 보험을 출시했다고 이을 밝혔다
p02_u33,p02,ce_s160,부에핑 파리바 카드프 생명은 인공지능기술을 활용한 시그니터 에이아의 병넷 명금보험을 출시했다고 이을 밝혔다
p02_u33,p02,taps_s80,기에인피 파리바 카드풍 생명은 인공지능 기술을 활용한 시근이차 에이아의 변넷 연금보험을 출시했다고 이 일 밝혔다
p02_u33,p02,taps_s160,기에피 파리바 카드풍 생명은 인공지능 기술을 활용한 시흥이차 에아의 당넷 연금보험을 출시했다고 이 일 밝혔다
p02_u33,p02,ce_visible,미에피 파리바 카리프 생명은 인공지능 기술을 활용한 최그니터 에리아의 병넷 명금 보험을 출시했다고 이 일 밝혔다
p02_u33,p02,ce_invisible,기에피 파리바 카드풍 생명은 인공지능 기술을 활용한 시근이차 에아의 당넷 연금 보험을 출시했다고 이 일 밝혔다
p02_u34,p02,taps,이 상품은 에이아이컨들 상장 지주퍼드 헌재 등 가양한 투자 선색지를 제공한다
p02_u34,p02,ce,이 상품은 연리아이판들 상당 지스 콘드 현대병 가양한 투자 선택지를 제공한다
p02_u34,p02,ce_s40,이 상품은 은리아이판들 상당 지술콘드 현대병 가량한 투자 선택지를 제공한다
p02_u34,p02,ce_s80,이 상품은 메리아이판 등 상당 지술퍼드 현대병 가양한 투자 선택지를 제공한다
p02_u34,p02,ce_s160,이 상품은 엘아이판 등을 상당 지수 퍼드 현 대병 가양한 투자 선택지를 제공한다
p02_u34,p02,taps_s80,이 상품은 에이아이컨들 상장 지주펀드 헌재 등 가양한 투자 선색지를 제공한다
p02_u34,p02,taps_s160,이 상품은 에이아이폰드 상장 지주퍼드 헌재 등 가양한 투자 선색지를 제공한다
p02_u34,p02,ce_visible,이 상품은 연리아이판들 상당 지스 콘드 현대병 가양한 투자 선택지를 제공한다
p02_u34,p02,ce_invisible,이 상품은 에이아이컨들 상장 지주퍼드 헌재 등 가양한 투자 선색지를 제공한다
p02_u35,p02,taps,국매 지시 페해주식 등 영역별로 특화대 에하의 알권리즘을 탑지한 하의 편스들를 제공해 고객의 투자 성향을 맞에 선택할수 있다
p02_u35,p02,ce,국매 주습 피외대 책병 영역별로 카드 하인 알권힘을 찾대한 하일 콘센트를 적용해 보객의 표자성량에 맞에 선택할 수 있다
p02_u35,p02,ce_s40,국매 주습 페외주 책병 영역별로 카드 하인 아권힘을 찾대한 액하일 콘센트를 제용해 고객의 표자성량에 맞에 선택할 수 있다
p02_u35,p02,ce_s80,국매 주습 피외대 책병 영역별로 카드 하의 아알권힘을 찾대한 하일 콘트를 제용해 보객의의 표자성향에 맞에 선택할 수 있다
p02_u35,p02,ce_s160,국매주시 피외대 책병 영역별로 카드 하인 알권힘을 찾대한 하일 콘트를 제용해 보객의 표자성령에 맞에 선택할 수 있다
p02_u35,p02,taps_s80,국매 지시 페해주식 등 영역별로 특화대 에하의 알권즘을 탑제한 하의 편스들를 제공해 보객의 투자 성향을 맞에 선택할수 있다
p02_u35,p02,taps_s160,국매 지시 페해주식 등 영역별로 화대 에하의 알버즘을 탑제한 하의 편스트를 제공해 보객의 투자 성향을 맞에 선택할 수 있다
p02_u35,p02,ce_visible,국매 주습 피외대 책병 영역별로 카드 하인 알권힘을 찾대한 하일 콘센트를 적용해 보객의 표자성량에 맡에 선택할 수 있다
p02_u35,p02,ce_invisible,국매 지시 페해주식 등 영역별로 특화대 에하의 알권리즘을 탑제지한 하의 편스들를 제공해 고객의 투자 성향을 맞에 선택할수 있다
p02_u36,p02,taps,이피 프투자를 원하는 고객들은 개별 위기 프폰등이 선택해 그달러 채권등의 영역에도 투자 수 있다
p02_u36,p02,ce,이피 파투자를 원하는 고백그은 개별 입슬프 판드 형색태 그 달러 채권 대의 영역에도 투자할 수 있다
p02_u36,p02,ce_s40,이피의 파투자을 원하는 고백들은 개별 입 슬프 판드 형색태 그 달러 채건 대의 영역에도 투자할 수 있다
p02_u36,p02,ce_s80,이피의 파투자를 원하는 고백들은 개별 입필프 판드 삼색태 그 달러 채건 대의 영역에도 투자할 수 있다
p02_u36,p02,ce_s160,이피의 프투자를 원하는 고백들은 개별 입슬프 판드 형색태 그달러 채건 적인 영역에도 투자할 수 있다
p02_u36,p02,taps_s80,이피 프투자를 원하는 고객들은 개별 위기프 폰등이 선택해 그달러 채권등의 영역에도 투자 수 있다
p02_u36,p02,taps_s160,이피 프투자를 원하는 고객들은 개별 위케북폰등이 선택해 그달러 채권등의 영역에도 투자 수 있다
p02_u36,p02,ce_visible,이피 파투자를 원하는 고백그은 개별 입슬프 판드 형색태 그 달러 채건 대의 영역에도 투자할 수 있다
p02_u36,p02,ce_invisible,이피 프투자를 원하는 고객들은 개별 위기 프폰등이 선택해 그달러 채권등의 영역에도 투자 수 있다
p02_u37,p02,taps,사망을 보장하는 일반 사명분과 고도제 장애를 보장하는 개장애 중 선택 가능하며 납입기간및 의용에 따라 영세부터 칠십 세까지 가입할 수 있다
p02_u37,p02,ce,함망을 보장하는 일반 사명과 보도제 당행를 보장하는 제 장내중 한택이 가능하며 납입기간및 운혹에 따라 영세부터 칠십 세까지 가입할 수 있다
p02_u37,p02,ce_s40,사망을 보장하는 일반 삼명과 보도제 당행를 보장하는 제 장내등 한택이 가능하며 납입기까및 운혹에 따라 영세부터 칠십 세까지 가입할 수 있다
p02_u37,p02,ce_s80,함망을 보장하는 일반 삼명과 보도제의 당해를 보장하는 새 장내 등 한택이 가능하며 납입간및 운혹에 따라 영세부터 칠십세까지 가입할 수 있다
p02_u37,p02,ce_s160,함망을 보장하는 일반 삼명과 보도제의 당를 보장하는 제 장내 등 한택 가능하며 납입기간 및 운용에 따라 영세부터 칠십세까지 가입할 수 있다
p02_u37,p02,taps_s80,사망을 보장하는 일반 삼명과 고도제 장애를 보장하는 제장애 중 선택 가능하며 납입기간및 의용에 따라 영세부터 칠십 세까지 가입할수 있다
p02_u37,p02,taps_s160,사망을 보장하는 일반 삼명만과 고도제 장애를 보장하는 제장애 중 선택 가능하며 납입기간및 인용에 따라 영세부터 칠십 세까지 가입할 수 있다
p02_u37,p02,ce_visible,함망을 보장하는 일반 사명과 보도제 당행를 보장하는 제 장내중 한택이 가능하며 납입기및 운혹에 따라 영세부터 칠십 세까지 가입할 수 있다
p02_u37,p02,ce_invisible,사망을 보장하는 일반 사명공과 고도제 장애를 보장하는 개장애 중 현택 가능하며 납입기간및 의용에 따라 영세부터 칠십 세까지 가입할 수 있다
p02_u38,p02,taps,기본고험료은 정해평 시만원 이상 일시나 삼천 만원 이상으로 가입하수 있다
p02_u38,p02,ce,그본보험료는 경비평 십 만원 이상 일산는 삼성만원 이상으로 가입할 수 있다
p02_u38,p02,ce_s40,불본보험료는 정비평 일 만원 이상 일산는 삼성만원 이상으로 가입할 수 있다
p02_u38,p02,ce_s80,불본보험료는 경비평 십 만원 이상 일 산나 삼성만원 이상으로 가입할 수 있다
p02_u38,p02,ce_s160,불본보험료는 경비평 십 만원 이상 일 신남 삼성만원 이상으로 가입할 수 있다
p02_u38,p02,taps_s80,기본고험료은 정기태 십만원 이상 일신나 삼천 만원 이상으로 가입할수 있다
p02_u38,p02,taps_s160,기본고험료은 정해평 시마원 이상 일시남 삼천 만원 이상으로 가입할수 있다
p02_u38,p02,ce_visible,그본보험료는 경비평 십 만원 이상 일산는 삼성만원 이상으로 가입할 수 있다
p02_u38,p02,ce_invisible,기본고험료은 정해평 시만원 이상 일시나 삼천 만원 이상으로 가입하수 있다
p02_u39,p02,taps,일정 기간 정밋후 보다 안정적인 식관리를 원한다면 공식 이로 정못 되는 일반 개정 변한 채권 이기이을 재간평 판드로의 정비금 이전 정도 활용할 수 있다
p02_u39,p02,ce,일정 기간 장밋품 보다 안정적인 수관리를 원한다면 공식이로 정액 되는 일반 개정 변단 세권 입입을 제반접평 판대로의 정비금 이전 등로 활용할 수 있다
p02_u39,p02,ce_s40,일정 기간 장밋품 보다 안정적인 수입관리를 원한다면 공식이율로 정입 되는 일반 개정 교단 세권 입입프 재반접평 판대로의 정내금 이전 등로 활용할 수 있다
p02_u39,p02,ce_s80,일정 기간 장밋부 보다 안정적인 수관리를 원한다면 공식이로 정입 되는 일반 결정 교한 세건 입입프 재반접평 판대로의 정내금 이선 등로 활용할 수 있다
p02_u39,p02,ce_s160,일단 기간 장밋품 보다 안정적인 수관리를 원한다면 공식이로 정해되는 일반 개정 교한 세건 입입을 재반접평 판대로의 정액금 이전 등로 활용할 수 있다
p02_u39,p02,taps_s80,일정 기간 정밋터 보다 안정적인 식관리를 원한다면 공식 이로 정기 되는 일반 개정 변한 채권 익기이플 제간자평 판드로의 정비금 이전 정도 활용할 수 있다
p02_u39,p02,taps_s160,일정 기간 정밋후 보다 안정적인 식관리를 원한다면 공식 이로 정못 되는 일반 개정 변한 채권 익기이플 제반자평 판드로의 정밋금 이전 정도 활용할 수 있다
p02_u39,p02,ce_visible,일정 기간 장밋품 보다 안정적인 수관리를 원한다면 공식이로 정액 되는 일반 개정 변단 세건 입입을 제반접평 판대로의 경비금 이전 등로 활용할 수 있다
p02_u39,p02,ce_invisible,일정 기간 정밋후 보다 안정적인 식관리를 원한다면 공식 이로 정못 되는 일반 개정 변한 채권 이기이을 재간자평 판드로의 정비금 이전 정도 활용할 수 있다
p02_u40,p02,taps,이재명 더불어민주당 대상 후보가 사전 사트 전날인 사 일 강원도 서처를 방문에 한편을 상긴 사려던 계약을 바고 서울 강화문에서 특자 하기로 했다
p02_u40,p02,ce,이생명 더불어민주당 대선 후보가 사전 숲배 전날인 사 일 강원도 섞처를 방문해 한폐를 상이 사내려던 계액을 받고 서울 광화문에서 특불를 하기로 했다
p02_u40,p02,ce_s40,이생명 더불어민주당 대선 후보가 사전 숲배 전날인 사 일 강원도 섞처를 방문해 한편를 상이 사내했던 계액을 받고 서울 광화문에서 특표를 하기로 했다
p02_u40,p02,ce_s80,이백명 더불어민주당 대선 후보가 사전 숲배 전날인 사 일 강원도 속처를 방문해 한편를 상긴 사내려던 계액을 받고 서울 광화문에서 특표를 하기로 했다
p02_u40,p02,ce_s160,이백명 더불어민주당 대선후보가 사전 숲배 전날인 사 일 강원도 속처를 방문해 한편를 상긴 사내를던 계액을 받고 서울 광화문에서 특표를 하기로 했다
p02_u40,p02,taps_s80,이재명 더불어민주당 대선 후보가 사전 사트 전날인 사 일 강원도 석처를 방문에 한편을 생긴 사열려던 계약을 바고 서울 강화문에서 특자 하기로 했다
p02_u40,p02,taps_s160,이재명 더불어민주당 대선 후보가 사전 스트 전날리 사 일 강원도 서처를 방문에 한편을 생긴 사려던 계획약을 바고 서울 강화문에서 특자 하기로 했다
p02_u40,p02,ce_visible,이생명 더불어민주당 대선 후보가 사전 숲배 전날인 사 일 강원도 섞처를 방문해 한폐를 상이 사내려던 계액을 받고 서울 광화문에서 특불를 하기로 했다
p02_u40,p02,ce_invisible,이재명 더불어민주당 대상 후보가 사전 사트 전날인 사 일 강원도 서처를 방문에 한편을 상긴 사려던 계약을 바고 서울 강화문에서 특자 하기로 했다
p02_u41,p02,taps,운석결 국민의 태상후보와 안철수 국민의당 후보간 당일화가 전격 선사들면서 서울 개신 집중 공약에 나서기 위한 것으로 풀이된다
p02_u41,p02,ce,문석별 국민의인 대화후보와 안철소 국민의당 후보가 변일화가 정격 선사되면서 서울 폐상 집중 공약에 나서기 위한 것으로 풀이된다
p02_u41,p02,ce_s40,문석별 국민의인 백나 후보와 안철소 국민의당 후보가 강일화가 정격선사되면서 서울 폐시 집중 공약에 나서기 위한 것으로 풀이된다
p02_u41,p02,ce_s80,윤터별 국민의행 화 후보와 안철소 국민의당 후보가 강일화가 정격 선사되면서 서울 폐상 집중 공약에 나서기 위한 것으로 풀이된다
p02_u41,p02,ce_s160,문터별 국민의행 백후보와 안철소 국민의당 후보가 강일화가 전격 선사되면서 울 폐신 집중 공약에 나서기 위한 것으로 풀이된다
p02_u41,p02,taps_s80,문석열 국민의 대상후보와 안철수 국민의당 후보간 당일화가 정격 선사되면서 서울 해신 집중 공약에 나서기 위한 것으로 풀이된다
p02_u41,p02,taps_s160,문석결 국민의 태상후보와 안철수 국민의당 후보간 당일화가 전격 선사되면서 서울 해신 집중 공약에 나서기 위한 것으로 풀이된다
p02_u41,p02,ce_visible,문석별 국민의인 대화후보와 안철소 국민의당 후보가 변일화가 정격 선사되면서 서울 폐신 집중 공약에 나서기 위한 것으로 풀이된다
p02_u41,p02,ce_invisible,운석결 국민의 태상후보와 안철수 국민의당 후보간 당일화가 전격 선사들면서 서울 개신 집중 공약에 나서기 위한 것으로 풀이된다
p02_u42,p02,taps,삼 일 민주당 강원선대일은 사 일 이 후보의 서조 사전 특턴에 직중 유자가 치소됐다며 다만 강동이 층천 측중 주에는 예정대로 진행할 예정이라고 밝혔다
p02_u42,p02,ce,한미 민주당 강원 환대위는 사일 이 후보의 서 사전 특품및 측중 유세가 치소됐다며 다만 강릉및 풍찰 식중 교수는 예정자로 진행할 예정이라고 밝혔다
p02_u42,p02,ce_s40,한일 민주당 강원 환대후는 사일 이 후보의 서 사전 특품의 측 유세가 치소됐다며 다만 강릉및 풍찰 측중 교수는 예정등로 진행할 예정이라고 밝혔다
p02_u42,p02,ce_s80,삼 일 민주당 강원 환대인는 사일 이 후보의 서 사전 특표의 직중 유세가 치소됐다며 다만 강릉및 풍찰 측중 교수는 예정등로 진행할 예정이라고 밝혔다
p02_u42,p02,ce_s160,한일 민주당 강원 환대후는 사일 이 후보의 서사전 특표및 직중 유세가 치소됐다며 다만 강릉및 풍찰 특 교수는 예정배로 진행할 예정이라고 밝혔다
p02_u42,p02,taps_s80,삼 일 민주당 강원선대일은 사 일 이 후보의 서조 사전 특트에 직중 유체가 치소됐다며 다만 강릉이 층천 집등 주에는 예정대로 진행할 예정이라고 밝혔다
p02_u42,p02,taps_s160,삼 일 민주당 강원선대일은 사 일 이 후보의 서조 사전 특트및 직중 유자가 치소됐다며 다만 강동이 층천 측등 주세는 예정자로 진행할 예정이라고 밝혔다
p02_u42,p02,ce_visible,한미 민주당 강원 환대에는 사 일 이 후부의 서 사전 특품및 측 유세가 치소됐다며 다만 강릉및 통찰 식중 교수는 예정자로 진행할 예정이라고 밝혔다
p02_u42,p02,ce_invisible,삼 일 민주당 강원선대일은 사 일 이 후보의 서조 사전 특턴에 직중 유자가 치소됐다며 다만 강동이 층천 측중 주세는 예정대로 진행할 예정이라고 밝혔다
p02_u43,p02,taps,이어 관련 민주당 선대 관계자는 야권 단일가로 상황이 김박해졌다며 서울에서 특별하며 국민들에게 사전 특별 청리를 건의할 예정이라고 말했다
p02_u43,p02,ce,이와 관련 민수당 선대 관계자는 야간 단일라로 상황이 비박해졌다며 허울에서 투표하며 국민들에게 빠은 투표 참여을 건유할 예정이라고 말했다
p02_u43,p02,ce_s40,이와 관련 민수당 선대 관계자는 야간 단일라로 상황이 비박해졌다며 허울에서 투표하며 국민들에게 빠전 투표 선여를 건유할 예정이라고 말했다
p02_u43,p02,ce_s80,이와 관련 민수당 선대 관계자는 야간 단일라로 상황이 비박해졌다며 허울에서 투표하며 국민들에게 빠은 투표 참여대 건유할 예정이라고 말했다
p02_u43,p02,ce_s160,이와 관련 민수당 선대 관계자는 야간 단일라로 상황이 비박해졌다며 허울에서 투표하며 국민들에게 빠은 투표 선여을 건유할 예정이라고 말했다
p02_u43,p02,taps_s80,이어 관련 민주당 선대 관계자는 야권 단일가로 상황이 긴박해졌다며 서울에서 특별하며 국민들에게 사전 특별 청약을 건의할 예정이라고 말했다
p02_u43,p02,taps_s160,이어 관련 민주당 선대 관계자는 야권 단일가로 상황이 긴박해졌다며 서울에서 특하며 국민들에게 사전 특표 청약을 건의할 예정이라고 말했다
p02_u43,p02,ce_visible,이와 관련 민수당 선대 관계자는 야간 단일라로 상황이 비박해졌다며 서울에서 투표하며 국민들에게 빠은 투표 참여을 건유할 예정이라고 말했다
p02_u43,p02,ce_invisible,이어 관련 민주당 선대 관계자는 야권 단일가로 상황이 김박해졌다며 서울에서 특별하며 국민들에게 사전 특별 청리를 건의할 예정이라고 말했다
p02_u44,p02,taps,당초 이후보는 강원이 케스팅 부터로 꼽페운 만편 강원 민심을 찾기 위의 사해 후처에서 사전 후표를 한 뒤 장문과 출천등을 찾을 에 계획이다
p02_u44,p02,ce,당초 이 후보는 강원이 케스팅 그하로 꼽해만큼 광원민심의 잡기 위해 사해 후처에서 사전 후표를 한 뒤 강문과 출천 등을 찾을 얘계획이다
p02_u44,p02,ce_s40,당초 이 후보는 강원이 케스팅 그하로 꼽해원만큼 광원 민심을 잡기 위해 사해 후처에서 사전 후표를 한 뒤 강문과 출천 등을 찾을 얘계획 이다
p02_u44,p02,ce_s80,당편 이 후보는 강원이 케스팅 스하로 꼽해고만큼 광원민심을 잡기 위해 사해 후처에서 사전 후표를 한 뒤 강문과 칠천 등을 찾을 얘계획 이다
p02_u44,p02,ce_s160,당초 이 후보는 강원이 테스팅 그파로 꼽해현만큼 광원민심을 잡기 위해 사해 후처에서 사전 후표를 한 뒤 강문과 칠천 등을 사을 얘계를 이다
p02_u44,p02,taps_s80,당초 이 후보는 강원이 케스팅 부터로 꼽페운 만편 강원민심을 찾기 위해 사 해 서처에서 사전 후표를 한 뒤 장문가 출천등을 찾을 에 계획이다
p02_u44,p02,taps_s160,당초 이후보는 강원이 케스팅 부터로 꼽페운 만편 강원민심을 찾기 위의 사해 서처에서 사전 후표를 한 뒤 장문가 출천 등을 찾을 할 계획이다
p02_u44,p02,ce_visible,당초 이 후보는 강원이 케스팅 스하로 꼽해욕원만큼 광원민심을 잡기 위해 사해 후표에서 사전 후표를 한 뒤 장문과 출천 등을 사을 얘계획이다
p02_u44,p02,ce_invisible,당초 이후보는 강원이 케스팅 부터로 꼽페운 만편 강원 민심을 찾기 위의 사해 승처에서 사전 후표를 한 뒤 장문과 출천등을 찾을 에 계획이다
p02_u45,p02,taps,하지만 이날 야권보 단일나로 안 후보를 지시했던 중덕층 폐심을 끌어올기 위해 사전 투표 장소를 서율로 바꾼 것으로 보인다
p02_u45,p02,ce,하지만 이날 야권 후보 단일화로 안 후보를 지시했던 정독층 팔심을 끌어기 위해 사전 투표 당속를 서로 바힌 것으로 보인다
p02_u45,p02,ce_s40,하지만 이날 야권 후보 단일라로 안 후보를 지시했던 정독 팔심을 끌어기 위해 사전 투표 당속를 서로 바은 것으로 보인다
p02_u45,p02,ce_s80,하지만 이날 야권 후보 단일화로 안 후보를 지시했던 정독층 팔심을 끌어기 위해 사전 투표 장소를 서로 바은 것으로 보인다
p02_u45,p02,ce_s160,하지만 이날 야권 후보 단일라로 안 후보를 지시했던 정독팔심을 끌어기 위해 사전 투표 장소를 서로 바은 것으로 보인다
p02_u45,p02,taps_s80,하지만 이날 야권보 단일나로 안 후보를 지시했던 중덕층 표심을 끌어올기 위해 사전 투표 장소를 서울로 바꾼 것으로 보인다
p02_u45,p02,taps_s160,하지만 이날 야권보 단일나로 안 후보를 지시했던 중덕층 폐심을 끌어올기 위해 사전 투표 장소를 서로 바꾼 것으로 보인다
p02_u45,p02,ce_visible,하지만 이날 야권 후보 단일라로 안 후보를 지시했던 정독층 팔심을 끌어기 위해 사전 투표 당속를 서로 바힌 것으로 보인다
p02_u45,p02,ce_invisible,하지만 이날 야권보 단일나로 안 후보를 지시했던 중덕층 폐심을 끌어올기 위해 사전 투표 장소를 서율로 바꾼 것으로 보인다
p02_u46,p02,taps,한진표 순창펴고 옮교적 권당이 부활자을 맞아 대활용 고문을 활용한 고흥달이 가족부활카계한 콘스트를 열어 눈기를 끝다
p02_u46,p02,ce,한 국가 큰상 교고 옮교동 권당이 보활때을 맞아 계활용 부문 활용한 고름달이 가족부가 특하 계단 콘텐스트를 열어 눈기로 끝다
p02_u46,p02,ce_s40,한 국가 신상 교고 옮교동 권당이 보활터을 맞아 대활용 품문을 활용한 그름달이 가족구가 특하 계단 콘퍼트를 열어 눈기을 끝다
p02_u46,p02,ce_s80,한 중가 큰상 교고 옮교동 권당이 보활뼈을 맞아 대활용품을 활용한 그름달이 가족부가 특하 계한 콘퍼트를 열어 눈기를 끝다
p02_u46,p02,ce_s160,한 작가 큰청 교고 옮교동 본당이 보활따을 맞아 대활용 품을 활용한 그름 달이 가족구가 특하 계란콘퍼트를 열어 눈빛를 끝다
p02_u46,p02,taps_s80,한재표 순창격고 옮교적 권당이 보활자을 맞아 대활용 수문을 활용한 군흥달이 가족 부 카계란 콘스트를 열어 눈기를 끝다
p02_u46,p02,taps_s160,한재표 순창격고 공교적 권당이 부활자을 맞아 재활용 품문을 활용한 고음달이 가족부활카 계란 콘스트를 열어 눈기을 끝다
p02_u46,p02,ce_visible,한 대가 큰청 교고 옮교동 권당이 보활때을 맞아 계활용 부문 활용한 그름달이 가족부가 특하 계단콘텐스트를 열어 눈기로 끝다
p02_u46,p02,ce_invisible,한진표 신창펴고 옮교적 권당이 부활자을 맞아 대활용 고문을 활용한 고흥달이 가족부활카계한 콘스트를 열어 눈기를 끝다
p02_u47,p02,taps,삼미 받을 줘서 칠 년 여성을 지내며 환경회복을 실천하고 있는 공교동 본당은 지난 십 칠 일 구 월 대책이 미사에서 콘텐스트 우수작을 발사하고 나움을 진행했다
p02_u47,p02,ce,한미바을서서 칠 천 여성을 지내면 환경회복을 실천하고 있는 옮교성 본당은 지난 십 칠 일 부발 대책기 미사에서 컨페스크 의수사을 발표하고 나움을 진행했다
p02_u47,p02,ce_s40,한미받을 로서 칠 년 여성을 지내면 환경회복을 실천하고 있는 온교동 분당은 지난 십 칠 일 보발 대최질 미사에서 콤페스프 의술사을 발표하고 나움을 진행했다
p02_u47,p02,ce_s80,한미 받은 속서 칠 년 여성을 지내면 환경회복을 실천하고 있는 공교동 분당은 지난 십 칠 일 부발 대최질 미사에서 콤페스트 의술사을 발표하고 나움을 진행했다
p02_u47,p02,ce_s160,한미 받은 서서 칠 년 여성을 지내면 환경회복을 실천하고 있는 온교동 분당은 지난 십 칠 일 부발 대최기 미사에서 컨페스프 의술사을 발표하고 나움을 진행했다
p02_u47,p02,taps_s80,삼미 바을 조서 칠 년 여정을 지내며 환경회복을 실천하고 있는 용교동 본당은 지난 십 칠 일 구 월 대책이 미사에서 콘텐스크 우수작을 발사하고 나움을 진행했다
p02_u47,p02,taps_s160,삼미 바을 조서 칠 년 여성을 지내며 환경 회복을 실천하고 있는 용교동 본장은 지난 십 칠 일 구 월 대책이 미사에서 콘텐스트 우수자을 발사하고 나움을 진행했다
p02_u47,p02,ce_visible,삼미 바을서서 칠 천 여성을 지내면 환경회복을 실천하고 있는 온교성 분당은 지난 십 칠 일 부발 대책기 미사에서 콤페스트 의수사을 발표하고 나움을 진행했다
p02_u47,p02,ce_invisible,삼미 받을 줘서 칠 년 여성을 지내며 환경회복을 실천하고 있는 공교동 본당은 지난 십 칠 일 구 월 대책이 미사에서 콘텐스트 우수작을 발사하고 나움을 진행했다
p02_u48,p02,taps,홍교동 권당 사업해 참미 가을 수사 문가와 공사 분가과 마련한 이번 콘테스티는 겨활용성이나 재사용이 가능한 물품을 활용해 부발절 계란의 선부이행데 이미를 뒀다
p02_u48,p02,ce,문교동 본당 사모페 삼일받을 소서 문가와 봉사 분가과 마련한 이번 컨페스크는 겨발용 소미나 재사용이 가능한 물품을 활용해 보활절 계단의 산부 있는데 의미를 뒀다
p02_u48,p02,ce_s40,문교동 본당 사모페 참일받을 소서 문가와 봉사 분가과 마련한 이번 컨페스크는 겨발용 소미나 재사용이 가능한 물품을 활용해 보활절 계단의 선부이는데 의미를 뒀다
p02_u48,p02,ce_s80,문교동 본당 사모페 참일받을 수서 문가와 봉사 분가과 마련한 이번 콘페스크는 겨발용 소이나 재사용이 가능한 물품을 활용해 보활절 계단의 선부이는 데 의미를 거다
p02_u48,p02,ce_s160,문교동 본당 사모페 참일받을 소서 문가와 봉사 분가과 마련한 이번 콘텐스크는 겨활용 혐미나 재사용이 가능한 물품을 활용해 보할활절 계단의 산부했있는데 의미를 거다
p02_u48,p02,taps_s80,홍교동 곤당 사업해 찬미 가주수사 문가와 공사 분가과 마련한 이번 콘테스트는 겨활용성이나 재사용이 가능한 물품을 활용해 부발절 계란의 선보이행데 의미를 뒀다
p02_u48,p02,taps_s160,홍교동 권당 사업케 찬미 받주수사 문가와 공사 분가과 마련한 이번 콘텐스티는 겨활용성이나 재사용이 가능한 물품을 활용해 부발절 계란의 선부이행데 의미를 썼다
p02_u48,p02,ce_visible,문교동 본당 사모페 삼일받을 소서 문가와 봉사 분가과 마련한 이번 컨페스트는 겨발용 혐미나 재사용이 가능한 물품을 활용해 보활절 계단의 선부 있는데 의미를 뒀다
p02_u48,p02,ce_invisible,홍교동 권당 사업해 참미 가주 수사 문가와 공사 분가과 마련한 이번 콘테스티는 겨활용성이나 재사용이 가능한 물품을 활용해 부발절 계란의 선부이행데 이미를 뒀다
p02_u49,p02,taps,대활용품을 얼마나 잘 활용했는지와 얼마나 영성적인지 심리적지를 심사했다
p02_u49,p02,ce,대활 령품을 얼마나 잘 활용했는지와 얼마나 영성적 지 스민이당지를 심사했다
p02_u49,p02,ce_s40,개발령품을 얼마나 잘 활용했는일와 얼마나 영성적 지 스민당지를 신사했다
p02_u49,p02,ce_s80,개발령품을 얼마나 잘 활용했는씨와 얼마나 영성적 지 스민이당지를 심사했다
p02_u49,p02,ce_s160,대발 령품을 얼마나 잘 활용했는지와 얼마나 영성적 지 스민이적지를 심사했다
p02_u49,p02,taps_s80,대활용품을 얼마나 잘 활용했는지와 얼마나 영상적인지 시이적지를 심사했다
p02_u49,p02,taps_s160,대활용품을 얼마나 잘 활용했는지와 얼마나 영성적인지 심리 적지를 심사했다
p02_u49,p02,ce_visible,대활 령품을 얼마나 잘 활용했는지와 얼마나 영성적 지 스민이당지를 심사했다
p02_u49,p02,ce_invisible,대활용품을 얼마나 잘 활용했는지와 얼마나 영상적인지 심리적지를 심사했다
p02_u50,p02,taps,컨테스태일이는 세자과 나무적가라 개단한 떨어진 설립을 주어 예수님이 대의 우르신 모습을 케현한 사차 프랑호나몬팅에 돌아갔다
p02_u50,p02,ce,컨텐스페일의는 햇벽들과 나무적가라 대단판 떨어진 설립을 두어 예승님이 베의 의르신 모습을 표현한 사차 프른 호나모팀에 돌아갔다
p02_u50,p02,ce_s40,컨테스페일의는 햇트병과 나무적가라 재단판 떨어진 설립을 주어 예승이 베의 의르신 모습을 표현한 사차 프른 손나후팀에 보아갔다
p02_u50,p02,ce_s80,컨테스페일의는 햇도병과 나무적가라 단판 떨어진 설립을 두어 예승민이 베의 의르신 모습을 표현한 사차 프른 호나후팀에 돌아갔다
p02_u50,p02,ce_s160,컨텐스페일의는 햇과 나무적가라 재남판 떨어진 설립을 두어 예승민 베의 의르신 모습을 표현한 사차 프른 호나후팀에 들어갔다
p02_u50,p02,taps_s80,컨테스태일이는 세병과 나무적가라 개한한 떨어진 설림을 주어 예수님이 대의 우르신 모습을 해현한 사차 프랑호나몬팅에 돌아갔다
p02_u50,p02,taps_s160,컨테스트일이는 색자과 나무적가라 개담한 떨어진 설립을 주어 예수님이 대의 우르신 모습을 태현한 사차 프랑호나몬 팅에 돌아갔다
p02_u50,p02,ce_visible,컨텐스페일의는 햇벽들과 나무적가라 대단판 떨어진 설립을 두어 예승님이 베의 의르신 모습을 표현한 사차 프른 호나모팀에 돌아갔다
p02_u50,p02,ce_invisible,컨테스태일리는 세자과 나무적가라 개단한 떨어진 설립을 주어 예수님이 대의 우르신 모습을 케현한 사차 프랑호나몬팅에 돌아갔다
p02_u51,p02,taps,한님 바은수서 칠 년 여성은 두왕청의 제안에 따라 전세계의 가털리 교회가 동참하는 성경선페이다
p02_u51,p02,ce,한미 밤에수서 칠 년 여성은 교왕청의 제안에 따라 세계의 같은리 교회가 동산하는 환명품생이다
p02_u51,p02,ce_s40,한리 밤을서서 칠 년 여성은 교왕청의 제안에 따라 전세계의 같리 교회가 동산하는 환경품생이다
p02_u51,p02,ce_s80,한미 밤에서서 칠 년 여성은 교왕청의 제안에 따라 전세계의 가리 교회가 동산하는 환경품셈이다
p02_u51,p02,ce_s160,한미 밤에서서 칠 년 여성은 교왕청의 제안에 따라 전세계의 가리 교회가 동산하는 환경품셈이다
p02_u51,p02,taps_s80,한님 받을수서 칠 년 여성은 두왕청의 제안에 따라 전세계의 가털리 교회가 동참하는 성명판페이다
p02_u51,p02,taps_s160,한님 받으소서 칠 년 여성은 두왕청의 제안에 따라 전세계의 가은리 교회가 동참하는 성경경페이다
p02_u51,p02,ce_visible,한미 밤으서 칠 년 여성은 교왕청의 제안에 따라 세계의 같은리 교회가 동산하는 환명품생이다
p02_u51,p02,ce_invisible,한님 바은수서 칠 년 여성은 두왕청의 제안에 따라 전세계의 가털리 교회가 동참하는 성경선페이다
p02_u52,p02,taps,전국 교구에서 지구와 인주 공동체의 생퇴적 위기에 대한 성각심을 갖고 다양한 실처 방안을 퇴시 행동하고 있다
p02_u52,p02,ce,전국교구에서 지구와 인류 공동체의 생체적 미시에 대한 성과힘름을 갖고 다양한 실천 방안을  행동로고 있다
p02_u52,p02,ce_s40,전북교구에서 지구와 인류 공동체의 생체적 지시에 대한 성과힘름을 갖고 다양한 실천 방안을 되 행동만 있다
p02_u52,p02,ce_s80,전국 교구에서 지구와 인류 공동체의 생체적 이시에 대한 성과심을 받고 다양한 실천 방안을  행동고고 있다
p02_u52,p02,ce_s160,전국 교구에서 지구와 인류 공동체의 생체적 미지에 대한 성각심을 갖고 다양한 실천 방안을 되 행동만고 있다
p02_u52,p02,taps_s80,전국 교구에서 지구와 인주 공동체의 생퇴적 위기에 대한 성각심을 갖고 다양한 시처 방안을 뜻시 행검하고 있다
p02_u52,p02,taps_s160,전국 교구에서 지구와 인주 공동체의 퇴적 위기에 대한 성각심을 갖고 다양한 실처 방안을 뜻시 행동하고 있다
p02_u52,p02,ce_visible,전국교구에서 지구와 인류 공동체의 생체적 미시에 대한 성각힘름을 갖고 다양한 실천 방안을 되 행동로고 있다
p02_u52,p02,ce_invisible,전국 교구에서 지구와 인주 공동체의 생퇴적 위기에 대한 성각심을 갖고 다양한 실처 방안을 퇴시 행동하고 있다
p02_u53,p02,taps,대한한공위 커로는 이후의 상 회복 전환에 담하춰 고객들의 마을리지 사용탄일에 의한 서객렌스를 확제하고 있다
p02_u53,p02,ce,대한한공은 코로나 이흑의  회 전환해 백마트로 고객대대 마리진니 사용 판지를 위한 로백들을 확대하고 있다
p02_u53,p02,ce_s40,대한한공은 코로나 이후의  회복 전환해 백마트로 고객대대 마리순니 사용 판를 위한 클라백트을 확대하고 있다
p02_u53,p02,ce_s80,대한한공은 코로나 이흑의 당 회복 전환해 백아트럼 고객대대 마리순니 사용 편지를 위한 로백들을 확대하고 있다
p02_u53,p02,ce_s160,대한한공은 코로란 이흑의 당 회복 전환해 백마춰 고객대대 마일리순니 사용 편지를 위한 클라백들을 확대하고 있다
p02_u53,p02,taps_s80,대안한공기 커는 이후의 상 회복 전환에 달하춰 고객들대 마을리지 사용판일에 위한 서객스를 확제하고 있다
p02_u53,p02,taps_s160,대한항공미 커터는 이후의 상 현국 전환에 하춰 고객들의 마을리지 사용탄일에 이한 서객스을 확제하고 있다
p02_u53,p02,ce_visible,대한한공은 코로나 이흑의  회 전환해 백마트로 고객대대 마리진니 사용 판지를 위한 클로백스을 확대하고 있다
p02_u53,p02,ce_invisible,대한한공위 커로는 이후의 상 회복 전환에 다하춰 고객들의 마을리지 사용탄일에 의한 서객렌스를 확제하고 있다
p02_u54,p02,taps,대한왕공은 이달 삼십 일 일까지 대한한공 페이지 및 모바일로 패씨는 라이지를 이용하는 승객 들에게 마일린지르 성거해지는 페인된 무멘트를 진행한다고 사 일 밝혔다
p02_u54,p02,ce,대한항공은 이날 삼십 일 일까지 대한한공 홈 페이및 모바일로 패스티 날를수를 이용하는 승객 들에게 마일리시를 환급 폐스는 백 백 리멘트를 진행한다고 사 일 밝혔다
p02_u54,p02,ce_s40,대한왕공은 이날 삼십 일 일까지 대한한공홈 페이지및 모바일로 패스티는 말수를 이용하는 승객 들에게 마일리시를 환급 폐스는 생백 리멘트를 진행한다고 사 일 밝혔다
p02_u54,p02,ce_s80,대한왕공은 이날 삼십 일 일까지 대한남공홈페이 및 모바일로 패스스 말르수를 이용하는 승객 들에게 마일리시를 환급 폐스는 백 백 리멘트를 진행한다고 사 일 밝혔다
p02_u54,p02,ce_s160,대한왕공은 이날 삼십 일 일까지 대한남공홈 페이 및 모바일로 패스피는 라르수를 이용하는 승객 들에게 마일리시를 환급 폐즌는 백 백 리멘트를 진행한다고 사 일 밝혔다
p02_u54,p02,taps_s80,대한왕공 이달 삼십 일 일까지 대한한공 페이지 및 모바일로 패시는 마이지를 이용하는 승객 들에게 마일지르 성거해지는 페인된 무멘트를 진행한다고 사 일 밝혔다
p02_u54,p02,taps_s160,대한왕공 이달 삼십 일 일까지 대한한공온 페이지 및 모바일로 케씨는 마이지를 이용하는 신객 들에게 마일린지를 성거해지는 페인된 무멘트를 진행한다고 사 일 밝혔다
p02_u54,p02,ce_visible,대한항공은 이날 삼십 일 일까지 대한한공 홈 페이및 모바일로 패스티 날르수를 이용하는 승객 들에게 마일리시를 환급 폐스는 백 백 리멘트를 진행한다고 사 일 밝혔다
p02_u54,p02,ce_invisible,대한왕공은 이달 삼십 일 일까지 대한한공 페이지 및 모바일로 패씨는 라이지를 이용하는 승객 들에게 마일린지르 성거해지는 페인된 무멘트를 진행한다고 사 일 밝혔다
p02_u55,p02,taps,대한안공 관계자는 황공권 구매시 우민 일부를 마을리지못 대신 사용하면 최대 사백 나에까지 마리지를 다시 돌려 들린다고 설명했다
p02_u55,p02,ce,대한안공 관계자는 홍공관 금매시 은닉 일부를 마을리키가 대신 사용하면 최대 사백 나에까지 마리집을 다시 돌려 들린다고 설명했다
p02_u55,p02,ce_s40,대한안공 관계자는 황공관 구매 시 은임일부를 마을리키가 대신 사용하면 최대 사백 나에까지 마리집을 다시 돌려 들린다고 설명했다
p02_u55,p02,ce_s80,대한항안공 관계자는 황공관 구매 시 은임일부를 마을리키가 대신 사용하면 최대 사백 나에까지 마리집을 다시 돌려 들린다고 설명했다
p02_u55,p02,ce_s160,대한안공 관계자는 홍공권 금매시 은인 일부를 마을리가 대신 사용하면 최대 사백 나에까지 마리집를 다시 돌려 들린다고 설명했다
p02_u55,p02,taps_s80,대한안공 관계자는 황공권 구매시 군민 일부를 마을리지못 대신 사용하면 최대 사백 나에까지 마리지를 다시 돌려 들린다고 설명했다
p02_u55,p02,taps_s160,대한안공 관계자는 홍공권 구매시 우민 일부을 마을리지못 대신 사용하면 최대 사백 나에까지 마리지를 다시 돌려 들린다고 설명했다
p02_u55,p02,ce_visible,대한안공 관계자는 홍공관 구매시 은닉 일부를 마을리키가 대신 사용하면 최대 사백 나에까지 마리집을 다시 돌려 들린다고 설명했다
p02_u55,p02,ce_invisible,대한안공 관계자는 황공권 구매시 우민 일부를 마을리지못 대신 사용하면 최대 사백 나에까지 마리지를 다시 돌려 들린다고 설명했다
p02_u56,p02,taps,이번 행사을통해 씨 마이즈를 이용해 천 오백 마의 이상 공지에소 항동권 금매및 탁슨 완리하면 이백 마량을 돌려준다
p02_u56,p02,ce,이번 행사 대통령 테스트 마을드를 이용해 천 오백 마 이상 공주에후 한공금 금매 및 팍준 완리하면 이백 마이를 돌려준다
p02_u56,p02,ce_s40,이번 행사 대통령 케스 마을드를 이용해 천 오백 마 이상 공주에후 한공금 금매 및 팍성 완리하면 이백 마이를 돌려준다
p02_u56,p02,ce_s80,이번 행사대통령 패스 마드를 이용해 천 오백 마원 이상 공주에후 한공금 금매 및 탑성 완리하면 이백 마이로 돌려준다
p02_u56,p02,ce_s160,이번 행사 제통령 케스 마을드를 이용해 천 오백 마 이상 공주에후 한공금 금매 및 탑순 완리하면 이백 마이를 돌려준다
p02_u56,p02,taps_s80,이번 생사을통해 케씨 아이즈를 이용해 천 오백 마의 이상 공지에소 항공권 금매및 탁슨 완리하면 이백 마리를 돌려준다
p02_u56,p02,taps_s160,이번 카해통해 케씨 마이즈를 이용해 천 오백 마의 이상 공지에소 항공권 금매및 탁슨 완리하면 이백 마이 돌려준다
p02_u56,p02,ce_visible,이번 행사 대통령 테스트 마을드를 이용해 천 오백 마 이상 공주에후 한공금 금매 및 팍준 완리하면 이백 마이를 돌려준다
p02_u56,p02,ce_invisible,이번 행사을통해 씨 마이즈를 이용해 천 오백 마의 이상 공지에소 항동권 금매및 탁슨 완리하면 이백 마량을 돌려준다
p02_u57,p02,taps,대한항공 카드 감청객자를 이용할 경우 혜택근 사백마에까지 늘어난다
p02_u57,p02,ce,대한항공 카드 감판결때는 이용할 병우 혜택은 사백할까지 늘어난다
p02_u57,p02,ce_s40,대한항공 카드 감판결때는 이용할 경우 혜택은 사백 할까지 늘어난다
p02_u57,p02,ce_s80,대한안공 카드 감판결는 이용할 병우 혜택은 사백 할까지 늘어난다
p02_u57,p02,ce_s160,대한안공 카드 감판결대는 이용할 병우 혜택은 사백할까지 늘어난다
p02_u57,p02,taps_s80,대한항공 카드 감판객들를 이용할 경우 혜택 사백만에까지 늘어난다
p02_u57,p02,taps_s160,대한항공 카드 감판객들를 이용할 경우 혜택근 사백 만에까지 늘어난다
p02_u57,p02,ce_visible,대한항공 카드 감판결때는 이용할 경우 혜택은 사백 할까지 늘어난다
p02_u57,p02,ce_invisible,대한항공 카드 감청객자를 이용할 경우 혜택근 사백마에까지 늘어난다
p02_u58,p02,taps,패씨 말즈는 대화항공기 스카이팩트제소 개편의 일관으로 지난해 일 월부터 도입한 마리지 복학결재 서비스다
p02_u58,p02,ce,패스 말드는 대양항공이 스카이패드제도 대편의 일환으로 지난해 일 월부터 투입한 마미 폭합 결대 서비스다
p02_u58,p02,ce_s40,패스 말드는 대양항공이 스카이패프제도 대편의 일환으로 지난해 일 월부터 투입한 마일미 폭각 결대 서비스다
p02_u58,p02,ce_s80,패스 말즈는 대양항공이 스카이패프제도 대편의 일환으로 지난해 일 월부터 도입한 마일리스 폭합 결대 서비스다
p02_u58,p02,ce_s160,패스 말즈는 대양항공이 카이패드제도 대편의 일환으로 지난해 일 월부터 도입한 마리지 폭각 결대 서비스다
p02_u58,p02,taps_s80,패신 말즈는 대화항공기 스카이패트제도 개편의 일환으로 지난해 일 월부터 도입한 마리지 복학 결재 서비스다
p02_u58,p02,taps_s160,패신 말즈는 대화항공기 스카이패트제소 개편의 일환으로 지난해 일 월부터 도입한 마리지 복학 결딜 서비쓰다
p02_u58,p02,ce_visible,패스 말드는 대양항공이 스카이패트제도 대편의 일환으로 지난해 일 월부터 도입한 마미 폭합 결대 서비스다
p02_u58,p02,ce_invisible,패씨 말즈는 대화항공기 스카이팩트제소 개편의 일관으로 지난해 일 월부터 도입한 마리지 복학결재 서비스다
p02_u59,p02,taps,항공권 금매시 우님의 이십 퍼센트 이해의 경력에 고객이 원하는 만큼 마을리으록 대제할 수 있다
p02_u59,p02,ce,한공권 금매시은일의 이십 퍼센트 미네인 금액을 보대기 원하는 만큼 마을리즈로 발표할 수 있다
p02_u59,p02,ce_s40,한공권 금매시은일의 이십 퍼센트 미네인 금액을 보백률 원하는 만큼 마을리즈로 발표할 습 있다
p02_u59,p02,ce_s80,한공권 금매시은일의 이십 퍼센트 미네인 금액을 보백시 원하는 만큼 마을리즈로 발표할 수 있다
p02_u59,p02,ce_s160,한공권 금매시 우일의 이십 퍼센트 미네의 금액을 보백률 원하는 만큼 마을리즈로 발표할 수 있다
p02_u59,p02,taps_s80,항공권 금매시 우님의 이십 퍼센트 이해 경약을 고객이 원하는 만큼 말을리으록 결제할 수 있다
p02_u59,p02,taps_s160,항공권 금매시 우님의 이십 퍼센트 이해 경약에 고객이 원하는 만큼 마을리으록 결제할 수 있다
p02_u59,p02,ce_visible,한공권 금매시은일의 이십 퍼센트 미네인 금액을 보대기 원하는 만큼 마을리즈로 발표할 수 있다
p02_u59,p02,ce_invisible,항공권 금매시 우님의 이십 퍼센트 이해의 경력에 고객이 원하는 만큼 마을리으록 대제할 수 있다
p02_u60,p02,taps,판매 자석사와 출발인의 제안을 받지 않고 오백 마부터 사행활스 있어서 적은 마리로도 이용 가능하다
p02_u60,p02,ce,판매 가섯수와 출발른에 대안을 받지 않고 오백 날부터 사행하시를 있어서 지은 마을 리주로도 운용 가능하다
p02_u60,p02,ce_s40,한매 가섯수와 출발인에 대안을 받지 않고 오백 날 일부터 사하시를 있어서 지은 마을 리주로도 운용 가능하다
p02_u60,p02,ce_s80,한매 가섯수와 출발인에 대안을 받지 않고 오백 날부터 사해하지를 있어서 지은 마련 리주로도 운용 가능하다
p02_u60,p02,ce_s160,한매 가섯수와 출발인에 대안을 받지 않고 오백 날부터 사행하시를 있어서 적은 마을 리주로도 운용 가능하다
p02_u60,p02,taps_s80,판매 조석사와 출발인의 제안을 받지 않고 오백 마부터 사행활스 있어서 적은 마리으로도 이용 가능하다
p02_u60,p02,taps_s160,판매 조석사와 출발리의 제안을 받지 않고 오백 마부터 사행할스 있어서 은 마리으로도 이용 가능하다
p02_u60,p02,ce_visible,컨매 가섯수와 출발른에 대안을 받지 않고 오백 날부터 사하시를 있어서 지은 마을 리주로도 운용 가능하다
p02_u60,p02,ce_invisible,판매 자석사와 출발인의 제안을 받지 않고 오백 마부터 사행활스 있어서 적은 마리로도 이용 가능하다
p02_u61,p02,taps,또한 공내촌에서 곡제산에 모든 오 인까지 가의에 마을리지 사용 거미가 됐다
p02_u61,p02,ce,또한 곡내서에서 부개서의 모든 오 행까지 가용해 마을리시 사용 거미가 널다
p02_u61,p02,ce_s40,또한 곡내서에서 고개서 의 모든 운 인까지 가용해 마을리시 사용 거미가 널다
p02_u61,p02,ce_s80,또한 곡내서에서 곡제서의 모든 은 행까지 가용해 마을리시 사용 거미가 널다
p02_u61,p02,ce_s160,또한 국내서에서 부제서의 모든 은 행까지 가용해 마을리시 사용 거미가 널다
p02_u61,p02,taps_s80,또한 국내선에서 곡제선에 모든 오 인까지 가의한 마을리지 사용 거미가 됐다
p02_u61,p02,taps_s160,또한 공내선에서 곡제선에 모든 오 인까지 가의한 마을리시 사용 거미가 됐다
p02_u61,p02,ce_visible,또한 곡내서에서 곡제서 의 모든 오 행까지 가용해 마을리시 사용 거미가 널다
p02_u61,p02,ce_invisible,또한 공내촌에서 곡제산에 모든 오 인까지 가의에 마을리지 사용 거미가 됐다
p02_u62,p02,taps,태씨 마이지를 사용하더라도 항공권 전체 임에 해당하는 말리지도 쌓인다
p02_u62,p02,ce,택스 많이주를 사용하더라도 항공권 전체 의몸에 해당하는 말리지도 쌓인다
p02_u62,p02,ce_s40,택스 난이주를 사용하더라도 항공권 전체 심에 해당하는 마리지도 따인다
p02_u62,p02,ce_s80,택스 많비를 사용하더라도 항공권 전체 위심에 해당하는 마리지도 쌓인다
p02_u62,p02,ce_s160,택스 많이주를 사용하더라도 항공권 전체 의심에 해당하는 마리지도 따인다
p02_u62,p02,taps_s80,태씨 마이즈를 사용하더라도 항공권 전체 우임에 해당하는 말리지도 쌓인다
p02_u62,p02,taps_s160,태씨 마이즈를 사용하다라도 항공권 전체 금임에 해당하는 말리지도 쌓인다
p02_u62,p02,ce_visible,택스 많이지를 사용하더라도 항공권 전체 의몸에 해당하는 말리지도 쌓인다
p02_u62,p02,ce_invisible,태씨 마이지를 사용하더라도 항공권 전체 임에 해당하는 말리지도 쌓인다
p02_u63,p02,taps,대한항공 관계자는 한후 구식들이 보다 쉽코 페하게 마리지를 사용할 수 있도록 관련 서비스및 사용처를 자양한 계획이라고 말했다
p02_u63,p02,ce,대한항공 관계자는 한국구색급이 보다 쉽크 페등하게 마리지를 사용할 수 있도록 관련 서비스및 사용처를 사용한 계획이라고 말했다
p02_u63,p02,ce_s40,대한항공 관계자는 한국구시급이 보다 쉽코 페등하게 마리스를 사용할 수 있도록 관련 서비스및 사용처를 다용한 계획이라고 말했다
p02_u63,p02,ce_s80,대한항공 관계자는 한국구시급이 보다 쉽코 페등하게 마리스를 사용할 수 있도록 관련 서비스및 사용처를 다용하 계획이라고 말했다
p02_u63,p02,ce_s160,대한항공 관계자는 한후고시대이 보다 스급 페등하게 마리스를 사용할 수 있도록 관련 서비스및 사용처를 다용하할 계획이라고 말했다
p02_u63,p02,taps_s80,대한항공 관계자는 한후 구식들이 보다 시코 페하게 마리지를 사용할 수 있도록 관련 서비스및 사용처를 자양한 계획이라고 말했다
p02_u63,p02,taps_s160,대한항공 관계자는 한후 구식들이 보다 시코 페하게 마리지를 사용할 수 있도록 관련 서비스및 사용처를 자양 계획이라고 말했다
p02_u63,p02,ce_visible,대안항공 관계자는 한국구색급이 보다 쉽크 페등하게 마리지를 사용할 수 있도록 관련 서비스및 사용처를 사용한 계획이라고 말했다
p02_u63,p02,ce_invisible,대한항공 관계자는 한후 구식들이 보다 시코 페하게 마리지를 사용할 수 있도록 관련 서비스및 사용처를 자양한 계획이라고 말했다
p02_u64,p02,taps,지난 육 일 지방선거를 앞두고 사회 관계망 서비스에서 정치적 종입 근무를 지키지 않는 전북지역 공무원들이 무더기가 적발됐다
p02_u64,p02,ce,지난 육 일 지방선거를을 앞두고 사회 관경망 서비스에서 정치적 총립 의무을 제 하은 전북 지역 오무원들이 무더기로 적발됐다
p02_u64,p02,ce_s40,지난 육 일 지방선거을 앞두고 사 해 관경망 서비스에서 정치적 총립 의무을 제 하은 전북지역 공무원들이 무더기로 적발됐다
p02_u64,p02,ce_s80,지난 육 일 지방선거를 앞두고 사회 관계망 서비스에서 정치적 립 불무을 제 하은 전북지역 공무원들이 무더기로 적발됐다
p02_u64,p02,ce_s160,지난 육 일 재방선거를 앞두고 사해 관대망 서비스에서 정치적 립 불무를 제 하는 전북지역 공무원들이 무더기로 적발됐다
p02_u64,p02,taps_s80,지난 육 일에 지방선거를 앞두고 사회 관계망 서비스에서 정치적 종입 근무를 지키지 하는 전북지역 공무원들이 무더기로 적발됐다
p02_u64,p02,taps_s160,지난 육 일 지방선거를 앞두고 사회 관제망 서비스에서 정치적 총립 근무를 지키지 하는 전북지역 공무원들이 무더기로 적발됐다
p02_u64,p02,ce_visible,지난 육 일 지방선거를을 앞두고 사회 관경망 서비스에서 정치적 총립 의무를 제 하은 전북 지역 오무원들이 무더기로 적발됐다
p02_u64,p02,ce_invisible,지난 육 일 지방선거를 앞두고 사회 관계망 서비스에서 정치적 종입 근무를 지키지 않는 전북지역 공무원들이 무더기가 적발됐다
p02_u65,p02,taps,감복도은 십 일 이 사은 내용의 공식 기관 감찰 결과를 발표하고 해당 공무원에 대한 인사상 처분을 단체 선장에게 요구했다
p02_u65,p02,ce,전북도는 십 일 이 같은 내용의 공직 주방 감찰 결과를 발표하고 해당 공무원에 대한 인사상 처분을 단체 변장에게 요구했다
p02_u65,p02,ce_s40,전북도은 십 일 이  같은 내용의 공직 주방 감찰 결과를 발표하고 해당 공무안에 대한 인사상 처분을 단체 단장에게 요구했다
p02_u65,p02,ce_s80,전북도은 십 일 이 같은 내용의 공직 주방감찰 결과를 발표하고 해당 법무원에 대한 인사상 처분을 당체 변장에게 요구했다
p02_u65,p02,ce_s160,전북도은 십 일 이 같은 내용의 공직 방 감찰 결과를 발표하고 해당 공무안에 대한 인사상 처분을 단체 국단장에게 요구했다
p02_u65,p02,taps_s80,감복도은 십 일 이 사은 내용의 공식 기관 감찰 결과를 발표하고 해당 공무원에 대한 인사상 처분을 단체 선장에게 요구했다
p02_u65,p02,taps_s160,감복도은 십 일 이 사은 내용의 공식 기관 감찰 결과를 발표하고 해장 공무원에 대한 인사상 처분을 단체 선장에게 요구했다
p02_u65,p02,ce_visible,전북도는 십 일 이 같은 내용의 공직 주방 감찰 결과를 발표하고 해당 공무안에 대한 인사상 처분을 단체 단장에게 요구했다
p02_u65,p02,ce_invisible,감복도은 십 일 이 사천 내용의 공식 기관 감찰 결과를 발표하고 해당 공무원에 대한 인사상 처분을 단체 선장에게 요구했다
p02_u66,p02,taps,감찰 결과를 보면 전북도이와 이시단시 우주은 후황군 일부 공무원은 선거 관련 액셀네을 개신물의 조하요를 만는 사십차례집 렀다
p02_u66,p02,ce,감사 결과를 보면 변북 도회와 유스단스 우역은 포한군 일북 공무원은 선거 관련 애스너스 게신물의 조하를 만케는 소십차례씩 물렀다
p02_u66,p02,ce_s40,감찰 결과를 보면 변북도회와 유스단기 우역은 프한군 일부 공무원은 선거 관련 애셀스 게신물의 조하를 만케는 십차례씩 물렀다
p02_u66,p02,ce_s80,감사 결과를 보면 변북도회이와 유스단시 우역은 프한군 일부 공무원은 선거 관련 애스너을 게신물의 조하를 만케는 소십차례 물렀다
p02_u66,p02,ce_s160,감사 결과를 보면 변북 도회와 무스단스 우역은 프한군 일부 공무원은 선거 관련 애스네스 게신물의 조알원를 만케는 소십차례 물렀다
p02_u66,p02,taps_s80,감찰 결과를 보면 전북도이와 이시단시 우주군 후황군 일부 공무원은 선거 관련 애스네을 개신물의 조하요를 만는 십차례집 았다
p02_u66,p02,taps_s160,감찰 결과를 보면 전북도이와 이시단시 문주은 부안군 일부 공무원은 선거 관련 애스네을 개신물의 조하요를 만케는 십차례집 렀다
p02_u66,p02,ce_visible,감찰 결과를 보면 변북 도회와 뉴스단스 문역은 포한군 일북 공무원은 선거 관련 애세스 게신물의 조하를 만케는 소십차례씩 물렀다
p02_u66,p02,ce_invisible,감찰 결과를 보면 전북도이와 이시단시 우주군 후안군 일부 공무원은 선거 관련 액셀네을 개신물의 조하요를 만는 사십차례집 렀다
p02_u67,p02,taps,대신문 총에는 후보자의 공양이나 한거운동 활동에 관한 교도 있는 것으로 알려졌다
p02_u67,p02,ce,배신물 종에는 후보자의 공약이나 성거운동 활동에 관한 교도 있는 것으로 알려졌다
p02_u67,p02,ce_s40,배신물 중에는 후보자의 공약이나 선거운동 활동에 관한 교도 있는 것으로 알려졌다
p02_u67,p02,ce_s80,배신물 통에는 후보자의 공약이나 선거운동 활동에 관한 교도 있는 것으로 알려졌다
p02_u67,p02,ce_s160,배신물 통에는 후보자의 공약이나 선거운동 활동에 관한 교도 있는 것으로 알려졌다
p02_u67,p02,taps_s80,대신문 종에은 후보자의 공양이나 한거운동 활동에 관한 교도 있는 것으로 알려졌다
p02_u67,p02,taps_s160,김신문 총에는 후보자의 공양이나 한거운동 활동에 관한 교도 있는 것으로 알려졌다
p02_u67,p02,ce_visible,배신물 종에는 후보자의 공약이나 선거운동 활동에 관한 교도 있는 것으로 알려졌다
p02_u67,p02,ce_invisible,대신문 총에는 후보자의 공양이나 한거운동 활동에 관한 교도 있는 것으로 알려졌다
p02_u68,p02,taps,공직선거법과 비방공무원 동물 규정환 공무원이 선과에 부당한 영향력을 행사하거나 특정보자를 뒤지 또은 반대하는 행위를 해서는 안 된다고 구장하고 있다
p02_u68,p02,ce,공직 선거법과 지방공무원 동문 규정은 공무원히 선과에 부당한 영향력을 행사하거나 급정 후보자을 뒤시 또은 반대하는 행위을 해서는 안 된다고 분장하고 있다
p02_u68,p02,ce_s40,공직 선거법과 지방공무원 동문 규병은 공무원히 선과에 부당한 명향력을 행사하거나 급정 후보자을 뒤시 또은 반대하는 행위을 해서는 안 된다고 분명하고 있다
p02_u68,p02,ce_s80,공직 선거법과 지방 공무원 동무 규정은 공무원히 선과에 부당한 영향력을 행사하거나 급정 후보다을 지시 또은 반대하는 행위을 해서는 안 된다고 분장하고 있다
p02_u68,p02,ce_s160,공직 선법과 주방 공무원 동우 규정은 공무원히 선과에 부당한 영향력을 행사하거나 급정 후보자을 뒤시 또는 반대하는 행위를 해서는 안 된다고 분명하고 있다
p02_u68,p02,taps_s80,공직선거법과 비방공무원 동물 규정환 공무원이 선과에 부당한 영향력을 행사하거나 특정보자를 뒤지 또은 반대하는 행위를 해서는 안 된다고 구장하고 있다
p02_u68,p02,taps_s160,공직선거법과 비방공무원 동부 규정환 공무원이 선과에 부당한 영향력을 행사하거나 특정호자를 뒤지 또은 반대하는 행위를 해서는 안 된다고 구장하고 있다
p02_u68,p02,ce_visible,공직 선거법과 지방공무원 동문 규정은 공무원히 선과에 부당한 영향력을 행사하거나 급정 후보자을 뒤시 또은 반대하는 행위을 해서는 안 된다고 분장하고 있다
p02_u68,p02,ce_invisible,공직선거법과 비방공무원 동물 규정환 공무원이 선과에 부당한 영향력을 행사하거나 특정보자를 뒤지 또은 반대하는 행위를 해서는 안 된다고 구장하고 있다
p02_u69,p02,taps,전북도 감사관실은 공무관리를 소울리한 단체와 국관장을 조 처분하고 해당 공무원들에 대해서는 통대하도록 요구했다
p02_u69,p02,ce,전북도 감사관 측은 법무관리를 소우리 한 단체와 국관장을 조 처분하고 해당 공무원들에 대해서는 통행하도록 요구했다
p02_u69,p02,ce_s40,전북도 감사관 측은 법무관리를 소우리 한 단체와 국관장을 조 처분하고 해당 공무원들에 대해서는 통행하도록 요구했다
p02_u69,p02,ce_s80,전북도 감사관 측은 법무관리를 소우리 한 단체와 구관장을 조 처분하고 해당 공무원들에 대해서는 통행하도록 요구했다
p02_u69,p02,ce_s160,전북도 감사관 측은 법무관리를 소리 한 단체와 기관장을 조 처분하고 해당 공무원들에 대해서는 통진하도록 요구했다
p02_u69,p02,taps_s80,전북도 감사관실은 공무 관리를 소울리한 단체와 국관장을 주 처분하고 해당 공무원들에 계해서는 통대하도록 요구했다
p02_u69,p02,taps_s160,전북도 감사관실은 공무 관리를 소울리한 단체와 국관장을 조 처분하고 해당 공무원들에 대해서는 통개하도록 요구했다
p02_u69,p02,ce_visible,전북도 감사관 측은 법무관리를 소우리 한 단체와 국관장을 조 처분하고 해당 공무원들에 대해서는 통행하도록 요구했다
p02_u69,p02,ce_invisible,전북도 감사관실은 공무관리를 소울리한 단체와 국관장을 조 처분하고 해당 공무원들에 대해서는 통대하도록 요구했다
p02_u70,p02,taps,감사 관실은 선거종립 의무가 있는 공무원들이 특정 후보자를 지지하는 것으로 비하면 행정후 신뢰를 실최시켜 우려가 있다고 밝혔다
p02_u70,p02,ce,강사 관식는 선거독립의무가 있는 공무원들이 특정 후버자를 제시하는 것으로 귀치면 행정률 침뢰를 실최시패 우려가 있다고 밝혔다
p02_u70,p02,ce_s40,감사 관실는 선거독립 의무가 있는 공무원들이 특정 후버자를 지시하는 것으로 붙히면 행병인 침뢰를 실패시패 우려가 있다고 밝혔다
p02_u70,p02,ce_s80,강사 관실는 선거독립 의무가 있는 공무원들이 특정 후버을 지시하는 것으로 붙히면 행병인 침뢰를 실최시피 우려가 있다고 밝혔다
p02_u70,p02,ce_s160,강사 관시는 선거종립 의무가 있는 공무원들이 특정 후버자을 지시하는 것으로 비치면 행정은 심뢰를 실최시피를 우려가 있다고 밝혔다
p02_u70,p02,taps_s80,강사 관실은 선거종립 의무가 있는 공무원들이 특정 후보자를 지지하는 것으로 비치면 행정위 신뢰를 실최시켜 우려가 있다고 밝혔다
p02_u70,p02,taps_s160,당사 관실은 선거종립 의무가 있는 공무원들이 특정 후보자를 지지하는 것으로 비치면 행정위 신뢰를 실출시켜 우려가 있다고 밝혔다
p02_u70,p02,ce_visible,강사 관식는 선거독립 의무가 있는 공무원들이 특된 후버자를 제시하는 것으로 귀치면 행정률 침뢰를 실최시킬 우려가 있다고 밝혔다
p02_u70,p02,ce_invisible,당사 관실은 선거종립 의무가 있는 공무원들이 특정 후보자를 지지하는 것으로 비하면 행정후 신뢰를 실최시켜 우려가 있다고 밝혔다
p02_u71,p02,taps,공국에서 커로나 일고 가염이 급증하는 가운데 방역당국이 하루 싱규 관행자가 삼 천 칠백 만 명이 이을 것으로 전망했다
p02_u71,p02,ce,건국에속 토로나 일부 가염이 급등하는 가운데 광역당국이 하루 생계 감염자가 삼 천 칠백 만 명이 이을 것으로 전망했다
p02_u71,p02,ce_s40,건국에서 토로나 일부 가염이 급증하는 가운데 광역당국이 하루 생규 화염자가 삼 천 칠백 만 명이 이을 것으로 전망했다
p02_u71,p02,ce_s80,건국에서 토로나 일부 가염이 급증하는 가운데 역 당국이 하루 싱근 광염자가 삼 천 칠백 만 명이 이을 것으로 전망했다
p02_u71,p02,ce_s160,건군에서 토로나 일부 가염이 급증하는 가운데 광역 당국이 하루 생존 광염자가 삼 천 칠백 만 명이 이을 것으로 전망했다
p02_u71,p02,taps_s80,공국에서 커로나 일고 가염이 교증하는 가운데 방역당국이 하루 싱규 관행자가 삼 천 칠백 만 명이 이을 것으로 전망했다
p02_u71,p02,taps_s160,공국에서 커어나 일고 가염이 급증하는 가운데 방역당국이 하루 싱규 관행자가 삼 천 칠백 만 명이 이을 것으로 전망했다
p02_u71,p02,ce_visible,건국에속 토로나 일부 가염이 급증하는 가운데 광역당국이 하루 생계 감염자가 삼 천 칠백 만 명이 이을 것으로 전망했다
p02_u71,p02,ce_invisible,공국에서 커로나 일고 가염이 급증하는 가운데 방역당국이 하루 싱규 관행자가 삼 천 칠백 만 명이 이을 것으로 전망했다
p02_u72,p02,taps,이십 육 일 불론법은 통신에 따르면 지난주 종국 당국의 내부회의에서 국가 의생공강위원회가 이런 추산취를 내놓왔다
p02_u72,p02,ce,이십 육 일 그롬법으 통신에 따르면 지난율 종국 당국의 내부 회의에서 국가 이생건강위원회가 이반 출사트를 내놓았다
p02_u72,p02,ce_s40,이십 육 일 덜롬법으 통신에 따르면 지난율 종국 당국의 내부 회의에서 국가 이생건강위원회가 이반 출사 취를 내놓았다
p02_u72,p02,ce_s80,이십 육 일 그롬법으 통신에 따르면 지난율 종국 당국의 내부 회의에서 국가 미생건강위원회가 이반 출사치를 내놓았다
p02_u72,p02,ce_s160,이십 육 일 결론보으 통신에 따르면 지난율 종국 당국의 내부 회의에서 국가 이생건광위원회가 이반 출상취를 내놓았다
p02_u72,p02,taps_s80,이십 육 일 불론법급 통신에 따르면 지난주 종국 당국의 내부회의에서 국가 의생공강위원회가 이런 추산취를 내놓왔다
p02_u72,p02,taps_s160,이십 육 일 불론바으 통신에 따르면 지난달 종국 당국의 내부회의에서 국가 의생공강위원회가 이런 추산취를 내놓왔다
p02_u72,p02,ce_visible,이십 육 일 플롬법으 통신에 따르면 지난철 종국 당국의 내부 회의에서 국가 이생건강위원회가 이반 출상트를 내놓았다
p02_u72,p02,ce_invisible,이십 육 일 불론법은 통신에 따르면 지난주 종국 당국의 내부회의에서 국가 의생공강위원회가 이런 추산취를 내놓왔다
p02_u73,p02,taps,국가 이세인 건강위원회는 공무원 산업 기간으로 방역의 실무 사용 카비명 위원장이 장상급이다
p02_u73,p02,ce,국가 이생의 건강 위원회는 공무원 산학 유간으로 방역의 실무 사량따비며 위원장이 당정급이다
p02_u73,p02,ce_s40,국가 이생의 건강 위원회는 공무원 산나 기간으로 방역의 실무 사령카비며 위원장이 당강급니다
p02_u73,p02,ce_s80,국가 이생의 건강위원회는 공무원 산학 기간으로 방역에 실무 사량따비며 위원장이 당방급이다
p02_u73,p02,ce_s160,국가 미생의 건강위원회는 공무원 산업 유간으로 방역에 실무 사명따비며 위원장이 정광급이다
p02_u73,p02,taps_s80,국가 이세인 건강위원회는 공무원 산업 기간으로 방약의 실무 사용 카비명 위원장이 장방급이다
p02_u73,p02,taps_s160,국가 이세인 건강위원회는 공무원 산업 기간으로 방역의 실무 사량 카비명 위원장이 장상급이다
p02_u73,p02,ce_visible,국가 이생의 건강 위원회는 공무원 산학 유간으로 방역의 실무 사량따비며 위원장이 당정급이다
p02_u73,p02,ce_invisible,국가 이세인 건강위원회는 공무원 산업 기간으로 방역의 실무 사용 카비명 위원장이 장상급이다
p02_u74,p02,taps,공국당국은 이달 칠레블가 정기적 전속 유전자 전폭 감사했고 사 일부터는 무동산 감염자 통계를 발표하지 않고 있다
p02_u74,p02,ce,영국당국은 이날 침미협가 정치적 전수 유전자 전속 검사했고 학사일부터는 무융산 감염자 통계를 발표하지 않고 있다
p02_u74,p02,ce_s40,영국당국은 이날 침해협가 정치적 전수 유전자 전속 검사했고 학사일부터는 무융산 가명자 통계를 발표하지 않고 있다
p02_u74,p02,ce_s80,영국당국은 이날 침미협가 정기적 전수 유전자 등속 검사했고 시사일부터는 무융산 감염자 통계를 발표하지 않고 있다
p02_u74,p02,ce_s160,영국당국은 이날 칠레협가 정시적 전소 유전자 등속 검사했고 시사일부터는 무동산 가염자 통계를 발표하지 않고 있다
p02_u74,p02,taps_s80,공국당국은 이달 칠레가 정기적 전소 유전자 전폭 감사했고 사일부터는 무동산 감염자 통계를 발표하지 않고 있다
p02_u74,p02,taps_s160,건국당국은 이달 칠레가 정기적 전속 유전자 전폭 감사했고 사일부터는 무동산 감염자 통계를 발표하지 않고 있다
p02_u74,p02,ce_visible,영국당국은 이날 침미협가 정치적 전수 유전자 전속 검사했고 학사일부터는 무동산 감염자 통계를 발표하지 않고 있다
p02_u74,p02,ce_invisible,공국당국은 이달 칠레블가 정기적 전속 유전자 전폭 감사했고 사 일부터는 무동산 감염자 통계를 발표하지 않고 있다
p02_u75,p02,taps,법은 이고 사망자도 감염욱 폐경이나 허업부장으로 숨진 경우에만 직계한다는 원칙의 공세에 한 바 있다
p02_u75,p02,ce,푸나이군 사망자도 가염 욱 폐경이나 호액보장으로 삼진 경우에만 집한다는 원칙을 공세에 한 바 있다
p02_u75,p02,ce_s40,보나이군 사망자도 가명 후 폐경이나 호액 보장으로 삼진 경우에만 집한가는 원칙을 공세에 한 바 있다
p02_u75,p02,ce_s80,나이고 사망자도 가염 후 폐경이나 호액 보준으로 승진 경우에만 집배한가는 원칙을 공에 한 바 있다
p02_u75,p02,ce_s160,은나일군 사망자도 가염 욱 폐경이나 호액부준으로 승진 경우에만 집배한다는 원칙을 공세에 한 바 있다
p02_u75,p02,taps_s80,법은이고 사망자도 감염욱 폐경이나 허업부장으로 숨진 경우에만 직계한다는 원칙의 공세에 한 바 있다
p02_u75,p02,taps_s160,법은이고 사망자도 감염욱 폐경이나 허업부장으로 숨진 경우에만 직기한다는 원칙의 공세에 한 바 있다
p02_u75,p02,ce_visible,푸나이군 사망자도 가염 욱 폐경이나 호액보준으로 승진 경우에만 집한다는 원칙을 공세에 한 바 있다
p02_u75,p02,ce_invisible,법은 이고 사망자도 감염욱 폐경이나 허업부장으로 숨진 경우에만 직계한다는 원칙의 공게에 한 바 있다
p02_u76,p02,taps,이어 이십 오 일부터 코로나고 일의 질축하면 통계 발표를 중단한다고 밝혔 방국 당국이 통계를 조직하는 것 아니냐는 의무심이 제기되고 있다
p02_u76,p02,ce,이어 십 오 일부터 코론나일 고 일의 생실하면 통계 발표를 중단한다고 밝혔 병국 당법이 통계를 조직하는 것 아니냐는 의수심이 제기되고 있다
p02_u76,p02,ce_s40,이어 이십 오 일부터 코론나고 시 생실하면 통계 발표를 중단한다고 밝혔 병국 당법이 통계를 조직하는 것 아니냐는 의교심이 제기되고 있다
p02_u76,p02,ce_s80,이어 이십 오 일부터 크론나일고 이대 생실하면 통계발표를 존단한다고 밝혔혀 경국 당법이 통계를 조직하는 것 아니냐는 의교심이 제기되고있다
p02_u76,p02,ce_s160,이어 이십 오 일부터 크론나일고 일대 생실하면 통계발표를 중단한다고 밝혔 병국 당법이 통계를 조직하는 것 아니냐는 의수심이 제기되고 있다
p02_u76,p02,taps_s80,이어 이십 오 일부터 코로나고 일의 축하면 통계 발표를 중단한다고 밝혔 방국당국이 통계를 조직하는 것 아니냐는 의무심이 제기되고 있다
p02_u76,p02,taps_s160,이어 이십 오 일부터 코로나고 일의 축하면 통계 발표를 중단한다고 밝혔 방국당국이 통계를 조직하는 것 아니냐는 의무심이 제기되고 있다
p02_u76,p02,ce_visible,이어 십 오 일부터 코론나일고 일의 생실하면 통계 발표를 중단한다고 밝혔 병국 당법이 통계를 조직하는 것 아니냐는 의수심이 제기되고 있다
p02_u76,p02,ce_invisible,이어 이십 오 일부터 코로나고 일의 축하면 통계 발표를 중단한다고 밝혔 방국 당국이 통계를 조직하는 것 아니냐는 의무심이 제기되고 있다
p02_u77,p02,taps,이런 가운데 작년 기준으로 인구가 육천 오백 사십 만 여명인 저장성 방역 당국이 전날 하루 심주 감염자가 백 만명을 넘었다고 밝혔다
p02_u77,p02,ce,이런 가운데 평령 기준으로 인구가 육 천 오백 사십 만 여 명인 부당성 방역 방료 뒤 전날 하루 스생규 감염자가 백 만명을 넘었다고 밝혔다
p02_u77,p02,ce_s40,이런 가운데 강년 기준으로 인구가 육 천 오백 사십  만 여명인 부당성 방역 방료 이 전날 하루 생계 감염자가 백 만명을 넘었다고 밝혔다
p02_u77,p02,ce_s80,이런 가운데 강년 기준으로 인구가 육천 오백 사십  만 여 명인 부당상 방역 방료이 전날 하루 생계 감염자가 백 만명을 넘었다고 밝혔다
p02_u77,p02,ce_s160,이런 가운데 전명 기준으로 인도가 육천 오백 사십 만 여명인 부당성 방역 방료이 전날 하루 계 감염자가 백 만명을 넘었다고 밝혔다
p02_u77,p02,taps_s80,이런 가운데 작년 기준으로 인구가 육천 오백 사십 만 여명인 저장성 광역 당국이 전날 하루 심주 감염자가 백 만명을 넘었다고 밝혔다
p02_u77,p02,taps_s160,이런 가운데 장년 기준으로 인구가 육천 오백 사십 만 여명인 저장성 방역 당국이 전날 하루 생주 감염자가 백 만명을 넘었다고 밝혔다
p02_u77,p02,ce_visible,이런 가운데 평령 기준으로 인구가 육 천 오백 사십 만 여 명인 교당성 방역 방로 뒤 전날 하루 스생규 감염자가 백 만명을 넘었다고 밝혔다
p02_u77,p02,ce_invisible,이런 가운데 작년 기준으로 인구가 육천 오백 사십 만 여명인 저장성 방역 당국이 전날 하루 심주 감염자가 백 만명을 넘었다고 밝혔다
p02_u78,p02,taps,이를 단순 적용하면 실사억 중국진 전체로는 하루에 이천 백 만 여명이 강염됐을 것이라는 추정도 나온다
p02_u78,p02,ce,이을 단순 적용하면 시스다 등급인 전체로는 하루에 이천 백  여명 및 강한 배을 것이라는 추정도 나온다
p02_u78,p02,ce_s40,이을 단순 적용하면 시스다 등급인 전체로는 하루에 이천 백 만 여명 및 강한 배을 것이라는 수정도 나온다
p02_u78,p02,ce_s80,이을 단순 작용하면 시스사 등급인 전체로는 하루에 이천 백 만 여명 및 안흔 배을 것이라는 수정도 나온다
p02_u78,p02,ce_s160,이을 단순 적용하면 시스사 등로인 전체로는 하루에 이천 백 만 여명 및 안흔 배을 것이라는 수정도 나온다
p02_u78,p02,taps_s80,이를 단순 적용하면 실사억 중국인 전세로는 하루에 이천 백 만 여명이 강염됐을 것이라는 추정도 나온다
p02_u78,p02,taps_s160,이를 단순 적용하면 실사억 중국인 전체로는 하루에 이천 백 만 여명이 강염됐을 것이라는 추정도 나온다
p02_u78,p02,ce_visible,이을 단순 적용하면 시스사 등급인 전체로는 하루에 이천 백 만 여명 및 강한 배을 것이라는 수정도 나온다
p02_u78,p02,ce_invisible,이를 단순 적용하면 실사억 중국진 전체로는 하루에 이천 백 만 여명이 강염됐을 것이라는 추정도 나온다
p02_u79,p02,taps,불론법원은 베이징나 십 센 오미크러이 중국 나무의 주여 도시트라에서도 부속도로 확산했고 문제는 서도시와 농천으로 잠파되는 것으로 보인다고 전했다
p02_u79,p02,ce,물론박언은 베이스활 히스 미크로이 중국 남부의 주요 도시트서도 부속도로 확산했고 무제는 소도시와 농천으로 전파되는 것으로 보인다고 전했다
p02_u79,p02,ce_s40,물론박언은 베이징을 히스 미크론이 중국 남부의 주요 도시트에서도 교속도로 확산했고 이제는 소도시와 농천으로 전파되는 것으로 보인다고 전했다
p02_u79,p02,ce_s80,물론바은 베이싱을 휘스 미크론이 중국 남부의 주요 도시트레에서도 부속도로 확산했고 이대는 소도시와 농천으로 전파되는 것으로 보인다고 전했다
p02_u79,p02,ce_s160,물론바은 베이징 흰스 오미크로이 중국 나부의 주요 도시트라에서도 교속도로 확산했고 이대는 소도시와 농천으로 전파되는 것으로 보인다고 전했다
p02_u79,p02,taps_s80,불론박원은 베이징나 십 센 오미크러이 중국 나무의 주여 도시트에서도 부쪽도로 확산했고 문제는 소도시와 농천으로 잠파되는 것으로 보인다고 전했다
p02_u79,p02,taps_s160,불론박원은 베이징나 십 센 오미크러이 중국 나무의 주여 도시트에서도 부쪽도로 확산했고 문제는 서도시와 농천으로 전파되는 것으로 보인다고 전했다
p02_u79,p02,ce_visible,물론박언은 베이스활 히스 오미크로이 중국 남부의 주요 도시트서도 부속도로 확산했고 무제는 소도시와 농천으로 전파되는 것으로 보인다고 전했다
p02_u79,p02,ce_invisible,불론법원은 베이징나 십 센 오미크러이 중국 나무의 주여 도시트라에서도 부속도로 확산했고 문제는 서도시와 농천으로 잠파되는 것으로 보인다고 전했다
p02_u80,p02,taps,특히 가음 달 이십 이 일 실세의 기점으로 수업명이 고양을 방문하고 복귀하는 과정에서 확상이 증폭될 것이라는 관최이 유력하다
p02_u80,p02,ce,특히 다 달 이십 이 일 쉰세의 기점으로 수업명뉴 고양을 방문하고 복귀하는 과정에서 확산이 증폭될 것이라는 관측이 유력하다
p02_u80,p02,ce_s40,특히 다음 달 이십 이 일 쉰세의 기점으로 수업명뉴 고양을 방문하고 복귀하는 과정에서 확산이 증폭될 것이라는 관측이 유력하다
p02_u80,p02,ce_s80,특히 다 달 이십 이 일 침세의 기점으로 수업명휴 고양을 방문하고 복귀하는 과정에서 확산이 증폭될 것이라는 관측이 유력하다
p02_u80,p02,ce_s160,특히 다음 달 이십 이 일 침세의 기혐으로 수업명료 고양을 방문하고 복귀하는 과정에서 확산이 증폭될 것이라는 관측이 유력하다
p02_u80,p02,taps_s80,특히 가음 달 이십 이 일 실세의 기점으로 수업명이 고양을 방문하고 복귀하는 과정에서 확상이 증폭될 것이라는 관최이 유력하다
p02_u80,p02,taps_s160,특히 가음 달 이십 이 일 실세의 기점으로 수업명이 고양을 방문하고 복귀하는 과정에서 확상이 증폭될 것이라는 관추이 유력하다
p02_u80,p02,ce_visible,특히 다 달 이십 이 일 쉰세의 기점으로 수업명뉴 고양을 방문하고 복귀하는 과정에서 확산이 증폭될 것이라는 관측이 유력하다
p02_u80,p02,ce_invisible,특히 가음 달 이십 이 일 실세의 기점으로 수업명이 고양을 방문하고 복귀하는 과정에서 확상이 증폭될 것이라는 관추이 유력하다
p02_u81,p02,taps,벌론바고는 애플의 시대전화 신상 과점인 경적부와 삼통강 후베이성 부문 일 월 중순에 허화일부 심실 가명이 광점을 찍을 것으로 예상된다고 전했다
p02_u81,p02,ce,벌론법원는 애플의 희대전화 생산 거점인 경적 와 삼동수페상 교은 일열 중순에 파로항인일고 신규 가명 및 경병을 키결 것으로 예상된다고 전했다
p02_u81,p02,ce_s40,벌론법원는 애플의 히대전화 생산 거점인 경적호와 삼동후백성 교문 일 월 동신에 클로한일고 신규 가명 및 경경을 생결 것으로 예상된다고 전했다
p02_u81,p02,ce_s80,벌론법원는 애플의 히대전화 생산 거점인 광적우와 삼동후페이성 교문 일 월 동신에 한 일고 신규 가명 및 경병을 키결 것으로 예상된다고 전했다
p02_u81,p02,ce_s160,벌론법원는 애플의 휴대전나 생산 거점인 광더우와 삼동파포페성 교문 일널 동신에 하인일고 신규 간 및 경병을 생결 것으로 예상된다고 전했다
p02_u81,p02,taps_s80,벌론바고는 애플의 시대자나 신상 과점인 경조와 삼동강 후베이상 부문 일 월 중신에 허화일후 심질 가명이 광점을 치을 것으로 예상된다고 전했다
p02_u81,p02,taps_s160,벌론바고는 애플의 시대전나 신상 과점인 경정우와 삼동강후베이상 부문 일 월 중순에 허하일후 심질 가명이 광점을 찍을 것으로 예상된다고 전했다
p02_u81,p02,ce_visible,벌론법원는 애플의 휴대전화 생산 거점인 경적 와 삼동수페상 교은 일열 중순에 파로항인일고 신규 가명 및 경병을 키결 것으로 예상된다고 전했다
p02_u81,p02,ce_invisible,벌론바고는 애플의 시대전화 신상 과점인 경정부와 삼통강 후베이성 부문 일 월 중순에 허화일부 심실 가명이 광점을 찍을 것으로 예상된다고 전했다
p02_u82,p02,taps,차 바이오트 계열사 차 백 십 연구소가 삼세대 비경관염 예방매신 시구 아이에이치비 의 공공 이에 운상 일상 세요을 마쳤다고 밝혔다
p02_u82,p02,ce,사바이오택 구열사 사 백 십 명교소가 삼세대 분경 관염 야방배씨인 시희그리 아이 의티니등 공공 이에 융상 일상 세현을 밝쳤다고 밝혔다
p02_u82,p02,ce_s40,사 바이오택 구열사 사 백 십 명조소가 삼세대 배경관염 야방배씨인 시입플리 아이 의치니니등 공공 이의 융상 일상 세현을 밝쳤다고 밝혔다
p02_u82,p02,ce_s80,사 바이너택 구열사 사백 십 명로소가 삼세대 배 가염 야방배씨인 수희플리 아이 의티니등 공공 이의 융상 일상 현을 밝쳤다고 밝혔다
p02_u82,p02,ce_s160,사 바이오택 구열사 사백 십 명구소가 삼세 배 배원 관염 예방배씨 시입플리 아이 의티니니등 공공 이의 융상 일상 수현을 밝쳤다고 밝혔다
p02_u82,p02,taps_s80,차 바이오택 계열사 차 백 십 연구소가 삼세대 비경관염 예방배신 시구 아이에치비 의 공공 이에 응상 일상 수요을 마쳤다고 밝혔다
p02_u82,p02,taps_s160,차 바이오택 계열사 차 백 십 연구소가 삼세대 비원관염 예방배신 시 구 아이에치비 의 공공 이에 운상 일상 수요을 마쳤다고 밝혔다
p02_u82,p02,ce_visible,사바이오택 구열사 사 백 십 명조소가 삼세대 분경 관염 예방배씨인 시희그리 아이 의티니등 공공 이에 융상 일상 생현을 밝쳤다고 밝혔다
p02_u82,p02,ce_invisible,차 바이오트 계열사 차 백 십 연구소가 삼세대 비경관염 예방매신 시구 아이에이치비 의 공공 이에 운상 일상 세요을 마쳤다고 밝혔다
p02_u83,p02,taps,사 배십 연구서는 이천 이십 일 년 유 월 십 부 의약품 안전철로부터 삼세대 비원관명 예방배신의 국 이 인상 일상 인상시험계서 승리을 받았다
p02_u83,p02,ce,사 백 십 연구소는 이천 이십 일 년 유 월 십 품 분약품 안전 철로부터 삼 세대 비원관명 예방배스에 국립 유수증상 일상 상수용금액 으로 승인을 받았다
p02_u83,p02,ce_s40,사 백 십 연구소는 이천 이십 일 년 유 월 십 품 분약품 안전 철로부터 삼세배 비원관여 예방배스에 국립 유수증상 일상 금산 시용금액서로 승인을 받았다
p02_u83,p02,ce_s80,사백 십 연구소는 이천 이십 일 년 유 월 십 품 분약품 안전 철로부터 삼세대 비원관명 예방배스에 국립수증산 끊당 음산 시용금액으서로 승인을 받았다
p02_u83,p02,ce_s160,사 백 십 연구소는 이천 이십 일 년 유 월 십 품 분약품 만전 철로부터 삼세대 비원관명 예방배스에 국내 유수동상 일당 음산 시험금액서로 승인을 받았다
p02_u83,p02,taps_s80,사 배십 연구서는 이천 이십 일 년 유 월 십 부 의약품 안전철로부터 삼세대 비원관명 예방배신의 국 이 인상 일상 인상시험계획서 승의를 받았다
p02_u83,p02,taps_s160,사 배십 연구서는 이천 이십 일 년 유 월 십 분 의약품 안전철로부터 삼세대 비원관명 예방배신에 국 이 인상 일상 인상시험계획서 승인을 받았다
p02_u83,p02,ce_visible,사백 십 연구소는 이천 이십 일 년 유 월 십 품 분약품 안전 철로부터 삼 세대 비원관명 예방배스에 국립 교수증상 일상 상수용금액 으로 승인을 받았다
p02_u83,p02,ce_invisible,사 배십 연구서는 이천 이십 일 년 유 월 십 부 의약품 안전철로부터 삼세대 비원관명 예방배신의 국 이 인상 일상 인상시험계서 승리을 받았다
p02_u84,p02,taps,이후 스크리당시 기형 관염에 대한 형태가 음성인 마흔십쿠 세 이상 육십 오 세 민 만의 선해인 함십량을 대상으로 시비아의 에이치이의 공공이 키어를 끊했다
p02_u84,p02,ce,이후 스크리 시이 비역 관염에 대한 형태가 음성인 많흔 쿠에 이상 뉴세 오색 민 만의 선 한색명의 대상으로 스풀리아의 의치비니니 공공이 푸열을 끊했다
p02_u84,p02,ce_s40,이후 스크리시 비역 관염에 대한 형태가 음성및 많스쿠 세 이상 열세 오 색 민 만의 선 한색명의 대상으로 스플리아의 의치비니인 공공이 푸열을 끊했다
p02_u84,p02,ce_s80,이후 스크리시  비역 관염에 대한 상태가 음성인 많흔 십쿠세 이상 요세 오 색 민 만의 선 함색명의 대상으로 스플리아의 에치비니인 공공이 푸열을 끊했다
p02_u84,p02,ce_s160,이후 스크리시이 비역 관염에 대한 형태가 음성인 많흔 시쿠세 이상 벌세 오색 민 만의 선 함생명은 대상으로 스풀리아의 의시비니프리 공공 이 푸열을 끊했다
p02_u84,p02,taps_s80,이후 스크리당시 기형 관염에 대한 형태가 음성인 마흔시쿠 세 이상 육십 오 세 일 만의 선해인 함십량의 대상으로 시비아의 에치 이의 공공이 키어를 끊했다
p02_u84,p02,taps_s160,이후 스크리당시 기형 관염에 대한 형태가 음성인 마흔시쿠 세 이상 오십 오 세 일 만의 선해 삼십량의 대상으로 시비아의 에이치게의 공공이 케어를 끊했다
p02_u84,p02,ce_visible,이후 스크리 시이 부역 관염에 대한 형태가 음성인 많흔쿠에 이상 뉴세 오색 민 만의 선 함색명의 대상으로 스풀리아의 의치비니니 공공이 푸열를 끊했다
p02_u84,p02,ce_invisible,이후 스크리당시 기형 관염에 대한 형태가 음성인 마흔십쿠 세 이상 육십 오 세 민 만의 선해인 함십량을 대상으로 시비아의 에이치이의 공공이 키어를 끊했다
p02_u85,p02,taps,앞으로 일 년간 수적한사하면서 안전성 내학성 탐핵적 면역 원성을 평가해 가 단계 인상에 준비한다고 해상 측은 밝혔다
p02_u85,p02,ce,앞으로 일 년간 소석관사하에서 안전성 내약 방호 삼색적 면역원평을 평가해 가 단계 인상을 준비한다고 시상 측은 밝혔다
p02_u85,p02,ce_s40,앞으로 일 년간 소적관사람에서 안편성 내학 부우 삼색적 면역원동을 평가해 가 단계 인상을 준비한다고 해상 측은 밝혔다
p02_u85,p02,ce_s80,앞으로 일 년간 소적관사람에서 안전성 내학 부 삼색적 면역원동을 평가해 가 단계 인상을 준비한다고 해상 측은 밝혔다
p02_u85,p02,ce_s160,앞으로 일 년간 체적관사람에서 안전성 내략 경 삼핵법 면역 원동을 평가해 가 단계 인상을 준비한다고 해사 측은 밝혔다
p02_u85,p02,taps_s80,앞으로 일 년간 수적한사하면서 안전성 내학성 탐핵적 면역 원정을 평가해 가 단계 인상에 준비한다고 해상 측은 밝혔다
p02_u85,p02,taps_s160,앞으로 일 년간 수적한찰하면서 안전성 내학성 탐핵적 면역 원정을 평가해 가 단계 인상에 준비한다고 해상 측은 밝혔다
p02_u85,p02,ce_visible,앞으로 일 년간 소석관사하에서 안전성 내약 성호 삼색적 면역원성을 평가해 가 단계 인상을 준비한다고 해사 측은 밝혔다
p02_u85,p02,ce_invisible,앞으로 일 년간 수적한사하면서 안전성 내학성 탐핵적 면역 원성을 평가해 가 단계 인상에 준비한다고 해상 측은 밝혔다
p02_u86,p02,taps,시 부아의 에이키피그의 고임은 삼수대 항원인 에일 에이치비에스이지오가 연역 증광제 에핀 에이 피 오호를 포함하고 있다
p02_u86,p02,ce,스부아행 에이진풍부인 오로이는 현세대 한원및 에 이틴피 에스트레이진과 면역 분강 때 에 피에이 양피 공호를 포함하고 있다
p02_u86,p02,ce_s40,스부아행 에이진풍부인 오로이는 현세대 한원인 에 이침피 에스레이과 면력 분강 때 베 에이 양피 공호를 어하고 있다
p02_u86,p02,ce_s80,시부아행 의진풍부인오로이는 현세대 한원  에침피 에스플레이가 면역 분강 때  피에이 피 공호를 어하고 있다
p02_u86,p02,ce_s160,스쿠아행 에이진 풍브인오로이는 현세대 한원및  에이피 에스레이스과 면년 분강 때  에이 피노호를 포어하고 있다
p02_u86,p02,taps_s80,시부아의 에키피그의 고임은 삼세대 항원인 에 에이치비에스이치이오가 연역 증광제 에피 에이양피 오호를 포함하고 있다
p02_u86,p02,taps_s160,시 부아의 에치피브의 고임은 삼세대 상원인 에일 에치비피에스레이치이오가 연력 증광제 에핀 에이양피 오호를 포함하고 있다
p02_u86,p02,ce_visible,스부아행 에이진풍부인 오로이는 현세대 한원및 에 이틴피에스레이진과 면역 분강 때 에 에이 양피 공호를 포함하고 있다
p02_u86,p02,ce_invisible,시 부아의 에키피그의 고임은 삼수대 항원인 에일 에이치비에스이지오가 연역 증광제 에피 에이 피 오호를 포함하고 있다
p02_u87,p02,taps,에 에이치이 메스에이치인 사백 십 연구소가 자체 개발한 사세대 화원으로 이세대 항원보다 면역 원성이 높다
p02_u87,p02,ce,에이비니에스레이 삼백 스 연구소가 사체 개발한 삼세대 항원으로 이세대 항공보다 변역 원성은 높다
p02_u87,p02,ce_s40,에 에이비에스이는 현백 세 연구소가 사체 개발한 삼세대 항원으로 이세대 항공보담 변역 원성이 높다
p02_u87,p02,ce_s80,에비에스레이은 삼백 십 연부소가 사체 개발한 삼세대 항원으로 이세대 항공보담 변역 원성이 높다
p02_u87,p02,ce_s160,에이비인에스이은 삼백 십 연구소가 사체 개발한 삼세대 항원으로 이세대 항공보담 변역 원성이 높다
p02_u87,p02,taps_s80,에 에이치이 메스에이치인인 사백 십 연구소가 자체 개발한 사세등 화원으로 이세대 항원보다 전역 원성이 높다
p02_u87,p02,taps_s160,에 여치이 메스에이치인 사백 십 연구소가 자체 개발한 사세대 화원으로 이세대 항원보다 명역 원성이 높다
p02_u87,p02,ce_visible,에이비니에스이증 삼백 세 연구소가 사체 개발한 삼세대 항원으로 이세대 항공보다 변역 원성은 높다
p02_u87,p02,ce_invisible,에 에이치이 메스에이치인 사백 십 연구소가 자체 개발한 사세대 화원으로 이세대 항원보다 면역 원성이 높다
p02_u88,p02,taps,면역증광제 에피에이에피오는 세성 전역 가능과 세포성 면역 가능을 동시 일도해 체성 면역 기능이 대부분인 사 면역 증상제보다 효과가 좋다고 설명했다
p02_u88,p02,ce,면역증강대 에일피의 의피로는 체육성 면역 반문과 세포상 면역 반응을 동시 유도에 체육성 면역 기능이 대부분인 화사 면역 증경제보다 효과가 좋다고 설명했다
p02_u88,p02,ce_s40,면역증강대 에피의의피로는 체육성 면역반문과 세포상 면역 반응을 동시 유도에 체성 면역 기능이 대부분인 화사 면역 증경제보다 효과가 좋다고 설명했다
p02_u88,p02,ce_s80,면역증강대 에피의 의피는 체육성 면역반문과 쇠포상 면역 반응을 동시 유도에 체성 면역기능이 대부분인 화사 면역 증경제보다 효과가 좋다고 설명했다
p02_u88,p02,ce_s160,면역증강대 에일피의의피로는 체육성 면역반응과 세포상 면역 반응을 동시의 유도에 체성 면역 기능이 대부분인 화사 면역 증경제보다 효과가 좋다고 설명했다
p02_u88,p02,taps_s80,면역증광제 에피에이에피오행 세성 역 가능과 쇠포성 면역 가능을 동시 일도해 체성 면역 기능이 대부분인 차사 면역 증상제보다 효과가 좋다고 설명했다
p02_u88,p02,taps_s160,면역증광제 에피에이에미피운는 체성 전역 가능과 쇠포성 면역 가을 동시 유도해 체성 면역 기능이 대부분인 차사 면역 증상제보다 효과가 좋다고 설명했다
p02_u88,p02,ce_visible,면역증강대 에일피의 의피로는 체육성 면역 반문과 세포상 면역 반응을 동시 유도에 체육성 면역 기능이 대부분인 화사 면역 증경제보다 효과가 좋다고 설명했다
p02_u88,p02,ce_invisible,면역증광제 에피에이에피오는 세성 전역 가능과 세포성 면역 가능을 동시 일도해 체성 면역 기능이 대부분인 사 면역 증상제보다 효과가 좋다고 설명했다
p02_u89,p02,taps,사백십 연구소는 기존에 기검 관역 야방 백신을 맞춰도 원 효과가 없는 무반행이자 고에서도 방원 효과를 유도할 수 있을 것으로 기대하 있다
p02_u89,p02,ce,사백십 연구소는 이존에 비용 관역 예방 백이신을 맞아수로 방원 효과가 없는 무 반행이사 에서도 방원 효과를 요도할 수 있을 것으로 기대하 되 있다
p02_u89,p02,ce_s40,사백 십 연구소는 이교해 비한 관역 여방 백이신을 마아수로 방원 효과가 없는 무 반행이자 건에서도 방원 효과를 유도할 수 있을 것으로 기대하 되 있다
p02_u89,p02,ce_s80,사백십 연구소는 이변에 비한 관역 여방 백신을 맞아수 방원 효과가 없는 무 반행이자 에서도 방원 효과를 유도할 수 있을 것으로 기대하되 있다
p02_u89,p02,ce_s160,사백십 연구소는 이편에 비용 관역 여방 백신을 맞아도 방원 효과가 없는 무 반행이자건에서도 강원 효과를 유도할 수 있을 것으로 기대하기 있다
p02_u89,p02,taps_s80,사백십 연구서는 기준에 기업 관역 야방 백신을 맞춰도 방원 효과가 없는 무 반행이자 건에서도 방원 효과를 유도할 수 있을 것으로 기대하 되 있다
p02_u89,p02,taps_s160,사배십 연구는 기준에 기검 관역 야방 백신을 맞아도 방원 효과가 없는 무 반행이자 건에서도 방원 효과를 유도할 수 있을 것으로 기대하되 있다
p02_u89,p02,ce_visible,사백십 연구소는 이존해 비용 관역 예방 백이신을 맞아수로 방원 효과가 없는 무 반행이사고에서도 방원 효과를 요도할 수 있을 것으로 기대하  있다
p02_u89,p02,ce_invisible,사백십 연구소는 기존에 기검 관역 야방 백신을 맞춰도 원 효과가 없는 무반행이자 고에서도 방원 효과를 유도할 수 있을 것으로 기대하 있다
p02_u90,p02,taps,지말나들 서울 강남구의 한 클럽을 강문한 이십 대 여성이 기가 달린 사실을 파악하고 신고해 경찰이 이권장 조사를 벌이고 있다
p02_u90,p02,ce,김말나들의 서울 강남구의 한 클럽을 강문한 이십 대 여성이 불가 달린 사실을 파악하고 신고해 경찰에 입권장 조사를 벌이고 있다
p02_u90,p02,ce_s40,만나들의 서울 강남구의 한 클럽을 강문한 이십 대 여성이 불가 달린 사실을 파악하고 신고해 경찰에 입권전 조사를 벌이고 있다
p02_u90,p02,ce_s80,지만나들의 서울 강남구의 한 클럽을 방문한 이십 대 여성이 불가 달린 사실을 파악하고 신고해 경찰에 입권장 조사를 벌이고 있다
p02_u90,p02,ce_s160,지말나들의 서울 강남구의 한 클럽을 방문한 이십 대 여성이 불가 달린 사실을 파악하고 신고해 경찰에 입권전 조사를 벌이고 있다
p02_u90,p02,taps_s80,지말나들 서울 강남구의 한 클럽을 강문한 이십 대 여성이 귀가 달린 사실을 파악하고 신고해 경찰이 이권장 조사를 벌이고 있다
p02_u90,p02,taps_s160,지말아들 서울 강남구의 한 클럽을 강문한 이십 대 여성이 기가 달린 사실을 파악하고 신고해 경찰이 이권장 조사를 벌이고 있다
p02_u90,p02,ce_visible,김말나들의 서울 강남구의 한 클럽을 강문한 이십 대 여성이 불가 달린 사실을 파악하고 신고해 경찰에 입권장 조사를 벌이고 있다
p02_u90,p02,ce_invisible,지말나들 서울 강남구의 한 클럽을 강문한 이십 대 여성이 기가 달린 사실을 파악하고 신고해 경찰이 이권전 조사를 벌이고 있다
p02_u91,p02,taps,십 일 일 경찰에 따르면 서울 강남경찰서는 강남구 동현동해 입지한 클럽을 방문한 여성이 귀가 잘렸다는 신고 를 전날 접수해 조사를 벌이다
p02_u91,p02,ce,십 일 일 경찰에 따르면 서울 강남경찰서는 강남구 농현동의 위치한 클럼을 방문한 여성이 귀가 달렸다는 신고를 전날 교수의 조사를 벌이고 했다
p02_u91,p02,ce_s40,십 일 일 경찰에 따르면 서울 강남경찰서는 강남구 음현 동해 위치한 클럼을 방문한 여성이 그가 달렸다는 신고를 전날 교수의 조사를 벌이고 있다
p02_u91,p02,ce_s80,십 일 일 경찰에 따르면 서울 강남경찰서는 강남구 음현 동의 위치한 클럼을 방문한 여성이 그가 잘달렸다는 신고를 전날 교접수의 조사를 벌고 했다
p02_u91,p02,ce_s160,십 일 일 경찰에 따르면 서울 강남경찰서는 강남구 농현동의 위치한 클럼을 방문한 여성이 귀가 달렸다는 신고를 전날 교수의 조사를 벌이고 했다
p02_u91,p02,taps_s80,십 일 일 경찰에 따르면 서울 강남경찰서는 강남구 동현동해 입지한 클럽을 박문한 여성이 귀가 잘렸다는 신고를 전날 접수해 조사를 벌이다
p02_u91,p02,taps_s160,십 일 일 경찰에 따르면 서울 강남경찰서는 강남구 동현동에 입지한 클럽을 방문한 여성이 귀가 잘렸다는 신고를 전날 접수해 조사를 벌이다
p02_u91,p02,ce_visible,십 일 일 경찰에 따르면 서울 강남경찰서는 강남구 농현동의 위치한 클럼을 방문한 여성이 귀가 달렸다는 승고를 전날 교수의 조사를 벌이고 했다
p02_u91,p02,ce_invisible,십 일 일 경찰에 따르면 서울 강남경찰서는 강남구 동현동해 입지한 클럽을 방문한 여성이 귀가 잘렸다는 신고 를 전날 접수해 조사를 벌이다
p02_u92,p02,taps,지난 구 일 나 해당 클럼을 찾진 여성은 쏘레 치연 상태로 스클럭 관계자에게 발견됐다
p02_u92,p02,ce,지난 구 일나 해당 클럼을 타은 여성은 쏘레 치아 상태로 스클럭 관계자에게 발견됐다
p02_u92,p02,ce_s40,지난 구 일나 해당 클럼을 찾진 여성은 쏘네 치연 상태로 스클럭 관계자에게 발견됐다
p02_u92,p02,ce_s80,지난 구 일나 해당 클럼을 찾은 여성은 술의 치 상태로 스클럽 관계자에게 발견됐다
p02_u92,p02,ce_s160,지난 구 일나 해당 클럼을 타은 여성은 술에 치아 상태로 스클럽 관계자에게 발견됐다
p02_u92,p02,taps_s80,지난 구 일 나 해당 클럼을 찾진 여성은 쏘레 치연 상태로 스클럭 관계자에게 발견됐다
p02_u92,p02,taps_s160,지난 구 일 나 해당 클럼을 찾진 여성은 쏘레 치연 상태로 스클럽 관계자에게 발견됐다
p02_u92,p02,ce_visible,지난 구 일나 해당 클럼을 타은 여성은 쏘레 치아 상태로 스클럭 관계자에게 발견됐다
p02_u92,p02,ce_invisible,지난 구 일 나 해당 클럼을 찾진 여성은 쏘레 치연 상태로 스클럭 관계자에게 발견됐다
p02_u93,p02,taps,당시 관기자는 여성이 필를 흘리는 것을 보고 일일고의 신고를 했으나 여성이 치료를 거부해 옮급 차치한 받고 부사했다
p02_u93,p02,ce,당심 관기자는 여성이 필 의 흘리는 것을 보고 일일고의 신고를 했으나 여성이 신열를 거부에 오 차침한 밖고 불과했다
p02_u93,p02,ce_s40,당심 관기자는 여성이 필 를 흘리는 것을 보고 일들고의 신고를 했으나 여성이 신열를 거부해 음급 차측한 받고 교과했다
p02_u93,p02,ce_s80,당시 관기자는 여성이  을 흘리는 것을 보고 일들고 신거를 했으나 여성이 신노를 거부에 몸급 차치한 받고 불과했다
p02_u93,p02,ce_s160,당시 관기자는 여성이 필 의 흘리는 것을 보고 일일고 신거를 했으나 여성이 스터를 거부에 공급 타침만 받고 귀과했다
p02_u93,p02,taps_s80,당시 관기자는 여성이 필해 흘리는 것을 보고 일일고의 신고를 했으나 여성이 치료를 거부해 옮급 차치한 받고 부사했다
p02_u93,p02,taps_s160,당시 관기자는 여성이 필해 흘리는 것을 보고 일일고의 신고를 했으나 여성이 치료를 거부에 공급 차치한 받고 부과했다
p02_u93,p02,ce_visible,당심 관계자는 여성이 필 의 흘리는 것을 보고 일일고의 신거를 했으나 여성이 신열를 거부에 오 타침한 밖고 불과했다
p02_u93,p02,ce_invisible,당시 관기자는 여성이 필를 흘리는 것을 보고 일일고의 신고를 했으나 여성이 치료를 거부해 옮급 차치한 받고 부사했다
p02_u94,p02,taps,다음 날 여성은 상처가 크다는 것을 인지하고 급실를 찾아가 실름을 받았으며 도시에 검찰에도 신고했다
p02_u94,p02,ce,다음 날 여성은 상평가 크다는 것을 인지하고 급 시의 처사가 치료해 받았으며 동시에 검찰에도 신고했다
p02_u94,p02,ce_s40,다음 날 여성은 상평가 크다는 것을 인지하고 급 십의 처다가 치료를 받았으며 동서에 경찰에도 신고했다
p02_u94,p02,ce_s80,다음 날 여성은 상평가 크레는 것을 인지하고 급 십의 사다가 치료를 받았으며 동실에 검찰에도 신고했다
p02_u94,p02,ce_s160,다음 날 여성은 상평가 크다는 것을 인지하고 급 시의 찾사가 치료를 받았으며 동서에 검찰에도 신고했다
p02_u94,p02,taps_s80,다음 날 여성은 상처가 크다는 것을 인지하고 급실를 찾아가 지임을 받았으며 도시에 경찰에도 신고했다
p02_u94,p02,taps_s160,다음 날 여성은 상처가 크다는 것을 인지하고 응급실를 찾자가 실름을 받았으며 도시의 검찰에도 신고했다
p02_u94,p02,ce_visible,다음 날 여성은 상평가 크다는 것을 인지하고 급 시의 처사가 치료해 받았으며 동시에 검찰에도 신고했다
p02_u94,p02,ce_invisible,다음 날 여성은 상처가 크다는 것을 인지하고 급실를 찾아가 실름을 받았으며 도시에 검찰에도 신고했다
p02_u95,p02,taps,여성은 술레급이 귀가 달려 있었으며 어떤 경기로 달린 것인신는 개원하지 않는다는 취지로 진사한 것으로 전해졌다
p02_u95,p02,ce,여성은 손레 극문 귀가 달려 있었으면 어떤 경리로 달린 것인신는 기억나지 않는다는 실지로 진술한 것으로 전해졌다
p02_u95,p02,ce_s40,여성은 손레극문 귀가 달려 있었으면 어떤 경리로 달린 것인신는 기억나지 않는다는 최지로 진술한 것으로 드해졌다
p02_u95,p02,ce_s80,여성은 스레빼  귀가 달려 있었으면 어떤 경리로 달린 것인지는 기억나지 않는다는 최지로 진술한 것으로 전해졌다
p02_u95,p02,ce_s160,여성은 술레 끌문 귀가 달려 있었으면 어떤 경리로 다린 것인지는 기억하지 않는다는 최지로 진술한 것으로 전해졌다
p02_u95,p02,taps_s80,여성은 술레프이 귀가 달려 있었으며 어떤 경기로 달린 것인신는 기원하지 않는다는 취지로 진술한 것으로 전해졌다
p02_u95,p02,taps_s160,여성은 술레급이 귀가 달려 있었으며 어떤 경기로 달린 것인 신은 기원혼하지 않는다는 취지로 진사한 것으로 전해졌다
p02_u95,p02,ce_visible,여성은 손레  귀가 달려 있었으면 어떤 경리로 달린 것인신는 기억나지 않는다는 실지로 진술한 것으로 전해졌다
p02_u95,p02,ce_invisible,여성은 술레급이 귀가 달려 있었으며 어떤 경기로 달린 것인신는 개원하지 않는다는 취지로 진사한 것으로 전해졌다
p02_u96,p02,taps,경찰 관계자는 클럽내 테새 해러키비 등을 통해 정확한 발생 경리를 조사중이라며 여성회 진찰한 의사소 주접 면담한 예정이라고 했다
p02_u96,p02,ce,경찰 관계자는 클로내 폐쇄 어티이등을 통해 정확한 발생의 경리를 돌사중이라며 여성의의 질찰한 의사소 교면담한 예정이라고 했다
p02_u96,p02,ce_s40,경찰 관계자는 클럼의 폐쇄어티비 등을 통해 병확한 발생 경리를 돌사중이라며 여러의의 질찰한 의사소 불면담한 예정이라고 했다
p02_u96,p02,ce_s80,경찰 관계자는 클럽의 폐쇄어티비등을 통해 명확한 발생 경리를 돌사중이라며 여러의의 질사한 의사소 극면담한 예정이라고 했다
p02_u96,p02,ce_s160,경찰 관계자는 클없내 폐쇄 어티비등을 통해 병확한 발생 경리를 돌사중이라며 여성회의 질사한 사소 교면담할 예정이라고 했다
p02_u96,p02,taps_s80,경찰 관계자는 클럽내 테새 해러키기 등을 통해 정확한 발생 경리를 조사중이라며 여성회 진찰한 의사소 규 면담할 예정이라고 했다
p02_u96,p02,taps_s160,경찰 관계자는 클럽 내 태세 해로키비등을 통해 정확한 발생 경리를 조사중이라며 여성회 진찰한 의사소 주접 면담할 예정이라고 했다
p02_u96,p02,ce_visible,경찰 관계자는 클로내 폐쇄 어티이등을 통해 경확한 발생의 경리를 돌사중이라며 여성의의 질사한 의사소 교면담한 예정이라고 했다
p02_u96,p02,ce_invisible,경찰 관계자는 클럽내 세새 해러키비 등을 통해 정확한 발생 경리를 조사중이라며 여성회 진찰한 의사소 주접 면담한 예정이라고 했다
p02_u97,p02,taps,싱생욱 라이프타일 호텔 플럭스 사울들에본 시피는 십 사 일부터 팔 월 이십 팔 일까지 더 이십 육 에서 디자트밑에 마무버 스트디어를 용영한다
p02_u97,p02,ce,현생한 라이프스타일 호텔 플렉스 사골 두빼곤 시피는 십 사 일부터 팔 월 이십 팔 일까지 버 이십 육 에서 디같트 뷔해 왕고 스튜디어를 명한다
p02_u97,p02,ce_s40,현생한 라이프 스타일 텔 플렉스 사월 두빼곤 시피는 십 사 일부터 팔 월 이십 팔 일까지 더 이십 육 에서 디같트 뷔해 왕고 스튜디어를 용명한다
p02_u97,p02,ce_s80,현생한 라이프타일 호텔 플레스사울 두빼곤 시피는 십 사 일부터 팔 월 이십 팔 일까지 더 이십 육 에서 디같트 뷔해 왕고 스트디어를 명한다
p02_u97,p02,ce_s160,현생한 라이프타일 호텔 플렉스 사월 두내공 시피는 십 사 일부터 팔 월 이십 팔 일까지 버 이십 육 에서 디같트 뷔해 왕고 스트드어를 명한다
p02_u97,p02,taps_s80,싱생훈 라이프타의 호텔 플럭스사울두의본 시피에 십 사 일부터 팔 월 이십 팔 일까지 더 이십 육 에서 디자트밑해 마버스트디어를 운영한다
p02_u97,p02,taps_s160,싱생훈 라이프타일 호텔 플럭스 사울들본 시피는 십 사 일부터 팔 월 이십 팔 일까지 더 이십 육 에서 기저트 밑에 마무버스트디어를 용영한다
p02_u97,p02,ce_visible,현객한 라이프스타일 호텔 플렉스 사골 두빼곤 시피는 십 사 일부터 팔 월 이십 팔 일까지 버 이십 육 에서 디세트 뷔해 왕고 스트디어를 명한다
p02_u97,p02,ce_invisible,싱생욱 라이프타일 호텔 플럭스 사울들에본 십피는 십 사 일부터 팔 월 이십 팔 일까지 더 이십 육 에서 디자트밑에 마무버스트디어를 용영한다
p02_u98,p02,taps,왕버스튜디언은 지난 결다 끼스튜디회에 이어 과 이십 육 에서 한봉인는 본여름 시진 지저를 비해다
p02_u98,p02,ce,왕고 스트디로는 지난 겨 단기 스코니아의 인어 과 음생류에서 한부인은 본여론 신 인자 집패다
p02_u98,p02,ce_s40,왕가 스트디어는 지난 겨월 단끼 스티니아의 인어 과 음생교 에서 한부인은 본 여론 신 자표 뷔패다
p02_u98,p02,ce_s80,왕고 스트디어로는 지난 겨월 단끼 스튜니아의 인어 거 음생뉴 에서 한부인은 본 여론 시신 사프 뷔패다
p02_u98,p02,ce_s160,왕국가 스트디로은 지난 겨 단끼 스튜니아의 인어 거의 생민뉴 에서 한부인은 본여론 신 인자 뷔패다
p02_u98,p02,taps_s80,왕버스튜디언은 지난 결다 끼스튜디회 이어 과 이십 육 에서 한봉인는 본여름 시진 가저을 비르다
p02_u98,p02,taps_s160,왕버스튜디언은 지난 결다 히스튜디회에 이어 과 이십 육 에서 한봉인는 본여름 시진 가저을 비해다
p02_u98,p02,ce_visible,왕고 스트디오는 지난 겨 단기 스코니의 인어 과 음생류에서 한부인은 본여론 시신 인자 집패다
p02_u98,p02,ce_invisible,왕버스튜디언은 지난 결다 끼스튜디회에 이어 과 이십 육 에서 한봉인는 본여름 시진 지저를 비해다
p02_u99,p02,taps,호텔 디자트밑에는 아기 자기한 기지열러 인생 샷을 짓고 스세 리디어의 삼한인기 좋은 이른바 인사그램어브란 우소로 장고 있어 음지 세대의 목기를 끌고 있다
p02_u99,p02,ce,호텔 디자크밑에는 아기 자기란 기주별로 인생이 샷을 쉽고 세 미디아의 성문 인 좋은 우연바 인타 그램어란 의소를 담고 있어 음시 세대의 노기를 끌고 있다
p02_u99,p02,ce_s40,호텔 디자크밑에는 아기 자기한 기열로 인생이 퍼을 짓고 세 리디어의 성문 후인이 좋은 은연바 인타 그램어란 의소를 담고 있어 암시세대의 눈길를 끌고 있다
p02_u99,p02,ce_s80,호텔 디자트밑에는 아기 자기란 기열로 인생이 샷을 쉽고 에 미디어의 성문 후인 좋은 우연바 인타 그램너우란 의소를 담고 있어 암시 세대의 눈길를 끌고 있다
p02_u99,p02,ce_s160,호텔 디자크밑에는 아기자기란 기열로 인생이 샷을 짓고 에미디어의 성문인 좋은 우연바 인사그램어브란 의소를 담고 있어 암시세대의 노기를 끌고 있다
p02_u99,p02,taps_s80,호텔 디자트밑에는 아기 자기한 디지열러 인생 샷을 짓고 스세 리디어의 삼보기 좋은 이른바 인사크램너브란 우소로 잠고 있어 음시 세대의 목기를 끌고 있다
p02_u99,p02,taps_s160,호텔 디자트밑에는 아기 자기한 기지열러 인생 샷을 짓고 스에 리디아의 삼보인기 좋은 이른바 인사그램어불란 우소로 잠고 있어 음지 세대의 목기를 끌고 있다
p02_u99,p02,ce_visible,호텔 디자크밑에는 아기 자기란 기주별로 인생이 샷을 짓고 스세 미디아의 성문 인 좋은 우른바 인타 그램어란 의소를 담고 있어 음시 세대의 노기를 끌고 있다
p02_u99,p02,ce_invisible,호텔 디자트밑에는 아기 자기한 기지열러 인생 샷을 짓고 스세 리디어의 삼한인기 좋은 이른바 인사그램어브란 우소로 장고 있어 음지 세대의 목기를 끌고 있다
p04_u00,p04,taps,임터에 강풍을 동반한 포우가 서다지면서 도로 크과 시장이 물을 상기로 경인국철일차본행이 일부 지원되는 등 피해가 잇따랐다
p04_u00,p04,ce,민터에 강풍을 동반한 토기가 서붙지면서 도로 곳과 시장의 물에 당늘고 경인육철벌차은행 일곱 주원대는 등 피해가 잇따았다
p04_u00,p04,ce_s40,문촌에 강풍을 동반한 토이가 서받지면서 도로 보곳과 시장의 물에 당늘고 경인국철 발차은행 일곱 주원대량 등 필해가 잇따았다
p04_u00,p04,ce_s80,문터에 강풍을 동반한 토이가 쏟아지면서 도로 곳과 시장의 물에 당 늘고 경인국철 벌차은행 일곱 주원대면 등 피해가 잇따았다
p04_u00,p04,ce_s160,민터에 강풍을 동반한 통기가 쏟아지면서 도로 곳과 수장의 물에 당합두고 병인 육철 벌차은행 일곱 주원대란 등 피해가 잇따았다
p04_u00,p04,taps_s80,임터넷 강풍을 동반한 포우가 쏟아지면서 도로 크과 시장인 브를 상기고 경인구철 타은행이 일곱 지원되는 등 피해가 잇따랐다
p04_u00,p04,taps_s160,임터에 강풍을 동반한 포우가 서다지면서 도로 크과 시장이 물을 상기고 경인구철 열카오행이 일부 지원되는 등 피해가 잇따랐다
p04_u00,p04,ce_visible,민터에 강풍을 동반한 토기가 서붙지면서 도로 곳과 시장의 물에 당늘고 경인육철벌차은행 일곱 주원대는 등 피해가 잇따았다
p04_u00,p04,ce_invisible,임터에 강풍을 동반한 포우가 서다지면서 도로 크과 시장이 물을 상기로 경인구철일차본행이 일부 지원되는 등 피해가 잇따랐다
p04_u01,p04,taps,팔 일 인천소방본부에 따르면 이날 오전 열 한 시부터 오후 두 시 삼십 분까지 일 일 고에 모두 팔십 다섯 건의 피해진고가지 접수됐다
p04_u01,p04,ce,팔 일 인천 소방송부에 따르면 이날 오전 열 한 시부터 오후 두 시 삼십 분까지 인 일 그램 모두 팔십 다섯 건의 피해승고가 접수됐다
p04_u01,p04,ce_s40,팔 일 인천소방송부에 따르면 이날 오전 열 한 시부터 후 두 시 삼십 분까지 인 일 교엔 모두 팔십 다섯 건의 피해승고가 접수됐다
p04_u01,p04,ce_s80,팔 일 인천소방송부에 따르면 이날 오전 열 한 시부터 후 두 시 삼십 분까지 인 일 고엔 모두 팔십 다섯 건의 비해승고가 접수됐다
p04_u01,p04,ce_s160,팔 일 인천소방송부에 따르면 이날 오전 열 한 시부터 모스 두 시 삼십 분까지 인 일 고엔 모두 팔십 다섯 건의 피해 승고가 접수됐다
p04_u01,p04,taps_s80,팔 일 인천소범송부에 따르면 이날 오전 열 한 시부터 오후 두 시 삼십 분까지 일 일 후에 모두 팔십 다섯 건의 피진고가 접수됐다
p04_u01,p04,taps_s160,팔 일 인천소정송부에 따르면 이날 오전 열 한 시부터 오후 두 시 삼십 분까지 일 일 그에 모두 팔십 다섯 건의 비애진고가 접수됐다
p04_u01,p04,ce_visible,팔 일 인천 소방송부에 따르면 이날 오전 열 한 시부터 오후 두 시 삼십 분까지 인 일 그램 모두 팔십 다섯 건의 피해승고가 접수됐다
p04_u01,p04,ce_invisible,팔 일 인천소방본부에 따르면 이날 오전 열 한 시부터 오후 두 시 삼십 분까지 일 일 고에 모두 팔십 다섯 건의 피해진고가지 접수됐다
p04_u02,p04,taps,낡은 시간 많은 비간 내리면서 대한구 작전동 도키 골과 및서 국경 고속도로 송쩜 지하 차도는 오후 열 두 삼십 분부터 차량 통행이 통결됐다
p04_u02,p04,ce,딸은스간 많은 비간 내리면서 대한 작전동 속키 굴과 및오 일 국정  고속도로 송잇쩜 지약하도는 오후 열 시 삼십 분부터 차량 동행이 통개됐다
p04_u02,p04,ce_s40,딸은 지간 많은 비간 내리면서 대한 작전동 속키 온과 및주 일 국경 고속도로 속점쩜 지약하도는 오후 열 분시 삼십 분터 차량 동행이 통제됐다
p04_u02,p04,ce_s80,딸은 지간 많은 비난 내리면서 대한 작전동 속피 온과 및 일 국정 한 고속도로 송쩜 지약하도는 오후 열 분시 삼십 분터 차량 동행이 통제됐다
p04_u02,p04,ce_s160,딸은간 많은 비난 내리면서 대한구 작전 동 폭기 온과 및주  국경 한고속도로 송쩜 약 하도는 오후 열 배이 삼십 분터 차량 동행이 통제됐다
p04_u02,p04,taps_s80,낡은 시간 많은 비간 내리면서 대한구 작전동 도키 골과 및서국경의 고속보속쩜 지하 차도는 오후 열 두 삼십 퍼터 차량 통행이 통결됐다
p04_u02,p04,taps_s160,낡은 시간 많은 비간 내리면서 대한구 작전동 도키 골과 및주 국경 고속도로 속쩜 지하 차도는 오후 열 두 삼십 분부터 차량 통행이 통결됐다
p04_u02,p04,ce_visible,딸은스간 많은 비간 내리면서 대한 작전동 속키 온과 및오 일 국정  고속도로 송잇쩜 지약하도는 오후 열 시 삼십 분부터 차량 동행이 통개됐다
p04_u02,p04,ce_invisible,낡은 시간 많은 비간 내리면서 대한구 작전동 도키 골과 및서 국경 고속도로 송쩜 지하 차도는 오후 열 두 삼십 분부터 차량 통행이 통결됐다
p04_u03,p04,taps,경영국 전 일 로탄 비환역에서 도화역 산너 인근도 심수 대 열 차운행이 한동안 비난됐다
p04_u03,p04,ce,영국 잘 일 로선 불환역에서 도화역 산로 일 근도 출수 대 열 차 은행이 한동안 지난됐다
p04_u03,p04,ce_s40,영국 찰 일 호선 불환역에서 도화역 산로 임근도 출수대 열 차 은행이 한동안 지난됐다
p04_u03,p04,ce_s80,영향국 잘 일 로선 불안역에서 도화역 서 일 근도 출수대 열 차운행이 한동안 지난됐다
p04_u03,p04,ce_s160,영국 잘 일 로선 불환역에서 도화역 서로 임 근도 출수대 열 차 은행 한동안 지안됐다
p04_u03,p04,taps_s80,경영국 찰 일 오탄 비환역에서 도화역 산너 인근도 침수 대 열 차은행이 한동안 지난됐다
p04_u03,p04,taps_s160,경영국 잘 일 호탄 주환역에서 도화역 산노 인근도 침수 대 열 차운행이 한동안 비난됐다
p04_u03,p04,ce_visible,영국 잘 일 로선 불환역에서 도화역 산로 일 근도 출수 대 열 차 은행이 한동안 지난됐다
p04_u03,p04,ce_invisible,병영국 전 일 로탄 비환역에서 도화역 산너 인근도 심수 대 열 차운행이 한동안 비난됐다
p04_u04,p04,taps,비슷한씨가 불평경찰서악과  서월구 재물포역 중환역 인근도로 곳도 인물을 담겼다
p04_u04,p04,ce,미슷판스가 법평경찰병 앞과 서고 재물포역 주완역인근도로 곳도 눈물에 다겼다
p04_u04,p04,ce_s40,비슷판수가 법평경찰던 앞과 서고 재물포역 주완역인근도로 곳도 주물에 다는겼다
p04_u04,p04,ce_s80,비슷한수가 법평경찰던 앞과 서고 재물보역 완역 인근도로 도 눈물에 담겼다
p04_u04,p04,ce_s160,비슷판스가 법평경찰던 앞과 홈올고 재물포역 주완역인근도로 곳도 주물에 가겼다
p04_u04,p04,taps_s80,비슷한씨가 불평경찰 서악과 이 서월구 재물포역 중한역 인근도로 곳도 인물을 담겼다
p04_u04,p04,taps_s160,비슷한씨가 불평경찰 서 악과 이 서월구 재물포역 중환역 인근도로 곳도 진물을 담섰다
p04_u04,p04,ce_visible,미슷판스가 법평경찰병 앞과 서고 재물포역 주완역인근도로 곳도 물에 다겼다
p04_u04,p04,ce_invisible,비슷한씨가 불평경찰서악과 이 서월구 재물포역 중환역 인근도로 곳도 인물을 담겼다
p04_u05,p04,taps,이로 인해 도로을 달리던 차량의 온보를 담겨 주민들이 기접 차를 유기도 했으며 출동한 소방당국이 안전조치를 냈다
p04_u05,p04,ce,이로인해 로로를 팔리던 사량의 원구를 담겨 시민들이 기값 차를 밀기도 했다며 출풍한 소방당국이 안전 조치를 냈다
p04_u05,p04,ce_s40,이로 인해 로로를 팔리던 차량의 원구를 담겨 시민들이 기값 사를 밀기도 했다며 출동한 소방당국이 안전 조치를 냈다
p04_u05,p04,ce_s80,이로 인해 로로를 반려던 사량의 물를 담겨 시민들이 기값 사를 밀기도 했다며 출동한 소방당국이 안전 조치를 냈다
p04_u05,p04,ce_s160,이로 인해 로로를 바리던 사량의 연구를 담겨 시민들이 기값 차를 밀기도 했다며 출동한 소방당국이 안전 조치를 냈다
p04_u05,p04,taps_s80,이로 인해 도로을 달리던 차량의 운구를 담겨 주민들이 기접 차를 유기도 했으며 출동한 소방당국이 안전 조치를 냈다
p04_u05,p04,taps_s160,이로 인해 도로를 달리던 차량의 운보를 담겨 시민들이 기접 차를 유기도 했으며 출동안 소방당국이 안전 조치를 냈다
p04_u05,p04,ce_visible,이로인해 로로를 팔리던 사량의 연구를 담겨 시민들이 기값 차를 밀기도 했다며 출풍한 소방당국이 안전 조치를 냈다
p04_u05,p04,ce_invisible,이로 인해 도로을 달리던 차량의 온보를 담겨 주민들이 기접 차를 유기도 했으며 출동한 소방당국이 안전조치를 냈다
p04_u06,p04,taps,앞서 오전 뉴술화동제일 시장의 확당물이 들어자 가의 영업의 차을 이빚어졌고 중구 중간동에서는 일부 주택과 도로가 비몰에 잠겨 지인들이 큰 불편을 다
p04_u06,p04,ce,앞러 오전 미고 도화동시시장의 성행물을 들어자 가의 영업의 사실이 길어졌고 송구 중산동에서는 일부 주택과 도로가 비물에 담겨 주민들이 큰 불편을 꿨다
p04_u06,p04,ce_s40,앞러 오전 미고 도화동시 시장의 혹행물을 들어자 가게 영업의 차실이 길어졌고 한구 중산동에서는 일부 주택과 도로가 비물에 담겨 주민들이 큰 불편을 비 꿨다
p04_u06,p04,ce_s80,앞로 오전 미고 도화동시시장의 폭행탁물을 들어자 가게 영업의 차십이 빚어졌고 한구 동산동에서는 일부 주택과 도로가 비몰에 담겨 주민들이 큰 불편을  꿨다
p04_u06,p04,ce_s160,앞러 오전 미고 도화동소일시장의 성탁물을 들어자 가의 영업의 차게이 길어졌고 송구 중산동에서는 일부 주택과 도로가 비몰에 담겨 주민들이 큰 불편을 있 꿨다
p04_u06,p04,taps_s80,앞서 오전 이 술화동제일시장의 확당물이 들어자 가의 영업의 차이이 빚어졌고 중국 중간동에서는 일부 주택과 도로가 빈몰에 잠겨 지인들이 큰 불편을 기웠다
p04_u06,p04,taps_s160,앞서 오전 입 술화동제일시장의 확탕물이 들어자 가의 영업을 차직 이빚어졌고 중구 중간동에서는 일부 주택과 도로가 비몰에 잠겨 지인들이 큰 불편을 꿨다
p04_u06,p04,ce_visible,앞러 오전 미고 도화동시시장의 폭행물을 들어자 가게 영업의 사실이 길어졌고 송구 중산동에서는 일부 주택과 도로가 비물에 담겨 주민들이 큰 불편을 꿨다
p04_u06,p04,ce_invisible,앞서 오전 뉴술화동제일 시장의 확당물이 들어자 가의 영업의 차을 이빚어졌고 중구 중간동에서는 일부 주택과 도로가 비몰에 잠겨 지인들이 큰 불편을 다
p04_u07,p04,taps,오후 한 시 십 칠 분 쯤에는 우평우 불평동의 한 건물치 해권도장의 빗물리 사라 수업을 받던 원생의 등 열 두 명이 대피했다
p04_u07,p04,ce,오후 한 시 십 칠 분 등에는 우평부 불평동의 안건물지자 채권보장의 비물리 자라 사로을 받던 원생학등은 열 두명이 대표했다
p04_u07,p04,ce_s40,오후 한 시 십 칠 분 등에는 우평당 불평동의 한 건물를지자 채권보장의 비물리 처라 사로을 받던 원생활등은 열 두명이 대피했다
p04_u07,p04,ce_s80,오후 한 시 십 칠 분 쯤에는 우평부 불평동의 한 건물지약 채권보장의 비물리 처라 회로을 받던 원생학교은 열 두명이 대피했다
p04_u07,p04,ce_s160,오후 한 시 십 칠 분 쯤에는 우평우 불평동의 한 건물지약 채권보장 비물이 자라 사로을 받던 원생학교은 열 두명이 대피했다
p04_u07,p04,taps_s80,오후 한 시 십 칠 분 쯤에는 국평우 불평동이 한 건물치하 해권도장의 빗물리 자올라 수업을 받던 원생의 등 열 두 명이 대피했다
p04_u07,p04,taps_s160,오후 한 시 십 칠 분 쯤에는 우평우 불평동의 한 건물치약 해권도장의 빗물리 사올라 수업을 받던 원생의 등 열 두 명이 대피했다
p04_u07,p04,ce_visible,오후 한 시 십 칠 분 등에는 우평부 불평동의 안건물지하 채권보장의 비물리 자라 회로을 받던 원생활학등은 열 두명이 대표했다
p04_u07,p04,ce_invisible,오후 한 시 십 칠 분 쯤에는 우평우 불평동의 한 건물치약 해권도장의 빗물리 사라 수업을 받던 원생의 등 열 두 명이 대피했다
p04_u08,p04,taps,임천 소방부 두 관계자는 팔십 사 건은 배수지원을 요청한 신고이며 나머지는 안전 조치신고라며 선재까지 인정행 없다고 밝혔다
p04_u08,p04,ce,임편소방본부 관계자는 팔십 패 건은 배수지원을 요청하 신고이며 나머지는 안전 보지승고 라며 선재까지 민 경행 없다고 밝혔다
p04_u08,p04,ce_s40,임편소방본부 관계자는 팔십 패 건은 배수지원을 요청한 신고이며 나머지는 안전 보지 승고 라며 선배까지 는 경행 없다고 밝혔다
p04_u08,p04,ce_s80,임편 소방본부 관계자는 팔십 패 건은 배수지원을 요청한 신고이며 나머지는 안전 보지 신고 라며 전재까지 는 경행 없다고 밝혔다
p04_u08,p04,ce_s160,임편 소방본부 관계자는 한십 패건은 별수지원을 요청한 신고이며 나머지는 안전 보티 승고 라며 전재까지 민 경백 없다고 밝혔다
p04_u08,p04,taps_s80,임천 소방부부 관계자는 팔십 사 건은 배수지원을 요청한 신고이며 나머지는 안전 조치지신고라며 선재까지 인정행 없다고 밝혔다
p04_u08,p04,taps_s160,임천 소방부부 관계자는 팔십 사 건은 배수지원을 요청한 신고이며 나머지난 안전 조치신고라며 선재까지 인정팬 없다고 밝혔다
p04_u08,p04,ce_visible,임편소방본부 관계자는 팔십 사 건은 배수지원을 요청한 신고이며 나머지는 안전 보지승고 라며 선재까지 민 경행 없다고 밝혔다
p04_u08,p04,ce_invisible,임천 소방부 두 관계자는 팔십 사 건은 배수지원을 요청한 신고이며 나머지는 안전 조치신고라며 선재까지 인정행 없다고 밝혔다
p04_u09,p04,taps,이날 오후 세시 오 분 현재 내린기는 인천 구십 팔 쩜 오밀리미터 불평군 팔십 삼 밀리미터 한군 인천 공항 칠십 삼 쩜 칠밀리미터 영성도 육십 오 쩜 오미미터 공진군 장봉도 오십 칠 쩜 오무리미터 뜨다
p04_u09,p04,ce,이날 오후 백균 오십 분 한달 내린티는 음천 십 팔 쩜 오밀로미터 불평구 팔십 삼 밀리미터 영군 인사공항 출 삼 쩜 필밀리미터 영종로 육십 오 쩜 오미리미터 영진군이 장봉도 오십 칠 쩜 오미로미터 등이다
p04_u09,p04,ce_s40,이날 오후 백균 오십 분 한달 내린티는 음천 습 팔 쩜 오 밀로미터 불평구 팔십 삼 밀리미터 영군 인사공항 출 삼 쩜 킬리미터 영종로 육시 오 쩜 오밀리미터 영균군 장봉도 오 칠 쩜 오 미로미터 등이다
p04_u09,p04,ce_s80,근그날 오후 백균 오십 분 한달 내린 티는 음천 습 팔 쩜 오밀로터 불평구 팔십 삼 밀리미터 영군 인공항 출 삼 쩜 킬리미터 영속도 육십 오 쩜 오미리미터 영진군 장봉도 오 칠 쩜 오 미로미터 등이다
p04_u09,p04,ce_s160,그날 오후 백균 오십 군 한달 내린 티는 음산 구십 팔 쩜 오 밀미터 불평구 팔십 삼 밀미터 영군 인사공항 출삼 쩜 킬밀리미터 영속로 육십 오 쩜 오밀리미터 영진군 장봉도 오 칠 쩜 오 로미터 등이다
p04_u09,p04,taps_s80,이날 오후 세시 오 분 현재 내린기는 인천 구십 팔 쩜 오밀리미터 불평구 팔십 삼 밀리미터 한군 인천 공항 칠십 삼 쩜 칠밀리미터 영종도 육십 오 쩜 오미로미터 진군 장봉도 오십 칠 쩜 오울리미터 등다
p04_u09,p04,taps_s160,이날 오후 세 십 오 분 현재 내린기는 인천 구십 팔 쩜 오밀미터 불평군 팔십 삼 일리미터 한군 인천 공항 칠십 삼 쩜 칠밀리미터 영종도 육십 오 쩜 오미리미터 공진군 장봉도 오십 칠 쩜 오무디미터 등다
p04_u09,p04,ce_visible,이날 오후 백균 오십 군 한달 내린티는 음천 구십 팔 쩜 오밀로미터 불평구 팔십 삼 밀리미터 영군 인사공항 출 삼 쩜 필밀리미터 영종로 육십 오 쩜 오미리미터 영진군이 강봉도 오십 칠 쩜 오미로미터 등이다
p04_u09,p04,ce_invisible,이날 오후 세시 오 분 현재 내린기는 인천 구십 팔 쩜 오밀리미터 불평구 팔십 삼 밀리미터 한군 인천 공항 칠십 삼 쩜 칠밀리미터 영성도 육십 오 쩜 오미미터 공진군 장봉도 오십 칠 쩜 오무리미터 뜨다
p04_u10,p04,taps,동천씨는 비상 이 단계를 반려하고 열계 본구와 인력 칠백 사진 통명을 투입해 비상근무 체계를 유지하고 있다
p04_u10,p04,ce,동천수는 비상 민반계를 반려하고 열백 고등구와 역 칠백 사생 현명을 투입해 비상 금무 체계를 유지하고 있다
p04_u10,p04,ce_s40,동천수는 비상 민단계를 반려하고 열백 고등구와 력 칠백 사생 성명을 투입해 비상금무 체계를 유사하고 있다
p04_u10,p04,ce_s80,동천씨는 비상 민간계를 반려하고 열 백 고등구와 력 칠백 사생 성명을 투입해 비상 근무 체계를 유지하고 있다
p04_u10,p04,ce_s160,동천씨는 비상 민단계를 반려하고 열백 고등구와 수역 칠백 사생 성명을 투입해 비상금무 체계를 유지하고 있다
p04_u10,p04,taps_s80,동천씨는 비상 이 단계를 반려하고 열백 군구와 인력 칠백 사진 현명을 투입해 비상근무 체계를 유지하고 있다
p04_u10,p04,taps_s160,동천씨는 비상 이 단계를 반련하고 열객 고구와 인력 칠백 사진 현명을 투입해 비상근무 체계를 유지하고 있다
p04_u10,p04,ce_visible,동천수는 비상 민반계를 반려하고 열대 고등구와 역 칠백 사생 현명을 투입해 비상금무 체계를 유지하고 있다
p04_u10,p04,ce_invisible,동천씨는 비상 이 단계를 반려하고 열계 본구와 인력 칠백 사진 통명을 투입해 비상근무 체계를 유지하고 있다
p04_u11,p04,taps,수도권 기당청은 십 일 다전까지 인천넷 대 에서 삼생 비리미터의 비가 내 릴 것으로 예고했다
p04_u11,p04,ce,수도권 부당청은 십 일 자전까지 인천의 백 여에서 삼생 밀리미터의 비난내릴 것으로 예고했다
p04_u11,p04,ce_s40,수도권 부당청은 십 일 자전까지 인천의 백 에서 삼생 밀리미터의 비난내릴 것으로 예고했다
p04_u11,p04,ce_s80,수도권 부당청은 십 일 자전까지 인천의 백 에서 삼백밀리미터의 비난내릴 것으로 예고했다
p04_u11,p04,ce_s160,로번 부상청은 십 일 자전까지 인천넷 백 에서 삼생 밀리미터의 비난내릴 것으로 예부했다
p04_u11,p04,taps_s80,수도권 기당청은 십 일 자전까지 인천넷 대 에서 삼생 밀리미터의 비가 내릴 것으로 예고했다
p04_u11,p04,taps_s160,수도권 기상청은 십 일 자전까지 인천넷 대 에서 삼생 밀리미터이 비간 내릴 것으로 예보했다
p04_u11,p04,ce_visible,수도권 부당청은 십 일 자전까지 인천의 백 여에서 삼생 밀리미터의 비난내릴 것으로 예고했다
p04_u11,p04,ce_invisible,수도권 기당청은 십 일 다전까지 인천넷 대 에서 삼생 비리미터의 비가 내 릴 것으로 예고했다
p04_u12,p04,taps,백거원 김모 생명 혐의를 받는 방송인 박수홍 형 메이씨에 대한 구속없과 결정된다
p04_u12,p04,ce,백거원 규모의 생명 혐의를 받는 방송인 박문의 신형 페이에 대한 구속여부가 발동된다
p04_u12,p04,ce_s40,백거보원 규모의 생량 혐의를 받는 방송인 박문의 신형 메스에 대한 구속여부가 결동된다
p04_u12,p04,ce_s80,백거원 규모의 생량 혐의를 받는 방송인 박의 신형 페이스에 대한 교속여부가 결동된다
p04_u12,p04,ce_s160,백거원 규모의 생명 혐의를 받는 방송인 박송년의 신형 배지에 대한 구속여부가 결동된다
p04_u12,p04,taps_s80,백거원 김모 생명 혐의를 받는 방송인 박수홍의 형 메이씨에 대한 구속기과 결정된다
p04_u12,p04,taps_s160,백거원 김모 생명 혐의를 받는 방송인 박수홍 형 메이시에 대한 구속기없과 결정된다
p04_u12,p04,ce_visible,백거원 규모의 생명 혐의를 받는 방송인 박문의 신형 페이에 대한 구속여부가 발동된다
p04_u12,p04,ce_invisible,백거원 김모 생명 혐의를 받는 방송인 박수홍 형 메이씨에 대한 구속없과 결정된다
p04_u13,p04,taps,서울서부지법은 십 삼 일 오전 열 시 삼십 오부터 박송홍 형 에이치에 대한 구속 전 피의자 질문을 지행했다
p04_u13,p04,ce,서울서부지법은 십감 일 오전 열 시 삼십 본부터 박송 영 회입에 대한 구속 전 교의자 지분을 진행했다
p04_u13,p04,ce_s40,겨울서부지법은 수감 일 오전 열 시 삼십 본부터 박송홍 형 회시에 대한 구속전 교인자 비분을 진행했다
p04_u13,p04,ce_s80,겨울서부지법은 수감일 오전 열 시 삼십 본부터 박송 형 회시에 대한 구속 전 교의자 진분을 진행했다
p04_u13,p04,ce_s160,겨울서부지법은 십감 일 오전 열 시 삼십 본부터 박송홍 입형 회시에 대한 구속 전 교의자 지분을 진행했다
p04_u13,p04,taps_s80,서울서부지업은 십 삼 일 오전 열 시 삼십 오부터 박송홍 형 에이치에 대한 구속 전 기의자 질문을 진행했다
p04_u13,p04,taps_s160,서울서부지법은 십 삼 일 오전 열 시 삼십 공부터 박송홍 형 에이치에 대한 구속 전 피의자 질문을 진행했다
p04_u13,p04,ce_visible,서울서부지법은 수감 일 오전 열 시 삼십 분부터 박송 영 회시에 대한 구속 전 교회자 진분을 진행했다
p04_u13,p04,ce_invisible,서울서부지법은 십 삼 일 오전 열 시 삼십 오부터 박송홍 형 에이치에 대한 구속 전 피의자 질문을 지행했다
p04_u14,p04,taps,에이씨는 지난 삼십 년간 약 백 십 육 억원에 달하는 동생 박송 수단료 계약금 등을 생명했다는 의혹을 받고 있다
p04_u14,p04,ce,메이씨는 지난 삼십 년간 약 백 십 육 억원에 달하는 동생박송 수변료 대학금 등을 선명했다는 의혹을 받고 있다
p04_u14,p04,ce_s40,메이씨는 지난 삼십 년간 약 백 십 육 억원에 달하는 동성박송의 수변료 대학금 등을 선명했다는 의혹을 받고 있다
p04_u14,p04,ce_s80,메이씨는 지난 삼십 년간 약 백 십 육 억원에 달하는 봉성박로 수변료 대학금 등을 선명했다는 의혹을 받고 있다
p04_u14,p04,ce_s160,메이씨는 지난 삼십 년간 약 백 십 육 억원에 달하는 봉생박송희 수변료 대학금 등을 선명했다는 의혹을 받고 있다
p04_u14,p04,taps_s80,에이씨는 지난 삼십 년간 약 백 십 육 억원에 달하는 동생 박송 수단료 계약금 등을 생명했다는 의혹을 받고 있다
p04_u14,p04,taps_s160,엘이씨는 지난 삼십 년간 약 백 십 육 억원에 달하는 동생 박송 시단료 계약금 등을 생명했다는 의혹을 받고 있다
p04_u14,p04,ce_visible,메이씨는 지난 삼십 년간 약 백 십 육 억원에 달하는 동생박송 수변료 대학금 등을 선명했다는 의혹을 받고 있다
p04_u14,p04,ce_invisible,에이씨는 지난 삼십 년간 약 백 십 육 억원에 달하는 동생 박송 수단료 계약금 등을 생명했다는 의혹을 받고 있다
p04_u15,p04,taps,앞서 지난해 사 월 박송홍 측은 에이씨 부부가 메니먼트 법인을 설립해 수익을 일정 비로 본대하기로 했지만 이를 지키지 않았다며 검찰에 거속장을 결출했다
p04_u15,p04,ce,앞서 지난해 사 월 박송원 측은 페이스 부부가 메니지먼트 법인을 설립해 수익을 일정 교율로 본대하기로 했지만 이를 지키지 않았다며 검찰에 거소장을 대출했다
p04_u15,p04,ce_s40,앞서 지난해 사 월 박송원 측은 페이스 부부가 메니지먼트 법인을 설립해 수익을 일정 교율로 본대하기로 했지만 이를 들기지 않았다며 검찰에 고소장을 대출했다
p04_u15,p04,ce_s80,앞서 지난해 사 월 박송원 측은 페이스 부부가 메니지먼트 법인을 설립해 수익을 일정 교율로 본대하기로 했지만 이를 줄키지 않았다며 검찰해 고속장을 대출했다
p04_u15,p04,ce_s160,앞서 지난해 사 월 박송원 측은 헬씨 부부가 메니먼트 법인을 설립해 수익을 일정 비율로 본대하기로 했지만 이를 지키지 않았다며 검찰에 고소장을 대출했다
p04_u15,p04,taps_s80,앞서 지난해 사 월 박송홍 측은 에이씨 부부가 메니먼트 법인을 설립해 수익을 일정 비로 본대하기로 했지만 이를 지키지 않았다며 검찰에 거속장을 결출했다
p04_u15,p04,taps_s160,앞서 지난해 사 월 박송홍 측은 에이씨 부부가 메니먼트 법인을 설립해 수익을 일정 기로 본대하기로 했지만 이를 지키지 않았다며 검찰에 거솥장을 결출했다
p04_u15,p04,ce_visible,앞서 지난해 사 월 박송원 측은 페이씨 부부가 메니지먼트 법인을 관립해 수익을 일정 교율로 본대하기로 했지만 이를 지키지 않았다며 검찰에 거소장을 대출했다
p04_u15,p04,ce_invisible,앞서 지난해 사 월 박송홍 측은 에이씨 부부가 메니먼트 법인을 설립해 수익을 일정 비로 본대하기로 했지만 이를 지키지 않았다며 검찰에 거속장을 결출했다
p04_u16,p04,taps,이에 검찰은 수사결과 에이치가 법인 자금을 생명했고 필연요정산 의행 각종 세금및 비용 장가등 사위가 있다고 받다
p04_u16,p04,ce,이에 검찰은 수사결과 페이씨가 법인 자금용을 설명했고 수연요동산 임명 극동 세금및 비용자과 등 혐의가 잇다고 하다
p04_u16,p04,ce_s40,이에 검찰은 수사결과 페이씨가 버인 자금을 설명했고 수련요청선 임명 극동 세금 및 비용 자까지 삼의거렵다고 했다
p04_u16,p04,ce_s80,이에 검찰은 수사결과 페이씨가 법인 자금을 설명했고 수연요청사 임는 극종 세금의 및 비용자과까등 혐의가 있다고 하다
p04_u16,p04,ce_s160,이에 검찰은 수사결과 페이씨가 법인 자용을 설명했고 수연요동선 임명 극동 세금및 비용자과 등 혐의가 입당고 았다
p04_u16,p04,taps_s80,이에 검찰은 수사결과 에이치가 법인 자금을 설명했고 필연요정산 일 행 각종 세금 및 비용장과등 사위가 있다고 했다
p04_u16,p04,taps_s160,이 검찰은 수사결과 에이치가 법인 자금을 설명했고 필랙요정산 이행 각종 세금 비용장과등 사위가 있다고 했다
p04_u16,p04,ce_visible,이에 검찰은 수사결과 페이씨가 법인 자금용을 설명했고 수연요동산 임명 극동 세금및 비용자과 등 혐의가 잇다고 하다
p04_u16,p04,ce_invisible,이에 검찰은 수사결과 에이치가 법인 자금을 생명했고 필연요정산 의행 각종 세금및 비용 장가등 사위가 있다고 받다
p04_u17,p04,taps,이에 지난 칠 일 특정 경제범죄 가중사벌법상 횡령 혐의로 에이시에 대한 사전구속 기영장을 청고했다
p04_u17,p04,ce,이에 지난 칠 일 특정 경제범죄 가중사벌법상 횡령 혐의로 에입예대한 사전 구속영성장을 청고했다
p04_u17,p04,ce_s40,이에 지난 칠 일 특정 경제범죄 가중사벌법상 횡령 혐의로 에예비한 사전구속영장을 청고했다
p04_u17,p04,ce_s80,이에 지난 칠 일 특정 경제범죄 가중사벌법상 횡명 혐의로 에입예대한 사전 구속영성을 청고했다
p04_u17,p04,ce_s160,이에 지난 칠 일 특정 경제범죄 가중사벌법상 횡령 혐의로 에입예대한 사전 구속영을성을 혐의했다
p04_u17,p04,taps_s80,이에 지난 칠 일 특정 경제범죄 가중사벌법상 횡령 혐의로 에시에 대한 사전구속 영장을 청고했다
p04_u17,p04,taps_s160,이에 지난 칠 일 특정 경제범죄 가중처벌법상 횡령 혐의로 에이시에 대한 사전구속영영장을 청고했다
p04_u17,p04,ce_visible,이에 지난 칠 일 특정 경제범죄 가중사벌법상 횡령 혐의로 에입예대한 사전 구속 영성장을 청고했다
p04_u17,p04,ce_invisible,이에 지난 칠 일 특정 경제범죄 가중사벌법상 횡령 혐의로 에이시에 대한 사전구속 기영장을 청고했다
p04_u18,p04,taps,한편 박송은 형사 고수와 절계로 엘이시 오부가 수년여와 계약금 등을 미급했다며 팔십 육 억 원 상장의 폰해배상 창구서송을 지난해 이 월 법원에 제기한 바 있다
p04_u18,p04,ce,한편 박송홍은 항사 고수와 절계로 페이스본과 수년률와대학금 등을 미지급했다며 팔십 육 구 원상당의 홍해배상 판군소송는 지난해 이 월 법원에 제기한 바 있다
p04_u18,p04,ce_s40,한편 박송홍은 항사 고수와 절계로 페이교본부과 수년률와계학금 등을 미지급했다며 팔십 육 구 원 상당의 홍해배상 판조소송는 지난해 이 월 법원에 제기한 바 있다
p04_u18,p04,ce_s80,한편 박송은 항사 고수와 절계로 데이스본부가 수년률와 대학금 등을 미지급했다며 팔십 육 억 원상당의 홍해배상 판구소송는 지난해 이 월 법원에 제기한 바 있다
p04_u18,p04,ce_s160,한편 박송은 형사 고수와 절계로 페이티본부과 수년률와 계학금 등을 미지급했다며 팔십 육 억 원상당의 홍해배상 판구소송는 지난해 이 월 법원에 제기한 바 있다
p04_u18,p04,taps_s80,한편 박송은 항사 고수와 절계로 엘이시 오부가 수년여와 계약금 등을 미급했다며 팔십 육 억 원상장의 홍해배상 창구서송을 지난해 이 월 법원에 제기한 바 있다
p04_u18,p04,taps_s160,한편 박송은 항사 고수와 절계로 엘이시 오부가 수년여와 계약금 등을 미급했다며 팔십 육 억 원 상장의 폰해배상 창구서송을 지난해 이 월 법원에 제기한 바 있다
p04_u18,p04,ce_visible,한편 박송홍은 항사 고수와 절계로 페이스본과 수년률와대학금 등을 미지급했다며 팔십 육 구 원상당의 홍해배상 판군소송는 지난해 이 월 법원에 제기한 바 있다
p04_u18,p04,ce_invisible,한편 박송은 형사 고수와 절계로 엘이시 오부가 수년여와 계약금 등을 미급했다며 팔십 육 억 원 상장의 폰해배상 창구서송을 지난해 이 월 법원에 제기한 바 있다
p04_u19,p04,taps,이후 소송 과정에서 에이시부부가 박송을 개인 청장에서 무단으로 돈을 임수한 사실도 확용 손혜배당 요구에을 백십 육 억원으로 늘렸다
p04_u19,p04,ce,인후 소송과정에서 페이트부부가 박 수원을 교는 성장에서 부단으로 돈을 임수한 사실도 확용 손해 매당 요구에을 백빛 육 억원으로 늘렸다
p04_u19,p04,ce_s40,이후 소송과정에서 페이트부부가 박 수원 의교는 성장에서 부단으로 돈을 임수한 사실도 확인 손해 매당 요구에을 백빛 육 억원으로 늘렸다
p04_u19,p04,ce_s80,인후 소송과정에서 페이트부부가 박 수원 의교는 성장에서 부단으로 돈을 임수한 사실도 확용 손해 매당 요구에을 백빛 육 억원으로 늘렸다
p04_u19,p04,ce_s160,이후 소송과정에서 페이트부부가 박 수원을 의교는 성장에서 부단으로 돈을 임수한 사실도 확인 손해 매당 요구에을 백 십 육 억원으로 늘렸다
p04_u19,p04,taps_s80,이후 소송 과정에서 에이시부부가 박송을 개행 청장에서 부단으로 돈을 임수한 사실도 확인 손혜 매상 요구에을 백 십 육 억원으로 늘렸다
p04_u19,p04,taps_s160,이후 소송 과정에서 에이시 부부가 박송을 개인 청장에서 부단으로 돈을 임수한 사실도 확인 손해 매상 요구에을 백 십 육 억원으로 늘렸다
p04_u19,p04,ce_visible,인후 소송과정에서 페이트부부가 박 수원 의교는 성장에서 부단으로 돈을 임수한 사실도 확용 손해 매당 요구에을 백십 육 억원으로 늘렸다
p04_u19,p04,ce_invisible,이후 소송 과정에서 에이시부부가 박송을 개인 청장에서 무단으로 돈을 임수한 사실도 확용 손혜 배당 요구에을 백십 육 억원으로 늘렸다
p04_u20,p04,taps,이와 관련 에이기측은 백 억원대 행명주장은 거지시며 법인카드 사적 이용 등 일부 우려은인정하나 박소이 사용한 돈에게 하면 극기 소익이라고 주장했다
p04_u20,p04,ce,이와 관련 베이위측은 백억원때 행명주장은 거지시며 법인 카드 사적 유형 등 일부 의혹은 정하나 박종이 다양한 돈에 비하면 급기 소행이라고 주장했다
p04_u20,p04,ce_s40,미화 관련 데기측은 백 억원때 행명주장은 거지시며 법인 카드 사적 유형 등 일부 의은 정 하나 박종이 다양한 돈에게 하면 급기 소행이라고 주장했다
p04_u20,p04,ce_s80,이화 관련 니측은 백억원때 횡명주장은 거지키며 법인 카드 사적 유형 등 일부 영은 정하나 박종이 다양한 돈네게 하면 급피 소획이라고 주장했다
p04_u20,p04,ce_s160,미와 관련 베이기측은 백억원때 횡명주당은 커지키며 법인카드 사적 요형 등 일부 우험은 행정하나 박종이 다양한 돈에 비하면 급히 소획이라고 주장했다
p04_u20,p04,taps_s80,이와 관련 에이기측은 백 업원때 행명주장은 거지시며 법인카드 사적 비용 등 일부 려은 인정하나 박소이 사용한 돈에게 하면 극기 소익이라고 주장한다
p04_u20,p04,taps_s160,이와 관련 에이기측은 백 억원대 행명주장은 거지시며 법인카드 사적 이용 등 일부 우려은 인정하나 박송이 사용한 돈에게 하면 극기 소익이라고 주장했다
p04_u20,p04,ce_visible,이와 관련 페이위측은 백억원때 행명주장은 거지시며 법인 카드 사적 유형 등 일부 의혹은 정하나 박종이 다양한 돈에 비하면 급기 소행이라고 주장했다
p04_u20,p04,ce_invisible,이와 관련 에이기측은 백 억원대 행명주장은 거지시며 법인카드 사적 이용 등 일부 우려은인정하나 박소이 사용한 돈에게 하면 극기 소익이라고 주장했다
p04_u21,p04,taps,고보 자동사는 인체 공학적으로 설계한 시트가 미국 가이오프랜트 덮회 승인을 설격했다고 직 구 일 밝혔다
p04_u21,p04,ce,보보 자동사는 인체 광학적으로 설계한 시트가 미국 하로프렉핏 카에 송인을 햇볕했다고 육유 일 밝혔다
p04_u21,p04,ce_s40,보보 자동사는 인체 광학적으로 설계한 시트가 미국 하이로프래핑 카에 승인을 햇볕했다고 육유 일 밝혔다
p04_u21,p04,ce_s80,보보 자동사는 인체 광학적으로 살계한 시트가 미국 하이오프래핑 카에 승인을 햇볕했다고 육유 일 밝혔다
p04_u21,p04,ce_s160,보보 자동사는 인체 광학격으로 설계한 시프가 미국 사이오프렉핏 카에 송인을 새볕했다고 육유 일 밝혔다
p04_u21,p04,taps_s80,고보 자동차는 인체 공학적으로 설계한 시트가 미국 가이오프랙트 카에 승인을 새격했다고 육 구 일 밝혔다
p04_u21,p04,taps_s160,보보 자동사는 인체 공학적으로 설계한 시트가 미국 가일로브렉트 카에 승인을 설득했다고 육구 일 밝혔다
p04_u21,p04,ce_visible,보보 자동사는 인체 광학적으로 설계한 시트가 미국 하로프렉핏 카에 송인을 햇볕했다고 육유 일 밝혔다
p04_u21,p04,ce_invisible,보보 자동사는 인체 공학적으로 설계한 시트가 미국 가이오브랜트 덮회 승인을 설격했다고 직 구 일 밝혔다
p04_u22,p04,taps,가이로 브렉틱첫된 세계에서 가장 권위 있는 가이로 브렉틱전문 기간이다
p04_u22,p04,ce,가이로프렉카페는 세계에서 가장 권위 있는 거이로 브렉틱 전문기간이다
p04_u22,p04,ce_s40,가이로프렉징카페는 세계에서 가장 권위 있는 거이로 프렉 빛 전문 기간이다
p04_u22,p04,ce_s80,카이로프렉랙징 카페는 세계에서 가장 권위 있는 거이로 프렉긴 전문 기간이다
p04_u22,p04,ce_s160,가이로프랙킷 카페는 세계에서 가장 권위 있는 칼이로 프레빛 전문 기간이다
p04_u22,p04,taps_s80,가이로 브렉틱첫해 세계에서 가장 권위 있는 가이로 브렉틱 전문 기간이다
p04_u22,p04,taps_s160,가이로 브렉띄첫된 세계에서 가장 권위 있는 카이로 브랜틱 전문 기간이다
p04_u22,p04,ce_visible,가이로프렉카페는 세계에서 가장 권위 있는 거이로 브렉틱 전문기간이다
p04_u22,p04,ce_invisible,가이로 브렉틱첫된 세계에서 가장 권위 있는 가이로 브렉틱전문 기간이다
p04_u23,p04,taps,척수 강광의 미치는 공정적 인 효가와 우수한 품질력 안정성 등 엄격한 심사를 거쳐 최고 제품의 인증서를 반행하고 있다
p04_u23,p04,ce,석부 건광에 미치는 공정적인 효과와 우소한 품질력 안전우법 등 엄격 간 심사를 거쳐 최고 제품의 검증서를 반행하고 있다
p04_u23,p04,ce_s40,석부 경광에 미치는 공정적인 효과와 우소한 품질력 안전법 등 엄격 간심사를 거쳐 최고 제품의 음정서를 반행하고 있다
p04_u23,p04,ce_s80,석초 경광에 미치는 봉정적인 효과와 우소한 품질력 안전법 등 엄격한 심사를 거쳐 최고 제품의 음정서를 반행하고 있다
p04_u23,p04,ce_s160,석쿠 건광에 미치는 동정적인 효과와 우소한 품질력 안정병 등 엄격한 심사를 거쳐 최고 제품의 음증서를 반행하고 있다
p04_u23,p04,taps_s80,첫수 건광의 미치는 공정적인 효과와 우수한 품질력 안정성등 엄격한 심사를 거쳐 최고 제품의 인증서를 반영하고 있다
p04_u23,p04,taps_s160,척추 강광의 위치는 공정적인 효가와 우수한 품질력 안정성 등 엄격한 심사를 거쳐 최고 제품의 인증서를 반응하고 있다
p04_u23,p04,ce_visible,석부 건광에 미치는 공정적인 효과와 우소한 품질력 안전우법 등 엄격 간 심사를 거쳐 최고 제품의 검증서를 반행하고 있다
p04_u23,p04,ce_invisible,척수 강광의 미치는 공정적 인 효가와 우수한 품질력 안정성 등 엄격한 심사를 거쳐 최고 제품의 인증서를 반행하고 있다
p04_u24,p04,taps,본보는 업계 최고 소문의 단하남과 지지력을 제공하기 위해 정형외과 의사와 함력을 진행하 있다
p04_u24,p04,ce,올보는 업계 최고 수준의 변하하과 계인력을 제공하기 위해 경형을과 의사와 함력을 진행하고 있다
p04_u24,p04,ce_s40,본보는 업계 최고 수준의 변하하과 기의력을 제공하기 위해 경영을과 의사와 함력을 진행하고 있다
p04_u24,p04,ce_s80,본보는 업계 최고수준의 반하함과 계밀력을 제공하기 위해 경형외과 의사와 함력을 진행하고 있다
p04_u24,p04,ce_s160,본보는 업계 최고 수준의 변나하과 지필력을 제공하기 위해 경상을과 의사와 함력을 진행하고 있다
p04_u24,p04,taps_s80,올보는 업계 최고 수문의 단하나과 기기력을 제공하기 위해 정형외과 의사와 함력을 진행하고 있다
p04_u24,p04,taps_s160,올보는 업계 최고 소문의 단하남과 지지력을 제공하기 위해 정형외과 의사와 함력을 진행하고 있다
p04_u24,p04,ce_visible,올보는 업계 최고 수준의 변하하과 기인력을 제공하기 위해 경형외과 의사와 함력을 진행하고 있다
p04_u24,p04,ce_invisible,본보는 업계 최고 소문의 단하남과 지지력을 제공하기 위해 정형외과 의사와 함력을 진행하 있다
p04_u25,p04,taps,이를 바탕으로 창돌실 부상 기업을 줄릴 수 있는 경주보호시참과 측면 충격 보호 실템 도로이탈 완가등 혁신장애 안전기술을 실제 통합에 제공한다
p04_u25,p04,ce,이를 바탕으로 청돌네료 부상위험을 들릴 수 있는 경품보호수득품과 청면 충격 보을 등 더로입할 완화 등 혁신장애 안전기술을 실트해 통합에 제공한다
p04_u25,p04,ce_s40,이를 바탕으로 청돌매 부상기험을 들릴 수 있는 경피보호수득장과 측면 충격 보호을 땐 더입할 완화 등 혁신장애 안전기술을 실트해 통합에 제공한다
p04_u25,p04,ce_s80,이를 바탕으로 통돌매 부상위험을 들를 띄있는 경피 보호수득점과 청면 충격 보호을 땐 더입할 완화 등 혁신장인 안전기술을 실트해 통합에 제공한다
p04_u25,p04,ce_s160,이를 바탕으로 충소 부상위험을 줄릴 수 있는 경품무호수 품과 청면 충격 보호을 땐 더입할 완화 등 혁신장애 안전기술을 실트해 통합에 제강한다
p04_u25,p04,taps_s80,이를 바탕으로 청돌실 부상 기업을 들릴 수 있는 경주보호실참과 청면 충격보 실템 더로이탈 완가등 혁신적애 안전기술을 실제 통합에 제공한다
p04_u25,p04,taps_s160,이를 바탕으로 청소실 부상 기험을 줄릴 수 있는 영주보호실청과 측면 충격 보호실땐 도로이탈 완가동 혁신적애 안전기술을 실제 통합에 제공한다
p04_u25,p04,ce_visible,이를 바탕으로 청돌스 보상위험을 들릴 수 있는 경품보호수득품과 청면 충격 보을 등 더로입할 완화 등 혁신장애 안전기술을 실트해 통합에 제검한다
p04_u25,p04,ce_invisible,이를 바탕으로 창돌실 부상 기업을 줄를 수 있는 경주보호시참과 측면 충격 보호 실템 도로이탈 완가등 혁신장애 안전기술을 실제 통합에 제공한다
p04_u26,p04,taps,또 독특한 헤드레스 역시 정쪽 보기을 강화할 수 있도 설계됐다
p04_u26,p04,ce,또 폭특한 헤드렌트 역시 광시 보기을 강화할 수 있도록 설결했다
p04_u26,p04,ce_s40,또 폭특한 헤드렌트 역시 광출 보기을 강화할 수 있도록 설결계했다
p04_u26,p04,ce_s80,또 폭특한 헤드렌프 역시 광시 보기을 강화할 수 있도록 설결됐다
p04_u26,p04,ce_s160,또 폭특한 헤드렌프 역시 광시 보기을 강화할 수 있도록 설결됐다
p04_u26,p04,taps_s80,또 독독한 헤드레스 역시 광뚜 보기능을 강화할 수 있도록 설계됐다
p04_u26,p04,taps_s160,또 독특한 헤드레트 역시 정뚜 보기능을 강화할 수 있도 설계됐다
p04_u26,p04,ce_visible,또 폭특한 헤드렌크 역시 광시 보기을 강화할 수 있도록 설결했다
p04_u26,p04,ce_invisible,또 독특한 헤드레스 역시 정쪽 보기을 강화할 수 있도 설계됐다
p04_u27,p04,taps,지 미콜 골보사동 자유회세의 태품 및 기술한 심오 오법 총괄은 골고이치트는 운전자와 생객의 도로에서 파나나 디자의 안전을 고장한다고 말했다
p04_u27,p04,ce,지 뉴콜 볼고사동 자유회세의 제품는  기술한 심호 오 청관은 불고 이티트는 운전자와 선객의 도로에서 파단나 비장 안전을 보장한다 고말했다
p04_u27,p04,ce_s40,지민 위콜 볼고사동 사유회스의 제품는  기술한 스호 오버 정 불고 이티터는 운전자와 선객의 도그에서 파단나 비장인 안전을 보장한다 고말했다
p04_u27,p04,ce_s80,시민 위콜 골고 사동 산유레세의 제품는  기술한 스호 오 총가음 불보 이티트는 운전자와 선객의 도로에서 파나나 비장인 안전을 보장한다 고 말했다
p04_u27,p04,ce_s160,지민 유콜 골고사동 자유회세 대품는  기술한 스호 오 청가은 불고이티표는 운전자와 선객의 도로에서 파단나 비장의 안전을 보장한다고 말했다
p04_u27,p04,taps_s80,지 니콜 골보자동 장기세의 개품 및 기술한 심오 오파 총괄은 골고 이치트는 운전자와 승객의 도로에서 파단나 디자의 안전을 보장한다고 말했다
p04_u27,p04,taps_s160,지 콜 골보자동 자기세의 계품 및 기술한 심오 오법 총괄은 골고 이치트는 운전자와 생객의 도로에서 파단나 디장의 안전을 보장한다고 말했다
p04_u27,p04,ce_visible,지 뉴콜 볼고사동 자유회세의 제품는  기술한 심호 오 청관은 불고 이티트는 운전자와 선객의 도로에서 파단나 비장 안전을 보장한다 고말했다
p04_u27,p04,ce_invisible,지 미콜골보자동 자유회세의 태품 및 기술한 심오 오법 총괄은 골고이치트는 운전자와 생객의 도로에서 파나나 디자의 안전을 고장한다고 말했다
p04_u28,p04,taps,육 일 지방 선거를 앞두고 한거 의 여러의회를 찾아가 한국 명목으로 금품을 작공한 문경독 인천 옮김 군수가 재판에 넘겨졌다
p04_u28,p04,ce,육 일 부당 판경을 앞두고 한국의 여러교회를 찾아가 한금 여목으로 금품을 제공한 문병 인 경기 근수가 재판에 넘겨졌다
p04_u28,p04,ce_s40,육 일 주방 판경을 앞두고 국의 여러교회를 찾아가 한급 명목으로 등품을 제공한 문병법 인 기 근수가 재판에 넘겨졌다
p04_u28,p04,ce_s80,육 일 주방 판거을 앞두고 한국의 여러교회를 찾아가 한금 명목으로 금품을 제공한 문병법 인  변호수가 재판에 넘겨졌다
p04_u28,p04,ce_s160,육 일 주방판경을 앞두고 한국의 여느교회를 찾아가 한금 명목으로 검품을 제공한 문병법 인 기류 군수가 재판에 넘겨졌다
p04_u28,p04,taps_s80,육 일 지방 상거를 앞두고 한거 후의 여러의회를 찾아가 한국 명목으로 금품을 작공한 문경인천 옮김 군수가 재판에 넘여썼다
p04_u28,p04,taps_s160,육 일 지방 선거를 앞두고 한거 후의 여러의회를 찾아가 한국 명목으로 금품을 작공한 문경 인천 옮김 군수가 재판에 넘겨졌다
p04_u28,p04,ce_visible,육 일 부당 판경을 앞두고 한국의 여러교회를 찾아가 한금 여목으로 금품을 제공한 문병 인 경기 근수가 재판에 넘겨졌다
p04_u28,p04,ce_invisible,육 일 지방 선거를 앞두고 한거 의 여러의회를 찾아가 한국 명목으로 금품을 작공한 문경독 인천 옮김 군수가 재판에 넘겨졌다
p04_u29,p04,taps,임천지검 형사 육부는 십 칠 일 공북장거법 위반혐의로 모 군수를 불구속 기소갔다고 밝혔다
p04_u29,p04,ce,윤천지검 형사 육부는 십 칠 일 공육전거법 일반 혐의로 모 군수을 불구속기소 했다고 밝혔다
p04_u29,p04,ce_s40,윤천지검 형사 육부는 십 칠 일 광국산거법 일반 혐의로 모 군수을 불구속기소 하다고 밝혔다
p04_u29,p04,ce_s80,윤천지검 평사 육부는 십 칠 일 공주전거법 일반 혐의로 모 군수을 불구속기소 하다고 밝혔다
p04_u29,p04,ce_s160,윤천지검 평사 육부는 십 칠 일 공직산거법 일반 혐의로 모 군수을 불구속기소했다고 밝혔다
p04_u29,p04,taps_s80,임천지검 형사 육부는 십 칠 일 공직장거법 위반혐의로 모 군수를을 불구속 기소했다고 밝혔다
p04_u29,p04,taps_s160,임천지검 형사 육부는 십 칠 일 공직선거법 위반혐의로 모 군수를 불구속 기소했다고 밝혔다
p04_u29,p04,ce_visible,윤천지검 형사 육부는 십 칠 일 공육전거법 일반 혐의로 모 군수을 불구속기소 했다고 밝혔다
p04_u29,p04,ce_invisible,임천지검 형사 육부는 십 칠 일 공북장거법 위반혐의로 모 군수를 불구속 기소갔다고 밝혔다
p04_u30,p04,taps,문 군수는 지난 유 월 일 일 치어진 채 팔 해 전국 동립 방 관거를 앞두고 옹준군 네 교인 내 곳에 오십 일 만원 상당의 군품을 제공한 혐의 앞고 있다
p04_u30,p04,ce,문군수는 지난 유 월 일일 길어진 채 팔 해 전국 동시 지방단거를 앞두고 연균군 내 교인 내곳에 모십일 만한 방당의 건품을 제공한 혐의를 맡고 있다
p04_u30,p04,ce_s40,문군수는 지난 유 월 일일 키어진 채 팔에 전국 동시 재방단거를 앞두고 연균군 내 교회 내곳에 모십일 만한 방당의 건품을 제공한 혐의를 맡고 있다
p04_u30,p04,ce_s80,문군수는 지난 유 월 일 키어진 채 팔에 전국 동시 재방단거를 앞두고 원균군 내 교 내곳에 모십일 만한 방당의 건품을 제공한 사의를 맡고 있다
p04_u30,p04,ce_s160,문 근수는 지난 유 월 일 일 키어진 채 팔에 전국 동시 재방산거를 앞두고 연균군 내 교인될 곳에 시일 만한 방당의 건품을 제공한 사류를 맡고 있다
p04_u30,p04,taps_s80,문 군수는 지난 유 월 일 일 치어진 채 팔 해 전국 동립방 근거를 앞두고 홍준군 내네 교인 내곳에 오십 일 만원 상당의 금품을 제공한 혐의 맡고 있다
p04_u30,p04,taps_s160,문 군수는 지난 유 월 일 일 치어진 채 팔 해 전국 동립 방 선거를 앞두고 홍근군 내 교인 내곳에 오십 일 만원 상당의 건품을 제공한 혐의 앞고 있다
p04_u30,p04,ce_visible,문군수는 지난 유 월 일일 길어진 채 팔 해 전국 동시 지방단거를 앞두고 연균군 내 교인 내곳에 모십일 만한 방당의 건품을 제공한 혐의를 맡고 있다
p04_u30,p04,ce_invisible,문 군수는 지난 유 월 일 일 치어진 채 팔 해 전국 동립 방 관거를 앞두고 옹준군 네 교인 내 곳에 오십 일 만원 상당의 군품을 제공한 혐의 앞고 있다
p04_u31,p04,taps,공국 정거법에 따르면 후보자나 후보자가 되려는 사람은 번거 국민이나 한거데 단체동의 기부 행위를 할 수 없다
p04_u31,p04,ce,정속 단걱법에 따르면 후보자나 후보자가 대변는 사람은 한거국민이나 한거문은내 단체 등의 기은 행위를 할 수 없다
p04_u31,p04,ce_s40,정속 간거법에 따르면 후보자나 후보자가 대려는 사람은 한거국민이나 한거내 단체 등의 기은 행의를 할 수 없다
p04_u31,p04,ce_s80,정속 단거법에 따르면 후보자나 후보자가 대려는 사람은 한거국민이나 전거내 단체 등의 기은 행위를 할 수 없다
p04_u31,p04,ce_s160,정속 간걱법에 따르면 후보자나 후보자가 대려는 사람은 한거 국민이나 전거은 내일 단체 등의 기은 항위를 할 수 없다
p04_u31,p04,taps_s80,공국 단거법에 따르면 후보자나 후보자가 되려는 사람은 번거 국민이나 한거문데에 단체등의 기부 행위를 할 수 없다
p04_u31,p04,taps_s160,공국 단거법에 따르면 후보자나 후보자가 되려는 사람은 권거 국민이나 한거국문내에 단체등의 기부 행위를 할 수 없다
p04_u31,p04,ce_visible,정속 단걱법에 따르면 후보자나 후보자가 대변는 사람은 한거국민이나 한거문은내 단체 등의 기은 행위를 할 수 없다
p04_u31,p04,ce_invisible,공국 정거법에 따르면 후보자나 후보자가 되려는 사람은 번거 국민이나 한거데 단체동의 기부 행위를 할 수 없다
p04_u32,p04,taps,앞서 경찰은 문군수가 경소 다니던 교회를 포함해 다른 조의 백 만원는 건금을 한 것으로 보고 선거법 위반혐의로 이건했다
p04_u32,p04,ce,아서 경찰은 문 근수가 평소 탄 이원 교회를 포함해 다른교해 백반원을 관금을 한 것으로 보고 한거법 위반 혐위로 입건했다
p04_u32,p04,ce_s40,앞서 경찰은 온 근수가 평소 탄의던 교해를 포함해 다른 교해 백 만원을 관금을 한 것으로 보고 한거법 위반 혐위로 입건했다
p04_u32,p04,ce_s80,앞서 경찰은 온 근수가 평소 탄의원 교해를 포함해 다른 교해 백 반원을 건금을 한 것으로 보고 선거법 위반혐위로 입건했다
p04_u32,p04,ce_s160,아서 경찰은 문 근수가 평송 탄내던 교해를 포함해 다른 교해 백 만원의 건금을 한 것으로 보고 선거법 위반 혐위로 입건했다
p04_u32,p04,taps_s80,앞서 경찰은 문 군수가 경소 다니던 교해를 포함해 다른 조의 백 만원의 건금을 한 것으로 보고 선거법 위반혐의로 이건했다
p04_u32,p04,taps_s160,앞서 경찰은 문 군수가 병소 탄니던 교회를 처함해 다른 조의 백 만원의 건금을 한 것으로 보고 선거법 위반혐의로 이건했다
p04_u32,p04,ce_visible,아서 경찰은 문 근수가 평소 탄 이원 교해를 포함해 다른교해 백반원을 관금을 한 것으로 보고 한거법 위반 혐위로 입건했다
p04_u32,p04,ce_invisible,앞서 경찰은 문군수가 경소 다니던 교회를 포함해 다른 조의 백 만원는 건금을 한 것으로 보고 선거법 위반혐의로 이건했다
p04_u33,p04,taps,경찰은 한국은내 교회 여러 어에 돈을 기보하 행하는 통상적인 환금으로 보기 어렵다며 검찰에 청치했다
p04_u33,p04,ce,경찰은 한국의 교회 여러 곳에 돈을 기보한 행위는 통상적은 환금으 오 보기 어렵다며 검찰에 검소했다
p04_u33,p04,ce_s40,경찰은 한국의 교수 여러 곳에 돈을 기보한 행는 통상적은 환근으 오 보기 어렵다며 검찰에 검출했다
p04_u33,p04,ce_s80,경찰은 한국문의 교수 여러 곳에 돈을 기보한 행위는 통상상은 환금으로 보기 어렵다며 검찰에 검포했다
p04_u33,p04,ce_s160,강찰은 한국의 교회 여러 곳에 돈을 기보한 행는 통상상은 환금으 로 보기 어렵다며 검찰에 검소했다
p04_u33,p04,taps_s80,경찰은 한국에 교회 여러 어에 돈을 기보하 행하는 통상적인 환금으로 보기 어렵다며 검찰에 정치했다
p04_u33,p04,taps_s160,경찰은 한국은내 교회 여러 어에 돈을 기보하 행하는 통상적인 한금으로 보기 어렵다며 검찰에 공치했다
p04_u33,p04,ce_visible,경찰은 한국의 교회 여러 곳에 돈을 기보한 행위는 통상적은 환금으 오 보기 어렵다며 검찰에 검소했다
p04_u33,p04,ce_invisible,경찰은 한국은내 교회 여러 어에 돈을 기보하 행하는 통상적인 환금으로 보기 어렵다며 검찰에 청치했다
p04_u34,p04,taps,검찰은 추가 조사를 벌여 문 군수가 자신에 다해던 교해를 제 안내 꽃을 교회 오십 만원을 검금한 것을 파악했다
p04_u34,p04,ce,검찰은 스가 조사를 벌여 문 군수가 자신이 당 니던 교육를 제려한 내 꽃을 교모의 모십 만원을 검금한 것을 파악혔다
p04_u34,p04,ce_s40,검찰은 스가 조사를 벌여 문 군수가 자신이 당니건 교육를 제유워한 내 꽃을 교회해 모십 만원을 감금한 것을 파악했다
p04_u34,p04,ce_s80,검찰은 스가 조사를 벌여 문 군수가 자신이 다니던 교육를 제유외안 돼 꽃을 교회의 모십 만원을 건금한 것을 파악했다
p04_u34,p04,ce_s160,검찰은 추가 조사를 벌여 문 교수가 자신이 다니던 교육를 제 안 돼 꽃을 교회의 모십 만원을 현금한 것을 파악했다
p04_u34,p04,taps_s80,검찰은 추가 조사를 벌여 문 건수가 자신에 다니던 보해를 제외 안내 꽃을 교회 오십 만원에을 감금한 것을 파악했다
p04_u34,p04,taps_s160,검찰은 추가 조사를 벌여 문 군수가 자신에 다니던 보해를 제 안내 곳을 교회 오십 만원에 선금한 것을 파악했다
p04_u34,p04,ce_visible,검찰은 수가 조사를 벌여 문군수가 자신이 당 니던 교육를 제유한 내 꽃을 교회의 모십 만원을 감금한 것을 파악혔다
p04_u34,p04,ce_invisible,검찰은 추가 조사를 벌여 문 군수가 자신에 다해던 교해를 제 안내 꽃을 교회 오십 만원을 검금한 것을 파악했다
p04_u35,p04,taps,검찰 관계자는 본군수를 공식 관거법상 기부 행위로 불구속 기소했다고 말했다
p04_u35,p04,ce,감찰관계자는 문군수를 공식 단거법당 기부 혐의로 불구속기소했다 고 말했다
p04_u35,p04,ce_s40,검찰 관계자는 문 군수를 공식 단업법상 기부행위로 불구속기소 했다고 말했다
p04_u35,p04,ce_s80,검찰 관계자는 문 군수를 공식 단거법당 기부 행위로 불구속기소 했다고 말했다
p04_u35,p04,ce_s160,검찰관계자는 문 군수를 공식 단거법당 기부 행위로 불구속기소했다고 말했다
p04_u35,p04,taps_s80,검찰 관계자는 문군수를 공식단거법상 기부 행위로 불구속 기소했다고 말했다
p04_u35,p04,taps_s160,검찰 관계자는 문군수를 공식간거법상 기부 행위로 불구속 기소했다고 말했다
p04_u35,p04,ce_visible,감찰관계자는 본군수를 공식 단거법당 기부 혐의로 불구속기소했다 고 말했다
p04_u35,p04,ce_invisible,검찰 관계자는 본군수를 공식 관거법상 기부 행위로 불구속 기소했다고 말했다
p04_u36,p04,taps,두 차장에서 사이즈미로가 잡히지 않은 차량만 굴라서 금품 등을 움친 삼십 대 남성이 경찰에 붙잡았다
p04_u36,p04,ce,부차장에서 딸이 그미로가 접히지 하는 사량만 콜라서 근품 등을 숨지는 한있 된 남성의 경찰에 고잡혔다
p04_u36,p04,ce_s40,부시장에서 사이 즈미로가 접히지 하는 사량만 콜라서 근품등을 숨지는 한있된 남성의 경찰에 고잡혔다
p04_u36,p04,ce_s80,부시장에서 딸이즈미로 가 잡히장 하는 사량만 골라서 근품등을 숨지는 한있 대 남성의 경찰에 고잡했다
p04_u36,p04,ce_s160,부차장에서 빨이즈미로가 거히지 하는 사량만 굴라서 근품등을 숨지는 한습 대 남성이 경찰에 고잡혔다
p04_u36,p04,taps_s80,두 차장에서 사이즈미로 가잡히지 않은 차량만 굴라서 금품 등을 품친 삼십 대 남성이 경찰에 붙잡았다
p04_u36,p04,taps_s160,두차장에서 사이즈미라 가 잡히지 않은 차량만 굴라서 금품등을 품친 삼십 대 남성이 경찰에 붙잡았다
p04_u36,p04,ce_visible,부차장에서 딸이 그미로가 접히지 하는 사량만 콜라서 근품 등을 숨지는 한있 된 남성의 경찰에 고잡혔다
p04_u36,p04,ce_invisible,두 차장에서 사이즈미어가 잡히지 않은 차량만 굴라서 금품 등을 움친 삼십 대 남성이 경찰에 붙잡았다
p04_u37,p04,taps,이십 일 일 경찰에 따르면 서울 동안경찰서는 야간 건종물치미철도 삼으로 삼십 대 남성 애이지를 지난 십 육 일 구속해 조사하고 있다
p04_u37,p04,ce,이십 일 일 경찰에 따르면 서울 동안경찰서는 야간 건속물치미절도 삼의로 삼십 대 남성 해이키를 지난 십 육 구속해 수사하고 있다
p04_u37,p04,ce_s40,이십 일 일 경찰에 따르면 서울 동안경찰서는 야간 건속물출미 절도 혐의로 삼십 대 남성 해이키를 지난 십 육일 소 수사하고 있다
p04_u37,p04,ce_s80,이십 일 일 경찰에 따르면 서울 동안경찰서는 야간 건속 물트및 절도 혐의로 삼십 대 남성 해이스를 지난 실육일로 구속 수사하고 있다
p04_u37,p04,ce_s160,이십 일 일 경찰에 따르면 서울 동안경찰서는 야간 건속물치미 절도 혐의로 삼십 대 남성 해이지를 지난 새 육일 속에 수사하고 있다
p04_u37,p04,taps_s80,이십 일 일 경찰에 따르면 서울 동안경찰서는 야간 건조물치유철도 삼으로 삼십 대 남성 해이지를 지난 십 육 일 구속해 조사하고 있다
p04_u37,p04,taps_s160,이십 일 일 경찰에 따르면 서울 동안경찰서는 야간 건물치유철도 삼으로 삼십 대 남성 애이지를 지난 십 육 일 구속해 조사하고 있다
p04_u37,p04,ce_visible,이십 일 일 경찰에 따르면 서울 동안경찰서는 야간 건속물치미절도 혐의로 삼십 대 남성 해이키를 지난 십 육 구속해 조사하고 있다
p04_u37,p04,ce_invisible,이십 일 일 경찰에 따르면 서울 동안경찰서는 야간 건종물치미철도 삼으로 삼십 대 남성 애이지를 지난 십 육 일 구속해 조사하고 있다
p04_u38,p04,taps,페이씨는 지난달 이십 칠 일 다전개 성북구 장의도모는 한 아파트디하주 차장 라이즈비어가 접히지 않은 차량을 올라 군품 등을 품진 혐의를 받는다
p04_u38,p04,ce,페이씨는 지난달 육십 칠 일 다정때 성북구 장의경에있는 한 아파트 뛰하주차장의 사이드미어가 잡히 않은 사량을 콜라 증품 등을 층 혐의를 받는다
p04_u38,p04,ce_s40,페이스는 지난달 육십 칠 일 다전배 성북구 장의경에 있는 한 아파트 뛰아트 차장의 사이드미어가 잡히의 않은 사량을 콜라 금품 등을 친 혐의를 받는다
p04_u38,p04,ce_s80,페이씨는 지난달 육십 칠 일 다정대 성북구 장의동에 있는 한 아파트뛰아트차장의 라이그미로가 잡히의 않은 사용을 콜라 증품 등을 힌 혐의를 받는다
p04_u38,p04,ce_s160,페이씨는 지난달 육십 칠 일 가정때 성북구 장의공에 있는 한 아파크띠아주차장의 라이그니로가 잡히 않은 사량을 콜라 증품 등을 힘신 혐의를 받는다
p04_u38,p04,taps_s80,페씨는 지난달 이십 칠 일 다전께 성북구 장의도없는 한 아파트지하 주차장 라이드피어가 접히지 않은 차량을 콜라 금품 등을 힘진 혐의를 받는다
p04_u38,p04,taps_s160,페씨는 지난달 이십 칠 일 다전께 성북구 장의도는 한 아파트지하 주차장 라이즈미어가 접히지 않은 차량을 콜라 금품 등을 신 혐의를 받는다
p04_u38,p04,ce_visible,페이씨는 지난달 육십 칠 일 다정때 성북구 장의경에있는 한 아파트 뛰하 주차장의 사이드미어가 잡히지 않은 사량을 콜라 증품 등을 층 혐의를 받는다
p04_u38,p04,ce_invisible,페이씨는 지난달 이십 칠 일 다전개 성북구 장의도모는 한 아파트디하주 차장 라이즈비어가 접히지 않은 차량을 올라 군품 등을 품진 혐의를 받는다
p04_u39,p04,taps,레이씨는 일부 차량에서 문이 장겨 있지 않으면 사이드이라가 자 혀있지 않다는 점을 알고 이러한 차량만 굴러서 범행한 것으로 계아했다
p04_u39,p04,ce,메이커는 일부 차량에서 문이 담겨 있지 않으면 라이드미라가 잡혀있지 않다는 점을 알고 이러한 사량만 군라서 범행하 것으로 접어했다
p04_u39,p04,ce_s40,메이스는 일부 차량에서 문이 담겨 있지 않으면 딸드미라가 잡혀 있지 않다는 점을 알고 이러한 사량만 교라서 범행하 것으로 접어했다
p04_u39,p04,ce_s80,에이스는 일부 차량에서 문이 담겨 있지 않으면 딸드미라가 잡혀있지 않다는 점을 알고 이러한 차량만 군라서 범행하 것으로 계아했다
p04_u39,p04,ce_s160,메이커는 일부 차량에서 문이 담겨 있지 않으면 라이드미라가 잡혀 있지 않다는 점을 알고 이러한 사량만 군라서 범행하 것으로 소아했다
p04_u39,p04,taps_s80,레이씨는 일부 차량에서 문이 잠겨 있지 않으면 사이드이라가 자필지 않다는 점을 알고 이러한 차량만 골라서 범행한 것으로 전아했다
p04_u39,p04,taps_s160,레이씨는 일부 차량에서 문이 잠겨 있지 않으면 사이드이라가 잡혀지 않다는 점을 알고 이러한 사량만 골러서 범행한 것으로 전아했다
p04_u39,p04,ce_visible,메이스는 일부 차량에서 문이 담겨 있지 않으면 라이드미라가 잡혀있지 않다는 점을 알고 이러한 사량만 군라서 범행하 것으로 접산했다
p04_u39,p04,ce_invisible,레이씨는 일부 차량에서 문이 장겨 있지 않으면 사이드이라가 자 혀있지 않다는 점을 알고 이러한 차량만 골러서 범행한 것으로 계아했다
p04_u40,p04,taps,그는 이런 속법으로 모두 다섯 차례에 걸쳐 총 삼천 팔백 여 만원 상당의 금품을 절도한 것으로 파악됐다
p04_u40,p04,ce,그는 이런 속법으로 모두 다섯 차례에 걸쳐 총 삼천 팔백 여 만원 상당의 금품을 절두한 것으로 파악됐다
p04_u40,p04,ce_s40,그는 이런 속법으로 모두 다섯 차례에 걸쳐 총삼천 팔백 여 만원 상당의 금품을 절거한 것으로 파악됐다
p04_u40,p04,ce_s80,그는 이런 속법으로 모두 다섯 차례에 걸쳐 총 삼천 팔백 여 만원 상당의 그품을 절거한 것으로 파악됐다
p04_u40,p04,ce_s160,그는 이런 속법으로 모두 다섯 차례에 걸쳐 총 삼천 팔백 여 만원 상당의 금품을 절거한 것으로 파악됐다
p04_u40,p04,taps_s80,그는 이런 속법으로 모두 다섯 차례에 걸쳐 총 삼천 팔백 여 만원 상당의 금품을 절두한 것으로 파악됐다
p04_u40,p04,taps_s160,그는 이런 속법으로 모두 다섯 차례에 걸쳐 총 삼천 팔백 여 만원 상당의 금품을 절도한 것으로 파악됐다
p04_u40,p04,ce_visible,그는 이런 속법으로 모두 다섯 차례에 걸쳐 총 삼천 팔백 여 만원 상당의 금품을 절두한 것으로 파악됐다
p04_u40,p04,ce_invisible,그는 이런 속법으로 모두 다섯 차례에 걸쳐 총 삼천 팔백 여 만원 상당의 금품을 절도한 것으로 파악됐다
p04_u41,p04,taps,에이씨는 경찰 조사에서 빚을 갖기 위해 절도를 했다 매시지로 진술한 것으로 알려졌다
p04_u41,p04,ce,앵씨는 경찰 조사에서 이을 같기 위해 결도를 했다 른출제로 진술한 것으로 알려졌다
p04_u41,p04,ce_s40,앵씨는 경찰 조사에서 이을 값기 위해 절도를 했다 른 출제로 진술한 것으로 알려졌다
p04_u41,p04,ce_s80,앵씨는 경찰 조사에서 이을 받기 위해 절도를 했다 른 출제로 진술한 것으로 알려졌다
p04_u41,p04,ce_s160,앵씨는 경찰 조사에서 이을 값기 위해 결도를 했다 연 실제로 진술한 것으로 알려졌다
p04_u41,p04,taps_s80,에이씨는 경찰 조사에서 빚을 가기 위해 절도를 했다 렌지지로 진술한 것으로 알려졌다
p04_u41,p04,taps_s160,에이씨는 경찰 조사에서 빚을 값기 위해 절도를 했다 매시지로 진술한 것으로 알려졌다
p04_u41,p04,ce_visible,앵씨는 경찰 조사에서 이을 같기 위해 절도를 했다 른출제로 진술한 것으로 알려졌다
p04_u41,p04,ce_invisible,에이씨는 경찰 조사에서 빚을 갖기 위해 절도를 했다 매시지로 진술한 것으로 알려졌다
p04_u42,p04,taps,경찰 관계자는 구체적인 범행 경인는 수사 중이라며 이번조 안에 검찰에 정취할 예정이라고 말했다
p04_u42,p04,ce,경찰 관계자는 구체적은 범행 병인는 수사중이라며 일본 표 안에 검찰에 청세할 예정을 아니라고 말했다
p04_u42,p04,ce_s40,경찰 관계자는 구체적인 범행 병인는 수사중이라며 이번 표 안에 검찰에 통취할 예정 니라고 말했다
p04_u42,p04,ce_s80,경찰 관계자는 구체적인 범행 병인는 수사중이라며 이번 표 안에 검찰에 송취할 예정 니라고 말했다
p04_u42,p04,ce_s160,방찰 관계자는 구체적인 범행 병인는 수사중이라며 일본 뿐 안의 검찰에 선취할 예정 아니라고 말했다
p04_u42,p04,taps_s80,경찰 관계자는 구체적인 범행 경인는 수사중이라며 일본조 안에 검찰에 청취할 예정이라고 말했다
p04_u42,p04,taps_s160,경찰 관계자는 구체적인 범행 경인는 수사 중이라며 일번 수 안의 검찰에 청취할 예정이라고 말했다
p04_u42,p04,ce_visible,경찰 관계자는 구체적은 범행 병인는 수사중이라며 일본 표 안에 검찰에 청세할 예정을 아니라고 말했다
p04_u42,p04,ce_invisible,경찰 관계자는 구체적인 범행 경인는 수사 중이라며 이번조 안에 검찰에 정취할 예정이라고 말했다
p04_u43,p04,taps,사십 년만 덮친 급격한 물가 상승세를 누구어들이기 위해 미국 정앙은행인 연방비 제도가 기존국리인 상속도을 높일 가능성이 더 커졌다
p04_u43,p04,ce,십 년만에 답친 교격 안불과 상성사를 누구럽들를 기유해 미국 동앙을 행은 연방준비 제도가 비존은힘인 상속도를 높이 가능성이 더 어졌다
p04_u43,p04,ce_s40,십 년만 받친 북격 안불가 상성사를 누구어들기유해 미국 동앙은 행인 연방준비 제도가 비존은 이준 상속도를 높이 가능성이 더욱 어졌다
p04_u43,p04,ce_s80,십 년만 받친 불격 반불가 상성사를 누구어들기 유해 미국 동앙을 행인 연방준비 제도가 비존은  임인 상속도를 높이 가능성이 더 어졌다
p04_u43,p04,ce_s160,사십 년만 받친 불격 반불과 상성용사를 누구어들이기 유해 미국 동앙을 행인 연방준비 대도가 비존은 림인 상속도를 높이 가능성이 더 어졌다
p04_u43,p04,taps_s80,사십 년만 덮친 급격한 물가 상승세를 누구어들이기 위해 미국 중앙은행인 연방김비 제도가 기존군리 상속도를 높일 가능성이 더 커졌다
p04_u43,p04,taps_s160,사십 년만에 덮친 급격한 물가 상승세를 누구어들이기 위해 미국 정앙은행인 연방김비제도가 기존군리인 상속도을 높힐 가능성이 더 커졌다
p04_u43,p04,ce_visible,십 년만에 답친 급격 안불가 상성사를 누구럽뜨를 기유해 미국 동앙을 행은 연방준비 제도가 비존은힘인 상속도를 높이 가능성이 더 어졌다
p04_u43,p04,ce_invisible,사십 년만 덮친 급격한 물가 상승세를 누구어들이기 위해 미국 정앙은행인 연방비 제도가 기존국리인 상속도을 높일 가능성이 더 커졌다
p04_u44,p04,taps,로나 사태후 세로로 무건은 기증금리가 급격하격 행상될 경우 주식 부동산동 소작금리 오통움을 받았던 자산시장 거품이 커질 수 있다
p04_u44,p04,ce,토러나 사태 이후 새로 노후 묶고은 교증금리가 급격하게 음상배 경우 출 부동산등 소적금은 이 도움을 받았던 자산실장 거품이 거질 수 있다
p04_u44,p04,ce_s40,토로나 사태 이 헤로 노후물고 전전금리가 급격하게 영상배경우 출식 부동산등 포적금인이 일도움을받다던 사산실장 거품이 빠지 수 있다
p04_u44,p04,ce_s80,토오나 사태 이 헤로노후 물고 교중금리가 급격하게 음상배경우 출 부동산등 포 더금인 이 도움을 받았던 산실장 거품이 거지질 수 있다
p04_u44,p04,ce_s160,포로나 사태 이후 새로 노후 묶고둔 기정금리가 급격하게 음상배 경우 출 부동산등 포더금은 이도움을 받았던 자산실장 거품이 빠질 수 있다
p04_u44,p04,taps_s80,로나 사태후 세로로 무건은 기능금리가 극격하격 행상될 경우 주식 부동산동 초꾸이 오통움을 받았던 자산시장 거품이 커질 수 있다
p04_u44,p04,taps_s160,포로나 사태 후 세로로 부건은 기증금리가 극격하격 행상될 경우 주식 부동산동 초작금이 오통움을 받았던 자산시장 거품이 커질 수 있다
p04_u44,p04,ce_visible,토러나 사태 이후 새로 노후 묶고등 교증금리가 급격하게 음상배 경우 출 부동산등 소적금은 이 도움을 받았던 자산실장 거품이 거질 수 있다
p04_u44,p04,ce_invisible,로나 사태후 세로로 무건은 기증금리가 급격하격 행상될 경우 주식 부동산동 소작금리 오통움을 받았던 자산시장 거품이 커질 수 있다
p04_u45,p04,taps,미국 노동부가 이런 물가급 등을 발표한 십 일 이 중시 삼배주수는 일제히 하락했다
p04_u45,p04,ce,미국 노동부가 이런 물가 그등을 발표한 십 일 금호시 삼대교사는 일대이 달라겠다
p04_u45,p04,ce_s40,미국 노동부가 이런 물가 그등을 발표한 십 임 중호시 삼배주사는 일대이 활라했다
p04_u45,p04,ce_s80,미국 노동부가 이런 문가 교등을 발표한 시 임 고호시 간배교사는 일세이 활야했다
p04_u45,p04,ce_s160,미국 노동부가 이런 물가콧등을 발표한 쓰 임천호시 삼대교사는 일책이 잘야했다
p04_u45,p04,taps_s80,미국 노동부가 이런 물가급 등을 발표한 십 일 이 중시 삼대지수는 일제히 하락했다
p04_u45,p04,taps_s160,미국 노동부가 이런 물가급 등을 발표한 십 일 이 중시 삼대주수는 일제히 하락했다
p04_u45,p04,ce_visible,미국 노동부가 이런 물가 그등을 발표한 십 일  금호시 삼배교사는 일대이 달라겠다
p04_u45,p04,ce_invisible,미국 노동부가 이런 물가급 등을 발표한 십 일 이 중시 삼배주수는 일제히 하락했다
p04_u46,p04,taps,낙박 기수는 이 쩜 일 퍼센트 투락했고 에센피 오백 기소와 다욱 평균는 가컴 일 쩜 팔 퍼센트 일 쩜 오 퍼센트 에어갔다
p04_u46,p04,ce,낙타 비수는 이 쩜 일 퍼센트 투락했고 했스센크 오백 주소와 다 평균는 가건 칠 쩜 팔 퍼센트 일 쩜 오 퍼센트로 내어갔다
p04_u46,p04,ce_s40,낙타 뉴수는 이 쩜 일 퍼센트 투락했고 네스크 오백 주소와 다 평균는 가건 일 쩜 팔 퍼센트 일 쩜 오 퍼센트로 내려갔다
p04_u46,p04,ce_s80,낙타 비수는 이 쩜 일 퍼센트 투락했고 네스센피 오백 주소와 다 평균는 가건 일 쩜 팔 퍼센트 일 쩜 오 퍼센트 내력갔다
p04_u46,p04,ce_s160,낙타 비수는 이 쩜 일 퍼센트 투락했고 에스피 오백 주소와 다 평균는 가건 일 쩜 팔 퍼센트 일 쩜 오 퍼센트 내력갔다
p04_u46,p04,taps_s80,낙딱 지수는 이 쩜 일 퍼센트 투락했고 에센피 오백 기소와 다욱 평균는 가컴 일 쩜 팔 퍼센트 일 쩜 오 퍼센트 매력갔다
p04_u46,p04,taps_s160,낙딱 기수는 이 쩜 일 퍼센트 투락했고 헬센피 오백 기소와 다욱 평률는 가컴 일 쩜 팔 퍼센트 일 쩜 오 퍼센트 에어갔다
p04_u46,p04,ce_visible,낙타 비수는 이 쩜 일 퍼센트 투락했고 했스센크 오백 주소와 다 평균는 가건 칠 쩜 팔 퍼센트 일 쩜 오 퍼센트로 내어갔다
p04_u46,p04,ce_invisible,낙박 기수는 이 쩜 일 퍼센트 투락했고 에센피 오백 기소와 다욱 평균는 가껑 일 쩜 팔 퍼센트 일 쩜 오 퍼센트 에어갔다
p04_u47,p04,taps,조 말이은 미국 대통령은 이날 국민의 박당까지 물가의 압박을 받을 정도로 임플레이상 문제가 심각하라면서 정부는 가능한 수단을 보두 동은하겠다 고였다
p04_u47,p04,ce,조 발은 미국 대통령은 이날 국민의 박탕까지 물가 야밤을 받을 경도로 인플레이서 문표가 심각보라면서 정부는 가능한 수단을 도 번론하겠다 보했다
p04_u47,p04,ce_s40,조 발은 미국 대통령은 이날 국민을 박상까지 물가 야밤을 받을 경도로 인플레이서 문제가 승각보라면서 정부는 가능한 쏟단을 보도 덩론하겠다 보였다
p04_u47,p04,ce_s80,조 발은 미국 대통령은 이날 국민을 박상까지 물가 야박을 받을 정도로 인플레이서는 문제가 승각 보라면서 정부는 가능한 쏟단을 모두 덩원하겠다 보했다
p04_u47,p04,ce_s160,로 발은 미국 대통령은 이날 국민의 박상까지 물가 야밤을 받을 경도로 인플레이서 문제가 승각불라면서 정부는 가능한 수단을 몰도 번론하겠다 고했다
p04_u47,p04,taps_s80,조 이이은 미국 대통령은 이날 국민의 박당까지 물가의 압박을 받을 정도로 인플레이상 문제가 심각하라면서 정부는 가능한 수단을 모두 동은하겠다 보였다
p04_u47,p04,taps_s160,조 마이은 미국 대통령은 이날 국민의 박당까지 물가의 압박을 받을 정도로 인플레이상 문제가 심각하라면서 정부는 가능한 수단을 모두 동은하겠다 고였다
p04_u47,p04,ce_visible,조 발은 미국 대통령은 이날 국민의 박탕까지 물가 야밤을 받을 경도로 인플레이서 문표가 심각불라면서 정부는 가능한 수단을 도 번론하겠다 보했다
p04_u47,p04,ce_invisible,조 말이은 미국 대통령은 이날 국민의 박당까지 물가의 압박을 받을 정도로 임플레이상 문제가 심각하라면서 정부는 가능한 수단을 보두 동은하겠다 고였다
p04_u48,p04,taps,소비자 물가가 연전 목세칠 크게 온도는 상황이 집개월 넘프 이어지면서 연준히 오 일국에서 칠차례 기상 금 리를 인상할 것이라는 예상에 무게가 늘리고 있다
p04_u48,p04,ce,소비자 물가가 연전 목표트를 크게 웃또는 상황이 깊패월 남이어지면서 연은이 고내 육에서 칠차례 비존그 이을 민판할 것이라 예상에 무게가 숨리고 있다
p04_u48,p04,ce_s40,소비자 물가가 면전 목표트를 크게 웃또는 상황이 쉽패월 넘 이어지면서 연진이 오해 육에서 칠차례 비정금은 이을 민창할 것이라 예상에 무게가 숨리고 있다
p04_u48,p04,ce_s80,소비자 물가가 면전 목표츠를 크게 웃또는 상황이 십 개월 넘 이어지면서 연진히 고해 육에서 칠차례 비정금을 이을 인창할 것이 라 예상에 무게가 준비고 있다
p04_u48,p04,ce_s160,소비자 물가가 연전 목표트를 크게 웃도는 상황이 실패월 남에 이어지면서 연진히 올해 국에서 칠차례 기존그 이을 인창할 것이라 예상에 무게가 돌리고 있다
p04_u48,p04,taps_s80,소비자 물가가 연전 목자칠 크게 온또는 상황이 십 개월 넘그 이어지면서 연준이 오해 육에서 칠 차례 기상 금리를 인상할 것이라는 예상에 무게가 뛰리고 있다
p04_u48,p04,taps_s160,소비자 물가가 염전 목자칠 크게 온또는 상황이 집 개월 넘그 이어지면서 연준히 올 국에서 칠 차례 기등금리를 인상할 것이라는 예상에 무게가 길리고 있다
p04_u48,p04,ce_visible,소비자 물가가 연전 목표트를 크게 웃또는 상황이 깊패월 남이어지면서 연은이 온내 육에서 칠차례 비정그 이을 인손할 것이라 예상에 무게가 숨리고 있다
p04_u48,p04,ce_invisible,소비자 물가가 연전 목세칠 크게 온도는 상황이 집개월 넘프 이어지면서 연준히 오 일국에서 칠차례 기상 금 리를 인상할 것이라는 예상에 무게가 늘리고 있다
p04_u49,p04,taps,연 영 퍼센트 수준인 기존금리가 올해 말 일 쩜 오 퍼센트 이상으로도 아질 수 있다는 것다
p04_u49,p04,ce,연 영 퍼센트 수준의 기증금률가 올해말 일 쩜 오 퍼센트 인상으로 높아줄 수 있다는 것다
p04_u49,p04,ce_s40,연 영 퍼센트 수준의 기증금률가 올해말 일 쩜 오 퍼센트 인상으로 도팔줄 수 있다는 것다
p04_u49,p04,ce_s80,연 영 퍼센트 수준의 기증금률가 올해말 일 쩜 오 퍼센등상으로도 팔줄 수 있다는 것다
p04_u49,p04,ce_s160,연 영 퍼센트 수준의 부증금리가 올해말 일 쩜 오 퍼센트 인상으로 도 팔줄 수 있다는 것다
p04_u49,p04,taps_s80,연 영 퍼센트 수준인 기존금리가 올해 말 일 쩜 오 퍼센트 이상으로도 빠질 수 있다 것다
p04_u49,p04,taps_s160,연 영 퍼센트 수준의 기존금류가 올해 말 일 쩜 오 퍼센트 이상으로도 아질 수 있다는 것다
p04_u49,p04,ce_visible,연 영 퍼센트 수준의 기증금률가 올해말 일 쩜 오 퍼센트 인상으로 높팔줄 수 있다는 것다
p04_u49,p04,ce_invisible,연 영 퍼센트 수준인 기존금리가 올해 말 일 쩜 오 퍼센트 이상으로도 아질 수 있다는 것다
p04_u50,p04,taps,기상 금리가 인상되면 해당금리가 오르면서 대출 이자 담증가 등 경제선 제영향을 미치게 된다
p04_u50,p04,ce,기존 금 원 인상되면 해변금리가 오르면서 대출 압 부담 분과 등 경제은 제 영향을 육키이 된다
p04_u50,p04,ce_s40,이존 금리간 인상되면 해변 금리가 오르면서 대출 협 부담 부가 등경제은 제영화 이침이 된다
p04_u50,p04,ce_s80,기존 금리가 인상되면 해당 금리가 오르면서 대출 부담 부과 등 경제은 제영화을 이치이 된다
p04_u50,p04,ce_s160,이존 금리가 인상되면 해방금리가 오르면서 대출 약 부담 분과 등 경제단 책 영향을 육치이 된다
p04_u50,p04,taps_s80,기상 금리가 인상되면 해당금리가 오르면서 대출 이자담 증가 등 경제선 제영향을 미치게 된다
p04_u50,p04,taps_s160,기중 금리가 인상되면 해당금리가 오르면서 대출 이자부담증가 등 경제전 제영향을 미치게 된다
p04_u50,p04,ce_visible,기존 금 원 인상되면 해변금리가 오르면서 대출 이압 부담 분과 등 경제은 제 영향을 육키이 된다
p04_u50,p04,ce_invisible,기상 금리가 인상되면 해당금리가 오르면서 대출 이자 담증가 등 경제선 제영향을 미치게 된다
p04_u51,p04,taps,이런 우려로 십 일 일 공매 채식 시장도 코스피가 영 쩜 구 퍼센트 코스닥 지수은 이 쩜 영 퍼센트 하락했다
p04_u51,p04,ce,이런 우월로 십 일 일 공내 표식단도 코스피가 영쩜 구 퍼센트 코스타 비수는 일 쩜 영 퍼센트 깔락다
p04_u51,p04,ce_s40,이런 우월로 십 일 일 공네 표식습단도 코스피가 영 쩜 구 퍼센트 코스타 비수는 이 쩜 영 퍼센트 깔락했다
p04_u51,p04,ce_s80,이런 우월로 십 일 일 공네 표득단도 코스피가 영 쩜 구 퍼센트 코스닥 비수는 일 쩜 영 퍼센트 깔락다
p04_u51,p04,ce_s160,이런 우려로 십 일 일 공네 표식주장도 코스피가 영 쩜 구 퍼센트 코스타 교수는 이 쩜 영 퍼센트 깔락했다
p04_u51,p04,taps_s80,이런 우해로 십 일 일 공매 지식 시장도 코스피가 영 쩜 구 퍼센트 코스닥 지수은 이 쩜 영 퍼센트 하락했다
p04_u51,p04,taps_s160,이런 우해로 시일 일 공네 지식 시장도 코스피가 영 쩜 구 퍼센트 코스닥 지수은 이 쩜 영 퍼센트 하락했다
p04_u51,p04,ce_visible,이런 우월로 십 일 일 공네 표식주단도 코스피가 영쩜 구 퍼센트 코스트 비수는 일 쩜 영 퍼센트 깔락다
p04_u51,p04,ce_invisible,이런 우려로 십 일 일 공매 채식 시장도 코스피가 영 쩜 구 퍼센트 코스닥 지수은 이 쩜 영 퍼센트 하락했다
p04_u52,p04,taps,게인스플런 레인트리스 연방 준비은행 총기는 이날 오늘 소비 자물과 결과를 본 후 나이 메파 상향이 국적으로 강해졌다
p04_u52,p04,ce,그스플러뱅트리스 연방 준비은행 송쇄는 은날 오늘 소비자물과 결과를 본 후 이 메파 상향이 극적으로 강해졌다
p04_u52,p04,ce_s40,주인스플러뱅트리스 연방 준비은행 송쇄는 은날 오늘 소비 자물과 결과를 본 후 나 매파 상향이 극적으로 방해졌다
p04_u52,p04,ce_s80,인스플뱅크리스 연방 준비은행 송쇄는 은날 오늘 소비 자물과 결과를 보 후 매파 상향이 급적으로 방해졌다
p04_u52,p04,ce_s160,주인스플러뱅트리스 연방준비 은행 송쇄는 은날 오늘 소비 자물과 결과를 보 후 나이 메파 상향이 급격으로 강해졌다
p04_u52,p04,taps_s80,게인스플런 레인트레리스 연방 준비은행 총객는 이날 오늘 소비 점물과 결과를 본 후 나이 메파 성향이 국적으로 강해졌다
p04_u52,p04,taps_s160,인스 플런 레인트리스 연방준비 은행 총기는 이날 오늘 소비 점물과 결과를 본 후 야이 메파 상양향이 국적으로 강해졌다
p04_u52,p04,ce_visible,스플러뱅트리스 연방 준비은행 송쇄는 은날 오늘 소비자물과 결과를 본 후 이 메파 상향이 극적으로 강해졌다
p04_u52,p04,ce_invisible,게인스플런 레인트리스 연방 준비은행 총기는 이날 오늘 소비 자물과 결과를 본 후 나이 메파 상향이 국적으로 강해졌다
p04_u53,p04,taps,연준히 오는 칠 월까지 기금금률를 일 퍼센트 포트는 오히려야 한다고 생각한고 했다
p04_u53,p04,ce,연수인 군은 칠 월까지 기존금률를 일 퍼센트포인트는 오려야 한다고 생각한 다보했다
p04_u53,p04,ce_s40,연수이 꿈은 칠월까지 기존금률를 일 퍼센트포인트는 오려야 한다고 생각한 보 했다
p04_u53,p04,ce_s80,연수이 금은 칠월까지 기존금률 일 퍼센트 포인트는 오려야 한다고 생각한보 했다
p04_u53,p04,ce_s160,연수인 금는 칠 월까지 기존금률 일 퍼센트포인트는 올려야 한다고 생각한다보 했다
p04_u53,p04,taps_s80,연준히 오는 칠 월까지 기금금률 일 퍼센트 포트는 오히려야 한다고 생각한고 했다
p04_u53,p04,taps_s160,연준이 오는 칠 월까지 기금금률 일 퍼센트 포트는 오히려야 한다고 생각한고 했다
p04_u53,p04,ce_visible,연수인 군은 칠 월까지 기존금률를 일 퍼센트포인트는 올려야 한다고 생각한 다보했다
p04_u53,p04,ce_invisible,연준히 오는 칠 월까지 기금금률를 일 퍼센트 포트는 오히려야 한다고 생각한고 했다
p04_u54,p04,taps,그는 연준히 정대회 의에 비상회의를 토집해야 할 상황이라고 주장한다
p04_u54,p04,ce,그는 연전히 정원대 세인 의에 상세위를 토집해야 할 상황이라고 주장했다
p04_u54,p04,ce_s40,그는 연전히 정대세 의에 상세를 토집해야 할 상황이라고 주장했다
p04_u54,p04,ce_s80,그는 연전히 정대 세임 이에 부상세위를 토대해야 할 상황이라고 주장했다
p04_u54,p04,ce_s160,그는 연전히 정대 의 부상세위를 토집해야 할 상황이라고 주장했다
p04_u54,p04,taps_s80,그는 연준히 전대회 의회 비상회의를 토집해야 할 상황이라고 주장한다
p04_u54,p04,taps_s160,그는 연준히 전대회 의회 비상회의를 토집해야 할 상황이라고 주장한다
p04_u54,p04,ce_visible,그는 연전히 정원대 세인 의에 보상세위를 토집해야 할 상황이라고 주장했다
p04_u54,p04,ce_invisible,그는 연준히 정대회 의에 비상회의를 토집해야 할 상황이라고 주장한다
p04_u55,p04,taps,골프현제 박세리가 일 시원자의 꽁큐 방탈출 카태를 찾아 경찰출 게임을 줄겠다고 엘시전자가 십 일 밝혔다
p04_u55,p04,ce,골프여에 박대리가 일주전단이 끈이 방 팔초 가파를 찾아 방 찰초 게임을 돌렸다고 멸주전자가 십 일 밝혔다
p04_u55,p04,ce_s40,골프열의 박새리가 일주전단이 끈프 광 팔 초 가파를 찾아 방찰수를 게임을 돌겠다고 매주전자과 십 이 밝혔다
p04_u55,p04,ce_s80,골프여에 박대리가 일주전자이 끈프 광 팔 초 가파를 찾아 방찰추를 게임을 돌겠다고 열주전자가 십 일 밝혔다
p04_u55,p04,ce_s160,골프 여제 박대리가 일주전장이 끈프 광 팔 초 가파를 찾아 방찰 수 게임을 줄겠다고 렌주전자가 십 이 밝혔다
p04_u55,p04,taps_s80,골프현제 박세리가 일 시전자이 꽂큐 방탈출 카태를 찾아 방찰출 게임을 줄렸다고 일시전자가 십 일 밝혔다
p04_u55,p04,taps_s160,골프현제 박세리가 일 시원자이 꽁기 방 탈출 카페를 찾아 경찰출 게임을 줄렸다고 엘시전자가 십 일 밝혔다
p04_u55,p04,ce_visible,골프여에 박대리가 일주전단이 끈이 광 팔초 가파를 찾아 방 찰초를 게임을 돌렸다고 멸주전자가 십 일 밝혔다
p04_u55,p04,ce_invisible,골프현제 박세리가 일 시원자의 꽁큐 방탈출 카태를 찾아 경찰출 게임을 줄겠다고 엘시전자가 십 일 밝혔다
p04_u56,p04,taps,진규 방팔수 카에는 엘시전자인 스마트어플레커인 신규 애부의 지우 기능과 방팔출게인 콘색트를 전폭해 마련한 고합 문학 채운 공간이다
p04_u56,p04,ce,앵 방팔수 가에는 현수전자의 스마트  플랫포인 신규액의 주요 기능과 방팔 출 게음 콘센트를 전폭 해마대한 국합 문화 채원공간이다
p04_u56,p04,ce_s40,앵규 방 팔수 가페는 해수전자의 스마트원 벌랫포인 신규 액의 주요 기능과 방팔 을 게음 콘센터트를 전폭 해마련한 국합 문화 채원공간이다
p04_u56,p04,ce_s80,앵프 방팔수 가페는 해수전자의 스마트원 벌랙포인 신큐액의 주요 기능과 방팔 을 게음 콘센트를 전폭할마대한 폭합 문화 채원공간이다
p04_u56,p04,ce_s160,앵프 방팔수 가표는 해수전자의 스마트원 플랫포인 신규액의 주요 기능과 광 팔 출 게음 콘센트를 전목 결마대한 국합 문화 채원공간이다
p04_u56,p04,taps_s80,앵 방팔실 카에는 엘시전자인 스마트플레커인 신규 애보의 지우 기능과 방팔 출게인 콘색트를 전보해 마련한 고합 문학 채운 공간이다
p04_u56,p04,taps_s160,앵큐 방탄수 카에는 엘시전자인 스마트어플레커인 신주 애부의 지우 기능과 방찰출게 인 콘색트를 전폭해 마련한 고합 문학 채 공간이다
p04_u56,p04,ce_visible,왕 방팔수 가에는 현수전자의 스마트 플랫포인 신규애의 주요 기능과 방팔 을 게음 콘센트를 전폭 해마대한 국합 문화 채원공간이다
p04_u56,p04,ce_invisible,앵규 방팔수 카에는 엘시전자인 스마트어플레커인 신규 애부의 지우 기능과 방팔출게인 콘색트를 전폭해 마련한 고합 문학 채운 공간이다
p04_u57,p04,taps,박셀팅는 보웠 거실 터제 쳇탁실등 네개 타이하로 조성된 각까고 문간에서 주어진 시간 안내 탈출하 기위해 다양한 미전자을 승행하며 강찰 주게임을 줄이겼다
p04_u57,p04,ce,박메리는 보거실 터제 세탁술등 네 개 탄나로 조성된 각각의 공간에서 브어진스가 안에 탈출하기이해 다양한 민권등을 사행하며 강판 츠게을 줄렸다
p04_u57,p04,ce_s40,박메리는 보거실 화제 세탁술등 네 개 탄나로 조성된 각각의 공간에서 추어 술가 안내 탈출하기 이 해 다양한 민선등을 사행하며 강판 출게임을 줄렸다
p04_u57,p04,ce_s80,박메리는 보거실 제 세탁술 네 개탄나로 조성된 각각의 공간에서 주어진스가 안내 탈출하기 위해 다양한 민선도을 수행하며 강판이 츠게임을 줄이렸다
p04_u57,p04,ce_s160,박메리는 보거을 첫제 세탁술등 네 개탄나로 조성된 각각의 공간에서 추어진스가 안내 탈출하기위 해 다양한 민선자을 사행하며 방판 출게임을 줄이렸다
p04_u57,p04,taps_s80,박셀리는 보웠 거실 터제 세탁실등 네개 타하로 조성된 각까고 문간에서 주어진 시간 안내 탈출하 기위해 다양한 미전자을 손행하며 강타 을게임을 줄렸다
p04_u57,p04,taps_s160,박씨림는 고웠 거실 터제 제탁실등 네 개 타하로 조성된 각까고 문간에서 주어진 시간 안내 탈출하기 위해 다양한 미자을 손행하며 강찰 출게임을 줄렸다
p04_u57,p04,ce_visible,박메리는 보거실 터제 세탁술등 네 개 탄나로 조성된 각각의 공간에서 브어진스가 안에 탈출하기이해 다양한 민권등을 사행하며 강판 츠게임을 줄렸다
p04_u57,p04,ce_invisible,박셀팅는 보웠 거실 터제 세탁실등 네개 타이하로 조성된 각까고 문간에서 주어진 시간 안내 탈출하 기위해 다양한 미전자을 승행하며 강찰 주게임을 줄이겼다
p04_u58,p04,taps,엘이지 신케앱부로 과정을 제어하거나 각종 서비스를 이용하면서 미전을 배결하기 위한 챙겨진 단사들을 협득했다
p04_u58,p04,ce,엘이 센프 앱부로 가전을 제어하거나 걱정 서비스를 이용하면서 일단을 발결하기 위한 통겨진 반사들을 적득했다
p04_u58,p04,ce_s40,엘이 센프 앱부로 가전을 제어하거나 걱정 서비스를 이용하면서 일단을 발결하기 위한 챙겨진 반사들을 역등했다
p04_u58,p04,ce_s80,엘이 센프 앱부로 가전을 제어하거나 걱정 서비스를 이용하면서 일단을 발결하기 위한 챙겨진 반사들을 적극했다
p04_u58,p04,ce_s160,엘이 센프 앱으로 가정을 제어하거나 각종 서비스를 미용하면서 일단을 발결하기 위한 청겨진 반사들을 적득했다
p04_u58,p04,taps_s80,엘지 신케앱부로 과정을 제어하거나 각종 서비스를 이용하면서 미장을 배결하기 위한 챙겨진 단소들을 협득했다
p04_u58,p04,taps_s160,엘이지 신케부로 과정을 제어하거나 각종 서비스를 이용하면서 미전을 해결하기 위한 챙겨진 단소들을 협득했다
p04_u58,p04,ce_visible,엘이 센프 앱부로 가전을 제어하거나 걱정 서비스를 이용하면서 일단을 발결하기 위한 통겨진 반사들을 역득했다
p04_u58,p04,ce_invisible,엘이지 신케앱부로 과정을 제어하거나 각종 서비스를 이용하면서 미전을 배결하기 위한 챙겨진 단사들을 협득했다
p04_u59,p04,taps,제탁시탄마 공간에서는 박세리가 코드제로 알키 로총소기를 엘즈 기 앱으로 원격 도성하면서 숨겨진 단사을 찾았다
p04_u59,p04,ce,한탁스 탄마 공간에 가는 악시비가 코드제로 아이큐 로터서기를 엘 수용큐 앱으로 머격 고성하면서 스분겨진 반다를 가졌다
p04_u59,p04,ce_s40,한탁출탄막 공간에 가는 악시리가 코드로 안이큐 로터서기를 엘 수용균 일으로 머격 도성하면서 분겨진 반다을 가졌다
p04_u59,p04,ce_s80,한탁 출 탄마 공간에 가면 박시리가 코드로 알이큐 로터서기를 엘 수용균 일앱으로 원격 고성하면서 스분겨진 반다을 가았다
p04_u59,p04,ce_s160,알탁수 탄마 공간의 가면 악시리가 코드로 아이큐 로총소기를 엘리 수용균 일으로 원격 보송하면서 스분겨지 반다를 가았다
p04_u59,p04,taps_s80,제탁시 탄마 공간에서는 박세리가 코드제로 알기 로총소기를 엘즈 기 앱으로 원격 도성하면서 숨겨진 단석을 찾았다
p04_u59,p04,taps_s160,제탁시탄마 공간에서는 박세리가 코드제로 알키 로총소기를 벨즈 기 앱으로 원격 도성하면서 승겨진 단석을 찾았다
p04_u59,p04,ce_visible,탁스 탄마 공간에 가는 악시비가 코드제로 아이큐 로터서기를 엘 수용균 앱으로 머격 고성하면서 스분겨진 반다를 가졌다
p04_u59,p04,ce_invisible,제탁시탄마 공간에서는 박세리가 코드제로 알키 로총소기를 엘즈 기 앱으로 원격 도성하면서 숨겨진 단사을 찾았다
p04_u60,p04,taps,라이키루 노봇청소기는 홈비우기능이 있어 제품에 탑체된 카매라를 통해 지방 곳곳을 실시간으로 몸이 터리 할 수 있는 것이 특징이다
p04_u60,p04,ce,빨큐 노봇탕초에는 홈준기능이 있어 제품에 판매된 카매라 를 통해 이방 곳구색를 실시간으로 몸이 터링할 수 있는 것이 특진이다
p04_u60,p04,ce_s40,딸큐 노봇탕초에는 홈주기능이 있어 제품에 판매된 카매라 를 통해 이반 고구스를 실시간으로 몸이 터링할 수 있는 것이 특징이다
p04_u60,p04,ce_s80,딸큐 노봇탕초에는 홈준기능이 있어 제품에 판매된 카메라를 통해 이방 고포스를 실시간으로 건이 터링할 수 있는 것이 특진이다
p04_u60,p04,ce_s160,알큐 노봇탕법에는 홈준기능이 있어 제품에 타폐된 카메라를 통해 지방 곳스를 실시간으로 몸이 터링할 수 있는 것이 특징이다
p04_u60,p04,taps_s80,라이키루 노봇청소이는 홈비기능이 있어 제품에 탑체된 카매를 통해 지방 곳곳을 실시간으로 본이 터링할 수 있는 것이 특징이다
p04_u60,p04,taps_s160,라이키루 노봇청소기는 홈비기능이 있어 제품에 탑체된 카매를 통해 지방 곳곳을 실시간으로 본이 터리링할 수 있는 것이 특징이다
p04_u60,p04,ce_visible,빨큐 노봇탕초에는 홈주기능이 있어 제품에 판매된 카매라 를 통해 이방 곳고색를 실시간으로 몸이 터링할 수 있는 것을 특진이다
p04_u60,p04,ce_invisible,라이키루 노봇청소기는 홈비우기능이 있어 제품에 탑체된 카매라를 통해 지방 곳곳을 실시간으로 몸이 터리 할 수 있는 것이 특징이다
p04_u61,p04,taps,엘지전자는 이달 칠 일부터 이십 사 일까지 서 성소동에 입치한 카페 할버지 공장에서 인기 방팔출 카에로 운영하며 고북들에게 백 이후에 경험을 선사한다
p04_u61,p04,ce,엘지전자는 이달 칠 일부터 이십 사일까지 겨율 성소동에 위치한 카페 사버지 공장에서 등큐 경찰수 사페를 운영하며 고객들에게 빛 유한 경험을 선당한다
p04_u61,p04,ce_s40,변지전자는 이 달 칠 일부터 유십 사일까지 겨울 성소동에 위치한 카페 할버지 공장에서 인큐 경찰츠 카페를 운영하며 고객들에게 백 이에 경험을 선당한다
p04_u61,p04,ce_s80,변지전자는 이달 칠 일부터 유십 사일까지 겨울 성소동에 위치한 카페 할버지 공장에서 인큐 경찰수 사페를 운영하며 고객들에게 백 이한 경험을 선당한다
p04_u61,p04,ce_s160,변디전자는 이 달 칠 일부터 이십 사 일까지 겨울 성소동에 위치한 카페 할버지 공장에서 흉큐 경찰수 사페를 운영하며 고격들에게 백 이한 경험을 선당한다
p04_u61,p04,taps_s80,엘지전자는 이달 칠 일부터 이십 사 일까지 서 성소동에 유치한 카페 할버지 공장에서 인기 방팔출 카에로 운영하며 고급들에게 백 이후에 경험을 선사한다
p04_u61,p04,taps_s160,엘지전자는 이달 칠 일부터 이십 사 일까지 서 성소동에 유치한 카페 할버지 공장에서 인기 방팔출 카에를 운영하며 고객들에게 백 이후에 경험을 선사한다
p04_u61,p04,ce_visible,엘지전자는 이 달 칠 일부터 이십 사일까지 겨울 성소동에 위치한 카페 할버지 공장에서 음큐 경찰스 사페를 운영하며 고객들에게 백 이한 경험을 선사한다
p04_u61,p04,ce_invisible,엘지전자는 이달 칠 일부터 이십 사 일까지 서 성소동에 입치한 카페 할버지 공장에서 인기 방팔출 카에로 운영하며 고북들에게 백 이후에 경험을 선사한다
p04_u62,p04,taps,일지전자가 추구하는 액스 유엔 경험은 세고의 이란 새로운 확신적용 고급 경험을 한다
p04_u62,p04,ce,변수 전자가 치구하는 깔픈 유엔한 경험은 쇄고기 유반 새로운 확신적인 고백 경험에 한다
p04_u62,p04,ce_s40,폐수 전자가 추구하는 빨픈 유한 병화은 혈고기 유기관 새로운 확신적인 고백 병원에 한다
p04_u62,p04,ce_s80,폐수 전자가 치구하는 팔크 유한 병험은 혈고위 유관 새로운 확신적인 고백 병험에 한다
p04_u62,p04,ce_s160,폐수 전자가 추구하는 팔급 유한 경험은 최고기 유일한 새로운 학신적인 고백 경원에 한다
p04_u62,p04,taps_s80,일지전자가 추구하는 에프 이후엔 경험은 최고의 이란 새로운 확신적 고복 경험을 한다
p04_u62,p04,taps_s160,일지전자가 추구하는 깔스 이엔 경험은 최고의 이란 새로운 확신적용 고속 경험을 뜻한다
p04_u62,p04,ce_visible,변스 전자가 치구하는 깔픈 유한 경험은 쇄고기 유반 새로운 확신적인 고백 경험에 한다
p04_u62,p04,ce_invisible,일지전자가 추구하는 액스 유엔 경험은 세고의 이란 새로운 확신적용 고급 경험을 한다
p04_u63,p04,taps,기아리 거플리카가 일부 전문간 사인으로 구성된 데이터보호 줄법 자문위원회를 출범한다고 십 육 일 밝혔다
p04_u63,p04,ce,비발이 바플리카가 내부 전문과 사인으로 구성된 베이법 오호 조법 자문위원회를 출범한다고 십 육 기를 가혔다
p04_u63,p04,ce_s40,비발이 바플리카가 열부 전문과 사인으로 구성된 베이터 오호 수법 자문위원회를 출범한다고 십 육 기를 가혔다
p04_u63,p04,ce_s80,비발이 바플리카가 여부 전문과 사인으로 구성된 베이법 보호수법 자문위원회를 출범한다고 십 육 기를 밝혔다
p04_u63,p04,ce_s160,비발이 바플리카가 내부 전문과 사인으로 구성된 베이법 보송 트법 자문위원회를 출범한다고 십 육 기를 밝혔다
p04_u63,p04,taps_s80,기간리 거플리카가 일부 전문가 사인으로 구성된 데이터보호 증법 자문위원회를 질범한다고 십 육 일 밝혔다
p04_u63,p04,taps_s160,기간리 버플리카가 일부 전문간 사인으로 구성된 데이터보호 증법 자문위원회를 질범한다고 십 육 일 밝혔다
p04_u63,p04,ce_visible,비발이 바플리카가 내부 전문과 사인으로 구성된 베이법 오호 조법 자문위원회를 출범한다고 십 육 기를 가혔다
p04_u63,p04,ce_invisible,기아리 거플리카가 일부 전문간 사인으로 구성된 데이터보호 줄법 자문위원회를 출범한다고 십 육 일 밝혔다
p04_u64,p04,taps,위원회는 톡스가 보유고급데이타 처리이 관련 법명을 잘 주소하고 있는지 독빛적으로 확인하고 강사한다
p04_u64,p04,ce,위원회는 소스가 보유고객 불파 처리관련 법명을 잘 분소하고 있는 주도립적으로 확인하고 강사한다
p04_u64,p04,ce_s40,위원회는 포스가 보육구백 불파 처리관련 밤명을 잘 분소하고 있는 주 독식적으로 확인하고 강사한다
p04_u64,p04,ce_s80,위원회는 포스가 보육구객 불파 처리관련 밤명을 잘 소하고 있는 주 독립적으로 확인하고 강사한다
p04_u64,p04,ce_s160,위원회는 포스가 보유구객 불파 처리관련 법명을 잘 소하고 있는 주동내적으로 확인하고 강사한다
p04_u64,p04,taps_s80,위원회는 호스가 고위고속데이터 처이이 관련 밤명을 잘 주소하고 있는지 독립적으로 확인하고 강지한다
p04_u64,p04,taps_s160,위원회는 토스가 고위고속데이터 설리이 관련 법명을 잘 소하고 있는지 농립적으로 확인하고 강사한다
p04_u64,p04,ce_visible,위원회는 소스가 보유고객 불파 처리관련 법명을 잘 분소하고 있는 주도립적으로 확인하고 강사한다
p04_u64,p04,ce_invisible,위원회는 톡스가 보유고급데이타 처리이 관련 법명을 잘 주소하고 있는지 독빛적으로 확인하고 강사한다
p04_u65,p04,taps,또 안전 데이터 법원을을 체계를 구축하기 위한 자문의 응하는 역할을 한다
p04_u65,p04,ce,또 안전한 별터 법어하수 체계을 구축하기 위한 자문의 응하능 역할을 한다
p04_u65,p04,ce_s40,또 안전람 별타 법어한수 체계을 극축하기 위한 사문 응하능 역할을 한다
p04_u65,p04,ce_s80,또 안전한 별타 법어하을 체계을 구축하기 위한 사문 응간는 역할을 한다
p04_u65,p04,ce_s160,또 안전람 베이터 법어하수 체계를 구축하기 위한 자문의 응하는 역할을 한다
p04_u65,p04,taps_s80,또 안전 데이터 법원을을 체계를 구축하기 위한 자문의 응하는 역할을 한다
p04_u65,p04,taps_s160,또 안전 데이터 법원한을 체계를 구축하기 위한 자문의 응하는 역할을 한다
p04_u65,p04,ce_visible,또 안전한 별터 법어하수 체계을 구축하기 위한 자문의 응하능 역할을 한다
p04_u65,p04,ce_invisible,또 안전한 데이터 법원을을 체계를 구축하기 위한 자문의 응하는 역할을 한다
p04_u66,p04,taps,위원회는 세사이 데이터보호 전력과 정책 준법 감지 활동을 기마다 보고받는다
p04_u66,p04,ce,위원회는 회사이 데이터보 전작과 정색 분법 감포 활동을 기마다 보고받는다
p04_u66,p04,ce_s40,위원회는 회사이 데이터보호 전작과 정색 분법 감술활동을 기마다 보고받는다
p04_u66,p04,ce_s80,위원회는 회사이 데이터보호 전작과 정택 분법 감플활동을 기마다 보고받는다
p04_u66,p04,ce_s160,위원회는 회사이 데이터보호 전작과 정택 분법 감포 활동을 반기마다 보고받는다
p04_u66,p04,taps_s80,이원회는 세사이 데이터보호 전력과 정책 준법 감츠 활동을 기마다 보고받는다
p04_u66,p04,taps_s160,위원회는 세사이 데이터보호 전력과 정책 불법 감츠 활동을 기마다 보고받는다
p04_u66,p04,ce_visible,위원회는 세사이 데이터보 전작과 정색 분법 감포 활동을 기마다 보고받는다
p04_u66,p04,ce_invisible,위원회는 세사이 데이터보호 전력과 정책 준법 감지 활동을 기마다 보고받는다
p04_u67,p04,taps,개인정부 철인 민감도 높은 사안에 대해서 대표의사와 개인정보고 책임자에게 의견을 제시할 계획이다
p04_u67,p04,ce,고융정고 처인 민감도 높은 사안에 대해서 대표의사와 교영정 본고 책임자에게 불편을 제시할 계획이다
p04_u67,p04,ce_s40,고융정고 처리 민감도 높은 사안에 대해서 대표의사와 교인정보고 책임 자에게 불변을 제시할 계획이다
p04_u67,p04,ce_s80,교인정고 처인 민감도 높은 사안에 대해서 대표의사와 교영정본고 책임 자에게 불견을 제시할 계획이다
p04_u67,p04,ce_s160,교인정부 처인 민감도 높은 사안에 대해서 대표의사와 교영정 부고 책임자에게 불변을 제시할 계획이다
p04_u67,p04,taps_s80,개인정고 철리 민감도 높은 사안에 대해서 대표의사와 개인정후고 책임자에게 의견을 제시할 계획이다
p04_u67,p04,taps_s160,개인정부 철인 민감도 높은 사안에 대해서 대표의사와 개인정보고 책임자에게 의견을 제시할 계획이다
p04_u67,p04,ce_visible,고융정고 처인 민감도 높은 사안에 대해서 대표의사와 교영정 본고 책임자에게 불변을 제시할 계획이다
p04_u67,p04,ce_invisible,개인정부 철인 민감도 높은 사안에 대해서 대표의사와 개인정보고 책임자에게 의견을 제시할 계획이다
p04_u68,p04,taps,포스는 위원회 의견을 작극적으로 사용하고 관련 결과를 홈페 이에 공개할 예정이다
p04_u68,p04,ce,포스는 위원회 민견을 작극적으로 사용하고 관련 결과를 홈페 있에 관비할 예정이다
p04_u68,p04,ce_s40,포스는 위원회 인견을 작극적으로 사용하고 관련 결과를 홈페 입게 관개할 예정이다
p04_u68,p04,ce_s80,포스는 위원회 인견에 작극적으로 사용하고 관련 별과를 홈프 있에 관비할 예정이다
p04_u68,p04,ce_s160,포스는 위원회 인견을 작극적으로 설용하고 관련 별과를 홈수 입게 관계할 예정이다
p04_u68,p04,taps_s80,포스는 이원회 의견을 작극적으로 사용하고 관련 결과를 홈 페이에 공개할 예정이다
p04_u68,p04,taps_s160,포스는 위원회 의견을 작극적으로 사용하고 관련 결과를 옮페 이에 공개할 예정이다
p04_u68,p04,ce_visible,포스는 위원회 민견을 작극적으로 사용하고 관련 결과를 홈페 있에 관비할 예정이다
p04_u68,p04,ce_invisible,포스는 위원회 의견을 작극적으로 사용하고 관련 결과를 홍페 이에 공개할 예정이다
p04_u69,p04,taps,이번 자문기원에 을범은 데이터 이용 및 보부에 대한 투명성을 높이는 자발적 신뢰 강화 활동을 일이다
p04_u69,p04,ce,이번 자문위원회 술법은 데이터 이용및 보부에 대한 투명권언높이는 자발적 진뢰 강화 활동을 일뤄합니다
p04_u69,p04,ce_s40,이번 자문위원회 술법은 데이터 이용입 보호에 대한 투명서언높이는 자발적 진뢰 강화 활동을 일이다
p04_u69,p04,ce_s80,이번 자문위원회 수법은 데이터 이용및 보부에 대한 투명 서설 높이는 가발적 진뢰 강화 활동을 일뤄합니다
p04_u69,p04,ce_s160,이번 자문위원회 수법은 데이프 이용 및 보부에 대한 투명서널 높이는 자발적 진뢰 강화 활동을 일뤄합니다
p04_u69,p04,taps_s80,이번 자문기원했을 범은 데이터 이용 및 보부에 대한 투명성을 높이는 자발적 신뢰 강화 활동을 일란이다
p04_u69,p04,taps_s160,이번 자문기원했을 범은 데이터 이용 및 보부에 대한 투명성을 높이는 자발적 신뢰 강화 활동을 일란이다
p04_u69,p04,ce_visible,이번 자문위원회 술법은 데이터 이용 및 보부에 대한 투명권언높이는 자발적 진뢰 강화 활동을 일뤄합니다
p04_u69,p04,ce_invisible,이번 자문기원에 을범은 데이터 이용 및 보부에 대한 투명성을 높이는 자발적 신뢰 강화 활동을 일이다
p04_u70,p04,taps,포스 관계자는 예부이 시선을 통해 고객 데이터 보 체의 틀명성을 점검받고 대선에 다아갈 필요가 있다는 매부 공감대가 있었다고 설명했다
p04_u70,p04,ce,프로스 관계자는 외부이 지선을 통해 공역베이터보 세계 표명성을 점검받고 대선에 나아갈 필요가 있다는 내부 공감대가 있었다라고 설명했다
p04_u70,p04,ce_s40,로스 관계자는 외부이 기선을 통해 공역베이터보 세계의 표명성을 던검받고 대선에 나아갈 필요가 있다는 외부 공감대가 있었다고 설명했다
p04_u70,p04,ce_s80,포스 관계자는 외부이 지선을 통해 공역베이터보 체계의 표명금을 전검받고 대선에 나아갈 필요가 있다는 내부 공감대가 있었다라고 설명했다
p04_u70,p04,ce_s160,르스 관계자는 외부이 비선을 통해 공역베이터 보 세계 표명성을 점검받고 대선에 나아갈 필요가 있다는 내부 공감대가 있었다라고 설명했다
p04_u70,p04,taps_s80,포스 관계자는 예부이 시선을 통해 고객 데이터보 체의 입 표명성을 전검받고 대선에 다갈 필요가 있다는 매부 공감대가 있었다고 설명했다
p04_u70,p04,taps_s160,포스 관계자는 예부이 시선을 통해 고객 데이터보 체의 틀명성을 전검받고 대선에 나아갈 필요가 있다는 매부 공감대가 있었다고 설명했다
p04_u70,p04,ce_visible,프로스 관계자는 외부이 지선을 통해 공역베이터보 세계 표명성을 점검받고 대선에 나아갈 필요가 있다는 내부 공감대가 있었다라고 설명했다
p04_u70,p04,ce_invisible,포스 관계자는 예부이 시선을 통해 고객 데이터 보 체의 틀명성을 점검받고 대선에 다아갈 필요가 있다는 매부 공감대가 있었다고 설명했다
p04_u71,p04,taps,자문위원회는 권 관영 고려대 정부호 대학원 교수를 위원장으로 김승 구 고려대 장부보호 대학원 교수 김찰중 법무범인 광강 고분을 위원으로 위촉해 출범했다
p04_u71,p04,ce,양문위원회는 우 환영 고려대 정부보호 대학원 교수를 위원장으로 김승구 고류대 정북보부 대학원 교수 김찰중 법부법인 광광한 고분을 위원으로 위촉해 풀검했다
p04_u71,p04,ce_s40,양문위원회는 권 환영 고려대 정부보호 대학한 교수를위원장으로 김승구 고려대 정북보부대학원 교수 김찰중 법부법인 광광 부분 위원으로 위촉해 불범했다
p04_u71,p04,ce_s80,양문위원회는 건 관영 고려대 정부보호 대학원 교수를위원장으로 김승구 고려대 정본우 대학원 교수 김찰등 법부법인 광광 고분을 위원으로 위촉해 풀범했다
p04_u71,p04,ce_s160,강문위원회는 건 환영 고려대 정부보호 대학원 교수를위원장으로 김승구 고려대 정부보호 대학원 교수 김찰중 법부범인 광광한 고분을 위원으로 위촉해 풀검했다
p04_u71,p04,taps_s80,자문기원에는 권 관영 고려대 정부보 대학원 교수를위원장으로 김승 구 고려대 장보보호 대학원 교수 김찰중 법무범인 광강 고분을 위원으로 위촉해 출범했다
p04_u71,p04,taps_s160,자문기원에는 권 관영 고려대 정보보호 대학원 교수를위원장으로 김승 구 고려대 정보 대학원 교수 김찰중 법무범인 강강 고분을 위원으로 위촉해 출범했다
p04_u71,p04,ce_visible,양문위원회는 우 환영 고려대 정부보호 대학원 교수를 위원장으로 김승구 고류대 정북보부 대학원 교수 김찰중 법부법인 광광한 고분을 위원으로 위촉해 풀검했다
p04_u71,p04,ce_invisible,자문위원회는 권 관영 고려대 정부호 대학원 교수를 위원장으로 김승 구 고려대 장부보호 대학원 교수 김찰중 법무범인 광강 고분을 위원으로 위촉해 출범했다
p04_u72,p04,taps,권관여 교수는 현재 한국 정보기술서비스해 세장과 한국 정부 보호 학페 개인정보 보호 연구 회장을 맡은 정보 보분야 전문가다
p04_u72,p04,ce,권환영 교수는 현재 한국 정보 기술서비상크의 서장과 한정보 보소에 교융정보 보소 연구 회장을 맡큼 경보 보분야 전문가다
p04_u72,p04,ce_s40,권환여 교수는 현재 한국 정부 기술서비스학페의 고장과 한정보 보소핵 교인정보 보소 연구 회장을 맞큼 경법 보이야 전문가다
p04_u72,p04,ce_s80,권환여 교수는 현재 한국 정부 기술서비스상페의 고장과 한정보 보소박택 요인정보 보소 연구 회장을 맞큼 정법 보후분야 전문가다
p04_u72,p04,ce_s160,권환영 교수는 현재 한국 정보 기술서비상페 고장과 한정부 보소에 인정보 보소 연구 회장을 맞큼 정보 보분야 전문가다
p04_u72,p04,taps_s80,권관여 교수는 현재 한국 정보기술서비스해 세장과 한국 정부 보호 학페 개인정보 보후 연구 회장을 맡은 정보 보분야 전문가다
p04_u72,p04,taps_s160,권관영 교수는 현재 한국 정보기술서비상해 세장과 한국 정부 보고 학페 개인정국 보후 연구 회장을 맡은 정보 보분야 전문가다
p04_u72,p04,ce_visible,권환영 교수는 현재 한국 정보 기술서비상페의 서장과 한정보 보소 테 교융정보 보소 연구 회장을 맡큼 경보 보부분야 전문가다
p04_u72,p04,ce_invisible,권관여 교수는 현재 한국 정보기술서비스해 세장과 한국 정부 보호 학페 개인정보 보호 연구 회장을 맡은 정보 보분야 전문가다
p04_u73,p04,taps,김승북 교수도 안무학과 사이버 무안 분야 전문가로 대통령 직속 사 차 산업 혁년 비원의 위원으로 활동한 바 있다
p04_u73,p04,ce,김승수 교속 안무학과 딸법 안분야 전문가로 대통령 교속 차 산업혁명 위원의 위원으로 활동한 바다
p04_u73,p04,ce_s40,김승수 교수속 안모학과 딸법 안분야 전문가로 대통령 교속 차 산업 혁명 위원의 위현으로 활동한 바 있다
p04_u73,p04,ce_s80,김승수 교속 안무학과 딸법 무안분야 전문가로 대통령 교속 사차 산업 혁명 위원의 위현으로 활동한 바 있다
p04_u73,p04,ce_s160,김승수 교속 안모학과 딸법 위안 분야 전문가로 대통령 교속 아차 산업혁명 위원의 위현으로 활동한 바 있다
p04_u73,p04,taps_s80,김승북 교수도 안무 학과 사이더 무안 분야 전문가로 대통령 직속 사 차 살업 혁년기원의 위원으로 활동한 바 있다
p04_u73,p04,taps_s160,김승북 교수도 아무 학과 사이더 무안분야 전문가로 대통령 직속 사 차 살업 상년 위원의 비원으로 활동안 바 있다
p04_u73,p04,ce_visible,김승수 교속 안무학과 딸법 안분야 전문가로 대통령 교속 차 산업혁명 위원의 위원으로 활동한 바다
p04_u73,p04,ce_invisible,김승북 교수도 안무학과 사이버 무안 분야 전문가로 대통령 직속 사 차 산업 혁년 비원의 위원으로 활동한 바 있다
p04_u74,p04,taps,김찰중 고문는 십 칠 년간 금융당국에서 금융권의 아이기 본문 검사를 진행했고 이후 금명에사 정보보 최고 책임자력임했다
p04_u74,p04,ce,경찰등 고무는 십 칠 년간 금요당국에서 금융권의 아이키 본 검사를 진행했고 이후 금융외사 정보 보 최고 책임자력임 했다
p04_u74,p04,ce_s40,검찰등 고문는 십 칠 년간 금융당국에서 금융권의 아이키 본 검사를 진행했고 이후 금융외사 정보 보호 최고 책임자력기했다
p04_u74,p04,ce_s80,경찰던 고무는 십 칠 년간 금융당국에서 금융권의 아이트 본 검사를 진행했고 이후 금융외파 정보 보 최고 책임자력기했다
p04_u74,p04,ce_s160,임찰균 고문는 십 칠 년간 금융당국에서 금융권의 아이피 본은 검사를 인행했고 이후 금융외사 정보 보 최고 책임자력임했다
p04_u74,p04,taps_s80,김찰중 고문는 십 칠 년간 금융당국에서 금융권의 아이기 본 검사를 진행했고 이후 금명에사 정보보 최고 책임자력임했다
p04_u74,p04,taps_s160,김찰쯤 고문는 십 칠 년간 금요당국에서 금융권의 아이키 본 검사를 진행했고 이후 금명에사 정보 보 최고 책임전력임했다
p04_u74,p04,ce_visible,김찰등 고무는 십 칠 년간 금요당국에서 금융권의 아이키 본은 검사를 진행했고 이후 금융외사 정보 보 최고 책임자력임 했다
p04_u74,p04,ce_invisible,김찰중 고문는 십 칠 년간 금융당국에서 금융권의 아이기 본문 검사를 진행했고 이후 금명에사 정보보 최고 책임자력임했다
p04_u75,p04,taps,공도시가 성남 최초로 가영한 모바일 지역 탈량 항품권 등급 회이가 부적 발행이천 오백 칠십 억 원을 돌파했다고 시 위를 밝혔다
p04_u75,p04,ce,공교수가 성남 대초로 반행한 모바일지격 사량 상품권 공수 파가 부적 발행 이천 오백 칠십 억원을 돌파했다고 십 위를 밝혔다
p04_u75,p04,ce_s40,광조수가 성남 최초로 반행한 모바일 지격 사량 상품권 공수 불과 부적 발행 이천 오백 칠십 억원을 돌파했다고 십 이일 밝혔다
p04_u75,p04,ce_s80,광교수가 성남 최초로 반행한 모바일 지역 사량 상품권 공수 발과 부적 발행 이천 오백 칠십 억원을 돌파했다고 십위를 밝혔다
p04_u75,p04,ce_s160,광교수가 성남 최초로 반행한 모바육지격 사량 상품권 공급 발가 부적 발행 오천 오백 칠수 법원을 돌파했다고 십위를 밝혔다
p04_u75,p04,taps_s80,공도시가 성남 최초로 가영한 모바일 지역 탈량 상품권 경급 회이가 부적 발행이천 오려 칠십 억 원을 돌파했다고 시 위를 밝혔다
p04_u75,p04,taps_s160,공소시가 성남 최초로 가영한 모바일 지역 다량 상품권 경수 회이가 부적 발행이천 오백 칠십 억 원을 돌파했다고 이 위를 밝혔다
p04_u75,p04,ce_visible,공조수가 성남 대초로 반행한 모바일 지격 사량 상품권 공수 파가 부적 발행 이천 오백 칠십 억원을 돌파했다고 십 위를 밝혔다
p04_u75,p04,ce_invisible,공도시가 성남 최초로 가영한 모바일 지역 탈량 항품권 등급 회이가 부적 발행이천 오백 칠십 억 원을 돌파했다고 시 위를 밝혔다
p04_u76,p04,taps,이천 십 구 년 팔 월 출시 이후 일년 팔겨월 만인 오 월 십 일 구조 발행앱 이천 오백 칠십 억원을 발성했다
p04_u76,p04,ce,이천 십 구 년 팔 월 칠십 이후 작년 팔견 만인 오 월 십 이 무역 발량액 이천 오백 칠십 억원을 발성했다
p04_u76,p04,ce_s40,이천 십 구 년 팔 월 출십 이후 작년 팔견 만인 오 월 십 이 무역 발량액 이천 오백 칠십 억원을 발성했다
p04_u76,p04,ce_s80,이천 십 구 년 팔 월 칠십 이후 작면 팔견 만인 오 월 십 이 무역 발행의 이천 오백 칠십 억원을 발성했다
p04_u76,p04,ce_s160,이천 십 구 년 팔 월 출시 이후 작면 팔견 만인 오 월 십 일 무역 발량액 이천 오백 칠십 억원을 발성했다
p04_u76,p04,taps_s80,이천 십 구 년 팔 월 출시 후 이년 팔계월 만인 오 월 십 일 구조 발행앱 이천 오백 칠십 억원을 달성했다
p04_u76,p04,taps_s160,이천 십 구 년 팔 월 출시 이후 이년 팔겨 만인 오 월 십 일 부조 발행앱 이천 오백 칠십 억원을 달선했다
p04_u76,p04,ce_visible,이천 십 구 년 팔 월 칠십 이후 작년 팔견 만인 오 월 십 이 무역 발량액 이천 오백 칠십 억원을 발성했다
p04_u76,p04,ce_invisible,이천 십 구 년 팔 월 출시 이후 일년 팔겨월 만인 오 월 십 일 부조 발행앱 이천 오백 칠십 억원을 발성했다
p04_u77,p04,taps,우는 지난해 구 월 천 오백 억원 달성에 이어 불과 팔 년 만에 천 억원이당 가행된 왔다
p04_u77,p04,ce,그는 지난해 구 월 천 오백 거원한 발성을 이어 불과 팔 결 만에 천 억원 이상 발영된 았다
p04_u77,p04,ce_s40,그는 지난해 구 월 천 오백 거원 탈성을 이어 불과 팔 결 만에 천 억원 이상 발영된 것다
p04_u77,p04,ce_s80,이는 지난해 구 월 천 오백 억원 탈성을 이어 불과 팔결 만에 천 억원 이상 발행된 것다
p04_u77,p04,ce_s160,이는 지난해 구 월 천 오백 억원 발성 이어 불과 팔결 만에 천 억원 이상 발행된 았다
p04_u77,p04,taps_s80,우는 지난해 구 월 천 오백 억원 달성에 이어 불과 팔 려 만에 천 억 원이당 아행 된 것다
p04_u77,p04,taps_s160,우는 지난해 구 월 천 오백 억원 달성에 이어 불과 팔 년 만에 천 억원이당 가행 된 왔다
p04_u77,p04,ce_visible,그는 지난해 구 월 천 오백 거원한 발성을 이어 불과 팔결 만에 천 억원이상 발영된 같다
p04_u77,p04,ce_invisible,우는 지난해 구 월 천 오백 억원 달성에 이어 불과 팔 년 만에 천 억원이당 가행된 왔다
p04_u78,p04,taps,다입자도 올해 들어 매일 백 여 명씩 증가하면서 송가입 자세는 십 만 구천량을 무돌고 있다
p04_u78,p04,ce,가입자도 올해 들어 매일 백 여명서 분가하면서 송가입 자세는 십만 구천 명을 못들고 있다
p04_u78,p04,ce_s40,가입자도 올해 들어 매일 백 여명서 증가하면서 송가입 자에는 십만 구천 명을 못돌고 있다
p04_u78,p04,ce_s80,가입자도 올해 들어 매일 백 여명서 증가하면서 송가입 자에는 십만 구천 명을 못돌고 있다
p04_u78,p04,ce_s160,가입자도 올해 들어 매일 백 여명서 증가하면서 송가입 자는 십 만 구천 명을 못돌고 있다
p04_u78,p04,taps_s80,다입자도 올해 들어 매일 백 여 명씩 증가하면서 총가입 자세는 십 만 구천량을 무돌고 있다
p04_u78,p04,taps_s160,다입자도 올해 들어 매일 백 여 명씩 증가하면서 총가입 자세는 십 만 구천량을 무돌고 있다
p04_u78,p04,ce_visible,가입자도 올해 들어 매일 백 여명서 분가하면서 송가입 자세는 십만 구천 명을 못돌고 있다
p04_u78,p04,ce_invisible,다입자도 올해 들어 매일 백 여 명씩 증가하면서 송가입 자세는 십 만 구천량을 무돌고 있다
p04_u79,p04,taps,부상공인 자영업자도 꾸은히 가행점에 농속하면서 사천 사를 개를 넘어으며 꾸은한 순가세를 보이고 있다
p04_u79,p04,ce,보상공인 자영업다도 꾸은히 가맹점을 응복하면서 다천 사백 개를 넘어서며 끊은한 분가사를 보이고 있다
p04_u79,p04,ce_s40,보상공인 자영업자도 꾸은 가맹감을 응록하면서 다천 사백 개를 넘어서며 무은한 순가사를 보이고 있다
p04_u79,p04,ce_s80,보상공인 자영업자로 꾸은에 가맹점을 응록하면서 다천 사백 개를 넘어서며 무은한 순가세를 보이고 있다
p04_u79,p04,ce_s160,보상공인 자영업자도 꾸은이 가맹감을 응록하면서 사천 사백 개를 넘어서며 꾸은한 분가세를 보이고 있다
p04_u79,p04,taps_s80,부상공인 자영업자도 꾸증이 가행점에 정덕하면서 사천 사들 개를 넘어서며 꾸은한 순가체를 보이고 있다
p04_u79,p04,taps_s160,부상공인 자영업자도 꾸준이 가행점에 농속하면서 사천 사들 개를 넘어으며 고은한 순가세를 보이고 있다
p04_u79,p04,ce_visible,보상공인 자영업다도 꾸은 가맹점인 응복하면서 다천 사백 개를 넘어서며 끊은한 분가사를 보이고 있다
p04_u79,p04,ce_invisible,부상공인 자영업자도 꾸은히 가행점에 농속하면서 사천 사를 개를 넘어으며 꾸은한 순가세를 보이고 있다
p04_u80,p04,taps,최근에는 택제업계 가맹점 등록이 증가하면서 문수동사자 및 이용자들을 큰 호을 얻고 있다
p04_u80,p04,ce,최근에는 특폐배 가맹점 등록이 순가 하면서 문소송파자 및 인용자들을 큰 호인을 얻고 있다
p04_u80,p04,ce_s40,최근에는 특폐배 감맹점 등록이 둔가하면서 문소송자 및 인용자들을 큰 호인을 얻고 있다
p04_u80,p04,ce_s80,최근에는 특폐배 가염점 등록이 둔가하면서 문소송파자 및 인용자들을 큰 호인을 얻고 있다
p04_u80,p04,ce_s160,최근하는 특폐배 가양점 등록이 증가하면서 문소송파자 및 이용자들을 큰 호임을 얻고 있다
p04_u80,p04,taps_s80,최근에는 택지업계 가행점 등록이 증가하면서 문수동사자 및 이용자들이 큰 호움을 얻고 있다
p04_u80,p04,taps_s160,최근에는 택제업계 가행점 등록이 증가하면서 원수동사장 및 이용자들 큰 호을 얻고 있다
p04_u80,p04,ce_visible,최근에는 특폐업배 가맹점 등록이 순가 하면서 문소송파자 및 인용자들을 큰 호인을 얻고 있다
p04_u80,p04,ce_invisible,최근에는 택제업계 가맹점 등록이 증가하면서 문수동사자 및 이용자들을 큰 호을 얻고 있다
p04_u81,p04,taps,특히 공급페의 회자률이 구십 팔 프로에 달하면서 지역경제 삼선환을 이끌고 있다
p04_u81,p04,ce,특히 본쇼폰인 회단률이 구십 팔 프론에 달하면서 유력경색 선순하는 이끌고 있다
p04_u81,p04,ce_s40,특히 방쇼포인 회단률인 구십 팔 프로에 달하면서 지역경색 선순한을 이끌리고 있다
p04_u81,p04,ce_s80,특히 방쇼포인 회단률이 구십 팔 프로에 바하면서 지력경색 선순하을 끌리고 있다
p04_u81,p04,ce_s160,특히 방교폰인 회단률이 구십 팔 프로에 달하면서 지역경제 선순하한을 끌리고 있다
p04_u81,p04,taps_s80,특히 공급이 회장률이 구십 팔 프로에 달하면서 지역경제 참소년을 이끌고 있다
p04_u81,p04,taps_s160,특히 공급이 회장률이 구십 팔 프로에 달하면서 지역경제 참선년을 이끌고 있다
p04_u81,p04,ce_visible,특히 본쇼폰인 회단률이 구십 팔 프론에 달하면서 지역경색 선순하는 이끌고 있다
p04_u81,p04,ce_invisible,특히 공급페의 회자률이 구십 팔 프로에 달하면서 지역경제 삼선환을 이끌고 있다
p04_u82,p04,taps,이와 함께 공주페이 와련도 모바일 앱으로 손쉽게 대달 주문을 할 수 있는 공공 배달의 서비스도 빠르게 전각하고 있는 것으로 나타났다
p04_u82,p04,ce,이와 함께 공습 파유안 연동 모바일 앱으로 선득표 대달 주모 할 수 있는 공공 배달의가입도 빠르 겠성을 각하고 있는 것으로 나타났다
p04_u82,p04,ce_s40,이와 함께 공습 파유안 연동 모바일 앱으로 선득표 배달 규모 할 수있는 공공 다의이입도 빠르 겠성을 각하고 있는 것으로 나타났다
p04_u82,p04,ce_s80,이와 함께 공급 파유안 연동 모바일 앱으로 손득표 배달 규모 할 수있는 공공 배다의로이도 빠르게성을 각하고 있는 것으로 나타났다
p04_u82,p04,ce_s160,이와 함께 공습 파유와 연동 모바일 앱으로 손득표 배달 규문 할 수 있는 공공 배달의을입도 빠르게정을 각하고 있는 것으로 나타났다
p04_u82,p04,taps_s80,이와 함께 공주페이 와련도 모바일 앱으로 손쉽게 대달 주모을 할 수 있는 공공 배달의 서비스도 빠르게 전각하고 있는 것으로 나타났다
p04_u82,p04,taps_s160,이와 함께 공주페이 와련도 모바일 앱으로 손쉽게 대달 주문을 할 수 있는 공공 배달의 서비스도 빠르게 전각하고 있는 것으로 나타났다
p04_u82,p04,ce_visible,이와 함께 공습 파유안 연동 모바일 앱으로 선색켜 대달 주모 할 수 있는 공공 배달의가수도 빠르 겠성을 각하고 있는 것으로 나타났다
p04_u82,p04,ce_invisible,이와 함께 공주페이 와련도 모바일 앱으로 손쉽게 대달 주문을 할 수 있는 공공 배달의 서비스도 빠르게 전각하고 있는 것으로 나타났다
p04_u83,p04,taps,지난해 구 월 정식운영에 들어간 후 시행 팔리에 많인 지난 오 월 십 일 현재 이백 사십 대 업체가 가맹적으로 통록했으며 무조 거래도 십 억원을 돌파했다
p04_u83,p04,ce,지난해 구 월 정식 운영에 들어간는 시 팔 년 만인 지난 오 월 십 일 육 현색 이백 사십계 업체가 가맹적으로 통록였으며 무역 거래도 쓸법원을 돌파했다
p04_u83,p04,ce_s40,지난해 구 월 정식 운영에 들어간  학시 팔 년 만인 지난 오 월 십 일 현재 이백 사십대 업체가 가염적으로 통록였으며 무역 거래도 쓸법원을 돌파했다
p04_u83,p04,ce_s80,지난해 구 월 정식 운영에 들어간 시 팔견 많인 지난 오 월 십 일 현재 이백 사십대 업체가 가염적으로 통록였으며 무역 거래도 쓸입법원을 돌파했다
p04_u83,p04,ce_s160,지난해 구 월 정식운영에 들어간 기 팔결 많인 지난 오 월 십 일 현재 이백 사십계 업체가 가맹적으로 통록였으며 무역 거래도 입법원을 돌파했다
p04_u83,p04,taps_s80,지난해 구 월 정식운영에 들어간 후 시행 팔리에 많인 지난 오 월 십 일 현세 이백 사십 대 업체가 가맹적으로 통록았으며 부적 거래도 십 억원을 돌파했다
p04_u83,p04,taps_s160,지난해 구 월 정식운영에 들어간 후 시행 팔리에 많인 지난 오 월 십 일 현재 이백 사십대 업체가 가행적으로 통록았으며 무조 거래 도 십 억원을 돌파했다
p04_u83,p04,ce_visible,지난해 구 월 정식 운영에 들어간는 기 팔 년 만인 지난 오 월 십 일 육 현재 이백 사십계 업체가 가맹적으로 통록였으며 무역 거래도 쓸법원을 돌파했다
p04_u83,p04,ce_invisible,지난해 구 월 정식운영에 들어간 후 시행 팔리에 많인 지난 오 월 십 일 현재 이백 사십 대 업체가 가맹적으로 통록했으며 무조 거래도 십 억원을 돌파했다
p04_u84,p04,taps,공주 배이베달의 의화장 큰 이점쩜은 일 쩜 칠 퍼센트라는 다름한 중기 수준로로 소상공인들에게 평균 팔 퍼센트 이상의 수수료로 부담을 떨어지고 있다
p04_u84,p04,ce,공스페이베달의매가장 큰 이쩜은 일 쩜 칠 퍼센트라는 여름한 공격 수수도로 소상국인들에게 판균 팔 퍼센트 이상의 수수료로 부담에 떨어지고 있다
p04_u84,p04,ce_s40,공스페이대달의매화장 큰 이 쩜은 일 쩜 칠 퍼센트라는 여렴한 공계 수수료로 소상국인들에게 판균 팔 퍼센트 이상의 수수료 부담에 떨어지고 있다
p04_u84,p04,ce_s80,공스페이대달의 매화장 큰 이 쩜은 일 쩜 칠 퍼센트라는 여름한 공격 수수료로 소상국민들에게 방균 팔 퍼센트 이상의 수수료 부담에 떨어지고 있다
p04_u84,p04,ce_s160,공스페이대달의 매화장 큰 이 쩜은 일 쩜 칠 퍼센트라는 여름한 공계수준료로 소상공인들에게 평균 팔 퍼센트 이상의 수수료 부담에 떨어지고 있다
p04_u84,p04,taps_s80,공주 배이베달의 의가장 큰 이 쩜은 일 쩜 칠 퍼센트라는 다름한 중기 수준로로 소상공인들에게 평균 팔 퍼센트 이상의 수수로 부담을 떨어지고 있다
p04_u84,p04,taps_s160,공주 배이베달의 가장 큰 이쩜은 일 쩜 칠 퍼센트라는 다름한 중기수준도로 소상공인들에게 평균 팔 퍼센트 이상의 수수로 부담을 떨어지고 있다
p04_u84,p04,ce_visible,공스페이베달의매가장 큰 이쩜은 일 쩜 칠 퍼센트라는 여름한 공개 수수도로 소상국인들에게 판균 팔 퍼센트 이상의 수수료로 부담에 떨어지고 있다
p04_u84,p04,ce_invisible,공주 배이베달의 의화장 큰 이점쩜은 일 쩜 칠 퍼센트라는 다름한 중기 수준로로 소상공인들에게 평균 팔 퍼센트 이상의 수수료로 부담을 떨어지고 있다
p04_u85,p04,taps,여기에 십 퍼센트 할인 혜택을 받을 수 있는 공급폐이로 설제가 이뤄지도 보니 주원의 사정이 좋치하는 학생동 소비자들에게 사랑을 갖고 있다
p04_u85,p04,ce,여기에 입 퍼센트 할인 혜택을 받을 수 있는 공급페의로 설세가 이뤄지 답보니 부원에 사정이 교다하는 학정 등 소비자들에게 사랑을 받고 있다
p04_u85,p04,ce_s40,여기에 입 퍼센트 할인 혜택을 받을 수 있는 공급페이로 설세가 이뤄지답보니 부원의 사정 교다는 학생 등 로비자들에게 사랑을 받고 있다
p04_u85,p04,ce_s80,여기에 입 퍼센트 할인 혜택을 받을 수있는 공급페이로 설세가 이뤄지 다보니 부원에 가정 교다는 학생 등 로비자들에게 사랑을 받고 있다
p04_u85,p04,ce_s160,여기에 입 퍼센트 할인 혜택을 받을 수 있는 공급페이로 설세가 이뤄지 나보니 부원에 사정 교다는 학정 등 로비자들에게 사랑을 갖고 있다
p04_u85,p04,taps_s80,여기에 십 퍼센트 할인 혜택을 받을 수 있는 공급 폐이로 설제가 이뤄지나보니 주원의 사정이 좋치하는 학신동 소비자들에게 사랑을 갖고 있다
p04_u85,p04,taps_s160,여기에 십 퍼센트 할인 혜택을 받을 수 있는 공급폐이로 설제가 이뤄지도 보니 주원의 사정이 좋치하는 학신동 소비자들에게 사랑을 갖고 있다
p04_u85,p04,ce_visible,여기에 클 퍼센트 할인 혜택을 받을 수 있는 공급페의로 설세가 이뤄지 다보니 부원에 사정이 교다하는 학정 등 소비자들에게 사랑을 받고 있다
p04_u85,p04,ce_invisible,여기에 십 퍼센트 할인 혜택을 받을 수 있는 공급폐이로 설제가 이뤄지도 보니 주원의 사정이 좋치하는 학생동 소비자들에게 사랑을 갖고 있다
p04_u86,p04,taps,그는 오 월 가정에 달을 맞지하여 친구 초대하기 등 다양한 배달의 비벤트를 진행하며 오천원 할인 구건도 지급한다
p04_u86,p04,ce,그는 오 월 가정에 달을 맞지 하여 신구 초대학교 등 다양한 재단의 리벤트를 진행하며 오천한 할인 구건도 주력 한다
p04_u86,p04,ce_s40,그는 오 월 가정에 달을 마지하여 친구 초대하게 등 다양한 발단의 리벤트를 진행하며 오천원 할인 구건도 주급한다
p04_u86,p04,ce_s80,이는 오 월 가정을 달을 마지하여 친구 초대하게 등 다양한 반단의 리벤트를 진행하며 오천원 할인 구건도 주급한다
p04_u86,p04,ce_s160,그는 오 월 가정을 달을 마지하여 친국 초대학기 등 다양한 재단의 입벤트를 진행하며 오천원 할인 구건도 한다
p04_u86,p04,taps_s80,그는 오 월 가정에 달을 맞지하여 친구 초대하기 등 다양한 배달레 비랜트를 진행하며 오천원 할인 곳건도 지급한다
p04_u86,p04,taps_s160,그는 오 월 가정에 달을 마지하여 친구 초대하기 등 다양한 배달레 비벤트를 진행하며 오천원 할인 구건도 지급한다
p04_u86,p04,ce_visible,그는 오 월 가정에 달을 맞지 하여 신구 초대학교 등 다양한 재단의 리벤트를 진행하며 오천한 할인 구건도 주력 한다
p04_u86,p04,ce_invisible,그는 오 월 가정에 달을 맞지하여 친구 초대하기 등 다양한 배달의 비벤트를 진행하며 오천원 할인 구건도 지급한다
p04_u87,p04,taps,이상률 경제과장은 공습패 의해 기부 서비 플랫품을 준비 중으로 상후취약계층 지원과 기부영 확산으로 지역사회 고론하겠다고 밝혔다
p04_u87,p04,ce,이상핵률경제과장은 공주 폐의 기부 서비 트플랫폼을 준비 등으로 항후 취약 계층 지원과 기부농단 확산으로 지력사회 고원하겠다고 밝혔다
p04_u87,p04,ce_s40,이상핵률경제과장은 공수 폐리해 비부 서비 두플랫폼을 준비 중으로 한후 취약계층 지원과 기부영나 확단으로 트역사회 고론하겠다고 말혔다
p04_u87,p04,ce_s80,이상홍률경제과장은 공수 판위해 비부 서입 두플랫폼을 준비 중으로 한후 취학약계층 지원과 기부능 너 확단으로 지역하회 고원하겠다고 밝혔다
p04_u87,p04,ce_s160,이상원률경제과장은 공급 폐의에 비부 서입 트플레폼을 준비 중으로 항후 투약 계층 지원과 기부점너 확단으로 지역 삼에 고원하겠다고 말혔다
p04_u87,p04,taps_s80,이상률 경제과장은 공습폐 의해 기부 서비  플레품을 준비중으로 상후 취약계층 지원과 기부영 확산으로 지역사회 고론하겠다고 밝혔다
p04_u87,p04,taps_s160,이상률 경제가장은 공습폐 의해 기부 서비 제 플랫품을 준비중으로 상후취약계층 지원과 기부문영 학산으로 지역사회에 고원하겠다고 밝혔다
p04_u87,p04,ce_visible,이상핵률경제과장은 공급 변의 기부 서비 트플랫폼을 준비 등으로 항후 취약 계층 지원과 기부농단 확산으로 취역사회 고원하겠다고 밝혔다
p04_u87,p04,ce_invisible,이상률 경제과장은 공습회 의해 기부 서비 플랫품을 준비 중으로 상후취약계층 지원과 기부영 확산으로 지역사회 고론하겠다고 밝혔다
p04_u88,p04,taps,한편 지는 토론나일구와 육가인상동 소상공인 및 자영업자 어려움이 지속되고 있는 상황을 감안해 올해에도 공급 페이십 퍼센트 할인 정책을 유지하고 있다
p04_u88,p04,ce,한편 수는 코로나유구와 물가 인상 등 소상공인 및 자영업자 어려움이 수록되고 있는 상황을 감안해 에여도 공급 베이십 퍼센트 할인 정책을 유지하고 있다
p04_u88,p04,ce_s40,한편 수는 코로나유구와 물가 융상 등 소상공인 및 사영업자 어려움이 수록 되고 있는 상황을 감안해 에여도 공급 페이십 퍼센트 할인 정책을 유지하고 있다
p04_u88,p04,ce_s80,한편 수는 코로나 일구와 물가 융상 등 소상공인 및 사영업자 어려움이 수록 되고 있는 상황을 감안해 뢰여도 공급 베이스 퍼센트 할인 정책을 유지하고 있다
p04_u88,p04,ce_s160,한편 수는 코로나일구와 물가 융상 등 소상적인 및 사영업자 어려움이 수록 배고 있는 상황을 감안해 꿀뢰에도 공급 페이십 퍼센트 할인 정착을 유지하고 있다
p04_u88,p04,taps_s80,한편 지는 코론나일구와 육가인상등 소상공인 기 자영업자 어려움이 지속되고 있는 상황을 감안해 올해에도 공급 베이십 퍼센트 할인 정착을 유지하고 있다
p04_u88,p04,taps_s160,한편 지는 코론나일부와 육가인상등 소상공인 및 자영업자 어려움이 지속되고 있는 상황을 감안해 올해에도 공급 페이십 퍼센트 할인 정책을 유지하고 있다
p04_u88,p04,ce_visible,한편 수는 코로나유구와 물가 인상 등 소상공인 및 자영업자 어려움이 수록되고 있는 상황을 감안해 에여도 공급 베이십 퍼센트 할인 정책을 유지하고 있다
p04_u88,p04,ce_invisible,한편 지는 토론나일구와 육가인상동 소상공인 및 자영업자 어려움이 지속되고 있는 상황을 감안해 올해에도 공급 페이십 퍼센트 할인 정책을 유지하고 있다
p04_u89,p04,taps,이십 이 일 서울시는 전날제 십 사 차 보시계획 의원을를 개최하고 터초구 반폭교유수진의 책시설 설치에 대해 수정 가을 했다고 밝혔다
p04_u89,p04,ce,이십 이 육 서울시는 전날체  아차 오시 계육 위원회를 결퇴하고 서초구 반폭교수진의 최육시사 설치에 대해 수성 가계 했다고 밝혔다
p04_u89,p04,ce_s40,이십 이육 서울시는 전날 대  아차 오시 계육위원회를 결퇴하고 서초구 반포유수진의 최육시사 설체에 대해 수성 가열 했다고 밝혔다
p04_u89,p04,ce_s80,이십 이육 서울시는 전날대  아차 오시 계 위원회를 결퇴하고 서초구 반폭유수진의 최육시사 설치에 대해 수성 계 했다고 밝혔다
p04_u89,p04,ce_s160,이십 이 육 서울시는 전날트  아차 오시 계 위원회를 결퇴하고 서초구 반폭유수진의 체육지사 설치에 대해 수성 반계 했다고 밝혔다
p04_u89,p04,taps_s80,이십 이 일 서울시는 전날제 십 사 차 보시계 의원회를 개최하고 터초구 반폭유수진의 책지설 설치에 대해 수정 가계 했다고 밝혔다
p04_u89,p04,taps_s160,이십 이 일 서울시는 전날제 십 사 차 보시계 의원을를 개최하고 터초구 반폭유수진의 책지설 설치에 대해 수정 가을 했다고 밝혔다
p04_u89,p04,ce_visible,이십 이 육 서울시는 전날 대  사 차 모시계육위원회를 결퇴하고 서초구 반폭교수진의 최육지사 설치에 대해 수성 가계 했다고 밝혔다
p04_u89,p04,ce_invisible,이십 이 일 서울시는 전날제 십 사 차 보시계획 의원을를 개최하고 터초구 반폭교유수진의 책시설 설치에 대해 수정 가을 했다고 밝혔다
p04_u90,p04,taps,천 구백 육십 팔 년 체초 결정된 단포 교수지은 뉴수시설과 함께 이천 오 년부터 반 포등나 본동장으로 이용돼어 왔다
p04_u90,p04,ce,천 구백 육십 팔 년 채총 결정된 반포 교수진은 뉴스시사과 함께 이천 오 년부터 반 보등나 금동장을로 임동되어 왔다
p04_u90,p04,ce_s40,천 구백 육십 팔 년 채총 결정된 반포 교수지는 뉴스시설과 함께 이천 오 년부터 반 보드나 본동자으로 임영돼 어 왔다
p04_u90,p04,ce_s80,천 구백 육십 팔 년 최초 결정된 반포 교수진는 뉴스시설과 함께 이천 오 년부터 반 포등나 금동장으 임원되어 왔다
p04_u90,p04,ce_s160,천 구백 육십 팔 년 최초 결정된 반포 교수진는 뉴스시설과 함께 이천 오 년부터 반 포등나 본동장을로 인영되어 왔다
p04_u90,p04,taps_s80,천 구백 육십 팔 년 체초 결정된 단포 교수지은 뉴수시설과 함께 이천 오 년부터 반 보드나 운동장으로 이용돼어 왔다
p04_u90,p04,taps_s160,천 구백 육십 팔 년 체초 결정된 단포 교수지은 뉴수시설과 함께 이천 오 년부터 반 포등나 운동장으로 이용돼어 왔다
p04_u90,p04,ce_visible,천 구백 육십 팔 년 채총 결정된 반포 교수진은 뉴스시사과 함께 이천 오 년부터 반 보등나 금동장을로 임동되어 왔다
p04_u90,p04,ce_invisible,천 구백 육십 팔 년 체초 결정된 단포 교수지은 뉴수시설과 함께 이천 오 년부터 반 포등나 본동장으로 이용돼어 왔다
p04_u91,p04,taps,지난 이천 이십 일 년 재 십 육차 동시 계획위원회를 통해 뉴수지 구간을 일부 복귀하여 곧카 페이스설 관립하는 사황에 대한 침를 받은 바 있다
p04_u91,p04,ce,지난 이천 이십 일 년 달십용사 동식 은획위원회를 통해 뉴수지 구간을 일부 복행하여 복합 체육수사 관립하는 사안에 대한 침메의를 받은 바 있다
p04_u91,p04,ce_s40,지난 이천 이십 일 년 달 십육차 동식 은획위원회를 통해 뉴수지 구간을 일부 복행하여 복합 체육수사 관립하는 사황에 대한 침메의를 받은 바 있다
p04_u91,p04,ce_s80,지난 이천 이십 일 년 달 십용차 동식 은획위원회를 통해 교수지 구간을 일부 복행하여 복합 체육수사 관립하는 사안에 대한 식메의를 받은 바 있다
p04_u91,p04,ce_s160,지난 이천 이십 일 년 달 십육사 동시 은획위원회를 통해 교수비 구간을 일부 폭행하여 복합 체육수사 관립하는 사황에 대한 식메의를 받은 바 있다
p04_u91,p04,taps_s80,지난 이천 이십 일 년 재 십 육차 동시 계획위원회를 통해 뉴수지 구간을 일부 복귀하여 곧카 페릭스설 관립하는 사황에 대한 침무를 받은 바 있다
p04_u91,p04,taps_s160,지난 이천 이십 일 년 재 십 육차 동시 계의 의원회를 통해 뉴수지 구간을 일부 복귀하여 곧카 페레스설 관립하는 사황에 대한 침례를 받은 바 있다
p04_u91,p04,ce_visible,지난 이천 이십 일 년 달십용사 동시 계획위원회를 통해 뉴수지 구간을 일부 복행하여 복합 체육수사 관립하는 사안에 대한 침메의를 받은 바 있다
p04_u91,p04,ce_invisible,지난 이천 이십 일 년 재 십 육차 동시 계획위원회를 통해 뉴수지 구간을 일부 복귀하여 곧카 페이스설 관립하는 사황에 대한 침를 받은 바 있다
p04_u92,p04,taps,이번 시미에서 공공 필 지설이 추가 숨 필요성과 주닌 의견을 반영하여 건축 면적 확태를 위해 복게 면적을 늘렸다
p04_u92,p04,ce,이번 기명에서 공공 체육시사의 추가 활종 필요성과 주민 의견을 반영하여 간축 면적 확폐를 위해 복귀 만적은 늘렸다
p04_u92,p04,ce_s40,이번 기명에서 공공 체육조사의 추가 활종 필요성과 주민 의견을 반영하여 전축 면접 확폐를 위해 복게 만적은 늘렸다
p04_u92,p04,ce_s80,이번 기능에서 공공 체육조사의 추가 활병 필요성과 주민 의견을 반영하여 당축 면접 확배를 위해 복귀 만적을 늘렸다
p04_u92,p04,ce_s160,이번 기능에서 공공체육조사의 추가 환병 필요성과 주민 의견을 반영하여 당초 면접 확배를 위해 복표 면적은 늘렸다
p04_u92,p04,taps_s80,이번 김미에서 공공 책 지설이 추가 숨 필호성과 주닌 의견을 반영하여 건축 면적 확대를 위해 복켓 면접을 늘렸다
p04_u92,p04,taps_s160,이번 김매에서 공공 책 지설이 추가 총 필요성과 시민 의견을 반영하여 건축 면적 확태를 뒤에 복게 면적을 늘렸다
p04_u92,p04,ce_visible,이번 기명에서 공공 체육시사의 추가 활종 필요성과 주민 의견을 반영하여 간축 면적 확폐를 위해 복게 만적은 늘렸다
p04_u92,p04,ce_invisible,이번 시미에서 공공 필 지설이 추가 숨 필요성과 주닌 의견을 반영하여 건축 면적 확태를 위해 복게 면적을 늘렸다
p04_u93,p04,taps,뉴수지 본기능인 강제 상능 입장이 없는 범위내에서 주민의 접근성과 위용 편의성에 대해 약미이 검단했다
p04_u93,p04,ce,뉴수식 본위기등은 광계 상능에 지장이 없는 번위 내에서 주민의 잡근성과 위영 편해당에 대해 면립이 강토했다
p04_u93,p04,ce_s40,뉴수식 본위기등인 광계 상능에 시장이 없는 번인위 내에서 주민이 답근성과 위영 편해장 등해 은 립이 검토했다
p04_u93,p04,ce_s80,뉴수니 본위기능은 방죄 상능에 시장이 없는 번위 내에서 주민의 답근성과 위영 편해장 대해 면립이 검토했다
p04_u93,p04,ce_s160,뉴수식 본위기등은 방죄 상능에 시장이 없는 번위 내에서 주변이 잡전성과 위원 편해당 대해 명립이 강토했다
p04_u93,p04,taps_s80,뉴수지 곤기능인 광계 성내 매장이 없는 범위 내에서 주인의 적근성과 위용 편의성에 대해 약미이 검토했다
p04_u93,p04,taps_s160,뉴수지 곤기능인 단계 성내 이장이 없는 범위 내에서 주민의 적근성과 위용 편의성에 대해 역미이 검토했다
p04_u93,p04,ce_visible,뉴수식 본위기등은 광계 상능에 지장이 없는 번위 내에서 주민의 잡근성과 위영 편해당에 대해 면립이 강토했다
p04_u93,p04,ce_invisible,뉴수지 본기능인 방제 상능 입장이 없는 범위내에서 주민의 적근성과 위용 편의성에 대해 약미이 검단했다
p04_u94,p04,taps,이번 시의가 통과대에 따라 유수인의 이부 공간을 복귀하여 보카의 시사를 견립하는 것이 가능해졌다
p04_u94,p04,ce,이번 신문과 통와 등에 따라 유수진의 일부 공간을 복께하여 포카 출 기사를 건입하는 것이 가능해졌다
p04_u94,p04,ce_s40,이번 신문과 통와등에 따라 유수진의 일부 공간을 복귀하여 보카 출 기사를 건립하는 것이 가능해졌다
p04_u94,p04,ce_s80,이번 신문과 통과 등에 따라 유승진의 일부 기간을 복행하여 보카 출육시사를 건립하는 것이 가능해졌다
p04_u94,p04,ce_s160,이번 신민과 통과등에 따라 유승인의 일부 공간을 복개하여 포카 출 시사를 건립하는 것이 가능해졌다
p04_u94,p04,taps_s80,이번 시의가 통과음에 따라 유수인의 이부 공간을 복귀하여 보카의 시사를 건립하는 것이 가행해졌다
p04_u94,p04,taps_s160,이번 시의가 통과대에 따라 유수기의 이부 공간을 복귀하여 복카의 시사를 건립하는 것이 가행해졌다
p04_u94,p04,ce_visible,이번 신문과 통와 등에 따라 유승진의 일부 공간을 복께하여 포카 출 수사를 건입하는 것이 가능해졌다
p04_u94,p04,ce_invisible,이번 시의가 통과대에 따라 유수인의 이부 공간을 복귀하여 복카의 시사를 견립하는 것이 가능해졌다
p04_u95,p04,taps,구체적인 책지사 건립과 건리를 필롯한 도시 관리계획 등은 터초구에서 진행할 예정이다
p04_u95,p04,ce,구체적인 세육시사 건늦과 원립이 필요한 토수 관리교의 등은 서초면서 진행할 예정이다
p04_u95,p04,ce_s40,구체적인 서육시사 권내과 원립이 필요한 도스 받미교의 등은 서초계면에서 진행할 렸이다
p04_u95,p04,ce_s80,구체적인 서육시사 건늦과 원립이 필요한 도수 받미교육 등은 서초 그에서 진행할 렸정다
p04_u95,p04,ce_s160,구체적인 세육시사 건립과 원립이 필요한 토시 관리교의 등은 서초 에서 진행할 예정이다
p04_u95,p04,taps_s80,구체적인 책지사 건립과 건리를 필롯한 도시 관리계획 등은 터초분에서 진행할 예정이다
p04_u95,p04,taps_s160,구체적인 책지사 건립과 건리를 필롯한 도시 관리계획 등은 터초그에서 진행할 예정이다
p04_u95,p04,ce_visible,구체적인 세육시사 건늦과 원립이 필요한 토수 관리교의 등은 서초면서 진행할 예정이다
p04_u95,p04,ce_invisible,구체적인 책지사 건립과 건리를 필롯한 도시 관리계획 등은 터초구에서 진행할 예정이다
p04_u96,p04,taps,뉴스지 방제성을 충적한과 동시의 지역필요시설인 쇠시설을 설치하으로서 주민들이 삶은질 향상에 기할 것으로 기재된다
p04_u96,p04,ce,뉴수시 방제 상을을 충적한과 동시 지역 피요로 시설인 폐육시사를 설치하으로서 주민들이 삶은 칠 향상에 구유할 것으로 기대된다
p04_u96,p04,ce_s40,뉴수시 방제 상을 충적한과 동시 지역 피로시설인 폐우시사를 설치하으로서 주민들의 삶은 칠 상상에 보유할 것으로 기여된다
p04_u96,p04,ce_s80,뉴수시 방제 상을 충격한과 동시 의역피로시설인 폐육시사를 설치하으로서 주민들의 삶은 칠 향상에 귀유할 것으로 기배된다
p04_u96,p04,ce_s160,뉴수시 방제 상을 충격한과 동시 지역 피로 시설인 체육시사를 설치하으로서 주민들의 삶은 칠  상상에 구유할 것으로 기배된다
p04_u96,p04,taps_s80,뉴수지 방제성는 충적한과 동시의 지역 필요시 설인 책시설을 설치하으로서 주민들의 삶을질 향상에 기할 것으로 기재된다
p04_u96,p04,taps_s160,뉴습지 방제 성을 충적한과 동시의 지역 필요시설인 책시설을 설제하으로서 주민들의 삶은질 향상에 기할 것으로 기재된다
p04_u96,p04,ce_visible,뉴수시 방제 상을을 충적한과 동시 지역 피로 시설인 최육시사를 설치하으로서 주민들의 삶은 칠 상상에 구유할 것으로 기려된다
p04_u96,p04,ce_invisible,뉴스지 방제성을 충적한과 동시의 지역필요시설인 시설을 설치하으로서 주민들이 삶은질 향상에 기할 것으로 기대된다
p04_u97,p04,taps,수도권 메리징 관리공사는 스에 택임을 반주장을 간소하에 백임물 처리기간을 단축한다고 이십 육 일 밝혔다
p04_u97,p04,ce,수도권 메비크 관류공사는 흰해 택임을 반역교장을 간송사에 피금물 처리기간을 단촉한다고 이십 육 일 밝혔다
p04_u97,p04,ce_s40,수속권 메비크 관류공사는 흰해택임을로 교장을 간송하에 세금물 서리기간을 단촉한다고 이십 육 일 밝혔다
p04_u97,p04,ce_s80,수속권 메비크 관류공사는 해 택임을 반역교장 간송하에 세균물 서리기간을 단축한다고 이십 육 일 밝혔다
p04_u97,p04,ce_s160,수도권 메비크 관류공사는 흰에 택임을 번역교장을 간송하에 세금물 처리기간을 단축한다고 이십 육 일 밝혔다
p04_u97,p04,taps_s80,수도권 메리치 관리공사는 스해 대임물 반주장을 간소하에 배임물 처리 기간을 단축한다고 이십 육 일 밝혔다
p04_u97,p04,taps_s160,수도권 메리징 관리공사는 스해 태임을 방주장을 간소하에 백임물 처리 기간을 단축한다고 이십 육 일 밝혔다
p04_u97,p04,ce_visible,수도권 메비크 관류공사는 스해택임을 반역규교장을 간송사에 피금물 처리기간을 단촉한다고 이십 육 일 밝혔다
p04_u97,p04,ce_invisible,수도권 메리징 관리공사는 스에 택임을 반주장을 간소하에 백임물 처리기간을 단축한다고 이십 육 일 밝혔다
p04_u98,p04,taps,메립지공사는 최근 이사회를 열고 도권 메리지 페물 방식 등에 관한 사무처리시장 개정안을 의결했다
p04_u98,p04,ce,메립주공사는 최근 이사회를 열고 트도권 메리취 페임물 반입 등에 관한 사무처리비당 배정하는 의결했다
p04_u98,p04,ce_s40,메립주공사는 최근 이사회를 열고 트도권 메리취 페임물 반입 등에 관한 사무처리교장 배장하는 의결했다
p04_u98,p04,ce_s80,메립주공사는 최근 이사회를 열고 트도권 메리지 페임물 반 등에 관한 사무처리교장 배정안는 의결했다
p04_u98,p04,ce_s160,메리주공사는 최근 이사회를 열고 도권 메리취 페임물 반입 등에 관한 사무처리비장 대정안는 의결했다
p04_u98,p04,taps_s80,메리지공사는 최근 이사회를 열고 도권 메리지 페물 방입 등에 관한 사무처리시장 개정안을 의결했다
p04_u98,p04,taps_s160,메리지공사는 최근 이사회를 열고 도권 메리지 페물 방입 등에 관한 사무처리기장 개정안을 의결였했다
p04_u98,p04,ce_visible,메립주공사는 최근 이사회를 열고 트도건 메리취 페임물 반입 등에 관한 사무처리비당 배정하는 의결했다
p04_u98,p04,ce_invisible,메립지공사는 최근 이사회를 열고 도권 메리지 페물 방식 등에 관한 사무처리시장 개정안을 의결했다
p04_u99,p04,taps,기존에 수의 폐기무 처리하려면 에리지 공사 운영위원회 주민 대표의 현장 실사가 필로 했으나 이번 개정으로 관련 절차가 사라졌다
p04_u99,p04,ce,비존에 수대폐기무을 처리하려면 메리귀 공사 운영교원회 주민 대표의 현장 출차가 필요했으나 이번 개병으로 관련 설차가 사로졌다
p04_u99,p04,ce_s40,이존에 수폐기무을 처리하려면 에리귀 공사 운영교원을 주민 대표의 현장 출사가 필요했으나 이번 개정으로 관련 절차가 사라졌다
p04_u99,p04,ce_s80,이존에 수폐기무를 처리하려면 에리귀 공사 운영교원을 주민 대표의 현장 출사가 필요했으나 이번 개정으로 관련 절차가 사라졌다
p04_u99,p04,ce_s160,비존에 수입폐기무을 처리하려면 베리귀 공사 운영교원을 주민 대표의 현장 출차가 필요했으나 이번 개정으로 관련 설차가 사로졌다
p04_u99,p04,taps_s80,기존에 수 백기무 처리하려면 에리지 공사 운영위원회 주민 대표의 현장 실사가 필요했으나 이번 개정으로 관련 절차가 사라졌다
p04_u99,p04,taps_s160,기존에 수 백기무 처리하려면 에리지 공사 운영위원회 주민 대표의 현장 실사 가 필로 했으나 이번 개정으로 관련 절차가 사라졌다
p04_u99,p04,ce_visible,기존에 수대폐기무을 처리하려면 에리트 공사 운영교원을 주민 대표의 현장 출사가 필요했으나 이번 개정으로 관련 설차가 사라졌다
p04_u99,p04,ce_invisible,기존에 수의 폐기무 처리하려면 에리지 공사 운영위원회 주민대표 현장 실사가 필로 했으나 이번 개정으로 관련 절차가 사라졌다
p21_u00,p21,taps,연인의 자진 외출은 화과나 당구 쓰집에 불를 줄이려고 한 오십 대 남성이 경찰에 근거됐다
p21_u00,p21,ce,연일내 다은 의출대 화가나 장구 솔집에 붙를 줄르려고 한 오십 대 남성이 경찰에 근고됐다
p21_u00,p21,ce_s40,연일의 사은 의초대 화가나 광구 솔티에 붙를 줄르려고 한 오십 대 남성이 경찰에 근고했다
p21_u00,p21,ce_s80,변일의 사은 의포된 화가나 광구 솔티에 붙를 줄르려고 한 오십 대 남성이 경찰에 근고했다
p21_u00,p21,ce_s160,연일의 다은 의초된 화가나 광구 솔집에 붙를 줄르려고 한 오십 대 남성이 경찰에 근고됐다
p21_u00,p21,taps_s80,연인의 자진 외출된 화과나 당구 쓰집에 불를 줄이려고 한 오십 대 남성이 경찰에 근거됐다
p21_u00,p21,taps_s160,연인의 자진 의출된 화가나 당구 쓰집에 돌를 줄이려고 한 오십 대 남성이 경찰에 근거했다
p21_u00,p21,ce_visible,연일내 다은 의초대 화가나 장구 솔집에 붙를 줄르려고 한 오십 대 남성이 경찰에 근고됐다
p21_u00,p21,ce_invisible,연인의 자진 외출은 화과나 당구 쓰집에 불를 줄이려고 한 오십 대 남성이 경찰에 근거됐다
p21_u01,p21,taps,광주 동부 경찰서는 현주 건동물 방화 예비 등 혐의로 오십 대 남성 애 씨를 체포했다고 육기에 밝혔다
p21_u01,p21,ce,광주 동북경찰서는 현주 간조물 방화 예비 등 혐의로 오십배 남성 에이시를 체포했다고 육 일 밝혔다
p21_u01,p21,ce_s40,광주 동북경찰서는 현주 건조물 방화 예비 등 혐의로 오십배 남성 에 시를 체포했다고 육 일 밝혔다
p21_u01,p21,ce_s80,광주 동북 경찰서는 현주 간소물 방화 예비 등 혐의로 오스배 남성개 시를 체포했다고 육 일 밝혔다
p21_u01,p21,ce_s160,광주 동소 경찰서는 현수 건조물 방화 예비 등 혐의로 오스배 남성 에이스를 체포했다고 육 일 밝혔다
p21_u01,p21,taps_s80,광주 동부경찰서는 현주 건동물 방화 예비 등 혐의로 오십 대 남성 애 시를 체포했다고 육일에 밝혔다
p21_u01,p21,taps_s160,광주 동부경찰서는 현주 전동물 방아 예비 등 혐의로 오십 대 남성 애 시를 체포했다고 육기에 밝혔다
p21_u01,p21,ce_visible,광주 동북 경찰서는 현주 간조물 방화 예비 등 혐의로 오십배 남성 에이시를 체포했다고 육 일 밝혔다
p21_u01,p21,ce_invisible,광주 동부 경찰서는 현주 건동물 방화 예비 등 혐의로 오십 대 남성 애 씨를 체포했다고 육기에 밝혔다
p21_u02,p21,taps,에이씨는 지난 이 오후 한 시 삼십 분쯤 봉고한 노라홀에 부을 지려한 혐의를 받는다
p21_u02,p21,ce,에이는 지난 이 오후 한시 삼십 분쯤 동고한 노에월의 부을 줄이여 한 혐의를 받는다
p21_u02,p21,ce_s40,에이는 지난 이 일 오후 한시 삼십 분쯤 동기한 노에홀에 부을 줄우여 한 혐의를 받는다
p21_u02,p21,ce_s80,에이는 지난 이일 오후 한시 삼십 콘쯤 동고한 노랫월에 부을 줄우여 한 혐의를 받는다
p21_u02,p21,ce_s160,에이는 지난 이일 오후 한시 삼십 분쯤 동부한 노에월에 부을 줄우여 한 혐의를 받는다
p21_u02,p21,taps_s80,에이씨는 지난 이일 오후 한 시 삼십 분쯤 본고한 노라월에 부을 지르려 한 혐의를 받는다
p21_u02,p21,taps_s160,에이씨는 지난 이 오후 한 시 삼십 분쯤 본고한 노라홀에 부을 지르려 한 혐의를 받는다
p21_u02,p21,ce_visible,에이는 지난 이 오후 한시 삼십 분쯤 동고한 노에월의 부을 줄이여 한 혐의를 받는다
p21_u02,p21,ce_invisible,에이씨는 지난 이 오후 한 시 삼십 분쯤 봉고한 노라홀에 부을 지려한 혐의를 받는다
p21_u03,p21,taps,그는 이날 문질이 드 십 칠 리 터짜리 통을 챙겨들고 노랫우 입곳에서 영업시작을 기다리며 서성이다가 목격자의 신고를 받은 경찰이 출동하자 달아났다
p21_u03,p21,ce,그는 이날 문쓰이드는  칠리 포딸리 통을 참겨들고 노랫우 육부에서 영업시략을 기다리며 서송에다가 목격배 승고를 받은 경찰이 출통하다 달아났다
p21_u03,p21,ce_s40,그는 이날 문질이드은 스칠리 포딸리 통을 챙겨들고 노랫우 육부에서 영업시탁을 기다리며 서송에다가 목백배 승고를 받은 경찰이 출통하다 달아났다
p21_u03,p21,ce_s80,그는 이날 문질이받은 스칠리 포딸리 통을 선겨들고 노랫우 육주에서 영업시박을 기다리며 소송이다가 목격배 승고를 받은 경찰이 출통하다 달아났다
p21_u03,p21,ce_s160,그는 이날 문질이드은 칠림 포딸리 통을 판겨들고 노랫우 육부에서 영업시략을 기다리며 서송이다가 목격배 승고를 받은 경찰이 출통하다 달아났다
p21_u03,p21,taps_s80,그는 이날 문질이 드 십 칠리 터짜리 통을 챙겨들고 노랫우 리곳에서 영업시작을 기다리며 서성이다가 목격자의 신고를 받은 경찰이 출동하자 달아났다
p21_u03,p21,taps_s160,그는 이날 문질이 들은 십 칠 리 터짜리 통을 챙겨들고 노랫우 리곳에서 영업시작을 기다리며 서성이다가 목격자의 신고를 받은 경찰이 출동하자 달아갔다
p21_u03,p21,ce_visible,그는 이날 문쓰이트는  칠리 포딸리 통을 참겨들고 노랫우 육부에서 영업시박을 기다리며 서송에다가 목격들의 승고를 받은 경찰이 출통하다 달아났다
p21_u03,p21,ce_invisible,그는 이날 문질이 드 십 칠 리 터짜리 통을 챙겨들고 노랫우 입곳에서 영업시작을 기다리며 서성이다가 목격자의 신고를 받은 경찰이 출동하자 달아났다
p21_u04,p21,taps,전달 오후 한시쯤에는 해당 노랫우을 다시 찾아가 영업을 방해하며 소란을 피웠다
p21_u04,p21,ce,건달 오후 한시쯤에는 활당 노랫호를 다을 찾다가 영업을 강내하며 소란을 풀이웠다
p21_u04,p21,ce_s40,전달 오후 한스쯤에는 활당 노랫호를 다을 카다가 영업을 강내하며 소란을 풀이웠다
p21_u04,p21,ce_s80,건달 오후 한시쯤에는 활당 노랫우를 다을 찾다가 영업을 공내하며 소란을 풀웠다
p21_u04,p21,ce_s160,전달 오후 한색쯤에는 해당 노랫우를 파을 찾다가 영업을 공내하며 소란을 풀이웠다
p21_u04,p21,taps_s80,전달 오후 한시쯤에는 해당 노랫우을 다시 찾아가 영업을 방해하며 소란을 피웠다
p21_u04,p21,taps_s160,전날 오후 한시쯤에는 해당 노랫우을 다시 찾아가 영업을 방해하며 소란을 피웠다
p21_u04,p21,ce_visible,건달 오후 한시쯤에는 활당 노랫호를 다 찾다가 영업을 방내하며 소란을 풀이웠다
p21_u04,p21,ce_invisible,전달 오후 한시쯤에는 해당 노랫우을 다시 찾아가 영업을 방해하며 소란을 피웠다
p21_u05,p21,taps,조사 결과 그는 연인이 해당 노레원에서 다른 사람들과 자주스를 마신다는 이유로 이런 행동을 벌인 것으로 드러났다
p21_u05,p21,ce,부사 결과 학그는 연이 해당 모욕올에서 받른 사람들과 다족스를 마습다는 이유로 이던 행동을 벌인 것으로 드러났다
p21_u05,p21,ce_s40,조스사 결과 학그는 연인이 하당 모백올에서 받른 사람들과 다족스를 마습다는 이유로 이건 행동을 벌인 것으로 드러났다
p21_u05,p21,ce_s80,조사 결과 학그는 연이 해당 모백올에서 받른 사람들과 다족스를 마습다는 이유로 이던 행동을 벌인 것으로 드러났다
p21_u05,p21,ce_s160,부스사 결과 학그는 연이 해당 모백올에서 바른 사람들과 다족스를 마습다는 이유로 이런 행동을 벌인 것으로 드러났다
p21_u05,p21,taps_s80,조사 결과 그는 연인이 해당 노래원에서 다른 사람들과 자주스를 마신다는 이유로 이런 행동을 벌인 것으로 드러났다
p21_u05,p21,taps_s160,부사 결과 학그는 연인이 해당 노래원에서 다른 사람들과 자주스를 마신다는 이유로 이런 행동을 벌인 것으로 드러났다
p21_u05,p21,ce_visible,부사 결과 학그는 연이 해당 모욕올에서 받른 사람들과 다족스를 마습다는 이유로 이던 행동을 벌인 것으로 드러났다
p21_u05,p21,ce_invisible,조사 결과 그는 연인이 해당 노레원에서 다른 사람들과 자주스를 마신다는 이유로 이런 행동을 벌인 것으로 드러났다
p21_u06,p21,taps,경찰은 체포영장을 발부받아 보피 중이던 에이키를 이날 오전 복잡았으며 주체적인 범행 경의를 파악해 구속영장을 신청할 방침이다
p21_u06,p21,ce,경찰은 체포영장을 발부받아 보피 던 에이시를 이날 오선 붙잡받으며 체적인 범행 경위를 파악해 고속 영장을 신청할 방침이다
p21_u06,p21,ce_s40,경찰은 체포영장을 발부받아 보피 리던 에이키를 이날 오선 붙잡받으며 체벽인 범행 경위를 파악해 고속 영장을 신청할 방침이다
p21_u06,p21,ce_s80,경찰은 체포영장을 발부받아 보피 던 에이씨를 이날 오전 부잡받으며 체벽인 범행 광위를 파악해 구속 영장을 신청할 방침이다
p21_u06,p21,ce_s160,경찰은 체포영장을 발부받아 보피 던 에이시를 이날 오전 부잡받으며 체적인 범행 경위를 파악해 구속 영장을 신청할 방침이다
p21_u06,p21,taps_s80,경찰은 체포영장을 발부받아 보피 중이던 에이시를 이날 오전 복잡았으며 구체적인 범행 경위를 파악해 구속 영장을 신청할 방침이다
p21_u06,p21,taps_s160,경찰은 체포영장을 발부받아 보이드이던 에이시를 이날 오전 복잡았으며 주체적인 범행 경의를 파악해 구속영장을 신청할 방침이다
p21_u06,p21,ce_visible,경찰은 체포영장을 발부받아 보피 던 에이키를 이날 오선 붙잡았으며 부체적인 범행 경위를 파악해 구속 영장을 신청할 방침이다
p21_u06,p21,ce_invisible,경찰은 체포영장을 발부받아 보피 중이던 에이키를 이날 오전 복잡았으며 주체적인 범행 경의를 파악해 구속영장을 신청할 방침이다
p21_u07,p21,taps,언론중제위원회 여동국 대구성무소장이 이십 육 일 경북 일부 본사를 방문해 알아도는 유영안 언론 분생이라는 주제로 강의했다
p21_u07,p21,ce,언론전산위원회 여성속 대구사무소장이 이십 육 일 경북 일보 본사를 방문해 알아도는 유병안 언론 분생이라는 주대로 강의했다
p21_u07,p21,ce_s40,언론 동산위원회 여성속 보구사무소장이 이십 육 일 경북 일보 본사를 방문해 아아도는 유명안 언론 분생이라는 주대로 강의했다
p21_u07,p21,ce_s80,언론 동산위원회 여성속 보구 사무소장이 이십 육 일 경북 일보 본사를 방문해 알아도는 유병안 언론 분생이라는 주대로 강의했다
p21_u07,p21,ce_s160,언론 봉산위원회 여성 대구사무소장이 이십 육 일 경북 일부 본사를 방문해 알아도면 유병원 언론 분생이라는 주대로 강의했다
p21_u07,p21,taps_s80,언론 중제위원회 여동국 대구사무소장이 이십 육 일 경북 일부 본사를 방문해 알아도는 유영안 언론 분생이라는 주제로 강의했다
p21_u07,p21,taps_s160,언론 중재위원회 여동국 대구성소장이 이십 육 일 경북 일포 본사를 방문해 알아도는 유영간 언론 분증이라는 주제로 강의했다
p21_u07,p21,ce_visible,언론전산위원회 여성속 대구사무소장이 이십 육 일 경북 일보 본사를 방문해 알아도는 유병안 언론 분생이라는 주대로 강의했다
p21_u07,p21,ce_invisible,언론중제위원회 여동국 대구성무소장이 이십 육 일 경북 일부 본사를 방문해 알아도는 유영안 언론 분생이라는 주제로 강의했다
p21_u08,p21,taps,경북 일부 임직원 마크 소비가 명령된 이번 강인는 군사 직원 삼십 명을 대상으로 진행됐다
p21_u08,p21,ce,경부 일보 임주권 목표 소비가 명령된 이번 강인는 본사 직원 사십 명을 대상으로 진행됐다
p21_u08,p21,ce_s40,경부 일보 임주권 목크 소비가 명령된 이번 강인는 본사 직원 사십 명을 대상으로 진행됐다
p21_u08,p21,ce_s80,경북 일보 임주과 목크 소비가 명명된 이번 강인는 본사 직원 사십 명을 대상으로 진행됐다
p21_u08,p21,ce_s160,경부 일보 인술권 목크 소비가 명명된 이번 강인는 본사 직원 사십 명을 대상으로 진행됐다
p21_u08,p21,taps_s80,경북 일보 임직원 마크 소비가 명령된 이번 강인는 군사 직원 삼십 명을 대상으로 진행됐다
p21_u08,p21,taps_s160,경북 일보 임직원 머크 소비가 명영된 이번 강인는 본사 직원 삼십 명을 대상으로 진행됐다
p21_u08,p21,ce_visible,경부 일보 임술권 목표 소비가 명령된 이번 강인는 본사 직원 사십 명을 대상으로 진행됐다
p21_u08,p21,ce_invisible,경북 일부 임직원 마크 소비가 명령된 이번 강인는 군사 직원 삼십 명을 대상으로 진행됐다
p21_u09,p21,taps,경북 대표 일간 지인 경북일보와 언론경제위원회 관해 그류는 물론 질문질사을 통해 성호원 긍정적 영향 구축의 목적이다
p21_u09,p21,ce,정북 대표 일관적린 경국일보와 언론 동제 위원에 관의 교류는 물론 질은 들갑을 통해 상공한 공정적 영향 측의 목적이다
p21_u09,p21,ce_s40,정북 대표 일관적린 경국일보와 언론 동제 위원에 관의 교류는 물론 젊은 즐갑을 통해 상공한 긍정적 영향 측에 목적이다
p21_u09,p21,ce_s80,정북 대표 일관적린 경국일보와 언론 동제위원에 관의 교류는 물론 질은 질갑을 통해 상공관 공정적 영향 측의 목적이다
p21_u09,p21,ce_s160,정북 대표 일관지린 경국일보와 언론 동제위원에 관의 교류는 물론 질은 들갑을 통해 상호관 공정적 영향 측의 목적이다
p21_u09,p21,taps_s80,경북 대표 일간 지인 경북일보와 언론중제위원회 관의 그류는 물론 질문질사을 통해 성호원 김정적 영향 구축기 목적이다
p21_u09,p21,taps_s160,경북 대표 일간 지인 경북 일보와 언론경제위원회 관해 그류는 물론 질문 질답을 통해 성호원 군정적 영향 구축기 목적이다
p21_u09,p21,ce_visible,정북 대표 일관적린 경국일보와 언론 동제 위원에 관의 교류는 물론 질은 즐갑을 통해 상공한 공정적 영향 측의 목적이다
p21_u09,p21,ce_invisible,경북 대표 일간 지인 경북일보와 언론경제위원회 관해 그류는 물론 질문질사을 통해 성호원 긍정적 영향 구축의 목적이다
p21_u10,p21,taps,장인는 용의 훼손을 주요 전 쩜 사 건 치 매트 벌론 중세위원 스스로 진행됐다
p21_u10,p21,ce,강인은 병예 훼손에 주려은 쩜 포상권스 메트 언론 동세위원회 폰으로 진행됐다
p21_u10,p21,ce_s40,장인은 명예 훼손에 두려준 쩜 상권스 메트 언론 동세위원회 폰으로 진행됐다
p21_u10,p21,ce_s80,강인은 명예 훼손에 주려 중 쩜 상권스메트 원론 봉세위원회 흔으로 진행됐다
p21_u10,p21,ce_s160,강인은 용예 훼손에 주려 준 쩜 상권스 메트 원론 봉세위원회 흔으로 진행됐다
p21_u10,p21,taps_s80,장인는 용의 훼손을 주요 전 쩜 사 건치 매트 벌론 중세 위원회 스스로 진행됐다
p21_u10,p21,taps_s160,장인는 용의 훼손의 주요 전 쩜 사 건 치멘트 벌론 중세 위원 스스로 진행됐다
p21_u10,p21,ce_visible,강인은 병예 훼손에 주려은 쩜 포상권스 메트 언론 동세위원회 폰으로 진행됐다
p21_u10,p21,ce_invisible,장인는 용의 훼손을 주요 전 쩜 사 건 치 매트 벌론 중세위원 스스로 진행됐다
p21_u11,p21,taps,특히 명예 훼손과 소상권 신을 부분이 실제 원충리에서도 가장 법석 카드가 많았기에 이에 대한 자세한 설명이 이뤄졌다
p21_u11,p21,ce,특히 명예 훼손과 소상권 흔을 부분이 실체 언승리에 소도 가장 거 사례과가 많나 기인했 이에 대한 자세한 설명이 이뤄졌다
p21_u11,p21,ce_s40,특히 명예 훼손과 소상권 신을 부분이 실제 언승리에소도 가장 것 사례가 많았 기에 이에 대한 자세한 설명이 이뤄졌다
p21_u11,p21,ce_s80,특히 명예 훼성과 소상권 신내 부분인 실제 언승리에서도 가장 것 사례가 많았 기에 이에 대한 자세한 설명이 이뤄졌다
p21_u11,p21,ce_s160,특히 명예 훼성과 소상권 흔을 부분이 실제 원승리의소도 가장  사례가 많학 기에 이에 대한 자세한 설명이 이뤄졌다
p21_u11,p21,taps_s80,특히 명예 훼성과 소상권 신을 부분이 실제 원충리에서도 가장 법석 하드가 많았기에 이에 대한 자세한 설명이 이뤄졌다
p21_u11,p21,taps_s160,특히 명예 훼손과 소상권 신을 부분이 실제 원충리에서도 가장 법석카드가 많았기에 이에 대한 자세한 설명이 이뤄졌다
p21_u11,p21,ce_visible,특히 명예 훼손과 소상권 신을 부분이 실수 언승리에소도 가장 거 사례가 많나 기인에 이에 대한 자세한 설명이 이뤄졌다
p21_u11,p21,ce_invisible,특히 명예 훼손과 소상권 신을 부분이 실제 원충리에서도 가장 법석 카드가 많았기에 이에 대한 자세한 설명이 이뤄졌다
p21_u12,p21,taps,방사자 특검 여부가 혁신 조소로 꼽혔으며 문소리아는 심기 얼고리 크로된 경우가 집표적이었다
p21_u12,p21,ce,강사장 특풍 여부가 학생 교소로 꼽혔으며 문도리아는 신백 의고리 클로소업된 경우가 부표도이웠다
p21_u12,p21,ce_s40,강사장 특정 여부가 학생 소로 꼽혔으며 문도리아는 신백 얼고리 클로 업된 경우가 부표도 이웠다
p21_u12,p21,ce_s80,강사장 특정 여부가 학생 교소로 꼽혔으며 문도리아는 신백 얼고리 클로 업 된 경우가 부표도이웠다
p21_u12,p21,ce_s160,당사장 특정 여부가 학생 소로 꼽혔으며 문소리아는 신백 얼굴고리 클로 스된 경고가 부표도이웠다
p21_u12,p21,taps_s80,방사자 특정 여부가 협신 조소로 꼽혔으며 문소리아는 심기 얼고리 크로작업된 경우가 집표적이었다
p21_u12,p21,taps_s160,방사자 특정 여부가 혁신 조소로 꼽혔으며 문소리아는 심기 얼고리 크로작된 경우가 집표적이었다
p21_u12,p21,ce_visible,강사장 특풍 여부가 학생 교소로 꼽혔으며 문도리아는 신백 의고리 클로업된 경우가 두표도이웠다
p21_u12,p21,ce_invisible,방사자 특검 여부가 혁신 조소로 꼽혔으며 문소리아는 심기 얼고리 크로된 경우가 집표적이었다
p21_u13,p21,taps,얼굴 외에도 전화번호가 기가 특정할 수 수 있는 부분의 노출여부로 신승해야 한다고 비현했다
p21_u13,p21,ce,얼굴 외에도 변화번호가 급파 특정을  있는 부분의 모트를 여부로 신술해야 한다고 분명했다
p21_u13,p21,ce_s40,얼굴 외에도 변화번호와 급파 특정을  있는 부분에 모트를 여부로 신수해야 한다고 분했다
p21_u13,p21,ce_s80,결굴 외에도 변화번호와 급파 특정을  있는 부분에 모트를 여부로 신수해야 한다고 분했다
p21_u13,p21,ce_s160,얼굴 외에도 교화번호가 급파 특정을  있는 부분의 모트를 여으로 신술해야 한다고 분했다
p21_u13,p21,taps_s80,얼굴 외에도 전화번호가 기파 특정할 수 수 있는 부분에 노출 여부로 신승해야 한다고 비난했다
p21_u13,p21,taps_s160,얼굴 외에도 전화번호가 기파 특정할 수 수 있는 부분의 노출 여부로 신승해야 한다고 비현했다
p21_u13,p21,ce_visible,얼굴 외에도 변화번호가 급파 특정을  있는 부분의 모트를 여부로 신술해야 한다고 분했다
p21_u13,p21,ce_invisible,얼굴 외에도 전화번호가 기다 특정할 수 수 있는 부분의 노출여부로 신승해야 한다고 비현했다
p21_u14,p21,taps,치적 통이 영수적 통이 공교적 통이 등 보안방법도 소환됐고 무엇보다도 공익에 대한 여부가 가장 크자고 강조됐다
p21_u14,p21,ce,치적 통이 영수적 분이 공교적 도미 등 보안 방법도 소언됐고 엇보다도 공익에 대한 여부가 가장 크다고 강소됐다
p21_u14,p21,ce_s40,시적 통이 영수적 금이 공교적 도미 등 보안 방법도 소환됐고 엇보다도 공익에 대한 여부가 가장 크다고 강소됐다
p21_u14,p21,ce_s80,시적 분이 용수적 이 공교적 도미 등 보안방법도 조환됐고 엇보다도 공익에 대한 여부가 거장 큰다고 강조됐다
p21_u14,p21,ce_s160,시적 품이 용수적 품이 공교적 도료 등 보안 반법도 소환됐고 엇보다도 공입에 대한 여부가 가장 큰다고 강조됐다
p21_u14,p21,taps_s80,치적 통이 영수적 통이 공교적 통이 등 보안 방법도 조환됐고 무엇보다도 국익에 대한 여부가 가장 크자고 강소됐다
p21_u14,p21,taps_s160,치적 통이 영수적 통이 공교적 통의 등 보안방법도 소환됐고 무엇보다도 국익에 대한 여부가 가장 크자고 강소됐다
p21_u14,p21,ce_visible,치적 통이 영수적 분이 공교적 도미 등 보안 방법도 소언됐고 엇보다도 공입에 대한 여부가 가장 큰다고 강소됐다
p21_u14,p21,ce_invisible,치적 통이 영수적 통이 공교적 통이 등 보안방법도 소환됐고 무엇보다도 공익에 대한 여부가 가장 크자고 강조됐다
p21_u15,p21,taps,여동북 언론진제위원회 대구 사소장은 공익보도를 위해 특정 부분의 심캉 항의도 가능하다며 김 강이 시간동안 강의매줘서 감사들인다라고 말했다
p21_u15,p21,ce,여동국 언론경대위원회 발구 사무소장은 공익 보도를 위해 특강 부분의 승캉 항에도 가능하다며 분관이 시장동안 관일위내조서 검사들인다라고 말했다
p21_u15,p21,ce_s40,여동국 언론동대위원회 대구 사무소장은 공익보도를 위해 특강 부분의 승캉 향에도 가능하다며 분강이 시관 동안 관일외매로서 검사들인다라고 말했다
p21_u15,p21,ce_s80,여동국 언론동대위원회 대구 사무보장은 공익보도를 위해 특정 부분의 승캉 향에도 가능하다며 그 강일 시간 동안 관일외매조서 검사들인다라고 말했다
p21_u15,p21,ce_s160,여동산 언론동대위원회 대구 사호소장은 공익보도를 위해 특정 부분의 승캉 항에도 가능하다며 그 강이 시관 동안 관일의매조서 검사들인다라고 말했다
p21_u15,p21,taps_s80,여동국 언론문제위원회 대구 사소장은 공익보도를 위해 특정 부분의 신캉 항의도 가능하다며 김 강이 시간동안 강기의매로서 감사들인다라고 말했다
p21_u15,p21,taps_s160,여동국 언론진제위원회 대구 사소장은 공익보도를 위해 특정 부분의 심캉 항의도 가능하다며 김 강이 시간동안 강의매로서 감사들인다라고 말했다
p21_u15,p21,ce_visible,여동국 언론경대위원회 발구 사무소장은 공익 보도를 위해 특강 부분의 승캉 항에도 가능하다며 분관이 시장동안 관일위내조서 검사들인다라고 말했다
p21_u15,p21,ce_invisible,여동북 언론진제위원회 대구 사무소장은 공익보도를 위해 특정 부분의 심캉 항의도 가능하다며 김 강이 시간동안 강의매줘서 감사들인다라고 말했다
p21_u16,p21,taps,한편 언론중재위원회는 대구 부산 광주 대전 경기 상원 승북 정북 경남제주 등 열곳의 지역 사무소를 두고 있다
p21_u16,p21,ce,한편 언론 동해위원회는 대우 부산 광주 대선 경기 강원 북전북 경남제주 등 열 곳 의 주역 사무소를 두고 있다
p21_u16,p21,ce_s40,한편 언론 승내위원회는 대우 부산 광주 대선 경기 강원 북 전북 경남제주 등 열 곳 의 주역 사무소를 두고 있다
p21_u16,p21,ce_s80,한편 언론 동산위원회는 백우 부산 광주 대선 경기 강원 북전북 경남제주 등 열 곳 의 주역 사소를 두고 있다
p21_u16,p21,ce_s160,한편 언론동해위원회는 대우 부산 광주 대선 경기 강원 북 전북 경남제주 등 열 곳 의 지역 사소를 두고 있다
p21_u16,p21,taps_s80,한편 언론진재위원회는 대구 부산 광주 대전 경기 상원 승북 정북 경남제주 등 열곳의 지역 사무소를 두고 있다
p21_u16,p21,taps_s160,한편 언론중재위원회는 대구 부산 광주 대전 경기 상원 승북 정북 경남제주 등 열곳의 지역 사무소를 두고 있다
p21_u16,p21,ce_visible,한편 언론 동해위원회는 대우 부산 광주 대선 경기 강원 북전북 경남제주 등 열 곳 의 주역 사무소를 두고 있다
p21_u16,p21,ce_invisible,한편 언론중제위원회는 대구 부산 광주 대전 경기 상원 승북 정북 경남제주 등 열곳의 지역 사무소를 두고 있다
p21_u17,p21,taps,이재명 더불어민주당 대표 후보가 이십 일 일 강주에서 한 여성의 쌓인 요청을 거절하는 모습이 포착돼 온라인을 중심으로 화재를 모이고 있다
p21_u17,p21,ce,이재명 더불어민주당 대표 후보가 이십이 일 강조에서 한 여성의 쌓인 요통을 거절하는 모습이 포착되 온라인을 중심으로 화쇄를 모고 있다
p21_u17,p21,ce_s40,이재명 더불어민주당 대표 후보가 이십이일 강조에서 한 여성의 딸인 요통을 거뒀하는 모습이 포착돼 온라인을 중심으로 화쇄를 모고 있다
p21_u17,p21,ce_s80,이재명 더불어민주당 대표 후보가 이십이일 강조에서 한 여성의 딸인 요통을 거뒀하는 모습이 포착페 온라인을 중심으로 화쇄를 모고 있다
p21_u17,p21,ce_s160,이재명 더불어민주당 대표 후보가 이십 일 일 강주에서 한 여성의 딸인 요통을 거절하는 모습이 포착페 온라인을 중심으로 화쇄를 모고 있다
p21_u17,p21,taps_s80,이재명 더불어민주당 대표 후보가 이십 일 일 강주에서 한 여성의 쌓인 요청을 거절하는 모습이 포착돼 온라인을 중심으로 화재를 모이고 있다
p21_u17,p21,taps_s160,이재명 더불어민주당 대표 후보가 이십 일 일 강주에서 한 여성의 쌓인 요청을 거절하는 모습이 포착돼 온라인을 중심으로 화재를 모이고 있다
p21_u17,p21,ce_visible,이재명 더불어민주당 대표 후보가 이십이일 강조에서 한 여성의 쌓인 요통을 거절하는 모습이 포착돼 온라인을 중심으로 화쇄를 모고 있다
p21_u17,p21,ce_invisible,이재명 더불어민주당 대표 후보가 이십 일 일 강주에서 한 여성의 쌓인 요청을 거절하는 모습이 포착돼 온라인을 중심으로 화재를 모이고 있다
p21_u18,p21,taps,이 후보는 이날 오후 민주당 당 대표 및 최고위원 후보들의 합독 연설회가 열린 광주 김대중 컨찰 선센터를 찾았다
p21_u18,p21,ce,이 후보는 이날 오후 민주당 박대표 및 최고위원 후보들의 합북 연설회가 열린 광주 김대중 판센 선센터를 찾았다
p21_u18,p21,ce_s40,이 후보는 이날 오후 민주당 박대표 및 최고이원 후보들의 합북 연설류가 열린 광주 김대중 컨센 선센터를 찾았다
p21_u18,p21,ce_s80,이 후보는 이날 오후 민주당 방대표 및 최고이원 후보들의 합북 연설회가 열린 광주 김대중 컨벤 선센터를 찾았다
p21_u18,p21,ce_s160,이 후보는 이날 오후 민주당 반표 및 최고위원 후보들의 합북 연설류가 열린 광주 김대중 컨벤 선센터를 찾았다
p21_u18,p21,taps_s80,이 후보는 이날 오후 민주당 박대표및 최고위원 후보들의 합북 연 설회가 열린 광주 김대중 컨별 선 센터를 찾았다
p21_u18,p21,taps_s160,이 후보는 이날 오후 민주당 박 대표 및 최고위원 후보들의 합독 연설회가 열린 광주 김대중 컨벤 선 센터를 찾았다
p21_u18,p21,ce_visible,이 후보는 이날 오후 민주당 박대표 및 최고위원 후보들의 합북 연설회가 열린 광주 김대중 판센 선센터를 찾았다
p21_u18,p21,ce_invisible,이 후보는 이날 오후 민주당 당 대표 및 최고위원 후보들의 합독 연설회가 열린 광주 김대중 컨찰 선센터를 찾았다
p21_u19,p21,taps,이 후보가 찰서 내리자 그 지지자들이 몰려들었고 그는 지지자들과 중국인사를 나누거나 손을 흔들기도 했다
p21_u19,p21,ce,이 후부가 타에서 내리다 부에 기치자들이 몰려 들었고 그는 기진자들과 주국밀사를 나누거나 을 손들기도 했다
p21_u19,p21,ce_s40,미 후보가 타에서 내비자 부에 지치자들이 몰려들었고 그는 지지자들과 주국밀사를 나누거나 승을 손들기도 했다
p21_u19,p21,ce_s80,미 후보가 타서 내비다 그에 기치자들이 몰려들었고 그는 기지자들과 주국민사를 나누거나 승을 손들기도 했다
p21_u19,p21,ce_s160,미 후보가 타에서 내비다 그에 지지자들이 몰려 들었고 그는 지지자들과 주국이사를 나누거나 손을 흔들기도 했다
p21_u19,p21,taps_s80,이 후부가 참서 내리자 대 지지자들이 몰려들었고 그는 지지자들과 중국인사를 나누거나 손을 흔들기도 했다
p21_u19,p21,taps_s160,이 후부가 참서 내리자 귀에 지지자들이 몰려들었고 그는 지지자들과 주국인사를 나누거나 손을 흔들기도 했다
p21_u19,p21,ce_visible,이 후보가 타에서 내리다 부에 지지자들이 몰려 들었고 그는 지지자들과 주국밀사를 나누거나 을 손들기도 했다
p21_u19,p21,ce_invisible,이 후보가 찰서 내리자 그 지지자들이 몰려들었고 그는 지지자들과 중국인사를 나누거나 손을 흔들기도 했다
p21_u20,p21,taps,이 후보는 이날 민주당 떠빠신 감수 전남지역에 경선 투표에서 특표율 팔십 퍼센트를 유박하는 피를 얻으며 앞생을 거었다
p21_u20,p21,ce,이 후보는 은날 민주당 파파스는 광소 전남수역에 경선 투표에서 특표율 팔십 퍼센트를 육박하는 표를 얻으며 앞증을 거뒀다
p21_u20,p21,ce_s40,이 후보는 은날 민주당 파파스는 광승 전남수역에 경선 투표에서 특표율 팔십 퍼센트를 유박하는 표를 얻으며 앞등을 거뒀다
p21_u20,p21,ce_s80,이 후보는 이날 민주당 파파스는 광소 전남수역에 경선 투표에서 특표율 팔십 퍼센트를 육박하는 표를 얻으며 앞등을 거뒀다
p21_u20,p21,ce_s160,이 후보는 은날 민수당파파스는 광주 전남수역에 경선 투표에서 표의 팔십 퍼센트를 육박하는 표를 얻으며 앞증을 거뒀다
p21_u20,p21,taps_s80,이 후보는 이날 민주당 떠빠신 광수 전남지역에 경선 투표에서 특표율 팔십 퍼센트를 유박하는 피를 얻으며 앞승을 거었다
p21_u20,p21,taps_s160,이 후보는 이날 민주당 떠빠신 광수 전남지역에 경선 투표에서 특표율 팔십 퍼센트를 유박하는 표를 얻으며 앞승을 거었다
p21_u20,p21,ce_visible,이 후보는 은날 민주당 파파스는 광소 전남지역에 경선 투표에서 특표율 팔십 퍼센트를 육박하는 표를 얻으며 앞승을 거뒀다
p21_u20,p21,ce_invisible,이 후보는 이날 민주당 떠빠신 감수 전남지역에 경선 투표에서 특표율 팔십 퍼센트를 유박하는 피를 얻으며 앞생을 거었다
p21_u21,p21,taps,이 후보의 이날 모습은 그의 기치자들이 올린 위트불 양상에 담겨는데 여기에는 그가 사인 요청을 거스하는 상점도 포착됐다
p21_u21,p21,ce,이 후부의 유날 모습은 그의 위치자들이 올린 니트부 양상에 반견는데 여기에는 그가 싸인 요상을 거어라는 성면도 포잡했다
p21_u21,p21,ce_s40,이 후부의 이날 모습은 그의 위치자들이 올린 니특부 양상에 반견는데 여기에는 그가 싸인 요상을 거어라는 성면도 포잡했다
p21_u21,p21,ce_s80,이 후부의 이날 모습은 그의 귀치자들이 올랜 니트부 양상에 반견는데 여기에는 그가 싸인 요상을 거어라는 성면도 포잡혔다
p21_u21,p21,ce_s160,이 후부의 이날 모습은 그의 둘치자들이 올린 니특부 영상에 반견는데 여기에는 그가 싸인 요상을 거어라는 성면도 포잡했다
p21_u21,p21,taps_s80,이 후보의 이날 모습은 그의 기치자들이 올린 위트불 양상에 담겨는데 여기에는 그가 사인 요청을 거스하는 상면도 포착됐다
p21_u21,p21,taps_s160,이 후보의 이날 모습은 그의 기치자들이 올린 위트불 양상에 담겼는데 여기에는 그가 사인 요청을 거스하는 상면도 포착됐다
p21_u21,p21,ce_visible,이 후부의 유날 모습은 그의 위치자들이 올린 니트부 양상에 반견는데 여기에는 그가 사인 요상을 거어라는 성면도 포착됐다
p21_u21,p21,ce_invisible,이 후보의 이날 모습은 그의 기치자들이 올린위트불 양상에 담겨는데 여기에는 그가 사인 요청을 거스하는 상점도 포착됐다
p21_u22,p21,taps,단동색 상이를 입은 한 여성이 가방에서 책 한권을 꺼낸 이 후보에게 사인을 요청했다
p21_u22,p21,ce,영색 상위를 입은 한 여성이 가방 서책 한거을 뻔낸 이 후부에게 라인을 요청했다
p21_u22,p21,ce_s40,단영색 상위를 입은 한 여성이 가방 서택 한건을 꺼낸 이 후부에게 짜인을 요통했다
p21_u22,p21,ce_s80,단홍색 상위를 입은 한 여성이 가방서 책 한거을 꺼낸 이 후부에게 짜인을 요통했다
p21_u22,p21,ce_s160,동색 상위를 입은 한 여성이 가방에서 책 한거을 꺼낸 이 후부에게 짜인을 요청했다
p21_u22,p21,taps_s80,단동색 상이를 입은 한 여성이 가방에서 책 한권을 꺼낸 이 후보에게 사인을 요청했다
p21_u22,p21,taps_s160,단동색 상이를 입은 한 여성이 가방에서 책 한 권을 꺼낸 이 후보에게 사인을 요청했다
p21_u22,p21,ce_visible,단영색 상위를 입은 한 여성이 가방 서책 한거을 꺼낸 이 후부에게 짜인을 요청했다
p21_u22,p21,ce_invisible,단동색 상이를 입은 한 여성이 가방에서 책 한권을 꺼낸 이 후보에게 사인을 요청했다
p21_u23,p21,taps,이 후포는 책을 받아들고 표지를 요심이보더니 다시 여성에게 책을 돌려졌다
p21_u23,p21,ce,미후보의 책을 받아들고 표지를 유승일 보더니 과실 여성에게 택게 돌려졌다
p21_u23,p21,ce_s40,미 후보는 책을 받아들고 표지를 유승일 보더니 다실 여성에게 택게 돌려져다
p21_u23,p21,ce_s80,미후보는 체을 받아들고 표지를 유승일 고더니 다씨 여성에게 택게 돌려다
p21_u23,p21,ce_s160,미 후보는 척을 받아들고 표지를 유승일 보더니 맛실 여성에게 택게 돌려졌다
p21_u23,p21,taps_s80,이 후포는 책을 받아들고 표지를 요승을 고더니 다시 여성에게 책을 돌려졌다
p21_u23,p21,taps_s160,이 후포는 책을 받아들고 표지를 요심이 고더니 다시 여성에게 책을 돌려졌다
p21_u23,p21,ce_visible,미후보의 책을 받아들고 표지를 유승일 보더니 과실 여성에게 택게 돌려졌다
p21_u23,p21,ce_invisible,이 후포는 책을 받아들고 표지를 요심이보더니 다시 여성에게 책을 돌려졌다
p21_u24,p21,taps,이 여성은 제차 사인을 요청했으나 이 후보는 국회를 다른 쪽으로 돌려 거부 인사를 표명했다
p21_u24,p21,ce,이 여성은 제차 타인을 요청했으나 이 후보는 그글를 다른 쪽으로 돌려 거복 의사를 표명했다
p21_u24,p21,ce_s40,이 여성은 제차 타인을 요청했으나 이 후보는 그글를 다른 쪽으로 돌려 거부 의사를 표명했다
p21_u24,p21,ce_s80,이 여성은 제차 타인을 요청했으나 이 후보는 그대를 다른 쪽으로 돌려 거부 의사를 표명했다
p21_u24,p21,ce_s160,이 여성은 제차 타인을 요청했으나 이 후보는 두글를 다른 쪽으로 돌려 거부 의사를 표명했다
p21_u24,p21,taps_s80,이 여성은 재차 사인을 요청했으나 이 후보는 구개를 다른 쪽으로 돌려 거부 사를 표명했다
p21_u24,p21,taps_s160,이 여성은 재차 사인을 요청했으나 이 후보는 구개를 다른 쪽으로 돌려 거부 사를 표명했다
p21_u24,p21,ce_visible,이 여성은 제차 타인을 요청했으나 이 후보는 그글를 다른 쪽으로 돌려 거복 의사를 표명했다
p21_u24,p21,ce_invisible,이 여성은 제차 사인을 요청했으나 이 후보는 국회를 다른 쪽으로 돌려 거부 인사를 표명했다
p21_u25,p21,taps,그러자 이 후보에 옆에 있던 한 남성은 해당 여성에게 손으로 액시 표지를 하고 고개를 전었다
p21_u25,p21,ce,그러다 이 후부에 여을있던 한 남성은 해당 여성에게 손으로 액스 필시를 타고 고개를 놓었다
p21_u25,p21,ce_s40,그러자 이 후부에 옆을있던 한 남성은 해당 여성에게 손후로 액스 필시를 타고 고개를 접었다
p21_u25,p21,ce_s80,그러다 이 후부에 옆을있던 한 남성은 해당 여성에게 손후로 액스 필시를 타고 고개를 놓었다
p21_u25,p21,ce_s160,그러다 이 후부에 옆피있던 한 남성은 해당 여성에게 손으로 액스 표시를 하고 고개를 덮었다
p21_u25,p21,taps_s80,그러자 이 후보에 옆에 있던 한 남성은 해당 여성에게 손으로 액시 표지를 하고 고개를 전었다
p21_u25,p21,taps_s160,그러자 이 후보에 옆에 있던 한 남성은 해당 여성에게 손으로 액시 표시를 하고 고개를 전었다
p21_u25,p21,ce_visible,그러다 이 후부에 여을있던 한 남성은 해당 여성에게 손으로 액스 필시를 타고 고개를 놓었다
p21_u25,p21,ce_invisible,그러자 이 후보에 옆에 있던 한 남성은 해당 여성에게 손으로 액시 표지를 하고 고개를 전었다
p21_u26,p21,taps,이 후보가 쌓인을 하지 않을 것인니 더 이상 요청하지 말란을 매비인 것으로 보인다
p21_u26,p21,ce,이후보가 쌓인을 하지 않을 것인니 더 이상 육청하지 말라는 우료한 것으로 보입다
p21_u26,p21,ce_s40,이후보가 쌓인을 하지 않을 것인니 더 이상 육청하지 말라는 의료한 것으로 보입다
p21_u26,p21,ce_s80,인후보가 쌓인을 하지 않을 것이니 더 이상 육청하지 말라는 의료한 것으로 보입니다
p21_u26,p21,ce_s160,후보가 쌓인을 하지 않을 것인니 더 이상 육청하지 말라는 우리한 것으로 보입다
p21_u26,p21,taps_s80,이 후보가 쌓인을 하지 않을 것인니 더 이상 요청하지 말란을 매비인 것으로 보인다
p21_u26,p21,taps_s160,이 후보가 쌓인을 하지 않을 것임니 더 이상 요청하지 말란을 매비인 것으로 보인다
p21_u26,p21,ce_visible,이후보가 쌓인을 하지 않을 것에니 더 이상 육청하지 말라는 우료한 것으로 보입다
p21_u26,p21,ce_invisible,이 후보가 쌓인을 하지 않을 것인니 더 이상 요청하지 말란을 매비인 것으로 보인다
p21_u27,p21,taps,이 후보가 쌓인을 거부한 인유는 여성이 내미 책때문인 것으로 네켜진은 습색하고 있다
p21_u27,p21,ce,이 후부가 사인을 거부한 인유는 여성이 내린 배문인 것으로 네티준들은 속색하고 있다
p21_u27,p21,ce_s40,이 후부가 사인을 거부한 인유는 여성이 내린 택배문인 것으로 네티준들은 착색하고 있다
p21_u27,p21,ce_s80,이 후부가 사인을 거부한 인유는 여성이 내미 택때문인 것으로 네티준들은 착색하고 있다
p21_u27,p21,ce_s160,이 후부가 쌓인을 거부한 인유는 여성이 내린 세때문인 것으로 네티준들은 색하고 있다
p21_u27,p21,taps_s80,이 후보가 쌓인을 거부한 의유은 여성이 내미 책때문인 것으로 네켜진들은 습색하고 있다
p21_u27,p21,taps_s160,이 후보가 쌓인을 거부한 인유는 여성이 내미 책때문인 것으로 네켜진들은 습색하고 있다
p21_u27,p21,ce_visible,이 후부가 사인을 거부한 인유는 여성이 내린 책때문인 것으로 네티준들은 속색하고 있다
p21_u27,p21,ce_invisible,이 후보가 쌓인을 거부한 인유는 여성이 내미 책때문인 것으로 네켜진은 습색하고 있다
p21_u28,p21,taps,영상에서 해당 새기정확하게 보이진 않지만 흰색 펼제 빚치와 곧바이 이틀명 아니냐는 주장이 제기됐다
p21_u28,p21,ce,영상에서 해당 세비 정원사게 보이진 않지만 흰세 표수의 비치어 고바이 이흔 명이 아니냐는 부상이 제기됐다
p21_u28,p21,ce_s40,영상에서 해당 세비정원사게 보이진 않지만 흰세 표수의 빚치어 곧바이 이틀 명이 아니냐는 부상이 제기됐다
p21_u28,p21,ce_s80,영상에서 해당 세비정원하게 보이진 않지만 흰재 표수의 빚으어 곧바이 이틀 명이 아니냐는 부당이 제기됐다
p21_u28,p21,ce_s160,영상에서 해당 살비정확사게 보이진 않지만 흰색 표스의 비치어 곧바이 이네 명이 아니냐는 부단이 제기됐다
p21_u28,p21,taps_s80,영상에서 해당 철기 정확하게 보이진 않지만 흰색 필지 빚치와 고바이 이틀명 아니냐는 주장이 제기됐다
p21_u28,p21,taps_s160,영상에서 해당 철기정확하게 보이진 않지만 흰색 펼지 빚치와 곧바이 이즈명 아니냐는 주장이 제기됐다
p21_u28,p21,ce_visible,영상에서 해당 세비정원사게 보이진 않지만 흰세 표수의 비치어 고바이 이흔 명이 아니면는 부장이 제기됐다
p21_u28,p21,ce_invisible,영상에서 해당 새기정확하게 보이진 않지만 흰색 펼제 빚치와 곧바이 이틀명 아니냐는 주장이 제기됐다
p21_u29,p21,taps,장년화 변호사가 지난해 십 이 월 출가한 이 책은 이 후보와 그의 측명이 조 이재선씨의 갈등을 다었다
p21_u29,p21,ce,강명화 변호사가 지난해 십 이 월 출간한 이책은 이 후보와 교의 측령인을 도 이대손씨의 갈등을 받었다
p21_u29,p21,ce_s40,강령화 변호사가 지난해 십 이 월 출간한 이책은 이후보와 교의 측령인을 보 이대선씨의 갈등을 받었다
p21_u29,p21,ce_s80,강령화 변호사가 지난해 십 이월 출간한 이택책은 이 후보와 교의 측령인을  이대손씨의 갈등을 받었다
p21_u29,p21,ce_s160,강명화 변호사가 지난해 십 이월 출간한 이 책은 이후보와 회의 생명인을 보 이대선씨의 갈등을 받었다
p21_u29,p21,taps_s80,장년화 변호사가 지난해 십 이 월 출가한 이 책은 이 후부와 그의 측령인 고 이게선씨의 갈등을 다었다
p21_u29,p21,taps_s160,장년화 변호사가 지난해 십 이 월출가한 이 책은 이 후부와 그의 측여인 고 이게선씨의 갈등을 달었다
p21_u29,p21,ce_visible,강명한 변호사가 지난해 십 이 월 출간한 이책은 이 후보와 교의 측령인을 도 이대씨의 갈등을 받었다
p21_u29,p21,ce_invisible,장년화 변호사가 지난해 십 이 월 출가한 이 책은 이 후보와 그의 측명이 고 이재선씨의 갈등을 다었다
p21_u30,p21,taps,임주당은 장변호사가 이제 선씨의 일방적인  수량을 담았다며 항내금지 가처분 신상을 했지만 법원은 이를 기각한 바 있다
p21_u30,p21,ce,윤주당은 장변호사가 이세선실의 일방적인 수단에 담았다며 항내 금식 과처분 신상을 했지만 법원은 입에 기급한 바 있다
p21_u30,p21,ce_s40,윤수당은 장변호사가 이세 선씨의 일방적인 수단에 받났다며 한내 금식 거처분 신상을 했지만 법원은 입에 기급한 바 있다
p21_u30,p21,ce_s80,윤수당은 장변호사가 이세 선씨의 일방적인 수단을 받았다며 한내금식 거처분 신상을 했지만 법원은 이를 기급한 바 있다
p21_u30,p21,ce_s160,윤수당은 장변호사가 이세 선실의 일방적인 수단에 받았다며 한내금식 거처분 신상을 했지만 법원은 이이 기급한 바 있다
p21_u30,p21,taps_s80,임주당은 장변호사가 이제 선씨의 일방적인 수항을 담았다며 항매 금직 가처분 신상을 했지만 법원은 이를 기각한 바 있다
p21_u30,p21,taps_s160,임주당은 장변호사가 이제 선씨의 일방적인 수항을 담았다며 항매 금직 가처분 신상을 했지만 법원은 이를 기각한 바 있다
p21_u30,p21,ce_visible,윤수당은 장변호사가 이세선실의 일방적인 수단에 담았다며 한내 금식 거처분 신상을 했지만 법원은 입에 기급한 바 있다
p21_u30,p21,ce_invisible,임주당은 장변호사가 이제 선씨의 일방적인  수량을 담았다며 항내금지 가처분 신상을 했지만 법원은 이를 기각한 바 있다
p21_u31,p21,taps,이송군이 국맹자체의 트를 강화하는 일레 주민 총해를 개책기요해 주목된다
p21_u31,p21,ce,우상군이 국민 가치의 스을 강화하는 밀레이주민 총해를  기롯해 주목된다
p21_u31,p21,ce_s40,이상군이 주민가치의 스을 강화하는 밀레이 주민 총례를 최 기요해 주목된다
p21_u31,p21,ce_s80,이상군이 주민 같치의 프을 강화하는 일레이 주민 총해를 최기요해 주목된다
p21_u31,p21,ce_s160,우상군이 국민같치의 프를 강화하는 일레이 주민 총해를 개최 기롯해 조목된다
p21_u31,p21,taps_s80,이송군이 주민자체의 트를 강화하는 일레 주민 송해를 개책기요해 주목된다
p21_u31,p21,taps_s160,이성군이 주민자체의 트를 강화하는 일레 주민 송해를 개책기요해 주목된다
p21_u31,p21,ce_visible,우상군이 국민 같치의 스을 강화하는 밀레이주민 총해를  기요해 주목된다
p21_u31,p21,ce_invisible,이송군이 국맹자체의 트를 강화하는 일레 주민 총해를 개책기요해 주목된다
p21_u32,p21,taps,부는 칠 일 안사면을 수작으로 팔 월 말까지 열 여덟 개  면에서 밀레 주민 통해를 제출한다
p21_u32,p21,ce,부는 칠 일 안사면을 시각으로 팔 월 말까지 열 여덟 개면에서 밀레이 쓰린 통해를 개출한다
p21_u32,p21,ce_s40,부는 칠 일 안 사면을 수각으로 팔 월 말까지 열 여덟 개 면에서 밀레이 쓰인 통해를 개출한다
p21_u32,p21,ce_s80,부는 칠 일 안사면을 수단으로 팔 월 말까지 열 여덟 개 면에서 밀레 쓰인 통해를 배출한다
p21_u32,p21,ce_s160,부는 칠 일 안사면의 수각으로 팔 월 말까지 열 여덟 개 면에서 밀레이 쓰민 통해를 배출한다
p21_u32,p21,taps_s80,그군는 칠 일 안사면을 수작으로 팔 월 말까지 열 여덟 개  면에서 밀레 중민 통해를 제출한다
p21_u32,p21,taps_s160,그는 칠 일 안사면을 수작으로 팔 월 말까지 열 여덟 개  연에서 밀레 주민 통해를 개출한다
p21_u32,p21,ce_visible,부는 칠 일 안사면을 수단으로 팔 월 말까지 열 여덟 개 면에서 밀레 쓰린 통해를 개출한다
p21_u32,p21,ce_invisible,부는 칠 일 안사면을 수작으로 팔 월 말까지 열 여덟 개  면에서 밀레 주민 통해를 제출한다
p21_u33,p21,taps,주민송에는 지역 주민들이 모여 지역의 일에 대해 논의라고 절정하는 수민의 공문장이다
p21_u33,p21,ce,민송에는 지역 주민들이 모여 지역의 일에 대해 논의 여봉 절동하는 주민 공분당이다
p21_u33,p21,ce_s40,민송에는 지역 주민들이 모여 지역의 일에 대해 논의 여봉 절정하는 주민 공분당이다
p21_u33,p21,ce_s80,민송에는 지역 주민들이 모여 지역의 일에 대해 논의 여봉 절당하는 주민 공분당이다
p21_u33,p21,ce_s160,민송에는 지역 주민들이 모여 지역의 일에 대해 논의 연봉 절동하는 주민 공분당이다
p21_u33,p21,taps_s80,국민총에는 지역 주민들이 모여 지역의 일에 대해 논의라고 절정하는 주민 공문장이다
p21_u33,p21,taps_s160,주민통에는 지역 주민들이 모여 지역의 일에 대해 논의라고 절정하는 수민 공문장이다
p21_u33,p21,ce_visible,민송에는 지역 주민들이 모여 지역의 일에 대해 논의 여봉 절정하는 주민 공분당이다
p21_u33,p21,ce_invisible,주민송에는 지역 주민들이 모여 지역의 일에 대해 논의라고 절정하는 수민의 공문장이다
p21_u34,p21,taps,이번 주민통회에서는 이천 십 삼 년 주민참력 예산 사업과 지역 현안 사업을 공유하고 결정한다
p21_u34,p21,ce,이반 부민통회에서는 이천 이십 삼 년 교인 삼력 예산 사업과 징역 현안 사업을 공유하고 결정한다
p21_u34,p21,ce_s40,위반 부민통회에서는 이천 이십 삼 년 교인 삼력 예산사업과 지역 현안 사업을 공유하고 결정한다
p21_u34,p21,ce_s80,이번 부민통회에서는 이천 십 삼 년 교인 삼력 예산사업과 징역 현안 산업을 공유하고 결동한다
p21_u34,p21,ce_s160,위번 부민통회에서는 이천 이십 삼 년 주인 삼력 예산 사업과 지역 현안 사업을 공유하고 결정한다
p21_u34,p21,taps_s80,이번 주민통회에서는 이천 십 삼 년 주민참력 예산 사업과 지역 현안 사업을 공유하고 결정한다
p21_u34,p21,taps_s160,이번 주민통계에서는 이천 십 삼 년 주민참력 예산 사업과 지역 현안 사업을 공유하고 결정한다
p21_u34,p21,ce_visible,이반 부민통회에서는 이천 이십 삼 년 교인 삼력 예산 사업과 징역 현안 사업을 공유하고 결정한다
p21_u34,p21,ce_invisible,이번 주민통회에서는 이천 십 삼 년 주민참력 예산 사업과 지역 현안 사업을 공유하고 결정한다
p21_u35,p21,taps,울면 주민자체에는 지난 일 월 주민 사체의 운전 계획을 수입한 소 차례 벌침 회위를 통해 지역현한 과제를 발굴하고 해결방안을 모습피왔다
p21_u35,p21,ce,면민 거치후에는 지난 일 월 주민 사체의 운영계획을 수입판소 차례 벌침 회를 통해 지역현한 과들를 발굴하고 팔결 방안을 모살피왔다
p21_u35,p21,ce_s40,윤안민 거치후에는 지난 일 월 주민 사체의 운영 계획을 수입판소 사례 벌침 회를 통해 지역편안 과들를 발굴하고 팔결 방안을 모살피왔다
p21_u35,p21,ce_s80,연 민 거치후에는 지난 일 월 주민 사체의 운영계획을 수입한소 사례 벌침 회 통해 지역편한 거들를 발굴하고 사결 방안을 모살해왔다
p21_u35,p21,ce_s160,연민 거치에는 지난 일 월 주민 사체의 운영계획을 수입판소 사례 벌침 회를 통해 지역편한 과들를 발굴하고 해결 방안을 모살해왔다
p21_u35,p21,taps_s80,울면 주민자체회는 지난 일 월 주민 사체의 운전 계획을 수입한 후 차례 벌침 회를 통해 지역현황 과제를 발굴하고 핵결방안을 모색해왔다
p21_u35,p21,taps_s160,울변 주민자치회는 지난 일 월 주민 사체의 운전 계획을 수입한 후 차례 걸침 회의를 통해 지역현단 과제를 발굴하고 해결방안을 모색해왔다
p21_u35,p21,ce_visible,면민 자치후에는 지난 일 월 주민 사체의 운영계획을 수입판소 차례 벌침 회를 통해 지역현한 과들를 발굴하고 팔결 방안을 모살피왔다
p21_u35,p21,ce_invisible,울면 주민자체에는 지난 일 월 주민 사체의 운전 계획을 수입한 후 차례 벌침 회위를 통해 지역현한 과제를 발굴하고 해결방안을 모습피왔다
p21_u36,p21,taps,그리고 그 결과를 주민 총의 안권으로 상성화여 증민 특표로 시행 우선 승위를 결정할 방침이다
p21_u36,p21,ce,그리고 그 결과를 주인 통역 안권으로 상성하여 국민 투표로 수은 오선 손위를 결정할 방침이다
p21_u36,p21,ce_s40,그리고 그 결과를 주인 역 안권으로 상성하여 유멘 특표로 수르는 오선 손위를 결정할 방침이다
p21_u36,p21,ce_s80,그리고 그 결과를 주인 통역 안권으로 상성하여 불민 투표로 체르인는 오선 손위를 결정할 방침이다
p21_u36,p21,ce_s160,그리고 그 결과를 수민 손에 안권으로 상당화 불민 특표로 스르 오선 순위를 결정할 방침이다
p21_u36,p21,taps_s80,그리고 그 결과를 주민 총의 안권으로 상성화여 주민 특표로 실행 우선 승위를 결정할 방침이다
p21_u36,p21,taps_s160,그리고 그 결과를 주민 총의 안권으로 상성하여 주민 특표로 시행 우선 승위를 결정할 방침이다
p21_u36,p21,ce_visible,그리고 그 결과를 주인 통역 안권으로 상성하여 국민 투표로 수은 오선 손위를 결정할 방침이다
p21_u36,p21,ce_invisible,그리고 그 결과를 주민 총의 안권으로 상성화여 증민 특표로 시행 우선 승위를 결정할 방침이다
p21_u37,p21,taps,특히 주민투표는 주민들이 직접 주인 손행 현상에서 투표하는 방식으로 운영되며 더많은 시민이 타여할 수 있도록 마별로 흥보도 진행한다
p21_u37,p21,ce,특히 주민트표는 주민들이 즉값 주민 송일 현상에서 투표하는 방식을로 운영되며 더많은 주민이 타여할 수 있도록 마을별로 흥보도 진행한다
p21_u37,p21,ce_s40,히 주민트표는 주민들이 즉값 주민 손내 현상에서 투표하는 방식을로 운영되며 더많은 주민이 파여할 수 있도록 마을별로 흥보도 진행한다
p21_u37,p21,ce_s80,히 주민투표는 주민들이 즉값 주민 손내 현상에서 투표하는 방식으 운영되며 더많은 주민이 파여할 수 있도록 말을별로 흥보도 진행한다
p21_u37,p21,ce_s160,히 주민투표는 주민들이 즉값 주민 손내 현상에서 투표하는 방식으로 운영되며 더많은 주민이 파여할 수 있도록 말을별로 흥보도 진행한다
p21_u37,p21,taps_s80,특히 주민투표는 주민들이 직접 주인 손행 현상에서 특별하는 방식으로 운영되면 더많은 시이 타여할 수 있도록 마별로 흥보도 진행한다
p21_u37,p21,taps_s160,특히 주민트표는 주민들이 직접 주인 손일 현상에서 특표하는 방식으로 운영되면 더많은 시민이 타여할 수 있도록 마별로 흥보도 진행한다
p21_u37,p21,ce_visible,이 주민트표는 주민들이 즉값 주민 송일 현상에서 투표하는 방식을로 운영되며 더많은 주민이 타여할 수 있도록 마을별로 흥보도 진행한다
p21_u37,p21,ce_invisible,특히 주민투표는 주민들이 직접 주인 손행 현상에서 투표하는 방식으로 운영되며 더많은 시민이 타여할 수 있도록 마별로 흥보도 진행한다
p21_u38,p21,taps,운석도 주민 자치원 에이티는 국민들의 행정 사여를 높이고 과치제에 대한 책임을 다한다는 의미에서 주민송에는 큰 의미가 있는 것 같다고 말했다
p21_u38,p21,ce,의석내 금인 자철한 에이티는 주민들의 행정 사회를 높이고 자치대에 대한 책임을 다한다는 의미에서 주민송에은 큰 리가 있는 것 같다고 말했다
p21_u38,p21,ce_s40,울석느 금인 자철리한 에이티는 주민들의 행정 사녀를 높이고 자치대에 대한 책임을 다한다는 의미에서 주민송에은 큰 리미가 있는 것 같다고 말했다
p21_u38,p21,ce_s80,의석내 금인 자철리한 에이티는 주민들의 행정 사회를 높이고 자치대에 대한 책임을 다한다는 의미에서 민송인은 큰 의미가 있는 것 같다고 말했다
p21_u38,p21,ce_s160,의석내 범인 가철리한 메이티는 주민들의 행정 사회를 높이고 자치대에 대한 책임을 더한다는 의미에서 주민송인은 큰 리가 있는 것 같다고 말했다
p21_u38,p21,taps_s80,운석도 주민 자치원 에이티는 국민들의 행정 사여를 높이고 과치제에 대한 책임을 다한다는 의미에서 주민송에는 큰 리미가 있는 것 같다고 말했다
p21_u38,p21,taps_s160,운석도 주민 자치원 에이티는 국민들의 행정 사여를 높이고 과치제에 대한 책임을 다한다는 의미에서 주민송에는 큰 리미가 있는 것 같다고 말했다
p21_u38,p21,ce_visible,의석내 금인 자철한 에이티는 주민들의 행정 사별를 높이고 자치대에 대한 책임을 다한다는 의미에서 주민송에은 큰 리가 있는 것 같다고 말했다
p21_u38,p21,ce_invisible,운석도 주민 자치원 에이티는 국민들의 행정 사여를 높이고 과치제에 대한 책임을 다한다는 의미에서 주민송에는 큰 의미가 있는 것 같다고 말했다
p21_u39,p21,taps,김주수 우선 군증은 주민 총해를 통해 올라운 사업들을 저정적으로 뒤받침하여 주민들의 결정이 구체적으로 실연될 수 있도록 사산 다하겠다 선했다
p21_u39,p21,ce,김수욱 의원은수은 주민통해를 통해 올라 사업들을 고정적으로 비받침하여 국민들의 결정이 구체적으로 스연될 수 있도록 상면 반하겠다 북판했다
p21_u39,p21,ce_s40,김수속 의원은수는 주민통해를 통해 올라 사업들을 대정적으로 뒷받침하여 주민들의 결정이 구체적으로 스연될 수 있도록 상선 반하겠다 북했다
p21_u39,p21,ce_s80,김수욱 의원수는 주민통해를 통해 올라 사업들을 주정적으로 뒷받침하여 주민들의 결정이 구체적으로 스연될 수 있도록 사선 반하겠다 북했다
p21_u39,p21,ce_s160,김수숙 은원군수는 주민통해를 통해 올라 사업들 대정적으로 비받침하여 주민들의 결정이 구체적으로 스연될 수 있도록 상한 반하겠다 비선했다
p21_u39,p21,taps_s80,김주수 우선 군증은 주민 총해를 통해 올라운 사업들을 저정적으로 뒤같침하여 주민들의 결정이 구체적으로 실현될 수 있도록 사선 다겠다 선했다
p21_u39,p21,taps_s160,김주수 우선군준은 주민 총해를 통해 올라운 사업들을 절정적으로 뒤같침하여 주민들의 결정이 구체적으로 실연될 수 있도록 사선 다하겠다 선했다
p21_u39,p21,ce_visible,김수욱 의원은수은 주민통해를 통해 올라 사업들을 고정적으로 비받침하여 국민들의 결정이 구체적으로 스연될 수 있도록 상면 반하겠다 북선했다
p21_u39,p21,ce_invisible,김주수 우선 군증은 주민 총해를 통해 올라운 사업들을 저정적으로 뒤받침하여 주민들의 결정이 구체적으로 실연될 수 있도록 사산 다하겠다 선했다
p21_u40,p21,taps,심관소음에 불만을 숨고 혼자 사는 이층 여성 거주지 문을 수차해 두드리고 고하악을 둘러 공포심을 도아한 삼십 대 남성이 급답했다
p21_u40,p21,ce,응간 소음의 불반을 품포 성장 사면 이층 여성 거주지을 사례 두드리고 보원하걸 둘러 경폭생을 보상한 사십 대 남성이 붙잡혔다
p21_u40,p21,ce_s40,응간 소음의 불반을 품풍 풍장 서면 이층 여성 거주지문을 칼해 두드리고 보원하을 둘러 경토심을 보성한 삼십 대 남성이 붙잡혔다
p21_u40,p21,ce_s80,응간 소음의 불만의 품풍 성장 사면 이층 여성 거들지 모을 칼해 두 드리고 보호하을 둘러 경포심을 보성한 사십 대 남성이 붙잡혔다
p21_u40,p21,ce_s160,심간 소음의 불만의 품풍 순장 하면 이층 여성 거들지 을 칼에 두드리고 보호하걸 둘러 경토심을 보상한 사십 대 남성이 붙잡혔다
p21_u40,p21,taps_s80,심관소음에 불만을 숨고 혼자 사는 육층 여성 거주지 문을 수차례 두드리고 고하악을 둘러 공포심을 도장한 삼십 대 남성이 급답했다
p21_u40,p21,taps_s160,심관 소에 불만을 품고 혼자 사장 이층 여성 거주지 문을 수차례 두드리고 고하악을 둘러 공포심을 도장한 삼십 대 남성이 급답했다
p21_u40,p21,ce_visible,심간 소음의 불반을 품풍 풍장 사면 이층 여성 거주지을 사해 두드리고 보원하을 둘러 공폭생을 보상한 사십 대 남성이 붙잡혔다
p21_u40,p21,ce_invisible,심관소음에 불만을 숨고 혼자 사는 이층 여성 거주지 문을 수차해 두드리고 고하악을 둘러 공포심을 도아한 삼십 대 남성이 급답했다
p21_u41,p21,taps,광양경찰서는 석진범죄 처벌 등에 관한 법률기관 항위로 엘시를 입거했다고 십 삼 일 밝혔다
p21_u41,p21,ce,광명경찰서는 혹신 범죄 처벌 등에 관한 법률위반 행류로 에스를 입권했다고 책감일 밝혔다
p21_u41,p21,ce_s40,광명경찰서는 송신 범죄에 처벌 등에 관한 법률위반 행위로 에스를 입권했다고 세감일 밝혔다
p21_u41,p21,ce_s80,광명경찰서는 혹신 범죄에 처벌 등에 관한 법률위반 행의로 에스를 입권했다고 세감일 밝혔다
p21_u41,p21,ce_s160,광명경찰서는 혹진범죄 처벌 등에 관한 법률위반 행류로 에이스를 이권했다고 사감 일 밝혔다
p21_u41,p21,taps_s80,광양 경찰서는 석진범죄 처벌 등에 관한 법률기관 항위로 엘시를 입권했다고 십 삼 일 밝혔다
p21_u41,p21,taps_s160,광양경찰서는 확진범죄 처벌 등에 관한 법률기관 항의로 엘씨를 입권했다고 십 삼 일 밝혔다
p21_u41,p21,ce_visible,광명경찰서는 혹신 범죄에 처벌 등에 관한 법률위반 행류로 에스를 입권했다고 책감일 밝혔다
p21_u41,p21,ce_invisible,광양경찰서는 석진범죄 처벌 등에 관한 법률기관 항위로 엘시를 입거했다고 십 삼 일 밝혔다
p21_u42,p21,taps,엘 씨는 지난 십 일 일 오전 네 시 십 분을께 한동해 한 아파트에서 미집에 거절중인 삼십 대 여성 빈씨  생만만을 수차를 두드린 혐이다
p21_u42,p21,ce,메스는 지난 십 일 일 오전 네  스붙님께 한동의 한 아파트에서 미집에 버델등이 삼십 배 여성 백의 모문는 스코례 두드인 혐이다
p21_u42,p21,ce_s40,메이스는 지난 십 일 일 오전 네  스분님께 한동의 한 아파트에서 미집에 거델 중이 삼십 배 여성 빈씩 모문는 칼례 두드인 혐이다
p21_u42,p21,ce_s80,레이스는 지난 십 일 일 오전 네시 스포님께 한동해 한 아파트에서 미집에 거델 중이 삼십배 여성 빌의 모문을 스타를 두드린 혐이다
p21_u42,p21,ce_s160,메이스는 지난 십 일 일 오전 네스 스포님게 한동해 한 아파트에서 미쯤의 고대중이 삼십 배 여성 빈스의 모문을 숙타례 두드린 혐이다
p21_u42,p21,taps_s80,엘이씨는 지난 십 일 일 오전 네 시 십 분을께 한동해 한 아파트에서 위집에 거절중인 삼십 대 여성 빈의  천 만만을 수차를 두드린 혐이다
p21_u42,p21,taps_s160,엘이씨는 지난 십 일 일 오전 네 시 십 분께 한동해 한 아파트에서 위집에 거절중인 삼십 대 여성 빈씨의  행만만을 수차례 두드린 혐이다
p21_u42,p21,ce_visible,메스는 지난 십 일 일 오전 네  스붙님께 한동의 한 아파트에서 미집에 버델 등이 삼십 배 여성 백의 온문는 스코에 두드인 혐이다
p21_u42,p21,ce_invisible,엘 씨는 지난 십 일 일 오전 네 시 십 분을께 한동해 한 아파트에서 미집에 거절중인 삼십 대 여성 빈씨  생만만을 수차를 두드린 혐이다
p21_u43,p21,taps,신고를 받고 출동한 경찰은 피해자 진술를 창시후 주변 실대를 순사하였지만 별다른 특기점을 발견한지 오히에 철수했다
p21_u43,p21,ce,신고를 받고 출동한 경찰은 피해자 서술들 상체고 주변 일대를 수아하였지만 별다른 풀기점을 발견하지 못한 서수했다
p21_u43,p21,ce_s40,신고를 받고 슬동한 경찰은 피해가 서술들 상체고 주변 일대를 수사하였지만 별다른 풀기점을 발견하지 못해 철수했다
p21_u43,p21,ce_s80,신고를 받고 출동한 경찰은 피해자 서술들 창체고 주변 일대를 수아하였지만 별다른 풀기점을 발견하지 못해 철수했다
p21_u43,p21,ce_s160,행고를 받고 출동한 경사는 피해자 빈술들 창체고 주변 일대를 찾사하였지만 별다른 풀기점을 발견하지 못해 착수했다
p21_u43,p21,taps_s80,신고를 받고 술동한 경찰은 피해자 진술를 창시후 주변 일대를 스 사타였지만 별다른 특기점을 발견하지 모히에 철수했다
p21_u43,p21,taps_s160,신고를 받고 출동한 경찰은 피해자 진술를 창시소 주변 실대를 스사하였지만 별다른 특기점을 발견하지 못회에 착수했다
p21_u43,p21,ce_visible,신고를 받고 술동한 검찰은 피해자 진술들 상체고 주변 일대를 수아하였지만 별다른 풀겠점을 발견하지 못한 서수했다
p21_u43,p21,ce_invisible,신고를 받고 출동한 경찰은 피해자 진술를 창시후 주변 실대를 순사하였지만 별다른 특기점을 발견한지 오히에 철수했다
p21_u44,p21,taps,이후 에이씨는 오십자 분지인 오전 다섯 을께 또 사시 비지집을 사자가 돌오락을 노리기도 했다
p21_u44,p21,ce,이후 에이스는 우승자분 지인 오전 더섯을 때 또 사실 비미집을 화과가 돌하를 노르기도 했다
p21_u44,p21,ce_s40,이후 에이스는 오생려분 중린 오전 더 섯을 때 또 사실 비쓰미집을 사자가 돌오하를 노르기도 했다
p21_u44,p21,ce_s80,이후 레이스는 오생자분 중린 오전 더 섯을 때 또 사실 비쓰니집를 사자가 돌오락를 노르기도 했다
p21_u44,p21,ce_s160,이후 웨이스는 오생려 분 중인 오전 더섯 을께 또 사실 비즈니집을 찾자가 돌오하를 늘르기도 했다
p21_u44,p21,taps_s80,이후 에이씨는 오십여 분지인 오전 다섯 새께 또 사십 비지집을 사자가 돌락을 노리기도 했다
p21_u44,p21,taps_s160,이후 에이씨는 오십규 분지인 오전 다섯 시께 또 사시 비의집을 찾자가 돌락을 노르기도 했다
p21_u44,p21,ce_visible,이후 에이스는 우승자분 지인 오전 더 섯을 때 또 사실 비미집을 화자가 돌하를 노르기도 했다
p21_u44,p21,ce_invisible,이후 에이씨는 오십자 분지인 오전 다섯 시께 또 사시 비지집을 사자가 돌오락을 노리기도 했다
p21_u45,p21,taps,대차 신고를 접수하고 현장의 도착된 경찰은 아르츠 현가문이 서서에 다추는 것을 확인했다
p21_u45,p21,ce,백타신고를 접수하고 현장의 도착한 경찰은 아르낀 현명문이 서서에 배추 있는 것을 확인했다
p21_u45,p21,ce_s40,그타신고를 접수하고 현장에 도착한 경찰은 아르 힌 현자문이 서서에 받수 있는 것을 확인했다
p21_u45,p21,ce_s80,그타신고를 접수하고 현장에 도착한 경찰 은 아르크 하나문이 서서에 받추는 것을 확인했다
p21_u45,p21,ce_s160,그한신고를 접수하고 한당에 도착한 경찰 은 아르크 현명문이 서서에 받추 있는 것을 확인했다
p21_u45,p21,taps_s80,대차 신고를 접수하고 현장의 도착한 경찰은 아르츠 현나문이 서서에 다추는 것을 확인했다
p21_u45,p21,taps_s160,대차 신고를 접수하고 현장의 도착한 경찰은 아르츠 현자문이 서서에 다추는 것을 확인했다
p21_u45,p21,ce_visible,백타신고를 접수하고 현장의 도착한 경찰은 아르낀 현명문이 서서에 다추 있는 것을 확인했다
p21_u45,p21,ce_invisible,대차 신고를 접수하고 현장의 도착된 경찰은 아르츠 현가문이 서서에 다추는 것을 확인했다
p21_u46,p21,taps,경찰를 출공해 엘이신는 위층에서 고의도 호움을 일으준다고 생각해 거을주기기해 범행을 저질렀다고 답했혔다
p21_u46,p21,ce,경찰에 출공해 베이스는 위층에서 보기로 소움을 잃일으군다고 생각해 거붉수기 기해 범행을 저질렀다고 혔다
p21_u46,p21,ce_s40,경찰에 출공해 베이스는 밑층에서 보기로 소움을 일으준다고 생각해 거을수기기의 범행을 저질렀다고 혔다
p21_u46,p21,ce_s80,경찰에 출공해 베이스는 밑층에서 보기로 소움을 일으준다고 생각해 거을수기기해 범행을 저질렀다고 답입혔다
p21_u46,p21,ce_s160,경찰에 출공해 베이스는 밑층에서 보이도 소움을 잃으준다고 생각해 거붉수기기의 범행을 저질렀다고 답혔다
p21_u46,p21,taps_s80,경찰를 출공해 엘이신을 위층에서 고의도 호움을 일급준다고 생각해 거을주기기해 범행을 저질렀다고 답했혔다
p21_u46,p21,taps_s160,경찰를 출공해 엘이신는 위층에서 고의도 호움을 일으준다고 생각해 거을주기기해 범행을 저질렀다고 답혔다
p21_u46,p21,ce_visible,경찰에 출공해 베이스는 위층에서 보기로 소움을 잃일으군다고 생각해 거붉수기 기해 범행을 저질렀다고 혔다
p21_u46,p21,ce_invisible,경찰를 출공해 엘이신는 위층에서 고의도 호움을 일으준다고 생각해 거을주기기해 범행을 저질렀다고 답했혔다
p21_u47,p21,taps,또 선유도의 한당 이를 거르며 정치를 감성할 수 있는 뒤급사 형태의 수만년 비행티크가 조성된다
p21_u47,p21,ce,서울 선유도의 한강 기를 걸르며 정치를 감성할 수 있는 비극단 형페인 수난용 부행대크가 조성된다
p21_u47,p21,ce_s40,서울 산유도의 한강 이를 걸르며 경치를 감성할 수 있는 비극단 형태 수난용 보행대크가 조성된다
p21_u47,p21,ce_s80,서울 선유도의 한강 이를 거르며 정치를 감성할 수 있는 귀극단 형폐를 소난용 부행비크가 조성된다
p21_u47,p21,ce_s160,서울 선유도의 한강 이를 고르며 정치를 감성할 수 있는 귀극단 형페인 소난용 비행대표가 조성된다
p21_u47,p21,taps_s80,또 선도의 한당 이를 거르며 정치를 감성할 수 있는 기급사 형태의 수만년 비행빅크가 조성된다
p21_u47,p21,taps_s160,또 선유도의 한상 이를 거르며 정치를 감성할 수 있는 기급사 형태에 수만년 비행티크가 조성된다
p21_u47,p21,ce_visible,서울 선유도의 한강 기를 걸르며 정치를 감성할 수 있는 비극단 형페인 수난용 부행대크가 조성된다
p21_u47,p21,ce_invisible,또 선유도의 한당 이를 거르며 정치를 감성할 수 있는 뒤급사 형태의 수만년 비행티크가 조성된다
p21_u48,p21,taps,서울시 한경사업본부는 현일도 보행상금 및 횡명수상 갤로리 조성사업을 추진한다고 이십 육 일 밝혔다
p21_u48,p21,ce,서울시 한경사업본부는 환료도 보행광규 및 함양소상 글로리 조성사업을 수진한다고 이십 육 일 밝혔다
p21_u48,p21,ce_s40,서울수 한경사업본부는 선료도 보행관규 및 함양소상 글로리 조성사업을 수진한다고 이십 육 일 밝혔다
p21_u48,p21,ce_s80,서울시 한경사업본부는 하료도 보행관금 및 함경소상 글로리 조성사업을 수진한다고 이십 육 일 밝혔다
p21_u48,p21,ce_s160,서울시 한경사업본부는 선도 보행광규 및 함양수상 글로리 조성사업을 수진한다고 이십 육 일 밝혔다
p21_u48,p21,taps_s80,서울시 한경사업본부는 현일도 보행상금 및 횡양수상 갤로리 도성사업을 추진한다고 이십 육 일 밝혔다
p21_u48,p21,taps_s160,서울시 한강사업본부는 현일도 보행상금 및 평양수상 갤로리 도성사업을 추진한다고 이십 육 일 밝혔다
p21_u48,p21,ce_visible,서울시 한경사업본부는 환료도 보행광규 및 함양소상 글로리 조성사업을 수진한다고 이십 육 일 밝혔다
p21_u48,p21,ce_invisible,서울시 한경사업본부는 현일도 보행상금 및 횡명수상 갤로리 조성사업을 추진한다고 이십 육 일 밝혔다
p21_u49,p21,taps,지에 따르면 보행대표는 손 백트시기미터 길이의 국층 행태로 강모의 뛰우는 일 층 부상량 보인모와 약 시곱미터도피의 이층 전방대로 구성된다
p21_u49,p21,ce,속에 따르면 보행 대표는 속 붙풀시량의터길지의 북은 한태로 강물의 뛰로는 일 층 부상량 보행노와 약 세백 미파 로피의 입층 전방대로 구성된다
p21_u49,p21,ce_s40,시에 따르면 보행 대표는 속 백표쓰린미터 길이의 북은 한태로 강물의 뛰우는 일 층 부상량 보행노와 약 시백미파 로피의 입층 전방대로 구성된다
p21_u49,p21,ce_s80,실에 따르면 보행대표는 속 백쓰리미터 길이의 북착 상태로 강물의 뛰로는 일 층 부상량 보행노와 약 최백미파 로피의 입층 전방대로 구성된다
p21_u49,p21,ce_s160,십에 따르면 보행 대포는 속 백풀쓰리미터 길이의 북등 한태로 강물의 뛰로는 일 층 부상량 보행노와 약 세백미파모피의 입층 전방대로 구성된다
p21_u49,p21,taps_s80,지에 따르면 보행대표는 손 백표시미터 길이의 북의 행태로 강모의 뛰우는 일 층 부상량 보행모와 약 시고미터부피의 이층 전방대로 구성된다
p21_u49,p21,taps_s160,시에 따르면 보행대표는 손 백표시미터 길이의 북층 행태로 강모의 뛰우는 일층 부상량 보인모와 약 시곱미터모피의 입층 전방대로 구성된다
p21_u49,p21,ce_visible,속에 따르면 보행 대표는 속 붙풀시량의터길지의 북은 한태로 강물의 뛰로는 일 층 부산량 보행노와 약 세백 미파 로피의 입층 전방대로 구성된다
p21_u49,p21,ce_invisible,지에 따르면 보행대표는 손 백시기미터 길이의 극층 행태로 강모의 뛰우는 일 층 부상량 보인모와 약 시곱미터도피의 이층 전방대로 구성된다
p21_u50,p21,taps,보행 대표를 따라걸려면 상사도 곡회빠은 한당이 치원한 물들기를 한전에 볼 수 있고 쪽으로는 높이 솟은 북한 사까지 반망할 수 있다
p21_u50,p21,ce,보행대표를 따라거르면 황 하루도 곡회빠은 한강이 수우한 물들기를 하눈에 볼 수 있고 속으로는 높이 솟은 듯한 사까지 도망할 수 있다
p21_u50,p21,ce_s40,보행대피를 따라거르면 상 하리도 국회빠은 한강이 수우한 물들기를 한눈에 볼 수 있고 쪽으로는 높이 솟은 급한 사까지 도망할 수 있다
p21_u50,p21,ce_s80,보행 대피를 따라거르면 황 하리도 국회빠은 한강이 쓰우한 물들기를 한눈에 볼 수 있고 적으로는 높이 솟은 한 사까지 도망할 수 있다
p21_u50,p21,ce_s160,보행 대피를 따라거르면 황하리도 국회빠은 한강이 수우한 물쓸기를 하눈에 볼 수있고 적으로을 높이 솟은 급한 사까지 도망할 수 있다
p21_u50,p21,taps_s80,보행 대표를 따라거려면 상사도 곡게빠은 한당이 시원한 물들기를 한전에 볼 수 있고 쪽으로는 높이 솟은 북한 사까지 보망할 수 있다
p21_u50,p21,taps_s160,보행 대표를 따라거르면 상사도 곡회빠을 한당이 시원한 물들기를 한전에 볼 수 있고 쪽으로는 높이 솟은 북한 사까지 분망할 수 있다
p21_u50,p21,ce_visible,보행대표를 따라거르면 상 하루도 곡회빠은 한강이 수한 물들기를 하눈에 볼 수 있고 속으로는 높이 솟은 듯한 사까지 도망할 수 있다
p21_u50,p21,ce_invisible,보행 대표를 따라걸려면 상사도 곡회빠은 한당이 치원한 물들기를 한전에 볼 수 있고 쪽으로는 높이 솟은 북한 사까지 반망할 수 있다
p21_u51,p21,taps,실제과 이층 사이에는 과로 약 팔십 네터 규모의 낙카 분수를 설치해 대형버터 스프림을 만들 계획이다
p21_u51,p21,ce,리순과 입쯤 상인에는 과로약파 생물터 규모의 낙파 분스를 설치해 대형부터 스프리을 만들 결획이다
p21_u51,p21,ce_s40,리순과 이층 상인에는 가로 야파 생물팔 규모의 낙파 분스를 설치해 대형부터 스프인을 만들 계획이다
p21_u51,p21,ce_s80,리순과 이천 상위에는 가로 야파생물파규모의 낙파 군스를 설치해 대연터스프인을 만들 결획이다
p21_u51,p21,ce_s160,리스과 입천 상이에는 가로야파생활 팔규모의 낙카 군스를 설치해 대형터 스프림을 만들 계획이다
p21_u51,p21,taps_s80,일제과 이층 사이에는 과로 약 팔십 미터 규모의 낙카 분수를 설치해 대형 버터 스프림을 만들 계획이다
p21_u51,p21,taps_s160,일제과 이증 사이에는 과로 약 팔시미터 규모의 낙카 분수를 설치해 대형버터 스프림을 만들 계획이다
p21_u51,p21,ce_visible,리순과 입쯤 상인에는 과로약파 생물터 규모의 낙파 분스를 설치해 대형부터 스프리을 만들 결획이다
p21_u51,p21,ce_invisible,실제과 이층 사이에는 과로 약 팔십 미터 규모의 낙카 분수를 설치해 대형버터 스프림을 만들 계획이다
p21_u52,p21,taps,일 층 보도 한 가운데는 이천 십 오 년 이후 노후와로 가동해 중단된 월특커 분수를 저활용해 불명수상 길러리를 뿐긴다
p21_u52,p21,ce,일 층 보도 한가문되는 이천 십 오 년 이후 노후와로 가동에 중단된 월특커 소를 교활 용해 범명 수상 글거이를 뿐긴다
p21_u52,p21,ce_s40,일 층 보상도 한가운되는 이천 십 오 년 이후 노후와로 가동에 등단된 월특커 브스를 교활 용해 범명 수상 글거이를 뿐긴다
p21_u52,p21,ce_s80,일 층 보도 한가운되는 이천 십 오 년 이후 노후와로 가동에 중단된 월특커 브스를 교발 용해 금명수상 글럭이를 뿐긴다
p21_u52,p21,ce_s160,일 층 보상도 한가운되는 이천 십 오 년 이후 노후와로 가동에 중단된 월특커 브스를 교발 용해 금명수상 글거이를 징긴다
p21_u52,p21,taps_s80,일 층 고도 한 가운데는 이천 십 오 년 이후 노후와로 가동해 중단된 월특커 분수를 저활용해 규명수상 길러이를 뿐긴다
p21_u52,p21,taps_s160,일 층 보도 한 가운데는 이천 십 오 년 이후 노후와로 가동해 줄단된 월특커 분수를 저활용해 불명수상 길러리를 뿐긴다
p21_u52,p21,ce_visible,일 층 보도 한가문되는 이천 십 오 년 이후 노후와로 가동에 중단된 월특커 소를 교활 용해 범명 수상 글거이를 뿐긴다
p21_u52,p21,ce_invisible,일 층 보도 한 가운데는 이천 십 오 년 이후 노후와로 가동해 중단된 월특커 분수를 저활용해 불명수상 길러리를 뿐긴다
p21_u53,p21,taps,구속몰 내부에는 삼대뉴십 도 소대한 열리비를 설치해 시민들이 한강 위에서 자체로운 탄센스를 줄일 수 있도록 인양할 권리기다
p21_u53,p21,ce,구도문 내부에는 삼백뉴 십 도 소대형 열리비르 설치의 시민들이 한강 위에서 사체로판 센트를 줄일 수 있도록 운냥을 권리이다
p21_u53,p21,ce_s40,구도몰 내부에는 삼백뉴십 도 포대형 열리비르 설치의 시민들이 한국민에서 사태로판 센트를 줄길 수 있도록 운냥할 권리이다
p21_u53,p21,ce_s80,구도몰 내부에는 삼백뉴십 도 포대형 열리비르 설치의 시민들이 한국 미에서 사태로이판 센트를 줄길 수 있도록 운향할 권리이다
p21_u53,p21,ce_s160,구동몰 내부에는 삼백뉴십도 포대형 열리비르 설치의 시민들이 한강 위에서 사체로이편 선스를 줄일길 수 있도록 운냥할 권력이다
p21_u53,p21,taps_s80,구속몰 내부에는 산대뉴식 도 소대한 열리비를 설치해 시민들이 한강 위에서 자체로운 탄센스를 즐일 수 있도록 인양할 권리이다
p21_u53,p21,taps_s160,구속몰 내부에는 삼대식 도 소대한 열리비를 설치해 시민들이 한강 위에서 자체로운 탄센스를 줄일 수 있도록 인영할 권리이다
p21_u53,p21,ce_visible,구도문 내부에는 삼백뉴 십 도 포대형 열리비르 설치의 시민들이 한강 위에서 사체로판 센트를 줄일 수 있도록 운냥을 권리이다
p21_u53,p21,ce_invisible,구속몰 내부에는 삼대뉴십 도 소대한 열리비를 설치해 시민들이 한강 위에서 자체로운 탄센스를 줄일 수 있도록 인양할 권리기다
p21_u54,p21,taps,갤럭이닫닥은 강한요이로 만들어 팔 아래도 분수상지를 관람할 수 있다
p21_u54,p21,ce,힐러이바닥은 강화 요이로 만들어 팔 라에도 본 수정비를 걸라할 수 있다
p21_u54,p21,ce_s40,갤럭이바닥은 강아요이로 만들어 팔 라에높 은 수정비를 걸라할 수 있다
p21_u54,p21,ce_s80,힐럭이바닥은 강화요리로 만들어 팔 라에 높 은 수정미를 걸라할 수 있다
p21_u54,p21,ce_s160,러이바닥은 강한 요기로 만들어 팔 라에도 본 수정비를 걸라할 수 있다
p21_u54,p21,taps_s80,갤럭이가닥은 강아요이로 만들어 팔 아래도 분수장비를 관람할 수 있다
p21_u54,p21,taps_s160,갤럭이닫닥은 강아요이로 만들어 팔 라래도 분수장비를 관람할 수 있다
p21_u54,p21,ce_visible,힐러이바닥은 강화 요이로 만들어 팔 라에도 본 수정비를 걸라할 수 있다
p21_u54,p21,ce_invisible,갤럭이닫닥은 강한요이로 만들어 팔 아래도 분수상지를 관람할 수 있다
p21_u55,p21,taps,군사 모들은 원영유리 틀린 플렉스 갤라스를 통해 빛을 스팩 트론에 따라 다처로운 생상을 만들어낸다
p21_u55,p21,ce,군사모들은 원영률리트린 플렉스클라스를 통해 햇빛의 스패 트롬에 따라 자체로 생상을 만들어낸다
p21_u55,p21,ce_s40,군사모들은 원영률리트린 플렉클라스를 통해 햇빛의 스패 처롬에 따라 자체로 생상을 만들어낸다
p21_u55,p21,ce_s80,군사모들은 원영유리트린 플렉클라스를 통해 빛의 스패 처롬에 따라 자체로 생상을 만들어낸다
p21_u55,p21,ce_s160,군사모들은 원영률리트인 플렉스 갤라스를 통해 햇빛의 스패 처롬에 따라 자체로 생상을 만들어낸다
p21_u55,p21,taps_s80,군사 모들은 원영유리 철린 플렉스 클라스를 통해 빛의 스팩 탈론에 따라 다처로운 생상을 만들어낸다
p21_u55,p21,taps_s160,군사 모들은 원영요리 채린 플렉스 클라스를 통해 솔빛의 스팩 트럼에 따라 다처로운 생상을 만들어낸다
p21_u55,p21,ce_visible,군사모들은 원영률리트린 플렉스클라스를 통해 햇빛의 스패 처롬에 따라 자체로 생상을 만들어낸다
p21_u55,p21,ce_invisible,군사 모들은 원영유리 틀린 플렉스 갤라스를 통해 빛을 스팩 트론에 따라 다처로운 생상을 만들어낸다
p21_u56,p21,taps,평장들 작은 서인 서유도는 야화대 교에서 이어지는 장문으로 가로 진입할 수 있다
p21_u56,p21,ce,한강대 작은 서민 서유돈은 야화대표에서 이어지는 장문으로 바로진이 팔 수 있다
p21_u56,p21,ce_s40,한강대 작은 서민 서유돈은 야화대표에을 이어지는 장문으로 바로침이 팔 수 있다
p21_u56,p21,ce_s80,한강네 작은 서민 서유돈은 야화대표에서 이어지는 장문으로 바로침이 팔 수 있다
p21_u56,p21,ce_s160,한강내 작은 서민 서유도은 야화대표에을 이어지는 장문으로 바로침이 팔 수 있다
p21_u56,p21,taps_s80,한강들 작은 서인 서유도는 야화대 교에서 이어지는 장문으로 가로침입할 수 있다
p21_u56,p21,taps_s160,한강을 작은 서인 서유도는 야화대 효에서 이어지는 장문으로 가로 진입할 수 있다
p21_u56,p21,ce_visible,한강대 작은 서민 서유돈는 야화대표에서 이어지는 장문으로 바로진이 팔 수 있다
p21_u56,p21,ce_invisible,평장들 작은 서인 서유도는 야화대 교에서 이어지는 장문으로 가로 진입할 수 있다
p21_u57,p21,taps,양러 한강 보관에서 이어지는 보행교인 선유기로 갖나서 들어갈 수도 있어 박근성이 좋다
p21_u57,p21,ce,양화 한간 공관에서 이어지는 보행교육이 선녀교를 걷나서 적어온 속도 있동 발평성이 좋다
p21_u57,p21,ce_s40,양화 한강 공간에서 이어지는 보행교육이 선녀교를 걷나서 적어온 속도 있동 발분성이 좋다
p21_u57,p21,ce_s80,양화 한강 공관에서 이어지는 보행교육이 선녀교를 걷나서 들어온 속도 있동 발명성이 좋다
p21_u57,p21,ce_s160,양화 한간 공관에서 이어지는 보행교이 선녀교육 건나서 적어온 소도 있던 발등성이 좋다
p21_u57,p21,taps_s80,양러 한강 고관에서 이어지는 보행교인 선유기를 걷나서 들어갈 수도 있어 박분성이 좋다
p21_u57,p21,taps_s160,양하 한강 보관에서 이어지는 보행교인 선유기를 간나서  어갈 수도 있어 박분성이 좋다
p21_u57,p21,ce_visible,양화 한간 공간에서 이어지는 보행교육이 선녀교를 걷나서 적어온 속도 있동 발평성이 좋다
p21_u57,p21,ce_invisible,양러 한강 보관에서 이어지는 보행교인 선유기로 갖나서 들어갈 수도 있어 박근성이 좋다
p21_u58,p21,taps,이는 적분성이 뛰어나고 주변경관이 우수한 상들를 활용해 시민들이 수변문화를 사용하고 수식을 즐일 수 있는 공간을 만들게 됐다고 전했다
p21_u58,p21,ce,이는 적분상이 뛰어나고 주변 경관이 우슬한 선유를 활용해 시민들이 수변문화를 처어하고 실색을 줄일 수 있는 권간을 만들게 됐다고 전했다
p21_u58,p21,ce_s40,이는 집분상이 뛰어나고 주변 경관이 우수한 선유거를 활용해 시민들이 수변문화를 태명하고 실색을 줄길 수 있는 공간을 만들게 됐다고 전했다
p21_u58,p21,ce_s80,이는 적분상이 뛰어나고 주변 경관이 우수한 선유보를 활용해 시민들이 수변문화를 처어하고 실색을 줄길 수 있는 공간을 만들게 됐다고 전했다
p21_u58,p21,ce_s160,이는 접분성이 뛰어나고 주변경관이 우수한 선유도를 활용해 시민들이 수변문화를 처어하고 실스을 줄일 수 있는 공간을 만들게 됐다고 전했다
p21_u58,p21,taps_s80,시는 적분성이 뛰어나고 주당 경관이 우수한 상유들를 활용해 시민들이 수변문화를 사용하고 수식을 즐길 수 있는 공간을 만들게 됐다고 전했다
p21_u58,p21,taps_s160,시는 적분성이 뛰어나고 주당 경관이 우수한 상유들를 활용해 시민들이 수변문화를 처용하고 수식을 줄길 수 있는 공간을 만들게 됐다고 전했다
p21_u58,p21,ce_visible,이는 적분상이 뛰어나고 주변 경관이 우슬한 선유보를 활용해 시민들이 수변문화를 처어하고 실색을 줄길 수 있는 권간을 만들게 됐다고 전했다
p21_u58,p21,ce_invisible,이는 적분성이 뛰어나고 주변경관이 우수한 상들를 활용해 시민들이 수변문화를 사용하고 수식을 즐일 수 있는 공간을 만들게 됐다고 전했다
p21_u59,p21,taps,기금은 서울내 열 한 게 한명원에 있는 반양한 스설과 신사가 마련데 있지만 투변 문화를 직접 채할 수 있는 공간은 부족했다는 진단이다
p21_u59,p21,ce,이존을 서울의 열 한 게 항경공원에 있는 다양한 수설과 순사가 마련돼 있지만 수변 문화를 직껏 퇴엄갈 수 있는 공간은 부족했다는 진단이다
p21_u59,p21,ce_s40,기존을 서울의 열 한 게 항국공원에 있는 다양한 수설과 순사가 마련돼 있지만 수변 문화를 직껏 퇴엄말 수 있는 공간은 부족했다는 진단이다
p21_u59,p21,ce_s80,기존을 서울의 열 한 게 항미공원에 있는 다양한 수설과 순사가 마련돼 있지만 수변 문화를 직껏 취엄할 수 있는 공간은 부족했다는 진단이다
p21_u59,p21,ce_s160,기존을 서울의 열 한 길 항경공원에 있는 다양한 수설과 신사가 마련돼 있지만 수변 문화를 직껏 퇴엄할 수 있는 공간은 부족했다는 진단이다
p21_u59,p21,taps_s80,기금을 서울내 열 한 게 한명원에 있는 다양한 스설과 신사가 마련 있지만 프변 문화를 직쳐 철할 수 있는 공강은 부롭했다는 진단이다
p21_u59,p21,taps_s160,기금을 서울내 열 한 게 한명원에 있는 반양한 스설과 신사가 마련돼 있지만 투변문화를 직접 채할 수 있는 공강은 부족했다는 진단이다
p21_u59,p21,ce_visible,기존의 서울의 열 한 게 항경공원에 있는 다양한 수설과 순사가 마련돼 있지만 수변 문화를 뒤껏 퇴엄갈 수 있는 공간은 보족했다는 진단이다
p21_u59,p21,ce_invisible,기금은 서울내 열 한 게 한명원에 있는 반양한 스설과 신사가 마련돼 있지만 투변 문화를 직접 채할 수 있는 공간은 부족했다는 진단이다
p21_u60,p21,taps,이번에 새로 도성하는 부행산교는 광문 바로 이에 설치된 시민들이 한황이를 건는 듯한 지분을 느끼이 있을 것으로 시는 기대했다
p21_u60,p21,ce,이번 새로 조성안는 보행광경는 강바로 이에 설치된 시민들이 황경의를 건는 방식문을 느이 있을 것으로 쓰는 기대했다
p21_u60,p21,ce_s40,이번 새로 조성안는 보행광교는 강 바로 이에 설치된 시민들이 황양이를 건는 방 지문을 느이을 있을 것으로 추는 기대했다
p21_u60,p21,ce_s80,이번 새로 조성안는 보행광교는 강 바로 이에 설치된 시민들이 황경이를 건는 재한시분을 느끼을 있을 것으로 추용 기대했다
p21_u60,p21,ce_s160,이번 새로 조성안는 보행단교는 강 바로 위에 설치된 시민들이 황경의를 건는  방지분을 백빛을 있을 것으로 쓰용 기대했다
p21_u60,p21,taps_s80,이번에 새로 조성하는 부행상교는 광문 바로 이에 설치대 시민들이 한황를 건는 듯한 지분을 느끼 수 있을 것으로 시는 기대했다
p21_u60,p21,taps_s160,이번에 새로 조성하는 부행상교는 광물 바로 위에 설치대 시민들이 한황이를 건는 듯한 지분을 느끼이 있을 것으로 시는 기대했다
p21_u60,p21,ce_visible,이번 새로 조성안는 보행광경는 강바로 이에 설치된 시민들이 황경의를 건는 방식문을 느이  있을 것으로 쓰는 기대했다
p21_u60,p21,ce_invisible,이번에 새로 도성하는 부행산교는 광문 바로 이에 설치된 시민들이 한황이를 건는 듯한 지분을 느끼이 있을 것으로 시는 기대했다
p21_u61,p21,taps,올해 이 월 털기를 마치고 하반기 사건 내년 말 공사를 완료하고 시인에게 개방 계획이다
p21_u61,p21,ce,올해 이 월 털피를 맞치고 하방기 사공 네년 말 공사를 완루하고 시민에게 재방안 계획이다
p21_u61,p21,ce_s40,올해 이 월 털피를 맞치고 하반기 사공 네년 말 공사를 완로하고 시민에게 대방안 계획이다
p21_u61,p21,ce_s80,올해 이 월 털계를 맞치고 하반기 사공 내년 말 공사를 완루하고 시민에게 괴방하 계획이다
p21_u61,p21,ce_s160,올해 이 월 설피를 맞치고 하반기 사공 내년 말 공사를 원루하고 시민에게 대방하 계획이다
p21_u61,p21,taps_s80,올해 이 월 털계를 마치고 하반기 사건 내년 말 공사를 완료하고 시인에게 개방안 계획이다
p21_u61,p21,taps_s160,올해 이 월 털계를 마치고 하반기 사건 매년 말 공사를 완료하고 시인에게 개방마 계획이다
p21_u61,p21,ce_visible,올해 이 월 설피를 맞치고 하방기 사공 네년 말 공사를 완루하고 시민에게 재방안 계획이다
p21_u61,p21,ce_invisible,올해 이 월 털계를 마치고 하반기 사건 내년 말 공사를 완료하고 시인에게 개방 계획이다
p21_u62,p21,taps,서울중앙지검 광역범죄 수사부가 이십 팔 일 캘리이치그룹의 평성 알벤시아리노트 입차 방행 의혹과 관련해 강원도 지사실과 비서실 등을 대상으로 앞수수준트를 진행하고 있다
p21_u62,p21,ce,서울중앙지검 광역범죄 수사부가 이십 팔 일 회위레이트그룹의 평상 알힌 시하리노트 입할 방에 의혹과 관련해 강원도 지사실과 비서실 등을 배상여론 압수수른교 진행하고 있다
p21_u62,p21,ce_s40,서울중앙지광 광역범죄 수사부가 이십 팔 일 페리레이트그룹의 평성 알페시하리노트 입할 방행 의혹과 관련해 강원도 지사실과 비서실 등을 배상여론 아수수른교 진행하고 있다
p21_u62,p21,ce_s80,서울중앙지광 광역범죄 수사부가 이십 팔 일 회위에이트그룹의 평상 알편스하리노트 입할 방행 의혹과 관련해 광원도 지사실과 비서실 등을 배상여론 압수수준교 진행하고 있다
p21_u62,p21,ce_s160,서울중앙지광 광역번죄 수사부가 이십 팔 일 회위레이트그룹의 평성 아힌시하리노트 입할 방인 의혹과 관련해 광원도 지사실과 비서실 등을 배상으로 아수수준길 진행하고 있다
p21_u62,p21,taps_s80,서울중앙지검 광역범죄수사부가 이십 팔 일 세리이치그룹의 평성 할텐시아리노트 입차 방향 의혹과 관련해 강원도 지사실과 비서실 등을 대상으로 앞수수준대를 진행하고 있다
p21_u62,p21,taps_s160,서울중앙지검 광역범죄 수사부가 이십 팔 일 세계이치그룹의 평산 할텐시아리족트 입차 방에 의혹과 관련해 강원도 지사실과 비서실 등을 대상으로 앞수수준세를 진행하고 있다
p21_u62,p21,ce_visible,서울중앙지검 광역범죄 수사부가 이십 팔 일 회위레이트그룹의 평상 알힌 시하리노트 입할 방에 의혹과 관련해 강원도 지사실과 비서실 등을 배상여론 압수수른교 진행하고 있다
p21_u62,p21,ce_invisible,서울중앙지검 광역범죄 수사부가 이십 팔 일 헬리이치그룹의 평성 알벤시아리노트 입차 방행 의혹과 관련해 강원도 지사실과 비서실 등을 대상으로 앞수수준트를 진행하고 있다
p21_u63,p21,taps,지난 이 칠 일 최무순 전 강원도지사 자택과 회일치그로 사무실 강원도 개발공사 등 약스후고을 압수수색을 한데 이어 이틀재 강제수사에 나선 것이다
p21_u63,p21,ce,지난 이십 칠 일 채문 순 사는 강원도지사 자택과 회일찍그룹 사무실 강원도 개발공사 등 약스은 고를 압수수색을 한데 이어 이필대 방쇄 수사에 나선 것이다
p21_u63,p21,ce_s40,지난 이십 칠 일 최문 순 사는 강원도지사 자택과 회책그룹 사무실 강원도 개발공사 등 약스은 고를 압수수색을 한 데 이어 이 필대 강세 수사에 나선 것이다
p21_u63,p21,ce_s80,지난 이십 칠 일 최문 순 사는 강원도지사 자택과 회찍그로 사무실 강원도 개발공사 등 약스은 고 압수수색을 한 데 이어 이필 대 방쇄 수사에 나선것지다
p21_u63,p21,ce_s160,지난 이십 칠 일 최문 순을 사는 강원도지사 사택과 회찍그룹 사무실 강원도 개발공사 등 약스후고를 압수수색을 한데 이어 이틀대 강쇄 수사에 나선것지다
p21_u63,p21,taps_s80,지난 이 칠 일 최무순 전 강원도지사 자택과 회일찍그로 사무실 강원도 개발공사 등 약스후고을 압수수색을 한데 이어 이틀째 강제수사에 나선 것이다
p21_u63,p21,taps_s160,지난 이 칠 일 최무순 전 강원도지사 자택과 회일찍그로 사무실 강원도 개발공사 등 약스후고을 압수추색을 한데 이어 이틀재 강제수사에 나선 것이다
p21_u63,p21,ce_visible,지난 이십 칠 일 채문 순 사는 강원도지사 자택과 회일찍그룹 사무실 강원도 개발공사 등 약스무고를 압수추색을 한데 이어 이필대 방쇄 수사에 나선 것이다
p21_u63,p21,ce_invisible,지난 이 칠 일 최무순 전 강원도지사 자택과 패일치그로 사무실 강원도 개발공사 등 약스후고을 압수수색을 한데 이어 이틀재 강제수사에 나선 것이다
p21_u64,p21,taps,검찰은 이날 강원소청 등의 검사와 수사관을 보내 알페 시아 리족트 매각과 관련한 분사 등을 확보한 것으로 알려졌다
p21_u64,p21,ce,검찰은 이날 강원보청 등의 검사와 수사관을 보낸 알페 스 리스트 매각과 관련한 문사 등을 확보한 것으로 알려졌다
p21_u64,p21,ce_s40,검찰은 이날 강원보청 등의 검사와 수사관을 보낸 아페 스하 리스트 매각과 관련한 문사 등을 확보한 것으로 알려졌다
p21_u64,p21,ce_s80,검찰은 이날 강원보청 등의 검사와 수사관을 보낸 아페  리스트 매각과 관련한 문사 등을 확보한 것으로 알려졌다
p21_u64,p21,ce_s160,검찰은 이날 강원보청 등의 검상과 수사관을 보낸 아페 아 리스트 매각과 관련한 변사 등을 확보한 것으로 알려졌다
p21_u64,p21,taps_s80,검찰은 이날 강원소청 등의 검사와 수사관을 보내 알페 시 리족트 매각과 관련한 분사 등을 확보한 것으로 알려졌다
p21_u64,p21,taps_s160,검찰은 이날 강원도청 등의 검사와 수사관을 보내 알페 시아 리족트 매각과 관련한 분사 등을 확보한 것으로 알려졌다
p21_u64,p21,ce_visible,검찰은 이날 강원보청 등의 검사와 수사관을 보낸 알페 스 리스트 매각과 관련한 문사 등을 확보한 것으로 알려졌다
p21_u64,p21,ce_invisible,검찰은 이날 강원소청 등의 검사와 수사관을 보내 알페 시아 리족트 매각과 관련한 분사 등을 확보한 것으로 알려졌다
p21_u65,p21,taps,최리액치그룹은 지난해 이 월 한국 다섯 관리 공사의 경생이차를 통해 강원도개발공사 소리의 아페행시아 리노트를 칠 천 백 십 오 억원에 낙사돌았다
p21_u65,p21,ce,세이액측그룹은 지난해 유 월 한국 가산 관리 봉사의 경쟁 이사를 통해 강원동개발공사 소리의 아핀니시아 리노트를 칠천 백 십 오 억원의 낙찰 받았다
p21_u65,p21,ce_s40,세이의측그룹은 지난해 유 월 한국 다산 관리 봉사의 경쟁 이사를 통해 강원도개발공사 소류의 아페시하 리노트를 칠천 백 십 오 억원의 낙서받았다
p21_u65,p21,ce_s80,페이의측그룹은 지난해 유 월 한국 가산 관리봉사의 경쟁 이사를 통해 강원도개발공사 소리리의 아페니시하 리노트를 칠천 백 십 오 억원의 낙찰 받았다
p21_u65,p21,ce_s160,페이의측그룹은 지난해 유 월 한국 가산 관리 공사의 경생 이사를 통해 강원도개발공사 소리의 아핀니시아 리노트를 칠천 백 십 오 억원의 낙설 받았다
p21_u65,p21,taps_s80,페위액지그룹은 지난해 이 월 한국 다산 관리공사의 경생이차를 통해 강원도개발공사 소유의 아페행시아 리노트를 칠 천 백 십 오 억원에 낙사 돌았다
p21_u65,p21,taps_s160,태치그룹은 지난해 이 월 한국 다산 관리 공사의 경생이차를 통해 강원도 개발공사 소리의 아페시아 리노트를 칠 천 백 십 오 억원에 낙차 받았다
p21_u65,p21,ce_visible,세이액측그룹은 지난해 유 월 한국 가산 관리 봉사의 경생 이사를 통해 강원동개발공사 소리의 아핀니시아 리노트를 칠천 백 십 오 억원의 낙찰받았다
p21_u65,p21,ce_invisible,최리액치그룹은 지난해 이 월 한국 다섯 관리공사의 경생이차를 통해 강원도개발공사 소리의 아페행시아 리노트를 칠 천 백 십 오 억원에 낙사돌았다
p21_u66,p21,taps,정쟁 이 차례 케의직으로 만나계열상한 상교에 낙찰받자 회측으로과 강원도가 사전에 조율한 게 아니냐는 의오이 제기됐까
p21_u66,p21,ce,전생 이 차들 회의측으로 상하계열삼한 삼유에 낙살받아 회 측그룹과 강원도가 사전에 보유한  아니냐는 의혹이 제기됐다
p21_u66,p21,ce_s40,정생 이 차들 최의 측으로 현하계열삼한 삼류에 낙살받아 회위의 측그룹과 강원도가 사전에 보유한 게 아니냐는 의혹이 제기됐다
p21_u66,p21,ce_s80,전생 이 차대 회의 측으로 산하계열성한 삼유에 낙살받다 초 측그룹과 강원도가 사전에 보유한게 아니냐는 의혹이 제기됐다
p21_u66,p21,ce_s160,전생 이 차대 회의 식으로 현하계열사한 삼유에 낙찰받아 헬 측그룹과 광원도가 사전에 보유한  아니냐는 욱이 제기됐다
p21_u66,p21,taps_s80,정쟁 이 차례 케의직으로 산하계열상한 삼글에 낙찰받자 회의측으로과 감원도가 사전에 조율한 게 아니냐는 의혹이 제기됐까
p21_u66,p21,taps_s160,정생 이 차례 케의의직으로 산나계열상한 삼글에 낙찰받자 회의직으로과 강원도가 사전에 조율한 게 아니냐는 의혹이 제기됐까
p21_u66,p21,ce_visible,전생 이 사를 회의측으로 현하계열삼한 삼유에 낙살받아 회 측그룹과 강원도가 사전에 보유한  아니냐는 의혹혹이 제기됐다
p21_u66,p21,ce_invisible,정쟁 이 차례 케의직으로 만나계열상한 상교에 낙찰받자 회측으로과 강원도가 사전에 조율한 게 아니냐는 의오이 제기됐까
p21_u67,p21,taps,서울중앙지검은 지난달  순턴 지검으로부터 아핀 시아 리소트 매가 이차 당해의 사건을 넘켜받아 수사를 진행하고 있다
p21_u67,p21,ce,서울중앙지검은 지난달  순사시간으로부터 알핀시 리소트 매광 빛할 방에의혹 사건을 넘켜받아 수사를 진행하고 있다
p21_u67,p21,ce_s40,서울중앙지검은 지난달 발 순천지업으로부터 아핀시아 리소프 매장 기할 방에 의혹 사건을 넘켜 받아 사를 진행하고 있다
p21_u67,p21,ce_s80,서울중앙지검은 지난달  순선지업으로부터 아핀시아 리노프 매장 이팔 방에 의혹 학건을 넘켜 받아 사를 진행하고 있다
p21_u67,p21,ce_s160,서울중앙지검은 지난달  순선지업으로부터 알핀시 리노트 매장 이할 방에 의혹 학건을 넘켜 받아 송사를 진행하고 있다
p21_u67,p21,taps_s80,서울중앙지검은 지난달  순선 지검으로부터 알핀 시할 리족트 매각 기차 방혹 사건을 넘켜받아 수사를 진행하고 있다
p21_u67,p21,taps_s160,서울중앙지검은 지난달  순산 지검으로부터 알핀 시아 리집트 매가 기차 방의혹 사건을 넘켜 받아 수사를 진행하고 있다
p21_u67,p21,ce_visible,서울중앙지검은 지난달  순사시간으로부터 알핀시 리노트 매광 빛 할 방에의혹 사건을 넘켜받아 수사를 진행하고 있다
p21_u67,p21,ce_invisible,서울중앙지검은 지난달  순턴 지검으로부터 아핀 시아 리소트 매가 이차 당해의 사건을 넘켜받아 수사를 진행하고 있다
p21_u68,p21,taps,검찰은 이번 낙수 수색을 통해 확보한 자리를 분석한 뒤 관련자들를 소한해 소사할 예정이다
p21_u68,p21,ce,검찰은 이번 나소 수석을 통해 확보한 자리를 분섭한 뒤 관련자들을 소원의 포사 예정이다
p21_u68,p21,ce_s40,검찰은 이번 나소수석을 통해 확보한 자리를 분섭한 뒤 관련자들을 소원의 포사할 예정이다
p21_u68,p21,ce_s80,검찰은 이번 나소사을 통해 확보한 자리를 분섭한 뒤 관련가들을 소원의 포사 예정이다
p21_u68,p21,ce_s160,검찰은 이번 나소로 수 사을통해 확보한 자리를 분섭한 뒤 관련가들을 소원의 포사할 예정이다
p21_u68,p21,taps_s80,검찰은 이번 악수 수색을 통해 확보한 자리를 분석한 뒤 관련자들을 소원해 조사할 예정이다
p21_u68,p21,taps_s160,검찰은 이번 맞수 수색을 통해 확보한 자리를 분석한 뒤 관련자들를 소환해 소사할 예정이다
p21_u68,p21,ce_visible,검찰은 이번 나소 수석을 통해 확보한 자리를 분섭한 뒤 관련자들을 소원의 포사 예정이다
p21_u68,p21,ce_invisible,검찰은 이번 낙수 수색을 통해 확보한 자리를 분석한 뒤 관련자들를 소한해 소사할 예정이다
p21_u69,p21,taps,농민수산 식품부는 일 월부터 북산 학취로 인한 불편이 오래되는 직중 관리적 서른 세고수를 대상으로 악치자원 노력을 한 결과 경남 김매씨에서 성거가 나타났다고 이십 일 일 밝혔다
p21_u69,p21,ce,농민수산 소품부는 일 월부터 한학취로 인한 불편이 우려되는 특 관리 혹른 세고수를 대상으로 악취가밤 노력을 한 결과 경남 김메시에서 성권을 나타났다고 이십 일 일 밝혔다
p21_u69,p21,ce_s40,농민속산 소품부는 일 월부터 특연학수로 인한 불편이 우려되는 특지 관리이 혹른 세고수를 대상으로 악취도검 노력을 한 결과 경남 김메시에서 성권을 나타났다고 이십 이 일 밝혔다
p21_u69,p21,ce_s80,농민속산 소품부는 일 월부터 특연학수로 인한 불편이 우려되는 특 관리 혹른 세고수를 대상으로 악취도밤 노력을 한 결과 경남 김메시에서 성권을 나타났 다고 이십 일 일 밝혔다
p21_u69,p21,ce_s160,농림 속산 소품부는 일 월부터 소렌학취로 인한 불편이 우려되는 특진 관리 혹른 세고수를 대상으로 악취가원 노력을 한 결과 경남 김메시에서 성권을 나타났다고 이십 일 일 밝혔다
p21_u69,p21,taps_s80,농민수산 식품부는 일 월부터 북산 앞치로 인한 불편이 우래되는 직중 관리적 서른 세고수를 대상으로 악치자금 노력을 한 결과 경남 김매씨에서 선거가 나타났다고 이십 일 일 밝혔다
p21_u69,p21,taps_s160,농민출산 식품부는 일 월부터 독산 학치로 인한 불편이 우래되는 직중 관리적 서른 세고수를 대상으로 악치자원 노력을 한 결과 경남 김매씨에서 성거가 나타났다고 이십 일 일 밝혔다
p21_u69,p21,ce_visible,농민수산 소품부는 일 월부터 학취로 인한 불편이 우려되는 특진 관리 서른 세고수를 대상으로 악취가밤 노력을 한 결과 경남 김메에서 성권을 나타났다고 이십 일 일 밝혔다
p21_u69,p21,ce_invisible,농민수산 식품부는 일 월부터 북산 학취로 인한 불편이 오래되는 직중 관리적 서른 세고수를 대상으로 악치자원 노력을 한 결과 경남 김매씨에서 성거가 나타났다고 이십 일 일 밝혔다
p21_u70,p21,taps,농식 품부에 따르면 김해씨는 식산 밀 지역 마을 이상단을 포함한 지역 차비체를 구성해 동인과 동과한 갈등을 해성하려고 노력했다
p21_u70,p21,ce,농스품부에 따르면 김네시는 성산 밀시 지역 마을 이 상단을 포함한 지역 서비차를 구성해 두명과 농가간 갈등을 해성하려고 노력했다
p21_u70,p21,ce_s40,농식품부에 따르면 김네씨는 식산 밀시 지역 마을 이 상단을 포함한 지역 서비차를 구성해 두명과 농가한 갈등을 해소하려고 노렵했다
p21_u70,p21,ce_s80,농식품부에 따르면 김네수는 속산 밀시 지역 마을 이 상단을 포함한 지역 차비차를 구성해 주명과 농가간 갈등을 활성하려고 노력했다
p21_u70,p21,ce_s160,농식품부에 따르면 주네씨는 속산 밀지역 마을 이 강산을 포함한 지역 서비트를 구성해 주민과 눈가간 갈등을 활성하려고 노력했다
p21_u70,p21,taps_s80,농식 품부에 따르면 김해씨는 식삼 밀 지역 마을 이장단을 포함한 지역 차비체를 구성해 장인과 동과한 갈등을 해성하려고 노력했다
p21_u70,p21,taps_s160,농식 품부에 따르면 김매씨는 식산 밀 지역 마을 이상산을 포함한 지역 차비체를 구성해 중인과 동과한 갈등을 해성하려고 노력했다
p21_u70,p21,ce_visible,농스품부에 따르면 김네시는 속산 밀시 지역 마을 이 상단을 포함한 지역 서비차를 구성해 두명과 농가한 갈등을 해성하려고 노력했다
p21_u70,p21,ce_invisible,농식 품부에 따르면 김해씨는 식산 밀 지역 마을 이상단을 포함한 지역 차비체를 구성해 동인과 동과한 갈등을 해성하려고 노력했다
p21_u71,p21,taps,그 결과 이천 이십 년 야고 천원에 달했던 학사악치인원이 지난해 이천 과 올해 삼반기예은 약 삼백 요십 권으로 감소했다
p21_u71,p21,ce,그 결과가 이편이 십 년 야국 천건에 달했번 소사낙치문원이 지난해 이천권 올해 성반기예는 약 삼백 오십 권으로 감소했다
p21_u71,p21,ce_s40,그 결과와 이천이십 년 라국 천관에 달했건 소당악치문원이 지난해 이천권 물해 성반기예는 약 삼백 오십 권으로 감소했다
p21_u71,p21,ce_s80,그 결와 이천 이십 년 야 천관에 달했건 프단악치문원이 지난해 이천권 올해 성반기예는 약 삼백 네십 권으로 감소했다
p21_u71,p21,ce_s160,그 결과와 이천 이십 년 야 천건에 달했던 프사작치 문원이 지난해 이천권 올해 삼성기예는 약 삼백 모십 권으로 감소했다
p21_u71,p21,taps_s80,그 결과 이천 이십 년 야고 천원에 달했던 학사악치인원이 지난해 이천 과 올해 삼반기예은 약 삼백 육십 권으로 감소했다
p21_u71,p21,taps_s160,그 결과 이천 이십 년 야고 천원에 달했던 사악치인원이 지난해 이천 과 올해 삼반기예은 약 삼백 요십 권으로 감소했다
p21_u71,p21,ce_visible,그 결과가 이편이 십 년 야 천관에 달했번 소사낙치문원이 지난해 이천권 올해 성반기예는 약 삼백 오십 권으로 감소했다
p21_u71,p21,ce_invisible,그 결과 이천 이십 년 야고 천원에 달했던 학사악치인원이 지난해 이천 과 올해 삼당기예은 약 삼백 요십 권으로 감소했다
p21_u72,p21,taps,농식품부는 국 오백 오십 칠 곳의 악씨 측정 정보 착생기술 기계 장기를 설치해 악시 정관과 분석을 추진하고 있다
p21_u72,p21,ce,농품부는 성국오백 오십 칠곳 의 아페 특병 정보통 승기술 기배 장비를 설치해 아치 전광과 분석에 처진하고 있다
p21_u72,p21,ce_s40,농식품부는 국오백 오십 칠곳 의 아씨 특병 정보통승기술 기비 장비를 설치해 아치 정광과 분석를 처준하고 있다
p21_u72,p21,ce_s80,농식품부는 국 오백 오십 칠곳의 아페 특경 정보통신기술 기비 담비를 설치해 아씨 전광과 분석에 소준하고 있다
p21_u72,p21,ce_s160,노식품부는 성국 오백 오십 칠곳 의 아페 특병 정보통 승기술 기비 담비를 설치해 아치 점광과 부서에 소진하고 있다
p21_u72,p21,taps_s80,농식품부는 정국 오백 오십 칠 곳의 악씨 측정 정보 착승 기술 기계 장기를 설치해 악시 정관과 분석을 추진하고 있다
p21_u72,p21,taps_s160,농식품부는 성국 오백 오십 칠 곳의 악시 측정 정보 착생 기술 기계 장기를 설치해 악시 정관과 분석을 추진하고 있다
p21_u72,p21,ce_visible,농품부는 성국오백 오십 칠곳 의 아에 특병 정보통 승기술 기배 장비를 설치해 아치 전광과 분석에 처진하고 있다
p21_u72,p21,ce_invisible,농식품부는 국 오백 오십 칠 곳의 악씨 측정 정보 착생기술 기계 장기를 설치해 악시 정관과 분석을 추진하고 있다
p21_u73,p21,taps,아치 발생시 기자철 특산 넘과 안내 문자 등을 활용해 즉시 통구하는 실작템니다
p21_u73,p21,ce,아시 발생시 기자체 특산농간 안내 문단 등을 활용해 녹시 통부하는 쇄스입니다
p21_u73,p21,ce_s40,아시 발생시 기자체 특산농간 안내 문단 등을 활용해 육시 통부한는 실시입니다
p21_u73,p21,ce_s80,아치 발생시기 기자체 국산농간 안내 문단 등을 활용해 교시 통부하는 실스입니다
p21_u73,p21,ce_s160,아치 발생시위 기자해 직산농강 안내 문단 등을 활용해 교시 통부한는 실스템니다
p21_u73,p21,taps_s80,아치 발생시 기자체 특산 넘간 안내 문자 등을 활용해 즉시 통구한는 실스템이다
p21_u73,p21,taps_s160,아치 발생시 기자철 특산 넘과 안내 문자 등을 활용해 즉시 통구한는 실스템이다
p21_u73,p21,ce_visible,아시 발생시 기자체 특산농간 안내 문단 등을 활용해 녹시 통부하는 수스템니다
p21_u73,p21,ce_invisible,아치 발생시 기자철 특산 넘과 안내 문자 등을 활용해 즉시 통구하는 실작템니다
p21_u74,p21,taps,특히 데이터분석을 통해 고능도아지를 자소 배출하는 농감와 시설 일 환별에 책중 관리를 하고 있다
p21_u74,p21,ce,특히 데이파 분석을 통해 고홍도학지를 자소 배출하는 농감와 시상일 판겨에 식부 관리를 하고 있다
p21_u74,p21,ce_s40,특히 데이파 분석을 통해 고홍도아지를 다소 배출하는 농감와 시상일 판겨에 식분 관리를 하고 있다
p21_u74,p21,ce_s80,특히 데이파 부서을 통해 고홍도학지를 자소 배출하는 농감와 시상일 판겨에 책분 관리를 하고 있다
p21_u74,p21,ce_s160,특히 데이파 분석을 통해 고홍도아지를 다소 배출하는 농감와 시상일 판겨에 책품 관리를 하고 있다
p21_u74,p21,taps_s80,특히 데이터분석을 통해 고능도아지를 자소 배출하는 농감와 시설 일 환별에 집주 관리를 하고 있다
p21_u74,p21,taps_s160,특히 데이터분석을 통해 고능도아지를 자소 배출하는 농감와 시설 일 환별에 집중 관리를 하고 있다
p21_u74,p21,ce_visible,특히 데이파 분석을 통해 고홍도학지를 자소 배출하는 농감와 시상일 판겨에 식분 관리를 하고 있다
p21_u74,p21,ce_invisible,특히 데이터분석을 통해 고능도아지를 자소 배출하는 농감와 시설 일 환별에 책중 관리를 하고 있다
p21_u75,p21,taps,전남 공군에서는 양도농과 군세에 있던 가측근니로 설례시설 등료 관장을 늘려 해당 농가의 분노가 적탈되는 기관을 줄일 수 있었다
p21_u75,p21,ce,전남 보군에서는 양도농과 분사에 있던  근용 서리스눈요 방인장을 늘려 해당 농가의 분노가 적해되는 기간을 주일 수 있었다
p21_u75,p21,ce_s40,전남 보군에서는 양분문과 분사해 있던 근로 서릿스 눈료 방인장을 늘려 해당 농가의 분노가 적해되는 기간을 주일 수 있었다
p21_u75,p21,ce_s80,전남 보군에서는 양분문과 분소해 있던 근용 서릿스설 근료 반인장을 늘려 해당 농가의 분로가 소폐되는 기간을 주일 수 있었다
p21_u75,p21,ce_s160,전남 보군에서는 양분농과 분사해 있던 쪽근용 서릿스 분요 방인장을 늘려 해당 농가의 분류가 적소피되는 기간을 주 수 있었다
p21_u75,p21,taps_s80,전남 공군에서는 양동농과 군세에 있던 가측근니로 설례시설 등료 관량을 들려 해당 농가의 분노가 작체되는 기간을 줄일 수 있었다
p21_u75,p21,taps_s160,전남 공군에서는 남도농과 군세에 있던 가측근니로 설례시설 등료 관량을 내려 해당 농가의 분노가 작체되는 기관을 줄일 수 있었다
p21_u75,p21,ce_visible,전남 보군에서는 양전농과 분사에 있던 스 근로 서리스눈료 방인장을 늘려 해당 농가의 분노가 적해되는 기간을 주일 수 있었다
p21_u75,p21,ce_invisible,전남 공군에서는 양도농가 군세에 있던 가측근니로 설례시설 등료 관장을 늘려 해당 농가의 분노가 적탈되는 기관을 줄일 수 있었다
p21_u76,p21,taps,특히 여름철 강으로 액이 살퍼가 제난되자 백비와 예이 전월설이 비중해 이천 이십 년 영 퍼센트에서 올해 십 오 퍼센트까지 높았다
p21_u76,p21,ce,특히이 여름솔 간으로 액시 살포가 제안되다 극비화 외이 정어 사이 비존해 이천 이십 년 영 퍼센트에서 올해 칠고 퍼센트까지 높였다
p21_u76,p21,ce_s40,특히 여름설 간로 객시 살포가 제안되다 급비화 예이 정어 사이 비중해 이천 이십 년 영 퍼센트에서 올해 십오 퍼센트까지 높였다
p21_u76,p21,ce_s80,특히 여름설 광로 객비 살포가 제안되다 급비화 외이 정어 설립 비준을 이천 이십 년 명 퍼센트에서 올해 일오 퍼센트까지 높였다
p21_u76,p21,ce_s160,특히 여름설 광으로 액시 살포가 제안되다 급비와 외이 정어 사이 비준을 천 이십 년 명 퍼센트에서 올해 일오 퍼센트까지 높였다
p21_u76,p21,taps_s80,특히 여름철 강로 액이 사포가 제안되자 백비와 예 전월설이 비소해 이천 이십 년 육 퍼센트에서 올해 십 오 퍼센트까지 높았다
p21_u76,p21,taps_s160,특히 여름철 강으로 액 이 사포가 제안되자 백비와 예 전화설이 비종해 이천 이십 년 영 퍼센트에서 올해 십 오 퍼센트까지 높았다
p21_u76,p21,ce_visible,특히이 여름솔 간으로 액시 사포가 제안되다 극비화 외이 정어 사이 비존해 이천 이십 년 영 퍼센트에서 올해 칠고 퍼센트까지 높였다
p21_u76,p21,ce_invisible,특히 여름철 강으로 액이 살퍼가 제안되자 백비와 예이 전월설이 비종해 이천 이십 년 영 퍼센트에서 올해 십 오 퍼센트까지 높았다
p21_u77,p21,taps,은사률 정부가 이천 삼십 년까지 전체 발전원에서 원자력 기존을 삼 퍼센트 이상으로 확대기로 했다
p21_u77,p21,ce,윤사교정부가 이천 삼십 년까지 전찰 발전원에서 원자력 비존은 삼십 퍼센트 이상으로 화폐기로 했다
p21_u77,p21,ce_s40,윤사교 정부가 이천 삼십 년까지 전찰 발전원에서 원자력 비존은 삼십 퍼센트 이상으로 화폐기로 했다
p21_u77,p21,ce_s80,윤사교 정부가 이천 삼십 년까지 전찰 발전원에서 원자력 비송은 삼십 퍼센트 이상으로 합께기로 했다
p21_u77,p21,ce_s160,윤사교정부가 이천 삼십 년까지 연찰 발전원에서 원자력 비중일 삼십 퍼센트 이상으로 화께기로 했다
p21_u77,p21,taps_s80,은사률 정부가 이천 삼십 년까지 전체 발전원에서 원자력 기존을 삼 퍼센트 이상으로 확대키로 했다
p21_u77,p21,taps_s160,은사률 정부가 이천 삼십 년까지 전체 발전원에서 원자력 기존을 삼 퍼센트 이상으로 확대기로 했다
p21_u77,p21,ce_visible,윤사교정부가 이천 삼십 년까지 전찰 발전원에서 원자력 비존은 삼십 퍼센트 이상으로 화폐기로 했다
p21_u77,p21,ce_invisible,은사률 정부가 이천 삼십 년까지 전체 발전원에서 원자력 기존을 삼 퍼센트 이상으로 확대기로 했다
p21_u78,p21,taps,문재인 정부에서 건설를 중단된 시난호 삼 사 억일를 산각히 재기하고 전설중인 원전 사기도 인기의 진공할 결획이다
p21_u78,p21,ce,문재인 정부에서 건설를 중단된 순안호 삼 사 억개를 설사히 제기하고 본설중인 원전은 사기도 벤기 네에 중공할 결획이다
p21_u78,p21,ce_s40,문재인 정부에서 건설를 중단된 순안호 삼 사억개을 수석히 대기하고 번설중인 원전 사기도 링기 네에 중공할 결획이다
p21_u78,p21,ce_s80,문재인 정부에서 건설를 중단된 순안호 삼 사호개을 수석히 제기하고 번설중인 원전 사기도 링기 내에 중공할 결획이다
p21_u78,p21,ce_s160,문재인 정부에서 건설를 중단된 순안호 삼 사호개을 설사히 대기하고 본설중인 원전 사기도 링기 내 중공할 결획이다
p21_u78,p21,taps_s80,문재인 정부에서 건설를 중단된 시안호 삼 사 억개를 센터히 재개하고 건설중인 원전 사기도 인기내 진공할 결획이다
p21_u78,p21,taps_s160,문재인 정부에서 건설히 중단된 시안호 삼 사 억일를 센터히 재기하고 전설중인 원전 사기도 인기의 진공할 결획이다
p21_u78,p21,ce_visible,문재인 정부에서 건설를 중단된 순안호 삼 사 억개를 설사히 제기하고 본설중인 원전은 사기도 벤기 네에 중공할 계획이다
p21_u78,p21,ce_invisible,문재인 정부에서 건설를 중단된 시난호 삼 사 억일를 산각히 재기하고 건설중인 원전 사기도 인기의 진공할 결획이다
p21_u79,p21,taps,반면 석탄감습과 자신이너지 확대에 대한 미끄림은 제시하지 않아 이전 정부의 팔원전 모두에은 사실상 폐기될 것으로 보인다
p21_u79,p21,ce,반면 성한 감석과 사생의노을 확대 대한 미그림은 죄생하지 않아 이들 정국의 팔원전 모든 해은 사실상 폐기될 것으로 보인다
p21_u79,p21,ce_s40,반면 성한 감석과 자생의노지 확대 대한 미끄림은 절생하지 않아 이들 정국의 팔본서를 모든 내은 사실상 폐기될 것으로 보인다
p21_u79,p21,ce_s80,반면 성한 감석과 자생의노을 확대 대한 미그림은 절생하지 않아 이들 정국의 팔본전 모든 내은 사실상 폐기될 것으로 보인다
p21_u79,p21,ce_s160,반면 섭한 감석과 여생인노을 확대에 대한 미그림은 제순하지 않아 이들 정의 팔본전 모든 내은 사실상 폐기될 것으로 보인다
p21_u79,p21,taps_s80,반면 석탄감습과 자신이너지 확대에 대한 미끄림은 제지하지 않아 이전 정부의 타원전 로두에은 사실상 폐기될 것으로 보인다
p21_u79,p21,taps_s160,반면 석탄감습과 자신이너지 확대에 대한 미끄림은 제시하지 않아 이전 정부의 타원전 모두에은 사실상 폐기될 것으로 보인다
p21_u79,p21,ce_visible,반면 성한 감석과 사생의노을 확대 대한 미그림은 죄생하지 않아 이들 정국의 팔원전 모든 해은 사실상 폐기될 것으로 보인다
p21_u79,p21,ce_invisible,반면 석탄감색과 자신이너지 확대에 대한 미끄림은 제시하지 않아 이전 정부의 팔원전 모두에은 사실상 폐기될 것으로 보인다
p21_u80,p21,taps,한업통산 자원부는 오 일 서의 용산 대통령스 참사에서 열린 국무회의에서 관계부터 협동으로 마련한 설정부 에너지단책 방향에 시 의결했다고 밝혔다
p21_u80,p21,ce,한업통산 자본부는 오 일 서울위 용산 대통령수 청사에서 열린 공무회의어서 관계를파 협동으로 마련한 새정부 에너지 정책 방향에 심이 의결했다고 밝혔다
p21_u80,p21,ce_s40,한업통산 자본부는 오 일 서울리 용산 대통령수 청사에서 열린 공무회의어서 관계를파 협동으로 마련한 새정부 에너지 단책 방향에 심이 의답했다고 밝혔다
p21_u80,p21,ce_s80,한업통산 자본부는 오 일 서울리 용산 대통령수 청사에서 열린 공무회의에서 관계를화 협동으로 마련한 새정부 에너지 단책 방향에 심이 의결했다고 밝혔다
p21_u80,p21,ce_s160,한업 풍산 자본부는 오 일 서 우 용산 대통령수 청사에서 열린 공무회의에서 관계를파 협동으로 마련한 새 정부 에너지 정책 방향에 심이 의결했다고 밝혔다
p21_u80,p21,taps_s80,한업통산 자원부는 오 일 서의 용산 대통령스 참사에서 열릴 공무회의에서 관계부청 협동으로 마련한 설정부 에너지단책 방향에 시해 의결했다고 밝혔다
p21_u80,p21,taps_s160,한업통산 자원부는 오 일 서의 용산 대통령스 참사서 열릴 국무회의에서 관계 부천 협동으로 마련한 설정부 에너지단책 방향에 취이 의결했다고 밝혔다
p21_u80,p21,ce_visible,한업통산 자본부는 오 일 서울위 용산 대통령수 청사에서 열린 공무회의어서 관계를파 협동으로 마련한 새정부 에너지 정책 방향에 심이 의결했다고 밝혔다
p21_u80,p21,ce_invisible,한업통산 자원부는 오 일 서의 용산 대통령스 참사에서 열린 국무회의에서 관계부터 협동으로 마련한 설정부 에너지단책 방향에 시 의결했다고 밝혔다
p21_u81,p21,taps,이번 에너지정색 방향인 문재인 정부의 에너지 떠난 모드해과 제 삼차 에너지 기본 판백등 원전히 장계적 감추이 양실던 상책을 대처한 것이다
p21_u81,p21,ce,이번 에너지정책 방향인 문재현정 후 에너지 단난 모든과 제 사사 에머스 기본 발력 등 원전의 상계적 감속이 명세했던 정책을 대처한 것이다
p21_u81,p21,ce_s40,이번 에너지정책 방향인 문재현정후의 에너지 전난 모든액과 제 사 에머지 기본 발백 등 원전히 상계석 감속이 명수했던 정책을 대차할 것이다
p21_u81,p21,ce_s80,이번 에너지정책 방향인 문재현정부의 에너지전난 모드맥과 세 사사 에머지 기본 권력 등 원전히 단계석 감속이 명사했던 정책을 대처한 것이다
p21_u81,p21,ce_s160,이번 에너지정책 방향인 문재현동후 에너지 단환 롯드액과 제 삼사 에머지 기본 발력 등 원전에 단계적 감소이 명세했던 정책을 대차하 것이다
p21_u81,p21,taps_s80,이번 에너지정색 방향인 문재인 정부의 에너지 떠난 모드해과 제 사 차 에너지 기본 판백 등 원전히 장계적 감추이 양실던 상책을 대처한 것이다
p21_u81,p21,taps_s160,이번 에너지정색 방향인 문재인 정부의 에너지 떠난 모드넷과 제 삼차 에머지 기본 판리등 원전히 장기적 감추이 양실했던 상책을 대처한 것이다
p21_u81,p21,ce_visible,이번 에너지정책 방향인 문재현정 후 에너지단난 모든과 세 삼사 에머지 기본 발력 등 원전히 상계적 감속이 명세했던 정책을 대처한 것이다
p21_u81,p21,ce_invisible,이번 에너지정색 방향인 문재인 정부의 에너지 떠난 모드해과 제 삼차 에너지 기본 판백등 원전히 장계적 감추이 양실던 상책을 대처한 것이다
p21_u82,p21,taps,한후부는 이번 에머지정책 방향을 통해 이천 삼십 년까지 원자력발전 기증은 삼십 퍼센트 이상으로 확대하겠다고 강식화했다
p21_u82,p21,ce,산후부는 이번 에머지정첫 방영을 통해 이천 삼십 년까지 온자력발전 규정률 삼십 퍼센트 이상으로 합대하겠고 본스퍼했다
p21_u82,p21,ce_s40,한후부는 이번 에머지정첫 방영의 통해 이천 삼십 년까지 온단력발전 규정을 삼십 퍼센트 이상으로 합대하겠다고 본식퍼했다
p21_u82,p21,ce_s80,한후부는 이번 네머지정첫 방영을 통해 이천 삼십 년까지 온자력발전 규정을 삼십 퍼센트 이상으로 합대겠다고 본식했다
p21_u82,p21,ce_s160,산업후부는 이번 에머지정첫 방영을 통해 이천 삼십 년까지 온자력발전 기정률 삼십 퍼센트 이상으로 확대겠다고 본스했다
p21_u82,p21,taps_s80,한후부는 이번 앨머지 정적 방향을 통해 이천 삼십 년까지 원자력발전 기준을 삼십 퍼센트 이상으로 확대하겠다고 강식했다
p21_u82,p21,taps_s160,한후부는 이번 앨머지 정책 방향을 통해 이천 삼십 년까지 원자력발전 기증은 삼십 퍼센트 이상으로 확대하겠다고 강식했다
p21_u82,p21,ce_visible,산후부는 이번 에머지정첫 방영을 통해 이천 삼십 년까지 온자력발전 규정률 삼십 퍼센트 이상으로 확대하겠고 본스퍼했다
p21_u82,p21,ce_invisible,한후부는 이번 앨머지정책 방향을 통해 이천 삼십 년까지 원자력발전 기증은 삼십 퍼센트 이상으로 확대하겠다고 강식화했다
p21_u83,p21,taps,이는 문재인 정부에서 마련한 이천 삼십 과 원스박스 감축목표에서 제시한 원전 기성 목조트를 대폭 상림 부성한 수준이다
p21_u83,p21,ce,이는 문재인 정부에서 마련만 이천 삼십 과 원혈파스 감송목표에서 퇴한 원산 비상 목표칠를  상명 고송한 수준이다
p21_u83,p21,ce_s40,이는 문재인 정부에서 마련한 이천 삼십 과 원파스 감송목표에서 제시한 원산 비상 목부트를  상용 소송한 수준이다
p21_u83,p21,ce_s80,이는 문재인 정부에서 마련만 이천 삼십 과 원아파스 감성목표에서 제시한 원산 비동 목부트  상용 소송한 수준이다
p21_u83,p21,ce_s160,이는 문재인 정부에서 마련만흔 이천 삼십 과 오을파스 반성목표에서 퇴시한 원전 비상 목쿠트를  상용 고송한 수준이다
p21_u83,p21,taps_s80,이는 문재인 정부에서 마을한 이천 삼십 과 원습버트 감축목터에서 절시한 원전 기정 목조트를 대폭 상림 구성한 수준이다
p21_u83,p21,taps_s160,이는 문재인 정부에서 마련한 이천 삼십 과 원습박스 감축목터에서 제시한 원전 비정 목조트를 대폭 상임 보상한 수준이다
p21_u83,p21,ce_visible,이는 문재인 정부에서 마련만 이천 삼십 과 원셉파스 반송목표에서 퇴한 원산 비상 목소트를  상명 고송한 수준이다
p21_u83,p21,ce_invisible,이는 문재인 정부에서 마련한 이천 삼십 과 원스박스 감축목표에서 제시한 원전 기성 목조트를 대폭 상림 부성한 수준이다
p21_u84,p21,taps,정부는 지난해 기준 이십 칠 쩜 사 퍼센트였던 원전 비송해 신한을 상 사고이 건설설에 안전성 확보를 전세로 한 계속운전 수진 등을 통해 폭 올리기이 했다
p21_u84,p21,ce,정부는 지난해기준 이십 칠 쩜 사 퍼센트였던 원전피승에 심한을 삼 사원 개 권설득계 안간성 확보를 전세로 한 가소문선 수주 등의 통신 대폭 올리기로 했다
p21_u84,p21,ce_s40,정부는 지난해기된 이십 칠 쩜 사 퍼센트였던 원전피중에 심한을 삼 사업 개 권설투계 안간성 확보를 전세로 한 가소능선 수진 등의 통신 대폭올리기로 했다
p21_u84,p21,ce_s80,정부는 지난해 기드은 이십 칠 쩜 사 퍼센트였던 원전피중에 하해 삼 사업개 건설투계 안전성 확보를 전세로 한 가소본전 수진 등의 통신 대폭 올리기로 했다
p21_u84,p21,ce_s160,정부는 지난해 기준 이십 칠 쩜 사 퍼센트였던 원전비중에 신하을 삼 사업 개 건설될대 안간빵 확보를 전세로 한 가소문선 수수 등의 통신 대폭 올리기로 했다
p21_u84,p21,taps_s80,정부는 지난해 기준 이십 칠 쩜 사 퍼센트였던 원전 피종해 신한을 상 사고이 건설철대 안전성 확보를 전제로 한 계속운전 수진 등을 통해 폭 올리기이 했다
p21_u84,p21,taps_s160,정부는 지난해 기준 이십 칠 쩜 사 퍼센트였던 원전 기소해 신한을 상 사고이 건설측에 안전성 확보를 전세로 한 계속문전 수진 등을 통해 득폭 올리기이 했다
p21_u84,p21,ce_visible,정부는 지난해기드 이십 칠 쩜 사 퍼센트였던 원전피승에 심한을 삼 사원 개 권설득계 안간성 확보를 전세로 한 가소금선 수진 등의 통신 대폭 올리기로 했다
p21_u84,p21,ce_invisible,정부는 지난해 기준 이십 칠 쩜 사 퍼센트였던 원전 비송해 신한을 상 사고이 건설설에 안전성 확보를 전세로 한 계속운전 수진 등을 통해 득폭 올리기이 했다
p21_u85,p21,taps,반면 대생이너지 합탄 액화 천연가스 등 여타 발전한 비중 목표취는 에너지정책 방행이 담지 않았다
p21_u85,p21,ce,반면 세생희 너지 화한 애파 소용가스 등 여파 발전한 비용 목표지는 에너지정책 방향이 담지 않았다
p21_u85,p21,ce_s40,반면 세생희너지 합판 애화 선용가수 등 여파 발전한 비용 목표지는 에너지정책 방향이 담지 않았다
p21_u85,p21,ce_s80,반면 세생희너지 화부 애화 소용가수 등 여파 발전한 비용 목표수는 에너지정색 방향이 담지 않았다
p21_u85,p21,ce_s160,반면 대생이 너지 화부 애화 소용가수 등 여하 발전한 비중 목표지는 에너지정색 방향이 담지 않았다
p21_u85,p21,taps_s80,반면 체생이너지 확판 매화 천연가스 등 여타 발전한 비중 목표취는 에너지정책 방행이 담지 않았다
p21_u85,p21,taps_s160,반면 대생이너지 판 액화 천연가스 등 여타 발전한 비중 목표취는 에너지 정책 방행이 담지 않았다
p21_u85,p21,ce_visible,반면 세생희너지 화판 애화 소용가스 등 여파 발전한 비용 목표지는 에너지정책 방향이 담지 않았다
p21_u85,p21,ce_invisible,반면 대생이너지 합탄 액화 천연가스 등 여타 발전한 비중 목표취는 에너지정책 방행이 담지 않았다
p21_u86,p21,taps,산업부는 대생민너지에 대해 보용여권을 고리해 목표를 합례적으로 작영입하고 평양과 승력 등 발전원달 적정 비중을 고스하겠다고 언급하는 데 그쳤다
p21_u86,p21,ce,산업부는 재상희너지에 들린 보금여건을 고려해 목표도 합미적으로 제정립하고 천용과 홍력 등 발전업배를 적정 피등의 고출방했다 음 언급하는 데 그컸다
p21_u86,p21,ce_s40,산업부는 재생희너지에 들린 보금여건을 고려해 목표도 한미적으로 지정립하고 천용과 신력 등 발전험별를 적정 비등의 고출락했다  언급하는 데 그쳤다
p21_u86,p21,ce_s80,산업부는 재생희너지에 들해 보균여건을 고려해 목표를 한미적으로 작정입하고 수용과 폭력 등 발전험별를 속정 비등의 고수방했다 보 언급하는 데 부컸다
p21_u86,p21,ce_s160,산업부는 재생희너지에 들린 보균여건을 고려해 목표를 합미적으로 작정립하고 천용과 홍력 등 발전험별를 속정 비등에 출강했다 고 언급하는 데 그쳤다
p21_u86,p21,taps_s80,산업부는 재생희너지에 대해 보급여권을 거리는 목표를 합례적으로 작영입하고 생양과 승력 등 발전험달 적정 비등을 고스하겠다고 언급하는 데 그쳤다
p21_u86,p21,taps_s160,산업부는 재생희머지에 대해 보급여권을 거리는 목표를 합례적으로 작정립하고 생양과 승력 등 발전험달 적정 비중을 보수하겠다고 언급하는 데 그쳤다
p21_u86,p21,ce_visible,산업부는 재상희너지에 들린 보금여건을 고려해 목표도 합미적으로 제정립하고 천용과 홍력 등 발전업배를 적정 피등의 고출방했다 음 언급하는 데 그쳤다
p21_u86,p21,ce_invisible,산업부는 대생민너지에 대해 보용여권을 고리해 목표를 합례적으로 작영입하고 평양과 승력 등 발전원달 적정 비중을 고수하겠다고 언급하는 데 그쳤다
p21_u87,p21,taps,폭턴 발전에 대해 시여 성탄 발전속 건설금질을 명확히 밝힌 이전 정부 개획바 달리 급상황 대통령 신승희 고려해 환적 분수에 요도하겠다고 밝혔다
p21_u87,p21,ce,한한 발단에 대해 승거 섭판 발사는 소울 건설그근대을 영확이 밝히는 있던 정부 경랙파 달리 한급 상성 교통령 승승해 고려해 흥의적 단수를 요도하겠다라고 밝혔다
p21_u87,p21,ce_s40,한편 발단에 대해 승거 석판 발사에소 건설근대을 명확이 밝히는 있던 정부경래파 달리 한급 상성 교통령 승승해 고려해 홍의자 감사를 요동하겠다고 밝혔다
p21_u87,p21,ce_s80,한편 발단에 대해 승규 사판 발사는 서 건설 그랜지을 명확히 밝히는 있던 정부 결뢰파 달리 한급 상성 대통령 승승해 고려해 홍해사 건수를 요동하겠다고 밝혔다
p21_u87,p21,ce_s160,재판 발단에 대해 승규 섭판 발사는 소울 건설 그랜지을 명확해 밝히이 이던 정부 결뢰바 달리 한급 상성 대통을 심승해 고려해 홍해사 건수를 요동하겠다하고 밝혔다
p21_u87,p21,taps_s80,폭참 발전에 대해 시여 섭탄 발전소 건설금지을 명확히 밝힌 이전 정부 개뢰바 달리 폭급성황 대통령 신승이 고려해 환적 감수에 요도하겠다고 밝혔다
p21_u87,p21,taps_s160,폭턴 발전에 대해 시조 성탄 발전소 건설금질를 명확히 밝길힌 이전 정부 개뢰파 달기 급상황 개통령 신승희 고려해 황늘적 분수에 요도하겠다고 밝혔다
p21_u87,p21,ce_visible,한참 발단에 대해 승거 섭성판 발사는 소울 건설근대을 명확이 밝히는 있던 정부 경랙파 달리 한급 상성 교통령 승승해 고려해 홍의적 검수를 요도하겠다라고 밝혔다
p21_u87,p21,ce_invisible,폭턴 발전에 대해 시여 성탄 발전속 건설금지을 명확히 밝힌 이전 정부 개획뢰바 달리 급상황 대통령 신승희 고려해 환적 분수에 요도하겠다고 밝혔다
p21_u88,p21,taps,과계쯤 산업부 입차관은 오 십 이 월 전력소득 기본 계획을 통해 구체적인 발전 넘들 피을 수출를 발표하겠다고 말했다
p21_u88,p21,ce,바빌수 산업부 이사고관은 오해 십 이 월 전력소대 구본 대액을 통해 체단 인 발던 넘사를 피중 수트를 발표하겠다고 말했다
p21_u88,p21,ce_s40,바빌슨 산업부 인사고관은 올해 십 이 월 전력소대 구본 대액을 통해 그체관 인을 발던 넘절를 피중 수트를 발표하겠다고 말했다
p21_u88,p21,ce_s80,바힐순 산업부 인하고관관는 올해 십 이 월 전력소대구본 대액을 통해 추체단 체을 발던넘가 피중 수트를 발표하겠다고 말했다
p21_u88,p21,ce_s160,바빌순 산업부 인사고관는 올해 십 이 원 전력소대기본 대액을 통해 체관 인을 발던 넘가를 피중 수트를 발표하겠다고 말했다
p21_u88,p21,taps_s80,과계쯤 산업부 입차관은 오는 십 이 월 전력 소득 기본 계획을 통해 구체적인 발전넘들 피중 수치를 발표하겠다고 말했다
p21_u88,p21,taps_s160,과계쯤 산업부 입차관은 오 십 이 월 전력소급 기본 계획을 통해 구체적인 발전 넘들 피중 수치를 발표하겠다고 말했다
p21_u88,p21,ce_visible,바빌슨 산업부 이사고관은 오해 십 이 월 전력소대 구본 대액을 통해 추체단 인 발던 넘사를 피중 수트를 발표하겠다고 말했다
p21_u88,p21,ce_invisible,과계쯤 산업부 입차관은 오 십 이 월 전력소득 기본 계획을 통해 구체적인 발전 넘들 피을 수출를 발표하겠다고 말했다
p21_u89,p21,taps,이날 정부는 전기요금의 연로비을 반영하는 원까지 이을 승파았다는 계획도 내놓왔다
p21_u89,p21,ce,이날 정부는 정기의금의 연로비 반영하는 원카 수위를 통립하겠다는 교액도 내놓갔다
p21_u89,p21,ce_s40,이날 정부는 정비의여에 연로비 반영한는 원카 수위을 선립하겠다는 교액도 내놓았다
p21_u89,p21,ce_s80,이날 정부는 경기의견의 연로비 반영한는 원가 수위를 통립하겠다는 교액도 내놓았다
p21_u89,p21,ce_s160,이날 정부는 경기의금의 연로비 반영한는 오파수위를 상급하겠다는 금액도 내놓갔다
p21_u89,p21,taps_s80,이날 정부는 전기 요금의 연러비을 반영하는 원까지 이을 승파았다는 계획도 내놓왔다
p21_u89,p21,taps_s160,이날 정부는 정기요금의 연러비를 반영하는 원까지 이을 승급하았다는 계획도 내놓왔다
p21_u89,p21,ce_visible,이날 정부는 정기의금의 연로비 반영하는 원카 수위를 통립하겠다는 규액도 내놓갔다
p21_u89,p21,ce_invisible,이날 정부는 전기요금의 연로비을 반영하는 원까지 이을 승파았다는 계획도 내놓왔다
p21_u90,p21,taps,정기요금 결정 과정에서 급직성 확보를 위해 정기위원회 조직 력도 보관한다
p21_u90,p21,ce,경기역은 결정 과정에서 분립성 확보를 위해 경기 일원의 조직 력도 보관한다
p21_u90,p21,ce_s40,정규역은 결정 과정에서 분립성 확보를 위해 경기 일원의 조직 력도 보관한다
p21_u90,p21,ce_s80,경규역은 결정 과정에서 분립성 확보를 위해 경기위원의 조직 력도 보관한다
p21_u90,p21,ce_s160,경규여은 결정 과정에서 분립성 확보를 위해 정기 일원의 조직 력도 보관한다
p21_u90,p21,taps_s80,정기요금 결정 과정에서 급립성 확보를 위해 정기위원회 조직 인력도 보관한다
p21_u90,p21,taps_s160,정기요금 결정 과정에서 급립성 확보를 위해 정기위원회 조직 인력도 보관한다
p21_u90,p21,ce_visible,경규역은 결정 과정에서 분립성 확보를 위해 경기 일원의 조직 력도 보관한다
p21_u90,p21,ce_invisible,정기요금 결정 과정에서 급직성 확보를 위해 정기위원회 조직 력도 보관한다
p21_u91,p21,taps,솔키익스 열차 안에서 자신의 미인 생차를 적발한 승무원을 협박 편까지 한 오십 대 승객이 징행형을 선고받았다
p21_u91,p21,ce,프리핑스 여사 안에서 자신의 군인 생사를 적발한 홍미원을 협박 은파지만 오십대 삼객게 이층 형을 선고받았다
p21_u91,p21,ce_s40,프리싱스 여사 안에서 자신의 은림 생사를 적발한 홍미원을 협박 은파지만 오십페 승객이 이심해 형을 선고받았다
p21_u91,p21,ce_s80,프리쿠스 여사 안에서 자신의 은림 생사를 적발한 홍무원을 협박 등파트 만 오습페 승객이 심해 성을 선고받았다
p21_u91,p21,ce_s160,프픽스 여사 안에서 자신의 군인 생사를 적발한 속미원을 협박 행파스 란 오십대 승객이 징행 형을 선고받았다
p21_u91,p21,taps_s80,솔키익스 열차 안에서 자신의 이 생차를 적발한 승무원을 협박 등까지 난 오십 대 승객이 징행차을 선고받았다
p21_u91,p21,taps_s160,솔키익스 열차 안에서 자신의 미인 생차를 적발한 승무원을 협박 등까지 한 오십 대 승객이 징행차을 선고받았다
p21_u91,p21,ce_visible,프리핑스 여사 안에서 자신의 군인 생사를 적발한 손미원을 협박 은파지만 오십대 삼객게 징 형을 선고받았다
p21_u91,p21,ce_invisible,솔키익스 열차 안에서 자신의 미인 생차를 적발한 승무원을 협박 편까지 한 오십 대 승객이 징행형을 선고받았다
p21_u92,p21,taps,광주지법 차사 칠 단독은 열차 선을 폭행해 서도안전법 이번 혐의로 기소를 레이지에 대해 징역 팔여 월 향을 선고했다고 십 여 밝혔다
p21_u92,p21,ce,광소지법 청사 칠 단독은 열 차 선거래 폭행해 철프안전법 이번 혐의로 기소된 레이스에 대해징역 팔그을 향해 선고했다고 십 이 일 밝혔다
p21_u92,p21,ce_s40,광소지법 형사 칠 단독은 열 차 선거래 폭행해 철프 안전법 이번 혐의로 기소된 레이스에 대해징역 팔그을 향을 선고했다고 십 이 일 밝혔다
p21_u92,p21,ce_s80,광소지법 형사 칠 단독은 열 차 선거래 폭행해 철프 안전법 이번 혐의로 기소된 레이스에 대해징역 팔그을 향해 선고했다고 십 이 일 밝혔다
p21_u92,p21,ce_s160,광소지법 형사 칠 단독은 열 차 선거래 폭행해 훨프안전법 이번 혐의로 기소된 레이스에 대해징역 팔을 향해 선고했다고 십 일 일 밝혔다
p21_u92,p21,taps_s80,광주지법 차사 칠 단독은 열차 선을 폭행해 서도안전법 이번 혐의로 기소된 레이치에 대해 징역 팔여 월 향을 선고했다고 십 이  밝혔다
p21_u92,p21,taps_s160,광주지법 차사 칠 단독은 열차 선을 폭행해 서도안전법 이번 혐의로 기소를 매이지에 대해 징역 팔여 월 향을 선고했다고 십 이 밝혔다
p21_u92,p21,ce_visible,광소지법 청사 칠 단독은 열 차 선거래 폭행해 철프안전법 이번 혐의로 기소된 레이스에 대해징역 팔그을 향해 선고했다고 십 이 일 밝혔다
p21_u92,p21,ce_invisible,광주지법 차사 칠 단독은 열차 선을 폭행해 서도안전법 이번 혐의로 기소를 레이지에 대해 징역 팔여 월 향을 선고했다고 십 여 밝혔다
p21_u93,p21,taps,에이씨는 지난해 십 이 월 이십 삼 일 전역 열시쯤 라들여에서 발플럭을 향해 이행수인까을 펼터치 입차 대에서 열 차 승무원에게 이 생차 사슬이 적발됐다
p21_u93,p21,ce,에이스는 지난해 십 일 월 이십 삼 일 전역 열 시쯤 라들여에서 북풀을 항해의 은행 등을 거 교육프스 기타 대에서 열차 성공원에게의 우린 성상사슬이 적발됐다
p21_u93,p21,ce_s40,에이스는 지난해 십 일이 월 이십 삼 일 전역 열시쯤 아들역에서 목풀로을 향해 은행 등을 미던 교육프스 기타 대에서 열 차 성공원에게의 우린 성상사셜이 적발됐다
p21_u93,p21,ce_s80,에이스는 지난해 십 일 월 이십 삼 일 전역 열시쯤 라들여계서 무풀로드 항해의 은행등을 던 프육프워스 기타 대에서 열 차 성원에게의 우린 성상사셜이 적발됐다
p21_u93,p21,ce_s160,에이스는 지난해 십 일 월 이십 삼 일 전역 열시쯤 마들여개사 무풀로드 항해 은행 등열거 프육폭스 기타 대에서 열 차 성원에게의 우린 성차 사슬이 적발됐다
p21_u93,p21,taps_s80,에이씨는 지난해 십 이 월 이십 삼 일 전역 열시쯤 라들여경사 플럭을 향해 이행수인 던을 펼프치 입차 대에서 열 차 승무원에게 이 심차 사슬이 적발됐다
p21_u93,p21,taps_s160,에이씨는 지난해 십 이 월 이십 삼 일 전역 열시쯤 라들여인사 지플럭을 향해 이행수인까을 펼트닥지 입차 대에서 열 차 성무원에게 이 생차 사슬이 적발됐다
p21_u93,p21,ce_visible,에이스는 지난해 십 일 월 이십 삼 일 전역 열시쯤 아들여에서 북풀을 항해의 은행 등을 거 교육프스 기타 대에서 열차 성공원에게의 우린 성상사슬이 적발됐다
p21_u93,p21,ce_invisible,에이씨는 지난해 십 이 월 이십 삼 일 전역 열시쯤 라들여에서 발플럭을 향해 이행수인까을 펼터치 입차 대에서 열 차 승무원에게 이 생차 사슬이 적발됐다
p21_u94,p21,taps,프에치에 있던 에이씨는 스무원이 요금과 추가부가금을 불려하자 해장 스원을 때를띨스 유력하고 복부를 손바적으로 미치는 폭력을 향상 것으로 자산했다
p21_u94,p21,ce,추에 추에이단 에이스는 한무원이 오병과 수가방원금을 불려하자 해당 홍무원을 빼르빛 급하고 폭부을 손바닥으로 배치는 폭력을 향상한 것으로 조산했다
p21_u94,p21,ce_s40,추에 추에이단 에이스는 홍무원인의 오병과 수가보상금을 불려하자 해당 손무원을 때르빛 협하고 폭부을 손받닥으로 매치는 폭력을 향상한 것으로 조산했다
p21_u94,p21,ce_s80,추에 칠에이단 에이스는 황무원이 오병과 수가방역금을 불려하자 해당 홍무원을 빼르빛 하고 폭부을 손받닥으로 미치는 폭력을 향상한 것으로 조산했다
p21_u94,p21,ce_s160,추에 츠에이 바 에이스는 한무원이 오병과 수가방면금을 불려하자 해당 홍무원을 빼르빛 급하고 폭부를 손받닥으로 미치는 폭력을 행선한 것으로 조산했다
p21_u94,p21,taps_s80,프레치에 있던 에이씨는 스무원이 요전과 추가학부가금을 불려하자 해장 스원을 때를띨스 이력하고 복부를 손바적으로 미치는 폭력을 향상 것으로 자산했다
p21_u94,p21,taps_s160,프에치에 던 에이씨는 스무원이 여금과 추가부각금을 불려하자 해장 스원을 때를띨수 기력하고 복부을 손빠닥으로 미치는 폭력을 향상 것으로 자산했다
p21_u94,p21,ce_visible,추에 추에이단 에이스는 한무원이 오병과 수가방원금을 불려하자 해당 홍무원을 빼르빛 켜하고 폭부을 손바닥으로 배치는 폭력을 향상한 것으로 조산했다
p21_u94,p21,ce_invisible,프에치에 있던 에이씨는 스무원이 요금과 추가부가금을 불려하자 해장 스원을 때를띨스 이력하고 복부를 손바적으로 미치는 폭력을 향상 것으로 자산했다
p21_u95,p21,taps,재판부는 에이시가 만실상태에서 활도 사자의 직면행에 방행해 대책이 가격지 않다
p21_u95,p21,ce,재판부는 에이스가 만실상소에서 혈프 사단의 직해 재행을 방행해 대택이 가볍지 않다
p21_u95,p21,ce_s40,재판부는 에이스가 만실강세에서 활프 사단의 직네비핑을 방행해 주택이 가볍지 않다
p21_u95,p21,ce_s80,재판부는 에이스가 만치황세에서 홀프 사단의 직네재핑을 방행해 대택이 가볍지 않다
p21_u95,p21,ce_s160,재판부는 에이스가 만치상세에서 설프 사단의 직해대행을 방행해 대책이 가볍지 않다
p21_u95,p21,taps_s80,재판부는 에이시가 만실상태에서 활도 정사자의 직면집행에 방행해 대책이 가격지 않다
p21_u95,p21,taps_s160,재판부는 에이시가 만실상태에서 활도 정사자의 직면집행에 방행해 대책이 가격지 않다
p21_u95,p21,ce_visible,재판부는 에이스가 만실상소에서 혈프 사단의 직해재행을 방행해 대책이 가볍지 않다
p21_u95,p21,ce_invisible,재판부는 에이시가 만실상태에서 활도 사자의 직면행에 방행해 대책이 가족지 않다
p21_u96,p21,taps,에이시에게 평과 업어방애 등 다스 전포가 있는 점을 고려하면 실중 선구가 불가피하다라고 항고 이익를 퍼졌다
p21_u96,p21,ce,메이스에게 현과 업무방애 등 버스 정거가 있는 점을 고려하면 실흥 홍우가 부가피하다라고 항국률리 밝혔다
p21_u96,p21,ce_s40,에이스에게 생과 업무방애 등 버을에 정거가 있는 점을 고려하면 실흥 혐우가 부가피하다라고 한국이유를 밝혔다
p21_u96,p21,ce_s80,메니스에게 현과 업무방애 등 과을에 정거가 있는 점을 고려하면 실흥 혐우가 부가피하다라고 항국 이유를 밝혔다
p21_u96,p21,ce_s160,레이에계 현과 업무방애 등 과수에 정포가 있는 점을 고려하면 실중 혐우가 부가피하다라고 항국 률리 밝혔다
p21_u96,p21,taps_s80,에이시에게 풍과 업어방애 등 가스 전거가 있는 점을 고려하면 실중 선구가 불가피하다라고 한고 이를 퍼졌다
p21_u96,p21,taps_s160,에이시에게 평과 업어방애 등 다스 전포가 있는 점을 고려하면 실중 선거가 불가피하다라고 항고 이익를 퍼졌다
p21_u96,p21,ce_visible,메이스에게 현과 업무방애 등 버스 정거가 있는 점을 고려하면 실흥 홍우가 부가피하다라고 항국률리 밝혔다
p21_u96,p21,ce_invisible,에이시에게 평과 업어방애 등 다스 전파가 있는 점을 고려하면 실중 선구가 불가피하다라고 항고 이익를 퍼졌다
p21_u97,p21,taps,페이비트 인는 일반 기 시은 사 매 연술자인 장기리피기가 마지막 사은 현상이 공개된다
p21_u97,p21,ce,페이비크 예는 일반 계  사와 매 면술 짜인 광드리피드가 마지막 사인 현상이 공려된다
p21_u97,p21,ce_s40,페이페크 예는 일반계 즌 사 매 연출단인 광드리 피드가 마지막 사륜 현상에 공려된다
p21_u97,p21,ce_s80,페이비크 예는 일반기 승 사 매 연수짜인 광드리피드가 마지막 사른 현상에 공려된다
p21_u97,p21,ce_s160,페이빛크 예는 일반기 수즌 사 매 면술짜인 광드리 피드가 마지막 사인 현상에 공려된다
p21_u97,p21,taps_s80,페이비트 인는 일반 기 시은 사 매 연출자인 장기리피기가 마지막 사은 현상이 등개된다
p21_u97,p21,taps_s160,페이비트 에는 일반 기 시은 사 매 연술자인 장기리 피기가 마지막 사은 현상이 등개된다
p21_u97,p21,ce_visible,페이비크 예는 일반계 수 사와 매 면술 짜인 광드리피드가 마지막 사인 현상이 공려된다
p21_u97,p21,ce_invisible,페이비트 인는 일반 기 시은 사 매 연술자인 장기리피기가 마지막 사은 현상이 공개된다
p21_u98,p21,taps,오늘 오후 여섯 시 삼십분 방송되는 세에서 일반기에 실층 사이 행인를 비로도 특집에서는 온수대통을 기원하는 밴법들의 북마이 여성이 고려진다
p21_u98,p21,ce,오늘 오후 여섯 서십분이 방송되는 설 스 일반교의 신징 사의 행인을 비고소 특집에서는 온사대풍을 기원하는 면법들의 북마수 여성이 고려 진다
p21_u98,p21,ce_s40,오늘 오후 여섯시 서십분 방송되는 텔베 스 일반기의 시징 사의 행인을 비고소 특집에서는 온사대풍을 기원하는 면법들의 북마수 여성이 고려 진다
p21_u98,p21,ce_s80,오늘 오후 여섯시 서십분을 방송되는 설 일반주의 시징 사일 행인을 비고소 특집에서는 온사대풍을 규원하는 면법들의 북마세 여성이 고발진다
p21_u98,p21,ce_s160,오늘 오후 여섯시 서십분을 방송되는 설베  일반기의 시징 사일 행인을 비로소 특집에서는 온세대풍을 규원하는 면법들의 북마세 여성이 불려진다
p21_u98,p21,taps_s80,오늘 오후 여섯 시 삼십 분 방송되는 세에 일반기에 시쩜 사에 행인를 비로소 특집에서는 온수대통을 기원하는 멘법들의 판마지 여성이 고려진다
p21_u98,p21,taps_s160,오늘 오후 여섯 시 삼십분인 방송되는 세에 일반기에 실쯤 사 이 행의를 비로어도 특집에서는 온수대통을 기원하는 맨법들의 북마이 여성이 결려진다
p21_u98,p21,ce_visible,오늘 오후 여섯 서십분이 방송되는 설  일반교의 신징 사의 행인을 비고소 특집에서는 온사대풍을 기원하는 면법들의 북마수 여성이 고려 진다
p21_u98,p21,ce_invisible,오늘 오후 여섯 시 삼십분 방송되는 세에서 일반기에 실층 사이 행인를 비로도 특집에서는 온수대통을 기원하는 밴법들의 북마이 여성이 고려진다
p21_u99,p21,taps,이날 승계록을 불태우며 게임에 인하던 맥법들은 관식 차를 선물한 관들이 피리 때문에 부상이 걸린다
p21_u99,p21,ce,이날 승대록을 볼태우역 때임이 가던 맥벌들은 관습파를 선물한 반들이 피기 때문에 표양이 걸린다
p21_u99,p21,ce_s40,이날 선교욕을 불태우며 때인이마던 맥법들은 관습파를 선물한 반들이 피기 때문에 비상이 걸린다
p21_u99,p21,ce_s80,이날 승교욕을 불태우며 때임이마던 맥법들은 관식파를 선물한 반들이 피기 때문에 비상이 걸린다
p21_u99,p21,ce_s160,이날 승소욕을 볼태우역 때임인이 마던 맥벌들은 관습파를 사물한 반드이 피기 때문에 비양이 걸린다
p21_u99,p21,taps_s80,이날 생계록을 불태우며 게임에 있나던 맥벌들은 관식 차를 선물한 발들이 피리 때문에 부상이 걸린다
p21_u99,p21,taps_s160,이날 새계록을 불태우역 게임에 있마던 맥벌들은 관식 차를 선물한 발들이 피리 때문에 비장이 걸린다
p21_u99,p21,ce_visible,이날 승대록을 볼태우역 때우이 가던 맥벌들은 관습타를 선물한 반들이 피기 때문에 표상이 걸린다
p21_u99,p21,ce_invisible,이날 승계록을 불태우며 게임에 인하던 맥법들은 관식 차를 선물한 관들이 피리 때문에 부상이 걸린다
p24_u00,p24,taps,현대 자동차가 국내 최달 크라운토 폰지 스페는 와디즈와 함께 경기차 아이의 전용 라이퍼스타 아이템을 성고다고 이십 일 일 밝혔다
p24_u00,p24,ce,현재 자동사가 국내 최대 코라운급 폰길 프렛뜨은 와디즈모 함께 경기차 이웃의 전용 라이코스파 아이템을 성공된가용 미십일 일 밝혔다
p24_u00,p24,ce_s40,현재 자동사가 국내 최대 프라운글 폰길 프렛프은 와티즈와 함께 경기차 이웃의 전용 라이코스타 아이템을 성공한다고미십일 일 밝혔다
p24_u00,p24,ce_s80,현재 자동사가 국내 최대 코라운글 폰길 플렛프은 와디즈와 함께 경기차 이웃의 전용 라이프스타 아이템을 성공한다고미십일 일 밝혔다
p24_u00,p24,ce_s160,현재 자동사가 국내 최대 코라프 포겐 프렛등은 와디즈와 함께 정기차 이의 권용 라이포스타 아이템을 성본한다고 미십일 일 밝혔다
p24_u00,p24,taps_s80,현대 자동차가 국내 최달 크라토 폰지 스핑은 와지즈와 함께 경기차 아이언의 전혀 라이퍼스타 아이템을 성고한다고 이십 일 일 밝혔다
p24_u00,p24,taps_s160,현대 자동차가 국내 최달 크라도 폰질 스페는 와지즈와 함께 경기차 아이의 전혀 라이퍼스타 아이템을 성고한다고 이십 일 일 밝혔다
p24_u00,p24,ce_visible,현재 자동사가 국내 최대 코라급 폰길 프렛뜨은 와디즈모 함께 경기차 이웃의 전용 라이코스파 아이템을 성공된가용 미십일 일 밝혔다
p24_u00,p24,ce_invisible,현대 자동차가 국내 최달 크라운토 폰시 스핑는 와디즈와 함께 경기차 아이의 전용 라이퍼스타 아이템을 성고다고 이십 일 일 밝혔다
p24_u01,p24,taps,현대차와 아이지가 함께 출시하는 아이템는 업무 캘리 렌터테이먼트 이생 등 내가지 분야에 총 열 한개 상품이다
p24_u01,p24,ce,현대사와 아이주가 함께 출지하는 아이트는 업무 놀리 렌터페인 먼등 이생 등 내가지 분야의 총 열 한게 상품이다
p24_u01,p24,ce_s40,현대사와 아이주가 함께 출시하는 아이트는 업무 토리 렌터페인 먼등 이생 덴 내가지 분야에 총 열한도 상품이다
p24_u01,p24,ce_s80,현백사와 아이주가 함께 출지하는 아이템는 업무 토린 렌터페인 먼등 이생 덴 내가지 분야에 총 여한도 상품이다
p24_u01,p24,ce_s160,현백차와 와지수가 함께 출시하는 아이템는 업무 토린 렌터페이 먼등 이생 등 내가지 분야에 총 여론도 상품이다
p24_u01,p24,taps_s80,현대차와 아지지가 함께 출시하는 아이트는 업무 캘리 렌터페이먼트 이세 등 내가지 분야에 총 열 한개 상품이다
p24_u01,p24,taps_s160,현대차와 아지지가 함께 출시하는 아이트는 업무 캘리 렌터페이먼트 이생 등 매가지 분야에 총 열 한개 상품이다
p24_u01,p24,ce_visible,현백사와 아이주가 함께 출지하는 아이트는 업무 클리 렌터페인 먼든 이생이 내가지 분야의 총 열 한게 상품이다
p24_u01,p24,ce_invisible,현대차와 아이지가 함께 출시하는 아이템는 업무 캘리 렌터테이먼트 이생 등 내가지 분야에 총 열 한개 상품이다
p24_u02,p24,taps,차량 외부로 이백 이십 대이트 일반 전원을 공급해지는 브이트 엘등 공국 커촌마이징 제품부터 일상 칠행 제품까지 다양한 라인너으로 구성됐다고 현데차는 사명했다
p24_u02,p24,ce,사령 외부로 이백 육십 일트 일반 전환을 공급해주는 그츠 에 등 고 코스트마이징 제품부터 필한 수용 제품까지 다양한 라이너으로 고성됐다고 현대차는 설명했다
p24_u02,p24,ce_s40,사량 외부로 이백 유세 물이트 일반 전환에 공급해주는 글츠 에 등 고 코스터마이징 제품부터 필산 수용 제품까지 다양한 라이너으로 고성됐다고 현대차는 설명했다
p24_u02,p24,ce_s80,사령 외부로 이백 육십 일이트 일반 전환에 공급해주는 웨츠 에 등 고급 코스터마이징 제품부터 필성 수용 제품까지 다양한 라이너으로 고성됐다고 현대차는 설명했다
p24_u02,p24,ce_s160,사령 외부로 이백 육십 일트 일반전험에 공급 해주는 그츠 에 등 고급 코스터마이징 제품부터 일산 수용 제품까지 다양한 라이너으로 고성됐다고 현백차는 설명했다
p24_u02,p24,taps_s80,차량 외부로 이백 이십 대이터 일반 전원에 금급해지는 브이트 엘등 공우 커촌마이징 제품부터 일쩜 칠흥 제품까지 다양한 라인너으로 구성됐다고 현데차는 사명했다
p24_u02,p24,taps_s160,차량 외부로 이백 이십 대이터 일반 전원의 금급해지는 브이트 엘 등 공우 커촌마이징 제품부터 일쩜 칠흥 제품까지 다양한 라인너으로 구성됐다고 현데차는 사명했다
p24_u02,p24,ce_visible,사령 외부로 이백 육십트 트 일반 전환을 공급해주는 그이츠 에 등 고 코트마이징 제품부터 필산 수용 제품까지 다양한 라이너으로 고성됐다고 현대차는 설명했다
p24_u02,p24,ce_invisible,차량 외으로 이백 이십 대이트 일반 전원을 공급해지는 브이트 엘등 공국 커촌마이징 제품부터 일상 시행 제품까지 다양한 라인너으로 구성됐다고 현데차는 사명했다
p24_u03,p24,taps,업무현으로 무선 총전이 가능한 스마트테이블과 멀치대비 철지되면 상단 차과투커와 멀팅미들렌통 미리클러등이 힐린 아이템으로 자작된다
p24_u03,p24,ce,업문용으로 무선 충장을 가능한 스마트팔블과 멀트앱이 출시되면 찬단 사드트포와 멀팅이그 랜턴 미리클로 등이 흉린 아이템으로 들답된다
p24_u03,p24,ce_s40,업문용으로 무선 충준을 가능한 스마트밴그과 멀대대이 출시되면 찬단 사바트트와 멀팅크 랜턴 눈립클로 등이 현린 아이템으로 드적된다
p24_u03,p24,ce_s80,업문용으로 무선 충준에 가능한 스마트밴그과 멀트대이 출시되면 찬단 사바트포와 벌팅이그 랜턴 눈이클로 등이 흉린 아이템으로 지급된다
p24_u03,p24,ce_s160,업문용으로 무선 충견을 가능한 스마트케과 멀트대이 출시되면 찬단 사바퍼포와 멀팅구랜턴 눈이 클로등이 혼린 아이템으로 전답된다
p24_u03,p24,taps_s80,업무영으로 무선 총전이 가능한 스마트테이블과 멀찌대비 철지되면 한단 차과투코와 멀팅어트렌턴 미리클로 등이 힐린 아이템으로 자작된다
p24_u03,p24,taps_s160,업무욕으로 무선 총전이 가능한 스마트테이블과 멀찌대비 철지되면 상단 차과투크와 멀팅어트랜턴 미리클로등이 힐린 아이템으로 자작된다
p24_u03,p24,ce_visible,업무으로 무선 충준에 가능한 스마크팔블과 멀트대이 출시되면 상단 사드트와 멀팅이 렌던 미리클로 등이 현린 아이템으로 들답된다
p24_u03,p24,ce_invisible,업무현으로 무선 총전이 가능한 스마트테이블과 멀치대비 철지되면 상단 차과투커와 멀팅미들렌던 미리클러등이 힐린 아이템으로 자작된다
p24_u04,p24,taps,차에서 퍼센츠 감상에 도은 린이비 프로젝트와 블루트스피커 스라트 원랜드 규모가 담비되며 우선 진공 선소이와 렌편우선 실라경 트레을 끝으로 출시된다
p24_u04,p24,ce,사에서 플센츠 감상을 동을 닉이비 포로젝트와 블루트커 스라코 온해드 근어가 준기되며 무선 중공 선보이와 렌편고선 순한경 크레끝트로 출시된다
p24_u04,p24,ce_s40,에서 플센츠 감상을 동을 의이비 포로젝트와 블루트트커 스라트 온해드 규모가 준기되며 무선 중공 선보이와 렌편고선 순한경 프레크로 출시된다
p24_u04,p24,ce_s80,사 에서 플센츠 감상을 동을 미니비 포로젝트와 블루트커 쓰라프로 온해드 규모가 준기되며 무선 중공 선보이와 렌편고선 순한경후 프레핀끝트로 출시된다
p24_u04,p24,ce_s160,사에서 플센츠 감상을 도을 미미핀 포로젝트와 블라트스커 스라트 온랜드 핑모가 준비되며 무선 중공 상폭이와 낸편고선 순한겨 프레핀인트로 출시된다
p24_u04,p24,taps_s80,차에서 프센츠 감상에 도을 뮤니비 프로젝트와 블루트스스피커 스마트 원랜드 비모가 담기되며 우선 진공 선소이와 냉편우선 클라경 트레을 끝으로 출시된다
p24_u04,p24,taps_s160,차에서 프센츠 감상에 도을 미이비 프로젝트와 블루트스피커 스마트 원랜드 비모가 담비되며 우선 진공 선소이와 랜편우선 실라겨 프레을 끝으로 출시된다
p24_u04,p24,ce_visible,사에서 플센츠 감상을 동을 닉미비 포로젝트와 블루트했커 스라코 원해드 근어가 준기되며 무선 중공 선보이와 렌편고선 순한경 크레끝트로 출시된다
p24_u04,p24,ce_invisible,차에서 퍼센츠 감상에 도은 린이비 프로젝트와 블루트피커 스라트 원랜드 규모가 담비되며 우선 진공 선소이와 렌편우선 실라경 트레을 끝으로 출시된다
p24_u05,p24,taps,현대차는 오는 이십 오 일부터 네달 십 삼 일까지 서울 위리주 오프라인 현진 체용진가 공간 마리지에서 해당 상품들을 전시할 예정이다
p24_u05,p24,ce,현백사는 오는 이십 오 일부터 네달 십 삼 일까지 서울 마수 오프라인 현동채어 등간 공간 마리스에서 해당 상품들을 전세 예정이다
p24_u05,p24,ce_s40,현백사는 오는 이십 오 일부터 네달 십 삼 일까지 서울 마비수 오프라인 현동세어 등간 공간 마리스에서 해당 상품들을 전세 예정이다
p24_u05,p24,ce_s80,현백사는 오는 이십 오 일부터 네달 십 삼 일까지 서울 마릿수 오프라인 성도세어 등간 공간 마리수에서 해당 상품들을 전세 예정이다
p24_u05,p24,ce_s160,현백사는 오는 이십 오 일부터 네달 십 삼 일까지 서울 마릿수 오프라인 현동세어 등간 공간 마니수에서 해당 상품들을 전세할 예정이다
p24_u05,p24,taps_s80,현대차는 오는 이십 오 일부터 네달 십 삼 일까지 서울 와리주 오프라인 현대 체분가 공간 마리주에서 해당 상품들을 전시할 예정이다
p24_u05,p24,taps_s160,현대차는 오는 이십 오 일부터 매달 십 삼 일까지 서울 와리주 오프라인 현팅 차앙등간가 공관 마리주에서 해당 상품들을 전시할 예정이다
p24_u05,p24,ce_visible,현백사는 오는 이십 오 일부터 네달 십 삼 일까지 서울 마수 오프라인 현동세어 등간 공간 마리스에서 해당 상품들을 전세 예정이다
p24_u05,p24,ce_invisible,현대차는 오는 이십 오 일부터 네달 십 삼 일까지 서울 위리주 오프라인 현진 체용진가 공간 마리지에서 해당 상품들을 전시할 예정이다
p24_u06,p24,taps,카카오판로 데이터 센터에서 발생한 화재로 타카오렌커와 카카오페이등 카카오 그룹의 그림서비스 접속 장애가 발생했다
p24_u06,p24,ce,카카오 판도 데이터 센터에서 발생한 화대로 카카오밴구와 카카오페이등 커카오 그룹의 그융 서비스의 법속 장애가 발생했다
p24_u06,p24,ce_s40,카카오 판도 데이터센터에서 발생한 화대로 카카오앵고와 카카오페이등 커카오 그룹의 급융 서비스의 법속 장애가 발생했다
p24_u06,p24,ce_s80,카카오 판도 데이터 센터에서 발생한 화대로 카카오밴구와 카카오페이등 커카오 그룹의 급융 서비스의 법속 장애가 발생했다
p24_u06,p24,ce_s160,학카오 편도 데이터 센터에서 발생한 화대로 카카오앵고와 카카오페이등 커카오 그룹의 균융 서비스의 법속 장애가 발생했다
p24_u06,p24,taps_s80,카카오판도 데이터센터에서 발생한 화재로 탁카오렌커 카카오페이 등 카카오 그룹의 그림 서비스 접속 장애가 발생했다
p24_u06,p24,taps_s160,카카오 판로 데이터센터에서 발생한 화재로 탁카오렌커 카카오페 등 카카오 그룹의 그림 서비스 접속 장애가 발생했다
p24_u06,p24,ce_visible,카카오 판도 데이터 센터에서 발생한 화대로 카카오밴구와 카카오페이등 커카오 그룹의 그융 서비스의 법속 장애가 발생했다
p24_u06,p24,ce_invisible,카카오판로 데이터 센터에서 발생한 화재로 타카오렌커와 카카오페이등 카카오 그룹의 그림서비스 접속 장애가 발생했다
p24_u07,p24,taps,십 오 일 오후 세 시 삼십 분 판겨에 유치한 에스케의시일시 데이터센터 장기시세에서 화제가 발생해 카카오가 운영하는 들료 서비스에서 접속장이라 발생했다
p24_u07,p24,ce,십 오 일 오후 세시 선십 분 판고에 위치한 에스페이시해시 베이터센터 단교설에서 화제만 발생한 쿠강가 운영하는 주오 서비스에서 접속 탕이가 발생했다
p24_u07,p24,ce_s40,십 오 일 오후 쇠시 선십분 판고에 위치한 에스페이시일시 베이터센터 단교설에서 화제가 발생한 쿠강과 운영하는 주오 서비스에서 접속 강이가 발생했다
p24_u07,p24,ce_s80,십 오 일 오후 쇠시 선십분 판고에 위치한 에스페이 시해시 베이터센터 경교설에서 화제나 발생한 쿠강가 운영하는 주오 서비스에서 법속 탕이가 발생했다
p24_u07,p24,ce_s160,십 오 일 오후 세시 선십 분 판고에 위치한 에스페이 시시 데이터센터 경기시설에서 화제가 발생한 쿠카가 운영하는 주오 서비스에서 접속 상이가 발생했다
p24_u07,p24,taps_s80,십 오 일 오후 세 시 삼십 분 판겨에 유치한 에스케의시시 데이터센터 장기시설에서 화제가 발생는 카카오가 운영하는 들오 서비스에서 적속장이라 발생했다
p24_u07,p24,taps_s160,십 오 일 오후 세 시 삼십 분 판겨에 유치한 에스케의 시시 데이터센터 장기세에서 화제가 발생해 카카오가 운영하는 들오 서비스에서 접속장이라 발생했다
p24_u07,p24,ce_visible,십 오 일 오후 세시 선십 분 판고에 위치한 에스페이 시해시 베이터센터 단교설에서 사제만 발생한 쿠강가 운영하는 주오 서비스에서 접속 강이가 발생했다
p24_u07,p24,ce_invisible,십 오 일 오후 세 시 삼십 분 판겨에 유치한 에스케의시일시 데이터센터 장기시세에서 화제가 발생해 카카오가 운영하는 들료 서비스에서 접속장이라 발생했다
p24_u08,p24,taps,카카노도 카카오 대께 카카오 페이뿐만 아니라 카카우티 카카오 대리 카오 지하철 카카오버스 맺론 등 서비스가 세시간 넘게 마을됐다
p24_u08,p24,ce,카카노통  뱅크 코카오 페이뿐만 아니라 카카우트 카카오 내리 카오 지아철 카카오버스 맺론 등 서비스가 세수한 넘게 마이됐다
p24_u08,p24,ce_s40,카카노트 카카 뱅크 코카오 페이뿐만 아니라 카카우트 카카오 내리 카오 지아철 카카오버스 맺론 등 서비스가 세소한 넘게 마이됐다
p24_u08,p24,ce_s80,카카노트 카카 뱅크 카오 페이뿐만 아니라 카카오디 카오 내리 코카오 지아철 카카오버스 맺론 등 서비스가 세소간 넘게 마이됐다
p24_u08,p24,ce_s160,카카노돈 카카오 뱅크 코카오 페이뿐만 아니라 카카우핏 카오 내리 코카오 아색 카카오버스 맺론 등 서비스가 세소한 넘게 마이됐다
p24_u08,p24,taps_s80,카카노토 사카오 뱅께 카카오 페이뿐만 아니라 카카우티 카카오 대리 카카오 지하철 카카오버스 맺론 등 서비스가 세시간 넘게 마이됐다
p24_u08,p24,taps_s160,카카노도 카카오 등께 카카오 페이뿐만 아니라 카카우티 카카오 내리 카카오 지하철 카카오버스 맺밀론 등 서비스가 세시간 넘게 발을됐다
p24_u08,p24,ce_visible,카카노통 사카 뱅크 카카오 페이뿐만 아니라 카카우트 사카오 내리 카오 지아철 카카오버스 맺론 등 서비스가 세수한 넘게 마이됐다
p24_u08,p24,ce_invisible,카카노도 사카오 대께 카카오 페이뿐만 아니라 카카우티 카카오 대리 카카오 지하철 카카오버스 맺론 등 서비스가 세시간 넘게 마을됐다
p24_u09,p24,taps,카카오는 다른 데이터 센터를 통해 온라인 서비스를 제용하기 위해 복고 작업에 착여했다
p24_u09,p24,ce,카카우는 다른 데이퍼 센터를 통해 온라인 서비스를 배네한 일기는 본구 사업에 착쇄했다
p24_u09,p24,ce_s40,카카우는 다른 데이퍼 센터를 통해 온라인 서비스를 배네한 일기는 복구 사업에 착조했다
p24_u09,p24,ce_s80,카카오는 다른 데이퍼 센터를 통해 온라인 서비스를 제공하 일기는 복구 사업에 착조했다
p24_u09,p24,ce_s160,카카오는 다른 데이퍼 센터를 통해 온라인 서비스를 베네한 데기는 보구 사업에 착조했다
p24_u09,p24,taps_s80,카카오는 다른 데이터 센터를 통해 온라인 서비스를 제용하기 위해 복고 작업에 착여했다
p24_u09,p24,taps_s160,카카오는 다른 데이터 센터를 통해 온라인 서비스를 제용하기 위해 복고 작업에 착표했다
p24_u09,p24,ce_visible,카카우는 다른 데이퍼 센터를 통해 온라인 서비스를 베외한 일기는 본구 사업에 착쇄했다
p24_u09,p24,ce_invisible,카카오는 다른 데이터 센터를 통해 온라인 서비스를 제용하기 위해 복고 작업에 착여했다
p24_u10,p24,taps,급인 터카오뱅트는 이날 오후 다섯 시부터 타카오톡을 기반으로 한 서비스를 제외하고 손금 등 타카오뱅커 단속으로 사용할 수 있는 서비스를 모두 복곳했다고 등지했다
p24_u10,p24,ce,그중 프타오뱅크는 이날 오후 다섯 시부터 카타우톡을 비반으로 한 서비스를 전려하고 송프루 등 프타오뱅크 단도으로 사용할 수 있는 서백스를 모두 배구했다고 동지했다
p24_u10,p24,ce_s40,그중 프타오뱅트는 이날 오후 다섯 시부터 카타우동을 비반으로 한 서비스를 제려하고 송균루 등 프타오뱅크 단도으로 사용할 수 있는 서백스를 모두 배곳했다고 동지했다
p24_u10,p24,ce_s80,그중 프타오뱅트는 이날 오후 다섯 시부터 카카우동을 비반으로 한 서비스를 전려하고 손그루 등 프오뱅크 단동으로 사용할 수 있는 서백스를 모두 배곳했다고 동지했다
p24_u10,p24,ce_s160,그중 카오뱅트는 이날 오후 다섯 시부터 카카오동을 비반으로 한 서비스를 제외하고 송균루 등 프오뱅크 단도으로 사용할 수 있는 사백스을 모두 배구했다고 동지했다
p24_u10,p24,taps_s80,급인 타카오뱅커는 이날 오후 다섯 시부터 타카오톡을 기반으로 안 서비스를 제외하고 송금 등 타카오뱅커 단속으로 사용할 수 있는 서비스를 모두 부곳했다고 등지했다
p24_u10,p24,taps_s160,급중 타카오뱅트는 이날 오후 다섯 시부터 타카오톡을 기반으로 한 서비스를 제외하고 송금 등 타카오뱅커 단속으로 사용할 수 있는 서비스를 모두 배곳했다고 등지했다
p24_u10,p24,ce_visible,그중 프타오뱅크는 이날 오후 다섯 시부터 카카우톡을 비반으로 한 서비스를 전려하고 송프로 등 프타오뱅크 단도으로 사용할 수 있는 서백스를 모두 배구했다고 동지했다
p24_u10,p24,ce_invisible,급인 터카오뱅트는 이날 오후 다섯 시부터 타카오톡을 기반으로 한 서비스를 제외하고 손금 등 타카오뱅커 단속으로 사용할 수 있는 서비스를 모두 복곳했다고 등지했다
p24_u11,p24,taps,카카노 계정으로 희역사이 카카오터을 활용한 관편 이체 노인통장 친부초의 애포씨 및 알림 탁수신 등은 아직 보교되지 않았다
p24_u11,p24,ce,코한노 배정으로 해행가의 확가 토막 활용온 반편 이체 모인통장 신고 초대 애포색 및 반림특수색 등은 아직 보곳되지 않았다
p24_u11,p24,ce_s40,코크노 배정으로 해안가의 확가 토막 활용 반편 이 체 모인통장 신고 초대 애포색 및 알림흑수색 등은 아직 보곳되지 않았다
p24_u11,p24,ce_s80,코크노 배정으로 해안가 확도 토등 활용온 단평 이 체 모인통장 신북 초대 애포스 및 알림프 수색 등은 아직 보곳되지 않았다
p24_u11,p24,ce_s160,코노 계정으로 해안가 확도 포등 활용원 단평 이 체 모인통장 친구 초대 맥포직 및 알림 특 수상 등은 아직 보곳되지 않았다
p24_u11,p24,taps_s80,카카노 계정으로 희역사 카카오터등 활용한 관편 이체 노인통장 친부 의 애포시 및 알림 탁수신 등은 아직 복급되지 않았다
p24_u11,p24,taps_s160,카카모 대정으로 희역사이 카카오터등 화용한 반편 이체 노인통장 친부슬의 애포씨 및 알림 척수신 등은 아직 보쿄되지 않았다
p24_u11,p24,ce_visible,코스노 배정으로 해행가의 확가 토막 활용온 반편 이에 모인통장 신고 초대 애포씩 및 말림 특수색 등은 아직 보곳되지 않았다
p24_u11,p24,ce_invisible,카카노 계정으로 희역사이 카카오터을 활용한 관편 이체 노인통장 친부초의 애포씨 및 알림 탁수신 등은 아직 보교되지 않았다
p24_u12,p24,taps,사카모밴크 관계자는 타카우터를 장상화되면 나머지 기능도 돌아갈 것이라고 사용했다
p24_u12,p24,ce,커카오앵프 관계자는 카카루폰도 정상화되면 나머지 기능도 돌아갈 것 이라고 설명했다
p24_u12,p24,ce_s40,커카오앵크 관계자는 카카루폰로 장상화되면 나머지 기농도 돌아갈 것 이라고 설명했다
p24_u12,p24,ce_s80,커카오밴크 관계자는 타카이폰도 장상화되면 나머지 기능도 돌아와 것 이라고 설명했다
p24_u12,p24,ce_s160,커카오밴배 관계자는 카카폰도 장사화되면 나머지 기능도 돌아갈 것 이라고 설명했다
p24_u12,p24,taps_s80,사카모앵커 관계자는 타카우터를 장상화되면 나머지 기능도 돌아갈 것이라고 사용했다
p24_u12,p24,taps_s160,박카모밴급 관계자는 타카오터를 장상화 되면 나머지 기능도 돌아와갈 것이라고 사용했다
p24_u12,p24,ce_visible,커카오앵프 관계자는 카카루폰도 정상화되면 나머지 기능도 돌아갈 것 이라고 설명했다
p24_u12,p24,ce_invisible,사카모밴급 관계자는 타카우터를 장사화되면 나머지 기능도 돌아갈 것이라고 사용했다
p24_u13,p24,taps,대부분의 서비스가 카카오톡을 통해 할용되는 사카오페이는 법구가 늘어지고 있다
p24_u13,p24,ce,대부분의 서비스가 카카오폭을 통해 활용되는 카자오페이는 본구가 늘어지고 있다
p24_u13,p24,ce_s40,대부분의 서비스가 카카오톡을 통해 활용되는 카카오페이는 본구가 늘어지고 있다
p24_u13,p24,ce_s80,대부분의 서비스가 카카오폭을 통해 활용되는 카카오페이는 바구가 내려지고 있다
p24_u13,p24,ce_s160,대부분의 서비스가 카카오폭을 통해 활용되는 카카오페이는 법구가 늘여지고 있다
p24_u13,p24,taps_s80,대부분의 서비스가 카카오톡을 통해 할인되는 사카오페이는 법구가 늘어지고 있다
p24_u13,p24,taps_s160,대부분의 서비스가 카카오톡을 통해 활용대는 사카오페이는 법구가 늘어지고 있다
p24_u13,p24,ce_visible,대부분의 서비스가 카카오폭을 통해 활용되는 카사오페이는 본구가 늘어지고 있다
p24_u13,p24,ce_invisible,대부분의 서비스가 카카오둑을 통해 할용되는 사카오페이는 법구가 늘어지고 있다
p24_u14,p24,taps,세배 장애 범위를 파악하고 있다며 빠른 폭꾸를 이해 노색하겠다고 밝혔다
p24_u14,p24,ce,세부 당의 범행될 파악하도 있다며 빠른 북꾸를 이해 노력하겠다고 밝혔다
p24_u14,p24,ce_s40,세부 당의 범행될 파악하도 있다며 빠른 북구를 이해 노력하겠다고 밝혔다
p24_u14,p24,ce_s80,일부 장의 범행될 파악하도 있다며 빠른 복부를 이해 노력하겠다고 밝혔다
p24_u14,p24,ce_s160,세로 당의 범될 파악하도 있다며 빠른 북꾸를 이해 노력하겠다고 밝혔다
p24_u14,p24,taps_s80,세배 장애 범위를 파악하고 있다며 빠른 폭꾸를 이해 노색하겠다고 밝혔다
p24_u14,p24,taps_s160,세배 장애 범위를 파악하고 있다며 빠른 폭꾸를 이해 노색하겠다고 밝혔다
p24_u14,p24,ce_visible,세부 당의 범행될 파악하도 있다며 빠른 북꾸를 이해 노력하겠다고 밝혔다
p24_u14,p24,ce_invisible,세배 장애 범위를 파악하고 있다며 빠른 폭꾸를 이해 노색하겠다고 밝혔다
p24_u15,p24,taps,최근 사활악과 남성선도 동행해 쓰에 지해 잠든 예극인 여성 주육 수타생을 선폭행한 사건이 발생했다
p24_u15,p24,ce,회군 사활학고 남편상도 분명이 수에 진해 삼든 외국인 여성 조육 수타생을 선포켓하 사건이 발생했다
p24_u15,p24,ce_s40,회군 사활학고 남편상도 분명이 수에 지에 삼등 외국인 여성 조육 수타생을 선행와 사건이 발생했다
p24_u15,p24,ce_s80,최군 사활학고 남성선도 분행이 수에 진에 삼등 외국인 여전 조육 수타생을 선행 사건이 발생했다
p24_u15,p24,ce_s160,최군 사활학고 남성상도 분명이 수에 지해 삼등 외곡인 여성 조육 수타생을 한 행 사건이 발생했다
p24_u15,p24,taps_s80,해은 사활악고 남방선도 동행해 쓰에 지해 잠든 예극인 여성 두육 수타생을 선폭행한 사건이 발생했다
p24_u15,p24,taps_s160,해은 사활악고 남방선도 동행해 쏘에지해 잠든 예극인 여성 주육 수타생을 선폭행한 사건이 발생했다
p24_u15,p24,ce_visible,회군 사활학고 남편상도 분명이 수에 진에 삼든 외국인 여성 교육 수타생을 선포켓하 사건이 발생했다
p24_u15,p24,ce_invisible,최근 사활악과 남성선도 동행해 쓰에 지해 잠든 예극인 여성 주육 수타생을 선폭행한 사건이 발생했다
p24_u16,p24,taps,육 일 경남진해경찰서는 동료 여성생고를 선폭행한 혐의로 전 최군 사원학교 선거 두 명은 창원지검에 송치했다고 밝혔다
p24_u16,p24,ce,육 일 경남진해경찰서는 동용 여성 생거를 성폭행할 혐의로 전 해군 사산학교 생교 두 명은 창문지검에 통수했다고 밝혔다
p24_u16,p24,ce_s40,육 일 경남진해경찰서는 동 여성 생거를 성폭행할 혐의로 전 해군 사환학교 생거 두 명은 창문지검에 송수했다고 밝혔다
p24_u16,p24,ce_s80,육 일 경남진해경찰서는 동 여성 선거를 성폭행할 혐의로 전 해군 사면학교 행로 두 명은 창콘지검에 송수했다고 밝혔다
p24_u16,p24,ce_s160,육 일 경남진해경찰서는 법 여성 생고를 성폭행할 혐의로 전 최군 사진학교 생돌 두 명은 상문지검에 통수했다고 밝혔다
p24_u16,p24,taps_s80,육 일 경남진해경찰서는 동료 여성생고를 선폭행한 혐의로 전 최군 사원학교 선거 두 명은 상원지검에 송치했다고 밝혔다
p24_u16,p24,taps_s160,육 일 경남진해경찰서는 동료 여성생고를 선폭행한 혐의로 전 세군 사원학교 선거 두 명은 창원지검에 통치했다고 밝혔다
p24_u16,p24,ce_visible,육 일 경남진해경찰서는 동용 여성 생거를 성폭행할 혐의로 전 훼군 사산학교 생교 두 명은 창콘지검에 통수했다고 밝혔다
p24_u16,p24,ce_invisible,육 일 경남진해경찰서는 동료 여성생고를 선폭행한 혐의로 전 최군 사원학교 선거 두 명은 창원지검에 송치했다고 밝혔다
p24_u17,p24,taps,이들 과일라정 현명은 한국인 다른 흑량은 외국인 타 생동 것으로 전해졌다
p24_u17,p24,ce,이들 과외다산 한명은 한국이온 다른 한 명은 외국인 타 생동 것으로 전해졌다
p24_u17,p24,ce_s40,이들 과외다산 한명은 한국온 다른 한 명은 외국인 학 생고 것으로 전해졌다
p24_u17,p24,ce_s80,이들 과외다산 한명은 한국이엔 다른 한 명은 외국인 학 생동 것으로 전해졌다
p24_u17,p24,ce_s160,이들 과외다산 한명은 한국이엔온 다른 한 명은 외국인 소탁 생공인 것으로 전해졌다
p24_u17,p24,taps_s80,이들 과일라정 현명은 한국인 른 흑량은 외국인 타 생동 것으로 전해졌다
p24_u17,p24,taps_s160,이들 과일라정 역명은 한국인 른 흑량은 외국인 학 생동 것으로 전해졌다
p24_u17,p24,ce_visible,이들 과외다산 한명은 한국이온 다른 한 명은 외국인 타 생동 것으로 전해졌다
p24_u17,p24,ce_invisible,이들 과일라정 현명은 한국인 다른 흑량은 외국인 타 생동 것으로 전해졌다
p24_u18,p24,taps,두 사람은 지난 일 월 삼 일  경남 사원실 지내고 해본 사과 학도 외국인 스탁생은 숙속에서 술레치에 잠든 같은 학년의 피해자를 성폭행한 혐의를 받는다
p24_u18,p24,ce,두 사람은 지난 일 월 삼 일 새벽 경남 사 원시 내고 행군 사관 확국 외국습탁생은 축속에서 쏘레지에 담든 같은 사면의 피해자를 성폭행한 혐의를 받는다
p24_u18,p24,ce_s40,두 사람은 지난 일 월 삼 일 새벽 경남 사 원시 내고 군 사관 항국 외국습탁생을 축속에서 쏘레지에 담분 같은 한면의 피해자를 성폭행한 혐의를 받는다
p24_u18,p24,ce_s80,두 사람은 지난 일 월 삼 일 새벽 경남 사 원시 내고 국 사관 항국 외국 습탁생을 축구에서 쏘레찌에 담분 같은 한면의 피해자를 성폭행한 혐의를 받는다
p24_u18,p24,ce_s160,두 사람은 지난 일 월 삼 일 새몇 경남 사 원수 내구 군 사관 항국 외국 습탁생을 숙구에서 쏘레지에 담든 같은 학면의 피해자를 성폭행한 혐의를 받는다
p24_u18,p24,taps_s80,두 사람은 지난 일 월 삼 일 직 경남 사원실 지내구 해본 사과 학도 외국인 스탁생은 숙속에서 술레치에 잠등 같은 학년의 피해자를 성폭행한 혐의를 받는다
p24_u18,p24,taps_s160,두 사람은 지난 일 월 삼 일  경남 사원실 지내구 해본 사과 학도 외국인 습탁생은 숙속에서 술레치에 잠등 같은 학년의 피해자를 상폭행한 혐의를 받는다
p24_u18,p24,ce_visible,두 사람은 지난 일 월 삼 일 새벽 경남 사 원시 내고 행군 사관 학국 외구습탁생은 숙소에서 쏘레지에 담등 같은 사면의 피해자를 성폭행한 혐의를 받는다
p24_u18,p24,ce_invisible,두 사람은 지난 일 월 삼 일  경남 사원실 지내고 해본 사과 학도 외국인 스탁생은 숙속에서 술레치에 잠든 같은 학년의 피해자를 성폭행한 혐의를 받는다
p24_u19,p24,taps,가이자 등명은 범행 당지 모두 사학년으로 인관을 불과 두 달려 남겨놓은 상태였다
p24_u19,p24,ce,가이자 두 명은 범행 방아실 모두 사학년으로 인관을 불과 부달려 남겨놓은 상태였다
p24_u19,p24,ce_s40,가이자 두 명은 범행 방아을 모두 사학년으로 인관을 불과 두 달려 남겨으은 상태였다
p24_u19,p24,ce_s80,가이자 두 명은 범행 방아술 모두 다학년으로 인관을 불과 부달려 남겨놓은 상태였다
p24_u19,p24,ce_s160,가이자 두 명은 범행 방아실 모두 사학년으로 인관을 불과 부달려 남겨놓은 상태였다
p24_u19,p24,taps_s80,가이자 등명은 범행 방식 모두 사 학년으로 인관을 불과 두 달려 남겨놓은 상태였다
p24_u19,p24,taps_s160,가이자 등명은 범행 당지 모두 사학년으로 인관을 불과 두 달려 남겨놓은 상태였다
p24_u19,p24,ce_visible,가이자 두 명은 범행 방아술 모두 사학년으로 인관을 불과 부 달려 남겨놓은 상태였다
p24_u19,p24,ce_invisible,가이자 등명은 범행 당지 모두 사학년으로 인관을 불과 두 달려 남겨놓은 상태였다
p24_u20,p24,taps,이 석과 범행은 방학대 본국으로 갔다가 돌러운 피해자가 학교 측의 이 같은 내용을 알리면서 들러왔다
p24_u20,p24,ce,이 사건 범행은 방학된 본국으로 갔다가 돌아온 피해자가 홍꽃 측의 이같은 내용을 알리면서 들러갔다
p24_u20,p24,ce_s40,이 사건 범행은 방학배 본국으로 갔다가 돌러온 피해자가 홍꽃 측의 이같은 내용을 알리면서 불러났다
p24_u20,p24,ce_s80,이 사건 범행은 방학배 본국으로 갔다가 돌러온 피해다가 홍꽃 측의 이같은 내용을 알리면서 드러났다
p24_u20,p24,ce_s160,이 사건 범행은 방학배 본국으로 았다가 불러온 피해다가 홍꽃 측의 이같은 내응을 알리면서 드러났다
p24_u20,p24,taps_s80,이 석건 범행은 방학대 본국으로 갔다가 돌러운 피해자가 학구 측의 이 같은 내용을 알리면서 들러왔다
p24_u20,p24,taps_s160,이 석건 범행은 방학대 본국으로 갔다가 돌아운 피해자가 학교 측의 이 같은 내용을 알리면서 들러왔다
p24_u20,p24,ce_visible,이 사건 범행은 방학된 본국으로 갔다가 돌아온 피해자가 홍구 측의 이같은 내용을 알리면서 들러갔다
p24_u20,p24,ce_invisible,이 석과 범행은 방학대 본국으로 갔다가 돌러운 피해자가 학교 측의 이 같은 내용을 알리면서 들러왔다
p24_u21,p24,taps,당초 해건 수사단닌 이 사건을 사했으나 외국인 과해자에 대해서는 군 검찰이 수사건이 없어 이 월 중순 경찰에 넘겨졌다
p24_u21,p24,ce,당초 해은 수사 안닌 이 사건을 다으나 외국인 가해자에 대해서는 군 검찰이 수사권이 없어 의 중순 경찰에 넘겨졌다
p24_u21,p24,ce_s40,당초 해은 수사안닌 이 사건을 다으나 외국인 가해자에 대해서는 군 검찰이 수사권이 없어 의 중순 경찰에 넘겨졌다
p24_u21,p24,ce_s80,당초 해근 수사하닌 이 사건을 수다으나 외국인 가해자에 대해서는 군검찰이 수사권이 없어 미일 중순 경찰에 넘겨졌다
p24_u21,p24,ce_s160,당초 해근 수사하이 이 사건은 수랑으나 외국인 가해다에 대해서는 군 검사이 수사권이 없어 미일 중순 경찰에 넘겨졌다
p24_u21,p24,taps_s80,당초 해건 수사단닌 이 사건을 사했으나 외국인 가해자에 대해서는 군 검찰이 수사건이 없어 이 월 중순 경찰에 넘겨졌다
p24_u21,p24,taps_s160,당초 해군 수사단닌 이 사건을 사했으나 외국인 과해자에 대해서는 군 검찰이 수사건이 없어 이 월 중순 경찰에 넘겨졌다
p24_u21,p24,ce_visible,당초 해군 수사 안닌 이 사건을 수사으나 외국인 가해자에 대해서는 군 검찰이 수사권이 없어 의 중순 경사에 넘겨졌다
p24_u21,p24,ce_invisible,당초 해건 수사단닌 이 사건을 사했으나 외국인 과해자에 대해서는 군 검찰이 수사건이 없어 이 월 중순 경찰에 넘겨졌다
p24_u22,p24,taps,한국등 과계자는 주택 일반으로 특교 당의 민간이 신분으로 전환되면서 경찰에서 조사를 받았다
p24_u22,p24,ce,한국홍 바해자는 구책 일반으로 택 배 당에 민간을 상분으로 전환되면서 경찰에서 조사를 받았다
p24_u22,p24,ce_s40,한고용 바해자은 교책 일반으로 세 배 당에 민간을 상분으로 전환되면서 경찰에서 조사를 받았다
p24_u22,p24,ce_s80,한국호 바해자은 구책 일반으로 세 배당에 민간을 상문으로 전환되면서 경찰에서 조사를 받았다
p24_u22,p24,ce_s160,한고용 바해자은 구책 일반으로 택을당에 민간을 상분로 전환되면서 경찰에서 조사를 받았다
p24_u22,p24,taps_s80,한국등 과해자는 주택 일반으로 특별 당의 민간이 신근으로 전환되면서 경찰에서 조사를 받았다
p24_u22,p24,taps_s160,한국은 과해자는 주택 일반으로 특결 당의 민간이 신분으로 전환되면서 경찰에서 조사를 받았다
p24_u22,p24,ce_visible,한국홍 바해자는 구책 일반으로 택 배 당에 민간을 상분으로 전환되면서 경찰에서 조사를 받았다
p24_u22,p24,ce_invisible,한국등 과계자는 주택 일반으로 특교 당의 민간이 신분으로 전환되면서 경찰에서 조사를 받았다
p24_u23,p24,taps,한루등 과계사는 경찰 조사에서 범행을 시인했지만 외국인 과에사는 범행을 부인하고 있는 것으로 알려졌다
p24_u23,p24,ce,한우전 사계사는 경찰 조사에서 범행을 수용했지만 외국인 과계서는 범행을 보인하고 있는 것으로 알려졌다
p24_u23,p24,ce_s40,한우전 과계사는 경찰 조사에서 범행을 수용했지만 외국인 과에서는 범행을 보인하고 있는 것으로 알려졌다
p24_u23,p24,ce_s80,한우도전 다계사는 경찰 조사에서 범행을 수용했지만 외국인 과계서는 범행을 보인하고 있는 것으로 알려졌다
p24_u23,p24,ce_s160,한우도전 과계사는 경찰 조사에서 범행을 수용했지만 외국인 과에서는 범행을 보인하고 있는 것으로 알려졌다
p24_u23,p24,taps_s80,한루든 과계사는 경찰 조사에서 범행을 시인했지만 외국인 과에서는 범행을 부인하고 있는 것으로 알려졌다
p24_u23,p24,taps_s160,한국등 과계사는 경찰 조사에서 범행을 시인했지만 외국인 과에사는 범행을 부인하고 있는 것으로 알려졌다
p24_u23,p24,ce_visible,한우전 과계사는 경찰 조사에서 범행을 수용했지만 외국인 과계서는 범행을 보인하고 있는 것으로 알려졌다
p24_u23,p24,ce_invisible,한루등 과계사는 경찰 조사에서 범행을 시인했지만 외국인 과에사는 범행을 부인하고 있는 것으로 알려졌다
p24_u24,p24,taps,하지만 경사은 여기인 과해자의 행너 등 증거와 피해자 진술을 근거로 혐의가 있다고 판단 두 사람 모두 찰례 송치했다
p24_u24,p24,ce,하지만 경사는 외국인 가해자에 부인해이 등 증공와 피해자 진술를 근거로 선로가 있다고 판단 부 사람 모두 잘례 공표했다
p24_u24,p24,ce_s40,하지만 경사는 외국인 가해자에 도인할 등 증거와 피해자 진술를 근거로 선부가 있다고 판단 부 사람 모두 찰에 공투했다
p24_u24,p24,ce_s80,하지만 경사는 외국인 가해자에 부인할 등 증공와 피해자 진술를 근거로 선가 있다고 판단 부 사람 모두 사례 공투했다
p24_u24,p24,ce_s160,하지만 경찰은 외국인 가해자의 부인할 등 증공와 피해자 진술를 근거로 선가 있다고 판단 부 사람 모두 사례 통촌했다
p24_u24,p24,taps_s80,하지만 경사은 여일인 과해자의 인너이 등 증거와 피해자 진술을 근거로 혐의가 있다고 판단 두 사람 모두  차례 통치했다
p24_u24,p24,taps_s160,하지만 경사은 여일인 과해자의 너이 등 증거와 피해자 진술을 근거로 혐의가 있다고 판단 두 사람 모두 차례 통치했다
p24_u24,p24,ce_visible,하지만 경사는 외국인 가해자에 인해이 등 증공와 피해자 진수를 근거로 선로가 있다고 판단 부 사람 모두 사례 공표했다
p24_u24,p24,ce_invisible,하지만 경사은 여기인 과해자의 행너이 등 증거와 피해자 진술을 근거로 혐의가 있다고 판단 두 사람 모두 찰례 송치했다
p24_u25,p24,taps,전남 곡성군 드리스타트는 지난 삼 실까지 개최된 제 이십 이 일 곡성심차 어린이대축제에서 가족 문화차영에 진행해 높은 호운에 이끌어냈다
p24_u25,p24,ce,전남 국성군 드림 스타트는 지난 삼 세 일까지 대체된 제 이십 이 후에 곡성순 철어린이대축제에서 가족 문화 세형을 진행해 높은 호황을 이끌어냈다
p24_u25,p24,ce_s40,전남문 고성군 그림 스타트는 지난 삼 세일까지 대체된 제 이십 이 후에 곡성순 철어린이대축재에서 가족 문화 세형을 진행해 높은 호을 이끌어냈다
p24_u25,p24,ce_s80,전남문 고성군 드림 스타트는 지난 삼 세일까지 대체된 제 이십 이 후에 복성순 차거린이대축재에서 가족 문화 세형을 진행해 높은 호황을 끌어냈다
p24_u25,p24,ce_s160,전남 고곡성군 드림 스타트는 지난 삼 세일까지 대체된 제 이십 이 후일 곡성순 차 어린이대축재에서 가족 문화 세형을 진행해 높은 호황을 끌어냈다
p24_u25,p24,taps_s80,전남 곡성군 드의스타트는 지난 삼 실일까지 개최된 제 이십 이 일 곡성 신차의 어린이대축자에서 가족 문화차영에 진행해 높은 호에 이끌어냈다
p24_u25,p24,taps_s160,전남 곡성군 드의스타트는 지난 삼 실일까지 개최된 제 이십 이 일 곡성신차의 어린이대축제에서 가족 문화차영에 진행해 높은 호에 이끌어냈다
p24_u25,p24,ce_visible,전남 고성군 드림 스타트는 지난 삼 세 일까지 대체된 제 이십 이 후에 곡성순 철어린이대축재에서 가족 문화 세형을 진행해 높은 호황을 이끌어냈다
p24_u25,p24,ce_invisible,전남 곡성군 드의스타트는 지난 삼 실까지 개최된 제 이십 이 일 곡성심차 어린이대축제에서 가족 문화차영에 진행해 높은 호운에 이끌어냈다
p24_u26,p24,taps,드리 스타트는 아동에게 공평한 출발 기회를 제공해 건강한 사회 구사원으로 생각할 수 있도록 지원하는 아동 복지사업이다
p24_u26,p24,ce,그리 스타트는 아동액의 공평한 순발 기회대 책용에 건강한 사회 구성원으로 성당할 수 있도록 지원하는 아동복지 사업이다
p24_u26,p24,ce_s40,드리스타트는 아동액을 공평한 순발 기회를 책용에 건강한 사회 구사원으로 성당할 수 있도록 지원하는 아동복지 사업이다
p24_u26,p24,ce_s80,드리스타트는 아동협의 공평한 순발 기회를 책용에 건강한 사회 구성원으로 성전할 수 있도록 지원하는 아동복지 사업이다
p24_u26,p24,ce_s160,브리스타트는 아동액의 공평한 순발 기회를 책용에 건강한 사회 구성원으로 성전할 수 있도록 지원하는 아동복지 사업이다
p24_u26,p24,taps_s80,드리 스타트는 아동에게 공평한 출발 기회를 제공해 건강한 사회 구사원으로 상당할 수 있도록 지원하는 아동 복지사업이다
p24_u26,p24,taps_s160,드리 스타트는 아동에이 공평한 출발 기회를 제공해 건강한 사회 구사원으로 생당할 수 있도록 지원하는 아동 복지사업이다
p24_u26,p24,ce_visible,그리 스타트는 아동액의 공평한 순발 기회대 책용에 건강한 사회 구성원으로 성당할 수 있도록 지원하는 아동복지 사업이다
p24_u26,p24,ce_invisible,드리 스타트는 아동에게 공평한 출발 기회를 제공해 건강한 사회 구사원으로 생각할 수 있도록 지원하는 아동 복지사업이다
p24_u27,p24,taps,만 시비살 초등학생 이하 취약 계춘자동과 가족에게 맞추명 통학서비스를 지원하고 다양한 지역사원을 연결하는 것이 흑신 내행이다
p24_u27,p24,ce,만 쓰비스 초등학생이사 취약 교층여동과 가도에게 마면 통낙서비스를 드원하고 다양한 지역 사원을 연결하는 것을 흡스운 내용이다
p24_u27,p24,ce_s40,만 쓰비스 표등학생 이사 취약 교축여동과 가족들게 마춤면 통낙서비스를 지원하고 다양한 지역 사원을 연결하는 것을 흡스운 내용이다
p24_u27,p24,ce_s80,만 쓰비스 초등학생 유사 취약 교축 야동과 가족에게 마춤면 통낙서비스를 지원하고 다양한 지역 사원을 연결하는 것을 흡동운 내용이다
p24_u27,p24,ce_s160,만 쓰비스 표등학생 이사 취약 교축여동과 가족에게 마춤명 통낙서비스를 지원하고 다양한 지역 사원을 연결하는 것을 흡스운 내용이다
p24_u27,p24,taps_s80,만 시이살 초등학생 이사 취약 계춘자동과 가족에게 맞추명 통학서비스를 지원하고 다양한 지역사원을 연기하는 것이 흑신 내행이다
p24_u27,p24,taps_s160,만 시이살 초등학생 이하 취약 계춘자동과 가족에게 맞추명 통학서비스를 지원하고 다양한 지역사원을 연결하는 것이 흑신 내행이다
p24_u27,p24,ce_visible,만 쓰비스 초등학생이사 취약 교층여동과 가도들게 마춤면 통낙서비스를 드원하고 다양한 지역 사원을 연결하는 것을 흡스운 내용이다
p24_u27,p24,ce_invisible,만 시비살 초등학생 이하 취약 계춘자동과 가족에게 맞추명 통학서비스를 지원하고 다양한 지역사원을 연결하는 것이 흑신 내행이다
p24_u28,p24,taps,국성부는 신체 건강 인지연합 정서 행동 부모 가족 등 네개 분야로 나눠 매년 삼십 세 대해 다양한 프로그램을 지원하고 있다
p24_u28,p24,ce,국성후부는 신체 건강 빈주연합 정서 행동 부모 가족 등 액을 분야로 나눠 매년 삼생 경에에 다양한 프로그램을 부원하고 있다
p24_u28,p24,ce_s40,국성후부는 신체 건강 인주연성 정서 행동 부모 가족 등 액그 분야로 나눠 매년 삼생경에에 다양한 프로그램을 구원하고 있다
p24_u28,p24,ce_s80,국성후부는 신체 건강 인주연성 정서 행동 부모 가족 등 액굴 분야로 나눠 매년 삼생 경에에 다양한 프로그램을 구원하고 있다
p24_u28,p24,ce_s160,국성후부는 신체 건강 인비연론 정서 행동 부모 가족 등 액을 분야로 나눠 매년 삼생 경에에 다양한 프로그램을 부원하고 있다
p24_u28,p24,taps_s80,곡성부는 신체 건강 인지연합 정서 행동 부모 가족 등 네개 분야로 나눠 매년 삼십 세 대해 다양한 프로그램을 지원하고 있다
p24_u28,p24,taps_s160,곡성부는 신체 건강 인지연합 정서 행동 부모 가족 등 네개 분야로 나눠 매년 삼십 세 대해 다양한 프로그램을 지원하고 있다
p24_u28,p24,ce_visible,국성후부는 신체 건강 빈주연합 정서 행동 부모 가족 등 액굴 분야로 나눠 매년 삼생 경에에 다양한 프로그램을 부원하고 있다
p24_u28,p24,ce_invisible,국성부는 신체 건강 인지연합 정서 행동 부모 가족 등 네개 분야로 나눠 매년 삼십 세 대해 다양한 프로그램을 지원하고 있다
p24_u29,p24,taps,특히 지속적으로 아동과 양입자를 상당하면서 단계될 마침 프로그램을 제용하고 이를 아동의 근정적은 발달을 추진한다
p24_u29,p24,ce,특히 부속적으로 아동과 양육자를 상당하면서 단계별 맞춘 프로그램을 제공하고 이를 아동에 본정적인 발따을 추명한다
p24_u29,p24,ce_s40,특히 부속적으로 아동과 양육자를 상당하면서 단계별 맞춘 프로그램을 제공하고 이를 아동에 본정적인 발따을 착명한다
p24_u29,p24,ce_s80,특히 부속적으로 아동과 양육자를 상당하면서 단계별 맞춤 프로그램을 제공하고 이를 아동에 본정적인 발딸을 추명한다
p24_u29,p24,ce_s160,특히 부속적으로 아동과 양육자를 상당하면서 단계별 맞추 프로그램을 제공하고 이를 아동에 분정적인 발따을 착분한다
p24_u29,p24,taps_s80,특히 지속적으로 아동과 양입자를 상당하면서 단계별 마춤 프로그램을 제용하고 이를 아동의 근정각은 발달을 추진한다
p24_u29,p24,taps_s160,특히 지속적으로 아동과 양입자를 상당하면서 단계별 마침 프로그램을 제용하고 이를 아동의 근정각은 발달을 추진한다
p24_u29,p24,ce_visible,특히 부속적으로 아동과 양육자를 상당하면서 단계별 맞춘 프로그램을 제공하고 이를 아동에 본정적인 발따을 추명한다
p24_u29,p24,ce_invisible,특히 지속적으로 아동과 양입자를 상당하면서 단계될 마침 프로그램을 제용하고 이를 아동의 근정적은 발달을 추진한다
p24_u30,p24,taps,이번 투재에서도 아동그의 신체적 정사적 사회적 능력 등을 고루 상담트 수 있는 세운비리 십 삼 개 부스에서 진행됐다
p24_u30,p24,ce,이번 투자에서도 아동군의 신체벽 정거사실적 능력 등을 보 상장시킬 수 있는 세원들이 삼 개 볼질에서 진행됐다
p24_u30,p24,ce_s40,이번 투처에서도 아동들의 신체벽 정사실적 능력 등을 보상장시킬 수 있는 세람들이 십삼 개 구수에서 진행됐다
p24_u30,p24,ce_s80,이번 습처에서도 아동들의 신체벽 정 사교적 능력 등을 보르 상장시킬 수 있는 세원들이 십삼 개 구술에서 진행됐다
p24_u30,p24,ce_s160,이번 숙처에서도 아동들의 신체역 정거 사교적 능력 등을 보두 상장시킬 수 있는 세운들이 십삼 개 볼스에서 진행됐다
p24_u30,p24,taps_s80,이번 투재에서도 아동그의 신체적 정사적 사회적 능력 등을 고루 상담트 수 있는 사운배리 십 삼 개 블스에서 진행됐다
p24_u30,p24,taps_s160,이번 투지재에서도 아동그의 신체적 정사적 사회적 능력 등을 고루 상담트 수 있는 세운비리 십 삼 개 부스에서 진행됐다
p24_u30,p24,ce_visible,이번 투처에서도 아동군의 신체벽 정거사실적 능력 등을 보 상장시킬 수 있는 세람들이 십삼 개 볼질에서 진행됐다
p24_u30,p24,ce_invisible,이번 투재에서도 아동그의 신체적 정사적 사회적 능력 등을 구루 상담트 수 있는 세운비리 십 삼 개 부스에서 진행됐다
p24_u31,p24,taps,참교 아동들은 자신이 평소 조아하는 것과 잘하는 것은 물론 그동안 전하지 않았던 다양한 세임을 참여하며 즐거 시간을 보냈다
p24_u31,p24,ce,사미 안형들은 자신이 평도 보호하는 것과 달라는 것어 물론 그동안 하지 않았던 다양한 세아을 사명하며 불거 수간을 보했다
p24_u31,p24,ce_s40,참미 안형들은 자신이 평을로 보호하는 것과 달라는 것은 물론 그동안 하지 않았던 다양한 세활을 사명하며 불거 수간을 보냈다
p24_u31,p24,ce_s80,사미 안형들은 자신이 평로 보호하는 것과 달하는 것은 물론 그동안 파지 않았던 다양한 세아을 사명하며 불거 수간을 보했다
p24_u31,p24,ce_s160,사미 아동들은 자신이 평를 조호하는 것과 잘라는 것은 물론 그동안 하지 않았던 다양한 세람을 사여하며 즐거 시간을 보했다
p24_u31,p24,taps_s80,참여 아동들은 자신이 평소 조아하는 것과 잘하는 것을은 물론 그동안 전하지 않았던 다양한 세임을 참여하며 즐거 시간을 보냈다
p24_u31,p24,taps_s160,참여 아동들은 자신이 평소 조하는 것과 잘하는 것은 물론 그동안 전하지 않았던 다양한 세임을 참여하며 즐거 시간을 보냈다
p24_u31,p24,ce_visible,사미 안형들은 자신이 평를 보호하는 것과 달라는 것어 물론 그동안 하지 않았던 다양한 세아을 사명하며 즐거 수간을 보했다
p24_u31,p24,ce_invisible,참교 아동들은 자신이 평소 조아하는 것과 잘하는 것은 물론 그동안 전하지 않았던 다양한 세임을 참여하며 즐거 시간을 보냈다
p24_u32,p24,taps,국성군들이 스타트 관계자는 우리 아이들이 관강하게 성장할 수 있도록 아프리도 한사간 한 사람을 만는 맞춘 프로그램에 지원하겠다고 말했다
p24_u32,p24,ce,곡성프로 들 스타프 관계자은 우리 아이들이 관광하게 성전할 수 있도록 아앞으로도 한사한한 사람에 맞는 맞침 프로그램을 지원하겠다고 말했다
p24_u32,p24,ce_s40,곡성도로 들 스타트 관계자은 우리 아이들이 관광하게 성전할 수 있도록 아앞으르도 한사한한 사람에 맞는 맞침 프로그램을 지원하겠다고 말했다
p24_u32,p24,ce_s80,곡성프 들 스타프 관계자은 우리 아이들이 관광하게 성전할 수 있도록 앞으로도 한사한 한 사람에 맞는 맞침 프로그램을 지원하겠다고 말했다
p24_u32,p24,ce_s160,국성교들 타프 관계자는 우리 아이들이 관광하게 송상할 수 있도록 앞으르도 한사한한 사람에 맞는 맞춤 프로그램을 지원하겠다고 말했다
p24_u32,p24,taps_s80,곡성군들 스타트 관계자는 우리 아이들이 관광하게 성사할 수 있도록 아프리도 한사한 한 사람을 만는 맞춘 프로그램에 지원하겠다고 말했다
p24_u32,p24,taps_s160,곡성교들 스타트 관계자는 우리 아이들이 관강하게 성사할 수 있도록 아프리도 한 사한한 사람을 만는 맞춘 프로그램에 지원하겠다고 말했다
p24_u32,p24,ce_visible,곡성프로 들 스타프 관계자은 우리 아이들이 관광하게 성상할 수 있도록 아앞으로도 한사한한 사람에 맞는 맞침 프로그램을 지원하겠다고 말했다
p24_u32,p24,ce_invisible,국성군들이 스타트 관계자는 우리 아이들이 관강하게 성장할 수 있도록 아프리도 한사간 한 사람을 만는 맞춘 프로그램에 지원하겠다고 말했다
p24_u33,p24,taps,전남 회나는 그는 러시아 우크라이나 사태에 따른 미리비 상산로이나 농업인들의 양영비 부담 완화를 위해 농기의 면세를 그리에 일부를 지원한다
p24_u33,p24,ce,전남 헤러로 등는 러시아 우크라이나 사태에 따른 외릎비 상산물이나 농업인들의 광영비 부담 완화를 위해 농비의 면세육 그입비의 일부를 드원한다
p24_u33,p24,ce_s40,전남 흘러로 등는 러시아 우크라이나 사태에 따른 미급비 상산목이나 농업인들의 광영비 부담 완화를 위해 농비의 면세 그입비의 일부를 드원한다
p24_u33,p24,ce_s80,전남 흘러로 등는 러시아 우크라이나 사태에 따른 외급비 상산목이나 농업인들의 광영비 부담 완화를 위해 농비의 면세육 그입비의 일부를 드원한다
p24_u33,p24,ce_s160,전날 해언론 등는 러시아 우크라이나 사태에 따른 미릎비 상충물이나 농업인들의 광영비 부담 완화를 위해 농비의 면세이 그입비의 일부를 지원한다
p24_u33,p24,taps_s80,전남 해나는 등는 러시아 우크라이나 사태에 따른 유리비 상상로이나 농업인들의 강영비 부담 완화를 위해 농기의 면세를 그리비 일부를 지원한다
p24_u33,p24,taps_s160,전남 회안는 그는 러시아 우크라이나 사태에 따른 유리비 상상로이나 농업인들의 강영비 부담 완화를 위해 농기의 면세를 그리비 일부를 지원한다
p24_u33,p24,ce_visible,전남 헤러로 등는 러시아 우크라이나 사태에 따른 외릎비 상산물이나 농업인들의 광영비 부담 완화를 위해 농비의 면세육 그입비의 일부를 드원한다
p24_u33,p24,ce_invisible,전남 회나는 그는 러시아 우크라이나 사태에 따른 미리비 상산로이나 농업인들의 병영비 부담 완화를 위해 농기의 면세를 그리비에 일부를 지원한다
p24_u34,p24,taps,지원 비용은 리터당 백 팔십 삼 원으로 십 삼 억 칠천 만원을 투입 칠백 사십 팔 만 이백 삼십 미터 물량에 지원하래 든다
p24_u34,p24,ce,지원비용은 및퍼당 백 팔십 사 원으로 십 삼 억 칠천 만원의 투입 칠백 사십 팔 만 이백 한순부터 물량을 지원하게 든다
p24_u34,p24,ce_s40,지원비용은 및퍼당 백 팔십 삼 원으로 십 삼 억 칠천 만원을 투입 칠백 사십 팔 만 이백 하순미터 물량을 지원하게 한다
p24_u34,p24,ce_s80,지원비용은 및터당 백 팔십 사 원으로 칠 삼 억 칠천 만원의 투입 칠백 사십 팔 만 이백 하우순미터 물량을 지원하게 한다
p24_u34,p24,ce_s160,지원 비용은 및 퍼당 백 팔십 사 원으로 십 삼 억 칠천 만원의 투입 칠백 사십 팔 만 이백 한수미터 물량을 지원하게 한다
p24_u34,p24,taps_s80,지원 비용은 리터당 백 팔십 삼 원으로 십 삼 억 칠천 만원을 투입 칠백 사십 팔 만 이백 삼십 미터 물량을 지원하게 든다
p24_u34,p24,taps_s160,지원 비용은 리터당 백 팔십 삼 원으로 십 삼 억 칠천 만원을 투입 칠백 사십 팔 만 이백 사십 미터 물량을 지원하게 든다
p24_u34,p24,ce_visible,지원비용은 및퍼당 백 팔십 삼 원으로 십 삼 억 칠천 만원의 투입 칠백 사십 팔 만 이백 한순미터 물량을 지원하게 든다
p24_u34,p24,ce_invisible,지원 비용은 리터당 백 팔십 삼 원으로 십 삼 억 칠천 만원을 투입 칠백 사십 팔 만 이백 삼십 미터 물량에 지원하래 든다
p24_u35,p24,taps,농업 기계 연세 그입비 지원을 받으려는 농업이는 육면이나 농협 등에 비치한 사업 신청사와 개인정보 조회 제공통서를 지역 농협에 제출하면 된다
p24_u35,p24,ce,농업 지의 면세육교육 및 중원을 받으려는 농업이는 음면이나 농협 등에 부치한 하우 생청소와 대정보 종해 제공동유서를 주역 응협에 체수하면 된다
p24_u35,p24,ce_s40,농업이계 면세료교육 및 주원을 받으려는 농업이는 은면이나 농협 등에 비치한 사우 생청소와 대응정보 종해 제공동유서를 주역 응협에 체수다면 편다
p24_u35,p24,ce_s80,농업이의 면세육교육 및 주원을 받으려는 농업이는 은면이나 농협 등에 비치한 하우 생청서와 대정보 통해 제공동서를 지역 협에 체수하면 편다
p24_u35,p24,ce_s160,농업 부계 면세육교육 의 중원을 받으려는 농업이는 음면이나 농협 등에 부치한 하우 생 상서소와 대정보 통해 제공동료설를 지역 응협에 체수하면 한다
p24_u35,p24,taps_s80,농업 기계 연세의 그입비 지원을 받으려는 농업이는 증면이나 농협 등에 비치한 사업 신 청사와 개인정보 조회 제공통서를 지역 봉협에 제출하면 된다
p24_u35,p24,taps_s160,농업 기계 연세 그입비 지원을 받으려는 농업이는 응면이나 농협 등에 비치한 사업 신청사와 개인정보 조회 제공통서를 지역 농협에 자출하면 된다
p24_u35,p24,ce_visible,농업 부의 면세육그육 및 공원을 받으려는 농업이는 음면이나 농협 등에 부치한 사우 생청소와 대정보 종해 제공도유서를 지역 응협에 체수하면 된다
p24_u35,p24,ce_invisible,농업 기계 면세 그입비 지원을 받으려는 농업이는 늦면이나 농협 등에 비치한 사업 신청사와 개인정보 조회 제공통서를 지역 농협에 제출하면 된다
p24_u36,p24,taps,지원 대상자는 캐나로 주세를 두 농업인므로 지역 농협의 면세 유료 구육카드을 발급바른 농업인 중 전세혁 그리비 지원 사업 실청서에 제출한 사람이다
p24_u36,p24,ce,지원 배상담은 캐화로 조세를 두 농업인으로 지역 농협의 면세유료 고입 하베를 발급받른 농업인중 눈해료 그입이 지원 사업 실상처에 제출한 사람이다
p24_u36,p24,ce_s40,지원 배상담은 캐화로를 조세를 두 농업이으로 지역 농협의 면세이료 구입 하베를 발급받는 농업인중 면해료 그입이 지원 사업 실상처에 제출한 사람이다
p24_u36,p24,ce_s80,지원 배상담은 하화로 조세를 두 농업이으로 지역 농협의 면세료료 구입 하베를 발견받는 농업인중 면외후 그입이 지원 사업 실종처에 제출한 사람이다
p24_u36,p24,ce_s160,지원 배상담은 하화로 조세를 두한 농업인으로 지역 농협의 면세료료 고입 하별를 발견받른 농업인중 면세료 그입비 지원 사업 실종서에 제출한 사람이다
p24_u36,p24,taps_s80,지원 대상자는 캐사로 주세를 준 농업이므로 지역 농합의 면세 유료 고육카드를 발급바는 농업인 중 전세혁 그리비 지원 사업 신청서에 제출한 사람이다
p24_u36,p24,taps_s160,지원 대상자는 캐사로 주세를 드 농업이므로 지역 농협의 면세 유료 고입카드를 발급 바른 농업인 중 전세혁 그리비 지원 사업 신청서에 제출한 사람이다
p24_u36,p24,ce_visible,지원 배상담은 캐화로 조세를 두 농업인으로 지역 농협의 면세유료 고입 카베를 발급받른 농업인중 면해료 그입이 지원 사업 실천처에 제출한 사람이다
p24_u36,p24,ce_invisible,지원 대상자는 캐나로 주세를 두 농업인므로 지역 농협의 면세 유료 구육카드을 발급바른 농업인 중 전세혁 그리비 지원 사업 실청서에 제출한 사람이다
p24_u37,p24,taps,지원 유동은 농업인이 배정받은 농업 기재계혁 면세 이를 중 삼 월부터 유월까지 사 개활간 하루한 취연이와 경만 차당 된다
p24_u37,p24,ce,비원 유동은 농업이를 배정받은 농업 기재용 면대 유료 중 삼 월부터 유외까지 사 개월간 성공한 수일이와 경만 활용된다
p24_u37,p24,ce_s40,비원 유동은 농후입이 배정받은 농업 기계용 면대 유들 중 삼 월부터 유까지 사 개월간 성공한 수영휴료와 경만 해용된다
p24_u37,p24,ce_s80,비원 유동은 농무입이 배정받은 농업 기계용 면대 유료 중 삼 월부터 유까지 사 개월간 화공한 수영료와 경일만 활용된다
p24_u37,p24,ce_s160,비원 유수는 노후인이 배정받은 농업 이개용 면대 유료 중 삼 월부터 유월까지 사 개월간 성공한 수영료와 경만 활용된다
p24_u37,p24,taps_s80,지원 유동은 농업이이 배정받은 농업 기재혁 면세 이를 중 삼 월부터 유월까지 사 개활간 하루한 취연이와 경만 차당 된다
p24_u37,p24,taps_s160,지원 유동은 농업인이 배정받은 농업 기재혁 면세 이를 중 삼 월부터 유월까지 사 개에간 하루한 취연니와 경만 차당 된다
p24_u37,p24,ce_visible,비원 유동은 농업이를 배정받은 농업 기재용 면대 유료 중 삼 월부터 유외까지 사 개월간 성공한 수일이와 경만 활용된다
p24_u37,p24,ce_invisible,지원 유동은 농업인이 배정받은 농업 기재계혁 면세 이를 중 삼 월부터 유월까지 사 개활간 하루한 취연이와 경만 차당 된다
p24_u38,p24,taps,개인별 전년도 연세휴 배정센터의 기준으로 올해 사개월은 사행신적에 맞춰 지급한다
p24_u38,p24,ce,대른별 전연도 면사력 발동쇄전을 기준으로 오늘 사경월은 사용실처가 맞춰 지급한다
p24_u38,p24,ce_s40,대응별 단연도 면사력 발영실전을 기준으로 오는 사경월은 사용실처가 맞춰 지급한다
p24_u38,p24,ce_s80,대른별 강면도 면사협 발정실전을 기준으로 오늘 사경활은 사용실도가 맞춰 지급한다
p24_u38,p24,ce_s160,대응별 전는도 연사협 발정실전을 기준으로 오는 사경월은 사용실처가 맞춰 지급한다
p24_u38,p24,taps_s80,개인별 전년도 연세력 배정신처의 기준으로 올해 사개월은 사행신적에 맞춰 지급한다
p24_u38,p24,taps_s160,개인별 전년도 연세휴 배정신처의 기준으로 올해 사개월은 사임실적에 맞춰 지급한다
p24_u38,p24,ce_visible,대른별 전연도 면사력 발동찰전을 기준으로 오늘 사경월은 사용실처가 맞춰 지급한다
p24_u38,p24,ce_invisible,개인별 전년도 연세휴 배정센터의 기준으로 올해 사개월은 사행신적에 맞춰 지급한다
p24_u39,p24,taps,근에서는 지역농협에서 전수한 사업 신 청서를 기준으로 농업인들 배정향과 한용명을 근거로 사업 대상자와 예산 소객을 최종사이 후 보조금을 직겁할 예정이다
p24_u39,p24,ce,근에서는 지역 문혐회가 전수한 사업 생 사용사를 기준으로 농업인들 배정명과 사육명을 근거로 사업 대상자와 예산 선수업을 최근 사여로 모조금은 지겁할 예정이다
p24_u39,p24,ce_s40,국에서는 지역 문혐회가 전수한 사업 생 사용사를 기준으로 농업인들 배정명과 사용명을 근거로 사업 배상자와 예산 송수업을 최근 사여로 모조금을 지급할 예정이다
p24_u39,p24,ce_s80,국에서는 지역 농혐회가 전수한 사업 생 사용사를 기준으로 농업인별 배정명과 사육명을 근거로 사업 배상자와 예산 고업을 최근 확여로 보조금을 지급할 예정이다
p24_u39,p24,ce_s160,국에서는 지역 문혐배가 전수한 사업생 사용서를 기준으로 농업인별 배정명과 사육명을 근거로 사업 배상자와 예산 선로업을 최근 상여로 모조금은 지겁할 예정이다
p24_u39,p24,taps_s80,국에서는 지역농협에서 전수한 사업 신 청서를 기준으로 농업인들 배정향과 사용명을 근거로 사업 대상자와 예산 소객을 최종사이 후 보조금을 직겁할 예정이다
p24_u39,p24,taps_s160,근에서는 지역농협에서 전수한 사업 생청서를 기준으로 농업인들 배정량과 사용명을 근거로 사업 대상자와 예산 소객을 최종사이 후 보조금을 직업할 예정이다
p24_u39,p24,ce_visible,근에서는 지역 문혐회가 전수한 사업 생 사용사를 기준으로 농업인들 배정명과 사육명을 근거로 사업 대상자와 예산 선로업을 최근 사여로 모조금은 지급할 예정이다
p24_u39,p24,ce_invisible,근에서는 지역농협에서 전수한 사업 신 청서를 기준으로 농업인들 배정향과 한용명을 근거로 사업 대상자와 예산 소객을 최종사이 후 보조금을 직겁할 예정이다
p24_u40,p24,taps,비행페이 투자증거은 현매 자철에 대해 목트주가 오 만 오천 원 투자이견 매수를 제시했다
p24_u40,p24,ce,비행페이 투자 정거는 끝에 배출에 대해 목표수가 오 만 오 천원 투자 이원 매수를 제제했다
p24_u40,p24,ce_s40,비행페이 투자정거는 현내 배출에 대해 목표수가 오 만 오 천 원 투자 이원 매수를 제세했다
p24_u40,p24,ce_s80,비행페이 투자 정거는 현에 제출에 대해 목표수가 오 만 오 천 원 투자 이원 매수를 제세했다
p24_u40,p24,ce_s160,비행페이 투자 정거는 현에 대출에 대해 목표수가 오 만 오천 원 투자 이원 매수를 제제했다
p24_u40,p24,taps_s80,비행케이 투자증거은 현래 자철에 대해 목트주가 오 만 오천 원 투자이견 매수를 제시했다
p24_u40,p24,taps_s160,비행페이 투자증거은 현에 자철에 대해 목트주가 오 만 오천 원 투자이견 매수를 제시했다
p24_u40,p24,ce_visible,비행페이 투자정거는 끝에 배출에 대해 목표수가 오 만 오 천원 투자 이원 매수를 제세했다
p24_u40,p24,ce_invisible,비행페이 투자증거은 현매 자철에 대해 목크주가 오 만 오천 원 투자이견 매수를 제시했다
p24_u41,p24,taps,크 일 애플엔 가일에 따르면 비행태의 투자 증권은 최근 손대자차에 대한 보고서를 통해 변려레 이산이 프로나 평당미 수준까지 하락됐다며 이같이 밝혔다
p24_u41,p24,ce,또일 애플된 가일의 따르면 비행태이 프달 등권은 최근 흥달 제출에 대한 보고서를 통해 백료외의산이 후로나 평사로 수분까지 하락했다며 이같이 밝혔다
p24_u41,p24,ce_s40,또 일 애플엔 가일 따르면 비행사이투자 등권은 최근 현달 제출에 대한 보고서를 통해 변료외의산이 후로나 평선를 수분까지 하락했다며 이같이 밝혔다
p24_u41,p24,ce_s80,일 일 애플랜 가일에 따르면 비행사이 프달 등권은 최근 현대 대출에 대한 보고서를 통해 변료외의선이 후로나 평선의 수분까지 하락했다며 이같이 밝혔다
p24_u41,p24,ce_s160,또일 애플랜 바일에 따르면 비행태이투달 등권은 최근 흥달 제출에 대한 보고서를 통해 변료회의선이 후로나 평매매 수분까지 하락했다며 이같을 밝혔다
p24_u41,p24,taps_s80,크 일 애플엔 가일에 따르면 비행태의 투자 증권은 최근 전달 자차에 대한 보고서를 통해 변려레이전이 프로나 평당해 수준까지 하락됐다며 이같이 밝혔다
p24_u41,p24,taps_s160,크일 애플엔 가일에 따르면 비행태의 투자 증권은 최근 전달 자찰에 대한 보고서를 통해 변려레이전이 프로나 평대미 수준까지 하락했다며 이같이 밝혔다
p24_u41,p24,ce_visible,또일 애플엔 가일의 따르면 비행태이 투자 등권은 최근 손대 대출에 대한 보고서를 통해 백료외의산이 후로나 평사로 수분까지 하락했다며 이같이 밝혔다
p24_u41,p24,ce_invisible,크 일 애플엔 가일에 따르면 비행커의 투자 증권은 최근 손대자차에 대한 보고서를 통해 변려레 이산이 프로나 평당미 수준까지 하락됐다며 이같이 밝혔다
p24_u42,p24,taps,비행케이 투자증권은 국매외 철강 시황이 지속적인 약사를 보이면서 한분빛 동상상 및 여름 가격이 예상보다 더 활락했다고 분석했다
p24_u42,p24,ce,이에페이 투자증권은 국내외 철강 수황이 구속적인 약대를 보이면서 한번 본 성당 및 여변 가격이 예상보다 더 활락했다고 분석했다
p24_u42,p24,ce_s40,비행페이 투자증권은 국내 외 철강 수황이 구속적인 약대를 보이면서 한국  본 성관 및 여전 가격이 예상보다 더 활락했다고 분석했다
p24_u42,p24,ce_s80,비에페이 투자증권은 국내 외 철강 수황이 구속적인 약대를 보이면서 한국및 봉성관 및 여름 가격이 예상보다 더 하락했다고 분석했다
p24_u42,p24,ce_s160,비에페이 투자증권은 국내 외 설강 수황이 구속적인 약대를 보이면서 한국및 봉성당 및 여연 가격이 예상보다 더 하락했다고 분석했다
p24_u42,p24,taps_s80,비행태이 투자증권은 국내외 철강 시황이 지속적인 약사를 보이면서 한공빈 동상상 및 여름 가격의 예상보다 더 활락했다고 분석했다
p24_u42,p24,taps_s160,비행태이 투자증권은 국내외 철강 시황이 지속적인 약사를 보이면서 한분기 동상상 및 여연 가격의 예상보다 더 활락했다고 분석했다
p24_u42,p24,ce_visible,이에커이 투자증권은 국내외 설강 수황이 구속적인 약대를 보이면서 한번기 본 성당 및 여변 가격이 예상보다 더 활락했다고 분석했다
p24_u42,p24,ce_invisible,비행케이 투자증권은 국매외 철강 시황이 지속적인 약사를 보이면서 한분빛 동상상 및 여름 가격이 예상보다 더 활락했다고 분석했다
p24_u43,p24,taps,현대 탈장시항은 공급보다 수요 문화가 문제인데 중국 건설 경기 부진이 장기야 되면서 동아시 철관 시에 부담해 주고 있다고 해석했다
p24_u43,p24,ce,현백 한당시사은 공급보다 수로 군화가 문 제는데 중국 건설 관기 부인이 장기화되면서 만시아 탈방에 부담을 주고 있다고 회소했다
p24_u43,p24,ce_s40,현백 한당시사은 공급보다 수호 문화가 문 제는데 중국 건설 경기 부인이 장료화되면서 보안시아탈방에 부담을 주고 있다고 회소했다
p24_u43,p24,ce_s80,현백 한방수사은 공급보다 수호 문화가 문제는데 중국 건설 경기부인이 장료화되면서 북한시한 탈방에 부담을 주고 있다고 회소했다
p24_u43,p24,ce_s160,현백 찬당수사은 공급보다 수오 군화가 문 제는데 중국건설 관계부인이 장기화되면서 보안시아 탈방 험에 부담을 주고 있다고 회소했다
p24_u43,p24,taps_s80,현대 찰장시장은 공급보다 수요 문화가 문제인데 중국 건설 경기 부진이 장기야 되면서 동아시아 철관 시에 부담해 주고 있다고 해석했다
p24_u43,p24,taps_s160,현대 탈장시항은 공격보다 수요 문화가 문제인데 중국 건설 경기 부진이 장기화 되면서 동아시아 철가 시에 부담해 주고 있다고 해소했다
p24_u43,p24,ce_visible,현백 찬장시사은 공급보다 수로 군화가 문 제는데 중국 건설 관기 부인이 장기화되면서 만시아탈방에 부담을 주고 있다고 회급했다
p24_u43,p24,ce_invisible,현대 탈장시항은 공급보다 수요 문화가 문제인데 중국 건설 경기 부진이 장기야 되면서 동아시아 철관 시에 부담해 주고 있다고 해석했다
p24_u44,p24,taps,국내 수유산업도 전년 동기 대비 약성장을 지속하면서 호발을 제한 전 품로을 배쳐 수용을 약한 상황으로 시작했다
p24_u44,p24,ce,국내 수유산업도 반는 본기 대비 역성당을 지속하면서 십탄을 제외한 전 속목가 배쳐 수돌한 약한 상황으로 허속했다
p24_u44,p24,ce_s40,근내 수유산업도 반는 본기 대비 역성당을 지속하면서 십탄을 제외한 전 속국가 배쳐 수돌한 약한 상황으로 소득했다
p24_u44,p24,ce_s80,국내 수물산업도 전는 분기 대비 역성당을 지속하면서 호탄을 제외한 전속국가 배쳐 수고가 약한 상황으로 소속했다
p24_u44,p24,ce_s160,국내 스물산업도 전는 분기 대비 역성장을 지속하면서 호탄을 제외한 전 속목가 배쳐 수마을 약한 상황으로 허속했다
p24_u44,p24,taps_s80,국내 수유산업도 전년 동기대비 약성장을 지속하면서 호판을 제한 전 품로을 배쳐 수료가 약한 상황으로 시작했다
p24_u44,p24,taps_s160,국내 수유산업도 전년 동기대비 약성장을 지속하면서 호탄을 제외한 전 품로을 배쳐 수용가 약한 상황으로 시작했다
p24_u44,p24,ce_visible,국내 수유산업도 반는 본기 대비 역성당을 지속하면서 십탄을 제외한 전 속목가 배쳐 수요한 약한 상황으로 허속했다
p24_u44,p24,ce_invisible,국내 수유산업도 전년 동기 대비 약성장을 지속하면서 호발을 제한 전 품로을 배쳐 수용을 약한 상황으로 시작했다
p24_u45,p24,taps,비행태이 터자증권은 자봉기에는 고로 투원가 하락 분명간 가격 하락 마무리와 성사기 속자로 실정을 사확된 것으로 전망했다
p24_u45,p24,ce,비행커이 투자증권은 아봉기에는 도로 투입온가 하락 분명간 가역 하락 마무리와 송택이 효가로 실전을 홍복할 것으로 전망했다
p24_u45,p24,ce_s40,비행태의 투자정권은 아봉기에는 고로 투입온가 하락 분명간 가격 하락 마무리와 송택이 속도로 실전을 복할 것으로 전망했다
p24_u45,p24,ce_s80,비행태의 투자정권은 아분기에는 도로 투입온가 하락 분명간 가격 하락 마무리와 송택이 속가로 실천을 흔복할 것으로 전망했다
p24_u45,p24,ce_s160,비 행태의 투자문권은 아분기에는 고로 수입온가 하락 국명당 가역 하락 마무리와 성택기효가로 실전을 홍폭될 것으로 전망했다
p24_u45,p24,taps_s80,비행태이 터자증권은 자봉기에는 고로 투원가 하락 분명간 가격 하락 마무리와 성사기 속자로 실정을 확된 것으로 전망했다
p24_u45,p24,taps_s160,비행태이 터자증권은 자봉기에는 고로 투원가 하락 분명간 가격 하락 마무리와 성사기 속자로 실정을 확된 것으로 전망했다
p24_u45,p24,ce_visible,비행태이 투자증권은 자봉기에는 도로 투입온가 하락 분명간 가역 하락 마무리와 성세이 속가로 실전을 홍복될 것으로 전망했다
p24_u45,p24,ce_invisible,비행태이 터자증권은 사봉기에는 고로 투원가 하락 분명간 가격 하락 마무리와 성사기 속자로 실정을 사확된 것으로 전망했다
p24_u46,p24,taps,경쟁사의 피해 백구가 예상보다 지연될 경우 열름 혹탄을 판매향과 가격이 전더 개선될 가능성이 있다고 내다봤다
p24_u46,p24,ce,경쟁사의 포 백구가 예상보다 비연될 경우 여름 호탄을 판매향과 가격이 점도 개선될 가능성이 있다고 내다봤다
p24_u46,p24,ce_s40,경쟁사업 품 백구가 예상보다 지원될 경우 여름 호참의 판매향과 가격이 점도 개선될 가능성이 있다고 내다봤다
p24_u46,p24,ce_s80,경쟁사의 품해 백구가 예상보다 지연될 경우 여름 호참의 판동향과 가력이 점도 개선될 가능성이 있다고 내다봤다
p24_u46,p24,ce_s160,경쟁사의 품 백구가 예상보다 비원될 경우 여름 호탄을 판향과 가격이 전도 배선될 가능성이 있다고 내다봤다
p24_u46,p24,taps_s80,경쟁사의 피해 대구가 예상보다 지연될 경우 열름 확산을 판매량과 가격이 점더 개선될 가능성이 있다고 내다봤다
p24_u46,p24,taps_s160,경쟁사의 피해 백구가 예상보다 지연될 경우 열연 확탄을 판매향과 가격이 전더 개선될 가능성이 있다고 내다봤다
p24_u46,p24,ce_visible,경쟁사업 포 백구가 예상보다 비연될 경우 여름 호탄일 판매향과 가격이 점도 개선될 가능성이 있다고 내다봤다
p24_u46,p24,ce_invisible,경쟁사의 피해 백구가 예상보다 지연될 경우 열름 혹탄을 판매향과 가격이 전더 개선될 가능성이 있다고 내다봤다
p24_u47,p24,taps,틸래 관주와 전남은 마침 기온이 전날보다 삼더가량 더 떨어지면서 추유가 더욱 기승을 부릴 것으로 보인다
p24_u47,p24,ce,유래 광주와 전남은 아침 기온이 전날보다 삼 당 가향 더 떨어지면서 친구가 욱 기생을 보릴 것으로 보인다
p24_u47,p24,ce_s40,일래 광소와 전남은 아침 기온이 전날보다 삼 당 가향 더 떨어지면서 친구가 욱 기생을 보릴 것으로 보인다
p24_u47,p24,ce_s80,일래 광소와 전남은 아침 기온이 전날보다 삼 당 가향 더 떨어지면서 친문가 욱 기생을 보일 것으로 보인다
p24_u47,p24,ce_s160,일래광주와 전남은 아침 기온이 전날보다 삼 당 가향 더 떨어지면서 친구가 더욱 이생을 보릴 것으로 보인다
p24_u47,p24,taps_s80,래 관주와 전남은 아침 기온이 전날보다 삼 더가량 더 떨어지면서 추유다 더욱 기승을 보릴 것으로 보인다
p24_u47,p24,taps_s160,래 관주와 전남은 마침 기온이 전날보다 삼더가량 더 떨어지면서 추유사 더욱 기승을 부릴 것으로 보인다
p24_u47,p24,ce_visible,유래 광주와 전남은 아침 기온이 전날보다 삼 배 가량  떨어지면서 친구가 욱 기생을 보릴 것으로 보인다
p24_u47,p24,ce_invisible,틸래 관주와 전남은 마침 기온이 전날보다 삼더가량 더 떨어지면서 추유가 더욱 기승을 부릴 것으로 보인다
p24_u48,p24,taps,특히 바람부 강력을 지면서 최가 온도는 영하 우도 의하로 낮겠으며 나중 기온과 급격한 기온전화로 인한 관강 관리에 각별한 주의가 요구된다
p24_u48,p24,ce,특히 바람부 강해가 불면서 최가 온도는 영하 오도 이하로 남배스후 나수 기용과 급격한 기온전화로 인한 건강 관리례에 각별한 수의가 요구된다
p24_u48,p24,ce_s40,특히 바람부 강해가 불면서 최한 온도는 영화 오도 이아로 남볕스는 나수 기용과 급격한 기온 전화로 인한 건강 관례에 각별한 수의가 요구된다
p24_u48,p24,ce_s80,특히 바람부 방해가 불면서 최한 온도는 영화 오도 이아로 맞볕스는 나수 기용과 급벽한 기온전화로 인한 건강 관례에 각별한 수의가 요구된다
p24_u48,p24,ce_s160,특히 바람부 강행가 불면서 최한 온도는 영하 오도 이아로 맞됐으후 나수 지용과 급벽한 기우 전화로 인한 건강 관례에 각별한 소의가 요구된다
p24_u48,p24,taps_s80,특히 바람부 강향을 지면서 최가 온도는 영화 우두 의하로 맞겠으며 나중 기온과 급격한 기온 전화로 인한 관강 관리에 각별한 주의가 요구된다
p24_u48,p24,taps_s160,특히 바람부 가행을 지면서 최가 온도는 영화 우두 의하로 맞겠으며 나중 기온과 급격한 기온전화로 인한 관강 관리에 각별한 주의가 요구된다
p24_u48,p24,ce_visible,특히 바람부 강해가 불면서 최가 온도는 영하 오도 이하로 납배스후 나수 기용과 급격한 기우전화로 인한 건강 관리례에 각별한 수의가 요구된다
p24_u48,p24,ce_invisible,특히 바람부 강력을 지면서 최가 온도는 영하 우도 의하로 낮겠으며 나중 기온과 급격한 기온전화로 인한 관강 관리에 각별한 주의가 요구된다
p24_u49,p24,taps,이날 대부분 지역게 산파 주의보가 발효된 가운데 아침 최저기온은 여하 오도 에서 영도 낮 최고위에는 이도에서 칠도로 예상된다
p24_u49,p24,ce,이날 대부분 지역의 환사 주의보가 발효된 가운데 아침 최벽 기온는 여하 오도 에서 영국 낮 최고위온은 이도에서 취파로 예상 된다
p24_u49,p24,ce_s40,이날 대부분 지역의 한사 주의보가 발효된 가운데 아침 최벽 기온는 여화 오도 에설 영국 낮 최고위온은 이도에서 트파로 예상 된다
p24_u49,p24,ce_s80,이날 대부분 지역에 한사 주의보가 발효된 가운데 아침 최벽 기온는 여화 오도 에서 영도 낮 최고기온은 이도에서 취파로 예상 된다
p24_u49,p24,ce_s160,이날 대부분 지역의 한사 주의보가 발효된 가운데 아침 최고기온 여화 고도 에서 영도 낮 최고기로은 이도에서 취파로 예상 된다
p24_u49,p24,taps_s80,이날 대부분 지역게 산파 주의보가 발효된 가운데 아침 최저기온은 여하 오두 에서 연도 낮 최고위에는 이도에서 칠도로 예상된다
p24_u49,p24,taps_s160,이날 대부분 지역게 산파 주의보가 발효된 가운데 아침 최저기온은 여하 오도 에서 연도 낮 최고위에는 이도에서 칠도로 예상된다
p24_u49,p24,ce_visible,이날 대부분 지역의 환사 주의보가 발효된 가운데 아침 최벽 기온는 여하 오도 에서 영국 낮 최고위온은 이도에서 취파로 예상 된다
p24_u49,p24,ce_invisible,이날 대부분 지역게 산파 주의보가 발효된 가운데 아침 최저기온은 여하 오도 에서 연도 낮 최고위에는 이도에서 칠도로 예상된다
p24_u50,p24,taps,쏘 회상에서 상승된 비누름세가 북석통을 타고 유입 되면서 새벽까지는 전남 수안에 반부터난 전남 보부사 안에 비싼 임고는 곳이 겠다
p24_u50,p24,ce,터해상여당 상승및 이울름세가 북석풍을 타고 유입되면서 새벽까지는 전남 상 안에 반부편한 전남 복부 사회 안에 비난 문오는 곳을 됐다
p24_u50,p24,ce_s40,터해상이던 생승매 비고름세가 북석풍을 타고 유입되면서 새벽까지는 전남 상하 안에 반부편한 전남 보고 사회 안에 비난 문이오는 곳이 됐다
p24_u50,p24,ce_s80,서해상이도 행승매 이울름세가 북석통을 타고 유입되면서 새벽까지는 전남 상 안에 반부편한 전남 보부 사회 안에 비난 문이 오는 곳을 됐다
p24_u50,p24,ce_s160,서상해당 생승매 이울름데가 북석풍을 타고 유입되면서 새벽까지는 전남 상하 안에 반부 편한 전남 보부 사회 안에 비난 문이 오는 곳을 겠다
p24_u50,p24,taps_s80,서 회상에서 상성된 비누름세가 북석통을 타고 유입 되면서 새벽까지는 전남 안에 반보터은 전남 보부서 안에 비난 임고는 곳이 있겠다
p24_u50,p24,taps_s160,서 회상에서 성상된 비누름세가 북석통을 타고 유입 되면서 새벽까지는 전남 성 안에 반부터은 전남 보부서의 안에 비난 이고는 곳이 있겠다
p24_u50,p24,ce_visible,선해상여서 상승된 이울름세가 북석풍을 타고 유입되면서 새벽까지는 전남 상 안에 반부현한 전남 보부 사회 안에 비난 문오는 곳이 됐다
p24_u50,p24,ce_invisible,쏘 회상에서 상승된 비누름세가 북석통을 타고 유입 되면서 새벽까지는 전남 수안에 반부터난 전남 보부사 안에 비싼 임고는 곳이 겠다
p24_u51,p24,taps,서울 남서의 먼바다에는 십 에서 실무미터터 세케의 강한 바람과 함께 최대 사전 용 미터 높이의 타도가 일터으로 예보된 사여상 조업하는 산만은 요기해하 했다
p24_u51,p24,ce,서른 남서부 문 바다에는 실제정 승능 미터 퍼센크에 강한 바람과 함께 휴대 박쩜 영 미포 높이의 카도가 일적으로 예보된 한균한 조급한는 산반은 요인이어 했다
p24_u51,p24,ce_s40,서른 남사부 문 바다에는 실제정 승목 미터 퍼센크에 강한 바람과 함께 휴대 박쩜 영 미포 높이의 파도가 일대으로 내보된 한균상 조급한 산반은 요인이어 했다
p24_u51,p24,ce_s80,서른 남사부 몬 바다에는 실제정 승목 미터 퍼센크에 강한 바람과 함께 휴대 박쩜 영 미포 높이의 화도가 일적으로 예보된 한균한 조업한 산반은 요인이어 됐다
p24_u51,p24,ce_s160,서른 남서부 문 바다에는 실제정 승용 미터 퍼센트에 강한 바람과 함께 휴대 사쩜 영 미포 높이의 화도가 일격으로 예보된 한균한 조업한 산반은 요인이하겠다
p24_u51,p24,taps_s80,서울 남서의 먼바다에는 십 에서 실무미터퍼 스케의 강한 바람과 함께 최대 사쩜 용 미터 높이의 타도가 일터스로 예보돼 사여당 조업하는 선만은 요리하겠다
p24_u51,p24,taps_s160,서울 남서의 먼바다에는 십 에서 실무미터퍼스케의 강한 바람과 함께 최대 사쩜 용 미터 높이의 타도가 일터스로 예보돼 차열당 조업하는 선막은 요의야하했다
p24_u51,p24,ce_visible,서른 남서부 문 바다에는 실제정 승능 미터 퍼센크에 강한 바람과 함께 휴대 박쩜 영 미포 높이의 카도가 일적으로 예보된 한균한 조급한는 산반은 요인이어 했다
p24_u51,p24,ce_invisible,서울 남서의 먼바다에는 십 에서 실무미터터 세케의 강한 바람과 함께 최대 사쩜 용 미터 높이의 타도가 일터으로 예보된 사여상 조업하는 선만은 요기해하 했다
p24_u52,p24,taps,비 또는 눈니움은 지역은 가시거리가 짧같으며 비나 눈여러 도로가 미구럽겠으니 그통 안전에 더 요념하라고 기상청은 당부했다
p24_u52,p24,ce,포은 무르움은 기역은 가시거리가 짜겠으며 이나 눈이 여론 보로다 미끄 앞겠으니 그통 안전에 거 유영하라고 부상청을 당조했다
p24_u52,p24,ce_s40,포은 무르움은 지역은 가시거리가 짜겠으며 이나 눈이 여론 보로다 미끄 앞겠으니 그통 안전에더 유영하라고 비상청을 당부했다
p24_u52,p24,ce_s80,일포에 무르움은 지역은 다시거리가 짜겠으며 이나 눈이 여론 보로다 미끄 어겠으니 교통 안정에도 유영하라고 부상청을 당부했다
p24_u52,p24,ce_s160,리포는 물르움은 지역은 다시거리가 짜겠으며 비나 눈이 얼어 도로다 미끄 럽겠으니 교통 안전에 더 유영하라고 부상청을 당부했다
p24_u52,p24,taps_s80,뒤 또는 눈니움은 지역은 가시거리가 짧같으며 비나 눈여러 괴로가 미구럽겠으니 교통 안전에 더 유념하라고 기상청은 당부했다
p24_u52,p24,taps_s160,비 또는 눈니움은 지역은 가시거리가 짧같으며 이나 눈여러 배로가 미구럽겠으니 그통 안전에 더 유념하라고 기상청은 당부했다
p24_u52,p24,ce_visible,포은 무르움은 지역은 가시거리가 짜겠으며 이나 눈이 여론 보로다 미끄 앞겠으니 그통 안전에 거 요영하라고 주상청을 당조했다
p24_u52,p24,ce_invisible,비 또는 눈니움은 지역은 가시거리가 짧같으며 비나 눈여러 괴로가 미구럽겠으니 그통 안전에 더 요념하라고 기상청은 당부했다
p24_u53,p24,taps,광주 지방지상청 관계자는 광주 전남에 심각한 가록이 이어지고 있어 생활속 물전락 경동해 시민들의 자극적은 사면을 부탁 더린다고 말했다
p24_u53,p24,ce,광주 지방주상선 관계자은 광수 전남에 생각한 반록이 이어지고 있어 생활속 문절 반동에 시민들의 적극적인 사면을 못탁받인다고 말했다
p24_u53,p24,ce_s40,광주 질방주상산 관계자은 광수 전남에 생각한 감록이 이어지고 있어 생활속 문자에 반동해 시민들의 적극적인 사면을 못탁받인다고 말했다
p24_u53,p24,ce_s80,광주 질방주상선 관계자는 광수 전남에 생각한 반문이 이어주고 있어 생활속 문전력 반동해 시민들의 적극적인 파면을 못착받인다고 말했다
p24_u53,p24,ce_s160,광주 지방주상선 관계자는 광주 전남에 생각한 반몸이 이어지고 있어 생활속 문자력 반동해 시민들을 적극적인 사면을 못탁받인다고 말했다
p24_u53,p24,taps_s80,광주 지방지상청 관계자는 광주 전남에 심각한 가문이 이어지고 있어 생활속 물전락 변동해 시민들의 자극적은 상면을 부탁 더린다고 말했다
p24_u53,p24,taps_s160,광주 지방지상청 관계자는 광주 전남에 심각한 가문이 이어지고 있어 생활속 문자락 경동해 시민들의 자극적은 사면을 부탁 더린다고 말했다
p24_u53,p24,ce_visible,광주 지방주상선 관계자은 광수 전남에 생각한 반록이 이어지고 있어 생활속 문절 반동에 시민들의 적극적인 사면을 못탁보인다고 말했다
p24_u53,p24,ce_invisible,광주 지방지상청 관계자는 광주 전남에 심각한 가록이 이어지고 있어 생활속 물전락 경동해 시민들의 자극적은 사면을 부탁 더린다고 말했다
p24_u54,p24,taps,경북 경주시와 경주 문화재단은 제 사십 구에 셀라 문화재 세인 홍보당 서토들을 모집한다
p24_u54,p24,ce,경북 경주수와 경주 문화 대단은 제 사십 구 에 클라 문화대 승인 홍보 프터들를 모급한다
p24_u54,p24,ce_s40,경북 경주수와 경주 문화 대단은 제 사십 구 에 신라 문화대 승인 홍보당 프터들를 모급한다
p24_u54,p24,ce_s80,경북 경주수와 경수 문화 대단은 제 사십 구 에 클라 문화대 승민 홍보당 트퍼들를 모급한다
p24_u54,p24,ce_s160,경북 경주수와 경주 문화 대단은 제 사십 구 에 클라 문화대 승인 홍보 코프터들를 모급한다
p24_u54,p24,taps_s80,경북 경주시와 경주 문화재단은 제 사십 구일 셀라 문화재 시인 홍보당 서토들을 모집한다
p24_u54,p24,taps_s160,경북 경주시와 경주 문화재단은 제 사십 구일 셀라 문화재 세인 홍보당 서터들을 모집한다
p24_u54,p24,ce_visible,경북 경주수와 경주 문화 대단은 제 사십 구 에 클라 문화대 승인 홍보 프터들를 모급한다
p24_u54,p24,ce_invisible,경북 경주시와 경주 문화재단은 제 사십 구에 셀라 문화재 세인 홍보당 서토들을 모집한다
p24_u55,p24,taps,제 사십 구 일 신라 문화제 서프퍼장은 축제를 직접 알리고 즐기고 싶은 시문에 대상으로 손단한다
p24_u55,p24,ce,제 사십 곳 에 슬라 문화대 서트퍼드는 특들의 북잡 만리고 줄기고 깊은 시의 대상으로 통말한다
p24_u55,p24,ce_s40,제 사십 분 에 실라 문화대 서프퍼드는 특들의 북적 만리고 줄비고 깊은 시의 대상으로 소말한다
p24_u55,p24,ce_s80,제 사십 분 에 실라 문화대 서트퍼드는 흑들의 북적 말리고 줄비고 깊은 시문을 대상으로 소말한다
p24_u55,p24,ce_s160,제 사십 분에 신라 문한대 서프퍼드는 특들의 복적 만리고 줄기고 깊은 시을 대상으로 소말한다
p24_u55,p24,taps_s80,제 사십 구 일 신라 문화제 서프퍼장는 첫째를 직접 알리고 즐기고 싶은 시에 대상으로 선발한다
p24_u55,p24,taps_s160,제 사십 구 일 신라 문화제 서프터장은 첫제를 직접 알리고 즐기고 싶천 시문에 대상으로 선발한다
p24_u55,p24,ce_visible,제 사십 곳 에 슬라 문화대 서프퍼드는 특들의 북잡 만리고 줄기고 깊은 시의 대상으로 통말한다
p24_u55,p24,ce_invisible,제 사십 구 일 신라 문화제 서프퍼장은 축제를 직접 알리고 즐기고 싶은 시문에 대상으로 손단한다
p24_u56,p24,taps,만실제 이상의 경주시 거주하는 경주시킨 또은 정주 내에서 제직및 대략적인 사람은 누구나 신생할 수 있다
p24_u56,p24,ce,만 실세 이상에 광주세 거주하는 경수생량또은 경수 내에서 제직및 대약등한 사람은 누구나 현상했 수 있다
p24_u56,p24,ce_s40,만 세 이상에 주세 거주하는 경수생량또는 경수내에서 제직및 대약등한 사람은 누구나 현상할 수 있다
p24_u56,p24,ce_s80,만 출세 이상에 주세 거주하는 경주생량또은 병수 내에서 제직및 대약등한 사람은 누구나 현상할 수 있다
p24_u56,p24,ce_s160,만 실세 이상에 경주세 거주하는 광주생량또은 병수 내에서 제직및 대약등한 사람은 누구나 현상할 수 있다
p24_u56,p24,taps_s80,만찰제 이상의 경주시 거주하는 경주시킨 또은 정주 배에서 제직및 제약적인 사람은 누구나 신생할 수 있다
p24_u56,p24,taps_s160,만제 이상의 경주시 거주하는 경주시킨 또은 정주 내에서 재직및 제약적인 사람은 누구나 신생할 수 있다
p24_u56,p24,ce_visible,만 친생 이상에 광주세 거주하는 경주생량또은 경수 내에서 제직및 대약등한 사람은 누구나 현상할 수 있다
p24_u56,p24,ce_invisible,만실제 이상에 경주시 거주하는 경주시킨 또은 정주 내에서 제직및 대략적인 사람은 누구나 신생할 수 있다
p24_u57,p24,taps,컨발한 생꽃키터장은 제 사십 구에 슬라가 문화될 서퍼터즈로 활동하며 글로 에스네스 등에 하용안 온라인 홍보 콘상트를 제작한다
p24_u57,p24,ce,쏘른바 람 스용소트터에은 제사십 구 세 신나문화될 서폭퍼즈로 활동하며 블로우 에이네스 등의 활용한 온라인 홍번콘 생체를 자작한다
p24_u57,p24,ce_s40,쏘른바 하 승용소트터에는 제 사십 구 세 신나문화될 서폭퍼즈로 활동하며 블로그 에이네스 등의 활용안 온라인 홍범콘 센트를 자작한다
p24_u57,p24,ce_s80,서른바 람 스공속트터에는 해 사십 구 세 신나문화대 서폭퍼즈로 활동하며 블로그 에이네스 등의 활용안 온라인 홍보 콘 텐세를 자작한다
p24_u57,p24,ce_s160,쏘른바 람 승용꽃트터에는 제태 사십 구에 신나 문화를 서폭퍼즈로 활동하며 블로그 에스이네스 등의 활용한 온라인 홍버 콘 상체를 제작한다
p24_u57,p24,taps_s80,컨발한 십꽃킷터장은 제 사십 구에 슬라가 문화될 서퍼터즈로 활동하며 블로 에스에레스 등에 하용안 온라인 홍보 콘상트를 제작한다
p24_u57,p24,taps_s160,컨발한 생문 꽃키터장은 제 사십 구에 슬라가 문화될 서퍼터즈로 활동하며 글로 에스레스 등에 하용안 온라인 홍보 콘상트를 제작한다
p24_u57,p24,ce_visible,쏘른바 람 스용소트터에은 제사십 구 에 신나문화될 서폭퍼즈로 활동하며 블로우 에이네스 등의 활용한 온라인 홍번콘 생트를 자작한다
p24_u57,p24,ce_invisible,컨발한 생꽃키터장은 제 사십 구에 슬라가 문화될 서퍼터즈로 활동하며 글로 에스네스 등에 하용안 온라인 홍보 콘상트를 제작한다
p24_u58,p24,taps,이와 함께 허프터질 활동이 키러 전문가 교과 경주 예술해 전단에서 진행하는 백 스트이블터 등 다양한 활동에 차여할 수 있다
p24_u58,p24,ce,이와 함께 후프터트 활동이 풀러한 전문가 교과 경존 예수 전단에서 진행하는 체스트  터 등 다양한 활동에 사여할 수 있다
p24_u58,p24,ce_s40,이와 함께 후프터 활동이 프러는 전문과 교과 경존 예수 전단에서 진행하는 팩스트 트 등 다양한 활동에 사용할 수 있다
p24_u58,p24,ce_s80,이와 함께 후프트트 활동이 프러는 전문가 교육과 경존 예수의 전단에서 진행하는 체스트림 트 등 다양한 활동을 사용할 수 있다
p24_u58,p24,ce_s160,이와 함께 후파터트 활동이 프러 전문과 교육과 경균 예수의 전단에서 진행하는 때스트 이 트 등 다양한 활동에 파여할 수 있다
p24_u58,p24,taps_s80,이와 함께 후파터질 활동 키러 전문가 별과 경조 예수해 전단에서 진행하는 백 스트이프터 등 다양한 활동에 참여할 수 있다
p24_u58,p24,taps_s160,이와 함께 학프터즈 활동 치 전문가 교과 경주 예수해전장에서 진행하는 팩 스트이프 거 등 다양한 활동에 참여할 수 있다
p24_u58,p24,ce_visible,이와 함께 후프터트 활동이 프러한 전문가 교육과 경존 예수 전단에서 진행하는 때스트  터 등 다양한 활동에 사여할 수 있다
p24_u58,p24,ce_invisible,이와 함께 허프터질 활동이 키러 전문가 교과 경주 예술해 전단에서 진행하는 백 스트이블터 등 다양한 활동에 차여할 수 있다
p24_u59,p24,taps,한달는된 소프터즈에게는 활동그를 지원하고 오후 사 퍼퍼즈 활동자를 선장해 포상로 진행한다
p24_u59,p24,ce,한발는 스피코수에게는 활동기를 지원하고 오후 사퍼트 살풍가를 상당해 포상도 진행한다
p24_u59,p24,ce_s40,한달는 스프코수에게는 활동기를 지원하고 오후 사로드 살풍가를 상당해 포상도 진행한다
p24_u59,p24,ce_s80,한발는 스쿠포수에게는 활동기를 지원하고 오후 사커트 살풍가를 상당해 포상로 진행한다
p24_u59,p24,ce_s160,한달는 소프포그에에는 활동기를 지원하고 무후 사퍼커져 살풍가를 상당해 포상로 진행한다
p24_u59,p24,taps_s80,한달된 소프터즈에게는 활동들를 지원하고 오후 사 트퍼즈 활동자를 선장해 포상으로 진행한다
p24_u59,p24,taps_s160,한달된 소프터즈에게는 활동드를 지원하고 오후 서 버퍼즈 활동자를 선장해 포상으로 진행한다
p24_u59,p24,ce_visible,한발는 스피코수에게는 활동기를 지원하고 오후 사퍼트 살풍가를 상당해 포상도 진행한다
p24_u59,p24,ce_invisible,한달는 소프터즈에게는 활동그를 지원하고 오후 사 퍼퍼즈 활동자를 선장해 포상로 진행한다
p24_u60,p24,taps,접수기간은 오는 유 월 삼 일 열 여덟 시까지이며 경주 문화재단 및 경주 시차 홈페이지에서 신장서를 작성한 후 전장 우편으로 제출하면 된다
p24_u60,p24,ce,접수기간은 오는 유 월 삼 일 열 여덟 시까지 있며 경주 문화 재단 미 경주 수차 홈페이징에서 신상서를 작동한 후 전자 우편으로 자출하면 번다
p24_u60,p24,ce_s40,접수기간은 오는 유 월 삼 일 열 여덟 시까지있며 경주 문화 대단 미 경주 수차 홈페이징에서 신상서를 작성한 후 전당 우편으로 제출하면 번다
p24_u60,p24,ce_s80,접수기간은 오는 유 월 삼 일 열 여덟 세까지있며 정주 문화 대단 및 경주 수차 홈페이징에서 신상서를 작성한 후 전자 우편으로 제출하면 번다
p24_u60,p24,ce_s160,접수 기간은 오는 유 월 삼 일 열 여덟 세까지있며 전주 문화 재단 일 경주 수차 홈페이징에서 신상서를 작동한 후 전자 우편으로 자출하면 번다
p24_u60,p24,taps_s80,접수기간은 오는 유 월 삼 일 열 여덟 시까지이며 경주 문화제단 및 경주 시차 홈페이지에서 신장서를 작성한 후 전자 우편으로 제출하면 된다
p24_u60,p24,taps_s160,접수 기간은 오는 유 월 삼 일 열 여덟 시까지이며 경주 문화제단 및 경주 시차 홈페이지에서 신장서를 작성한 후 전자 우편으로 제출하면 된다
p24_u60,p24,ce_visible,접수기간은 오는 유 월 삼 일 열 여덟 시까지 있며 경주 문화 재단미 경주 수차 홈페이징에서 신상서를 작성한 후 전자 우편으로 자출하면 번다
p24_u60,p24,ce_invisible,접수기간은 오는 유 월 삼 일 열 여덟 시까지이며 경주 문화재단 및 경주 시차 홈페이지에서 신장서를 작성한 후 전장 우편으로 제출하면 된다
p24_u61,p24,taps,자세한 대행인 경주 문화재단 홈페이지나 경주 문화재단 끝째 사업지로 문냐면 된다
p24_u61,p24,ce,자세한 내용은 경주문화재단 홍페이지나 경수 문화재단 대 업로 문하면 된다
p24_u61,p24,ce_s40,자세한 내용은 경주문화재단 홍페이이나 경수문화재단 대로 문하면 된다
p24_u61,p24,ce_s80,자세한 내용은 경주문화재단 홍페이지나 병수문화재단 대업로 문하면 된다
p24_u61,p24,ce_s160,자세한 내용은 경주문화재단 홍페이이나 병수문화재단 째업로 문하면 된다
p24_u61,p24,taps_s80,자세한 대행인 경주 문화재단 홈페이지나 경주 문화재단 끝째 사업지을 문냐면 된다
p24_u61,p24,taps_s160,자세한 대행는 경주 문화재단 홈페이지나 경주 문화재단 끝째 사업지로 문냐면 된다
p24_u61,p24,ce_visible,자세한 내용은 경주문화재단 홍페이지나 경수 문화재단 제 업로 문하면 된다
p24_u61,p24,ce_invisible,자세한 대행인 경주 문화재단 홈페이지나 경주 문화재단 끝째 사업지로 문냐면 된다
p24_u62,p24,taps,매년 예산한 서리를 이한 청주시베의 원 포트 인신회가 십천 개 본간 사업비를 들러싼 전야 대를비로 열리지 못하고 있다
p24_u62,p24,ce,내면 대산한 사인행 일한 총소 홍회의 원소등 인심회가 십천및 본간 사무비를 둘러싼 전야 대를 으로 열리지 못하고 있다
p24_u62,p24,ce_s40,매면 예산한 서인행 위한 총고소 홍회의 원소등인즈회가 수천및 본간 사무비를 둘러싼 전야 대를으로 열리지 못하고 있다
p24_u62,p24,ce_s80,내년 예산한 사인 일한 총소 홍회의 원콘등 인즈회가 수천및 본간 사업비를 둘러싼 전략 대를 으로 열리지 못하고 있다
p24_u62,p24,ce_s160,내년 대산한 설인행 기는 총소 홍대의 원소승 인즈회가 수천및 본간 사무비를 불러싼 전략 대를으로 열리지 못하고 있다
p24_u62,p24,taps_s80,매년 예산한 설일를 이한 총주시임베의 원 포트 인신회가 십천 개 본간 사업비를 둘러싼 전야 대를비롯 열리지 못하고 있다
p24_u62,p24,taps_s160,매년 예산한 설레를 위한 총주시임대의 원 포트 인신회가 시장 개 본간 사업비를 둘러싼 전야 대를비롯 열리지 못하고 있다
p24_u62,p24,ce_visible,내면 대산한 사인행 일한 수소 홍회의 원소등 인심회가 출천및 본간 사업비를 둘러싼 전야 대를 으로 열리지 못하고 있다
p24_u62,p24,ce_invisible,매년 예산한 서리를 이한 총주시베의 원 포트 인신회가 십천 개 본간 사업비를 들러싼 전야 대를비로 열리지 못하고 있다
p24_u63,p24,taps,청주시에는 내년 예산한 설를 위해 이십 이 일 오전 열 시 제 칠십 오 해 인시을 재 일 차 본혐의를 열기를 했으나 더불어민주당 의원들의 등언컵으로 열리지 못하고 있다
p24_u63,p24,ce,청수 수임에는 내년 메산한 활해된 위엔 이스 이 오전 열씀 제 최십 오회 인수회 체 차 본송돼 열기로 했으나 더불어용주당 의원들의 증런 거으로 열립지 못하고 있다
p24_u63,p24,ce_s40,청수 쓸임에는 내면 메산한 서해된 위엔 뉴스 이  오전 열씀 제 최십 오 회 인수회 체 포차본송돼 열기로 했으나 더불어용주당 의원들의 증원 거으로 열리지 못하고 있다
p24_u63,p24,ce_s80,청수 수임에는 내년 예산한 설립된 위해 뉴스 이  오전 열심 제 최십 오 회 인수회 재 진차본데 열기로 했으나 더불어용주당 의원들의 등원 거으로 열립지 못하고 있다
p24_u63,p24,ce_s160,청수 수임에는 내년 예산한 설해된 위에 뉴스 이 일 오전 열씀 제 칠십 오 회 인수회 재 진차본데 열기로 했으나 더불어민주당 의원들의 등원 거으로 열리지 못하고 있다
p24_u63,p24,taps_s80,청주 실에는 내년 예산한 설대 위해 이십 이 일 오전 열 시 제 칠십 오 해 인시을 제 일 차 본혐의를 열기를 했으나 더불어민주장 의원들의 등원 컵으로 열리지 못하고 있다
p24_u63,p24,taps_s160,청주시에는 내년 예산한 설대 위해 이십 이 일 오전 열 시 제 칠십 오 해 인시을 제 일 차 본혐의를 열기를 했으나 더불어민주당 의원들의 등원 컵으로 열리지 못하고 있다
p24_u63,p24,ce_visible,청수 수임에는 내년 메산한 설해된 위엔 이스 이 오전 열씀 제 최십 오회 인수회 제 포차본송돼 열기로 했으나 더불어용주당 의원들의 증런 거으로 열립지 못하고 있다
p24_u63,p24,ce_invisible,청주시에는 내년 예산한 설를 위해 이십 이 일 오전 열 시 제 칠십 오 해 인시을 재 일 차 본혐의를 열기를 했으나 더불어민주당 의원들의 등 컵으로 열리지 못하고 있다
p24_u64,p24,taps,열양은 이날 의원 총리를 잇따라 갔고 사과를 밝렸으나 옛 측정 본과 찰거비를 들러싼 이전을 듣키지 못하고 있으며 이날 오후 대시에 다시 여야협의를 벌이기로 했다
p24_u64,p24,ce,여야은 이날 의원 총태를 잇따라 갔고 사벌를 버렸으나 옛 특정 본과큰 철거비를 불러던 의견을 보이지 못하고 있으며 인날 오후 내사 사시 전략협의를 벌이기로 했다
p24_u64,p24,ce_s40,여야은 이날 의원 총알를 잇따라 갔고 협의를 바렸으나 옛 특정 본과큰 철거비를 불러던 의간을 보이지 못하고 있으며 억날 오후 내세 사시 여야협의를 벌이기로 했다
p24_u64,p24,ce_s80,여야는 이날 의본 총알를 잇따라 갔고 협의를 버렸으나 옛 특정 본과된 셀거비를 불러던 이전을 보표지 못하고 있으며 억날 오후 내사 사시 전략협의를 벌이기로 했다
p24_u64,p24,ce_s160,여야는이날 의원 총태를 잇따라 갔고 협의를 버렸으나 옛 특정 본과된 철거비를 불러던 의견을 보이지 못하고 있으며 옛날 오후 내시에 시 전야협의를 벌이기로 했다
p24_u64,p24,taps_s80,열양은 이날 의원 총유를 잇따라 갔고 사별를 밝렸으나 옛 최청 본과 찰거비를 둘러싼 이전을 듣키지 못하고 있으며 이날 오후 레시 다시 여야 협의를 벌이기로 했다
p24_u64,p24,taps_s160,열야은 이날 의원 총유를 잇따라 갔고 사과를 밝렸으나 옛 찍청 본과은 찰거비를 둘러싼 이전을 듣키지 못하고 있으며 이날 오후 네시에 다시 여야 협의를 벌이기로 했다
p24_u64,p24,ce_visible,여야은 이날 의원 총태를 잇따라 갔고 사별을 버렸으나 옛 특정 본과된 철거비를 불러던 의견을 보이지 못하고 있으며 인날 오후 내새 사시 열야협의를 벌이기로 했다
p24_u64,p24,ce_invisible,열양은 이날 의원 총리를 잇따라 갔고 사과를 밝렸으나 옛 측정 본과 찰거비를 들러싼 이전을 듣키지 못하고 있으며 이날 오후 대시에 다시 여야협의를 벌이기로 했다
p24_u65,p24,taps,국민의 희 의원들은 더불어 민주당 의원인면서 동관 설거 의견을 보인 해인의원을 새했 의 결정 특수인 이십 이명을 채우고 철거비 예산을 통력시키를 하고 있다
p24_u65,p24,ce,국민의원들은 법어 민주당 의원이면서 본단 설거 의견을 보인 행 의원을 대째법 의 발전 특수인 이식 이 명 회쇄우고 철거 예산을 통과습려 하고 있다
p24_u65,p24,ce_s40,국민의 의원들은 법어 민주당 의원이면서 본간 설거 의견을 보 행 의원을 새째법 의 발전 교수인 이실 이명 을쇄우고 철거 예산에 통과시려 하고 있다
p24_u65,p24,ce_s80,국민의 의원들은 법불어 민주당 의원인면서 본단 설거 의견을 보인 이 의원을 대표법 의 발전 교수인 이실 이명 을태우고 철거 예산을 통과습기려 하고 있다
p24_u65,p24,ce_s160,국인의 의원들은 법으어 민주당 의원이면서 본간 설거 의견을 보인 행 의원을 대표 의결전 복수인 이실 이명 회쇄우고 철거 예산을 통과습기려 하고 있다
p24_u65,p24,taps_s80,국민의 희 의원들은 더불어 민주당 의원이면서 본반 설거 의견을 보인 해인오원을 새득했 의 대정 특수인 이십 이명을 최우고 철거비 예산을 통력시키를 하고 있다
p24_u65,p24,taps_s160,국민의 희 의원들은 더불어 민주당 의원이면서 동관 설거 의견을 보인 해인의원을 새득했 의 결정 특수인 이십 이명을 채우고 철거비 예산을 통력시키를 하고 있다
p24_u65,p24,ce_visible,국민의원들은 법어 민주당 의원이면서 본단 설거 의견을 보인 행 의원을 대째법 의 발전 특수인 이식 이 명 회쇄우고 철거 예산을 통과습려 하고 있다
p24_u65,p24,ce_invisible,국민의 희 의원들은 더불어 민주당 의원인면서 동관 설거 의견을 보인 해인의원을 새했 의 결정 특수인 이십 이명을 채우고 철거비 예산을 통력시키를 하고 있다
p24_u66,p24,taps,더불어민주당 요원대로 애이 의원의 계속 설득하며 천거이 예산을 뺀 수정만에 통과시켜야 한다는 뜻을 그히지 않고 있다
p24_u66,p24,ce,더불어민주당 의원대도 엔이의원의 계속 설득하며 천거용 예산을 벤 수정안에 통과시켜야 한다는 뜻을 불이지 하고 있다
p24_u66,p24,ce_s40,더불어민주당 의원대로 대이 의원의 계속 설득하며 천거용 예산을 벤 수정안에 통과시켜야 한다는 뜻을 불이지 하고 있다
p24_u66,p24,ce_s80,더불어민주당 의원대로 엔이의원의 계속 설득하며 천거인 예산을 벤 수정안에 통과시켜야 한다는 뜻을 불이지 하고 있다
p24_u66,p24,ce_s160,더불어민주당 의원대도 개이 의원의 계속 설득하며 천거용 예산을 벤 수정안에 통과시켜야 한다는 뜻을 불이지 하고 있다
p24_u66,p24,taps_s80,더불어민주당 요원대로 엘이 의원의 계속 설득하며 천거이 예산을 뺀 수정만에 통과시켜야 한다는 뜻을 부히지 않고 있다
p24_u66,p24,taps_s160,더불어민주당 요원대로 애이 의원의 계속 설득하며 천거이 예산을 뺀 수정만에 통과시켜야 한다는 뜻을 그히지 않고 있다
p24_u66,p24,ce_visible,더불어민주당 의원대도 엘이의원의 계속 설득하며 천거용 예산을 벤 수정안에 통과시켜야 한다는 뜻을 불이지 하고 있다
p24_u66,p24,ce_invisible,더불어민주당 요원대로 애이 의원의 계속 설득하며 천거이 예산을 뺀 수정만에 통과시켜야 한다는 뜻을 그히지 않고 있다
p24_u67,p24,taps,이날까지 연야 협의가 제지 않아 예산한 처리가 무산되면 연간 회포일 수북 사로밖에 남지 않아 사장 차이의 준 예산 갈동이 오려되고 있다
p24_u67,p24,ce,이날까지 여야 협의가 되지 않아 예산한 처류가 무산되면 연관 회복했수북 설게 남지 않아 사장 소후에 둔 예산 갈등이 오려되고 있다
p24_u67,p24,ce_s40,이날까지 여야 협의가 되지 않아 예산한 처류가 무산되면 연간 회복했수도 설밖게 남지 않아 사장 소후의 둔 예산 갈동이 오려되고 있다
p24_u67,p24,ce_s80,이날까지 여야 협의가 되지 않아 예산한 처류가 무산되면 연간 회부에수도 설밖에 남지 않아 사상 특일의 둔 예산 갈등이 오려되고 있다
p24_u67,p24,ce_s160,이날까지 여야 협의가 되지 않아 예산한 처류가 무산되면 연간 회복에수도 설밖에 남지 않아 사상 특일에 중 예산 갈등이 오려되고 있다
p24_u67,p24,taps_s80,이날까지 연야 협의가 제지 않아 예산한 처리가 무산되면 연간 회포 수북 사로밖에 남지 않아 사장 처이에 준 예산 갈동이 오려되고 있다
p24_u67,p24,taps_s160,이날까지 여야 협의가 제지 않아 예산한 처리가 무산되면 연간 회포일 수북 사로밖에 남지 않아 사장 처이의 준 예산 작동이 오려되고 있다
p24_u67,p24,ce_visible,이날까지 여야 협의가 되지 않아 예산한 처류가 무산되면 연관 회복했 수북 설밖에 남지 않아 사장 소후에 중 예산 갈등이 오려되고 있다
p24_u67,p24,ce_invisible,이날까지 연야 협의가 제지 않아 예산한 처리가 무산되면 연간 회포일 수북 사로밖에 남지 않아 사장 처이의 준 예산 갈동이 오려되고 있다
p24_u68,p24,taps,동해 지역에서 코로나 일구 집단 가명의 발생한 유양시설에서 몸미 클로 전이 관련 사해인 것으로 확인된 가운데 쿠학주 장중 확진자가 계속게 속프하고 있다
p24_u68,p24,ce,국내 지역에서 포로나 홍거 재단 가염이 발생한 유향 수설에서 오늘 크로 변이 관련 사해인 것으로 확인된 가운데 코흡도 경위중 확신자가 별속할 속풀하고 있다
p24_u68,p24,ce_s40,국내 지역에서 포로나 홍거 북단 가염이 발생한 유향수설에서 몸늘 크어 변이 관련 사해인 것으로 선인된 가운데 코스도 경위등 확신자가 별속에 속풀하고 있다
p24_u68,p24,ce_s80,국내 지역에서 토로나홍거 집단 가염이 발생은 의향 수설에서 몸늘 크로 변이 관련 사해인 것으로 확인된 가운데 송도 경위등 확신자가 별속에 풀하고 있다
p24_u68,p24,ce_s160,국내 지역에서 토로나홍거 집단 가염을 발생한 유상 수설에서 오늘 크로운 변인 관련 사해인 것으로 선인된 가운데 쿠스도경위중 확신자가 발속에 수풀하고 있다
p24_u68,p24,taps_s80,동해 지역에서 코로나 일구 집단 가염의 발생한 유양시설에서 오미 크로 전이 관련 사해인 것으로 확는된 가운데 쿠학주 장중 확진자가 계속해 속토하고 있다
p24_u68,p24,taps_s160,동해지역에서 코로나 일구 집단 가염이 발생한 유양시설에서 몸미 크론 전이 관련 사해인 것으로 확는된 가운데 쿠학주 장중 확진자가 계속해 속돌하고 있다
p24_u68,p24,ce_visible,국내 지역에서 포로나 홍거 재단 가염을 발생한 유향 수설에서 오늘 크로 변이 관련 사해인 것으로 확인된 가운데 코흡도 경위중 확진자가 단속할 속풀하고 있다
p24_u68,p24,ce_invisible,동해 지역에서 코로나 일구 집단 가명의 발생한 유양시설에서 몸미 클로 전이 관련 사해인 것으로 확인된 가운데 쿠학주 장중 확진자가 계속게 속프하고 있다
p24_u69,p24,taps,십 일 동해시 보건산국에 따르면 동해지역 에의 여양시설에서 쿠스트 강중 구십 대 생의의 최종 양성판정을 받았다
p24_u69,p24,ce,십 일 종해실 보고 당국에 따르면 동일업에이의장수석에서 쿠트 경리등 구십 대 세명 최종 양상판정을 받았다
p24_u69,p24,ce_s40,십 일 종해스 보고 당국에 따르면 동일업에이의장수설에서 쿠보트정리등 구십 대 세 명 최종 양성판명을 받았다
p24_u69,p24,ce_s80,십 일 종해실 보건 당국에 따르면 동일에의의장수설에서 쿠스트정리중 구십 대 세 명 최종 양성판명을 받았다
p24_u69,p24,ce_s160,십 일 종해실 보건 당국에 따르면 동일내의 의장수설에서 코트 경리등 구십 대 세 명 최종 양상판정을 받았다
p24_u69,p24,taps_s80,십 일 동해시 보건산국에 따르면 동해지역에의 여양시설에서 쿠스트 강중 구십 대 생의이 최종 양성판정을 받었다
p24_u69,p24,taps_s160,십 일 동해시 보건당국에 따르면 동해지역에의 여양시설에서 쿠스트 경중 구십 대 생의이 최저 양성판정을 받았다
p24_u69,p24,ce_visible,십 일 종해실 보고 당국에 따르면 동일업에이의장수석에서 쿠트 경리등 구십 대 세명 최종 양상판명을 받았다
p24_u69,p24,ce_invisible,십 일 동해시 보건산국에 따르면 동해지역 에의 여양시설에서 쿠스트 강중 구십 대 생의의 최종 양성판정을 받았다
p24_u70,p24,taps,시설 입소자 구 명 중 스내 두 명과 종사자 육세 명 등 열 한 명이 확진자로 분류된 것으로 알려졌다
p24_u70,p24,ce,시사 육소대 구속 명등 스위 두명과 종사장 육 생명등 열 한 명이 확진자로 분류된 것으로 알려졌다
p24_u70,p24,ce_s40,시사 육소자 구속 명등 스에 두 명과 종사장 육 생명 등 열 한 명이 확진자로 분류된 것으로 알려졌다
p24_u70,p24,ce_s80,시사 육소자 구 명등 스익 두명과 종사장 육 생명 등 열 한 명이 혹진자로 분류된 것으로 알려졌다
p24_u70,p24,ce_s160,시사 육소대 구 명등 스위 분명과 종사장 육 생 명 등 열 한 명이 혹진자로 분류된 것으로 알려졌다
p24_u70,p24,taps_s80,시설 익소자 구속 명  스내 두 명과 종사자 육세 명 등 열 한 명이 확진자로 분류된 것으로 알려졌다
p24_u70,p24,taps_s160,시설 입소자 구 명등 스에 두 명과 종사자 육세 명등 열 한 명이 확진자로 분류된 것으로 알려졌다
p24_u70,p24,ce_visible,시사 육소대 구 명등 스위 두명과 종사장 육 생명등 열 한 명이 확진자로 분류된 것으로 알려졌다
p24_u70,p24,ce_invisible,시설 입소자 구 명 중 스내 두 명과 종사자 육세 명 등 열 한 명이 확진자로 분류된 것으로 알려졌다
p24_u71,p24,taps,특히 학진자 서방 사년 중 열 일곱 명이 최저 오미 클런 변이 학진자로 밝혀서 불한감은 높아지고 있다
p24_u71,p24,ce,특히 학진자 서른 세 명중 열 일곱 명이 철종 오늘 크로 변이 확진자로 발혀져 불안감은 높아지고 있다
p24_u71,p24,ce_s40,특히 학품다 서른 사 명 중 열 일곱 명이 철종 오늘 크로 변이 학진자로 발혀져 불상감은 높아지고 있다
p24_u71,p24,ce_s80,특히 학진자 서른 세 명 중 열 일곱 명이 최종 오미 클로 변이 확진자로 발혀져 불상감은 높아지고 있다
p24_u71,p24,ce_s160,특히 학준자 서른 세 명 중 열 일곱 명이 철종 오미 크로 변이 확진자로 발혀져 불상감은 높아지고 있다
p24_u71,p24,taps_s80,특히 학진자 서방 사년 중 열 일곱 명이 최저 범미 클런 변이 학진자로 밝혀서 불상감은 높아지고 있다
p24_u71,p24,taps_s160,특히 학진자 서방 사장 중 열 일곱 명이 최종 오미 클런 변이 학진자로 밝혀서 불상감은 높아지고 있다
p24_u71,p24,ce_visible,특히 학품자 서른 사 명중 열 일곱 명이 철종 오늘 크로 변이 확진자로 발혀져 불안감은 높아지고 있다
p24_u71,p24,ce_invisible,특히 학진자 서방 사년 중 열 일곱 명이 최저 오미 클런 변이 학진자로 밝혀서 불한감은 높아지고 있다
p24_u72,p24,taps,이에 동해시와 보건 당국은 확진자들의 경우 강남과 서초 동해지역 전담 병원으로 이성하고 추사 대에서는 입소자 최십 판 명을 셰린 경리하고 있다고 밝혔다
p24_u72,p24,ce,이에 동네시와 보건상국은 확준자들의 경우 강남과 소초 통해 지역 간담 병원으로 이상하고 시상 례에서는 및로자 최십 판 명을 일의 경리하고 있다고 밝혔다
p24_u72,p24,ce_s40,이래 동네시와 보건 당국은 확준자들의 경우 강남과 서초 통해 지역 간담 병원으로 이상하고 시상 례에 서는 및로자 최십 판 명을 꿀의 경리하고 있다고 밝혔다
p24_u72,p24,ce_s80,이래 동네시와 보건상국은 확준자들의 경우 강남과 속포 동해 지역 간담 병원으로 이상하고 시상 내에서는 및로자 최십 판 명을 일의 경리하고 있다고 밝혔다
p24_u72,p24,ce_s160,이에 동네시와 보건상국은 확준자들의 경우 강남과 소포 동해 지역 간담 병원으로 이상하고 시상 내에서는 및로자 최십 판 명을 끌을 경리하고 있다고 밝혔다
p24_u72,p24,taps_s80,이에 동해시와 보건 당국은 확진자들의 경우 강남과 수초 동해지역 전담 병원으로 이성하고 추산 대에서는 입소자 십 판 등을 짜린 경리하고 있다고 밝혔다
p24_u72,p24,taps_s160,이에 동해시와 보건 당국은 확진자들의 경우 강남과 수초 동해지역 전담 병원으로 이성하고 추산 대에서는 입소자 칠십 판 등을 짜린 경리하고 있다고 밝혔다
p24_u72,p24,ce_visible,이에 동네시와 보건상국은 확준자들의 경우 강남과 소초 통해 지역 간담 병원으로 이상하고 시상 례에서는 및로자 최십 판 명을 일을 경리하고 있다고 밝혔다
p24_u72,p24,ce_invisible,이에 동해시와 보건 당국은 확진자들의 경우 강남과 서초 동해지역 전담 병원으로 이성하고 추사 대에서는 입소자 최십 판 명을 셰린 경리하고 있다고 밝혔다
p24_u73,p24,taps,또한 종사자들의 경우 시설의 숙십이 어려운 상황이라 강내 속낙시설 세 마흔 일곱실를 각각 분산 배치했다
p24_u73,p24,ce,또한 봉사자들의 경우 시상을 속쓰이 어려운 상황이라 강내 속강시설 세 마흔 행급실에 각각 분산 배치했다
p24_u73,p24,ce_s40,또한 봉사자들의 경우 시상을 속쓰에 어려운 상황이라 강내 속각시설 세 마흔 행급실에 각각 분산 배치했다
p24_u73,p24,ce_s80,또한 본사자들의 경우 시상에 속쓰이 어려운 상황이라 강내 각시설 세 마흔 홍급실에 각각 분산 배치했다
p24_u73,p24,ce_s160,또한 본사자들의 경우 시상을 속스이 어려운 상황이라 강내 속각시설 세 마흔 일급실에 각각 분산 배치했다
p24_u73,p24,taps_s80,또한 종사자들의 경우 시설의 숙십이 어려운 상황이라 강내 속각시설 세 마흔 일곱실를 각각 분산 배치했다
p24_u73,p24,taps_s160,또한 종사자들의 경우 시설의 숙십이 어려운 상황이라 강내 속당시설 세 마흔 일곱실를 각각 분산 배치했다
p24_u73,p24,ce_visible,또한 공사자들의 경우 시상에 속쓰이 어려운 상황이라 강내 속강시설 세 마흔 행급실에 각각 분산 배치했다
p24_u73,p24,ce_invisible,또한 종사자들의 경우 시설의 숙십이 어려운 상황이라 강내 속낙시설 세 마흔 일곱실를 각각 분산 배치했다
p24_u74,p24,taps,현재 유양수사 대에서는 레베티 방무복을 입은 의료진 등이 매일 필시알 감사와 전께 소록 등을 실시하고 있다
p24_u74,p24,ce,현데 의양수설 대에서는 레베티 방호복을 입은 의료진 등이 매일 포트검사와 함국개 서득 등을 쇄세하고 있다
p24_u74,p24,ce_s40,현데 의양수설 대에서는 레베티 방화복을 입은 의료진 등이 매일포텔봉사와 한국계 서득등을 실세하고 있다
p24_u74,p24,ce_s80,현재 의양수설 대에서는 레베티 방호복을 입은 의료진 등이 매일 포텔 봉사와 한국대 서득 등을 실세하고 있다
p24_u74,p24,ce_s160,현데 노양수설 대에서는 레베티 광후복을 입은 의료진 등이 매일 필스 봉사와 한국개 소록 등을 실세하고 있다
p24_u74,p24,taps_s80,현재 유양수설 대에서는 레베티 방호복을 입은 의료진 등이 매일 필시아 봉사와 전게 소록 등을 실시하고 있다
p24_u74,p24,taps_s160,현재 유양수사 대에서는 레베티 방무복을 입은 의료진 등이 매일 필시아 감사와 전게 소록 등을 실시하고 있다
p24_u74,p24,ce_visible,현데 의양수설 대에서는 레베티 방호복을 입은 의료진 등이 매일 포트검사와 함국계 서득 등을 쇄세하고 있다
p24_u74,p24,ce_invisible,현재 유양수사 대에서는 레베티 방무복을 입은 의료진 등이 매일 필시알 감사와 전께 소록 등을 실시하고 있다
p24_u75,p24,taps,이와 관련해 칠 일 십 육 일까지 간내 경무당 백 스물 해건 계를 임시 시간 조체하고 방역 사 및 동자기 안전 정검을 진행한다
p24_u75,p24,ce,이와 관련해 수면 십 육 일까지 간의 공모당 백 스물 일 계를 임시수간 교세하고 방역 사 및 동대계 안전 정고은 진행한다
p24_u75,p24,ce_s40,이와 관련해 수면 십 육 일까지 간의외 공무당 백 스물 일곱 대를 임시 수간 보채하고 방역 사 및 동대균 안전 정검은 진행한다
p24_u75,p24,ce_s80,이와 관련해 수면 십 육 일까지 간의 공무당 백 스물 일곱 대사를 임사수간 교채하고 방역 사 및 동찰교 안전 정검은 진행한다
p24_u75,p24,ce_s160,이와 관련해 수면 십 육 일까지 간 공모당 백 스물 일곱 대를 임시 부단 보체하고 방역 사 및 동대계 안전 정검을 진행한다
p24_u75,p24,taps_s80,이와 관련해 칠 일 십 육 일까지 간내 경무당 백 스울 해건 제도를 인시 시간 조체하고 방역 사 및 동자기 안전 정검을 진행한다
p24_u75,p24,taps_s160,이와 관련해 칠 일 십 육 일까지 간내 경무당 백 스물 일건 개를 인시 시간 조체하고 당역 사 및 동자기 안전 정검을 진행한다
p24_u75,p24,ce_visible,이와 관련해 수면 십 육 일까지 간의 공모당 백 스물 일 계를 임시수간 교세하고 방역 사 및 동대계 안전 정고은 진행한다
p24_u75,p24,ce_invisible,이와 관련해 칠 일 십 육 일까지 간내 경무당 백 스물 해건 계를 임시 시간 조체하고 당역 사 및 동자기 안전 정검을 진행한다
p24_u76,p24,taps,전남 순천의 한 불프장에서 여성 불파가 연모에 빠져 선진 사건과 관련해 경찰의 경기 보조원을 이권해 조사하고 있다
p24_u76,p24,ce,전남 순천의 한 골프장에서 여성 불파가 연모에 빠져 선진 사건과 관련해 경찰의 경기보도원을 이콘엔 조선하고 있다
p24_u76,p24,ce_s40,전남 순선의 한 골프장에서 여성 골파가 연모에 빠져 선진 사건과 관련해 경찰의 경기보도원을 이콘엔 조선하고 있다
p24_u76,p24,ce_s80,전남 순천의 한 불프장에서 여성 불파가 연모에 빠져 선진 사건과 관련해 경찰의 경기보도원을 이콘는 조선하고 있다
p24_u76,p24,ce_s160,전남 순선의 한 골프장에서 여성 불파가 연모에 빠져 선진 사건과 관련해 경찰의 경기 보도원을 이콘엔 조상하고 있다
p24_u76,p24,taps_s80,전남 순천의 한 불프장에서 여성 불파포가 연모에 빠져 선진 사건과 관련해 경찰의 경기 보조원을 이권해 조사하고 있다
p24_u76,p24,taps_s160,전남 수천의 한 불프장에서 여성 불포가 연모에 빠져 선진 사건과 관련해 경찰의 경기 보조원을 이권해 조사하고 있다
p24_u76,p24,ce_visible,전남 순천의 한 골프장에서 여성 불파가 연모에 빠져 선진 사건과 관련해 경찰의 경기보도원을 이콘엔 조선하고 있다
p24_u76,p24,ce_invisible,전남 순천의 한 불프장에서 여성 불파가 연모에 빠져 선진 사건과 관련해 경찰의 경기 보조원을 이권해 조사하고 있다
p24_u77,p24,taps,전남 경찰청은 칠 일 참서한 손 불입프장 금기 보도한 에이씨를 업무상 가제추사현로 이건해 조사하고 있다고 밝혔다
p24_u77,p24,ce,전남변찰청은 칠 일 순선의 홍 골프장 경기 보도원 에이스를 업무상 가실 추사 혐의로 이건해 조사하고 있다고 밝혔다
p24_u77,p24,ce_s40,전남변찰청은 세 일 순선의 큰 골프당 경기 보도원 에이스를 업무상 가실 추사 혐로 이건에 조사하고 있다고 밝혔다
p24_u77,p24,ce_s80,전남변호찰청은 세 일 순선의 흔 골프당 경기 보도원 에이스를 업무상 가실 추사 혐로 이건해 조사하고 있다고 밝혔다
p24_u77,p24,ce_s160,전남변찰청은 세 계 순선에 홍 골프장 경기 보도한 에이스를 업무상 가실 추사 혐의로 이건해 조사하고 있다고 밝혔다
p24_u77,p24,taps_s80,전남 경찰청는 칠 일 참서한 손 브입프장 경기 보도한 에이씨를 업무상 가제 추사 현로 이건해 조사하고 있다고 밝혔다
p24_u77,p24,taps_s160,전남 백찰청은 칠 일 선서해 손 브입프장 경기 보도한 에이씨를 업무상 가제 추사 현로 이건해 조사하고 있다고 밝혔다
p24_u77,p24,ce_visible,전남변찰청은 칠 일 순선의 홍 골프장 경기 보도원 에이스를 업무상 가실 추사 혐의로 이건해 조사하고 있다고 밝혔다
p24_u77,p24,ce_invisible,전남 경찰청은 칠 일 참서한 손 불입프장 금기 보도한 에이씨를 업무상 가제추사현로 이건해 조사하고 있다고 밝혔다
p24_u78,p24,taps,메이씨는 순상이서 골프장 연문세빠져 손진 오십 대 골법 비시 사고와 관련해 비씨에게 미험성을 경고하지 않은 상인를 받고 있다
p24_u78,p24,ce,에이스는 순상은 흔 골프당 연모에 빠져 손신 오습백 골퍼 비시 사고와 관련해 비스액의 미혼성을 경고하지 않은 혐의를 반공했다
p24_u78,p24,ce_s40,에이스는 순상은 흔 골프당 연모에 빠져 손신 오습백 골법 비시 사고와 관련해 미스액의 미혼성을 경고하지 않은 혐의를 받고했다
p24_u78,p24,ce_s80,에이스는 순상은 흔 골프장 연모에 빠져 손신 오습백 골법 비시 사고와 관련해 비스액의 미혼성을 경고하지 않은 혐의를 받고 있다
p24_u78,p24,ce_s160,에이스는 순상은 흔 골프당 연구에 빠져 소는 오습백 골법 비시 사고와 관련해 미씨액의 미혼성을 경고하지 않은 혐의를 받고 있다
p24_u78,p24,taps_s80,메이씨는 순상의서 골프장 연문세빠져 손진 오십 대 골법 비시 사고와 관련해 비씨에게 미험성을 경고하지 않은 상인를 받고 있다
p24_u78,p24,taps_s160,메이씨는 순상의서울 골프장 연구세빠져 손진 오십 대 골법 비시 사고와 관련해 비씨에게 미험성을 경고하지 않은 사인를 받고 있다
p24_u78,p24,ce_visible,에이스는 순상은 흔 골프당 연모에 빠져 손신 오습백 골퍼 비시 사고와 관련해 비씨액의 미혼성을 경고하지 않은 혐의를 받공했다
p24_u78,p24,ce_invisible,메이씨는 순상이서 골프장 연문세빠져 손진 오십 대 골법 비시 사고와 관련해 비씨에게 미험성을 경고하지 않은 상인를 받고 있다
p24_u79,p24,taps,에이치는 귀씨가 골프공을 준기 위해 이행과 떨어져 성목연문적으로 향하는데도 만려하지 않았고 안전 관리로 소리한 행위로 조사를 받고 있다
p24_u79,p24,ce,메이스는 르씨가 보폭공을 듣기 위해 그래과 떨어져 속행연모동으로 향하는데로 만려하지 않았고 안전 관리도 소리할 혐의로 교사를 받고 있다
p24_u79,p24,ce_s40,메이스는 그씨가 보육프공을 듣기 위해 그행과 떨어져 속행연모동으로 향하는데로 만려하지 않았고 안전 관리도 리한 혐의로 교사를 받고 있다
p24_u79,p24,ce_s80,메이씨는 뉴씨가 보육프동을 듣기 위해 이래과 떨어져 손행 연모동으로 향하는데로 만려하지 않았고 안전 관리도 소리한 혐의로 조사를 받고 있다
p24_u79,p24,ce_s160,메이씨는 그씨가 보 프공을 듣기 위해 이행과 떨어져  명모동으로 향하는대로 만려하지 않았고 안전 관리도 소리한 혐의로 조사를 받고 있다
p24_u79,p24,taps_s80,에이치는 귀씨가 골프공을 주기 위해 이행과 떨어져 성목연업적으로 향하는데도 만려하지 않았고 안전 관리도 소리한 행위로 조사를 받고 있다
p24_u79,p24,taps_s160,에이치는 귀씨가 골프공을 주기 위해 이행과 떨어져 성목연문적으로 항하는데도 만려하지 않았고 안전 관리도 소리한 행위로 조사를 받고 있다
p24_u79,p24,ce_visible,메이스는 르씨가 보폭공을 듣기 위해 그래과 떨어져 속행연모동으로 향하는데로 만려하지 않았고 안전 관리도 소리할 혐의로 교사를 받고 있다
p24_u79,p24,ce_invisible,에이치는 귀씨가 골프공을 주기 위해 이행과 떨어져 성목연문적으로 향하는데도 만려하지 않았고 안전 관리로 소리한 행위로 조사를 받고 있다
p24_u80,p24,taps,앞서 경찰은 연무주변을 오차리가 설티되지 않은 점 등 시설을 안전조치가 충분하지 않았다며 글부장 안전잠당장 현명의 입검에 조사하고 있다
p24_u80,p24,ce,앞서 경찰은 원옥두변에 물타리가 설표했지 않는 점 등 시사미을 안전 조치가 청분하지 않았다며 교육포장 안전잠당장 현명의 입권에 부상하고 있다
p24_u80,p24,ce_s40,앞서 경찰은 연옥주변에 물타리가 설수했지 않는 점 등 시설미을 안 전 조치가 충분하지 않았다며 교육포장 안전반당장 현명의 입권에 조상하고 있다
p24_u80,p24,ce_s80,앞서 경찰은 연옥주변에 물타리가 설표를 지 않는 점 등 시설미을 안전 조치가 충분하지 않았다며 교육포장 안전전당자 현명의 입권에 조상하고 있다
p24_u80,p24,ce_s160,앞서 경찰은 연구주변에 물타리가 설수했 지 않는 점 등 시사미을 안전 조치가 충분하지 않았다며 보육포장 안 전반당자 현명의 입권에 부상하고 있다
p24_u80,p24,taps_s80,앞서 경찰은 연무주변의 오타리가 설침되지 않은 점 등 시설을 안전조치가 충분하지 않았다며 글부장 안전잠당자 한명의 입건에 조사하고 있다
p24_u80,p24,taps_s160,앞서 경찰은 연무주변의 오차리가 설직되지 않은 점 등 시설을 안전조치가 충분하지 않았다며 골부장 안전잠당자 한명의 인건에 조사하고 있다
p24_u80,p24,ce_visible,앞서 경찰은 연옥두변에 물타리가 설표했지 않는 점 등 시사미을 안 전 조치가 청분하지 않았다며 교육포장 안전잠당장 현명의 입권에 부상하고 있다
p24_u80,p24,ce_invisible,앞서 경찰은 연무주변을 오차리가 설티되지 않은 점 등 시설을 안전조치가 충분하지 않았다며 글부장 안전잠당장 현명의 입검에 조사하고 있다
p24_u81,p24,taps,경찰은 골프장매 사고 예방 조치가 전반적으로 소홀했던 것으로 보고 대제처벌법사 중대심을 체에 해당하는 요부를 강토하고 있다
p24_u81,p24,ce,정사는 불프장 내 사금 매방포치가 전반적으로 소홀했던 것으로 보고 중대사외 처을 법과 중대 승용사에 해당하는 여부를 강토하고 있다
p24_u81,p24,ce_s40,경사는 불프장 매 사근 매방 포치가 전반적으로 소홀했던 것으로 보고 중대사의 처벌법과 중대 승년사에 해당하는 여부를 강토하고 있다
p24_u81,p24,ce_s80,경사는 불프장 매 사근 내방보치가 전반적으로 소홀했던 것으로 보고 중대사의 처불법과 중대 승년사에 해당하는 여부를 강토하고 있다
p24_u81,p24,ce_s160,경사은 골프장 매 사근 내방보치가 전반적으로 소홀했던 것으로 보고 중대 사회 처불법과 중대 승년사에 해당하는 여부를 검토하고 있다
p24_u81,p24,taps_s80,경찰은 골프장매 사고 예방 조치가 전반적으로 소홀했던 것으로 보고 중대체처벌법사 중대심을 체에 해당하는 요부를 강토하고 있다
p24_u81,p24,taps_s160,경찰은 골프장매 사고 예방 조치가 전반적으로 소홀했던 것으로 보고 중대재처벌법사 중대심일 체에 해당하는 여부를 강토하고 있다
p24_u81,p24,ce_visible,정사는 불프장 내 사금 매방포치가 전반적으로 소홀했던 것으로 보고 중대사외 처을 법과 중대 승용사에 해당하는 여부를 강토하고 있다
p24_u81,p24,ce_invisible,경찰은 골프장매 사고 예방 조치가 전반적으로 소홀했던 것으로 보고 중대제처벌법사 중대심을 체에 해당하는 요부를 강토하고 있다
p24_u82,p24,taps,지난 사 월 이십 칠 일 오전 여덟 시 오 십 만쯤 전남 수선의 한 고프장에서 오십대 여성 골포가 두타리가 없는 연곳에서 공을 줄으여다 삼 미타 기피의 연문세 빠져 숨졌다
p24_u82,p24,ce,지난 사 월 이십 칠린 오전 여덟 시 오십 일 문쯤 전남 순선의 한 골프장에서 로데 여성 골포가 루타리가 없는 여곳에서 공우 종으여다 한 미팔 집피의 연문에 빠져 숨졌다
p24_u82,p24,ce_s40,지난 사 월 이십 칠린 오전 여덟 시 오십 일 문쯤 전남 순선의 한 골프장에서 로데 여성 골포가 두타리가 없는 여곳에서 공우 종으여다 한 미팔집회 연문에 빠져 숨졌다
p24_u82,p24,ce_s80,지난 사 월 이십 칠린 오전 여덟 시 오십 일 문쯤 전남 순선의 한 골프장에서 오데 여성 골포가 오탈리가 없는 여곳에서 공우 종으여다 한 미털 깊피의 연문에 빠져 숨졌다
p24_u82,p24,ce_s160,지난 사 월 이십 칠린 오전 여덟 시 오십 일 문쯤 전남 순선의 한 골프장에서 로데 여성 골포가 오타리가 없는 여곳에서 공우 종으여다 한 미널 리피의 연문에 빠져 숨졌다
p24_u82,p24,taps_s80,지난 사 월 이십 칠 일 오전 여덟 시 오 십 일 만쯤 전남 수산의 한 고입프장에서 오십대 여성 불포가 두타리가 없는 연곳에서 공의 줄유여다 삼 미타 깊피의 연문세 빠져 숨졌다
p24_u82,p24,taps_s160,지난 사 월 이십 칠 일 오전 여덟 시 오 십  만쯤 전남 수선의 한 고입프장에서 오십 대 여성 골포가 두타리가 없는 연곳에서 공을 줄으여다 삼 미타 깊피의 연문세 빠져 숨졌다
p24_u82,p24,ce_visible,지난 사 월 이십 칠린 오전 여덟 시 오십 일 문쯤 전남 순선의 한 골프장에서 로데 여성 골포가 루타리가 없는 여곳에서 공우 종으여다 한 미팔 집피의 연문에 빠져 숨졌다
p24_u82,p24,ce_invisible,지난 사 월 이십 칠 일 오전 여덟 시 오 십 만쯤 전남 수선의 한 고프장에서 오십대 여성 골포가 두타리가 없는 연곳에서 공을 줄으여다 삼 미타 기피의 연문세 빠져 숨졌다
p24_u83,p24,taps,송진소지 주택 공사가 우수택 최대 구산원이며 누구나 실천할 수 있는 전세형 주택 구백 삼십 고에 제한 청와 점수를 설수 일 월부터 실시한다고 밝혔다
p24_u83,p24,ce,황국토즈주택 봉사가 무수택 세백 구산원이면 누군나 수천할 수있는 전세형 주택 구백 삼십 고도에 대한 천익 검수를 삼생 코 일부터 실한다고 밝혔다
p24_u83,p24,ce_s40,흥로 토지주택 봉사가 무수택 세백 구산원이며 누군나 수천할 수있는 전세형 주택 구백 삼십 고도에 대한 천국 전수를 삼생 코 일부터 쓸시한다고 밝혔다
p24_u83,p24,ce_s80,흥로토지주택 봉사가 무수택 세백 구산 원이며 누군나 순천할 수있는 전세형 주택 구백 삼십 고도에 대한 총익 값수를 삼생 코 일부터 쓸진다고 밝혔다
p24_u83,p24,ce_s160,한국폭즈주택 봉사가 무수택 세대 구산 원이며 누군나 수사할 수있는 전세형 주택 구백 삼십 고도에 대한 천사 전수를 삼생 코 일부터 쓸한다고 밝혔다
p24_u83,p24,taps_s80,송진소지 주택 공사가 우수택 세대 구산원이며 누구나 실천할 수 있는 전세형 주택 구백 삼십 고 에 대한 청와 점수를 설수 일 월부터 실시한다고 밝혔다
p24_u83,p24,taps_s160,송규소지 주택 공사가 우수택 세대 구산원이며 누구나 실천할 수 있는 전세형 주택 구백 삼십 고에 대한 청와 점수를 설수 일 월부터 실시한다고 밝혔다
p24_u83,p24,ce_visible,성국 폭즈주택 봉사가 무수택 세백 구산원이면 누군나 수천할 수있는 전세형 주택 구백 삼십 고도에 대한 천익 값수를 삼생 코 일부터 실시한다고 밝혔다
p24_u83,p24,ce_invisible,송진소지 주택 공사가 모수택 최대 구산원이며 누구나 실천할 수 있는 전세형 주택 구백 삼십 고에 제한 청와 점수를 설수 일 월부터 실시한다고 밝혔다
p24_u84,p24,taps,전세 주택은 시중전세시세 팔십 퍼센트 이하 수준인 임대율의 총대 팔십 퍼센트까지 보등금로 척정인 입주자의 월 인대를 부담에 낮춘 임대주택이다
p24_u84,p24,ce,전 세원 주택은 시중전세수색 팔십 퍼센트 이상 소준인 임대률일 표대 퍼십 퍼센트까지 보등금으로 측정된 입주자의 월 인대류 부담을 낮출 인대 부택이다
p24_u84,p24,ce_s40,전 세원 주택은 시중 전세수색 팔십 퍼센트 이상 소준인 임대률들 표대 퍼십 퍼센트까지 보등금으로 폭정된 육주자의 월 인대류 부담을 낮춘 인대 부택이다
p24_u84,p24,ce_s80,전 세원 주택은 시중 전세수색 팔십 퍼센트 이상 소준인 임대휴들 표대 퍼십 퍼센트까지 보든금으로 폭정된 입주자의 월 인대류 부담을 낮춘 인대부택이다
p24_u84,p24,ce_s160,전 세간 주택은 시종 전세수색 팔십 퍼센트 이상 소준인 임대휴들 표대 퍼십 퍼센트까지 보든동으로 첫정된 입주자의 월 인대류 부담을 낮춘 인대부택이다
p24_u84,p24,taps_s80,전세 주택은 시중전세시세 팔십 퍼센트 이하 수준인 임대율의 총대 팔십 퍼센트까지 보든금으로 척정인 입주자의 월 인대를 부담에 낮춘 임대주택이다
p24_u84,p24,taps_s160,전세용 주택은 시중전세시세 팔십 퍼센트 이하 수준인 임대율의 총대 팔십 퍼센트까지 보등금로 측정인 입주자의 월 인대를 부담에 낮춘 임대주택이다
p24_u84,p24,ce_visible,전 세원 주택은 시중전세수색 팔십 퍼센트 이상 소준인 임대률일 표대 퍼십 퍼센트까지 보등금으로 측정된 입주자의 월 인대류 부담을 낮출 인대 부택이다
p24_u84,p24,ce_invisible,전세 주택은 시중전세시세 팔십 퍼센트 이하 수준인 임대율의 총대 팔십 퍼센트까지 보등금로 척정인 입주자의 월 인대를 부담에 낮춘 임대주택이다
p24_u85,p24,taps,노수택 세대 구성원 여권을 충석하는 경해 기본 사면 입주 대기자가 없을 때 이 년 연장까지 가해 최장 육년 거주할 수 있는 것이 특징이다
p24_u85,p24,ce,모주택 세대 구사은 요권을 충복하는 가능해 기혼 사면 매표 대기자가 없을 땐 임 년 면장까지 가해 추장 육 년 거두할 수 있는 것이 특징이다
p24_u85,p24,ce_s40,무주택 세대 구상은 요권을 충복하는 기해 기혼 사면 매표 대기자가 없을 땐 일 년 면장까지 가능해 추장 용년 거두할 수 있는 것이 특징이다
p24_u85,p24,ce_s80,모 부택 세대 구성은 요권을 충복하는 가 기혼 사여 매출 데기자가 없을 땐 민 년 면장까지 가능해 추장 용령 거두할 수 있는 것이 특징이다
p24_u85,p24,ce_s160,우부택 세대 구사성은 요권을 충복하는 경에 기본 사면 매출 데기자가 없을 땐 일 년 면장까지 가능해 추장 미령 거두할 수 있는 것이 특징이다
p24_u85,p24,taps_s80,무수택 세대 구성원 여건을 충석하는 경해 기본 사면 입주 대기자가 없을 때 이 년 연장까지 가해 최장 육 년 거주할 수 있는 것이 특징이다
p24_u85,p24,taps_s160,무수택 세대 구성원 여건을 충석하는 경해 기본 사면 입주 대기자가 없을 때 이 년 연장까지 가해 최장 육 년 거주할 수 있는 것이 특징이다
p24_u85,p24,ce_visible,모주택 세대 구사은 요권을 충복하는 기능해 기혼 사면 매표 대기자가 없을 땐 일 년 면장까지 가해 추장 육 년 거두할 수 있는 것이 특징이다
p24_u85,p24,ce_invisible,무수택 세대 구성원 여권을 충석하는 경해 기본 사면 입주 대기자가 없을 때 이 년 연장까지 가해 최장 육년 거주할 수 있는 것이 특징이다
p24_u86,p24,taps,목근마련의 어려운 경에는 보조금을 낮쓰고 월 인대료를 높이는 보증근 전환제도를 이용할 수 있다
p24_u86,p24,ce,목분 마련이 어려운 정에는 보증금을 낮추고 월인대료를 높이는 보증근 전한세도를 이용했 수 있다
p24_u86,p24,ce_s40,목분 마련이 어려운 정에는 보등금을 낮추고 월대료를 높이는 보증굴 전한 세도를 이용했 수 있다
p24_u86,p24,ce_s80,목분 마련이 어려운 경우에는 보등금을 낮치고 월인대료를 높이는 보증굴 전한제도를 이용할 수 있다
p24_u86,p24,ce_s160,목분마련이 어려운 경에는 보등금을 낮치고 월 인대료를 높이는 보증교 전한세도로 이용할 수 있다
p24_u86,p24,taps_s80,목근 마련의 어려운 경에는 보조금을 낮쓰고 월 인대료를 높이는 보증근 전환제도를 이용할 수 있다
p24_u86,p24,taps_s160,목근 마련의 어려운 경에는 보조금을 낮쓰고 월인대료를 높이는 보증근 전환제도를 이용할 수 있다
p24_u86,p24,ce_visible,목분 마련이 어려운 정에는 보증금을 낮추고 월인대료를 높이는 보증근 전한세도를 이용했 수 있다
p24_u86,p24,ce_invisible,목근마련의 어려운 경에는 보조금을 낮쓰고 월 인대료를 높이는 보증근 전환제도를 이용할 수 있다
p24_u87,p24,taps,이러해 공급하는 구백 삼십 고 는 건설 임대주택 삼백 구십 오 부 매이 인대주택 오백 사십 오로 서임 경기지역에 유지한다
p24_u87,p24,ce,이번에 공급하는 구백 삼십 고 는 건설 임대 주택 천백 구십 오 부 매이 임대 주택 오백 사십 오로 서울및 경기지역에 위치한다
p24_u87,p24,ce_s40,이번에 공급하는 구백 삼십 호 는 건설 임대 주택 삼백 구십 오 호 메이 임대 주택 오백 사십 오로 서울및 경기지역에 위치한다
p24_u87,p24,ce_s80,이번에 공급하는 구백 삼십 오 는 건설 임대주택 천백 구습오부 매이 임대주택 오백 사십 오로 서원및 경기지역에 위치한다
p24_u87,p24,ce_s160,이번에 공급하는 구백 삼십  는 건설 임대주택 천백 구십 오호 매이 임대 주택 오백 사십 오로 서울및 경기지역에 위치한다
p24_u87,p24,taps_s80,이러해 공급하는 구백 삼십 오 는 건설 임대주택 삼백 구십 오 보 매입인대주택 오백 사십 오로 서임 경기지역에 유지한다
p24_u87,p24,taps_s160,이러해 공급하는 구백 삼십 고 는 건설 임대주택 삼백 구십 오도 매이인대주택 오백 사십 오로 서 경기지역에 유지한다
p24_u87,p24,ce_visible,이번에 공급하는 구백 삼십 고 는 건설 임대 주택 천백 구십 오 부 매이 임대 주택 오백 사십 포로 서울및 경기지역에 위치한다
p24_u87,p24,ce_invisible,이러해 공급하는 구백 삼십 고 는 건설 임대주택 삼백 구십 오 부 매이 인대주택 오백 사십 오로 서임 경기지역에 유지한다
p24_u88,p24,taps,착약 수창은 엘라이츠 참여센터 소페이지에서 이날부터 공급 권역별로 신천할 수 있으며 당천자는 대약 세계후 내년 삼 월부터 입주할 수 있다
p24_u88,p24,ce,상협순상은 에라이츠 총약센파 홈페에서 은날부터 공급권학 별로 순천할 수 있으면 당첨단은 대학 책계후 내년 삼 월부터 입주할 수 있다
p24_u88,p24,ce_s40,상협신상은 에라이트 총약생파 홈패에서 은날부터 공급권학 별로 순천할 수 있으며 당선단은 대학 세계후 내년 삼 월부터 입주할 수 있다
p24_u88,p24,ce_s80,상협신상은 에라이트 총약생파 홈패에서 은날부터 공급권학 별로 신천할 수 있으며 당산단은 대학 세계후 내년 삼 월부터 입주할 수 있다
p24_u88,p24,ce_s160,상협신상은 에라이칠 총약생파 호수역에서 은날부터 공급 권학 별로 순천할 수 있으면 당선단은 대학 생계후 내년 삼 월부터 입주할 수 있다
p24_u88,p24,taps_s80,상약수창은 엘라이티 참여센터 페이지에서 이날부터 공급 권역별로 신천할 수 있으며 당천자는 대약 최계도 내년 삼 월부터 입주할 수 있다
p24_u88,p24,taps_s160,창약실창은 엘라이츠 참약센터 페이지에서 이날부터 공급 권약별로 신천할 수 있으며 당천자는 대약 세계도 내년 삼 월부터 입주할 수 있다
p24_u88,p24,ce_visible,상협신상은 에라이츠 총약센파 홈페에서 은날부터 공급권학 별로 순천할 수 있으면 당첨단은 대학 세계후 내년 삼 월부터 입주할 수 있다
p24_u88,p24,ce_invisible,상약 수창은 엘라이츠 참여센터 소페이지에서 이날부터 공급 권역별로 신천할 수 있으며 당천자는 대약 세계후 내년 삼 월부터 입주할 수 있다
p24_u89,p24,taps,경쟁이 발생하는 경우 소득 수준에 따른 선로 당선자를 선정하면 동일 수비에서는 전산 수천 결과에 따른다
p24_u89,p24,ce,경쟁이 발생하는 경우 소득 수준에 따른 손이로 당편자를 선정하며 동일 손유에사는 전산 수천 결과에 따른다
p24_u89,p24,ce_s40,경쟁이 발생하는 경우 소득 수준에 따른 손리로 당편자를 선전하며 동일 손에사는 전산 수천 결과에 따른다
p24_u89,p24,ce_s80,경쟁이 발생하는 경우 소득 수준나 따른 손리로 당편배를 선정하며 동일 선에사는 전산 수천 결과에 따른다
p24_u89,p24,ce_s160,경생이 발생하는 경우 소득 수준만 따른 손리로 당판가를 선정하며 동일 선유에사는 전산 수천 결과에 따른다
p24_u89,p24,taps_s80,경쟁이 발생하는 경우 소득 수준에 따른 선로 당선자를 선정하며 동일 선이에서는 전산 수차 결과에 따른다
p24_u89,p24,taps_s160,경쟁이 발생하는 경우 소득 수준에 따른 상로 당선자를 선정하면 동일 수위에서는 전산 수천 결과에 따른다
p24_u89,p24,ce_visible,경쟁이 발생하는 경우 소득 수준에 따른 손이로 당선자를 선정하며 동일 수에사는 전산 수천 결과에 따른다
p24_u89,p24,ce_invisible,경쟁이 발생하는 경우 소득 수준에 따른 선로 당선자를 선정하면 동일 수비에서는 전산 수천 결과에 따른다
p24_u90,p24,taps,길가리에서 조금한 강아제 목도를 들어올려 공주에서 빈빙 빌런 남성과 콧대방 하던 달려다는 변황이 전해졌다
p24_u90,p24,ce,일단리에서 조금하 강아대 목도를 들어올려 공중에서 분귀 범지던 남성과 확대방하선 관려던의 근항이 전해졌다
p24_u90,p24,ce_s40,일터리에서 조금하 강아대 목도를 들어올려 공중에서 분비 변리던 남성과 확달방 하던 반려던의 근황이 전해졌다
p24_u90,p24,ce_s80,일터리에서 보금마 강아대 목도를 들어올려 동선에서 분민 변던 남성과 대방아선 관려던의 변황이 전해졌다
p24_u90,p24,ce_s160,일단리에서 보금하 강아대 목표를 들어올려 공선에서 분귀 범리던 남성과 딸방 앞선 반려던의 근항이 전해졌다
p24_u90,p24,taps_s80,길가리에서 조금한 강아제 목조를 들어올려 공주에서 빈빙 빌런 남성과 호대당 하던 반려다의 변황이 전해졌다
p24_u90,p24,taps_s160,길가리에서 조금한 강아제 목조를 들어 올려 공주에서 빈빙 란 남성과 확대당 하던 반려다의 변황이 전해졌다
p24_u90,p24,ce_visible,일단리에서 조금하 강아대 목도를 들어올려 공중에서 분귀 범지던 남성과 확대방 하선 관려던의 근황이 전해졌다
p24_u90,p24,ce_invisible,길가리에서 조금한 강아제 목도를 들어올려 공주에서 빈빙 빌런 남성과 콧대방 하던 반려다는 변황이 전해졌다
p24_u91,p24,taps,이십 일 동물권 단체 태어에 따르면 강아지 여유하은 불린 현설짜리 말시경 다름과 새 가족을 찾았다
p24_u91,p24,ce,이세일 동물권 산세 피앞에 따르면 강아지 혹단은 불린 한산짜리 말트견 다동애가 새 가격을 찾았다
p24_u91,p24,ce_s40,이십일 동물권 산세 폐앞에 따르면 강아지 욕단은 불린 한살딸리 말티수견 발애가 새 가격을 찾았다
p24_u91,p24,ce_s80,이세비 동물권 단세 폐업에 따르면 강아지 구단은 불린 한살차리 말피뜨견 발공애가 새 가격을 찾았다
p24_u91,p24,ce_s160,이세 일 동물권 단택 폐널에 따르면 강아지 욕단은 불린 한산차리 말피해견 발로애가 새 가족을 찾았다
p24_u91,p24,taps_s80,이십 일 동물권 단체 태어에 따르면 강아지 유하는 불린 현사짜리 말키시경 다름과 새 가족을 찾았다
p24_u91,p24,taps_s160,이십 일 동물권 단체태어에 따르면 강아지 여유하은 불린 현설짜리 말키시경 다름과 새 가족을 찾았다
p24_u91,p24,ce_visible,이세일 동물권 산세 앞에 따르면 강아지 혹단은 불린 한산짜리 말트견 다동애가 새 가격을 찾았다
p24_u91,p24,ce_invisible,이십 일 동물권 단체 태어에 따르면 강아지 여유하은 불린 현설짜리 말경 다름과 새 가족을 찾았다
p24_u92,p24,taps,통난는 지난 십 일 구도원 사롱이의 사연을 공개하고 전국에서 이양 신청을 받았다
p24_u92,p24,ce,회원은 지난 십 일 구도한 발롱 이의 사연을 공개하고 전국에서 이병 신청을 받았다
p24_u92,p24,ce_s40,원은 지난 십 일 구도한 단봉 이의 사연을 공개하고 전국에서 밀장 신청을 받았다
p24_u92,p24,ce_s80,회원은 지난 십 일 구도한 다로 이의 사연을 공개하고 전국에서 밀장 신청을 받았다
p24_u92,p24,ce_s160,회원은 지난 십 일 구도한 다롱 이에 사연을 공개하고 전국에서 이병 신청을 받았다
p24_u92,p24,taps_s80,통나는 지난 십 일 구도원 사롱의 사연을 공개하고 전국에서 이양 실청을 받았다
p24_u92,p24,taps_s160,홍난는 지난 십 일 구도한 사옹이 사연을 공개하고 전국에서 이양 신청을 받았다
p24_u92,p24,ce_visible,회원은 지난 십 일 구도한 발롱 이의 사연을 공개하고 전국에서 이병 신청을 받았다
p24_u92,p24,ce_invisible,통난는 지난 십 일 구도원 사롱이의 사연을 공개하고 전국에서 이양 신청을 받았다
p24_u93,p24,taps,약 구십 권을 신 천중 다로 해에 가장 작합하다도 판단한 경기도 용시에 사는 삼십 대 부부의 집배 이양을 결정했다
p24_u93,p24,ce,약 고습 권의 순청군 가로 력의 가장 답합하다 판단는 경주도 용세산은 삼십 배 부부의 지배 모양을 결정했다
p24_u93,p24,ce_s40,약 고습 권의 순 청분 가로 액의 가장 답합하다고 판단는 경주도 용세산는 삼십 대 부부의 지해 유양을 결정했다
p24_u93,p24,ce_s80,약 고습 권에 순 청부 가로 력의 가장 답합하다고 판단는 경주도 용세산을 한십배 부부의 지배 입양을 결정했다
p24_u93,p24,ce_s160,약 고습권에 순 청부 가로 력을 가장 답합하다고 판단는 경주도 용세산는 한 습배 부부의 지배 우양에 결정했다
p24_u93,p24,taps_s80,약 구십 권을 신 천중 다론 액에 가장 작합하다도 판단한 경기도 용시에 사는 삼십 대 보분의 집배 이양의 결정했다
p24_u93,p24,taps_s160,약 구십 권을 신 천중 다로 해외 가장 작합하다고 판단한 경기도 연시에 사는 삼십 대 보분의 지대 이양의 결정했다
p24_u93,p24,ce_visible,약 고습 권의 순정군 가로 력의 가장 답합하다 판단는 경주도 용세산은 삼십 배 부부의 지배 모양을 결정했다
p24_u93,p24,ce_invisible,약 구십 권을 신 천중 다로 해에 가장 작합하다도 판단한 경기도 용시에 사는 삼십 대 부부의 집배 이양을 결정했다
p24_u94,p24,taps,처원 주택에 살고 있어 름과 마은 것 뛰어낼 수 있고 기존의 케임은 다른 말지지 한 마리가 있어 다른가 외롭지 않을가라 판단했다고 한다
p24_u94,p24,ce,자원 주택을 살고 있어 과 마음 것 빼어낼 수 있고 미도의 풍는 다른 말티을 한 마리가 있어 바원가 외롭지 않을거라 판단했다고 한다
p24_u94,p24,ce_s40,자원 주택을 살고 있어 른가 마음 것 빼어낼 수 있고 미도의 풍는 다른 말티을 한 마리가 있어 바가 외롭지 않을거라 판단했다고 한다
p24_u94,p24,ce_s80,사원 주택을 살고 있어 단른과 마음 것 빼어낼 수 있고 의도의 풍는 다른 말티을 한 마리가 있어 바가 외롭지 않을거라 판단했다고 한다
p24_u94,p24,ce_s160,자원 주택을 살고 있어 단름과 마음 것 빼어낼 수 있고 의도의 풍는 다른 말티는 한 마리가 있어 바름가 외롭지 않을거라 판단했다고 한다
p24_u94,p24,taps_s80,처은 주택에 살고 있어 름가 마은 것 뛰어낼 수 있고 기존의 케임은 다른 말지지 한 마리가 있어 다름가 외롭지 않을가라 판단했다고 한다
p24_u94,p24,taps_s160,처원 주택에 살고 있어 름가 마한 것 뛰어낼 수 있고 기존의 케임은 다른 말지지 한 나리가 있어 다가 외롭지 않을가라 판단했다고 한다
p24_u94,p24,ce_visible,자원 주택을 살고 있어 과 마은 것 빼어낼 수 있고 이도의 풍는 다른 말티을 한 마리가 있어 바원가 외롭지 않을거라 판단했다고 한다
p24_u94,p24,ce_invisible,처원 주택에 살고 있어 름과 마은 것 뛰어낼 수 있고 기존의 케임은 다른 말지지 한 마리가 있어 다른가 외롭지 않을가라 판단했다고 한다
p24_u95,p24,taps,태어은 반려견을 마치 정남판처럼 다언는 동영상이 온라인을 확산하자 서울 인터뷰에 사는 남성에이시의 지난 십 일 찾아갔다
p24_u95,p24,ce,회어은 반려견을 마출 정난밤 사람 바로는 동영상이 온라인의 호강하다 서울 음평매 사는 남성 에스의 지난 십 일 차아갔다
p24_u95,p24,ce_s40,페원은 반려견의 마치 정난권 사람 바로는 동영상이 온라인의 호감하다 서울 운평에 사는 남성 에이스를 지난 십 일 차아갔다
p24_u95,p24,ce_s80,페어은 반려견의 마치 정면판 사람 바로는 동영상이 온라인의 혹강하다 서울 운평부에 사는 남성 에이실를 지난 십 일 차아갔다
p24_u95,p24,ce_s160,회원은 반려견을 마치 정말밤 사람 바로는 동영상해 온라인의 혹감하자 서울 운평부에 사는 남성 에이칠를 지난 십 일 차아갔다
p24_u95,p24,taps_s80,태어은 반려견을 마치 정남판사럼 다언는 동영상이 온라인의 확산하자 서울 인통부에 사는 남성에이시의 지난 십 일 찾아갔다
p24_u95,p24,taps_s160,태원은 반려견을 마치 정남판처럼 다언는 동영상이 온라인을 확산하자 서울 인통부에 사는 남성에이시의 지난 십 일 찾아갔다
p24_u95,p24,ce_visible,회어은 반려견을 마출 정난밤 사람 바로는 동영상이 온라인의 호강하다 서울 음평매 사는 남성 에스의 지난 십 일 차아갔다
p24_u95,p24,ce_invisible,태어은 반려견을 마치 정남판처럼 다언는 동영상이 온라인을 확산하자 서울 인통뷰에 사는 남성에이시의 지난 십 일 찾아갔다
p24_u96,p24,taps,에이씨는 쇠고촌이 확대 영상을 보여주자 포소 무으며 앞에서 강아지를 등빈 털리는 모습을 반복하기도 했다
p24_u96,p24,ce,에이스는 태 층이 훌병 영상을 보여 던 소송 옷으며 앞에서 강아지의 등핑 불리는 모습을 반복하기도 했다
p24_u96,p24,ce_s40,에이스는 태 층이 훌변 영상을 보여주던 소송 옷으며 앞에서 강아지의 등핑 불리는 모습을 반복하기도 했다
p24_u96,p24,ce_s80,에스는 태 층이 훌경 영상을 보여주다 소송 무으며 앞에서 강아지의 등핑 벌리는 모습을 반복하기도 했다
p24_u96,p24,ce_s160,에이스는 크층이 훌변 영상을 보여 소송옷으며 앞에서 강아지를 등핑 벌리는 모습을 반복하기도 했다
p24_u96,p24,taps_s80,에이씨는 큰고촌이 확대 영상을 보여주자 속거 웃으며 앞에서 강아지를 등빈 털리는 모습을 반복하기도 했다
p24_u96,p24,taps_s160,메이치는 쇠원층이 확대 영상을 보여주자 포소 웃으며 앞에서 강아지를 등핑 털리는 모습을 반복하기도 했다
p24_u96,p24,ce_visible,에이스는 태 층이 훌점 영상을 보여상 소송 옷으며 앞에서 강아지의 등핑 불리는 모습을 반복하기도 했다
p24_u96,p24,ce_invisible,에이치는 쇠고촌이 확대 영상을 보여주자 포소 무으며 앞에서 강아지를 등빈 털리는 모습을 반복하기도 했다
p24_u97,p24,taps,터양활동자들은 한시간 넘게 긴꺼레에서 에이씨가 계 소 권을 소두하도록 설택했고 결국 소피 각서를 받았다
p24_u97,p24,ce,태양활풍아들은 한수간 넘게 인터리에서 에이스가 대 송호권을 두하으로 설득했고 결국 통비 값서를 받았다
p24_u97,p24,ce_s40,태양 활동가들은 한시간 넘게 인터리에서 에이스가 대 송호권을 송상하으로 설득했고 결국 통비 가서를 받았다
p24_u97,p24,ce_s80,태양활판가들은 한시간 넘게 인터리에서 에이스가 대 송호권을 송금하으로 설득했고 결국 통비 값서를 받았다
p24_u97,p24,ce_s160,태양 활동가들은 한시간 넘게 인터리에서 에이스가 대 송로권을 송두하으로 설득했고 결국 통비 갔서를 받았다
p24_u97,p24,taps_s80,커양활통자들은 한 시간 넘게 긴가리에서 에이씨가 계 소 건을 소소하도록 설택했고 결국 소비 각서를 받았다
p24_u97,p24,taps_s160,크야 활동자들은 한 시간 넘게 긴가리에사 에이씨가 계 서 권을 소소하도록 설택했고 결국 터피 각서를 받았다
p24_u97,p24,ce_visible,태양 활풍아들은 한수간 넘게 인터리에서 에이스가 대 송호권을 송두하으로 설득했고 결국 통비 값서를 받았다
p24_u97,p24,ce_invisible,프야활동자들은 한시간 넘게 긴꺼레에사 에이씨가  소 권을 소두하도록 설택했고 결국 소피 각서를 받았다
p24_u98,p24,taps,한편 태원은 에이즈를 동물보호법 일반현구경찰에 신고했고 서울 음편경찰서는 한후레 인정해 에이시를 지난 십 사 일 검찰에 송치했다
p24_u98,p24,ce,한편 회원은 에이스로 동물보합법 일반현국 경찰에 신고했고 서울 은편경찰서는 한고레 인정해 에이스를 지난 십 사 일 검찰에 성수했다
p24_u98,p24,ce_s40,한편 송원은 에이스로 동물보호법 일반현국경찰에 신고했고 서울 은평경찰서는 한고레 인정해 에이스를 지난 십 사 일 검찰에 성수했다
p24_u98,p24,ce_s80,한편 송원은 에이스를 동물보호법 일반현구경찰에 선고했고 서울 은편경찰서는 한일레 인정해 에이스를 지난 십 사 일 검찰에 성수했다
p24_u98,p24,ce_s160,한편 원은 메이스를 동물보호법 일반현국 경찰에 신고했고 서울 은평경찰서는 한루레 인정의 에이스를 지난 십 사 일 검찰에 선수했다
p24_u98,p24,taps_s80,한편 태원은 에이즈를 동물보호법 일반현구경찰에 신고했고 서울 음편경찰서는 한후레 인정해 에일시를 지난 십 사 일 검찰에 송치했다
p24_u98,p24,taps_s160,한편 최원은 에이즈의 동물보호법 일반현국경찰에 신고했고 서울 응형경찰서는 한의레 인정해 에이시를 지난 십 사 일 검찰에 송치했다
p24_u98,p24,ce_visible,한편 송원은 에이스로 동물보합법 일반현로 경찰에 신고했고 서울 은평경찰서는 한고레 인정의 에이스를 지난 십 사 일 검찰에 성수했다
p24_u98,p24,ce_invisible,한편 태원은 에이즈를 동물보호법 일반현구경찰에 신고했고 서울 음편경찰서는 한후레 인정해 에이시를 지난 십 사 일 검찰에 송치했다
p24_u99,p24,taps,미국의 한 사십 대 남성이 독건 삼매 정원의 시스로 백 만 달러에 당선다는 행원을 인계됐다
p24_u99,p24,ce,미국의 한 사십 대 남성은 보건 선매전원에 시스로 백 만 달러에 방송되는 해은에 넘겨됐다
p24_u99,p24,ce_s40,미국의 한 사십 대 남성은 보건 선매전원에 시스로 백 만 달러에 방송되는 행은에 반겨됐다
p24_u99,p24,ce_s80,미국의 한 사십 대 남성은 보건 선매전원에 스스로 백 만 달러에 방송되는 해원에 반겨됐다
p24_u99,p24,ce_s160,미국의 한 사십 대 남성은 보건 선물병원에 셀수로 백 만 달라에이 방송되는 횡은에 넘겨됐다
p24_u99,p24,taps_s80,미국의 한 사십 대 남성이 보건 삼매 정원의 시스로 백 만 달러에 당선다는 행원을 인계됐다
p24_u99,p24,taps_s160,미국의 한 사십 대 남성이 보건 삼매 정원의 시스로 백 만 달러에 당선다는 행원을 인계됐다
p24_u99,p24,ce_visible,미국의 한 사십 대 남성은 보건 선매전원에 시스로 백 만 달러에 방송되는 해은에 넘겨됐다
p24_u99,p24,ce_invisible,미국의 한 사십 대 남성이 독건 삼매 정원의 시스로 백 만 달러에 당선다는 행원을 인계됐다
p26_u00,p26,taps,문라인에서 주식 투자 보소 행세를 하던 삼십 대 여성이 백 육십 억원을 가르해 혐의를 실명을 받았다
p26_u00,p26,ce,온라인에서 두세프자 고승 행세를 하던 삼십 대 여성이 백 명십 억원을 가르해 혐의을 세명을 받았다
p26_u00,p26,ce_s40,온라인에서 두세프자 고스 행세를 하던 삼십 대 여성이 백 육십 억원을 가르해 혐의로 세명을 받았다
p26_u00,p26,ce_s80,온라인에서 두세프자 고스 현세를 하던 삼십 대 여성이 백 육십 억원을 가르해 혐의로 세명을 받았다
p26_u00,p26,ce_s160,온라인에서 두세프자 고승 행세를 하던 삼십 대 여성이 백 육십 억원을 가르해 혐의을 세명을 받았다
p26_u00,p26,taps_s80,문라인에서 주식크자 고소 행세를 하던 삼십 대 여성이 백 육십 억원을 가르해 혐의를 실명을 받았다
p26_u00,p26,taps_s160,문라인에서 주식투자 보소 행세를 하던 삼십 대 여성이 백 육십 억원을 가르해 혐의를 실형을 받았다
p26_u00,p26,ce_visible,온라인에서 두세프자 고승 행세를 하던 삼십 대 여성이 백 명십 억원을 가르해 혐의을 세명을 받았다
p26_u00,p26,ce_invisible,문라인에서 주식 투자 보소 행세를 하던 삼십 대 여성이 백 익십 억원을 가르해 혐의를 실형을 받았다
p26_u01,p26,taps,십 일 일 법주대 등에 따르면 대기 지법은 이날 특정경제범죄 가진 처벌에 관한 법률 일반 등의 혐의로 기소된 에이키에의 징역 팔 년을 선고했다
p26_u01,p26,ce,십 이 일 법조계 등에 따르면 배우 지법은 이날 특정경제 범죄 가장 수벌에 관한 법률 위반 등의 혐의로 기소된 메이스의 의 징역 팔 년을 선고했다
p26_u01,p26,ce_s40,십 이 일 법조계 등에 따르면 배우 지법은 이날 특정경제범죄 가장 수벌에 관한 법률 위반 등의 혐의로 기소된 메스의 의 종역 팔년을 선고했다
p26_u01,p26,ce_s80,십 일 일 법조계 등에 따르면 배우 지법은 이날 특정경제 범죄 가중 수벌에 관한 법률 위반 등의 혐의로 기소된 메이스의 의 종역 팔년을 선고했다
p26_u01,p26,ce_s160,십 일 일 법조계 등에 따르면 배우지법은 이날 특정경제 범죄 가진 수벌에 관한 법률 위반 등의 혐의로 기소된 메이스의의 징역 팔 년을 선고했다
p26_u01,p26,taps_s80,십 일 일 법주대 등에 따르면 대이 지법은 이날 특정경제범죄 가장 처벌에 관한 법률 일반 등의 혐의로 기소된 에이기에의 징역 팔 년을 선고했다
p26_u01,p26,taps_s160,십 일 일 법조계 등에 따르면 대이 지법은 이날 특정경제범죄 가진 처벌에 관한 법률 일반 등의 혐의로 기소된 에이에베 징역 팔 년을 선고했다
p26_u01,p26,ce_visible,십 이 일 법조계 등에 따르면 배우 지법은 이날 특정경제 범죄 가장 수벌에 관한 법률 위반 등의 혐의로 기소된 에이스의 의 징역 팔 년을 선고했다
p26_u01,p26,ce_invisible,십 일 일 법주대 등에 따르면 대기 지법은 이날 특정경제범죄 가진 처벌에 관한 법률 일반 등의 혐의로 기소된 에이키에의 징역 팔 년을 선고했다
p26_u02,p26,taps,지난 이천 십 이 년 삼 월부터 에이씨는 자신의 스넷스 수백 만원에서 수천 만원에 달하는 순익가 얻은 사진을 호의로 올렸다
p26_u02,p26,ce,지난 이천 십 일 년 삼 월부터 에이신는 자신의 새 넷때 수백만원에서 수천 만원에 달하는 수익을 얻은 사진을 호위로 렸다
p26_u02,p26,ce_s40,지난 이천 십 일 년 삼 월부터 에이티는 자신 생 넷써 수백만원에서 수천 만원에 달하는 수익 얻은 사진을 호의로 옮렸다
p26_u02,p26,ce_s80,지난 이천 십 일 년 삼 월부터 에이티는 자신 생 때 수백만에서 수천 만원에 달하는 수익자 얻은 사진을 호위로 렸다
p26_u02,p26,ce_s160,지난 이천 십 일 년 삼 월부터 에이티는 자신  넷때 수백만에서 수천 만원에 달하는 수익가 얻은 사진을 호의로 옮렸다
p26_u02,p26,taps_s80,지난 이천 십 이 년 삼 월부터 에이씨는 자신의 스넷스 수백만원에서 수천 만원에 달하는 순익게 얻은 사진을 호의로 올렸다
p26_u02,p26,taps_s160,지난 이천 십 이 년 삼 월부터 에이씨는 자신 스 넷스 수백만원에서 수천 만원에 달하는 순익가 얻은 사진을 호의로 올렸다
p26_u02,p26,ce_visible,지난 이천 십 일 년 삼 월부터 에이신는 자신의 새 넷때 수백만원에서 수천 만원에 달하는 수익을 얻은 사진을 호이로 렸다
p26_u02,p26,ce_invisible,지난 이천 십 이 년 삼 월부터 에이씨는 자신의 스넷스 수백 만원에서 수천 만원에 달하는 순익가 얻은 사진을 호의로 올렸다
p26_u03,p26,taps,또 고역 외제차 명품등에 사진을 걸리며 호화생활에 하는 이미지를 사 투자자사이에서 신해칸던이라고 불리기도 했다
p26_u03,p26,ce,또 고급 외대타 명폰 등에 사진을 올리며 호괄생활해 하는 용이지에사 투다자 사이에서 승활파단이라고 불리기도 했다
p26_u03,p26,ce_s40,또 고급 외대타 명품 등에 사진을 올리며 호괄생활해 하는 응이지에사 투자 사이에서 승활 판단이라고 불리기도 했다
p26_u03,p26,ce_s80,또 고급 외대차 명품 등에 사진을 올리며 호괄생활해 하는 용이지에따 투자 사이에서 승활판단이라고 불리기도 했다
p26_u03,p26,ce_s160,또 고급 외세차 명폰 등에 사진을 올리며 호괄생활해 하는 용이 지에사 투자 사이에서 승활파점이라고 불리기도 했다
p26_u03,p26,taps_s80,또 고역 외제차 명품등에 사진을 올리며 호화생활에 하는 이미지를 사 투자자사이에서 신회 타던이라고 불리기도 했다
p26_u03,p26,taps_s160,또 고역 외제차 명품등에 사진을 올리며 호화생활에 하는 이미지를 사 투자자 사이에서 신해 칸던이라고 불리기도 했다
p26_u03,p26,ce_visible,또 고급 외대타 명폰 등에 사진을 올리며 호괄생활해 하는 용이지에사 투다자 사이에서 승활 판단이라고 불리기도 했다
p26_u03,p26,ce_invisible,또 고역 외제차 명품증에 사진을 걸리며 호화생활에 하는 이미지를 사 투자자사이에서 신해칸던이라고 불리기도 했다
p26_u04,p26,taps,페이씨는 주시표자 명목으로 투자자 사십 삼 명회 모하 백 역십 일 억원을 가르채고 투자 감연 병목으로 백 오십 삼 년으로부터 오억기야 원을 받은 혐의로 재판에 넘겨졌다
p26_u04,p26,ce,페이스는 조시프자 명목으로 투데당 사십 삼 명을 모하백 역시 일 억원을 가르채고 푸자 강연 명목으로 백 오구십 사 명으로부터 오하이가 원을 받은 혐의로 재판에 넘겨졌다
p26_u04,p26,ce_s40,페이스는 두시프자 명모으로 투자당 사십 삼 명을 모하 백 역십 일 억원을 가르채고 투자 강연 명목으로 백 구십 삼 명으로부터 오 억이여 원을 받은 혐의로 재판에 넘겨졌다
p26_u04,p26,ce_s80,페이스는 조시프자 명목으로 투자당 사십 삼 명을 모하 백 역십 일 억원을 가르채고 투자 강연 명목으로 백 구십 삼 성으로부터 오하이여 원을 받은 혐의로 재판에 넘겨졌다
p26_u04,p26,ce_s160,페이스는 조시프자 명목으로 투자당 사십 삼 명을 모하 백 역십 일 억원을 가르채고 투당 강연 명목으로 백 오십 삼 명으로부터 오하기가 원을 받은 혐의로 재판에 넘겨졌다
p26_u04,p26,taps_s80,페이씨는 주식프자 명모으로 투자자 사십 삼 명회 모하 백 역십 일 억원을 가르채고 투자 감연 명목으로 백 오십 삼 명으로부터 오억기야 원을 받은 혐의로 재판에 넘겨졌다
p26_u04,p26,taps_s160,페이씨는 주시표자 명목으로 투자자 사십 삼 명회 모하 백 역십 일 억원을 가르채고 투자 감한 명목으로 백 오십 삼 명으로부터 오 억이자 원을 받은 혐의로 재판에 넘겨졌다
p26_u04,p26,ce_visible,페이스는 조시프자 명목으로 투자당 사십 삼 명을 모하백 역시 일 억원을 가르채고 푸사 강연 명목으로 백 오구십 사 명으로부터 오하기가 원을 받은 혐의로 재판에 넘겨졌다
p26_u04,p26,ce_invisible,페이씨는 주시표회자 명목으로 투자자 사십 삼 명회 모하 백 역십 일 억원을 가르채고 투자 감연 병목으로 백 오십 삼 년으로부터 오억기야 원을 받은 혐의로 재판에 넘겨졌다
p26_u05,p26,taps,재판부는 피고인은 전식부자 등의 일치하는 것처럼 투자 수입과 장고직년 등의 조작한 허위자리될 만들어 피해자들를 쏘겠다며 징역 팔 년을 선고했다
p26_u05,p26,ce,재판부는 피고인는 조기프자 능력이 세우한가처럼 투자 수입과 장고생명 등을 조작한 혹일자리를 만들어 피해자들를 쏘겠다며 징역 팔 년을 선고했다
p26_u05,p26,ce_s40,재판부는 피고인는 주세프자 능력이 쌓우는것처럼 투자수입과 장고생명 등을 조작한 일자리를 만들어 피해자들를 쏘겠다며 징역 팔 년을 선고했다
p26_u05,p26,ce_s80,재판부는 피고의는 술기부자 능력이 세우한가처럼 투자 수입과 장고 생명 등을 조작한 홀일데리를 만들어 피해자들를 쏘겠다며 징역 팔 년을 선고했다
p26_u05,p26,ce_s160,재판부는 피고리는 술기부자 능력이 쌓우한 가처럼 투자 수입과 장고 쟁명 등을 조작한 홍일데리을 만들어 피해자들를 쏘겠다며 징역 팔 년을 선고했다
p26_u05,p26,taps_s80,재판부은 피그인은 주식부자 등의 일지않는 것처럼 투자 수입과 장고진년 등의 조작한 허위자리 될 만들어 피해자들를 쏘겠다며 징역 팔 년을 선고했다
p26_u05,p26,taps_s160,재판부는 피고인은 주식부자 등의 일지하는 것처럼 투자 수입과 장고진년 등의 조작한 허위자리될 만들어 피해자들를 쏘겠다며 징역 팔 년을 선고했다
p26_u05,p26,ce_visible,재판부는 피고인는 술기프자 능력이 세우한가처럼 투자 수입과 장고 생명 등을 조작한 혹일자리를 만들어 피해자들를 쏘겠다며 징역 팔 년을 선고했다
p26_u05,p26,ce_invisible,재판부은 피고인은 전식부자 등의 일치하는 것처럼 투자 수입과 장고직년 등의 조작한 허위자리될 만들어 피해자들를 쏘겠다며 징역 팔 년을 선고했다
p26_u06,p26,taps,양용에 대해서는 다수의 피해자들를 엄받를 타언하는 점 범행을 부인하고 잘못에 대 진제한 반성의 태도를 보이지 않는 점 등에 종합했다고 설명했다
p26_u06,p26,ce,양홍에 대해서는 다수의 필자들이 엄발를 타언하는 점 범행을 부인하고 잘못에 대 진점 반성의 태도를 보이지 않는 점 등을 종합했다고 설명했다
p26_u06,p26,ce_s40,양홍에 대해서는 다수의 필자들이 엄발를 타언하는 점 범행을 부인하고 잘못에 대 진규 반상의 태도를 보이지 않는 점 등을 종합했다고 설명했다
p26_u06,p26,ce_s80,양호에 대해서는 다수의 필자들이 엄받를 타호하는 점 범행을 부인하고 잘못에 대 진간 반성의 태도를 보이지 않는 점 등을 종합했다고 설명했다
p26_u06,p26,ce_s160,양홍에 대해서는 다수 피자들이 엄받를 타단하는 점 범행을 부인하고 잘못에 대 진견 반상의 태도를 보이지 않 점 등을 종합했다고 설명했다
p26_u06,p26,taps_s80,양홍에 대해서는 다수 피해자들를 엄받를 타호하는 점 범행을 부인하고 잘못에 대 진제한 반성의 태도를 보이지 않는 점 등의 종합했다고 설명했다
p26_u06,p26,taps_s160,양용에 대해서는 다수 피해자들이 엄버를 타호하는 점 범행을 부인하고 잘못에 대 진제한 반성해 태도를 보이지 않는 점 등의 종합했다고 설명했다
p26_u06,p26,ce_visible,양홍에 대해서는 다수의 필자들이 엄받를 타언하는 점 범행을 부인하고 잘못에 대 진점 반사의 태도를 보이지 않는 점 등을 종합했다고 설명했다
p26_u06,p26,ce_invisible,양용에 대해서는 다수의 피해자들를 엄받를 타호하는 점 범행을 부인하고 잘못에 대 진제한 반성의 태도를 보이지 않는 점 등에 종합했다고 설명했다
p26_u07,p26,taps,또 형사 배상네 인양의 신상한 피해자 여덟 명 요구를 받아들여 에이스에게 최소 천 만원에서 세대 일 억 원까지 배상할 것을 명령했다
p26_u07,p26,ce,또 현사 배상명량을 생상한 피해자 여덟 명의 요구를 받아들여 일 세의 최소 천만원에서 최대 일 억 원까지 배상할 것을 명령했다
p26_u07,p26,ce_s40,또 현사 배상명령을 신상한 피해자 여덟 명의 요구를 받아들려 페스을 최소 천 만원에서 최대 일 억 원까지 배상할 것을 명령했다
p26_u07,p26,ce_s80,또 현사 배 상 명명을 생상한 피해자 여덟 명의 요구를 받아들며 페이스의 최소 천만원에서 최대 일 억 원까지 배상할 것을 명령했다
p26_u07,p26,ce_s160,또 현사 배 상 명령을 생상한 피해자 여덟 명 의구를 받아들여 페세의 최소 천만원에서 최대 일 억원까지 배상할 것을 명령했다
p26_u07,p26,taps_s80,또 형사 배상네 향의 신상한 피해자 여덟 명 요구를 받아들여 에이스에게 최소 천 만원에서 세대 일 억원까지 배상할 것을 명령했다
p26_u07,p26,taps_s160,또 형사 배상네 향의 신상한 피해자 여덟 명 요구를 받아들여 에이스에게 최소 천 만원에서 세대 일 억원까지 배상할 것을 명령했다
p26_u07,p26,ce_visible,또 현사 배상명량을 생상한 피해자 여덟 명의 요구를 받아들여 일 세의 최소 천만원에서 최대 일 억 원까지 배상할 것을 명령했다
p26_u07,p26,ce_invisible,또 형사 배상네 인양의 신상한 피해자 여덟 명 요구를 받아들여 에이스에게 최소 천 만원에서 세대 일 억 원까지 배상할 것을 명령했다
p26_u08,p26,taps,총익사회 공헌재단이 전북 장수된 지행인들을 대상으로 의료행사를 실시했다고 이십 구 일 밝혔다
p26_u08,p26,ce,홍역사회공원대단이 전폭상을 측은 비역위원들을 대상으로 의료원 회살을 실치했다고 이십 구 일 밝혔다
p26_u08,p26,ce_s40,홍역사회공원대단이 전폭장을 측은 지역년들을 대상으로 의료원 행살을 실시했다고 이십 구 일 밝혔다
p26_u08,p26,ce_s80,홍역사위공원대단이 전폭 상원 측은 지역 년들을 대상으로 의료원 회살을 실시했다고 이십 구 일 밝혔다
p26_u08,p26,ce_s160,폭력사회공원재단이 전북 상수은 비역위원들을 대상으로 의료 회사을 실시했다고 이십 구 일 밝혔다
p26_u08,p26,taps_s80,총익사회 공헌재단이 전북 장수된 지행인들을 대상으로 의료봉사를 실시했다고 이십 구 일 밝혔다
p26_u08,p26,taps_s160,총익차회공헌재단이 전북 장수된 지행인들을 대상으로 의료행사를 실시했다고 이십 구 일 밝혔다
p26_u08,p26,ce_visible,홍역사회공원대단이 전폭상을 수은 지역년들을 대상으로 의료원 회살을 실치했다고 이십 구 일 밝혔다
p26_u08,p26,ce_invisible,승익사회 공헌재단이 전북 장수된 지행인들을 대상으로 의료행사를 실시했다고 이십 구 일 밝혔다
p26_u09,p26,taps,지난 이십 오 일부터 이날까지 지행된 이번 의료동사는 무동화 신력이 주관하고 신력 중앙회와 립사회공헌재단이 후원 병에대 의료공사단 폭식대가 협력하는 사업이다
p26_u09,p26,ce,지난 이십 오 일부터 이날까지 분행된 이번 으료 공사는 무금와 선력이 주관하고 순력중화회와 신력사회국헌재단에 후원 범행대 의료복라단 폭력원 현력하는 사업이다
p26_u09,p26,ce_s40,지난 이십 오 일부터 이날까지 분행된 이번 의료공사는 무금와 선력이 주관하고 순력중화회와 신력사회 공헌재단에 후원 병원대 의료봉사장 폭력을 현복하는 사업이다
p26_u09,p26,ce_s80,지난 이십 오 일부터 이날까지 비행된 이번 의료공사는 무금와 선력이 주관하고 신력중화회와 신력 사회 국문재단에 후원 병행대 의료복가장 폭력들라 현력하는 사업이다
p26_u09,p26,ce_s160,지난 이십 오 일부터 이날까지 진행된 이번 의료공사는 무금와 신력이 주관하고 수력중화회와 신력사회 국헌재단에 후원 정혜대 의료복가장 폭력별라 현력하는 사업이다
p26_u09,p26,taps_s80,지난 이십 오 일부터 이날까지 진행된 이번 의료동사는 무동화 신력이 주관하고 신력 중앙회와 력사회공헌재단이 후원 병해대 의료공사단 폭력대가 협력하는 사업이다
p26_u09,p26,taps_s160,지난 이십 오 일부터 이날까지 진행된 이번 의료동사는 무금화 신력이 주관하고 신력 중앙회와 립사회공헌재단이 후원 병예대 의료공사단 폭력대가 협력하는 사업이다
p26_u09,p26,ce_visible,지난 이십 오 일부터 이날까지 분행된 이번 으료 공사는 무금와 선력이 주관하고 순력중화회와 신력사회국헌재단에 후원 병혜대 의료복받단 폭력간 현력하는 사업이다
p26_u09,p26,ce_invisible,지난 이십 오 일부터 이날까지 지행된 이번 의료동사는 무동화 신력이 주관하고 신력 중앙회와 립사회공헌재단이 후원 병에대 의료공사단 폭식대가 협력하는 사업이다
p26_u10,p26,taps,무군화신의 민지관과 정와대 의료범을 사장은 총 칠시 여 명의 분사자가 참여해 장수은 지는 약 천 명을 대상으로 무려 진료를 제공했다
p26_u10,p26,ce,무군할 생력 이지원과 정와대 의료봉사단원 총출십 여명의 보사자가 상여해 당수은 비명 능 약 천 명매 배상으로 무려 분리를 배용했다
p26_u10,p26,ce_s40,무군할 생력 이지원과 정와대 의료봉 사단원 총 칠십 여명의 보사자가 상여해 당수은 비역 등 약 천 명을 배상으로 무려 분류를 제공했다
p26_u10,p26,ce_s80,무군한 생력이온지관과 경와대 의료봉 사단원 총필십 여명이 보사자가 상여해 당수은 비역 능 약 천 명을 배상으로 무려 리를 제공했다
p26_u10,p26,ce_s160,문군한 생며리지원과 경해대 의료회 사자원 총필십 변명의 보사자가 상여해 당수은 비역 능 약 천 명을 배상으로 무을 분리를 배용했다
p26_u10,p26,taps_s80,무구화신의 민주관과 더와대 의료범을 사당은 총 칠시 설명의 분사자가 참여해 장수한 지는 약 천 명을 대상으로 무려 진료를 제공했다
p26_u10,p26,taps_s160,무군와신의 민주관과 더와대 의료범에 사아은 총 출시 여명의 분사자가 참여해 장수은 지는 약 천 명을 대상으로 물려 진료를 제공했다
p26_u10,p26,ce_visible,무군할 생력 이지원과 정와대 의료봉사단원 총출십 여명의 보사자가 상여해 당수은 비명 능 약 천 명매 배상으로 무려 분리를 배용했다
p26_u10,p26,ce_invisible,무군화신의 민지관과 정와대 의료범을 사장은 총 칠시 여 명의 분사자가 참여해 장수은 지는 약 천 명을 대상으로 무려 진료를 제공했다
p26_u11,p26,taps,외과 총객과 보안 가록과 중개까지 총 여덟 개파트에서 침포한 등 칠 일 여행치료 스일 및 불매짜 지료 페이핀 요법 등 마트 명이 진거와 처방을 진행했다
p26_u11,p26,ce,외과 존과 보안 단업과 중외과 등 총 여덟 패파트에서 체 보하온 등 체료 내용 치료 스글및 불매스프롯 펼이프  등 마트면천료와 처방을 진행했다
p26_u11,p26,ce_s40,외과 총객과 보안을 단업과 중국과 등 총 여덟 파트에서 쇤보하온 등 칠육 네용 치료 스누및 불매형스 크롯 펼이프  등 마트 는천료와 처방을 진행했다
p26_u11,p26,ce_s80,외과 총객과 보안을 단업과 중외과 등 흉 여덟 파트에서 쇤보하온 등 칠육 내용 치료 시누및 불매형들를크롯 펼이프  등 마추는진료와 처방을 진행했다
p26_u11,p26,ce_s160,외과 총객과 보안을 단업과 중에과 등 소 여덟 개파트에서 틴 보하온 등 칠육 내용치료 스누및 불매형스크료 펼이프 법 등 맞추 는진료와 처방을 진행했다
p26_u11,p26,taps_s80,외과 총객과 보안 가록과 중행까지 총 여덟 개파트에서 침포함 등 칠 일 여행치료 시일 및 불매죄 지료 페이핀  등 마춤 명이 진짜와 처방을 진행했다
p26_u11,p26,taps_s160,외과 팀객과 보안 가록과 중액까지 총 여덟 개파트에서 침포함 등 칠 일 여행치료 스을 및 불매죄 지료 페이핑 요법 등 마춤 명이 진짜와 처방을 진행했다
p26_u11,p26,ce_visible,외과 존과 보안 단업과 중에과 등 총 여덟 패파트에서 체 보하온 등 체료 내용 치료 스글및 불매스프롯 펼프  등 마트면천리와 처방을 진행했다
p26_u11,p26,ce_invisible,외과 총객과 보안 가록과 중개까지 총 여덟 개파트에서 침포한 등 칠 일 여행치료 스일 및 불매짜 지료 페이핀 요법 등 마트 명이 진짜와 처방을 진행했다
p26_u12,p26,taps,착력사회 공원재단은 이천 십 이 년부터 이행간 도서상관 등 의료 접등성에 낮은 시약지역내 주민을 대상으로 사계와 동개 연 이세 한방 의료공사사업을 실시하고 있다
p26_u12,p26,ce,합력사회 공원데단는 이천 새 배년부터 유원간 도서성관는 등 의를 접은 사이 낮은 취역영내 주밀의대상으로 사교와 공개 연 이세 한당 의료봉사 사업을 실세하고 있다
p26_u12,p26,ce_s40,신력사회 공원데단는 이천 새 배년부터 이유원간 도서성관 등 의를 접은 편이 낮은 취업영내 주밀의대상으로 사교와 공개 연 일세 한 당 의료봉사 사업을 실시하고 있다
p26_u12,p26,ce_s80,학력사회 공원데다는 이천 새 배년부터 이유원간 도서상관는 등 의를 접은 선이 낮은 체업영내 주미의 대상으로 사교와 분개 연 이세 삼 당 그료봉사 사업을 실시하고 있다
p26_u12,p26,ce_s160,학력사회공원데단는 이천 새 배년부터 이유양간 도서상관 등 의를 접근 딸이 낮은 취업영내 국미의 대상으로 사교와 분개 연 이셀 삼성그료봉사 사업을 실생하고 있다
p26_u12,p26,taps_s80,신역사회 공원재단은 이천 십 이 년부터 이인관 조서상관 등 의를 접분성에 낮은 시약지역내 주민을 대상으로 사계와 동개 연 이세 한방 의료공사사업을 실시하고 있다
p26_u12,p26,taps_s160,신력사회 공원재단은 이천 십 이 년부터 이행관 조서상관 등 의료 접분성에 낮은 시약지역내 주민을 대상으로 사계와 동개 연 이세 한방 의료공사사업을 실시하고 있다
p26_u12,p26,ce_visible,합력사회 공원데단는 이천 새 배년부터 유원간 도서상관는 등 의를 접은 사이 낮은 취역영내 주밀의대상으로 사교와 공개 연 이세 한당 의료봉사 사업을 실세하고 있다
p26_u12,p26,ce_invisible,착력사회 공원재단은 이천 십 이 년부터 이행간 도서상관 등 의료 접등성에 낮은 시약지역내 주민을 대상으로 사계와 동개 연 이세 한방 의료공사사업을 실시하고 있다
p26_u13,p26,taps,현재까지 전국 시이의 기역내 이를 취약했때 일 만 폰 백 칠십 삼 명에게 다양한 무려한방진리를 제공했다
p26_u13,p26,ce,현재까지 중국 십익을 기역금해 의려추역대중 일 만 폰 백 칠십 삼 명에에 다양한 무려한방진류를 제공했다
p26_u13,p26,ce_s40,현재까지 정국 십 익을 기역해 의려추역대는 일 만 폰 백 칠십 삼 명에게 다양한 무려 한방진류를 제공했다
p26_u13,p26,ce_s80,현재까지 중국 십 익을 기역해 의려 추약대중 일 만 폰 백 칠십 삼 명에게 다양한 무려 한방진류를 배공했다
p26_u13,p26,ce_s160,현재까지 중국 십 입그기 역해 의료지역대중 일 만 천 백 칠십 삼 명에게 다양한 무려한방 진류를 배공했다
p26_u13,p26,taps_s80,현재까지 전국 시이의 기역내 이르 취약대책 일 만 폰 백 칠십 삼 명에게 다양한 무려한방진리를 대공했다
p26_u13,p26,taps_s160,현재까지 전국 시이의 기역내 이를 취약대책 일 만 폰 백 칠십 삼 명에게 다양한 무려한방진리를 제공했다
p26_u13,p26,ce_visible,현재까지 중국 십익을 기역금해 의려추역개는 일 만 폰 백 칠십 삼 명에에 다양한 무려한방진류를 제공했다
p26_u13,p26,ce_invisible,현재까지 전국 시이의 기역내 이를 취약했때 일 만 폰 백 칠십 삼 명에게 다양한 무려한방진리를 제공했다
p26_u14,p26,taps,경위대 이르본사장과 신입인직원으로 구성된 총 육백 칠 명의 다 봉사자가 참여했다
p26_u14,p26,ce,경예대 의료봉사장과 생년 직원으로 구성된 총 육백 칠 명의 자원봉사자가 참여했다
p26_u14,p26,ce_s40,경위대 의료봉사장과 신력비 사원으로 구성된 총 육백 칠 년의 자원 봉사다가 참여했다
p26_u14,p26,ce_s80,경위대 의료봉사장과 신년 직원으로 구성된 총 육백 칠 명의 다원 봉사자가 참여했다
p26_u14,p26,ce_s160,경희대 의료봉사장과 신력 직원으로 구성된 총 육백 칠 명의 자원 봉사자가 참여했다
p26_u14,p26,taps_s80,경위대 이료본사장과 신입 인직원으로 구성된 총 육백 칠 명의 다 봉사자가 참여했다
p26_u14,p26,taps_s160,광위대 이르본사장과 신역 인직원으로 구성된 총 육백 칠 명의 다 봉사자가 참여했다
p26_u14,p26,ce_visible,경예대 의료봉사장과 생년 직원으로 구성된 총 육백 칠 명의 자원봉사자가 참여했다
p26_u14,p26,ce_invisible,경위대 이르본사장과 신입인직원으로 구성된 총 육백 칠 명의 다 봉사자가 참여했다
p26_u15,p26,taps,베이징 동개 림씩 괴막을 하루 앞둔 가운데 베이지인 치거 사진자가 달째 한 가리스를 기으했다
p26_u15,p26,ce,백이신 붕개을링 백 배막을 하루 앞둔 가운데 백이씨는 추가 확진자가 나 때 한 달 름스를 기록했다
p26_u15,p26,ce_s40,백이신 동개을링 백 배막을 하루 앞둔 가운데 백니씨는 추가 확진자가 나 때 한 달 름스를 기록했다
p26_u15,p26,ce_s80,백이신 붕개을링 백 백아을 하루 앞둔 가운데 백니씨는 추가 확진자가 나 때 한 달협스를 기록했다
p26_u15,p26,ce_s160,백이신 동개을림 색 대막을 하루 앞둔 가운데 백니씨는 추가 확진자가 나째 한 달 협스를 기록했다
p26_u15,p26,taps_s80,베이징 분개 림백 해막을 하루 앞둔 가운데 베이지인 최거 사진자가 달째 한 자리스를 기으했다
p26_u15,p26,taps_s160,베이징 동개 림백 개막을 하루 앞둔 가운데 베이지인 최거 사진자가 달째 한 가리스를 기으했다
p26_u15,p26,ce_visible,백이신 붕개을링 백 막을 하루 앞둔 가운데 백이씨는 추가 확진자가 나 때 한 달 름스를 기록했다
p26_u15,p26,ce_invisible,베이징 동개 림씩 괴막을 하루 앞둔 가운데 베이지인 치거 사진자가 달째 한 가리스를 기으했다
p26_u16,p26,taps,삼 일 중국 국가이사 건강위원회에 따르면 전날 하루 베이지에사는 추가혹진자 두 명이 발생했다
p26_u16,p26,ce,삼 일 중국 국가이생관광위원회에 따르면 전날 하루 베이징에사는 추가 학진자 두 명이 발생했다
p26_u16,p26,ce_s40,삼일 중국 국가 이생관광위원회에 따르면 전날 하로 베이징에사는 최가학진자 두명이 발생했다
p26_u16,p26,ce_s80,삼 일 중국 국가이생관광위원회에 따르면 전날 하루 베이징에사는 추가학진자 분명이 발생했다
p26_u16,p26,ce_s160,삼일 중국 국가이생관광위원회에 따르면 전날 하루 발이징에사는 추가학진자 두 명이 발생했다
p26_u16,p26,taps_s80,삼 일 중국 국가이사 건강위원회에 따르면 전날 하루 베이지에사는 추가 국진자 두 명이 발생했다
p26_u16,p26,taps_s160,삼일 중국 국가이사의 건강위원회에 따르면 전날 하루 베이지에사는 추가 확진자 두 명이 발생했다
p26_u16,p26,ce_visible,삼 일 중국 국가이생관광위원회에 따르면 전날 하루 베이징에사는 추가학진자 두 명이 발생했다
p26_u16,p26,ce_invisible,삼 일 중국 국가이사 건강위원회에 따르면 전날 하루 베이지에사는 추가혹진자 두 명이 발생했다
p26_u17,p26,taps,베이징에서는 지난달 삼십 일 확진자 채명이 발생한 이래 삼십 일 일 투 명 이 월 일 투 명 이일 두 명 등 할때 추가 확진자수가 크게늘지 않고 있다
p26_u17,p26,ce,베이징에서는 지난달 삼십 일 확진자 새으이 발생한 이래 삼십 일 일 두명 이 월 일일 명 이일 두명 등 을대 추가 확진다수가 크게 늘지 않고 있다
p26_u17,p26,ce_s40,베이징에서는 지난달 삼십 일 확진자 새후이 발생한 이래 삼십 일 일 규명 이 월일일 명 이일 두명 등 나셀질 추가 섞진다수가 크게 늘지 않고 있다
p26_u17,p26,ce_s80,베이팅에서는 지난달 삼십 일 확진자 새너이 발생할 이래 삼십 일 일 수명 이 월일일 명 이일 분명 등 야할대 추가 확진다수가 크게 늘지 않고 있다
p26_u17,p26,ce_s160,베이징에서는 지난달 삼십 일 확진자 새으이 발생하는데 삼십 일 일 명 이 월 일 일 수명 이일 분명 등 야 해대 추가 확진다수가 크게 늘지 않고 있다
p26_u17,p26,taps_s80,베이징에서는 지난달 삼십 일 확진자 생명이 발생한 이래 삼십 일 일 두 명 이 월일 일 두 명 이일 두 명 등 할째 추가 확진자수가 크게 늘지 않고 있다
p26_u17,p26,taps_s160,베이징에서는 지난달 삼십 일 확진자 새명이 발생한 이래 삼십 일 일 두 명 이 월일 일 두 명 이일 두 명 등 할째 추가 확진자수가 크게 늘지 않고 있다
p26_u17,p26,ce_visible,베이징에서는 지난달 삼십 일 확진자 새으이 발생한 이래 삼십 일 일 두명 이 월 일일 명 이일 두명 등 을대 추가 확진다수가 크게 늘지 않고 있다
p26_u17,p26,ce_invisible,베이징에서는 지난달 삼십 일 확진자 채명이 발생한 이래 삼십 일 일 투 명 이 월 일 투 명 이일 두 명 등 할때 추가 확진자수가 크게늘지 않고 있다
p26_u18,p26,taps,베이징시 당국은 최가 확진자 모두 직중 정리지회에서 나왔다면서 중상 력키 가면 정쟁 환자들이라고 설명했다
p26_u18,p26,ce,베니편스 당국은 최가 확진자 모두 집중 국리기역에서 나왔다면서 중상 역직 하벼 경증 환단들 이라고 설명했다
p26_u18,p26,ce_s40,베니편스 당국은 최가 확진자 모두 집증 정리기역에서 나왔다면서 중상 역직 하벼운 경증 훈단들 이라고 설명했다
p26_u18,p26,ce_s80,베니편스 당국은 최가 확진자 모두 집중 광리기역에서 나왔다면서 중상 역체 가벼운 경증 훈단들이라고 설명했다
p26_u18,p26,ce_s160,베니편스 당국은 최가 확진자 모두 집중 국리기역에서 나왔다면서 중상 격색하면 경쟁 훈자들이라고 설명했다
p26_u18,p26,taps_s80,베이징시 당국은 최가 확진자 모두 집중 정리지회에서 나왔다면서 중상 예게 하면 정쟁 환자들이라고 설명했다
p26_u18,p26,taps_s160,베이징시 당국은 최가 확진자 모두 집중 경리지회에서 나왔다면서 중상 력게 가면 경쟁 환자들이라고 설명했다
p26_u18,p26,ce_visible,베니편스 당국은 최가 확진자 모두 집중 국리기역에서 나왔다면서 중상 직 하벼 경증 환단들 이라고 설명했다
p26_u18,p26,ce_invisible,베이징시 당국은 최가 확진자 모두 직중 정리지회에서 나왔다면서 중상 력키 가면 정쟁 환자들이라고 설명했다
p26_u19,p26,taps,한편 베이징 경개어림책을 위해 중거려운 선수당과 취재진돼 대회 관계자의 코어나일고 누적 확진자가 이백 삼십 명에 넘어섰다
p26_u19,p26,ce,한편 벤니핑 분견림 픽을 위해 중국려 선후동과 세대되 등 대의 간데 다의 코론을 하일온 누적 확대자가 이백 삼십 명을 넘어섰다
p26_u19,p26,ce_s40,한편 벤니핑 분견림 픽을 위해 중국려 선후동과 세대된 등 대외 간데 다의 코론을 하일온 도적 확대자가 이백 삼십 명을 넘어섰다
p26_u19,p26,ce_s80,한편 벤니핑 분견림 패을 위해 중국려 선후동과 세대되 등 대외 간일에 다의 코로을 려고 누적 확진자가 이백 삼세 명을 넘어섰다
p26_u19,p26,ce_s160,한편 베니팅 분개림 픽을 위해 중국려 선후동과 세대 되 등 대의한이에 나의 코론하려고 누적 확진자가 이백 삼세 명을 넘어섰다
p26_u19,p26,taps_s80,한편 배이징 분계을림책을 위해 중거려운 선수당과 취재진대 대회 관계자의 코어나일고 누적 확진자가 이백 삼십 명에 넘어섰다
p26_u19,p26,taps_s160,한편 베이징 분계림책을 위해 중거려운 선수당과 취재진대 대회 관계자의 코어나일고 누적 확진자가 이백 삼십 명이 넘어섰다
p26_u19,p26,ce_visible,한편 벤니핑 분견림 픽을 위해 중국려 선후동과 세대되 등 대의 간데 다의 코론을 하일온 누적 확대자가 이백 삼십 명을 넘어섰다
p26_u19,p26,ce_invisible,한편 베이징 경개어림책을 위해 중거려운 선수당과 취재진돼 대회 관계자의 코어나일고 누적 확진자가 이백 삼십 명에 넘어섰다
p26_u20,p26,taps,이에 베이징 등격림픽 조지위원회에 따르면 전날 하루 동안 동교림스관련 극자 서른 두맥이 그론나일고 학진판장을 팔았다
p26_u20,p26,ce,이일 베이징 동격림백조직위원회에 따르면 전날 하루 동상 동격림색 관용 국단 서른 두명에 토론나고 학생판정을 받았다
p26_u20,p26,ce_s40,이일 베이당 동경림백조직위원회에 따르면 전날 하루 동산 동교 림색 관용 입국자 서른 동명에 토론나고 학생 판정을 받았다
p26_u20,p26,ce_s80,이일 발이징 근경림 백조직위원회에 따르면 전날 하루 별원 동격림 세 관련 입국단 서른 두명에 끌론나고 학생판정을 받았다
p26_u20,p26,ce_s160,이일 베이딩 동경림백 몰디위원회에 따르면 전날 하루 대원 종격 림새 관련 입국자 서른 두명에 끌론나고 학생 판정을 받았다
p26_u20,p26,taps_s80,이에 베이징 등격림픽 조지아회에 따르면 전날 하루 동안 동교림스관련 극자 서른 두맥이 코론나했고 확진판단을 받았다
p26_u20,p26,taps_s160,이에 베이징 등경림픽 두지아회에 따르면 전날 하루 동안 동교림스관련 극자 서른 두맥이 그론나일고 학진판단을 받았다
p26_u20,p26,ce_visible,이일 베이징 동격림백 조직위원회에 따르면 전날 하루 동상 동격 림색 관련 국단 서른 두명에 토론내고 학생판정을 받았다
p26_u20,p26,ce_invisible,이에 베이징 등격림픽 조지위원회에 따르면 전날 하루 동안 동교림스관련 극자 서른 두맥이 그론나일고 학진판장을 팔았다
p26_u21,p26,taps,이에 따라 동결림픽 관계자에 대한 핵성검사를 시작한 지난달 이십 삼 일부터 대막 세의 사을 앞둔 전날까지 대외가련 확신단은 모두 이백 삼십 이 명으로 늘었다
p26_u21,p26,ce,에 따라 동결림핑 관계자에 대한 핵성검사를 시작한 지난달 이십 삼 일 뒤어 대학세을 사을 앞둔 사날까지 대외가련 확신단는 모두 이백 삼색 이명으로 늘었다
p26_u21,p26,ce_s40,에 따라 동교림핑 관계자에 대한 극성검사를 시작한 지난달 이십 삼 일 뒤어 대학세을 사을 앞둔 전날까지 대외가련 확신단는 모두 이백 삼색 이명으로 늘었다
p26_u21,p26,ce_s80,에 따라 본결림핑 관계자에 대한 후성검사를 시작한 지난달 이십 삼 일 뒤어 대막세을 사을 앞둔 사날까지 외가려 확신단는 모든 이백 삼색 이명으로 늘었다
p26_u21,p26,ce_s160,이에 따라 동결림핑 관계자에 대한 핵성검사를 시작한 지난달 이십 삼 일 부어 대학세을 사을 앞둔 전날까지 대외가려 확신단는 모두 이백 삼색 이 명으로 늘었다
p26_u21,p26,taps_s80,이에 따라 동결림픽 관계자에 대한 핵성검사를 시작한 지난달 이십 삼 일부터 대막세의 사을 앞둔 전날까지 대외가련 확신단은 모두 이백 삼십 이 명으로 늘었다
p26_u21,p26,taps_s160,이에 따라 동결림픽 관계자에 대한 핵성검사를 시작한 지난달 이십 삼 일부터 대막세을 사을 앞둔 전날까지 대외가련 확신단은 모두 이백 삼십 이 명으로 늘었다
p26_u21,p26,ce_visible,이에 따라 동결림핑 관계자에 대한 해성검사를 시작한 지난달 이십 삼 일부어 대학세을 사을 앞둔 전날까지 대외가련 확신단는 모두 이백 선색 이명으로 늘었다
p26_u21,p26,ce_invisible,이에 따라 동결림픽 관계자에 대한 핵성검사를 시작한 지난달 이십 삼 일부터 대막 세의 사을 앞둔 전날까지 대외가련 확신단은 모두 이백 삼십 이 명으로 늘었다
p26_u22,p26,taps,경교 림픽 조직기 관계자는 은랜 피레기의 이틀한 선수와 관계자들은 폐쇄 로프시 관리가 이뤄지고 있다며 예부와의 접책은 완전히 차단됐다고 설명했다
p26_u22,p26,ce,동교 림프 조직비 관계자는 우는 프계기에 입국한 선수와 관계자들은 폐쇄 노프색 관리가 이뤄지고 있다며 외부와의 접촉은 완전이 퍼담됐다고 설명했다
p26_u22,p26,ce_s40,동종 림프 조직일 관계자는 문는 평계기의 입국간 선수와 관계자들은 폐쇄 루프색 관리가 이뤄지고 있다며 외부와의 접촉은 완전이 포담됐다고 설명했다
p26_u22,p26,ce_s80,동교 림프 조직비 관계자는 은는 평계기의 입국간 선수와 관계자들은 폐쇄 루프색 관리가 이뤄지고 있다며 외부와의 접촉은 완전히 포담됐다고 설명했다
p26_u22,p26,ce_s160,동교 림페 교진의 관계자는 운는 패결기의 입국한 선수와 관계자들은 폐쇄 루프색 관리가 이뤄지고 있다며 외부와의 접촉은 완전이 포담됐다고 설명했다
p26_u22,p26,taps_s80,경교 림픽 조직기 관계자는 올렘 피레기의 이탈한 선수와 관계자들은 폐쇄 로프시 관리가 이뤄지고 있다며 예부와의 접촉은 완전히 차전됐다고 설명했다
p26_u22,p26,taps_s160,경제 림픽 조직이 관계자는 올랜 폐레기의 이틀한 선수와 관계자들은 폐쇄 롭자 관리가 이뤄지고 있다며 예부와의 접책은 완전히 차단됐다고 설명했다
p26_u22,p26,ce_visible,정교 림프 조직일 관계자는 우는 프계기에 입국한 선수와 관계자들은 폐쇄 노프색 관리가 이뤄지고 있다며 외부와의 접촉은 완전이 퍼담됐다고 설명했다
p26_u22,p26,ce_invisible,경교 림픽 조직기 관계자는 은랜 피레기의 이틀한 선수와 관계자들은 폐쇄 로프시 관리가 이뤄지고 있다며 예부와의 접책은 완전히 차단됐다고 설명했다
p26_u23,p26,taps,코러나 일고의 엔대이그로 행외 여행이 늘어나자 대표적인 기법 강광대급 히스페인에선 호텔 수박퀴가 작년대를 평균 삼십 육 퍼센트 오르는 현상이 나타났다
p26_u23,p26,ce,코러나 활고의 안대이으로 해대 여행이 늘어나다 버대른 유럽 강광대국의 스페인에선 호텔습박배가 작년대비 평균 삼십 육 퍼센트 오는 현상이 나타났다
p26_u23,p26,ce_s40,코러나 일고의 엔대이 으로 해외 여행이 늘어나다 닷플대른 유럽 강광대국의 스페인에선 호텔수박배가 작년대비 평균 삼층 육 퍼센트 오는 현상이 나타났다
p26_u23,p26,ce_s80,코러나 일고의 임대이으로 해외 여행이 늘어나다 플대른 유럽 강광대국의 스페인에선 호텔수 박배가 작년대비 평균 삼층 육 퍼센트 오는 현상이 나타났다
p26_u23,p26,ce_s160,코로나 일타의 엔대이으로 해외회에 늘어나다 두플대균 유럽 강광대국의 스페인에선 호텔수박배가 작년대비 평균 삼십 육 퍼센트 오는 현상이 나타났다
p26_u23,p26,taps_s80,코러나 일고의 엔대이그로 행의여행이 늘어나자 대표적인 유럽 강광대급 혜스페인에선 호텔수박퀴가 작년대를 평균 삼십 육 퍼센트 오르는 현상이 나타났다
p26_u23,p26,taps_s160,코러나 일고의 엔대이유로 행외 여행이 늘어나자 대표적인 유법 강광대급 혜스페인에선 호텔수박지가 작년대비 평균 삼십 육 퍼센트 오르는 현상이 나타났다
p26_u23,p26,ce_visible,코러나 활고의 안대이으로 해대 여행이 늘어나다 버대른 유럽 강광대국의 스페인에선 호텔습박배가 작년대비 평균 삼십 육 퍼센트 오는 현상이 나타났다
p26_u23,p26,ce_invisible,코러나 일고의 엔대이그로 행외 여행이 늘어나자 대표적인 기법 강광대급 히스페인에선 호텔 수박퀴가 작년대를 평균 삼십 육 퍼센트 오르는 현상이 나타났다
p26_u24,p26,taps,시페인 통계청에 따르면 스페인는지트의 올해 보활자전호 하루 행근 수박비는 구십 육 쩜 삼 위로도 집피됐다고 노이터 통신이 보도했다
p26_u24,p26,ce,최페인 통계청에 따르면 스페인흔술텔의 올해 보일셀 전 하도 평균 소박비는 구십 년 쩜 삼 일이로도 됐다고 누이터 통생이 보도했다
p26_u24,p26,ce_s40,최페인 통계청에 따르면 스페인흔술텔의 올해 보일셀를 전후 하도 평균 소박비는 구십 년 쩜 삼 이로도 됐다고 누이터 통생이 보도했다
p26_u24,p26,ce_s80,최페인 계청에 따르면 스페인 흔수텔의 올해 보할일들 전와 하도 평균 소박비는 구십 육 쩜 삼 이름도 됐다고 누이터 통생이 보도했다
p26_u24,p26,ce_s160,최페인 풍계청에 따르면 스페인흔주텔의 올해 보할자를 전 하고 평균 소박비는 구십 육 쩜 삼 로도 됐다고 누이트 폰생이 보도했다
p26_u24,p26,taps_s80,집페인 통계청에 따르면 스페인 는지트의 올해 보일자전부 하락 행근 수박비는 구십 육 쩜 삼 례로도 집피됐다고 노이터 통신이 보도했다
p26_u24,p26,taps_s160,스페인 통계청에 따르면 스페인 현지트의 올해 버일자전부 하루 행근 수박비는 구십 육 쩜 삼 일로도 피됐다고 노이터 통신이 보도했다
p26_u24,p26,ce_visible,스페인 통계청에 따르면 스페인흔술텔의 올해 보일셀 전부 하도 평균 소박비는 구십 년 쩜 삼 일이로도 됐다고 누이터 통생이 보도했다
p26_u24,p26,ce_invisible,시페인 통계청에 따르면 스페인는지트의 올해 보활자전호 하루 행근 수박비는 구십 육 쩜 삼 위로도 집피됐다고 노이터 통신이 보도했다
p26_u25,p26,taps,이는 전년도 같은 미간보라 삼십 육 퍼센트 있싸고 코롬르일그 유행장인 이천 시 캐렌 사월보다도 십 오 퍼센트 높은 가력이다
p26_u25,p26,ce,이는 전년도 같은 기간보라 삼십 육 퍼센트 싸고 코로은 인해 행적인 이천 십크림 상월보다높 사 억 퍼센트 높은 가량이다
p26_u25,p26,ce_s40,이는 전년도 같은 기간보라 삼십 육 퍼센트 있싸고 코로나균 인해 대전인 이천 십그림 상월보다높 십 억 퍼센트 높은 가량이다
p26_u25,p26,ce_s80,이는 전년도 같은 기간보라 삼십 육 퍼센트 싸고 코로나최균 인네 적인 이천 수크림 상월보다높 십 억 퍼센트 높은 가량이다
p26_u25,p26,ce_s160,이는 전년도 같은 기간보다 삼십 육 퍼센트 싸고 코르나은 인 서인 이천 십크림 상월보다도 사억 퍼센트 높은 가량이다
p26_u25,p26,taps_s80,이는 전년도 같은 미간보라 삼십 육 퍼센트를 싸고 코롬일그 유행장인 이천 시 캐량 사월보다도 십 오 퍼센트 높은 가력이다
p26_u25,p26,taps_s160,이는 전년도 같은 미간보라 삼십 육 퍼센트를 싸고 코롬일그 유행장인 이천 십 캐렌 사월보다도 십 오 퍼센트 높은 가력이다
p26_u25,p26,ce_visible,이는 전년도 같은 기간보라 삼십 육 퍼센트 싸고 코로은 인해 행적인 이천 십크림 상월보다높 사 억 퍼센트 높은 가량이다
p26_u25,p26,ce_invisible,이는 전년도 같은 미간보라 삼십 육 퍼센트 있싸고 코롬르일그 유행장인 이천 시 캐렌 사월보다도 십 오 퍼센트 높은 가력이다
p26_u26,p26,taps,우선급 사텔의 하루 평균 색박에는 약 이대이십 육 쩜 오도 장년과 비교해 이십 삼 퍼센트 성승했다
p26_u26,p26,ce,우선급 호텔의 하루 평균 속박에는 약 이백 이십 육 쩜 오 율도 강년과 빅 이십 삼 퍼센트서 생했다
p26_u26,p26,ce_s40,우선급 사텔의 하루 평균 속박지는 약 이백 이십 육 쩜 오 도 강년과 빅교 이십 삼 퍼센트 생했다
p26_u26,p26,ce_s80,우선급 호텔의 하루 평균 속박지는 약 이백 이십 육 쩜 오 도 강년과 비의 이십 삼 퍼센트 생했다
p26_u26,p26,ce_s160,우선태 호텔의 하루 평균 속박부는 약 이백 이십 육 쩜 오 도 강년과 비의 이십 삼 퍼센트 생했다
p26_u26,p26,taps_s80,우선급 사텔의 하루 평균 습밖에는 약 이대십 육 쩜 오로도 장년과 비롯해 이십 삼 퍼센트 성승했다
p26_u26,p26,taps_s160,우선급 텔의 하루 평균 습밖에는 약 이대 십 육 쩜 오히로도 장년과 비롯해 이십 삼 퍼센트 성승했다
p26_u26,p26,ce_visible,우선급 호텔의 하루 평균 속박에는 약 이백 이십 육 쩜 오 율도 강년과 비교해 이십 삼 퍼센트서 생했다
p26_u26,p26,ce_invisible,우선급 사텔의 하루 평균 색박에는 약 이대이십 육 쩜 오도 장년과 비교해 이십 삼 퍼센트 성승했다
p26_u27,p26,taps,이성급 등 적영한 호텔들의 하루 판균 수박트 역시 사십 퍼센트가량 오른 유십 육 로으로 집계됐다
p26_u27,p26,ce,이상급 등 전령한 호텔들의 하루 평균 소박비 역이 사십 퍼센트가량 오해는 육십 육률로으로 집계됐다
p26_u27,p26,ce_s40,이상급 등 전영한 호텔들의 하루 판균 소박비 역시 사십 퍼센트가량 오해 육세 율률로으로 집계됐다
p26_u27,p26,ce_s80,이 상급 등 전영한 호텔들의 하루 판균 소바비 역시 사십 퍼센트가량 오는 육세 논률로으로 집계됐다
p26_u27,p26,ce_s160,이성급중 전령간 호텔들의 하루 판균 소바비 역시 사십 퍼센트가량 오해 육세 용률로으로 집계됐다
p26_u27,p26,taps_s80,이성급 등 전영한 소텔들의 하루 판은 수박트 역시 사십 퍼센트가량 오른 유십 육 로으로 집계됐다
p26_u27,p26,taps_s160,이성급 등 전용한 소텔들의 하루 판은 수박트 역시 사십 퍼센트가량 오른 유십 육 로으로 집계됐다
p26_u27,p26,ce_visible,이상급 등 전령한 호텔들의 하루 평균 소박비 역이 사십 퍼센트가량 오해는 육십 육률로으로 집계됐다
p26_u27,p26,ce_invisible,이성급 등 적영한 호텔들의 하루 판균 수박트 역시 사십 퍼센트가량 오른 유십 육 로으로 집계됐다
p26_u28,p26,taps,스페인은 패텔 세파비가 가파르게 상승한 것은 인근 미라 국가들이 최대 차력로 영행 규제를 원화하면서 관광객 술과 포발적으로 증가했기 때문이다
p26_u28,p26,ce,한페인는 호텔 산파비가 가파르게 발명한 것은 인근 유럽 분가들이 최근 차례거 여어 주제를 원화하면서 강광객 수요가 폭발적으로 증가했기 때문이다
p26_u28,p26,ce_s40,한페이는 호텔 산파비가 가파르게 발명한 것은 인근 유럽 분가들이 최근 차례거 여호 규제를 완화하면서 강광객 수요가 폭발적으로 증가했기 때문이다
p26_u28,p26,ce_s80,카페인을 호텔 색박비가 가파르게 발성한 것은 인근 유럽 분가들이 최근 차례고 여호 규제를 원화하면서 관광객 수요가 폭발적으로 증가했기 때문이다
p26_u28,p26,ce_s160,카페인는 호텔 색파비가 가파르게 형성한 것은 인근 유럽 분가들이 최근 차례고 여휴 규제를 완화하면서 관광백 수요가 폭발적으로 증가했기 때문이다
p26_u28,p26,taps_s80,스페인은 패탄 스파비가 가파르게 상승한 것은 인든 미라 국가들이 최근 차력로 영행 규제를 원화하면서 관광객 술과 포발적으로 증가했기 때문이다
p26_u28,p26,taps_s160,스페인는 패탄스파피가 가파르게 상승한 것은 인근 미라 국가들이 최근 차례로 여행 규제를 완화하면서 관광객 술과 포발적으로 증가했기 때문이다
p26_u28,p26,ce_visible,한페인는 호텔 산파비가 가파르게 발명한 것은 인근 유럽 분가들이 최근 차례거 여어 주제를 원화하면서 강광객 수요가 폭발적으로 등가했기 때문이다
p26_u28,p26,ce_invisible,스페인는 패텔 세파비가 가파르게 상승한 것은 인근 미라 국가들이 최대 차력로 영행 규제를 원화하면서 관광객 술과 포발적으로 증가했기 때문이다
p26_u29,p26,taps,올해 삼사 월 스페인 사페르 투직관 광광객수는 작년도 같은 기간을 다섯 배 이상으로 증가했다
p26_u29,p26,ce,올해 삼사 월 스페인 쿠패르 투색관 광광 헤액수는 전년도 같은 기간을 다섯 배 이상으로 증가했다
p26_u29,p26,ce_s40,올해 삼사 월 스페인 사패르 투색관 광광 객수는 전년도 같은 기간을 다섯 배 이상으로 증가했다
p26_u29,p26,ce_s80,올해 삼사 월 스페인 사패르 투색관 광광 헤객수는 전년도 같은 기간을 다섯 배 이상으로 증가했다
p26_u29,p26,ce_s160,올해 삼사 월 스페인 사패르 투색관 광광 헬객수는 전년도 같은 기간을 다섯 배 이상으로 증가했다
p26_u29,p26,taps_s80,올해 삼사 월 스페인 사텔르 투직관 광광객 수는 작년도 같은 기간에 다섯 배 이상으로 증가했다
p26_u29,p26,taps_s160,올해 삼사 월 스페인 사페르 투직관 관광객 수는 작년도 같은 기간에 다섯 배 이상으로 증가했다
p26_u29,p26,ce_visible,올해 삼사 월 스페인 쿠패르 투색관 광광 헤액수는 전년도 같은 기간을 다섯 배 이상으로 증가했다
p26_u29,p26,ce_invisible,올해 삼사 월 스페인 사페르 투직관 광광객수는 작년도 같은 기간을 다섯 배 이상으로 증가했다
p26_u30,p26,taps,사 월 한 달간 감광목적으로 스페인에 입숙한 사람에서는 이천 십 칠 년에 팔십 육 퍼센트 수준을 보표했다
p26_u30,p26,ce,사 월 한 달간 건광 목적으로 스페인의 입극한 사람에서는 이천 십 구 년에 팔십 육 퍼센트 수준을 보였다
p26_u30,p26,ce_s40,사월 한달간 건광 목적으로 스페인에 입극한 사람에 세는 이천 십 구 년에 팔십 육 퍼센트 수준을 보였다
p26_u30,p26,ce_s80,사월 한 달간 광광 목적으로 스페인에 입득한는 사람에 세는 이천 십 구 년에 팔십 육 퍼센트 수준을 보였다
p26_u30,p26,ce_s160,사 월 한 달간 관광 목적으로 스페인의 입득한 사람에 따는 이천 십 구 년에 팔십 육 퍼센트 수준을 보였다
p26_u30,p26,taps_s80,사 월 한 달간 감광목적으로 스페인에 입숙한 사람에서는 이천 십 칠 년에 팔십 육 퍼센트 수준을 표했다
p26_u30,p26,taps_s160,사 월 한 달간 감광목적으로 스페인에 입숙한 사람에서는 이천 십 칠 년에 팔십 육 퍼센트 수준을 표했다
p26_u30,p26,ce_visible,사월 한 달간 건광 목적으로 스페인에 입득한 사람에서는 이천 십 구 년에 팔십 육 퍼센트 수준을 보였다
p26_u30,p26,ce_invisible,사 월 한 달간 감광목적으로 스페인에 입숙한 사람에서는 이천 십 칠 년에 팔십 육 퍼센트 수준을 보했다
p26_u31,p26,taps,관광객들이 선호하는 일부선 등의 방문객자는 이미 코론나 일부 이행 이장 수자를 협득한 것으로 파악된다고 스페인 통계청은 밝혔다
p26_u31,p26,ce,관광객들이 사모하는 일부 서 등의 반범객서는 이늘 코르노는 일부 유행 이전 수준에 회복한 것으로 파악된다며 스페인 성대측은 밝혔다
p26_u31,p26,ce_s40,관광객들이 사모하는 일부 서 등의 박광객사는 이는 코르노 일부 유행 이전 수준에 회복한 것으로 파악된다며 스페인 생계 측은 밝혔다
p26_u31,p26,ce_s80,관광객들이 사모하는 일부 삼 등의 방범객사는 이는 코르너는 일류 유행 이전 수준을 회복한 것으로 파악된다며 스페인 승대측은 밝혔다
p26_u31,p26,ce_s160,관광객들이 사호하는 일부 서 등의 방범객사는 이날 코르노는 일부 유행 이전 수준을 회복한 것으로 파악된다며 스페인 풍대측은 밝혔다
p26_u31,p26,taps_s80,관광객들이 사호하는 일부선 등의 방문객서는 이미 코라나 일부 이행 이장 수자에 해득한 것으로 파악된다고 스페인 통백청은 밝혔다
p26_u31,p26,taps_s160,관광객들이 사모하는 일부선 등의 방범객자는 이미 코론나 일부 이행 이장 수자에 협백한 것으로 파악된다고 스페인 통계청은 밝혔다
p26_u31,p26,ce_visible,관광객들이 사모하는 일부 서 등의 반범객서는 이늘 코르노는 일부 유행 이전 수준에 회복한 것으로 파악된다며 스페인 성계측은 밝혔다
p26_u31,p26,ce_invisible,관광객들이 선호하는 일부선 등의 방문객자는 이미 코론나 일부 이행 이장 수자를 협득한 것으로 파악된다고 스페인 통계청은 밝혔다
p26_u32,p26,taps,에스케이텔레콤은 이 일 이영성 대표 직속으로 두시 성공 교통사 퇴스케포사를 구성했다고 밝혔다
p26_u32,p26,ce,에스크페레콤은 이 일 인명폰 대표 직속으로 두시 홍공 교통사 패스크퍼스를 구성했다고 밝혔다
p26_u32,p26,ce_s40,에스크리페넷 콤은 이 일 인명풍 대표 지속으로 두시 한공 교통사 패스크버스를 구성했다고 밝혔다
p26_u32,p26,ce_s80,에스코이페넷 꼽은 이 일 인명풍 대표 지속으로 두시 후공 교통사 패스크포스를 구성했다고 밝혔다
p26_u32,p26,ce_s160,에스크페레콤은 이일 인명폰 대표 지속으로 두시후공 교통사 패스크포스를 구성했다고 밝혔다
p26_u32,p26,taps_s80,에스케이텔레콤은 이 일 이영성 대표 직속으로 두시 성공 교통사 퇴스케포사를 구성했다고 밝혔다
p26_u32,p26,taps_s160,에스케이텔레콤은 이 일 이영성 대표 직쪽으로 두심 성공 교통사 패스케포사를 구성했다고 밝혔다
p26_u32,p26,ce_visible,에스크페레콤은 이 일 인명풍 대표 직속으로 두시 한공 교통사 패스크버스를 구성했다고 밝혔다
p26_u32,p26,ce_invisible,에스케이텔레콤은 이 일 이영성 대표 직속으로 두시 성공 교통사 퇴스케포사를 구성했다고 밝혔다
p26_u33,p26,taps,미예에은 정기로 그동하는 수식 이상 소용기행체료 두 심에 서 세용차로 한 신간 관리거리를 십 에서 이십 편인을 도착할 수 있는 미래 그은 수단이다
p26_u33,p26,ce,미예인양은 정기로 그동하는 수습 입천의 프명비행세로 부심을 떠사정차로 활신온 관리거리의 쓰에서 이십 팔년을 못잡할 수 있는 미래 그폰 수단이다
p26_u33,p26,ce_s40,미예인양은 정기로 구성하는 수습 이천백 프명우비양세로 부심을 써세정차로 한신온 관레거리의 쓰에서 이십 대년을 부잡할 수 있는 미래 그폰 수단이다
p26_u33,p26,ce_s80,미예인양은 정기로 구성하는 수습 이천백 프명 비행세로 부승을 떠지 한차로 활성온 관레거리를 쓰에서 이십 대년을 부착할 수 있는 미래 그은 수단이다
p26_u33,p26,ce_s160,문영인양은 정기로 구동하는 수익 이찬의 프명비행세로 부심을 서 지는 차로 한신온 관리거리의 세배서 이십 대년을 부착할 수 있는 미래 그폰의 수단이다
p26_u33,p26,taps_s80,미예에은 정기를 그동하는 수익 이상의 소용기행체료 두 심에서 실용차로 한 신간 관리거리를 십 에서 이십 편인을 도착할 수 있는 미래 그은 수단이다
p26_u33,p26,taps_s160,미예에은 정기로 구동하는 수식 이상의 서용기행체료 두심에 서 수용차로 한 신간 관리거리를 십 에서 이십 편인을 도착할 수 있는 미래 그은 수단이다
p26_u33,p26,ce_visible,미예인양은 정기로 구동하는 수습 입천의 프명비행세로 부심을 써 세정차로 활신온 관리거리의 쓰에서 이십 팔년을 못잡할 수 있는 미래 그폰 수단이다
p26_u33,p26,ce_invisible,미예에은 정기로 그동하는 수식 이상 소용기행체료 두 심에 서 세용차로 한 신간 관리거리의 십 에서 이십 편인을 도착할 수 있는 미래 그은 수단이다
p26_u34,p26,taps,에스케이텔레콤에 따르면 이번 케이프 아래는 사업 인프라 소유상 서비스 개발에 각각한다하는 세주조직 네개가 마련됐다
p26_u34,p26,ce,에스페의 텔레콤에 따르면 이번 케리폰 아래는 사업 등프라 스물 세서비스 개발을 가각한당하는 세부도직 네개가 마련됐다
p26_u34,p26,ce_s40,에스페의텔레콤에 따르면 이번 플리폰 아래에는 사업 등프라 스물상 서비스 개발을 가각한당하는 세부도직 네개가 마련됐다
p26_u34,p26,ce_s80,에스페의 텔레콤에 따르면 이번 프리폰 아래에는 사업 등프라 스물상 서비스 개발을 가각담당하는 세부도직 네 개가 마련됐다
p26_u34,p26,ce_s160,에스페의 텔레콤에 따르면 이번 필리폰 아래에는 사업 등프라 소유상 서비스 개발을 가각한당하는 세부도직 네개가 마련됐다
p26_u34,p26,taps_s80,레스케이텔레콤에 따르면 이번 케이프 아래는 사업 인프라 소유상서비스 개발에 각각한다하는 세주조직 네개가 마련됐다
p26_u34,p26,taps_s160,에스케이텔레콤에 따르면 이번 티이프 아래는 사업 인프라 소유상 서비스 개발에 가각담다하는 세계조직 네개가 마련됐다
p26_u34,p26,ce_visible,에스페의 텔레콤에 따르면 이번 케리폰 아래는 사업 등프라 스물 세서비스 개발을 가각한당하는 세부도직 네개가 마련됐다
p26_u34,p26,ce_invisible,에스케이텔레콤에 따르면 이번 케이프 아래는 사업 인프라 소유상 서비스 개발에 각각한다하는 세주조직 네개가 마련됐다
p26_u35,p26,taps,사태에서 기술 림프라 전략 사업개발 파트너 십을 담당하는 주요 임원들이 피페에 배치된 것으로 알려졌다
p26_u35,p26,ce,사내에서 기술 인프라 전략 사업개발 파트너 스을 당당하는 주요 의원들이 트리페 배치된 것으로 알려졌다
p26_u35,p26,ce_s40,사내에서 기술 인프라 전략 사업개발 파트너스을 담당하는 주요 의원들이 트리페 배치된 것으로 알려졌다
p26_u35,p26,ce_s80,사후에서 우기술 인프라 전략 사업개발 파트스을 담당하는 주요 이원들이 투리배 배치된 것으로 알려졌다
p26_u35,p26,ce_s160,사후에서 기술 인프라 전략 사업개발 파트너스을 담당하는 주요 이원들이 트입프에 배치된 것으로 알려졌다
p26_u35,p26,taps_s80,사랑에서 기술 임프라 전략 사업개발 파트너십을 담당하는 주요 임원들이 케페 배치된 것으로 알려졌다
p26_u35,p26,taps_s160,사에서 기술 인프라 전략 사업개발 파트너집을 담당하는 주요 임원들이 피이패 배치된 것으로 알려졌다
p26_u35,p26,ce_visible,사후에서 기술 인프라 전략 사업개발 파트너 스을 당당하는 주요 의원들이 트리페 배치된 것으로 알려졌다
p26_u35,p26,ce_invisible,사태에서 기술 림프라 전략 사업개발 파트너 십을 담당하는 주요 임원들이 피페에 배치된 것으로 알려졌다
p26_u36,p26,taps,윤영성 대표는 최근 최 패 인원데가 최범 미팅을 열고 올해 사업달략에 논을했고 케이프 사이를 주 일례로 장려와하며 사업을 직접 챙기기로 했다
p26_u36,p26,ce,김명천 대표는 최근 실프 만들과 출범 미딩을 내고 올해 사업전력을 논에했고 최파사이를 준 이대로 정해화하며 사업에 직접 생기기로 했다
p26_u36,p26,ce_s40,김명성 대표는 최근 실프 만들과 출범 미팅을 내리고 올해 사업전력을 논에했고 최파사이를 준 이대로 장려화하며 사업을 직접 생기기로 했다
p26_u36,p26,ce_s80,김명성 대표는 최근 최프 만들과 출범 미팅을 내내고 올해 사업전력을 논에했고 최페 일를 준 이대로 정해화하며 사업에 직접 생긴기로 했다
p26_u36,p26,ce_s160,김명성 대표는 최근 최프 만들과 최범 미팅을 연했고 올해 사업전력을 논화했고 최파사 일를 두 이대로 정해화하며 사업을 직접 생긴기로 했다
p26_u36,p26,taps_s80,유영성 대표는 최근 최이프 인원데가 최범 미팅을 열고 올해 사업달략에 논을했고 트이프 사위를 주 일례로 장려화하며 사업을 직접 챙기기로 했다
p26_u36,p26,taps_s160,유영성 대표는 최근 최프 인원데가 최범 미팅을 열고 올해 사업달락에 논을했고 키이프 사위를 주 일례로 전려와하며 사업을 직접 챙기기로 했다
p26_u36,p26,ce_visible,김명성 대표는 최근 실프 만들과 출범 미딩을 내고 올해 사업전력을 논에했고 최파사이를 준 이대로 정해화하며 사업을 직접 생기기로 했다
p26_u36,p26,ce_invisible,윤영성 대표는 최근 최 패 인원데가 최범 미팅을 열고 올해 사업달략에 논을했고 케이프 사이를 주 일례로 장려와하며 사업을 직접 챙기기로 했다
p26_u37,p26,taps,업계에서는 신규사업조지를 시임 직속으로 배치한 것은 이해적이라며 이재임 사업에 대한 유 대표의 의지가 반영된 것이라는 분석이다
p26_u37,p26,ce,업계서는 승글사업조직를 시무 직속으로 배체한 것은 이례적이라며 이련 사업에 대한 유대표의 의지가 반영된 것 이라는 분석이 나온다
p26_u37,p26,ce_s40,업계에서는 승교사업조직배 시후 직속으로 배체한 것은 이례적이라며 이슬명 사업에 대한 유대표의 의지가 반영된 것이라는 분석이 나온다
p26_u37,p26,ce_s80,업계에서는 승교사업조직배 실무 직속으로 배채한 것은 이례적이라며 이민현 사업에 대한 유대표의 의지가 반영된 것 이라는 분석이나온다
p26_u37,p26,ce_s160,업계서는 승글사업단직 시이로 지속으로 발채한 것은 이례적이라며 이련 사업에 대한 유대표의 의지가 반영된 것 이라는 분석이나온다
p26_u37,p26,taps_s80,업계에서는 신규사업조질를 시임 직속으로 배치한 것은 이해적이라며 이재임 사업에 대한 유 대표의 의지가 반영된 것이라는 분석이다
p26_u37,p26,taps_s160,업계에서는 신규사업조직를 시임 직속으로 배최한 것은 이해적이라며 이재임 사업에 대한 유 대표의 의지가 반영된 것이라는 분석이라다
p26_u37,p26,ce_visible,업계에서는 승글사업조직을 시무 지속으로 배체한 것은 이례적이라며 이련 사업에 대한 유대표의 의지가 반영된 것 이라는 분석이 나온다
p26_u37,p26,ce_invisible,업계에서는 신규사업조지를 시임 직속으로 배치한 것은 이해적이라며 이재임 사업에 대한 유 대표의 의지가 반영된 것이라는 분석이다
p26_u38,p26,taps,더회 교통 물랜 이천 이십 오 년 이일년 상공아래 목채로 올해부터 제도 마련과 기들 개발해 붕괴 나선다
p26_u38,p26,ce,국회교통물는 이천 이십 팔 년 유견 성공무대 목표로 올해부터 제도 마련 과 빚을 대반에 공겨나선다
p26_u38,p26,ce_s40,국회교통물는 이천 이십 팔 년 유생견 성공무대 목표로 올해부터 제도 마련과 디을 대반에 본격나선다
p26_u38,p26,ce_s80,국회드폭무는 이천 이십 팔 년 이 생견 성공무에 목표로 올해부터 제도 마련과 빚을 대반에 공겨나선다
p26_u38,p26,ce_s160,국회교통물는 이천 이십 팔 년 이행견 성공원에 목표로 올해부터 제도 마련과 빚을 대반에 공겨 나선다
p26_u38,p26,taps_s80,저회 교통물랜 이천 이십 오 년 이행 상공아래 목채로 올해부터 제도 마련과 기술 개발에 붕괴 나선다
p26_u38,p26,taps_s160,저회 교통물랜 이천 이십 오 년 이행 상공실래 목채로 올해부터 제도 마련과 기술 개발에 풍괴 나선다
p26_u38,p26,ce_visible,국회교통물는 이천 이십 팔 년 이견 한공무대 목사로 올해부터 제도 마련 과 빚을 대반에 공겨나선다
p26_u38,p26,ce_invisible,더회 교통 물랜 이천 이십 오 년 이날년 상공아래 목채로 올해부터 제도 마련과 기술 개발해 붕괴 나선다
p26_u39,p26,taps,이천 사십 년까지 국네 이에의 시장 주문는 십 삼 조원에 달할 것으로 예상된다
p26_u39,p26,ce,이천 사십 년까지 국네 은네의 시장 규원을 특천 도원에 달할 것으로 예상된다
p26_u39,p26,ce_s40,이천 사십 년까지 국레 은네의 시장 규원을 특선 도원에 달할 것으로 예상된다
p26_u39,p26,ce_s80,이천 사십 년까지 국레 은네의 시장 규원을 특천 도원에 달할 것으로 예상된다
p26_u39,p26,ce_s160,이천 사십 년까지 국네 은네객 시장 규원을 일천 도원에 달할 것으로 예상된다
p26_u39,p26,taps_s80,이천 사십 년까지 국네 이에열 시장 주문는 십 삼 조원에 달할 것으로 예상된다
p26_u39,p26,taps_s160,이천 사십 년까지 국내 이에여 시장 주문는 십 삼 조원에 달할 것으로 예상된다
p26_u39,p26,ce_visible,이천 사십 년까지 국네 은네의 시장 규원을 특선 도원에 달할 것으로 예상된다
p26_u39,p26,ce_invisible,이천 사십 년까지 국네 이에의 시장 주문는 십 삼 조원에 달할 것으로 예상된다
p26_u40,p26,taps,에스케이텔해콤의 경쟁상이 회이티는 지난해 십 일 일 대한항공 한대자들이 사 한대 건사대용과 한국차를 구성해 이해현 사업에 본격 진출했다
p26_u40,p26,ce,에스페이페네검의 경쟁사인 페이핀는 지난해 십 일에 대한 공 한배어 봉사 컨대 건사 내경과 한핵세를 구성해 용횡견 사업에 본격법 진출했다
p26_u40,p26,ce_s40,에스페페네검의 경쟁사인 타이티는 지난해 십 일 에 대한 공 한배터 능사 컨대건사 내경과 한핵세를 구성해 미횡면 사업을 본격 진출했다
p26_u40,p26,ce_s80,에스페페네컴의 경쟁사인 타이피는 지난해 십 일 에 대한 공 한배을 문사 컨배 건사 내경과 한국세를 구성해 미횡면 사업에 본격 진출했다
p26_u40,p26,ce_s160,에스페이페네컴의 경쟁사인 타이티는 지난해 십 일 에 대한 공 한대자 든사 한대 건사 내경과 한핵세를 구성해 유행면 사업에 본격 진출했다
p26_u40,p26,taps_s80,에스케이텔해콤의 경제상이 회이티는 지난해 십 일 일 대한항공 한대자들이 자 현대 전찰 내문과 한국차를 구성해 이해현 사업에 본격 진출했다
p26_u40,p26,taps_s160,에스케이텔의콤의 경쟁상이 회이티는 지난해 십 일 일 대한항공 한대자들이 사 한대 전찰내문과 한국세를 구성해 이해현 사업에 본격 진출했다
p26_u40,p26,ce_visible,에스페이페네검의 경쟁사인 페이티는 지난해 십 일에 대한 공 한배을 봉사 컨대 건사 내경과 한핵세를 구성해 용횡견 사업에 본격 진출했다
p26_u40,p26,ce_invisible,에스케이텔해콤의 경쟁상이 회이티는 지난해 십 일 일 대한항공 한대자들이 사 한대 전사대용과 한국차를 구성해 이해현 사업에 본격 진출했다
p26_u41,p26,taps,한강수 공무총일리가 십 칠 일 반잠도 이전채 무안마을 빈셀만 사우비아라비아 왕회자를 연겹했다
p26_u41,p26,ce,한국도 국무등외가 십 칠 일 반담부 이은세 무하마을 보는 달만 떠비아다비아 와의 세달를 언렵했다
p26_u41,p26,ce_s40,한국도 국무등외가 십 칠 일 반담부 이은세 모하마을 부는 달만 성비아다비아와의 생달를 언렵했다
p26_u41,p26,ce_s80,한덕도 국무등에가 십 칠 일 반담도 이은세 모마을 부는 달만 평비하라비아와의 회달이 역력했다
p26_u41,p26,ce_s160,한덕도 국무등에가 십 칠 일 반잠도 이전세 모하마을 붙는 달만 싸비아다비아와의 배달이 언렵했다
p26_u41,p26,taps_s80,한당수 국무총리가 십 칠 일 반잠도 이전채 무안마을 빈사만 사우디아라비아 왕세자를 연답했다
p26_u41,p26,taps_s160,한달수 공보총리가 십 칠 일 반잠도 이전채 무한마을 빈사만 사우비아라비아 왕세자를 연급했다
p26_u41,p26,ce_visible,한국도 국무등외가 십 칠 일 반담부 이은세 무하마을 부는달만 떠비아다비아 와의 세달를 언렵했다
p26_u41,p26,ce_invisible,한강수 공무총리가 십 칠 일 반잠도 이전채 무안마을 빈셀만 사우비아라비아 왕회자를 연겹했다
p26_u42,p26,taps,막대 오에머니를진 빈사은 왕세달이 둘러싼 각자의 경쟁이 최런 상황을 감안해 택대외에 나선 셈이다
p26_u42,p26,ce,막병 오머니를진 빈삶은 왕세달을 둘러싼 가자의 경생이 새런 상매 가안해 특크 배우에 나선 셈이다
p26_u42,p26,ce_s40,막병 오머니를진 피는 삶은 왕 세달을 둘러싼 가본의 경생이 테런 상매 가안해 특크 배우에 나선 셈이다
p26_u42,p26,ce_s80,막병 머니되진 빈삶은 왕 세달을 둘러싼 가본의 경생이 치로 상매 가안해 특크 배우에 나선 셈이다
p26_u42,p26,ce_s160,막병 오머니를진 빈 삶은 왕세달을 둘러싼 가본의 광생이 테한 상네 가안에 특크 배우에 나선 셈이다
p26_u42,p26,taps_s80,박달 로에머니를진 빈사은 왕세달의 둘러싼 각자의 경쟁이 최런 상황을 감안해 특각 대에 나선 셈이다
p26_u42,p26,taps_s160,막대 오에머니를진 빈사은 왕세달의 둘러싼 각자의 경쟁이 최런 상황을 감안해 특각 대우에 나선 셈이다
p26_u42,p26,ce_visible,막병 오머니를진 빈삶은 왕세달을 둘러싼 가자의 경생이 치한 상매 가안해 특크 배우에 나선 셈이다
p26_u42,p26,ce_invisible,막대 오에머니를진 빈사은 왕세달이 둘러싼 각자의 경쟁이 최런 상황을 감안해 택대외에 나선 셈이다
p26_u43,p26,taps,한풍민는 이날 오전 영 시 삼십 분쯤 당시 성문서울 공아 등에 입한 빈사 만 왕세대를 언접했다
p26_u43,p26,ce,한풍민는 이는 오전 영 세 삼십 분 쯤 경기성분 서울공할 등의 입백한 비행할 마 아 세달에 연접했다
p26_u43,p26,ce_s40,한풍계는 이는 오전 영 세 삼십 분 쯤 경기성진서울공할 동해 입백한 비행할마 아 세달을 연접했다
p26_u43,p26,ce_s80,한풍계는 이는 오전 영 세 삼십 분센 쯤 경기 성공 서울공 할 동해 이백한 빈행할마 아후 세달해 언답했다
p26_u43,p26,ce_s160,한풍들는 이는 오전 영 세 삼십 분쯤 경기성진서울공 활 동해 입백한 비행사 마 왕 세달해 언답했다
p26_u43,p26,taps_s80,한풍민는 이날 오전 영 시 삼십 분쯤 당시 성문서울 공아 등에 입한 빈삶 만 왕세대를 언합했다
p26_u43,p26,taps_s160,한풍미은 이날 오전 영 시 삼십 분쯤 당시 성문 서울 공아 등에 입숙한 빈사 만 왕세대를 연접했다
p26_u43,p26,ce_visible,한풍민는 이는 오전 영 세 삼십 분쯤 경기성전 서울공할 등의 입극한 비행할 마 아 세달에 연접했다
p26_u43,p26,ce_invisible,한풍민는 이날 오전 영 시 삼십 분쯤 당시 성문서울 공아 등에 입한 빈사 만 왕세대를 언접했다
p26_u44,p26,taps,인사문 왕세장는 전날 인들에협 발리에서 열린 주의 이십 개그 정상회의 결장을 마친 뒤 곧바로 함격을 찾았다
p26_u44,p26,ce,민살본 왕세단은 전날 인근렌배 발레에서 열린 수요 이십 대국 경상매 일정을 맡 뒤 곧바로 홍급을 찾았다
p26_u44,p26,ce_s40,민살본 왕세단은 전날 인근렌페 발리에서 열린 주요 이십백의 광상배 일정을 마 뒤 곧바로 홍고을 찾았다
p26_u44,p26,ce_s80,민살권왕에 나는 전날 인근렌페 발리에서 열린 주요 이십백 경상명 일동을 맞 뒤 곧바로 홍격을 찾았다
p26_u44,p26,ce_s160,민살본 세단은 전날 인근렌배 발리에서 열린 주요 이십백국 경상백 일정을 마틴 뒤 곧바로 선고을 찾았다
p26_u44,p26,taps_s80,빈사문 왕세장는 전날 인들에협 발리에서 열린 주의 이십 개그 정상회의 일장을 마친 뒤 곧바로 함격을 찾았다
p26_u44,p26,taps_s160,김삶문 왕세장는 전날 인들에카 발리에서 열린 주의 이십 개국 정상회의 일장을 마친 뒤 곧바로 항격을 찾았다
p26_u44,p26,ce_visible,민살본 왕세단은 전날 인근렌배 발레에서 열린 주요 이십 대국 경상배 일정을 맡틴 뒤 곧바로 홍국을 찾았다
p26_u44,p26,ce_invisible,인사문 왕세장는 전날 인들에협 발리에서 열린 주의 이십 개그 정상회의 결장을 마친 뒤 곧바로 함격을 찾았다
p26_u45,p26,taps,통산 외주부 장관이 기핑이나 공식 상문에는 정상급 인사를 마지 않는데 이처럼 친문간 직접 공항에 나가 외국기기의 영적하는 것은 이례적으로 꼽힌다
p26_u45,p26,ce,성산 외교부 장관이 국등례학 공식 자문하는 정상급 인사를 마지 하는데 이처럼 총문관 직잡공 나가 외국 기인의 언급하는 것은 이례적으로 꼽힌다
p26_u45,p26,ce_s40,총산 외교부 장관이 북등이학 공식 당문하는 정상급 인사를 마지 하는데 이처럼 총문과 직접공에 나가 외국팀의 언급하는 것은 이례적으로 꼽힌다
p26_u45,p26,ce_s80,동산 외교부 장관이 북등례학 공식 발문라는 정상급 인사를 마지 하는데 이처럼 총리과 직접 공에 나가 외국 기민의 언급하는 것은 이례적으로 꼽힌다
p26_u45,p26,ce_s160,통산 외교부 장관이 고등인 학 공식 사문하는 정상급 인사을 마지 하는데 이처럼 총문과 직접 공에 나가 외국 기민의 언급하는 것은 이례적으로 꼽힌다
p26_u45,p26,taps_s80,통산 외교부 장관이 국핑이나 공식 상문하는 정상급 인사에 마지 않는데 이처럼 침문간 직접 공항에 나가 외국기기의 영적하는 것은 이례적으로 꼽힌다
p26_u45,p26,taps_s160,통산 외주부 장관이 기핑이나 공식 상문에는 정상급 인사에 마지 않는데 이처럼 측문간 직접 공항에 나가 외국 기기의 영접하는 것은 이례적으로 꼽힌다
p26_u45,p26,ce_visible,성산 외교부 장관이 국등례학 공식 자문하는 정상급 인사를 마지 않는데 이처럼 총문관 직접공 나가 외국 기인의 언급하는 것은 이례적으로 꼽힌다
p26_u45,p26,ce_invisible,통산 외주부 장관이 기핑이나 공식 상문에는 정상급 인사를 마지 않는데 이처럼 친문간 직접 공항에 나가 외국기기의 영적하는 것은 이례적으로 꼽힌다
p26_u46,p26,taps,한승민 같은 날 오전 해국방쿠에사 열리는 아시아태평인 경제 현력자 참석에 비해 출국이 예상돼 있었다
p26_u46,p26,ce,한슨에는 같은 날 오전 해근 당국에 열리는 아시셀아 태풍노 경쟁 헌력세 삼사 기에 철 국이 예정돼 있었다
p26_u46,p26,ce_s40,한승에는 같은 날 오전 해국 당국에 열리는 아시아 태평용 경쟁 헌력세 삼사 위에 탈국이 예정돼 있었다
p26_u46,p26,ce_s80,한승민는 같은 날 오전 해국 당국에 열리는 아시셀 태풍노 경제 하력세 삼들레 기에 탈국이 예정돼 있었다
p26_u46,p26,ce_s160,한국민는 같은 날 오전 해근 방국에 열리는 아시셀아 태평몬 경제 합력세 삼들레기의 틀궁히 예정돼 있었다
p26_u46,p26,taps_s80,한국민 같은 날 오전 태국방쿠에사 열리는 아시아태평인 경제 현력자 참석에 비해 출국이 예정돼 있었다
p26_u46,p26,taps_s160,한국민는 같은 날 오전 태국방국에사 열리는 아시아태평인 경제 현력제 참석에 비해 출국기 예정돼 있었다
p26_u46,p26,ce_visible,한승에는 같은 날 오전 해근 당국에서 열리는 아시셀아 태풍노 경쟁 헌력세 삼사대 기의 철 국이 예정돼 있었다
p26_u46,p26,ce_invisible,한승민 같은 날 오전 새국방쿠에사 열리는 아시아태평인 경제 현력자 참석에 비해 출국이 예상돼 있었다
p26_u47,p26,taps,한정미가 바은 새벽 결정을 쏘아한 것은 빈사만 오세자의 방안에 남다라 느미가 있기 때문이다
p26_u47,p26,ce,한풍리가 답근 새벽 결정을 쏘한 것은 빈설만 오세나의 방안에 남다른 의미가 있기 때문이다
p26_u47,p26,ce_s40,한풍미가 박근 새벽배 결정을 쏘한 것은 빈설만 원세나의 방안에 남다른 의미가 있기 때문이다
p26_u47,p26,ce_s80,한풍희가 박근 새벽배 결정을 쏘한 것은 빈설만 원에나의 방안에 남다른 의미가 있기 때문이다
p26_u47,p26,ce_s160,한풍리가 박꾼 새배 결정을 쏘한 것은 빈설만 오에나의 방안에 남다른 의미가 있기 때문이다
p26_u47,p26,taps_s80,한정미가 바근 새벽 결정을 쏘아한 것은 빈사문 오세자의 방안에 남다라 내미가 있기 때문이다
p26_u47,p26,taps_s160,한정미가 바은 새벽 결정을 쏘아한 것은 빈사만 원세자의 방안에 남다를 이미가 있기 때문이다
p26_u47,p26,ce_visible,한총희가 박근 새벽 결정을 쏘한 것은 빈설만 없에나의 방안에 남다른 의미가 있기 때문이다
p26_u47,p26,ce_invisible,한정미가 바은 새벽 결정을 쏘아한 것은 빈사만 오세자의 방안에 남다라 느미가 있기 때문이다
p26_u48,p26,taps,사우디아라비아의 실세인 빈세문 응세장는 총사업비가 오천억달러에 해당하는 매가 프로젝트 뇌용시피 사업을 주도하고 있다
p26_u48,p26,ce,따우비 아가비아의 실세인 빈설문세나는 총사업비가 오천억달라에 해당하는 매가 프로젝트 뇌우 시피 사업에 주도하고 있다
p26_u48,p26,ce_s40,따우디 아가다비아의 실생인 빈설무 세나는 총사업계가 오천억 달러에 해당하는 매가 프로젝트 뇌우 시트 사업에 주도하고 있다
p26_u48,p26,ce_s80,따우디아라비아의 실세인 빈설무 어세나는 총사업계가 오탄억 달라에 해당하는 매가 프로젝트 뇌우 센트 사업에 주도하고 있다
p26_u48,p26,ce_s160,따우비 아라비아의 실세인 빈설문 어세나는 총사업비가 오탄억팔라에 해당하는 매가 프로젝트 뇌온센트 사업에 주도하고 있다
p26_u48,p26,taps_s80,사우디 아라비아의 실세인 빈세문 왕응세장는 총사업계가 오터억달러에 해당하는 매가 프로젝트 뇌온시키 사업을 주도하고 있다
p26_u48,p26,taps_s160,사우디아라비아의 실세인 빈설무 응세장은 총사업디가 오터억달러에 해당하는 매가 프로젝트 뇌용시티 사업을 주도하고 있다
p26_u48,p26,ce_visible,사우비아가비아의 실세인 빈설문 세나는 총사업비가 오천억달라에 해당하는 매가 프로젝트 뇌우 시피 사업에 주도하고 있다
p26_u48,p26,ce_invisible,사우디아라비아의 실세인 빈세문 응세장는 총사업비가 오천억달러에 해당하는 매가 프로젝트 뇌용시피 사업을 주도하고 있다
p26_u49,p26,taps,해랑 사업에 두고 글로벌 스습 경장이 벌어지고 있는 가운데 우리 정부도 사대이 신경을쓰지 않을 수 없는 상황이다
p26_u49,p26,ce,해통 파업에 두고 글로벌 수수경쟁의 벌어지고 이을 가운데 우리 정부도 박절이 생각을 쓰 지 않을 수 없는 상황이다
p26_u49,p26,ce_s40,해동 파업에 두고 글로벌 수수경쟁의 벌어지고 이는 가운데 우리 정부도 박별이 생각을 쓰 지 않을 수 없는 상황이다
p26_u49,p26,ce_s80,해동 폐업에 두고 글로벌이 수수경량이 벌어지고 이는 가운데 우리 정부도 답별이 생명을 쓰 지 않을 수 없는 상황이다
p26_u49,p26,ce_s160,해동 폐업에 누고 글로바 수수경장이 벌어지고 있는 가운데 우리 정부도 답별히 생각을 쓰지 않을 수 없는 상황이다
p26_u49,p26,taps_s80,해랑 사업을 두고 글로벌 수습 경쟁이 벌어지게 있는 가운데 우리 정부도 사들이 신경을쓰지 않을 수 없는 상황이다
p26_u49,p26,taps_s160,프랑 사업을 두고 글로벌 수습 경장이 벌어지고 있는 가운데 우리 정도도 사들이 신경을쓰지 않을 수 없는 상황이다
p26_u49,p26,ce_visible,해통 파업에 두고 글로벌 수수경쟁의 벌어지고 이을 가운데 우리 정부도 박절이 생각을 쓰지 않을 수 없는 상황이다
p26_u49,p26,ce_invisible,해랑 사업에 두고 글로벌 수습 경장이 벌어지고 있는 가운데 우리 정부도 사대이 신경을쓰지 않을 수 없는 상황이다
p26_u50,p26,taps,이런 방안이 강일치이었다는 점에서 조아진시 간권은 정부에 백제한 형대를 위해 한 창격에 높이의 필요가 있었다는 해적이 나온다
p26_u50,p26,ce,이번 방안이 당일 특비였다는 점에서 조아진 실년동건 정의 부뜨는 공계를 위해 한충법을 높이 필요가 있었다는 회석이 나온다
p26_u50,p26,ce_s40,이번 방안이 당일 수그였다는 점에서 조아진 실간동원 정부의 부증는 공계를 위해 한푼법을 높이 필요가 있었다는 회석이 나온다
p26_u50,p26,ce_s80,이번 방안이 당일 세계였다는서에서 조아진 실환 동건 정부의 부진는 공계를 위해 한풍 법을 높이 필요가 있었다는 해석이 나온다
p26_u50,p26,ce_s160,이번 방안이 당일 시그였다는 점에서 조아진 실간 동건 정부의 부제는 공계를 위해 한풍 법을 높이 필요가 있었다는 해석이 나온다
p26_u50,p26,taps_s80,이런 방안이 당일측이었다는 점에서 조어진시 현권은 정부에 직제한 형대를 위해 한 창격에 높이의 필요가 있었다는 해석이 나온다
p26_u50,p26,taps_s160,이런 방안이 당일시이었다는 점에서 조아진시 현권은 정부의 직제한 황형대를 위해 한 창격에 높이의 필요가 있었다는 해석이 나온다
p26_u50,p26,ce_visible,이번 방안이 강일 특비였다는 점에서 조아진 실년동건 정부의 본진는 공계를 위해 한푼법을 높이 필요가 있겼다는 회석이 나온다
p26_u50,p26,ce_invisible,이런 방안이 강일치이었다는 점에서 조아진시 간권은 정부에 백제한 형대를 위해 한 창격에 높이의 필요가 있었다는 해적이 나온다
p26_u51,p26,taps,문제인 정부 때인 이천 십키년 유 월 빈 사 망 왕새가 방한 상실로 이 학년 충례가 공항에 나라 언집했었다
p26_u51,p26,ce,문등 정부때 이천 십 구 년 유 월 김 사은 오세다 방한 상세에도 이 날등 송 이배가 호에 나가 영답했었다
p26_u51,p26,ce_s40,문등 정부때 이천 십구 년 유 월 빈 사은 오세가 방한 방에도 이 날등 송리가 거에 나라 영답했었다
p26_u51,p26,ce_s80,문생 정부때 이천 백 구 년 유 월 빈 사은 오세가 방한 상에에도 이날 경 송배가 공에 나가 영답했졌다
p26_u51,p26,ce_s160,문생 정부때 이천 백 구 년 육 월 빈 사은 왕세가 방한상세에도 이 학은 송보가 공호에 나라 영답했썼졌다
p26_u51,p26,taps_s80,문재인 정부 때인 이차 십키는 유 월 빈사 만 왕세가 방한 장실로 인 학년 총리가 공항에 나라 영집했었다
p26_u51,p26,taps_s160,문제인 정부 때인 이천 십키는 유 월 빈 사맛 왕제가 방한 상실로 인 학년 숭리가 공항에 나라 영집했었다
p26_u51,p26,ce_visible,문편 정부때 이천 십 구 년 유 월 김 사은 오세다 방한 상세에도 이 날등 송 이배가 호에 나가 영답했었다
p26_u51,p26,ce_invisible,문제인 정부 때인 이천 십키년 유 월 빈 사 망 왕새가 방한 상실로 이 학년 충례가 공항에 나라 언집했었다
p26_u52,p26,taps,총리시 관계자는 사우디 아합비가 강제와 안보 측면에서 각다한 내미를 지닌 중년 국가인 만큼 관례 등에 고려의 설적한 것이라고 설명했다
p26_u52,p26,ce,서실계 관계자은 사우대아합비아가 강제와 안보 측명에서 각별한 매미를 지린 중명국가인 만큼 관례등을 꾸려해 활성한 것이라고 설명했다
p26_u52,p26,ce_s40,서실실 관계자은 사우대아합비아가 강제와 안보측장에서 각별한 매미를 세린 중명국가인 만큼 관례등을 꾸려해 활성한 것이라고 설명했다
p26_u52,p26,ce_s80,서실세 관계자는 사우대아합비아가 강제와 안보 측장에서 각별한 매미를 세린 중명국가인 만큼 관례등을 고려 활성한 것이라고 설명했다
p26_u52,p26,ce_s160,서준실 관계자은 사우대아합비아가 경제와 안보 측장에서 각별한 매미를 세인 중명국가인 만큼 관례등을 고려해 활성한 것이라고 설명했다
p26_u52,p26,taps_s80,총해시 관계자는 사우디 아합대가 강제와 안보 측면에서 각별한 내미를 지닌 중년 국가인 만큼 관례등에 불려 설정한 것이라고 설명했다
p26_u52,p26,taps_s160,총리시 관계자는 사우디 아합대가 강제와 안보 측면에서 각다한 내미를 지닌 중년 불가인 만큼 관례등에 불려 설적한 것이라고 설명했다
p26_u52,p26,ce_visible,서실서 관계자은 사우대아합비아가 강제와 안보 측명에서 각별한 매미를 지린 중명국가인 만큼 관례등을 꾸려 활성한 것이라고 설명했다
p26_u52,p26,ce_invisible,총시시 관계자는 사우디 아합비가 강제와 안보 측면에서 각다한 내미를 지닌 중년 국가인 만큼 관례 등에 고려의 설적한 것이라고 설명했다
p26_u53,p26,taps,재 사십 사회 총무기 정식 중고된 학생 사객 들회가 지난 오 일부터 팔 일까지 경북 포쇄는 사객장에선 성원내에 개체됐다
p26_u53,p26,ce,재 삼십 사회 총무교 정규 중고등 학생 판견대가 지난 오 일부터 팔 일까지 경북 포페을 사격장에서 소문내에 개쇄됐다
p26_u53,p26,ce_s40,재 사십 사일 총무교 정주 중고등 학생 판인별가 지난 오 일부터 팔 일까지 경북포홈페의 사격장에서 소원내에 개쇄됐다
p26_u53,p26,ce_s80,재 사십 사일 총무교 정주 중고등학생 사견별과 지난 오 일부터 팔 일까지 경북포 홈페을 사격장에서 소원내 발쇄됐다
p26_u53,p26,ce_s160,재 사십 사 회 총무교 정식 중고등 학된 사견대가 지난 오 일부터 팔 일까지 경북 포페을 사격장에서 소송내에 개쇄됐다
p26_u53,p26,taps_s80,재 사십 사회 총무기 정식 중고등 학생 사객별가 지난 오 일부터 팔 일까지 경부 폰쇄 사객장에선 성문내에 개체됐다
p26_u53,p26,taps_s160,재 사십 차회 총무기 정식 중고등 학생 사게별가 지난 오 일부터 팔 일까지 경부 판진 사객장에선 상문내에 개최됐다
p26_u53,p26,ce_visible,재 삼십 사회 총무교 정규 중고등 학생 판견대가 지난 오 일부터 팔 일까지 경북 포페을 사격장에서 소문내에 개쇄됐다
p26_u53,p26,ce_invisible,재 사십 사회 총무기 정식 중고된 학생 사객 들회가 지난 오 일부터 팔 일까지 경북 포쇄는 사객장에선 성원내에 개체됐다
p26_u54,p26,taps,이번 대회는 서회사거리 주기 회자 이어 전체 간진이 참여할 찌라진 첫 대회로 정국에서 백 사십개팀 천 백 칠십 명의 선수당이 처과했다
p26_u54,p26,ce,이번 배에는 서회적거리 누개 회재 이후 전세 가능데 삼 여 치아진 첫행으로 정국에서 백 삼세케풍 천 백 칠십 명의 선수당이 처가 했다
p26_u54,p26,ce_s40,이번 배에는 서회거리 누개 회재 이을 전세 가능성이 참여 치아진 첫행으로 정국에서 백 사세케풍 천 백 칠십 명의 선수당이 상가 했다
p26_u54,p26,ce_s80,이번 배에는 사회적거리 누기 회재 이후 전세 가이 삼 월 치아진 첫택으로 정국에서 백 삼세케풍 천 백 칠십 명의 선수당이 처가 했다
p26_u54,p26,ce_s160,이번 병는 서회적거리누기 회재 이후 전세 가데 삼 일 치거진 첫택으로 전국에서 백 산세케풍 천 백 칠십 명의 선수당이 처가 했다
p26_u54,p26,taps_s80,이번 대회는 사회적거리 주기 회재 이어 전체 간진이 참여 찌어진 첫태회로 정국에서 백 사십 개팀 천 백 칠십 명의 선수당이 처가했다
p26_u54,p26,taps_s160,이번 대행는 서회적 거리 주기 회재 이어 전체 간진이 참여 찌라진 첫대회로 정국에서 백 사십개팀 천 백 칠십 명의 선수당이 처가했다
p26_u54,p26,ce_visible,이번 배에는 서회도거리 누개 회재 이후 전세 가능데 삼 일 치아진 첫행으로 정국에서 백 삼세케풍 천 백 칠십 명의 선수당이 처가 했다
p26_u54,p26,ce_invisible,이번 대회는 서회사거리 주기 회자 이어 전체 간진이 참여할 찌라진 첫 대회로 정국에서 백 사십개팀 천 백 칠십 명의 선수당이 처과했다
p26_u55,p26,taps,공기소팀과 공기 관총 부대 진 및 여덟 대 회비 길물에서 반체 및 개행장계에서 대대를 펼쳤다
p26_u55,p26,ce,경기부품과 공기관총 휴대 상산 및 여덟 개 회부 동몰에서 반세 및 행금계에서 대개를 밝혔다
p26_u55,p26,ce_s40,경기부품과 공기관총 휴대 생만 및 여덟 개 회부 동몰에서 반세 및 대행금계에서 대결를 밝혔다
p26_u55,p26,ce_s80,경기부품과 공기관총 휴대 진산 및 여덟 개 회부 동물에서 단세 및 행금계에서 대달를 밝혔다
p26_u55,p26,ce_s160,경기부은덕 공기관총 휴대 생문는 여덟 개 회부 동물에서 단세 및 대행금계에서 배개를 밝쳤다
p26_u55,p26,taps_s80,공기소팀과 공기관총 부개 진량 및 여덟 대 세비 길물에서 단체 및 대행경계에서 대대를 펼쳤다
p26_u55,p26,taps_s160,공기부팀과 공기관총 부데 진 및 여덟 대 세류 길물에서 반체 및 개행경계에서 대개를 펼쳤다
p26_u55,p26,ce_visible,경기부품과 공기관총 휴대 상산 및 여덟 개 회부 동몰에서 간세 및 행금계에서 대개를 밝혔다
p26_u55,p26,ce_invisible,공기소팀과 공기 관총 부대 진 및 여덟 대 회비 길물에서 반체 및 개행경계에서 대대를 펼쳤다
p26_u56,p26,taps,공기은손 증목 남고 단세 방문에서는 전북 체고가 이이 안남구가 이 한일그가 삼 매를 찾지했으며 개인자의 허른 전북 체고의 정진이 정상에 올랐다
p26_u56,p26,ce,공기은 선 선목 나누고 단세 본분에서는 전북 세고가 일 일 안나무가 이 한 일국가 삼위을 사짐했으며 대행들에서는 전북 체고의 정등이 정상에 올랐다
p26_u56,p26,ce_s40,공기관풍 상목 나누고 단세 본근에서는 전북 세고가 일 일 안나무들가  한 일구가 삼위을 찾짐했으며 베인들에서는 전북 체고의 정물진이 정상에 올랐다
p26_u56,p26,ce_s80,경기관풍 선목 나누고 단세 본근에서는 전북 세고가 일 일 안나가  한 일국가 삼위를 찾짐했으며 베행던에서는 전북 세고의 정모등이 정상에 올랐다
p26_u56,p26,ce_s160,광기권풍 상목 나누고 단세 본근에서는 전북 세고가 일 일 안남가 이 한 일가 삼위을 사짐했으며 대인별에호는 전북 체고의 정모등이 정상에 올랐다
p26_u56,p26,taps_s80,공기곤송 증목 나고 단세 방문에서는 전북 체고가 이이 안남과가 이 한일그가 삼 매를 찾지했으며 개인자의 서른 전북 체고의 정진이 정상에 올랐다
p26_u56,p26,taps_s160,공기은손 증목 남고 단세 방문에서는 전북 체고가 이리 안남과가 이 한일그가 삼 매를 찾지했으며 개인자의 허른 전부 체고의 정호진이 정상에 올랐다
p26_u56,p26,ce_visible,공기은 선 선목 나누고 단세 본근에서는 전북 세고가 일 일 안나무가 이 한 일국가 삼위을 사짐했으며 대행들에서는 전북 체고의 정등이 정상에 올랐다
p26_u56,p26,ce_invisible,공기은손 증목 남고 단세 방문에서는 전북 체고가 이이 안남구가 이 한일그가 삼 매를 찾지했으며 개인자의 허른 전법 체고의 정진이 정상에 올랐다
p26_u57,p26,taps,여호 단세부는 전남 체그가 일 위 슬명 체휴가 이 부산 연상 여고가 삼 의를 자지했고 개인자는 강원체고에 이부엔인 일 위 연해를 안았다
p26_u57,p26,ce,여구 단세부는 선남 세구가 일 의 최문세계가 이미 부선 영상 여고가 선의를 선지했고 대인들은  강원 세고에 이부여는 의 의의 영해를 않았다
p26_u57,p26,ce_s40,여구 단세부는 전남 세구가 일 의 최선 세계가 이미 부선 영산 여고가 참의를 선리했고 데인들은 강원 세고에 이 부에는 일 의의 연해를 않았다
p26_u57,p26,ce_s80,여구 단세부는 선남 세가 일 의 최선 세계가 이미 부선 영상 여고가 삼 의를 선지했고 개인들은 강원 세고에 이분에는 일 의의 영해를 않았다
p26_u57,p26,ce_s160,여구 단세부는 전남 세계가 일 의 최선세계가 이미 부선 명상 여고가 참의를 사지했고 데인들은 강원 최고에 이부에는 의 의의 영해를 않았다
p26_u57,p26,taps_s80,여호 단세부는 전남 체그가 일 위 숙명 체휴가 이 부산 연상 여고가 참 의를 자지했고 개인자은 강원체고에 이부엔인 일 위해 연해를 안았다
p26_u57,p26,taps_s160,여호단세부는 전남 체그가 일 위 출남 체휴가 이 부산 연상 여부가 상의를 자지했고 개인절은 강원체고의 이부엔인 일 위 연해를 안았다
p26_u57,p26,ce_visible,여구 단세부는 선남 세구가 일 의 최문세계가 이미 부선 영상 여고가 선의를 선지했고 대인들은 강원 세고에 이부여는 의 의에 영해를 않았다
p26_u57,p26,ce_invisible,여호 단세부는 전남 체그가 일 위 슬명 체휴가 이 부산 연상 여고가 삼 의를 자지했고 개인자는 강원체고에 이부엔인 일 위 연해를 안았다
p26_u58,p26,taps,공기원 종 남중 단체 부는 광주체증의 일 위 버질리 이 현체등이 삼 위에 올랐으며 개인장 일 위는 천명 등에 이해양이 차지했다
p26_u58,p26,ce,경기권에손 남종 반세 본부는 광주 체의 일 인 목페의 일 리 현류 등인 삼위에 올랐으며 개인더 일 위는 선문을 눈에 이해경에 차지했다
p26_u58,p26,ce_s40,공기권에서 남종 반세 부부는 광해수 체근의 일 인 목페의 일 리 한류 등일 삼 위에 올랐으며 개원던 일 위는 선선을 눈에 이해경을 차지했다
p26_u58,p26,ce_s80,공기권에손 남종 반세 본부는 강해주 체근의 끼 이 목페리 일 인 한류 등일 삼위에 올랐으며 개원던 일 위는 선 등에 이해경에 차지했다
p26_u58,p26,ce_s160,공기원풍 남종 반세본부는 광주 체근의 일 인 목백의 일  선류 등일 삼위에 올랐으며 베원병 일 위는 선문 등에 이해명이 사리했다
p26_u58,p26,taps_s80,공기원 종 남중 단체 부모는 광주체증의 일 위 버대리 이 선유등이 삼 위에 올랐으며 개인장 일 위는 천남 등의 이해양이 차지했다
p26_u58,p26,taps_s160,공기원 종 남중 단체 부모는 강주 체증의 일 인 버대리 이 선유등이 삼 위에 올랐으며 개인전 일 위는 천남 등의 이해양이 차지했다
p26_u58,p26,ce_visible,경기권에손 남종에 반세 본부는 광주 체의 일 인 목페의 일 리 현류 등인 삼위에 올랐으며 개인더 일 위는 선문을 눈에 이해경에 차지했다
p26_u58,p26,ce_invisible,공기원 종 남중 단체 부는 광주체증의 일 위 버질리 이 현체등이 삼 위에 올랐으며 개인장 일 위는 천명 등에 이해양이 차지했다
p26_u59,p26,taps,가중 단체본는 서상여진 엄사중 전선 승에 각각 일 인 이 삼 미를 기으했으며 야중 세인전 일 일은 수서상여 등의 김면해가 차지했다
p26_u59,p26,ce,너중산 세부는 서상여준 검사중 강선등에 가각 일 일 일  선류 된 기록했으며 여중 대인방 일 위는 포상여자의 백 년호가 탈지했다
p26_u59,p26,ce_s40,버중산세부는 서상여준 엄사중 강선등에 가각 일 일 일 이 선개된 기록했으며 여중 배응장 일 위는 포상여자의 백 년호가 탈유했다
p26_u59,p26,ce_s80,너중 산 세부는 서상여등 검사중 강선등에 가각 일 일 일 이 선유될 기록했으며 여성 재응당 일이는 포상여대의 백 년호가 판기했다
p26_u59,p26,ce_s160,너중산 세부는 서상여준 검사중 방선등에 가각 일 일 일 이 선류된 기록했으며 여종 배인반 일 위는 포상여휴의 백 년호가 차유했다
p26_u59,p26,taps_s80,가중 전세근는 서상여진 검사정 장선승에 각각 일 인 이 삼 일를 기으했으며 야준 세인 전 일 일은 서상여 등의 김명해가 차지했다
p26_u59,p26,taps_s160,가중 단세근의 서상여진 엄사정 전선승에 각각 일 일 이 삼 일를 기으했으며 야준 세인 전 일 일은 서상여 등의 김면 해가 차지했다
p26_u59,p26,ce_visible,너중산 세부는 서상여준 엄사중 강선등에 가각 일 일 일  선류 된 기록했으며 여중 세인방 일 위는 포상여자의 백 년호가 탈지했다
p26_u59,p26,ce_invisible,가중 단체본는 서상여진 엄사중 전선 승에 각각 일 인 이 삼 미를 기으했으며 야준 세인전 일 일은 수서상여 등의 김면해가 차지했다
p26_u60,p26,taps,공기자청 증맘 남구 단세 본부는 한광부가 일 위 인선 체그가 이 일산 선고가 참 유를 찾지해으며 개인전 일이는 한과과 출신에 방생어가 차지했다
p26_u60,p26,ce,공비부통 부근 남고 당사 본은 한광호가 인천 회그관이의 울산 선보가 삼 일를 차지했때 베인 단 일이해 황광부 출신의 방사어가 차지했다
p26_u60,p26,ce_s40,공비자통부문 남고 당사 봉간은 한광호가 인천 회그가 의 울산 선보가 삼 일를 사지했고며 베인더미이는 황광고출신의 방사화가 차지했다
p26_u60,p26,ce_s80,공비자통부문 남고 당사 본과은 한광부가 일  인천 세그가  울산 선보가 삼 일를 사지했으며 겨인던 일이는 홍광구출신의 방사화가 차지했다
p26_u60,p26,ce_s160,공비 교통 부문 남고 당세 본다은 한광호가 인천 세고관 이너의 울산 선보가 삼 일를 사지했고며 베인던 일이는 성광부출신의 방사화가 차지했다
p26_u60,p26,taps_s80,공기자청 정맘 남구 단세 부부는 한광보가 일 위 인선세 이 일산 선고가 참유를 찾지해으며 개인전 일이등 한광구 출신의 방생호가 차지했다
p26_u60,p26,taps_s160,공기소청 정맘 남구 단세 부부은 한광부가 이 위 인선체 이 일산 선과가 삼 일를 찾지해으며 개인전 일이등 한과구 출신의 방생화가 차지했다
p26_u60,p26,ce_visible,공비자통 부근 남고 단사 본과은 한광호가 인천 체그관에 울산 선보가 삼 위를 차지했때며 베인사 일이는 황광부 출신의 방사어가 차지했다
p26_u60,p26,ce_invisible,공기자청 증맘 남구 단세 본부는 한광부가 이 위 인선 체그가 이 일산 선고가 참 유를 찾지해으며 개인전 일이는 한과과 출신에 방생어가 차지했다
p26_u61,p26,taps,여울 단세 는 경북체기가 일 위 일산여상 일 선학매개가 삼 의를 기으했으며 개인전 일 위는 대기 최고의 인형인이 올랐다
p26_u61,p26,ce,여구 단세 부분은 방복 체계가 일 일 울산라 사년 일 일 천원여대가 사의를 그록했으며 대육변 이 위는 발구체고의 인용회이 올랐다
p26_u61,p26,ce_s40,여구 단세 부분은 경복 체계가 일 일 일산여사는 일 일 천원여들가 삼의를 그으했으며 대일변 일 위는 대구체고의 인용회이 올랐다
p26_u61,p26,ce_s80,여구단세 부분은 경북 체계가 일 일 울산여상의 일 일 천원여기가 선의를 기록했으며 대일던 일 위는 대구체고의 인용에이 올랐다
p26_u61,p26,ce_s160,여구단세 부분은 방북 체계가 일 일 울산여상의 일  천원여의가 사의를 기으했으며 대일변 일 위는 발구체고의 인용에이 올랐다
p26_u61,p26,taps_s80,여울 단체 는 경북 체기가 일 위 일산여상 일 천학세계가 삼 의를 기으했으며 개인전 일 위는 대기 최고의 인형원이 올랐다
p26_u61,p26,taps_s160,여울 단세 부는 경북체기가 일 위 일산여 상 이 선나세계가 삼 의를 기으했으며 개인전 일 위는 대기 최고의 인형인이 올랐다
p26_u61,p26,ce_visible,여구 단세 부분은 방복 체계가 일 일 울산라 사년 일 일 천원여대가 사의를 그록했으며 대육변 이 위는 발구체고의 인용회이 올랐다
p26_u61,p26,ce_invisible,여울 단세 는 경북체기가 일 위 일산여상 일 선학매개가 삼 의를 기으했으며 개인전 일 위는 대기 최고의 인형인이 올랐다
p26_u62,p26,taps,공기소건 남장 반세 본부는 경북 체증 일 이 한광중 이 렌천정인 삼 일를 찾지했으며 개인전 일 위는 소문 중의 화생 명이 등장했다
p26_u62,p26,ce,공기 서풍 남중 반사 본원엔 경북 체종의  순과소는 이 미 매천 형의 선위를 가지했으며 데인변 일이는 소문 중인 화생 명이 등급했다
p26_u62,p26,ce_s40,공기 소은 남중 단세 본원엔 경북 체종의 리당형소는 이 이 매차형의 삼미를 차되했으며 데인병 일이는 소문을 중에 화생명이 등급했다
p26_u62,p26,ce_s80,경기 상풍 남중 단체 본원엔 경북 체증의 리 성당학사는 이 이 매차흔이 선미를 차되했으며 개인병 일이는 선문 중일 화생명이 등급했다
p26_u62,p26,ce_s160,공기 소풍 남등 반사 본문엔 경북 체종의 리 성과넷선는 이 미 매찬 현의 삼미를 차지했으며 대인전 끼이는 포문의 등에 화생명이 등급했다
p26_u62,p26,taps_s80,공기소판 남장 반세 본부는 경북 체증 일 이 한광 증 이 매찬정인 삼 의를 찾지했으며 개인전 일 위는 소문 중의 화생 명이 등객했다
p26_u62,p26,taps_s160,공기소탄 남성 반세 부부는 경북 체증 일 이 한광준 이 매찬정인 삼 의를 찾지했으며 개인전 일 이는 소문 중의 화생 눈이 등객했다
p26_u62,p26,ce_visible,공기 서풍 남중 반체 본원엔 경북 체종의이  성과소는 이 미 매천 형의 선위를 가지했으며 개인전 일이는 소문 중인 화생 명이 등급했다
p26_u62,p26,ce_invisible,공기소건 남장 반세 본부는 경북 체증 일 이 한광중 이 렌천정인 삼 일를 찾지했으며 개인전 일 위는 소문 중의 화생 명이 등장했다
p26_u63,p26,taps,여성 단세 부문는 경북 체증의 일 이 공원진 이 네천중인 삼매를 자지했고 개인전 일 위는 방북 체진에 회담을 차지했다
p26_u63,p26,ce,여성 단세부분은 방북 체주의 병원이 몇편등 상태를 사지했고 대전 일 이는 방북 체중에 부회담이 차지했다
p26_u63,p26,ce_s40,여동 단세 부분의 경북 체중 의 포원주역이이 내편등의 상의를 사으했고 경전 일 위는 북 체중에 부회담이 사지했다
p26_u63,p26,ce_s80,여든 단세부군의 경북 체중의 의 포원주역 이미 몇편등의 상과를 사으했고 대전 일 위는 방북 체중에 그회담이 사지했다
p26_u63,p26,ce_s160,여름 단세부분은 경북 체주의 의 포원자이 이 몇편등의 상태를 사으했고 개전 일 이는 방북 체진의 그담이 사지했다
p26_u63,p26,taps_s80,여성 단세 부문는 경북 체증의 일 이 동원진 이 네천중인 삼매를 자지했고 개인전 일 위는 방북 체진에 고회담을 차지했다
p26_u63,p26,taps_s160,여성 단세부문는 경북 체증인 일 이 동원진 이 네천중인 삼매를 자지했고 개인전 일 위는 방북 체진에 그회담을 차지했다
p26_u63,p26,ce_visible,여성 단세부분은 경북 체주의 병원이 몇편등 상태를 사지했고 대전 일 이는 방북 체중에 부회담이 차지했다
p26_u63,p26,ce_invisible,여성 단체 부문는 경북 체증의 일 이 공원진 이 네천중인 삼매를 자지했고 개인전 일 위는 방북 체진에 회담을 차지했다
p26_u64,p26,taps,전 세계 주요 가상 업의 거래서가 최근 폭록한 한국산 폰테라와 문화의 거래진단 또을 상장 세지 지체에 나섰다고 불렀버가 십전을 보도했다
p26_u64,p26,ce,전세계 중요 가상업패 거래수가 최근 풍납한 한국산 코홈패자와 문화의 벌려풍단 또은 상품 세대 부채에 나섰다고 분런버개가 속단을 보도했다
p26_u64,p26,ce_s40,전세계 중요 가상업패 거래수가 최근 풍록판 한국산 코홈패라와 문화의 거해중단 또은 상천 패배 부채에 나섰다고 분란법일관 숙단을 보도했다
p26_u64,p26,ce_s80,전생계 주요 가장업파 거래부가 최근 폭력한 한국산 포홈패라와 은화의 거해풍단 또은 상천 세대 부치에 나섰다고 분란버개관 섰점을 보도했다
p26_u64,p26,ce_s160,전세의 주요 가장업파 거래수가 최근 폭록한 한국산 코홈패라와 문화의 거해준단 또은 상성 패드 부치에 나섰다고 불렀버개관 속담을 보도했다
p26_u64,p26,taps_s80,전 세계 주요 가장 업파 거래소가 최근 폭록한 한국산 폰테라와 문화의 거래진단 혹을 창정 퇴지 지체에 나섰다고 불렀버가 십점을 보도했다
p26_u64,p26,taps_s160,전 세계 주요 가장 업의 거래소가 최근 폭록한 한국산 폰테라와 문화의 거래진단 또을 상창 퇴지 지체에 나섰다고 불렀버행가 십 점을 보도했다
p26_u64,p26,ce_visible,전세계 중요 가상업패 거래수가 최근 풍납한 한국산 코홈패자와 문화의 거려중단 또은 상품 세드 부치에 나섰다고 불런버개관 속단을 보도했다
p26_u64,p26,ce_invisible,전 세계 주요 가상 업의 거래서가 최근 폭록한 한국산 폰테라와 문화의 거래진단 또을 상장 세지 지체에 나섰다고 불렀버가 십전을 보도했다
p26_u65,p26,taps,보도에 따르면 대형 가상 앞에 벌에서 오회의 액수는 태양폰 레스가 반영하는 패러와 요화는 물론이고 테학 단록체인 기반의 에커와 미라의 모든 거래를 중개시켰다
p26_u65,p26,ce,부도에 따르면 대형가상 업백 벌에서 우페인 맥수는 테리폰 레스가 반영하는 패러와 문하는 물러이고 테러 록태용 비안의 앵커와 미라의 모든 거래를 두를 스였다
p26_u65,p26,ce_s40,부도에 따르면 대형가상 업해 벌에서 오페인 액사는 테리프 레스가 반행하는 패러와 문하는 물론이고 테러 록체용 비만의 앵커와 미라의 모든 거래를 두를 스였다
p26_u65,p26,ce_s80,부도에 따르면 대형 가상 업백 거에서 오페인 혹스는 테리폰 레스가 반영하는 패러와 문하는 물러이고 테러 록세용 비만의 앵커와 미라의 모든 거래를 정를 스였다
p26_u65,p26,ce_s160,부도에 따르면 대형 가상 업에 걸에서 오페인 맥수는 테리폰 레스가 반영하는 패러와 문화는 물러이고 테러 블록생용 비만의 앵커와 미라의 모든 거래를 두를 스였다
p26_u65,p26,taps_s80,부도에 따르면 대형 가상 앞에 벌에서 오회의 액수는 태양폰 레스가 반영하는 패러와 늘하는 물론이고 테학 단록책인 기반은 에커와 미라의 모든 거래를 짚개시켰다
p26_u65,p26,taps_s160,부도에 따르면 대형 가상 앞에 벌에서 오회 액수는 테극폰 레스가 반영하는 테러와 문화는 물론이고 테학 단록책인 기반에 에커와 미라의 모든 거래를 집시켰다
p26_u65,p26,ce_visible,부도에 따르면 대형가상 업백 벌에서 우페인 맥수는 테리폰 레스가 반영하는 패러와 문하는 물러이고 테러 블록태용 비안의 앵커와 미라의 모든 거래를 두를 스였다
p26_u65,p26,ce_invisible,보도에 따르면 대형 가상 앞에 벌에서 오회의 액수는 태양폰 레스가 반영하는 패러와 요화는 물론이고 테학 단록체인 기반의 에커와 미라의 모든 거래를 중개시켰다
p26_u66,p26,taps,또 다른 아무 앞백 거에서 애프트 액시 이와 관련된 파생상품을 상장 폐제했고 캐리프낙컴도 눈나 미려 거래를 쥔지 시켰다
p26_u66,p26,ce,또다은 아모앞백 거래도 에프트맥사는 이와 관련된 파생품품을 상당 폐지했고 크리프낙컴도 눈나 에  이억 거래를 중대 시켰다
p26_u66,p26,ce_s40,또다은 아모 앞백 거래도 에프트맥사는 이와 관련된 파생품품을 상정 폐기했고 크리프 낙컴도 눈나 에 커 이억 거래를 중지 시켰다
p26_u66,p26,ce_s80,또다은 아모 앞에 거래도 애프트맥사는 이와 관련된 파생품품을 상동 폐기했고 크리프 다컴도 눈나 에 커 이려 거래를 중지 시켰다
p26_u66,p26,ce_s160,또달은 아모앞백 거래도 애프트맥사는 이와 관련된 파생품품을 상정 폐기했고 크리프 닷컴도 눈나 앵커 이억 거래를 중지 시켰다
p26_u66,p26,taps_s80,또 다른 아무 앞백 거래서 애프트 액시 이와 관련된 빠생상품을 상장 폐제했고 틸릭프 낙컴도 눈나 에밀려 거래를 쥔지 시켰다
p26_u66,p26,taps_s160,또 다른 아무앞백 거래서 애프트 액시 이와 관련된 빠생상품을 상장 폐제했고 캐리프낙컴도 눈나 에미려 거래를 준지시켰다
p26_u66,p26,ce_visible,또다은 아모 앞백 거래도 에프트맥스는 이와 관련된 파생품품을 상당 폐기했고 크리프낙컴도 눈나 에  이억 거래를 중대 시켰다
p26_u66,p26,ce_invisible,또 다른 아무 앞백 거에서 애프트 액시 이와 관련된 파생상품을 상장 폐제했고 틸리프낙컴도 눈나 에미려 거래를 쥔지시켰다
p26_u67,p26,taps,미국 최대 가장앞에 거래서 호임데이스도 이십 칠 일부터 거래정도에 나선다고 불론먹여 통신는 전했다
p26_u67,p26,ce,미국 최대 가장업회 열래서 커임베니스도 이십 칠 일부터 거래정기에 나선다고 불론먹일 통지는 전했다
p26_u67,p26,ce_s40,미국 최대 가장업 백 열래서 커임베이스도 이십 칠 일부터 거래정비에 나선다고 불론먹을 통신는 전했다
p26_u67,p26,ce_s80,미국 세대 가장업 백 열래서 포행베니스도 이십 칠 일부터 거래정지에 나선다고 분론먹에 통신는 전했다
p26_u67,p26,ce_s160,미국 최대 가장업회 거래서 프행베니스도 이십 칠 일부터 거래정지에 나선다고 불론먹을 통신는 전했다
p26_u67,p26,taps_s80,미국 최대 가장앞에 거래서 호임데이스도 이십 칠 일부터 거래정부에 나선다고 불론먹여 통신는 전했다
p26_u67,p26,taps_s160,미국 최대 가장앞에 거래서 커임데이스도 이십 칠 일부터 거래정계에 나선다고 불란먹여 통신는 전했다
p26_u67,p26,ce_visible,미국 최대 가장업회 열래서 커임베니스도 이십 칠 일부터 거래정기에 나선다고 불론먹일 통지는 전했다
p26_u67,p26,ce_invisible,미국 최대 가장앞에 거래서 호임데이스도 이십 칠 일부터 거래정도에 나선다고 불론먹여 통신는 전했다
p26_u68,p26,taps,앞서 자우청뽕 파이너스 최고 경행자는 전날 테러프냄스에 대행의 문제 상으며 테러와 아이아의 거래를 증단시켰다
p26_u68,p26,ce,앞서 자우폭폰 바이너스 최고 경행단는 전날 테러폭맥스에 대역의 문제 사으에 패러와 문화의 거래를 중단했시켰다
p26_u68,p26,ce_s40,앞서 자우폭폰 방이아너스 최고 경행단는 전날 테러폭맥스에 달연의 문제 당 으이 테러와 문하의 거래를 중단했시켰다
p26_u68,p26,ce_s80,앞서 자우폭폰 방이너스 최고 경행단는 전날 테러폭맥스에 대연의 문제 당마에 테러와 문하의 거래를 중단했시켰다
p26_u68,p26,ce_s160,앞서 자우폭폰 방이아스 최고 경연이단는 전날 테러폭맥스에 대역의 문제 당오에 테러와 늘하의 거래를 중단했시켰다
p26_u68,p26,taps_s80,앞서 자우천뽕 파이너스 최고 경행자는 전날 테러프냄스에 대의 문제 상으며 테러와 아이아의 거래를 증단시켰다
p26_u68,p26,taps_s160,앞서 자우청뽕 파이너스 최고 경행자는 전날 테러프웹스에 대응의 문제 상으며 테러와 아이아의 거래를 증단시켰다
p26_u68,p26,ce_visible,앞서 자우폭폰 바이너스 최고 경행단는 전날 테러폭맥스에 대연의 문제 사으에 패러와 문화의 거래를 중단시켰다
p26_u68,p26,ce_invisible,앞서 자우청뽕 파이너스 최고 경행자는 전날 테러프냄스에 대행의 문제 상으며 테러와 아이아의 거래를 증단시켰다
p26_u69,p26,taps,그는 테럼폰 액체가 테러의 가격이 일 단러 미틀로 떨어지자 대량으로 찌원는 노가로 테라될 사들려 가격의 이의적으로 보양시키를 했다는 지지로 불판했다
p26_u69,p26,ce,그는 테롭폰 목세가 테러 가격이 일단로 미으로 떨어지자 대량으로 찌고는 논화로 테러을 사들려 가격을 인기적으로 마우스프려 했다는 시지로 비판했다
p26_u69,p26,ce_s40,그는 테롭폰 목스가 테러 가격이 일단로 미으로 떨어지자 대량으로 찌고는 논화로 패러을 사들려 가격을 인기적으로 웨시프려 했다는 시지로 불판했다
p26_u69,p26,ce_s80,그는 테러폰 목스가 페러 가격이 일단로 미으로 떨어지자 대량으로 찌고는 논화로 패러을 사들려 가격을 인기적으로 마스프려 했다는 시지로 불판했다
p26_u69,p26,ce_s160,그는 테럼폰 뉴스가 테러의 가격이 일 단러 미으로 떨어지자 대량으로 찌고는 논화로 테러을 사들려 가격을 인의적으로 빼시코려 했다는 시지로 북판했다
p26_u69,p26,taps_s80,그는 테럼프 액체가 테러의 가격이 일 단러 미틀로 떨어지자 대량으로 찌원는 노사로 테라들 사들려 가격의 인의적으로 보양시키려 했다는 지지로 불판했다
p26_u69,p26,taps_s160,그는 테럼폰 레체가 테러의 가격이 일 단러 미틀로 떨어지자 대량으로 찌원된 노화로 테라틀 사들려 가격의 인위적으로 보양시키를 했다는 지지로 불판했다
p26_u69,p26,ce_visible,그는 테롭폰 목스가 테러 가격이 일단로 미으로 떨어지자 대량으로 찌고는 논화로 테러을 사들려 가격을 인기적으로 마우스코려 했다는 시지로 불판했다
p26_u69,p26,ce_invisible,그는 테럼폰 액체가 테러의 가격이 일 단러 미틀로 떨어지자 대량으로 찌원는 노가로 테라될 사들려 가격의 이의적으로 보양시키를 했다는 지지로 불판했다
p26_u70,p26,taps,바이란스를 포함는 인케 액스 코데이스는 모두 테러의 투자는 세력들이기도 하다
p26_u70,p26,ce,아이는 쏘를포함에 오페 액스 콘뎅스는 모두 패라에 프다는 세력들이기도 하다
p26_u70,p26,ce_s40,아이런따를 포함해 우페 액스 콘벤스는 모두 패라에 프담 세력들이기도 하다
p26_u70,p26,ce_s80,아이랜따를포함에 오페맥스 콘벤스는 모두 패라에 프다는 세력들이기도 하다
p26_u70,p26,ce_s160,아이런 쓰리포함에 우페맥스 콘벤스는 모두 패라에 프다는 세력들이기도 하다
p26_u70,p26,taps_s80,바이란스를포함는 인케 액스 콘데이스는 무두 테러의 투자는 세력들이기도 하다
p26_u70,p26,taps_s160,바이란스를포함는 인케 액스 콘데이스는 모두 테러의 투자는 세객들이기도 하다
p26_u70,p26,ce_visible,아이는 쏘를포함에 오페 액스 콘뎅스는 모두 패라에 프다는 세력들이기도 하다
p26_u70,p26,ce_invisible,바이란스를 포함는 인케 액스 코데이스는 모두 테러의 투자는 세력들이기도 하다
p26_u71,p26,taps,한편 이날 월스트리트전화은 이형 자산에 대한 엄배가 커지면서 글로벌 가상업페 시카페내기 들과 이끌 만에 일 조 달러 이상 증발했다고 보도했다
p26_u71,p26,ce,한편 이날 월리 스트리틀전합된 위험 사산에 대한 우려가 커지면서 글로벌 가상업해 스과 탄핵을 들과 육끌 만에 일조 달러 이상 증발했다고 보도했다
p26_u71,p26,ce_s40,한편 이날 월 스트리틀전아된 위험 자산에 대한 우려가 커지면서 글로벌 가상업해 스과 쳐핵의 들과 육뼈의 만에 일 부 달러 이상 증발했다고 보도했다
p26_u71,p26,ce_s80,한편 이날 월 스트리트전아은 위험 사전에 대한 우려가 커지면서 글로벌 가상업페 스카 쳐핵의 들과 육뼈의 만에 일 부 달러 이상 증발했다고 보도했다
p26_u71,p26,ce_s160,한편 이날 월 스트리프전마된 위험 사산에 대한 우려가 커지면서 글로벌 가상업회 스카 촌액의 들과 육뼈의 만에 일 부 달러 이상 증발했다고 보도했다
p26_u71,p26,taps_s80,한편 이날 월 스트리트전화은 위형 자산에 대한 음배가 커지면서 글로벌 가상업페 시카페내기 들과 이끌 만에 일 조 달러 이상 증발했다고 보도했다
p26_u71,p26,taps_s160,한편 이날 월스트리트전화은 위형 자산에 대한 음배가 커지면서 글로벌 가상업페 시카페내기 들과 이끌 만에 일 조 달러 이상 증발했다고 보도했다
p26_u71,p26,ce_visible,한편 이날 월리 스트리틀전아은 위험 사산에 대한 우려가 커지면서 글로벌 가상업해 색과 탄핵을 들과 육끌 만에 일조 달러 이상 증발했다고 보도했다
p26_u71,p26,ce_invisible,한편 이날 월스트리트전화은 위형 자산에 대한 엄배가 커지면서 글로벌 가상업페 시카페내기 들과 이끌 만에 일 조 달러 이상 증발했다고 보도했다
p26_u72,p26,taps,빅책캔과 이떨리움은 지난해 십 일 월에 가각 이금한 칠천 팔백 이쩜 삼십 달러 사천 팔백 달러로 차장 최고질를 기록했으나 현재 오십 팔 퍼센트 이십 퍼센트씩 하락탄 사트이다
p26_u72,p26,ce,이택컴과 이자리움은 지난해 스일어에 가각 미금은 칠 천 팔백 이쩜 삼십 달러 팔천 팔백 달러로 사범 세 고세를 기록했으나 현백 오십 팔 퍼센트 육십 퍼센트씩 하락 한 셈이다
p26_u72,p26,ce_s40,이택컴과 이자리움은 지난해 스일어에 가까 비금은 칠 천 팔백 이쩜 삼십 달러 사천 팔백 달러로 사정 최 구채를 기롯했으나 현백 오십 팔 퍼센트 육십 퍼센트씩 하락 한 태이다
p26_u72,p26,ce_s80,이택컴과 이떨 리움은 지난해 스 일어에 가까 비공은 칠 천 팔백 이쩜 삼십 달러 사천 팔백 달러로 사정 최 고채를 기롯했으나 현백 오십 팔 퍼센트 육십 퍼센트씩 하락 한 태이다
p26_u72,p26,ce_s160,이택컴과 이자 리움은 지난해 십 일월에 가까 미궁은 칠천 팔백 이쩜 삼십 달러 사천 팔백 달러로 사정 최고실를 기록했으나 현백 오십 팔 퍼센트 육십 퍼센트씩 하락 한 태이다
p26_u72,p26,taps_s80,빅택캔과 이더리움은 지난해 십 일 월에 가까 이금한 칠천 팔백 이쩜 삼십 달러 사천 팔백 달러로 차장 최고질를 기록했으나 현재 오십 팔 퍼센트 이십 퍼센트씩 하락한 사태이다
p26_u72,p26,taps_s160,빅택캔과 이떨리움은 지난해 십 일 월에 가까 이록만 칠천 팔백 이쩜 삼십 달러 사천 팔백 달러로 차장 최고칠를 기록했으나 현재 오십 팔 퍼센트 이십 퍼센트직 하락한 사세이다
p26_u72,p26,ce_visible,이택컴과 이자리움은 지난해 스일라에 가각 미금은 칠 천 팔백 이 쩜 삼십 달러 사천 팔백 달러로 사범 세 고세를 기록했으나 현백 오십 팔 퍼센트 육십 퍼센트씩 하락 한 태이다
p26_u72,p26,ce_invisible,빅책캔과 이떨리움은 지난해 십 일 월에 가각 이금한 칠천 팔백 이쩜 삼십 달러 사천 팔백 달러로 차장 최고질를 기록했으나 현재 오십 팔 퍼센트 이십 퍼센트씩 하락탄 사트이다
p26_u73,p26,taps,에스케이 발이함은 뇌전 생치를 혁신 징학 새호바 메이트가 프랑스에서 반해 허가를 받았다고 그에 밝혔다
p26_u73,p26,ce,에스페의 바이오함은 뇌선 승세를 학생신경 생호바 메이트가 프랑스에서 반해 허가를 받았다고 구일 밝혔다
p26_u73,p26,ce_s40,에스페일바리오함은 뇌선 생치를 학생신력 생노바 메이트가 트랑스에서 발해 허가를 받았다고 구일 밝혔다
p26_u73,p26,ce_s80,에스페이바이오함은 뇌전 생치를 학생신경 생너바 메이트가 프랑스에서 발해 허가를 받았다고 구일 밝혔다
p26_u73,p26,ce_s160,에스페이 바이함은 뇌선 생치를 학생신력 새너바 메트가 프랑스에서 반해 허가를 받았다고 구일 밝혔다
p26_u73,p26,taps_s80,에스케이 바오함은 뇌전치를 혁신 징앙 새호바 메이케가 프랑스에서 반해 허가를 받았다고 그에 밝혔다
p26_u73,p26,taps_s160,에스케이 발오함은 뇌전층칠를 혁신 신앙 새호바 메이트가 프랑스에서 반해 허가를 받았다고 그에 밝혔다
p26_u73,p26,ce_visible,에스페의바이오함은 뇌선 승세를 학생신경 생호바 메이트가 프랑스에서 반해 허가를 받았다고 구일 밝혔다
p26_u73,p26,ce_invisible,에스케이 발이함은 뇌전 생치를 혁신 징학 새호바 메이트가 프랑스에서 반해 허가를 받았다고 그에 밝혔다
p26_u74,p26,taps,이를서 이업 오대 경제대국인 독일 영국 이탈리아 페인 프랑스 출시에 성공했다
p26_u74,p26,ce,이로써 영본 모대 경제 내국인 독일 영국 이탈리아 스페인 프랑스출시에 성공했다
p26_u74,p26,ce_s40,이로써 이본 모해 경제 대국인 독일 영국 이탈리아 스페인 프랑스출시에 성공했다
p26_u74,p26,ce_s80,이로써 영럽 모해 경제대구인 독일 영국 이탈리아 스페인 프랜스출시에 성공했다
p26_u74,p26,ce_s160,이로써 영럽 모대 경제내국민 독일 영국 이탈리아 스페인 프랑스출사에 성언했다
p26_u74,p26,taps_s80,이를서 이럽 오독 경제대국인 독일 영국 이탈리아 트페인 프랑스 출시에 성공했다
p26_u74,p26,taps_s160,이를서 인럽 우대 경제대국인 독일 영국 이탈리아 트페이 프랑스 출시에 성공했다
p26_u74,p26,ce_visible,이로써 영본 모대 경제 대국인 독일 영국 이탈리아 스페인 프랑스출시에 성공했다
p26_u74,p26,ce_invisible,이를서 이업 오대 경제대국인 독일 영국 이탈리아 페인 프랑스 출시에 소공했다
p26_u75,p26,taps,최미검메이트는 지난해 삼 월 일억 연합 집행 위원회 판매 생인을 혜특한 후 온투 줄리라는 제품명으로 이럽 시장에 본격적으로 진술했다
p26_u75,p26,ce,새로방메이치는 지난해 삼 월 유럽연 한 집행 의원회 판매 성인을 획획한후 온트줄리라는 대품명으로 유럽 시장에 본격적으로 술했다
p26_u75,p26,ce_s40,테러벌메이트는 지난해 삼 월 유럽연한 집행 의원회 판매 생인을 획획한 후 온트줄리라는 대품명으로 유럽 시장에 본격적으로 진술했다
p26_u75,p26,ce_s80,새로방메이트는 지난해 삼 월 유럽 연한 집행 의원회 판매 성인을 획획한 후 온트줄리라는 대품명으로 유럽 시장에 본격적으로 진술했다
p26_u75,p26,ce_s160,새로판메이트는 지난해 삼 월 유럽 연 한 집행 의원회 판매 생인을 획획한후 원투재리라는 대품명으로 유럽 시장에 본격적으로 기술했다
p26_u75,p26,taps_s80,최미검메이트는 지난해 삼 월 일억 연합 집행위원회 판매 생인을 현특한 후 온투줄리라는 제품명으로 럽 시장에 본격적으로 진술했다
p26_u75,p26,taps_s160,최미검메이트는 지난해 삼 월 일억 연합 집행위원회 판매 생인을 합득한 후 온투줄리라는 제품명으로 이럽 시장에 본격적으로 진술했다
p26_u75,p26,ce_visible,새로방메이치는 지난해 삼 월 유럽연 한 집행 의원회 판매 성인을 획획한후 온트줄리라는 대품명으로 유럽 시장에 본격적으로 술했다
p26_u75,p26,ce_invisible,최미검메이트는 지난해 삼 월 일억 연합 집행 위원회 판매 생인을 혜득한 후 온투 줄리라는 제품명으로 이럽 시장에 본격적으로 진술했다
p26_u76,p26,taps,같은 해 이 월 에스페이 발역판매 파트당상 안전림이 판안는 온출질이를 유러 최대 배약 시장인 독일에서 처 발매했다
p26_u76,p26,ce,같은 는 유 월 에스페이 바이판을 파플노상 안전류네판 안은 본수스이를 유럽 세대 대약 시장은 독일에서 초 발매했다
p26_u76,p26,ce_s40,같은는 유 월 에스페이 바이판을 파플노상 안 전류예판 안는 본 수즈이를 럽 최대 대약 시장인 독일에서 초은 발매했다
p26_u76,p26,ce_s80,같은는 유 월 에스페바이판을 파부노상 안 철중예판 안은 본수즈이를 유럽 최대 대약 시장인 독일에서 초은 발매했다
p26_u76,p26,ce_s160,같은 해 유 월 에스페이 파유판을 파부노상 안전리예판 마는 본수수이를 유럽 최대 대약 시장에 독일에서 초은 발매했다
p26_u76,p26,taps_s80,같은 해 이 월 에스페이 발역판을 파트러상 안전리이판안는 온출질이를 유럽 최대 대약 시장인 독일에서 처 발매했다
p26_u76,p26,taps_s160,같은 해 이 월 에스페이 발이판매 파트러상 안전리이파안는 온출질이를 유럽 최대 대약 시장인 독일에서 처 발매했다
p26_u76,p26,ce_visible,같은 는 유 월 에스페이 바이판을 파플노상 안전류네판 안은 본 수스이를 유럽 세대 대약 시장은 독일에서 초 발매했다
p26_u76,p26,ce_invisible,같은 해 이 월 에스페이 발역판매 파트당상 안전림이 판파안는 온출질이를 일러 최대 배약 시장인 독일에서 처음 발매했다
p26_u77,p26,taps,최동판 메이트는 두 일의 시자들어 일 년 육케월 만에 유럽 주요 오대 시장으로 역영에 확대하게 됐다
p26_u77,p26,ce,변노판 메이트는 독일의 시장로 일 년 육백에 만에 유럽 주요 오대 시장으로 영영을 확대하게 됐다
p26_u77,p26,ce_s40,변노바 메이트는 독일의 시장그로 일 년 육백에 만에 유럽 주요 오대 시장으로 영영을 확대하게 됐다
p26_u77,p26,ce_s80,변노바 메이트는 독일의 시장으로 일 년 육백 만에 유럽 주요 오대 시장으로 역영에 확대하게 됐다
p26_u77,p26,ce_s160,최후바 메이튼 독일의 시장그로 일 년 육백 만에 유럽 주요 오대 시장으로 영영을 확대하게 됐다
p26_u77,p26,taps_s80,새너벌 메이치는 두 일의 시작들어 일 년 유케월 만에 유럽 주요 오대 시장으로 역영에 확대하게 됐다
p26_u77,p26,taps_s160,샌너벌 메이치는 두 일의 시작으로 일 년 육기월 만에 유럽 주요 오대 시장으로 역영에 확대하게 됐다
p26_u77,p26,ce_visible,최노판 메이트는 독일의 시장로 일 년 육백에 만에 유럽 주요 오대 시장으로 역영을 확대하게 됐다
p26_u77,p26,ce_invisible,최동판 메이트는 두 일의 시자들어 일 년 육케월 만에 유럽 주요 오대 시장으로 역영에 확대하게 됐다
p26_u78,p26,taps,이들의 예전정 시장 규모는 약 십 칠 억 달러에 하라며 이는 유럽 전체의 칠십 삼 퍼센트에 해당한다
p26_u78,p26,ce,이들은 네선 승 시장 규무는 약 십 칠억 달러에 달하며 이는 유럽 전세의 칠십 삼 퍼센트에 해당한다
p26_u78,p26,ce_s40,이들은 뇌선 승 시장 규문는 약 십 칠억 달러에 달하며 이는 유럽 전세의 칠십 삼 퍼센트에 해당한다
p26_u78,p26,ce_s80,이들은 대선 승 시장 규문는 약 십 칠억 달러에 달하며 이는 유럽 전세의 퇴십 삼 퍼센트에 해당한다
p26_u78,p26,ce_s160,이들은 대선 승시동 규무는 약 십 트억 달러에 달하며 이는 유럽 전세의 퇴십 삼 퍼센트에 해당한다
p26_u78,p26,taps_s80,이들의 예전쩜 시장 규모는 약 십 칠억 달러에 하하며 이는 유럽 전체의 칠십 삼 퍼센트에 해당한다
p26_u78,p26,taps_s160,이들의 예전중 시장 규모는 약 십 칠 억 달러에 하하며 이는 유럽 전체의 칠십 삼 퍼센트에 해당한다
p26_u78,p26,ce_visible,이들은 네선 승 시장 규무는 약 십 칠억 달러에 달하며 이는 유럽 전세의 칠십 삼 퍼센트에 해당한다
p26_u78,p26,ce_invisible,이들의 예전정 시장 규모는 약 십 칠 억 달러에 하라며 이는 유럽 전체의 칠십 삼 퍼센트에 해당한다
p26_u79,p26,taps,이번 판력소 출씨록 온투즈이는 현재까지 이럽의 총십 호게 가가에서 발매가 진행중니다
p26_u79,p26,ce,이번 평트 출씨록 온투주이는 현재까지 늘하의 총 십국의 국가에서 발례가 진행준다
p26_u79,p26,ce_s40,이번 평트 출씨록 온투주이는 현재까지 늘런의 총 십후객 국가에서 판례가 진행준다
p26_u79,p26,ce_s80,이번 평로트 출세록 온투주의는 현재까지 늘하의 총 십후의 국가에서 발례가 진행 준다
p26_u79,p26,ce_s160,이번 프로트 출씨로 온투주이는 현재까지 여런의 총 세후개 국가에서 반례가 진행 중다
p26_u79,p26,taps_s80,이번 판사 실씨록 온투즈이는 현재까지 이럽의 총씨 호대 국가에서 발매가 진행중니다
p26_u79,p26,taps_s160,이번 판력자 실씨로 온투즈리는 현재까지 이럽의 총 십 호게 국가에서 발매가 진행중니다
p26_u79,p26,ce_visible,이번 평트 출씨록 온투주이는 현재까지 늘하의 총 생국의 국가에서 발례가 진행준다
p26_u79,p26,ce_invisible,이번 판력소 출씨록 온투즈이는 현재까지 이럽의 총십 호게 가가에서 발매가 진행중니다
p26_u80,p26,taps,에스페의 파이유함은 온투주이의 이억 판매 확대로 안전링의 판으로부터 판매 누엘티이 매출 실적과 연제된 마일 폰시 확보를 기다할 수 있을 것 이라고 전했다
p26_u80,p26,ce,에스페이 파이이오파은 온 트드이의 유럽 판매 확대로 안드림행판으로부터 판매 노래 등는 매출 출도과이 연계된 마이 폰소입확보량 기대할 수 있을 것이라고 전했다
p26_u80,p26,ce_s40,에스페이 파이유오함은 온 토드비의 유러 판매 확대로 안드릉행판으로부터 판매 노벨 등에 매출 실도과이 연결된 마이 스폰 소입확고를 기대할 수 있을 것이라고 전했다
p26_u80,p26,ce_s80,에스페의 파이이오함은 온 터드이의 유럽 판매 확대로 안드림비판으로부터 판매 노예 등에 매출 셀벽과 연계된 마이 폰소입확고를 기대할 수 있을 것이라고 전했다
p26_u80,p26,ce_s160,에스페의 파이이오밤은 온 토드이의 유러 판매 확대로 안드림행판으로부터 판매 노예 등에 매출 세벽과이 연계된 마이 폰소입확보를 기대할 수 있을 것이라고 전했다
p26_u80,p26,taps_s80,에스페의 바이이오함은 온투주이의 이억 판매 확대로 안전링의 파으로부터 판매 노엘티인 매출 실적과 연계된 마일 폰시 확보를 기다할 수 있을 것 이라고 전했다
p26_u80,p26,taps_s160,에스페의 파이오함은 온투주이의 이억 판매 확대로 안전링의 파으로부터 판매 노엘티및 매출 실적과 연계된 마일 폰시 커보를 기다할 수 있을 것 이라고 전했다
p26_u80,p26,ce_visible,에스페의 파이이오파은 온 트드이의 유럽 판매 확대로 안드림행판으로부터 판매 노래 등는 매출 출도과이 연계된 마이 폰소입타보량 기다할 수 있을 것이라고 전했다
p26_u80,p26,ce_invisible,에스페의 파이유함은 온투주이의 이억 판매 확대로 안전링의 판으로부터 판매 누엘티이 매출 실적과 연제된 마일 폰시 확보를 기다할 수 있을 것 이라고 전했다
p26_u81,p26,taps,한편 에스케이바유판은 최근 짜는 판메이트 당해 제품만으로 일렇을 수출해타에 수상했다
p26_u81,p26,ce,한편 에스케이 발유판은 최경세 호바메이트단해 배품만으로 일 억필 수출해 판에 수상했다
p26_u81,p26,ce_s40,한편 에스크의 발아판은 최근 된 호바메이트단해 재품만으로 일억필 수출해 판에 수상했다
p26_u81,p26,ce_s80,한편 에스크이 가아판은 최경때 호바메리트단해 재품만으로 일억필 수출해 판에 수상했다
p26_u81,p26,ce_s160,한편 에스크이 가유판은 최근세 호바메이트단해 제품만으로 일억필 수출의 판에 수상했다
p26_u81,p26,taps_s80,한편 에스케이바아판은 최근 짜너바메이트 당일 제품만으로 일 렇게 수출해타에 수상했다
p26_u81,p26,taps_s160,한편 에스케이바아판은 최근 짜노 가메이트 당일 제품만으로 일렇을 수출해 타에 수상했다
p26_u81,p26,ce_visible,한편 에스케이 가유판은 최경세 호바메이트단해 재품만으로 일 억필 수출의 판에 수상했다
p26_u81,p26,ce_invisible,한편 에스케이바유판은 최근 짜는 판메이트 당해 제품만으로 일렇을 수출해타에 수상했다
p26_u82,p26,taps,지난해 칠 일 일 일부터 올해 이 월 삼십 일까지 일 년간 데미 데기럭수차액 일 억달가들 도판 데 따른 것지다
p26_u82,p26,ce,지난해 칠 일 일 일부터 올해 유 월 삼십 일까지 일 년간 백이 백럽 수출백 일 억 달달을 돌파는 데 따른 것이다
p26_u82,p26,ce_s40,지난해 칠 일 일 일부터 올해 유 월 삼십 일까지 일 년간 캔이 백럽 수출액 일 억 달을 도파는 데 따른 것이다
p26_u82,p26,ce_s80,지난해 칠 일 일 일부터 올해 유 월 삼십 일까지  년간 캔이 백유럽 수출액 일 억 전단을 도파는 데 따른 것이다
p26_u82,p26,ce_s160,지난해 칠 일 일 일부터 올해 유 월 삼십 일까지 일 년간 대이 백위럽 수출액 일 억 달단을 돌파는 데 따른 것이다
p26_u82,p26,taps_s80,지난해 칠 일 일 일부터 올해 이 월 삼십 일까지 일 년간 데미 데기업수차 일 억달다들 도판 데 따른 것이다
p26_u82,p26,taps_s160,지난해 칠 일 일 일부터 올해 이 월 삼십 일까지 일 년간 데미 데기업수차 일 억달가들 도판 데 따른 것이다
p26_u82,p26,ce_visible,지난해 칠 일 일 일부터 올해 유 월 삼십 일까지 일 년간 백이 백유럽 수출백 일 억 달달을 돌파는 데 따른 것이다
p26_u82,p26,ce_invisible,지난해 칠 일 일 일부터 올해 이 월 삼십 일까지 일 년간 데미 데기럭수차액 일 억달가들 도판 데 따른 것지다
p26_u83,p26,taps,샌노거 메이트는 이천 십 구 년 미기 식품 일약법 신판 허가를 받아 이 곳에서는 엑스코프리라는 제통령으로 판매되고 있다
p26_u83,p26,ce,연노바 메이트는 이천 십 구 년 미국 식품 대약복 신판 화가를 받아 미국에서는 엑스코풀리라는 대통령으로 판매되고 있다
p26_u83,p26,ce_s40,연노바 메이트는 이천 십 구 년 미국 식품 의약복 신판 화가를 받아 미국에서는 엑스코풀리라는 대통령으로 판매되고 있다
p26_u83,p26,ce_s80,때노바 메이트는 이천 십 개 년 미국 식품 대약권 신판 화가를 받아 미국에서는 엑스코프리라은 대통령으로 판매되고 있다
p26_u83,p26,ce_s160,변노바 메이트는 이천 십 개 년 미국 식품 의약복 신판 화가를 받아 미국에서는 엑스코프리라는 대품령으로 판매되고 있다
p26_u83,p26,taps_s80,샌노거메이트는 이천 십 구 년 미기 식품 에약권 신판 허가를 받아 이 국에서는 엑스코프리라는 제품령으로 판매되고 있다
p26_u83,p26,taps_s160,샌노거 메이터는 이천 십 구 년 미기 식품 에약국 신판 허가를 받아 이 곳에서는 엑스코프리라는 대통령으로 판매되고 있다
p26_u83,p26,ce_visible,연노바 메이트는 이천 십 구 년 미국 식품 대약복 신판 화가를 받아 미국에서는 엑스코풀리라는 대통령으로 판매되고 있다
p26_u83,p26,ce_invisible,샌노거 메이트는 이천 십 구 년 미기 식품 일약법 신판 허가를 받아 이 곳에서는 엑스코프리라는 제통령으로 판매되고 있다
p26_u84,p26,taps,전남 구백 분창여자 름단 업마진 성수가 이천 이십 이 년 강내 달로장사 시름대에서 우쟁에 차으을 시진 이관하에 올랐다
p26_u84,p26,ce,전남 구의 근석여자 씨름단 어마진 선수가 이천 이십 이 년 강내 변로장사 씨름대회에서 우승을 차대하을 세백 이원하에 올랐다
p26_u84,p26,ce_s40,전남 구의 근석여자 씨름단 어마진 선수가 이천 이십 이 년 강내 변로장사 씨름대회에서 우승을 사대을 세백 이원하에 올랐다
p26_u84,p26,ce_s80,전남 구의 운창여자 씨름단 어마진 선수가 이천 이십 이 년 강내 변로장사 씨름배에서 우승을 차대하을 세백 이원하에 올랐다
p26_u84,p26,ce_s160,전남 고의 분천여자 씨름단 어마진 선수가 이천 이십 이 년 강릉 변호사사 씨름대에서 우승을 차대하을 시등 이관하에 올랐다
p26_u84,p26,taps_s80,전남 고의 분창여자 름단 업마진 성수가 이천 이십 이 년 당내달로장사 시름대에서 우생에 차제을 시진 이관하에 올랐다
p26_u84,p26,taps_s160,전남 구의 분창여자 시름단 업마진 송수가 이천 이십 이 년 강내 달로장사 시행대에서 우생에 차제을 시진 이관하에 올났다
p26_u84,p26,ce_visible,전남 고의 근석여자 씨름단 어마진 선수가 이천 이십 이 년 강내 변로장사 씨름대회에서 우승을 차퇴을 세백 이관하에 올랐다
p26_u84,p26,ce_invisible,전남 구백 분창여자 름단 업마진 성수가 이천 이십 이 년 강내 달로장사 시름대에서 우쟁에 차으을 시진 이관하에 올랐다
p26_u85,p26,taps,군에 따르면 유월이 들 여자 보 국학의 발생터에서 어마진 선수는 안산 시청 긴다의 선수에 상대 이대의 역전생을 거으며 학색트로이를 포매 않았다
p26_u85,p26,ce,군에 따르면 유 월 일 일 여자 부 국학급 발생권에서 엄마탄 선수는 안산 시풍 진단의 선술의 상대는 이대일 역권생을 거으며 한컷 프로피를 포이 않았다
p26_u85,p26,ce_s40,군에 따르면 유 월 일일 여자부 국학급 발생권에서 아마진 편군는 안산 시타 진단에 선술의 상대로 이대일 역권생을 거으며 한타 프로피를 포이 않았다
p26_u85,p26,ce_s80,군에 따르면 유 월 일 일 여자부 국학급 발생권에서 아마진편소는 안산 채포 인라에 선술의 상대는 이대일 역단생을 거으며 한부 프로피를 포이 않았다
p26_u85,p26,ce_s160,군에 따르면 유 월 일일 여자부 국학의 발생전에서 아마생편수는 안산 세포 인사의 선설를 상대는 이대일 역권생을 거으며 한타 프로피를 포이 않았다
p26_u85,p26,taps_s80,본에 따르면 유아이 를 여자 보 국학의 발생에서 어마진 선수는 안산 시청 간다 선수에 상대 이대의 역전승을 거으며 항사트로이를 포매 않았다
p26_u85,p26,taps_s160,본에 따르면 유 아이 들 여자 보 국학의 발생에서 어마진 선수는 안산 시청 간다의 선수에 상대 이대의 역전승을 거으며 학색트로피를 포매 않았다
p26_u85,p26,ce_visible,군에 따르면 유 월 일 일 여자 부 국학급 발생권에서 엄마탄 선수는 안산 시청진단의 선술의 상대는 이대일 역전생을 거으며 한컷프로피를 포이 않았다
p26_u85,p26,ce_invisible,군에 따르면 유월이 들 여자 보 국학의 발생터에서 어마진 선수는 안산 시청 긴다의 선수에 상대 이대의 역전생을 거으며 학색트로이를 포매 않았다
p26_u86,p26,taps,어마진 선수는 삼 월 달에 열렸던 이천 이십 이 거제당사 시행대 이중에 이어 시은 두번째 장사 타이트를 손에 넣으며 개인 동산 여섯 번째 국가장사에 등객했다
p26_u86,p26,ce,엄마 편 선수는 삼 월 달에 열렸던 이천 이십 일 거대당산 시논대회 우해 이어 시중 두번째 자자 타이트를 손에 넣으며 백인 풍산 여섯 번째 국가장 사에 등격했다
p26_u86,p26,ce_s40,경마 편 선수는 삼 월 달에 열렸던 이천 이십 이 거대당사 시논 대회 우수행이어 시중 두번째 장자 타이트를 선에 넣으며 백인풍에선 여섯 번째 국가장 사이 발격했다
p26_u86,p26,ce_s80,어마편 선수는 삼 월 달에 열렸던 이천 이십 이 거대당사 시란대회 우수행이어 시중 두번째 상자 타이트를 손에 넣으며 백인 풍산 여섯 번째 국가장 사이프력했다
p26_u86,p26,ce_s160,엄마 된 선수는 삼 월 달에 열렸던 이천 이십 이 거대당사 시란대회 우해 이어 시중 두번째 상자 타이트를 손에 넣으며 백행 부산 여섯 번째 국가장 사이 프렷했다
p26_u86,p26,taps_s80,어마진 선수는 삼 월 달에 열렸던 이천 이십 이 거제장사 시행다 이중에 이어 시은 두번째 장사 타이트를 손에 넣으며 개인 동산 여섯 번째 국가장사에 등격했다
p26_u86,p26,taps_s160,어마진 선수는 삼 월 달에 열렸던 이천 이십 이 거제장사 시행다 이중에 이어 시은 두번째 장사 타이트를 손에 넣으며 개인 동산 여섯 번째 국가장사에 등객했다
p26_u86,p26,ce_visible,엄마 편 선수는 삼 월 달에 열렸던 이천 이십 일 거대당사 시용대회 우해 이어 시중 두번째 자자 타이트를 손에 넣으며 백인 풍산 여섯 번째 국가당 사에 등격했다
p26_u86,p26,ce_invisible,어마진 선수는 삼 월 달에 열렸던 이천 이십 이 거제당사 시행대 이중에 이어 시은 두번째 장사 타이트를 손에 넣으며 개인 동산 여섯 번째 국가장사에 등객했다
p26_u87,p26,taps,어마진 선수는 사고그에서 같은 틴 소속인 이생니서스업 만부터 드배지비와 자체기 이대형 승리제 거두와 될생에 올랐다
p26_u87,p26,ce,어마진 선수는 사고그래서 같은 페소송인 이생의선소 만터 돌벌이비와 자택 기이대형 승리에 거두와 결생에 올랐다
p26_u87,p26,ce_s40,어마진 선수는 사고그래서 같은 페소송인 이 세회사소 앞에터 돌발이비와 자체 기 이대형 승리대 거두와 결생에 없랐다
p26_u87,p26,ce_s80,어마진 선수는 사고그래서 같은 페소는 이생회선소 만터 돌발다비와 자체 기 이대형 승리대 거두와 발생에 없랐다
p26_u87,p26,ce_s160,아마진 선수는 사고그에서 같은 테소송인 이생회사소 만부터 돌발디비와 자체 기 이대형 승리대 거두와 발생에 올랐다
p26_u87,p26,taps_s80,어마진 선수는 사건그에서 같은 틴 소속인 이생니서스업 앞부터 돌배지비와 자체기 이대형 승리제 거두와 될생에 올랐다
p26_u87,p26,taps_s160,어마진 선지는 사건그에서 같은 틴 소속인 이생니 서스업 만부터 돌레집비와 자체기 이대형 심리세 거두와 될생에 올랐다
p26_u87,p26,ce_visible,어마진 선수는 사고그래서 같은 페소송인 이생의선소 만터 돌벌이비와 자택 기 이대형 승리에 거두와 결생에 올랐다
p26_u87,p26,ce_invisible,어마진 선수는 사고그에서 같은 틴 소속인 이생니서스업 만부터 드배지비와 자체기 이대형 승리제 거두와 될생에 올랐다
p26_u88,p26,taps,결생전 첫 번 재판에서 어마진 선소인 긴다의 성사의 한다리기술에 걸려 성담을 내졌다
p26_u88,p26,ce,대 승근 사번 재판에서 어마진 선소는 인담의 선소의 안다리기술에 걸려 풍담을 내줬다
p26_u88,p26,ce_s40,대 승근 사번 재판에서 어마진 선소는 인담의 선소의 안다리이술에 걸려 판담을 내줬다
p26_u88,p26,ce_s80,대 상근 사번 재판에서 어마진 선소는 냉장의 선소의 한다리이술에 걸려 판담을 내줬다
p26_u88,p26,ce_s160,대 승근 사번 재판에서 어마진 선소는 빈다에 선소의 안가리기술에 걸려 풍담을 내줬다
p26_u88,p26,taps_s80,결생전 첫 번 재판에서 어마진 선소인 긴다의 선서의 한가리이술에 걸려 성담을 내졌다
p26_u88,p26,taps_s160,결생전 첫 번 재판에서 어마진 선소인 긴다의 선사의 안가리기술에 걸려 성담을 내졌다
p26_u88,p26,ce_visible,대 승근 사번 재판에서 어마진 선소는 인담의 선소의 안다리이술에 걸려 풍담을 내줬다
p26_u88,p26,ce_invisible,결생전 첫 번 재판에서 어마진 선소인 긴다의 성사의 한다리기술에 걸려 성담을 내졌다
p26_u89,p26,taps,그러나 동고의 항께 받은 불리했던 상용속에서 연장적 경기등료 최초를 남아 두고 자책의 기술을 완대 해성공수키면서 두 번재판을 가져봤다
p26_u89,p26,ce,그러나 경고의 환개 받은 불리권 상승속에서 연장병 경기승료 세프이 남아 늘고 자책이 기술의 완백 세상승소리면서 두 번 재판을 가져갔다
p26_u89,p26,ce_s40,그러나 경고의 헌개 받은 불리했권 상승속에서 연남권 경기동료 세수이 남겨 늘고 자책이 기술의 완백 피성승소리면서 두 번 재판을 가져갔다
p26_u89,p26,ce_s80,그러나 경고의 환께 받은 불리권 상승속에서 연남병 경기동료 세프를 남겨 늘고 자책이 지술이 완백 피성승소이면서 두 번 재판을 가져갔다
p26_u89,p26,ce_s160,그러나 경고의 환개 받은 분리폰 상모속에서 연장병 경기동료 세프를 남아 뜨고 다책이 기술의 완백 피성승소피면서 두 번 재판을 가져갔다
p26_u89,p26,taps_s80,그러나 동고를 함께 받은 불리했던 상용속에서 연장적 경기승게 최초를 남겨 두고 자책의 기술을 완대해성 공수키면서 두 번재판을 가아왔다
p26_u89,p26,taps_s160,그러나 동고를 항께 받은 불리했던 상용속에서 연장적 경기생에 최초를 남겨 두고 자책의 기술을 완백해성공수키면서 두 번재판을 가아갔다
p26_u89,p26,ce_visible,그러나 경고의 환개 받은 불리권 상승속에서 연장병 경기등료 세프이 남아 늘고 자책이 기술의 완백 세상승소리면서 두 번 재판을 가져갔다
p26_u89,p26,ce_invisible,그러나 동고의 항께 받은 불리했던 상용속에서 연장적 경기등료 최초를 남아 두고 자책의 기술을 완대 해성공수키면서 두 번재판을 가져봤다
p26_u90,p26,taps,마지막 판에서는 배지디와 미라 치이를 연기한 기슬로 긴다의 선사의 문아뜨이며 이들 역전상에 털었다
p26_u90,p26,ce,마지막판에서는 발티기와 미런 세계를 연간 기슬로 군다의 선사를 문앞뜨이며 이들 역던 승에 가었다
p26_u90,p26,ce_s40,마지 막판에서는 발찌기와 미런 세계를 연간 기슬로 군다의 선사를 문앞뜨이며 이데 역던 생에 가었다
p26_u90,p26,ce_s80,마지막판에서는 발찌기와 미런 세계를 연간 기슬로 군다의 선서를 문앞뜨이며 이데 역전 증에 가었다
p26_u90,p26,ce_s160,마지막 판에서는 발티기와 미런 세계될 연객 기슬로 군날의 선서를 문아뜨이며 이들 역전생을 가졌다
p26_u90,p26,taps_s80,마지막 판에서는 배지지와 미라 치이를 연기한 기슬로 긴다의 선사의 문아뜨이며 이들 역전상에 걸었다
p26_u90,p26,taps_s160,마지막 판에서는 배지지와 미라 치이를 연기한 기슬로 긴다의 선사의 문아뜨이며 이들 역전상에 떨었다
p26_u90,p26,ce_visible,마지막판에서는 발티기와 미런 세계를 연간 기슬로 군다의 선사를 문앞뜨이며 이들 역던 승을 가었다
p26_u90,p26,ce_invisible,마지막 판에서는 배지와 미라 치이를 연기한 기슬로 긴다의 선사의 문아뜨이며 이들 역전상에 털었다
p26_u91,p26,taps,김준호 그의 군수는 이번 배매 의선에 통해 브래군에 비내주어 그맙다며 앞으로도 선수들이 훈련에만 전려할 수 있도록 다갑적인 지원을 아끼지 않겠다고 말했다
p26_u91,p26,ce,김승호 군의 공수는 이번 배에 우선을 통해 브려군내 비네주어 그맙다며 앞으로도 선수들이 훈련에만 반념할 수 있도록 다장적인 세혼을 아끼지 못겠다고 말했다
p26_u91,p26,ce_s40,김승록 구의 공수는 이번 배에 우선을 통해 불려군을 비네 주구합다며 앞으로도 선수들이 훈련에만 반려할 수 있도록 다각적인 세원을 아끼지 못겠다고 말했다
p26_u91,p26,ce_s80,김승호 군의 온수는 이번 배외 우선을 통해 불내군을 빛네주어 구합다며 앞으로도 선수들이 훈련에만 반려할 수 있도록 다장적인 지원을 아끼지 않겠다고 말했다
p26_u91,p26,ce_s160,김승록 군리 군수는 이번 배매 우송을 통해 불려군을 빛네주어 구합다며 앞으로도 선수들이 훈련에만 반념할 수 있도록 다각적인 소원을 아끼생 하겠다고말했다
p26_u91,p26,taps_s80,김준호 그의 군수는 이번 배매 의선에 통해 브래군에 빛내주어 고맙다며 앞으로도 선수들이 훈련에만 전려할 수 있도록 다갑적인 지원을 아끼지 않겠다고 말했다
p26_u91,p26,taps_s160,김승호 그의 군수는 이번 배외 의전에 통해 브래군에 빛내주어 그맙다며 앞으로도 선수들이 훈련에만 장려할 수 있도록 다각적인 지원을 아끼지 않겠다고 말했다
p26_u91,p26,ce_visible,김승호 군의 공수는 이번 배에 우선을 통해 브려군내 비네주어 구합다며 앞으로도 선수들이 훈련에만 반념할 수 있도록 다장적인 세혼을 아끼지 못겠다고 말했다
p26_u91,p26,ce_invisible,김준호 그의 군수는 이번 배매 의선에 통해 브래군에 비내주어 그맙다며 앞으로도 선수들이 훈련에만 전려할 수 있도록 다갑적인 지원을 아끼지 않겠다고 말했다
p26_u92,p26,taps,이는 전년 분기대비 매출은 이 쩜 일 퍼센트 증가했지만 영업이은 이십 사 쩜 일 퍼센트 감소한 기모다
p26_u92,p26,ce,이는 전년 분기대비 매출은 이 쩜 일 퍼센트 증가했지만 영업일은 이십 사 쩜 일 퍼센트 감소한 비모다
p26_u92,p26,ce_s40,이는 전년 공기대비 매출은 이 쩜 일 퍼센트 증가했지만 영업일은 이십 사 쩜 일 퍼센트 감소한 비모다
p26_u92,p26,ce_s80,이는 전년 공기대비 매출은 이 쩜 일 퍼센트 증가했지만 영업비은 이십 사 쩜 일 퍼센트 감소한 경모다
p26_u92,p26,ce_s160,이는 전년 분기대비 매출은 이 쩜 일 퍼센트 증가했지만 영업비율은 이십 사 쩜 일 퍼센트 감소한 경모다
p26_u92,p26,taps_s80,이는 전년 분기대비 매출은 이 쩜 일 퍼센트 증가했지만 영업이은 이십 사 쩜 일 퍼센트 감소한 기보다
p26_u92,p26,taps_s160,이는 전년 준기대비 매출은 이 쩜 일 퍼센트 증가했지만 영업이은 이십 사 쩜 일 퍼센트 감소한 기모다
p26_u92,p26,ce_visible,이는 전년 분기대비 매출은 이 쩜 일 퍼센트 증가했지만 영업일은 이십 사 쩜 일 퍼센트 감소한 비모다
p26_u92,p26,ce_invisible,이는 전년 분기대비 매출은 이 쩜 일 퍼센트 증가했지만 영업이은 이십 사 쩜 일 퍼센트 감소한 기모다
p26_u93,p26,taps,근로벌 공격망 불안점과 러시아의 이트랑이나 충공 사태를 있는 원자재 가격 상생 등이 영행을 미치면서 가져온 결과다
p26_u93,p26,ce,글로벌 공급망 불안 점과 열세 아내 우크라이의 채쇄 사태를 인한 원자의 가격 선생 등의 영향을 미키면서 가져운 결과다
p26_u93,p26,ce_s40,글로벌 공급만 불안 점과 열세 아의 우크라인의 최쇄 사태를 인한 원자의 가격 상생 등이 영향을 미치면서 가져운 결과다
p26_u93,p26,ce_s80,글로벌 공급망 불안 점과 열세 아에 우크라인의 최쇄 사태를 인한 원자의 광격 스생 등의 영향을 미치면서 가져운 결과다
p26_u93,p26,ce_s160,글로벌 공급망 불안의 점과 열세 아내 우크라이나 침쇄 사태를 한 원자의 가격 상생 등의 영향을 미치면서 가져운 결과다
p26_u93,p26,taps_s80,근로벌 공급망 불안점과 러시아의 이트랑이나 충분 사태를 있는 원자재 가격 상생 등이 영행을 미치면서 가져온 결과다
p26_u93,p26,taps_s160,근로벌 공급망 불안정과 러시아의 이트랑이나 충분 사태를 있는 원자재 가격 상생 등이 영행을 미치면서 가져온 결과다
p26_u93,p26,ce_visible,글로벌 공급망 불안 점과 열세 아내 우크레인의 채쇄 사태를 인한 원자의 가격 선생 등이 영향을 미키면서 가져운 결과다
p26_u93,p26,ce_invisible,근로벌 공격망 불안점과 러시아의 이트랑이나 충공 사태를 있는 원자재 가격 상생 등이 영행을 미치면서 가져온 결과다
p26_u94,p26,taps,업계에선 차량공간자체 부족사태가 완화되면 엘직 에너직 소에 사의 실적도 개선될 것으로 보고 있다
p26_u94,p26,ce,업계에선 차령훈 단도채 부족카백가 많아되면 엘지 에너 특선물 선는 실적도 계산될 것으로 보고 있다
p26_u94,p26,ce_s40,업계에선 사령훈 단도채 부족카백가 많아되면 엘지 에너 특권물 사는 실적도 계산될 것으로 보고 있다
p26_u94,p26,ce_s80,업계에선 사령군 반도채 부족카백가 많아되면 엘직 에너 특권물 선는 실적도 계산될 것으로 보고 있다
p26_u94,p26,ce_s160,업계에선 사령훈 단도채 부족카태가 많아되면 엘지 에너 티권노 선는 실적도 가산될 것으로 보고 있다
p26_u94,p26,taps_s80,업계에선 차량홍간자체 부족사태가 완화되면 엘직 에너직 소에 사의 실적도 개선될 것으로 보고 있다
p26_u94,p26,taps_s160,업계에선 차량홍간단체 부족사태가 완화되면 엘직 에너직 소을 사는 실적도 개선될 것으로 보고 있다
p26_u94,p26,ce_visible,업계에선 사령훈 단도채 부족카백가 많아되면 엘지 에너특 선물 선는 실적도 계산될 것으로 보고 있다
p26_u94,p26,ce_invisible,업계에선 차량공간자체 부족사태가 완화되면 엘직 에너직 소에 사의 실적도 개선될 것으로 보고 있다
p26_u95,p26,taps,최근 증권사 열 곳의 분석 보고서의 전망치 판단을 보면 일지 에너지 쏟발산에 올해 연간 매출은 이십 조 일 천 억원 영업이등 일 천 규으로 추산됐다
p26_u95,p26,ce,최근 승권사 열  곳의 분산 보고서인 전망시 평균을 보면 배지 에너지 손발산에 올해 연간 매출은 이십 조 일 천 억원 영업비은 일 소 규으로 추산됐다
p26_u95,p26,ce_s40,최근 승권사 열 곳의 분산 보고사인 전망시 평균해 보면 배지 에너지 소발산에 올해 연간 매출은 이십 조 일 천 억원 영업비은 일 소 규으로 추산됐다
p26_u95,p26,ce_s80,최근 승권사 열 곳의 분산 보고사인 전망시 평균을 보면 엘지 에너지 소대산에 올해 연간 매출은 이십 조 일 천 억원 영업비은 일 종 규으로 추산됐다
p26_u95,p26,ce_s160,최근 승권사 열 곳의 분석 보고서인 전망시 평균을 보면 엘이 에너지 손발산에 올해 연간 매출은 이십 조 일 천 억원 영업비은 일 종 규으로 추산됐다
p26_u95,p26,taps_s80,최근 증권사 열  곳의 분석 보고서의 전망치 판단을 보면 일지 에너직 쏟발차에 올해 연간 매출은 이십 조 일 천 억원 영업이등 일 쩜 규으로 추산됐다
p26_u95,p26,taps_s160,최근 증권사 열곳의 분석 보고서의 전망치 판단해 보면 일지 에너직 순발차에 올해 연간 매출은 이십 조 일 천 억원 영업이등 일 쩜 규으로 추산됐다
p26_u95,p26,ce_visible,최근 승권사 열  곳의 분산 보고서인 전망시 평균해 보면 배지 에너지 삼발산에 올해 연간 매출은 이십 조 일 천 억원 영업비은 일 소 규으로 추산됐다
p26_u95,p26,ce_invisible,최근 증권사 열 곳의 분석 보고서의 전망치 판단을 보면 일지 에너지 쏟발산에 올해 연간 매출은 이십 조 일 천 억원 영업이등 일 천 규으로 추산됐다
p26_u96,p26,taps,지난해 일제 에너지 로산의 연간 매출은 십 칠 조 팔천 오백 십 구 억원 영업이 은 칠 천 육백 팔십 오 억원이었다
p26_u96,p26,ce,지난해 일기 너출에 세에 연간 매출은 십 칠 조 팔천 오백 십 구 억원 영업이은 칠 천 육백 팔십 오 억원이었다
p26_u96,p26,ce_s40,지난해 일기 아출폰에세에 연간 매출은 십 칠 조 팔천 구백 십 구 억원 영업이은 칠 천 육백 팔십 오 억원이었다
p26_u96,p26,ce_s80,지난해 일베 저질폰에세에 연간 매출은 십 칠 조 팔천 오백 십 구 억원 영업이은 칠 천 육백 팔십 오 억원이었다
p26_u96,p26,ce_s160,지난해 일기 너집쏘에사에 연간 매출은 십 칠 주 팔천 오백 십 구 억원 영업이은 칠 천 육백 팔십 오 억원이었다
p26_u96,p26,taps_s80,지난해 일제 너지 솔산의 연간 매출은 십 칠 조 팔천 오백 십 구 억원 영업이은 칠 천 육백 팔십 오 억원이었다
p26_u96,p26,taps_s160,지난해 일제 에너지 쏠산의 연간 매출은 십 칠 조 팔천 오백 십 구 억원 영업이 등 칠 천 육백 팔십 오 억원이었다
p26_u96,p26,ce_visible,지난해 일기 너출에 세에 연간 매출은 십 칠 조 팔천 오백 십 구 억원 영업이은 칠 천 육백 팔십 오 억원이었다
p26_u96,p26,ce_invisible,지난해 일제 에너지 로산의 연간 매출은 십 칠 조 팔천 오백 십 구 억원 영업이 은 칠 천 육백 팔십 오 억원이었다
p26_u97,p26,taps,한편 에즈 에너지 조녀사의 공식실적 발표전 분기 잠정실적을 공개한 것은 이번이 처음이다
p26_u97,p26,ce,한편 에이제 에너지 소사의 공색세적 발표던 분기 감정 설적을 공개한 것은 이번이 표함니다
p26_u97,p26,ce_s40,한편 에이제 에너지 소사의 공식세적 발표던 분비 감정 설적을 공개한 것은 이번이 표음이다
p26_u97,p26,ce_s80,한편 에이즈 에너지 소사의 공식세적 발표던 분위기 감정 설적을 공개한 것은 이번이 표음이다
p26_u97,p26,ce_s160,한편 배즈 에너지 소생이 공색세적 발표된 분위기 감종 설적을 공개한 것은 이번이 표음이다
p26_u97,p26,taps_s80,한편 일즈 에너지 소녀사의 공식실적 발표져 분기 잠정실적을 공개한 것은 이번이 처음이다
p26_u97,p26,taps_s160,한편 에즈 에너지 조녀사의 공식실적 발표져 분기 잠정실적을 공개한 것은 이번이 처음이다
p26_u97,p26,ce_visible,한편 에이제 에너지 소사의 공색세적 발표던 분기 감정 설적을 공개한 것은 이번이 표함니다
p26_u97,p26,ce_invisible,한편 일즈 에너지 조녀사의 공식실적 발표전 분기 잠정실적을 공개한 것은 이번이 처음이다
p26_u98,p26,taps,엘이제 에너지 소비선 측은 투드자 패호대 기의 잠정 실정을 제공한다며 일본기 금식 실적 발표에 부체적 열정인 추 공시를 통해 안내할 예정이라고 전했다
p26_u98,p26,ce,에이비 에너지손에선 측은 투자자 편안대 비해 담종 세정을 제거한다며 일본기 공세슬적 발표의 구체적 예정은 충후 공사를 통는 안내할 예정이라고 전했다
p26_u98,p26,ce_s40,엘비 에너지순에선 세은 후드자 편의대 비해 담종 세정을 제거한다며 일본기 공색슬적 발표에의 구체적 결정은 충 공시를 통행 안내할 예정이라고 전했다
p26_u98,p26,ce_s80,엘시 에너지쏘에선 세은 후드적 편화대 비해 담종 세정을 제거한다며 일본기 공세슬적 발표의 구체적 결정은 충 공기를 통행 안내할 예정이라고 전했다
p26_u98,p26,ce_s160,엘이 에너지 쏘에 선세은 투자자 편화를 비해 담종 세정을 제거한다며 일본기 공세슬적 발의 구체적 예정은 추고 공시를 통행 안내할 예정이라고 전했다
p26_u98,p26,taps_s80,엘이시 에너지 스비선 측은 투드자 패호대기의 장성 실정을 제공한다며 일본기 금식 실적 발표에 구체적 결정인 추 경시를 통해 안내 예정이라고 전했다
p26_u98,p26,taps_s160,엘제 에너지 스비선 측은 투드자 패안대기의 장성 실정을 제공한다며 일본기 금식 실적 발표에 부체적 열정인 추 공시를 통해 안내 예정이라고 전했다
p26_u98,p26,ce_visible,에이비 에너지쏘에 산 측은 투드자 편안대 비해 담정 세정을 제거한다며 일본기 공세슬적 발표의 구체적 예정은 충 공시를 풍낸 안내할 예정이라고 전했다
p26_u98,p26,ce_invisible,엘이제 에너지 소비선 측은 투드자 패호대 기의 잠성 실정을 제공한다며 일본기 금식 실적 발표에 부체적 열정인 추 공시를 통해 안내할 예정이라고 전했다
p26_u99,p26,taps,문재인 전 대통령이 이십 삼 일 고 노무현 전 대통령의 고향이자 노력에 있는 강남 비혜시 공안 마을 찾았다
p26_u99,p26,ce,문재인 전 대통령은 이십 삼 일 고 노무현 전 대통령에 고향하자 물역주 견을 강남군의 일 공안마가를 찾았다
p26_u99,p26,ce_s40,문재인 전 대통령은 이십 삼 일 고 노무현 전 대통령에 고향하자 물역주 연을 강남군의 출 공만마가를 떠단다
p26_u99,p26,ce_s80,문재인 전 대통령은 이십 삼 일 고 노 전 대통령에 고향이자 물역견을 강남군의 일 공안마가를 처았다
p26_u99,p26,ce_s160,문대인 전 대통령은 이십 삼 일 고 녹현 전 대통령에 고향이자 물역의견을 강남군의 을 공안가를 찾았다
p26_u99,p26,taps_s80,문재인 전 대통령이 이십 삼 일 고 노무현 전 대통령의 그향이자 노력에 있는 강남 빈혜식 공안마을을 찾았다
p26_u99,p26,taps_s160,문재인 전 대통령이 이십 삼 일 고 노무현 전 대통령의 그향이자 뉴력에 있는 강남 비혜식 공안 마을를 찾단다
p26_u99,p26,ce_visible,문재인 전 대통령은 이십 삼 일 고 노무현 전 대통령에 고향하자 물역주 견을 강남군의 일 공안마가를 찾았다
p26_u99,p26,ce_invisible,문재인 전 대통령이 이십 삼 일 고 노무현 전 대통령의 고향이자 노력에 있는 강남 비혜시 공안 마을 찾았다
p32_u00,p32,taps,경남 사천 상권에서 공금 일련이기 구대과 충벌해 네 명에 조등사아 순직한 경운데 사고 원이 두 명의 심이될 비행기록 정치가 발견됐다
p32_u00,p32,ce,그남 박상 상거에서 건군 훈련이기 부 대가 충돌의 네 명의 고등사가 선색한 그운데 사고 원이근항이 학생 이 델 비행기록 정치가 발견됐다
p32_u00,p32,ce_s40,강남 답변 상거에서 검군 훈련이이 부대가 충돌의 네 명의 모등 사아 선색당 벌운돼 사고 원이근항이 학실 모델 비행기록 정치가 발견됐다
p32_u00,p32,ce_s80,경남 박변 상정에서 검군 훈련이이 부대과 충돌의 네 명의 고등사아 선색한 소운돼 사고 원이 그항이 학 이델 비행기록 정치가 발견됐다
p32_u00,p32,ce_s160,그남 박상 상거에서 건군 훈련이이 후 대가 충돌의 네 명의 벌등 사아 선색한 벌운돼 사고 원이 그명의 학스 이델 비행기록 정치가 발견됐다
p32_u00,p32,taps_s80,경남 사천 설권에서 공금 일련이기 구대가 충벌의 네 명의 조등사가 순직한 경운데 사고 원이 두명의 심이 될 비행기록 정치가 발견됐다
p32_u00,p32,taps_s160,경남 사천 상권에서 공금 일련이기 구대가 충벌해 네 명에 조등사가 순직한 경운데 사고 원이 두명의 심이 돼 비행기록 정치가 발견됐다
p32_u00,p32,ce_visible,그남 박상 상거에서 건군 훈련이기 부 대가 충돌의 네 명의 고등사가 선색한 그운돼 사고 원이근항이 학실 이 델 비행기록 정치가 발견됐다
p32_u00,p32,ce_invisible,경남 사천 설권에서 공군 일련이기 구대과 충벌해 네 명에 조등사아 순직한 경운데 사고 원이 두 명의 심이될 비행기록 정치가 발견됐다
p32_u01,p32,taps,삼 일 공군등에 따르면 공주 신골로 추락한 금금 훈련기케이키당시 일 훈령기 두대중 한대 블랙박스가 전날 오전 사천 장동면 파안의 인근에서 발견됐다
p32_u01,p32,ce,삼 일 공군등에 따르면 광글 선들로 추락한 건군 휘변케위트 다시 일 훈령기 두달 중 한대의 블랙버출과 전날 오전 사천 종통면 상업의 인금에서 발견됐다
p32_u01,p32,ce_s40,삼 일 공군등에 따르면 광글 상글로 추락한 공군 휘변이 케위트 다시 일 훈령기 두달 중 한대의 블랙버술가 전날 오전 사천 등통면 상업 인금에서 발견됐다
p32_u01,p32,ce_s80,삼 일 공군등에 따르면 광주 상들로 추락한 공군 휘변이 페위트 다시 일 훈력기 두달 중 한대의 블랙버출가 전날 오전 사천 등통면 상업 인금에서 발견됐다
p32_u01,p32,ce_s160,삼 일 공군등에 따르면 광제 상글로 추락한 건군 휘변이 테위트 다시 일 한 용기 두달 중 한대의 블랙버술가 전날 오전 사천 등통면 상남 인근에서 발견됐다
p32_u01,p32,taps_s80,삼 일 공군등에 따르면 공주 시골로 추락한 금금 훈러기 케이티다시 일 훈령기 두대중 한대 블랙박스가 전날 오전 사천 장동면 파안의 인근에서 발견됐다
p32_u01,p32,taps_s160,삼 일 공군등에 따르면 공주 시골로 추락한 금금 훈련기 케이키다시 일 현력기 두대중 한대 블랙박술가 전날 오전 사천 정동면 파안의 인근에서 발견됐다
p32_u01,p32,ce_visible,삼 일 공군등에 따르면 광주 상들로 추락한 건군 휘변케위트 당시 일 훈령기 두달 등 한대의 블랙버술가 전날 오전 사천 정동면 상오 인금에서 발견됐다
p32_u01,p32,ce_invisible,삼 일 공군등에 따르면 공주 충골로 추락한 금금 훈련기 케이키당시 일 현령기 두대중 한대 블랙박스가 전날 오전 사천 장동면 파안의 인근에서 발견됐다
p32_u02,p32,taps,블랙박스라고 불리는 이 비행기록 장치에는 횡련기 저동사들의 남성과 통신정부 비행 상황 등에 정보가 담겨 있다
p32_u02,p32,ce,블랙박스라고 불리는 이 병행 기록 정치 에나 홍영계 조동사들의 인성과 편해신 정부 비행 상원 등의 정보가 반겨 있다
p32_u02,p32,ce_s40,블랙박스라고 불리는 이 병행기록 정치 에나 홍영계 조동사들의 인성과 페해신 정부 비중 상원 등의 정보가 반겨 있다
p32_u02,p32,ce_s80,블랙박스라고 불리는 이 병행기록 정치 에나 훈영기 조동사들의 이성과 평해신 정부 비행 상원 등의 정보가 반겨 있다
p32_u02,p32,ce_s160,블랙박스라고 불리는 이 핑행 기록 정치 에나 훈비 조동사들의 의성과 평신 정부 비중 상원 등에 정보가 반겨 있다
p32_u02,p32,taps_s80,블랙박스라고 불리는 이 비행기록 장치에는 해련기 저동사들의 남성과 통신정부 비행 상황 등의 정부가 담겨 있다
p32_u02,p32,taps_s160,블랙박스라고 불리는 이 비행기록 장치에는 해련기 저동사들의 남성과 통신정부 비행 상황 등의 정보가 담겨 있다
p32_u02,p32,ce_visible,블랙박스라고 불리는 이 병행 기록 정치 에나 훈영기 조동사들의 인성과 편해신 정부 비행 상원 등에 정보가 반겨 있다
p32_u02,p32,ce_invisible,블랙박스라고 불리는 이 비행기록 장치에는 횡련기 저동사들의 남성과 통신정부 비행 상황 등에 정보가 담겨 있다
p32_u03,p32,taps,공군은 수고한 비의 기록 장치에 내용의 분석한을 한편 나머지 한대 비행 기록 장치 등 자내 수색 작업도 이어가고 있다
p32_u03,p32,ce,공군은 수고한 비행기록 정치의 인내 용의 분격하는 한편 아머지 안대의 부유인 기록 정치 등 사내 수색 작업도 있어 가고 있다
p32_u03,p32,ce_s40,공군은 수고한 비행그록 정치은 이내 용의 본격하는 한편 나머지 한대의 부유인 기록 정치 등 사내 수색 작업도 있어 가고 있다
p32_u03,p32,ce_s80,공군은 수고한 비행그록 정치은 이내 용의 본격하는 한편 나머지 안대의 부유인 기록 정치 등 사내 수색 작업도 이어 가고 있다
p32_u03,p32,ce_s160,공군은 수고한 비행기록 정치은 이내 용을 본격하는 한편 나머지 안데의 부유인 기록 정치 등 사내 수색 작업도 있어 가고 있다
p32_u03,p32,taps_s80,공군은 수고한 비의 기록 장치에 내용의 분석한을 한편 나머지 한대 비해 기록 장치 등 자내 수색 작업도 이어가고 있다
p32_u03,p32,taps_s160,공군은 수고한 비애 기록 장치에 내용에 분석한을 한편 나머지 한대 비 기록 장치 등 자내 수색 작업도 이어가고 있다
p32_u03,p32,ce_visible,공군은 수고한 부행그록 정치의 인내 용의 분석하는 한편 아머지 안대의 부유인 기록 정치 등 사내 수색 작업도 있어가고 있다
p32_u03,p32,ce_invisible,공군은 수고한 비의 기록 장치에 내용의 분석한을 한편 나머지 한대 비행 기록 장치 등 자내 수색 작업도 이어가고 있다
p32_u04,p32,taps,사고 현장인 전동련 일대 전역 일흔 여명을 배치해 자해 수색의 진행 중이다
p32_u04,p32,ce,사고현장인 단동련 일대 병역 이백 여명을 배치해 잔해 수색을 진행 중이다
p32_u04,p32,ce_s40,사고 현장인 단동련 일대 병역 일백 여명을 배치해 자액 수색을 진행 중사다
p32_u04,p32,ce_s80,사고 현장인 단동련 힐대 병역 이백 여 명을 배치해 사해 수색을 진행 중모이다
p32_u04,p32,ce_s160,사권현장인 단동면 일대 병역 이백 여 명을 배치해 사해 수색을 진행 중모이다
p32_u04,p32,taps_s80,사고 현장인 전동련 일대 전역 일흔 여명을 배치해 자해 수색의 진행 중이다
p32_u04,p32,taps_s160,사고 현장인 전동련 일대 전역 일흔 여명을 배치해 전해 수색의 진행 중이다
p32_u04,p32,ce_visible,사고현장인 전동련 일대 병역 이백 여명을 배치해 잔해 수색을 진행 중이이다
p32_u04,p32,ce_invisible,사고 현장인 전동련 일대 전역 일흔 여명을 배치해 자해 수색의 진행 중이다
p32_u05,p32,taps,훈련 기가 공지 충고한 만편 장해가 광범위 향객게 펴져있을 것으로 추정된다
p32_u05,p32,ce,훈련 귀가 공중 출결한 만큼 해가 광범이에게 펼져있을 것으로 추정된다
p32_u05,p32,ce_s40,훈년 의가 공주 출결한 만큼 해가 광범이에게 펼쇄있을 것으로 추정된다
p32_u05,p32,ce_s80,훈련 의가 공주 출결한 만큼 단해가 광범이에게 펼쇄있을 것으로 추정된다
p32_u05,p32,ce_s160,훈련 귀가 공주 술결한 만큼 단핵가 광범이 펼쇄있을 것으로 추정된다
p32_u05,p32,taps_s80,훈련 기가 공식 충거한 만편 장해가 광범위 향객게 펴져있을 것으로 추정된다
p32_u05,p32,taps_s160,훈련 기가 공식 충고한 만편 장해가 광범위 확객게 펴져있을 것으로 추정된다
p32_u05,p32,ce_visible,훈련 귀가 공중 출결한 만큼 단핵가 방범이에게 펼져있을 것으로 추정된다
p32_u05,p32,ce_invisible,훈련 기가 공지 충고한 만편 장해가 광범위 향객게 펴져있을 것으로 추정된다
p32_u06,p32,taps,서고기의 자해로 사고 원인이 중요한 정보를 제생할 수 있어서 채게되면 현장을 의선 임시 보산하고 있다
p32_u06,p32,ce,한국기에 단해도 사고 원인의 종요한 정보를 제공할 수 있어서 착폐되면 현장을 의이지 보도하고 있다
p32_u06,p32,ce_s40,한고기의 잘해도 사고 원인의 종요한 방보를 제공할 수 있어서 착게되면 현장을 의이지 보도하고 있다
p32_u06,p32,ce_s80,한국기의 단해도 사고 원인의 종요한 방보를 제공할 수 있어서 착폐되면 현장을 의미지 보도하고 있다
p32_u06,p32,ce_s160,한국기에 단해도 사고 원인의 종요한 방보를 제공할 수 있어서 확배되면 현장을 우미지 부도하고 있다
p32_u06,p32,taps_s80,서고기의 자해로 사고 원인의 중요한 방보를 제응할 수 있어서 채계되면 현장을 의선 임시 보산하고 있다
p32_u06,p32,taps_s160,서고기의 잘해로 사고 원인이 중요한 방보를 제공할 수 있어서 채계되면 현장을 의선 임시 보상하고 있다
p32_u06,p32,ce_visible,한국기에 단해도 사고 원인의 종요한 정보를 제공할 수 있어서 착폐되면 현장을 의미지 보도하고 있다
p32_u06,p32,ce_invisible,서고기의 자해로 사고 원인이 중요한 정보를 제생할 수 있어서 채게되면 현장을 의선 임시 보산하고 있다
p32_u07,p32,taps,아서 지난 일 일 오후 한 시 삼십 이원 쯤 경남 사천 김금 재산 일 년 비행단에서 캘이히 현령이기 정대가 훈련 도지 경중에서 챙열했다
p32_u07,p32,ce,아아 지난 일 일 오후 한 시 삼십 이 원중 강남 사천 근군 재 산 훈년 비행단에서 캘이페 훈련이기 공제가 훈련 버수 공준에가 충돌했다
p32_u07,p32,ce_s40,아 지난 일 일 오후 한 시 삼십 이 원쯤 강남 사천 등군 재 산 훈명 비행단에서 캘이페 훈련이기 공제가 훈련 버수 공준에서 선돌했다
p32_u07,p32,ce_s80,아 지난 일 일 오후 한 시 삼십 이 분 쯤 강남 사천 근군 재 산 훈명 비행단에서 캘이페 훈련이기 공제가 훈련 버수 공준에서 판돌했다
p32_u07,p32,ce_s160,아로 지난 일 일 오후 한 시 삼십 이 분 쯤 강남 사천 근군 재 산 훈명 비행단에서 캘이페 훈련기 공대가 훈련 버수 공준에서 선돌했다
p32_u07,p32,taps_s80,앞서 지난 일 일 오후 한 시 삼십 이원 중 경남 사천 김금 재산 일 년 비행단에서 캘이키 혈령이기 정대가 훈련 도지 공중에서 증열했다
p32_u07,p32,taps_s160,앞서 지난 일 일 오후 한 시 삼십 이원 중 경남 사천 김금 재산 일 년 비행단에서 캘키 현령이기 정대가 훈련 도지 공중에서 충돌했다
p32_u07,p32,ce_visible,아 지난 일 일 오후 한시 삼십 이 원중 강남 사천 근군 재 산 훈년 비행단에서 캘이페 훈련이기 공제가 훈련 버수 공준에가 충돌했다
p32_u07,p32,ce_invisible,앞서 지난 일 일 오후 한 시 삼십 이원 쯤 경남 사천 김금 재 삼 일 년 비행단에서 캘이히 현령이기 정대가 훈련 도지 경중에서 챙열했다
p32_u08,p32,taps,고대에는 학생 교종사 분염과 비행이 교수 두명등 모두 네 명이 탑승했고 당시 비상 황치했지만 안타깝게도 모두 숨직했다
p32_u08,p32,ce,동대에는 학생 교종사 분양과 비행 교수 두명등 모두 네 명이 탑승했고 당시 비상상을 출했지만 안타앞에도 모두 순식했다
p32_u08,p32,ce_s40,동대에는 학생 교종사 분양과 비행 교수 동명등 모두 네 명이 학생했고 당시 이상상을 출했지만 안타값에도 모두 선식했다
p32_u08,p32,ce_s80,동대에는 학생 교종사 분양과 비행 교수 두명등 모두 네 명이 탁생했고 당시 비상상을 출했지만 안타값에도 모두 순식했다
p32_u08,p32,ce_s160,동대에는 학생 교종사 분양과 비행이 교수 두명등 모두 네 명이 탑승했고 당시 비상승을 술했지만 안팎값에도 모두 선식했다
p32_u08,p32,taps_s80,부대에는 학생 조동사 분염과 비행이 교수 두명등 모두 네 명이 탑승했고 당시 비상 상치했지만 안타깝게도 모두 숨직했다
p32_u08,p32,taps_s160,부대에는 학생 조동사 분염과 비행이 교수 두명등 모두 네 명이 탑승했고 당시 비상 상치했지만 안타깝게도 모두 숨직했다
p32_u08,p32,ce_visible,동대에는 학생 교종사 분양과 비행 교수 두명등 모두 네 명이 탑승했고 당시 비상상을 출했지만 안타앞에도 모두 순식했다
p32_u08,p32,ce_invisible,부대에는 학생 교종사 분염과 비행이 교수 두명등 모두 네 명이 탑승했고 당시 비상 황치했지만 안타깝게도 모두 숨직했다
p32_u09,p32,taps,케이티는 국내 기슬로 개발된 최초의 국성훈련 기로 이천 년 팔 월부터 시전 배치됐다
p32_u09,p32,ce,크이티는 국내 기슬로 개발된 세초의 국산혁령기도 이천 년 팔 월부터 사전 배치됐다
p32_u09,p32,ce_s40,크이티는 국내 기슬로 개발된 세초의 국사혁명기로 이천 년 팔 월부터 새전 배치됐다
p32_u09,p32,ce_s80,크이티는 국내 기슬로 개발된 세초의 국당혁련기로 이천 년 팔 월부터 사전 배치됐다
p32_u09,p32,ce_s160,페이티는 국내 기슬로 개발된 세초의 국산혁령기로 이천 년 팔 월부터 시전 배치됐다
p32_u09,p32,taps_s80,케이티는 국내 기슬로 개발된 최초의 국성훈련 기로 이천 년 팔 월부터 시전 배치됐다
p32_u09,p32,taps_s160,케이티는 국내 기슬로 개발된 최초의 국성 훈련 기로 이천 년 팔 월부터 시전 배치됐다
p32_u09,p32,ce_visible,크이티는 국내 기슬로 개발된 세초의 국산혁령기도 이천 년 팔 월부터 사전 배치됐다
p32_u09,p32,ce_invisible,케이티는 국내 기슬로 개발된 최초의 국성훈련 기로 이천 년 팔 월부터 시전 배치됐다
p32_u10,p32,taps,연결식은 사 일 오전 공군 재산 일년 비행단 안청면문화 해관에서 비군계로 거행된다
p32_u10,p32,ce,연결식은 사 일 오전 공군 제 삼 훈련 비행단 안착 나무화 회관에서 비군계로 고인이된다
p32_u10,p32,ce_s40,연결식은 사 일 오전 공군 제 삼 일란 비난단 안착 남문화 회관에서 비군계로 권인이된다
p32_u10,p32,ce_s80,연결식은 사 일 오전 공군 재 삼 훈련 비행이단 안산나무화 회관에서 비군계로 보인 된다
p32_u10,p32,ce_s160,연결식은 사 일 오전 공군 제 삼 일란 비행이단 안산나문화 회관에서 비근계로 거인이된다
p32_u10,p32,taps_s80,연결식은 사 일 오전 공군 재 산 일년 비행단 안착 면문화 회관에서 비군계로 거행된다
p32_u10,p32,taps_s160,연결식은 사 일 오전 공군 재산 일련 비행단 안착 나문화 회관에서 비군계로 고행된다
p32_u10,p32,ce_visible,연결식은 사 일 오전 공군 세 삼 훈란 비행단 안착 나무화 회관에서 비군계로 고인이된다
p32_u10,p32,ce_invisible,연결식은 사 일 오전 공군 재산 일년 비행단 안청면문화 해관에서 비군계로 거행된다
p32_u11,p32,taps,윤사경 대통령 대선인이 윤사결 정부의 대통령실 비서관경 호속 인산을 이으며 오 일 발표된다
p32_u11,p32,ce,문사견 대통령 반 선임이 문사결 당부의 대통령시 비서관큼 후속 인선을 이루는 오 일 발표된다
p32_u11,p32,ce_s40,문사견 대통령 반선일이 문사결 정부의 대통령시 비서하관큼 후속 인선을 이루는 오 일 발표된다
p32_u11,p32,ce_s80,문사견 대통령 반선임이 문사결 당부의 대통령시 비서하관큼 구속 인선을 이루는 오 일 발표된다
p32_u11,p32,ce_s160,문사견 대통령 반 선임이 문사결 정부의 대통령시를 비서관큼 호속 인선을 이루는 오 일 발표된다
p32_u11,p32,taps_s80,윤사경 대통령 대선인이 윤사결 정부의 대통령실 비서관경 호속인산을 이으며 오 일 발표된다
p32_u11,p32,taps_s160,윤사경 대통령 대선인이 인사결 정부의 대통령실 비서관경 후속 인선을 이으면 오 일 발표된다
p32_u11,p32,ce_visible,문사견 대통령 반 선임이 문사결 당부의 대통령시 비서관큼 후속 인선을 이루는 오 일 발표된다
p32_u11,p32,ce_invisible,윤사경 대통령 대선인이 윤사결 정부의 대통령실 비서관경 호속 인산을 이으면 오 일 발표된다
p32_u12,p32,taps,인사결 당선인 대전 이시 관계자는 빠월 년 내일이나 모래 발표한다며 이번에는 사면으로 발표할 예정이라고 말했다
p32_u12,p32,ce,인사교 당선인 발변 있을 관계자은 빠르 면 내일은나 모래 발표한다며 이번에는 서면으로 발표할 예정이라고 말했다
p32_u12,p32,ce_s40,인사교 당선인 발변 있을 관계자는 따르면 내일은나 모래 발표한다며 이번에는 서면으로 발표할 예정이라고 말했다
p32_u12,p32,ce_s80,인상은 당선인 발변 있을 관계자는 따르 면 내일은나 몸래 발표한다며 이번에는 서면으로 발표할 예정이라고 말했다
p32_u12,p32,ce_s160,인사금 당선인 발변 있을 관계자는 빠르 면 내일이나 모래 발표한다며 이원에는 서면으로 발표할 예정이라고 말했다
p32_u12,p32,taps_s80,인사결 당선인 대전 이시 감계자는 빠월 년 내일이나 모래 발표한다며 이번에는 상연으로 발표할 예정이라고 말했다
p32_u12,p32,taps_s160,인사결 당선인 대전 이시 담계자는 빠월 년 내일이나 모래 발표한다며 이번에는 사면으로 발표할 예정이라고 말했다
p32_u12,p32,ce_visible,인사교 당선인 발변 있을 관계자은 빠르 면 내일은나 모래 발표한다며 이번에는 서면으로 발표할 예정이라고 말했다
p32_u12,p32,ce_invisible,인사결 당선인 대전 이시 관계자는 빠월 년 내일이나 모래 발표한다며 이번에는 사면으로 발표할 예정이라고 말했다
p32_u13,p32,taps,앞서 수석된 인사를 장제원 당성이 비서실장이 배제한 것과는 사뭇 다른 모습이다
p32_u13,p32,ce,앞서 수석급 인사를 당세원 방성이 비서실장이 발표한 곳과는 사뭇 다른 모습이다
p32_u13,p32,ce_s40,앞서 수석급 인사를 당제원 강성이 비서실장이 발표한는 곳과는 사뭇 다른 모습이다
p32_u13,p32,ce_s80,앞서 수석급 인사를 당제원 강성이 비서실장이 발표한 국과는 사뭇 다른 모습이다
p32_u13,p32,ce_s160,앞서 수석급 인사를 당세원 강성이 비서실장이 발표한 국과는 사뭇 다른 모습이다
p32_u13,p32,taps_s80,앞서 수석객 인사를 장제원 당선이 비서실장이 배제한 것과는 사뭇 다른 모습이다
p32_u13,p32,taps_s160,앞서 수석된 인사를 장제원 당선이 비서실장이 배제한 것과는 사뭇 다른 모습이다
p32_u13,p32,ce_visible,앞서 수석급 인사를 당세원 방성이 비서실장이 발표한 곳과는 사뭇 다른 모습이다
p32_u13,p32,ce_invisible,앞서 수석계 인사를 장제원 당성이 비서실장이 배제한 것과는 사뭇 다른 모습이다
p32_u14,p32,taps,최대 직정사황실장에는 대선 캠페이 과정에서 연 단용 이 천 이내 메시지를 총괄했던 하무사 전 청와대 선의 행정관이 유력하게 거론된다
p32_u14,p32,ce,사비 국정 상남실장하는 대선 텐페이 과정에서 윤 당성 선이내 메시지를 총괄했던 하루사전 청와대 선의 흥정관이 압격하게 거론된다
p32_u14,p32,ce_s40,사대 국정 상남실장하는 대선 편페이 과정에서 윤 당성선임내 메시지를 총괄했던 하루사 전 청와대 선의 행정관이 압력하게 거론된다
p32_u14,p32,ce_s80,사대 국정 상남실장하는 대선 편페인 과정에서 윤 당선닉내 메시지를 총괄했던 하루사 전 청와대 선의 행정관이 본력하게 거론된다
p32_u14,p32,ce_s160,사비 국정 상남실장하는 대선 편페이 과정에서 윤 당성 선닉내 메시지를 총괄했던 하루사 전 청와대 선의 행정관이 압격하게 거론된다
p32_u14,p32,taps_s80,최대 직정사황실장에는 대선 캠페이 과정에서 연 단용 이 천 이내 메시지를 총괄했던 하무사 전 청와대 선의 행정관이 유력하게 거론된다
p32_u14,p32,taps_s160,최대 직정사황실장에는 대선 텐페이 과정에서 연 단용 이천 이내 메시지를 총괄했던 하무사 전 청와대 선의 행정관이 유력하게 거론된다
p32_u14,p32,ce_visible,사비 국정 상남실장하는 대선 텐페이 과정에서 윤 당성 선닉내 메시지를 총괄했던 하루사전 청와대 선의 흥정관이 압격하게 거론된다
p32_u14,p32,ce_invisible,최대 직정사황실장에는 대선 캠페이 과정에서 연 단용 이 천 이내 메시지를 총괄했던 하무사 전 청와대 선의 행정관이 유력하게 거론된다
p32_u15,p32,taps,장문수 석실 산나 당물비서관에는 홍지만 전 의원이 홍보수석실 산업 행고기획 비서관에는 최영에 동나 이보 분국장이 삼병에 올랐다
p32_u15,p32,ce,정모수 석 나국무비서관에는 홍지만 전 의원이 홍보수 석실 상나 홍고기의 비서관에는 최양에 분단 일보 본국장이 한나병에 올랐다
p32_u15,p32,ce_s40,정모로 석 나국무비서관에는 홍지만 전 원이 홍보수 석실 상나 홍고인의 비서관에는 최양에 분단 일보 본국장이 한나병에 올랐다
p32_u15,p32,ce_s80,정모로 석시 나 국무비서관에는 홍지만 전 의원이 홍보수 석실 상나 홍고기의 비서관에는 최영에 변단일보 본국장이 한나병에 올랐다
p32_u15,p32,ce_s160,정모수 석시 상나 백리비서관에는 홍지만 전 의원이 홍보수 석실 상나 홍고기의 비서관에는 최양에 분단 일보 본국장이 한나병에 올랐다
p32_u15,p32,taps_s80,장문수 석실 산나 등무비서관에는 홍지만 전 의원이 홍보수석실 산업 행고기획 비서관에는 최영에 변나 이보 중국장이 삼업병에 올랐다
p32_u15,p32,taps_s160,장문수 석실 산나화 당무비서관에는 홍지만 전 의원이 홍보수석실 산업 행고기획 비서관에는 최영의 변나 이보 중국장이 삼업병에 올랐다
p32_u15,p32,ce_visible,정문모수 석 나국무비서관에는 홍지만 전 의원이 홍보수 석실 상나 홍고기의 비서관에는 최양에 분단 일보 본국장이 한나병에 올랐다
p32_u15,p32,ce_invisible,장문수 석실 산나 당물비서관에는 홍지만 전 의원이 홍보수석실 산업 행고기획 비서관에는 최영에 동나 이보 분국장이 삼병에 올랐다
p32_u16,p32,taps,법률 기서관에는 주진의 장호사 이전 비서관의 김리범 당선인 보자약이 사실상 매정을 된 것으로 알려졌다
p32_u16,p32,ce,경률비서관에는 조진의 경호사 이전 분사관의 근무원 당선인 보좌 사실상 매장을 변 것으로 알려졌다
p32_u16,p32,ce_s40,경률비서관에는 중진의 경모사 음전봉사관는 근무원 당선인 보사 사실상 매장을 근 것으로 알려졌다
p32_u16,p32,ce_s80,경률 비서관에는 중진의 경호사 음전봉서관의 근무성 당선인 보좌 약사실상 매명이 된 것으로 알려졌다
p32_u16,p32,ce_s160,경률 비서관에는 중진의 경호사 음전비사관의 근무성 당선인 보다약이 사실상 내정 된 것으로 알려졌다
p32_u16,p32,taps_s80,법률 기서관에는 주진의 장호사 이전 비서관의 김리범 당선인 보자약이 사실상 매장을 된 것으로 알려졌다
p32_u16,p32,taps_s160,법률 기서관에는 주진의 장호사 이전 비서관의 김리범 당선인 보자약이 사실상 매정을 된 것으로 알려졌다
p32_u16,p32,ce_visible,경률비서관에는 조진의 경호사 이전 분사관의 근무원 당선인 보좌 사실상 매장을 근 것으로 알려졌다
p32_u16,p32,ce_invisible,법률 기서관에는 주진의 장호사 이전 비서관의 김리범 당선인 보자약이 사실상 매정을 된 것으로 알려졌다
p32_u17,p32,taps,앞서 융 당선이은 지난 일 일 이시 올 수석의 대통령실 수사급 인선을 발표했다
p32_u17,p32,ce,앞서융 당선이은 지난 일일 이을 우수사계 대통령실 수사급 인선을 발표했다
p32_u17,p32,ce_s40,앞서융 당선이은 지난 일일 이을 우수사계 대통령실를 수사급 인선을 발표했다
p32_u17,p32,ce_s80,앞서융 당선이은 지난 일 일 이을 우 수사계 대통령실 수사급 인선을 발표했다
p32_u17,p32,ce_s160,앞서융 당선이은 지난 일 일 이을 우수사계 대통령실 수사급 인선을 발표했다
p32_u17,p32,taps_s80,앞서융 당선이는 지난 일 일 이시 오 수석의 대통령실 수사급 인선을 발표했다
p32_u17,p32,taps_s160,앞서융 당선이은 지난 일 일 이시 오 수석의 대통령실 수사급 인선을 발표했다
p32_u17,p32,ce_visible,앞서융 당선이은 지난 일일 이을 우수사계 대통령실 수사급 인선을 발표했다
p32_u17,p32,ce_invisible,앞서 융 당선이은 지난 일 일 이시 올 수석의 대통령실 수사급 인선을 발표했다
p32_u18,p32,taps,오는 육일 대통령 지수 의원회 해척실을 앞둔 만큼 윤사일 정부의 공식 최범 준비 작업은 이번 중 아무리의 전망이다
p32_u18,p32,ce,호는 육일 대통령 혹식을 숙 일원한 해척식을 앞둔 만큼 윤사결 정부의 공식 출방 경비 작업은 이번쯤 아무리의 전망이다
p32_u18,p32,ce_s40,호는 육일 대통령 혹식일 숙 일원한 해척을 앞둔 만큼 민사결 정부의 공식 출방 경비 작업은 이번중 아무리의 전망이다
p32_u18,p32,ce_s80,오는 육일 대통령 혹식일 숙 일원한 해척식을 앞둔 만큼 민사결 정부의 공식 출방 경비 작업은 이번쯤 아무리의 전망이다
p32_u18,p32,ce_s160,오는 육일 대통령 혹식일 도 일원한 해척식을 앞둔 만큼 민사결 정부의 공식 출방 경비 작업은 이번쯤 아무리의 전망이다
p32_u18,p32,taps_s80,오는 육일 대통령 재수 의원회 해척실을 앞둔 만큼 윤사일 정부의 공식 최범 준비 작업은 이번 중 아무리의 전망이다
p32_u18,p32,taps_s160,오는 육 일 대통령 지수 의원회 해 척실을 앞둔 만큼 인사일 정부의 공식 최범 준비 작업은 이번 쯤 아무리의 전망이다
p32_u18,p32,ce_visible,호는 육일 대통령 혹식을 숙 일원한 해척식을 앞둔 만큼 윤사결 정부의 공식 출방 경비 작업은 이번쯤 아무리의 전망이다
p32_u18,p32,ce_invisible,오는 육일 대통령 지수 의원회 해척실을 앞둔 만큼 윤사일 정부의 공식 최범 준비 작업은 이번 중 아무리의 전망이다
p32_u19,p32,taps,검찰이 이재명 더불어민주당 대표의 최측근니 정진사민주당 당 대표 장무조장 실장이 십 오 일 소아했까
p32_u19,p32,ce,검찰이 이재명 더불어민주당 대표의 최측근인 경진선민수당 당대표 정문소장 실장을 십 오 일 소안했다
p32_u19,p32,ce_s40,검찰이 이재명 더불어민주당 대표의 최측근인 경진선민수당 당대표 정문소장 실장을 십 오 일 소안했다
p32_u19,p32,ce_s80,경찰이 이재명 더불어민주당 대표의 최측근인 경진선민수당 당대표 정문소장 실장을 십 오 일 소안했다
p32_u19,p32,ce_s160,검찰이 이재명 더불어민주당 대표의 최측근인 경진선민수당 당대표 정문소장 실당을 십 오 일 소문했다
p32_u19,p32,taps_s80,검찰이 이재명 더불어민주당 대표의 최측근인 정진사임민주당 당 대표 장무조장 실장이 십 오 일 소아했까
p32_u19,p32,taps_s160,검찰이 이재명 더불어민주당 대표의 최측근이 정진사민주당 당 대표 장무조장 실장이 십 오 일 소아했까
p32_u19,p32,ce_visible,검찰이 이재명 더불어민수당 대표의 최측근인 정진선민수당 당대표 정문소장 실장을 십 오 일 소안했다
p32_u19,p32,ce_invisible,검찰이 이재명 더불어민주당 대표의 최측근니 정진사민주당 당 대표 장무조장 실장이 십 오 일 소아했까
p32_u20,p32,taps,야당은 언터리 수사라며 반발했지만 검찰은 타협은 없다며 이 대표 주변에 대한 강도 높은 사정을 예고했다
p32_u20,p32,ce,야당은 왕터리 수사라며 반발했지만 검찰은 타협은 없다며 이 대표 주변에 대한 광도 높은 사정을 예고했다
p32_u20,p32,ce_s40,야당은 왕터리 수사라며 반발했지만 검찰은 타협은 없다며 이 대표 주변에 대한 광도 높은 사정을 예고했다
p32_u20,p32,ce_s80,야당은 언터리 수사라며 반발했지만 검찰은 타협은 없다며 이 대표 주변에 대한 권도 높은 사정을 내고했다
p32_u20,p32,ce_s160,야당은 언토리 수사라며 반발했지만 검찰은 타협은 없다며 이 대표 주변에 대한 광도 높은 사정을 예고했다
p32_u20,p32,taps_s80,야당은 언터리 수사라며 반발했지만 검찰은 타협은 없다며 이 대표 주변에 대한 강도 높은 사정을 예고했다
p32_u20,p32,taps_s160,야당은 언터리 수사라며 반발했지만 검찰은 타협은 없다며 이 대표 주변에 대한 강도 높은 사정을 예고했다
p32_u20,p32,ce_visible,야당은 왕터리 수사라며 반발했지만 검찰은 타협은 없다며 이 대표 주변에 대한 권도 높은 사정을 예고했다
p32_u20,p32,ce_invisible,야당은 언터리 수사라며 반발했지만 검찰은 타협은 없다며 이 대표 주변에 대한 강도 높은 사정을 예고했다
p32_u21,p32,taps,서울중앙지검 반부 페 수사 일부는 이날 오전 정 실장의 피해자 실분으로 불렀다
p32_u21,p32,ce,서울중앙직검 방부 페수사 일본는 흔날 오전 정실장의 피해의자 행분으로 불렀다
p32_u21,p32,ce_s40,서울중앙직검 방부 페 수사 일본는 현날 오전 정 실장의 피의자 신분으로 불렀다
p32_u21,p32,ce_s80,서울중앙직검 방보 페수사 일본는 흔날 오전 정실장의 피해의자 신분으로 불렀다
p32_u21,p32,ce_s160,서울중앙직검 반부 페 수사 일본는 흔날 오전 정실장의 피해의자 행분으로 불렀다
p32_u21,p32,taps_s80,서울중앙지검 반부패 수사 일부는 이날 오전 전 실장의 피해자 실분으로 불렀다
p32_u21,p32,taps_s160,서울중앙지검 반부 페 수사 일부는 이날 오전 정 실장의 피해자 실분으로 불렀다
p32_u21,p32,ce_visible,서울중앙직검 방부 페수사 일본는 흔날 오전 정실장의 피해의자 행분으로 불렀다
p32_u21,p32,ce_invisible,서울중앙지검 반부 페 수사 일부는 이날 오전 정 실장의 피해자 실분으로 불렀다
p32_u22,p32,taps,경실장은 서울서초구 서울중앙지원로비의 대기 중인 실제진을 비해 일은 아침 검찰에 투석했다
p32_u22,p32,ce,경실장은 서울 서초하구 서울중앙중광로인의 발기주는 실제 진을 피해 이흔 아침 검찰에 참석했다
p32_u22,p32,ce_s40,경실장은 서울 서초구 서울중앙중광로인의 발기주는 실제 진을 피해 이흔 아침 검찰에 출석했다
p32_u22,p32,ce_s80,경실당은 서울 서초구 사울중앙중광로인의 발기주는 실제 진을 피해 이흔 아침 검찰에 필석했다
p32_u22,p32,ce_s160,경실장은 서울 서초구 서울중앙중광로임의 발기준는 실제 진을 피해 이흔 아침 검찰에 풍석했다
p32_u22,p32,taps_s80,경실장은 서울 서초구 서울중앙지원 로비의 대비 중인 실제진을 피해 일은 아침 검찰에 투석했다
p32_u22,p32,taps_s160,경실장은 서울 서초구 서울중앙지검로비의 대기 중인 실제진을 피해 일은 아침 검찰에 투석했다
p32_u22,p32,ce_visible,경실장은 서울 서초하구 서울중앙중광로인의 발기주는 실제 진을 피해 이흔 아침 검찰에 참석했다
p32_u22,p32,ce_invisible,경실장은 서울서초구 서울중앙지원로비의 대비 중인 실제진을 비해 일은 아침 검찰에 투석했다
p32_u23,p32,taps,검찰은 장실장을 상대로 유동이구 전 성남도시 개발공사 기액 공부장 등에게 공품을 받은 배경 등을 캐모를 것으로 알려졌다
p32_u23,p32,ce,검찰은 당실장을 상대로 유동이으 전 성남보시 대발공사 유액 본부장 등액을 공품을 받은 발경등을 채물인 것으로 알다렸다
p32_u23,p32,ce_s40,검찰은 당실장을 상대로 유동이교 전 성남보시 개발공사 유액 본부장 등액을 공품을 받은 발견등을 채물인 것으로 알려됐다
p32_u23,p32,ce_s80,검찰은 당실장을 상대로 유동이으 전 성남보시 개발공사 유액 본부장 등액을 공품을 받은 발경등을 채물인 것으로 알려렸다
p32_u23,p32,ce_s160,검찰은 당실장을 상대로 유동이교 전 성남보수 개발등사 유액 공부장 등에의 공품을 받은 발경등을 채물인 것으로 알려졌다
p32_u23,p32,taps_s80,검찰은 장실장을 상대로 유동이구 전 성남도시 개발공사 기액 공부장 등에게 공품을 받은 배경 등을 캐모를 것으로 알려졌다
p32_u23,p32,taps_s160,검찰은 장실장을 상대로 유동이구 전 성남도시 개발공사 기액 공부장 등에게 공품을 받은 배경 등을 캐모한 것으로 알려졌다
p32_u23,p32,ce_visible,검찰은 당실장을 상대로 유동이으 전 성남보시 개발공사 유액 본부장 등액을 공품을 받은 발경등을 캐물인 것으로 알다렸다
p32_u23,p32,ce_invisible,검찰은 장실장을 상대로 유동이구 전 성남도시 개발공사 기액 공부장 등에게 공품을 받은 배경 등을 캐모를 것으로 알려졌다
p32_u24,p32,taps,또 정실장과 김영 민슬 연구원 부원장 유 전 본부장 등 이 대표 측근 삼일의 목스로 알려진 대상동 수입김 사백 이십 팔 억원에 지분 관계도 직문한 것으로 전해졌다
p32_u24,p32,ce,또 당실장과 금융행비니주 영구원 보원장 유 전본부장 등 의 대표 측근 삼일의 목추로 알려진 발당동 수입금 사백 이십 팔 억 원에 지분 관계도 직문한 것으로 전해졌다
p32_u24,p32,ce_s40,또 당실장과 금융주 연구원 보원장 유 단본부장 등 의 대표 측근 삼 일의 목추로 알려진 발당동 수익금 사백 이십 팔 억원에 지분 관계도 직문한 것으로 전해졌다
p32_u24,p32,ce_s80,또 당실장과 금융행주 영구원 보원장 유 전본부장 등 이 대표 측근 삼일의 목소로 알려진 발당동 수익금 사백 이십 팔 억원에 지분 관계도 질문한 것으로 전해졌다
p32_u24,p32,ce_s160,또 정실장과 금융 행민니주 연구원 보원장 유 전본부장 등 이 대표 측근 삼일의 목추로 알려진 발당동 수익금 사백 이십 팔 억원에 지분 관계도 증문한 것으로 전해졌다
p32_u24,p32,taps_s80,또 정실장과 김영 민실 연구원 부원장 유 전 본부장 등 이 대표 측근 삼일의 목추로 알려진 대상동 수입김 사백 이십 팔 억원에 지분 관계도 직문한 것으로 전해졌다
p32_u24,p32,taps_s160,또 당실장과 김종 민슬 연구원 부원장 유 전 본부장 등 이 대표 측근 삼일의 목스로 알려진 대상동 수입김 사백 이십 팔 억원에 지분 관계도 직문한 것으로 전해졌다
p32_u24,p32,ce_visible,또 당실장과 금융행비니주 영구원 보원장 유 전본부장 등 의 대표 측근 삼일의 목추로 알려진 발당동 수입금 사백 이십 팔 억 원에 지분 관계도 직문한 것으로 전해졌다
p32_u24,p32,ce_invisible,또 정실장과 김영 민슬 연구원 부원장 유 전 본부장 등 이 대표 측근 삼일의 목스로 알려진 대상동 수입김 사백 이십 팔 억원에 지분 관계도 직문한 것으로 전해졌다
p32_u25,p32,taps,검찰 관계자는 압수수색을 통해 요임위한 내용이 확인했으며 앞으로도 타협은 없다고 밝혔다
p32_u25,p32,ce,검찰 관계자는 압수수색을 통해 용임위한 내용을 확인했으며 앞으로도 타협은 없다고 밝혔다
p32_u25,p32,ce_s40,검찰 관계자는 압수수색을 통해 유임위한 내용을 확인했으며 앞으로도 타협은 없다고 밝혔다
p32_u25,p32,ce_s80,검찰 관계자는 압수수색을 통해 유임위한 내용을 확인했으며 앞으로도 타협은 없다고 밝혔다
p32_u25,p32,ce_s160,검찰 관계자는 압수수색을 통해 유임위한 내용은 확인했으며 앞으로도 타협은 없다고 밝혔다
p32_u25,p32,taps_s80,검찰 관계자는 압수수색을 통해 요임위한 내용이 확인했으며 앞으로도 탈협은 없다고 밝혔다
p32_u25,p32,taps_s160,검찰 관계자는 압수수색을 통해 요임위한 내용이 확인했으며 앞으로도 타협은 없다고 밝혔다
p32_u25,p32,ce_visible,검찰 관계자는 압수수색을 통해 용임위한 내용을 확인했으며 앞으로도 타협은 없다고 밝혔다
p32_u25,p32,ce_invisible,검찰 관계자는 압수수색을 통해 요임위한 내용이 확인했으며 앞으로도 타협은 없다고 밝혔다
p32_u26,p32,taps,정실장은 이천 십 삼 에서 이천 이십 년 경기 성남시 정책비서관 경기도 정책신장을 지내며 유 전 본부장 등으로부터 일 억 사천 만원을 수수한 혐의를 받고 있다
p32_u26,p32,ce,경실장은 이터 십삼 면에서 이천 이십 년 경기 상담시 정색 비서관 경기도 정택실장을 지나며 유 단 본부장 등으로부터 일 억 사천 만원을 수술한 혐의를 받고 있다
p32_u26,p32,ce_s40,경실장은 이천 십삼 년에서 이천 이십 년 경기 상담시 당색 비서관 경기보 정택실장을 지나며 유 단 본부장 등으로부터 일 억 사천 만원을 수술한 혐의를 받고 있다
p32_u26,p32,ce_s80,경실장은 이천 십삼 년에서 이천 이십 년 경기 상담시 당색 비서관 경기보 정책실장을 지나며 유 단 본부장 등으로부터 일 억 사천 만원을 수술한 혐의를 받고 있다
p32_u26,p32,ce_s160,경실장은 이천 십삼 년에서 이천 이십 년 경기 상담시 당색비서관 경기도 정책실장을 지내면 유 단 본부장 등으로부터 일 억 사천 만원을 수술한 혐의를 받고 있다
p32_u26,p32,taps_s80,정실장은 이천 십 삼 년에서 이천 이십 년 경기 성남시 장책비서관 경기도 정책신장을 지내며 유 전 본부장 등으로부터 일 억 사천 만원을 수수한 혐의를 받고 있다
p32_u26,p32,taps_s160,정실장은 이천 십 삼 에서 이천 이십 년 경기 성남시 정책 비서관 경기도 정책신장을 지내며 유 전 본부장 등으로부터 일 억 사천 만원을 수수한 혐의를 받고 있다
p32_u26,p32,ce_visible,경실장은 이터 십삼 년에서 이천 이십 년 경기 상담시 정색 비서관 경기도 단택실장을 지나며 유 단 본부장 등으로부터 일 억 사천 만원을 수술한 혐의를 받고 있다
p32_u26,p32,ce_invisible,정실장은 이천 십 삼 에서 이천 이십 년 경기 성남시 정책비서관 경기도 정책신장을 지내며 유 전 본부장 등으로부터 일 억 사천 만원을 수수한 혐의를 받고 있다
p32_u27,p32,taps,또 중거 일날 교사와 부정차사 호술의 부택방지법 입반 혐의도 받고 있다
p32_u27,p32,ce,또 중거인날 교사와 동정사사 홍술의 부패 방지법 일반 혐의도 받고 있다
p32_u27,p32,ce_s40,또 은거있날 교사와 동정사사 홍술의 부패 방지법 일반 혐의도 받고 있다
p32_u27,p32,ce_s80,또 중거인날 교사와 본병사사 홍술의 부패 방지법 일반 혐의도 받고 있다
p32_u27,p32,ce_s160,또 중가인날 교사와 본정사사 홍술의 부패 방지법 일반 혐의도 받고 있다
p32_u27,p32,taps_s80,또 중거 일날 교사와 부정차사 호술의 부데방지법 이반 혐의도 받고 있다
p32_u27,p32,taps_s160,또 중거 날 교사와 부정차사 호술의 부데방지법 입반 혐의도 받고 있다
p32_u27,p32,ce_visible,또 중거인날 교사와 동정사사 홍술의 부패 방습법 일반 혐의도 받고 있다
p32_u27,p32,ce_invisible,또 중거 일날 교사와 부정 차사 호술의 부택방지법 입반 혐의도 받고 있다
p32_u28,p32,taps,검찰은 전만간 장실장 신정확보에 나선의 한편 장치적 인통입제로 규정한 이 대표의 연루 여부도 수사할 것으로 보인다
p32_u28,p32,ce,검찰은 김만간 백술당 성명 확보에 나타난 한편 당치적 림풍핵쇄로 규동한 이 대표의 연루 여부도 수사할 것으로 보인다
p32_u28,p32,ce_s40,검찰은 전만간 백술장 성명 확보에 나타는 한편 당치적 림풍쇄로 규성한 이 대표의 연루 여부도 수사할 것으로 보인다
p32_u28,p32,ce_s80,검찰은 동만간 백술장 성병 확보에 나타는 한편 당치병 림풍쇄로 규병한 이 대표의 연루 여부도 수사할 것으로 보인다
p32_u28,p32,ce_s160,검찰은 강만간 백술장 신병 확보에 나타난 한편 당치적 금풍혜사로 규병원 이 대표의 연루 여부도 수사할 것으로 보인다
p32_u28,p32,taps_s80,검찰은 전만간 증실장 신경확보에 나선의 한편 장치적 인통입제로 규정한 이 대표의 연루 여부도 수사할 것으로 보인다
p32_u28,p32,taps_s160,검찰은 전만간 증실장 신경확보에 나선의 한편 장치적 인통입 제로 규정한 이 대표의 연루 여부도 수사할 것으로 보인다
p32_u28,p32,ce_visible,검찰은 동만간 백술당 성명 확보에 나타난 한편 당치적 림풍핵쇄로 규성한 이 대표의 연루 여부도 수사할 것으로 보인다
p32_u28,p32,ce_invisible,검찰은 전만간 장실장 신정확보에 나선의 한편 장치적 인통입제로 규정한 이 대표의 연루 여부도 수사할 것으로 보인다
p32_u29,p32,taps,민주당은 범죄 혐의로 기소된 자에 일반적 진술에만 의전하는 안터리 수사라고 반발했다
p32_u29,p32,ce,문주당은 범죄 혐의로 기소된 사에 일반적 진수에만 내전하는 응터이 수사라고 반발했다
p32_u29,p32,ce_s40,문주당은 범죄 혐의로 기소된 사에 일반적 진수에만 의전하는 응터리 수사라고 반발했다
p32_u29,p32,ce_s80,문주당은 범죄 혐의로 기소된 사에 일반적 진수에만 의견하는 강찰리 수사라고 강발했다
p32_u29,p32,ce_s160,문주당원 범죄 혐의로 기소된 사이 일반역 진수에만 내면하는 응터리 수사라고 반발했다
p32_u29,p32,taps_s80,민주당은 범죄 혐의로 기소된 자에 일반각 진수에만 의전하는 안터리 수사라고 반발했다
p32_u29,p32,taps_s160,민주당은 범죄 혐의로 기소된 자에 일반각 진술에만 의전하면 안터리 수사라고 반발했다
p32_u29,p32,ce_visible,문주당은 범죄 혐의로 기소된 사에 일반적 진수에만 내전하는 응터이 수사라고 반발했다
p32_u29,p32,ce_invisible,민주당은 범죄 혐의로 기소된 자에 일반적 진술에만 의전하는 안터리 수사라고 반발했다
p32_u30,p32,taps,반면 검찰 관계자는 민주당이 아미준 강백신 부장검사를 피해사실 표 혐의로 고위 공직자 경제 수사처에 고발한데 대한 구체적 근거가 없다며 유감을 나타냈다
p32_u30,p32,ce,반명 검찰 관계자는 민주당이 더미준 관백신 부장검사를 피의사실 표의 혐의로 고기 공직자 경제 수사처에 고발하는데 대 구체적 근거가 없다며 유감을 나타냈다
p32_u30,p32,ce_s40,반명 검찰 관계자는 민주당이 당미등 강백신 부장권사를 피의사실 표 혐의로 고기 공직자 경제 수사처에 고발하데 대 구체적 근거가 없다며 유감을 나타냈다
p32_u30,p32,ce_s80,반명 검찰 관계자는 민주당이 더미등 강백신 부당검사를 피의사 표 혐의로 고기 공직자 경제 수사처에 고발하데 배 구체적 근거가 없다며 유감을 나타냈다
p32_u30,p32,ce_s160,반명 검찰 관계자는 민주당이 당미등 강백신 부당검사를 피의사실 표혐의로 구기 공직자 경제 수사처에 고발하데 대한 구체적 근거가 없다며 유감을 나타냈다
p32_u30,p32,taps_s80,반면 검찰 관계자는 민주당이 아미준 강백신 부장검사를 피사실 표 혐의로 고위 공직자 범제 수사처에 고발한데 대한 구체적 근거가 없다며 유감을 나타냈다
p32_u30,p32,taps_s160,반면 검찰 관계자는 민주당이 아미준 강백신 부장검사를 피사실 표 혐의로 고위 공직자 경제 수사처에 고발한대 대한 구체적 근거가 없다며 유감을 나타냈다
p32_u30,p32,ce_visible,반명 검찰 관계자는 민주당이 더미준 관백신 부장검사를 피의사실 표의 혐의로 고기 공직자 경제 수사처에 고발하는데 대 구체적 근거가 없다며 유감을 나타냈다
p32_u30,p32,ce_invisible,반면 검찰 관계자는 민주당이 아미준 강백신 부장검사를 피해사실 표 혐의로 고위 공직자 경제 수사처에 고발한데 대한 구체적 근거가 없다며 유감을 나타냈다
p32_u31,p32,taps,전북 익성씨는 케키스 익산역 찰도 이용개 편리를 위해 여골 광량이 주차아 백 칠십 이 만을 조성했다고 십 사 일 밝혔다
p32_u31,p32,ce,정북 익사씨는 페이언스 익산 역 설도 인동객 편리를 위해 몇골광명이 격찾장 백 칠십 일만을 조성했다고 십 사 일 밝혔다
p32_u31,p32,ce_s40,정북 익사스는 페이언스 익산역 설도 인동객 편의를 위해 역골 광명이 조차장 백 칠십 일만을 조성했다고 십 사 일 밝혔다
p32_u31,p32,ce_s80,정북 익사스는 페이티언스 익산 역 설도 인동객 편의를 위해 몇골광명이 조차아 백 칠십 일만을 조성했다고 십 사 일 밝혔다
p32_u31,p32,ce_s160,정북 익당씨는 페티언스 익산역 설도 인동객 편리를 위해 몇벌광명이 조차장 백 칠십 일단을 조성했다고 십 사 일 밝혔다
p32_u31,p32,taps_s80,전부 익성씨는 케키스 익산역 찰도 이용개 편리를 위해 여골광명이 조차아 백 칠십 이 만을 조성했다고 십 사 일 밝혔다
p32_u31,p32,taps_s160,정부 익성씨는 케액스 익산역 찰도 이용개 편리를 위해 역골 광명이 주차아 백 칠십 이 만을 조성했다고 십 사 일 밝혔다
p32_u31,p32,ce_visible,정북 익사씨는 페이티언스 익산 역 설도 인동객 편리를 위해 역골광명이 격찾장 백 칠십 일만을 조성했다고 십 사 일 밝혔다
p32_u31,p32,ce_invisible,전북 익성씨는 케키스 익산역 찰도 이용개 편리를 위해 여골 광량이 주차아 백 칠십 이 만을 조성했다고 십 사 일 밝혔다
p32_u32,p32,taps,핵사시는 총 사업비 사십 억원을 투입해 성악동 팔십 오 사시 오 일월의 광명 지차방을 조성해 엿불 주차장 이용대과 지역주민들의 편의를 제공한다
p32_u32,p32,ce,핵사시는 총산업비 사십 억원을 투입해 통학도 팔십 오 사시 오 일 월의 광명주탈 방을 조성해 역불 주차장 일용들과 징역주민들의 편해를 제공한다
p32_u32,p32,ce_s40,핵사시는 총산업비 사십 억원을 투입해 통학도 팔십 오 사시 오 일 월의 광명주탈 방을 조성해 엿불 주차장 일용교과 징역주민들의 편의를 제공한다
p32_u32,p32,ce_s80,핵사시는 총산업비 사십 억원을 투입해 통학동 팔십 오 사시 오후 일 월의 광명주찰방을 조성해 역불 주차장 일용교과 징역주민들의 편해를 제공한다
p32_u32,p32,ce_s160,획사씨는 총산업 사십 억원을 투입해 통학도 팔십 오 사시 오후 일 억의 광명주차방을 조성해 역불 두차장 일용교과 징역주민들의 평해를 제공한다
p32_u32,p32,taps_s80,핵사시는 총 사업비 사십 억원을 투입해 성악동 팔십 오 사시 오 일월의 광명 지차방을 조성해 엿불 주차장 이용대과 지역주민들의 편의를 제공한다
p32_u32,p32,taps_s160,핵사시는 총 사업비 사십 억원을 투입해 성악동 팔십 오 사시 오 일월의 광명 지차방을 조성해 엿불 주차자 이용대과 지역주민들의 편의를 제공한다
p32_u32,p32,ce_visible,핵사시는 총산업비 사십 억원을 투입해 통학동 팔십 오 사시 오 일 월의 광명주차 방을 조성해 역불 주차장 일용들과 징역주민들의 편해를 제공한다
p32_u32,p32,ce_invisible,핵사 시는 총 사업비 사십 억원을 투입해 성악동 팔십 오 사시 오 일월의 광명 지차방을 조성해 엿불 주차장 이용대과 지역주민들의 편의를 제공한다
p32_u33,p32,taps,이번 광명 주차장 조성을 위해 지난 이천 이십 년 십 이 월 총합동 역불지구 담기 위집행시설이 완총록지를 주차점으로 도시 계획 시설로 반경했다
p32_u33,p32,ce,김방 광명 주사장 조성을 위해 지난 이천 이십 년 십 이 월 통합동 역볼 지고 담기 및집 행시설이 안 총유녹지를 주파점으로 도시 가백 시설로 변경했다
p32_u33,p32,ce_s40,김방 광명 부타장 조성을 위해 지난 이천 이십 년 십 일 월 통합동 역불 지고 담기 및집행시설이 안 총유목지를 주사점으로 도시 가획 시설로 변경했다
p32_u33,p32,ce_s80,김범 광명 부타장 조성을 위해 지난 이천 이십 년 십 일 월 총합동 역부 지고 담기 및집행시설이 안 총유목지를 주사장으로 도시 갑백 시설로 변경했다
p32_u33,p32,ce_s160,이방 광명 부차당 조성을 위해 지난 이천 이십 년 십 이 월 총합동 역불 지고 담기 및집 행시설은 안 총유녹지를 주파장으로 교시 가백 시설로 변경했다
p32_u33,p32,taps_s80,이번 광련 주차장 조성을 위해 지난 이천 이십 년 십 이 월 총합동 역불지구 잠기 위집행시설이 완총 록지를 주차점으로 도시 계획 시설로 반경했다
p32_u33,p32,taps_s160,이번 공명 주차장 조성을 위해 지난 이천 이십 년 십 이 월 송합동 역불지구 잠기 위집행시설이 완총록지를 주차점으로 도시 계획 시설로 반경했다
p32_u33,p32,ce_visible,김방 광명 부사장 조성을 위해 지난 이천 이십 년 십 이 월 통합동 역구 지고 담기 및행시설이 안 총유녹지를 주사점으로 도시 사가백 시설로 변경했다
p32_u33,p32,ce_invisible,이번 광명 주차장 조성을 위해 지난 이천 이십 년 십 이 월 총합동 역불지구 담기 위집행시설이 완총록지를 주차점으로 도시 계획 시설로 반경했다
p32_u34,p32,taps,유후 지난해 구 월 사업시의 계획인과 고실를 통한 자여 부지 매입을 통해 공사를 집행 완료했다
p32_u34,p32,ce,일본 지난해 구 월 사업 시량대획균과 고술를 통한 반역 부즈 메입을 통해 공사를 집행완료했다
p32_u34,p32,ce_s40,일본 지난해 구 월 사업시량대획균과 고술을 통한 반려 부즈 메입을 통해 공사를 집행완료했다
p32_u34,p32,ce_s80,일본 지난해 구 월 사법시행대획균과 고술을 통한 반역 부즈 메입을 통해 공사를 집행완료했다
p32_u34,p32,ce_s160,일본 지난해 구 월 사법시행대외균과 구실을 통면 반려 부지 메입을 통해 공사를 집행완료했다
p32_u34,p32,taps_s80,유후 지난해 구 월 사업시의 계획인과 고실를 통한 자여 부지 매입을 통해 공사를 집행 완료했다
p32_u34,p32,taps_s160,이후 지난해 구 월 사업시의 계획인과 고실를 통한 자녀 부지 매입을 통해 공사를 집행완료했다
p32_u34,p32,ce_visible,일본 지난해 구 월 사업 시량대획균과 고술을 통한 반역 부즈 메입을 통해 공사를 집행완료했다
p32_u34,p32,ce_invisible,유후 지난해 구 월 사업시의 계획인과 고실를 통한 자여 부지 매입을 통해 공사를 집행 완료했다
p32_u35,p32,taps,주차장 진닛 도로원에 불법 주청차 방지 및 원하한 차량 흐름을 위해 무인 단속 카메라를 설치하고 대리 조차 서비스도 같이 진행될 예정이다
p32_u35,p32,ce,조파장진 이 보로 변에 본법 부병 사방지 및 온하 사령 회동을 인해 무인단속 카메라를 설치하고 대리조차 서비스도 같이 진행된 예정이다
p32_u35,p32,ce_s40,국타장진이 보로 변에 본법 부정 사방지 및 억하한 사령 세름을 인해 모인단속 카메라를 설치하고 대리 조차 서비스도 같이 진행된 예정이다
p32_u35,p32,ce_s80,국타장진이 보호 번에 불법 부종사방지 및 온하한 사령 회름을 인해 모인단속 카메라를 설치하고 대리주차 서비스도 같이 진행된 예정이다
p32_u35,p32,ce_s160,조파장진이 보로 번에 본법 부병사 방지 및 온하한 사령 회름을 인해 모인단속 카메라을 설치하고 대리주차 서비스도 같이 진행된 예정이다
p32_u35,p32,taps_s80,주차장 진이 도로원에 불법 주장차 방지 및 하한 차량 흐름을 위해 무인 단속 카메라를 설치하고 대리 조차 서비스도 같이 진행될 예정이다
p32_u35,p32,taps_s160,주차장 진이 도로원에 불법 주장차 방지 및 원하함 차량 흐름을 위해 무인 단속 카메라를 설치하고 대리 조차 서비스도 같이 진행될 예정이다
p32_u35,p32,ce_visible,조타장 진 이 보로 변에 불법 부정사방지 및 원하한 사령 회동을 인해 모인단속 카메라를 설치하고 대리조차 서비스도 같이 진행된 예정이다
p32_u35,p32,ce_invisible,주차장 진닛 도로원에 불법 주청차 방지 및 원하한 차량 흐름을 위해 무인 단속 카메라를 설치하고 대리 조차 서비스도 같이 진행될 예정이다
p32_u36,p32,taps,백불주차장은 중공로 무료개방대 십 억운량에 거쳐 사 월부터 무리와 추진 대인 본격 행연이 될 계획이다
p32_u36,p32,ce,역불부타장은 중공로 무조개방등 시억운량의 거쳐 사 월부터 우료와 초진 등 본격운 행대를 기획이다
p32_u36,p32,ce_s40,역불부타장은 중공호 무조개방등 시억운량을 거쳐 사 월부터 우료한 투진 등 본격운영 일대 기획이다
p32_u36,p32,ce_s80,역불부타장은 중공로 무조개방 등 시방운량을 거쳐 사 월부터 우료한 투진 등 본운영일대 기획이다
p32_u36,p32,ce_s160,역불부차장은 동공로 무료개방등 일방운량을 거쳐 사 월부터 우료와 투진 등 본격운형행대를 전획이다
p32_u36,p32,taps_s80,겹불주차장은 중공로 무료개방대 십법운명에 거쳐 사 월부터 유리와 추진 대인 본격 행형이 될 계획이다
p32_u36,p32,taps_s160,백불주차장은 중공로 무료개방대 십 억운명에 거쳐 사 월부터 무리와 추진 대 본격 행령이 될 계획이다
p32_u36,p32,ce_visible,역불부타장은 중공로 무조개방등 시억운량의 거쳐 사 월부터 우료와 초진 등 본격운영 행대를 기획이다
p32_u36,p32,ce_invisible,백불주차장은 중공로 무료개방대 십 억운량에 거쳐 사 월부터 무리와 추진 대인 본격 행연이 될 계획이다
p32_u37,p32,taps,또한 여불조차장 본격 운영은 발맞추어 인근의  년 정도의 인시 주차장을 동시 인영할 방침이다
p32_u37,p32,ce,또한 여볼 조사장 본격 운영에 발을맞어 인근의 약 대년 정도해 공시 대사장을 동시 운영할 방침이다
p32_u37,p32,ce_s40,또한 여볼 부사장 본격 운영에 바맞추과 인근의 약 대상년 정도현 응시 대사장을 동시 운영할 방침이다
p32_u37,p32,ce_s80,또한 여볼조사장 본격 운영에 발을맞추과 인근의 약 대상년 정도현 응시 대사장을 공시 운영할 방침이다
p32_u37,p32,ce_s160,또한 여부 조사장 본격운영에 발을맞추과 인근의 약 발상년 정도현 응시 대사장을 동시 운영할 방침이다
p32_u37,p32,taps_s80,또한 여불조차장 본격 운영에 발맞추 인근의 약 년 정도의 인시 주차장을 동시 인영할 방침이다
p32_u37,p32,taps_s160,또한 역불조차장 본격 운영에 발맞추과 인근의 약 백년 정도의 인시 주차장을 동시 인영할 방침이다
p32_u37,p32,ce_visible,또한 여볼 조사장 본격 운영에 발을맞어 인근의 약 대년 정도해 공시 대사장을 동시 운영할 방침이다
p32_u37,p32,ce_invisible,또한 여불조차장 본격 운영은 발맞추어 인근의  년 정도의 인시 주차장을 동시 인영할 방침이다
p32_u38,p32,taps,핵사시는 케이키액스 입산역 구천한 해소뿐만 아니라 노호와된 역세권 두거 지역과 최태한 사권 활성을 동해 기대하고 있다
p32_u38,p32,ce,일판신는 케이액스입란역 부천한 해소뿐만 아니라 노후아된 역세권 두가 지역과 최태한 상건 활동을 통해 기대하고 있다
p32_u38,p32,ce_s40,일판신는 케이액스입산역 부천한 해소뿐만 아니라 노아된 역세권 두가 지역과 최태한 상건 활동을 통해 기대하고 있다
p32_u38,p32,ce_s80,일판신는 케이액스입산역 부천한 해소뿐만 아니라 노후아된 역세권 두가 지역과 최태한 상건 활동을 통해 기대하고 있다
p32_u38,p32,ce_s160,일판시는 케이액스입산력 부천원 해소뿐만 아니라 노후아된 역세권 부가 지역과 최태한 상견 활동을 등해 기대하고 있다
p32_u38,p32,taps_s80,핵사시는 케이키액스 이산력 구천한 해소뿐만 아니라 노호와된 역세권 두가 지역과 최태한 상검 활성을 동해 기대하고 있다
p32_u38,p32,taps_s160,핵사시는 케이터액스 역 구천한 해소뿐만 아니라 노호와된 역세권 두거 지역과 최태한 상권 활성을 동해 기대하고 있다
p32_u38,p32,ce_visible,일판신는 케이액스입산역 부천한 해소뿐만 아니라 노후아된 역세권 부가 지역과 최태한 상건 활동을 통해 기대하고 있다
p32_u38,p32,ce_invisible,핵사시는 케이키액스 입산역 구천한 해소뿐만 아니라 노호와된 역세권 두거 지역과 최태한 사권 활성을 동해 기대하고 있다
p32_u39,p32,taps,지난 팔 일 발생한 미국 해장대 수주 이착주 소송기 에니프의 다시 이십 일 일 우스요리 추락사고 시생의가 다섯 명 총에 전진 논명 야구선 아들이 포함된 것으로 확인됐다
p32_u39,p32,ce,지난 팔 일 발생한 미국 해병대 수드 이주 시성기 니포이 배시 이십 일 일 우스플이 추락사타고 시생가 다섯 명 통해 전쟁 요명 야구 선 아들이 포함된 것으로 확인됐다
p32_u39,p32,ce_s40,지난 팔 일 발생한 미국 해병대 소주 이찬주 시성기 니의 버시 이십 일 일 스플리 추락타고 시생가 발섯 명 통해 전체 논명 야구 선 아들이 포함된 것으로 확인됐다
p32_u39,p32,ce_s80,지난 팔 일 발생한 미국 해병대 소주 이장주 시성기 니프의 버시 이십 일 일 스플리 추락타고 시생가 바섯 명 동자 전체 논명 야구 선술 아들이 포함된 것으로 확인됐다
p32_u39,p32,ce_s160,지난 팔 일 발생한 미국 해병대 소드 이상주 시성기 니포이 버시 이십 일 일 스풀이 초락타고 시생가 발섯 명 동네 전쟁 논명 야구 선 아들이 포함된 것으로 확인됐다
p32_u39,p32,taps_s80,지난 팔 일 발생한 미국 해경대 소주 이착주 소성기 에니프의 다시 이십 일 일 우스요리 추락사고 시생의가 다섯 명 중에 전질 논명 야구선 아들이 포함된 것으로 확인됐다
p32_u39,p32,taps_s160,지난 팔 일 발생한 미국 해경대 수주 이착주 수송기 에니프의 다시 이십 일 일 우스허리 추락사고 시생의가 다섯 명 총에 전진 논명 야구선 아들이 포함된 것으로 확인됐다
p32_u39,p32,ce_visible,지난 팔 일 발생한 미국 해병대 수주 이주 시성기 니포이 배시 이십 일 일 우스플이 추락사고 시생가 다섯 명 통해 전쟁 논명 야구 선 아들이 포함된 것으로 확인됐다
p32_u39,p32,ce_invisible,지난 팔 일 발생한 미국 해장대 수주 이착주 소송기 에니프의 다시 이십 일 일 우스요리 추락사고 시생의가 다섯 명 총에 전지 논명 야구선 아들이 포함된 것으로 확인됐다
p32_u40,p32,taps,십 일 일 오스랜드레스타이스에 따르면 에래 다섯스소이었던 스티비섹스의 아들 전 제미셋스 대기가 이번 사고로 사망했다
p32_u40,p32,ce,십 일 일 로스앤드레스타임스에 따르면 에행이 바닥스 소번 스코퍼섹스의 아들 종 장미택스 단기가 이번 사고로 사망했다
p32_u40,p32,ce_s40,십 일 일 로스앤드레스타임스에 따르면 행이 다섯스 스 번 스코섹스의 아들 종은 장리싱스 단기가 이번 사고로 사망했다
p32_u40,p32,ce_s80,십 일 일 오스랜드레스타임스에 따르면 행이 다저스 스번 스코 세스인 아들 종 장미소스 단기가 이번 사고로 사망했다
p32_u40,p32,ce_s160,십 일 일 로스랜드레스타임스에 따르면 행이 사너스 스권 스트버세스의 아들 종 장미색스의 달기가 이번 사고로 사망했다
p32_u40,p32,taps_s80,십 일 일 오스랜드레스타이스에 따르면 에 다섯스소이었던 스티비섹스의 아들 전 제미셋스 대기가 이번 사고로 사망했다
p32_u40,p32,taps_s160,십 일 일 오스랜드레스타이스에 따르면 에래 다섯스 소이었던 스티비섹스의 아들 전 제이셋스 대기가 이번 사고로 사망했다
p32_u40,p32,ce_visible,십 일 일 오스앤드레스타임스에 따르면 에행이 다섯스 소번 스코퍼섹스의 아들 종 장미소스 단리가 이번 사고로 사망했다
p32_u40,p32,ce_invisible,십 일 일 오스랜드레스타이스에 따르면 에래 다섯스서소이었던 스티비섹스의 아들 전 제미셋스 대기가 이번 사고로 사망했다
p32_u41,p32,taps,제 삼 매경 비행단 소속 우스플리수송이름는 캘리포니아 주 인페리아 카원기에서 훈련 도지 추락해 세스대리와 숙모원 네명이 사망했다
p32_u41,p32,ce,제 삼 해병 부행단 소속 왕스풀리 수송되는 캘리포니아 수 인페리아의 카홈에서 훈련 보즈스라크 서스 단이와 승호원 내명이 사망했다
p32_u41,p32,ce_s40,제 삼 해병 비행단 서속 왕스펠리 수성기는 캘리포니아  인페리아의 카홈에서 훈련 보즈스라크 서스 당원 승호원 네명이 사망했다
p32_u41,p32,ce_s80,제 삼 해병 비영단 소속 공스펠리 수송되는 캘리포니아 수 인페리아 카홈에서 훈련 보즈트라크 서스 단시와 승호원 내명이 사망했다
p32_u41,p32,ce_s160,제 삼해병 비행단 소속공스펠리 수성되는 캘리포니아 등 인페리아의 카함티에서 훈련 보즈스라크 템스 단시와 승호원 네명이 사망했다
p32_u41,p32,taps_s80,제 삼 회장 비행단 소속 우스프리 수송이름는 캘리포니아 주 인페리아 카원기에서 훈련 도지 추락해 세스대와 숙모원 네명이 사망했다
p32_u41,p32,taps_s160,제 삼 매장 비행단 소속 우스프리 수송이름는 캘리포니아 주 인페리아 카온티에서 훈련 도지 추락해 세스대기와 숙모원 네명이 사망했다
p32_u41,p32,ce_visible,제 삼 해병 부행단 소속 왕스풀리 수송되는 캘리포니아 수 인페리아의 카홈에서 훈련 보즈스라크 서스 단이와 승호원 내명이 사망했다
p32_u41,p32,ce_invisible,제 삼 매경 비행단 소속 우스플리수송이름는 캘리포니아 주 인페리아 카원기에서 훈련 도지 추락해 세스대리와 숙모원 네명이 사망했다
p32_u42,p32,taps,모스프인의 해리꼽터처럼 소직 이착륙 하고 이백 트에는 로터를 세전에 비행기처럼 고속으로 날아갈 수 있는 항공기다
p32_u42,p32,ce,모스프이나 햇리코파처럼 소비구착륙 하고 이백 푸어는 로터를 세 펴에 비행기처럼 고속으로 날아갈 수 없는 한경기다
p32_u42,p32,ce_s40,모스프리는 헬리코파처럼 소비구착륙 하고 이백 디에날 로터를 세전에 비행기처럼 고속으로 날아갈 수 없는 한경기다
p32_u42,p32,ce_s80,모스프리는 헬리코파처럼 소비구착륙 하고 이백 푸열날 로파를 세변에 비행기처럼 고속으로 날아갈 수 없는 한경기다
p32_u42,p32,ce_s160,모스페리는 햇리코파처럼 소득구착륙 하고 이백 위열날 로파를 세펴에 비행기처은 고속으로 날아갈 수 없는 한경니다
p32_u42,p32,taps_s80,모스프인의 캘리꼽터처럼 소직 이착륙 하고 이백 뒤에는 로터를 세전에 비행기처럼 고속으로 날아갈 수 있는 항공기다
p32_u42,p32,taps_s160,모스프인의 캘리꼽터처럼 소직 이착륙하고 이백 디에는 로터를 세전에 비행기처럼 고속으로 날아갈 수 있는 항금기다
p32_u42,p32,ce_visible,모스프이나 햇리코파처럼 소비구착륙 하고 이백 푸어는 로터를 세 펴에 비행기처럼 고속으로 날아갈 수 없는 한경기다
p32_u42,p32,ce_invisible,모스프인의 해리꼽터처럼 소직 이착륙 하고 이백 트에는 로터를 세전에 비행기처럼 고속으로 날아갈 수 있는 항공기다
p32_u43,p32,taps,디브셋섹스는 어릴 때부터 아들은 조등사가 되려했으며 비행의 아들의 꿈이었다며 아들이 내 아들로 분리는 것이 자랑스럽다
p32_u43,p32,ce,피프 랜스는 어릴 때부터 아들은 조종사가 달려했으며 비행는 아들의 뿐이었다며 아들리 내 아들로 보리는 것이 자랑스럽다
p32_u43,p32,ce_s40,피프맥스는 어릴 때부터 아들은 조종사가 달려했으며 비행는 아들의 꿈이었다며 아들를 내 아들로 보리는 것이 자랑스럽다
p32_u43,p32,ce_s80,트프맥스는 어릴 때부터 아들은 조종사가 달려했으며 비행한 아들의 꿈이었다며 아들리 내 아들로 보리는 것이 자랑스럽다
p32_u43,p32,ce_s160,리프맥스는 어릴 때부터 아들은 조종사가 자려했으며 비행는 아들의 꿈이었다며 아들리 내 아들로 보리는 것을 자랑 스럽다
p32_u43,p32,taps_s80,트브셋사는 어릴 때부터 아들은 조등사가 되려했으며 비행의 나들의 꿈이었다며 아들이 내 아들로 분리는 것이 자랑스럽다
p32_u43,p32,taps_s160,디브섹스는 어릴 때부터 아들은 조등사가 되려했으며 비행의 아들의 꿈이었다며 아들이 내 아들로 불리는 것이 자랑스럽다
p32_u43,p32,ce_visible,피프 랜스는 어릴 때부터 아들은 조종사가 달려했으며 비행는 아들의 뿐이었다며 아들리 내 아들로 보리는 것이 자랑스럽다
p32_u43,p32,ce_invisible,디브셋섹스는 어릴 때부터 아들은 조등사가 되려했으며 비행의 아들의 꿈이었다며 아들이 내 아들로 분리는 것이 자랑스럽다
p32_u44,p32,taps,아들은 나의 영향이었고 내가 하는 최고의 인물이라고 실리했스니스의 발표 성명에서 밝혔다
p32_u44,p32,ce,아들은 나흔 영옥이었고 내가 아는 최고의 인물이라고 시비애스 뉴스의 발표한 성명에서 밝혔다
p32_u44,p32,ce_s40,아들은 나의 영옥었고 내가 아는 최고의 인물이라고 신비어스 뉴스의 발표한 성명에서 밝혔다
p32_u44,p32,ce_s80,아들은 나의 영옥었고 내가 아는 최고의 인물이라고 시디했스 뉴스의 발표한 성령에서 밝혔다
p32_u44,p32,ce_s160,아들은 나흔 영옥이었고 내가 아는 최고의 인물이라고 시비했스 뉴스의 발표한 성명에가 밝혔다
p32_u44,p32,taps_s80,아들론 나의 영우었고 매가 하는 최고의 인물이라고 시리했스뉴스의 발표 성명에서 밝혔다
p32_u44,p32,taps_s160,아들론 나의 영우었고 내가 하는 최고의 인물이라고 시리했스리스의 발표 성명에서 밝혔다
p32_u44,p32,ce_visible,아들은 나흔 영옥었고 내가 아는 최고의 인물이라고 시비했스 뉴스의 발표한 성명에서 밝혔다
p32_u44,p32,ce_invisible,아들은 나의 영향이었고 내가 하는 최고의 인물이라고 실리했스니스의 발표 성명에서 밝혔다
p32_u45,p32,taps,디부젝스는 천 구백 팔십 일 년부터 천 구백 팔십 팔 년까지 에라 다자스에서 이루스로 하락하며 경드 시리지에 두 차례 진출했다
p32_u45,p32,ce,트프닥스는 천 구백 팔십 일 년부터 천 구백 팔십 팔 년까지 에릭의 바닷스에서 이이 로스로 하락가며 원드 시리드의 부 차례 진출했다
p32_u45,p32,ce_s40,트브닥수는 천 구백 팔십 일 년부터 천 구백 팔십 팔 년까지 에릭 바섯에서 이이로스로 하락가며 원드 시리더의 부 차례 진출했다
p32_u45,p32,ce_s80,트브닥수는 천 구백 팔십 일 년부터 천 구백 팔십 팔 년까지 에릭 다더스에서 이 로프로 하락하며 원드 시리트의 부 차례 진출했다
p32_u45,p32,ce_s160,트프자는 천 구백 팔십 일 년부터 천 구백 팔십 팔 년까지 에릭 바더스에서 이로도로 하락하며 원드 시리드의 부 차례 진출했다
p32_u45,p32,taps_s80,지부젝스는 천 구백 팔십 일 년부터 천 구백 팔십 팔 년까지 에릭 다자스에서 이루스로 하락하며 원드 시리지에 두 차례 진출했다
p32_u45,p32,taps_s160,지부젝스는 천 구백 팔십 일 년부터 천 구백 팔십 팔 년까지 에릭 다자스에서 이루스로 하락하며 원드 시지에 두 차례 진출했다
p32_u45,p32,ce_visible,트프닥스는 천 구백 팔십 일 년부터 천 구백 팔십 팔 년까지 에릭의 바닷에서 이이로스로 하락가며 연드 시리드의 부 차례 진출했다
p32_u45,p32,ce_invisible,디부젝스는 천 구백 팔십 일 년부터 천 구백 팔십 팔 년까지 에라 다자스에서 이루스로 하락하며 경드 시리지에 두 차례 진출했다
p32_u46,p32,taps,경북 영찰지난 이천 이십 일 년 하반기 고용 및 육십 칠 쩜 삼 퍼센트로 사년 연속 경북시 가운데 일 위를 차지한 것으로 조사됐다
p32_u46,p32,ce,경북 영천 지난을 이천 이십 일 년 하반기 고및 육십 칠 쩜 삼 퍼센트로 사년 연속 경북세 가운데 일 일을 차지한 것으로 조사됐다
p32_u46,p32,ce_s40,경북 영천 지난 이천 이십 일 년 하반기 고은 육십 칠 쩜 삼 퍼센트로 사년 연속 경북시 가운데 일 일 차지한 것으로 조사됐다
p32_u46,p32,ce_s80,경북영탄 지난 이천 이십 백 년 하반기 고 은 육십 칠 쩜 삼 퍼센트로 사년 연속 경북세 가운데 일 일을 차지한 것으로 조사됐다
p32_u46,p32,ce_s160,경복 연천 지난 이천 이십 백 년 하반기 고 은 육십 칠 쩜 삼 퍼센트로 사년 연속 경북세 가운데 일 일을 차지한 것으로 도사됐다
p32_u46,p32,taps_s80,경북 영찰지난 이천 이십 일 년 하반기 고용 및 육십 칠 쩜 삼 퍼센트로 사년 연속 경북시 가운데 일위을 차지한 것으로 조사됐다
p32_u46,p32,taps_s160,경북 영찰지난 이천 이십 일 년 하반기 고용 및 육십 칠 쩜 삼 퍼센트로 사년 연속 경북시 가운데 일위를 차지한 것으로 조사됐다
p32_u46,p32,ce_visible,경북 영천 지난을 이천 이십 일 년 하반기 고및 육십 칠 쩜 삼 퍼센트로 사년 연속 경북세 가운데 일 일을 차지한 것으로 조사됐다
p32_u46,p32,ce_invisible,경북 영찰지난 이천 이십 일 년 하반기 고용 및 육십 칠 쩜 삼 퍼센트로 사년 연속 경북시 가운데 일 위를 차지한 것으로 조사됐다
p32_u47,p32,taps,지난 이십 이 일 통계청이 발표한 이천 이십 일 년 하반기 지역별 고용조사에서 영천시 취역자수을 융만 이데이면 공용률은 이십 칠 쩜 삼 퍼센트로 작년 동기보다 영 성 이 퍼센트 상승했다
p32_u47,p32,ce,지난 이십 이 일 통계청이 발표한 이천 뉴스늘면 하반기 지역별 공용조사에서 영산십 취입 자 을 이영말 이흔 명 공용률은 이십 칠 쩜 삼 퍼센트로 작년 단기보다 영 쩜 구 퍼센트 상승했다
p32_u47,p32,ce_s40,지난 이십 이 일 통계청이 발표한 이천 이스일면 하반기 딜역별 공용조사에서 영산시 취입가스 을 이용말 이흔 명 공용률은 이십 칠 쩜 삼 퍼센트로 작년 단기보다 영 쩜 구 퍼센트 상승했다
p32_u47,p32,ce_s80,지난 이십 이 일 통계청이 발표한 이천 뉴스을면 하반기 진역별 공용조사에서 영산시 취여 자스는 용말 이백 명 공용률은 이십 칠 쩜 삼 퍼센트로 작년 단기보다 영 쩜 구 퍼센트 상승했다
p32_u47,p32,ce_s160,지난 이십 이 일 통계청이 발표한 이천 인스 을면 하반기 딜역별 공용조사에서 영찰시 취입자스는 이용말 이백 명 공용률은 육십 칠 쩜 삼 퍼센트로 작년 단기보다 영 쩜 구 퍼센트 상승했다
p32_u47,p32,taps_s80,지난 이십 이 일 통계청이 발표한 이천 이십 일 년 하반기 지역별 고용조사에서 영천시 취역자수을 융만 이이면 공용률은 이십 칠 쩜 삼 퍼센트로 작년 동기보다 영성 이 퍼센트 상승했다
p32_u47,p32,taps_s160,지난 이십 이 일 통계청이 발표한 이천 이십 일 년 하반기 지역별 고용조사에서 영천시 취업자수을 융만 이이면 공용률은 이십 칠 쩜 삼 퍼센트로 전년 동기보다 영 성 이 퍼센트 상승했다
p32_u47,p32,ce_visible,지난 이십 이 일 통계청이 발표한 이천 뉴스늘면 하반기 지역별 공용조사에서 영산십 취입 자스 을 이영말 이흔 명 공용률은 이십 칠 쩜 삼 퍼센트로 작년 단기보다 영 쩜 구 퍼센트 상승했다
p32_u47,p32,ce_invisible,지난 이십 이 일 통계청이 발표한 이천 이십 일 년 하반기 지역별 고용조사에서 영천시 취역자수을 융만 이데이면 공용률은 이십 칠 쩜 삼 퍼센트로 작년 동기보다 영 성 이 퍼센트 상승했다
p32_u48,p32,taps,실업율은 일 쩜 구 퍼센트로 작년 봉기보다 영 쩜 팔 퍼센트 하락해 코론나 일구 고용 유위기속에서도 일자리 창추 성가를 대성한 것으로 나왔다
p32_u48,p32,ce,실업은 여든 일 쩜 구 퍼센트로 전년 동기보다 연 쩜 팔 퍼센트 하락에 토론나 일고 고용 위기속에서도 면자리 상수 선과를 발성한 것으로 나왔다
p32_u48,p32,ce_s40,실업은 여든 일 쩜 구 퍼센트로 전년 동기보다 연 쩜 팔 퍼센트 하락에 토론나 일고 고용 위기 속에서도 면자리 평추 선과를 발성한 것으로 나왔다
p32_u48,p32,ce_s80,실업료든 일 쩜 구 퍼센트로 전년 동기보다 연 쩜 팔 퍼센트 하락에 토론나 일고 고용 위기속에서도 면자리 평수 선가를 발성한 것으로 나왔다
p32_u48,p32,ce_s160,실업은 여든 일 쩜 구 퍼센트로 전년 동기보다 영 쩜 팔 퍼센트 하락에 토론나 일고 고용 위기속에서도 면자리 상수 선가를 발성한 것으로 나왔다
p32_u48,p32,taps_s80,업율은 일 쩜 구 퍼센트로 작년 동기보다 영 쩜 팔 퍼센트 하락해 코론나 일구 고용 위기속에서도 일자리 창추 성가를 대성한 것으로 나왔다
p32_u48,p32,taps_s160,업율은 일 쩜 구 퍼센트로 작년 동기보다 영 쩜 팔 퍼센트 하락해 코론나 일구 고용 위기속에서도 일자리 창추 성가를 대성한 것으로 나왔다
p32_u48,p32,ce_visible,실업은 여든 일 쩜 구 퍼센트로 전년 동기보다 연 쩜 팔 퍼센트 하락에 토론나 일고 고용 위기속에서도 면자리 상추 선과를 발성한 것으로 나왔다
p32_u48,p32,ce_invisible,실업율은 일 쩜 구 퍼센트로 작년 봉기보다 영 쩜 팔 퍼센트 하락해 코론나 일구 고용 유위기속에서도 일자리 창추 성가를 대성한 것으로 나왔다
p32_u49,p32,taps,모든 연령 층에서 고용률 상승세를 보였으며 특히 착년 채 고용률은 경 또 네시 가운데 사십 쩜 칠 퍼센트라는 최고 수치를 기록했다
p32_u49,p32,ce,모든 명령 층에서 고용률 상승세를 보였으며 특히 성년 천 고역률은 경 또 네 수일 가운데 사십 쩜 칠 퍼센트 라는 최고수치를 기록했다
p32_u49,p32,ce_s40,모든 명령 층에서 보용률 상승세를 보였으며 특히 성년 천 고역률은 경또 네 수일 가운데 사십 쩜 칠 퍼센트 라는 최고수치를 기록했다
p32_u49,p32,ce_s80,모든 명령 층에서 고용률 상승세를 보였으며 특히 삼년 큰 고역률은 경또 네 수일 가운데 사십 쩜 칠 퍼센트 라는 최고수치를 기록했다
p32_u49,p32,ce_s160,모든 명령 등에서 고용률 상승세를 보였으며 특히 삼년 천 고역률은 경 네 수일 강운데 사십 쩜 칠 퍼센트 라는 최고수치를 기록했다
p32_u49,p32,taps_s80,모든 연령 층에서 고용률 상승세를 보였으며 특히 착년 채 고용률은 경또 네시 가운데 사십 쩜 칠 퍼센트라는 최고 수치를 기록했다
p32_u49,p32,taps_s160,노든 연령 층에서 고용률 상승세를 보였으며 특히 착년 채 고용률은 경 또 네시 가운데 사십 쩜 칠 퍼센트라는 최고 수치를 기록했다
p32_u49,p32,ce_visible,모든 명령 층에서 벌용률 상승세를 보였으며 특히 삼년 천 고역률은 경 또 네 수일 가운데 사십 쩜 칠 퍼센트 라는 최고수치를 기록했다
p32_u49,p32,ce_invisible,모든 연령 층에서 고용률 상승세를 보였으며 특히 착년 채 고용률은 경 또 네시 가운데 사십 쩜 칠 퍼센트라는 최고 수치를 기록했다
p32_u50,p32,taps,또 이천 이십 일 년 상당기 대비 고용률의 일 쩜 삼 퍼센트 상승했고 시현은 이도 영 쩜 삼 퍼센트 상승했다
p32_u50,p32,ce,또 이천 미스 일년 상당기 발비 공영률은 일 쩜 삼 퍼센트 상승했은 시험 용동 영 쩜 삼 퍼센트 상승했다
p32_u50,p32,ce_s40,또 이천 이스 일 년 상당기 발비 공용률은 일 쩜 삼 퍼센트 상승했을 시험 유동은 영 쩜 삼 퍼센트 상승했다
p32_u50,p32,ce_s80,또 이천 미스 일 년 상당기 대비 공용료은 일 쩜 삼 퍼센트 상승했을 시험 유기동 영 쩜 삼 퍼센트 상승했다
p32_u50,p32,ce_s160,또 이천 미스 일 년 상당기 대비 공용률은 일 쩜 삼 퍼센트 상승했은 시험 여통을 영 쩜 삼 퍼센트 상승했다
p32_u50,p32,taps_s80,또 이천 이십 일 년 상당기 대비 고용률의 일 쩜 삼 퍼센트 상승했고 시험은 이 도 영 쩜 삼 퍼센트 상승했다
p32_u50,p32,taps_s160,또 이천 이십 일 년 상당기 대비 고용률의 일 쩜 삼 퍼센트 상승했고 시현은 이 도 영 쩜 삼 퍼센트 상승했다
p32_u50,p32,ce_visible,또 이천 미스 일년 상당기 발비 공영률은 일 쩜 삼 퍼센트 상승했은 시험 용동 영 쩜 삼 퍼센트 상승했다
p32_u50,p32,ce_invisible,또 이천 이십 일 년 상당기 대비 고용률의 일 쩜 삼 퍼센트 상승했고 시현은 이도 영 쩜 삼 퍼센트 상승했다
p32_u51,p32,taps,희명 영천씨가 어려운 여번 속에서도 다양한 일자리 사업과 적극적인 기업지원 정책을 시행한 효과가 나타난 것으로 보고 있다
p32_u51,p32,ce,희근 명천씨가 어려운 야번속에서도 다양한 일단리 사업과 자택적인 구역지원 정책을 수행한 사과가 나하난 것으로 보고 있다
p32_u51,p32,ce_s40,희근 명천씨가 어려운 야방 속에서도 다양한 일단리 사업과 자극적인 기역 지원 방책을 수행한 효과가 나하나 것으로 보고 있다
p32_u51,p32,ce_s80,희근 명천씨가 어려운 야번 속에서도 다양한 일자리 사업과 자택적인 기역 지원 정책을 수행한 사과가 나하한 것으로 보고 있다
p32_u51,p32,ce_s160,최근 명천씨가 어려운 야번 속에서도 다양한 일자리 사업과 불택적인 교역 지원 정책을 수행한 사과가 나하나 것으로 보고 있다
p32_u51,p32,taps_s80,희명 영천씨가 어려운 여방 속에서도 다양한 일자리 사업과 적극적인 기업지원 정책을 시행한 효과가 나타난 것으로 보고 있다
p32_u51,p32,taps_s160,희는 영천씨가 어려운 여방 속에서도 다양한 일자리 사업과 적극적인 기업지원 정책을 시행한 효과가 나타난 것으로 보고 있다
p32_u51,p32,ce_visible,희근 명천씨가 어려운 야번속에서도 다양한 일자리 사업과 자택적인 구역 지원 정책을 수행한 사과가 나하난 것으로 보고 있다
p32_u51,p32,ce_invisible,희명 영천씨가 어려운 여번 속에서도 다양한 일자리 사업과 적극적인 기업지원 정책을 시행한 효과가 나타난 것으로 보고 있다
p32_u52,p32,taps,경찰지남 경북도에서 두 관한 이천 이십 일 년 자리 창추 조진실적 평가에서 세우수상을 수사해 일한 연속 의수기관으로 선성됐다
p32_u52,p32,ce,영탄에 있는 경북도에서 두관한 이천 이십 일 년 짜리 탈추의 출세실적 평가에서 세우주상을 수상해 오 년 연속 호수기관으로 선선됐다
p32_u52,p32,ce_s40,영판씨는 경북도에서 두관한 이천 이십 일 년 짜리 탈추의 출세실적 평가에서 세우주상을 수상해 의 면 양속 호수기관으로 선정됐다
p32_u52,p32,ce_s80,영판씨는 경북도에서 두관한 이천 이십 일 년 짜리 평추의 출재실벽 평가에서 세우주변을 수상해 육 년 양속 호수기관으로 선정됐다
p32_u52,p32,ce_s160,영찰에 지 는 경북도에서 두관한 이천 이십 일 년 짜리 평추 출재실적 평가에서 세우수상을 수상해 음 년 연속 호수기관으로 선선됐다
p32_u52,p32,taps_s80,경찰신남 경북도에서 두 관한 이천 이십 일 년 자리 창추 추진실적 평가에서 세후수상을 수상해 일흔 연속 의수기관으로 선정됐다
p32_u52,p32,taps_s160,경찰신남 경북도에서 두관한 이천 이십 일 년 자리 창취 추진실적 평가에서 세우수상을 수사해 일한 연속 우수기관으로 선정됐다
p32_u52,p32,ce_visible,영탄에 있는 경북도에서 두관한 이천 이십 일 년 짜리 탈추의 출실실첫 평가에서 세우주상을 수상해 오 년 연속 호수기관으로 선선됐다
p32_u52,p32,ce_invisible,경찰지남 경북도에서 두 관한 이천 이십 일 년 자리 창추 조진실적 평가에서 세우수상을 수사해 일한 연속 의수기관으로 선성됐다
p32_u53,p32,taps,해양 플라스틱 자원 소한사업을 벌이고 있는 여수 광명 한명공사는 부도의 차량 사고 예방에 위해 사선 교제 등로 배개를 제작했다고 십 사 일 밝혔다
p32_u53,p32,ce,현경 플라틱 자원 순하사업을 벌이고 있는 여수 광명 성명공사는 부도의 차량사고 예방을 인해 사선 그대 플로 배개를 제답했다고 십사 일 밝혔다
p32_u53,p32,ce_s40,현양 플라틱 자원 순하사업을 벌이고 있는 여수 광명 한만공사는 부도의 차량사고 예방을 인해 사선 그에 블론 백개를 제작됐다고 십사 일 밝혔다
p32_u53,p32,ce_s80,현양 플날틱 자원 순하사업을 벌이고 있는 여수 광명 한명공사는 부도의 차량사고 예방을 인해 사천 그에 플론 배개를 제작됐다고 십 사 일 밝혔다
p32_u53,p32,ce_s160,현양 플하틱 자원 순하사업을 벌이고 있는 여수 강명 한명공사는 부도의 차량사고 예방행 인해 사선 그에 블론 벽개를 제작됐다고 십 사 일 밝혔다
p32_u53,p32,taps_s80,해양 플라스틱 자원소한사업을 벌이고 있는 여수 광명 한만공사는 부도의 차량 사고 예방에 위해 사선 교제 등로 배개를 제작했다고 십 사 일 밝혔다
p32_u53,p32,taps_s160,해양 플라스틱 자원소한사업을 벌이고 있는 여수 광명 한만공사는 부도의 차량 사고 예방에 위해 사선 교제 불로 배개를 제작했다고 십 사 일 밝혔다
p32_u53,p32,ce_visible,현경 플라틱 자원 순하사업을 벌이고 있는 여수 광명 성명공사는 부도의 차량사고 예방을 인해 사선 그대 본론 배가를 제답했다고 십사 일 밝혔다
p32_u53,p32,ce_invisible,해양 플라스틱 자원 소한사업을 벌이고 있는 여수 광명 한명공사는 부도의 차량 사고 예방에 위해 사선 교제 등로 배개를 제작했다고 십 사 일 밝혔다
p32_u54,p32,taps,여수 강력 한문한 공사에 따르면 플라스티으로 제작된 차생 교제 분럭을 강남한 케이 아이티 부동과 지더블리시트 부도의 칭돌 사고 이용 교담이 설치했다
p32_u54,p32,ce,여수 강명 한문문 공사에 따르면 플라스띄으로 제작된 사생 교의 블럭을 강명한 태 아이트보트와 주의 더의 스트 보도의 품돌 사고 이용 부간에 설취했다
p32_u54,p32,ce_s40,여수 강명 한문 공사에 따르면 클라스띠으로 제작된 사생 교의 블럭을 강명한 케 아이트 보도와 주의 더드스트 보도의 스돌 사고 이용 구간에 설취했다
p32_u54,p32,ce_s80,여속 강명 한문문 공사에 따르면 클라스틱으로 제작된 사생교대 블럭을 강명한 케 아이티보도와 주의 더드스트 보도의 품돌 사고 이용 부간에 설취했다
p32_u54,p32,ce_s160,여속 강명 한문공사에 따르면 플라스틱으로 제작된 사생 교대 블럭을 강명한 태 아이트 보트와 주 더드스트 보도의 스글 사고 이용 부간에 설취했다
p32_u54,p32,taps_s80,여수 강력 한문한 공사에 따르면 플라스틱으로 제작된 차생교재 분력을 강남한 케 아이티 부동과 지더블리스트 부도의 칭돌 사고 이용 부단이 설치했다
p32_u54,p32,taps_s160,여수 강력 한문한 공사에 따르면 플라스틱으로 제작된 차생 교재 블럭을 강남한 케이 아이티 부동과 지더블리시트 부도의 칭돌 사고 이용 부담이 설치했다
p32_u54,p32,ce_visible,여수 강명 한문은 공사에 따르면 플라스틱으로 제작된 사생 교의 블럭을 강명한 태 아이트보트와 주의 더의 스트 보도의 품돌 사고 이용 부간에 설취했다
p32_u54,p32,ce_invisible,여수 강력 한문한 공사에 따르면 플라스티으로 제작된 차생 교재 분럭을 강남한 케이 아이티 부동과 지더블리시트 부도의 칭돌 사고 이용 교담이 설치했다
p32_u55,p32,taps,공사에서는 해형플라스틱 수가 및자원순원 산 아홉은 추진해으면서 선박을 거정하는 받틀과 일반 플라스틱 등이 활용한 미사이케 제품 제작에 고민해왔다
p32_u55,p32,ce,공사에서는 해경 플라스틱 무그 및 자원순단산업방우은 수진해은 에서 성박을 고정하는 받들과 일반 플라스틱 등의 활용한 미사이크 제품 대작을 고민해왔다
p32_u55,p32,ce_s40,공사에서는 현경 플라스틱 무그 및 자원순단 산업방법우은 수준해은 에서 성박을 고정하는 받드과 일반 플라스틱 등의 활용한 미사이크 제품 대작을 고민해왔다
p32_u55,p32,ce_s80,공사에서는 해경 플라스틱 무그 및 자원순단 산업방법은 수준해은 에서 성박을 고정하는 받들과 일반 플라스틱 등의 활용한 미사이크 대품 대상을 고론해왔다
p32_u55,p32,ce_s160,공사에서는 해경 플라스틱 무그 및 자원 순한 산업방법은 수준해은 에서 성박을 고정하는 받드과 일반 플라스틱 등의 활용한 미사이크 제품 대작을 고민해왔다
p32_u55,p32,taps_s80,공사에서는 해형 플라스틱 수가 및 자원순한 산 아홉은 추진해으면서 선박을 거정하는 받출과 일반 플라스틱 등이 활용한 미사이키 제품 제작에 고민해왔다
p32_u55,p32,taps_s160,공사에서는 해경플라스틱 수가 및 자원순한 산 아홉을 추진내으면서 선박을 거정하는 받출과 일반 플라스틱 등이 활용한 미사이케 제품 제작에 고민해왔다
p32_u55,p32,ce_visible,공사에서는 해경 플라스틱 수카 및 자원순단산업방우은 수진해은 에서 성박을 고정하는 받트과 일반 플라스틱 등의 활용한 미사이크 제품 대작을 고민해왔다
p32_u55,p32,ce_invisible,공사에서는 해형플라스틱 수가 및자원순원 산 아홉은 추진해으면서 선박을 거정하는 받틀과 일반 플라스틱 등이 활용한 미사이케 제품 제작에 고민해왔다
p32_u56,p32,taps,이 과정에서 부도 내에서 사물차의에 인한 변로자 임명 피해가 자주 발생한다는 것을 차관에 차생 교제 블럽을 재작하게 됐다
p32_u56,p32,ce,이 과정에서 부도내에서 사물차의 운한 근로자 임명 피해가 봐주 발생한다는 것에 차관에 사선 급의 블록을 대답하게 됐다
p32_u56,p32,ce_s40,이 과정에서 부도내에서 사물차의 의한 근로자 임명 피해가 다주 발생한다는 것에 차관에 사선 그의 블력을 대답하게 됐다
p32_u56,p32,ce_s80,이 과정에서 부도내에서 사물차의 의한 공로자 임명 피해가 다주 발생한다는 것에 차관에 사생 교의 블록을 대작하게 됐다
p32_u56,p32,ce_s160,이 과정에서 보도 내에서 사물차의 운한 근로자 임명 피해가 다주 발생한다는 것에 차관에 사선 급의 블력을 대작하게 됐다
p32_u56,p32,taps_s80,이 과정에서 부도 내에서 사물차의 인양 변로자 임명 피해가 자주 발생한다는 것을 차관에 사생 교제 블럭을 재작하게 됐다
p32_u56,p32,taps_s160,이 과정에서 부도 내에서 사물차의 인양 변로자 임명 피해가 자주 발생한다는 것을 차관에 사선 교제 블럭을 재작하게 됐다
p32_u56,p32,ce_visible,이 과정에서 부도 내에서 사물차의 의한 근로자 임명 피해가 받주 발생한다는 것에 차관에 사생 급의 블록을 대답하게 됐다
p32_u56,p32,ce_invisible,이 과정에서 부도 내에서 사물차의에 인한 변로자 임명 피해가 자주 발생한다는 것을 차관에 사생 교제 블럽을 재작하게 됐다
p32_u57,p32,taps,최근 에는 해양플라스틱 리사이트 원단을 활용한 유명 패션 브랜드 제품들이 출시되는 등 성국적으로 이 사업이 일년 중에 있다
p32_u57,p32,ce,최근에너 해양플라스 리사이크 원단을 활용안 유명 팔스 퍼랜드 제품들이 출시 대는 등 성교적으로 이 사업이 운명 등에있다
p32_u57,p32,ce_s40,최근에을 현양플라스 리카이크 원단을 활용안 유명 팔션 브랜드 제품들이 출시 대는 등 성교적으로 이 사업비 운명 등에있다
p32_u57,p32,ce_s80,최근에을 해영플라스 리카이트 원단을 활용한 유명 팔션 퍼랜드 제품들이 출시 대는 등 성교적으로 이사업비 운명 등에있다
p32_u57,p32,ce_s160,최근에너 현양플라스 리카이크 원단을 활용한 유명 팔스 퍼랜센드 제품들이 출시 대는 등 선글적으로 이 사업비 운명 중에있다
p32_u57,p32,taps_s80,최근에는 해양플라스틱 리사이트 원단을 활용한 유명 패션 브랜드 제품들이 투시되는 등 성공적으로 이 사업이 일년 중에있다
p32_u57,p32,taps_s160,최근 에는 해양플라스틱 리사이트 원단을 활용한 유명 패션 퍼랜드 제품들이 출시되는 등 성국적으로 이 사업이 일년 중에있다
p32_u57,p32,ce_visible,최근에너 해양플라스 리사이크 원단을 활용안 유명 팔스 퍼랜드 제품들이 출시 대는 등 성글적으로 이 사업이 운명 등에있다
p32_u57,p32,ce_invisible,최근 에는 해양플라스틱 리사이트 원단을 활용한 유명 패션 브랜드 제품들이 출시되는 등 성국적으로 이 사업이 일년 중에 있다
p32_u58,p32,taps,박성전 여수 광영한남봉사 사장은 해양 플라스틱리사이게 차선규제 플럭은 한만네 근로자들의 안전과 해양환경을 동시에 지킬 수 있는 일이 있는 자품이라고 강조했다
p32_u58,p32,ce,박성전 여소 광명한남공사 사장은 해양플라스틱 리사이크 사사 교대 플럭은 한만레 근로자들의 안정과 신명 환경을 동시의 짓을 수 있는 의미 있는 대품이라고 강조했다
p32_u58,p32,ce_s40,박성면 여수 광명 성남공사 사장은 해양플라스틱 리사이크 타사교대 플럭은 한단내 근로자들의 한정과 신명 환경을 동시의 듣볼 수 있는 의미 있는 제품이라고 강조했다
p32_u58,p32,ce_s80,박성면 여소 광명 한명공사 사장은 해양플라스티 니사이크 사사교대 블럭은 한단네 로자들의 안전과 해명 환경을 동시의 짓크 수 있는 의미 있는 대품이라고 강조했다
p32_u58,p32,ce_s160,박성면 여소 광명 성남공사 사장은 해양플라스띠 리사이크 차사교대 블럭은 한반내 근로자들의 안전과 신명 환경을 동시에 짓쿠 수 는 의미 있는 대품이라고 강조했다
p32_u58,p32,taps_s80,박성완 여수 광명한망공사 사장은 해양 플라스틱리사이게 차선규제 플럭은 한만레 근로자들의 안전과 해양환경을 동시에 지킬 수 있는 일이 있는 제품이라고 강조했다
p32_u58,p32,taps_s160,박성전 여수 광명확남봉사 사장은 해양 플라스틱리사이게 참선규제 플럭은 한만내 근로자들의 안전과 해양환경을 동시에 지킬 수 있는 일이 있는 자품이라고 강조했다
p32_u58,p32,ce_visible,박성전 여소 광명한남공사 사장은 해양플라스티 리사이크 사사 교조 플럭은 한만레 근로자들의 안정과 신명 환경을 동시의 짓크 수 있는 의미 있는 대품이라고 강조했다
p32_u58,p32,ce_invisible,박성전 여수 광영한남봉사 사장은 해양 플라스틱리사이게 차선규제 플럭은 한만네 근로자들의 안전과 해양환경을 동시에 지킬 수 있는 일이 있는 자품이라고 강조했다
p32_u59,p32,taps,브라트미의 포틸러시아 대통령의 구 일 정인 승희절 행사에서 우크라이나 전쟁이 이차 대전 연장이며 오크라이나 고는 낙치한 소비 주장이 단복됐다
p32_u59,p32,ce,브라 동미르 포피은 어시아 대통령은 구 일 정문 승리겨 행사에서 우크라이나 전쟁이 이차대전  연장임명 우크라이나 고는 나트럼 소위 두장을 반복됐다
p32_u59,p32,ce_s40,브라 동미르 포피은 어시아 대통령은 구 일 정문 승리들 행사에서 우크라이나 전생이 이차대전의 연장일은명 우크라이나 고는 나치럼 소위 투장에 반복됐다
p32_u59,p32,ce_s80,브라 동미르 포티은 어시아 대통령은 구 일 정문 승위절 행사에서 우크라이나 전생이 이차대전의 영장일 명 우크라이나 고는 나트럼 소위 두장을 반복했다
p32_u59,p32,ce_s160,브라 동미르 포티 러시아 대통령은 구 일 정문 승위절 행사에서 우크라이나 전생이 이차대전의 영장의명 우크라이나 고는 나치럼 소위 두장을 반복했다
p32_u59,p32,taps_s80,온라트미의 포틸러시아 대통령의 구 일 전인 승희절 행사에서 오라이나 전쟁이 이차 대전 연장이며 오크라이나 군는 나치한 소비 주장이 반복됐다
p32_u59,p32,taps_s160,브라드미의 포틸러시아 대통령의 구 일 정인 승희절 행사에서 오크라이나 전쟁이 이차 대전 연장이며 우크라이나 군는 나치한 소비 주장이 단복됐다
p32_u59,p32,ce_visible,브라 동미르 포티은 어시아 대통령은 구 일 정문 승절 행사에서 우크라이나 전생이 이차대전의 영장임명 우크라이나 고는 나치럼 소위 두장을 반복됐다
p32_u59,p32,ce_invisible,브라트미의 포틸러시아 대통령의 구 일 정인 승의절 행사에서 우크라이나 전쟁이 이차 대전 연장이며 오크라이나 고는 낙치한 소비 주장이 단복됐다
p32_u60,p32,taps,불금 광장에서 열린 행사 연설에서 토티은 서방이 러시아 측권을 준비했다며 군사 작전은 불가이 하씨 적절라며 적확한 결정이었다고 주장했다
p32_u60,p32,ce,불은 광장에서 열린 행사 연설에서 포페은 서방이 정시아 충분을 준비했다며 군사 적전은 불가피 하고 스위 적별하며 저합럼한 결정이었다고 주장했다
p32_u60,p32,ce_s40,불은 관장에서 열린 행사 연설에서 포페은 서방이 정시아 충분을 준비했다며 군사 적전은 불가피 하고 쓰의 답별하며 저한합한 결정이었다고 주장했다
p32_u60,p32,ce_s80,불은 관장에서 열린 행사 연설에서 후페은 서방이 정시아 충분을 준비했다며 군사 답전은 불가피 하고 스의 답절하며 정한합한 결정이었다고 주장했다
p32_u60,p32,ce_s160,불은 관장에서 열린 행사 연설에서 포탄은 서방이 정세아 충분을 준비했다며 군사 답전은 불가피 하고 쓰일 적별하며 저한합한 결정이었다고 주장했다
p32_u60,p32,taps_s80,불금 관장에서 열린 행사 연설에서 프티은 서방이 러시와 측권을 준비했다며 군사 작전은 불가피 아거 적절라며 적합한 결정이었다고 주장했다
p32_u60,p32,taps_s160,불금 광장에서 열린 행사 연설에서 토티은 서방이 러시와 측권을 준비했다며 군사 적전은 불가이 아거씨 잡절하며 적확한 결정이었다고 주장했다
p32_u60,p32,ce_visible,불은 광장에서 열린 행사 연설에서 포트는 서방이 정시아 충분을 준비했다며 군사 적전은 불가피 하고 스의 적별하며 저합럼한 결정이었다고 주장했다
p32_u60,p32,ce_invisible,불금 광장에서 열린 행사 연설에서 토티은 서방이 러시아 측권을 준비했다며 군사 작전은 불가이 하씨 적절라며 적확한 결정이었다고 주장했다
p32_u61,p32,taps,급착 상태에 빠지 오프라이나 전쟁의 테나친 명분을 내세워 정당한 활련해 이도로 보인다
p32_u61,p32,ce,급학 상태에 빠진 오크아니나 전생을 탈라친 명분을 내세워 정당한 활려을 의도로 보인다
p32_u61,p32,ce_s40,급착 상태에 빠진 오크라니나 전생을 탈라친 명문을 내세워 정당한 활려을 의도로 보인다
p32_u61,p32,ce_s80,급착 상태에 빠진 오크라니나 범생을 탈라친 명문을 내세워 정당한 활변을 의도로 보인다
p32_u61,p32,ce_s160,급학 상태에 빠지 오크라니나 전생을 탈라친 명문을 내세워 정당한 활변을 의도로 보인다
p32_u61,p32,taps_s80,급착 상태에빠지 우프라이나 전쟁의 탈나친 명분을 내세워 정당한 활연해 이도로 보인다
p32_u61,p32,taps_s160,급착 상태에 빠지 오프라이나 전쟁은 탈나친 명분을 내세워 정당한 활련해 이도로 보인다
p32_u61,p32,ce_visible,급학 상태에 빠진 오크아니나 전생을 탈마친 명분을 내세워 정당한 활려을 의도로 보인다
p32_u61,p32,ce_invisible,급착 상태에 빠지 오프라이나 전쟁의 테나친 명분을 내세워 정당한 활련해 이도로 보인다
p32_u62,p32,taps,행사에 맞춰 러시아고는 위크라이나 마리 부 아부 스탈대출소에 폭격을 제개했다
p32_u62,p32,ce,홍사에 맞서 러시아그는 문크라이나 말인 부 아부우스타 대출소의 폭격을 제개했다
p32_u62,p32,ce_s40,행사에 맞서 어시아그는 무크라이나 말인 부 아부우스타 대출소의 폭격을 제개했다
p32_u62,p32,ce_s80,홍사이 맞서 어시아 그는 로크라이나 많인 부 아부우스타 대출소의 폭격을 제개했다
p32_u62,p32,ce_s160,행사에 맞서 어시아 그는 우크라이나 말인 군  아부 우스타 제출소의 폭격을 제개 했다
p32_u62,p32,taps_s80,행사에 맞춰 러시아고는 위크라이나 마리 크 아부 스타대출초의 폭격을 제기했다
p32_u62,p32,taps_s160,행사에 맞춰 러시아고는 위크라이나 마리 부 아부 스탄대철주의 폭격을 제개했다
p32_u62,p32,ce_visible,홍사에 맞서 러시아그는 크라이나 말인 부 아부우스타 대출소의 폭격을 제개했다
p32_u62,p32,ce_invisible,행사에 맞춰 러시아고는 위크라이나 마리 부 아부 스탈대출소에 폭격을 제개했다
p32_u63,p32,taps,러시아는 나치 무기이 한복한이날를 국가적 행사로 기념하고 있으나 포탄는 이를 정치 행사로 이용해왔다
p32_u63,p32,ce,러시아는 나치 도일이 한복관이나를 국가적 행사로 근명하고 있으나 포터는 이를 정시행사로 이용해왔다
p32_u63,p32,ce_s40,러시아는 나치 도율이 한복관이날를 국가적 행사로 근념하고 있으나 포탄는 이를 정치 행사로 이용해왔다
p32_u63,p32,ce_s80,러시아는 나치 도일이 한복관이날은 국가적 행사로 근념하고 있으나 포탄는 이를 정치행사로 이용해왔다
p32_u63,p32,ce_s160,여시아는 나치 도일이 한복한이날은 국가적 행사로 근험하고 있으나 포탄는 이를 정치 행사로 이용해왔다
p32_u63,p32,taps_s80,러시아는 나치 동일이 한복한 이날를 국가적 행사로 기념하고 있으나 포탄는 이를 정치행사로 이용해왔다
p32_u63,p32,taps_s160,러시아는 나치 독일이 한복한 이날를 국가적 행사로 기념하고 있으나 포탄는 이를 정치행사로 이용해왔다
p32_u63,p32,ce_visible,러시아는 나치 도일이 한복관이날를 국가적 행사로 근명하고 있으나 포터는 이를 정치행사로 이용해왔다
p32_u63,p32,ce_invisible,러시아는 나치 독무기이 한복한이날를 국가적 행사로 기념하고 있으나 포탄는 이를 정치 행사로 이용해왔다
p32_u64,p32,taps,이번에도 그는 러시아의 생리를 만새를 예치며 전쟁이 끝나지 않았다는 메시지를 통해 국민 지지를 깨어내려 했다
p32_u64,p32,ce,이번에도 그는 러시아의 생리를 만사를 냈치며 전쟁이 끝나지 않았다는 메시지를 통해 국민 지수를 끌어내려했다
p32_u64,p32,ce_s40,위번에도 그는 러시아의 승리를 만사를 맺치며 전쟁이 끝나지 않았다는 메시지를 통해 국민 지지를 끌어내려 했다
p32_u64,p32,ce_s80,이번에도 그는 러시아의 승리를 만사를 했치며 전쟁이 끝나지 않았다는 메시지를 통해 국민 지수를 끌어내려했다
p32_u64,p32,ce_s160,이번에도 그는 러시아의 생리를 만사를 맺치며 전쟁이 끝나지 않았다는 메시지를 통해 국민 지수를 끌어내려했다
p32_u64,p32,taps_s80,이번에도 그는 러시아의 생리를 만새를 예치며 전쟁이 끝나지 않았다는 메시지를 통해 국민 지지를 깨어내려 했다
p32_u64,p32,taps_s160,이번에도 그는 러시아의 생리를 만새를 예치며 전쟁이 끝나지 않았다는 메시지를 통해 국민 지지를 깨어내려 했다
p32_u64,p32,ce_visible,이번에도 그는 러시아의 승리를 만사를 냈치며 전쟁이 끝나지 않았다는 메시지를 통해 국민 지수를 끌어내려했다
p32_u64,p32,ce_invisible,이번에도 그는 러시아의 생리를 만새를 예치며 전쟁이 끝나지 않았다는 메시지를 통해 국민 지지를 깨어내려 했다
p32_u65,p32,taps,이에 제레스피이코라이나 대통령은 아치 범제를 따라하는 프인을 실패 할 것이라고 목소리를 높았다
p32_u65,p32,ce,이에 대는 숙피 우크라이나 대통령은 아치 범사를 따라하는 포틴을 실패할 것이라고 목소리를 높였다
p32_u65,p32,ce_s40,이에 대는 숙피 우크라이너 대통령은 아치 범사를 따라하는 포틴을 실패할 것이라고 목소리를 높였다
p32_u65,p32,ce_s80,이에 대랜 소피 우크라이아 대통령은 아치 범사를 따라하는 포틴을 실패할 것이라고 목소리를 높였다
p32_u65,p32,ce_s160,이에 대는 스피 우크라이나 대통령은 아치 범사를 따라하는 포틴을 실패할 것이라고 목소리를 높였다
p32_u65,p32,taps_s80,이에 장린 스피이크라이나 대통령은 같이 범제를 따라하는 프인을 실패 할 것이라고 목소리를 높았다
p32_u65,p32,taps_s160,이에 제린 스피이크라이나 대통령은 같이 범제를 따라하는 프틴을 실패 할 것이라고 목소리를 높았다
p32_u65,p32,ce_visible,이에 대는 숙피 우크라이나 대통령은 아치 범사를 따라하는 포틴을 실패할 것이라고 목소리를 높였다
p32_u65,p32,ce_invisible,이에 제레스피이크라이나 대통령은 아치 범제를 따라하는 프인을 실패 할 것이라고 목소리를 높았다
p32_u66,p32,taps,이번 정승리자 행사는 칠십 일 넘게 계속되는 오키라이나 전쟁의 형배를 다을 행사로 전세의 주목을 받았다
p32_u66,p32,ce,이번 성생님절 행사는 칠십 일 넘게 발섯되는 오크라이나 전생의 황대를 가르 행사로 전 세계 종목을 받았다
p32_u66,p32,ce_s40,이번 동송절 행사는 칠십 일 넘게 발사되는 오크라이나 전생의 황대를 가르 행사로 전 세계 두목을 받았다
p32_u66,p32,ce_s80,이번 동송절 행사는 칠십 일 넘게 발섯되는 오크라이나 전생의 황대를 가르 행사로 전 세계 두목을 받았다
p32_u66,p32,ce_s160,이번 동송절 행사는 칠십 일 넘게 가속되는 오크라이나 전생의 황대를 가르 행사로 전 세계 종목을 받았다
p32_u66,p32,taps_s80,이번 정승리자 행사는 칠십 일 넘게 계속되는 우키라이나 전쟁의 형배를 다을 행사로 전세의 주목을 받았다
p32_u66,p32,taps_s160,이번 정승리자 행사는 칠십 일 넘게 계속되는 오키라이나 전쟁의 형배를 다을 행사로 전세의 주목을 받았다
p32_u66,p32,ce_visible,이번 성승님절 행사는 칠십 일 넘게 발사되는 오크라이나 전생의 황대를 가르 행사로 전 세계 종목을 받았다
p32_u66,p32,ce_invisible,이번 정승리자 행사는 칠십 일 넘게 계속되는 오키라이나 전쟁의 형배를 다을 행사로 전세의 주목을 받았다
p32_u67,p32,taps,하지만 프팅은 친략 전당화의 연설에 많은 시간을 합의하면서 당초 예산과 달리 특별한 메시지는 매지 않았다
p32_u67,p32,ce,하지만 포팅은 친략 본당화의 연설에 많의 시간을 사의하면서 강군 예산과 이 특별한 메티지는 내지 않았다
p32_u67,p32,ce_s40,하지만 포팅은 친력 본당화의 연설에 많은 시간을 사의하면서 당군 예산과 다이 특별한 메시지는 내지 않았다
p32_u67,p32,ce_s80,하지만 포팅은 실력 보당화이 연설에 많의 시간을 사의하면서 당군 예산과 다등 특별한 메시지는 내지 않았다
p32_u67,p32,ce_s160,하지만 팅은 생력 본당화의 연설에 많의 시간을 사해하면서 당군 예산과 달이 특별한 메시지는 내지 않았다
p32_u67,p32,taps_s80,하지만 프팅은 친략 전당화의 연설에 많은 시간을 하의하면서 당초 예산과 달이 특별한 메시지는 내지 않았다
p32_u67,p32,taps_s160,하지만 프팅은 친략 정당하의 연설에 많은 시간을 하의하면서 당초 예산과 당의 특별한 메시지는 매지 않았다
p32_u67,p32,ce_visible,하지만 포팅은 팀력 당화의 연설에 많의 시간을 사의하면서 강군 예산과 이 특별한 메티지는 내지 않았다
p32_u67,p32,ce_invisible,하지만 프팅은 친략 전당화의 연설에 많은 시간을 합의하면서 당초 예산과 달리 특별한 메시지는 매지 않았다
p32_u68,p32,taps,터트 지금까지 제한전히 아닌 전면점에 선언하고 국가 동물력의 내릴 경우 상황은 통제 분명에 빠져들 수도 있었다
p32_u68,p32,ce,폭등히 지금까지 자안전히 아닌 반면전을 선언하고 국가부물명을 내밀 경우 상황은 통제 분능에 빠져될 수 있었다
p32_u68,p32,ce_s40,폭등히 지금까지 자한전이 아닌 전면자을 선언하고 국가동물명을 내밀 경우 상황은 통제 분능에 빠져될 수도 있었다
p32_u68,p32,ce_s80,폭등히 지금까지 자한전이 아닌 전면전을 선언하고 국가동문명을 내밀 경우 상황은 통제 분능에 빠져될 수도 있었다
p32_u68,p32,ce_s160,폭등히 지금까지 자한전이 아닌 전면전을 선언하고 국가동물명을 내밀 경우 상황은 통제 분능에 빠져될 수도 있었다
p32_u68,p32,taps_s80,터트 지금까지 제한전히 아닌 전면전에 선언하고 국가 동물명의 내릴 경우 상황은 통제 분명에 빠져들 수도 있었다
p32_u68,p32,taps_s160,터트 지금까지 제한전히 아닌 전면점에 선언하고 국가 동물력의 내릴 경우 상황은 통제 분량에 빠져을 수도 있었다
p32_u68,p32,ce_visible,폭등히 지금까지 자연전이 아닌 전면전을 선언하고 국가부물명을 내밀 경우 상황은 통제 분능에 빠져될 수도 있었다
p32_u68,p32,ce_invisible,터트 지금까지 제한전히 아닌 전면점에 선언하고 국가 동물력의 내릴 경우 상황은 통제 분명에 빠져들 수도 있었다
p32_u69,p32,taps,물론 포키을 휴장 더 시사하지 않아 오크라이나 사태가 장기화의 불안감은 여전하다
p32_u69,p32,ce,문론포페는 휴변법 실사하지 않아 우크러라니나 사태가 단기 화을 불안과은 여동하다
p32_u69,p32,ce_s40,문론포핑는 휴단법 실사하지 않아 그러니나 사태가 단기 화활 불안감은 여동하다
p32_u69,p32,ce_s80,문론포핑는 휴변더 실사하지 않아 무그러니나 사태가 단기 화산를 불안금은 여동하다
p32_u69,p32,ce_s160,물론포팅은 휴변법 실사하지 않아 무크러니나 사태가 단기 화활를 불안감은 여성하다
p32_u69,p32,taps_s80,물론 포키을 휴장 더 시사하지 않아 오크라이나 사태가 장기화의 불안감은 여전하다
p32_u69,p32,taps_s160,물론 포키을 휴장 더 시사하지 않아 오크라이나 사태가 장기화의 불안감은 여전하다
p32_u69,p32,ce_visible,문론포페는 휴변법 실사하지 않아 오크러라니나 사태가 단기 화을 불안과은 여성하다
p32_u69,p32,ce_invisible,물론 터키을 휴장 더 시사하지 않아 오크라이나 사태가 장기화의 불안감은 여전하다
p32_u70,p32,taps,특히 서방도 물러서지 않고 제대 강도를 높이가 있어 언제된 상황을 악화할 수 있다
p32_u70,p32,ce,특히 서방도 물라 서지 않고 세대 강거를 높이가 있어 언제는 상황을 악화할 수 있다
p32_u70,p32,ce_s40,특히 서방도 물러 서지 않고 세대 강고를 높이가 있어 언쨌는 상황을 악화할 수 있다
p32_u70,p32,ce_s80,특히 서방도 물로 서지 않고 제대 강고를 높이가 있어 언쨌는 상황을 악화할 수 있다
p32_u70,p32,ce_s160,특히 서방도 물러 서지 않고 세대 강고를 높이가 있어 언쨌은 상황을 악화할 수 있다
p32_u70,p32,taps_s80,특히 서방도 물러서지 않고 제대 강도를 높이가 있어 언제된 상황을 악화할 수 있다
p32_u70,p32,taps_s160,특히 서방도 물러서지 않고 제대 강도를 높이가 있어 언제된 상황을 악화할 수 있다
p32_u70,p32,ce_visible,특히 서방도 물라 서지 않고 세대 강거를 높이가 있어 언제는 상황을 악화할 수 있다
p32_u70,p32,ce_invisible,특히 서방도 물러서지 않고 제대 강도를 높이가 있어 언제된 상황을 악화할 수 있다
p32_u71,p32,taps,조요 칠 계국 정상들은 하루 앞어 러시아자 원유경수를 약속태부 유런 연합은 기체적 논의에 들어간 상태다
p32_u71,p32,ce,종요 세 계국 동상들은 한루 앞절 러시아산 원료근수를 약속했고 유업 연합변 구체적 논인에 들어간 상태다
p32_u71,p32,ce_s40,종요 세 계국 동상들은 한루 앞걸 러시아산 원유근수를 약속했고 유업 연합변 구체적 논인에 들어간 상태다
p32_u71,p32,ce_s80,종요 세 계국 동상들은 한루 앞걸 러시아산 원유근수를 약포됐고 유런 연합변 구체적 논인에 들어간 상태다
p32_u71,p32,ce_s160,종요 칠 계국 동상들은 한루 앞걸 러시아산 원료 경수를 약포했지 유업 연합은 구체적 논의에 들어간 상태다
p32_u71,p32,taps_s80,조요 측 계국 정상들은 하루 앞어 러시아자 원유변수를 약속태부 유런 면합은 기체적 논의에 들어간 상태다
p32_u71,p32,taps_s160,주요 칠 계국 정상들은 하루 앞서 러시아자 원유경수를 약독태부 유런 면합은 대체적 논의에 들어간 상태다
p32_u71,p32,ce_visible,종요 세 계국 동상들은 한루 앞서 러시아산 원료 근수를 약속했고 유업 연합변 구체적 논인에 들어간 상태다
p32_u71,p32,ce_invisible,조요 칠 계국 정상들은 하루 앞어 러시아자 원유경수를 약속태부 유런 연합은 기체적 논의에 들어간 상태다
p32_u72,p32,taps,하지만 이유은 분명치 않으나 실패를 용인하지 않는 부팀이 전면상 카드를 꺼내지 않으면서 당장 주변국 황전 대 체약의 상황면 피할 수 있게 돼했다
p32_u72,p32,ce,하지만 이혼은 분명지 않으나 실패를 용인하지 않는 보이 전면상 카별를 꺼내지 않으면서 당장 수병국 한국전 등 쇠약의 상황면 필할 수 있게 되했다
p32_u72,p32,ce_s40,하지만 이혼은 분명지 않으나 실패를 용인하지 않는 보이 전면상 카루를 꺼내지 않으면서 당장 수병국 한국전 등 체약의 상황한 필요 수 있게 되했다
p32_u72,p32,ce_s80,하지만 이혼은 분명지 않으나 실패를 용인하지 않는 보이 전면상 카루를 꺼내지 않으면서 당장 수병국 한전 등 체약의 상하한 필요 수 있게 다했다
p32_u72,p32,ce_s160,하지만 이혼은 분명지 않으나 실패를 용인하지 않는 부이 전면상 카드를 꺼내지 않으면서 당장 수병국 한전 등 체하의 상하한 필요 수 있게 되했다
p32_u72,p32,taps_s80,하지만 이혼은 분명치 않으나 실패를 용인하지 않는 부팀이 전면장 카드를 꺼내지 않으면서 당장 주변국 황전 대 체약에 상황면 피할 수 있게 돼했다
p32_u72,p32,taps_s160,하지만 이유은 분명치 않으나 실패를 용인하지 않는 부팀이 전면상 카드를 꺼내지는 않으면서 당장 주변국 황전 대체하에 상황면 피할 수 있게 돼했다
p32_u72,p32,ce_visible,하지만 이혼은 분명지 않으나 실패를 용인하지 않는 보이 전면상 카드를 꺼내지 않으면서 당장 수병국 한국선 등 체약하의 상하면 필할 수 있게 되했다
p32_u72,p32,ce_invisible,하지만 이유은 분명치 않으나 실패를 용인하지 않는 부팀이 전면상 카드를 꺼내지 않으면서 당장 주변국 황전 대 체약의 상황면 피할 수 있게 돼했다
p32_u73,p32,taps,서방견제를 위한 해 전쟁 지통제계의 공개도 기사 악화를 이유로 하지 않았다
p32_u73,p32,ce,프방 견제를 위한 획 전쟁 승입풍세계의 공개도 부산 악화를 이유로 하지 않았다
p32_u73,p32,ce_s40,후방 견제를 위한 획 전쟁 승이풍세계의 공개도 부산 악파를 이유로 하지 않았다
p32_u73,p32,ce_s80,프후방 견제를 위한 획 전쟁 승입풍세계의 공개도 부산 악파를 이유로 하지 않았다
p32_u73,p32,ce_s160,후방 견제를 위한 획 전쟁 군입통세계의 공개도 부산 악파를 이유로 하지 않았다
p32_u73,p32,taps_s80,서방견제를 위한 해 전쟁 지통제계의 공개도 기사 악화를 이유로 하지 않았다
p32_u73,p32,taps_s160,서방견제를 위한 해 전쟁 지통직계의 공개도 비상 악화를 이유로 하지 않았다
p32_u73,p32,ce_visible,프방 견제를 위한 획 전쟁 승이풍세계의 공개도 부산 악화를 이유로 하지 않았다
p32_u73,p32,ce_invisible,서방견제를 위한 해 전쟁 지통제계의 공개도 기사 악화를 이유로 하지 않았다
p32_u74,p32,taps,터팅의 총구 전략착기로 해석 하기 이르지만 그럴 가능성이 생긴 것만 에도 긴정적이다
p32_u74,p32,ce,프팅의 서거 전략사비로 해습 가게 이르지만 그럴 가능상이 생기관만 해도 공정적이다
p32_u74,p32,ce_s40,프팅의 서과 전략착기로 해습 가게 이르지만 그럴 가능상이 생긴관만 해도 공정적이다
p32_u74,p32,ce_s80,프팅의 촛거 전략사기로 해습 가게 이르지만 그럴 가능상이 생기관만 해도 공정적이다
p32_u74,p32,ce_s160,프팅의 서거 전략 착기로 해습 가게는 이르지만 그럴 가능상이 생기관만 해도 공경적이다
p32_u74,p32,taps_s80,터팅의 총구 전략찾기로 해석 가기엔 이르지만 그럴 가능성이 생긴 것만 에도 긴점적이다
p32_u74,p32,taps_s160,터팅의 총구 전략찾기로 해석 하기 이르지만 그럴 가능성이 생긴 것망 에도 긴점적이다
p32_u74,p32,ce_visible,프팅의 서거 전략사기로 해습 가게 이르지만 그럴 가능상이 생기관만 해도 분경적이다
p32_u74,p32,ce_invisible,터팅의 총구 전략착기로 해석 하기 이르지만 그럴 가능성이 생긴 것만 에도 긴정적이다
p32_u75,p32,taps,섣불로 기대를 할 것은 아니나 우크라이나 사태의 공기전이 마련 되었으면 하는 바람니다
p32_u75,p32,ce,첫법은 그대를 할 것은 아니나 우크라이나 사태의 본기적이 마련되었으는 하는 바랍니다
p32_u75,p32,ce_s40,첫법된 그대를 할 것은 아니나 우크라이나 사태의 공기적이 마련되었으는 하는 바랍니다
p32_u75,p32,ce_s80,첩법된 기대를 할 것은 아니나 우크라이나 사태의 본기적이 마련되었으는 하는 바랍니다
p32_u75,p32,ce_s160,서법은 비대를 할 것은 아니나 우크라이나 사태의 본기점이 마련되었으는 하는 바랍이다
p32_u75,p32,taps_s80,섣불로 기대를 할 것은 아니나 우크라이나 사태의 공기점이 마련 되었으면 하는 바람니다
p32_u75,p32,taps_s160,섣불로 기대를 할 것은 아니나 우크라이나 사태의 공기점이 마련되었으면 하는 바랍니다
p32_u75,p32,ce_visible,서법은 그대를 할 것은 아니나 우크라이나 사태의 공기적이 마련되었으는 하는 바랍니다
p32_u75,p32,ce_invisible,섣불로 기대를 할 것은 아니나 우크라이나 사태의 공기전이 마련 되었으면 하는 바람니다
p32_u76,p32,taps,식당에서 답자기 쓰러진 실정치 환자의 신정에 다시 뜨게한 시인들에게 소방이 파트세이버를 수예했다
p32_u76,p32,ce,식당에서 바작기 쓰러때 신정치 환자의 신정을 다새치게 한 시인들에게 소방이 핫편생이 벌을 쏠려있다
p32_u76,p32,ce_s40,식당에서 바작기 쓰러 때 신정치 환자의 신정을 다새치게 한 시인들에게 소방이 핫편생이 벌을 쏠려있다
p32_u76,p32,ce_s80,식당에서 바발이 쓰러때 신정치환자의 신정을 다시 치게 한 승인들에게 소방이 핫편생이 벌을 쏠려있다
p32_u76,p32,ce_s160,식당에서 바작이 쓰러 때 신정치환자의 신정을 다시 치게한 시인들에게 소빵이 핫편생이 벌을 쏠려있다
p32_u76,p32,taps_s80,식당에서 답자기 쓰러진 실정치 환자의 신장에 다시 뜨게한 시인들에게 소방이 하트세이 버를 수예 했다
p32_u76,p32,taps_s160,식당에서 갑자기 쓰러진 실정치 환자의 신장에 다시 뜨게한 시인들에게 소방이 하트세이 버를 수예 했다
p32_u76,p32,ce_visible,식당에서 밥자기 쓰러때 신정치 환자의 신정을 다새치게 한 시인들에게 소방이 핫편생이 벌을 쏠려있다
p32_u76,p32,ce_invisible,식당에서 답자기 쓰러진 실정치 환자의 신정에 다시 뜨게한 시인들에게 소방이 파트세이버를 수예했다
p32_u77,p32,taps,광주 강선소방사는 송경남 김현수 김경리씨에게 학대세이버 인증사와 배치를 치해했다고 십 칠 일 밝혔다
p32_u77,p32,ce,경주 광산 소방사는 성경환 국남 로 동병리스에게 학교 세이버 인등사와 발사를 쏠여했다고 십 칠 일 밝혔다
p32_u77,p32,ce_s40,경주 광사 소방사는 성경환 국남 로 중경리스에게 학교 세이버 인증사와 발사를 쏠요했다고 십 칠 일 밝혔다
p32_u77,p32,ce_s80,경주 광산소방사는 현경환 강남 로 중경메스에게 학별 세이버 인증사와 발사를 쏠여했다고 십 칠 일 밝혔다
p32_u77,p32,ce_s160,경주 광산 소방사는 송경환 국남 수 중경리씨에게 학교 세이버 인증사와 발출를 쏠려했다고 십칠일 밝혔다
p32_u77,p32,taps_s80,광주 강선소방사는 송경남 김현수 김경미씨에게 학텔세이버 인증사와 배치를 치해했다고 십 칠 일 밝혔다
p32_u77,p32,taps_s160,광주 강선소방사는 송경남 김연수 김경리씨에게 학대세이버 인생사와 배치를 치해했다고 십 칠 일 밝혔다
p32_u77,p32,ce_visible,경주 광산 소방사는 성경환 국남 로 동병리니스에게 학교 세이버 인등사와 발사를 쏠요했다고 십 칠 일 밝혔다
p32_u77,p32,ce_invisible,광주 강선소방사는 송경남 김현수 김경리씨에게 학대세이버 인증사와 배치를 치해했다고 십 칠 일 밝혔다
p32_u78,p32,taps,핫투 세이원은 신정기 또엔 호유장지로 생사의 관리기를 전 인격 판자를 신패 소생술 등 적극적인 인격 자치로 세려을 교한 사람에게 인증서를 수려하는 제도다
p32_u78,p32,ce,핫틀생이번은 신정치 동는 호흡강제로 생상한 관리기의 선 환급한사를 신패 소생수 등 적극적인 인급 역치로 생명을 공한 사람에게 인근서를 쏠려하는 지도다
p32_u78,p32,ce_s40,핫은 생이번은 신정치 또는 호흡강제로 생상한 관리기의 한 환급한사들의 신폐 소생서 등 적극적인 인급 역치로 생명을 공한 사람에게 인근서를 쏠려하는 제도다
p32_u78,p32,ce_s80,핫교 생이번은 신정치 또는 호흡경제로 생상한 관리기의 한 환급한사를 신패 포생술 등 적극적인 인급 역치로 생명을 공한 사람에게 인근서를 수요하는 지도다
p32_u78,p32,ce_s160,핫틀 생이원은 신정치 동는 호흡경제로 생상의 관리기의 선 환급한사를 신패 소생수 등 적극적인 인급 액치로 생명을 공한 사람에게 인근서를 쏠요하는 제도다
p32_u78,p32,taps_s80,핫트 세이원은 실정치 또낸 호흡장지로 생사의 관리기의 전 인격 판자를 신패 소생술 등 적극적인 인격 자치로 신려을 그한 사람에게 인증서를 쏠려하는 제도다
p32_u78,p32,taps_s160,핫트 세이원은 실정치 도낸 호유장지로 생사의 관리기를 전 인격 판자를 신패 소생술 등 적극적인 인격 자치로 세려을 그한 사람에게 인증서를 쓸려하는 제도다
p32_u78,p32,ce_visible,핫틀생이번은 신정치 동는 호흡강제로 생상한 관리기의 선 환급한사를 신패 소생수 등 접극적인 인급 협치로 생명을 공한 사람에게 인근서를 쏠려하는 지도다
p32_u78,p32,ce_invisible,핫투 세이원은 신정기 또엔 호유장지로 생사의 관리기를 전 인격 판자를 신패 소생술 등 적극적인 인격 자치로 세려을 교한 사람에게 인증서를 수려하는 제도다
p32_u79,p32,taps,이들은 지난해 십 이 월 십 구 일 응남동이 한식당에서 시인이 쓰러진 것을 보고 실속닥이 일일고에 신고하고 신패 소쟁스를 실시했다
p32_u79,p32,ce,이들은 지난해 십 일월 십 구 일 운남동안 한식당에서 승인이 쓰어든 것을 볼고 신속파게 일림구의 승공하고 신패 포생스를 실시했다
p32_u79,p32,ce_s40,이들은 지난해 십 일월 십 구 일 운남동안 한식당에서 승인이 쓰어진 것을 볼고 신속파을 있림구의 승공하고 신패 포생스를 실시했다
p32_u79,p32,ce_s80,이들은 지난해 십 일월 십 구 일 운남동안 한식당에서 승인이 쓰어진 것을 보고 실속파게 일림구의 성공하고 신패 서생스를 실시했다
p32_u79,p32,ce_s160,이들은 지난해 십 일 월 십 구 일 운남동안 한식당에서 승인이 쓰어진 것을 보고 신속파게 일림구에 승공하고 신패 포생스를 실시했다
p32_u79,p32,taps_s80,이들은 지난해 십 이 월 십 구 일 음남동이 한식당에서 시인이 쓰러진 것을 보고 실속 닥은 일일고에 신공하고 신패 소쟁스를 실시했다
p32_u79,p32,taps_s160,이들은 지난해 십 이 월 십 구 일 응남동이 한식당에서 시인이 쓰러진 것을 보고 신속 닥이 일일도에 신공하고 신패 소쟁스를 실시했다
p32_u79,p32,ce_visible,이들은 지난해 십 일월 십 구 일 운남동안 한식당에서 승인이 쓰어든 것을 볼고 신속파게 일림구의 승공하고 신패 선생스를 실시했다
p32_u79,p32,ce_invisible,이들은 지난해 십 이 월 십 구 일 응남동이 한식당에서 시인이 쓰러진 것을 보고 실속닥이 일일고에 신고하고 신패 소쟁스를 실시했다
p32_u80,p32,taps,신고를 받고 도착된 극급에는 재제공기 실신 및 전문손상수을 진행했고 현장에서 발선한 회복 대 방 이생됐다
p32_u80,p32,ce,신고를 받고 도착한 구급 되는 재배분기 실씀 및 전문손상술를 진행했고 현상에서 절발 순한 회복 별 방 이상됐다
p32_u80,p32,ce_s40,신고를 받고 도착한 구급 되는 재배금기 쇄씀 및 전문 손상술를 진행했고 현상에서 절발 순한 회복 등 방 이상됐다
p32_u80,p32,ce_s80,신고를 받고 도착한 구급 때는 재배금기 살씀 및 전문 손상술을 진행했고 현상에서 절발 순한 회복 등 방 이상됐다
p32_u80,p32,ce_s160,신고를 받고 도착한 공급 때는 재배범기 센씀 및 전문 손상술를 진행했고 현상에서 절발 순한 회복 등 방 이상됐다
p32_u80,p32,taps_s80,신고를 받고 도착된 극급에는 재제 공기 실신 및 전문손상술을 진행했고 현상에서 발선한 회복 대 방 이생됐다
p32_u80,p32,taps_s160,신고를 받고 도착된 극급에는 재제 동기 실신 및 전문손상수를 진행했고 현장에서 발선한 회복 대 방 이생됐다
p32_u80,p32,ce_visible,신고를 받고 도착한 구급 되는 재배분기 실씀 및 전문손상술을 진행했고 현상에서 절발 순한 회복 된 방 이상됐다
p32_u80,p32,ce_invisible,신고를 받고 도착된 극급에는 재제공기 실신 및 전문손상수을 진행했고 현장에서 발선한 회복 대 방 이생됐다
p32_u81,p32,taps,성경멀씨는 사람이 쓰러지는 소리를 듣고 인간 범적으로 움직겠 할 것 같다며 한 생인명을 구할 수 있어서 범행이다고 말했다
p32_u81,p32,ce,삼경혼씨는 사람이 쓰러지는 소리를 듣고 순간 범각으로 움지같할 것 같다며 한 생명을 구할 수 있어서 범행이다고 말했다
p32_u81,p32,ce_s40,송경혼씨는 사람이 쓰러지는 소리를 듣꾸 순간 범는격으로 움직갑할 것 같다며 한 생명을 구할 수 있어서 다행이다고 말했다
p32_u81,p32,ce_s80,성경혼씨는 사람이 쓰러지는 소리를 듣고 순간 범는격으로 움지갑할 것 같다며 한 생명을 구할 수 있어서 다행이다고 말했다
p32_u81,p32,ce_s160,성경화씨는 사람이 쓰어지는 소리를 듣고 순간 범적으로 움지같할 것 같다며 한 생명을 구할 수 있어서 다행이다고 말했다
p32_u81,p32,taps_s80,성경화씨는 사람이 쓰러지는 소리를 듣고 인간 범적으로 움직게 할 것 같다며 한 생인명을 구할 수 있어서 범행이다고 말했다
p32_u81,p32,taps_s160,선경멀씨는 사람이 쓰러지는 소리를 듣고 인간 범민적으로 움직겠다 것 같다며 한 생인명을 구할 수 있어서 범행이다고 말했다
p32_u81,p32,ce_visible,성경혼씨는 사람이 쓰러지는 소리를 듣고 순간 범각으로 움지같할 것 같다며 한 생명을 구할 수 있어서 범행이다고 말했다
p32_u81,p32,ce_invisible,성경멀씨는 사람이 쓰러지는 소리를 듣고 인간 범적으로 움직겠 할 것 같다며 한 생인명을 구할 수 있어서 범행이다고 말했다
p32_u82,p32,taps,한편 지난해 강상소방사 하트세이자은 소방근무원 자신인 명 일반인 다섯 명으로 총 열 한 명의 신장을 다시 띄게 만들었다
p32_u82,p32,ce,한편 지난해 방상 상방사 화교세이자은 소방 공무원 사십 육 명 일반인 다섯 명으로 총 열한 명이 순당을 다십 띄게 만들었다
p32_u82,p32,ce_s40,한편 지난해 방상 상방사 화교이거은 소방 공무원 사십 육 명 일반의 다섯 명으로 총 여한 명이 순당을 다십 띄게 만들었다
p32_u82,p32,ce_s80,한편 지난해 방상 상방사 화교이자은 소방 공무원 사십 육 명 일반의 다섯 명으로 총 열한 명이 순당을 다 띄게 만들었다
p32_u82,p32,ce_s160,한편 지난해 방상 상방사 화교세이자은 소방 국무원 사십 육 명 일반인 다섯 명으로 총 열 한 명이 순당을 다십 띄게 만들었다
p32_u82,p32,taps_s80,한편 지난해 강상소방사 화투세이에은 소방객무원 자십민 명 일반인 다섯 명으로 총 열 한 명의 심장을 다시 띄게 만들었다
p32_u82,p32,taps_s160,한편 지난해 강상소방사 하투세이에은 소방국무원 자신육명 일반인 다섯 명으로 총 열 한 명의 신장을 다시 띄게 만들었다
p32_u82,p32,ce_visible,한편 지난해 방상 상방사 화교세이자은 소방 근무원 사십 육 명 일반인 다섯 명으로 총 열한 명이 순상을 다십 띄게 만들었다
p32_u82,p32,ce_invisible,한편 지난해 강상소방사 하트세이에은 소방근무원 자신인 명 일반인 다섯 명으로 총 열 한 명의 심장을 다시 띄게 만들었다
p32_u83,p32,taps,아시아와 유럽을 가장 빨리 있는 유럽 대표 한공사 피내어가 이천 이십 삼 년 일 월부터 이천 헬네스김 노선을 중 칠례로 진편운영한다고 밝혔다
p32_u83,p32,ce,아시아와 유럽을 가장 빨리 인날 유럽 대표 한공사 피내어가 이천 이십 삼 년 일 일부터 울산 현니스인티 노선을 주 최 제로 증편운행한다고 밝혔다
p32_u83,p32,ce_s40,아시아와 유럽을 가장 빨리 있는 유럽 대표 한공사 피내어가 이삼 이십 삼 년 일 일부터 울산 행니스티 노선을 두 최 제로 중편운행한다고 밝혔다
p32_u83,p32,ce_s80,아시아와 유럽을 가장 빨리 있는 유럽 대표 한공사 피내어가 이천 이십 삼 년 일 일부터 울산 행위스인길 노선을 주 최 제로 증편운행한다고 밝혔다
p32_u83,p32,ce_s160,아시아와 유럽을 가장 빨리 있는 유라 대표 한공사 피내어가 이천 이십 삼 년 일 월부터 울산 현희스길 노선는 주 최 제로 증편운행한다고 밝혔다
p32_u83,p32,taps_s80,아시아와 유럽을 가장 빨리 있는 유럽 대표 한사 피내어가 이천 이십 삼 년 일 월부터 이천 헬스 김 노선을 중 칠례로 진편운행한다고 밝혔다
p32_u83,p32,taps_s160,아시아와 유럽을 가장 빨리 있는 유럽 대표항기사 피내어가 이천 이십 삼 년 일 월부터 이천 헬스김 노선을 중호 칠 례로 진편운행한다고 밝혔다
p32_u83,p32,ce_visible,아시아와 유럽을 가장 빨리 인날 유럽 대표 한공사 피내어가 이천 이십 삼 년 일 일부터 울산 현니스인티 노선을 주 최 제로 등편운행한다고 밝혔다
p32_u83,p32,ce_invisible,아시아와 유럽을 가장 빨리 있는 유럽 대표 한공사 피내어가 이천 이십 삼 년 일 월부터 이천 헬네스김 노선을 중 칠례로 진편운영한다고 밝혔다
p32_u84,p32,taps,십 구 일 피내어에 따르면 이천 해시규노사는 인천국제성양에서 매일 이십 삼십 오 번 칠 발의 해시기 반타 국제공량이 오전 여섯 시 오 분 도착한다
p32_u84,p32,ce,십 공 일 플내에 따르면 이산 해 쓸그 노사는 인천국제 공항에서 내일 이십 삼 스 오 본출발의 해시기 반타 국제 공항이 오전 여섯 시 오 번 법착한다
p32_u84,p32,ce_s40,십 공 일 플내에 따르면 이산 해 쓸그 노사는 음천국제 공항에서 내일 이십 삼 스 운본출발의 해시기 반타 국제 공항이 오전 여섯 시 오 번 법착한다
p32_u84,p32,ce_s80,습 공 일 플내에 따르면 의산 해 시 그 노사는 인천국제 공항에서 내일 이십 삼 스 운본출 발의 해시기 반타 국제 공항이 오전 여섯 시 오  법착한다
p32_u84,p32,ce_s160,십 공 일 표내어에 따르면 의산 해시그 노사는 인천국제 공장에서 내일 이십 삼 스 운포출발에 해시기 반타 국제 공항이 오전 여섯 시 오 번 법착한다
p32_u84,p32,taps_s80,십 구 일 피메어에 따르면 이천 해시규 노사는 인천국제성량에서 매일 이십 삼십 오 번 칠발에 해시기 반타 국제공량이 오전 여섯 시 오 분 도착한다
p32_u84,p32,taps_s160,십 구 일 피내어에 따르면 이천 해시규노사는 인천국제방량에서 매일 이십 삼십 오 번 칠발에 해시기 반타 국제공량이 오전 여섯 시 오 분 도착한다
p32_u84,p32,ce_visible,십 공 일 플내어에 따르면 이산 해 셀그 노사는 인천국제 공항에서 내일 이십 삼 스 오 본출발의 해시기 반타 국제 공항이 오전 여섯 시 오 번 법착한다
p32_u84,p32,ce_invisible,십 구 일 피내어에 따르면 이천 해시규노사는 인천국제성양에서 매일 이십 삼십 오 번 칠 발의 해시기 반타 국제공량이 오전 여섯 시 오 분 도착한다
p32_u85,p32,taps,회당 노선에는 피해어 최신 한의 기족이자 탄소 절관을 기여할 수 있는 해 삼백 오십이 투트입된다
p32_u85,p32,ce,해당 노사에는 피내어 최신 항공 부송이자 한소 달감의 기려할 수 있는 해의 삼백 모습이 입된다
p32_u85,p32,ce_s40,해당 노사에는 피의어 최신 항공 교족이자 한소달감의 중역할 수 있는 해 삼백 모습이 입된다
p32_u85,p32,ce_s80,해당 노사에는 피내어 최신 항공부송이자 한소달감에 중려할 수 있는 페 삼백 모습이 입된다
p32_u85,p32,ce_s160,해당 노사에는 피내어 최진 한공 교중이자 한소달감에 기려할 수 있는 해 삼백 모습이 입된다
p32_u85,p32,taps_s80,회당 노선에는 피해어 최신 한의 귀족이자 탄소 절관을 기여할 수 있는 해 삼백 오십이 트입된다
p32_u85,p32,taps_s160,회상 노선에는 피해어 최신 한의 비족이자 탄소 절관을 기여할 수 있는 해 삼백 오십 이 트입된다
p32_u85,p32,ce_visible,해당 노사에는 피의어 세진 항공 부송이자 한후 달감의 중려할 수 있는 해의 삼백 모습이 입된다
p32_u85,p32,ce_invisible,회당 노선에는 피해어 최신 한의 기족이자 탄소 절관을 기여할 수 있는 해 삼백 오십이 트입된다
p32_u86,p32,taps,팀회에어은 이와 함께 국내 열 한 개 여의사와 삼력해 분식교력 팔 일 대행 상품을 선풍한다
p32_u86,p32,ce,클라왕원은 이와이께 국내 열한이개 여행이 사와 삼 년태 공도적 팔 일 여행상품을 선풍한다
p32_u86,p32,ce_s40,핀라왕는 이와님께 국내 열한개 여행이 사와 삼년태 공도력 팔 일 여행상품을 선풍입니다
p32_u86,p32,ce_s80,핀라원는 이와님께 국내 열한이게 여행이 사와 삼약회 공도력 팔 일 여행상품을 선풍한니다
p32_u86,p32,ce_s160,핀라원은 이와님께 국내 열한이게 여행이 사와 편력태 보속도력 팔 일 여행상품을 선풍한니다
p32_u86,p32,taps_s80,팀네에은 이와 함께 국내 열 한 개 여행의사와 삼력해 분교력 팔 일 대행 상품을 선풍인다
p32_u86,p32,taps_s160,팀회에은 이와 함께 국내 열 한 개 여행의사와 삼력해 분직교력 팔 일 대행 상품을 선풍한다
p32_u86,p32,ce_visible,클라왕어은 이 와님께 국내 열한개 여행이 사와 삼 년태 공속도력 팔 일 여행상품을 선풍한니다
p32_u86,p32,ce_invisible,팀회에어은 이와 함께 국내 열 한 개 여의사와 삼력해 분식교력 팔 일 대행 상품을 선풍한다
p32_u87,p32,taps,여행객들은 여행직까지 인천해신 캠피에 직상편을 이용해 최직한 비행을 제힌 수 있다
p32_u87,p32,ce,여행객들은 여직까지 인천 헬생티 피해 주상판을 이용해 탈벽한 비행을 제길 수 있다
p32_u87,p32,ce_s40,여희객들은 여직까지 인천 헬생티 피해 주강판을 이용해 탈스한 비행을 제길 수 있다
p32_u87,p32,ce_s80,여행객들은 여 직까지 인천 헬생티 피해에 주강판을 이용해 탈벽한 비행을 제길 수 있다
p32_u87,p32,ce_s160,너행객들은 여직까지 인천 헬생케 피해 주강판을 이용해 탈북한 비행을 제길 수 있다
p32_u87,p32,taps_s80,여행객들은 여행직까지 인천해신 케핀에 직상편을 이용해 최직한 비행을 제힌 수 있다
p32_u87,p32,taps_s160,여행객들은 여행직까지 인천 해신 캠피에 직상편을 이용해 최작한 비행을 제힌 수 있다
p32_u87,p32,ce_visible,여행객들은 여직까지 인천 헬생티 피해 주캉판을 이용해 탈벽한 비행을 제길 수 있다
p32_u87,p32,ce_invisible,여행객들은 여행직까지 인천해신 캠피에 직상편을 이용해 최직한 비행을 제힌 수 있다
p32_u88,p32,taps,해당 상품 일장에는 올호라 팀과 부의 열차탑승 등 북회권에서 제길 수 있는 이색적인 경함이 포함된다
p32_u88,p32,ce,해당 상품 일정이는 우라 품과 국의 열타 파승 등 복격권에서 들길 수 있는 이색적인 방향이 포함된다
p32_u88,p32,ce_s40,해당 상권 일정이서 우남 품과 불 열타 탑승 등 복핵권에서 들길 수 있는 이색적인 방향이 포함된다
p32_u88,p32,ce_s80,해당 상품 일정이는 오호라 품과 북의 열차 탑승 등 보핵권에서 들길 수 있는 이색적인 방향이 포함된다
p32_u88,p32,ce_s160,해당 상품 일정에는 올호라 품과 북의 열차 탑승 등 복핵권에서 들길 수 있는 이색적인 방험이 포함된다
p32_u88,p32,taps_s80,해당 상품 일장에는 올로라 팀과 북의 열차탑승 등 보회권에서 제길 수 있는 이색적인 경함이 포함된다
p32_u88,p32,taps_s160,해당 상품 일장에는 올오로라 팀과 북의 열차탑생 등 보회권에서 제길 수 있는 이색적인 경함이 포함된다
p32_u88,p32,ce_visible,해당 상품 일정이는 우라 품과 국의 열타탑승 등 복핵권에서 들길 수 있는 이색적인 방향이 포함된다
p32_u88,p32,ce_invisible,해당 상품 일장에는 올호라 팀과 부의 열차탑승 등 북회권에서 제길 수 있는 이색적인 경함이 포함된다
p32_u89,p32,taps,랜 노르웨이등 주요 돌기업 국가의 집중해 여로의 일정에 고상한 것 또한 잠점이다
p32_u89,p32,ce,랜 노르웨이등 종료 동교럽 국가의 교등는 여인 오는 일정의 고상하가 또한 방점이다
p32_u89,p32,ce_s40,커는 노르웨이등 종료 본유락 국가의 티칭는 여인 오는 일정의 구상하가 또한 단건이다
p32_u89,p32,ce_s80,앵랜 노르웨이등 동료 본교럽 국가의 대쓰는 여 오는 일정의 구상하가 보한 방건이다
p32_u89,p32,ce_s160,코랜 모르웨이등 동료 동교럽 국가의 티쓰는 여열 오는 일정에 구상하가 또한 방점이다
p32_u89,p32,taps_s80,또랜 노르웨이등 중요 분기럽 국가의 집중이 여열로의 일정에 고상한 것 또한 잠점이다
p32_u89,p32,taps_s160,랜 모르웨이등 중요 돌기럽 국가의 지중해 여열로의 일정에 고상한 것 또한 잠점이다
p32_u89,p32,ce_visible,랜 노르웨이등 종료 본교럽 국가의 교쓰는 여인 오는 일정의 고상하가 또한 방점이다
p32_u89,p32,ce_invisible,랜 노르웨이등 주요 돌기업 국가의 집중해 여로의 일정에 고상한 것 또한 잠점이다
p32_u90,p32,taps,특히 북은 여행에서 가장 유명한 프로그램이 온라 은생는 노르웨이 트론사에서 진행된다
p32_u90,p32,ce,특히 국은 여행에서 가장 유 명한 프로그램인 온보화 헌풍은 노르웨이 프로사에서 진행된다
p32_u90,p32,ce_s40,특히 국금 여행에서 가장 유 명한 프로그램인 온화 운통은 노르웨이 트론사에서 진행된다
p32_u90,p32,ce_s80,특히 국금 여행에서 가장 유 명한 프로그램인 온브라 호통은 노르웨이 트론사에서 진행된다
p32_u90,p32,ce_s160,특히 독금 여행에서 가장 유 명한 프로그램인 온브라 한풍은 노르웨이 트론사에서 진행된다
p32_u90,p32,taps_s80,특히 북은 여행에서 가장 유명한 프로그램이 온라 은생년 노르웨이 트론스에서 진행된다
p32_u90,p32,taps_s160,특히 북은 여행에서 가장 유명한 프로그램인 온라은생는 노르웨이 트론사에서 진행된다
p32_u90,p32,ce_visible,특히 국은 여행에서 가장 유 명한 프로그램인 온보화 헌풍은 노르웨이 트로사에서 진행된다
p32_u90,p32,ce_invisible,특히 북은 여행에서 가장 유명한 프로그램이 온라은생면 노르웨이 트론사에서 진행된다
p32_u91,p32,taps,트럼생는 오놀아를 볼 수 있는 가장 대표적인 도시로 겨울에도 상대적으로 촉지 않아 많은 여행객의 사랑을 받는 것이다
p32_u91,p32,ce,크혼생는 오놀아를 볼 수 있는 가장 대표적인 것임로 겨울에도 상대적으로 끝지않아 많은 여행객의 사랑을 받는 것이다
p32_u91,p32,ce_s40,크혼생는 우아를 볼 수 있는 가장 대표적인 것임로 겨혼에도 상대적으로 끝지않아 많은 여행객의 사랑을 받는 것이다
p32_u91,p32,ce_s80,크혼생는 우아를 볼 수 있는 가장 대표적인 것임로 겨혼에도 상대적으로 끝지않아 많은 여행객의 사랑을 받는 것이다
p32_u91,p32,ce_s160,크혼생는 우아를 볼 수 있는 가장 대표적인 것습이로겨혼에도 상대적으로 끝지않아 많은 여행객의 사랑을 받는 것이다
p32_u91,p32,taps_s80,트럼센는 오놀아를 볼 수 있는 가장 대표적인 도시로 겨을에도 상대적으로 촉지 않아 많은 여행객의 사랑을 받는 것이다
p32_u91,p32,taps_s160,트럼생는 오놀아를 볼 수 있는 가장 대표적인 것시로 겨울에도 상대적으로 추지 않아 많은 여행객의 사랑을 받는 것이다
p32_u91,p32,ce_visible,크혼생는 오놀아를 볼 수 있는 가장 대표적인 것임로 겨울에도 상대적으로 끝지않아 많은 여행객의 사랑을 받는 것이다
p32_u91,p32,ce_invisible,트럼생는 오놀아를 볼 수 있는 가장 대표적인 도시로 겨울에도 상대적으로 쫓지 않아 많은 여행객의 사랑을 받는 것이다
p32_u92,p32,taps,해당 상품은 국내 불유라상품에 판매하는 여행사를 통해 이천 이십 삼 년 삼 월 말까지 예막미구에 가능하다
p32_u92,p32,ce,해당 상품은 국내 보유라상품을 판매하는 여행사를 당해 이천 이십 삼 년 삼무 말까지 영향미구에 가능하다
p32_u92,p32,ce_s40,해당 상품은 국내 보유라상품을 판매하는 여행사를 당해 이천 이십 삼 년 삼무 말까지 영향미구에 가능하다
p32_u92,p32,ce_s80,해당 상품은 국내 보유라상품을 판매하는 여행사를 당해 이천 이십 삼 년 삼무 말까지 영향미구에 가능하다
p32_u92,p32,ce_s160,해당 상품은 국내 보유라상품을 판매하는 여행사를 당해 이천 이십 삼 년 사고 말까지 영향미구에 가능하다
p32_u92,p32,taps_s80,해당 상품은 국내 불유라상품을 판매하는 여행사를 통해 이천 이십 삼 년 삼 월 말까지 예약미구에 가능하다
p32_u92,p32,taps_s160,해당 상품은 국내 불유력상품을 판매하는 여행사를 당해 이천 이십 삼 년 삼 월 말까지 예약 미군에 가능하다
p32_u92,p32,ce_visible,해당 상품은 국내 보유라상품을 판매하는 여행사를 당해 이천 이십 삼 년 삼무 말까지 영향미구에 가능하다
p32_u92,p32,ce_invisible,해당 상품은 국내 불유라상품에 판매하는 여행사를 통해 이천 이십 삼 년 삼 월 말까지 예막미구에 가능하다
p32_u93,p32,taps,피매현 한국 지사장 김동하는 현드 미과 겨을 관한 상수기에 힘입어 일이천 해시 기노선 지 칠 일 은항에 재계하게 돼 부착기구다
p32_u93,p32,ce,평명욱 홍국 지사장 금동하는 현대 미과격을 방악 성수기에 흥입어 천헬쓸기 노선 두 칠 일 운항을 재계하게 돼 못착 교구다
p32_u93,p32,ce_s40,평문호 한국 지사장 금동하는 현대 미과 그을 방악 성수기에 흥입어 천헬쓸기 노선 두 칠 일 운항을 재계하게 돼 못착 크구다
p32_u93,p32,ce_s80,평명욱 한국 지사장 금동하는 현대 미과결을 방악 성소기에 입어 천헬시기 노선 두 칠 일 운항을 재계하게 돼 모터 급구다
p32_u93,p32,ce_s160,평매원 한국 지사장 금동하는 현대 미과결래 방악 성소기에 속입어  천헬시기 노선 두업 칠 일 운항을 재계하게 돼 모터 급구다
p32_u93,p32,taps_s80,탱매현 한국 지사장 김동원는 현드및과 겨을 방한 상수기에 힘입어 일일천 해시 기노선 주 칠 일 은항에 재계하게 돼 묻척기구다
p32_u93,p32,taps_s160,피내현 한국 지사장 김동하는 현드 윗과 겨 방할 상수기에 힘이어 일이천 해시 김노선 지노 칠 일 은항에 재계하게 돼 부착 빗구다
p32_u93,p32,ce_visible,평명호 홍국 지사장 금동하는 현대 미과격을 방악 성수기에 흥입어 천헬수기 노선 두 칠 일 운항을 재계하게 돼 못착 급구다
p32_u93,p32,ce_invisible,피매현 한국 지사장 김동하는 현드 미과 겨을 관한 상수기에 힘입어 일이천 해시 기노선 주 칠 일 은항에 재계하게 돼 부착기구다
p32_u94,p32,taps,앞으로도 더 많은 승객에게 아시아와 유럽을 있는 프이넓은 네트워회를 제기할 수 있도록 노력하겠다고 말했다
p32_u94,p32,ce,앞으도도 더 하은 선객에게 아시아와 유럽을 있는 폭넓은 네트워크를 제공할 수 있도록 노력하겠다고 말했다
p32_u94,p32,ce_s40,앞으도도 더 많은 선객에게 아시아와 유럽을 있는 풍넓은 내표워크를 제공할 수 있도록 노력하겠다고 말했다
p32_u94,p32,ce_s80,앞으도도 더 많은 선객에게 아시아와 유럽을 있는 폭넓은 네트워크를 제공할 수 있도록 노력하겠다고 말했다
p32_u94,p32,ce_s160,앞으도도 더 하은 선객에게 아시아와 유럽을 있는 폭넓은 대표워크를 제공할 수 있도록 노력하겠다고 말했다
p32_u94,p32,taps_s80,앞으로도 더 많은 순객에게 아시아와 유럽을 있는 프이넓은 네트워크를 제기할 수 있도록 노력하겠다고 말했다
p32_u94,p32,taps_s160,앞으로도 더 많은 순객에게 아시아와 유럽을 있는 프이넓은 네트워회를 제기할 수 있도록 노력하겠다고 말했다
p32_u94,p32,ce_visible,앞으도도 더하은 선객에게 아시아와 유럽을 있는 폭넓은 네트워크를 제공할 수 있도록 노력하겠다고 말했다
p32_u94,p32,ce_invisible,앞으로도 더 많은 승객에게 아시아와 유럽을 있는 프이넓은 네트워회를 제기할 수 있도록 노력하겠다고 말했다
p32_u95,p32,taps,국융 감독원이 상무 김리권에 과도한 수시 경쟁 자들를 요구하고 나섰다
p32_u95,p32,ce,국융 감독원이 상어 국명권에 과동와 수수 당장 담배를 요구하고 나섰다
p32_u95,p32,ce_s40,국융 감독원이 상회 국명권에 과동안 수수 당장 담배를 요구하고 나섰다
p32_u95,p32,ce_s80,국융 감독원이 상어 국명권에 과동안 수수 당장 담배를 요구하고 나섰다
p32_u95,p32,ce_s160,국융 감독원이 상어 국민권에 과동안 수은 경쟁 담배를 요구하고 나섰다
p32_u95,p32,taps_s80,국융 감독원이 상모 김리권에 과도한 소시 경쟁 자대를 요구하고 나섰다
p32_u95,p32,taps_s160,국융 감독원이 상모 금미권에 과도한 수시 경쟁 자대를 요구하고 나섰다
p32_u95,p32,ce_visible,국융 감독원이 상어 국명권에 과동와 수수 당장 담배를 요구하고 나섰다
p32_u95,p32,ce_invisible,국융 감독원이 상모 김리권에 과도한 수시 경쟁 자들를 요구하고 나섰다
p32_u96,p32,taps,최근 일부 사무김리원의 특판 과정에서 조합 실수로 발생한 과다 판매를 겨영한 조치다
p32_u96,p32,ce,최근 일부 사무경명권의 특판 과정에서 도합실수로 발생한 과다 판매를 반영한 소치다
p32_u96,p32,ce_s40,최근 일부 사무 경용권의 특판 과정에서 도합실수로 발생한 과다 판매를 반영한 소치다
p32_u96,p32,ce_s80,세근 일부 사무경용권의 특판 과정에서 조합실수로 발생한 과다 판매를 반영한 소치다
p32_u96,p32,ce_s160,최근 일부 사무금용권의 특판 과정에서 도합실수로 발생한 과다 판매를 가영한 소치다
p32_u96,p32,taps_s80,최근 일부 상무백리원의 특판 과정에서 조합실수로 발생한 과다 판매를 겨영한 조치다
p32_u96,p32,taps_s160,최근 일부 상객리원의 특판 과정에서 조합실수로 발생한 과다 판매를 겨영한 조치다
p32_u96,p32,ce_visible,최근 일부 사무경명권의 특판 과정에서 도합실수로 발생한 과다 판매를 반영한 소치다
p32_u96,p32,ce_invisible,최근 일부 사김리원의 특판 과정에서 조합 실수로 발생한 과다 판매를 겨영한 조치다
p32_u97,p32,taps,또 과도한 유치경쟁은 자칫 유용성 강정성 문제로 반을 수 있다고 판단했다
p32_u97,p32,ce,또 가도한 유치 은쟁은 자칫 노용성 가능정국정 문제로 반을 수 있다고 판단했다
p32_u97,p32,ce_s40,또 가동한 유치 경생은 자측 노용성 강정정 문제로 반을 수 있다고 판단했다
p32_u97,p32,ce_s80,또 가동한 유치 은쟁은 자측 노동성 강정정 문제로 반을 수 있다고 판단했다
p32_u97,p32,ce_s160,또 가도한 유치 은쟁은 자측 노동성 강정성 문제로 반을 수 있다고 판단했다
p32_u97,p32,taps_s80,또 과도한 유치경쟁은 자칫 유용성 강정성 문제로 반을 수 있다고 판단했다
p32_u97,p32,taps_s160,또 과도한 유치경쟁은 자칫 유용성 강정성 문제로 반을 수 있다고 판단했다
p32_u97,p32,ce_visible,또 가도한 유치 은쟁은 자칫 노용성 가능정국성 문제로 반을 수 있다고 판단했다
p32_u97,p32,ce_invisible,또 과도한 유치경쟁은 자칫 유용성 강정성 문제로 반을 수 있다고 판단했다
p32_u98,p32,taps,김감의원은 십 사 일 상호금민권 고금 리 특판 메브통이제 산항전병 간단회를 열고 이같이 당부했다고 밝혔다
p32_u98,p32,ce,김거원은 십사일 상고경명권 고금리 특판 내부 통제인 현안등강 간단회를 열고 이같이 방부했다고 밝혔다
p32_u98,p32,ce_s40,공거원는 십사 일 상고경력권 고금리 특판 내부 통사인 현안변경 간단회를 열고 이같이 방부했다고 밝혔다
p32_u98,p32,ce_s80,공강로원는 십발 일 상호경명권 고금리 특판 내부 통아인 현안방경간단회를 열고 이같이 방부했다고 밝혔다
p32_u98,p32,ce_s160,김거원은 십 사 상고근명권 고급리 특판 내부 통세인 현안경검 간단회를 열고 이같이 방부했다고 밝혔다
p32_u98,p32,taps_s80,분감원은 십 사 일 상호금리권 고금리 특판 메부통제 산항점병 간단회를 열고 이같이 당부했다고 밝혔다
p32_u98,p32,taps_s160,김감원은 십 사 일 상호금리권 고금리 특판메부통제 산항점병 간단회를 열고 이같이 당부했다고 밝혔다
p32_u98,p32,ce_visible,김거원은 십사일 상고경명권 고금리 특판 내부 통제인 현항등강 간단회를 열고 이같이 방부했다고 밝혔다
p32_u98,p32,ce_invisible,김감의원은 십 사 일 상호금민권 고금 리 특판 메브통이제 산항전병 간단회를 열고 이같이 당부했다고 밝혔다
p32_u99,p32,taps,일년 앞서 경남의 한 지역 특산 농역과 경북 경주의 지역로비 의협에서 발생한 사고에 대한 수속 졌취다
p32_u99,p32,ce,일근 앞서 강남의 한 진역 특상농협과 경북 경수의 진역 노에서 발생한 사 고에 대한 호속 자치다
p32_u99,p32,ce_s40,일근 앞서 강남의 한 진역 특상농협과 경북 대부의 진역 노인협에서 발생한 사고에 대한 호속 배치다
p32_u99,p32,ce_s80,힐근 앞서 강남의 한 진역 특상농협과 경북 경수의 진역 로인협에서 발생한 사고에 대한 호속 배치다
p32_u99,p32,ce_s160,일근 앞서 경남의 한 분역 특상는 농협과 경북 경수의 진역 로인터에서 발생한 사 고에 대한 분속 도출다
p32_u99,p32,taps_s80,일년 앞서 경남의 한 지역 특산 농역과 경북 경주의 지역로비 의협에서 발생한 사고에 대한 수속 자취다
p32_u99,p32,taps_s160,일년 앞서 경남의 한 지역 특선농여과 경북 경주의 지역로비 의협에서 발생한 사고에 대한 수속 자취다
p32_u99,p32,ce_visible,일근 앞서 강남의 한 진역 특산농업과 경북 경수의 진역 로인터에서 발생한 사고에 대한 호속 자치다
p32_u99,p32,ce_invisible,일년 앞서 경남의 한 지역 특산 농역과 경북 경주의 지역로비 의협에서 발생한 사고에 대한 수속 자취다
p38_u00,p38,taps,파이자의 코로나 일곱 먹는 지료자 학스로비 약 삼 만 사천 명분이 이십 사 일 국내 추가로 들어온다
p38_u00,p38,ce,아이다의 코로나 일고 명는 트료들 학스로 약 하 한 사천 명 분이 이십스타일 국내에 추대로 들어온다
p38_u00,p38,ce_s40,아이다의 코로나 일고 명는 두료의 학스로비를 약 하 면 사천 명의 분이 리즈스타일 국면에 추도로 드어온다
p38_u00,p38,ce_s80,아이다의 코로나 일고 명는 주료의 학스로비 약 삼 만 사천 명 분이 이집스타 일 국내에 추도로 드어온다
p38_u00,p38,ce_s160,아이다의 코로나 일고 명는 주료의 학스로비 약 삼 만 사천 명분이 이십스사 일 국내에 수대로 드어온다
p38_u00,p38,taps_s80,바이자의 코로나 일곱 먹는 지료재 학스로비 약 삼 만 사천 명분이 이십 사 일 국내 추가로 드어온다
p38_u00,p38,taps_s160,파이자의 코로나 일곱 먹는 지료들 학스로비 약 삼 만 사천 명분이 이십 사 일 국내 추가로 드어온다
p38_u00,p38,ce_visible,아이다의 코로나 일고 명는 두료들 학스로 약 하 만 사천 명 분이 이즈스사 일 국내에 추도로 들어온다
p38_u00,p38,ce_invisible,파이자의 코로나 일곱 먹는 지료자 학스로비 약 삼 만 사천 명분이 이십 사 일 국내 추가로 드어온다
p38_u01,p38,taps,질병 관리탑은 이십 삼 일 전례 브리징을 통해 하루 뒤임 이십 사 일 낮 열 두 시 십 분 인천공항을 통해 학스로비득 추가물량이 도착할 예정이라고 밝혔다
p38_u01,p38,ce,질병 관리평은 육십 삼 일 광내 브리핀을 통해 하루 뒤인 이십 팔 일 낮 열 두 시십 분 인천공항을 통해 학스로 피 수가 물량의 도착한 예정이라고 밝혔다
p38_u01,p38,ce_s40,질병 관리병은 육십 삼 일 광네 브리치 통해 하루 뒤인 이십 팔 일  열 두 시십 분 인천공항을 통해 학스로 피 수가 물량의 도착할 예정이라고 밝혔다
p38_u01,p38,ce_s80,질병 관리병은 육십 삼 일 광네 브리코 통해 하루 뒤린 이십 팔 일  열 두 시십 분 인천공항을 통해 학스로 피  추가 물량의 보착할 예정이라고 밝혔다
p38_u01,p38,ce_s160,질병 관리평은 육십 삼 일 광네 브리징을 통해 하루 뒤인 이십 팔 일  열 두 시십 분 인천공항을 통해 학스로 피 수가물량의 도착한 예정이라고 밝혔다
p38_u01,p38,taps_s80,질병 관리탑은 이십 삼 일 장내 브리징을 통해 하루 디임 이십 사 일 낮 열 두 시 십 분 인천공항을 통해 확스로비습 출가물량이 도착할 예정이라고 밝혔다
p38_u01,p38,taps_s160,질병 관리탑은 이십 삼 일 장내 브리칭을 통해 하루 뒤임 이십 사 일 낮 열 두 시 십 분 인천공항을 통해 확스로비득 출가물량이 도착할 예정이라고 밝혔다
p38_u01,p38,ce_visible,슬병 관리평은 육십 삼 일 광내 브리핀을 통해 하루 뒤인 이십 팔 일 낮 열 두 시십 분 인천공항을 통해 학스로 피 수가물량의 도착한 예정이라고 밝혔다
p38_u01,p38,ce_invisible,질병 관리탑은 이십 삼 일 전례 브리징을 통해 하루 뒤임 이십 사 일 낮 열 두 시 십 분 인천공항을 통해 학스로비득 추가물량이 도착할 예정이라고 밝혔다
p38_u02,p38,taps,이에 따라 국내 남은 학스록 비에 육말 일천량 분에 추가 도입 물량을 합치면 모두 십 만 오천량의 분으로 늘게된다
p38_u02,p38,ce,이에 따라 국내 남은 확크로비급 섯만 일천량군에 수가 도입 물량을 갚치면 모두 십 만 오천 명분으로 늘게 된다
p38_u02,p38,ce_s40,이에 따라 국내 나은 확크로비급 융만 일천량군에 수가도입 물량을 갚치면 모두 십 만 오천 명분으로 늘게 된다
p38_u02,p38,ce_s80,이에 따라 국내 나은 학크로비급 섯만 일천량군에 수가 도입 물량을 서치면 모두 십 만 오천 명분으로 늘게 된다
p38_u02,p38,ce_s160,이에 따라 국내 나은 학크로비급 육만 일천량군에 수가 도입 물량을 서치면 모두 십 만 오천 명 분으로 늘게된다
p38_u02,p38,taps_s80,이에 따라 국내 남은 학스록 비빛 육말 일 천라 보에 추가 도입 물량을 합치면 모두 십 만 오천량의 분으로 늘게 된다
p38_u02,p38,taps_s160,이에 따라 국내 남은 학스급 비에 말 일천라 분에 추가 도입 물량을 합치면 모두 십 만 오천량의 분으로 늘게된다
p38_u02,p38,ce_visible,이에 따라 국내 남은 확추로비급 섯만 일천량군에 수가 도입 물량을 갚치면 모두 십 만 오천 명분으로 늘게 된다
p38_u02,p38,ce_invisible,이에 따라 국내 남은 학스록 비에 육말 일천량 분에 추가 도입 물량을 합치면 모두 십 만 오천량의 분으로 늘게된다
p38_u03,p38,taps,이럴 셋직지후 일평균 오천 육백 사십 이 년 군시 시신정이 감안하면 대략 십 팔  에에서 최고 인의 정도 사용할 수 있는 아이다
p38_u03,p38,ce,이날 셋세규 일편빈 오 천 육백 사십 인 년 군수 신림점을 감안하면 그다 십 팔 일 에서 깁당 정도 사용할 수 있는 아이다
p38_u03,p38,ce_s40,이달 셋세유 일편빈 오 천 육백 사십 이 년 군수 신림점을 감안하면 대다 십 팔 일 에서 최권 정도 사용할 수 있는 아이다
p38_u03,p38,ce_s80,이날 셋세유 편균 오 천 육백 사십 이 년 군수 신림정을 감안하면 대가 십 팔 일 에서 세당 정도 사용할 수 있는 단이다
p38_u03,p38,ce_s160,이날 셋세주 일편빈 오 천 육백 사십  년군수 승림점을 감안하면 대각 십 팔 일 에서 새당 정도 사용할 수 있는 단이다
p38_u03,p38,taps_s80,이럴 셋직지 일평빈 오천 육백 사십 이 년 군시 시 인정이 감안하면 대라 십 팔 일 에서 십고 있 정도 사용할 수 있는 당이다
p38_u03,p38,taps_s160,이럴 셋직지 일평균 오천 육백 사십  년 군시 시신정이 감안하면 대략 십 팔 일 에서 깁고 있 정도 사용할 수 있는 아이다
p38_u03,p38,ce_visible,이날 셋세규 일편빈 오 천 육백 사십 인 년군수 승림점을 감안하면 대다략 십 팔 일 에서 최당 정도 사용할 수 있는 아이다
p38_u03,p38,ce_invisible,이럴 셋직지후 일평균 오천 육백 사십 이 년 군시 시신정이 감안하면 대략 십 팔  에에서 최고 인의 정도 사용할 수 있는 아이다
p38_u04,p38,taps,아울러 워크현스 컨편니의 먹매치를 제인 라개 기리오도 이번 지후 십 만 당분이 동내에 고입될 예정이다
p38_u04,p38,ce,아울러 워프에트 컨천니에 먹네수료 들인 낙 개 뿌고소 이건 주후 세 만 하병군이 국매 보입된 예정이다
p38_u04,p38,ce_s40,아울러 워크에득 컨천니에 먹네치료 들인 낙 개 뿌고소 이건 주후 세 만 하경소이 국내에 보입된 예정이다
p38_u04,p38,ce_s80,아울러 워프에득 컨천니에 먹네 수료 들인 낙 개 뿌요소 이건 주후 세 만 하병소이 국내에 보입된 예정이다
p38_u04,p38,ce_s160,아울러 마크에득 컨천위에 먹네 수료 들린 낙 개 뿌요소 이번 주요 십 만 하병소이 국내에 보입된 예정이다
p38_u04,p38,taps_s80,아울러 워페현스 컨페니의 먹매치료 제인 라개 기리오도 이번 지후 십 만 장분이 동매에 고입들 예정이다
p38_u04,p38,taps_s160,아울러 워크현트 컨천니의 먹매실료 제인 라개 비리고도 이번 지후 십 만 정 분이 동네에 고입될 예정이다
p38_u04,p38,ce_visible,아울러 워크에트 컨포니에 먹네수료들인 낙 개 뿌고소 이건 주후 십 만 하병군이 국매 보입될 예정이다
p38_u04,p38,ce_invisible,아울러 워크현스 컨편니의 먹매치를 제인 라개 끼리오도 이번 지후 십 만 당분이 동내에 고입될 예정이다
p38_u05,p38,taps,식끈무역부 안전초가 이 위약점에 긴급파용에 승리한 만큼 질병성도 피약시기와 등상 등의 곧 학정에 발침할 예정이다
p38_u05,p38,ce,출품 무역금 안전켜가 유 의약품의 공급 사용에 승리한 만큼 질병정도 휴약시기와 방산등을 학정에 발품할 동이다
p38_u05,p38,ce_s40,슬품 무역금 안전켜가 이 의약품의 군급 사용에 승리한 만큼 질병도 휴약시기와 방산 등을 학정에 발품할 배등이다
p38_u05,p38,ce_s80,슬품 무역금 안전켜가 이 의약품의 공급 사용을 승리한 만큼 질병도 휴약시기와 방산 등을 학정에 발표할 배동이다
p38_u05,p38,ce_s160,슬품 문역군 안전수가 이 의약 품의 빈급사용에 수리한 만품 질병정도 휴약시기와 공산 등을 학정에 발할 를등이다
p38_u05,p38,taps_s80,식근 무역부 안전초가 이 위약점에 긴급 파용에 순리한 만큼 질병성도 피약시기와 등상 등의 학정에 발표할 예정이다
p38_u05,p38,taps_s160,식풍 무역부 안전수가 이 의약점에 급하용에 순리한 만큼 질병성도 포약시기와 등상 등의 곧 확정에 발침할 예정이다
p38_u05,p38,ce_visible,리품 무역금 안전켜가 유 의약품의 공급 사용에 승리한 만큼 질병정도 휴약시기와 방산등을 학정에 발품할 동이다
p38_u05,p38,ce_invisible,식끈무역부 안전초가 이 위약점에 긴급파용에 승리한 만큼 질병성도 피약시기와 등상 등의 곧 학정에 발침할 예정이다
p38_u06,p38,taps,한편 질병청은 아스트라즈네카의 한자 치를 해 일부 실뢰 도입과 김속 사용생의 요청 등도 검토하고 있다
p38_u06,p38,ce,한편 불병성은 아스따라되네할의 황사 피롯 땐 이부 수대 도입과 기급 하용성입 요성등으로 검토하고 있다
p38_u06,p38,ce_s40,한편 질병성은 아따라 베네화의 황사 피롯 된 이부 실 대 도입과 교급 하성입 요천 등으로 검품하고 있다
p38_u06,p38,ce_s80,한편 불병성은 마따라 베네화의 황사 수롯 땐 이부 실일 대 도입과 기급 하 승입 요청 등으로 검토하고 있다
p38_u06,p38,ce_s160,한편 질병성은 아스크라베네화의 황사 투롯중 이불 수대 도입과 급 하용성입 요성 등으로 검토하고 있다
p38_u06,p38,taps_s80,한편 질병청은 아스트라세네카해 한자치를 때 일부 실뢰 도입과 김속 사용이 생의 요청 등도 검토하고 있다
p38_u06,p38,taps_s160,한편 질병청은 아스사라빈네가해 한차치를 때 일부 실뢰 도입과 김북 사용사의 요청 등도 검토하고 있다
p38_u06,p38,ce_visible,한편 불병성은 아스따라되네할의 황사 투롯 땐 이부 수대 도입과 급 하용성입 요천등으로 검토하고 있다
p38_u06,p38,ce_invisible,한편 질병청은 아스트라즈네카의 한자 치를 해 일부 실뢰 도입과 김속 사용생의 요청 등도 검토하고 있다
p38_u07,p38,taps,이을실에는 졸업한 신적으로 향찰 학상이 어려온 진층이 면역 조와자 등에게 핵가가 있는 것으로 알려졌다
p38_u07,p38,ce,이루스에는 줄어던 덕 동으로 학산 형상이 어려운 브름층 면역 강화자 동행게 효가가 있는 것으로 알려졌다
p38_u07,p38,ce_s40,이루스에는 줄어든 신덕 동으로 학산 형성이 어려운 부름층인 면역 강화자 등행게 효가가 있는 것으로 알려졌다
p38_u07,p38,ce_s80,이루스에는 줄어던 신덕 동으로 학생 형성이 어려운 증 면역 강아자 등행게 효가가 있는 것으로 알려졌다
p38_u07,p38,ce_s160,이루술들는 줄보던 적 동으로 학생 향상이 어디운 증인 면역 강화자 비행게 효과가 있는 것으로 알려졌다
p38_u07,p38,taps_s80,이을실대는 졸업의 신적으로 학찰 학상이 어려온 진칭이 면학 조환자 등행게 가가 있는 것으로 알려졌다
p38_u07,p38,taps_s160,이을실는 졸업의 신적중으로 향제 학상에 어려온 진층이 면역 조자 등에게 핵가가 있는 것으로 알려졌다
p38_u07,p38,ce_visible,이루스에는 줄어던 덕 동으로 학산 형상이 어려운 브층 면역 강화자 등행게 효가가 있는 것으로 알려졌다
p38_u07,p38,ce_invisible,이을실는 졸업한 신적으로 향찰 학상이 어려온 진층이 면역 조와자 등에게 핵가가 있는 것으로 알려졌다
p38_u08,p38,taps,삼십 대 연구 대우가 불법으로 마시지 앞소를 운영한 혐의로 일 층에서 벌금형을 선고받았다
p38_u08,p38,ce,삼십대 연급 대가 불법으로 마사지 앞도를 운영한 혐의로 일 심에서 벌금형을 선고받았다
p38_u08,p38,ce_s40,사십대 연극 대가 불법으로 마사지 업도를 운영한 혐의로 일 쯤에서 벌금형을 선고받았다
p38_u08,p38,ce_s80,삼십대 연극 교가 불법으로 마나지 업도를 운영한 혐의로 일 쯤에서 벌금 형을 선고받았다
p38_u08,p38,ce_s160,삼십 대 연극 교가 불법으로 마아지 업도를 운영한 혐의로 일 쯤에서 벌금 형을 선고받았다
p38_u08,p38,taps_s80,삼십 대 연구 대우가 불법으로 마시지 앞도를 운영한 혐의로 일 층에서 관금형을 선고받았다
p38_u08,p38,taps_s160,삼십 대 연구 대우가 불법으로 마사지 앞소를 운영한 혐의로 일 층에서 벌금형을 선고받았다
p38_u08,p38,ce_visible,삼십대 연급 교가 불법으로 마사지 앞도를 운영한 혐의로 일 심에서 벌금형을 선고받았다
p38_u08,p38,ce_invisible,삼십 대 연구 대우가 불법으로 마시지 앞소를 운영한 혐의로 일 층에서 벌금형을 선고받았다
p38_u09,p38,taps,서울북부지법 형사호 단독 포준호부장판사는 이십 사 일 의료법 위반 혐의로 기소된 베이치에게 벌금 삼백 만원을 선고하고 오백 구십 팔 만원을 출징할 것도 명령했다
p38_u09,p38,ce,서울북부지법 형사 오 단독 홍노 부장판사는 이십 사 일 의료법 위반 혐의로 기소된 데이수액이 벌금 삼백 만원을 선공하고 오백 구십 팔 만원을 출생할 것도 명령했다
p38_u09,p38,ce_s40,서울북부지법 형사 오 단독 홍슨노 부장판사는 이십 사 일 의료법 위반 혐의로 기소된 데이스액게 벌금 삼백 만원을 선공하고 오백 구십 팔 만원을 출생할 것도 명령했다
p38_u09,p38,ce_s80,서울북부지법 형사 오 단독 홍 스노 부장판사는 이십 사 일 의료법 위반 혐의로 기소된 데이수액게 벌금 삼백 만원을 선고하고 오백 구십 팔 만원을 출생할 것도 명령했다
p38_u09,p38,ce_s160,서울북부지법 형사 오 단독 홍노 부장판사는 이십 사 일 의료법 위반 혐의로 기소된 대이스액게 벌금 삼백 만원을 선공하고 오백 구십 팔 만원을 출생할 것도 명령했다
p38_u09,p38,taps_s80,서울북부지법 성사호 단독 포수노 부장판사는 이십 사 일 의료법 위반 혐의로 기소된 베이치에게 벌금 삼백 만원을 선고하고 오백 구십 팔 만원을 출징할 것도 명령했다
p38_u09,p38,taps_s160,서울북부지법 형사호 단독 포수노 부장판사는 이십 사 일 의료법 위반 혐의로 기소된 개이치에게 벌금 삼백 만원을 선고하고 오백 구십 팔 만원을 출징할 것도 역령했다
p38_u09,p38,ce_visible,서울북부지법 형사 오 단독 홍노 부장판사는 이십 사 일 의료법 위반 혐의로 기소된 데이수액이 벌금 삼백 만원을 선공하고 오백 구십 팔 만원을 출생할 것도 명령했다
p38_u09,p38,ce_invisible,서울북부지법 형사호 단독 포준호부장판사는 이십 사 일 의료법 위반 혐의로 기소된 베이치에게 벌금 삼백 만원을 선고하고 오백 구십 팔 만원을 출징할 것도 명령했다
p38_u10,p38,taps,연국 대이 에이씨는 안마자격이 없는데도 이천 이 십 년 칠 일부터 이 김해 삼 월까지 서울 중남구에서 불법으로 마시지 없으를 운행한 혐의로 재판을 남겨졌다
p38_u10,p38,ce,영국 페인 엘리스티는 안마다 가격이 없는데도 이천이 삼 년 칠 월부터 믿음해 삼 월까지 서울 경남구에서 불법으로 마스단트의 없어를 운영한 혐의로 접판을 남겨였다
p38_u10,p38,ce_s40,영국 페인 엘리티는 남마다 가격이 없는데도 이천이 삼 년 칠 월부터 믿음해 삼 월까지 서울 경남구에서 불법으로 마스단트의 업소를 운영한 혐의로 재판을 암새 럽다
p38_u10,p38,ce_s80,영국 페인 엘리스는 남마다 가격이 없는데도 이천이 삼년 칠 월부터 믿음해 삼 월까지 서울 경남구에서 불법으로 마스단트 업소를 운영한 혐의로 절판에 남겨 높다
p38_u10,p38,ce_s160,영국 페인 엘리티는 안마다 가격이 없는 데도 리터이 삼 년 칠 월부터 위음해 삼 월까지 서울 경남구에서 불법으로 마스단트 없어를 운영한 혐의로 절판을 암소도다
p38_u10,p38,taps_s80,연국대이인 에이씨는 안마아격이 없는데도 이천 이 십 년 칠 일부터 이 김에 삼 월까지 서울 중남고에서 불법으로 마시지 없으로 운영한 혐의로 재판을 남겨졌다
p38_u10,p38,taps_s160,연국대인에이씨는 안마자격이 없는대도 이천 이십 년 칠 일부터 이 김해 삼 월까지 서울 경남구에서 불법으로 마시지 없어를 운영한 혐의로 재판을 넘겨졌다
p38_u10,p38,ce_visible,영국 페인 엘리스티는 안마다 가격이 없는데도 이터이 삼 년 칠 월부터 믿음해 삼 월까지 서울 경남구에서 불법으로 마스단트의 없어를 운영한 혐의로 접판을 남겨였다
p38_u10,p38,ce_invisible,연국 대이 에이씨는 안마자격이 없는데도 이천 이 십 년 칠 일부터 이 김해 삼 월까지 서울 중남구에서 불법으로 마시지 없으를 운행한 혐의로 재판을 남겨졌다
p38_u11,p38,taps,그는 물론이고 이 억수에 공용된 분명도 안마사 사가격이 없는 것으로 드러났다
p38_u11,p38,ce,그는 물론이고 이 업수에 고용된 분명도 반마사 다격이 없는 곳으로 드러났다
p38_u11,p38,ce_s40,그는 물론이고 이 업수에 고용된 분명도 간마사 다격이 없는 곳으로 드러났다
p38_u11,p38,ce_s80,그는 물론이고 이 업수에 고용된 분명도 간마사 가격이 없는 곳으로 드러났다
p38_u11,p38,ce_s160,그는 물론이고 이 업수에 고용된 구명도 간마사 다격이 없는 곳으로 드러났다
p38_u11,p38,taps_s80,그는 물론이고 이 억수에 고용된 분명도 안마사 가격이 없는 것으로 드러났다
p38_u11,p38,taps_s160,그는 물론이고 이 억수에 공용된 분명도 안마사 가격이 없는 것으로 드러났다
p38_u11,p38,ce_visible,그는 물론이고 이 업수에 고용된 분명도 반마사 다격이 없는 곳으로 드러났다
p38_u11,p38,ce_invisible,그는 물론이고 이 억수에 공용된 분명도 안마사 가격이 없는 것으로 드러났다
p38_u12,p38,taps,이들은 억수원안의 방 감석개를 설치한 뒤 시간당 약 십  만원을 받고 변신은 손으로 주모르는 맞자지 행를 적고는 혐의를 받고 있다
p38_u12,p38,ce,이들은 업 안의 반 다섯 개를 설치한 뒤 시간당 약 실 만원을 받고 원신을 선으로 규모들는 만바을 행해를 발동는 혐의를 받고 있다
p38_u12,p38,ce_s40,이들은 업로 안의 반 가섯 개를 설치한 뒤 시간당 약 십실 만원을 받고 원생을 선으로 규모르는 만가을 행해를 적동한 혐의를 받고 있다
p38_u12,p38,ce_s80,이들은 업 안의 반 다섯 개를 설치한 뒤 시간당 약 십칠 만원을 받고 원생을 선으로 규모들는 막가지 행해가 적공한 혐의를 받고 있다
p38_u12,p38,ce_s160,이들은 업 안의 반 다섯개를 설치한 뒤 시간당 약 십일 만원을 받고 원심을 손으로 줄모에는 만가지 행해를 적용한 혐의를 받고 있다
p38_u12,p38,taps_s80,이들은 억수안의 반 석개를 설치한 뒤 시간당 약 십 만원을 받고 변신은 손으로 주모르는 맞자기 행를 적고한 혐의를 받고 있다
p38_u12,p38,taps_s160,이들은 업수원의 반 다섯 개를 설치한 뒤 시간당 약 십 일 만원을 받고 변신을 손으로 주모르는 맞사주 행를 적고한 혐의를 받고 있다
p38_u12,p38,ce_visible,이들은 업 안의 반 다섯 개를 설치한 뒤 시간당 약 실 만원을 받고 원신을 선으로 주모들는 만라진 행해를 발동한 혐의를 받고 있다
p38_u12,p38,ce_invisible,이들은 억수원안의 방 감석개를 설치한 뒤 시간당 약 십  만원을 받고 변신을 손으로 주모르는 맞자지 행를 적고는 혐의를 받고 있다
p38_u13,p38,taps,에이씨는 불법 안마자 두 명과 일금에 육대사 비율로 나눠가지는 방식으로 목송를 운영했다고 전해졌다
p38_u13,p38,ce,페이스는 불법 안마자 분명과 수익금을 육페사 분률로 나눠가지는 방송로 억소를 운행했다고 전해졌다
p38_u13,p38,ce_s40,페이스는 불법 안마다 두명과 수익금을 육페사 분로 나눠가지는 방식로 압소를 운행했다고 전해졌다
p38_u13,p38,ce_s80,에이스는 불법 안마다 동명과 수익금을 육 빼사 분로 나눠가지는 방식로 업소를 운행했다고 전해졌다
p38_u13,p38,ce_s160,페이스는 불법 안마사 동명과 수익금을 육 페사 분로 나눠 가지는 방식로 앞소를 운행했다고 전해졌다
p38_u13,p38,taps_s80,에이씨는 불법 안마자 두명과 일끔에 육대사 비율로 나눠가지는 방식으로 목소를 운영했다고 전해졌다
p38_u13,p38,taps_s160,에이씨는 불법 안마자 두 명과 일금에 육 대사 비율로 나눠가지는 방식으로 목소를 운영했다고 전해졌다
p38_u13,p38,ce_visible,페이스는 불법 안마다 분명과 수익금을 육페사 분률로 나눠가지는 방식로 억소를 운행했다고 전해졌다
p38_u13,p38,ce_invisible,에이씨는 법 안마자 두 명과 일금에 육대사 비율로 나눠가지는 방식으로 목송를 운영했다고 전해졌다
p38_u14,p38,taps,의료법체 팔십 이 주에 따르면 안마산을 장해 복지법에 따른 시가 장애인층 칠 도지사에게 자격인정을 받아야 한다
p38_u14,p38,ce,의료법채 팔십 이주에 따르면 안무산을 항해인복비법에 따른 새각 장애인증이 실입 보 지산에게 가격인정을 받아야 한다
p38_u14,p38,ce_s40,의료법트의 팔십 이주에 따르면 안라산는 강해인 복비법에 따른 시각 장애인증이 실입 보호 지산에게 가격인정을 받아야 한다
p38_u14,p38,ce_s80,의료법채 팔십 이주에 따르면 안마산을 항해 복비법에 따른 시각 장애인등이 실입 보 지산에게 가격인정을 받아야 한다
p38_u14,p38,ce_s160,의료법채 팔십 위주에 따르면 안무산는 장해인복지법에 따른 시각 장애인등이 실립 보지사에게 가격인정을 받아야 한다
p38_u14,p38,taps_s80,의료법체 팔십 이 주에 따르면 안마산을 장해 복치법에 따른 시가 장애인총 칠 도지사에게 자격인정을 받아야 한다
p38_u14,p38,taps_s160,의료권체 팔십 이 주에 따르면 안마산을 장해인 복치법에 따른 시가 장애인층 실 두지사에게 자격인정을 받아야 한다
p38_u14,p38,ce_visible,의료법채 팔십 이주에 따르면 안무산을 장해 복수법에 따른 새각 장애인증이 실입 보 지사에게 가격인정을 받아야 한다
p38_u14,p38,ce_invisible,의료법체 팔십 이 주에 따르면 안마산을 장해 복지법에 따른 시가 장애인층 칠 도지사에게 자격인정을 받아야 한다
p38_u15,p38,taps,이를 이반하고 사격 없이 정의목적으로 안발을 하면 같은 법 제 팔십 팔트 위해 삼  년 이하의 김력이나 한사만원 이하의 벌금에 사해준다
p38_u15,p38,ce,이를 위반하고 가격가 없이 명 목격으로 안말을 가면 같은 법 재 팔십 발트를 의해 삼년 이하의 분력이나 한산 만원 이하의 벌금에 통해 진다
p38_u15,p38,ce_s40,이를 일반하고 가격 없이 명징 목격으로 안말을 가면 같은 법 재 팔십 발트를 인해 삼년 이하의 두력이나 한산 만원 이미하의 벌금에 통해 진다
p38_u15,p38,ce_s80,이를 일반하고 가격 없이 명 환격으로 안말을 하면 같은 법 재 팔십 발트를 의해 한년 이하의 두력이나 한산 만원 이미하의 벌금에 소해 진다
p38_u15,p38,ce_s160,이를 위반하고 가격 없이 명면환격으로 안말을 하면 같은 법 재 팔십 발트 의해 학 년 이하의 두력이나 한상 만원 이하의 벌금해 소해 된다
p38_u15,p38,taps_s80,이를 이관하고 자격 없이 인목적으로 안말을 사면 같은 법 제 팔십 팔 트 위해 삼 년 이하의 김력이나 한상만원 이하의 벌금에 사해준다
p38_u15,p38,taps_s160,이를 이반하고 사격 없이 영의목적으로 안발을 하면 같은 법 제 팔십 팔 트 위해 삼 년 이하의 김력이나 한상만원 이하의 벌금에 사해준다
p38_u15,p38,ce_visible,이를 위반하고 가격가 없이 명 목격으로 안말을 가면 같은 법 재 팔십 발트를 의해 삼년 이하의 분력이나 한산 만원 이하의 벌금에 송해 진다
p38_u15,p38,ce_invisible,이를 이반하고 사격 없이 정의목적으로 안발을 하면 같은 법 제 팔십 팔트 위해 삼  년 이하의 김력이나 한사만원 이하의 벌금에 사해준다
p38_u16,p38,taps,현대자 동차가 고성의 엔 브랜드의 전동화 비전을 소개하고 이를 구련한 논리내 콘센카 구대를 헬개 최초로 공개했다
p38_u16,p38,ce,현대대동사가 구성능 된브랜드의 전동화 비전을 소개하고 이를 구현난 논리내 콘스화 구대를 할개 최초로 공개했다
p38_u16,p38,ce_s40,현대대동사가 구성능 된브랜프의 전동화 비전을 소개하고 이를 구련한 논리네 콘스화 글대를 할개 최초로 공개했다
p38_u16,p38,ce_s80,현대대동사가 구성능 엔브랜프의 전동화 비전을 소개하고 이류 구연한 놀리네 콘스카 구대를 할개 최초로 공개했다
p38_u16,p38,ce_s160,현대대동사가 구성능 엔브랜드의 전동화 비전을 소개하고 이료 구련난 논링네 콘화 구대를 할개 최초로 공개했다
p38_u16,p38,taps_s80,현대자 동차가 고성의 엔 브랜드의 전동화 비전을 소개하고 이를 구련한 놀링내 콘젝카 구대를 헬개 책초로 공개했다
p38_u16,p38,taps_s160,현대자 동차가 고성리 엔 브랜드의 전동화 비전을 소개하고 이를 구연한 놀리내 콘젝카 구대를 헬개 책초로 공개했다
p38_u16,p38,ce_visible,현대대동사가 구성능 된브랜드의 전동화 비전을 소개하고 이를 구현안 논리내 콘스화 구대를 할개 최초로 공개했다
p38_u16,p38,ce_invisible,현대자 동차가 고성의 엔 브랜드의 전동화 비전을 소개하고 이를 구련한 논리내 콘센카 구대를 헬개 최초로 공개했다
p38_u17,p38,taps,현대차는 놀림 맥을 간순 양산모델를 넘어 하행시술을 지속 개발하는 등대로 삼는다는 전략이다
p38_u17,p38,ce,현베사는 놀닉 램을 간순 양산모대를 넘어 현행니술를 구속 교발하는 국대로 삼는다는 전략이다
p38_u17,p38,ce_s40,현베탄는 놀닉 맥을 간순 양산모대를 넘어 하행니술를 구속 외발하는 분대로 삼는다는 전략이다
p38_u17,p38,ce_s80,현베사는 놀랙 맥을 간순 양산모대를 넘어 하행니술를 구속 외발하는 국대로 삼는다는 전략이다
p38_u17,p38,ce_s160,현베사는 놀랙 램을 간순 양산모대를 넘어 하행 니술를 구속 외발하는 국대로 삼는다는 전략이다
p38_u17,p38,taps_s80,현대차는 놀린 맥을 간순 양산모델을 넘어 하행시술을 지속 개발하는 등대로 삼는다는 전략이다
p38_u17,p38,taps_s160,현대차는 놀림 맥을 간순 양산모델을 넘어 하행시술을 지속 개발하는 등대로 삼는다는 전략이다
p38_u17,p38,ce_visible,현베탄는 논닉 램을 간순 양산모대를 넘어 하행니술를 구속 교발하는 분대로 삼는다는 전략이다
p38_u17,p38,ce_invisible,현대차는 놀림 맥을 간순 양산모델를 넘어 하행시술을 지속 개발하는 등대로 삼는다는 전략이다
p38_u18,p38,taps,현대차는 십 오 일 현대 엔 월드바이더 뉴트 채널에서 현대 에데이 영장을 공개하고 덴브랜드의 전도 비전을 전했다
p38_u18,p38,ce,현데차는 십 오 일 한대덴 월드와이그 니크  텔널에서 현대 베데리 영성을 공개하고 대프랜프의 전동화 비을 전했다
p38_u18,p38,ce_s40,현백차는 십 오 일 한베덴 월드와이그 위크 텔널에서 현대 덴베리 영성을 공개하고 대 프랜프의 전동화 비변을 전했다
p38_u18,p38,ce_s80,현패차는 십 오 일 한베덴 월드와이그 위  테너에서 현대 덴베리 영성을 공개하고 데프랜프의 전동화 이변을 전했다
p38_u18,p38,ce_s160,현팩타는 십 오 일 한베덴 월드와이즈 위프 텔널에서 현대 덴베리 명상을 공개하고 네프랜프의 전동화 입변을 전했다
p38_u18,p38,taps_s80,현대차는 십 오 일 현대 엔 월드바이더 뉴트 채널에서 현대 에데이 영장을 공개하고 덴브랜드의 전도 기전을 전했다
p38_u18,p38,taps_s160,현대차는 십 오 일 현대 엔 월드바이더 뉴트 채널에서 현대 에데이 명장을 공개하고 덴브랜드의 전도 기전을 전했다
p38_u18,p38,ce_visible,현데차는 십 오 일 한대덴 월드와이그 니크  텔널에서 현대 베데리 영성을 공개하고 대프랜프의 전동화 비을 전했다
p38_u18,p38,ce_invisible,현대차는 십 오 일 현대 엔 월드바이드 뉴트 채널에서 현대 에데이 영장을 공개하고 덴브랜드의 전도 비전을 전했다
p38_u19,p38,taps,앵프랜드는 문전 의 장비를 출거하기 위한 현대 차 고성의 사고그랜드다
p38_u19,p38,ce,앵그랜드는 문병 네 장비을 추가하기 위한 현대 차유 구성능 사고 그랜드다
p38_u19,p38,ce_s40,앵그랜드는 운전네 장민을 추구하기 위한 현대 차 보성는 사고 그랜드다
p38_u19,p38,ce_s80,앵그랜드는 운전내 장민을 추가하기 위한 현대 차격 보성 능 라고 그랜드다
p38_u19,p38,ce_s160,앵그랜드는 문전의 장민을 출구하기 위한 현대 사격 보성능 라고 그랜드다
p38_u19,p38,taps_s80,앵프랜드는 문전 의 장비를 출거하기 위한 현대 차 고성의 사고그랜드다
p38_u19,p38,taps_s160,앵프랜드는 문전 의 장비를 출거하기 위한 현대 차 고성내 사고그랜드다
p38_u19,p38,ce_visible,앵그랜드는 문전네 장비을 추가하기 위한 현대 차 구성능 사고 그랜드다
p38_u19,p38,ce_invisible,앵프랜드는 문전 의 장비를 출거하기 위한 현대 차 고성의 사고그랜드다
p38_u20,p38,taps,이천 십 오 년 논치 이후 호널링 각동 일상에 스포카 레이스트의 주능력을 기반으로 다양한 밴모델를 개선해 왔다
p38_u20,p38,ce,이은 십천년 논촌 이후 호널링 앞부 일당 포스카 레이스트의 주행능력을 비판으로 다양한 엔모델을 고발해갔다
p38_u20,p38,ce_s40,이은 십천년 론촌 이후 호널림 앞부 일당 포스카 레이스트의 주행능력을 비판으로 다양한 앤모델를 고발해갔다
p38_u20,p38,ce_s80,이은 십천년 논촌 이후 호널링 각도 일당 포스카 레이스트의 주행등능력을 비판으로 다양한 액모델을 고발해왔다
p38_u20,p38,ce_s160,이천 십 천년 논촌 이후 호널링 앞부 일당 포스카 레이스트의 주행능력을 비판으로 다양한 엔모델을 고다해왔다
p38_u20,p38,taps_s80,이천 십 오 년 논치 이후 호널링 각동 일상의 스포카 레이스트의 주능력을 기반으로 다양한 앤모델를 개선해 왔다
p38_u20,p38,taps_s160,이천 십 오 년 논치 이후 호널리 각동 일사에 스포카 레이스트의 주능력을 기반으로 다양한 된모델를 개선해 왔다
p38_u20,p38,ce_visible,이은 십천년 논촌 이후 호널링 앞부 일당 포스카 레이스크의 주행능력을 비판으로 다양한 된모델을 공발해갔다
p38_u20,p38,ce_invisible,이천 십 오 년 논치 이후 호널링 각동 일상에 스포카 레이스트의 주능력을 기반으로 다양한 밴모델를 개선해 왔다
p38_u21,p38,taps,현대차는 이날 전동화 전략을 통해 역동적인 재미를 느끌 수 있도록 명구개발한다는 차우사진을 제시했다
p38_u21,p38,ce,한퓨탄는 이날 전동아 전략을 통해 역동적인 셈미를 느끌 수 있도록 영국고발한사는 서사진을 질 수했다
p38_u21,p38,ce_s40,한베사는 이날 전동아 전략을 통해 역동적인 설미를 느끌 수 있도록 영국개발한과는 서사진을 질 수했다
p38_u21,p38,ce_s80,한베타는 이날 전동화 전략을 통해 역동적인 괴미를 느끌 수 있도록 명국개발한단는 서사진을 자 수했다
p38_u21,p38,ce_s160,한퓨타는 이날 전동화 전략을 통해 역동적인 셈미를 느길 수 있도록 명국개발한사는 서사진을 제 수했다
p38_u21,p38,taps_s80,현대차는 이날 전동화 전략을 통해 역동적인 재미를 느끌 수 있도록 명구개발한다는 서우사진을 제시했다
p38_u21,p38,taps_s160,현대차는 이날 전동화 전략을 통해 역동적인 재미를 느끌 수 있도록 명구개발한다는 사사진을 제시했다
p38_u21,p38,ce_visible,한퓨사는 이날 전동아 전략을 통해 역동적인 새미를 느끌 수 있도록 명국고발한사는 서사진을 질 수했다
p38_u21,p38,ce_invisible,현대차는 이날 전동화 전략을 통해 역동적인 재미를 느끌 수 있도록 명구개발한다는 차우사진을 제시했다
p38_u22,p38,taps,이어 정기 차를 레이스트례계에서 줄일 수 있도록 고성님 기준을 끌어올리고 싸운도 진동 등 감성적 여하에서 다양하게 연구하고 있다고 밝혔다
p38_u22,p38,ce,이어 경기 차를 레이스트레계에서 돌굴 수 입표로 고성능 군준을 끌어올리고 따운즈 진동 등 감성적 영휴하에서 다양하게 연구하고 있다고 밝혔다
p38_u22,p38,ce_s40,이어 경기 차를 레이스트레계서 돌굴 수 입표로 고성는 군변을 끌어올리고 따운즈 진동 등 감성적 영하에서 다양하게 연구하고 있다고 밝혔다
p38_u22,p38,ce_s80,이어 경기 차를 레이스트레계서 돌일 수 입표로 고성능 군준을 끌어올리고 따운 진동 등 감성적 영하에서 다양하게 연구하고 있다고 밝혔다
p38_u22,p38,ce_s160,이어 경기 차를 레이스트레계서 돌굴 수 입표로 고성능 군준을 끌어올리고 따운 진동 등 감성적 영휴에서 다양하게 연구하고 있다고 밝혔다
p38_u22,p38,taps_s80,이어 정기 차를 레이스트례계에서 즐일 수 있도록 고성님 기준을 끌어올리고 사운도 진동 등 감성적 여하에서 다양하게 연구하고 있다고 밝혔다
p38_u22,p38,taps_s160,이어 정기 차를 레이스트에계서 줄일 수 있도록 고성는 기준을 끌어올리고 싸운도 진동 등 감성적 여하에서 다양하게 연고하고 있다고 밝혔다
p38_u22,p38,ce_visible,이어 경기 차를 레이스트레계에서 돌굴 수 입표로 고성능 군준을 끌어올리고 사운드 진동 등 감성적 영휴하에서 다양하게 연구하고 있다고 밝혔다
p38_u22,p38,ce_invisible,이어 정기 차를 레이스트례계에서 줄일 수 있도록 고성님 기준을 끌어올리고 싸운도 진동 등 감성적 여하에서 다양하게 연구하고 있다고 밝혔다
p38_u23,p38,taps,현 대차는 내년 출시 예정인 사 광기 고성능차 아연닉 사이브 램을 통해 이를 현실하 십킨단의 계획이다
p38_u23,p38,ce,현대차는 매년 솔산 일병인 첫 경기 고성능차 아이닉 빠이북 램을 용해 미을 산실하싶 킨다는 공약이다
p38_u23,p38,ce_s40,현대차는 매년 솔산 일병인 첫 병기 고성능차 아이이 빠이북 라을 용해 미를 현실라게 다는 공약이다
p38_u23,p38,ce_s80,현대차는 매년 솔산 일병인 첫 범비 고성능차 아이닉 바이오 에을 용해 미를 산실하시킨다는 공약이다
p38_u23,p38,ce_s160,현퓨탄는 매년 솔산 일병인 첫 경기 고성능차 아이닉바이오 램을 용해 미를 산실하시다는 분약이다
p38_u23,p38,taps_s80,현 대차는 내년 출시 예정인 사 광기 고성능차 아이이 사이브 램을 용해 이를 현실하 십킨다는 계획이다
p38_u23,p38,taps_s160,현 대차는 내년 출시 예정인 사 광기 고성증차 아연닉바이브 에을 통해 이를 현실라 십삼다는 계획이다
p38_u23,p38,ce_visible,현대차는 매년 솔산 일병인 첫 경기 고성능차 아이닉 빠이북 라을 용해 미을 산세라싶 다는 공약이다
p38_u23,p38,ce_invisible,현 대차는 내년 출시 예정인 사 광기 고성능차 아연닉 사이브 램을 통해 이를 현실하 십킨단의 계획이다
p38_u24,p38,taps,이와 함께 엔브랜드의 전동화 기술을 담은 놀리인의 모델 부대도 공개했다
p38_u24,p38,ce,이와 함께 앤브랜드의 전동화 기술을 담은 놀리 내 모델 분대도 공개했다
p38_u24,p38,ce_s40,이와 함께 앤브랜드의 전동화 기술을 담은 놀링 내 모델 분대도 공개했다
p38_u24,p38,ce_s80,이와 함께 랜브랜드의 전동화 기술을 담은 놀릭 내 모델 부대도 공개했다
p38_u24,p38,ce_s160,이와함께 앤브랜드의 전동화 기술을 담은 놀릭 의 모델 부대도 공개했다
p38_u24,p38,taps_s80,이와 함께 에브랜드의 전동화 기술을 담은 놀리인의 모델 부대도 공개했다
p38_u24,p38,taps_s160,이와 함께 엔브랜드의 전동화 기술을 담은 놀리인의 모델 부대도 공개했다
p38_u24,p38,ce_visible,이와 함께 앤브랜드의 전동화 기술을 담은 놀리 내 모델 분대도 공개했다
p38_u24,p38,ce_invisible,이와 함께 엔브랜드의 전동화 기술을 담은 놀리인의 모델 부대도 공개했다
p38_u25,p38,taps,놀리 내은 고성능 기술을 양산모델의 반역기 앞서 연국개발 및 검승하는 사량이다
p38_u25,p38,ce,롯데해은 공성능 기술을 양산 모델의 반행하기 앞서 연국개발 및 검승하는 사령이다
p38_u25,p38,ce_s40,놀데해은 고성능기술을 양산 모델의 관행하기 앞서 연구개발 및 검승하는 사령이다
p38_u25,p38,ce_s80,놀릭날은 고성능 기술을 양산모델의 관행하기 앞서 연구개발 및 검승하는 사람이다
p38_u25,p38,ce_s160,몰리해은 고성능기술을 양산모델의 반행하기 앞서 연구고발 및 검승하는 사령이다
p38_u25,p38,taps_s80,놀린내은 고성네 기술을 양산모델의 반역기 앞서 연국개발 및 검증하는 차량이다
p38_u25,p38,taps_s160,놀린내은 고성는 기술을 양산모델의 반역기 앞서 연구개발및 검증하는 사량이다
p38_u25,p38,ce_visible,롯데해은 공성능 기술을 양산 모델의 반행하기 앞서 연국개발 및 검승하는 사령이다
p38_u25,p38,ce_invisible,놀리 내은 고성능 기술을 양산모델의 반역기 앞서 연국개발 및 검승하는 사량이다
p38_u26,p38,taps,롯린내 아래 이이는 엔 브랜드의 사번째 이 지키 기반 고성운료 차량이다
p38_u26,p38,ce,롯리네 마에 는 엔 브랜드의 첫번째  지행부 기반 고성등 사량이다
p38_u26,p38,ce_s40,롯리네 아에 는 엔 브랜프의 첫번 째  지행규 기반 고성등 사량이다
p38_u26,p38,ce_s80,롯리네 아에 는 엔 브랜드의 첫번째  지행규 기반 고성등 사량이다
p38_u26,p38,ce_s160,롯리네 아베 는 엔 브랜뒤의 첫번수째  기행규 기반 공성 등 사량이다
p38_u26,p38,taps_s80,롯린내 아래 이이는 엔 브랜드의 첫번째 이지기 기발 고성운는 차량이다
p38_u26,p38,taps_s160,롯린내 아래 이는 엔 브랜드의 사번째 이 지기 기반 고성운로 차량이다
p38_u26,p38,ce_visible,롯리네 마에  는 엔 브랜드의 첫번째  지행부 기반 고성등 사량이다
p38_u26,p38,ce_invisible,롯린내 아래 이이는 엔 브랜드의 사번째 이 지키 기반 고성운료 차량이다
p38_u27,p38,taps,정기자가 지닌 한 일 극복하는 방안을 연구하기 위해 만들어졌으며 백 예 십 키로트 전는 모터와 이을 칠십 키로트 코랜는모터를 정착했다
p38_u27,p38,ce,경기자가 침린 한행계를 극복하는 방안을 연구하기 위해 만들어졌으며 백육 색로아트 전는 모터와 이백 최제키로트 소리는 모터를 강착했다
p38_u27,p38,ce_s40,경기자가 침린 한행계를 극복하는 방안을 연구하기 위해 만들어졌으며 백육 색키로트 전는 모터와 이백 최십 키로트 소려는 모터를 강착했다
p38_u27,p38,ce_s80,경기자가 빌린 한행계를 극복하는 방안을 연구하기 위해 만들어졌으며 백육 색키로트 전은 모터와 이백 최시키로트 소리는 모터를 강착했다
p38_u27,p38,ce_s160,경기자가 지인 한행계를 극복하는 방안을 연구하기 위해 만들어졌으며 백육 색키로트 전은 모터와 이백 칠코로아트 소리는 모터를 강착했다
p38_u27,p38,taps_s80,정기자가 지닌 한 행를 극복하는 방안을 연구하기 위해 만들어졌으며 백 예십 키로트 전은 모터와 이백 칠십 키로트 코랜서모터를 정착했다
p38_u27,p38,taps_s160,정기자가 지닌 한 일이을 극복하는 방안을 연구하기 위해 만들어졌으며 백예십 키 로트 전은 모터와 이을 칠십 키로트 코랜손모터를 정착했다
p38_u27,p38,ce_visible,경기자가 침린 한행계를 극복하는 방안을 연구하기 위해 만들어졌으며 백육 색로아트 전는 모터와 이백 최제키로트 소리는 모터를 강착했다
p38_u27,p38,ce_invisible,정기자가 지닌 한 일 극복하는 방안을 연구하기 위해 만들어졌으며 백 예 십 키로트 전는 모터와 이을 칠십 키로트 코랜는모터를 정착했다
p38_u28,p38,taps,또 하나의 롤리의 엔 비전 칠십탄은 허리 컨색츠의 정신을 결성한 시소 하이프리드 고성에 사량이다
p38_u28,p38,ce,또 하나의 놀림 맥 엔 비전 출십사는 성익커페 컨색츠의 정신을 교성한 스소 할일프리그 고성능 사량이다
p38_u28,p38,ce_s40,또 하나의 놀린 맥 된 비전 출사는 소직 커페 컨색츠의 정신을 그통한 스소 할일프리그 무성능 사량이다
p38_u28,p38,ce_s80,또 하나의 놀린 맥 된 비전 출사는 소니커페 컨색트의 정신을 공통한 스소 할일프리그 무성능 사량이다
p38_u28,p38,ce_s160,또 하나의 놀림및 엔 비전 출사는 소익 커페 현색츠의 정신을 교통한 스소 할외브리그 고성능 사량이다
p38_u28,p38,taps_s80,또 하나의 롤리날 엔 비전 칠십탄은 허리테 컨색츠의 정신을 결성한 시소 하이프리드 고성미 사량이다
p38_u28,p38,taps_s160,또 하나의 롤리의 단 비전 칠십탄은 허리테 컨색츠의 정신을 결성한 수소 하이프리드 고성에 사량이다
p38_u28,p38,ce_visible,또 하나의 놀림 맥 엔 비전 출십사는 선익커페 컨색츠의 정신을 교성한 스소 할일프리그 고성능 사량이다
p38_u28,p38,ce_invisible,또 하나의 롤리의 엔 비전 칠십탄은 허리 컨색츠의 정신을 결성한 시소 하이프리드 고성에 사량이다
p38_u29,p38,taps,우리나라 한우기 우을서 널리 알리기 위해 올해도 대한국 산업공전이 열린다
p38_u29,p38,ce,우리나라 한우계 우소성을 널리 알리비이해 올해도 대한민국 한업 공로 전이 열린다
p38_u29,p38,ce_s40,우리나라 한우계의 우소성을 널리 알리비이해 올해도 대한민국 하업 동로 전이 열린다
p38_u29,p38,ce_s80,우리나라 한우계의 우독성을 널리 알리기 이해 올해도 대한민국 하업 공로 전이 열린다
p38_u29,p38,ce_s160,우리나라 한우계의 우독성을 널리 알리비이해 올해도 대한민국 한업 공고 전이 열린다
p38_u29,p38,taps_s80,우리나라 한어계 우을서를 널리 알리기 위해 올해도 대한경국 산업공오전이 열린다
p38_u29,p38,taps_s160,우리나라 한어기 우스서를 널리 알리기 위해 올해도 대한경국 사업공오전이 열린다
p38_u29,p38,ce_visible,우리나라 한우계 우소성을 널리 알리비이해 올해도 대한민국 산업 공로 전이 열린다
p38_u29,p38,ce_invisible,우리나라 한우기 우을서 널리 알리기 위해 올해도 대한국 산업공전이 열린다
p38_u30,p38,taps,국도 교통부는 한억의 우수수정에 발굴하고 헤로운 발전 관행시사을 모색하기 위해 이천이 시기 대한내국 산억 공무전을 배최한다고 십 구 일 밝혔다
p38_u30,p38,ce,국폭 교통부는 한후의 우수습장을 발곧하고 헤로운 발전 가능성의 무습하기 위해 이천이십 이 일 대한민국 한억공무단을 갖출한다고 십 구 일 밝혔다
p38_u30,p38,ce_s40,국폭 교통부는 한후의 우습장을 발굴하고 헤로운 발전 가능성의 무습하기 위해 이천이십 이 일 대한민국 한억공무단을 갖출한다고 십 구 일 밝혔다
p38_u30,p38,ce_s80,국폭 교통부는 한억의 우수습단을 발곧하고 헤로운 발전 가능성의 모제하기 위해 이터이십 이 일 대한민국 한억본호단을 갖측한다고 십 구 일 밝혔다
p38_u30,p38,ce_s160,국폭 교통부는 한억의 우수습단을 발곧하고 새로운 발전 가능성을 모색하기 위해 이천 이십 이 일 대한민국 한억보무단을 갖표한다고 십 구 일 밝혔다
p38_u30,p38,taps_s80,국도 교통부는 한억의 우수수정을 발굴하고 헤로운 발전 관행시장을 모색하기 위해 이천이 십 이 대한민국 산업 공전을 개최한다고 십 오 일 밝혔다
p38_u30,p38,taps_s160,국도 교통부는 한억의 우수수정을 발굴하고 헤로운 발전 관행시사을 모색하기 위해 이천이 십 이 대한민국 산업 공무장을 개최한다고 십 구 일 밝혔다
p38_u30,p38,ce_visible,국폭 교통부는 한후의 우수수청을 발곧하고 헤로운 발전 가능성의 무를하기 위해 이천이십 이 일 대한민국 한억공무단을 갖출한다고 십 구 일 밝혔다
p38_u30,p38,ce_invisible,국도 교통부는 한억의 우수수정에 발굴하고 헤로운 발전 관행시사을 모색하기 위해 이천이 시기 대한내국 산억 공무전을 배최한다고 십 구 일 밝혔다
p38_u31,p38,taps,올해로 취을했째 만는 산업 공모자는 잘 지어진 화역을 찾아 국민에게 알리고 한국을 위한 다양한 아이디어를 발굴하는 행서다
p38_u31,p38,ce,올해로 시비네트 만는 산국 근모서는 잘 어진 화역을 찾아 국민에게 알리고 한국에 대한 다양한 아이비어를 발굴하는 서다
p38_u31,p38,ce_s40,올해로 시비네트 만는 한국 부모서는 잘 어진 화역을 찾아 국민에게 알리고 한국에 대한 다양한 아이비어를 발굴하는 행서다
p38_u31,p38,ce_s80,올해로 시비네트 만는 산국 근우들는 잘 주어진 화혹을 찾아 국민에게 알리고 한국에 대한 다양한 아이비어를 발굴하는 행입하다
p38_u31,p38,ce_s160,올해로 시비네트 만는 산국 부모서는 잘 주여진 화혹을 찾아 국민에게 알리고 한국에 대한 다양한 아이비어를 발굴하는 하다
p38_u31,p38,taps_s80,올해로 취을째 받는 산업 공모자는 잘 지어진 화옥을 찾아 국민에게 알리고 한국을 위한 다양한 아이디어를 발굴하는 행서다
p38_u31,p38,taps_s160,올해로 취을쯤 받는 산업 근모자는 잘 지어진 화역을 찾아 국민에게 알리고 한국을 위한 다양한 아이키어를 발굴하는 행서다
p38_u31,p38,ce_visible,올해로 시비네트 만는 산국 근모서는 잘 주어진 화역을 찾아 국민에게 알리고 한국에 대한 다양한 아이비어를 발굴하는 사다
p38_u31,p38,ce_invisible,올해로 취을했째 만는 산업 공모자는 잘 지어진 화역을 찾아 국민에게 알리고 한국을 위한 다양한 아이디어를 발굴하는 행서다
p38_u32,p38,taps,공모저는 중공된 한옥 대학생이 대학원생 대상 설계 한옥 사실 영상 등 네기 부문으로 나누 진행한다
p38_u32,p38,ce,국모단은 중공빈 한옥 대학등 및 대학원생 매상 설계 한옥 사실진 영상 등 네 일부문으로 나누어 기행한다
p38_u32,p38,ce_s40,부모단은 중공빈 한옥 대학증 및 대학원생 매상 설계 한옥 사진 영평 등 네일부문으로 나누어 기행한다
p38_u32,p38,ce_s80,부모터은 중공백 한옥 대학생 및 대학원생매상 설계 한옥 사실진 영상 등 네 개부문으로 나누어 기행한다
p38_u32,p38,ce_s160,부모대은 중공된 한옥 의학등 및 대학원 생매상 설계 한옥 사실 영상 등 네일 부문으로 나누어 기행한다
p38_u32,p38,taps_s80,공모저는 중공된 한옥 대학생이 대학원생 대상 설계 한옥 사실 영상 등 네기부문으로 나누어 진행한다
p38_u32,p38,taps_s160,공모저는 중공된 한옥 대학생이 대학원생 대사 설계 한옥 사진 영상 등 네기부문으로 나누 진행한다
p38_u32,p38,ce_visible,국모단은 중공빈 한옥 대학생 및 대학원생 대상 설계 한옥 사실 영상 등 네 일부문으로 나누어 기행한다
p38_u32,p38,ce_invisible,공모저는 중공된 한옥 대학생이 대학원생 대상 설계 한옥 사실 영상 등 네기 부문으로 나누 진행한다
p38_u33,p38,taps,중고본무는 중고 후 삼 년이 경과한 산업을 대상으로 해장 한업의 건천주 설계자 시공자가 명구할 수 있다
p38_u33,p38,ce,김공부부는 중공후 한년에 경과한 하후을 대상으로 해당 한후의 건수 설세자 수공사가 변발할 수 있다
p38_u33,p38,ce_s40,김공 본부는 중공후 한년에 경과한 한후을 대상으로 해당 한후의 건수 설세자 수공자가 변비할 수 있다
p38_u33,p38,ce_s80,김공 부부는 중공후 한년에 경과한 한후을 대상으로 해당 한후의 건수 설세자 수공자가 눈비할 수 있다
p38_u33,p38,ce_s160,중공부부는 중공후 한년에 경과한 한후을 대상으로 해당 한후의 전 설세다 수공사가 눈배할 수 있다
p38_u33,p38,taps_s80,중고부부는 중고 후 삼 년이 경과 산후을 대상으로 해장 한억의 건천중 설계자 시공자가 너할 수 있다
p38_u33,p38,taps_s160,중고부무는 중고 후 삼 일년이 경과한 산후을 대상으로 해장 한억의 건천중 설계자 시공자가 너할 수 있다
p38_u33,p38,ce_visible,김공부부는 중공후 한 년에 경과한 한후을 대상으로 해당 한후의 건수중 설세자 수공사가 변발할 수 있다
p38_u33,p38,ce_invisible,중고본무는 중고 후 삼 년이 경과한 산업을 대상으로 해장 한업의 건천주 설계자 시공자가 명구할 수 있다
p38_u34,p38,taps,그동안 최근 오 년 이내 지어진 산고을 대상으로 했으나 이지관리 등이 우수한 산후을 현정하기 위해 중고 후 산내의 관가한 산옥으로 의복기준을 바꿨다
p38_u34,p38,ce,그동안 최근 오 년 이내 줄여진 한국을 절상으했 했으나 유비관리 등의 의수한 하후을 선정하기 위해 중공  하늘라를 번광한 산후으로 의목비중을 바꿨다
p38_u34,p38,ce_s40,그동안 최근 오 년 이내 여진 한국을 동상으했 했으나 뉴지관리 등의 의수한 하후을 선정하기 위해 중공 후 한늘라를 변광한 산후으로 의목비중을 덮꿨다
p38_u34,p38,ce_s80,그동안 최근 오 년 이내 뛰여진 국을 절상으 했 했으나 뉴대관리 등의 의수한 한후을 선정하기 위해 중공 후 하늘라의 변가한 하후으로 의목비중를 바꿨다
p38_u34,p38,ce_s160,그동안 최근 오 년 이네 줄여진 한국을 절상으했했으나 뉴대관리 등의 의수한 하후을 선정하기 위해 중공 후 하늘라를 근광한 산후으로 의복비중를 바꿨다
p38_u34,p38,taps_s80,그동안 최근 오 년 이내 지어진 산노을 대상으로 했으나 이지관리 등이 우수한 하후을 현장하기 위해 중고 후 산늘라의 근가한 산옥으로 의복기준을 바꿨다
p38_u34,p38,taps_s160,그동안 최근 오 년 이내 지어진 한노을 대상으 했으나 이지관리 등이 우수한 한후을 현장하기 위해 중고 후 산늘라의 관가한 산옥으로 의복기준을 바꿨다
p38_u34,p38,ce_visible,그동안 최근 오 년 이내 줄여진 한국을 동상으했했으나 뉴대관리 등의 의수한 하후을 선정하기 위해 중공  하늘라의 번광한 산후으로 의목비중을 바꿨다
p38_u34,p38,ce_invisible,그동안 최근 오 년 이내 지어진 산후을 대상으로 했으나 이지관리 등이 우수한 산후을 현정하기 위해 중고 후 산내의 관가한 산옥으로 의복기준을 바꿨다
p38_u35,p38,taps,대학생 대학원생이 설계 모자는 필이나 개인사객으로 움할 수 있으며 올해 공주직는 마음이 품은 한옥 만들기다
p38_u35,p38,ce,대학생 및 본화원 생 설계 공모자는 순리나 걸민사 교수로 응발할 수 있으며 올해 공모두 되는 마흔 일품은 한옥 만들기다
p38_u35,p38,ce_s40,대학생 및 화원 생 설계 공모자는 흥리나 걸민사 교수로 응할 수 있으며 올해 공모들 되는 마흔 일품은 한옥 만들이다
p38_u35,p38,ce_s80,대학생 및 본화원 생 설계 공모자는 순미나 걸민사 교수로 응발할 수 있으며 올해 공모들 되는 마흔 미품은 한옥 만들이다
p38_u35,p38,ce_s160,대학생 및 대화원 생 설계 공모자는 순리나 걸민사 교수로 응할 수 있으며 올해 공 두제는 마흔 일품은 한옥 만들기다
p38_u35,p38,taps_s80,대학생인 대학원생이 설계 공모자는 팀이나 개인사객으로 움할 수 있시며 올해 공 주직는 마음이 품은 한옥 만들기다
p38_u35,p38,taps_s160,대학대인 대학원생이 설계 공모자는 필이나 개인사객으로 움할 수 있시며 올해 공 주직는 마음의 품은 한옥 만들기다
p38_u35,p38,ce_visible,대학생 및 본화원 생 설계 공모자는 순리나 걸민사 교수로 응할 수 있으며 올해 공모두 되는 마흔 일품은 한옥 만들기다
p38_u35,p38,ce_invisible,대학생 대학원생이 설계 모자는 필이나 개인사객으로 움할 수 있으며 올해 공주직는 마음이 품은 한옥 만들기다
p38_u36,p38,taps,이번 주제 하씨는 우리 한후의 무부의  어떤 마음을 잠아야 할지 하각하 보는 것이다
p38_u36,p38,ce,이번 투데 심은 우리 한원 무의 마흔 어떤 마음을 감화야 할  생각해보는 것다
p38_u36,p38,ce_s40,이번 투대 핵심은 우리 한후 무후의 마흔 어떤 마음을 담아야 할 지 생각해보는 것다
p38_u36,p38,ce_s80,이번 투대심은 우리 한후 노후의 마흔 어떤 마음을 담아야 할  생각해보는 것다
p38_u36,p38,ce_s160,이본 투대 생는 우리 한후 노후의 마흔 어떤 마음을 감화야 할  생각해보는 것다
p38_u36,p38,taps_s80,이번 주제 씨는 우리 한후의 무부의 마 어떤 마음을 잠아야 할지 하각하 보는 것이다
p38_u36,p38,taps_s160,이번 주제 씨는 우리 한후 무으의 마 어떤 마음을 잠아야 할지 하각하벗인 것이다
p38_u36,p38,ce_visible,이번 투대 심은 우리 한원 노의 마흔 어떤 마음을 감화야 할  생각해보는 것이다
p38_u36,p38,ce_invisible,이번 주제 하씨는 우리 한후의 무부의  어떤 마음을 잠아야 할지 하각하 보는 것이다
p38_u37,p38,taps,사진과 영상 부문는 특정한 공우주제가 없고 한후의 아름다운과 가이를 독정행적인 시각으로 담화는 작품을 뽑을 예정이다
p38_u37,p38,ce,사진과 영상 부문은 특정한 공모 조될 없고 한국의 아름다운과 과씨를 북창적인 시각으로 단아의 작품을 뽑을 예정이다
p38_u37,p38,ce_s40,사생과 영상 부문은 특정한 공호 주될 거고 한국의 아름다운과 과를 북창적인 시각으로 담하는 작품을 뽑을 예정이다
p38_u37,p38,ce_s80,사진과 영상 부문은 특정한 공모주될 없고 한국의 아름다운과 같씨를 창적인 시각으로 다아는 작품을 뽑을 예정이다
p38_u37,p38,ce_s160,사생과 영상 부문은 특정한 공모주직 없고 한국의 아름다운과 과씨를 창적인 시각으로 단한는 작품을 뽑 예정이다
p38_u37,p38,taps_s80,사진과 영상 부문은 특정한 공우주제가 없고 한후의 아름다운과 가이를 독정행적인 시각으로 담호화는 작품을 뽑을 예정이다
p38_u37,p38,taps_s160,사진과 영상 부모는 특정한 공우주제가 없고 한후의 아름다운과 가이를 독정행적인 시각으로 담호화는 작품을 뽑볼 예정이다
p38_u37,p38,ce_visible,사진과 영상 부문은 특성한 공모 조될 없고 한국의 아름다운과 과씨를 북창적인 시각으로 단아의 작품을 뽑을 예정이다
p38_u37,p38,ce_invisible,사진과 영상 부문는 특정한 공우주제가 없고 한후의 아름다운과 가이를 독정행적인 시각으로 담화는 작품을 뽑을 예정이다
p38_u38,p38,taps,작품석수는 팔 월 일 일부터 이 일까지 이틀간 진행하며 일 이터 심상을 거쳐 구 월 초 최종당성작을 발표한다
p38_u38,p38,ce,사품 서수는 팔 월 일 일부터 유 일까지 이틀간 진행하며 일 이탈 생사를 거쳐 구월초 체종 방선색을 발표한다
p38_u38,p38,ce_s40,사품 서수는 팔 월 일 일부터 유 일까지 이트간 분행하며 일 이탈 생사를 거쳐 구 월초 체종 방선력을 발표한다
p38_u38,p38,ce_s80,작품 서수는 팔 월 일 일부터 유 일까지 이 트간 진행하며 일 이탈 생사를 거쳐 구월초 촬종 방선약을 발표한다
p38_u38,p38,ce_s160,사품 서수는 팔 월 일 일부터 유 일까지 이 트간 조행하며 일 이탈 심사를 거쳐 구월초 체종 방선작을 발표한다
p38_u38,p38,taps_s80,작품정수는 팔 월 일 일부터 이 일까지 이틀간 진행하며 일 이터 심상를 거쳐 구 월 초 최종성작을 발표한다
p38_u38,p38,taps_s160,작품석수는 팔 월 일 일부터 이 일까지 이틀간 진행하며 일 이한 심사를 거쳐 구 월 초 최종당성작을 발표한다
p38_u38,p38,ce_visible,사품 서수는 팔 월 일 일부터 유 일까지 이틀간 진행하며 일 이탈 생사를 거쳐 구 월초 체종 방선색을 발표한다
p38_u38,p38,ce_invisible,작품석수는 팔 월 일 일부터 이 일까지 이틀간 진행하며 일 이터 심상을 거쳐 구 월 초 최종당성작을 발표한다
p38_u39,p38,taps,고소택침및 사우다방법 등 자시한 사항은 대한민국 한옥근오전 홈페이지를 통해 확인할 수 있다
p38_u39,p38,ce,근무 사십 및 산가방법 등 자세한 사항은 대한민국 산업공오 전 홍페이지를 통해 확인할 수 있다
p38_u39,p38,ce_s40,근고 사십 및 산가방법 등 자소한 사항은 대한민국 산업공고 전 홈페이지를 통해 확인할 수 있다
p38_u39,p38,ce_s80,근고 사십 및 산가 방법 등 자세한 사항은 대한민국 산업공고전 홍페이지를 통해 확인할 수 있다
p38_u39,p38,ce_s160,근무 사십 및 산가 방법 등 자세한 사항은 대한민국 산업공로전 홈페레이지를 통해 확인할 수 있다
p38_u39,p38,taps_s80,고소자침 및 사그다방법 등 자시한 사항은 대한민국 산업구오전 홈페이지를 통해 확인할 수 있다
p38_u39,p38,taps_s160,고소자침및 사그다방법 등 자시한 사항은 대한민국 한옥구오전 홈페이지를 통해 확인할 수 있다
p38_u39,p38,ce_visible,근무 사십 및 산가방법 등 자세한 사항은 대한민국 산업공오 전 홍페이지를 통해 확인할 수 있다
p38_u39,p38,ce_invisible,고소택침및 사우다방법 등 자시한 사항은 대한민국 한옥구오전 홈페이지를 통해 확인할 수 있다
p38_u40,p38,taps,이태원 힐러인 앞서사고로 백 사실 육명이 사망하고 백곱신경이 부상당한 것으로 삼십 일 오전 네 시 한께 집계됐다
p38_u40,p38,ce,이태원 헬러인 낙사 사고로 백 사수 육 명이 사망하고 대곱 세 명이 부상당한 것으로 한 십 일 오전 레스 현대 됐다
p38_u40,p38,ce_s40,이태원 헬러린 악빠 사고로 백 사수 육 명이 사망하고 대곱 세 명이 부상당한 것으로 한 십 일 오전 네시 사되 이됐다
p38_u40,p38,ce_s80,이태원 헬러린 악파 사고로 백 사수 육 명이 사망하고 백곱 세 명이 부상당한 것으로 한 십 일 오전 네시 현세 도됐다
p38_u40,p38,ce_s160,이태원 헬러린 낙파 사고로 백 사십 육 명이 사망하고 대곱 세 명이 부상당한 것으로 한 십 일 오전 네시 현세 도됐다
p38_u40,p38,taps_s80,이태원 힐러인 앞서 사고로 백 사실 육명이 사망하고 백곱 신경이 부상당한 것으로 삼십 일 오전 네 시 한께 집계됐다
p38_u40,p38,taps_s160,이태원 힐러인 앞서 사고로 백 사실 육네이 사망하고 대곱 신경이 부상당한 것으로 삼십 일 오전 네 시 한께 집계됐다
p38_u40,p38,ce_visible,이태원 헬러 낙빠 사고로 백 사수 육 명이 사망하고 대곱 세 명이 부상당한 것으로 한 십 일 오전 레스 현대 계됐다
p38_u40,p38,ce_invisible,이태원 힐러인 앞서사고로 백 사실 육명이 사망하고 백곱신경이 부상당한 것으로 삼십 일 오전 네 시 한께 집계됐다
p38_u41,p38,taps,쏘방상은 삼십 일 오전 네 십 오 분께 현장 브리핑을 통해 이 같은 시사실를 공식 발전했다
p38_u41,p38,ce,수방송은 한 십 일 오전 네십 오 분께 한상 브리코에 통해 이 같은 피자실를 공씩 발표했다
p38_u41,p38,ce_s40,수방송는 한십 일 오전 네십 오 분게 한장 브리코을 통해 이 같은 피자실를 공식 발표했다
p38_u41,p38,ce_s80,희방송는 한십 일 오전 네시 오 분께 한장 브리폭인을 통해 이 같은 피사실를 공식 발표했다
p38_u41,p38,ce_s160,희방송는 삼십 일 오전 네시 오 분께 환상 브리폭을 통해 이 같은 피사실를 공식 발표했다
p38_u41,p38,taps_s80,쏘방송은 삼십 일 오전 네 십 오 분께 현장 브리핑을 통해 이 같은 시 사실을 공식 발전했다
p38_u41,p38,taps_s160,서방송은 삼십 일 오전 네 시 오 분께 현장 브리핑을 통해 이 같은 시 사실를 공식 발전했다
p38_u41,p38,ce_visible,수방송은 삼 십 일 오전 네십 오 분께 한상 브리코에 통해 이 같은 피자실를 공씩 발표했다
p38_u41,p38,ce_invisible,쏘방상은 삼십 일 오전 네 십 오 분께 현장 브리핑을 통해 이 같은 시사실를 공식 발전했다
p38_u42,p38,taps,희망자 백 자실 육명 백 일 량은 병원으로 이송됐고 현장에 사 치된 사망자는 사십 오 명이다
p38_u42,p38,ce,사망자 백됐스 육 명중 백 일 명은 병선으로 이송됐고 현장에사 안드된 사망자는 사실 오 명이다
p38_u42,p38,ce_s40,사망자 백됐스 육 명중 백 일 명은 병원선으로 이송됐고 현장에사 안주된 사망자는 사실 오 명이다
p38_u42,p38,ce_s80,사망자 백됐스 육 명중 백 일 명은 병원으로 이송됐고 현장에사 안주된 사망자는 사실 오 명이다
p38_u42,p38,ce_s160,사망자 백됐스 육 명 이 백 일 명은 병원으로 이송됐고 현장에사 안드펜 사망자는 사실 오 명이다
p38_u42,p38,taps_s80,사망자 백 자실 육명중인 백 일 량은 병원으로 이송됐고 현장에 사 치된 사망자는 사십 오 명이다
p38_u42,p38,taps_s160,사망자 백 자실 육명인 백 일 량은 병원으로 이송됐고 현장에사 치된 사망자는 사십 오 명이다
p38_u42,p38,ce_visible,사망자 백됐스 육 명중 백 일 명은 선으로 이송됐고 현장에사 안쓰된 사망자는 사실 오 명이다
p38_u42,p38,ce_invisible,사망자 백 자실 육명 백 일 량은 병원으로 이송됐고 현장에 사 안치된 사망자는 사십 오 명이다
p38_u43,p38,taps,이들 사용자들의 임실로 인을 머이로 자목적 신래차에까지 안치겠다가 병원 영원 실로 이송되 는 식이다
p38_u43,p38,ce,이들 사용자들은 인시로 인근 원유로 가복병 신래 태우간에 안습에다가 병원 영원 진로 이용되는 중이다
p38_u43,p38,ce_s40,이들 산망자들은 인시로 인근 원유로 가복병 신래 세우간에 안습했다가 병원 영원 진로 이송되는 중이다
p38_u43,p38,ce_s80,이들 산망자들은 인시로 인근 원유로 가복병 신래 세우관에 안습했다가 병원 영원 신로 이용되는 중이다
p38_u43,p38,ce_s160,이들 사망자들은 인시로 인근 원유로 가복병 신래 세간에 안습했다가 병원 영원 순도 이용되는 중이다
p38_u43,p38,taps_s80,이들 사용자들의 임실로 인을 머유로 자목적 신례 차에까지 안치했다가 병원 영원 실로 이송되 는 식이다
p38_u43,p38,taps_s160,이들 사망자들의 인실로 인을 원이로 자목적 신래차에까지 안치겠다가 병원 영원실로 이송되는 식이다
p38_u43,p38,ce_visible,이들 사용자들은 인시로 인근 원유로 가복병 신래 태우간에 안습겠다가 병원 영원 진로 이용되는 중이다
p38_u43,p38,ce_invisible,이들 사용자들의 임실로 인을 머이로 자목적 신래차에까지 안치겠다가 병원 영원 실로 이송되 는 식이다
p38_u44,p38,taps,피해를 입은 사상자들은 서울 각이 병원 및 임 인근 인료소에서 치료를 받고 있는 상황으로 임명 피는 더욱 늘어날 것으로 보인다
p38_u44,p38,ce,피계를 입은 사상자들은 서울 각습 병원 및 신인근 의료소에서 수별을 받고 있는 상황으로 유명후에는 거욱 늘어날 것으로 보인다
p38_u44,p38,ce_s40,피혜를 입은 사상자들은 서울 각이 병원 및 실인근 의료소에서 치별을 받고 있는 상황으로 유명후에는 거욱 늘어날 것으로 보인다
p38_u44,p38,ce_s80,피례를 입은 사상자들은 서울 각이 병원 및 실인근 위교거에서 치별을 받고 있는 상황으로 유명후에는 거욱 늘어날 것으로 보인다
p38_u44,p38,ce_s160,피례를 입은 사상자들은 서울 각스 병원 및 슬움근 외교거에서 치별을 받고 있는 상황으로 유명후에는 거욱 늘어날 것으로 보인다
p38_u44,p38,taps_s80,피를 입은 사상자들은 서울 각이 병원 및 임 인근 일료소에서 치료를 받고 있는 상황으로 임명 피는 더욱 늘어날 것으로 보인다
p38_u44,p38,taps_s160,피해를 입은 사상자들은 서울 가이 병원 및 임시 인근 일료소에서 치료를 받고 있는 상황으로 임명 피는 더욱 늘어날 것으로 보인다
p38_u44,p38,ce_visible,피계를 입은 사상자들은 서울각이 병원 및신인근 의료소에서 수별을 받고 있는 상황으로 임명후에는 거욱 늘어날 것으로 보인다
p38_u44,p38,ce_invisible,피해를 입은 사상자들은 서울 각이 병원 및 임시 인근 인료소에서 치료를 받고 있는 상황으로 임명 피는 더욱 늘어날 것으로 보인다
p38_u45,p38,taps,수방상국은 이태원에서 호골라 환자가 발생했다는 신고를 접수한 뒤 이날 오후 열 시 이십 이 분 쯤 현장에 도착했다고 밝혔다
p38_u45,p38,ce,소방당국은 이태원에서 골란 한자가 발생했나는 신고를 졌수한 뒤 이날 오후 열 시 미 스니유문 등 현장에 조착했다고 밝혔다
p38_u45,p38,ce_s40,소방당국은 이태원에서 골란 한자가 발생했나는 신고를 졌수한 뒤 이날 오후 열 시 미스민원 등 현장에 조착했다고 밝혔다
p38_u45,p38,ce_s80,소방당국은 이태원에서 골라 환자가 발생했나는 신고를 졌수한 뒤 이날 오후 열 시 이스일문 등 현장에 고착했다고 밝혔다
p38_u45,p38,ce_s160,수방당국은 이태원에서 골라 한자가 발생했나는 신고를 졌수한 뒤 이날 오후 열 시 이스유문 등 현장에 도착했다고 밝혔다
p38_u45,p38,taps_s80,수방당국은 이태원에서 포골라는 환자가 발생했다는 신고를 접수한 뒤 이날 오후 열 시 이십 이 분 쯤 현장에 도착했다고 밝혔다
p38_u45,p38,taps_s160,수방당국은 이태원에서 호골라 환자가 발생했다는 신고를 접수한 뒤 이날 오후 열 시 이십 이 분 쯤 현장에 도착했다고 밝혔다
p38_u45,p38,ce_visible,소방당국은 이태원에서 골란 한자가 발생했나는 신고를 졌수한 뒤 이날 오후 열 시 미스니문 등 현장에 조착했다고 밝혔다
p38_u45,p38,ce_invisible,수방상국은 이태원에서 호골라 환자가 발생했다는 신고를 접수한 뒤 이날 오후 열 시 이십 이 분 쯤 현장에 도착했다고 밝혔다
p38_u46,p38,taps,최성범 서울용산 소방소장은 일 이 삼 차 수색을 한 결과 특위 사항은 없었다다고 밝혔다
p38_u46,p38,ce,최정법 서울용산 후방소장은 일 미 삼차 소색을 한 결과 승이 상황을 없었다라고 밝혔다
p38_u46,p38,ce_s40,최정법 서울용산 소방소장은 일 미 삼 차 소색을 한 결과 승이 상황을 없었다라고 밝혔다
p38_u46,p38,ce_s80,최정법 서울용산 소방소장은 일 미 삼 차 소색을 한 결과 승이 상항을 없었다라고 밝혔다
p38_u46,p38,ce_s160,최정법 서울용산 소방소장은 일 미 삼차 소색을 한 결과 승이 상황을 없었다라고 밝혔다
p38_u46,p38,taps_s80,최상범 서울용산소방소장은 일 이 삼 차 수색을 한 결과 특위 사항은 없었다라고 밝혔다
p38_u46,p38,taps_s160,최성범 서울용산소방소장은 일 이 삼 차 수색을 한 결과 특위 사항은 없었다다고 밝혔다
p38_u46,p38,ce_visible,최성법 서울용산 후방소장은 일 미 삼차 소색을 한 결과 승이 상황을 없었다라고 밝혔다
p38_u46,p38,ce_invisible,최상범 서울용산 소방소장은 일 이 삼 차 수색을 한 결과 특위 사항은 없었다다고 밝혔다
p38_u47,p38,taps,부상자와 사망자 대자수가 클로 지전에서 발생하면서 소방당국은 출가적으로 클럽 질변에서 삼 사 걸쳐 화색을 진행했다
p38_u47,p38,ce,무상자가 사망자 대다수가 클럽 규변에서 발생하면서 트방 당국은 추가적으로 클럽 질준에서 한 사회가 틀어 스색을 진행했다
p38_u47,p38,ce_s40,무상자가 사망자 대다수가 클로 주변에서 발생하면서 해방당국은 추가적으로 클럽 질근에서 한 사회가 이틀어 수색을 진행했다
p38_u47,p38,ce_s80,무상자가 사망자 대다수가 클럽 질변에서 발생하면서 후방 당국은 추가적으로 클럽 질변에서 한 사 크어 수색을 진행했다
p38_u47,p38,ce_s160,무상자가 사망자 대다수가 클럽 질변에서 발생하면서 후방 당국은 추가적으로 클럽 규선에서 한 사회가 어 소색을 진행했다
p38_u47,p38,taps_s80,부상자와 사망자 대자수가 클법 지전에서 발생하면서 소방당국은 출가적으로 클럽 지변에서 삼 사일걸쳐 수색을 진행했다
p38_u47,p38,taps_s160,부상자와 사망자 대자수가 클럽 지전에서 발생하면서 소방당국은 추가적으로 클럽 지변에서 삼 사걸쳐 화색을 진행했다
p38_u47,p38,ce_visible,무상자가 사망자 대다수가 클럽 규변에서 발생하면서 소방당국은 추가적으로 클럽 지준에서 한 사회가 틀어 스색을 진행했다
p38_u47,p38,ce_invisible,부상자와 사망자 대자수가 클로 질전에서 발생하면서 소방당국은 출가적으로 클럽 질변에서 삼 사 걸쳐 화색을 진행했다
p38_u48,p38,taps,최이천 용 경찰사 형사 과장은 마약 여부에 대해 확인된 바 없다고 말했다
p38_u48,p38,ce,수유천 용선 경찰서 손사 과장은 마약 여부에 대해 확인된  없다고 말했다
p38_u48,p38,ce_s40,수유천 용선 경찰성 손사과장은 마약 여부에 대해 확인된  없다고 말했다
p38_u48,p38,ce_s80,수유천 용선 경찰성 손사 과장은 마약 여부에 대해 확인된  없다고 말했다
p38_u48,p38,ce_s160,유천 용선 경찰성 손사 과장은 마약 여부에 대해 확인된바 없다고 말했다
p38_u48,p38,taps_s80,최이천 용상 경찰사 형사 과장은 마약 여부에 대해 확인된 바 없다고 말했다
p38_u48,p38,taps_s160,최일 천 용상 경찰사 형사 과장은 마약 여부에 대해 확인된 바 없다고 말했다
p38_u48,p38,ce_visible,수유천 용선 경찰서 손사 과장은 마약 여부에 대해 확인된  없다고 말했다
p38_u48,p38,ce_invisible,최이천 용 경찰사 형사 과장은 마약 여부에 대해 확인된 바 없다고 말했다
p38_u49,p38,taps,소방당국은 이십 구 일 오후 열 시 십 오 분 최초로 사고 상황을 인지하고 오 열 시 삼십 팔 분 개 일당회계를 발한데 이어 오후 열한 시 오십 군 대응 사단 계로 각상했다
p38_u49,p38,ce,소방당국은 이십 구 일 오후 열  승고 분 세초로 사고 상황을 인정하고 오후 열 시 삼 십 팔 분 그는 일단계를 반영한 데 이어 오 야반 스 오십 분 대응 사가 형계로 정했다
p38_u49,p38,ce_s40,소방당국은 이십 구 일 오후 열 시 십고 분 세초로 사고 상황을 인정하고 오후 열 세 삼 십 팔 분 그의 일단계를 반량한 데 이어 오 야방 스 오십 분 대응 사나 한계로 정했다
p38_u49,p38,ce_s80,소방당국은 이십 구 일 오후 열 시 시고 분 세초로 사고 상황을 인퇴하고 오후 열 세 삼십 팔 분 그의 일단계를 반량한 데 이어 오후 야방 스 오십 분 대응 사나가 행계로 정했다
p38_u49,p38,ce_s160,소방당국은 이십 구 일 오후 열 시 승부 분 세초로 사고 상황을 인정하고 오후 열 시 삼 십 팔 분 그의 일단계를 반량한 데 이어 오후 야반 스 오십 분 대응 사단 형계로 정했다
p38_u49,p38,taps_s80,소방당국은 이십 구 일 오후 열 시 십 오 분 세초로 사고 상황을 인지하고 오후 열 시 삼십 팔 분 개 일당계를 반한데 이어 오후 열한 시 오십 군 대응 사 향계로 각성했다
p38_u49,p38,taps_s160,서방당국은 이십 구 일 오후 열 시 십 오 분 최초로 사고 상황을 인지하고 오후 열 시 삼십 팔 분 개 일당계를 발한데 이어 오후 열한 시 오십 군 대응 사자 형계로 각상했다
p38_u49,p38,ce_visible,소방당국은 이십 구 일 오후 열  승고 분 세초로 사고 상황을 인수하고 오후 열 시 삼 십 팔 분 대의 일단계를 반영한 데 이어 오 야반 스 오십 분 대응 사가 형계로 정했다
p38_u49,p38,ce_invisible,소방당국은 이십 구 일 오후 열 시 십 오 분 최초로 사고 상황을 인지하고 오 열 시 삼십 팔 분 개 일당회계를 발한데 이어 오후 열한 시 오십 군 대응 사단 계로 각상했다
p38_u50,p38,taps,글로벌 로마 수트미 레폰 포트파이에서 지난 일 년간 한국이용회자가 가장 사랑한 아티푸는 그로 방탄선년단이었다
p38_u50,p38,ce,글로벌 의원 크리미콜랫봉 스포트파이에서 지난 일 년간 한국이용자가 가장 사랑한 프이트는 글룹 경판 소능단이었다
p38_u50,p38,ce_s40,글로벌 의원 크리미플랫봉 스포트파이에서 지난 일 년간 한국이용자가 가장 사랑한 프이트는 글룹 강판 소단 단이었다
p38_u50,p38,ce_s80,글로벌 의원 크리미클랫봉 스포트파이에서 지난 일 년간 한국이용자가 가장 사랑한 이츠는 글룹 양판 소는 단이었다
p38_u50,p38,ce_s160,글로벌 의원 크미플랫봉 스포트파이에서 지난 일 년간 한국이용가가 가장 사랑한 아프리츠는 글룹 방판 소는 단이었다
p38_u50,p38,taps_s80,글로벌 로마 수출미 플랫폰 스포트파이에서 지난 일 년간 한국 이용자가 가장 사랑한 아티푸는 그로 방탄소년 단이었다
p38_u50,p38,taps_s160,글로벌 롤마 수출미 플랫폰 포티파이에서 지난 일 년간 한국이용회자가 가장 사랑한 아티푸는 그룹 방탄소년단이었다
p38_u50,p38,ce_visible,글로벌 의원 크리미플랫봉 스포트파이에서 지난 일 년간 한국이용자가 가장 사랑한 프이트는 글룹 경판 소능단이었다
p38_u50,p38,ce_invisible,글로벌 로마 수트미 레폰 포트파이에서 지난 일 년간 한국이용회자가 가장 사랑한 아티푸는 그로 방탄선년단이었다
p38_u51,p38,taps,스커트파인은 국내 본치 일 치을 맞아 지난해 이 월 일 일부터 이달 이들까지 최사프링 아티시투 신리를 실칠를 발출했다
p38_u51,p38,ce,커트파에은 국내 노생 일 출례을 맞아 지난해 유 월 일 일부터 미달 이 들까지 최가 스프레미 아프스프 승리를 스시기 발품했다
p38_u51,p38,ce_s40,코트파인은 국내 노생 일 투례을맞아 지난해 유 월 일 일부터 미달 일 들까지 최가 스프레미 아프스프 승리를 스시기 발침했다
p38_u51,p38,ce_s80,코트파인는 동내 노생 일 투례을맞아 지난해 유 월 일 일부터 미달 일 들까지 최가 스프레미 아프스프 승리를 스시기 발침했다
p38_u51,p38,ce_s160,코트파인는 국내 노생 일 출례을마아 지난해 유 월 일 일부터 기달 이 들까지 최가 스프리미 아프스프 승일를 쉽시기 발품했다
p38_u51,p38,taps_s80,커트파인은 국내 본치 일 치을 맞아 지난해 이 월 일 일부터 이달 이들까지 최사트림 아티시투 신리를 십 칠 일 발출했다
p38_u51,p38,taps_s160,스커트파인은 국내 본치 일 치을 맞아 지난해 이 월 일 일부터 이달 이들까지 최사 트링 아티시투 신리를 십 칠를 발출했다
p38_u51,p38,ce_visible,코트파에은 국내 노생 일 출례을 맞아 지난해 유 월 일 일부터 미달 이 들까지 최가 스프레미 아프스트 승리을 쉽시기 발침했다
p38_u51,p38,ce_invisible,스커트파인은 국내 본치 일 치을 맞아 지난해 이 월 일 일부터 이달 이들까지 최사프링 아티시투 신리를 실칠를 발출했다
p38_u52,p38,taps,일인 기트서 이어 일기는 아이후 삼위는 저스팅 기거 사위 아리아라 그런데 오이 캔들 등이었다
p38_u52,p38,ce,일인인 비트리스를 려 윤리는 아이후 삼위는 더스트 비서 사회 아비아나그런데 오 일 위템 등로 성용했다
p38_u52,p38,ce_s40,일인인 비트렛스를여 윤리는 아이후 사위는 더스트 비서 사위 아비아나그런데 오 일 위페 등로 성했다
p38_u52,p38,ce_s80,일인인 베플뉴스를여 유리는 아이후 사위는 더스트 비서 사회 아비아나 그런데 오 일 위페 스로 성용했다
p38_u52,p38,ce_s160,일들인 비플뉴스를 며 윤리는 아이무 사위는 더스트 비서 사회 아비아나 그런데 오일 위캔 비로 소했다
p38_u52,p38,taps_s80,일인 기을서 이어 일기는 아이후 삼 위는 저스팅 기법 사위 아리아라 그런데 오이 캔들 등이었다
p38_u52,p38,taps_s160,일인 기을서 이어 일는 아이후 사위는 저스은 기거 사위 아리아라 그런데 오의 위캔들 등이었다
p38_u52,p38,ce_visible,일인인 비트리스를 려 윤리는 아이후 사위는 더스트 비서 사위 아비아나그런데 오 일 위템 스로 공용했다
p38_u52,p38,ce_invisible,일인 기트서 이어 일기는 아이후 삼위는 저스팅 기거 사위 아리아라 그런데 오이 캔들 등이었다
p38_u53,p38,taps,일 년간 한국이용자가 가장 많이 다리는 곡은 비키레스에 버어났다
p38_u53,p38,ce,일 년간 한국물용자가 가장 말에 두곡은 위토수에 거풀였다
p38_u53,p38,ce_s40,일 년간 한국물용자가 가장 말에 두곡은 비토수에 거어였다
p38_u53,p38,ce_s80,일년간 한국물용자가 가장 말에 두곡은 위토스에 법어였다
p38_u53,p38,ce_s160,일 년간 한국위용사가 가장 많에 두곡은 비토일스에 거어였다
p38_u53,p38,taps_s80,일 년간 한국이용자가 가장 많이 다려 곡은 비키스에 버어났다
p38_u53,p38,taps_s160,일 년간 한국이용자가 가장 많이 다리 곡은 비키레스에 버어였다
p38_u53,p38,ce_visible,일 년간 한국물용자가 가장 말에 두은곡은 위토기에 바풀였다
p38_u53,p38,ce_invisible,일 년간 한국이용자가 가장 많이 다리는 곳은 비키레스에 버어났다
p38_u54,p38,taps,테럴스트리니 은원 한 아에 위기 스고은 다섯 개나 이름을 올렸다
p38_u54,p38,ce,최당스트리닉 은원 한 아에 위필 수록을 다섯배나 이름을 올렸다
p38_u54,p38,ce_s40,해당스크리닉 은원 폭한 아에 위필 수국은 다섯개나 이름을 올렸다
p38_u54,p38,ce_s80,해당스트리인 의원 한 아에 위피 수국은 다섯배나 이름을 올렸다
p38_u54,p38,ce_s160,테당스트리닉 은원 한 안에 위트 수국을 다섯개나 이름을 올렸다
p38_u54,p38,taps_s80,테랑스트리니 의원 행 아에 위키 스고은 다섯 개나 이름을 올렸다
p38_u54,p38,taps_s160,테럴스트리니 은원 행 아에 비키 스고은 다섯 개나 이름을 올렸다
p38_u54,p38,ce_visible,테당쓰인 은원 폭한 아에 위필 수록을 다섯 개나 이름을 올렸다
p38_u54,p38,ce_invisible,테럴스트리니 은원 한 아에 위기 스고은 다섯 개나 이름을 올렸다
p38_u55,p38,taps,버터뿐만 아니라 포미션트 렌스가 이를 다나바이키가 오일를 자지했다
p38_u55,p38,ce,버합뿐만 아니라 커미런트 밴스가 인이를 다이나바이트가 오입을 자주했다
p38_u55,p38,ce_s40,법합뿐만 아니라 서미런트 밴스가 인이를 다이나바이프가 오입을 찰주했다
p38_u55,p38,ce_s80,법합뿐만 아니라 포미런트 밴스가 인이를 다이나바이프가 오입을 찰주했다
p38_u55,p38,ce_s160,법합뿐만 아니라 서미선트 밴스가 인를 다이나바이크가 오미을 찰주했다
p38_u55,p38,taps_s80,버터뿐만 아니라 포미션트 배스가 이를 다이나바이크가 오일를 자지했다
p38_u55,p38,taps_s160,버터뿐만 아니라 터미션트 배스가 이를 다니나바이키가 오히일를 차지했다
p38_u55,p38,ce_visible,버합뿐만 아니라 커미런트 밴스가 인이를 다이나바이트가 오익을 자주했다
p38_u55,p38,ce_invisible,버터뿐만 아니라 포미션트 렌스가 이를 다나바이키가 오일를 자지했다
p38_u56,p38,taps,세계작금 롯된두 코드플레이어 행업한 마이미버스는 우위 라인소브즈원을 취지에 이름으 올렸다
p38_u56,p38,ce,세계대은 롯편 드 코드플레이가 행업한 마이오니버스는 곡인 라인코 코즈는 신스에 이배을 옵렸다
p38_u56,p38,ce_s40,세계대은 롯편 뉴 코드플레이아 행업한 마이니버스는 곡위 라이크 곳즈는 신진에 이름을 올렸다
p38_u56,p38,ce_s80,세계대은 녹편드 코드플레이아 행업한 마이오니버스는 곡인 라이크 곳즈는 신진 이배궁옵이었다
p38_u56,p38,ce_s160,세계대은 녹편 드 코드플랜아 행업한 마이오니버스는 고위 라이크 고즈는 십시일 이배궁 올렸다
p38_u56,p38,taps_s80,세계제금 롯된뒤 코월드플레이어 행업한 마이니버스는 우위 라인서우즈을 취지에 이름을 올렸다
p38_u56,p38,taps_s160,세계작제금 롯된뒤 코월드플레이어 행업한 마이니버스는 우위 라인소 버즈을 취지에 이름을 올렸다
p38_u56,p38,ce_visible,세계대은 롯편드 코드플레이가 행업한 마이즈니버스는 곡위 라인코코즈는 시시에 이배궁 옵렸다
p38_u56,p38,ce_invisible,세계작금 롯된두 코드플레이어 행업한 마이미버스는 우위 라인소브즈원을 취지에 이름으 올렸다
p38_u57,p38,taps,같은 기간 최살증이 한 앨범은 저신기 어의 여섯 번세 전기 서 저스지였다
p38_u57,p38,ce,같은 기간 최당 스앙한 앨범은 여 비 번에 여섯 번째 전교를더 로스피 줄였다
p38_u57,p38,ce_s40,같은 기간 최대 스량한 일범은 여생 비보에 여섯 번째 종교를 더 로스히 줄였다
p38_u57,p38,ce_s80,같은 기간 최당 스긴 한 앨범은 여생 비보에 여섯 번째 전교율 더 여스히 줄였다
p38_u57,p38,ce_s160,같은 기간 최당 스크긴한 앨범은 여틴 비보에 여섯 번세 교를더 여로스히 줄였다
p38_u57,p38,taps_s80,같은 기간 최살증이 한 일범은 저신기포의 여섯 번세 전가서 저스 지였다
p38_u57,p38,taps_s160,같은 기간 최살 증이 한 앨범은 저신기포의 여섯 번세 전겨서 저스 지였다
p38_u57,p38,ce_visible,같은 기간 최당 스앙 한 일범은 여 산비 번에 여섯 번째 점교를더 로스히 줄였다
p38_u57,p38,ce_invisible,같은 기간 최살증이 한 앨범은 저신기 어의 여섯 번세 전기서 저스지였다
p38_u58,p38,taps,이 인는 비키스 맨거다 서울 때불 삼일는 비키스에 비었다
p38_u58,p38,ce,빌리는 비플리스에 맥거당 서 울 세분 삼위는 비에기트에 분이었다
p38_u58,p38,ce_s40,빌리는 비플리스에 맥거부당서 우 세분 삼위는 비트에스에 등이었다
p38_u58,p38,ce_s80,웨리는 리 플리스 맥고더 서 우 세분 함의는 리스에 등이었다
p38_u58,p38,ce_s160,빌리는 니플리스에 맥 고부당 서 울 세은 삼인는 비키스에 등이었다
p38_u58,p38,taps_s80,이 인는 기키스 곧거다 서울 때불 탐의는 비키시에 비었다
p38_u58,p38,taps_s160,이 인는 디키스에 맨 거던 서울 때불 삼위는 빅킬츠에 비였다
p38_u58,p38,ce_visible,빌리는 빅플리스에 맥거당 서 울 세분 삼위는 비에기트에 분이었다
p38_u58,p38,ce_invisible,이 인는 비키스 맨거다 서울 때불 삼일는 비키스에 비었다
p38_u59,p38,taps,십없시 인키씨의 이흔 내버 워크 언론이 차지했다
p38_u59,p38,ce,시없스 인포니스의 뉴내법 업프 언론이 사제했다
p38_u59,p38,ce_s40,시민없스 인트니스의 뉴내법 앞으로 언론이 사제했다
p38_u59,p38,ce_s80,시중없스 인트니스의 뉴내법 앞으로 언론이 사제했다
p38_u59,p38,ce_s160,소계없스 위터스의 뉴내복 앞을로 언론이 사제했다
p38_u59,p38,taps_s80,십 없시 인키씨의 인흔 내버 워혀 언론이 차지했다
p38_u59,p38,taps_s160,십 없시 인키씨의 인흔 내버 워크 언론이 차지했다
p38_u59,p38,ce_visible,시없스 인포니스의 뉴내법 업프 언론이 사제했다
p38_u59,p38,ce_invisible,십없시 인키씨의 이흔 내버 워크 언론이 차지했다
p38_u60,p38,taps,당북 경주씨는 이천 이십  하락 대기 전국 패건 대회가 통황이 막을 내렸다고 밝혔다
p38_u60,p38,ce,북 경주수는 이천 이십 일 화당 결기 전국 사건도 조유가 상황위 막을 내줬다고 밝혔다
p38_u60,p38,ce_s40,평북 경주수는 이천 이십 일 화당 교기 전국 사건로 조유가 상황 막을 내줬다고 밝혔다
p38_u60,p38,ce_s80,평북 경주수는 유천 이십 일 화당 대기 전국 사건도 조유가 상황의 막을 내렸다고 밝혔다
p38_u60,p38,ce_s160,정북 경주수는 유천이십 일 화당 대기 전국 패건도 들리가 상황의 막을 내렸다고 밝혔다
p38_u60,p38,taps_s80,경북 경주씨는 이천 이십  하락 대기 전국 패건 대회가 상황 막을 내렸다고 밝혔다
p38_u60,p38,taps_s160,당북 경주씨는 이천 이십  하락 대기 전국 패건 대개가 상황이 막을 내렸다고 밝혔다
p38_u60,p38,ce_visible,한북 경주수는 이천 이십 일 화당 대기 전국 사건도 조유가 상황위 막을 내줬다고 밝혔다
p38_u60,p38,ce_invisible,당북 경주씨는 이천 이십  하락 대기 전국 패건 대회가 통황이 막을 내렸다고 밝혔다
p38_u61,p38,taps,경주시 해건도 사텔가 주최 지난 십 일 과 십 일 이 틀 간 경수신뢰첫해관에서 열린 이번 대에는 병국에서 이천 삼백 여 명의 선수당이 처가했다
p38_u61,p38,ce,경민세 사건배업찰가 주트해 지난 십 일 과 십 일 및 출간 광세 신뢰터역가소 열린 이번 대에는 영국에서 및천 삼백 만 명의 선수단이 선과했다
p38_u61,p38,ce_s40,경민세 사건배어찰가 주트해 지난 십 일 과 십 일 및 간 광세 신뢰순역 가진소 열린 이번 대후에는 영국에서 이천 삼백 만 명의 선수단이 선고했다
p38_u61,p38,ce_s80,경릉세 사건배사찰가 주트해 지난 십 일 과 십 일 및 간 광비 승뢰터역 가진소열린 이번 배웨에는 영국에서 이천 삼백 만 명의 선수단이 선고했다
p38_u61,p38,ce_s160,경릉세 사건배어회가 주트해 지난 십 일 과 십 일일 및 출간 광세 플레터역가에소 열린 이번 대에는 정국에서 및천 삼백 만 명의 선부단이 선고했다
p38_u61,p38,taps_s80,경주시 사건던사텔가 주최 지난 십 일 과 십 일 이 틀 간 경수 신뢰첫관에서 열린 이번 대회에는 전국에서 이천 삼백 여 명의 상수당이 처가했다
p38_u61,p38,taps_s160,경주시 해건도사텔가 주최 지난 십 일 과 십 일 이 틀 간 경수 신뢰진해관에서 열린 이번 대회에는 병국에서 이천 삼백 여 명의 상수당이 처가했다
p38_u61,p38,ce_visible,경민세 사건배업회가 주트해 지난 십 일 과 십 일 및 출간 광세 신뢰터역가소 열린 이번 대외에는 영국에서 이천 삼백 만 명의 선수단이 선과했다
p38_u61,p38,ce_invisible,경주시 해건도 사텔가 주최 지난 십 일 과 십 일 이 틀 간 경수신뢰첫해관에서 열린 이번 대에는 정국에서 이천 삼백 여 명의 선수당이 처가했다
p38_u62,p38,taps,대 참관자들은 예선 소별입구와 원선 토어원수를 덮추며 그동안 갈고작은 명을 마음과 선보였다
p38_u62,p38,ce,그 참가자들은 예선 소 이구와 원전 파하머 을 거으며 그동안 갈고 다은 가량을 마음과 선보였다
p38_u62,p38,ce_s40,그 참가자들은 예선 소 리부와 원전 파나머 을 거으며 그동안 갈고다은 냥을 마음과 선보였다
p38_u62,p38,ce_s80,그 참가자들은 예선 소 리부와 원전 파나원 을 거추며 그동안 갈고다은 그냥을 마음과 선보였다
p38_u62,p38,ce_s160,그 참가자들은 예선 소 리부와 원전 삼하원 를 거으며 그동안 갈고다은 그량을 마음과 선보였다
p38_u62,p38,taps_s80,대 참관자들은 예선 소별입부와 원선 토어원수를 덮추며 그동안 갈고작은 량을 마음과 선보였다
p38_u62,p38,taps_s160,대 참관자들은 예선 소별리와 원선 토억원수를 덮추며 그동안 갈고작은 량을 마음것 선보였다
p38_u62,p38,ce_visible,그 참가자들은 예선 소 이구와 원전 파하머 을 거으며 그동안 갈고 다은 가량을 마음과 선보였다
p38_u62,p38,ce_invisible,대 참관자들은 예선 소별입구와 원선 토어원수를 덮추며 그동안 갈고작은 명을 마음과 선보였다
p38_u63,p38,taps,대결과 총제에서는 국가 대출 세계 해권도장 총제에서는 포질 자비 해권도장 거로기에서는 대구 김만인 해검스고리 각각 통화구승을 차지했다
p38_u63,p38,ce,대 결과 홈대에서는 국가 대표 횡의 사건보장 홈대에서는 홈필 자입 해건보장 거도기에서 대국 김만수 사건 고리 각각 병화구승을 자지했다
p38_u63,p38,ce_s40,대 결과 홈대에서는 국가 대표 횡계 사건보 홈대에서는 홈필자이 해건보장 가도기에서는 대국 김만수 사건 고리 각각 방화구응을 자지했다
p38_u63,p38,ce_s80,대 결과 홈대에는 국가 대표 횡의 사건보 홍대에서는 홀기사이 해건보장 가도기에서는 대국 김만길 사건 고리 각각 변화구승을 자지했다
p38_u63,p38,ce_s160,대결과 홈대에서는 국가 대표 횡계 사건보장 홈대에서는 홀길사비 해건보장 거도기에서는 대고 김만길 사건고리 각각 경화구승을 사지했다
p38_u63,p38,taps_s80,대결과 총제에서는 국가 대표 세계의 해권도장 총제에서는 포질 자비 해권보장 거로기에서는 대구 김만이 해권스고리 각각 전화구승을 차지했다
p38_u63,p38,taps_s160,대결과 총제에서는 국가 대표 세계 해권보장 총제에서는 포질 자비 해권보장 거로기에는 대구 김만인 해건스고리 각각 전화구승을 차지했다
p38_u63,p38,ce_visible,대 결과 홈대에서는 국가 대표 횡의 사건보장 홈대에서는 홈수 사입 해건보장 거도기에서 대국 김만수 사건 후고리 각각 등화구응을 차지했다
p38_u63,p38,ce_invisible,계결과 총제에서는 국가 대출 세계 해권도장 총제에서는 포질 자비 해권도장 거로기에서는 대구 김만인 해검스고리 각각 문화구승을 차지했다
p38_u64,p38,taps,올해 제례에는 해경 각지에서 외국인 해수슬도 다수차여의 주목을 끌었다
p38_u64,p38,ce,오해 배배에는 핵계 박기에 놓은 외국인 선수들도 가수 탄에 주목을 그었다
p38_u64,p38,ce_s40,올해 배외에는 해계 박지에 놓은 외국인 선수들도 가수 탄에 주목을 그었다
p38_u64,p38,ce_s80,오해 배외에는 핵계 발에 놓은 외국인 선수들도 가수 탄명에 주목을 굳었다
p38_u64,p38,ce_s160,오해 배에는 핵계 발리에 서은 외국인 선수들도 가수 탄에 주목을 끌었다
p38_u64,p38,taps_s80,올랫 제례에는 해경 가지에서 외국인 해수슬도 다수차여의 주목을 끌었다
p38_u64,p38,taps_s160,올해 제례에는 해계 가지에 서 외국인 해수슬도 다수차이여의 주목을 끌었다
p38_u64,p38,ce_visible,오해 배배에는 핵계 박기에 놓은 외국인 선수들도 가수 탄에 주목을 그었다
p38_u64,p38,ce_invisible,올해 제례에는 해경 각지에서 외국인 해수슬도 다수차여의 주목을 끌었다
p38_u65,p38,taps,또 대임물 선수단이 경혼수를 방문하면서 지에의 숙박업조와 식장 등우 떼양의 탑수를 누리며 지약정세를 활성화에도 크큰 더움이었다
p38_u65,p38,ce,또 여인문 선수단이 병수을 방문하면서 중약의 습박업와 습정등이 때 한인 폭수를 높리며 지약병이 활성화에도 흔을 더움이 됐다
p38_u65,p38,ce_s40,또 벌인문 선수단이 병원수을 방문하면서 지약의 속박업료와 습정등이 데 한인 특수를 높리며 지약병제 활성화에도 흔을 거움이 됐다
p38_u65,p38,ce_s80,또 벌기문 선수단이 병수을 방문하면서 중약의 숙박업와 습당등이 때 한인 특수를 높리며 중약병이 활성화에도 흔을 거움이 됐다
p38_u65,p38,ce_s160,또 별기문 선수단이 병수을 방문하면서 중약의 숙박업와 습방등이 때 한인 폭수를 높이며 지역병이 활성화에도 수을 더움이 됐다
p38_u65,p38,taps_s80,또 대임물 선수단이 경혼수를 방문하면서 지에의 숙박억조와 식장 등우 떼양의 탑수를 누리면 지약정제 활성화에도 큰 더움이었다
p38_u65,p38,taps_s160,또 대임물 선수단이 경혼수를 방문하면서 지에의 숙박억조와 직장 등우 떼양의 탑수를 누리며 지약정제를 활성화에도 큰 더움이었다
p38_u65,p38,ce_visible,또 여인문 선수단이 병수을 방문하면서 중약의 습박업와 습정등이 데 한인 폭수를 높리며 지약병제 활성화에도 흔을 더움이 됐다
p38_u65,p38,ce_invisible,또 대임물 선수단이 경혼수를 방문하면서 지에의 숙박업조와 식장 등우 떼양의 탑수를 누리며 지약정세를 활성화에도 크큰 더움이었다
p38_u66,p38,taps,김모진 경우지시 부시장은 활장세위 전국 패건도 대회가 전국을 대표하는 세건서 대해로 그의 명성을 이어가기 바한다고 말다
p38_u66,p38,ce,김모생 경우수신 수장은 사당생이 경 패건으 두해가 건급을 대표하는 세번도 대해로 그의 명성을 무역가기 바한다고 말했다
p38_u66,p38,ce_s40,이모은 경우수신 수장은 하락생의 경 패건으 두일가 경급을 발표하는 사건도 대해로 그의 명성을 무화가게 바한다고 말했다
p38_u66,p38,ce_s80,이모은 경우수수 수장은 하락생의 경국 패건으 두일과 경급을 대표하는 세건도 대해로 그의 명성을 무역가기 바한다고 말했다
p38_u66,p38,ce_s160,이모은 경우수수 보수장은 사당생의 경국 패건으 두해과 전국을 발표하는 사건도 대해로 그의 명성을 무역하게 바한다고 말했다
p38_u66,p38,taps_s80,김모진 경우지시 부시장은 활장생이 전국 태건도 대회가 전국을 대켜하는 사건서 대해로 그의 명성을 이어가기 바한다고 말했다
p38_u66,p38,taps_s160,김모진 경우지시 부시장은 파랑승이 전국 패건도 대회가 전국을 대켜하는 세건번서 대해로 그의 명성을 이어가기 바한다고 말했다
p38_u66,p38,ce_visible,김모생 경우수신 수장은 사당생이 경 패건으 두일가 건급을 대표하는 세번도 대해로 그의 명성을 무역가게 바한다고 말했다
p38_u66,p38,ce_invisible,김모진 경우지시 부시장은 활장세위 전국 패건도 대회가 전국을 대표하는 세건서 대해로 그의 명성을 이어가기 바한다고 말다
p38_u67,p38,taps,조 해악 정주시 사건도 협회장은 하락 세기 전국 태권도 대회가 사건도의 발전에 이받지 않도록 모력하겠다고 강조했다
p38_u67,p38,ce,조해락 경주신입 사건도 협해명은 사락 생키 경국 사건로 대리다 사건수의 발전해 미바트 하도록 노곡하겠다고 강조했다
p38_u67,p38,ce_s40,조시와 경주신이 사건도 협팔해명은 사락 대키 경국 사건로 대리가 사건수의 발전해 미바지 하도록 노력하겠다고 강조했다
p38_u67,p38,ce_s80,조시락 경주신이 사건도 협해명은 하락 센끼 경국 사건로 대리가 사건배의 발전해 이바때 하도록 교력하겠다고 강조했다
p38_u67,p38,ce_s160,조 시락 경주신이 사건돌 협팔명은 락 대키이 경국 사건로 대 때가 사건다에 발전해 이바때 하도록 교력하겠다고 강조했다
p38_u67,p38,taps_s80,조 해악 정주시 특권도 협회장은 하락 대기 전국 태권도 대회가 사건도의 발전에 이받지 않도록 노력하겠다고 강조했다
p38_u67,p38,taps_s160,조 해락 정주시 사건도 협회장은 락 재기 전국 태권도 대회가 사건도의 발전에 이받지 않도록 노력하겠다고 강조했다
p38_u67,p38,ce_visible,조해락 경주신입 사건도 협해명은 사락 생키 경국 사건로 대리가 사건수의 발전해 미바 때 하도록 노곡하겠다고 강조했다
p38_u67,p38,ce_invisible,조 해악 정주시 사건도 협회장은 하락 세기 전국 태권도 대회가 사건도의 발전에 이받지 않도록 모력하겠다고 강조했다
p38_u68,p38,taps,삼국자산의 관리공사가 국민으로부터 이재 결선을 요청받는 이재 정비 요청제를 도입한다
p38_u68,p38,ce,한국가장의 관리공사가 본민으로부터 규제 공사을 요청받는 주제 정비 요청제를 도입한다
p38_u68,p38,ce_s40,한국가장의 관리공사가 국민으로부터 규제 공상을 요청받는 주제 정비 요청를 돌입한다
p38_u68,p38,ce_s80,한국바장의 관리공사가 국민으로부터 규제 경선을 요청받는 주제 정비 요청대를 돌입한다
p38_u68,p38,ce_s160,한국가장의 관리공사가 국민으로부터 규제 공사을 요청받는 유제 정비 요청제를 돌입한다
p38_u68,p38,taps_s80,삼국자산의 관리공사가 국민으로부터 이재 결선을 요청받는 지제 정비 요청제를 도입한다
p38_u68,p38,taps_s160,삼국자산의 관리공사가 국민으로부터 이재 결선을 요청받는 시재 정비 요청제를 도입한다
p38_u68,p38,ce_visible,한국가장의 관리공사가 본민으로부터 규제 공사을 요청받는 주제 정비 요청제를 도입한다
p38_u68,p38,ce_invisible,삼국자산의 관리공사가 국민으로부터 이재 결선을 요청받는 이재 정비 요청제를 도입한다
p38_u69,p38,taps,페커는 이십 이 일 이천 이십 이 년 일 차 네기 주제 학신위원회를 열다고 밝혔다
p38_u69,p38,ce,평커는 이십 이 일 이천 이십 육 년 일사 대뉴 교수 학생 인원해를 열었다고 밝혔다
p38_u69,p38,ce_s40,평커는 이십 이 일 이천 이십 육 년 일사 대기 교수 학생인원해를 열었다고 밝혔다
p38_u69,p38,ce_s80,앵커는 이십 이 일 이천 이십 이 년 일사 네기 교수 학생인권회를 열었다고 밝혔다
p38_u69,p38,ce_s160,앵커는 이십 이 일 이천 이십 육 년 일 사 대주 교수 학생 인원회를 열었다고 밝혔다
p38_u69,p38,taps_s80,페커는 이십 이 일 이천 이십 이 년 일 차 대기 주제 학생위원회를 열었다고 밝혔다
p38_u69,p38,taps_s160,페커는 이십 이 일 이천 이십 이 년 일 차 대기 주제 학진위원회를 열었다고 밝혔다
p38_u69,p38,ce_visible,평커는 이십 이 일 이천 이십 육 년 일사 대뉴 교수 학생 인원해를 열었다고 밝혔다
p38_u69,p38,ce_invisible,페커는 이십 이 일 이천 이십 이 년 일 차 네기 주제 학신위원회를 열다고 밝혔다
p38_u70,p38,taps,이원에는 브람리한 기계를 개선하고 국인에게 불편을 끼을 수 있는 유스을 밝해성하는 등 시력성 일내 기게 핵심 방안을 검터 시리하기 위해 일차이 직년 발격됐다
p38_u70,p38,ce,위원회는 불안내한 기대를 개선하고 국민에게 불타을 빛할 수 있는 요사들을 바굴 활성하는 등 수력성 인행 그딜학생 방안을 법폰 승리하기 위해 미한 핵이란 발전됐다
p38_u70,p38,ce_s40,위원회는 울안내한 기대를 개선하고 국민에게 불타을 빼할 수 있는 교사들을 바굴 활성하는 등 수택성 인행 기딜학생 방안은 법프 승리하기 위해 이한 핵습이다 발전됐다
p38_u70,p38,ce_s80,유원회는 울한내한 기대를 개선하고 국민에게 불타을 깨할 수 있는 교사들을 바굴 훼성하는 등 수택성 인행 기딜학생 방안에 법법 승리하기 위해 이한 이습이다 발전됐다
p38_u70,p38,ce_s160,유원회는 울안내한 규대를 개선하고 국민에게 불타을 깨할 수 있는 요사들을 발굴 훼성하는 등 수택성 일행 기대 학생 방안 법포 승리하기 위해 이한 있이다 발전됐다
p38_u70,p38,taps_s80,이원에는 불람리한 기계를 개선하고 국민에게 불끈낼 끼칠 수 있는 유스을 바해성하는 등 시력성 일내 기대 핵심 방안을 검터 시리하기 위해 일차이직면 반격됐다
p38_u70,p38,taps_s160,이원회는 불람리한 기계를 개선하고 국인에게 불편을 깨칠 수 있는 유스을 바 해성하는 등 시력성 일내 기을 핵심 방안을 검터 시리하기 위해 일차 이십년 발격됐다
p38_u70,p38,ce_visible,위원회는 불안내한 규대를 개선하고 국민에게 불타을 뜻할 수 있는 요사들을 바굴 활성하는 등 수택성 인행 그딜학생 방안을 법토 승리하기 위해 미한 핵이다 발전됐다
p38_u70,p38,ce_invisible,이원에는 브람리한 기계를 개선하고 국인에게 불편을 끼을 수 있는 유스을 밝해성하는 등 시력성 일내 기게 핵심 방안을 검터 시리하기 위해 일차이 직년 발격됐다
p38_u71,p38,taps,이번 위원회에서는 국민 누구나 타거 대기지후 잘못되거나 그치도한 기제 개선을 요청할 수 있는 질대 정기 요청제를 신사하기로 했다
p38_u71,p38,ce,이번 위원회에서는 국민 누구나 타 외교 등 잘못되거나 불치배한 교제에 교손을 요청할 수 있는 교대 정민 요통제를 생상 하기로 했다
p38_u71,p38,ce_s40,이번 위원회에서는 국민 누구나 케프 외교 등 잘못되거나 불치배한 교제에 교손을 요청할 수 있는 교대 정민 요통제를 생상 하기로 했다
p38_u71,p38,ce_s80,이번 위원회에서는 국민 누구나 테코 외교 중 잘못되거나 불치배한 교제에 결론을 요청할 수 있는 구대 정민 요통제를 세성을 환기로 했다
p38_u71,p38,ce_s160,이번 위원회에서는 국민 누구나 타 외교 중 잘못되거나 불체한 교대에 계선을 요청할 수 있는 교대 정민 요통제를 세상 하기로 했다
p38_u71,p38,taps_s80,이번 위원회에서는 국민 누구나 타거 네기지 잘못되거나 부치료한 기제 개선을 요청할 수 있는 지제 정비 요청제를 신사하기로 했다
p38_u71,p38,taps_s160,이번 위원회에서는 국민 누구나 타력거 대기지후 잘못되거나 부치료한 기제 개선을 요청할 수 있는 질제 정기 요청제를 신사하기로 했다
p38_u71,p38,ce_visible,이번 위원회에서는 국민 누구나 타 외교 등 잘못되거나 불치배한 교제에 교손을 요청할 수 있는 교대 정민 요통제를 생상 하기로 했다
p38_u71,p38,ce_invisible,이번 위원회에서는 국민 누구나 타거 대기지후 잘못되거나 그치도한 기제 개선을 요청할 수 있는 질대 정기 요청제를 신사하기로 했다
p38_u72,p38,taps,앵커은 국민 요청 사황에 대해 을기러한 규제 여부 심사후 업무 교선생의 조치를 치할 방침이다
p38_u72,p38,ce,앵커는 국민 요병 사황에 대해 볼필요한 규제 여부수을 사고 업무 교사 등의 돛조이를 취할 방침이다
p38_u72,p38,ce_s40,앵커는 국민 요병사황에 빼해 볼필요한 기제 여부 수 사후 업무 교사 등의 돛조이를 취할 방침이다
p38_u72,p38,ce_s80,탱커는 국민 유병 상황에 대해 볼필요한 기대 여부수 사고 업무 교사 등의 교이를 취할 방침이다
p38_u72,p38,ce_s160,앵커은 국민 욕스병 사황에 빼해 을필요한 기제 여부 수 사고 업무 교사 등의 독주를 취할 방침이다
p38_u72,p38,taps_s80,앵커는 국민 요청 사황에 대해 불필러한 규제 여부 심사후 업무 교선등의 조치를 치할 방침이다
p38_u72,p38,taps_s160,앵커은 국민 요청 사황에 대해 불필러한 규제 여부 심사후 업무 교선등의 조치를 취할 방침이다
p38_u72,p38,ce_visible,앵커는 국민 요병 사황에 대해 볼필요한 교대 여부수을 사고 업무 교사 등의 돛조이를 취할 방침이다
p38_u72,p38,ce_invisible,앵커은 국민 요청 사황에 대해 을기러한 규제 여부 심사후 업무 교선생의 조치를 치할 방침이다
p38_u73,p38,taps,제도는 올해 하반기 신행 밀딩이며 테니코 홈텔이지에서 요청 상황을 법수받을 예정이다
p38_u73,p38,ce,제도는 올해 하반기스행 매정인용 캠코 홈페리스에서 요청상항을 덮수받을 예정이다
p38_u73,p38,ce_s40,제도는 올해 하반기 스행 일대인용 캠코 홈페이지에서 요청 상황을 덮수받을 예정이다
p38_u73,p38,ce_s80,제거는 올해 하반스행 밀경인후 캠코 홈페이지에서 요청 상황을 접수받을 예정이다
p38_u73,p38,ce_s160,제도는 올해 하반기스행 밀경 이후 캠코 홈페이지에서 요청 상항을 접수받을 예정이다
p38_u73,p38,taps_s80,제도는 올해 하반기 실행 일대인며 테코 홈페이지에서 요청 상항을 법수받을 예정이다
p38_u73,p38,taps_s160,제도는 올해 하반기 실행 일딩이며 테니코 홈텔이지에서 요청 상항을 법수받을 예정이다
p38_u73,p38,ce_visible,제군는 올해 하반기스행 매인용 캠코 홈페리지에서 요청상항을 덮수받을 예정이다
p38_u73,p38,ce_invisible,제도는 올해 하반기 신행 밀딩이며 테니코 홈텔이지에서 요청 상황을 법수받을 예정이다
p38_u74,p38,taps,또 페이커는 국민이 실 비유해하고 활용할 수 있도록 전세 사업부문에 민만 업무 신상서 등 사실 사십 이기를 일갈 정기하기로 했다
p38_u74,p38,ce,또 행커는 국민이 스피일이하고 활용할 수 있도록 경세 산업부문에 위업무 신상서 등 사택 사생 이배을 늘가 정기하기로 했다
p38_u74,p38,ce_s40,또 행커는 국민이 스피일하고 활용할 수 있도록 전세 산업부문에 윤업무 신상서 등 사색 사생 이배를 물갈 정기하기로 했다
p38_u74,p38,ce_s80,또 황커는 국민이 스피 일네하고 활용할 수 있도록 세 산업부문에 위만업무 신상서 등 사세 사생 이배를 늘갈 정기하기로 했다
p38_u74,p38,ce_s160,또 황커는 국민이 스피일이하고 활용할 수 있도록 전세 산업부문에 위만업으 신상서 등 화세 사세 이배를 늘갈 정기하기로 했다
p38_u74,p38,taps_s80,또 페이커는 국민이 쉽 유해하고 활용할 수 있도록 전을 사업부문에 민만 업무 신상서 등 사실 사십 이기를 일각 정기하기로 했다
p38_u74,p38,taps_s160,또 페이커는 국민이 쉽 유해하고 활용할 수 있도록 전을 사업부문에 민만 업무 신상서 등 사실 사체 위기를 일각 정기하기로 했다
p38_u74,p38,ce_visible,또 행커는 국민이 스피일이하고 활용할 수 있도록 경세 산업부문에 위업무 신상서 등 사실 사생 이배을 늘가 정기하기로 했다
p38_u74,p38,ce_invisible,또 페이커는 국민이 실 비유해하고 활용할 수 있도록 전세 사업부문에 민만 업무 신상서 등 사실 사십 이기를 일갈 정기하기로 했다
p38_u75,p38,taps,국민이 서로제스 단계에서 업무처림이 이 제기 절차 신천일에게 일리한 제도 및 이상황 등을 미리할 수 있도록 돕기 위해서다
p38_u75,p38,ce,국민이 서른제출 당대에서 업무설인이 임미 생기 절차 신상이 에게 우리한 결금 및 윤리 상 등을 위할 수 있도록 법습 위해서다
p38_u75,p38,ce_s40,국민이 서로대출 당계에서 업무설인 및 이미 생기 절차 신상인 에교 우리한 결국 및 윤리상는 등을 눈할 수 있도록 법 위해서다
p38_u75,p38,ce_s80,국민의 서로대출 당계에서 업무설인 및 임미 생기 절차 신상인 대교의 논의한 결정  용리 상 등을 논의할 수 있도록 곱습 위해서다
p38_u75,p38,ce_s160,국민이 서른대출 당계에서 업무설인 및 이미 생이 절차 신상인 에게 용리한 결은 및 윤리 상 등을 논리할 수 있도록 곱속 위해서다
p38_u75,p38,taps_s80,국민이 서로젝을 단계에서 업무처림이 이 제기 절차 신청인에게 일리한 제도 및 이상황 등을 미리할 수 있도록 돕기 위해서다
p38_u75,p38,taps_s160,국민이 서로제스 단계에서 업무처림이 이제기 절차 신청일에게 일리한 제도 및 이상황 등을 미리할 수 있도록 돕기 위해서다
p38_u75,p38,ce_visible,국민이 서른제출 당대에서 업무설인이 임미 생기 절차 신상 에게 우리한 결금 및 윤리 상 등을 위할 수 있도록 법습 위해서다
p38_u75,p38,ce_invisible,국민이 서로제스 단계에서 업무처림이 이 제기 절차 신천일에게 일리한 제도 및 이상황 등을 미리할 수 있도록 돕기 위해서다
p38_u76,p38,taps,페커는 이번 위원회에서 올해 삼 월 도입한 기의영성 사과 전담체 운영 성과를 공의하기도 했다
p38_u76,p38,ce,앵커는 이번 위원회에서 올해 삼 월 소입한 굳대명호성가 전단 운영성가를 공인하 기소했다
p38_u76,p38,ce_s40,앵커는 이번위원회에서 올해 삼 월 소입한 굳대명호성가 전단 운영성과를 공인하기소 했다
p38_u76,p38,ce_s80,앵포는 이번위원회에서 올해 삼 월 조입한 굳대영호성가 전단운영상과를 공인하 기소 했다
p38_u76,p38,ce_s160,앵커는 이번 위원회에서 올해 삼 월 조입한 휴대영호성가 전담체 운영상가를 공미하 교소했다
p38_u76,p38,taps_s80,케커는 이번 위원회에서 올해 삼 월 도입탄 기의영형 사과 전담지 운영성가를 공의하기도 했다
p38_u76,p38,taps_s160,케커는 이번 위원회에서 올해 삼 월 도입한 기의영성 사과 전담체 운영성과를 공의하기로 했다
p38_u76,p38,ce_visible,앵커는 이번 위원회에서 올해 삼 월 소입한 굳대명호성가 전단 운영성과를 공인하 기소 했다
p38_u76,p38,ce_invisible,페커는 이번 위원회에서 올해 삼 월 도입한 기의영성 사과 전담체 운영 성과를 공의하기도 했다
p38_u77,p38,taps,전담제는 대기심사와 일대 양양평과를 불리하는 방안으로 기존 동행시원의 심상의 향과 동시 스행에 따른 일제심사 약하등을 결선한 세고다
p38_u77,p38,ce,전담대는 메뉴심사와 교대 양양평가를 분리하는 방안으로 기전 독인 수권의 신상의 평악과 동 수익에 따른 교대 스사 악가등을 결선한 세고다
p38_u77,p38,ce_s40,전담대는 메이심사와 교대 양양평가를 분리하는 방안으로 기전 독인 수원의 신상의 평악과 동지 수익에 따른 교대 스상 악가등을 결산한 세보다
p38_u77,p38,ce_s80,전담대는 메이심사와 교대 양양평가를 분리하는 방안으로 기존 독인 직원의 신상의 향악과 동이 수익에 따른 주대 스사 약악가등을 결산한 세보다
p38_u77,p38,ce_s160,전담대는 메니사와 교대 양양평가를 분리하는 방안으로 기존 동인 수원의 신상의 평악과 동스이 수익에 따른 교대 스사 약가등을 결산한 세보다
p38_u77,p38,taps_s80,전담제는 대기심사와 기대 양양평과를 불리하는 상안으로 기존 동행직원의 심상의 평과 동시 스에 따른 일제심사 약카등을 결선한 세거다
p38_u77,p38,taps_s160,전담제는 대기심사와 지대 양양생과를 불리하는 상안으로 기존 동행직원의 심사의 평과 동시 스에 따른 질제실사 약하등을 결선한 세고다
p38_u77,p38,ce_visible,전담제는 매뉴심사와 주대 양양평가를 분리하는 방안으로 기전 동인 수원의 신상의 평악자 동 수익에 따른 교대 스사 악가등을 결선한 세보다
p38_u77,p38,ce_invisible,전담제는 대기심사와 질대 양양평과를 불리하는 방안으로 기존 동행시원의 심상의 향과 동시 스행에 따른 일제심사 약하등을 결선한 세고다
p38_u78,p38,taps,울산시는 팔 월부터 사술 거질적인 차량에 대한 변호할 여치 단속을 진행한다고 구 일 밝혔다
p38_u78,p38,ce,울산씨는 팔 월부터 상수 고질적인 산나사량에 대한 언급한 영시단속을 증행한다고 그 일 밝혔다
p38_u78,p38,ce_s40,울선씨는 팔 월부터 상수 고질적인 세나사량에 대한 모급한 영옥치단속을 증행한다고 그 일 밝혔다
p38_u78,p38,ce_s80,우선씨는 팔 월부터 상수 고질적인 세나사량에 대한 모급한 영치단속을 진행한다고 그 일 밝혔다
p38_u78,p38,ce_s160,의산씨는 팔 월부터 상서고딜적인 세사량에 대한 모급한 영치 단속을 진행한다고 그 일 밝혔다
p38_u78,p38,taps_s80,울산시는 팔 월부터 상스 거질적인 차장에 대한 변호할 치 단속을 진행한다고 구 일 밝혔다
p38_u78,p38,taps_s160,울산시는 팔 월부터 상스 거질적인 가차장에 대한 변호할 여치 단속을 진행한다고 구 일 밝혔다
p38_u78,p38,ce_visible,울산씨는 팔 월부터 상수 고질적인 세나사량에 대한 언급한 영시단속을 증행한다고 그 일 밝혔다
p38_u78,p38,ce_invisible,울산시는 팔 월부터 사술 거질적인 차량에 대한 변호할 여치 단속을 진행한다고 구 일 밝혔다
p38_u79,p38,taps,시는 태무고원 십 삼 해역으로 구성된 시 구군 학도 단속 방을 현성해 단속에 들어간다
p38_u79,p38,ce,씨는 세머공론 습단명으로 우성될 스입공군 합동 단속방을 편성해 반속에 들어간다
p38_u79,p38,ce_s40,씨는 해머공론 습단명으로 우성될 심 공군 합동 단속방을 표성해 반속에 들어간다
p38_u79,p38,ce_s80,지는 세머공론 십단명으로 우성된 심군 합병 단속방을 겨성해 반속에 들어간다
p38_u79,p38,ce_s160,씨는 세머공론 삭단명으로 우성된 스군 합동 단속방을 표성해 반속에 들어간다
p38_u79,p38,taps_s80,시는 태무어원 십 삼 해역으로 구성된 시 구군 학도 단속방을 탄성해 단속에 들어간다
p38_u79,p38,taps_s160,시는 태무어원 십 삼 해역으로 구성된 시 구군 학도 단속방을 탄성해 단속에 들어간다
p38_u79,p38,ce_visible,씨는 세머공론 십 삼명으로 우성 될 스입공군 합동 단속방을 편성해 단속에 들어간다
p38_u79,p38,ce_invisible,시는 태무고원 십 삼 해역으로 구성된 시 구군 학도 단속 방을 현성해 단속에 들어간다
p38_u80,p38,taps,영씨 대상은 자동 차세를 이회 이상이 캐납한 차량 꾼는 사년 관련 가태료를 삼백 만원 이상 생납한 사장이다
p38_u80,p38,ce,명세 대상의 가동산때를 유메 이상 산업한 사량 또는 사명판당 박태료를 삼백 만원 이상 산업한 사장이다
p38_u80,p38,ce_s40,명세 대상의 가동산대를 유메 이상 산업한 사장 부는 사명판단 박표료를 삼백 만원 이상 산업한 사장이다
p38_u80,p38,ce_s80,영세 대상의 가동산대를 이메 이상 산업한 사장 부는 사년판장 받대료를 삼백 만원 이상 산업한 사장이다
p38_u80,p38,ce_s160,영세 대상은 가동산대를 이메이상 산업한 사장 부는 사년판당 박태료를 삼백 만원 이상 산업한 사장이다
p38_u80,p38,taps_s80,영씨 대상은 자동산세를 이의 이상이 차업한 차량 꿈는 사량 관련는 가태료를 삼백 만원 이상 새악한 사량이다
p38_u80,p38,taps_s160,명씨 대상은 자동산세를 이 이상이 차업한 차량 꾼는 사람 관련는 과태료를 삼백 만원 이상 새악한 차량이다
p38_u80,p38,ce_visible,명세 대상의 가동산때를 유메 이상 산업한 사장 또는 사명판당 박태료를 삼백 만원 이상 산업한 사장이다
p38_u80,p38,ce_invisible,영씨 대상은 자동 산세를 이회 이상이 캐납한 차량 꾼는 사년 관련 가태료를 삼백 만원 이상 생악한 사장이다
p38_u81,p38,taps,쉬는 이번 단속부터 자체 제작한 번호한 영시도구를 사음으로 하용해 신형 비천거 강호함을 장착한 차장에 대점소 가속을 벌인다
p38_u81,p38,ce,팀는 위반 단속부터 자체 제작한 번업한 영씨도부를 처음으로 살용 위해 생명 부이성공 변호판을 강착한 사장의 보소속 간속을 벌인다
p38_u81,p38,ce_s40,지는 위번 단속부터 자체 배작한 번업한 영외시도구를 처음으로 살해 위해 생형 부이성공 변호판을 강착한 사장의 보예소도 단속을 벌른다
p38_u81,p38,ce_s80,지는 위번 단속부터 자체 배작한 번업한 영외지도구를 처음으로 사 후인 생명 이성공 변호하을 강착한 사장의 보소속 단속을 벌른다
p38_u81,p38,ce_s160,팀는 위번 단속부터 자체 제작한 번업한 영외지도부를 처음으로 살용 후해 세명 성공 변호하을 강착한 사장의 보외소속 간속을 벌른다
p38_u81,p38,taps_s80,씨는 이번 단속부터 자칫 제작한 번호한 영취 도구를 처음으로 하려 대 신형 비천거 간호함을 정착한 차장에 대해 점소 단속을 벌인다
p38_u81,p38,taps_s160,쉬는 이번 단속부터 자칫 소작한 번호한 영치도구를 사오으로 활용해 신형 기천거 간호함을 장착한 차장에 대해 주소 단속을 벌인다
p38_u81,p38,ce_visible,팀는 위반 단속부터 자체 제작한 번업한 영씨도부를 처음으로 용 위해 생명 부이성공 변호판을 강착한 사장의 보소속 간속을 벌른다
p38_u81,p38,ce_invisible,쉬는 이번 단속부터 자체 제작한 번호한 영시도구를 사음으로 하려해 신형 비천거 강호함을 장착한 차장에 대점소 가속을 벌인다
p38_u82,p38,taps,기존 자동차에 달린 성공번호하는 볼트를 뿌리면 돈합한을 영치할 수 있지만 비천공번호하는 보트가 없어 권호판을 띨 수 있도록 영치도고를 자지 노작한 것이다
p38_u82,p38,ce,이준 자동사에 달린 선공권호사는 볼필를 뿌리면 번호파를 명치할 수 있지만 부천공 곤호판는 볼프가 없어 번호판을 때 쏘이도록 명씨도구를 갖에 구력하 있다
p38_u82,p38,ce_s40,이준 자동사에 달리 선공호하는 골필를 풀리면 번합판을 영치할 수 있지만 교육천공 곤호파는 볼프가 없어 번호판을 뗄 이도로 명지 도구를 갖에 구력하있다
p38_u82,p38,ce_s80,이든 자동사에 달리인 선공권호하는 골필를 뿌리면 번호반을 명치할 수 있지만 교육형공곤파는 볼프가 없어 번호판을 뗄 수이도로 명칠 토구를 같에 조력하 있다
p38_u82,p38,ce_s160,이든 자동사에 달리 선공권호하는 볼필를 뿌리면 권합판을 명치할 수 있지만 부육천공곤호판는 볼프가 없어 번호판을 뗄 수있도록 명씨 도구를 같에 조력하 있다
p38_u82,p38,taps_s80,기존 자동차에 달린 성공번호하는 볼트를 프리면 번호을 영치할 수 있지만 비처공번호판는 트가 없어 권호판을 띨 수 있도록 영치도그를 자지 제작한 것이다
p38_u82,p38,taps_s160,기존 자동차에 달린 성공번호하는 볼트를 프리면 번합한을 영치할 수 있지만 비창공권호하는 보트가 없어 권호판을 띨 수 있도록 영치도그를 자지 작한 것이다
p38_u82,p38,ce_visible,이준 자동사에 달린 선공권호사는 볼필를 뿌리면 번호파를 명치할 수 있지만 부천공 곤호판는 볼프가 없어 번호판을 때 쏘이도록 명씨도구를 사에 전력하 있다
p38_u82,p38,ce_invisible,기존 자동차에 달린 성공번호하는 볼트를 뿌리면 돈합한을 영치할 수 있지만 비천공번호하는 보트가 없어 권호판을 띨 수 있도록 영치도고를 자지 노작한 것이다
p38_u83,p38,taps,가원씨는 코로나 일그로 인해 어려움을 겪는 생리양 진학자의 경우 생나사 분일와 분화 나부 등을 적용할 방침이다
p38_u83,p38,ce,가만 씨는 코혼나 일고로 인해 어려움을 겪는 생명량산학의 경우 산나산업분 유예와 문화 앞부 등을 적용할 방습니다
p38_u83,p38,ce_s40,가만 씨는 코오나 일고로 인해 어려움을 겪는 생하기량산역사의 경우 테나산업분 유예와 문화 앞부 등을 적용할 방침니다
p38_u83,p38,ce_s80,강만 씨는 코오나 일고로 인해 어려움을 겪는 생기형산학다의 경우 생나 사업분 유예와 문화 남부 등을 적용할 방침니다
p38_u83,p38,ce_s160,가만 사는 코오나 일고로 인해 어려움을 겪는 생하기양산학다의 경우 테나 사업분 유예와 문화 라부 등을 적용할 방습니다
p38_u83,p38,taps_s80,가원씨는 코로한 일고로 인해 어려움을 겪는 생리양 생학자의 경우 나 사분위례와 분화 나부 등을 적용할 방침이다
p38_u83,p38,taps_s160,가원씨는 코로나 일부로 인해 어려움을 겪는 생리양 생학자의 경우 생나 사오분 일와 분날 나부 등을 적용할 방침이다
p38_u83,p38,ce_visible,가만 씨는 코로나 일고로 인해 어려움을 겪는 생명량산학의 경우 산나산업분 유예와 분화 앞부 등을 적용할 방습니다
p38_u83,p38,ce_invisible,가원씨는 코로나 일그로 인해 어려움을 겪는 생리양 진학자의 경우 생나사 분일와 분화 나부 등을 적용할 방침이다
p38_u84,p38,taps,울산시 관계자는 고실적인 채아 차장에 대해 공해 처분등 강약한 진수 활동을 벌이겠다며 친 백 최소활를 위해 노력하했다고 말했다
p38_u84,p38,ce,울산수 관계자는 보실적인 산하 사 당에후해 국매처분 등 강력한 진수 활동을 벌이했다며 산 에 최소활을 위해 노력보였다고 말했다
p38_u84,p38,ce_s40,울산수 관계자는 보수적인 산하 사 량에후해 국매처분 등 강력한 진수 활동을 벌이혔다며 산납 에 최소활을 위해 노력붙였다고 말했다
p38_u84,p38,ce_s80,울산수 관계자는 보수적인 하 사 당에후해 국매쇼분 등 강력한 진수 활동을 벌입혔다며 친업 백 최소활을 위해 도력보였다고 말했다
p38_u84,p38,ce_s160,우산수 관계자는 보수적인 산하 사 당에후해 국매쇼분 등이 강력한 진수 활동을 벌이겠다며 친 백 최소활을 위해 노력붙였다고 말했다
p38_u84,p38,taps_s80,울산시 관계자는 고실적인 채 차장에 대해 공에 처분등 강약한 진수 활동을 벌이겠다며 친 백 최소활를 위해 노력하세 다고 말했다
p38_u84,p38,taps_s160,울산시 관계자는 고실적인 벤 차장에 대해 공에 처분등 강약한 진수 활동을 벌이겠다며 친 백 최소활를 위해 노력하겠다고 말했다
p38_u84,p38,ce_visible,울산수 관계자는 보실적인 산하 사 당에후해 국매처분 등 강력한 진수 활동을 벌이했다며 세 백 최소활을 위해 노력보였다고 말했다
p38_u84,p38,ce_invisible,울산시 관계자는 고실적인 채아 차장에 대해 공해 처분등 강약한 진수 활동을 벌이겠다며 친 백 최소활를 위해 노력하했다고 말했다
p38_u85,p38,taps,성남지역 지요 대학도이 교육구 등이 주원한을 삼 당게 산악 여역역 한도 교학 유형 사업에 최중로 선정됐다
p38_u85,p38,ce,경남지역 주요 대학들이 교육부 등및 주간하는 한 단기 한학 연역역 선소 대학 유통사업에 최종 선선됐다
p38_u85,p38,ce_s40,경남수역 주요 대학교이 교육교 등및 교간하는 한 단계 산학 면염역 선소 대학 유통 사업에 최종을 선선됐다
p38_u85,p38,ce_s80,경남지역 주요 대학교이 교육교 등에 교가하는 한단및 한학 연역역 선소 대학 유통 사업에 최종로 선선됐다
p38_u85,p38,ce_s160,경남지역 주요 대학교이 교육교 등및 교간하는 한단기 산업 연염력 선도 대학 육성 사업에 최종 선선됐다
p38_u85,p38,taps_s80,경남지역 지요 대학교이 교육구 등이 주원하을 삼 당게 산악 여합역 한도 대학 유형 사업에 최중로 산정됐다
p38_u85,p38,taps_s160,경남지역 지요 대학교이 교육구 등이 주원한을 삼 당의 산악 여역력 한도 배학 육형 사업에 최중로 산정됐다
p38_u85,p38,ce_visible,전남수역 주요 대학들이 교육부 등및 교간하는 삼 단계 한학 연염역 선소 대학 유통사업의 최종 선선됐다
p38_u85,p38,ce_invisible,성남지역 지요 대학도이 교육구 등이 주원한을 삼 당게 산악 여역역 한도 교학 유형 사업에 최중로 선정됐다
p38_u86,p38,taps,경남지역 대학과에 따르면 경남대 창원대 인들가 라크 삼 쩜 역 시료 받침 성자의의 사업에 한상됐다
p38_u86,p38,ce,경남지역 등학감에 따르면 경남대 상원대 민들과 라크 삼쩜 영 수료 받 성장향사업에 선성 됐다
p38_u86,p38,ce_s40,경남지역 등학까에 따르면 경남대 상원쟁 인들과 라크 삼쩜 영 수료 마 성장향사업에 선성됐다
p38_u86,p38,ce_s80,경남지역 번학방에 따르면 경남배 상원쟁 민뷰과 라크 삼쩜 영 수료 마 선장향사업에 선성을 했다
p38_u86,p38,ce_s160,경남지역 등학감에 따르면 경남된 상원생 윤뷰과 라크 삼쩜 열 수료 받 선장향사업에 활성을 됐다
p38_u86,p38,taps_s80,경남지역 대학과에 따르면 경남대 창원대 인들가 레이크 삼 쩜 역 시욕 받이 성장애의사업에 판상됐다
p38_u86,p38,taps_s160,경남지역 대학과에 따르면 경남대 창원대 인들과 라크 삼쩜 역 시료 받침 성자의의 사업에 한상됐다
p38_u86,p38,ce_visible,경남지역 등학감에 따르면 경남대 상원대 민들과 라크 삼쩜 영 수료 받 성장향사업에 선성됐다
p38_u86,p38,ce_invisible,경남지역 대학과에 따르면 경남대 창원대 인들가 라크 삼 쩜 역 시료 받침 성자의의 사업에 한상됐다
p38_u87,p38,taps,이들 세계 대학은 오는 이천 이십 칠 년까지 학교별 이백 사십 억원의 국지를 지원받게 된다
p38_u87,p38,ce,이들 세계학은 오는 이터 이십 칠 년까지 학교 병 이백 팔십 억원의 곡소비를 지원받게 된다
p38_u87,p38,ce_s40,이들 세계대학은 오는 이터 이십 칠 년까지 학교변 이백 팔십 억원의 곡소비를 지원받게 된다
p38_u87,p38,ce_s80,이들 세계학은 오는 이터 이십 칠 년까지 학교변 이백 팔십 억원의 목소비를 지원받게 된다
p38_u87,p38,ce_s160,이들 세계대학은 오는 이터 이십 칠 년까지 학교 병 이백 팔십 억원의 목수를 지원받게 된다
p38_u87,p38,taps_s80,이들 세계 대학은 오는 이천 이십 칠 년까지 학교 별 이백 삼십 억원의 국지를 지원받게 된다
p38_u87,p38,taps_s160,이들 세계 대학은 오는 이천 이십 칠 년까지 학교 별 이백 사십 억원의 국지을 지원받게 된다
p38_u87,p38,ce_visible,이들 세계대학은 오는 이터 이십 칠 년까지 학교 병 이백 사십 억원의 곡소비를 지원받게 된다
p38_u87,p38,ce_invisible,이들 세계 대학은 오는 이천 이십 칠 년까지 학교별 이백 사십 억원의 국지를 지원받게 된다
p38_u88,p38,taps,이를 대하고 새망 상력을 통한 지역 감도대약 기원을 통해 한업계와 미래 사회의 필요한 인새 양성을 나온다
p38_u88,p38,ce,이를 대학은 새악 하력을 통한 역 감동 계약 구원을 통해 산업배와 일 산회 필요한 인대 양성에 나온다
p38_u88,p38,ce_s40,이를 대학은 새막 력을 통한 수역 감동 등약 구원을 통해 산업배와 일일 산회 필요한 임대 양동에 나온다
p38_u88,p38,ce_s80,이를 대학은 업 력을 통한 역감동 계약 고원을 통해 산업배와 미 산회 필요한 인대 양동에 나온다
p38_u88,p38,ce_s160,이를 대합은 막 력을 통한 역 감동 계약 교원을 통해 산업배와 일 산회 필요한 인대 양동에 나온다
p38_u88,p38,taps_s80,이를 대하고 새박 상력을 통한 지역 감도계약 기원을 통해 산업계와 미래 사회의 필요한 인새 양성을 나온다
p38_u88,p38,taps_s160,이를 들하고 새당 력을 통한 지역 감동대약 기원을 통해 산업계와 미래 사회의 필요한 인재 양성을 나온다
p38_u88,p38,ce_visible,이를 대학은 새악 하핵을 통한 역 감동 계약 구원을 통해 산업계와 일 산회 필요한 인대 양성에 나온다
p38_u88,p38,ce_invisible,이를 대하고 새망 상력을 통한 지역 감도대약 기원을 통해 한업계와 미래 사회의 필요한 인새 양성을 나온다
p38_u89,p38,taps,꽝남대는 산아시할 현력 세계를 본고이 봐져온 기리 그로을 바탕으로 한락취나의 대학체계 편 하나 마치명 인세장서 지역 특화 분야 인력 양성 체계를 구직할 계획이다
p38_u89,p38,ce,경남대는 한나이한 현력 세계를 공고이 가져온 일비근너을 바탕으로 한학 신하의 분학 세계 벨 중 하나 마명 민대 양성 지역 특할 뿐이나 밀력 양성 처회를 구축할 계획이다
p38_u89,p38,ce_s40,경남대는 한하이한 현력 세계를 공고이 가져온 돌비근노로 바탕으로 한학 신화의 분학 서계 벨 등 하나 마승령 민대 양성 지역 특럼뿐이나 유력 양성 결회를 구축할 계획이다
p38_u89,p38,ce_s80,경남대는 한나이 현력 세계를 공고이 다져온 준비변노을 바탕으로 한학신화녕 분학 서외 경 한나 마춤령 민대 양성 지역 특라뿐이나 유력 양성 켜회를 구축할 계획이다
p38_u89,p38,ce_s160,공남대는 하나이 한 현력 세계를 공고이 다져온 불비근혹을 바탕으로 한학 신하형 분약 세계 벨등 하나 마승령 민대 양성 지역 특라 뿐이나 밀력 양성 키뷰를 구축할 계획이다
p38_u89,p38,taps_s80,꽝남대는 산학이아 현력 체계를 번고이 봐져온 기비경험을 바탕으로 한락최나의 대학체계 편 산악 마치명 인세양서 지역 특허 분야 인력 양성 계계를 구축할 계획이다
p38_u89,p38,taps_s160,꽝남대는 산하이 할 현력 체계를 방고이 다져온 기비 경험을 자탕으로 한마최나의 대학체계 편 하악 마치명 인세장서 지역 특화 분야 인력 양성 체계를 굳축할 계획이다
p38_u89,p38,ce_visible,경남대는 하하이 한 현력 세계를 공고이 가져온 비비그혹을 바탕으로 한학 신활의 분학 세계 벨 중 하나 마뚜명 민대 양성 지역 특할 뿐이나 유력 양성 켜회를 구축할 계획이다
p38_u89,p38,ce_invisible,꽝남대는 산아시할 현력 세계를 본고이 봐져온 기리 그로을 바탕으로 한락취나의 대학체계 편 하나 마치명 인세장서 지역 특화 분야 인력 양성 체계를 구축할 계획이다
p38_u90,p38,taps,파원대와 인제대도 기존 성가를 바탕으로 하나의 한력책의 구축을 강화한다
p38_u90,p38,ce,청와배대가 인대제도 이존 성가를 바탕으로 한나의 협력 세계 구축을 강화한 다
p38_u90,p38,ce_s40,청와대가 인대제도 이존 성가를 바탕으로 한나의 현력 세계 구축을 강화한다
p38_u90,p38,ce_s80,청와대가 인대제도 이존 성가를 바탕으로 한학의 현력 세계 구축을 강화한 다
p38_u90,p38,ce_s160,청와대가 인대제도 기존 성가를 바탕으로 한나의 현력 책계 구축을 강화한 다
p38_u90,p38,taps_s80,파원대와 인제대도 이존 성가를 바탕으로 하나의   력 책의 구축을 강화한다
p38_u90,p38,taps_s160,파원대와 인제대도 기존 성가를 바탕으로 하나의 력책의 구축을 강화한다
p38_u90,p38,ce_visible,청와배가 인대제도 기존 성가를 바탕으로 한나의 협력 세계 구축을 강화한 다
p38_u90,p38,ce_invisible,파원대와 인제대도 기존 성가를 바탕으로 하나의 한력책의 구축을 강화한다
p38_u91,p38,taps,박재금 경남대학교 초정은 지한 대가 보유한 인제와 학생 기술이 지역과 기업이 권한는 새로운 산악 원여하의 기뢰를 제시할 수 있기 바한다고 밝혔다
p38_u91,p38,ce,학세계 경남대학교 통장은 전남대가 보유한 인생와 학생 미술리 주역과 유렵이 경한는 새로운 산나 면네면역대 미대를 절세할 수 있을 바한다고 밝혔다
p38_u91,p38,ce_s40,학생계 경남대학교 통장은 강남대가 보유한 인생와 학생 미술리 주역과 유렵의 경한는 새로운 산학 면네역의 미래를 절세할 수 있을 바한다고 밝혔다
p38_u91,p38,ce_s80,학생의 경남대학교 통장은 강남대가 보유한 인세와 학생 미리 주역과 교렵이 경한는 새로운 산학 면역 역의 미대래를 절세하할 수 있을 바한다고 밝혔다
p38_u91,p38,ce_s160,박생계 경남대학교 통장은 경남대가 보기 한 인생와 학생 미수리 주역과 교렵이 경한는 새로운 산학 면네역대미대를 절사할 수 입을 바란다고 밝혔다
p38_u91,p38,taps_s80,박재금 경남 대학교 소정은 지한대가 보유한 인제와 학생 기술리 지역과 기업에 권한는 새로운 산악 원여하의 기뢰를 제시할 수 있기 바란다고 밝혔다
p38_u91,p38,taps_s160,박재금 경남 대학교 초정은 지한대가 보유한 인제와 학생 기술이 지역과 기업에 권한는 새로운 산악 원여하의 기뢰를 제시할 수 있기 바한다고 밝혔다
p38_u91,p38,ce_visible,학세계 경남대학교 통장은 전남대가 보유한 인생와 학생 미술리 주역과 교렵이 경한는 새로운 산나 면네면역대 미대를 절세할 수 있을 바한다고 밝혔다
p38_u91,p38,ce_invisible,박재금 경남대학교 초정은 지한 대가 보유한 인제와 학생 기술이 지역과 기업이 권한는 새로운 산악 원여하의 기뢰를 제시할 수 있기 바한다고 밝혔다
p38_u92,p38,taps,한국지 연구 정부원이 영와 각 분야 전문과 함께하는 한국교사 영어세자 특강의 첫 번째 가정이 영어 시나리오 연수를 한다
p38_u92,p38,ce,한북교육 연구 정부원이 영와 각 분야 전문과 함제하는 한북교사 영마대학 교당의 사 번째 가정인 영호한 신나리 연수를 한다
p38_u92,p38,ce_s40,한북교육 연구 정부원이 영와 각 분야 전문과 함께하는 한국교사 영하대학 평당의 사 번째 가정인 영호아 신활리 연수를 한다
p38_u92,p38,ce_s80,한북교육 연구 정보원이 영와 각 분야 전문과 함께하는 한국교사 영화대학 콧 당의 사 번째 가정인 영호아 시활리 연수를 한다
p38_u92,p38,ce_s160,한북교육 연구 정보원  영와 각 분야 전문과 함께 하는 한북교사 영화대학 크 당의 사 번을 가정인 영호한 신나리 연수을 한다
p38_u92,p38,taps_s80,한국지 연구 정부원이 영와 각 분야 전문과 함께하는 한국교사 영어세장 특강의 사 번째 가정이 영호한 시나리오 연수를 한다
p38_u92,p38,taps_s160,한국지 연구 정부원이 영와 각 분야 전문과 함께하는 한국교사 영어세자 특강의 첫 번째 가정이 영한 시나리오 연수를 한다
p38_u92,p38,ce_visible,한북교육 연구 정보원이 영와 각 분야 전문과 함께하는 한북교사 연마대학 교당의 사 번째 가정인 영호한 신나리 연수를 한다
p38_u92,p38,ce_invisible,한국지 연구 정부원이 영와 각 분야 전문과 함께하는 한국교사 영어세자 특강의 서 번째 가정이 영어 시나리오 연수를 한다
p38_u93,p38,taps,이번 연수에서 한국시나리오 작가협회 이사이어 한국급 작가협회 전회원이 이 미의정 사가가 이십 사 일에서 이십 미까지 교회사 이십 육 명을 대상으로 특강해 한다
p38_u93,p38,ce,이번 연소에서 한국시나리오 사가협회 의사이명 한국 급 작가협회 전회원인 유미미성이 가가과 이십 삼 일에서 이십 육 일까지 그회사 이승 육 명을 결상으로 특당을 한다
p38_u93,p38,ce_s40,이번 연소에서 한국시나리오 사간협회 의사이명 한국 급 작건협회 전회원이 미미미정 사가가 이십 삼 일에서 이승 육 일까지 그여사 미음 육 명을 결상으로 특당을 한다
p38_u93,p38,ce_s80,이번 연소에서 한국시나리오 사가협회 의사이명 한국 급 가협회 전문회원인 유미미당을 바가가 이십 삼 일에서 이승 육 까지 그사 이흔 육 명을 상으로 특당을 한다
p38_u93,p38,ce_s160,이번 연소에서 한국시나리오 사간관협회 의사이명 한국 급 가협회 전문회원이 미당을 바가가 미십 삼 일에서 이십 육 까지 그유사 이흔 육 명을 대상으로 특당을 한다
p38_u93,p38,taps_s80,이번 연수에서 한국시나리오 작가협회 이사이어 한국급 작가협회 정회원이 미 미정 사가가 이십 사 일에서 이십 미까지 교회사 이십 육  명열 대상으로 특강을 한다
p38_u93,p38,taps_s160,이번 연수에서 한국시나리오 작가협회 이사이어 한국급 작가협회 자훈회원이 이 미정 사가가 이십 사 일에서 이십 미까지 교사 이십 육  명을 대상으로 특강해 한다
p38_u93,p38,ce_visible,이번 연소에서 한국시나리오 가협회 의사이명 한국 급 작가협회 전회원인 유미미성이 가가과 이십 삼 일에서 이십 육 일까지 그회사 이승 육 명을 결상으로 특당을 한다
p38_u93,p38,ce_invisible,이번 연수에서 한국시나리오 작가협회 이사이어 한국급 작가협회 전회원이 이 미의정 사가가 이십 사 일에서 이십 미까지 교회사 이십 육 명을 대상으로 특강해 한다
p38_u94,p38,taps,특강은 시나리 아의 기업 별상과 기에 구성과 백씨 실잡가 부면서 영원 시나리오 작성 실색 등으로 부성된다
p38_u94,p38,ce,특강은 스나리 아이키어 발단과 교의 유성과 팔지 습적과 부석 영화 스나리오 작성이 실트 근으로 고속된다
p38_u94,p38,ce_s40,특강은 스날리오 아이티어 발단과 교의 의선과 결지 습밖과 변석 영한 스나리오의 작성 실트규으로 구성된다
p38_u94,p38,ce_s80,특강은 쓰날리 아이티어 발단과 교의 의성과 발지 습작과 변석 영말 스나리의 작성 실트 근으로 도성된다
p38_u94,p38,ce_s160,특강은 스나리오 아이티어 발한과 교의 구성과 갈지 습배과 변속 영어 스나리오 작성 실트 근으로 구속된다
p38_u94,p38,taps_s80,특강은 시나리 아의 기업 별상과 기의 구성과 백치 수잡과 부면서 영화 심나리오 작성 실스 팀으로 구성된다
p38_u94,p38,taps_s160,특강은 시나리 아 기업 별상과 기에 구성과 백치 실잡과 부면서 영월 시나리오 작성 실색 등으로 부성된다
p38_u94,p38,ce_visible,특강은 스나리 아이키어 발단과 교의 유성과 팔지 습적과 부석 영화 스나리오 작성이 실속 음으로 구속된다
p38_u94,p38,ce_invisible,특강은 시나리 아의 기업 별상과 기에 구성과 백씨 실잡가 부면서 영원 시나리오 작성 실색 등으로 부성된다
p38_u95,p38,taps,전문 시나를 작가의 세계자인 교육을 통해 명호와제자 역량을 강화하기 위 마련한다
p38_u95,p38,ce,런문 신날를 다까의 세계적은 교육을 통해 명화 대답 명량을 강화하기 이 련쳤다
p38_u95,p38,ce_s40,런문 스날리 다까의 세계적인 교육을 통해 명아 대답 명량을 강화하기 위련쳤다
p38_u95,p38,ce_s80,연은 시날를 다까의 세계적인 교육을 통해 명화 대답 명량을 강화하기 이아쳤다
p38_u95,p38,ce_s160,건문 신날리 다까의 세계적인 교육을 통해 명화대답 명량을 강화하기 위 아쳤다
p38_u95,p38,taps_s80,전문 시나를 작가의 세계자인 교육을 통해 명호와대자 역량을 강화하기 위 마련한다
p38_u95,p38,taps_s160,전문 시나를 작가의 세계적인 교육을 통해 명호와조자 역량을 강화하기 위해 마련다
p38_u95,p38,ce_visible,런문 신날를 다까의 세계적은 교육을 통해 명화 대답 명량을 강화하기 이 련쳤다
p38_u95,p38,ce_invisible,전문 시나를 작가의 세계자인 교육을 통해 명호와제자 역량을 강화하기 위 마련한다
p38_u96,p38,taps,코나일고 학산 방지를 위해 중소교육 연구성부 삼층 아시케 사실의 에베에트기업 장기를 하용한 오오프라인 동시 지파 면주로 진행된다
p38_u96,p38,ce,또화일고 학산 방지를 위해 상북 교육 연구 동부 한우슨 아이스피 사실의 에비페크 튜뉴역 관계를 활용한 오업프라인 공스 비법 면소로 진행된다
p38_u96,p38,ce_s40,또화일고 학산 방지를 위해 상북 교육 연구 동부 한슨 아이스피카실를 에비페프 튜뉴역 관계를 활용한 온업프라인 공스 비학 면스로 진행된다
p38_u96,p38,ce_s80,또화일고 학산 방지를 위해 상북교육 연구 동부 한증 아이스피카의 레비페프 뉴역 광이를 활용한 온업프라인 공스 비학 면수로 진행된다
p38_u96,p38,ce_s160,또화일고 학산 방지를 위해 상북 교육 연구 동부 한우슨 아이스피사실의 레비팩프 큐뉴역 관계를 활용한 온노프라인 봉스 비법 면스로 진행된다
p38_u96,p38,taps_s80,코나일고 학산 방지를 위해 최국교육 연구성부 삼층 아시키 사실의 에비트기업 장기를 하용한 온오프라인 동시 지파 면주로 진행된다
p38_u96,p38,taps_s160,코나일고 학산 방지를 위해 한국교육 연구성부 삼층 아시기 사실의 에베테트 기 장기를 하용한 오오프라인 동시 지파 면주로 진행된다
p38_u96,p38,ce_visible,또화일고 학산 방지를 위해 상북 교육 연구 정부 한우슨 아이스피 사실의 에비페크 튜뉴역 관계를 활용한 오노프라인 공스 비법 면스로 진행된다
p38_u96,p38,ce_invisible,코나일고 학산 방지를 위해 중소교육 연구성부 삼층 아시케 사실의 에베에트기업 장기를 하용한 오오프라인 동시 지파 면주로 진행된다
p38_u97,p38,taps,영화 시나리를 시작으로 이화 영어 사운 등 화 영화영상분법 상와 영와 차량과 조명 등 영화 각 구야 전문가 함께 하는 책강의 운영할 기획이다
p38_u97,p38,ce,정한 쓰나디오를 시탁으로 일마 영화다운등 과 영화 영상문 법 상화 영화차령과 조명 등 영화 각 분야 전문가 함께하는 북당을 운영할 보얘기다
p38_u97,p38,ce_s40,정한 쓰활디없을 시탁으로 이마 영화사운등 상화 영화 영상 본법 상화 영화차령과 조명 등 명화 각 분야 전문가을 확께하는 북당을 운영할 보얘이다
p38_u97,p38,ce_s80,정화 쓰활디을 시탁으로 이한 영화사운등 상화 영화 영상 본법 상화 영화차령과 조명 등 명화 각 분야 전문가을 함폐하는 국강을 운영할 보얘이다
p38_u97,p38,ce_s160,정한 스활디없을 시탁으로 일마 영화사운 등 상화 영화 영상 문법 상화 영화차량과 조명 등 영화 각 분야 전문가 함태하는 북강을 운영할 보얘기다
p38_u97,p38,taps_s80,영화 시나리를 시작으로 이화 영아 사운 등 상화 영화영상분법 사화 영어 차량과 조명 등 영화 각 구야 전문가 함께 하는 팀강의 운영할 기얘이다
p38_u97,p38,taps_s160,영화 시나리를 시작으로 이하 영어 사운 등 상화 영화영상분법 사와 영어 차량과 조명 등 영화 각 구야 전문가 함께 하는 팀강의 운영할 기획이다
p38_u97,p38,ce_visible,정화 쓰나디오를 시작으로 일마 명화사운 등 상과 영화 영상본 법 상과 영화차령과 조명 등 영화 각 분야 전문가 함께 하는 국당을 운영할 보얘기다
p38_u97,p38,ce_invisible,영화 시나리를 시작으로 이화 영어 사운 등 화 영화영상분법 상와 영와 차량과 조명 등 영화 각 구야 전문가 함께 하는 책강의 운영할 기획이다
p38_u98,p38,taps,친북그 연구 정부원을 학교 어대자 활성화를 위해 해자하는 영화재자 정비 원스터지원서비스를 운영하고 있어 학교 영화제자부를 갖각 지원하고 있다
p38_u98,p38,ce,한북교육연구 경부원은 학풍 화대가 활성화를 위해 사상하는 명아대 경비 원폰 지원수비스를 운영하고 있어 학페 명화대자료의 급 하고 있다
p38_u98,p38,ce_s40,한보교육연구 경부원은 학생 화대가 활성화를 위해 사상하는 명화대 경비 원폰 지원비스를 운영하고 있어 학페 명화대상교의 다급 하고 있다
p38_u98,p38,ce_s80,한국교육연기 경부원은 학생 화대학 활성화를 위해 화상하는 명화대 경비 원법 지원수비스를 운영하고 있어 학페 명화대자료 급 하고 있다
p38_u98,p38,ce_s160,한국교육연구동부원는 학페 영화대자 활성화를 위해 사상하는 명화대 경비 원폰 지원수비스를 운영하고 있어 학페 명화대자료 극 하고 있다
p38_u98,p38,taps_s80,친국그 연구 정부원을 학교 영어대자 활성화를 위해 해자하의 영화재자 정비 원스터지원서비스를 운영하고 있어 학교 화제자부를 각각 지원하고 있다
p38_u98,p38,taps_s160,친국 연구 정부원을 학교 영어대자 활성화를 위해 해자하의 영재자 정비 원스터지원서비스를 운영하고 있어 학교 영화제자부를 갖각 지원하고 있다
p38_u98,p38,ce_visible,한북교육연구 경부원은 학풍 화대가 활성화를 위해 사상하는 명화대 경비 원폰 지원수비스를 운영하고 있어 학교 명화대자료의 급 하고 있다
p38_u98,p38,ce_invisible,친북그 연구 정부원을 학교 어대자 활성화를 위해 해자하는 영화재자 정비 원스터지원서비스를 운영하고 있어 학교 영화재자부를 갖각 지원하고 있다
p38_u99,p38,taps,학교에서 제작된 영원은 오는 십 이 월에 열리는 삼 회 참소 교육 의원회를 통해 관객에게 선고인다
p38_u99,p38,ce,학교에서 제답된 영원은 오는 십 이 월에 열리는 삼 일 산 보육병원대를 통해 광교육이 선공인다
p38_u99,p38,ce_s40,학교에서 제작된 영원은 오는 십 이 월에 열리는 삼 일 총북 교육 연원대를 통해 광금육이 선공인다
p38_u99,p38,ce_s80,학교에서 제작된 영원을 오는 십이 월에 열리는 삼 일 총북 육 의원대를 통해 광경육의 선공인다
p38_u99,p38,ce_s160,학교에서 제답된 영원은 오는 십 이 월에 열리는 삼 일 품북 교육 연원대를 통해 광교육의 선공인다
p38_u99,p38,taps_s80,학교에서 제작된 의원은 오는 십 이 월에 열리는 삼 일 참북 불 병화회를 통해 관객에게 선고인다
p38_u99,p38,taps_s160,학교에서 제작된 영원은 오는 십 이 월에 열리는 삼 일 참북 등 의화회를 통해 관객에게 선고인다
p38_u99,p38,ce_visible,학교에서 제답된 영원은 오는 십 이 월에 열리는 삼 일 산 교육병원대를 통해 광교육이 선공인다
p38_u99,p38,ce_invisible,학교에서 제작된 영원은 오는 십 이 월에 열리는 삼 회 참소 교육 병원회를 통해 관객에게 선고인다
p41_u00,p41,taps,근거 여사는 이십 일 일 한리 정상회담 한만찬이 행인 국립 중원 법물관에서 저바이은 미국 대통령을 남편 인사을 대통행과 함께 인접했다
p41_u00,p41,ce,근권 여사는 의수일 일 한  경상회담 한인 만찬일 행린 국립진단 법물관서 초 봐이은 미국 대통령을 남편 인사을 대통령과 게 응답했다
p41_u00,p41,ce_s40,근권 여사는 의수일 일 한 립 경상회담 한인 만찬일 경 국립 등방법물관에서 초 봐해은 미국 대통령을 남편 인사을 대통령과 함게 응답했다
p41_u00,p41,ce_s80,근권 야사는 의십일 일 한립 경상 회담 한인 만찬일 아린 국립진방법물관에서 초 봐이은 미국 대통령을 남편 인사을 대통령과 게 응답했다
p41_u00,p41,ce_s160,근권 여사는 의혹일 일 한립 경상 회담 한년 만찬이 아린 국립 진방 법물관에서 초 봐이은 미국 대통령을 남편 인사을 대통령과 게 응답했다
p41_u00,p41,taps_s80,근거 여사는 이십 일 일 한 리 정상회담 한만찬이 행인 국립 중원 법물관에서 조바이은 미국 대통령을 남편 인사을 대했는과 함게 인접했다
p41_u00,p41,taps_s160,근거 여사는 이십 일 일 한 리 정상회담 한만찬이행인 국립 중원 법물관에서 조바행은 미국 대통령을 남편 인사을 대통과 함께 인답했다
p41_u00,p41,ce_visible,근권 여사는 의수일 일 한  경상회담 한인 만산일 행린 국립 진방 법물관에서 초 바이은 미국 대통령을 남편 인사을 대통령과 게 응의답했다
p41_u00,p41,ce_invisible,근거 여사는 이십 일 일 한리 정상회담 한만찬이 행인 국립 중원 법물관에서 조바이은 미국 대통령을 남편 인사을 대통행과 함께 인접했다
p41_u01,p41,taps,이날 대통령실 등에 따르면 현색 쿠피스 전상 차림의 올림머리를 하고 현색 장가을 낀 김여하는 안찬장에 대착한 바이즈 대통령과 악서하며 반따한 인사를 당했다
p41_u01,p41,ce,이날 대통령 휴리 등에 따르면 헌색 쿠피스 정당 살인의 올림 마리를 하고 신색 장담을인 임여사는 안산장에 발착한 바이전 대통령과 악서하며 반당한 인사를 넘했다
p41_u01,p41,ce_s40,이날 대통령 씨리 뿐에 따르면 신색 쿠피스 정당 짜인에 올림 마리를 하고 신 장담을인 김여사는 안찬장에 부착한 바이전 대통령과 악싸하며 반당한 인사를 넘했다
p41_u01,p41,ce_s80,이날 대통령 휴리 등에 따르면 신색 쿠피스 정당 살인에 올림마리를 하고 신색 장담을인 김여사는 안산장에 부착한 바이든 대통령과 악수하며 반당한 인사를 넘했다
p41_u01,p41,ce_s160,이날 대통령 휴리 등에 따르면 신색 쿠피스 정당 사인에 올림마리를 하고 색 장담을 인 임여사는 안찬장에 부착한 바이든 대통령과 악서하며 반당한 인사를 넘했다
p41_u01,p41,taps_s80,이날 대통령시 등에 따르면 흰색 토위스 전상 차림의 올림머리를 하고 현색 장가을 킨 김여하는 안찬장에 대착한 바이은 대통령과 악서하며 반당한 인사를 낳했다
p41_u01,p41,taps_s160,이날 대통령실 등에 따르면 흰색 토위스 전상 차림에 올림머리를 하고 현색 장갑을 낀 김여하는 안찬장에 대착한 바이은 대통령과 악서하며 반당한 인사를 당했다
p41_u01,p41,ce_visible,이날 대통령 휴리 궁에 따르면 헌색 쿠피스 정당 살인의 올림마리를 하고 현색 장담을인 김여사는 안찬장에 발착한 바이전 대통령과 악서하며 반당한 인사를 넘했다
p41_u01,p41,ce_invisible,이날 대통령실 등에 따르면 현색 쿠피스 전상 차림의 올림머리를 하고 색 장가을 낀 김여하는 안찬장에 대착한 바이즈 대통령과 악서하며 반따한 인사를 당했다
p41_u02,p41,taps,김여사는 인사호 바이쥔 대통령 윤 대통령과 함께 박물관내 경선 사지 식 중 사합과 성남대통 보분 수도 근관 청년 사년 명동 공 등 자품을 갈람했다
p41_u02,p41,ce,근여사는 인사로 바이쥔 대통령 윤 대통령과 함께 박물관내 경천 사퇴 식중 사합과 성단대통 본부 촉적 검관 청년 사년 명동동  작품을 관람했다
p41_u02,p41,ce_s40,근여사는 인사로 바이은 대통령 윤 대통령과 함께 박물관내 경천 사실 숙중 사합과 홍단대통 덕분 촉검 음강 청면 사년 명동본  작품을 관람했다
p41_u02,p41,ce_s80,김여사는 인사로 바이은 대통령 윤 대통령과 함길 박물관내 건천 사이 숙중 폭합과 홍단대통 본부 속거 음관 청면 사년 명동공  작품을 관라했다
p41_u02,p41,ce_s160,국여삼는 인사호 바이은 대통령 윤 대통령과 함결 박물관내 경선 사이 숙중 속합과 홍단대통 본부 속적 검관 청면 사면 명동동  작품을 관라했다
p41_u02,p41,taps_s80,김여사는 인사호 바이쥔 대통령 윤 대통령과 함께 박물관내 경선 사실 식중 사합과 성남 대통 북분 수도 근관 청년 사년 명동 공 등 작품을 간람했다
p41_u02,p41,taps_s160,김여사는 인사호 바이쥔 대통령 윤 대통령과 함께 박물관내 경선 사진 식중 사합과 성남대통 보분 속도 근관 청년 사년 명동공 등 작품을 간담했다
p41_u02,p41,ce_visible,근여사는 인사로 바이쥔 대통령 윤 대통령과 함께 박물관내 경천 사퇴 식중 사합과 성단대통 본부 촉적 검관 청년 사년 명동동 등 사품을 관람했다
p41_u02,p41,ce_invisible,김여사는 인사호 바이쥔 대통령 윤 대통령과 함께 박물관내 경선 사지 식 중 사합과 성남대통 보분 수도 근관 청년 사년 명동 공 등 작품을 갈람했다
p41_u03,p41,taps,근여사는 작품 관남후 이해진 공식 현력 만탄 생사에는 참석하지 않았다
p41_u03,p41,ce,근여사는 작품 관남후 이해주 공식 한명 만큼는 가해는 삼석할지 않았다
p41_u03,p41,ce_s40,근여사는 작품 관남후 이해주 공식 한력 만다는 가해는 삼석할지 않았다
p41_u03,p41,ce_s80,근여사는 작품 관남후 이해주 공습 한명 만씀는 가리는 삼석하지 않았다
p41_u03,p41,ce_s160,근여사는 작품 관남후 이해주 공식 한명 만큼을 가해는 삼석하지 않았다
p41_u03,p41,taps_s80,근여사는 작품 관람후 이해진 공식 현력 만탄 생사에는 참석하지 않았다
p41_u03,p41,taps_s160,김여사는 작품 관람후 이해진 공식 현력 만탄 생사에는 참석하지 않았다
p41_u03,p41,ce_visible,근여사는 작품 관남후 이해주 공식 한력 만큼는 가해는 삼석할지 않았다
p41_u03,p41,ce_invisible,근여사는 작품 관남후 이해진 공식 현력 만탄 생사에는 참석하지 않았다
p41_u04,p41,taps,당초 근여사는 예교에 있어 엄택한 사고수에 따라 바이은 대통령이 방안하는 이약 삼 일 동안 모습을 전혼내지 않고 증러한 내조를 할 것으로 전망됐다
p41_u04,p41,ce,당초 근여사는 예교에 있어 엄벽한 상호수위에 따라 발은 대통령이 방안하는 이약 삼 일 동안 모습을 자어의 경고 불론한 내도를 할 것으로 전망됐다
p41_u04,p41,ce_s40,당초 근여사는 외교에 있어 엄벽한 사호수에 따라 바은 대통령이 방안하는 이약 삼 일 동안 모습을 자혼의 경고 한 내도를 할 것으로 전망됐다
p41_u04,p41,ce_s80,당초 근여사는 외교에 있어 검벽한 사호수위에 따라 바이은 대통령이 방안하는 이백 삼 일 동안 모습을 드러날 경고 교한 내도를 할 것으로 전망됐다
p41_u04,p41,ce_s160,방초 근여사는 외교에 있도 엄벽한 상호수에 따라 반해은 대통령이 방환하는 이백 삼 일 동안 모습을 자어을 경해 불한 내도를 할 것으로 전망됐다
p41_u04,p41,taps_s80,당초 근여사는 예교에 있어 엄퇴한 사고주에 따라 바이은 대통령이 방안하는 이박 삼 일 동안 모습을 전혼내지 않고 증러한 내조를 할 것으로 전망됐다
p41_u04,p41,taps_s160,당초 근여사는 예교에 있어 엄퇴한 사고주의에 따라 바이은 대통령이 방안하는 이박 삼 일 동안 모습을 전혼내지 않고 등러한 내조를 할 것으로 전망됐다
p41_u04,p41,ce_visible,당초 근여사는 예교에 있어 엄벽한 상호수위에 따라 반은 대통령이 방안하는 이약 삼 일 동안 모습을 드어의 경고 불론한 내도를 할 것으로 전망됐다
p41_u04,p41,ce_invisible,당초 근여사는 예교에 있어 엄택한 사고수에 따라 바이은 대통령이 방안하는 이약 삼 일 동안 모습을 전혼내지 않고 증러한 내조를 할 것으로 전망됐다
p41_u05,p41,taps,박이은 대통령이 이번 다안에서 부인길 자행여사와 통행하지 않았기 때문인데 이에 집여 사도 모습을 드환내기 어려울 것이란 관책이 기대적이했다
p41_u05,p41,ce,발이은 대통령이 이번 방안에서 부인시를 발이징 여사와 동행하지 않았기 때문인등 이에 국내사도 모습을 드어 내기 어려울 것이란 관축이 구배적이었다
p41_u05,p41,ce_s40,박이은 대통령이 이번 방안에서 부인시를 발이징 여사와 동행하지 않았기 때문인데 이에 국내사도 모습을 드어내기 어려울 것이란 관척이 불배적이었다
p41_u05,p41,ce_s80,박이은 대통령이 이번 방안에서 부인술를 발이징 여사와 동행하지 않았기 때문인데 이에 국내사도 모습을 드어 내기 어려울 것이란 관초이 구배적이었다
p41_u05,p41,ce_s160,발이은 대통령이 이번 방안에서 부인술를 발해징 여사와 동행하지 않았기 때문인데 이에 국내사도 모습을 드어내기 어려울 것이란 관초이 구배적이었다
p41_u05,p41,taps_s80,박이은 대통령이 이번 방안에서 부인길 자행 여사와 통행하지 않았기 때문인데 이에 집여 사도 모습을 전환내기 어려울 것이란 관책이 기대적이했다
p41_u05,p41,taps_s160,박이은 대통령이 이번 방안에서 부인길 자행미사와 통행하지 않았기 때문인데 이에 집여 사도 모습을 전환내기 어려울 것이란 단책이 기대적이했다
p41_u05,p41,ce_visible,발이은 대통령이 이번 방안에서 부인시를 발이징 여사와 동행하지 않았기 때문인등 이에 국내사도 모습을 드어 내기 어려울 것이란 관축이 구배적이었다
p41_u05,p41,ce_invisible,박이은 대통령이 이번 방안에서 부인길 자행여사와 통행하지 않았기 때문인데 이에 집여 사도 모습을 드환내기 어려울 것이란 관책이 기대적이했다
p41_u06,p41,taps,그러나 비공식 공사 등을 통해 바이드 대통령에게 인사하는 것을 예의로 판단 이날 만탄는 사전은 헌짝 분상했다
p41_u06,p41,ce,그러나 비공 식공사등을 통해 바이드 대통령에게 인사하는 것을 예의로 판단 이날 만탄핵사 전은 검짝 공팡했다
p41_u06,p41,ce_s40,그러나 비공 시공사등을 보해 바이드 대통령에게 인사하는 것을 예의로 판단 이날 만탄행사 전은 검짝 공상했다
p41_u06,p41,ce_s80,그러나 비공 식공사등을 통해 바이드 대통령에게 인사하는 것을 예의로 판단 이날 만탄행사 전은 검짝 분석했다
p41_u06,p41,ce_s160,그러나 비공 식공사등을 통해 바이드 대통령에게 인사하는 것을 예의로 판단 이날 만탄핵과 전은 권적 공석했다
p41_u06,p41,taps_s80,그러나 비공식 청사 등을 통해 바이드 대통령에게 인사하는 것을 예의로 판단 이날 만탄사전은 탐짝 분단했다
p41_u06,p41,taps_s160,그러나 비공식 공사 등을 통해 바이드 대통령에게 인사하는 것을 예기로 판단 이날 만탄사전은 탐짝 등단했다
p41_u06,p41,ce_visible,그러나 비공 식 공사등을 통해 바이드 대통령에게 인사하는 것을 예의로 판단 이날 만탄핵사 전은 검짝 공상했다
p41_u06,p41,ce_invisible,그러나 비공식 청사 등을 통해 바이드 대통령에게 인사하는 것을 예의로 판단 이날 만탄는 사전은 헌짝 분상했다
p41_u07,p41,taps,관광창 전 에스플레스 자산운영 회담이 금융 감동안 대대심의위원회에서 직무정기 처분을 받았다
p41_u07,p41,ce,관망찬 전 에셀플레스 자산운력 회장이 금융 감동원 대대 스무리원회에서 스무경기 처분을 받았다
p41_u07,p41,ce_s40,광망찬 전 에스 플러스 자사운력 회장이 금융 감동원 세대 스무위원회에서 스무정기 처분을 받았다
p41_u07,p41,ce_s80,광방찬 전 에스 플라스 자사운력 회장이 금융 감동환 세대 시미리원회에서 스무경기처분을 받았다
p41_u07,p41,ce_s160,광방찬 선 에스 플라스 자산업력 회장이 금융 감동원 세대 스희리원회에서 종무경기 처분을 받았다
p41_u07,p41,taps_s80,관광창 전 에스플레러스 자산운영 회장이 금융감동원 대대시의위원회에서 직무정기 처분을 받았다
p41_u07,p41,taps_s160,관광창 전 에스플레스 자산원염 회장이 금융감동원 대대시의위원회에서 직무정기 처분을 받았다
p41_u07,p41,ce_visible,관망찬 전 에셀 플레스 자산운력 회장이 금융 감동원 세대 스무리원회에서 스무경기 처분을 받았다
p41_u07,p41,ce_invisible,관광창 전 에스플레스 자산운영 회담이 금융 감동안 대대심의위원회에서 직무정기 처분을 받았다
p41_u08,p41,taps,십 오 일 금융투자업계 따르면 근검부는 전날 열린 대대시의위원회에서 강권 회장에 대해 직무정부와 사태로 부가등을 결정했다
p41_u08,p41,ce,십 오 일 금융투자업계 따르면 근검하는 전날 열린 대대 스의위원회에서 관광 회당에 대해 재무정수와 사태로 부갈등을 결정했다
p41_u08,p41,ce_s40,십 오 일 금융투자업계 따르면 근강하는 전날 열린 대대 스의위원회에서 관광 회상에 대해 직무정수와 사태로 부갈등을 결정했다
p41_u08,p41,ce_s80,십 오 일 금융투자께 따르면 근강하는 전날 열린 대대스의위원회에서 관광 회장에 대해 집무정수와 사태로 부갈등을 결정했다
p41_u08,p41,ce_s160,십 오 일 금융투자께 따르면 근검하는 전날 열린 대대스의위원회에서 관광 회장에 대해 재무정수와 사태로 부갈등을 결정했다
p41_u08,p41,taps_s80,십 오 일 금융투자업계 따르면 근검부는 전날 열린 대대시의위원회에서 강권 회장에 대해 직무정부와 사태로 부가등을 결정했다
p41_u08,p41,taps_s160,십 오 일 금융투자업계 따르면 근검부하는 전날 열린 대대시의위원회에서 당권 회장에 대해 직무정부와 사태로 부가등을 결정했다
p41_u08,p41,ce_visible,십 오 일 금융투자업계 따르면 근검하는 전날 열린 대대 스의위원회에서 관간 회장에 대해 재무정수와 사태로 부갈등을 결정했다
p41_u08,p41,ce_invisible,십 오 일 금융투자업계 따르면 근검부는 전날 열린 대대시의위원회에서 강권 회장에 대해 직무정부와 사태로 부가등을 결정했다
p41_u09,p41,taps,인번에 대한 장계는 주의 부적 경고 문책 경고 직무성기 해인 경거로 나뉜다
p41_u09,p41,ce,일문에 대한 공개는 부의 부적 경고 문색 경우 국무정직 흔 권거로 나뉜다
p41_u09,p41,ce_s40,일문에 대한 공기는 부의 부적 경고 문색 경우 국무정직 흔 경거로 나뉜다
p41_u09,p41,ce_s80,일문에 대한 공기는 부의 부적 경고 문색 경우 국무정직 을 권거로 나뉜다
p41_u09,p41,ce_s160,일번에 대한 공개는 부의 부적 경고 문색 경우 국무정직 큰 권거로 나뉜다
p41_u09,p41,taps_s80,인번에 대한 단계는 주의 부적 경고 문책 경고 직무성지 해인 경거로 나뉜다
p41_u09,p41,taps_s160,인권에 대한 단계는 두의 부적 경고 문책 경고 직무성기 해인 경거로 나뉜다
p41_u09,p41,ce_visible,일문에 대한 공기는 교의 부적 경고 문색 경우 국무정직 흔 경거로 나뉜다
p41_u09,p41,ce_invisible,인번에 대한 장계는 주의 부적 경고 문책 경고 직무성기 해인 경거로 나뉜다
p41_u10,p41,taps,정무정비의 경우 서울 사 면간 금명권 임원취업이 개한되는 종긴계에 해당한다
p41_u10,p41,ce,국무 정부의 경우 향후 사 면간 금융권 임원 트업이 대한되는 종금계에 해당한다
p41_u10,p41,ce_s40,국무 정부의 경우 홍우 사 면간 금융권 임원 트협이 대한되는 종징계에 해당한다
p41_u10,p41,ce_s80,국무 정부의 경우 홍후 사 면간 금융권 임원 트업이 제한되는 종금계에 해당한다
p41_u10,p41,ce_s160,국무 정부의 경우 향후 사 면간 금융권 임원 취업이 과한되는 종금계에 해당한다
p41_u10,p41,taps_s80,정무경부의 경우 소울 사 면간 금명권 임원취업이 개한되는 분긴계에 해당한다
p41_u10,p41,taps_s160,정무경비의 경우 서울 사 년간 금명권 임원지업이 개한되는 중긴계에 해당한다
p41_u10,p41,ce_visible,국무 정부의 경우 향후 사 면간 금융권 임원 지업이 대한되는 종징계에 해당한다
p41_u10,p41,ce_invisible,정무정비의 경우 서울 사 면간 금명권 임원취업이 개한되는 종긴계에 해당한다
p41_u11,p41,taps,강 전 회장은 한행투자 의혹이 불거들이 빚한 지난 칠 일 백 명 일선에서 물러한 바 있다
p41_u11,p41,ce,관전 회장은 화일수당 의혹이 불거지이 됐한 지난 칠 일 경명 인사에서 물러남 바 있다
p41_u11,p41,ce_s40,관전 회장은 하일수장 음혹이 불거지이 했한 지난 칠 일 광명 인사에서 물러한 바 있다
p41_u11,p41,ce_s80,관 전 회장은 하일수장 의혹이 불거지이 했한 지난 칠 일 광명 인사에서 물러남 바 있다
p41_u11,p41,ce_s160,관전 회장은 삼일수당 의혹이 불거지이 비한 지난 칠 일 광명 인선에서 물러남 바 있다
p41_u11,p41,taps_s80,광 전 회장은 한행투자 의혹이 불거들이 비한 지난 칠 일 백 명 예선에서 물론한 바 있다
p41_u11,p41,taps_s160,강 전 회장은 차량 투자 의혹이 불거들이 비싼 지난 칠 일 백 명 예선에서 물어한 바 있다
p41_u11,p41,ce_visible,관 전 회장은 사일수당 의혹이 불거지이 비한 지난 칠 일 경명 인사에서 물러남 바 있다
p41_u11,p41,ce_invisible,강 전 회장은 한행투자 의혹이 불거들이 빚한 지난 칠 일 백 명 일선에서 물러한 바 있다
p41_u12,p41,taps,김거원는 에스플러스 운명을 대상으로 한 정기 공사 과정에서 각 회장이 참여을 통한 아기 매매르해런 상황에 평파다
p41_u12,p41,ce,김강원은 여세 플라스 운명의 대상으로 한 정기공사 과정에서 각 회장이 천량을 통한 자기 매매를 이운 상황에 평했다
p41_u12,p41,ce_s40,김공원는 여세 플라스 운명의 대상으로 한 정기공사 과정에서 각 회장이 천명을 통한 자기 매매를 이운 상황에 평했다
p41_u12,p41,ce_s80,김여원는 여세 플라스 운명의 대상으로 한 정기공사 과정에서 각 회장이 천명을 포한 자기 매매를 이운 경향에 평했다
p41_u12,p41,ce_s160,김공원은 여세 플라스 운명의 대상으로 한 정기공사 과정에서 각 헬장이 천영을 포한 자기 매매를 해운 경향에 평했다
p41_u12,p41,taps_s80,김검원는 에스플러스 운영을 대상으로 한 정기 공사 과정에서 각 회장이 참여을 통한 아기 매매르임용 상황에 평했다
p41_u12,p41,taps_s160,김검원는 에스플러스 운명을 대상으로 한 정기 공사 과정에서 각 회장이 참여을 통한 아기 매매르임을 상황에 평했다
p41_u12,p41,ce_visible,김공원은 여세 플라스 운명의 대상으로 한 정기공사 과정에서 각 회장이 천량을 통한 자기 매매를 이운 상황에 평했다
p41_u12,p41,ce_invisible,김거원는 에스플러스 운명을 대상으로 한 정기 공사 과정에서 각 회장이 참여을 통한 아기 매매르해런 상황에 평다
p41_u13,p41,taps,근간원는 공료피스업체 원도플레스트에 각회장이 개인자금을 대응해는 뒤 법 명의로 조식 조사를 한 것이 삼임구자 자기 매매라고 판단했다
p41_u13,p41,ce,금강너는 공료교스업에 원도플렛트의 상해장이 개인자금을 대응해준 뒤 법인 명위로 조습 투자를 한 것이 신임구장 사기 매매라고 판단했다
p41_u13,p41,ce_s40,금강너는 공료스업에 원도플렛트의 사해장이 개인자금을 대응해는 뒤 법인 명위로 조세 투자를 한 것이 신임구당 사기 매매라고 판단했다
p41_u13,p41,ce_s80,금간너는 공료피스업에 원도플렛트의 사해장용 개인자금을 대응해준 뒤 법인 명위로 조세 투자를 한 것이 현용구장 사기 내매라고 판단했다
p41_u13,p41,ce_s160,금강원는 공료피스에 원도플렛트의 강해장용 개인자금을 대응해준 뒤 법의 명위로 조세 투자를 한 것이 신용부장 사기 매매라고 판단했다
p41_u13,p41,taps_s80,금간원는 공료비스업체 원도플레스트에 각회장이 개인자금을 대응해준 뒤 법인 명의로 조식 구사를 한 것이 트맥구자 자기 매매라고 판단했다
p41_u13,p41,taps_s160,금간원는 공료비스업체 원도플레스트에 각회장이 개인자금을 대응해는 뒤 법 명의로 조식 구사를 한 것이 상임 구자 자기 매매라고 판단했다
p41_u13,p41,ce_visible,금강원는 공료교스업에 원던플렛트의 상해장이 개인자금을 대응해둔 뒤 법인 명위로 조습 투자를 한 것이 수임구장 사기 매매라고 판단했다
p41_u13,p41,ce_invisible,근간원는 공료피스업체 원도플레스트에 각회장이 개인자금을 대응해는 뒤 법 명의로 조식 조사를 한 것이 삼임구자 자기 매매라고 판단했다
p41_u14,p41,taps,원도 플러스는 가회장이 대출분 광회장에 딸리 이대 주지로 올라와 있다
p41_u14,p41,ce,먼도 플러스는 가해장이 대구 당매장에 따리 입에 부지로 올라와있다
p41_u14,p41,ce_s40,먼도 플라스는 가해장의 대구 당회장에 딸리 입에 부지로 올라와 있다
p41_u14,p41,ce_s80,먼도 플러스는 가해장이 백구조 당회장에 딸리 이에 부도로 올라와 있다
p41_u14,p41,ce_s160,원도 플라스는 가해장이 대구 당교장에 따리 이대 부지로 올라와 있다
p41_u14,p41,taps_s80,원도플러스는 가회장이 대출분 광회장에 딸리 이대 주지로 올라와 있다
p41_u14,p41,taps_s160,원도플러스는 가회장이 대출후 광회장에 딸따리 이대 주지로 올라와 있다
p41_u14,p41,ce_visible,먼도 플라스는 가해장의 대구 당회장에 따리 이대 부지로 올라와있다
p41_u14,p41,ce_invisible,원도 플러스는 가회장이 대출분 광회장에 딸리 이대 주지로 올라와 있다
p41_u15,p41,taps,분강은의 저대심 이 후 대제는 금융위원회 증가 선무 이행에 금융위 장례 회의를 가쳐 최종 결정된다
p41_u15,p41,ce,김간만해 교대수 이후 최대는 금융위원회 둔가 선물 위안은 금융이 경내 회의를 가쳐 퇴근 발전된다
p41_u15,p41,ce_s40,김간만의 교제상 이후 체제는 금융위원회 분가 선물 위원은 금융이 경내 회의를 가쳐 퇴종 발전된다
p41_u15,p41,ce_s80,김간만의 교제수 이후 최제는 금융위원회 둔가 선물 위원은 금융욱 경내 회의를 가쳐 최종 발전된다
p41_u15,p41,ce_s160,김간만에 제대상 이후 최대는 금융위원회 둔가 선물 위하은 근융욱 경내 회의를 가쳐 퇴종 발전된다
p41_u15,p41,taps_s80,분강은의 저대심 이 후 대제는 금융위원회 증가 사무 위에에 금융위 장례 회의를 가쳐 최종 결정된다
p41_u15,p41,taps_s160,분강관의 최대심 이 후 대제는 금융위원회 증가 사무 위한에 금융이 장례 회의를 거쳐 최종 결정된다
p41_u15,p41,ce_visible,김간만해 교대수 이후 최제는 금융위원회 등가 선물 위안은 금융이 경내 회의를 가쳐 퇴종 발정된다
p41_u15,p41,ce_invisible,분강관의 저대심 이 후 대제는 금융위원회 증가 선무 이행에 금융위 장례 회의를 가쳐 최종 결정된다
p41_u16,p41,taps,본산 종국 온도인 창정가는 전국 회전 장애인퇴전 기관 동안 선님마지 택정하 행사를 마련한다
p41_u16,p41,ce,울산 동구 온도인 창전가는 전국 팔 전 장애인대전 기단관동안 선님마에 파등하는 행사를 마련한다
p41_u16,p41,ce_s40,울산 중구 온도인 평전가는 전국 팔전 장애인 대전 기관동안 선님마에 폭동하는 행사를 마련한다
p41_u16,p41,ce_s80,울산 중구 온도인 평전가는 종국 회전 장애인 최전 대관동안 선님마지 폭등하는 행사를 마련한다
p41_u16,p41,ce_s160,울산 공주 온도인 평정관는 종국 해전 장애인 대단 기관동안 손님력에 평동하 행사를 마련한다
p41_u16,p41,taps_s80,동산 종국 원도인 창전가는 전국 해회전 장애인퇴전 기관 동안 현님마지 택정하 행사를 마련한다
p41_u16,p41,taps_s160,문산 정국 원도인 창전가는 전국 퇴전 장애계전 기관 동안 본님마에 택정하 행사를 마련한다
p41_u16,p41,ce_visible,울산 공구 온도인 창전가는 전국 팔전 장애인대전 기관동안 손님마에 특동하는 행사를 마련한다
p41_u16,p41,ce_invisible,문산 종국 온도인 창전가는 전국 회전 장애인퇴전 기관 동안 선님마지 택정한 행사를 마련한다
p41_u17,p41,taps,중부는 오는 칠 일부터 이십 사 일까지 문화일 거리와 보세 거리 젊음에 거리 일범시팀의 성장 여든 아홉 곳이 특별 현용사를 지행린다고 얘 일 밝혔다
p41_u17,p41,ce,중부는 오는 칠 일부터 이십 사 일까지 문화일 거리와 모세 거리 절품을 거리 외컴시팀의 성장 여나 꽃시 특별한 행사를 진행한다고 육 일 밝혔다
p41_u17,p41,ce_s40,중부는 오는 칠 일부터 이십 사 일까지 문화일 거리와 모세 거리 절품을 거리 외컴시팀의 생장한 여나 꽃이 특별한 행사를 진행한다고 육 일 밝혔다
p41_u17,p41,ce_s80,중부는 오는 칠 일부터 이십 사 일까지 문화일 거리와 모세 거리 재품을 거리 일컴시팀의 성장한 여나 꽃이 특별한 행사를 진행한다고 육 일 밝혔다
p41_u17,p41,ce_s160,중부는 오는 칠 일부터 이십 사 일까지 문화일 거리와 모세 거리 절품매 거리 외컴시팀의 성장 여나 꽃이 특별한 행사를 진행한다고 육 일 밝혔다
p41_u17,p41,taps_s80,중부는 오는 칠 일부터 이십 사 일까지 문화일 거리와 보세 거리 젊음에 거리 일범시팀의 성장 여든 나홉 곳이 특별 현용사를 지행인다고 얘 일 밝혔다
p41_u17,p41,taps_s160,중부는 오는 칠 일부터 이십 사 일까지 문화일 거리와 보세 거리 젊음에 거리 일범시팀의 성장 여든 아홉 곳이 특별 현행사를 지행인다고 얘 일 밝혔다
p41_u17,p41,ce_visible,중부는 오는 칠 일부터 이십 사 일까지 문화일 거리와 모세 거리 재범을 거리 외컴시팀의 성장 여나 꽃시 특별한 행사를 진행한다고 육 일 밝혔다
p41_u17,p41,ce_invisible,중부는 오는 칠 일부터 이십 사 일까지 문화일 거리와 보세 거리 젊음에 거리 일범시팀의 성장 여든 아홉 곳이 특별 현용사를 지행린다고 얘 일 밝혔다
p41_u18,p41,taps,일장권이나 홍급물 등 정부체정 관련 물품을 들고 해장 수를 당문하면 제품 과격 가림과 무려업리 등 다양한 혜택을 받을 수 있다
p41_u18,p41,ce,일단권이나 홍공매은 정국 차적반련 물품을 들고 해당 로를 반문하면 제품파각 가인과 무려료 등 다양한 혜택을 받을 수 있다
p41_u18,p41,ce_s40,일단권이나 홍공매은 경국 최적반련 물품을 들고 해당 로를 방문하면 제품파각하인과 무려의료 등 다양한 혜택을 받을 수 있다
p41_u18,p41,ce_s80,일단권이나 홍급매은 경국 최적반련 물품을 들고 해장 로를 방문하면 제품 파각가인과 무려의료 등 다양한 혜택을 받을 수 있다
p41_u18,p41,ce_s160,일단권이나 홍급매 등 정국 체적반련 물품을 들고 차장 로를 방문하면 제품 가격가인과 무려의료 등 다양한 혜택을 받을 수 있다
p41_u18,p41,taps_s80,일장권이나 홍보물 등 정부체종 관련 물품을 들고 해장 수를 단문하면 제품과격 가림과 무려업리 등 다양한 혜택을 받을 수 있다
p41_u18,p41,taps_s160,일장권이나 홍부물 등 정부체정 관련 물품을 들고 해장 수를 당문하면 제품 가격 가림과 무려업리 등 다양한 혜택을 받을 수 있다
p41_u18,p41,ce_visible,일단권이나 홍공매은 정국 차적반련 물품을 들고 해장 수를 방문하면 제품파각 가인과 무려료 등 다양한 혜택을 받을 수 있다
p41_u18,p41,ce_invisible,일장권이나 홍급물 등 정부체정 관련 물품을 들고 해장 수를 당문하면 제품 과격 가림과 무려업리 등 다양한 혜택을 받을 수 있다
p41_u19,p41,taps,또 이천 이십이 전국 태는 울산 인터게램개정을 팔라올 인뒤 이증에 해도 같은 혜택을 찾를 수 있다
p41_u19,p41,ce,또 이천 이키이 전국 태는 울산 인타그램개정을 팔라는 뒤 인종화에도 같은 혜택을 받을 수 있다
p41_u19,p41,ce_s40,또 이천 이십이 전국 최는 울산 인타그램개정을 팔러는 뒤 인종화에도 같은혜택은 받을 수 있다
p41_u19,p41,ce_s80,또 이천 기이 전국 태는 출산 인타그램 개정을 팔러는 뒤 인종화에도 같은 혜택은 받을 수 있다
p41_u19,p41,ce_s160,또 이천 십이 전국 태는 울산 인타그램 개정을 팔라는 뒤 인종화에도 같은 혜택은 받을 수 있다
p41_u19,p41,taps_s80,또 이천 이십이 전국 태는 울산 인터그램개정을 팔라올 인뒤 이증에 해도 같은 혜택을 찾를 수 있다
p41_u19,p41,taps_s160,또 이천 이십이 전국태는 울산 인터그램개정을 팔라올 인뒤 이징에 해도 같은 혜택을 찾를 수 있다
p41_u19,p41,ce_visible,또 이천 이십이 전국 태는 울산 인타그램개정을 팔라는 뒤 인종화에도 같은 혜택을 받을 수 있다
p41_u19,p41,ce_invisible,또 이천 이십이 전국 태는 울산 인터게램개정을 팔라올 인뒤 이증에 해도 같은 혜택을 찾를 수 있다
p41_u20,p41,taps,배가 박수 울산점은 전북체정 기관 동안 용합표 삼천원 콘공세트 상차원 할인의해를 기행인다
p41_u20,p41,ce,내가 박수 울산점은 정북 체정 기관 동안 용합표 삼차원 총버센터 삼사원 할인 행사를 기행린다
p41_u20,p41,ce_s40,배가 박스 울산점은 전북 체정 부관동은 용학표 삼천원 천버센터 삼사원 할인 행사를 기행는다
p41_u20,p41,ce_s80,배가 박스 울산점은 전북 체정 부단봉은 용학표 삼천원 천버센터 상사한 할인 행사를 기행한다
p41_u20,p41,ce_s160,배가 박스 울산점은 전국 체정 부단봉은 용학표 삼천원 천공센터 상사원 할인 행사를 기행한다
p41_u20,p41,taps_s80,매가 박수 울산점은 전북체정 기관 동안 용합표 삼천원 콘버세트 상사원 할인 메해를 기행인다
p41_u20,p41,taps_s160,매가 박수 울산점은 전북체정 기관 동안 용합표 산천원 콘공세터 상차원 할인의해를 기내인다
p41_u20,p41,ce_visible,배가 박수 울산점은 정북 체정 부단 동안 용합표 삼차원 총버센터 삼사원 할인 행사를 기행한다
p41_u20,p41,ce_invisible,배가 박수 울산점은 전북체정 기관 동안 용합표 삼천원 콘버세트 상차원 할인의해를 기행인다
p41_u21,p41,taps,중국 문화 거리 이십 팔 에 입기한 울산태액시기은 시 월 한달성은 다양한 작품을 이십 삼십 퍼센트 할인된 가격으로 품매한다
p41_u21,p41,ce,중국 문화 거리 이십 팔 에 기한 울산태액기급은 시월 한달공은 다양한 작품을 이십 삼십 퍼센트 확인등 가각으로 포매한다
p41_u21,p41,ce_s40,중부 문화 거리 이십 팔 에 기한 울산태액기급은 시울 한단공은 다양한 작공을 이십 삼십 퍼센트 확인등 가각으로 포매한다
p41_u21,p41,ce_s80,중부 문화 거리 이십 팔 에 기한 울산트액기급은 시울 한단성은 다양한 작공을 이십 삼십 퍼센트 할인등 가각으로 포매한다
p41_u21,p41,ce_s160,중부 문화 거리 이십 팔 에 지한 울산태액기급은 수원 한달동은 다양한 작품을 이십 삼십 퍼센트 할인등 가각으로 품매한다
p41_u21,p41,taps_s80,중국 문화 거리 이십 팔 에 기한 울산태액시 기본 시 월 한달성은 다양한 작품을 이십 삼십 퍼센트 할인된 가작으로 품매한다
p41_u21,p41,taps_s160,중국 문화 거리 이십 팔 에 입기한 울산태액기 기본 시 월 한달성은 다양한 작품을 이십 삼십 퍼센트 할인된 가작으로 품매한다
p41_u21,p41,ce_visible,중국 문화 거리 이십 팔 에 입기한 울산태액기집은 시울 현달공은 다양한 작공을 이십 삼십 퍼센트 확인등 가각으로 포매한다
p41_u21,p41,ce_invisible,중국 문화 거리 이십 팔 에 입기한 울산태액시기은 시 월 한달성은 다양한 작품을 이십 삼십 퍼센트 할인된 가격으로 품매한다
p41_u22,p41,taps,김명길 정구청장은 울산을 방문한 많은 승님들이 원도심에서 먹고 재굴고 편이시는 등 좋 축학을 말이 만들고 같들이 바한다고 말했다
p41_u22,p41,ce,김명길 중부청장은 울산을 방문한 많은 선님들이 원도에서 먹고 들들고 편이기는 등 좋은 충학을 많이 만들고 가득 바한다고 말했다
p41_u22,p41,ce_s40,김명길 중구청장은 혼산을 방문한 많은 선님들이 원도심에서 먹고 들들고 편이기는 등 좋은 교학을 많이 만들고 가득게 바한다고 말했다
p41_u22,p41,ce_s80,김명길 중구청장은 혼산을 방문한 많은 선님들이 원도심에서 먹고 들들고 편이기는 등 좋은 교박을 많이 만들고 가격게 바한다고 말했다
p41_u22,p41,ce_s160,김명길 중구청장은 울산을 방문한 많은 선님들이 원도시에서 먹고 들들고 편이기는 등 좋은 충학을 많이 만들고 가습에 바한다고 말했다
p41_u22,p41,taps_s80,김명길 정부청장은 울산을 방문한 많은 승님들이 원도심에서 먹고 재굴고 편이시는 등 좋 축학을 말이 만들고 같치 바한다고 말했다
p41_u22,p41,taps_s160,김명길 정구청장은 울산을 방문한 많은 승님들이 원도심에서 먹고 재굴고 편이시는 등 좋원 축학을 말이 만들고 같치 바한다고 말했다
p41_u22,p41,ce_visible,김명길 중부청장은 울산을 방문한 많은 선님들이 원도에서 먹고 들들고 편이기는 등 좋은 충학을 많이 만들고 가득 바한다고 말했다
p41_u22,p41,ce_invisible,김명길 정구청장은 울산을 방문한 많은 승님들이 원도심에서 먹고 재굴고 편이시는 등 좋 축학을 말이 만들고 같들이 바한다고 말했다
p41_u23,p41,taps,한편 울산에서 십 칠 년 만에 열리는 대 백 삼일 전국 회대회와 제 사십 이  전국장인치대에는 호는 칠 일부터 일 사 일까지 펼쳐진다
p41_u23,p41,ce,한편 울산 의가 출 년 만에 열리는 해 백 삼 에 변급 체역대회와 백 사수비에 공급당연 수익대에는 오는 십 일부터 은사 일까지 팔자된다
p41_u23,p41,ce_s40,한편 울산 의가 출 년 만에 열리는 갠 백 삼 에 전급 태대회와 백 사수비에 전국당연 수익대는 오는 칠 일부터 은 사 일까지 팔자린다
p41_u23,p41,ce_s80,한편 울산 의가 출 년 만에 열리는 대 백 삼 에 경급수역대회와 백 가수비에 전국당연 수역대는 또는 칠 일부터 은 사 일까지 팔자린다
p41_u23,p41,ce_s160,한편 울산 의가 수출년 만에 열리는 대 백 삼에 전국 태대회와 백 사수비에 공급당인 수익대는 오는 십 일부터 의사 일까지 팔당린다
p41_u23,p41,taps_s80,한편 울산에서 십 칠 년 만에 열리는 대 백 삼일 전국 회대회와 제 사십 이  전국장인 체대에는 오는 칠 일부터 일 사 일까지 펼쳐진다
p41_u23,p41,taps_s160,한편 울산에서 십 칠 년 만에 열리는 대 백 삼일 전국 회대회와 제 사십 이  전국 장인치대에는 오는 칠 일부터 일 사 일까지 펼쳐진다
p41_u23,p41,ce_visible,한편 울산의가 출 년 만에 열리는 해 백 삼 에 변급체역대회와 백 사수비에 공급당연 수익대에는 오는 십 일부터 의사 일까지 팔자진다
p41_u23,p41,ce_invisible,한편 울산에서 십 칠 년 만에 열리는 대 백 삼일 전국 회대회와 제 사십 이  전국장인치대에는 호는 칠 일부터 일 사 일까지 펼쳐진다
p41_u24,p41,taps,학교 급식을 공급하면서 원선지를 허의 출시한 낙부업자들이 인천 시에 적발됐다
p41_u24,p41,ce,학교 급식을 공급하면서 원찬지를 허위 출시한 낙플로자달이 인천시에 적발됐다
p41_u24,p41,ce_s40,학교 급식을 공급하면서 원찬지를 허위 중시한 낙플로다 달이 인편시에 적발됐다
p41_u24,p41,ce_s80,학교 급식을 공급하면서 원찬 지를 허위 중시한 낙부로다달이 인편티에 적발됐다
p41_u24,p41,ce_s160,학교 급식을 공급하면서 원찬지를 허위 중시한 낙부로자들이 인편 시에 적발됐다
p41_u24,p41,taps_s80,학교 급식을 공급하면서 원선지를 허의 최시한 낙포업자들이 인천 시에 적발됐다
p41_u24,p41,taps_s160,학교 급식을 공급하면서 원선지를 허의 최시한 낙포업자들이 인천 시에 적발됐다
p41_u24,p41,ce_visible,학교 급식을 공급하면서 원찬지를 허위 출시한 낙으로자들이 인천티에 적발됐다
p41_u24,p41,ce_invisible,학교 급식을 공급하면서 원선지를 허의 출시한 낙부업자들이 인천 시에 적발됐다
p41_u25,p41,taps,임턴시 택별사법경찰은 동부 산물의 원산진소시 등에 강한 법률 위반 등으로 납픈법자 네 명을 적발했다고 이십 삼 일 밝혔다
p41_u25,p41,ce,임천수 특별사법경찰은 로 삼물의 원찬징포수 등에 가한 법률 일반 등으로 앞픈없단 네 명을 적발했다고 이십 삼 일 밝혔다
p41_u25,p41,ce_s40,임천수 특별사법경찰은 로 삼물의 원한빈포수 등에 관한 법률 위반 등으로 앞없단 네 명을 적발했다고 이십 삼 일 밝혔다
p41_u25,p41,ce_s80,임천수 특별사법경찰은 로 삼물의 원한진포수 등에 관한 법률 위반 등으로 앞픈없단 네 명을 적발했다고 이십 삼 일 밝혔다
p41_u25,p41,ce_s160,임턴수 특별사법경찰은 로삼물의 원한인포수 등에 관한 법률 일반 등으로 앞픈없다 네 명을 복발했다고 이십 삼 일 밝혔다
p41_u25,p41,taps_s80,임턴시 택별사법경찰은 동기 삼물의 원산진소시 등에 관한 법률 위반 등으로 납품 법자 네명을 적발했다고 이십 삼 일 밝혔다
p41_u25,p41,taps_s160,임턴시 특별사법경찰은 동수 상물의 원상진소시 등에 관한 법률 위반 등으로 납픈 먹자 네명을 적발했다고 이십 삼 일 밝혔다
p41_u25,p41,ce_visible,임천수 특별사법경찰은 농 삼물의 원찬징포수 등에 가한 법률 일방 등으로 납픈없자 네 명을 적발했다고 이십 삼 일 밝혔다
p41_u25,p41,ce_invisible,임턴시 택별사법경찰은 동부 산물의 원산진소시 등에 강한 법률 위반 등으로 납픈법자 네 명을 적발했다고 이십 삼 일 밝혔다
p41_u26,p41,taps,인천 택사경은 지난 십 삼 일부터 이십 일까지 솔저 고 급식 앞에 없로 서른 곳을 대상으로 단속을 벌였다
p41_u26,p41,ce,민턴 특사격은 지난 십 삼 일부터 이십일까지 소은 고교급식 바부 모으로 서른 것을 대상으로 단속을 벌였다
p41_u26,p41,ce_s40,임턴 특사격은 지난 십 삼 일부터 이십 일까지 소은 고교급식 바은 모으로 서른 것을 대상으로 단속을 벌였다
p41_u26,p41,ce_s80,인턴 특사경은 지난 십 삼 일부터 이십 일까지 소은 고교급식 바부 모으로 서른 것을 대상으로 단속을 벌였다
p41_u26,p41,ce_s160,인천 특사격은 지난 십 삼 일부터 이십 일까지 소은고교급식 바은 모으로 서른 것을 대상으로 단속을 벌였다
p41_u26,p41,taps_s80,인천 택사경은 지난 십 삼 일부터 이십 일까지 솔좋 고격 급식 앞에 목어 서른 곳을 대상으로 단속을 벌였다
p41_u26,p41,taps_s160,인천 택사경은 지난 십 삼 일부터 이십 일까지 초종 고교 급식 앞에없어 서른 것을 대상으로 단속을 벌였다
p41_u26,p41,ce_visible,민턴 특사격은 지난 십 삼 일부터 이십일까지 소은 고교급식 바부 모으로 서른 것을 대상으로 단속을 벌였다
p41_u26,p41,ce_invisible,인천 택사경은 지난 십 삼 일부터 이십 일까지 솔저 고 급식 앞에 없로 서른 곳을 대상으로 단속을 벌였다
p41_u27,p41,taps,작발된 의 업체는 중국성과 국정 보축가리를 사어 제조한 김씨의 구축가락 원산률를 국산으로 처지했다
p41_u27,p41,ce,적발된 핵 업사는 중국상과 국당 고축관리를 바꿔 재조한 김씨의 고육가로 원판기를 국산으로 표시했다
p41_u27,p41,ce_s40,적발된 핵 업체는 중국상과 국당 고축가리를 바꿔 제조한 김씨의 고축가로 원반기를 국산으로 표시했다
p41_u27,p41,ce_s80,적발된 핵 업세는 중국성과 국방 보축관리를 바꿔 제조한 김씨의 고육가로 원판기를 국산으로 표시했다
p41_u27,p41,ce_s160,각발된 의 업세는 중국성과 국당 고축관들를 바꿔 제조한 김씨의 고속 가로 원판기를 국산으로 표시했다
p41_u27,p41,taps_s80,적발된 해 업체는 중기성과 국정 보축가리를 사어 제조한 김씨의 구축하락 원산률를 국산으로 처지했다
p41_u27,p41,taps_s160,작발된 해 업체는 중비성과 국정 부축가리를 사어 제조한 김씨의 구축하의 원산률를 국산으로 처지했다
p41_u27,p41,ce_visible,적발된 핵 협세는 중국성과 국강 고축가리를 섞꿔 제조한 김씨의 고육 가로 원찬기를 국산으로 표시했다
p41_u27,p41,ce_invisible,각발된 의 업체는 중국성과 국정 보축가리를 사어 제조한 김씨의 구축가락 원산률를 국산으로 처시했다
p41_u28,p41,taps,비업체는 퇴산 낙계와 국산마지를 호락한 낙치의 원찬태를 국산후소 취업제는 중국산 표고 버켓을 국선으로 거지 표시한 뒤 작품했다
p41_u28,p41,ce,부 업체는 평극전 낙교와 국정마지를 호락한 낙씨의 원찬지를 국단후 취업체는 중소단 표고버아서 국단으로 거지 표시한는 게 막음했다
p41_u28,p41,ce_s40,불 업체는 태극전 낙교와 국정마지를 락한 낙씨의 원찬비를 국단 취업체는 중소단 표모 버아서 국단으로 거짓 표수한 게 작으했다
p41_u28,p41,ce_s80,부 업체는 평극전 낙교와 국정마지를 락간 낙씨의 원찬지를 국단후 취업체는 중소국단 표로 버사서 국단으로 거지 표수한 뒤 작으했다
p41_u28,p41,ce_s160,이 업체는 평극산 낙교와 국정마지를 호락한 막씨의 원찬지를 국단후소 취업체는 중고단 표모 버아서 국단으로 거집 표시하는 게 작으했다
p41_u28,p41,taps_s80,비업체는 퇴선 낙지와 국산마치를 락한 낙치의 원찬태를 국산후소 취업제는 중국산 표고 버켓을 국선으로 거지 표시한 뒤 나품했다
p41_u28,p41,taps_s160,비업체는 퇴선낙지와 국산마치를 호합한 낙치의 원찬태를 국산후소 취업체는 중국산 표고 버켓을 국선으로 거지 표시한 뒤 나품했다
p41_u28,p41,ce_visible,부 업체는 태극전 낙조와 국정마지를 호락간 낙씨의 원찬지를 국단후록 취업체는 중고산 표고버아서 국단으로 거지 표시한 게 막음했다
p41_u28,p41,ce_invisible,비업체는 퇴산 낙치와 국산마지를 호락한 낙치의 원찬태를 국산후소 취업제는 중국산 표고 버켓을 국선으로 거지 표시한 뒤 작품했다
p41_u29,p41,taps,기 업체는 냉동소고기를 냉장 한가로 보관하다가 십삼 물 이상 갈리법 위반으로 적발됐다
p41_u29,p41,ce,부 업회는 냉동후보기를 냉정 한가로 보관 하다가 초참물 위상 관리법 위반으로 적발렸다
p41_u29,p41,ce_s40,그 업회는 냉동 호속기를 냉장 한가로 보관하다가 초단물 위상 관리법 위반으로 적발렸다
p41_u29,p41,ce_s80,부 업회는 냉동 후보기를 냉장 한가로 보관 하다가 초담물 이상 관리법 위반으로 적발렸다
p41_u29,p41,ce_s160,그 업에는 냉동 후보기를 냉장 한가로 보관하다가 초점물 위상 관리법 위반으로 적발렸다
p41_u29,p41,taps_s80,기 업체는 냉동소고기를 냉장 한가로 보관하다가 십삼 물 이상 열리법 위반으로 적발됐다
p41_u29,p41,taps_s160,기 업체는 냉동소고기를 냉장 한가로 보관하다가 십삼물 이상 갈리법 위반으로 적발됐다
p41_u29,p41,ce_visible,구 업에는 냉동후보기를 냉정 한가로 보관 하다가 초삼물 위상 관리법 위반으로 적발렸다
p41_u29,p41,ce_invisible,기 업체는 냉동소고기를 냉장 한가로 보관하다가 십삼 물 이상 갈리법 위반으로 적발됐다
p41_u30,p41,taps,인턴 석사경은 적발련업체에 대해 조사를 벌인 뒤 검찰에 통취하고 가날 구청을 통보해 행장 서부하도록 구취할 예정이다
p41_u30,p41,ce,인편 석사격은 적발된 업체에 대행 수사를 벌인 뒤 검찰에 통취하고 단화 구청을 통보해 흔장처을 하도로 급체할 여정이다
p41_u30,p41,ce_s40,인편 석사격은 적발된 업체에 대행 수사를 벌인 뒤 검사에 통취하고 강화 구청을 통보해 행장처을 하도로 구체할 여정이다
p41_u30,p41,ce_s80,인근 석사격은 적발을 업체에 대행 조사를 벌인 뒤 검찰에 통취하고 단화 구청을 통보해 행장처을하도록 구체할 여명이다
p41_u30,p41,ce_s160,인근 석사격은 적발을 업체에 대행 조사를 벌인 뒤 검찰에 통취하고 단날 구청을 통보해 흔장처부하도록 구체할 여정이다
p41_u30,p41,taps_s80,인턴 석사경은 적발련 업체에 대해 조사를 벌인 뒤 검찰에 통취하고 관날 구청을 통보해 행장 처부하도록 구취할 예정이다
p41_u30,p41,taps_s160,인턴 석사경은 발련업체에 대해 조사를 벌인 뒤 검찰에 통취하고 관화 구청을 통보해 행장 처부하도록 구취할 예정이다
p41_u30,p41,ce_visible,인근 석사격은 적발된 업체에 대행 수사를 벌인 뒤 검찰에 통취하고 단화 구청을 통보해 흔장처을 하도로 급체할 예정이다
p41_u30,p41,ce_invisible,인턴 석사경은 적발련업체에 대해 조사를 벌인 뒤 검찰에 통취하고 가날 구청을 통보해 행장 서부하도록 구취할 예정이다
p41_u31,p41,taps,농수 삼물 원장지 조세를 위반하면 일 년 이하의 기억이나 일 억원 이하의 발금 명이 처해진다
p41_u31,p41,ce,농수상물 원단비 로시를 위반하면 팔 년 이하의 공력이나 일 억원 이하의 병역 등에 표해 준다
p41_u31,p41,ce_s40,농수 상물 원단비 로시를 위반하면 일 년 이하의 공력이나 일 억원 이하의 발극 등에 표해 준다
p41_u31,p41,ce_s80,농수상물 원단비 료시를 위반하면 일 년 이하의 공력이나 일 억원 이하의 발금 등에 표해 준다
p41_u31,p41,ce_s160,농수상물 원단비 도시를 위반하면 필 년 이하의 공력이나 일 억원 이하의 병역 등에 표해진다
p41_u31,p41,taps_s80,농수 삼물 원장직 조지를 위반하면 칠 년 이하의 기억이나 일 억원 이하의 발금 명이 차해진다
p41_u31,p41,taps_s160,농수 상물 원관직 조지를 위반하면 칠 년 이하의 기력이나 일 억원 이하의 발응 명이 처해진다
p41_u31,p41,ce_visible,농수상물 원단비 로시를 위반하면 팔 년 이하의 공력이나 일 억원 이하의 병역 등에 표해 준다
p41_u31,p41,ce_invisible,농수 삼물 원장지 조세를 위반하면 일 년 이하의 기억이나 일 억원 이하의 발금 명이 처해진다
p41_u32,p41,taps,착상물 이상 관림법을 위반하면 삼년 이하의 경력이나 삼천 만원 이하의 발응하에 받게 된다
p41_u32,p41,ce,흑상물 이상 관리법을 위반하면 삼년 하의 공력이나 판천 만원 이하의 발금정에 받게 된다
p41_u32,p41,ce_s40,흑정물 이상 관리법을 위반하면 삼년 하의 분력이나 한천 만원 이하의 발금명에 받게 된다
p41_u32,p41,ce_s80,흑상물 이상 관리법을 유반하면 삼년 하의 분력이나 판산 만명 이하의 발금명에 받게 된다
p41_u32,p41,ce_s160,흑담물 이상 관리법을 유반하면 삼년 하의 분력이나 한산 만명 이하의 발금명에 받게 된다
p41_u32,p41,taps_s80,착삼물 이상 관림법을 유반하면 삼년 이하의 경력이나 삼천 만원 이하의 벌응하에 받게 된다
p41_u32,p41,taps_s160,착삼물 이상 관림법을 위반하면 삼년 이하의 경력이나 삼천 만원 이하의 벌응하에 받게 된다
p41_u32,p41,ce_visible,착상물 이상 관리법을 위반하면 삼년 하의 공력이나 판천 만원 이하의 발금장에 받게 된다
p41_u32,p41,ce_invisible,착상물 이상 관림법을 위반하면 삼년 이하의 경력이나 삼천 만원 이하의 발응하에 받게 된다
p41_u33,p41,taps,임천시 관계자는 성장 피 아이들이 안전하게 보을 수 있는 책제로 공급 한경 도서을 이해 학교급피 나프목서에 대한 단속을 구속적으로 하겠다고 말했다
p41_u33,p41,ce,임편치 관계자는 홍전 기 아이급이 안전다을 먹을 수 있는 특제로 공급 한경 보성을 위해학교급비 나으로부터에 대한 단속을 구속적으로 하겠다고 말했다
p41_u33,p41,ce_s40,김편치 관계자는 홍장기 한급이 안전다을 목을 수 있는 실제로 공급 한경 보성을 위해학교급비 나으목터에 대한 단석을 구속적으로 하겠다고 말했다
p41_u33,p41,ce_s80,김편치 관계자는 홍장기 아이급이 안전다을 먹을 수 있는 실제로 공급 한경 보성을 위해학교급비 나으로터에 대한 반석을 구속적으로 하겠다고 말했다
p41_u33,p41,ce_s160,임편치 관계자면 홍경기 사급이 안전다을 먹을 수 있는 실제로 공급 한경 보성을 위해학교급비 나으목과에 대한 단속을 구속적으로 하겠다고 말했다
p41_u33,p41,taps_s80,인천시 관계자는 성장 피 아이들이 안전하게 보을 수 있는 실제로 공급 한경 도서을 이해 학교 급피 나으목서에 대한 단속을 구속적으로 하겠다고 말했다
p41_u33,p41,taps_s160,임천시 관계자는 성장 피 아이들이 안전하게 보을 수 있는 실제로 공급 한경 도서을 이해 학교 없피 나으목서에 대한 단속을 구속적으로 하겠다고 말했다
p41_u33,p41,ce_visible,임편치 관계자면 성전 기 아이교이 안전다을 먹을 수 있는 특제로 공급 한경 보성을 위해학교없비 나으목서에 대한 단속을 구속적으로 하겠다고 말했다
p41_u33,p41,ce_invisible,인천시 관계자는 성장 피 아이들이 안전하게 보을 수 있는 책제로 공급 한경 도서을 이해 학교 급피 나프목소에 대한 단속을 구속적으로 하겠다고 말했다
p41_u34,p41,taps,지난해 팔 월 카불 현사 이후 일백 만명에 달라는 아프가 슷단 국민들이 해 평기에 올랐다
p41_u34,p41,ce,지난해 팔 월 화불 현역 의혹 이백 만명에 달하는 아가 유스단 국민들이 회대 프랜집에 올랐다
p41_u34,p41,ce_s40,지난해 팔 월 화을 현역 의혹 이백 만명에 달하는 아가 미한 국민들이 셀대 프랜을에 올랐다
p41_u34,p41,ce_s80,지난해 팔 월 화물 현나 이혹 이백 만명에 달라는 아프가 뉴단 국민들이 셀대 프랜집에 올랐다
p41_u34,p41,ce_s160,지난해 팔 월 팔 불 현나의혹 이백 만명에 달하는 아프가 뉴스단 국민들이 회대 프랜길에 올랐다
p41_u34,p41,taps_s80,지난해 팔 월 카불 현낙 이후 일백 만명에 달하는 아프가시 슷한 국민들이 해 평기에 올랐다
p41_u34,p41,taps_s160,지난해 팔 월 합불 형사 이후 일백 만명에 달하는 아프가이 단 국민들이 해 평기에 올랐다
p41_u34,p41,ce_visible,지난해 팔 월 화불 현역 의혹 이백 만명에 달라는 아가 유스단 국민들이 회대 프랜집에 올랐다
p41_u34,p41,ce_invisible,지난해 팔 월 카불 현당 이후 일백 만명에 달라는 아프가 슷단 국민들이 해 평기에 올랐다
p41_u35,p41,taps,이들 중 아부관 한국대사관 한국 국제 행력단 등 과거 한국관련기관에 몸 담았단 특별 기여자 삼백 구십 삼 명이 선국당을 팔았다
p41_u35,p41,ce,이들 중 합부관 한국대사관 한국 국제 협력단 등 과거 한국 관련 기관에 몸 방아변 특별 기여자 삼백 구십 한 명이 성국당을 발았다
p41_u35,p41,ce_s40,이들 중 학부관 한국대사관 한국 국제 협력단 등 과거 한국 관련 기관에 몸 방아변 특별기여장 삼백 구십 삼명이 성국당을 발았다
p41_u35,p41,ce_s80,이들 중 학부관 한국대사관 한국 국제 협력단 등 과거 한국 관련 기관에 몸 방아변은 특별 기여자 삼백 구십 한 명이 성국당을 발았다
p41_u35,p41,ce_s160,이들 중 라부관 한국대사관 한국 국제 협력단 등 과거 한국 관련 기관에 몸 반았변 특별기여자 삼백 구십 한 명이 선국당을 발았다
p41_u35,p41,taps_s80,이들 중 아프관 한국대사관 한국 국제 행력단 등 과거 한국관련기관에 몸 담았단 특별 기여자 삼백 구십 삼 명이 한국당을 발았다
p41_u35,p41,taps_s160,이들 중 압부간 한국대사관 한국 국제 행력단 등 과거 한국관련기관에 몸 다았던 특별 기여자 삼백 구십 삼 명이 한국당을 발았다
p41_u35,p41,ce_visible,이들 중 합부관 한국대사관 한국 국제 협력단 등 과거 한국관련 기관에 몸 방았등 특별기여자 삼백 구십 한 명이 성국당을 발았다
p41_u35,p41,ce_invisible,이들 중 아부관 한국대사관 한국 국제 행력단 등 과거 한국관련기관에 몸 담았단 특별 기여자 삼백 구십 삼 명이 한국당을 팔았다
p41_u36,p41,taps,전남 여수 해 경찰 교육원에서 약 육 월간의 정차교을 거친이들은 월초부터 국매기역 구권을 터를 잡고 소하고 있다
p41_u36,p41,ce,전남 여수 해운 경찰교육원에서 약 육 결간의 경사교육을 거은이들은 올초부터 국내기업 교곳에 표를 찾고 성인하고 있다
p41_u36,p41,ce_s40,전남 여수 해운 경찰교육원에서 약 육 년간의 경사교육을 거은이들은 올초부터 국내기업 교곳의 터를 찾고 성인하고 있다
p41_u36,p41,ce_s80,전남 여수 해운 경찰교육원에서 약 육년간의 경사교육을 거대 이들은 올초부터 국네기업 교곳에 터를 잡고 성인하고 있다
p41_u36,p41,ce_s160,전남 여수 해운 경찰교육원에서 약 육 년간의 경사교육을 거팀이들은 올초부터 국네기업 곳곳의 표를 잡고 성문하고 있다
p41_u36,p41,taps_s80,전남 여수 해 경찰 교육원에서 약 육 월간의 정차교육을 거친이들은 월초부터 비매기역 구곳에 터를 잡고 소하고 있다
p41_u36,p41,taps_s160,전남 여수해 경찰 교육원에서 약 육 월간의 정차교을 거팀 이들은 월초부터 국매기역 구곳 처를 찾고 소하고 있다
p41_u36,p41,ce_visible,전남 여수 해운 경찰교육원에서 약 육 결간의 경사교육을 거팀로들은 올초부터 국내기업 곳에 표를 찾고 성인하고 있다
p41_u36,p41,ce_invisible,전남 여수 해 경찰 교육원에서 약 육 월간의 정차교부 거친이들은 월초부터 매기역 구권을 터를 잡고 소하고 있다
p41_u37,p41,taps,복제 기여사 중 가장 많은 스물 아홉 가구는 울산 감액사와 현대 중공업 등에 도움험으로 일자 동부에 가처를 마량 했다
p41_u37,p41,ce,택배규여자 중 가장 많은 소물하 가고는 울산 광역조와 현대공공업 등에 보험으로 일산 본부에 거파를 마련했다
p41_u37,p41,ce_s40,택배규여자 중 가장 많은 스물하 가구는 울산 광역조와 현대공공업 등에 보험으로 일산 본부에 거파를 마련했다
p41_u37,p41,ce_s80,택배 규여자중 가장 많은 소물하 가구는 울산 광역조와 현대공공업 등에 보험으로 일산 본부의 거파를 마련했다
p41_u37,p41,ce_s160,택배 규여자 중 가장 많은 소물하 가고는 울산 광역조와 현대 공공업 등에 보험으로 일산 본고에 거파를 마련했다
p41_u37,p41,taps_s80,복제 기여사 중 가장 많은 스물하홉 가구는 울자 감액사와 현대 중공업 등에 도험으로 일자 동부에 가처을 마량했다
p41_u37,p41,taps_s160,복제 기여사 중 가장 많은 스물 아하홉 가구는 울산 전액자와 현대 중공업등에 도험으로 일자 동부의 가차를 마련했다
p41_u37,p41,ce_visible,택배규여자 중 가장 많은 소물하 가고는 울산 광역조와 현대공공업 등에 보험으로 일산 본부에 거처를 마련했다
p41_u37,p41,ce_invisible,복제 기여사 중 가장 많은 스물 아홉 가구는 울산 감액사와 현대 중공업 등에 도움으로 일자 동부에 가처를 마량 했다
p41_u38,p41,taps,이들 생계를 책임뒤는 스물 아한홉 명의 가장들은 현대 중공업 학력업체에서 배아이나 보자 해진 도리 같은 일을 하고 있다
p41_u38,p41,ce,이들 생계를 책임기는 스문 아홉 명의 가장들은 현재 중공업 판매업에에서 재관이나 보상 승진 브리과 아은 이을 하고 있다
p41_u38,p41,ce_s40,이들 생계를 책임기는 스문 아홉 명의 가장들은 현재 분공업 판력업에에서 배관이나 보상 승진 브리과 아은 이을 하고 있다
p41_u38,p41,ce_s80,이들 생계를 책임기는 스문 아홉 명의 가장들은 현재 중공업 판매업에에서 배관이나 보상 쓰진 브리과 아은이를 하고 있다
p41_u38,p41,ce_s160,이들 생계를 책임기는 스문 아홉 명의 가장들은 현재 중공업 학력업에에서 백관이나 보상 쓰진 브육과 같은 일를 하고 있다
p41_u38,p41,taps_s80,이들 생계를 책임지는 스물 아홉 명의 가장들은 현대 중공업 학력업체에서 배아이나 보자 엔진 더리 같은 일을 하고 있다
p41_u38,p41,taps_s160,이들 생계를 책임지는 스물 아홉 명의 가장들은 현대 중공업 학력업체에서 배아이나 보자 진 도리 같은 일을 하고 있다
p41_u38,p41,ce_visible,이들 생계를 책임기는 스문 아홉 명의 가장들은 현재 중공업 판매업에에서 재관이나 보상 승진 브리과 같은 일을 하고 있다
p41_u38,p41,ce_invisible,이들 생계를 책임뒤는 스물 아한홉 명의 가장들은 현대 중공업 학력업체에서 배아이나 보자 해진 도리 같은 일을 하고 있다
p41_u39,p41,taps,이 정수 울산다문화 지원센터 상에 따르면 주부들은 다문화 지원센터에서 진행하는 문화 교육을 받고 아이들은 인근 학교에 가지고 있다
p41_u39,p41,ce,이 병수 울산 부문나 교원센터 방에 따르면 교부들은 다문화 교원생터에가 진행하는 문화 교육을 받고 아이들은 인근 학교에 다고 있다
p41_u39,p41,ce_s40,이 병수 울산 바문나 교원센터 방에 따르면 교부들은 다문화 교원생터에가 진행하는 문화 교육을 받고 아이들은 인근 학교에 다고 있다
p41_u39,p41,ce_s80,이 병수 울산 바문나 교원센터 방에 따르면 교부들은 다문나 교원생터에가 진행하는 문화 교육을 받고 아이들은 인근 학교에 다고 있다
p41_u39,p41,ce_s160,이 병수 울산 바문나 교원센터 방에 따르면 부부들은 다문나 교원생터에가 진행하는 문화 교육을 받고 아이들은 인근 학교에 다고 있다
p41_u39,p41,taps_s80,이 정수 울산다문화 지원센터 장에 따르면 주부들은 다문화 지원센터에서 진행하는 문화 교육을 받고 아이들은 인근 학교에 가지고 있다
p41_u39,p41,taps_s160,이 정수 울산다문나 지원센터 장에 따르면 주부들은 다문화 지원센터에서 진행하는 문화 교육을 받고 아이들은 인근 학교에 가지고 있다
p41_u39,p41,ce_visible,이 병수 울산 부문나 교원센터 방에 따르면 주부들은 다문화 교원생터회가 진행하는 문화 교육을 받고 아이들은 인근 학교에 다고 있다
p41_u39,p41,ce_invisible,이 정수 울산다문화 지원센터 상에 따르면 주부들은 다문화 지원센터에서 진행하는 문화 교육을 받고 아이들은 인근 학교에 가지고 있다
p41_u40,p41,taps,특별 기여자들은 여권처럼 신문을 중려한 시당이 없어 일상 상활에서 어려을 겪고 있는 것으로 알려졌다
p41_u40,p41,ce,특별 기여자들은 여권처럼 수문을 중려한 수간이 없어 일단 상활에서 어려움을 받고 있는 것으로 알려졌다
p41_u40,p41,ce_s40,특별 기여자들은 몇권처럼 수문을 중려한 수간이 없어 일단 상활에서 어려움을 받고 있는 것으로 알려졌다
p41_u40,p41,ce_s80,특별 기여자들은 몇권처럼 수문을 중려한 수단이 없어 일단 상활에서 어려움을 겪고 있는 것으로 알려졌다
p41_u40,p41,ce_s160,특별 기자자들은 여권처럼 수문을 중명한 수단이 없어 일단 상황에서 어려움을 갖고 있는 것으로 알려졌다
p41_u40,p41,taps_s80,특별 기여자들은 여권처럼 신문을 증명한 시당이 없어 일정 상활에서 어려을 겪고 있는 것으로 알려졌다
p41_u40,p41,taps_s160,특별 기여자들은 여권처럼 충문을 증려한 세당이 없어 일장 상활에서 어려을 받고 있는 것으로 알려졌다
p41_u40,p41,ce_visible,특별 기여자들은 여권처럼 수문을 중려한 수간이 없어 일단 상활에서 어려움을 받고 있는 것으로 알려졌다
p41_u40,p41,ce_invisible,특별 기여자들은 여권처럼 신문을 중려한 시당이 없어 일상 상활에서 어려을 겪고 있는 것으로 알려졌다
p41_u41,p41,taps,한 특제 기여자는 홍성적인 욕사이터이용이나 일장 이원 철리 괴자 기설 중 여러 방면에서 마히는 일이 많다고 했다
p41_u41,p41,ce,한 특별주여자는 폭성적인 옛사이터 이용이나 일단 이난 처리 계자 교설 등 여자 방면에서 마꾸는 예금 한다고 했다
p41_u41,p41,ce_s40,한 특별기원자는 폭성적인 옛사이프 이용이나 일단 민원 철리 괴자 교설 등 여자 방면에서 마씨는 예금 한다고 했다
p41_u41,p41,ce_s80,한 특별기원자는 폭성적인 옛사이프 이용이나 일단 민난 설리 괴자 교설 용 여자 방면에서 마꾸는 예을 한다고 했다
p41_u41,p41,ce_s160,한 특별주원자은 폭성적은 옛사이프 이용이나 일단 민난 철리 괴자 교설 중 여러 방면에서 막꾸는 예금 만다고 했다
p41_u41,p41,taps_s80,한 특제 기여자는 풍성적인 욕사이터이용이나 일장 이원 철리 괴자 계설중 여러 방면에서 마그는 일이 많다고 했다
p41_u41,p41,taps_s160,한 특제 기여자는 풍성적인 롯사이트 이용이나 일장 인하 처리 괴자 계설 중 여러 방면에서 마히는 일이 많다고 했다
p41_u41,p41,ce_visible,한 특별주여자는 폭성적인 역사이터 이용이나 일상 이난 처리 계자 교설 향 여자 방면에서 마꾸는 예금 한다고 했다
p41_u41,p41,ce_invisible,한 특제 기여자는 홍성적인 욕사이터이용이나 일장 이원 철리 계자 대설 중 여러 방면에서 마히는 일이 많다고 했다
p41_u42,p41,taps,미국은 한국과 같이 김남정부 지역사회 등이 나서 아프간 이증인들의 정착을 덮고 있다
p41_u42,p41,ce,미국은 한국권 파트 국항정부 유역사회 불이 나서 아부간 이즈인들의 정착을 받고 있다
p41_u42,p41,ce_s40,미국은 한국권 파트 중항정부 유역사회 등이 나서 아부간 이즈인들의 정착을 받고 있다
p41_u42,p41,ce_s80,미국은 한국권 학트 국남정부 유역사에 등이 나서 아부간 이즈인들의 정착은 받고 있다
p41_u42,p41,ce_s160,미국은 한국권 학트 국남정부 유역사회 등이 나서 부간 이즈인들의 경착을 받고 있다
p41_u42,p41,taps_s80,미국은 한국과 같이 중남정부 지역사회 등이 나서 아프간 이주인들의 정착을 덮고 있다
p41_u42,p41,taps_s160,미국은 한국과 같이 김방정부 지역사회 등이 나서 아프간 이증인들의 정착을 덮고 있다
p41_u42,p41,ce_visible,미국은 한국권 학트 국항정부 주역사회 불이 나서 아부간 이즈인들의 정착을 받고 있다
p41_u42,p41,ce_invisible,미국은 한국과 같이 김남정부 지역사회 등이 나서 아프간 이증인들의 정착을 덮고 있다
p41_u43,p41,taps,미 국토안부부에 따르면 지난해 팔 월 이후 미국으로 건너온 낙도강공민는 약 해만 육천 명에 달한다
p41_u43,p41,ce,뉴국도안보부에 따르면 지난해 팔 월 이후 미국으로 건너온 낙프강공민는 약 칠 만 육천 명에 달한다
p41_u43,p41,ce_s40,뉴국등안보부에 따르면 지난해 팔 월 이후 외국으로 건너온 낙프강공민는 약 백 만 육천 명에 달한다
p41_u43,p41,ce_s80,뉴국도안보부에 따르면 지난해 팔 월 이후 외국으로 건너온 아프강공민는 약 칠 만 육천 명에 달한다
p41_u43,p41,ce_s160,뉴국도안보부에 따르면 지난해 팔 월 이후 미국으로 건너온 나프강공민는 약 칠 만 육천 명에 달한다
p41_u43,p41,taps_s80,미 국토안부부에 따르면 지난해 팔 월 이후 미국으로 건너온 낙도강국민는 약 해만 이천 명에 달한다
p41_u43,p41,taps_s160,미 국토안부부에 따르면 지난해 팔 월 이후 미국으로 건너온 낙도강공민는 약 해만 육천 명에 달한다
p41_u43,p41,ce_visible,뉴국도안보부에 따르면 지난해 팔 월 이후 미국으로 건너온 낙프강공민는 약 칠 만 육천 명에 달한다
p41_u43,p41,ce_invisible,미 국토안부부에 따르면 지난해 팔 월 이후 미국으로 건너온 낙도강공민는 약 해만 육천 명에 달한다
p41_u44,p41,taps,이들은 투자팀이 자원 봉사 전체가 제공하는 전사 프로그램을 통해 즉과 입장을 마련하고 있다
p41_u44,p41,ce,이들은 부사팀및 자원봉사 단찰가 제공하는 전사 프로그램을 공해 추과 입장을 말련 하고 있다
p41_u44,p41,ce_s40,이들은 부사팀이 자원봉사 단체가 제공하는 전사 프로그램을 공해 극과 입장을 마련하고 있다
p41_u44,p41,ce_s80,이들은 부사팀이 자원봉사 단체가 제공하는 전사 프로그램을 용해 국과 입장을 마련하고 있다
p41_u44,p41,ce_s160,이들은 부사팀미 자원봉사 단체가 작하는 전사 프로그램을 공해 추과 입장을 말련 하고 있다
p41_u44,p41,taps_s80,이들은 투자팀이 자원 봉사 전체가 제공하는 전사 프로그램을 통해 직과 입장을 마련하고 있다
p41_u44,p41,taps_s160,이들은 투자팀이 자원 봉사 단체가 제공하는 전사 프로그램을 통해 직과 입장을 마련하고 있다
p41_u44,p41,ce_visible,이들은 부사팀및 자원봉사 단체가 제공하는 전사 프로그램을 공해 습과 입장을 마련 하고 있다
p41_u44,p41,ce_invisible,이들은 투사팀이 자원 봉사 전체가 제공하는 전사 프로그램을 통해 즉과 입장을 마련하고 있다
p41_u45,p41,taps,이들이 미국에 머물릴 수 있는 인기 국 허가크가은 인연넷 부과한 것이 문제다
p41_u45,p41,ce,이글이 미국에 머물릴 수 있는 인류입구 허가 대가은 의면에 부과 것 등 문제다
p41_u45,p41,ce_s40,이글이 미국에 머물릴 수 있는 인류입국 허가 대가은 의면에 불가 것 문제다
p41_u45,p41,ce_s80,이글이 미국에 머무릴 수 있는 인국입국 허가 대간은 인면에 부한것  문제다
p41_u45,p41,ce_s160,이글이 미국에 머물릴 수 있는 인도입국 허가대간은 이면에 부한거 흔리 문제다
p41_u45,p41,taps_s80,이들이 미국에 머물릴 수 있는 인기 익국 허가 크가은 인연넷 부과 것이 문제다
p41_u45,p41,taps_s160,이들이 미국에 머물릴 수 있는 인기 익구 허가대간은 인연넷 부과한 것이 문제다
p41_u45,p41,ce_visible,이글이 미국에 머물릴 수 있는 인류입구 허가 대가은 의면에 부과 것 등 문제다
p41_u45,p41,ce_invisible,이들이 미국에 머물릴 수 있는 인기 국 허가대가은 인연넷 부과한 것이 문제다
p41_u46,p41,taps,미시의트타임스는 바이드 행정부는 이들에게 트방일의 같은 기적 해결책이 아닌 영극권 부에 등 장기적 개책을 제공해야 한다고 지적했다
p41_u46,p41,ce,미스트타임스는 바이드 성정부는 이들에게 투방유의 같은 장기적 풍일 책이 아닌 명구권 보여 등 장비적 대책을 제공해야 한다고 지적했다
p41_u46,p41,ce_s40,미스프타임스는 바이드 성정부는 이들에게 투방유의 같은 장기병 크일 세계 아닌 명교권 보여 등 장비적 대책을 작공해야 한다고 지적했다
p41_u46,p41,ce_s80,미 스트타임스는 바이드 성정부는 이들에게 수방유의 같은 장계적 크일책이 아닌 명교권 보여 등 장비적 대책을 작공해야 한다고 지적했다
p41_u46,p41,ce_s160,미 시트타임스는 바이드 홍정부는 이들에게 투방유 같은 장계적 풍일책이 아닌 명기권보여 등 장계적 대책을 제공해야 한다고 지적했다
p41_u46,p41,taps_s80,미시의트타임스는 바이드 행정부는 이들에게 트방일의 같은 장적 해결책이 아닌 영극권부에 등 장기적 개책을 제공해야 한다고 지적했다
p41_u46,p41,taps_s160,미시의트타임스는 바이드 행정부는 이들에게 트방위 같은 장기적 해결책이 아닌 영극권부에 등 장적 계책을 제공해야 한다고 지적했다
p41_u46,p41,ce_visible,미스트타임스는 바이드 성정부는 이들에게 투방유의 같은 장기적 크일 책이 아닌 명구권 보여 등 장비적 대책을 제공해야 한다고 지적했다
p41_u46,p41,ce_invisible,미시의트타임스는 바이드 행정부는 이들에게 트방일의 같은 기적 해결책이 아닌 영극권 부에 등 장기적 개책을 제공해야 한다고 지적했다
p41_u47,p41,taps,일본은 정부뿐 아니라 대학 기업 등 민간에서도 아프한 이기인를 지원하고 있다
p41_u47,p41,ce,일본는 전부뿐 아니라 대학 교역 등 민간에서도 안도한 이금인을 교원하고 있다
p41_u47,p41,ce_s40,일본는 전부뿐 아니라 대학 교역 등 민간에서도 아도한 이즈인들을 교원하고 있다
p41_u47,p41,ce_s80,일본는 전부뿐 아니라 대학 교역 등 민간에서도 아도한 이즈민을 교원하고 있다
p41_u47,p41,ce_s160,일본는 정부뿐 아니라 대학 교역 등 민간에서도 압도한 이금을 교원하고 있다
p41_u47,p41,taps_s80,일본은 정부뿐 아니라 대학 기업 등 민간에서도 아득한 이기인을 지원하고 있다
p41_u47,p41,taps_s160,일본은 정부뿐 아니라 대학 기업 등 민간에서도 아득한 이기인을 지원하고 있다
p41_u47,p41,ce_visible,일본는 전부뿐 아니라 대학 교역 등 민간에서도 안도한 이인을 교원하고 있다
p41_u47,p41,ce_invisible,일본은 정부뿐 아니라 대학 기업 등 민간에서도 아프한 이기인를 지원하고 있다
p41_u48,p41,taps,지난 오 월 일 루시마대학은 과거 유학생 신문이었던 아프강 국민 열다 섯 명을 연구원으로 채용하고 주거 등 생활지원을 제공하기로 했다
p41_u48,p41,ce,지난 오 월 일루실마대학은 과거 유학생 승순이었던 아부상 국립별타 한 명을 연구원으로 채용하고 주거 등 생활지원을 적응하기로 했다
p41_u48,p41,ce_s40,지난 오 월 일루생마 대학은 과거 유학생 승선이었던 아부상 국립밀파 한 명을 연구원으로 채용하고 주거 등 생활지원을 적용하기로 했다
p41_u48,p41,ce_s80,지난 오 월 일루생마 대학은 과거 유학생 승선이었던 아부상 국랭절다 한 명을 연구원으로 최종하고 주거 등 생활치연을 적응하기로 했다
p41_u48,p41,ce_s160,지난 오 월 일호생마 대학은 과거 유학생 승순이었던 아부상 국능절 파 한 명을 연구원으로 채용하고 주거 등 생활지연을 적응하기로 했다
p41_u48,p41,taps_s80,지난 오 월 일 루시마대학은 과거 유학생 신분이었던 아프강 국민 열다 한 명을 연구원으로 채용하고 주거 등 생활지연을 제공하기로 했다
p41_u48,p41,taps_s160,지난 오 월 일 호시마대학은 과거 유학생 신분이었던 아빠강국민 열다 섯 명을 연구원으로 채용하고 주거 등 생활지원을 제공하기로 했다
p41_u48,p41,ce_visible,지난 오 월 일루심마대학은 과거 유학생 승순이었던 아부상 국립별타 한 명을 연구원으로 채용하고 주거 등 생활시연을 적응하기로 했다
p41_u48,p41,ce_invisible,지난 오 월 일 루시마대학은 과거 유학생 신문이었던 아프강 국민 열다 섯 명을 연구원으로 채용하고 주거 등 생활지원을 제공하기로 했다
p41_u49,p41,taps,아도선과 곡경을 맡대고 있어 과거부터 난민률익이 찾았던 파쿠스탄의 경우 현재 백 구속 만명에 달하는 아부가 국민이 거주중는 것으로 알려졌다
p41_u49,p41,ce,앞부턴과 곡정을 맡대고 있어 각고부터 난민익이 닫았던 파쿠탄의 경우 한재 백 오순 만명에 달하는 악부상 범민이 거주중인 것으로 알려졌다
p41_u49,p41,ce_s40,앞부문과 곡정을 맡대고 있어 과고부터 난민유익이 닫았던 파쿠탄의 경우 현재 백 오순 만명에 달하는 악부상 범민이 거주중인 것으로 알려졌다
p41_u49,p41,ce_s80,앞부문과 곡정을 만대고 있어 과고부터 난민유익이 닫았던 파쿠탄의 경우 현재 백 오순 만량에 달하는 아부가 국민이 거주중는 것으로 알려졌다
p41_u49,p41,ce_s160,앞부문과 곡정을 만대고 있어 과구부터 난민유익이 닫았던 파쿠탄의 경우 현재 백 구순 만량에 달하는 아부가 국민이 거주중는 것으로 알려졌다
p41_u49,p41,taps_s80,앞도선과 곡경을 맡대고 있어 과거부터 남민률이 찾았던 파크스탄의 경우 현재 백 오속 만명에 달하는 아부가 국민이 거주중는 것으로 알려졌다
p41_u49,p41,taps_s160,앞도선과 곡경을 맡대고 있어 과거부터 남민률일이 찾았던 파쿠스탄의 경우 현재 백 오속 만명에 달하는 아부가 국민이 거주주는 것으로 알려졌다
p41_u49,p41,ce_visible,앞서턴과 곡정을 맡대고 있어 각고부터 난민익이 닫았던 파쿠탄의 경우 한재 백 오순 만명에 달하는 악부상 범민이 거주중인 것으로 알려졌다
p41_u49,p41,ce_invisible,앞도선과 곡경을 맡대고 있어 과거부터 난민률익이 찾았던 파쿠스탄의 경우 현재 백 구속 만명에 달하는 아부가 국민이 거주중는 것으로 알려졌다
p41_u50,p41,taps,하지만 이들은 터기스한 정보와 탈레반에 오적 강계다해 별다른 인도적 지원없이 가만한 생활을 하고 있다고 미국 매체 더니스패치가 지난달 보도했다
p41_u50,p41,ce,하지만 이들은 출판 정부와 편례반에 오적 강급하 별다른 인도적 교원없이 가안한 생활을 하고 있다고 비국매에의 더리스 박치가 지난달 보도했다
p41_u50,p41,ce_s40,하지만 이들은 표출전 경보와 편례반에 오적 강급하에 별다른 인도적 교원없이 가만한 생활을 하고 있다고 미국 매에의 리스박치가 지난달 보도했다
p41_u50,p41,ce_s80,하지만 이들은 평출전 경보와 편례반에 오적 강급하에 별다른 인도적 교원 없이 가만한 생활을 하고 있다고 미국 매체의 이스박치가 지난달 보도했다
p41_u50,p41,ce_s160,하지만 이들은 평출스판 경부와 텔례반에 오적 강급하며 별다른 인도적 교원없이 가안한 생활을 하고 있다고 미국 매체 리스패크가 지난달 보도했다
p41_u50,p41,taps_s80,하지만 이들은 터기스한 정보와 탈레반에 오적 강계다해 별다른 인도적 지원없이 가만한 생활을 하고 있다고 미국 매체 더리스패치가 지난달 보도했다
p41_u50,p41,taps_s160,하지만 이들은 터기스한 정보와 탈레반에 우적 감강계다해 별다른 인도적 지원없이 가만한 생활을 하고 있다고 미국 매체 다비스패치가 지난달 보도했다
p41_u50,p41,ce_visible,하지만 이들은 출판 정부와 편례반에 오적 강급하 별다른 인도적 기원없이 가안한 생활을 하고 있다고 비국매에의 더리스패스가 지난달 보도했다
p41_u50,p41,ce_invisible,하지만 이들은 터기스한 정보와 탈례반에 오적 강계다해 별다른 인도적 지원없이 가만한 생활을 하고 있다고 미국 매체 더니스패치가 지난달 보도했다
p41_u51,p41,taps,메르스 전성 아시아가 배트한 최대 부동산 개발업체 빈검해 대역령 전혀 본급 시스템 버사자을 공급했다고 이십 팔 일 밝혔다
p41_u51,p41,ce,때르스 전순아시아가 배란 최대 부동산 개발업에 빈검매 대용령 전력 공급 수시된 버스학자를 공급했다고 이십 팔 일 밝혔다
p41_u51,p41,ce_s40,때스 전문아시아가 배란 최대 부동산 개발업에 빈턴매 대용령 전력 공급 수시된 버수학자를 공급했다고 이십 팔 일 밝혔다
p41_u51,p41,ce_s80,최레스 전문아시아가 배란 세대 부동산 개발업에 빈검매 대형령 전력 공급 수된 버수덕자을 공급했다고 이십 팔 일 밝혔다
p41_u51,p41,ce_s160,때레스 전소아시아가 배남 최대 부동산 개발업에 빈턴매 대용령 전력 공급 수스된 버스가자을 공급했다고 이십 팔 일 밝혔다
p41_u51,p41,taps_s80,메르스 전성 아시아가 배트한 최대 부동산 개발업체 빈함해 대역량 전혀 공급 시템 버사트을 공급했다고 이십 팔 일 밝혔다
p41_u51,p41,taps_s160,메르스 전성 아시아가 배트한 최대 부동산 개발업체 빈검해 대역량 전혀 공급 시스템 버사자을 공급했다고 이십 팔 일 밝혔다
p41_u51,p41,ce_visible,힐먼스 전순아시아가 배란 최대 부동산 개발 업에 빈검매 대용령 전력 공급 수시된 버수석자를 공급했다고 이십 팔 일 밝혔다
p41_u51,p41,ce_invisible,메르스 전성 아시아가 배트한 최대 부동산 개발업체 빈검해 대역량 전혀 본급 시템 버사자을 공급했다고 이십 팔 일 밝혔다
p41_u52,p41,taps,이 시스템는 비노인 한너이씨와 후진 인지에 있는 십 삼 만 세대 규모에 대형아파트 단긴의 전력공검에 사용된다
p41_u52,p41,ce,이 스터은 부성인 하후이스와 코진 수에 있는 십산만 세대 규모에 대형아파트 단균의 전력 공금에 사용된다
p41_u52,p41,ce_s40,일스트레은 운성인 화후이스와 코진 민수에 있는 휴산만 세대 규모의 대형아파트 단겐의 관력 공급에 사용된다
p41_u52,p41,ce_s80,이스트은 운성인 하후이스와 코진 인수에 있는 휴산만 세대 규모의 대형아파트 단긴의 전력 공금에 사용된다
p41_u52,p41,ce_s160,이 스트은 운성민 화후이스와 코진 수에 있는 휴산만 세대 근모에 대형아파트 단긴의 전력 공급에 사용된다
p41_u52,p41,taps_s80,이 시스템은 비성인 현너이씨와 후진지에 있는 십 삼 만 세대 규모에 대형 아파트 단긴의 전력공급에 사용된다
p41_u52,p41,taps_s160,이 시스템은 비성인 하너이씨와 후진 지에 있는 십 삼 만 세대 규모에 대형 아파트 단진의 전력공급에 사용된다
p41_u52,p41,ce_visible,이 스터은 부성인 하후이스와 코진 인수에 있는 휴산만 세대 규모에 대형아파트 단겐의 전력 공금에 사용된다
p41_u52,p41,ce_invisible,이 시스템는 비노인 한너이씨와 후진 인지에 있는 십 삼 만 세대 규모에 대형아파트 단긴의 전력공검에 사용된다
p41_u53,p41,taps,빈범미 대트한 사십 여 저시에 표십만원의 집택건설를 기행하고 있어 추가 수술도 기뢰된다
p41_u53,p41,ce,김험이 대트한 사십료 도스의 수신만원에 집택 전사을 기행하고 있어 추가 선수로 이대된다
p41_u53,p41,ce_s40,김범이 발트한 사십료 보스의 수십만원에 집택 전사을 기행하고 있어 추가 선수로 이대된다
p41_u53,p41,ce_s80,빈험이 대트한 아십료 보스의 수신만원에 집택 전사을 진행하고 있어 추가 선수로 이대된다
p41_u53,p41,ce_s160,빈범이 배트한 사십 여 보스의 수십만원에 집택 건사을 기행하고 있어 추가 선수로 그대된다
p41_u53,p41,taps_s80,빈홍미 대트한 사십 여 더시에 수십만원의 집택건설를 기행하고 있어 추가 수술도 기재된다
p41_u53,p41,taps_s160,빈홍미 대트한 사십 여 도시에 표십만원의 집택건설를 기행하고 있어 추가 수술도 기뢰된다
p41_u53,p41,ce_visible,김험이 대트한 사십료 도스의 수신만원에 집택 전사을 기행하고 있어 추가 선수로 이대된다
p41_u53,p41,ce_invisible,빈범미 대트한 사십 여 저시에 표십만원의 집택건설를 기행하고 있어 추가 수술로 기뢰된다
p41_u54,p41,taps,패레스 전선 아시아는 비노무 목그룹인 빈그룹이 건설하는 대형책핑물과 리같해 플랜터 등에 또 제품 공급을 찾는 계획이다
p41_u54,p41,ce,프래스 단선 아시아는 빈로문이 목그로인 동고룹이 전찰하는 대형 사핑물과 리어 플란터그네 풍 제품 공급을 는 계획교다
p41_u54,p41,ce_s40,래스 산선 아시아는 빈로문이 모그로인 동고룹이 건설하는 대형 상생물과 리어 플란터그네  제품 공급을 스을 계획교다
p41_u54,p41,ce_s80,트래스 단선 아시아는 빈로문이 모그로인 동고룹이 관사하는 대형 상동물과 리롯트 플랜프크네 프 제품 공급을 찾는 계획교다
p41_u54,p41,ce_s160,프래스 산선 아시아는 빈로문이 모그로인 동고룹이 관찰하는 대형 상생물과 리교트 플랜터국네 동 제품 공급을 추는 계획의당다
p41_u54,p41,taps_s80,테레스 전선 아시아는 비노무 목그로인 빈그룹이 건설하는 대형책핑물과 리구트 플랜트 등에 또 제품 공급을 찾는 계획이다
p41_u54,p41,taps_s160,트레스 전선 아시아는 비노무 목그로인 긴그로룹이 건설하는 대형책핑물과 리트 플랜트 등에 또 제품 공급을 찾는 계획이다
p41_u54,p41,ce_visible,따래스 단선 아시아는 빈로문이 목그로인 동고룹이 전찰하는 대형 사핑물과 리같트 플란터그네 풍 제품 공급을 는 계획교다
p41_u54,p41,ce_invisible,패레스 전선 아시아는 비노무 목그룹인 빈크룹이 건설하는 대형책핑물과 리같해 플랜터 등에 또 제품 공급을 찾는 계획이다
p41_u55,p41,taps,버스닥트는 휴제 측정 하닭에 전선대신 군부회셀하에 판경 부채를 너 대통령의 전력을 공급한다
p41_u55,p41,ce,버스닥크는 수백 구정 바닥의 전환대신 군후케이스함에 판경 부채를 넣어 대형량의 달력은 공급한다
p41_u55,p41,ce_s40,버스닥크는 수데 구정 바닥의 전환대신 군후케이스함에 판경 부채를 넣어 대형량의 전력을 공급한다
p41_u55,p41,ce_s80,버스박프는 수백 구정 바닥의 전환대신 군후케이스함에 판경 부채를 넣어 대형량의 전력을 공급한다
p41_u55,p41,ce_s160,버스박프는 수백 구정 바닥에 전환 대신 군 크이스함에 판경 구채를 나어 대형량의 달력은 공급한다
p41_u55,p41,taps_s80,버스닥트는 휴제 측정 하닥에 전선대신 군보회슬람에 판년 사채를 너 대통령의 전력을 공급한다
p41_u55,p41,taps_s160,버스닥트는 휴제 측정 하닥에 전선대신 군국회슬함에 판년 부체를 넣 대통령의 전력을 공급한다
p41_u55,p41,ce_visible,버스박크는 수백 구정 바닥의 전환대신 군후케이스함에 판경 부채를 넣어 대형량의 달력은 공급한다
p41_u55,p41,ce_invisible,버스닥트는 휴제 측정 하닭에 전선대신 중부회셀하에 판경 부채를 너 대통령의 전력을 공급한다
p41_u56,p41,taps,전성보다 살 층원 이동이 간편하고 공간에 섯개 자리 척고팅 즐기과 아파트 공강금을 중심으로 더입이 늘어나는 추세다
p41_u56,p41,ce,전성부다 살태 이동이 간팔 하고 공관을 밖대 자리의 초구청 불리빙과 아파트 공광등을 종심으로 더욱이 늘어나는 세다
p41_u56,p41,ce_s40,전성부다 살태운 이동이 관팔하고 공관을 밖에 자리의 구청 불리생과 아파크 공광등을 중심으로 더욱이 늘어하는 뜻세다
p41_u56,p41,ce_s80,전성부다 살태운 이동이 관팔하고 공관을 밖계 자리의 최구청 불리생과 아파크 공강등을 종심으로 더욱이 늘어하는 뜻세다
p41_u56,p41,ce_s160,전성부다 살태운 이동이 간팔 하고 공간을 밖에 자리의 최구청 불리결과 아파크 공강 등을 종심으로 더욱이 늘어하는 추세다
p41_u56,p41,taps_s80,전성보다 살 치원 이동이 반편하고 공간을 섯개 자리의 척구충 늘기과 아파트 공강용을 중심으로 더입이 늘어나는 추세다
p41_u56,p41,taps_s160,전성보다 살 한 이동이 반편하고 공간을 섯개 자리의 최고층 즐징과 아파트 공강능을 중심으로 더입이 늘어나는 추세다
p41_u56,p41,ce_visible,전성부다 살태운 이동이 관팔 하고 공관을 밖대 자리의 최구청 부리생과 아파트 공강등을 종심으로 더욱이 늘어나는 추세다
p41_u56,p41,ce_invisible,전성보다 살 층원 이동이 간편하고 공간에 섯개 자리 최고팅 들기과 아파트 공강금을 중심으로 더입이 늘어나는 추세다
p41_u57,p41,taps,헤르스 전사 당시아는 이천 십칠 년 후팀이 에르스시 의에 스규설지를 부쳐 건덕 품시장 거의기인 이트함에 기술했다
p41_u57,p41,ce,에레스 산판 아희아는 이천 십 칠 년 후인이 에르스시 의 홍유사비를 보초 벌덕 품시장 거의기인 베남에 공소했다
p41_u57,p41,ce_s40,에베스 산만 나해아는 이천 십 칠 년 흑팀및 맨스시 부유의 홍유사비를 고초 벌덕 품시장 거의증인 베트함에 공풀했다
p41_u57,p41,ce_s80,에베스 전만 나후아는 이천 십 칠 년 후팀인 에다스시 부일엔 홍유사비를 고초 건덕 품시장 거의증인 함에 공풀했다
p41_u57,p41,ce_s160,알베스 산산 아흐하는 이천 십 칠 년 후팀인 헬다스시의엔 홍유사비를 고초 전덕 품시장 거입기인 패트함에 공풀했다
p41_u57,p41,taps_s80,메르스 전사당시아는 이천 십 칠 년 후팀이 에르스시 부에 신규설지를 쳐 건덕 품시장 거의기인 베트함에 힌술했다
p41_u57,p41,taps_s160,메르스 전사당시아는 이천 십 칠 년 후팀이 에스시 의에 스규설지를 부쳐 건덕 품시장 거기인 베트함에 킨술했다
p41_u57,p41,ce_visible,맨베스 산판 아후아는 이천 십 칠 년 후인이 에르스시 의 홍유사비를 보초 건덕 품시장 거의기인 베트남에 공소했다
p41_u57,p41,ce_invisible,헤르스 전사 당시아는 이천 십칠 년 후팀이 에르스시 의에 스규설지를 부쳐 건덕 품시장 거의기인 이트함에 기술했다
p41_u58,p41,taps,패트럼은 대기노 아파트 단계와 상업용 기기 아이 이치센터 공장 건설이 해발해 지면서 건물의 전선대신 부터크를 도입하는 사례가 늘었다
p41_u58,p41,ce,패풍함은 대기물 아파트 단계와 상업용 교육인 아이이기센터 공장관설이 출발했 뀌면서 건물의 전전 대후인 보습퍼크를 보입하는 사례가 늘었다
p41_u58,p41,ce_s40,패트함은 대기물 아파트 단계와 상업용 교율육인 아이이기센터 공당관설이 출발했 뀌면서 건물의 전점 대후인 보습퍼크를 더입하는 사례가 늘었다
p41_u58,p41,ce_s80,패트함은 대기나 아파트 단계와 상업용 교율인 아이 이기센터 공장관설이 출발했 뀌면서 건물의 전점 대국민 보습퍼크를 더입하는 사례가 늘었다
p41_u58,p41,ce_s160,배트함은 대기물 아파트 단계와 상업용 교육인 아이 이기센터 공장 관설이 출발했 뀌면서 건물의 전점 대국인 보습터크를 더입하는 사례가 늘었다
p41_u58,p41,taps_s80,패트함은 대기나 아파트 단계와 상업용 필딩 아이이쯤센터 공장 건설이 해발해 지면서 건물의 전선대신 부터크를 도입하는 사례가 늘었다
p41_u58,p41,taps_s160,패트럼은 대기나 아파트 단계와 상업용 대딩 아이 이쯤센터 공장 건설이 해발해 지면서 건물의 전선대신 부터크를 더입하는 사례가 늘었다
p41_u58,p41,ce_visible,패트함은 대기물 아파트 단계와 상업용 교육인 아이이기센터 공장관설이 출발했 뀌면서 건물의 전점 대후인 보습퍼트를 보입하는 사례가 늘었다
p41_u58,p41,ce_invisible,패트함은 대기노 아파트 단계와 상업용 기기 아이 이치센터 공장 건설이 해발해 지면서 건물의 전선대신 부터크를 도입하는 사례가 늘었다
p41_u59,p41,taps,패 경제 헤레스 전자 아시아 대표는 국내 버스터트시장 이대인 에레스 전선에 기술력을 기반으로 베트한 시장을 신정하겠다고 말했다
p41_u59,p41,ce,패인대 헬래스 전전 아시아 대표는 국내 버스박프 시장 이들인 에레스 전선에 기술 여을 기반으로 배한 시장을 손전하겠다고 말했다
p41_u59,p41,ce_s40,패인제 헬래스 전전 아시아대표는 국내 버스박크 시장 이의인 에베스 당선에 기술 여을 기반으로 배한시장을 손전하겠다고 말했다
p41_u59,p41,ce_s80,패인제 래스 전전 아시아대표는 국내 버스박크 시장 이들인 헬베스 전선에 기술 여을 개반으로 배한시장을 선명하겠다고 말했다
p41_u59,p41,ce_s160,패인제 래스 전전 아시아 대표는 국내 버스박프시장 이의인 에베스 전선에 기술 여을 기반으로 배한시장을 손전하겠다고 말했다
p41_u59,p41,taps_s80,패 경제 헤레스 전자 아시아 대표는 국내 버스터트시장 이인 에레스 전선에 기술력을 기반으로 베트한 시장을 신정하겠다고 말했다
p41_u59,p41,taps_s160,패 경제 헤레스 전자아시아 대표는 국내 버스터트 시장 이위인 에레스 전선에 기술력을 기반으로 베트한 시장을 행정하겠다고 말했다
p41_u59,p41,ce_visible,패인제 헬래스 전전 아시아대표는 국내 버스박프 시장 이들인 에레스 당선에 기술 여을 기반으로 배한 시장을 손전하겠다고 말했다
p41_u59,p41,ce_invisible,백 경제 헤레스 전자 아시아 대표는 국내 버스터트시장 이대인 에레스 전선에 기술력을 기반으로 베트한 시장을 신정하겠다고 말했다
p41_u60,p41,taps,페키 로스터선수단이 형제 부단이 캘그 위비의 접청을 받아 수원 야구장의 간다
p41_u60,p41,ce,페이크 로스터선부 단이 홍대부단이 트제 리비에 표정을 맞아 소문 야구장에 간다
p41_u60,p41,ce_s40,페이크 로스터서부 단이 홍대부단이 트제 리비의 표청을 맞아 소문 야구장애 간다
p41_u60,p41,ce_s80,페이크 로스터서부 단이 홍대보단이 특제 리비의 표청을 받아 소은 야구장에 간다
p41_u60,p41,ce_s160,페이크 로스터센부단이 형재부단이 틀빛 위지에 표정할 맞아 소문 야구당에 간다
p41_u60,p41,taps_s80,페키 로스터선수단이 형제 부단이 캘그 리비의 접청을 받아 소원 야구장의 간다
p41_u60,p41,taps_s160,페키 로스터선수단이 현제 부단이 캘제 위비의 조청을 받아 수원 야구장의 간다
p41_u60,p41,ce_visible,페이크 로스터선부 단이 형대부단이 트닉 리비에 표정을 맞아 소문 야구장에 간다
p41_u60,p41,ce_invisible,페키 로스터선수단이 형제 부단이 캘그 위비의 접청을 받아 수원 야구장의 간다
p41_u61,p41,taps,태큐 이주보단은 오는 십 칠 일 수원케키리스파크에서 열리는 엘개와의 풍경기에 형제 부단인 특기 월스터서수단을 적정해 로첫대이를 개최한다고 십 이 밝혔다
p41_u61,p41,ce,쿨프 이두부단은 오는 스크 일 프론 킬프 니스파크에서 열리는 엘이와의 성경기의 홍대부단인 크히몰스카 서순단을 걱정해 롯토대이를 결한다고 십이 밝혔다
p41_u61,p41,ce_s40,쿨프 이두보단은 오는 스크 일 프로 킬크 리스파크에서 열리는 엘개와의 성경기의 홍제보단인 크히몰스가선순단을 걱정해 롤토 대이를 거체한다고 십 이 밝혔다
p41_u61,p41,ce_s80,크프 이부보단은 오는 스크 일 프론 킬크 니스파크에서 열리는 엘개와일 성경기의 홍제보단인 크히몰스성순단을 걱정해 롯토대이를 교체한다고 십 이 밝혔다
p41_u61,p41,ce_s160,크플리부보단은 오는 스크 일 프론 킬프리스파크에서 열리는 앱이와의 한경기의 홍제보단인 크히 몰스터서순단을 걱정해 로토대이를 거체한다고 십이 밝혔다
p41_u61,p41,taps_s80,큐 이주보단은 오는 십 칠 일 수원케키치 파크에서 열리는 엘개와의 풍경기에 형제 부단인 택기 몰스터서수단을 적점해 로첫대이를 개최한다고 십 이 밝혔다
p41_u61,p41,taps_s160,태큐 이주보단은 오는 십 칠 일 수원케키스파크에서 열리는 엘개와의 풍경기의 형제 부단이 케히 월스터서수단을 처점해 로첫대이를 개최한다고 십 이 밝혔다
p41_u61,p41,ce_visible,크프 이두부단은 오는 스칠 일 프론 킬프리스파크에서 열리는 엘이와의 성경기의 홍제부단인 크히 몰스카서순단을 걱정해 롯써대이를 거한다고 십 이 밝혔다
p41_u61,p41,ce_invisible,태큐 이주보단은 오는 십 칠 일 수원케키리스파크에서 열리는 엘기와의 풍경기에 형제 부단인 특기 월스터서수단을 적정해 로첫대이를 개최한다고 십 이 밝혔다
p41_u62,p41,taps,이번 로 대리에는 경기 앞서 경잇장권을 공매한 고객할 대상으로 오후 네 시 사십 분부터 한 시간 동안 텐사회를 진행한다
p41_u62,p41,ce,이번 로터 데이에는 경기 앞서 경기 장권을 구매한 고격을 대상으로 오후 네 시 사십 분부터 한 시간 동안 큰사임애를 기행한다
p41_u62,p41,ce_s40,일본 으스터 데일에는 경기 앞서 경기 장권을 구매한 고격을 대상으로 오후 네 시 사십 분부터 한 시간 동안 큰사 행애를 기행한다
p41_u62,p41,ce_s80,일본 으스카 데이에는 경기 앞과 경립 장권을 구매한 고격을 대상으로 오후 네 시 사십 분부터 한 시간 동안 큰사 행사를 진행한다
p41_u62,p41,ce_s160,일본 스카 데회에는 경기 앞과 경기 장권을 구매한 고격을 대상으로 오후 네 시 사십 분부터 한 시간 동안 산사 행매를 진행한다
p41_u62,p41,taps_s80,이번 로 대이에는 경기 앞서 경직장권을 공매한 고개할 대상으로 오후 네 시 사십 분부터 한 시간 동안 센사행회을 진행한다
p41_u62,p41,taps_s160,이번 로 대이에는 경기 앞서 경잇 장권을 공매한 고객할 대상으로 오후 네 시 사십 분부터 한 시간 동안 센사행회를 진행한다
p41_u62,p41,ce_visible,일번 로터 대리에는 경기 앞터 경기 장권을 구매한 고격을 대상으로 오후 네 시 사십 분부터 한 시간 동안 큰사임애를 기행한다
p41_u62,p41,ce_invisible,이번 로 대이에는 경기 앞서 정잇장권을 공매한 고객할 대상으로 오후 네 시 사십 분부터 한 시간 동안 텐사행회를 진행한다
p41_u63,p41,taps,편사에는 이집 파크 동론에 익티한 디통기 아찌에서 열리이며 개민 간하남을 포함해 선실 일곱 명 병원이 참석한다
p41_u63,p41,ce,한성너는 이즈파크 공문에 이한 고품기 아계에서 열리력 에이는 름하남을 포함해 선수 육곱 명 권원이 참석한다
p41_u63,p41,ce_s40,젠팡에는 이즈파크 공문에 입대한 교품기 아류에서 열리력 게이능 김하남을 포함해 선수 육곱 명 권원이 풍석한다
p41_u63,p41,ce_s80,한팡너는 이즈파크 공론문에 대한 교품기 아쪽에서 열리력 에있는 김하남을 포함해 선수곱 명 권원이 통석한다
p41_u63,p41,ce_s160,한 팡에는 이제파크 공문에 입대한 교품기 아계에서 열력 게이는 하남을 포함해 선수 육곱 명 권원이 통석한다
p41_u63,p41,taps_s80,핀사에는 이집 파크 동론에 익티한 디통기 아찌에서 열리이며 개민 간하남을 포함해 선실 일곱명 변원이 참석한다
p41_u63,p41,taps_s160,핀사에는 이집 파크 동문에 익티한 비통기 아봇에서 열리이며 개민 간하남을 포함해 현실 일곱 명 권원이 참석한다
p41_u63,p41,ce_visible,한 성너는 이즈파크 공문에 이기한 고품기 아계에서 열리력 에이능 김하남을 포함해 선수 육곱 명 권원이 풍석한다
p41_u63,p41,ce_invisible,편사에는 이집 파크 동론에 익티한 기통기 아찌에서 열리이며 개민 간하남을 포함해 선실 일곱 명 병원이 참석한다
p41_u64,p41,taps,이날 경기 성리를 끼헌하는 식건은 예민 김하람이 스탄은 카자 문차이 맞는다
p41_u64,p41,ce,은날 경기 성미을 배어하을 식고는 엘이 근사람이 습간은 커드 문산이 만난다
p41_u64,p41,ce_s40,은날 경기 성립을 배어 안내 세고는 엘이민 근화람이 습간을 커져 문산이 많난다
p41_u64,p41,ce_s80,은날 경기 성립을 배어 하내 세고는 에 근화람이 습간은 커즈 문산이 만난다
p41_u64,p41,ce_s160,은날 경기 성미을 배어 하을 세고는 레이민 그사람이 습데은 커져 문산이 만난다
p41_u64,p41,taps_s80,이날 경기 성리를 비웠하는 식건은 예민 김하람이 스탄은 카자 문산이 맞는다
p41_u64,p41,taps_s160,이날 경기 성리를 비헌하는 식건은 레민 김하람이 스탄은 카자 문산이 맞는다
p41_u64,p41,ce_visible,은날 경기 성미을 배어하을 식고는 엘이 근사람이 습간은 커드 문산이 만난다
p41_u64,p41,ce_invisible,이날 경기 성리를 끼헌하는 실건은 예민 김하람이 스탄은 카자 문차이 맞는다
p41_u65,p41,taps,라스카 등거이를 포함해 아시아이아을 라이페 김정인 기도원 김민석 북나 일대 가은 에가를 예착한다
p41_u65,p41,ce,라스카 근광이를 포함해 아시아이아을 라이의 금정이 후도 김리선 등나 일베 왕은 외국가를 개착한다
p41_u65,p41,ce_s40,라스카 근광위를 포함해 아시아이아을 라이페 금정및 후도 김리성 등나 일베 관은 에국가를 개착한다
p41_u65,p41,ce_s80,라스카 등광위를 포함해 아시아이바을 라이페 금정이 규도 국리성 국나 일베 방은 에국가를 개착한다
p41_u65,p41,ce_s160,라스카 금광위를 포함해 아디아이바을 라이페 금정이 기도 김리성 등나 일베 방은 에국가를 발착한다
p41_u65,p41,taps_s80,라스카 등거이를 포함해 아시아이을 라이페 김정인 기도원 김민석 북나 일대 방은 외국가를 제착한다
p41_u65,p41,taps_s160,라스카 등거이를 포함해 아시아이아을 라이페 김정인 기도 김리석 등나 일대 방은 외가를 예착한다
p41_u65,p41,ce_visible,라스페 근광이를 포함해 아시아이바을 라이의 운정이 기도 김리선 분나 일베 왕은 외국가를 개착한다
p41_u65,p41,ce_invisible,라스카 등거이를 포함해 아시아이아을 라이페 김정인 기도원 김민석 북나 일대 가은 에가를 예착한다
p41_u66,p41,taps,또한 경기등인는 로스타 선수담이 공원단상에 올라 판들에의 인사를 전한다
p41_u66,p41,ce,또한 경기장에는 로시타 선수담이 음원단상에 올라 펠들에의 인사를 전한다
p41_u66,p41,ce_s40,또한 경기국에는 로시타 선수단이 음원단상에 올라 코들에의 인사를 전한다
p41_u66,p41,ce_s80,또한 경기등에는 로시타 선수담이 음원단상이 올라 클들에의 인사를 전한다
p41_u66,p41,ce_s160,또한 경기국에는 로시타선수담이 음원단상에 올라 펠들에의 인사를 전한다
p41_u66,p41,taps_s80,또한 경기주인는 로스타 선수담이 공원단상에 올라 판들에의 인사를 전한다
p41_u66,p41,taps_s160,또한 경기등인는 로즈타 선수담이 공원단상에 올라 판들에의 인사를 전한다
p41_u66,p41,ce_visible,또한 경기장에는 로시타 선수담이 음원단상에 올라 펠들에의 인사를 전한다
p41_u66,p41,ce_invisible,또한 경기등인는 로스타 선수담이 공원단상에 올라 판들에의 인사를 전한다
p41_u67,p41,taps,이밖에도 다양한 리랜트를 통해 로지택깨루세를 비롯해 마우스 크보드 스빈사인홀 등 프트막 경금을 등정한다
p41_u67,p41,ce,미밖에도 다양한 리벤트를 통해 러주택드사를 기급해 마홉 스 크고 등 필 사임법이 등 포드노 경품을 등정한는다
p41_u67,p41,ce_s40,미밖에도 다양한 리벤트를 통해 로주테드해를 기급해 마우스 후고등 숨필 사임법이 등 포드노 경품을 동정한는다
p41_u67,p41,ce_s80,미밖에도 다양한 리벤트를 통해 로주택 드해를 기급해 마홉스 크고등 숨필 사임법리 등 포드노 격품을 분정한다
p41_u67,p41,ce_s160,이밖에도 다양한 리벤트를 통해 러주택드사를 기급해 마우스 크고 등 스필사임보이 등 포드노 경품을 동정한다
p41_u67,p41,taps_s80,이밖에도 다양한 리랜트를 통해 머지택깨루세를 비롯해 마우스 크고드 찬필사임홀 등 푸지한 경금을 등정한다
p41_u67,p41,taps_s160,이밖에도 다양한 일랜트를 통해 머지택깨루세를 비롯해 마우스 크보드 샌필사인홀 등 프지막 경금을 등정한다
p41_u67,p41,ce_visible,미밖에도 다양한 리벤트를 통해 러주택드사를 기급해 마홉스 크고 등 숨필 사임법이 등 포드노 경품을 등정한는다
p41_u67,p41,ce_invisible,이밖에도 다양한 리랜트를 통해 로지택깨루세를 비롯해 마우스 크보드 스빈사인홀 등 프트막 경금을 등정한다
p41_u68,p41,taps,임천 삼성경찰서는 아파트 팔침에서 한금의 소모장경을 화장으로 단긴 수십 대 남성 이 씨를 특수상의 미수혐이 잡아 당사백민하고 이 구 일 밝혔다
p41_u68,p41,ce,임천 삼성봉찰서는 아파트 팔 층에서 학근해 송세병을 화단으로 던긴 수십 대 남성 이씨를 수상내 미수혐의로 붙다방 방사 등이라고 이십 구 일 밝혔다
p41_u68,p41,ce_s40,임천 삼성경찰서는 아파트 팔 층에서 학근해 송대병을 화단으로 던진 수십 대 남성 이씨를 수상희 미수혐의로 붙다방 방사등이라고 이십 구 일 밝혔다
p41_u68,p41,ce_s80,임천 삼성본찰서는 아파트 팔 층에서 학근해 송세병을 화단으로 던진 수십 대 남성 이씨를 수상내 미수 혐의로 붙다방 방사등이라고 이십 구 일 밝혔다
p41_u68,p41,ce_s160,임천 삼성경찰서는 아파트 팔층에서 학근해 송세병을 화단으로 던진 수십 대 남성 이 씨를 수상내 미수 연의로 붙다방당사등이라고 이 구 일 밝혔다
p41_u68,p41,taps_s80,임천 삼성경찰서는 아파트 팔침에서 한금의 소장병을 화장으로 단긴 수십 대 남성 이 씨를 특수상의 미수혐이 잡아 방사등인하고 이 구 일 밝혔다
p41_u68,p41,taps_s160,임천 삼성경찰서는 아파트 팔침에서 한금의 소제청을 화장으로 단긴 칠십 대 남성 이 씨를 특수상의 미수혐이로잡아 방사등인하고 이 구 일 밝혔다
p41_u68,p41,ce_visible,임천 삼성봉찰서는 아파트 팔 층에서 학근해 송세병을 화단으로 던긴 수십 대 남성 이씨를 수상내 미수혐의로 붙다방 방사 등이라고 이십 구 일 밝혔다
p41_u68,p41,ce_invisible,임천 삼성경찰서는 아파트 팔침에서 한금의 소모장경을 화장으로 단긴 수십 대 남성 이 씨를 특수상의 미수혐이 잡아 당사백민하고 이 구 일 밝혔다
p41_u69,p41,taps,경찰에 따르면 엘씨는 지난 이십 칠 일 오후 세 시 이시 분께이현 시 북한주 부계동의 한 아파트 팔등에서 찍 화당으로 빈소와대 병을 산뒤 혐의를 잡고 있다
p41_u69,p41,ce,경찰에 따르면 엘씨는 지난 이십 칠 일 오후 해수 이십 이입 분게했임편스 북평주 부내동의 헌아파트 팔생에서 장 호장으로 빈 소나대병을 담긴 행리를 받고 있다
p41_u69,p41,ce_s40,경찰에 따르면 엘씨는 지난 이십 칠 일 오후 해수 이십 입 분했임편스 북평주 부내동의 한아파트 팔생에서 입장 호장으로 빈 소나대병을 담긴 행리를 받고 있다
p41_u69,p41,ce_s80,경찰에 따르면 엘씨는 지난 이십 칠 일 오후 해수 이십 입 분께했인편스 북평주 부내동해 한아파트 팔생에서 이층 호장으로 빈 소와대병을 담긴 행의를 받고 있다
p41_u69,p41,ce_s160,경찰에 따르면 엘씨는 지난 이십 칠 일 오후 해수 이십 입 분 했임편시 북평주 보내동의 한아파트 팔생에서 이형호당으로  소나대병을 담긴 행의를 받고 있다
p41_u69,p41,taps_s80,경찰에 따르면 엘씨는 지난 이십 칠 일 오후 세 시 이십 분이전시 국한주 부계동해 한 아파트 팔등에서  층 화담으로 빈소와대 병을 산뒤 혐의를 잡고 있다
p41_u69,p41,taps_s160,경찰에 따르면 엘씨는 지난 이십 칠 일 오후 세 시 이십 분께이전 시 북한주 부계동의 한 아파트 팔등에서 이층 화당으로 빈소와대 병을 담뒤 혐의를 잡고 있다
p41_u69,p41,ce_visible,경찰에 따르면 엘씨는 지난 이십 칠 일 오후 해수 이십 이 분했인센스 북평주 부내동의 헌아파트 팔생에서 장 호장으로 빈 소나대병을 담긴 행위를 받고 있다
p41_u69,p41,ce_invisible,경찰에 따르면 엘씨는 지난 이십 칠 일 오후 세 시 이시 분께이현 시 북한주 부계동의 한 아파트 팔등에서 찍 화당으로 빈소와대 병을 산뒤 혐의를 잡고 있다
p41_u70,p41,taps,당시 아파트 단진의 보행것을 깔라가고 있던 사십 대 주민김씨는 자신의 직변으로 긴병이 떨가지자 의협을 느겠다고 경찰에 선거있다
p41_u70,p41,ce,당시 아파트 단신의 범행곳을 깔아듣고 했던 사십 대 분민리스씨는 자신의 주변으로 빈정이 땅하지자 의협을 느겠다고 검찰에 선고했다
p41_u70,p41,ce_s40,당시 아파트 단신의 범행것을 깔라듣고 했던 사십 대 분민리스씨는 자신의 주변으로 빈정이 땅하지자 이협을 느겠다고 검찰에 선고했다
p41_u70,p41,ce_s80,당시 아파트 단신의 범행옷것을 깔아듣고 있던 사십 대 국민리스씨는 자신의 주변으로 빈정이 떠하지자 이협을 느겠다고 검찰에 선고했다
p41_u70,p41,ce_s160,당시 아파트 단신의 범행문을 깔아걷고 있던 사십 대 국민리스씨는 자신의 주변으로 빈정이 땅가지자 이협을 느겠다고 검찰에 선고했다
p41_u70,p41,taps_s80,당시 아파트 단진의 보행것을 깔라가고 있던 사십 대 증민피씨는 자신의 직원으로 민병이 떨어지자 의협을 느겠다고 경찰에 선고있다
p41_u70,p41,taps_s160,당시 아파트 단신의 보행것을 따라가고 있던 사십 대 주민비씨는 자신의 집변으로 민병이 떨어지자 의협을 느겠다고 경찰에 선거했다
p41_u70,p41,ce_visible,당시 아파트 단신의 범행곳을 깔라걷고 했던 사십 대 분민시씨는 자신의 주변으로 빈정이 땅하지자 이협을 느겠다고 검찰에 선고했다
p41_u70,p41,ce_invisible,당시 아파트 단진의 보행것을 따라가고 있던 사십 대 주민김씨는 자신의 직변으로 긴병이 떨가지자 의협을 느겠다고 경찰에 선거있다
p41_u71,p41,taps,엘씨는 빈정 투자주의로 부성자가 있었다는 이후 주민들의 이야기를 듣고 다한 말련 이팔를 강할 지불에 다양한 자세했다
p41_u71,p41,ce,앵씨는 문병 논리로 부상자가 있었다면 이웃 주민들의 이야기를 겪고 다음 달른 이십 팔 일 바화 수부 등을 파항가 자소했다
p41_u71,p41,ce_s40,패씨는 군병 첫리로 부상자가 있었다는 이웃 주인들의 이야기를 듣고 다음 달을 이십팔 일 바할 수부 등 파항가 자소했다
p41_u71,p41,ce_s80,앵씨는 군병 첫행리로 부상자가 있었다는 이웃 주민들의 이야기를 듣고 다음 달행 이술판일 반할 수부 등에 반아가 자소했다
p41_u71,p41,ce_s160,일씨는 군병 첫행으로 부상자가 있었다면 이웃 주인들의 이야기를 겪고 다음 달른 이십팔 일 바할 수부 등는 파아가 자세했다
p41_u71,p41,taps_s80,엘씨는 김정 투착주의로 부성자가 있었다는 이후 주민들의 이야기를 듣고 다음 말련 이팔일 강할 지불래 다화한 자세했다
p41_u71,p41,taps_s160,최씨는 빈정 투였주의로 부성자가 있었다는 이후 주민들의 이야기를 듣고 다음 말련 이십팔일 강할 지불래 다양한 자제했다
p41_u71,p41,ce_visible,앵씨는 본정 투였사리로 부상자가 있었다면 이웃 주민들의 이야기를 듣고 사 달른 이십 팔 일 반할 수부 등에 파당가 자소했다
p41_u71,p41,ce_invisible,엘씨는 빈정 투자주의로 부성자가 있었다는 이후 주민들의 이야기를 듣고 사한 말련 이팔를 강할 지불해 다양한 자세했다
p41_u72,p41,taps,실제로 비씨는 병을 마지 않아 주민들의 전원과 달리 다히게 하는 것으로 풀됐다
p41_u72,p41,ce,실제로 배비는 분경을 말자나 증민들의 그호과 달리 갖히지 않는 것으로 통됐다
p41_u72,p41,ce_s40,실제로 교습이는 분경에 맞자나 주민들의 그호과 달리 갖히지 않는 것으로 폭됐다
p41_u72,p41,ce_s80,실제로 배습이는 분경에 맞자아 증민들의 그호과 달리 갖치지 않는 것으로 폭됐다
p41_u72,p41,ce_s160,실제로 배습이는 분경을 맞자나 주민들의 변호과 달리 갈치지 않는 것으로 폭폈다
p41_u72,p41,taps_s80,실제로 비씨는 등경에 마지 않아 주민들의 전원과 달리 다치게 하는 것으로 풀됐다
p41_u72,p41,taps_s160,실제로 비씨는 경에 마지 않아 주민들의 자원과 달리 다히게 하는 것으로 풀됐다
p41_u72,p41,ce_visible,실제로 배습비는 분경에 말지 않아 증민들의 단원과 달리 갖히지 않는 것으로 풍됐다
p41_u72,p41,ce_invisible,실제로 비씨는 병을 마지 않아 주민들의 전원과 달리 다히게 하는 것으로 풀됐다
p41_u73,p41,taps,패씨는 경찰에서 후와제를 먹었는데도 송사하는데 학교에 소화제병을 담잡다는 기계로 인술한 것으로 알려졌다
p41_u73,p41,ce,임씨는 경찰에서 소와대를 먹었는데도 송과하는데 확핑해 성대병을 담습다는 계기로 인술한 것으로 알려졌다
p41_u73,p41,ce_s40,임씨는 경찰에서 소와대를 먹었는데도 송하는데 확님을 성대 병을 담볐다는 계기로 인술한 것으로 알려졌다
p41_u73,p41,ce_s80,앵씨는 경찰에서 소와대를 먹었는데도 송과하는데 확님을 성대병을 담볐다는 계계로 인술한 것으로 알려졌다
p41_u73,p41,ce_s160,임씨는 경찰에서 소와대를 먹었는데도 송하는데 확님을 성대병을 담습다는 계기로 인술한 것으로 알려졌다
p41_u73,p41,taps_s80,엘씨는 전찰에서 후화제를 먹었는데도 송사하는데 학님에 소화제병을 담았다 기이로 긴술한 것으로 알려졌다
p41_u73,p41,taps_s160,패씨는 전찰에서 후화제를 먹었는데도 송사하는데 학교에 소화제병을 담잡다는 기계로 인술한 것으로 알려졌다
p41_u73,p41,ce_visible,패씨는 경찰에서 소와대를 먹었는데도 송과하는데 확핑에 성대병을 담습다는 계기로 인술한 것으로 알려졌다
p41_u73,p41,ce_invisible,패씨는 경찰에서 후와제를 먹었는데도 송사하는데 학교에 소화제병을 담잡다는 기계로 인술한 것으로 알려졌다
p41_u74,p41,taps,경찰 관계자는 일지를 상대로 소와제 생을 담긴 정확한 이유와 구체적인 경미경을 조사할 계획이라고 말했다
p41_u74,p41,ce,경찰 관계자는 일시를 상대로 소와대 병을 간진 정확한 이와 구체적인권리 등을 조상할 고위이라고 만했다
p41_u74,p41,ce_s40,경찰 관계자는 일시를 상대로 소와대 병을 던진 정확한 이와 구체적인권리 등을 조상할 고위기라고 만했다
p41_u74,p41,ce_s80,경찰 관계자는 일시를 상대로 사와대 방을 간진 정확한 이와 구체적 인권리 등을 조상할 공위라고 만았다
p41_u74,p41,ce_s160,경찰 관계자는 일시를 상대로 소와대 생을 간진 과확한 이의와 구체적인권리 등을 조상할 공위기라고 만았다
p41_u74,p41,taps_s80,경찰 관계자는 일지를 상대로 청와제참을 담긴 정확한 이와 구체적인 경미량을 조사할 계획이라고 말했다
p41_u74,p41,taps_s160,경찰 관계자는 일지를 상대로 소와대 참을 한긴 정확한 이유와 구체적인 경미양을 조사할 계획이라고 말했다
p41_u74,p41,ce_visible,경찰 관계자는 일시를 상대로 소와대 병을 간진 정확한 이와 구체적인권리 등을 조상할 고위이라고 나했다
p41_u74,p41,ce_invisible,경찰 관계자는 일지를 삼대로 소와제 청을 담긴 정확한 이유와 구체적인 경미경을 조사할 계획이라고 말했다
p41_u75,p41,taps,전북경찰이 더불어음당 경선 구입의력과 관련해 송와진 전 도지사 자택을 압수 수색했다
p41_u75,p41,ce,전북 경찰이 버불어민주당 건한구의 음혹과 관련해 송와진 전법지사 자택을 악수수색했다
p41_u75,p41,ce_s40,전북 경찰이 버불어민주당 건삼구입 음혹과 관련해 송와진 전법비사 자택을 압수 수색했다
p41_u75,p41,ce_s80,전북 경찰이 버불어민주당 강한구익 음혹과 관련해 송와진 전법비사 자택을 압수수색했다
p41_u75,p41,ce_s160,전북 경사이 버불어민주당 건한 구의 음역과 관련해 송와진 전법지사 자택을 압수수색했다
p41_u75,p41,taps_s80,전북경찰이 더불어민주당 경선 대의력과 관련해 송와진 전 더지사 자택을 압수수색했다
p41_u75,p41,taps_s160,전북경찰이 더불어음주당 경선 대입에력과 관련해 송와진 전 더지사 자택을 압수 수색했다
p41_u75,p41,ce_visible,전북 경찰이 버불어민주당 건한구입 음혹과 관련해 송와진 전범지사 자택을 악수수색했다
p41_u75,p41,ce_invisible,전북경찰이 더불어음당 경선 구입의력과 관련해 송와진 전 도지사 자택을 압수 수색했다
p41_u76,p41,taps,앞서 혹신 관료자들을 대거 있꺼 맨데리어 총 장기사 가족까지 수사를 확대하는 모습이다
p41_u76,p41,ce,앞던 혹순 관리자표를 대거 있고 데 이어 홍 변기사 가족까지 수사를 확명하는 모습이다
p41_u76,p41,ce_s40,앞서 흑순 관리자표를 대거 있고 명데 이어 송 변기사 가족까지 수사를 확명하는 모습이다
p41_u76,p41,ce_s80,앞던 혹순 관리자표를 대거 입고 난데 이어 홍 변기사 가족까지 수사를 확명하는 모습이다
p41_u76,p41,ce_s160,앞던 핵순 관리자표를 대거입고 명쟁력 송 변기사 가족까지 수간를 확패하는 모습이다
p41_u76,p41,taps_s80,악서 혹신 관련자들을 대거 있고 렌데리어 총 경기사 가족까지 수사를 확대하는 모습이다
p41_u76,p41,taps_s160,앞서 혹신 관료자들을 대거 있권 냄데리어 총 견 기사 가족까지 수사를 확대하는 모습이다
p41_u76,p41,ce_visible,앞서 혹순 관리자들를 대거 있고 데 이어 홍 변기사 가족까지 소사를 확명하는 모습이다
p41_u76,p41,ce_invisible,앞서 혹신 관료자들을 대거 있꺼 렌데리어 총 장기사 가족까지 수사를 확대하는 모습이다
p41_u77,p41,taps,십 이 일 전부경찰청 금에 따르면 경찰은 이날 청와진 전 비서 사택을 악색혔다
p41_u77,p41,ce,십 이 일 전북경찰청 등에 따르면 경찰은 이날 서라진 전 지사 자택을 악수색했다
p41_u77,p41,ce_s40,십 이 일 전북경찰청 등에 따르면 검찰은 이날 서해진 전 지사 자택을 앞수색했다
p41_u77,p41,ce_s80,십 이 일 전부경찰청 등에 따르면 경찰은 이날 청원진 전 지사 자택을 압수색했다
p41_u77,p41,ce_s160,십 일 일 전북경찰청 등에 따르면 경찰은 이날 청해진 전 지사 자택을 앞수색했다
p41_u77,p41,taps_s80,십 이 일 전부경찰청 등에 따르면 경찰은 이날 서와진 전 비서 자택을 악색혔다
p41_u77,p41,taps_s160,십 이 일 전부경찰청금에 따르면 경찰은 이날 청와진 전 비상 자택을 악수색혔다
p41_u77,p41,ce_visible,십 이 일 전북경찰청 등에 따르면 경찰은 이날 서원진 전 지사 사택을 악수색했다
p41_u77,p41,ce_invisible,십 이 일 전부경찰청 금에 따르면 경찰은 이날 청와진 전 비서 사택을 악색혔다
p41_u78,p41,taps,홍선 도시가에 부인 어용기 여사가 대상으로 경찰은 이날 자택과 차량 등을 악참색해 증거물를 확보하한는데 기력했다
p41_u78,p41,ce,홍전 보시사의 보인 오경등 여사가 대상으로 경찰은 이날 사택바 사량등을 압수색해 중검으로 확보하는데 고력했다
p41_u78,p41,ce_s40,홍전 보시사에 부인 오경진 여사가 대상으로 경찰은 이날 사택바 사령 등을 압수석해 중검으로 확보하는데 돌력했다
p41_u78,p41,ce_s80,홍전 보시사의 부인 오경인 여사가 대상으로 경찰은 이날 사택바 사령등을 압수석해 중검으로 확보하는데 돌력했다
p41_u78,p41,ce_s160,홍전 보시사의 부인 오경김 여사가 대상으로 경찰은 이날 사택바 사량등을 압수색해 중검으로 확보하는데 고력했다
p41_u78,p41,taps_s80,홍선 도기가에 부인 어용기 여사가 대상으로 경찰은 이날 자택과 차량 등을 아픈색해 증검물 확보하는데 지력했다
p41_u78,p41,taps_s160,홍선 도기가에 부인 의용김 여사가 대상으로 경찰은 이날 자택과 차량 등을 아참색해 증검물 확보한는데 기록했다
p41_u78,p41,ce_visible,홍전 도지사의 보인 오경등 여사가 대상으로 경찰은 이날 사택바 사량등을 압수색해 중검으로 확보하는데 부력했다
p41_u78,p41,ce_invisible,홍선 도시가에 부인 어용기 여사가 대상으로 경찰은 이날 자택과 차량 등을 악참색해 증거물를 확보하한는데 기력했다
p41_u79,p41,taps,또 경찰은 전북 자원 봉사센터에서 발견된 민주당 일당 원사와 관련된 다섯 명 자택도 선색했다
p41_u79,p41,ce,또 경찰은 전북 자원 봉사센터에서 발전된 민주당 입병 원사와 관련된 다섯 용 자택도 선색했다
p41_u79,p41,ce_s40,또 경찰은 전북 자원 봉사센터에서 발전된 민주당 입당 원사와 관련된 다섯 명 자택도 선색했다
p41_u79,p41,ce_s80,또 경찰은 전북 자원 봉사센터에서 발견된 민주당 입병 원사와 관련된 다섯 명 사택도 선색했다
p41_u79,p41,ce_s160,또 경찰은 전북 자원 봉사센터에서 발견된 인주당 입병 원사와 관련된 다섯 명 사택도 공색했다
p41_u79,p41,taps_s80,또 경찰은 전북 자원 봉사센터에서 발견된 민주당 일당 원사와 관련된 다섯 명 자택도 선색했다
p41_u79,p41,taps_s160,또 경찰은 전북 자원 봉사센터에서 발견된 민주당 일당 원사와 관련된 다섯 명 사택도 선색했다
p41_u79,p41,ce_visible,또 경찰은 전북 자원 봉사 센터에서 발전된 민주당 입병 원사와 관련된 다섯 명 사택도 선색했다
p41_u79,p41,ce_invisible,또 경찰은 전북 자원 봉사센터에서 발견된 민주당 일당 원사와 관련된 다섯 명 자택도 선색했다
p41_u80,p41,taps,송와진 전 기사를 보좌하던 전 비사실장과 예상 가단 등 고위 공무원 출신들이 통된 것으로 판악됐다
p41_u80,p41,ce,송와진 전 기사를 보장하던 전 비사실장과 이상 가량 등 구비 공무원 출신들이 포 된 것으로 평가됐다
p41_u80,p41,ce_s40,송와진 전 기사를 보장하던 전 비서실장과 이사 가장 등 구비 공무원 출신들이 포 된 것으로 풍됐다
p41_u80,p41,ce_s80,송와진 전 기사를 보좌하던 전 비다실장과 이사 가장 등 구비 공무원 출신들이 포함된 것으로 통됐다
p41_u80,p41,ce_s160,송와진 전 기사를 보좌하던 전 비서실장과 이상 가장 등 고비 공무원 출신들이 포된 것으로 풍급됐다
p41_u80,p41,taps_s80,송와진 전 기사를 보좌하던 전 비사실장과 예상 가단 등 고위 공무원 출신들이 평된 것으로 풍악됐다
p41_u80,p41,taps_s160,송와진 전 기사를 보좌하던 전 비서실장과 예상 가단 등 고위 공무원 시신들이 평된 것으로 판악됐다
p41_u80,p41,ce_visible,송와진 전 기사를 보장하던 전 비사실장과 이상 가량 등 구비 공무원 출신들이 포함 된 것으로 평가됐다
p41_u80,p41,ce_invisible,송와진 전 기사를 보좌하던 전 비사실장과 예상 가단 등 고위 공무원 출신들이 통된 것으로 판악됐다
p41_u81,p41,taps,경찰은 이들 가운데 일부에 대해선 구속영장 인장도 감토하는 것으로 알려졌다
p41_u81,p41,ce,검찰은 일을 거된 일부에 대에선 구속영장 분상도 검토하는 것으로 아려졌다
p41_u81,p41,ce_s40,경찰은 일을 가된 일부에 대해선 구속영장 분상도 검토하는 것으로 아라졌다
p41_u81,p41,ce_s80,검찰은 이을 가 일부에 대에선 구속영장 인상도 강토하는 것으로 아니졌다
p41_u81,p41,ce_s160,경찰은 이을 거데 일부에 대해선 구속영장 인장도 검토하는 것으로 아졌다
p41_u81,p41,taps_s80,경찰은 이들 가운데 일부에 대해선 구속영장 신장도 감토하는 것으로 알려졌다
p41_u81,p41,taps_s160,경찰은 이들 가운데 일부에 대해선 구속영장 신장도 감토하는 것으로 알려졌다
p41_u81,p41,ce_visible,검찰은 이을 가된 일부에 대해선 구속영장 분상도 검토하는 것으로 아려졌다
p41_u81,p41,ce_invisible,경찰은 이들 가운데 일부에 대해선 구속영장 인장도 감토하는 것으로 알려졌다
p41_u82,p41,taps,경찰 관계자는 악참색 한 건 사실이며 소사제민 사 아니라 정확한건 답힐 수 없다고 말했다
p41_u82,p41,ce,경찰 관계자는 아 수색 한 건 사실이며 수사 등사 아니라 정확한 건 발을 수 없다고고 말했다
p41_u82,p41,ce_s40,경찰 관계자는 아수 색 한 건 사실이며 수사등론민 사 아니라 정확한건 발딜 수 없다고고 말했다
p41_u82,p41,ce_s80,경찰 관계자는 아수색 한 건 사실이며 수사 등 사 아니라 정확한 건 발딜 수 없다고고 말했다
p41_u82,p41,ce_s160,경찰 관계자는 아수색 한 건 사실이며 수사등사 아니라 정확한 건 발딜 수 없다고 말했다
p41_u82,p41,taps_s80,경찰 관계자는 악전색 한건 사실이며 수사증민 사 아니라 정확한건 밝딜 수 없다고 말했다
p41_u82,p41,taps_s160,경찰 관계자는 악전색 한 건 사실이며 소사제민 사아니라 정확한건 발힐 수 없다고 말했다
p41_u82,p41,ce_visible,경찰 관계자는 아 수색 한 건 사실이며 수사 등사 아니라 정확한 건 밝딜 수 없다고고 말했다
p41_u82,p41,ce_invisible,경찰 관계자는 악참색 한 건 사실이며 소사제민 사 아니라 정확한건 답힐 수 없다고 말했다
p41_u83,p41,taps,한편 경찰은 이번 사건과 관련해 전 현직 전보도 공무원 열 명과 한 전보 자원공사 센터장 등 스마홉 명을 이다한 상태다
p41_u83,p41,ce,한편 경찰은 이번 사건과 관련해 전 현직 전보도 공무원 네 명과 한 전북자원문사 센터장 등 수운 명을 입편한 방찰다
p41_u83,p41,ce_s40,한편 경찰은 이번 사건과 관련해 전 현직 전북도 공무원 네 명과 한 전북자원문가 센터장 등 수명운 명을 입편한 방찰다
p41_u83,p41,ce_s80,한편 경찰은 이번 사건과 관련해 전 현직 검북도 공무원 네 명과 한 전북자원문가 센터장 등 수명운 명을 우편한 병찰다
p41_u83,p41,ce_s160,한편 경찰은 이번 사건과 관련해 전 현직 전북도 공무원 네 명과 한 정북자원문가 센터단 등 수운명을 우편한 방찰다
p41_u83,p41,taps_s80,한편 경찰은 이번 사건과 관련해 전 현직 장보도 공무원 열 명과 한 전보 자원공사 센터장 등 스홉 명을 이다한 상태다
p41_u83,p41,taps_s160,한편 경찰은 이번 사건과 관련해 전 현직 자보도 공무원 열 명과 한 전보 자원공사 센터장 등 스홉 명을 이다는 상태다
p41_u83,p41,ce_visible,한편 경찰은 이번 사건과 관련해 전 현직 전보도 공무원 네 명과 한 전북자원봉사 센터장 등 수명운 명을 입편한 방찰다
p41_u83,p41,ce_invisible,한편 경찰은 이번 사건과 관련해 전 현직 전보도 공무원 열 명과 한 전보 자원공사 센터장 등 스마홉 명을 이다한 상태다
p41_u84,p41,taps,국민의행 전남도 당이 기방선거에 출마할 자체상과 의원 등 열 다섯 명의 공천을 확정했다
p41_u84,p41,ce,국대흔 간남도 정리 구방선거에 출마할 진체장과 의원 등 열 다섯 명에 공천는 확정했다
p41_u84,p41,ce_s40,국의흔 간남도 당시 구방선거에 출마매 단체장과 의원 등 열 다섯 명에 공선는 호정했다
p41_u84,p41,ce_s80,국의흔 간남도 당시 구방선거에 출무매 진퇴장과 의원 등 옛 다섯 명에 공선는 확정했다
p41_u84,p41,ce_s160,국민의 흔 간남도 당리 구방선거에 출무할 반퇴장과 의원 등 열 다섯 명의 공선는 호정했다
p41_u84,p41,taps_s80,국민의행 전남도 당이 기방선거에 출마하 진체상과 의원 등 열 다섯 명의 공천을 확정했다
p41_u84,p41,taps_s160,국민의행 전남도 당이 기방선거에 출마할 진체상과 의원 등 열 다섯 명의 공선을 확정했다
p41_u84,p41,ce_visible,국대흔 간남도 당시 구방선거에 출마할 진체장과 의원 등 열 다섯 명에 공선는 확정했다
p41_u84,p41,ce_invisible,국민의행 전남도 당이 기방선거에 출마할 자체상과 의원 등 열 다섯 명의 공천을 확정했다
p41_u85,p41,taps,이 일 국민의임은 제 칠십 칠 차 최고위원회를 열고 제 팔 해 전국 통시 지방선거에 치망을 전남 지역 후보자 열 다섯 냄에 대한 공천은 최종제결했다
p41_u85,p41,ce,이 일 국민의 후은 제 칠십 칠 차 최고위원회를 열고 재 판배 전국 경기 예방선거과에 철망을 전남 지역 후보장 열 다섯 명에 대한 공천은 최종 의견했다
p41_u85,p41,ce_s40,이 일 국민의 임은 제 칠십 칠 차 최고위원회를 열고 재 판배 당국 경기 비방선거에 철망을 전남 지역 부보장을 다섯 명에 대한 공천은 최종 의견했다
p41_u85,p41,ce_s80,이 일 국민의 임은 제 칠십 칠 차 최고위원회를 열고 재 판배 당국 경비 이방선거에 철망을 전남 지역 후보장을 다섯 명에 대한 공천은 새종 의견했다
p41_u85,p41,ce_s160,이 일 국민의 임은  칠십 칠 차 최고위원회를 열고 재 판배 정국 동비 이방선거에 철망을 전남 지역 후보장을 다섯 명에 대한 공천은 최종 의결했다
p41_u85,p41,taps_s80,이 일 국민의 임은 제 칠십 칠 차 최고위원회를 열이고 제 팔 해 정국 통시 지방선과에 치망을 전남 지역 후보자 열 다섯 냄에 대한 공천은 최저제결했다
p41_u85,p41,taps_s160,이 일 국민의 임은 제 칠십 칠 차 최고위원회를 열고 재 팔 의 정국 통시 지방선거에 출망을 전남 지역 후보자 열 다섯 냄에 대한 공천은 최저제결했다
p41_u85,p41,ce_visible,이 일 국민의 후은 제 칠십 칠 차 최고위원회를 열고 재 판배 정국 경지 비방선거에 철망을 전남 지역 후보장 열 다섯 명에 대한 공천은 최종 의견했다
p41_u85,p41,ce_invisible,이 일 국민의임은 제 칠십 칠 차 최고위원회를 열고 제 팔 해 전국 통시 지방선거에 치망을 전남 지역 후보자 열 다섯 냄에 대한 공천은 최종제결했다
p41_u86,p41,taps,기초 단체장 후보는 여수시장 식영론 성평 군수 김대성 김도군 김정인 영환 군수 인대한 셈이다
p41_u86,p41,ce,국초 단시장후보는 여호사장 생명론 신평군수 동무성 인도군 김정량 영환군숙 인대 등이다
p41_u86,p41,ce_s40,주초 단체장 후보는 여호시장 명론 한평군수 김무성 인도군 김전량 명환군숙 임대 등이다
p41_u86,p41,ce_s80,주초 단시장 후보는 여호시장 영론 한평군수 동요성 인도군 김정난 명환군숙 임대 등이다
p41_u86,p41,ce_s160,초 당시장 후보는 여호시장 명론 한평군수 김요성 인도군수 김정명 명환군승 임대 등이다
p41_u86,p41,taps_s80,기초 단체 후보는 여수시장 식영론 상평 군수 김여성 김도군수 김정의 영환 군수 인대 셈이다
p41_u86,p41,taps_s160,기초 단체장 후보는 여수시장 식령은 성평 군수 김여성 김도군 김정은 여환 군수 인대한 셈이다
p41_u86,p41,ce_visible,국초 단시장후보는 여호시장 생명론 한평군수 김무성 인도군 김정량 영환군숙 인대 등이다
p41_u86,p41,ce_invisible,기초 단체장 후보는 여수시장 식영론 성평 군수 김대성 김도군 김정인 영환 군수 인대한 셈이다
p41_u87,p41,taps,그레원 후보는 전남도 의원 길래 전서연 김연성 세명이 여섯 시의원 길의 박전소 목쿠시비의 권이란 신순시원 길의 이 세인으로 확창했다
p41_u87,p41,ce,부베 의원 후보는 전남도 의원 길래 전사년 분양성 세 명이 여섯 트의원 김의 박정수로 목수원 비의 건리당 순생수의원급에 이 세인으로 확정했다
p41_u87,p41,ce_s40,부베 의원 후보는 전남도 이원 길래 전사년 분난성 세 명이 여섯 트의원 김의 박정수로 목수원 비의 건리당 신생수의원길에 이 세인으로 확정했다
p41_u87,p41,ce_s80,부베 의원 후보는 전남도 이원 길래 전사년 분난성 세 명이 여섯 트의원 김의 박정수로 목포수원 비백 건리란 신생수의원집에 이 세인으로 확정했다
p41_u87,p41,ce_s160,구백 의원 후보는 전남도 이원길의 전사년 분양성 세명이 여스 트의원 김매 박정로 목도수본 비행 건리란 신생수의원 길에 이 세인으로 확정했다
p41_u87,p41,taps_s80,그레원 후보는 전남도 의원 길래 전서연 김연성 체명이 여섯 시원 길의 박전소 목쿠시선비의 권이란 신순시길의 이 세인으로 확생했다
p41_u87,p41,taps_s160,그레원 후보는 전남도 의원 길래 전서연 김연성 체명인 여섯 시원 길의 박전소 목쿠시형비래 권이란 신순시원 길에 이 세인으로 확창했다
p41_u87,p41,ce_visible,부베 의원 후보는 전남도 의원 길래 전사년 분야성 세 명이 여섯 의원 김의 박정수로 목수원 비백 건리당 순생수의원급에 이 세인으로 확정했다
p41_u87,p41,ce_invisible,그레원 후보는 전남도 의원 길래 전서연 김연성 세명이 여섯 시의원 길의 박전소 목쿠시언비의 권이란 신센시원 길의 이 세인으로 확창했다
p41_u88,p41,taps,기초 의원 성거구 후보는 순산시위원 사 융사호 순산시원 사 보행이 낮최시위원 사 최정황 연관 구의원 화 장애진 진도 구위원 가 이 대 낌딩이다
p41_u88,p41,ce,국천의원 홍고구 후보는 순천수위원 강 융당후 순천수원 방 마행이 낮르수의원  최정화 명관 권의원 화 당연진 진도 고위각 이백 팀 등이다
p41_u88,p41,ce_s40,국천의원 홍고구 후보는 순상수 하 융후 천수원 바 거행이 낮르수의원  최저 명관 권의원 화 장양진 신도 고위각 이백 쉰 등이다
p41_u88,p41,ce_s80,이천 의원 홍고구 후보는 순천수 하 욕후 순천수원  어행이 낮르시위원  최저 명관 권의원 화 장양진 인도 고위 각 이했길 등이다
p41_u88,p41,ce_s160,입천 의원 홍고구 후보는 순수위원 가 융당후 천수 원 바 어행이 낮르수 위원  최정 명관 권의원  장양진 신도 고위각 이백길 등이다
p41_u88,p41,taps_s80,기초 의원 성거구 후보는 순산시위원 사 융상후 순천시원  보행이 낮최시위원 사 최저 연강 구의원 화 장애진 진도 구위원 가 이 대 낌팀이다
p41_u88,p41,taps_s160,기초의원 성거구 후보은 순천위원 사 욕사호 순산시원 사 보행이 낮최시위원 사 최정화 연강 구의원 나 장애진 진도 구위원 가 이백 팀팀이다
p41_u88,p41,ce_visible,국초의원 홍고구 후보는 순천수위원 강 융당후 천원 방 거행이 낮르수의원  최정화 명관 권의원  당양진 진도 고위각 이백 쉰 등이다
p41_u88,p41,ce_invisible,기초 의원 성거구 후보는 순산시위원 사 융사후 순산시원 사 보행이 낮최시위원 사 최정황 연관 구의원 화 장애진 진도 구위원 가 이 대 낌셈이다
p41_u89,p41,taps,전남도 당은 지난달 사 일에서 팔 일 지방선공호자를 서 은 프고이키시당과 공선 관리의의 면자 신세를 없다
p41_u89,p41,ce,전남부 당은 지난달 사 일에서 팔 일 희방선공호대를 접은 프핑해티스 논과 공상관리의원회의 면자 진사를 받다
p41_u89,p41,ce_s40,전남부 당은 지난달 사 일에서 팔 일 지방선공호자를 접 은 특핑데티스장과 공상관리의원회의 면자 진사를 확다
p41_u89,p41,ce_s80,전남부 당은 지난달 사 일에서 팔 일 지방선공부자를 접 은 흑끼니티스 영과 공상관리의원회의 면자 진사를 호다
p41_u89,p41,ce_s160,전남부 당은 지난달 사 일에서 팔 일 지방선공보자를 접은 특행해티스병과 공상관리의원회의 면자심사를 웠다
p41_u89,p41,taps_s80,전남도 당은 지난달 사 일에서 팔 일 지방선거부자를 서 진 프고인키시언과 공선 관리의의 면자 신신를 봤다
p41_u89,p41,taps_s160,전남도 당은 지난달 사 일에서 팔 일 지방선거호자를 서 대 프고이키시현과 공선 관리의원의의 면자 신세를 났다
p41_u89,p41,ce_visible,전남부 당은 지난달 사 일에서 팔 일 지방선공호대를 접은 쿠핑해티스엄과 공상관리의원회의 면자 진사를 받다
p41_u89,p41,ce_invisible,전남도 당은 지난달 사 일에서 팔 일 지방선공호자를 서 은 프고이키시당과 공선 관리의의 면자 신세를 없다
p41_u90,p41,taps,이후 성정단 특최 당상과 공 공천 배십 문단 임영위원회 심리등 보담계를 갖친 후보들을 최고위원회 상당에 제결했다
p41_u90,p41,ce,이후 성공단 특별당판과 금융공천 발십 원단 횡령위원회 승리병 보단계를 거은 후보들을 최고위원회 순장에 의결했다
p41_u90,p41,ce_s40,이후 성정단 특별 당판과 그 공천 발씀 원단 횡령위원회 승리병 보단계를 갖은 후보들을 최고위원회 상장에 의결했다
p41_u90,p41,ce_s80,이후 성정단 특별당판과 금공천 발십 원단 횡영위원회 승리등 보단계를 거은 후보들의 최고위원회 상장에 의결했다
p41_u90,p41,ce_s160,이후 성정단 특별 당판과 금융공천 발십 원단 횡령위원회 승리등 보단계를 같은 후보들을 최고위원회 성장에 의결했다
p41_u90,p41,taps_s80,이후 성정단 특별 당상과 공 공천 배십 원단 영위원회 실의등 보담계를 갖은 후보들을 최고위원회 상명에 제결했다
p41_u90,p41,taps_s160,이후 성정단 특별당상과 국 공천 배십 문단 영위원회 심리등 보단계를 갖친 후보을 최고위원회 상정에 제결했다
p41_u90,p41,ce_visible,이후 성공단 특별당판과 금융공천 발십 원단 횡령위원회 생리병 보단계를 같은 후보들을 최고위원회 순장에 의결했다
p41_u90,p41,ce_invisible,이후 성정단 특최 당상과 공 공천 배십 문단 임영위원회 심리등 보단계를 갖친 후보들을 최고위원회 상당에 제결했다
p41_u91,p41,taps,국민의행 전남도 당은 역대 최고의 성적을 낼 수 있도록 최신을 다 하겠다며 후소자가 없는 선거구에 대한 술가무를 오는 육 일까지 실시한다고 밝혔다
p41_u91,p41,ce,국민행행 전남부 당은 역대 책고의 성명을 낼 수 있도록 차선을 당하겠다며 후고자가 없는 한국구에 대한 추가방무를 오는 육 일까지 훌시한다고 밝혔다
p41_u91,p41,ce_s40,국민행행 전남부 당은 역대 책고의 성장을 낼 수 있도록 사선을 당하겠다며 후고자가 없는 한국구에 대한 수가선어를 고는 육 일까지 훌시한다고 밝혔다
p41_u91,p41,ce_s80,국민행행 전남부 당은 역대 책고에 성적을 낼 수 있도록 사순을 강하겠다며 후고자가 없는 한국구에 대한 수가모를 고는 육 일까지 훌지한다고 밝혔다
p41_u91,p41,ce_s160,국민행행 전남부 당은 역대 책고의 성명을 낼 수 있도록 최선을 당하겠다며 후보자가 없는 선국구에 대한 수가무를 오는 육 일까지 훌시한다고 밝혔다
p41_u91,p41,taps_s80,국민의행 전남부 당은 역대 최고의 성적을 낼 수 있도록 최신을 다하겠다며 후소자가 없는 선거구에 대한 술가무를 오는 육 일까지 실시한다고 밝혔다
p41_u91,p41,taps_s160,국민의행 전남부 당은 역대 최구의 성적을 낼 수 있도록 퇴신을 다하겠다며 후소자가 없는 선거구에 대한 추가무를 오는 육 일까지 실시한다고 밝혔다
p41_u91,p41,ce_visible,국민행행 전남부 당은 역대 책고의 성명을 낼 수 있도록 차선을 당하겠다며 후고자가 없는 한국구에 대한 추가방무를 오는 육 일까지 훌시한다고 밝혔다
p41_u91,p41,ce_invisible,국민의행 전남도 당은 역대 최고의 성적을 낼 수 있도록 최신을 다 하겠다며 후소자가 없는 선거구에 대한 출가무를 오는 육 일까지 실시한다고 밝혔다
p41_u92,p41,taps,삼정북도 교육청은 매년 삼 월에 대일할 농론나로 을께 일탁 은핵 의견을 이십 일 공고했다
p41_u92,p41,ce,평상특법교육청은 내년 삼 월에 공기할 농론화로학부의 일각 은행 여방의 이십 일 공고했다
p41_u92,p41,ce_s40,평상풋도 교육청은 매년 삼 월래 경기할 농론나로 후부의 일각 은행 여방의 이십 일 권고했다
p41_u92,p41,ce_s80,평상후법 교육청은 매년 삼 월래 경기할 농론나로호보의 일각 은행 여방의 이십 일 공고했다
p41_u92,p41,ce_s160,홍상북도 교육청은 내년 삼 월에 공개할 농론나로 과의 일각 은행 여방의 이십 일 공고했다
p41_u92,p41,taps_s80,삼정북도 교육청은 내년 삼 월에 대일할 농론나로 을께 일각탄는 여견을 이십 일 공고했다
p41_u92,p41,taps_s160,삼정북도 교육청은 내년 삼 월에 대일할 몽론나로 을께 일각 은는 여견을 이십 일 공고했다
p41_u92,p41,ce_visible,송상북법교육청은 내년 삼 월에 공기할 농론화로학부의 일각 은행 여방의 이십 일 공고했다
p41_u92,p41,ce_invisible,삼정북도 교육청은 매년 삼 월에 대일할 농론나로 을께 일학 은핵 의견을 이십 일 공고했다
p41_u93,p41,taps,이 학교는 자 탐색가 로사계를 고민하는 고교 이량이한 학생을 대상으로 곡세를 찾을 수 있도록 거아지고 원 소속 갖기 이 학면으로 돌려보에는 필 년째 앞계로 오행 긴
p41_u93,p41,ce,이 학교는 사탄뱃과 군려사계를 고민하는 고 일안 원 박생을 대상으로 목세를 찾을 수 있도록 보와주고 원 소속 학교 이학난으로 돌려 보내는 일 년종 앞대로 운영 된다
p41_u93,p41,ce_s40,이 학교는 사탄 뱃과 분노사계를 고민하는 곡 일 억후 확생을 대상으로 목세을 찾을 수 있도록 보와두고 원 소속 학교 이학면으로 돌려 보내는 일 년종 부째로 운영 된다
p41_u93,p41,ce_s80,이 학교는 사탄뱃과 분노 설계를 고민하는 곡 이억 해 학생을 대상으로 목세을 찾을 수 있도록 보아주고 원 소속 학교 이학면으로 돌려 보내는 일 년종 부대로 운영 겁다
p41_u93,p41,ce_s160,이 학교는 장탄뱃과 분로 사계를 고민하는 곡 일억후 확생을 배상으로 목표를 찾을 수 있도록 보아주고 원 소속 학교 이학난으로 돌려 보내는 일 현체 부째로 운영 중다
p41_u93,p41,taps_s80,이 학교는 자 탐색가 인무사계를 고민하는 고교 이량이한 학생을 대상으로 목세을 찾을 수 있도록 거아지고 원 소속 갖기 이 학면으로 돌려보내는 필 련째 앞계로 오행 긴
p41_u93,p41,taps_s160,이 학교는 장 탐색가 길로설계를 고민하는 고교 이항원 학생을 대상으로 목세를 찾을 수 있도록 구아지고 원 소속 갖기 이 학면으로 돌려보내는 일 련째 앞계로 오행 된
p41_u93,p41,ce_visible,이 학교는 사탄뱃과 굴려사계를 고민하는 고 일안 원 박생을 대상으로 목세를 사을 수 있도록 보와주고 원 소속 학교 이학난으로 돌려 보내는 일 년종 앞째로 운영 된다
p41_u93,p41,ce_invisible,이 학교는 자 탐색가 로사계를 고민하는 고교 이량이한 학생을 대상으로 곡세를 찾을 수 있도록 거아지고 원 소속 갖기 이 학면으로 돌려보에는 필 년째 앞계로 오행 긴
p41_u94,p41,taps,올해 그 번 대상은 내년의 돈네 고등학교의 대학 개정인 현재 천학에 담반면 했습이다
p41_u94,p41,ce,올해 부원 대상은 내면의 돈의 고등학교의 대학 여정인 현대 밖에 삼 망면 핵생이다
p41_u94,p41,ce_s40,올해 부원 대상은 내년의 돈의 고등학교의 대학 여정인 현대 밖에 가망면 했생이다
p41_u94,p41,ce_s80,올해 부원 대상은 내면의 돈의 고등학교의 의약 여정인 현대 분밖에 다망면 핵생이다
p41_u94,p41,ce_s160,올해 부안 대상은 내면의 돈의 고등학교의 계약 여정인 현대 분밖에 삼먹면 핵세이다
p41_u94,p41,taps_s80,올해 그 번 대상은 내 년의 돈네 고등학교 대학 개정인 현재 천학에 담반면 했습니다
p41_u94,p41,taps_s160,올해 그 번 대상은 내년의 돈네 고등학교 대학 개정인 현재 투학에 담반면 했습이다
p41_u94,p41,ce_visible,올해 부원 대상은 내면의 돈의 고등학교의 대학 여정인 현대 그밖에 삼 망면 핵생이다
p41_u94,p41,ce_invisible,올해 그 번 대상은 내년의 돈네 고등학교의 대학 개정인 현재 천학에 담반면 했습이다
p41_u95,p41,taps,모집인노은 남녀 구분 없이 모두 스물 네 명이며 원자터스 기간은 특쏘하고 떻별할 재명이 시작되는 다음달 이십 오 일부터 일방고 원설 망가 일인 십 이 월 십 오 일까지다
p41_u95,p41,ce,모집인후은 남명 구분 없이 모두 소물 네명능력 원급법로 기간은 폭쏘하고 특별 세명이 답되는 다음 달 이십 오 일부터 네방고 원찬 마가미은 수리할 십 오 일까르다
p41_u95,p41,ce_s40,모집인후은 남녀 구분 없이 모두 소물 네명민력 원금법로 기간은 폭쏘하고 특근 배명이 답되된 다음 달 이십 오 일부터 네방고 원찬 마화미인 수리월 십 오 일까르다
p41_u95,p41,ce_s80,모집인노은 남력 구분 없이 모두 소물 냉명인력 원금값로 기간은 폭쏘하고 특근 배명이 시답되는 다음 달 이십 오 일부터 네방고 원찬 마가미인 수리할 십 오 일까르다
p41_u95,p41,ce_s160,모집인후은 남력 구분 없이 모두 소물 네명인력 원급값로 기간은 폭상하고 특별 세명이 답되된 다음 달 이십 오 일부터 네방고 원찬 마가이인 수리할 십 오 일까지다
p41_u95,p41,taps_s80,모집인노은 남녀 구분 없이 모두 스물 네명이며 원자서수 기간은 특성하고 특별할 재명이 시작되는 다달 이십 오 일부터 일방구 원설 망한 일인 십 이 월 십 오 일까지다
p41_u95,p41,taps_s160,모집빌노은 남녀 구분 없이 모두 스물 네명이며 원자 탑스 기간은 특성하고 특별할 재명이 시작되는 다음달 이십 오 일부터 일방부 원설 망아 일인 십 이 월 십 오 일까지다
p41_u95,p41,ce_visible,모직인노은 남명 구분 없이 모두 소물 냉명능력 원급법석 기간은 폭쏘하고 터별 세명이 시각대는 다음 달 이십 오 일부터 네방고 원찬 마가미은 수리할 십 오 일까르다
p41_u95,p41,ce_invisible,모집인노은 남녀 구분 없이 모두 스물 네 명이며 원자터스 기간은 특쏘하고 떻별할 재명이 시작되는 다음달 이십 오 일부터 일방고 원설 망가 일인 십 이 월 십 오 일까지다
p41_u96,p41,taps,합격자는 자기 서기서와 콩모위기사를 바탕으로 한 면접을 거쳐 내년 일 월 이십 일 최정 결정 된다
p41_u96,p41,ce,합격자는 자기 서에사와 포모위균화를 바탕으로 한 면접을 거춰 내년 일 월 이시 일 최종 결정 된다
p41_u96,p41,ce_s40,합격자는 자기 서에사와 콩균화를 바탕으로 한 면접을 거춰 내년 일 월 이십 일 최종 결정 됩다
p41_u96,p41,ce_s80,합격자는 자기 서에사와 콩모균화를 바탕으로 한 면접을 거춰 내년 일 월 이십 일 최종 결정 됩다
p41_u96,p41,ce_s160,합격자는 자기 서에사와 통너이균화를 바탕으로 한 면접을 거춰 내년 일 월 이십 일 최종 결정된다
p41_u96,p41,taps_s80,합격자는 자기 서기서와 콩모위기사를 바탕으로 한 면접을 거쳐 내년 일 월 이십 일 최종 결정 된다
p41_u96,p41,taps_s160,합격자는 자기 서에서와 콩로위기사를 바탕으로 한 면접을 거쳐 몇년 일 월 이십 일 최정 결정 된다
p41_u96,p41,ce_visible,합격자는 자기 서에사와 콩모위균화를 바탕으로 한 면접을 거춰 내년 일 월 이시 일 최종 결정 된다
p41_u96,p41,ce_invisible,합격자는 자기 서기서와 콩모위기사를 바탕으로 한 면접을 거쳐 내년 일 월 이십 일 최정 결정 된다
p41_u97,p41,taps,복도나로 활교는 올해 삼 월 해경 약 계산 목도어가 전학 기곡 및 대한학교로 사칠하며 얻던 이입이다
p41_u97,p41,ce,목도마로 학교는 꿀의 삼 월 해명 옛 재산 목도고가 변화 귀곡및 대한학교로 사출과다위 어던 이름이다
p41_u97,p41,ce_s40,목도마로 학교는 꿀해 삼 월 해명 옛 재산 목도고가 변화 부곡 및 대한학교로 사출다이 어던 이름이다
p41_u97,p41,ce_s80,목도나로 활교는 꿀의 삼 월 해명 옛 재산 목도고가 변화 비곡및 대한학교로 사출바다녀 얻든 이름이다
p41_u97,p41,ce_s160,목도자로 활교는 올해 삼 월 해명 옛 재산 목도고와 변화 의곡및 대한학교로 사출다녀 어든 이름이다
p41_u97,p41,taps_s80,복도나로 활교는 올해 삼 월 해경 약 계산 목도어가 전학 기국 및 대한학교로 사출하며 얻던 이입이다
p41_u97,p41,taps_s160,북도나로 활교는 올해 삼 월 해경 약 계산 목도어가 전한 기국곡 및 대한학교로 사출하며 얻던 이입니다
p41_u97,p41,ce_visible,목도마로 학교는 꿀의 삼 월 해명 옛 재산 목도고가 전화 귀곡및 대한학교로 사출과다위 어던 이름이다
p41_u97,p41,ce_invisible,복도나로 활교는 올해 삼 월 해경 약 계산 목도어가 전학 기곡 및 대한학교로 사칠하며 얻던 이입이다
p41_u98,p41,taps,범영에는 배가 다고끝나는 나로처럼 새로운 터점과 다야양한 탐색을 통해 자신을 성산하고 인생의 목표를 사우는 했겨다는 의미가 담겨 있다
p41_u98,p41,ce,경영현는 배달다고뿐나는 나로처럼 사로운 법존과 다양한 탐석을 통해 자진을 성탄하고 인생의 목표를 세우는 학 교 안내 의미가 반겨했다
p41_u98,p41,ce_s40,경영현는 배가 바고 끝나는 나로 처럼 새로운 법존과 다양한 탐석을 통해 자진을 성탄하고 인생을 목표를 세우는 학교 안내 의류가 반겨했다
p41_u98,p41,ce_s80,김영에는 배가 바고 뿐나는 나로 처럼 새로운 법존과 다양한 탄석을 통해 자진을 성탄하고 인생을 목표를 세우는 할교 다는 의류가 반겨했다
p41_u98,p41,ce_s160,김영에는 배가 바고뿐나는 나로처럼 사로운 법존과 다양한 탐색을 통해 자진을 성탄하고 인상에 목표를 세우는 할교 안내 의류가 반겨했다
p41_u98,p41,taps_s80,경영에는 배가 다고끝나는 나로처럼 새로운 터점과 다양한 탐색을 통해 자신을 성착하고 인생의 목표를 사우는 했을 다는 의미가 담겨 있다
p41_u98,p41,taps_s160,경영에는 배가다고나는 나로처럼 새로운 터점과 다양한 탐색을 통해 자신을 성장하고 인생의 목표를 사우는 했끈 다는 의미가 담겨 있다
p41_u98,p41,ce_visible,경영현는 배달다고뿐나는 나로처럼 사로운 법존과 다양한 탐석을 통해 자진을 성탄하고 인상의 목표를 세우는 학 교 안내 의미가 반겨했다
p41_u98,p41,ce_invisible,범영에는 배가 다고끝나는 나로처럼 새로운 터점과 다야양한 탐색을 통해 자신을 성산하고 인생의 목표를 사우는 했겨다는 의미가 담겨 있다
p41_u99,p41,taps,또 백 여년 전 소공배가 지나듯전 목도 나르 기아공으로 해련 이런 붙잡였다
p41_u99,p41,ce,또 백여년 전 소동배가 분나들던 먹도 나루의 기업 정고 설련 이런 못탈였다
p41_u99,p41,ce_s40,또 백여년 전 소동배가 분화들던 목도 나루의 기업 정부 팔령 이런 못탈였다
p41_u99,p41,ce_s80,또 백여년 전 소동배가 분화들던 목도 나루의 기업정고 설명 이런 못탈였다
p41_u99,p41,ce_s160,또 백여년 전 소동배가 분나들던 목도 나라의 기업 정부 팔명 이런 못텔였다
p41_u99,p41,taps_s80,또 백 여년 전 소공배가 전나들던 목도 나르의 기아공으로 해량 이런 붙잡졌다
p41_u99,p41,taps_s160,또 백 여년 전 서분배가 지나들던 목도 나루의 기아공으로 해량 이런 깃잡졌다
p41_u99,p41,ce_visible,또 백 여년 전 소동배가 분화들던 먹도 나루의 기업 정부 설련 이런 못탈였다
p41_u99,p41,ce_invisible,또 백 여년 전 서공배가 지나듯전 목도 나르 기아공으로 해련 이런 붙잡였다
p56_u00,p56,taps,전부 윗산시는 노민들의 농자업 기계과을 지원하기 위해 농기계 임돼 사업수 운영을 통해 다양한 서비스를 제공하고 있다고 시이 밝혔다
p56_u00,p56,ce,전부 육산스는 녹민들의 농자업 무개발을 지현하기 위해 농국을 인데 사업스 운영 활통행 다양한 서비스를 제공하고 있다고 십 일 일 밝혔다
p56_u00,p56,ce_s40,전부 육산 시는 녹민들의 농자업 무개발을 지현하기 위해 농육을 인데 사업스 운영 활통해 다양한 서비스를 제공하고 있다고 십 이 일 밝혔다
p56_u00,p56,ce_s80,전부 육산 시는 녹민들의 농작업 무개발을 지한하기 위해 농깁을 인데 사업스 운영 활통해 다양한 서비스를 제공하고 있다고 십이 일 밝혔다
p56_u00,p56,ce_s160,전부 육단 스는 녹민들의 농작업 무개발를 지현하기 위해 농기의 인데 사업스 운영 활통는 다양한 서비스를 제공하고 있다고 십이 일 밝혔다
p56_u00,p56,taps_s80,전부 윗산시는 노민들의 농작업 기을 지원하기 위해 농기에 임제 사업수 운영을 통해 다양한 서비스를 제공하고 있다고 시이 밝혔다
p56_u00,p56,taps_s160,전부 위산시는 녹민들의 농자업 기과을 지원하기 위해 명직에 임대 사업수 운영을 통해 다양한 서비스를 제공하고 있다고 시이 밝혔다
p56_u00,p56,ce_visible,전부 육산스는 녹민들의 농자업 무개발을 지현하기 위해 농육을 인데 사업스 운영 활통행 다양한 서비스를 제공하고 있다고 십 일 일 밝혔다
p56_u00,p56,ce_invisible,전부 윗산시는 노민들의 농자업 기계과을 지원하기 위해 농기계 임돼 사업수 운영을 통해 다양한 서비스를 제공하고 있다고 시이 밝혔다
p56_u01,p56,taps,세오 거리가 벌어 이용의 불패을 호소한한 농업인을 위해 능기의 대달 운선료 지원 범위를 구십 퍼센트까지 확대했다
p56_u01,p56,ce,제육 거리가 벌어 이용할 불평을 호성하한 농업이을 위해 농비의 배달 은성료 중한 범위을 구십 퍼센트까지 확대했다
p56_u01,p56,ce_s40,수육 거리가 벌어 이용의 불편을 호성하한 농업인을 위해 농비의 폐당 운성료 기한 범위을 구십 퍼센트까지 확대했다
p56_u01,p56,ce_s80,인육 거리가 벌어 이용할 불편을 호성하한 농업인을 위해 농비의 배달 은성료 기한 범위를 구십 퍼센트까지 확대했다
p56_u01,p56,ce_s160,수용 거리가 벌어 이용할 불편을 호성하한 농업이을 위해 농비의 배달 의성료 기한 범위을 구십 퍼센트까지 확대했다
p56_u01,p56,taps_s80,시오 거리가 벌어 이용의 불패을 호소한한 농업인을 위해 능기의 대달 른선료 지원 범위를 구십 퍼센트까지 확대했다
p56_u01,p56,taps_s160,세오 거리가 벌어 이용의 불패한 호소 한한 농업인을 위해 눈기의 대달 운선료 지원 범위를 구십 퍼센트까지 확대했다
p56_u01,p56,ce_visible,서료 거리가 벌어 이용할 불평을 호성하한 농업이을 위해 농비의 배달 은성는 중한 범위을 구십 퍼센트까지 확대했다
p56_u01,p56,ce_invisible,세오 거리가 벌어 이용의 불패을 호소한한 농업인을 위해 능기의 대달 운선료 지원 범위를 구십 퍼센트까지 확대했다
p56_u02,p56,taps,이에 따라 농업비는 에어운 정도의 운송물만 부담하면 누금작업 한 행각에서 지대를 받았을 수 있게 되다
p56_u02,p56,ce,이에 따라 농업이는 해머원 정도의 운승료만 보담하면 녹금당업 파림당 해서 규기를 받았을 수 있게 되었다
p56_u02,p56,ce_s40,이에 따라 농업이는 해머원 정도의 운승료만 보담하면 녹당업 파 현상황에서 두 개를 받았을 수 있게 되었다
p56_u02,p56,ce_s80,이에 따라 농업이는 해머원 정도의 운승료만 보담하면 녹군당업 파현상에서 규개를 받았을 수 있게 되었다
p56_u02,p56,ce_s160,이에 따라 농업이는 일 머원 정도의 운승에만 보담하면 누군당업 팔림당 해서 길기를 받았을 수 있게 되었다
p56_u02,p56,taps_s80,이에 따라 농업비는 에어한 정도의 운송물만 부담하면 누금작업 탄행당에서 지게를 자았을 수 있게 되다
p56_u02,p56,taps_s160,이에 따라 농업비는 에형운 정도의 운송률만 부담하면 누금자업 한행정에서 기게를 자았을 수 있게 돼다
p56_u02,p56,ce_visible,이에 따라 농업이는 해머원 정도의 운승료만 보담하면 녹금당업 파림당에서 규기를 받았을 수 있게 되었다
p56_u02,p56,ce_invisible,이에 따라 농업비는 에어운 정도의 운송물만 부담하면 누금작업 한 행각에서 지대를 받았을 수 있게 되다
p56_u03,p56,taps,또 영용차인 사회서 유 발에는 토일의일에도 임대 농업 기계를 이용할 수 있도록 했다
p56_u03,p56,ce,또 영동탄인 사매사 유발에는 토일의 내부 인대 농업 구계를 이용할 수 있도록 했다
p56_u03,p56,ce_s40,또 영문탄인 사회사 유발에는 토일을 내부 있는데 농업 구계를 이용할 수 있도록 했다
p56_u03,p56,ce_s80,또 영문탄인 사에사 유발에는 토일의 내부 입대 농업 무계를 이용할 수 있도록 했다
p56_u03,p56,ce_s160,또 영릉탄인 사회사 유발에는 토일을 내도 이데 농업 구계를 이용할 수 있도록 했다
p56_u03,p56,taps_s80,또 영용차인 삼회서 유 월에는 토일의일에도 임대 농업 기계를 이용할 수 있도록 했다
p56_u03,p56,taps_s160,또 영릉차인 사회서 유 월에는 토일의일에도 임대 농업 기계를 이용할 수 있도록 했다
p56_u03,p56,ce_visible,또 영동탄인 사매사 유발에는 토일의 내부 입대 농업 구계를 이용할 수 있도록 했다
p56_u03,p56,ce_invisible,또 영용차인 사회서 유 발에는 토일의일에도 임대 농업 기계를 이용할 수 있도록 했다
p56_u04,p56,taps,구에서 십 일 월에도 과일 연찰시의 근무를 통해 언제라도 문작업을 할 수 있도록 문가를 적각 지원한다
p56_u04,p56,ce,부회가 십 일 달래도 바일 연용차 수의 근무를 통해 언제라도 문작업을 할 수 있도록 농가를 바격 지원한다
p56_u04,p56,ce_s40,부회가 십 일 월에도 바일 연봉차 수의 근무를 통해 언제라도 문작업을 할 수 있도록 농가를 바격 지원한다
p56_u04,p56,ce_s80,고회가 십 일 월래도 바일 연봉차 수의 근무를 통해 언제라도 문작업을 할 수 있도록 농가를 바격 지원한다
p56_u04,p56,ce_s160,구회가 십 일 월에도 과일 연동사 수의 근무를 통해 언제라도 문작업을 할 수 있도록 농가를 답격 지원한다
p56_u04,p56,taps_s80,구에서 십 일 월에도 과일 연찰 시의 근무를 통해 언제라도 문작업을 할 수 있도록 문가를 적각 지원한다
p56_u04,p56,taps_s160,구에서 십 일 월에도 과일 연찰시의 근무를 통해 언제라도 문작업을 할 수 있도록 문가를 적극 지원한다
p56_u04,p56,ce_visible,부회가 십 일 달래도 과일 연용차 수의 근무를 통해 언제라도 문작업을 할 수 있도록 농가를 바격 지원한다
p56_u04,p56,ce_invisible,구에서 십 일 월에도 과일 연찰시의 근무를 통해 언제라도 문작업을 할 수 있도록 문가를 적각 지원한다
p56_u05,p56,taps,시일 또 유거개원을 들려 농민들의 인기 기존 백 오대를 추가 고키를 했다
p56_u05,p56,ce,신년또 유가병원을 부려 논민들의 인기 비등 백 오대를 출가 키로 했다
p56_u05,p56,ce_s40,신년또 유가병원을 부야 논민들의 인기 비중 백 오대를 추가 키로 했다
p56_u05,p56,ce_s80,신년또 유가병원을 부려 논민들의 인기 비등 백 오대를 추가 복키로 했다
p56_u05,p56,ce_s160,신년또 유가병원을 부야 논민들의 인기 비병 백 오대를 출가 포키로 했다
p56_u05,p56,taps_s80,칠일 또 유거개원을 들려 농민들에 인기 기중 백 모대를 추가 고키려 했다
p56_u05,p56,taps_s160,십일 또 유거병원을 들려 농민들에 인기 기준 백 오대를 추가 고키를 했다
p56_u05,p56,ce_visible,신년또 유가병원을 표야 논민들의 인기 비중 백 오대를 출가 키로 했다
p56_u05,p56,ce_invisible,시일 또 유거개원을 들려 농민들의 인기 기존 백 오대를 추가 고키를 했다
p56_u06,p56,taps,농업기계 퇴착장도 운영요원 두명을 투입해 농업 기게 인대 사용은 세탁하고 반납하는 데 등는 시간과 노력을 절감할 수 있도록 지원하돼 있다
p56_u06,p56,ce,문업기의 세탁 장도 운영용원 종명을 투입해 농업 기게 임대 사용은 세탁하게 반납하는데 그는 시간과 노력을 발감할 수 있도록 기화하고 있다
p56_u06,p56,ce_s40,문업기의 세탁 장도 운영요원 분명을 투입해 농업 기에 임대 사용은 세탁하게 반납하는 데 그는 시간과 노력을 발감할 수 있도록 기화하고 있다
p56_u06,p56,ce_s80,문화기의 세탁 장부 운염요원 조명을 투입해 농업 기게 임대 사용은 세탁하게 반납하는 데 그혜 시간과 노력을 발감할 수 있도록 지화하고 있다
p56_u06,p56,ce_s160,문업기의 세탁 장도 운염요원 종명을 투입해 농업 기에 임대 사용은 세탁하게 반납하는 데 그는 시간과 노력을 발감할 수 있도록 지원하고 있다
p56_u06,p56,taps_s80,농업기계 착장도 운영요원 두명한 투입해 농업 기게 인대 사용은 세탁하고 반납하는 데 드는 시간과 노력을 절감할 수 있도록 지원하고 있다
p56_u06,p56,taps_s160,농업 기계 세착장도 운영요원 두명을 투입해 농업 기계 인대 사용은 세탁하고 반납하는데 등는 시간과 노력을 절감할 수 있도록 지원하돼 있다
p56_u06,p56,ce_visible,문업기의 세탁 장도 운영용원 종명을 투입해 농업 기게 임대 사용은 세탁하게 반납하는데 그는 시간과 노력을 발감할 수 있도록 기화하고 있다
p56_u06,p56,ce_invisible,농업기계 퇴착장도 운영요원 두명을 투입해 농업 기게 인대 사용은 세탁하고 반납하는 데 등는 시간과 노력을 절감할 수 있도록 지원하돼 있다
p56_u07,p56,taps,농업 기계 임대 사업서는 황의환 본소와 동부 남부 분소 최고시 운영되고 있으며 지난해 임대 건수가 어천 삼백 오십 일 건에 달했다
p56_u07,p56,ce,농합이 인들사업소는 한명을 본소와 동부 남부 본송 세구수 운영되고 있으며 지난해 김백 컴수가 어천 삼백 오십 일건에 달했다
p56_u07,p56,ce_s40,농합이 인들사업소는 한미을 본소와 동부 남부 본송 세구수 운영되고 있으며 지난해 김대건수가 어천 삼백 오십 일건에 달했다
p56_u07,p56,ce_s80,농합이 임들사업소는 한융을 본소와 동부 남부 본송 쇠구수 운영되고 있으며 지난해 김대건수가 어천 삼백 오십 일건에 달했다
p56_u07,p56,ce_s160,농업이계 임들 사업소는 합미을 본소와 동부 남부 분송 쇠구수 운영되고 있으며 지난해 김대건수가 어천 삼백 오십 일건에 달했다
p56_u07,p56,taps_s80,농업 기계 임대 사업소는 황의한 본소와 동부 남부 분소 최고시 운영되고 있으며 지난해 임대 건수가 어천 삼백 오십 일 건에 달했다
p56_u07,p56,taps_s160,농업 기계 임대 사업서는 황의환 본소와 동부 남부 분소 최고시 운영되고 있으며 지난해 임대 건수가 어천 삼백 오십 일 건에 달했다
p56_u07,p56,ce_visible,농합 이 인들사업소는 합명을 본소와 동부 남부 본소 쇠구수 운영되고 있으며 지난해 김백 컴수가 어천 삼백 오십 일건에 달했다
p56_u07,p56,ce_invisible,농업 기계 임대 사업서는 황의환 본소와 동부 남부 분소 최고시 운영되고 있으며 지난해 임대 건수가 어천 삼백 오십 일 건에 달했다
p56_u08,p56,taps,십 오 일 오후 네 시 오십 오 분께 경기 파주시 동해동 운전실로지의 한 아파트 실스행장 지하에서 콘페리트 양생작업 중 근로자다수가 해사가 탄소에 중국되는 사공산 났다
p56_u08,p56,ce,십어일 오후 네 스 오십 오 분께 경비 파드시 동평동 운전신돌시의 한 아파트 흰츠한장지하에서 콘크리트 야생작업 중 근로다 다수가 일상화 판소에 중급되한 사다가 많다
p56_u08,p56,ce_s40,십 오일 오후 네 시 오십 오 분께 경비 파드시 범해동 운전신도시의 한 아파트 흰츠현당지하에서 콘크리터 야생작업 중 근로다 다수가 일상화 판소에 종급되는 사다가 많다
p56_u08,p56,ce_s80,휘어일 오후 네 수 오십 오 분께 경기 파드시 범해동 운정신도시의 한 아파트 신츠현장지하에서 콘크리트 양생작업 중 근로다 다수가 일상환 판소에 종급되한 사다가 많다
p56_u08,p56,ce_s160,휘오일 오후 네 수 오십 오 분께 경비 파쇄수 본평동 운정신도시의 환 아파트 슐츠현당지하에서 콘크리트 양생작업 중 근로다 다소가 일상환 판소에 중급별한 사다가 많다
p56_u08,p56,taps_s80,십 오 일 오후 네 시 오십 오 분께 경기 파주시 동해동 운전실도시의 한아파트 실적 행장 지하에서 콘페리트 양생작업 중 근로자 다수가 일사가 판소에 중국되는 사공산 났다
p56_u08,p56,taps_s160,십 오 일 오후 네 시 오십 오 분께 경기 파주시 동해동 운전실도지의 한 아파트 실프행장 지하에서 콘크리트 양생작업 중 근로자 다수가 일사가 탄소에 중급되는 사공산 업다
p56_u08,p56,ce_visible,십어일 오후 내 스 오십 오 분께 경비 파드시 동평동 운전신돌시의 한 아파트 흰츠한장지하에서 콘크리트 야생작업 중 근로다 다수가 일상화 판소에 중급되는 사다가 많다
p56_u08,p56,ce_invisible,십 오 일 오후 네 시 오십 오 분께 경기 파주시 동해동 운전실로지의 한 아파트 실스행장 지하에서 콘페리트 양생작업 중 근로자다수가 해사가 탄소에 중국되는 사공산 났다
p56_u09,p56,taps,소방당국은 중상세명 경상 여섯 명 등 아 홉 명의 부상자를 당원으로 이성했다
p56_u09,p56,ce,소당당국은 중사 세형 강상 여섯 명 등 아홉 명의 부상자를 방안으로 이성했다
p56_u09,p56,ce_s40,소당 당국은 중사 세형 강상 여섯 명 등 아홉 명의 부상자를 방원으로 이선했다
p56_u09,p56,ce_s80,서당 당국은 중사 세형 강상 여섯 명 등 아홉 명의 부상자를 방원으로 이성했다
p56_u09,p56,ce_s160,소당 당국은 중사세형 강상 여섯 명 등 아홉 명의 부상자를 방원으로 이상했다
p56_u09,p56,taps_s80,소계당국은 중상세형 당상 여섯 명 등 안 홉 명의 부상자를 당원으로 이성했다
p56_u09,p56,taps_s160,소방당국은 중상세형 경상 여섯 명 등 안 홉 명의 부상자를 당원으로 이성했다
p56_u09,p56,ce_visible,소당당국은 중사 세형 강상 여섯 명 등 아홉 명의 부상자를 방안으로 이성했다
p56_u09,p56,ce_invisible,소방당국은 중상세명 경상 여섯 명 등 아 홉 명의 부상자를 당원으로 이성했다
p56_u10,p56,taps,이 식이 없던 중상자 두 명한 현대 회패 성명의을 지장이 없는 것으로 전해졌다
p56_u10,p56,ce,의식이 없던 중상자 두명은 현대 회부패 횡고원을 지장이 없는 것으로 전해졌다
p56_u10,p56,ce_s40,의식이 없던 중상자 분명은 현대 회부해 생문을 비장이 없는 것으로 전해졌다
p56_u10,p56,ce_s80,의식이 없던 중상자 분명은 현대 회부해 최로문을 비장이 없는 것으로 전해졌다
p56_u10,p56,ce_s160,의심이 없던 중상자 분명은 현대 회부해 성로인을 비장이 없는 것으로 담해졌다
p56_u10,p56,taps_s80,이 식이 없던 중상자 두 명한 헌재 회롭패 성명의을 지장이 없는 것으로 전해졌다
p56_u10,p56,taps_s160,이 식이 없던 중상자 두 명은 현재 회회 성명의을 지장이 없는 것으로 전해졌다
p56_u10,p56,ce_visible,의식이 없던 중상자 두명은 현대 회부패 횡고원을 지장이 없는 것으로 다해졌다
p56_u10,p56,ce_invisible,이 식이 없던 중상자 두 명한 현대 회패 성명의을 지장이 없는 것으로 전해졌다
p56_u11,p56,taps,당초에는 중상매명 강상열 일 오영 등 총 이십 일 형의 부상자가 발생한 것으로 알려졌으나 단순 협입자는 집계에서 제했다
p56_u11,p56,ce,당초에는 중상 네명 검상 열 일곱 명 등 총 이십 일 형의 부상자가 발생한 것으로 알려졌으나 반순 후백자은 육계에서 제외됐다
p56_u11,p56,ce_s40,당초에는 중상 네 명 검상 열 일곱 명등 총 이십 일 명의 부상자가 발생한 것으로 알려졌으나 반순 후백자는 육계에서 제외됐다
p56_u11,p56,ce_s80,당초에는 중상 네 명 건상 열 일곱 명 등 총 이십 일 명의 부상자가 발평한 것으로 알려졌으나 단순 후백자만 육계에서 제외됐다
p56_u11,p56,ce_s160,당초에는 중상내명 법상 열 일곱 명 등 총 이십 일 형의 부상자가 발명한 것으로 알려졌으나 반순 후백자은 육계에서 제외됐다
p56_u11,p56,taps_s80,당초에는 중상매명 강사열 일 오영 등 총 이십 일 형의 부상자가 발생한 것으로 알려졌으나 단순 협입자는 집계에서 제했다
p56_u11,p56,taps_s160,당초에는 중상매명 강상열 일 오영 등 총 이십 일 명의 부상자가 발생한 것으로 알려졌으나 단순 협입자는 집계에서 제했다
p56_u11,p56,ce_visible,당초에는 중상 네명 검사 열 일곱 명 등 총 이십 일 형의 부상자가 발생한 것으로 알려졌으나 반순 후백 자은 육계에서 제외됐다
p56_u11,p56,ce_invisible,당초에는 중상매명 강상열 일 오영 등 총 이십 일 형의 부상자가 발생한 것으로 알려졌으나 단순 협입자는 집계에서 제했다
p56_u12,p56,taps,다만 통쟁을 고수하는 근로자들의 추가 로 파악 등이어서 부상자가 늘어날 수 있다
p56_u12,p56,ce,다만 통증은 호소하는 근로자들의 추가오 파악등이어서 부상자가 늘어날 수 있다
p56_u12,p56,ce_s40,다만 홍트은 호소하는 근로자들의 추가구 파악 등이어서 부상자가 늘어많을 수 있다
p56_u12,p56,ce_s80,다만 홍트은 호소하는 근로자들의 추가오 파악 등이어서 부상자가 늘어날 수 있다
p56_u12,p56,ce_s160,다만 통증은 호소하는 근로자들의 추가오 파악등이어서 부상자가 늘어날 수 있다
p56_u12,p56,taps_s80,다만 통쟁을 고소하는 근로자들의 추가 호파악 등이어서 부상자가 늘어날 수 있다
p56_u12,p56,taps_s160,다만 통증을 고소하는 근로자들의 추가 호파악 등이어서 부상자가 늘어날 수 있다
p56_u12,p56,ce_visible,다만 통증은 호소하는 근로자들의 추가오 파악등이어서 부상자가 늘어날 수 있다
p56_u12,p56,ce_invisible,다만 통쟁을 고수하는 근로자들의 추가 로 파악 등이어서 부상자가 늘어날 수 있다
p56_u13,p56,taps,사고는 콘크리트 양생 작업 중 스탈 달러를 피워다라 발생한 것으로 추산된다
p56_u13,p56,ce,사고는 콘크리트 암생 가업 중 스한 날러를 로다가 발생한 것으로 추산된다
p56_u13,p56,ce_s40,사고는 콘크리트 암생 사업 중 스한 날러를 피요다가 발생한 것으로 추정된다
p56_u13,p56,ce_s80,사고는 콘크리트 암생 사업 중 스한 날러를 피른다아 발생한 것으로 추정된다
p56_u13,p56,ce_s160,학고는 콘크리트 암생 과업 중 스한 날러를 피른다아 발생한 것으로 추정된다
p56_u13,p56,taps_s80,사고는 콘크리트 양생 작업 중 스탈 날러를 피웠다가 발생한 것으로 추산된다
p56_u13,p56,taps_s160,사고은 커크리트 양생 작업 중 스탈 날러를 키워다라 발생한 것으로 추산된다
p56_u13,p56,ce_visible,사고는 콘크리트 암생 가업 중 스한 날러를 필로다가 발생한 것으로 추정된다
p56_u13,p56,ce_invisible,사고은 콘크리트 양생 작업 중 스탈 달러를 피워다라 발생한 것으로 추산된다
p56_u14,p56,taps,관계당국은 구조대 등 인락 하 여덟 명과 장기 열 에협대 등을 동하고 극급 등호의 단계를 반영했다가 이날 오후 여섯 시십 오 분께 회표했다
p56_u14,p56,ce,관계당국은 보조대병 인력 팔른 여덟 명과 당비 열 일홉폐 등을 도움하고 유급등원 활단계를 반영했다가 이날 오후 여섯 시 십 오 분께 회표했다
p56_u14,p56,ce_s40,관계당국은 구조대병 인력 팔흔 여덟 명과 당비 열 일홉폐 등을 도움하고 고급되원 활단계를 반영했다가 이날 오후 여섯 시 십 오 분께 회표했다
p56_u14,p56,ce_s80,관계당국은 구조대병 인력 흔 여덟 명과 당비 열 일홉회 등을 도움하고 고급등원 활단계을 반영했다가 이날 오후 여섯 시 시로분께 회폐했다
p56_u14,p56,ce_s160,관계당국은 구조대병 일백 른 여덟 명과 당비 열 일곱회 등을 동움하고 유급등원 일단계을 반영했다가 이날 오후 여섯 시 킬로분께 회표했다
p56_u14,p56,taps_s80,관계 당국은 구조대 등 일략 한 여덟 명과 장기 열 일협대 등을 동하고 극급등호의 단계를 반영했다가 이날 오후 여섯 시십 오 분께 표했다
p56_u14,p56,taps_s160,관계당국은 구조대 등 일략 하 여덟 명과 단기 열 에협대 등을 동원하고 극급등호의 단계를 반영했다가 이날 오후 여섯 시십 오 분께 표했다
p56_u14,p56,ce_visible,관계당국은 보조대병 인력 팔른 여덟 명과 장비 열 일홉폐 등을 도움하고 유급등원 활단계를 반영했다가 이날 오후 여섯 시 십 오 분께 회표했다
p56_u14,p56,ce_invisible,관계당국은 구조대 등 인락 하 여덟 명과 장기 열 에협대 등을 동하고 극급 등호의 단계를 반영했다가 이날 오후 여섯 시십 오 분께 회표했다
p56_u15,p56,taps,자차 간사현장에서 콘크리트 등에 보건 양생을 할 때 일대를 한강에서 날러를 키어다가 일산하 탄소 등도으로 이어질 수 있다
p56_u15,p56,ce,바차 강사현장에서 콘크리트 등에 보 양생을 할때 일베는 현장에서 날러를 피우다가 일산나 탄소 종도으로 이어질 수 있다
p56_u15,p56,ce_s40,바차 강사현장에서 콘크리트 등에 보 양생을 할 때 미페는 현강에서 날러를 피우다가 일산나 탄소 종도으로 이어질 수 있다
p56_u15,p56,ce_s80,경차 강사현장에서 콘크리트 등에 보 양생을 할 때 미페는 현강에서 날러를 피우다가 일산나 탄수 종도으로 이어질 수 있다
p56_u15,p56,ce_s160,바차 간사현장에서 콘크리트 등에 보 양생을 할 때 미베된 현강에서 달러를 피우다가 일산나 탄수 종도으로 이어질 수 있다
p56_u15,p56,taps_s80,자차 간사현장에서 콘크리트 등에 보건 양생을 할 때 일대른 한강에서 달러를 키어다가 일산나 탄소 등도으로 이어질 수 있다
p56_u15,p56,taps_s160,자차 간사현장에서 콘크리트 등에 보건 양생을 할 때 일대는 한강에서 달러를 키어다가 일산나 탄소 등도으로 이어질 수 있다
p56_u15,p56,ce_visible,바차 강사현장에서 콘크리트 등에 보 양생을 할 때 리페는 현강에서 날러를 피우다가 일산나 탄소 종도으로 이어질 수 있다
p56_u15,p56,ce_invisible,자차 간사현장에서 콘크리트 등에 보건 양생을 할 때 일대른 한강에서 날러를 키어다가 일산하 탄소 등도으로 이어질 수 있다
p56_u16,p56,taps,일사와 탄소는 무색 누지의 기태로 갈타이나 포탄 등 연려가 분안전 연사할 때 발생한다
p56_u16,p56,ce,일산 탄소는 무색 물지의 기태로 갈파이나 소탄 등 인류가 불안된 연사할에 발생한다
p56_u16,p56,ce_s40,일산탄소는 무색 녹지의 기태로 갈타이나 호탄 등 인류가 불안된 연사에 발생한다
p56_u16,p56,ce_s80,일산 탄소는 무색 녹지의 기태로 갈타이나 호탄 등 연류가 불안된 연사의 발생한다
p56_u16,p56,ce_s160,일산 탄소는 무색 물지의 기태로 갈파이나 소탄 등 인류가 불안된 연사할때 발생한다
p56_u16,p56,taps_s80,일사와 탄소는 무색 누지의 기체로 갈타이나 소탄 등 인려가 분안전 연사할 때 발생한다
p56_u16,p56,taps_s160,일사와 탄소는 무색 누지의 기체로 갈타이라 소탄 등 연려가 분안전 연사할 때 발생한다
p56_u16,p56,ce_visible,일산 탄소는 무색 물지의 기태로 갈파이나 소탄 등 인류가 불안된 연사할에 발생한다
p56_u16,p56,ce_invisible,일사와 탄소는 무색 누지의 기채로 갈타이나 포탄 등 연려가 분안전 연사할 때 발생한다
p56_u17,p56,taps,문재일 대통령은 이십 오 일 청와대 여의관에서 마지막 수석 부자감회위를 주제하고 감매가 됐다고 소감을 밝혔다
p56_u17,p56,ce,문등일 대통령은 이십 오 일 천와백 여명관에서 마지막 수사 보좌감회의를 주장하고 감회가 됐다고 소감을 밝혔다
p56_u17,p56,ce_s40,문등일 대통령은 이십 오 일 천 오백 여명관에서 마지막 수사 부좌감회의를 주장하고 감회가 됐다고 소감을 밝혔다
p56_u17,p56,ce_s80,문든일 대통령은 이십 오 일 천 오백 여명관에서 마지막 수사보좌감회의를 조제하고 감을가 됐다고 소감을 밝혔다
p56_u17,p56,ce_s160,문든일 대통령은 이십 오 일 천 오백 여명관에서 마지막 수사 보좌감 회의를 조제하고 감배가 됐다고 소감을 밝혔다
p56_u17,p56,taps_s80,문제일 대통령은 이십 오 일 청와대 여의관에서 마지막 수석 부자감회위를 주제하고 감매가 됐다고 소감을 밝혔다
p56_u17,p56,taps_s160,문제일 대통령은 이십 오 일 청와대 여의관에서 마지막 수석 부좌감 회위를 주제하고 감매가 됐다고 서감을 밝혔다
p56_u17,p56,ce_visible,문등일 대통령은 이십 오 일 천와백 여명관에서 마지막 수사 보좌감회의를 주장하고 감매가 됐다고 소감을 밝혔다
p56_u17,p56,ce_invisible,문재일 대통령은 이십 오 일 청와대 여의관에서 마지막 수석 부자감회위를 주제하고 감매가 됐다고 소감을 밝혔다
p56_u18,p56,taps,문 대통령은 이날 오후 두 시 수도회일를 열고 오늘는 앞으로 특별한 일이 없다면 마지막 수고미가 될지로 모르겠다
p56_u18,p56,ce,문 대통령은 이날 오후 두시 수범회일를 여고 오늘는 앞으로 특별하른 일이 없다면 마지막 수고회가 펼주도 모르겠다
p56_u18,p56,ce_s40,문 대통령은 이날 오후 두시 수범 회일의 여고 오늘는 앞으로 특별한 일이 없다면 마지막 수고회가 별주도 모르겠다
p56_u18,p56,ce_s80,문 대통령은 이날 오후 두시 수범회일의 여고 오늘는 앞으로 특별른 일이 없다면 마지막 수고회과 별주도 모르겠다
p56_u18,p56,ce_s160,문 대통령은 이날 오후 도시 수범회일의 여고 오늘는 앞으로 특별른 일이 없다면 마지막 수고회가 별주도 모르겠다
p56_u18,p56,taps_s80,문 대통령은 이날 오후 두 시 수도회일를 열고 오늘는 앞으로 특별한 일이 없다면 마지막 수미가 될지로 모르겠다
p56_u18,p56,taps_s160,문 내통령은 이날 오후 두 시 수도회일를 열고 오늘는 앞으로 뜻별한 일이 없다면 마지막 수고미가 될지로 모르겠다
p56_u18,p56,ce_visible,문 대통령은 이날 오후 두시 수범회일를 여고 오늘는 앞으로 특별하른 일이 없다면 마지막 수고회가 별수 모르겠다
p56_u18,p56,ce_invisible,문 대통령은 이날 오후 두 시 수도회일을 열고 오늘는 앞으로 특별한 일이 없다면 마지막 수고미가 될지로 모르겠다
p56_u19,p56,taps,모두 인상 활씀을 드리지 않고 바로 의행을 논의하도록 하겠다며 같이 말했다
p56_u19,p56,ce,모두 인산 활씀에 드이지 않고 바로 의양을 논의하도록 하겠다며 같이 말했다
p56_u19,p56,ce_s40,모두 인산 활씀을 드이지 않고 바로 의안을 논의하도록 하겠다며 같이 말했다
p56_u19,p56,ce_s80,모두 인상 활씀을 드이지 않고 바로 의양을 논의하도록 하겠다며 같이 말했다
p56_u19,p56,ce_s160,모두 인산 활씀에 드이지 않고 바로 의안을 논의하도록 하겠다며 같이 말했다
p56_u19,p56,taps_s80,모두 인상 활씀을 드리지 않고 바로 의안을 논의하도록 하겠다며 같이 말했다
p56_u19,p56,taps_s160,모두 인상 하씀을 드리지 않고 바로 의안을 눈의하도록 하겠다며 같이 말했다
p56_u19,p56,ce_visible,모두 인산 활씀에 드이지 않고 바로 의양을 논의하도록 하겠다며 같이 말했다
p56_u19,p56,ce_invisible,모두 인상 활씀을 드리지 않고 바로 의행을 논의하도록 하겠다며 같이 말했다
p56_u20,p56,taps,앞서 연휴 수고 회의에서 문 대통령은 절도의 메시지를 내지 않는 경우가 등종 있었다
p56_u20,p56,ce,앞다 변린 수북 메이에서 문 대통령은 발도의 메시지를 내지 않는 경우가 동겨 못었다
p56_u20,p56,ce_s40,앞다 변린 수북 회에서 문 대통령은 발도의 메시지를 내지 않는 경우가 동종 못었다
p56_u20,p56,ce_s80,앞다 변린 수북 메에서 문 대통령은 발도의 메시지를 내지 않은 경우가 동겨 못었다
p56_u20,p56,ce_s160,앞서 연린 수북 회이에서 문 대통령은 별도의 메시지를 내지 않은 경우가 동겨 못었다
p56_u20,p56,taps_s80,앞서 연휴 수고 회의에서 문 대통령은 달도의 메시지를 내지 않은 경우가 등종 있었다
p56_u20,p56,taps_s160,앞서 연린 수범 회의에서 문 대통령은 절도의 메시지를 내지 않는 경우가 등종 있었다
p56_u20,p56,ce_visible,앞서 변린 수북 메이에서 문 대통령은 발도의 메시지를 내지 않는 경우가 동겨 못었다
p56_u20,p56,ce_invisible,앞서 연휴 수고 회의에서 문 대통령은 절도의 메시지를 내지 않는 경우가 등종 있었다
p56_u21,p56,taps,특히 이날은 뒤이여 진행돼 청와대 차력 기자 간당과 예정돼 있어 구체장이 메시진을 생각한 것으로 보인다
p56_u21,p56,ce,특히 이날은 뒤이여 진행돼 한와대 프레디자 당 간담회가 예정돼 있어 구체장인 매시이을 효작한 것으로 보니다
p56_u21,p56,ce_s40,특히 이날은 뒤이여 진행돼 한국대 프레디자 당 간담회가 예정돼 있어 구체적인 매시인을 평락한 것으로 보니다
p56_u21,p56,ce_s80,특히 이날은 뒤이여 진행돼 한와대 플레 비자당 간담회가 예정돼 있어 구체적인 매시인을 효락한 것으로 보니다
p56_u21,p56,ce_s160,특히 이날은 뒤이여 진행돼 한와대 프레비자당 간담회가 예정돼 있어 구체적인 매시지을 형작한 것으로 보보니다
p56_u21,p56,taps_s80,특히 이날은 뒤이여 진행돼 청와대 차력 비자 간당과 예정돼 있어 구체장이 메시진을 생략한 것으로 보인다
p56_u21,p56,taps_s160,특히 이날은 뒤이여 진행돼 청와대 차력 비자 간당과 예정돼 있어 그체장이 메시진을 생각한 것으로 보인다
p56_u21,p56,ce_visible,특히 이날은 뒤이여 진행돼 상와대 프레디자 당 간담회가 예정돼 있어 구체장인 매시이을 효락한 것으로 보니다
p56_u21,p56,ce_invisible,특히 이날은 뒤이여 진행돼 청와대 차력 기자 간당과 예정돼 있어 구체장이 메시진을 생각한 것으로 보인다
p56_u22,p56,taps,이날 회의에는 외부 전문가로 이유에 한국과 기술단체 총 연합회 회장 이상열 한국 한국우주 연구원 문장이 참석했다
p56_u22,p56,ce,이날 회류에는 외부 전문가로 이 하로파 기술단퇴 총 연합회 회당 이 삼 을 한급한우주 영구 문장이 판석했다
p56_u22,p56,ce_s40,이날 회류에는 외부 전문가로 이 한류과 기술단퇴 총연합회 회당 이삼 을 한북한국우주 영구 원장이 판석했다
p56_u22,p56,ce_s80,이날 회류에는 외부 전문가로 이 한력파 기술단퇴 총연합회 회당 이 삼 열 홍급한국우주 영구 문장이 판석했다
p56_u22,p56,ce_s160,이날 회류에는 외부 전문가로 이의 한력파 기술단퇴 총연합회 회당 이 삼 을 한국한국우주 영구 문장이 참석했다
p56_u22,p56,taps_s80,이날 회의에는 외부 전문가로 이유에 한국과 기술단체 총연합회 회장 이상을 한국한국우주 연구원 문장이 참석했다
p56_u22,p56,taps_s160,이날 회의에는 외부 전문가로 이유에 한국과 기술단체 총연합회 회장 이상열 한국 한국우주 연구원 문장이 참석했다
p56_u22,p56,ce_visible,이날 회류에는 외부 전문가로 이 하로파 기술단퇴 총 연합회 회당 이 삼 을 한급한우주 영구 문장이 판석했다
p56_u22,p56,ce_invisible,이날 회의에는 외부 전문가로 이유에 한국과 기술단체 총 연합회 회장 이상열 한국 한국우주 연구원 문장이 참석했다
p56_u23,p56,taps,박수변 과학시술 보자관이 문재인 정부 과학기지 사실 상과와 가제라는 주제로 발째를 했다
p56_u23,p56,ce,박수용 광악짓술 보좌관이 문생인 정부 과학교술 학실 상권한 가제라는 주제로 발대 했다
p56_u23,p56,ce_s40,박수용 광학짓술 보좌관이 문생인 정부 과학교술 학실 상권을 가제라는 주제로 발대 했다
p56_u23,p56,ce_s80,박수용 광학짓술 보좌관니 문생인 정부 과학교술 학실 상권을 가제라는 주제로 발대 했다
p56_u23,p56,ce_s160,박수용 광역기술 보좌관이 문생인 정부 과학교술 학실 상권을 가제라는 주제로 발대 했다
p56_u23,p56,taps_s80,박수변 과학시술 보자관이 문재인 정부 과학기세 사실 상가와 가제라는 주제로 발째를 했다
p56_u23,p56,taps_s160,박수변 과학시술 보자관이 문재인 정부 과학기지 사실 상가와 가제라는 주제로 발째를 했다
p56_u23,p56,ce_visible,박수용 광악짓술 보좌관이 문생인 정부 과학교술 학실 상권한 가제라는 주제로 발대 했다
p56_u23,p56,ce_invisible,박수변 과학시술 보자관이 문재인 정부 과학기지 사실 상과와 가제라는 주제로 발째를 했다
p56_u24,p56,taps,문 대통령은 우리 이의 회장인과 이삼일 원장이 토론의 각을 높여주실 것으로 기대한다고 말했다
p56_u24,p56,ce,문내통령은 우리 이의 회당인과 이성밀 원단률이 토론에 걸을 높여주실 것으로 기대한다고 말했다
p56_u24,p56,ce_s40,문 내통령은 우리 이유일 회장인과 이성밀 원장률이 토론에 걸을 높여주실 것으로 기대한다고 말했다
p56_u24,p56,ce_s80,문 대통령은 우리 이의 회장 인과 이성률 원장님이 토론에 걸을 높여주실 것으로 기대한다고 말했다
p56_u24,p56,ce_s160,문 대통령은 우리 이의 회당진과 이성률 온장률이 토론에 걸을 높여주실 것으로 기대한다고 말했다
p56_u24,p56,taps_s80,문 대통령은 우리 이 회장인과 이삼일 원장이 토로의 각을 높여주실 것으로 기대한다고 말했다
p56_u24,p56,taps_s160,문 대통령은 우리 이의 회장인과 이삼일 원장이 토론의 각을 높여주실 것으로 기대한다고 말했다
p56_u24,p56,ce_visible,문내통령은 우리 이의 회장문과 이성밀 원장률이 토론에 걸을 높여주실 것으로 기대한다고 말했다
p56_u24,p56,ce_invisible,문 대통령은 우리 이의 회장인과 이삼일 원장이 토론의 각을 높여주실 것으로 기대한다고 말했다
p56_u25,p56,taps,에치 문화은행 장송글 지부 이세장 가장보가 지난 이십 이 열린 재 구회 개국한 다리 선갈 등회에서 분상을 받았다
p56_u25,p56,ce,에 스 농화은행 전문군 지부 일세정 가정보가 지난 이스비 열린 백 국내 외국한 발인 선매변에서 분상을 받았다
p56_u25,p56,ce_s40,에 페 농화은행 전문군 지부 일세정 가장보가 지난 이스비 열린 백 국내 외국한 발인 선매변회에서 분상을 받았다
p56_u25,p56,ce_s80,에 스 농화은행 전문군 지부 일세정 가장보가 지난 이스비 열린 백 국내 외국한 발인 선발변회에서 군상을 받았다
p56_u25,p56,ce_s160,엔츠 농화은행 전문군 지부 일세정 가장보가 지난 이스비 열린 백 국내 외국한 발인 선매변회에서 분상을 받았다
p56_u25,p56,taps_s80,에치 문럽은행 전성글 지부 이세정 가장보가 지난 이십 이 열린 재 구회 예국한 달리 선갈 등회에서 분상을 받았다
p56_u25,p56,taps_s160,에치 문럽은행 장성군 지부 이세장 가장보가 지난 이십 이 열린 재 구회 예국한 다리 선갈 등회에서 분상을 받았다
p56_u25,p56,ce_visible,에 스 농화은행 전문군 지부 일세정 가정보가 지난 이스비 열린 백 국내 외국한 발인 선매변에서 분상을 받았다
p56_u25,p56,ce_invisible,에치 문화은행 장송글 지부 이세장 가장보가 지난 이십 이 열린 재 구회 개국한 다리 선갈 등회에서 분상을 받았다
p56_u26,p56,taps,엔일치 룡화변는 이날 사 월 중국 본사에서 전국에서 예산을 통과한 최십 용야을 대상으로 외국한 사례 성망대회를 진행했다
p56_u26,p56,ce,에프 동여부는 이날 삼일 중부 본사에서 당국에서 예산 을 통과한 최 공야을 대상으로 외국한 바인 성만대회을 지안했다
p56_u26,p56,ce_s40,에프 농업부는 이날 삼글 종부 본사에서 당국에사 예산을 통과한 세 공화을 대상으로 외국한 바인 성만배협을 비영했다
p56_u26,p56,ce_s80,에프 농업부는 이날 삼글 종로 본사에서 전국에서 예산을 통과한 세층 공영을 대상으로 외국한 다인 성만배협을 비열했다
p56_u26,p56,ce_s160,에프 농여은는 이날 삼글 종부 본사에서 전국에서 예전 을 통과한 최근 공화을 대상으로 외국한 다인 성만배에를 비열했다
p56_u26,p56,taps_s80,엔니치 룡화변에 이날 사 월 중국 본사에서 전국에서 예산을 통과한 칠십 용야을 대상으로 외국한 사례 성한대회를 진행했다
p56_u26,p56,taps_s160,엔일치 용화변는 이날 사 월 중국 본사에서 전국에서 예산을 통과한 칠십 용량을 대상으로 외국한 사림 성망대회를 진행했다
p56_u26,p56,ce_visible,에프 동여부는 이날 삼일 중부 본사에서 당국에서 예산 을 통과한 최 공화을 대상으로 외국한 바인 성만배협을 지안했다
p56_u26,p56,ce_invisible,엔일치 룡화변는 이날 사 월 중국 본사에서 전국에서 예산을 통과한 최십 육야을 대상으로 외국한 사례 성망대회를 진행했다
p56_u27,p56,taps,정국 이착 육대 여명을 직원이 찬가할 정도로 뜨거웠던 이번 달회는 서바일발 형식으로 외국한 지식 및 당험을 결는 방식으로 설치졌다
p56_u27,p56,ce,당국 이천 육백 여 명의 직원이 상가할 정도로 뜨격 웠던 이번폐에는 선과일반 형색으로 외국한 지식입 병험을 결혼는 방식으로 출사았다
p56_u27,p56,ce_s40,당국 이천 육백 여 명의 직원이 상가할 정도로 뜨격 웠던 이번폐에는 선가일반 형색으로 외국한 지식육 병험을 결혼는 방식으로 출사았다
p56_u27,p56,ce_s80,당국 이천 육백 여 명의 직원이 상가할 정도로 뜨어 웠던 이번폐에는 사과일반 형색으로 외국한 지식육 병험을 결혼는 방식으로 출사았다
p56_u27,p56,ce_s160,당국 이천 육백 여 명의 직원이 상과할 정도로 뜨격 웠던 이번폐에는 서과일방 형으로 외국한 지지육 병험을 결혼는 방식으로 출사았다
p56_u27,p56,taps_s80,정국 이착 육대 여명을 직원이 찬가할 정도로 뜨거웠던 이번 달에는 서바일발 형식으로 외국한 지식 및 당험을 가루는 방식으로 설치졌다
p56_u27,p56,taps_s160,정국 이착 육대 여명을 직원이 찬가할 정도로 뜨거웠던 이번달에는 서바이발 형식으로 외국한 지식 및 당험을 결는 방식으로 설치졌다
p56_u27,p56,ce_visible,정국 이천 육백 여 명의 직원이 상가할 정도로 뜨격 웠던 이번폐에는 성과일반 형색으로 외국한 지식입 병험을 결혼는 방식으로 출사았다
p56_u27,p56,ce_invisible,정국 이착 육대 여명을 직원이 찬가할 정도로 뜨거웠던 이번 달회는 서바일발 형식으로 외국한 지식 및 당험을 결는 방식으로 설치졌다
p56_u28,p56,taps,본송대회에서 월정한 기량을 선회의 이세정 정성금 지불 가장부는 이 금사에 차지했다
p56_u28,p56,ce,본문대회에서 월동한 고약말 선분인 이세정 방성군 지불 가장고는 일이인 군상을 차지했다
p56_u28,p56,ce_s40,본문대회에서 월동한 비약말 선분인 이세정 방성군 지불 가장고는 일이인 군상을 차지했다
p56_u28,p56,ce_s80,본문대회에서 월동한 비약난 선분인 이세정 방성군 지불 가장부는 일인인 군상을 차지했다
p56_u28,p56,ce_s160,본문대회에서 월동한 비량말 선부인 이세정 방성군 지북 가장부는 일인인 군상을 차지했다
p56_u28,p56,taps_s80,본무대회에서 열정한 기량을 삼페의 이세정 정성금 지불 가장 부는 이의 금사에 차지했다
p56_u28,p56,taps_s160,본론대회에서 월정한 기량을 선페의 이세정 정성금 지불 가장부는 이례의 근사에 차지했다
p56_u28,p56,ce_visible,본문대회에서 월동한 고약말 산분인 이세정 방성군 지불 가장고는 일이인 군상을 차지했다
p56_u28,p56,ce_invisible,본문대회에서 월정한 기량을 선회의 이세정 정성금 지불 가장부는 이 금사에 차지했다
p56_u29,p56,taps,이세당 과장부는 평소 외국한에 대한 관심이 많아 조금씩 공부했 었다면서 앞으로도 더 많이 고부의 지역주민들에게 도움을 줄 수 있도록 노약하겠다게 했다
p56_u29,p56,ce,이 세금 가당부는 평서 외곡한에 대한 관심이 많아 조금씩 공무에 썼다면서 앞으로도 더 많이 공부의 지역주인들에게 보험을 줄 수 있도록 노력하겠다고 했다
p56_u29,p56,ce_s40,이 세금 다정부는 평서 외국한에 대한 관심이 많아 조금씩 공무에 썼다면서 앞으로로 더 많이 공부의 지역주인들에게 보험을 줄 수 있도록 노력하겠다고 했다
p56_u29,p56,ce_s80,이 세간 가당부는 평서 외국한에 대한 관심이 많아 조금씩 공무에 썼다면서 앞으로도 더 많이 공부의 지역주인들에게 보움을 줄 수 있도록 버력하겠다고 했다
p56_u29,p56,ce_s160,이세상 가정부는 평서 외곡간에 대한 관심이 많아 조금시 공무에 썼다면서 앞으로도 더 많이 공부의 지역주인들에게 보움을 줄 수 있도록 노력하겠다고 했다
p56_u29,p56,taps_s80,이세장 과장부는 평소 외국한에 대한 관심이 많아 조금씩 공부했 었다면서 앞으로도 더 많이 고부의 지역주민들에게 도움을 줄 수 있도록 노약하겠다게 했다
p56_u29,p56,taps_s160,이세정 과장부는 평서 외국한에 대한 관심이 많아 조금씩 공부했 었다면서 앞으로도 더 많이 고부의 지역주민들에게 도움을 줄 수 있도록 노력하겠다고 했다
p56_u29,p56,ce_visible,이 세금 가당부는 평서 외곡한에 대한 관심이 많아 조금씩 공무에 땄다면서 앞으로도 더 많이 공부의 지역주인들에게 보험을 줄 수 있도록 노력하겠다고 했다
p56_u29,p56,ce_invisible,이세당 과장부는 평소 외국한에 대한 관심이 많아 조금씩 공부했 었다면서 앞으로도 더 많이 고부의 지역주민들에게 도움을 줄 수 있도록 노약하겠다게 했다
p56_u30,p56,taps,지난 이십 이 일 중로 분사에서 제국을 외국한 사인 상발 대회를 개최했다고 이십 삼 일 밝혔다
p56_u30,p56,ce,지난 이십 이 일 종로 본사에서 제국내 외국한 찰인 상찰대회를 개표했다고 이십 삼 일 밝혔다
p56_u30,p56,ce_s40,지난 이십 이 일 종국 본사에서 제국내에 외국한 발인 상찰대회를 개표했다고 이십 삼 일 밝혔다
p56_u30,p56,ce_s80,지난 이십 이 일 중국 본사에서 제국내을 외국한 바인 상찰대회를 개퇴했다고 이십 삼 일 밝혔다
p56_u30,p56,ce_s160,지난 이십 이 일 종로 본사에서 제국내에 외국한 바인 상찰대회를 개퇴했다고 이십 삼 일 밝혔다
p56_u30,p56,taps_s80,지난 이십 이 일 중로 분사에서 제국을 일국한 사인 상발 등회를 개최했다며 이십 삼 일 밝혔다
p56_u30,p56,taps_s160,지난 이십 이 일 중로 본사에서 제국을 일국한 사인 상발 대회를 개패했다고 이십 삼 일 밝혔다
p56_u30,p56,ce_visible,지난 이십 이 일 종로 본사에서 제국내 외국한 찰인 상찰대회를 개표했다고 이십 삼 일 밝혔다
p56_u30,p56,ce_invisible,지난 이십 이 일 중로 분사에서 제국을 외국한 사인 상발 대회를 개최했다고 이십 삼 일 밝혔다
p56_u31,p56,taps,외국한 다인 성망대에는 에내치 농협은행 전 직원이 서바이발 향식으로 외곡한 지식 및 당원을 가는 텐네다
p56_u31,p56,ce,외국한 반인 화물대에는 에이체 농화은행 단 세관이 사발일발 형색으로 외곡한 주색 및 발함을 가루는 달례다
p56_u31,p56,ce_s40,외국한 반인 화문대에는 에네이프 농화은행 단 세원이 사발일발 형색으로 외곡한 주습 및 발함을 가루는 달례다
p56_u31,p56,ce_s80,외국한 반인 화문대에는 에네이스 농화 은행 단 세원이 사발일발 형색으로 외곡한 주습 및 발함을 가루는 달례다
p56_u31,p56,ce_s160,외국한 반인 화물대에는 에이스 농화은행 단 세관이 사발일발 형색으로 외국한 주습 및 발화을 가루는 달례다
p56_u31,p56,taps_s80,외국한 다인 성망대에는 에내치 논화은행 전 직원이 서바이발 형식으로 외곡한 지식 및 당원을 다는 된네다
p56_u31,p56,taps_s160,외국한 다인 성망대에는 에내치 농화은행 던 직원이 서바이발 형식으로 외곡한 지식 및 당원을 다는 전네다
p56_u31,p56,ce_visible,외국한 반인 화물대에는 에이체 농화은행 단 세관이 사발일발 형색으로 외곡한 수색 및 발함을 가루는 달례다
p56_u31,p56,ce_invisible,외국한 다인 성망대에는 에내치 농협은행 전 직원이 서바이발 향식으로 외곡한 지식 및 당원을 가는 텐네다
p56_u32,p56,taps,임천시 남동보가 지난해부터 지역자발센터에서 운영이온 담외 행비 세탁사업에 그착 임금 카페들이 도장했다
p56_u32,p56,ce,인상진 남동고가 지난해부터 지역 박발센터에서 운영이원 밤외 현균 세탁작업에 구착 임금 카페들이 봉상했다
p56_u32,p56,ce_s40,임상시 남동고가 지난해부터 지역 담발센터에서 운영 이원 밤외 형균 세탁작업에 구착 임금 카페들이 봉상했다
p56_u32,p56,ce_s80,인상시 남동고가 지난해부터 지역 담발센터에서 운영 이원 밤외 행균 세탁작업에 부착 임금 카페들이 봉상했다
p56_u32,p56,ce_s160,인상시 남동고가 지난해부터 지역 담발센터에선 운영이원 밤외 현균 세탁산업에 구착 임금 카페들이 봉상했다
p56_u32,p56,taps_s80,임천시 남동고가 지난해부터 지역자원센터에서 운영이온 담외 행기 세탁사업에 그착 임근 카페들이 도참했다
p56_u32,p56,taps_s160,임천시 남동고가 지난해부터 지역자원센터에서 운영이온 담외 행기 세탁사업에 그착 임근 카페들이 도참했다
p56_u32,p56,ce_visible,인상시 남동고가 지난해부터 지역 박발센터에서 운영이원 밤외 현균 세탁작업에 구착 임금 카페들이 봉상했다
p56_u32,p56,ce_invisible,임천시 남동보가 지난해부터 지역자발센터에서 운영이온 담외 행비 혜탁사업에 그착 임근 카페들이 도장했다
p56_u33,p56,taps,지난해 그 월 출범한 다외연기 세착사업단는 일례 명품 사용을 줄이기 위해 단해 형현기카을 수거 새첫 소석 등에 가정을 거쳐 제공하고 있다
p56_u33,p56,ce,지난해 구 월 출발한 바외경기 세탁 사업단는 일 형품 사용을 줄이기 위해 담해 홍비 커을 수가 새법 소북 등에 과정을 거쳐 제공하고 있다
p56_u33,p56,ce_s40,지난해 구 월 출법한 다외경기 세탁 사업단는 일 형품 사용을 줄리기 위해 담외 형비 커을 수거 새척 소북 등을 과정을 거쳐 제공하고 있다
p56_u33,p56,ce_s80,지난해 구 월 출법한 다외형기 세탁사업단는 이 형품 사용을 줄이기 위해 담해 형비커을 수거 새첫 소송 등에 가정을 거쳐 제공하고 있다
p56_u33,p56,ce_s160,지난해 구 월 출파한 가외홍기 세탁산업단는 일 형품 사용을 줄이기 위해 발해형비커을 수거 새적 소북 등에 가장을 거쳐 제공하고 있다
p56_u33,p56,taps_s80,지난해 그구 월 출범한 다외 연기 세착사업단는 일례 명품 사용을 줄이기 위해 당해 현기카을 수가 새첫 소속 등에 가장을 거쳐 제공하고 있다
p56_u33,p56,taps_s160,지난해 구 월 출범한 다외 연기 세착산업단는 일례 명품 사용을 줄이기 위해 당해 형기카을 수거 새첫 선속 등에 가장을 거쳐 제공하고 있다
p56_u33,p56,ce_visible,지난해 구 월 출발한 바외경기 세탁산업단는 이 형품 사용을 줄이기 위해 담해 홍비커컵을 수거 새법 소북 등을 과정을 거쳐 제공하고 있다
p56_u33,p56,ce_invisible,지난해 그 월 출범한 다외 연기 세착사업단는 일례 명품 사용을 줄이기 위해 단해 형현기카을 수거 새첫 소석 등에 가정을 거쳐 제공하고 있다
p56_u34,p56,taps,십구일 그에 따르면 현대 남동구 열 세계 부서에서 다의 응기컵을 사화하고 있으며 최근 사 활사를 위해 담의 연기 세착사업 당과 부참 임금 카에 술곳에 연기했다
p56_u34,p56,ce,십도 그에 따르면 현재 남동구 열 세계 부서에서 다의 홍직컵을 사용하고 있으며 최근 사업 팔성만을 위해 담의 경기 세탁자업 장과 구착 연금 카페 최구을 연기했다
p56_u34,p56,ce_s40,십도일 그에 따르면 현재 남동구 열 세계 부서에서 달의 현직컵을 사용하고 있으며 최근 사업 팔성만에 위해 담의 경기 세탁자업 단과 구착 인근 카페 쇠무을 연기했다
p56_u34,p56,ce_s80,십도일 군에 따르면 현대 남동구 열 세계 부서에서 달 의 형직컵을 사용하고 있으며 최근 사업 탈성하를 위해 담외 경기 세탁사업단과 부착 인금 카페 쇠무을 연구했다
p56_u34,p56,ce_s160,식도 그에 따르면 현대 남동군 열 세계 무서에서 달의 형직컵을 사용하고 있으며 최근 사업 팔성하를 위해 담의 경기 세탁사업 단과 부착 인금 카페 세쇠구세 연기했다
p56_u34,p56,taps_s80,십구일 그에 따르면 현재 남동구 열 세계 부서에서 다의 응기컵을 사용하고 있으며 최근 사 활사를 위해 담의 연기 설착사업 당과 부참 임금 카페 쓸곳에 연기했다
p56_u34,p56,taps_s160,십구일 그에 따르면 현대 남동구 열 세계 부서사에서 다의 응기컵을 사용화하고 있으며 최근 사 활사를 위해 담의 연기 설착사업 단과 부참 임금 카에 쓸곳에 연기했다
p56_u34,p56,ce_visible,십도일 그에 따르면 현재 남동구 열 세계 부서에서 다의 홍직컵을 사용하고 있으며 최근 사업 팔성만을 위해 담의 경기 세탁자업 장과 구착 인금 카페 쇠구을 연기했다
p56_u34,p56,ce_invisible,십구일 그에 따르면 현일대 남동구 열 세계 부서에서 다의 응기컵을 사화하고 있으며 최근 사 활사를 위해 담의 연기 세착사업 당과 부참 임금 카에 술곳에 연기했다
p56_u35,p56,taps,이들 카페는 셋탁사업단에 당른현극컵을 사용하며 창사 대에서 자유롭게 커을배트할 수 있도록 그 분찬과 보건소 등 내곳에 전형 수사로 설치했다
p56_u35,p56,ce,이들 카페는 셋각사 단에 달외공격럽을 사용하며 형사 내에서 다유업된 퍼블 배출 할 수 있도록 그본탄과 보건소 등 내구에 자용 수방으로 사체했다
p56_u35,p56,ce_s40,이들 카페는 세탁사 단에 달외홍격법을 사용하며 형사 내에서 다유롭된 퍼블 배출 할 수 있도록 그 본탄과 보건소 등 내구에 자용 수간으도 사체했다
p56_u35,p56,ce_s80,이들 카페는 센탁과 단에 달외 홍공격법을 사용하며 형사 내에서 달유러된 퍼블 배출 할 수 있도록 그 본탄과 보건소 등 내부에 자용 수간으도 사치했다
p56_u35,p56,ce_s160,이들 카페는 셋각사업 단에 다회공격법을 사용하며 형사 배에서 다 유롭때 커블 배출 할 수 있도록 그본탄과 보건소 등 내구에 당용 수간운도 사치했다
p56_u35,p56,taps_s80,이들 카페는 제탁사업단에 당회현극컵을 사용하며 창사 대에서 자유롭게 커을 배출할 수 있도록 그 분창과 보건소 등 내곳에 전형 수사으로 설치했다
p56_u35,p56,taps_s160,이들 카페는 택탁사업단에 당른현극컵을 사용하며 창사 대에서 자유롭게 커벌배출할 수 있도록 그 분찬과 보건소 등 내곳에 전형 수사으로 설치했다
p56_u35,p56,ce_visible,이들 카페는 셋각사 단에 달외공격럽을 사용하며 형사 내에서 자유업된 커을블 배트 할 수 있도록 그본탄과 보건소 등 내구에 당용 수방으로 사체했다
p56_u35,p56,ce_invisible,이들 카페는 셋착사업단에 당른현극컵을 사용하며 창사 대에서 자유롭게 커벌배트할 수 있도록 그 분찬과 보건소 등 내곳에 전형 수사로 설치했다
p56_u36,p56,taps,이는 실월백 남동구 조성뿐만 아니라 저소득층해 안정된 일자리 제공을 위한 자원 사업단 활성과 카태를 이용하는 직원들의 파해 한까지 모두 고려한 결과다
p56_u36,p56,ce,이는 실 월영 남동구 조성뿐만 아니라 정우득체의 안정된 일단리 제공을 위한 자활 사업단 활동과 카페르 이용만을 직원들의 필리한까지 모두 고려한 거하다
p56_u36,p56,ce_s40,이는 실 억영 남동구 조성뿐만 아니라 더우득청에 안정된 일단리 배공을 위한 자월 사업단 활동과 카페르 이용만을 직원들의 필리한까지 모두 고려는 거하다
p56_u36,p56,ce_s80,이는 실 월영 남동구 조성뿐만 아니라 정우득청에 안정된 일단리 배공을 위한 자활 사업단 활동과 카페르 이혼만을 직원들의 필리한까지 모두 고려 계하다
p56_u36,p56,ce_s160,이는 실 월영 남동구 조성뿐만 아니라 정우득층해 안정된 일단리 배공을 위한 자활 사업단 활동과 카페를 이험만을 직원들의 필리한까지 모두 고려 거하다
p56_u36,p56,taps_s80,이는 칠월 남동구 조성뿐만 아니라 저소득층에 안정된 일자리 제공을 위한 자원에 사업단 활성과 카태를 이용하는 직원들의 파해한까지 모두 고려한 결과다
p56_u36,p56,taps_s160,이는 칠월영 남동구 조성뿐만 아니라 저소득층해 안정된 일자리 제공을 위한 자원에 사업단 활성과 카태를 이용하는 직원들의 파해한까지 모두 고려한 결과다
p56_u36,p56,ce_visible,이는 실 월영 남동구 조성뿐만 아니라 정우득체의 안정된 일단리 제공을 위한 사 월 사업단 활동과 카페르 이용만을 직원들의 필리한까지 모두 고려한 거하다
p56_u36,p56,ce_invisible,이는 실월백 남동구 조성뿐만 아니라 저소득층해 안정된 일자리 제공을 위한 자원 사업단 활성과 카태를 이용하는 직원들의 파해 한까지 모두 고려한 결과다
p56_u37,p56,taps,한레사업을 참여하는 카에는 시일시가 카에 이십 일 카페어로 등으로 그 외에 전포에서도 긍정적 답변을 받아 더 확대를 전망한다
p56_u37,p56,ce,한늘레상업에 파여하는 카페는 새누시가 카페 이십 일 카페오로 동으로 그 외에 전포에서도 공정용 발변을 맞아 더 학배을 전망니다
p56_u37,p56,ce_s40,한대성업에 파여하는 카페는 새누시가 화페 이십 일 카페머로 동으로 그 외에 전포에서도 공정용 발변을 맞아 더 학대를 전망니다
p56_u37,p56,ce_s80,한대상업에 파여하는 카페는 새누시가 화페 이십 일 카페으로 동으로 그 외에 전포에서도 공정주 발변을 맞아 더 학배를 전망니다
p56_u37,p56,ce_s160,한루대상업에 파행하는 카페는 스누시간 화택 이십 일 카페오로 동으로 그 외에 전포에서도 공정주 답변을 맞아 더 학배를 전망니다
p56_u37,p56,taps_s80,현레사업의 참여하는 카에는 시레시가 카에 이십 일 카페어로 등으로 그 외에 전포에서도 국성적 답변을 받아 더 확대를 전망한다
p56_u37,p56,taps_s160,한레사업을 참여하는 카에는 시열시가 카에 이십 일 카페월로 등으로 그 외에 전포에서도 긍성적 답변을 받아 더 확대될 전망한다
p56_u37,p56,ce_visible,한늘레상업에 파여하는 카페는 새누시가 카페 이십 일 카페오로 동으로 그 외에 전포에서도 공정용 발변을 맞아 더 학배를 전망니다
p56_u37,p56,ce_invisible,한레사업을 참여하는 카에는 시일시가 카에 이십 일 카페어로 등으로 그 외에 전포에서도 긍정적 답변을 받아 더 확대를 전망한다
p56_u38,p56,taps,이강오 구청장은 지금은 다외 홍리카을 대부분 지원만 사용하고 있지만 구청을 방문하는 민원인에게도 적극 홍보에 실장경 남도거를 만들도록 노력하겠다고 밝혔다
p56_u38,p56,ce,이강우 부청당은 지금만 다외 홍직함을 배부분 지원만 사용하고 있지만 고청을 방문하는 미나인에게도 적경 홍보에 신앙당 남도고를 만들도록 노력하겠다고 밝혔다
p56_u38,p56,ce_s40,이방우 부청당은 지금만 다외홍직함을 발부분 지원만 사용하고 있지만 고청을 방문문하는 미어인에게도 몇경 홍보에 실랑당 남도고를 만들도록 노력하겠다고 밝혔다
p56_u38,p56,ce_s80,이강부 부청장은 지금만 다외홍리함을 발부분 지원만 사용하고 있지만 고정을 방문하는 미나인에게도 북경 홍보엔 실장당 남도고를 만들도록 노력하겠다고 밝혔다
p56_u38,p56,ce_s160,이강부 부청당은 지금만 다외 홍리함을 발부분 지원만 사용하고 있지만 고등을 방문하는 미나인에게도 북경 홍보에 신장당 남도고를 만들도록 노력하겠다고 밝혔다
p56_u38,p56,taps_s80,이강오 구청장은 지금은 다외 홍리카을 대부분 지원만 사용하고 있지만 구청을 방문하는 민원인에게도 적극 홍보에 실장당 남도고를 만들도록 노력하겠다고 밝혔다
p56_u38,p56,taps_s160,이같오 구청장은 지금은 다외 리카을 대부분 지원만 사용하고 있지만 구청을 방문하는 민원인에게도 적극 홍보에 신앙량 남도거를 만들도록 노력하겠다고 밝혔다
p56_u38,p56,ce_visible,이강우 부청장은 지금만 다외 홍직함을 배부분 지원만 사용하고 있지만 고청을 방문하는 미나인에게도 적격 홍보에 신앙당 남도고를 만들도록 노력하겠다고 밝혔다
p56_u38,p56,ce_invisible,이강오 구청장은 지금은 다외 혹리카을 대부분 지원만 사용하고 있지만 구청을 방문하는 민원인에게도 적극 홍보에 실장경 남도거를 만들도록 노력하겠다고 밝혔다
p56_u39,p56,taps,삼성그는 사 월 일 일부터 칠 량 사원순단정책을 달마쳐 청사내 일 의운손 방입을 전면 그지했다
p56_u39,p56,ce,한편군는 사 월  일부터 신남용 방원순한정세의 발마아 청사 네 일 흔 곱픈 방입을 전면그지했다
p56_u39,p56,ce_s40,한편군는 사 월 일 일부터 신 남용 방원순한정색의 발마아 청사 네 일 의홍픈 방입을 전면그지했다
p56_u39,p56,ce_s80,한편군는 사 월 일 일부터 신 남병 방원순한정색의 발마아 청사 내 일 흔 홍픈 방입을 전면글지했다
p56_u39,p56,ce_s160,한편군는 사 월 일 일부터 신험용 방원순한정색의 발마아 청사 네 일의 홍픈 방입을 전면그지했다
p56_u39,p56,taps_s80,삼성그는 사 월 이 일부터 칠 량 사원순단정책을 발마쳐 청사내 일  홍손 방입을 전면그지했다
p56_u39,p56,taps_s160,삼성군는 사 월이 일부터 칠 량 자원순한정책을 발마쳐 청사 내 일  홍손 단입을 전면 글지했다
p56_u39,p56,ce_visible,한편군는 사 월  일부터 신남용 방원순한정색의 발마아 청사 네 일 흔 곱픈 방입을 전면그지했다
p56_u39,p56,ce_invisible,삼성그는 사 월 일 일부터 칠 량 사원순단정책을 달마쳐 청사내 일 의운손 방입을 전면 그지했다
p56_u40,p56,taps,산국소비자원과 한 국가스 안전공사는 오는 삼십 일 일 캘러이을 앞두고 해안가스 소비자 안전주의부를 이십 팔 일 발영했다
p56_u40,p56,ce,삼국소비자과 한국가스 안정공사은 오는 삼십 일 일 현엄이을 앞두고 해경가스 소비당 안전수의보를 이십 팔 례 반영했다
p56_u40,p56,ce_s40,한국소비자과 한국가스 안정농가은 오는 삼십 일 일 해엄리는 앞두고 해경가스 소비당 안전수의보를 이을 팔 례 반명했다
p56_u40,p56,ce_s80,한국소비자과 한국가스 안정공사은 오는 삼십 일 일 해러이는 앞두고 해경가스 소비당 안전수의보를 이을 파 례 반명했다
p56_u40,p56,ce_s160,한국소비자과 한국가스안전공판은 오는 삼십 일 일 현엄이는 앞두고 해경가스 소비당 안전수의보를 이을 팔 례 반영했다
p56_u40,p56,taps_s80,한국소비자원과 한 국가스 안전공사는 오는 삼십 일  캘러이을 앞두고 해안가스 소비자 안전주의보를 이십 팔 일 발영했다
p56_u40,p56,taps_s160,한후 소비자원과 한 국가스 안전공사는 오는 삼십 일 일 캘러이을 앞두고 해안가스 소비자 안전주의보를 이십 팔 일 발영했다
p56_u40,p56,ce_visible,삼무소비자과 한국가스 안정공사은 오는 삼십 일 일 한엄이을 앞두고 해경가스 소비당 안전수의보를 이십 팔 례 반영했다
p56_u40,p56,ce_invisible,산국소비자원과 한 국가스 안전공사는 오는 삼십 일 일 캘러이을 앞두고 해안가스 소비자 안전주의부를 이십 팔 일 발영했다
p56_u41,p56,taps,목소리를 반주하려고 해안가스를 다양 마시다 지식사할 수 있다면 의력 때문이다
p56_u41,p56,ce,목소리를 범주하려고 해력가스를 반향 마시가 실식사 할 수 있다면 무격 때문이다
p56_u41,p56,ce_s40,목소리를 범주하려고 해엄가스를 반향 마시가 제사할 수 있다면 우였 때문이다
p56_u41,p56,ce_s80,목소리를 범조하려고 해력가스를 반향 마시가 식사 할 수 있다면 우였 때문이다
p56_u41,p56,ce_s160,목소리를 범부하려고 해력가스를 반향 마시가 실식사 할 수 있다면 노였 때문이다
p56_u41,p56,taps_s80,목소리를 반주하려고 해안가스를 다양 마시다 제식사할 수 있다며 의력 때문이다
p56_u41,p56,taps_s160,목소리를 반주하려고 해하가스를 다양 마시가 제식사할 수 있다며 의력 때문이다
p56_u41,p56,ce_visible,목소리를 범주하려고 해력가스를 반향 마시가 실식사 할 수 있다면 무였 때문이다
p56_u41,p56,ce_invisible,목소리를 반주하려고 해안가스를 다양 마시다 지식사할 수 있다면 의력 때문이다
p56_u42,p56,taps,성장품전을 주호 사용되는 해사가스는 무독선 불활성 기최로 다양한 한꺼번에 투이 마시면 산소 온급이 차단데 지식사할 수 있다
p56_u42,p56,ce,한강 콘전을 주어 사용되는 패면가쓰는 무독섬 구할성 빛채로 다향간 한걸론에 풀이마시면 한소 공급이 탄안 데 를식상할 수 있다
p56_u42,p56,ce_s40,한강 콘전을 주어 사용된는 해명가쓰는 무독섬 부할성 빛채로 다향과 한걸론에 풀이마시면 한소 공급이 하안 데 를식작할 수 있다
p56_u42,p56,ce_s80,한정콘전을 주어 사용되는 패명가쓰는 무독섬 부할성 빛채로 다향과 한걸뻔에 풀이마으면 한소 공급이 판안배 를식작할 수 있다
p56_u42,p56,ce_s160,홍정콘전을 주어 사용된나 패명가쓰는 무독섬 교할성 빛채로 다향간 한걸론에 풀이마시면 산성 공급이 탄안데 재직상할 수 있다
p56_u42,p56,taps_s80,당품전을 주호 사용되는 해사아가스는 무독선 불활성 기최로 다양한 한꺼번본에 투이 마시면 산소 온급이 차단데 지식 사할 수 있다
p56_u42,p56,taps_s160,성덕품전을 주호 사용되는 해양안가스는 무독선 불활성 기최로 다양한 한꺼번에 투이 마시면 산소 언급이 차단데 지식 사할 수 있다
p56_u42,p56,ce_visible,한강콘전을 주어 사용되는 해명가쓰는 무독섬 구할성 기채로 다향간 한걸론에 풀이마시면 산소 공급이 하안데 를직상할 수 있다
p56_u42,p56,ce_invisible,성당품전을 주호 사용되는 해사가스는 무독선 불활성 기최로 다양한 한꺼번에 투이 마시면 산소 온급이 차단데 지식사할 수 있다
p56_u43,p56,taps,소비자원은 최근 국내내에서 해양가을 가다 흡입에 따른 어린 안전 사고가 발생하고 있는 만큼 대미나 혹기신에 따른 협입을 하지 말하달라고 당부했다
p56_u43,p56,ce,소비자원은 세근 국내외에서 해명가을 가아 흡입에 따른 어린이 안전 사고가 발생하고 있는 만큼 장이나 후기승에 따른 수급을 하지 말하달라고 당부했다
p56_u43,p56,ce_s40,소비자원은 세근 국내외에서 해명가을 가아 흡입에 따른 어린 안전 사고가 발생하고 있는 만큼 장이나 후기승에 따른 수두을 하지 말하라고 당부했다
p56_u43,p56,ce_s80,소비자원은 세근 국내외에서 해명가을 가아 흡입에 따른 어린 안전 사고가 발생하고 있는 만큼 장이나 후기승에 따른 수두을 하지 말하달라고 당부했다
p56_u43,p56,ce_s160,소비자원은 최근 국내외에서 해명가을 가아 흡입에 따른 어린이 안전 사고가 발생하고 있는 만큼 장이나 꾸기승에 따른 수급을 하지 말하달라고 경부했다
p56_u43,p56,taps_s80,소비자원은 최근 국내내에서 해양가을 가다 흡입에 따른 어린 안전 사고가 발생하고 있는 만큼 재미나 혹기신에 따른 협의을 하지 말하달라고 당부했다
p56_u43,p56,taps_s160,소비자원은 최근 국내내에서 해양가을 가다 흡입에 따른 어린 안전 사고가 발생하고 있는 만큼 재미나 허기신에 따른 협의을 하지 말하달라고 당부했다
p56_u43,p56,ce_visible,소비자원은 세근 국내외에서 해명가을 가아 흡입에 따른 어린이 안전 사고가 발생하고 있는 만큼 장이나 꾸기승에 따른 수급을 하지 말하달라고 당부했다
p56_u43,p56,ce_invisible,소비자원은 최근 국내내에서 해양가을 가다 흡입에 따른 어린 안전 사고가 발생하고 있는 만큼 대미나 혹기신에 따른 협입을 하지 말하달라고 당부했다
p56_u44,p56,taps,최고십년간 소비자위에 감시 시스템에 접수된 해양가서 안전 사고는 일곱건으로 발생 돌도가 높지는 않지만 이중 여섯 건이 어린이 사고였다
p56_u44,p56,ce,특원십년간 소비자 위에 감시시스템을 접수된 해명까지 안전 사오면 일곱 건으로 팔평준도가 높지는 않지만 이중 여섯 건이 어린이 사고였다
p56_u44,p56,ce_s40,최원 십년간 소비자 위에 감시시스템을 접수된 횡명까지 안전 사고오면 일곱 건으로 발평등도가 높지는 않지만 이 중 여섯 건이 어린이 사고였다
p56_u44,p56,ce_s80,최원 십년간 소비자 위에 감시시스템에 접수된 해명까지 안전 사오면 일곱 건으로 발생 도가 높지는 않지만 이 중 여섯 권이 어린이 사고였다
p56_u44,p56,ce_s160,특원신년간 소비자 위에 감시시스템에을 접수된 해명까스 안전 사오 면 일곱 건으로 팔장 준도가 높지는 않지만 이 중 여섯 건이 어린이 사고였다
p56_u44,p56,taps_s80,최고십년간 소비자위에 감시 시스템에 접수된 해가스 안전 사고는 일곱건으로 발생 돌도가 높지는 않지만 이중 여섯건이 어린이 사고였다
p56_u44,p56,taps_s160,최고십년간 소비자위에 감시 시스템에 접수된 해양가스 안전 사고는 일곱건으로 발생 돌도가 높지는 않지만 이중 여섯건이 어린이 사고였다
p56_u44,p56,ce_visible,최원십년간 소비자 위에 감시시스템을 접수된 해명까지 안전 사고면 일곱 건으로 팔평준도가 높지는 않지만 이중 여섯 건이 어린이 사고였다
p56_u44,p56,ce_invisible,최고십년간 소비자위에 감시 시스템에 접수된 해양가서 안전 사고는 일곱건으로 발생 돌도가 높지는 않지만 이중 여섯 건이 어린이 사고였다
p56_u45,p56,taps,특히 온라인에서 주로 판날대는 정와 페견가스의 경우 별도 관리 기장이 없어 안전 사가지대에 놓야 있다
p56_u45,p56,ce,특히 온라인에서 주로 판날대는 서 필견가스의 경우 벌법 달리 규장 없어 안전 사가 지대에 놓여 있다
p56_u45,p56,ce_s40,특히 온라임에서 주로 판날대는 더와 필견가스의 경우 별도 관리 규장 없어 안전 사가 지대에 놓여 있다
p56_u45,p56,ce_s80,특히 온라임에서 주로 판날대는 더와 필면가스의 경우 별법 관리 규장이 없어 안전 사가 지대에 놓여 있다
p56_u45,p56,ce_s160,특히 온라임에서 주로 판날대는 전와 필견가스의 경우 별도 관리 규장은 없어 안전 사가 지대에 놓여 있다
p56_u45,p56,taps_s80,특히 온라인에서 주로 판날대는 정와 페견가스의 경우 별도 관리 기장이 없어 안전 사가지대에 놓여 있다
p56_u45,p56,taps_s160,특히 온라인에서 주로 판날되는 정와 페견가스의 경우 별도 관리 기장이 없어 안전 사가지대에 놓야 있다
p56_u45,p56,ce_visible,특히 온라인에서 주로 판날대는 서 필견가스의 경우 벌법 관리 규장 없어 안전 사가 지대에 놓여 있다
p56_u45,p56,ce_invisible,특히 온라인에서 주로 판날대는 정와 페견가스의 경우 별도 관리 기장이 없어 안전 사가지대에 놓야 있다
p56_u46,p56,taps,소비자관이 간사안전 봉사와 함께 온라인에서 판매되는 해임가스 아홉 계 제품에 이통실태를 조사한 결과 재반 이상이 다섯 개에 가단 수비 이험에 대한 경국 출지가 없었다
p56_u46,p56,ce,소비자안이 할사안전공사와 함께 온라인에서 판매 되면 해명가스 아홉 계 제품에 미통 시탄을 조사한 결과 절반 이상의 다섯 개에 과장 수백 위원에 대한 경경 출수가 없었다
p56_u46,p56,ce_s40,소비자만이 이할사안전봉사와 함께 온라인에서 판매 되면 해명가스 아홉 계 제품에 물풍 시탄을 조사한 결과 절반 이상및 다섯 개에 과장 수백 위원에 대한 경국 출 수가 없었다
p56_u46,p56,ce_s80,소비자안이 이할사안전봉사와 함께 온라인에서 판매 되면 해명가스 아홉 계 제품에 유풍 스탄을 조사한 결과 절반 이상및 다섯 개에 과장 수백 위원에 대한 경경 쓸 수가 없었다
p56_u46,p56,ce_s160,소비자안이 할사안전봉사와 함께 온라인에서 판매되면 해명가스 아홉 계 제품에 유통 스탄을 조사한 결과 절반 이상및 다섯 개에 가장 수백 위원에 대한 경국 출 수가 없었다
p56_u46,p56,taps_s80,소비자관이 간사안전 봉사와 함께 온라일에서 판매되는 해경가스 아홉계 제품에 이통실태를 조사한 결과 재반 이상이 단섯 개에 가단 수입 이원에 대한 경국 출세가 없었다
p56_u46,p56,taps_s160,소비자관이 간사안전 봉사와 함께 온라일에서 판매되는 해임가스 아홉 계 제품에 이통실태를 조사한 결과 재반 이상이 다섯 개에 가단 수입 이원에 대한 경국 최지가 없었다
p56_u46,p56,ce_visible,소비자안이 할스안전공사와 함께 온라인에서 판매 되면 해명가스 아홉 계 제품에 유통 시탄을 조사한 결과 절반 이상의 다섯 개에 과장 수백 위원에 대한 경경 출수가 없었다
p56_u46,p56,ce_invisible,소비자관이 간사안전 봉사와 함께 온라인에서 판매되는 해임가스 아홉 계 제품에 이통실태를 조사한 결과 재반 이상이 다섯 개에 가단 수비 이험에 대한 경국 출지가 없었다
p56_u47,p56,taps,또 두개 제품은 고학가스에 해당하는데도 동록차량후 아이 택배로 불법 유통되는 것으로 확인됐다
p56_u47,p56,ce,또 두일 제품을 후크 와가스에 해당하는데도 동록사량의 아일 택배로 불법 유통되는 것으로 파인됐다
p56_u47,p56,ce_s40,또 두기 제품은 후크 가스에 해당하는데 동록사량후 아일 택배로 불법 유통되는 것으로 파인됐다
p56_u47,p56,ce_s80,또 두기 제품을 후쿠 학가스에 해당하는데도 동록사량후 아일 택배로 불법 유통되는 것으로 파인됐다
p56_u47,p56,ce_s160,또 두일 제품을 후크 학가스에 해당하는데 동록사량후 아일 택배로 불법 유통되는 것으로 파인됐다
p56_u47,p56,taps_s80,또 두개제품은 고학가스에 해당하는데도 동록차량 아이 택배로 불법 유통되는 것으로 확인됐다
p56_u47,p56,taps_s160,또 두 개 제품은 고학가스에 해당하는데도 동록차량 아이 택배로 불법 유통되는 것으로 확인됐다
p56_u47,p56,ce_visible,또 두기 제품을 후크 와가스에 해당하는데도 동록사량의 아일 택배로 불법 유통되는 것으로 파인됐다
p56_u47,p56,ce_invisible,또 두개 제품은 고학가스에 해당하는데도 동록차량후 아이 택배로 불법 유통되는 것으로 확인됐다
p56_u48,p56,taps,소비자원은 이 같은 조사를 바탕으로 온라 로등해 폭사업자와 협업해 이점 판매 자를 대상으로 주의 경보 표지 강화를 요청할 계획이다
p56_u48,p56,ce,소비자원은 이 같은 조사를 바탕으로 온라 행근노품 사업자와 협업해 입등 판매 자를 대상으로 주의 경국 표지 강화를 요통할 계획이다
p56_u48,p56,ce_s40,소비자원은 이 같은 조사를 바탕으로 온라 일근노품 사업자와 협업해 입등 판매자를 대상으로 주의 경국 표지 강화를 요통할 계획이다
p56_u48,p56,ce_s80,소비자원은 이 같은 조사를 바탕으로 온라 일근내품 사업자와 협합해 입등 판매자를 대상으로 주의 경국 표지 강화를 요통할 계획이다
p56_u48,p56,ce_s160,소비자원은 이 같은 조사를 바탕으로 온라 인분품 사업병화 협업해 입등 판매자를 대상으로 주의 경국 표지 강화를 요통할 계획이다
p56_u48,p56,taps_s80,소비자원은 이 같은 조사를 바탕으로 올라 로등해 폰사업자와 협업해 이점 판매 자를 대상으로 주의 경보 표지 강화를 요청할 계획이다
p56_u48,p56,taps_s160,소비자원은 이 같은 조사를 바탕으로 올라 소등해풍 사업자와 협업해 이쩜 판매 자를 대상으로 주의 경보 표지 강화를 요청할 계획이다
p56_u48,p56,ce_visible,소비자원은 이 같은 조사를 바탕으로 온라 행노품 사업자와 협업해 입등 판매 자를 대상으로 주의 경국 표지 강화를 요통할 계획이다
p56_u48,p56,ce_invisible,소비자원은 이 같은 조사를 바탕으로 온라 로등해 폭사업자와 협업해 이점 판매 자를 대상으로 주의 경보 표지 강화를 요청할 계획이다
p56_u49,p56,taps,가스 안전공사는 고 일연가스 제품에 휴백금지를 출시하도록 가스 기술 기준을 개정해 내달 십 일 일부터 시에 들어간다
p56_u49,p56,ce,가스 안종공단은 보 일연가스 제품에 휴백 금실을 표시하도록 가스 기술 기준을 배정해 내단 십 일 일부터 시간에 들어간다
p56_u49,p56,ce_s40,가스 안종공상은 보화 팔 연가스 제품에 후백 구신를 표시하도록 가스 기술기준을 배정해 내단 십 일 일부터 시간에 들어간다
p56_u49,p56,ce_s80,가스 안종공단은 포 팔연가스 제품에 후백 구신를 표시하도록 가스 기술기준을 배정해 내단 십 일 일부터 시량에 들어간다
p56_u49,p56,ce_s160,랑스 안종공사는 고 팔연가스 몇품에 후백 구실를 표사하도록 가수 기술기준을 배정해 내달 십 일 일부터 시간에 들어간다
p56_u49,p56,taps_s80,가스 안전공사는 고 일연가스 제품에 휴백 금지를 출시하도록 가스 기술기준을 개정해 내달 십 일 일부터 시에 들어간다
p56_u49,p56,taps_s160,가스 안전공사는 고 일연가스 제품에 휴백금지를 투시하도록 가스 기술기준을 개정해 내달 십 일 일부터 시에 들어간다
p56_u49,p56,ce_visible,가스 안종공단은 보화 일연가스 제품에 휴백 금실을 표시하도록 가스 기술 기준을 배정해 내단 십 일 일부터 시간에 들어간다
p56_u49,p56,ce_invisible,가스 안전공사는 고 일연가스 제품에 휴백금지를 출시하도록 가스 기술 기준을 개정해 내달 십 일 일부터 시에 들어간다
p56_u50,p56,taps,상회자 거리투이 와마 이후 첫생하이 시즌을 맞아 관량 상품을 찾량 소비자가 급속하게 늘고 있다
p56_u50,p56,ce,함발다 거리들이 완화인후 트은 페이시등에 마다 관련 상금을 산말 소비다가 급속하게 늘고 있다
p56_u50,p56,ce_s40,사발다 거리독이 완화인후 트 랜페시득에 마다 관련 상품을 산날 소비자가 극속하게 늘고 있다
p56_u50,p56,ce_s80,사발다거리독이 완화인후 차련페시등에 마다 관련 상품을 산할 소비자가 극속하게 늘고 있다
p56_u50,p56,ce_s160,사발다 거리득이 완마인후 차면 페이시등에 마다 관련 상품을 산말 소비자가 구속하게 늘고 있다
p56_u50,p56,taps_s80,상회자 거니투이 와화 이후 첫 생하이 시즌을 맞아 관련 상품을 찾할 소비자가 급속하게 늘고 있다
p56_u50,p56,taps_s160,상회자 거리투이 와마 이후 첫체하이시즌을 맞아 관련 상품을 찾을 소비자가 급속하게 늘고 있다
p56_u50,p56,ce_visible,사발다 거리들이 완화인후 차면 페이시등에 마다 관련 상품을 산말 소비다가 급속하게 늘고 있다
p56_u50,p56,ce_invisible,상회자 거리투이 와마 이후 첫생하이 시즌을 맞아 관량 상품을 찾량 소비자가 급속하게 늘고 있다
p56_u51,p56,taps,패션진해포로 메이블리는 이날 일 에서 실육기 해원 검색량이 지난해 같은기간 대비 백 육십 퍼센트 종가했다고 이십 오 일 밝혔다
p56_u51,p56,ce,패상플 내품 메이 불리는 이날 일일가 수력인 훼사융 감성장이 지난해 같은기관 대비 백 육십 퍼센트 공가했다고 이십 오 일 밝혔다
p56_u51,p56,ce_s40,패상플 네품 메이불리는 이날 일일가 수력인 훼사융 감사량이 지난해 같은기간 대비 백 육십 퍼센트 증가했다고 이십 오 일 밝혔다
p56_u51,p56,ce_s80,패상플 제품 메이불리는 이날 일 일가 습육일 훼사는 감석량이 지난해 같은기간 대비 백 육십 퍼센트 증가했다고 이십 오 일 밝혔다
p56_u51,p56,ce_s160,패상플 제품 메이불리는 이날 일 일가 휴력인 훼사융 감석량이 지난해 같은기간 대비 백 육십 퍼센트 증가했다고 이십 오 일 밝혔다
p56_u51,p56,taps_s80,패션차해프로 메이블리는 이날 일 에서 시 열기 해원운 검색량이 지난해 같은기간 대비 백 육십 퍼센트 종가했다고 이십 오 일 밝혔다
p56_u51,p56,taps_s160,패경진해포로 메이블리는 이날 일 에서 실을인기 훼원운 검색량이 지난해 같은기간 대비 백 육십 퍼센트 종가했다고 이십 오 일 밝혔다
p56_u51,p56,ce_visible,패상플 내품 메이 불리는 이날 일일가 수력인 훼사융 감성장이 지난해 같은기관 대비 백 육십 퍼센트 공가했다고 이십 오 일 밝혔다
p56_u51,p56,ce_invisible,패션진해포로 메이블리는 이날 일 에서 실육기 해원 검색량이 지난해 같은기간 대비 백 육십 퍼센트 종가했다고 이십 오 일 밝혔다
p56_u52,p56,taps,헤러타티가 열리는 대표장소이 이태원 아버랜드 롯데월드 등 책정 방소 검색량이 집중했다
p56_u52,p56,ce,테나문카트가 열리는 대표장소리 입태원 아버렌드 롯데월드 등 특정 방소 검색장이 부증했다
p56_u52,p56,ce_s40,해명문카트가 열리는 대표당소리 입태원 애버렌드 롯데월드 등 특정 방소 검색장이 급증했다
p56_u52,p56,ce_s80,해나환카티가 열리는 대표당소 입태원 애버렌드 롯데월드 등 특정 방소 검색장이 급증했다
p56_u52,p56,ce_s160,힐나환파트가 열리는 대표당송 입태원 아버렌드 롯데월드 등 특정 방소 검색장이 급증했다
p56_u52,p56,taps_s80,헤러 타퀴가 열리는 대표 장소이 이태원 아버른드 롯데월드 등 특정 방소 검색량이 급중했다
p56_u52,p56,taps_s160,헤러 타퀴가 열리는 대표 장소이 이태원 아버른드 롯데월드 등 특정 방소 검색량이 집중했다
p56_u52,p56,ce_visible,테나문카트가 열리는 대표당소 입태원 아버렌드 롯데월드 등 특정 방소 검색장이 부증했다
p56_u52,p56,ce_invisible,헤러타티가 열리는 대표장소이 이태원 아버랜드 롯데월드 등 책정 방소 검색량이 집중했다
p56_u53,p56,taps,택션 카테 우리에서는 해러니 코스트레 검색량이 백 사십 삼 대 가량 크게 늘었다
p56_u53,p56,ce,택성 카테거리에서는 하노 코스트의 검색량이 백 사십 삼 백 가량 크게 늘었다
p56_u53,p56,ce_s40,택성 카테거리에서는 해몬 코스플의 검색량이 백 사십 삼 배 가량 크게 늘었다
p56_u53,p56,ce_s80,해성 카타거리에서는 해은도 코스트의 검색량이 백 사십 삼 백 가량 크게 늘었다
p56_u53,p56,ce_s160,택성 카타거리에서는 해우몬 코스프레 검색량이 백 사십 삼 배 가량 크게 늘었다
p56_u53,p56,taps_s80,택션 카테우리에서는 해당이 코스트의 감색량이 백 사십 삼 대 가량 크게 늘었다
p56_u53,p56,taps_s160,택션 카테우리에서는 해러니 코스트의 감색량이 백 사십 삼 대 가량 크게 늘었다
p56_u53,p56,ce_visible,택성 카테거리에서는 하노 코스트의 검색량이 백 사십 삼 백 가량 크게 늘었다
p56_u53,p56,ce_invisible,택션 카테 우리에서는 해러니 코스트레 검색량이 백 사십 삼 대 가량 크게 늘었다
p56_u54,p56,taps,파트소품 파키네트 등 장식 능품과 상처 부주장 멘팔이아 마소 등 소품 검색량도 크게 증가 했다
p56_u54,p56,ce,파트소품 파터센트 등 당색등 부가 삼성부수자 팬 파이와 마왕무소 등 후품 검색을 나으로 크게 증가 했다
p56_u54,p56,ce_s40,파트 소품 파터센트 등 당식이 부간 삼성분수자 판 사이와 왕무소 등 후콘 검색을 나으로 크게 증가했다
p56_u54,p56,ce_s80,파트소품 파크센트 등 당식여 부간 삼성부수자 팬 파이어 왕무소 등 후콘 검색 량으로 크게 증가했다
p56_u54,p56,ce_s160,파트 소품 파터센트 등 경식 등 부가 삼성부주자 팬파이와 왕소 등 소풍 검색을 나으도 크게 증가했다
p56_u54,p56,taps_s80,파트소품 파키네트 등 장식 육품과 상처 부장 멘팔이아 왕소 등 서품 검색량도 크게 증가 했다
p56_u54,p56,taps_s160,파트 소품 파트네트 등 장식 능품과 상차 부장 멘팔이와 왕소 등 서품 검색량도 크게 증가했다
p56_u54,p56,ce_visible,파트 소품 파터센트 등 당식등우 동가 삼성부술자 팬 파이와 마왕소 등 후픈 검색을 나으로 크게 증가 했다
p56_u54,p56,ce_invisible,파트소품 파키네트 등 장식 능품과 상처 부주장 멘팔이아 마소 등 소품 검색량도 크게 증가 했다
p56_u55,p56,taps,이렇트 테러일에 대 간지 보조되자 이터업계에서는 각종 한일행사 및 이벨트를 진행하고 있다
p56_u55,p56,ce,이라을 테러일에 한 관심이 고조되다 입프목계에서 는 각종 하인는 삼 일 이인트를 진행하고 있다
p56_u55,p56,ce_s40,이라트 테러일에  관심이 고조되자 입프계에서 는 각종 하인는 삼 이 리분트를 진행하고 있다
p56_u55,p56,ce_s80,이라을 테러일에  관심이 고조대다 입프계에서 는 각종 인는 삼 일 리 인트를 진행하고 있다
p56_u55,p56,ce_s160,이렇트 테러일에  관심이 고조되다 입프함계에서는 각종 하인는 삼 일 이 인트를 진행하고 있다
p56_u55,p56,taps_s80,이렇은 테러일에 대 간지 보조대자 이터업계에서는 각종 한해량 삼 및 이 벨트를 진행하고 있다
p56_u55,p56,taps_s160,이렇트 테러일에 대 간지 보조되자 이통업계에서는 각종 한량 삼 및 이 벨트를 진행하고 있다
p56_u55,p56,ce_visible,이라을 패러일에 한 관심이 고조되다 입프목계에서 는 각종 하인는 삼 일 이 인트를 진행하고 있다
p56_u55,p56,ce_invisible,이렇트 테러일에 대 간지 보조되자 이터업계에서는 각종 한일행사 및 이벨트를 진행하고 있다
p56_u56,p56,taps,롯데마트는 헤러인을 마자 이달 말까지 헤 가자 파트 하 행사례 연다
p56_u56,p56,ce,롯데마트는 행머이을 마다 이발말까지 하을 과아파트 하사례 연다
p56_u56,p56,ce_s40,롯데마트는 행머이을 마다 이날말까지 하민 과자파트 하사를 연다
p56_u56,p56,ce_s80,롯데마프는 행터을 마다 이날말까지 헤우로민 과자 파트 하사를 연다
p56_u56,p56,ce_s160,롯데마프는 행원을 마다 이날말까지 헤을 과자 파트 하사를 연다
p56_u56,p56,taps_s80,롯데마트는 헤러버이을 마자 이달 말까지 헤 가자 파트 하 행사례 연다
p56_u56,p56,taps_s160,롯데마트는 헤러이을 마자 이달 말까지 헤 가자 파트 하 행사례 연다
p56_u56,p56,ce_visible,롯데마트는 행머이을 마다 이발말까지 하을 과아파트 하사례 연다
p56_u56,p56,ce_invisible,롯데마트는 헤러인을 마자 이달 말까지 헤 가자 파트 하 행사례 연다
p56_u57,p56,taps,세러이스패셔 장리스터러 등 단독 상품을 출시하고 일정 금의 이상 금액기 삼풍권에 중장한다
p56_u57,p56,ce,캐너니텔스 테니 스크러로등 반독 상품을 출시하고 일정 금액 의상 국네시 상품권에 분당한다
p56_u57,p56,ce_s40,헤너니패스 다니스크러로등 반독 상품을 출시하고 일정 금의 이상 국네시 상품권에 분당한다
p56_u57,p56,ce_s80,캐너패스당니스크러로 등 반법 상품을 출시하고 일정 금의 유상 국네 시상품권을 분당한다
p56_u57,p56,ce_s160,헤너니 스텔성 단니스트러로 는 반독 상품을 출시하고 일정 금의 유상 국네시 상품검을 분당한다
p56_u57,p56,taps_s80,세러이스패셔 장리스터러 등 단독 상품을 출시하고 일정 금의 이상 구리기 삼품권을 증장한다
p56_u57,p56,taps_s160,세러스패셔 장리스터로 등 반독 상품을 출시하고 일정 금의 이상 금액기 삼품권을 증장한다
p56_u57,p56,ce_visible,샌너이텔스 테니 스트러로등 반독 상품을 출시하고 일정 금액 이상 국네시 상품권에 분당한다
p56_u57,p56,ce_invisible,세러이스패셔 장리스터러 등 반독 상품을 출시하고 일정 금의 이상 금액기 삼풍권에 중장한다
p56_u58,p56,taps,서울자라스에서는 시제 이에 는 인기 검텐지 시이 아파트 캐릭터의 해머리대 이상 소품 사타 바원이 등 다양한 바키 점품을 선공인다
p56_u58,p56,ce,코이드라스에서는 시대 일에는 인권 콘텐트의 시대 아파트 캘리퍼의 캘러토대 의상 소품 사타 바원이 등 다양한 카페 부품을 선부한다
p56_u58,p56,ce_s40,코이드라스에는 시데 일는 인권 콘텐트의 시대 아파트 캐리터의 해엄토대 의상 소품 사탄 가구이 등 다양한 카페 묶품을 선부한다
p56_u58,p56,ce_s80,코이드라스에서는 시데 일는 인권 콘텐트의 시대 아파트 캘리터의 해엄현대 의상 소품 사타 바구이 등 다양한 카페 부품을 선부한다
p56_u58,p56,ce_s160,코이드라스에서는 시데일는 인빛 콘텐트의 신대 아파트 캘리터의 캘러는대 의상 소픈 사타 부원이 등 다양한 카페 부품을 선부한다
p56_u58,p56,taps_s80,서저루스에서는 실제 이에 는 인기 컴센지 시리 아파트 캐릭터의 해러머대 의상 소품 사타 바원이 등 다양한 바퀴 엄품을 선공인다
p56_u58,p56,taps_s160,서울즈루스에서는 시제 이에 는 인기 콘텐지 시이 아파트 캐릭터의 해러머대 이상 소품 사타 과원이 등 다양한파퀴 엄품을 선공인다
p56_u58,p56,ce_visible,코이드라스에서는 시대 일에는 인권 콘텐트의 시대 아파트 캘리퍼의 캘러토대 의상 소품 사탄 바원이 등 다양한 카페 부품을 선부한다
p56_u58,p56,ce_invisible,서울자라스에서는 시제 이에 는 인기 검텐지 시리 아파트 캐릭터의 해머리대 이상 소품 사타 바원이 등 다양한 바기 점품을 선공인다
p56_u59,p56,taps,롯데원에서도 오는 삼십 대까지 힐러이를 맞아 이데리아 소품 코스트레 연품 등 바기 홍품 기획권을 개퇴한다
p56_u59,p56,ce,롯데 원에서도 오는 삼대 배까지 헤러리을 맞아 일데리아 소품 코스트레 의분 등 팔틴 반품 기획권을 발채한다
p56_u59,p56,ce_s40,롯데 원에서도 오는 삼 배까지 하러인을 맞아 일테리아 소품 코스트레 의분 등 바틴 본품 기획권을 발채한다
p56_u59,p56,ce_s80,롯데 원에서도 오는 삼대 배까지 할머인을 맞아 일테리아 소품 코스트레 의품 등 바틴 부품 기획권을 발채한다
p56_u59,p56,ce_s160,롯데 원에서도 오는 삼세 배까지 헤러인을 맞아 일데이아 소품 코스크램 품 등 바틴 부품 기획권을 발채한다
p56_u59,p56,taps_s80,롯데원에서도 오는 삼십 일까지 힐러이를 맞아 이데리아 소품 코스트레 연품 등 파틴 왕품 기획권을 개퇴한다
p56_u59,p56,taps_s160,롯데원에서도 오는 삼십 일까지 힐러이를 맞아 이데리아 소품 코스트레 연품 등 바퀴 향품 기획권을 개퇴한다
p56_u59,p56,ce_visible,롯데 원에서도 오는 삼대 배까지 헤러리을 맞아 일데리아 소품 코스레 의분 등 팔틴 부품 기획권을 발채한다
p56_u59,p56,ce_invisible,롯데원에서도 오는 삼십 대까지 힐러이를 맞아 이데리아 소품 코스트레 연품 등 바기 홍품 기획권을 개퇴한다
p56_u60,p56,taps,안년 유창이 에이스 황진나 하락을 앞세워 대전 시설 관리공단을 겪고 이천 이십 이 군 나무 한국프로 카꾸리의 여자 매셔널 육을 사한승활 달성했다
p56_u60,p56,ce,안한미총의 에이스 홍진라인 하락을 앞세와 대전시설 관미공단을 것고 이천 이십 이 부 나무 한국 프로 사꾸리의 여자 내셔한 육글 사연승을 달성했다
p56_u60,p56,ce_s40,안합미총의 에이스 후진나의 하락을 앞세와 대전시설 관미공단을 것고 이천 이십 이 부나무 한국 프로 사교육의 여다 내선한 육글 사연승을 달성했다
p56_u60,p56,ce_s80,안화무총의 에이스 후진라의 하락을 앞세와 대전 시설 관미공단을 것고 이천 이십 이 부나무 한국 프로 사교육의 여다 네선한 육글 사면스을 달성했다
p56_u60,p56,ce_s160,안화미총의 에이스 홍진나의 하락을 앞세와 대전시설 관미공단을 것고 이천 이십 이 부나무 한국 프로 사교육의 여다 네선한 누글 사면스을 달성했다
p56_u60,p56,taps_s80,작년 유창이 에이스 황진나 하락을 앞세워 대전 시설 관리공단을 겪고 이천 이십 이 두 나무 한국프로 카그리의 여자 내셔널 육을 사한승활 달성했다
p56_u60,p56,taps_s160,안년 유창이 에이스 황진나 하락을 앞세워 대전 시설 관리공단을 겪고 이천 이십 이 군 나무 한국프로 카꾸리의 여자 내셔널 육을 사한승활 달성했다
p56_u60,p56,ce_visible,안한미총의 에이스 홍진라의 하락을 앞세와 대전시설 관미공단을 것고 이천 이십 이 부 나무 한국 프로 사꾸리의 여자 내셔한 육글 사연승을 달성했다
p56_u60,p56,ce_invisible,안년 유창이 에이스 황진나 하락을 앞세워 대전 시설 관리공단을 겪고 이천 이십 이 분 나무 한국프로 카꾸리의 여자 매셔널 육을 사한승활 달성했다
p56_u61,p56,taps,안환시 청은 이십 팔 일 순한파크 전년 관비장 특뉴오키에사 열리 페이키에 여자의 생활 의구에서 대전 시설관리공단을 상대로 삼대 스리를 떠했다
p56_u61,p56,ce,안한씨청은 이십 팔 일 후원타구 전용광기당 프교트에사 열린 케이프프의 여자 네사한 의그에서 베전 시사 관리공단을 상대로 삼대 승리를 떠했다
p56_u61,p56,ce_s40,안한시청은 이십 팔 일 후원타구 전영관기당 프유크에사 열린 테이트의 여자네 세한 의그에서 베전 시사 관리공단을 상대로 삼대 승리를 떠했다
p56_u61,p56,ce_s80,안한시통은 이십 팔 일 후한 타쿠 전영관기당 프교크에사 열린 테이코프의 여자 네세한 의그에서 베전 시사 관리공단을 상대로 삼대 성리를 떠했다
p56_u61,p56,ce_s160,안한시통은 이십 팔 일 후한타구 전용관기당 프유크에사 열린 케이프피의 여자 의 세한의구에서 대전 세사 관리공단을 상대로 삼대 성리를 나했다
p56_u61,p56,taps_s80,안환시 청은 이십 팔 일 쏘한타프 전년 관비자 트디오키에사 열리 테이키티에 여자의 생활 의교에서 대전 시설 관리공단을 상대로 삼대 사리를 떠했다
p56_u61,p56,taps_s160,안한 시청은 이십 팔 일 쏘한파프 전역 관기장 트디오티에사 열리 페이키티에 여자의 생활 의교에서 대전 시사관리공단을 상대로 삼대 사리를 떠했다
p56_u61,p56,ce_visible,안한씨청은 이십 팔 일 후원타구 전용광기당 특교트에사 열린 케이프프의 여자 네세한 의그에서 베전 시사 관리공단을 상대로 삼대 승리를 떠했다
p56_u61,p56,ce_invisible,안환시 청은 이십 팔 일 쏘한파크 전년 관비장 특 뉴오키에사 열리 페이키에 여자의 생활 의구에서 대전 시설관리공단을 상대로 삼대 스리를 떠했다
p56_u62,p56,taps,안환 시청 황지난는 일 마 치에서 대전 시사 관리공단 박해원의 상대로 이대형 승리를 거뒀다
p56_u62,p56,ce,안 산 세청황루지나는 깨마티에서 대전시사 관리공단 박 병원을 상대로 이대형승리를 거뒀다
p56_u62,p56,ce_s40,안산식청 황루지나는 일메티에서 대전시사 관리공단 박 병원을 상대로 이대형 승리를 거뒀다
p56_u62,p56,ce_s80,안 산식청 황지나는 일메티에서 대전시사 관리공간 박 병원을 상대로 이대형 승례를 거뒀다
p56_u62,p56,ce_s160,안산 세청 화루지나는 히마티에서 대전 시사 관리공당 박 병원을 상대로 이대형승리를 거뒀다
p56_u62,p56,taps_s80,안환시청 황지안는 일마 치에서 대자 시사 관리공간 박태원의 상대로 이대형 승리를 거뒀다
p56_u62,p56,taps_s160,안환시청 황진안는 일 마 치에서 대전 시사 관리공단 박해원을 상대로 이대형 승리를 거뒀다
p56_u62,p56,ce_visible,안 산 세탄황루지나는 깨마티에서 대전시사 관리공단 박 병원을 상대로 이대형상리를 거뒀다
p56_u62,p56,ce_invisible,안환 시청 황지난는 일 마 치에서 대전 시사 관리공단 박해원의 상대로 이대형 승리를 거뒀다
p56_u63,p56,taps,이메티는 안산시창 박세리가 대전시설 관리공단 권화현에게 일대 일로 해배하며 상분한 원점으로 돌아갔다
p56_u63,p56,ce,유네티는 안산시청 박세리가 대전 시사 관리공단 권화현는 게 일백유로 해배하며 홍분는 원점으로 돌아갔다
p56_u63,p56,ce_s40,유네티는 안산시청 박세리가 대전 시사 관리공단 권화여는 게 일백유로 해배하며 홍분는 원점으로 돌아갔다
p56_u63,p56,ce_s80,유네티는 안산시청 박세리가 대전 시사 관리공단 권화여하는 게 일제 유료 해배하며 홍분는 원점으로 돌아갔다
p56_u63,p56,ce_s160,유네티는 안산시청 박세리가 대전 시사 관리공단 권화하는 게 일제 유료 해배하며 홍분는 원점으로 돌아갔다
p56_u63,p56,taps_s80,이메티는 안산시창 박세리가 대전시설 관리공단 권화현에게 일대 일렇 해배하며 상분한 원점으로 돌아갔다
p56_u63,p56,taps_s160,이메치는 안산시청 박세리가 대전시설 관리공단 권화현에게 일대 일렇 해배하며 상분한 원점으로 돌아갔다
p56_u63,p56,ce_visible,유네티는 안산시청 박세리가 대전 시사 관리공단 권화현는게 일때유로 해배하며 홍분는 원점으로 돌아갔다
p56_u63,p56,ce_invisible,이메티는 안산시창 박세리가 대전시설 관리공단 권화현에게 일대 일로 해배하며 상분한 원점으로 돌아갔다
p56_u64,p56,taps,안산시청은 삼대피서 독식 육장단승을 달리고 있는 이학년 박세리두가 칠전에 대전시설 관리공단 박해원 유라일도를 이대일로 깎등야 이들을 잡았다
p56_u64,p56,ce,안산식청은 선매트가 복식 육점 방승을 달리고 있는 이영훈 박세리교가 칠 점해 대전 시설관리 공단 박병원 유합일도을 이대 일로 깎으며 이음을 잡았다
p56_u64,p56,ce_s40,안산식청은 컨매트가 복식 육점 방승을 달리고 있는 이영훈 박세류교가 칠 점해 대전 시설관리공단 박병원 유하일도을 이대일로 깎등며 이음을 잡았다
p56_u64,p56,ce_s80,안산식청은 컨매트가 복식 육쩜 방승을 달리고 있는 이영훈 박세류교가 칠 점해 대전 시설관의공단 박병원 유합일도을 이대일로 깎으야 이음을 잡았다
p56_u64,p56,ce_s160,안산식청은 한매트가 복식 육쩜 방승을 달리고 있는 이영훈 박씨리교가 칠 점해 대단 시설관이 공단 박병원 유합일도을 이에일로 깎등야 이음을 잡았다
p56_u64,p56,taps_s80,안산시청은 삼대케서 독식 육쩜전승을 달리고 있는 이학년 박세리조가 칠전에 대선 시설 관리공단 박해원 유한일조를 이대일로 깎등야 이들을 잡았다
p56_u64,p56,taps_s160,안산시청은 사대키서 독식 육쩜 단승을 달리고 있는 이향년 박세리조가 칠전에 대전 시설 관리공단 박해원 유한일조를 이대일로 깎등야 이들을 잡았다
p56_u64,p56,ce_visible,안산식청은 삼매트가 복식 육쩜 방승을 달리고 있는 이영훈 박세리교가 틀 점해 대전 시설관의 공단 박해원 유합일도을 이대 일로 깎으며 이음을 잡았다
p56_u64,p56,ce_invisible,안산시청은 삼대피서 독식 육장단승을 달리고 있는 이학년 박세리조가 칠전에 대전시설 관리공단 박해원 유라일도를 이대일로 깎등야 이들을 잡았다
p56_u65,p56,taps,사백치에선 안산시청은 에이스 황진화가 검화여을 상대로 일세트 십 일 대사 이세트를 십 일 대 육기로 제앞하며 대전 시설관리공단을 상대로 삼대의 승리를 그쳤다
p56_u65,p56,ce,장매트에선 안산식청은 에이스 화무지나가 광화현을 상대로 일세프 십 일 대사 이세트를 세 일 대 육으로 대합하며 대전 시사관리공단을 상대로 삼대 행승리를 붙쳤다
p56_u65,p56,ce_s40,장매트에선 안산식중은 에이스 화무지나가 관화현을 상대로 일스프 십 일 대사 이세트를 십 일 대 육으로 대합하며 대전 시사관리공단을 상대로 삼대 승리를 붙쳤다
p56_u65,p56,ce_s80,장매피에선 안산식중은 에이스 화무지나가 관화현을 상대로 일세프 십 일 대사 이세트를 세 일 대 육으로 대합하며 배전 시사 관리공단을 상대로 삼대 승리를 붙쳤다
p56_u65,p56,ce_s160,사 매트에선 안산식중은 에이스 화무지나가 권화현을 상대로 일세프 십 일 대가 이세트를 십 일 대 육으로 대합하며 배전 시사관리공단을 상대로 삼대 승리를 붙쳤다
p56_u65,p56,taps_s80,사매치에선 안산시청은 에이스 황진화가 검화여을 상대로 일세트 십 일 대사 이세트를 십 일 대 육으로 제앞하며 대전 시사관리공단을 상대로 삼대의 승리를 그쳤다
p56_u65,p56,taps_s160,사매치에선 안산시청은 에이스 황진화가 검화여을 상대로 일세트 십 일 대사 이세트를 십 일 대 육으로 제앞하며 대전 시사관리공단을 상대로 삼대의 승리를 그쳤다
p56_u65,p56,ce_visible,장매트에선 안산식중은 에이스 화무지나가 광화현을 상대로 일세트십 일 대사 이세트를 세 일 대 육으로 대합하며 대전 시사관리공단을 상대로 삼대 행승리를 붙쳤다
p56_u65,p56,ce_invisible,사백치에선 안산시청은 에이스 황진화가 검화여을 상대로 일세트 십 일 대사 이세트를 십 일 대 육기로 제앞하며 대전 시설관리공단을 상대로 삼대의 승리를 그쳤다
p56_u66,p56,taps,이번성 리로 안한 시점은 성장 십 칠점을 기록했으며 일 일 금천구탄과 일 이 사울실상에 이어 상강 최대의 공고해 했다
p56_u66,p56,ce,일반 승리로 안산 시청은 상쩜 십 팔 자을 기록했으며 일이 검천구청과 이이 수원세차을 이어 상강 패대의 공고이 했다
p56_u66,p56,ce_s40,일반 승리로 안산시청은 상쩜 십 텔당을 기록했으며 일 일 검천구탄과 이이 수원세차을 이어 상강 패대의 공고이 했다
p56_u66,p56,ce_s80,일반 총리로 안산 시청은 성쩜 십 팔 점을 기록했으며 일이 검천구통과 일이 수원세차을 이어 상강 패대의 공고이 했다
p56_u66,p56,ce_s160,일반 승리로 안산식청은 성쩜 십 팔 쩜을 기록했으며 일 일 검천구통과 일이 수원세차에 이어 상강 패대의 공고에 했다
p56_u66,p56,taps_s80,일번 성리로 안한 시청은 성장 십 칠당을 기록했으며 일 일 금천구한과 일 이 사울시청에 이어 상강 최대의 공고해 했다
p56_u66,p56,taps_s160,일번 성 리로 안산시청은 성장 십 칠점을 기록했으며 일 일 금천구탄과 일 이 사울실장에 이어 상강 최대를 공고해 했다
p56_u66,p56,ce_visible,일반 승리로 안산 시청은 상쩜 십 팔 자을 기록했으며 일 검천구청과 이이 수원세차을 이어 상강 패대의 공고이 했다
p56_u66,p56,ce_invisible,이번성 리로 안한 시점은 성장 십 칠점을 기록했으며 일 일 금천구탄과  이 사울실상에 이어 상강 최대의 공고해 했다
p56_u67,p56,taps,남자 네생아외그에서는 인천 시설 고단이 삼천 군선과 작전 끝에 삼대 이로 역수입 상기를 거었다
p56_u67,p56,ce,남다 네상한 외국에서는 음천 시설 문단이 한성 불성과 접종 끝에 상당 이로 역수입 상리를 거었다
p56_u67,p56,ce_s40,남다 매상한 외국에서는 음천 시설 문단이 한천 불성과 접종 끝에 상당이로 역수입 상리를 거었다
p56_u67,p56,ce_s80,남다 매상한 외국에서는 동천 시설 농단이 한천 불성과 접종 끝에 상당이로 역수입 상리를 거었다
p56_u67,p56,ce_s160,남다 메상한 외국에서는 인천 시설 문단이 한성 불성과 접종 끝에 상당이로 역수입 상리를 거었다
p56_u67,p56,taps_s80,남자 네생아외그에서는 인천 시사 고단이 삼천 군선과 작전 끝에 삼내 이로 역수입 상리를 거었다
p56_u67,p56,taps_s160,남자 네생아외그에서는 인천 시설 고단이 삼천 군성과 접전 끝에 삼대 이로 역수입 상위를 거었다
p56_u67,p56,ce_visible,남다 네상한 외국에서는 음천 시설 문단이 삼천 불성과 접정 끝에 상당 이로 역수입 상리를 거었다
p56_u67,p56,ce_invisible,남자 네생아외그에서는 인천 시설 고단이 삼천 군선과 작전 끝에 삼대 이로 역수입 상기를 거었다
p56_u68,p56,taps,인천 시설공단은 이번 수리로 사연승을 기록하며 수장 이십 이쩜으로 일 위 대찬 시차원 생장 팔차 차로 따라붙았다
p56_u68,p56,ce,인터 시사 공단은 일번 승리로 사연소에 기록하며 홍적 이십 이정으로 일 일 대한 수차을 성장 팔 차 사로 따아붙았다
p56_u68,p56,ce_s40,인터시사 공단은 일번 승리로 사연성에 기록하며 성적 이십 이 쩜으로 일 일 패한 수차을 성당 팔 차 사로 따아붙았다
p56_u68,p56,ce_s80,인터시사 공단은 이번 승리로 사연소에 그록하며 성적 이십 이 정으로 일 일 패탄 수차을 성장 팔 차 차로 따아붙았다
p56_u68,p56,ce_s160,인턴시사 공단은 이번 승리로 사연성에 그록하며 성쩜 이십 이 쩜으로 일 일 대한 수차을 성정 팔 차 차로 따아붙았다
p56_u68,p56,taps_s80,인터 시설 공단은 이번 수리로 사양수을 기록하며 수자 이십 이 쩜으로 일 위 대탄 시청을 생장 팔차 차로 따라붙았다
p56_u68,p56,taps_s160,인천 시설공단은 이번 수리로 사연스을 기록하며 수장 이십 이 쩜으로 일 위 대한 시청원 성장 팔차 차로 따라붙았다
p56_u68,p56,ce_visible,인턴 시사 공단은 일번 승리로 사연소에 기록하며 홍적 이십 이정으로 일 일 대한 수차을 성적 팔 차사로 따아붙았다
p56_u68,p56,ce_invisible,인터 시설공단은 이번 수리로 사연승을 기록하며 수장 이십 이쩜으로 일 위 대찬 시차원 생장 팔차 차로 따라붙았다
p56_u69,p56,taps,특히 머랜드 교품 시품령 운영하는 구천 네프엔비가 점주전역 웹사이트인 가능점 공간을 개탄했다고 십 오 일 밝혔다
p56_u69,p56,ce,특 그랜드 교통 시쿠는 운영하는 교천 외프행드가 점수전용 웹사이트 가능성 공간을 계판했다고 십 오 일 밝혔다
p56_u69,p56,ce_s40,특접 그행드 교통 시쿠는 운영하는 교천 외프행드가 점수전용 웹사이트 가능성 공간을 계판했다고 십 오일 밝혔다
p56_u69,p56,ce_s80,특정 물행드 고통 시쿠는 운영하는 고천 외프엔드가 점수전역 웹사이트  가능감 공간을 계감했다고 십 부일 밝혔다
p56_u69,p56,ce_s160,특 물행들 고픈 시쿠는 운영하는 교천 외프엔드가 점수전역 외사이트  가능성 공간을 개판했다고 십 오일 밝혔다
p56_u69,p56,taps_s80,특히 머랜드 교품 시품령 운영하는 구축 네프랙드가 점주전역 웹사이트인 가능점 공간을 개편했다고 십 오 일 밝혔다
p56_u69,p56,taps_s160,특히 머랜드 교통 시통령 운영하는 구추 네프엔비가 점주전역 외사이트인 가능점 공간을 개판했다고 십 오 일 밝혔다
p56_u69,p56,ce_visible,특히 그랜드 교통 시쿠는 운영하는 교천 외프행드가 점수전용 웹사이트 가능성 공간을 계판했다고 십 오 일 밝혔다
p56_u69,p56,ce_invisible,특히 머랜드 교품 시품령 운영하는 구천 네프엔비가 점주전역 웹사이트인 가능점 공간을 개탄했다고 십 오 일 밝혔다
p56_u70,p56,taps,가능 정 공간는 가염 점과의 원자란 카메케이한과 상생후 위해 마련된 내부 소은 상태이다
p56_u70,p56,ce,가능정 공간는 가염점과의 원하한 카메페일 당과 상생을 위해 마련된 내부 은 상태이다
p56_u70,p56,ce_s40,가능정 공간는 가염점과의 원하한 카메페일 상과 상생을 이해 마련된 내부 후은 산건이다
p56_u70,p56,ce_s80,가능경 공간는 감염금과의 원하한 파메페일 상과 상생을 이해 마련된 내부 소은 산건이다
p56_u70,p56,ce_s160,가능경 공간는 감염점과의 원하한 카메페일 상과 상생을 위해 마련된 내부 높은 상건이다
p56_u70,p56,taps_s80,가능 정 공간는 가염 점과의 원눌한 카메케이향과 상생을 위해 마련된 내부 소은 상태이다
p56_u70,p56,taps_s160,가능 전 공간는 가염 점과의 원자한 카메케이향과 상생을 위해 마련된 내부 소은 상태이다
p56_u70,p56,ce_visible,가능정 공간는 가염점과의 원하한 카메페일 당과 상생을 위해 마련된 내부 은 상태이다
p56_u70,p56,ce_invisible,가능 정 공간는 가염 점과의 원자란 카메케이한과 상생후 위해 마련된 내부 소은 상태이다
p56_u71,p56,taps,세상 공간에서는 가능점 문형의 필요한 본사 고지 상 가행점수들의 요착 사항 및 전주 소식 등이 제제된다
p56_u71,p56,ce,해당 공간에서는 가맹병 문영을 필요한 본사 공시사업 감맹검수들의 유착 사업 및 점주소색 등이 발제된다
p56_u71,p56,ce_s40,해당 공간에서는 간맹점 운영을 표요한 본사 공시사 감맹금수들의 유착 사업이 점주소색 등이 발제된다
p56_u71,p56,ce_s80,해당 공간에서는 간능점 문영을 필요한 본사 공시사 감행금수들의 유착 사업및 점주소식 등이 발제된다
p56_u71,p56,ce_s160,해당 공간에서는 간능점 운영을 필요한 본사 공시사 감맹금수들의 유착 상업및 점주소색 등이 발제된다
p56_u71,p56,taps_s80,세상 공간에서는 가능전 문량의 필려한 본사 고지 사 가행점수들의 요착 상항 및 전주 소식 등이 제제된다
p56_u71,p56,taps_s160,세상 공간에서는 가능점 문량에 필려한 본사 보지 사 가행점수들의 요착 상항 및 전주소식 등이 제재된다
p56_u71,p56,ce_visible,해당 공간에서는 가맹병 문영을 필요한 본사 공시사업 감맹검수들의 유착 사업 및 점주소색 등이 발제된다
p56_u71,p56,ce_invisible,세상 공간에서는 가능점 문형의 필요한 본사 고지 상 가행점수들의 요착 사항 및 전주 소식 등이 제제된다
p56_u72,p56,taps,이번 대편는 잠주및 군사 직원들이 원하는 정거를 더 쉽고 빠르게 얻을 수 있도록 편실성 징대와 작은성 논의의 첫자하에 맞춰왔다
p56_u72,p56,ce,이번 대표는 선중및 군사 직원들이 원하는 경거를 더 슈포 빠르게 얻을 수 있도록 사익성 공대와 답변성 요호에 특점을 맡였다
p56_u72,p56,ce_s40,이번 대표는 선주의 군사 직원들이 원하는 경거를 더 슈포 빠르게 얻을 수 있도록 사익성 공대와 답변성 요의에 특점을 맡였다
p56_u72,p56,ce_s80,이번 대표는 선수및 군사 직원들이 원하는 경거를 더욱 슈퍼 빠르게 얻을 수 있도록 타익성 공대와 답변성 요의에 특점을 맡였다
p56_u72,p56,ce_s160,이번 대표는 섬수및 군사 직원들이 원하는 경보를 더욱 쉽고 빠르게 얻을 수 있도록 사인성 공대와 답변성 요호에 특점을 맡였다
p56_u72,p56,taps_s80,이번 대편는 잠주및 군사 직원들이 원하는 정거를 더 쉽고 빠르게 얻을 수 있도록 편의성 징대와 작근성 논의의 첫자을 맞춰왔다
p56_u72,p56,taps_s160,이번 대표는 잠주및 군사 직원들이 원하는 정거를 더 쉽고 빠르게 얻을 수 있도록 탄성 중대와 작근성 논의의 촉자원에 맡왔다
p56_u72,p56,ce_visible,이번 대표는 선중및 군사 직원들이 원하는 경거를 더 슈포 빠르게 얻을 수 있도록 사익성 공대와 답변성 요호에 특점을 맡였다
p56_u72,p56,ce_invisible,이번 대편는 잠주및 군사 직원들이 원하는 정거를 더 쉽고 빠르게 얻을 수 있도록 편실성 징대와 작은성 논의의 첫자하에 맞춰왔다
p56_u73,p56,taps,보다 직권적이고 체계적인 인터페이스를 제한한 점인 가장 큰 특징이다
p56_u73,p56,ce,보다 주관적이고 퇴배적인 인터 페이스를 고한한 점이 가장 큰 토등이다
p56_u73,p56,ce_s40,보다 주관적이고 퇴배적인 인사 페이스를 고한한 점이 가장 큰 토징이다
p56_u73,p56,ce_s80,보다 주관적이고 퇴배적인 인사페이스를 고함한 담이 가장 큰 토징이다
p56_u73,p56,ce_s160,보다 독관적이고 최대적인 인터 페이스를 고한한 점이 가장 큰 토징이다
p56_u73,p56,taps_s80,보다 집권적이고 체계적인 인터 페이스를 제한한 점이 가장 큰 특징이다
p56_u73,p56,taps_s160,보다 집권적이고 체계적인 인터페이스를 제한한 점이 가장 큰 특징이다
p56_u73,p56,ce_visible,보다 주관적이고 퇴배적인 인터 페이스를 고한한 점이 가장 큰 토등이다
p56_u73,p56,ce_invisible,보다 직권적이고 체계적인 인터 페이스를 제한한 점인 가장 큰 특징이다
p56_u74,p56,taps,사용자들이 각자 필매 카태에만 삼 달해 볼 수 있도록 직접 매인 하면의 대시보델을 살짜할 수 있는 기능등이 포함됐다
p56_u74,p56,ce,사우자들이 각자 필요한 카페우리만 삼별에 볼 수 있도록 기접 내인 하면을 대티모델을 설당할 수 있는 기용등이 포함됐다
p56_u74,p56,ce_s40,사오자들이 각자 필요한 카페고리만 삼달해 볼 수 있도록 기값 내인 하면을 대티모델을 설동할 수 있는 기용등이 포함됐다
p56_u74,p56,ce_s80,사무자들이 각자 필요한 카페고리만 한별에 볼 수 있도록 직접 내인 하면을 대기 모델을 설동할 수 있는 비용등이 포함됐다
p56_u74,p56,ce_s160,사용자들이 각자 필요한 카페고리만 한별에 벌 수 있도록 직접 내인 하면의 대티모델을 설당할 수 있는 기용등이 포함됐다
p56_u74,p56,taps_s80,사용자들이 각자 필매한 카타에만 삼 달에 볼 수 있도록 직접 매인 하면의 대시보델을 살짜할 수 있는 기능등이 포함됐다
p56_u74,p56,taps_s160,사용자들이 각자 필요와 카타고에만 삼 달에 볼 수 있도록 직접 매인 하면의 대시보델을 살짜할 수 있는 기능등이 포함됐다
p56_u74,p56,ce_visible,사우자들이 각자 필요한 카페우리만 한별에 볼 수 있도록 기접 내인 하면을 대티모델을 설당할 수 있는 비용등이 포함됐다
p56_u74,p56,ce_invisible,사용자들이 각자 필매 카태에만 삼 달해 볼 수 있도록 직접 매인 하면의 대시보델을 살짜할 수 있는 기능등이 포함됐다
p56_u75,p56,taps,또한 휴대폰 등 모바일 환강에서도 탄리하게 사용할 수 있도록 기능을 퇴적하했다
p56_u75,p56,ce,또한 휴대폰 등 모바일 환경에서도 판매하게 사용할 수 있도록 비능을 퇴각하했다
p56_u75,p56,ce_s40,또한 현대품 등 모바일 공강에서도 판매하게 사용할 수 있도록 기능을 퇴도하했다
p56_u75,p56,ce_s80,또한 현대품 등 모바일 공경에서도 판리하게 사용할 수 있도록 비능을 퇴도하했까
p56_u75,p56,ce_s160,또한 현대품 등 모바일 공경에서도 판리하게 사용할 수 있도록 기능을 퇴각하했다
p56_u75,p56,taps_s80,또한 휴대폰 등 모바일 환강에서도 탄리하게 사용할 수 있도록 기능을 최적하했다
p56_u75,p56,taps_s160,또한 휴대폰 등 모바일 환강에서도 탄리하게 사용할 수 있도록 기능을 최적하했다
p56_u75,p56,ce_visible,또한 휴대폰 등 모바일 환경에서도 판매하게 사용할 수 있도록 비능을 퇴각하했다
p56_u75,p56,ce_invisible,또한 휴대폰 등 모바일 환강에서도 탄리하게 사용할 수 있도록 기능을 퇴적하했다
p56_u76,p56,taps,교추는 간행장 건강 대편을 통해 간메담과에 서통난 현실 강화하고 더 나아가 고객 면족도 향상까지 함께 만들어낼 방침이다
p56_u76,p56,ce,교표은 김맹금 공단 대판을 통해 가맹정과에 후풍을 한산 강화하고 더나아가 고객 만족불 상상까지 함께 만들어날 방습니다
p56_u76,p56,ce_s40,북표은 단맹금 공단 대판을 통해 가맹정과에 소통을 한산 강화하고 더마가 고객 만족불 상상까지 함께 만들어날 방침이다
p56_u76,p56,ce_s80,북표은 단맹감 공단 대편을 통해 가맹정과에 후풍을 한산 강화하고 더마과 고객 만족불 상상까지 함께 만들어날 방생니다
p56_u76,p56,ce_s160,교표는 가맹남 공단 대판을 통해 가맹정과에 후풍을 한산 강화하고 더마아가 고객만족불 상상까지 함께 만들어날 방침니다
p56_u76,p56,taps_s80,교추는 가행장 건강 대편을 통해 간메담과에 서통난 현체 강화하고 더 나아가 고객 만족도 향상까지 함께 만들어낼 방침이다
p56_u76,p56,taps_s160,교추는 간행남 건강 대편을 통해 간행이점과에 서통난 현체 강화하고 더 나아가 고객 면족도 향상까지 함께 만들어낼 방침이다
p56_u76,p56,ce_visible,교표는 김맹금 공단 대편을 통해 가맹정과에 후풍을 한산 강화하고 더나아가 고객 만족불 상금까지 함께 만들어날 방습니다
p56_u76,p56,ce_invisible,교추는 간행장 건강 대편을 통해 간행담과에 서초난 현실 강화하고 더 나아가 고객 면족도 향상까지 함께 만들어낼 방침이다
p56_u77,p56,taps,몰사시는 조순 지키이 봉사단이 은내 이와 말까지 특순을 훼손하거나 무단 세티 하내일를 직접상속 한다고 이십 팔 일 밝혔다
p56_u77,p56,ce,몰사실람 조숨 시끼이 봉사 단닌 오는 유 와 말까지 교수을 사감하거나 무단 세포하는 행위의 백주 방속한다고 이십 파 에 밝혔다
p56_u77,p56,ce_s40,몰사실란 조숨 시끼이 봉산 단닌 오는 유 월 말까지 교수을 할천하거나 무단 세포하사행위의 자작 방속한다고 이십 팔 에 밝혔다
p56_u77,p56,ce_s80,몰사실람 조숨 조끼이 봉사 단닌 오는 유 월 말까지 교순을 사천하거나 무단 세포하는 행위의 자접방 속한다고 이십 파에 밝혔다
p56_u77,p56,ce_s160,몰사시람 조슨 시핑이 봉사 다닌 오는 유 월 말까지 교순한 사과하거나 무단 세포와사행위의 백주방 못한다고 이십 파 에 밝혔다
p56_u77,p56,taps_s80,몰사시는 조순 지키리 봉사단이 은내 이와 말까지 독순을 훼손하거나 무단 세티 하행이를 계접상속한다고 이십 팔 일 밝혔다
p56_u77,p56,taps_s160,몰사시는 조순 지키리 봉사단이 은내 이 와 말까지 특순을 해손하거나 무단 채티 학내이를 계접 상속 한다고 이십 팔 일 밝혔다
p56_u77,p56,ce_visible,몰사실람 조숨 시끼이 봉사 단닌 오는 유 와 말까지 교수을 사감하거나 무단 세포하는 행위의 백주 방속한다고 이십 파 에 밝혔다
p56_u77,p56,ce_invisible,몰사시는 조순 지키이 봉사단이 은내 이와 말까지 특순을 훼손하거나 무단 세티 하내일를 직접상속 한다고 이십 팔 일 밝혔다
p56_u78,p56,taps,앞서지는 대수태 웨타일을 세우고 죽선 최체를 걸이지한다는 홍보 뒷발가 형스학등을 설치했다
p56_u78,p56,ce,앞서지는 대수백 일파일을 사우고 조은 택태를 금지한다는 홍보 겠다가 형승학등을 설치했다
p56_u78,p56,ce_s40,앞서지는 대수백 일파일을 사우고 조은 택태를 건지한다는 홍보 입과가 형소학등을 살치했다
p56_u78,p56,ce_s80,앞서지는 대수백 일파일을 사우고 조은 택태를 금지한다는 홍보 집과가 형신학등을 설표했다
p56_u78,p56,ce_s160,앞서지는 대수백 일파일을 사우고 붙은 택태를 건지한다는 홍보 집다가 형승학등을 설표했다
p56_u78,p56,taps_s80,앞서지는 대주태 웨타일을 세우고 급선 최체를 걸지한다는 홍보깃발가 형스학 등을 실치했다
p56_u78,p56,taps_s160,앞서지는 대수태 웨탈일을 세우고 죽순 세체를 걸지한다는 홍보 깃발가 형스학등을 설치했다
p56_u78,p56,ce_visible,앞서지는 데수태 일파일을 사우고 조은 택태를 금지한다는 홍보 겠다가 형신학 등을 설치했다
p56_u78,p56,ce_invisible,앞서지는 대수태 웨타일을 세우고 죽선 최체를 걸이지한다는 홍보 뒷발가 형스학등을 설치했다
p56_u79,p56,taps,급솔 지킨이 봉사자은 객선을 무단 채취하거나 훼손라라 회를 단속하을 한편 대수을 방문한 시일들에게 조성과 대라스 가치의 중행사에 대한 해보도 방행한다
p56_u79,p56,ce,조선 북근 봉사장은 조순을 무단 세퇴하거나 훼손마다 행위되 단속하는 한편 대수분 방문한 시일들에게 작성과 대나모석가치해 분역당에 대한 홍보도 반언한다
p56_u79,p56,ce_s40,북선 북근이 봉사장은 국선을 무단 세퇴하거나 훼손마을 행위를 단속하는 한편 대수분 방문한 시일들에게 적성과 대라무석가치의 분역당에 대한 홍보도 반언한다
p56_u79,p56,ce_s80,조선 북근의 봉사장은 국순을 무단 퇴퇴하거나 훼손만다 행위의 단속하는 한편 대수분 방문한 시일들에게 작성과 대나모석가치의 분역당에 대한 홍보도 반언한다
p56_u79,p56,ce_s160,조선 제품이 봉사장은 국선을 무단 세퇴하거나 훼손하라 행위를 단속하는 한편 대수분 관문한 시일들에게 적성과 대나무석가치의 분역당에 대한 성보도 반언한다
p56_u79,p56,taps_s80,특수유 지킨이 봉사단은 급선을 무단 채취하거나 훼손한라 회를 단속하을 한편 대수포 방문한 시일들에게 중성과 대라스 가치의 중행사에 대한 행보도 방행한다
p56_u79,p56,taps_s160,특솔 지킨키이 봉사자은 중선을 무단 채취하거나 훼손한라 회를 단속하을 한편 대주포 방문한 시일들에게 조성과 대랑스 가치의 중용사에 대한 해보도 방행한다
p56_u79,p56,ce_visible,조선 북근그 봉사단은 국순을 무단 세티하거나 훼손마다 행위되 단속하는 한편 대수분 방문한 시일들에게 적성과 대나모서가치의 분영성에 대한 홍보도 반언한다
p56_u79,p56,ce_invisible,급솔 지킨이 봉사자은 급선을 무단 채취하거나 훼손라라 회를 단속하을 한편 대수포 방문한 시일들에게 조성과 대라스 가치의 중행사에 대한 해보도 방행한다
p56_u80,p56,taps,실장 돌법으로 죽선을 최체하거나 훼손한 사람을 잡발할 경우 향법 재 삼백 육십 육 조에 따라 강력하게 대처할 방침이다
p56_u80,p56,ce,신은 불법으로 조선을 최치하거나 훼손한 사람을 적발할 경우 성법 의 삼백 육실로 육조에 따라 강력하게 배턴할 방침이다
p56_u80,p56,ce_s40,지은 불법으로 조선을 최치하거나 훼손한 사람을 적발할 경우 성법 의 삼백 육실로 육조에 따라 강력하게 배턴할 방침이다
p56_u80,p56,ce_s80,지은 불법으로 조순을 폐치하거나 훼손한 사람을 적발할 경우 성법 의 상백 육십 육조에 따라 강력하게 배표할 방침이다
p56_u80,p56,ce_s160,지은 불법으로 급순을 최치하거나 훼손한 사람을 적발할 경우 성법 의 삼백 육십 육 조에 따라 강력하게 배표할 방침이다
p56_u80,p56,taps_s80,실장 돌법으로 죽선을 최체하거나 훼손한 사람을 잡발할 경우 향법 재 삼백 육십 육 조에 따라 강력하게 대처할 방침이다
p56_u80,p56,taps_s160,실장 불법으로 중선에 최체하거나 훼손한 사람을 잡발할 경우 향법 재 삼백 육십 육 조에 따라 강력하게 대처할 방침이다
p56_u80,p56,ce_visible,신은 불법으로 조선을 최치하거나 훼손한 사람을 적발할 경우 성법 의 삼백 육실로 육조에 따라 강력하게 배턴할 방침이다
p56_u80,p56,ce_invisible,실장 돌법으로 죽선을 최체하거나 훼손한 사람을 잡발할 경우 향법 재 삼백 육십 육 조에 따라 강력하게 대처할 방침이다
p56_u81,p56,taps,둑순을 퇴체하면 고고된 훼손과 고혹대 도 해당이 처벌을 받는다
p56_u81,p56,ce,낯순을 체체하면 공공대 훼손과 공공대 잘도 해당에 처벌을 받는다
p56_u81,p56,ce_s40,낯순을 체체하면 공공대 훼손과 공공대 잘도 해당에 사벌을 받는다
p56_u81,p56,ce_s80,북순을 했체하면 공공대 훼손과 공공대 잘동에 해당에 처벌을 받는다
p56_u81,p56,ce_s160,육순을 퇴체하면 공공대 훼손과 공공대 잘도의 해당에 처벌을 받는다
p56_u81,p56,taps_s80,죽순을 최체하면 고거제 훼손과 고혹대 잘도 해당이 처벌을 받는다
p56_u81,p56,taps_s160,둑순을 최체하면 고국제 훼손과 공국대 잘도 해당이 처벌을 받는다
p56_u81,p56,ce_visible,낯순을 실체하면 공공대 훼손과 공공대 잘동 해당에 처벌을 받는다
p56_u81,p56,ce_invisible,죽순을 퇴체하면 고고된 훼손과 고혹대 도 해당이 처벌을 받는다
p56_u82,p56,taps,태활은 국가정원에 데수은 테와지구와 사무지구에 형상되어 있으며 하세 완우대 냉동 우 고갑적 등 다양한 대나과 분포되어 있다
p56_u82,p56,ce,폐화은 국가정원에 발속한 테화지구와 사무지구의 환상되어 있으며 황백 가원데 냉 우두 고갑적 등 다양한 테나무가 본포되어 있다
p56_u82,p56,ce_s40,테화은 국가정원에 발속한 테화지구와 사무지구의 환상배어 있으며 황대 어원대 냉동  우두 고갑  등 다양한 테나머가 본포되어 있다
p56_u82,p56,ce_s80,테화은 국가정환에 발속한 테마지구와 사무들구에 환창되어 있으며 황대 어돼 냉욕 우두 고갑 중 다양한 테나머가 분포되어 있다
p56_u82,p56,ce_s160,폐화은 국가정원에 발속한 테화지구와 사무지구에 환상되어 있으며 황대 어원돼 냉동 우두 고갑  등 다양한 대나무가 본포되어 있다
p56_u82,p56,taps_s80,태활은 국다정원의 데속은 테와지구와 사무지구에 형상되어 있으며 세 완우대 맹동 우 고갑적 등 다양한 대나과 분포되어 있다
p56_u82,p56,taps_s160,태활은 곳다정원에 대속은 테와지구와 사무 지구에 형상되어 있으며 한문제 완우대 냉동 우 고갑적 등 다양한 대나과 분포되어 있다
p56_u82,p56,ce_visible,세화은 국가정원에 발속한 테화지구와 사무지구의 환상되어 있으며 황백 가원데 냉 우두 고갑 등 다양한 테나무가 본포되어 있다
p56_u82,p56,ce_invisible,세활은 국가정원에 데수은 테와지구와 사무지구에 형상되어 있으며 하세 완우대 냉동 우 고갑적 등 다양한 대나과 분포되어 있다
p56_u83,p56,taps,분산에서 최고 이상 당은 수성도 롯데마트 부로 제곱미터당 이백 구십 만 사 차원으로 나타났다
p56_u83,p56,ce,분천에서 최고 비상 당은 소성호용 롯데마트 부지로 제곱미터당 이백 구십 만 사차원으로 나타났다
p56_u83,p56,ce_s40,분산에서 최고 비싼 당은 소성용 롯데마트 부지로 제곱미터당 이백 구십 만 사차원으로 나타났다
p56_u83,p56,ce_s80,분산에서 최고 비싼 당은 소성공 롯데마트 부지로 제곱미터당 이백 구십 만 사타원으로 나타났다
p56_u83,p56,ce_s160,분산에서 찰고 비싼 당은 수성용 롯데마트 부지로 제곱미터당 이백 구십 만 사차원으로 나타났다
p56_u83,p56,taps_s80,분천에서 최고 이상 당은 수성도 롯데마트 부지로 제곱미터당 이백 구십 만 사 차원으로 나타났다
p56_u83,p56,taps_s160,분산에서 최고 이상 당은 순성도 롯데마트 부지로 제곱미터당 이백 구십 만 사 차원으로 나타났다
p56_u83,p56,ce_visible,분산에서 최고 비상 당은 소성호든 롯데마트 부지로 제곱미터당 이백 구십 만 사차원으로 나타났다
p56_u83,p56,ce_invisible,분산에서 최고 이상 당은 수성도 롯데마트 부지로 제곱미터당 이백 구십 만 사 차원으로 나타났다
p56_u84,p56,taps,또한 찾자가들는 일핑양 보상 리 소에 스하는 부지로 제곱미터당 이천 이백 이십 원으로 확인됐다
p56_u84,p56,ce,또한 해대 가트는 임플량 보상리 소대 송르원 부지로 제곱 미터가 이천 이백 이십 원으로 확인됐다
p56_u84,p56,ce_s40,또한 제대 가트는 임플량 보상 리 소대 성르원 부지로 제공미터가 이천 임백 이십 원으로 확인됐다
p56_u84,p56,ce_s80,또한 제대 가피는 임플량 보상리 소대 송원 부지로 제곱미터가 이천 이백 이십 원으로 확인됐다
p56_u84,p56,ce_s160,또한 최대 가는 임통량 보상리 소대 송만원 부지로 제곱 미터가 이천 이백 이십 원으로 확인됐다
p56_u84,p56,taps_s80,또한 찾자가들는 일핑양 보상 리 소에 스하원 부지로 제곱미터당 이천 이백 이십 원으로 확인됐다
p56_u84,p56,taps_s160,또한 찾자까들는 일핑양 보상 리 소에 상하한 소지로 제곱미터당 이천 이백 이십 원으로 확인됐다
p56_u84,p56,ce_visible,또한 세대 가트는 임플량 보상리 소대 송르원 부지로 제곱미터가 이천 이백 이십 원으로 확인됐다
p56_u84,p56,ce_invisible,또한 찾자가들는 일핑양 보상 리 소에 스하는 부지로 제곱미터당 이천 이백 이십 원으로 확인됐다
p56_u85,p56,taps,이 같은 사실은 이십 팔 일 공산씨가 이천 이십 이 년 일 월 일 일 기준으로 사용된 개별공시직과 결정 공부시 발표에서 밝혀졌다
p56_u85,p56,ce,이 같은 사실은 이십 팔 일 공한씨가 이천 이십 일 년 일 월 깨내 기증으로 사용된 대배 공사직과 결정 공글시 발표에서 밝혀났다
p56_u85,p56,ce_s40,이 같은 사실은 이십 팔 일 공한씨가 이천 이십 일 년 일 월 깨월 기준으로 사용된 대배 공사직과 결정 공글시 발표에서 밝혀났다
p56_u85,p56,ce_s80,이 같은 사실은 이십 팔 일 공한씨가 이천 이십 이 년 일 월 깨월 기준으로 사용된 대배 공사 직과 결정 공글시 발표에서 밝혀났다
p56_u85,p56,ce_s160,이 같은 사실은 이십 팔 일 공한씨가 이천 이십 이 년 일 월 깨월 기준으로 사용된 대배 공사직과 결정 국글시 발표에서 밝혀났다
p56_u85,p56,taps_s80,이 같은 사실은 이십 팔 일 금산시가 이천 이십 이 년 일 월 일 일 기준으로 사용된 개별 공시직과 결정 공부시 발표에서 밝혀졌다
p56_u85,p56,taps_s160,이 같은 사실은 이십 팔 일 금산시가 이천 이십 이 년 일 월 일 일 기준으로 사용된 개별 공시직과 결정 공부시 발표에서 밝혀졌다
p56_u85,p56,ce_visible,이 같은 사실은 이십 팔 일 공한씨가 이천 이십 일 년 일 월 깨내 기증으로 사용된 대배 공사직과 결정 공글시 발표에서 밝혀났다
p56_u85,p56,ce_invisible,이 같은 사실은 이십 팔 일 공산씨가 이천 이십 이 년 일 월 일 일 기준으로 사용된 개별공시직과 결정 공부시 발표에서 밝혀졌다
p56_u86,p56,taps,십 구월 삼천 이백 삼십 이 필질를 배상으로 시행된 개별시 재가은 터재 관련 걱생이 지방세와 각정 부담금 총액 구차자료로 하용된다
p56_u86,p56,ce,십구만 삼천 이백 삼십 이 필제을 배상으로 세액을된 개별구세 일가는 토재 관련 국생이 지방세와 각종 보단금을 통해 구토자료로 활용된다
p56_u86,p56,ce_s40,십근만 삼천 이백 삼십 이 필제을 배상으로 세액을된 개별구세 일가는 토대 관련 국생이 지방세와 각종 보담금을 통해 구토달료로 활용된다
p56_u86,p56,ce_s80,십근만 삼천 이백 삼십 이 필제을 배상으로 세액을된 개배구세 비가는 토대 관련 국생이 지방세와 각종 보담금을 통해 구토달료로 활용된다
p56_u86,p56,ce_s160,특근만 삼천 이백 삼십 이 필제를 배상으로 세액을된 배별 구세 비가는 포재 관련 국생이 지방세와 각종 보상금을 통해 구토달료로 활용된다
p56_u86,p56,taps_s80,십 구월 삼천 이백 삼십 이 필지를 배상으로 시행된 개별공시 재가은 터재 관련 국생이 지방세와 각정 부담금 총액 구차자료로 활용된다
p56_u86,p56,taps_s160,십 구월 삼천 이백 삼십 이 필질를 배상으로 시행된 개별공시재가은 터재 관련 걱생이 지방세와 각정 부담금 총액 구쳐자료로 활용된다
p56_u86,p56,ce_visible,십구만 삼천 이백 삼십 이 필제를 배상으로 세액을된 개별구세 일가는 토재 관련 국생이 지방세와 각종 보단금을 통해 구토자료로 활용된다
p56_u86,p56,ce_invisible,십 구월 삼천 이백 삼십 이 필질를 배상으로 시행된 개별시 재가은 터재 관련 걱생이 지방세와 각정 부담금 총액 구차자료로 하용된다
p56_u87,p56,taps,신장 발전된 집가를 시장  면소 중위센터 부동산 고시가가 갈리이 사이트를 통해 제공한다
p56_u87,p56,ce,신용발동된 기가를 시탄 음면소 중회센터 보동산 시가격 관리이 사이트를 통해 대공한다
p56_u87,p56,ce_s40,신용발경된 기가를 시탄 면동 중인센터 부동산 시가격 관리이 사이트를 통해 제공한다
p56_u87,p56,ce_s80,소용결정된 기가를 시탄 면 준리터 보동산 시가격 관리이 사이트를 통해 대공한다
p56_u87,p56,ce_s160,심용발정된 빗가를 십탄 음면 중회센터 부동산 시가격 관리이 사이트를 통해 제공한다
p56_u87,p56,taps_s80,신장 발전된 집가를 시장 육 면소 중위센터 부동산 고시가격 갈리이 사이트를 통해 제공한다
p56_u87,p56,taps_s160,신장 발전된 집가를 시장  면소 중위센터 부동산 고시가격 갈리이 사이트를 통해 제공한다
p56_u87,p56,ce_visible,신용발정된 기가를 시탄 면 중회센터 부동산 시가격 관리이 사이트를 통해 대공한다
p56_u87,p56,ce_invisible,신장 발전된 집가를 시장  면소 중위센터 부동산 고시가가 갈리이 사이트를 통해 제공한다
p56_u88,p56,taps,미가 이가 이은 토지소유장은 오는 오 월 삼십 일까지 시장 퍼재 정보과 연동 중위센터에서 이 신청을 받는다
p56_u88,p56,ce,국가 위기가 이날 토지소유단은 오는 오 월 삼십 일까지 새정 토대정보과 음연동 중일센터에서 이미실상을 받는다
p56_u88,p56,ce_s40,국가 용미가 이날 토지서유자은 오는 오 월 삼십 일까지 새정 토대정보과 육명동 중일센터에서 이미 실상을 받는다
p56_u88,p56,ce_s80,국가 미가 이는 토지소유단은 오는 오 월 삼십 일까지 새정 토대정보과 명동 중일센터에서 이미 실상을 받는다
p56_u88,p56,ce_s160,국가 위미가 이는 토지소유자는 오는 오 월 삼십 일까지 새정 토대정보과 음명동 중일센터에서 이미 실상을 받는다
p56_u88,p56,taps_s80,즉가 이가 이은 토지소유자는 오는 오 월 삼십 일까지 시장 퍼재 정보과 연도 중위센터에서 이 신청을 받는다
p56_u88,p56,taps_s160,즉가 이가 이른 토지소유장은 오는 오 월 삼십 일까지 시장 퍼재 정보과 연동 중위센터에서 이 신청을 받는다
p56_u88,p56,ce_visible,국가 위기가 이날 토지소유단은 오는 오 월 삼십 일까지 새청 토대정보과 음연동 중일센터에서 이미실상을 받는다
p56_u88,p56,ce_invisible,미가 이가 이은 토지소유장은 오는 오 월 삼십 일까지 시장 퍼재 정보과 은연동 중위센터에서 이 신상을 받는다
p56_u89,p56,taps,이 실상서가 제출된 토지영 국토 교통부 지장 감정상가사에 정부에 검정을 거친다
p56_u89,p56,ce,이 심상사가 제출된 토지나 국포 교토우지장 감정상가사의 정밀 검정할 거친다
p56_u89,p56,ce_s40,의 심상사가 제출된 토지나 국포 교토보시장 감정상가사의 정물 검정할 거친다
p56_u89,p56,ce_s80,이 심상사가 제출된 토지나 국포 교토보수장 감정상가사의 장밀 검정할 거친다
p56_u89,p56,ce_s160,이 심상사가 제출된 토지은 국포 교토보사장 감정상가사의 장밀 검정할 거친다
p56_u89,p56,taps_s80,이 실상서가 제출된 토지영 국토 교토부 지장 감정상가사에 정부에 검정을 거친다
p56_u89,p56,taps_s160,이 실상서가 제출된 토지은 국토 교통부 지장 감정상가사에 장부 검정을 거친다
p56_u89,p56,ce_visible,이 심상사가 제출된 토지나 국포 교토우지장 감정 상가사의 정밀 검정할 거친다
p56_u89,p56,ce_invisible,이 실상서가 제출된 토지영 국토 교토부 지장 감정상가사에 정부에 검정을 거친다
p56_u90,p56,taps,현례에서 토재특상 상세 하긴 후 부동산 가약 구십위원회의 시의 절차를 발파 오는 유 월 이십 참매까지 차례후 결과를 개별 통제된다
p56_u90,p56,ce,현대에가 포제폭상말 상세 화용후 보동상 가격 공식위원회의 승위 절차를 발파오는 유 월 이 세 탄맥까지 차례호 결과를 대별 풍제된다
p56_u90,p56,ce_s40,현대에서 포제폭상을 상세 화교후 고보동상 가격 공식위원회의 세위 절차를 발파 오는 유 월 이 세 탄맥까지 차리로 결과를 대별 품제된다
p56_u90,p56,ce_s80,현대에가 포대폭상활 상세 화교후 보동상 가격 공식위원회의 승임 절차를 발라 오는 유 월 이 세 탄맥까지 차리로 결과를 대별 품배된다
p56_u90,p56,ce_s160,현대에서 포대폭생물 상세 화교후 부동상 가격 공식위원회의 승임 절탄을 발파 오는 유 월 이 세 사여까지 차례호 결과를 대별 품배된다
p56_u90,p56,taps_s80,현대에서 토재 특상을 상세 하긴 후 부동산 가격 구십위원회의 시의 절차를 발과 오는 유 월 이십 참여까지 차례후 결과를 개별 통제된다
p56_u90,p56,taps_s160,현대에서 토재특상을 상세 하진 후 부동산 가약 공십위원회의 시의 절차를 발파 오는 유 월 이십 참여까지 차리후 결과를 개별 통제된다
p56_u90,p56,ce_visible,현대에가 포제폭상말 상세 화용후 보동상 가격 공식위원회의 승위 절차를 발파오는 유 월 이 세 탄매까지 차례호 결과를 대별 풍제된다
p56_u90,p56,ce_invisible,현례에서 토재특상 상세 하긴 후 부동산 가약 구십위원회의 시의 절차를 발파 오는 유 월 이십 참매까지 차례후 결과를 개별 통제된다
p56_u91,p56,taps,분라시 터지정보과 김장수 과장은 시일일 재산과 밀적된 만큼 시일일의 의견 상치와 수람에 만전에 기하겠다고 말했다
p56_u91,p56,ce,부한 실터드정북과 김정수 과장은 시민들의 배상과 일접한 만큼 시들의 은던 상치와 사야을 만전에 하겠다고 말했다
p56_u91,p56,ce_s40,부한 실터드정보과 김정습 과장은 시민들의 배상과 밀접된 만큼 시들의 은던 상청와 수람을 만전에 하겠다고 말했다
p56_u91,p56,ce_s80,부한 일커드정보과 김정수 과정은 시민들의 배상과 밀접된 만큼 시민들의 의견 상치원 수람에 만전에 비하겠다고 말했다
p56_u91,p56,ce_s160,군한 일커지정북과 김당수 과장은 시민들의 대상과 밀접된 만큼 시민들의 의견 상치원 수야에 만전에 하겠다고 말했다
p56_u91,p56,taps_s80,본라시 터지정보과 김장석 과장은 시일 재산과 밀접된 만큼 시헤일의 의견 상치와 수람에 만전에 기하겠다고 말했다
p56_u91,p56,taps_s160,문란시 터지정보과 김장석 과장은 시일일 재산과 밀적된 만큼 시일일의 의견 상치와 수렴에 만전에 기하겠다고 말했다
p56_u91,p56,ce_visible,부한 실터지정부과 김정수 과장은 시민들의 배상과 밀접한 만큼 시들의 은던 상치와 수야에 만전에 하겠다고 말했다
p56_u91,p56,ce_invisible,분라시 터지정보과 김장수 과장은 시일일 재산과 밀적된 만큼 시일일의 의견 상치와 수람에 만전에 기하겠다고 말했다
p56_u92,p56,taps,앞으로 근러자 스스로 일하는 시간이나 장소를 탄략적으로 도정할 수 있게 돼 전망이다
p56_u92,p56,ce,앞으로 근러자 수스로 일하는 시간이나 당소를 탄력적으로 도정할 수 있게 돼 전망이다
p56_u92,p56,ce_s40,앞으로 근러자 수스로 일하는 시간이나 당소를 탄력적으로 도정할 수 있게돼 전망이다
p56_u92,p56,ce_s80,앞으로 근러자 수스로 일하는 시간이나 당소를 탄협적으로 도정할 수 있게 돼 전망이다
p56_u92,p56,ce_s160,앞으로 근러자 수스로 일하는 시간이나 당소를 탄력적으로 도정할 수 있게 돼 전망이다
p56_u92,p56,taps_s80,앞으로 근러자 스스로 일하는 시간이나 장소를 타략적으로 도정할 수 있게 된 전망이다
p56_u92,p56,taps_s160,앞으로 근러자 스스로 일하는 시간이나 장소를 탄략적으로 조정할 수 있게 돼 전망이다
p56_u92,p56,ce_visible,앞으로 근러자 수스로 일하는 시간이나 당소를 탄력적으로 도정할 수 있게 돼 전망이다
p56_u92,p56,ce_invisible,앞으로 근러자 스스로 일하는 시간이나 장소를 탄략적으로 도정할 수 있게 돼 전망이다
p56_u93,p56,taps,당부는 십 육 일 장부 사울 참사에서 관계부터 장관 합동 브리핑은 열고 이 같은 내용 단기 새장부 강제정책 가안을 발표했다
p56_u93,p56,ce,당부는 생 육 일 경부 서울창사에서 관계부터 단관 합동 브리핑을 열고 이 같은 내용이 담긴 새정본 경제정책 방함을 발표했다
p56_u93,p56,ce_s40,당부는 생 육 일 경부 서울창사에서 관계부터 단관 합변 브리핑을 열고 이같은 내용이 담긴 새경부 경제단책 방함을 발표했다
p56_u93,p56,ce_s80,당부는 생 육 일 경부 서울창사에서 관계부터 단관 합변 브리핑을 열고 이 같은 내용이 담긴 새경부 경제단색 방함을 발표했다
p56_u93,p56,ce_s160,당부는 십 육 일 경부 서울창사에서 관계부터 단관 합동 브리핑을 열고 이 같은 내용이 담긴 새정본 경제단색 방함을 발표했다
p56_u93,p56,taps_s80,장부는 십 육 일 장부 사울 참사에서 관계부터 장관 합동 브리핑은 열고 이 같은 내용 단기 새장부 강제정책단안을 발표했다
p56_u93,p56,taps_s160,장부는 십 육 일 장부 사울 참사에서 관계부터 장관 학동 브리핑은 열고 이 같은 내용 단기 새장부 강제자책 가함을 발표했다
p56_u93,p56,ce_visible,당부는 생 육 일 경부 서울창사에서 관계부터 단관 합동 브리핑을 열고 이 같은 내용이 담긴 새정본 경제단책 방함을 발표했다
p56_u93,p56,ce_invisible,당부는 십 육 일 장부 사울 참사에서 관계부터 장관 합동 브리핑은 열고 이 같은 내용 단기 새장부 강제정책 단안을 발표했다
p56_u94,p56,taps,뉴석의 정부는 극별하는 노동시장 한경에 맞춰 그동안 자인트 시스로 해일적이였던 근로 시간을 개편하겠다는 방침이다
p56_u94,p56,ce,일사의 정부는 급변하는 노동시장 환경을 맞춰 그동안 라인트직스로 해킬경기여던 그로 시간을 개편하겠다는 방침이다
p56_u94,p56,ce_s40,인사의 부는 급변하는 노동시장 환경을 맞춰 그동안 라인트텍스로 해킬경기여던 그로 시간을 개편하겠다는 방침이다
p56_u94,p56,ce_s80,이사의 부는 급변하는 노동시장 환경을 맞춰 그동안 라이트직스로 횡킬경기여던 근로 시간을 개편하겠다는 방침이다
p56_u94,p56,ce_s160,인사의 정부는 급변하는 노동시장 환경을 맞춰 그동안 라인트직스로 해킬경기여던 근로시간을 개편하겠다는 방침이다
p56_u94,p56,taps_s80,뉴석의 정부는 극별하는 노동시장 한정에 맞춰 그동안 자인트 시스로 해계적이었던 근로 시간을 개편하겠다는 방침이다
p56_u94,p56,taps_s160,뉴석의 정부는 급별하는 노동시장 한상에 맞춰 그동안 자인트 시스로 해계택이없던 근로 시간을 개편하겠다는 방침이다
p56_u94,p56,ce_visible,일사의 정부는 급변하는 노동시장 환경을 맞춰 그동안 라인트직스로 해킬경기였던 그로 시간을 개편하겠다는 방침이다
p56_u94,p56,ce_invisible,뉴석의 정부는 극별하는 노동시장 한정에 맞춰 그동안 자인트 시스로 해일적이였던 근로 시간을 개편하겠다는 방침이다
p56_u95,p56,taps,먼저 기존과 같이 주 오십 이 시간제트에서 이형 글로의 활성화를 추진하는 등 은영당법과 이양수단을 사차 계선하기로 했다
p56_u95,p56,ce,먼저 비종과 같은 이출 오십 이 세간대트에서 일형 글로대 활성화를 추사하는 등 우영방법과 이용수단을 사탄 절사하기로 했다
p56_u95,p56,ce_s40,먼저 기종과 같은 이주 오십 이 세간대크에서 일형 글로된 활성화를 추사하는 등 우영방법과 이용수단을 사탄 발상하기로 했다
p56_u95,p56,ce_s80,먼저 비종과 같은 이주 오십 이 세간대크에서 일형 글로대 활성화를 추사하는 등 우영방법과 이용수단을 사탄 발사하기로 했다
p56_u95,p56,ce_s160,먼저 비종과 같은 출 오십 이 세간대크에서 이영 글로대 활성화를 추사하는 등 우영방법과 이용수단을 사탄 배사하기로 했다
p56_u95,p56,taps_s80,먼저 기존과 같이 주 오십 이 시간제트에서 이형 글로을 활성화를 추진하는 등 은영당법과 이양수단을 차차 계선하기로 했다
p56_u95,p56,taps_s160,먼저 기존과 같이 주 오십 이 시간제트에서 이형 글로을 활성화를 추진하는 등 은영당법과 이양수단을 차차 계선하기로 했다
p56_u95,p56,ce_visible,먼저 비종과 같은 이출 오십 이 세간대크에서 일형 글로대 활성화를 추색하는 등 우영방법과 이용수단을 사탄 가산하기로 했다
p56_u95,p56,ce_invisible,먼저 기존과 같이 주 오십 이 시간제트에서 이형 글로을 활성화를 추진하는 등 은영당법과 이양수단을 사차 계선하기로 했다
p56_u96,p56,taps,이를 위해 초부 연장 근로시간을 자축착하는 글로시간 저착 대자들 도입을 추진하고 연장 근로시간 총명화 관리하는 당일 학대에 나선다
p56_u96,p56,ce,이를 위해 초와 연장 근로시간을 자축하는 글루시간 보특 계좌의 보입을 추진하고 연 교룹세간 총량을 관리하는 단일 학대에 나온다
p56_u96,p56,ce_s40,이를 위해 초와 연전 근로시간을 자축하는 글로시간 더특계좌의 보입을 추진하고 연장 교룹세간 총량을 관리하는 단일 학대에 나온다
p56_u96,p56,ce_s80,이를 위해 초와 연전 근로시간을 저축하는 글루시간 보특계좌의 보입을 추진하고 연장 교절세간 총량을 관리하는 단일 확대에 나온다
p56_u96,p56,ce_s160,이를 위해 초와 연장 근로시간을 저축하는 글루시간 저계좌의 보입을 추진하고 연장 교룹세간 총량을 관리하는 단일 학대에 나온다
p56_u96,p56,taps_s80,이를 위해 초가 연장 근로시간을 자축하는 글루시간 저착 대자들 도입을 추진하고 연장 근로시간 총명화 관리하는 당일 학대에 나선다
p56_u96,p56,taps_s160,이를 위해 초가 연장 근로시간을 자축하는 글로시간 저착 대자들 도입을 추진하고 연장 근로시간 총명화 관리하는 단일 학대에 나선다
p56_u96,p56,ce_visible,이를 위해 초와 연장 근로시간을 자축하는 글루시간 보특 계좌의 보입을 추진하고 연 교룹세간 총량을 관리하는 단일 학대에 나온다
p56_u96,p56,ce_invisible,이를 위해 초부 연장 근로시간을 자축착하는 글루시간 저착 대자들 도입을 추진하고 연장 근로시간 총명화 관리하는 당일 학대에 나선다
p56_u97,p56,taps,예를 들어 오늘 다섯 시간 근모했다면 내일 열 시간하는 식으로 주 오십 이 시간내에서 인연하게 일할 수 있게 되는 셈이다
p56_u97,p56,ce,예를 들어 오늘 다섯 시간 근모했다면 내일 열 시간 하는식으로 두 오십 이시간 내에서 일년하게 일할 수 있게 되는 셈이다
p56_u97,p56,ce_s40,예를 들어 오늘 다섯 시간 근모했다면 내일 열 시간 하는식으로 두 오십 이시간 내에서 일년하게 일할 수 있게 비는 셈이다
p56_u97,p56,ce_s80,예를 들어 오늘 다섯 시간 근무했다면 내일 열 시간 하는식으로 두 오십 이시간 내에서 일년하게 일할 수 있게 보는 셈이다
p56_u97,p56,ce_s160,예를 들어 오늘 다섯 시간 근모했다면 내일 열 시간 하는식으로 그 오십 이시간 내에서 일년하게 일할 수 있게 보는 셈이다
p56_u97,p56,taps_s80,예를 들어 오늘 다섯 시간 근무했다면 내일 열 시간하는 식으로 주 오십 이 시간 내에서 일연하게 일할 수 있게 되는 셈이다
p56_u97,p56,taps_s160,예를 들어 오늘 다섯 시간 근무했다면 내일 열 시간하는 식으로 주 오십 이 시간내에서 인연하게 일할 수 있게 되는 셈이다
p56_u97,p56,ce_visible,예를 들어 오늘 다섯 시간 근모했다면 내일 열 시간 하는식으로 두 오십 이시간 내에서 일년하게 일할 수 있게 되는 셈이다
p56_u97,p56,ce_invisible,예를 들어 오늘 다섯 시간 근모했다면 내일 열 시간하는 식으로 주 오십 이 시간내에서 인연하게 일할 수 있게 되는 셈이다
p56_u98,p56,taps,또 장부는 선택적 으로 시간제 장산 기관도 늘려 이용 클로제 확산에 나서겠다는 계획이다
p56_u98,p56,ce,또 당부는 헌백적 으로 시간대 방산 기관도 늘려 일용 교조될 확건에 나서겠다는 계획이다
p56_u98,p56,ce_s40,또 당부는 헌백적 불로 시간대 방산 기관도 늘려 이용 교조될 확산에 나서겠다는 대획이다
p56_u98,p56,ce_s80,또 당부는 헌백적 그로 시간대 방산 기관도 늘려 이용 교조제 확산에 나서겠다는 계획이다
p56_u98,p56,ce_s160,또 당부는 헌백적 그로 시간대 방상 기관도 늘려 이용 구조제 확산에 나서겠다는 계획이다
p56_u98,p56,taps_s80,또 장부는 선택적 으로 시간들 장산 기관도 늘려 이용 글로제 확산에 나서겠다는 계획이다
p56_u98,p56,taps_s160,또 당부는 선백적 으로 시간들 장산 기관도 늘려 이용 그로제 확산에 나서겠다는 계획이다
p56_u98,p56,ce_visible,또 당부는 선백적 으로 시간대 방산 기관도 늘려 이용 교조될 확산에 나서겠다는 계획이다
p56_u98,p56,ce_invisible,또 장부는 선백적 으로 시간제 장산 기관도 늘려 이용 클로제 확산에 나서겠다는 계획이다
p56_u99,p56,taps,카트럼이나 전문직의 근로시간 운영에 대한 엔른 사안도 해소하겠다고 정부 측은 설명했다
p56_u99,p56,ce,카트법이나 전문들의 그러시간 운영을 대한 에로 사용도 해결하겠다고 정부 측은 설명했다
p56_u99,p56,ce_s40,카통법이나 전문에의 그러수간 운량에 대한 에로 사용도 해관하겠다고 정부 측은 설명했다
p56_u99,p56,ce_s80,답통법이나 전문에게 그로 시간 운영에 대한 에로 사용도 해동하겠다고 정부 측은 설명했다
p56_u99,p56,ce_s160,카통법이나 전문에게 그루 시간 운영에 대한 에로 사도 해결하겠다고 정부 측은 설명했다
p56_u99,p56,taps_s80,카트업이나 전문직의 근로시간 운량에 대한 엔른 사안도 해손하겠다고 정부 측은 설명했다
p56_u99,p56,taps_s160,타트합이나 전문직의 근로시간 운영에 대한 엔로 사람도 해소하겠다고 정부 측은 설명했다
p56_u99,p56,ce_visible,카통법이나 전문들의 그러시간 운영에 대한 에로 사용도 해결하겠다고 정부 측은 설명했다
p56_u99,p56,ce_invisible,카트럼이나 전문직의 근로시간 운영에 대한 엔른 사안도 해소하겠다고 정부 측은 설명했다
