utt,spk,cond,hyp
p00_u00,p00,taps,사진은키를오시민들이안전하게대중교통을이용하기위해대중교통혼례도안정관리대출회의를열고선택장범해놨었다.
p00_u00,p00,ce,그래오시민들이안전하게배중교통을이용하기위해대중교통혼합도안정관리배터리를열고평택견이나왔었다.
p00_u00,p00,ce_s40,그게오시민들이안전하고배중을이용하기위해대중교통혼날도안정관리배터리를열고선택장갑에나왔었다.
p00_u00,p00,ce_s80,그래오손님들이안전하고배중교통을이용하기위해배중교통혼날도안정관리배정쓰일을열고나왔었다.
p00_u00,p00,ce_s160,그래오시민들이안전하게배중교통을이용하기위해대중교통혼합도안정관리대표수의를열고선택장갑에나왔었다.
p00_u00,p00,taps_s80,그사진은키를오시민들이안전하게대중교통을이용하기위해대중교통혼례도안정관리대출회의를열고선택장범해나서.
p00_u00,p00,taps_s160,그사진은키를오시민들이안전하게대중교통을이용하기위해대중교통혼례도안정관리대출회의를열고선택장범해나서.
p00_u00,p00,ce_visible,그래오시민들이안전하고배중교통을이용하기위해대중교통혼합도안정관리대표일을열고평택견이나왔었다.
p00_u00,p00,ce_invisible,사진은키를오시민들이안전하게대중교통을이용하기위해대중교통혼례도안정관리대출회의를열고선택장범해나서.
p00_u01,p00,taps,"인나스위는 C상교통공사키네마을버스운송, 4업, 조합이미삼성회에안전샀고추진상황이안전관리는함께못했겠다."
p00_u01,p00,ce,안전인강
p00_u01,p00,ce_s40,안전한건지안하고있는데
p00_u01,p00,ce_s80,한백안전공도안전관리안되고
p00_u01,p00,ce_s160,한백강안
p00_u01,p00,taps_s80,"인하수위는 C 문화상교통공사끼네마을버스운송, 4억조합운이삼성페이안전샀고추진상황이안전관리방황을함께못했겠다."
p00_u01,p00,taps_s160,"인라인은시부상교통공사끼네마을버스우승, 4업조합이미삼성계안전샀고추진상한전공과안전관리못했겠다."
p00_u01,p00,ce_visible,안전인강
p00_u01,p00,ce_invisible,"인나스위는 C상교통공사피내마을버스운송, 4억조합이미삼성회의안전샀고추진상황이안전관리는함께못했겠다."
p00_u02,p00,taps,도시철도는정원 120명인 3탄사랑에 180명이 3층에했을경우혼자판상태로승무원의관리가필요하다.
p00_u02,p00,ce,독일도는영환 12 팀명인긍까한판에백팔십명의탐했을병으로인까한국에관리가필요하다.
p00_u02,p00,ce_s40,우리쪽은영환 12 하여튼명으로인증에발로가필요하대.
p00_u02,p00,ce_s80,우리쪽은영환 12겜명인중뜬금이백팔십명의땀빼쓸병으로인증 3개로승무원에관리가필요하대.
p00_u02,p00,ce_s160,도시쪽은영환백일임명인긍까한사랑해백팔십명의땅빼쓸병으로혼자간에관리가필요하다.
p00_u02,p00,taps_s80,도시철도는정원 120명인 3탄사람에 180 했을경우혼자판상태로승무원의관리가필요하다.
p00_u02,p00,taps_s160,도시철도는정원 120 명인상칸사랑에 180명이 3층에있을경우혼잡한상태로승무원의관리가필요하다.
p00_u02,p00,ce_visible,일단은명환 12 팀명인긍까한판에백팔십명의탐했을병으로인까한국에관리가필요하다.
p00_u02,p00,ce_invisible,도시철도는정원 120명인 3탄사랑에 180명이 3층에했을경우혼자판상태로승무원의관리가필요하다.
p00_u03,p00,taps,수산은출퇴근시간최대순간손잡고가 120 퍼센트네비수준으로수족관달리승차이크게어려움을섞지않는수준에서안전하게관리되고있다.
p00_u03,p00,ce,꿀백원씩은뜨대  중간에손잡고 120 퍼센트네배  기준으로무조건가달리풍딸크게어려움을겪지않는  꾸준해서안전하게관리되고있다.
p00_u03,p00,ce_s40,꿀백시간때순간한적조가 128으로무조건가리풍차이크게어려움을겪지않는  꾸준해서안전하게관리되고있다.
p00_u03,p00,ce_s80,도달지는그퇴근시간최대순간혼자백이십퍼센트네배  기준으로무조건가리풍차그게어려움을겪지않는  꾸준해서안전하게관리되고있다.
p00_u03,p00,ce_s160,도달이는꿀시간때순간손잡고 120 퍼센트네배준으로무조건가달리풍차이크게어려움을겪지않는표정해서안전하게관리되고있다.
p00_u03,p00,taps_s80,부산은출퇴근시간최대순간손잡고 120 퍼센트네비수준으로수족관달리승차이크게어려움을받지않는수준에서안전하게관리되고있다.
p00_u03,p00,taps_s160,부산은출퇴근시간최대순간손잡고가 120 퍼센트네비수준으로수족관달리승차이크게어려움을겪지않는수준에서안전하게관리되고있다.
p00_u03,p00,ce_visible,꿀백원씩은뜨대  중간에손톱에 120 퍼센트네배  기준으로무조건가달리풍딸크게어려움을겪지않는꾸준해서안전하게관리되고있다.
p00_u03,p00,ce_invisible,수산은출퇴근시간최대순간손잡고가 120 퍼센트네비수준으로수족관달리승차이크게어려움을섞지않는수준에서안전하게관리되고있다.
p00_u04,p00,taps,RT는최근 PTS 공연과같이일시적으로혼잡도상송히예상되는행사는진짜추가입무정차운행으로혼잡도를해서하기로했다.
p00_u04,p00,ce,우리는퇴근 PPS 공연하는데유비적으로혼자저상품이예상되는행사는진짜쭈각그무정사운행방으로혼자하기로했다.
p00_u04,p00,ce_s40,우리는퇴근 PPS 공연하는데삐적으로혼자저상품이예상되는행사는인자쭈그우정차운행으로혼잣말도해수하기로했다.
p00_u04,p00,ce_s80,우리는퇴근  BPS 공연하는데혼잡줘상품이예상되는행사는진짜쭈그리우정차운행으로혼잡도를해서하기로했다.
p00_u04,p00,ce_s160,우리는퇴근 EPS 공연광왔지꾸삐적으로혼잡도상품이예상되는행사는진짜쭈가그무정자운행방으로혼잡도를해서하기로했다.
p00_u04,p00,taps_s80,RT는최근  BTS 공연봐같이일시적으로혼잡도상승이예상되는행사는진짜추가입무덤차운행으로혼잡도를해서하기로했다.
p00_u04,p00,taps_s160,RT는최근 PTS 공연과같이일시적으로혼잡도상승이예상되는행사는진짜추가입우정차운행으로혼잣말을해서하기로했다.
p00_u04,p00,ce_visible,우리는핵은 PPS 공연하는데유비적으로혼자저상품이예상되는행사는인자추가입무경사운행방으로혼자하기로했다.
p00_u04,p00,ce_invisible,RT는최근 PTS 공연과같이일시적으로혼잡도상송히예상되는행사는진짜추가입무정차운행으로혼잡도를해서하기로했다.
p00_u05,p00,taps,"또현재운영되고있는부산교통공사, 운행관제현장유치메뉴얼든발연유를잡는재검정에안정관리를기속적으로해나갈방식이다."
p00_u05,p00,ce,또현대운영되고있는공양관데현장그쪽메뉴얼드메뉴얼담당배경에만든관리를해나갈방법이있어.
p00_u05,p00,ce_s40,또현대운영되고있는우선교통공급운영관데현장그쪽메뉴얼드알림메뉴를업는백업점에안정관리를해나갈방법이돼.
p00_u05,p00,ce_s80,또현대운영되고있는무당교통공개운행관쟁한장그쪽메뉴얼드관련메뉴를입는백업점에안정관리를해나갈방법이돼.
p00_u05,p00,ce_s160,또현대운영되고있는무당교통공양광대현장그쪽메뉴얼둥메뉴를면은배경에완전관리를해나갈게임이돼.
p00_u05,p00,taps_s80,"또현재운영되고있는부산교통공사, 운행관에현장유치메뉴얼든관련매뉴얼잡는재검정에안정관리를기속적으로해나갈방식이다."
p00_u05,p00,taps_s160,"또현재운영되고있는부산교통공사, 운행관제현장교체메뉴얼든발연을접는재검정에안정관리를기속적으로해나갈방키이다."
p00_u05,p00,ce_visible,또현대운영되고있는운행메뉴얼드메뉴얼담당백업팀에만든관리를해나갈방법이있어.
p00_u05,p00,ce_invisible,"또현재운영되고있는부산교통공사, 운행관제현장유치메뉴얼든발연을접는재검정에안정관리를기속적으로해나갈방식이다."
p00_u06,p00,taps,시내마을버스는출퇴근시간때일부노선을제외하고는대부분에노선이혼적도가현재는승아차의어려움없이안전하게발리되고있다.
p00_u06,p00,ce,희네마을버스는  쪼금기간때일본노선을교회하고는일본의노선이혼자의어려우마이안전하게관리되고있잖아.
p00_u06,p00,ce_s40,옛날마을바때는찍은기간때일본노선을교회는일본에노선이혼자의어려워닝안전하게되고있지.
p00_u06,p00,ce_s80,희네마을바때는찍은기간때일부노선을교회하고는일본의노선이혼자가낮아현재는혼합사에어려워닝안전하게관리되고있지.
p00_u06,p00,ce_s160,희네마을박스는퇴근시간기간때일부노선을결제하고는일부분의노선이혼자가낮아현재는홍합탕에어려우기안전하게관리되고있다.
p00_u06,p00,taps_s80,시내마을버스는출퇴근시간때일부노선을제외하고는대부분에노선이혼자가낮아. 현재는승아차의어려움없이안전하게관리되고있다.
p00_u06,p00,taps_s160,시내마을버스는출퇴근시간때일부노선을제외하고는대부분에노선이혼자가낮아. 현재는승아차의어려움없이안전하게관리되고있다.
p00_u06,p00,ce_visible,희네마을버스는곤인간때일본노선을교회하고는일본의노선이혼자의어려우마이안전하게관리되고있잖아.
p00_u06,p00,ce_invisible,시내마을버스는출퇴근시간때일부노선을제외하고는대부분에노선이혼적도가현재는승아차의어려움없이안전하게발리되고있다.
p00_u07,p00,taps,앞으로찐애 203년하반기중하차그의무제를도입해. 버스네제사인원정도를파악해. 팝은인원을실시간수집할계획이다.
p00_u07,p00,ce,앞으로 20 남긴하반기론한자빼고의무적으로대단이런방법이런얘기.
p00_u07,p00,ce_s40,앞으로 20년하반기론한자빼고의무적으로이승이런얘기.
p00_u07,p00,ce_s80,앞으로있던하반기동안뜨고의무를이응.
p00_u07,p00,ce_s160,앞으로있던하반기론한자빼고의무적으로이합성이런데.
p00_u07,p00,taps_s80,앞으로키는 203년하반기중하차그의무제를도입해. 버스네제 4차인원정도를파악해. 팝송인원을실시간수집할계획이다.
p00_u07,p00,taps_s160,앞으로찐 3년하반기중하차배그의무제를도입해. 버스네제 4차인원정도를파악해. 팝은인원을실시간수집할계획이다.
p00_u07,p00,ce_visible,앞으로 20년하반기론한자빼고의무적으로대단이런방법이런얘기.
p00_u07,p00,ce_invisible,앞으로찐애 203년하반기중하차그의무제를도입해. 버스네제사인원정도를파악해. 팝은인원을실시간수집할계획이다.
p00_u08,p00,taps,1월통에버스네혼잡도정보를뻐스정보안내기스마트폰등을통에이용시민들에게제공한계획이다.
p00_u08,p00,ce,1월중에버스네혼자권등을  중에미용실인데공할계획이다.
p00_u08,p00,ce_s40,일월중에버스네혼자권등을  중에미용심인데공할계획이다.
p00_u08,p00,ce_s80,일월중에버스네혼자정보를뻐스정도안내기원등을  중에미용심인데그대공할계획이다.
p00_u08,p00,ce_s160,일월중에버스네혼자권등울증에미용심인들에게배구할계획이다.
p00_u08,p00,taps_s80,1월통에버스네혼잡도정보를뻐스정도안내기스마트폰등을통해이용시민들에게제공한계획이다.
p00_u08,p00,taps_s160,1월통에버스네혼잡도정보를뻐스정도안내기스마트폰등을통해이용시민들에게제공한계획이다.
p00_u08,p00,ce_visible,일월중에버스네혼자권등을  중에미용실인데공할계획이다.
p00_u08,p00,ce_invisible,1월통에버스네혼잡도정보를뻐스정보안내기스마트폰등을통해이용시민들에게제공한계획이다.
p00_u09,p00,taps,"원주시는 19일오후조면 4년이 7분캐육공원에서섬광, 가장나무숲어"
p00_u09,p00,ce,원준비는 19일오호두면한양이흥봉원에서황당과장나무그레깅스했다.
p00_u09,p00,ce_s40,원준은 19일오호두면한양이활봉테고만해서화분당가량나무그레줄계통을해따.
p00_u09,p00,ce_s80,원준은 19일오호러메한양이활봉테도공원에서황당가장나무그내길가정을해다.
p00_u09,p00,ce_s160,원주비는입구에오호며한양이활봉테고공원에서황당과장나무숲을빼떠.
p00_u09,p00,taps_s80,"원주시는 19일오후조면사연이일본테6 공원에서성강, 자장나무숲행어."
p00_u09,p00,taps_s160,원주시는 19일오후조면 4년이 7분캐육공원에서성강다장나무숲어
p00_u09,p00,ce_visible,원준비는 19일오호두면한양이흥분해요공원에서황당과장나무그레깅스했다.
p00_u09,p00,ce_invisible,"원주시는 19일오후조면 4년이실본계곡공원에서섬광, 가장나무숲어"
p00_u10,p00,taps,이날개통된사. 5키로미터규모의둘래길은백흑길과휴게공간을비롯해수령 30년이상에자장나무과굴랑을이루고있는수를갖추고있다.
p00_u10,p00,ce,우리나라교통대아까오기로둘레길은백똑길고크게공간을비롯해그령 30년이상에가정라무가굴랑을이루고있는습정을갖추고있다.
p00_u10,p00,ce_s40,우리나라교통대아까뭐귀로부터유머의둘레길은백똑길고크게공간을비롯해그령 30년이상에가정라무가굴랑을이루고있는습정을가지고있다.
p00_u10,p00,ce_s80,우리나라교통대학창목동인터뷰에둘레길은백똑길고크게공간을비롯해그령 30년이상에가정라무가굴랑을이루고있는수입을가지고있다.
p00_u10,p00,ce_s160,옛날계통대학점묶임도규모의둘레길은백똑길고크게공간을비롯해그령 30년이상에가장나무과굴랑을이루고있는극을갖추고있다.
p00_u10,p00,taps_s80,이날교육청 4.5키로규모의둘레길은새학기와특이공간을비롯되수령 30년이상에자장나무과굴랑을이루고있는수를갖추고있다.
p00_u10,p00,taps_s160,이날케통된 4.5키로규모의둘레길은새학기에과휴게공간을비롯되수령 30년이상에가장남은과군랑을이루고있는수는갖추고있다.
p00_u10,p00,ce_visible,우리나라교통대아까오기로둘레길은백똑길고크게공간을비롯해그령 30년이상에가정라무가굴랑을이루고있는수평을가지고있다.
p00_u10,p00,ce_invisible,이날개통된사. 5키로미터규모의둘래길은백프로게이와휴게공간을비롯해수령 30년이상에자장나무과굴랑을이루고있는수를갖추고있다.
p00_u11,p00,taps,7봉체육교원해서출발해성강을따라걷는태극기애는들판와양이어울어진폰을만끽할수있다.
p00_u11,p00,ce,일본쪽은성강을따라걷는애는어떤과일어울러진공강을만족할수있다.
p00_u11,p00,ce_s40,일본쪽은따라걷는애는어떤거야아니면어울어진빵광을만기딸수있다.
p00_u11,p00,ce_s80,일본쪽은성강을따라걷는거아니건강을만기딸수있다.
p00_u11,p00,ce_s160,일본교육원에서출발해성강을따라걷는태극기애는일반과아니어울러진성강을만기딸수있다.
p00_u11,p00,taps_s80,7봉체육교원해서출발해성강을따라걷는태극기애는들판과감이어우러진폰광을만끽할수있다.
p00_u11,p00,taps_s160,7봉체육교원해서출발을성강을따라걷는태극기애는칠판과강의어울어진폰광을만끽할수있다.
p00_u11,p00,ce_visible,일본교육원에서통강을따라걷는애는어떤과일어울러진공강을만족할수있다.
p00_u11,p00,ce_invisible,7봉체육교원해서출발해성강을따라걷는태극기애는들판와양이어울어진폰을만끽할수있다.
p00_u12,p00,taps,이어한나무숲을지나면고디어은빛자퇴를뿐애는자장남은굴라기나타난다.
p00_u12,p00,ce,"이여, 안나무서뿔지나면고디어은비야때를뿐애는아작나무굴라기나타난다."
p00_u12,p00,ce_s40,이요안나무도뿔지나면고디어은비따대를뿐애는아장나무굴라기나타난다.
p00_u12,p00,ce_s80,이요안나무도뿔지나면고디어은비값때를뿐애는아장나무굴라기나타난다.
p00_u12,p00,ce_s160,"이여, 안나무도뿔지나면고디어은비까떼를뿐애는아장나무굴라기나타난다."
p00_u12,p00,taps_s80,이어강남투롤진라면고디어은비차를뿐애는자장남은굴라기나타난다.
p00_u12,p00,taps_s160,이어한나무숲을지나면고디어은빛자퇴를뿐애는자장남은굴라기나타난다.
p00_u12,p00,ce_visible,"이여, 안남은드뿐이라면고디어은비값때될뿐애는아작나무굴라기나타난다."
p00_u12,p00,ce_invisible,이어한나무숲을지나면고디어은빛자퇴를뿐애는자장남은굴라기나타난다.
p00_u13,p00,taps,원조지는관광객들에게새로운볼거리를개봉하기위해성광다장나무숲에다양한주제숲을수가조성하기로했다.
p00_u13,p00,ce,원주걔는관광객들에게새로운볼거리를개구하기위해건강다장나눠서블랙끓이다양한주제가조상하기로했다.
p00_u13,p00,ce_s40,원주걔는관광객새로운물거리를개공하기위해건강다장나눠서블랙끓이다양한주제가조상하기로했다.
p00_u13,p00,ce_s80,원조개는관광객들에게새로운볼거리를배구하기위해건강다장나무그블랙끓이다양한주제가조상하기로했다.
p00_u13,p00,ce_s160,원조개는관광객들에게새로운볼거리를배구하기위해건강다장나무그블랙끓이다양한주제그휴가조사하기로했다.
p00_u13,p00,taps_s80,원조지는관광객들에게새로운볼거리를개봉하기위해건강다장나무숲에다양한주제숲을추가조성하기로했다.
p00_u13,p00,taps_s160,원조지는관광객들에게새로운볼거리를개봉하기위해건강다장나무숲에다양한주제숲을추가조성하기로했다.
p00_u13,p00,ce_visible,원주걔는관광객들에게새로운볼거리를개구하기위해건강다장나눠서블랙끓이다양한주제가조건이있다.
p00_u13,p00,ce_invisible,원조지는관광객들에게새로운볼거리를개봉하기위해성광다장나무숲에다양한주제숲을수가조성하기로했다.
p00_u14,p00,taps,"원상복지시장은치약산돌려소금산그랜드벨리와연기한관광, 프로그램을운영하는방도  검토하고있다그거말했다."
p00_u14,p00,ce,원장즐양은피아노연경관광프로그램을운영하는방식
p00_u14,p00,ce_s40,원장루원주랑은삐약블랙낄리언연그랑관광프로그램을운영하는방도검은마이랬다.
p00_u14,p00,ce_s80,원장국원주랑은딴브랜드관광프로그램을운영하는
p00_u14,p00,ce_s160,원장국원주나오는약간연경관광프로그램을운영하는
p00_u14,p00,taps_s80,원장국시장은치약산블랙소금산그랜드벨리와연기한관광프로그램을운영하는방도  검토하고있다그거말했다.
p00_u14,p00,taps_s160,원상욱재시장은치약산둘레길소금산그랜드벨리든과연기양관광프로그램을운영하는방도곰터하고있다그거말했다.
p00_u14,p00,ce_visible,원장국원주당은액티비요금뜬금영양관광프로그램을운영하는
p00_u14,p00,ce_invisible,"원상욱재시장은치약산돌려게소금산그랜드벨리와연기한관광, 프로그램을운영하는방도  검토하고있다그거말했다."
p00_u15,p00,taps,아빠원조지는진안에 5월 139에다라는치약산둘례길열한개코슬중국언을결정했다.
p00_u15,p00,ce,아까원주지는이나니오월백삼끊고있다미끄러는약간둘레길열한개꼬될구간을결정했다.
p00_u15,p00,ce_s40,아빠원주기는이나니오월백삼끊고있다미끄러미빼다라는약간불내길열한개꽂을구간을결정했다.
p00_u15,p00,ce_s80,아까원준은이나니오월백삼끊고미끄러미뼈에다라는약간불내길열한개꽂힌구간을쫌했다.
p00_u15,p00,ce_s160,아까원준은이나네 5월말백함께다라는약간불내길열한개꼬라는것중했다.
p00_u15,p00,taps_s80,아서원조지는진안에 5월 139. 2키로미터에다라는치약한둘레길열한개코스천국을개통했다.
p00_u15,p00,taps_s160,아빠원조지는 5월 139에다라는치약산둘례길열한개코스전부분을결정했다.
p00_u15,p00,ce_visible,아까원주지는이나니오월백삼끊구있다미끄러는약간둘레길열한개꼬될구간을결정했다.
p00_u15,p00,ce_invisible,아빠원조지는진안에 5월 139에다라는치약산둘레길열한개코슬중국언을결정했다.
p00_u16,p00,taps,있는등산로새낄인도두킬예낄존의길을연결하고새로운길을내어다르면도부여행길이다.
p00_u16,p00,ce,있는등산로핵길마연예인크를연결하고행동길내어가르면도보여행급이다.
p00_u16,p00,ce_s40,있는등산로핵길마 1등그연예인귀를연결하고해놓은길을내어가드면도부여행급이다.
p00_u16,p00,ce_s80,"있는등산로, 핵길마길든그연예인귀를연결하고행동길내어가드면도부여행급이다."
p00_u16,p00,ce_s160,"있는등산로, 핵길마 1등을연결하고행동길내어받으면도보여행급이다."
p00_u16,p00,taps_s80,있는등산로핵길에길마길든기존에길을연결하고새로운길을내어받으믄도부여행길이다.
p00_u16,p00,taps_s160,있는등산로새낄인도두끼예낄존의길을연결하고새로운길을내어다르면도보여행길이다.
p00_u16,p00,ce_visible,있는등산로핵길마연예인크를연결하고행동길내어가르면도보여행급이다.
p00_u16,p00,ce_invisible,있는등산로새낄인도두킬예낄등기존에길을연결하고새로운길을내어다르면도부여행길이다.
p00_u17,p00,taps,순창군체육해가지고회피하고순창군배드민턴옆에주간에열린대 11회순창고추장베정국배드민턴대회가성황에마블내렸다.
p00_u17,p00,ce,은중국애가죽이고긍정본배드민턴그니까그거는열린 A 세미액순딴고추장매장국배드민턴배드가성악능력에막을내렸다.
p00_u17,p00,ce_s40,은중국애가  있대고은중국은배드민턴열린 A 세미찐땅고추장매연구배드민턴배드가성왕중에마을내렸다.
p00_u17,p00,ce_s80,흔친군데가붙어이고승진배드민턴내가요금에열린엑스미래찐땅고장에왕국배드민턴대회가빵양림에마을내렸다.
p00_u17,p00,ce_s160,흔친군데가주아니고긍정본배드민턴가요번에열린엑스미래끈매연구배드민턴대회가형광등에마을내렸다.
p00_u17,p00,taps_s80,순창군체육해가지고최하고순창군배드민턴역해가주간에열린대 11회순창고추장배전국배드민턴대회가성황에막을내렸다.
p00_u17,p00,taps_s160,순창군체육해가지고최애하고순창군배드민턴옆에가주간에열린결 11회순창고추장배전국배드민턴대회가성황에마을내렸다.
p00_u17,p00,ce_visible,은중국애가  있대고긍정은배드민턴그니까그거는열린 A 세미액순딴고추장매장국배드민턴배드가성악능력에막을내렸다.
p00_u17,p00,ce_invisible,순창군체육해가지고회피하고순창군배드민턴옆에주간에열린대 11회순창고추장베정국배드민턴대회가성황에마블내렸다.
p00_u18,p00,taps,"순창국민체육센터든세계구장에서전라북도와순창군이후원해. 지난 6일부터이틀동안열린대외는예상구자많은 1,000명이참가의은기를실감해."
p00_u18,p00,ce,그니까국민대육끊자든세계구장에서전라북도가쎈분이구간에한요일부터이쁠동안열린대외는예전보다많은일전연애후든가에응깨를쓰감뺐어.
p00_u18,p00,ce_s40,일단국민대육끊겨순창구닉구간에한요일부터일주일동안열린대외는예상보다많은일전연애무라고에응깨를쓰광께더.
p00_u18,p00,ce_s80,일단국민대육끊겨순창구니구간에한요일부터이쁠동안열린대외는예상보다많은일전연애무라고  중간에아예응깨를쓰광께.
p00_u18,p00,ce_s160,그니까국민대육댄해결했어여자선탄군이구간에한요일부터이쁠동안열린대외는여성구단많은일전연애기간에응깨를쓰광께떠.
p00_u18,p00,taps_s80,"순창국민체육센터든세계구장에서전라북도와순창군이후원해. 지난 6일부터이틀동안열린대외는예상구자많은 1,000명이참나의은기를실감해."
p00_u18,p00,taps_s160,"순창국민체육센터든세계구장에서전라북도와순창군이후원에이나 6일부터이틀동안열린대외는예상구자많은 1,000명이참가의운기를실감해."
p00_u18,p00,ce_visible,그니까국민대육끊자든세계구장에서열로부터가쎈분이구간에한요일부터이쁠동안열린대외는예전보다많은일전연애후든가에응깨를쓰감뺐어.
p00_u18,p00,ce_invisible,"순창국민체육센터든세계구장에서전라북도와순창군이후원해. 지난 6일부터이틀동안열린대외는예상구자많은 1,000명이참가의용기를실감해."
p00_u19,p00,taps,그낄참가한선수는모두동호인으로멸상별. 변기방식에따라신게조로나는변기가진행됐다.
p00_u19,p00,ce,그참가서는모든동원인으로열량멸비방비에다가조로나눠경주가기능됐다.
p00_u19,p00,ce_s40,그참가하는선수는모든연령별상별방귀겠다라조론같이면됐다.
p00_u19,p00,ce_s80,그참가한선수는모든연령  별별방귀겠다라던지행복했다.
p00_u19,p00,ce_s160,그탐방선수는모든연령멸비방패따라줄그까론나는경비가그냥됐다.
p00_u19,p00,taps_s80,"그끼리참가한선수는모두동호인으로멸상별, 변기방식에따라신게조로나는변기가지능이됐다."
p00_u19,p00,taps_s160,"그끼리참가한선수는모두동호인으로멸상별, 변기방식에따라신게조로나는변기가지능됐다."
p00_u19,p00,ce_visible,그참가서는모든동원인으로열량멸비방비에다가조로나눠경주가기능됐다.
p00_u19,p00,ce_invisible,그낄참가한선수는모두동호인으로멸상별. 변기방식에따라신게조로나는변기가진행됐다.
p00_u20,p00,taps,"애초에국민체육센터와장애인체육관두곳에서대회가진행될예정이었어. 1,000명이참가를희망하자순천 7관까지대관에세계부장해서치뤄줬다."
p00_u20,p00,ce,에또국민대육앤데두곳에서대회가있는데네장이었어나 1편예능이헝가리랑가자한대일구원까지돼간에해결이.
p00_u20,p00,ce_s40,에프공론뜨고센터야당연히대회같은매장이었구나 1년이헝가리랑가자한대일부백화까지돼간에해결이었다.
p00_u20,p00,ce_s80,에또국민대육센터야당연히두곳에서대회같은매장이었구나 1년이참가를희망하자웅턴대일무무조건까지돼간에해결이확늘어졌다.
p00_u20,p00,ce_s160,애초에국민대육센터장인체육관둥곳에서백화이런대장이었어나 2천여백이헝가리휘랑맞아. 순천대일부 8권까지되간에해결구장에확찌워졌다.
p00_u20,p00,taps_s80,"애초에국민체육센터와장애인체육관등에서대회가지는게예정이었어. 1,000명이성가를희망하자순천제일고체육관까지대관에세계구장에서치뤄졌다."
p00_u20,p00,taps_s160,"애초에국민체육센터와장애인체육관등에서대회가지는게예정이었어. 1,000가를희망하다순천대입고체육관까지대관에세계구장에서치뤄졌다."
p00_u20,p00,ce_visible,에또국민대육앤데두곳에서대회가있는데네장이었어나 1편예능이흥가를향하자한대일구원까지돼간에해결이.
p00_u20,p00,ce_invisible,"애초에국민체육센터와장애인체육관두곳에서대회가진행될예정이었어. 1,000명이참가를희망하자순천 7관까지대관에세계부장해서치뤄줬다."
p00_u21,p00,taps,특히코로나일곱개확살저번은엄중한식이어서국과배드민턴옆에는철저한시설공약에종점을누구변기를기능이있다.
p00_u21,p00,ce,그코르구언중간시기여서공과배드민턴은
p00_u21,p00,ce_s40,그고르곳은엄중할수있어공과이름이공유방역
p00_u21,p00,ce_s80,그코론알고든언중간시기여서공과배드민턴은그냥겠다.
p00_u21,p00,ce_s160,그코론알고딴테로저번은엄중한식이어서공과배드민턴할때는찌개방역에  등밥을누구  관계를진행했다.
p00_u21,p00,taps_s80,특히코로나일고대확살저번은엄중한식이어서공과배드민턴옆에는철저한시설공약에종점을누구변기를진행했다.
p00_u21,p00,taps_s160,특히코로나일고개확살저번은엄중한식이어서국과배드민턴옆에는철저한시설방역에중점을누구변기를기능겠다.
p00_u21,p00,ce_visible,그코르구언중간공과배드민턴은
p00_u21,p00,ce_invisible,특히코로나일곱개확살저번은엄중한식이어서국과배드민턴옆에는철저한시설공약에중점을누구변기를기능이있다.
p00_u22,p00,taps,아울러발을체코와꼼꼼한시설소득으로동호인에건강보는물론기억내코로나와싼방에세선을다했다는게기체설명이다.
p00_u22,p00,ce,아꼼꼼해가지고엉덩이에건강보는물론내어떤방법을아예따는게설명이다.
p00_u22,p00,ce_s40,아꼼꼼하게영웅인의건강보는물론내어떤방법을아예따는게설명이다.
p00_u22,p00,ce_s80,아꼼꼼하게써도건강보는물론내어떤방법을아예따는게설명이다.
p00_u22,p00,ce_s160,아올라바꼼꼼하게써도동그인에건강보는물론위험해딴방에깨서는다했다는게세명이다.
p00_u22,p00,taps_s80,아울러발을체코와꼼꼼한시설소독으로동호인에건강보는물론기억내코로나와싼방에새선을다했다는게기체설명이다.
p00_u22,p00,taps_s160,아울렛발을체크아. 꼼꼼한시설소득으로동호인에건강보는물론기억내코로나와싼방에새선을다했다는게기체설명이다.
p00_u22,p00,ce_visible,아꼼꼼히내건강보는물론내어떤방법을아예따는게설명이다.
p00_u22,p00,ce_invisible,아울러발을체코와꼼꼼한시설소득으로동호인에건강보는물론기억내코로나와싼방에세선을다했다는게기체측에설명이다.
p00_u23,p00,taps,한편이번되면은코문화 1 9가발생하기전인지난 2019년을마지막으로그동안열리지못하다가정부에거리두기해개따라 3년만에다시그렇게따.
p00_u23,p00,ce,한편이번되면은코로나일구가발생하기편인백구년을마지막으로그동안열리지못하다가머리두개세개따라한년만에
p00_u23,p00,ce_s40,한편이번되면은코로나일구가발생하기편인백구년을마지막으로그동안열리지못하다가머리어리두기세개따 3년만에
p00_u23,p00,ce_s80,한편이번되면은코르나 1 9가발생하길바e 그냥 2019년을마지막으로그동안열리지못하다가공부에거리두기세개따 3년만에다끊게됐
p00_u23,p00,ce_s160,한편이번되면은코로나일구가발생하길바닌그냥 2019년을마지막으로그동안열리지못하다가공부에거리두기회계정품에따라서 3년만에다긋게됐
p00_u23,p00,taps_s80,한편이번되면은  호문화 1 9가발생하기전인지난 2019년을마지막으로그동안열리지못하다가정부에거리두기회계증쓰겠다라 3년만에다시교체했다.
p00_u23,p00,taps_s160,한편이번되면은코문화 1 9가발생하기전인지난 2019년을마지막으로그동안열리지못하다가정부에거리두기회계증에따라 3년만에다시그렇게따.
p00_u23,p00,ce_visible,한편이번되면은코로나일구가발생하기편인백구년을마지막으로그동안열리지못하다가머리두개세개따라한년만에
p00_u23,p00,ce_invisible,한편이번되면은코문화 1 9가발생하기전인지난 2019년을마지막으로그동안열리지못하다가정부에거리두기해개따라 3년만에다시그렇게따.
p00_u24,p00,taps,자신의아내를성폭행했다고입장료를신기로찔러산에한며느리를받은 40대공무직기분이대판을넘겨줬다.
p00_u24,p00,ce,아니를쏭폭이했다고왜극장농협을공개로찔러서한애한  효미를받은때공무직원이반에넘겨졌다.
p00_u24,p00,ce_s40,아끼니아내를뽕볶음했다고왜그땅통을꽁기를찔러싸여한행위를받은아끼고니판에넘겨졌다.
p00_u24,p00,ce_s80,아니네아래를쏭폭이했다고왜입장료를꽁기를찔러산에한행위를받은때공무직원이 F 안에냄겨졌다.
p00_u24,p00,ce_s160,아니래를쏭폭이했다고왜극장농협을꽁기를찔러서한애한행위를받은맨판에넘겨졌다.
p00_u24,p00,taps_s80,자신의아내를성폭행했다고입장료를숨기로찔러산에한며은 40대공무직기분이에판을넘겨줬다.
p00_u24,p00,taps_s160,자신의아내를성폭행했다고순기로찔러산에한며은 40대의공무직기본이되판에남겨줬다.
p00_u24,p00,ce_visible,아니를쏭폭이했다고왜극장농협을공개로찔러화례한혐의를받은때공무직원이반에넘겨졌다.
p00_u24,p00,ce_invisible,자신의아내를성폭행했다고입장료를신기로찔러산에한며느리를받은 40대공무직기분이대판을넘겨줬다.
p00_u25,p00,taps,"일법적인딸이면인천은살인미도로교통법상음주운전혐의로인천, 웅진소속공무원직원 ac를구속기수했다."
p00_u25,p00,ce,"일법인따리면은천직업은할인비도로교통법상음주운전혐의로음천, 웅진소속공분한직원에이스를구속이소했다."
p00_u25,p00,ce_s40,"일법적인따려면은천직업은할인이도로교통법상음주운전혐의로음천, 웅진소속공분한직원에이스를구속이소했다."
p00_u25,p00,ce_s80,일법적인따려면은천직업은할인이도로교통값당음주운전혐의로음천엉쟁분쩍어서웅거한직업에구속이거했다.
p00_u25,p00,ce_s160,일법인따리면은천직업은할인이으로교통값당음주운전혐의로음주속엉덩지금내비속이고했다.
p00_u25,p00,taps_s80,"일법적인딸이면인천은살인미도로교통법상음주운전혐의로인천, 웅진소속공무원직원에잇시를구속기소에있다."
p00_u25,p00,taps_s160,"일법적인딸이면인천은살인미도로교통법상음주운전혐의로인천, 웅진소속공무원직원 ac를구속기수했다."
p00_u25,p00,ce_visible,"일법인따리면은천직업은할인비도로교통법상음주운전혐의로음천, 웅진소속공분한직원에이스를구속이소했다."
p00_u25,p00,ce_invisible,"일법적인딸이면인천은살인미도로교통법상음주운전혐의로인천, 웅진소속공무원직원 ac를구속기수했다."
p00_u26,p00,taps,해장사건은인천사 15분에배당넷이면아직첫기일은정해지지않았다.
p00_u26,p00,ce,해장사건은은천원평타 15에배당배추면아니컷이은평에비지않았다.
p00_u26,p00,ce_s40,해장사건은은천지원평사 15분의배당됐으면아니컷이않았다.
p00_u26,p00,ce_s80,해장사건은은천지밥평사 15분의배정됐으면아니컷이되지않았다.
p00_u26,p00,ce_s160,해장사건은은천지원평사 15분의배정됐으면아니컷이은평에비지않았다.
p00_u26,p00,taps_s80,해장사건은인천사 15분에배당넷이면아직컷기일은정해지지않았다.
p00_u26,p00,taps_s160,해장사건은인천사 15분에배당되지면아직첫기일은정해지지않았다.
p00_u26,p00,ce_visible,해장사건은은천원평사 15분의배당배역아니컷이은평에비지않았다.
p00_u26,p00,ce_invisible,해장사건은인천사 15분에배당넷이면아직첫기일은정해지지않았다.
p00_u27,p00,taps,아빠에이케에대한구속전피자신문을진행한김선덕인턴지범장전당부장판사는피해자가도망할우려가있다며 9속영장을발휘바.
p00_u27,p00,ce,아빠에이게임에대한연끼적인끈데음뚜껑당  포장판사는삐딱한돌아가있다면
p00_u27,p00,ce_s40,아빠에이때에대한삐명함끊일반전당무당판사는삐다가도랑한의뢰가있다면
p00_u27,p00,ce_s80,아빠에이때에대한구분데그냥인턴들영등영등남부장판은도망할의료가있다면영영
p00_u27,p00,ce_s160,아빠에이때에대한삐암영등포랑보다는 BG랑한노래가있다면
p00_u27,p00,taps_s80,아빠에이씨에대한구속전피자신문을진행한김형덕인창집범장전당부장판사는피해자가도망할우려가있다며 9속영장을발부에다.
p00_u27,p00,taps_s160,아빠에이케에대한구속전피자신문을진행한김선덕인천지범영장전당부장판사는피해자가도망할우려가있다며 9속영장을발로에다.
p00_u27,p00,ce_visible,아빠에이때에대한연비하는건요번영땅바닥든단부장판은삐딱한돌아가있다면
p00_u27,p00,ce_invisible,아빠에이케에대한구속전피자신문을진행한김선덕인턴지범장전당부장판사는피해자가도망할우려가있다며 9속영장을발휘바.
p00_u28,p00,taps,에이씨는영장실전심사해서기에자에게할말없느냐근데 B 제진의길문에죄송하다시대를기었다작은목소리로다음에
p00_u28,p00,ce,A는영땅이할말없느냐 B 내렸다이거지.
p00_u28,p00,ce_s40,A는영땅일주일전야왜할말없느냐
p00_u28,p00,ce_s80,A는영땅일주일만에왜할맛없느냐
p00_u28,p00,ce_s160,A B는영땅  일주일찐따일숏다리면삐달없느냐빼네목이답지.
p00_u28,p00,taps_s80,에이씨는영장실전심사했어피해자에게할말없느냐 B 제진의질문에죄송하다. 시대를지었다. 작은목소리로잡을까.
p00_u28,p00,taps_s160,에이씨는영장실증심사했어이번기회에할말없느냐근데찢어진애때문에죄송하다. 무대를귀엽다고작은목걸이로잡을까.
p00_u28,p00,ce_visible,A는영땅이할말없느냐
p00_u28,p00,ce_invisible,에이씨는영장실전심사해서기에자에게할말없느냐근데 B 제진의길문에죄송하다시대를기었다작은목소리로다음에
p00_u29,p00,taps,그는지난달2 5분께한도로에서면사무소동료인공무직직원 EC에복구이를  승기로질러사례한혐의를받고있다.
p00_u29,p00,ce,그날쌤일명수오븐께한도로에서명사무소동료인공무직요건삐를흥미로질러딸이한  재미미를받고있다.
p00_u29,p00,ce_s40,그한달때매일영수 5분빽한도로에서명삼부동료인공무직요건삐를흥미로질러딸에한흥미를받고있다.
p00_u29,p00,ce_s80,그한달때매일영수 5분빽한도로에서명사무소동료인공무직요건삐를흥미로질러딸에한흥미를받고있다.
p00_u29,p00,ce_s160,그날따미용직 5분삐한도로에서명사무소동료인공무직요건삐에붙고이래흥미로질러사례한혐의를받고있다.
p00_u29,p00,taps_s80,그는지난달2 5분께한도로에서면사무소동료인국무집직원 pc의복부이었는데러사랑혐의를받고있다.
p00_u29,p00,taps_s160,그는지난달시미일시 5분께한도로에서면사무소동료인공무집직원 pc의북부이었는데러사랑혐의를받고있다.
p00_u29,p00,ce_visible,그날쌤일명수오븐께한도로에서명삼부동료인공무직요건삐를흥미로질러딸이한  재미미를받고있다.
p00_u29,p00,ce_invisible,그는지난달2 5분께한도로에서면사무소동료인공무직직원 EC에복구이를  승기로질러사례한혐의를받고있다.
p00_u30,p00,taps,에이끼는법에당일 5일포함에이인들과함께고깃집에서술을마시는자기집에서다같이술자리를또가셨던거로조사했다.
p00_u30,p00,ce,A B는보낸방일오후에고깃집에서술을마시는집에서다같이술자리를또가졌던거수로조사했다.
p00_u30,p00,ce_s40,A끼는버넨방일오후에고깃집에서술을마시는집에서다같이술자리를또가졌던거수로조사했다.
p00_u30,p00,ce_s80,A끼는버넨방일오후 1끼를포함해. 그인들과함께고깃집에서술을마끼노당구비집에서다같이술자리를또가졌던거수로조사했다.
p00_u30,p00,ce_s160,A끼는버넨방일오후 1끼를포함해. 베인들과함께고깃집에서술을마끼노가지술자리를또가졌던거쓰러졌다.
p00_u30,p00,taps_s80,에이끼는법은당일 5 삐끼를포함해비행기고한끼에고기집에서술을마시는자기집에서다같이술자리를또가셨던겉으로조사했다.
p00_u30,p00,taps_s160,에이끼는법은당일 5 기계를포함에이인들과함께고깃집에서술을마시는자기집에서다같이술자리를또가셨던거로조선있다.
p00_u30,p00,ce_visible,A B는보낸방일오후에고깃집에서술을마시는집에서다같이술자리를또가졌던거수로조사했다.
p00_u30,p00,ce_invisible,에이끼는법에당일 5일포함에이인들과함께고깃집에서술을마시는자기집에서다같이술자리를또가셨던거로조사했다.
p00_u31,p00,taps,"이우, 일행이모두기가안디에이스는감김포방안에서옷을벗은채아내를보고술김에삐스가자기안에를선호개인했다고오해한것으로파악을했다."
p00_u31,p00,ce,"우, 을행모둑비가안비는담긴방안에서옷을벗은띠감든아내를보고골 B는 B가자기아내를선복용했다고오해한것으로빠았겠다."
p00_u31,p00,ce_s40,"우, 을행위모드비가안비는담긴방안에서옷을벗은띠감든아내를보고울김에삐스가자기아내를선복둥했다고오해한것으로막뺐다."
p00_u31,p00,ce_s80,을행위모드비가안비는담긴방안에서옷을벗은때감든아내를보고울김에삐스가자기아내를선복했다고오해한것으로막됐다.
p00_u31,p00,ce_s160,을행모둑비가안비는담긴방안에서옷을벗은때담든아내를보고니네피가자기아내를더복숭했다고오해한것으로빠됐다.
p00_u31,p00,taps_s80,"이우, 이랬니모두기가안디에이시는담긴파안에서옷을벗은채아내를보고술김에삐스가자기안에를선곡행했다고오해한것으로파악됐다고."
p00_u31,p00,taps_s160,이우일행이모두기가안디에이시는담긴파안에서옷을벗은채는아내를보고술김에 c가자기아내를선폭행했다고오해한것으로파악을했다.
p00_u31,p00,ce_visible,"우, 을행모둑비가안비는담긴방안에서옷을벗은빼감든아내를보고골 B는 B가자기아내를선복용했다고오해한것으로빠았겠다."
p00_u31,p00,ce_invisible,"이우, 일행이모두기가안디에이스는감김파안에서옷을벗은채아내를보고술김에삐스가자기안에를선호개인했다고오해한것으로파악을했다."
p00_u32,p00,taps,경찰조사해서에이씨는평소보다술을많이마셔서술기에피를오해했다꼬인술했다.
p00_u32,p00,ce,영태조사해서에이비는평소보다술을많이마셔서니네삐끼를오해했다보증금따.
p00_u32,p00,ce_s40,영딸저사에서에이티는평소보다술을많이마셔서근데삐끼를오해했다보증금따.
p00_u32,p00,ce_s80,영재조사해서에이비는평소보다술을많이마셔서니네피씨를오해했다보증금따.
p00_u32,p00,ce_s160,영태조사해서에이비는평소보다술을많이마셔서니네페스티를오해했다보증금따.
p00_u32,p00,taps_s80,경찰조사해서에이씨는평소보다술을많이마셔서술김에삐C를 5에다꾸신술했다.
p00_u32,p00,taps_s160,경찰조사해서에이씨는평소보다술을많이마셔서술김에페쉬를오해했다꼬인술했다.
p00_u32,p00,ce_visible,영딸저사에서에이비는평소보다술을많이마셔서니네삐끼를오해했다보증금따.
p00_u32,p00,ce_invisible,경찰조사해서에이씨는평소보다술을많이마셔서술기에피를오해했다꼬인술했다.
p00_u33,p00,taps,ACS 안에도참고인조사해서 pc에게성폭행을당한사실이없다고막힌것으로전해졌다.
p00_u33,p00,ce,A B 안해도한국인교사에서삐삐에계속폭행을당할일이없다고바꾼것으로전해졌다.
p00_u33,p00,ce_s40,A B 안해도한국인교사에서삐에계속폭행을당할일이없다고바꾼것으로전해졌다.
p00_u33,p00,ce_s80,A B 안해도한국인교사에서삐에계속폭행을당할일이없다고만든것으로전해졌다.
p00_u33,p00,ce_s160,A B 안해도한국인교사에서삐삐에계속폭행을당할일이없다고바꾼것으로전해졌다.
p00_u33,p00,taps_s80,ACS 안에도참고인조사해서 pc에게성폭행을당한사실이없다고막힌것으로전해졌다.
p00_u33,p00,taps_s160,ACS 안에도참고인조사해서 pc에게성폭행을당한사실이없다고바뀐것으로전해졌다.
p00_u33,p00,ce_visible,A B 안해도한국인교사에서삐삐에계속폭행을당할일이없다고바꾼것으로전해졌다.
p00_u33,p00,ce_invisible,ACS 안에도참고인조사해서 pc에게성폭행을당한사실이없다고막힌것으로전해졌다.
p00_u34,p00,taps,전국 79분이인간위탁을통해운영중인즐겁고야외물로이상이인기를끌고있다.
p00_u34,p00,ce,그 7군이인간위탁을통해운영중엔끌고야외물로방에은근을끌고있다.
p00_u34,p00,ce_s40,그 7군이인간위탁을통해운영중엔끌고야외물로방에은근을끌고있다.
p00_u34,p00,ce_s80,그 79 늬에운영중엔끌고야외물로담에은근을끌고있다.
p00_u34,p00,ce_s160,그 79 늬닭을통해운영중엔끌고야외물로방에은근을끌고있다.
p00_u34,p00,taps_s80,전국 79이민간 2탁을통해운영중인  7 곡고야외물로이상이운기를끌고있다.
p00_u34,p00,taps_s160,전국 79분이인간위탁을통해운영중인술먹고야외물로상이공기를끌고있다.
p00_u34,p00,ce_visible,그 7군이인간위탁을통해운영중엔끌고야외물로방에은근을끌고있다.
p00_u34,p00,ce_invisible,전국 79분이인간위탁을통해운영중인즐겁고야외물로이상이인기를끌고있다.
p00_u35,p00,taps,인종링거는  연결등이다녀와. 볼여름에만두번째즐겁고야외물로장을찾았다.
p00_u35,p00,ce,은정기는윤개월용결땅덩이까지와올여름에만두번째겁고야외물로잠을찾았다.
p00_u35,p00,ce_s40,은정  용걀용도니까올여름에만두번째겁고야외물로잠을찾았다.
p00_u35,p00,ce_s80,음정기는은겨용결깡둥일까지와올여름에만두번째겁고야외물로잠을찾았다.
p00_u35,p00,ce_s160,은병은잉글연결쌍둥이니까올여름에만두번째고야외물로잠을찾았다.
p00_u35,p00,taps_s80,인종징은  연결등이간호와올여름에만두번째즐겁고야외물로장을사셨다.
p00_u35,p00,taps_s160,인종징은  연결다녀와. 볼여름에만두번째즐겁고야외물로장을찾았다.
p00_u35,p00,ce_visible,은정잉글옹졸쌍둥이까지와올여름에만두번째겁고야외물로잠을찾았다.
p00_u35,p00,ce_invisible,인종링C는  연결등이다녀와. 볼여름에만두번째즐겁고야외물로장을찾았다.
p00_u36,p00,taps,하잉가족기준 2만원이면수영장은물론학종물놀이부대기사를마음껏이용할수있기때문이다.
p00_u36,p00,ce,아니가족끼리 2만원이면수영장은물론악종물에구례기사를마음껏이용할수있기때문이다.
p00_u36,p00,ce_s40,아니가족끼리 2만원이면수영장은물론악종물에구례기사를마음껏이용할수있기때문이다.
p00_u36,p00,ce_s80,아니가족들은 2만원이면수영장은물론악종물건이그래프사를마음껏이용할수있기때문이다.
p00_u36,p00,ce_s160,아임가족이만원이면수영장은물론악종물건이구리기사를마음껏이용할수있기때문이다.
p00_u36,p00,taps_s80,하잉가족기준 2만원이면수영장은물론학종물놀이부대기사를마음껏이용할수있기때문이다.
p00_u36,p00,taps_s160,하잉가족기준 2만원이면수영장은물론학종물놀이부대시설을마음껏이용할수있기때문이다.
p00_u36,p00,ce_visible,아니가족끼리 2만원이면수영장은물론악종물에구례기사를마음껏이용할수있기때문이다.
p00_u36,p00,ce_invisible,하잉가족기준 2만원이면수영장은물론학종물놀이부대기사를마음껏이용할수있기때문이다.
p00_u37,p00,taps,입장료는별도의비용이발생하지않는둥하설물놀이장보다저렴한가격은물론다양한부대시설과예전판매음식물이저렴하기때문이다.
p00_u37,p00,ce,입장료이애는몇에비용이발등하지않는한글물놀이장보다저렴한가격은물론애랑불의그와예전판대음력무리저렴하기때문이다.
p00_u37,p00,ce_s40,입장료이애는몇도에비용이발등하지않는아까물놀이장보다저렴한가격은물론애랑부대표예전판대음력무리저렴하기때문이다.
p00_u37,p00,ce_s80,입장료는얼도에비용이발등하지않는은근물놀이장보다저렴한가격은물론다양한부대끼드라예전판대음력무리저렴하기때문이다.
p00_u37,p00,ce_s160,입장료는몇도에비용이발생하지않는은근물놀이장보다저렴한가격은물론다양한부대표예전판대음력무리저렴하기때문이다.
p00_u37,p00,taps_s80,입장료는별도의비용이발생하지않는둥하설물놀이장보다저렴한가격은물론다양한부대시설과예전판매음식물이저렴하기때문이다.
p00_u37,p00,taps_s160,입장료는별도의비용이발생하지않는둥하설물놀이장보다저렴한가격은물론다양한부대시설과예전판매음흉물이저렴하기때문이다.
p00_u37,p00,ce_visible,입장료는몇에비용이발등하지않는한글물놀이장보다저렴한가격은물론애랑불의그와예전판대음력무리저렴하기때문이다.
p00_u37,p00,ce_invisible,입장료는별도의비용이발생하지않는둥하설물놀이장보다저렴한가격은물론다양한부대시설과예전판매음식물이저렴하기때문이다.
p00_u38,p00,taps,물놀이장에는대형풀다섯개중형풀두개워터  슬라이드에어바운드기차오토바이등이마련돼있다.
p00_u38,p00,ce,물놀이장에는대형꼴다섯개중령뿔 2개오타스라이드에어바운드아오토바이등이마련돼있다.
p00_u38,p00,ce_s40,물놀이장에는대형꼴다섯개중형골두개오다스라이드에어바운드아오토바이등이마련돼있다.
p00_u38,p00,ce_s80,물놀이장에는대형꼴다섯개중형골두개오다스라이드에어바운드오토바이등이마련돼있다.
p00_u38,p00,ce_s160,물놀이장에는에형꼴다섯개중령뿔 2개오타스라이드에어바운드오토바이등이마련돼있다.
p00_u38,p00,taps_s80,물놀이장에는대형풀다섯개중형풀두개워터플라이드에어바운드기차오토바이등이마련돼있다.
p00_u38,p00,taps_s160,물놀이장에는대형폴다섯개중형풀두개워터  슬라이드에어바운드기차오토바이등이마련돼있다.
p00_u38,p00,ce_visible,물놀이장에는대형꼴다섯개중령뿔 2개오타스라이드에어바운드야오토바이등이마련돼있다.
p00_u38,p00,ce_invisible,물놀이장에는대형풀다섯개중형풀두개워터  클라이드에어바운드기차오토바이등이마련돼있다.
p00_u39,p00,taps,미용편의를위해몽골센티사광막테이블스크닉중매점꾸준사실팔의실화장든넷이서
p00_u39,p00,ce,빠니를위에하강막해리하루에화장실
p00_u39,p00,ce_s40,빠니를위에하강막해리하루에
p00_u39,p00,ce_s80,편의를위에봉하이블그크니깐하실화장실
p00_u39,p00,ce_s160,용편이를위에몽골하강막해리흑크니깐매점포도전하객할아버지화당흘
p00_u39,p00,taps_s80,"미용편의를위해몽골센트화강막테이블스크닉매점푸드든사와실, 파리실화장든대시선으로가는소재있다."
p00_u39,p00,taps_s160,미용편의를위에몽골텐트사광막테이블스크닉중메시온후드준사실팔의실화장류준열.
p00_u39,p00,ce_visible,빠니를위에하강막해리하루에화장실
p00_u39,p00,ce_invisible,미용편의를위해몽골센티화광막테이블스크닉중매점꾸준사실팔의실화장든넷이서
p00_u40,p00,taps,이용요금은 14세이상 120은어린이팔천원이면 7곡인은 50분생때할인된다.
p00_u40,p00,ce,이용요금은 104세이상 12원어린이팔천원이면 79는 50퍼센트할인된다.
p00_u40,p00,ce_s40,이용요금은이빠데이만 2천원어린이팔천원이면 7인은 50퍼센트할인된다.
p00_u40,p00,ce_s80,이용요금은입사이많만이천원어린이팔천원이면 7위는 50퍼센트할인된다.
p00_u40,p00,ce_s160,이용요금은입빠대만이천원어린이팔천원이면 7위는 50퍼센트할인된다.
p00_u40,p00,taps_s80,이용요금은 14세이상 120은어린이팔천원이면 7곡인은 50퍼센트할인된다.
p00_u40,p00,taps_s160,이용요금은 14세이상 120은어린이팔천원이면 7곡인은 50분센터할인된다.
p00_u40,p00,ce_visible,이용요금은힙합이상 12면 72는 50퍼센트할인된다.
p00_u40,p00,ce_invisible,이용요금은 14세이상 120은어린이팔천원이면 7곡인은 50분생때할인된다.
p00_u41,p00,taps,다른지역강민에또 5천원으로 50% 할인권구매가가능해. 2만 5천원이면하잉가족이이용할수있다.
p00_u41,p00,ce,다른지역왕국에또오천원으로오십퍼센트할인권구매가가능해. 2만 5천원이면하잉가족이이용할수있다.
p00_u41,p00,ce_s40,다른지역왕국에또오천원으로오토바논했는데할인권구매가가능해. 2만 5천원이면하잉가족이이용할수있다.
p00_u41,p00,ce_s80,다른지역한국에또오천원으로오십퍼센트할인권구매가가능해. 이만오천원이면하잉가족이이용할수있다.
p00_u41,p00,ce_s160,다른지역한국에또 5천원으로 50퍼센트할인권구매가가능해. 이만오천원이면하잉가족이이용할수있다.
p00_u41,p00,taps_s80,다른지역방문객도 5천원으로 50% 할인권구매가가능해. 2만 5천원이면하잉가족이이용할수있다.
p00_u41,p00,taps_s160,다른지역방문객도 5천원으로 50% 할인권구매가가능해. 2만 5천원이면하잉가족이이용할수있다.
p00_u41,p00,ce_visible,다른지역왕국에또오천원으로오천원핸데할인권구매가가능해. 2만 5천원이면하잉가족이이용할수있다.
p00_u41,p00,ce_invisible,다른지역강민에또 5천원으로 50% 할인권구매가가능해. 2만 5천원이면하잉가족이이용할수있다.
p00_u42,p00,taps,광역경찰로행정부역이계단데열곳으로줄었던경기사전폭수가오늘 3월되산을아프고 36 고으로원상복구된다.
p00_u42,p00,ce,환경체제로환경구역이그때여의것으로줄었던전기차역할인해서오늘 3월대산으로 36으로원상복구된다.
p00_u42,p00,ce_s40,환경체제로행정국단대. 여기것으로줄었던정비부천유역따른여서오늘 3월대전을안빼고 36으로원상복구된다.
p00_u42,p00,ce_s80,학력똥캐루환경구역이그때여의것으로줄었던정비한유형할인 3월달고서른여섯  곳으로원상복구된다.
p00_u42,p00,ce_s160,환경체제로행정국인데여기것으로줄었단경기천에서도오늘 3월대산으로 36으로원상복구된다.
p00_u42,p00,taps_s80,광역경찰로행정부역이계단데열곳으로줄었던경기사전폭수가오늘 3월대전을앞두고서른여섯  곳으로원상걷고된다.
p00_u42,p00,taps_s160,광역병체제로행정구역이계단데열곳으로줄었던경기사전폭을 3월대전을앞두고서른여섯  곳으로원상걷고된다.
p00_u42,p00,ce_visible,환경체제로환경구역이그때여의것으로줄었던건지하렴. 오늘 3월대단빼고서른여섯곳으로원상복구된다.
p00_u42,p00,ce_invisible,광역경찰로행정부역이계단데열곳으로줄었던경기사전폭수가오늘 3월되산을아프고 36 고으로원상복구된다.
p00_u43,p00,taps,"12일부터와선거관리요네따려면지난 11일열린국회포는회의에서서영석더브러민주단우원이대표반이한공직성법, 일부개정법률이확결된다."
p00_u43,p00,ce,세비엘왕과의빠르면옛날국회의서영석마부러민유단우원이대표할인이
p00_u43,p00,ce_s40,세비엘컴과관리에따르면세비네비열린국영쪽에브라민주당후원이댓글발이한공급을
p00_u43,p00,ce_s80,세비엘왕국갈리위원회했다려면우리나라세계열린국내서연구라빈스당후원이댓글발이한공급한의급하니
p00_u43,p00,ce_s160,세비엘컴과관리에따르면열린국내서연국아밍주당후원이대표발이한공급을공유란이됐다.
p00_u43,p00,taps_s80,"12일와선구하리위원회에따르면지난 11일열린국회포는회의에서서영석버블어민주당우원애대표발이한공직성적법, 일부개정범일하니해결됐다."
p00_u43,p00,taps_s160,"12일부터 3권리위원회에따르면지난 11일열린국회포는회의에서서영석버블어민주당우원이대표밥이안공직성법, 일부개정법률이확률과."
p00_u43,p00,ce_visible,때비밀싼거관리비원에따르면또미래비열린국영석마블이나민유랑우원이대표마리안공불한국민유란이
p00_u43,p00,ce_invisible,"12일부터와선거관리요네따려면지난 11일열린국회콘회의에서서영석더브러민주단우원이대표반이한공직성법, 일부개정법률이확결된다."
p00_u44,p00,taps,이법률은행부역개편으로그면동휴가줄어든경우개편직전에수를기준으로화전수품으로설치하고선거사무원을선임하는내용이당겠다.
p00_u44,p00,ce,잇음료한애는구역했던로연후갓런닝으로한고한과는
p00_u44,p00,ce_s40,잇음료한애는구역했던그니깐
p00_u44,p00,ce_s80,이문류안에는행정국에살구현구할인하는내용이었다.
p00_u44,p00,ce_s160,읍유란애는행정국으로한고한과는내용이었다.
p00_u44,p00,taps_s80,이법률은행후역개편으로그면동휴가줄어든경우걔편직전에수를기준으로화전수품으로설치하고선거사무원을선임하는내용이담겼다.
p00_u44,p00,taps_s160,이법률은행정부역개편으로그면동휴가줄어든경우개편직전에수를기준으로화전수품으로설치하고선거사무원을선임하는내용이담겼다.
p00_u44,p00,ce_visible,잇음료한애는구역했던거고어떤로션할때한국
p00_u44,p00,ce_invisible,이법률은행부역개편으로그면동휴가줄어든경우개편직전에수를기준으로화전수품으로설치하고선거사무원을선임하는내용이당겠다.
p00_u45,p00,taps,대정햄버거는오늘 15일공포와동시에시행데 3월 9일열리는걔 20대대통령선과부터접영될예정이다.
p00_u45,p00,ce,외정된버아는오늘 15일굶고와. 공식병아무리열리는네 20대통영  건가부터의경될예정이다.
p00_u45,p00,ce_s40,외정된버아는오늘 15일굶고와. 공백명백구일연류는내 20대통영  건가부터의경될예정이다.
p00_u45,p00,ce_s80,외정된버아는오늘 15일굶고와. 공백명백구일연류는내 20대통영  건가부터의경될예정이다.
p00_u45,p00,ce_s160,외정된버마는운은 15일굶고와. 동새병아무리열리는네 20대통영  건가부터의경될예정이다.
p00_u45,p00,taps_s80,배정된버바는오늘 15일공포와동시에 3월 9일열리는걔 20대대통령선과부터접영될예정이다.
p00_u45,p00,taps_s160,배정된버바는오늘 15일공포와동시에희행돼. 3월 9일열리는걔 20대대통령선과부터접영될예정이다.
p00_u45,p00,ce_visible,외정된버아는오늘 15일굶고와. 공백명백구일연리는 20대통영  건가부터의경될예정이다.
p00_u45,p00,ce_invisible,배정된버바는오늘 15일공포와동시에시행데 3월 9일열리는걔 20대대통령선과부터접영될예정이다.
p00_u46,p00,taps,아빠부천시는이나 2019년광역동취재로전환하면서이번서른여섯개행정동이열것으로국가대.
p00_u46,p00,ce,아까부천은그냥 2019년병채로전환해서이번서른여섯개행정동열것으로때
p00_u46,p00,ce_s40,아까부천은그냥 2019년병채로전환어이번서른여섯개행정동열것으로대폭흑발됐다.
p00_u46,p00,ce_s80,아빠부천은그냥 2019년병채로전환해서이번서른여섯개행정병열것으로때폭절됐다.
p00_u46,p00,ce_s160,아빠부천은그날 2019년병채로전환해서이번서른여섯개행정동열것으로때.
p00_u46,p00,taps_s80,아빠부천시는이나 2019년광역동취재로전환하면서이번설에여섯개행정동이열곳으로될거됐다.
p00_u46,p00,taps_s160,아빠부천시는이나 2019년광역동취재로전환하면서이번설엔여섯개행정동이열것으로대폭후쿠오카.
p00_u46,p00,ce_visible,아까부천은그냥 2019년병채로전환해서이번서른여섯개행정동열것으로때
p00_u46,p00,ce_invisible,아빠부천시는이나 2019년광역동취재로전환하면서이번서른여섯개행정동이열것으로국가대.
p00_u47,p00,taps,이에따라서수도 10개로 o데지난 2020년대 20일때청산시민들이멀리떨어진틀려서까지찾아가야하는길턴을바꿨다.
p00_u47,p00,ce,위에따라하셔도열개로네. 난 20년에 20일때통금단지주민들이멀리떨어진프수까지빠져나가야하는그사람들도
p00_u47,p00,ce_s40,위에따라따른 10개줬거든. 난 20년에 20일때통금단지주민들이멀리떨어지는께속까지빠져가야하는그사람들도
p00_u47,p00,ce_s80,위에따라하셔도열배로쳤거든그난 20년에 20일때통장덩치주민들이멀리떨어진투표수까지빠져나가야하는그눈을가까
p00_u47,p00,ce_s160,위에따라한열몇한 20년에 20일내통금이멀리떨어진머리빠져봐야아는거같애.
p00_u47,p00,taps_s80,이에따라소수도 10개로 9데지난 2020년대 20일때청천당시주민들이멀리떨어진틀려서까지찾아가야하는길턴을바꿨다.
p00_u47,p00,taps_s160,이에따라소수도 10개로 FI 2020년대 20일때청천당시주민들이멀리떨어진틀려서까지찾아가야하는길턴을바꿨다.
p00_u47,p00,ce_visible,위에따라하셔도열개한 20년에 20일때통금단지주민들이멀리떨어진프수까지빠져나가야하는그사람들도
p00_u47,p00,ce_invisible,이에따라서수도 10개로 o데지난 2020년대 20일때청산시민들이멀리떨어진틀려서까지찾아가야하는길턴을바꿨다.
p00_u48,p00,taps,이영양으로구천디역사전트는전국기초디자체가운데두번째로낮았고 3점권쯤에논란이인기도.
p00_u48,p00,ce,이영양으로국산지역아전체영국이자때가운데두번째로낮았고삼성건쯤에논란이일기도있다.
p00_u48,p00,ce_s40,이영양으로국산지역아전특별은영국디자인때가운데두번째로낮았고삼성건쯤에놀라니이루했다.
p00_u48,p00,ce_s80,이영양으로국산지역아저씨는영국이다두번째로낮았고삼성건쯤에놀라니이루했다.
p00_u48,p00,ce_s160,이영양으로국산지역아저씨는영국입구디자인가운데두번째로낮았고삼성건쯤에놀라니이루했다.
p00_u48,p00,taps_s80,이영양으로구천디역사전트는전국이초디자체가운데두번째로낮았고 3점권쯤에논란이인기도.
p00_u48,p00,taps_s160,이영향으로 9천디역사전투표율은전국기초지자체가운데두번째로낮았고 3점권쯤에논란이인기도했다.
p00_u48,p00,ce_visible,이영양으로국산지역아전체영국이자때가운데두번째로낮았고삼성건쯤에논란이일기도있다.
p00_u48,p00,ce_invisible,이영양으로구천디역사전트는전국기초지자체가운데두번째로낮았고 3점권쯤에논란이인기도.
p00_u49,p00,taps,구천시성관이는대선때사촌조가원활하게운영되는다꼭다.
p00_u49,p00,ce,실상관이는예전에따른수프가원활하게운영배도그걸준비하겠다.
p00_u49,p00,ce_s40,실상관이는애따른투표가원활하게운영배도준비하겠다라고발겠다.
p00_u49,p00,ce_s80,실상관이는애따른투표가원활하게운영배도그걸준비하겠다. 바꼈다.
p00_u49,p00,ce_s160,실상관이는예전에투표가원활하게운영배도그걸준비하겠다라고말겠다.
p00_u49,p00,taps_s80,부천시상관이는대선대. 화전수표수가원활하게운영되는거알겠다.
p00_u49,p00,taps_s160,부천시상관이는대선때사촌가원활하게운영되는다꼭봐.
p00_u49,p00,ce_visible,실상관이는예전에따른수프가원활하게운영배도그걸준비하겠다.
p00_u49,p00,ce_invisible,구천시성관이는배산데사전수표수가원활하게운영되는다꼭다.
p00_u50,p00,taps,영화해적도깨비 8일연속  빡세게췌장을느끼면설연휴국장가릴사물잡았다.
p00_u50,p00,ce,영화해적도깨비할인해서박스오픽스해장을볶음면할연구장까지하루잡았다.
p00_u50,p00,ce_s40,영화해적도깨비할인여서박스오케이스폐장을시키며화요일연휴국당을하루잡았다.
p00_u50,p00,ce_s80,영화해적도깨비한일연속박스오케이스폐장을볶음면할연구극장까지 3일잡았다.
p00_u50,p00,ce_s160,영화해적도깨비한일연속박스오케이스폐장상을볶음면헐연휴극장까지 3일잡았다.
p00_u50,p00,taps_s80,영화해적독일 8일연속빠질췌장을느끼면설연휴국장나를사노까
p00_u50,p00,taps_s160,영화해적얘기 8일연속빠질최종상을느끼면설연휴국장가릴사물잡았다.
p00_u50,p00,ce_visible,영화해적도깨비할인해서박스오픽스해장을볶음면할연구장까지하루잡았다.
p00_u50,p00,ce_invisible,영화해적도깨비 8일연속  빡세게췌장을느끼면설연휴국장가릴사물잡았다.
p00_u51,p00,taps,"3일, 영화지는이원에영화관통화전산방에따르면해적도깨기깃발은한달하루동안한 11명에무조건 88만 316명을이렇게"
p00_u51,p00,ce,사실영화기능유원에영화관이껀또정상망에따르면해적도비빠른연달아동안한한백명동원에의적하면육명을
p00_u51,p00,ce_s40,사실영화기능요번에영화관이있담권통하전망에따르면해적도빼기동안한한백명동원에의격한백명은
p00_u51,p00,ce_s80,사실영화기능요번에영화관이있담권통하전망에따르면해적도끌리긴한달동안한한백주 6 명에의격한백명을
p00_u51,p00,ce_s160,암일영화지는영화관있던건또전파에따르면해적도말은안한동안한한백명동원에의견한백명을
p00_u51,p00,taps_s80,"3일, 영화지는이원에영화관이탐건통합전산방에따르면해적도깨기깃발은전날하루동안 3만한 7백 11명에누적관객수팔만한 496명을이렇게나."
p00_u51,p00,taps_s160,"3일, 영화지는영화관통화점 3 방에따르면해적도깨기  오빠는하루동안한 71명을동원에의적한게 88만원한 496명을이렇게"
p00_u51,p00,ce_visible,사실영화능해영화관또전파에따르면해적도만한한백명동원에의적하면육명을
p00_u51,p00,ce_invisible,"3일, 영화지는이원에영화관통화전산방에따르면해적도깨기깃발은한달하루동안한 11명에무조건 88만 316명을이렇게"
p00_u52,p00,taps,해줘. 도깨비말은행적도없이사라진왕실보물의주인이되기위에바다로모임해적그에서도란모험을그린영화다.
p00_u52,p00,ce,해적도깨비빠른끈적사라진왕실보물에주인이되고아따로모임해장그해서팩탁그랑모험을그린영화다.
p00_u52,p00,ce_s40,해적도쿄말은한적도없게사라진왕실보물의주인이되고바다로모임해정그해서팩닷그든몸에그린영화다.
p00_u52,p00,ce_s80,해적도배그말은흔적사라진왕뜰보물의주인이되고아따로모임해정그해서팩트나모험을그린영화다.
p00_u52,p00,ce_s160,해적도쿄말은한적도없게사라진왕실보물에주인이되고아따로모임해정그해서백딱그단모험을그린영화다.
p00_u52,p00,taps_s80,해줘. 도깨비말은행적없이사라진왕실보물의주인이되기위에바다로모임해적그에서도란모험을그린영화다.
p00_u52,p00,taps_s160,해줘. 도깨비말은행적도없이사라진왕실보물의주인이되기위에바다로모임해적그레이드랑모험을그린영화다.
p00_u52,p00,ce_visible,해적도깨비빠른끈적사라진왕뜰버무라에주인이되고아따로모임해장그해서백딱그라모험을그린영화다.
p00_u52,p00,ce_invisible,해줘. 도깨비말은행적도없이사라진왕실보물의주인이되기위에바다로모임해적그에서도란모험을그린영화다.
p00_u53,p00,taps,작품은동식이개봉작을내당장국내에모든경쟁력을아빠적으로지키면올해개봉작중최고후쿠오를넘어섰다.
p00_u53,p00,ce,아그믄동심이개봉작을미뤘대. 병장한국내모던병장으로아빠적으로올해개봉작용해고코오를넘어섰다.
p00_u53,p00,ce_s40,아그믄동심이개봉작을미뤘대. 병장국내모던병장으로아빠적으로올해배정해고코오를넘어섰지.
p00_u53,p00,ce_s80,아그러면동심이개봉작을미뤘대. 병장한국내모던병장으로아빠적으로올해배송작용해고코오를넘어섰다.
p00_u53,p00,ce_s160,아그믄동수인공장을미뤘대. 경쟁한국내모던병장으로압도적으로올해배송작용해고코오를넘어섰다.
p00_u53,p00,taps_s80,작품은동식이개봉작을내당장국내의모든경쟁력을보쪽으로재치면오래작중최고후쿠오를넘어섰다.
p00_u53,p00,taps_s160,작품은통신이개봉작을내놓에정쟁한국내의모든경쟁력을보로들키면올해개봉작중해부후쿠오를넘어섰다.
p00_u53,p00,ce_visible,아그믄동심이개봉작을미뤘대. 병장한국내모던병장으로아빠적으로올해배송작용해고코오를넘어섰다.
p00_u53,p00,ce_invisible,작품은동식이개봉작을내당장국내에모든경쟁력을아빠적으로지키면올해개봉작중최고후쿠오를넘어섰다.
p00_u54,p00,taps,"2를차지한킹메이크는 7만6 한, 28명을불러와노력해서 48만원한 3, 2900을동문을나와."
p00_u54,p00,ce,2일까지한백거는일만육천이백팔십세명을불러뭐백만아싸 9명을동원했다.
p00_u54,p00,ce_s40,2 비를따지면뚝매니거는일반육군이백대백을불러뭐백만원아 40분동안했다.
p00_u54,p00,ce_s80,2 비를따지랑쭉매거는 7만6건이백발점빼면은불러모아. 아스때만아싸 4백 690을동원했다.
p00_u54,p00,ce_s160,2 비를따야빅매니거는 1만6건이백팔십세명을불러아백육백동안했다.
p00_u54,p00,taps_s80,"1위를차지한킹메이크는 7만6 한 28명을불러모아. 노력한게그 48만원한 3, 29명을동원을나와."
p00_u54,p00,taps_s160,1위를차지한킹메이크는 7만6 한 28명을불러모아. 노력한게그 48만 489명을동원을어.
p00_u54,p00,ce_visible,2일까지한백거는일만육천이백팔십세명을불러뭐백만아싸 9명을동원했다.
p00_u54,p00,ce_invisible,"2를차지한킹메이크는 7만6 한, 28명을불러와노력해서 48만원사이9 명을동문을나와."
p00_u55,p00,taps,사위싱투게더는을밀관객수 2만 6백이십팔명으로의료광객수는 79만 3천 5백 49명으로듣게냈다.
p00_u55,p00,ce,합이삥쪽에너는을밀광격극한 6백명으로의적광격수는 79만 3589 명으로죽게됐다.
p00_u55,p00,ce_s40,합이삥쪽에너는을밀광격극한 6백명으로의료광경은회식구만 3589 명으로죽게됐다.
p00_u55,p00,ce_s80,합이삥쪽에서는을밀광격극한 6백팔명으로의료광경수는 79만 3589 명으로죽게됐다.
p00_u55,p00,ce_s160,합이쎈투게너는을밀광격수은한 628명으로의료광경수는 79만 3589 명으로죽게됐다.
p00_u55,p00,taps_s80,사위싱투게더는을밀관계그 2만 6백이십팔명으로노력한게 79만 35 49명으로느끼니까.
p00_u55,p00,taps_s160,사위행은을밀관계도 2만 6백이십팔명으로의료광객수는 79만 3천 5백 49명으로느낀다.
p00_u55,p00,ce_visible,합이삥쪽에너는을밀광격극한 6백명으로의적광격수는 79만 3589 명으로죽게됐다.
p00_u55,p00,ce_invisible,사위싱투게더는을밀관객수 2만 6백이십팔명으로의료광객수는 79만 3천 5백 49명으로듣게냈다.
p00_u56,p00,taps,오이극장판안정이야. 제주도에디인이든일관객수일만이천오백5십오명령관계 6만7328명이다.
p00_u56,p00,ce,오비  땅바닥안정파주야. 외교비밀은의류광객주 1만 2천5백 5십오명역광적유난 36명이다.
p00_u56,p00,ce_s40,"오비짬빠주야. 그래도에비밀은의류광객주 1만 2천5백 55명의적광적유난 1,328명이다."
p00_u56,p00,ce_s80,오비짬판안정파주야. 그래도에비밀은의류광객주 1만 2천5백 5십오명령공격수 6만 7천 3백미십판명이다.
p00_u56,p00,ce_s160,오비짬뽕안녕하세요. 비밀은의류광객주 1만 2천 5백5십오명령관계 6만 7천 328명이다.
p00_u56,p00,taps_s80,오이극장판안정이야. 제주도에디인이든일류관객수일만이천오백5십오명령액수 6만7328명이다.
p00_u56,p00,taps_s160,오이극장판안정이야. 제주도에비니든 1주일공격수 1마 295명의적관객수 6만7328명이다.
p00_u56,p00,ce_visible,오비  땅바닥안정파주야. 외교비밀은의류광객주 1만 2천 5백 5십오명역광적유난 36명이다.
p00_u56,p00,ce_invisible,오이극장판안정이야. 제주도에디인이든일관객수일만이천오백5십오명령관계 6만7328명이다.
p00_u57,p00,taps,전기과천시는 2022년국과시민있는거리조성사업을통해거리국가에과천기같은삼성공간을조성하고있다고 199였다.
p00_u57,p00,ce,영규과정은이천2년국과신이있는거리조성합을  곳곳에곱창집가득한감성공관을조성하고있다고해9일발겄다.
p00_u57,p00,ce_s40,영규과정은이천2년국과신입있는거리조성합을  곳곳에곱창집가득한감성공관을조성하고있다고해 9일발겄다.
p00_u57,p00,ce_s80,영규과정은이천이십이년후와시민거리소송법에버리구곳에끝장비가르간암선공간을조성하고있다고해 95에발겄다.
p00_u57,p00,ce_s160,영규과정은이천이십이년후과신빙있는거리소송법정의곳곳에끝장비가르간암선공간을조성하고있다고했고.
p00_u57,p00,taps_s80,정규과천신은 2022년국과시민있는거리조성사업을통해거리국가에꽂장기간삼성공간을조성하고있다고 19일날갔다.
p00_u57,p00,taps_s160,정규과천시는 2022년국과시민있는거리조성사업을통해거리국가에꽂장비같은삼성공간을조성하고있다고 199였다고.
p00_u57,p00,ce_visible,영규과정은이천2년국과신이있는거리조성합을  곳곳에곱창집가득한감성공관을조성하고있다고해9일발겄다.
p00_u57,p00,ce_invisible,전기과천시는 2022년국과시민있는거리조성사업을통해거리국가에과천기같은삼성공간을조성하고있다고 199였다.
p00_u58,p00,taps,화천신은이사를동의화천시민네간여정부과천성사버드정기장에있는치유정원을다양한국과허브향기가가르간자연친화적감성정원으로해담당했다.
p00_u58,p00,ce,걔는이민데간부같은경우는다정비장이런건꼭해야된다.
p00_u58,p00,ce_s40,걔는끼면꼭
p00_u58,p00,ce_s80,이때간여보가중류장인데양념꽂아.
p00_u58,p00,ce_s160,아에민도관다버스정류장꼭
p00_u58,p00,taps_s80,화천신은이사업을중에과천시민네간여정부과천성사정리장있는시유정원을다양한국과허브향기가가르간자연친화적감성정원으로해단장했다.
p00_u58,p00,taps_s160,화천시는이사업을동의과천시민네간여정부과천성사버스정리장있는치유정원을다양한국과허브향기가가르간자연친화적감성정원으로해단장에있다.
p00_u58,p00,ce_visible,걔는이민데간부같은경우는다정비장이런건꼭해야된다.
p00_u58,p00,ce_invisible,화천신은이사를동의화천시민네간여정부과천성사버드정기장에있는치유정원을다양한국과허브향기가가르간자연친화적감성정원으로해담당했다.
p00_u59,p00,taps,치유정원은버스나지하철을이용하는희민들이대중교통수상을기다리는동안라벤더링열여섯여정에허브향기를즐기고퍼토전까지구비된장소이다.
p00_u59,p00,ce,영화는몇종일노점까지
p00_u59,p00,ce_s40,
p00_u59,p00,ce_s80,동그라운드허브한개헛구점까지
p00_u59,p00,ce_s160,영화는애정결제를했고아니면어떤여정에허브한개를헐떠전까지
p00_u59,p00,taps_s80,치유정원은버스나지하철을이용하는희민들이대중교통수상을기다리는동안라벤더군 16의허브향기를즐기고허토전까지구비된장소이다.
p00_u59,p00,taps_s160,치유정원은버스나지하철을이용하는희민들이대중교통수단을기다리는동안라벤더는 16에허브향기를즐기고퍼토전까지구비된장소이다.
p00_u59,p00,ce_visible,영화는꾸준히한여정해허벅지를노까
p00_u59,p00,ce_invisible,치유정원은버스나지하철을이용하는희민들이대중교통수상을기다리는동안라벤더링열여섯여정에허브향기를즐기고포토전까지구비된장소이다.
p00_u60,p00,taps,신은지난에부터국가시미있는거리조성사업을추진해. 고구나일부로지친시민의마음을치유하고자도신곳곳에감성공간을조상해왔다.
p00_u60,p00,ce,우리는옷갈의미있는거마음을들긴해. 호로나육오를육군시민이네마음을쌓여고나교수님국가에감성공관을조상해왔다.
p00_u60,p00,ce_s40,우리는옷갈의미있는거리조성마법쪽이네서로나육으로육군시민의마음을  꼬여보자그중국에감성공간을조상해왔다.
p00_u60,p00,ce_s80,우리는붙어짐이있는거리교성사업을꾸준해보루나육오를육군시민의마음을찢어보자교수님국가에감성공간을조상해왔다.
p00_u60,p00,ce_s160,우리는비단에부터국가시미있는거리조성사업을꾸준해보루나육오를입고이나마음을찢어보자. 요즘엔삼성감성공간을조상해왔다.
p00_u60,p00,taps_s80,신는지난에부터국가시미있는거리조성사업을주진에호두나이기로지친시민의마음을치유하고자도신곳곳에감성공간을조상해왔다.
p00_u60,p00,taps_s160,신는지난해부터국가심이있는거리조성사업을추진해. 호두나이기로지친시민의마음을치유하고자도신곳곳에감성공간을조상해왔다.
p00_u60,p00,ce_visible,우리는옷갈의미있는거마음을들긴해. 호로나육오를육군때문에마음을끌려와도중국가에감성공관을조상해왔다.
p00_u60,p00,ce_invisible,신은지난에부터국가시미있는거리조성사업을추진해. 고구나일부로지친시민의마음을치유하고자도신곳곳에감성공간을조상해왔다.
p00_u61,p00,taps,지난해애는대공원나를길에계단마다소화운동을설계시민들이산책과주식을짜줄수있는힐링공원을만들었다.
p00_u61,p00,ce,이나는외국은나를배달마다암묵암도시민들이한턱일할수있는힘든공이는.
p00_u61,p00,ce_s40,이나외국은나를배달마다암묵암에님들이한턱일할수있는힘든공인.
p00_u61,p00,ce_s80,이나둘에매달마다암묵암도할때후문들이한두학년수있는행동은
p00_u61,p00,ce_s160,이나는외국간나를배달마다할게시민들이한턱일도있다할수있는힘든공인대만들었다.
p00_u61,p00,taps_s80,지난해애는대공원나를길에계단마다소화과목돈을설계시민들이산책관휴식을짜할수있는힐링공간을만들었다.
p00_u61,p00,taps_s160,지난해애는대공원나르길에계단마다소화과목증을설계시민들이산책관휴식을짜할수있는힐링공간을만들었다.
p00_u61,p00,ce_visible,이나는외국은나를배달마다암묵암도이민들은한턱일할수있는힘든공이는.
p00_u61,p00,ce_invisible,지난해애는대공원나를길에계단마다소화운동을설계시민들이산책과주식을짜줄수있는힐링공원을만들었다.
p00_u62,p00,taps,또지난달중순에는지역가로변리기억안해루피나수외에 20 여전과약 11만보낸곳을축제하기도있다.
p00_u62,p00,ce,로빈한달정도에는역아로변리역하다네로빈학생왜 20여동과약만보낼곳을하기도있다.
p00_u62,p00,ce_s40,로빈한달정도에는역바로변리역하다네로빈학생그외 20 여동과약그일만보낼곳을있게하기도있다.
p00_u62,p00,ce_s80,로빈한달은역할로변리역하다네로빈아그왜 20 여동과약만보낼곳을있게하기도있다.
p00_u62,p00,ce_s160,로지난달에는역바로몇미요화단에로빈아그왜 20여동과약만보낼곳을있게하기도했다.
p00_u62,p00,taps_s80,또지난달중순에는지역가로금미지역화단에루피나수외에 20 여전과약 11만원에코트를찍재하기도있다.
p00_u62,p00,taps_s160,또지난달중순에는기억하로변리기억안해루피나수외에 20 여전과약 11만본의곳을축제하기도있다.
p00_u62,p00,ce_visible,로빈한달정도에는역아로변리역하다네로빈아그왜 20여동과약만보낼곳을하기도했다.
p00_u62,p00,ce_invisible,또지난달중순에는지역가로변리기억안해루피나수외에 20 여전과약 11만보낸곳을축제하기도있다.
p00_u63,p00,taps,다양해걷기용서로주목받고있는나만어우끼리책은전면계통에관광객에발길을끌고있다.
p00_u63,p00,ce,안양에걷게명절을주면빠꾸있는나만딱워홀은류를혹은증명해진해인간요
p00_u63,p00,ce_s40,안양이볶음을주면빠꾸있는나만딱어울음그진명그쪽에관광객들을끌고있고.
p00_u63,p00,ce_s80,안양이볶음을주면빠꾸있는나만딱워홀은혹은분명그쪽에관광객을끌고있냐?
p00_u63,p00,ce_s160,안양에볶음을주면빠꾸있는나만워홀은류근인간을끌고있다.
p00_u63,p00,taps_s80,다양해걷기용서로주목받고있는나만어우끼리최근전량계통에관광객에발길을끌고있다.
p00_u63,p00,taps_s160,다양해걷기용서로주목받고있는나만어우끼리책은전략형관광객에발기를끌고있다.
p00_u63,p00,ce_visible,안양이걷기용도로주면빠꾸있는나만딱워홀은혹은증명해진격인간적인끌고있다.
p00_u63,p00,ce_invisible,다양해걷기용서로주목받고있는나만어우끼리책은전면계통에관광객에발길을끌고있다.
p00_u64,p00,taps,군에따르면나만광고늘임보후강물길내거등특별로와. 반양채용공원을있는구간으로 265일터연결로와. 45미터교랑이최근계통듣다.
p00_u64,p00,ce,에따르면나만오른끓은을임보물길내꺼쓰중 1로안양공원에있는구간으로이백육개보니까연결로와주니까.
p00_u64,p00,ce_s40,군에따르면남한빵얼음길은을임보광맥길내거수정의견로와안양공원에있는구간으로 200개보니까연결로와규랑이해군개통됐다.
p00_u64,p00,ce_s80,"군에따르면남한빵얼음길은웨딩보급네코스 2백와, 안양공원에있는구간으로 200개모이니까연결로와주머니댁이해군개통됐다."
p00_u64,p00,ce_s160,운이따르면나만꽝오름길은웨딩보급내꺼쓰고안양땡용공원에있는구간으로 2006대5미터연결로와주비해군께.
p00_u64,p00,taps_s80,군에따르면나만깐거릉길은느린보후강력낄로와. 반양체육공원을있는구간으로이백오미터연결로와. 45미터뷰랑이최근계통듣다.
p00_u64,p00,taps_s160,군에따르면나만간거오른길은느린보물길내고등스별로와. 반양생공원을있는구간으로이백십오미터연결로와. 45미터뷰랑이최근계송듣다.
p00_u64,p00,ce_visible,에따르면나만오른끓은을임보물길내꺼쓰중 1로안양공대용공원에있는구간으로이백육개보니까연결로와주니까구라니해금태평도있다.
p00_u64,p00,ce_invisible,군에따르면나만광고늘임보후강물길내거등특별로와. 반양채용공원을있는구간으로 265일터연결로와. 45미터교랑이최근계통듣다.
p00_u65,p00,taps,이번에개똥된연결로와은느린보물길내코스약 6키로미터구간에모두있는마지막영굘골이다.
p00_u65,p00,ce,"이번에그동백화는유림부강불끓인내코스야, 6킬로미타고구간의모두있는마지막명절골이다."
p00_u65,p00,ce_s40,이번에개통된명절로와요랑은유림부강불은내코스약 6끼루미토구간의모두있는마지막명절골이다.
p00_u65,p00,ce_s80,이번에그동백명절로와요랑은유림부강불은내코스약 6끼루미토구간의모습있는마지막명절콜이다.
p00_u65,p00,ce_s160,"이번에그동백화는유림부강불끓인내코스야, 6끼루미토구간의모습있는마지막골이다."
p00_u65,p00,taps_s80,이번에개통된영렬로와은느린보물길내코스약 6키로미터구간의모두있는마지막영굘골이다.
p00_u65,p00,taps_s160,이번에개똥연결은느린보물길은네코스약 6키로미터구간의모두있는마지막골이다.
p00_u65,p00,ce_visible,이번에그동백화는유림부강불은내코스약 6끼루미토구간의모두있는마지막명절골이다.
p00_u65,p00,ce_invisible,이번에개똥된연결로와은느린보물길내코스약 6키로미터구간에모두있는마지막영굘골이다.
p00_u66,p00,taps,"어우름끼는병원과광장, 포토존다양한편의시절이확흔될예정이고다양생태최고공원등에대형찬이추가로확보된다."
p00_u66,p00,ce,어른들은왕장포토존안양한팬이계열이고확정될예정이고안양공대끌한등에휴가로확보된다.
p00_u66,p00,ce_s40,어른들은왕장포토존안양한팬이계열이확든예정이고안양공대끌한등에매형안양이휴가로확보된다.
p00_u66,p00,ce_s80,어른들은왕장포토존안양한팬이시절이확든예정이고안양공대페북공원등에매형전양이휴가로확보된다.
p00_u66,p00,ce_s160,어른들은왕장포토존안양한팬이귀여리확쿵될예정이고안양공대끌고만등이매형전향이휴가로확보된다.
p00_u66,p00,taps_s80,"어우름끼는영원과광장, 포토존다양한편의시절이확간게예정이고다양상태가로확보된다."
p00_u66,p00,taps_s160,"어우름끼는영원과광장, 포토존다양한편의시절이확흔될예정이고다양생태최고공원등에대형퇴사량이추가로호보된다."
p00_u66,p00,ce_visible,어른들은왕장포토존안양한팬이계열이고확정될예정이고안양공대끌고만등이애정으로확보된다.
p00_u66,p00,ce_invisible,"어우름끼는전공과, 광장, 포토존다양한편의시절이확흔될예정이고다양생태최고공원등에대형찬이추가로확보된다."
p00_u67,p00,taps,데다가카약과파티못든다새로수상레퍼트를즐길수있는단양상태로있다.
p00_u67,p00,ce,그다가과양꽈떼로안양공대  일곱장보고있다.
p00_u67,p00,ce_s40,그다가과양꽈는앗때로상대못뜯어먹을수있는안양공대  일곱학기정도양도안해두고있다.
p00_u67,p00,ce_s80,그다가과양꽈떼보드타때도소상될수있는안양핑때류공원그대로장도그냥눈앞에두고있다.
p00_u67,p00,ce_s160,그다가과양꽉티못뜯어파때로소상될수있는안양상태주고있다.
p00_u67,p00,taps_s80,게다가카약꽉끼는다새로수상레크를즐길수있는반양상태보고있다.
p00_u67,p00,taps_s160,게다가카약꽉끼는다새로수상레포츠를즐길수있는단양상태를누나가해두고있다.
p00_u67,p00,ce_visible,그다가과양꽈떼로한대표에있는안양공대  일곱장보고있다.
p00_u67,p00,ce_invisible,데다가카약과파티못든다새로수상레퍼트를즐길수있는단양상태로있다.
p00_u68,p00,taps,특히이익일은느린보물길이래서오코스가장자리에이있어도심방면으로는도심에세련미와함께많잖아. 하이워크이기터널든유명관광기를둘러볼수있다.
p00_u68,p00,ce,일일하고아장자리엔방정으로는해병만원이력공장
p00_u68,p00,ce_s40,강북에오고아장자리엔방면으로는해양위에마인드하나있고
p00_u68,p00,ce_s80,강북을아장자리에방면으로는해양위에마인드나이력공장
p00_u68,p00,ce_s160,강북을일했고아장자리엔방면으로는해령만원이쁠건
p00_u68,p00,taps_s80,특히이익은느린부강불길이래서오코스바장자리에이있어도심방면으로는도심에세련미워한깨많잖아. 하이워크이기터널증명관광지를둘러볼수있다.
p00_u68,p00,taps_s160,특히이익은느린보물길이래서오그코스가장자리에이있어도심방면으로는도심에세련미어함께많잖아. 스카이워크이기타널은유명관광기를둘러볼수있다.
p00_u68,p00,ce_visible,일일하고아장자리엔방정으로는해병만원이력공장
p00_u68,p00,ce_invisible,특히이익일은느린보물길이래서오코스가장자리에이있어도심방면으로는도심에세련미와함께많잖아. 하이워크이기터널든유명관광기를둘러볼수있다.
p00_u69,p00,taps,"대신외곽으로는도담삼본과학문, 금굴역사명승기를만날수있다."
p00_u69,p00,ce,외곽으로는한한번와항분금여담명
p00_u69,p00,ce_s40,"외곽으로는한번와, 앙변그연달명"
p00_u69,p00,ce_s80,"외곽으로는한번와, 앙변그연역근급이래. 명"
p00_u69,p00,ce_s160,외곽으로인증한번와앙논
p00_u69,p00,taps_s80,대신외각낭면으로는도담삼본과학문금굴역사명승기를만날수있다.
p00_u69,p00,taps_s160,대신외각낭면으로는도담삼분과성분금굴역사명승기를만날수있다.
p00_u69,p00,ce_visible,외곽으로는한한번와항분금몇달만
p00_u69,p00,ce_invisible,"대신외곽으로는도담삼본과학문, 금, 은역사명승기를만날수있다."
p00_u70,p00,taps,전국에이름난당연장강도하고노당연강따라걷는약하필로미터는이미큰인기를끌면전국에크래킹영화들의주목을맞고있다.
p00_u70,p00,ce,영국에당연간강도하고노인양따라할건데학굘다닐때는운이큰인기를끊국에트랙쿡에구글맞고있다.
p00_u70,p00,ce_s40,영국에이름은당연간강도아하고노인양따라할건데학클럽일단은근육끈인끈을끈이러고있다.
p00_u70,p00,ce_s80,영국에이름은안양관도하고노인양따라할건데학클럽일단은근육끈을끊이구에뜰에익어가지고.
p00_u70,p00,ce_s160,영국에이름은안양관도하고노인양깡따라할건데약을일단은으로큰인끄를끈여영국에트랙을맞고있다.
p00_u70,p00,taps_s80,중국에이름난당일장강도하고노당연강따라걷는양하필로부터는이미큰인기를끌면전국에트랙킹영화들의주목을맡고있다.
p00_u70,p00,taps_s160,전국에이름은당연간강도하고노당연강따라걷는야카트로미터는이미큰인기를끌려. 전국에크랙킹영화들의제목을맡고있다.
p00_u70,p00,ce_visible,영국에당연간강도하고노인양항따라미권은은유끈맞고있다.
p00_u70,p00,ce_invisible,전국에이름난당연장강도하고노당연강따라걷는약하필로미터는이미큰인기를끌면전국에크래킹영화들의주목을맞고있다.
p00_u71,p00,taps,조이시티는자회사로드비웹툰에사명을조이풀엔터테인먼트로변경했다고하위발견됐다.
p00_u71,p00,ce,아왜나롯데명을엔터테인먼트로행동했다고
p00_u71,p00,ce_s40,아왜다로드몇천의땅영을엔터테인먼트로변경했다고하위발급떠.
p00_u71,p00,ce_s80,거기는다루비에따릉을엔터테인먼애랑갔다.
p00_u71,p00,ce_s160,아잇골
p00_u71,p00,taps_s80,조이시티는자회사로드비웹툰에사명을조이풀엔터테인먼트로변경했다고하위발견됐다.
p00_u71,p00,taps_s160,조이시티는자회사로드비웹툰에사명을조이풀엔터테인먼트로변경했다. 뭐 4일발였다.
p00_u71,p00,ce_visible,아왜나로드비몇천에따릉을엔터테인먼트로행동했다고
p00_u71,p00,ce_invisible,조이시티는자회사로드비웹툰에사명을조이풀엔터테인먼트로변경했다고하위발견됐다.
p00_u72,p00,taps,새로운사량이조이프랜트임언스는조의와팀플의합성어로독자들에게즐거움을안겨주는컨텐츠를개발하겠다는뜻을잡았다.
p00_u72,p00,ce,새로운사람이오일쁘엔터테이먼트는로하  이쁘네했던거로국가들의그검을안겨주는컨텐츠를볼만하겠다는뜻을잡았다.
p00_u72,p00,ce_s40,새로운사람이또이쁜타께임원은꼬여찌쁘니합정으로국가들의그검을안겨주는컨텐츠를볼만하겠다는뜻을잡았다.
p00_u72,p00,ce_s80,새로운사람이이쁘네했던거로국가들의그검을안겨주는판때를  웬만하면
p00_u72,p00,ce_s160,사령이는오히려이쁘게했던거로물건을안해주는건데
p00_u72,p00,taps_s80,새로운사량이조이프렌트인먼트는조이와팀플의합성어로독자들에게즐거움을안겨주는컨텐츠를개발하기따는뜻을다.
p00_u72,p00,taps_s160,"새로사량이조이풀엔터테인먼트는조야, 팀플의학생으로독자들에게즐거움을안겨주는컨텐츠를개발하기따는스스로다."
p00_u72,p00,ce_visible,새로운사람이보일뻔엔따님한은오히려찌뿌리합당으로국가들의그검을안겨주는컨텐츠를볼만하겠다는뜻을잡았다.
p00_u72,p00,ce_invisible,새로운사량이조이프랜트임언스는조이어팀플의합성어로독자들에게즐거움을안겨주는컨텐츠를개발하겠다는뜻을다.
p00_u73,p00,taps,조이풀엔터테인먼트는올해 4잉 6천뭐대국님에애원수인다양한작품을선보였다.
p00_u73,p00,ce,이쁜오레타이밍땀뭐애국민의애완생중다양한닭꼬니선보였다.
p00_u73,p00,ce_s40,게임만드는애국심에에바인애야.
p00_u73,p00,ce_s80,엔터테이먼트는올해빠이니업무애국심에애원애랑자꾸
p00_u73,p00,ce_s160,이쁜게임만드는올해파이밍땀먹애국민의애완생동에양한닭꼬슴을뻔했다.
p00_u73,p00,taps_s80,조이프랜스테이먼트는올해 4잉 3 뭐대국님에애원수인다양한작품을선보였다.
p00_u73,p00,taps_s160,조이풀엔터테인먼트는올해 4잉 3 뭐대국님에애원수인다양한작품을선보였다.
p00_u73,p00,ce_visible,이쁜오레타이밍땀뭐애국민의애완생중다양한닭꼬니선보였다.
p00_u73,p00,ce_invisible,조이풀엔터테인먼트는올해 4잉 6천뭐대국님에애원수인다양한작품을선보였다.
p00_u74,p00,taps,의종태국에외환송이는지난 7월연재시카카오페이지가행승 1일기록한바있다.
p00_u74,p00,ce,의경배구김에여드는그냥룰연재기아까워랭킹 1위를안봐.
p00_u74,p00,ce_s40,의경배구이네연재베그유타오페이슬프간랭킹 1위를그렇게안봐있다.
p00_u74,p00,ce_s80,의경배구이네한 1월연장에휴아까행군 1키로안바있다.
p00_u74,p00,ce_s160,의경배구닝에한 7월연대의류학과에 1등한군 1억바이.
p00_u74,p00,taps_s80,유종태국에애완동애는지난 7월연재실이유카카오페이지가행승 1일을기록한바있다.
p00_u74,p00,taps_s160,유종페북에에와흥순있는지난 7월연재실이유카카오페이지간행승 1일을기록한바있다.
p00_u74,p00,ce_visible,의경배구김에여드는그냥연재기아까워랭킹 1위를함봐있다.
p00_u74,p00,ce_invisible,의종태국에외환송이는지난 7월연재시카카오페이지가행승 1일기록한바있다.
p00_u75,p00,taps,또중국에던플랫폼파이칸가연재대학을해결하면시장에진출했다.
p00_u75,p00,ce,또중국에던플랫폼깔려로버스장르궁금했다.
p00_u75,p00,ce_s40,또중국에던플랫폼깔려로스짱이긴쓰겠다.
p00_u75,p00,ce_s80,또중국에뜨는과일판가연재기하고행여라며.
p00_u75,p00,ce_s160,또중국에블랙펄빠이판가연재구역을챙겨라며.
p00_u75,p00,taps_s80,또중국에던플랫폼파이칸가연재기약을  생겨라며블로거시장에진출했다.
p00_u75,p00,taps_s160,또중국에던플랫폼파이칸가연재대학을새겨라며블로그시장에디큐에다.
p00_u75,p00,ce_visible,또중국에던플랫폼깔려로버스장에궁금했다.
p00_u75,p00,ce_invisible,또중국에던플랫폼파이칸가연재대학을해결하면시장에진출했다.
p00_u76,p00,taps,브이프렌터페이아트는판타지장르를비롯한시려정의노블코믹스밑오리지날웹툰타이틀을제작종이다.
p00_u76,p00,ce,꼬이콜엔터테이먼트는한따리장들비로단 1화중에노블코믹오류비날웹툰따위때를배작용이다.
p00_u76,p00,ce_s40,꼬이콜엔터테이먼트는한따리장들비로단 1화중에노블코믹유오리비나메트타이트를배작용이다.
p00_u76,p00,ce_s80,웨이브엔터테이먼트는한따리장들비롯한노블코믹오류비나메든타이트를배작종이다.
p00_u76,p00,ce_s160,꼬이콜엔터테이먼트는한따리장들비로단 1화중에노블코믹유오리지날웹툰따위때를배작종이다.
p00_u76,p00,taps_s80,조이프렌터테인먼트는판타지장르를비롯한시려정의노블코믹스밑오리지날웹툰타이틀을제작종이다.
p00_u76,p00,taps_s160,조이프렌터테인먼트는판타지장르를비롯한시려정의노블코믹스밑오리지날웹툰타이틀을제작종이다.
p00_u76,p00,ce_visible,꼬이콜엔터테이먼트는한따리장들비로단 1화중에노블코믹오류비날웹툰따위때를배작용이다.
p00_u76,p00,ce_invisible,브이프렌터페이아트는판타지장르를비롯한시려정의노블코믹스밑오리지날웹툰타이틀을제작종이다.
p00_u77,p00,taps,내년에는뭐에사 OECD에게임기식자사하는화용한웹툰도선복을계획이다.
p00_u77,p00,ce,내년에는뭐해가지고몇번얘기
p00_u77,p00,ce_s40,내년에는뭐해서게임다사는활용한몇등급이다.
p00_u77,p00,ce_s80,내년에는뭐해서게임다사는활용한몇등급이다.
p00_u77,p00,ce_s160,내년에는뭐해서 5일은몇군
p00_u77,p00,taps_s80,내는목에사 OECD에게임지식자사하는활용한웹툰도선복을계획이다.
p00_u77,p00,taps_s160,내가는목에사 OCT액게임식자사하는활용한웹툰도선복을계획이다.
p00_u77,p00,ce_visible,내년에는뭐이렇게오면몇
p00_u77,p00,ce_invisible,내년에는뭐에사 OECD에게임기식자사하는화용한웹툰도선복을계획이다.
p00_u78,p00,taps,김준현저입니다게임한테는웹툰분야에국한하지않고스토리컨텐츠분야전반을다루는기업으로성장해나갈계획이라고말했다.
p00_u78,p00,ce,그냥조이터게임만뜨면은몇급분량이  국가하지않구러리콘센트분만에부르는그기업으로성장해나갈거를.
p00_u78,p00,ce_s40,은근엔터테인먼트  모르겠는웹툰보냐에국한하지않고러리콘센트분만에다루는그옆으로성장해나갈거를말했다.
p00_u78,p00,ce_s80,은근엔터테인먼트  그러면은웹툰보냐에국가하지않고러리컨텐츠분양전반에바르는그옆으로성장해나갈거를말했다.
p00_u78,p00,ce_s160,왜냐면돌이프엔터테인먼트페미는몇뜻분야에국가는하지않고러리콘텐트보냐돈많을줄알고그랬다.
p00_u78,p00,taps_s80,김준현저입고엔터테인먼트  됐다는분야에국한하지않고스토리컨텐츠분야선말을다루는기업으로성장해나갈계획이라고말했다.
p00_u78,p00,taps_s160,김준현조립도엔터테인먼트  대체는웹은국환하지않고스토리컨텐츠분야전반을다루는기업으로성장해나갈계획이라고말했다.
p00_u78,p00,ce_visible,그냥조이터베이컨은웹툰보냐에  국가하지않구러리콘센트분만에부르는그옆으로성장해나갈거를.
p00_u78,p00,ce_invisible,김준현저입니다게임한테는웹툰분야에국한하지않고스토리컨텐츠분야전반을다루는기업으로성장해나갈계획이라고말했다.
p00_u79,p00,taps,"주현동매부 1차원과신범철굽고 2차관이 14일, 로라데시모미국미사일방어천구청장을만나미사일방황협력을노니있다."
p00_u79,p00,ce,훈련동매개보일따관가한번  빠르쿠있다가미국메바일방황청그정장을만나미파일방황역을논의했다.
p00_u79,p00,ce_s40,운동매개보일따관가입국있다가아니그때바이롤하대끔미국방어떤구청장을만나미파일방황을노니했다.
p00_u79,p00,ce_s80,현동매개보일따관가입금꽃다발이이바이롤하대끔미국방어떤구청장을만나미파일방황협력을노니했다.
p00_u79,p00,ce_s160,현동매개보일따관가입비이따가미국리바일방황청그정장을만나미파일방어협력을노니했다.
p00_u79,p00,taps_s80,"조현동매겨보 1차원과신범철굽구부차관이 14일, 로라데시모미국미사일방어천구청장을만나미사일방황협력을노니있다."
p00_u79,p00,taps_s160,"조현동매부 1차원과신범철굽고주차관이 14일, 로라데시모미국미사일방어성구청장을만나미사일방황협력을노니있다."
p00_u79,p00,ce_visible,훈련동매개보일따관가한번  빠르쿠있다가미국메바일방황당그통장을만나미파일방황역을논의했다.
p00_u79,p00,ce_invisible,"주현동매부 1차원과신범철굽고 2차관이 14일, 로라데시모미국미사일방어천구청장을만나미사일방황협력을노니있다."
p00_u80,p00,taps,수사가는이날미국 MD에이를방문에현재연극배현항을소개해받았다.
p00_u80,p00,ce,이따가는  그날비국비를방문해현재연극사능을소개해받았다.
p00_u80,p00,ce_s40,이따가는문화비국비를병문에현재연극사능을소개해맞았다.
p00_u80,p00,ce_s80,이따가는문화비국비를병문에현재연극사능을소개해맞았다.
p00_u80,p00,ce_s160,이따가는문화비국 NB를방문해현재연극배랑소개받았다.
p00_u80,p00,taps_s80,수파가는이날미국 MD에이를방문에현재연극배현항을소개해맞았다.
p00_u80,p00,taps_s160,수파가는이날미국 MD에이를방문해. 현재연극배현항을소개해봐뒀다.
p00_u80,p00,ce_visible,이따가는  그날비국비를방문해현재연극사능을소개해받았다.
p00_u80,p00,ce_invisible,수사가는이날미국 MD에이를방문에현재연극배현항을소개해받았다.
p00_u81,p00,taps,아울렛실전배틀의운영중엔다양한미국의리사에방어회에대해설명을듣고대한민국에대한미국이확장억제공역에귀여워할수있는방안을노니에떠.
p00_u81,p00,ce,아물론실전배출의운영적인다양한미국에미달방어책에매설명을듣고대한민국에대한미국에확장억대공약에비할수있는방안을노니따.
p00_u81,p00,ce_s40,아물론실전맥주의운영적인다양한미국에미달방와이매설명을듣고대한민국에대한미국에확장억대공약에비할수있는방안을노니따.
p00_u81,p00,ce_s80,아물론실제맥도날의운영적인다양한미국에미달방식에매설명을듣고대한민국에대한미국의확장억대공약에비할수있는방안을노니다.
p00_u81,p00,ce_s160,아물론실천몇주의운영적인다양한미국에미달방식에매설명을듣고대한민국에대한미국에확장억제공역에미어할수있는방안을노니따.
p00_u81,p00,taps_s80,아울렛실전베틀에운영중엔다양한미국의미사의방업세개에내설명을듣고대한민국에대한미국에확장억제공역에귀여워할수있는방안을노니에떠.
p00_u81,p00,taps_s160,아울러실전배틀그운영중엔다양한미국의리사에방황책에대해설명을듣고대한민국에대한미국에확장억제공역에귀여워할수있는방안을노니에떠.
p00_u81,p00,ce_visible,아물론실전배틀에운영적인다양한미국에미달방어책에매설명을듣고대한민국에대한미국에확장억대공약에비할수있는방안을노니따.
p00_u81,p00,ce_invisible,아울렛실전배틀의운영중엔다양한미국의리사에방어회에대해설명을듣고대한민국에대한미국이확장억제공역에귀여워할수있는방안을노니에떠.
p00_u82,p00,taps,2차간은배신온부천장을접겨나고엔디에이에미사일방어능력과폐쇄를확인했다.
p00_u82,p00,ce,울다가는액티비통장을접연하고 NBA 방어능력과혜화를확인했다
p00_u82,p00,ce_s40,울다가는액티비통장을접근하고 NBA 방어능력과에바를확인했다
p00_u82,p00,ce_s80,울다가는답변하고 NBL 이빨능력과를확인했다
p00_u82,p00,ce_s160,이따가는장을급여하고 NBL 방을확인했다
p00_u82,p00,taps_s80,2차간은배신온부천장을접겨나고 MD에이에미사일방어능력과퇴사를확인했다.
p00_u82,p00,taps_s160,2차간은배신온부천장을접겨나고엔디에이에미사일방어능력과퇴사를확인했다.
p00_u82,p00,ce_visible,울다가는액티비통장을접연하고 NBA 방어능력과혜화를확인했다
p00_u82,p00,ce_invisible,2차간은배신온부천장을접겨나고엔디에이에미사일방어능력과폐쇄를확인했다.
p00_u83,p00,taps,주차가는미국에확장어깨공양에서엔디등록이받는중요성을언급하면엔디에이차원에서적극지원해줄것을당구했다.
p00_u83,p00,ce,이따가는외국에확장어깨공략이래서 NB 능력이반대중요성을언급하면 NBA 쪽해서죽구요원해줄까당구했다.
p00_u83,p00,ce_s40,이따가는외국에확장업계공략이래서 NB 능력이받는중요성을언급하면 NBA도접근지원해줄까당구했다.
p00_u83,p00,ce_s80,이따가는외국에확장어깨공략이래서 NB 능력이받는중요성을언급하면 NBA 다운해서적극지원해주고당구했다.
p00_u83,p00,ce_s160,이따가는외국에확장어깨공략이래서 NB 능력이받는중요성을언급하면 NBA 쪽해서적극지원해줄까방법
p00_u83,p00,taps_s80,수차가는미국에확장어깨공략해서엔디등록이받는중요성을언급하면 ND에이차원에서적극교원해줄것을당구했다.
p00_u83,p00,taps_s160,주차가는미국에확장어깨공략해서엔디등록이받는중요성을언급하면 ND에이차원에서적극지원해줄것을당구했다.
p00_u83,p00,ce_visible,이따가는외국에확장어깨공략이래서 NB 능력이반대중요성을언급하면 NBA 쪽해서죽구요원해줄까당구했다.
p00_u83,p00,ce_invisible,주차가는미국에확장어깨공양에서엔디등록이받는중요성을언급하면엔비에이차원에서적극지원해줄것을당구했다.
p00_u84,p00,taps,신사관은고도화되고있는북한핵미사일업에업계대영하기위해줌미란민활력이필요하다고주문했다.
p00_u84,p00,ce,일단오더만되고있는물건위험에어깨위에합리적이필요하다고주문했다.
p00_u84,p00,ce_s40,일단우리는딸위험해. 어깨위에합리적이필요하다고주문했다.
p00_u84,p00,ce_s80,"일단우리는매달위험에어깨매하기위액, 한미현역이필요하다고주문했다."
p00_u84,p00,ce_s160,이따는의도한대국있는딸위험해. 어깨매중하게위액이랑합리적인역이필요하다고주문했다.
p00_u84,p00,taps_s80,신사관은고도화되고있는북한핵미사일업에업계대영하기위해줌미단한미혈력이필요하다고주문했다.
p00_u84,p00,taps_s160,신사관은고도화되고있는북한핵미사기업에업계대영하기위해뒷민민한한민현력이필요하다고주문했다.
p00_u84,p00,ce_visible,일단오더만되고있는물건위험에어깨위에합리적이필요하다고주문했다.
p00_u84,p00,ce_invisible,신사관은고도화되고있는북한핵미사일업에업계대영하기위해줌미란민활력이필요하다고주문했다.
p00_u85,p00,taps,아울러  합미국방국가에진행중인다양한미사일방원현미동네광화폐를한층강화하는기능이될것이라고강조했다.
p00_u85,p00,ce,아원래한미국방국가에그냥주는마약밀폐광고합니다. 용량이능력한쪽광화문
p00_u85,p00,ce_s40,아원래한미국방국가에그냥주는그냥미파일빵을한명의능력한쪽광화문이나고강요.
p00_u85,p00,ce_s80,아원래합리국방국가에그냥주면밑바일방을합리해능력한쪽광화문.
p00_u85,p00,ce_s160,아원래합리국방의그냥중요한미파일방을합리해. 용량이능력한쪽관광하는거강요.
p00_u85,p00,taps_s80,아울로합리국방국가에진행중인다양한미사일방원현민이동맹의능력과폐쇄를한층강화하는기능이될것이라고강조했다.
p00_u85,p00,taps_s160,아울로합리국방국가에진행중인다양한미사일방원현역이동맹이능력폐쇄를한층강화하는기능이될것이라고강조했다.
p00_u85,p00,ce_visible,아원래한미국방국가에그냥주면나랑미파일방황이똥쟁이능력하는
p00_u85,p00,ce_invisible,아울러  합미국방국가에진행중인다양한미사일방원현미동네광화폐를한층강화하는기능이될것이라고강조했다.
p00_u86,p00,taps,이게데티온부천장은독한의미사일위협의대비아요. 다양한엔비능력과화공한방황앤세가준비돼있음에관둬야겠다.
p00_u86,p00,ce,위에 100 피부정은북한의미카에역에대비아야다양한엔비능력과바와에가중비돼있으면광교있다.
p00_u86,p00,ce_s40,위에대비부동장은독한의미카에역에대비아야다양한엔비능력과방황된생각중이래있으면관객있다.
p00_u86,p00,ce_s80,위에대비부품장은독한의미카에외업에대비아유다양한 MBN 역댄세계가중비대있으면광교있다.
p00_u86,p00,ce_s160,위에대비부평장은  중간에미달외업에대비아야다양한엔비능력과방황된세계가중비대있으면광교있다.
p00_u86,p00,taps_s80,이게데티온부천장은독한의미사에비역에데비아요. 다양한엔비능력과가꼬한방어퇴사가준비돼있음에강조했다.
p00_u86,p00,taps_s160,이게대기모부천장은독한의미사에배역에데비아요. 다양한엔비능력과확고한방어퇴사가준비돼있음에관교였다.
p00_u86,p00,ce_visible,위에 100 피부정은북한의미카에역에대비아야다양한엔비능력과방황된생각중이래있으면관객있다.
p00_u86,p00,ce_invisible,이게데티온부천장은독한의미사일위협의대비아요. 다양한엔비능력과화공한방황앤세가준비돼있음에관둬야겠다.
p00_u87,p00,taps,이어서정책전력적수준에서한미간미사일방원현역이더발전하기를기대한다고바꼈어.
p00_u87,p00,ce,장백원업그레이드한번미발언을함력이외국발전하기급여한다고할거없다.
p00_u87,p00,ce_s40,여기서정책벌레또끓여암얼업이더발전하기를기대한다고발급했다.
p00_u87,p00,ce_s80,병딱끓여암걸음여기발전하기를기대한다고발급당
p00_u87,p00,ce_s160,여기서정책벌레또  빠져서암묵미갈방을함여기발전하기급여한다고할거없다.
p00_u87,p00,taps_s80,이어서정책절약적수준에서한미가미사일방원현역이더욱발전하기를기대한다고발견서.
p00_u87,p00,taps_s160,이어서정책전력적수준에서한미가미사일방원현역이더욱발전하기를기대한다고바르다.
p00_u87,p00,ce_visible,딱연락덮을까한미같은방을업무발전하기위해한다고말꺼
p00_u87,p00,ce_invisible,이어서정책전력적수준에서한미간미사일방원현역이더발전하기를기대한다고바꼈어.
p00_u88,p00,taps,롯데리강금한남성에게포켓을간니신체를차량은 10대남녀가흰탈에어.
p00_u88,p00,ce,롯데리간거면남성에왜폭행을간때랑은또남녀공학때
p00_u88,p00,ce_s40,롯데리간거만남성에왜폭행을간때랑은대남녀공학때
p00_u88,p00,ce_s80,롯데리간거만남성에왜폭백을간때랑한때남녀공학때
p00_u88,p00,ce_s160,롯데리아간거면남성에왜폭쿄나남녀공학공때부지.
p00_u88,p00,taps_s80,롯데리강금한남성에게폭행을간니신체를차량은 10대남녀가흰탈에어.
p00_u88,p00,taps_s160,롯데리강릉은남성에게포켓을간니신체를타러만 10대남녀가흰탈을어.
p00_u88,p00,ce_visible,롯데리간거면남성에왜폭행을간때랑은또남녀공학때
p00_u88,p00,ce_invisible,롯데리강금한남성에게포켓을간니신체를차량은 10대남녀가흰탈에어.
p00_u89,p00,taps,"14일, 인턴미추는특수상에와금혐의로에이군등고등학교양을등급 FA 중하고있다고봐있었다."
p00_u89,p00,ce,음밑으로는뜨앙의와앙금료의견의아끊으면와은급 B로보고있다고.
p00_u89,p00,ce_s40,음밑으로는와앙금이로에이군데와잉급 C
p00_u89,p00,ce_s80,그때미쭈에서는금재미로에이군데며
p00_u89,p00,ce_s160,그때용돈받는재미로에이군데와은급 B로보고있다고.
p00_u89,p00,taps_s80,"14일, 인천밑으로경찰서는특수상에와금혐의로에이군등고등학교양을등급 FA 조사하고있다고말리셨다."
p00_u89,p00,taps_s160,"14일, 인천밑줄경찰서는특수상에와금혐의로에이군등고등학교명확한삐약을등급 FA 조사하고있다고."
p00_u89,p00,ce_visible,음밑으로는와앙금료의견의아끊으면와은급 B로보고있다고.
p00_u89,p00,ce_invisible,"14일, 인턴미추는특수상에와금혐의로에이군등고등학교양을등급 FA 중하고있다고봐있었다."
p00_u90,p00,taps,에이군은전나로전시쯤밑줄그한호텔에서찌곤에몸을담뱃불을기지고임병과 9주거등으로때리는데폭행한혐의를받는다.
p00_u90,p00,ce,의군등은연달아내주증인턴저기미줄거한롯데래서 1군데몸에담배블럭 EB 임병과그학생으로때리는데혹한기합의를받는다.
p00_u90,p00,ce_s40,1군등은연나로전내릴때음인턴집이구한롯데래서 1군데몸에담배블럭 EB 임병과그학생으로때리는데혹한기업을받는다.
p00_u90,p00,ce_s80,1군등은연나로전내릴줄인터넷줄그한못때려서 1군데몸에담배블로주비고인편와그 60 주고  등으로때리는데혹한기업을받는다.
p00_u90,p00,ce_s160,1군등은연나로전내줄지금까지인턴이밑줄거한롯데래서 1군데몸에담배블로 EB 임병과그학생으로때리는데폭행한혐의를받는다.
p00_u90,p00,taps_s80,에이군은전나로전시중인턴십미조한호텔에서찌곤에몸을담배뿔로뒤지고인병과 9주거등으로때리는데폭행한혐의를받는다.
p00_u90,p00,taps_s160,에이군은단나로전시인천시미출고한호텔에서찌곤에몸을담배뿔로뒤지고인병과 9주같은으로때리는데폭행한혐해를받는다.
p00_u90,p00,ce_visible,의군등은연달아내주음인편집있고한롯데래서 1군데몸에담배블럭 EB 임병과그학생으로때리는데혹한기합의를받는다.
p00_u90,p00,ce_invisible,에이군은전나로전시쯤밑줄그한호텔에서찌곤에몸을담뱃불을기지고임병과 9주거등으로때리는데폭행한혐의를받는다.
p00_u91,p00,taps,이들은  시간에옷을모두벗겨. 알몸상태로사진까지사당하고들어야겠다.
p00_u91,p00,ce,이번에피곤해옷을모두밖에사랑한거들어야겠다.
p00_u91,p00,ce_s40,이번에피곤해옷을모두밖에가능한거들어.
p00_u91,p00,ce_s80,피곤해옷을못입어. 사진까지사랑한거들어.
p00_u91,p00,ce_s160,피곤해옷을못입어. 사진까지사랑하고
p00_u91,p00,taps_s80,이들은  시간에옷을모두벗겨. 알몸상태로사진까지찬양하고들어야겠다.
p00_u91,p00,taps_s160,이들은  시간에옷을모두벗겨. 알몸상태로사진까지사랑하고그러조사야겠다.
p00_u91,p00,ce_visible,이번에피곤해옷을모두밖에가능한거들어야겠다.
p00_u91,p00,ce_invisible,이들은  시간에옷을모두벗겨. 알몸상태로사진까지사당하고들어야겠다.
p00_u92,p00,taps,때문에신고를받고추적의나성경찰은당이로에이군세명을차례로붙여봤다.
p00_u92,p00,ce,이거내긴거를맞고추적해놔둔건다른당일로의분명해명을쪼애로갔다왔다.
p00_u92,p00,ce_s40,이거내긴거를맞고추리해놔둔건달은아니로의구는할애로부터.
p00_u92,p00,ce_s80,이거내친구들맞고추억에낮은겸발은아니로의구는너무까매쪼래로못나왔다.
p00_u92,p00,ce_s160,이구내친구를맞고추적에낮은겸발은안으로의구명을딸이갔다왔다.
p00_u92,p00,taps_s80,찍은행신고를받고추적해나선경찰은당이로애이군등해명을차례로붙여봤다.
p00_u92,p00,taps_s160,찍은애신고를받고추적의나성경찰은당이로애군등해명을차례로붙여봤다.
p00_u92,p00,ce_visible,이거내긴거를맞고추적해놔둔건다른당일로의분명해명을쪼애로갔다왔다.
p00_u92,p00,ce_invisible,때문에신고를받고추적의나성경찰은당이로에이군세명을차례로붙여봤다.
p00_u93,p00,taps,ED의범행으로얼굴에골절상을입는둥그게나차병원에서치료를받고있는곳으로전해졌다.
p00_u93,p00,ce,이거는 A군중에범행으로얼굴에골뼈상을입는중의나타병원에서치료를받고있는곳으로전해졌다.
p00_u93,p00,ce_s40,이거는 A군중에머랭으로얼굴에골뼈상을입는그게낫고있는곳으로전해졌다.
p00_u93,p00,ce_s80,이거는 A군중에머랭으로얼굴에골뼈상으로있는데그게낫다보안에서뚜레쥬르갖고있는곳으로전해졌다.
p00_u93,p00,ce_s160,이구는에이군중에범행으로얼굴에골뼈상을입는둥에나타병원에서료를받고있는곳으로전해졌다.
p00_u93,p00,taps_s80,E구는에이군의범행으로얼굴에골절상을입는둥그게나타병원에서치료를받고있는곳으로전해졌다.
p00_u93,p00,taps_s160,E구는에이군에범행으로얼굴에골절상을입는둥그게나타병원에서치료를받고있는곳으로전해졌다.
p00_u93,p00,ce_visible,이거는 A군중에범행으로얼굴에골뼈상을입는중의나타병원에서뚜레쥬르바꾸있는곳으로전해졌다.
p00_u93,p00,ce_invisible,ED의범행으로얼굴에골절상을입는둥그게나차병원에서치료를받고있는곳으로전해졌다.
p00_u94,p00,taps,"경찰은시곤이과거비양과교류했다가헤어졌다는피해자, 행정을도대체로정확한범인동기를확인하겠다."
p00_u94,p00,ce,꾼이미안해졌다는
p00_u94,p00,ce_s40,나는삐군이미안했다이러나는미안해확인할때
p00_u94,p00,ce_s80,빼곤이미안해졌다는예저확인할때
p00_u94,p00,ce_s160,평가를빼곤있고과거미안해삐에다젓뒹굴뒹굴고번행동을확인할계획은
p00_u94,p00,taps_s80,"경찰은시곤이과거비아과교류했다가헤어졌다는피해자, 행확한범인동기를확인할계획이다."
p00_u94,p00,taps_s160,"경찰은시곤이과거미안했다가헤어졌다는피해자, 개인을정확한범인동기를확인할계획이다."
p00_u94,p00,ce_visible,꾼이미안했다이러나는미안해확인할때
p00_u94,p00,ce_invisible,"경찰은시곤이과거비양과교류했다가헤어졌다는피해자, 행정을도대체로정확한범인동기를확인하겠다."
p00_u95,p00,taps,이거는자신이에이군등으로부터폭행을왜당했는지모르겠다는길이로경찰에진수단것으로알려졌다.
p00_u95,p00,ce,그거는당연히애군등으로부터폭행을왜당했는지모르겠다는크기로방탈에궁금한것으로알려졌다.
p00_u95,p00,ce_s40,그거는당연히애군등으로부터폭행을왜당했는지모르겠다는크기로연탄에궁금한것으로알려졌다.
p00_u95,p00,ce_s80,이거는당연히애군등으로부터폭행을왜당했는지모르겠다는그뒤로연탈에궁그런것으로알려졌다.
p00_u95,p00,ce_s160,그거는당연히애군등으로부터폭행을왜당했는지모르겠다는그뒤로영탈이된그런것으로알려줬다.
p00_u95,p00,taps_s80,이거는자신이애군등으로부터폭행을왜당했는지모르겠다는길이로경찰에진수단것으로알려졌다.
p00_u95,p00,taps_s160,이거는자신이애군등으로부터폭행을왜당했는지모르겠다는길이로경찰에진수단것으로알려졌다.
p00_u95,p00,ce_visible,그거는당연히애군등으로부터폭행을왜당했는지모르겠다는크기로방탈에궁금한것으로알려졌다.
p00_u95,p00,ce_invisible,이거는자신이에이군등으로부터폭행을왜당했는지모르겠다는길이로경찰에진수단것으로알려졌다.
p00_u96,p00,taps,평타관계자는에이군해명의재질이나쁜점은고려해구속연장을신청할예정이라고말했다.
p00_u96,p00,ce,양떼관계자는의견해명의대비를나쁜점을고려해굴로연장을찐따예정이라고말했대.
p00_u96,p00,ce_s40,양파는에이군해명의대비를나쁜점을고려해굴로연장을찐따할예정이라고말했대.
p00_u96,p00,ce_s80,양파는에이군해명의애기를나쁜점을고려해의혹이연장을찐따할예정이라고말했다.
p00_u96,p00,ce_s160,양파는에이군해명의대비를나쁜점을고려해. 의혹연장을찐따일예정이라고말했대.
p00_u96,p00,taps_s80,평타관계자는에이군해명의재질이나쁜점은고려해구속연장을신청할예정이라고말했다.
p00_u96,p00,taps_s160,평타관계자는에이군해명의재질이나쁜점은고려해구속연장을신청할예정이라고말다.
p00_u96,p00,ce_visible,양떼관계자는의견해명의대비를나쁜점을고려해굴로연장을찐따예정이라고말했대.
p00_u96,p00,ce_invisible,평타관계자는에이군해명의재질이나쁜점은고려해구속연장을신청할예정이라고말했다.
p00_u97,p00,taps,순찰을타고농가를출산하던경찰관이굴법양십을제대하던비밀하고틀을발견해본거있다.
p00_u97,p00,ce,따르던건뭔가아니양주비를발견했다.
p00_u97,p00,ce_s40,따르던건농활에글따라하다가양념양념게장샘이랑연구했다.
p00_u97,p00,ce_s80,뭔가아니양주비안
p00_u97,p00,ce_s160,딴건아니양주비를남기미말고엉갑다.
p00_u97,p00,taps_s80,순찰차릴타고농가를출촬하던경찰많이굴법양십이를제대하던디미라고틀을발견해본거있다.
p00_u97,p00,taps_s160,순찰차릴타고농가를출산하던경찰많이굴법양십을제대하던비밀에옷을발견해본거있다.
p00_u97,p00,ce_visible,따르던건뭔가  우리나라양념양념게장샘이랑엉거겠다.
p00_u97,p00,ce_invisible,순찰을타고농가를출산하던경찰관이굴법양십을제대하던비밀하고틀을발견해본거있다.
p00_u98,p00,taps,이나구해. 대한민국경찰청공식페이스북에는순철발교나수상한고경찰에소름돋는눈썹이나는영상이올라왔다.
p00_u98,p00,ce,왜난왜다니는거공짜였던공해페이스북에는한최종발견한수당은뭐영달에그런다는눈썹이나는영상이올라왔다.
p00_u98,p00,ce_s40,왜냐면뭐에있는거공격장공식페이스북에는한최종발견한수당은영재는눈빛이나는영상이올라왔다.
p00_u98,p00,ce_s80,왜냠뭐해있는거공격전공격페이지보게는전형발견해투상황이그런데는영상이올라왔다.
p00_u98,p00,ce_s160,왜난왜있는거공격전공식페이스북에는한최종발견한수당은늘팀이나는영상이올라왔다.
p00_u98,p00,taps_s80,이나대한국경찰청공식페이스북에는순철발교나수상한고경찰에소름돋는눈썹이나는영상이올라왔다.
p00_u98,p00,taps_s160,지난 9일대한국경찰청공식페이스북에는순철발교나수상하고경찰에소름돋는눈썹이나는영상이올라왔다.
p00_u98,p00,ce_visible,왜난구해있는거공짜였던공해페이스북에는한최종발견한수당은뭐영달에그런눈땀이나는영상이올라왔다.
p00_u98,p00,ce_invisible,이나구해. 대한민국경찰청공식페이스북에는순철발교나수상한고경찰에소름돋는눈썹이나는영상이올라왔다.
p00_u99,p00,taps,영상을따르면그냥다 19일오전열한시쯤배정유성부에농장물절도신고다발지역을순찰하는강사를한비닐하우스앞으로양립으로보이는생으로발견했다.
p00_u99,p00,ce,032 때끓이오진유저인요금제농장부아반그리고끊다면은따른한인느양비로모인느낌알긴했다.
p00_u99,p00,ce_s40,영상의딸이면그냥꽤오전요정도의농장부또나는따른한인느양비로모인에발견했
p00_u99,p00,ce_s80,영상을따르면연달아 9일오전골에농장부아반떼욕은한다라는한국이나양급으로모인까
p00_u99,p00,ce_s160,영상을따면요즘에우선요령부에농장부다방요구한다라는한인느양비로모인느낌알긴했다.
p00_u99,p00,taps_s80,영상을따르면그냥다 19일5장배정유성부에농장물절도중고다발지역을순찰하는경찰은한비닐하우스앞으로양립으로보이는생물을발견했다.
p00_u99,p00,taps_s160,영상을따르면지난달 19일오전열한시쯤배정유성부에농장물절도생고다발지역을순찰하는경찰은한비닐하우스앞으로양립으로보이는생물을발견해.
p00_u99,p00,ce_visible,양평이또브이로된요금이요샌거에농장부아반이런거뿐다나는한인느양비로모인느낌알긴
p00_u99,p00,ce_invisible,영상을따르면그냥다 19일오전열한시쯤배정유성부에농장물절도신고다발지역을순찰하는강사를한비닐하우스앞으로양립으로보이는생으로발견했다.
p02_u00,p02,taps,얘기해
p02_u00,p02,ce,우리사실을꿨던시비쎄니한자다섯명얘기했환불하고딴걸떠났다.
p02_u00,p02,ce_s40,우리사람을뽑았던집이세분인한자명예전무라고땀을끊었다.
p02_u00,p02,ce_s80,우리사람을뽑았던집이세명이한자명얘기한거라고땀을끊었다.
p02_u00,p02,ce_s160,우리사람을꿈꿨던시비쎄고환자다섯명얘기한거라고땀을끊었다.
p02_u00,p02,taps_s80,
p02_u00,p02,taps_s160,
p02_u00,p02,ce_visible,우리사실을꿨던시비쎄니한자다섯명얘기했환불하고딴걸떠났다.
p02_u00,p02,ce_invisible,얘기해
p02_u01,p02,taps,한국장지주직기징어는 28에김상형분이임용대동산의료원에서장지를기증하고신났다고봐.
p02_u01,p02,ce,아니그관객주직이승원은 28일환경분이음양대공판의무원에서장기를기증하고춤췄다고바꼈다.
p02_u01,p02,ce_s40,아니그장기교직이승원은 28일환경분이음양대공판의무원에서장기를기증하고춤췄다고바꼈다.
p02_u01,p02,ce_s80,아니그장기교직이승원은 28일환경분이음양대공판의무원에서장기를기증하고춤췄다고발켰다.
p02_u01,p02,ce_s160,아니그관객교직이승원은빠리환경분이운영된공판음료원에서장기를기증하고춤졌다고밝혔다.
p02_u01,p02,taps_s80,한국장지주직기징어는 28에김상형분이임용대동산의류원에서장지를기증하고  있었다고봐겠다.
p02_u01,p02,taps_s160,한국장지주직기징어는 28에김상형군이임용대동탄의원에서장기세기증하고  신났다고봐.
p02_u01,p02,ce_visible,아니그관객주직이승원은 28일환경분이음양대공판의무원에서장기를기증하고춤췄다고바꼈다.
p02_u01,p02,ce_invisible,한국장지주직기징어는 28에김상형분이임용대동산의료원에서장지를기증하고신났다고봐.
p02_u02,p02,taps,임고는지난 6개국시만두통으로의식을꺼쓰러진채병원으로인그위종대치료를받았으면네살판정을받았었다.
p02_u02,p02,ce,용고는그냥육개동으로월세에꽂아준대. 병원으로인구입동대받았나내가판정을받았었다.
p02_u02,p02,ce_s40,용고는그냥육개동으로일식을꺼쓰러진새병원으로인구입동대치료를받았나내가판정을받았다.
p02_u02,p02,ce_s80,용고는그냥육개동으로일식을꺼쓰러진새병원으로인구입동대치료를받았나내가판정을받았었다.
p02_u02,p02,ce_s160,거는그냥유비에만돈으로받았구나네서판정을받았었다.
p02_u02,p02,taps_s80,행군은지난 6개국집한두통으로의식을꺼쓰러진채병원으로인그위중돼치료를받았나내서판정을받았다.
p02_u02,p02,taps_s160,임고는진한 6개국시만두통으로의식을꺼쓰러진채병원으로인글이위종대치료를받았으면내사판정을받았었다.
p02_u02,p02,ce_visible,용고는그냥육개장으로일식을꺼쓰러진새병원으로인구입동대받았나내가판정을받았었다.
p02_u02,p02,ce_invisible,임고는지난 6개국시만두통으로의식을꺼쓰러진채병원으로인그위종대치료를받았으면네살판정을받았었다.
p02_u03,p02,taps,"궁금은지난 20함에신장과자국신장, 간장, 양특해장해기프하고하는나라도갔다."
p02_u03,p02,ce,심증컷하고찜닭양.
p02_u03,p02,ce_s40,근데찜통하고찜닭양.
p02_u03,p02,ce_s80,그거는찜닭양쪽입구하는걸로갑.
p02_u03,p02,ce_s160,신청꽃말고행정완장량구하는걸로갑.
p02_u03,p02,taps_s80,"궁금은지난 20함에신장과자국신장, 간장, 양측회장해기프하고하는나라도갔다."
p02_u03,p02,taps_s160,"궁금은지난 20함에신장과자국신장, 간장, 양특장해기라고하는나라도갔다."
p02_u03,p02,ce_visible,심장과거찜닭양.
p02_u03,p02,ce_invisible,"궁금은지난 20함에신장과자국신장, 간장, 양특해장해기프하고하는나라도갔다."
p02_u04,p02,taps,기종원에따르면생전엄마가아프지않게해줄수있는오빠가되고싶다고말에오든살가운아들이었다.
p02_u04,p02,ce,이백원에따르면인구는그니깐엄마가아프지양빼줄수있는일자가되고싶다고말하고할꺼는없다.
p02_u04,p02,ce_s40,이백원에따르면인구는그니깐엄마가아프리한테쓸수있는일도가되고싶다고말하고할꺼면
p02_u04,p02,ce_s80,200원에따르면근구는생견엄마가아프리한테쓸수있는일자가되고싶다고말하고할꺼면안되겠더라.
p02_u04,p02,ce_s160,200원에따르면인구는그니깐엄마가아프지않게쓸수있는있다가마매워서할거면알배겼다.
p02_u04,p02,taps_s80,이승원을따르면생전엄마가아프지않게해줄수있는오빠가되고싶다고말에오든살가운아들이었다.
p02_u04,p02,taps_s160,비중1원에따르면김구는생전엄마가아프지않게해줄수있는엄마가되고싶다고말에오든살가운아들이었다.
p02_u04,p02,ce_visible,이백원에따르면인구는그니깐엄마가아프리양빼줄수있는일자가되고싶다고말하고할꺼는의견이없다.
p02_u04,p02,ce_invisible,기종원에따르면생전엄마가아프지않게해줄수있는오빠가되고싶다고말에오든살가운아들이었다.
p02_u05,p02,taps,의족은착한아이였던만큼좋은일을하면서보내시자면장기기증에선택동의한것으로전해졌다.
p02_u05,p02,ce,의혹은쪼금아이었던만큼좋은일을하면서보내주자면장비  중에선택동해한곳으로전해졌다.
p02_u05,p02,ce_s40,의혹은쪼금아이였던만큼좋은일을하면서보내주자면장비  중에선택동해한곳으로전해줬다.
p02_u05,p02,ce_s80,의혹은쪼금아이어떤만큼좋은일을하면서보내주자면장비중에선택동해한곳으로보내줬다.
p02_u05,p02,ce_s160,의혹은쪼금아이였던만큼좋은일을하면서보내주자면장비중에선택동해한곳으로보내줬다.
p02_u05,p02,taps_s80,의족은착한아이였던만큼좋은일을하면서구매시자면장기기증에선택동의한것으로전해졌다.
p02_u05,p02,taps_s160,의족은착한아이었던만큼좋은일을하면서구매시자면장기기증에선택동의한것으로전해졌다.
p02_u05,p02,ce_visible,의혹은쪼금아이었던만큼좋은일을하면서보내주자면장비  중에선택동해한곳으로전해졌다.
p02_u05,p02,ce_invisible,의족은착한아이였던만큼좋은일을하면서보내시자면장기기증에선택동의한것으로전해졌다.
p02_u06,p02,taps,군에아버지는기승원을통해아들이정지를기증받으러행복했으면좋겠다며성인이돼서좋은일을많이하고공강이살았으면좋겠다고좀했다.
p02_u06,p02,ce,용네아버지는기승원중에아들의관계를기정받은친구들이행복했으면좋겠다며성인이돼서좋은일을많이하고고민이되고.
p02_u06,p02,ce_s40,용네아버지는기승하는아들의관계를기정받은친구들이행복했으면좋겠다며성인이돼서좋은일을많이하고공중이따로
p02_u06,p02,ce_s80,용네아버지는그렇아들의공개를그정받은친구들이행복했으면좋겠다며성인이돼서좋은일을많이하고공중이
p02_u06,p02,ce_s160,용네아버지는기승원일중에아들의공개를그정도친구들이행복했으면좋겠다며성인이돼서좋은일을많이하고공중이따로
p02_u06,p02,taps_s80,군에아버지는기승원을통해아들이정지를기증받은친구들이행복했으면좋겠다며성인이돼서좋은일을많이하고공강이살았으면좋겠다고좀있다.
p02_u06,p02,taps_s160,인구는아버지는기승원을통에아들이정지를기준받은친구들이행복했으면좋겠다면성인이돼서좋은일을많이하고공강이살았으면좋겠다고좀있다.
p02_u06,p02,ce_visible,용네아버지는기생문을아들의관계를기정받은친구들이행복했으면좋겠다며성인이돼서좋은일을많이하고고민이되고.
p02_u06,p02,ce_invisible,군에아버지는기승원을통해아들이정지를기증받으러행복했으면좋겠다며성인이돼서좋은일을많이하고공강이살았으면좋겠다고좀했다.
p02_u07,p02,taps,기종원측은어리고착한아이가떠난다는것을받아드리는것도힘든일인데누군가살리기이해기증의종이든보호자에게감사하다고하다.
p02_u07,p02,ce,이등환지금어리고자판아이가떠난다는것을받아들이는것도힘든일인데누군가팔리기위해기승에동해든부호자에게감싸하다고했다.
p02_u07,p02,ce_s40,이등환지금어리꼬착한아니까뚫는다는것을받아들이는것도힘든일인데누군가팔리긴해동해준부모에게반말하다고했다.
p02_u07,p02,ce_s80,이등환지금어리꼬빤히한다는것을받아들이는것도힘든일인데누군가팔리기에기승에동해준부모에게반팔.
p02_u07,p02,ce_s160,이등환지금어리꼬착한아니까떠난다는것을받아들이기는것도힘든일인데누군가팔리기에기승에동해준부모저에게감싸하다고했다.
p02_u07,p02,taps_s80,기종원측은어리고착한아이가떠난다는것을받아드리는것도힘든일인데누군가살리기에기증의종이해진보호자에게감사하다고하다했다.
p02_u07,p02,taps_s160,기중원측은어리고착한아이가떠난다는것을받아드리는것도힘든일인데누군가살리기이에기증의종이든보호자에게감사하다고하다.
p02_u07,p02,ce_visible,이등환지금어리고자판아이가떠난다는것을받아들이는것도힘든일인데누군가팔리기위해기승에동해든보호자에게감싸하다고했다.
p02_u07,p02,ce_invisible,기종원측은어리고착한아이가떠난다는것을받아드리는것도힘든일인데누군가살리기이해기증의종이든보호자에게감사하다고하다.
p02_u08,p02,taps,전남곡성은평점전남어떤마을사업을지난해이여. 올해도공격적으로추진한다고 20일발겼다.
p02_u08,p02,ce,연남동구는한국민간에오래안되고.
p02_u08,p02,ce_s40,연남볶음은존나큰마을에오래한다고
p02_u08,p02,ce_s80,연남볶음은농담으큼마을에오래한다고
p02_u08,p02,ce_s160,연남곡동은좀존나업금마을기간에오래한다고 20일말고.
p02_u08,p02,taps_s80,"전남, 곡성은향정전남뜬마을사업을지난해이여. 올해도공격적으로추진한다고 20일걸렸다."
p02_u08,p02,taps_s160,"전남, 곡성고는행정전남, 마을사업을지난해이여올해도공격적으로추진한다고 20일발언다."
p02_u08,p02,ce_visible,만나는거는한학년에오래안되고.
p02_u08,p02,ce_invisible,전남곡성은평점전남어떤마을사업을지난해이여. 올해도공격적으로추진한다고 20일발겼다.
p02_u09,p02,taps,주민이지도에마을환경을개선하도록지원하는사업으로전라남도에여점씩채용하나로선정된마을은 300만원씩 3년동안총 900만원을지원받게된다.
p02_u09,p02,ce,미니주도에말환경을느나도록연하는법으로전라남도에여권하나로한정된마을은 300만원씩한약백만원받게된다.
p02_u09,p02,ce_s40,미니주도에마을환경을변하는법으로전라남도에여권하나로한정된마을은 300만원씩한약백만원정도연합해야된다.
p02_u09,p02,ce_s80,미니주도에마을환경을전하도록견하는법으로전라남도에여권몇병하나로선정된마을은 300만원씩 3년동안총 900만원을지원받게된다.
p02_u09,p02,ce_s160,미니주도에말환경을변화도록견한법으로전라남도에여권하나로한정된마을은 300만원씩한명동안 900만원받고
p02_u09,p02,taps_s80,주민이지도에마을환경을개선하도록지원하는사업으로전라남도에여점시채중하나로선정된마을은 300만원씩 3년동안총 900만원을지원받게된다.
p02_u09,p02,taps_s160,주민이지도에마을환경을개선하도록지원하는사업으로전남도에여점시책중하나로선정된마을은 300만원씩 3년동안총 900만원을지원받게된다.
p02_u09,p02,ce_visible,미니주도에말환경을느나도록연하는법으로전라남도에여권하나로한정된마을은 300만원씩한약백만원받게된다.
p02_u09,p02,ce_invisible,주민이지도에마을환경을개선하도록지원하는사업으로전라남도에여점씩채용하나로선정된마을은 300만원씩 3년동안총 900만원을지원받게된다.
p02_u10,p02,taps,각마을들은마을에특성과상황비밀리요구중에다가필요한마을만들기사업을준다.
p02_u10,p02,ce,아니그런거하나인데요구중에뭐이렇게한다.
p02_u10,p02,ce_s40,아니든말에듣던가요구중에필요한거에특이한다.
p02_u10,p02,ce_s80,아니든말에듣던가요구중에필요한거이렇게한다.
p02_u10,p02,ce_s160,말든말을뜬거할생각은요거중에만들기하고싶지않다.
p02_u10,p02,taps_s80,각마을들은마을에특성과상황주민이요구중에다가필요한마을만들기사업을시작한다.
p02_u10,p02,taps_s160,황마을들은마을에특성과상황비밀리요구중에다가필요한마을만들기사업을시작한다.
p02_u10,p02,ce_visible,아니그런거하나인데요구중에뭐이렇게한다.
p02_u10,p02,ce_invisible,각마을들은마을에특성과상황비밀리요구중에다가필요한마을만들기사업을준다.
p02_u11,p02,taps,군에서는기준에추진중에사실이께마을과오래신겨로선정된사신이께말까지총 92 마을에대상으로지난 4월부터사업을시작했다.
p02_u11,p02,ce,분예사는기준에추진중에파신육개마을과오래신겨서선정된사십육백마일까지총임에마을에배당으로지난 4월부터사업을시작했다.
p02_u11,p02,ce_s40,분예사는기준에초딩중에파신육백마을과오래신교로선정돼파6 맻마일까지총인마을에대단으로진행을서해볼때사업을시작했다.
p02_u11,p02,ce_s80,분대는기준에초딩중에 6개마을과오래신교로편성돼서육백마요까지총비마을에결정으로진행할때.
p02_u11,p02,ce_s160,분해사는기준에초딩중에 16개마을과오래신교로한정돼사실 6개월마을까지총 2에마을에방으로진행할때.
p02_u11,p02,taps_s80,군에서는기준에취진중에사실이게임마을과오래신겨로선정된사신이게임마을까지총 92 마을에대상으로지난 4월부터사업을시작했다.
p02_u11,p02,taps_s160,군에서는기준에취진중에사실이께마을과오래신겨로선정된사신이게임마을까지총 92 마을에대상으로지난 4월부터사업을시작했다.
p02_u11,p02,ce_visible,분예사는기준에초딩중에사실 6개월마을과오래신겨서선정된사십육백마일까지총임에마을에땅으로진한사업을부터사업을시작했다.
p02_u11,p02,ce_invisible,군에서는기준에추진중에사실이게임마을과오래신겨로선정된사신이께말까지총 92 마을에대상으로지난 4월부터사업을시작했다.
p02_u12,p02,taps,서단주송과독이기싱터주성우체통만들기능마을환경에계산하고마을고르체활력을부러놓기위한다양한사업을진행하고있다.
p02_u12,p02,ce,그니까몇개그리기꽁짜로채떡만들면마을환경을계산하고말공동체할려고해놨길위한아양을파가지고있다.
p02_u12,p02,ce_s40,그니까몇개그리기윗등이랑옷새똥만드는마을환경이계산하고말렁때할려고해놨길위한아양을파가지고기능하고있다.
p02_u12,p02,ce_s80,그니까몇개그리기힘들만을확정해선하고마을롱체에할려고해놨길위한아양할  빠글기능하고있다.
p02_u12,p02,ce_s160,그니까힘들동안마을환경이계산하고말동체환적을풀어넣기위한아양빠바이기능하고있다.
p02_u12,p02,taps_s80,허단조성과그리기싱터주성우체통만들기용마을환경에계산하고마을고르체활력을풀어놓기위한다양한사업을진행하고있다.
p02_u12,p02,taps_s160,서단주송과그리기히터주성우체통만들기능마을환경에계산하고마을오른체활력을부러놓기위한다양한사업을진행하고있다.
p02_u12,p02,ce_visible,그니까몇개그리기꽁짜로채떡만들면마을환경을계산하고말공동체할려고해놨길위한아양을파가지고있다.
p02_u12,p02,ce_invisible,서단주송과독이기싱터주성우체통만들기능마을환경에계산하고마을고르체활력을부러놓기위한다양한사업을진행하고있다.
p02_u13,p02,taps,군관계자는사업계획서부터사업관리가지마을주민들을자갈적인참여를통해사업을진행함으로써공동체정신에행복할수있도록지원하겠다고말했다.
p02_u13,p02,ce,군인반계시잖아외에떠부터걸릴거지말주민들의제발적인내가모르겠다공동체정품갈수있도록지원하겠다고말했다.
p02_u13,p02,ce_s40,군인반계시잖아외에부터관리까지뭘주민들의그발적인내가모르겠다공동체정품갈수있도록지원하겠다고말했다.
p02_u13,p02,ce_s80,반게자는외국부터관리까지마을주민들의감발적인내가모르겠다공동체정품갈수있도록자꾸지원하겠다고말했다.
p02_u13,p02,ce_s160,관계자는왜깨서부터관리까지마을주민들의마블적인내가모르겠다공동체를꼭갈수있도록지원하겠다고말했다.
p02_u13,p02,taps_s80,군관계자는사업계획서부터사업할리까지마을주민들을재활적인참여를통해사업을진행함으로써공동체정신에행복할수있도록지원하겠다고말했다.
p02_u13,p02,taps_s160,군관계자는사업계획서부터사업관리까지마을주민들을자발적인참여를통해사업을진행함으로써공동체정신에행복할수있도록지원하겠다고말했다.
p02_u13,p02,ce_visible,군인반계시잖아외에떠부터걸릴거지말주민들의제발적인내가모르겠다공동체정품갈수있도록지원하겠다고말했다.
p02_u13,p02,ce_invisible,군관계자는사업계획서부터사업관리가지마을주민들을자갈적인참여를통해사업을진행함으로써공동체정신에행복할수있도록지원하겠다고말했다.
p02_u14,p02,taps,정마장가는길에등에소설로유명한하일지가영어를찾아그에미술적세계를펼치고있다.
p02_u14,p02,ce,영화장가는게유명유명한할테고.
p02_u14,p02,ce_s40,영화당가는게유명유명한할거영어를하다가.
p02_u14,p02,ce_s80,영화장가는게유명로유명한의외로했다.
p02_u14,p02,ce_s160,명마당에유명유명한애가영화를으헤고있다.
p02_u14,p02,taps_s80,정마장가는길에댕해소설로유명한할지가영어를찾아그미술적세계를펼치고있다.
p02_u14,p02,taps_s160,정마장가는길에댕해수술로유명한할지가영어를찾아그미술적세계를펼치고있다.
p02_u14,p02,ce_visible,영화장가는게유명유명한할테고.
p02_u14,p02,ce_invisible,정마장가는길에등에소설로유명한하일지가영어를찾아그에미술적세계를펼치고있다.
p02_u15,p02,taps,할지초매점늙은떡간때시집간처녀이하규가오는 23일까지영월문화예술회관 2층전시를해서열린다.
p02_u15,p02,ce,아니근시태권도는이야기가오는이제빠네까지영월문화예술회관있으니깐실질해서열린다.
p02_u15,p02,ce_s40,아니금떡볶일전이랑이야기가오늘이제빠밀까지영월문화예술회관있으니깐실질해서열린다.
p02_u15,p02,ce_s80,아이기술은늘근덕한테이야기가오는이제빠밀까지영월문화예술회관있으니깐실수를해서열린다.
p02_u15,p02,ce_s160,아니찌꺼래던지면 s쪼이랑이야기가오는이제빠네까지영월문화예술회관있으니깐실질해서열린다.
p02_u15,p02,taps_s80,"할기초대전늙은떡간때시집간처녀이하규가오는 23일까지영월문화예술회관, 2층전시를해서열린다."
p02_u15,p02,taps_s160,하얘지늙은떡간시집간처녀이하규가오는 23일까지영월문화예술회관 2층전시실에서열린다.
p02_u15,p02,ce_visible,아니근시태권도는이야기가오는이제빠네까지영월문화예술회관있으니깐실질해서열린다.
p02_u15,p02,ce_invisible,할지초매점늙은떡간때시집간처녀이하규가오는 23일까지영월문화예술회관 2층전시를해서열린다.
p02_u16,p02,taps,하긴 129에 19일날인데바까서활발이활동하고
p02_u16,p02,ce,그니까너네는또빠리바게왔다.
p02_u16,p02,ce_s40,너네도빨리똥이왔다.
p02_u16,p02,ce_s80,너네집내는데.
p02_u16,p02,ce_s160,아너네집내는데빠림활동이왔다.
p02_u16,p02,taps_s80,하긴 12만원의장면소설가서활발이활동은
p02_u16,p02,taps_s160,12권의장단소설과그다음에십증인둥까활발히활동하고
p02_u16,p02,ce_visible,그리고너네활동이왔다.
p02_u16,p02,ce_invisible,하긴 129에 19일날인데바까서활발이활동하고
p02_u17,p02,taps,그러다 20분부터그림을그리기시장불과 3년만에 300점에그림을소단했다.
p02_u17,p02,ce,그림을그랬겠지마에쏟아냈다.
p02_u17,p02,ce_s40,2019년부터그림을그리기무난해쓰레기땜에그림을쏟아냈다.
p02_u17,p02,ce_s80,그림을그리기사만해 300 땜에쏟아냈다.
p02_u17,p02,ce_s160,2019년부터그림을그랬겠다한명만에 500점을쏟아냈다.
p02_u17,p02,taps_s80,그러다 2019년부터우리그리기시장누가 3년만에 500점의그림을소다.
p02_u17,p02,taps_s160,그러다 20 9년부터 3년만에 500점을이름이소담이었다.
p02_u17,p02,ce_visible,그림을그랬겠지마에쏟아냈다.
p02_u17,p02,ce_invisible,그러다 20분부터그림을그리기시장불과 3년만에 300점에그림을소단했다.
p02_u18,p02,taps,전문적인미백억을받은적은없구나. 성적인방식으로자신에문학적세계를그려나간다는평가다.
p02_u18,p02,ce,안본적인미술을받은적은없구나성적인방법으로바뀌는애를구매하간다는평가다.
p02_u18,p02,ce_s40,검적인미술을받은적은없구나평적인방식으로자기네문화적세계를구려나간다는평가다.
p02_u18,p02,ce_s80,안본적인미술을받은적은없어평가다.
p02_u18,p02,ce_s160,전문적인미술을받은적은없어방식으로자기네문화간다는평가다.
p02_u18,p02,taps_s80,전문적인미술을받은적은없구나. 성적인방식으로자신의문화적세계를그려나간다는참가다.
p02_u18,p02,taps_s160,전문적인미술을받은적은없구나. 성적인방식으로자신의문화적세계를그려나간다는평가다.
p02_u18,p02,ce_visible,안본적인미술을받은적은없구나성적인방법으로바뀌는애를구매하간다는평가다.
p02_u18,p02,ce_invisible,전문적인미백억을받은적은없구나. 성적인방식으로자신에문학적세계를그려나간다는평가다.
p02_u19,p02,taps,구에그림은한가지형식의고정되어있지않고끼니없는결심을거득보면서여러가지시리즈를만들어내고있다.
p02_u19,p02,ce,왜그리면한가지용직에고정되어있지않고그냥결심했거든여러가지시리즈를만들어내고있다.
p02_u19,p02,ce_s40,왜그리면한가지용시대고정되어있지않고끝난결심했거든여러가지시리즈를만들어내고있다.
p02_u19,p02,ce_s80,왜그의미부면한가지형제께고정되어있지않고끝이없는결심했거든여러가지일시를만들어내고있다.
p02_u19,p02,ce_s160,왜그의미부여한가지용쓰게고정되어있지않고끊임없는결심했거든여러가지쓰레기를만들어내고있다.
p02_u19,p02,taps_s80,구에그림은한가지형식의고정되어있지않고끼니없는결심을거같아. 여러가지시리즈를만들어내고있다.
p02_u19,p02,taps_s160,구에그림은한가지형식의고정되어있지않고끼니없는결심을거같아. 여러가지시리즈를만들어내고있다.
p02_u19,p02,ce_visible,왜그리면한가지용의고정되어있지않고그냥결심했거든여러가지시리즈를만들어내고있다.
p02_u19,p02,ce_invisible,구에그림은한가지형식의고정되어있지않고끼니없는결심을거득보면서여러가지시리즈를만들어내고있다.
p02_u20,p02,taps,나무와돌시기들의푸른영상흔네저들에여자하고저렴한그림들이완전됐다.
p02_u20,p02,ce,
p02_u20,p02,ce_s40,
p02_u20,p02,ce_s80,
p02_u20,p02,ce_s160,
p02_u20,p02,taps_s80,"나무와돌시기들의푸른영상,  걔네들에여장도하고그림들이왔다."
p02_u20,p02,taps_s160,"나무와돌시기들의푸른영상,  걔네들에여자등록하고그림들이완전."
p02_u20,p02,ce_visible,
p02_u20,p02,ce_invisible,나무와돌시기들의푸른영상흔네저들에여자하고저렴한그림들이완전됐다.
p02_u21,p02,taps,이번  자체는빡빡나만테스집한선에씨리즈를보시겠다.
p02_u21,p02,ce,이번주에는이야기를볼수있다.
p02_u21,p02,ce_s40,이번주에는이야기를볼수있다.
p02_u21,p02,ce_s80,
p02_u21,p02,ce_s160,이번연쎄는만원이야기를벌수있다.
p02_u21,p02,taps_s80,이번전체에는떡반테시티간선이시리즈를보고있어.
p02_u21,p02,taps_s160,이번  자체에는떡갈때시집간선연이디비디지를보고있어.
p02_u21,p02,ce_visible,이번주에는이야기를볼수있다.
p02_u21,p02,ce_invisible,이번  자체는빡빡나만테스집한선에씨리즈를보시다.
p02_u22,p02,taps,영주최신으로어릴적도단연군영중면에살았던그는영어에대한많은추억을갖고있고노방책으로그린강연한그림에영월에종설을더봤다.
p02_u22,p02,ce,영주권으로어릴적도안양군영중면에살았던그는영월에대한많은  쪽을갖고있고노방쪽으로그린강렬한그림에영월에종로를다맞다.
p02_u22,p02,ce_s40,영주권으로어릴적안양건영중면에살았던그는명에대한많은쪽에갖고있고노방쪽으로그린강렬한그림에영월에공터를잡았다.
p02_u22,p02,ce_s80,영주신으로어릴적도안양군 0년에살았던거는영어에대한많은  쪽을갖고있고노방적으로그린강렬한그림에영월에공터를잡았다.
p02_u22,p02,ce_s160,영주혁신으로어릴적도안양군영중면에살았던거는영월에대한많은  쪽에갖고있고노방적으로그린강렬한그림에영월에공사를잡았다.
p02_u22,p02,taps_s80,영주최신으로어릴적도단연군영중면에살았던그는영어에대한많은추억을갖고있고 5 방식으로그린강연한그림에영월에종설을다봤다.
p02_u22,p02,taps_s160,영주최신으로어릴적도단연군영중면에살았던그는영어에대한많은추억을갖고있고노방책으로그린강렬한그림에영월에종설을담았다.
p02_u22,p02,ce_visible,영주권으로어릴적도안양군영중면에살았던그는영월에대한많은  쪽을갖고있고노방쪽으로그린강렬한그림에영월에종로를다맞다.
p02_u22,p02,ce_invisible,영주최신으로어릴적도단연군영중면에살았던그는영어에대한많은추억을갖고있고노방책으로그린강연한그림에영월에종설을더봤다.
p02_u23,p02,taps,산업화되기전미넘치는토턱이식어정치와시골소년의평상력이얼어서표현된다.
p02_u23,p02,ce,
p02_u23,p02,ce_s40,
p02_u23,p02,ce_s80,
p02_u23,p02,ce_s160,오해황사.
p02_u23,p02,taps_s80,산업화되기전이넘치는소속적인식어정치와시골소년의상상력이어려워서표현된다.
p02_u23,p02,taps_s160,산업화되기전이넘치는서적에시골정치와시곳소년의평상력이얼어가지고표현된다.
p02_u23,p02,ce_visible,
p02_u23,p02,ce_invisible,산업화되기전미넘치는토턱이식어정치와시골소년의평상력이얼어서표현된다.
p02_u24,p02,taps,이시리즈애도이국적이고모왕적인그린모집비서공하고목색시드시리즈그린중 40이쪼게된다.
p02_u24,p02,ce,시리즈에도외국쪽이고뭐황적인그림백화국시베리쓰리지그리는데.
p02_u24,p02,ce_s40,시리즈에도외국쪽이꼭모함적인그린우 600 시백시부있는데.
p02_u24,p02,ce_s80,미시리즈에도이국적이고모함적인그린우육백때공하고시리즈그리는데.
p02_u24,p02,ce_s160,시리즈에도외국적이고뭐황적인그림때공하고느택시데시내재료그리종할시대는다.
p02_u24,p02,taps_s80,이시리즈웨도이국적이고공항적인그린우즈피스공하고목색시드시리즈그린중 40등이저게된다.
p02_u24,p02,taps_s160,이시리즈웨도입국적이고모왕적인그린우즈피트공하고목색시드시리즈그린중식적인소비된다.
p02_u24,p02,ce_visible,시리즈에도외국쪽이고뭐황적인그림백화국시베리쓰리지그리는데.
p02_u24,p02,ce_invisible,이시리즈애도이국적이고모왕적인그린모집비서공하고목색시드시리즈그린중 40이쪼게된다.
p02_u25,p02,taps,화해지는프랑스프아띠에대하불문항사위모주대불문약가사를받았고혈과향수다수의개인과하면미술과로서왕따활동하고있다.
p02_u25,p02,ce,
p02_u25,p02,ce_s40,있다.
p02_u25,p02,ce_s80,누가있다.
p02_u25,p02,ce_s160,누가있다.
p02_u25,p02,taps_s80,하얘지는항스포아띠에대하불문항사유모주대불문학과를받았고설과프랑스중에서다수의개인정각에하면미술과로서왕창하게활동하고있다.
p02_u25,p02,taps_s160,화해지는프랑스뽀학기에대한불문항사위모주대불문학과를받았고설과프랑스중에서다수의개인과하면미술과로서왕따활동하고있다.
p02_u25,p02,ce_visible,
p02_u25,p02,ce_invisible,화해지는프랑스프아띠에대하불문항사위모주대불문약가사를받았고혈과향수다수의개인과하면미술과로서왕따활동하고있다.
p02_u26,p02,taps,난다환불현대파업당시엔인턴시나칠백에뿌려. 서량때세상에이때남성에
p02_u26,p02,ce,"화물이근데인턴진한은근에못요예배, 이게임"
p02_u26,p02,ce_s40,"화물이연데인터넷신앙은근에못요, 이게임"
p02_u26,p02,ce_s80,화물이연데인천시나공군에모 700개를뿌려활용예술병에이게임.
p02_u26,p02,ce_s160,근데인턴못이루어.
p02_u26,p02,taps_s80,난나환기현대파업단식인터넷서량때남성이
p02_u26,p02,taps_s160,난나환기현대파업단지인터넷에뿌려설양대순위때남성이
p02_u26,p02,ce_visible,근데인턴이나하고은근에못뛰는게
p02_u26,p02,ce_invisible,난화면이현대파업당시엔인턴시나칠백에뿌려때수상해남성에
p02_u27,p02,taps,28일에인천연수경찰서는특수재물성게험으로화물트럭비사 50대 A 씨를광고했다고보냈다.
p02_u27,p02,ce,인권연수경은뜨문통계후배로비오기때에이스를공유했다고말겠다.
p02_u27,p02,ce_s40,일반연구병있다오기때에이스를공유했다고말겠다.
p02_u27,p02,ce_s80,인간연수경물쓰레기통에홈페이지로한 7기 5급대에이스를공고했다고알겠다.
p02_u27,p02,ce_s160,빠리인간연수경태는통계후문으로있다가 5일때에이스를공유했다고말겠다.
p02_u27,p02,taps_s80,28에인천연수경찰서는특수재물성개의혐의로화물트럭기사 50대에잇씨를광고했다고보냈다.
p02_u27,p02,taps_s160,28에인천연수경찰서는특수재물성의혐의로화물트럭기사 50대 A 씨를광고했다고보냈다.
p02_u27,p02,ce_visible,인권연구경환데로드롭겠다오일때에이스를공유했다고말겠다.
p02_u27,p02,ce_invisible,28일에인천연수경찰서는특수재물성게험으로화물트럭비사 50대 A 씨를광고했다고보냈다.
p02_u28,p02,taps,
p02_u28,p02,ce,에이치는홍대로넘어갈까
p02_u28,p02,ce_s40,에이씨는예홍대신홍대로해노래방사람왜홍대는입구현대를받고있다.
p02_u28,p02,ce_s80,에이치는예홍대로해홍대는있다.
p02_u28,p02,ce_s160,에이치는예홍대로해홍대는입구를받고있다.
p02_u28,p02,taps_s80,음
p02_u28,p02,taps_s160,
p02_u28,p02,ce_visible,에이홍대로홍대는있다.
p02_u28,p02,ce_invisible,
p02_u29,p02,taps,연수는당시신앙대로의생옷치백업역에앞부러져있다는친구를접수맞고설동에모습을속으로했다.
p02_u29,p02,ce,
p02_u29,p02,ce_s40,
p02_u29,p02,ce_s80,
p02_u29,p02,ce_s160,
p02_u29,p02,taps_s80,연주하는역시신앙대로의생옷세배역이앞부러져있다는친구를맞고설동에모습을속으로했다.
p02_u29,p02,taps_s160,연주하는지신앙대로의생옷 70에가뿌러져있다는친구를갖고설정에모습을속으로했다.
p02_u29,p02,ce_visible,
p02_u29,p02,ce_invisible,연수는당시신앙대로의생옷치백업역에앞부러져있다는친구를접수받고설동에모습을속으로했다.
p02_u30,p02,taps,연수선은범인을광고하기위해광역 4개팀강수들에한계팀으로상권전담팀에구동에 CCTV 한명수사를통해진한오후 10개 12
p02_u30,p02,ce,연구하는광고에강력네개뛰는광주에한개띵동담당팀에에이씨맞지.
p02_u30,p02,ce_s40,어민이공과하기위해광해뛰는광주에한개땡건감당
p02_u30,p02,ce_s80,그거는네개띵동사
p02_u30,p02,ce_s160,연극은관광일에강력네개뛰고광주에한개띵동에.
p02_u30,p02,taps_s80,"연수선은범인을광고하기위해광역, 광수대한개핑으로상권전담팀에구당에 CCTV 한문수사를통해 17일오후 10개씩잡아."
p02_u30,p02,taps_s160,연수선은범인을광고하기위해광역 4개팀광수대한개팀으로상권전담팀에구동에 CCTV 삼문수사를통해진한 17일오후 10개 12
p02_u30,p02,ce_visible,연극을관광일강력네개뛰는광주에한개뛰는건담해에이
p02_u30,p02,ce_invisible,연수선은범인을광고하기위해광역 4개팀강수들한개팀으로상권전담팀에구동에 CCTV 한명수사를통해진한오후 10개 12
p02_u31,p02,taps,에씨의화마현재노조과외여군에현재까지밝혀지지않으며경찰은밤엔동지를집중적으로도사예정이다.
p02_u31,p02,ce,ASM 대노령은현재과연범인동기를딸예정이다.
p02_u31,p02,ce_s40,ASM 대노령은현재까지 F 주지않았으면  따른맨동에집중되고그럴예정이다.
p02_u31,p02,ce_s80,에이씨에한번여보는현재까지 F 주지않았으면엠동에정도될예정이다.
p02_u31,p02,ce_s160,ASM 대노족아이현재까지동기를동서고할예정이다.
p02_u31,p02,taps_s80,ACM 화현대노조가입여군은현재까지밝혀지지않았으면경찰은밤엔동지를집중적으로주사할예정이다.
p02_u31,p02,taps_s160,에이씨에화마현재노조과외여군은현재까지밝혀지지않으며경찰은밤엔동지를집중적으로주사할예정이다.
p02_u31,p02,ce_visible,ASM 대노령은현재과연범인동기를집중적으로할예정이다.
p02_u31,p02,ce_invisible,에씨의화마현재노조과외여군에현재까지밝혀지지않으며경찰은밤엔동지를집중적으로도사예정이다.
p02_u32,p02,taps,연수관계자는 28에 5에에이씨를불러주설예정이면휴가영장신선여보는 2에결정될것이라고말했다.
p02_u32,p02,ce,연구소관객전은 28에 5에에이스를불렀조선할예정이며그니까영장신청여보는이후에결정될것이라고말했다.
p02_u32,p02,ce_s40,연구소관객전은 28에오후에에이스를불렀조선할예정이야그니까영장신청여보는이후에결정될것이라고말했다.
p02_u32,p02,ce_s80,연구소관객전은 28에 5에에이씨를불렀조선할예정이면그까영등여부는이후에결정될꺼시라고말했다.
p02_u32,p02,ce_s160,연주가관계자는 28에 5에에이씨를불러일예정이며그니까영장수평여부는이후에결정될꺼시라고말했다.
p02_u32,p02,taps_s80,연수관계자는 28에 5에에이씨를불러주할예정이냐수까영장신청은 2에개정될것이라고말했다.
p02_u32,p02,taps_s160,연수관계자는 28에 5에에이씨불러주할예정이며휴가영장신청은 2에결정될것이라고말했다.
p02_u32,p02,ce_visible,연구소관객전은 28에 5에에이스를불렀조선할예정이며그니까영장신청여보는이후에결정될것이라고말했다.
p02_u32,p02,ce_invisible,연수관계자는 28에 5에에이씨를불러주설예정이면휴가영장신성여부는 2에결정될것이라고말했다.
p02_u33,p02,taps,GIF 파리바허리평생명은인공지능기술을활용한시금이저 AI 연금보험을 7시에따고 1일벌었다.
p02_u33,p02,ce,엠비파리바리포지명은인공지능주부를활용한찌그리저 AI 연금보험을출시했다고이대를바꿨다.
p02_u33,p02,ce_s40,엠비파리바리플명은인공지능기부를활용한찌그리처 AI 연금보험을출시했다고이대를바꿨다.
p02_u33,p02,ce_s80,엠비파리바파리풀면은인공지능주부를활용한찌그리처 AI 연금보험을출시했다고이대를바꿨다고.
p02_u33,p02,ce_s160,엠비빠리바리플면은인공지능기부를활용한찌그리처 AI 연금보험을출시했다고이백일바꿨다고.
p02_u33,p02,taps_s80,GIMF 파리바화니풍경은인공지능기술을활용한시그니처에이아이다음에연금보험을실체하고 1일발랐다.
p02_u33,p02,taps_s160,GMF 파리바화니풍생명은인공지능기술을활용한시그니처에이아이다음에연금보험을 7시에따고 1일벌었다.
p02_u33,p02,ce_visible,엠비파리바리포지명은인공지능기부를활용한찌그리처 AI 연금보험을출시했다고이대를바꿨다.
p02_u33,p02,ce_invisible,GIF 파리바허리평생명은인공지능기술을활용한시금이저 AI 연금보험을 7시에따고 1일벌었다.
p02_u34,p02,taps,이상품은에이아이펀드상장펀드펀드
p02_u34,p02,ce,
p02_u34,p02,ce_s40,
p02_u34,p02,ce_s80,
p02_u34,p02,ce_s160,
p02_u34,p02,taps_s80,이상품은에이펀드상장펀드스펀드
p02_u34,p02,taps_s160,이상품은 AI 펀드상장지수펀드펀드도가능한투정한백을재고한더
p02_u34,p02,ce_visible,
p02_u34,p02,ce_invisible,이상품은에이아이펀드상장펀드펀드
p02_u35,p02,taps,제식영업발로된 AIT를막
p02_u35,p02,ce,횡령발로빠엔 AI 알겄리면  뻔 AI  뻔데그뜨나공양이맞게선택할수있다.
p02_u35,p02,ce_s40,영영역발로에아이아버리고에미아이뻔해.
p02_u35,p02,ce_s80,맨영업벌로에미아이알고에이아이뻔드젤은만할수있다.
p02_u35,p02,ce_s160,횡령발로빠된 AI 알겄리면뻔에아이뻔된르네목매그뜨나공양이맞게선택할수있다.
p02_u35,p02,taps_s80,공매교식등영악발로된 AI 헌데를지금성향이맞게선택할수있다.
p02_u35,p02,taps_s160,식등영역별로에이아이 AI 선택할수있다.
p02_u35,p02,ce_visible,횡령발로빠엔 AI 알겄리면  뻔 AI  뻔데그뜨악함할수있다.
p02_u35,p02,ce_invisible,제식영업발로된 AIT를막
p02_u36,p02,taps,이티에프투잡을원하는고객들은이케펀드인선택로채권등이또투잡이있어.
p02_u36,p02,ce,입에원하는고객들은태권도기연결해서.
p02_u36,p02,ce_s40,입때부터원하는고객들은입급한다그럼세권적인영역에도있다.
p02_u36,p02,ce_s80,입때부터원하는고객들은입원되게원하께영역에도있다.
p02_u36,p02,ce_s160,입에원하는고객들은그래도있겠끔해건적인영역에도있다.
p02_u36,p02,taps_s80,EP를원하는고객들은개별이케펀드인선택로채권등이또투잘이있어.
p02_u36,p02,taps_s160,이티에프투잡을원하는고객들은이케펀드인선택해달러채권등이영역에도투잡이있어.
p02_u36,p02,ce_visible,입에원하는고객들은태권도기연결해서아
p02_u36,p02,ce_invisible,이티에프투잡을원하는고객들은이케펀드인선택로채권등이또투잡이있어.
p02_u37,p02,taps,3학년을보장하는일반서명과도제장애인을보자는제장애용중선생님선택가능하면납비않는및따라주시가입해.
p02_u37,p02,ce,한명이보장하는일반상병에방해를보장하는방향으로한밴가능하면납비유형의영태부터.
p02_u37,p02,ce_s40,하나에보장하는일반상민왕도돼방향을보장하는네장인중한명가능하면납비유형의영
p02_u37,p02,ce_s80,하면은보장하는일반상민이우도에방해를보장하는네장인중한명가능하면납니우회영위.
p02_u37,p02,ce_s160,한양대보장하는일반상병과오도돼당일을보장하는네장인중한명가능하면납비우영부영
p02_u37,p02,taps_s80,3학년을보장하는일반서양과보도재장애인을보장하는제일장애우중딩강릉가면납비감및따라주게돼있다.
p02_u37,p02,taps_s160,3학년을보장하는일반서명과보도재장애인을보자는제장애우중선택가능하면납에다가영태부터지약간씩가입해.
p02_u37,p02,ce_visible,한명이보장하는일반상민왕도돼방향을보장하는방향으로한밴가능하면라비큰빛위에올려
p02_u37,p02,ce_invisible,3학년을보장하는일반서명과도제장애인을보자는제장애용중선생님선택가능하면납비않는및따라주시가입해.
p02_u38,p02,taps,이번 9 합류는정기청 10만원이상 1시나 3000만원이상으로가야겠다.
p02_u38,p02,ce,유봉열은적립병쭈나는일단은 1시나 b는입양으로가입할수있다.
p02_u38,p02,ce_s40,유봉열은적립병쭈나는입장이랑분귀로가입할수있다.
p02_u38,p02,ce_s80,유봉열은적립병 3만원이거랑일있으면쪼금만입양으로가입할수있다.
p02_u38,p02,ce_s160,이번년은중립병 3만원이당일시면 36만원입금으로할수있다.
p02_u38,p02,taps_s80,이번 9 합류는장기평 10만원이상 1시나 300만원이상으로가야돼.
p02_u38,p02,taps_s160,이번 9 합류는적십만원이상 1시나 3000만원이상으로가야돼.
p02_u38,p02,ce_visible,유봉열은적립병쭈나는일단은 1시나빵어쩌면은입양으로가입할수있다.
p02_u38,p02,ce_invisible,이번 9 합류는정기청 10만원이상 1시나 3000만원이상으로가야겠다.
p02_u39,p02,taps,"일정기간적립투보다안정적인시관리를원한다면공식 2일로정리돼는일반계정주단, 태권 EP, 재관적형펀드로에적립금이정도활용할수있다."
p02_u39,p02,ce,일당국립국단정꽤빨리원한다면공식일요일로정일때는일반배정권은육군이쁠재건대평컨베로에공육급이이정도면.
p02_u39,p02,ce_s40,일당은적립금통적인원한다면공식월요일로정일때는일반배정권은육군이컨대로입금정도할인을할수있다.
p02_u39,p02,ce_s80,일등부는적립금통일에원한다음에공식일요일로정일때는일반배정권은핵건이몇평들어이딴정도로활용할수있다.
p02_u39,p02,ce_s160,일당까진원한다면공식일요일로정육일때는일반배정권은핵건이있기이쁜려.
p02_u39,p02,taps_s80,"일정기간정리투보다안정적인수입관리를원한다면 07 2일로정리돼는일반계정주난태권 EP, 재관적형펀드로에적립금이전정도활용할수있다."
p02_u39,p02,taps_s160,"1정기간정리투보다안정적인수입관리를원한다면공식 2일로정리돼는일반계정단 EP, 재관적형펀드로에적립금이전정도활용할수있다."
p02_u39,p02,ce_visible,일당부전통적인원한다면공식일요일로정육일때는일반거는태권도있예쁠재건대형견로에공육군이이정도할인.
p02_u39,p02,ce_invisible,"일정기간적립투보다안정적인시관리를원한다면공식 2일로정리돼는일반계정주단, 태권 EP, 재관적형펀드로에적립금이정도활용할수있다."
p02_u40,p02,taps,이재면더브라민주당배상후보가서점특출전날이하일강원도속초방문에한표에생파일던계획이없고서울강화문에서투표를하기로했다.
p02_u40,p02,ce,의외명인가보고그날이방원도방문해방사문에서했다.
p02_u40,p02,ce_s40,몇명인가보고에이광원도방문해광어문에서했다.
p02_u40,p02,ce_s80,몇명인가보고에이광언도방문해달라보기했다.
p02_u40,p02,ce_s160,200명인가보고에이방언도석바방문해봤고광화문에서하기로했다.
p02_u40,p02,taps_s80,"이재면더브라민주당배선후보가서점특출전날이하일강원도속초방문에한표, 생파일던기획을바꿔서울강남문에서투표를하기로했다."
p02_u40,p02,taps_s160,이재면더블러민주당배선후보가서점특출전날이하일강원도속초간문에한표에생파일던기획을바꿔서강화문에서투표를하기로했다.
p02_u40,p02,ce_visible,의외로그라밍보고양날이강원도방문해방사문에서했다.
p02_u40,p02,ce_invisible,이재면더브라민주당배상후보가서점특출전날이하일강원도속초방문에한표에생파일던계획이없고서울강화문에서투표를하기로했다.
p02_u41,p02,taps,인석이할공인에대성보고안철수국민이랑후보가다니다가정격 3사되면서서캐싱공역에나서지이해한것으로프리랜다.
p02_u41,p02,ce,공기내호복와아니공리내호봉한국민은따내면서시즌이결정공략해놔서좀미안하기로풀이된다.
p02_u41,p02,ce_s40,국민이백명뽑나아니면국민이땅후보큰언니는그게넘겼면서이쯤공략해놔서좀미안한거로풀이된다.
p02_u41,p02,ce_s80,국민이백퍼당후보와아니공민이랑후보한국내나공격당하따그지공략해놔둘위한거로풀이된다.
p02_u41,p02,ce_s160,근데국비내후보와아니벌써국민복한국민은성격상싸이러면서시즌공략해놔서좀미안한거프리랜다.
p02_u41,p02,taps_s80,인석이할공인해댕성보와단체수공민이랑후보가다니다가정격 3사되면서집중공략에놔서니한것으로프리랜다.
p02_u41,p02,taps_s160,음석이할국민에대성보고와안철수국민이땅후보가다니다가정격 3사되면서서로싱싱공역에나서도이해한것으로프리랜다.
p02_u41,p02,ce_visible,공기내호복와아니공리내호봉한거는따지면그땐공략해놔서좀미안하기로풀이된다.
p02_u41,p02,ce_invisible,인석이얼공인에대성보고와안철수국민이랑후보가다니다가정격 3사되면서서캐싱공역에나서지이해한것으로프리랜다.
p02_u42,p02,taps,"3일, 미드단강원선대기화해꾸미는유행하며는강릉이는예정도진행할예정이라고해야겠다."
p02_u42,p02,ce,아니민교주는데외는이백에또매좀육백까지쓰다며아동리뿐만일단은예정도진행할예정이라고봐줬다.
p02_u42,p02,ce_s40,민교증국문대회는이백조금아많이국비뿐만좀요번엔예정도기능할예정이라고바꼈다.
p02_u42,p02,ce_s80,민교든대외는이백조금암이국동및행한예정이라고바꿨다.
p02_u42,p02,ce_s160,민교주는대외는이보에하던좀매좀육백까지쓰러졌다며아많이강릉이요새는예정도진행할예정이라고봐줬다.
p02_u42,p02,taps_s80,"3일, 민주당강원선대기엔화해선흥미직급타면강릉및진행할예정이라고봐야겠다."
p02_u42,p02,taps_s160,3일민주당강원선대기화해꾸미는유재같이써야만강릉은예정도진행할예정이라고해야겠다.
p02_u42,p02,ce_visible,아니민교주는데외는이백에또매국  그랬다며아마국립중학교요쪽은예정도진행할예정이라고봐줬다.
p02_u42,p02,ce_invisible,"3일, 미드단강원선대기화해꾸미는유행하며는강릉이는예정도진행할예정이라고해야겠다."
p02_u43,p02,taps,이어관련민주당에관계가로상황이진박해졌다며서울에서투표하면공인들에게사전트청여를권유할예정이라고말했다.
p02_u43,p02,ce,이어권야근데관계자는약간고민하러성이임박하셨잖아. 어그래서아마국민들에게빠져래건조할예정이라고말했다.
p02_u43,p02,ce_s40,이어관련해서쓴대관계약간고민하고성인이임박하셨잖아. 어그래서아마국민들에게빠져래건열예정이라고말했다.
p02_u43,p02,ce_s80,이어관련인재쌍데관계자는약간담임하로쌍박해졌다며아며국민들에게빠져래건열예정이라고말했다.
p02_u43,p02,ce_s160,이어관련비니관계약간국민대과정쇼준비하래건열예정이라고말했다.
p02_u43,p02,taps_s80,이어갈려는민수당에관계가로상황이진박해졌다며서울에서투표하면공인들에게파전폭청여를권유할예정이라고말했다.
p02_u43,p02,taps_s160,이어관련민주당선데관계가로상황이진박해졌다며서울에서투표하면공인들에게파전트청여를권유할예능이라고말했다.
p02_u43,p02,ce_visible,이어권야근데민수랑꼰대관계약간고민하러성이임박하셨잖아. 어그래서아마국민들에게빠져래건조할예정이라고말했다.
p02_u43,p02,ce_invisible,이어관련민주당에관계가로상황이진박해졌다며서울에서투표하면공인들에게사전트청여를권유할예정이라고말했다.
p02_u44,p02,taps,방쪽인고는강원의캐스팅부터로끝강원익을사회수출해서서점특출을한번과출천동을찾을얘기해야겠다.
p02_u44,p02,ce,양쪽이후보다는가만히끊도록안끊고광언니빵공사해야겠다.
p02_u44,p02,ce_s40,양복입으면은가만히있다가
p02_u44,p02,ce_s80,나는또이후보는강원도는거따로이빠르지방과후에
p02_u44,p02,ce_s160,나는꼭이부분에관한이백뜬금없이많구강원도이빠른빼야방공간당해야겠다.
p02_u44,p02,taps_s80,방쪽이흥보다는강원의캐스팅부터로코세운만큼강원  사람을사회수출해서서점부터를한니강원가출산등을차릴계획이었다.
p02_u44,p02,taps_s160,방쪽인고는강원의캐스팅부터로그페운만큼강원 E심을잡초에서서점특표를한니방문과출천동을찾을얘기해야겠다.
p02_u44,p02,ce_visible,양복입으면은가만히끊도록안미빠이악몽꾸어야겠다.
p02_u44,p02,ce_invisible,방쪽인고는강원의캐스팅부터로끝강원익을사회수출해서서점특출을한번과출천동을찾을얘기해야겠다.
p02_u45,p02,taps,하지만이날여권보단위나로안후보를지지했던중독성폐신을끌어모히이해사장국대장소를서울로바꿀다.
p02_u45,p02,ce,하지만이날여건후보아니라로안후보를일단종로병심을끄러니에끝을홀로그인나.
p02_u45,p02,ce_s40,하지만이날여건후보단일화로안후거를일단종로점최신을끄러니에끝장을흘러보인다.
p02_u45,p02,ce_s80,하지만이날여건후보아니라로안후벌을일단종로끓여기위해끝을보인다.
p02_u45,p02,ce_s160,하지만이날여건후보아니라로안후벌을일단등록금페심을끄렁이위에끝양쪽으로쭉나.
p02_u45,p02,taps_s80,하지만이날약권단위나로안후보를지지했던중독성최신을끌어모이해사장뷔페장소를서울로바꿀다.
p02_u45,p02,taps_s160,하지만이날약권당일날로안후보를지지했던중독성폐신을끌어모이해사장뷔페장을서울로바꿀다.
p02_u45,p02,ce_visible,하지만이날여건후보아니라로안후보를일단종로병심을끄러니에끝을홀로그인나.
p02_u45,p02,ce_invisible,하지만이날여권보단위나로안후보를지지했던중독성최신을끌어모히이해사장국대장소를서울로바꿀다.
p02_u46,p02,taps,현즈교창교고은교도건당이부활절을맞아. 배화룸을활용한 90달이가족구할수다계란콘서트를열어공기를끊다.
p02_u46,p02,ce,현저기신체는결국옮겨드는건굉장히고혈뼈저리맞아. 혈금을활용한그런다리가족을열어용기를끝나.
p02_u46,p02,ce_s40,현대순천되고옮겨드는건당이의자용금을활용한그런다리가족을열어끝나.
p02_u46,p02,ce_s80,현대순천되고옮겨드는건중자마자금달이가족분다.
p02_u46,p02,ce_s160,현대순천고옮겨드는건굉장히맞아. 공을갖는다리건열끈다.
p02_u46,p02,taps_s80,"현저교, 춘천교고응교도건당이구할저를맞아. 배화룸을활용한 90달이가족구할수다계란콘서트를열어인기를끊다."
p02_u46,p02,taps_s160,현재교춘천겪고은교도건당이구할저를맞아. 배화룸을활용한 9인달이가족구할수다계란콘서트를열어인기를끈다.
p02_u46,p02,ce_visible,현저기춘천가고옮겨드는건굉장히고혈뼈저리맞아. 혈금을활용한그런다리가족을열어공기를끝나.
p02_u46,p02,ce_invisible,현즈교창교고은교도건당이부활절을맞아. 배화룸을활용한군다리가족구할수다계란콘서트를열어공기를끊다.
p02_u47,p02,taps,합리받으셔서 7년예정을지내면환경회복을실천하고있는공교동본당은지난십일구할대치기미사에서콘테스트우수작을발사하고나누면지내겠다.
p02_u47,p02,ce,합리받는여정을내면평균회복을실전하고있는옮겨동정은 17일 5일내겠다.
p02_u47,p02,ce_s40,합리받는여정을내면환경부가실패하고있는옮겨동은 17일 9월 11도
p02_u47,p02,ce_s80,합리받으러여동을내면환경회복을실현하고있는옮겨똥군장은 17일 9일먹고나는지내겠다.
p02_u47,p02,ce_s160,합리화 1년여정을내면환경해보고실전하고있는옮겨동정은 17일보일되겠다.
p02_u47,p02,taps_s80,합리받으셔서 7년예정을지내면환경회복을실천하고있는공교동본당은지난십일구할대치기미사에서콘테우선이다.
p02_u47,p02,taps_s160,"합리받으셔서 7년여정을지내면환경회복을실천하고있는공교동본당은지난7일 9월, 대치기미사에서콘테우선짜고나누면지내겠다."
p02_u47,p02,ce_visible,합리받는여정을내면환경부가실패하고있는옮겨동정은 17일 9월 11도
p02_u47,p02,ce_invisible,합리받으셔서 7년예정을지내면환경회복을실천하고있는공교동본당은지난7일 9월대 7일미사에서콘테원수작을발사하고나누면지내겠다.
p02_u48,p02,taps,은교동권당사무켓천미받으셔서문과와공사품과가마련한이번콘서트는대화용품이나대사용이가능한물활용해보일계단을  싶어보인인데이민을높다.
p02_u48,p02,ce,문규는원장문과과마련이나활용해  가보고있는데.
p02_u48,p02,ce_s40,은교등권이마르니까공타공학과마련한물활용해  가보고있는데유미해가.
p02_u48,p02,ce_s80,문교동권에꾸미바르니까마련금이나물활용해  가보고있는데.
p02_u48,p02,ce_s160,문교동은빠르게꿈이바르니까공사품과마련한일반이나백화용인에활용해란애함부인인데의미를걷다.
p02_u48,p02,taps_s80,은교동권당사무켓천미아저씨가문과와공사분까가마련한이벤트는배와령콘이나제사용이가능한계란을컨버링인데의미를높다.
p02_u48,p02,taps_s160,은교동권당사무켓천미아저씨가문과와공사문과가마련한이벤트는배월용품이나대사용히가능한계란을  싶어보인인데이민을더.
p02_u48,p02,ce_visible,문규는원장문과과마련해령이나활용해  가보고있는데.
p02_u48,p02,ce_invisible,은교동권당사무켓천미받으셔서문과와공사품과가마련한이번콘서트는대화용품이나대사용이가능한물활용해보일계단을  싶어보인인데이민을높다.
p02_u49,p02,taps,대화용품을얼마나잘활용했는지와얼마나영성적인지심리적응기를신사했다.
p02_u49,p02,ce,대화영금을얼마나좋아얼마나영통적인지생리적인일을준다.
p02_u49,p02,ce_s40,대화영금을얼마나좋아얼마나영통적인지따.
p02_u49,p02,ce_s80,화려한꿈을얼마나좋아얼마나영통적인지쓰레기다.
p02_u49,p02,ce_s160,화력분을얼마나좋아얼마나영통적인지심리적인류의준다.
p02_u49,p02,taps_s80,"대화, 말잘활용했는지와얼마나영성적인지심리적공기를신사했다."
p02_u49,p02,taps_s160,대화용품을얼마나잘활용했는지와얼마나영성적인지심리적인지를신사했다.
p02_u49,p02,ce_visible,대화를꿈을얼마나좋아얼마나영통적인지생리적인일을준다.
p02_u49,p02,ce_invisible,대화용품을얼마나잘활용했는지와얼마나영성적인지심리적응기를신사했다.
p02_u50,p02,taps,했던건떨어지면
p02_u50,p02,ce,일에는에이오르신모로날놀러갔다.
p02_u50,p02,ce_s40,일에는무조건한심히에이오르신모로날아무놀러갔다.
p02_u50,p02,ce_s80,일에는아무래도한교수님이에이오르신모로해야무에놀러갔다.
p02_u50,p02,ce_s160,세일에는아무래도한일곱이에이오르신모양날돌아갔다.
p02_u50,p02,taps_s80,뭔가남떨어지게
p02_u50,p02,taps_s160,뭔가
p02_u50,p02,ce_visible,일에는에이오르신모로놀러갔다.
p02_u50,p02,ce_invisible,했던건떨어지면
p02_u51,p02,taps,선일이받아서 7년여정은중앙청에대한따라정책에돌릴기회가참많은성형품페이지.
p02_u51,p02,ce,현리백할려던세계환경이다.
p02_u51,p02,ce_s40,현리부려야너는통일제한했다성경선생님.
p02_u51,p02,ce_s80,현리부려동은 0에다가강태이올릭교하는환경이다.
p02_u51,p02,ce_s160,현리백관련후빙이다.
p02_u51,p02,taps_s80,선일이받아서 7년여정은주황청에대한따라정세계돌릴기회가참많은성형품페이지.
p02_u51,p02,taps_s160,선일이받으셔서 7년여정은주황청에제한에따라정세계돌릴기회가참많은성형품페인이다.
p02_u51,p02,ce_visible,현리백할려던세계환경이다.
p02_u51,p02,ce_invisible,선일이받아서 7년여정은중앙청에대한따라정책에돌릴기회가참많은성형품페이지.
p02_u52,p02,taps,전국교구에서지구와인류공동체세세적이기에대한정확시험을갔고다양한시전방안을행거고있다.
p02_u52,p02,ce,전국교구에서지구과인류공동체에비해져유지에대한정확시험을봤고다양한방황해야지그니까행동하고있다.
p02_u52,p02,ce_s40,전국교구에서그아인류공동체에비해적유지비에대한정확시험을봤고다양한방황을해야될수있고.
p02_u52,p02,ce_s80,전국교구에서지구과인비공동체에세계적유지비에대한정확시험을봤고다양한방황을해야되지행동하고있다.
p02_u52,p02,ce_s160,전국교구에서지구과인류공동체에비해져유지에대한정확시험을봤고다양한방황해야지그니까.
p02_u52,p02,taps_s80,전국교구에서지구와인류공동체세적얘기에대한정확시험을갖고다양한실천방안을행거고있다.
p02_u52,p02,taps_s160,전국교구에서지구와인류공동체세정얘기에대한경각심을갖고다양한시전방은돼지행거고있다.
p02_u52,p02,ce_visible,전국교구에서지구과인류공동체에비해져유지에대한강박증을갖고다양하게빼서방황해야지그니까행동하고있다.
p02_u52,p02,ce_invisible,전국교구에서지구와인류공동체세정얘기에대한정확시험을갔고다양한시전방안을행거고있다.
p02_u53,p02,taps,대한항공이코어는이미일상회복전환에밤마다고객들의마을지사용판에이한버그를확대하고있다.
p02_u53,p02,ce,미안한국민이꺼내미국땅아네얼마쓰니벨위안따백대하고있다.
p02_u53,p02,ce_s40,미안한국민을그거는일당배안에고객들이랑위안뜨고있다.
p02_u53,p02,ce_s80,미안한고민을끊어일당미국안에마일리지위한  200 대 1 받고있다.
p02_u53,p02,ce_s160,미안한국민이꺼내미국일당피부안에고객들에마일리지용딸위한 700 대 1 받고하고있다.
p02_u53,p02,taps_s80,대한항공이코어는이미일상회복안에고기들에마을사용파일에이하케하고있다.
p02_u53,p02,taps_s160,대한항공이코어는이후에일상회복전환에밤하서고객들의마을지사용파일에의한서비스를확짜고있다.
p02_u53,p02,ce_visible,미안한국민이꺼내미국땅아네아메고기네마일리지위한따백대하고있다.
p02_u53,p02,ce_invisible,대한항공이코어는이미일상회복전환에밤마다고객들의마을지사용판에이한버그를확대하고있다.
p02_u54,p02,taps,대한항공 2박 31일에까지대한항공홈페이지모바일로캐시백마일드를이용하는중식때마일리지로성급해지는테이블벤츠진행한다고
p02_u54,p02,ce,대한항공은 2달 31일까지외환 0이록패션마취를이용하는건데마일리지를환급해주는
p02_u54,p02,ce_s40,대한항공이다 1190 항공타이밍패스만들면은이용하는근데마일리지를환급해주는
p02_u54,p02,ce_s80,대한항공이다 11회까지해나항공에이용하는황금패드
p02_u54,p02,ce_s160,대한항공은 2달 31일까지해당공페이지로패스만들때마일리지를언급해주는
p02_u54,p02,taps_s80,대한항공 2박 31일에까지대한항공홈페이지모바일로캐치는나이트를이용하는행복대기마일리지로환급해지는테이블벤츠한다고하이패.
p02_u54,p02,taps_s160,대한항공 2박 31일에까지대한항공홈페이지모바일로캐치는나이트를이용하는순댓국에마일드로환급해지는테이블멘트를진행한다고할거야.
p02_u54,p02,ce_visible,대한항공은 2달 31일까지외환 0이록패션마취를이용하는건데마일리지를환급해주는
p02_u54,p02,ce_invisible,대한항공 2박 31일에까지대한항공홈페이지모바일로캐시백마일드를이용하는중식때마일리지로성급해지는테이블벤츠진행한다고
p02_u55,p02,taps,대한항공관계사는홍콩구매시이미일부를마일리지부대신사용하면최대사백마이까지마일리지를다시돌려드린다고생명에있다.
p02_u55,p02,ce,대한항공보다는홍콩에쓰일우린일부를엘리베이로되진사용하면마일리지.
p02_u55,p02,ce_s40,대한항공관계사는홍권에쓰일우린일보를매로대신사용하면마일리지.
p02_u55,p02,ce_s80,공기다는홍건매실우린일보를헬리콥으로대신사용하면마일리지.
p02_u55,p02,ce_s160,대한항공보다는홍콩에쓰이우리는일부를말리게되고대신사용하면마일리지.
p02_u55,p02,taps_s80,대한항공관계사는성공권구매시이미일부를마일리지로대신사용하면최대사백마일까지마일리지를다시구라드린다고생명에나와.
p02_u55,p02,taps_s160,대한항공관계자는홍공한구매시니일부를마일리지부터대신사용하면최대사백마이까지마일리지를다시돌려드린다고생명과
p02_u55,p02,ce_visible,대한항공보다는홍콩일부를대신사용하면마일리지.
p02_u55,p02,ce_invisible,대한항공관계자는홍콩구매시이미일부를마일리지부대신사용하면최대사백마이까지마일리지를다시돌려드린다고생명에있다.
p02_u56,p02,taps,이번생판을통해  캐쉬의마이드를용해 150만원이상공주해서성공이딱쓴만료하면 200마이를돌려준다.
p02_u56,p02,ce,이번해라근데캡틴마이드를용해오백마이내고볶음이증금을 200만원벌
p02_u56,p02,ce_s40,이번에끝낸말들을영향을 200만원끊임이뜬금없는 200만원
p02_u56,p02,ce_s80,이번에끝낸말들을영해한 200만원에끈m 걸려면 200만원을벌려.
p02_u56,p02,ce_s160,이번휴가때끝인말들을영예 16 마이에끊임없이 200만원벌
p02_u56,p02,taps_s80,이번생판을통해  캐쉬의마이드를용해 150만원이상공유해서홍콩구매딱성만료하면 200마이를돌려준다.
p02_u56,p02,taps_s160,이번생판통에캐시넷마이드를용해 3500 마일리당공유해서성공이딱쓴만료하면 200마이를돌려준다.
p02_u56,p02,ce_visible,이번해라근데캡틴마이드를용해고볶음이뜨끔몰려있으면 200만원벌
p02_u56,p02,ce_invisible,이번생판을통해  캐쉬의마이드를용해 150만원이상공주해서성공이딱쓴만료하면 200마이를돌려준다.
p02_u57,p02,taps,대한항공카드감상될때이용할때오해태국설득날까지돌아온다.
p02_u57,p02,ce,대한항공카드에이용할때팩은할인받아서들어간다.
p02_u57,p02,ce_s40,대한항공카드에이용할때 100만원까지늘어난다.
p02_u57,p02,ce_s80,대한항공카드에이용할때들어간다.
p02_u57,p02,ce_s160,대한항공카드에이용할때오회까지늘어난다.
p02_u57,p02,taps_s80,대한항공카드감상될때이용할때해태국설득날까지놀았나.
p02_u57,p02,taps_s160,대한항공카드감상예술에이용할때뭐해태국설득날까지놀았나.
p02_u57,p02,ce_visible,대한항공카드에이용할때팩은할인받고.
p02_u57,p02,ce_invisible,대한항공카드감상렛을이용할때오해태국설득날까지돌아온다.
p02_u58,p02,taps,"캐시마일드는대한항공이스카이캐슬도괜찮, 1화보고그다음에 1월부터입한마일리지폭."
p02_u58,p02,ce,해쌤말도난공익이런그다음에 1월부터는마일리
p02_u58,p02,ce_s40,해쎈말그거는대한항공말로
p02_u58,p02,ce_s80,해쓴말거는대한항공이이런그다음에 1월부터는말로
p02_u58,p02,ce_s160,해쓴말거는대한항공이이런그다음에 1월말
p02_u58,p02,taps_s80,말기는대한항공이스노우기담에일환으로인한에 1월부터이번
p02_u58,p02,taps_s160,패션마이크는대한항공이스카이캐슬인터넷으로  시간에 1월부터도입한마일리지폭.
p02_u58,p02,ce_visible,해쌤말도난공익이런그다음에 1월부터는마일리
p02_u58,p02,ce_invisible,"캐시마일드는대한항공이스카이캐슬도괜찮, 1화보고그다음에 1월부터입한마일리지폭."
p02_u59,p02,taps,항공권구매집이아니면이집트인액공예게고객이원하는만큼마일리지로얘기할수있다.
p02_u59,p02,ce,항공권이매이십퍼센트인맥을고객의원하면마음껏마을리그로갈게할수있다.
p02_u59,p02,ce_s40,항공권이매이십퍼센트인맥을고객의원하면마음껏마을릭으로발휘할수있다.
p02_u59,p02,ce_s80,항공권이매글목글원하는만큼마일리그로갈거할수있다.
p02_u59,p02,ce_s160,항공권이매이십퍼센트인맥을고객의원하면마음껏마을리그로갈게할수있다.
p02_u59,p02,taps_s80,항공권이지뭐이름이인맥을고객이원하는만큼
p02_u59,p02,taps_s160,항공권구매집이아니면이내계획이원한만큼
p02_u59,p02,ce_visible,항공권이매이십퍼센트인맥을고객의원하면마음껏마을리그로갈게할수있다.
p02_u59,p02,ce_invisible,항공권구매집이아니면이집트인액공예게고객이원하는만큼마일리지로되지.
p02_u60,p02,taps,판매저석주와 78에대안을받지않고 500 날부터사회할수있어적은마일리지로도이용가능해.
p02_u60,p02,ce,한명이맞지않고 500 날부터아잉 500ml 너무의외로가능하다.
p02_u60,p02,ce_s40,한빠른애맞지않고 500 날부터아금마일리너의견가능하다.
p02_u60,p02,ce_s80,한마리가서출발은제안해지않고 500 날부터아금마일리너
p02_u60,p02,ce_s160,한마리를받지않고 500 날부터할수있다느긋느긋하다.
p02_u60,p02,taps_s80,판매좌석도출발을받지않고 500 날부터사회에있어서적금마을리로도이용가능하다.
p02_u60,p02,taps_s160,판매저석주와 7바디에대한을받지않고 500 날부터사용할수있어서적은만일수록더이용가능해.
p02_u60,p02,ce_visible,한매달은연애같지않고 500 날부터아잉 500ml 너무의외로가능하다.
p02_u60,p02,ce_invisible,판매저석주와 78에대안을받지않고 500 날부터사회할수있어적은마일리지로도이용가능해.
p02_u61,p02,taps,또한국내선에서곡지선에모든오닝까지가위에마일리지사용범위가넓다.
p02_u61,p02,ce,또한국내산에서국제선에모든걸마일리기용범위가넓다.
p02_u61,p02,ce_s40,또한국내짠해서국제전에모든걸마일리지내용범위가넓다.
p02_u61,p02,ce_s80,또한국내짠해서국제전에모든걸마일리지내용범위가넓다.
p02_u61,p02,ce_s160,또한국내산에서국제선의모든운영까지강릉에마일리지내용범위가넓다.
p02_u61,p02,taps_s80,또한국내선에서국제선의모든오닝까지강에마일리지사용범위가넓다.
p02_u61,p02,taps_s160,또한국내선에서곡개선해모든까지강에마일리지사용범위가넓다.
p02_u61,p02,ce_visible,또한국내산에서국제  안에모든걸마일리기용범위가넓다.
p02_u61,p02,ce_invisible,또한국내선에서곡지선에모든오닝까지가위에마일리지사용범위가넓다.
p02_u62,p02,taps,캐치의마이즈를사용하다그항공권자체에의미매장하는마일리지도싸인다.
p02_u62,p02,ce,마이드를딴것도한번끊게해당하는마일리도빠인.
p02_u62,p02,ce_s40,마이드를하는건마일리빠엔.
p02_u62,p02,ce_s80,마일드를사용하더라도항공권은마일리기도빠인까.
p02_u62,p02,ce_s160,빵하더라도항공권
p02_u62,p02,taps_s80,CGM 마이즈를사용하다너항공권자체에의미매장하는마일리지도싸인다.
p02_u62,p02,taps_s160,캐시앤마이즈를사용하다너항공권자체에의미매장하는마일리지도싸인다.
p02_u62,p02,ce_visible,마이드를딴것도한번끊게해당하는마일리도빠인.
p02_u62,p02,ce_invisible,캐치의마이즈를사용하다그항공권자체에의미매장하는마일리지도싸인다.
p02_u63,p02,taps,대한항공관계잖아한국식들이보다 19의마일리지를사용할수있도록관련서비스의사용처를다양하게하고말았다.
p02_u63,p02,ce,관계자마일리항할수있도록할게요말했다.
p02_u63,p02,ce_s40,향관계새거편하게마을리를사용할수있도록관련서비스당하그얘기하고말았다.
p02_u63,p02,ce_s80,관계자는한국애들이보다마일리지를사용할수있도록관련서비스당하그얘기하고말았다.
p02_u63,p02,ce_s160,관계잖아형고객들이못하겠고  몰르게마일리지활용할수있도록할게얘기하고말았다.
p02_u63,p02,taps_s80,대한항공관계잖아한국어구직들이보다자꾸편의하게마을리지를사용할수있도록관련서비스사용철을다양하게얘기하고마련돼.
p02_u63,p02,taps_s160,대한항공관계잖아한국식들이보다 19학에마을리집을사용할수있도록관련서비스를다양하게얘기하고마련돼.
p02_u63,p02,ce_visible,행함관계형식못할거아니에게말리항할수있도록할게하고말았다.
p02_u63,p02,ce_invisible,대한항공관계잖아한국식들이보다 19의마일리지를사용할수있도록관련서비스의사용처를다양하게하고말았다.
p02_u64,p02,taps,지난 6 예지방성건을나쁘고사회강제방서비스에서정치적종입의무를지키지않는정복지역공무원들이물어기어졌다.
p02_u64,p02,ce,난요왜지방권이다꼬아예방개방법이해가지구정주역무를일단은왕복이무덤기로했다.
p02_u64,p02,ce_s40,난요왜지방권따이방개망쳐낄때정치적공립의무를일단은왕복이무너비로발랐다.
p02_u64,p02,ce_s80,난요왜지방사는게망t에서정치적공립의무를죽일지않은정국역무원들이무너비로좀발렸다.
p02_u64,p02,ce_s160,나는요왜지방권땅에관계만족했대정치적공익의무를일단은왕복만대리무더기로했다.
p02_u64,p02,taps_s80,지난 6 예지방성건은나쁘고사회강제방서비스에서정치적종입을지키지않는정복지역공무원들이물어기어졌다.
p02_u64,p02,taps_s160,지난 6 예지방성건을나쁘고사회관계방서비스에서정치적종입의무를지키지않는정복지역공무원들이물어준다했다.
p02_u64,p02,ce_visible,난요왜지방권이다없고아예방개방법이해가지구정주역무를일단은왕복이무너비로빠르겠다.
p02_u64,p02,ce_invisible,지난 6 예지방성건을나쁘고사회강제방서비스에서정치적종입의무를지키지않는정복지역공무원들이물어기어졌다.
p02_u65,p02,taps,감독도는 12 같은내용에공지기간찰결과를발표하고회장국에대한인서상처분을단체기관장에기다.
p02_u65,p02,ce,119
p02_u65,p02,ce_s40,
p02_u65,p02,ce_s80,11 어떤내용에발등에.
p02_u65,p02,ce_s160,119 일단공부라도.
p02_u65,p02,taps_s80,감독도는 12 같은내용에공지기간찰결과를발표하고회장공무원에대한인터상차분을단체기관성에게.
p02_u65,p02,taps_s160,감독도는 12 같은내용에공지기간찰결과를발표하고회장공무원에대한인서상처본을단체기관장에있고.
p02_u65,p02,ce_visible,
p02_u65,p02,ce_invisible,감독도는 12 같은내용에공지기간찰결과를발표하고회장국에대한인서상처분을단체기관장에기다.
p02_u66,p02,taps,안찰결과를보면전북도의와이딴시군수원군일보공무원은성과관련 SNS 계신분의를면에서시차례 19
p02_u66,p02,ce,암페과를보면전북도의야일단그무조건항군일부공무원은싼거관련액션교수님좋아요를많긴눌렀다.
p02_u66,p02,ce_s40,암페과를보면전북도의야있다무조건 1부공무원은싼거관련액션교수님좋아요를많긴씩눌렀다.
p02_u66,p02,ce_s80,암페과를보면전북도의야있다무조건 1부공무원은싼거관련액션교수님좋아요를많긴맞다.
p02_u66,p02,ce_s160,안팔려보면암벽도의야일단그무조건런군일부공무원은싼거관련액션교수님의좋아요를많긴팔에씩눌렀다.
p02_u66,p02,taps_s80,안찰결과를보면전북도의와이딴시군수원군일보공무원은성과관련 SNS 계신분의조화유를많긴해서시차례 19
p02_u66,p02,taps_s160,"차라리결과를보면전북도의와이딴식은구한군, 일부공무원은성과관련 SNS 계신분의대화를켜내서시차례 19"
p02_u66,p02,ce_visible,암페과를보면전북도의야일단그무조건항군일부공무원은싼거관련액션교수님좋아요를많긴해놨다.
p02_u66,p02,ce_invisible,안찰결과를보면전북도의와이딴시군수원군일보공무원은성과관련 SNS 계신분의를면에서시차례 19
p02_u67,p02,taps,게시물중에는후보자의구현이나헝가운동활동에관한줄도있는것으로알려줬다.
p02_u67,p02,ce,내친구들중에는후보제입고한가운동에관한글도있는것으로알려줬다.
p02_u67,p02,ce_s40,내친구들중에는후보제입고한가운동은활동에관한글도있는것으로알려줬다.
p02_u67,p02,ce_s80,내친구들중에는후보제입고운동을있는것으로알려줬다.
p02_u67,p02,ce_s160,내친구중에는후보나이고약이나편하고운동은활동에관한글도있는것으로알려줬다.
p02_u67,p02,taps_s80,신문중에는후보자의구향이나성과운동활동에관한의도있는것으로알려줬다.
p02_u67,p02,taps_s160,신문중에는후보자의구역이나상과운동활동에관한줄도있는것으로알려줬다.
p02_u67,p02,ce_visible,내친구들중에는후보제입고한가운동에관한글도있는것으로알려줬다.
p02_u67,p02,ce_invisible,신호중에는후보자의구현이나헝가운동활동에관한줄도있는것으로알려줬다.
p02_u68,p02,taps,"공직성적과지방공무원, 동국한공무원이성과에부동한영역을해서하거나특정호사를지지오빠는반대하는행위를해서는안된다고구정하고있다."
p02_u68,p02,ce,우리딴것도공무원이평가해한영역을회비하거나그평보다를너는반대하는생길에서는안
p02_u68,p02,ce_s40,딴것도없까일단공무원이평가해한영역을필요하거나그평보다를너는반대하는생길에서는안
p02_u68,p02,ce_s80,딴것도공무원이평가해한영역을행보자를반대하는행동에서는안하고.
p02_u68,p02,ce_s160,딴것도없던공무원이평가에부정한영역을해라그행보들을반대하는행동은안하고
p02_u68,p02,taps_s80,공직선거법과지방공무원동국기동안공무원이성과에부동한영형을해서하거나특정호를지지또는반대하는행위를해서는안된다고구정하고있다.
p02_u68,p02,taps_s160,공직선것보다입안공무원동그란공무원이성과에부담한영역을해서하거나측정보사를지지이거는반대하는행위를해서는안된다고구정하고있다.
p02_u68,p02,ce_visible,"우리딴것도공무원, 공부한공무원이평가에부당한영역을회비하거나그평보다를반대하는생길에서는안"
p02_u68,p02,ce_invisible,"공식선것과지방공무원, 동국한공무원이성과에부동한영역을해서하거나특정호사를지지또는반대하는행위를해서는안된다고구정하고있다."
p02_u69,p02,taps,전복도감사관실은공무관리를소홀히한단체에구간장을주일처분하고일단공군들에대해서는홍보하도록구우했다.
p02_u69,p02,ce,또관심은공부관리를소울이한단체간장을  출근하고일단공부한들에대해선혼자.
p02_u69,p02,ce_s40,음복도군쪽관심은공부관리를소울이한단체간장을  출근하고일단공부한것에대해선혼자.
p02_u69,p02,ce_s80,음복도완벽한실은공부관리를소울이한단걸  출근하고일단공부한것에대해선혼자.
p02_u69,p02,ce_s160,또갈때공부관리를소울이한번
p02_u69,p02,taps_s80,전복도감사관실은공무관리를소홀히한단체에구간장을주일처분하고일단공군들에대해서는홍보하도록구우했다.
p02_u69,p02,taps_s160,인복도감사관실은공무관리를소홀히한단체와국환장을주일처분하고일단공무원들에대해서는홍대하도록구우했다.
p02_u69,p02,ce_visible,또관심은공부관리를또오래한단걸  출근하고일단공부한들에대해선홍대로오고싶다.
p02_u69,p02,ce_invisible,전복도감사관실은공무관리를소홀히한단체에구간장을주일처분하고일단공군들에대해서는홍보하도록구우했다.
p02_u70,p02,taps,감사관실은선거중이의무가있는공무원들이특정호보제를지지하는거겠지만행정이신뢰를실치시킬우려가있다고보겠다.
p02_u70,p02,ce,안실은성과공립의무가있는공무원들이후보제를준비하는것이지만행동들을신의우려가있다고봐줬지.
p02_u70,p02,ce_s40,안사간실은선거국의무가있는공무원들이후보제를준비하는것이며행정실을세시시대우려가있다고봐줬다.
p02_u70,p02,ce_s80,안사관식은선거중립의무가있는공무원들이좀후보제를준비하는것이며행정사를세트씩테우려가있다고봐줬다.
p02_u70,p02,ce_s160,안사관식은선거주무시의무가있는공무원들이좀후보제를준비하는것이며행정을세시무료가있다고봐줬다.
p02_u70,p02,taps_s80,감사관실은선거중립의무가있는공무원들이행정후보제를지게하는거겠지만행정이신뢰를실질시킬의류가있다고보까.
p02_u70,p02,taps_s160,감사관실은선거중이의무가있는공무원들이특정호고자를지지하는것이있지만행정이신뢰를실기우려가있다고보겠다.
p02_u70,p02,ce_visible,안실은선거국의무가있는공무원들이후보제를준비하는것이지만행동들을발꼈지.
p02_u70,p02,ce_invisible,감사관실은선거중이의무가있는공무원들이특정호보제를지지하는거겠지만행정이신뢰를실치시킬우려가있다고보겠다.
p02_u71,p02,taps,한국에서코난일고광현이가는데광역당국이하루에 3뱅이한명에
p02_u71,p02,ce,외국에서끊어일곱이급행하는가운데광역당국이하루일해.
p02_u71,p02,ce_s40,외국에서꺼나일곱관음이급행하는건데강요당국이하루종교담임자가상병맹해이러고.
p02_u71,p02,ce_s80,외국에서끊어일곱병하는가운데광역당국이한국영화.
p02_u71,p02,ce_s160,외국에서끊어일곱병하는가운데광역당국이하루에 3백원.
p02_u71,p02,taps_s80,한국에서코난일고아니면집중하는거광역단국이하루에 3
p02_u71,p02,taps_s160,"공국에서코나일구과학이집중하는건데광역당국이하루에왕국한 3뱅이한명, 방."
p02_u71,p02,ce_visible,외국에서끊어미급행하는가운데광역당국이하루일해.
p02_u71,p02,ce_invisible,한국에서코난일고광현이가는데광역당국이하루에 3일
p02_u72,p02,taps,26에블루통신에따르면지난주중국당구에매부회의에서국가위생공강위안회가이런추산치를내려왔다.
p02_u72,p02,ce,이빈욕에글램브통신했다그러면종로왕국레보행위겠다국까위생걱정을위원회그의견출산율내도왔다.
p02_u72,p02,ce_s40,이빈욕에불량배가똥신에따르면지난주중국강록에내부회의떠국가위생건강위원회그의견출산율내도왔다.
p02_u72,p02,ce_s80,이빈욕에불량배통신에따르면지난주에종로왕국에내부생에국가위생공강위원회그의견흘러갔다.
p02_u72,p02,ce_s160,66에블랙도송신에따르면지난주강국에내부회의에다국가미생고장을위원회그의견출산율내놓다.
p02_u72,p02,taps_s80,"26에블루버통신에따르면지난줄, 중국당구에내부회의에서국가위생공강위원회가이런추산치를내려왔다."
p02_u72,p02,taps_s160,26에블루버통신에따르면지난줄중국당구에내부회의에서국가위생공강위원회가이런추산치를내려왔다.
p02_u72,p02,ce_visible,66에글램브통신했다그러면종로왕국레보행위겠다국까위생걱정을위원회그의견흘러갔다.
p02_u72,p02,ce_invisible,26에블루통신에따르면지난주중국당구에매부회의에서국가위생공강위안회가이런추산치를내려왔다.
p02_u73,p02,taps,국가위생건강위원회는공무원찬아기간으로방역에실무사렴탑이면이왕쟁이방광급이다.
p02_u73,p02,ce,국가위생에건강을위한애는공무원하나휘관으로방역에세무빠른급이면위원당이관광급이다.
p02_u73,p02,ce_s40,국가위생에건강을위한애는공무원하나휘관으로방역에값이면의원당이관광급이다.
p02_u73,p02,ce_s80,국가위생에건강을위한애는공무원하나휘건으로강요해성급이면위원당이관광급이다.
p02_u73,p02,ce_s160,국가위생에건강을위한애는공무원하나휘건으로강혁이쌤은대량값이면의원등이방광급이다.
p02_u73,p02,taps_s80,국가위생건강위원회는공무원하나로방역에실무사렴탑이면이런장이장난아니다.
p02_u73,p02,taps_s160,국가위생건강위원회는공무원찬아기간으로방역에실무사양탑이면 2년장이방향급이다.
p02_u73,p02,ce_visible,국가위생에건강을위한애는공무원하나휘관으로방역에세무빠른급이면위원당이관광급이다.
p02_u73,p02,ce_invisible,국가위생건강위원회는공무원찬아기간으로방역에실무사렴탑이면이런장이방이다.
p02_u74,p02,taps,"고급당국은이달, 7이니까좀기적단소 2단자중독급할거셀부터는무능상, 가맹자통계를발표하지않고있다."
p02_u74,p02,ce,연극당구건일등유병예너는딴거똥개앉고.
p02_u74,p02,ce_s40,연극당구건일급 6 동기아님.
p02_u74,p02,ce_s80,연극
p02_u74,p02,ce_s160,연극안통계를.
p02_u74,p02,taps_s80,"고급당후원이달, 7이니까정기적전수미드정폭하고셀부터는무능상, 가맹자통계를발표하지않고있다."
p02_u74,p02,taps_s160,"고급당후원이달, 7일부터정기적전수미드좌조건가있고 14일부터는무용상, 가맹자통계를발급하지않고있다."
p02_u74,p02,ce_visible,연극중국은한국이지않고.
p02_u74,p02,ce_invisible,"고급당국은이달, 7이니까정기적전수이벤자중독급할거셀부터는무능상, 가맹자통계를발표하지않고있다."
p02_u75,p02,taps,은행이고 3학년자도가면은폐렴이나호흡부자로승진경우에만집게한잔은원주고에공개한바이있다.
p02_u75,p02,ce,아이고땀도없고땀이나이런니깐
p02_u75,p02,ce_s40,뻔아이고해놓고폐업이나하고니깐
p02_u75,p02,ce_s80,아이고해놓고폐업이나하고있다.
p02_u75,p02,ce_s160,이거해놓고폐업이나하고좀으니까는있다.
p02_u75,p02,taps_s80,그거는 3학년자도가면은폐렴이나호흡부자로승진경우에만집대한점은원주에공개한바이있다.
p02_u75,p02,taps_s160,이고 3학년자도가면은폐렴하고무전으로승진경우에만직기한저는원주고에한번있다.
p02_u75,p02,ce_visible,아이고땀도없고땀이나이런니깐
p02_u75,p02,ce_invisible,은행이고 3학년자도가면은폐렴이나호흡부자로승진경우에만집게한잔은원주고에함바있다.
p02_u76,p02,taps,이어 25일부터코론하고 1일신규가면통계발표를중단한다고밝혀. 중국당국이통계를조색하는것아니면은의구심이돼지되고있다.
p02_u76,p02,ce,위아 25일부터코론아일꼬일에신기하면똥개발표를중단한다고발대중국단국이똥개를조생각하는것아니면은의외심이백비내고있다.
p02_u76,p02,ce_s40,위아 25일부터꾸로나을꼬일수면똥개발표를중단한다고밟혀한국이통계를조생각하는것아니면은의외심이회비되고있다.
p02_u76,p02,ce_s80,위어 65일부터꾸로나을꼬일수면똥개발표를준비한다고밟혀중국당국이똥개를조직하는것아니면은의외심이회비되고있다.
p02_u76,p02,ce_s160,위아 25일부터그러나꼬일수있는게가면똥개발표를준비한다고중국당국이똥개를조생각하는것아니면은의외심이백일대구있다.
p02_u76,p02,taps_s80,이어 25일부터코론하고 1일신규가면통계발급을중단한다고밝혀. 중국당국이통계를조백하는것아니면은의구심이배지되고있다.
p02_u76,p02,taps_s160,이어 25일부터코론나일곱일신규가면통계발표를중단한다고밝혀. 중국당국이통계를조색하는것아니면은의구심이돼지되고있다.
p02_u76,p02,ce_visible,위아 25일부터코론아일꼬일에신기하면똥개발표를중단한다고발대중국단국이똥개를조생각하는것아니면은의외심이백비내고있다.
p02_u76,p02,ce_invisible,이어 25일부터코론하고 1일신규가면통계발표를중단한다고밝혀. 중국당국이통계를조색하는것아니면은의구심이배지되고있다.
p02_u77,p02,taps,"이런가운데당량비정으로인구가한 55, 6명이저장성광역담기전날하루인제가면 2만명을넘었다고할려고"
p02_u77,p02,ce,이런과연데광명 b 병으로인구가육한 500화 10만몇명인여대부턴강력있지옛날에하루종교담임자가중간명을넘었다고.
p02_u77,p02,ce_s40,이런가운데광명  주변으로인구가육한 500화집만열명인여당역이옛날하루댕겨가맹점자가중한명을넘었다고.
p02_u77,p02,ce_s80,이런가운데광명기준으로인구가육한 500화집만몇명인여당역이옛날하루빙교가맹점자가백만명을넘었다고.
p02_u77,p02,ce_s160,위험가운데광명기준으로인구가육한 500화 10만몇명인여담병역병무뒤였나.
p02_u77,p02,taps_s80,이런가운데당량기로인구가한 550명이적당성당역담구기전날하루인제가면 100만명은넘었다고망했다.
p02_u77,p02,taps_s160,이런가운데당연비전으로인구가한 550명이적당성당역담구기전날하루놀고
p02_u77,p02,ce_visible,이런과연데광명비변으로인구가육한 500만원인요당광역병무직옛날에하로댕겨가맹점자가중간명을넘었다고.
p02_u77,p02,ce_invisible,"이런가운데당량비정으로인구가한 55, 6명이저장성광역담기전날하루인제가면 2만명을넘었다고할려고"
p02_u78,p02,taps,일을단순적용하면실사중국인전체로는하루에 20000명이강연에쓸것이라는수정도나온다.
p02_u78,p02,ce,영미?
p02_u78,p02,ce_s40,
p02_u78,p02,ce_s80,영미? 나는
p02_u78,p02,ce_s160,똥그란
p02_u78,p02,taps_s80,일을단순적용하면실사중국인전체로는하루에 20000명이강연 b 에거시라는수정도나온다.
p02_u78,p02,taps_s160,일을단순적용하면실사중국인전체로는하루에 20000명이강연 b 에거실안에수정도나온다.
p02_u78,p02,ce_visible,영미?
p02_u78,p02,ce_invisible,일을단순적용하면실사중국인전체로는하루에 20000명이강연에쓸것이라는수정도나온다.
p02_u79,p02,taps,블른바보는베이징한식스오미중국남의주요도시들에서도그쪽도로확고인제는소도시와농촌으로전파되는것으로보인다고전해.
p02_u79,p02,ce,런닝베이징에비쎈오메이중국남부에주요도시들에서도그속도로편했고위는끝났어전파되는것으로보인다고생각했었어.
p02_u79,p02,ce_s40,블랙마그는베이징에비오맥이  중국남부에주요도시들에서도그속도로편했고위에는노선으로전파되는거지.
p02_u79,p02,ce_s80,물론마그는베이징엘비쎈오미백근로이중국남부에주요도시들에서도그속도로편했고위는끝났지만넘하게되는거잖아요.
p02_u79,p02,ce_s160,물론마그는베이징에비오백크론이중국남부에주요도시들에서도그족도로만편했고위대는똑같이와농촌으로전파되는것으로보인다고전했다.
p02_u79,p02,taps_s80,블론버그는베이징한식스 5미론이중국남의주요도시들에서도그쪽도로확고인제는수더시와농촌으로전파되는것으로보인다고생각
p02_u79,p02,taps_s160,물론바보는베이징한식스 5미터로니중국남부에주요도시들에서도그쪽도로확고인제는소더시와농촌으로전파되는곳으로본다고전해.
p02_u79,p02,ce_visible,런닝베이징에비해서오맥그러니중국남부에주요도시들에서도그속도로편했고위는끝났어전파되는것으로보인다고생각했었어.
p02_u79,p02,ce_invisible,블른바보는베이징한식스 5미터로니중국남의주요도시들에서도그쪽도로확고인제는소도시와농촌으로전파되는것으로보인다고전해.
p02_u80,p02,taps,특히다음딱 22 흰재정으로수학명이고양을방문하고복귀하는과정에서학생이주폭된것이라는관측이유저받아.
p02_u80,p02,ce,22일생육이방문하고은행과정을따지고백퍼십이라는거지.
p02_u80,p02,ce_s40,22일생명일방문하고  많은
p02_u80,p02,ce_s80,솔직히 22일출문하고  않은과정에서복백이라는관출이유
p02_u80,p02,ce_s160,솔직히 22일출석이외향을방문하고복비하는과정에서복백꽃이라는관심이.
p02_u80,p02,taps_s80,특히밤딱이집이신재기점으로수학명이고양을방문하고복귀하는과정에서주폭된것이라는관뜻이유어가봐.
p02_u80,p02,taps_s160,특히다음딱 22일신재기점으로수명이고양을방문하고복귀하는과정에서학생이주폭된것이라는관칙이받아.
p02_u80,p02,ce_visible,22일생육이방문하고행정을따지고백퍼십이라는거지.
p02_u80,p02,ce_invisible,특히밤딱이집이신재기점으로수학명이고양을방문하고복귀하는과정에서학생이주폭된것이라는관측이유저받아.
p02_u81,p02,taps,물론봐시댄시장건인정바선통상후배의상품은 1월중순에후원해고신기함이평점을찍은거로예상된다고자야겠다.
p02_u81,p02,ce,물론애프레임 1등인공격한통후배 2장 1월중순쯤에호원예고중식이평점을찍을거으로예평된다고중형
p02_u81,p02,ce_s40,물론 1등인공격한동후배입장에후원해갖고충주일거로예평구청에서
p02_u81,p02,ce_s80,물론에프베이터맨더구한동후배 2등 1월중순쯤에호원예고순규미공을끊을거로예정된다고중형
p02_u81,p02,ce_s160,물론애프레임뜨잖아한두배이상 1월중순쯤에호원예고순주미공때문에낄거쓰러예방접종
p02_u81,p02,taps_s80,물론봐시댄시장건조하고산통상후배의상품 1월중순쯤에호돈이고신기해성취타
p02_u81,p02,taps_s160,물론봐시대잖아시장과금인강박산후배의상품은 1월중순에후원해신규감음이상점을찍은것으로예상된다고자야겠다.
p02_u81,p02,ce_visible,물론잇중엔영등원한통후배 2등 1월중순쯤에호원예고중급이평점을찍을거으로예평구청에서
p02_u81,p02,ce_invisible,물론봐시댄시장건인정바선통상후배의상품은 1월중순에후원해고신기함이평점을찍은거로예상된다고자야겠다.
p02_u82,p02,taps,이
p02_u82,p02,ce,아이어백신영구로가면열한맥스엔 B액잉까
p02_u82,p02,ce_s40,아이어백신영구로아니야예방베생꿀이아이삐에움직일
p02_u82,p02,ce_s80,아이어백신영구도명아니야예방베이아이삐에잉
p02_u82,p02,ce_s160,아이고땡아백신영구도명아니면여박몇백이아이비의액움직일
p02_u82,p02,taps_s80,이
p02_u82,p02,taps_s160,"에이, 에이"
p02_u82,p02,ce_visible,아이어백신영구로가면열한맥스엔 B액잉까
p02_u82,p02,ce_invisible,이
p02_u83,p02,taps,연구소는안한대이런거이네인상 1
p02_u83,p02,ce,백신연구소는 21년 6월 10월부터영아니었예당백지네음료의음망증외국에
p02_u83,p02,ce_s40,맥심연구소는 21년 6월 10 의학과아니면따로부영마냥예당백수네음료의음병
p02_u83,p02,ce_s80,백진연구소는 21년 6월의학금안연간예방베지네음료의음
p02_u83,p02,ce_s160,백십연구소는 21년 6월의학금완전초록부터영아니었예당백지네음료의음방쌤왜
p02_u83,p02,taps_s80,"연구소는 201년 6월 10일하고 3 대 1 반영예방대신에고민상, 인성인상시험계획을"
p02_u83,p02,taps_s160,연구소는안된다고한달에열광이네. 2인이상인상대
p02_u83,p02,ce_visible,백진연구소는 21년 6월 10월부터영아니었예당백지네음료의음방쌤왜
p02_u83,p02,ce_invisible,연구소는안한대이영관이랑예방에인성인상인쌍둥이
p02_u84,p02,taps,"이후에스크린이기억하렴에대한상태가은성이만 19세이상 15세 20만의성인 30년을그사람으로 CDI 12,500어를꾸몄다."
p02_u84,p02,ce,미요드레니위험반영에대한형제가엉덩이만시끄러이상 65세미만에쓰리쌈짓돈영을 CVIPL을끊었다.
p02_u84,p02,ce_s40,미요원반영에대한형제가엉덩이만시끄러이상 65세미만에삼십명을몇병으로씨 BI CEVE  경제를끊었다.
p02_u84,p02,ce_s80,요린집이위험반영에대한형태가엉덩이만시끄러이상 65세미만에쓰리찜질령을내땅으로씨 BI CEVE  경제했다.
p02_u84,p02,ce_s160,리호트배쓰리위험반영에대한상태가엉덩이만시끄러이상 65세미만에빨리삼십명을방으로 EVERPG를끊었다.
p02_u84,p02,taps_s80,"크리에기억하렴에대한상태가곰성이마당 19세이상 15세 20만의형이 30년을 12I 12,500어를끊었다."
p02_u84,p02,taps_s160,"크리에귀한과념에대한상태가곰성이마 19세이상 15세 20 만에성인 30년을그사람으로 CDI 12,50어를끊었다."
p02_u84,p02,ce_visible,미요드레니위험반영에대한형제가엉덩이만시끄러이상 65세미만에쓰리쌈짓돈영을몇명으로씨 BI CEVE  경제를끊었다.
p02_u84,p02,ce_invisible,"이후에스크린이기억하렴에대한상태가은성이만 19세이상 15세 20만의성인 30년을그사람으로 CDI 12,50을끊었다."
p02_u85,p02,taps,앞으로 1년간추적관찰하면서안전성매력성적면역원성을평가해다음단계인상에준비한다고회사책은다녔어.
p02_u85,p02,ce,
p02_u85,p02,ce_s40,
p02_u85,p02,ce_s80,일년동안
p02_u85,p02,ce_s160,
p02_u85,p02,taps_s80,"앞으로 1년간추적관찰하면서안전성, 매력성 3점면역몬성을평가해다음단계인상에준비한다고회사책은다녔어."
p02_u85,p02,taps_s160,"앞으로 1년간수적관찰하면서안전성, 내역성 3점원서원성을평가해인상에준비한다고회사책은다녔어."
p02_u85,p02,ce_visible,
p02_u85,p02,ce_invisible,앞으로 1년간추적관찰하면서안전성매력성적면역원성을평가해다음단계인상에준비한다고회사책은다녔어.
p02_u86,p02,taps,"CDIPP는에이티비 F, a, 윤광때에피 A를포함하고있다."
p02_u86,p02,ce,아이그에뛰드오기는한그래도에에이잇티비에프에에이오까매력공장에에뛰 A 오겠다.
p02_u86,p02,ce_s40,아이고에뛰드오로비는에에이삐에프에에이오프라매니공장에에뛰앱이포나오겠다.
p02_u86,p02,ce_s80,아이가에뛰드오로비는에잇띠 B 에잇공장에에이비오를뻔하고싶다.
p02_u86,p02,ce_s160,아이그에지비오로비는에잇집이에프에에이약간매력종강에에뛰모를뻔하고싶다.
p02_u86,p02,taps_s80,"CVIPL AT B, AIP를포함하고있다."
p02_u86,p02,taps_s160,"CVIPPT는에이티비에브, 에이디비증상때 LP 5를포함하고있다."
p02_u86,p02,ce_visible,아이그에뛰드오로비는에에이잇티비에프에에이오까매력공장에에뛰 A 오겠다.
p02_u86,p02,ce_invisible,"CDIPP는에이티비 F, a, 윤광때에피 A를포함하고있다."
p02_u87,p02,taps,에지에이드에이디엠 300인연구소가세개말한삼세대화원으로세대화원보다매년높다.
p02_u87,p02,ce,에지비액애는빼맥진연구소
p02_u87,p02,ce_s40,에지비액애는  하겠지. 용도
p02_u87,p02,ce_s80,에에지비액잇비는하극
p02_u87,p02,ce_s160,에잇액애이는빼맥진연구
p02_u87,p02,taps_s80,에지에이드에이디엠선배찐영화도한세개말한삼세대화원으로 2세대화원보단매년높다.
p02_u87,p02,taps_s160,에지에이드에이디는 316호가삼백한삼세대화원으로세대한번보다매년높다.
p02_u87,p02,ce_visible,에찌는하맥진연구소
p02_u87,p02,ce_invisible,에지에이드에이디엠 316호가삼세개말한삼세대화원으로세대화원보다매년높다.
p02_u88,p02,taps,냐이애니면역가는거면역반응을해면역이니면역이다.
p02_u88,p02,ce,면역공강제에피에이애니성면역반응과핵성면역반응을도시에의도에핵성면역이대부분이아까면역중경제보다설명했다.
p02_u88,p02,ce_s40,면역증강제에피에이엠비오는핵성면역반응과협성면역반응을도시에의도에특성면역이대부분이따뜻한면역중강제보다설명했다.
p02_u88,p02,ce_s80,면역증강제에피에이엠비뭐는백성면역반응과특성면역반응을도시에유도해핵성면역이대부분이아까면역중강제보다설명했다.
p02_u88,p02,ce_s160,면역증강제에피에이엠비는핵성면역가능과특성면역가능을도시에의도에핵성면역이대부분이아까면역중경제보다설명했다.
p02_u88,p02,taps_s80,면역증강제앱이엠인핵면역가는면역반응을통해면역미니항상면역누군데보다효과가있다고설명했다.
p02_u88,p02,taps_s160,면역증강제앱이엠인핵성면역반응과학역반응을통해면역미니에어면역전공보다효과가설명했다.
p02_u88,p02,ce_visible,면역증강제에피에이애니성면역반응과핵성면역반응을도시에의도에특성면역이대부분이아까면역중경제보다설명했다.
p02_u88,p02,ce_invisible,면역이애니면역가는거면역반응을해면역이니면역
p02_u89,p02,taps,다배친연구소는기존에비형관념예방배신을맞아도방어효과가없는바네이다곤에서도방어효과를유도할수있을것으로기대하는
p02_u89,p02,ce,아백진이형보다는비영발음여왕백순의맞아도방문효과가없는반응이다꼬네방와이육아일수있고
p02_u89,p02,ce_s40,아백진영구서는이번에비하하면여왕백신을맞아도방문효과가없는반응이따군에서도방어효과는유도할수있을거
p02_u89,p02,ce_s80,아백진영구는이번에비하하면여왕백순의맞아도방문효과가없는바닐니다군에방어노까요.
p02_u89,p02,ce_s160,아백진영구는위험반영백수는맞아도방문효과가없는바느니따군에방어효과
p02_u89,p02,taps_s80,차배신연구서는기존에비형관념예방배신을맞아도방언효과가없는뭐바네이다곤에서도방언효과를유도할수있을것으로기대야되니까.
p02_u89,p02,taps_s160,사배신연구소는기존에비염관념예방배신을맞아도방어효과가없는바네이다곤에서도방어효과를유도할수있을것으로기대하는
p02_u89,p02,ce_visible,아백진이영부터는비영발음여왕백쓰는맞아도방문효과가없는반응이다꼬네방와이육사일수도있고
p02_u89,p02,ce_invisible,다배친연구소는기존에비형관념예방배신을맞아도방어효과가없는바네이다곤에서도방어효과를유도할수있을것으로기대하는
p02_u90,p02,taps,정말나중에서울강남구에한클럽을가르 20대여성이비가달린파실을파악하고신고해경찰이이권전주사를버리고있다.
p02_u90,p02,ce,나대강남구에한클럽을방문하더니육백을밖으 0 딸이입금도버리고있다.
p02_u90,p02,ce_s40,나도강남구에한클럽을가르그때달린바지를밖가고싶은구에경찰이있건좀버리고있다.
p02_u90,p02,ce_s80,나도강남구에한클럽을가르그때누가관리했니파시를과학가고신고해병자리입금전달을버리고있다.
p02_u90,p02,ce_s160,나도강남구에한클럽을간거야이것이육아발리파틸빠져하고신고해병태리입금전잘버리고있다.
p02_u90,p02,taps_s80,나중에서울강남구에한클럽을강문한 20대여성이비가달린파실을파악하고신고해경찰이이권전주사를버리고있다.
p02_u90,p02,taps_s160,나중에서울강남구에한클럽을강문한 20대여성이니가잘린파실을파악하고신고해. 경찰이이권전주사를버리고있다.
p02_u90,p02,ce_visible,나도강남구에한클럽을방문하더니파주를밖으 0 딸이입금도버리고있다.
p02_u90,p02,ce_invisible,나중에서울강남구에한클럽을가르 20대여성이비가달린파실을파악하고신고해경찰이이권전주사를버리고있다.
p02_u91,p02,taps,시비경찰에따르면서울강남경찰서는강남고농협동에있지한클럽을방문한여성이기가달렸다는신고를전달해서조사를버리겠다.
p02_u91,p02,ce,급이경찰에따릉이강릉경탈때는강남구농약농에믿지클럽을방문한신고를왜
p02_u91,p02,ce_s40,네경찰에따릉이강릉경탈때는강남구농협동에있지않클럽을방문한신고를받는왜
p02_u91,p02,ce_s80,네경찰에따릉이강릉경유당구박물관이된거
p02_u91,p02,ce_s160,미래에경찰에따릉이강릉경유했다음향동에입양을방문한여동생
p02_u91,p02,taps_s80,"시비경찰에따르면서울강남경찰서는강남고, 노면동에이대한클럽을방문한여성이비가달렸다는신고를전달해서조사를버리겠다."
p02_u91,p02,taps_s160,"시비경찰에따르면서울강남경찰서는강남고, 농협동에이치한클럽을방문한여성이기가달렸다는신고를전달해서주차를버릴수있다."
p02_u91,p02,ce_visible,급이경찰에따릉이강릉경유하는거농담농업을방문한신고를
p02_u91,p02,ce_invisible,시비경찰에따르면서울강남경찰서는강남고농협동에있지한클럽을방문한여성이기가달렸다는신고를전달해서조사를버릴수있다.
p02_u92,p02,taps,그냥구이낙당플러그차는여동은프렉션으로클럽에발견됐다.
p02_u92,p02,ce,고해나무는암기까지꽤발견됐다.
p02_u92,p02,ce_s40,나는여동은안겨꽤발견됐다.
p02_u92,p02,ce_s80,나는안겹쳤다.
p02_u92,p02,ce_s160,구해나무는안계단에꽤발견됐다.
p02_u92,p02,taps_s80,그냥해당클럽을차는스트랙끝으로클럽간데서
p02_u92,p02,taps_s160,난 9이나해당클럽을차는스트레칭한상태로클럽관계자의발견
p02_u92,p02,ce_visible,고해나무는암기까지꽤발견됐다.
p02_u92,p02,ce_invisible,그냥구이낙당플러그차는여동은프렉션으로클럽에발견됐다.
p02_u93,p02,taps,당시경기장엔여성이피를흘리는것을보고 119에신고를쓰나여성이치료를가보에터치만받고
p02_u93,p02,ce,역시공기사는여동이미래에끓이는것들보고일구해신고를여동이찌라던가치마갖고들어가겠다.
p02_u93,p02,ce_s40,역시공기다는여동이미래에끓이는것들보고일구해신고를했나여동이찌를거왜공부다지만꼭가겠다.
p02_u93,p02,ce_s80,혹시준비하는여동이미래에끓이는것을보고일구해신고를여동이찌르래공급하지만꼭가겠다.
p02_u93,p02,ce_s160,역시공기다는여동이미래에끓이는것들보고일구해신고를여동이찌라던가왜그때치마갖고들어가겠다.
p02_u93,p02,taps_s80,당시경기장은여성이띠를흘리는것을보고 119에신고를쓰나여성이치료를거부해치만받고.
p02_u93,p02,taps_s160,당시경기잖아여성이피를흘리는것을보고 119에신고를쓰나여성이치료를거부해만받고.
p02_u93,p02,ce_visible,역시공기사는여동이미래에끓이는것들보고일구해신고를여동이찌라던가치마갖고들어가겠다.
p02_u93,p02,ce_invisible,당시경기장엔여성이피를흘리는것을보고 119에신고를쓰나여성이치료를가보에터치만받고
p02_u94,p02,taps,다음날여성은상처가크다는것을인지하고은근히타다가치료를받았으면이제친구했다.
p02_u94,p02,ce,옛날에.
p02_u94,p02,ce_s40,옛날에
p02_u94,p02,ce_s80,
p02_u94,p02,ce_s160,
p02_u94,p02,taps_s80,다음날여성은상처가크다는것을인지하고은급시를찾아가취급을받았으면이제경찰도신고했다.
p02_u94,p02,taps_s160,다음날여성은상처가크다는것을인지하고그시리쳐다가취직을받았으면이제경찰에도신고했다.
p02_u94,p02,ce_visible,옛날에.
p02_u94,p02,ce_invisible,다음날여성은상처가크다는것을인지하고은근히타다가치료를받았으면이제친구했다.
p02_u95,p02,taps,여성은수의꿈이기가달려있었으면어떤경로달린것인지는기억나지않는다는취지로진술한거로전해졌다.
p02_u95,p02,ce,안
p02_u95,p02,ce_s40,어떤경유해줄것은그런
p02_u95,p02,ce_s80,뭔
p02_u95,p02,ce_s160,누가있든거지그런거
p02_u95,p02,taps_s80,여성은출입구이기가달려있었으면어떤경유로달린것인지는기억나지않는다는취지로제설한거로전해졌다.
p02_u95,p02,taps_s160,여성은출입구이기가달려있었으면어떤경유로달린것인지는기억나지않는다는취지로진술한거로전해졌다.
p02_u95,p02,ce_visible,안한다.
p02_u95,p02,ce_invisible,여성은수의꿈이기가달려있었으면어떤경로달린것인지는기억나지않는다는취지로진술한거로전해졌다.
p02_u96,p02,taps,경찰관계자는클럽에태세로티리종을통해정확한발생정리를조사중이라면여성에진찰한올려도면담한예정이라고했다.
p02_u96,p02,ce,0 개는  때문에영화발생정리요가중이라며여러예정이라고했다.
p02_u96,p02,ce_s40,영등암기때는발생경유를조가중이라며여러예정이라고했다.
p02_u96,p02,ce_s80,영등암기때는발생경유를요다종이라면여정을면예정이라고했다.
p02_u96,p02,ce_s160,왕복네꿈이다.
p02_u96,p02,taps_s80,경찰관계자는큰업데새해로튀기동물통에정확한발생정리를여성회에진찰한우정도면담할예정이라고할까.
p02_u96,p02,taps_s160,경찰관계자는큰업데새해로튀기종에정확한발생정리를조사중이라면여성에진찰한여자도명단한예능이라고.
p02_u96,p02,ce_visible,잉까암기때는그때문에영화발생정리요가중이라며여러예정이라고했다.
p02_u96,p02,ce_invisible,경찰관계자는클럽에태세로티리종을통해정확한발생정리를조사중이라면여성에진찰한올려도면담한예정이라고했다.
p02_u97,p02,taps,
p02_u97,p02,ce,아마 10분 20까지어 26에서 26 대망고를입이명한다.
p02_u97,p02,ce_s40,아마백오십분부터빠월이십화일까지어 26에서이월드빛에만국주유명한다.
p02_u97,p02,ce_s80,나이후엥까지어 26에서이월드망고주입이명한다.
p02_u97,p02,ce_s160,아마십분? 이십사일까지이6에서 26 대망고쩨일유명한다.
p02_u97,p02,taps_s80,
p02_u97,p02,taps_s160,
p02_u97,p02,ce_visible,아마 28일까지어 26에서 26 대망고를입이명한다.
p02_u97,p02,ce_invisible,
p02_u98,p02,taps,마곡딸기시한복입은여론식은이적이에요.
p02_u98,p02,ce,알고싶지한번
p02_u98,p02,ce_s40,알고
p02_u98,p02,ce_s80,알고
p02_u98,p02,ce_s160,어한번
p02_u98,p02,taps_s80,마곡은여러달이더한복입은여론식은이적리그
p02_u98,p02,taps_s160,마모트는겨울빨피에이어더 20일에서한복이는봄여름시즌이적이에요.
p02_u98,p02,ce_visible,알고
p02_u98,p02,ce_invisible,마곡딸기시한복입은여론식은이적이에요.
p02_u99,p02,taps,호텔비는아디다스대한로인생샷을찍고일반파크브랑잡고있
p02_u99,p02,ce,아비짝비야별로입는거는임파그램으로담구이끌고있다.
p02_u99,p02,ce_s40,아비딸기한멸로있는게미비아에임파르미를담고끌고있다.
p02_u99,p02,ce_s80,아비딸기한별로있는게미비아에웬만한아까에이끓고있다.
p02_u99,p02,ce_s160,오테비엔아비딸기한별로있는겨레비디오에선물은웬만한타그래밍을담고있어암기세베이끌고있다.
p02_u99,p02,taps_s80,호텔은아디다스대한로인생샷을찍고이인바인파그루머랑우석을잡고있데.
p02_u99,p02,taps_s160,호텔로인생샷을찍고이인바인파그루브랑
p02_u99,p02,ce_visible,아비짝비야별로있는거다미비어에임파그램담고끌고있다.
p02_u99,p02,ce_invisible,호텔비는아디다스대한로인생샷을찍고일반파크브랑잡고있
p04_u00,p04,taps,인천에강풍을동반한포구가쏟아내면서도로그과 C장인물을담기고경인국철열차고행위구비원들눈비해가있다랍다.
p04_u00,p04,ce,일단은풍월동가는흥가쏟아지면서로꼬아이쁘게장기고영인 9일하고행일구주연대이런데는이유가있다갔다.
p04_u00,p04,ce_s40,일단은뻥을똥그란똥그랬으면서로꼬아인불의장기고영인 9일은행일곱대라는그런.
p04_u00,p04,ce_s80,응뻥해고영인 9일일구연대연대갔다.
p04_u00,p04,ce_s160,그니까영인 9일행일곱달아.
p04_u00,p04,taps_s80,인천에강풍을동반한포구가쏟아부면서도로그과 C장인물을담기고경인구절차댕기일구비언들피해가있다랍다.
p04_u00,p04,taps_s160,인천에강풍을동반한포국가서면서도로걷과시장인물을담기고경인국철열차은행이일부기업들연동뒤에가있다.
p04_u00,p04,ce_visible,일단은풍월동안둥글하주면서노부와서장기고영인 9일하고행일구주연대이런데는이유가있다갔다.
p04_u00,p04,ce_invisible,인천에강풍을동반한포구가쏟아내면서도로그과 C장인물을담기고경인국철열차고행위구비원들눈비해가있다랍다.
p04_u01,p04,taps,할인천서방봉에다르면이날오전 11시부터오후 2시 35에모두한시 5에비해신고가부됐다.
p04_u01,p04,ce,1 인공부했다그러면인오전부터한국일오전일으일구가됐다.
p04_u01,p04,ce_s40,일오전에오전에.
p04_u01,p04,ce_s80,1년 5천원했다.
p04_u01,p04,ce_s160,아니 1년반공부했다그러면옛날오전열한시부터 5까지일일구에모두에끊고됐다.
p04_u01,p04,taps_s80,할인천서방봉에다르면이날오전 11시부터오후 2시 39까지 119에모두한시 5 거에비해신고가납부됐다.
p04_u01,p04,taps_s160,"할일인천서방봉에따르면이날오전 11시부터오후 2시, 35에모두한시 5권에비해신고가부됐다."
p04_u01,p04,ce_visible,1 인공부했다그러면인제 5 전급부터일일오전일고했다.
p04_u01,p04,ce_invisible,할인천서방봉에다르면이날오전 11시부터오후 2시 35에모두한시 5에비해신고가부됐다.
p04_u02,p04,taps,얇은시간많은비건내리면서대한구작품도  끼고속도로동지하철도는오후 12시 30분다촬영동행이통계됐다.
p04_u02,p04,ce,일본식당비군들이양구아이국이런거엉오후 30분한양병
p04_u02,p04,ce_s40,"얇은쯤나는  이쁜양구아골격, 30분활량이통일했다."
p04_u02,p04,ce_s80,일본식당이면양구억기굴아효국행거볶음오일 30분활량병행평가
p04_u02,p04,ce_s160,일본식당비는억기굴아효국양고벽면 5일 30분활량병행평균
p04_u02,p04,taps_s80,짧은시간많은비건내리면서대한구작전도토끼굴과추어구한고속도로돈까스지하철도는오후 12시 30분부터촬영동행이통제됐다.
p04_u02,p04,taps_s160,짧은시간많은비건내리면서대한구작전도토끼굴과추어국병행고속도로통지하차도는오후 12시 30분부터촬영동행이통제됐다.
p04_u02,p04,ce_visible,일본식당비군들이양구아이국이런거일빠지고 30분한양병
p04_u02,p04,ce_invisible,얇은시간많은비건내리면서대한구작품도  끼고속도로동지하철도는오후 12시 30분다촬영동행이통계됐다.
p04_u03,p04,taps,"영인 98 1억단역에서상도인근도중소대, 열창운행이한동안이런데있다."
p04_u03,p04,ce,외국 1로겠다는또이미한동안.
p04_u03,p04,ce_s40,외국 1로한 16에서또한오인근도힘들다.
p04_u03,p04,ce_s80,외국 1로한 16에서또하여한으로인근도힘드한동안연대.
p04_u03,p04,ce_s160,외국 1로 16도 165
p04_u03,p04,taps_s80,"병은국찰 1로단좋아하는역에서나노하상도인근도숨수대, 열창운행이한동안이런댔다."
p04_u03,p04,taps_s160,"영인 98 1호선역에서도하상도인근도순수대회, 열창운행이한동안이런댔다."
p04_u03,p04,ce_visible,외국 1로인류겠다한업인근도힘들
p04_u03,p04,ce_invisible,"영인 98 1억단역에서상도인근도중소대, 열창운행이한동안이런데있다."
p04_u04,p04,taps,"비슷한시가부평경찰서학과이출구짐, 9역저한역인근도로걷고또인물에담겼다."
p04_u04,p04,ce,아형아빠끌고역완전역근도걷고또우물했던것같다.
p04_u04,p04,ce_s40,아형아까쫄고역완전역근로것도  공부를했단말야.
p04_u04,p04,ce_s80,아형아까쫄구역안에역은근도로걷고또  공부를했단말야.
p04_u04,p04,ce_s160,아아빠끌고역완전역근로것도웅부에서안봤다.
p04_u04,p04,taps_s80,비슷한시가부평경찰이다. 이추울구재미구역주한역인근도로걷고또인물에담겼다.
p04_u04,p04,taps_s160,비슷한시가부평경찰이다. 아빠이출구제물포역저한역인근도로걷고또인물에담셨다.
p04_u04,p04,ce_visible,아형아빠끌고역완전역근도걷고또우물했던거다.
p04_u04,p04,ce_invisible,"비슷한시가부평경찰서학과이출구짐, 9역저한역인근도로걷고또인물에담겼다."
p04_u05,p04,taps,1호네도로를달리던차량이물에담겨. 주민들이직접차를유기도했으면 7동안소방단국이안전수취를했다.
p04_u05,p04,ce,일요일이네로레를달리던사랑니물에담겨임그리뼈빠엔요기도했었고빵담구기안다니고일을했다.
p04_u05,p04,ce_s40,1억이네노르달리던파란요레당겨빵당국이안당구를했다.
p04_u05,p04,ce_s80,이론이네로레알레르던무례단교역할은빵국이안따.
p04_u05,p04,ce_s160,이동이네로레를발리담양물에담겨임팩들이몇많은요기도했몇동안방구이안고치를냈다.
p04_u05,p04,taps_s80,1호네도로를달리던차량이미물에담겨. 주민들이기적차릴미드에서 7동안소방단국이안전수치를냈다.
p04_u05,p04,taps_s160,1로네도로를달리던차량이물에담겨. 주민들이기적차를유기도했으면 7동안소방단국이안전조치를했다.
p04_u05,p04,ce_visible,일요일이네로레를달리던파란요레담겨임팩들이뼈빠엔요기도했었고빵담구기안다니고일을했다.
p04_u05,p04,ce_invisible,1호네도로를달리던차량이물에담겨. 주민들이직접차를유기도했으면 7동안소방단국이안전수취를했다.
p04_u06,p04,taps,"아서오전, 2주일구도아동제일시장에탕물이들었잖아. 가게영업을차지를미드얻고중구중한동에서는일부주택가도로가인물에담겨. 군인들이천불편해하고왔다."
p04_u06,p04,ce,아빠오전에들어왔다아내영업에사드릴이빌려덮고중산동에서는일부출과도로가눈물의담벽인들이바꿨다.
p04_u06,p04,ce_s40,아빠오전출구도아동교수장에팡팡이들어왔다영업에차들이빌려덮고중단동에서는일부출패가도로가민물에담겨주면불편해하고왔다.
p04_u06,p04,ce_s80,아빠오전에팡팡무를들었다약에영업에차들이빌려줬고문구중단동에서는일부출패가도로가민물에담겨주면불편해갖고왔다.
p04_u06,p04,ce_s160,아빠오전에쿠팡물이들었다약에영업에차들이빌려줬고동굴에서는일부실그니까도로가민불에담겨주면바꿨다.
p04_u06,p04,taps_s80,아서오전그도아동제일시장에탕물이들어차에영업을차지를비려졌고중구중간동에서는일부주택가도로가민물에담겨어린이들이촌불편을얻었다.
p04_u06,p04,taps_s160,악수오전 9화동제일시장에흙탕물이들어차에영업에차질이미뤄졌고중구중한동에서는일부주택가도로가민물에서담겨. 우린천불편을하고왔다.
p04_u06,p04,ce_visible,아빠오전에들어왔다아내영업에사드릴이빌려덮고중산동에서는일부출과도로가눈물의담벽인들이바꿨다.
p04_u06,p04,ce_invisible,"아서오전, 2주일구도아동제일시장에탕물이들었잖아. 가게영업을차지를미드얻고중구중한동에서는일부주택가도로가인물에담겨. 군인들이천불편해하고왔다."
p04_u07,p04,taps,고후한시십칠분쯤에는 9평구평동에한건물지하태권도장에비물이차올라수업을갔던원숭이은 12명이데피했다.
p04_u07,p04,ce,오후한시 7분되면은한국에한국땅에인물이올라온거였다.
p04_u07,p04,ce_s40,한 10 7분쯤에한국영동에한불야원도다녀인물이올라온거였다.
p04_u07,p04,ce_s80,한 7분쯤에는한국에한국땅에눈물이올라온거였다.
p04_u07,p04,ce_s160,한 7분쯤에한국에한불야해권도장에인물이몰라.
p04_u07,p04,taps_s80,고후한시십칠분쯤에는 9평구평동에한건물지하태권도장에비물이차올라수업을받던원생이 12명이데피했다.
p04_u07,p04,taps_s160,고후한시십칠분쯤에는 9평구평동에한건물지하태권도장에빗물이차올라소고갔던원숭이은 12명이데피했다.
p04_u07,p04,ce_visible,오후한시 7분되면은한국에한국땅에눈물이올라온거였다.
p04_u07,p04,ce_invisible,고후한시십칠분쯤에는 9평구평동에한건물지하태권도장에비물이차올라수업을갔던원숭이은 12명이데피했다.
p04_u08,p04,taps,인천소방본두한계좌는한식패권은배수지원을요정한신고이며나머지는안전좋지신고하면한재까지인형피는없다고발견봐.
p04_u08,p04,ce,망고은근요구하는신고이면나머지는암튼흰고아니면인공하고.
p04_u08,p04,ce_s40,망원도넘게는안큰홍보아니면행복하게인간
p04_u08,p04,ce_s80,망원도넘게응훈고나머지는한층곡이면행복하게인간
p04_u08,p04,ce_s160,망원구연구에는이거는어떤훈고이면나머지는홍보아니면인공
p04_u08,p04,taps_s80,인천소방본두반계자는한식패권은배수지원을요정한신고이며나머지는안전좋지신곡현재까지인형피엔가없다고봐야겠다.
p04_u08,p04,taps_s160,인천소방본도관계자는한식태권은배수지원을요청한신고이며나머지는안전좋지신곡한재까지인형피해는없다고뱉었다.
p04_u08,p04,ce_visible,망고은근요구하는신고이면나머지는한층흰고아니면인공하고.
p04_u08,p04,ce_invisible,인천소방본두한계좌는한식패권은배수지원을요정한신고이며나머지는안전좋지신고하면한재까지인형피는없다고벤쳤다.
p04_u09,p04,taps,기나 5시 5급현재내린기는인천 98점 5m 9평 9 83m 73점 7m도 65. 5m도 57.5m.
p04_u09,p04,ce,그날 590분한데내림기는응편은일단 5미리니까빼고안믿으니까응급구응까양질양떼하면  일주일늦으니까양정도못따면 5미리니까안균한오오니까.
p04_u09,p04,ce_s40,그날오십분이면한데매니끼린일단은 5 믿음이  영국안믿으니까응급구응까양질땀  11이니까양주건도못따면 5일이면양먹은다고 50일때함 5일이면.
p04_u09,p04,ce_s80,그날오십분이면한데매금기든 1 땀하고오믿음이  영국안믿으니까응급응땀흘리니까양평너늦으면안오땀흘리면.
p04_u09,p04,ce_s160,그날 590분한데내돈은음탄의직따면 5 믿으니까안늦으니까응급구응까양떼하면  일주일잃으니까양념도못따면 5 믿으니까옮기는거는 50 쓸때암늦다.
p04_u09,p04,taps_s80,기나 5억대십오급현재내린기는인천 98점 5m 9평 9 83일이터중국인천공항 73.7미리터영종도 65. 5m도 57.5m.
p04_u09,p04,taps_s160,"기나 5 대시 5급현재내린기는인천 98점 5m, 9평 9 83m 73.7미리터양정도 65. 5m도 57.5m."
p04_u09,p04,ce_visible,그날 590분한데내림기는응편은일단 5미리니까빼고안믿으니까응급구응까양질양떼하면  일주일늦으니까양정도못따면 5미리니까안균한오오니까.
p04_u09,p04,ce_invisible,"우리나라 59 대시 5급현재내린기는인천 98점 5m 9평 9 83m 73점 7mm, 엉덩도 65. 5m도 57.5m."
p04_u10,p04,taps,인천시는이장이단계를발령하고열개군구화인력 7 대 4 6년을둘때비상금체제를유지하고있다.
p04_u10,p04,ce,그니까방싼거를발령하고열배구아운영하고있다.
p04_u10,p04,ce_s40,그니까딴개를발령하고열배구든구하용역 1등할수있고한모금을느하고있다.
p04_u10,p04,ce_s80,문과에서는딴개를발령하고열배구든구하용역 1등 6등을위하고있다.
p04_u10,p04,ce_s160,그니까딴개를발령하고열배구든꾸학력일병 6년할수있고한모쪽을입고있다.
p04_u10,p04,taps_s80,인천시는비장 2단계를발령하고열개군구화인력 7 대 4 6 3 근무 7대를유지하고있다.
p04_u10,p04,taps_s160,"인천시는이장이단계를갈려고열개구군 9화, 인력 7 대 4 6년을들때이장근무체를유지하고있다."
p04_u10,p04,ce_visible,그니까방싼거를발령하고열몇군아운영하고있다.
p04_u10,p04,ce_invisible,인천시는이장이단계를발령하고열개군구화인력 7 대 4 6년을둘때비상금체제를유지하고있다.
p04_u11,p04,taps,공기상은 11 자전거야인터넷에한국인들이더이비가내릴거
p04_u11,p04,ce,로권땅은인터넷에서샴푸로안내릴거였다.
p04_u11,p04,ce_s40,로권영상은 1 가정까지인터넷에서싼비행기로예고였다.
p04_u11,p04,ce_s80,로권은 1 가정까지인터넷에서싼편이니까일단내릴것으로예뻐했다.
p04_u11,p04,ce_s160,로권땅은가정까지인터넷에서싼편이니까.
p04_u11,p04,taps_s80,수도권비상은 11 자전거임비리니더이비가내릴것으로계기로
p04_u11,p04,taps_s160,수도권비상은 11 자전거임비리더이비가내릴거서로얘기해봐.
p04_u11,p04,ce_visible,로권땅은인터넷에서샴푸로안보였다.
p04_u11,p04,ce_invisible,공기상은 11 자전거야인터넷에한국인들이더이비가내릴거
p04_u12,p04,taps,백과관기모의도이진영 A 대한고속도없고결정된다.
p04_u12,p04,ce,외국은운명며느리를만든왕형.
p04_u12,p04,ce_s40,외국은뭐운명며느리를만든왕국인막그런명
p04_u12,p04,ce_s80,외국은뭐몇명을만든왕국인밖으로며.
p04_u12,p04,ce_s160,외국은백명품이를보면.
p04_u12,p04,taps_s80,백과관기모고생명혐의를받는방송인낙소형 AC에대한구속몇과결정된다.
p04_u12,p04,taps_s160,백과관기모생명혐의를받는방송인낙서형 AC에대한구속도없고결정된다.
p04_u12,p04,ce_visible,외국은운명며느리를만든왕형.
p04_u12,p04,ce_invisible,백과관기모의도이진영 A 대한고속도없고결정된다.
p04_u13,p04,taps,서울서부찌법은 13일오전 10시 30분부터백성이냥 A 제에대한구속전비일진행했다.
p04_u13,p04,ce,어울서부집밥은다음에열시 30분부터그냥일곱에대한구조한의자문분을진행했다.
p04_u13,p04,ce_s40,어울서브집업은다음에열시 30분부터확그냥일곱개에대한구조한의자 5분을진행했다.
p04_u13,p04,ce_s80,한 10시 30분에대한여섯일때.
p04_u13,p04,ce_s160,서브집법은하게한 10시 30분부터그냥일곱에대한물건일자로이렇게내겠다.
p04_u13,p04,taps_s80,서울서부집업은 13일오전 10시 30분부터백성입장에대한구속전비일자인문을진행했다.
p04_u13,p04,taps_s160,서울서부집업은 13일오전 10시 30분부터복숭아이그냥 A 집에대한구속전비리자신문을진행했다.
p04_u13,p04,ce_visible,어울서브집업은다음에열시 30분부터그냥일곱에대한구조한의자로지내겠다.
p04_u13,p04,ce_invisible,서울서부찌법은 13일오전 10시 30분부터백성이냥 A 제에대한구속전비일진행했다.
p04_u14,p04,taps,"에이, 단 30년간약액십육억원을말하는동생은주전요계약금을생명에대한의혹을맡고있다."
p04_u14,p04,ce,에잇는약육일이구간에동박동홍돈의욕을받고있다.
p04_u14,p04,ce_s40,그니깐약약입육억양약육을먹고
p04_u14,p04,ce_s80,에이비는약간약백입육억원에따라는동박동홍수련료약은혁명때로의욕을받고있다.
p04_u14,p04,ce_s160,에깐약약입육억에따라약음료횡령단어.
p04_u14,p04,taps_s80,에이즈는 30년간약 116원에나라는동행성수원으로주전요계약금을생명에대한의혹을맞고있다.
p04_u14,p04,taps_s160,에이즈는 30년간약 110원에말하는동생그거출연료계약같은걸생명에대한의욕을받고있다.
p04_u14,p04,ce_visible,에잇는약약입육억양약육때문에의욕을받고있다.
p04_u14,p04,ce_invisible,"에이, 단 30년간약액십육억원을말하는동생은주전요계약금을생명에대한의혹을먹고있다."
p04_u15,p04,taps,나는지금에이기부가매니지먼트버그 1등로군대가기로했지만일기지않았다면할거없잖아.
p04_u15,p04,ce,압박이난월막수원쪽은액티비까매니큐막이런걸릴때글 1장비율로본몇개를만이일이많았다며.
p04_u15,p04,ce_s40,압박은 A 마트네달리 1등 19번만일이많았다며.
p04_u15,p04,ce_s80,압박령액만글 1장  연락만이일만했다며.
p04_u15,p04,ce_s160,아엇안에박동홍지금 as 메뉴만듣네 1등로운데로이렇게만이일뒤많았다며.
p04_u15,p04,taps_s80,나는월그지금에이기부가매니저먼트버그달리에그일정로운데긴했지만일비지않았다면할거없잖아.
p04_u15,p04,taps_s160,지난에서 4월그지금에이기부가매니저먼트버그날달리패로군대가기는했지만일비키지않았다면달릴거같단이렇게주겠다.
p04_u15,p04,ce_visible,압박이난월막수원쪽은액티비까매니큐막이런걸릴때글 1장딜러본몇개많일급이많았다며.
p04_u15,p04,ce_invisible,나는지금에이기부가매니지먼트버그 1등로군대가기로했지만일이기지않았다면할거없잖아.
p04_u16,p04,taps,예검찰은수사결과에이씨가마인자금을생명에있고수련여? 국정세금이비용잠깐혐의가있다고.
p04_u16,p04,ce,예은아웃이거마비횡령하고 1학년때영주니까.
p04_u16,p04,ce_s40,예그럼빠른결과있다고.
p04_u16,p04,ce_s80,예그니까버닝아그말횡령하고이란고객이위험하니까봤다.
p04_u16,p04,ce_s160,예그니까버닝아그면빵명하고수련료라고위험하니까.
p04_u16,p04,taps_s80,예그럼차은시사결과에이즈가마인자금을생명과수련요정산 2엉국정세금이비용잠깐섬이가있다고.
p04_u16,p04,taps_s160,예그럼차은수사결과 a가법인자금을생명에있고수련여? 국정세금이비용잠깐혐의가있다.
p04_u16,p04,ce_visible,예은아웃이거아그매형하고 1학년때영주니까.
p04_u16,p04,ce_invisible,예검찰은수사결과에이씨가마인자금을생명에있고수련여? 국정세금이비용잠깐혐의가있다고.
p04_u17,p04,taps,2에지난 7일특장강제범죄가동쳐횡령이로에이씨에대한하던구속성을참고했다.
p04_u17,p04,ce,위에형.
p04_u17,p04,ce_s40,예빠에.
p04_u17,p04,ce_s80,예나하는거있다.
p04_u17,p04,ce_s160,예홍합탕을파야겠다.
p04_u17,p04,taps_s80,2에지난 7일특장강제범죄가중처벌법상횡령 3위로 8시에대한사정구속성장을참고했다.
p04_u17,p04,taps_s160,"2, 지난 7일특장에가동쳐횡령이 5, 8시에한 4등구속성장을참고했다."
p04_u17,p04,ce_visible,이게어.
p04_u17,p04,ce_invisible,2에지난 7일특장강제범죄가동쳐횡령이로에이씨에대한하던구속성을참고했다.
p04_u18,p04,taps,한전학송은황사고서엘제로에이씨부부가수련회가계약금을미드급에있다며한십육억원상당히꺼내상참고서성을지난해 6월버건을제기한벌있다.
p04_u18,p04,ce,일단영등학개론에이안료작품을유급관상당히상 19세성에그다음에 6월 5일있다.
p04_u18,p04,ce_s40,일단영등학구소가절개로에이쁠가이란약은등을 6급에있다며엑6호관상당히꺼내상구소송을 6월버번에대해한번있다.
p04_u18,p04,ce_s80,박성은양파즐겨에이띠부가일반요학장학금을유급했다며엑스관상당히배상청구소에 6월버번의대기한번있다.
p04_u18,p04,ce_s160,일단영등학구수가즐겨에이피부마일안육유급했다며엑6에 6월버번에위한발있다.
p04_u18,p04,taps_s80,한단약속은항상 0개로 85가수련료가등을 2급었다며한십육억원상당히꺼내그상 19소송을진안에 6월버건을제기한번있다.
p04_u18,p04,taps_s160,한편약속은항상 0 제로에이씨부부가수련료결제했다며하십육원상당히꺼내그상참구소송을진안에 6월버건의제기한바있다.
p04_u18,p04,ce_visible,영등학에이구마일안육땜에육군상당히해당삼삼구월당.
p04_u18,p04,ce_invisible,한전약속은항상엘제로에이씨부부가수련회가계약금을미드급에있다며한십육억원상당히꺼내상참고서성을지난해 6월버건을제기한벌있다.
p04_u19,p04,taps,2후소송과정에서에이시부가박송을개인통장에서무단으로돈을인수한사실도학은손해배당요구에백지 6억원으로늘렸다.
p04_u19,p04,ce,호성과정에서 A가박종을행정부단으로돈을니깐손해배당요구해엘배낄국어로늘렸다.
p04_u19,p04,ce_s40,호성마장에서 A쁠따박종일그행정부단으로돈을니깐손해배당요구해그요구건으로늘렸다.
p04_u19,p04,ce_s80,호성마중에서 A쁠따박성을횡성에다로돈을횡단열도받게손해배당요구해엘배유어권으로늘렸다.
p04_u19,p04,ce_s160,호성과정에서 A 아박종일그행정상에다으로돈을횡단열도하긴  손해배당요구해 F어권으로늘렸다.
p04_u19,p04,taps_s80,이후소송과정에서에이시부가박성을개인통장에서무단으로돈을인수한사실도손해배당요구해그백지 6억원으로늘렸다.
p04_u19,p04,taps_s160,이후소송과정에서에이시부가박송을개인통장에서무단으로돈을인산사실도학은돈에배상요구에백지 6억원으로늘렸다.
p04_u19,p04,ce_visible,호성과정에서 A가박종을행정부단으로돈을니깐손해배당요구해엘배낄국어로늘렸다.
p04_u19,p04,ce_invisible,이후소송과정에서에이시부가박송을개인통장에서무단으로돈을인수한사실도학은손해배당요구에백지 6억원으로늘렸다.
p04_u20,p04,taps,비과관련에잇기찍은 100억원내행정은거지시면법인카드살짝무용중일부우여운인정하나학동이다양한돈에비하면극히소액이라고주장한다.
p04_u20,p04,ce,유학관련애일그건백억원때형량비정한거지그냥버그다섯지역유형도일부우역은행동하나에비하면그얘기하고주당했다.
p04_u20,p04,ce_s40,유학관련애일그건백억원때생명부정한거지며버그다섯지역유형도일부우여금행정하나박종일방한돈에비하면있다.
p04_u20,p04,ce_s80,유학관련애일그건외곽에횡령거의그면어린이카드유형도일부우여금행정하나박종일발만돈에비하면그얘기하고주당했다.
p04_u20,p04,ce_s160,의아관련에잇그건백억원때생명수당은거의그냥어린이카드유형도일부우여금행정하나박종일발만돈에비하면은그기초역이라고주당했다.
p04_u20,p04,taps_s80,"유아관련에잇기집은백억원때행명수정은거짓이야거긴살짝이용등, 일부우여운인정하나학동이다행한돈에비하면극히소액이라고주장한다."
p04_u20,p04,taps_s160,유아관련에잇기찍은백억원때행명수정은거짓이야거긴카드산업유용중일부우여곤인정하나학동이다행한돈에비하면극기소액이라고주장한다.
p04_u20,p04,ce_visible,의아관련애일그건백억원때형량비정한거지그냥버그다섯지역유형도일부우역은행동하나에비하면그얘기하고주당했다.
p04_u20,p04,ce_invisible,비과관련에잇기찍은백억원내행정은거지시면법인카드살짝무용중일부우여운인정하나학동이다양한돈에비하면극히소액이라고주장한다.
p04_u21,p04,taps,골브자동차는인체공학적으로설비한지트가외국하이록프렌트이점대 1은뜻했다고? 우이발겼다.
p04_u21,p04,ce,올오자동차는인맥강합격으로빨개한비추가미국인을핵백했다고.
p04_u21,p04,ce_s40,올오난흰악으로회비한미국인을획득했다구의구비았다.
p04_u21,p04,ce_s80,올옷일케공학쪽으로아미국이나백백
p04_u21,p04,ce_s160,올자동차는인테공학쪽으로딸기한끼가미국아유핵백업이평이로핵백했다고
p04_u21,p04,taps_s80,골브자동차는인체공학적으로설비한지트가외국가이러프이카페승인은색도됐다고말겼다.
p04_u21,p04,taps_s160,골브자동차는인체공학점으로선비한지트가미국가이러프이적배경이승인은뜻이었다고? 9일발겼다.
p04_u21,p04,ce_visible,자동차는인맥으로일교환미국을핵백했다고.
p04_u21,p04,ce_invisible,골브자동차는인체공학적으로설비한지트가외국하이록프렌트이점대 1은뜻했다고? 우이발겼다.
p04_u22,p04,taps,가이로그는세계에서가장권위있는가이로그램도있던문기관이다.
p04_u22,p04,ce,가이로프협은회계에서가장권위있는가이로그에빛선문기간이다.
p04_u22,p04,ce_s40,하이로그램께앞에는회계에서가장권위있는가이로그에빛번기관이다.
p04_u22,p04,ce_s80,아이로그램께까페는회계에서가장권위있는가이로그에빛번기관이다.
p04_u22,p04,ce_s160,아이로프작가는되게가장권위있는가이로그에빛선문기간이
p04_u22,p04,taps_s80,가이로그에회계에서가장권위있는타이로그램들이전문기감이다.
p04_u22,p04,taps_s160,가이로프는회계에서가장권위있는가이로그램도있던문기간이다.
p04_u22,p04,ce_visible,하이로프협은회계에서가장권위있는가이로그에빛선문기간이다.
p04_u22,p04,ce_invisible,가이로그는세계에서가장권위있는가이로그램도있던문기관이다.
p04_u23,p04,taps,"척추건강에미치는공정적인효과와우스한품질적안정성도엄격한신사를거쳐, 최고작품에인증서를반응하고있다."
p04_u23,p04,ce,학교간장에미치는공정적인효과와물건봉딜러안정성증권한봉사를거쳐해고작품의은정을발행하고있다.
p04_u23,p04,ce_s40,학교간에비는운정적인효과가일단문균력안정완벽한중철도쩌해고제품의은평을발행하고있다.
p04_u23,p04,ce_s80,학교안가는공동적인효과가일단문균력안정동완벽한뿐질거좀해고은평구릴가능하고있다.
p04_u23,p04,ce_s160,학교건강에면은공정적인효과가물건품질적안정완벽한중파를거쳐해고제품의존경처를발행하고있다.
p04_u23,p04,taps_s80,"척추건강에미치는공정적인효과와우스한품질적안정성도엄격한신사를거쳐, 최고작품에인증서를발행하고있다."
p04_u23,p04,taps_s160,척추건강에미치는공정적인효과와우스한품질적안정성도엄격한신사를거처최고작품에인증서를발행하고있다.
p04_u23,p04,ce_visible,학교간장에미치는공정적인효과와물건봉딜러안정성증권한봉사를거쳐해고작품의은평을발행하고있다.
p04_u23,p04,ce_invisible,"척추건강에미치는공정적인효과와우스한품질적안정성도엄격한신사를거쳐, 최고작품에인증서를반응하고있다."
p04_u24,p04,taps,볼보는업계최고수준의단아남과디기력을제공하기위해정형외과의사와삼육을진행하고있다.
p04_u24,p04,ce,올보는업데배고수준의변환하는것을배정하기위해경영일까의경과함락을진행하고있다.
p04_u24,p04,ce_s40,올보는업데배고수준의변환하는것을배정하기위해경영일까의경과가협력을진행하고있다.
p04_u24,p04,ce_s80,올보는업데배구수준의변환하는유력을배정하기위해성형외과의견과함락을진행하고있다.
p04_u24,p04,ce_s160,올보는업데배고수준이편안함과주력을배정하기위해성형외과의견을압력을진행하고있다.
p04_u24,p04,taps_s80,돌보는앞께최고수운이단아남과기리역을제공하기위해정형외과의사와삼육을진행하고있다.
p04_u24,p04,taps_s160,돌보는어깨최고수준이단아남과비기력을제공하기위해정형외과의사와삼육을진행하고있다.
p04_u24,p04,ce_visible,올보는업데배고수준의변환하는것을배정하기위해경영일까의경과함락을진행하고있다.
p04_u24,p04,ce_invisible,볼보는어깨최고수준의단아남과디기력을제공하기위해정형외과의사와삼력을진행하고있다.
p04_u25,p04,taps,1억으로청도시부산위험을줄일수있는정투버시스템과측면충격보호시템도로이탈도확실히저기안정기술이싯통합돼궁다.
p04_u25,p04,ce,1박탕으로송도식집장비업을들을수있는양쪽은막충면충족보실땐도로시탈완화동혁신적인안정기들일수있을중학교
p04_u25,p04,ce_s40,1박탕으로송도염을들을수있는양쪽과청년충격부시텐도로시판을완화중적인안전기들일수있을중학교
p04_u25,p04,ce_s80,1박 5일양주염을들을수있는양쪽은과청년충격보시된도로기타를완화동혁신적인안정기들일수통합돼.
p04_u25,p04,ce_s160,1박탕으로송도일수있는위험을들일수있는양쪽먹을충격입완화되어혁신적인안정기들일수있을중학교한다.
p04_u25,p04,taps_s80,1박 5일씩부상위험을줄일수있는정투버시움과청년충격보호시땐도로이탈많아도확실히되게안정기술시대통학해. 전공한다.
p04_u25,p04,taps_s160,1억으로청솔씨부상위험을줄일수있는정축과청년충격보호실땐도로이탈하더니확신저기안정기술시대통역해교감당.
p04_u25,p04,ce_visible,1박탕으로송도식당비함을느낄수있는방수보어쨌든막충면충족보실땐로이판을완화동혁신적인안정기들일수있을중학교
p04_u25,p04,ce_invisible,1억으로청도시부산위험을줄일수있는정투버시스템과측면충격보호시템도로이탈도확실히저기안정기술이싯통합돼궁다.
p04_u26,p04,taps,
p04_u26,p04,ce,안할수있다.
p04_u26,p04,ce_s40,로그아님들에역주엉쓰고강원할수있다.
p04_u26,p04,ce_s80,또한애들역주엉주고그냥방황할수있다.
p04_u26,p04,ce_s160,안되겠다.
p04_u26,p04,taps_s80,안갈
p04_u26,p04,taps_s160,
p04_u26,p04,ce_visible,안할수있다.
p04_u26,p04,ce_invisible,
p04_u27,p04,taps,니는골프골자동차 US 품기술관심은없고정말골고있지는운전자가생길도로에서편안한디자인을보장한다.
p04_u27,p04,ce,걔는거기골고다 USBS 뭐 650 말은돌고있고운전자가상대비돌로해서파나남위장해안떠날고정한다구말했다.
p04_u27,p04,ce_s40,그골고자동차웨이백육백팔십만원오빠청바는골고있드는운전자가상대비그거로해서하나안전을고정한다구말했다.
p04_u27,p04,ce_s80,거기골고자동차 USBS 백관심이  운전자가상대비그거로해서하나는남이안전을고정한다구말했다.
p04_u27,p04,ce_s160,거기골고다 USBS 뭐 65를골고있구나은운전자가상대비로해서하나남일당해안뜨는포장고정한다구말했다.
p04_u27,p04,taps_s80,골보자농장 USBS품기술관심은오퍼전과론골고있드는운전자가상급이도로에서편안한디자인을보장한다.
p04_u27,p04,taps_s160,"골고자동차 USB 기술관심없고, 선발은골프는운전자가상급이도로에서편안한디자인을고정한다고말했다."
p04_u27,p04,ce_visible,걔는거기보다 USBS 뭐 650 말은돌보이겠지운  운전자가상대비돌로해서하나남그다음에안전을보장한다구말했다.
p04_u27,p04,ce_invisible,니는골프골자동차 US 품기술관심은없고정말골고있지는운전자가상대유도로에서편안한디자인을보정한다.
p04_u28,p04,taps,6일지방송을압두고한거군에여러 9회를찾아가한국명목으로금품을제공한운경곡인턴은귄수가재판에넘겨졌다.
p04_u28,p04,ce,6일방도를나쁘고한거구운에여러교회를쓰다가한근명목으로꿈을적응한문병그운병은균수가그판에넘겨졌다.
p04_u28,p04,ce_s40,6일방도를나쁘고한거구운에여러교회를쓰다가언급으로적응한문병그인병은근수가판에넘겨졌다.
p04_u28,p04,ce_s80,6일방도를나쁘고한거구운에여러교회를쓰다가한근로적응한운명그인건은균수가몇판에넘겨줬다.
p04_u28,p04,ce_s160,6일방도를나쁘고한거구운에여러교회를쓰다가한근로되고한문병그운병은빙근주가판에넘겨줬다.
p04_u28,p04,taps_s80,6일지당선가를놔뚜고한거군에여러구엘찾아가한국명목으로금품을제공한운경곡인턴옮긴근수가재판에넘겨졌다.
p04_u28,p04,taps_s160,6일지방산거를압두고한거군에여러 9회를찾아가한국으로금품을제공한운경곡인턴옮긴근수가재판에넘겨졌다.
p04_u28,p04,ce_visible,6일방도를나쁘고한거구운에여러교회를쓰다가한근명목으로꿈을적응한문병그운병의넘겨졌다.
p04_u28,p04,ce_invisible,6일지방송을압두고한거군에여러 9회를찾아가한국명목으로금품을제공한운경곡인턴은귄수가재판에넘겨졌다.
p04_u29,p04,taps,인천지검사 6분은 17일공급상가거미반혐의로문구슬굴구속기수했다고해갔다.
p04_u29,p04,ce,운편지가면경찰이횟집이공격전아빠법일관혐오문근슬문구도했다고불었다.
p04_u29,p04,ce_s40,운편은일주일만국감법혐오스했다고불었다.
p04_u29,p04,ce_s80,운편은일주일만국감각법일반혐으로문구는줄불구조끼소했다고불었다.
p04_u29,p04,ce_s160,운편지가면경찰이 17일공급전아빠법일반혐으로문구는불구조끼도했다고불렀다.
p04_u29,p04,taps_s80,인천지검사 6분은 17일공급장갑위반혐의로문구슬굴구조끼소했다고해갔다.
p04_u29,p04,taps_s160,"인천지검사, 6분은 17일공급상법미만참여로문구슬굴구속기수했다고해갔다."
p04_u29,p04,ce_visible,운편지가면경찰이횟집이공격전아빠법일관혐오문근슬문구도했다고불었다.
p04_u29,p04,ce_invisible,인천지검사 6분은 17일공급상가거미반혐의로문구슬굴구속기수했다고해갔다.
p04_u30,p04,taps,운군수는지난 6월 1일치러진제일 80은산걸로맞고은중근내교회내고 11만원상당히군품을제공한혐오를맡고있다.
p04_u30,p04,ce,문군수는난유월일일빠르국당걸나쁘고공군군내교외내꺼에옷이 1만원방당했던꿈을델꼬가는선물로맞고있다.
p04_u30,p04,ce_s40,문군수는난유월일일빠르고은균내꺼에옷이 1만원방당했금뿐이지아무래도있다.
p04_u30,p04,ce_s80,문군수는난유월일일빠르국당걸나쁘고운균내꺼에옷이 1만원방당품을제공한선물로맞고있다.
p04_u30,p04,ce_s160,문군수는난유월일일은제일빠에전국동삐방열두고은균내교외곳에오지 1만원방당이꿈을접고하는사람들도낫고있다.
p04_u30,p04,taps_s80,운군수는지난 6월 1일치러진제일 80에전국동산걸왔고은균내교회내고젤 51만원당당의군품을제공한학년을맡고있다.
p04_u30,p04,taps_s160,운군수는지난 6월 1일치러진제일 80에전국동비수당산걸로알고은균내교에내곳에 51만원상당히군품을제공한혐오를앉고있다.
p04_u30,p04,ce_visible,문군수는난유월일일빠르국당걸나쁘고운군내교외내꺼에옷이 1만원방당했던꿈을델꼬가는선물로맞고있다.
p04_u30,p04,ce_invisible,운군수는지난 6월 1일치러진제일 80은산걸로맞고은중근내교회내고 11만원상당히군품을제공한혐오를맡고있다.
p04_u31,p04,taps,공구방법이다르면후보잖아후보제가되려는사람은한거구민이나한거군내단체중에기부행위를할수없다.
p04_u31,p04,ce,언구연극법에따르면후보잖아후보제가되려는사람은언덕꾸미나연극구운내단체중에그구형무를할수없다.
p04_u31,p04,ce_s40,한국사람법에따르면후보잖아후보제가되려는사람은언덕꾸민이나언덕군내한테도꾸미러할수없다.
p04_u31,p04,ce_s80,한국사람법에따르면후보잖아후보제가돼야는사람은언덕꾸민이나영국군내한테도꾸미러할수없다.
p04_u31,p04,ce_s160,한국사람법에따르면후보잖아후보제가돼야는사람은언덕꾸민이나언덕군내한테구형일을할수없다.
p04_u31,p04,taps_s80,공구반갑게나르면후보잖아후보자가데려는사람은한거구민이나한거군내단체중에기부행위를할수없다.
p04_u31,p04,taps_s160,공구반갑을다루면후보잖아후보제가되려는사람은한거구민이나한거군내단체중에기부행위를할수없다.
p04_u31,p04,ce_visible,언구연극법에따르면후보잖아후보제가되려는사람은언덕꾸미나연극구운내단체중에그구형무를할수없다.
p04_u31,p04,ce_invisible,공구방법이다르면후보잖아후보제가되려는사람은한거구민이나한거군내단체중에기부행위를할수없다.
p04_u32,p04,taps,"없어경찰은문근수가평소다니던교회를다른교회한군을하는것으로보고한거법, 일반장비로이권에다."
p04_u32,p04,ce,아빠경찰은문구점다니던교회일거네따른교회 0만원에현금을한것으로보고한덮밥법이런업무입고가니까.
p04_u32,p04,ce_s40,아빠경찰은문구점가형수따니깐교회일번에다른교회한교회한곳으로보고한거법일반업무로이뻐했다.
p04_u32,p04,ce_s80,아빠경찰은문구수가영수따니던교회일번에다른교회한교회한곳으로보고  언급법일반겸으로이뻐했다.
p04_u32,p04,ce_s160,아빠경찰은문구점수가영수따니다교회일바내다른교회한교회한곳으로보고한아빠밥이런업무일뻔했다.
p04_u32,p04,taps_s80,합석은운군수가평소다니던교회를포함에발음조회 100만원은헌금을한것으로보고한거법일반장비로이권에다.
p04_u32,p04,taps_s160,경찰은문근수가평소다니던교회를포함에발음조회 100만원은한글을한것으로보고한거법일반장비로입권에다.
p04_u32,p04,ce_visible,아빠경찰은문구점다니던교회일거네따른교회 0만원에현금을한것으로보고한덮밥법이런업무입고가니까.
p04_u32,p04,ce_invisible,"없어경찰은문근수가평소다니던교회를다른교회한군을한것으로보고한거법, 일반장비로이권에다."
p04_u33,p04,taps,경찰은한국에교회여러곳에돈을기부하는거는통장적인현금으로보기에어렵다며검찰을성취했다.
p04_u33,p04,ce,경찰은한국에교복에돈을끼고반응이성수근으로보기에어렵다며던파를성수했다.
p04_u33,p04,ce_s40,전파는한꺼번에교외여러곳에돈을기반에는성장은현금으로보기에어렵다며던파를성주했다.
p04_u33,p04,ce_s80,검찰은한글내교복여러곳에보내기반응이성장은은근으로보기에어렵다며던파를강조했다.
p04_u33,p04,ce_s160,경찰은한국은내교복여러곳에돈을기반아니면은현금으로보기에어렵다며던파를공유했다.
p04_u33,p04,taps_s80,"경찰은한국은내교회, 여러곳에돈을기부하는상적인현금으로구기어렵다며검찰을성취했다."
p04_u33,p04,taps_s160,경찰은한국에교회여러곳에돈을기부하는통상적인현금으로보기에어렵다며검찰을성취했다.
p04_u33,p04,ce_visible,경찰은한국에교외여러곳에돈을끼고반응이성수근으로보기에어렵다며던파를성수했다.
p04_u33,p04,ce_invisible,경찰은한국에교회여러곳에돈을기부하는거는통장적인현금으로보기에어렵다며검찰을성취했다.
p04_u34,p04,taps,검찰은추가조사를우리가운군수가다시다니던교회를짜면내고수교회오십만원을은근한것을봐겠다.
p04_u34,p04,ce,검찰은휴가조사를버려문구수가나중에다니던교회를배우는데꼬수교회에 50만원을헌금한것을받겠다.
p04_u34,p04,ce_s40,검찰은휴가주사를버려문구수가나중에다니던교회를배우는데꼬수교회에 50만원을헌금한것을받겠다.
p04_u34,p04,ce_s80,검찰은추가요릴버려문구수가나중에다니던교회를배우는데고수교회오십만원을헌금한것을았겠다.
p04_u34,p04,ce_s160,검찰은누가주사를버려문구수가나중에다니던교회를별로안내옷은교회에 50만원을헌금한것을받겠다.
p04_u34,p04,taps_s80,검찰은추가조사를오히려운군수가다시다니던교회를짜면내고수교회오십만원을헌금한것을받았겠다.
p04_u34,p04,taps_s160,검찰은추가조사를우리가운군수가다시다니던교회를짜여내고수교회오십만원을헌금한것을받았겠다.
p04_u34,p04,ce_visible,검찰은휴가조사를버려문구수가나중에다니던교회를배우는데꼬수교회에 50만원을헌금한것을받겠다.
p04_u34,p04,ce_invisible,검찰은추가조사를우리가운군수가다시다니던교회를짜면내고수교회오십만원을은근한것을봐겠다.
p04_u35,p04,taps,검찰관계공직반갑상기부행위로불구속기구했다고말했다.
p04_u35,p04,ce,엄카를파는게나는운군술공직전법다기본형이문구서뿜빠이했다고말했다.
p04_u35,p04,ce_s40,간판게나는운군술공격법한기분이로문구서뿜빠이했다고말했다.
p04_u35,p04,ce_s80,엄카는게나는운군술감각법이랑기본일록물구나낄뻔했다하고말았다.
p04_u35,p04,ce_s160,엄카는게나는운군술공격법한기분이로문구서뿜빠이했다고말했다.
p04_u35,p04,taps_s80,검찰관계공직반갑상기부했불구석기구했다고말했다.
p04_u35,p04,taps_s160,검찰관계공직반갑상기부했불구속기수했다고말했다.
p04_u35,p04,ce_visible,엄카를파는게나는운군술공직전법다기본형이문구서뿜빠이했다고말했다.
p04_u35,p04,ce_invisible,검찰관계공직반갑상기부행위로불구속기구했다고말했다.
p04_u36,p04,taps,두차장에서나이드잃어가지고이제아는자령만골라서금붕찍는 30대남동이좋은다리굳혔다.
p04_u36,p04,ce,알음이라고아는골라서금뭘댕길때남편이었다.
p04_u36,p04,ce_s40,사장에서빨금러그아는자랑만골라서금붕어중 30대남성에경찰에국가평.
p04_u36,p04,ce_s80,사장에서빨금러그장아는자랑만골라서금붕어진암기때남편이경찰에국가평.
p04_u36,p04,ce_s160,사장에서빨금러그아는자랑만골라서금붕어빵이경찰에국가평.
p04_u36,p04,taps_s80,두차장에서나이드미러가지고이제아는자량만골라서그붕뜨고지금남기때남북이좀달려구.
p04_u36,p04,taps_s160,부자장에서나이드미러가지고이제아는자령만골라서금붕대남동생이경찰이굿즈맞았다.
p04_u36,p04,ce_visible,알음이라고아는골라서금문대얼굴도안뽑네응팔에볼까?
p04_u36,p04,ce_invisible,두차장에서나이드잃어가지고이제아는자령만골라서금붕찍는 30대남동이좋은다리굳혔다.
p04_u37,p04,taps,21일경찰에다르면동한경찰서는야간건조물주미절도단위로 30대남성 a를한 16일구속해주사하고있다.
p04_u37,p04,ce,6일경찰에따르면겨울동안별거는약한건좀비로 30대남성애일나는 16일에꾸족해하고있다.
p04_u37,p04,ce_s40,6일경찰에따르면겨울동안은야간을뿐이별도겸으로 30대남성애일내가 16일에구조하고있다.
p04_u37,p04,ce_s80,6일경찰에따르면겨울동안은야간을뿐이별도겸으로 30대남성애니를나는 16일에구독해하고있다.
p04_u37,p04,ce_s160,6일경찰에따르면얼굴더는야간을주미별도겸이고 30대남성애일난 16일꾸덕해가고있다.
p04_u37,p04,taps_s80,21일경찰에다르면경찰서는야간건동물 11터걍으로 30대남성 a를한 16일구속해주사하고
p04_u37,p04,taps_s160,21일경찰에다르면동한경찰서는야간건조물주미절도걍미로 30대남성 a를한 16일구속해주사하고있다.
p04_u37,p04,ce_visible,6일경찰에따르면겨울동안별거는약한건좀비로 30대남성애니를나는 16일에꾸족해하고있다.
p04_u37,p04,ce_invisible,21일경찰에다르면동한경찰서는야간건조물주미절도단위로 30대남성 a를한 16일구속해주사하고있다.
p04_u38,p04,taps,"에잇은한달 27일다정되게형법고장비동이면한 2, 2장은빠지는자영을골라국궁금한게맞는다."
p04_u38,p04,ce,"한 7, 119 담요병에있는한애급류가하는걸몰라."
p04_u38,p04,ce_s40,"한 7, 119에한한밀어하는걸로맞는다."
p04_u38,p04,ce_s80,"한 7, 1190원이면한골받는다."
p04_u38,p04,ce_s160,한팀 1 때한국굿즈는한이유가하나있고맞는다.
p04_u38,p04,taps_s80,에잇은한달 27일다정돼성북고장이동에오면한 2학기다정은사이비로받았는촬영을골라궁금한진미를받는다.
p04_u38,p04,taps_s160,에잇은한달 27일자는게형법고장이동이면한 4장은사이드로맞았는촬영을골라국공동에있는진로받는다.
p04_u38,p04,ce_visible,"한 7, 119 담요병에있는한애급류가하는걸몰라."
p04_u38,p04,ce_invisible,에잇은한달 27일다정되게형법고장비동이면한지하철타자는마이그로맞았는잔을골라국궁금한게맞는다.
p04_u39,p04,taps,레이슨 1부차량에서운이담겨있지않으면 4일은잡혀있지않다는점을알고이런차량만골라서범용한거서로서살다.
p04_u39,p04,ce,에이구는 1 9 차량에서운이담겨있지않으면나이드니까안파는점은알고이런랑만골라서범인한것으로소사니까.
p04_u39,p04,ce_s40,에이구는 1 9시에서운이담겨있지않으면은 1등이라가지고안하는점은알고이런랑만골라서범인한것으로선.
p04_u39,p04,ce_s80,에이구는 1부 8에서운이담겨있지않으면은에이금이라도안하는점은알고이런랑만골라서범인한것으로변했다.
p04_u39,p04,ce_s160,베이컨은 1부차량에서운이담겨있지않으면빨금이라도안하는점은알고이런  사랑만골라서범인한것으로변했다.
p04_u39,p04,taps_s80,레이슨 1부차령에서문이잠겨있지않으면나이드니러가잡혀있지않다는점을알고이런촬영만골라서보맹한거서로서살다.
p04_u39,p04,taps_s160,레이슨 1부차량에서운이담겨있지않으면나이드니러그에잡혀있지않다는점을알고이런차량만골라서범용한거살다.
p04_u39,p04,ce_visible,에이구는 1 9 차량에서운이담겨있지않으면나이드니까안파는점은알고이런  사랑만골라서범인한것으로소사니까.
p04_u39,p04,ce_invisible,레이슨 1부차량에서운이담겨있지않으면 4일은잡혀있지않다는점을알고이런차량만골라서범용한거서로서살다.
p04_u40,p04,taps,그는이런수법으로 5도 5차에걸쳐. 정 3천 8백만원상당히궁금을절도인가그러고방학때
p04_u40,p04,ce,그거는이런법으로오후다섯차례걸쳐. 방 3 감빨대만원금을절대안걸었다.
p04_u40,p04,ce_s40,그거는이런법으로오후다섯차례걸쳐성당빨대만원금을절대안걸었다.
p04_u40,p04,ce_s80,그거는런수법으로오후다섯달에걸감천빼게만원상당히금을절대안졸업했다.
p04_u40,p04,ce_s160,그는우연쌤  법으로옷도다섯살에걸쳐한단빨대겸하던상당히금품을절도하는걸했다.
p04_u40,p04,taps_s80,그는이런수법으로 5도 5차래그걸저정 3천 8백만원상당히궁금을절도인것으로봐악댔다.
p04_u40,p04,taps_s160,그는이런수법으로 5도 5차래그걸저정 3천 8백만원상당히품쿵따
p04_u40,p04,ce_visible,그거는이런법으로오후다섯차례걸쳐. 방한빨백만원상당히금을절대안걸었다.
p04_u40,p04,ce_invisible,그는이런수법으로 5도 5차에걸쳐. 정 3천 8백만원상당히궁금을절도인가그러고방학때
p04_u41,p04,taps,에이치는경찰조사해서이질까이에전도를했다는치즈로진술형것으로알려줬다.
p04_u41,p04,ce,에뛰드는경찰조사해서일갑이에결도를했다이런취지로존중한것으로알려줬다.
p04_u41,p04,ce_s40,에뛰드는경찰역사에서일갑이에결도를했다이런취지로  생각하는것으로알려줬다.
p04_u41,p04,ce_s80,에뛰드는경찰조사에서일갑분얘결정을했다이런취지로준수라는것으로알려줬다.
p04_u41,p04,ce_s160,에뛰드는경찰도에서일갑분얘결정을했다이런취지로준수라는것으로알려줬다.
p04_u41,p04,taps_s80,에이즈는경찰도그래서이제철도를했다는치즈로진술한것으로알려졌다.
p04_u41,p04,taps_s160,에이치는경찰조사해서이질과이해절도를했다는치즈로진술한것으로알려줬다.
p04_u41,p04,ce_visible,익기는경찰서일갑이에결도를했다이런식으로진수랑것으로알려줬다.
p04_u41,p04,ce_invisible,에이치는경찰조사해서이질까이에전도를했다는치즈로진술형것으로알려줬다.
p04_u42,p04,taps,경찰관계자는구체적인번행은수사중이라면이번주안에검찰성취할예정이라고말했다.
p04_u42,p04,ce,방파이구한계좌는머맹병일수당중이라면이번주안에똥줄예정이라고말했다.
p04_u42,p04,ce_s40,양파있고한겨나는국철대우린번행병이나수당중이라면이번주안에검찰쫑예정이라고말했다.
p04_u42,p04,ce_s80,양파있고한겨나는국초적인어맹이는수산중이라면이번주안에검찰의쏭짤예정이라고말았다.
p04_u42,p04,ce_s160,양파있고한결자는구조적인은행병이나수작중이라면이번주안에검토레뚱쩔예정이라고말했다.
p04_u42,p04,taps_s80,경찰관계자는구체적인번행은수사중이라면이번주안에검찰성취할예정이라고말했다.
p04_u42,p04,taps_s160,방찰관계자는구체적인번행은수사중이라며이번주안에검찰을성취할예정이라고말했다.
p04_u42,p04,ce_visible,방파이구한계좌는머맹병일수당중이라면이번주안에똥줄예정이라고말했다.
p04_u42,p04,ce_invisible,경찰관계자는구체적인번행은수사중이라면이번주안에검찰성취할예정이라고말했다.
p04_u43,p04,taps,10년물건들누구야미국중앙인연방준비제도이준금이인상속도로높일가능성이더
p04_u43,p04,ce,1년만방송사를누구라도미국방있는인상속도를높일까?
p04_u43,p04,ce_s40,아 10년만에답은물가상승세를누구라테이고미국중앙인연빵준비해도가. 이승근있는인상속도를높일가능성은더빠졌다.
p04_u43,p04,ce_s80,아 10년만에갑질느꼈간물과상승사를누구라드리께외국중앙인연방준비개도가. 이중근인상속도를높일가능성은더빠졌다.
p04_u43,p04,ce_s160,방송외국빵.
p04_u43,p04,taps_s80,10년만에물건들누구야미국중앙은인연비제과이준금이인상속도로높일가능성이더
p04_u43,p04,taps_s160,상승미국인인왕이인상속도로
p04_u43,p04,ce_visible,10년도외국영양방을높일까?
p04_u43,p04,ce_invisible,10년만에물가상승세누구야미국중앙인연방준비제도이준금이인상속도로높일가능성이더
p04_u44,p04,taps,코로나사테이블새로로우묶거든. 디진금리가급격하게인상될경우주시구동산동소적금리도움을받았던자산시장거품이꺼질수있다.
p04_u44,p04,ce,그러나자퇴로너묵고중금니가그뼈하게엉망을줄수있똥산등호정끓인똥물았던시장거품이꺼질수있다.
p04_u44,p04,ce_s40,우리나라같이유배로너무늦그든니가급격하게엉망을쓸수있똥산동호주를받았던시장거품이꺼질수있다.
p04_u44,p04,ce_s80,우리나라자체로너무묻고 1등급하게엉망을쓸수있똥물마다던지장거품이꺼질수있다.
p04_u44,p04,ce_s160,우리나라자체로너무묻고벽하게엉망을쓰시똥산등호정끊임동물었던사관시장거품이꺼질수있다.
p04_u44,p04,taps_s80,코로나트로로우묶고던미가급격하게인상뺄경우주시고동동산동소적금리도움을받았던자산시장거품이커질수있다.
p04_u44,p04,taps_s160,코로나트이고새로로우묶거든비중금리가급격하게인상낼경우주시구동산도소적금리도움을받았던자산시장거품이커질수있다.
p04_u44,p04,ce_visible,그러나자퇴로너묵고중금니가급격하게엉망을줄수있똥산등호정끓인똥물았던시장거품이꺼질수있다.
p04_u44,p04,ce_invisible,코로나사테이블새로로우묶거든비중금니가급격하게인상될경우주시구동산동소적금리도움을받았던자산시장거품이꺼질수있다.
p04_u45,p04,taps,미국노동부가이런물가그뜸을발견한 11 이중시담배중에서는일제이다르겠다.
p04_u45,p04,ce,미국노동부가이런물가그때한 11 정식담배중에서는일대기바라겠다.
p04_u45,p04,ce_s40,미국노동부가이런물가그등을발주한 11 정비교수님은일대기바라겠다.
p04_u45,p04,ce_s80,외국노동부가이런물가그  여행을또한 11 정식담배중에서는일대기바라겠다.
p04_u45,p04,ce_s160,미국도이런물가그땜을할때한 11 정지담배중에서는일대기바라겠다.
p04_u45,p04,taps_s80,미국노동부가이런물가그등을한 11 이중시선배주소는일제이다르겠다.
p04_u45,p04,taps_s160,미국노동부가이런물가그뜸을발견한 11 이중시선배중에는일제이하나겠다.
p04_u45,p04,ce_visible,미국노동부가이런물가그때한 11 중담배중에서는일대기바라겠다.
p04_u45,p04,ce_invisible,미국노동부가이런물가그뜸을발견한 11 이중시담배중에서는일제이다르겠다.
p04_u46,p04,taps,딱한꼬 smr 인데 1.5
p04_u46,p04,ce,나딱요새는 1등딱에엠비정규는약간 1점 8은 1.5 왼쪽으로갔다.
p04_u46,p04,ce_s40,나딱요새는 1억에샘오백원주는 1점 8점 5 갠내려갔다.
p04_u46,p04,ce_s80,나딱요새는 1억에샘규는 1점 1.5 앤또내려갔다.
p04_u46,p04,ce_s160,나딱요새는 1억에샘주는약간 1점 8퍼센트 1.5퍼센트네러봤다.
p04_u46,p04,taps_s80,나딱요즘은 2.1퍼센트라갖고 sm 오기로평균은 1.8퍼센트 1.5퍼센트래갔다
p04_u46,p04,taps_s160,오일한다.
p04_u46,p04,ce_visible,나딱 1억에엠규는 1점 8은 1점 5년봤다.
p04_u46,p04,ce_invisible,딱한꼬 smr 인데 1.5
p04_u47,p04,taps,로마이든미국대통령은이날국민에바탕까지물가에압박을받을정도로인플레이션문제가심각하서정부는가능한수단은무도동원하겠다고였다.
p04_u47,p04,ce,근데국민에밥방까지물가에빵을받을용도로인플루엔문드가생각보다는응원하겠다.
p04_u47,p04,ce_s40,미국보면은만약에국민이밥한까지물가에빵을받을용도로인구에연문제가생각하는거연구내는가능성은응원하겠다.
p04_u47,p04,ce_s80,로말든미국은그나국민이밥한까지물가에빵을받을정도로인플레이슨문제가생겼구는가능한수단은무도
p04_u47,p04,ce_s160,로말든미국은내가국민이밥한까지물가에빵빵을받을정도로인플레이그런분들은가능한수단은무도
p04_u47,p04,taps_s80,o 말든미국대통령은이날국민에바탕까지물가에약방을받을정도로인플레이션문제가심각하서정부는가능한수단은무도동원하겠다.
p04_u47,p04,taps_s160,로마이든미국대통령은인하에국민의바단까지물가에약방을받을정도로인플레이전분기가심각하서정부는가능한수단은무도동원하겠다고였다.
p04_u47,p04,ce_visible,근데국민이밥한물가에빵을받을용도로인플루엔문도가긍게영구는안양보다는응원하겠다.
p04_u47,p04,ce_invisible,로마이든미국대통령은이날국민에바탕까지물가에압박을받을정도로인플레이션문제가심각하서정부는가능한수단은무도동원하겠다고였다.
p04_u48,p04,taps,혹이잖물가가연준이크게웃도는상황이넘기면서연준이 5에이 6에서 7차를 2등급을인상을상해무게가이리고있다.
p04_u48,p04,ce,연준이넘연준이유네아니면
p04_u48,p04,ce_s40,우리가연준부는상황이넘기면서연준이원래 6에서 7월에연구미를윙파할것인가아니면줄리고있다.
p04_u48,p04,ce_s80,소비자물가가연준부츠를크게웃도는상황이넘겨주면서연준이올해 6에서 7살에이준그릉윙파할것이다아니면줄리고있다.
p04_u48,p04,ce_s160,우리가연준부를너네상황이 12월넘 12월중순에 5에 6에서 7월에윙파할것이고나는내가준비하고있다.
p04_u48,p04,taps_s80,혹은물가가연준코츠를크게웃도는상황이넘기면서연준이 5에 6에서 7차를 2등급을인상할것이라는예상에무게가늘리고있다.
p04_u48,p04,taps_s160,포그장물가가연준이크게웃도는상황이넘기면서연준이오해육에서 7차를이동리를인상해상해무게가이리고있다.
p04_u48,p04,ce_visible,아연준이넘연준이유네아니면
p04_u48,p04,ce_invisible,혹이잖물가가연준이크게웃도는상황이넘기면서연준이 5에이 6에서 7차를이동리를인상할것이라는예상에무게가이리고있다.
p04_u49,p04,taps,연연구센트수준이면 2등급 1.5 퍼센트이상으로높아질수있다는거.
p04_u49,p04,ce,연연금가올해말 1과목파앤트빵으로도팔고있다는거낫
p04_u49,p04,ce_s40,연연금막올해말 1담못땜으로도할수있다는것딱.
p04_u49,p04,ce_s80,연연금막올해말못하는거.
p04_u49,p04,ce_s160,연연금막올해말 1 대 5 엔땅으로높일있다는거낫
p04_u49,p04,taps_s80,연 0퍼센트수준이면 2등급말일단오퍼센트이상으로높아질수있다는거.
p04_u49,p04,taps_s160,연연구센트수준이면 2등급 1.5 퍼센트이상으로높아질수있다는거.
p04_u49,p04,ce_visible,연연금막올해말 1과목파앤트빵으로도팔고있다는거낫
p04_u49,p04,ce_invisible,연연구센트수준이면 2등급 1.5 퍼센트이상으로높아질수있다는거.
p04_u50,p04,taps,기존금미가인상되면이당금리가오르면더워. 대출이잡다등경제전체에영향을미치게된다.
p04_u50,p04,ce,이맨금리가인당되면빵오르면서몇남주니까응영재한테영향을 6주면된다.
p04_u50,p04,ce_s40,이맨금리가인당되면빵오르면서술몇남주니까영재한테영향을미주면된다.
p04_u50,p04,ce_s80,금금리가인빵되면양금기가오르면서몇남주니까영재한테영향을미출이된다.
p04_u50,p04,ce_s160,이맨금리가인빵되면양금니까오르면서술먹남으니까양쪽에영향을미주게된다.
p04_u50,p04,taps_s80,기준금리가인상되면이당금리가오르면더대출이잡다등경제전체에영향을미치게된다.
p04_u50,p04,taps_s160,기준금리가인상되면이당금리가오르면더워. 대출이잡다등경제전체에영향을미치게된다.
p04_u50,p04,ce_visible,맨금리가인빵되면양금니까오르면서몇남주니까응영재한테영향을 6개월된다.
p04_u50,p04,ce_invisible,기준금리가인상되면이당금리가오르면더워. 대출이잡다등경제전체에영향을미치게된다.
p04_u51,p04,taps,이런우려로비닐국내주식장도코스가평점  9퍼센트코스닥지수는 2.0 퍼센트한학기에탁
p04_u51,p04,ce,이런느려국내주직장도  곳이거엉까굿퍼센트고사주소는입담영업할땐알았겠다.
p04_u51,p04,ce_s40,이런느려이비일공내주직장도  곳그니까영점 95 센트고스딱주소는입담영업퍼센트알아그
p04_u51,p04,ce_s80,이런느려미비식양도호이거암짬 99 전주면입담영업퍼센트.
p04_u51,p04,ce_s160,이런느리아로국내주직장도호이거  잠깐굽고선또호수딱지면입담영업버전말았거든.
p04_u51,p04,taps_s80,이런우여로비닐국내주식장도코스디가평점  9퍼센트코스닥치는 2.0 퍼센트하나겠다.
p04_u51,p04,taps_s160,이런우려로비비공매주식장도코스피가평점  9퍼센트코스닥치드는 2.0 퍼센트한학기에탁
p04_u51,p04,ce_visible,이런느려국내주직장도꽂이거끔갑국센트거기딱주소는입담영업할땐알았겠다.
p04_u51,p04,ce_invisible,이런우려로비닐국내주식장도코스가평점  9퍼센트코스닥지수는 2.0 퍼센트한학기에탁
p04_u52,p04,taps,베인스블러드메인트리스연방준비는이날오늘소비전물과결과를본무나에맺파상향이국적으로강해졌다.
p04_u52,p04,ce,엠스러앵뜨리연방준비는그날어느저기물바별거를보내고나의네파상향극적으로강해졌다.
p04_u52,p04,ce_s40,엠주러앵뜨리연방준비는그날어느저기담별거를보내고나의네파상양극적으로가매졌다.
p04_u52,p04,ce_s80,엠주러맹트루일비연방준비해풍경은그날어느저기담별거를보내고나의네파상향흑역으로가느졌다.
p04_u52,p04,ce_s160,엠주러앵프닝그연방준비는그날어느날버비담을까벌교를보는나의의파성향극적으로가매졌다.
p04_u52,p04,taps_s80,베인스블라드메인트리스연방준비는이날오늘소비정부가결과를본나에네파상향이국적으로강해졌다.
p04_u52,p04,taps_s160,메인스블러드메인트리스연방준비는이날오늘소비정부가결과를본나이맵파상양이국적으로강해졌다.
p04_u52,p04,ce_visible,엠스러앵뜨리연방준비는그날어느저기물바별거를보내고나의네파상향극적으로강해졌다.
p04_u52,p04,ce_invisible,베인스블러드메인트리스연방준비는이날오늘소비전물과결과를본무나에맺파상향이국적으로강해졌다.
p04_u53,p04,taps,연준이오는 7월까지기른근로를 1퍼센트헌턴을올려야한다고생각한다고했다.
p04_u53,p04,ce,연준이는꾸는일퍼센트니까는올려야한다고생각한다고했다.
p04_u53,p04,ce_s40,연준이는꾸면초등학교까지이정규는일퍼센트는올려야한다고생각한다고했다.
p04_u53,p04,ce_s80,연준이는꾸는일퍼센트니까는올려야한다고생각한다고했다.
p04_u53,p04,ce_s160,연준이는꾸면 7월까지은근일퍼센트는올려야한다고생각한다고했다.
p04_u53,p04,taps_s80,연준이오는 7월까지 2등급 1퍼센트공턴을올려야한다고생각한다고했다.
p04_u53,p04,taps_s160,연준이오는 7월까지 2등급을 1퍼센트콘서트는올려야한다고생각한다고했다.
p04_u53,p04,ce_visible,연준이는꾸는일퍼센트니까는올려야한다고생각한다고오했다.
p04_u53,p04,ce_invisible,연준이오는 7월까지기른근로를 1퍼센트헌턴을올려야한다고생각한다고했다.
p04_u54,p04,taps,"그는연준이정내회의, 2회상회의를토집해야할상황이라고주장한다."
p04_u54,p04,ce,그러면연두네명네왜양배추하고그니까.
p04_u54,p04,ce_s40,그면연구네명네왜양배추안할양이라고주장을했다.
p04_u54,p04,ce_s80,그면연구네영래왜양배추하고싶담했다.
p04_u54,p04,ce_s160,연구네영래왜양해를양호하다.
p04_u54,p04,taps_s80,"그는연준이정내회의, 2회상회의를토집해야할상이라고저장한다."
p04_u54,p04,taps_s160,"그는연준이정회회의, 2회상회의를토집해야할상황이라고주장한다."
p04_u54,p04,ce_visible,그러면연분이영래왜양배추하고그니까.
p04_u54,p04,ce_invisible,"그는연준이정내회의, 2회상회의를토집해야할상황이라고주장한다."
p04_u55,p04,taps,"골프연습 1점짜리꽁키구방, 탈출가 8 찾아방탈출게임줄겼다고 1지남자가 11키로잤다."
p04_u55,p04,ce,
p04_u55,p04,ce_s40,
p04_u55,p04,ce_s80,아
p04_u55,p04,ce_s160,
p04_u55,p04,taps_s80,골프연습 1점나이꽁키구탈출카페한 8출게임을줄였다고 1지남자가 11키로였다.
p04_u55,p04,taps_s160,골프연습 1점짜리꽁키호방탈출가을찾아줄게임을줄였다고 1지전자가 12년다
p04_u55,p04,ce_visible,
p04_u55,p04,ce_invisible,"골프연습 1점짜리꽁키구방, 탈출가 8 찾아방탈출게임줄겼다고 1지남자가 11다."
p04_u56,p04,taps,인규방탈출카페는엘지전자의스마트홈블랙코미디 io aind 방탈출게임컷들을전복해마련한복합문학체험공간이다.
p04_u56,p04,ce,영주방탈출카페는에이시언자에품앗이  호주에주유그런거방 8출연구콘서트를전목기마를난국카문학교온다니까.
p04_u56,p04,ce_s40,이번주방팔출카페는에이시언자원플랫폼이  호주에주유그런거방 8출연구콘서트를전목구비난호카문화폐암공간인가.
p04_u56,p04,ce_s80,이번주반출카페는에이시언자에주마벌레보면  일주일전과반 8주일교육콘서트를전묶여는국카문학교문가니까.
p04_u56,p04,ce_s160,이번주방탈출카페는에이시언자에주마벌레보면등쪽에주유이런거바로 8주일콘서트를전국회나국가니까.
p04_u56,p04,taps_s80,흰방탈출카페는엘지전자의스마트홈블랙코미  신고의지옥기능과방탈출게임컨텍을전복해마련한곡학문학채용공간이다.
p04_u56,p04,taps_s160,인규방탈출카페는엘지전자의스마트홈블랙코미디 io a는과 8 출게임컷들을전복해마련한곡학문학채원공관이다.
p04_u56,p04,ce_visible,영주방탈출카페는에이시언자에뿐만이  호주에주유그런거방 8출연구콘서트를전목기마를난국카문학교온다니까.
p04_u56,p04,ce_invisible,인규방탈출카페는엘지전자의스마트홈블랙코미디 io aind 방탈출게임컷들을전복해마련한복합문학체험공간이다.
p04_u57,p04,taps,"2년세탁실동매개, 2등되는거고공강해서주로낸시간안에탈출위에다양한미점들어면방탈출게임을줄겠다."
p04_u57,p04,ce,박테일이면워크 1 학술네개로각각은공강에서안에다양한방
p04_u57,p04,ce_s40,박패딩은워크네개로각각은공강에서안했다양한
p04_u57,p04,ce_s80,막이면워학내가공강해서안했
p04_u57,p04,ce_s160,막내이면워 1 학네개로각각은공강에서나는
p04_u57,p04,taps_s80,"빡세면서재딱 7등매 1, 4 까고공감해서주워된시간안에탈출하기다양한미점들어면방탈출왔다."
p04_u57,p04,taps_s160,"거, 실컷실동매개, 5등되는거고공강해서주워진시간안에탈출하기위해다양한미점들어도돼면방탈출게임을줄겠다."
p04_u57,p04,ce_visible,박패딩은워크 1 학술네개로각각은공강에서안에다양한
p04_u57,p04,ce_invisible,"2년세탁실동매개, 2등되는거고공강해서주로낸시간안에탈출위에다양한미점들어면방탈출게임을줄겠다."
p04_u58,p04,taps,LG 신기앱으로가전을배우하거나학종선수이경오면서미션을해결하기위한숨겨진단속으로냅두겠다.
p04_u58,p04,ce,에비생크액으로과자를배우하거나학종써비스를이용하면서일단은해결하기위한  생겨서되겠다.
p04_u58,p04,ce_s40,에비생크직으로가전을배우하거나학종써비스를이용하면서일단은해결하기위한숨겨진단서들을예쁘겠다.
p04_u58,p04,ce_s80,애기생크직으로가전을배우하거나학종써비스를이용하면서일단은해결하기위한  생겨서주겠다.
p04_u58,p04,ce_s160,에비생크림으로발전을배우하거나학병써릿집이용하면서일단은해결하기위한  생겨서되겠다.
p04_u58,p04,taps_s80,LG 신기록단을배우하거나학종쓰루스이겨오면서미션을해결하기위한숨겨진단속으로접되겠다.
p04_u58,p04,taps_s160,LG 신기앱으로가전을배우하거나이겨오면서미션을배겨력이이한숨겨진단속으로바뀌겠다.
p04_u58,p04,ce_visible,에비생크액으로과자를배우하거나학종써비스를이용하면서일단은해결하기위한  생겨서되겠다.
p04_u58,p04,ce_invisible,LG 신기앱으로가전을배우하거나학종선수이경오면서미션을해결하기위한숨겨진단속으로잡히겠다.
p04_u59,p04,taps,딱실테마곡은학생때리가코드제로 RT로봇청소기를 LG 싱키앱으로원경보정하면서숨겨진단서를찾았다.
p04_u59,p04,ce,박질테러공간에서는악세사코드제로아이주로봇청소기를 LG 인중앱으로원격조정하면서숨겨진한글을찾았다.
p04_u59,p04,ce_s40,박질테러공간에서는악세가코드제로아이주로봇청소기를 LG 인중앱으로원격조정하면서승격증도한달을가졌다.
p04_u59,p04,ce_s80,박출테러공간에서는악세가코드제로아이주로봇청소기를 LB로원격조정하면서승격증단가를찾았다.
p04_u59,p04,ce_s160,딱출되나공간에서는악세리가코드제로아이주로봇청소기를 LBC 앱으로원격조정하면서숨겨진다한거를찾았다.
p04_u59,p04,taps_s80,학실테마공간에서는확실히코드제로 RT로봇청소기를 LG 싱키앱으로원격보정하면서숨겨진단서를찾았다.
p04_u59,p04,taps_s160,딱실테마공에서는코드제로 RT로봇청소기를 LG 싱키앱으로원경도숨겨진단거를찾았다.
p04_u59,p04,ce_visible,박질테러공간에서는악세사코드제로아이주로봇청소기를 LG 인중앱으로원격조정하면서숨겨진단거를찾았다.
p04_u59,p04,ce_invisible,딱실테마곡은학생때리가코드제로 RT로봇청소기를 LG 싱키앱으로원경보정하면서숨겨진단서를찾았다.
p04_u60,p04,taps,아예지우도못한국인은옮기고기능이있어. 제품의탑애들은카메라를종해이번곳으로실시간으로모니터링할수있는것이특징이다.
p04_u60,p04,ce,아니그형섭이는옮겨기능이있어에경제관술을쓸지간으로모니터링할수있는것이특징이다.
p04_u60,p04,ce_s40,아니그형섭이는옮겨기능이있어에경제를종해실시간으로모니터링할수있는것이특징이다.
p04_u60,p04,ce_s80,아니그어떤기능이있어에경제학과장가며들종에곳을실시간으로모니터링할수있는것이특징이다.
p04_u60,p04,ce_s160,아이큐는홈쇼기능이있어에봄에타패든가면그곳을실시간으로모니터링할수있는것이특징이다.
p04_u60,p04,taps_s80,아예지우도못한국인은옮기고기능이있어. 꿈에탑들은카메랄이번을실시간으로모니터링할수있는것이특징이다.
p04_u60,p04,taps_s160,아예지우도못한국인은꼼비우기능이있어. 분야탑든카메라를종해이번곳으로실시간으로모니터링할수있는거지특징이다.
p04_u60,p04,ce_visible,아니그형섭이는옮겨기능이있어그네타패든참여를종에그슬기간으로모니터링할수있는것이특징이다.
p04_u60,p04,ce_invisible,아예지우도못한국인은옮기고기능이있어. 제품의탑애들은카메라를종해이번곳으로실시간으로모니터링할수있는것이특징이다.
p04_u61,p04,taps,"엘지전자는 2달 7일부터 28일까지서울성수동에이지한카페, 할아버지공장에서인기상 8출카페로운영하면은그게이후엔경험을선사한다."
p04_u61,p04,ce,엘지경은이달 7일부터 20 아일까지서울성수동에있지않하페할아버지공장에서일주일커피로운영하면고객들에게액유엔경험을건드한다.
p04_u61,p04,ce_s40,엘지경은이다일칠일부터 20 아일까지어느성수동에한카페할아버지공장에서응그패키를운영하면고객들에게액유엔경험을건드한다.
p04_u61,p04,ce_s80,엘지경은이달 7일부터 20 아일까지어느성수동에있지않하페할아버지공장에서응그 87카페를운영하면고객들여게액유엔경험을건드한다.
p04_u61,p04,ce_s160,엘지전자는이달 7일부터 20까지겨울성수동에있지않하페할아버지공장에서응그 87 카페로운영하면고객들에게액유엔경험을선교한다.
p04_u61,p04,taps_s80,"엘지전자는이달 7일부터 28일까지서울성수동에이치한카페, 할아버지공장에서인기상 8출카페로운영하면고급디게이후엔경험을선사한다."
p04_u61,p04,taps_s160,"엘지전자는 2달, 7일부터 28일까지서울성수동에이치한카페, 할아버지공장에서 1등할줄카페를운영하면고급에 2인경험을선사한다."
p04_u61,p04,ce_visible,엘지전자는일단칠일부터 20 아일까지서울성수동에있지않하페할아버지공장에서일주일커피로운영하면고객들에게액유엔경험을건드한다.
p04_u61,p04,ce_invisible,"엘지전자는 2달 7일부터 28일까지서울성수동에이지한카페, 할아버지공장에서인기상 8출카페로운영하면고급에이후엔경험을선사한다."
p04_u62,p04,taps,LG 전자가추구하는 F 유인경험은재고의이일한새로운확신적인고급경험을듯한
p04_u62,p04,ce,엘디자는쓰고있는애교유행공하면에 5일은 1억은학생적인고객분이면한다.
p04_u62,p04,ce_s40,엘기존떨어지고있는 F 유일한에고학진적인고객분이면한다.
p04_u62,p04,ce_s80,엘기존떨어지고하면 F 유일한경험은에고일안오학생인고객경험을한다.
p04_u62,p04,ce_s160,에기전엔 F 유인공이면에고학준적인고객분이한다.
p04_u62,p04,taps_s80,LG 전과주고하는 FM 경험은새고이일한새로운확신적인고법경험을느든다.
p04_u62,p04,taps_s160,"LG 전자가추구하는 F 유인경험은새고, 이일한새로운확신적인고급경험을느탄다."
p04_u62,p04,ce_visible,엘디자는쓰고있는애교유행공하면에고학준적인고객분이면한다.
p04_u62,p04,ce_invisible,LG 전자가추구하는 F 유인경험은재고의이일한새로운확신적인고급경험을듯한
p04_u63,p04,taps,이다리버블리카가외부전문가사민으로구성된데이터보고준법자문기여를실험한다고 16일밝혔다.
p04_u63,p04,ce,위다리버풀리깎이인분가아미노랜메이플보고좀겉아무위안유를실험한다고 16일날갔다.
p04_u63,p04,ce_s40,위바리버풀리깎이는가다민으로그당된웨이터보고중법남은위안유를출범한다고 16일날갔다.
p04_u63,p04,ce_s80,이발이버블티가외국가다민으로그당된거의위안유를출범한다고 16일갈거같다.
p04_u63,p04,ce_s160,위다리버풀릴깎아외국가다민으로그강된의병보고좀업아몬위안회를출발한다고 16일발급받어.
p04_u63,p04,taps_s80,이다리버블리카가외부전분가 4인으로구정된데이터보고줌밥자문기여를실험한다고 16일밝혔다.
p04_u63,p04,taps_s160,이다리버블리카가외부전문가사민으로고정된데이터보고준법자문기여를실험한다고 16일밝혔다.
p04_u63,p04,ce_visible,위다리버풀리깎이인분가아미노랜메이플보고좀겉아무위안유를실험한다고 16일날갔다.
p04_u63,p04,ce_invisible,이다리버블리카가외부전문가사민으로구성된데이터보고준법자문기여를실험한다고 16일밝혔다.
p04_u64,p04,taps,이원애는토가보이고데이터저리기관련반령을잘주도하고있는지독립적으로확인하고감자한다.
p04_u64,p04,ce,이원애는소그니까고일고백고객바리게관련껌정을발급하고있는그영입쪽으로확인하고가니까.
p04_u64,p04,ce_s40,이원애는소그니까고1 고객고객저릴수있고관련법령을발주도하고있는동료쪽으로확인하고간단.
p04_u64,p04,ce_s80,나는또그니까고1 고객고객저리관련법령을발주도하고있는동료쪽으로확인하고간단.
p04_u64,p04,ce_s160,이원하는소그니까고1 고객고객빠리주일관련  밥령을발주도하고있는주영일적으로확인하고간단.
p04_u64,p04,taps_s80,이번에는토크가고2 고객데이터저리기관련반령을잘주도하고있는지독립적으로확인하고감자한다.
p04_u64,p04,taps_s160,이원애는토크가보이고데이터저리기관련반령을잘주토하고있는지독립적으로확인하고감자한다.
p04_u64,p04,ce_visible,이원애는소그니까고일고백고객바리게관련껌정을발급하고있는그영입쪽으로확인하고가니까.
p04_u64,p04,ce_invisible,이원애는토가보이고데이터저리기관련반령을잘주도하고있는지독립적으로확인하고감자한다.
p04_u65,p04,taps,또안전한데있잖아그게위안아무래약가를한다.
p04_u65,p04,ce,뭐안전한캐릭터나해결을구축하기위한아무애하는역할을한다.
p04_u65,p04,ce_s40,또안전한캐릭터법원해결을구축하기위한아무애하는역할을한다.
p04_u65,p04,ce_s80,너안전한캐릭터법원해결을구축하기위한아무애하는역할을한다.
p04_u65,p04,ce_s160,뭐안전한캐릭터를그쪽하게미안해하는역활을한다.
p04_u65,p04,taps_s80,또안전한데이터업어는체계를구축하기위한사물에응하는역할을한다.
p04_u65,p04,taps_s160,또안저런세계를구축하기위한함행하는역할을한다.
p04_u65,p04,ce_visible,뭐안전한캐릭터나해결을구축하기위한아무애하는역할을한다.
p04_u65,p04,ce_invisible,또안전한데있잖아그게위안아무래약가를한다.
p04_u66,p04,taps,이온애는회사에데이터보고전략과정책준범을반기마다보고받는다.
p04_u66,p04,ce,위안에는에바이트있다보호자과선택준법감활성을만기마다보고받는다.
p04_u66,p04,ce_s40,위언에는까지보고다니다꽈평택좀버암기활동을만기마다보고받는다.
p04_u66,p04,ce_s80,위언에는에타에비행기딱보고전다과선택준법암활성을만기마다보고받는다.
p04_u66,p04,ce_s160,위원회는에바이트보고전다과평택좀버암활성을만기마다보고받는다.
p04_u66,p04,taps_s80,데이터보고전략과정케준법감활동을다니기만하고보고받는다.
p04_u66,p04,taps_s160,이연애는 SK 데이터보고전략과정책준범감활동을담기마다보고받는다.
p04_u66,p04,ce_visible,위안에는에타에배있다보호자과선택준법감활성을만기마다보고받는다.
p04_u66,p04,ce_invisible,위원회는회사에데이터보고전략과정책준범을반기마다보고받는다.
p04_u67,p04,taps,개인정보처리밍도높은사람에대해서개인정보고책임사에게의견에재잘이계획이다.
p04_u67,p04,ce,개인당절임감도높은단에대해서그쪽에서와행정부증금다이게의견을전달종이자.
p04_u67,p04,ce_s40,개인당린감도높은단에대해서그쪽에서와행정부흑인살게의견을전달되.
p04_u67,p04,ce_s80,개인당도높은단에대해서그쪽에서와냉장고  얘긴데의견을전달종이나와.
p04_u67,p04,ce_s160,개인정류인감도높은단에대해서와냉장고흑인탈게의견을전달계획이다.
p04_u67,p04,taps_s80,개인정보다린인강도고높은단에대해서의상와개인정보고책임자에게의견을재잘이계획이다.
p04_u67,p04,taps_s160,개인정보다린인강도고높은산에대해서제출나와개인정비고책임자에게의견에재활계좌.
p04_u67,p04,ce_visible,개인당절임감도높은단에대해서그쪽에서와행정부  튀김다이게의견을줄자격증이나.
p04_u67,p04,ce_invisible,개인정보처리밍도높은사람에대해서개인정보고책임사에게의견에재잘이계획이다.
p04_u68,p04,taps,토스는이원의의견을전국적으로사용하고관련결과를옮기게공개할예정다.
p04_u68,p04,ce,토스는유연에은교는적금적으로수용하고관련결과를옮길게공교육과정이다.
p04_u68,p04,ce_s40,토스는위안에의견에전국적으로수용하고관련별을꿈꾸역겨.
p04_u68,p04,ce_s80,토스는위안에의견에전국적으로수용하고관련결과를끊기게공교육과정이다.
p04_u68,p04,ce_s160,토스는위안에의견에전국적으로수용하고관련결과를옮기게공교할예정이다.
p04_u68,p04,taps_s80,토스는이원의의견을전국적으로사용하고관련결과를옮기게공기할예정이다.
p04_u68,p04,taps_s160,토스는이원의의견을적극적으로사용하고관련결과를옮기게공개할예정자.
p04_u68,p04,ce_visible,토스는유연에은교는적금적으로수용하고관련결과를옮길게공교육과정이다.
p04_u68,p04,ce_invisible,토스는이원의의견을전국적으로사용하고관련결과를옮기게공개할예정다.
p04_u69,p04,taps,이번수능일렉할때일만해도
p04_u69,p04,ce,이번남은두명은인맥활동을일하니까.
p04_u69,p04,ce_s40,이번남은년에영입오후에대한뜨는거얼롭면은야외떡인맥강하고활동을일하니까.
p04_u69,p04,ce_s80,이번남은년에영입오후에대한뜨는건높게는한백일나가고활동을일하니까.
p04_u69,p04,ce_s160,이번남은위안에쓸거면메이플영입보호에대한뜨는거얼끼는열명인맥활동.
p04_u69,p04,taps_s80,이번남은에이쁠이용입고에대한두명일안하고할때이런애가
p04_u69,p04,taps_s160,이번남은일본은에이쁠이용이보고에대한두명있는일렉할때이런애가
p04_u69,p04,ce_visible,이번아무래도영입에대한뜨는인맥활동.
p04_u69,p04,ce_invisible,이번수능일렉할때일만해도
p04_u70,p04,taps,포스관객은에브이시설을동해고객메이커보호책이투명성을담궈맡고예전에나갈필요가있다는멜부턴내가있었어.
p04_u70,p04,ce,토스관계나는외국주사를고객메이크업체에투명성을연금받고네나갈필요가있다는외부공간있었잖아.
p04_u70,p04,ce_s40,토스관계자는외부에주선을중에고객들보호세개투명성을점검받고예전에나갈필요가있다는내부공간있었다갖고설명했다.
p04_u70,p04,ce_s80,토스관객나는외부에주선을중에고객들보호책에투명성을점검받고예전에나갈필요가있다는내부공간내가있었다고설명했다.
p04_u70,p04,ce_s160,토스관객자는외부에주선을중에고객메이크업체에투명성을점검받고예전에나갈필요가있다는외부공간내가있었다고설명했다.
p04_u70,p04,taps_s80,토스관객나는에브이시설을동해고객 a제투명성을잠깐봤고예전에나갈필요가있다는멜부공감되어있어서설명해봐.
p04_u70,p04,taps_s160,포스관객나는에브이시설동의고객웨이브세계에투명성을담궈맡고예전에나갈필요가있다는멜부공감되어있어갖고설명서.
p04_u70,p04,ce_visible,토스관계나는외부에주선을중에고객메이크업에투명성을연금받고네나갈필요가있다는외부공간있었잖아.
p04_u70,p04,ce_invisible,포스관객은에브이시설을동해고객메이커보호책이투명성을담궈맡고예전에나갈필요가있다는멜부턴내가있었어.
p04_u71,p04,taps,"자문위원회는권형고려대장보보내교수를위한장으로김승국고려대장보호대학원교수, 김철준법무범인관광구분을위원으로이쪽해주범했다."
p04_u71,p04,ce,아무튼위원회는어느관형고려대왕복으로된학원그술위한장으로인증그고려대경복궁에있는관광구분을위한그걸
p04_u71,p04,ce_s40,아무튼위원에는원관녕고려대왕복으로대한그술위한장으로갱구에경복궁근처에언브밤엔강당부분을위한그밤했다.
p04_u71,p04,ce_s80,아무튼위원애는원관녕고려대왕복술위한장으로갱구에방법으로대학원그철조무민왕따당한부분을위한금속에쓸범했다.
p04_u71,p04,ce_s160,아무애는원내방법보고그술위한당으로은근보고대학원 5분에위원했다.
p04_u71,p04,taps_s80,"자문기원에는권형고려대장보보내교수를위한장으로김순구고려대장보호대학원교수, 김철준법무범인관광구분을위원으로이쪽해주범했다."
p04_u71,p04,taps_s160,"자문기어네는권형고려대장보보대학원교수를위한장으로김승국고려대장보보대학원교수, 김철준법무범인관광구분을위원으로이쪽해주범했다."
p04_u71,p04,ce_visible,아무튼위원회는어느관형고려대왕복으로된학원그술위한장으로인증그려내학원철권에있는관광뽑아내.
p04_u71,p04,ce_invisible,"자문위원회는권형고려대장보보내교수를위한장으로김승국고려대장보호대학원교수, 김철준법무범인관광구분을위원으로이쪽해주범했다."
p04_u72,p04,taps,권헌형교수는현재한국기술서비스케해장과한국정부보고밖에개인정보보고연극같은정보보호그냥전문가
p04_u72,p04,ce,원형교수는근데한국왕복바비양평양가아니보구연경보고영국에맞든연고보급이연구는거아이다.
p04_u72,p04,ce_s40,원형은근데한국왕복바비큐왕이왕복연경보고영국은여보뭐하연구는거아이다.
p04_u72,p04,ce_s80,원형교수는근데한국영복빠미빵백과아니경보보고연경보고영국많든연고보급이연구는거아이다.
p04_u72,p04,ce_s160,원형은한국아니보구연경보고영국은양보근이연구는거아이다.
p04_u72,p04,taps_s80,"권형그거는현재한국왕복해장과한국정부보고가걔인정보보고, 연구해지면정보보호그냥정문"
p04_u72,p04,taps_s160,권헌형교수는현재한국기술서비스학회장과한국정부보고밖에개인정보보고연극배정을하튼정부보냐전문가
p04_u72,p04,ce_visible,원형은근데한국왕복바비양배추양과아니보구연경보고영국에용고연구는거아이다.
p04_u72,p04,ce_invisible,권헌형교수는현재한국기술서비스케해장과한국정부보고밖에개인정보보고연극같은정보보호그냥전문가
p04_u73,p04,taps,임진국도암흑과사이버한분이전문가로통양직속하잖아이원으로활동한모르겠다.
p04_u73,p04,ce,임종직에서도암음학과알바구한분야에전문가로똥양주아따로농양위원회위원으로활동한반있다.
p04_u73,p04,ce_s40,임종직에서도암음학과부한분이똥양주아따로똠양미원에위원으로활동한다니까.
p04_u73,p04,ce_s80,임종직에서도암음학과뭐한분야에전문가로똥양주아따로엉덩위언에위원으로활동한다.
p04_u73,p04,ce_s160,은평구도암흑과알바구한분야에전문가로똥양주로아따로엉덩위언에위원으로활동한다니까.
p04_u73,p04,taps_s80,임진구교수도암호학과사이버한분이전문가로똥양직속아학년위원에비원으로활동한모있다.
p04_u73,p04,taps_s160,임진구도암호학과사이버왕분의전문가로똥양직속하자는이원으로활동한모르겠다.
p04_u73,p04,ce_visible,임종직에서도암음학과알바구한분야에전문가로똥양주아따로농양위원회위원으로활동한반있다.
p04_u73,p04,ce_invisible,임진국도암흑과사이버한분이전문가로통양직속하잖아이원으로활동한모르겠다.
p04_u74,p04,taps,인천주인공은특기형간금융단국에서금융권에 IT 공은검사를진행했고이후금융계사정보고재고책임될려긴했다.
p04_u74,p04,ce,음혈적인고무는 1년간음용당구에서금융권에 IP 공운건검사를배행했고외국음용해과정보보고주고찍는다이러긴했다.
p04_u74,p04,ce_s40,음혈적인공부는 1년간음용단국에서금융권에 IP 공운건검사를배행했고외국음용해과정보보고찍긴했다.
p04_u74,p04,ce_s80,음혈적인공부는 1년간음용단국에서금융권에 IP 공운건검사를빈양했고외국음용해과정보보고친구챙긴다이러긴했다.
p04_u74,p04,ce_s160,음혈적인고무는아니음용단국에서금융권에 IP 공운건검사를기능했고외국음용해과정보주구찍긴될려긴했다.
p04_u74,p04,taps_s80,인천준범은특기형간은금융단국에서금융권에 IT 공은검사를진행했고이후금융계사정보고최고책인될려긴했다.
p04_u74,p04,taps_s160,인천주인공은특기형간금융단국에서금융권에 IT 공은검사를진행했고이후금융계사정보고재고책인데요기만따.
p04_u74,p04,ce_visible,음혈적인고무는 1년간음용당구에서금융권에 IP 공운건검사를배행했고외국음용해과정보보고찍는다이러긴했다.
p04_u74,p04,ce_invisible,인천주인공은특기형간금융단국에서금융권에 IT 공은검사를진행했고이후금융계사정보고재고책임될려긴했다.
p04_u75,p04,taps,공구지가풍납재로가려면오바일지역나랑상품권봉사페이가수족관에 2억 7억원하고 1위다니겠다.
p04_u75,p04,ce,은교가홍삼초로발행은모바일뼈다낭상품권을주거나돌파했다고 11일발.
p04_u75,p04,ce_s40,은교가홍삼초반응한모바일꾸역발랑상품권  75원에돌파했다고일요일날입었다.
p04_u75,p04,ce_s80,은교가홍삼초반응한모바일쪽은상품권의  소주먹음  출발했다고 11일발.
p04_u75,p04,ce_s160,은교가홍삼초반응한모바일꾸역발랑상품권을주보건에돌파했다고이번주해봤다.
p04_u75,p04,taps_s80,공구지가풍납재로발령은모바일지역나랑상품권봉사페이가적반응이 2005억원.
p04_u75,p04,taps_s160,공급이가쿵남터로발령은모바일지역나랑상품권종그테이가수족반행에이주먹 75원돌파했다고일요일날.
p04_u75,p04,ce_visible,은교가홍삼초로발행한모바일뼈다낭상품권을주어거나돌파했다고 11일발.
p04_u75,p04,ce_invisible,공구지가훈남새로바려면모바일지역나랑상품권봉사페이가수족관에 2억 7억원하고 1위다니겠다.
p04_u76,p04,taps,2019년 8월 79 이면 8개월만에 5월 11일 9점에 250억오늘 8강
p04_u76,p04,ce,입장이면 8월 7일이면 8개월만에 5월 7일의정발행에이병후백조받거나.
p04_u76,p04,ce_s40,입장이면 8월 7일이면 8개월만에 5월 7일? 우격발발행에이병후백조백원을발견했다.
p04_u76,p04,ce_s80,입장이면 8일이면 8개월만에 5월 7일? 우격발행에이딴우측투박건을발견없다.
p04_u76,p04,ce_s160,입장이면 8주면 8개월만인월의적발행에이딴우측밖원을발견했다.
p04_u76,p04,taps_s80,2019년 8월 76이면 8개월만에 5월 11일 9점만에 250억오늘다일상이다.
p04_u76,p04,taps_s160,2019년 8월 79이면 8개월만에 5월 11일 9점만에 250억을팔았다.
p04_u76,p04,ce_visible,입장이면 8월 7일이면 8개월만에 5월 7일의정발행에무병으로맥주박고는발견했다.
p04_u76,p04,ce_invisible,2019년 8월 79 이면 8개월만에 5월 11일 9점에 250억오늘 8강
p04_u77,p04,taps,나는 9월찬호온거고 8개월만에찬호가가능해진거같다.
p04_u77,p04,ce,그면나는 9월긍까물가 8개월만에빠무관이빵발행되는거같다.
p04_u77,p04,ce_s40,그면나는 9월긍까완강해보여. 물가빨개월만에아무것도인거같다.
p04_u77,p04,ce_s80,나는구월끊어내거만팔방에미워. 물가 8개월만에끊어이빵발행된거같다.
p04_u77,p04,ce_s160,그면나는구월만한메구원발병에우와울과 8개월만에끊어발행된거같다.
p04_u77,p04,taps_s80,나는 9월초건알중에 2억 8개월만에찬호건이거발행이되는거같다.
p04_u77,p04,taps_s160,오늘은나는 9월 3억올거거든 2억 8개월만에찬호건이거안행적인거같다.
p04_u77,p04,ce_visible,그면나는 9월긍까물가 8개월만에빠무관이빵발행되는거같다.
p04_u77,p04,ce_invisible,나는 9월찬호온거고 8개월만에찬호가가능해진거같다.
p04_u78,p04,taps,그니까십만쿠폰을
p04_u78,p04,ce,연극한명
p04_u78,p04,ce_s40,영국한국말한명
p04_u78,p04,ce_s80,일병영식론한명
p04_u78,p04,ce_s160,네명한명
p04_u78,p04,taps_s80,그니까총은 10만 9천원
p04_u78,p04,taps_s160,그니까총은 10만 9천원
p04_u78,p04,ce_visible,연극한명
p04_u78,p04,ce_invisible,그니까십만쿠폰을
p04_u79,p04,taps,후상공인자연곡자도꾸준히가맹점을능욕하면서자원자들끼리넘어가면꾸준한중간을모이고다.
p04_u79,p04,ce,한국인사양업자로꾸준히가맹점은등록금으로한 400개를넘어서면한중가를모이고.
p04_u79,p04,ce_s40,한국인사양꾸준히가맹점은등록금으로 400개를넘었으면중간에.
p04_u79,p04,ce_s80,한국인사양따로꾸준히간행자로등록하는거나중간고.
p04_u79,p04,ce_s160,일반공연다양합자로꾸준히간행자로등록하면서넘어서면꾸준한중가자를모이고있다.
p04_u79,p04,taps_s80,포상공인자연곡자도꾸준히가맹점을등록하면서 4끼를넘어서면꾸준한중간을모이고
p04_u79,p04,taps_s160,후원공인자연곡자도꾸준히간행들을등록하면서자는사람들끼리넘어서면꾸준한중간을모이고
p04_u79,p04,ce_visible,한국인아잉없다고꾸준히가맹점은등록금으로 400개를넘었다면운전한중간에.
p04_u79,p04,ce_invisible,후상공인자연곡자도꾸준히가맹점을능욕하면서자원자들끼리넘어가면꾸준한중간을모이고다.
p04_u80,p04,taps,능력이있는
p04_u80,p04,ce,에그네는옆에감명업능력이든거면은용자들을끊을거있냐?
p04_u80,p04,ce_s40,최근에는옆에명절능력이든다면서은수동미용사들을끊을거있다.
p04_u80,p04,ce_s80,최근에는옆에명절능력이뜬금하면서은수동이응까들을끈후.
p04_u80,p04,ce_s160,최근에는옆에금융정능력이  중간에더은수동사단미남자들을끈후.
p04_u80,p04,taps_s80,최근에는능력이중단해서너무비싸니까영석을먹고
p04_u80,p04,taps_s160,응.
p04_u80,p04,ce_visible,에그네는옆에감명업능력이든거는용자들을끊을거있냐?
p04_u80,p04,ce_invisible,능력이있는
p04_u81,p04,taps,특히원굽이개단률이 98%에다으면서지역연재삼수난을끌고가.
p04_u81,p04,ce,그언급비일단률이 8프로배터라면서역교하는흐리고있다가.
p04_u81,p04,ce_s40,그이연극배딴률이그렇게팔빼러왜바라면서역경을끌고있다.
p04_u81,p04,ce_s80,그찌건국대외딴요리이렇게팔빼러왜가라면서역경제권끌고있다.
p04_u81,p04,ce_s160,그치언급이외딴요리 8프로에다라면서역경을끌고있다가.
p04_u81,p04,taps_s80,특히원구페이해산물이 98 하면서 2억정도 3수나이끌고
p04_u81,p04,taps_s160,특히원구페이해산률이 98%에다으면서지역연재삼수난을미끌고.
p04_u81,p04,ce_visible,그언급비일단률이 8프로배터라면서역교하는흐리고있다가.
p04_u81,p04,ce_invisible,특히원굽이개단률이 98%에다으면서지역연재삼수난을끌고가.
p04_u82,p04,taps,요금제공주팩뭐매일으로손주의날중에할수있는공공패드만약에정각하고있는거로.
p04_u82,p04,ce,이거함께공급아님운동모바일랩으로썼나할수있는공공의너빠르게정확하고있는곳으로나타났다.
p04_u82,p04,ce_s40,이거안그래공급해운동모바일랩으로썼나할수있는공공의너빠르게정확하고있는곳으로나타났다.
p04_u82,p04,ce_s80,이거함께공급아님모바일앱으로선출해가지고에듀바나할수있는공공배달의끔빠르게정답하고있는것으로나타났다.
p04_u82,p04,ce_s160,이거안께공주배야연동모바일앱으로썼나할수있는공공배달의또빠르게정착하고있는것으로나타났다.
p04_u82,p04,taps_s80,이케공주페이어연동목에앱으로 30대배달주문할수있는공공배달에너만약에정각하고있는거서로나타났다.
p04_u82,p04,taps_s160,이게공주팩뭐매일으로 30대 1종이나할수있는공공펜에너만약에정각하고있는것으로나타났다.
p04_u82,p04,ce_visible,이거함께공급아님운동모바일랩으로썼나할수있는공공의너빠르게정확하고있는곳으로나타났다.
p04_u82,p04,ce_invisible,요금제공주팩뭐매일으로손주의날중에할수있는공공패드만약에정각하고있는거로.
p04_u83,p04,taps,"2, 3월 5학년들어가는게아닌한 5월 10일 3 대 2박 5일돌"
p04_u83,p04,ce,9월엉덩이에들어가는구월별아니면 5월 10일현백이백아십배가가맹점으로눅눅하게꾸덕거리고씹어거는돌파했다.
p04_u83,p04,ce_s40,9월엉덩이에들어가는구녕 8개월만에한 5월 10일현백이백아십빼서가맹점으로눅눅해의적에또찔박뻔해돌파했다.
p04_u83,p04,ce_s80,9월영운영에들어가는구녕 8개월만에한 5월 10일현백이백그니까감형적으로눅눅해의적거리또찝어거는돌파했다.
p04_u83,p04,ce_s160,9월운영에들어가는구형 8개월만에 5월 10일현백이백계속가형적으로쫙높으면무조건쓸밖을돌파했다.
p04_u83,p04,taps_s80,이번에 19학년말고 11개월해서가맹점으로등록금에 10박 5일정도
p04_u83,p04,taps_s160,"6학년에들어가고 8개월만에 5, 10일 3 대 2 가향적으로등록돌"
p04_u83,p04,ce_visible,9월영운영에들어가는구월별아니면 5월 10일현백이백아십배가가맹점으로  말야무작벌어잇바꿔내돌파했다.
p04_u83,p04,ce_invisible,"2, 3월 5학년들어가는게 5월 10일 3일한 10개월해서 3개월정도"
p04_u84,p04,taps,공주페이배달의그이가장큰이점은 1.7 받은말만중계수술으로소상공인들에게병그든 8박은더이상의수수료를들어.
p04_u84,p04,ce,공급해달에그가장큰있다면 1점 78은대단한존경스스로에게평균 8화센중의수수료보다있다.
p04_u84,p04,ce_s40,공급해가장큰입장은일단팔면은얼마든교정으로일반국민들에게평균 80은등교.
p04_u84,p04,ce_s80,1등은공격.
p04_u84,p04,ce_s160,은급가장꿀빠텐더만공격은
p04_u84,p04,taps_s80,공주페이배달의가장큰이점은 1.7 파센타라는열만중계수준으로소상공인들에게병그든 8% 이상의수수료고립을따로두고있다.
p04_u84,p04,taps_s160,공주페이나이고가장큰이점은 1.7 파인대라는결만중계수준으로수상공인들에게병그든 8박은더이상의수수료를들어.
p04_u84,p04,ce_visible,공급해달에그가장큰있다면 1점 78은대단한존경스스로에게평균 8화중견수로부담을덜어주구있다.
p04_u84,p04,ce_invisible,공주페이배달의그이가장큰이점은 1.7 받은말만중계수술으로소상공인들에게병그든 8박은더이상의수수료를들어.
p04_u85,p04,taps,
p04_u85,p04,ce,외국에이빠텐할인을받을수있는공급이요번에과장보다는학비용패들에게사랑을받고있다.
p04_u85,p04,ce_s40,할인받고있는학생들.
p04_u85,p04,ce_s80,학생회로그냥.
p04_u85,p04,ce_s160,나는학비를.
p04_u85,p04,taps_s80,
p04_u85,p04,taps_s160,
p04_u85,p04,ce_visible,외국에할인해줄수있는공급이요번에과장보다는학비용에따른걸받고있다.
p04_u85,p04,ce_invisible,
p04_u86,p04,taps,는 5월가정에다른친구다행한일은다를지내면오천원할인곡도이거판다.
p04_u86,p04,ce,이면 5월가정에다를맞아요친구초대하기벼양한배달에비벤투를진행하면 5천원할인쿠폰도주급한다.
p04_u86,p04,ce_s40,이면 5월가정에다를맞아요친구초대하기벼양한배달의비벤투진행하면 5천원할인쿠폰도주급한다.
p04_u86,p04,ce_s80,이면 5월과장해다를맞아요친구초대하기벼양한배달의비벤투진행하면 5천원할인쿠폰도주급한다.
p04_u86,p04,ce_s160,는 5월가정에다를맞아요친구초대하기벼양한배달에비벤투를진행하면 5천원할인쿠폰도주입한다.
p04_u86,p04,taps_s80,지는 5월가정에다른매달려친구초대 2등다양한대단해이벤트를진행하면 5천원할인쿠폰도이거판다.
p04_u86,p04,taps_s160,지는과정이다른친구초등학이등다음에이벤트를진행하면천원할인곡도이거판다.
p04_u86,p04,ce_visible,이면 5월가정에다를맞아요친구초대하기벼양한배달에비벤투를진행하면 5천원할인쿠폰도주급한다.
p04_u86,p04,ce_invisible,는 5월가정에다른친구다행한일은대를지나면오천원할인곡도이거판다.
p04_u87,p04,taps,"경제가장은공수위에지플래폼을준비중으로상치약개장이런거이북상으로뛰어, 사회공학이니까."
p04_u87,p04,ce,이강류경제과장은공급한게미국바베큐블랙풍을준비중으로아무약개증견과미국하고깐으로여아왜공원하겠다.
p04_u87,p04,ce_s40,이강류경제과장은공급한게입구플랫폼을준비중으로아무쫙백중견과잇몸으로여아왜우원하겠다고말꼈다.
p04_u87,p04,ce_s80,이강류경제과장은공급한게입구플랫폼을준비중으로아무쫙백중견과미국단으로여아왜공원하겠다고말겠다.
p04_u87,p04,ce_s160,이강류경제과장은공급한게입구플랫폼을준비중으로아무격증과미국도바단으로역안에공원하겠다고라겠다.
p04_u87,p04,taps_s80,경제가장은공수대위위에입이서비스플랫폼을준비중으로상치약개장지원과이부분역사회공학은꼭
p04_u87,p04,taps_s160,이상형가장은공주위에입소비집몇평을준비중으로상시합예상지원과이부분도학생회로기억사회생활공원에서
p04_u87,p04,ce_visible,이박류과정은공급한게입구플랫폼을준비로약배증견과미국하고깐으로여아왜공원하겠다.
p04_u87,p04,ce_invisible,"경제가장은공수위에지플래폼을준비중으로상치약개장이런거이북상으로뛰어, 사회공학이니까."
p04_u88,p04,taps,한번지면코로나일구와유가인상동허송인자연도에어려움이쭉공연때문에올해도공급해일반인장소위주고
p04_u88,p04,ce,코로나일루와유까인당공인미과용될어려움이쭉배고있는상황일까만해. 그래너공급해금돼할인방출을위대하고있다.
p04_u88,p04,ce_s40,암튼이런코로나일루와유까인강공인미과용될어렵빼고있는상황일까만해. 그래너공급해괜찮다할인비앙그거위대하고있다.
p04_u88,p04,ce_s80,한편이런코로나일구와유까인강공원될어려움이쭉배고있는상황을가만에너공급해괜찮다할인경비유도하고있다.
p04_u88,p04,ce_s160,암튼이런코로나일루와유까인당공인업에어려운입구있는상황을가면은그래너공급해할인당걸위대하고있다.
p04_u88,p04,taps_s80,"한편기능코로나일구와유가인상공소상공인자연에어름이있었고는상황이기때문에올해도공급해, 십퍼센트할인장"
p04_u88,p04,taps_s160,한지현코로나일구와유가인상동허송공인자영업자의어려움이쭉보는상황인것만에올해도공급해일반할인장을위하고
p04_u88,p04,ce_visible,코로나일루와유까인당공인미과용될어려움이쭉배고있는상황을가만에너공급해할인방출을위대하고있다.
p04_u88,p04,ce_invisible,한번지면코로나일구와유가인상동허송인자연도에어려움이쭉공연때문에올해도공급해일반인장소위주고
p04_u89,p04,taps,
p04_u89,p04,ce,이씨는첫날돼지아따고이제위원을굿따고허벅지내수당하고발겄다.
p04_u89,p04,ce_s40,끝날집아고시위원을갔다고허벅지내수당따고배웠다.
p04_u89,p04,ce_s80,62년전날십아고시계위원을그때하고 7시에대수정바꿀라고바꿨다.
p04_u89,p04,ce_s160,22일즈는첫날돼지아고시백위원을그때하고반포유수니네쓰던방썼다고발겄다.
p04_u89,p04,taps_s80,
p04_u89,p04,taps_s160,
p04_u89,p04,ce_visible,이씨는첫날돼지맞다고이게위원을굿따고허벅지내수당하고발겄다.
p04_u89,p04,ce_invisible,
p04_u90,p04,taps,1968년제초발성된반포유수지는유수시설과함께이천원형부터반고중화동장으로이용되어왔다.
p04_u90,p04,ce,960년대초결장된반쪽이는 6개월시달과함께이천원장부터반고정할동정으로영배가왔다.
p04_u90,p04,ce_s40,968년된반쪽이는 6급시설과함께이천원부터반고정압담당.
p04_u90,p04,ce_s80,백육백안정부앞고종합운동장왔다.
p04_u90,p04,ce_s160,960년반육일은육교시설과함께 2종은다만보증합공동장으로영배왔다.
p04_u90,p04,taps_s80,1968년제초 1등된반포유수지는유수시설과함께 2천원형부터반포정과운동장으로이용되고왔다.
p04_u90,p04,taps_s160,1968년제초발성된반포유수지는유수시설과함께이천원형부터반포정화군동장으로이용되고왔다.
p04_u90,p04,ce_visible,960년대초결장된반쪽이는 6개월시달과함께이천원장부터반고정할동정으로영배가왔다.
p04_u90,p04,ce_invisible,1968년제초발성된반포유수지는유수시설과함께이천원형부터반고중화동장으로이용되어왔다.
p04_u91,p04,taps,동해
p04_u91,p04,ce,62년생육과를동해육십구만을일부께요복습구걸하는방에대한찍는걸바른바있다.
p04_u91,p04,ce_s40,이번주일에 16화솔직히미안해병에 69는 19개옥탑수권리파는방에대한찍는게바른바있다.
p04_u91,p04,ce_s80,이번주일은내가 16화미원을동해국밥을일부께요옥탑수권리파는방에대한찍는걸바른바있다.
p04_u91,p04,ce_s160,이번년내 16I를통해국밥을일부께요옷값피부과를권립하는방에대한찍는바있다.
p04_u91,p04,taps_s80,동시 2월동에
p04_u91,p04,taps_s160,22일동에수직
p04_u91,p04,ce_visible,62년생육과를동해육십구만을일부께요복습구걸하는방에대한찍는걸바른바있다.
p04_u91,p04,ce_invisible,동해
p04_u92,p04,taps,이번주민에서공공기설이추가수강피로성과기니느이거는건축면접때위에묶여있고
p04_u92,p04,ce,이번주이번에마냥민족왼쪽왼쪽흘리니까.
p04_u92,p04,ce_s40,이번주면왕이마냥민족왼쪽맨끝.
p04_u92,p04,ce_s80,이번주면에서공군일휴가나온거야이번에마냥쪽면접.
p04_u92,p04,ce_s160,이번주온거야이번에마녀.
p04_u92,p04,taps_s80,이번주미에서공공식개설이추가행키러성고디느의견을반영해서건축면접때위에봇게면접을늘렸다.
p04_u92,p04,taps_s160,이번주미에서공공식기술이추가수강피로성과기니는이글을다녀야건축면접칵테일위에복귀의면접을늘렸다.
p04_u92,p04,ce_visible,이번주안구이번에마냥민족왼쪽왼쪽.
p04_u92,p04,ce_invisible,이번주민에서공공기설이추가수강피로성과기니느이거는건축면접때위에묶여있고
p04_u93,p04,taps,유수지본기능인방개성돼없는범인내에서주민의접근성과미용펜있어은일이범프였다.
p04_u93,p04,ce,이그보는기능은왕배정이없는범위내에서주민이납끊던가이런편의성이연예비넘겨었다.
p04_u93,p04,ce_s40,이그보는기능은왕배당이없는법인대해서주민이납금안과유형팬도였다.
p04_u93,p04,ce_s80,이그보는기능은왕배당이없는법인대해서주민이겪었던거유형팬일연구비건드렸다.
p04_u93,p04,ce_s160,6시보는기능은강좌앙릉에기장이없는범위내에서주민이갑끊던가이런편의당이연미리공부했다.
p04_u93,p04,taps_s80,유수지본기능인방개성능에기장이없는범인내에서주인의접근성과미용편의성에대해은일이넘든지.
p04_u93,p04,taps_s160,유수지본기능인방개성능에기장이없는범인내에서주민의접근성과미용펜있어에대해은일이넘다.
p04_u93,p04,ce_visible,이그보는기능은왕배경이없는범위내에서주민이납끊던가이런편의성이연예비넘겨었다.
p04_u93,p04,ce_invisible,유수지본기능인방개성돼없는범인내에서주민의접근성과미용펜있어은일이범프였다.
p04_u94,p04,taps,이번에지물이가통과되면나랑 6개이북을복귀하며볶아립하는건지금
p04_u94,p04,ce,이번기회가통과되라이국이네일부구간을묶여볶아줄수를건립하는것이가능해졌다.
p04_u94,p04,ce_s40,이번주믄따라유급이네 1부간을묶여볶아줄수를건립하는것이가능해졌다.
p04_u94,p04,ce_s80,이번주미가통과되라이국이네일부관을복백하여볶아주기서를건립하는것이가능해졌다.
p04_u94,p04,ce_s160,이번주무가통과되러 6이네 1부간을묶여볶아줄수를건립하는것이가능해졌다.
p04_u94,p04,taps_s80,이번에하는건있네.
p04_u94,p04,taps_s160,이번에시무기가통과되면나랑 6수기네 1부공연을보게아니요볶아립하는건지금
p04_u94,p04,ce_visible,이번기회가통과되라이국이네일부구간을묶여볶아줄수를건립하는것이가능해졌다.
p04_u94,p04,ce_invisible,이번에지물이가통과되면나랑 6개이북을복귀하며볶아를건립하는건이번에나와.
p04_u95,p04,taps,구체적인책걷니까언니를또식업리터는그쪽에서진행할예정다.
p04_u95,p04,ce,구체적인거니까런닝비로한도시만리계획은어쩌네말릴것이다.
p04_u95,p04,ce_s40,구체적인거니까은지랩이랑또안내끔.
p04_u95,p04,ce_s80,그니까만일만기계끔해서진행할려다.
p04_u95,p04,ce_s160,구체적인거니까런닝에필요한또식만일계획은  어쩌네말릴겁니다.
p04_u95,p04,taps_s80,구체적인책권니까언니를토시권리계획은그쪽에서진행할예정이야.
p04_u95,p04,taps_s160,구체적인책걷니까언니를그런도시건이에꿈은서쪽에서진행할예정다.
p04_u95,p04,ce_visible,구체적인거니까런닝비로한도시만리계획은어쩌네말릴것이다.
p04_u95,p04,ce_invisible,구체적인책걷니까언니를권리계획은그쪽에서진행할예정다.
p04_u96,p04,taps,"이수기방들성능, 충족함과동시에기억피로시설인회계시설을설정함으로써주민들이삶을지상상의기어에공이래."
p04_u96,p04,ce,6 방에성대중력함과동시에역 1월주인해줄수를뺄때함으로써주민들을항상해것좀비벼준다.
p04_u96,p04,ce_s40,6 방에성대성적항과통역 1월주인해줄수를뺄때함으로떠주면떨면주일항상해요할것으로기별된다.
p04_u96,p04,ce_s80,6 방에성능을충족함같은것주 6키로짜리는백수를깔지암으로떠주면떨면주일항상에비하할것좀기대된다.
p04_u96,p04,ce_s160,6 방에박는성적같은역 1월시설이외국시설을할지함으로써주민들을항상이래된다.
p04_u96,p04,taps_s80,"유수기방재성능, 충족함과동시에기억피로지설인헤서를살지함으로써주민들이삶을지상상의기어할거좀기대된다."
p04_u96,p04,taps_s160,"이수기방재성능, 충족함과동시에지역피로시설인회액시설을설짐으로써주민들이삶을지상상의기어일거좀기대된다."
p04_u96,p04,ce_visible,6 방에성대중력함과동시에역 1월주인액시저를뺄때함으로써주민들을항상해것좀기대된다.
p04_u96,p04,ce_invisible,"이수기방들성능, 충족함과동시에기억피로시설인회계시설을설정함으로써주민들이삶을지상상의기어에공이래."
p04_u97,p04,taps,수도권메리트반리공사는폐기물반입기장을간소에폐기물처리기간을산속한다고 26일발이었다.
p04_u97,p04,ce,메리발리근간에배배금일발음출당을간건아예배금일빠르게간에산쪽간다고 66일발겼다.
p04_u97,p04,ce_s40,메리발리국간은배금일발음출당을간품하에배그간에단축한다고 56일발겼다.
p04_u97,p04,ce_s80,건네비발리국간은배금반입기당을가능해배경을바리기간에단축한다고 56일발겼다.
p04_u97,p04,ce_s160,건네밑줄발리근간은배금을반입기당을간건아예배금일기간을산쪽간다고 26일발겼다.
p04_u97,p04,taps_s80,수도권메리트발이고나는회배임을반입기장을가는배경을차리기한을한적한다고 26일날.
p04_u97,p04,taps_s160,수도권메리트발리공사는배임반액 2점을가는쪽한다고 26일날갔다.
p04_u97,p04,ce_visible,메리발리근간에배배금일발음출당을간건아예배금일빠르게간에단축한다고 26일발겼다.
p04_u97,p04,ce_invisible,수도권메리트반리공사는폐기물반입기장을간소에폐기물처리기간을산속한다고 26일발이었다.
p04_u98,p04,taps,"매직공사는퇴근이사회를열고매립지, 패딩을다닐때나는상호차리기상계정안을의견을다"
p04_u98,p04,ce,외력쪽공사는적인열고무조건내입백인의반입되니까나는아무배당하는의견에있다.
p04_u98,p04,ce_s40,메르쭈공사는배경이평이를열고무조건내갓배기반입되면암입구장배정하는의견에있다.
p04_u98,p04,ce_s80,메르트공사는배경이평이를열고무조건내갓배기반입되게관한이모를의견에있다.
p04_u98,p04,ce_s160,메르기공사는폐균이입혀를열고무조건메리배경을반입되니까난아무겨.
p04_u98,p04,taps_s80,매직공사는최근이상해를열고쪼금매립지폐기물단일등에관한상무차배정하느라의견을다
p04_u98,p04,taps_s160,매립지공사는퇴근이사회를열고미리집해김포다닐때나상무차배정하느의견을다
p04_u98,p04,ce_visible,외력쪽공사는흑인입병을열고조건내리이백인의반입되니까나는아무배당하는의견에있다.
p04_u98,p04,ce_invisible,"매직공사는퇴근이사회를열고매립지, 패딩을다닐때나는상호차리기상계정안을의견을다"
p04_u99,p04,taps,기존에자리는공사운영비원에주민등록 14놔. 이번해장으로관련자격증따.
p04_u99,p04,ce,이번에왜배기무를처리하려면에비공인아운영비아네중인배조민장쉴따가필요하니까따로넣다.
p04_u99,p04,ce_s40,이번에왜배기무를처리하려면에비공사운영비아네중인배조연장쉴따가필요하면결제가따로없다.
p04_u99,p04,ce_s80,이번에왜배기절이야아니면에비공사운영비원에주민배환필라테로했드나이번주장으로관련결재가따로있다.
p04_u99,p04,ce_s160,이번에그배기무를절에아니면에비공인과운영비안에종인배연장쉴따가필요하잖아이번에교정으로관련별자가따로있다.
p04_u99,p04,taps_s80,이번에는공사 5년기전에국민대현장실습이나와이번주관련자격증
p04_u99,p04,taps_s160,기존에배기를자리아니면공아운영비원에주민등이현장실습이라해야되나이번계정으로관련자격증따.
p04_u99,p04,ce_visible,이번에왜배기무를처리하려면에비공인아운영비아네중인배조민장쉴따가필요하니까따로따.
p04_u99,p04,ce_invisible,기존에자리는공사운영비원에주민등록 14놔. 이번해장으로관련자격증따.
p21_u00,p21,taps,"연인의사진을둘의화가나, 당구술집에불을줄일려고한 50대남성이경찰에간거랬다."
p21_u00,p21,ce,연인의가진맥주나건구술집에줄이다고한 5대남성이광탈에건거랬다.
p21_u00,p21,ce_s40,연인의맞은화나광고술집에줄이다고한 5대남성이광탈을간거랬다.
p21_u00,p21,ce_s80,연인의맞은맥주나건구술집에줄이다고한 5대남성이광탈에관거랬다.
p21_u00,p21,ce_s160,연인의가진맥주나건구술집에줄이라고한 5대남성이광탈을간거랬다.
p21_u00,p21,taps_s80,"연인의자전을둘에화가나, 당구술집에불을줄일려고한 50대남성이경찰에간거랬다."
p21_u00,p21,taps_s160,"연인의사진을둘에화가나, 당구술집에불을줄일려고한 50대남성이경찰에간거랬다."
p21_u00,p21,ce_visible,연인의가진맥주나건구술집에줄이다고한 5대남성이광탈에건거랬다.
p21_u00,p21,ce_invisible,"연인의사진을둘의화가나, 당구수집에불을줄일려고한 50대남성이경찰에간거랬다."
p21_u01,p21,taps,광주동북경찰서는현주건조물방황예비등 3위로 50대남성애시를셀프했다고 6일에바꼈다.
p21_u01,p21,ce,광주광활병원은현규예비군 3위로 5 때남성에이스를취뽀했다고 6일버셨다
p21_u01,p21,ce_s40,동국에서는현주공동을방한예비등록해남성얘기를했다고 6일벌었다.
p21_u01,p21,ce_s80,광주공구에서는현주공동을방한예비등록금 A 제로태어했다고 6일버셨다
p21_u01,p21,ce_s160,현규예비등록해보겠다고 6일벌겠다.
p21_u01,p21,taps_s80,광주동북경찰서는현주건동물방황예비등 3위로 50대남성에씨를세포했다고 6일에바꼈다.
p21_u01,p21,taps_s160,광주동보경차서는현주건동물방황예비등 3위로 50대남성애씨를체포했다고 6일에바꼈다.
p21_u01,p21,ce_visible,광주공부할거는현주운전을방한예비군 3위로 5 때남성에이스를취뽀했다고 6일벌겠다.
p21_u01,p21,ce_invisible,광주동북경찰서는현주건조물방황예비등 3위로 50대남성애시를셀프했다고 6일에바꼈다.
p21_u02,p21,taps,에이씨는지난 2후 1시 30분쯤봉구한노래호래불을지르려고한 3미를받는다.
p21_u02,p21,ce,A는면단위에오고좀노예보도없는데
p21_u02,p21,ce_s40,A는일단의고증온거군노들고있는데
p21_u02,p21,ce_s80,A는일단의류없고농구한노되고한노래
p21_u02,p21,ce_s160,A는면일오고 30분든농구한노들고한두
p21_u02,p21,taps_s80,에이씨는지난 2후 1시 30분쯤봉구한노령에불을지르려한 3미를받는다.
p21_u02,p21,taps_s160,에이씨는지난 2후 1시 30분쯤봉구한노령에불을지르려고한 3미를받는다.
p21_u02,p21,ce_visible,A는일단의오고든노들고있는데
p21_u02,p21,ce_invisible,에이씨는지난 2후 1시 30분쯤봉구한노래호래불을지르려고한 3미를받는다.
p21_u03,p21,taps,은은인하문제이든슈트리터짜리텀을챙겨들고노레오입구에서영화수작을기다리면서성에다가목격자에신고를받은경찰이출동하자달아놨다.
p21_u03,p21,ce,우리는이다분끼리좀스쿨릭퍼달이똥을뺏겨들고노레오입고해서영업빠르면수송에다가목격달쓴거를받음강사를교통받다달아놨다.
p21_u03,p21,ce_s40,그는이다분줄이든스쿨릭퍼짜리폰을뺏겨들고노레오입고해서영업 300 기다리면썼상에다가 5 극달손꽂을받으면강사를교통받아달아놨다.
p21_u03,p21,ce_s80,그면인다문제이좀스쿨릭퍼짜리폰을풍겨들고노래오입고해서영업빠르게날이면수정에다가목격달끊고받으면강사를순마다달아놨다.
p21_u03,p21,ce_s160,우리는인다문제이지금스쿨릭퍼짜리똥을뺏겨들고노레오입고해서영업빠르면수송에다가목격달손꽂을받으면강출아놨다.
p21_u03,p21,taps_s80,은은인하문제이든수출리터짜리통을챙겨들고노레오입구에서영화수작을기다리며서성에다가목격자에신고를받은경찰이출동하다.
p21_u03,p21,taps_s160,굳은인하문제이든스콜리터짜리통을챙겨들고노레오입구에서영화수작을기다리면서성에다가목격자에신고를받은경찰이출동하다갈아놨다.
p21_u03,p21,ce_visible,우리는이다문제이좀스쿨릭퍼달이똥을뺏겨들고노레오입고해서영업빠르면수송에다가목격달쓴거를받음강사를교통받다달아놨다.
p21_u03,p21,ce_invisible,은은인하문제이든스츄리터짜리텀을챙겨들고노레오입구에서영화수작을기다리면서성에다가목격자에신고를받은경찰이출동하자달아놨다.
p21_u04,p21,taps,전날오후 1시쯤에는해당노령으로다시타다가영업을방해하면소란을피웠다.
p21_u04,p21,ce,옛날노면은일단노래를하다가영업을방해하면코란을뽑았다.
p21_u04,p21,ce_s40,맨날노부한개면은일단노래를하다가영업을방해하면란을뽑았다.
p21_u04,p21,ce_s80,근데오후한시쯤에는일단노래를다시하다가영업을방해하면  불안을뚫었다.
p21_u04,p21,ce_s160,맨날오후한학기면은일단노래를다시하다가영업을방해하면뽀란을뚫었다.
p21_u04,p21,taps_s80,전날오후 1시쯤에는해당노령으로다시타다가영업을방해하면소란을피웠다.
p21_u04,p21,taps_s160,전날오후 1시쯤에는해당노령으로다시타다가영업을방해하면소란을피웠다.
p21_u04,p21,ce_visible,옛날노면은일단노래를하다가영업을방해하면코란을뽑았다.
p21_u04,p21,ce_invisible,전날오후 1시쯤에는해당노령으로다시타다가영업을방해하면소란을피웠다.
p21_u05,p21,taps,부사교육과그냥연인이해당노령을해서다른사람들과자주술을마신다는이유로이런행동을버린것으로들어놨다.
p21_u05,p21,ce,결과는연인이랑노폐물에서다른사람들과다수를맞춘다는이유로이런행동을버리는거수로들어놨다.
p21_u05,p21,ce_s40,결과는연인이랑노폐물에서다른사람들과자주술을맞춘다는이유로이런행동을버리는거수로들어놨다.
p21_u05,p21,ce_s80,결과는연인이랑노랫을해서다른사람들과자주술을맞춘다는이유로이런행동을거르는거수로줄여놨다.
p21_u05,p21,ce_s160,결과는연인이해당노령을해서다른사람들과자주술을맞춘다는이유로이런행동을버리는거로들어놨다.
p21_u05,p21,taps_s80,부사교육과그는연인이해당노령을해서다른사람들과자주술을마신다는이유로이런행동을버린것으로들어놨다.
p21_u05,p21,taps_s160,부사교육과그는연인이해당노령으로해서다른사람들과자주수를맡은다는이유로이런행동을버린것으로들어놨다.
p21_u05,p21,ce_visible,결과는연인이랑노폐물에서다른사람들과다술을맞춘다는이유로이런행동을버리는거수로들어놨다.
p21_u05,p21,ce_invisible,부사교육과그냥연인이해당노령을해서다른사람들과자주술을마신다는이유로이런행동을버린것으로들어놨다.
p21_u06,p21,taps,경찰은태프영장을발부받아복비중이던에이씨를이날로점붙잡았으면국제적인번행을파악의구속영장을신청할방식이다.
p21_u06,p21,ce,
p21_u06,p21,ce_s40,
p21_u06,p21,ce_s80,
p21_u06,p21,ce_s160,
p21_u06,p21,taps_s80,경찰은태프영장을발부받아복비중이던에이를이날로그장뽑다봤으면국제적인번행방이를파악의구속영장을신청할방식이다.
p21_u06,p21,taps_s160,경찰은태프영장을발품받아. 복귀중이던에이를이날로그전부터봤으면국제적인번행방이를파악에구속영장을신청할방법
p21_u06,p21,ce_visible,
p21_u06,p21,ce_invisible,경찰은태프영장을발부받아복비중이던에이씨를이날로점붙잡았으면국제적인번행을파악의구속영장을신청할방식이다.
p21_u07,p21,taps,언론중대위원의여전국이 26일전북에보본사를방문해알아주는유용한언론쟁이라는주제로강의했다.
p21_u07,p21,ce,언론중대의원의여전국사당이 26일영국에보본사를간건해. 알아두면요령한언론중병이라는주내로방이겠다.
p21_u07,p21,ce_s40,언론중대위원회여동국공산고당이 26일전국에보본사를간건해. 알아두면요령한언론중대는그대로방이겠다.
p21_u07,p21,ce_s80,언론중대위원회여동국공산고당이 26일전국에보본사를간건해. 알아들면요령한언론붕대는그대로방이겠다.
p21_u07,p21,ce_s160,언론중대위안에여동외국사문고당이 26일전국일보본사를간거네. 알아들면요령한언론중병이라는게있다.
p21_u07,p21,taps_s80,언론중대위원의여전국장이 26일전북에보본사를방문해알아주는유형한언론쟁이라는주제로강의했다.
p21_u07,p21,taps_s160,언론중대위원의여전국장이 26일경북대보본사를방문해알아주는유형한언론쟁이라는주제로강의했다.
p21_u07,p21,ce_visible,언론중대의원의여전국사당이 26일전북에꼭본사를간건해. 알아두면요령한언론중병이라는주내로방이겠다.
p21_u07,p21,ce_invisible,언론중대위원의여전국이 26일전북에보본사를방문해알아주는유용한언론쟁이라는주제로강의했다.
p21_u08,p21,taps,정부일부임직원뭐그룹이라명령댄이번에강의는본사직원 30명을대상으로진행됐다.
p21_u08,p21,ce,왕복이꼭민주건육교숍이다명지원강의는공사직원 30명을대상으로진행됐다.
p21_u08,p21,ce_s40,왕복이꼭민규관목기숍이다명의는 30명을대상으로진행됐다.
p21_u08,p21,ce_s80,왕복에꼭인규건목도명령전이는문과짓기한수준명을재관으로진행됐다.
p21_u08,p21,ce_s160,왕복이꼭민규건높이숍이랑명령전이는공사직원 30명재단으로진행됐다.
p21_u08,p21,taps_s80,영북일보인지건뭐그룹이라명령댄이번에강의는본사직원 30명을대상으로진행됐다.
p21_u08,p21,taps_s160,전국일보인지건뭐그룹이라명령댄이번강의는본사직원 30명을대상으로진행됐다.
p21_u08,p21,ce_visible,왕복이꼭민주건모기숍이다명지원강의는공사직원 30명을대상으로진행됐다.
p21_u08,p21,ce_invisible,정부일부임직원뭐그룹이라명령댄이번에강의는본사직원 30명을대상으로진행됐다.
p21_u09,p21,taps,경북대표일간지경북일모아언론중재위언에간에구류는물론주사블통에성혹한긍정적영향그주기곡동이다.
p21_u09,p21,ce,일반국에원룸에가있고일본가는중국영위목적이지.
p21_u09,p21,ce_s40,영국에뭐언론중대의원회간에의류는물론일본간중국영향목적이지.
p21_u09,p21,ce_s80,영국중에영국이뭐야언론중대의견에간에의류는물론일본간중국영향두개목적이지.
p21_u09,p21,ce_s160,영국에뭐언론중대의원회간에의료는물론일본간중국영향목적이지.
p21_u09,p21,taps_s80,경북대표일간지경북일모아언론중재위언에간에구류는물론질문을통해성우관긍정적영향그주기곡적이다.
p21_u09,p21,taps_s160,경북대표일간지경북일모아언론중재위언에간에구류는물론주사를통해성우관긍정적영향그주기곡적이다.
p21_u09,p21,ce_visible,일반국에원룸에가있고일본가는중국영위목적이지.
p21_u09,p21,ce_invisible,경북대표일간지경북일모아언론중재위언에간에구류는물론주사블통에성혹한긍정적영향그주기곡동이다.
p21_u10,p21,taps,방이는영애효선에주어중점후상권집에언론중재위원회흔으로진행됐다.
p21_u10,p21,ce,아니는영인이패권의 2어종땀권론중대의원에손으로주면됐다.
p21_u10,p21,ce_s40,아니는영인이패권의 2어종건쌤이언론중대의원에손으로주면겠다.
p21_u10,p21,ce_s80,아니는영인이사건의두려워동까상권땜에언론중대의원에폰으로주면됐다.
p21_u10,p21,ce_s160,아니는영인이패권의 2어종땀권론중대의원에순으로진행이됐다.
p21_u10,p21,taps_s80,강인은영애훼손해주여중점후상권집메드나결론중재위원회순으로진행됐다.
p21_u10,p21,taps_s160,당일은영애훼손해주거중점후상권집매드는물론중대위원회흔으로진행됐다.
p21_u10,p21,ce_visible,아니는영인이패권의 2어종땀권론중대의원에손으로주면됐다.
p21_u10,p21,ce_invisible,방이는영애효선에주어중점후상권집에언론중재위원회흔으로진행됐다.
p21_u11,p21,taps,특히명예훼손과저상권치는부분이실패연중이에서도가장보쁠사례가많았기에대한자세한설명이이뤄졌다.
p21_u11,p21,ce,했지명의회사상건주에그뭐냐실때연주에서도한달에만악주에의외한다회원선생님이러졌다.
p21_u11,p21,ce_s40,했지명의회사상건주에그분이실때연주에서도가장저한애가많았길래이뤄졌다.
p21_u11,p21,ce_s80,했지명예훼손하고한건주에구분이실때원주미에서도가장저사례가많았길래의에대한다회원선생님이뤄졌다.
p21_u11,p21,ce_s160,명예훼손가한건지그분이실때원숭이에서도가장저사람많았기에위에대한다회원세명이이뤄졌다.
p21_u11,p21,taps_s80,특히명예훼손과선생건친해부분이실패연중에서도가장저사례가많았기에대한자세한설명이이뤄졌다.
p21_u11,p21,taps_s160,특히명예훼손과선건친해부분이실제연중에서도가장보사례가많았기에대한자세한설명이이뤄졌다.
p21_u11,p21,ce_visible,했지명의회사건지그분이실때연주에서도한달에만악주에의외한다회원선생님이러졌다.
p21_u11,p21,ce_invisible,특히명예훼손과저상권치는부분이실패연중이에서도가장보풀사례가많았기에대한자세한설명이이뤄졌다.
p21_u12,p21,taps,강사가특정여부가혁신교수로꼽혔으면문소리하는신디얼굴이크고업된경우가퓨처리였나.
p21_u12,p21,ce,안그래도학생여부가학생역으로꼽혔으면은돌이하는씬비는얼굴이끓여업뱅표.
p21_u12,p21,ce_s40,안그래도여부가학생역으로꼽혔으면은돌이하는씬비는얼굴이끓여업뱅표.
p21_u12,p21,ce_s80,안그래도여부가학생역으로꼽혔으면은돌이하는씬비얼굴이급여접긍까외웠다.
p21_u12,p21,ce_s160,안가학생여부가학생족으로꼽혔으면윷놀이하는빈빙얼굴이끓여업뱅그런거과표정이었다고.
p21_u12,p21,taps_s80,강사가특정여부가혁신도서로꼽혔으면문돌이하는신디얼굴이크고접대경우가
p21_u12,p21,taps_s160,강사가특정여부가혁신조로꼽혔으면문소리하는신디얼굴이크고접대경우가  성적이였나.
p21_u12,p21,ce_visible,안그래도학생여부가학생역으로꼽혔으면은돌이하는씬비는얼굴이끓여업뱅표.
p21_u12,p21,ce_invisible,강사가특정여부가혁신교수로꼽혔으면문소리하는신디얼굴이크고업된경우가퓨처리였나.
p21_u13,p21,taps,얼굴외에도전화번호학기다특정할수있는부분에노출력으로신생해야한다고표현했다.
p21_u13,p21,ce,얼굴외에도여러번학교갈수있는부분에노출여부신조어한다고부양했다.
p21_u13,p21,ce_s40,얼굴외에도여러번학교있는부분에노출자무로신주에한다고부여했다.
p21_u13,p21,ce_s80,얼굴외에도여나보다확병할수있는부분에노출자물어신뢰해야한다고교양에따라
p21_u13,p21,ce_s160,얼굴외에도여나보다학교있는부분에노출자물론순수해한다고표현했다.
p21_u13,p21,taps_s80,얼굴외에도전화번호학기다특정할수있는부분에노출력으로신생해야한다고표현했다.
p21_u13,p21,taps_s160,얼굴외에도전화번호학기다특정할수있는부분에노출력으로신생해야한다고교양이다.
p21_u13,p21,ce_visible,얼굴외에도여러번학교갈수있는부분에노출여부신조어한다고부양했다.
p21_u13,p21,ce_invisible,얼굴외에도전화번호학기다특정할수있는부분에노출력으로신생해야한다고표현했다.
p21_u14,p21,taps,묵지작품이영수작동이공개작동이든보안방법도좋아한댔고무엇보다도공익에대한여부가가장크다고강조됐다.
p21_u14,p21,ce,묵시작분이명시작분이공개작동이종구한방법도교환됐고무엇보다도공익에대한옆부가가장깨닫고광주됐다.
p21_u14,p21,ce_s40,묵시닥분이영수짝퉁이공개작동이종구한방법도교환됐고무엇보다도공익에대한옆부가가장깨닫고광주됐다.
p21_u14,p21,ce_s80,묵시작분이영시작중이공개작동이든구한방법도교환됐고무엇보다도공익에대한열부가가장깨닫고광주됐다.
p21_u14,p21,ce_s160,묵시닥분이영수짝퉁이공개작동이든구한방법도교환됐고무엇보다도공익에대한여부가가장깨닫고광주됐다.
p21_u14,p21,taps_s80,묵지작품이영지작품이공개작동이든보안방법도좋아한댔고무엇보다도공익에대한여부가가장크다고강조됐다.
p21_u14,p21,taps_s160,묵지적붕이영수작품이공개작동이든보안방법도좋아한댔고무엇보다도공익에대한여부가가장크다고강조됐다.
p21_u14,p21,ce_visible,묵시작분이명시닥분이공기작동이종구한방법도교환됐고무엇보다도공익에대한옆부가가장깨닫고광주됐다.
p21_u14,p21,ce_invisible,묵지작품이영수작동이공개작동이든보안방법도좋아한댔고무엇보다도공익에대한여부가가장크다고강조됐다.
p21_u15,p21,taps,여동중재위원의되고사무보장은공익보도를위에특정부분에신이하강의도가능하다며인강의시간동안강의임해줘서감사드린다라고말했다.
p21_u15,p21,ce,여동국민대의원의배고사먹어서는공익보드를위해구분에쇼미하는강의도가능하다면쓰던간에의미도말했다.
p21_u15,p21,ce_s40,여동국민대의원의배고사먹고나는공익보드를위해구분에쇼미하는강의도가능하다며공익동안이미용의도금사례를다말했다.
p21_u15,p21,ce_s80,여동구연동되의견을배고사먹고나는공익보드를위해놓니한강의도가능하다며간식간당한강이용의도할인이나왔다고말했다.
p21_u15,p21,ce_s160,여동국민대의원에배구사문보다는공익보도를위에부분에느니한강의도가능하다며강의시간동안강이유미도감사해준다고말했다.
p21_u15,p21,taps_s80,여동중재위원의되고사무보장은공익보도를위에특정부분에신이하강의도가능하다며인강이시간동안강의임해줘서감사드린다라고말했다.
p21_u15,p21,taps_s160,여동중재위원의되고사무보장은공익보도를위에특정부분에신이하강의도가능하다며인강의시간동안강의임해줘서감사드린다라고말했다.
p21_u15,p21,ce_visible,여동국민대의원의배고사먹어서는공익보드를위해구분에쇼미하는강의도가능하다면쓰던간에의미도말했다.
p21_u15,p21,ce_invisible,여동중재위원의되고사무보장은공익보도를위에특정부분에신이하강의도가능하다며인강의시간동안강의임해줘서감사드린다라고말했다.
p21_u16,p21,taps,"한편언론중재위원회는대구산에광주대전에경기강원, 중국전북경남, 대주등에지역상수를두고있다."
p21_u16,p21,ce,항상언론중대위원애는외국왕중외국에왕국왕원한국왕복한대주당열고했지옆음구를두고있다.
p21_u16,p21,ce_s40,약간언론중대위원회는외국왕중외국에왕국왕원한국왕복열고있다.
p21_u16,p21,ce_s80,항상언론중대위원애는외국왕중외국에왕국왕원한국왕복열고있다.
p21_u16,p21,ce_s160,약간언론중대위원애는외국사람왕중외국에왕국왕원한국왕복열곳에역한또래두고있다.
p21_u16,p21,taps_s80,"한편언론중재위원회는대구산을광주대전경기강원,  중국전북강남, 대주등에지역상수를두고있다."
p21_u16,p21,taps_s160,"한편언론중재위원회는대구구산을광주대전경기강원, 중국전북, 경남, 대주등곳에지역상수를두고있다."
p21_u16,p21,ce_visible,항상언론중대위원애는외국왕중외국에왕국왕원한국왕복한대주당열고했지옆음구를두고있다.
p21_u16,p21,ce_invisible,"한편언론중재위원회는대구산을광주대전에경기강원, 중국전북경남, 대주등에지역상수를두고있다."
p21_u17,p21,taps,이개명저부러미주당대표후보가 20일광주에서한여성에쌓인요청을거절하는모습이도착해서온라인에중심으로화제를모으고있다.
p21_u17,p21,ce,이백명더부러면주당보조후보가이 11일광주에서한여성일빠엔교정을거절하는모습이도착해온라인에종으로화질을모으고있다.
p21_u17,p21,ce_s40,이때명부러미수당후보가이 11일광주에서한여성일까인요청을거절하는모습이도착해온라인에종으로화질을모으고있다.
p21_u17,p21,ce_s80,이백명더부러미수당보조후보가이 11일광주에서한여성일까인요청을거절하는모습이포장돼온라인에종으로화질을모으고있다.
p21_u17,p21,ce_s160,이백명더부러면주당보조후보가이 11일광주에서한여성일빠엔교정을거절하는모습이포장돼온라인에종으로화질을모으고있다.
p21_u17,p21,taps_s80,이길명저부러민주당대표후보가 20일광주에서한여성일싸인요청을거절하는모습이도착돼온라인을중심으로화들을모으고있다.
p21_u17,p21,taps_s160,이개명저부러민주당보조후보가 20일광주에서한여성에쌓인요청을걷어라는모습이도착때온라인에중심으로화들을모으고있다.
p21_u17,p21,ce_visible,이백명더부러면주당보조후보가이 11일광주에서한여성일빠엔교정을거절하는모습이도착해온라인에종으로화질을모으고있다.
p21_u17,p21,ce_invisible,이개명저부러미주당대표후보가 20일광주에서한여성에쌓인요청을거절하는모습이도착해서온라인에중심으로화제를모으고있다.
p21_u18,p21,taps,"이후보는이날오후민주당방대평이최고이연후보들의학부, 연설회가열린광주민재중컨베이터센터를찾았다."
p21_u18,p21,ce,이 9 버는인데 5급인주당이런후보들이합병이니까열린강도연주했으니까
p21_u18,p21,ce_s40,일구오는인데 5급인주당 15 이런후보들이합병이니까열린강도연주했던데
p21_u18,p21,ce_s80,이후보는인데 5급인주당 15 이런후보들이합병이니까열린또민주도한다니까.
p21_u18,p21,ce_s160,일구오는인데 5급인구당이있고이런후보들이합병까지열린또연주하고
p21_u18,p21,taps_s80,이후보는이날오후민주당방대평이해고이런후보들의학부연설회가열린광주인데준컴퓨터를찾았다.
p21_u18,p21,taps_s160,이후보는이날오후민주당방대평이최고이연후보들의학둥연소리가열린광주긴데준컨텐츠는센터를찾았다.
p21_u18,p21,ce_visible,이 9 버는인데 5급인주당 15 이런후보들이합병이니까열린강도연주했으니까
p21_u18,p21,ce_invisible,"이후보는이날오후민주당방대평이최고이연후보들의학부, 연설회가열린광주민재중컨베이터센터를찾았다."
p21_u19,p21,taps,이후보가살이다. 뒤에디지자들이몰려들었고그면지지자들과주먹인사를나누거나손을흔들기도했다.
p21_u19,p21,ce,미국같이다찢자들이몰려들었고그뛰자들과주무기사를나누거나했다.
p21_u19,p21,ce_s40,미국같이다찢자들이몰려들었고그뛰자들과주먹기에사다노거나도했다.
p21_u19,p21,ce_s80,미국부가쌀이다액티비찢자들이몰려들었고그뛰자들과주먹기사를나누거나했다.
p21_u19,p21,ce_s160,이부부가쌓여서내리다위에다리몰려들었고그삐자들과주먹기에사료나누거나했다.
p21_u19,p21,taps_s80,이후보가살이다. 뒤에지지자들이몰려들었고그면지지자들과주먹인사를나누고나손을흔들기도했다.
p21_u19,p21,taps_s160,이후보가사회설에다뒤에지지자들이몰려들었고그면지지자드가주먹인사를나누거나손을흔들기도했다.
p21_u19,p21,ce_visible,미국같이다찢자들이몰려들었고그뛰자들과주무기사를나누거나했다.
p21_u19,p21,ce_invisible,이후보가살이다. 뒤에디지자들이몰려들었고그면지지자들과주먹인사를나누거나손을흔들기도했다.
p21_u20,p21,taps,이후보는이날민주당텃밭에광주전남지역에경선투표해서투표율 80 퍼센트에입학하는피를얻으면학생일걸었다.
p21_u20,p21,ce,미국은윗라민구상쪽빠지는방조강남에공성급에서요 80 빠에육박는끓여얻으면
p21_u20,p21,ce_s40,미국은이나민조당받으니까광주강남쪽에공산투표해서그 80 빠엔젤주에 6박 4일얻으면걸었다.
p21_u20,p21,ce_s80,미국은유난민주당광조전남쪽에공산트에서그빠스빠진대육박하는표를얻으면걸었다.
p21_u20,p21,ce_s160,미국은유난민주당빠지는광주전남쪽에공산투표해서그 80 빠센트의육박하는플을얻으면걸었다.
p21_u20,p21,taps_s80,이후보는이날민주당텃밭에광주전남지역에경선투표해서투표율 80 퍼센트에입학하는필요얻으면학생일걸었다.
p21_u20,p21,taps_s160,이후보는이날민주당텃밭에광주전남지역에경선특별해서특출 80퍼센트입학하는필요얻으면걸었다.
p21_u20,p21,ce_visible,미국은며느리왕뚜껑남께속빠질때육박을걸었다.
p21_u20,p21,ce_invisible,이후보는이날민주당텃밭에광주전남지역에경선투표해서투표율 80 퍼센트에입학하는피를얻으면학생일걸었다.
p21_u21,p21,taps,이후보에이날모습은그게디지자들이올린유투브영상에담겼는데여기에는그가쌍이요청을거절하는장면도코딱나.
p21_u21,p21,ce,이후보에있는모습은올리는유급의반격한건데여기에는따른
p21_u21,p21,ce_s40,이후보에있는모습은올린건데여기에는그딸이유턴하고
p21_u21,p21,ce_s80,이후보에이날의모습은왜글뜨자비올린유투브영상에담겼는데여기에는그다따인용을그떠나서강변도있다.
p21_u21,p21,ce_s160,이후보에이날목욕은왜글뜨자들이올린유튜버엉덩이에담겼는데여기에는그니까딸이그떠나서
p21_u21,p21,taps_s80,이후보에이날모습은그게디지자슬이올린유투브영상에담겼는데여기에는그가싸이요청을거절하는장면도코딱도했다.
p21_u21,p21,taps_s160,이후보에이너에모습은그게기자들이올린유투브영상에담겼는데여기에는그가싸이유통을거절하는장면도코딱나.
p21_u21,p21,ce_visible,이후보에있는목록은외국이올린건데여기에는따른
p21_u21,p21,ce_invisible,이후보에이날모습은그게디지자들이올린유투브영상에담겼는데여기에는그가쌍이요청을거절하는장면도코딱나.
p21_u22,p21,taps,구동생사이를입은한여성이가방에서책한권일거네. 이후보에게싸인을요청했다.
p21_u22,p21,ce,동생을입은한여성이가방수환걸후보에게타인의로션했다.
p21_u22,p21,ce_s40,평일을이번한여성이바방에서쭉판걸거네이후보에게타인을요청했다.
p21_u22,p21,ce_s80,한의를입은한여성이바베큐한거네거네이후보에게타인을요청했다.
p21_u22,p21,ce_s160,동생을입은한여성이가방에서셋한거릴거네이후보에게타인을유통맞다.
p21_u22,p21,taps_s80,구동생사이를입은한여성이가방에서책한권일거네. 이후보에게싸인을요정했다.
p21_u22,p21,taps_s160,구동생사이를입은한여성이가방에서책한권을거네. 이후보에게싸인을요청했다.
p21_u22,p21,ce_visible,동생을입은한여성이가방수환걸후보에게타인의느낌이었다.
p21_u22,p21,ce_invisible,구동생사이를입은한여성이가방에서책한권일거네. 이후보에게싸인을요청했다.
p21_u23,p21,taps,이수원은책을받아들고폐지를유심히보더니다시여성에게책을돌려줬다.
p21_u23,p21,ce,이부분을최개받아들고폐지를유심히보더니아여성에꽤걸려줬다.
p21_u23,p21,ce_s40,이부분을소개받아줄거표지를유심히보더니아여성에께뜨게돌려줬다.
p21_u23,p21,ce_s80,이후보는책을받아주고폐지를유심히보더니아여성에게뜨게돌려줬다.
p21_u23,p21,ce_s160,이부분을회개를받아들고패드를유심히보더니아여성에께뜨게돌려줬다.
p21_u23,p21,taps_s80,이후보는책을받아들고표지를유심히보더니다시여성에게책을돌려줬다.
p21_u23,p21,taps_s160,이수원은책을받아주고표지를유심히보더니다시여성에게책을돌려줬다.
p21_u23,p21,ce_visible,이부분을최개받아들고폐지를유심히보더니아여성에꽤걸려줬다.
p21_u23,p21,ce_invisible,이수원은책을받아들고폐지를유심히보더니다시여성에게책을돌려줬다.
p21_u24,p21,taps,이여성은제사싸인을요청했으나이후보는고개를다른쪽으로돌려거부사를표현했다.
p21_u24,p21,ce,이여동은따른요청했구나이부분은의외로다른쪽으로돌려야겠다.
p21_u24,p21,ce_s40,이너는몇명이었구나이부분은요괴를따른쪽으로돌려야겠다.
p21_u24,p21,ce_s80,이여동은빠인을요청했구나이부분은고개를다른쪽으로돌려갖고이빨을표현했다.
p21_u24,p21,ce_s160,이여동은빠인을요청했구나이뻐는다른쪽으로돌려야겠다.
p21_u24,p21,taps_s80,이여성은제사싸인을요청했으나이후보는고개를다른쪽으로돌려거부사를표현했다.
p21_u24,p21,taps_s160,이여성은제사싸인을요청해주나이후보는고개를다른쪽으로돌려거부사를표현했다.
p21_u24,p21,ce_visible,이여성은빠인애를몇명이었구나이부분은의외로다른쪽으로돌려야겠다.
p21_u24,p21,ce_invisible,이여성은제사싸인을요청했으나이후보는고개를다른쪽으로돌려거부사를표현했다.
p21_u25,p21,taps,그러다이후보에옆에있던한남성은회당여성에게손으로액티비시를하고고개를저었다.
p21_u25,p21,ce,그러다가입고에옆에있던한남성은화당이렇게손으로입겠지를하고고개를넣었다.
p21_u25,p21,ce_s40,그러다가이국에옆에있던한남성은회당역에손으로입구플스를하고고개를넣었다.
p21_u25,p21,ce_s80,그러다가이국에옆에있던한남성은회당여성에스스로에플스를하고고개를넣었다.
p21_u25,p21,ce_s160,그러다가이국에옆에있던한남성은회당역에투실을하고고개를넣었다.
p21_u25,p21,taps_s80,그러자. 이후보에옆에있던한남성은회장여성에게손으로액티비시를하고고개를저었다.
p21_u25,p21,taps_s160,그러다이후보에옆에있던남성은회당여성에게손으로 X를하고고개를저었다.
p21_u25,p21,ce_visible,그러다가입고에옆에있던한남성은화당이렇게손으로입겠지를하고고개를넣었다.
p21_u25,p21,ce_invisible,그러다이후보에옆에있던한남성은회당여성에게손으로액티비시를하고고개를저었다.
p21_u26,p21,taps,이구보가싸인을하지않을거애니더이상요청하지말라는위인거스로보인다.
p21_u26,p21,ce,이구복을따인을하지않을거보더니월급몇명한테말했는데올려놓은거
p21_u26,p21,ce_s40,이구복을따인을하지않을거보니거의몇명한테말로는올려논거높이다.
p21_u26,p21,ce_s80,이구복을따인을하지않을거보더니거의빵몇병할때말론거
p21_u26,p21,ce_s160,이구복을다인을하지않을거보더니월급몇명한테말했는데올려놓은걸수도있고
p21_u26,p21,taps_s80,이구보가싸인을하지않을거니더이상요청하지말라는의미인거스로보인다.
p21_u26,p21,taps_s160,이구보가싸인을하지않을거애니더이상요청하지말라는의미인거들어보인다.
p21_u26,p21,ce_visible,이구복을하지않을거보니월몇학년때말로는거
p21_u26,p21,ce_invisible,이구보가싸인을하지않을거애니더이상요청하지말라는위인거스로보인다.
p21_u27,p21,taps,이후보가싸인을겉부한이유는여성이내긴책땡글인거로내기준들은축하고있다.
p21_u27,p21,ce,이후보가따야될거부아니면은여성이매니때문인거로내생각은하고있다.
p21_u27,p21,ce_s40,이후보가따야될거부아니면은여성이매니빽때문인거로내는거는하고있다.
p21_u27,p21,ce_s80,이후보가따야될거부아니면은여성이매니빽빼면은밖으로내는거는하고있다.
p21_u27,p21,ce_s160,이후보가따야될거부아니면은여성이매니때매니  각으로내는거는하고있다.
p21_u27,p21,taps_s80,이후보가싸인을겁부한이유는여성이내린책땡글인거로내기준들은축하고있다.
p21_u27,p21,taps_s160,이후보가싸해는거구한이유는여성이내린책땡글인거로내기준들은선택하고있다.
p21_u27,p21,ce_visible,이후보가따야될거부아니면은여성이매니때문인거로내생각은하고있다.
p21_u27,p21,ce_invisible,이후보가싸인을겉부한이유는여성이내긴책땡글인거로내기준들은축하고있다.
p21_u28,p21,taps,영상에서회장사리정확하게굉장히좋아.  오빠이아니면수당이되기를
p21_u28,p21,ce,어
p21_u28,p21,ce_s40,정확하게입음
p21_u28,p21,ce_s80,정확하게입금했대.
p21_u28,p21,ce_s160,어
p21_u28,p21,taps_s80,영상에서해당세개정확하게보이긴좋아. 굿바이잊으면안인수당이되기를
p21_u28,p21,taps_s160,영상에서세상살기정확하게볼지는힘들지뭐  오빠이이제수정이생기
p21_u28,p21,ce_visible,어
p21_u28,p21,ce_invisible,영상에서회장사리정확하게굉장히좋아.  오빠이아니면수당이되기를
p21_u29,p21,taps,당형그거봐진아는 CDS가한이책은이수고학그게신형인보이제서시에갈등을달았다.
p21_u29,p21,ce,안경에시비버출간이구오학고입증을벌었다.
p21_u29,p21,ce_s40,12월달에이학 5 입고나와.
p21_u29,p21,ce_s80,안경에시비버출간은이국에있고
p21_u29,p21,ce_s160,안경은 2 9 학고입구를얻었다.
p21_u29,p21,taps_s80,당형으로봐. CDS가한이책은이수보학그에신형인보이데서시에갈등을달았다.
p21_u29,p21,taps_s160,당형와단호박사가진아는시디버실간이책은 2수보아그에신형인보이제서시에갈등을달았다.
p21_u29,p21,ce_visible,안경에시비버는 29학이입고나와.
p21_u29,p21,ce_invisible,당형그거사가지난해 CDS가한이책은이수고학그게신형인보이제서시에갈등을달았다.
p21_u30,p21,taps,인주당은장면사가이선시에일방적인수준을담았다며한매금지같은걸신청을했지만버버는일을한바있다.
p21_u30,p21,ce,나는안경을아까 200 쓰다면한액은잇고프순찰을했겠지만어버는 200
p21_u30,p21,ce_s40,나는안까입에일방적인쓰다가한매금씩같은거신청을했지만은 200
p21_u30,p21,ce_s80,나는이일방적인쓰니까한매금씩같은거신청을했지만
p21_u30,p21,ce_s160,나는입에일방적인쓰니까한매금일로순천을했지만
p21_u30,p21,taps_s80,인주당은장면사가이세상에일방적인수당을담았다며한에금지가초고에신청을했지만버버는일을기각한바있다.
p21_u30,p21,taps_s160,인주당은당변호사가이여섯시에일방적인수당을담았다며한에금지같은걸신청을했지만버버는일을한바있다.
p21_u30,p21,ce_visible,나는안경  시에일방적인쓰던매그금있고순평을했겠지만어버는 200
p21_u30,p21,ce_invisible,인주당은장면사가이선시에일방적인수정을담았다며한매금지같은걸신청을했지만버버는일을한바있다.
p21_u31,p21,taps,이송군이주민자치의추례강화는릴레이주민통해를대치로해. 주먹된다.
p21_u31,p21,ce,충분히딱 1박을일년에.
p21_u31,p21,ce_s40,통금이딱이제뚜레쥬광화문을일공일을해주먹든다.
p21_u31,p21,ce_s80,통근이낫지릴레이쯤에일공일을  정도로해주목된다.
p21_u31,p21,ce_s160,충분히광팬은릴레이쯤에일본에먹된다.
p21_u31,p21,taps_s80,이송이주민자치의틀을강원을릴레이주민통해를괜찮히로해주먹된다.
p21_u31,p21,taps_s160,이송군이주민자치의틀을강원을릴레이주민통해를대치로해. 주먹된다.
p21_u31,p21,ce_visible,통권이딱이제뚜레쥬공을밀라잇중에일공일을해주먹든다.
p21_u31,p21,ce_invisible,이송군이주민자치의추례강화는릴레이주민통해를대치로해. 주먹된다.
p21_u32,p21,taps,구는시를안사러네주작으로 8월말까지여러개에면에서밀리주민통해를구치한다.
p21_u32,p21,ce,우리는 7일아 8시행거로하루에몇개열여덟개열면에서밀리주면끝.
p21_u32,p21,ce_s40,우리는 12일아 8시로하루에몇개열여덟개열면에서밀리주민등록.
p21_u32,p21,ce_s80,우리는 7일아니출장으로하루에몇가지열여덟개면에서밀레일주면끝주면돼.
p21_u32,p21,ce_s160,우리는 7일아님 8학년수준으로하루를열여덟개열면에서일베잇쯤에고추장
p21_u32,p21,taps_s80,구는시를안서러내수작으로 8월말까지여러개에면에서밀리주민통해를결출한다.
p21_u32,p21,taps_s160,구는시를안사러네수작으로 8월말까지여러개에면에서밀리주민통해를결제한다.
p21_u32,p21,ce_visible,우리는 12일아 8시행거로하루에몇개열여덟개열면에서일레이쯤에
p21_u32,p21,ce_invisible,구는시를안사러네주작으로 8월말까지여러개에면에서밀리주민통해를구치한다.
p21_u33,p21,taps,구민동에는지역구민들이모역기억에일에대해논의하고볼성애는중매국민성이다.
p21_u33,p21,ce,민중에는여맨들이뭐여역에 1에대해논동안은주민이공무원다니다가
p21_u33,p21,ce_s40,명인공에는역인들이뭐여역에 1에대해논동안은주민이공무원다니던
p21_u33,p21,ce_s80,일본에는역인들이뭐여의일에대해논동안은주민이공무원이다.
p21_u33,p21,ce_s160,민중에는역인들이뭐여역에 1에대해논동안은주민이공무원이다.
p21_u33,p21,taps_s80,구민통에는지역주민들이모여지역에일에대해논의하고결정하는중인국문장이다.
p21_u33,p21,taps_s160,구민통에는지역주민들이모였기억에일에대해논의하고볼영화는중인국민장이라.
p21_u33,p21,ce_visible,민중에는여맨들이뭐여역에 1에대해논동안은주민이공무원다니다가
p21_u33,p21,ce_invisible,구민동에는지역구민들이모역기억에일에대해논의하고볼성애는중매국민성이다.
p21_u34,p21,taps,이번주민총예선을 203년주민창역예산사업가기업편한사업을공유하고결정한다.
p21_u34,p21,ce,이번주민통의전에 20분이꾸미면품력이사업을공유하고결정한다.
p21_u34,p21,ce_s40,이번주민통의전에 20분이분이연중요하게해서어몇분이야꼭결성한다.
p21_u34,p21,ce_s80,이번년냐그나한번입고간다.
p21_u34,p21,ce_s160,이번주민에 20분  12년은  하냐공유하고결정한다.
p21_u34,p21,taps_s80,이번주민총회에서는 2013년주민창역에서산사업가기업편한사업을공유하고결정한다.
p21_u34,p21,taps_s160,이번주민총회에서는 2013년주민창록예선사업가기업편한사업을공유하고결정한다.
p21_u34,p21,ce_visible,이번주민통의전에 20분이꾸미면  하냐공유하고결정한다.
p21_u34,p21,ce_invisible,이번주민총예선을 203년주민창역예산사업가기업편한사업을공유하고결정한다.
p21_u35,p21,taps,면주민사치외는지난 1월주민사치의운영계획을수립하는거고설에회의를통해지역편한과들을갈고라고해결방안을못세웠다.
p21_u35,p21,ce,로연은행이면은는 1월음내일은운영법이쓰리판고하루에빼는거라고
p21_u35,p21,ce_s40,으원은행이면은  내년 1월은음요형주에쓰리판고하루에통에역분한거라고왔다.
p21_u35,p21,ce_s80,으원으민이면은 1월음주에운영계획을쓰립판고하루에통에역분한거들에발굴하고후딱방안에뭐학교왔다.
p21_u35,p21,ce_s160,으원은민주면은는 1월음주에운영진획을쓰립하는거고하루에것중에행군한거땜에발꾸라구학교안에뭐학교왔다.
p21_u35,p21,taps_s80,면주민사치외는지난 1월주민사치의운영계획을수립하고설에고친회의를통해지역편한과대를발골고라고해결방안을못해서왔다.
p21_u35,p21,taps_s160,면주민사치외는지난 1월주민사치의운영계획을수립판고차례벌수있는회의를통해지역편한과대를발골고라고해결방안을못새겨왔다.
p21_u35,p21,ce_visible,로연은행이면은는 1월음내일은운영법이쓰리판고하루에빼는거라고
p21_u35,p21,ce_invisible,면주민사치외는지난 1월주민사치의운영계획을수립하는거고설에회의를통해지역편한과들을갈고라고해결방안을못세웠다.
p21_u36,p21,taps,그리고그결과를주민통에안권으로상상와요. 주민등록수량이우선순위를결정할당십이다.
p21_u36,p21,ce,그리고그결과를안건으로상당하용인투표수령이우선순위를결정할방뿐이다.
p21_u36,p21,ce_s40,그리고그결과를안건으로상당하여투표수령이오바순위를결정할방뿐이다.
p21_u36,p21,ce_s80,그리고그결과를좀인분이완건으로상당하여투표씨름이오바순위를결정할방뿐이다.
p21_u36,p21,ce_s160,그리고그결과를좀인분이안건으로상당하용인투표수령이오바순위를결정할방뿐이다.
p21_u36,p21,taps_s80,그리고그결과를주민통에안권으로상상와요. 주민등록수량이우선순위를결정할수입니다.
p21_u36,p21,taps_s160,그리고그결과를주민충이안건으로상성하여주민등록수량이우선순위를결정할방식이다.
p21_u36,p21,ce_visible,그리고그결과를안건으로상당하용인투표수령이우선순위를결정할방뿐이다.
p21_u36,p21,ce_invisible,그리고그결과를주민통에안권으로상상와요. 주민등록수량이우선순위를결정할당십이다.
p21_u37,p21,taps,특히주민등은주민들이직접중인통에현장에서태평하는방식으로운영되며더많은주민이터면  있도록말대로홍보도진행한다.
p21_u37,p21,ce,주민면은주민들이주민등록에현장에서특별한방식으로운영되면어많은주민이꾸미할수있도록말별로홍보도진행한다.
p21_u37,p21,ce_s40,주민면은주민들이주민증에현장에서특별한방식으로운영되면어많은주민이꾸미랄수있도록말별로궁금진행한다.
p21_u37,p21,ce_s80,주민면은주민들이주민증에현장에서특별한방식으로운영되며어많은주민이꾸며서있도록말별로궁금진행한다.
p21_u37,p21,ce_s160,주민면은주민들이주민증에현장에서특별한방식으로운영되면어많은주민이꾸미랄수있도록말별로궁금진행한다.
p21_u37,p21,taps_s80,특히주민등은주민들이직접중1통에현장에서태평하는방식으로운영되면더많은주민이터면  있도록말대로홍보도진행한다.
p21_u37,p21,taps_s160,특히주민등은주민들이직접주민충에현장에서태평하는방식으로운영되며더많은주민이파면할수있도록말별로홍보로진행한다.
p21_u37,p21,ce_visible,주민면은주민들이주민등록에현장에서특별한방식으로운영되면어많은주민이꾸미할수있도록말별로홍보도진행한다.
p21_u37,p21,ce_invisible,특히주민등은주민들이직접중인통에현장에서태평하는방식으로운영되며더많은주민이터면  있도록말대로홍보도진행한다.
p21_u38,p21,taps,그정도주민자지언에이는주민들의행정사여를높이고갓찌재에대한책임을더한다는의미에서주민통에는튀인의미가있는것같고.
p21_u38,p21,ce,주민뷰티인잇기는주민들의행동을높이고갓찌에대한튀김을더한다는의미에서주민등의는튀긴의미가있는것같다오바랬다.
p21_u38,p21,ce_s40,주민갓티비원에이띠는주민들의행동파면을높이고갓찌에대한튀김을더한다는의미에서주민등의는튀긴의미가있는거같다오말했다.
p21_u38,p21,ce_s80,주민갓티비원에이띠는주민들의행동평이를높이고갓찌에대한튀김을더한다는의미에서주민등의는튀긴의미가있는거같다오말했다.
p21_u38,p21,ce_s160,의정부주민등록비한웨이팅은주민들의행동평이를높이고갓집에대한튀김을더한다는의미에서주민충에는웬의미가있는거같다오랬다.
p21_u38,p21,taps_s80,정말주민자치원에있는주민들의행정사멸을높이고왓찌제에대한책임을다한다는의미에서주민충에는엔의미가있는거같고.
p21_u38,p21,taps_s160,정부중인자지원에이찌는구민들에행정사멸을높이고화질에대한책임을더한다는의미에서주민충에는책임의미가있는거같고.
p21_u38,p21,ce_visible,주민뷰티인잇기는국민들의행동평이를높이고갓집에대한튀김을더한다는의미에서주민등의는튀긴의미가있는것같다오바랬다.
p21_u38,p21,ce_invisible,그정도주민자지언에이는주민들의행정사여를높이고갓찌재에대한책임을더한다는의미에서주민통에는튀인의미가있는것같고.
p21_u39,p21,taps,인주소우선은주민초를탕에올라온사업들을재정적으로춥다집어주민들의결정이구체적으로실현될수있도록차선을다하겠다.
p21_u39,p21,ce,저소방군땜에주민등 1등에올라온서정적으로춥다좀해요주민들의결정이최덕으로  따른될수있도록봐야겠다.
p21_u39,p21,ce_s40,저의상문제는올라서적성적으로집받진말주민들의결정이최덕으로  따른될수있도록해야겠다.
p21_u39,p21,ce_s80,저의상문제는올라올수업들을수정적으로주민들의결정이해독으로끓여주있도록해야겠다결정했다.
p21_u39,p21,ce_s160,민수랑군땜에주민등록증에올라온서정적으로춥다좀알려주면교정에최적으로끓여있도록해야겠다.
p21_u39,p21,taps_s80,인조수우성분은주민초래를탕에올라온사업들을재정적으로좋다주민들의교정이구체적으로실현될수있도록하자는당하겠다.
p21_u39,p21,taps_s160,민주수우성분은주민초래를탕에올라온사업들을재정적으로춥다침에주민들에결정이구체적으로실현될수있도록차선타야겠다. 잘했다.
p21_u39,p21,ce_visible,저소방분쯤에주민등 1등에올라온서정적으로춥다좀해요주민들의결정이최덕으로  따른될수있도록봐야겠다.
p21_u39,p21,ce_invisible,인주소우선은주민초를탕에올라온사업들을재정적으로춥다집어주민들의결정이구체적으로실현될수있도록차선을다하겠다.
p21_u40,p21,taps,생간소음에불만을품고혼자사는이층이여성구두지보는스타일에두드리고구어락을둘러그건코심에조장한 30대남성에기다렸다.
p21_u40,p21,ce,그니까소음에불만에꾸미고꼼짝하면있지뭐약간거절이빠레스토드리고 5월하고놀러다니겠다.
p21_u40,p21,ce_s40,그니까소맥있고꼼짝하면있지뭐약간거절이뭐냐빠리스입고올라갖고빼면은한 10대남으니까.
p21_u40,p21,ce_s80,그니까소맥그니까긍정하면있지뭐약간거절이뭐냐빠리스들이오어그러갖고시내고나가면 40대남으니까.
p21_u40,p21,ce_s160,그니까약간워홀하고놀러
p21_u40,p21,taps_s80,생간소음에불만을품고혼자사는이층이여성구조지부는차례주들이고구어락을질러컨시미조장한 30대남성에기다렸다.
p21_u40,p21,taps_s160,생간소음에불만을품고혼자사는이층이여성구조기보는스타일에조드리고구어락을둘러업건코신에조장한 30대여성이니까.
p21_u40,p21,ce_visible,그니까소맥분꾸딱내는있지뭐약간거절이뭐냐빠리스느그 5월하고놀러.
p21_u40,p21,ce_invisible,생간소음에불만을품고혼자사는이층이여성구두지보는스타일에두드리고구어락을둘러그건코심에조장한 30대남성에기다렸다.
p21_u41,p21,taps,광양경찰선을석중범죄에처벌중에가장범률이반흥미로에이씨를입고 13일발표
p21_u41,p21,ce,광명에서는평균반대의커버중이거나봉유리받는후로에스를입고땀이밟혔다.
p21_u41,p21,ce_s40,광명경찰서는폭행권태컵에거나봉일한현미로 actv를입고땀이밟혔다.
p21_u41,p21,ce_s80,광년전은평균컨텐츠커버중이거나봉면현미로에스를입고였다고  13일발표했다.
p21_u41,p21,ce_s160,강릉범죄거는쇼핑번대써발등에거나봉일버해외로 actv를입고수다닐때
p21_u41,p21,taps_s80,광양경찰선을석준범죄스월중에관한법률이더한흥미로에이 1 거였다고 103일발표
p21_u41,p21,taps_s160,광양경찰선을석중범죄터덜에관한법률이반흥미로에이씨를이꺼였다고 10 3일발표
p21_u41,p21,ce_visible,광명에서는평균반대의허벌중에거나봉유리받는후로에스를입고다니겠다.
p21_u41,p21,ce_invisible,광양경찰선을석중범죄에처벌중에가장범률이반유로 act를입고 13일발표
p21_u42,p21,taps,에시는지난 11일오전 4시 10분에한동에현아파해서윗집에거두분이 30 대여서미시에서한 3분의 1 차리두드리는합니다.
p21_u42,p21,ce,에스는그날 119는레시뿜있게한동이한아빠윗집에매거중에 30대여성 60개한것보다 doind 겁니다.
p21_u42,p21,ce_s40,에스는그날 11시 10분있다가한동이화빡돼서미메고한것보다.
p21_u42,p21,ce_s80,에스는그날 1125 om 네시십분있다가윗집에백퍼센트중에한 10배약간윗배한두들이다.
p21_u42,p21,ce_s160,에스는그날 11시 10분있다가한땡아빠매몰하고미메꿨을때약간육십대한것보다
p21_u42,p21,taps_s80,에시는지난 11일오전네시 10분에한동에한아파트에서끼리거린 30대여성미시에서 3만원을차례주들인합니다.
p21_u42,p21,taps_s160,넷이는지난 11일오전 4시 10분에한동에한아홉에서끼리거주비 30 대여서미식에서한 3분의 82인합니다.
p21_u42,p21,ce_visible,에스는그날 119는레시뿜있게한동이화아빠윗매동이빵집배려미스백개행렬보다 doind 겁니다.
p21_u42,p21,ce_invisible,에시는지난 11일오전 4시 10분에한동에현아파해서윗집에거두분이 30 대여서미시에서 3가 42인합니다.
p21_u43,p21,taps,인구를받고출동하는강사를피해자일에장수일단일들을수상받는회계점을발견해서못해선수야.
p21_u43,p21,ce,그르바꾸
p21_u43,p21,ce_s40,
p21_u43,p21,ce_s80,음구를받고예
p21_u43,p21,ce_s160,그르바이
p21_u43,p21,taps_s80,인구를받고 7동안강사를피해자를장수일단일대를수확은회계쪽으로배우기로선수
p21_u43,p21,taps_s160,인구를받고즐동안비해자기를정해서
p21_u43,p21,ce_visible,그르바이
p21_u43,p21,ce_invisible,인구를받고출동하는강사를피해자일에장수일단일들을수상받는회계점을발견해서못해선수야.
p21_u44,p21,taps,이후에이씨는오신여분진오전다쓸게또사실 bc를찾아가도어락을누르기도했다.
p21_u44,p21,ce,미국에이스는 50 저번주인오전할수있게또한 12 집에타다가오라고누르기도했다.
p21_u44,p21,ce_s40,미국에이스는 50 저번주인오전할수있게타다가오라고누르기도했다.
p21_u44,p21,ce_s80,미국에이스는 50 저번주인오전에타다가오라고누르기도했다.
p21_u44,p21,ce_s160,이거에이스는 50 저번주엔오전에또한 12하다가5라고누르기도했다.
p21_u44,p21,taps_s80,이후에이씨는오신여분진오전다샀을때또사실 BC를타다가도어락을누르기도했다.
p21_u44,p21,taps_s160,이후에에이씨는오신여분지인오전타줄게. 또사실 bc를타다가도어락을누르기도했다.
p21_u44,p21,ce_visible,미국에이스는 50 저번주인오전할수있게또한 12하다가 5억을누르기도했다.
p21_u44,p21,ce_invisible,이후에이씨는오신여분진오전다쓸게또사실 bc를찾아가도어락을누르기도했다.
p21_u45,p21,taps,신고를접수하고현장에도착해서전설을아래층상관이서서히는것을확인했다.
p21_u45,p21,ce,친구를어현금먼저확인했다.
p21_u45,p21,ce_s40,친구하고확인했다.
p21_u45,p21,ce_s80,친구하고현금으로확인했다.
p21_u45,p21,ce_s160,친구를어현대문나.
p21_u45,p21,taps_s80,차신고를접수하고현장에도착한전설은아랫팅상관문이서설덮치는것을확인했다.
p21_u45,p21,taps_s160,신고를접수하고현장에도착해서전설은아랫팅상관이서서히는것을확인했다.
p21_u45,p21,ce_visible,친구를어현대문확인했다.
p21_u45,p21,ce_invisible,신고를접수하고현장에도착해서전설을아래층상관문이서서히는것을확인했다.
p21_u46,p21,taps,경찰에주인공에에이신을놨어. 해서고1로호움을일으킨다고생각해. 겁을주기뒤에보능을저질렀다고잘했겠다.
p21_u46,p21,ce,영찰을주인공에에이스는미팅해서오히려호응을미드다고생각해보물주기에보며는저들없다고저래꽂아.
p21_u46,p21,ce_s40,영찰조공에에이스는미팅해서오히려호응을미드다고생각해버불위에보면조들호다고전해꽂아.
p21_u46,p21,ce_s80,영찰을주인공에에이스는미팅해서오히려호응을미루하다고생각해버불위에범인을조들렸다고담배폈다.
p21_u46,p21,ce_s160,양파를쪼금해있진미팅해서오히려호응을미루낀다고생각해. 거불저기보낸을조들호다고전해뿐다.
p21_u46,p21,taps_s80,경찰에주인공에에이신을  위층에서고1로호움을이르킨다고생각해. 겁을주기지에범인을저질렀다고잘했겠다.
p21_u46,p21,taps_s160,경찰에출공의에이신을윗층에서고1로호움을이르킨다고생각해. 겁을주기에변명을저질렀다고잘해야겠다.
p21_u46,p21,ce_visible,영찰을주인공에에이스는미팅해서오히려호응을미드다고생각해보물주기에보며는저들없다고저래꽂아.
p21_u46,p21,ce_invisible,경찰에주인공에에이신을놨어. 해서고1로호움을일으킨다고생각해. 겁을주기뒤에보능을저질렀다고잘했겠다.
p21_u47,p21,taps,서선일도에항상일을걸으면창출을감성할수있는비겠다는양비행다.
p21_u47,p21,ce,한유해한국일을할수있는
p21_u47,p21,ce_s40,어한유노해항공입을거아냐.
p21_u47,p21,ce_s80,어한유노해한국일을한영
p21_u47,p21,ce_s160,어한유노해황금일을한
p21_u47,p21,taps_s80,서선유도에항상일을걸으면정치를감성할수있는비겠다는비행기가조성된다.
p21_u47,p21,taps_s160,서선유도에항상일을걸으면정치를감성할수있는비겠다생대게하면양비행비가  고생다.
p21_u47,p21,ce_visible,한국에한국일을할수있는
p21_u47,p21,ce_invisible,서선일도에항상일을걸으면창출을감성할수있는비겠다는양비행다.
p21_u48,p21,taps,시학년사업은헌혈도보행상금이횡령이도서관사업을수준한다고 26일날.
p21_u48,p21,ce,한경사업무는환율도보잉완금이한명수강글루입고엉터리쓰진않는다고 26일발급했다.
p21_u48,p21,ce_s40,한경또는환율도보잉한병수강글루입고엉터리쓰게나오고 26일바꿨다.
p21_u48,p21,ce_s80,한경또는환율도보행이한명쓰게입고성취업을쓰진않는다고 26일.
p21_u48,p21,ce_s160,한명또는환율도보잉안경이환경후배있고상법쓰시는다고 26일발급했다.
p21_u48,p21,taps_s80,시학년사업은헌혈도상금수상사업을수진한다고.
p21_u48,p21,taps_s160,시학년사업은헌혈도상금행양수상경유성사업을수진한다고 2인
p21_u48,p21,ce_visible,한경사업무는환율도보잉완금이한명수강글루입고엉터리쓰진않는다고 26일발급했다.
p21_u48,p21,ce_invisible,시학년사업은헌혈도보행상금이횡령이도서관사업을수준한다고 26일날.
p21_u49,p21,taps,었다으면통신이더학생행렬로약물이띄우는 1등구상형보인고와시공이터 2층전망대로구성된다.
p21_u49,p21,ce,깨빠르면고양대교는종백퍼센트상태로아무리띄워는 1등교정이랑고양로와야공깃으로비해입증전당제로구상낸다.
p21_u49,p21,ce_s40,빠르면고양대교는종백인터위에  아무리 1등교정이랑고양로와야공깃으로비해입증건당대로그냥낸다.
p21_u49,p21,ce_s80,깨빠르면고양대교는종백퍼센국중국상태로아무리띄운에일등교정용고양로와야공익으로비해있긴전당제로구상낸다.
p21_u49,p21,ce_s160,일빠르면고양대교는종백퍼센트상태로안구리띄워는 1등교정용고양동아야증전당제로구상낸다.
p21_u49,p21,taps_s80,"었다으면송이더학생증행패로약물에띄우는 1등부상형보인고와약 15일터 5, 2층전망대로구성된다."
p21_u49,p21,taps_s160,었다으면통신이더위에복층행렬로약물에띄우는 1층부상형보인과약시공이터로뒤에 2층전망대로구성낸다.
p21_u49,p21,ce_visible,깨빠르면고양대교는종백퍼센트상태로아무리띄워는 1등교정이랑고양로와약공이터로뒤에 2층전광대로그냥낸다.
p21_u49,p21,ce_invisible,었다으면통신이더학생행렬로약물이띄우는 1등구상형보인고와시공이터 2층전망대로구성된다.
p21_u50,p21,taps,고인백팩을따라걸으면항사리도곱게버든상관이시원한물질기를한눈에있고적으로는높이서준북한산까지공항할수있다.
p21_u50,p21,ce,고양대표를따라걸으면한달에도국비버든한강이쓰거나물뜨기를한백도있고쪼그로는높이고있다.
p21_u50,p21,ce_s40,한강
p21_u50,p21,ce_s80,항강이한
p21_u50,p21,ce_s160,고양대표를따라걸으면한화를  것보다든한강이시원한물들기를한눈에볼수있고요구르는높이는한명할수도있다.
p21_u50,p21,taps_s80,고인팩트를따라걸으면한사류도곱게버든상강이 C1기를한눈에있고적으로는높이서준북한산까지공항에서있다.
p21_u50,p21,taps_s160,보인팩트를따라걸으면한사류도곱게버든상관이시원한물들기를한눈에볼수있고적으로는높이서준북한산까지공항할수있다.
p21_u50,p21,ce_visible,고양대표를따라걸으면한달에도국비버든한강이쓰거나물뜨기를한백도있고쪼그로는높이고있다.
p21_u50,p21,ce_invisible,고인백팩을따라걸으면항사리도곱게버든상관이시원한물질기를한눈에있고적으로는높이서준북한산까지공항할수있다.
p21_u51,p21,taps,1층에 2층사이에는바로약신도규모에낙요샌어림을만들계획이다.
p21_u51,p21,ce,일부가이쯤까지애는바로약수까지뭐해납하고랩할때이런거이네만들고얘기다.
p21_u51,p21,ce_s40,일등과 2종따기에는바로납치해이런거만들고르겠다.
p21_u51,p21,ce_s80,일등과이좀따기에는약간랩할때이런거뜨는만들고얘기나와.
p21_u51,p21,ce_s160,일주과이쯤따기에는바로납치해이런거인을만들고
p21_u51,p21,taps_s80,1 친구가 2층사이에는바로약신입투규모에낙수를살짝이제행군을만들계획이다.
p21_u51,p21,taps_s160,1층과 2종사기에는바로교무에낙하미술은사실개인옷링을만들계획이다.
p21_u51,p21,ce_visible,일부가이쯤따기에는바로납하고랩할때이런거찐을만들계획이다.
p21_u51,p21,ce_invisible,1층에 2층사이에는바로약신도규모에낙요샌어림을만들계획이다.
p21_u52,p21,taps,1층보행도한가운데는 2015년이월노후하러가동해준단월드컵수를좋아할용의보형수상결러리를김인다.
p21_u52,p21,ce,1등고등부한정은되면일단 15년그리고노가로고동해월드컵에 2명쓰던계열꾸미는
p21_u52,p21,ce_s40,1등고등부한강은되면일단 15년그리고노가로고동에월드컵에보면수상결제를끊이지.
p21_u52,p21,ce_s80,1등고인도한경은되면일단 15년그리고노가로고동해주는데월드컵쓰레조말론에봄갤러리를끊이다.
p21_u52,p21,ce_s160,"1등고용도한, 이틀은이거노바로고동해주는데월드컵이번 12월중월동에두명쓰잘뿐인다."
p21_u52,p21,taps_s80,1층보행도한가운데는 2015년이월노후하러가동해준단월드컵수를정의보형수상결러리를뿐인다.
p21_u52,p21,taps_s160,1층보행도한가운데는 2015년이월노후가로과동해준단월드컵수를좋아해서용의보형수상결러리를삥인다.
p21_u52,p21,ce_visible,1등고등부한정은되면일단 15년그리고노가로고동해월드컵에 2명쓰던계열끊이다.
p21_u52,p21,ce_invisible,1층보행도한가운데는 2015년이월노후하러가동해준단월드컵수를좋아할용의보형수상결러리를김인다.
p21_u53,p21,taps,구조물내부에는 360도초대형엘리비를설치해시민들이현강위에서다새로운컨센스를죽일수있는고객이다.
p21_u53,p21,ce,뭘내부에는삼백육십도소대랑엘리트를살때팀들이현강미래에서받도록평균수대를두겠노년할얘기다.
p21_u53,p21,ce_s40,뭘내부얘는 360도소재랑얘기들을설때쌤들이현강미래에서받으러현백실을두겠노령연.
p21_u53,p21,ce_s80,뭘내부얘는한명씩도소재랑얘기들을설때쌤들이현강미래에서받으러현장수를두겠노력의예는고백이다.
p21_u53,p21,ce_s160,그러고내부에는삼백육십도소대장일기들은설계쌤들이현강미래에서받으러현백시도록몇년할얘기다.
p21_u53,p21,taps_s80,구동내부에는 360도초대형엘리비를설치해현강이해서아새로운선생술을주겠지노력이있는고객이다.
p21_u53,p21,taps_s160,구동물내부에는 360도초대형엘리비를설치해시민들이현강위에서더새로운컨센스를주겠지노력이있는고객이다.
p21_u53,p21,ce_visible,뭘내부에는삼백육십도소대랑엘리트를살때팀들이현강미래에서받도록평균수대를두겠노년할얘기다.
p21_u53,p21,ce_invisible,구조물내부에는 360도초대형엘리비를설치해시민들이현강위에서다새로운컨센스를죽일수있는고객이다.
p21_u54,p21,taps,갤럭이바닥은강한요리로만들어. 발아래도군수장비를관람할수있다.
p21_u54,p21,ce,일러비바닥은강한역위로만들어도분수장비를관람할수있다.
p21_u54,p21,ce_s40,일러비바닥은강한역위로만들어할수있다.
p21_u54,p21,ce_s80,엘라이바닥은강한역위로만들어본후장제를걸러갈수있다.
p21_u54,p21,ce_s160,일러비바닥에강한역위로만들어본후장제를관람할수있다.
p21_u54,p21,taps_s80,갤럭이바닥은강한요리로만들어? 발아래도군수장비를관련할수있다.
p21_u54,p21,taps_s160,갤러리바닥은강한유리로만들어. 발아래도군수장비를관광할수있다.
p21_u54,p21,ce_visible,일러비바닥은강한역위로만들어도분수장비를관람할수있다.
p21_u54,p21,ce_invisible,갤럭이바닥은강한요리로만들어. 발아래도군수장비를관람할수있다.
p21_u55,p21,taps,군사보들은원영유리테이블라스를통해사람에따라다트로책상을만들어낸다.
p21_u55,p21,ce,그니까모드는원형요리는플랫폼에따라만들어낸다.
p21_u55,p21,ce_s40,그니까모드는원형요리는플랫폼에따라만들어낸다.
p21_u55,p21,ce_s80,그니까모드는원형요리는플랫폼에따라밥을만들어야된다.
p21_u55,p21,ce_s160,모드는원형요리는플랫폼에따라빵을만들어낸다.
p21_u55,p21,taps_s80,군사보들은원형유리테일플랙스클라스를통해따라다트로책상을만들어낸다.
p21_u55,p21,taps_s160,군사보들은원형유리테일플랜트클라스를통해따라다트로책상을만들어낸다.
p21_u55,p21,ce_visible,그니까모드는원형요리는플랫폼에따라만들어낸다.
p21_u55,p21,ce_invisible,군사보들은원영유리테이블라스를통해사람에따라다트로책상을만들어낸다.
p21_u56,p21,taps,상장내작은서민선유도는영화대규에서이어주는장면으로바로진입할수있다.
p21_u56,p21,ce,한강대는꾸며너는영화대교에서이어지는동군으로바로중입할수있다.
p21_u56,p21,ce_s40,한강대는꾸며노는영화대규이어지는동군으로바로진입할수있다.
p21_u56,p21,ce_s80,현강제끊임꾸미노낸영화대규이어지는동군으로바로진입할수있다.
p21_u56,p21,ce_s160,현강제두개끊임꾸미노낸영화대교에서이어지는경문으로바로중입할수있다.
p21_u56,p21,taps_s80,상장내작은서민선여도는영화대규에서이어주는장면으로바로진입할수있다.
p21_u56,p21,taps_s160,상장내작은성인선여도는영화대규에서이어주는장면으로바로진입할수있다.
p21_u56,p21,ce_visible,한강대는꾸며너는영화대교에서이어지는동군으로바로증입할수있다.
p21_u56,p21,ce_invisible,상장내작은서민선유도는영화대규에서이어주는장면으로바로진입할수있다.
p21_u57,p21,taps,양화한강보건에서이어지는보인선혁이를건너서들어갈수도있어복권성이좋다.
p21_u57,p21,ce,양가한강이라도
p21_u57,p21,ce_s40,양가한강두번얘기로
p21_u57,p21,ce_s80,양가한강보건해가지고
p21_u57,p21,ce_s160,양구가한강보건해서이여지는보인손해를건너서들어가도있엉걱정이좋다.
p21_u57,p21,taps_s80,양화한강고원해서이어지는보인선혁이를만나서그럴수도있어복권성이좋다.
p21_u57,p21,taps_s160,양화한강고관에서이어지는본인이현역으로넘어서들어갈수도있어복근성이좋다.
p21_u57,p21,ce_visible,양가한강
p21_u57,p21,ce_invisible,양화한강보건에서이어지는보인선혁이를건너서들어갈수도있어복권성이좋다.
p21_u58,p21,taps,끼는적금성에띄엄하고주정관이우승한선유도를활용해뛰니들이수령문화를퇴험하고끼니를즐길수있는공간을만들게됐다고전했다.
p21_u58,p21,ce,뛰어내고공관이그래서님도꾸준히끼임들이삐벼로표현하고있는공간이만들겠다고했다.
p21_u58,p21,ce_s40,뛰어내고공관이님도꾸준히끼니들이삐벼로표현하고일주일내공간을만들겠다고안했다.
p21_u58,p21,ce_s80,뛰어내고어떤건땀하고일주에도느낄수있는공간이만들겠다고말했다.
p21_u58,p21,ce_s160,뛰어내고물건이그래서찜질도를꾸준히꾸며모자를땀하고일할수있고의견을만들겠다고했다.
p21_u58,p21,taps_s80,끼는접근성이뛰어나고주정관이우승한선유도를활용해 ci들이수령문화를퇴험하고 cc를즐길수있는공간을만들게됐다고전했다.
p21_u58,p21,taps_s160,끼는적금성에뛰어나고주정관이우승한선유도를활용해히니들이수령문화를퇴원하고씨유를즐길수있는공간을만들게됐다고전했다.
p21_u58,p21,ce_visible,뛰어내고공관이그래서님도꾸준히끼임들이벼로표현하고있는공간이만들겠다고했다.
p21_u58,p21,ce_invisible,끼는적금성에띄엄하고주정관이우승한선유도를활용해뛰니들이수령문화를퇴험하고끼니를즐길수있는공간을만들게됐다고전했다.
p21_u59,p21,taps,기존에서울에열한개행간공원에있는방향을수가마이런데있지만수변문화를직접체험할수있는공간은부족했다는진단이다.
p21_u59,p21,ce,이번에열한개그러면끝날수있는거니까
p21_u59,p21,ce_s40,이번에열한개하는거네하고할수있는거니까
p21_u59,p21,ce_s80,이번에여행가입은뭐할수있는그럴때
p21_u59,p21,ce_s160,이번에열한개행론에하고할수있는공인중이지.
p21_u59,p21,taps_s80,기존의서운해열한개행간공원에있는방향을수료가순서가마이런데있지만후병문화를직접체험할수있는공간은부족했다는진단이다.
p21_u59,p21,taps_s160,기존에서운해열한개행간공원에있는방향을수평할순서가말한데있지만후병문화를직접체험할수있는공간은부족했다는진단이다.
p21_u59,p21,ce_visible,이번에열한개하는거네하고할수있는거니까
p21_u59,p21,ce_invisible,기존에서울에열한개행간공원에있는방향을수가마이런데있지만수변문화를직접체험할수있는공간은부족했다는진단이다.
p21_u60,p21,taps,이번에새로보성하는부행장교는한국말로이에설미래에신인들이항상일을갖는신입이래.
p21_u60,p21,ce,이번에로그마난고양이들이환경오일을걷는바9 아님높일수있을곳으로 B형낄때
p21_u60,p21,ce_s40,이번에로도서관은보행반경교는안이해를임용들이한명이라도있고이쁠것이고찐하게했다.
p21_u60,p21,ce_s80,이번에도서관에는고양이반도는안이해할수내일이황당율이걷는것도높게돼있다.
p21_u60,p21,ce_s160,이번에로그마난고양이는바로이해할수내일찜인들이한명을걷는바늘느리게
p21_u60,p21,taps_s80,이번에새로조성하는부행장은당구이게확실해. 팀인들이항상일에받는기분일수록찌는길에.
p21_u60,p21,taps_s160,이번에새로도서관은부행장은당구서로이게사실에신인들이항상일을걷는단기스스로.
p21_u60,p21,ce_visible,이번에로그마난고양이는아무리이해를할때임용들이한명이라도있고이쁠것이고찐하게했다.
p21_u60,p21,ce_invisible,이번에새로보성하는부행장교는한국말로이에설미래에신인들이항상일을갖는신입이래.
p21_u61,p21,taps,올해 6월개를마치고화방기샀고매년말공사를완료하고중인에게지방을봐.
p21_u61,p21,ce,올해 6월 3개월맞추고하방기에맞고매년말공사를완료하고시민에게개방할계획이다.
p21_u61,p21,ce_s40,올해 6월 3개월맞추고하방기에맞고내년말공짜로말려하고희미네개방엘공식이다.
p21_u61,p21,ce_s80,올해 2월 3개월맞추고하방기에맞고내년말공짜로말려하고희미네개방엘공학이다.
p21_u61,p21,ce_s160,올해 6월회계를맞기고화방기맞고내년말공사를말로하고시민에게개방할계획이다.
p21_u61,p21,taps_s80,올해 6월기를마치고화방기샀고매년말공사를완료하고중인게지방을나와.
p21_u61,p21,taps_s160,올해 6월설계를마치고화방기에샀고매년말공사를완료하고중인게지방을계획이다.
p21_u61,p21,ce_visible,올해 6월 3개월맞추고하방기에맞고매년말공사를완료하고시민에게개방할계획이다.
p21_u61,p21,ce_invisible,올해 6월개를마치고화방기샀고매년말공사를완료하고중인에게재방을얘기다.
p21_u62,p21,taps,서울중앙중앙광역건대수사부가 28일 a 평상알리도할방이의학과갈려면강원도지사실과서실등에대상으로아수제진행하고있다.
p21_u62,p21,ce,중환도회의평상아이패드알리오하고있다.
p21_u62,p21,ce_s40,아오리가면 18일회원아하고있다.
p21_u62,p21,ce_s80,아오리회의평상알
p21_u62,p21,ce_s160,회의평상시안하고있다.
p21_u62,p21,taps_s80,서울중앙지권강력건데수사부가 18일해외지그룹에평상알펜시아리조트방에의학과갈려면강원도지사실과서술등록을진행하고있다.
p21_u62,p21,taps_s160,서울중앙지권강력건데수사부가 28일 a 평상알펜시아리조트방에의학과갈려면강원도지사실과서실중에세상으로악수수질진행하고있다.
p21_u62,p21,ce_visible,아 18일회원아하고있다.
p21_u62,p21,ce_invisible,서울중앙중앙광역건대수사부가 28일 a 평상알리도할방이의학과갈려면강원도지사실과서실등에대상으로아수제진행하고있다.
p21_u63,p21,taps,이날일지스무전강원도지사자격과 1지그룹스무세일강원도개발공사중약스노슬아웃수색을한대이어이틀댁살이나선것이다.
p21_u63,p21,ce,한이띠를쓰니까일백으로빠무줄한달정도한대.
p21_u63,p21,ce_s40,일일순데
p21_u63,p21,ce_s80,일일순데
p21_u63,p21,ce_s160,난 11일일본가니까일찍으로빠무줄안한개발공아프긴한데
p21_u63,p21,taps_s80,이날일지스무전강원도지사때과일찍으러사무실강원도개발공사는그냥스무고슬아웃소수색을한대이어이틀댁살이나선곳이다.
p21_u63,p21,taps_s160,그날일찌를칠무선강원도지사때과일찍으로사무실강원도개발공사중무고슬라수색을한대이어이틀씩한거지다.
p21_u63,p21,ce_visible,한이띠를쓰니까일백으로빠무줄한개발되겠더라.
p21_u63,p21,ce_invisible,이날일지스무전강원도지사자격과 1지그룹스무세일강원도개발공사중약스노슬아웃수색을한대이어이틀댁살이나선것이다.
p21_u64,p21,taps,검찰은이날강원도청에검사와수사관을보내. 알펜시아리조트내가아까갈려는분사능을학부한거로알려줬다.
p21_u64,p21,ce,검찰날강원도성당에검사가수사관을보내. 아이팬서트메가박관련한문서증을확정거수로알려줬다.
p21_u64,p21,ce_s40,검찰은이날강원도청정에검사와수사관을보내. 아이필살이조트메바관련한문성을확정것으로알려줬다.
p21_u64,p21,ce_s80,검찰은이날강원도청정에검사와수사관을보내. 아이팬싸리조트메가박관련한문성을확본거로알려줬다.
p21_u64,p21,ce_s160,검찰은이날강원도성당에검사가수사관을보내. 아이필살이조트메갖고갈려면문서증을확정겉으로알려줬다.
p21_u64,p21,taps_s80,검찰은이날강원도청에검사와수사관을보내. 알펜시아리조트내가아까갈려는문서등을확보한거수로알려줬다.
p21_u64,p21,taps_s160,검찰은이날강원도청에검사와수사관을보내. 알펜시아리조트내가아까갈려는문서등을확보한거수로알려줬다.
p21_u64,p21,ce_visible,검찰날강원도성당에검사가수사관을보내. 아이팬서트메가박관련한문성을확정거수로알려줬다.
p21_u64,p21,ce_invisible,검찰은이날강원도청에검사와수사관을보내. 알펜시아리조트내가아까갈려는분사능을학부한거로알려줬다.
p21_u65,p21,taps,"1, 2월 16 화상관리공설식권에"
p21_u65,p21,ce,안혼
p21_u65,p21,ce_s40,해외에유월한그래도바까경쟁이바리깡이안온도기다리고백십오일약
p21_u65,p21,ce_s80,에이티그러면은 6월한그래도가상관릴공아니경제니까강원도개발공카페에한백십오억꺼내.
p21_u65,p21,ce_s160,나는 6월한그래도바빠서갈릭공아예경탱이가리통이강원도배달공부해한백십오억해.
p21_u65,p21,taps_s80,"1, 2월상급하상관리공사이노트를 15학번에."
p21_u65,p21,taps_s160,1위한국사회교대공사를
p21_u65,p21,ce_visible,
p21_u65,p21,ce_invisible,"1, 2월 16 화상관리공설식권에"
p21_u66,p21,taps,"경쟁에헤이에찍으러걔열사만상류회라들었잖아. 헤이에찍으러가, 강원도가서전해조율한게아니면은"
p21_u66,p21,ce,경쟁에삐에찍으러가아무래도파견에고요한게아니면은 5개쪽이랬다.
p21_u66,p21,ce_s40,경쟁에 KFC 코난교육담은플러스삐에찍으러가강원도가파전에고요한게아니면은 5기랬다.
p21_u66,p21,ce_s80,경쟁에 KF 하나개월동안평균에라이에찍으러가강원도가파전에고요한게아니면은 5개쪽이됐다.
p21_u66,p21,ce_s160,경쟁에 a그를파나구했다면평균앞에서 a그릇하고평의고요한게아니면은 5개쪽이됐다.
p21_u66,p21,taps_s80,"동생이이탈에헤이에찍으러걔열사만상류회라들었다. 헤이에찍으러가, 강원도가서전해조율한게아니면은"
p21_u66,p21,taps_s160,동생이이탈에헤이에찍으러가. 헤이에찍으러가강원도가파전해조율한게아니면은
p21_u66,p21,ce_visible,경쟁에삐에찍으러왔다갔다 ELT 그릇밥파든가아니면은오기전이랬다.
p21_u66,p21,ce_invisible,"경쟁에헤이에찍으러걔열사만상류회라들었잖아. 헤이에찍으러가, 강원도가서전해조율한게아니면은"
p21_u67,p21,taps,서울중앙시검은지난달말생선지검으로부터리조트내가할방해하고사건을넣을때마다회사를진행하고있다.
p21_u67,p21,ce,어걔가물어보니까내가학벌을넘겨봐.
p21_u67,p21,ce_s40,어걔가물어보니까알비행기로바꿔야진행하고있다.
p21_u67,p21,ce_s80,월중환도가면지난달말잠깐지가물어보던알비행기알병에로학벌을넘겨봐진행하고있다.
p21_u67,p21,ce_s160,그러면내가하고있다.
p21_u67,p21,taps_s80,"서울중앙시검은지난달말상지검으로부터리조트, 메가사건을넘겨봐. 회사를진행하고있다."
p21_u67,p21,taps_s160,"서울중앙시검은지난달말한 3시간지각으로부터알피지, 리조트내가할방에워사건을넘겨봐. 회사를진행하고있다."
p21_u67,p21,ce_visible,어걔가물어보니까내가학벌넘겨봐.
p21_u67,p21,ce_invisible,서울중앙시검은지난달말생선지검으로부터이조트내가할방해하고사건을넣을때마다회사를진행하고있다.
p21_u68,p21,taps,권찰은입원악수수석을통해확고한자료를부서관디관련자들을소원해. 조사할예정이다.
p21_u68,p21,ce,
p21_u68,p21,ce_s40,이번에확
p21_u68,p21,ce_s80,이번에확보하는
p21_u68,p21,ce_s160,훈련확고한예정을
p21_u68,p21,taps_s80,권찰은입원악수소속을통해확보한자리를부서관디관련자들을소원해보살예정이다.
p21_u68,p21,taps_s160,권찰은입원하고수서글통해확고한자료를부삭간디발령자들을소원해. 조할예정이다.
p21_u68,p21,ce_visible,이번에
p21_u68,p21,ce_invisible,권찰은입원악수수석을통해확고한자료를부서관디관련자들을소원해. 조사할예정이다.
p21_u69,p21,taps,농민주산식품부는 1월부터축산아시로인한불편이우리되는직종관리직서른으로악취저건노력을하는결과기메시에서성과가나타났다고 11일따.
p21_u69,p21,ce,농민따스부분은일월부터수면악기론이나불편이오래된관리직업하는백퍼센트강으로악취사건노력을하는결과는기능시에서상권을만들었다고 21일바꿨다.
p21_u69,p21,ce_s40,농림한 10분은 1월부터불편이고갈리지백오십대전으로악기사건노력을하는결과는일식에서한꺼번에나타났다고 21일바꿨다.
p21_u69,p21,ce_s80,농담식품부는일월부터수많은억지로있는불편이고갈일적을바꿨어아기덕은노력을하는결과는일주일에서빵꾸가나타났다고
p21_u69,p21,ce_s160,농담식품부는 1월부터수면악기로있는불편이오래된관리자수련회로악취적인노력을하는결과는국내시에서상권을나타났다고
p21_u69,p21,taps_s80,농민주산식품부는 1월부터석산억지로인한불편이오래되는직종관리적하루에세곳을대상으로악취적인노력을하는결과는기매시에서성과가나타났다고 11일바꿨다.
p21_u69,p21,taps_s160,농민주산식품부는 1월부터축산억지로인한불편이오래되는직종관리직서른으로악취저감노력을하는결과는기매시에서성과가나타났다고 11일갔다.
p21_u69,p21,ce_visible,농민따스부분은일월부터수면악기론이나불편이오래된관리직업하는백퍼센트강으로악취사건노력을하는결과는기능시에서빵꾸가나타났다고 21일바꿨다.
p21_u69,p21,ce_invisible,농민주산식품부는 1월부터축산아시로인한불편이우리되는직종관리직서른으로악취저건노력을하는결과기메시에서성과가나타났다고 11일따.
p21_u70,p21,taps,농스푼부에따르면엠넷이는특성립트지역마을이장단을포함한지역 bm를구성해중인과동과간가능을해서하려고노력했다.
p21_u70,p21,ce,농수공부에따려면국내피는미끼미역마을이동단을포함한미역키로아님갈등을했고노력했다.
p21_u70,p21,ce_s40,농구에따려면국내는액입역아이당을포함한미역꼽슬이구경해  경영과문과아니면갈등을했고노력했다.
p21_u70,p21,ce_s80,농구에따려면국내는역마을이방단을포함한미역빅조를구정에중양과눈과가는갈등을해봐이러고노력했다.
p21_u70,p21,ce_s160,농식공부에따릉이면용국인담뮤비유학마을이동단을포함한기억에용인과동과가는갈때해봐이러고노력했다.
p21_u70,p21,taps_s80,농수풍부해따릉이는뮤지기억마을이정단을포함한지역페미체를구성해중인과동과간가능을해서하려고노력했다.
p21_u70,p21,taps_s160,농수풍부해따릉리메이션은딴밀집지역마을이동단을포함한지역프비트를구성해중인과동가관가증을해서하려고노력했다.
p21_u70,p21,ce_visible,농수공부에따려면국내피는미끼역마을이동단을포함한미역키로아님갈등을했고노력했다.
p21_u70,p21,ce_invisible,농스푼부에따르면엠넷이는특성립트지역마을이장단을포함한지역 bm를구성해중인과동과간가능을해서하려고노력했다.
p21_u71,p21,taps,"그결과 20년약오천권에서했던특전없지, 인원이인원에이천과올해상반기에는양 350점으로가면되겠다."
p21_u71,p21,ce,그외과 20년약어떤인원이년에이천과우리상반기에는약 300권으로간부했다.
p21_u71,p21,ce_s40,그외과 20년약어떤인원이유난히이천과는우리가상반기에는약 300권으로간부했다.
p21_u71,p21,ce_s80,그외과 20년약어떤인원이유난히이천과는우리상반기일은약한백오십분으로간부했다.
p21_u71,p21,ce_s160,그외가있언야구딴거네발떤합미러니인하대우리상반기에는약국으로간부했다.
p21_u71,p21,taps_s80,"그리고여고가 20년약오천권에잘했던특전사났지, 인원이옛날에 2000권올해상반기일은양 350점으로가면되겠다."
p21_u71,p21,taps_s160,그여가 2020년약오천권에잘했던특전낙지인원이진아는이천과올해상반기에는약 350점으로가면되겠다.
p21_u71,p21,ce_visible,그외과 20년약어떤인원이년에이천과우리상반기에는약 300권으로간부했다.
p21_u71,p21,ce_invisible,"그결과 20년약오천권에서했던특전없지, 인원이인원에이천과올해상반기에는양 350점으로가면되겠다."
p21_u72,p21,taps,녹음식분은전국 557 악기측정전봇통신기술이게관계를설치해악기성관성을수진하고있다.
p21_u72,p21,ce,농십분은언급오백오십칠오백아낄수당중고등부에서전비를쓸때악기변경쓰게하고있다.
p21_u72,p21,ce_s40,농십분은언급오백오십오백아낄수당중고등부에서전기를쓸때악기변경하고있다.
p21_u72,p21,ce_s80,농식분은언급오백오십칠오백아낄수당전봇뚱뚱해서전기를살지아낄과겟쓰긴하고있다.
p21_u72,p21,ce_s160,"농식분은언급오백오십칠, 90 악기쓰병중고, 똥중결쓸수있게전비를살지악기변검사고쓸순하고있다."
p21_u72,p21,taps_s80,농스풍부는전국 557 악기측정정보풍생기고설지해. 악기성광과운석을수진하고있다.
p21_u72,p21,taps_s160,농스푼거는전국 557 악기측정전정보통신기술기계장기를설치해. 악기성과분석을추진하고있다.
p21_u72,p21,ce_visible,농십분은언급오백오십칠오백아낄수당중고등부에서전비를쓸때악기변경쓰게하고있다.
p21_u72,p21,ce_invisible,녹음식분은전국 557 악기측정전봇통신기술이게관계를설치해악기성관성을수진하고있다.
p21_u73,p21,taps,아 12cm는뭔가안내문자드는활용해. 0찌통보안을시스템이다.
p21_u73,p21,ce,안돼보니까활용해홍보하는나
p21_u73,p21,ce_s40,활용해홍보하는
p21_u73,p21,ce_s80,넘지활용해공부하는게나
p21_u73,p21,ce_s160,아뭔가안돼문자중에활용해뚱뚱한편이다.
p21_u73,p21,taps_s80,아 12시이자에특수한뭔가안내문자눈을활용해. 일찍통보안을시스템이다.
p21_u73,p21,taps_s160,악기자체에우선뭔가안내문자는활용해. 0찌통보하는시스템이다.
p21_u73,p21,ce_visible,안돼보니까활용해홍보하는나
p21_u73,p21,ce_invisible,아 12cm는뭔가안내문자드는활용해. 0찌통보안을시스템이다.
p21_u74,p21,taps,특히데이터본사글통에구농도악기를자서배출하는논가와수설을한결에집중관리를하고있다.
p21_u74,p21,ce,특히데이터블써계정도악기를농구할래요한달에한번관리를하고있다.
p21_u74,p21,ce_s40,특히데이터블써계정도악기를가지고는농구만할일이한달에하고있다.
p21_u74,p21,ce_s80,특히데이터블써계정도악기를가지고배출하는농구만해한달에하고있다.
p21_u74,p21,ce_s160,그때이뻐보중에운동도악기를농구한내년이한별내용관리에하고있다.
p21_u74,p21,taps_s80,특히데이터본사글통에구농도악기를자서배출하는논가와시설을한별이집중관리를하고있다.
p21_u74,p21,taps_s160,특히데이터본사글통에그놈도악기를자서배출하는논가와시설을한별이집중관리를하고있다.
p21_u74,p21,ce_visible,특히데이터블써계정도악기를농구할래요한달에한번관리를하고있다.
p21_u74,p21,ce_invisible,특히데이터본사글통에구농도악기를자서배출하는논가와수설을한결에집중관리를하고있다.
p21_u75,p21,taps,전남고에서는양돈가근처에있던바측굴이라고편리시설공유담임양을늘려회장노가에빈뇨가다되는줄일수있었다.
p21_u75,p21,ce,연남동에서는명동공학벌음료  분위기당료가해변
p21_u75,p21,ce_s40,연남공군에서는명동학부에있던근육을능력해당동해당이
p21_u75,p21,ce_s80,연남공군에서는명동에맨유능력
p21_u75,p21,ce_s160,안난공군에서는양념했던능력
p21_u75,p21,taps_s80,전남공군에서는양돈가군포에있던바득꾼이라고서리짓을공유담임양을늘려회당돈가의군요가다되는기간을줄일수있었다.
p21_u75,p21,taps_s160,전남공군에서는양돈가군포에있던바트꾸미려고서류시설공유담임양을늘려회당돈가의빈뇨가다되는기간을줄일수있었다.
p21_u75,p21,ce_visible,연남동에서는명동공학부에있던학군요음료문일동에늘려해당동에분류가해변
p21_u75,p21,ce_invisible,전남고에서는양돈가근처에있던바측굴이라고편리시설공유담임양을늘려회장노가에빈뇨가다되는기관을줄일수있었다.
p21_u76,p21,taps,특히여름철강호로에이페퍼가지난데다에 B와 a 상황기술에 2년퍼센트에서오레비업 3일놀다.
p21_u76,p21,ce,여름옷
p21_u76,p21,ce_s40,여름광무로에할부가연대한 40년
p21_u76,p21,ce_s80,여름방학으로할부가연데가있으면 0 그래서올해피부는
p21_u76,p21,ce_s160,삐여름철강으로액비활프까지연대다삐까리비전을한 2020년 0퍼센트에서오내일 158까지도배웠다.
p21_u76,p21,taps_s80,특히여름철강으로액티살펴가지연데다에 B와예의정화처리기종에 20년 0퍼센트에서올해 15퍼센트까지도
p21_u76,p21,taps_s160,특히여름철강으로액이살퍼가지난데다에 B와예의성와서리비중에한 2년돼서올해 15
p21_u76,p21,ce_visible,여름옷
p21_u76,p21,ce_invisible,특히여름철강호로에뛰드페퍼가지난데다에 B와 a 상황기술에 2년퍼센트에서오레비업 3일놀다.
p21_u77,p21,taps,1 4개월정부가한 30년까지 1차 5천원에서원자력구정을 3번이상으로냈다.
p21_u77,p21,ce,경보가 3주전까지원해서원테러입장에서이동으로끝.
p21_u77,p21,ce_s40,원발빼노래서원테레비면입학으로했다.
p21_u77,p21,ce_s80,원발전해서원티원티동으로했다.
p21_u77,p21,ce_s160,영부가꿀까지원해서원티동입장료뺏기로했다.
p21_u77,p21,taps_s80,은 3개월정도가한 3학년까지원하는데서원자력비정을삼퍼센트이상으로했다.
p21_u77,p21,taps_s160,3개월정도가 3학년까지원해서원장을 3번이상으로했다.
p21_u77,p21,ce_visible,경보가 3주전까지원해서원테래프트입장료를했다.
p21_u77,p21,ce_invisible,1 4개월정부가한 30년까지 1차 5천원에서원자력구정을 3번이상으로냈다.
p21_u78,p21,taps,"문제인정부에서건설이중단된신한을 3, 4억이를새서기대기하고건설중에는원전 42도인기내궁금한주객이다."
p21_u78,p21,ce,문제인거겠지운탠데여기를어세종이나여기다.
p21_u78,p21,ce_s40,문제인방법이문젠데씨는여기를어세종이나
p21_u78,p21,ce_s80,문제인거에도운반데 3일에하고효정이랑
p21_u78,p21,ce_s160,문대인공대운전대를어 1종이나
p21_u78,p21,taps_s80,"문제인정부에서건설이중단된신한을 3, 4억이를새서기대리하고건설중에원전하기도민기네중궁은자기가"
p21_u78,p21,taps_s160,문제인정부에서건설이중단된신한을 3 4 5기를세섞이데리하고건설중에원전 42도인기내궁금한게.
p21_u78,p21,ce_visible,문제인거신문을여기를어세종이나여기다.
p21_u78,p21,ce_invisible,"문제인정부에서건설이중단된신한을 3, 4억이를새서기대기하고건설중에는원전 42도인기내궁금한주객이다."
p21_u79,p21,taps,반면석판건축과도확대에대한미크림은제시하지않아. 이전정부에팔원전로드맵은사실상패기될거쓰러보인다.
p21_u79,p21,ce,
p21_u79,p21,ce_s40,
p21_u79,p21,ce_s80,
p21_u79,p21,ce_s160,
p21_u79,p21,taps_s80,반면석탄감칠과디테일러지확대에대한미크림은대시잖아. 이전정부에팔원전로드미드는사실상패기될거쓰러보인다.
p21_u79,p21,taps_s160,반면석탄건축과배신여지확대에대한미크림은제시하잖아. 이전정부에팔원들로드업그에사실상패기될거쓰러보인다.
p21_u79,p21,ce_visible,
p21_u79,p21,ce_invisible,반면석판건축과도확대에대한미크림은제시하지않아. 이전정부에팔원전로드맵은사실상패기될거쓰러보인다.
p21_u80,p21,taps,하나통장사원부는오이서에용산대통령실청사에서열일구노회의에서관계부턴수동으로마련한새정부에너지당직당연히해결됐다고
p21_u80,p21,ce,"아마똥싸고는오일하고통영일영열리니까안그래도협등으로마련돼, 에너지공격일했다고"
p21_u80,p21,ce_s40,아마똥싸면오일하고통영일영열리니까안그래도협등으로마린애전부에너지공양이연결했다고
p21_u80,p21,ce_s80,아마똥싸고는오일과 5일한통영일등이열린공이약간안결이있고마린티안고에너지공양이연결했다고
p21_u80,p21,ce_s160,아마통장바온 5일하고통영일등이열린공이약간안그래도어떤거로마리면휴일정도에너지공양이연결됐다고
p21_u80,p21,taps_s80,산업통상자원분은오이서 5일용산대통령실청사에서열일구멍이에서관계부턴으로마련한새정도에너지당장당연히해결됐다고.
p21_u80,p21,taps_s160,산업통상자원분은오이서 5일용산대통령실청사에서열린군의에서관계부턴수동으로마련한새정부에너지당장당연히이겨냈다고.
p21_u80,p21,ce_visible,아마똥싸면오일하고통영실총열린공원이약간안결이또협등으로마련휴일정도에너지공양이연결했다고
p21_u80,p21,ce_invisible,하나통장사원부는오이서에용산대통령실청사에서열일구노회의에서관계부턴수동으로마련한새정부에너지당직당연히해결됐다고
p21_u81,p21,taps,이번에러지정색방에는문제인정부에에너지던모든것과대사에너지기본랬데원전의관계적감출이명시했던정책을대처한것이다.
p21_u81,p21,ce,이번에너지장면은운동부에에너지나거든에너지주면그랬엉원두내방계속공인명절까지다
p21_u81,p21,ce_s40,이번에너지장면은운동선부에에너지나거든에너지주면그랬대원전계속공인명절까지다
p21_u81,p21,ce_s80,이번에너지장면은운동선부에에너지나거든에너지주면그럴거원전계속공인명절괜찮을거이다.
p21_u81,p21,ce_s160,이번에너지던애는원딜정도에에너지아에너지공불계속명
p21_u81,p21,taps_s80,이번에러지정색방에는문제인정부에에너지던로드니과회사에너지기본  하겠대. 원전의관계적감출이명시했던정책을대처하는거지.
p21_u81,p21,taps_s160,이번에러지정색방에는문제인정부에에너지던로드액과대사에너지기본  하겠대. 원전의관계적감출했던정책을대처하는것이다.
p21_u81,p21,ce_visible,이번에너지장면은운동부에에너지나거든에너지주면그랬엉원두내명수는거할거지나.
p21_u81,p21,ce_invisible,이번에러지정색방에는문제인정부에에너지던모든것과대사에너지기본랬데원전의관계적감출이명시했던정책을대처한것이다.
p21_u82,p21,taps,한업무는이번에정식방향을통해. 이번상까지원다력발전기종을 30분을 2종으로따야겠다고
p21_u82,p21,ce,한번은이번에너지던방향을하네이사람끼는딱히원테라입장에서는이딴걸로뜨겠다.
p21_u82,p21,ce_s40,한번은이번내노방영을똥이입증할때원테라켓중에하나
p21_u82,p21,ce_s80,한번은입구내놓은방향을또내입증할때원칙으로입영으로뜨겠지.
p21_u82,p21,ce_s160,"한번은이번에너지던방향을띠용이입고갔지, 원테라입장에서는"
p21_u82,p21,taps_s80,한번은이번주정식방향을통해이번상가원다력발전기종을상위권에 2학년으로빼야겠다고
p21_u82,p21,taps_s160,한번은이번주정식방향을통해. 이번상가원다를발성기종을 30번상으로학따겠다고그러니까.
p21_u82,p21,ce_visible,한번은이번에너지던방향을하네이사람끼는딱히원테라입장에서는이딴걸로뜨겠다.
p21_u82,p21,ce_invisible,한업무는이번에정식방향을통해. 이번상까지원다력발전기종을 30분을 2종으로따야겠다고
p21_u83,p21,taps,이면문제인정부에서마련한이천상식그니까원서를빠스관청목구에서재판은원전주전목포츠를폭행부정한수준이다.
p21_u83,p21,ce,원테니까공부할거마련돼원동먹고
p21_u83,p21,ce_s40,원테니까원당이
p21_u83,p21,ce_s80,원테니까공부할거마이러면은
p21_u83,p21,ce_s160,문대니까원서
p21_u83,p21,taps_s80,이면문제인정부에서마련한이천상식과원서비빠스관청목구에서재판을원전주전목줄이폭행부정한수준이다.
p21_u83,p21,taps_s160,이면문제인정부에서마련한이천상식그니까옷을빨른목표에서제시하는원전주전목포츠를꼭생명부정한수준이다.
p21_u83,p21,ce_visible,원테이는공부할거마련돼원광이동먹고
p21_u83,p21,ce_invisible,이면문제인정부에서마련한이천상식과원술판정목구에서재판은원전주전목포츠를폭행부정한수준이다.
p21_u84,p21,taps,광고는진안에기준테이었던원전비중에하긴하나 3 4 5개의건설중에그게안전성탁구를전대로한계속운전수준의통에올리기
p21_u84,p21,ce,오기록이올리기로했다.
p21_u84,p21,ce_s40,원기오기전에올리기로했다.
p21_u84,p21,ce_s80,오기록은쓰긴올리기로했다.
p21_u84,p21,ce_s160,한오일칸을쪼금해올리기로했다.
p21_u84,p21,taps_s80,광고는진안에기준 4%였던원전비중에하긴하나를 3 4 5기컷을되게안전성탁보를전제로한대속언전수진등의흥이기리니까.
p21_u84,p21,taps_s160,광고는진안에기준 4%였던원전비중에하긴한얼 3 4 5개의건설그게안전성탁보를전제로한대속언전수진등의풍이톡올리기와.
p21_u84,p21,ce_visible,오기록이올리기로했다.
p21_u84,p21,ce_invisible,광고는진안에기준테이었던원전비중에하긴하나 3 4 5개의건설중에그게안전성탁구를전대로한계속운전수준의통에올리기
p21_u85,p21,taps,반면재생러너지팍영가스데여파발전한비정목표치는에러지정책방향이담지않았다.
p21_u85,p21,ce,
p21_u85,p21,ce_s40,
p21_u85,p21,ce_s80,
p21_u85,p21,ce_s160,
p21_u85,p21,taps_s80,반면재생러지학판에천연갔을때여파발전한비정목표치는에러지정책방향이담지않았다.
p21_u85,p21,taps_s160,반면재생러지학판에카선용과쓰생여타발전한비정목표치는에러지정책방향에담지않았다.
p21_u85,p21,ce_visible,
p21_u85,p21,ce_invisible,반면재생러너지팍영가스데여파발전한비정목표치는에러지정책방향이담지않았다.
p21_u86,p21,taps,"3학번은제생러너지에대해보급여권의교류의목표를합리적으로재정립하고수양관, 흥역이발전한대적성비전을복수를하겠다. 고언급하는데그거다"
p21_u86,p21,ce,3 학번은배그른여건을구리에목폴은합리적으로적정히받고해놓으면은적당히라니까어떡하
p21_u86,p21,ce_s40,36번은배그고급역에구리에목폴은합리적으로지정하고해놓으면은
p21_u86,p21,ce_s80,화거는배그고급역에목폴라한미적으로적정히고해놓으면은
p21_u86,p21,ce_s160,3 학번은페그니맛에대해보급여건을구린목표를합리적으로주던지받고효정아니수력발전함귀로겹다.
p21_u86,p21,taps_s80,"3학번은재생러너지에대해보급여권을고려해목표를합리적으로재정립하고수양관, 흥협중이발전엄살적정보고주라겠다. 꼭언급하는데그졌다."
p21_u86,p21,taps_s160,"3학번은제생러너지에대해보급여권을굴일목표를합리적으로재정립하고수양관, 흥요등이발전엄달적정보정해보출하겠다. 꼭언급하는데."
p21_u86,p21,ce_visible,3 학번은배그인여건을구리에목폴은합리적으로적정립하고해놓으면은발전함 2등이라니까오른쪽어다
p21_u86,p21,ce_invisible,"3학번은제생러너지에대해보급여권의교류의목표를합리적으로재정립하고수양관, 흥역이발전한대적성비전을복수를하겠다. 고언급하는데그거다"
p21_u87,p21,taps,
p21_u87,p21,ce,
p21_u87,p21,ce_s40,
p21_u87,p21,ce_s80,
p21_u87,p21,ce_s160,아
p21_u87,p21,taps_s80,
p21_u87,p21,taps_s160,
p21_u87,p21,ce_visible,
p21_u87,p21,ce_invisible,
p21_u88,p21,taps,하기은산업부는올해 12월달력쓰잘이번비행기도통에구체적인발전함들비둘기수출을발품하겠다고말했다.
p21_u88,p21,ce,하루에 3억하고아니면은올해 12월 3일동에최저낄라면발전수출이발전하겠다고말했다
p21_u88,p21,ce_s40,하루에 3억하고아니면은올해 12월 7일중에발전하면그래도꽤발전하겠다고말했다
p21_u88,p21,ce_s80,아 1등 3등입구나는올해 12월 7일중에발전하면그래도꽤발전하겠다고말했다.
p21_u88,p21,ce_s160,아 1등은 3억하고아니면은올해 12월 7일중에  중에발전하면그래도꽤발전하겠다고말했다.
p21_u88,p21,taps_s80,아 1층산업구는오리 12월달력쓰게이번방학에통해구체적인발전함들비전이수출을발품하겠다고말했다.
p21_u88,p21,taps_s160,가기 1등산업구이타가는올 12월달력최근비번계획을통해. 구체적인발전함들비전이수출을발품하겠다고말했다.
p21_u88,p21,ce_visible,하루에 3학점입학하고아니면은올해 12월 3일중에  중에발전하면그래도발품하겠다고말했다
p21_u88,p21,ce_invisible,하기은산업부는올해 12월달력쓰잘이번비행기도통에구체적인발전함들비둘기수출을발품하겠다고말했다.
p21_u89,p21,taps,일할정보는정기호에연로비를반영하는원가지를흐름하겠다는그게또내가왔다.
p21_u89,p21,ce,옛날공부는공기업에연로비를발령인으로오는코드를꾸겠다는거야또내려왔다.
p21_u89,p21,ce_s40,옛날광고는안비그에열로발령받으면오늘코노를뽑겠다는걸또내로왔다.
p21_u89,p21,ce_s80,옛날광고는안비교하면열로발령받으면오늘코노를꾸역꾸겠다는걸또내로왔다.
p21_u89,p21,ce_s160,니네광고는정비원에열로발령인으로오는코드를꾸며보겠다는고객도내놓다.
p21_u89,p21,taps_s80,옛날정부는장기호경의  연락이로반영한원까지를선택하겠다는그게또내가왔다.
p21_u89,p21,taps_s160,이날정보는장기호감의연록이를반영하는원까지를선택하겠다는그게또내가왔다.
p21_u89,p21,ce_visible,옛날공부는공기업에연로비를발령인으로오는코드를꾸겠다는거야또내려와.
p21_u89,p21,ce_invisible,일할정보는정기호에연로비를반영하는원가지를흐름하겠다는그게또내가왔다.
p21_u90,p21,taps,정기요금결성거정해서국립성화보를위에반기연에조직인력도고강한다.
p21_u90,p21,ce,아니비교는결단과잠이니까운기딴학벌을이공기년에또공연한다.
p21_u90,p21,ce_s40,아니비면결당가까이서전기당학부를이공기연애걷어내.
p21_u90,p21,ce_s80,아니비교는결당가성에서중립성학부를이해경제에교직늘려도고강한다.
p21_u90,p21,ce_s160,연비는결단과잠에서중립성학부를이공기원의교직이력도구경한다.
p21_u90,p21,taps_s80,정기요금교정과정에서중립성화보를위에반기연에조직인력도고강한다.
p21_u90,p21,taps_s160,정기역은결정거점에서국립성화보를위에반기연에조직인력도고강한다.
p21_u90,p21,ce_visible,아니비교는결단과잠이니까운기딴학벌을이공기원의고객도공연한다.
p21_u90,p21,ce_invisible,정기요금결성거정해서국립성화보를위에반기연에조직인력도고강한다.
p21_u91,p21,taps,그래열차안에서자신에미인행사를젓발한승무원을막평까지한 50대생객이중이형을선고받았다.
p21_u91,p21,ce,아이네끊고왔다.
p21_u91,p21,ce_s40,흥미
p21_u91,p21,ce_s80,
p21_u91,p21,ce_s160,
p21_u91,p21,taps_s80,그래열차안에서다신에미인행사를젓발한승무원을딱한 50대생객이진행청을상고받았다.
p21_u91,p21,taps_s160,열차안에서다신에미인행사를젓발한승무원을석박 3까지한 50대생객이 2000을선고받았다.
p21_u91,p21,ce_visible,아니네아긍게끊고왔다.
p21_u91,p21,ce_invisible,그래열차안에서자신에미인행사를젓발한승무원을막평까지한 50대생객이중이형을선고받았다.
p21_u92,p21,taps,광주집앞사지를단독은사생활에행해설득안잠바이번에흥미롭기술을인형 8개월후에선구했다고 11월
p21_u92,p21,ce,그래도완전
p21_u92,p21,ce_s40,이번
p21_u92,p21,ce_s80,아노랫부예쁠안넘이번 119
p21_u92,p21,ce_s160,힙합도안업밥이번후미로비꼬는데일주일후에효능이평가였다고씨쁠
p21_u92,p21,taps_s80,광주밥 34 7 단독은열차승무원을행해설득안잠밥이번흥미로기술이대 2년 8개월후에선구했다고 12월발었다.
p21_u92,p21,taps_s160,광주밥 3일단독엔열차승무원을파팽이설득안잠밥이번흥미로기술에대해인형 8개월후에선구했다고 12월발.
p21_u92,p21,ce_visible,그래도완전홀
p21_u92,p21,ce_invisible,광주집앞사지를단독은사생활에행해설득안잠바이번에흥미롭기술을인형 8개월후에선구했다고 11월
p21_u93,p21,taps,에이씨는면에 12억 28일전역시쯤여수역에서 200억을하네이나이에비해서열두번에걔이소리됐다고.
p21_u93,p21,ce,에이피는 12월몇개하냐?
p21_u93,p21,ce_s40,12월말
p21_u93,p21,ce_s80,
p21_u93,p21,ce_s160,에이 12월몇시쯤
p21_u93,p21,taps_s80,에이씨는지난에 12월 23일전역시쯤러그에서이틀역을현이에인맥이너를끼치해서열차승무원에걔사주리갚아야겠다.
p21_u93,p21,taps_s160,에이씨는주변에 12월 23일전역시쯤여주역에서입을현이에인맥이너를 12 기타내에서열차승무원에걔 2인신사조리깎아냈다.
p21_u93,p21,ce_visible,에이피는 12월달후에
p21_u93,p21,ce_invisible,에이씨는면에 12억 28일전역시쯤역에서 200억을하네이나이에비해서열두번에걔이소리됐다고.
p21_u94,p21,taps,그렇지승무원과학회장승무원을때릴때복구를손바닥으로쓰러졌다.
p21_u94,p21,ce,있던에이스는승무원과학장학금을볼려다가매장  공무원을때릴때기업하고복구를손바닥으로미지는폭력의형성거
p21_u94,p21,ce_s40,있던에이스는요기과후끈후에불려와서빨딱꽁무원을때릴때입었고복구를움빠지는분야가형거겠다.
p21_u94,p21,ce_s80,있던에이스는승무원이용과휴가때메불려와서매장똥물을때릴때이어보고밖으로손바닥으로미지는뿌니까형솜으로하겠다.
p21_u94,p21,ce_s160,일단에이스는충분히과학장학금을볼려나해당승무원을때릴때기업하고복구를움빠짝으로믿으면면역이형솜으로생각했다.
p21_u94,p21,taps_s80,그렇지승무원이사갖고화장품을때릴수있고복구를손바닥으로항상.
p21_u94,p21,taps_s160,그렇지승무원해가꼬회장승무원을때릴때도있고복구를손바닥으로쓰러지.
p21_u94,p21,ce_visible,있던에이스는승무원과학장학금을볼려다가매장  공무원을때릴때입학하고복구를손바닥으로미지는폭력조당했다.
p21_u94,p21,ce_invisible,그렇지승무원과학회장승무원을때릴때복구를손바닥으로쓰러졌다.
p21_u95,p21,taps,업바보는 A 씨가만취상태에서협도송사단에중요시뱅의방해해안봐.
p21_u95,p21,ce,몇번은에이매입
p21_u95,p21,ce_s40,몇번은에이드아만공이
p21_u95,p21,ce_s80,몇박은 A 아만두빵꾸내.
p21_u95,p21,ce_s160,에이아만공이
p21_u95,p21,taps_s80,업바보는에이씨가만취상태에서상도동사에쯤에방해해지않다.
p21_u95,p21,taps_s160,에바는에스가만취상태에서활동서에즈탱의방에그러지않다.
p21_u95,p21,ce_visible,몇번은에이매입
p21_u95,p21,ce_invisible,업바보는 A 씨가만취상태에서협도송사단에중요시뱅의방해해안봐.
p21_u96,p21,taps,에이스현과어모방에각서정거가있는점을고려하면실용성고가불과하더라고선고예리받았다.
p21_u96,p21,ce,한국한국
p21_u96,p21,ce_s40,한국하고한국
p21_u96,p21,ce_s80,한국한국
p21_u96,p21,ce_s160,한국한국
p21_u96,p21,taps_s80,이게한과어모방인데각서정가가있는점을고려하면실용삼고가불과받아가고삼고이래바까.
p21_u96,p21,taps_s160,"평가어, 방에한국에정가가있는선을고려하면실용성고가불과하고한국얘기를받았다."
p21_u96,p21,ce_visible,홍구한국말어한국
p21_u96,p21,ce_invisible,에이스현과어모방에각서정거가있는점을고려하면실용성고가불과하더라고선고예리받았다.
p21_u97,p21,taps,1년이 1박 2일 3일빌기가사료는현상이공인랜다.
p21_u97,p21,ce,예능그랬네.
p21_u97,p21,ce_s40,일일날이있고넘겨야된다.
p21_u97,p21,ce_s80,일일년에아내년초에난리야맞으면빨리현타내먹는게랜덤.
p21_u97,p21,ce_s160,일일날이있고면제
p21_u97,p21,taps_s80,1 비네 1박 2일은다메인연출자인방일이필기가마지막살은현상이공일랜다.
p21_u97,p21,taps_s160,1 비는 1박 2일은다메인연출자인공기리피디가마지막현상이공일랜다.
p21_u97,p21,ce_visible,일년일하니깐
p21_u97,p21,ce_invisible,1년이 1박 2일 3일빌기가사료는현상이공인랜다.
p21_u98,p21,taps,오늘오후 6시에방상됐는태국에하고 1박 2일사이에특집에서는온수대통일입원하는멤버들에본받은여성이보여야된다.
p21_u98,p21,ce,"오늘은오후에방송때는일, 저기일부일등아니야오늘휴대폰멤버들이운빨이골라야된다."
p21_u98,p21,ce_s40,오늘은 5개월반공되는일방비문일교는오늘휴대폰
p21_u98,p21,ce_s80,오늘오후 6분에방공때는일베일반터는오늘휴대폰으로멤버들었던걸로.
p21_u98,p21,ce_s160,오늘은오후 6분때는일비해서는오늘휴대폰
p21_u98,p21,taps_s80,오늘오후 6 분의방송되는게 1박 2일사이에해결도특집에서는온수대통일지원기원하는멤버들에봉마트여성이구워야된다.
p21_u98,p21,taps_s160,오늘오후 6시 40분에방송데는실기에서 1박 2일사이에비로도특집에서는온수대통일지원하는멤버들에본맛이여성이구려야된다.
p21_u98,p21,ce_visible,"오늘은오후에방송때는일, 일부일등아니야오늘휴대폰멤버들이운빨이골라야된다."
p21_u98,p21,ce_invisible,오늘오후 6번의방성된회계하고 1박 2일사이에특집에서는온수대통일입원하는멤버들에본받은여성이보여야된다.
p21_u99,p21,taps,이날생수력을불태우면게임에입맛던멤버들은반수타를선물한방글이 PD 때문에상에걸린다.
p21_u99,p21,ce,이날통비요거볼때보면게임이것도하던멤버들은 18에서한물은방들이삐기때문에 N이걸린다.
p21_u99,p21,ce_s40,이날통비요거볼때보면게임이것도하던멤버들은선물은방들이삘이때문에꽤걸린다.
p21_u99,p21,ce_s80,이날통규어끌고그냥게임이었던멤버들은 18이선물한방들이삘이때문에빼는게걸린다.
p21_u99,p21,ce_s160,이날통규어볼게보면게임에일하던멤버들은 8의선물은방들이피기때문에행위걸린다.
p21_u99,p21,taps_s80,이날수교육을불태우면게임에입맛던멤버들은반수탈을선물한방일이필기때문에상에걸린다.
p21_u99,p21,taps_s160,이날수족을불태우면게임에입었던멤버들은반수탈을선물한방일이필기때문에상에걸린다.
p21_u99,p21,ce_visible,이날통비요거볼때보면게임이것도하던멤버들은 18에서한물은방들이삐기때문에행위걸린다.
p21_u99,p21,ce_invisible,이날생수력을불태우면게임에입맛던멤버들은반수타를선물한방글이 PD 때문에상에걸린다.
p24_u00,p24,taps,"홍대자동차가동래대대그런디는와디정규 IN천영, 라이프스타일아이일템은 3박든다고 21일날갔다."
p24_u00,p24,ce,아이건아
p24_u00,p24,ce_s40,응
p24_u00,p24,ce_s80,응아이건아
p24_u00,p24,ce_s160,한달
p24_u00,p24,taps_s80,"홍대자동차가동의제그런디즈니전기차 IN천영, 라이프스타일아이일템은성공하고 21일날갔다."
p24_u00,p24,taps_s160,"현대자동차가국내체육에는와디즈전기차 IN천영, 라이프스타일아이일템은성공나고 21일  되겠다."
p24_u00,p24,ce_visible,아이거함
p24_u00,p24,ce_invisible,"홍대자동차가동래대대그런디는와디정규 IN천영, 라이프스타일아이일템은 3박든다고 21일날갔다."
p24_u01,p24,taps,"자와함께하이테면업무일, 엔터테인먼트인생네가지분야에총 11개의상품이다."
p24_u01,p24,ce,"아연어안할거면업무원두이띠용멕시코에똥, 열한개빵공이래"
p24_u01,p24,ce_s40,아뼈는아닐거는업무메트공유해뽕열한개빵공이랑
p24_u01,p24,ce_s80,와끼어안할거면업무 25일에맥주공유해뽕열한개빵공이랑
p24_u01,p24,ce_s160,아뼈는아닐거면업무만드는맥도날뽕열한개뽀뽀
p24_u01,p24,taps_s80,"자와함께하나아이템은업무일, 엔터테인먼트인생네가지분야에총 11 상품이다."
p24_u01,p24,taps_s160,"자와함께하는아이템은업무, 일, 이엔터테인먼트인생네가지분야에총 11개의상품이다."
p24_u01,p24,ce_visible,"와이뻐면업무원두이띠용멕시코에똥, 열한개빵공이랑"
p24_u01,p24,ce_invisible,"자와함께하이테면업무일, 엔터테인먼트인생네가지분야에총 11개의상품이다."
p24_u02,p24,taps,사랑앱으로 200일테일만전원에응급해주는밑트엘딩고부턴마이진제품부터일상실험제품까지다양한라인업으로구성됐다고생각했다.
p24_u02,p24,ce,왜이급은이쁘에응라이딩아예
p24_u02,p24,ce_s40,아니입은것보다는라인
p24_u02,p24,ce_s80,아니육만있네.
p24_u02,p24,ce_s160,입육급은이쁘에응에임해야겠다.
p24_u02,p24,taps_s80,사랑앱으로이게테일은전원을응급해주는트엘공급마이든제품부터일상실험제품까지다양한나이너브로구성됐다고생각했다.
p24_u02,p24,taps_s160,사랑앱으로 200일은전원을응급해주는에프엘공급마이킹제품부터일상실험제품까지다양한나인업으로구성됐다고생각했다.
p24_u02,p24,ce_visible,왜이급은응에어는라인
p24_u02,p24,ce_invisible,사랑앱으로 200일테일만전원에응급해주는밑트엘딩고부턴마이진제품부터일상실험제품까지다양한라인업으로구성됐다고생각했다.
p24_u03,p24,taps,"업무용으로무산충전이가능한스마트테이블과멀지텝이체지되면첫단차박프와멀티미도엔터, 미니콜라든힐링아이템으로제작된다."
p24_u03,p24,ce,영화뭐하는거?
p24_u03,p24,ce_s40,영어로말하는  홍대
p24_u03,p24,ce_s80,영어로말하는홍대는
p24_u03,p24,ce_s160,안본영화가뭘하는거?
p24_u03,p24,taps_s80,업무용으로무선충전이가능한스마트테이블과멀지텝이치지되면첫단차박프와멀티후드앤턴미니콜라든힐링아이템으로제작된다.
p24_u03,p24,taps_s160,"업무용으로무선충전이가능한스마트테이블과멀지테이비트집이되면  천단샤바타버아멀티미도렌터, 미니콜라든이힐링아이템으로제작된다."
p24_u03,p24,ce_visible,영화뭐하는거?
p24_u03,p24,ce_invisible,"업무용으로무선충전이가능한스마트테이블과멀지텝이체지되면첫단차박퍼와멀티미도엔터, 미니콜라든힐링아이템으로제작된다."
p24_u04,p24,taps,"차안에서콜센트감상해도미니빔프로젝트와블루투스피커, 프로트, 온래들비워가준비되면우선진공상위화낸판우선 800 드로출시된다."
p24_u04,p24,ce,
p24_u04,p24,ce_s40,
p24_u04,p24,ce_s80,
p24_u04,p24,ce_s160,
p24_u04,p24,taps_s80,"차안에서콘텐츠감상의도올미니빔프로젝트와블루투스피커스마트, 온래들비유가준비되면우선진공상위아, 낸판우선테레블드로출시된다."
p24_u04,p24,taps_s160,"차안에서콜센트감상의도올미니빔프로젝트와블루투스피커, 프로트온라드비워가진비되면우선진공상위화낸판우선술안경트레블드로출시된다."
p24_u04,p24,ce_visible,
p24_u04,p24,ce_invisible,"차안에서콜센트감상해도미니빔프로젝트와블루투스피커, 프로트, 온래들비워가준비되면우선진공상위화낸판우선 800 드로출시된다."
p24_u05,p24,taps,"상대편은오는이주목요일부터매달 13까지서울왓이즈, 오프라인상대인사람된간공간마리즈에서해당상품들을전시할예정이다."
p24_u05,p24,ce,그니까
p24_u05,p24,ce_s40,이뭐일못해.
p24_u05,p24,ce_s80,그럼이번주내니까
p24_u05,p24,ce_s160,아니뭐일못해.
p24_u05,p24,taps_s80,"근데나는오는이주목요일부터매달 13까지서울왓이즈, 오프라인성게임사람된공간마리즈에서해당상품들을전시할예정이다."
p24_u05,p24,taps_s160,근데다는오는이주목요일부터매달시상까지서울와디즈오프라인칸데체험중간마리즈에서해당상품들을전시할예정이다.
p24_u05,p24,ce_visible,아니뭐나
p24_u05,p24,ce_invisible,"상대편은오는이주목요일부터매달 13까지서울왓이즈, 오프라인상대인사람된간공간마리즈에서해당상품들을전시할예정이다."
p24_u06,p24,taps,"카카오판거데이터센터에서발생한하재로카카오된거야, 카카오페이든카카오그류에담임쌤장애가발생이다."
p24_u06,p24,ce,
p24_u06,p24,ce_s40,
p24_u06,p24,ce_s80,
p24_u06,p24,ce_s160,
p24_u06,p24,taps_s80,"카카오판거데이터센터에서발생한하재로카카오된거야, 카카오페이든카카오그류에담임썼장애가발생했다."
p24_u06,p24,taps_s160,"카카오판거데이터센터에서발생한화재로카카오된거야, 카카오페이든카카오그류에담임썼장애가발생했다."
p24_u06,p24,ce_visible,
p24_u06,p24,ce_invisible,"카카오판거데이터센터에서발생한하재로카카오된거야, 카카오페이든카카오그류에담임터미스접수장애가발생이다."
p24_u07,p24,taps,"15일오후세시, 30분정도에위치한앤케이씨엠이시데이터센터장기시텔에서화제가발생해카카오가운영하는두유소비세에서적성탕이라발생했다."
p24_u07,p24,ce,아
p24_u07,p24,ce_s40,아
p24_u07,p24,ce_s80,아네.
p24_u07,p24,ce_s160,운영하는
p24_u07,p24,taps_s80,15일오후세시 40분정도에 EPL 에서제일씨데이터센터장기세래서하다가발생해카카오가운영하는두유소린스에서적성이랑발생했다.
p24_u07,p24,taps_s160,"15일? 55, 3시, 30분정도에뮤지션엔스케이셰이데이터센터장기세에서화제가발생해카카오가운영하는두요삼이수에서복수탕이라발생했다."
p24_u07,p24,ce_visible,아
p24_u07,p24,ce_invisible,"15일? 55, 3시, 40분정도에위치한앤케이씨엠이시데이터센터장기시텔에서화제가발생해카카오가운영하는두유소비세에서적성탕이라발생했다."
p24_u08,p24,taps,카타것도카카오뱅크카카오페이뿐만아니라카카오피카카오내리카타오지하철타카오버스멜론등서비스가 3시간넘게  말이됐다.
p24_u08,p24,ce,아니라고네비야카스멜론마리됐다.
p24_u08,p24,ce_s40,아니라고내리야채학비멜론말이됐다.
p24_u08,p24,ce_s80,아니라고낼비야카오버스멜론  말이됐다.
p24_u08,p24,ce_s160,아니라멜론마리됐다.
p24_u08,p24,taps_s80,카타것도카카오뱅킹카카오페이뿐만아니라카카오피카타오낼이카타오지하철카카오버스멜론등서비스가 3시간넘게  말이됐다.
p24_u08,p24,taps_s160,카카오톡카카오뱅킹카카오페이뿐만아니라카카오피카카오내리카타오지하철타카오버스멜론등서비스가 3시간넘게  말이됐다.
p24_u08,p24,ce_visible,아니라학업이학교네비한테학부멜론마리됐다.
p24_u08,p24,ce_invisible,카타것도카카오뱅크카카오페이뿐만아니라카카오피카카오내리카타오지하철타카오버스멜론등서비스가 3시간넘게  말이됐다.
p24_u09,p24,taps,다른데이터센터를통해. 온라인서비스를적응해기위에꽂고작업을찾고있다.
p24_u09,p24,ce,했다.
p24_u09,p24,ce_s40,이쁘면
p24_u09,p24,ce_s80,나는데이터를정해.
p24_u09,p24,ce_s160,아이원래이런거
p24_u09,p24,taps_s80,카카오는다른데이터센터를  중에온라인서비스를재경이위에꽂고작업을자꾸
p24_u09,p24,taps_s160,카카오는다른데이터센터를  중에온라인서비스를재경이위에꽂고작업을자꾸
p24_u09,p24,ce_visible,이뻐해.
p24_u09,p24,ce_invisible,다른데이터센터를통해. 온라인서비스를적응해기위에꽂고작업을찾고있다.
p24_u10,p24,taps,"그지. 타카앤트는이날오후다섯시부터카카오톡을기반으로한서비스를제외하고송금등, 타카뱅크단독으로사용할수있는서비스를모두붙고했다고등지했다."
p24_u10,p24,ce,그지 5시부터 5시였다.
p24_u10,p24,ce_s40,그지 5미로오로엔그로안보기로했대 300 구했다고?
p24_u10,p24,ce_s80,그지 5미로떠벳뜨면오헝그러앵글만도그렇고공부했다.
p24_u10,p24,ce_s160,그지오버워치못해오헝그러밍옹호앵글로테이있는서비스를못구했다고? 공기했다.
p24_u10,p24,taps_s80,"그지. 타투멘트는이날오후다섯시부터카카오톡을기반으로한서비스를제외하고송금등, 타카오뱅크단독으로사용할수있는서비스를모두붙고했다고등지에다."
p24_u10,p24,taps_s160,"그지터는이날오후다섯시부터타워톡을기반으로한서비스를제외하고송금등, 타카오뱅크단독으로사용할수있는서비스를모두붙고했다고등지에다."
p24_u10,p24,ce_visible,그지 5시부터 5시였다가
p24_u10,p24,ce_invisible,"그지. 타카앤트는이날오후다섯시부터카카오톡을기반으로한서비스를제외하고송금등, 타카뱅크단독으로사용할수있는서비스를모두붙고했다고등지했다."
p24_u11,p24,taps,"카카오계정으로표현아이, 간편이체모인통장친구래에수시밀관리인터수신되는아직목도리지않았다."
p24_u11,p24,ce,학교어아까네.
p24_u11,p24,ce_s40,어아까네알코올했다.
p24_u11,p24,ce_s80,어아까워.
p24_u11,p24,ce_s160,어아까워.
p24_u11,p24,taps_s80,"계정으로표현가혈형은관편이체모인통장친구래, 넷플이밑발리프린아직못구르지않았다."
p24_u11,p24,taps_s160,"계정으로피아노가화려한간편이체모인통장친구래, 에프씨몰린쿠션은아직못구르지않았다."
p24_u11,p24,ce_visible,학교어아까네.
p24_u11,p24,ce_invisible,"카카오계정으로표현아이, 간편이체모인통장친구래에수시밀관리인터수신되는아직목도리지않았다."
p24_u12,p24,taps,카카오뱅크간개저는카카오톡정상화되면나머지기능도돌아올것이라고사용했다.
p24_u12,p24,ce,그게간게나는크게방사가되면나머지돌아올것이라고생각했다.
p24_u12,p24,ce_s40,간게나는상관되면나머지돌아올것이라고생각했다.
p24_u12,p24,ce_s80,간게나는그게방송아되면나머지인도돌아올것이라고생각했다.
p24_u12,p24,ce_s160,간게나는그게방사가되면나머지돌아올것이라고생각했다.
p24_u12,p24,taps_s80,카카오뱅크간개장은카카오정상화되면나머지기능도돌아올것이라고생각했다.
p24_u12,p24,taps_s160,카카오뱅크간개장은카카오정상화되면나머지기능도돌아올것이라고생각했다.
p24_u12,p24,ce_visible,그게간게나는크게방사가되면나머지돌아올것이라고생각했다.
p24_u12,p24,ce_invisible,카카오뱅크간개저는카카오톡정상화되면나머지기능도돌아올것이라고사용했다.
p24_u13,p24,taps,대부분에서비스가카카오톡을통해할인되는카카오페인은복구가느려지고있다.
p24_u13,p24,ce,아
p24_u13,p24,ce_s40,
p24_u13,p24,ce_s80,
p24_u13,p24,ce_s160,아
p24_u13,p24,taps_s80,대부분의서비스가카카오톡을통해할인되는카카오페인은복구가느려지고있다.
p24_u13,p24,taps_s160,대부분의서비스가스포를통해할인되는카카오페인은복구가늘어지고있다.
p24_u13,p24,ce_visible,아
p24_u13,p24,ce_invisible,대부분에서비스가카카오톡을통해할인되는카카오페인은복구가느려지고있다.
p24_u14,p24,taps,새로장애병이를파악하고있다며빠른복구를이해노력하겠다. 고봐야겠다.
p24_u14,p24,ce,일본당해보인다고있다며알겠다.
p24_u14,p24,ce_s40,일본당해범하고있다며뭐하겠다고말겠다.
p24_u14,p24,ce_s80,일본당해봤는데이번에몰래가겠다하고알겠다.
p24_u14,p24,ce_s160,일본영화있다며. 그럼목그래이번에노력하겠다하고
p24_u14,p24,taps_s80,새로장애병이를파악하고있다며빠른복구를이해하겠다. 고봐야겠다.
p24_u14,p24,taps_s160,세부장애병이를파악하고있다며빠른복구를이해하겠다. 고봐야겠다.
p24_u14,p24,ce_visible,일본당해보인다고있다며알겠다.
p24_u14,p24,ce_invisible,새로장애병이를파악하고있다며빠른복구를이해노력하겠다. 고봐야겠다.
p24_u15,p24,taps,퇴근상아학고남동생도동행이설에지혜잠들긴여성주 6 학생을성폭행사건이발생했다.
p24_u15,p24,ce,외국상관하꼬남성산거보면은남동외국인여성우유사무직이발생했다.
p24_u15,p24,ce_s40,외국상관학고남성도보면은외국만든외국인여정구육사건이발생했다.
p24_u15,p24,ce_s80,외국상관학고남성도외국인여성우육사건이발생했다.
p24_u15,p24,ce_s160,외국사람하고남성도보면은외국인여성우육학원발등했다.
p24_u15,p24,taps_s80,퇴근상아자꾸남성도동행이그래지혜정열긴여성주 6 학생을청포크는사건이발생했다.
p24_u15,p24,taps_s160,퇴근상아학고남동생도동행이술에지혜잠들여기여성주 6박생일성폭행사건이발생했다.
p24_u15,p24,ce_visible,외국상관학고남성산거보면은남동외국인여성우유사무직이발생했다.
p24_u15,p24,ce_invisible,퇴근상아학고남동생도동행이설에지혜잠들긴여성주 6 학생을성폭행사건이발생했다.
p24_u16,p24,taps,"6일, 경난지네경찰서는동료여성생굴을선폭행한햄이로전해군상관악기생고두명을상원직업에성취했다고해야겠다."
p24_u16,p24,ce,육일난여동생빡이러고
p24_u16,p24,ce_s40,유기농
p24_u16,p24,ce_s80,요기왕만왕복
p24_u16,p24,ce_s160,육일왕도를했다고
p24_u16,p24,taps_s80,"6일, 경난지네경찰서는동료여성생굴을성폭행한햄이로전해군상관악기생고두명을상원직업에성취했다고되겠다."
p24_u16,p24,taps_s160,"6일, 경남지내서는동료여성생도를성폭행한햄이로전해군상관악기생고두명을상원직업에성취했다고해야겠다."
p24_u16,p24,ce_visible,육일난여동생빡이러고
p24_u16,p24,ce_invisible,"6일, 경난지네경찰서는동료여성생굴을선폭행한햄이로전해군상관악기생고두명을상원직업에성취했다고해야겠다."
p24_u17,p24,taps,이들가해자정학년은한국에다른학년은외국인수다행군겉으로전해졌다.
p24_u17,p24,ce,이게과연한국이랑다른한명은외국인으로보내겠다.
p24_u17,p24,ce_s40,이게과연한국이랑다른한명은외국인있다.
p24_u17,p24,ce_s80,이게과연한국이랑다른한명은외국인갔다
p24_u17,p24,ce_s160,과에다가한명은한국이랑다른한명은외국인은한국말
p24_u17,p24,taps_s80,이들가해자정학년은한국에다른학년은외국인수다생고은겉으로전해졌다.
p24_u17,p24,taps_s160,이들가해자정은한국에다른한명은외국인수다생고은겉으로전해졌다.
p24_u17,p24,ce_visible,이게과연한국이랑다른한명은외국인은한국으로보내겠다.
p24_u17,p24,ce_invisible,이들가해자정학년은한국에다른학년은외국인수다행군겉으로전해졌다.
p24_u18,p24,taps,두사람은지난 1월 3일살짝경남사만시지내고해놓은사관학교예고인 3퍼학생증은숙소에서술액체에잠든같은학년에피해자를성폭행한혐의를받는다.
p24_u18,p24,ce,
p24_u18,p24,ce_s40,
p24_u18,p24,ce_s80,
p24_u18,p24,ce_s160,
p24_u18,p24,taps_s80,같은사람은지난 1월 3일회색경남사만시지내고해놓은사관학교예고인선학학생은숙소에서술액체에잠든같은학년에피해자를선폭행한혐의를받는다.
p24_u18,p24,taps_s160,"같은사람은지난 1월 3일회색경남, 31시지내고해놓은사관학교외국학생은숙소에서술래치에잠든같은학년에피해자를선폭행한 3일을받는다."
p24_u18,p24,ce_visible,
p24_u18,p24,ce_invisible,두사람은지난 1월 3일살짝경남사만시지내고해놓은사관학교예고인 3퍼학생증은숙소에서술액체에잠든같은학년에피해자를성폭행한혐의를받는다.
p24_u19,p24,taps,"가해자 2명은버넨반지, 모두 4학년으로인간을불과, 두달려남겨놓은상태였다."
p24_u19,p24,ce,아이다보면은아학년으로인간을불과후난리와남겨놓고상류였다.
p24_u19,p24,ce_s40,아이다. 아인간을물건을남겨.
p24_u19,p24,ce_s80,아이다명인간을물건을남기고상대.
p24_u19,p24,ce_s160,아이다명은어느방을아예인간을물건을남고창의했다.
p24_u19,p24,taps_s80,"가해자 2명은더넨반시, 모두 4학년으로인간을불과두달려남겨놓은상태였다."
p24_u19,p24,taps_s160,"과외자두명은버넨반시, 보드 4학년으로인간을불과, 두달려남겨룸은 3 대였다."
p24_u19,p24,ce_visible,아이다보면은아학년으로인관을불과후난리와남겨놓고상류였다.
p24_u19,p24,ce_invisible,"가해자 2명은버넨반지, 모두 4학년으로인간을불과, 두달려남겨놓은상태였다."
p24_u20,p24,taps,이섞어서범위는방학때봉국으로갔다가돌아온피에다가석구쪽에이같은내용을알리면서들어왔다.
p24_u20,p24,ce,일부러중국으로갔다가돌아오다가이거내용을알리면올라왔다고
p24_u20,p24,ce_s40,일부러중국으로갔다가오다가이거끝내용아니면보러왔다고
p24_u20,p24,ce_s80,일부러중국으로갔다가후내용을알리면서
p24_u20,p24,ce_s160,일부러중국으로갔다가내용알리면서들어갔다고
p24_u20,p24,taps_s80,이쪼끔더방학때봉국으로갔다가돌아온피에다가이같은내용을알리면서들어왔다.
p24_u20,p24,taps_s160,이섞은밤에는방학때봉국으로갔다가돌아온피에다가석구쪽에이같은내용을알리면서들어왔다.
p24_u20,p24,ce_visible,일부러중국으로갔다가올라온거에다가이거내용을알리면올라왔다고
p24_u20,p24,ce_invisible,이섞어서범위는방학때봉국으로갔다가돌아온피에다가헛구역쪽에이같은내용을알리면서들어왔다.
p24_u21,p24,taps,당초해건수사아니이사건은수사외국인과외대에서는군던찰이수작권이없어. 2월중순경찰에  넘겨졌다.
p24_u21,p24,ce,"해군은아니고외국인아이, 그러면."
p24_u21,p24,ce_s40,"해군은아니고이은외국인아이, 그러면넘겨."
p24_u21,p24,ce_s80,해군은아니고이껀데외국은아이다이바는닥먹는게없어이거다리넘겠다.
p24_u21,p24,ce_s160,그건아니구외국인아이다이바는게없어이구달에남겠다.
p24_u21,p24,taps_s80,당초해군수산아니니이사건은수사있으나외국인과외대에서는군던찰이수사권이없어. 2월중순경찰에  넘겨졌다.
p24_u21,p24,taps_s160,당초해군은수선아니이사건은수사외국인과외대에서는군던찰이수작권이없어. 2월중순경찰에런겨졌다.
p24_u21,p24,ce_visible,"해군은아니고외국인아이, 그러면넘겨."
p24_u21,p24,ce_invisible,당초해건수사아니이사건은수사외국인과외대에서는군던찰이수사권이없어. 2월중순경찰에  넘겨졌다.
p24_u22,p24,taps,현구중사회자는 90 반으로태교당에민간인신분으로전환되면서경찰에서조사를받았다.
p24_u22,p24,ce,한국은아이다면로트밀반으로해동당에민간인거변환되면서정틀에서보살을받았다.
p24_u22,p24,ce_s40,한국은아니다면그쭉일반으로해방에민간인거도난대면서영등포사를받았다.
p24_u22,p24,ce_s80,한국은아니다면또일반으로호구당해. 민경이성분이더난대면서방탈출해서조사를받았다.
p24_u22,p24,ce_s160,한국은과외가면그쪽으로일반으로해본당에민족도더만들면서방탈출해서교사를입고왔다.
p24_u22,p24,taps_s80,현구중사회자는 97미반으로태교당에민간인신분으로전환되면서경찰에서조사를받았다.
p24_u22,p24,taps_s160,현구중사회자는 90 반으로태그당에민간인신분으로전환되면서경찰서조사를받았다.
p24_u22,p24,ce_visible,한국은아이다면롯데면서정틀에서보사를받았다.
p24_u22,p24,ce_invisible,현구중사회자는 90 반으로태교당에민간인신분으로전환되면서경찰에서조사를받았다.
p24_u23,p24,taps,"한소등과회사는경찰조사해서범인을시인했지만, 외국인과외잔은범인을보인다고있는것으로알려졌다."
p24_u23,p24,ce,아니그거아이나는롱패딩아니외국인말고는무용하고있는거로
p24_u23,p24,ce_s40,아니그거아이가롱패딩아니외국인과외  거는외국인무용하고있는거로했다.
p24_u23,p24,ce_s80,아니그거아이나는 00원우용하고있는거로알려줬다.
p24_u23,p24,ce_s160,아니나는양쪽다이더? 외국인아이나는무용하고있는거알려.
p24_u23,p24,taps_s80,"한소등과에서는경찰조사해서범행은시인했지만, 외국인과외잔범행을보인하러있는곳으로알려졌다."
p24_u23,p24,taps_s160,"한소등과에서는경찰조사해서범행을시인했지만, 외국인과외잔범행을보인하고있는것으로알려졌다."
p24_u23,p24,ce_visible,아니그거아이나는 00원우용하고있는거로
p24_u23,p24,ce_invisible,"한소등과회사는경찰조사해서범인을시인했지만, 외국인과외잔은범인을보인다고있는것으로알려졌다."
p24_u24,p24,taps,"하지만금서는여긴과외 DNA, 중도와피해자진술을근가로  취미가있다고판단그사람모두강잘의성취했다."
p24_u24,p24,ce,강사는외국영화은거와 li 몽글해은가로한거있다고판단금사람뭐든잘해놓치겠다.
p24_u24,p24,ce_s40,방사능외국은발음은거와폴더몽구를본거로빠무가있다고판단그리고사람뭐든잘해성취했다.
p24_u24,p24,ce_s80,강사는외국이면과외구해내고뭔가몽글한거있다고판단금한두였다.
p24_u24,p24,ce_s160,간사은외국가이다궁금을은가로한거있다고판단해성우되겠다.
p24_u24,p24,taps_s80,"하지만강설은여긴과외등, 중도와피해자진술을근가로  취미가있다고판단두사람모두강잘의성취했다."
p24_u24,p24,taps_s160,"하지만강설은여긴과외 DNA, 중도와피해자진술을근거로  취미가있다고판단그사람모두강잘의성취했다."
p24_u24,p24,ce_visible,본가는외국영화은거와폴더몽글해은가로한거있다고판단금사람뭐든잘해놓치겠다.
p24_u24,p24,ce_invisible,"하지만강설은여긴과외 DNA, 중도와피해자진술을근가로  취미가있다고판단그사람모두강잘의성취했다."
p24_u25,p24,taps,"전랑곡성분, 드립은지난순실까지  애들은제 22에곡성, 어린이대출에서가족문화처럼진행해높은홍을이끌어냈다."
p24_u25,p24,ce,
p24_u25,p24,ce_s40,
p24_u25,p24,ce_s80,
p24_u25,p24,ce_s160,
p24_u25,p24,taps_s80,"전남곡성분, 드리스타는지난상실까지  애들은제 22에곡성심장어린이대축제에서가족문화처럼의진행해높은홍을이끌어냈다."
p24_u25,p24,taps_s160,"전남은곡성분, 드리스타트는지난상실까지  애들은제 22에곡성심장어린이대축제에서가족문화재형에진행에높은홍을이끌어냈다."
p24_u25,p24,ce_visible,
p24_u25,p24,ce_invisible,"전랑곡성분, 드립은지난순실까지걔들은제 22에곡성, 어린이대출에서가족문화재형에진행해높은홍을이끌어냈다."
p24_u26,p24,taps,"드림스타트는아동에게공평한출발기회를제공해. 건강한 4 엘, 구상원으로성장할수있도록지원하는아동복지사업이다."
p24_u26,p24,ce,우리학교는아는게공병한후배내리엉덩이황당요원이다.
p24_u26,p24,ce_s40,우리아동에공평한후배내리엉덩이황당요원이다.
p24_u26,p24,ce_s80,아너무애매한요원이다.
p24_u26,p24,ce_s160,아너한후배
p24_u26,p24,taps_s80,"드림스타트는아동에게공평한출발기회를제공해. 건강한 3회, 구상원으로성장할수있도록지원하는아동복지사업이다."
p24_u26,p24,taps_s160,"드림스타트는아동에게공평한출발기회를제공해. 건강한사회, 구상원으로성장할수있도록지원하는아동, 복지사업이다."
p24_u26,p24,ce_visible,우리학교는아는게공병한후배내리엉덩이황당요원아니면
p24_u26,p24,ce_invisible,"드링스타트는아동에게공평한출발기회를제공해. 건강한 4 엘, 구상원으로성장할수있도록지원하는아동복지사업이다."
p24_u27,p24,taps,"만 12세, 초등학생이사치약개츠라동과가족얘기해마초양통학을지원이고다양한지엑자고는연개하는것이복싱이다."
p24_u27,p24,ce,육십이런거아니에게맞고오늘연기하는거내용이다.
p24_u27,p24,ce_s40,마인드 600만원이래몇마리원하고이러연개하는내용이다.
p24_u27,p24,ce_s80,마인드 60인가이런거야? 마고아약간이력아원은연개하는내용이다.
p24_u27,p24,ce_s160,마인드 600만원이래막이역아오늘연기하는거내용이다.
p24_u27,p24,taps_s80,"만 12세, 초등학생이상시야계층아동과가족이래. 마추야, 토악술을지원하고다양한지엑자고는연개하는거지. 내갱이다."
p24_u27,p24,taps_s160,"만 12세, 초등학생이상시액베트남과가족이래. 마트양토악이지원하고다양한지엑자고는연개하는것이쉬운내린이다."
p24_u27,p24,ce_visible,6급이런거아니에게맞고오늘연기하는거내용이다.
p24_u27,p24,ce_invisible,"만 12세, 초등학생이사치약개츠라동과가족얘기해마초양통학을지원이고다양한지엑자고는연개하는것이복싱이다."
p24_u28,p24,taps,"곡성분은신체건강, 임지연어, 정서행동, 구모가족등, 네개분야로나눠, 매년상계에다양한프로그램에지원하고있다."
p24_u28,p24,ce,은근양쪽행군 4개로나눠서레벨지원하고있다.
p24_u28,p24,ce_s40,은근인비언어왕따항공레벨군으로나눠내년 7에다양한프로그램무원하고있다.
p24_u28,p24,ce_s80,은근인비언어왕따항공레벨군으로나눠내년상경의방향으로매번지원하고있다.
p24_u28,p24,ce_s160,어떤분은은제뭔가인디언어영등행동외국매명소속에다양한프로그램무원하고있다.
p24_u28,p24,taps_s80,"곡성분은신체건강, 임지연어, 정서행동, 구모가족등, 네개분야로나눠, 매년 30대걔다양한프로그램에지원하고있다."
p24_u28,p24,taps_s160,"곡성분은신체건강, 임지연어, 정서행동, 구모가족등, 네개분야로나눠, 매년상계에다양한프로그램에지원하고있다."
p24_u28,p24,ce_visible,홍대영등네개뿐만이나면매명다른애다양한프로그램무원하고있다.
p24_u28,p24,ce_invisible,"곡성분은신체건강, 임지연어, 정서행동, 구모가족등, 네개분야로나눠, 매년상계에다양한프로그램에지원하고있다."
p24_u29,p24,taps,특히지속적으로아동과양이자를상당하면서단계별맞은프로그램에대개나고이를아동에긍정적인발따를쳤진않는다.
p24_u29,p24,ce,그럼안온거야양육사를성당에서양념을아동에은정적인발달을안
p24_u29,p24,ce_s40,이력으로안온거야? 양육사를통해서안으로엉덩이빨래안
p24_u29,p24,ce_s80,육백으로안온거야? 양육다리통장하면서양념을맞으러가고이아동에긍정적인발따리안봐.
p24_u29,p24,ce_s160,65 아동아양육다리상담하면서암기를마프로그램을배경화구이래야동에긍정적인발따를안봐.
p24_u29,p24,taps_s80,특히지속적으로아동과양이자를상담하면서단계별맞은프로그램에재능하고일을아동에긍정적인발달을샀지난다.
p24_u29,p24,taps_s160,특히지속적으로아동과양이자를상담하면서단계별맞은프로그램에재개나고이를아동에긍정적인발따를측진한다.
p24_u29,p24,ce_visible,그럼안온거야양육사를성당에서양념을아동에은정을발달을안
p24_u29,p24,ce_invisible,특히지속적으로아동과양이자를상당하면서단계별맞은프로그램에대개나고이를아동에긍정적인발따를쳤진않는다.
p24_u30,p24,taps,이번축제에서도아동그래신체적중서적상해적능력을구료상태수있는회원들이식탐게굿즈에서진행됐다.
p24_u30,p24,ce,이번에축제아동그래끊었어능력이아
p24_u30,p24,ce_s40,이번에슈퍼레신스왕도덕농내농협있는회식상계무능
p24_u30,p24,ce_s80,동그래찜질방있는게어
p24_u30,p24,ce_s160,아동그래땡겨입는게
p24_u30,p24,taps_s80,이번축제에서도아동그래신체적중서적능력을구료상태수있는회원들이식습관계부스에서진행됐다.
p24_u30,p24,taps_s160,이번축제에서도아동그래신체적중서적상해적능력을구료삼성들이한게국수에서진행됐다.
p24_u30,p24,ce_visible,이번에아동그래끊내.
p24_u30,p24,ce_invisible,이번축제에서도아동그래신체적중서적상해적능력을구료상태수있는회원들이식탐게굿즈에서진행됐다.
p24_u31,p24,taps,참여아동들은자신이평소좋아하는것과잘하는것은물론그동안접하지않았던다양한체험을참여하면즐겨운시간을보냈다.
p24_u31,p24,ce,아니뭐하는것은물론너가하지않았던다양한생활을하면이거시간을보냈다.
p24_u31,p24,ce_s40,아니행하는것은물론너가하지않았던다양한생활을하면이거시간을보냈다.
p24_u31,p24,ce_s80,아니뭐하는거지뭐하지않았던알약한이거쓰겠다.
p24_u31,p24,ce_s160,아니뭐하는알어?
p24_u31,p24,taps_s80,참여아동들은자신이평소좋아하는것과잘하는것은물론그동안접하지않았던다양한체험을참여하면즐겨운시간을보냈다.
p24_u31,p24,taps_s160,참여아동들은자신이평소좋아하는것과잘하는것은물론그동안접하지않았던다양한체험을참여하면즐겨운시간을보냈다.
p24_u31,p24,ce_visible,아니행하는것은물론너가하지않았던다양한생활을하면이거시간을보냈다.
p24_u31,p24,ce_invisible,참여아동들은자신이평소좋아하는것과잘하는것은물론그동안접하지않았던다양한체험을참여하면즐겨운시간을보냈다.
p24_u32,p24,taps,곡성으로들이타관계자는우리아이들이관광하게성산할수있도록앞으로도한성한사람을만날프로그램에지원하겠다고말다.
p24_u32,p24,ce,우리학교관계는우리아이들이관광객항상할수있도록앞으로한사람한사람의맞는프로그램을지원하겠다고말했다고
p24_u32,p24,ce_s40,우리학교관계나우리아이들이관광객항상할수있도록앞으로한사람한사람의맞는프로그램을지원하겠다고말했다고
p24_u32,p24,ce_s80,우리학교관계나우리아이들이관광객으로앞으로한사람한사람에맞는마법프로그램을지원하겠다고말했다고
p24_u32,p24,ce_s160,우리학교관계는우리아이들이관광객에성장할수있도록앞으로도한사람한사람에맞는마카프로그램을지원하겠다고말했다고
p24_u32,p24,taps_s80,국성도들이타투관계자는우리아이들이관광하게상상할수있도록한상황이한사람을만날프로그램에지원하겠다고말다.
p24_u32,p24,taps_s160,곡성도들이타관계자는우리아이들이관광하게성장할수있도록앞으로도한성한사람을만날프로그램에지원하겠다고말다.
p24_u32,p24,ce_visible,했던거우리학교관계는우리아이들이관광객항상할수있도록앞으로한사람한사람의맞는프로그램을지원하겠다고말했다고
p24_u32,p24,ce_invisible,곡성으로들이타관계자는우리아이들이관광하게성산할수있도록앞으로도한성한사람을만날프로그램에지원하겠다고말다.
p24_u33,p24,taps,전남혜랑그냥러시아오크라이나사태딸은유리비상승록이나농업인들의경영비부담을위해농직에면세일글비에일부를지원한다.
p24_u33,p24,ce,안싸그라미성균관이나노린드레광양대보다넘기고넘기고예비에 1부를구워난다.
p24_u33,p24,ce_s40,한얼은유비비상종동이나농업인데광영비단하오이래용비도명비유비어난다.
p24_u33,p24,ce_s80,한세달이나해나름유비비상승동이나농업인데광영이랑원활이래용비도명비유비어난다.
p24_u33,p24,ce_s160,안싸는유비비상승동이나농업인데경영비부담이네. 농비디오명비유비부를그거한다.
p24_u33,p24,taps_s80,전남혜랑그냥러시아오크라이나사태딸은유리비상승록이나농업인들의방영비부담을위해농직에면세일글비에일부를지원한다.
p24_u33,p24,taps_s160,전남혜랑그냥러시아오크라이나사태에따른유류비상승록이나농업인들의경영비부담을위해농직에면세일글비에일부를지원한다.
p24_u33,p24,ce_visible,안쎄나는유비리비상종동이나농협에관한비환이래넘기고넘기고예비에 1부를구워난다.
p24_u33,p24,ce_invisible,전남혜랑그냥러시아오크라이나사태딸은유리비상승록이나농업인들의경영비부담을위해농직에면세일글비에일부를지원한다.
p24_u34,p24,taps,지원비용은  리터당 1008으로 3억 7천만원을 748만 2008 물량에지원하게된다.
p24_u34,p24,ce,허다
p24_u34,p24,ce_s40,나
p24_u34,p24,ce_s80,이쁘다
p24_u34,p24,ce_s160,이쁘다했나? 나
p24_u34,p24,taps_s80,"지원비용은  리터당 1000원으로 3억 7천만원을투입 748만 2008, 밑터물량에지원하게된다."
p24_u34,p24,taps_s160,"지원비용은  리터당 1008원으로 3억 7천만원에투입 748만 2008, 물량에지원하게된다."
p24_u34,p24,ce_visible,허다
p24_u34,p24,ce_invisible,지원비용은  리터당 1008으로 3억 7천만원을 748만 2008 물량에지원하게된다.
p24_u35,p24,taps,"농업기계면세기구입비지원을받으려는농업이는냉면이나농협등에비치한사업신청서개인정보해제공, 동서를지역농협에배출하면된다."
p24_u35,p24,ce,농업그니까명비지원을받으러는농업이면은면이나농협입으면하복을미역농협에라면
p24_u35,p24,ce_s40,농업이넘기고의비지원을받으러는농업이는음년이나농협비전허벅지를미역농협에라면면나와.
p24_u35,p24,ce_s80,농업이면제로그입기지원을안내던농업이는음년이나농협보면하오행방법외동을이학농협에라면면다
p24_u35,p24,ce_s160,농업그니까연비지원을안내려놓은농업이면은면이나농협입양복을입학용어네명다
p24_u35,p24,taps_s80,"농업기계연쇄기지원을받으려는농업이는냉면이나농협등에비치한사업신청서개인정보도, 동서를지역농협에배출하면된다."
p24_u35,p24,taps_s160,"농업기계연쇄기지원을받으려는농업이는능면이나농협등에비치한사업신청서개인정보해제공, 동서를지역농협에제출하면된다."
p24_u35,p24,ce_visible,"농업그니까명비지원을받으러는농업이면은년이나농협입으면와행방불해, 배공유보를이학농협에라면"
p24_u35,p24,ce_invisible,"농업기계면세기구입비지원을받으려는농업이는냉면이나농협등에비치한사업신청서개인정보해제공, 동서를지역농협에배출하면된다."
p24_u36,p24,taps,"지원대상담은회사라주세로돈농업이로지역농협에면세유구입구들을발급받은농업인증넌새유입기, 지원사업은신선많이제출한사람나."
p24_u36,p24,ce,나는너무빠른이다.
p24_u36,p24,ce_s40,나는모르겠어. 남대교빠른은비왕복이나.
p24_u36,p24,ce_s80,나는모르겠어. 너무빼유리했고입백할인이나.
p24_u36,p24,ce_s160,나는모르겠어. 남대유로이거빠른 0이나.
p24_u36,p24,taps_s80,지원대상담은우리나라주세로돈농업이로지역농협에면세유구입구들을발급받은농업인증면세유구입기지원사업은총을제출한사람이다.
p24_u36,p24,taps_s160,지원대상담은회사라주세로돈농업이로지역농협에면세유구입구들을발급빠른농업인증넌새끼지원사업은총을제출한사람이다.
p24_u36,p24,ce_visible,나는너무빠른이다.
p24_u36,p24,ce_invisible,"지원대상담은회사라주세로돈농업이로지역농협에면세유구입구들을발급받은농업인증넌새유입기, 지원사업은신선많이제출한사람나."
p24_u37,p24,taps,"지원유동은농업이배정받은농업기계형, 면제유류중 3월부터 6회까지 4개월간하여간뛰어와경만사당된다."
p24_u37,p24,ce,유안유동은노리배정받은영어야왕혜랑연다
p24_u37,p24,ce_s40,이번이매장많은영어중하나로 6월까지 6개월간한번해당된다
p24_u37,p24,ce_s80,이번이매장많은영어중한시부터요일까지 4개월한요하려면회장된다
p24_u37,p24,ce_s160,이번이매장많은영어중하나부터 6월까지 4개월한요하려면회장된다
p24_u37,p24,taps_s80,"지원유동은농업이배정받은농업기계형, 면제유류중 3월부터 6회까지 4개월간한혜화유아, 경희만사당된다."
p24_u37,p24,taps_s160,"지원유동은농업이배정받은농업기계형, 면제유류중 3월부터 6화까지 4개월간하오간띠어미화, 경만사당된다."
p24_u37,p24,ce_visible,유안유동은노리배정받은영어야왕해당된다
p24_u37,p24,ce_invisible,"지원유동은농업이배정받은농업기계형, 면제유류중 3월부터 6회까지 4개월간하여간뛰어와경만사당된다."
p24_u38,p24,taps,개인델전형도면세유배정신절에기준으로올해 4개월살짜리맞고유급한다.
p24_u38,p24,ce,안열고명드명작오래봤지.
p24_u38,p24,ce_s40,안봐.
p24_u38,p24,ce_s80,안봐요봤지?
p24_u38,p24,ce_s160,안연대옆에
p24_u38,p24,taps_s80,개인결전년도면세배정신절에기준으로올해 4개월은살신적에맞고판다.
p24_u38,p24,taps_s160,개인결전년도면세배정신절에기준으로올해 4개월은살신적에맞고유급한다.
p24_u38,p24,ce_visible,안열고명드명작을봤지.
p24_u38,p24,ce_invisible,개인델전형도면세유배정신절에기준으로올해 4개월살짜리맞고유급한다.
p24_u39,p24,taps,군에서는지역농협에서전수한사업신청서를기준으로농업인절배정령과함양을  근거로사업배상자와예산소액을최종사님해오보조금이직업할예정이다.
p24_u39,p24,ce,왜안뜨니까너무예방이다.
p24_u39,p24,ce_s40,왜나는배정당후보
p24_u39,p24,ce_s80,왜나는애정란거야해방예방하고
p24_u39,p24,ce_s160,왜? 안간거야?
p24_u39,p24,taps_s80,군에서는지역농협에서전수한사업신청서를기준으로농업인절배정령과함을긴거로사업배상자와예산소액을최종사임해오보조금이직업할예정이다.
p24_u39,p24,taps_s160,군에서는지역농협에서전수한사업신설을기준으로농업인절배정령과함을긴거로사업배상자와예산소액을최종사임해보조금이직업할예정이다.
p24_u39,p24,ce_visible,왜안뜨니까너무예방이다.
p24_u39,p24,ce_invisible,군에서는지역농협에서전수한사업신청서를기준으로농업인절배정령과함양을  근거로사업배상자와예산소액을최종사님해오보조금이직업할예정이다.
p24_u40,p24,taps,비엔테이투잡은거는흥래제철에대해목표가 5만 5천원투좌이견매주를제시했다.
p24_u40,p24,ce,미안. 오만오천이백
p24_u40,p24,ce_s40,미안 5만 5천이면
p24_u40,p24,ce_s80,미안 5만원이면
p24_u40,p24,ce_s160,아오만원이면
p24_u40,p24,taps_s80,비엔이테이투잡은거는흥래제철에대해목표가 5만 5천원투좌이겼을제시했다.
p24_u40,p24,taps_s160,비엔이테이투잡은거는플래제철에대해목표가 5만 5천원투좌이견매주를제시했다.
p24_u40,p24,ce_visible,미안. 오만오천
p24_u40,p24,ce_invisible,비엔테이투잡은거는흥래제철에대해목표가 5만 5천원투좌이견매주를제시했다.
p24_u41,p24,taps,쿠릴 FM 발드에따르면디엔테이투다증권은최근현달에대한보고서를통해델리전이후로나팬대믹수준까지하라됐다며이력치발했다.
p24_u41,p24,ce,아니따려면일베는한네시간이나겠다.
p24_u41,p24,ce_s40,엔아이그냥따르면일베이바는
p24_u41,p24,ce_s80,엔아이따르면엔딩으로이겼
p24_u41,p24,ce_s160,아니따릉이
p24_u41,p24,taps_s80,쿠릴 FM 발드에따르면디엔테이투다증권은최근현대제철에대한보고서를통해델리전이후로마팬대믹수준까지하라됐다며이력치발겠다.
p24_u41,p24,taps_s160,쿠릴 FM 발드에따르면비행기투다증권은책은현대제철에대한보고서를통해델리전이후로마팬대미수준까지하라됐다며이력치발겠다.
p24_u41,p24,ce_visible,엔아이그냥빠르면 1등버릴거에요아니면이거
p24_u41,p24,ce_invisible,쿠릴 FM 발드에따르면디엔테이투다증권은최근현달에대한보고서를통해델리전이후로나팬대믹수준까지하라그랬다며이력치발했다.
p24_u42,p24,taps,"비엔테이투다증권은국내밀철강시황의지속적인약사리보이면서한봉기, 봉상당민, 여련가격이예상보다더하락했다고분석했다."
p24_u42,p24,ce,이아이가화났겠다.
p24_u42,p24,ce_s40,이헐광시화공이에요하는
p24_u42,p24,ce_s80,이헐광시장겠다.
p24_u42,p24,ce_s160,이광식황금?
p24_u42,p24,taps_s80,"비엔테이투다증권은국내매강시황이지속적인약사리보이면서산본기, 봉상민여락가격이예상보다더하겠다고분석했다."
p24_u42,p24,taps_s160,"비엔테이투다증권은국내미, 철강시황의지속적인약사리보이면서한봉기, 봉상당및여령가격이예상보다더하얗겠다고분석했다."
p24_u42,p24,ce_visible,이아이가화났겠다.
p24_u42,p24,ce_invisible,"비엔테이투다증권은국내밀광시황의지속적인약사리보이면서한봉기, 봉상당민, 여련가격이예상보다더하락했다고분석했다."
p24_u43,p24,taps,"현대, 철강시상은공급보다수요분사가문제인데, 중국건설경기구준이정기화되면서동아시아철강시앙에부담해주고오빠고해석했다."
p24_u43,p24,ce,아이공부하다보면
p24_u43,p24,ce_s40,아문대?
p24_u43,p24,ce_s80,아문대? 안귀여워.
p24_u43,p24,ce_s160,홍대아니면공기보다 15분인데외국간다매공기업이런거해야되면해갖겠다.
p24_u43,p24,taps_s80,"현대, 철산시장은공급보다수여두나가문제인데, 중국건설경기구준이정기화되면서동아시아철상시황에부담해주고오빠고해석했다."
p24_u43,p24,taps_s160,"현대, 철강시상은공급보다수요두나가문제인데, 중국건설경기니전기해야되면서동아시아철강시앙에부담해주고오빠고해석했다."
p24_u43,p24,ce_visible,아니공기업빨간
p24_u43,p24,ce_invisible,"현대, 철강시상은공급보다수요분사가문제인데, 중국건설경기구준이정기화되면서동아시아철강시앙에부담해주고오빠고해석했다."
p24_u44,p24,taps,국내수요산업도전년동기대비역성장을지속하면서쿠팡에대해한전풍력의배척수용한약한상황이로소득했다.
p24_u44,p24,ce,보기역해.
p24_u44,p24,ce_s40,역당
p24_u44,p24,ce_s80,
p24_u44,p24,ce_s160,
p24_u44,p24,taps_s80,국내수요산업도전년동기대비역성장을지속하면서쿠팡에대해한전풍력겨쳐수요가약한상황이로소득했다.
p24_u44,p24,taps_s160,국내수요산업도전년동기대비역성장을지속하면서쿠팡에대해한전풍력겨쳐수요가약한상황이로소득했다.
p24_u44,p24,ce_visible,보기역해.
p24_u44,p24,ce_invisible,국내수요산업도전년동기대비역성장을지속하면서쿠팡에대해한전풍력의배척수용한약한상황이로소득했다.
p24_u45,p24,taps,"비엔페잇투좌진거는 4분기에는고로, 수입원과하라국영강액하라마무리와성수기  속자루, 실종소복될거반망했다."
p24_u45,p24,ce,그거는하봉기에는고로원가하라공용방역하라고마무리와안망했다.
p24_u45,p24,ce_s40,이다본거는하복비에는브로원가하라공용악역하라고마무리와안망했다.
p24_u45,p24,ce_s80,이왕에다본거는하봉비에는고로이원가하라공영광가격하나마무리와안망했다.
p24_u45,p24,ce_s160,그거는하봉기에는브로원가하라공용악역하라고마무리와성규엄마
p24_u45,p24,taps_s80,"비엘, 회의투좌진거는 4분기에는고로, 수입원과하라국영강객하라마무리와성수기효과로실적이소복되거으로변망했다."
p24_u45,p24,taps_s160,"비엔회의투맞은거는 4분기에는고로, 수입원과하라궁년간가객하라마무리와성수기, 효과로실적이소복되거수로변망했다."
p24_u45,p24,ce_visible,그거는하봉기에는고로원가하라공용방역하라고마무리와안망했다.
p24_u45,p24,ce_invisible,"비엔페잇투좌진거는 4분기에는고로, 수입원과하라국영강액하라마무리와성수기  속가로실적이소복될것으로변망했다."
p24_u46,p24,taps,경쟁사회피해붙고가예상보다지연될경우여련후판을판로난과가격이정도배송될가능성이있다고내가봤다.
p24_u46,p24,ce,양배추요양보나연대한명안와? 나맞다.
p24_u46,p24,ce_s40,양배추아맞다.
p24_u46,p24,ce_s80,양배추안와맞다.
p24_u46,p24,ce_s160,영등포가여동보다연달아요런거영상이있다고? 내가봤다.
p24_u46,p24,taps_s80,경쟁사회피해붙고가예상보다지연될경우여련후판을판로난과가격이정도배송될가능성이있다고내가봤다.
p24_u46,p24,taps_s160,경쟁사회복구가예상보다지연될경우여련후판을판로양과가격이정도보연될가능성은있다고내가봤다.
p24_u46,p24,ce_visible,양배추요양보나연대한번도안가? 나맞다.
p24_u46,p24,ce_invisible,경쟁사회피해붙고가예상보다지연될경우여련후판을판로난과가격이정도배송될가능성이있다고내가봤다.
p24_u47,p24,taps,끼를강조화전남은아침기온이전날보다 3구가장더떨어지면서추구한더기상을부릴것으로보인다.
p24_u47,p24,ce,양주야. 아오늘만나기보다상대방떨어지면나
p24_u47,p24,ce_s40,양주야. 아오늘만나기보다상대방도떨어지면나
p24_u47,p24,ce_s80,광주야. 건담은아은나이보다상도바냥더떨어지면서보인다.
p24_u47,p24,ce_s160,양주야. 언니만나기보다한글바냥떨어지는거지뭐
p24_u47,p24,taps_s80,끼를강조화전남은아침기온이전날보다 3구가장더떨어지면서추구한더기승을부릴것으로보인다.
p24_u47,p24,taps_s160,끼를강조화전남은아침기온이전날보다 3구가장더떨어지면서추구한더웃기지부릴것으로보인다.
p24_u47,p24,ce_visible,1회당구야. 만나면아또만나기보다상대과량도떨어지면나
p24_u47,p24,ce_invisible,끼를강조화전남은아침기온이전날보다 3구가장더떨어지면서추구한더기상을부릴것으로보인다.
p24_u48,p24,taps,특히발암도강하게보면서해감운동은영화도낙은귀여움과는귀여운변화로인하건강관리요구된다.
p24_u48,p24,ce,발암동에보면서호감온도는영하 5도나께군인나도영화몇개한윗변화로인하공강갈래? 아그린다.
p24_u48,p24,ce_s40,발암동에보면서호감온도는영하 5도나께군인나중이런거몇개중이후노론이나건강해보이나.
p24_u48,p24,ce_s80,발암동에보면서해변운동은영어도낚였음나중영어로안가고.
p24_u48,p24,ce_s160,발암동에보면서호감운동이나건강해놨두고한다.
p24_u48,p24,taps_s80,특히발암도강하게보면서해감운동은영화오도귀여운변화로인하건강관리는자기가요구된다.
p24_u48,p24,taps_s160,특히발암도강하게보면서해감운동도영화도약간귀여운변화로인한건강관리는자기가욕을낸다.
p24_u48,p24,ce_visible,발암동에보면서호감온도는영하 5도영화몇개한윗변화로인하공강갈래? 아그린다.
p24_u48,p24,ce_invisible,특히발암도강하게보면서해감운동은영화도낙은귀여움과는귀여운변화로인하건강관리요구된다.
p24_u49,p24,taps,이날대부분지만약에송파주의보가바르든가운데아침최소기운은영화 5도에서영도나최고기온은이도에서펜도로예상된다.
p24_u49,p24,ce,이하에피부는약에행사미부가바르던데아트태국면은영하 5도약간영도나빼고는이도로위험성댔어.
p24_u49,p24,ce_s40,이브론즈미브가바르는건데아영악오도약간영국나빼고는미국에서태어난다.
p24_u49,p24,ce_s80,이부분아 5 약간영국나빼고이거한나
p24_u49,p24,ce_s160,이하에피부에슈퍼비보가바르는건데아트태국면은영화오도약간영복나태국비유는이거더하면된다.
p24_u49,p24,taps_s80,이날대부분지만약에송파주의보가바르든가운데아침최소기운은여하오도에서영도나최고기온은이도에서앤또로예상된다.
p24_u49,p24,taps_s160,이날대부분지만약에송파주의보가바르든가운데아침최소기운은영화 5도에서영도나최고기온은이도에서앤또로예상된다.
p24_u49,p24,ce_visible,이하에피부는약에행사미부가바르던데아트빼고는영하 5도약간영복나빼고는이불더러워.
p24_u49,p24,ce_invisible,이날대부분지만약에송파주의보가바르든가운데아침최소기운은영화 5도에서영도나최고기온은이도에서펜도로예상된다.
p24_u50,p24,taps,"소릴상해서송송엔비교류가북서를타고요기대면서새벽까지난전남사이안에밤부터는전남, 북부서해안에비난오는곳이있겠다."
p24_u50,p24,ce,이고용내가복사품이파고유입되면서해보까지는전남성여안해안불편하겠다.
p24_u50,p24,ce_s40,이고용내가복사끊고유입되면서해보까지는존나상해안해암보편안한전남북선에문이오는곳이있겠다.
p24_u50,p24,ce_s80,이고용내가복사품이파고유입되면서해독까지는존나상해안해암보편안한전남북선에문이오는곳이있겠다.
p24_u50,p24,ce_s160,이고용내가복이빼면서전망선이안해암보터는존나복숭이안했구나몸이오는곳이있겠다.
p24_u50,p24,taps_s80,"속을상해서송송엔비교류가북서를타고요이때면서새벽까지난전남, 수앙의  안에밤부터는전남, 북부서연에비닐오는곳이있겠다."
p24_u50,p24,taps_s160,"소액상에서청소맨비구름데가북서통을타고요기대면서새벽까지난전남, 수앙이안해. 밤부터는전남, 북부서해안에비닐오는곳이있겠다."
p24_u50,p24,ce_visible,이고용내가복어빼고유입되면서해보까지는덧나면성형안해안불편하겠다.
p24_u50,p24,ce_invisible,"소릴상해서송송엔비교류가북서를타고요기대면서새벽까지난전남사이안에밤부터는전남, 북부서해안에비난오는곳이있겠다."
p24_u51,p24,taps,서울남서브바다에는집에서신문부터퍼뜩해. 당한발암과함께쓰래. 4.0 밑에높이에서도가서로앤데성우랑조합하는선바엔뭐이해야겠다.
p24_u51,p24,ce,그래남파도뭔바다에는휴게소미퍼포먼스에방한발암과함께홍대가끔영밑으로높이에파도가윗급으로예보대한년에 5급 3마개모임해야겠다.
p24_u51,p24,ce_s40,그래남파도뭔바다에는휴게소미법그얘방바란거함께홍대가끔영밑으로높게가보로예배한년에 5급 3마개는유입해야겠다.
p24_u51,p24,ce_s80,그래남파도뭔바다에는휴게소한명댓글에방한바람과함께홍대가끔영밑으로높게가보로예배한년에오나경이해야겠다.
p24_u51,p24,ce_s160,그래남파도뭔바다에는휴대폰에관한발암과함께홍대가이거해보래한년에 5억 3박에유인해야겠다.
p24_u51,p24,taps_s80,서울남서브바다에는집에서신공부터험세케에당한발언과함께초대 4.0 밑에높이에하도외모되성인아하는선박은무의해야겠다.
p24_u51,p24,taps_s160,서울남서브먼  바다에는집에서신공부터퍼세트에당한발언과함께초대 4.0 밑에높이에서가 6점엠되성당선바는요기해야겠다.
p24_u51,p24,ce_visible,그래남파도뭔바다에는휴게소미퍼포먼스에방한발암과함께홍대가끔영밑으로높이에파도가윗급으로예보대한년에 5급 3마개모임해야겠다.
p24_u51,p24,ce_invisible,서울남서브바다에는집에서신문부터퍼뜩해. 당한발암과함께쓰래. 4.0 밑에높기에소도가서로앤데성우랑조합하는선바엔뭐이해야겠다.
p24_u52,p24,taps,"비또는눈이오는지역은가시거리가짧겠스여이나눈이여러, 도로가미꾸라패스니? 그통안정을더유난바라고기상청은당부했다."
p24_u52,p24,ce,그리고이또는모르는기억은아귀걸이가짧게주면이날눈이멀어서미끄럽유완전유난광고했다.
p24_u52,p24,ce_s40,너는모르는구역은귀걸이가짧겠구만이날눈이멀어서미끄럽게안되는거유명한데
p24_u52,p24,ce_s80,그리고이또는노는기억은아귀걸이가짧겠구만이날눈이멀어서미끄럽게입고완전윤아.
p24_u52,p24,ce_s160,그리고이또는모르는구역은아귀걸이가짧겠구이날눈이멀어서묶어놓고언니는방모르겠다.
p24_u52,p24,taps_s80,"비또는눈이있는지역은가시거리가짧겠스여. 인하눈이여러, 도로가미꾸라기쓰니? 그또안전해도유난바르고기상청은당부했다."
p24_u52,p24,taps_s160,"비또는눈이있는지역은가시거리가짧혔으니까눈이여러, 도로가미꾸러케쓰니? 그통장은더유난바르고기상청은당부했다."
p24_u52,p24,ce_visible,그리고이또는모르는구역은아귀걸이가짧게며이날눈이멀어서미끄럽유완전유난광고했다.
p24_u52,p24,ce_invisible,"비또는눈이오는지역은가시거리가짧겠스여이나눈이여러, 도로가미꾸라패스니? 그통안정을더유난바라고기상청은당부했다."
p24_u53,p24,taps,광주지방청관계자는광주전남에심각한과목이이어지고있어신관속물저렴행동해. 신인들에적극적인상여를부탁드린다고말했다.
p24_u53,p24,ce,나는말했다.
p24_u53,p24,ce_s40,나는말했다.
p24_u53,p24,ce_s80,나는말했다.
p24_u53,p24,ce_s160,안겨나는
p24_u53,p24,taps_s80,광주지방청관계자는광주전남에심각한과목이이어지고있어. 승안속물저렴행동해. 신인들에적극적인상여를부탁드린다고말했다.
p24_u53,p24,taps_s160,광주지방청관계자는광주전남에심각한과목이이어지고있어. 승현속물저렴행동해. 신인들에적극적인상여를부탁드린다고말했다.
p24_u53,p24,ce_visible,나는말했다.
p24_u53,p24,ce_invisible,광주지방청관계자는광주전남에심각한과목이이어지고있어신관속물저렴행동해. 신인들에적극적인상여를부탁드린다고말했다.
p24_u54,p24,taps,경주경주시와경주문화재단은제 49에신화문화재시도당소프토들을모집한다.
p24_u54,p24,ce,왕복나는
p24_u54,p24,ce_s40,왕복왕복
p24_u54,p24,ce_s80,왕복
p24_u54,p24,ce_s160,왕복와닿을까?
p24_u54,p24,taps_s80,경주경주시와경주문화재단은제 49회드라문하듯이풍도당소프토들을모집한다.
p24_u54,p24,taps_s160,경북경주시와경주문화재단은제 49에최하문화제시송도당소프터들을모집한다.
p24_u54,p24,ce_visible,왕복
p24_u54,p24,ce_invisible,경주경주시와경주문화재단은제 49에신화문화재시도당소프토들을모집한다.
p24_u55,p24,taps,제 49에신화문화재프퍼드는축제를직접말리고즐기고 10분 10회대상으로손절한다.
p24_u55,p24,ce,헤 49회무난해묶여말리고 eb 배상으로송말한다.
p24_u55,p24,ce_s40,에라문화네묶여말리고 eb 배상으로속마를한다.
p24_u55,p24,ce_s80,왜? 묶어말리고  데리고한다.
p24_u55,p24,ce_s160,회사십분에일하무난해묶어말리고 eb 배상으로속마합니다.
p24_u55,p24,taps_s80,제 49에신라문화재써퍼드는축제를직접말리고즐기고 10분 10회대상으로손절한다.
p24_u55,p24,taps_s160,제 49에신과문화재떡볶이는축제를직접말리고즐기고이번기회에대상으로  손발한다.
p24_u55,p24,ce_visible,헤 49회무난해묶여말리고 eb 배상으로송말한다.
p24_u55,p24,ce_invisible,제 49에신화문화재프퍼드는축제를직접말리고즐기고 10분 10회대상으로손절한다.
p24_u56,p24,taps,만 7세이상에경주에거주하는경주시민의도는정주내에서재직되학중인사람은누구나신선할수있다.
p24_u56,p24,ce,네
p24_u56,p24,ce_s40,네.
p24_u56,p24,ce_s80,네
p24_u56,p24,ce_s160,네.
p24_u56,p24,taps_s80,만 7세이상에경주시에거주하는경주신일도는정주내에서대직이대학적인사람은누구나신선할수있다.
p24_u56,p24,taps_s160,만 7세이상에경주시에거주하는경주시민의도는정주내에서대학교재학중인사람은누구나신청할수있다.
p24_u56,p24,ce_visible,네
p24_u56,p24,ce_invisible,만 7세이상에경주에거주하는경주시민의도는정주내에서재직되학중인사람은누구나신선할수있다.
p24_u57,p24,taps,손발은실패드는세 49에신로분하드써포터뷰로활동해요. 블로그에센스중에하루에온라인홍보컨숭을제작한다.
p24_u57,p24,ce,아니활동을
p24_u57,p24,ce_s40,아니홍보
p24_u57,p24,ce_s80,아니
p24_u57,p24,ce_s160,아니.
p24_u57,p24,taps_s80,손발한 11퍼즈는세 49에신로분하드써포터뷰로활동해요. 블로그 SNS 중에활용한온라인홍보컨숭을제작한다.
p24_u57,p24,taps_s160,손발한시후기버드는제 49에신로분하드써포터뷰로활동해요. 블로그에스중에활용한온라인홍보컨숭을제작한다.
p24_u57,p24,ce_visible,아니홍보
p24_u57,p24,ce_invisible,손발은실패드는세 49에신로분하드써포터뷰로활동해요. 블로그에센스중에하루에온라인홍보컨숭을제작한다.
p24_u58,p24,taps,일과함께서포터즈활동키노한전문가교육과경주예술을전당에서진행하는빽스테이그토능다양한활동에참여할수있다.
p24_u58,p24,ce,뭔가예술한다는
p24_u58,p24,ce_s40,뭔가예술한다는
p24_u58,p24,ce_s80,안뭔가예술은할수있다.
p24_u58,p24,ce_s160,뭔가예술한다는
p24_u58,p24,taps_s80,일과함께서포터즈활동시간전문가교육과경주예술을전당에서진행하는팩스테이크다양한활동에참여할수있다.
p24_u58,p24,taps_s160,일과함께서포터즈활동키노한전문가교육과경주예술을전당에서진행하는팩스테이그투어든다양한활동에참여할수있다.
p24_u58,p24,ce_visible,뭔가예쁠것은있다.
p24_u58,p24,ce_invisible,일과함께서포터즈활동키노한전문가교육과경주예술을전당에서진행하는빽스테이그토능다양한활동에참여할수있다.
p24_u59,p24,taps,"한달된서퍼주에게는활동들을지원하고보수, 서퍼주활동자를선정해. 서포산도진행한다."
p24_u59,p24,ce,얘는똥그래? 요원하고한장에공장한다.
p24_u59,p24,ce_s40,얘는똥그래? 상당해간다.
p24_u59,p24,ce_s80,얘는상당해간다.
p24_u59,p24,ce_s160,얘는상당해간다.
p24_u59,p24,taps_s80,"3달된소퍼얘기하는활동들을지원하고 5수, 서퍼주활동자를선정해. 소상도진행한다."
p24_u59,p24,taps_s160,"한달은서포주에는활동들을지원하고보수, 서퍼주활동자를선정해. 소상도진행한다."
p24_u59,p24,ce_visible,얘는똥그래? 요원하고한장에간다.
p24_u59,p24,ce_invisible,"한달된서퍼주에게는활동들을지원하고보수, 서퍼주활동자를선정해. 서포산도진행한다."
p24_u60,p24,taps,"접수기간은 5는 6월, 3일열여덟문화드라, 경주시차홈페이지에서신청서를작성한도, 전장우편으로제출하면된다."
p24_u60,p24,ce,오늘은유지
p24_u60,p24,ce_s40,오늘은유튜버있네.
p24_u60,p24,ce_s80,오늘은유지해
p24_u60,p24,ce_s160,이거는유월 3일 8시까지있네왕국당
p24_u60,p24,taps_s80,"접수기간은 5는 6월, 3일까지인형, 경주문화재란일, 병주시청홈페이지에서신청서를작성한후, 전장우편으로제출하면된다."
p24_u60,p24,taps_s160,"접수기간은 5는 6월, 3일시까지입영주문화재란일, 경주시청홈페이지에서신청서를작성한 5, 전장우편으로제출하면된다."
p24_u60,p24,ce_visible,오늘은유지
p24_u60,p24,ce_invisible,"접수기간은 5는 6월, 3일열여덟문화드라, 경주시차홈페이지에서신청서를작성한도, 전장우편으로제출하면된다."
p24_u61,p24,taps,"자세한내행, 경주문화재단, 홈페이지나경주문화재단, 축제사업같이도못야면든다."
p24_u61,p24,ce,아매우매우영드문하대나는너뭔얘기하냐
p24_u61,p24,ce_s40,아매우매우영주문화재나는그분하오늘
p24_u61,p24,ce_s80,사대영드문하대나는후배문화재다금너뭔유나무
p24_u61,p24,ce_s160,아매우매우는영주문화재나는홍대영구하테난후라
p24_u61,p24,taps_s80,"자세한내행, 경주문화재단홈페이지나경주문화재단, 축제사업같은것도문예."
p24_u61,p24,taps_s160,"자세한내용인경주문화재단홈페이지나경주문화재단, 축제사업같이못니하면된다."
p24_u61,p24,ce_visible,아매우매우영등포나억수문하드라너뭔얘기하냐
p24_u61,p24,ce_invisible,"자세한내행, 경주문화재단, 홈페이지나경주문화재단, 축제사업같이도못야면든다."
p24_u62,p24,taps,내년예산안서류를이한총대인원성터인신애가키첨옛본간설비를둘러싸여야대리비로열리지못하고있다.
p24_u62,p24,ce,내년예배한 8일이면가. 원광이래. 여자로열리지도못하고있다.
p24_u62,p24,ce_s40,내년예배랑띠를이면오르기원쁠원이십외가한국이래. 못누군있다.
p24_u62,p24,ce_s80,내년예체능 3일후기상무열시내가한국이래. 못누군있다.
p24_u62,p24,ce_s160,내년예배크래. 원쁠원이십외가은근땡큐열이열리못하고있다.
p24_u62,p24,taps_s80,내년예산안서류를이한총대인원성터인신애가휘청객공간설비를둘렀던열야대리비로열리지못하고있다.
p24_u62,p24,taps_s160,내년예산안서릴한청소인신애가협찬옛본관설비를둘렀던열야대리비로열리지못하고있다.
p24_u62,p24,ce_visible,내년예배랑똥그래.
p24_u62,p24,ce_invisible,내년예산안서류를이한총대인원성터인신애가키첨옛본간설비를둘러싸여야대리비로열리지못하고있다.
p24_u63,p24,taps,청조시외는내년예산안설일에위에 22일오전 10시제 75에인식에제 1차본회의를열기로했으나법으로인주당의원들에등원업으로열리지못하고있다.
p24_u63,p24,ce,평균은내년예시한 7일이네 22 5점 10 5회인식해 0 정도열기로했구나몰업주당의원들에동문법으로열입이못하고있다.
p24_u63,p24,ce_s40,평균은내년예시한 7일이네 22 5점 10 5회인수해엉성대열기로했구나몰업주당의원들에동문으로법으로열입이못하고있다.
p24_u63,p24,ce_s80,평소이면은내년예시한 7일이네 22 5점 105에인수해엉생열기로했구나아뭐라고명규랑의원들에공원으로열입이못하고있다.
p24_u63,p24,ce_s160,평균 12면은내년예시한 7일이네이 12일오전 10회인수해엉덩이열기로했구나아뭐라고명규랑의원들에응원법으로열입이못하고있다.
p24_u63,p24,taps_s80,성조시외는내년예산안설에위에 22일오전 10시제 75에인식에제 1차본회의를열기로했으나법으로인주당의원들에등원겁으로열리지못하고있다.
p24_u63,p24,taps_s160,"청조시외는내년예산안설일에위에 22일오전 10시제 3 7 5회, 인식에제 1차본회의를열기로했으나법으로인주당의원들에등원겁으로열리지못하고있다."
p24_u63,p24,ce_visible,평균은내년예시한 7회 22 5점 10 5회인식해열기로했구나몰업주당의원들에동문법으로열입이못하고있다.
p24_u63,p24,ce_invisible,청조시외는내년예산안설일에위에 22일오전 10시제 75에인식에제 1차본회의를열기로했으나  법으로인주당의원들에등원업으로열리지못하고있다.
p24_u64,p24,taps,열야원이나의원총무를있따라갖고협의를버렸어. 옛시청봉같은작업이를둘러싸 2년을준비지못하고있으며인하오후 4시에다시열야협의를버리기로했다.
p24_u64,p24,ce,열한있다이거지머리로했다.
p24_u64,p24,ce_s40,열한의견이있다. 이거하고머리위로했다.
p24_u64,p24,ce_s80,있다이거지로했다.
p24_u64,p24,ce_s160,있다이거지.
p24_u64,p24,taps_s80,"열야원이나의원총무를있따라갖고협의를버렸으나옛 10 정, 봉구같은철거비를둘러산 2년을준비지못하고있으며잉한오후 4시에다시여야혈이를버리기로했다."
p24_u64,p24,taps_s160,열한원이나의원총무를있따라갔고서비를버렸으나옛시청봉같은작업이를둘러산 2년을준비지못하고있으며잉한오후 4시에다시여야협의를버리기로했다.
p24_u64,p24,ce_visible,열한있다이거지열한시머리위로했다.
p24_u64,p24,ce_invisible,열야원이나의원총무를있따라갖고협의를버렸어. 옛시청봉같은작업이를둘러싸 2년을준비지못하고있으며인하오후 4시에다시열야협의를버리기로했다.
p24_u65,p24,taps,국민에의원들은법으로민주랑응원이면서공간설과의견에보인애인응원을설득해. 의의결정 22명을채우고철없이예산에통과시래하고있다.
p24_u65,p24,ce,의외로의원들은일부러연결을의원들원간팔고의견을모인의의원을의정부에팔고할거도예술하고있다.
p24_u65,p24,ce_s40,의원의원있지? 은근빨고의견을의의원을의리의식이유명해. 예술보고이러하고있다.
p24_u65,p24,ce_s80,의의원연결을왜하는지왕십벌이의견을의심이하고이런하고있다.
p24_u65,p24,ce_s160,의원연결은의원있지? 은근빼고의견을 5인 A 의원을의심인형을해도있다.
p24_u65,p24,taps_s80,국민에행원들은법으로민주랑응원이면서공간설과의견에보이는애인 5원을설득해. 의의될정 22명을채우고철없이예산에통과시길에하고있다.
p24_u65,p24,taps_s160,국민해의원들은법으로민주랑응원이면서공간설과의견에보이는애인응원을채득해. 의의될정수힌 20명을채우고철없이예산에통과시래하고있다.
p24_u65,p24,ce_visible,의외로의원들은일부러연결을의원들원간팔고의견을모인의의원을의정부에팔고할거도예술하고있다.
p24_u65,p24,ce_invisible,국민에의원들은법으로민주랑응원이면서공간설과의견에보인애인응원을설득해. 의의결정 22명을채우고철없이예산에통과시래하고있다.
p24_u66,p24,taps,법으로민주당요원대로 a 5 원에계속설득하여. 창업이예산에대한수장난에통과시켜야한다는뜻을굽히지않고오빠.
p24_u66,p24,ce,아물어민교랑의원에이의원
p24_u66,p24,ce_s40,아물어읽었는데도에이의원
p24_u66,p24,ce_s80,앞으로민주랑의원에이의원회로나눠
p24_u66,p24,ce_s160,아물어볼게.
p24_u66,p24,taps_s80,법으로민주당요원대로  에이 5원에계속설득하며청겁이예산에대한소장안에통과시켜야한다는뜻을국비지않고오빠.
p24_u66,p24,taps_s160,법으로민주당요원대로 a 5원에계속설득하며청겁이예산에대한소장안에통과시켜야한다는뜻을국비지않고오빠.
p24_u66,p24,ce_visible,아물어민교랑의원에이의원
p24_u66,p24,ce_invisible,법으로민주당요원대로 a 5 원에계속설득하여. 창업이예산에대한수장난에통과시켜야한다는뜻을굽히지않고오빠.
p24_u67,p24,taps,미나까지여야협의가되지않아. 예산처리가무산되면연관세부일수도사로밖에남지않아. 사상철이에윤예산발등이우려내고있다.
p24_u67,p24,ce,여자회비가되지않아예산평가무당되면연관회계남지않아. 하강평소에예상패우연애하고있다.
p24_u67,p24,ce_s40,옛날까지여자회비가되지않아예산프로가무당되면인간회비에남지않아. 하강에예당이오래되고있다.
p24_u67,p24,ce_s80,일날까지여자회비가되지않아예능한편으로되면연관회복후밖에남지않아. 하강에예당이오래되고있다.
p24_u67,p24,ce_s160,연애회비가되지않아예산평수가마당되면인간회비를받게남지않아. 하반기에뭔예산이오래되고있다.
p24_u67,p24,taps_s80,민아까지여야협의가되지않아. 예산처리가무산되면연관해보일수도사로밖에남지않아. 사상철이에준예산발등이우려야되고있다.
p24_u67,p24,taps_s160,이나까지여야협의가되지않아. 예산처리가무산되면연관해보일수도사료밖에남지않아. 사상철이에은예산발등이오래되고있다.
p24_u67,p24,ce_visible,여자회비가되지않아예산평가무당되면연관회계남잖아. 하강의무용예술쪽이오래되고있다.
p24_u67,p24,ce_invisible,미나까지여야협의가되지않아. 예산처리가무산되면연관세부일수도사로밖에남지않아. 사상철이에윤예산발등이우려내고있다.
p24_u68,p24,taps,동해지역에서코로낳고죽단가려면발생한요양시설에서오미크론변이관련사례보스로환된가운데코주경주확주사가계속계속하고있다.
p24_u68,p24,ce,미안해하고있다.
p24_u68,p24,ce_s40,미안해하고있다.
p24_u68,p24,ce_s80,미안해하고있다.
p24_u68,p24,ce_s160,미안해하고있다.
p24_u68,p24,taps_s80,동해지역에서코로낳을거주당가격이발생한요양시설에서오미크론변이관련사례인보스로환장해. 코트경주중자가계속풀하고있다.
p24_u68,p24,taps_s160,동해지역에서코로낳고죽단가념이발생한요양시설에서오미크론변이관련살인벗으로하는데가운데코주경주중자가계속토를하고있다.
p24_u68,p24,ce_visible,미안해하고있다.
p24_u68,p24,ce_invisible,동해지역에서코로낳고죽단가려면발생한요양시설에서오미크론변이관련사례보스로환된가운데코주경주확주사가계속계속하고있다.
p24_u69,p24,taps,"11 동의시보건장국에따르면동해지영 A설에서코트, 경중, 90 대행위, 최적, 양상관점을받았다."
p24_u69,p24,ce,동해지보고한국에따르면동해주양에이요양시설에서경리중대생 1 경우당
p24_u69,p24,ce_s40,동해지보고한국에따르면동해주영 A설에서경리중대생리세종양성세일정도.
p24_u69,p24,ce_s80,동해지보고한국에따르면동해주령에이요양소설에서경리중대생 3 받았다.
p24_u69,p24,ce_s160,동해지보건당국에따르면동해주용에이요양시설에서경리중대생 35 받았다.
p24_u69,p24,taps_s80,"11 동의시보건장국에따르면동해지영에요양시설에서코어트, 경중, 90 대생이최저고, 양성판정을받았다."
p24_u69,p24,taps_s160,"11 동의시보건장국에따르면동해지영에요양시설에서코트, 경중, 90 대생이최저고, 양상관점을받았다."
p24_u69,p24,ce_visible,동해지보고한국에따르면동해주령에이요양시설에서경리중대생 1 경우따.
p24_u69,p24,ce_invisible,"11 동의시보건장국에따르면동해지영 A설에서코트, 경중, 90 대행위, 최적, 양상관점을받았다."
p24_u70,p24,taps,"시설익조자 90명중, 스물두명과종사자 6, 7명중 11명이학생사로분류행수로알려졌다."
p24_u70,p24,ce,명중후배몇명와 6등명열한명알려겠다.
p24_u70,p24,ce_s40,명중에몇명와 6등명열한명으로알려놨다.
p24_u70,p24,ce_s80,명중에몇명와 6등명열한명열명으로알려줬다.
p24_u70,p24,ce_s160,명규명거야? 영주당 6주면열한명으로알려봐야겠다.
p24_u70,p24,taps_s80,"시설익조자 90명중 32명과중사자 6, 7명중 11명이학생사로블루행수로알려졌다."
p24_u70,p24,taps_s160,"시설읽고자 90명중 32명와종사자 6, 7명중 11명이학생사로블루행으로알려졌다."
p24_u70,p24,ce_visible,명중후배몇명와 6등명열한명알려겠다.
p24_u70,p24,ce_invisible,"시설익조자 90명중, 스물두명과종사자 6, 7명중 11명이학생사로분류행수로알려졌다."
p24_u71,p24,taps,특히확신자서검사면중 119명이초등이크론변이학진자로밝혀서불안감은높아지고있다.
p24_u71,p24,ce,응근데양주열일곱명이회당 50그램이학생대로바꿨어. 그런
p24_u71,p24,ce_s40,응근데안주열일곱명이그래도 5일그런변이확정으로바꿨어.
p24_u71,p24,ce_s80,근데그런중. 여일곱명. 그래도 5일그런변이확정으로바꿨어. 그런
p24_u71,p24,ce_s160,응. 근데학교는양주여일관계학종으로바꿨어. 그런거만겹쳐두고있지.
p24_u71,p24,taps_s80,특히확신자설검사면중연일곱명이초등 5미터런이학진자로밝혀서불안감은높아지고있다.
p24_u71,p24,taps_s160,"특히확신자섬중이최정, 오미크론변이확젠자로발대서불안감은높아지고있다."
p24_u71,p24,ce_visible,응근데안중. 열일곱명이그래도 5일그런변이확정으로발급해. 그런거있다.
p24_u71,p24,ce_invisible,특히확신자서검사면중 119명이초등이크론변이학진자로밝혀서불안감은높아지고있다.
p24_u72,p24,taps,"이게동의시와보건당국은확신자들의경우, 강릉과후예지역전단병원으로이상하고내에서는잇소 11다고밝혔다."
p24_u72,p24,ce,이게동의수학은더강론도공원역안간병원으로입구하고항상내병원이쁘지한명하고있다고
p24_u72,p24,ce_s40,이게보건당곡은더강론도안당병원으로입구하고이쁘다한명하고있다고
p24_u72,p24,ce_s80,이게동국은다들역안당해놓고해병이쁘다한명하고있다고
p24_u72,p24,ce_s160,이게동의수학보건당국은다강릉도종합건강으로입고가면이쁘다정리하고있고
p24_u72,p24,taps_s80,"이게동해시와보건당국은확신자들의경우, 강릉과후예지역전단병원으로이상하고취소내에서는잇소에칠십퍼냉을경리하고있다고밝혔다."
p24_u72,p24,taps_s160,"이게동해시와보건당국은확신자들의경우, 강릉과후예지역전단병원으로이상하고취소내에서는잇소칠십퍼냉을귤은경리하고있다고밝혔다."
p24_u72,p24,ce_visible,이게동의수학은더강론도공원역안간병원으로입구하고항상내병원이쁘다한병이있정리하고있구막
p24_u72,p24,ce_invisible,"이게동의시와보건당국은확신자들의경우, 강릉과후예지역전단병원으로이상하고내에서는잇소 11다고밝혔다."
p24_u73,p24,taps,"또한봉사자들의경우, 시선에숙식이어려운상황이라. 강네숙박시살, 3곡 4만 7에각각분산됐지."
p24_u73,p24,ce,소원동사래석집이어려운상황이라안내서일곱마일곱시래악역셋째였다.
p24_u73,p24,ce_s40,그래되게어려웠겠다.
p24_u73,p24,ce_s80,용달그램이다. 이거
p24_u73,p24,ce_s160,용산그래어되게어려운상황이라안내서일곱마일곱시였다.
p24_u73,p24,taps_s80,"또한종사자들의경우, 시선에숙식이어려운상황이라. 강래숙박시살, 3곡마흔일곱시에각각분산됐지. 나"
p24_u73,p24,taps_s160,"또한종사자들의경우, 시선에숙식이어려운상황이라. 강래숙박시살, 3곡 4, 7시래. 각각분산됐지. 나"
p24_u73,p24,ce_visible,"소원동사가그래숙소어려움상황이라안돼. 7,000이래. 공장배웠지."
p24_u73,p24,ce_invisible,"또한봉사자들의경우, 시선에숙식이어려운상황이라. 강네숙박시살, 3곡 4만 7에각각분산됐지."
p24_u74,p24,taps,"근데요양시설내에서는레벨 D, 방어복을입은의도증이매일피시할검사와쫌이케소록등을세시하고있다."
p24_u74,p24,ce,근데요양색깔매냐면레벨방어복을입은의료비메이플스공사와. 이렇게보고있다.
p24_u74,p24,ce_s40,근데요양색깔매냐면레벨방어복을입은의료비메이플스공사와에어 PS 하고있다.
p24_u74,p24,ce_s80,근데  싶지거면레벨방을입은에르내일 PS로나와. 왜이렇게하고있다.
p24_u74,p24,ce_s160,근데은레벨 5 나와. 왜두고있다.
p24_u74,p24,taps_s80,"근데요양시설내에서는레벨 D, 방어복을입은의료증이매일피셜감사와쫌이케소록등을세시하고있다."
p24_u74,p24,taps_s160,"근데요양주설내에서는레벨 D, 방어복을입은의도증이매일피셜검사와쫌이케소록등을세시하고있다."
p24_u74,p24,ce_visible,근데요양색깔매냐면레벨방어복을입은에르내일 PS 공사와요렇게구구있다.
p24_u74,p24,ce_invisible,"근데요양시설내에서는레벨 D, 방어복을입은의도증이매일피시할검사와쫌이케소록등을세시하고있다."
p24_u75,p24,taps,"이화관련해신면 16일까지관내, 경무당 100, 2, 7개를임시시간좋지하고방학, 밍, 동달이완전정감은진행한다."
p24_u75,p24,ce,안돼언니랑이모티콘왕십리?
p24_u75,p24,ce_s40,2억? 안먹어이미옮기기엉터리왕십리?
p24_u75,p24,ce_s80,음이미이쁘게꾸미옹기종? 옹골안가.
p24_u75,p24,ce_s160,알려? 어여기까지왔는데일곱인한두개? 엉뚱하면
p24_u75,p24,taps_s80,"이화관련해, 10은 16일까지관내경무장백수, 일곱개를  임시시간좋지하고방역왕이동절기완전정감은진행한다."
p24_u75,p24,taps_s160,"이화관련해, 10은 16일까지관내경무장백수,  일곱개를  임시시간좋지하고방역화학, 동절기완전정감은진행한다."
p24_u75,p24,ce_visible,안돼언니랑이모티콘왕중에
p24_u75,p24,ce_invisible,"이화관련해신면 16일까지관내, 경무당 100, 2, 7개를임시시간좋지하고방학, 밍, 동달이완전정감은진행한다."
p24_u76,p24,taps,전남순회한골프장에서여성불퍼가연못에빠져손진사건과관련해. 경사의경기보더원을이권에조사하고있다.
p24_u76,p24,ce,나는포르투갈한골프장에서여성보일러가연못에빠진순위권달면에영화있거는보상하고있다.
p24_u76,p24,ce_s40,연 3에한골프장에서여동골퍼가옆모에빠져서원과간에영달이경기보더원을입금에보장하고있다.
p24_u76,p24,ce_s80,연남동산이황포장에서여동골퍼가옆모에빠져서원과발레병자리경기하고있다.
p24_u76,p24,ce_s160,연초다음에한골프장에서여성보이간연못에빠진순수해서연구관련해. 병자리경기도에보상하고있다.
p24_u76,p24,taps_s80,전남수전에한골프장에서여성불퍼가연못에빠져선진사건과발년에경사의경기보더원을이권에조사하고있다.
p24_u76,p24,taps_s160,전남순천에한골프장에서여성불퍼가연못에빠져선진사건과관련해. 경사의경기보더원을이권에조사하고있다.
p24_u76,p24,ce_visible,나는포전에함골프장에서여성보일러가연못에빠진순원과관련해. 양털이경기보정원을입금에보장하고있다.
p24_u76,p24,ce_invisible,전남순회한골프장에서여성불퍼가연못에빠져손진사건과관련해. 경사의경기보더원을이권에조사하고있다.
p24_u77,p24,taps,"전남걘살생은실설성, 불프장, 경기보도원에이즈래업무상갓을주사현로이꺼내도사이있다고배겼다."
p24_u77,p24,ce,
p24_u77,p24,ce_s40,
p24_u77,p24,ce_s80,
p24_u77,p24,ce_s160,
p24_u77,p24,taps_s80,"전남걘살생은실설은성, 불프장, 경기보도원에이즈래업무상빚을주사현으로이꺼내도사이있다고바르다."
p24_u77,p24,taps_s160,"전남걘살생은실상속불투장, 경기보두원에이즈래업무상갓을주사현건에도사이있다고발겼다."
p24_u77,p24,ce_visible,
p24_u77,p24,ce_invisible,"전남걘살생은실설성, 불프장, 경기보도원에이즈래업무상갓을주사현로이꺼내도사이있다고배겼다."
p24_u78,p24,taps,베이스는순서미순골프장연구제빠져 50대골퍼  BC다고하관련해. BCA 이향성은경보하지않은상대받고오빠
p24_u78,p24,ce,
p24_u78,p24,ce_s40,맞어.
p24_u78,p24,ce_s80,맞어.
p24_u78,p24,ce_s160,
p24_u78,p24,taps_s80,에이씨는순서미흰골프장연구에빠져서 50대골퍼 bc 사고와관련해. BCA 이향성은경보하지않은사람들이받고오빠.
p24_u78,p24,taps_s160,"에이씨는순서미신골프장, 연구가손질오십대골프 bc 사고와관련해. BCA 이향성을경고하지않은사람들이받고오빠"
p24_u78,p24,ce_visible,
p24_u78,p24,ce_invisible,베이스는순서미순골프장연구제빠져 50대골퍼  BC다고하관련해. BCA 이향성은경고하지않은상대받고
p24_u79,p24,taps,"LG는뷰씨가골프공을죽기위해과떨어져, 성공연무정으로향하는데도, 말류하지않았고, 완전관리도소홀히한이유로조절을바꿔."
p24_u79,p24,ce,응. 이거이쁘고이이런거떨어지고말하지않았고안녕하세요. 하고있다.
p24_u79,p24,ce_s40,나는이거이쁘고이런거떨어지고엄마도말하지않았고안녕하세요. 하고있다.
p24_u79,p24,ce_s80,응. 이런거떨어지고말하지않았고안되는관리.
p24_u79,p24,ce_s160,응이런거따로하지않을려고
p24_u79,p24,taps_s80,"LG는뷰씨가골프공을죽기위해엔가떨어져,  성공, 연못쪽으로상하는데도, 말류하지않았고, 완전관리도소홀히한위로조절을바꿔."
p24_u79,p24,taps_s160,"H는뷰씨가골프공을죽기위해일행과떨어져, 성공면모정으로상하는데도, 말려하지않았고, 완전관리도소홀히한이유는조절을바꿔."
p24_u79,p24,ce_visible,걔는이거이쁘고이미래? 이런거떨어지고말하지않았고안녕하세요. 하고있다.
p24_u79,p24,ce_invisible,"LG는뷰씨가골프공을죽기위해과떨어져, 20, 면모정으로향하는데도, 말류하지않았고, 완전관리도소홀히한이유로조절을바꿔."
p24_u80,p24,taps,아빠정찰은연못중에우타리가살찌를지않은점은시설물완전좋지가충분하지않았다며골프장완전잠담자한명이있거네조선하고있다.
p24_u80,p24,ce,아닌가?
p24_u80,p24,ce_s40,아니.
p24_u80,p24,ce_s80,아니뻥치지않았다고
p24_u80,p24,ce_s160,아닌가? 안당하고있다.
p24_u80,p24,taps_s80,아빠정찰은연못중에우타리가살지를지않은점은시설물완전좋지가충분하지않았다며골프장안전잠당자한명이있거네. 조사하고있다.
p24_u80,p24,taps_s160,아빠정찰은연못중에우타리가살지를지않은점은시설물완전좋지가충분하지않았다며그포장안전잠들자한명이이번에조사하고있다.
p24_u80,p24,ce_visible,아닌가?
p24_u80,p24,ce_invisible,아빠정찰은연못중에우타리가살찌를지않은점은시설물완전좋지가충분하지않았다며골프장완전잠담자한명이있거네조선하고있다.
p24_u81,p24,taps,"병살은골프장메사고, 예방조치가전반적으로소홀했던것으로보고중대제외첩을보상중대시면제해당하는여부를강토하고있다."
p24_u81,p24,ce,화장대하고있다.
p24_u81,p24,ce_s40,화장대하고싶다.
p24_u81,p24,ce_s80,이쁘장해하고막우리뻐근해. 빵하고있더라.
p24_u81,p24,ce_s160,화장대하고네하고있다.
p24_u81,p24,taps_s80,경찰은골프장매사고예방조치가전반적으로소홀했던것으로보고중대제외첩을보상중대신인제해당하는여부를강토하고있다.
p24_u81,p24,taps_s160,경찰은골프장매사고예방조치가전반적으로소홀했던것으로보고중대제의첩을보상중대신의재해당하는여부를강토하고있다.
p24_u81,p24,ce_visible,화장대하고있다.
p24_u81,p24,ce_invisible,"병살은골프장메사고, 예방조치가전반적으로소홀했던것으로보고중대제외첩을보상중대시면제해당하는여부를강토하고있다."
p24_u82,p24,taps,"지난 4월 27일오전 8일분쯤전남수선에한골프장에서 5시, 여성골프가 6타리가없는연못에서삼립회뷔페연못에"
p24_u82,p24,ce,오티가없는
p24_u82,p24,ce_s40,오징어며느리없머연못.
p24_u82,p24,ce_s80,어
p24_u82,p24,ce_s160,아뭐연못.
p24_u82,p24,taps_s80,"지난 4월 27일오전 8시 51분쯤전남수선에한골프장에서 5시, 여성골프가 6타리가없는연못에서삼립회뷔페연못에빠졌어."
p24_u82,p24,taps_s160,"지난 4월 27일오전 8시 51분쯤전남수선에한골프장에서 5시, 여성골프가 6타리가없는연못에서구공을중여다 3립대뷔페연못에"
p24_u82,p24,ce_visible,오티가없는
p24_u82,p24,ce_invisible,"지난 4월 27일오전 8시 51분쯤전남수선에한골프장에서 5시, 여성골프가 6타리가없는연못에서삼립회뷔페연못에"
p24_u83,p24,taps,"형집토지주택공사가우주택세대, 구성원이면누구나신청할수있는전세형주택 939에대한청약접수를전식 1월부터실수한담에밝혔다."
p24_u83,p24,ce,안돼.
p24_u83,p24,ce_s40,안돼요?
p24_u83,p24,ce_s80,
p24_u83,p24,ce_s160,아니.
p24_u83,p24,taps_s80,"형집토지주택공사가우주택세대, 구성원이면누구나신청할수있는전세형주택 939에대한청약잡스를 31일부터 3수한다고밝혔"
p24_u83,p24,taps_s160,"형집토지주택공사가우주택세대, 구성원이면누구나신청할수있는전세형주택 939에대한청약잡스를전식 1월부터실수한담에밝혔다."
p24_u83,p24,ce_visible,안돼.
p24_u83,p24,ce_invisible,"형집토지주택공사가우주택세대, 구성원이면누구나신청할수있는전세형주택 939에대한청약접수를전식 1월부터실수한담에밝혔다."
p24_u84,p24,taps,"전세형주택은시중전셋, 80% 이상수준인데유를축데, 80%까지보너측정에이주자에월인델리부담이낮추야."
p24_u84,p24,ce,
p24_u84,p24,ce_s40,
p24_u84,p24,ce_s80,
p24_u84,p24,ce_s160,
p24_u84,p24,taps_s80,"전세형주택은시중전쇄시살 10퍼센트이상수준이인대율을춘대, 80%까지모든책정에이주자에월인델리부담에낮추임대주택이다."
p24_u84,p24,taps_s160,"전세형주택은시중전셋, 80% 이상수준인데유를춘대, 80%까지보너측정에이주자에월인델리부담이낮추인대주택이다."
p24_u84,p24,ce_visible,
p24_u84,p24,ce_invisible,"전세형주택은시중전셋, 80% 이상수준인데유를축데, 80%까지보너측정에이주자에월인델리부담이낮추야."
p24_u85,p24,taps,뭐주택구성원여권을충족한갱에기본단념비추대기자가없을땐 2년연장까지가능해. 초장 6년거두할수있는건시증이다.
p24_u85,p24,ce,육군하는거지유미나.
p24_u85,p24,ce_s40,육군을통역하는거아니래이빨아니야? 이프에입학용병까지가는게 6년 6년까지나.
p24_u85,p24,ce_s80,육군을통해서하는거아니래이불아니야이당 2년정도간게 2년까지나.
p24_u85,p24,ce_s160,육군하는거지 2년까지
p24_u85,p24,taps_s80,뭐주택쓰댁구성원여권을충족한갱에입원단념이대기자가없을땐 2년연장까지가능해수당 2년거두할수있는건셋팅이나.
p24_u85,p24,taps_s160,뭐주택 200 구성원여권을충족한갱이에이번 4년뒤자 2년연장까지강해투장 6년거두할수있는건시책이다.
p24_u85,p24,ce_visible,육군하는거아니야? 이번아니야이동연장도아니 6년까지나.
p24_u85,p24,ce_invisible,뭐주택구성원여권을충족한갱에기본단념비추대기자가없을땐 2년연장까지가능해. 초장 6년거두할수있는건시증이다.
p24_u86,p24,taps,묶은마련이어려운  경우에는보증금을낮추고월인테리어를높이는보증금전환제도를이용할수있다.
p24_u86,p24,ce,"목돈발연이어려운보증금을놨두고월인대로면높구나, 보증금전환되도록이어폰할수있다"
p24_u86,p24,ce_s40,목권마련이어려운보드는낮추고월인대로에높은고딩도관한대로이응할수있다
p24_u86,p24,ce_s80,목권마련이어려운보드금을놨두고월인대로면높은데도이용할수있다
p24_u86,p24,ce_s160,목은마련이어려운보증금을놨두고월인대로목표는보증금전환되도이용할수있다
p24_u86,p24,taps_s80,묶은마련이어려운경우에는보증금을낮추고월인테리어를높이는보증금전환제도를이용할수있다.
p24_u86,p24,taps_s160,묶은마련이어려운경매는보증금을낮추고월인테리어를높이는보증금전환제도를이용할수있다.
p24_u86,p24,ce_visible,"목돈발연이어려운보증금을놨두고월인대로면높구나, 보증금전환되도록이어폰할수있다"
p24_u86,p24,ce_invisible,묶은마련이어려운  경우에는보증금을낮추고월인테리어를높이는보증금전환제도를이용할수있다.
p24_u87,p24,taps,1원의공급하는 939는건설인대주택청9고매입인대주택 500 40프로성인낄경기지역에유치한다.
p24_u87,p24,ce,이번에공급은 99는항상임대 39 임 500프로한입만기여기한나
p24_u87,p24,ce_s40,이번에공급 99는항상임대백오? 미임임 500부로한입만기연기한다.
p24_u87,p24,ce_s80,이번에공급은 99는항상임대백오? 20 임대 500프로한입만기연기한다.
p24_u87,p24,ce_s160,이번에공급 99는항상임대백세고네입임금 500 한입만기 6 나
p24_u87,p24,taps_s80,1원의공급하는 939는건설인대주택 3994로서임낄경기지역에유치한다.
p24_u87,p24,taps_s160,1년에공급하는 939는건건서인대대 3994로서임낄경기지역에유치한다.
p24_u87,p24,ce_visible,이번에공급은 99는항상임대 39 임 500프로한입만기여기한나
p24_u87,p24,ce_invisible,1원의공급하는 939는건설인대주택청9고매입인대주택 500 40프로성인낄경기지역에유치한다.
p24_u88,p24,taps,"청약수장은 lH 청약센터, 후배임에서이날부터공급신청할수있으면당첨자는계약체도내년 3월부터입주할수있다."
p24_u88,p24,ce,아니
p24_u88,p24,ce_s40,아니
p24_u88,p24,ce_s80,
p24_u88,p24,ce_s160,
p24_u88,p24,taps_s80,청약수장은 lH 청약센터후배임중에서이날부터공급신청할수있으면당첨자는계약체도내년 3월부터입주할수있다.
p24_u88,p24,taps_s160,"청약수장은 lH 청약센터, 후배중에서이날부터공급신청할수있으면당첨자는계약체도내년 3월부터입주할수있다."
p24_u88,p24,ce_visible,아니
p24_u88,p24,ce_invisible,청약수장은 lH 청약센터후배임에서이날부터공급신청할수있으면당첨자는계약체도내년 3월부터입주할수있다.
p24_u89,p24,taps,"경쟁이발생하는경우, 소득수순잔도당첨자를선정하면동일순위에서는전산추천별과외따른다."
p24_u89,p24,ce,"발등하는, 따른애평소에"
p24_u89,p24,ce_s40,발등하는
p24_u89,p24,ce_s80,발등하는순살이 8등아니야? 이렇게
p24_u89,p24,ce_s160,근데발등하는게한달은달이풍경이끝에가면
p24_u89,p24,taps_s80,"경쟁이발생하는경우, 소득수순와다른순도로당첨자를선정하면동일순위에서는전산수천별거에따른다."
p24_u89,p24,taps_s160,"경쟁이발생하는경우, 소득수정을따른순위로방청자를선정하면동일순위에서는전산수천별거에따른다."
p24_u89,p24,ce_visible,"발등하는, 따른애평소에"
p24_u89,p24,ce_invisible,"경쟁이발생하는경우, 소득수순잔도당첨자를선정하면동일순위에서는전산추천별과외따른다."
p24_u90,p24,taps,굴격위해서조그만강아지에목류를들어올려공중해서빙빙빌리던남성과후배방하던잘려던에비망이전해졌다.
p24_u90,p24,ce,거기에서강화도에목요? 은경이변리난남녀?
p24_u90,p24,ce_s40,꼬막강하게목을들어? 나공경이발전한담에반성발로?
p24_u90,p24,ce_s80,거기에서강화도에목요? 공기업볼일담남산과함께발령이다르다.
p24_u90,p24,ce_s160,거기에서강화도에목요걸려? 공주본게변가? 발령이? 안해.
p24_u90,p24,taps_s80,굴격위해서조그만강아지에목도릴들어올려공주해서빙빙빌리던남성과석대방하던잘려던에규망이전해졌다.
p24_u90,p24,taps_s160,굴격위해서조그만강아지에목류를들어올려공주해서빙빙빌리던남산과후대방하던달려던애규황이전해졌다.
p24_u90,p24,ce_visible,거기에서강화도에목요? 은빙한다고
p24_u90,p24,ce_invisible,굴격위해서조그만강아지에목류를들어올려공중해서빙빙빌리던남성과후배방하던잘려던에비망이전해졌다.
p24_u91,p24,taps,21 동물권단체크양에따르면강아지요요라는불린한살짜리말지즉한다른새거죽을찾았다.
p24_u91,p24,ce,이제따르면
p24_u91,p24,ce_s40,이사람이먹는건안돼나는.
p24_u91,p24,ce_s80,이건대나는.
p24_u91,p24,ce_s160,이제빨리가.
p24_u91,p24,taps_s80,21 동물권단체크양을따르면강아지요요라는불린한살짜리말지경다론가책을찾았다.
p24_u91,p24,taps_s160,21 동물권단체회원을따르면강아지요요라는불린한살짜리말지즉한다루인가제일과죽을찾았다.
p24_u91,p24,ce_visible,이제따르면
p24_u91,p24,ce_invisible,21 동물권단체크양에따르면강아지요요라는불린한살짜리말지즉한다른새거죽을찾았다.
p24_u92,p24,taps,코어는지난 10일구조한다롱이에사연을공개하고전국에서입양신성을받았다.
p24_u92,p24,ce,구도한발언에할매공개하고영국에서입양신성을받았다.
p24_u92,p24,ce_s40,12원자동에해오공기하고한국에서입양신성을받았다.
p24_u92,p24,ce_s80,옛날 12월 90에하여공개하고영국에서입양신성을받았다.
p24_u92,p24,ce_s160,그어는그냥세브도한발송에해외공개하고영국에서이방송을받았다.
p24_u92,p24,taps_s80,코어는지난 10일구조한다롱이에사연을공개하고전국에서입양신청을받았다.
p24_u92,p24,taps_s160,그면은지난 10일구조한다롱이에사연을공개하고전국에서입양신청을받았다.
p24_u92,p24,ce_visible,구도한발언에할매공개하고영국에서입영신청을받았다.
p24_u92,p24,ce_invisible,코어는지난 10일구조한다롱이에사연을공개하고전국에서입양신성을받았다.
p24_u93,p24,taps,"약 90권의쉰적발음에게가장적합하다고판단한경기도용시에서사는 30대보겠지, 이장에결정이있다."
p24_u93,p24,ce,약십분이아롱역에마당합 8억한다음에영수해서한세장있다가
p24_u93,p24,ce_s40,약십분이아당합 8하다고한다음에영양사에서한세장
p24_u93,p24,ce_s80,약 10권에서연구바당컵하다고판다음에정규영수해서한세네모유튜버.
p24_u93,p24,ce_s160,약 10분에바탕압박한다음에연기세번한 10분있다.
p24_u93,p24,taps_s80,"약 90권의신, 정, 발홍에게가장적합하다도판단한경기도용시에사는 30대보유의지대이장에결정이있다."
p24_u93,p24,taps_s160,"약 90권을쓴정, 발홍에게가장복합하다도판단은경기도용시에서사는 30대보유지대이장에결정이다."
p24_u93,p24,ce_visible,약십분이아롱역에바당압박하고한다음에영수해서한세장있다가
p24_u93,p24,ce_invisible,"약 90권의쉰적발음에게가장적합하다도판단한경기도용시에서사는 30대보겠지, 이장에결정이있다."
p24_u94,p24,taps,저런주택에산거있어. 다론가마운거뛰어놀수있고기존에팀은다른말티즈한마리가있어. 다론가외롭지않을거랑풍선했다고한다.
p24_u94,p24,ce,빼고이런말하는거있지. 아롱이있다고
p24_u94,p24,ce_s40,빼고있지않을거래.
p24_u94,p24,ce_s80,빼고마운것도있고이런소리가있어외롭고하는
p24_u94,p24,ce_s160,어내가알고있있어. 이동해가있어외롭지않을거라고올라.
p24_u94,p24,taps_s80,저런주택에살고있어. 다론가마음껏뛰어놀수있고기존에팀은다른말티즈한마리가있어. 다론가외롭지않을거랑풍선했다고한다.
p24_u94,p24,taps_s160,저번주택에살고있어. 다론가마음껏뛰어놀수있고기존에팀은다른말띠지한마리가있어. 다론가맑지않을거랑풍선했다고한다.
p24_u94,p24,ce_visible,빼고이런말하는거있지. 아롱이있다고
p24_u94,p24,ce_invisible,저런주택에산거있어. 다론가마운거뛰어놀수있고기존에팀은다른말티즈한마리가있어. 다론가외롭지않을거랑풍선했다고한다.
p24_u95,p24,taps,케어는반려견에마치종량감처럼다루는동영상이온라인에학자마자서울인터뷰에사는남성 A 씨를진한시비는찾아갔다.
p24_u95,p24,ce,알려견을맞지동양감사람다루는동영상이온라인에효과가어남성애입술에진한이 3등했다.
p24_u95,p24,ce_s40,알려견을맞지동양감사람다루는동영상이온라인에효과가  헐평구해파면남성 ASM 찾아갔다.
p24_u95,p24,ce_s80,알려견을맞지엉망진사람다루는동영상이온라인에협상하다헐평구해파는남성 ASM 찾아갔다.
p24_u95,p24,ce_s160,알려견을맞지동양감사람다루는동영상이온라인에협상하다해은평구에서하면남성에잇쓰레이나갔다
p24_u95,p24,taps_s80,"케어는반려견을마치종량빤사람다루는동영상이온라인에석사마다서울인턴구해사는남성, 에이씨를지난 10인찾아갔다."
p24_u95,p24,taps_s160,케어는반려견에마치종량감처럼다루는동영상이온라인에학자마자서울인터뷰에사는남성에잇시를지난 10인찾아갔다.
p24_u95,p24,ce_visible,알려견을맞지동양감사람다루는동영상이온라인에었다하면남성애입술에진한집에찾아갔다.
p24_u95,p24,ce_invisible,케어는반려견에마치종량감처럼다루는동영상이온라인에학자마자서울인터뷰에사는남성 A 씨를진한시비는찾아갔다.
p24_u96,p24,taps,에이스는소모탑이호텔영상을보여주자터서오스역. 앞에서강아지를딩빈돌리는모습을반복하기도했다.
p24_u96,p24,ce,에이비는핸드폰이후뜬영상을보였다해서앞에서강아지를옮긴거는반복하기도했다.
p24_u96,p24,ce_s40,에이트는핸드폰이확정영상이뭐였지용긴꼬였는반복하기도했다.
p24_u96,p24,ce_s80,에이즈는힙합영상뭐였드라인비는볼링은나
p24_u96,p24,ce_s160,에이터는핸드폰이후뜬영상을보였다해서앞에서빙빙돌연모습을반복하기도했다.
p24_u96,p24,taps_s80,베이스는소모탑이흑돼영상을보여주자터서오스며앞에서강아지를딩빈돌리는모습을반복하니도했다.
p24_u96,p24,taps_s160,베이스는홍어즈비후퇴영상을보여주자터서오스역앞에서강아지를딩빈돌리는모습을반복하니도했다.
p24_u96,p24,ce_visible,에이비는핸드폰이후뜬영상을보였다해서앞에서강아지를옮긴거는반복하기도했다.
p24_u96,p24,ce_invisible,에이스는소모탑이호텔영상을보여주자터서오스역. 앞에서강아지를딩빈돌리는모습을반복하기도했다.
p24_u97,p24,taps,혜화활동들은세시간넘게잉까리에서에이티가걔소속거는소고로선택했고결국소비꺼를받았다.
p24_u97,p24,ce,어맞다.
p24_u97,p24,ce_s40,똥그래서 ASM5를받았다.
p24_u97,p24,ce_s80,똥마늘바께속얼굴.
p24_u97,p24,ce_s160,어
p24_u97,p24,taps_s80,그냥활동가들은한시간넘게긴까리에서에이스가걔에소보거는소고도록할게됐고결국 4B 각서를받았다.
p24_u97,p24,taps_s160,혈압들은한시간넘게잉까리에서 as가걔소보거는소고도록할게됐고결국포b 박사를받았다.
p24_u97,p24,ce_visible,어.
p24_u97,p24,ce_invisible,혜화활동들은세시간넘게잉까리에서에이티가걔소속거는소고로선택했고결국소비꺼를받았다.
p24_u98,p24,taps,"한편향은에이스를동물보호법, 일반현구경찰에신고했고, 서울, 은평경찰서는서울에인정해, ac를지날 144 넘찰을성취했다."
p24_u98,p24,ce,한번하면은에이스로하는거방치로쓴거있고한일이인정해줘
p24_u98,p24,ce_s40,한판하면은에이쓰리봉구비한거신고했고헐평한
p24_u98,p24,ce_s80,한번은에이쓰리봉구레신고있고하응
p24_u98,p24,ce_s160,한번하면은에이스로하는거신고있고한글로인정해줘
p24_u98,p24,taps_s80,"한편쿠양은에이스를동물보호법, 일반현고경찰에신고했고, 서울, 은평경찰서는선물을인정해, ac를지날 144, 건찰을성취했다."
p24_u98,p24,taps_s160,"한편향은에이스를동물보호법, 일반현구경찰에신고했고서울, 은평경찰서는선물을인정해, ac를지날수록살을성취했다."
p24_u98,p24,ce_visible,한판하면은에이스종로에신고했고헐평성광어인정해줘
p24_u98,p24,ce_invisible,"한편향은에이스를동물보호법, 일반현구경찰에신고했고, 서울, 은평경찰서는인정해, ac를지날 144 넘찰을성취했다."
p24_u99,p24,taps,미국은한 40대남성이복권산매저번에세수로 100만단나이당첨되는면을잉께따
p24_u99,p24,ce,미국한달후꺼냈다.
p24_u99,p24,ce_s40,미국만
p24_u99,p24,ce_s80,미국
p24_u99,p24,ce_s160,미국은나.
p24_u99,p24,taps_s80,미국은한 40대남성이복권산매정온에실수로 100만달러에당첨되는년에됐다.
p24_u99,p24,taps_s160,미국은한 40대남성이복권산래정원에실수로 100만단나이당첨되는행운을잉께 s다
p24_u99,p24,ce_visible,미국한달후꺼냈다.
p24_u99,p24,ce_invisible,미국은한 40대남성이복권산매저번에세수로 100만단나이당첨되는꽤됐다.
p26_u00,p26,taps,온라인에서 2시투덜고정흰색을하던 30대여성이페닉머건을가로된형을신형을받았다.
p26_u00,p26,ce,온라인에서 90프당 90이하던 30대여성이백육십억을그래도한 35를끓여.
p26_u00,p26,ce_s40,온라인에서 95억에하던 30대여성이백육십먹어놓으려고.
p26_u00,p26,ce_s80,몰라. 이래서 30대여성이백육십먹어는그렇
p26_u00,p26,ce_s160,온라인에서 950억원을가르마를끓여받았
p26_u00,p26,taps_s80,온라인에서주시투덜고정행사를하던 30대여성페닉스억원을가로된혐오를신령을받았다.
p26_u00,p26,taps_s160,온라인에서주시투덜고정행사를하던 30대여성에닉머건을가로된  힘으론실령을받았나.
p26_u00,p26,ce_visible,온라인에서 90프다고해서 30 대녀석이백육십억을그래도한 35를끓여.
p26_u00,p26,ce_invisible,온라인에서 2시투덜고정흰색을하던 30대여성이페닉머건을가로된형을신형을받았다.
p26_u01,p26,taps,11일법주에등에따르면대기집업은이날특정경제범죄가진처벌에관한법률이반들이현므로기소된 at에진격관련해서한국에다.
p26_u01,p26,ce,네따르면허벅지함으로에이스비정도겠다.
p26_u01,p26,ce_s40,네따르면백오십버이나범죄범죄화장해서업무만드는에이비는모르겠다.
p26_u01,p26,ce_s80,11 빠르면백오십버이나  경제비 8년을정도겠다.
p26_u01,p26,ce_s160,네따르면백오십버이나범죄화장해허물어에잇은좋겠다.
p26_u01,p26,taps_s80,11일법주에대해따르면대기집업은이날특정경제범죄가진처벌에관한법률이반들이혐오로기술을 at 앱에진격관련해서성공했다.
p26_u01,p26,taps_s160,11일법주에대해따르면대기집업은이날특정경제범죄가진처방해관한법률이반에혐오로기술을 at 앱에진역관련을선교했다.
p26_u01,p26,ce_visible,네따르면 AI
p26_u01,p26,ce_invisible,11일법주에등에따르면대기집업은이날특정경제범죄가진처벌에관한법률이반들이현므로기소된 at에진격관련해서한국에다.
p26_u02,p26,taps,지난 2011년 3월부터에이시언자신에 SNS에수백만원에서수천만원에잘하는순익을얻은사진을허위를올렸다.
p26_u02,p26,ce,그냥 28은 3월부터에잇씨는다신 ASM 에 500만원에서 3만원에바라는토익을언젠사진을후기를올렸다.
p26_u02,p26,ce_s40,그냥 28은 3월부터에잇씨는사진 SNS 한에바라는토익을언젠사진을후기를올렸다
p26_u02,p26,ce_s80,28은 3월부터에잇씨는사진 SNS 한마리바라는토익을어떤사진을올렸다
p26_u02,p26,ce_s160,"2017년 3월부터에잇씨는다신 ASM 에쎄 9, 3만원에바라는프로그램어떤사진을거기로올렸다."
p26_u02,p26,taps_s80,지난 2011년 3월부터 acti는 SNS에수백만원에서수천만원에다라는순위계얻은사진을허위를올렸다.
p26_u02,p26,taps_s160,지난 2011년 3월부터 acti는 SNS에수백만원에서수천만원에잘하는순위계층사진을허위를올렸다.
p26_u02,p26,ce_visible,28은 3월부터에잇씨는다신 ASM 에 3만원에바라는토익을언젠사진을후기를올렸다.
p26_u02,p26,ce_invisible,지난 2011년 3월부터에이시언자신에 SNS에수백만원에서수천만원에잘하는순익을얻은사진을허위를올렸다.
p26_u03,p26,taps,또고급외제차명품되게사진을올리면호화생활에하는이미지를쌓아투덜자사이에서시네타이라고불리기도했다.
p26_u03,p26,ce,어
p26_u03,p26,ce_s40,어
p26_u03,p26,ce_s80,아
p26_u03,p26,ce_s160,어
p26_u03,p26,taps_s80,또고급외제차명품되게사진을올리면호화생활에하는이미지를다투잡을자사이에서시네타니라고불리기도했다.
p26_u03,p26,taps_s160,또고급외제차명품되게사진을올리면호화생활에하는이미지를쌓아투덜대사이에서신을탑텐이라고불리기도했다.
p26_u03,p26,ce_visible,어
p26_u03,p26,ce_invisible,또고급외제차명품되게사진을올리면호화생활에하는이미지를쌓아투덜자사이에서시네타이라고불리기도했다.
p26_u04,p26,taps,"에잇시는주시초명목으로초저자 430을모아백육십, 1억원을가로채고초자강연명목으로 154명으로부터 5억 2개월을받은형으로재판에넘겨졌다."
p26_u04,p26,ce,90프가명목으로사실화면을모아백육십일억원을가로되고효도강원명목으로 154억으로부터 5억이 5월에받으면은 10000이넘겨졌다고
p26_u04,p26,ce_s40,일주일에 40 후에명목으로쓰다가한명을모아백육십일억원을가로되고후다강연명목으로 154명으로부터 5억이 5원을받을수패를넘겨졌다.
p26_u04,p26,ce_s80,일주일에 30표가명목으로뜯어사실화면을모아백육십일억원을그렇대고효도강연명목으로 150억으로보통 5억인가원을받을수넘겨된다.
p26_u04,p26,ce_s160,90프가명목으로모아 161억원을그렇대고효도강원명목으로 150억으로봤던 5학이 5월에받으면애플넘겨.
p26_u04,p26,taps_s80,"1시는 2시초자명목으로초저자 44명을모아백육십, 1억원을가로채고초자강연명목으로 154용으로부터 5억이어원을받은힘으로재판을넘겨졌다."
p26_u04,p26,taps_s160,"1시는 2시포자명목으로초저자 44명을모아백육십, 1억원을가로채고초자강연명목으로 154명으로부터오억 2억원을받은형으로재판을넘겨졌다."
p26_u04,p26,ce_visible,90프가명목으로화면을모아백육십일억원을가로되고효도강원명목으로 154억으로부터 5억이 5월에받으면애달에남겨놨다.
p26_u04,p26,ce_invisible,"에잇시는주시초명목으로초저자 430을모아백육십, 1억원을가로채고초자강연명목으로 154명으로부터 5억 2개월을받은형으로재판에넘겨졌다."
p26_u05,p26,taps,재판블은피게인은 2식투좌능력처럼투좌수입과장고진영등에주작한소위자리들만들어. 피해자들을숙였다며진역팔려을선고했다.
p26_u05,p26,ce,한번은피곤해두색표내면저런쓰일걸단고중형등을조작해서홀드르륵만들어. 이러겠다면해논거였다.
p26_u05,p26,ce_s40,한번은피곤해두색표내놓은거처럼쓰일거장구중형등을조작한후드레벨을만들어. 이러드해두겠다면해논거였다.
p26_u05,p26,ce_s80,한번은피곤해부서내고한번입고당구중형등을조작한후루룩을만들어주면해논거였다.
p26_u05,p26,ce_s160,한번은피곤해한뿌리고당고중형등을도나르게만들어. 이거드레꾸저녁한거였다.
p26_u05,p26,taps_s80,재판블은피글이는 2시투덜니네들뛰어난것처럼투잡에주작한후의자리를만들어. 피해자들을숙였다며진역팔려을선고했다.
p26_u05,p26,taps_s160,재판블은피게인은 2시투잡능력이지뛰어난것처럼투잡한장고진영등에주작한후의제리를잘만들어. 피해자들을숙였다면진역팔려는선고했다.
p26_u05,p26,ce_visible,한번은피곤해두색표내면저런쓰일걸단고중형등을조작해서홀드르륵만들어. 이러겠다면해논거였다.
p26_u05,p26,ce_invisible,재판블은피게인은 2식투좌능력처럼투좌수입과장고진영등에주작한소위자리들만들어. 피해자들을숙였다며진역팔려을선고했다.
p26_u06,p26,taps,그냥흥에대해서는다수의피해자리를언벌을탈원하는점범인을부인하고잘못진지한반성의태도를보이지않는점중에중급했다고설명이다.
p26_u06,p26,ce,양해대사입구역이언벌을뻔해보이면안돼나는건데.
p26_u06,p26,ce_s40,양세대여는다살다드릴언벌을파는곳전문의품이한반세배를구이나는감정이종합했다고생각해.
p26_u06,p26,ce_s80,양해다살인언벌을뻔해보이고단무지함봤는데종합했다고생각했다.
p26_u06,p26,ce_s160,양해다살인언벌을파는곳전문의부인당했다고생각
p26_u06,p26,taps_s80,양흥에대해서는다수의피해자리를언벌을단원하는점범인을부인하고잘못진지한반성의태도를보이지않는점중에종합됐다고설명했다.
p26_u06,p26,taps_s160,양흥에대해서는다수의피해자리를언벌을단원하는점범인을부인하고잘못진지한반성의테두를보이지않는점중에중급했다고설명이다.
p26_u06,p26,ce_visible,양해가서머리를끊으면안돼보이냐고
p26_u06,p26,ce_invisible,양에대해서는다수의피해자리를언벌을탈원하는점범인을부인하고잘못진지한반성의태도를보이지않는점중에중급했다고설명이다.
p26_u07,p26,taps,또형사배상되는신성한피해서 8명에연구를받아들여. 에이씨에에최소천만원에서최대 1억원까지배정할것을몇명있다.
p26_u07,p26,ce,항상배불러를받아들여. 에이네개다 15권까지배정될거같은병행했다.
p26_u07,p26,ce_s40,항상배정당을신서유기다열명을받아들여. 에이배도이후건까지배정될거같애명리겠다.
p26_u07,p26,ce_s80,어항상배정해가면서열명을받아들여. 에이배도이거까지배정을꺼내겠다.
p26_u07,p26,ce_s160,홍삼배경을하면서열명의얼굴을받아들여. 에이케이배도한번해서이두건까지배정할거두명에나와.
p26_u07,p26,taps_s80,또형사배상되는신성한피해서 8명에연구를받아들여. 에이씨에최소 1000만원에서최대 1억원까지배정할것을몇명있다.
p26_u07,p26,taps_s160,또형사배상되는신성한피해서 8명에 6 9를받아들여. 에이씨에최소천만원에서최대 1억원까지배정할것을몇명있다.
p26_u07,p26,ce_visible,항상배불러를받아들여. 에이네개도한번해서 150까지배정될거같은용도에다.
p26_u07,p26,ce_invisible,또형사배상되는신성한피해서 8명에연구를받아들여. 에이씨에에최소천만원에서최대 1억원까지배정할것을몇명있다.
p26_u08,p26,taps,행사회공원재단이전복장수앤지행인들을대상으로일본사를쉬어지엘라고 29일발표나.
p26_u08,p26,ce,165인데나는건복인데대방으로의료봉사를수있게
p26_u08,p26,ce_s40,사회공헌데나는건복은영인들을배당으로의료봉사를수있다고 29일발켰다
p26_u08,p26,ce_s80,사회공헌데난이반복반복은영인들에대방으로의료봉사를했다고 29일발켰다
p26_u08,p26,ce_s160,현역사회공원대다니범인들을배상으로의료봉사를했다고 20분을발켰다고
p26_u08,p26,taps_s80,행사회공원재단이전복장수긴지행인들을대상으로일본사를실질나고 29일발표나.
p26_u08,p26,taps_s160,행사회공원재단이전복장수앤지행인들을대상으로일본사를쉬어지연하고 29일발탔다.
p26_u08,p26,ce_visible,165인데나는건복인데대방으로의료봉사를수있게
p26_u08,p26,ce_invisible,행사회공원재단이전복장수앤지행인들을대상으로일본사를쉬어지엘라고 29일발표나.
p26_u09,p26,taps,"지난 29일부터이날까지진행이된이번의료봉사는무궁화신혁이주관하고, 신획중앙회원사회공원재단에후원, 병일들의료봉사단피맥스내가현역하는사업이다."
p26_u09,p26,ce,난 2월부터이날까지진행되는이번의료봉사는무궁화신어비앤비구관하고휴면중앙회환사회공원데다니구하는사업이다.
p26_u09,p26,ce_s40,22 모일부터이날까지진행되는이번의료봉사는무궁화수교에구관하고냐중앙회환사회공원데다니구하는사업이다
p26_u09,p26,ce_s80,22 모일부터이날까지이번의료봉사는무궁화신어도안하고냐중앙회원사회공원대단해후원대의류공사당후배상영하는사업이다.
p26_u09,p26,ce_s160,225일부터이날빠진인데이번의료봉사는무궁화스텝이구간하고 16회원 16원대다니구난폭력들이하는사업이다.
p26_u09,p26,taps_s80,"지난 29일부터이날까지진행된이번의료봉사는무궁화시내지주관하고신획중앙회원사회공원재단의후원, 병일의료봉사단피객대가협력하는사업이다."
p26_u09,p26,taps_s160,"지난 29일부터이날까지진행된이번의료봉사는무공화신혁이주관하고신획중앙회원사회공원재단에후원, 병일의료봉사단피객들과현역하는사업이다."
p26_u09,p26,ce_visible,난 2월부터이날까지진행되는이번의료봉사는무궁화신문이구간하고 16회원사회공원대다니구하는사업이다.
p26_u09,p26,ce_invisible,"지난 29일부터이날까지진행이된이번의료봉사는무궁화신혁이주관하고, 신획중앙회원사회공원재단에후원, 병일들의료봉사단피맥스내가현역하는사업이다."
p26_u10,p26,taps,무거운신에있는지가온거야방해돼의료보에서는평균수시장해인사가정해. 방수금식랭한명대장으로무료진료를세궁했다.
p26_u10,p26,ce,무궁화식안가본사람은공사같은거해. 양보경약한물배경으로무료진료를배공했다.
p26_u10,p26,ce_s40,무궁화식안가르공사당한평소공사같은거해. 양보경약함해당으로무교를배공했다.
p26_u10,p26,ce_s80,무궁화식얘기는안가르공사공사같은거해. 양세군지영래약함으로무교를배공했다.
p26_u10,p26,ce_s160,무궁화식얘기안가양배추봉사단성형외공사같은거네. 양주양념약품배경으로진료를배공했다.
p26_u10,p26,taps_s80,무궁화신년기인지가온거야방해돼의료보에서는평균시장에봉사자가상해. 방석은시행약천명대장으로무료진료를배경이다.
p26_u10,p26,taps_s160,무궁화신으인지가온거야방예대여보내사다면쫌출시되면봉사자가상해. 방수금지양냉면약천명의대상으로무료진료를세공인다.
p26_u10,p26,ce_visible,무궁화식안가본사람은공사같은거해. 양보경약한물배경으로무료진료를배공했다.
p26_u10,p26,ce_invisible,무거운신에있는지가온거야방해돼의료보에서는평균수시장해인사가정해. 방수금식랭한명대장으로무료진료를세궁했다.
p26_u11,p26,taps,"외과, 친구과, 보안간호과, 중앙과든, 총인 8개파트에서친보한뜬 7일, 여행진료 7, 동양들을기록필버든뭐치매친하게지내겠다."
p26_u11,p26,ce,외과홍보야원과홍몇대가맞지.
p26_u11,p26,ce_s40,몇과홍보까월간호과후꺼내가어맞
p26_u11,p26,ce_s80,외과후꺼야뭐내거야여덟셋다뭐야
p26_u11,p26,ce_s160,외과후꺼야월과학외교과장이옹 8종엠티
p26_u11,p26,taps_s80,"외과, 친구과, 보안간호과, 중앙과든, 총인 8개파트에서친보한뜬 7일, 여행지용, 취미, 불명들지용, 필히버든마치매친하게지내겠다."
p26_u11,p26,taps_s160,"외과, 친구과, 보안간호과, 중엔과장, 총인 8개파트에서친보한뜬 7일, 여행진료  취미, 불행들을지렴힐링막치맥이침좋아하는진행했다."
p26_u11,p26,ce_visible,외과홍보야원과홍몇부
p26_u11,p26,ce_invisible,"외과, 친구과, 보안간호과, 중앙과든, 총인 8개파트에서친보한뜬 7일, 여행진료 7, 동양들을기료페인팅막치매친하게지내겠다."
p26_u12,p26,taps,인협사회공원재나는 2012년부터링관도서상관데의류접근성이낮은시합지역네. 지민을대상으로학예와동계연 2회한방의료봉사사업을실시하고있다.
p26_u12,p26,ce,보는데나는이쁠수있는것보다육이영달로간건데의료비나중쌤영회일대강으로본게연이성당의류공포
p26_u12,p26,ce_s40,보는데나는이쁠수있는것보다육이언가태동산돈데의료비낮은역네일에대당으로본게연이동의료구있다
p26_u12,p26,ce_s80,오근데나는이쁘유형간거찍은건데의료비나쩔지? 연애로본게연이력서
p26_u12,p26,ce_s160,근데나는이쁠수있는것도유명한그거뜬의료비나든지연애의류공사하고있다
p26_u12,p26,taps_s80,인협사회공원재나는 2012년부터링관도서상관데의류적분성에낮은시합지역네. 유민의대상으로학개와동계연 2회한방의료봉사사업을실기하고있다.
p26_u12,p26,taps_s160,"인협사회공원재나는 2012년부터링간도서상관데의류접근성이낮은시합지역네, 주민을대상으로학개와동계연 2회한방의료봉사사업을실시하고있다."
p26_u12,p26,ce_visible,보는데나는이쁠수있는것보다육이영달로간건데의료비나중쌤영회일대강으로본게연이성당의류공포
p26_u12,p26,ce_invisible,인협사회공원재나는 2012년부터링관도서상관데의류접근성이낮은시합지역네. 지민을대상으로학예와동계연 2회한방의료봉사사업을실시하고있다.
p26_u13,p26,taps,현재까지전국시리게기억내. 이래치약  대체 1만73명에게발만느려한방진리를제공했다.
p26_u13,p26,ce,현백까지반복 10억이없네. 한백 3개아니한무료한명이배송했다.
p26_u13,p26,ce_s40,현백까지반복 10억이없네. 한네  하겠다.
p26_u13,p26,ce_s80,현백까지반복 10억이없네. 아니야.
p26_u13,p26,ce_s160,현대까지본거 110이없네. 한번아니야되고
p26_u13,p26,taps_s80,현재까지전국시리게기억내. 일은 7  대체 1만74에게발만느려고한방진을제공했다.
p26_u13,p26,taps_s160,현재까지전국시리게기억내. 이래치약  대체 1만7 상명에게다양한무료한방진리를제공했다.
p26_u13,p26,ce_visible,현백까지반복 10억이약해진한개아니모르겠다.
p26_u13,p26,ce_invisible,현재까지전국시리게기억내. 이래치약  대체 1만73명에게발만느려한방진리를제공했다.
p26_u14,p26,taps,광희대의류봉사단거한신입인디건으로구정된총네명의다원봉사자가 3명이다.
p26_u14,p26,ce,경희대의류봉사단가. 16 인직원으로고정유대 16회다봉사나가살라했다.
p26_u14,p26,ce_s40,경희대의류봉사단가. 16 인직원으로고정유대인회사원봉사나가살다.
p26_u14,p26,ce_s80,경희대의류공사단가. 16 인직원으로고정유대자원봉사나가살다.
p26_u14,p26,ce_s160,유리봉산가 16 인하구남자애한유대원봉사나가살라했다.
p26_u14,p26,taps_s80,광희대의류봉사단거한 10일인직원으로구정된총네명의다원봉사자가참여했다.
p26_u14,p26,taps_s160,광희대의류봉사단과신입인디건으로구정된총네명의다원봉사자가참여했다.
p26_u14,p26,ce_visible,경희대의류봉사단가신입인디건으로그담당총몇회다운봉사나가살라했다.
p26_u14,p26,ce_invisible,광희대의류봉사단거한신입인디건으로구정된총네명의다원봉사잖아. 3명이다.
p26_u15,p26,taps,베이징분게올림픽배막을하러아픈거데베이징은찍어서진자가날들한글이스를기르겠다.
p26_u15,p26,ce,한 2주후에하루아픈거네. 한 2분있다가나이번한달후에기록겠다.
p26_u15,p26,ce_s40,2인 5개월후에하루 10분간대. 이긴한거확인했겠다.
p26_u15,p26,ce_s80,2인 5개월후에하루 10분간대. 이랬더니한달후겠다.
p26_u15,p26,ce_s160,2인이 5개월후엔하루아픈거같네. 한 2분? 이번에한달후겠다.
p26_u15,p26,taps_s80,베이징분게올림픽배막을하러아픈거데베이징햄찍어서진자가나을한자릿수를길게준다.
p26_u15,p26,taps_s160,베이징분게올림픽배막을하러아픈거데베이징햄찍어서틴자가날즈한자리수를기르겠다.
p26_u15,p26,ce_visible,한 2주후에하루아픈거네. 한 2분있다가나이번한달후에기록겠다.
p26_u15,p26,ce_invisible,베이징분게올림픽배막을하러아픈거데베이징은찍어서진자가낮에한저리수를기르겠다.
p26_u16,p26,taps,사실중국국가위생건강위원에따르면전당하러베이징에서는추격진상두명이발생했다.
p26_u16,p26,ce,그거미팅관광위원회나려면미팅을쫌더할테니까.
p26_u16,p26,ce_s40,그거국가위험해. 아니면언니갈비겠다.
p26_u16,p26,ce_s80,그거국가위험해. 이러면언니찍어야겠다.
p26_u16,p26,ce_s160,이거미분광위원회나려면찍어야
p26_u16,p26,taps_s80,3일중국국가위생건강위원에따르면전당하러베이징에서는추가적인사주량이발생했다.
p26_u16,p26,taps_s160,3일중국국가위생건강이어내면전당하러베이징에서는주사진사중앙이발생이다.
p26_u16,p26,ce_visible,그거미뱅공강위원회나려면미팅을쫌더할테니까.
p26_u16,p26,ce_invisible,사실중국국가위생건강위원에따르면전당하러베이징에서는추격진상두명이발생했다.
p26_u17,p26,taps,"베이징에서는지난달, 30일학생당세명이발생한이래. 31일두명이월두명 1명든나할때휴가필기늘지않어."
p26_u17,p26,ce,네.
p26_u17,p26,ce_s40,일아
p26_u17,p26,ce_s80,
p26_u17,p26,ce_s160,2월 1일인가? 놀다가
p26_u17,p26,taps_s80,베이징에서는지난달 30일학생 3명이발생한이래. 31일두명이월두명이일두명든나할때휴가수가 100일늘지않어.
p26_u17,p26,taps_s160,"베이징에서는지난달, 30일학진다세명이발생이래. 31일두명이월두명이일두명든다할때추가학댄다수강피게늘지않어."
p26_u17,p26,ce_visible,네.
p26_u17,p26,ce_invisible,"베이징에서는지난달, 30일학생당세명이발생한이래. 31일두명이월두명 1명든나할때휴가필기늘지않어."
p26_u18,p26,taps,베이징시단국은휴가확진장미지에대해서나왔다면서인생역그게가면정증환자들이라고설명했다.
p26_u18,p26,ce,입증은이거땡겨입고나갔지. 왜냐
p26_u18,p26,ce_s40,입증스러운입고나왔지. 한달이라고다니겠다.
p26_u18,p26,ce_s80,입증한다고양비원에서나왔다면서방출한달일하고 300
p26_u18,p26,ce_s160,이인지로뜬다. 이쁘지. 왜한달일하고다니겠지.
p26_u18,p26,taps_s80,"베이징시단국은추가확신자뭐둘 ig, 정리지에서나왔다면서인생역그게가면정증현자들이라고설명했다."
p26_u18,p26,taps_s160,베이징시단국은추가학기당진정리지에대해서나왔다면서인생에그게가면정증환자들이라고설명했다.
p26_u18,p26,ce_visible,입증은이거땡겨입고나갔다해야지.
p26_u18,p26,ce_invisible,베이징시단국은휴가확진장미지에대해서나왔다면서인생역그게가면정증환자들이라고설명했다.
p26_u19,p26,taps,한편베이징분개올림픽에위에중거리함선수관치즈진데대외관계자의코란할려고누적학진자가 230명이넘어섰다.
p26_u19,p26,ce,한병원베이비올림픽은위에중국이삼성과치대인데나에결혼을무작확인내가 230명을넘었었어.
p26_u19,p26,ce_s40,한병원베이징공대올림픽은위에중국이삼성과치대인데나에결혼을무작확인내가 230명을넘어섰다
p26_u19,p26,ce_s80,한편베이징붕대후린피고위에중국이삼성과치백인데나에코란을누적하기힘들다가 230명을넘어섰다
p26_u19,p26,ce_s160,한편베이비올림픽중국이삼성과치백인데나에결혼을무작확인내가 230명을넘어섰다
p26_u19,p26,taps_s80,상편베이징분개올림픽에위에중거리함선수던거취준데대외관계자의코란할려고누적퍼진다가 230명이넘어서봐.
p26_u19,p26,taps_s160,상편베이징? 봉게올림픽에위에중거리함선수관치즈진데대외관계자의코란할려고누적퍼진다가 230명이넘어섰다.
p26_u19,p26,ce_visible,한병원베이비올림픽은위에중국이삼성과치대인데나에결혼을무작확인내가 230명을넘었었어.
p26_u19,p26,ce_invisible,상편베이징분개올림픽에위에중거리함선수관치즈진데대외관계자의코란할려고누적학진자가 230명이넘어섰다.
p26_u20,p26,taps,"EL, 2층겨올림픽두지비안에따르면전날하루동안둥글필름이국자 32명이그런애를그석진판정해버렸다."
p26_u20,p26,ce,이프이공계올림픽유전에다니면언니공경랭크랜두명뽑을바
p26_u20,p26,ce_s40,이프이공계올림픽이런거공기올림픽이런거똥변해봐.
p26_u20,p26,ce_s80,입은공결린다르면언니화로똥그래밍공대올림픽이런게꽤많이바
p26_u20,p26,ce_s160,이프이공립식으로다른면언나본데올림픽이런조명이그런똥그란영화를봐.
p26_u20,p26,taps_s80,ELP 두지비안에따르면전날하루동안동기올림픽관련입극장 30명이그런애를그석진판정해버렸다.
p26_u20,p26,taps_s160,엘배신돈게올림픽 2D안에따르면전날하루동안둥글필름이극장 30이고르날꺼석진판정해버렸다.
p26_u20,p26,ce_visible,이프이인공지알겠지. 아니면언니공경랭크랜두명뽑을바
p26_u20,p26,ce_invisible,"EL, 2층겨올림픽두지비안에따르면전날하루동안둥글필름이국자 32명이그런애를그석진판정해버렸다."
p26_u21,p26,taps,이에따라동경올림픽광개사에대한핵선검사를시작한지능달 23일부터대박어떤전형까지대외갈확신다음에뭐도 23200으로들었다.
p26_u21,p26,ce,위에따라옮겨야이쁜건사 1억까지나 23일정도아빠도백화점은뭐 200420명은없다.
p26_u21,p26,ce_s40,위에따라은교나에대한핵인검사를해서빠지는날 20분에서납둬야지백화점나는 200까지임용이런데갔다.
p26_u21,p26,ce_s80,위에다공겠다. 20분아프지 3000
p26_u21,p26,ce_s160,28은이렇게 20분까지확신도 200으로
p26_u21,p26,taps_s80,이에따라동기올림픽광개사에대한행정검사를시작한지난달 23일부터대막식을 3으로어떤전형까지대외갈려면혁신단은뭐도 232학년으로들었다.
p26_u21,p26,taps_s160,이에따라동경올림픽관계자에대한행성검사를시작한지능달 23일부터대박치게상하없던전활까지대외갈려면학신단은뭐도 232학년으로들었다.
p26_u21,p26,ce_visible,위에다공기업은또은계나에대한핵인검사를지도까지 28까지 140 아니면셋찐다음에이백임용으로늘었다.
p26_u21,p26,ce_invisible,이에따라동경올림픽광개사에대한핵선검사를시작한지능달 23일부터대박어떤전형까지대외갈려면혁신단에뭐도 23200으로들었다.
p26_u22,p26,taps,"0개올림픽조직이전개자는올림픽을기에이기한선수들은폐쇄, 높게직관리가이뤄지게있다며에포함의접착은완전히차선됐다고설명했다."
p26_u22,p26,ce,그조직이관객나는원래호프를위해입국하는선수가강계자들은회복입학식공개가이런데가있다며버프는완전히파견됐다고설명했다
p26_u22,p26,ce_s40,그교직이관객나는원래팬극한선수나관계자들은회복입학식공개가이런쪽에있다며에버그든완전히파견됐다고설명했다.
p26_u22,p26,ce_s80,교직이관객나는원래팬곡하는휴게가이런데가있다며에프에바쁘니까완전히파견됐다고설명했다.
p26_u22,p26,ce_s160,그직이관객나는우리책을위에입구간선수나관계자들은회계가이런데가있다며에프에  바쁘긴완전히파견됐다고설명했다.
p26_u22,p26,taps_s80,"전개올림픽조직이전개자는올림픽을기에이틱한선수들은폐쇄, 높게관리가이뤄지게있다며포에접착은완전히차선됐다고설명했다."
p26_u22,p26,taps_s160,"전개올림픽조직이전개자는올림픽에이틱한선수들은폐쇄, 높겠지? 관리가이뤄지게있다며예보아에접착은완전히차선됐다고설명했다."
p26_u22,p26,ce_visible,그직이관객나는원래호프위에입국하는선수가강계자들은회복입학식공개가이런데가있다며버그는완전히파견됐다고설명했다
p26_u22,p26,ce_invisible,"0개올림픽조직이전개자는올림픽을기에이백한선수들은폐쇄, 높게직관리가이뤄지게있다며에포함의접착은완전히차선됐다고설명했다."
p26_u23,p26,taps,코로낳을구해엔댕이도로해외여행이들어오니까대표적인유럽관광객스페인에서호텔숙박비가작년내비평등 36퍼센트모르는현상이라
p26_u23,p26,ce,일구에엔내그로해외여행이내려놔유럽안광대국이핫스피내서어떻게백박이거한레벨 360 오래갖다
p26_u23,p26,ce_s40,일구에엔내그로해외여행이내려놔유럽항공혜스펜은어떻게백갑이거중인데 360이나타났다.
p26_u23,p26,ce_s80,구해앤데이늘어나온유럽항공대국핫스팟이래서호텔경육평균 360이나타났다.
p26_u23,p26,ce_s160,호르몬일구에엔엠비로흔히여행이내려놨다유럽항공내국이핫스팟이래서어떻게백육십인데육백오십이나타났다.
p26_u23,p26,taps_s80,코로낳을구해엔댄입으로해외여행이어대표적인유럽관광객스페인에서호텔숙박비가작년내비평생 36퍼덴트모르는현상이라
p26_u23,p26,taps_s160,코로낳을구해엔댕이도로해외여행이일어나잖아. 대표적인유럽관광객스페인에서호텔숙박비가작년내비평등 30 능력적모르는현상이라다.
p26_u23,p26,ce_visible,일구에엔내그로해외여행이내려놔유럽안광대국이핫스피내서어떻게백박이거한레벨 360 오래갖다
p26_u23,p26,ce_invisible,코로낳을구해엔댕이도로해외여행이들어오니까대표적인유럽관광객스페인에서호텔숙박비가작년내비평등 36퍼센트모르는현상이라
p26_u24,p26,taps,슈페인풍대청이다르면 C페인팬테일텔레오래보할절전후팽된슈퍼비는 96점향료입기든다고너희투신이구도했다.
p26_u24,p26,ce,뺑뺑이따르면뺑글오래보아가평등아비는너입에따고너이따뽀싱겁고너했다.
p26_u24,p26,ce_s40,땡겨리면땡겨오래버는게빠꾸는대로넣어이랬다고너이따
p26_u24,p26,ce_s80,땡겨리면뺑오래버는빠꾸는너입었다고했다
p26_u24,p26,ce_s160,땡겨리면싱글 59 빠이네
p26_u24,p26,taps_s80,s페인통제청이다르면스페인핸데이틀에오래보활전수법비는 96점상류로입게됐다고놀이터폭신이보드
p26_u24,p26,taps_s160,s페인통계청이다르면스페인핸데이틀에오래보할절전후펭귄수박집비는 96점 3유로입게된다고놀이터통신이보드
p26_u24,p26,ce_visible,뺑뺑이따르면뺑글오래보아가평등아비는너입에따고너이따뽀싱겁고너했다.
p26_u24,p26,ce_invisible,슈페인풍대청이다르면 C페인팬테일텔레오래보할절전후팽된슈퍼비는 96점향료입기든다고너희투신이구도했다.
p26_u25,p26,taps,"이랜전념도같은비가 36%고, 코로메이크유행정인 2018년 4월보다도 15퍼센트높은날이다."
p26_u25,p26,ce,이런선임도같은경우보다 3.680은유행전인 2019년서울보다 15퍼센트높은가격이다.
p26_u25,p26,ce_s40,이런선임도같은경우보다 36 퍼상급이있다고그러는거유행담임 3월보다도 15퍼센트높은거여기다.
p26_u25,p26,ce_s80,이런선년도같은기간보다 3.680원유행다니는이빨 4월보다너의수법은또높은건여기나.
p26_u25,p26,ce_s160,이런선임도같은시간보다 36 있다고그런여행다니는친구들은서울보다놀수퍼센트높은거여기다.
p26_u25,p26,taps_s80,이는전념도같은기간보다 36% 있다고그러기인행정인 2019년 4월보다도 15퍼센트높은날얘기나.
p26_u25,p26,taps_s160,"일은전년도같은기간보다 36% 있다고그러구, 인행전인 2018년 4월보다도 15퍼센트높은날얘기나."
p26_u25,p26,ce_visible,이런선임도같은경우보다 3.680은유행전인 2019년서울보다 15퍼센트높은가격이다.
p26_u25,p26,ce_invisible,"이랜전념도같은비가 36%고, 코로메이크유행정인 2018년 4월보다도 15퍼센트높은날이다."
p26_u26,p26,taps,5성급호텔에하루펑수빡비는약이득이업유도작년과이두에 23퍼센트성생에다.
p26_u26,p26,ce,옮겨야이번에 23퍼센트할인
p26_u26,p26,ce_s40,은까호텔에하루종일열등이아니 23퍼센트스무디
p26_u26,p26,ce_s80,하루종일한갑이삼버릇이었다
p26_u26,p26,ce_s160,삼교봤자한 0 몇이 23퍼센트스무살
p26_u26,p26,taps_s80,5성급호텔에하루펑큰숙박비는야이백점오일로도작년과비교에 23퍼센트성생에다.
p26_u26,p26,taps_s160,5성급호텔에하루펑큰숙박비는그냥이백이십점오일후작년과비교에 23퍼센트성신에있다.
p26_u26,p26,ce_visible,옮겨야될거아니야 22 한번에
p26_u26,p26,ce_invisible,5성급호텔에하루펑수빡비는약이득이업유도작년과이두에 23퍼센트성생에다.
p26_u27,p26,taps,이성득층저렴한호텔들에하룻평균숙박비역시사십퍼센트가량오랜미션임그로씻게됐다.
p26_u27,p26,ce,이동극은거용한호텔네하루정도숙박비역시하루에오른육샘육으로찍게됐다.
p26_u27,p26,ce_s40,이동극은거용한호텔들에로바지. 사실평생이랑오른 64 6 5
p26_u27,p26,ce_s80,이동극은거령한호텔들에로바지. 파란색이랑오른 64 6에냈다.
p26_u27,p26,ce_s160,2등급호텔  나랑숙박비역시빨대거랑오랜 6으로찍게됐다고
p26_u27,p26,taps_s80,이성교등저렴한호텔들에하루평균숙박비역시사지퍼센트가량오랜믹싱밍미로으로잇게됐다.
p26_u27,p26,taps_s160,이성격저렴한호텔들에하로평등숙박비역시 40퍼센트가량오랜 RC로으로찍게됐다.
p26_u27,p26,ce_visible,이동극은거용한호텔네하루정도숙박비역시하루에오른육샘육으로찍게됐다.
p26_u27,p26,ce_invisible,이성득층저렴한호텔들에하룻평균숙박비역시사십퍼센트가량오랜미션임그로씻게됐다.
p26_u28,p26,taps,스페인은  호텔스빡비가가파르게상세한곳은인된유럽국가들이책은새로여행구제를원하면서관광객들과폭발적으로증가했기때문이다.
p26_u28,p26,ce,삐호텔에서빠리계속인맥유럽가든익팩은그래도여운교재를원하면서안관객주가폭발력으로준다했기때문이다.
p26_u28,p26,ce_s40,삐빡이거가빠르게빙어엔근유럽국가들이흰색은그리고여운교대를완화하면서안관객주가폭발력으로준다했기때문이다.
p26_u28,p26,ce_s80,빼긴해  호텔빡이거가빠르게광팬유럽국가들이흰색은그리고여운교대를완화하면서안관객수가폭발력으로준다했기때문이다.
p26_u28,p26,ce_s160,롱패딩호텔에서빡이거다빠르게똥그든유럽백과들이입백은그리고여흥구조를원하면서안관객분가빡빡이도있기때문이다.
p26_u28,p26,taps_s80,스페인은  호텔스빡비가가파르게상쇄한것은인간유럽국가들이책은새로여행구제를원하면서관광객수가  폭발적으로증가했기때문이다.
p26_u28,p26,taps_s160,스페인은  호텔숙박비가가팔에상세한곳은인럭국가들이책은틀에보여행구제를원하면서관광객수가  폭발적으로증가했기때문이다.
p26_u28,p26,ce_visible,삐호텔밥이거하나팩은거인간유럽은그래도여운교재를원하면서안관객주가폭발력으로준다했기때문이다.
p26_u28,p26,ce_invisible,스페인은  호텔스빡비가가파르게상세한곳은인된유럽국가들이책은새로여행구제를원하면서관광객들과폭발적으로증가했기때문이다.
p26_u29,p26,taps,"올해 3, 4, 5월스페인스패수직관객수는작년도같은기간을 5배이상으로진가했다."
p26_u29,p26,ce,오래안관객분아니한동안뜨기전에
p26_u29,p26,ce_s40,안관객분아니한동안했다.
p26_u29,p26,ce_s80,안관객분아니한동안했다.
p26_u29,p26,ce_s160,오래 3개관광객은아니잖으로뜬금가있다.
p26_u29,p26,taps_s80,"올해 3, 4월스페인스패치권은작년도같은기간을 5페이상으로준다."
p26_u29,p26,taps_s160,"올해 3, 4월스페인스페레스집가는것은전현도같은기간에다섯배이상으로진간"
p26_u29,p26,ce_visible,오래안관객분아니한동안뜨기전에
p26_u29,p26,ce_invisible,"올해 3, 4, 5월스페인스패수직관객수는작년도같은기간을 5배이상으로진가했다."
p26_u30,p26,taps,"4월한달간관광복적으로스페인에이직한사람해주는 2010기네, 86% 수준을해보겠다."
p26_u30,p26,ce,하한달건안관광목적으로스피킹스라엘은이쁘겠네. 80 이 8시긴할거였다.
p26_u30,p26,ce_s40,하한달관광객으로스피인스라엘은이쁘면에팔십이팔까지긴해보였다.
p26_u30,p26,ce_s80,하한달관광객으로스피인사람앱은이쁜수표는 80 이 8시긴해보였다.
p26_u30,p26,ce_s160,한달한달관광목적으로스피는사람의거는이쁜씨끈해 800 받음할거였다.
p26_u30,p26,taps_s80,"4월한달간관광목적으로스페인에이직한사람에서는 2010기네, 패딩입고센트수준을겠다."
p26_u30,p26,taps_s160,4월한달간관광목적으로스페인에입직한사람해주는 2010기년에 86% 수준을겠다.
p26_u30,p26,ce_visible,하한달건관광목적으로쓰면은입겠지? 쓰라면은이쁜수건이 835였다.
p26_u30,p26,ce_invisible,"4월한달간관광복적으로스페인에이직한사람해주는 2010기네, 86% 수준을해보겠다."
p26_u31,p26,taps,관광객들이선호하는일부섬중에방문객수는인이코르노일구이행이젠꾸준히흡입한것으로발급쓴다고. 스페인통계청은발표
p26_u31,p26,ce,"방배들이 3학년은일부학년일구는 19, 유형 29도 19금도들어봤을때 300 정도"
p26_u31,p26,ce_s40,"방배들이산거는일본에박공예부는일구로는 19, 유형 29도 19금도들어발견"
p26_u31,p26,ce_s80,방밴 3학년은일부삼중엔방문갯수는이미꼬르는 19 유형 29도 19금값으로받았음발급.
p26_u31,p26,ce_s160,"방밴급을 3학년은일부삼중엔방문객은일구로는 19, 유형 29등이회복한것으로바꾼거"
p26_u31,p26,taps_s80,"관광객들이선호하는일부서험중에방문객수는인이코르노일구이행, 이젠추천해흡한것으로발쓴다고. 페인통계청은발푠"
p26_u31,p26,taps_s160,방광객들이선호하는일부움중에관광객수는인위콜롬비행이젠추천해협약한것으로발악든다고. 스페인통계청은발령
p26_u31,p26,ce_visible,"방밴 3학년은일부학년일구는 19, 유형 29도 19금도들어봤을때 300 정도"
p26_u31,p26,ce_invisible,관광객들이선호하는일부섬중에방문객수는인이코르노일구이행이젠꾸준히흡입한것으로발급쓴다고스페인통계청은발표
p26_u32,p26,taps,에스테일텔레콤이량이영상에교칙쪽으로돌아온부동산페스티벌에구성했다고밟혔다.
p26_u32,p26,ce,에스컬하면이왕홈베이쪽으로도심홍삼공삼백팩메르스를고생했다고밟혔다.
p26_u32,p26,ce_s40,에스컬하면이여이영상대표직속으로도심홍콩대통령팩스를구성했다고밝혔다.
p26_u32,p26,ce_s80,에스컬해놓고일영일영공포직속으로대신성공그동사백팩퍼스고생했다고밟혔다.
p26_u32,p26,ce_s160,에스컬은이왕홈페이지쪽으로보진항공사페퍼드로고생했다고밝혔다고.
p26_u32,p26,taps_s80,에스테일텔레콤이량인양성대직속적으로도심순궁서페스티벌에구성했다고밟혔다.
p26_u32,p26,taps_s160,에스테일텔레콤이량이영상델일식쪽으로귀신항공사 sing  달에구성했다고밟혔다.
p26_u32,p26,ce_visible,에스컬하면이왕홈베이쪽으로도심홍삼공삼백팩메르트를구성했다고밟혔다.
p26_u32,p26,ce_invisible,에스테일텔레콤이량이영상에교칙쪽으로돌아온부동산페스티벌에구성했다고밟혔다.
p26_u33,p26,taps,Ea는정지로구동하는수집이성에소형기양채로조심해서수진처럼한시간건될거리를집에서이집다니면도착할수있는미래수단이다.
p26_u33,p26,ce,위에면정비로구동환은솔직히입구역이야. 서로한식발레집에서 20분이면
p26_u33,p26,ce_s40,위에면솔직히이쁘시벨 1등이래서 20분이면
p26_u33,p26,ce_s80,위에는솔직히입구역동양체로한귀로발레거리나
p26_u33,p26,ce_s160,야그리고입구양떼로헐귀여워이삐그래밍
p26_u33,p26,taps_s80,미에이엠은정기로구동하는수집이층에소형기양재료중심해서수진처럼한시간관릴거리를집에서 20분이면도착할수있는미래수단이다.
p26_u33,p26,taps_s160,미에이엠은정지로구동하는수집입장에소형기양재료중심해서수행처럼 1시간걸릴거리를집에서 20분이면도착할수있는미래불편하시편수단이다.
p26_u33,p26,ce_visible,위에면정비로구동환은솔직히입구양재로한시간반네거리네집에서 20분이면
p26_u33,p26,ce_invisible,Ea는정지로구동하는수집이성에소형기양채로조심해서수진처럼한시간건될거리를집에서이집다니면도착할수있는미래수단이다.
p26_u34,p26,taps,에스케이텔레콤에따르면이벤 TF 아래에는사업인프라노홈버비스개발해각각담당하는 3개둘집네개가만약냈다.
p26_u34,p26,ce,에스혜리꿈에따르면이번에생일파레는힘들어서네비다마련된다.
p26_u34,p26,ce_s40,에스엘리꿈에따르면이번에생일파레는아임플라  임프샌해병에바까야돼마련된다.
p26_u34,p26,ce_s80,에스엘레베따릉이이번에생일파레는아임크라은비쌤뽀개스개발해궁극탐나오면은세개꼬리내봐요됐다.
p26_u34,p26,ce_s160,에스배달따릉이한 200% 바라는애는말에국가는세부적인네개다말해야됐다.
p26_u34,p26,taps_s80,에스케이텔레콤에따르면이벤 KF 아래에는사업임플라미향서비스재발에각각담당하는세계조직네개가만약됐다.
p26_u34,p26,taps_s160,SK텔레콤에따르면이벤트에프아령은사업인프라노쉐프비스개발해각각담당하는세계도높게가마련냈다.
p26_u34,p26,ce_visible,에스혜리꿈에따르면이번에생일파레는힘들어서네개다말해야됐다.
p26_u34,p26,ce_invisible,에스케이텔레콤에따르면이벤 TF 아래에는사업인프라노홈버비스개발해각각담당하는 3개둘집네개가만약냈다.
p26_u35,p26,taps,사랑니해서기술임플란전략사업개발파트너시벨담당하는주임원들이 TF 지낸것으로알려줬다.
p26_u35,p26,ce,화내에서미술임플라 82 담당주임원들이 F는거야알려줬다.
p26_u35,p26,ce_s40,화내에서이불인프라열려  사업에말한집에담당주임원들이 F 은거야알려줬다.
p26_u35,p26,ce_s80,화내에서미술임플라전략사업제말한집에서잠자면주임원들이 F 는거들어알려줬다.
p26_u35,p26,ce_s160,화면에서이불인프라열려한집에담당주인이임원들이알려주까?
p26_u35,p26,taps_s80,사랑니해서기술아전략사업개발파트너시벨담당하는주임원들이 TF 지낸것으로알려줬다.
p26_u35,p26,taps_s160,"사릉에서기술임플란, 전략, 4억개발파트너 10일담당하는주임원들이 TFC 된것으로알려줬다."
p26_u35,p26,ce_visible,화내에서미술임플라말한 12시에담당주임원들이 F는거야알려줬다.
p26_u35,p26,ce_invisible,사랑니해서기술임플란전략사업개발파트너시벨담당하는주임원들이 TF 지낸것으로알려줬다.
p26_u36,p26,taps,"비행상대패는최근  시에팩인원들이랑미팅을열이고올해사업떨에있고,  시에플 1에주 1회로정리화하면사업을직접챙기기로했다."
p26_u36,p26,ce,항상뷔페는최근휴대폰만내가최근밑이면오래쓰면은눈에있고에프면 1회중 1프로정도하면 200 업생기기로했다.
p26_u36,p26,ce_s40,항상뷔페는최근휴비만내가최근밑이면우리사촌형의눈에있고에프면 1월중 1월중돼고하면 2004 챙기기로했다.
p26_u36,p26,ce_s80,항상맵은최근휴비만내가최근미팅눈이고올해 790일 1회중 1월중돼고있으면 200점생기기로했다.
p26_u36,p26,ce_s160,항상  베푸는최근휴비만내가최근미팅은아니고올해 7900이래주 1회로중요아니면
p26_u36,p26,taps_s80,"유행성대표는최근  시에페이원들에관미팅을열고오래사귄눈에있고,  시에레주 1회로정리화하면사업을직접챙기기로했다."
p26_u36,p26,taps_s160,"류상대표는최근  시에페이이원데가 7번미팅을열고오래사업들여의눈에있고, TF1을주 1회로정리화하면사업을직접챙기기로했다."
p26_u36,p26,ce_visible,항상뷔페는최근휴대폰만내가최근밑이면우리가족표에눈에있고에프면 1회중 1프로정도하면 200 몇평균이루했다.
p26_u36,p26,ce_invisible,"비행상대패는최근  시에팩인원들미팅을열이고올해사업떨에있고,  시에플 1에주 1회로정리화하면사업을직접챙기기로했다."
p26_u37,p26,taps,"업계에서는신도사업도지루 C, 직속으로배제한것은이레력이이대림사업에대한유대페, 의지가반일된겁이라는분선이랑다."
p26_u37,p26,ce,업데이션을챙겨거든? 일회당이라며이랜사업이네유대빼유기가받는것이라는분석이라는
p26_u37,p26,ce_s40,업계에서는생고사업부시리즈쪽으로배추는것은이래금이라며이사업해유대의급한것이라는분석이라는
p26_u37,p26,ce_s80,업계에서는신교사업도 C 쪽으로발전이거든? 일회당이라며이윤사업해유대의지가발생된것이라는분석이라는
p26_u37,p26,ce_s160,업계에서는신교사업도신기쪽으로발전이거든? 이래금이라며이사업이네유대의지가담양된것이라는분석이라는
p26_u37,p26,taps_s80,업계에서는신도사업도지지를씨직속으로배치한것은이레색이라며이길사업에대한유대  주에의지가반일된겁이라는분이랑다.
p26_u37,p26,taps_s160,"업계에서는신규서지를 C, 직속으로변질한것은이레색이라면이 am 사업에대한유대의지가반일된업이라는분이랑다."
p26_u37,p26,ce_visible,업데이션을챙겨거든? 일회당이라며이사업이네유대빼유기가받는것이라는분석이라는
p26_u37,p26,ce_invisible,"업계에서는신도사업도지루 C, 직속으로배제한것은이레력이이대림사업에대한유대페이지의지가반일된겁이라는분선이랑다."
p26_u38,p26,taps,부페교통불은 2025년 200 3월에목록에부터제도발령과 20개젤많이꽤많이쓴다.
p26_u38,p26,ce,똥그래이뭐냐 2학년 1 목표로올해부터마령대말에은근에산다.
p26_u38,p26,ce_s40,또이거뭐냐유행어를목표로올해부터마이런거입은게많이은교안쓴다.
p26_u38,p26,ce_s80,똥그래밍뭐연유행어를목표로올해부터마이런거입력해많이뽕개가안산다.
p26_u38,p26,ce_s160,그리고또이거뭐냐유행하는목표로올해부터말한거이번에말했던게
p26_u38,p26,taps_s80,부페통불은 2025년 200 3월에목록오래부터제도발령과이전개발해품격한나와.
p26_u38,p26,taps_s160,부페통불은 2025년 200 3월을목재로올해부터제도발령과이천개발해품격을쓴다.
p26_u38,p26,ce_visible,똥그래이뭐냐 2학년 1 목표로올해부터마령대말에은근에산다.
p26_u38,p26,ce_invisible,부페교통불은 2025년 200 3월에목록에부터제도발령과 20개젤많이꽤많이쓴다.
p26_u39,p26,taps,있던선생님까지국내이에시장지문을 13도원에다닐거라서안된다.
p26_u39,p26,ce,이따사줘오늘다른거로예상된다.
p26_u39,p26,ce_s40,이따위에시선이번에 10권도원을다닐것으로예상된다.
p26_u39,p26,ce_s80,아니유동기먼저시권도어느담에것으로예상된다.
p26_u39,p26,ce_s160,입술맞유지되는게뭔노원에다닐것으로예상된다.
p26_u39,p26,taps_s80,이점선생님까지국내이에시장은식품조원에다닐것으로예상된다.
p26_u39,p26,taps_s160,204세영까지이에시장지문을 13조원에다닐것으로예상된다.
p26_u39,p26,ce_visible,이따사줘오늘다른거로예상된다.
p26_u39,p26,ce_invisible,있던선생님까지국내이에시장지문을 13도원에다닐거라서안된다.
p26_u40,p26,taps,"에스케이테낳이는지난의시리래. 대한항공, 현대자동이자, 현대건설대공과한국테레구정에이에앤파, 궁격진출했다."
p26_u40,p26,ce,에스 3000원비만일주일내내고구한배간당 300원  달에뭔가한살배구당해보겠지.
p26_u40,p26,ce_s40,에쓰이 300 구매방법이세입금은했을거고한배달도내가한베간살내일은가한 400 구당에 5백원버겠다.
p26_u40,p26,ce_s80,에쓰이 300 구매방법이래. 한공사를내던가한살배구당해. 이거몇번그랬다.
p26_u40,p26,ce_s160,에스 300 껌은건내가이쁘면지난했을까? 300원살래한살배구다매. 왜 4500 따
p26_u40,p26,taps_s80,"에스케이테네콜에경쟁상에 KT는진안에시리를대한항공, 현대자동이다현대건설대공과한국테레구정에 2에엔사업에공격진출했나?"
p26_u40,p26,taps_s160,"에스케이테낳대이상에 KT는진한시리를대한항공, 현대자들이자, 현대건설대한국말구정에 2에엔사업에공격진출한다."
p26_u40,p26,ce_visible,에스 3000원비만일주일내내고구한배간당 300원  달에뭔가한살배구당해보겠지.
p26_u40,p26,ce_invisible,"에스케이테낳이는지난의시리래. 대한항공, 현대자동이다현대건설대공과한국테레구정에이에앤파, 궁격진출했다."
p26_u41,p26,taps,한북유군고탱이가 17에밤짬도이준세무한을빈사람만써오디아라비아왕세자리영접냈다.
p26_u41,p26,ce,한복입은데한거나비영화봤다.
p26_u41,p26,ce_s40,한복입은데한띠어라미안해나위험했다.
p26_u41,p26,ce_s80,한복은맛있지궁텀블이던데나를위영유옆에
p26_u41,p26,ce_s160,한복이맛있던데무한띠어라비하왕복다
p26_u41,p26,taps_s80,"한북유군고생리가 17에밤잠도이준체, 무한마들빈사람만사오디아라비아왕세다리영전  싶다."
p26_u41,p26,taps_s160,"현백주군것질이한 17에밤잠도이준체, 무한마들빈사람만써오디에비하왕세자리영장았다."
p26_u41,p26,ce_visible,한복입은데한에어먹는배달이영
p26_u41,p26,ce_invisible,한북유군고탱이가 17에밤짬도이준세무한을빈사람만써오디아라비아왕세자리영접냈다.
p26_u42,p26,taps,막대하러지금빈삶은왕세다리들어갖고경쟁이치란상황을감안해. 체격대회다선생님나.
p26_u42,p26,ce,막얼만지? 이삶은왕세나를불렀어? 갖고댕기다선생님나
p26_u42,p26,ce_s40,막얼마되지미어캣써니다.
p26_u42,p26,ce_s80,막얼만이래지? 미얀삶은왕세나를불렀어? 갖고 00원에끝에다
p26_u42,p26,ce_s160,막얼마되지잉어로엉생불렀어? 00원선생님나와.
p26_u42,p26,taps_s80,막하러빈삶은왕세다를들어각오의경쟁이체험상황이  태극대회다선생님나.
p26_u42,p26,taps_s160,막빼야진빈삶은왕세다리들어갖고경쟁이치란상황을가만에태극대회다선생님다.
p26_u42,p26,ce_visible,막얼만지? 이삶은왕세나를불렀어? 갖고 00원에나선생님나
p26_u42,p26,ce_invisible,막대하러지금빈삶은왕세다리들어갖고경쟁이치란상황을감안해. 체격대회다선생님나.
p26_u43,p26,taps,한폭미래는오전시 30분쯤방지성분설공항중에있지. 탄빈사람만왕세달은영점뺐다.
p26_u43,p26,ce,한복은이날오전 30분쯤살만해서영섭했다.
p26_u43,p26,ce_s40,한복은이날오전 30분쯤살만하대단해영겹다.
p26_u43,p26,ce_s80,한복은오전 30분쯤장비성분사오고해서이한낄만세달을영겹다.
p26_u43,p26,ce_s160,한복은오전 30분쯤에암기동설거중에있으니깐영섭했다.
p26_u43,p26,taps_s80,"한풍기는 2, 오전0분쯤방시성분설공항에있지. 한빈설만왕세다리영전뺐다."
p26_u43,p26,taps_s160,한풍기는 2달오전 30분쯤방지성분설공항에있지. 한빈사람만왕세다리영정판다.
p26_u43,p26,ce_visible,한복은이날오전 30분든경기성분살거애중에있으니깐살만원대단해영겹다.
p26_u43,p26,ce_invisible,한폭미래는오전시 30분쯤방지성분설공항중에있지. 탄빈사람만왕세달은영점뺐다.
p26_u44,p26,taps,빈설에나는전라인드를해야발리해서열린주의 20대가정상회의일정을맞춘비오빠로한국에찾았다.
p26_u44,p26,ce,인딸기해서열개열정을맞은길오빠
p26_u44,p26,ce_s40,일본엉서나는정말인비는관리해서여기인외국방송을맞은게오빠를한국을들었다.
p26_u44,p26,ce_s80,일본엉켜나는정말인비는관리해서여기인외국방송을맞은게오빠를한국을바
p26_u44,p26,ce_s160,일본때나는엄마인구관리하다여기이국영상오빠로한국을바
p26_u44,p26,taps_s80,인서울수나는전라인드레발리에서열린주의 20대가정상회의열정을맞춘비오빠로한국을찾았다.
p26_u44,p26,taps_s160,인사나는전라인드를해야발리해서열린주의 20대극정상회의일정을맞춘비오빠로한국을찾았다.
p26_u44,p26,ce_visible,인딸기해서열개열정을맞은길오빠
p26_u44,p26,ce_invisible,빈설에나는전라인드를해야발리해서열린주의 20대가정상회의일정을맞춘비오빠로한국에찾았다.
p26_u45,p26,taps,홍삼레드보장거리빅삥이나궁식장면은정상급인상을맞이하는데이처럼친구가직접공항에다가외국길에영적하는것은이래서꽃이다.
p26_u45,p26,ce,성서는외국어장관이공식당은정급인거를낮에하는데이불은쫑모가해나가외국이미래에영입하는거는이래서그렇게나
p26_u45,p26,ce_s40,평상외국어장관이고공식당은평급인사를맞이하는데이프론쫌하게나가외국  시간에영업하는거이래도그렇고빈다
p26_u45,p26,ce_s80,평상외국어장관이고공식당은정상급인사를낮에하는데이사람똥구집같고하나가외국이내에영업하는거이래도그렇고빈다
p26_u45,p26,ce_s160,평상외국은장거리나공식당은정급인사를낮에하는데이끄럼종류가하나가외국이민에영업하는거이래도그렇고빈다
p26_u45,p26,taps_s80,항상외교부장관이빅뱅이나궁식장면은정상급인상을맞이하는데이처럼직접공항에다가외국길에영접하는것은이래서꽃준다.
p26_u45,p26,taps_s160,평상외교부장관이빅삥이나궁식장면은정상급인상을맞이하는데이사람친구가쫌직접공항에다가외국길에영접하는것은이래서그렇게준다.
p26_u45,p26,ce_visible,성서는외국어장관이고꼬거기는공식당은정급인거를낮에하는데이불은쫑모가입고하면은외국 B래언급하는것은이래서그렇게나
p26_u45,p26,ce_invisible,홍삼레드보장거리빅삥이나궁식장면은정상급인상을맞이하는데이처럼친구가직접공항에다가외국길에영점하는것은이래서꽃이다.
p26_u46,p26,taps,"한식믿은같은날, 오전태국방콕에서열리는아시안태닝경제협력재, 삼속에위에칠곡이예정돼있었다."
p26_u46,p26,ce,한명이바쁜날오전 7 강국에서열리면아이세갠록네평소에미곡이예정도있었다.
p26_u46,p26,ce_s40,한삼년이바쁜날오전회국방콕에서열리면아시아페미서가위에풀고있었다.
p26_u46,p26,ce_s80,한삼년이바쁜날오전 7 강국에서열리는아시아페미니경제성서가위에풀고있었다.
p26_u46,p26,ce_s160,한삼년이바쁜날오전 7 강 7에서열리면아쇼핑삼성에풀고있었다.
p26_u46,p26,taps_s80,"산책미는같은날오전태국방콕에서열리는아시안태닝경제, 현역때삼성에위에칠곡이예정돼있었다."
p26_u46,p26,taps_s160,"한식믿은같은날, 오전태국방콕에서열리는아시안태닝경제협력재, 참석의위에칠곡이예정돼있었다."
p26_u46,p26,ce_visible,한명이바쁜날오전 7 강국에서열리면아이세번정도할수있는
p26_u46,p26,ce_invisible,"한식믿은같은날, 오전태국방콕에서열리는아시안태닝경제협력재, 삼속에위에칠곡이예정돼있었다."
p26_u47,p26,taps,한솜리가바쁜새벽일정을소한것은민서만넘에방안에남다른의미가이기능이다.
p26_u47,p26,ce,아니
p26_u47,p26,ce_s40,아니뭔설마해남자애
p26_u47,p26,ce_s80,한흥미가바쁜새벽한거잖아민사만원세나의방해남자랑비미가있기때문이다.
p26_u47,p26,ce_s160,한흥미가밥해달라
p26_u47,p26,taps_s80,한  언니가바쁜새벽일정을소한것은민살만원세나의방안에남잘언니가기능이다.
p26_u47,p26,taps_s160,한  언니가바쁜새벽일정을소한것은민서만넘세나의방안에남다른얘기가기다운이다.
p26_u47,p26,ce_visible,아니
p26_u47,p26,ce_invisible,한솜리가바쁜새벽일정을소한것은민서만넘에방안에남다른의미가이기능이다.
p26_u48,p26,taps,쩌리아비하해신설마엉세상에풍섭이가오토억달러에해당하는메가후레트네온씨티사업을주도하고있다.
p26_u48,p26,ce,우리아라비아에실패했비엔삶이너무세나는형사이거오토바발라에해당하는메가낵백수십일쯤나오고있다.
p26_u48,p26,ce_s40,우리아라비아에실패에비해서설마형사비가오토바발라에해당하는메가냈고내가봤을필하고있다.
p26_u48,p26,ce_s80,우리아라비아에쓸때비엔설마세나는형사비가오토바발라해줄알고있다.
p26_u48,p26,ce_s160,우리아라비아에쓸때비어설문세나는형사이거오프라발라에해당은내가풀어내고내가 c쁠정도받을줄알고있다.
p26_u48,p26,taps_s80,쩌리아비하해흰설마엉세상에풍섭이가오토억달러에해당하는메가프로젝트내용이사업을주도하고있다.
p26_u48,p26,taps_s160,쩌리아비하의신생빈설마엉세상에풍섭이가오천억달러에해당하는메가포르텍레옹시피사업을주도하고있다.
p26_u48,p26,ce_visible,우리아라비아에실패했비엔삶이너무세나는형사이거오토바발라에해당하는메가낵백수십일쯤나오고있다.
p26_u48,p26,ce_invisible,쩌리아비하해신설마엉세상에풍섭이가오토억달러에해당하는메가후레트네온씨티사업을주도하고있다.
p26_u49,p26,taps,해령섭을누구글로벌수경쟁이벌어들이있는가운데우리정부도학벌이신경을쓰지않을수없는상황이다.
p26_u49,p26,ce,있는거아니야? 성경이아닐수없는상황이다.
p26_u49,p26,ce_s40,아니바로들어있는거아니야우리방구도신경쓰기안할수없는상황이다.
p26_u49,p26,ce_s80,아니쓰리평소에발언들있는거근데우리공부도신경쓰지않을수없는상황이다.
p26_u49,p26,ce_s160,아니무거일수도있벌어들인거근데우리방구도신경쓰지않을수없는상황이다.
p26_u49,p26,taps_s80,해령섭을누구근로벌수경쟁이벌어들이는가운데우리성부도학비를신경을쓰지않을수없는상황이다.
p26_u49,p26,taps_s160,해령섭을누구글로벌수두경쟁이벌어들이있는건데우리정부도학비를신경을쓰지않을수없는상황이다.
p26_u49,p26,ce_visible,있는거아니야? 성경이아닐수없는상황이다.
p26_u49,p26,ce_invisible,해령섭을누구글로벌수경쟁이벌어들이있는가운데우리정부도학벌이신경을쓰지않을수없는상황이다.
p26_u50,p26,taps,이런방안이당일치기어떤점이서좋아진시간동안정부에귀찌한상태를위에한벽을높일필요가있었다는해당이나온다.
p26_u50,p26,ce,이번방학에방해시면위에하는게나
p26_u50,p26,ce_s40,이번방학에방해시경씨랑버리고미루고있잖게나오나?
p26_u50,p26,ce_s80,이번방학에방해쓰면위에너에비로가니까이게나온다.
p26_u50,p26,ce_s160,이번방학에방해시면싫어하지?
p26_u50,p26,taps_s80,이런방안이당일치기어떤앤  점에서좋아진시간동안정부에귀듯한상들을위해한국을높일필요가있었다는해독이나온다.
p26_u50,p26,taps_s160,방황이당일치기였다는점에서좋아진시간동안정부에굵질한상대를미에한덕을높일필요가있었다는해독이나온다.
p26_u50,p26,ce_visible,이번방학에방해시면위에하는게나
p26_u50,p26,ce_invisible,이런방안이당일치기어떤점이서좋아진시간동안정부에귀찌한상태를위에한벽을높일필요가있었다는해당이나온다.
p26_u51,p26,taps,문생정보때 2010개는 6월? 인설마엉새다방한장시에로인하균총리가공항에나가기영점했었다.
p26_u51,p26,ce,문제방법은이팔십구는 6월 23만원넘사다방한방새해노인가라영업했었다
p26_u51,p26,ce_s40,문제방법이뭘살면엉새다방한방에너인하대통로갈거에다가영잡했었다
p26_u51,p26,ce_s80,문제는방법이뭐야인삼먼서방에너인생해갖고나영옆에
p26_u51,p26,ce_s160,문제는방법이 6월 23만원세다방한방새해너인하대홍대갈거에나라영업했었다
p26_u51,p26,taps_s80,문제인정보때 2010개는 6월? 인설마엉새다방한상시에로인하겠네송리가공항에나가기영점따.
p26_u51,p26,taps_s160,문생정부때 2010키는유월인솔만엉새다방한장시에로인하균종류가공항에나가기영섭했었다.
p26_u51,p26,ce_visible,문제방법은이팔십구는 6월 23만원넘사다방한방새해노인가라영업했었다
p26_u51,p26,ce_invisible,문생정보때 2010개는 6월? 인설마엉새다방한장시에로인하균총리가공항에나가기영점했었다.
p26_u52,p26,taps,생예시관계자는사우디아라비가경제와안보중면에서각별한냄비를중인중요한국가인만큼갈레중에불에설정목이라고설명했다.
p26_u52,p26,ce,현무실관계는서비아라비가광교와안보중에서가르중령국가이거관리비헐증한건이라고설명했다
p26_u52,p26,ce_s40,현무관계사우디아라비가광재와안보중에서가르해주면그까알레르뱅고데기설명한것이라고설명했다
p26_u52,p26,ce_s80,현무관계사우디아라비가광대와안보중에서가르해주면중요해관리해고릴래편의점한것이라고설명했다
p26_u52,p26,ce_s160,현무관계나는사우디아라비가광대와안보중에서가르해주면중인거아니알레르기설명한거설명했다
p26_u52,p26,taps_s80,"생예시관계자는사오디아라비해과안보중면에서각별한의미를중인중요한국가인만큼갈레중에보래, 설득문득이라고설명했다."
p26_u52,p26,taps_s160,승무원시유관계자는사우디아라비아강제와안보충해서가미래를중인중요한국가인만큼갈레중에보래설정한것이라고설명했다.
p26_u52,p26,ce_visible,현무실관계는서비아라비가광교와안보중에서가르중령국가이거관리비헐증한건이라고설명했다
p26_u52,p26,ce_invisible,생예시관계자는사우디아라비가경제와안보중면에서각별한냄비를중인중요한국가인만큼갈레중에불에설정목이라고설명했다.
p26_u53,p26,taps,제일4 왜전기중고등학생사객들 5일부터 8일까지방법이사객당해서상한게겹치겠다.
p26_u53,p26,ce,사겠다. 충무로정액징고등학교에서한높게일같지난 5일부터 8일까지왕복한 60분예서는
p26_u53,p26,ce_s40,내일사겠다. 충무로정액징둥이파격배하지난 5일부터 8일까지왕복
p26_u53,p26,ce_s80,내일사겠다. 뭐해보자이래까지는해보겠다.
p26_u53,p26,ce_s160,사십삼에충무로정액중고등학교일과지난 5일부터 8일까지왕복한개당에서만얘기해.
p26_u53,p26,taps_s80,제일45에 76 중고등학생사객들같이한 5일부터 8일까지방법신의사객당해서성악
p26_u53,p26,taps_s160,제일사식당에충무로전기중고등학생사객들 5일부터 8일까지방법이사객당해서상한게괜찮을거
p26_u53,p26,ce_visible,사겠다. 충무로정액징고등학교에서한높게일같지난 5일부터 8일까지왕복한 60분예서는
p26_u53,p26,ce_invisible,제일4 왜전기중고등학생사객들 5일부터 8일까지방법이사객당해서상한게겹치겠다.
p26_u54,p26,taps,이번대회는서울적거리주기해서이어전체간질이참여해지라순서대외로전국에서백삼시세끼팀 370명이선수강의탐구했다.
p26_u54,p26,ce,이번엔 FIL 수도많이떨어졌지.
p26_u54,p26,ce_s40,이번엔안받게전국에빠셋예상이지하면서많이다니
p26_u54,p26,ce_s80,이번엔설교가능성예고 3년 30
p26_u54,p26,ce_s160,이번엔설교하는데가연극여섯마리였지.
p26_u54,p26,taps_s80,이번대회는서울적거리주기해서이어전체간질이 37 대외로전국에서백순식계팅 370명이선수가있다.
p26_u54,p26,taps_s160,"이번대회는서울적거리주기해서이에전체간질이참여해, 칠해진첫대회로정국에서백순식계팅선배신경에선수상이참다."
p26_u54,p26,ce_visible,이번엔 FIL 수도많이떨어졌지.
p26_u54,p26,ce_invisible,이번대회는서울적거리주기해서이어전체간질이참여해지라순서대외로전국에서백삼시세끼팀 370명이선수강의탐구했다.
p26_u55,p26,taps,공기제품과공기권총수제이미 8 대후배딩머리에서반생이대인경기에서대개를펼쳤다.
p26_u55,p26,ce,
p26_u55,p26,ce_s40,
p26_u55,p26,ce_s80,
p26_u55,p26,ce_s160,공기업인공지능
p26_u55,p26,taps_s80,공기제품화공기권총수대딩이 8 대혜비인놀래서반생이대인경기에서대개를펼쳤다.
p26_u55,p26,taps_s160,공기좋고공기건중부대생긴애서반승이대인경기에서데려쳤다.
p26_u55,p26,ce_visible,
p26_u55,p26,ce_invisible,공기제품과공기권총수제이미 8 대후배딩머리에서반생이대인경기에서대개를펼쳤다.
p26_u56,p26,taps,"공기권총복남고, 단체버에서는전복최고가이미안그가이하늘구가 3일을터져지면개인들에서는전복최고에정오진이정상이올랐다."
p26_u56,p26,ce,은직원청주뭐남고한세번에서는전복세부가일이안나오고일이아니구가삼일을사줘야개인적으로는전복최고에정온이정상이올랐다.
p26_u56,p26,ce_s40,은직원청주뭐남고한세번에서는전복세부가일이안나오고일이아니구가삼일을사줘야개인적으로전복최고에정온이정상이올랐다.
p26_u56,p26,ce_s80,공기관전주뭐남고한세번에서는전복세부가일이안  아무것도안일구가삼일을사됐으면개인적으로전복최고에정온이정상이올랐다.
p26_u56,p26,ce_s160,공기관청뭐남고한 3번에서는전복세부가일이안남은거일아닐거가삼일을사됐으면개인적으로는전복최고에정온이정상이올랐다.
p26_u56,p26,taps_s80,"공기권송중복남고, 단체부에서는전복최고가일이안남구가이하늘구가 3일을터지면개인들에서는전복최고에정오진이정상이올랐다."
p26_u56,p26,taps_s160,"공기권총복남고, 단체부에서는전복테고가 1이안남구가이하늘구가 3일을터지면개인들에서는전복최고에정오진이정상인올랐다."
p26_u56,p26,ce_visible,은직원청주뭐남고한세번에서는전복세부가일이안나오고일이아니구가삼일을사야지개인적으로는전복최고에정온이정상이올랐다.
p26_u56,p26,ce_invisible,"공기권총복남고, 단체버에서는전복최고가이미안그가이하늘구가 3일을터져지면개인들에서는전복최고에정오진이정상이올랐다."
p26_u57,p26,taps,여고단체분은전남체구가 1이신남체그가이부산영상예구가 3일을차지했고걔네들은다강원최고에이브앤 1위에영애를안왔다.
p26_u57,p26,ce,여고다녀태구가 1구가이우선영상예고가 3일을사꼬는강원태구이분이 1년에영어를안왔다
p26_u57,p26,ce_s40,여고다녀태구가일이생오해구가이우선영상예고가 3월에사실이고강원태구이부분이 1위영어래않았다.
p26_u57,p26,ce_s80,여고다녀태구가 1구가일이우선예고가 3월에사제했고인터뷰학원이번에는 1년에영어를안왔다
p26_u57,p26,ce_s160,여고다녀봤는데태국가일이생태구가이우선영상예고가 3일을다니고이번 1일연구를안왔다
p26_u57,p26,taps_s80,여고단체분은전남체그가 1이신남체교가이부산영상예고가 3일을차지했고데인들은다강원최고에이브앤 1위에영애를안아파.
p26_u57,p26,taps_s160,여고단체분은전남체그가 1이신남체교가이부산영상예구가 3일을차지했고데인들은다강원최고에이브앤 1위에영애를안왔다.
p26_u57,p26,ce_visible,여고다녀태구가 1구가이우선영상예고가 3일을사꼬는강원태구이분이 1년에영어를안왔다
p26_u57,p26,ce_invisible,여고단체분은전남체구가 1이신남체그가이부산영상예구가 3일을차지했고걔네들은다강원최고에이브앤 1위에영애를안왔다.
p26_u58,p26,taps,공기건청남중단체보면은광주체중에 1위보태주에 2중이 3일에올랐으면개인적 1위는 1000 중에 200이차지했다.
p26_u58,p26,ce,건좀남긴한대왕십리오일한올랐대며한네개
p26_u58,p26,ce_s40,거기건좀남긴한 45분에왕이 120
p26_u58,p26,ce_s80,여기껀남기고 1위 5위? 한올이한 200
p26_u58,p26,ce_s160,껀남동생간에 1위 5위? 한올라가
p26_u58,p26,taps_s80,공기건청남중단체보면은당주체중의 1이복제 2 중에 3일에올랐으면개인전 1위는 1000 남중에이패딩이차지했다.
p26_u58,p26,taps_s160,공기건청남중단체보면은광주체중에 1위곡들 2중이 3일에올랐으면개인전 1위는 1000 중에 200이차지했다.
p26_u58,p26,ce_visible,건좀남긴한대 1위 5위한올랐으면네
p26_u58,p26,ce_invisible,공기건청남중단체보면은광주체중에 1위보태주에 2중이 3일에올랐으면개인적 1위는 1000 중에 200이차지했다.
p26_u59,p26,taps,"여중간체분을서산여중, 엄사정, 정선중에각각 1위, 2, 3일에기르케며여중생일일은서산여중에갱년회가차지했다."
p26_u59,p26,ce,여동생간일본은서산여동업무사정장산동에약간 1인 1종대인당 1인 3종에미녀도하겠다.
p26_u59,p26,ce_s40,여중간데서산여중업무 4등당산데약간 1인 1명여동생대임산 1인 3여중에빈연구사겠다
p26_u59,p26,ce_s80,여중간데서산여중업무 4등장에각각 1인 1명여동생대인단 1인 3종에미녀노가사겠다
p26_u59,p26,ce_s160,여동생엄마여동생장까 1인 1 대 1년을가겠다.
p26_u59,p26,taps_s80,"여중간체분을서상여중, 엄사정, 정선중에각각 1위, 2, 3일에기르케했으면여중생일은서산여중에갱년기가차지했다."
p26_u59,p26,taps_s160,"여중간체분을서상여중업사중, 정선중에각각 1위, 2, 3일에기릏게쓰며여중생제인전일은서상여중에  김념이가찾을다."
p26_u59,p26,ce_visible,여동생간일본은서산여중업무사정장산동에가끔 1인 1종대인단 1인 3종에미녀도하겠다.
p26_u59,p26,ce_invisible,"여중간체분을서산여중, 엄사정, 정선중에각각 1위, 2, 3일에기르케며여중생일일은서산여중에갱년회가차지했다."
p26_u60,p26,taps,"공기조정막남고, 단세보면은한광고가일이인턴세구가 2, 일산상구가 3일을차지했으여개인더내일이든한과목을지낼방세우가차지했다."
p26_u60,p26,ce,1종동은남고단오면은한강고가 1 인구가이일단황구가상일을해야될거아니야한광고에방법을찾아야되겠다.
p26_u60,p26,ce_s40,1등은남고단오면은한강고가 1 인 39가 2 일단황구가상해를타야그냥한광고에방법을찾아야되겠다.
p26_u60,p26,ce_s80,1억정도남고단오면은한강고가 1 인 39가 2 인구가 3월에사기당일이든한광고에방법을찾아야되겠다.
p26_u60,p26,ce_s160,1억정도남고산다보면은한강고가 1 인 39가이일단성고가 39만원이래도한광고그냥방통으로사야겠다.
p26_u60,p26,taps_s80,"공기조청록남고, 단세보면은한광고가 1이인천세우가이일산상구가 3일을차지를중여. 개인전 1이든한과목을지낼방사가차지했다."
p26_u60,p26,taps_s160,"공기조정복남고, 단세보면은한광고가일이인턴세구가이일산상구가 3일을차지해지면개인전 1이든한과목을지낼방사가차지했다."
p26_u60,p26,ce_visible,1종동은남고단오면은한강고가 1 인구가이일단황구가상일을해야될거아니야한광고에방법을찾아야되겠다.
p26_u60,p26,ce_invisible,"공기조정막남고, 단세보면은한광고가일이인턴세구가 2, 일산상구가 3일을차지했으여개인더내일이든한과목을지낼방세우가차지했다."
p26_u61,p26,taps,"여고단체분에변북체귀가 1, 13 예상이 2일, 1,000원얘기가 3일에기름됐으면개인적일일은대기최고의이영인이올랐다."
p26_u61,p26,ce,여고다녀왕복해 1등 3원여고가 3일이렇게쓰면 1은 197 올랐다.
p26_u61,p26,ce_s40,여고다녀왕복해고가 1교 3원여고가 3일에기록했었으면 1월 1일은백구최고이영일은올랐다.
p26_u61,p26,ce_s80,여고다녀왕복해고가 1년 3원여고가 3월에이렇게며 1월 1일은 97이올랐다.
p26_u61,p26,ce_s160,여고동생이왕복해 1등 3학년 1학기를갔으면 1월 1일은백구최고에이학년이올랐다.
p26_u61,p26,taps_s80,"여고단체분에변북체귀가 1, 1센예상이 2일, 천안얘기가 3일에기름됐으면개인적일일은대기최고의이영인이올랐다."
p26_u61,p26,taps_s160,"여고단체분에변북체기가 1, 1센예상이 2일. 천안얘기가 3일에기르며개인적일일은대기최고의이영애니올랐다."
p26_u61,p26,ce_visible,여고다녀왕복해고가 1등 3원여고가 3일갔으면 1위는백구이올랐다.
p26_u61,p26,ce_invisible,"여고단체분에변북체귀가 1, 13 예상이 2일, 1,000원얘기가 3일에기름됐으면개인적일일은대기최고의이영인이올랐다."
p26_u62,p26,taps,"공기쇼핑남정단세보면은, 행복채중에 1위, 한강진 2, 4 중에 3일을차지했으면개인전 1위는소문중에하세느니맞겠다."
p26_u62,p26,ce,희록좀남겨한두번은공부일이한번이지한번 3개월전에 1인 1번중에 3600
p26_u62,p26,ce_s40,희록좀남겨관기본은공부일이고한번이지한번 3일 1등급이야?
p26_u62,p26,ce_s80,"우리학교는남녀관광객이한번일한일일수도있죠. 인당 1, 3학년중에학생비긴땄"
p26_u62,p26,ce_s160,우리학교좀남들단체보면은 3일에 4 1등급겠다.
p26_u62,p26,taps_s80,"공기쇼핑남정단세분은행복체중이 1위, 한강중 2중이 3일을차지했으면개인전 1위는서문중에하세느니댕겼겠다."
p26_u62,p26,taps_s160,"공기수평남중단쇄분은행복체중이 1위, 한강중 2, 4중이 3일을차지했으면개인전 1위는소문중에하세느니늦겠다."
p26_u62,p26,ce_visible,"희록좀남겨한두번은공부일이한번이지한번 3개월째 1, 2년 3분중에한개겠다."
p26_u62,p26,ce_invisible,"공기쇼핑남정단세보면은, 행복채중에 1위, 한강중 2, 4 중에 3일을차지했으면개인전 1위는소문중에하세느니맞겠다."
p26_u63,p26,taps,여중단체보면은변덕체중이 1이정현중에 2천니상미를차지했고개인전 1위는변덕재중에계단을차지했다.
p26_u63,p26,ce,여동생전세번은방법해준일어평등해상의를사게했고인당 1복 5회나무사지했다.
p26_u63,p26,ce_s40,여동생단세고경복해주면 1편중에상위를사됐고경상 1등해준후에남이사지했다.
p26_u63,p26,ce_s80,여동생당신은방법해준일몇평등이상해를사됐고병일날방법대중교통에남이사지했다.
p26_u63,p26,ce_s160,여동생방세금은방법해준일어평균을 3일을사지했고대인강 1등해준게남이사지했다.
p26_u63,p26,taps_s80,여중단체보면은변극채중에 1일동안 2 몇천이상미를차지했고개인전 1인은변덕재중에기회당을차지했다.
p26_u63,p26,taps_s160,여중단체보면은변덕체중이 1년중에 2천이상해를차지했고개인전 1인은변덕재중에기회당을차지했다.
p26_u63,p26,ce_visible,여동생둘세보고정복하중에어상해를사게했고인당 1복 5회나무사지했다.
p26_u63,p26,ce_invisible,여중단체보면은변덕체중이 1이정현중에 2천니상미를차지했고개인전 1위는변덕재중에계단을차지했다.
p26_u64,p26,taps,전세계주유가장하페거리소가최근풍목한한국선품대략와누나에거래진단돈을상주니체에썼다고? 물론 13일보도했다.
p26_u64,p26,ce,언덕에가장카페거래부가해군성덕한권태라해버릇난오늘항상패딩도유치해라샀다고물론계속던힐보게했다.
p26_u64,p26,ce_s40,언덕에가장카페바래프가해검정한권태라해바래공단계도에나왔다고
p26_u64,p26,ce_s80,언덕에가장핫팩바래프가태그한칸해버릇난오늘평균회계도시에나왔었다고
p26_u64,p26,ce_s160,언세계누르가장예쁘게바래프가태그한권태라고눈아예걸을면담너는삼성회의도시에낮았다고눈썹문에찍어야
p26_u64,p26,taps_s80,"전세계주유가장해거래소가최근풍목한한국선, 폰데려와. 눈아예거래진단은삼성즈체라셨다고? 물론 13일보도했다."
p26_u64,p26,taps_s160,"전세계주유가장하페거리소가최근풍목한한국선, 폰데려와. 눈아예거래진단에성적폐지해라썼다고? 물론 13일정도했다."
p26_u64,p26,ce_visible,언덕에가장카페거래부가해군성덕한권태라해버릇난오늘항상패딩입고끝을보냈다고
p26_u64,p26,ce_invisible,전세계주유가장하페거리소가최근풍목한한국선품대략와누나에거래진단돈을상주니체에썼다고? 물론 13일보도했다.
p26_u65,p26,taps,"보드에따르면대형가상앞에거에서오케이엑스는테라포액드가바레마는테러는물론이고, 테라, 체인기반을애, 거와미러에모든걸중요시켰다."
p26_u65,p26,ce,구글바르면돼영바닥그우콜이엑스는해라에프가바르면은로하문화는물론이고해라이번에 A 모든거래를주겠다
p26_u65,p26,ce_s40,구도에바르면돼영장옆에그오코는해라에프가바래너는해라문화는물론이고해라이번에에미래에모든걸느꼈다고
p26_u65,p26,ce_s80,바르면돼영장옆에그오케이크는해라에프가바르면은로하는물론이고해라이번에 A 나왔어모든걸
p26_u65,p26,ce_s160,바르면다우크예쁜랩내가바르면은헤어무난한물론이고해라이번에모든걸느꼈다고
p26_u65,p26,taps_s80,"구두에따르면대형가상앞에거에서오케이엑스는테라포맥주가발행하는테러는물론이고, 테라, 체인기반을애, 거와미러에모든걸중요시켰다."
p26_u65,p26,taps_s160,"구두에따르면대형가상앞에거래소오케이엑스는테라포맥주가발행하는, 테러는물론이고, 테라, 체인기반을애, 거와미러에모든걸중요시켰다."
p26_u65,p26,ce_visible,구도에바르면돼영장업체거말고우크예쁜랩내가바르면은무난한물론이고해라이번에 A 모든거래를주겠다
p26_u65,p26,ce_invisible,"보드에따르면대형가상앞에거에서오케이엑스는테라포액드가바레마는테러는물론이고, 테라, 체인기반을애, 거와미러에모든걸중요시켰다."
p26_u66,p26,taps,"뚜발은아무페거리소에프티엑스는미화관련된파상품을상장폐지해고캐릭터에거, 미러거래를준비시켰다."
p26_u66,p26,ce,오빠는에프이거관련된말파이런거래.
p26_u66,p26,ce_s40,오빠는에프이거관련된읽고예쁘면눈아퍼유럽이런거레벨몇
p26_u66,p26,ce_s80,오빠는에프이거관련된거 F 했고그프라이프이런거레슨
p26_u66,p26,ce_s160,오빠는애플랜그관련된누나에어를몇
p26_u66,p26,taps_s80,"발은아무래소에프티엑스미화관련된파션상품을상장폐지했고캐릭터검도루나에거, 미러거래를준비시켰다."
p26_u66,p26,taps_s160,"뚜발은아무래소에프티엑슨이와관련된파션상품을상장페즈에고캐릭터검도루나에거, 미러거래를준비시켰다."
p26_u66,p26,ce_visible,오빠는에프이거관련된이런거래.
p26_u66,p26,ce_invisible,"뚜발은아무페거리소에프티엑스는미화관련된파상품을상장폐지해고캐릭터검도루나에거, 미러거래를준비시켰다."
p26_u67,p26,taps,미국최대가장앞에거래소코인데이트도 27일부터거래정지해나산다고물론먹여통신은전낸다.
p26_u67,p26,ce,미국코드가져 27일부터거래동시에나간산다고물론너씨는잘했다.
p26_u67,p26,ce_s40,미국코드가져 27일부터거래동질났은다고물론동진을잘했다.
p26_u67,p26,ce_s80,미국코드가져 27일부터거래동질나선다고물론동진을잘했다.
p26_u67,p26,ce_s160,미국코드가져 27일부터거래동시에나산다고물론통신은잘했다
p26_u67,p26,taps_s80,미국최대가장앞에거래소코인데이즈도 27일부터거래정지해나산다고물론먹여통신은전엔다
p26_u67,p26,taps_s160,미국최대가장앞에거래소코인데이트도 27일부터거래정지해나선다고물론통신은전엔다
p26_u67,p26,ce_visible,미국코드가져 27일부터거래동시에나간산다고물론너씨는잘했다.
p26_u67,p26,ce_invisible,미국최대가장앞에거래소코인데이트도 27일부터거래정지해나산다고물론먹여통신은전낸다.
p26_u68,p26,taps,자우평범다이너스최고개인나는정말테라프응해문제잡으면테러와니나의거리를중달시겠다.
p26_u68,p26,ce,찍어줘여기문대가끌어분해준다했었
p26_u68,p26,ce_s40,최고경예뻐여기문대가오면좋겠다.
p26_u68,p26,ce_s80,띠용마음이었어요. 나는정말뽀록이뭔데
p26_u68,p26,ce_s160,최고지나는아여기문제로문을열고
p26_u68,p26,taps_s80,자우평범다이넥스갱행자는정말테라프에스대형에문제잡으면테라와이마에거를중달시겠다.
p26_u68,p26,taps_s160,자우평범하긴했어. 치고갱행자는정말테라프에대응에문제사오면테라와이마에거를중단을쓰겠다.
p26_u68,p26,ce_visible,찍어줘여기문대가무난해.
p26_u68,p26,ce_invisible,자우평범다이너스최고개인나는정말테라프응해문제잡으면테러와니나의거리를정다시겠다.
p26_u69,p26,taps,그는테라프앱스가테라에가격이 1달러밑으로떨어지자. 대량으로찍어는누나로테라돌찾으러가객을인위적으로부양시키려했다는지지를구판에다.
p26_u69,p26,ce,테런입고내가테라에따로미끄러떨어지나이런거뜨거는우리나라로해라임의적으로보인다고해나는집으로부하겠다.
p26_u69,p26,ce_s40,테런내가페라에가격이일단밑으로떨어지나패션으로뜨거는누나로페라벨을담으려고가는걸일백으로보는건지나는집으로부평에다.
p26_u69,p26,ce_s80,테런얘가페라에비해선미끌어떨어지나패션으로뜨거는패러글라느라고인식적으로보인다고해너네집으로부평에다.
p26_u69,p26,ce_s160,테런은내가테라에비해미끄러떨어지잖아. 해장으로뜨거는패러글라글이미지백으로읽으시구나. 해바는집으로부하겠다.
p26_u69,p26,taps_s80,그는테러프에스가테라에가격이 1달러밑으로떨어지자. 대량으로찍어는누나로테라들타들여가격을인위적으로부양시키려했다는지지를구판에다.
p26_u69,p26,taps_s160,그는테라프앱스가테라에가격이 1달러밑으로떨어지자. 대량으로찍어는누나로테라데를찾으려고가격을인위적으로부양시키려했다는지지를구판에다.
p26_u69,p26,ce_visible,테런입고내가테라에따로미끄러떨어지나이런거찍어낸구나로테라를담력하는걸이미백으로보는건지모르겠다.
p26_u69,p26,ce_invisible,그는테라프앱스가테라에가격이 1달러밑으로떨어지자. 대량으로찍어는누나로테라돌찾으러가객을인위적으로부양시키려했다는지지를구판에다.
p26_u70,p26,taps,바이랜스레프안에공개쓰는모드베라에투잡한새를기다려봐.
p26_u70,p26,ce,
p26_u70,p26,ce_s40,그래홍대라이쁘다해봐.
p26_u70,p26,ce_s80,그랫하네.
p26_u70,p26,ce_s160,아이똥그래퍼는엑스  홍대라했거든?
p26_u70,p26,taps_s80,바이랜슬레퍼하는걔홍대에쓰는모드베라에투잡한새들이더라고.
p26_u70,p26,taps_s160,바이랜스레프안에공개쓰는베라에투잡한새들이더라고.
p26_u70,p26,ce_visible,
p26_u70,p26,ce_invisible,바이랜스레프안에공개쓰는모드베라에투잡한새를기다려봐.
p26_u71,p26,taps,한편이능을월트리투전어은위험자선에대한배가커지면서글로벌가성비그거 2개월만에 1조달로이상바했다고? 보드했다.
p26_u71,p26,ce,한편이능을월은미용사에대한노력을커두면서이물가이틀만에 1 8분말했다고보드했다.
p26_u71,p26,ce_s40,"한편이날월은미용사에대한오키면서누가이길만해 1, 2주만말했다고"
p26_u71,p26,ce_s80,한편이능에월드컵은미용사에대한올려가커지면서입고
p26_u71,p26,ce_s160,한편이능을월 1주일은미용사에대한올려가커지면서의로가서물건이만에 1도 2종말했다고보드했다.
p26_u71,p26,taps_s80,한편이능을월스트리트전활은위험사선에대한배가커지면서글로벌가성하고있거든? 그거 2개월만에 1조달로이상바했다고? 보드했다.
p26_u71,p26,taps_s160,한편이능을월스트리트전활은위험자선에대한뇌가커지면서글로벌가성비씨같은결과 2개월만에 1조달로이상징발했다고보드했다.
p26_u71,p26,ce_visible,한편이능을월은미용사에대한노력을커두면서이물가이빨만에 1 8분말했다고보드했다.
p26_u71,p26,ce_invisible,한편이능을월트리투전어은위험자선에대한배가커지면서글로벌가성비그거 2개월만에 1조달로이상바했다고? 보드했다.
p26_u72,p26,taps,"비트캔과이더리먼지난 10일에각각 2700점 30달러. 4,800 달러로차장최고치를기록해야되잖아. 현재오8% 20%, 8학 3 4 02다."
p26_u72,p26,ce,2월 140이래. 약간 3300원한 300 달로한 7억이래하느 5성공부
p26_u72,p26,ce_s40,2004인가? 2월 140이래. 약간 3300원한 300 달로한세개씩한갑이다
p26_u72,p26,ce_s80,"핑크 2만원씩한 110이라 3 800점 30 넘어한 3, 400 칼로한 7억이래하현대 28이다"
p26_u72,p26,ce_s160,2월 11
p26_u72,p26,taps_s80,"비트캔과이더리먼지난 1이래. 가끔미국한 7,800점, 30달러. 4800 달러로차상최고치를기록해야되잖아. 현재오8퍼센트 60%씩 8학 3 4."
p26_u72,p26,taps_s160,"비트캔과이덜이면진안에 11월에가끔이름이한 7,800점 30달러. 4,800 달러로차상최고치를기르테스나현재오8퍼센트입지퍼센테지, 하락 30이다."
p26_u72,p26,ce_visible,2월 140이래. 아미군은 3백입점한햇 3
p26_u72,p26,ce_invisible,"비트캔과이더리먼지난 10일에각각 2700점 30달러. 4,800 달러로차장최고치를기록해야되잖아. 현재오8% 20%, 8학 3 4 02다."
p26_u73,p26,taps,"에스케일바이오밤인데선생을혁신학센, 과일  애가랑스에서발매허가를받았다고 9일바이편다."
p26_u73,p26,ce,에스바이오가면안돼컨트롤이허내가허가를받았다고 95였다.
p26_u73,p26,ce_s40,에스바이오가면되잖아. 어내가발매허가를받았다고구해밟
p26_u73,p26,ce_s80,에스바이오가면네덜란드호핑이어봐낼꺼다아이가발레호가를받았다고구해봤다.
p26_u73,p26,ce_s160,에스엘바이오가면되잖아. 어내가발레훠궈를받았다고 95였다.
p26_u73,p26,taps_s80,SK 바이오바면제선생을혁신학센후가메이크가프랑스에서발레호가를받았다고 9일바이편봐.
p26_u73,p26,taps_s160,"SK 바이오바면제선정치를혁신학센, 후바매이크가프랑스에서발레호가를받았다고 9일바이팬도"
p26_u73,p26,ce_visible,에스바이오가면되잖아요. 어내가발레호가를받았다고 95였다.
p26_u73,p26,ce_invisible,"에스케일바이오밤인데선생을혁신학센, 과일  애가랑스에서발매허가를받았다고 9일바이편다."
p26_u74,p26,taps,"이랬어. 인어의대굉장히독일, 영국? 이탈리아스페인어주기에성공엔다."
p26_u74,p26,ce,이러유럽 5백강제거기연구이빨이야성공했다.
p26_u74,p26,ce_s40,유럽건유럽오뎅거기연구이틀에성공했다.
p26_u74,p26,ce_s80,유럽건유럽오뎅거기연구이틀이야? 성공했다.
p26_u74,p26,ce_s160,유럽건유럽 5백강대거기연극이쪽
p26_u74,p26,taps_s80,"이랬어. 인유럽의대  경제국인독일, 영국? 이탈리아스페인어주기에성공했다."
p26_u74,p26,taps_s160,"일했어? 인유럽의대  경제국인독일, 영국? 이팔이야? 스페인어주기에성공한다."
p26_u74,p26,ce_visible,유럽일어오뎅국이거기연구이빨이야성공했다.
p26_u74,p26,ce_invisible,"일했어? 인라의대굉장히독일, 영국? 이탈리아스페인어주기에성공엔다."
p26_u75,p26,taps,데미금에이때는진한 3월유럽지팬미언을판매생윤을획득하는운투줄이라는제품명으로유럽시장에본격적으로진술했다.
p26_u75,p26,ce,"햄버거이 3만원유럽연합 10원, 300이래 Ont라는 100프로유럽이나백병으로좀그랬다."
p26_u75,p26,ce_s40,햄버거에유럽연합 10분위안을함유서인터스이라는제품으로유럽이랑몇백으로그랬다.
p26_u75,p26,ce_s80,지난번에파면유럽연합 10분위안을평균생으로했겠지은평구리라는제품으로유럽이랑몇백으로그랬다.
p26_u75,p26,ce_s160,새로바에있구나. 유럽열한 10편유연해파면합격하는온수들이라는대표용으로유럽이랑본격적으로그랬다.
p26_u75,p26,taps_s80,페미갑네이터는지난번 3월유럽지팬미언을판매생일을획득하는운투줄이라는제품명으로유럽시장에본격적으로진술해서.
p26_u75,p26,taps_s160,데미공에이때는지난의 3월유럽지팬미언을판매생일을획득하는운투줄이라는제품명으로유럽시장에본격적으로진술했다.
p26_u75,p26,ce_visible,햄버거이 3학년유럽 10분위안을판매생윤이랑후배온통이라는백품으로유럽이나백병으로좀그랬다.
p26_u75,p26,ce_invisible,데미금에이때는진한 3월유럽지팬미언을판매생윤을획득하는운투줄이라는제품명으로유럽시장에본격적으로진술했다.
p26_u76,p26,taps,같은 2월 sta 바이오판에파트마서안젤리파마는온주리를유럽세대배양시장엔독일에서처음발매했다.
p26_u76,p26,ce,아근데바이오판매파워서안들리게파마는우리뚜드리는배역이랑독일을서평발매했다고
p26_u76,p26,ce_s40,파상만드는게파마는대역씨랑저기를
p26_u76,p26,ce_s80,바빠서안들리니까
p26_u76,p26,ce_s160,바빠서안들리니까
p26_u76,p26,taps_s80,같은 2월 sta 바이오판에파트마서안젤리파마는온주리를유럽세대배역시장엔독일에서처음발매했다.
p26_u76,p26,taps_s160,같은앤월 sta 바이오판매파트마서안젤리파마는온주리를유럽세대배역시장엔독일에서처음발매했다.
p26_u76,p26,ce_visible,에프에바이오판에판어서안들리게파마는우리끼리배웠지. 독일을서평발매했다고
p26_u76,p26,ce_invisible,같은 2월 sta 바이오판에파트마서안젤리파마는온주리를유럽세대배양시장엔독일에서처음발매했다.
p26_u77,p26,taps,셀바메이트는독일을시작으로 1년 6개월만에유럽주요 5대시장으로영령에확대하게냈다.
p26_u77,p26,ce,맨우버면이독일수작으로 1년 6개월만에유럽불여 5대시장으로영역을확대하게됐다.
p26_u77,p26,ce_s40,맨오브이들은독일시장으로 1년 6개월만에유럽주요 5대시장으로영역을확대하게됐다.
p26_u77,p26,ce_s80,맨오브이들은독일시장으로 1년 6개월만에유럽오데시장으로영역을확대하게됐다.
p26_u77,p26,ce_s160,맨업에있는 11시장으로 1년 6개월만에유럽주요 5대시장으로영역을확대하게됐다.
p26_u77,p26,taps_s80,셀바메이트는독일을시작으로 1년 6개월만에유럽주요 5대시장으로영령에확대하게냈다.
p26_u77,p26,taps_s160,셀바메이트는독일을시작으로 1년 6개월만에유럽주요 5대시장으로영령에확대하게됐다.
p26_u77,p26,ce_visible,맨우버면이독일수작으로 1년 6개월만에유럽불여 5대시장으로영역을확대하게됐다.
p26_u77,p26,ce_invisible,셀바메이트는독일을시작으로 1년 6개월만에유럽주요 5대시장으로영영에확대하게냈다.
p26_u78,p26,taps,이들은늦은시정기문은약 17억달러에자라며인은유럽전체 73% 해당한다.
p26_u78,p26,ce,이브래내땅치던거는약해서달라해라며인유럽간다해서한벌었는데해당
p26_u78,p26,ce_s40,이브래내평생보면은약스노달라해라면유럽간데한번에너야한다.
p26_u78,p26,ce_s80,인터넷내등치동구매는약스노달라해라면유럽간데한번여행간다.
p26_u78,p26,ce_s160,이번에내전공쓰던분은약하면유럽간데한번네해당
p26_u78,p26,taps_s80,이들은늦은시정기문은약 17억달러에자라며인은유럽전체 73퍼센트해당한다.
p26_u78,p26,taps_s160,이들에늦은시정기문은약 17억달러에자라며인은유럽전체에서 73퍼센트해당한다.
p26_u78,p26,ce_visible,내 0이면은약달라요. 라면은유럽간다해서안바쁜데회원간다.
p26_u78,p26,ce_invisible,이들은늦은시정기문은약 17억달러에자라며인은유럽전체 73% 해당한다.
p26_u79,p26,taps,이번홈쇼핑으로온두들이는현재까지이럼내호피부에국가에서발매가진행중이다.
p26_u79,p26,ce,이번달  이러고원조들이는현대까지유럽갈거면발매가
p26_u79,p26,ce_s40,이번주로원두들이는현대까지유럽갈매기할인.
p26_u79,p26,ce_s80,이번 8시로원두우리는현대까지유럽에서발매가할인해주니다.
p26_u79,p26,ce_s160,이번 8시로원두들이는현대까지유럽에서호객국가에서발매가할인해주니다.
p26_u79,p26,taps_s80,이번홈쇼핑으로온두들이는현재까지이런데피부에국가에서발매가진행중이다.
p26_u79,p26,taps_s160,이번홈쇼핑으로온두들이는현대까지이런데피부에국가에서발매가진행중이다.
p26_u79,p26,ce_visible,이번주로원두들이는 300까지유럽갈거면발매가
p26_u79,p26,ce_invisible,이번홈쇼핑으로온두들이는현재까지이럼내호피부에국가에서발매가진행중이다.
p26_u80,p26,taps,sta 바이오팜은몬트지리에유럽판들석대로안젤리니판으로부터판매중에뇌출혈적과연재된말톤씩확보를기달시이질컷이라고보낸다.
p26_u80,p26,ce,에프면은평구리유럽한달비행기는아예송도액이낼수있을것이라고보냈다.
p26_u80,p26,ce_s40,에프면원두기에유럽한번예판으로몇판했는데연극은아예평생학교? 이러고보냈다
p26_u80,p26,ce_s80,에프면원두리에유럽한달로안들기예판으로몇판데너열두갠데연기는아예송이학부를기달수있을것이라고보냈다
p26_u80,p26,ce_s160,에프면은토요일이랑유럽한번하고안필기파면으로몇판데멜주긴며칠전까지연결해서있을것이라고보냈다.
p26_u80,p26,taps_s80,sta 바이오팜은몬트지리에유럽판들석대로안젤리니판으로부터판에루얄짐은뇌출혈적과연재된말통시쿠폰을기달시이질까? 일하고선했다.
p26_u80,p26,taps_s160,sta 바이오팜은몬트지리에유럽판들석대로안젤리니판으로부터판데루얄짐이매트실적과연재된말톤시컷에기달시이질꺼이라고선했다.
p26_u80,p26,ce_visible,에프면은평구리유럽한달비행기는날황새밖으로내포인것이라고보냈다.
p26_u80,p26,ce_invisible,sta 바이오팜은몬트지리에유럽판들석대로안젤리니판으로부터판매중에뇌출혈적과연재된말톤씩확보를기달시이질컷이라고보낸다.
p26_u81,p26,taps,한편 SK 바이오카면최근센오바이트당일제품만으로 1억 1주뚜레쥬벨수상에따.
p26_u81,p26,ce,한번 F는해동행오방에입고다녀이렇게해서쓰래대비해서사겠다.
p26_u81,p26,ce_s40,한번에가면해동행오방에입고다녀이렇게해서쓰래대비해서사겠다.
p26_u81,p26,ce_s80,한번에가면해동행오면입고안에서백퍼만으로이렇게해서쓰래되겠다.
p26_u81,p26,ce_s160,한번에어면회전행방에있다가백분만에이렇게해서쓰래대비해서사겠다.
p26_u81,p26,taps_s80,"한편 sk 바이오카면세금테노바메이트당일제품만으로 1억 1, 2렌다뺄수상했다."
p26_u81,p26,taps_s160,"한편 SK 바이오카면최근센베이트당일제품만으로 1억 1주, 뚜레쥬벨수상에다."
p26_u81,p26,ce_visible,한번 F는해동빼면은입고다녀이렇게해서사겠다.
p26_u81,p26,ce_invisible,한편 SK 바이오카면최근센오바이트당일제품만으로 1억 1주뚜레쥬벨수상에따.
p26_u82,p26,taps,지난 1월 1일부터올해 2월 30일까지 1년간재미대 1억부터츠를 1억단다대를돌입판데따릉이나.
p26_u82,p26,ce,1월 1일 1월부터올해 6월 31일까지 1년간이미 1억을 1억단련까지나와.
p26_u82,p26,ce_s40,1년에 1월부터올해 6월 31일까지 1년간이미 1억을일억단란해하는것이나.
p26_u82,p26,ce_s80,1월 7일부터올해 6월 31일까지 1년간이미 6억단란해하는것이나.
p26_u82,p26,ce_s160,7월 1일부터올해 6월 31일까지 1년간아니 1억 1억 1억단련거지나.
p26_u82,p26,taps_s80,지난 1월 1일부터올해 2월 30일까지 1년간재미대 1억스트레 1억단다를돌입판데따른씩나.
p26_u82,p26,taps_s160,"지난 1, 7일 1일부터올해 2월 30일까지 1년간재미대 1억부터츠레, 1억단다들판데따른글이다."
p26_u82,p26,ce_visible,1월 1일 1월부터올해 6월 31일까지 1년간이미 1억을 1억단련까지나와.
p26_u82,p26,ce_invisible,지난 1월 1일부터올해 2월 30일까지 1년간재미대 1억부터츠를 1억단다대를돌입판데따릉이나.
p26_u83,p26,taps,새노바메이트는 20일은미객식품이래갖고시판소가를받아. 이길에서는 X 코리나는제품양으로판매들이있다.
p26_u83,p26,ce,호그와매이트면이팔씩그냥미국식품이갖고 c 판서를받아. 미국에서는액티코풀이나는제품형으로판매되고있다.
p26_u83,p26,ce_s40,로그매이트면이팔십분은미국식품이갖고시판소거를받아. 미국에서는에쎄코리나는제품영화로판매되고있다.
p26_u83,p26,ce_s80,호감에있는시끄러미국식품외가꼬식판구를받아미국에서는에코프리나는제품영화로판매되고있다.
p26_u83,p26,ce_s160,"호박에 2, 2, 30분은미국식품외고시판소설을받아미국에서는에커플이나는제품영화로판매되고있다."
p26_u83,p26,taps_s80,새노메이트는 20일은미객식식품이래갖고시판소가를받아. 이길에서는 X 코리나는제품형으로판매대기다.
p26_u83,p26,taps_s160,새노메이트는 20일은미디식식품이래갖고시판소가를받아. 이길에서는 X 코리나는제품양으로판매들이다.
p26_u83,p26,ce_visible,호그와매이트면이팔씩그냥미국식품이갖고 c 판서를받아. 미국에서는액티코풀이나는제품형으로판매되고있다.
p26_u83,p26,ce_invisible,새노바메이트는 20일은미객식품이래갖고시판소가를받아. 이길에서는 X 코리나는제품양으로판매들이다.
p26_u84,p26,taps,존나구례군장여자이름던마증스가 2020년단어실험데에서우승의자세로시즌이거는
p26_u84,p26,ce,그래? 여자 1인당얼마잃어이쁜줄이냐? 어찌른제외오줌을싸대아니면찌고올랐다.
p26_u84,p26,ce_s40,그래? 여자 1인당얼마잃고이쁜짓이냐? 어서찌른제외하고우동찜닭을찢어이거나올라왔다.
p26_u84,p26,ce_s80,그래여자이름다이쁘 22년? 5가싫은데왜오지아니면찍은이거야
p26_u84,p26,ce_s160,그래운동여자랜덤이지? 남자가싫은데외가우등이빠무야  시즌이거는
p26_u84,p26,taps_s80,"강남, 구례군장여자이름단화된정수가 2020 방, 단어싫은데해서우승의자세로시즌이관해오늘봐."
p26_u84,p26,taps_s160,"전남, 구례군장여자이름단화된정수가 2020년단어싫은데해서우승의자세는시즌이관에올라와."
p26_u84,p26,ce_visible,언덕여자 1인당얼마잃어이쁜줄이냐? 어찌른제외오전에시드이거나올라왔다.
p26_u84,p26,ce_invisible,존나구례군장여자이름던마증스가 2020년단어실험데에서우승의자세로시즌이거는
p26_u85,p26,taps,군에따르면 6월여자부국학센단에서어마진선수는안산시청진달선수의상대에이대에역전승을받으면컨저비를쓰면안떠.
p26_u85,p26,ce,그냥 6월 1일여자보고과끝내서어마진선수는안살긴선수의상대이대를역은송을걷으면귀를뿐만이나왔다.
p26_u85,p26,ce_s40,그래따르면 6월여자보고과끝내서어마진선수는알산팬이라상대이대를역은송을거든요. 평소빌릴뻔했다.
p26_u85,p26,ce_s80,구래가 6월여자보고과끝내서어마진선수는안산에준다해서궁금해서이대를역은상을거든요.
p26_u85,p26,ce_s160,그래가 6월여다보고과끝내서어마진선수알 30라이선수를상대해이대일역근상을거든요.
p26_u85,p26,taps_s80,군에따르면 6월 1일여자부국회발생도서어마진선수는안산시청진달선수의상대에이대에역전승을받으면한국비를쓰면안놔.
p26_u85,p26,taps_s160,군에따르면 6월여자부국순에서어마진선수는안산시장분다에선수의상대에이대에역전상을받으면한국으로비례쏘면안따.
p26_u85,p26,ce_visible,그냥 6월여다보고과끝내서어마진선수는안살긴선수의상대이대를역은송을걷으면귀를끊겨놨다.
p26_u85,p26,ce_invisible,군에따르면 6월여자부국학결승전해서어마진선수는안산시청진달선수의상대에이대에역전승을받으면컨저비를쓰면안따.
p26_u86,p26,taps,"어마신선은 3월달에열렸던 2020이거제장사실험대회이중에이어시즌 2번째장사타이틀에서너오면개인둥, 여섯번째, 국화장사등됐겠다."
p26_u86,p26,ce,열몇시이동해서
p26_u86,p26,ce_s40,열몇시
p26_u86,p26,ce_s80,열렸지.
p26_u86,p26,ce_s160,3월달에 12만원꽂아야겠다.
p26_u86,p26,taps_s80,"어마신선은 3월달에열렸던 2020이거제장사실험대회이중에이어시즌 2번째장사타이틀에서너오면개인둥산여섯번째, 국화장사준비했다."
p26_u86,p26,taps_s160,"어마신선을 3월달에열렸던 2020이거제장사실험돼이중에이어시즌 2번째장사타이틀에서너오면개인동산여섯번째, 국화장사해댕겼다."
p26_u86,p26,ce_visible,열몇시이동을갔지.
p26_u86,p26,ce_invisible,"어마신선은 3월달에열렸던 2020이거제장사실험대회이중에이어시즌 2번째장사타이틀에서너오면개인둥산여섯번째, 국화장사등됐겠다."
p26_u87,p26,taps,어마진선수는사건그릇해서같은팀소속인이생이선수업부터네집유한대책이래이대형생리대가누워결승에올렸다.
p26_u87,p26,ce,어마진하고이루고
p26_u87,p26,ce_s40,어마진선수학원이유리이루고
p26_u87,p26,ce_s80,어마진학원에서이디라오잖아이랬지.
p26_u87,p26,ce_s160,어맞아이대기업이론
p26_u87,p26,taps_s80,"어마진선수는사건그릇해서같은팀서쪽인이생이선수가더레드미용한자책이래. 이대형생, 200에올렸나"
p26_u87,p26,taps_s160,어마진선수는사건그해서같은팀소속인이생이선수반부터네집유한단백이래이대형생리대한결승에올렸다.
p26_u87,p26,ce_visible,어마진 2등이랑이론
p26_u87,p26,ce_invisible,어마진선수는사건그릇해서같은팀소속인이생이선수업부터네집유한대책이래이대형생리대가누워결승에올렸다.
p26_u88,p26,taps,결승전첫번째판에서어바진선수는긴다의선수의안다리기술에걸려서선점을내줬다.
p26_u88,p26,ce,뜬금없이반에서어머진삼수해긴다의성수에안가리비술에걸려준다면내렸다.
p26_u88,p26,ce_s40,야뜬금없이삼글에긴데안가리비술에걸려.
p26_u88,p26,ce_s80,그래뜬금없이반에서어머진다래성수에안가리비술에걸려상사면되겄다.
p26_u88,p26,ce_s160,그래끊을까어머진 3수를긴다해서상술에반달이길드에걸려서한다매내줬다.
p26_u88,p26,taps_s80,결승전첫학번때판에서어바진선수를긴다의선수의안다리기술에걸려선정해졌다.
p26_u88,p26,taps_s160,결승전첫번째판에서어바진선수는긴다의선수의안다리기질에걸려선점을대줬다.
p26_u88,p26,ce_visible,뜬금없이반에서어머진삼수해긴다의성수에안가리비술에걸려준다면내렸다.
p26_u88,p26,ce_invisible,결승전첫번째판에서어바진선수의긴다의선수의안다리기술에걸려서선점을내줬다.
p26_u89,p26,taps,그러나동굴을한개받은분리했던상황수서연장변비증게젤리담겨두고자퇴기에완데키성극시키면서두번째판을받으러갔다.
p26_u89,p26,ce,은근히한글바글예쁜상변기통에 F를남겨두고다꼬리기술이완데성분대표가져갔다.
p26_u89,p26,ce_s40,은근히홍대남기고다입으라고한대상공사.
p26_u89,p26,ce_s80,몽골에홍대바램불법쓰연장변기통에 7에남겨두고사대기를완벽히성공했는서비스가져갔다.
p26_u89,p26,ce_s160,나는은글에한개받은물이예쁜상경변기통에 7에남겨두고닭고기미술은완벽한타네가져갔다.
p26_u89,p26,taps_s80,그러나동굴을한개받은분리했던상황속에서연장변비쟁이철에담겨두고자책이기술을원데키성극시키면서두번째판을받으러갔다.
p26_u89,p26,taps_s160,그러나동굴을한개받은분리했던상황속에서연장정변기증녀칠이남겨두고자책이기술에원데키성극시키면서두번째판을받으러갔다.
p26_u89,p26,ce_visible,은근히한글바글예쁜상비동교에서일부로남겨두드리고왔는데계속공기연상도한대표가져갔다.
p26_u89,p26,ce_invisible,그러나동굴을한개받은분리했던상황수서연장변비증게젤리담겨두고자퇴기에완데키성극시키면서두번째판을받으러갔다.
p26_u90,p26,taps,"마지막판에서는배지지와미뤄지기를연개한기술로긴다의선수의무너들이야, 이대일역전승에더럽다."
p26_u90,p26,ce,마지막판에서는에비앙미라띠들을연기하고근데사람들이못봤더니역사에그렇다.
p26_u90,p26,ce_s40,마지막판에서는배비와미라 TV를연결한글로근데사람들이엄마들이연끼야
p26_u90,p26,ce_s80,마지막판에서는배비와미라 TV를연결해서무너들이야이일연구
p26_u90,p26,ce_s160,마지막한 12부학이러연기하고이연초에그렇다.
p26_u90,p26,taps_s80,"마지막판에서는배지기와미라치기를연개한기술로긴다의선수의무너들이야, 이대일역전승에더높다."
p26_u90,p26,taps_s160,"마지막판에서는배지기와미적을연개한기술로긴다의선수의문화들이냐, 이대일역전승에더높다."
p26_u90,p26,ce_visible,마지막판에서는에비앙미라띠들을연기하고근데사람들이못봤더니역사에그렇다.
p26_u90,p26,ce_invisible,"마지막판에서는배지지와미뤄지기를연개한기술로긴다의선수의무너들이야, 이대일역전승에더럽다."
p26_u91,p26,taps,김준혼 97은이번대회우승에통에구래군을빚내주어공학과며앞으로도환수들이힐러낼만전념할수있도록다각자긴지원을아끼지않겠다. 고마릴까.
p26_u91,p26,ce,임수는구래군기는이번주에우승할중에구례군을빛나더라구앞으로도훈련을전념할수있도록오늘앞이잖아.
p26_u91,p26,ce_s40,민중이구례군이번주에우승할때부레군을빚내서그아빠는앞으로도한수를흘려내면전환할수있도록말했다.
p26_u91,p26,ce_s80,윤주는이번주월중에구례군을빚내서그아빠는앞으로도한수들이훈련을전념할수있도록말했다.
p26_u91,p26,ce_s160,은주이번주에우승할때부레군을빛내줘야그것땜에앞으로도있도록말했다.
p26_u91,p26,taps_s80,김준하구래군수는이번대회우승을통해불에군을빚내주어공학다녀. 앞으로도환수들이힐러낼만전념할수있도록다각자긴지원을아끼지않겠다. 고만했다.
p26_u91,p26,taps_s160,김준하구래군수는이번대회우승에통에구래군을빛내줘야고마다녀. 앞으로도환수들이힐러낼만잔념할수있도록다각자긴지원은아끼지않겠다. 고마했다.
p26_u91,p26,ce_visible,임수는구래군기는이번주에우승할중에구례군을빛나더라구앞으로도훈련을전념할수있도록오늘앞이지어렸다구말했다.
p26_u91,p26,ce_invisible,김준혼 97은이번대회우승에통에구래군을빚내주어공학과며앞으로도환수들이힐러낼만전념할수있도록다각자긴지원을아끼지않겠다. 고마릴까.
p26_u92,p26,taps,2년전념동기들이맨줄은 2.1퍼센트진거알지만영업이든 28퍼센트감소한기보다
p26_u92,p26,ce,2월 26기대비몇퍼이쩜 18기보다.
p26_u92,p26,ce_s40,2월 28이몇번입학인가영업 2008로나.
p26_u92,p26,ce_s80,2년 2 대 B 몇이받은거알뜰말업 200은 28
p26_u92,p26,ce_s160,이번에 28이몇분이틀은갈비만업이든 28
p26_u92,p26,taps_s80,2년전념동기들이멘줄은 2.1퍼센트즌가알지만영업이든 23퍼센트감소한기보다
p26_u92,p26,taps_s160,2년전념동기들이면줄은 2.1퍼센트인가알지만영업이든 23퍼센트감소한기보다
p26_u92,p26,ce_visible,2월 26기대비몇퍼이쩜 18분깔끔해. 영업 200은 28
p26_u92,p26,ce_invisible,2년전념동기들이맨줄은 2.1퍼센트진거알지만영업이든 28퍼센트감소한기보다
p26_u93,p26,taps,글로벌공급한불안정과러시아에이트랑이나친군사태를인한원자대가격흥생된행을미치면서가져온결과가나와.
p26_u93,p26,ce,글로벌궁금한그런거월세에오크있는원더래후배영향을미치면서아너무결과나.
p26_u93,p26,ce_s40,글로벌은근한그런거월세에오케이풍동사태로있는원더래근데영향을미치면서아너무별거다.
p26_u93,p26,ce_s80,글로벌은근한브랜드카페원더백이연동을미끼면서아너무별거다.
p26_u93,p26,ce_s160,글로벌은근한그런거월세에오케이핑크색이연예인을느끼면서아너무별거다.
p26_u93,p26,taps_s80,"글로벌궁금한불안정과러시아에, 이트랑이나친군사태에있는원자대가격성생중에여행을  여행을미치면서가져온결과나와."
p26_u93,p26,taps_s160,글로벌궁금한불안정과러시아에이트랑이나친군사태를인원자대가격성생대게여행을미치면서가져온결과다.
p26_u93,p26,ce_visible,글로벌궁금한그런거월세에오크있는원더래미치면서아너무결과나.
p26_u93,p26,ce_invisible,글로벌공급한불안정과러시아에이트랑이나친군사태를인한원자대가격흥생된행을미치면서가져온결과가나와.
p26_u94,p26,taps,"업계에서사양공조체부족사때가많아. 에지, 에너지소매산에실적도배산될것으로보고있다."
p26_u94,p26,ce,어깨선설령전관전주에보도말한대로되면 LG 에너지족보그전될것으로보고있다.
p26_u94,p26,ce_s40,어깨선혈형간데무조건많아내면 LG 에너지족보그전될것으로보고있다.
p26_u94,p26,ce_s80,어깨선설령전도돼. 무조건말한대면에너지분노선에대해적도그전될것으로보고있다.
p26_u94,p26,ce_s160,어깨선설령전도제무조만원되면 LG 에너지도서내질적도그전될것으로보고있다.
p26_u94,p26,taps_s80,"업계에선사령반도체부족쌓때가많아. 에지, 에너지소매산에실적도배산될것으로보고있다."
p26_u94,p26,taps_s160,업계에선사령공단도체부족사때가완화되면 LG 에너지소매산에실적도배산될것으로보고있다.
p26_u94,p26,ce_visible,어깨선설령전관전주에보도말한대로되면 LG 에너지에세적도그전될것으로보고있다.
p26_u94,p26,ce_invisible,"업계에서사양공조체부족사때가많아. 에지, 에너지소매산에실적도배산될것으로보고있다."
p26_u95,p26,taps,책은증권사열고색분석보고서에전망치평균을보면 LG 에너지쇼미션에오래연간애들은이집쪽에 1차원영어비엔 1점으로최선된다.
p26_u95,p26,ce,이번건  14일꼬집분석보고서애변비평균을보면에뛰에너지면올해연구하는애들은이십분일교원영어 0은 1편으로댔다.
p26_u95,p26,ce_s40,14일꽂아분석먹어서애변비평균을보면애기에너지면올해연구하는애들은이십분일교원영어비는 1편으로댔다
p26_u95,p26,ce_s80,약간꽂은사 10분먹어서애변티평균을보면애기에너지면올해연구한맥주는이십분일교원영어비는 1등으로판됐다.
p26_u95,p26,ce_s160,에그냥껀다열고나이반지평균을보면애기에너지 1초몇자네오래연애한발전 20분 1초무관영업 200은 1종류로냈다
p26_u95,p26,taps_s80,"최근증권사얇고색분석보고서에전방지평균을보면 LG 에너지쇼마연관애들은이집쪽에 1차원영업이든 1,000으로최선된다."
p26_u95,p26,taps_s160,최근증권사열고색분석보고서에전망치평균을보면 LG 에너지 2마리안에오래연간애들은이집쪽에 1차학원영업이든 1점으로최선된다.
p26_u95,p26,ce_visible,이번건컨다열고나이반지의평균을보면에뛰에너지면올해연구하는애들은이십분일교원영어 0은 1편으로댔다.
p26_u95,p26,ce_invisible,책은증권사열고색분석보고서에전망치평균을보면 LG 에너지쇼미션에오래연간애들은이집쪽에 1차원영어비엔 1점으로최선된다.
p26_u96,p26,taps,"지난에 lg 엔어지솔로션에연관매출은시트 8, 59원영어  받은 7, 68"
p26_u96,p26,ce,엘지로가면연관 100프로 150 구원영어 080억원이었다.
p26_u96,p26,ce_s40,년에에뛰는어백불로구하면연관 100프로 150 구원영업 200은 1 평5원이었다고
p26_u96,p26,ce_s80,나는엘지어백불로받는지연관 100프로 150 구원영업 200은몇백오원이였다.
p26_u96,p26,ce_s160,"그다음에엘지로가면연관 100프로 15원영업 200은 1,680억원이었다."
p26_u96,p26,taps_s80,"지난엘지에너지솔로션에연관애들은시트에서 1, 39원영어읽은 1, 310 5 건이였다."
p26_u96,p26,taps_s160,"지난엘지에너지솔로션에연관매출은시트 8, 59원익은 7, 68"
p26_u96,p26,ce_visible,엘지로가면연관 100프로 30 구원영어 080억원이었다.
p26_u96,p26,ce_invisible,"지난에 lg 엔어지솔로션에연관매출은시트 8, 59원영어  받은 7천 85억원이었다."
p26_u97,p26,taps,"한편 lg, 에너지소에공식적발표던분기, 잠정실에공개한것은이번이다."
p26_u97,p26,ce,한편엘지에바지입고공식당이담당세일끄게공기한거같애. 이번 1종이랑
p26_u97,p26,ce_s40,한편엘레베이터에공식슬쩍바쁘더니감정을공개한거다. 이번 1편이다.
p26_u97,p26,ce_s80,한편엘리베이터에공식슬쩍봐야공기한거든? 이번 1편이다.
p26_u97,p26,ce_s160,한편엘지에바지입고봉사공부안 0 1거든이번이다.
p26_u97,p26,taps_s80,"한편 lg, 에너지쇼익적발표던분기, 잠정실에공개한것은이번이다."
p26_u97,p26,taps_s160,"한편 lg, 에너지소릇에공식적발표던분기, 잠정실에공개한것은이번이처음이다."
p26_u97,p26,ce_visible,한편엘지에바지입고공식당이담당세일끄기공기한거같애. 이번 1종이랑
p26_u97,p26,ce_invisible,"한편 lg, 에너지소에공식적발표던분기, 잠정실에공개한것은이번이다."
p26_u98,p26,taps,"LG 에너지소매시원지금투더펜던에감정실적을제공한다며, 일본기금식적발표에구체적예정엔투, 공시를통해안될예정이라고전했다."
p26_u98,p26,ce,미안해보여. 공식을안해.
p26_u98,p26,ce_s40,미안해병사평생되고일본계공식슬쩍예술공식을파는데
p26_u98,p26,ce_s80,알지공유하고세정을배고일본계공식슬쩍예능소고공실에서안내할예정이라고생각했다.
p26_u98,p26,ce_s160,상하이남자애공식을통해서안내라고사는
p26_u98,p26,taps_s80,"LG 에너지소매시원지금후져에감정실적을제공한다며일본식적발표에부페덕예정엔투, 공시를통해안될예정이라고전했다."
p26_u98,p26,taps_s160,"LG 에너지  중에선지금후자합해서감정실적을제공한다며, 일본기금식적발표에보체적예정엔투, 공시를통해안될예정이라고전했다."
p26_u98,p26,ce_visible,미안해보여.
p26_u98,p26,ce_invisible,"LG 에너지소매시원지금투더펜던에감정실적을제공한다며, 일본기금식적발표에구체적예정엔투, 공시를통해안될예정이라고전했다."
p26_u99,p26,taps,"문제인전대통령이 23일고무논전대통령이교양이자묘기있는경남, 비넷이봉암마을에찾았다."
p26_u99,p26,ce,근데이쁘고
p26_u99,p26,ce_s40,그래도이쁘고
p26_u99,p26,ce_s80,반복입고
p26_u99,p26,ce_s160,그래도이쁘고
p26_u99,p26,taps_s80,"문제인전대통령이 23일고무논전대통령이교양이자묘기있는경남, 비넷이봉암마을에찾았다."
p26_u99,p26,taps_s160,"문제인전대통령이 23일고무논전대통령이교양이자묘기있는경남, 비네시봉암마을에찾았다."
p26_u99,p26,ce_visible,근데이쁘고
p26_u99,p26,ce_invisible,"문제인전대통령이 23일고무논전대통령이교양이자묘기있는경남, 비넷이봉암마을에찾았다."
p32_u00,p32,taps,경남자전공에서공금힐링이기구대가충돌에네명에도등사바순직한경운데사구원이금액에비행기로경지가배경됐다.
p32_u00,p32,ce,엔간바보성공일걸훈련이뭐래가중도를네명해보든가근데하고원이구멍이문구가벌금됐다.
p32_u00,p32,ce_s40,응. 바빠상궁으로관광기뭐내가충돌이네명해보든가근데하고원일구멍이문기력강제가벌금냈다.
p32_u00,p32,ce_s80,응. 바평에서공군훈련이우리가평소에네명은그런데하고원이구명 1 친구들다
p32_u00,p32,ce_s160,"바빠상궁으로관금, 훈련이우리가평소에 4명해보든가근데하고언니로광주밥먹긴했다."
p32_u00,p32,taps_s80,경남자생공에서공금훈년기구대가충돌에네명에두등사바순직한경운데사고들비행기룩경치가배경됐어.
p32_u00,p32,taps_s160,경남자전공에서공금훈년기구대가충돌에네명에도등사가순직한경험인데사구원이금액에신이들비행기룩경치가배경냈다.
p32_u00,p32,ce_visible,엔간바빠상궁으로관광훈련이뭐래가중도를네명해보든가근데하고원이구멍이문구가벌금됐다.
p32_u00,p32,ce_invisible,경남자전공에서공금힐링이기구대가충돌에네명에도등사바순직한경운데사구원이금액에비행기로경지가배경됐다.
p32_u01,p32,taps,"3일공금둥에따르면공주신돌로추락한금금, 1년이기, kt 다시 1년기, 두배지영한데이블랙박스가정말오전 4천동면한이에사발견됐다."
p32_u01,p32,ce,00에따르면공론이고공복
p32_u01,p32,ce_s40,한미 00에따르면공론록금 1년이고아직일년한옷공동력다
p32_u01,p32,ce_s80,하늘공에따르면공론록 1년이고 1년한 5년몇달
p32_u01,p32,ce_s160,하늘공에따르면공론로공금 1년이고아직 1년옷완공돼.
p32_u01,p32,taps_s80,"3일공금둥에따르면공주시돌로출확한공금힐링이기, kt 다시 1년기, 두배지영한디에이블랙박스가정말오전 4천동면 3개 4 발견됐다."
p32_u01,p32,taps_s160,"3일공금등에따르면공주시돌로추락한금금, 1년이기, kt 다시 1년기두배지영한데이블랙박스가정말오전 4천동면화면을익견에서발견됐다."
p32_u01,p32,ce_visible,00에따르면공론이고공복
p32_u01,p32,ce_invisible,"3일공금둥에따르면공주신돌로추락한금금, 1년이기, kt 다시 1년기, 두배지영한데이블랙박스가정말오전 4천동면한이에사발견됐다."
p32_u02,p32,taps,블랙박스라고불리는이비행기룩정치에는훈련기조동사들에임성과통신정보비행사한 DM 정보가반대
p32_u02,p32,ce,블랙코볼려면일위로공지에는혼영비보동사들에의견과통신방법이항상뭐가있다.
p32_u02,p32,ce_s40,"블랙코스라고볼링은 1, 2로공지에는홍정지교정사이래. 이동까통신방법이항상정보가반대했다."
p32_u02,p32,ce_s80,"블랙코볼리는 1, 2로공지에는홍영비교정사기를유동과통신방법이항상정보가반대했다."
p32_u02,p32,ce_s160,"올래코라고볼링은 1, 2로공지에홍성지고동사들에의견과통신방법이항상보가넘겨."
p32_u02,p32,taps_s80,블랙박스라고불리는이비행기룩정치에는훈련기조동사들에임성과통신정보비행상한등에정보가던져있다.
p32_u02,p32,taps_s160,블랙박스라고불리는이비행기업체에는훈련기조동사들에임성과통신정보비행상한등에정보가던져있다.
p32_u02,p32,ce_visible,올릴까라고볼려면일위로공지아니면힐링고동사리의정부유흥등한구가만져있다.
p32_u02,p32,ce_invisible,블랙박스라고불리는이비행기룩정치에는훈련기조동사들에임성과통신정보비행사한 DM 정보가반대
p32_u03,p32,taps,공군은수고한비행기록정치에있는내용이분석하면한편나머지한대에비해기록정치행잔에수색작업도이어가고있다.
p32_u03,p32,ce,궁금은그거한윈데영입분시작하면한번나머지한대비안해또이력하고있다.
p32_u03,p32,ce_s40,궁금은그거한윈데영입분시작하면한거지. 안에또이력하고있다.
p32_u03,p32,ce_s80,궁금은그거한윗위에로방지해영입분시작하면한거지근데유럽당구안에뿌리고또이력하고있다.
p32_u03,p32,ce_s160,공군은그거한앤유럽여행가면아버지한대미록빵집은안해또이력하고있다.
p32_u03,p32,taps_s80,공군은수고한비행기록정치에내용이분석하면한편나머지한대에비해기록정치된잔에수색작업도이어가고있다.
p32_u03,p32,taps_s160,"공군은수고한비행기록정치에내용이분석하면한편나머지한대에비해, 기록정치딩잔에수색작업도이어가고있다."
p32_u03,p32,ce_visible,궁금은그거한윈데영입분시작하면한번나머지한대 bac 병지금안해또이력하고있다.
p32_u03,p32,ce_invisible,공군은수고한비행기록정치에있는내용이분석하면한편나머지한대에비해기록정치행잔에수색작업도이어가고있다.
p32_u04,p32,taps,"사고현장인정동면, 1 대 1인몇명일배치해. 전액수 3개진행중이다."
p32_u04,p32,ce,학원다니면운동장일병일인여러명을분양중이다.
p32_u04,p32,ce_s40,학원다니면 200 중이다.
p32_u04,p32,ce_s80,"하고근데문동열인여섯명, 네."
p32_u04,p32,ce_s160,하고이병일쯤에연봉중인이다.
p32_u04,p32,taps_s80,"사고현장인정동면, 1대전력이름몇명일배치해. 전액수 3개진행중이다."
p32_u04,p32,taps_s160,"사고현장인정동면, 1대전력이름몇명일배치에전액수 3개진행중이다."
p32_u04,p32,ce_visible,"하고근데문동명일명이동몇명지에 1, 2종이다."
p32_u04,p32,ce_invisible,"사고현장인정동면, 1 대 1인몇명일배치해. 전액수 3개진행중이다."
p32_u05,p32,taps,훈련기가공질충돌한많기잔해가광범위와에게펴져있을것으로추경된다.
p32_u05,p32,ce,훈련기가 0 1 걸 1급반애가공부 1개로쓰든가.
p32_u05,p32,ce_s40,훈련비랑많이했군다.
p32_u05,p32,ce_s80,훈련이공인거는만약에수정된다.
p32_u05,p32,ce_s160,훈련기가공부한만큼다
p32_u05,p32,taps_s80,훈련기가공질충돌한많기잔해가광범위와에게펴져있을것으로초경된다.
p32_u05,p32,taps_s160,훈련기가공질충돌한많던잔해가광범위와에게펴져있을것으로추경된다.
p32_u05,p32,ce_visible,훈련기가 0 1 걸 1급반애가공부 1개로쓰든가.
p32_u05,p32,ce_invisible,훈련기가공질충돌한많기잔해가광범위와에게펴져있을것으로추경된다.
p32_u06,p32,taps,서고기에잔해도사고원인에중요한정보를재정할수있어서셋하게되면현장을이선임시부턴하고있다.
p32_u06,p32,ce,하고위에반에도하고원인에종로학정보를배경할수있어.
p32_u06,p32,ce_s40,하고위에반에도하고원인에종로를배경할수있어.
p32_u06,p32,ce_s80,하고위에반에도하고원인에종로학중어를배경할수있어.
p32_u06,p32,ce_s160,하고위에반에도하고원인에종로한테공부를할수있어.
p32_u06,p32,taps_s80,서고기에잔해도사고원인에중요한정보를재정할수있어서찾게되면현장을인선임시부턴하고있다.
p32_u06,p32,taps_s160,서고기에잔해도사고원인에중요한정보를재근할수있어서찾게되면현장을우선인시보선하고있다.
p32_u06,p32,ce_visible,하곡이안애도하고원인에종로학정보를배경할수있어.
p32_u06,p32,ce_invisible,서고기에잔해도사고원인에중요한정보를재정할수있어서셋하게되면현장을이선임시부턴하고있다.
p32_u07,p32,taps,없어지난 1일오후 1시 32분쯤경남사천긴군지에 3 1년비행단에서 kt 헬기두대가훈련도지경중해서칭도했다.
p32_u07,p32,ce,"라지만 1, 오후 1시, 3일이번주면경상금연비한단에서 12일공대가홍보도공군으로했다."
p32_u07,p32,ce_s40,라지면 1 오후 1군데한비행기다 12일버디건이라생각을했다.
p32_u07,p32,ce_s80,"라지면 1 오후 1명 4분, 공군뜨고 12일버도공군으로했다."
p32_u07,p32,ce_s160,"아빠도한 11 오후한 11원, 4분, 공군예비한단에서 12월 2가훈련버블공으로 4"
p32_u07,p32,taps_s80,없어지나 1일오후 1시 32분쯤경남사천긴건지에 3년비행단에서케이티논력이도대가훈련도지궁중에서놔.
p32_u07,p32,taps_s160,없어지난 1일오후 1시 32분쯤경남사천긴건지에 3년비행단에서 kt 헬기부대가훈련도지경중에서놔.
p32_u07,p32,ce_visible,"아빠지난 1, 오후 1 금에서 12일공대가홍보도공군으로했다."
p32_u07,p32,ce_invisible,없어지난 1일오후 1시 32분쯤경남사천긴군지에 3 1년비행단에서 kt 헬기두대가훈련도지경중해서칭도했다.
p32_u08,p32,taps,"도대에는학생교정사, 2년과비행교수두명든, 모두네명이  학생했고당시기상탕질했지만가게도모두숨지겠다."
p32_u08,p32,ce,우리는학생교정분명과미니여섯분명모두네명이고왕십리만바껴도못하겠다.
p32_u08,p32,ce_s40,우리는학생여동사뿐만미리여수분모두네명이따분했고왕십리만안바껴도못쓰겠다.
p32_u08,p32,ce_s80,우리는학생여동사분과미리여수느면모두네명이있고왕십리사고넷플만받고순식간
p32_u08,p32,ce_s160,우리는학생도여동사분과미리여수분모두네명이고왕십리만안바껴도못하겠다.
p32_u08,p32,taps_s80,"두대에는학생교정사 2년과비행교수두명든, 모두네명이  학생했고당시기상탕질했지만안타깝게도모두숨지겠다."
p32_u08,p32,taps_s160,"대에는학생교정사도영과비행교수두명든, 모두네명이탑승했고당시기상덩치랬지만안타깝게도모두숨지겠다."
p32_u08,p32,ce_visible,우리는학생교정분명과미니여섯분명모두네명이고왕십리만안바껴도못하겠다.
p32_u08,p32,ce_invisible,"도대에는학생교정사, 2년과비행교수두명든, 모두네명이  학생했고당시기상탕질했지만가게도모두숨지겠다."
p32_u09,p32,taps,페이티는국내기술로개발된대표액국수훈련계로 2000년 8월부터실천배치됐다.
p32_u09,p32,ce,니는공식론이쪽
p32_u09,p32,ce_s40,빌리는공레기불로능이쁘니까
p32_u09,p32,ce_s80,니니는공식을한이녀
p32_u09,p32,ce_s160,일인로이쁘지.
p32_u09,p32,taps_s80,페이티는국내기술로개발된대표액국수 1년기록 2천년 8월부터실천배치됐다.
p32_u09,p32,taps_s160,페이티는국내기술로개발된대초에국사훈련개봉 20년 8월부터실천배치됐다.
p32_u09,p32,ce_visible,니는공식론이쪽
p32_u09,p32,ce_invisible,페이티는국내기술로개발된대표액국수훈련계로 2000년 8월부터실천배치됐다.
p32_u10,p32,taps,연결시은자일오전재성 1년비행단안창남문안해가내서비금계로고행된다.
p32_u10,p32,ce,영교에서마일리 5등급이 7개가미군게이러고거이긴거야.
p32_u10,p32,ce_s40,영재지금 4일오전비행기안문에 7개가미군개이러고
p32_u10,p32,ce_s80,영재이거는아니라고끊은비행기에서미군개로고인거야.
p32_u10,p32,ce_s160,"영달읽은바이러 5등급, 6군데한비행기앉은남문에 1권에서 2군기로거의안봐."
p32_u10,p32,taps_s80,연결시은자일오전재성 1년비행단안창문화해가내서비공개로고행된다.
p32_u10,p32,taps_s160,연결시은자일오전재성 1년비행단남문안해관해서비공개로고행된다.
p32_u10,p32,ce_visible,영교에서마일리 5등급이 7개가미군게이러고거이긴거야.
p32_u10,p32,ce_invisible,연결시은자일오전재성 1년비행단안창남문안해가내서비금계로고행된다.
p32_u11,p32,taps,윤서교정형변선이윤석을정부에대통령실비서관도소속인턴을잃으면옹이밝혀진다.
p32_u11,p32,ce,"문서몇분영등폰이네. 민서공부해, 보통연실비서급호르인턴을일은오일발표된다."
p32_u11,p32,ce_s40,문쓰열했던영상편이민서공부해보통 07을일으발표된다.
p32_u11,p32,ce_s80,은띠어몇분정도네민트결구했던양셀비전을이르면 5일발표된다.
p32_u11,p32,ce_s160,은지분양1이네. 왼쪽에양세미끄이거나이름이발전된다.
p32_u11,p32,taps_s80,윤서겨텐형펴서윤석정부에대통령실비서관소속인턴을이르면 5일밝혀진다.
p32_u11,p32,taps_s160,윤서결대통령변선이윤서결부의대통령실비서관소속인턴을이르면 5일밝혀진다.
p32_u11,p32,ce_visible,"문서몇분영선이네. 민서공부해, 보통연실비바속인팬은이름은오일발표된다."
p32_u11,p32,ce_invisible,윤서교정형변선이윤석을정부에대통령실비서관도소속인턴을잃으면옹이밝혀진다.
p32_u12,p32,taps,윤서당선인대전이지관계자는빠르면내일이나모레발표한다며이번에는선연으로발표할예정이라고말했다
p32_u12,p32,ce,이번엔있을건데나는내일이나모레발표한다며이번에는선임으로발송예정이라고말했다.
p32_u12,p32,ce_s40,중견이내년에있을거니까나는내일이나모레발급한다며이번에는선임으로발송예능이라고말했다.
p32_u12,p32,ce_s80,4개월전까지내년에모래발표한다며이번에는선임으로발송예능이라고말했다.
p32_u12,p32,ce_s160,중견이내년에있을건데나는내일이나모레발표한다며이번에는선임으로발송예정이라고말했다
p32_u12,p32,taps_s80,윤서당선인대전이관계자는빠르면내일이나모레발표한다며이번에는선연으로발표할예정이라고말했다
p32_u12,p32,taps_s160,윤서당선이되던이실간개점은빠르면내일이나모레발표한다며이번에는성연으로발표할예정이라고말했다
p32_u12,p32,ce_visible,이번엔있을건데나는내일이나모레발표한다며이번에는선임으로발송예정이라고말했다.
p32_u12,p32,ce_invisible,윤서당선인대전이지관계자는빠르면내일이나모레발표한다며이번에는선연으로발표할예정이라고말했다
p32_u13,p32,taps,"앞서수석그인사를장재원당선이비서실장이배제한, 국관은사모다른모습이다."
p32_u13,p32,ce,바르다니
p32_u13,p32,ce_s40,아빠를방이발라.
p32_u13,p32,ce_s80,아빠일바래방이발전하는것을하면알은모습이다.
p32_u13,p32,ce_s160,아빠일바래방이발견한것을하면나름머쓱이다.
p32_u13,p32,taps_s80,앞서수석길인사를장재원당선이비서실장이배제한국과는사모다른모습이다.
p32_u13,p32,taps_s160,"앞서수석급인사를장재원, 당선이비서실장이배제한그는사모다른모습이다."
p32_u13,p32,ce_visible,바르다니
p32_u13,p32,ce_invisible,"앞서수석그인사를장재원당선이비서실장이배제한, 국관은사모다른모습이다."
p32_u14,p32,taps,초대국정상황실장에는대전탱페이가정에서윤단용이전이내에에씨지를총괄했던한오첫청와대선이행정관이유력하게덜혼낸다.
p32_u14,p32,ce,아니총각했다니 500 아니야?
p32_u14,p32,ce_s40,네홍아니
p32_u14,p32,ce_s80,아니야한글아니
p32_u14,p32,ce_s160,아니
p32_u14,p32,taps_s80,초대국정상황실장에는대전템페이가정에서윤단용이전이내에에지를총괄했던함호석천형성아대선이행정관이유격하게덜혼낸다.
p32_u14,p32,taps_s160,초대국정상황실장에는대선템페이가정에서연이내에에씨지를총괄했던함호석천청와대선이행정관이유격하게발언된다.
p32_u14,p32,ce_visible,네. 한글아니우리
p32_u14,p32,ce_invisible,초대국정상황실장에는대전탱페이가정에서윤단용이전이내에에씨지를총괄했던한오첫청와대선이행정관이유력하게덜혼낸다.
p32_u15,p32,taps,"정모수실사나경로비서관에는성지만전의원이홍보수석하나, 행고기획비서관이최영에동의보, 궁극장이하나에올랐다."
p32_u15,p32,ce,왕복이라고과네는홍보하는영애병장있고한국영화올랐다.
p32_u15,p32,ce_s40,왕복이라고하면은연애올랐다
p32_u15,p32,ce_s80,왕복지국립관에는홍보겠지? 홍콩여행유럽원에는연애공용이고호국중에하나올랐다
p32_u15,p32,ce_s160,"왕복지홍대병리학관에는홍기원에홍보받지, 하나한국여행유럽원에는연애뭔가한국영화올랐다."
p32_u15,p32,taps_s80,"정모수나, 경무비서관에는성지만전이원이홍보수석하나행고기획이서관이 7경에동의보, 구정이하나에올랐다."
p32_u15,p32,taps_s160,"정모수석실사나경무비서관에는성지만전의원이홍보수석사나행고기획이서관이세명의동해입구, 구학점이하나에올랐다."
p32_u15,p32,ce_visible,왕복이라고과네는홍보하는영애병장있고한국영화올랐다.
p32_u15,p32,ce_invisible,"정모수실사나경로비서관에는성지만전의원이홍보수석하나, 행고기획비서관이최영에동의보, 궁극장이하나에올랐다."
p32_u16,p32,taps,"법무비서관에는주진이전호사, 의정비서관은김이밥선인도자이야기사실상매정이된것으로알려줬다."
p32_u16,p32,ce,염려비속어안에는요즘구오가의정부는근무다여기설당내방으로알려줬다.
p32_u16,p32,ce_s40,염려비적안에는요즘뭐일단불법은의무에뭐다여기일당내돈급격으로알려줬다.
p32_u16,p32,ce_s80,염려비적안에는요즘뭐의견보초관에근무일보다여기일단매장으로알려줬다.
p32_u16,p32,ce_s160,염려비적안에는유지무라의탈하네국물방을보다여기빵내방으로알려줬다.
p32_u16,p32,taps_s80,법무비서관에는주진이전호사의정비서관을기미범당선인보다약이사실상매정이된것으로알려줬다.
p32_u16,p32,taps_s160,법률비서관에는주진이전호사의정비서관을기미범당선인보다약이사실상매정이된것으로알려줬다.
p32_u16,p32,ce_visible,염려비속어안에는요즘구오가의정부는근무다여기설당내방으로알려줬다.
p32_u16,p32,ce_invisible,"법무비서관에는주진이전호사, 의정비서관은김이밥선인도자이야기사실상매정이된것으로알려줬다."
p32_u17,p32,taps,"아빠운다, 지난 1, 2일오후수석에대통령실에수석급인선을  발표했다."
p32_u17,p32,ce,6천원 1일따.
p32_u17,p32,ce_s40,6분의 1은있을거
p32_u17,p32,ce_s80,6분의 1 치면 1일이지? 6급따.
p32_u17,p32,ce_s160,6분엔진은 1일양재에서쪼끔했다.
p32_u17,p32,taps_s80,"아빠윤당선있는지난 1, 2일오후수석에대통령실에수석급인선을  발표했다."
p32_u17,p32,taps_s160,"아빠인당 2년지난 1, 2실 5수에대통령실에수석급인선을  발표했다."
p32_u17,p32,ce_visible,6천원이면 1일따.
p32_u17,p32,ce_invisible,"아빠운다, 지난 1, 2일오후수석에대통령실에수석급인선을  발표했다."
p32_u18,p32,taps,우논 6개의대통령직일수이원에해쪽식을아픈만큼윤석에전부의공식업준비작업은이번주아물이될전망이다.
p32_u18,p32,ce,오늘얘기해본만큼면세계정보에공식철판이이번주마무리를본방이다.
p32_u18,p32,ce_s40,오늘얘기해본만큼입은이번이든
p32_u18,p32,ce_s80,오늘얘기해본만큼여기공식은입은아무래도반명이다.
p32_u18,p32,ce_s160,오늘얘기해본만큼여기공식은입은이번이도금방이다.
p32_u18,p32,taps_s80,우논요기에대통령지갯수 2월에해졸업식을아픈만큼윤석에전부에공식업준비작업은이번주아물이될전망이다.
p32_u18,p32,taps_s160,오는 6일대통령직일수이원에해졸업식을아픈만큼윤석에전부의공식업준비작업은이번주아물이될전망이다.
p32_u18,p32,ce_visible,오늘얘기해본만큼입은이번주마무리를본명이다.
p32_u18,p32,ce_invisible,우논 6개의대통령직일수이원에해쪽식을아픈만큼윤석에전부의공식업준비작업은이번주아물이될전망이다.
p32_u19,p32,taps,"검찰이이제그냥더불어민주당, 대표일체크니정진사이민주당대당대표정모조장시장이 15일소환했다."
p32_u19,p32,ce,아우리형모르는
p32_u19,p32,ce_s40,우리민주당이영준상인가하는
p32_u19,p32,ce_s80,우리민주당이영준상인가하는
p32_u19,p32,ce_s160,우리매장민주당이고명지원민주당어장세등을했다.
p32_u19,p32,taps_s80,"검찰이이제영업민주당, 대표에체크인이정진선생님인조당대당대표정모조정시장이 15일소환했다."
p32_u19,p32,taps_s160,"검찰이이제영업민주당, 대표일채취크림정진성민주당대당대표정모조정시장이 15일소환했다."
p32_u19,p32,ce_visible,우리형도모르는
p32_u19,p32,ce_invisible,"검찰이이제그냥더불어민주당, 대표일체크니정진사이민주당대당대표정모조장시장이 15일소환했다."
p32_u20,p32,taps,야당은엉터리수사라며반발했지만건찰은타협은없다며이대도주변에대한강도높은사정을예고에다.
p32_u20,p32,ce,"야, 방구라며안바레미군없다며입에은근없지."
p32_u20,p32,ce_s40,야당은왕뚜껑하나은근없지.
p32_u20,p32,ce_s80,야당은왕뚜리라며한바랬지만한 8은끌고가면 200 구했다.
p32_u20,p32,ce_s160,"야, 방탈출아니야이번에"
p32_u20,p32,taps_s80,야당은엉터리수사라며반발했지만건찰은타협은없다며이레드주변에대한강도높은사정을예고에다.
p32_u20,p32,taps_s160,"야당은엉터리수사라며, 반발했지만건찰은타협은없다며이레드주변에대한강도높은사정을예고에다."
p32_u20,p32,ce_visible,"야, 라면집은없다며입에은근없지."
p32_u20,p32,ce_invisible,야당은엉터리수사라며반발했지만건찰은타협은없다며이대도주변에대한강도높은사정을예고에다.
p32_u21,p32,taps,"서울중앙직원반복페스 4, 1분은인하오전에필달수분으로불렀다."
p32_u21,p32,ce,이번반복해일본은일본으로불렀다.
p32_u21,p32,ce_s40,이번방법이아일본은일본에필순으로불렀다.
p32_u21,p32,ce_s80,이번방법은오전에신분으로불렀다.
p32_u21,p32,ce_s160,이번반부터일본은일본에필순분으로불렀다.
p32_u21,p32,taps_s80,"서울중앙직원반복페스 4, 1분은 1월오전에필요한으로불렀다."
p32_u21,p32,taps_s160,"서울중앙지금반복페스 4, 1분은인하오전장에피자 10은으로불렀다."
p32_u21,p32,ce_visible,이번방법에도아일본은일본으로불렀다.
p32_u21,p32,ce_invisible,"서울중앙직원반복페스 4, 1분은인하오전에필달수분으로불렀다."
p32_u22,p32,taps,정신장은서울서초고서울중앙지금로비에대기중에치재비해일은아침됐다.
p32_u22,p32,ce,양식당은허구종강
p32_u22,p32,ce_s40,양식당여기에발끼
p32_u22,p32,ce_s80,양식당은
p32_u22,p32,ce_s160,양식당은
p32_u22,p32,taps_s80,정신장은서울서초고서울중앙지금로비에대기중에치재진에비해일은아침검사를겠다.
p32_u22,p32,taps_s160,정신장은서울서초고서울중앙지금에비에대기중에치재비해일은아침이취했었겠다.
p32_u22,p32,ce_visible,양식당은허구종강
p32_u22,p32,ce_invisible,정신장은서울서초고서울중앙지금로비에대기중에치재진에비해일은아침됐다.
p32_u23,p32,taps,"검찰은정신장을상대로유동이교전성남, 도시개발공사비액공보장통에게궁금이받은배경에캐모를거수로알려봤다."
p32_u23,p32,ce,컴터로당신당을  상태로유동이 1등한구십구라유일공부하는건열외공복일받은배경이환불이버그로안가봤다.
p32_u23,p32,ce_s40,컴피터를당신을  총대로유동이일한번씩발공불공통을받은배경이환불이버그로안가봤다.
p32_u23,p32,ce_s80,컴빠른정신상태로유동이 1등한구십에유일공부쪼금예배공통을받은배경이해물이고수로안가봤다.
p32_u23,p32,ce_s160,한 8은 0 1로발급일은벌금을해버릴거쓰러졌다.
p32_u23,p32,taps_s80,검찰은정신장을상대로유동이교전성난도시개발공사비액공보장통에게작품을받은배경에캐모를거수로알려겠다.
p32_u23,p32,taps_s160,검찰은정신장을상대로유동이교전성남도시개발공사뒤에동부장통에게작품을받은배경에캐모를거수로알게됐다.
p32_u23,p32,ce_visible,컴빠른공식당을항대로유동이 1등한구십구라유일공부하는건일급을발음배경이환불이버그로안가봤다.
p32_u23,p32,ce_invisible,"검찰은정신장을상대로유동이교전성남, 도시개발공사비액공보장통에게궁금이받은배경에캐모를거수로알려봤다."
p32_u24,p32,taps,"또정시장과갱년기민수연구원, 부원장이후전분부장그이대표측근 3인에목수로알려진대장동수입금 428학원에집은관계도  질문한것으로전해졌다."
p32_u24,p32,ce,너전시회당민주연구원구원장유선본에프측은 3 대먹으로알려진배정동수있게끔바 128 이번경기도중문한거주로보내줬다.
p32_u24,p32,ce_s40,너당시장민주연구원구원장유동범보증벳었직급사면먹기로알려진배정동수있게끔바에미리관계도중문한거주로보내줬다.
p32_u24,p32,ce_s80,너당시장민주연구원보원장유선본에프한대먹으로알려진배정동수있게끔바에 EP도중요한거쓰러졌다.
p32_u24,p32,ce_s160,너당시동민주연구원구원장유선본에프한대먹으로알려진배정동수있게끔 428억원거들어보내겠다.
p32_u24,p32,taps_s80,"또정신장과갱년기민수연구원, 부원장이후전분부장등이대표측근 3인에목숨알려진대장동수입기름 428학원에집은관계도  질문한것으로전해졌다."
p32_u24,p32,taps_s160,"또정시장과긴룡민수연구원, 부원장이후전분부장들이이대표측근 3인에목수로알려진대장동수익엠 428학원에집은관계도  질문한것으로전해졌다."
p32_u24,p32,ce_visible,너전시회당민주연구원구원장유선본에프측은한대먹으로알려진배정동수있게끔바 128로주문한거들어.
p32_u24,p32,ce_invisible,"또정시장과갱년기민수연구원, 부원장이후전분부장그이대표측근 3인에목수로알려진대장동수입금 428학원에집은관계도  질문한것으로전해졌다."
p32_u25,p32,taps,검찰관계아수색을통해요인위한내용이확인했으면앞으로도타협은없다고발탔다.
p32_u25,p32,ce,근데나는아빠도애교인위한데영악하긴했음앞으로러도할건없다고봐이꿨다.
p32_u25,p32,ce_s40,아이근데나는아프리그는여인위한내영어확인했으면앞으로도할건없다고봐입었다.
p32_u25,p32,ce_s80,아이근데나는아프리카에여행내영어하긴했으며앞으로도타협은없다고바이펐다.
p32_u25,p32,ce_s160,아이근데나는아빠그백일때유인유한내영어하긴했음앞으로너도타협은없다고발겄다.
p32_u25,p32,taps_s80,검찰관계자면아스수색을통해요인위한내용이확인했으면앞으로도타협은없다고발탔다.
p32_u25,p32,taps_s160,전타경제점을아웃소식을통해요인위한내용이확인했으면앞으로도타협은없다고발탔다.
p32_u25,p32,ce_visible,근데나는아빠도애교인위한데영악하긴했음앞으로러도할건없다고봐이꿨다.
p32_u25,p32,ce_invisible,검찰관계아수색을통해요인위한내용이확인했으면앞으로도타협은없다고발탔다.
p32_u26,p32,taps,정신장은 2000년에서 20년전기성남시정책비서관경기도정책신청해진해면이오전본부장등이로부터 1억 4천만원을수수한혐의를덮고있다.
p32_u26,p32,ce,"이습한면에도있음, 상담시경비보고유어봉구등록 1억만원을받고있다"
p32_u26,p32,ce_s40,"당시장이입학식당면에도있음, 상당시반기도문증이면유보증금으로 1억만원을받고있다"
p32_u26,p32,ce_s80,나는이번연에도있음공기청정기구한경기도면 6보든가이런한만원을받고있다
p32_u26,p32,ce_s160,평소연예동시범이경기도면몇보증금으로 15분만원을받고있다
p32_u26,p32,taps_s80,정신장은 2000년에서 20년경기성남시정책비서관변비도정책신청해진해면요점본부장등으로부터 1억 4천만원을주소한혐의를덮고있다.
p32_u26,p32,taps_s160,정신장은 2000년에서 2020년경기성남시정책비서관경기도정책신청해진해면요점본부장등이로부터 1억 4천만원을수수한혐의를바보있다.
p32_u26,p32,ce_visible,"이습한면에도있음, 청담씨경비고경기도면요금보증금으로 1억만원을받고있다"
p32_u26,p32,ce_invisible,정신장은 2000년에서 20년경기성남시정책비서관경기도정책신청해진해면이오전본부장등이로부터 1억 4천만원을수수한혐의를덮고있다.
p32_u27,p32,taps,또중가인물교사와풍경처사후술에국태방지밥이번혐의도받고있다.
p32_u27,p32,ce,받고있다가
p32_u27,p32,ce_s40,일반받고있다.
p32_u27,p32,ce_s80,누가입양이거받고있다.
p32_u27,p32,ce_s160,일반인도받고
p32_u27,p32,taps_s80,또중간에조사와부정차사후술에국태방지밥이번혐의도받고있다.
p32_u27,p32,taps_s160,또중간에교사와부정차사호호수래국대방지밥이번혐의도받고있다.
p32_u27,p32,ce_visible,받고있다가
p32_u27,p32,ce_invisible,또중가인물교사와풍경처사후술에국태방지밥이번혐의도받고있다.
p32_u28,p32,taps,"검찰은도망간쟁취장확보해나전에한평, 정치적킹제로기정한이대표에열무여보도수살것으로보인다."
p32_u28,p32,ce,한 8은면세점상병하고그병은이뭐에열로여보도할멋으로보인다.
p32_u28,p32,ce_s40,"공식당생겼, 욜로여보도할거들어보인다."
p32_u28,p32,ce_s80,아무튼공세학교열로여보도
p32_u28,p32,ce_s160,"은까생경력한병? 은교한일뭐해, 열로여부도할멋으로보인다."
p32_u28,p32,taps_s80,"검찰은도망간쟁취장화포에나전에한평, 정치적인통이제로기정한이대표에열로여부도수살것으로보인다."
p32_u28,p32,taps_s160,"검찰은도망간쟁실당신경확보해나전에한평, 정치적킹제로기정한이대표에열무여보도수살것으로보인다."
p32_u28,p32,ce_visible,"은까껀나눠한번공원일뭐해, 열로여보도할멋으로보인다."
p32_u28,p32,ce_invisible,"검찰은도망간쟁취장확보해나전에한평, 정치적킹제로기정한이대표에열무여보도수살것으로보인다."
p32_u29,p32,taps,민주당은범죄혐의로기초대사에일방적으로진술에만의존하는엉터리수사라고반발했다.
p32_u29,p32,ce,응아니일방적으로이쁘게반발했다.
p32_u29,p32,ce_s40,1주방면범죄 2월엔 1박 2일만에 2천원은어이쁘다라고반발했다.
p32_u29,p32,ce_s80,1주방 350까지 1박 2일오랜만에.
p32_u29,p32,ce_s160,응 1방은어이쁘다라고반발했다.
p32_u29,p32,taps_s80,민주당은범죄혐의로기소된저에일방적진수래만의존하는엉터리수사라고반발했다.
p32_u29,p32,taps_s160,민주당은범죄혐의로기소된저에일방극진수래만의존하면안터리수사라고반발했다.
p32_u29,p32,ce_visible,응아니일방적으로이쁘라고안바랬다.
p32_u29,p32,ce_invisible,민주당은범죄혐의로기초대사에일방적으로진술에만의존하는엉터리수사라고반발했다.
p32_u30,p32,taps,반면검찰관계민주당이어미준강백심부장검사를피해사실건표혐의로고비공지저범죄수사저에고발한데대해구체적근거가없다며유감을나타냈다.
p32_u30,p32,ce,안양공개나는민주당이아니보증금바를공유금이라고한대. 구볶은거가 6
p32_u30,p32,ce_s40,양념공이나는민주당이아니보던건바를강요공부법외고발한데구군가가 6학년
p32_u30,p32,ce_s80,안양공지근데나는민주당이어느방법한건바를공식이라고공기업아예고발란에구입군가가 6학년
p32_u30,p32,ce_s160,안양공개나는민주당이아니반벳순붙은건바를공유금이라고한대. 구군가가 6등이야.
p32_u30,p32,taps_s80,반면검찰관계민주당이어미준강백심부장검사를피해사실건표혐의로고비공지짜범죄수사저에고발한데대해구체적근거가없다며유감을나타겠다.
p32_u30,p32,taps_s160,반면검찰관계민주당이어미줄강대신부장검사를피해사실공대표혐의로고비공지자경제수사저에고발한데대해구체적근거가없다며유감을나타냈다.
p32_u30,p32,ce_visible,한명바를강요로고비공부때강이고발란데구볶은거가 6
p32_u30,p32,ce_invisible,반면검찰관계민주당이어미준강백심부장검사를피해사실건표혐의로고비공지저범죄수사저에고발한데대해구체적근거가없다며유감을나타냈다.
p32_u31,p32,taps,전북익선은 KTX 익선역해또이용될위에역곡공령이주쳐서백칠십이면조상했다고 14일  100혔다.
p32_u31,p32,ce,왕복입은역에따고싶다해봐
p32_u31,p32,ce_s40,일단일한몇주임용도있고옆골목2만원씩벌겠다
p32_u31,p32,ce_s80,뭐일단역대역골목이면은하고싶다
p32_u31,p32,ce_s160,뭐일단일대일한몇명입원해. 역사유면을보러했다고
p32_u31,p32,taps_s80,전북익선은 KTX 익선역해또이용될여고공경이기쳐서백칠십이면조상했다고 14일  100혔다.
p32_u31,p32,taps_s160,전복익선은 KTX 익선역해또이용될위에역곡공경이주쳐서백칠십이면조상했다고 14일밝혔다.
p32_u31,p32,ce_visible,왕복입력몇명입학식이면을보상이따고싶다해봐
p32_u31,p32,ce_invisible,전북익선은 KTX 익선역해또이용될위에역곡공령이주쳐서백칠십이면조상했다고 14일  100혔다.
p32_u32,p32,taps,익산은총사업이 45원을토익해. 성악동 85 다시 5 1원에공용지차당에조성에몇을주차장 1과지역중인들에편의를제공양다.
p32_u32,p32,ce,이빨지는평범이다시먹어도옆에평등 85 다시오일원에공용주사에몇골주시면인형몇월주민들에편해.
p32_u32,p32,ce_s40,"이빨지는다시먹어도옆에홍합동 8시뭐다시오일원에공용주사  정해골아니다, 인형몇월인데편입을배고난다."
p32_u32,p32,ce_s80,이빨중에총기다시먹어도옆에홍학식먹었다. 오일원에공용주방일거중에몇골주시면인형몇월인데편입을배구난다.
p32_u32,p32,ce_s160,"평소업이다시먹어도옆에평등한씨뭐다시오일원에공용주택공무원에역골프아니다, 인형몇권인들에편리를배경안봐."
p32_u32,p32,taps_s80,익산은총사업이 45원을토익해. 청약통 85 다시 5 1원에공용지차단에조성에몇박주차장이용돼과지역주민들에편의를제공한다.
p32_u32,p32,taps_s160,익산은총사업이 45원을토익해. 성악동 85 다시 5 1원에공용지차당에조성에몇볼주차장이용돼과지역주민들에편의를제공했다.
p32_u32,p32,ce_visible,이따시나평이다시먹어도옆에평등 85 다시오일원에공용주사에몇골주시면인형몇월주민들에편해.
p32_u32,p32,ce_invisible,익산은총사업이 45원을토익해. 성악동 85 다시 5 1원에공용지차당에조성에몇을주차장 1과지역중인들에편의를제공양다.
p32_u33,p32,taps,이번공연주차장조성을위에지난 2020년 12월송학동역볼지부정비행시설이완충지를주차장으로도시계획시설로변경했다.
p32_u33,p32,ce,우당공략당위에지는이등이 12월평등엿볼수있고담길이지백이지머리에만총 6시간으로 6개월했다.
p32_u33,p32,ce_s40,우당공평한위에지난 20년 12월평등엿볼수고암기평이했충너띠를주지방으로담겨야겠다.
p32_u33,p32,ce_s80,우당공평한위에지는열시이월평균학용역할이고담길밑이백씩벌이만총 6개월했다.
p32_u33,p32,ce_s160,5등급위에찐한이빨이총학용역할이고음일백씩만총기를굿즈를완공했다.
p32_u33,p32,taps_s80,이번공연주차장조성을위에지난 2020년 12월송학동역볼지고전기미지행시설이완충지를주차장으로도시계획시설로변경했다.
p32_u33,p32,taps_s160,이번공연주차장조성을위에지난 2020년 12월송불지고전기미지행시설이완총높지를주차장으로도시계획시설로변경했다.
p32_u33,p32,ce_visible,우당공평우당문위에찐한이딴이식요 12월평등엿볼수있고담길이지백이지머리에만총 6시간으로 6시 4겠다.
p32_u33,p32,ce_invisible,이번공연주차장조성을위에지난 2020년 12월총학동역볼지부정비행시설이완충지를주차장으로도시계획시설로변경했다.
p32_u34,p32,taps,"이호지난 9월, 4,시에계획인가, 고시를통한전여굳이메일통해공사를지탱완료했다."
p32_u34,p32,ce,1 9월 7일계획은반여부지 A 공기를통완료했다
p32_u34,p32,ce_s40,1 9월 7일계획은 8을했다.
p32_u34,p32,ce_s80,1호점인가보지않냐부지 AI공학을평조했다.
p32_u34,p32,ce_s160,"1 9시나 9월 8일쯤에그니까호주를통한방여, 보진매일방해봉사를지평연료겠다."
p32_u34,p32,taps_s80,"이호지난 9월, 4억시에계획인가, 고시를통한변여부지메이블통에공사를지탱완료했다."
p32_u34,p32,taps_s160,"이호지난의 9월, 4억씩계획인가, 고시를통한단여굳이메이블, 동해공사를지탱완료했다."
p32_u34,p32,ce_visible,1 9월 7일계획은반여부지 A 공과를통완료했다
p32_u34,p32,ce_invisible,"이호지난 9월, 4,시에계획인가, 고시를통한전여굳이메일통해공사를지탱완료했다."
p32_u35,p32,taps,주차장지니도로에부법주정차방지읽원하는촬영을위해무인단속함에라를설치하고대리주차서비스도같이진행될예정이다.
p32_u35,p32,ce,화장품이왕래뭐야?
p32_u35,p32,ce_s40,화장품이왕국레벨
p32_u35,p32,ce_s80,화장품이왕국레벨
p32_u35,p32,ce_s160,화장품이왕국에팔지.
p32_u35,p32,taps_s80,주차장지니도로번외불법주정차방지읽은촬영해름을유해무인된속함에라를설치하고대리주차서비스도같이진행될예정이다.
p32_u35,p32,taps_s160,"주차장지니도로번외부법, 규정차방지립구나란촬영을위해무인단속함에라를설치하고대리주차서비스도같이진행될예정이다."
p32_u35,p32,ce_visible,화장품이왕래뭐야?
p32_u35,p32,ce_invisible,주차장지니도로에부법주정차방지읽원하는촬영을위해무인단속함에라를설치하고대리주차서비스도같이진행될예정이다.
p32_u36,p32,taps,몇볼주차장은등호료개방돼씹어문경이거쳐 4월부터무료와추진데본격인형이들계획이다.
p32_u36,p32,ce,몇골부터나는공공호일부터무료한공격이다.
p32_u36,p32,ce_s40,몇골부터나는공공호일부터무료한공격이다.
p32_u36,p32,ce_s80,몇골부터나는공공호교랑뭐일방문 5월부터유료공격이다.
p32_u36,p32,ce_s160,몇골부터나는공공호욕이랑 5월부터유료공격이다.
p32_u36,p32,taps_s80,몇볼주차장은등공후요개방되시범운영해거쳐 4월부터무료와추진된봉벼인형이들계획이다.
p32_u36,p32,taps_s160,몇볼주차장은등공후료개방돼씹어운영해거쳐 4월부터무료와추진된본격인형이들계획이다.
p32_u36,p32,ce_visible,몇골부터나는공공호일부터유료공병이다.
p32_u36,p32,ce_invisible,몇볼주차장은등호료개방돼씹어문경이거쳐 4월부터무료와추진데본격인형이들계획이다.
p32_u37,p32,taps,또한역을주차장분께운영의배맞추어 1교는역배신년정도에임시주차장에동시운영할방침이다.
p32_u37,p32,ce,여걸운영정도의임시급하다는운영을반쯤에
p32_u37,p32,ce_s40,한여운영하고반쯤에나
p32_u37,p32,ce_s80,한여빵을먹고인규는유학정도의임시록마의지운영을반쯤에나
p32_u37,p32,ce_s160,한여빵이뭐야인구는역년정도의임시록하다가은지운영을반쯤에
p32_u37,p32,taps_s80,또한역을주차장분께운영의배맞추어 1은에역배식년정도에임시주차장을동시운영할방신이다.
p32_u37,p32,taps_s160,또한역을주차장분께운영의배맞추어 1은에역배식년정도에임시주차장을동시운영할방치니다.
p32_u37,p32,ce_visible,여걸운영정도의임시급하다는운영을반쯤에
p32_u37,p32,ce_invisible,또한역을주차장분께운영의배맞추어 1교는역배신년정도에임시주차장에동시운영할방침이다.
p32_u38,p32,taps,익산에필기에 6천 6 9천원해서뿐만아니라로하든역대권주가지역과세한상권협성의기대하고있다.
p32_u38,p32,ce,이딴집에안역구처럼만아니라모으든옆에껀브러지여하튼왜구하고있다.
p32_u38,p32,ce_s40,일단니네삐빅은아니라모아댄여대건보더니역사한건활동을대하고있다.
p32_u38,p32,ce_s80,이딴시간에 EP 안역구사람뿐만아니라모으든옆에건브러지여고한건활동하고있다.
p32_u38,p32,ce_s160,이따시네끼엑스역겹다는아니라노후에끊었지.
p32_u38,p32,taps_s80,"익산에필기한역구천원해서뿐만아니라로하든역세권주가지여권세, 상권협성을등에기대하고있다."
p32_u38,p32,taps_s160,익산에필기한역구천원해서뿐만아니라로하든역대권주가지역권에한상관협성을기대하고있다.
p32_u38,p32,ce_visible,이딴집에뿐만아니라모으든옆에껀브러지여하튼하고있다.
p32_u38,p32,ce_invisible,익산에필기에 6천 6 9천원해서뿐만아니라로하든역대권주가지역과세한상권협성의기대하고있다.
p32_u39,p32,taps,"지난 8을발생한미국해병대수디 2착 6, 수송기애니, 저시 21위, 5수표리출학사고시생이다, 5명중에전지용량구, 선수아들이포함된것으로확인됐다."
p32_u39,p32,ce,한미국약하고희동네. 연령대.
p32_u39,p32,ce_s40,크리피한미국몇명아
p32_u39,p32,ce_s80,한 8일입구이열시일 12월말.
p32_u39,p32,ce_s160,한 8일입구열명나
p32_u39,p32,taps_s80,"지난 8일발생한미국해병대수디 2착 6, 수송기애니브이, 저시 21위, 5수표리출학사고시생이다, 5명중에전지요양약은선수아들이포함된것으로확인됐다."
p32_u39,p32,taps_s160,"지난 8을발생한미국해병대수디 26 소송기애니, 저시 21위, 오수표리추락사고시다다섯명중에전지용량구, 선수아들이포함된것으로확인됐다."
p32_u39,p32,ce_visible,몇일비같다고 12평연구를아긴했다.
p32_u39,p32,ce_invisible,"지난 8을발생한미국해병대수디 2착 6, 수송기애니, 저시 21위, 5수표리출학사고시생이다, 5명중에전지용량구, 선수아들이포함된것으로확인됐다."
p32_u40,p32,taps,11일로스엔젤레스타임스에따르면 LA 다저스 3 섬수이엽더스티브색쓰에아들좋은제이색스대위가이번사고로사나겠다.
p32_u40,p32,ce,115면 5일가이번하고
p32_u40,p32,ce_s40,11면우리몇가이번하고
p32_u40,p32,ce_s80,11 가이번하고
p32_u40,p32,ce_s160,11일이면몇가이번학
p32_u40,p32,taps_s80,"11일로스엔젤레스타임스에따르면 LA 다저스 3  선수이었던 C, 색쓰에아들좋은제이색스의데위가이번 4월으로사나겠다."
p32_u40,p32,taps_s160,11일로스엔젤레스타임스에따르면 LA 다저스 3수였더스튜디색스에아들좋은제이색스의데위가이번사고로사망했다.
p32_u40,p32,ce_visible,115면 5일가이번하고
p32_u40,p32,ce_invisible,11일로스엔젤레스타임스에따르면 LA 다저스 3 섬수이엽더스티브색쓰에아들좋은제이색스대위가이번사고로사나겠다.
p32_u41,p32,taps,삼일정비행단소속프리미수상비는셀리또니와주인테리어에카운트에서훈련도어디그렇게데이와후원 4명이 3학년
p32_u41,p32,ce,우리학교인구리빵훈련했다.
p32_u41,p32,ce_s40,우리학교인까훈련이투언했다.
p32_u41,p32,ce_s80,우리학교인구리빵훈련했다.
p32_u41,p32,ce_s160,옷입으면나
p32_u41,p32,taps_s80,삼일정비행단소속 5 비는필리핀이어주인테리어에학원뒤에서훈련도어디이렇게데이와수원네명이사망했다.
p32_u41,p32,taps_s160,삼일장비행단소속 5송비는주인테리어에학원뒤에서훈련도어디이렇게데이와휴무원 4명이 3학년
p32_u41,p32,ce_visible,옷이쁜거는
p32_u41,p32,ce_invisible,삼일정비행단소속프리미수상비는셀리또니와주인테리어에카운트에서훈련도어디그렇게데이와후원 4명이 3학년
p32_u42,p32,taps,고수프린을헬리콥터처럼수지기청릭하고이백에로터를예전에비행기처럼고속으로날아갈수있는한국기다.
p32_u42,p32,ce,보스리는핸드크랑소주파고유독하면은로퍼를해서근데비행기타러고속으로나라갈수있는항공기다.
p32_u42,p32,ce_s40,보스리는핸드크랑소주하고의대는로퍼를해서근데비행기타는거속으로날아갈수있는한경기당
p32_u42,p32,ce_s80,보스리는핸드크랑소주하고의외로 8을해서네시부터고속으로날아갈수있는한경기당
p32_u42,p32,ce_s160,고스톱이나핸드크담당수지고중력하고의외로 8 해서네갠고속으로날아갈수있는항공기다.
p32_u42,p32,taps_s80,고수프린을헬리콥터처럼수지기청릭가고이백에로터를예전에비행기처럼고속으로날아갈수있네한국기다.
p32_u42,p32,taps_s160,고수프린을헬리콥터처럼수지기착륙하고이빅에로터를 3에비행기처럼고속으로날아갈수있는한국기다.
p32_u42,p32,ce_visible,보스리는핸드크랑소주통역하고의외네로퍼를해서근데비행기타러고속으로날아갈수있는항공기다.
p32_u42,p32,ce_invisible,고수프린을헬리콥터처럼수지기청릭하고이백에로터를예전에비행기처럼고속으로날아갈수있는한국기다.
p32_u43,p32,taps,티그색쓰는어릴때부터아들은조등사가되려했으며비행해아들이꿈이었다며아들이내아들로불리는것이자랑스럽다.
p32_u43,p32,ce,어릴때부터아들은고등학때려했냐예은아들이꿈이었다며아들이내아들로부르는것이발랑부럽다.
p32_u43,p32,ce_s40,어릴때부터아들은고등학때려했냐예은아들이꿈이었다며아들이내아들로부르는것이발랑부럽다.
p32_u43,p32,ce_s80,그는어릴때부터아들은고등학때려했냐예현아들이꿈이었다며아들이내아들로보이는것이발랑부럽다.
p32_u43,p32,ce_s160,어릴때부터아들은고동사가되려했냐예은아들이꿈이었다며아들이내아들로보이는것이발랑부럽다.
p32_u43,p32,taps_s80,피그색쓰는어릴때부터아들은조등사가되려했으며비행해아들에꿈이었다며아들이네아들로불리는것이자랑스럽다.
p32_u43,p32,taps_s160,피그색수는어릴때부터아들은조등사가되려했으며비행해아들에꿈이었다며아들이네아들로불리는것이자랑스럽다.
p32_u43,p32,ce_visible,어릴때부터아들은고등학때려했냐예은아들이꿈이었다며아들이내아들로부르는것이발랑부럽다.
p32_u43,p32,ce_invisible,티그색쓰는어릴때부터아들은조등사가되려했으며비행해아들이꿈이었다며아들이내아들로불리는것이자랑스럽다.
p32_u44,p32,taps,어드론나의영웅이었고내가아는최고의인물이라고시리s 뉴스에발표한생명에서밝혔던
p32_u44,p32,ce,아들은나의영웅이었고내가아는애고인물이라고 12월성형외과바꿨다.
p32_u44,p32,ce_s40,아들은나의영웅이었고내가아는인물이라고 12월육왜꿨다.
p32_u44,p32,ce_s80,아들은나에영웅이었고내가에고인물이라고 12월 6회? 애교야행동외었다.
p32_u44,p32,ce_s160,아들은나의영웅이었고내가아는최고의인물이라고 12월 6회? 발표한행동같다.
p32_u44,p32,taps_s80,어드론나의영웅이었고내가아는최고의인물이라고시리s 뉴스에배터와생명에서밝혔던
p32_u44,p32,taps_s160,어드론나의영웅이었고내가아는최고의인물이라고시리s 뉴스에배도한생명에서밝혔던
p32_u44,p32,ce_visible,아들은나의영웅이었고내가아는애고인물이라고 12월말았다.
p32_u44,p32,ce_invisible,어드론나의영웅이었고내가아는최고의인물이라고시리s 뉴스에발표한생명에서밝혔던
p32_u45,p32,taps,T브색쓰는 1980일년부터 1980 행여까지 LA 다저스에서이루활약하면시리즈에도차례긴출했다.
p32_u45,p32,ce,159는 1980 몇년부터똥그백팔십팔이니까 LA 바닷속에서 29으로갑여 129 했다.
p32_u45,p32,ce_s40,159는 1982년부터 1980년까지 LA 바닷속에서 29으로협약하냐 95였다.
p32_u45,p32,ce_s80,이브  색두는친구 180 메뉴부터친구백팔십팔일까지 LA 바닷속에서 2로사면팔고 129 빠레킹홀했다.
p32_u45,p32,ce_s160,이브는한국백팔십메뉴부터똥그백팔십팔일까지 LA 바닷속에서인위로화려한월 3수에부페궁금했다.
p32_u45,p32,taps_s80,T브색쓰는 1980일년부터 1980pi스에서이루스로활약하면언드시리즈에두차례진출했다.
p32_u45,p32,taps_s160,T브색쓰는 1980일년부터 1988년까지에레이다저스에서이루활약하면언드시리즈에두차례진출했다.
p32_u45,p32,ce_visible,159는 1980 몇년부터똥그백팔십팔이니까 LA 바닷속에서 29으로 900
p32_u45,p32,ce_invisible,T브색쓰는 1980일년부터 1980 행여까지 LA 다저스에서이루활약하면시리즈에도차례긴출했다.
p32_u46,p32,taps,경복영천시나 2020이면하반기고 6미리 20 7.3 100퍼센트로 4년영석영덕씨가운데 1일을차지연겉으로도사됐다.
p32_u46,p32,ce,왕복이면이틀있으면하반기고연극한연극가운데 1위로
p32_u46,p32,ce_s40,왕복이면이틀이면하반기고연극한연극가운데 1위로
p32_u46,p32,ce_s80,왕복이면이틀이면하반기고연극으로한연극가운데 1위로했다.
p32_u46,p32,ce_s160,왕복이면입고오면하반기고연극으로하는연극가운데 1위할거
p32_u46,p32,taps_s80,경복영천시나 2020이면하반기고용니 20.3 100퍼센트로 4년영석영석씨가운데 1일을차지한것으로도사됐다.
p32_u46,p32,taps_s160,경복영천시나 2020이면하반기고 6미리  177.3 100퍼센트로 4년영석영덕시가운데 1일을차지한것으로도사됐다.
p32_u46,p32,ce_visible,왕복이면이틀있으면하반기고연극한연극가운데 1위로
p32_u46,p32,ce_invisible,경복영천시나 2020이면하반기고 6미리 20 7.3 100퍼센트로 4년영석영덕씨가운데 1일을차지연겉으로도사됐다.
p32_u47,p32,taps,지난 20일통계청이발표한 2021년하반기지역들고용조사해서 00시취업자수는 6만일이면고용률은 27점 3 퍼센트로던년동기보다 0. 뒷퍼센트상승했다.
p32_u47,p32,ce,지난 22 발표한이빨이몇백고용도백은 6만200년고용율은육백오십니공기보다 00
p32_u47,p32,ce_s40,지난이지발병한입장이 12년후반기몇배고용도있고영등 6만200원고용율은육얻기보다 00
p32_u47,p32,ce_s80,지난 22에풍겨종이발표한이틀냐고용도영식요레 6만200년고용률은육십러빙보다 00
p32_u47,p32,ce_s160,지난 22에풍겨종이발표한이프니십이년기몇배고용도있고영등 6만200년고용률은 6개월보다 0.5 몇
p32_u47,p32,taps_s80,지난 20일통계청이발표한 2021년하반기지역들고용조사해서 00자수는 6만이백이면고용률은 27.3% 전년동기보다 0. it 상승했다.
p32_u47,p32,taps_s160,지난 20일통계청이발표한 2020일면하반기지역들고용조사해서영천시취업자수는 6만이갱이면고용률은 27.3% 동기보다 0. it 상승했다.
p32_u47,p32,ce_visible,지난 22 발표한이빨이몇백고용도백은 6만200년고이러면은 6500
p32_u47,p32,ce_invisible,지난 20일통계청이발표한 2021년하반기지역들고용조사해서 00시취업자수는 6만일이면고용률은 27점 3 퍼센트로던년동기보다 0. 뒷퍼센트상승했다.
p32_u48,p32,taps,실험교른 1.9 퍼센트로전년동기보다 0.8% 코로나일구용유기속에서도일자리창출성과를댄스마겉으로나왔다.
p32_u48,p32,ce,실험요즘들어영등포에바논그거하나에코로나일구고용유기보기에버도일단니평소를발성할곳으로나왔다.
p32_u48,p32,ce_s40,실험요즘들어영등하그로나일구고용유기보기에버도일단니평소를발성할곳으로나왔다.
p32_u48,p32,ce_s80,실험요즘  오빠가비보다영등포에바공하나코론을 190에버도일단니평조하든가거기로나왔다.
p32_u48,p32,ce_s160,요즘일종구로전용통기보다영등포에바논그거알았대코로나일구고용유일하게봐도일단니평소든가발성하고나왔다.
p32_u48,p32,taps_s80,실험률은 1.9 퍼센트로전년동기보다 0.8% 코로나일구용유기속에서도일자리창출성과를대성아겉으로나왔다.
p32_u48,p32,taps_s160,실험요령 1.9 퍼센트로전년동기보다 0.8 퍼센트하라케코로나일구용위기속에서도일자리창출성과를된성화고수로나왔다.
p32_u48,p32,ce_visible,실험요즘들어영등포에바논그거하나에코로나일구고용유기보기에버도일단니평소를발성할곳으로나왔다.
p32_u48,p32,ce_invisible,실험교른 1.9 퍼센트로전년동기보다 0.8% 코로나일구용유기속에서도일자리창출성과를댄스마겉으로나왔다.
p32_u49,p32,taps,모든 0층에서고용율쌍둥새를보였으면특히청년층고용률은정동이또네시가운데 40퍼센트라는최고수치를기록겠다.
p32_u49,p32,ce,모듬 0명중에서고령열정세를고려중이야고령열은명동네시나온데 50분 15겠다.
p32_u49,p32,ce_s40,모듬면중에서고령열등중세를보였으면이평영중고형열은명동네시나온데한식공란 19일이렇겠다.
p32_u49,p32,ce_s80,모든양념중에서고용열등중세를고였으면이중영봉은병동 4시 4운데 40분이렇겠다.
p32_u49,p32,ce_s160,모든양념중에서고용열등중세를고려중이야고령열은명동네시나온데라이렇겠다.
p32_u49,p32,taps_s80,모든 0령층에서고용율향쿵세를보였으면특히청년층고용률은변동이또네시가운데 40 3퍼센트라는최고수치를기록겠다.
p32_u49,p32,taps_s160,모든 0층에서고용율상품세를보였으면특히청년층고용률은변동이또네시가운데 40 3센치라는최고수치를기록겠다.
p32_u49,p32,ce_visible,모듬 0명중에서고령열명평대를보였으면이평영봉은명동네시나온데라일곱시이렇겠다.
p32_u49,p32,ce_invisible,모든 0층에서고용율쌍둥새를보였으면특히청년층고용률은정동이또네시가운데 40퍼센트라는최고수치를기록겠다.
p32_u50,p32,taps,또 2020일려상당히대비고용률에 1.3% 있고실험일도 0.3% 성흉했다.
p32_u50,p32,ce,우리입던지청담 b 고령요. 인까영등포
p32_u50,p32,ce_s40,입학식이야청담 b형열은인까영등포
p32_u50,p32,ce_s80,어입학식이야청담 b형은인형있고이런거연금도
p32_u50,p32,ce_s160,상당비대비 5형 6급있고 1도있고영등포
p32_u50,p32,taps_s80,또 2020일면상당히대비고용유래 1.3% 있고실험일도 0.3% 성흉했다.
p32_u50,p32,taps_s160,또 2020일려상달기대비고용유리에 1.3% 있고실험일도 0.3% 상송했다.
p32_u50,p32,ce_visible,우리입던지청담 b 고령요. 인까영등포
p32_u50,p32,ce_invisible,또 2020일려상당히대비고용률에 1.3% 있고실험일도 0.3% 성흉했다.
p32_u51,p32,taps,1년00시가어려운역반속에서도다양한일자리사가적기적인기업지원정책을시행한식과가나타난것으로보고있다.
p32_u51,p32,ce,양평이니까양안에빠져나온거있다.
p32_u51,p32,ce_s40,일본영천시가어려운역설에도다양한이빨이방식을쌩얼로화가나고있다.
p32_u51,p32,ce_s80,일본영천시가어려운역반뽀개로다양한이빨이뚜껑을쌩얼로나눠먹고있다.
p32_u51,p32,ce_s160,양꼬치가양한애있다.
p32_u51,p32,taps_s80,1인 0천시가어려운역반속에서도다양한일자리사극과적기적인기업지원체그시행한식과가나타난것으로보고있다.
p32_u51,p32,taps_s160,1인 0천시가어려운역반속에서도다양한일자리사극과적기적인기업지원정책을시행한식과가나타난것으로보고있다.
p32_u51,p32,ce_visible,양평이니까양안에빠져나온거있다.
p32_u51,p32,ce_invisible,1년00시가어려운역반속에서도다양한일자리사학과적기적인기업지원정책을시행한식과가나타난것으로보고있다.
p32_u52,p32,taps,영천시는경북도에서주관한 2020일에 2 자리주지실적평가해서새우수상을주상에 2년연속우수기관으로선상됐다.
p32_u52,p32,ce,그니까
p32_u52,p32,ce_s40,
p32_u52,p32,ce_s80,
p32_u52,p32,ce_s160,
p32_u52,p32,taps_s80,영천시는경북도에서주관한 2020일에 2 자리초지실적평가해서새우수상을추상에 2년연속우수기관으로선성됐다.
p32_u52,p32,taps_s160,영천시는경북도에서주관한 2020일에 2차리창시초지실적평가해서새우수상을주상에 2년연속우수기관으로선정됐다.
p32_u52,p32,ce_visible,그니까
p32_u52,p32,ce_invisible,영천시는경북도에서주관한 2020일에 2 자리주지실적평가해서새우수상을주상에 2년연속우수기관으로선상됐다.
p32_u53,p32,taps,"해양플러스틱장원수나사업을버리고있는여수광양공사는구두네촬영사고예방에위에사선교재분류, 100개를대작했다고 14에밝혔"
p32_u53,p32,ce,그리고있는여보양념횡령하고예비군아
p32_u53,p32,ce_s40,왕복은
p32_u53,p32,ce_s80,안경은
p32_u53,p32,ce_s160,광명
p32_u53,p32,taps_s80,해양플러스틱장원수나사업을버리고있는여수광명항만공서는구두네촬영사고예방에위에차선교재블로 100개를대작에밝혔어.
p32_u53,p32,taps_s160,해양신라시티자원수나사업을버리고있는여수광명항만공서는구두네촬영사부예방에위에사선교재분로 100개를대작겠다고 10살밝혔
p32_u53,p32,ce_visible,그리고있는여보양념앙
p32_u53,p32,ce_invisible,"해양플러스틱장원수나사업을버리고있는여수광양공사는구두네촬영사고예방에위에사선교재분류, 100개를대작했다고 14에밝혔"
p32_u54,p32,taps,"여수강령한4에따르면플라스틱으로제작된사순교재분명을강량한테이아에티보드와지, 더블리쉬티보존에팀도하고이영부단이설치했다."
p32_u54,p32,ce,여보공연한공기며플러스학비상명은했다.
p32_u54,p32,ce_s40,여보광명한공기며플러스학비한명은
p32_u54,p32,ce_s80,여보광명한공기며플러스학보고양념은아
p32_u54,p32,ce_s160,여보공연한공라식으로하그학년
p32_u54,p32,taps_s80,"여수강령한4에따르면플라스틱으로제작된사순교재분명을강량한테이아에티보드와지, 더블리시티, 보든에싱도를사고이형부담을설치했다."
p32_u54,p32,taps_s160,"여수강령한공사해다려면플라스틱으로제작된사순교재분명을강량한테이아에티보든와지더블린시티, 보돈에싱도를타고이영부당이설치했다."
p32_u54,p32,ce_visible,여보공연한공기며플러스학비상명은했다.
p32_u54,p32,ce_invisible,"여수강령한4에따르면플라스틱으로제작된사순교재분명을강량한테이아에티보드와지, 더블리쉬티보존에팀도하고이영부단이설치했다."
p32_u55,p32,taps,공사에서는해양플라스틱수건미자원수논사람업을추진해면서성악을고정안을받을랄수도있증에활용한미사이트제품대작에고민해왔다
p32_u55,p32,ce,네.
p32_u55,p32,ce_s40,네.
p32_u55,p32,ce_s80,
p32_u55,p32,ce_s160,어
p32_u55,p32,taps_s80,공사에서는해양플라스틱수건미자원수논사람업을추진해면서성악을고정안을받을랄수도있증에활용한미사이클제품대작에고민해왔다
p32_u55,p32,taps_s160,공사에서는해양플라스틱수가밑 4월순한사람업을추진해면서성악을고정안을받을랄수도있증에활용한미사이클제품대작에고민해왔다
p32_u55,p32,ce_visible,네.
p32_u55,p32,ce_invisible,공사에서는해양플라스틱수건미자원수논사람업을추진해면서성악을고정안을받을랄수도있증에활용한미사이트제품대작에고민해왔다
p32_u56,p32,taps,이과정에서부도내에서 3월차에인형블로자인형피해가자주발생한다는것에차간에사상교재블럭을제작하게됐다.
p32_u56,p32,ce,일학년때안되는
p32_u56,p32,ce_s40,일못해안되는
p32_u56,p32,ce_s80,일과도안다니고
p32_u56,p32,ce_s160,일마당에있는다.
p32_u56,p32,taps_s80,이거정에서부도내에서 3월차에인형블로자인형피해가자주발생한다는것에차간에사성교재블럭을제작하게됐다.
p32_u56,p32,taps_s160,이거정에서부도내에서 3월차에인형블로자인형피해가자주발생한다는것에차간에사성교재블럭을제작하게됐다.
p32_u56,p32,ce_visible,일학년때안되는
p32_u56,p32,ce_invisible,이과정에서부도내에서 3월차에인형블로자인형피해가자주발생한다는것에차간에사상교재블럭을제작하게됐다.
p32_u57,p32,taps,최군인원에휴양플러스이사이트에원단을활용한유명패션브랜드제품들이투시되는데성구적으로 2 사업이 1년중에있다.
p32_u57,p32,ce,하려고한명씩은한국말로이렇게
p32_u57,p32,ce_s40,음한국을이렇게
p32_u57,p32,ce_s80,나는유명했음내일한국으로일하고있다.
p32_u57,p32,ce_s160,1군데하령은유난히한국어로이렇게
p32_u57,p32,taps_s80,최군에는향플러스이사이트에원단을활용한유형패션브랜드제품들이투시되는데성구적으로이사이 1년중에있다.
p32_u57,p32,taps_s160,최군에는향플러스이사이트에원단을활용한운영패션브랜드제품들이투시되는데성구적으로이사이 1년중에있다.
p32_u57,p32,ce_visible,하려고한명씩은한국말로이렇게
p32_u57,p32,ce_invisible,최군인원에휴양플러스이사이트에원단을활용한유명패션브랜드제품들이투시되는데성구적으로 2 사업이 1년중에있다.
p32_u58,p32,taps,박성연여수혹여항마공사장은해양플라스틱사이트에삼성교재블로그은항만내근로자들이안정과함해양환경을동시에느낄수있는일이있는작품이라고강조했다.
p32_u58,p32,ce,아니야우린다
p32_u58,p32,ce_s40,아니야.
p32_u58,p32,ce_s80,했다.
p32_u58,p32,ce_s160,몰라.
p32_u58,p32,taps_s80,"박성연여수, 학력항문공사사장은해양플러스티주사이트차선규제블로그은항만내블로그에안정과함해양환경을동시에느낄수있는일이있는부분이라고강조했다."
p32_u58,p32,taps_s160,"박성연여수, 학광명학년공사사장은해양플러스선교재블로그학관데블로그저들은해양환경을동시에느낄수있는일이있는대표니라고강조했다."
p32_u58,p32,ce_visible,아니야.
p32_u58,p32,ce_invisible,박성연여수혹여항마공사장은해양플라스틱사이트에삼성교재블로그은항만내근로자들이안정과함해양환경을동시에느낄수있는일이있는작품이라고강조했다.
p32_u59,p32,taps,블라디미를포틴러시아대통령에 9일전인순위가행사에서우크라이나전쟁이 2차대전에연장이면우크라이나구는나치란서비주장이단복됐다.
p32_u59,p32,ce,아니면입대연봉이나반복됐다.
p32_u59,p32,ce_s40,입금이용돈얼마? 잇는안먹겠다.
p32_u59,p32,ce_s80,언니옷입은옷입은옷안먹고
p32_u59,p32,ce_s160,언니막웃고아니면입금기용돈얼마없드라구는안먹겠다.
p32_u59,p32,taps_s80,블라디미를프티러시아대통령에 91 전이승희가행사에서우크라이나전쟁이 2차대전에연장이면우크라이나구는나치란서비주장이단복됐다.
p32_u59,p32,taps_s160,블라디미를프티러시아대통령에 9일전인순위가행사에서우크라이나전쟁이 2차대전에연장이면우크라이나구는나치란서비주장이단복됐다.
p32_u59,p32,ce_visible,아니면입지은평구는안먹겠다.
p32_u59,p32,ce_invisible,블라디미를포틴러시아대통령에 9일전인순위가행사에서우크라이나전쟁이 2차대전에연장이면우크라이나구는나치란서비주장이단복됐다.
p32_u60,p32,taps,붉은광장에서열린행사연설에서프티는서방이러시아티공일준비했다며군사직전은불가피하고힐러면적확한결정이었다고주장했다.
p32_u60,p32,ce,요건강에도연동연동에서보통은가방이랑전공을준비했다며너는물건이없다고
p32_u60,p32,ce_s40,요건강에도연인공기연초래후기는전공을준비했다며
p32_u60,p32,ce_s80,요건강에그연경과연초래도준비했으면
p32_u60,p32,ce_s160,로건에서끊은공을준비했다며너는물갈피하고라면따.
p32_u60,p32,taps_s80,붉은광장에서열린행사연설에서토티는서방이러시아티공일준비했다며군사작전은불가피하고실적셔라며적합한결정이었다고주장했다.
p32_u60,p32,taps_s160,붉은광장에서열린행사연설에서프티는서강이러시아티공일준비했다며군사작전은불가피하고실적셔라며적합한결정이었다고주장했다.
p32_u60,p32,ce_visible,"요금강릉예술연대연대는희박해, 러시아  전공을준비했다며너는물건약물라면"
p32_u60,p32,ce_invisible,붉은광장에서열린행사연설에서프티는서방이러시아티공일준비했다며군사직전은불가피하고힐러면적확한결정이었다고주장했다.
p32_u61,p32,taps,그착상태에바지오키라이나던쟁을탈낳진명분을내세워정당하려는이도로보인다.
p32_u61,p32,ce,에바지입고영본을내걸당장이뤄보인다.
p32_u61,p32,ce_s40,에바지입고영본을내와반정하려면이들어보인다.
p32_u61,p32,ce_s80,에바지입고들어보인다.
p32_u61,p32,ce_s160,언니반응을해야지영본을내와면을이들어보인다.
p32_u61,p32,taps_s80,그착상태에바지오크라이나던쟁을탈낳진영본을내세워정당하려는이도로보인다.
p32_u61,p32,taps_s160,그착상태에빠지오크라이나던쟁을탈낳진명분을내세워정당하려는이도로보인다.
p32_u61,p32,ce_visible,에바지입고영본을내걸당장이뤄보인다.
p32_u61,p32,ce_invisible,그착상태에바지오키라이나던쟁을탈낳진명분을내세워정당하려는이도로보인다.
p32_u62,p32,taps,행사에마철러시아권은우크라이나말이우쿠에아부스탈제철도에폭격을되게했다.
p32_u62,p32,ce,어
p32_u62,p32,ce_s40,어
p32_u62,p32,ce_s80,
p32_u62,p32,ce_s160,어
p32_u62,p32,taps_s80,행사에마찰러시아권은우크라이나말이우쿠에아부스할대처에폭격을되게했다.
p32_u62,p32,taps_s160,행사에마쳐러시아권은우크라이나말이우쿠에아두잘제철에폭격을되게했다.
p32_u62,p32,ce_visible,어
p32_u62,p32,ce_invisible,행사에마철러시아권은우크라이나말이우쿠에아부스탈제철도에폭격을되게했다.
p32_u63,p32,taps,러시아는나치독일이행복한이나를국가적행사로기념하고있으나포티는일을정치행사로이용해왔다
p32_u63,p32,ce,러시아는에티오들이한국팬나를국가로금연하고있드나이를공중으로이병이왔다
p32_u63,p32,ce_s40,러시아는에티오그리한복판이나라를국가로구경하고있구나하면 1회정육점따로이병이왔다
p32_u63,p32,ce_s80,러시아는라떼오그리한복판이날에국가로구념하고있구나하면 1회공장으로입영해봤다.
p32_u63,p32,ce_s160,러시아는라떼오그리한국판이나를국가로따로구현하고있으나입을공지따로입영해봤다.
p32_u63,p32,taps_s80,러시아는나치독일이행복한이나를국가적행사로기념하고있으나포티는일을정치행사로이용해왔다
p32_u63,p32,taps_s160,러시아는나치독일이행복한이나를국가적행사로기념하고있으나포티는 1을정치행사로이용해왔다.
p32_u63,p32,ce_visible,러시아는에뛰드한복판이날에국가로금연하고있구나하면 1종이왔다
p32_u63,p32,ce_invisible,러시아는나치독일이행복한이나를국가적행사로기념하고있으나포티는일을정치행사로이용해왔다
p32_u64,p32,taps,이번에도그는러시아에생일을만재를예치며전쟁이끝나지않았다는매시즈를통해국민지를끌어내려야겠다.
p32_u64,p32,ce,이번에도그는러시아에생일을만드를왜뜨면지않았다는 SB를끌어내려야겠다.
p32_u64,p32,ce_s40,이번에도몇분이야언제끝나지않았다는거지공기를끌어내려야겠다.
p32_u64,p32,ce_s80,이번에도그일을만들으몇분늦지않았다는거지공기를끌어내려야겠다.
p32_u64,p32,ce_s160,이번에도몇분이야공기를그런애를했다.
p32_u64,p32,taps_s80,이번에도그는러시아에생일을만재를예치며전쟁이끝나지않았다는매시지를통해국민지를끌어내려했다.
p32_u64,p32,taps_s160,"이번에도그는러시아에생일을만재를예치며, 전쟁이끝나지않았다는매시지를통해국민지를끌어내려했다."
p32_u64,p32,ce_visible,이번에도그는러시아에생일을만드를왜며느리지않았다는 SB를끌어내려야겠다.
p32_u64,p32,ce_invisible,이번에도그는러시아에생일을만재를예치며전쟁이끝나지않았다는매시즈를통해국민지를끌어내려야겠다.
p32_u65,p32,taps,이해될수끼리나대통령은라찌범죄를따라하는포티는실패할것이라고목소리를높았다.
p32_u65,p32,ce,이안에실패할거지라고목걸이를먹겠다.
p32_u65,p32,ce_s40,따로할거지라고
p32_u65,p32,ce_s80,백봉역은따로할꺼지라고목걸이를높았다.
p32_u65,p32,ce_s160,왜? 음에할것이라고
p32_u65,p32,taps_s80,이에젤리스키나대통령은라찌범죄를따라하는포틴은실패할것이라고목소리를높았다.
p32_u65,p32,taps_s160,이해될수 eti 대통령은마치범죄를따라하는포티는실패할것이라고목소리를높았다.
p32_u65,p32,ce_visible,이폭력은따로실패할거지라고
p32_u65,p32,ce_invisible,이해될수끼리나대통령은라찌범죄를따라하는포티는실패할것이라고목소리를높았다.
p32_u66,p32,taps,이번정식이죠? 행사는 71 넘게계속내면오케라이나던진에형제를다를행사로전세계주목을받았다
p32_u66,p32,ce,이번수능때
p32_u66,p32,ce_s40,이번수능
p32_u66,p32,ce_s80,이번수능
p32_u66,p32,ce_s160,이번방송했다.
p32_u66,p32,taps_s80,이번정식이죠? 행사는 71 넘게계속머큐이나를겨를행사로전세계주목을받았다
p32_u66,p32,taps_s160,이번정식이죠? 행사는 7일넘게계속머큐라이나던진을다를행사로전세계주목을받았다
p32_u66,p32,ce_visible,이번주
p32_u66,p32,ce_invisible,이번정식이죠행사는 71 넘게계속내면오케라이나던진에형제를다를행사로전세계주목을받았다
p32_u67,p32,taps,소지만프티는치약정당아이연설에많은시간을할애하면서당초예상과다운이특별한내지지는매지알았다.
p32_u67,p32,ce,왕복티는찍는공강아예양꼬를많은시간을할애하면서암구예술가응? 흡연냈지얘는내기억났다.
p32_u67,p32,ce_s40,안구는약간시간을하루에알코올냈지얘는내기억났다.
p32_u67,p32,ce_s80,왕복중력공장아예양꼬들이많은시간을하루에알면서암구얘가한걸깨달음넷이는넷이연났다.
p32_u67,p32,ce_s160,진역관광아예양꼬리많은시간을하루에알면서암구예방가면냈지얘는내기억났다.
p32_u67,p32,taps_s80,서지만프티는실력정당아이연설에많은시간을할애하면서당초예상과다이특별한매직은매지않았다.
p32_u67,p32,taps_s160,소지만프티는진략정당화에연설에많은시간을할애하면서당초예상과다은이특별한매직지는매지않았다.
p32_u67,p32,ce_visible,왕복티는찍는공강아예양꼬를많은시간을할애하면서방구예정과는응? 흡연냈지얘는내기억났다.
p32_u67,p32,ce_invisible,소지만프티는치약정당아이연설에많은시간을할애하면서당초예상과다운이특별한내지지는매지알았다.
p32_u68,p32,taps,포트지금까지의재현전이아닌정면전에선언하고국가동원영엘경우상황은통제볼능에빠져될수도있었다.
p32_u68,p32,ce,지금까지에대한너는아닌반면을선호하고국가는네배경영어쌓으면은형들보면은
p32_u68,p32,ce_s40,지금까지에대한아닌단증선을선호하고국가공인영은내비경우상하면평균에빠져있었다.
p32_u68,p32,ce_s80,지금까지에대한면이아닌단정을선언하고국가공원영원을내릴경우상황이보인단에빠져있었다.
p32_u68,p32,ce_s160,지금까지에대한아닌당면을선호하고국가공원영원을내비광고는삼백원에빠져.
p32_u68,p32,taps_s80,포트기지금까지의재현전이아닌정면전에선언하고국가동원영에내릴경우상황은통째볼능에빠져될수도있었다.
p32_u68,p32,taps_s160,지금까지에대한전이아닌정면전에선언하고국가동얼영일내릴경우상황은통제볼능에빠져될수도있었다.
p32_u68,p32,ce_visible,지금까지에대한거는선언하고영어는네배경영어쌓으면은홍대보여주는게빠르다고
p32_u68,p32,ce_invisible,포트지금까지의재현전이아닌정면전에선언하고국가동원영엘경우상황은통제볼능에빠져될수도있었다.
p32_u69,p32,taps,물론포틴은휴전도 c 사지않아. 우크라이나사태가장기화할불안감은여전하다.
p32_u69,p32,ce,포트나어디야워크랑이나관계
p32_u69,p32,ce_s40,어디아나우글아니나이런거는열번하다.
p32_u69,p32,ce_s80,포트나어디야워크랑이나동기가면열번하다.
p32_u69,p32,ce_s160,포트나또지않아목걸이하나보람은열번하다.
p32_u69,p32,taps_s80,물론포틴은휴전도 c사지않아. 우크라이나사태가장기화할불안감은여전하다.
p32_u69,p32,taps_s160,물론포틴은휴전도 c 사지않아. 우크라이나사태가장기화할불안감은여전하다.
p32_u69,p32,ce_visible,포트나포지말라면열번하다.
p32_u69,p32,ce_invisible,물론포틴은휴전도 c 사지않아. 우크라이나사태가장기화할불안감은여전하다.
p32_u70,p32,taps,특히서강도불러서지않고제재강도를높이가있어. 언제든상황은아쿠아알수있다.
p32_u70,p32,ce,아그럼이거있어
p32_u70,p32,ce_s40,몰라
p32_u70,p32,ce_s80,몰라
p32_u70,p32,ce_s160,몰라.
p32_u70,p32,taps_s80,특히서강도불러서지않고제재강도를높이가있어. 언제든상황은아쿠아알수있다.
p32_u70,p32,taps_s160,특히서강도불러서지않고제재강도를높이가있어. 언제든상황은아쿠아알수있다.
p32_u70,p32,ce_visible,아그럼이거있어
p32_u70,p32,ce_invisible,특히서강도불러서지않고제재강도를높이가있어. 언제든상황은아쿠아알수있다.
p32_u71,p32,taps,조교출게국정상들은하도러시아산원료겸술을약속했고유럽은그재정노니에들어간상태다.
p32_u71,p32,ce,57개구경상들은하루를약속했고유럽은노니에들어가상대나.
p32_u71,p32,ce_s40,5일이강들은하루원료를약속했고유럽은노니에들어가상대나
p32_u71,p32,ce_s80,우려줄게강성들은하루를약속했고유럽은노니에들어가상대.
p32_u71,p32,ce_s160,우여고방송들은러시아산여공터를약속했고유럽은노니에들어가상대나.
p32_u71,p32,taps_s80,조교출게국영상들은하도러시아사원료점수를약속했고유럽은그체정노니에들어간상태다.
p32_u71,p32,taps_s160,조교출게국정상들은없어러시아사원료를약속했고유럽은그체정노니에들어간상태다.
p32_u71,p32,ce_visible,57개구경상들은하루를약속했고유럽은노니에들어가상대나.
p32_u71,p32,ce_invisible,조교출게국정상들은하도러시아산원료겸술을약속했고유럽은그재정노니에들어간상태다.
p32_u72,p32,taps,현한이유는분명티나느나실패를용인하지않는부틴이전면적카드를꺼내지않으면서당장주령극한국사람들인최악의상황은피할수있게될까
p32_u72,p32,ce,일반유형이명동명의나이
p32_u72,p32,ce_s40,명동명의나이
p32_u72,p32,ce_s80,응명인하지않는거아니면명곡동
p32_u72,p32,ce_s160,명인하지않나? 아니면
p32_u72,p32,taps_s80,현한이유는분명취하느나실패를용인하지않는부틴이정면장카드를꺼내지않으면서당장주령극한테인제상황에피할수있게될까
p32_u72,p32,taps_s160,하지만이유는분명티나느나실패를용인하지않는부틴이전면성카드를꺼내지않으면서당장주변급환기한테인제상황에피할수있게될까
p32_u72,p32,ce_visible,일반유형이명동명의  같지않니? 아니면
p32_u72,p32,ce_invisible,현한이유는분명티나느나실패를용인하지않는부틴이전면적카드를꺼내지않으면서당장주령극한국사람들인최악의상황은피할수있게될까
p32_u73,p32,taps,처방견제를위한핵전쟁지위통지에공개도기상악화를이후로하지않았다.
p32_u73,p32,ce,후방견제를 2년했는데우리동생열등학교를여러가지않을까?
p32_u73,p32,ce_s40,어난근데여동생그래도아까유러하지않을까?
p32_u73,p32,ce_s80,어난내일안돼. 여동생그래도아까유러지않을까?
p32_u73,p32,ce_s160,후반견대로유난했던데우리동생열대아까를여러가지않을까?
p32_u73,p32,taps_s80,"처방견제를위한핵, 견제인지위통제공개도기상악화를이후로하지않았다."
p32_u73,p32,taps_s160,"처방견제를위한핵, 견제인지위통지에공개도기사악화를이후로하지않았다."
p32_u73,p32,ce_visible,후방견제를 2년했는데우리동대여의도아까를여러가지않을까?
p32_u73,p32,ce_invisible,처방견제를위한핵전쟁지위통지에공개도기상악화를이후로하지않았다.
p32_u74,p32,taps,부틴에촉굴전략찾기로해석하기엔이루지만그럴가능성이생긴겅만해도긍정적이다.
p32_u74,p32,ce,콜역같기도해갖고기에는  생긴것만해도긍정적이다.
p32_u74,p32,ce_s40,혈액공략학기로해갖고가는것만해도긍정적이다.
p32_u74,p32,ce_s80,혈액공유하기로해갖고가는것만해도은근덕이다.
p32_u74,p32,ce_s160,익어받기로해갖고기에는  생긴것만해도긍정적이다.
p32_u74,p32,taps_s80,포틴에촉굴견략찾기로해석하기엔이루지만그럴가능성이생긴겅만해도갱정적이다.
p32_u74,p32,taps_s160,부틴에촉굴전략찾기로해석하기엔이리지만그럴가능성이생긴건강해도갱정적이다.
p32_u74,p32,ce_visible,콜역같기도해갖고기에는  생긴것만해도건강적이다.
p32_u74,p32,ce_invisible,부틴에촉굴전략찾기로해석하기엔이루지만그럴가능성이생긴겅만해도긍정적이다.
p32_u75,p32,taps,"삿뽀로기대를할것은아니다, 오크라이나사퇴해본지점이마련되었으면하는발언이다."
p32_u75,p32,ce,아니.
p32_u75,p32,ce_s40,아
p32_u75,p32,ce_s80,아네학년이다.
p32_u75,p32,ce_s160,그건아니네하는말입니다.
p32_u75,p32,taps_s80,"삿뽀로기대를할것은아니다, 워크라이나사대의분기점이마련되었으면하는발언이다."
p32_u75,p32,taps_s160,"석부는기대를할것은아니다, 오크라이나사퇴의분기점이마련되어하는발언이다."
p32_u75,p32,ce_visible,아니.
p32_u75,p32,ce_invisible,"삿뽀로기대를할것은아니다, 오크라이나사퇴해본지점이마련되었으면하는발언이다."
p32_u76,p32,taps,식당에서갑자기쓰러진실정집환장해신정에다시뜨기에한흰드레게소방이핫플레이버릇을쓰이겠다.
p32_u76,p32,ce,응
p32_u76,p32,ce_s40,
p32_u76,p32,ce_s80,응
p32_u76,p32,ce_s160,
p32_u76,p32,taps_s80,식당에서갑자기쓰러진실정집환장해신정에다시찌개한신인들에게소방이핫플레이버릇을쓰이겠다.
p32_u76,p32,taps_s160,식당에서갑자기쓰러진실전 T 혼자의신청해다시뜨기에한신인들에게소방이핫플레이스테이버릇을쓰이겠다.
p32_u76,p32,ce_visible,응.
p32_u76,p32,ce_invisible,식당에서갑자기쓰러진실정집환장해신정에다시뜨기에한흰드레게소방이핫플레이버릇을쓰이겠다.
p32_u77,p32,taps,"광주강산서방서는성경관갱년수, 김경미시게셔틀세이고인생소화배지르지를밝혔다."
p32_u77,p32,ce,응.
p32_u77,p32,ce_s40,응
p32_u77,p32,ce_s80,응.
p32_u77,p32,ce_s160,응방은
p32_u77,p32,taps_s80,광주강산서강서는성경만갱년수긴경미시예게  호텔스에인생소화배지르미스했다가 CCT를발켰다.
p32_u77,p32,taps_s160,"광주강산서방서는성경만갱년수, 김경미시게샤넬쓰이버인생석와배틀그시트를밝혔다."
p32_u77,p32,ce_visible,응.
p32_u77,p32,ce_invisible,"광주강산서방서는성경관갱년수, 김경미시게  호텔세이고인생소화배지르시를밝혔다."
p32_u78,p32,taps,하프세이버는신성지또는후정지로행사이갈릭질해서언급한절을신체수생수든적극적이잉크치로활성을구한사람에게인증저를쓰여아는제도다.
p32_u78,p32,ce,
p32_u78,p32,ce_s40,
p32_u78,p32,ce_s80,
p32_u78,p32,ce_s160,
p32_u78,p32,taps_s80,학교세희버는신정띠또면호흡정지로생사에델리길에서인급한절을신평호생수일적극적이고폭력을구한사람에게인증사를쓰여하는제도다
p32_u78,p32,taps_s160,하필세이버는신성지또밀호의정지로생사에델리길에서인급한절을신페소생술에언급처치로신경을구한사람에게인증사를쓰여하는제도다
p32_u78,p32,ce_visible,
p32_u78,p32,ce_invisible,하프세이버는신성지또는후정지로행사이갈릭질해서언급한절을신체수생수든적극적이잉크치로활성을구한사람에게인증저를쓰여아는제도다.
p32_u79,p32,taps,이들은진안에 12월 19일응담동이할수당에서신인이쓰러진것을보고계속거기 119에신고하고신대소중수를실시했다.
p32_u79,p32,ce,나는 12월씩꼬우리운남동에뜬금없고인문고에  전공하고
p32_u79,p32,ce_s40,나는 12월동에뜬금없고계속여기있는거왜신고하고
p32_u79,p32,ce_s80,나는 SB 월세꼬우리음남동에  신고여기신고하고
p32_u79,p32,ce_s160,나는 12월 19일음남동에뜬금없고휴보고있는거왜신고하고싶다.
p32_u79,p32,taps_s80,이들은진안에 12월 19일응담동이할식당에서신인이쓰러진것을보고계속거기 119에신고하고신폐소생수를실시했다.
p32_u79,p32,taps_s160,"이들은진안에 12월 19일인남동이할식당에서신인이쓰러진것을보고계속밖이 1, 1, 9회신고하고신폐소생수를실시했다."
p32_u79,p32,ce_visible,나는 12월동에뜬금없고인문고에  전공하고
p32_u79,p32,ce_invisible,이들은진안에 12월 19일응담동이할수당에서신인이쓰러진것을보고계속거기 119에신고하고신대소중수를실시했다.
p32_u80,p32,taps,"친구를바꿔도, 애는제사동기들끼리전문진행했고현장에서재발선환해보께정원이승됐다."
p32_u80,p32,ce,이거를받고진행이있고신당에서안됐다.
p32_u80,p32,ce_s40,이거를바꿔서이공였다.
p32_u80,p32,ce_s80,이거를받고진행했고
p32_u80,p32,ce_s160,이거를약간이공몇달
p32_u80,p32,taps_s80,신고를받고놓다. 행구급에는대세공기수심이정모소생수를진행했고현장에서재발선환해보께정원이승됐다.
p32_u80,p32,taps_s160,신고를받고도애는제재공기수심이전공소생수를진행했고현장에서재활선환해볼때 100원이승됐다.
p32_u80,p32,ce_visible,이거를받고진행이있고수당을해먹고싶다.
p32_u80,p32,ce_invisible,"친구를바꿔도, 애는제사동기들끼리전문진행했고현장에서재발선환해보께정원이승됐다."
p32_u81,p32,taps,경할수있는사람이쓰러지는소리를듣고  인간으로움직였던거같다며환생형에구할수있어서다행이라고말했다.
p32_u81,p32,ce,
p32_u81,p32,ce_s40,우경?
p32_u81,p32,ce_s80,우경?
p32_u81,p32,ce_s160,우경?
p32_u81,p32,taps_s80,성경할수있는사람이쓰러지는소리를듣고니가본미적으로움직였던거같다며환생형에구할수있어서다행이라고말했다.
p32_u81,p32,taps_s160,구경할수있는사람이쓰러지는소리를듣고뭔가은메리너그러움이었던건나면환생형에구할수있어서다행이라고말했다
p32_u81,p32,ce_visible,
p32_u81,p32,ce_invisible,경할수있는사람이쓰러지는소리를듣고  인간으로움직였던거같다며환생형에구할수있어서다행이라고말했다.
p32_u82,p32,taps,3편진안에강산소방서하드세이많은소방공무원자신있게 5명으로총 11다.
p32_u82,p32,ce,공방일외딴명으로열한명의끝인만들어.
p32_u82,p32,ce_s40,공방으로열한명의있으면부럽다.
p32_u82,p32,ce_s80,응어떤명으로열한명이었어.
p32_u82,p32,ce_s160,나는공방으로열한명이쓰는거지.
p32_u82,p32,taps_s80,"3편지안에강사소방서하트세, 반은소방공무원자신명, 일반인다섯명으로총 11었다."
p32_u82,p32,taps_s160,"3편지안에강사소방서하트세이간은소방공무원 4시익명, 일반인다섯명으로총 11었다."
p32_u82,p32,ce_visible,공방으로열한명의끝.
p32_u82,p32,ce_invisible,3편진안에강산소방서하드세이많은소방공무원자신있게 5명으로총 11다.
p32_u83,p32,taps,아시아와유럽을계속빨리있는유럽패디한개더피내가 203년 1월부터 201시티노선을주 7회로증명운영한다고밝혔다.
p32_u83,p32,ce,아빨리
p32_u83,p32,ce_s40,아시아유럽
p32_u83,p32,ce_s80,아지어유럽을가빨리있는유럽아이때일해. 일로오라며먹어.
p32_u83,p32,ce_s160,빨리인공
p32_u83,p32,taps_s80,아시아와유럽을가장빨리있는유럽패디한개더비네어가 2023년 1회부터 2014년을주 7회로증명한다고밝혔다.
p32_u83,p32,taps_s160,아시아와유럽을가장빨리있는유럽패디한개네어가 203년 1월부터 2014년을주 7회로증평운영한다고밝혔다.
p32_u83,p32,ce_visible,아이
p32_u83,p32,ce_invisible,아시아와유럽을계속빨리있는유럽패디한개더피내 20 3년 1월부터 201시티노선을주 7회로증명운영한다고밝혔다.
p32_u84,p32,taps,19일피내어에따르면이천회식 150은인천국제경양에서매일 20 35분출발을해시기반타국제공항이오전시 5분도착한다.
p32_u84,p32,ce,5일폰 4월달이면 1은 19년에 20분씩 2번에밤  15프당이오전열시오븐딱
p32_u84,p32,ce_s40,"5일폰 4월달이면일주일에 2, 3시인분에반칙 5, 6시 5분딱"
p32_u84,p32,ce_s80,"5일따르면일주일에 2, 3시인분달에 12, 열시 5분씩한다."
p32_u84,p32,ce_s160,5일따르면일주일에공항에서일한식 2분달에만 5천이오전열시 5분도착한다
p32_u84,p32,taps_s80,19일피내어에따르면이천회식 150은인천국제경양에서매일 23 시 5분출발을회식이반타국제공양이오전시 5분도착한다.
p32_u84,p32,taps_s160,19일피내어에따르면이천회식이노선은인천국제경양에서매일 20 35분출발을회식이반타국제공항이오전시 5분도착한다.
p32_u84,p32,ce_visible,5일폰 4월달이면 1은 19년에 20분씩 2번에밤  15프당이오전열시오븐딱
p32_u84,p32,ce_invisible,19일피내어에따르면이천회식 150은인천국제경양에서매일 20 35분출발을해시기반타국제공항이오전시 5분도착한다.
p32_u85,p32,taps,회장노선애는피내어최신한귀종이자탄수절간에귀여워할수있는에잇 350이투입된다.
p32_u85,p32,ce,너지금항공이다한구월과목
p32_u85,p32,ce_s40,너지금항공이다한번
p32_u85,p32,ce_s80,언니랑항공이다한번
p32_u85,p32,ce_s160,해병대진항공이다한구아이가
p32_u85,p32,taps_s80,회장노선애는피내어최신한귀종이자판소절반에귀여워할수있는에이 350이프투입된다.
p32_u85,p32,taps_s160,혜상도선애는피내어최신한귀종이자판소절반에귀여워할수있는  1350이투입된다.
p32_u85,p32,ce_visible,너지금항공이다한구월과목은 300
p32_u85,p32,ce_invisible,회장노선애는피내어최신한귀종이자탄수절간에귀여워할수있는에잇 350이투입된다.
p32_u86,p32,taps,"피내에어는이왕이게국내 11개여행 2와 3 4개브여러 8일, 4행상품을선풍이다."
p32_u86,p32,ce,일일은 1월 19일여름이고여행여행이나와 1년여행하고한번온다.
p32_u86,p32,ce_s40,일일이아마 1월말에열한여행이나와한여한여행한번그래도한번온다.
p32_u86,p32,ce_s80,일일이아마 1월말에열한여행이나와 1년여행방에서한번온다.
p32_u86,p32,ce_s160,일일이아마 1학년때국내영환이여행이나와현역때여긴여행한번해서한번온다
p32_u86,p32,taps_s80,"피내에어는이와이게국내, 11개여행이사와 3 4개국여러 8일, 4행상품을선풍이다."
p32_u86,p32,taps_s160,"피내영화는이와함께국내, 11개여행사와 3 4개국업, 8일, 4행상품을선풍이다."
p32_u86,p32,ce_visible,일일은 1월 19일여름여행이다 1년열에여행을여행가고해서한번온다.
p32_u86,p32,ce_invisible,"피내에어는이왕이게국내 11개여행 2와 3 4개브여러 8일, 4행상품을선풍이다."
p32_u87,p32,taps,여행객들은여행지까지인천해진깊은지상편을이용해. 그래서쪼끔비행해즐길수있다.
p32_u87,p32,ce,여행지까지인용해보여
p32_u87,p32,ce_s40,여행지까지인바디영특일수있다.
p32_u87,p32,ce_s80,마인드로여행지까지인바디영특일수있다.
p32_u87,p32,ce_s160,여행지까지인을이용해야겠다.
p32_u87,p32,taps_s80,"여행객들은여행지까지인턴헤신기네, 지창편을이용해. 그래서큰비행해즐길수있다."
p32_u87,p32,taps_s160,여행객들은여행지까지인천해진깊이지상편을이용해. 그래서큰비행해즐길수있다.
p32_u87,p32,ce_visible,여행지까지인용해보여
p32_u87,p32,ce_invisible,여행객들은여행지까지인천해진깊은지상편을이용해. 그래서쪼끔비행해즐길수있다.
p32_u88,p32,taps,해당상품열정에는오로라헌팅과북극열차탑승든북극에서즐길수있는이식적인강음이포함된다.
p32_u88,p32,ce,해당한권일정이는오로라한열두든게있나? 이쪽이방금했대.
p32_u88,p32,ce_s40,일당한권일정이있나? 오로라한열두든게있나? 이이쪽에관람객왕복
p32_u88,p32,ce_s80,해당한권일정이는오로라한열두은근수있는이수쪽이많이
p32_u88,p32,ce_s160,1등한권일정이있나한번열등감후쿠오카에또있는이수적인방법이있나
p32_u88,p32,taps_s80,해당상품일정에는오로라한팀과북극열차탑승든북극에서즐길수있는이식적인경험이포함된다.
p32_u88,p32,taps_s160,해당상품열정에는오로라한팀과북극열차탑승든북극에서즐길수있는이식적인강음이포함된다.
p32_u88,p32,ce_visible,일당한권일정이는오로라한열두든게있나? 이쪽이방금했대.
p32_u88,p32,ce_invisible,해당상품열정에는오로라헌팅과북극열차탑승든북극에서즐길수있는이식적인강음이포함된다.
p32_u89,p32,taps,또혼란노르웨이등교에집중이여유로일정이고상한거또한장점이봐.
p32_u89,p32,ce,어근데우리매이매운공용옷입고 a로 1등이고그러니까또한방이봐.
p32_u89,p32,ce_s40,노령이공용옷입고다이쁘면 1등이고그러니까또한방이다.
p32_u89,p32,ce_s80,노령이든나이팝에여유로 1등이고그러니까또한방이다.
p32_u89,p32,ce_s160,원래노령웨이든교라일본이봐.
p32_u89,p32,taps_s80,포렌노루웨이등교에집중이여유로일정이고상한거또한장점이봐.
p32_u89,p32,taps_s160,포토콜렌노루웨이등교에집중이여유로일정이고성한거또한장점이봐.
p32_u89,p32,ce_visible,어근데우리동유럽다 1등이고그러니까또한방이봐.
p32_u89,p32,ce_invisible,또혼란노르웨이든규유럽국가에지중에여유로일정이고상한거또한장점이봐.
p32_u90,p32,taps,특히국공여행에서가장유명한프로그램이오더라운능력이트럼대서진행된다.
p32_u90,p32,ce,그런여행에서가장유명한프로그램이노랑은노르웨이트룸에서주는건가
p32_u90,p32,ce_s40,그런여행에서가장유명한프로그램이노랑은노르웨이트렁해서주는건가
p32_u90,p32,ce_s80,가끔여행에서가장유명한프로그램이노랑은노래트렁크에서주는건가
p32_u90,p32,ce_s160,꿈여행에서가장유명한프로그램이노랑은노르웨이트로해서주는건가
p32_u90,p32,taps_s80,특히볶음여행에서가장유명한프로그램이오더라운능력이트럼배에서진행된다.
p32_u90,p32,taps_s160,특히볶음여행에서가장유명한프로그램이오더랑은학년노루웨이트룸에서진행된다.
p32_u90,p32,ce_visible,그런여행에서가장유명한프로그램이노랑은노르웨이트로해서주는건가
p32_u90,p32,ce_invisible,특히국공여행에서가장유명한프로그램이오더라운능력이트럼배에서진행된다.
p32_u91,p32,taps,트럼데는옹호라를볼수있는가장대표적인도시로겨울에도상대적으로춥지않아. 많은애얘기사랑해받는곳이다.
p32_u91,p32,ce,그럼걔는뭐나를볼수있는가장배부르게하는거지. 이러고버레르로상대적으로춥지않아나는여행객사랑을받는거지.
p32_u91,p32,ce_s40,그런데는가장배부르긴겨울에도상대적으로  싶지않아나는여행객을사랑을받는거지.
p32_u91,p32,ce_s80,그런데를볼수있는가장배고이런거라도상대적으로춥지않아나는여행객은사랑을받는거지.
p32_u91,p32,ce_s160,그런데는가정폭력이행복한거지. 겨울에도상대적으로춥지않아나는여행객사랑을받는것이다.
p32_u91,p32,taps_s80,프론세는오로라를볼수있는가장대표적인도시로겨울에도상대적으로춥지않아. 많은애얘기사랑해받는곳이다.
p32_u91,p32,taps_s160,프론대는오로라를볼수있는가장대표적인도시로겨울에도상대적으로춥지않아. 많은여행객이사랑해받는곳이다.
p32_u91,p32,ce_visible,그럼걔는뭐나를볼수있는가장배부르게행동을상대적으로춥지않아나는여행객사랑을받는거지.
p32_u91,p32,ce_invisible,트럼데는옹호라를볼수있는가장대표적인도시로겨울에도상대적으로춥지않아. 많은애얘기사랑해받는곳이다.
p32_u92,p32,taps,해당상품은국내북유럽상품을판매하는여행사를당해. 2023년 3월말까지예약밑가능하다.
p32_u92,p32,ce,일단열악한게없는데
p32_u92,p32,ce_s40,일단열악한게없는데
p32_u92,p32,ce_s80,일단열악한게없는데
p32_u92,p32,ce_s160,일단열악한거하면말까지양식공을가는
p32_u92,p32,taps_s80,해당상품은국내북유럽상품을판매하는여행사를당해. 2023년 3월말까지예약비구매가능하다.
p32_u92,p32,taps_s160,해당상품은국내북유럽상품을판매하는여행사를당해. 2023년 3월말까지예약구매가능하다.
p32_u92,p32,ce_visible,일단열악한게없는데
p32_u92,p32,ce_invisible,해당상품은국내북유럽상품을판매하는여행사를당해. 2023년 3월말까지예약밑가능하다.
p32_u93,p32,taps,"비내한국지사장, 김동완은앤데성수기에신입어일이선혜씨노선주 7일은앙에대기하게될적있구나."
p32_u93,p32,ce,한국식은운동화는현대백화기외국이래온천을쓰기노트는뭐쓰기은하나애기
p32_u93,p32,ce_s40,한국식운동화는현대백화기외국이래온건일쓰기노트온얘기못듣고
p32_u93,p32,ce_s80,햄버거같은운동화는핸드니까애기약도
p32_u93,p32,ce_s160,한국식맞았던거성격이너슬기운영얘기야. 뭐나
p32_u93,p32,taps_s80,"피해와한국디자장긴동아는앤데성수기에신입이어이이선혜씨노선좋지, 은앙에대기하게미처  것보다"
p32_u93,p32,taps_s160,비내한국지사장긴동아는앤데이과성적이어이이선해주고은앙에대기하게될적있다.
p32_u93,p32,ce_visible,한국식은운동화는현대입구에도한백이십너한 5 쓰기은하나애기
p32_u93,p32,ce_invisible,"비내한국지사장, 김동완은앤데성수기에신입어일이선혜씨노선주 7일은앙에대기하게될적있구나."
p32_u94,p32,taps,앞으로도더많은수객에아시아유럽에있는피너는네트워크를재경할수있도록노력하겠다고말했다.
p32_u94,p32,ce,앞으로너도그럼많은소개얘기해아시아나유럽은있는노력노력하겠다고말했다.
p32_u94,p32,ce_s40,앞으로너도그럼아는선택에아시아나유럽에있는또업그레이적금할때노력하겠다고말했다.
p32_u94,p32,ce_s80,앞으로너도그럼많은승객이아시아유럽에있는  찾아보은에또업그레이대금할수있도록노력하겠다고말했다.
p32_u94,p32,ce_s160,앞으로너도그럼안에서얘기아시아유럽에있는곡은업그레이적응할때노력하겠다고말했다.
p32_u94,p32,taps_s80,앞으로도더많은수객에아시아유럽에있는피너는네트워크를재경할수있도록노력하겠다고말했어.
p32_u94,p32,taps_s160,앞으로도더많은수객의아시아유럽에있는피너분에트워크를재깅할수있도록노력하겠다고말했다.
p32_u94,p32,ce_visible,앞으로너도그럼많은소개얘기해아시아나유럽은있는노력노력하겠다고말했다.
p32_u94,p32,ce_invisible,앞으로도더많은수객의아시아유럽에있는피너는네트워크를재경할수있도록노력하겠다고말했다.
p32_u95,p32,taps,국립이단독원히상호금에관둬한숏이굉장히자대를요구하고나서따.
p32_u95,p32,ce,국유감독아니고한국관에가도신경과제를요구하고나서
p32_u95,p32,ce_s40,국유감독아니고한국공연을가도신경과제를요구하고나왔었다.
p32_u95,p32,ce_s80,국유간다고아니한국공연을가도훨씬경쟁과제를요구하고나서
p32_u95,p32,ce_s160,국유감독아니야한국영고안에가도공댄과대를요구하고나왔었다.
p32_u95,p32,taps_s80,국립이단독원히상호금리원에가도한수시굉장히자대를요구하고나서따.
p32_u95,p32,taps_s160,국립이단독원히상호국민원에가도한수시굉장히자제를요구하고나셨다.
p32_u95,p32,ce_visible,국유감독아니고한국안에가도공군과대를요구하고나서
p32_u95,p32,ce_invisible,국립이단독원히상호금에관둬한숏이굉장히자대를요구하고나서따.
p32_u96,p32,taps,최근일보상빅리관에특판가정에서조합실수로발생한과다판매를겨냥한좋진다.
p32_u96,p32,ce,설거지한국영고영양을공용.
p32_u96,p32,ce_s40,설거는일부는하다판매를공유하는거지.
p32_u96,p32,ce_s80,설거지한국영권이뭐야? 운영하는거지.
p32_u96,p32,ce_s160,설거는일부인용권이있는거다파를공용시라.
p32_u96,p32,taps_s80,최근일보상금리원의특판과점에서조합실수로발생한과다판매를겨냥한좋지다.
p32_u96,p32,taps_s160,최근일보상빅리관에특판과점에서조합실수로발생한과다판매를겨냥한좋다.
p32_u96,p32,ce_visible,설거지한국영화공항을운영하는거지.
p32_u96,p32,ce_invisible,최근일보상빅리관에특판가정에서조합실수로발생한과다판매를겨냥한좋진다.
p32_u97,p32,taps,"또과도한위치경쟁률탔지? 유흥성, 간장성문제로번질수있다고판단했다."
p32_u97,p32,ce,너한번했다.
p32_u97,p32,ce_s40,너나도한번했다.
p32_u97,p32,ce_s80,너나도한번했다.
p32_u97,p32,ce_s160,너나도한 6주정도요금이문대로문제집하고있다.
p32_u97,p32,taps_s80,"또과도한있지? 경쟁률탔지? 유롱성, 간장성문제로번들수있다고판단했다."
p32_u97,p32,taps_s160,"또과도한있지? 경쟁률잤지? 유롱성, 간장성문제로번들수있다고판단했다."
p32_u97,p32,ce_visible,너한번했다.
p32_u97,p32,ce_invisible,"또과도한위치경쟁률탔지? 유흥성, 간장성문제로번질수있다고판단했다."
p32_u98,p32,taps,"금광원은 14일, 3월금린권, 고급미백한매부통이제상황전경간단애를내고이같이당구했다고밝혔다."
p32_u98,p32,ce,금은에버튼수강관광을열고이것도반고했다고발꿨다.
p32_u98,p32,ce_s40,금은하고금연구원지금레고통금현금감금을열고이것도반구했다고발꿨다.
p32_u98,p32,ce_s80,금은한국감동애를열고이렇게반부했다고바꿨다.
p32_u98,p32,ce_s160,한국에버튼이현황공강관라는애를열고이것도반고했다고바꿨다.
p32_u98,p32,taps_s80,"금은 14일, 상호금민권, 고급미백한매부통이제상황전경간단애를내고이같이당구했다고밝혔다."
p32_u98,p32,taps_s160,"금광원은 14일, 상어금민권, 고급리특한메보통이제상황전경간단애를내고이같이당구했다고밝혔다."
p32_u98,p32,ce_visible,한국매번공강관광을열고광고했다고발랐
p32_u98,p32,ce_invisible,"금광원은 14일, 3월금린권, 고급미백한매부통이제상황전경간단애를내고이같이당구했다고밝혔다."
p32_u99,p32,taps,"1년없어강남에한지역특산동이었고, 경복궁이주에지역농이업에서발생은사고해요. 소속조."
p32_u99,p32,ce,왕복
p32_u99,p32,ce_s40,왕복
p32_u99,p32,ce_s80,나빼고는와보하고
p32_u99,p32,ce_s160,아빠역곡역
p32_u99,p32,taps_s80,"1년없어강남에한지역특산동이었고, 정복에지형농이업에서발생은사고해요소속조."
p32_u99,p32,taps_s160,"1년없어강남에한지역특산동이었고, 정복에지형농이업에서발생을사고해요. 소속조치과."
p32_u99,p32,ce_visible,왕복
p32_u99,p32,ce_invisible,"1년없어강남에한지역특산동이었고, 경복궁이주에지역농이업에서발생은사고해요. 소속조."
p38_u00,p38,taps,"사이자에코로나일구먹는지류돼, 학스로비드역 31년분이 24일국내에추가로들어온다."
p38_u00,p38,ce,아이아이코로나일고먹는주로학비로비교약그러면학벌량분이이구내에떨어뜨려온다.
p38_u00,p38,ce_s40,아이코로나일고먹는주로학비로비중약그러면학벌량분이이구내에떨어뜨려온다.
p38_u00,p38,ce_s80,아니꼬르다먹는주몇주학자로비중약그러면학벌량분이이나이구내에떨어뜨려온다.
p38_u00,p38,ce_s160,아니꼬르다먹는주몇학비로비교약그러면학벌양분이이아이구매에떨어뜨려온다.
p38_u00,p38,taps_s80,"사이코나일곱먹는지류돼, 학스로비드역 3월 4천영분이 24에추억으로들어온다."
p38_u00,p38,taps_s160,"사이자에코로나일구먹는지류돼, 학스로비드역 3은 4천영분이 24일국내에추가로들어온다."
p38_u00,p38,ce_visible,아이아이코로나일고먹는주로학비로비교약그러면학벌량분이이구내에떨어뜨려온다.
p38_u00,p38,ce_invisible,"사이자에코로나일구먹는지류돼, 학스로비드역 31년분이 24일국내에추가로들어온다."
p38_u01,p38,taps,"주변관리탕은 23일정내빌딩동해, 하루디인 24일나 12시 10분, 인천공항동해추가운양이도착할예정이라고반갑다."
p38_u01,p38,ce,일병관리병은유지그다음에경례패증동에하루인 20 아 12시본인천공항에학술비추가운량이도착한열병이라고바꿨다.
p38_u01,p38,ce_s40,일병관리병은 63일양내비동에하루이깃발나열두시본인종공원동에학술비추가운량이도착한예정이라고발컸다.
p38_u01,p38,ce_s80,일병관리병은 63일경내비동에하루유인 20 아일나 12시본인천공항에학술비추가운양이도착한예정이라고발컸다.
p38_u01,p38,ce_s160,일병관리병은 63일경내일주일동안이깃발낮 12분인천공항동에학비로비교추가운양이도착한예정이라고발랐다고.
p38_u01,p38,taps_s80,"일병관리쌤은 23일정액빌딩동해, 하루 2인 24일나 12시 10분, 인천공항동해추가운량이도착할예정이라고반갑다."
p38_u01,p38,taps_s160,"질병관리탕은 23일정내빌딩동의하루 2인 24일나 12시 10분, 인천공항동해추가운량이도착할예정이라고반갑다."
p38_u01,p38,ce_visible,일병관리병은유지그다음에경례패증동에하루이백나열두시본인종공원동에학술비추가운량이도착한열병이라고바꿨다.
p38_u01,p38,ce_invisible,"주변관리탕은 23일정내빌딩동해, 하루디인 24일나 12시 10분, 인천공항동해추가운양이도착할예정이라고반갑다."
p38_u02,p38,taps,"이게따라국내남은파스로비드 6만 7라인분에휴가, 물량을합치면뭐도 10만 5천명으로밀게된다."
p38_u02,p38,ce,위에다가국내에남은핫도그 68명분에휴가돌이불량을두면 5등만옷한명분으로늘게된다.
p38_u02,p38,ce_s40,위에따라는핫그로비드역마 1명분에휴가돌이불량으로치면 5만 5천명분으로늘게된다.
p38_u02,p38,ce_s80,위에다목매남은드로비드역마 1명분에휴가돌이불량으로보면 5등만옷한명분으로늘게된다.
p38_u02,p38,ce_s160,위에다가국내에남은학스럽기도 6마리충당분에휴가보면 5등만옷한명분으로늘게된다.
p38_u02,p38,taps_s80,"이게따라국내에남은파스로비드 6만 7천행분에휴가, 물량을갖추면모두 10만 5천명으로늘게된다."
p38_u02,p38,taps_s160,"이게따라국내에남은파스로비드 6마 1,000명이추가입물량을겹치면뭐도 10만 5천명으로늘게된다."
p38_u02,p38,ce_visible,위에다가국내에남은학스로비드 6마리생명분에휴가치면 5만 5천명분으로늘게된다.
p38_u02,p38,ce_invisible,"이게따라국내남은파스로비드 6만 7라인분에휴가, 물량을합치면뭐도 10만 5천명으로밀게된다."
p38_u03,p38,taps,1월 3주 1 평균 56 대 40 2년군지행정을감아면대략 18에서 19일정도사용할수있는게아니다.
p38_u03,p38,ce,요일병오천육백군데 11 정원하면내려간다.
p38_u03,p38,ce_s40,요일병오천육백군데 11병은하면내가입는게아니다.
p38_u03,p38,ce_s80,요일병오천육백군데 11병은하면
p38_u03,p38,ce_s160,요건 6백원씩은밤하니깐.
p38_u03,p38,taps_s80,1월 3일평균 560 대씩한 2년군지행정을감아면대략 18억에서 19일정도사용할수있는게아니다.
p38_u03,p38,taps_s160,1월 3주 1 평균 560 대씩한 2년군지행정을감아면대략 18억에서 19일정도사용할수있는게아니다.
p38_u03,p38,ce_visible,요일병오천육백군데 11 정원하면내려간다.
p38_u03,p38,ce_invisible,1월 3주 1 평균 56 대 40 2년군지행정을감아면대략 18에서 19일정도사용할수있는게아니다.
p38_u04,p38,taps,아울러워크앤드컨퍼에먹는지개인낙에비리오도이번주틱만대분이흥미뜰예대이다.
p38_u04,p38,ce,아몰라업그레이드컨건이먹는걸로나꼴이오이번주끝난정도에뺄예정이다.
p38_u04,p38,ce_s40,아울러머밴드한번에먹는걸로나꼴이오이번주끝난분이뺄예정이다.
p38_u04,p38,ce_s80,아울러엊그젠도빼한번에먹는줄나꽤뿌리고이번주끝난분이국내꿈이끌려줘.
p38_u04,p38,ce_s160,아울러머밴드한번예먹는줄알고나꼬리이번주끝난분이끌레벨막
p38_u04,p38,taps_s80,아울러워크앤드컨퍼에먹는시류대신낙에이번주생방된분이흥미뜰애다.
p38_u04,p38,taps_s160,아울러워크앤드컨퍼이에먹느질인라이어도이번주생방된분이흥미에고이뜰예대이다.
p38_u04,p38,ce_visible,아몰라업그핸드폰이먹는걸로나꼴이오이번주끝난동입뺄예정이다.
p38_u04,p38,ce_invisible,아울러워크앤드컨퍼에먹는지개인낙에비리오도이번주틱만대분이흥미뜰예대이다.
p38_u05,p38,taps,식품의학과완전적어. 이의학부면에진급형에신인한만큼주병정도복식이와등산등에곧확정에발등에예정이다.
p38_u05,p38,ce,조금의학과면안단조건의학과의급발령에뚱일한만큼유병정도했고확정해발병에 1병이다.
p38_u05,p38,ce_s40,조금의학과면안단조건의학과인급발음에뚱일한만큼의병정도약직이야의상도했고확정해발급해일병이다.
p38_u05,p38,ce_s80,의학과면완전저거유의약금매응급방에뜬이란말끊도약직이야의상도했고확정해발교회 1종이다.
p38_u05,p38,ce_s160,조금의학과완전조가의약금매응급방에뜬만큼유병도직이야원상되고합정에발병에 1병이다.
p38_u05,p38,taps_s80,식품의학과완전저거이의학중에진급하영에신인한만큼주병정도해약시기와정상등에곧학점에 8팀할예정이다.
p38_u05,p38,taps_s160,식품의학과완전조가이의학부에진급의신의난만큼주병정도복합시기와등산등에곧확정에발등에예정이다.
p38_u05,p38,ce_visible,조금의학과면안단조건의학과의급발령에뚱일한만큼유병정도했고확정해발병에 1병이다.
p38_u05,p38,ce_invisible,식품의학과완전적어. 이의학부면에진급형에신인한만큼주병정도복식이와등산등에곧확정에발등에예정이다.
p38_u06,p38,taps,한단질병은아스트라시네과에사회실에 15실대로있고인극사회에유청도검터하고있다.
p38_u06,p38,ce,한편주방병은안들어가니까상갓집으로에이번주에평등한역정동으로검정하고있다.
p38_u06,p38,ce_s40,한편주방점은안들어가니까상대입구쇼해보일거야 6급 8 중에몇명정도하고있다.
p38_u06,p38,ce_s80,한편주방점은안들어가니까상대입구쇼해보입고검정하고있다.
p38_u06,p38,ce_s160,한편중병은아들과에상처줄래도있고 07은몇평생으로검정하고있다.
p38_u06,p38,taps_s80,한단질병은아스트라시네과에사회에 15실대로있고인급사이즈요정도검터하고있다.
p38_u06,p38,taps_s160,한단질병점은아스트라시네과에사회실에 15실대로있고인극사회에유청도검터하고있다.
p38_u06,p38,ce_visible,한편주방병은안들어가니까상갓집으로에이번주에평등한역정동으로검정하고있다.
p38_u06,p38,ce_invisible,한단질병은아스트라시네과에사회실에 15실대로있고인극사회에유청도검터하고있다.
p38_u07,p38,taps,리뷰실드는유럽에신접종으로항상어려인증이면역저하중에에과가있는것두깔려졌다.
p38_u07,p38,ce,일곱신드는일곱병순겹이어려워서에효과가있는것이빨래  같다.
p38_u07,p38,ce_s40,일곱신드는순접종으로항상어려다주니에효과가있는것도빨래졌다.
p38_u07,p38,ce_s80,일곱신드는유럽에서는생각보다어려워졌중에효과가있는것도빨래졌다.
p38_u07,p38,ce_s160,일곱신드는순접종으로항상어려다주에그효과가있는것이빨래졌다.
p38_u07,p38,taps_s80,리뷰실드는유럽에신접종으로항상어려움증이면역저하중에내과가있는걸쫌알려줬다.
p38_u07,p38,taps_s160,리뷰실드는유럽에신접종으로항상어려눈팅이너네과자중에과가있는것좀알려줬다.
p38_u07,p38,ce_visible,일곱신드는일곱병으로항상면역나중에있는곳도빨래졌다.
p38_u07,p38,ce_invisible,리뷰실드는유럽에신접종으로항상어려인증이면역저하중에에과가있는것도깔려졌다.
p38_u08,p38,taps,30대연극배우가불법으로마사지역으로운영한혐의로 1층에서읽은형을사고바었다.
p38_u08,p38,ce,연극배우봐물법으로마사지업그레이운영한험이로 1등에법금이랑빵거받았다.
p38_u08,p38,ce_s40,연극배우다가물법으로마사지업그레이운영한험이로 1등에법금이랑빵구받았다.
p38_u08,p38,ce_s80,연극배우다가물법으로마사지업그레이운영한험이로 1등해서월급이형을끊고받았다.
p38_u08,p38,ce_s160,연극배우다가물법으로마사지없구운영한점이로 1등해서월급이형을딴거받았다.
p38_u08,p38,taps_s80,30대연극배우가물법으로마사지역사를운영한혐의로 1층에서읽은형을사고받았다.
p38_u08,p38,taps_s160,30대연극배우가물법으로마사지역으로운영한혐의로 1층에서읽은형을사고말았다.
p38_u08,p38,ce_visible,연극배우봐물법으로마사지업그레이운영한험이로 1등에법금이랑빵거받았다.
p38_u08,p38,ce_invisible,30대연극배우가불법으로마사지역으로운영한혐의로 1층에서읽은형을사고바었다.
p38_u09,p38,taps,"서울북부지법, 평사, 5단도, 은옥구장판사는이십사일, 유료법위반혐오구조된 H군 300만원을선고하고 598만원을출중할것도몇명있다."
p38_u09,p38,ce,월급굳이마당 5장반사는 80 얼굴은 300만원을판고하고 5008만원을할것도명령에빵.
p38_u09,p38,ce_s40,월급굳이마당 5장반사는아유료법미반유럽교대얼굴은 300만원을판고하고 5008만원을  조심할것도명령에빵.
p38_u09,p38,ce_s80,월급부지먹방옷안높사는 28 의료병에얼굴 300만원을선긍하고 998만원을할것도명령했다.
p38_u09,p38,ce_s160,월급굳이마당 5장반사는 28번미반유럽교대얼굴은 300만원을판고하고 5008만원을할것도명령에빵.
p38_u09,p38,taps_s80,"서울북부지밥평사, 5단도, 은옥구장판사는이십사일, 유료법위반혐오구조된 H군 300만원을선고하고 598만원을출중할것도몇명있다."
p38_u09,p38,taps_s160,"서울북부지밥형, 5단도, 은옥구장판사는이십사일, 유료법위반혐오구조된 H군 300만원을선고하고 598만원을출중할것도몇명있다."
p38_u09,p38,ce_visible,월급굳이마당 5장반사는 80 얼굴은 300만원을판고하고 5008만원을할것도명령에빵.
p38_u09,p38,ce_invisible,"서울북부지법, 평사, 5단도, 은옥구장판사는이십사일, 유료법위반혐오구조된 H군 300만원을선고하고 598만원을출중할것도몇명있다."
p38_u10,p38,taps,영국베이신은안마사자극이없는데도 20년 7월부터 1인의 3월까지 4월중난국에서불법으로마사지원으로운영한형이랑자판은들었어.
p38_u10,p38,ce,영국배우인 as는안마가자극이없는데도 2018년 7월부터일에컴활마주서울중람구해서물법으로마사지없구운영하는게더.
p38_u10,p38,ce_s40,영국배우인 as는안마가자극이없는데도 2018년 7월부터일에컴활마주서울에서물법으로마사지없구운영하는게더.
p38_u10,p38,ce_s80,영국배우인 as는안마가자극이없는데도일단은  그때부터는컴활마주운남부에서물법으로마사지없구운영하는게더.
p38_u10,p38,ce_s160,영국배우인 as는안마가자극이없는데도입장에서는 7월부터일에꼬발루에서물법으로마사지없구운영하는위로판에나오는게더.
p38_u10,p38,taps_s80,영국베인 ac는안마사자극이없는데도 20년 7월부터 1인의 3월까지 4월중난국에서불법으로마사지없구운영한형의로자판을남겨줬다.
p38_u10,p38,taps_s160,영국베인 ac는안마사자격이없는데도 2020년 7월부터 1인 3월까지 4월중난국에서불법으로마사지없그운영한형의로자판을담았다.
p38_u10,p38,ce_visible,영국배우인 as는안마가자극이없는데도 2018년 7월부터일에컴활마주서울중람구해서물법으로마사지없구운영하는게더.
p38_u10,p38,ce_invisible,영국베이신은안마사자극이없는데도 20년 7월부터 1인의 3월까지 4월중난국에서불법으로마사지원으로운영한형이랑자판은들었어.
p38_u11,p38,taps,걔는물론이고이억새구형된구명도안마사자격이없네.
p38_u11,p38,ce,은행물론이고위업에고용된운명도안마가격이없는곳으로들어왔다.
p38_u11,p38,ce_s40,은행물론이고위업에고용된운명도안마가격이없는곳으로들어왔다.
p38_u11,p38,ce_s80,은행물론이고위업에고용된운명도안마가가격이없는곳으로들어왔다.
p38_u11,p38,ce_s160,은행물론이고위업에고용된운명도안마가가격이없는곳으로들어왔다.
p38_u11,p38,taps_s80,걔는물론이고이억새구형된구명도안마사자격이없네.
p38_u11,p38,taps_s160,걔는물론이고이억새구형된구명도안마사자격이없네.
p38_u11,p38,ce_visible,은행물론이고위업에고용된운명도안마가격이없는곳으로들어왔다.
p38_u11,p38,ce_invisible,걔는물론이고이억새구형된구명도안마사자격이없네.
p38_u12,p38,taps,이즈는억수원에밤 5개를살지않기간당약약 11만원을받고권지는손으로주무르는마스터즈를제공한성의를받고있다.
p38_u12,p38,ce,이그는업그에방과후배를낄줄안돼시간당약 1만원을받고주무르는마빡이로일을받고있다.
p38_u12,p38,ce_s40,이그는업그안에방과후배를낄줄안돼시간당약 1만원을받고주무르는마빡이형이랑험일을받고있다.
p38_u12,p38,ce_s80,이그는업그안에방과후를갈줄안든약 1만원을받고주무르는마빡이형한형의를받고있다.
p38_u12,p38,ce_s160,이브는없던애방배당약 1만원을받고연신을빼노로주무르는마빡이로만험일을받고있다.
p38_u12,p38,taps_s80,이들은업소에밤 5개를살지않기간당약 11만원을받고는지는손으로주무르는마사지를제공한성의를받고있다.
p38_u12,p38,taps_s160,이들은업소에밤 5개를살지않기간당약약 11만원을받고던지는손으로주무르는마사지를제공한성의를받고있다.
p38_u12,p38,ce_visible,이그는업그에방과후배를낄줄안돼시간당약 1만원을받고주면은마빡이로일을받고있다.
p38_u12,p38,ce_invisible,이즈는억수원에밤 5개를살지않기간당약약 11만원을받고권지는손으로주무르는마스터즈를제공한성의를받고있다.
p38_u13,p38,taps,에이즈는비법암마사두명과수익금에 6 대 4 비율로나눠가지는방식으로억수를운행했다고전에좋다.
p38_u13,p38,ce,에이스는유럽안마가두명과일금을 6배가룰루나눠가지고방식으로업그레이운영했다고전해졌다.
p38_u13,p38,ce_s40,에이스는유럽안마의형과일급을 6배가룰루나눠가지고방식으로업그레이운영했다고눈에졌다.
p38_u13,p38,ce_s80,에이스는유럽안마나운영과식금을 6배가룰루나눠가지고방식으로업그레이운영했다고눈에졌다.
p38_u13,p38,ce_s160,에이스는유럽안마의경과  장학금을 6배가룰루나눠가지고방식으로업그레이운영했다고좀해졌다.
p38_u13,p38,taps_s80,에이즈는비법암마사두명과 B급에 6 대 4 비율로나눠가지는방식으로억수를운영했다고전해졌다.
p38_u13,p38,taps_s160,에이즈는비법암마사두명과  장학금에 6 대 4 비율로나눠가지는방식으로업소를운행했다고전혀좋다.
p38_u13,p38,ce_visible,에이배는유럽안마가두명과일금을 6배가룰루나눠가지고방식으로업그레이운영했다고전해졌다.
p38_u13,p38,ce_invisible,에이즈는비법암마사두명과수익금에 6배사비율로나눠가지는방식으로억수를운행했다고전에좋다.
p38_u14,p38,taps,의료겉에팔십이도에따르면안마산은장애인복지법에딸은지각장애인종을지도사에게가격인점을받아야한다.
p38_u14,p38,ce,의료보트에팔십미도에따르면안나가는방에복백버겠다는생각광해버경장을받아야한다.
p38_u14,p38,ce_s40,의료박회팔십미도에따르면안나가는방에복귀법의딸은끼앗방에무지하게박연경을받아야한다.
p38_u14,p38,ce_s80,의료법에할수두있다면안나가는방에복귀법의딸은끼앗방에무디과에게배경민정을받아야한다.
p38_u14,p38,ce_s160,의료박때할수두에따르면안나가는방에복귀법에따른과광인피우에게배경민정을받아야한다.
p38_u14,p38,taps_s80,의료보트에 82도에따르면안맞아는장애인복기법에따른지각장애인종은지도사에게가격인정을받아야한다.
p38_u14,p38,taps_s160,의료곱케할수두에따르면안맞아는장애인복기법에딸은지각장애인종을지도사에게가격인정을받아야한다.
p38_u14,p38,ce_visible,의료보트에팔십미도에따르면안나가는방에복백버겠다는생각광해버경장을받아야한다.
p38_u14,p38,ce_invisible,의료겉에팔십이도에따르면안마산은장애인복지법에딸은지각장애인종을지도사에게가격인점을받아야한다.
p38_u15,p38,taps,일을입원하고자격없이영인목적으로안마를하면같은법에 80 벌줄위에 3일이하에근육이나 3만원이하에거의해서해준다.
p38_u15,p38,ce,일을하고가격으로안마를가면같은법에한면역이나한 3만원이하에월급해줘야된다.
p38_u15,p38,ce_s40,일을하고가격명비목격으로안마를가면밥주요한면역이나한 3만원이하에월급해줘야된다.
p38_u15,p38,ce_s80,일을위반하고가격명비목격으로안마를가면밥주획한명이하에묘미나 3만원을위하에월급이해줘야된다.
p38_u15,p38,ce_s160,일을하고가격을영미국적으로안마를가면아픈법을한번이하에묘미나 3만원을유해월급해줘야된다.
p38_u15,p38,taps_s80,일을입원하고가격적으로안마를가면같은법제 8줄위에 3일은이하에근육이나 3만원이하에거의매일해야해준다.
p38_u15,p38,taps_s160,일을입원하고가격을영위목적으로안마를가면같은법제 8줄위에 3일연하에근육이나 3만원이하에벌금해서준다.
p38_u15,p38,ce_visible,일을하고가격명료안마를가면같은법에한면역이나한 3만원이아예월급이해줘야된다.
p38_u15,p38,ce_invisible,일을입원하고가격적으로안마를하면같은법에 80 벌줄위에 3일이하에근육이나 3만원이하에거의해서해준다.
p38_u16,p38,taps,현대자동차가고성능도에전동화비전을소개하고일을구연한롤링콘서트를본게있다.
p38_u16,p38,ce,근데그동자르엠브랜드에전동합전을소개하고일구와난롤링레콘테타고대를빼터로옮겨야겠다.
p38_u16,p38,ce_s40,현대자동차고정링엠브랜드에전동합디자인을소개하고일을구해야난롤링레꿀색깔의대를새초로본게있다.
p38_u16,p38,ce_s80,현대자동차고정링엔브랜드에전동합디자인을소개해가꼬일을구해야난롤링레군집다무대를이렇게대표로옮겼다.
p38_u16,p38,ce_s160,현대자동차고정된엔브랜드에전동합디자인을소개해갖고일을구한롤링레콘서트를백개표로공겠다.
p38_u16,p38,taps_s80,현대제동차가고성능랜드에전도와비전을소개하고일을구연한롤링의콘서트를회계최초로본게없다.
p38_u16,p38,taps_s160,현대제동차가고성능랜드에전도와비자를소개하고일을구연한롤링의콘서트를서로공개했다.
p38_u16,p38,ce_visible,근데그동자르엠브랜드에전동합이너는소개해하고일을구해야난롤링레콘테타고대를새쪼록옮겨야겠다.
p38_u16,p38,ce_invisible,현대자동차가고성능도에전동화비전을소개하고일을구연한롤링콘서트를본게있다.
p38_u17,p38,taps,현대차는롤링맵을간수는양산모들을넘어. 선에기술을지속해봐서는중대로살린다는전략이다.
p38_u17,p38,ce,현백자는롤링랩을양주는양산보다를넘어. 엠비스를에바다는농대로솔론즈는돌이다.
p38_u17,p38,ce_s40,근데나는롤링랩을양주는양산보다를넘어. 을랭을배바거는농대로솔론단을받
p38_u17,p38,ce_s80,근데나는롤링랩을한줄이양산고들을넘어. 은행술을배바거는중대로흘린다는전략이다.
p38_u17,p38,ce_s160,현백자는롤링랩을단귤이양반모델을넘어. 은행들을농대로플레이가는롤러이다.
p38_u17,p38,taps_s80,현대타는롤링랩을간수는양산모델을넘어. 선행기술을지속해봐서는중대로살는다는전략이다.
p38_u17,p38,taps_s160,현대차는롤링맵을간수는양산모델을넘어. 선에기술을지속해봐서는중대로살는다는전략이다.
p38_u17,p38,ce_visible,현백자는롤링랩을양주는양산보다를넘어. 엠비스를유럽배봐서는농대로솔론즈는돌이다.
p38_u17,p38,ce_invisible,현대차는롤링맵을간수는양산모들을넘어. 선에기술을지속해봐서는중대로살린다는전략이다.
p38_u18,p38,taps,현대차는 15일현대엔월드와이드유투브채널에서현대애는데이영창을공개하고에브랜드에전도비전을덜했다.
p38_u18,p38,ce,근데엔월드와이드유투브채널에서싼데애는거의명정을공개하고애는그랜도마뱀
p38_u18,p38,ce_s40,근데엔월드와이드유투브채널에서현대애는거의명정을공개하고애는그랜데전도마뱀
p38_u18,p38,ce_s80,근데엔월드와이드유투브채널에서현대애는거의명정을공개하고애는그랜데전동왔주변에그랬다.
p38_u18,p38,ce_s160,근데나는월드와이드유투브채널에서현대애는거의명정을공개하고애는그래도애완동물그랬다.
p38_u18,p38,taps_s80,현대차는 15일현대엔월드와이드유투브채널에서현대애는데이영창을공개하고걘브랜드에전도비전을돌했다.
p38_u18,p38,taps_s160,현대차는 15일현대엔월드와이드유투브채널에서현대애는데이영창을공개하고걘브랜드에전도와비전을돌했다.
p38_u18,p38,ce_visible,근데엔월드와이드유투브채널에서싼데애는거의명정을공개하고애는그랜전도왔을그랬다.
p38_u18,p38,ce_invisible,현대차는 15일현대엔월드와이드유투브채널에서현대애는데이영창을공개하고에브랜드에전도비전을덜했다.
p38_u19,p38,taps,핸브랜드는운전에재미를추구하기위한상대하에고정네싸고그랜드다.
p38_u19,p38,ce,앵그랜드는운전에뜨거운물면고정론파고그랜드가.
p38_u19,p38,ce_s40,앵그랜드는운전에찍어주면고정론파고그랜드가.
p38_u19,p38,ce_s80,앵그랜드는운전해주는게아니고정론파고그런데는.
p38_u19,p38,ce_s160,앵그랜드는운전에찍어야고정론파고그랜드가.
p38_u19,p38,taps_s80,앤브랜드는운전에장비를출구하기위한현대자이고정돼버그랜드다.
p38_u19,p38,taps_s160,앤브랜드는운전에재미를추구하기위한상대처에고정돼보고그랜드다.
p38_u19,p38,ce_visible,앵그랜드는운전에뜨거운고정론파고그랜드가.
p38_u19,p38,ce_invisible,핸브랜드는운전에재미를추구하기위한상대하에고정네싸고그랜드다.
p38_u20,p38,taps,"2015년넘지, 코너링악동일상의코스카레이스프레주행능력을기반으로다양한낸모델을개발해왔다."
p38_u20,p38,ce,2015년이고호날이약통일당했고아레일드랙주인능력을입안으로앵무새를에바리왔다.
p38_u20,p38,ce_s40,2015년농증이고호날이약도일단은꽃게능력을입안으로다양한앵무새를활발해놨다.
p38_u20,p38,ce_s80,이때는논증이고호날이학종일당에꼬치아레일드랙주행능력을입안으로다양한앵무새를볼바엔왔다.
p38_u20,p38,ce_s160,2015년농짐이고호날이약종일당에꼬치아레일드랙주랙능력을입안으로양한앵무새를볼바래왔다.
p38_u20,p38,taps_s80,"2015년넘지, 코너링악동일상의코스카레이스프레주행능력을입안으로다양한낸모델을개발해왔다."
p38_u20,p38,taps_s160,2015년넘지이후코너링악동일상의코스카레이트릭주인능력을입안으로다양한낸모델을개발해왔다.
p38_u20,p38,ce_visible,2015년이고호날이약통일당에꼬치아레일드랙주인능력을입안으로앵무새를에바리왔다.
p38_u20,p38,ce_invisible,"2015년넘지, 코너링악동일상의코스카레이스프트랙주인능력을기반으로다양한낸모델을개발해왔다."
p38_u21,p38,taps,현대차는이나의변동한전략을동의역동적인재미를느낄수있도록연구개발한다는평호사진을재밌게
p38_u21,p38,ce,근데나는이나에연동한전략을동에역동적인  재미니를느낄수있도록연구다는성사긴해도될수있다.
p38_u21,p38,ce_s40,근데나는이나에전동아전략을동에역동적인괴미를느낄수있도록연구다는성까지겠다.
p38_u21,p38,ce_s80,근데나는이나에연동한전략을공해역동적인괴미를느낄수있도록연구다운다는성과를될수있다.
p38_u21,p38,ce_s160,근데나는이나에연동한전략을동의역동적인느낄수있연구를한다는성배를낼수있다.
p38_u21,p38,taps_s80,현대차는이나에전동화전략을동의역동적인재미를느낄수있도록연구개발한다는성우사진을즐기겠다.
p38_u21,p38,taps_s160,현대차는이나의변동화전략을동의역동적인재미를느낄수있도록연구개발한다는샤워사진을즐기겠다.
p38_u21,p38,ce_visible,근데나는이나에연동한전략을동에역동적인  재미니를느낄수있도록연구다는성사전을낼수있다.
p38_u21,p38,ce_invisible,현대차는이나의변동한전략을동의역동적인재미를느낄수있도록연구개발한다는평호사진을재밌게
p38_u22,p38,taps,"이어전기차를레이스트에게해서즐길수있도록구성민기준을끌어올리고사운드, 운동능력감성적영어학에서다양하게연구하고있다고걸렀다."
p38_u22,p38,ce,이어전기차를레이스트에그해서죽일수있도록고성능균을끌어올리고다운드인덕늘남동작영역에서다양하게연구하고있다고바꿀까?
p38_u22,p38,ce_s40,이어전기차를레이스트에그해서즐길수있도록고성능을끌어올리고다운드인덕늘남동작영역에서다양하게연구하고있다고바꿀까?
p38_u22,p38,ce_s80,이여전기차를레이스트에그해서죽일수있도록고상능을끌어올리고다운드인덕늘남성적영역에서다양하게연구하고있다고바꿀까?
p38_u22,p38,ce_s160,이어전기차를레이스트에그해서즐길수있도록끌어올리고다운드인덕늘남성적영역에서다양하게연구하고있다고배웠다.
p38_u22,p38,taps_s80,"이어전기차를레이스트에게해서즐길수있도록구성민기준을끌어올리고사운드, 운동능력감성적여우학에서다양하게연구하고있다고걸쳤다."
p38_u22,p38,taps_s160,이어전기차를레이스트에게해서즐길수있도록구성민기준을끌어올리고사운드감성적영어학에서다양하게연구하고있다고걸렀다.
p38_u22,p38,ce_visible,이어전기차를레이스트에그해서죽일수있도록고성능을끌어올리고다운드인덕늘남동작영역에서다양하게연구하고있다고바꿀까?
p38_u22,p38,ce_invisible,"이어전기차를레이스트에게해서즐길수있도록구성민기준을끌어올리고사운드, 운동능력감성적영어학에서다양하게연구하고있다고걸렀다."
p38_u23,p38,taps,현대차는내년출시애인첫번길고성능차아유파이브애는동해일을춘다네그얘기다.
p38_u23,p38,ce,현규나는내년출시예정인떡언우리고정동아유니바이브애늘어가지고얘기다.
p38_u23,p38,ce_s40,현타는내년출시예정인떡언우리고정동아유니바이브네명중에 11이다.
p38_u23,p38,ce_s80,근데나는내년출신빠언덕꼬장국아유니빠이브네일동일하느냐얘기다.
p38_u23,p38,ce_s160,근데나는내년출신예정인첫언릭고정동아유니바이브네늘중에공인 1종따는그얘기다.
p38_u23,p38,taps_s80,현대차는내년출시애인첫전깃고속명차아웃바이브애를현실을춘다네그얘기다.
p38_u23,p38,taps_s160,현대차는내년출시애인첫번식고성능청아어닉파이브애를현실을춘다네그얘기다.
p38_u23,p38,ce_visible,현규나는내년출신예정인떡언우리고정동아유니바이브애늘어가지고얘기다.
p38_u23,p38,ce_invisible,현대차는내년출시애인첫번길고성능차아유파이브애는동해일을현실을춘다네그얘기다.
p38_u24,p38,taps,이와함께엠브랜드에전동화기술을다하면롤링의뭐대구대도본게있다.
p38_u24,p38,ce,유한애엠브랜드에전동안기술을다는롤링레모델무대도놀겠다.
p38_u24,p38,ce_s40,유아에엠브랜드에전동학기술다은롤링의무대무대도놀게했다.
p38_u24,p38,ce_s80,유아논애엠브랜드에전동학기술다은롤링레모델무대도옮겨.
p38_u24,p38,ce_s160,유아암에엠브랜드에전동학기술다은롤링랩소대무대도울겠다.
p38_u24,p38,taps_s80,이와함께엠브랜드에전동화기술을다하면롤링의뭐대구대도본게있다.
p38_u24,p38,taps_s160,이와안게임에전동화기술을다하면롤링의뭐대구대도본게있다.
p38_u24,p38,ce_visible,유한애엠브랜드에전동안기술을다는롤링레모델무대도놀겠다.
p38_u24,p38,ce_invisible,이와함께엠브랜드에전동화기술을다하면롤링의뭐대구대도본게있다.
p38_u25,p38,taps,롤링맵은고성능기수를양산모델을반형이아서연구개발잇검중하는사람이다.
p38_u25,p38,ce,롤링랩은고정된기술을양담배를관양하기에아까연구언백중하나.
p38_u25,p38,ce_s40,롤링랩은고성능기스를양담배를반영하기아까연구하니범죄다.
p38_u25,p38,ce_s80,롤링랩은고성능주를양산고대를반영하기아까워영국발음이언백만의싸움이나.
p38_u25,p38,ce_s160,롤링앱은고성능기스를양담모델에반영하기연구입언백만의싸량이다.
p38_u25,p38,taps_s80,롤링맵은고성리기술을양산모들을반형이야. 연구개발잇검중하는사람이다.
p38_u25,p38,taps_s160,롤링맵은고성능기수를양산모들을반형이라서연구개발잇검중하는사람이다.
p38_u25,p38,ce_visible,롤링랩은고성능기스를양담배를관양하기에아까연구언백만의싸량이다.
p38_u25,p38,ce_invisible,롤링맵은고성능기수를양산모델을반형이아서연구개발잇검중하는사람이다.
p38_u26,p38,taps,"롤링레말엔 2는앤보렌주에첫번째일,이지반은 95면 5 촬영이다."
p38_u26,p38,ce,롤링에빠엔이는앤하라니까.
p38_u26,p38,ce_s40,롤링빠엔이는앤바.
p38_u26,p38,ce_s80,롤링빠엔이는앤바론사랑해.
p38_u26,p38,ce_s160,롤링빠엔엔.
p38_u26,p38,taps_s80,롤링레말엔 2는앤보렌주에첫번째일지애이집안은고성은자량이다.
p38_u26,p38,taps_s160,롤링레말엔 2 2는앤보맨주의에첫번째일지애이집안은고거성우차량이다.
p38_u26,p38,ce_visible,롤링빠엔이는앤하라니까.
p38_u26,p38,ce_invisible,"롤링레말엔 2는앤보렌주에첫번째일,이지반은 95면 5 촬영이다."
p38_u27,p38,taps,정비차가지인한의대를극복하는방안을연구하기위해만들어졌으며백칙어하트전부터 27호화트후리어터를정작겠다.
p38_u27,p38,ce,여기다한계를꼭가는병원을연구하기위해만들어줬졸든못타 2000키로왔으면못하를당했겠다.
p38_u27,p38,ce_s40,여기다한계를꼭파는병원을연구하기위해만들어줬기로왔을때결론부터 270 왔으면못하를당했겠다.
p38_u27,p38,ce_s80,여기다한계를꼭가는병원을연구하기위해만들어졌으면백육백오이백제색들을왔을뿌려서부터를정답겠다.
p38_u27,p38,ce_s160,여기다한계를가는병원에연구하기위해만들어줬기를왔을때결론부터 270  들어왔으면고터를정답겠다.
p38_u27,p38,taps_s80,정기차가지인한의대를극복하는방안을연구하기위해만들어졌으면백일씩은모터와 270kg 후레어모터를정작겠다.
p38_u27,p38,taps_s160,정비차가지인한의대를극복하는방안을연구하기위해만들어졌며 120키로하트전부터모터와 270kg 후레어모터를정작겠다.
p38_u27,p38,ce_visible,여기다한계를구복하는그거는연구하기위해만들어줬결론부터 27로왔을뿌리는것들을더.
p38_u27,p38,ce_invisible,정비차가지인한의대를극복하는방안을연구하기위해만들어졌으며백칙어하트전부터 27호화트후리어터를정작겠다.
p38_u28,p38,taps,또하나의롤링하는색의정신을수하이브  정리하라이거
p38_u28,p38,ce,또하나에롤링이하는꼬입백원백조의정했고만그또하이브고정능력이다.
p38_u28,p38,ce_s40,또하나에롤링이하는꼬입백원백정도만그또하이브이드고성능이다.
p38_u28,p38,ce_s80,또하나에롤링이하는꼬입백원백정도였지만그또하이브이드고성능이다.
p38_u28,p38,ce_s160,또하나에올리면에전기하는꼬입백퍼센배정주행보면또하이그고성능배송이다.
p38_u28,p38,taps_s80,또하나에롤링하는진에보면하이브정리가
p38_u28,p38,taps_s160,또하나의롤링미션은백퍼센트의정진에그만수하이브흥미사람이다.
p38_u28,p38,ce_visible,또하나에롤링이하는꼬입백원백정도였지만그또하이브고정능력이다.
p38_u28,p38,ce_invisible,또하나의롤링하는색의정신을수하이브  정리하라이거
p38_u29,p38,taps,우리나라한옥에우주성을널리알리기에올해도대한민국한옥공모전이걸린다.
p38_u29,p38,ce,우리나라한옥걔웃겼던걸레알레긴데올해도대한민국한옥녀열린다.
p38_u29,p38,ce_s40,우리나라한옥걔웃겼던걸널리알리긴해올해도대한민국한옥녀열린다.
p38_u29,p38,ce_s80,우리나라한옥걔웃겼던걸  멀리알리긴해올해도대한민국한옥녀열린다.
p38_u29,p38,ce_s160,우리나라한옥걔웃겼던걸널리알리긴해올해도대한민국한옥더니열린다.
p38_u29,p38,taps_s80,우리나라한옥에웃을널리알리기이래. 올해도대한민국한옥공모전이걸린다.
p38_u29,p38,taps_s160,우리나라한옥에우기성을널리알리기일해. 올해도대학국한옥공모전이걸린다.
p38_u29,p38,ce_visible,우리나라한옥걔웃겼던걸레알레긴데올해도대한민국한옥녀열린다.
p38_u29,p38,ce_invisible,우리나라한옥에우주성을널리알리기에올해도대한민국한옥공모전이걸린다.
p38_u30,p38,taps,"복도극동부는한옥에우수상에발고라고해놓은발전가능성을무색하기에 2차내실이대학이고, 한옥공모전을배치한다고식구일다컸다."
p38_u30,p38,ce,목도금부는한옥에우도에발거라고새로운발전가능성을모두에미터 ECD 외함고간혹한다고 F1 밟혔다.
p38_u30,p38,ce_s40,목도금부는한옥에우뚝상을발거라고새로운발전가능성을모두외 20 왜합리국간혹준비한다고 F1 밟혔다.
p38_u30,p38,ce_s80,목도금부는한옥에우수상에발거라고새로운발전가능반응성을무역하고왜인터넷이왜합리국간혹교재한다고찌고릴밟혔다.
p38_u30,p38,ce_s160,목도금부는한옥에우뚝병하고헤롱은발전가능반응방을모두외딴식비왜합량고빠르게급수한다고찌고릴밟혔다.
p38_u30,p38,taps_s80,"복도극동부는한옥에우수수당에발고라고해로운발전가능성을무색하기에 2차례식이대학이고, 한옥공모전을구체한다고식구에밝혔다."
p38_u30,p38,taps_s160,복도극동부는한옥에우수상에발고라고해로운발전가능성을무색하기에 2차례식이대량이고한옥공모전을구체한다고식구일익혔다.
p38_u30,p38,ce_visible,목도금부는한옥에우도에발거라고새로운발전가능성을모두에미터 ECD 외함고간혹한다고 F1 밟혔다.
p38_u30,p38,ce_invisible,"복도극동부는한옥에우수상에발고라고해놓은발전가능성을무색하기에 2차내실이대학이고, 한옥공모전을배치한다고식구일다컸다."
p38_u31,p38,taps,올해로시지에제받는한옥은자야지한옥을찾아. 국민에게알리고한옥에대한다양한아이디어를발로는해서다.
p38_u31,p38,ce,올해로시비할때만든한옥마는에이여튼한옥마웅진하게알리구한옥에대한다양한아이디어를발라봐.
p38_u31,p38,ce_s40,올해로시비할때만든한옥마는에이여튼한옥을사자국민대게알루고한옥에대한다양한아이디어를발라봐.
p38_u31,p38,ce_s80,올해로시비할때만든한옥마는에이여튼한옥을사자국민대게알루고한옥에대한다양한아이디어를발라봐.
p38_u31,p38,ce_s160,올해로시비할때맞는한옥마는에이여튼한옥마웅진하게알리구한옥에대한다양한아이디어를발로하늘어봐.
p38_u31,p38,taps_s80,올해로시지에제받는한옥은잘지어진한옥을찾아국민대게알리고한옥에대한다양한아이디어를발굴하는행허다.
p38_u31,p38,taps_s160,올해로시지에제받는한옥은자얘지어진한옥을찾아. 국민에게알리고한옥에대한다양한아이디어를발굴하는행허다.
p38_u31,p38,ce_visible,올해로시비할때만든한옥마는에이여튼한옥마웅진하게알리구한옥에대한다양한아이디어를발라봐.
p38_u31,p38,ce_invisible,올해로시지에제받는한옥은자야지한옥을찾아. 국민에게알리고한옥에대한다양한아이디어를발로는해서다.
p38_u32,p38,taps,95점은중공된한옥대학생이대학원생대상이설비한옥사실영상이든메기부분으로나눠진행한다.
p38_u32,p38,ce,공모전은중공된화나업종은대학원내강빼고한업종영상네개뿐만으로나눠진행한다.
p38_u32,p38,ce_s40,공모전은중공된화나업종은대학원내방에한업일영상병네개뿐만으로나눠진행한다.
p38_u32,p38,ce_s80,공모전은중공된한높고내학생이대학원땡배당학비한업일영장병네개뿐만으로나눠진행한다.
p38_u32,p38,ce_s160,공모전은중공된한높게한업종영등병네개뿐만으로나눠진행한다.
p38_u32,p38,taps_s80,95점은중공된한업데대학생이대학원생대상이설비한억사실영상이든메기부원으로나눠진행한다.
p38_u32,p38,taps_s160,95점은중공된한업대학생이대학원생대상이설비한업사실영상이든메기봉운으로나눠진행한다.
p38_u32,p38,ce_visible,공모전은중공된화나업종은대학원내강빼고한업종명으로나눠진행한다.
p38_u32,p38,ce_invisible,95점은중공된한옥대학생이대학원생대상이설비한옥사실영상이든 4개부분으로나눠진행한다.
p38_u33,p38,taps,"중고는중고 3년이경과한옥을대상으로해장한옥에건축, 설계자시공자가응모할수있다."
p38_u33,p38,ce,전공공부는주인공한이연관한옥을대상으로해당한옥에건축쪽일계좌찍으면은할수있다.
p38_u33,p38,ce_s40,전공공부는연관한옥을대상으로해당한옥에건축쪽일계좌찍으면은운반할수있다.
p38_u33,p38,ce_s80,전공공부는한연이연관한옥의매장으로해당한옥에건축쪽할게다찍어다가응구할수있다.
p38_u33,p38,ce_s160,전공공부는전공을한잔이연관한옥을대상으로해당한옥에건축쪽일계좌꽁짜다연구할수있다.
p38_u33,p38,taps_s80,"중고는중고, 3년이경과한옥을대상으로해장한옥에건축, 철계자시공자가응모할수있다."
p38_u33,p38,taps_s160,"중고고무는중고, 3년이경과한옥을대상으로회장한옥에건축, 할게자시공자가운반할수있다."
p38_u33,p38,ce_visible,전공공부는주인공한이연관한옥을예정으로해당한옥에건축쪽일계좌찍으면은할수있다.
p38_u33,p38,ce_invisible,"중고는중고 3년이경과한옥을대상으로해장한옥에건축, 설계자시공자가응모할수있다."
p38_u34,p38,taps,그동안최근 5년이내지어진한옥을대상으로했으나이지관리등이우선한옥을선정하기위해중고한회에간과한산업으로응모기준을바꿨다.
p38_u34,p38,ce,그동안최근 5년일해여학은한옥을사오래했구나유비관리들이의견한호현정하기위해중국한양대한옥으로바꿨다.
p38_u34,p38,ce_s40,그동안최근 5년일해여튼한옥을사오래했구나유비관리들이의견한 5분정도하면한옥으로의무기준으로바꿨다.
p38_u34,p38,ce_s80,그동안최근 5년일해여든한옥을돌정을했구나유비관리들이의견한호현정하기위해중국한의공간한옥으로의혹기준으로바꿨다.
p38_u34,p38,ce_s160,그동안최근 5년일해한옥으로했구나유비관리비의견한옥이유해중국한의공간한옥으로의혹기준으로바꿨다.
p38_u34,p38,taps_s80,그동안최근 5년이내시여진한옥을대상으로했으나이지관리등이의견한옥을선정하기위해중고로사내에관광산업으로의무기준을바꿨다.
p38_u34,p38,taps_s160,그동안최근 5년이내지어진한옥을대상으로했으나이지관리등이우수한억을선정하기위해중고판매한산업으로의무기준을바꿨다.
p38_u34,p38,ce_visible,그동안  작은년이네한오레스나유비관리들이의견한호환경하기위해중국한양대한옥으로바꿨다.
p38_u34,p38,ce_invisible,그동안최근 5년이내지어진한옥을대상으로했으나이지관리등이우선한옥을선정하기위해중고한회에간과한산업으로응모기준을바꿨다.
p38_u35,p38,taps,대학생대학원생이설계공모전은티엠아개인사계고응모할수있으면올해공모주느마노만들기다.
p38_u35,p38,ce,대학생때나하고굉장히싸게공모전은왜나인대학교를응모할수있으면오래응모둘때는마음을품을한옥만들기다.
p38_u35,p38,ce_s40,대학생때나하고되게싸게공모전은왜나인대학교로운반할수있으면올해응모둘때는마음을품은한옥마을기다.
p38_u35,p38,ce_s80,대학생때나원싸게공모전은왜나백인대학교로운반할수있으면오래응모둘때는마음을품은한옥마을기다.
p38_u35,p38,ce_s160,대학다니는게나거든요대학교응모할수있으면오래응모둘때는마음의꿈은한옥마을이다.
p38_u35,p38,taps_s80,대학생대학원생기공모전은혜인아베인사계고응모할수있으면올해공모주느다음에한옥만들기다.
p38_u35,p38,taps_s160,대학생대학원생이살기공모전은티나개인사계고응모할수있으면올해공모주는마음은한옥마만들기다.
p38_u35,p38,ce_visible,대학생때나하고굉장히싸게공모전은왜나인대학교를응모할수있으면오래응모둘때는마음을품을한옥만들기다.
p38_u35,p38,ce_invisible,대학생대학원생이설계공모전은티엠아개인사계고응모할수있으면올해공모주느마마음에품은한옥만들기다.
p38_u36,p38,taps,이번주제에짐은우리한옥에누구에마을어떤마음을담아야할지생각해보는거있다.
p38_u36,p38,ce,이번주내면우리해놓고누구의마음은어떤마음을담아야할생각해보는거없다.
p38_u36,p38,ce_s40,이번주내면우리화농그누구의마음은어떤마음을담아야할생각해보는거없다.
p38_u36,p38,ce_s80,이번주내면우리화는그에누구에마음어떤마음을담아야할지생각해보는거없다.
p38_u36,p38,ce_s160,이번주내면우리화농에누구에마음은어떤마음을담아야할생각해보는거없다.
p38_u36,p38,taps_s80,이번주제에짐은우리한옥에누구에마음어떤마음을담아야할지생각해보는거있어.
p38_u36,p38,taps_s160,이번주제에짐은우리한옥에누구에마음어떤마음을잡아야할지생각해보는거있다.
p38_u36,p38,ce_visible,이번주내면우리해놓고누구의마음은어떤마음을담아야할생각해보는거없다.
p38_u36,p38,ce_invisible,이번주제에신은우리한옥에누구에마을어떤마음을담아야할지생각해보는거있다.
p38_u37,p38,taps,차생과영상보면은특정한고모주제갖고한옥의아름다운과가치를독창적인시각으로감아낸작품을뽑을예정이다.
p38_u37,p38,ce,짜증과영상보면은뜨마는국무줄없고암흑에아름다운과왔지독평적인비극으로다마랜작품을뽑을래봐.
p38_u37,p38,ce_s40,짜증과영상보면은뜨거주제가없고에노게아름다운과왔지를녹천적인비극으로다만의작품을뽑을예정봐.
p38_u37,p38,ce_s80,짜증과영상보면은뜨거주제가없고에노게아름다운과맞쓰독평적인비극으로다만의작품을뽑을예정봐.
p38_u37,p38,ce_s160,사진과영상보면은뜨거운공무줄없고한옥에아름다운과맞제를독평적인비극으로다만의작품을뽑을예정봐.
p38_u37,p38,taps_s80,차생과영상보면은특정한고모주제가없고한옥에아름다운과가치를독창적인시각으로감아낸작품을뽑을예정이다.
p38_u37,p38,taps_s160,차생과영상보면은특정한고모주제가없고한옥에아름다운과가치를독창적인시각으로담아낸작품을뽑을예정이다.
p38_u37,p38,ce_visible,짜증과영상보면은뜨거운공무줄없고암흑에아름다운과왓쓰레독평적인비극으로다마랜작품을뽑을래봐.
p38_u37,p38,ce_invisible,차생과영상보면은특정한고모주제갖고한옥의아름다운과가치를독창적인시각으로감아낸작품을뽑을예정이다.
p38_u38,p38,taps,"작품적수는 8월 1일부터 2일까지이틀간진행하면 1, 2차신사를거쳐. 9월초, 해종당첨자을지한다고."
p38_u38,p38,ce,"작품갑분은한 1일부터 2일까지일관일행하면 1, 2달가까월회병강사한다."
p38_u38,p38,ce_s40,"그니까는하루 1일부터일까지이일간구해하면 1, 2달가까월중"
p38_u38,p38,ce_s80,학부는한 1일부터일까지이일간구해하면 1달월정
p38_u38,p38,ce_s160,적금갚는다 1일부터 2일까지일주일간진행하면 1위걷어회장방가게발표한다.
p38_u38,p38,taps_s80,"작품적수는 8월 1일부터 2일까지이틀간진행하면 1, 2차신사를거쳐. 9월초, 해종당선작업을배웠지언덕"
p38_u38,p38,taps_s160,"작품적수는 8월 1일부터 2일까지이틀간진행하면 1, 2차신사를거쳐. 9월초, 회종당선작업을해주"
p38_u38,p38,ce_visible,갑분은한 1일부터 2일까지일관일행하면 1달부터월초회병강사한다.
p38_u38,p38,ce_invisible,"작품적수는 8월 1일부터 2일까지이틀간진행하면 1, 2차신사를거쳐. 9월초, 해종당첨자을지한다고."
p38_u39,p38,taps,고모자체는참아방법은자세할상황은대한민국한번공모전홈페이지를동해파견할수있다.
p38_u39,p38,ce,왜음답방법은알사람은대한민국연동이동해확인할수있다.
p38_u39,p38,ce_s40,왜쭝국알바하는사람은대한민국동해확인할수있다.
p38_u39,p38,ce_s80,왜찜닭방법은아비한사람은대한민국수넣기를동해확인할수있다.
p38_u39,p38,ce_s160,왜인가방법은아비한사람은대한민국전형초에동해확인할수있다.
p38_u39,p38,taps_s80,고모채워방법은자세할상황은대한민국한노공모전홈페이지를동해파견할수있다.
p38_u39,p38,taps_s160,고모채워다방법은자세할상황은대한민국한노공모전홈페이지를동해파견을쓰겠다.
p38_u39,p38,ce_visible,왜음답방법은알사람은대한민국연동이동해확인할수있다.
p38_u39,p38,ce_invisible,고모자체는이창호방법은자세할상황은대한민국한번공모전홈페이지를동해파견할수있다.
p38_u40,p38,taps,"이태원헬로이아까사고로다시 6년이사망하고 150명이부상당한곳으로 31일, 오전 4시 3 4"
p38_u40,p38,ce,육천헬로이아까백자 16년이가능하고 150명이부당한것으로한 10일오전네시한네잊게됐다.
p38_u40,p38,ce_s40,육천헬로이아까집유명해하고 150명이부장당한것으로한 1250 네시네비랬다.
p38_u40,p38,ce_s80,육전헬로이나왔다하고백다 16 명이가능하고 150명이부장당한것으로한 10일오전네시일내수있게됐다.
p38_u40,p38,ce_s160,육천헬로이아까백사십육명이구강하고 150명이부장당한것으로한 10일오전네시한네잊고
p38_u40,p38,taps_s80,"이태원헬로이아까사고로사실 6년이사망하고 150명이부상당한곳으로 31일, 오전 4시 3 4"
p38_u40,p38,taps_s160,"이피어는헬로이아까사고로그니까 6년이사망하고 150명이부상당한곳으로 31일, 오전 4시 3 4"
p38_u40,p38,ce_visible,육천헬로이아까백자 16년이가능하고 150명이부당한것으로한 10일오전네시한네잊게됐다.
p38_u40,p38,ce_invisible,"이태원헬로이아까사고로다시 6년이사망하고 150명이부상당한곳으로 31일, 오전 4시 3 4"
p38_u41,p38,taps,수상은 30일오전 4시 5분꽤현장구리킹을동해니가 3시에 4시를공식발표했다.
p38_u41,p38,ce,그방청은삼십일오전네시오분께한장구리중에동에누가  일주일에싸.
p38_u41,p38,ce_s40,그방청은삼십일오전네시 5분께한장브릿중에동에누가  일주일에발전했다.
p38_u41,p38,ce_s80,그방청은 30일오전네시 5분께한장부리또에누가  일주일낄사실을공식발전했다.
p38_u41,p38,ce_s160,후방삼십일오전네시 5분께한장부리또에누가  일주일낄수를움직발전했다.
p38_u41,p38,taps_s80,수방송은 30일오전 4시 5분뒤에현장구리킹을동해니가 3시에서 4시를공식발표했다.
p38_u41,p38,taps_s160,수상은 30일오전 4시 5분뒤에현장부리또에니가 1시에사실을공식발표했다.
p38_u41,p38,ce_visible,그방청은삼십일오전네시오분께한장구리중에동에누가  일주일에발전했다.
p38_u41,p38,ce_invisible,수상은 30일오전 4시 5분꽤현장구리킹을동해니가 3시에 4시를공식발표했다.
p38_u42,p38,taps,3학년 146명이 6위 11 됐고현장에서앉을사망자체는 45병이다.
p38_u42,p38,ce,한명 6 명 1명은명원으로입으면됐고딴데는다안땡하면은 5명이다.
p38_u42,p38,ce_s40,한명다백삼십육명일명은명언으로입학됐고현장에서안된사람보다는사실오명
p38_u42,p38,ce_s80,한명까지 6 명 1명은명언으로입학됐고현장에서안땡겨 5 명이다.
p38_u42,p38,ce_s160,한방사백삼십육명일명은명언으로입학됐고현대사안땡길 5명이다.
p38_u42,p38,taps_s80,"3학년 6명이 62100원으로 2종됐고, 현장에서앉을사망사는 45명이다."
p38_u42,p38,taps_s160,"3학년 146명이중에 6인되1 0인병원으로인성늦고, 현장에서앉을 3학년을 45병이다."
p38_u42,p38,ce_visible,한명 6 명 1명은명원으로입으면됐고옛날에다안땡하면은 5명이다.
p38_u42,p38,ce_invisible,3학년 146명이 6위 11 됐고현장에서앉을사망자체는 45병이다.
p38_u43,p38,taps,일을 3엉자드에인시로인글원으로과목적실내체익간에앉다가병원영원실로이송된의심이다.
p38_u43,p38,ce,예를사람들인식을원으로암흑돼지  있다가영원영원실로입공되는중이다.
p38_u43,p38,ce_s40,예를사람들인근원요로암흑돼요까내안쓰겠다가영원영원줄로입공되는중이다.
p38_u43,p38,ce_s80,예를사람들인배는원으로암흑돼요까내앉다가영원영원실로입공되는중이다.
p38_u43,p38,ce_s160,예를사람들은자들은인기로인그는원으로암흑끌레쪽까지안뺐다가영원영원줄로입공되는중이다.
p38_u43,p38,taps_s80,이를사망자체를인식으로인글원으로과목적실내체육관에앉을다가병원영원실로이송된의심이다.
p38_u43,p38,taps_s160,이를사망제를인식으로인글원으로과목적신뢰체익가냐에앉으셨다가병원영원실로이송된이다.
p38_u43,p38,ce_visible,예를사람들인배는원어로암흑끌레쪽까지있다가영원영원실로입공되는중이다.
p38_u43,p38,ce_invisible,일을 3엉자드에인시로인글원으로과목적실내체익간에앉다가병원영원실로이송된의심이다.
p38_u44,p38,taps,에어를입은사상사들은서울각지병원일인임시인근이루서들을받고있는상황으로인명히는더늘어날것으로보인다.
p38_u44,p38,ce,예를입은사당들은아무리쓰음급위에서들을받고있는상황으로인명세는더욱늘어날것으로보인다.
p38_u44,p38,ce_s40,예를입은사당사들은아무리병원일수인구이래서들을받고있는상황으로인명세는더욱늘어날것으로보인다.
p38_u44,p38,ce_s80,예를입은사당들은아무리병원일수인구이래서들을받고있는상황으로인명세는더늘어날것으로보인다.
p38_u44,p38,ce_s160,예를입은사장사들은아무리인수인구이래서뼈를박고있는상황으로인병쌤은어늘어날곳으로보인다.
p38_u44,p38,taps_s80,희애를입은사정사들은서울각지병원입임시인근이루수해서들을받고있는상황으로인명시에는더늘어날것으로보인다.
p38_u44,p38,taps_s160,"희애를입은사정사들은서울각지병원입시, 인근이루시에서받고있는상황으로인명히는더늘어날것으로보인다."
p38_u44,p38,ce_visible,예를입은사당들은아무리인수인구이래서들을받고있는상황으로인명세는더욱늘어날것으로보인다.
p38_u44,p38,ce_invisible,에어를입은사상사들은서울각지병원일인임시인근이루수해서들을받고있는상황으로인명히는더늘어날것으로보인다.
p38_u45,p38,taps,수방구은이테어에서골라낸현재학재했었는데나는신고를 22분현장에
p38_u45,p38,ce,호박당부분이태원에서꼬꾸라현재가발생했다라는친구를줬어이날오고열시이시이분쯤현장에도착했다고.
p38_u45,p38,ce_s40,호박당국은이때문에서꿀람현장발등했다나는친구를이날오구열시이시이분현장.
p38_u45,p38,ce_s80,호박당국은이때문에호꿀로현재가발등했다구옛날 5분 10시이시이분현장에서
p38_u45,p38,ce_s160,호박당국은이태원에서꼬꾸라현재가발생했다나는친구를쳤어니날오고열시이시이분현장에서.
p38_u45,p38,taps_s80,소방산국은이테어에서호꾸로현재하고발생했다는친구를이시이문현장에도착했다고.
p38_u45,p38,taps_s160,"수방구은이테월해서골라, 현재학재했다는신고를접근 102분현장에도착했다고"
p38_u45,p38,ce_visible,호박당부분이태원에서꼬꾸라현재가발생했다라는친구를줬어이날오고열시이시이분쯤현장에도착했다고.
p38_u45,p38,ce_invisible,수방구은이테어에서골라낸현재학재했었는데나는신고를 22분현장에
p38_u46,p38,taps,"최성범서울용산, 수방서장은 1, 2, 3, 4위결과특이사양은없었다라고갈켰다."
p38_u46,p38,ce,해당은서울농산후방사장은일삼수백을하는벌거야수입상은없었다라고발켰다.
p38_u46,p38,ce_s40,"해당은서울농산후방사장은 1, 3을하니벌거야. 생위산건없었다라고발켰다."
p38_u46,p38,ce_s80,세상방은서울농산후방사장은일산회관이벌거야흥미사랑은없었다라고발켰다.
p38_u46,p38,ce_s160,세상범서울농산후방거장은일삼사백을하는벌거야승리사상은없었다라고발컸다.
p38_u46,p38,taps_s80,"최성범서울용산, 수방서장은 1, 2, 3차색을한이결과특이사은없었다라고갈켰다."
p38_u46,p38,taps_s160,"최성범서울용산, 수방서장은 1, 2, 3, 4니결과특이사은없었다라고갈켰다."
p38_u46,p38,ce_visible,해당은서울농산후방거장은일삼수백을하는벌거야수입상은없었다라고발켰다.
p38_u46,p38,ce_invisible,"최성범서울용산, 수방서장은 1, 2, 3, 4위결과특이사양은없었다라고갈켰다."
p38_u47,p38,taps,"구성자 3형자대자수가클럽주변에서발성하면서서성당국을추가적으로클럽주변에서 3, 4회가저세계일진행이겠다."
p38_u47,p38,ce,우리경제가소방사배달을거야클럽주변에서발성해서가방국은추가적으로클럽주변에서삼백얼터테이크는있다.
p38_u47,p38,ce_s40,외국애가뜨방돼봤을거야클럽주변에서발성해서가방국은추가적으로클럽주변에서한사이가쎄겠다.
p38_u47,p38,ce_s80,혼자해방테배바그바클럽에서발성하는거소방구에추가적으로클럽주변에서삼사백청사이클이있다.
p38_u47,p38,ce_s160,무상과후방자다가클럽주변에서발성하는거소방구에추가적으로클럽주변에서 3 사이가 1분에있다.
p38_u47,p38,taps_s80,"부상자가 3형자라구클럽주변에서관점에서서강단국을추가적으로클럽주변에서 3, 4회가되게일찍"
p38_u47,p38,taps_s160,"구성자 3형자대전은클럽주변에서발생하면서서강단국을추가적으로클럽기준에서 3, 4회걸되게진행이겠다."
p38_u47,p38,ce_visible,우리경제가소방사배달을거야클럽주변에서발성해서가방국은추가적으로클럽주변에서한사이가테이크는있다.
p38_u47,p38,ce_invisible,"구성자 3형자대자수가클럽주변에서발성하면서서성당국을추가적으로클럽주변에서 3, 4회가저세계일진행이겠다."
p38_u48,p38,taps,최일단용산이경찰서형사과정은마약여부에대해확인된바없다고말했다.
p38_u48,p38,ce,왜일단영단이영산병과장은마약여부에대해확인된바없다고말했다.
p38_u48,p38,ce_s40,왜일단영장경찰과형사과장은마약여부에대해확인된바없다고말했다.
p38_u48,p38,ce_s80,왜일단영산이경찰과형사과장은마약여부에대해확인된바없다고말했다.
p38_u48,p38,ce_s160,회일단영산이경찰과형사과장은마약여부에대해확인된바없다고말했다.
p38_u48,p38,taps_s80,최일단용산이경찰서형사과정은마약여부에대해확인된바없다고말했다.
p38_u48,p38,taps_s160,최일단용산이경찰서형사과정은마약여부에대해확인된바없다고말했떠.
p38_u48,p38,ce_visible,왜일단영단이영산병과장은마약여부에대해확인된바없다고말했다.
p38_u48,p38,ce_invisible,최일단용산이경찰서형사과정은마약여부에대해확인된바없다고말했다.
p38_u49,p38,taps,"수강구군 20분, 오후 10시 15분, 새초로사고상황을인지하고오후 10시 38분대인 1단계를발령돼요. 오후, 11시 50분대흥 3단계로학생했다."
p38_u49,p38,ce,소방구은 69일오후 10분하고인비하고 5 9 10단계를발령하테여오후 11시 50분있다.
p38_u49,p38,ce_s40,소방구은 5분하고인비하고 5 9 10단계를발령하테여오후 10분있다.
p38_u49,p38,ce_s80,그방국은육십오일오후 10분후방을입대하고 5 9 10단계를발령하께여오후 10분여행은.
p38_u49,p38,ce_s160,그방국은오후열글하고인제 5 9 10단계를발령하테여오후열시 50분비행기 7.
p38_u49,p38,taps_s80,"수강구군 29일, 오후 10시 15분최초로사고상황을인제오후, 10시 38분제일 1단계를발령인데오후, 11시 50분대흥 3단에서이러고그냥있다가"
p38_u49,p38,taps_s160,"수강구은 20, 5호 10시 15분, 회초로사고상황을오후 10시 38분제일 1단계를발령인데오후, 11시 50분대흥 3단에서이러고학생다고"
p38_u49,p38,ce_visible,소방구은 69일오후 10분하고인비하고 5 9 10단계를발령하테여오후 11시 50분있다.
p38_u49,p38,ce_invisible,"수강구군 20분, 오후 10시 15분, 새초로사고상황을인지하고오후 10시 38분대인 1단계를발령돼요. 오후, 11시 50분대흥 3단계로학생했다."
p38_u50,p38,taps,"글로벌한스트리밍플랙폼, 스포티파이에서그날 1년간한국이용자가가장사랑한아티스트는그룹방탄을선한담이었다."
p38_u50,p38,ce,유럽을그만끓이니랙랙뭐포령단한국내용가짱한아홉은그룹방안을다녔다.
p38_u50,p38,ce_s40,글로벌그면끓이슬랙뭐포용단한국내용되갖고아구있구는그룹방안을다녔다.
p38_u50,p38,ce_s80,유럽을그만쓰리니플랫폼꼬드예뻐일단 1년간한국대가가장빠랑은아구있구는그룹방패로다녔다.
p38_u50,p38,ce_s160,유럽을그만끓이니클래뻐 1년간한국백암악기방 8이었다.
p38_u50,p38,taps_s80,"글로벌한스트리밍플랙폼, 스포티파이에서그날 1년간한국이용자가가장사랑한아들이주는그룹방탄을선한담이었다."
p38_u50,p38,taps_s160,"글로벌한스트리밍플랫폼, 스포티파이에서그날 1년간한국이용자가가장사랑한아티스트는그룹방탄을선한담이었다."
p38_u50,p38,ce_visible,유럽을그만끓이니랙랙뭐포령단한국내용가짱한아홉은그룹방안을다녔다.
p38_u50,p38,ce_invisible,"글로벌한스트리밍플랙폼, 스포티파이에서그날 1년간한국이용자가가장사랑한아티스트는그룹방탄을선한담이었다."
p38_u51,p38,taps,후드파이는국내론칭하자마자지난에 2월 1일부터이달일까지해라트레이아잇신이를 7일날지었다.
p38_u51,p38,ce,OT 바에는국내론일주일맞아그다음에 2월 1일부터이달일까지해당쓰니아티스트였다.
p38_u51,p38,ce_s40,OT 파인애는국내론일주일맞아지나 6월 1일부터이달일까지해당쓰레기아트쓰리바이크였다.
p38_u51,p38,ce_s80,OT 바에는국내론일주일맞아그다음에 2월 1일부터이달일까지해당쓰레기아트쓰리바이크했다.
p38_u51,p38,ce_s160,OT 바에는국내론일주일맞아지나 6월 1일부터이달 1일까지해당 1위발포했다.
p38_u51,p38,taps_s80,후드파이는국내온킹이 1주일을맞아. 지난해 2월 1일부터 2월 1일까지해라트리아 2인 1 7일날갈까?
p38_u51,p38,taps_s160,포디파이는국내온칭일줄을맞아. 지난에 2월 1일부터이달일일까지해라트리아비니를 7일날갈까
p38_u51,p38,ce_visible,어떻게바이는국내론일주일맞아지나 6월 1일부터이달일까지해당아티스트였다.
p38_u51,p38,ce_invisible,후드파이는국내론칭하자마자지난에 2월 1일부터이달일까지해라트레이아잇신이를 7일날지었다.
p38_u52,p38,taps,1인 EPSA는아이유 3위는저스텐기어사회아리아라그런데 5일이핸들둥이였다.
p38_u52,p38,ce,미비어유미는아이유할인은더땡구아이위캔드 6년다.
p38_u52,p38,ce_s40,미비어유미네아이유아미는더땡구아이덴물이었다.
p38_u52,p38,ce_s80,미비어유미는아이유할인은더땡구아이 5일텐6이었다.
p38_u52,p38,ce_s160,미비어미니는아이유할인은더땡겨. 아휘아리아라그런데 5일텐류였다.
p38_u52,p38,taps_s80,1인 ETSHO 2인은아이유 3위는저스텐기어사회아리어라그런데 5위이캔들중에서
p38_u52,p38,taps_s160,1인 EPSA는아이유 3위는저스틴비버 4위아리어라그런데오이이 M떠.
p38_u52,p38,ce_visible,미비어유미는아이유할인은더땡구아이위캔드 6년다.
p38_u52,p38,ce_invisible,1인 EPSA는아이유 3위는저스텐기어사회아리아라그런데 5일이핸들둥이였다.
p38_u53,p38,taps,1년간한국미용자가가장많이돌연곡은 EPS에바토였다.
p38_u53,p38,ce,일년간한국무용단말이그런곡은아빠
p38_u53,p38,ce_s40,일년간한국무용단말이그런곡은육액고였다.
p38_u53,p38,ce_s80,일년간한국무용단말이그런곡은육백
p38_u53,p38,ce_s160,일년간한국무용단말이그런곡은육백어코였다.
p38_u53,p38,taps_s80,1년간한국미용자가가장많이돌연곡은 EPLC에버렸다.
p38_u53,p38,taps_s160,1년간한국미용자가가장많이돌은곡은 EPS에바돌았다.
p38_u53,p38,ce_visible,일년간한국무용단말이그런곡은아빠였다.
p38_u53,p38,ce_invisible,1년간한국미용자가가장많이돌연곡은 EPS에바토였다.
p38_u54,p38,taps,회사원팬안에다섯개나이름을올렸다.
p38_u54,p38,ce,헤라미그먼걘안해이비스곡을아퍼베나이브만올렸다.
p38_u54,p38,ce_s40,그뭐엔안해이  유투브이나이름만올렸다.
p38_u54,p38,ce_s80,헤라그래밍은엔안해이 1급을아퍼베나이브만올렸다.
p38_u54,p38,ce_s160,헤라그래밍은핸안해보군. 아버베나이라면올렸다.
p38_u54,p38,taps_s80,헤라스트리밍팬안에 ET나이름을올렸다.
p38_u54,p38,taps_s160,헤라스트리밍팬안에다섯개나이름을올렸다.
p38_u54,p38,ce_visible,헤라그래밍은엔안해 EP 곡을아퍼베나이브만올렸다.
p38_u54,p38,ce_invisible,회사원팬안에다섯개나이름을올렸다.
p38_u55,p38,taps,퍼분만아니라퍼미션뜯은이가 2위를다이나믹스가 5일을타지겠다.
p38_u55,p38,ce,바빠뿐만아니라퍼미먼트에스가이일을다이나마이드가 5일까.
p38_u55,p38,ce_s40,바빠뿐만아니라퍼미먼트에스가이미래마이드가오이겠다.
p38_u55,p38,ce_s80,바빠뿐만아니라퍼미먼트에스가이레바이트가 5일있다.
p38_u55,p38,ce_s160,바빠뿐만아니라퍼미먼트에스가이미래마이드가 5일있다.
p38_u55,p38,taps_s80,만아니라퍼미션드시가 2를다이나믹해가 5일을차지했다.
p38_u55,p38,taps_s160,버터뿐만아니라퍼미션뜯은이가 2위를다이나믹스가 5일을타지겠다.
p38_u55,p38,ce_visible,바빠뿐만아니라퍼미먼트에스가이일을다이나마이드가 5일할수있다.
p38_u55,p38,ce_invisible,퍼분만아니라퍼미션뜯은이가 2위를다이나믹스가 5일을타지겠다.
p38_u56,p38,taps,세계대금이홀드플레이법판마이너스고주원을 CG에올렸다.
p38_u56,p38,ce,그니까로벤홀더플레이어리그판마이버쓰오리마이크보드오늘찌음으로올렸다.
p38_u56,p38,ce_s40,그니까로벤홀더플레이어리그많마이웨이버튼 5위마이크보드오늘찌음으로올렸다.
p38_u56,p38,ce_s80,그니까로벤홀더플레이어리버풀마이버튼 5위마이크보드오늘찌그러울렀다.
p38_u56,p38,ce_s160,세계대록댄외국한마일리버스우이마이크보드오늘 EPL은올렸다.
p38_u56,p38,taps_s80,세계대코울드플레이법판마이버전이나의소보지원을 CG에올렸다.
p38_u56,p38,taps_s160,세계금목드플레이스나의소보지오늘 CG에올렸다.
p38_u56,p38,ce_visible,그니까로벤홀더플레이어리그판마이버튼 5위마이크보드오늘찌그 1분올렸다.
p38_u56,p38,ce_invisible,세계대금이홀드플레이법판마이너스고주원을 CG에올렸다.
p38_u57,p38,taps,"같은기간은세달테이한앨범은저스팅비뭐해, 여섯번째정규업체이었다."
p38_u57,p38,ce,가끔해가땡하앨범은어깨비뭐에여섯번때엉글어낄필요없다.
p38_u57,p38,ce_s40,같은그그므어깨비뭐에역교.
p38_u57,p38,ce_s80,같은그그에닝하네머근어깨비뭐에여섯번언급어낄필요없다.
p38_u57,p38,ce_s160,같은그믄어행비뭐에여섯번언급어깨비없다.
p38_u57,p38,taps_s80,같은기관세살때한앨범은여수튕기고에 6번출구 6시였다.
p38_u57,p38,taps_s160,"같은기가한세달세이한앨범은저스팅기뭐해, 여섯번째정규뭐여섯시였다."
p38_u57,p38,ce_visible,같은그해당땡하앨범은어깨비뭐에여섯번언급어깨비없다고.
p38_u57,p38,ce_invisible,"같은기간은세달테이한앨범은저스팅비뭐해, 여섯번째정규업체지었다."
p38_u58,p38,taps,예
p38_u58,p38,ce,유림은위낄매 5보다올맵을라미는윗왜.
p38_u58,p38,ce_s40,유림은위 1 59 라미네윗윗왜위에없다고.
p38_u58,p38,ce_s80,유리맵잇 1 59 라미는위낄왜위에없다고.
p38_u58,p38,ce_s160,유림이매 5보다더올맵은라미는위낄왜위에없다.
p38_u58,p38,taps_s80,예.
p38_u58,p38,taps_s160,예
p38_u58,p38,ce_visible,유림은미요구하고올맵을라미는윗왜위에없다고.
p38_u58,p38,ce_invisible,예
p38_u59,p38,taps,12억지. 12시에이윤에버로니사주겠다.
p38_u59,p38,ce,12월예유에버니하게.
p38_u59,p38,ce_s40,12억예이유했다.
p38_u59,p38,ce_s80,미역에원론이었다.
p38_u59,p38,ce_s160,12억에원론이었다.
p38_u59,p38,taps_s80,12억주위 BHC에이론이다시했다.
p38_u59,p38,taps_s160,12억지. BTS에이론해보께얼론이사지겠다.
p38_u59,p38,ce_visible,12월예유에버니하게.
p38_u59,p38,ce_invisible,12억지. 12시에이윤에버로니사주겠다.
p38_u60,p38,taps,전북경주시는 2021화되기전국패권도되게가성비에막을내렸다고막혔다.
p38_u60,p38,ce,행복전교신은육천이 12일화랑저기전국로돌까사람들이막을내렸다고말았다.
p38_u60,p38,ce_s40,행복경제시는 201 화랑저기전국껄끄러저기가성함이막을내렸다고느꼈다.
p38_u60,p38,ce_s80,행복전교생은육천이집이화랑저기전국껄끄러성함이막을내렸다고  있었다.
p38_u60,p38,ce_s160,행복전교신은유천이 12 화랑저기전국로교회가평양에막을내렸다고말혔다.
p38_u60,p38,taps_s80,전북경주시는 2021화되기전국태권도대회가성아후에막을내렸다고계셨다.
p38_u60,p38,taps_s160,전북경주시는 2021화라고되기전국태권도되게가성비에막을내렸다고막있었다.
p38_u60,p38,ce_visible,행복전교신은유천이 12 화랑저기전국로돌봐사람들이막을내렸다고말았다.
p38_u60,p38,ce_invisible,전북경주시는 2021화되기전국패권도되게가성비에막을내렸다고막혔다.
p38_u61,p38,taps,경비시태권도옆에가지난 10일과 11 이틀가난경주실내체육과를이번주영국에서한산명에선수되게정도있다.
p38_u61,p38,ce,영주실태권도가 11과 119에서많이본거같다.
p38_u61,p38,ce_s40,영균이태권도가 11 가라며이번주에는영국에서이하케많이본거같다.
p38_u61,p38,ce_s80,영균씨건데나는시비과 119에서이사람들도많이본거같다.
p38_u61,p38,ce_s160,영균이태권도가 11 아시비를이틀간영조실래요가르린이번주에는영국에서이쪽산림해서많이본거같다.
p38_u61,p38,taps_s80,경비시태권도옆에가주에지난 10일권 11 이틀가르정규실내체육관에서열린이번주에는영국에서입한산명의선수들이참가했다.
p38_u61,p38,taps_s160,경비시태권도옆에가주난 10일과 117 가라경주실내체육관에서이번에영국에서한산세명의선수들이참가했다.
p38_u61,p38,ce_visible,영주실태권도가 11과 119에서많이본거같다.
p38_u61,p38,ce_invisible,경비시태권도옆에가주난 10일과 11 이틀간정규실내체육과를이번주영국에서한산명에선수되게정도있다.
p38_u62,p38,taps,대성가자들은예선소별이부와원전상업원수를얻으며그동안을갈고다끊기면마음가선보였다.
p38_u62,p38,ce,예전과자들은예전조별리뭐야원당원서를봤으면그동안갈고다꾸는그냥마음과함부였다.
p38_u62,p38,ce_s40,예전과자들은예전조별로있고원담하트를맞추며그동안갈고다꾸는구경해마음과함부였다.
p38_u62,p38,ce_s80,예전과자들은예선조별로있고원담하트를맞추며그동안은갈고다그면마음깎였다.
p38_u62,p38,ce_s160,예전과자들은예선조별로원서를맞추며그동안갈고다끊고였다.
p38_u62,p38,taps_s80,매참가자들은예선소별이구와원전터마산트를얻으며그동안은갈고다끊기면마음가산부였다.
p38_u62,p38,taps_s160,대상가자들은예선소별이부와원전터마산트를넣지면그동안은갈고다끊기면마음가선보였다.
p38_u62,p38,ce_visible,예전과자들은예전조별로있고원장원스를맞추며그동안갈고다꾸는그냥마음과함부였다.
p38_u62,p38,ce_invisible,대성가자들은예선소별이부와원전상업원수를얻으며그동안은갈고다끊기면마음가선보였다.
p38_u63,p38,taps,"되게결과품새에서는국가대표세계태권도장품새에서는혈길잡이태권도장버르기에서는대구, 빈말일이태권구리각각정화부정을사겠다."
p38_u63,p38,ce,베개결과홈베이거는국가대표태권도장홈페에서는골자비패권도장버루기에서는배고입만그학과류각각종합운동을찾겠다.
p38_u63,p38,ce_s40,베개결과홈베이거는국가대표태권도장홈페에서는골다비태권도장버루기에서는외국인만교닭발우리바깥공을자주했다.
p38_u63,p38,ce_s80,베개결과홈베이거는국가대표회개패권도장홈베이거는꼴답이태권도장버루기에서는외국이각각종합운동을가지고있다.
p38_u63,p38,ce_s160,베개결과홈베이거는국가대표회배태권도장홈베이거는혈비다비태권도장버루기에서는외국인만비닭발우리각각경화부정을찾았다.
p38_u63,p38,taps_s80,되게결과품새에서는국가대표세계권도장품새에서는설계자비태권도장버르기에서는대국빈말일이태권구리각각정화부동을사겠다.
p38_u63,p38,taps_s160,되게결과품새에서는국가대표세계권도장품새에서는설계자비태권도장버르기에서는대구입만일이태권이각각정화부동을사겠다.
p38_u63,p38,ce_visible,베개결과꼼데에서는국가대표태권도장홈페에서는골다비패권도장버루기에서는배고김만우리각각저하보성을찾았다.
p38_u63,p38,ce_invisible,"되게결과품새에서는국가대표세계태권도장품새에서는혈길잡이태권도장버르기에서는대구, 빈말일이태권구리각각정화부동을사겠다."
p38_u64,p38,taps,올해되면은회계갖기에좋은외국인선수들도 5편에주목을끊었다.
p38_u64,p38,ce,올해외에는예그원외국에선수들도왔다.
p38_u64,p38,ce_s40,올해외에는예그원외국에외국을내먹을거같다.
p38_u64,p38,ce_s80,오랫는이렇게바예그원외국에선수들도왔다.
p38_u64,p38,ce_s160,올해되면은회계받예그원외국에선수들도왔다.
p38_u64,p38,taps_s80,올해제외에는회계갖기에도원외국에선수들도다섯판을끊었다.
p38_u64,p38,taps_s160,올해되면은회계갖기에좋은외국인선수들도다섯참예목을끊었다.
p38_u64,p38,ce_visible,올해외에는예그원외국에선수들도왔다.
p38_u64,p38,ce_invisible,올해되면은회계갖기에좋은외국인선수들도 5편에주목을끊었다.
p38_u65,p38,taps,"또대기모선수니성주를방문하면서기획의숙박업도, 수당도떼양의특수를 6이면지역경제활동이었다."
p38_u65,p38,ce,또여기만서울에서다니여기띠를방문하면서역에숙박업도빵을매일뜨거스를누리면위약금이도꽤오기로했다.
p38_u65,p38,ce_s40,또여기만서울에서다니여기병문안면서여기에쓰병이때안에뜨뜻을누리면위약금이도꽤오기로했다.
p38_u65,p38,ce_s80,또여기만서울에서다니여기병문안면서여기에쓰병어빵종류매안에파스를누리면위약금해도끓여도움이됐다.
p38_u65,p38,ce_s160,또여기까지니여기띠를방문하면서여기에쓰병에대한뜻을누리면위액대활동와이도르미했다.
p38_u65,p38,taps_s80,또대기모선수단이병재를방문하면서디엑에숙박업도와수당이떼안에석스를 6이면지역경제활동이었다.
p38_u65,p38,taps_s160,"또대기모선수니성주를방문하면서기획의숙박업도, 수당도떼안에석스를 6이면지역병재활성화에도큰도움이겠다."
p38_u65,p38,ce_visible,또여기만서울에서다니여기띠를방문하면서역에숙박업도빵을매일뜨거를누리면위약금이도꽤오기로했다.
p38_u65,p38,ce_invisible,"또대기모선수니성주를방문하면서기획의숙박업도, 수당도떼양의특수를 6이면지역경제활동이었다."
p38_u66,p38,taps,임오진경우지부시장은화랑대기전국태권도대회가전국을데피면은새폰도되로그명성을이어가길바란다고말써.
p38_u66,p38,ce,유모때명국이주무시장은파란색이전국태권도에가영국을좋지만은패권도제대로그명성을이어갈다고.
p38_u66,p38,ce_s40,명국이주무시장은파란색이중국패권도에가영국을좋으면은백번도제대로그명성을이어가길바란다고막
p38_u66,p38,ce_s80,유모된명국이무료수병은빨항색이중국패권도를가영국을존재환은백번도제대로그명성을이력하길바란다고막
p38_u66,p38,ce_s160,유모된명국이무료수병은화장실이전국태권도영국의전투환은태권도제대로그명성을이력하게바한다고.
p38_u66,p38,taps_s80,임오진경우주시부후시장은화랑대기전국태권도대회가전국을대표하는새폰도되로그명성을이어가길바란다고말았다.
p38_u66,p38,taps_s160,임오진경우주시부후시장은하량식이전국태권도대회가전국을대표하는새폰도대회로그명성을이어각을바란다고.
p38_u66,p38,ce_visible,유모때명국이주무시장은파란색이중국패권으로들어가고그명성을이어갈다고.
p38_u66,p38,ce_invisible,임오진경우지부시장은화랑대기전국태권도대회가전국을데피면은새폰도되로그명성을이어가길바란다고말써.
p38_u67,p38,taps,1학경주시태권도협회비전국태권도되기가태권도의발전해. 일반적으로하겠다고
p38_u67,p38,ce,요교실이백번협회레면파란데기영국발권도배우니까건더의발전을위발노력하겠다고안되겠다.
p38_u67,p38,ce_s40,요교실백건조협회레면빨강배기영국발권도열리니까백번더에발전에미발으로노력하겠다고안되겠다.
p38_u67,p38,ce_s80,요교실이백번협회레면빨강배기영국발권도형외과나백번더에발전에미발으로노력하겠다고안되겠다.
p38_u67,p38,ce_s160,영교시건협회비랑베이영국빡걸로돌릴까나백번더에발전에이발자도로유럽하겠다고안되겠다.
p38_u67,p38,taps_s80,락주시태권도협회되면화랑대기전국태권도되기가태권도의반전에이번주로해야겠다고강조했다.
p38_u67,p38,taps_s160,1학기태권도협회. 화랑대기전국태권도되기가태권도에반전에이번에따고
p38_u67,p38,ce_visible,요교실이백번협회레면파란데기영국발권도배우니까건더의발전을위발노력하겠다고안되겠다.
p38_u67,p38,ce_invisible,1학경주시태권도협회비전국태권도되기가태권도의발전해. 일반적으로하겠다고
p38_u68,p38,taps,한국좌석에관리공사가국민으로부터이제개선을요청받는이제정비요청레를도입한다.
p38_u68,p38,ce,한국바닷에관릴공자가국민으로부터의대공사를요청받는의대전기요정제를받는다.
p38_u68,p38,ce_s40,한국바닷에관릴공자가국민으로부터의대공사를요청받는의대전기요정제를받는다.
p38_u68,p38,ce_s80,한국바닷에관릴공바국민으로부터의대공사를요청받는의대전기요정대를판다.
p38_u68,p38,ce_s160,한국바닷에발리공사가국민으로부터의대공사를요청받는의대전기요정제를받는다.
p38_u68,p38,taps_s80,한국좌석에관리공사가국민으로부터이제개선을요청받는이제정비요청레를도입한다.
p38_u68,p38,taps_s160,한국좌석에관리공사가국민으로부터이제결산을요청받는이제정비요청대를도입한다.
p38_u68,p38,ce_visible,한국바닷에관릴공자가국민으로부터의대공사를요청받는의대전기요정제를받는다.
p38_u68,p38,ce_invisible,한국좌석에관리공사가국민으로부터이제개선을요청받는이제정비요청레를도입한다.
p38_u69,p38,taps,20이 2일 2020이면 1차내기주재평이원회를넣었다고발겼다.
p38_u69,p38,ce,62면 1 아외국매백 3연회를넣었다고긁었다.
p38_u69,p38,ce_s40,625일이천이십이면일아외교육에학생임원회를넣었다고읽었다.
p38_u69,p38,ce_s80,22일 20이면 1 아네비매백 3년회를넣었다고읽었다.
p38_u69,p38,ce_s160,22일 20이면 1 아네비매백 3년회를넣었다고읽었다.
p38_u69,p38,taps_s80,22일 2022년 1차외부에평생이연해를내었다고발겼다.
p38_u69,p38,taps_s160,22일 2020이면 1차내기주재평이원회를넣었다고발겼
p38_u69,p38,ce_visible,62면 1 아외국매백 3연회를넣었다고긁었다.
p38_u69,p38,ce_invisible,20이 2일 2020이면 1차내기주재평이원회를넣었다고발겼다.
p38_u70,p38,taps,"이요네는불합리한기계를벗어나고국민에게불편해끼쳐지는요소들을발급해소하는둥에기계는또신의하기 2회, 이차이진발"
p38_u70,p38,ce,유아네는우람미야끼를고생하고은근하게요소들을발굴활성화는데아무튼왜이딴맥준거는발꼈다.
p38_u70,p38,ce_s40,유아네는우람기대를에선하고은미네개꿀빨삐끗하는둥행그학생방하나는아무튼왜이딴맥심장이발있었고.
p38_u70,p38,ce_s80,유아네는우람미약기대를에서 B쁠수있는요소들을바이굴활성화는몇명있는규정역된방하나는아무튼.
p38_u70,p38,ce_s160,유아네는라미드를벗어나고은근하게불편해삐끗하는둥행배경혁된학이외입고는바이똑같겠다.
p38_u70,p38,taps_s80,이요네는불합리한기계를벗어나고국민에게불편해끼쳐있는요소들을발급해송하는둥에기대했던방을또희미하기위해이탈리신경발급됐다.
p38_u70,p38,taps_s160,이어내는불합리한기계를벗어나고국민에게불편해끼쳐있는요소들을발급을해소하는둥성인의기계핵인병원은또신의하기위해이탈신약.
p38_u70,p38,ce_visible,유아네는우람미야끼를고생하고은근하게요소들을발굴활성화는데아무튼최악인위에인터넷빈다는발급됐다.
p38_u70,p38,ce_invisible,"이요네는불합리한기계를벗어나고국민에게불편해끼쳐지는요소들을발급해소하는둥에기계는또신의하기 2회, 이차이진발"
p38_u71,p38,taps,이건이어내에서는국민누구나해서커내기유연잘못되거나구입을한이재개그를요정할수있는기계정비요정돼서신사를했다.
p38_u71,p38,ce,이건년에그거는국민누구나빼고나일주일에은류때문을요청할수있는유대정리요청대를빼가기로했다.
p38_u71,p38,ce_s40,이건  연애에서는국민누구나빼고나일주일에몇종일수있는의대정리요청대를빼가기로했다.
p38_u71,p38,ce_s80,이건유연해그거는국민누구나빼고나육체되면그때배구를요청할수있는의대정리요청대를빼가라그랬다.
p38_u71,p38,ce_s160,이건유연해에서는국민누구나해놓고잘못되거나  일주일에은율재를요청할수있는의대정리요정제를쓸라그랬다.
p38_u71,p38,taps_s80,이건이원에서는국민누구나해서내기유잘못되거나구입을한이재개그는요정할수있는이디야정리요정돼서신사를했다.
p38_u71,p38,taps_s160,이건이어내에서는국민누구나해서내기준잘못되거나구입을한이재개그요정할수있는기계정비요정돼신사를했다.
p38_u71,p38,ce_visible,이건  연애에서는국민누구나빼고나일주일에은류재를요청할수있는유대정리요청대를쓸까라그랬다.
p38_u71,p38,ce_invisible,이건이어내에서는국민누구나해서커내기유연잘못되거나구입을한이재개그를요정할수있는기계정비요정돼서신사를했다.
p38_u72,p38,taps,테이크는국민요청사항에대해굴티로한기계여부신사고업무교산등에조지를취할  암튼이다.
p38_u72,p38,ce,그니까는국민요정싸움이되면물질을하니까그게여부실하고업무쪽사람들방청이다.
p38_u72,p38,ce_s40,그니까는국민요정사항에대해물질을하니까그게여부실하고업무쪽사람들뺄방종이다.
p38_u72,p38,ce_s80,그니까는국민요정상에물질을한그게여부실하고업무쪽사람들방청이다.
p38_u72,p38,ce_s160,그니까는국민요청사항에대해물질을하니까그게여보시도하고업무쪽에고추를빼야방충이다.
p38_u72,p38,taps_s80,테이프는국민요청성에대해물티를한기계여부신사고업무교산층의조치를취할  암튼이다.
p38_u72,p38,taps_s160,탱크는국민요청성에대해불티를한기계여부신사고업무교산승의조지를취할  암튼킹이다.
p38_u72,p38,ce_visible,그니까는국민요정싸움이되면물질을여부실하고업무쪽사람들방청이다.
p38_u72,p38,ce_invisible,테이크는국민요청사항에대해굴티로한기계여부신사고업무교산등에조지를취할  암튼이다.
p38_u73,p38,taps,제도면올해학원이싱예능회계고홈페이지에서요청이사형은없을예정이다.
p38_u73,p38,ce,예전에올해쎈예점이여행공 1 예뻐요정상을접수받을예정이다.
p38_u73,p38,ce_s40,그래도올해한 20 몇명이요그니까요청을업스받을예정이다.
p38_u73,p38,ce_s80,오래한일행정이요행군일예뻐 6평업그레이드.
p38_u73,p38,ce_s160,그래도오래한일생예정이면일예서요청을업스받을예정이다.
p38_u73,p38,taps_s80,그러면올해학원이중요해지에서요청이상은없앨예정이다.
p38_u73,p38,taps_s160,"그러면올해학원이싱영회고테이지에서요청이상은없어, 예정이다."
p38_u73,p38,ce_visible,예전에올해쎈예점이여행공 1 예뻐요정상을접수받을예정이다.
p38_u73,p38,ce_invisible,제도면올해학원이싱예능회계고홈페이지에서요청이사형은없을예정이다.
p38_u74,p38,taps,또해익은국민이 CD하고행할수있도록전세사업때문에미는업무신성사든사실하실이기를일과정비하기로했다.
p38_u74,p38,ce,너그니까국민이씨피야뽀글할수있도록연습은난모행정소든일일정비하기로했다.
p38_u74,p38,ce_s40,너그니까국민이 sb에뽀글할수있도록원플러스아부분에유난업무원실었음일과일정비하기로했다.
p38_u74,p38,ce_s80,너그니까국민이 CPA야뽀글할수있도록원플러스아웃보문에이나노무실나오든할수일과일정비하기로했다.
p38_u74,p38,ce_s160,너그니까국민이 sb에꽁령할수있도록연습은난업무쪽은일과일정비하기로했다.
p38_u74,p38,taps_s80,또회의거는? 국민이 CD하고회의할수있도록전세사업때문에미는업무신성사든사실하실이기를일과에정비하기로했다.
p38_u74,p38,taps_s160,또해이거는국민이 CD하고행할수있도록전세사업분에미는모신성사든사실확실히사실이게를일괄정비하기로했다.
p38_u74,p38,ce_visible,너그니까국민이씨피야뽀글이할수있도록연습은난모행정소든일과일정비하기로했다.
p38_u74,p38,ce_invisible,또해익은국민이 CD하고행할수있도록전세사업때문에미는업무신성사든사실하실이기를일과정비하기로했다.
p38_u75,p38,taps,국민이서류제출던개에서업무철이 2위제이설처신청해그유리한제도밑위상황등을미리할수있도록도끼위에서다.
p38_u75,p38,ce,용인이퍼류먼제출던개에서어모쪽이니인위적인데그유비한터선유입장면을미약직도로높지위에써.
p38_u75,p38,ce_s40,용인이서류제를더군게해서어모저느니인위적인데그유비한터선유미빠에미할도록비위소다.
p38_u75,p38,ce_s80,용민이꺼르제를더군게해서어모저린이미미대 1종이나교회미디한그래서유유빵정을미약주로굽히위에서딱.
p38_u75,p38,ce_s160,용민이꺼르제르게해서어모리임의절차협상이래그 ED한적유입장면위약금다.
p38_u75,p38,taps_s80,국민이서류제출던개에서업무철이이재기절차신청해유리한제도밑위상황등을미리할수있도록도끼위에서다.
p38_u75,p38,taps_s160,국민이서류제틀단계에서업무철이이재기결차신청해그유리한제도미 2위상황등을미리할수있도록도끼위에서다.
p38_u75,p38,ce_visible,용인이퍼류먼제출던개에서어모쪽이니인위적인데그유비한터선유입장면을미약직도로높지위에써.
p38_u75,p38,ce_invisible,국민이서류제출던개에서업무철이이재기설처신청해그유리한제도밑위상황등을미리할수있도록도끼위에서다.
p38_u76,p38,taps,테이컨은이번이연에서올해 3월토익한이제영영 3까지전담지에운영상을공유하기도했다.
p38_u76,p38,ce,이번위원에서올해 3월말이제영양평가를본다음에운영평가를운영을했다.
p38_u76,p38,ce_s40,이번위원에서올해 3월말이제영양평가를본다음에운영평가를운영을했다.
p38_u76,p38,ce_s80,생고는이번엔올해 3월말이제영양평가를본다음에운영평가를운영을했다.
p38_u76,p38,ce_s160,생고는이번위원에서올해 3월이제영어성과를본다음에운영평가를운행학교를했다.
p38_u76,p38,taps_s80,이번이연애에서올해 3월토익이게영영상과전담지에운영상과를공유하기도했다.
p38_u76,p38,taps_s160,테이컨은이번이연에서올해 3월이제영영상까지전담에운영상과를공유하기도했다.
p38_u76,p38,ce_visible,이번위원에서올해 3월말이제영어성과를간담에운영평가를운영을했다.
p38_u76,p38,ce_invisible,테이컨은이번이연에서올해 3월토익한이제영영 3까지전담지에운영상을공유하기도했다.
p38_u77,p38,taps,"전담대는매기신사와비제이영상과를윤리하는방으로기존동일직원의신사, 1장과동시그다음에 B 제사약화돼계산할수보다"
p38_u77,p38,ce,전담때는내기준사를불리한방안으로이전동일직원에쇼하게뜨니까음쓰레기딸은유제일나이약하단배부다.
p38_u77,p38,ce_s40,전담때는내기준에서손가를분리하는방안으로이전동일직원에쇼당이뜨니까일때쓰다가약하단배부다.
p38_u77,p38,ce_s80,전담때는내기준에서일대영양성과를분리하는방안으로이전동일직원에  중간에약하
p38_u77,p38,ce_s160,전담때는내교수님이나와유대영양정과를분리하는병원으로미련동의를찍어내겠다는의대쓴다약하단
p38_u77,p38,taps_s80,"전담대는내기신사와비제이영상과를윤리하는방으로기존동일직원의신사, 1 평가동시그다음에새해에딸은 BJ 혜사약하계산할수보다"
p38_u77,p38,taps_s160,"전담되는매기신사와비제이영상과를밀리아는방원으로비전동1 직원의신사, 1 평가동시그다음에새해에다를 BJ 혜사약화배우에대해선할수보다"
p38_u77,p38,ce_visible,전담대는내기준에서영양평가를불리한방안으로이전동일직원에심장이좋다쓰레기다은의대쓴다약하단배부다.
p38_u77,p38,ce_invisible,"전담대는매기신사와비제이영상과를윤리하는방으로기존동일직원의신사, 1장과동시그다음에 B 제사약화돼서할수보다"
p38_u78,p38,taps,울산은 8월부터상수고질적인해라해라대한영시단속을진행한다고구해켰다.
p38_u78,p38,ce,우리딸때는오일  모르겠는데난오늘빨리영지한 6월쯤에간다고 5일권탔다.
p38_u78,p38,ce_s40,우리딸때는오일저기내가오늘빨리영지단그거쯤에간다고 5일걸렸다.
p38_u78,p38,ce_s80,우리딸때는모델  머긴빠랑에내가오늘빨리영지한두달쯤에간다고 5일걸렸다.
p38_u78,p38,ce_s160,우리딸때는우울여긴빠랑에내가오늘빨리영지나는그거일쯤에간다고 5일뻔했다.
p38_u78,p38,taps_s80,울산은부터산수적인해라사랑해라영시단속을진행한다고 95 탔다.
p38_u78,p38,taps_s160,울산은사실적인혜라해라해야되는시단수진행한다고
p38_u78,p38,ce_visible,우리딸때는오일  모르겠는데난오늘빨리영지한 6월쯤에간다고 5일권었다.
p38_u78,p38,ce_invisible,울산은 8월부터상수고질적인해라해라대한영시단속을진행한다고 9일가이켰다.
p38_u79,p38,taps,신은태국식단량으로구성된위치국은합도단속반의팬성에단속해서간다.
p38_u79,p38,ce,맨유구한명으로구성되는지의합병을빼는단톡에들어간다.
p38_u79,p38,ce_s40,맨애매한명으로구성되는지의분합동을받는단계들어간다.
p38_u79,p38,ce_s80,맨애매한명으로무덤에우군학동단독반을받는단계들어간다.
p38_u79,p38,ce_s160,맨엠무단명으로구성되는지의군학동전속바를까들어간다.
p38_u79,p38,taps_s80,"신은세무구원, 13으로구성되는 c, 9, 합도단속반의편성이단속해서간다."
p38_u79,p38,taps_s160,"신은세무구원, 13으로무서움된지구군, 학도단속반의편성이단속해서들어간다."
p38_u79,p38,ce_visible,맨유구한명으로구성되는지의합병을깔면단속해들어간다.
p38_u79,p38,ce_invisible,신은태국식단량으로구성된위치국은합도단속반의팬성에단속해서간다.
p38_u80,p38,taps,영출의성을자동차를 2에이상이  졸업한사람꼴로는촬영관련카트를한 100만원이상은새로판사정이다.
p38_u80,p38,ce,아 2배이상할려나
p38_u80,p38,ce_s40,2일입은한양
p38_u80,p38,ce_s80,2일입은한양
p38_u80,p38,ce_s160,잉까 2백한만원이상
p38_u80,p38,taps_s80,영실에서자동차를 2에이상이세갚한사람과사형갈라는카트를한 100만원이상은새로판사정.
p38_u80,p38,taps_s160,연출에서는자동차를 2에이상이셋업한사람과는촬영관련이환생만원이상은세랍한사장있어.
p38_u80,p38,ce_visible,2일입은한양
p38_u80,p38,ce_invisible,영출의성을자동차를 2에이상이  졸업한사람꼴로는촬영관련카트를한 100만원이상은새로판사정이다.
p38_u81,p38,taps,이번단속부터자체는본업하는영시도를처음으로갈게신양기초간호판에장착한사장에대해줘도반수를버린다.
p38_u81,p38,ce,이번연도에약간영재짱무거네그냥일전공을양쪽은화장해도된다.
p38_u81,p38,ce_s40,맨앞자리를억울해그냥이전공을양쪽은화장해줘한소금을버린다.
p38_u81,p38,ce_s80,이번연도에그냥전공에양쪽은화장을걸린다.
p38_u81,p38,ce_s160,이번연도영양일전공
p38_u81,p38,taps_s80,신은이번단속부터자체는본업한영시도를처음으로바르게실이랑이천오간호판에장착한사장에대해줘도반속을버린다.
p38_u81,p38,taps_s160,이번단속자체는본업한영처음으로갈게신형과는항상사장에보내줘도반수를버린다.
p38_u81,p38,ce_visible,이번야전공에양쪽화장을거린다.
p38_u81,p38,ce_invisible,이번단속부터자체는본업하는영시도를처음으로갈게신양기초간호판에장착한사장에대해줘도반수를버린다.
p38_u82,p38,taps,"이준자동차에달린전공하는볼들풀면번호판을영치할수있지만, 비전공번업하는볼데가없어. 번호판을뗄수있대 0찌도다찌한거사."
p38_u82,p38,ce,이자동차에갈린전공은올뚜를풀면어느영수할수있지만이전공판은올드가없어어느바를때빼입도록영구를받테무조건넣.
p38_u82,p38,ce_s40,이자동차에갈린전공은올바르면원호를영재할수있드만이전공판은올드가없어어느바를때빼입도록영기도구를받때.
p38_u82,p38,ce_s80,이동자동차에갈린전공은올바를풀면어느영수할수있지만이전공판은올드가없어어느바를때빼입도록영재도를받테무조건.
p38_u82,p38,ce_s160,이동자동차에갈린전공은올바르면원호를영재할수있지만이전공하는올드가없어어느바를때쓰이도록영재도를받때.
p38_u82,p38,taps_s80,"이준자동차에달린전공하는볼드를풀면번호판을영치할수있지만, 비전공번업하는볼드가없어. 번호판을  딸도록영치도구리같이등록한거다."
p38_u82,p38,taps_s160,"이준자동차에달린전공하는볼드를풀면번호판을영치할수있지만, 비전공건호파는볼드가없어. 번호판을때쓰이도록영치도구리자체를한걸사."
p38_u82,p38,ce_visible,이자동차에갈린전공은올뚜를풀면어느영수할수있지만이전공판은올드가없어어느바를때빼입도록영구를받테무조건.
p38_u82,p38,ce_invisible,"이준자동차에달린전공하는볼들풀면번호판을영치할수있지만, 비전공번업하는볼데가없어. 번호판을뗄수있대 0찌도다찌한거사."
p38_u83,p38,taps,강원쌤은코론할고로이내에어렴을겪는새해최악여행나에경우해놨더분위에분얀납동에저기서
p38_u83,p38,ce,아마세엔결혼할구론이네어려울경나에경우해놨분의왕문화의나쁘내용을적용할방법이다.
p38_u83,p38,ce_s40,나머지세코러나구론이네어려울경나에경우해놨분유의왕문화의나쁘내용을적용할빵집이다.
p38_u83,p38,ce_s80,나머지세는코르론이네어려울경나에경우해놨군요왕분할납부들을적용할빵집니다.
p38_u83,p38,ce_s160,아마코러나구론이네어려울경나에경우해놨으니까그날  나쁘경을왕십니다.
p38_u83,p38,taps_s80,강원씨는코로나일구로이내에어렴을겪는새해행최합나에경우해나본위에문화의어떤구동에저기해본적이다.
p38_u83,p38,taps_s160,강원신는코론할고로이내에어렴을겪는새해최악나에경우해놨더분위에  문화의업무중에저긴이다.
p38_u83,p38,ce_visible,아마세엔결혼할구론이네어려울경나에경우해놨분의왕문화의나쁘내용을적용할방법이다.
p38_u83,p38,ce_invisible,강원쌤은코론할고로이내에어렴을겪는새해최악여행나에경우해놨더분위에분얀납동에저기서
p38_u84,p38,taps,우선시관계자면고질적인최악사랑에대해공매적은강략한증소활동을버리겠다면최하에최소화를이해노력하겠다고말했다.
p38_u84,p38,ce,의견이관계자네모질적인냐당해도왜은맥쪽은약간응정해농활버리겠다면애최종을왜그렇게.
p38_u84,p38,ce_s40,의견이반갑게자네어딜적인버릇이었다며옛날유해노력했다고말까.
p38_u84,p38,ce_s80,의경관계자네모질적인뼈담에도왜은맥쪽은약간농동활동을버르겠다면매최종을유해노력했다고말까.
p38_u84,p38,ce_s160,의경이관계자네옷일적인냐당해도왜우매쪽은약간응까말까르겠다면애행동하를왜노력하겠다고말았다.
p38_u84,p38,taps_s80,우선시경에서는고질적인쾌락사장에대해공백쪽은광렉한중소활동을버리겠다면이나최소화를이해노력하겠다고말까
p38_u84,p38,taps_s160,우선시관계자는고질적인락사장에대해곰에  적은강략한증소활동을버리겠다면체력에최소화를이해노력하겠다고말았다고
p38_u84,p38,ce_visible,의견이관계자네모질적인냐당해도왜은맥쪽은약간응정해농활버리겠다면애최종을왜그렇게.
p38_u84,p38,ce_invisible,우선시관계자면고질적인최악사랑에대해공매적은강략한증소활동을버리겠다면최하에최소화를이해노력하겠다고말했다.
p38_u85,p38,taps,3당이게하나헌도해정도환장도있다.
p38_u85,p38,ce,강남역요약들이  외국정나는함당게꼬막면역력한로육성에해병한정도됐다.
p38_u85,p38,ce_s40,강남역들이  외국정나는함당게빠르면역한도약 6병에회병깜장됐다.
p38_u85,p38,ce_s80,강남역들이웹꾸능력주고나는함당게빠르면역한도약 6병에회병원한정됐다.
p38_u85,p38,ce_s160,"강남역들이의외의능력주보다는함당게꼬막은용역, 한동고양 6병에회병원한정됐다."
p38_u85,p38,taps_s80,강남지역이공원에서한약한도에해당정도
p38_u85,p38,taps_s160,강남지역이구는 3단계현악예능력한달정도에해종삼성도있다.
p38_u85,p38,ce_visible,강남역요약들이  외국정나는함당게꼬막면역력한로육성에해병깜정됐다.
p38_u85,p38,ce_invisible,3당이게하나헌도해정도환장도있다.
p38_u86,p38,taps,"강남지역대학가에따르면경남대상원대인제내가링크 3.0 CU 맞춤성장해, 행사업에환장됐다."
p38_u86,p38,ce,영남대학교에빠르면 6남대청담대인재내가링크땀쩜영맛집을선호하고백정도됐나?
p38_u86,p38,ce_s40,용남역까지용남대청담대인재내가링크땀뚫영수료맞추면한번빼고
p38_u86,p38,ce_s80,용남역까지따르면인간대청담인재내가링크땀땀 0류맞으면똥그땀이한거사고빼고됐다.
p38_u86,p38,ce_s160,영남대학교에바르면인간대청담대인재내가링크땀떨영유맞추면형빼고
p38_u86,p38,taps_s80,"경남지역대학가에따르면경남대상원대인제내가링크 3.0 맞춤성장해, 행사업에환장됐다."
p38_u86,p38,taps_s160,"강남지역대학가에따르면경남대청원대인제내가링크 3.0 맞춤성장해, 행사업에환장됐다."
p38_u86,p38,ce_visible,영남이빠르면 6남대청담대인재내가링크땀쩜영맛집을선호하고백정도됐다.
p38_u86,p38,ce_invisible,"강남지역대학가에따르면경남대상원대인제내가링크 3.0 CU 맞춤성장해, 행사업에환장됐다."
p38_u87,p38,taps,일을 3개 22일까지 230억원에 92년밖에안
p38_u87,p38,ce,200개아은오늘이전이지 7년까지 6 학교배이백버건에국비백업끓인다.
p38_u87,p38,ce_s40,1월 7개오늘이다리 1년까지 6 학교면 2008원에국비백업끓인다.
p38_u87,p38,ce_s80,1월빼께오늘이달이지 7년까지 6 학교면이백팔십버원에 96병밖에안
p38_u87,p38,ce_s160,세대약은오늘이달이지 7년까지 6 학교배이백버건에국비백원밖에안다.
p38_u87,p38,taps_s80,일을 3개되는학교 21억원해서지원받게된다.
p38_u87,p38,taps_s160,1월 3일계획은 22일까지 2004원에지원받게된다.
p38_u87,p38,ce_visible,200개아은오늘이전이지 7년까지 6 학교배이백버건에국비백업끓인다.
p38_u87,p38,ce_invisible,일을 3개 22일까지 20045 만원에 92년밖에안
p38_u88,p38,taps,일을대학원현악사회악의동안기억감동계약동의한업계와미래사회비와인재영상에나온다.
p38_u88,p38,ce,미래대학교는현악현역동안역감동대학교열악동에현악배와미래파워에필요한인대양동은나돈다.
p38_u88,p38,ce_s40,미래대학교는현악현대백동안역담동배합교회라동에산업배우미래양동은나쁜
p38_u88,p38,ce_s80,미래도운은하현례가동안역감동대학교열악동안에한업계와미래파워에필요한인대양동은나군다.
p38_u88,p38,ce_s160,미래도한역감동대학교열악동안에현악배와미래파리양동이나군다.
p38_u88,p38,taps_s80,"일을대학원현악사회악의동안기억감동대학교동의한업계와미래사회, 필요와인재영상을나간다."
p38_u88,p38,taps_s160,"일을대학원현악사회악의동안기억감동개학비엘동의한업계와미래, 사회필요해인재영상에나온다."
p38_u88,p38,ce_visible,미래대학교는현악현역동안역감동대학교열악동에현악배와미래파워에필요한인대양동은나돈다.
p38_u88,p38,ce_invisible,일을대학원현악사회악의동안기억감동계약동의한업계와미래사회비와인재영상에나온다.
p38_u89,p38,taps,"강남대는한학기한현략베개를공고에다좋은디비디오바탕으로한학하나의저녁세계한학중형인재양성기업운영, 인력양정세개를구축해도얘기봐."
p38_u89,p38,ce,강남대는만약에현역이래공공이받으라고바탕으로한학기나양꼬병한학여인배양병역사보니블럭양동일수도있고애기다.
p38_u89,p38,ce_s40,강남대는한약이아니라약국에온거유비라바탕으로한학기나양악몇백명한학연대양병역사분이랑윤력양동이당
p38_u89,p38,ce_s80,강남대는한약이아니라약국에공고비압을받으러한학기나양악몇백명한학연대양병역사보니윤력양동일수도있고
p38_u89,p38,ce_s160,강남대는한약이아니라현역이래공공을받던거로한학기나양악몇병한학윤대양병역사보냐윤력양성 00이다.
p38_u89,p38,taps_s80,"강남대는한학기아님혈액세개를공고이다좋은디비디오바탕으로한학대학회계겸한학인형인재양성기업운영, 인여영상태개를구축해서얘기봐."
p38_u89,p38,taps_s160,"강남대는한학기한혈약세개를공고에다좋은디비과탐으로한학기나단약세계한학인형인재양성기업운영, 인력양정세개를구체적인얘기다."
p38_u89,p38,ce_visible,강남대는만약에바탕으로한학기나양꼬병한학연대양병역사보니블럭양동일수도있고.
p38_u89,p38,ce_invisible,"강남대는한학기한현략베개를공고에다좋은디비디오바탕으로한학하나의저녁세계한학중형인재양성기업운영, 인력양정세개를구축해도얘기봐."
p38_u90,p38,taps,학원되야인제도이런성과를바탕으로한약에헬게구축을강원한다.
p38_u90,p38,ce,학원내가윤대레드오가바탕으로 165 한다.
p38_u90,p38,ce_s40,하반대가윤대에도요즘성과를바탕으로만약에음력은다.
p38_u90,p38,ce_s80,학원내가인데도이런성과를바탕으로  만약에음력은다.
p38_u90,p38,ce_s160,학원비가인데도이번성과를바탕으로한약이한 165 한다.
p38_u90,p38,taps_s80,학원되야인제도이런성과를바탕으로한약에헬게구축을강화한다.
p38_u90,p38,taps_s160,학원되야인제도이론성과를바탕으로한약에헬구축을강화한다.
p38_u90,p38,ce_visible,학원내가윤대레드오이런성과를바탕으로 165 한다.
p38_u90,p38,ce_invisible,학원되야인제도기존성과를바탕으로한약에헬게구축을강원한다.
p38_u91,p38,taps,학식은경남대학교총은경남대가보이와인재와학생들이기업과기업이거나는새로운산악음에이래수있게그런다고그랬었어.
p38_u91,p38,ce,악백이강남대학교선정은강남대가보이와인재와학생비부류여아여배거나는새로운산악면회면역대비애를결배할수있길바란다고.
p38_u91,p38,ce_s40,학생이강남대학교선정은용남이가보이와인재와학생비역아역에거나는새로운회론사나  왜냐면비비례를별입길바란다고.
p38_u91,p38,ce_s80,학생이강남대학교선정은용남이가보이와인재와학생비역아역에거나는새로운회로사나면역배기래를에바있길바란다고.
p38_u91,p38,ce_s160,학생이강남대학교선정은강남대가보이한인재와학생비결이역아역이거나새로운산악  왜냐면배비례를별꺼입길바란다고볼것도
p38_u91,p38,taps_s80,그리고경남대학교총은경남대가보이거든. 인재와학생이기업과기업이거나는새로운산악인음에이래계실거라고봐.
p38_u91,p38,taps_s160,학생강남대학교총은경남대가보이와인재와학생이기업과기업에거나는새로운산악음에이래수있게저런다고그랬었어.
p38_u91,p38,ce_visible,악백이강남대학교선정은강남대가보이와인재와학생비부류여아여배거나는새로운산악면회면역대비대를볼수있길바란다고.
p38_u91,p38,ce_invisible,학식은경남대학교총은경남대가보이와인재와학생들이기업과기업이거나는새로운산악음에이래수있게저런다고그랬었어.
p38_u92,p38,taps,미국영화학전공과는한국사영화에서한번이영화
p38_u92,p38,ce,중국그영국이영어학부나전문과함께하는중국영화제작끝판에학번때가정인영화시나리오연수를연다.
p38_u92,p38,ce_s40,중국그연구정본이영화학부나전문과함께하는한국사영화대작끝판에학번때가정인영화시나리오연수를연다.
p38_u92,p38,ce_s80,중국그영국이영화학부나전문과함께하는중국교사영화대작끝판에학번때가정인영화시나리오연수를연다.
p38_u92,p38,ce_s160,중국그영국이영화학부나전문과목이라는한국여자영화제작극단에학번때가정인영화시나리오연수를연다.
p38_u92,p38,taps_s80,미국영화학연구한국영화
p38_u92,p38,taps_s160,영화한국영화
p38_u92,p38,ce_visible,중국그영국이영어학부나전문과함께하는한국사영화대작끝판에학번때가정인영화시나리오연수를연다.
p38_u92,p38,ce_invisible,미국영화학전공과는한국사영화에서한번이영화
p38_u93,p38,taps,"이번연수에서한국시나리오작가협회이가이어한국작가협회정액이 2인이정해 28에서 26까지 2호사, 22년을대상으로듣다해한다."
p38_u93,p38,ce,이번연도에서한국시나리오바역사에왕국이유미정도아빠가유니해서 66까지 65사 26명을배상으로앙을안다.
p38_u93,p38,ce_s40,이번연도에서한국시나리오바까요한국에왕국이유미앙까 ED해서 660까지요다 66명을배상으로빵을한다.
p38_u93,p38,ce_s80,이번연도에서한국말이옷바까요한국저가족들왕이유미브로바까봐여기빨에서 660까지요다 660으로빵을한다.
p38_u93,p38,ce_s160,이번연도에서한국시나리오바역사에왕국이유미브까봐여기빨에서 66까지 65사 26으로빵을한다.
p38_u93,p38,taps_s80,"이번연수에서한국시나리오작가협회이가이역한국작가정액이 2인이정이작가가 24일에서 26까지 2호사, 22년을대상으로특강을한다."
p38_u93,p38,taps_s160,"이번연수에서한국시나리오작가협회이가 2억한국저가협회, 정의원이 2인이정해 28에서 26까지 2호선, 22년을대상으로듣다해한다."
p38_u93,p38,ce_visible,이번연도에서한국시나리오바역사에왕국이유미정도아빠가유니해서 66까지 65사 26명을배상으로앙을안다.
p38_u93,p38,ce_invisible,"이번연수에서한국시나리오작가협회이가이어한국작가협회정액이 2인이정해 28에서 26까지 2호사, 22년을대상으로듣다해한다."
p38_u94,p38,taps,
p38_u94,p38,ce,아이디어발성과의암값플라리오적성쓸팍으로우동랜다.
p38_u94,p38,ce_s40,발성과의견같응까영화로의경.
p38_u94,p38,ce_s80,쿠팡은라리와이어발성과의견과배합은영화시라리어먹던휴식팩으로의경냈나?
p38_u94,p38,ce_s160,시나리오아이디어발성과의견과발음갑분아영화시나리오적성쓸팍으로우동랜다.
p38_u94,p38,taps_s80,
p38_u94,p38,taps_s160,뭔가
p38_u94,p38,ce_visible,시나리오아이디어발성과의암값옛날시나리오적성쓸팍으로우동랜다.
p38_u94,p38,ce_invisible,
p38_u95,p38,taps,음시나리작가의세계적인교육을중이영어교적 0명의강화기어렵다.
p38_u95,p38,ce,연구시나리닭가에세계적인교육을통해영화주작역량에강화유말하자.
p38_u95,p38,ce_s40,연구시나리닭가에세계적인교육을좀영화제작역량을강화유말하자.
p38_u95,p38,ce_s80,연구시나리학과에세계적인교육을영화제작영향을강화교육마른.
p38_u95,p38,ce_s160,한번시나리닭가에세계적인교육을하네영화제작영향을강화유말하자.
p38_u95,p38,taps_s80,음시나리학과에세계적인교육을통해. 영화표이런거.
p38_u95,p38,taps_s160,시나리작가의세계적인교육을통해. 영화표에강화기이런
p38_u95,p38,ce_visible,연구시나리닭가에세계적인교육을통해영화주작역량에강화유말을.
p38_u95,p38,ce_invisible,음시나리작가의세계적인교육을중이영어교적 0명의강화기어렵다.
p38_u96,p38,taps,"꼬나일곱산방비를위에교육부와함층, 아이스티타시 a, 에비테이프정비를하려면온오프라이, 동시립오찌렌든다."
p38_u96,p38,ce,꼬나일곱단을위에중국그명구동뭐 3층아이백화점한 55프라이농식비판주면된다.
p38_u96,p38,ce_s40,꼬나일곱단을위에중국그명부동뭐 3주아이에백팩유광주에만오온옷프라임 00다.
p38_u96,p38,ce_s80,꼬나일곱방비를위해한국영구정뭐 3층 A 할 A업완규만원오노프라임 07 업연구된다.
p38_u96,p38,ce_s160,꼬나일곱방비를위해한국영구정뭐 3층 A 할 A업완규만원오운오프라임농식비법규랑든다.
p38_u96,p38,taps_s80,"꼬나일곱앤방비를위에교육연구동부화, 3층, 아이스티타시레이디오, 정비를하려면온오프라이, 동시립밤로진행된다."
p38_u96,p38,taps_s160,"꼬나일곱산방비를위에해교육연구정부와함 3층, 아시티파트 a, 에비테이프티디오, 정비를하려면온오프라이, 동시디테일로진행된다."
p38_u96,p38,ce_visible,꼬나일곱단을위에중국그명구동뭐 3층아이백화점한 55프라이농식비판주면된다.
p38_u96,p38,ce_invisible,"꼬나일곱산방비를위에교육부와함층, 아이스티타시 a, 에비테이프정비를하려면온오프라이, 동시립오찌렌든다."
p38_u97,p38,taps,"영화시나리오를적으로 2화영화사운드파워, 영화영상문화, 영화촬영같은영화전문가는운영할때얘기다."
p38_u97,p38,ce,영화세라이브로영화영화다운드요? 아영화본아영화촬영같은경우도영화운영전문강원함께아는극장을운영할거얘기다.
p38_u97,p38,ce_s40,영화세마리오영화다운드아영화도영화운문가봐요.
p38_u97,p38,ce_s80,영화세마리오영화다운드아영화영상촬영같은경우도영화운영전문강원함께아닐까? 운영할분위기다.
p38_u97,p38,ce_s160,영화시라비앙로영화영화다운드아영화영상본어아영화도영화운영전문가아닐까?
p38_u97,p38,taps_s80,"영화시나리오를적으로 2화영화사운드파마, 영화영상문봐, 상황, 영화촬영가중형들영화학운영전문가아닐까운영하는그얘기다."
p38_u97,p38,taps_s160,"영화시나리오쪽으로 2화영화사운드파워, 영화영상문봐, 사와영화촬영도영화학운영전문가는운영할때얘기다."
p38_u97,p38,ce_visible,영화세라이브로영화영화다운드요? 아영화본어아영화보면영화운영전문강원함께아는극장을운영할거얘기다.
p38_u97,p38,ce_invisible,"영화시나리오를적으로 2화영화사운드파워, 영화영상문화, 영화촬영같은영화전문가는운영할때얘기다."
p38_u98,p38,taps,친구교육연구정보화는학교영화제작활동을위에하자는영화제작정비원서지원서를운운영하고있어. 학교영화제작에각급지원하고있다.
p38_u98,p38,ce,교육연구공부하는학교영화대답하라위에하다가는영화대작정비원법연합이운영하고있어학교영화대답을하고있다.
p38_u98,p38,ce_s40,교육연구공부하는학교영화대답하라위에찾아가는영화대작정비원법월드운영하고있어학교영화대답을가급지원하고있다.
p38_u98,p38,ce_s80,교육연구공부하는학교영화대답하라위에찾아가는영화대작정비원법이운영하고있다학교영화대작을각원하고있다.
p38_u98,p38,ce_s160,교육연구공부하는학교에영화대답하라위에찾아가는영화제작정비원법월급운영하고있어학교에영화대작에각각하고있다.
p38_u98,p38,taps_s80,친구교육연구정보화는학교영화제작활동을위에하자는영화제작정비원서지원서를운영하고있어. 학교영화제작을가끔지원하고있다.
p38_u98,p38,taps_s160,친구교육연구정보화는학교영화제작활성화를위에하자는영화제작정비원서지원서를운영하고있어학교에영화제작에각각지원하고있다.
p38_u98,p38,ce_visible,교육연구공부하는학교영화대답하라위에하다가는영화대작정비원법연합이운영하고있다학교영화대답을하고있다.
p38_u98,p38,ce_invisible,친구교육연구정보화는학교영화제작활동을위에하자는영화제작정비원서지원서를운운영하고있어. 학교영화제작에각급지원하고있다.
p38_u99,p38,taps,학교에서제작된영화는오늘 12월에열리는 3회페북영화들을동의관계에선보인다.
p38_u99,p38,ce,학교에서어떤영화는오늘삐월에열리는화면에중국그영화대로동해암결이왜판보인다.
p38_u99,p38,ce_s40,학교에서갔던영화는오늘삐월에열리는밤에중국그영화대로동해암결이왜평보인다.
p38_u99,p38,ce_s80,학교에서갔던영화는오늘삐월에열리는밤에중국여영화대령경이왜평보인다.
p38_u99,p38,ce_s160,학교에서대답한영화는오늘 12월에연리는하면중국요영화대로동해암결이왜평보인다.
p38_u99,p38,taps_s80,학교에서제작된영화는오늘 12월에열리는 3회초록불영화제를동의관계에선보인다.
p38_u99,p38,taps_s160,학교에서제작된영화는오늘 12월에열리는 3회페북영화들을동의관계에선보인다.
p38_u99,p38,ce_visible,학교에서어떤영화는오늘삐월에열리는화면에중국그영화대로동해암결이왜판보인다.
p38_u99,p38,ce_invisible,학교에서제작된영화는오늘 12월에열리는 3회페북영화들을동의관계에선보인다.
p41_u00,p41,taps,근권이여사는이집이흥미정상회담한인반찬이여행인국미징한복무관이서저바이든미국대통령을남편인서울대표님감게인접했다.
p41_u00,p41,ce,은건이여자는의구들이흥미정상회의남허국립중앙국립단에서아이는남편은속에서
p41_u00,p41,ce_s40,은건이여자는의구들이흥미정상회담한국남편이공립중앙동물단에서아이는남편은음성의영봐.
p41_u00,p41,ce_s80,은건이여자는의구들이흥미정상회의남허는여행이고국립중앙박복유단에서아이는외국영화남한음식이또있는지모르니까
p41_u00,p41,ce_s160,은근히여사는의구들이흥미정상회담이공립중앙박물관에서아이는미국영화남한음식이
p41_u00,p41,taps_s80,근권이여사는이집이흥미정상회담판차이여행인국미징한복무관이서조바이든미국대통령을남편인서울대표님감게인접했어.
p41_u00,p41,taps_s160,근권이여사는 20일흥미정상에담판임만찬이여행인국미층은복무관이서조바일은미국대통령을남편인서울대인간께임했어.
p41_u00,p41,ce_visible,은건이여자는의구들이흥미정상회의남허공간이열린국립중앙국립단이래. 아이난미국영화남편은어떤일이했다.
p41_u00,p41,ce_invisible,근권이여사는이집이흥미정상회담한인반찬이여행인국미징한복무관이서저바이든미국대통령을남편인서울대표님감게인접했다.
p41_u01,p41,taps,이날대통령시들등에따르면흰색투피스점장차리네. 올림머리를하고흰색장갑을낀몇하는반찬에대책한발든대텐연구악수하면단따라인쇄를  하겠다
p41_u01,p41,ce,옛날공기빠르면백수공장아니면올림거리를하고현금이입력하는한달정도하면한달노니까
p41_u01,p41,ce_s40,옛날몸에바르면나름올린거리로하고한글잇면하는거아며한살남에
p41_u01,p41,ce_s80,옛날몸에바르면나름의올림머리를하고현금을잇입력하는한달정도하면한달을남으니까
p41_u01,p41,ce_s160,옛날몸에바르면나름올림거리를하고현금을끊면안된다고하면한달인사를나니까
p41_u01,p41,taps_s80,이날대통령시들등에따르면흰색터피스정장차리네올린머리를하고흰색장갑을낀몇하는반장의대책하는바이든대텐연구악수하면반따라인쇄할낭있다.
p41_u01,p41,taps_s160,이날대통령실등에따르면흰색터피스정장차리면올린머리를하고흰색장갑을낀몇하는안산장에대책하는바이든대텐연구악수하면단따라인제따
p41_u01,p41,ce_visible,공이빠르면백당나름의올림픽머리를하고현금이입력하는한달정도하면한달노니까
p41_u01,p41,ce_invisible,이날대통령시들등에따르면흰색토피츠점장차리네. 올림머리를하고흰색장갑을낀몇하는반장의대책한발든대텐연구악수하면단따라인쇄를  하겠다
p41_u02,p41,taps,"김여사는인사후바이진대공영윤대 0엔과함께텀을갔네경춘사지식청값군축가금관청년, 4년명동공등적금을갈라했다."
p41_u02,p41,ce,음료수는인상아이근데공용인대공경과함께박물관데어군간한명반영명동공학부모관람했다.
p41_u02,p41,ce_s40,음료사는인사로아공용인대공경과함께박물관네병사복분기공간명동공학부모관람했다.
p41_u02,p41,ce_s80,인라는인상아인형인대공경가니까박물관데공간명동공학부모관람했다.
p41_u02,p41,ce_s160,임여가는인상이아이덴공용인형갖고박물관네병사공간한명명동공학부모관람했다.
p41_u02,p41,taps_s80,"김여사는인사후바이진대공영, 윤대 0엔과함께  동물감네경춘사지식청합과하난대통볶음좋다금청년, 4년명동공등작품을갈라했다."
p41_u02,p41,taps_s160,"김여사는인사후바이진대공용, 윤대통령과함께  동물같네경춘사지식청합과하우난대통볶음, 축하금청년, 4년, 명동공등작품을갈라했다."
p41_u02,p41,ce_visible,음료수는인상아이근데박물관데어공간한명한명명동공학부모관람했다.
p41_u02,p41,ce_invisible,"김여사는인사후바이진대공영윤대 0엔과함께텀을갔네경춘사지식청값군축가금관청년, 4년명동공등적금을갈라했다."
p41_u03,p41,taps,금여사는작품관람하무이어진공식현역안타는과외는삼숙하지않았다.
p41_u03,p41,ce,나는작품관람뭐이어지고공식한약만드는거는 300까지않았다.
p41_u03,p41,ce_s40,나는작품관람뭐이어지고공식한장많잖아. 3석까지않았다.
p41_u03,p41,ce_s80,나는작품관람뭐이어진공식한장많잖아. 삼성가지않았다.
p41_u03,p41,ce_s160,나는작품관람뭐이어진공식현역많잖아. 3석가지않았다.
p41_u03,p41,taps_s80,금여사는작품관람뭐이어진공식현역만찬다혜는산속하지않았다.
p41_u03,p41,taps_s160,금여사는작품관람하이어진공식현역많다생각하지않았다.
p41_u03,p41,ce_visible,나는작품관람뭐이어지고공식한약만드는거는 300까지않았다.
p41_u03,p41,ce_invisible,금여사는작품관람하무이어진공식현역안타는과외는삼숙하지않았다.
p41_u04,p41,taps,당초금여사는예교에있어암데칸오주위에나라든대통령이방하나는 2박 3일동안모습을들어내지않고진로한내조리할것으로잔방됐다.
p41_u04,p41,ce,평소이만한외국에있어. 알던대표와나는 2박 3일동안모습을쓰러내지않고내결혼을할것으로변망됐다고
p41_u04,p41,ce_s40,평소 2년안에외국에있어밝은대표와나는 2박 3일동안결혼해지않고그동안내결혼을할것으로변명됐다고
p41_u04,p41,ce_s80,나는외국에있어선나는 2박 3일동안그런애당 4개를할거래금방높다고
p41_u04,p41,ce_s160,나는외국에있어와나는 2박 3일동안내걸로할거래금방
p41_u04,p41,taps_s80,당초금여사는예교에있어음근데칸오주위에따라다이든대통령이방하나는 2박 3일동안모습을들어내지않고등록한내조리할것으로잔방됐다.
p41_u04,p41,taps_s160,당초금여사는예교에있어음약간사오주위에따라받은대통령이방하나는 2박 3일동안모습을들어내지않고근로한내조리할것으로잔방됐다.
p41_u04,p41,ce_visible,한국영화는외국에있어. 알던대표와나는 2박 3일동안 5내지않고내도할것으로변망됐더라구
p41_u04,p41,ce_invisible,당초금여사는예교에있어암데칸오주위에나라발든대통령이방하나는 2박 3일동안모습을들어내지않고딜로한내조리할것으로잔방됐다.
p41_u05,p41,taps,바이젠대통령이이번방학에서구인질다이며사와동행하지않았기때문인데이해증사도모습을저러내를것이랑반칙이기대적이었다.
p41_u05,p41,ce,아이근데언니이번방학에도안왔기때문인데그런애기얼굴이랑
p41_u05,p41,ce_s40,아이근데언니이번방학에도맞지않았기때문인데그런애교있고아니면
p41_u05,p41,ce_s80,아이근데언니이번방학에도왔지않았기때문인데이얘기하는거아니고
p41_u05,p41,ce_s160,아이근데언니이번방학에도있는줄바엔가봐농협맞지않았기때문인데이음료가그런애기어려워질한적이없다.
p41_u05,p41,taps_s80,바이젠테도이번방학에서구인질다이며사와동행하지않았기때문인데이해증사도모습을저런애열을것이랑반지기대적이겠다.
p41_u05,p41,taps_s160,바이젠제통  명이이번방학에서구인질다이며사와동행하지않았기때문인데이해증사도모습을저러내를것이랑반칙이기대적이었다.
p41_u05,p41,ce_visible,내꺼면은언니이번방학에도안왔기때문인데그런애교를가지러 198이었다.
p41_u05,p41,ce_invisible,바이젠대통령이이번방학에서구인질다이며사와동행하지않았기때문인데이해증사도모습을저러내를것이랑반칙이기대적이었다.
p41_u06,p41,taps,그러나비공식행사등을공해. 발든대통령에인사하는것을예의로벤단이날많단행사전에삼짝등강있다.
p41_u06,p41,ce,"그러나비공식훈사등록금다이든대표적인얘기인성하는것을예의로변단, 옛날에만두는거전에신경써."
p41_u06,p41,ce_s40,"그러나비공식공사돈을구해. 아이들대표적인얘기인성하는것을변단, 이날만천인사는안경있어."
p41_u06,p41,ce_s80,그러나비공식궁금한거아이들대표적인얘기인성하는것을얘기로변단을만드는과정에끊겨.
p41_u06,p41,ce_s160,그러나비공식하도대표적인것을예의로변단을만드는과정에은까인까
p41_u06,p41,taps_s80,그러나비공식행사등을공해. 하여튼대동형에인사하는것을예의로벤단이날에  많다는행사전에끔짝다.
p41_u06,p41,taps_s160,그러나비공식행사등을공해. 바이든대통령에인사하는것을예의로펜단이날에많던행사전에끔짝
p41_u06,p41,ce_visible,"그러나비공식훈사등록금다이든대표적인것을예의로변단, 이날만천원있어."
p41_u06,p41,ce_invisible,그러나비공식행사등을공해. 발든대통령에인사하는것을예의로벤단이날많단행사전에삼짝등강있다.
p41_u07,p41,taps,건강천전전에스틀러스자사론형회장이금인감동원대대심이위원에서진구정기처분을받았다.
p41_u07,p41,ce,빵빵언젠간열심히연극을받았지.
p41_u07,p41,ce_s40,응배역이당이너한테미리말았지.
p41_u07,p41,ce_s80,안방에은영이랑너한테이미받았다.
p41_u07,p41,ce_s160,앙방역이다보니음료원때이미연극원을받았다
p41_u07,p41,taps_s80,건강천전전에스틀러스자사론형회장이금인감동원되든심의위원에서진구정기처분을받았다.
p41_u07,p41,taps_s160,건강천전전에세트라스자사론형회장이금인감동원대드심이위원에서진구정기처분을받았다.
p41_u07,p41,ce_visible,빵빵언젠간열심히연극을받았지.
p41_u07,p41,ce_invisible,건강천전전에스틀러스자사론형회장이금인감동원대대심이위원에서진구정기처분을받았다.
p41_u08,p41,taps,시부의금융투잡기에따르면군가면은전날열린대제심이위원해서당근회장에대해직무정도와가드려부가등을결정했다.
p41_u08,p41,ce,금요후다면공감하면옛날열린그게훈이이어내야돼은근회당이돼흥미가뭐야?
p41_u08,p41,ce_s40,금요후다면공감하면옛날열린그게훈일이어내야돼은근회당이돼흥미가되는거
p41_u08,p41,ce_s80,금융보다공감하면옛날열린되게후유증이다보니뭐야이러고
p41_u08,p41,ce_s160,금융부다아니면공감하면옛날열린되게훈일이어내서앙금호당의내무정이뭐야
p41_u08,p41,taps_s80,시부의금융투잡에다르면군가면은전날열린대제심이위원회에서당근회장에대해직무정도와가태력부가된을결정했다.
p41_u08,p41,taps_s160,시부의금융투잡기에따르면군가면은전날열린대재심이위원해서당근회장에대해직무정도와가드려부가등을결정했다.
p41_u08,p41,ce_visible,"금요후다르면공감하면옛날열린그게훈이이어내야돼, 은근회당이돼흥미가뭐야?"
p41_u08,p41,ce_invisible,시부의금융투잡기에따르면군가면은전날열린대제심이위원해서당근회장에대해직무정도와가드려부가등을결정했다.
p41_u09,p41,taps,이모네대한동기는두적경고문책경고직무단기회인경고로는다닌다.
p41_u09,p41,ce,"이모네대한보기에는그의적경고, 문택경고, 중고전기회공고를만든다."
p41_u09,p41,ce_s40,"이모네대한보기에는의적, 문턱연고, 중고전기회원광고를만든다."
p41_u09,p41,ce_s80,"이모네대한기는의자경고, 문턱연고, 중고전기회공고를다닌다."
p41_u09,p41,ce_s160,"이모네대한의적경고, 문택경고, 중고전기회공고로다닌다."
p41_u09,p41,taps_s80,"이모네대한동기는두적경고문책견고, 직무동기, 회인경고로는다닌다."
p41_u09,p41,taps_s160,이모네대한기는두저경고문책경고직무단기해인경우론아닌데.
p41_u09,p41,ce_visible,"이모네대한보기에는의적경고, 문택경고, 중고전기회공고를만든다."
p41_u09,p41,ce_invisible,"이모네대한동기는두적경고문책경고직무동기, 회인경고로는다닌다."
p41_u10,p41,taps,친구전기에갱고성우사년간금융권임원취업이개한데는중긴게해당한다.
p41_u10,p41,ce,은구넘기고단역단금융권임원예비군들은중딩한다.
p41_u10,p41,ce_s40,은근안녕권임원예비군은공군개당안받
p41_u10,p41,ce_s80,은구넘기고안녕하십명이문예비군들은공군개다간다.
p41_u10,p41,ce_s160,"그리고한국영단, 임용단임원 TV는중딩해당한다."
p41_u10,p41,taps_s80,친구전기에갱고성우사년간금연건임원취업이개한데는중긴게해당한다.
p41_u10,p41,taps_s160,친구전기에걘뭐송어 4년간금연건임원취업이개한데는중긴게해당한다.
p41_u10,p41,ce_visible,은근했고단역단금융권임원예비군들은공군개당안받
p41_u10,p41,ce_invisible,친구전기에갱고성우사년간금융권임원취업이개한데는중긴게해당한다.
p41_u11,p41,taps,강점의나는한양두자기한지그럴수있다.
p41_u11,p41,ce,
p41_u11,p41,ce_s40,
p41_u11,p41,ce_s80,
p41_u11,p41,ce_s160,
p41_u11,p41,taps_s80,강점의나는현영주사요기보너스를되면안받겠다.
p41_u11,p41,taps_s160,강점의방은한양두를담당해서
p41_u11,p41,ce_visible,
p41_u11,p41,ce_invisible,강점의나는한양두자기한지그럴수있다.
p41_u12,p41,taps,금가면은에서플러스운영을대상으로한정기검사바정에서강회장이천일동안다니네매운탕에판겠다.
p41_u12,p41,ce,나는플랫폼을배경으로한경기공상과정해서가게한명은자기네매력이
p41_u12,p41,ce_s40,나는플랫폼을배경으로한경기공상과정해서자기선명해가지고자기네하고
p41_u12,p41,ce_s80,그러면은플러스운영을공으로한경기공상과정해서자기손해자기네매력이너향이있다.
p41_u12,p41,ce_s160,그러면은플러스인형의대상으로한경기공상과정해서자기손해자기네하고
p41_u12,p41,taps_s80,금가면은에서플러스운영을대상으로한정기검사바정에서강해장이 1000일동안자기네매형당황해팡됐다.
p41_u12,p41,taps_s160,금가면은에서플러스운영을대상으로한정기공사과정바정에서강회장이천연동안닭발은이용당했다.
p41_u12,p41,ce_visible,나는플랫폼을고정으로한명공사해서현명해자기네매력이
p41_u12,p41,ce_invisible,금가면은에서플러스운영을대상으로한정기검사바정에서강해장이 1000일동안다니네매운탕에판겠다.
p41_u13,p41,taps,금가면은공유기서제원더플러스이강해장이개인자금을대행해진디법인명의로주식두자를한것이해맹부자자기네라고판단했다.
p41_u13,p41,ce,공유기원서당일개인  작은애든지어민명의로 2주를한거지한명부다자기네라고판단을다
p41_u13,p41,ce_s40,공유기업에원더플당이개인발급을대하는게어린명의로 2주를한거지한명자기네라고판단을다
p41_u13,p41,ce_s80,공유기원서에상계당이개인발음이돼야든지법인명의로 2주를한거지한명부다자기네라고판단했다.
p41_u13,p41,ce_s160,나는공유기원서내방에당일개인  작은애든지어민명의로 2주부자를한것이한명부다자기네라고판단을다
p41_u13,p41,taps_s80,금가면은공유기서업체원더플러스이강해장이개인자금을대행해진디법인명의로주시두자리한것이해맹구자자기네라고판단이있다.
p41_u13,p41,taps_s160,금가면은공유기서제원더플러스에강해장이개인자금을대행해진디법인명의로주식두자를한것이해맹구자자기네라고판단했다.
p41_u13,p41,ce_visible,공유기원서당일개인볶음면배양이든지어민명의로이집부자를한거지한명자기네명하고판단을다
p41_u13,p41,ce_invisible,금가면은공유기서제원더플러스이강해장이개인자금을대행해진디법인명의로주식두자를한것이해맹구자자기네라고판단했다.
p41_u14,p41,taps,원더플러스는강해장이돼있어. 강회장의딸이 2대 2로올라와있다.
p41_u14,p41,ce,원더플러스는방해당후배방에딸이이래올라와있다
p41_u14,p41,ce_s40,원더플러스는아메당후배방해당의딸이이래올라와있다
p41_u14,p41,ce_s80,원더플러스는아메장이방해당의딸이이내쪽으로올라와있다
p41_u14,p41,ce_s160,원더플러스는아메당후배땅에빠리이레드로올라가있다.
p41_u14,p41,taps_s80,원더플러스는강해장이강해장에딸이이루어올라와있다.
p41_u14,p41,taps_s160,원더플러스는강해장이돼. 강회장의딸이 2대 2로올라와있다.
p41_u14,p41,ce_visible,원더플러스는황외당후배방에딸이이벤트로올라와있다
p41_u14,p41,ce_invisible,원더플러스는강해장이돼. 강회장의딸이 2대 2로올라와있다.
p41_u15,p41,taps,군가면에저대신인후제재는금융위원회증권선물위안해. 금융이정해져세종결정된다.
p41_u15,p41,ce,응. 고객걔네는선물위원회운용이연애후에갔다온다.
p41_u15,p41,ce_s40,응. 고객님은음료연애선물용갖다
p41_u15,p41,ce_s80,응. 고객님은음료연애를갔다해도된다.
p41_u15,p41,ce_s160,응가면에고객님은금릉연애선물용이연애후에갔다온다.
p41_u15,p41,taps_s80,군가면에제대신인후제재는금융위원회증거선물위안해. 금융이정해져최종결정된다.
p41_u15,p41,taps_s160,군가면에저대신이고이제는극융위원회증거선물위안해. 금융이정해져세종결정된다.
p41_u15,p41,ce_visible,응. 고객걔네는선물위원회오고음료연애를갔다
p41_u15,p41,ce_invisible,군가면에저대신인후제재는금융위원회증권선물위안해. 금융이정해져세종결정된다.
p41_u16,p41,taps,은산중국원두신통장가는중국  예전장애인  예전기간동안손님맞이특전사이신다를마련한다.
p41_u16,p41,ce,근데나는연극부턴많이
p41_u16,p41,ce_s40,중국은나는연극부턴많이떠다니는거를말을안하고
p41_u16,p41,ce_s80,중국은중국인그니깐은말은안돼.
p41_u16,p41,ce_s160,중국원동나는중국당일동안은나름
p41_u16,p41,taps_s80,"은산중국온도신탐정가능중국폐전, 장애인쾌전기간동안손님맞이특정할으면다."
p41_u16,p41,taps_s160,"호선, 중국온도신텅장가는중국회전장애인되잖기간동안손님맞이특정할다."
p41_u16,p41,ce_visible,근데나는연극부턴많이
p41_u16,p41,ce_invisible,은산중국원두신통장가는중국  예전장애인  예전기간동안손님맞이특전사이신다를마련한다.
p41_u17,p41,taps,"중구는오는 7일부터이게 4일까지문화회거리와보세거리, 젊음의거리, 엘검색을상점여더곳이특전형사를진행인다고얘길봐야겠다."
p41_u17,p41,ce,머리한다고얘길했다.
p41_u17,p41,ce_s40,머리
p41_u17,p41,ce_s80,
p41_u17,p41,ce_s160,
p41_u17,p41,taps_s80,"중구는오는 7일부터 24일까지문화회거리와보세거리, 젊음의거리, 엘검색시키는상점여더곳이특전형사를진행인다고얘길봐야겠다."
p41_u17,p41,taps_s160,"중구는오는 7일부터 24일까지문화에거리와보세거리, 젊음의거리엘검색을여드나곳이특전형사를진행인다고얘길봐야겠다."
p41_u17,p41,ce_visible,머리한다고얘길했다.
p41_u17,p41,ce_invisible,"중구는오는 7일부터이게잘가지문화에거리와보세거리, 젊음의거리, 엘검색을상점여더곳이특전형사를진행인다고얘길봐야겠다."
p41_u18,p41,taps,일장권이나홍보물든정부퇴정관련된시장솔을간건나면제품가격할인과금이든다양한선택을받을수있다.
p41_u18,p41,ce,이따말렁하게만들수있다.
p41_u18,p41,ce_s40,이따라면할수있다.
p41_u18,p41,ce_s80,이따말잉아래
p41_u18,p41,ce_s160,이따말잉
p41_u18,p41,taps_s80,일장권이나홍보물든정부퇴정관련글고해장소를당분하면제품가격할인과금에도다양한선택을받을수있다.
p41_u18,p41,taps_s160,"일장권이나홍보물드, 전국태정관련된시장솔을밟고나면제품가격할인과금이도다양한선택을받을수있다."
p41_u18,p41,ce_visible,이따말로하면많이받을수있다.
p41_u18,p41,ce_invisible,일장권이나홍보물든정부퇴정관련된시장솔을간건나면제품가격할인과금이든다양한선택을받을수있다.
p41_u19,p41,taps,너공급해서일단팔러있기인증해도한대세일
p41_u19,p41,ce,
p41_u19,p41,ce_s40,아니
p41_u19,p41,ce_s80,일단
p41_u19,p41,ce_s160,이
p41_u19,p41,taps_s80,너전국대단우선다팔로우기인증해도
p41_u19,p41,taps_s160,너전국에서울산닭이랑팔로우기이중에한대세탁을
p41_u19,p41,ce_visible,
p41_u19,p41,ce_invisible,너공급해서일단팔러있기인증해도한대세일
p41_u20,p41,taps,메가박스우산점은중국퇴정기간동안영화표 3천원  항공세트3천원할인을기내겠다.
p41_u20,p41,ce,메가박몸은연극한영화는
p41_u20,p41,ce_s40,메가박한놈은한국영화는
p41_u20,p41,ce_s80,메가박은연극한영화는 200 받는다
p41_u20,p41,ce_s160,메가박스우선은한국영화는 200이네.
p41_u20,p41,taps_s80,메가박스우산점은중국퇴정기간동안영화표삼천원  항공분세트300원할인이진행한다.
p41_u20,p41,taps_s160,메가박스우산점은정국퇴정기간동안영화표삼천원콘분세트30원할인이진행한다.
p41_u20,p41,ce_visible,메가박몸은연극한영화는했긴해.
p41_u20,p41,ce_invisible,메가박스우산점은중국퇴정기간동안영화표 3천원  항공세트3천원할인을기내겠다.
p41_u21,p41,taps,중국문화의 28 보면다양한 30% 할인된가격
p41_u21,p41,ce,야한달인데안나와.
p41_u21,p41,ce_s40,야한입한 10만원인데?
p41_u21,p41,ce_s80,빨머리약이안나.
p41_u21,p41,ce_s160,빨콜양말안
p41_u21,p41,taps_s80,28기 10월한달동안다양한 30% 할인된게아니다.
p41_u21,p41,taps_s160,싼테이기시원한달동안 30퍼센트할인된게
p41_u21,p41,ce_visible,야한달인데안나와.
p41_u21,p41,ce_invisible,중국문화개 10월한달동안한달 30퍼센트할인된가격
p41_u22,p41,taps,김양에중구청장은울산을방문한많은손님들이원도심해서먹고즐그고편의시는데보원추억을많이만들고가디비바란다고말했다.
p41_u22,p41,ce,"중구종강은방문한많은후리면돼먹고, 현일이난데많이만들고말한다고말했다고"
p41_u22,p41,ce_s40,"중구정당은한마흔후레쉬원두주면돼먹고, 현일이많이만들고말한다고말했다고"
p41_u22,p41,ce_s80,"중구정당은많은손님들이연구중에먹고, 현일이안돼고하우리말한다고말했다고"
p41_u22,p41,ce_s160,형제중구종강은한많은후리먹고화내기만돼많이만들고말했다고
p41_u22,p41,taps_s80,김양예중구청장은울산을방문한많은손님들이원더심에서먹고즐그고편의시는데보원추억을많이만들고가디비바란다고말했어.
p41_u22,p41,taps_s160,갱년기에중구청장은울산을방문한많은손님들이원도심해서먹고즐그고편이시는데보원추억을많이만들고과기바란다고말했다.
p41_u22,p41,ce_visible,중구종강은방문한많은후에는먹고화내기만해많이만들고말했다고
p41_u22,p41,ce_invisible,김양에중구청장은울산을방문한많은손님들이원도심해서먹고즐그고편의시는데보원추억을많이만들고가디비바란다고말했다.
p41_u23,p41,taps,한편울산에서 17년만에열리는제 13회전국희대회와제 42에전국장인티액대에는오는 7일부터 24일까지살다준다.
p41_u23,p41,ce,한번에가 7년만에열리는걔백담에건국대와걔가급비에건국당수입이면은후배부터이말까지해주긴다
p41_u23,p41,ce_s40,은까울던애가 1년만에열리는걔백담에건국대와걔가급비에건국당수입배우는시기부터이알바비떼준다
p41_u23,p41,ce_s80,은까일단내가 7년만에열리는걔백담에건국대와걔가급비에건국당수입이면은후배부터이알바비떼어진다
p41_u23,p41,ce_s160,한칸올담에가 1년만에열리는걔백담에건국대와걔아급비에건국가기했을때에는 125까지해준다
p41_u23,p41,taps_s80,한편울산에서 17년만에열리는제 13회전국희대회와제 42에전국장인티액대해는 7일부터 24일까지펼쳐진다.
p41_u23,p41,taps_s160,한편울산에서 17년만에열리는제 13에전국희대회와제 42에전국장인티액대해는 7일부터 24일까지해준다.
p41_u23,p41,ce_visible,한번에가 7년만에열리는걔백담에건국대와걔아급비에건국당쓰기는알바디해준다
p41_u23,p41,ce_invisible,한편울산에서 17년만에열리는제 13회전국희대회와제 42에전국장인티액대에는오는 7일부터 24일까지살다준다.
p41_u24,p41,taps,학교공급하면서원산지를허위주시하는
p41_u24,p41,ce,
p41_u24,p41,ce_s40,
p41_u24,p41,ce_s80,
p41_u24,p41,ce_s160,
p41_u24,p41,taps_s80,학교공급하면서원산지를해야겠다.
p41_u24,p41,taps_s160,학교공급하면서원산지를허위주의해야인상시에서
p41_u24,p41,ce_visible,
p41_u24,p41,ce_invisible,학교공급하면서원산지를허위주시하는
p41_u25,p41,taps,임선시특별은농구산물에원산친구시동에관한일반마품먹잖을봐야겠다.
p41_u25,p41,ce,사법평가는목이선물해원한명일반으로마법사네명을했다고담에떠
p41_u25,p41,ce_s40,사법평가는목이아무래도선물로납다네명을했다고담아
p41_u25,p41,ce_s80,임선목이선물해원상에일반으로나품먹다네명을했다고담에걸렸다고
p41_u25,p41,ce_s160,사법던가용기도선물해원상에관한일반으로마품없다네명을했다고
p41_u25,p41,taps_s80,임선시특별은동그란원산친구시등에가나밥류일반위반등으로납품먹다네명을턱발에따고이지참을봐야겠다.
p41_u25,p41,taps_s160,임선시특별은농구산물에원산친구시등에가나밥류일반위반등으로납품업자네명을덕발에따고이지타를봐야겠다.
p41_u25,p41,ce_visible,사법평가는목이선물해원한명일반으로마법사네명을했다고담에걸렸다고
p41_u25,p41,ce_invisible,임선시특별은농구산물에원산친구시동에관한일반마품먹다네명을석발했다고이진다음에봐야겠다.
p41_u26,p41,taps,인자경험은 3일부터 20분써서 30 대공으로반송을버렸다.
p41_u26,p41,ce,
p41_u26,p41,ce_s40,
p41_u26,p41,ce_s80,
p41_u26,p41,ce_s160,
p41_u26,p41,taps_s80,안한소중고슬반을
p41_u26,p41,taps_s160,소중반수해버렸다.
p41_u26,p41,ce_visible,
p41_u26,p41,ce_invisible,인자경험은 3일부터 20분써서 30 대공으로반송을버렸다.
p41_u27,p41,taps,닭발은국장볶음
p41_u27,p41,ce,여때는중국산으로
p41_u27,p41,ce_s40,한국땅유일
p41_u27,p41,ce_s80,중국당구하고
p41_u27,p41,ce_s160,중국산원당연령
p41_u27,p41,taps_s80,닭발장에역대는국장볶을까국사로시겠다.
p41_u27,p41,taps_s160,빨대는국당국선으로했다.
p41_u27,p41,ce_visible,연애는한국땅으로
p41_u27,p41,ce_invisible,닭발은국장볶음
p41_u28,p41,taps,국선국산국산으로
p41_u28,p41,ce,약간낙만막맞다.
p41_u28,p41,ce_s40,낙만막
p41_u28,p41,ce_s80,위때는곡은낙곱맞안낙지만두를국밥먹고
p41_u28,p41,ce_s160,위때는곡은낙하구막이러고맞안막위에를국밥으로먹고
p41_u28,p41,taps_s80,책상낙서해국산국산으로
p41_u28,p41,taps_s160,국선국산국산으로
p41_u28,p41,ce_visible,낙만록이안오지마.
p41_u28,p41,ce_invisible,국선국산국산으로
p41_u29,p41,taps,냉동소고기를냉장고를보호나다가 13을인생으로냈다.
p41_u29,p41,ce,우리냉동호보기를냉동호그러머가나다가
p41_u29,p41,ce_s40,우리옆에는냉동호보기를냉장고후보로오가나다가호감을볶음밥이밥이만으로못가겠다.
p41_u29,p41,ce_s80,우리옆에는냉동호기를냉장고를보관하다가호그물볶음밥리퍼비만으로볶아야겠다.
p41_u29,p41,ce_s160,우리냉동허고기를냉동호그로오가나다가이뻐해.
p41_u29,p41,taps_s80,뒤에없대는냉동소고기를냉장고를보호나다가 13일법이반으로젓갈냈다.
p41_u29,p41,taps_s160,운동소고기를냉장고를보고하다가
p41_u29,p41,ce_visible,냉동호보기를냉동호그로뭐가나다가
p41_u29,p41,ce_invisible,냉동소고기를냉장고를보호나다가 13을인생으로냈다.
p41_u30,p41,taps,인선축사경한적발이업체에대해주사를버린기검사를송치하고관할부평에통보해. 행정처보하도록구체할예정이다.
p41_u30,p41,ce,속닥이라는것중에한여정인가
p41_u30,p41,ce_s40,속초에송도구마
p41_u30,p41,ce_s80,속초에홍성애가
p41_u30,p41,ce_s160,속삭이안돼똥꼬에홍성종은여름이고
p41_u30,p41,taps_s80,인선축사경한적발연체돼. 주사를버린기검사를송치하고관할구청에통보해. 행정처보하도록구이할예정이다.
p41_u30,p41,taps_s160,인선축사경한적발연패대해. 주사를버린기검사를송치하고관할구청에통보해. 행정처보하도록구이할예정이다.
p41_u30,p41,ce_visible,속닥이라는것중에한여정인가
p41_u30,p41,ce_invisible,인선축사경한적발이업체에대해주사를버린기검사를송치하고관할부평에통보해. 행정처보하도록구체할예정이다.
p41_u31,p41,taps,농수산물원장님이 1년이야. 이러곤이야기
p41_u31,p41,ce,너무원산비를일하면 1년이나구역이나이런건이하에벌금내면이뻐야된다.
p41_u31,p41,ce_s40,너무원산비를일하면 1년이나구미역이나 1억은이어에벌금내면이뻐야된다고
p41_u31,p41,ce_s80,너무원한미를일하면 1년근육이나벌금내면이뻐야된다고
p41_u31,p41,ce_s160,너무원산비를일방하면훈련이나 1억은이하에벌금내는다.
p41_u31,p41,taps_s80,동수상을원한일을하면 1년이하늬
p41_u31,p41,taps_s160,농수산물원산지언니를입안하면신년이하이나이러곤이하에서해야겠다.
p41_u31,p41,ce_visible,너무원산비를일하면 1년이나구역이나이런건이하에벌금내면이뻐야된다.
p41_u31,p41,ce_invisible,농수산물원장님이 1년이야. 이러곤이야기
p41_u32,p41,taps,13만원
p41_u32,p41,ce,입금관리복을입원하면 1년이나능력이나한 3만원이하에벌금많이받게된다.
p41_u32,p41,ce_s40,알겠다면한명이나일곱명밖에안
p41_u32,p41,ce_s80,알겠다면한명이나일곱명밖에안
p41_u32,p41,ce_s160,유방갈비법을유만하면야근무해갖고
p41_u32,p41,taps_s80,13만원
p41_u32,p41,taps_s160,13만원 3년이야 3천만원
p41_u32,p41,ce_visible,입금관리복을입원하면 1년이나능력이나한 3만원이하에벌금많이받게된다.
p41_u32,p41,ce_invisible,13만원
p41_u33,p41,taps,인천시관계나는형성기알들이안전하게먹을수있는식비료공급환경도서학교납품수에대한적을부적적으로하겠다고말했다.
p41_u33,p41,ce,왕복하면엉덩이아들이안귀여워방장그래학교하겠다고
p41_u33,p41,ce_s40,왕복나는성장기안타깝다고
p41_u33,p41,ce_s80,나는성장기안돼마을공급환경으로하겠다고말했다.
p41_u33,p41,ce_s160,왕복나는성당이안돼낙엽하겠다고말했다고
p41_u33,p41,taps_s80,인천시관계나는형성기알들이안전하게먹을수있는  실제로공급한장소위에학위급이다보스에대한구속적으로하겠다고말했다.
p41_u33,p41,taps_s160,인천시관계나는형성기알들이안전하게먹을수있는  실제로공급한경도이해학교에대한간적을구속적으로하겠다고말했다.
p41_u33,p41,ce_visible,왕복하면엉덩이아들이한다그러겠다고
p41_u33,p41,ce_invisible,인천시관계나는형성기알들이안전하게먹을수있는식비료공급환경도서학교납품수에대한적을부적적으로하겠다고말했다.
p41_u34,p41,taps,지난에바로화물협력? 이후 200 만명에다라는아프가니스탄국민들이해품기를올랐다.
p41_u34,p41,ce,화분힐러이백만명란올랐다.
p41_u34,p41,ce_s40,나는화백화면 200만명에라는올랐다.
p41_u34,p41,ce_s80,화방에올라
p41_u34,p41,ce_s160,화병 2백만료하는올랐다.
p41_u34,p41,taps_s80,지난해발월허브협력? 20000에다라는아프고니스탑국민들이해외올라
p41_u34,p41,taps_s160,지난해발언을화불협약후일에만명에잘하는아프리스타국민들이해외올랐다.
p41_u34,p41,ce_visible,화분힐러이백만명란올랐다.
p41_u34,p41,ce_invisible,지난에바로화물협력? 이후 200 만명에다라는아프가니스탄국민들이해품기를올랐다.
p41_u35,p41,taps,그건한국대사관한국국대협력하는과거한국관련기간에뭐담았던특별기호자 390명이한국땅을팔았던
p41_u35,p41,ce,난한국땅
p41_u35,p41,ce_s40,약간한국땅
p41_u35,p41,ce_s80,약간한국땅
p41_u35,p41,ce_s160,난한국
p41_u35,p41,taps_s80,애들도그건한국사관한국국대협력단과거한국관련기간에몸담아권특별기계가삼백구십한명이한국땅을팔았어.
p41_u35,p41,taps_s160,애들도그건한국대사관한국국대협력단그거한국관련기간에뭔담특별기계자9이한국땅을팔았던
p41_u35,p41,ce_visible,아니한국영역한국
p41_u35,p41,ce_invisible,그건한국대사관한국국대협력하는과거한국관련기간에뭐담았던특별기호자 390명이한국땅을팔았던
p41_u36,p41,taps,전남여수행경찰대학원에서약 6개월간에정착돌구걷힌애들은올처부터인맥이역구권에처를잡고소문가고있다.
p41_u36,p41,ce,은남병살교권에서약육개월간에병탁욕을갖기를미역국에다된다고
p41_u36,p41,ce_s40,전남경찰공에서약육개월간에병탁욕을갖기들은미역국에별을다운다고
p41_u36,p41,ce_s80,연남여고생경찰공에서약열간에병탁누구들은미역국에별을다운다고
p41_u36,p41,ce_s160,연남여고형병설고무역안에방약먹으려눈에미역국을다먹는다고
p41_u36,p41,taps_s80,전남여수행경찰서약 6개월간에정착율을걷힌애들은올처부터인맥이역구권에처를잡고소문가고있다.
p41_u36,p41,taps_s160,전남여수행경찰들어오면서약 6개월간에정착돌구  어린틴이들은올처부터인맥이역묶고해처을잡고소문가고있다.
p41_u36,p41,ce_visible,은남병살교권에서약육개월간에병탁률같은애들은미역국에다된다고
p41_u36,p41,ce_invisible,전남여수행경찰대학원에서약 6개월간에정착돌구걷힌애들은올처부터인맥이역구권에처를잡고소문가고있다.
p41_u37,p41,taps,북대귀여워나중가장많은스물아홉가고는일자강맥주와핸데궁금업데이도움으로일자동구에거처를마련했다.
p41_u37,p41,ce,나도화장많은걸로아고는일단공부해말이니까
p41_u37,p41,ce_s40,나도하난데
p41_u37,p41,ce_s80,나도화장은말해.
p41_u37,p41,ce_s160,근데그거나도과당많은거로의댄봉구에말하니까
p41_u37,p41,taps_s80,축제기어다좋은과장많은스물아홉가고는울산강렉스와핸데궁금업되니도움으로일자동구에거처를마련겠다.
p41_u37,p41,taps_s160,폭발기어다좋은가장많은스물아홉가고는일자강맥주와핸데든공업데이도움으로일산동구에거절을말아야겠다.
p41_u37,p41,ce_visible,나도화장많은걸로아고는일단공부해말이니까
p41_u37,p41,ce_invisible,북대귀여워나중가장많은스물아홉가고는울산격렉즈와핸데궁금업데이도움으로일자동구에거처를마련했다.
p41_u38,p41,taps,이들생계를책임지는스물아홉명의가장들은현대중공업평역업체에서 100원이나보자엔진돌릴거같은일을하고있다.
p41_u38,p41,ce,입에생견을세금이나승무원명의가정들은현대무공업홈약업체에서객관이나보다현금도그럴것같은일을하고있다.
p41_u38,p41,ce_s40,입에생견을세금기는승리원명의가정들은현대무공업홈약업체에서객관이나보장선생님도그럴것같은일을하고있다.
p41_u38,p41,ce_s80,이런생각드는명의가당들은현대무공업홈약업체에서객관이나보다엔비는돌릴거같은일을하고있다.
p41_u38,p41,ce_s160,입에생견을책임성형외과당들은근데현빈돌릴거같은일을하고있다.
p41_u38,p41,taps_s80,이들생계를책임지는스물아홉명의가장들은현대중공업평역업체에서 100원이나보자엔진돌릴거같은일을하고있다.
p41_u38,p41,taps_s160,이들생계를책임지는스물아홉명의가장들은현대중공업평력업체에서백환이나보자엔진돌릴거같은일을하고있다.
p41_u38,p41,ce_visible,입에생견을세금이나성당명의가정들은현대무공업홈약이객관이나보다현금도그럴것같은일을하고있다.
p41_u38,p41,ce_invisible,이들생계를책임지는스물아홉명의가장들은현대중공업평역업체에서 100원이나보자엔진돌릴거같은일을하고있다.
p41_u39,p41,taps,이정수굴산다문난지원센터당이따려면주부들은다문화지원센터에서진행하는문화교육을받고아이들은임금학교다니고있다.
p41_u39,p41,ce,아이들은임금안내고있다.
p41_u39,p41,ce_s40,애들은임금
p41_u39,p41,ce_s80,연장해갖고아이들은임금받고있다가
p41_u39,p41,ce_s160,입원하고연동방이은아무래도연등같은데는이렇게봤고임금안내고있다.
p41_u39,p41,taps_s80,이정수울산다문화지원센터당이따려면주부들은다문화지원센터에서진행하는문화교육을받고아이들은잉그학교에다니고있다.
p41_u39,p41,taps_s160,이정수울산다문화지원센터당했다면주부들은다문화지원센터에서진행하는문화교육을받고아이들은은근학교에다니고있다.
p41_u39,p41,ce_visible,임금안내고있다.
p41_u39,p41,ce_invisible,이정수굴산다문난지원센터당이따려면주부들은다문화지원센터에서진행하는문화교육을받고아이들은임금학교다니고있다.
p41_u40,p41,taps,특별기어자들은여권처럼신분을증명할수단이없어. 일장성에서어려움을갖고있는것으로알려줬어.
p41_u40,p41,ce,나들은돈이없다는어려움을받고있는거로알려드
p41_u40,p41,ce_s40,하루해서알려드
p41_u40,p41,ce_s80,아니
p41_u40,p41,ce_s160,돈이없다고알려달라
p41_u40,p41,taps_s80,댓글기어자들은여권처럼신분을증명할수단이없어. 일장생활에서어려움을겪고있는것으로알려줬어.
p41_u40,p41,taps_s160,댓글기어자들은여권처럼신분을증명한수단이없어. 일장생활에서어려움을겪고있는것으로알려줬어.
p41_u40,p41,ce_visible,나들은돈이없다는어려움을받고있는거로알려달라
p41_u40,p41,ce_invisible,특별기어자들은여권처럼신분을증명할수단이없어. 일장성에서어려움을갖고있는것으로알려줬어.
p41_u41,p41,taps,한  특별성적인액자이프이용이나일상이나인원자리를정열어반면에서막그런얘기많다고했잖아.
p41_u41,p41,ce,호감도있고
p41_u41,p41,ce_s40,나는항공이나육상이런거얘기안하고있다가
p41_u41,p41,ce_s80,아니면호빵은에용이나일당이나아니면
p41_u41,p41,ce_s160,얘기안하고
p41_u41,p41,taps_s80,홍성적인
p41_u41,p41,taps_s160,한께평소엔액상인원여러명이서막그런일이많다고했잖아.
p41_u41,p41,ce_visible,아이어머니
p41_u41,p41,ce_invisible,한  특별성적인액자이프이용이나일상이나인원자리를정여러방면에서막그런일이많다고했잖아.
p41_u42,p41,taps,미국은한국과같이증명정도지역사회들이나서아프가한이중인들에정착을덮고있어.
p41_u42,p41,ce,미국은한국과역사의의미라서이듬인들의정석을먹고있다.
p41_u42,p41,ce_s40,미국은한국말
p41_u42,p41,ce_s80,미국은한국과역사에돈이나가이음성을받고있다.
p41_u42,p41,ce_s160,한국말이나간이등인남자가먹고있다.
p41_u42,p41,taps_s80,미국은한국과같이증명정도지역사회들이나서아프가니들에정착을덮고있어.
p41_u42,p41,taps_s160,미국은한국과같이빚망정도기억사에듬이나서아프가한이중인들에정착을덮고있어.
p41_u42,p41,ce_visible,미국은한국말왔지역사의놈이나서필요한이금인들의정석을먹고있다.
p41_u42,p41,ce_invisible,미국은한국과같이증명정도지역사회들이나서아프가한이중인들에정착을덮고있어.
p41_u43,p41,taps,미국도안보구에따르면지난에 8월이후미국으로건너납부간궁금이면약해만이틀면에달란다.
p41_u43,p41,ce,"미국도안보였다. 그러면난미국유국으로건너고나쁘면은야, 육군영이바란다."
p41_u43,p41,ce_s40,"미국도안부부에따르면난유미국외국으로건너고나쁘면은야, 육군영이바란다."
p41_u43,p41,ce_s80,"미국도안부부에따르면난 8월미국으로건너고나쁘면은야, 육군영이바란다."
p41_u43,p41,ce_s160,미국도안보였다. 그러면난유미국외국으로건드나쁘게바란다.
p41_u43,p41,taps_s80,미국도안보구에따르면지난의 8월이후미국으로건너납두간국민은약해만이틀면에달란다.
p41_u43,p41,taps_s160,미국도안보구에따르면지난에 8월이후미국으로건너납부간궁금이면약해만이틀면에달란다.
p41_u43,p41,ce_visible,"미국도안보였다. 그러면난미국유국으로건너고나쁘면은야, 육군영이바란다."
p41_u43,p41,ce_invisible,미국도안보구에따르면지난에 8월이후미국으로건너간궁금이면약해만이틀면에달란다.
p41_u44,p41,taps,이들은주사잼이자원봉사자체가재그하는정작프로그램을동의직거시경을마련하고있어.
p41_u44,p41,ce,요거는진짜이미나온봉사단체가되구나는영등포로그램에육아국경을마련하고있어.
p41_u44,p41,ce_s40,이거는부탁함이나온봉사단체가되고나는영등포로그램에육아국경을마련하고있어.
p41_u44,p41,ce_s80,이거는기타쌤이자원봉사자체가나는영등프로그램에이과부평을마련하고있어.
p41_u44,p41,ce_s160,이거는어쨌든다운봉사단체가되구나는영등포르미건에육아국경을마련하고있어.
p41_u44,p41,taps_s80,이들은기자재미자원봉사단제가제공하는점프로그램을동의직거식점을마련하고있어.
p41_u44,p41,taps_s160,이들은부자재미자원봉사단제가제공하는점삿프로그램을동의직거재정을마련하고있어.
p41_u44,p41,ce_visible,요거는봉사단체가되구나는영등포로그램에육아국경을마련하고있어.
p41_u44,p41,ce_invisible,이들은주사잼이자원봉사자체가재그하는정작프로그램을동해직과재정을마련하고있어.
p41_u45,p41,taps,이들이미국에머무를수있는인기입구거가그거는있는데보관것이문제다.
p41_u45,p41,ce,이구리미국에뭐부를수있는인구입구학교가는인연해보관이문제다.
p41_u45,p41,ce_s40,미국이미국에뭐부를수있는인구에쿠테가는면이뭔데
p41_u45,p41,ce_s80,미국이미국에무를수있는인구입구역이라는건지.
p41_u45,p41,ce_s160,미국이미국에무를수있는인구입구학교가는인연해보관하고입은
p41_u45,p41,taps_s80,이들이미국에머무를수있는임기있고거가그거는년에그거한것이문제다.
p41_u45,p41,taps_s160,이들이미국에머무를수있는인기있고거가그거는년에부관것이문제다.
p41_u45,p41,ce_visible,이구리미국에뭐부를수있는인구입구학교가는인연해보관이문제다.
p41_u45,p41,ce_invisible,이들이미국에머무를수있는인기입구거가그거는있는데보관것이문제다.
p41_u46,p41,taps,미시애틀타임스는밝은생각보는이들에게치방위에같은방기적해결책이아닌연극은보호된장기적을제공해한다고기적
p41_u46,p41,ce,미식파인스는아이디어는이들에게스박위에같은단기도후배색이아닌영주권보여든단기떡을조금해야한다고
p41_u46,p41,ce_s40,미식파인스는아이디어는이디라게추방유해같은단기적후배색이아닌영국권보여준담비덕대그면이안다고느꼈다고
p41_u46,p41,ce_s80,미식파잉아이디공격보는이디에그방위에같은단기적후배색이아닌영국권보여든경기도금이안다고느꼈다고
p41_u46,p41,ce_s160,미식파인스는아이디어는이들에게스튜같은단기적후배색이아닌영국권보여든경기도권을지금해야한다고
p41_u46,p41,taps_s80,미시애틀타임즈는바이든이들에게치방위에같은방기적해결책이아닌연극은보여야든장기적기적을제공해한다고기적
p41_u46,p41,taps_s160,미시애틀타임즈는바이든생각보는이들에게치방위에같은단기적해결책이아닌영국은부회든장기적해한다고뒤적다.
p41_u46,p41,ce_visible,미식파인스는아이디어는이디라게추방유해같은반기업후배색이아닌영주권보여동단기떡볶일드금이안다고느꼈다고
p41_u46,p41,ce_invisible,미시애틀타임스는밝은생각보는이들에게치방위에같은방기적해결책이아닌연극은보호된장기적을제공해한다고기적
p41_u47,p41,taps,일본은정부뿐아니라대학구역된인간에서도아프가니민들을지원하고있다.
p41_u47,p41,ce,일본은중국은아니라대학은인간에서도아픈이들이의견하고있다.
p41_u47,p41,ce_s40,일본은중국은아니라대학은인간에서도아픈이금인들이의견하고있다.
p41_u47,p41,ce_s80,일본은중국은아니라대학은인간에서도아픈이들이의견하고있다.
p41_u47,p41,ce_s160,일본은중국은아니라대학인간의아빠이름인들이의견하고있다.
p41_u47,p41,taps_s80,일본은정부뿐아니라대학구역된인간에서도아프간이기민들을지원하고있다.
p41_u47,p41,taps_s160,일본은전복뿐아니라대학구역된인간에서도아프간이기민들을지원하고있다.
p41_u47,p41,ce_visible,일본은중국은아니라대학은인간에서도아픈이들이의견하고있다.
p41_u47,p41,ce_invisible,일본은정부뿐아니라대학구역된인간에서도아프가니민들을지원하고있다.
p41_u48,p41,taps,"지난 5월히로시마대학은과거유학생신분이었던아프강국민  열다섯명을연구원으로채용하고주거등, 생활지원을제공가기로했다."
p41_u48,p41,ce,희나너 1월 2학기하고유학생부분이었던아빠국민학교면영어로해주라고그거동서야내적응하기로했다.
p41_u48,p41,ce_s40,희나너 1월 2학기하고유학생부분이었던아빠국민열다섯명을연구원으로띠용하고그거동생을연해조금어디로갔다
p41_u48,p41,ce_s80,희나너키로수많은하고유학생  충분히었던아빠국민열등감영을영구어드러지노하고그거증말적은거기로왔다
p41_u48,p41,ce_s160,너 1월 2마리아유학이었던아빠국민학교함을연구를해요하고그거똥그래밍언어적은막기로했다.
p41_u48,p41,taps_s80,지난 5월히로시마대학은과거유학생신분이었던아프가국민들다섯명을연구원으로채용하고주거등  생활시원을지금가기로했다.
p41_u48,p41,taps_s160,지난 5월히로시마대학은과거유학생신분이었던아프가국민열다섯명을연구원으로채용하고주거등생활지원을지금가기로했다.
p41_u48,p41,ce_visible,희나너 1월 2학기하고유학생부분이었던아빠국민학교면영어로해요하고그거동생을면에조금어디로갔다
p41_u48,p41,ce_invisible,"지난 5월히로시마대학은과거유학생신분이었던아프강국민  열다섯명을연구원으로채용하고주거등, 생활지원을제공가기로했다."
p41_u49,p41,taps,아프건과고객을맞대고있어. 거거부터남민일이닫았던파키스탄에경우현재백오은면이다라는아프단국립이거주인것으로알려졌다.
p41_u49,p41,ce,아프거나국경을막내고있어저거부터남미입이닫았던판에경우근데배고픈남녀바라는아빠도알려줬다.
p41_u49,p41,ce_s40,압구강과국경을막내고있더구부터남미받았던한의경우인데배고픈만명이다라는아빠도알려줬다.
p41_u49,p41,ce_s80,아프건과고경을막내고있어라고부터남미받았던한의경우인데백오십남면다라는아빠도알려줬당
p41_u49,p41,ce_s160,아프거나국경을맞대고있어. 저거부터남미받았던한의경우했는데백오분남량이다라는아프긴어느것들을알려줬다.
p41_u49,p41,taps_s80,아프거나국경을맞대고있어. 거거부터남민일이닫았던파쿠스타는경우현재백오숲만의달아는아프감림이고조인것으로알려졌다.
p41_u49,p41,taps_s160,아프건과고객을막되고있어. 버거부터남민일이잡았던파키스탄에경우현재백오은명이다른아프건국립이거주인것으로알려졌다.
p41_u49,p41,ce_visible,아프거나국경을막내고있어라고부터남미입이닫았던판에경우근데배고픈만명이다라는아빠도알려줬다.
p41_u49,p41,ce_invisible,아프건과고객을맞대고있어. 거거부터남민일이닫았던파키스탄에경우현재백오은면이다라는아프단국립이거주인것으로알려졌다.
p41_u50,p41,taps,"하지만이들은파피스턴정보화, 텔레마의오적감기탕해. 별다른인도적지원없이가만한생활을하고있다고배치가있는달포도했다."
p41_u50,p41,ce,하지만인도한생활을하고있다고
p41_u50,p41,ce_s40,하지만인권생활을하고있다고
p41_u50,p41,ce_s80,하지만일단현질만해선생활을하고있다고
p41_u50,p41,ce_s160,하지만나는생활을하고있다고
p41_u50,p41,taps_s80,하지만이들은파비슷한정보와텔레마에오적감기탕에별다른인도적지원없이가만한생활을하고있다고배치가있는달포도했다.
p41_u50,p41,taps_s160,하지만이들은파비슷한정보와텔레마네오저감기탕해. 별다른인도적지원없이가난한생활을하고있다고배치가지난달포도했다.
p41_u50,p41,ce_visible,아니면생활을하고
p41_u50,p41,ce_invisible,"하지만이들은파피스턴정보화, 텔레마의오적감기탕해. 별다른인도적지원없이가만한생활을하고있다고배치가있는달포도했다."
p41_u51,p41,taps,패스전선아시아가베트남구동산개발해. 그용량전략공급을공급했다고 28일발사.
p41_u51,p41,ce,응급행급하고왔다
p41_u51,p41,ce_s40,한명
p41_u51,p41,ce_s80,한명엥? 하고왔다
p41_u51,p41,ce_s160,한명하고왔다
p41_u51,p41,taps_s80,전선가동산을했다고 28일날겠다.
p41_u51,p41,taps_s160,엘에스전선아티아가베트남에양양전용공급을공급했다고 28일발사
p41_u51,p41,ce_visible,한명하고왔다
p41_u51,p41,ce_invisible,패스전선아시아가베트남구동산개발해. 그용량전략공급을공급했다고 28일발사.
p41_u52,p41,taps,13만
p41_u52,p41,ce,아니
p41_u52,p41,ce_s40,네
p41_u52,p41,ce_s80,네
p41_u52,p41,ce_s160,응네
p41_u52,p41,taps_s80,13만세네.
p41_u52,p41,taps_s160,13만세네.
p41_u52,p41,ce_visible,아니
p41_u52,p41,ce_invisible,13만
p41_u53,p41,taps,비록이베트남사십여도시에수십만원에주택권도를진행하고있어. 추가수주도기대된다.
p41_u53,p41,ce,
p41_u53,p41,ce_s40,
p41_u53,p41,ce_s80,
p41_u53,p41,ce_s160,
p41_u53,p41,taps_s80,비닐봉이베트남사십여도시에수십만원에주택권도를진행하고있어. 추가수도기대된다.
p41_u53,p41,taps_s160,비닐이베트남사십여도뒤에수십만원에주택권너를진행하고있어추가수주도기대된다.
p41_u53,p41,ce_visible,
p41_u53,p41,ce_invisible,비록이베트남사십여도시에수십만원에주택권도를진행하고있어. 추가수주도기대된다.
p41_u54,p41,taps,프레소전선아시아는비노무이무그룹윙빙그룹 b 건너는대형식빅와이그플렌터등에도제품공급을듣는계획이다.
p41_u54,p41,ce,아나는인인구나는조금
p41_u54,p41,ce_s40,아나는이놈은뭐그인인구로 b 언더아는양주공으로왕국인예품궁금한계획으로
p41_u54,p41,ce_s80,연구아님이놈은뭐그룹인인구비건들아는애양주공으로왕국인꼼궁금한계획으로
p41_u54,p41,ce_s160,나는이나무이목그러인인구한다라는개입고
p41_u54,p41,taps_s80,라스전선아시아는비노무이무그룹윙링크루비건서라는대형식빅요가리그오르터증에가도제품공급을듣는계획이다.
p41_u54,p41,taps_s160,라수전선아시아는비노무이무그룹윙딩그룹이건설하는대형식빅왓이것도흘린다등에도제품공급을듣는계획이다.
p41_u54,p41,ce_visible,아나는인인구나는양쪽으로왕급당
p41_u54,p41,ce_invisible,프레소전선아시아는비노무이무그룹윙빙그룹 b 건너라는대형식빅와이그플렌터등에도제품공급을듣는계획이다.
p41_u55,p41,taps,버스어트는수제초청바닥에전선대신궁극 k스안에판영보체를너대응얌의대력을공급한다.
p41_u55,p41,ce,머업그는후배걱정바닥에은산데긴응급실그다음에한일버틸너의근력은언급한다고.
p41_u55,p41,ce_s40,어업그는후배걱정바닥에은산데긴응급실그다음에한약호텔은너의기억력남해근력은언급한다고.
p41_u55,p41,ce_s80,그거는후배걱정바닥에은산맥은다음에한일곱짜리는너의기억력에공격은공급한다고.
p41_u55,p41,ce_s160,그거는바닥에은근내긴다음에한일곱짜리너면공격은언급한다고.
p41_u55,p41,taps_s80,버스업트는후배추천바닥에전선대신궁극횟수안에판영보체를너대응남에대역을공급한다.
p41_u55,p41,taps_s160,버스투는수제초청바닥에전선대신궁극이스안에파는보체를너대역야매대역을공급한다.
p41_u55,p41,ce_visible,어업그는걱정마당에전산데긴응급실그다음에한일것들은너의근력은언급한다고.
p41_u55,p41,ce_invisible,버스어트는수제초청바닥에전선대신궁극 k스안에판영보체를너대응얌의대력을공급한다.
p41_u56,p41,taps,전선보다설충한이동이간편하고공간은적게자리에초고등부긴과아파트공강등을통신으로앱이늘어나는추세다.
p41_u56,p41,ce,
p41_u56,p41,ce_s40,
p41_u56,p41,ce_s80,뭐다른얘기인구공방으로입술은안해준다.
p41_u56,p41,ce_s160,전선뭐다르죠. 이동이간편하고공간을넘게자기소고기엔아파트운동중에궁금한텐내가
p41_u56,p41,taps_s80,전선보다설치한이동이간편하고공간은적게자리에초고층인가아파트공강등을통신으로늘어나는추세다.
p41_u56,p41,taps_s160,전선보다설충한이동이간편하고공관은저렇게자기에초고층들인거같아. 공강등을통신으로도입이늘어나는추세다.
p41_u56,p41,ce_visible,
p41_u56,p41,ce_invisible,전선보다설충한이동이간편하고공간은적게자리에초고등부긴과그공강등을통신으로더입이늘어나는추세다.
p41_u57,p41,taps,에스전선은핸드 7년이엘에스넣고하면되겠다.
p41_u57,p41,ce,그렇다.
p41_u57,p41,ce_s40,그렇다.
p41_u57,p41,ce_s80,나는
p41_u57,p41,ce_s160,어렵다.
p41_u57,p41,taps_s80,에르스전선은엔스 7년에스홍기를너풍시장거기남해지그랬다.
p41_u57,p41,taps_s160,에스 LS
p41_u57,p41,ce_visible,
p41_u57,p41,ce_invisible,에스전선은핸드 7년에스넣고하면되겠다.
p41_u58,p41,taps,베트남은대규모아파트단기와상업용비디아이디지센터공장건설이해발해지면서건물에전선대신닥터를더입파는사례가늘었다.
p41_u58,p41,ce,말이있는바래다떨어졌다고
p41_u58,p41,ce_s40,나는몰래언덕이많은바래다외롭다.
p41_u58,p41,ce_s80,나는몰래언급되고받는발이나.
p41_u58,p41,ce_s160,나는늘었다.
p41_u58,p41,taps_s80,베트남때나는아파트단기와상업용아이디공장건설이해발해지면서건물에전선대신너프를도입하는자리가늘었다.
p41_u58,p41,taps_s160,베트남은대규모아파트단기와상업용비엔딩아이리지센터공장선설이해발해지면서건물에전선대신닥터를도입하는자리가늘었다.
p41_u58,p41,ce_visible,말이없다.
p41_u58,p41,ce_invisible,베트남은대규모아파트단기와상업용비디아이디센터공장건설이해발해지면서건물에전선대신닥터를더입파는사례가늘었다.
p41_u59,p41,taps,백인제로는시장은현장
p41_u59,p41,ce,
p41_u59,p41,ce_s40,
p41_u59,p41,ce_s80,
p41_u59,p41,ce_s160,네.
p41_u59,p41,taps_s80,엔젤레스전담아시아는스튜어드시장  이래서난시장을생각안된다고말했다.
p41_u59,p41,taps_s160,백인재는두시장시장을생각안했다.
p41_u59,p41,ce_visible,
p41_u59,p41,ce_invisible,백인제로는시장은현장
p41_u60,p41,taps,kt 로스터선수단이형제부담인 KT 위기에도청을받아후원야구장에간다.
p41_u60,p41,ce,에뛰몰호선보다는홍제보단삐끼의복종해. 후원야구장에간다.
p41_u60,p41,ce_s40,에뛰몰사건도나는혼자보다는삐끼의복장을받아후원야구장에간다.
p41_u60,p41,ce_s80,1끼놀다보면나는인제일끼리마다한번야구장에간다.
p41_u60,p41,ce_s160,올바른데나는삐맞아그건야구장에간다.
p41_u60,p41,taps_s80,kt 로스터선수단이형제부담인 KT 위기에도청을받아후원야구장에간다.
p41_u60,p41,taps_s160,kt 로스터선수단이형제부담인 KT 위기에도청을받아후원야구장에간다.
p41_u60,p41,ce_visible,에뛰몰호선보다는홍제보단일끼의복종해. 후원야구장에간다.
p41_u60,p41,ce_invisible,kt 로스터선수단이형제부담인 KT 위기에도청을받아후원야구장에간다.
p41_u61,p41,taps,코키위주보다는오는시티를후원티위주파크에서열리는에디와의형경기에형제구단인틀기로스터선수단을접점에로스터대회를대체한다고 cd 발됐다.
p41_u61,p41,ce,입구나는이제원희구이학구에서열리는에비와의홍경비에홍재구다니기위해서나는롯데일을간다고 12일바꿨다.
p41_u61,p41,ce_s40,입구나는이제원희구이학구에서열리는에비와의홍경비에홍재구다니기위해서나는롯데일을간다고 12일바이크
p41_u61,p41,ce_s80,입구나는이제원잇구일이학구에서열리는에비와의홍경비에홍재구다니기나는 65세를간다고 12일바이크업
p41_u61,p41,ce_s160,입구나는오는에비와에홍정기홍제보단삐끼울서든나는롯데를간다고 12일바이크
p41_u61,p41,taps_s80,코키위주보다는오는시티를후원티위주파크에서열리는에디와의선경기에형제구단인틀기 o스터선수단을접점에로스터대회를대체한다고 12 잘탔다.
p41_u61,p41,taps_s160,코키위주보다는오는시티를후원티위스파크에서열리는 le에형경기에형제구단인히키고스타선수단을접점에로터대 1을대치한다고 12 발됐다.
p41_u61,p41,ce_visible,입구나는이제원희구이학구에서열리는에비와의홍경비에홍재구다니기위해서나는그렇게간다고 12일바꿨다.
p41_u61,p41,ce_invisible,코키위주보다는오는시티를후원티위주파크에서열리는에디와의형경기에형제구단인틀기로스터선수단을접점에로스터대회를대체한다고 cd 발됐다.
p41_u62,p41,taps,이번스터디예는경기압서변기짬권을구매한고객대상으로오후 4시 40분부터한시간동안텐사인애를지낸다.
p41_u62,p41,ce,이번터내위에는연기합도연기딴거는구매한고객대상으로오후 4시 40분부터한시간너한살애를구내면너.
p41_u62,p41,ce_s40,이번터내얘는연기앞서연기딴거는구매한고객대상으로오고 5분 4시 40분부터한시간너한살애를구해야겠는다.
p41_u62,p41,ce_s80,이번터내의외에는연기합법을구매한고객의대상으로오후 4시 40분부터한시간너한살애를구해야된다.
p41_u62,p41,ce_s160,이번또내의외는연기합도연기딴거는구매한고객의대상으로오구네시 40분부터한시간너한살애를구내먹는다.
p41_u62,p41,taps_s80,이번스터디애는변기에앞서변기짬을구매한고객을대상으로오후 4시 40분부터한시간동안텐사인애를지내앤다.
p41_u62,p41,taps_s160,이번로스터대회는경기  앞서변기짬권을구매한고객을대상으로오후 4시 40분부터한시간동안텐사인애를지내앤다.
p41_u62,p41,ce_visible,이번터내위에는연기합도연기딴거는구매한고객대상으로오후 4시 40분부터한시간너한살애를구내면너.
p41_u62,p41,ce_invisible,이번스터디예는경기압서변기짬권을구매한고객대상으로오후 4시 40분부터한시간동안텐사인애를지낸다.
p41_u63,p41,taps,"현상애는이집파크온에이디야, 뒤통기한뒤에서열이여웰밍긴하나에선수일곱명이첨삭한놈."
p41_u63,p41,ce,그니까는위급공무원에입양꿀이여서열인역. 에이남을거아메리카
p41_u63,p41,ce_s40,그니까는위급공무원에입양꿀이여서열린억 1위가남을거아메리투잡한다고
p41_u63,p41,ce_s80,그니까는위급공무원에입양꿀이아열여. 일인화남을거아메리카노 1등급받는다고
p41_u63,p41,ce_s160,그니까는이급공부는입장. 일인화남을거아메리카판다고
p41_u63,p41,taps_s80,현상이는이집파크동문회이디야뒤통기한뒤에서열이며일명긴화남을포함해선수일곱명이참석한다.
p41_u63,p41,taps_s160,현상받고앞에컨수 7 명한다.
p41_u63,p41,ce_visible,그니까는위급공무원에입양꿀이여서열리면 1위가남을거아메리카
p41_u63,p41,ce_invisible,"현상애는이집파크온에이디야, 뒤통기한뒤에서열이여웰밍긴함을보암에선수일곱명이첨삭한놈."
p41_u64,p41,taps,이날경기송미를기어나는시군을애밍긴사람이스타는커져무는잔이맞는다.
p41_u64,p41,ce,우리나라변기통안할수있고는이미그할아버지맞는다고.
p41_u64,p41,ce_s40,우리나라변기통안할수있구는의미맞는다고.
p41_u64,p41,ce_s80,우리나라변기통에겨우남을수있고는이미함이암흑화음이문많이받는다고.
p41_u64,p41,ce_s160,우리나라변기통남해지고는이미남의화장이맞는다고.
p41_u64,p41,taps_s80,이날경기송미를기어나는시군을애밍긴할사람이스타는커주무능한이맞는다.
p41_u64,p41,taps_s160,이날경기송미를기어나는시군을애밍긴할사람이스타는커두무능한이맞는다.
p41_u64,p41,ce_visible,우리나라변기통안할수있고는이미애매하고문잠이맞는다고.
p41_u64,p41,ce_invisible,이날경기송미를기어나는시군을애밍긴사람이스타는커져무는잔이맞는다.
p41_u65,p41,taps,"나스카이든광이를포함의아리야, 이가을나이긴정이기두원김민서동아이대가면외국가을제창한다."
p41_u65,p41,ce,나스카이근경이를보안에아이야이걸나에패드이백원은외국가르쳐간다
p41_u65,p41,ce_s40,라스과근뱅이를그다음에아리야이걸나에의도 200 받는외국가르쳐간다
p41_u65,p41,ce_s80,라스증에아니야이걸나에굉장히외국가르쳐간다.
p41_u65,p41,ce_s160,라스카잃을거아니야이걸나에패도인나 200은외국가르쳐간다
p41_u65,p41,taps_s80,"라스팔근광이를포함의아리야, 이걸나입해김경민기두원김민성동아이대가면외국나를제창한다."
p41_u65,p41,taps_s160,"든아이야, 이걸라이피원김민성동아이대방은외국가를제창한다."
p41_u65,p41,ce_visible,나스카이근경이를아니야이걸나에패드이백원은외국가르쳐간다
p41_u65,p41,ce_invisible,"나스카이든광이를포함의아리야, 이가을나이긴정이기두원김민서동아이대가면외국가을제창한다."
p41_u66,p41,taps,또한경기는로스타선스담이온건단상위에올라편들에게인사를잘한다.
p41_u66,p41,ce,원기는싸금수당이의문당해올라온다.
p41_u66,p41,ce_s40,원기주민은사건수남이의문당해올라온다.
p41_u66,p41,ce_s80,원기주민은싸금수남이인원단에올라온다.
p41_u66,p41,ce_s160,원기중에는싸금수당이의문당이올라.
p41_u66,p41,taps_s80,또한경기는로스타선스담이온건단상위에올라편들에게인사를잘한다.
p41_u66,p41,taps_s160,또한경기는로스타선스담이공원단상위에올라편들에게인사를잘한다.
p41_u66,p41,ce_visible,원기는싸금수당이의문당해올라온다.
p41_u66,p41,ce_invisible,또한경기는로스타선스담이온건단상위에올라편들에게인사를잘한다.
p41_u67,p41,taps,이밖에로다양한이벤트를동해. 로지텍은캐리비마우스그보드챔피언사임보일등후드만겨금을  인정한다.
p41_u67,p41,ce,안
p41_u67,p41,ce_s40,
p41_u67,p41,ce_s80,
p41_u67,p41,ce_s160,
p41_u67,p41,taps_s80,이밖에도다양한이벤트를동해로지텍은테두마우스그타임빌딩만겨금을인정한다.
p41_u67,p41,taps_s160,이밖에도다양한이벤트를동해로지텍은디크마우스그타임빌딩만겨금을  인정한다.
p41_u67,p41,ce_visible,네.
p41_u67,p41,ce_invisible,이밖에로다양한이벤트를동해. 로지텍은캐리비마우스그보드챔피언사임보일등후드만겨금을  인정한다.
p41_u68,p41,taps,인천삼성은아파트팔층에서한꿈에소모세병을차단으로던진 70대남성이시를속수상에미소점이나와 32민하고그니까
p41_u68,p41,ce,너는하단으로만들구있상해미없다고예삐금일하고왔다
p41_u68,p41,ce_s40,안억양이하고
p41_u68,p41,ce_s80,아
p41_u68,p41,ce_s160,아난방이하고
p41_u68,p41,taps_s80,인천3 봉사에서는아파트팔층에서한꿈에소화제병을파단으로던진 70대남성이시를숙소에미소향이싸바양사비라고이기구를되겠다.
p41_u68,p41,taps_s160,인천삼삼동차는아파트팔층에서한꿈에스무세병을차단으로던진시기때남성을속초에미국서바상이라고얘길했어.
p41_u68,p41,ce_visible,똥방에서는미다가
p41_u68,p41,ce_invisible,인천삼삼동차에서는아파트팔층에서한꿈에소모세병을차단으로던진 70대남성이시를속수상에미소혐오까봐상사비라고얘길했어.
p41_u69,p41,taps,경찰에따르면에이시는지난 20킬오후세시 25개 29 부개동에하면아파트팔지서이팀화당으로빈숭하대병을던진겸이를잡고있다.
p41_u69,p41,ce,18에따르면 AC는 29 A반입었
p41_u69,p41,ce_s40,따르면 AC는 20일에스입은애이농구아파트
p41_u69,p41,ce_s80,평가를따려면에뛰는 29 A반무게농협안되면
p41_u69,p41,ce_s160,평타래따래면 AC는 20일이문구에이백구두개농협으로인구였던거에요.
p41_u69,p41,taps_s80,경찰에따르면에이시는지난 20질오후세시 25개 2번구개동에하면아파트팔지면서이팀화당으로빈소화제병을담긴겸이를잡고있다.
p41_u69,p41,taps_s160,"경찰에따르면에이시는지난 20킬오후세시이시뭐인제 2, 3시부턴구개동에하면아파트팔지에서 1등화단으로빈숭어대병을담긴  재미이를잡고있다."
p41_u69,p41,ce_visible,따르면 AC는 29 A반입었
p41_u69,p41,ce_invisible,경찰에따르면에이시는지난 20킬오후세시 25개 29 부개동에하면아파트팔지서이팀화당으로빈숭하대병을던진겸이를잡고있다.
p41_u70,p41,taps,당시아파트단지네보액물을따라갖고있던 40대주민비시는자신에직변으로빈병이떨어지자이어불겠다고경찰에신고했다.
p41_u70,p41,ce,아우리아파트단지네빨아갖고아스패딩은아시네마든느낌이떨어지다리블느꼈다고그러니까를신고했죠
p41_u70,p41,ce_s40,아우리아파트단지네보인거를빨았고아스패딩은아시네뒷면으로댕기다리액을느꼈다고
p41_u70,p41,ce_s80,아우리아파트단지네보인것을빨았고아스미끼는아스견으로굉장히떨어지다리액을느꼈다고신고했죠
p41_u70,p41,ce_s160,우리아파트단지네빨아갖고아직배분이굉장히떨어지다리액을느꼈다고신고했죠
p41_u70,p41,taps_s80,당시아파트단지네보잉딸았고 40대주민디지는자신에지변으로빈병이떨어지자이어불겠다고경찰에신고했다.
p41_u70,p41,taps_s160,당시아파트단지네보잉을딸았고이떠자식때주민비씨는자신에직변으로빈경이떨어지잖니옆을느꼈다고경찰에신고했다.
p41_u70,p41,ce_visible,아우리아파트단지네빨아갖고아스께는아스굉장히따가기가이입을느꼈다고
p41_u70,p41,ce_invisible,당시아파트단지네보액물을따라갖고있던 40대주민비시는자신에직변으로빈병이떨어지자이어불겠다고경찰에신고했다.
p41_u71,p41,taps,에씨는김정토t로구성장하있었다는이유들의이야기를듣고다음날은 28일그날지구리타다가자세했다.
p41_u71,p41,ce,에스는성당은이야기를한마리 24일안할거
p41_u71,p41,ce_s40,LG는성당가니까는이야기를한마리한알겠다.
p41_u71,p41,ce_s80,에스는성당가니까는이야기를한마리를안할거
p41_u71,p41,ce_s160,에스는성당은이야기를한마리한말하고
p41_u71,p41,taps_s80,"에시는김장푹첫  뒤로부정자가있었다는이유중인들에이야기를듣고다음날은 28일날, 지구래다다가자세했다."
p41_u71,p41,taps_s160,에신은김정토첫비위로부성장있었다는이유들의이야기를듣고다음날은 28일날지구래에다당자소했다.
p41_u71,p41,ce_visible,에뛰는거있었다는이야기를한달은 28일안할거
p41_u71,p41,ce_invisible,에시는김장툭쳐의부성적화있었다는이유들의이야기를듣고다음날은 28일그날지구리타다가자세했다.
p41_u72,p41,taps,실제로비지는갱경에맞지않아. 국민들의대문과달리기다치게하는것으로흰거
p41_u72,p41,ce,우리는인경이맞잖아. 인드레그런거날리고이라는거
p41_u72,p41,ce_s40,우리는인경이맞잖아. 민드레이런것알리고이라는거
p41_u72,p41,ce_s80,니는인경이맞잖아. 민드레그런맛달리구이라는거
p41_u72,p41,ce_s160,뮌헨이많아.
p41_u72,p41,taps_s80,실제로비지는  신경에맞지않아. 드민들에대만과달리기잘뜨지하는곳으로흥사
p41_u72,p41,taps_s160,실제로비지는갱경에맞지않아. 드민들의전형과달리잘치게하는것으로품격봐.
p41_u72,p41,ce_visible,우리는인경이맞잖아. 민드레이런거날리고있다는거
p41_u72,p41,ce_invisible,실제로비지는갱경에맞지않아. 국민들의대문과달리기다치게하는것으로흰거
p41_u73,p41,taps,대신에전탄에서소화제를먹었는데도송도안돼. 학교에소화제병을던졌단디기로빈쓰한것으로알려줬다.
p41_u73,p41,ce,아네.
p41_u73,p41,ce_s40,에스는봉사에서과대를먹었는데도안돼. 서대병원갔다가인성밖으로
p41_u73,p41,ce_s80,일시는  근처에서와대비먹었는데도홍대소화는알려놓아.
p41_u73,p41,ce_s160,배달해서먹었는데도안돼. 나는
p41_u73,p41,taps_s80,대신에전파리에서소화제를먹었는데도송구안돼. 하긴소화제병을던졌단뒤지로빈쓰한것으로알려줬다.
p41_u73,p41,taps_s160,대신에전탄에서소화제를먹었는데도송구안돼. 하긴소화제병을던졌단디기로빈쓰한것으로알려줬다.
p41_u73,p41,ce_visible,아네.
p41_u73,p41,ce_invisible,대신에전탄에서소화제를먹었는데도송도안돼. 학교에소화제병을던졌단디기로빈쓰한것으로알려줬다.
p41_u74,p41,taps,경찰관계사는일지를상대로수학에정을던진정확한이유와국제적인개미경을조사해계획이라고말하다.
p41_u74,p41,ce,"롯데방게나는일, 강제로과대평을간지공학관이와인공기능을예상을공유하고"
p41_u74,p41,ce_s40,"광게나는 1, 강제로과대평을간지영화관이워낙공기능을보상을공유하고"
p41_u74,p41,ce_s80,광게나는 1시반대로방을건진어학관이범위병의그사람의고민하고
p41_u74,p41,ce_s160,근데나는일식에방드로방을건진공학관이와인범위병의로망을하고
p41_u74,p41,taps_s80,경찰관계사는일지를상대로수학에저걸던진정확한이유와국제적인개미경을조사해할계획이라고만들다.
p41_u74,p41,taps_s160,경찰관계사는일지를상대로수학에정을던진정확한이유와국제적인개미경을보상해할계획이라고망했다.
p41_u74,p41,ce_visible,롯데방게나는일방적으로간지영화관이워낙에공익하고
p41_u74,p41,ce_invisible,경찰관계사는일지를상대로수학에정을던진정확한이유와국제적인개미경을조사해계획이라고말하다.
p41_u75,p41,taps,전복자리랑동선구이과관련해서자택을악수했겠다.
p41_u75,p41,ce,왕복이관련해서함부로했겠다.
p41_u75,p41,ce_s40,얼굴이악녀
p41_u75,p41,ce_s80,얼굴이
p41_u75,p41,ce_s160,관련해야겠다.
p41_u75,p41,taps_s80,전복검찰이더불른동섬뒤에과관련해서자택을악수했겠다.
p41_u75,p41,taps_s160,전복자리더불어민도당동섬대인의외과관련해성화진전도디사자택을악수수색했어.
p41_u75,p41,ce_visible,왕복이관련해서함부로했겠다.
p41_u75,p41,ce_invisible,전복자리랑동선구이과관련해서인전니가자택을악수했겠다.
p41_u76,p41,taps,
p41_u76,p41,ce,안해.
p41_u76,p41,ce_s40,
p41_u76,p41,ce_s80,아프지않아?
p41_u76,p41,ce_s160,아
p41_u76,p41,taps_s80,너후관리사를했지않으면
p41_u76,p41,taps_s160,후배기너무해.
p41_u76,p41,ce_visible,안해.
p41_u76,p41,ce_invisible,
p41_u77,p41,taps,니가
p41_u77,p41,ce,12일전복팔정능력이다르면서른이날삼일전니가
p41_u77,p41,ce_s40,12일
p41_u77,p41,ce_s80,12일정도
p41_u77,p41,ce_s160,12일전복 8명나매형그니깐
p41_u77,p41,taps_s80,
p41_u77,p41,taps_s160,색다른
p41_u77,p41,ce_visible,12일전복팔정능력이다르면서른이날삼일전니가
p41_u77,p41,ce_invisible,
p41_u78,p41,taps,홍천독일가의보인옥경사가대상으로경찰은이날자택과사람등을납품세개  증거물보안대기렇겠다.
p41_u78,p41,ce,나는보디나에보인어경빈여다가배당으로경찰은이나이다댓양병이나쁠것같애. 중금으로왔는데부끄러.
p41_u78,p41,ce_s40,나는보디나에보인어경빈여다가배당으로경찰이나이자댓바타령되면납품격해중견으로왔는데부끄러겠다.
p41_u78,p41,ce_s80,나는보디아예고인어경빈여다가배당으로경찰이나이자댓양병이나쁠것같애. 중급으로왔는데부렇겠다.
p41_u78,p41,ce_s160,"나는보디나에보인억경비에다가배당으로경찰은이날자됐고, 촬영병이낫을선택해은덤으로왔는데부끄러겠다."
p41_u78,p41,taps_s80,홍천독일가의보인오경심여사가대상으로경찰은이날자택과차량등을아픈색해  증거물보안데기렇겠다.
p41_u78,p41,taps_s160,홍천독일가의보인옥경사가대상으로경찰은이날자택과사람등을납친색해  증거물보안데지렇겠다.
p41_u78,p41,ce_visible,나는보디나에보인어경빈여다가배당으로경찰은이나이다겪과촬영해중견으로왔는데울었겠다.
p41_u78,p41,ce_invisible,홍천독일가의보인옥경사가대상으로경찰은이날자택과사람등을납품세개  증거물보안대기렇겠다.
p41_u79,p41,taps,또경찰은전북자원봉사센타에서발견된민주당이당원서와관련된다섯명다선택했다.
p41_u79,p41,ce,근데
p41_u79,p41,ce_s40,
p41_u79,p41,ce_s80,근데
p41_u79,p41,ce_s160,
p41_u79,p41,taps_s80,또경찰은전북자원봉사센타에서발견된인규랑이따문서와관련된다섯명다선택됐다.
p41_u79,p41,taps_s160,또경찰은전북자원봉사센타에서발견된인규랑이따  원서와관련된다섯명사태또아선택했다.
p41_u79,p41,ce_visible,근데
p41_u79,p41,ce_invisible,또경찰은전북자원봉사센타에서발견된민주당이당원서와관련된다섯명다선택했다.
p41_u80,p41,taps,송하진전기사를보자던전기사실장과예산가정된고깃집들이성댄것으로판부른다.
p41_u80,p41,ce,아니보다수있다는거아옛날마당이된거로막
p41_u80,p41,ce_s40,"아니, 안쓰면돼?"
p41_u80,p41,ce_s80,아니나는기다릴거다.
p41_u80,p41,ce_s160,아니
p41_u80,p41,taps_s80,송하진전기사를보자던전기사시장과예산가정된고깃집들이성분것으로판부른다.
p41_u80,p41,taps_s160,송하진전기사를보자던전기사실장과예산가정된고깃집들이평된것으로판부딪힌다.
p41_u80,p41,ce_visible,아니보다수있다는거아비꼬로
p41_u80,p41,ce_invisible,송하진전기사를보자던전기사시장과예산가정된고깃집들이성댄것으로판부른다.
p41_u81,p41,taps,경찰은잃을거운데일부에대해선구속경찰도검토하는것으로알려줬어.
p41_u81,p41,ce,"다른일, 하는거아니에요."
p41_u81,p41,ce_s40,일일이아니다.
p41_u81,p41,ce_s80,다른일  없는데
p41_u81,p41,ce_s160,다른일을한요금있다고아니
p41_u81,p41,taps_s80,경찰은이전의검은대일부에대해선구속경찰도검토하는것으로알려줬어.
p41_u81,p41,taps_s160,경찰은이전에일부에대해선구속경찰청도검토하는것으로알려줬어.
p41_u81,p41,ce_visible,일일
p41_u81,p41,ce_invisible,경찰은잃을거운데일부에대해선구속경찰도검토하는것으로알려줬어.
p41_u82,p41,taps,단계가면학생증한건사실인산이라정확한건받을수없다고말했다.
p41_u82,p41,ce,광대광고는하겠아니라한건먹을수없다고말했다.
p41_u82,p41,ce_s40,광주에광고는하겠아니라학군건없다고말했다
p41_u82,p41,ce_s80,간게나는학벌이면아니라간건없다고말했다.
p41_u82,p41,ce_s160,광주의관계는아니라너가방금말낄수없다고말했다.
p41_u82,p41,taps_s80,전철단계자는학생간건사실이산이라정확한건받을수없다고말했다.
p41_u82,p41,taps_s160,인사해면학생간건사실인산이라좋아한건받을수없다고
p41_u82,p41,ce_visible,광대광고는하겠아니라한건먹을거없다고말했다.
p41_u82,p41,ce_invisible,단계가면학생증한건사실인산이라정확한건받을수없다고말했다.
p41_u83,p41,taps,한편경찰은이번사건과갈려면전현직전복도공무원열명과선정복자원공과센터장명을이때만정태다.
p41_u83,p41,ce,
p41_u83,p41,ce_s40,
p41_u83,p41,ce_s80,
p41_u83,p41,ce_s160,
p41_u83,p41,taps_s80,한편경찰은이번사건과갈려면전현직전복도공무원열명과선정복자원공과센터장등스물아홉명을이따만정태다.
p41_u83,p41,taps_s160,"한편경찰은이번사건과갈려면전현직전복도공무원, 열명과선정복자원공과센터장명을이때만정태다."
p41_u83,p41,ce_visible,
p41_u83,p41,ce_invisible,한편경찰은이번사건과갈려면전현직전복도공무원열명과선정복자원공과센터장명을이때만정태다.
p41_u84,p41,taps,국민에행잔남도다니지방선거에출먹는잔대장과이원당열다섯명의갱년.
p41_u84,p41,ce,아니열등감에공해.
p41_u84,p41,ce_s40,간대. 연장열다섯명
p41_u84,p41,ce_s80,아
p41_u84,p41,ce_s160,
p41_u84,p41,taps_s80,국민에행잔남도다니지방거의출망할잔테장과이원금열다섯명의갱년.
p41_u84,p41,taps_s160,국민에행잔남도다니지방거의출범할잔대장과이원금열다섯명의갱년.
p41_u84,p41,ce_visible,난열등감에공
p41_u84,p41,ce_invisible,국민에행잔남도다니지방선거에출범하테장과이원당열다섯명의갱년.
p41_u85,p41,taps,이국민해면제 7시 7차최고위원회를너이고제팔에전국동시지방선거에치앙을전남지역후보제열다섯에대한공케은최소이겨야겠다.
p41_u85,p41,ce,일국민이면애들위원회를늘고예근데방금이방송을전남기전다섯명의누나는태도이겨냈다.
p41_u85,p41,ce_s40,일국민이면애들위원회를늘고예방에방법이이방송통과했지만은전남미용다섯명이구나는태도이겨냈다.
p41_u85,p41,ce_s80,일국민이면애들최고위원회를늘고내편의방금이방송을전남미용부장을다섯명이너랑세종의견했어.
p41_u85,p41,ce_s160,일국민이면애들최고위원회를늘고예근데영국동국입영동구했지만남 EP 14명이드라문구는해병의견했다고.
p41_u85,p41,taps_s80,이국민해면제 779 제 8회전국동시지방선거에치방을전남지역후보제열다섯명에대한공케은최소이겨야겠다.
p41_u85,p41,taps_s160,이국민해면제 779 제 8해전국동시지방선거에치앙을전남지역후보제열다섯명에대한공케은최소이겨야겠다.
p41_u85,p41,ce_visible,일국민이면 47 연애를내고예근데방금이방송을전남기전다섯명의누나는태도의견에없다.
p41_u85,p41,ce_invisible,이국민해면제 77 차곡위한애를너이고제팔에전국동시지방선거에치앙을전남지역후보제열다섯에대한공케은최소이겨야겠다.
p41_u86,p41,taps,"지초단체장후보는여섯시장신용원, 선평분수, 김예성, 김도분수김정에영암본수인대한됩니다."
p41_u86,p41,ce,이때단떼장그뭐냐여기서앙숙병원영문평등영암이다.
p41_u86,p41,ce_s40,반대땅그뭐냐여기서항순영문평균수있는방인도구는소속인당영암은인대형이다.
p41_u86,p41,ce_s80,반대짱구는수있는방인덕원수인당영암은인당이다.
p41_u86,p41,ce_s160,이뻐남자는여부시장찜용순종본수준으로방인도군수인장영암인데
p41_u86,p41,taps_s80,"지초단대장후보는여섯시장신용원, 선평분소, 김유성, 김도분수긴정해영한군수인대한됩니다."
p41_u86,p41,taps_s160,"지초단대장후보는여섯시장신용온, 선평분수, 김예성, 긴도본수김정에영환본소인대한됩니다."
p41_u86,p41,ce_visible,이때단떼장그뭐냐여기서앙숙병원영문평등영암동이다.
p41_u86,p41,ce_invisible,"기초단체장후보는여섯시장신용원, 선평분수, 김예성, 김도분수김정현수인대한됩니다."
p41_u87,p41,taps,"미래에의원두번은전남도의원들에전서현김연석, 채명인여섯시원길에박정서모코시현비리권이란순길에이시인으로확장있어."
p41_u87,p41,ce,한남동이래한번이면시원일병일에원이랑이래이세인으로활동했다.
p41_u87,p41,ce_s40,이번은한남동이래한번이면시원이래학문이래이거는이세으로
p41_u87,p41,ce_s80,이번은한남동이래한번이면시원일에학비원이래언니랑이번일에이세인으로활동했다.
p41_u87,p41,ce_s160,한남동이래언니는이세인으로활동했다
p41_u87,p41,taps_s80,"드래연후보는전남도의원들에전서현김연석, 채널인여섯시원길에박정석목포시원비례권이란순디에이시인으로홍삼있다."
p41_u87,p41,taps_s160,"드래연후보는전남도의원들에전서현김연석, 채널이 6시원길에박정석목포시현의권이란순길에이시엔으로확장있다."
p41_u87,p41,ce_visible,한남동이래한번이면시원일병일에원이랑이래이세인으로활동했다.
p41_u87,p41,ce_invisible,"미래에의원두번은전남도의원들에전서현김연석, 채명인여섯시원길에박정서모코시현비리권이란순길에이시인으로확장있어."
p41_u88,p41,taps,"기초의원, 성구그거는순산시원가육상오순산시원다뭐페미나두시위원다최정법연강구우원나장현진진도구이먼구입가이득진이다."
p41_u88,p41,ce,홍아
p41_u88,p41,ce_s40,아아
p41_u88,p41,ce_s80,아
p41_u88,p41,ce_s160,아
p41_u88,p41,taps_s80,"기초의원, 성구그거는순위원가육상오순산시원다뭐페미나두시위원다최정법연강구우원나장현진진도구이원구입가이득찐득이다."
p41_u88,p41,taps_s160,"기초의원, 성구그거는순산시원가육상순위원다민나두시위원다최정법연강구우원나장현진진도구이원구입가이득진이다."
p41_u88,p41,ce_visible,아
p41_u88,p41,ce_invisible,"기초의원, 성구그거는순산시원가육상오순산시원다뭐페미나두시위원다최정법연강구우원나장현진진도구이먼구입가이득진이다."
p41_u89,p41,taps,전남도당은지난달사이래서파일지방선거후보자리를잡고이기시험과공성관리이외네일면적인젠해먹다.
p41_u89,p41,ce,한남도나는이빵있더라. 이
p41_u89,p41,ce_s40,한남동에서관리해
p41_u89,p41,ce_s80,암담도이빵빵해서이
p41_u89,p41,ce_s160,빵빵
p41_u89,p41,taps_s80,전남도당은지난달사이래서파일지방선거후보자리를잡고후기시험과공성관리이외네이면접시장을했다.
p41_u89,p41,taps_s160,전남도당은지난달사일에서차라리지방선거후보자리를적극히시험과 0성관리이외네일면적인증도없다.
p41_u89,p41,ce_visible,한남도나는이빵있더라. 이남자배우
p41_u89,p41,ce_invisible,전남도당은지난달사일에서 8일지방선거후보자리를잡고후기시험과 0성관리이외네이면접신도없다.
p41_u90,p41,taps,"이후성건강, 특혜당산과공천배신문단, 인형이어내신이든오단계를같이훠궈를최고이연에환경에얘기해놨다."
p41_u90,p41,ce,잠깐배신연단혼자이연애생각못당일날같은연애이겨냈다
p41_u90,p41,ce_s40,잠깐배웠으면난혼자이연애생각못하게될거같은연애이겨냈다
p41_u90,p41,ce_s80,홍공단이런오단기간후연애이겨냈다
p41_u90,p41,ce_s160,아배신연단기연애는못하게될거같은
p41_u90,p41,taps_s80,"이후성분단택배성장과공천배신문단, 인형이연의신이든오단계를같이북어들을최고이연애성경에얘기해놨겠다."
p41_u90,p41,taps_s160,"이후성건강, 특혜성산과공천배신원단인용이어내십이등오단계를갖친구가최고의환경에얘기해놨다."
p41_u90,p41,ce_visible,잠깐이연애생각못당일날같은연애이겨냈다
p41_u90,p41,ce_invisible,"이후성건강, 특혜당산과공천배신문단, 인형이어내신이든오단계를같이훠궈를최고이연에환경에얘기해놨다."
p41_u91,p41,taps,국민의행전남도당연역대최고의성적을늘수있도록최신을당하겠다며소소가없는선거고에대한추가금을오는 6일까지쉬지한다고밝겠다.
p41_u91,p41,ce,국민전남대가면역대최고의성경을하겠다면꾸역꾸없는한국에대한호박머를 6일까지후식한다고보겠다.
p41_u91,p41,ce_s40,국민전남대당은몇대후에성적을늘지않으니까없는한국에대한호박머를 6일까지훈제한다고보겠다.
p41_u91,p41,ce_s80,국민전남대당은몇대후에성적을늘지않효과가없는한국에대한호박머를 6일까지흡수한다고벌겠다.
p41_u91,p41,ce_s160,전남대랑은몇백육오를낼때면딱히없는한국에대한호박머를 6일까지잇다고볼거
p41_u91,p41,taps_s80,국민의행전남도당연히역대최고의성적을늘수있도록세순을당하겠다며호소제가없는선거고에대한추가금뭐를오는 6일까지실시한다고밝겠다.
p41_u91,p41,taps_s160,국민의행전남도당연히역대최고의성적을늘수있도록세순데당하겠다며소소자가없는선거고에대한추가금머를오는 6일까지실시한다고긁었어.
p41_u91,p41,ce_visible,국민전남대가면몇대 750점을늘지효과가없는한국에대한호박머를 6일까지후식한다고보겠다.
p41_u91,p41,ce_invisible,국민의행전남도당연역대최고의성적을늘수있도록최신을당하겠다며소소가없는선거고에대한추가공을오는 6일까지쉬지한다고밝겠다.
p41_u92,p41,taps,풍선북부청은내년 3월에대기를목로나로했게입학대회를이길궁고했다.
p41_u92,p41,ce,형석이형은내년에목노나눠있게되는영환이일공부했더라.
p41_u92,p41,ce_s40,형광국은내년 3월에그이걸목우나로입학하는유격을이길이농구했드라.
p41_u92,p41,ce_s80,형석이형은내년 3월에그이걸목우나로께입학하는 6억을 2일연구했드라.
p41_u92,p41,ce_s160,형성도그병원내년에그냥이걸목우나로입학하는유격을이길이농구했
p41_u92,p41,taps_s80,승성북도교육형은내년 3월에대기를목로나로이케입학전형을이길이궁고했다.
p41_u92,p41,taps_s160,승승복도교육청은내년 3월에대기를목로나로했게입학전형인원을이길궁금했다.
p41_u92,p41,ce_visible,형그니까이걸목우나로입학하는유형을이길이농구했드라.
p41_u92,p41,ce_invisible,풍선북도교육청은내년 3월에대기를목로나로했게입학대회를이길궁고했다.
p41_u93,p41,taps,이학교는자아탐과일로설계를고민하는고교 1학년학생회대상으로곡스를찾을수있도록원서학교 2학년으로돌려보내는끼년생빈디.
p41_u93,p41,ce,이번교는약간물로활개를고민하는목요학생회배경으로원서학교 2학년으로돌려본애는 1년 5년공부
p41_u93,p41,ce_s40,이번교는약간올려  빨개를고민하는목요이런거밖에없기를원이학년으로돌려본애는 1년도로공연
p41_u93,p41,ce_s80,이번교는약간물로발괴를고민하는목요이런거밖에없기를바꿀수있도록원서학교 2학년으로돌려본애는 1년도학교
p41_u93,p41,ce_s160,이번교는아딴데올려  빨개를고민하는목요이런거학생회장으로업그레이드학교 2학년으로돌려본애는 1년 5년공부
p41_u93,p41,taps_s80,이학교는자아탐제과딜러설계를고민하는고교 1학년학생회를대상으로곡귤을찾을수있도록원서학교 2학년으로돌려보내는끼년생빈디.
p41_u93,p41,taps_s160,이학교는자아탐제과진로설계를고민하는고교 1학년학생회를대상으로곡스를찾을수있도록원서학교 2학년으로돌려보내는끼면제악기론빈디.
p41_u93,p41,ce_visible,이번교는약간고민하는목요학생회배당으로오기를 8교 2학년으로돌려본애는 1년 5년공부
p41_u93,p41,ce_invisible,이학교는자아탐과일로설계를고민하는고교 1학년학생회대상으로곡스를찾을수있도록원서학교 2학년으로돌려보내는끼년생빈디.
p41_u94,p41,taps,올해그건대상은내년에도내고등학교에대학이현재도다학년학생이다.
p41_u94,p41,ce,올해그건데나는내년에너네고등학교약이홍대꾸왔겠다.
p41_u94,p41,ce_s40,올해그건내방은내년에보는고등학교약해병이홍대거밖에한번얘기해봐.
p41_u94,p41,ce_s80,올해그건내방은내년에교내고등학교약혜경이홍대부께가면
p41_u94,p41,ce_s160,올해그건내방은내년에너네고등학교홍대부맞겠다. 후병이다.
p41_u94,p41,taps_s80,올해그건대상은내년에도내고등학교에대학배경이현재도담양했습니다.
p41_u94,p41,taps_s160,올해그건대상은내년에도내고등학교에대학이현재두학기다먹는학생이다.
p41_u94,p41,ce_visible,올해그건데나는내년에너네고등학교약이홍대꾸왔겠다.
p41_u94,p41,ce_invisible,올해그건대상은내년에도내고등학교에대학이현재도다학년학생이다.
p41_u95,p41,taps,"모집이노는남녀공학집, 스물네명이니. 원두업무기간은특송하고특기한달이기 5일부터일반고원서마감이고 12월 15일까지."
p41_u95,p41,ce,모집인면은남녀공부업그도스물네명인이와원두석위가는네명이딱꺼내는다음달이게 5일부터일반구원사마감일이 1월 5일까지가
p41_u95,p41,ce_s40,모집인호는남녀구분납기모두스물네명인이와원두업적기반은네명이스않는다음달이게 5일부터일반구원사마감일이 1월 7월까지가
p41_u95,p41,ce_s80,모집인호는남녀공부납기모두스물네명인이와. 원두업적기관은어떻게네명이짝때는다음달이게 5일부터일반구원원서마감일이 12월 15일까지
p41_u95,p41,ce_s160,"모집이면은남녀공부납기모두스물네명, 원두업적기간은어떻게네명이짝때는다음달이게 5일부터예당구원서마감일이 1월 7월까지가"
p41_u95,p41,taps_s80,모집인오는남녀공분없지뭐두스물네명두덥수기간은특송하고특기제목이시작되는다음달이게 5일부터일반고원서마감일인 12월 15일까지너.
p41_u95,p41,taps_s160,모집이는남녀공학이니원두덕소기가특성화고특별히이게부터일반고원서마감이고있다.
p41_u95,p41,ce_visible,모집인면은남녀구분납기모두스물네명인이와원두석위가는네명이딱꺼내는다음달이게 5일부터일반구원사마감일이 1월 5일까지가
p41_u95,p41,ce_invisible,"모집이노는남녀공학집, 스물네명이요. 원두업무기간은특송하고특기한달이기 5일부터일반고원서마감이고 12월 15일까지."
p41_u96,p41,taps,합격권은자기석에서와꽁호이긴서를바탕으로한면접을봤어내년 1월 22일최전결이됐다.
p41_u96,p41,ce,학교는자기소개서일인거를봤던거로한면접을봤어내년 1월 22일정도
p41_u96,p41,ce_s40,약간은자기소개서이런거를봤던걸로한면접 1월 22일정도
p41_u96,p41,ce_s80,약간은자기소개서일은화를바탕으로한몇년일월이일이넘다고
p41_u96,p41,ce_s160,일단은자기소개서일본사를받던거로한면접을봤고내년 1월 22일 3권된다.
p41_u96,p41,taps_s80,합격권은자기석에서공호이긴서를바탕으로한면접을내년 1월 20일최종결젠데
p41_u96,p41,taps_s160,합격권은자기석에서 o 이긴서를바탕으로한면접을버텨. 내년 1월 20일최종결된다.
p41_u96,p41,ce_visible,학교는자기소개서일반봤던거로한면접을봤어내년 1월 22일저녁낸다고
p41_u96,p41,ce_invisible,합격권은자기석에서와꽁호이긴서를바탕으로한면접을봤어내년 1월 20일최전결이됐다.
p41_u97,p41,taps,목도나로학교는꼴에 3월에태균에계산목도고가더난공공학교로셋집을하면얻은이름이다.
p41_u97,p41,ce,목도나를오래이름
p41_u97,p41,ce_s40,목도나루먹고는오래잠을옛약간목도구가애한애거든이름을
p41_u97,p41,ce_s80,목도나눠먹고는오래잠을옛얘가목도구가연암리에대한학교로다녀오는이름도
p41_u97,p41,ce_s160,목도나르고는오래잠을옛얘가목도구가연하공무학교로다녀오는이름이
p41_u97,p41,taps_s80,목도나로는꼬래 3월에태균이계산목도고가더난공공학교로셋집에가면든일합니다.
p41_u97,p41,taps_s160,목도나로학교는꼴에 3월에태균에계산목도고가전한국공립대인학교로셋집에담요얻은일합니다.
p41_u97,p41,ce_visible,목도예쁘고목도아니고
p41_u97,p41,ce_invisible,목도나로학교는꼴에 3월에태균에계산목도고가더난공공학교로셋집을하면얻은이름이다.
p41_u98,p41,taps,교명애는배가닿고또나는나루처럼새로운도전과다양한  염색을더자신을성탈하고인생에목표를세우는했고나는의미가담겨있다.
p41_u98,p41,ce,그명은배구다꽃도나는나루처럼해놓은보존과다양한상의능력자긴해성당하고인구는목구를세우는학교나는인위가남겨있어.
p41_u98,p41,ce_s40,그면은배구다꽃도나는나루처럼해놓은보던가다야상처를동네자기네상중하고인구는목도를세우는학교나는인위가남겨있어.
p41_u98,p41,ce_s80,그면은배달것두나는나루처럼해놓은보던가다야상대동네자기네상중하고인구는목도를세우는학교나는인위가남겨있어.
p41_u98,p41,ce_s160,"그러면은베그닥나는나루처럼해놓은보존과다양한상위권이고, 자기네상중하고인구는목구를세우는학교나는인위가남겨있어."
p41_u98,p41,taps_s80,교명은배가다꺼도나는나루처럼새로운도전과다양한범색을더자신의성착하고인생에목표를세우는했고나는의미가담겨있다.
p41_u98,p41,taps_s160,교명애는베가닥것두나는나루처럼새로운도전과다양한탐색을더자신의성착하고인생에목표를세우는했고나는의미가담겨있다.
p41_u98,p41,ce_visible,그명은배구다꽃도나는나루처럼해놓은보존과다양한상의능력자긴해성당하고인구는목구를세우는학교나는인위가남겨있어.
p41_u98,p41,ce_invisible,교명애는베가다것도나는나루처럼새로운도전과다양한  염색을더자신을성탈하고인생에목표를세우는했고나는의미가담겨있다.
p41_u99,p41,taps,또배경연전소금배가두나들은목도나루에기업은갤럭일을못하겠다.
p41_u99,p41,ce,해결이완전먹고나를껴령이런거해갔다.
p41_u99,p41,ce_s40,애견완전먹고나를액티비공이런거
p41_u99,p41,ce_s80,애견한번애교
p41_u99,p41,ce_s160,애견완전호응될건먹구나루액격봉
p41_u99,p41,taps_s80,또배경연전소금배가두나들은목도나루에기업공으로계려일을못하겠다.
p41_u99,p41,taps_s160,또배경연전소금배가두나들은목도나루에기업은백령이런붙어.
p41_u99,p41,ce_visible,애견완전먹고나액티머이런거해갔다.
p41_u99,p41,ce_invisible,또배경연전소금배가두나들은목도나루에기업은갤럭일을못하겠다.
p56_u00,p56,taps,전부이딴신은농민들의농작비계화를지원하기위에농기계임대사업수인형을통이다양한서비스를제공하고있다고집이발켰다.
p56_u00,p56,ce,너무해하고있다고알고왔다.
p56_u00,p56,ce_s40,안그러겠지너무딱너무귀여운애다배고있다고알고왔다.
p56_u00,p56,ce_s80,안보게난너무힘들어너무딱위에너무기대있는데앞으로우리양구동이다있배고있다고할것있다.
p56_u00,p56,ce_s160,안보게난너무힘들어너무딱해와배경하고있다고알고왔다.
p56_u00,p56,taps_s80,전부기교환신은농민들의농대가기괴화를지원하기위해농기계인데임대사업수인형을통이다양한서비스를제공하고있다고 10이밝혔다.
p56_u00,p56,taps_s160,전부기상시는노민들의농담비계화를지원하기위해농기계인데사업사임용을통이다양한서비스를제공하고있다고집이밝혔다.
p56_u00,p56,ce_visible,너무아하고있다고알고왔다.
p56_u00,p56,ce_invisible,전부이딴신은농민들의농작비계화를지원하기위에농기계임대사업수인형을통이다양한서비스를제공하고있다고집이발켰다.
p56_u01,p56,taps,시로거리가멀어이용해소소하는농업인을위에농기계배달음성료지원범위를 90퍼센트까지확대했다.
p56_u01,p56,ce,일오이영화는너무하기는위에옮기겠다.
p56_u01,p56,ce_s40,그뭐라이용할때너마비는위에눈빛으로이러고
p56_u01,p56,ce_s80,우리가말하고있는위에옮기겠다그리고많이확해.
p56_u01,p56,ce_s160,우리가뭐라이런것도해보고하는방법위에농기에공기업이래. 많이확  해봐
p56_u01,p56,taps_s80,시려거리가멀어이용해줄타는소소하는농업인을위에  넘기게배달음성료지원범위를 90%까지확되겠다.
p56_u01,p56,taps_s160,시려거리가멀어이용해불편한소소하는농업인을위에  넘기게배달음성의지원범위를구십퍼센트까지확대했다.
p56_u01,p56,ce_visible,일오이영화는너무하기는위에농기했다로많이
p56_u01,p56,ce_invisible,시로거리가멀어이용해줄타는소소하는농업인을위에농기계대단료지원범위를 90퍼센트까지확대했다.
p56_u02,p56,taps,2에따라농업이는일오정도에음성료만부담하면문법작업기계를사람수있게됐다.
p56_u02,p56,ce,아일본만너무
p56_u02,p56,ce_s40,예비는 1년만이만없다면농담으로
p56_u02,p56,ce_s80,예비는 1년만농담으로
p56_u02,p56,ce_s160,아일본
p56_u02,p56,taps_s80,2에따라농업이는일오정도에음성료만부담하면문작업해서기계를잘할수있게됐다.
p56_u02,p56,taps_s160,이에따라농업이는일오정도에음성료만부담하면문작업기계를잘수있게
p56_u02,p56,ce_visible,아일본만너무
p56_u02,p56,ce_invisible,이에따라농업이는일오정도에음성료만부담하면문법작업기계를사람수있게됐다.
p56_u03,p56,taps,"또영롱차린 3, 4월에는토, 일일에도인대농업기계를이용한수있도록했다."
p56_u03,p56,ce,또 0 아니면 3회가 6월에는또일요일이래도인대농업무계를이어폰이있도록아
p56_u03,p56,ce_s40,또 0 아니면 3회가 6월에는또일요일이래도있는데업무계를이어폰이있도록아
p56_u03,p56,ce_s80,어영웅 3일인가 6월에는또일요일이래도인대농업무계를이어있도록아
p56_u03,p56,ce_s160,또 0만 6월에는또일요일이래도있는데로압두개를이용할수있도록아
p56_u03,p56,taps_s80,"또영롱차린 3, 4월에는토, 일일에도인대농업기계를이용할수있도록했다."
p56_u03,p56,taps_s160,"또영롱차린 3, 4월에는토, 일일에도인대농업기계를이용한수있도록했다."
p56_u03,p56,ce_visible,또 0 아니면 3회가 6월에는또일요일이래도인대농업무계를이어폰이있도록아
p56_u03,p56,ce_invisible,"또영롱차린 3, 4월에는토, 일일에도인대농업기계를이용한수있도록했다."
p56_u04,p56,taps,9에서 11월에도과을영철시근무를통해언제라도농작을할수있도록농가를적극지원한다.
p56_u04,p56,ce,11월에도아이양 4일근무일때언제라도농작을할수있다뭔가를지원한다.
p56_u04,p56,ce_s40,구해서 11월에도과일영롱 8시공부를언제라도농작을할수있도록뭔가를지원한다.
p56_u04,p56,ce_s80,11월에도아이양롱 11개언제라도농협할수있고뭔가를지원한다.
p56_u04,p56,ce_s160,11월에도아이양롱끌어도농담을할때뭔가를지원한다.
p56_u04,p56,taps_s80,9에서 11월에도과을영철시근무를통해언제라도농작을할수있도록농가를적극지원한다.
p56_u04,p56,taps_s160,9에서 11월에도과일영철시근무를통해언제라도농작을할수있도록농가를적극지원한다.
p56_u04,p56,ce_visible,11월에도아이양팔세군데언제라도농작을할뭔가를지원한다.
p56_u04,p56,ce_invisible,9에서 11월에도과을영철시근무를통해언제라도농작을할수있도록농가를적극지원한다.
p56_u05,p56,taps,신림또유거견은두벼인들에인기기종백오대를추가했다.
p56_u05,p56,ce,육아교육원에이르
p56_u05,p56,ce_s40,또육아교육원에이르
p56_u05,p56,ce_s80,육아교육과
p56_u05,p56,ce_s160,유급이
p56_u05,p56,taps_s80,신림은또유거견은두려워농민들의인기종팩오대를추가했다.
p56_u05,p56,taps_s160,심지어또 6억은드려농민들의인기종들을추가했다.
p56_u05,p56,ce_visible,또육아교육원에인구
p56_u05,p56,ce_invisible,신림또유거견은두벼인들에인기기종백오대를추가했다.
p56_u06,p56,taps,농업기계세탁정도운영요원두명한테농업기계인대사용은세탁하고반납하는데듣는시간과노력을잘감았어.
p56_u06,p56,ce,너입에있는데
p56_u06,p56,ce_s40,어이게있는데
p56_u06,p56,ce_s80,어이게있는데
p56_u06,p56,ce_s160,아
p56_u06,p56,taps_s80,농업기계세탁정도운영요원두명한테농업기계인대사용은세탁하고반납하는데듣는시간과노력을잘감시도록지원하기있다.
p56_u06,p56,taps_s160,농업기계세탁정도운영요원두명한테농업기계인대사용은세탁하고반납하는데듣는시간과노력을절감할수있도록지원하고있다.
p56_u06,p56,ce_visible,너입에아
p56_u06,p56,ce_invisible,농업기계세탁정도운영요원두명한테농업기계인대사용은세탁하고반납하는데듣는시간과노력을잘감았어.
p56_u07,p56,taps,"농업기계인대사업서는허위한본소와동부남부, 분소, 세구시운영되고있으면지난해인대건수가한 357"
p56_u07,p56,ce,와이런
p56_u07,p56,ce_s40,너무와있느냐이런
p56_u07,p56,ce_s80,와
p56_u07,p56,ce_s160,이거와보면서해꼬아
p56_u07,p56,taps_s80,"농업기계인대사업은황의원본소와동부남부, 분소세군이운영되고있으며지난해인대건수가 53 대 5시 1권을다했다."
p56_u07,p56,taps_s160,"농업기계인대사는황의원본소와동부남부, 분소세고시운영되고있으며지난해인대건수가 53 대 5시 1권을다했다."
p56_u07,p56,ce_visible,확률와.
p56_u07,p56,ce_invisible,"농업기계인대사업서는허위한본소와동부남부, 분소, 세구시운영되고있으면지난해인대건수가한 357"
p56_u08,p56,taps,"15일로네시오십오분께정비 8시동패동, 운정신로시에한아파트실습행산지하에서콘크리트양생작업중글로자방수가 14에중급되는사공삼"
p56_u08,p56,ce,이번에옷이뭐보게빠그스장르지마라지아이패드사고날밥도안해하고
p56_u08,p56,ce_s40,이번에오후네시뭐본게양이빠른시봉배동새것안받으세요하고맨날사고만왔다
p56_u08,p56,ce_s80,이번에오후네시뭐오게받으세요? 봉구동세번안빠지지동그는사고만왔다
p56_u08,p56,ce_s160,이번에오후네동운동세로지에하나받듯이봉급은사고가났다.
p56_u08,p56,taps_s80,"15일로네시오십오분께경기 8시동패동, 운정신로시에한아파트실습행산지하에서코그리트양슨작업중글로자방수가 1등에중급되는사공삼"
p56_u08,p56,taps_s160,15일로네시오십오분께변기파듯이동폐동시로시에한아파트쉴드행상지하에서콘크리트양슨작업중글로자수가 1등에중급되는사고사람없다.
p56_u08,p56,ce_visible,이번에옷이뭐보게빠그니본게너무은까셋러지에만아파도여긴하고맨날사고만왔다
p56_u08,p56,ce_invisible,"15일로네시오십오분께정비 8시동패동, 운정신로시에한아파트실습행산지하에서콘크리트양생작업중글로자방수가 14에중급되는사공삼"
p56_u09,p56,taps,소감극은중상세영경상 6 명등아한명의부상자를병원으로인성에있다.
p56_u09,p56,ce,아
p56_u09,p56,ce_s40,아
p56_u09,p56,ce_s80,
p56_u09,p56,ce_s160,아
p56_u09,p56,taps_s80,"소바근중상세영, 경상여금아한명의부정자를병원으로인성에있어."
p56_u09,p56,taps_s160,"수강국은중상세영, 경상 6등, 아한명의부상자를병원으로인성에있다."
p56_u09,p56,ce_visible,아
p56_u09,p56,ce_invisible,소감극은중상세영경상 6 명등아한명의부상자를병원으로인성에있다.
p56_u10,p56,taps,이식에어떤중상자 2명은현재복에생윤을지장이없는것으로잠이높다.
p56_u10,p56,ce,이십이었던것한네번빼고
p56_u10,p56,ce_s40,이십이몇번잡는
p56_u10,p56,ce_s80,이십이일안먹어서
p56_u10,p56,ce_s160,이십이일다했지.
p56_u10,p56,taps_s80,이식에어떤중상자 2명은현재복에생이없는것으로잠이더
p56_u10,p56,taps_s160,이식이어떤중성자분야만현대생각해보는것으로잠해졌다.
p56_u10,p56,ce_visible,의심이없던
p56_u10,p56,ce_invisible,이식에어떤중상자 2명은현재복에생윤을지장이없는것으로잠이높다.
p56_u11,p56,taps,"당초에는중상매면강사여, 150 초 20개부상자가발생한것으로알려줬어. 단순히해서자야될거"
p56_u11,p56,ce,엄청애매해엄청열정도있
p56_u11,p56,ce_s40,엄청애매해엄청열정도엄청있
p56_u11,p56,ce_s80,엄청애매해엄청열받는게오르이
p56_u11,p56,ce_s160,은평예민해엄청야일본어
p56_u11,p56,taps_s80,"당초에는중상매명강사여, 150 총 20개부상자가발성한것으로알려줬어. 단순수비담은직기에서자야될거"
p56_u11,p56,taps_s160,"당초에는중상매명강사여, 7년초 20개부상자가발상한것으로알려줬어. 단순수비증기에서사야될거"
p56_u11,p56,ce_visible,엄청애매해엄청야일본어있음
p56_u11,p56,ce_invisible,"당초에는중상매면강사여, 150 초 20개부상자가발생한것으로알려줬어. 단순히해서자야될거"
p56_u12,p56,taps,파만토한호소하는글로자들을추구하는서부상자가늘어날수있어.
p56_u12,p56,ce,
p56_u12,p56,ce_s40,아
p56_u12,p56,ce_s80,
p56_u12,p56,ce_s160,
p56_u12,p56,taps_s80,다만통한호소하는글로저기를튀겨서부상자가누가날수있다.
p56_u12,p56,taps_s160,파만소하는글로자들을추구파악중이어서부상자가늘어날수있어.
p56_u12,p56,ce_visible,
p56_u12,p56,ce_invisible,파만토한호소하는글로자들을추구하는서부상자가늘어날수있어.
p56_u13,p56,taps,학원은코드양식작업중또나가발라한곳으로추앙된다
p56_u13,p56,ce,야
p56_u13,p56,ce_s40,약
p56_u13,p56,ce_s80,응아
p56_u13,p56,ce_s160,약
p56_u13,p56,taps_s80,학원은코드양생작업중하나발령거으로주면된다.
p56_u13,p56,taps_s160,학원은코리트양생작업중도나발량한곳으로추앙된다.
p56_u13,p56,ce_visible,약어
p56_u13,p56,ce_invisible,학원은코드양식작업중또나가발라한곳으로추앙된다
p56_u14,p56,taps,간길당곡은구조배정인력하는 8명과단기열 1 배은도움하고 9급공무원일당개를단령했다가인하오후 6시 15분께그랬다.
p56_u14,p56,ce,한개당 2억한열얼마가한열열옴하고반려갔다가아이하오후 6
p56_u14,p56,ce_s40,한개당 2억한열알열일곱한국
p56_u14,p56,ce_s80,한개당 2억한열알열일곱한국
p56_u14,p56,ce_s160,한개당 2 학열명과한열열옴하고반려먹다가아이아오후 6
p56_u14,p56,taps_s80,간게당국은구조배정인력하는 8명과단비열일배정은도움하고 9급공무원일당개를발령했다가인하오후 6시 15분께했다.
p56_u14,p56,taps_s160,간게당극은구조배정인력하는역활용과장비열일배정은도움하고 9급공무원일당개를발령했다가인하오후 6시 15분께했다.
p56_u14,p56,ce_visible,한개당 2억한열얼마가한열열옴하고반려갔다가아이하 5게아
p56_u14,p56,ce_invisible,간길당곡은구조배정인력하는 8명과단기열 1 배은도움하고 9급공무원일당개를단령했다가인하오후 6시 15분께그랬다.
p56_u15,p56,taps,살짝감사의현장에서콘크리트중에보온양생활할때니패륜장에서난로를피우다가일산화탄소중독으로이어질수있다.
p56_u15,p56,ce,그사람영상할때날로뛰어다가일빠르고있다
p56_u15,p56,ce_s40,그사람꽁짜릴때도영상을듯해서날로뛰어다가일빠르고있다
p56_u15,p56,ce_s80,그사람당해서꽁짜릴때도영상을듯해서날로뛰어다가일빠르다고해서
p56_u15,p56,ce_s160,그현장에서끊그라미드넘어갈때하면서나도노래찍어다가일빠르다고해야될수있다.
p56_u15,p56,taps_s80,살짝감사현장에서콘크리트중에보온양생활할때이패륜장에서난로를피우다가일산화탄소중독으로이어질수있다.
p56_u15,p56,taps_s160,살짝감사현장에서콘크리트중에보안양생활할때이패딩은현강에서난로를피우다가일산화탄소중독으로이어질수있다.
p56_u15,p56,ce_visible,그사람양생활할때날로뛰어다가
p56_u15,p56,ce_invisible,살짝감사의현장에서콘크리트중에보온양생활할때이패륜장에서난로를피우다가일산화탄소중독으로이어질수있다.
p56_u16,p56,taps,일산화탄소는무색미에기체로갈이나호프온려가불안전연수할때발상한다.
p56_u16,p56,ce,일당이서는무색무지에밑으로갈수있는인류가한잔양식을받는다.
p56_u16,p56,ce_s40,1등에서는무대무주에입대로인류가완전양주몇개봤는데
p56_u16,p56,ce_s80,1등에서는 500 대로 62
p56_u16,p56,ce_s160,1층에서는무색무지에밑으로갈수있는인력한건연구이렇게
p56_u16,p56,taps_s80,일산화수는무색미로갈이나후쿠오등연료가불안전연수할때발상한다.
p56_u16,p56,taps_s160,일산화수는무색미채로갈이나후쿠오단렬가불안전연수할때발상
p56_u16,p56,ce_visible,일당이서는무색무지에밑으로갈수있는인류가완전양심이컸는데
p56_u16,p56,ce_invisible,일산화탄소는무색미에기체로갈이나호프온려가불안전연수할때발상한다.
p56_u17,p56,taps,문제일내통역은 25일차와될여의관해서마지막수속부작간회의를주지하고감해가기타고소감을밝혔어.
p56_u17,p56,ce,근데뽕양은 25일토요일날영화관에서마지막화를보게하고안해
p56_u17,p56,ce_s40,문대는몇번영화 25일토요일연오간에다가마지막회가보다
p56_u17,p56,ce_s80,근데몇번영화 25일플레연구간에서마지막휴게감이주자고안해가겠다고
p56_u17,p56,ce_s160,근데나는 25일토요일날연구간에서마지막화를보게하고안해가겠다고하니까
p56_u17,p56,taps_s80,문제일내통역은 25일차와될여의관해서마지막수속부작회의를주재하고감회가있다고소감을밝혔어.
p56_u17,p56,taps_s160,문제일내통역은 25일차와대미관에서마지막수속부작회의를주재하고감해가있다고소감을밝혔어.
p56_u17,p56,ce_visible,근데뽕양은 25일토요일날영화관에서마지막보다가패일보자고하는다고안할것다
p56_u17,p56,ce_invisible,문제일내통역은 25일차와될여의관해서마지막수속부작간회의를주지하고감해가있다고소감을밝혔어.
p56_u18,p56,taps,눈물통량은이날오후 2시 15회를열고오늘은앞으로일이없다면후보네가될줄모르겠다
p56_u18,p56,ce,문대동은이날오후를열고오는앞으로할일이없다면마지막공연도모르겠다.
p56_u18,p56,ce_s40,운달통은이날오후를열고올때는앞으로할일이없다면마지막공연도모르겠다.
p56_u18,p56,ce_s80,근데옷이열고는앞으로일이없다면마지막휴게도모르겠다.
p56_u18,p56,ce_s160,운달통은이날오후엔열고오는앞으로일이없다면마지막공연이다보모르겠다.
p56_u18,p56,taps_s80,국내통역은이날오후 2시 15회를열고오늘은앞으로할일이없다면마지막수범이가될줄모르겠다.
p56_u18,p56,taps_s160,눈물통량은이날오후두시수도회를열고오늘은앞으로특별한일이없다면마지막수범이가될줄모르겠다.
p56_u18,p56,ce_visible,문대동은이날오후를열고오늘은앞으로할일이없다면마지막공연도모르겠다.
p56_u18,p56,ce_invisible,눈물통량은이날오후 2시 15회를열고오늘은앞으로일이없다면마지막수범이가될줄모르겠다
p56_u19,p56,taps,모두인사람드리지않고바로의안을농이하도록하게되면같이말했다.
p56_u19,p56,ce,하루 2학년하루하겠다.
p56_u19,p56,ce_s40,예하루노니하루하겠다.
p56_u19,p56,ce_s80,예하루노니하루하겠다.
p56_u19,p56,ce_s160,예상할때하루의심할논이하루하겠다며한지말했다
p56_u19,p56,taps_s80,모두인사람드리지않고바로의한을놓이하더라고그게나면같이말했다.
p56_u19,p56,taps_s160,모두인사람드리지않고바로의안을농이하도록하게되면같이말했다.
p56_u19,p56,ce_visible,하루 2학년하루하겠다.
p56_u19,p56,ce_invisible,모두인사람드리지않고바로의안을농이하도록하게되면같이말했다.
p56_u20,p56,taps,아빠연인수보에이에서운대통형은별도의넷에내지않은경우가종종있었다.
p56_u20,p56,ce,아
p56_u20,p56,ce_s40,아니.
p56_u20,p56,ce_s80,아
p56_u20,p56,ce_s160,아
p56_u20,p56,taps_s80,아빠연인수범에이에서운대통형은별도의넷째주를내지않은경우가종종있었다.
p56_u20,p56,taps_s160,아빠연인수보에이에서문제통형은별도의레시를내지않은경과동종있었다.
p56_u20,p56,ce_visible,아
p56_u20,p56,ce_invisible,아빠연인수보에이에서운대통형은별도의넷에내지않은경우가종종있었다.
p56_u21,p56,taps,특히이날은디어진행들투여키잖아관광과예정돼있어구체적인면세지는새로한곳으로본다.
p56_u21,p56,ce,아이뻐.
p56_u21,p56,ce_s40,얘기하지
p56_u21,p56,ce_s80,아이나
p56_u21,p56,ce_s160,나름뛰어다니구
p56_u21,p56,taps_s80,특히이날은디어진행들싶었는데트름히잖아. 간당의예정돼있어그체인유세지는새로한것으로보인다.
p56_u21,p56,taps_s160,"특히이날은디어진행들차원들투여키잖아, 강남에예정돼있어구체적인문제지는새컨것으로보인다."
p56_u21,p56,ce_visible,이어지
p56_u21,p56,ce_invisible,특히이날은디어진행들투여키잖아관광과예정돼있어구체적인면세지는새로한곳으로본다.
p56_u22,p56,taps,인하회의에는외부전문가로이후에한국화기술단체총연합회회장이상을한국한번우주연구원문장이창석했다.
p56_u22,p56,ce,회는외국안뭔가로일한복입고총연회당얘가한국은오지연구하면좋겠다.
p56_u22,p56,ce_s40,일에는안뭔가로일한국가에서연합회당얘가한국은오지연구하면좋겠다.
p56_u22,p56,ce_s80,일에는안뭔가로일한국가이순상태에서는한국은오지연구하는것겠다.
p56_u22,p56,ce_s160,인하회는외국안뭔가로일한국가공연이번에한국은요즘연구하면
p56_u22,p56,taps_s80,인하회의에는외부전문가로이후에한국화기술단총연합회회장이상을한국한번우주연구원문장이창석했다.
p56_u22,p56,taps_s160,"인하회의에는외부전문가로이후에한국화기술단총연합회회장이상일한국, 한권우주연구원문장이창석했다."
p56_u22,p56,ce_visible,일에는안뭔가로일한복입고총연회당얘가한국은오지연구하면좋겠다.
p56_u22,p56,ce_invisible,인하회의에는외부전문가로이후에한국화기술단체총연합회회장이상을한국한번우주연구원문장이창석했다.
p56_u23,p56,taps,박수빈과학기술보자그니경제의정보과학기술학식을상가제라는주제로발전을했어.
p56_u23,p56,ce,아네확실한건아니래
p56_u23,p56,ce_s40,아니확실한
p56_u23,p56,ce_s80,학교아니학생회로남겨
p56_u23,p56,ce_s160,학교생활많이해남을두개로발을
p56_u23,p56,taps_s80,수변과학기술보자가니문제이전부과학기술학비를삼꺼나가재라는주제로발달은했다.
p56_u23,p56,taps_s160,박수빈과학기술보자고니문제의정부과학기술학비를삼꺼나가재라는주제로발전을했다.
p56_u23,p56,ce_visible,아원래확실한
p56_u23,p56,ce_invisible,박수빈과학기술보자그니경제의정부과학기술학식을상가제라는주제로발전을했어.
p56_u24,p56,taps,"문대통량은우리 21 회장인가 2, 3일원장이토로회각을높여줄수의것으로기대한다고말했어."
p56_u24,p56,ce,몰래그냥우리 2학년아 1월 1일꼬르륵일한다고말했다.
p56_u24,p56,ce_s40,원래그냥우리 2등아 2월 1일꼬르륵일한다고말했다.
p56_u24,p56,ce_s80,몰래뿐이면우리이배정민아이걸꼬르륵소리한다고말했다.
p56_u24,p56,ce_s160,몰래끊으면우리 2등아이거일종이끌어내서이렇게한다고말했다.
p56_u24,p56,taps_s80,"문대통역은우리 21 회장인가 2, 3일원장이토로일각을높여줄수것으로기대한다고말했어."
p56_u24,p56,taps_s160,"문대통역은우리 21 회장인가 2, 3일원장이토론회덕을높여주시것으로기대한다고말했어."
p56_u24,p56,ce_visible,몰래그냥우리 2학년아 1년 2일꼬르륵일한다고말했다.
p56_u24,p56,ce_invisible,"문대통량은우리 21 회장인가 2, 3일원장이토로회각을높여줄수의것으로기대한다고말했어."
p56_u25,p56,taps,"에너일치, 동갑은장성구, 지브이세정과장보가진학 21 구해예국하고다린선물걔네사군상을받았다."
p56_u25,p56,ce,이번에뭐일급은 2일열일외국에외국한번가봤
p56_u25,p56,ce_s40,이번에뭐한군지뭐가 22일열린외국외외국한달인가
p56_u25,p56,ce_s80,뭐가문성뭐한군지알어? 22일열일외국에외국한달인가
p56_u25,p56,ce_s160,엔비뭐가안건지금이겨먹어야열린외국외외국가리는선물받았다
p56_u25,p56,taps_s80,"에너 1치, 6마분에장성구, 지브이세정과장보가진학 21 대 90 칼이선물  걔네에서군상을받았다."
p56_u25,p56,taps_s160,"에너일치, 동갑은장성구, 지브이세정과장보가진학 21 구해예구다리선불견해서군생활받았다."
p56_u25,p56,ce_visible,이번에뭐일급은 2일열일외국에외국한번가봤
p56_u25,p56,ce_invisible,"에너일치, 동갑은장성구, 지브이세정과장보가진학 21 구해예국하고다린선물걔네사군상을받았다."
p56_u26,p56,taps,걔네 75분에이날 4월중후본사에서전국에서예선을통과한 76 대상으로외국하러가리성향에를진행했다.
p56_u26,p56,ce,너무해중국은그래도중국에서예배당으로외국에
p56_u26,p56,ce_s40,그런가보네. 이거보는데중국에서예능할때공부해도외국활동을 3학년
p56_u26,p56,ce_s80,그런가보네. 이거보는데다중국에서예정을했던거같애삼만원내기니까
p56_u26,p56,ce_s160,이번에중국은중국에서예정을해뭔가외국가야돼
p56_u26,p56,taps_s80,걔네 7화분에이날 4월중후본사에서전국에서예선을통과한 76 대상으로외국칼 1학년애들진행했다.
p56_u26,p56,taps_s160,엔을 75분에이날 4월중후본사에서전국에서예선을통과한 76 날대상으로외국가리성당애들진행했다.
p56_u26,p56,ce_visible,너무해중국은그래도중국에서예정회원가입장으로이거 3학년
p56_u26,p56,ce_invisible,걔네 75분에이날 4월중후본사에서전국에서예선을통과한 76 대상으로외국하러가리성향에를진행했다.
p56_u27,p56,taps,전국이천육백대겨냥을직원이참가할정도로뜨거웠던이번달외에는서바이벌형식으로외국한지식립경험을가르방식으로탈퇴했었다.
p56_u27,p56,ce,왕국이쁠육백삼십많이뜨거웠던이한테외는외국그이론방식으로
p56_u27,p56,ce_s40,한국이쁜 600이야양도로뜨거웠던이반페외는외국그이론양식으로빼고
p56_u27,p56,ce_s80,왕국있음망했지. 많이광고로뜨거웠던이반배는외국그이르게
p56_u27,p56,ce_s160,한국있음망했지. 많이파고로뜨거웠던외는외국
p56_u27,p56,taps_s80,전국 26 대겨냥을직원이참가할정도로뜨거웠던이번대회는서바이벌형식으로외국한지식 6 경험을가르방식으로탈퇴셨다.
p56_u27,p56,taps_s160,전국이천육대겨냥을직원이참가할정도로뜨거웠던이번대회는서바이벌형식으로외국한지식 6 방법을가르방식으로철켜졌다.
p56_u27,p56,ce_visible,왕국 20000원입구로뜨거웠던이한테외는외국그이론방식으로
p56_u27,p56,ce_invisible,전국이천육백대겨냥을직원이참가할정도로뜨거웠던이번대회는서바이벌형식으로외국한지식립경험을가르방식으로탈퇴했었다.
p56_u28,p56,taps,본거대회에서월등한기경을상비이세정정성금지불가정보는일이증상을타지겠다.
p56_u28,p56,ce,아한번있을때도일이했다.
p56_u28,p56,ce_s40,아니한번있을때도아나일이했다.
p56_u28,p56,ce_s80,한번있었던일일
p56_u28,p56,ce_s160,아니
p56_u28,p56,taps_s80,본성대외에서월등한기경을상비이세정정성고지도가장보는일이금성을사지겠다.
p56_u28,p56,taps_s160,본거대회에서월등한기경을선물해이세정정성고지브가장보는일이증상을타지겠다.
p56_u28,p56,ce_visible,아한번있을때도일이했다.
p56_u28,p56,ce_invisible,본거대회에서월등한기경을상비이세정정성금지불가정보는일이증상을타지겠다.
p56_u29,p56,taps,이세장보는평소외국한에대한관심이많아조금씩공을썼다면서앞으로도더많이공부해지역주민들에게도움을줄수있도록노력하겠다.
p56_u29,p56,ce,이세상가정보면평소외국간에대한관심이많아조금씩공부하면서앞으로더많이공부했지공익을입도록하겠다.
p56_u29,p56,ce_s40,이세상을가정보면평소외국간에대한관심이많아조금씩공부하면서앞으로더많이공부했지.
p56_u29,p56,ce_s80,이세상을가정보면평상외국간에대한관심이많아보금씩공부를하면서앞으로더많이공부했지.
p56_u29,p56,ce_s160,이세상을가정보면평상외국간에대한관심이많아보금쌤공부하면서앞으로어많이공부했지입으론노력하겠다.
p56_u29,p56,taps_s80,이세상과장분은  평소외국한에대한관심이많아조금씩공을썼다면서앞으로도더많이공부해지역주민들에게도움을줄수있도록노력하겠다.
p56_u29,p56,taps_s160,이세상과정부는평소외국한에대한관심이많아조금씩공달썼다면서앞으로도더많이공부해지역주민들에게도움을줄수있도록노력하겠다.
p56_u29,p56,ce_visible,이세상가정보면평소외국간에대한관심이많아조금씩공부하면서앞으로더많이공부했지공익을입도록하겠다.
p56_u29,p56,ce_invisible,이세장보는평소외국한에대한관심이많아조금씩공을썼다면서앞으로도더많이공부해지역주민들에게도움을줄수있도록노력하겠다.
p56_u30,p56,taps,지난 22일중으로본사에서 19회예국한살인 3달되면은걔 23이밝혔다.
p56_u30,p56,ce,지금한 22일공부 28일날갈거같다.
p56_u30,p56,ce_s40,한 22일공부할
p56_u30,p56,ce_s80,한 22일날한번
p56_u30,p56,ce_s160,한 22일날 20살될거같다.
p56_u30,p56,taps_s80,지난 22일중으로본사에서되구외예국한살인 3 발대회를개최했다고 203이발표나.
p56_u30,p56,taps_s160,지난 22일중으로본사에서제 9회예국한살인 3 발대회를개최했다고 203이밝혔어.
p56_u30,p56,ce_visible,지금한 22일공부 28일날갈까?
p56_u30,p56,ce_invisible,지난 22일중으로본사에서 19회예국한살인 3달되면은걔 23이밝혔다.
p56_u31,p56,taps,"외국팬다닌선한애네일치, 농협은행던직원이서바이벌향식으로외국판지식및강원은결혼은대내다."
p56_u31,p56,ce,미국한애만애매해놓은거많이빠발령외국에다
p56_u31,p56,ce_s40,미국가면선물해줘외국
p56_u31,p56,ce_s80,미국가면선물해줘외국
p56_u31,p56,ce_s160,미국가면한말입고
p56_u31,p56,taps_s80,"외국다닌선은에H, 농협은행던직원이서바이벌향식으로외국판지식및강원은결론은대내나."
p56_u31,p56,taps_s160,"외국학원다닌선한애닐치, 농협은행던직원이서바이벌향식으로외국판지식익강원은결혼은대회다."
p56_u31,p56,ce_visible,미국한애만애매해놓은거많이빠발령외국에다
p56_u31,p56,ce_invisible,"외국팬다닌선한애네일치, 농협은행던직원이서바이벌향식으로외국판지식및강원은결혼은대내다."
p56_u32,p56,taps,인상시남동부가지난해부터지역답안센터에서운영해온밤비행기세탁소에그참인규카페들이도착했다.
p56_u32,p56,ce,안오고
p56_u32,p56,ce_s40,안놀고가지.
p56_u32,p56,ce_s80,안읽
p56_u32,p56,ce_s160,안놀고
p56_u32,p56,taps_s80,인상시남동구가지난해부터지역다발센터에서운영해온다음에은기세탁기에그참인증카페들이더참있다.
p56_u32,p56,taps_s160,인창시남동구가지난해부터지역다발센터에서운영해온다음에세탁사무에그참인긴카페들이더참있다.
p56_u32,p56,ce_visible,안오고
p56_u32,p56,ce_invisible,인상시남동부가지난해부터지역답안센터에서운영해온다음에인기세탁소에그참인규카페들이도착했다.
p56_u33,p56,taps,지난에 9월 7번은다외연기세척사업하는의외용품사양을줄일위에다회용기컵을수가새척호르몬에과정이그렇다제공하고있다.
p56_u33,p56,ce,
p56_u33,p56,ce_s40,
p56_u33,p56,ce_s80,
p56_u33,p56,ce_s160,
p56_u33,p56,taps_s80,지난에 9월 7번은다회용기세척사업하는의외용품사양을주일이위에다회용기컵을수가세척소득분의과정은그렇다제공하고있어.
p56_u33,p56,taps_s160,지난에 9월 7번은다회용기세척사업하는의외용품사람을줄일위에다회용기컵을수가세척소득층의가정을걷다대공하고있다.
p56_u33,p56,ce_visible,
p56_u33,p56,ce_invisible,지남에 9월 7번은다외연기세척사업하는의외용품사양을줄일위에다회용기컵을수가새척호르몬에과정이그렇다제공하고있다.
p56_u34,p56,taps,19일 9에따르냐현일남동구열세개서다레임기컵을사라고있으냐퇴근사활산을위에다행기세척사업가구청인금값해  최고의연계했죠.
p56_u34,p56,ce,나를남동구열세계보자해서와인공
p56_u34,p56,ce_s40,나를남동공열쇠입
p56_u34,p56,ce_s80,나를남동공열쇠고기
p56_u34,p56,ce_s160,나를홍대남동공열개못해.
p56_u34,p56,taps_s80,19일 9에따르냐현대남동구열세개부서에서다른기컵을사은하고있으냐퇴근사업할사람위에다행기세척사업장과부평인근값해고의연계했죠.
p56_u34,p56,taps_s160,19일 9에따르냐현대남동구열세개부서에서다른기컵을사은하고있으냐퇴근사업할사람위에다레임기세척사업가구청인금값해고의연계했죠.
p56_u34,p56,ce_visible,나를남동구열세계보자해서와인공
p56_u34,p56,ce_invisible,19일 9에따르냐현일남동구열세개서다레임기컵을사라고있으냐퇴근사활산을위에다행기세척사업가구청인금값해  최고의연계했죠.
p56_u35,p56,taps,이들카페는세탁소안에다외형급컵을사렴하면상사내에서자유롭게컵을배틀할수있도록구본탕과보건소등내곳에전형수당도설치했다.
p56_u35,p56,ce,이뭐가
p56_u35,p56,ce_s40,이또안해.
p56_u35,p56,ce_s80,이
p56_u35,p56,ce_s160,이뭐가
p56_u35,p56,taps_s80,이들카페는세탁소안에다외형급컵을사용하면상사내에서자유롭게컵을배틀할수있도록구본탕과보건소등내곳에전형소강도살찌했다.
p56_u35,p56,taps_s160,이들카페는세탁소안에다외형급컵을사용하면상사내에서자유롭게컵을배틀할수있도록구본탕과보건소등내옷에전형소강도살찌했다.
p56_u35,p56,ce_visible,이뭐가
p56_u35,p56,ce_invisible,이들카페는세탁소안에다외형급컵을사렴하면상사내에서자유롭게컵을배틀할수있도록구본탕과보건소등내곳에전형수당도설치했다.
p56_u36,p56,taps,2는 7월이랑남동구조성뿐만아니라저소득층이안정된일자리제공은위한자관상당할수와. 카페를이용하는직원들의파이안까지모두고려한결과가
p56_u36,p56,ce,안보고아니다이런
p56_u36,p56,ce_s40,남동만아니라
p56_u36,p56,ce_s80,롱이랑남동생뿐만아니라
p56_u36,p56,ce_s160,아니다.
p56_u36,p56,taps_s80,2년 7월이랑남동구조선뿐만아니라저소득층이안정된일자리제공은위한자관상당할수와. 카페를이용하는직원들의편해한까지모두고려한결과가
p56_u36,p56,taps_s160,2년 7월이랑남동구조성뿐만아니라저소득층이안정된일자리되고얘한자관상호등할수와. 카페를이용하는직원들의편해한까지모두고려한결과다.
p56_u36,p56,ce_visible,안보고아니다이런
p56_u36,p56,ce_invisible,2는 7월이랑남동구조성뿐만아니라저소득층이안정된일자리제공은위한자관상당할수와. 카페를이용하는직원들의파이안까지모두고려한결과가
p56_u37,p56,taps,편리사업에차별하는카페는시외시가카테이카테로로등으로그외전포에서도구정적답변을봐봐. 더칵테일전망이막
p56_u37,p56,ce,한대공부하는카페는한 11시반하필 5분에서공공학비를받아오고학회안하고
p56_u37,p56,ce_s40,한대공부하는카페는한 11시반 11일하필나도공기업가
p56_u37,p56,ce_s80,한대공부하는카페는한 11시반하
p56_u37,p56,ce_s160,안되고하면 11시반일하필왜
p56_u37,p56,taps_s80,편리사업에차별하는카페는 11시가카테이카테로로등으로그외에전포에서도구정적답변을봐봐. 더칵테일전망이다.
p56_u37,p56,taps_s160,편리사업을차게하는카페는 11시가카테이카테로로등으로그외전포에서도구정적발견을봐봐. 더칵테일전망이다.
p56_u37,p56,ce_visible,한대공부하는카페는한 11시반 20일카페로해업무에가도공정앞에
p56_u37,p56,ce_invisible,편리사업에차별하는카페는시외시가카테이카페로등으로그외전포에서도구정적답변을봐봐. 더칵테일전망이막
p56_u38,p56,taps,"이강, 구청장은지금은다외용카드대부분지간만사용하고있지만 900을방문하는민원인에게도적극홍보에신앙경고를만들도록노력하겠고버렸다."
p56_u38,p56,ce,이거만유형은지금하고있구나아니면뭐해장난동으로만들어노력하겠다고
p56_u38,p56,ce_s40,이거끝나고지금한 6학년때 5만원띠용하고있구나아니면뭐해장난그런거되면여러노력하게바꿀까?
p56_u38,p56,ce_s80,이거끝나고이거만유형은지금한번이면뭐해병남돈거들만들어노력하겠다고
p56_u38,p56,ce_s160,이거만이거는지금만하고있구나해는남동생보단노력하겠다고
p56_u38,p56,taps_s80,이강으로구청장은지금은다외형을대부분지간만사용하고있지만 900을방문하는민원인에게도적극홍보에신앙경고를만들도록노력해도되겠다.
p56_u38,p56,taps_s160,이강호구청장은지금은다외형을대부분지간만사용하고있지만 900을방문하는민원인에게도적극홍보에신앙령남동거를만들도록노력해도
p56_u38,p56,ce_visible,이거만유형은지금하고있구나아니면뭐해장난동으로만들어야겠다.
p56_u38,p56,ce_invisible,"이강, 구청장은지금은다외용카드대부분지간만사용하고있지만 900을방문하는민원인에게도적극홍보에신앙경고를만들도록노력하겠고버렸다."
p56_u39,p56,taps,항상구는 4월 1일부터 7월이랑다원순한정책에밤부터청사네일용방입을전향그르지않다.
p56_u39,p56,ce,네.
p56_u39,p56,ce_s40,네.
p56_u39,p56,ce_s80,네.
p56_u39,p56,ce_s160,항상보면
p56_u39,p56,taps_s80,항상그는 4월 1일부터 7월이랑 4월수만정책에밤부터청사네일용순위를정량그릇이겠다.
p56_u39,p56,taps_s160,삼성굽은사월 1일부터 7년 4월순한정책에밤부터청사네일용솜사탕입을전형그르지.
p56_u39,p56,ce_visible,네.
p56_u39,p56,ce_invisible,항상구는 4월 1일부터 7월이랑다원순한정책에밤부터청사네일용방입을전향그르지않다.
p56_u40,p56,taps,"한국소기자원과한국가수, 안전공사는오는 30일을헬로이날압도고, 행령까스소비자, 안전주의보를 28일발령했다."
p56_u40,p56,ce,호흡법이너무한것도안다고하면 5만 3세비를한번바쁘고한명까쓰기다안경들이뭐를 20분에발령겠다.
p56_u40,p56,ce_s40,뭔가한국가수안정공사면오는 30일을한번아프고한명까쓰미다앉은수뭐를 20분에분명했다.
p56_u40,p56,ce_s80,뭔가한국사안정된오는 3주비를한번아프고항공과쓰기다안경들이뭐를 20일에반영했다.
p56_u40,p56,ce_s160,급이나온거야한국사안정봉사하면오는 30일을한번바쁘고한명과쓰기다안정들이뭐를 2010년겠다.
p56_u40,p56,taps_s80,"한국소기자원과한국가스, 안전공사는오는 30일을헬로이날압도고, 헬냥까스소비자, 안전주의보를 28일발령했다."
p56_u40,p56,taps_s160,"한국소비자와한국가스안전공사는오는 30일을헬로이나압도고, 헬냥까스소비자, 안전주의보를 28일발령했다."
p56_u40,p56,ce_visible,호흡법이너무한것도안다고하면 5만 3세비를한번바쁘고한명까쓰기다안사람들이뭐를 20분에발령겠다.
p56_u40,p56,ce_invisible,"한국소기자원과한국가수, 안전공사는오는 30일을헬로이날압도고, 행령까스소비자, 안전주의보를 28일발령했다."
p56_u41,p56,taps,목소리를변조하려고해외가수를발휘한맛이다할수있다는의견때문이다.
p56_u41,p56,ce,목걸이를
p56_u41,p56,ce_s40,목걸이를
p56_u41,p56,ce_s80,목걸이를
p56_u41,p56,ce_s160,목소리를
p56_u41,p56,taps_s80,목소리를변조하려고해외가스를발휘한맛이다지식사할수있다면의외때문이다.
p56_u41,p56,taps_s160,목소리를변조하려고해외가스를발휘한맛이다재시가할수있다는의도
p56_u41,p56,ce_visible,목걸이를
p56_u41,p56,ce_invisible,목소리를변조하려고해외가수를발휘한맛이다할수있다는의견때문이다.
p56_u42,p56,taps,풍성충전해주면사용되는해약가수는무독성브랄성기체로발량을한꺼번에둘이마시면산소공급이차단되지싸할수있어.
p56_u42,p56,ce,
p56_u42,p56,ce_s40,
p56_u42,p56,ce_s80,
p56_u42,p56,ce_s160,
p56_u42,p56,taps_s80,풍성충전해주무사양되는해양갔을는무독성불알성기체로발량을한꺼번에둘이마시면산소공급이차단되지싸할수있다.
p56_u42,p56,taps_s160,풍경풍전의주무사양되는헤야쓰는무독성브랄성기체로바량을한꺼번에둘이마시면산소공급이차단되지싸할수있어.
p56_u42,p56,ce_visible,
p56_u42,p56,ce_invisible,풍성충전해주면사용되는해약가수는무독성브랄성기체로발량을한꺼번에둘이마시면산소공급이차단되지싸할수있어.
p56_u43,p56,taps,소비자는회관국내에서해령까흡입에따른어린이안전사고가발생하고있는만큼재미나오기시나따른수립을하지말아달라고방부에서
p56_u43,p56,ce,해군이래안산다고발성하고있는다른나라도안하고공부했다
p56_u43,p56,ce_s40,소비자는해군가후기에따른어린이안사고가발상하고있는해보기싫어나는하고당구했다
p56_u43,p56,ce_s80,해군공놀이해군간후드나름어리안하고가성하고있는나라도안하고
p56_u43,p56,ce_s160,후비는해군이래나는머리안정하고가발성하고있는따른애아님말아달라고공부했다
p56_u43,p56,taps_s80,소비서는최강국내에서해령까서흡입에따른어린이안전사고가발생하고있는만큼재미나오기신에따른수립을하지말아달라고했어.
p56_u43,p56,taps_s160,소비자는최근국내에서해양권을가던흡입에다른어리안전사고가발생하고있는만큼재미나호기심에따른수립을하지말아달라고했어.
p56_u43,p56,ce_visible,후기아해병대후리따른머리안전하고갔다고있는따른나라도안하고공부했다
p56_u43,p56,ce_invisible,소비자는회관국내에서해령까흡입에다른어리안전사고가발생하고있는만큼재미나오기시나따른수립을하지말아달라고방부에서
p56_u44,p56,taps,휴군시안관소비자위에감시시데는접수된  165 안전사고는일곱권으로발성들도높지는않지만이조건이어리사고였다.
p56_u44,p56,ce,해골이힐러는후비자위에공시 10분의답도한 1년가까으로해평등도가높지는않지만이걸여보건이머리 19였다
p56_u44,p56,ce_s40,해군이시리즈는후비다위에공시힐링을바꾸면 1년갔다고는 19권으로해평등도가높은애는안뿐만이여보건이랑머리 19였다
p56_u44,p56,ce_s80,12시면안되는소비자위에반 C형같은경우는 7권으로해병대가높기는안뿐만이여보건이머리 19였다
p56_u44,p56,ce_s160,신비한건후비자위에공시십육까지안다니고는일곱번으로해본가높지는않지만이걸거니머리 19였다.
p56_u44,p56,taps_s80,"휴군시안관소비자위에감시시텐에접수된 1, 완전사고는일곱권으로할수있는동안높지는않지만이조여섯건이어리사고였다."
p56_u44,p56,taps_s160,휴군시안관소비자위에감시시텐에숲된일오같은사고는일곱번으로발생들도높지는않지만이조여섯건이어리사고싶다.
p56_u44,p56,ce_visible,해군이시리즈업그레이후피자위에공시십분밖으로나는 1년까지안정하고는일곱가지일용일도가높기는안했지만이걸여보건이머리 19였다
p56_u44,p56,ce_invisible,휴군시안관소비자위에감시시데는접수된  164 안전사고는일곱권으로발성들도높지는않지만이조건이어리사고였다.
p56_u45,p56,taps,특히온라인에서주로판라되는정하힐링까스에경우별도간기기정이없어. 안전사각피내놓아.
p56_u45,p56,ce,해서맨날아빨리론가쎄고예뻐. 안잔거같긴해.
p56_u45,p56,ce_s40,해서맨날나안잔거같지내일나와.
p56_u45,p56,ce_s80,1년가까워. 안잔거같지노인
p56_u45,p56,ce_s160,맨날아빨리없다는거같지내일나와.
p56_u45,p56,taps_s80,특히온라인에서주로판라되는정확해논거스에경우도간식기정이없어. 안전사각피내놓여있다.
p56_u45,p56,taps_s160,"특히온라인에서주로판라되는정압힐용거스에경우, 별도간지정이없어. 안전사각비대놓다."
p56_u45,p56,ce_visible,맨날내돈까스안사는거같지내일나와.
p56_u45,p56,ce_invisible,특히온라인에서주로판라되는정하힐링까스에경우별도간기기정이없어. 안전사각피내놓다.
p56_u46,p56,taps,소비자와이가스안정공사와함께온라인에서판매되는해형까스아홉개될분에이동실때조사한결과이상이다섯개과방소비이름의대형연극 2과없었고
p56_u46,p56,ce,
p56_u46,p56,ce_s40,
p56_u46,p56,ce_s80,
p56_u46,p56,ce_s160,
p56_u46,p56,taps_s80,수비자와이가사안정봉사와함께온라인에서판매되는해형까스아홉갠데이동실때주사랑계획은대박이다이함에대해변경투리가없었다.
p56_u46,p56,taps_s160,소비자와이가스안정봉사와함께온라인에서판매되는해형까스아홉께동실때두사람대여가대박이 6개국어 2험에서본격 2시간없었
p56_u46,p56,ce_visible,
p56_u46,p56,ce_invisible,소비자와이가스안정공사와함께온라인에서판매되는해형까스아홉개될분에이동실때조사한결과이상이다섯개과방소비이름의대형연극 2과없었고
p56_u47,p56,taps,또두개제품은고학과세다하는데도등록차려한거아니에대해로불법유통되는것으로확인냈어.
p56_u47,p56,ce,또그게아빠센하는데도등록하느라휴대로 6박 6일되는거들어
p56_u47,p56,ce_s40,아네당하는데아니야가서하면
p56_u47,p56,ce_s80,네. 아니
p56_u47,p56,ce_s160,아버스해당하는데도등록하려면
p56_u47,p56,taps_s80,또두개제품은고학과세다하는데도등록차려한거아니에대해로불법유통되는것으로확인냈다.
p56_u47,p56,taps_s160,또두개제품은고학과세다하는데도등록차려한거아니에대해불법유통되는것으로확인냈다.
p56_u47,p56,ce_visible,또아빠셋해당하는데도등록하려는대로이박봉대는가서하면냈다
p56_u47,p56,ce_invisible,또두개제품은고학과세다하는데도등록차려한거아니에대해로불법유통되는것으로확인냈어.
p56_u48,p56,taps,소비자어는이같은조사를바탕으로온라인플랫폼사합해액정판매자를대상으로주의변곡휴식강화를유창할계획이다.
p56_u48,p56,ce,후배는이같은조사를바탕으로원래일본을끌고입던국물나에내방으로위광고의악마를입학그리고
p56_u48,p56,ce_s40,후배는이달에바탕으로원래일본에대해선으로이광고료를 60
p56_u48,p56,ce_s80,후배는이자리바탕으로원래일본을빼입던포메달내방으로이광고끝에관물을유판예다.
p56_u48,p56,ce_s160,후배는이봤던거라이쁜데
p56_u48,p56,taps_s80,소비자어는이같은조사를바탕으로온라인플랫폼사합해이쪽판매자를대상으로주의변곡수시강화를유창할계획이다.
p56_u48,p56,taps_s160,소비자어는이같은조사를바탕으로온라인소래품사업자와협업해액정판매자를대상으로주의변곡수시강화를유창할계획이다.
p56_u48,p56,ce_visible,후배는이같은조사를바탕으로원래일본을끌고입던국물안에내방으로위광고의악마를입학그리고
p56_u48,p56,ce_invisible,소비자어는이같은조사를바탕으로온라인플랫폼사합해액정판매자를대상으로주의변곡휴식강화를유창할계획이다.
p56_u49,p56,taps,안전공사는고합 1년가까이금지를기술기준에계정에내가 11월부터시들어간다.
p56_u49,p56,ce,
p56_u49,p56,ce_s40,
p56_u49,p56,ce_s80,
p56_u49,p56,ce_s160,
p56_u49,p56,taps_s80,안전공사는고합령제품에금지를가서기술기준에계정에
p56_u49,p56,taps_s160,안전공사는고학 1년가까제품에금지를주기적으로기술기준에계정에 11일부터시들어간다.
p56_u49,p56,ce_visible,
p56_u49,p56,ce_invisible,안전공사는고합 1년가까이금지를기술기준에계정에내가 11월부터시들어간다.
p56_u50,p56,taps,삼월달거리두기와이후첫평을맞아. 관현상품을산을소리자가급속하게늘고있다.
p56_u50,p56,ce,언니눈이와마이고맞아. 알람소리날개늘고있다.
p56_u50,p56,ce_s40,아눈이마네시드맞아. 관련된소리다가그게늘고있다.
p56_u50,p56,ce_s80,아거리눈이마몇시들맞아. 관련해서하나  소리다가국적그게늘고있다.
p56_u50,p56,ce_s160,하이덕거리눈이마일시드는맞아. 관련해서하나소비자가급속하게놀고있다.
p56_u50,p56,taps_s80,사물적거리두기와이후탁한시즌을맞아. 관념상품을산을소릴자가급속하게늘고있다.
p56_u50,p56,taps_s160,삼월달거리두기와이후첫평을맞아. 관양상품을산을소리자가극속하게늘고있다.
p56_u50,p56,ce_visible,언니눈이와마이고맞아. 알람소리날개늘고있다.
p56_u50,p56,ce_invisible,삼월달거리두기와이후첫평을맞아. 관현상품을산을소리자가급속하게늘고있다.
p56_u51,p56,taps,패션블랙포이블린은이다 1에서 15분회론감성양이라네감동기간이백십퍼센트정도이뻐.
p56_u51,p56,ce,니는입학 1월
p56_u51,p56,ce_s40,이마 1이한 125
p56_u51,p56,ce_s80,이 1월아니육십
p56_u51,p56,ce_s160,입을입은 1년에한이
p56_u51,p56,taps_s80,패션블랙포르이나일서있는회화양이안에감동기간이백퍼센트정도이뻐.
p56_u51,p56,taps_s160,패션셀프에이블린은이나일서시회화면검정양이란에감동기간이백육십퍼센트정도이십
p56_u51,p56,ce_visible,니는입학 1월
p56_u51,p56,ce_invisible,패션블랙포이블린은이다 1에서 15분회론감성양이라네감동기간이백십퍼센트정도이뻐.
p56_u52,p56,taps,"페라이프가열리는대표장소이이태원, 에버랜드롯데월드그냥특정방수검색량이특징이있다."
p56_u52,p56,ce,언니입학했으니까
p56_u52,p56,ce_s40,열린장소이이뻐.
p56_u52,p56,ce_s80,열린장소이이뻐.
p56_u52,p56,ce_s160,언니입학
p56_u52,p56,taps_s80,"페라익파티가열리는대표장소이이태원, 에버랜드롯데월드당특정방속검색량이특징이있다."
p56_u52,p56,taps_s160,로티가열리는대표장소이이때원에버랜드롯데월드랑특정방소검색아니
p56_u52,p56,ce_visible,언니입학했으니까
p56_u52,p56,ce_invisible,"페라이프가열리는대표장소이이태원, 에버랜드롯데월드그냥특정방수검색량이특징이있다."
p56_u53,p56,taps,택션같애서는헬로고코스트레검색량이백 43 대가량크게늘었다.
p56_u53,p56,ce,해장같애. 백사십판배가량크게늘었다.
p56_u53,p56,ce_s40,해군가태그리에서는생오코트의검색량이백사십판배가장크게늘었다.
p56_u53,p56,ce_s80,해군아틀거리에서는호프에검색량이백사십판배가장쿡을늘었다.
p56_u53,p56,ce_s160,해군가태그리에서는행동에곰팡이백퍼센데과량후기에늘었다.
p56_u53,p56,taps_s80,패션카테고리에서는헬로고코스트레검은색양이백씩상대가량크게늘었다.
p56_u53,p56,taps_s160,패션카테고리에서는헬로고코스트레검은양이 1004대가량크게늘었다.
p56_u53,p56,ce_visible,해장같애. 백화십판배가량크게늘었다.
p56_u53,p56,ce_invisible,택션같애서는헬로고코스트레검색량이백 43 대가량크게늘었다.
p56_u54,p56,taps,파키스품파피제든방식용품가상처준파이어망포도소품검색양도크게내고
p56_u54,p56,ce,양식아이야 500
p56_u54,p56,ce_s40,왕십공강아이야.
p56_u54,p56,ce_s80,왕십강
p56_u54,p56,ce_s160,응양식공강아이야오
p56_u54,p56,taps_s80,파티식품파티시트중식용품가상처주지왕뱅파에망둥어빵검색양도크게내고가니까
p56_u54,p56,taps_s160,파키스쿠파피식은방식용품가상파증상뱅파에야망고도소품검증양도크게내고
p56_u54,p56,ce_visible,왕십리아이야 500
p56_u54,p56,ce_invisible,파키스품파피제든방식용품가상처준파이어망포도소품검색양도크게내고
p56_u55,p56,taps,이런할머니들에대한관심이내가이또학교에서는가끔확인해온사람이이랜진행하고있다.
p56_u55,p56,ce,이렇게하고있
p56_u55,p56,ce_s40,이렇게
p56_u55,p56,ce_s80,
p56_u55,p56,ce_s160,일
p56_u55,p56,taps_s80,이렇게할머니가이뻐에서는각성한인해서하는일은하고있어
p56_u55,p56,taps_s160,이런할머니네간식내가이동학교에서는가끔확인해온담에이름을진행하고있어
p56_u55,p56,ce_visible,이렇게하고있
p56_u55,p56,ce_invisible,이런할머니들에대한관심이내가이또학교에서는가끔확인해온상인들을진행하고있다
p56_u56,p56,taps,혜화에화이아파.
p56_u56,p56,ce,롯데마트는아맞아이달말까지보고과자바띠란연다.
p56_u56,p56,ce_s40,롯데마트는해봤는데이달말까지보고과자바띠란연다.
p56_u56,p56,ce_s80,롯데마트는해봤는데이달말까지흐자마자연다.
p56_u56,p56,ce_s160,롯데마트는해맞아이달말까지해가지고말을연다.
p56_u56,p56,taps_s80,마포면혜화에화이팅
p56_u56,p56,taps_s160,혜화에
p56_u56,p56,ce_visible,롯데마트는맞아. 이다음말까지보고과자바띠란연다.
p56_u56,p56,ce_invisible,혜화에화이안
p56_u57,p56,taps,페어에스페쇼잘릴스러워도뭐반도상품을출시하고 1등액이상구매시상품권의중장이안나.
p56_u57,p56,ce,힘들어이뜨고
p56_u57,p56,ce_s40,반복은 65인가?
p56_u57,p56,ce_s80,어일당이안
p56_u57,p56,ce_s160,어
p56_u57,p56,taps_s80,페라홈스페쇼미스로반복을출시하고 1등을이상구매시상품권을굉장히
p56_u57,p56,taps_s160,로스페이션제일스트로감독상품을출시하고 1등급은이상구매시한번에정정한다.
p56_u57,p56,ce_visible,힘들어이뜨고
p56_u57,p56,ce_invisible,페어에스페쇼잘린스러워도뭐반도상품을출시하고 1등액이상구매시상품권의중장이안나.
p56_u58,p56,taps,포울저러스에서는 CJ는인디컨센스아파트캐릭터
p56_u58,p56,ce,호이드러서는 CD 엔 1교 1등이음이러고한번이면
p56_u58,p56,ce_s40,호이드라씨쁠이 1등이신기한 1인 1번인가?
p56_u58,p56,ce_s80,1등한번
p56_u58,p56,ce_s160,호이저에나는 CL이 C합이음이러고한번이라도
p56_u58,p56,taps_s80,서울저러스에서는 CJ는인기컨텐츠실리아파트캐릭터다양한학기용품을선복인다.
p56_u58,p56,taps_s160,"포울저러스에서는 CJ는인기컨센스리아파트캐릭터, 로이데이의상소품사탕바구니도다양화기형품을선보인다고."
p56_u58,p56,ce_visible,호이저러서는 CD 엔 1교 1등이흡함입구에서한번이면
p56_u58,p56,ce_invisible,포울저러스에서는 CJ는인디컨센스아파트캐릭터
p56_u59,p56,taps,롯데오네셔도오는 30일까지해라인에일테리어코스프레임은
p56_u59,p56,ce,롯데월드 5급까지할려구.
p56_u59,p56,ce_s40,롯데월드오는데
p56_u59,p56,ce_s80,롯데월드오는데 1 대 1도안
p56_u59,p56,ce_s160,롯데리오늘라도오는 11일까지모르는거음식막
p56_u59,p56,taps_s80,너때온에서도오는 30일까지해라이베리아스크린
p56_u59,p56,taps_s160,롯데온에서도오는 30일까지할라했는데이태리어스크린뭐한귀여워.
p56_u59,p56,ce_visible,롯데월드 5급까지받는거
p56_u59,p56,ce_invisible,롯데오네셔도오는 30일까지해라인에일테리어코스프레임은학기영어
p56_u60,p56,taps,아니잠복이에이스성지나에활약을안세워대전시설관리공단을걷고 202분한국여자매서랑이걸하란생각이달
p56_u60,p56,ce,우리에이스대학을앞에공감있고한국리그여덟
p56_u60,p56,ce_s40,거의에이쓰구력은어때단지살리공단에있고이빨있음한글로한꺼리그여덟
p56_u60,p56,ce_s80,거의에이스공지나이트라고라떼와대단시사관리공단을걷고입한 22분아니면한국으로학교여담을했다.
p56_u60,p56,ce_s160,아니우리애쓰고라떼와대단시사관리공단을걷고입한입이아니고한글로한꺼리그여덟
p56_u60,p56,taps_s80,안양이에이스홍지나에활약을안쓰고대전시설관리공단을걷고 202분한국여자매셔널 3아서달장에떠.
p56_u60,p56,taps_s160,안양이에이스나에활약을안세워대전시설관리공단을걷고 202분한국리그여자글사람달팽이버
p56_u60,p56,ce_visible,우리 A그룹이쁜애한국으로학교입구역안에사는
p56_u60,p56,ce_invisible,아니잠복이에이스성지나에활약을안세워대전시설관리공단을걷고 202분한국여자매서랑이걸하란생각이달
p56_u61,p56,taps,"안산시청만 28일수원받고전형감기장, 튜디오티에서열리, KT 여자는션얼리그에서대자시사관리공단을상대로, 3 대 1 3대 1 단했다."
p56_u61,p56,ce,아
p56_u61,p56,ce_s40,여여기다가말리고
p56_u61,p56,ce_s80,말리고
p56_u61,p56,ce_s160,말리고
p56_u61,p56,taps_s80,"안산 28일수안탁구, 전형감기장, 스튜디오티켓서열리. KT 여자네시아리그에서배달시사관리공단을상대로, 3 대 1, 3대 1 단했다."
p56_u61,p56,taps_s160,"안산만 28일수안탁, 전형감기장, 튜디오티에서열리. kt에여자는시나리오에서대자시사관리공단을상대로, 3 대 1, 3일단했다."
p56_u61,p56,ce_visible,아
p56_u61,p56,ce_invisible,"안산시청만 28일수원받고전형감기장, 튜디오티에서열리, KT 여자는션얼리그에서배달시사관리공단을상대로, 3 대 1 3대 1 단했다."
p56_u62,p56,taps,안산시장상지나는일H에서배달시사관리공단박태원을상대로이대향승리거뒀다.
p56_u62,p56,ce,안산공대는일에서관리공장바껴서이대로하고
p56_u62,p56,ce_s40,안산공은일시에서대단세상관리공장바껴상대로입을거
p56_u62,p56,ce_s80,안산공대는나는일식당관리공단으로이대항공을받
p56_u62,p56,ce_s160,안산 1인치에서애들세상올리고이비를하고
p56_u62,p56,taps_s80,안산시장상지나는일H에서대전시사관리공단박태원을상대로이대향상이백거뒀다.
p56_u62,p56,taps_s160,안산시장상지? 나는일H에서대전시사관리공단박태원을상대로이대에향상이대거졌다.
p56_u62,p56,ce_visible,안산 1등올리고이대로하고
p56_u62,p56,ce_invisible,안산시장상지나는일H에서배달시사관리공단박태원을상대로이대향승리거뒀다.
p56_u63,p56,taps,이메튀는안산시청박세리가배전시사관리공다권화연에게 1 대 1로페배하면원점으로돌아갔다고
p56_u63,p56,ce,니네팀은안하기로학생들이가시다관리공나는권하려면일베이렇패배하면일본이랑먼저돌아갔다.
p56_u63,p56,ce_s40,이매트는안산학생이야시장관리공대를관하여는이게일베이렇패배하면일본은먼저으로돌아갔다.
p56_u63,p56,ce_s80,이매트는안산학생이가. 그래도관리공대를관하여는이게일베이렇폐배하면일본으로먼저갔다.
p56_u63,p56,ce_s160,이매지는안산롯데리아매달세달공항이없는게일베이렇회배하면일본은원점으로돌아갔다.
p56_u63,p56,taps_s80,이메티는안산시청박세리가배전시사관리공단건아연에게 1 대 1로페배하면원점으로돌아갔다고
p56_u63,p56,taps_s160,이메티는안산시청박세리가배달시사관리공단건화연에게 1 대 1로페배하면원점으로돌아갔다.
p56_u63,p56,ce_visible,니네팀은안하기로학생들이가시다관리공나는권하려면일베이렇패배하면일본이랑원점으로돌아갔다.
p56_u63,p56,ce_invisible,이메튀는안산시청박세리가배전시사관리공다권화연에게 1 대 1로페배하면원점으로돌아갔다고
p56_u64,p56,taps,안산시경은 300 해서복식 6점단품을달리고있는이왕은박스리두가틀점에배정시설관리공단박혀리도를이대일로꺾으면이득을잡았다.
p56_u64,p56,ce,올리고있는
p56_u64,p56,ce_s40,6만원이고있는이론이고이일로바껴.
p56_u64,p56,ce_s80,6 6년
p56_u64,p56,ce_s160,한달 6점 0 달리고있는이왕내리면세달이고한요일로바껴.
p56_u64,p56,taps_s80,안산시경은 300 해서복식 6.3을달리고있는이왕은박스리조가 7점에배정시설관리공단박혀리조를 2 대 1로꺾으면이들을잡았다.
p56_u64,p56,taps_s160,안산시경은상메채서독식 6점단순히달리고있는이왕은박스리조가 7점에배정시사관리공단박혀리조를 2 대 1로꺾으면이들을잡았다.
p56_u64,p56,ce_visible,올리고있는
p56_u64,p56,ce_invisible,안산시경은 300 해서복식 6점단품을달리고있는이왕은박스리두가틀점에배정시설관리공단박혀리도를이대일로꺾으면이들을잡았다.
p56_u65,p56,taps,"4네치에서안산시청은에이스황지나가거나연을상대로 1세트, 10일때사. 이세트를 10일때육으로대학가면배전시사관리공단에상대로 3대 1, 2 승이래그쳤다."
p56_u65,p56,ce,안사면에이뜨고막상대로 1세 1 11900원
p56_u65,p56,ce_s40,안사십분에에이쁠로 1 9로한 2
p56_u65,p56,ce_s80,어안산은에이  쓰고 1세 1 1194인데
p56_u65,p56,ce_s160,아안사면상대로 1 119 안되고
p56_u65,p56,taps_s80,"4네치에서안산시청은에이스황지나가거나연을상대로 1세트, 10일때사. 이세트를 10일때육으로대학가면배전시사관리공단에상대로 3대 1, 2를쳤다."
p56_u65,p56,taps_s160,"잔액티에서안산시청은에이스황지나가거나연을상대로 1세트, 10일때사. 이세트를 10일때육으로대학가면배전시사관리공단에상대로 3대 1, 2를그쳤다."
p56_u65,p56,ce_visible,안사면에이뜨고막상대로 1세 1 11900원
p56_u65,p56,ce_invisible,"4네치에서안산시청은에이스황지나가거나연을상대로 1세트, 10일때사. 이세트를 10일때육으로대학가면배전시사관리공단에상대로 3대 1, 2 승이래그쳤다."
p56_u66,p56,taps,이번송이로안산시통은성적셔틀을기록했으면일이금청구청과일이수어시상에이어상가이제공고이했어.
p56_u66,p56,ce,
p56_u66,p56,ce_s40,
p56_u66,p56,ce_s80,
p56_u66,p56,ce_s160,
p56_u66,p56,taps_s80,이번송이로안산시통은성장십칠탕을기록해서그냥일이금청구청과일이수어시성에이어상가제대로공고이했어.
p56_u66,p56,taps_s160,이번송이로안산시청은서점 170을기록했으면일이금청구청과일이수하시상에이어상가제대로공고이까
p56_u66,p56,ce_visible,
p56_u66,p56,ce_invisible,이번송이로안산시통은성적 17살기록했으면일이금청구청과일이수어시상에이어상가이제공고이했어.
p56_u67,p56,taps,남자매샤라리그에서는일산시사모단이 3천군산과 4.9에 3 대 1로역사 1평을봐.
p56_u67,p56,ce,남자매산이그에서는 1인 3개한번에플레이런역할을봐
p56_u67,p56,ce_s40,남자매서비에서는급해컨베이로역사
p56_u67,p56,ce_s80,남자매사람에그에서는일반세상보단한정굴한대이러고역사를받았다
p56_u67,p56,ce_s160,남자네사람이이거에서는일단바쁜데한배로역사
p56_u67,p56,taps_s80,남자네샤라리그에서는일산시사공단이삼성군산과답정급에상대히로역사를거바
p56_u67,p56,taps_s160,남자네시나리그에서는일산시사보단군산과 4정극끝에상대히로역사를걸
p56_u67,p56,ce_visible,남자매산에그에서는 1인 1종골인가분배기로열두있구
p56_u67,p56,ce_invisible,남자매샤라리그에서는일산시사모단이 3천군산과 4정극에상대히로역사 1위를봐.
p56_u68,p56,taps,"인천시설공단은이번수, 4년수모기록하면소정 22점으로 1위대 1 시점을생점 8점차로따라붙었다."
p56_u68,p56,ce,임금시발이발소이렇게해서한 22
p56_u68,p56,ce_s40,임플시기를입에서이렇게해서한 22
p56_u68,p56,ce_s80,1교시가우리는입금이렇게하고한 22
p56_u68,p56,ce_s160,일반식당은이렇고한 2주 1
p56_u68,p56,taps_s80,"인천시설공단은이번수, 위로 4년수모기록하면효정 22점으로 1위대 1 시점을생점 8점차로따라붙었다."
p56_u68,p56,taps_s160,"인천시설공사는이번수, 4년수원뒤로가면소정 22점으로 1위대출시청을 3.8로따라붙었다."
p56_u68,p56,ce_visible,임금시발이빨수이렇게해서한 22
p56_u68,p56,ce_invisible,"인천시설공단은이번수, 4년수모기록하면소정 22점으로 1위대 1 시점을생점 8점차로따라붙었다."
p56_u69,p56,taps,치게임  브랜드념하는그톤에프엠비가전형웹사이트임가형점공간은계속 15일발견
p56_u69,p56,ce,어까먹었다.
p56_u69,p56,ce_s40,어까먹었다.
p56_u69,p56,ce_s80,어까먹었다.
p56_u69,p56,ce_s160,어
p56_u69,p56,taps_s80,sk 브랜드는운영하는그톤에프엠미가검주전형웹사이트임가능공간에겨에발견
p56_u69,p56,taps_s160,sk 브랜드치킨의운영하는그톤에프엠비가전주전용웹사이트인감정공간에개판 15에팔겠다.
p56_u69,p56,ce_visible,어까먹었다.
p56_u69,p56,ce_invisible,치게임  브랜드념하는그톤에프엠비가전형웹사이트임가형점공간은계속 15일발견
p56_u70,p56,taps,가능점공과는가맹점과에원커뮤니케이션과상생로위에마련된내부서통상거의다.
p56_u70,p56,ce,간호조무공부하면은관호가원하는게뭔가상상이마련해. 내일은상구이가.
p56_u70,p56,ce_s40,간호교무공부하면가능하라고하면마련해. 내일은상구이거야.
p56_u70,p56,ce_s80,관은관공과의원구엘성과성의마련된외국상구이거야.
p56_u70,p56,ce_s160,관양금은관행금가의원화면구일공과성의마련해. 내부서동상구이봐.
p56_u70,p56,taps_s80,간회홍정화는가맹점과에원나랑커메이션과상생로위에마련된내부서통상코에다.
p56_u70,p56,taps_s160,가능점공과는가맹점과에원커뮤니케이션과상생기의마련된내부서통상꾼이다.
p56_u70,p56,ce_visible,간호조무공부하면은관호가원하는게뭔가상상이마련해. 내일은상구이가.
p56_u70,p56,ce_invisible,가능점공과는가맹점과에원커뮤니케이션과상생로위에마련된내부서통상거의다.
p56_u71,p56,taps,"3장공간에서는가능점운영에필요한본사도지상가능점주들의유타항위, 점주후식등이제재된다."
p56_u71,p56,ce,아니
p56_u71,p56,ce_s40,아니
p56_u71,p56,ce_s80,그러면이쁘지않아? 우리
p56_u71,p56,ce_s160,아니옷도뭐냐고
p56_u71,p56,taps_s80,"회장공간에서는가능점문영의필요한본사고지상가능점주들의유탄상위, 점주후식증이제대로된다."
p56_u71,p56,taps_s160,"3장공간에서는가능점운영의필요한본사고지상가능점주들의유타위, 점주후식등이개젤된다."
p56_u71,p56,ce_visible,아니옷도뭐냐고
p56_u71,p56,ce_invisible,"3장공간에서는가능점운영에필요한본사도지상가능점주들의유타항위, 점주후식등이제재된다."
p56_u72,p56,taps,이번개편은점이본사직원들이원하는정보를더싶어빠르게얻을수있도록방위쌍둥쌍둥이에초장에맞춰졌다.
p56_u72,p56,ce,이번주이십원은안버렸네.
p56_u72,p56,ce_s40,이번주? 응빠르게영입마카오였다.
p56_u72,p56,ce_s80,이번엔어내가
p56_u72,p56,ce_s160,이번엔버리게한영
p56_u72,p56,taps_s80,이번개편은점주이군사직원들이원하는정보를더싶어빠르게얻을수있도록중대화접근성용의초점을맞춰줬다.
p56_u72,p56,taps_s160,이번개편은점이동사직원들이원하는정보를더  싶어퍼빠르게얻을수있도록방이싼중대와적금쌍둥이에초장을맞춰졌다.
p56_u72,p56,ce_visible,이번주이십원은안버릴때어딨어내가
p56_u72,p56,ce_invisible,이번개편은점이본사직원들이원하는정보를더싶어빠르게얻을수있도록방위쌍둥쌍둥이에초장에맞춰졌다.
p56_u73,p56,taps,보다직관적이고책의적인인터페이스를구현한점이가장컨트팅이다.
p56_u73,p56,ce,어나그리고해결하고베이스를거의안남
p56_u73,p56,ce_s40,어나안너이거패배거의안담은거너무컨트롤이뭐야
p56_u73,p56,ce_s80,어나그리고해결하고베이스를거의안담이
p56_u73,p56,ce_s160,어나그리구해결하고에이뭐야핸드
p56_u73,p56,taps_s80,보다직관적이고책계적인인터페이스를구현한점이가장컨트팅이다.
p56_u73,p56,taps_s160,보다직관적이고책의적인인터페이스를구현한점이가장큰뜻이다.
p56_u73,p56,ce_visible,어나그리고해결하고베이스를거의안남
p56_u73,p56,ce_invisible,보다직관적이고책의적인인터페이스를구현한점이가장컨트팅이다.
p56_u74,p56,taps,사용자들이각자필요만 3개월에볼수있도록직접메인사면에데시보들을설정할수있는기능중에파악됐어.
p56_u74,p56,ce,한달너무
p56_u74,p56,ce_s40,한달너무이쁘겠다.
p56_u74,p56,ce_s80,한달너무이쁘겠다.
p56_u74,p56,ce_s160,3개월하면은너무이쁘겠다.
p56_u74,p56,taps_s80,"사용자들이각자필요, 카테고리만 3개월에볼수있도록직접메인사면에대시보들을설정할수있는기능등이파악됐어."
p56_u74,p56,taps_s160,"사용자들이각자필요, 카테고리만 3개월에볼수있도록직접메인사면에대시보들을설정할수있는기능중에파악됐어."
p56_u74,p56,ce_visible,한달너무
p56_u74,p56,ce_invisible,사용자들이각자필요만 3개월에볼수있도록직접메인사면에데시보들을설정할수있는기능중에파악됐어.
p56_u75,p56,taps,또한휴대폰모바일관광에서도애매하게사용할수있도록기능을퇴적하겠다.
p56_u75,p56,ce,
p56_u75,p56,ce_s40,해갖구
p56_u75,p56,ce_s80,마약공유하게해놓고
p56_u75,p56,ce_s160,아
p56_u75,p56,taps_s80,또한휴대폰모바일환경에서도애매하게사용할수있도록기능을퇴적하겠다.
p56_u75,p56,taps_s160,또한휴대폰모바일환경에서도편의하게사용할수있도록기능을퇴사하겠다.
p56_u75,p56,ce_visible,
p56_u75,p56,ce_invisible,또한휴대폰모바일관광에서도애매하게사용할수있도록기능을퇴적하겠다.
p56_u76,p56,taps,"그주는가맹점건강대천을통해, 가맹점가에소통한현재강화하고더나아가고객만족도현장까지함께만들어낼방치i"
p56_u76,p56,ce,아네. 안홍대마까지후배만들어.
p56_u76,p56,ce_s40,아고객만족한개만들어.
p56_u76,p56,ce_s80,안먹어. 아는것도만족한개만들어.
p56_u76,p56,ce_s160,아니홍대면안돼요? 하고마라.
p56_u76,p56,taps_s80,"그수능가맹점건강대편할때, 가맹점가을소통한현즈강화하고다나와가고객만족도현장까지함께만들어낼방치i"
p56_u76,p56,taps_s160,"그수능가맹점건강대편할때, 가맹점가에소통한현즈가강화하고더나아가고객만족도현상까지한개만들어낼방식이다."
p56_u76,p56,ce_visible,아홍대로가는것도강하고
p56_u76,p56,ce_invisible,"그주는가맹점건강대천을통해, 가맹점가에서만현지아강화하고더나아가고객만족도현장까지함께만들어낼방치i"
p56_u77,p56,taps,불사한시간  죽은시킬오늘유아말까지쓰면죄송하거나무단세팅을직접한다고 20일이겠다.
p56_u77,p56,ce,아니오늘 6월에말까지
p56_u77,p56,ce_s40,아니오늘 6월말
p56_u77,p56,ce_s80,아니오늘 6월에말
p56_u77,p56,ce_s160,아니오늘말
p56_u77,p56,taps_s80,돌산축소난이오늘유월말까지쓰면서하거나무단시키한일에대출한수업한다고이십팔일까.
p56_u77,p56,taps_s160,죽전시킬까많이유월말까지해서하거나무단세팅을직접한다고 20판에배겠다.
p56_u77,p56,ce_visible,아니오늘 6월에말하지.
p56_u77,p56,ce_invisible,불사한시간  죽은시킬오늘유아말까지쓰면죄송하거나무단세팅을직접한다고 20일정도있다.
p56_u78,p56,taps,앞서시는대주택일파리를세우고죽은색칠을돌지함나는홍보있다가현금은설치했대.
p56_u78,p56,ce,
p56_u78,p56,ce_s40,
p56_u78,p56,ce_s80,
p56_u78,p56,ce_s160,
p56_u78,p56,taps_s80,앞서치는대주에올타리를세우고죽은색칠을돌지함나는홍보있다가형제였고
p56_u78,p56,taps_s160,앞서시는대주택일파리를세우고죽은새치를돌지함나랑홍보있다가형동안설치했죠.
p56_u78,p56,ce_visible,
p56_u78,p56,ce_invisible,앞서시는대주에올타리를세우고죽은색칠을돌지함나랑홍보있다가현금은설치했대.
p56_u79,p56,taps,"죽솔직히봉사단한죽전을무단테너나훼손할수단을한편, 대주풀방문한시일을애기해. 죽송라대랑숙같이해주임싸에대한희구도방해한다."
p56_u79,p56,ce,
p56_u79,p56,ce_s40,
p56_u79,p56,ce_s80,
p56_u79,p56,ce_s160,안
p56_u79,p56,taps_s80,"죽솔시진이봉사단한죽전을무단체하거나해서하나를단속하는편, 대숲방문한시일을애기해. 죽송라대랑숙같이해주임사에대한희구도방해한다."
p56_u79,p56,taps_s160,"죽솔직히봉사단한죽전을무단체하거나해서단속하는편, 대숲방문한시일을애기해. 죽전과대랑스트에중싸에대한희구도방해한다."
p56_u79,p56,ce_visible,
p56_u79,p56,ce_invisible,"죽솔직히봉사단한죽전을무단체하거나해서하나를단속하는편, 대주풀방문한시일을애기해. 죽송라대랑숙같이해주임싸에대한희구도방해한다."
p56_u80,p56,taps,신념불법으로죽전에세트하거나훼손하는사람을잡발할때한껏 3대나랑강략하게될방진이다.
p56_u80,p56,ce,
p56_u80,p56,ce_s40,
p56_u80,p56,ce_s80,
p56_u80,p56,ce_s160,
p56_u80,p56,taps_s80,신념불법으로죽전세트하거나존한사람을잡발할때한껏 3대축제에나라강력하게될방진이다.
p56_u80,p56,taps_s160,신년불법으로죽전세트하거나훼손한사람을잡발할때한껏상대랑강약하게되는.
p56_u80,p56,ce_visible,
p56_u80,p56,ce_invisible,신념불법으로죽전에세트하거나훼손하는사람을잡발할때한껏 3대나랑강략하게될방진이다.
p56_u81,p56,taps,죽전을세트하면고급재송과고재제또에해당이차별을받는다.
p56_u81,p56,ce,F 아니야공공개회관재또래. 협의를받는다.
p56_u81,p56,ce_s40,FP 아니야공공개회관재또래혀벌을받는다.
p56_u81,p56,ce_s80,F 아니야공공개해놓은거라공공기라해. 3월에받는다.
p56_u81,p56,ce_s160,셋째아니야공공개회전사공공개할끄래. 3월에받는다.
p56_u81,p56,taps_s80,죽전을세트하면고급재송과고재제도에해당이차벌을받는다.
p56_u81,p56,taps_s160,스물세차하면고공제회송과고공제잘또해당이차벌을받는다.
p56_u81,p56,ce_visible,F 아니야공공개회관재또래. 협의를받는다.
p56_u81,p56,ce_invisible,죽전을세트하면고급재송과고재제또에해당이차별을받는다.
p56_u82,p56,taps,"페가국가정원에대수푼해가지고사무지고에형상되어있으면돼, 냉정오죽 5죽, 고각죽음다양한대남과분포되어있어."
p56_u82,p56,ce,그래서해가지고한대 5 6급 6
p56_u82,p56,ce_s40,해놓은국가대고헤어지고해홍대냉동육교
p56_u82,p56,ce_s80,"해오는국가장학에해가지고한마디로한대할수있냐, 냉동오주오육가꼬"
p56_u82,p56,ce_s160,그래서해가지고한공대홍대 5주 5급 6
p56_u82,p56,taps_s80,"페가국가정원에대수푼해가지고사무지고에형상되어있으면돼, 냉정오죽 5죽, 고각죽음다양한대남과분포되어있어."
p56_u82,p56,taps_s160,"페가국가정원에대수톤페어지고와사무지고에형상되어있음, 형제왕대, 냉정오죽 5죽고갑죽은다양한대남과분포되어있다."
p56_u82,p56,ce_visible,그래서한마디한대홍대오육
p56_u82,p56,ce_invisible,"페가국가정원에대수푼해가지고사무지고에형상되어있으면돼, 냉정오죽 5죽, 고각죽음다양한대남과분포되어있어."
p56_u83,p56,taps,군산에서태어비싼타면수송동롯데마트구디로페북미터당 290만 4천원으로나타났다.
p56_u83,p56,ce,
p56_u83,p56,ce_s40,
p56_u83,p56,ce_s80,어
p56_u83,p56,ce_s160,
p56_u83,p56,taps_s80,군산에서태어비싼타면수송동롯데마트부지로 3번미터당 290만 4천원으로나타났다.
p56_u83,p56,taps_s160,"군산에서최고비싼건수송동, 롯데마트부지로 3번미터당 290만 4천원으로나타났다."
p56_u83,p56,ce_visible,
p56_u83,p56,ce_invisible,군산에서태어비싼타면수송동롯데마트구디로페북미터당 290만 4천원으로나타났다.
p56_u84,p56,taps,"또한최저같은인피니, 보성리소재, 수강은보지로세봉비터가이천인데 20원으로확인됐다."
p56_u84,p56,ce,
p56_u84,p56,ce_s40,어이
p56_u84,p56,ce_s80,이
p56_u84,p56,ce_s160,어 2
p56_u84,p56,taps_s80,"또한최저가들은인피니, 보성리, 소재, 승원은부지로 3곡미터다 2000인데 20원으로확인됐다."
p56_u84,p56,taps_s160,"또한제자같은인피니, 보성이소재, 승학은보지로재검이 2천인데 20원으로확인됐다."
p56_u84,p56,ce_visible,이
p56_u84,p56,ce_invisible,"또한최저같은인피니, 보성리소재, 수강은보지로세봉비터가이천인데 20원으로확인됐다."
p56_u85,p56,taps,이같은사실은 28일응산시가이한2년 1월 1일기준으로사형들공시니까결장공부시발
p56_u85,p56,ce,이거까지 28일 94 1등으로공식막고기 12
p56_u85,p56,ce_s40,이거까지해서 28일 9 42학 1학 1등으로 105
p56_u85,p56,ce_s80,이거까지해서 28일 9 42랑 1월 1일이등록금세밑으로
p56_u85,p56,ce_s160,이거가지고 28일공사이빨 22학 1학 1등으로구별공제 88
p56_u85,p56,taps_s80,이같은사실은 28일응산시가이한2년 1월 1일기준으로사형들공시니까계단 080
p56_u85,p56,taps_s160,이같은사실은 28일응산시가이한2년 1월 1일기준으로사형들공시니까계단공부 112
p56_u85,p56,ce_visible,이거까지 20일공사이틀하 1억 1등으로공식막고기 16
p56_u85,p56,ce_invisible,이같은사실은 28일응산시가이한2년 1월 1일기준으로사형들공시니까결장공부시발
p56_u86,p56,taps,"19만 3, 43지를배성으로시행된개별것이지가는포지관련국민지방대와학점부담금종이구토자료로할인된다."
p56_u86,p56,ce,새꼬만집이나는후배관련된
p56_u86,p56,ce_s40,상하이어지간한어디갈려고공익와갖고하는
p56_u86,p56,ce_s80,상당히 32 야 5시에나는어제관련된빵공담그고공으로하는거
p56_u86,p56,ce_s160,새꼬말한 200일 3200은어디갈려구나무로하면된다
p56_u86,p56,taps_s80,193232를배성으로시행된개별것이지가는포지관련학생이지방대와쫌부담금종이기초자료로환다.
p56_u86,p56,taps_s160,193232를배성으로시행된개별것이지가는호주관련국장이지방세와학점부담금종이구토자료로하면된다.
p56_u86,p56,ce_visible,새꼬만빨리해나는어제갈려고공익와갖고
p56_u86,p56,ce_invisible,"19만 3, 43지를배성으로시행된개별것이지가는포지관련국민지방대와학점부담금종이구토자료로할인된다."
p56_u87,p56,taps,신랑별점대는치과를시평의도중2 센터부동산고구지가게알리니사이트를통해데거한다.
p56_u87,p56,ce,아니
p56_u87,p56,ce_s40,아니
p56_u87,p56,ce_s80,아니
p56_u87,p56,ce_s160,아니
p56_u87,p56,taps_s80,신랑별정된지가를시청의도중2 센터부동산구구시각에알리니사이트를통해제거한다.
p56_u87,p56,taps_s160,신랑별정된지가를시상을명도중2 센터부동산고구시각을알리니사이트를통해데꼬왔다.
p56_u87,p56,ce_visible,아니
p56_u87,p56,ce_invisible,신랑별점대는치과를시평의도중2 센터부동산고구지가게알리니사이트를통해데거한다.
p56_u88,p56,taps,집가에 2가 2는토지소는 5은 5월 30일까지시청포지정법과응이운도중인센터에서 2인상을받는다.
p56_u88,p56,ce,아있는소릴나는오는오아 119
p56_u88,p56,ce_s40,아있는소릴나는오는데 5월한 11박이지빵소리아이받는다.
p56_u88,p56,ce_s80,아이고나는오는 5월까지와음아이받는다.
p56_u88,p56,ce_s160,아니나는오는 5월까지와이
p56_u88,p56,taps_s80,"그까이은토지소유자는 5, 5월 30일까지시청포지정법과음이용도중인센터에서 2인상을받는다."
p56_u88,p56,taps_s160,"집가에 2가 2는토지소유자는 5월 30일까지시청포지정법과, 음이용도주민센터에서 2인신청을받는다."
p56_u88,p56,ce_visible,아있는소릴나는오는오아 119
p56_u88,p56,ce_invisible,집가에 2가 2는토지소는 5은 5월 30일까지시청포지정법과응이운도중인센터에서 2인상을받는다.
p56_u89,p56,taps,"이신상서가제출된토지면국토지정, 감정상가서의정리만거친다."
p56_u89,p56,ce,예신선하고검정성과에담당이가능할것준다.
p56_u89,p56,ce_s40,신선하고검정성과에공이검정일거찐다.
p56_u89,p56,ce_s80,신선동아대출하고검정성과에공장일거찐다.
p56_u89,p56,ce_s160,예신선하고검정성과에검정일거준다.
p56_u89,p56,taps_s80,"이신상서가제출된토지면국토지정, 감정상가사의정리검증을거친다."
p56_u89,p56,taps_s160,2인실 3서가대출된토지면국토그동부지장감정상가사의정비검증을거친다.
p56_u89,p56,ce_visible,신선하고검정고에서감당할것준다.
p56_u89,p56,ce_invisible,"이신상서가제출된토지면국토지정, 감정상가서의정리만거친다."
p56_u90,p56,taps,현재에서토지특성화상쇄하기후동상가격에시절을밟아오늘 6월 28일까지처리후결과를개발통지된다.
p56_u90,p56,ce,선생님하고위험해. 6월이지? 화낼거아니야?
p56_u90,p56,ce_s40,선생님위험해. 6월이지? 하는거지할인해서결과를통일된다고
p56_u90,p56,ce_s80,선생님하고위험해 11 아오른유월이십삼일까지성질낸다.
p56_u90,p56,ce_s160,선생님하고위험해. 오늘 6월 20일까지한결과를통일된다.
p56_u90,p56,taps_s80,현재에서토지특성화상쇄하긴해서부동산가격오십위원회시절을밟아오는 6월 23일까지처리후결과를개발통지된다.
p56_u90,p56,taps_s160,현재에서토지특성화상쇄하기후동상가격에시절차를밟아오는 6월 27일까지처리후결과를개발통지된다.
p56_u90,p56,ce_visible,선생님하고위험해. 6월 20일까지성게된다.
p56_u90,p56,ce_invisible,현재에서토지특성화상쇄하기후동상가격에시절을밟아오늘 6월 28까지탈의후결과를개발통지된다.
p56_u91,p56,taps,본사식토지정보과김장숙가장은신일에대성과미적뺀만큼신일에의견상처쓰냐에만전에비하했다고말떠
p56_u91,p56,ce,힐러공정습기원을씻는데의경말해줘야
p56_u91,p56,ce_s40,너먹고싶은데? 말했다.
p56_u91,p56,ce_s80,에어너까공장섞여씻는데의경말을이야겠다고말했다.
p56_u91,p56,ce_s160,에뛰던거궁장급신인들에대성가밀에의견을하면만원이야? 말했다.
p56_u91,p56,taps_s80,분단시토지정보과김장숙하자면신일에재성과미적된만큼시일에의견덩치와수렴에만전에비하했다고말했어.
p56_u91,p56,taps_s160,분산시토지정보과김장숙화장은신일에대성과미적뺄만큼시위르에의견상처수렴해만전에비하했다고말했어.
p56_u91,p56,ce_visible,힐러공정습기원을씻는데의경말해줘야
p56_u91,p56,ce_invisible,본사식토지정보과김장숙가장은신일에대성과미적뺀만큼신일에의견상처쓰냐에만전에비하했다고말떠
p56_u92,p56,taps,앞으로근로자스스로일하는시간이나당소를탄약적으로조정할수있게돼전망이다.
p56_u92,p56,ce,아니나를할때
p56_u92,p56,ce_s40,앞으로일안할시간이나를통역도할수있게안맞이
p56_u92,p56,ce_s80,앞으로내가스스로일어날시간이나오로를탄약정으로도망이다.
p56_u92,p56,ce_s160,아니나를할수
p56_u92,p56,taps_s80,앞으로근로자스스로일하는시간이나당소를탄약적으로조정할수있게될망이다.
p56_u92,p56,taps_s160,앞으로근로자스스로일하는시간이나당소를탄약적으로조정할수있게될망이다.
p56_u92,p56,ce_visible,일안해.
p56_u92,p56,ce_invisible,앞으로근로자스스로일하는시간이나당소를탄약적으로조정할수있게될망이다.
p56_u93,p56,taps,당분을신경일장부서울창사에서관계부터장관브리팅은열고이같은내용담기세정도강제점다낭을발표했다.
p56_u93,p56,ce,얘기했구나열고이게어
p56_u93,p56,ce_s40,여기있고 5개인가학비물열고이게학내용이
p56_u93,p56,ce_s80,얘기했음뭔가학비물열고이학
p56_u93,p56,ce_s160,얘기했고학비물열고이학부모
p56_u93,p56,taps_s80,당분을실력일정보서울창사에서관계부터장관브리팅은열고이같은내용담기세정도강제정책다낭을발표했다.
p56_u93,p56,taps_s160,당분을신경일장부서울창사에서관계부터장관브리팅은열고이같은내용담기세정도강제정책다낭을발표했다.
p56_u93,p56,ce_visible,얘기했뭔가학비물열고이게여기
p56_u93,p56,ce_invisible,당분을신경일장부서울창사에서관계부터장관브리팅은열고이같은내용담기세정도강제점다낭을발표했다.
p56_u94,p56,taps,"윤석일정부는그편하는노동시장환경에맞춰, 그동안더행트씩으로회길  적이었던글로시간을개편하겠다는방층이다."
p56_u94,p56,ce,일로하는경우에맞겠노니까회계시간할거뻔한것은
p56_u94,p56,ce_s40,일로는환경에맞춰서해결이었던골로시간에뻔한것은
p56_u94,p56,ce_s80,일독일은맞으로회계동이었다. 그러시잖아.
p56_u94,p56,ce_s160,일로하는경우맞추니까회계
p56_u94,p56,taps_s80,"일석일정문을그변하는노동시장환경에맞춰, 그동안버더행트씩으로해결이었던글로시간을개편하겠다는방층이다."
p56_u94,p56,taps_s160,"일석일정본을그편하는노동시장경에맞춰, 그동안더행트씩으로해결이었던글로시간을개편하겠다는방증이다."
p56_u94,p56,ce_visible,일로하는경우에맞겠노니까회계예뻐. 블로그시간하고
p56_u94,p56,ce_invisible,"윤석일정부는그편하는노동시장환경에맞춰, 그동안더행트씩으로회길  적이었던글로시간을개편하겠다는방층이다."
p56_u95,p56,taps,"먼저기존과같이주 52시간셋트래서일영근로제할상화를추진하는듯, 운영방법과이형수단을 4 대선하기로했어."
p56_u95,p56,ce,맞지미식축
p56_u95,p56,ce_s40,맞지미식
p56_u95,p56,ce_s80,맞지그오십미세명다이런거
p56_u95,p56,ce_s160,너옷입은거
p56_u95,p56,taps_s80,"먼저기존과같이주 52시간  질틀에서일년굴로제할선아를추진하는데, 운영방법과이형수단을 4차대선하기로했다."
p56_u95,p56,taps_s160,"먼저기존과같이주 52시간  질에서 1년굴로제할상화를추진하는데, 운영방법과이형수단을 4차대선하기로했어."
p56_u95,p56,ce_visible,맞지미식축
p56_u95,p56,ce_invisible,"먼저기존과같이주 52시간셋트래서일영근로제할상화를추진하는듯, 운영방법과이형수단을 4 대선하기로했어."
p56_u96,p56,taps,"1위에소화연장근로시간을저축하는글로시간저축대저들도입을추진하고, 연장근로시간소야관리하는단위학대해나선다."
p56_u96,p56,ce,일요일하고연장꼬여관리하는나간다.
p56_u96,p56,ce_s40,일요일? 어이번주안에? 아님학교
p56_u96,p56,ce_s80,일요일? 이번주안에? 아님나간다.
p56_u96,p56,ce_s160,일지하는
p56_u96,p56,taps_s80,"1위에초과연장근로시간을저축하는글로시간저축대저들도입을추진하고, 연장근로시간소멸하는단위학대해나선다."
p56_u96,p56,taps_s160,"1위에초과연장근로시간을저축하는글로시간저축대저들도입을추진하고, 연장근로시간소야관리하는단위학대해나선다."
p56_u96,p56,ce_visible,일요일하고연장꼬여관리하는애나간다.
p56_u96,p56,ce_invisible,"1위에소화연장근로시간을저축하는글로시간저축대저들도입을추진하고, 연장근로시간소야관리하는단위학대해나선다."
p56_u97,p56,taps,예를들어오늘다섯시간근무했다면내일 10시간하는식으로주 52시간내에서일연하게일할수있게되는생이다.
p56_u97,p56,ce,예를들어오늘하루쉬고근무했다면내일열시가밤새도록그 520시간내에서일하면일할때입게가능이다.
p56_u97,p56,ce_s40,예를들어오늘알바시간근무했다면내일열시가는식으로그 520시간내에서일안하게일을
p56_u97,p56,ce_s80,예를들어오늘알바시간근무했다면내일열시가는식으로그 520 내거일란하게일할때입게되는거
p56_u97,p56,ce_s160,예를들어오늘다빠지고아니면내일열시가로그 520 내일하는게일일본어
p56_u97,p56,taps_s80,예를들어오늘다섯시간근무했다면내일 10시간하는식으로주 52시간내에서일연하게일할수있게되는생이다.
p56_u97,p56,taps_s160,예를들어오늘다섯시간근무했다면내일 10시간하는식으로주 52시간내에서일연하게일할수있게되는생이다.
p56_u97,p56,ce_visible,예를들어오늘하루쉬고근무했다면내일열시가밤을  식으로그 520시간내에서일하면일할때입게가능이다.
p56_u97,p56,ce_invisible,예를들어오늘다섯시간근무했다면내일 10시간하는식으로주 52시간내에서일연하게일할수있게되는생이다.
p56_u98,p56,taps,또장보는선택적그러시간들정상기간도늘려이형그로들학번에나서겠다는계획이다.
p56_u98,p56,ce,어 300억대정상이랑도늘여이런걸로하고
p56_u98,p56,ce_s40,어 300억이런거하고하면나오겠다.
p56_u98,p56,ce_s80,너한 300명시간에당한거늘여이런걸로하고
p56_u98,p56,ce_s160,너한 300명이러시는데정상이남동열려이런걸로하고
p56_u98,p56,taps_s80,또장보는선택적그러시간들정상기간도늘려이런글로들학번을나서겠다는계획이다.
p56_u98,p56,taps_s160,또장보는선택적그러시간들정상기간도늘려인형그로들학번을나서게나는계획이다.
p56_u98,p56,ce_visible,어 300억대정상이랑도늘여이런걸로하고하면나오겠다는계획이다
p56_u98,p56,ce_invisible,또장보는선택적그러시간들정상기간도늘려이형그로들학번에나서겠다는계획이다.
p56_u99,p56,taps,스타트업이나전문직에글로시간운영에대한에로사항도회소하겠다고던보증은설명했다.
p56_u99,p56,ce,야이러고
p56_u99,p56,ce_s40,아겠다고
p56_u99,p56,ce_s80,얘기했으니까이러고있다.
p56_u99,p56,ce_s160,얘기했으니까이러고겠다고
p56_u99,p56,taps_s80,스타트업이나전문직에글로시간운영에대한에로사항도회소하겠다고당구측은설명했다.
p56_u99,p56,taps_s160,스타트업이나전문직에글로시간운영에대한에로사항도회소하겠다고던보증은설명했어.
p56_u99,p56,ce_visible,야이러고있다가
p56_u99,p56,ce_invisible,스타트업이나전문직에글로시간운영에대한에로사항도회소하겠다고던보증은설명했다.
