utt,spk,partner,logmel_l1,snr_db
p00_u00,p00,ce0.0,0.345,8.83
p00_u00,p00,ce10.0,0.7169,2.9
p00_u00,p00,demucs,0.3411,-4.99
p00_u00,p00,tstnn,0.4483,-6.85
p00_u01,p00,ce0.0,0.3088,11.88
p00_u01,p00,ce10.0,0.7092,3.72
p00_u01,p00,demucs,0.4131,-5.26
p00_u01,p00,tstnn,0.4014,-5.99
p00_u02,p00,ce0.0,0.2928,11.93
p00_u02,p00,ce10.0,0.6709,4.37
p00_u02,p00,demucs,0.3411,-5.47
p00_u02,p00,tstnn,0.3838,-6.28
p00_u03,p00,ce0.0,0.3755,9.03
p00_u03,p00,ce10.0,0.7313,2.74
p00_u03,p00,demucs,0.3524,-5.12
p00_u03,p00,tstnn,0.4581,-6.59
p00_u04,p00,ce0.0,0.3431,9.87
p00_u04,p00,ce10.0,0.7324,2.72
p00_u04,p00,demucs,0.4067,-5.09
p00_u04,p00,tstnn,0.428,-6.41
p00_u05,p00,ce0.0,0.3195,10.74
p00_u05,p00,ce10.0,0.7286,2.55
p00_u05,p00,demucs,0.4366,-5.89
p00_u05,p00,tstnn,0.4376,-6.42
p00_u06,p00,ce0.0,0.2757,12.79
p00_u06,p00,ce10.0,0.6661,3.86
p00_u06,p00,demucs,0.3927,-5.13
p00_u06,p00,tstnn,0.3854,-5.97
p00_u07,p00,ce0.0,0.326,11.96
p00_u07,p00,ce10.0,0.7358,3.19
p00_u07,p00,demucs,0.4143,-5.4
p00_u07,p00,tstnn,0.4501,-6.28
p00_u08,p00,ce0.0,0.3073,11.46
p00_u08,p00,ce10.0,0.7118,3.6
p00_u08,p00,demucs,0.429,-5.27
p00_u08,p00,tstnn,0.4255,-6.09
p00_u09,p00,ce0.0,0.3158,10.94
p00_u09,p00,ce10.0,0.7478,4.21
p00_u09,p00,demucs,0.4203,-5.31
p00_u09,p00,tstnn,0.4196,-6.16
p00_u10,p00,ce0.0,0.3167,10.69
p00_u10,p00,ce10.0,0.7273,2.42
p00_u10,p00,demucs,0.3898,-5.32
p00_u10,p00,tstnn,0.3861,-5.59
p00_u11,p00,ce0.0,0.2962,10.86
p00_u11,p00,ce10.0,0.6932,3.77
p00_u11,p00,demucs,0.4428,-5.78
p00_u11,p00,tstnn,0.3839,-5.45
p00_u12,p00,ce0.0,0.3598,11.46
p00_u12,p00,ce10.0,0.8075,2.61
p00_u12,p00,demucs,0.517,-6.61
p00_u12,p00,tstnn,0.4769,-5.87
p00_u13,p00,ce0.0,0.2923,10.78
p00_u13,p00,ce10.0,0.6826,2.99
p00_u13,p00,demucs,0.3813,-4.94
p00_u13,p00,tstnn,0.3674,-5.39
p00_u14,p00,ce0.0,0.3258,9.79
p00_u14,p00,ce10.0,0.6936,2.99
p00_u14,p00,demucs,0.394,-5.4
p00_u14,p00,tstnn,0.3918,-5.85
p00_u15,p00,ce0.0,0.3114,10.6
p00_u15,p00,ce10.0,0.7417,2.26
p00_u15,p00,demucs,0.4702,-6.03
p00_u15,p00,tstnn,0.3922,-5.89
p00_u16,p00,ce0.0,0.3686,9.36
p00_u16,p00,ce10.0,0.7708,1.87
p00_u16,p00,demucs,0.475,-5.64
p00_u16,p00,tstnn,0.4088,-5.46
p00_u17,p00,ce0.0,0.306,10.01
p00_u17,p00,ce10.0,0.7068,3.05
p00_u17,p00,demucs,0.4304,-5.1
p00_u17,p00,tstnn,0.3697,-5.26
p00_u18,p00,ce0.0,0.3097,10.76
p00_u18,p00,ce10.0,0.667,3.08
p00_u18,p00,demucs,0.4289,-5.24
p00_u18,p00,tstnn,0.3829,-5.87
p00_u19,p00,ce0.0,0.3061,10.02
p00_u19,p00,ce10.0,0.7188,2.81
p00_u19,p00,demucs,0.4168,-5.45
p00_u19,p00,tstnn,0.4055,-5.63
p00_u20,p00,ce0.0,0.288,11.26
p00_u20,p00,ce10.0,0.6995,2.84
p00_u20,p00,demucs,0.3853,-5.23
p00_u20,p00,tstnn,0.3714,-5.64
p00_u21,p00,ce0.0,0.2811,12.04
p00_u21,p00,ce10.0,0.6905,3.37
p00_u21,p00,demucs,0.3554,-5.17
p00_u21,p00,tstnn,0.3942,-5.87
p00_u22,p00,ce0.0,0.329,10.63
p00_u22,p00,ce10.0,0.7186,3.35
p00_u22,p00,demucs,0.3794,-5.49
p00_u22,p00,tstnn,0.4156,-5.72
p00_u23,p00,ce0.0,0.3071,10.33
p00_u23,p00,ce10.0,0.7125,1.98
p00_u23,p00,demucs,0.4712,-6.28
p00_u23,p00,tstnn,0.3964,-5.71
p00_u24,p00,ce0.0,0.3138,10.57
p00_u24,p00,ce10.0,0.7065,3.07
p00_u24,p00,demucs,0.3944,-5.05
p00_u24,p00,tstnn,0.3754,-5.37
p00_u25,p00,ce0.0,0.3278,11.29
p00_u25,p00,ce10.0,0.7775,2.37
p00_u25,p00,demucs,0.4452,-5.59
p00_u25,p00,tstnn,0.4198,-6.15
p00_u26,p00,ce0.0,0.3506,9.57
p00_u26,p00,ce10.0,0.7502,2.64
p00_u26,p00,demucs,0.4846,-6.15
p00_u26,p00,tstnn,0.3791,-5.18
p00_u27,p00,ce0.0,0.3452,9.06
p00_u27,p00,ce10.0,0.7295,2.49
p00_u27,p00,demucs,0.3733,-5.36
p00_u27,p00,tstnn,0.4096,-5.81
p00_u28,p00,ce0.0,0.2933,11.26
p00_u28,p00,ce10.0,0.7752,2.52
p00_u28,p00,demucs,0.4376,-5.55
p00_u28,p00,tstnn,0.418,-5.79
p00_u29,p00,ce0.0,0.3359,10.87
p00_u29,p00,ce10.0,0.7746,2.71
p00_u29,p00,demucs,0.4254,-5.68
p00_u29,p00,tstnn,0.4148,-5.98
p00_u30,p00,ce0.0,0.3164,9.36
p00_u30,p00,ce10.0,0.7585,1.4
p00_u30,p00,demucs,0.4281,-5.47
p00_u30,p00,tstnn,0.3889,-5.66
p00_u31,p00,ce0.0,0.3439,8.93
p00_u31,p00,ce10.0,0.7868,1.88
p00_u31,p00,demucs,0.3896,-4.56
p00_u31,p00,tstnn,0.4199,-5.41
p00_u32,p00,ce0.0,0.2817,11.56
p00_u32,p00,ce10.0,0.7458,2.48
p00_u32,p00,demucs,0.3659,-5.44
p00_u32,p00,tstnn,0.3696,-5.51
p00_u33,p00,ce0.0,0.3335,11.26
p00_u33,p00,ce10.0,0.8071,3.23
p00_u33,p00,demucs,0.4449,-5.3
p00_u33,p00,tstnn,0.4243,-5.4
p00_u34,p00,ce0.0,0.3168,10.99
p00_u34,p00,ce10.0,0.7363,2.95
p00_u34,p00,demucs,0.4028,-5.21
p00_u34,p00,tstnn,0.4159,-5.83
p00_u35,p00,ce0.0,0.3107,11.01
p00_u35,p00,ce10.0,0.7346,3.28
p00_u35,p00,demucs,0.4047,-5.44
p00_u35,p00,tstnn,0.3921,-5.46
p00_u36,p00,ce0.0,0.3003,11.31
p00_u36,p00,ce10.0,0.7012,3.77
p00_u36,p00,demucs,0.3995,-5.01
p00_u36,p00,tstnn,0.3866,-5.22
p00_u37,p00,ce0.0,0.29,11.28
p00_u37,p00,ce10.0,0.6913,2.79
p00_u37,p00,demucs,0.453,-5.87
p00_u37,p00,tstnn,0.3723,-5.44
p00_u38,p00,ce0.0,0.3134,11.08
p00_u38,p00,ce10.0,0.7214,1.8
p00_u38,p00,demucs,0.397,-5.4
p00_u38,p00,tstnn,0.393,-5.27
p00_u39,p00,ce0.0,0.3306,11.22
p00_u39,p00,ce10.0,0.7764,2.29
p00_u39,p00,demucs,0.4262,-5.01
p00_u39,p00,tstnn,0.4151,-5.63
p00_u40,p00,ce0.0,0.3458,9.79
p00_u40,p00,ce10.0,0.7614,3.09
p00_u40,p00,demucs,0.4238,-5.24
p00_u40,p00,tstnn,0.4048,-5.48
p00_u41,p00,ce0.0,0.4096,9.96
p00_u41,p00,ce10.0,0.8161,3.38
p00_u41,p00,demucs,0.461,-5.12
p00_u41,p00,tstnn,0.4462,-5.46
p00_u42,p00,ce0.0,0.2748,12.6
p00_u42,p00,ce10.0,0.6949,3.24
p00_u42,p00,demucs,0.3698,-5.52
p00_u42,p00,tstnn,0.3744,-5.61
p00_u43,p00,ce0.0,0.3257,9.49
p00_u43,p00,ce10.0,0.7379,2.01
p00_u43,p00,demucs,0.3679,-5.32
p00_u43,p00,tstnn,0.3897,-5.79
p00_u44,p00,ce0.0,0.3188,11.59
p00_u44,p00,ce10.0,0.7272,1.97
p00_u44,p00,demucs,0.4311,-5.58
p00_u44,p00,tstnn,0.3924,-6.01
p00_u45,p00,ce0.0,0.3421,9.06
p00_u45,p00,ce10.0,0.7597,2.23
p00_u45,p00,demucs,0.4203,-5.73
p00_u45,p00,tstnn,0.3732,-5.76
p00_u46,p00,ce0.0,0.349,10.51
p00_u46,p00,ce10.0,0.7759,2.46
p00_u46,p00,demucs,0.4516,-5.85
p00_u46,p00,tstnn,0.3999,-5.31
p00_u47,p00,ce0.0,0.2976,10.86
p00_u47,p00,ce10.0,0.7265,2.12
p00_u47,p00,demucs,0.4028,-5.34
p00_u47,p00,tstnn,0.3978,-6.05
p00_u48,p00,ce0.0,0.3055,11.77
p00_u48,p00,ce10.0,0.7356,2.59
p00_u48,p00,demucs,0.4219,-5.52
p00_u48,p00,tstnn,0.4063,-5.99
p00_u49,p00,ce0.0,0.3019,11.73
p00_u49,p00,ce10.0,0.7525,1.93
p00_u49,p00,demucs,0.4483,-6.5
p00_u49,p00,tstnn,0.3957,-5.91
p00_u50,p00,ce0.0,0.3076,11.03
p00_u50,p00,ce10.0,0.764,3.05
p00_u50,p00,demucs,0.3925,-5.35
p00_u50,p00,tstnn,0.3937,-5.63
p00_u51,p00,ce0.0,0.323,10.16
p00_u51,p00,ce10.0,0.7099,2.73
p00_u51,p00,demucs,0.3767,-5.19
p00_u51,p00,tstnn,0.4124,-5.87
p00_u52,p00,ce0.0,0.3412,9.28
p00_u52,p00,ce10.0,0.7141,2.67
p00_u52,p00,demucs,0.4084,-5.56
p00_u52,p00,tstnn,0.4071,-6.08
p00_u53,p00,ce0.0,0.3169,9.84
p00_u53,p00,ce10.0,0.7315,2.16
p00_u53,p00,demucs,0.4028,-5.75
p00_u53,p00,tstnn,0.3791,-5.86
p00_u54,p00,ce0.0,0.3317,11.61
p00_u54,p00,ce10.0,0.7975,2.35
p00_u54,p00,demucs,0.4585,-5.81
p00_u54,p00,tstnn,0.4549,-5.63
p00_u55,p00,ce0.0,0.3304,10.76
p00_u55,p00,ce10.0,0.7844,1.87
p00_u55,p00,demucs,0.3999,-5.51
p00_u55,p00,tstnn,0.4488,-5.93
p00_u56,p00,ce0.0,0.3258,10.98
p00_u56,p00,ce10.0,0.7738,1.92
p00_u56,p00,demucs,0.417,-5.95
p00_u56,p00,tstnn,0.4277,-6.15
p00_u57,p00,ce0.0,0.3315,9.67
p00_u57,p00,ce10.0,0.7506,2.75
p00_u57,p00,demucs,0.4063,-5.64
p00_u57,p00,tstnn,0.4325,-5.97
p00_u58,p00,ce0.0,0.313,10.47
p00_u58,p00,ce10.0,0.7091,2.82
p00_u58,p00,demucs,0.4145,-5.87
p00_u58,p00,tstnn,0.4147,-6.14
p00_u59,p00,ce0.0,0.3273,9.93
p00_u59,p00,ce10.0,0.7075,2.3
p00_u59,p00,demucs,0.3797,-5.45
p00_u59,p00,tstnn,0.424,-6.63
p00_u60,p00,ce0.0,0.2831,13.0
p00_u60,p00,ce10.0,0.7083,3.66
p00_u60,p00,demucs,0.4244,-5.43
p00_u60,p00,tstnn,0.3932,-5.56
p00_u61,p00,ce0.0,0.2921,11.63
p00_u61,p00,ce10.0,0.7431,2.54
p00_u61,p00,demucs,0.4879,-6.12
p00_u61,p00,tstnn,0.4214,-6.01
p00_u62,p00,ce0.0,0.3487,9.62
p00_u62,p00,ce10.0,0.7632,1.85
p00_u62,p00,demucs,0.5155,-5.99
p00_u62,p00,tstnn,0.4095,-5.98
p00_u63,p00,ce0.0,0.315,10.37
p00_u63,p00,ce10.0,0.7433,2.42
p00_u63,p00,demucs,0.4201,-5.58
p00_u63,p00,tstnn,0.3776,-5.18
p00_u64,p00,ce0.0,0.3287,10.64
p00_u64,p00,ce10.0,0.7118,2.83
p00_u64,p00,demucs,0.402,-5.39
p00_u64,p00,tstnn,0.3923,-5.54
p00_u65,p00,ce0.0,0.3454,9.57
p00_u65,p00,ce10.0,0.7275,2.66
p00_u65,p00,demucs,0.4296,-5.38
p00_u65,p00,tstnn,0.3698,-5.54
p00_u66,p00,ce0.0,0.33,9.88
p00_u66,p00,ce10.0,0.7487,2.58
p00_u66,p00,demucs,0.4007,-5.53
p00_u66,p00,tstnn,0.3978,-5.49
p00_u67,p00,ce0.0,0.3209,10.24
p00_u67,p00,ce10.0,0.7462,2.88
p00_u67,p00,demucs,0.3902,-5.39
p00_u67,p00,tstnn,0.4028,-5.68
p00_u68,p00,ce0.0,0.343,9.97
p00_u68,p00,ce10.0,0.7576,2.21
p00_u68,p00,demucs,0.4163,-5.67
p00_u68,p00,tstnn,0.4136,-5.88
p00_u69,p00,ce0.0,0.3233,11.0
p00_u69,p00,ce10.0,0.7499,2.67
p00_u69,p00,demucs,0.4118,-5.83
p00_u69,p00,tstnn,0.4288,-6.08
p00_u70,p00,ce0.0,0.3535,9.23
p00_u70,p00,ce10.0,0.7224,2.92
p00_u70,p00,demucs,0.4181,-5.65
p00_u70,p00,tstnn,0.441,-5.88
p00_u71,p00,ce0.0,0.3648,9.55
p00_u71,p00,ce10.0,0.7765,2.08
p00_u71,p00,demucs,0.4307,-5.78
p00_u71,p00,tstnn,0.4308,-5.63
p00_u72,p00,ce0.0,0.3029,12.54
p00_u72,p00,ce10.0,0.6747,3.91
p00_u72,p00,demucs,0.4,-5.53
p00_u72,p00,tstnn,0.429,-6.11
p00_u73,p00,ce0.0,0.3772,8.32
p00_u73,p00,ce10.0,0.7973,2.46
p00_u73,p00,demucs,0.3603,-5.39
p00_u73,p00,tstnn,0.4973,-6.12
p00_u74,p00,ce0.0,0.3603,9.48
p00_u74,p00,ce10.0,0.7837,2.6
p00_u74,p00,demucs,0.35,-5.37
p00_u74,p00,tstnn,0.4582,-6.19
p00_u75,p00,ce0.0,0.3436,10.58
p00_u75,p00,ce10.0,0.7936,2.57
p00_u75,p00,demucs,0.4031,-5.19
p00_u75,p00,tstnn,0.4332,-5.87
p00_u76,p00,ce0.0,0.3105,11.96
p00_u76,p00,ce10.0,0.7187,3.98
p00_u76,p00,demucs,0.3931,-5.45
p00_u76,p00,tstnn,0.4251,-6.1
p00_u77,p00,ce0.0,0.381,9.45
p00_u77,p00,ce10.0,0.8246,1.81
p00_u77,p00,demucs,0.3438,-5.47
p00_u77,p00,tstnn,0.4802,-6.24
p00_u78,p00,ce0.0,0.3391,10.61
p00_u78,p00,ce10.0,0.7452,2.58
p00_u78,p00,demucs,0.3774,-5.56
p00_u78,p00,tstnn,0.4537,-6.05
p00_u79,p00,ce0.0,0.3132,10.02
p00_u79,p00,ce10.0,0.7435,2.43
p00_u79,p00,demucs,0.4339,-5.12
p00_u79,p00,tstnn,0.3813,-5.66
p00_u80,p00,ce0.0,0.3403,10.64
p00_u80,p00,ce10.0,0.7697,3.0
p00_u80,p00,demucs,0.4272,-5.89
p00_u80,p00,tstnn,0.4406,-5.18
p00_u81,p00,ce0.0,0.3193,9.17
p00_u81,p00,ce10.0,0.7233,2.07
p00_u81,p00,demucs,0.3566,-5.23
p00_u81,p00,tstnn,0.4422,-5.89
p00_u82,p00,ce0.0,0.2835,12.08
p00_u82,p00,ce10.0,0.7299,3.82
p00_u82,p00,demucs,0.3349,-5.15
p00_u82,p00,tstnn,0.4138,-5.52
p00_u83,p00,ce0.0,0.3175,10.77
p00_u83,p00,ce10.0,0.7092,3.12
p00_u83,p00,demucs,0.3686,-5.39
p00_u83,p00,tstnn,0.4326,-6.03
p00_u84,p00,ce0.0,0.3088,11.08
p00_u84,p00,ce10.0,0.718,2.68
p00_u84,p00,demucs,0.4168,-5.77
p00_u84,p00,tstnn,0.4021,-5.52
p00_u85,p00,ce0.0,0.2741,11.62
p00_u85,p00,ce10.0,0.6639,3.55
p00_u85,p00,demucs,0.4058,-5.18
p00_u85,p00,tstnn,0.3992,-5.25
p00_u86,p00,ce0.0,0.2999,10.69
p00_u86,p00,ce10.0,0.7584,2.61
p00_u86,p00,demucs,0.4101,-5.57
p00_u86,p00,tstnn,0.443,-5.9
p00_u87,p00,ce0.0,0.294,11.84
p00_u87,p00,ce10.0,0.7166,2.99
p00_u87,p00,demucs,0.4838,-6.38
p00_u87,p00,tstnn,0.3662,-5.47
p00_u88,p00,ce0.0,0.3202,10.54
p00_u88,p00,ce10.0,0.7459,2.78
p00_u88,p00,demucs,0.3606,-5.11
p00_u88,p00,tstnn,0.4121,-5.5
p00_u89,p00,ce0.0,0.344,9.83
p00_u89,p00,ce10.0,0.7254,2.94
p00_u89,p00,demucs,0.4389,-5.33
p00_u89,p00,tstnn,0.4205,-5.67
p00_u90,p00,ce0.0,0.3323,11.27
p00_u90,p00,ce10.0,0.7753,2.7
p00_u90,p00,demucs,0.4037,-5.51
p00_u90,p00,tstnn,0.4016,-5.92
p00_u91,p00,ce0.0,0.2658,12.5
p00_u91,p00,ce10.0,0.7352,2.52
p00_u91,p00,demucs,0.3717,-5.78
p00_u91,p00,tstnn,0.3939,-6.19
p00_u92,p00,ce0.0,0.2856,11.98
p00_u92,p00,ce10.0,0.7023,3.12
p00_u92,p00,demucs,0.3813,-5.09
p00_u92,p00,tstnn,0.3729,-5.48
p00_u93,p00,ce0.0,0.3041,10.86
p00_u93,p00,ce10.0,0.7004,3.21
p00_u93,p00,demucs,0.3962,-5.41
p00_u93,p00,tstnn,0.4413,-6.68
p00_u94,p00,ce0.0,0.3022,11.87
p00_u94,p00,ce10.0,0.7427,3.34
p00_u94,p00,demucs,0.373,-4.72
p00_u94,p00,tstnn,0.4511,-5.85
p00_u95,p00,ce0.0,0.2991,11.89
p00_u95,p00,ce10.0,0.733,3.03
p00_u95,p00,demucs,0.4292,-5.93
p00_u95,p00,tstnn,0.3996,-5.55
p00_u96,p00,ce0.0,0.3402,10.23
p00_u96,p00,ce10.0,0.7178,2.77
p00_u96,p00,demucs,0.37,-5.82
p00_u96,p00,tstnn,0.4303,-6.26
p00_u97,p00,ce0.0,0.3081,10.6
p00_u97,p00,ce10.0,0.6782,3.2
p00_u97,p00,demucs,0.5883,-7.09
p00_u97,p00,tstnn,0.4003,-5.99
p00_u98,p00,ce0.0,0.3315,9.41
p00_u98,p00,ce10.0,0.7003,2.09
p00_u98,p00,demucs,0.4289,-6.09
p00_u98,p00,tstnn,0.3978,-6.37
p00_u99,p00,ce0.0,0.3278,10.41
p00_u99,p00,ce10.0,0.7127,2.31
p00_u99,p00,demucs,0.3908,-5.53
p00_u99,p00,tstnn,0.4509,-6.29
p02_u00,p02,ce0.0,0.3536,8.83
p02_u00,p02,ce10.0,0.9404,-1.05
p02_u00,p02,demucs,0.7539,-9.37
p02_u00,p02,tstnn,0.5799,-6.83
p02_u01,p02,ce0.0,0.3007,11.93
p02_u01,p02,ce10.0,0.7059,5.11
p02_u01,p02,demucs,0.4113,-5.96
p02_u01,p02,tstnn,0.4871,-3.96
p02_u02,p02,ce0.0,0.3541,12.39
p02_u02,p02,ce10.0,0.8241,5.22
p02_u02,p02,demucs,0.4909,-6.1
p02_u02,p02,tstnn,0.6181,-3.93
p02_u03,p02,ce0.0,0.4442,7.19
p02_u03,p02,ce10.0,0.7195,4.37
p02_u03,p02,demucs,0.4698,-5.89
p02_u03,p02,tstnn,0.4323,-4.0
p02_u04,p02,ce0.0,0.4182,8.54
p02_u04,p02,ce10.0,0.6696,5.34
p02_u04,p02,demucs,0.3581,-5.33
p02_u04,p02,tstnn,0.4595,-3.51
p02_u05,p02,ce0.0,0.2524,11.67
p02_u05,p02,ce10.0,0.7288,5.01
p02_u05,p02,demucs,0.367,-5.88
p02_u05,p02,tstnn,0.4921,-4.0
p02_u06,p02,ce0.0,0.2562,11.61
p02_u06,p02,ce10.0,0.6539,4.43
p02_u06,p02,demucs,0.3969,-6.51
p02_u06,p02,tstnn,0.4714,-4.21
p02_u07,p02,ce0.0,0.2525,12.24
p02_u07,p02,ce10.0,0.6826,4.98
p02_u07,p02,demucs,0.3664,-6.05
p02_u07,p02,tstnn,0.4564,-4.01
p02_u08,p02,ce0.0,0.2635,12.81
p02_u08,p02,ce10.0,0.6859,5.31
p02_u08,p02,demucs,0.3886,-6.13
p02_u08,p02,tstnn,0.452,-4.06
p02_u09,p02,ce0.0,0.2411,12.67
p02_u09,p02,ce10.0,0.6462,5.3
p02_u09,p02,demucs,0.3949,-6.33
p02_u09,p02,tstnn,0.4321,-4.02
p02_u10,p02,ce0.0,0.2259,13.62
p02_u10,p02,ce10.0,0.6705,5.54
p02_u10,p02,demucs,0.3415,-5.14
p02_u10,p02,tstnn,0.4144,-3.5
p02_u11,p02,ce0.0,0.2561,12.77
p02_u11,p02,ce10.0,0.6861,5.49
p02_u11,p02,demucs,0.4161,-6.32
p02_u11,p02,tstnn,0.4564,-4.04
p02_u12,p02,ce0.0,0.2495,12.91
p02_u12,p02,ce10.0,0.6593,5.31
p02_u12,p02,demucs,0.3665,-5.91
p02_u12,p02,tstnn,0.4564,-3.68
p02_u13,p02,ce0.0,0.2437,13.11
p02_u13,p02,ce10.0,0.6879,5.17
p02_u13,p02,demucs,0.3727,-5.76
p02_u13,p02,tstnn,0.4476,-3.88
p02_u14,p02,ce0.0,0.4454,8.11
p02_u14,p02,ce10.0,0.6585,4.98
p02_u14,p02,demucs,0.4069,-6.13
p02_u14,p02,tstnn,0.4079,-4.08
p02_u15,p02,ce0.0,0.2606,11.27
p02_u15,p02,ce10.0,0.651,5.26
p02_u15,p02,demucs,0.3599,-5.94
p02_u15,p02,tstnn,0.4475,-3.98
p02_u16,p02,ce0.0,0.3577,9.12
p02_u16,p02,ce10.0,0.6841,4.81
p02_u16,p02,demucs,0.4186,-5.82
p02_u16,p02,tstnn,0.4172,-4.29
p02_u17,p02,ce0.0,0.2585,12.97
p02_u17,p02,ce10.0,0.692,5.24
p02_u17,p02,demucs,0.3653,-5.59
p02_u17,p02,tstnn,0.417,-3.83
p02_u18,p02,ce0.0,0.2274,12.67
p02_u18,p02,ce10.0,0.6605,5.14
p02_u18,p02,demucs,0.3597,-6.24
p02_u18,p02,tstnn,0.4242,-4.03
p02_u19,p02,ce0.0,0.2552,12.26
p02_u19,p02,ce10.0,0.6708,4.93
p02_u19,p02,demucs,0.3544,-5.89
p02_u19,p02,tstnn,0.4624,-4.19
p02_u20,p02,ce0.0,0.2598,12.26
p02_u20,p02,ce10.0,0.6674,5.37
p02_u20,p02,demucs,0.3539,-5.78
p02_u20,p02,tstnn,0.4505,-3.72
p02_u21,p02,ce0.0,0.4087,8.11
p02_u21,p02,ce10.0,0.7505,2.58
p02_u21,p02,demucs,0.5902,-8.62
p02_u21,p02,tstnn,0.4893,-5.98
p02_u22,p02,ce0.0,0.2393,12.52
p02_u22,p02,ce10.0,0.6199,5.27
p02_u22,p02,demucs,0.3739,-5.56
p02_u22,p02,tstnn,0.3965,-4.41
p02_u23,p02,ce0.0,0.28,11.67
p02_u23,p02,ce10.0,0.6783,5.09
p02_u23,p02,demucs,0.3536,-5.85
p02_u23,p02,tstnn,0.4597,-4.02
p02_u24,p02,ce0.0,0.2895,11.73
p02_u24,p02,ce10.0,0.6913,5.21
p02_u24,p02,demucs,0.4002,-5.68
p02_u24,p02,tstnn,0.4367,-4.37
p02_u25,p02,ce0.0,0.3874,8.9
p02_u25,p02,ce10.0,0.6582,4.9
p02_u25,p02,demucs,0.3752,-5.42
p02_u25,p02,tstnn,0.4363,-3.9
p02_u26,p02,ce0.0,0.3252,9.43
p02_u26,p02,ce10.0,0.7553,0.83
p02_u26,p02,demucs,0.6583,-8.36
p02_u26,p02,tstnn,0.5017,-6.22
p02_u27,p02,ce0.0,0.3895,9.19
p02_u27,p02,ce10.0,0.6601,4.78
p02_u27,p02,demucs,0.3973,-5.78
p02_u27,p02,tstnn,0.4221,-4.2
p02_u28,p02,ce0.0,0.3446,9.33
p02_u28,p02,ce10.0,0.787,0.54
p02_u28,p02,demucs,0.7197,-9.32
p02_u28,p02,tstnn,0.5429,-6.98
p02_u29,p02,ce0.0,0.377,7.54
p02_u29,p02,ce10.0,0.7642,2.78
p02_u29,p02,demucs,0.6093,-7.63
p02_u29,p02,tstnn,0.4948,-5.77
p02_u30,p02,ce0.0,0.3508,9.51
p02_u30,p02,ce10.0,0.6661,4.31
p02_u30,p02,demucs,0.4413,-6.59
p02_u30,p02,tstnn,0.4301,-4.58
p02_u31,p02,ce0.0,0.2589,11.7
p02_u31,p02,ce10.0,0.6976,4.86
p02_u31,p02,demucs,0.3778,-6.23
p02_u31,p02,tstnn,0.4768,-4.17
p02_u32,p02,ce0.0,0.2769,11.32
p02_u32,p02,ce10.0,0.693,4.87
p02_u32,p02,demucs,0.3948,-5.95
p02_u32,p02,tstnn,0.4434,-3.97
p02_u33,p02,ce0.0,0.51,6.77
p02_u33,p02,ce10.0,0.6685,4.36
p02_u33,p02,demucs,0.4716,-6.07
p02_u33,p02,tstnn,0.4247,-4.77
p02_u34,p02,ce0.0,0.3743,8.57
p02_u34,p02,ce10.0,0.7766,1.57
p02_u34,p02,demucs,0.5976,-8.22
p02_u34,p02,tstnn,0.4711,-6.14
p02_u35,p02,ce0.0,0.3948,8.99
p02_u35,p02,ce10.0,0.7082,2.91
p02_u35,p02,demucs,0.4919,-7.09
p02_u35,p02,tstnn,0.4374,-5.22
p02_u36,p02,ce0.0,0.3056,11.35
p02_u36,p02,ce10.0,0.7682,4.6
p02_u36,p02,demucs,0.4557,-5.99
p02_u36,p02,tstnn,0.5572,-3.96
p02_u37,p02,ce0.0,0.2765,10.99
p02_u37,p02,ce10.0,0.6674,5.02
p02_u37,p02,demucs,0.391,-6.08
p02_u37,p02,tstnn,0.4574,-3.96
p02_u38,p02,ce0.0,0.3287,9.68
p02_u38,p02,ce10.0,0.721,5.07
p02_u38,p02,demucs,0.4756,-6.48
p02_u38,p02,tstnn,0.4863,-4.36
p02_u39,p02,ce0.0,0.2569,12.16
p02_u39,p02,ce10.0,0.6383,5.28
p02_u39,p02,demucs,0.3667,-5.93
p02_u39,p02,tstnn,0.4579,-4.13
p02_u40,p02,ce0.0,0.3548,9.66
p02_u40,p02,ce10.0,0.6248,4.67
p02_u40,p02,demucs,0.4197,-6.7
p02_u40,p02,tstnn,0.4117,-4.14
p02_u41,p02,ce0.0,0.323,10.94
p02_u41,p02,ce10.0,0.65,4.84
p02_u41,p02,demucs,0.406,-6.24
p02_u41,p02,tstnn,0.4347,-3.99
p02_u42,p02,ce0.0,0.3446,9.05
p02_u42,p02,ce10.0,0.7148,4.17
p02_u42,p02,demucs,0.5362,-7.19
p02_u42,p02,tstnn,0.44,-4.98
p02_u43,p02,ce0.0,0.3526,9.13
p02_u43,p02,ce10.0,0.6448,5.02
p02_u43,p02,demucs,0.3806,-5.8
p02_u43,p02,tstnn,0.453,-4.16
p02_u44,p02,ce0.0,0.2892,12.06
p02_u44,p02,ce10.0,0.6926,5.14
p02_u44,p02,demucs,0.4386,-6.16
p02_u44,p02,tstnn,0.4875,-4.11
p02_u45,p02,ce0.0,0.2648,11.47
p02_u45,p02,ce10.0,0.6831,4.97
p02_u45,p02,demucs,0.4072,-5.46
p02_u45,p02,tstnn,0.4639,-4.23
p02_u46,p02,ce0.0,0.3097,12.2
p02_u46,p02,ce10.0,0.6537,5.11
p02_u46,p02,demucs,0.4468,-6.27
p02_u46,p02,tstnn,0.4452,-4.19
p02_u47,p02,ce0.0,0.2501,12.51
p02_u47,p02,ce10.0,0.6963,5.25
p02_u47,p02,demucs,0.3912,-5.82
p02_u47,p02,tstnn,0.4537,-3.89
p02_u48,p02,ce0.0,0.2712,12.69
p02_u48,p02,ce10.0,0.6396,5.12
p02_u48,p02,demucs,0.397,-6.39
p02_u48,p02,tstnn,0.4422,-4.09
p02_u49,p02,ce0.0,0.5322,6.56
p02_u49,p02,ce10.0,0.7477,4.78
p02_u49,p02,demucs,0.6003,-6.46
p02_u49,p02,tstnn,0.4605,-4.37
p02_u50,p02,ce0.0,0.4159,8.76
p02_u50,p02,ce10.0,0.6539,4.98
p02_u50,p02,demucs,0.404,-6.04
p02_u50,p02,tstnn,0.4106,-4.38
p02_u51,p02,ce0.0,0.2867,12.3
p02_u51,p02,ce10.0,0.6553,5.34
p02_u51,p02,demucs,0.3699,-5.16
p02_u51,p02,tstnn,0.4288,-4.24
p02_u52,p02,ce0.0,0.3335,11.7
p02_u52,p02,ce10.0,0.6951,5.02
p02_u52,p02,demucs,0.4029,-5.82
p02_u52,p02,tstnn,0.4433,-4.04
p02_u53,p02,ce0.0,0.282,11.72
p02_u53,p02,ce10.0,0.6648,5.15
p02_u53,p02,demucs,0.4171,-6.2
p02_u53,p02,tstnn,0.4629,-4.21
p02_u54,p02,ce0.0,0.286,11.73
p02_u54,p02,ce10.0,0.6647,3.88
p02_u54,p02,demucs,0.4772,-6.99
p02_u54,p02,tstnn,0.4065,-5.39
p02_u55,p02,ce0.0,0.2919,10.89
p02_u55,p02,ce10.0,0.6431,4.78
p02_u55,p02,demucs,0.3905,-6.03
p02_u55,p02,tstnn,0.4272,-4.51
p02_u56,p02,ce0.0,0.282,12.12
p02_u56,p02,ce10.0,0.6715,5.35
p02_u56,p02,demucs,0.3783,-5.84
p02_u56,p02,tstnn,0.4615,-4.32
p02_u57,p02,ce0.0,0.3153,11.05
p02_u57,p02,ce10.0,0.6666,4.66
p02_u57,p02,demucs,0.4251,-6.38
p02_u57,p02,tstnn,0.3898,-4.78
p02_u58,p02,ce0.0,0.3994,8.18
p02_u58,p02,ce10.0,0.7022,3.68
p02_u58,p02,demucs,0.4494,-6.66
p02_u58,p02,tstnn,0.4246,-4.83
p02_u59,p02,ce0.0,0.2888,11.86
p02_u59,p02,ce10.0,0.6919,5.19
p02_u59,p02,demucs,0.3692,-5.92
p02_u59,p02,tstnn,0.4611,-4.46
p02_u60,p02,ce0.0,0.5225,7.51
p02_u60,p02,ce10.0,0.6577,5.14
p02_u60,p02,demucs,0.3869,-5.54
p02_u60,p02,tstnn,0.4002,-4.01
p02_u61,p02,ce0.0,0.2682,12.51
p02_u61,p02,ce10.0,0.6641,5.01
p02_u61,p02,demucs,0.371,-5.34
p02_u61,p02,tstnn,0.4377,-4.14
p02_u62,p02,ce0.0,0.4166,8.66
p02_u62,p02,ce10.0,0.6873,4.4
p02_u62,p02,demucs,0.4703,-6.16
p02_u62,p02,tstnn,0.4112,-4.77
p02_u63,p02,ce0.0,0.2502,11.86
p02_u63,p02,ce10.0,0.6836,5.06
p02_u63,p02,demucs,0.4222,-6.27
p02_u63,p02,tstnn,0.4651,-4.11
p02_u64,p02,ce0.0,0.2754,12.31
p02_u64,p02,ce10.0,0.7374,5.02
p02_u64,p02,demucs,0.4476,-6.17
p02_u64,p02,tstnn,0.5039,-3.99
p02_u65,p02,ce0.0,0.2872,12.2
p02_u65,p02,ce10.0,0.75,5.24
p02_u65,p02,demucs,0.4391,-6.43
p02_u65,p02,tstnn,0.5043,-4.16
p02_u66,p02,ce0.0,0.2801,12.7
p02_u66,p02,ce10.0,0.6379,5.33
p02_u66,p02,demucs,0.3507,-5.76
p02_u66,p02,tstnn,0.4109,-4.03
p02_u67,p02,ce0.0,0.2663,12.15
p02_u67,p02,ce10.0,0.6976,5.11
p02_u67,p02,demucs,0.3921,-5.61
p02_u67,p02,tstnn,0.501,-4.0
p02_u68,p02,ce0.0,0.3057,12.04
p02_u68,p02,ce10.0,0.6348,5.32
p02_u68,p02,demucs,0.3729,-5.95
p02_u68,p02,tstnn,0.4499,-3.82
p02_u69,p02,ce0.0,0.2483,12.52
p02_u69,p02,ce10.0,0.6466,4.99
p02_u69,p02,demucs,0.3689,-5.22
p02_u69,p02,tstnn,0.4204,-3.81
p02_u70,p02,ce0.0,0.3311,9.97
p02_u70,p02,ce10.0,0.6645,4.71
p02_u70,p02,demucs,0.4023,-6.22
p02_u70,p02,tstnn,0.4435,-4.15
p02_u71,p02,ce0.0,0.322,9.03
p02_u71,p02,ce10.0,0.6993,3.37
p02_u71,p02,demucs,0.5315,-7.23
p02_u71,p02,tstnn,0.4417,-5.19
p02_u72,p02,ce0.0,0.2654,12.72
p02_u72,p02,ce10.0,0.6722,5.18
p02_u72,p02,demucs,0.3612,-5.98
p02_u72,p02,tstnn,0.4367,-4.13
p02_u73,p02,ce0.0,0.3226,11.58
p02_u73,p02,ce10.0,0.6665,4.44
p02_u73,p02,demucs,0.4417,-6.03
p02_u73,p02,tstnn,0.4537,-4.08
p02_u74,p02,ce0.0,0.3096,10.33
p02_u74,p02,ce10.0,0.7061,4.38
p02_u74,p02,demucs,0.4656,-6.74
p02_u74,p02,tstnn,0.4712,-4.37
p02_u75,p02,ce0.0,0.3281,9.75
p02_u75,p02,ce10.0,0.6494,4.66
p02_u75,p02,demucs,0.3621,-5.32
p02_u75,p02,tstnn,0.4504,-4.44
p02_u76,p02,ce0.0,0.3063,11.84
p02_u76,p02,ce10.0,0.6499,4.89
p02_u76,p02,demucs,0.3749,-5.68
p02_u76,p02,tstnn,0.4369,-4.28
p02_u77,p02,ce0.0,0.3418,11.71
p02_u77,p02,ce10.0,0.6555,3.88
p02_u77,p02,demucs,0.511,-7.18
p02_u77,p02,tstnn,0.4016,-4.9
p02_u78,p02,ce0.0,0.3049,11.75
p02_u78,p02,ce10.0,0.6555,4.97
p02_u78,p02,demucs,0.4041,-5.51
p02_u78,p02,tstnn,0.4456,-4.13
p02_u79,p02,ce0.0,0.2836,11.97
p02_u79,p02,ce10.0,0.6668,5.3
p02_u79,p02,demucs,0.4119,-6.4
p02_u79,p02,tstnn,0.4222,-4.7
p02_u80,p02,ce0.0,0.3153,12.23
p02_u80,p02,ce10.0,0.7026,5.2
p02_u80,p02,demucs,0.376,-6.02
p02_u80,p02,tstnn,0.445,-4.46
p02_u81,p02,ce0.0,0.3092,11.33
p02_u81,p02,ce10.0,0.6884,3.59
p02_u81,p02,demucs,0.5427,-7.54
p02_u81,p02,tstnn,0.4451,-5.53
p02_u82,p02,ce0.0,0.3523,10.38
p02_u82,p02,ce10.0,0.7312,3.04
p02_u82,p02,demucs,0.5611,-7.22
p02_u82,p02,tstnn,0.4186,-5.53
p02_u83,p02,ce0.0,0.2891,11.06
p02_u83,p02,ce10.0,0.7526,3.55
p02_u83,p02,demucs,0.5594,-7.22
p02_u83,p02,tstnn,0.4473,-5.67
p02_u84,p02,ce0.0,0.3007,10.1
p02_u84,p02,ce10.0,0.7386,2.05
p02_u84,p02,demucs,0.5965,-7.92
p02_u84,p02,tstnn,0.4624,-5.86
p02_u85,p02,ce0.0,0.2655,11.85
p02_u85,p02,ce10.0,0.6726,4.71
p02_u85,p02,demucs,0.4724,-6.5
p02_u85,p02,tstnn,0.4239,-4.6
p02_u86,p02,ce0.0,0.3242,10.76
p02_u86,p02,ce10.0,0.7442,2.49
p02_u86,p02,demucs,0.5323,-7.38
p02_u86,p02,tstnn,0.4721,-6.03
p02_u87,p02,ce0.0,0.3538,10.47
p02_u87,p02,ce10.0,0.6855,2.88
p02_u87,p02,demucs,0.5408,-7.37
p02_u87,p02,tstnn,0.4215,-5.35
p02_u88,p02,ce0.0,0.3335,11.61
p02_u88,p02,ce10.0,0.6915,3.51
p02_u88,p02,demucs,0.5282,-7.18
p02_u88,p02,tstnn,0.4258,-5.32
p02_u89,p02,ce0.0,0.2831,11.46
p02_u89,p02,ce10.0,0.665,5.02
p02_u89,p02,demucs,0.4203,-5.34
p02_u89,p02,tstnn,0.4417,-3.86
p02_u90,p02,ce0.0,0.29,12.07
p02_u90,p02,ce10.0,0.6459,4.81
p02_u90,p02,demucs,0.4599,-6.51
p02_u90,p02,tstnn,0.4369,-4.28
p02_u91,p02,ce0.0,0.2645,11.94
p02_u91,p02,ce10.0,0.6432,4.6
p02_u91,p02,demucs,0.4034,-6.1
p02_u91,p02,tstnn,0.457,-4.31
p02_u92,p02,ce0.0,0.2994,11.13
p02_u92,p02,ce10.0,0.6848,4.82
p02_u92,p02,demucs,0.4496,-6.26
p02_u92,p02,tstnn,0.4147,-4.38
p02_u93,p02,ce0.0,0.2745,11.67
p02_u93,p02,ce10.0,0.6755,4.43
p02_u93,p02,demucs,0.4108,-6.13
p02_u93,p02,tstnn,0.4522,-4.41
p02_u94,p02,ce0.0,0.3338,10.47
p02_u94,p02,ce10.0,0.6931,4.81
p02_u94,p02,demucs,0.3772,-5.33
p02_u94,p02,tstnn,0.4187,-4.01
p02_u95,p02,ce0.0,0.2519,11.78
p02_u95,p02,ce10.0,0.6643,5.22
p02_u95,p02,demucs,0.3827,-5.93
p02_u95,p02,tstnn,0.4268,-4.47
p02_u96,p02,ce0.0,0.3056,11.22
p02_u96,p02,ce10.0,0.6373,4.23
p02_u96,p02,demucs,0.4516,-6.82
p02_u96,p02,tstnn,0.39,-4.97
p02_u97,p02,ce0.0,0.399,9.29
p02_u97,p02,ce10.0,0.7106,3.3
p02_u97,p02,demucs,0.4818,-7.53
p02_u97,p02,tstnn,0.396,-5.42
p02_u98,p02,ce0.0,0.3828,10.22
p02_u98,p02,ce10.0,0.6888,4.29
p02_u98,p02,demucs,0.4802,-6.57
p02_u98,p02,tstnn,0.4116,-5.22
p02_u99,p02,ce0.0,0.3565,10.95
p02_u99,p02,ce10.0,0.6824,4.55
p02_u99,p02,demucs,0.4217,-6.01
p02_u99,p02,tstnn,0.417,-4.58
p04_u00,p04,ce0.0,0.2855,12.73
p04_u00,p04,ce10.0,0.7557,5.9
p04_u00,p04,demucs,0.4137,-5.47
p04_u00,p04,tstnn,0.4845,-4.7
p04_u01,p04,ce0.0,0.2755,12.4
p04_u01,p04,ce10.0,0.755,5.53
p04_u01,p04,demucs,0.3785,-5.31
p04_u01,p04,tstnn,0.4568,-5.03
p04_u02,p04,ce0.0,0.2804,12.95
p04_u02,p04,ce10.0,0.7407,5.58
p04_u02,p04,demucs,0.4451,-5.21
p04_u02,p04,tstnn,0.4602,-4.99
p04_u03,p04,ce0.0,0.2872,12.29
p04_u03,p04,ce10.0,0.7039,5.99
p04_u03,p04,demucs,0.4154,-4.72
p04_u03,p04,tstnn,0.5054,-4.36
p04_u04,p04,ce0.0,0.2804,13.35
p04_u04,p04,ce10.0,0.7251,5.51
p04_u04,p04,demucs,0.3861,-5.11
p04_u04,p04,tstnn,0.5298,-4.21
p04_u05,p04,ce0.0,0.2795,12.5
p04_u05,p04,ce10.0,0.7049,5.62
p04_u05,p04,demucs,0.3661,-5.34
p04_u05,p04,tstnn,0.5166,-4.81
p04_u06,p04,ce0.0,0.3049,12.05
p04_u06,p04,ce10.0,0.7048,5.49
p04_u06,p04,demucs,0.3618,-5.0
p04_u06,p04,tstnn,0.4739,-4.84
p04_u07,p04,ce0.0,0.3095,11.84
p04_u07,p04,ce10.0,0.7245,5.65
p04_u07,p04,demucs,0.3839,-5.27
p04_u07,p04,tstnn,0.425,-5.31
p04_u08,p04,ce0.0,0.2593,12.23
p04_u08,p04,ce10.0,0.7058,5.48
p04_u08,p04,demucs,0.3889,-4.91
p04_u08,p04,tstnn,0.47,-4.72
p04_u09,p04,ce0.0,0.2963,12.2
p04_u09,p04,ce10.0,0.7741,6.1
p04_u09,p04,demucs,0.4374,-5.06
p04_u09,p04,tstnn,0.5172,-4.69
p04_u10,p04,ce0.0,0.2925,11.78
p04_u10,p04,ce10.0,0.7902,5.07
p04_u10,p04,demucs,0.3997,-5.51
p04_u10,p04,tstnn,0.4424,-5.56
p04_u11,p04,ce0.0,0.2642,12.36
p04_u11,p04,ce10.0,0.7543,5.49
p04_u11,p04,demucs,0.3469,-5.34
p04_u11,p04,tstnn,0.4649,-5.31
p04_u12,p04,ce0.0,0.3135,11.66
p04_u12,p04,ce10.0,0.7482,6.03
p04_u12,p04,demucs,0.3838,-5.0
p04_u12,p04,tstnn,0.4874,-4.69
p04_u13,p04,ce0.0,0.3557,10.98
p04_u13,p04,ce10.0,0.7989,4.88
p04_u13,p04,demucs,0.4153,-5.98
p04_u13,p04,tstnn,0.4721,-5.34
p04_u14,p04,ce0.0,0.2675,11.99
p04_u14,p04,ce10.0,0.7583,5.2
p04_u14,p04,demucs,0.3539,-5.59
p04_u14,p04,tstnn,0.4246,-5.42
p04_u15,p04,ce0.0,0.2935,11.41
p04_u15,p04,ce10.0,0.7522,4.85
p04_u15,p04,demucs,0.3709,-5.5
p04_u15,p04,tstnn,0.4747,-5.08
p04_u16,p04,ce0.0,0.2889,11.92
p04_u16,p04,ce10.0,0.7195,5.49
p04_u16,p04,demucs,0.3603,-5.34
p04_u16,p04,tstnn,0.4536,-5.23
p04_u17,p04,ce0.0,0.2831,11.58
p04_u17,p04,ce10.0,0.769,5.29
p04_u17,p04,demucs,0.407,-5.48
p04_u17,p04,tstnn,0.4454,-5.57
p04_u18,p04,ce0.0,0.277,12.35
p04_u18,p04,ce10.0,0.717,5.03
p04_u18,p04,demucs,0.3806,-5.25
p04_u18,p04,tstnn,0.4443,-5.15
p04_u19,p04,ce0.0,0.2899,12.47
p04_u19,p04,ce10.0,0.7309,5.49
p04_u19,p04,demucs,0.4039,-4.82
p04_u19,p04,tstnn,0.5062,-4.88
p04_u20,p04,ce0.0,0.2944,12.08
p04_u20,p04,ce10.0,0.7409,5.35
p04_u20,p04,demucs,0.3506,-5.18
p04_u20,p04,tstnn,0.4116,-5.44
p04_u21,p04,ce0.0,0.3022,12.69
p04_u21,p04,ce10.0,0.7888,5.44
p04_u21,p04,demucs,0.4179,-5.49
p04_u21,p04,tstnn,0.4866,-5.16
p04_u22,p04,ce0.0,0.2802,12.23
p04_u22,p04,ce10.0,0.76,5.04
p04_u22,p04,demucs,0.3796,-6.08
p04_u22,p04,tstnn,0.4103,-5.88
p04_u23,p04,ce0.0,0.2846,12.45
p04_u23,p04,ce10.0,0.7418,5.68
p04_u23,p04,demucs,0.3506,-5.42
p04_u23,p04,tstnn,0.4533,-5.4
p04_u24,p04,ce0.0,0.3179,12.74
p04_u24,p04,ce10.0,0.7729,5.5
p04_u24,p04,demucs,0.3698,-5.42
p04_u24,p04,tstnn,0.4755,-5.1
p04_u25,p04,ce0.0,0.2858,11.88
p04_u25,p04,ce10.0,0.7685,5.2
p04_u25,p04,demucs,0.3934,-5.29
p04_u25,p04,tstnn,0.4496,-5.61
p04_u26,p04,ce0.0,0.3697,12.57
p04_u26,p04,ce10.0,0.8603,5.17
p04_u26,p04,demucs,0.4821,-5.35
p04_u26,p04,tstnn,0.4815,-5.92
p04_u27,p04,ce0.0,0.2897,12.15
p04_u27,p04,ce10.0,0.7421,5.2
p04_u27,p04,demucs,0.4132,-5.93
p04_u27,p04,tstnn,0.4398,-5.49
p04_u28,p04,ce0.0,0.3048,12.25
p04_u28,p04,ce10.0,0.7507,6.19
p04_u28,p04,demucs,0.3637,-5.49
p04_u28,p04,tstnn,0.4556,-5.69
p04_u29,p04,ce0.0,0.303,12.57
p04_u29,p04,ce10.0,0.7631,6.02
p04_u29,p04,demucs,0.4703,-4.78
p04_u29,p04,tstnn,0.5545,-4.7
p04_u30,p04,ce0.0,0.3304,11.96
p04_u30,p04,ce10.0,0.7441,6.13
p04_u30,p04,demucs,0.38,-4.91
p04_u30,p04,tstnn,0.4559,-5.4
p04_u31,p04,ce0.0,0.3323,12.4
p04_u31,p04,ce10.0,0.7421,5.66
p04_u31,p04,demucs,0.3974,-5.72
p04_u31,p04,tstnn,0.4588,-5.3
p04_u32,p04,ce0.0,0.289,12.31
p04_u32,p04,ce10.0,0.7008,5.31
p04_u32,p04,demucs,0.3723,-5.61
p04_u32,p04,tstnn,0.4247,-5.27
p04_u33,p04,ce0.0,0.3093,12.35
p04_u33,p04,ce10.0,0.7232,5.5
p04_u33,p04,demucs,0.3737,-5.33
p04_u33,p04,tstnn,0.4528,-5.3
p04_u34,p04,ce0.0,0.2796,11.41
p04_u34,p04,ce10.0,0.7322,4.66
p04_u34,p04,demucs,0.3756,-5.34
p04_u34,p04,tstnn,0.4269,-5.28
p04_u35,p04,ce0.0,0.2824,12.51
p04_u35,p04,ce10.0,0.724,5.75
p04_u35,p04,demucs,0.384,-5.41
p04_u35,p04,tstnn,0.4337,-5.66
p04_u36,p04,ce0.0,0.2705,12.01
p04_u36,p04,ce10.0,0.7686,4.89
p04_u36,p04,demucs,0.3559,-5.94
p04_u36,p04,tstnn,0.4646,-5.69
p04_u37,p04,ce0.0,0.2743,12.03
p04_u37,p04,ce10.0,0.7606,5.55
p04_u37,p04,demucs,0.4458,-5.63
p04_u37,p04,tstnn,0.4732,-5.39
p04_u38,p04,ce0.0,0.3062,11.55
p04_u38,p04,ce10.0,0.7453,4.87
p04_u38,p04,demucs,0.3903,-5.39
p04_u38,p04,tstnn,0.4628,-5.46
p04_u39,p04,ce0.0,0.2455,12.16
p04_u39,p04,ce10.0,0.7391,4.85
p04_u39,p04,demucs,0.3321,-5.34
p04_u39,p04,tstnn,0.4639,-5.42
p04_u40,p04,ce0.0,0.2613,12.57
p04_u40,p04,ce10.0,0.731,5.16
p04_u40,p04,demucs,0.3686,-5.42
p04_u40,p04,tstnn,0.4943,-4.81
p04_u41,p04,ce0.0,0.2772,11.72
p04_u41,p04,ce10.0,0.821,5.17
p04_u41,p04,demucs,0.4168,-5.78
p04_u41,p04,tstnn,0.4684,-5.42
p04_u42,p04,ce0.0,0.2501,12.1
p04_u42,p04,ce10.0,0.72,5.35
p04_u42,p04,demucs,0.3484,-5.65
p04_u42,p04,tstnn,0.414,-5.43
p04_u43,p04,ce0.0,0.2592,12.28
p04_u43,p04,ce10.0,0.7106,6.02
p04_u43,p04,demucs,0.3974,-4.94
p04_u43,p04,tstnn,0.4752,-5.18
p04_u44,p04,ce0.0,0.2985,11.79
p04_u44,p04,ce10.0,0.7488,5.31
p04_u44,p04,demucs,0.3619,-5.48
p04_u44,p04,tstnn,0.481,-5.34
p04_u45,p04,ce0.0,0.2824,11.76
p04_u45,p04,ce10.0,0.7462,5.59
p04_u45,p04,demucs,0.3564,-5.19
p04_u45,p04,tstnn,0.4841,-4.91
p04_u46,p04,ce0.0,0.278,12.27
p04_u46,p04,ce10.0,0.7609,4.75
p04_u46,p04,demucs,0.3764,-5.24
p04_u46,p04,tstnn,0.4443,-5.12
p04_u47,p04,ce0.0,0.2828,12.69
p04_u47,p04,ce10.0,0.7185,5.28
p04_u47,p04,demucs,0.3949,-5.51
p04_u47,p04,tstnn,0.4509,-5.41
p04_u48,p04,ce0.0,0.3376,11.46
p04_u48,p04,ce10.0,0.7435,5.66
p04_u48,p04,demucs,0.3867,-5.64
p04_u48,p04,tstnn,0.4421,-5.66
p04_u49,p04,ce0.0,0.3414,12.04
p04_u49,p04,ce10.0,0.7826,5.03
p04_u49,p04,demucs,0.3983,-5.59
p04_u49,p04,tstnn,0.4758,-4.72
p04_u50,p04,ce0.0,0.2905,12.23
p04_u50,p04,ce10.0,0.7678,5.76
p04_u50,p04,demucs,0.3958,-5.33
p04_u50,p04,tstnn,0.4554,-5.07
p04_u51,p04,ce0.0,0.3467,11.06
p04_u51,p04,ce10.0,0.7503,5.6
p04_u51,p04,demucs,0.4087,-5.53
p04_u51,p04,tstnn,0.4756,-5.21
p04_u52,p04,ce0.0,0.2965,12.78
p04_u52,p04,ce10.0,0.7318,5.35
p04_u52,p04,demucs,0.3784,-5.26
p04_u52,p04,tstnn,0.4689,-5.0
p04_u53,p04,ce0.0,0.3195,11.48
p04_u53,p04,ce10.0,0.7708,4.92
p04_u53,p04,demucs,0.3226,-5.54
p04_u53,p04,tstnn,0.4061,-5.98
p04_u54,p04,ce0.0,0.2663,11.75
p04_u54,p04,ce10.0,0.7653,5.09
p04_u54,p04,demucs,0.4091,-5.27
p04_u54,p04,tstnn,0.4456,-5.2
p04_u55,p04,ce0.0,0.3027,11.74
p04_u55,p04,ce10.0,0.8001,4.63
p04_u55,p04,demucs,0.3778,-5.76
p04_u55,p04,tstnn,0.4417,-5.88
p04_u56,p04,ce0.0,0.3265,11.57
p04_u56,p04,ce10.0,0.7577,5.32
p04_u56,p04,demucs,0.4246,-5.68
p04_u56,p04,tstnn,0.4556,-5.18
p04_u57,p04,ce0.0,0.3515,11.2
p04_u57,p04,ce10.0,0.7559,4.62
p04_u57,p04,demucs,0.4051,-6.01
p04_u57,p04,tstnn,0.453,-5.48
p04_u58,p04,ce0.0,0.3377,9.71
p04_u58,p04,ce10.0,0.7512,4.89
p04_u58,p04,demucs,0.3458,-5.38
p04_u58,p04,tstnn,0.4352,-5.66
p04_u59,p04,ce0.0,0.3555,10.05
p04_u59,p04,ce10.0,0.7223,4.69
p04_u59,p04,demucs,0.4005,-5.42
p04_u59,p04,tstnn,0.4259,-5.97
p04_u60,p04,ce0.0,0.327,10.45
p04_u60,p04,ce10.0,0.7403,4.86
p04_u60,p04,demucs,0.3867,-5.16
p04_u60,p04,tstnn,0.5094,-4.94
p04_u61,p04,ce0.0,0.2703,11.89
p04_u61,p04,ce10.0,0.7351,4.73
p04_u61,p04,demucs,0.4144,-5.7
p04_u61,p04,tstnn,0.4736,-4.9
p04_u62,p04,ce0.0,0.2887,12.21
p04_u62,p04,ce10.0,0.7747,4.95
p04_u62,p04,demucs,0.3739,-5.63
p04_u62,p04,tstnn,0.4252,-5.82
p04_u63,p04,ce0.0,0.2913,12.81
p04_u63,p04,ce10.0,0.7387,5.48
p04_u63,p04,demucs,0.3822,-4.96
p04_u63,p04,tstnn,0.4378,-5.15
p04_u64,p04,ce0.0,0.2934,13.35
p04_u64,p04,ce10.0,0.7877,6.12
p04_u64,p04,demucs,0.3922,-5.41
p04_u64,p04,tstnn,0.437,-5.99
p04_u65,p04,ce0.0,0.2296,12.8
p04_u65,p04,ce10.0,0.7215,4.89
p04_u65,p04,demucs,0.3619,-5.74
p04_u65,p04,tstnn,0.4587,-5.75
p04_u66,p04,ce0.0,0.3231,10.76
p04_u66,p04,ce10.0,0.7657,5.03
p04_u66,p04,demucs,0.3367,-5.46
p04_u66,p04,tstnn,0.3936,-5.6
p04_u67,p04,ce0.0,0.3189,12.11
p04_u67,p04,ce10.0,0.7564,5.79
p04_u67,p04,demucs,0.4275,-5.26
p04_u67,p04,tstnn,0.4536,-6.17
p04_u68,p04,ce0.0,0.3748,9.72
p04_u68,p04,ce10.0,0.7508,5.49
p04_u68,p04,demucs,0.4111,-5.73
p04_u68,p04,tstnn,0.4385,-6.23
p04_u69,p04,ce0.0,0.242,12.43
p04_u69,p04,ce10.0,0.707,5.73
p04_u69,p04,demucs,0.374,-5.6
p04_u69,p04,tstnn,0.409,-5.61
p04_u70,p04,ce0.0,0.24,12.67
p04_u70,p04,ce10.0,0.7075,5.15
p04_u70,p04,demucs,0.3586,-5.49
p04_u70,p04,tstnn,0.4315,-5.57
p04_u71,p04,ce0.0,0.2939,11.79
p04_u71,p04,ce10.0,0.6723,6.11
p04_u71,p04,demucs,0.372,-5.39
p04_u71,p04,tstnn,0.4032,-5.73
p04_u72,p04,ce0.0,0.3892,12.04
p04_u72,p04,ce10.0,0.7611,5.55
p04_u72,p04,demucs,0.4197,-5.19
p04_u72,p04,tstnn,0.4371,-5.52
p04_u73,p04,ce0.0,0.323,10.95
p04_u73,p04,ce10.0,0.7376,5.53
p04_u73,p04,demucs,0.3734,-5.38
p04_u73,p04,tstnn,0.4432,-6.17
p04_u74,p04,ce0.0,0.3457,10.88
p04_u74,p04,ce10.0,0.7136,6.08
p04_u74,p04,demucs,0.377,-5.04
p04_u74,p04,tstnn,0.4384,-5.8
p04_u75,p04,ce0.0,0.3333,10.46
p04_u75,p04,ce10.0,0.7395,5.12
p04_u75,p04,demucs,0.4072,-5.4
p04_u75,p04,tstnn,0.443,-5.77
p04_u76,p04,ce0.0,0.3155,10.96
p04_u76,p04,ce10.0,0.78,5.16
p04_u76,p04,demucs,0.4123,-5.57
p04_u76,p04,tstnn,0.4226,-5.41
p04_u77,p04,ce0.0,0.2235,13.56
p04_u77,p04,ce10.0,0.7143,5.37
p04_u77,p04,demucs,0.3416,-5.3
p04_u77,p04,tstnn,0.4215,-5.61
p04_u78,p04,ce0.0,0.2521,12.18
p04_u78,p04,ce10.0,0.7077,4.95
p04_u78,p04,demucs,0.3622,-5.25
p04_u78,p04,tstnn,0.4824,-5.55
p04_u79,p04,ce0.0,0.2438,12.58
p04_u79,p04,ce10.0,0.7436,5.59
p04_u79,p04,demucs,0.3434,-5.32
p04_u79,p04,tstnn,0.4462,-5.95
p04_u80,p04,ce0.0,0.2805,11.83
p04_u80,p04,ce10.0,0.7035,5.71
p04_u80,p04,demucs,0.3786,-5.46
p04_u80,p04,tstnn,0.4734,-5.91
p04_u81,p04,ce0.0,0.3037,11.54
p04_u81,p04,ce10.0,0.7579,5.59
p04_u81,p04,demucs,0.4008,-5.68
p04_u81,p04,tstnn,0.4857,-6.34
p04_u82,p04,ce0.0,0.2677,12.41
p04_u82,p04,ce10.0,0.6921,5.3
p04_u82,p04,demucs,0.3571,-5.62
p04_u82,p04,tstnn,0.4309,-6.03
p04_u83,p04,ce0.0,0.3198,10.61
p04_u83,p04,ce10.0,0.7605,5.24
p04_u83,p04,demucs,0.4027,-5.37
p04_u83,p04,tstnn,0.4483,-5.69
p04_u84,p04,ce0.0,0.2767,12.2
p04_u84,p04,ce10.0,0.6845,5.61
p04_u84,p04,demucs,0.3495,-5.07
p04_u84,p04,tstnn,0.4558,-5.04
p04_u85,p04,ce0.0,0.322,11.62
p04_u85,p04,ce10.0,0.7189,5.4
p04_u85,p04,demucs,0.3758,-5.28
p04_u85,p04,tstnn,0.5412,-4.94
p04_u86,p04,ce0.0,0.2204,12.75
p04_u86,p04,ce10.0,0.688,4.77
p04_u86,p04,demucs,0.3326,-5.28
p04_u86,p04,tstnn,0.4325,-4.86
p04_u87,p04,ce0.0,0.3515,10.29
p04_u87,p04,ce10.0,0.7238,4.57
p04_u87,p04,demucs,0.355,-5.24
p04_u87,p04,tstnn,0.4414,-5.48
p04_u88,p04,ce0.0,0.3073,11.22
p04_u88,p04,ce10.0,0.6841,4.83
p04_u88,p04,demucs,0.3898,-5.0
p04_u88,p04,tstnn,0.5045,-4.65
p04_u89,p04,ce0.0,0.3042,10.06
p04_u89,p04,ce10.0,0.7988,4.62
p04_u89,p04,demucs,0.3758,-5.5
p04_u89,p04,tstnn,0.4436,-5.61
p04_u90,p04,ce0.0,0.3029,11.09
p04_u90,p04,ce10.0,0.718,5.07
p04_u90,p04,demucs,0.3554,-5.34
p04_u90,p04,tstnn,0.407,-5.82
p04_u91,p04,ce0.0,0.2577,11.16
p04_u91,p04,ce10.0,0.7339,5.19
p04_u91,p04,demucs,0.3847,-5.21
p04_u91,p04,tstnn,0.4426,-5.33
p04_u92,p04,ce0.0,0.2955,11.12
p04_u92,p04,ce10.0,0.7467,5.17
p04_u92,p04,demucs,0.3573,-5.23
p04_u92,p04,tstnn,0.4148,-5.48
p04_u93,p04,ce0.0,0.2842,12.14
p04_u93,p04,ce10.0,0.7263,6.36
p04_u93,p04,demucs,0.379,-5.09
p04_u93,p04,tstnn,0.4275,-5.72
p04_u94,p04,ce0.0,0.2651,11.52
p04_u94,p04,ce10.0,0.7539,5.07
p04_u94,p04,demucs,0.341,-5.25
p04_u94,p04,tstnn,0.4423,-5.15
p04_u95,p04,ce0.0,0.2478,11.86
p04_u95,p04,ce10.0,0.7536,4.9
p04_u95,p04,demucs,0.3214,-5.66
p04_u95,p04,tstnn,0.3976,-6.1
p04_u96,p04,ce0.0,0.2579,12.19
p04_u96,p04,ce10.0,0.7905,5.64
p04_u96,p04,demucs,0.4504,-4.91
p04_u96,p04,tstnn,0.5287,-5.2
p04_u97,p04,ce0.0,0.2621,11.68
p04_u97,p04,ce10.0,0.7029,4.93
p04_u97,p04,demucs,0.3592,-5.37
p04_u97,p04,tstnn,0.4344,-5.81
p04_u98,p04,ce0.0,0.2494,12.17
p04_u98,p04,ce10.0,0.7334,5.28
p04_u98,p04,demucs,0.3458,-5.2
p04_u98,p04,tstnn,0.4665,-5.03
p04_u99,p04,ce0.0,0.2394,12.36
p04_u99,p04,ce10.0,0.7448,5.74
p04_u99,p04,demucs,0.3824,-4.98
p04_u99,p04,tstnn,0.4384,-5.35
p21_u00,p21,ce0.0,0.2709,12.57
p21_u00,p21,ce10.0,0.7617,5.79
p21_u00,p21,demucs,0.3759,-6.29
p21_u00,p21,tstnn,0.4709,-6.31
p21_u01,p21,ce0.0,0.27,12.36
p21_u01,p21,ce10.0,0.6921,5.84
p21_u01,p21,demucs,0.3825,-6.01
p21_u01,p21,tstnn,0.4359,-6.67
p21_u02,p21,ce0.0,0.2855,12.02
p21_u02,p21,ce10.0,0.7347,6.15
p21_u02,p21,demucs,0.4093,-6.14
p21_u02,p21,tstnn,0.4481,-6.5
p21_u03,p21,ce0.0,0.2872,12.18
p21_u03,p21,ce10.0,0.6703,5.51
p21_u03,p21,demucs,0.3893,-5.1
p21_u03,p21,tstnn,0.4618,-4.98
p21_u04,p21,ce0.0,0.2744,12.55
p21_u04,p21,ce10.0,0.6439,5.47
p21_u04,p21,demucs,0.3629,-5.05
p21_u04,p21,tstnn,0.4565,-4.79
p21_u05,p21,ce0.0,0.2503,13.2
p21_u05,p21,ce10.0,0.6957,5.39
p21_u05,p21,demucs,0.4344,-5.3
p21_u05,p21,tstnn,0.5349,-4.96
p21_u06,p21,ce0.0,0.287,12.14
p21_u06,p21,ce10.0,0.7057,5.75
p21_u06,p21,demucs,0.3706,-6.01
p21_u06,p21,tstnn,0.4334,-6.62
p21_u07,p21,ce0.0,0.2673,13.06
p21_u07,p21,ce10.0,0.6324,5.82
p21_u07,p21,demucs,0.364,-5.33
p21_u07,p21,tstnn,0.4505,-5.5
p21_u08,p21,ce0.0,0.2846,12.31
p21_u08,p21,ce10.0,0.7151,5.78
p21_u08,p21,demucs,0.422,-5.23
p21_u08,p21,tstnn,0.4369,-5.8
p21_u09,p21,ce0.0,0.4019,9.58
p21_u09,p21,ce10.0,0.6995,5.5
p21_u09,p21,demucs,0.4135,-5.63
p21_u09,p21,tstnn,0.4459,-5.79
p21_u10,p21,ce0.0,0.3954,10.53
p21_u10,p21,ce10.0,0.714,5.71
p21_u10,p21,demucs,0.4374,-5.78
p21_u10,p21,tstnn,0.4406,-5.86
p21_u11,p21,ce0.0,0.326,10.67
p21_u11,p21,ce10.0,0.7129,5.6
p21_u11,p21,demucs,0.4021,-6.2
p21_u11,p21,tstnn,0.4494,-6.42
p21_u12,p21,ce0.0,0.2896,11.74
p21_u12,p21,ce10.0,0.7214,5.69
p21_u12,p21,demucs,0.3827,-5.73
p21_u12,p21,tstnn,0.4747,-5.21
p21_u13,p21,ce0.0,0.3568,9.23
p21_u13,p21,ce10.0,0.6953,5.51
p21_u13,p21,demucs,0.4155,-4.65
p21_u13,p21,tstnn,0.4412,-5.57
p21_u14,p21,ce0.0,0.3313,10.82
p21_u14,p21,ce10.0,0.7236,5.15
p21_u14,p21,demucs,0.4484,-6.78
p21_u14,p21,tstnn,0.4367,-6.23
p21_u15,p21,ce0.0,0.3373,10.41
p21_u15,p21,ce10.0,0.6753,5.84
p21_u15,p21,demucs,0.4024,-5.82
p21_u15,p21,tstnn,0.4203,-6.13
p21_u16,p21,ce0.0,0.3186,11.05
p21_u16,p21,ce10.0,0.7249,5.57
p21_u16,p21,demucs,0.3741,-6.12
p21_u16,p21,tstnn,0.4598,-5.92
p21_u17,p21,ce0.0,0.3043,11.09
p21_u17,p21,ce10.0,0.6998,5.29
p21_u17,p21,demucs,0.3788,-6.17
p21_u17,p21,tstnn,0.4277,-6.01
p21_u18,p21,ce0.0,0.3073,10.83
p21_u18,p21,ce10.0,0.6894,5.69
p21_u18,p21,demucs,0.4161,-6.11
p21_u18,p21,tstnn,0.4105,-6.08
p21_u19,p21,ce0.0,0.322,11.82
p21_u19,p21,ce10.0,0.7171,5.16
p21_u19,p21,demucs,0.4475,-6.72
p21_u19,p21,tstnn,0.4344,-5.97
p21_u20,p21,ce0.0,0.3092,10.88
p21_u20,p21,ce10.0,0.7065,5.45
p21_u20,p21,demucs,0.3617,-6.43
p21_u20,p21,tstnn,0.4254,-6.72
p21_u21,p21,ce0.0,0.3689,10.43
p21_u21,p21,ce10.0,0.6758,5.24
p21_u21,p21,demucs,0.3839,-6.19
p21_u21,p21,tstnn,0.4577,-5.16
p21_u22,p21,ce0.0,0.3854,8.89
p21_u22,p21,ce10.0,0.7254,5.18
p21_u22,p21,demucs,0.393,-5.62
p21_u22,p21,tstnn,0.4372,-5.03
p21_u23,p21,ce0.0,0.3286,9.85
p21_u23,p21,ce10.0,0.7191,5.54
p21_u23,p21,demucs,0.3897,-6.2
p21_u23,p21,tstnn,0.4344,-6.02
p21_u24,p21,ce0.0,0.3102,10.57
p21_u24,p21,ce10.0,0.7266,5.22
p21_u24,p21,demucs,0.3669,-5.9
p21_u24,p21,tstnn,0.4296,-6.04
p21_u25,p21,ce0.0,0.2843,10.87
p21_u25,p21,ce10.0,0.6796,5.23
p21_u25,p21,demucs,0.334,-5.43
p21_u25,p21,tstnn,0.4007,-5.77
p21_u26,p21,ce0.0,0.3418,10.48
p21_u26,p21,ce10.0,0.7462,4.97
p21_u26,p21,demucs,0.3624,-5.43
p21_u26,p21,tstnn,0.3937,-5.14
p21_u27,p21,ce0.0,0.3082,11.86
p21_u27,p21,ce10.0,0.7329,5.39
p21_u27,p21,demucs,0.4003,-5.27
p21_u27,p21,tstnn,0.4172,-5.67
p21_u28,p21,ce0.0,0.2919,11.27
p21_u28,p21,ce10.0,0.7286,5.46
p21_u28,p21,demucs,0.4213,-6.15
p21_u28,p21,tstnn,0.4317,-6.12
p21_u29,p21,ce0.0,0.2878,11.36
p21_u29,p21,ce10.0,0.7194,5.56
p21_u29,p21,demucs,0.3817,-5.71
p21_u29,p21,tstnn,0.4179,-5.56
p21_u30,p21,ce0.0,0.293,10.69
p21_u30,p21,ce10.0,0.7152,5.26
p21_u30,p21,demucs,0.3806,-6.07
p21_u30,p21,tstnn,0.4182,-6.05
p21_u31,p21,ce0.0,0.2869,11.19
p21_u31,p21,ce10.0,0.731,5.25
p21_u31,p21,demucs,0.332,-5.61
p21_u31,p21,tstnn,0.4171,-5.88
p21_u32,p21,ce0.0,0.2763,11.64
p21_u32,p21,ce10.0,0.7082,5.43
p21_u32,p21,demucs,0.4088,-6.18
p21_u32,p21,tstnn,0.4359,-5.95
p21_u33,p21,ce0.0,0.3043,10.64
p21_u33,p21,ce10.0,0.709,5.32
p21_u33,p21,demucs,0.3688,-5.87
p21_u33,p21,tstnn,0.4408,-4.87
p21_u34,p21,ce0.0,0.3614,10.76
p21_u34,p21,ce10.0,0.7265,5.89
p21_u34,p21,demucs,0.3627,-5.66
p21_u34,p21,tstnn,0.4267,-6.29
p21_u35,p21,ce0.0,0.2991,11.51
p21_u35,p21,ce10.0,0.6982,5.33
p21_u35,p21,demucs,0.4473,-6.05
p21_u35,p21,tstnn,0.4107,-5.62
p21_u36,p21,ce0.0,0.3329,10.39
p21_u36,p21,ce10.0,0.7076,5.29
p21_u36,p21,demucs,0.371,-5.08
p21_u36,p21,tstnn,0.3985,-5.71
p21_u37,p21,ce0.0,0.3191,10.89
p21_u37,p21,ce10.0,0.7148,5.02
p21_u37,p21,demucs,0.3818,-5.9
p21_u37,p21,tstnn,0.4003,-5.79
p21_u38,p21,ce0.0,0.3241,11.36
p21_u38,p21,ce10.0,0.696,5.52
p21_u38,p21,demucs,0.3823,-6.08
p21_u38,p21,tstnn,0.4234,-5.94
p21_u39,p21,ce0.0,0.3274,11.72
p21_u39,p21,ce10.0,0.7458,5.19
p21_u39,p21,demucs,0.3891,-5.64
p21_u39,p21,tstnn,0.4456,-6.09
p21_u40,p21,ce0.0,0.2956,11.83
p21_u40,p21,ce10.0,0.7798,4.99
p21_u40,p21,demucs,0.3875,-5.38
p21_u40,p21,tstnn,0.4276,-5.76
p21_u41,p21,ce0.0,0.2871,11.8
p21_u41,p21,ce10.0,0.7119,5.48
p21_u41,p21,demucs,0.411,-5.89
p21_u41,p21,tstnn,0.4167,-6.18
p21_u42,p21,ce0.0,0.3256,9.88
p21_u42,p21,ce10.0,0.7366,5.34
p21_u42,p21,demucs,0.4144,-5.8
p21_u42,p21,tstnn,0.4196,-6.06
p21_u43,p21,ce0.0,0.3473,10.69
p21_u43,p21,ce10.0,0.7605,4.82
p21_u43,p21,demucs,0.4138,-5.06
p21_u43,p21,tstnn,0.4281,-5.67
p21_u44,p21,ce0.0,0.3258,11.13
p21_u44,p21,ce10.0,0.7651,5.01
p21_u44,p21,demucs,0.3874,-5.6
p21_u44,p21,tstnn,0.4671,-4.79
p21_u45,p21,ce0.0,0.3129,11.34
p21_u45,p21,ce10.0,0.7551,4.97
p21_u45,p21,demucs,0.4753,-6.05
p21_u45,p21,tstnn,0.4772,-6.12
p21_u46,p21,ce0.0,0.3868,9.57
p21_u46,p21,ce10.0,0.7628,5.31
p21_u46,p21,demucs,0.4299,-5.34
p21_u46,p21,tstnn,0.4482,-6.04
p21_u47,p21,ce0.0,0.2985,11.57
p21_u47,p21,ce10.0,0.712,5.75
p21_u47,p21,demucs,0.4019,-5.85
p21_u47,p21,tstnn,0.4464,-6.75
p21_u48,p21,ce0.0,0.3078,11.54
p21_u48,p21,ce10.0,0.6807,5.32
p21_u48,p21,demucs,0.4084,-5.76
p21_u48,p21,tstnn,0.4656,-6.75
p21_u49,p21,ce0.0,0.3137,11.3
p21_u49,p21,ce10.0,0.7116,5.55
p21_u49,p21,demucs,0.4364,-6.4
p21_u49,p21,tstnn,0.462,-6.78
p21_u50,p21,ce0.0,0.333,11.14
p21_u50,p21,ce10.0,0.7207,5.66
p21_u50,p21,demucs,0.4236,-5.63
p21_u50,p21,tstnn,0.4513,-5.9
p21_u51,p21,ce0.0,0.296,11.32
p21_u51,p21,ce10.0,0.7298,5.18
p21_u51,p21,demucs,0.4288,-6.02
p21_u51,p21,tstnn,0.4148,-6.15
p21_u52,p21,ce0.0,0.2998,11.33
p21_u52,p21,ce10.0,0.6728,5.29
p21_u52,p21,demucs,0.4071,-5.18
p21_u52,p21,tstnn,0.4098,-6.06
p21_u53,p21,ce0.0,0.3012,11.55
p21_u53,p21,ce10.0,0.693,5.73
p21_u53,p21,demucs,0.4069,-5.6
p21_u53,p21,tstnn,0.4489,-6.81
p21_u54,p21,ce0.0,0.2606,12.32
p21_u54,p21,ce10.0,0.6826,5.35
p21_u54,p21,demucs,0.3761,-5.93
p21_u54,p21,tstnn,0.4169,-4.98
p21_u55,p21,ce0.0,0.3208,10.97
p21_u55,p21,ce10.0,0.7545,5.06
p21_u55,p21,demucs,0.4661,-5.53
p21_u55,p21,tstnn,0.4669,-5.05
p21_u56,p21,ce0.0,0.3319,11.05
p21_u56,p21,ce10.0,0.7208,5.51
p21_u56,p21,demucs,0.4162,-5.15
p21_u56,p21,tstnn,0.4464,-5.85
p21_u57,p21,ce0.0,0.3271,10.84
p21_u57,p21,ce10.0,0.7314,5.4
p21_u57,p21,demucs,0.3926,-5.76
p21_u57,p21,tstnn,0.3993,-5.65
p21_u58,p21,ce0.0,0.313,10.88
p21_u58,p21,ce10.0,0.6989,5.09
p21_u58,p21,demucs,0.4459,-5.22
p21_u58,p21,tstnn,0.4409,-5.69
p21_u59,p21,ce0.0,0.3453,10.03
p21_u59,p21,ce10.0,0.7183,4.71
p21_u59,p21,demucs,0.3987,-5.24
p21_u59,p21,tstnn,0.4192,-5.59
p21_u60,p21,ce0.0,0.3553,9.74
p21_u60,p21,ce10.0,0.7197,5.36
p21_u60,p21,demucs,0.4124,-5.67
p21_u60,p21,tstnn,0.4321,-6.12
p21_u61,p21,ce0.0,0.3119,12.4
p21_u61,p21,ce10.0,0.6951,5.15
p21_u61,p21,demucs,0.4454,-6.04
p21_u61,p21,tstnn,0.4156,-5.5
p21_u62,p21,ce0.0,0.2997,11.73
p21_u62,p21,ce10.0,0.6887,5.33
p21_u62,p21,demucs,0.4119,-6.29
p21_u62,p21,tstnn,0.429,-6.26
p21_u63,p21,ce0.0,0.3279,10.51
p21_u63,p21,ce10.0,0.724,5.31
p21_u63,p21,demucs,0.47,-6.16
p21_u63,p21,tstnn,0.4435,-5.3
p21_u64,p21,ce0.0,0.2905,9.88
p21_u64,p21,ce10.0,0.6648,4.96
p21_u64,p21,demucs,0.3733,-6.15
p21_u64,p21,tstnn,0.4372,-4.19
p21_u65,p21,ce0.0,0.3144,10.8
p21_u65,p21,ce10.0,0.6918,5.11
p21_u65,p21,demucs,0.4283,-5.72
p21_u65,p21,tstnn,0.4467,-5.73
p21_u66,p21,ce0.0,0.2991,11.49
p21_u66,p21,ce10.0,0.7214,5.42
p21_u66,p21,demucs,0.4325,-6.58
p21_u66,p21,tstnn,0.4223,-4.8
p21_u67,p21,ce0.0,0.3116,10.92
p21_u67,p21,ce10.0,0.7184,5.39
p21_u67,p21,demucs,0.4117,-5.77
p21_u67,p21,tstnn,0.4291,-5.82
p21_u68,p21,ce0.0,0.2942,11.47
p21_u68,p21,ce10.0,0.7074,5.04
p21_u68,p21,demucs,0.364,-5.48
p21_u68,p21,tstnn,0.4067,-5.44
p21_u69,p21,ce0.0,0.3299,10.86
p21_u69,p21,ce10.0,0.7247,5.16
p21_u69,p21,demucs,0.4355,-5.44
p21_u69,p21,tstnn,0.4447,-5.53
p21_u70,p21,ce0.0,0.3222,10.94
p21_u70,p21,ce10.0,0.7168,5.46
p21_u70,p21,demucs,0.4434,-6.11
p21_u70,p21,tstnn,0.4417,-5.22
p21_u71,p21,ce0.0,0.3418,10.45
p21_u71,p21,ce10.0,0.6989,4.91
p21_u71,p21,demucs,0.4543,-5.72
p21_u71,p21,tstnn,0.4556,-5.21
p21_u72,p21,ce0.0,0.3347,10.94
p21_u72,p21,ce10.0,0.7053,5.28
p21_u72,p21,demucs,0.4365,-5.97
p21_u72,p21,tstnn,0.4309,-5.55
p21_u73,p21,ce0.0,0.3311,11.26
p21_u73,p21,ce10.0,0.7389,5.54
p21_u73,p21,demucs,0.4616,-5.7
p21_u73,p21,tstnn,0.4171,-5.01
p21_u74,p21,ce0.0,0.3012,11.38
p21_u74,p21,ce10.0,0.6859,4.97
p21_u74,p21,demucs,0.4108,-6.18
p21_u74,p21,tstnn,0.4256,-5.22
p21_u75,p21,ce0.0,0.3124,11.24
p21_u75,p21,ce10.0,0.6953,5.09
p21_u75,p21,demucs,0.4355,-5.98
p21_u75,p21,tstnn,0.4327,-5.3
p21_u76,p21,ce0.0,0.3001,10.89
p21_u76,p21,ce10.0,0.7448,5.19
p21_u76,p21,demucs,0.4398,-5.67
p21_u76,p21,tstnn,0.4279,-5.78
p21_u77,p21,ce0.0,0.2902,11.43
p21_u77,p21,ce10.0,0.7346,5.15
p21_u77,p21,demucs,0.379,-5.48
p21_u77,p21,tstnn,0.411,-5.65
p21_u78,p21,ce0.0,0.3147,10.54
p21_u78,p21,ce10.0,0.7449,5.33
p21_u78,p21,demucs,0.4195,-6.23
p21_u78,p21,tstnn,0.4615,-6.37
p21_u79,p21,ce0.0,0.2866,11.12
p21_u79,p21,ce10.0,0.7117,5.17
p21_u79,p21,demucs,0.387,-5.41
p21_u79,p21,tstnn,0.4114,-5.89
p21_u80,p21,ce0.0,0.2999,11.56
p21_u80,p21,ce10.0,0.6804,5.39
p21_u80,p21,demucs,0.4459,-5.97
p21_u80,p21,tstnn,0.4377,-6.19
p21_u81,p21,ce0.0,0.2859,10.27
p21_u81,p21,ce10.0,0.7179,5.11
p21_u81,p21,demucs,0.4577,-5.4
p21_u81,p21,tstnn,0.4628,-5.15
p21_u82,p21,ce0.0,0.3268,10.45
p21_u82,p21,ce10.0,0.7272,4.96
p21_u82,p21,demucs,0.4488,-5.25
p21_u82,p21,tstnn,0.4451,-5.84
p21_u83,p21,ce0.0,0.3298,10.88
p21_u83,p21,ce10.0,0.7498,4.95
p21_u83,p21,demucs,0.4734,-5.44
p21_u83,p21,tstnn,0.4503,-6.07
p21_u84,p21,ce0.0,0.3286,10.66
p21_u84,p21,ce10.0,0.735,5.01
p21_u84,p21,demucs,0.4394,-5.75
p21_u84,p21,tstnn,0.4386,-6.06
p21_u85,p21,ce0.0,0.2929,11.09
p21_u85,p21,ce10.0,0.7266,5.09
p21_u85,p21,demucs,0.4042,-5.59
p21_u85,p21,tstnn,0.4705,-5.26
p21_u86,p21,ce0.0,0.3288,11.01
p21_u86,p21,ce10.0,0.7127,4.87
p21_u86,p21,demucs,0.4942,-6.61
p21_u86,p21,tstnn,0.4717,-5.94
p21_u87,p21,ce0.0,0.3174,10.57
p21_u87,p21,ce10.0,0.7044,5.03
p21_u87,p21,demucs,0.4867,-5.95
p21_u87,p21,tstnn,0.4777,-5.97
p21_u88,p21,ce0.0,0.3237,10.72
p21_u88,p21,ce10.0,0.6921,5.11
p21_u88,p21,demucs,0.4694,-6.14
p21_u88,p21,tstnn,0.4443,-5.6
p21_u89,p21,ce0.0,0.275,11.19
p21_u89,p21,ce10.0,0.6719,5.52
p21_u89,p21,demucs,0.3776,-5.55
p21_u89,p21,tstnn,0.4501,-5.15
p21_u90,p21,ce0.0,0.295,11.5
p21_u90,p21,ce10.0,0.7494,5.05
p21_u90,p21,demucs,0.4521,-5.68
p21_u90,p21,tstnn,0.4477,-5.68
p21_u91,p21,ce0.0,0.3187,10.48
p21_u91,p21,ce10.0,0.7614,5.01
p21_u91,p21,demucs,0.5146,-6.08
p21_u91,p21,tstnn,0.4503,-5.24
p21_u92,p21,ce0.0,0.3307,11.02
p21_u92,p21,ce10.0,0.6913,5.14
p21_u92,p21,demucs,0.4787,-6.26
p21_u92,p21,tstnn,0.431,-5.14
p21_u93,p21,ce0.0,0.318,10.25
p21_u93,p21,ce10.0,0.6876,5.41
p21_u93,p21,demucs,0.48,-6.36
p21_u93,p21,tstnn,0.4386,-5.32
p21_u94,p21,ce0.0,0.3416,11.02
p21_u94,p21,ce10.0,0.7183,5.15
p21_u94,p21,demucs,0.4444,-5.71
p21_u94,p21,tstnn,0.4555,-4.98
p21_u95,p21,ce0.0,0.3282,10.69
p21_u95,p21,ce10.0,0.7507,4.98
p21_u95,p21,demucs,0.502,-5.97
p21_u95,p21,tstnn,0.4515,-5.63
p21_u96,p21,ce0.0,0.3097,11.49
p21_u96,p21,ce10.0,0.733,4.7
p21_u96,p21,demucs,0.4922,-6.29
p21_u96,p21,tstnn,0.4756,-4.69
p21_u97,p21,ce0.0,0.3432,10.7
p21_u97,p21,ce10.0,0.7692,4.99
p21_u97,p21,demucs,0.4625,-5.73
p21_u97,p21,tstnn,0.467,-5.26
p21_u98,p21,ce0.0,0.3345,10.34
p21_u98,p21,ce10.0,0.6702,5.34
p21_u98,p21,demucs,0.4242,-5.84
p21_u98,p21,tstnn,0.4364,-5.66
p21_u99,p21,ce0.0,0.2809,11.46
p21_u99,p21,ce10.0,0.6943,5.43
p21_u99,p21,demucs,0.4301,-6.01
p21_u99,p21,tstnn,0.4181,-6.14
p24_u00,p24,ce0.0,0.344,9.41
p24_u00,p24,ce10.0,0.7155,3.99
p24_u00,p24,demucs,0.4313,-4.56
p24_u00,p24,tstnn,0.5056,-5.24
p24_u01,p24,ce0.0,0.3438,10.47
p24_u01,p24,ce10.0,0.708,3.85
p24_u01,p24,demucs,0.4187,-5.06
p24_u01,p24,tstnn,0.4813,-6.56
p24_u02,p24,ce0.0,0.3301,10.07
p24_u02,p24,ce10.0,0.6968,4.11
p24_u02,p24,demucs,0.4594,-5.1
p24_u02,p24,tstnn,0.5718,-4.4
p24_u03,p24,ce0.0,0.3278,10.72
p24_u03,p24,ce10.0,0.7069,4.5
p24_u03,p24,demucs,0.4163,-4.39
p24_u03,p24,tstnn,0.5913,-3.93
p24_u04,p24,ce0.0,0.3217,10.46
p24_u04,p24,ce10.0,0.7231,4.37
p24_u04,p24,demucs,0.4478,-4.8
p24_u04,p24,tstnn,0.5735,-4.15
p24_u05,p24,ce0.0,0.3039,10.3
p24_u05,p24,ce10.0,0.6996,4.47
p24_u05,p24,demucs,0.4183,-4.34
p24_u05,p24,tstnn,0.4879,-4.89
p24_u06,p24,ce0.0,0.3201,10.59
p24_u06,p24,ce10.0,0.7329,4.51
p24_u06,p24,demucs,0.45,-4.39
p24_u06,p24,tstnn,0.5415,-3.5
p24_u07,p24,ce0.0,0.3093,10.06
p24_u07,p24,ce10.0,0.7389,4.17
p24_u07,p24,demucs,0.4071,-4.63
p24_u07,p24,tstnn,0.536,-4.9
p24_u08,p24,ce0.0,0.3191,10.55
p24_u08,p24,ce10.0,0.7444,4.17
p24_u08,p24,demucs,0.4203,-3.88
p24_u08,p24,tstnn,0.5449,-3.11
p24_u09,p24,ce0.0,0.3134,10.36
p24_u09,p24,ce10.0,0.7016,4.32
p24_u09,p24,demucs,0.4308,-4.25
p24_u09,p24,tstnn,0.4757,-4.9
p24_u10,p24,ce0.0,0.3181,10.36
p24_u10,p24,ce10.0,0.6902,4.55
p24_u10,p24,demucs,0.4106,-4.51
p24_u10,p24,tstnn,0.4755,-5.35
p24_u11,p24,ce0.0,0.3489,9.43
p24_u11,p24,ce10.0,0.7063,3.76
p24_u11,p24,demucs,0.4305,-4.34
p24_u11,p24,tstnn,0.4999,-5.13
p24_u12,p24,ce0.0,0.3201,9.87
p24_u12,p24,ce10.0,0.7025,4.09
p24_u12,p24,demucs,0.4719,-4.27
p24_u12,p24,tstnn,0.4639,-6.37
p24_u13,p24,ce0.0,0.3234,11.07
p24_u13,p24,ce10.0,0.7167,3.84
p24_u13,p24,demucs,0.4081,-4.17
p24_u13,p24,tstnn,0.5368,-3.74
p24_u14,p24,ce0.0,0.3663,10.58
p24_u14,p24,ce10.0,0.7407,4.18
p24_u14,p24,demucs,0.5116,-2.8
p24_u14,p24,tstnn,0.5063,-4.65
p24_u15,p24,ce0.0,0.3208,9.74
p24_u15,p24,ce10.0,0.7048,4.53
p24_u15,p24,demucs,0.4269,-4.12
p24_u15,p24,tstnn,0.5298,-4.55
p24_u16,p24,ce0.0,0.3313,8.86
p24_u16,p24,ce10.0,0.6901,4.3
p24_u16,p24,demucs,0.4488,-4.53
p24_u16,p24,tstnn,0.5378,-4.56
p24_u17,p24,ce0.0,0.324,10.08
p24_u17,p24,ce10.0,0.7101,4.21
p24_u17,p24,demucs,0.4621,-4.71
p24_u17,p24,tstnn,0.4738,-6.39
p24_u18,p24,ce0.0,0.2992,10.81
p24_u18,p24,ce10.0,0.7146,4.29
p24_u18,p24,demucs,0.4528,-3.77
p24_u18,p24,tstnn,0.597,-3.78
p24_u19,p24,ce0.0,0.2981,12.05
p24_u19,p24,ce10.0,0.6617,4.79
p24_u19,p24,demucs,0.4012,-4.85
p24_u19,p24,tstnn,0.4725,-6.18
p24_u20,p24,ce0.0,0.3449,8.59
p24_u20,p24,ce10.0,0.6867,3.42
p24_u20,p24,demucs,0.3734,-4.1
p24_u20,p24,tstnn,0.4617,-5.53
p24_u21,p24,ce0.0,0.3316,9.02
p24_u21,p24,ce10.0,0.7018,4.51
p24_u21,p24,demucs,0.4339,-5.13
p24_u21,p24,tstnn,0.469,-6.01
p24_u22,p24,ce0.0,0.3065,9.94
p24_u22,p24,ce10.0,0.6957,3.71
p24_u22,p24,demucs,0.4169,-4.67
p24_u22,p24,tstnn,0.4881,-6.01
p24_u23,p24,ce0.0,0.3048,10.81
p24_u23,p24,ce10.0,0.673,4.57
p24_u23,p24,demucs,0.3983,-4.92
p24_u23,p24,tstnn,0.4595,-6.08
p24_u24,p24,ce0.0,0.3137,11.54
p24_u24,p24,ce10.0,0.7109,4.15
p24_u24,p24,demucs,0.4224,-4.28
p24_u24,p24,tstnn,0.5244,-3.96
p24_u25,p24,ce0.0,0.2814,10.81
p24_u25,p24,ce10.0,0.6939,4.23
p24_u25,p24,demucs,0.4381,-3.98
p24_u25,p24,tstnn,0.4831,-4.93
p24_u26,p24,ce0.0,0.2981,11.0
p24_u26,p24,ce10.0,0.7121,4.53
p24_u26,p24,demucs,0.4465,-4.14
p24_u26,p24,tstnn,0.5173,-4.65
p24_u27,p24,ce0.0,0.2998,9.7
p24_u27,p24,ce10.0,0.7248,4.04
p24_u27,p24,demucs,0.4159,-3.48
p24_u27,p24,tstnn,0.5027,-5.2
p24_u28,p24,ce0.0,0.2991,10.38
p24_u28,p24,ce10.0,0.6433,4.59
p24_u28,p24,demucs,0.3851,-4.27
p24_u28,p24,tstnn,0.4493,-6.22
p24_u29,p24,ce0.0,0.2993,11.33
p24_u29,p24,ce10.0,0.6796,4.25
p24_u29,p24,demucs,0.4303,-3.99
p24_u29,p24,tstnn,0.4909,-5.31
p24_u30,p24,ce0.0,0.3587,10.97
p24_u30,p24,ce10.0,0.7293,4.33
p24_u30,p24,demucs,0.5052,-4.22
p24_u30,p24,tstnn,0.5659,-4.1
p24_u31,p24,ce0.0,0.3111,9.27
p24_u31,p24,ce10.0,0.6843,3.84
p24_u31,p24,demucs,0.3853,-3.32
p24_u31,p24,tstnn,0.4723,-5.13
p24_u32,p24,ce0.0,0.34,9.09
p24_u32,p24,ce10.0,0.7168,3.6
p24_u32,p24,demucs,0.4517,-3.44
p24_u32,p24,tstnn,0.4805,-5.21
p24_u33,p24,ce0.0,0.3206,10.2
p24_u33,p24,ce10.0,0.644,4.17
p24_u33,p24,demucs,0.4506,-3.6
p24_u33,p24,tstnn,0.4712,-5.6
p24_u34,p24,ce0.0,0.2974,9.82
p24_u34,p24,ce10.0,0.6788,3.68
p24_u34,p24,demucs,0.4586,-3.18
p24_u34,p24,tstnn,0.485,-5.08
p24_u35,p24,ce0.0,0.2938,10.77
p24_u35,p24,ce10.0,0.6658,4.35
p24_u35,p24,demucs,0.4421,-4.35
p24_u35,p24,tstnn,0.4746,-5.95
p24_u36,p24,ce0.0,0.322,10.28
p24_u36,p24,ce10.0,0.6652,3.72
p24_u36,p24,demucs,0.3929,-4.11
p24_u36,p24,tstnn,0.4784,-5.8
p24_u37,p24,ce0.0,0.3195,10.29
p24_u37,p24,ce10.0,0.6904,3.56
p24_u37,p24,demucs,0.4178,-4.09
p24_u37,p24,tstnn,0.5051,-4.72
p24_u38,p24,ce0.0,0.3279,10.45
p24_u38,p24,ce10.0,0.7188,3.91
p24_u38,p24,demucs,0.4567,-4.85
p24_u38,p24,tstnn,0.5,-5.27
p24_u39,p24,ce0.0,0.3011,11.08
p24_u39,p24,ce10.0,0.6841,4.24
p24_u39,p24,demucs,0.4391,-4.17
p24_u39,p24,tstnn,0.5221,-3.96
p24_u40,p24,ce0.0,0.3428,10.76
p24_u40,p24,ce10.0,0.7287,4.29
p24_u40,p24,demucs,0.4398,-4.21
p24_u40,p24,tstnn,0.5291,-3.61
p24_u41,p24,ce0.0,0.3226,10.3
p24_u41,p24,ce10.0,0.6728,3.3
p24_u41,p24,demucs,0.4227,-4.01
p24_u41,p24,tstnn,0.5581,-3.97
p24_u42,p24,ce0.0,0.3391,10.84
p24_u42,p24,ce10.0,0.7325,3.83
p24_u42,p24,demucs,0.3957,-4.23
p24_u42,p24,tstnn,0.5148,-4.15
p24_u43,p24,ce0.0,0.3191,10.68
p24_u43,p24,ce10.0,0.7084,4.17
p24_u43,p24,demucs,0.4118,-4.48
p24_u43,p24,tstnn,0.545,-3.8
p24_u44,p24,ce0.0,0.3408,10.39
p24_u44,p24,ce10.0,0.7248,3.91
p24_u44,p24,demucs,0.4694,-3.35
p24_u44,p24,tstnn,0.5911,-3.5
p24_u45,p24,ce0.0,0.3347,10.4
p24_u45,p24,ce10.0,0.734,4.0
p24_u45,p24,demucs,0.4559,-3.38
p24_u45,p24,tstnn,0.5455,-3.58
p24_u46,p24,ce0.0,0.3082,10.15
p24_u46,p24,ce10.0,0.7048,3.54
p24_u46,p24,demucs,0.4641,-4.08
p24_u46,p24,tstnn,0.4978,-4.03
p24_u47,p24,ce0.0,0.3304,9.93
p24_u47,p24,ce10.0,0.7059,3.65
p24_u47,p24,demucs,0.4163,-4.0
p24_u47,p24,tstnn,0.4922,-4.82
p24_u48,p24,ce0.0,0.3149,10.6
p24_u48,p24,ce10.0,0.6937,4.0
p24_u48,p24,demucs,0.4198,-4.13
p24_u48,p24,tstnn,0.4954,-4.54
p24_u49,p24,ce0.0,0.3367,10.75
p24_u49,p24,ce10.0,0.7064,4.2
p24_u49,p24,demucs,0.4182,-3.61
p24_u49,p24,tstnn,0.5331,-3.78
p24_u50,p24,ce0.0,0.3259,9.9
p24_u50,p24,ce10.0,0.7242,3.68
p24_u50,p24,demucs,0.454,-3.36
p24_u50,p24,tstnn,0.5622,-3.45
p24_u51,p24,ce0.0,0.326,10.25
p24_u51,p24,ce10.0,0.7259,3.81
p24_u51,p24,demucs,0.4428,-3.67
p24_u51,p24,tstnn,0.5098,-3.59
p24_u52,p24,ce0.0,0.3518,10.61
p24_u52,p24,ce10.0,0.7613,3.51
p24_u52,p24,demucs,0.4839,-3.13
p24_u52,p24,tstnn,0.4985,-3.95
p24_u53,p24,ce0.0,0.3249,10.07
p24_u53,p24,ce10.0,0.707,3.93
p24_u53,p24,demucs,0.4811,-3.94
p24_u53,p24,tstnn,0.5417,-4.18
p24_u54,p24,ce0.0,0.3081,9.93
p24_u54,p24,ce10.0,0.7251,3.55
p24_u54,p24,demucs,0.4642,-3.61
p24_u54,p24,tstnn,0.5454,-3.54
p24_u55,p24,ce0.0,0.3307,10.23
p24_u55,p24,ce10.0,0.7207,3.44
p24_u55,p24,demucs,0.4418,-3.96
p24_u55,p24,tstnn,0.5876,-3.53
p24_u56,p24,ce0.0,0.3653,8.27
p24_u56,p24,ce10.0,0.709,3.25
p24_u56,p24,demucs,0.4951,-3.66
p24_u56,p24,tstnn,0.5171,-4.14
p24_u57,p24,ce0.0,0.3723,9.19
p24_u57,p24,ce10.0,0.7649,3.17
p24_u57,p24,demucs,0.4941,-3.37
p24_u57,p24,tstnn,0.6126,-3.41
p24_u58,p24,ce0.0,0.325,10.98
p24_u58,p24,ce10.0,0.6978,3.7
p24_u58,p24,demucs,0.5376,-3.15
p24_u58,p24,tstnn,0.5371,-3.73
p24_u59,p24,ce0.0,0.3888,11.27
p24_u59,p24,ce10.0,0.7913,3.96
p24_u59,p24,demucs,0.4842,-4.08
p24_u59,p24,tstnn,0.5754,-4.02
p24_u60,p24,ce0.0,0.3559,9.61
p24_u60,p24,ce10.0,0.7242,4.12
p24_u60,p24,demucs,0.4268,-4.45
p24_u60,p24,tstnn,0.4816,-5.01
p24_u61,p24,ce0.0,0.362,9.56
p24_u61,p24,ce10.0,0.7312,3.64
p24_u61,p24,demucs,0.4552,-3.77
p24_u61,p24,tstnn,0.518,-4.14
p24_u62,p24,ce0.0,0.3494,10.5
p24_u62,p24,ce10.0,0.7124,3.7
p24_u62,p24,demucs,0.439,-4.22
p24_u62,p24,tstnn,0.4636,-5.23
p24_u63,p24,ce0.0,0.3562,11.17
p24_u63,p24,ce10.0,0.8072,3.64
p24_u63,p24,demucs,0.5198,-4.25
p24_u63,p24,tstnn,0.5243,-4.33
p24_u64,p24,ce0.0,0.3352,10.93
p24_u64,p24,ce10.0,0.7229,3.68
p24_u64,p24,demucs,0.4357,-3.57
p24_u64,p24,tstnn,0.46,-4.89
p24_u65,p24,ce0.0,0.3577,10.05
p24_u65,p24,ce10.0,0.7158,3.99
p24_u65,p24,demucs,0.453,-4.31
p24_u65,p24,tstnn,0.5026,-5.63
p24_u66,p24,ce0.0,0.364,10.16
p24_u66,p24,ce10.0,0.7319,3.89
p24_u66,p24,demucs,0.4867,-4.2
p24_u66,p24,tstnn,0.5201,-4.34
p24_u67,p24,ce0.0,0.3698,9.65
p24_u67,p24,ce10.0,0.7767,3.25
p24_u67,p24,demucs,0.4516,-3.56
p24_u67,p24,tstnn,0.4935,-3.62
p24_u68,p24,ce0.0,0.3259,9.66
p24_u68,p24,ce10.0,0.7058,3.37
p24_u68,p24,demucs,0.4592,-4.43
p24_u68,p24,tstnn,0.5418,-4.4
p24_u69,p24,ce0.0,0.3722,10.07
p24_u69,p24,ce10.0,0.7916,2.92
p24_u69,p24,demucs,0.4651,-4.36
p24_u69,p24,tstnn,0.5108,-4.19
p24_u70,p24,ce0.0,0.3114,11.0
p24_u70,p24,ce10.0,0.6991,4.19
p24_u70,p24,demucs,0.4645,-3.51
p24_u70,p24,tstnn,0.492,-3.94
p24_u71,p24,ce0.0,0.328,10.6
p24_u71,p24,ce10.0,0.7318,3.89
p24_u71,p24,demucs,0.4396,-3.91
p24_u71,p24,tstnn,0.5331,-4.16
p24_u72,p24,ce0.0,0.3565,10.14
p24_u72,p24,ce10.0,0.7727,3.69
p24_u72,p24,demucs,0.5464,-3.02
p24_u72,p24,tstnn,0.5055,-4.06
p24_u73,p24,ce0.0,0.3572,9.95
p24_u73,p24,ce10.0,0.7732,3.55
p24_u73,p24,demucs,0.4657,-3.3
p24_u73,p24,tstnn,0.5009,-3.36
p24_u74,p24,ce0.0,0.3498,10.78
p24_u74,p24,ce10.0,0.747,3.69
p24_u74,p24,demucs,0.4476,-4.73
p24_u74,p24,tstnn,0.508,-4.6
p24_u75,p24,ce0.0,0.3738,9.4
p24_u75,p24,ce10.0,0.7793,2.84
p24_u75,p24,demucs,0.5297,-3.86
p24_u75,p24,tstnn,0.5126,-3.86
p24_u76,p24,ce0.0,0.3392,8.14
p24_u76,p24,ce10.0,0.7082,4.26
p24_u76,p24,demucs,0.4371,-4.38
p24_u76,p24,tstnn,0.5017,-4.29
p24_u77,p24,ce0.0,0.3336,9.64
p24_u77,p24,ce10.0,0.7126,3.34
p24_u77,p24,demucs,0.4242,-4.0
p24_u77,p24,tstnn,0.519,-3.99
p24_u78,p24,ce0.0,0.3687,8.95
p24_u78,p24,ce10.0,0.799,2.94
p24_u78,p24,demucs,0.4791,-4.68
p24_u78,p24,tstnn,0.5257,-4.13
p24_u79,p24,ce0.0,0.3583,8.89
p24_u79,p24,ce10.0,0.7734,3.25
p24_u79,p24,demucs,0.4403,-3.78
p24_u79,p24,tstnn,0.4785,-4.05
p24_u80,p24,ce0.0,0.3543,8.35
p24_u80,p24,ce10.0,0.7382,2.99
p24_u80,p24,demucs,0.4357,-3.18
p24_u80,p24,tstnn,0.4909,-3.49
p24_u81,p24,ce0.0,0.3226,10.42
p24_u81,p24,ce10.0,0.711,3.59
p24_u81,p24,demucs,0.402,-3.9
p24_u81,p24,tstnn,0.5385,-3.64
p24_u82,p24,ce0.0,0.32,11.44
p24_u82,p24,ce10.0,0.7175,4.34
p24_u82,p24,demucs,0.4257,-3.93
p24_u82,p24,tstnn,0.4622,-4.64
p24_u83,p24,ce0.0,0.3553,9.77
p24_u83,p24,ce10.0,0.7294,3.43
p24_u83,p24,demucs,0.4289,-3.84
p24_u83,p24,tstnn,0.5329,-3.72
p24_u84,p24,ce0.0,0.409,9.09
p24_u84,p24,ce10.0,0.7685,2.91
p24_u84,p24,demucs,0.4459,-4.65
p24_u84,p24,tstnn,0.5181,-4.45
p24_u85,p24,ce0.0,0.3431,9.4
p24_u85,p24,ce10.0,0.7469,3.35
p24_u85,p24,demucs,0.4245,-4.26
p24_u85,p24,tstnn,0.5036,-4.2
p24_u86,p24,ce0.0,0.358,10.66
p24_u86,p24,ce10.0,0.7222,3.5
p24_u86,p24,demucs,0.5587,-3.48
p24_u86,p24,tstnn,0.567,-4.41
p24_u87,p24,ce0.0,0.3064,11.78
p24_u87,p24,ce10.0,0.7154,4.37
p24_u87,p24,demucs,0.4106,-4.45
p24_u87,p24,tstnn,0.5015,-4.61
p24_u88,p24,ce0.0,0.3332,10.58
p24_u88,p24,ce10.0,0.7575,4.23
p24_u88,p24,demucs,0.4548,-3.74
p24_u88,p24,tstnn,0.5141,-3.84
p24_u89,p24,ce0.0,0.3851,9.78
p24_u89,p24,ce10.0,0.7433,3.47
p24_u89,p24,demucs,0.4269,-4.12
p24_u89,p24,tstnn,0.5269,-4.45
p24_u90,p24,ce0.0,0.301,10.71
p24_u90,p24,ce10.0,0.6876,4.23
p24_u90,p24,demucs,0.3751,-4.06
p24_u90,p24,tstnn,0.4866,-4.27
p24_u91,p24,ce0.0,0.334,10.06
p24_u91,p24,ce10.0,0.7236,3.3
p24_u91,p24,demucs,0.4936,-3.58
p24_u91,p24,tstnn,0.5105,-3.55
p24_u92,p24,ce0.0,0.3839,9.8
p24_u92,p24,ce10.0,0.7238,2.98
p24_u92,p24,demucs,0.4871,-4.24
p24_u92,p24,tstnn,0.4968,-4.4
p24_u93,p24,ce0.0,0.3236,10.03
p24_u93,p24,ce10.0,0.7082,3.97
p24_u93,p24,demucs,0.4392,-4.17
p24_u93,p24,tstnn,0.4867,-4.28
p24_u94,p24,ce0.0,0.3299,9.84
p24_u94,p24,ce10.0,0.7312,3.98
p24_u94,p24,demucs,0.4266,-3.25
p24_u94,p24,tstnn,0.4813,-3.59
p24_u95,p24,ce0.0,0.3089,10.13
p24_u95,p24,ce10.0,0.7059,3.6
p24_u95,p24,demucs,0.4522,-3.14
p24_u95,p24,tstnn,0.4718,-3.96
p24_u96,p24,ce0.0,0.3437,9.99
p24_u96,p24,ce10.0,0.7457,3.44
p24_u96,p24,demucs,0.4821,-3.77
p24_u96,p24,tstnn,0.532,-3.61
p24_u97,p24,ce0.0,0.3339,8.91
p24_u97,p24,ce10.0,0.7443,3.23
p24_u97,p24,demucs,0.4165,-3.9
p24_u97,p24,tstnn,0.5071,-4.07
p24_u98,p24,ce0.0,0.3717,9.46
p24_u98,p24,ce10.0,0.7994,2.61
p24_u98,p24,demucs,0.499,-3.69
p24_u98,p24,tstnn,0.5047,-4.35
p24_u99,p24,ce0.0,0.3889,8.36
p24_u99,p24,ce10.0,0.8262,1.65
p24_u99,p24,demucs,0.4594,-3.73
p24_u99,p24,tstnn,0.4939,-4.77
p26_u00,p26,ce0.0,0.3065,11.12
p26_u00,p26,ce10.0,0.7158,4.72
p26_u00,p26,demucs,0.4167,-4.72
p26_u00,p26,tstnn,0.4431,-4.9
p26_u01,p26,ce0.0,0.2899,11.75
p26_u01,p26,ce10.0,0.7342,4.24
p26_u01,p26,demucs,0.406,-4.54
p26_u01,p26,tstnn,0.4592,-4.66
p26_u02,p26,ce0.0,0.2945,10.54
p26_u02,p26,ce10.0,0.7333,4.22
p26_u02,p26,demucs,0.3881,-4.81
p26_u02,p26,tstnn,0.4561,-5.83
p26_u03,p26,ce0.0,0.2696,11.42
p26_u03,p26,ce10.0,0.7311,4.65
p26_u03,p26,demucs,0.4079,-3.76
p26_u03,p26,tstnn,0.4713,-4.17
p26_u04,p26,ce0.0,0.2774,12.5
p26_u04,p26,ce10.0,0.7304,4.74
p26_u04,p26,demucs,0.3763,-4.13
p26_u04,p26,tstnn,0.4487,-4.11
p26_u05,p26,ce0.0,0.2686,12.09
p26_u05,p26,ce10.0,0.7321,4.29
p26_u05,p26,demucs,0.3829,-4.31
p26_u05,p26,tstnn,0.4784,-4.17
p26_u06,p26,ce0.0,0.252,12.03
p26_u06,p26,ce10.0,0.7088,4.58
p26_u06,p26,demucs,0.3683,-4.2
p26_u06,p26,tstnn,0.4527,-4.43
p26_u07,p26,ce0.0,0.2596,10.78
p26_u07,p26,ce10.0,0.7193,4.15
p26_u07,p26,demucs,0.389,-4.62
p26_u07,p26,tstnn,0.4476,-5.62
p26_u08,p26,ce0.0,0.2926,11.25
p26_u08,p26,ce10.0,0.7402,3.66
p26_u08,p26,demucs,0.4061,-4.75
p26_u08,p26,tstnn,0.4678,-6.53
p26_u09,p26,ce0.0,0.3073,10.47
p26_u09,p26,ce10.0,0.7368,4.46
p26_u09,p26,demucs,0.4141,-4.61
p26_u09,p26,tstnn,0.4688,-5.43
p26_u10,p26,ce0.0,0.2863,10.74
p26_u10,p26,ce10.0,0.732,4.31
p26_u10,p26,demucs,0.4306,-4.02
p26_u10,p26,tstnn,0.4904,-5.21
p26_u11,p26,ce0.0,0.2737,11.24
p26_u11,p26,ce10.0,0.7436,4.59
p26_u11,p26,demucs,0.4197,-4.28
p26_u11,p26,tstnn,0.4767,-4.64
p26_u12,p26,ce0.0,0.2851,11.28
p26_u12,p26,ce10.0,0.7282,4.05
p26_u12,p26,demucs,0.4016,-4.64
p26_u12,p26,tstnn,0.4586,-5.53
p26_u13,p26,ce0.0,0.2982,10.62
p26_u13,p26,ce10.0,0.7518,3.67
p26_u13,p26,demucs,0.427,-4.74
p26_u13,p26,tstnn,0.4858,-5.33
p26_u14,p26,ce0.0,0.2873,11.59
p26_u14,p26,ce10.0,0.7361,4.76
p26_u14,p26,demucs,0.4331,-4.25
p26_u14,p26,tstnn,0.4424,-5.46
p26_u15,p26,ce0.0,0.2689,11.25
p26_u15,p26,ce10.0,0.7255,4.11
p26_u15,p26,demucs,0.3923,-4.31
p26_u15,p26,tstnn,0.4756,-4.87
p26_u16,p26,ce0.0,0.2891,11.71
p26_u16,p26,ce10.0,0.7222,4.42
p26_u16,p26,demucs,0.4424,-3.88
p26_u16,p26,tstnn,0.4459,-5.48
p26_u17,p26,ce0.0,0.2842,11.38
p26_u17,p26,ce10.0,0.7407,4.03
p26_u17,p26,demucs,0.4376,-4.86
p26_u17,p26,tstnn,0.4575,-5.08
p26_u18,p26,ce0.0,0.2745,11.2
p26_u18,p26,ce10.0,0.7029,4.59
p26_u18,p26,demucs,0.3924,-4.66
p26_u18,p26,tstnn,0.4416,-6.01
p26_u19,p26,ce0.0,0.2784,11.55
p26_u19,p26,ce10.0,0.7128,4.2
p26_u19,p26,demucs,0.4281,-4.75
p26_u19,p26,tstnn,0.4625,-5.66
p26_u20,p26,ce0.0,0.3593,10.78
p26_u20,p26,ce10.0,0.7149,3.98
p26_u20,p26,demucs,0.4146,-4.55
p26_u20,p26,tstnn,0.4694,-5.75
p26_u21,p26,ce0.0,0.2927,10.94
p26_u21,p26,ce10.0,0.7253,4.16
p26_u21,p26,demucs,0.3983,-4.28
p26_u21,p26,tstnn,0.4509,-5.07
p26_u22,p26,ce0.0,0.2841,11.71
p26_u22,p26,ce10.0,0.7115,3.95
p26_u22,p26,demucs,0.3994,-5.03
p26_u22,p26,tstnn,0.4547,-5.4
p26_u23,p26,ce0.0,0.2943,11.67
p26_u23,p26,ce10.0,0.6955,4.4
p26_u23,p26,demucs,0.39,-4.69
p26_u23,p26,tstnn,0.4554,-5.1
p26_u24,p26,ce0.0,0.2908,11.48
p26_u24,p26,ce10.0,0.7272,4.06
p26_u24,p26,demucs,0.4635,-4.73
p26_u24,p26,tstnn,0.4772,-5.25
p26_u25,p26,ce0.0,0.2871,10.48
p26_u25,p26,ce10.0,0.6931,3.91
p26_u25,p26,demucs,0.4149,-4.48
p26_u25,p26,tstnn,0.4505,-5.25
p26_u26,p26,ce0.0,0.333,9.65
p26_u26,p26,ce10.0,0.7221,3.62
p26_u26,p26,demucs,0.4284,-4.5
p26_u26,p26,tstnn,0.4604,-4.99
p26_u27,p26,ce0.0,0.2944,11.66
p26_u27,p26,ce10.0,0.717,4.52
p26_u27,p26,demucs,0.415,-4.46
p26_u27,p26,tstnn,0.4681,-5.35
p26_u28,p26,ce0.0,0.3011,11.02
p26_u28,p26,ce10.0,0.7128,4.47
p26_u28,p26,demucs,0.39,-4.49
p26_u28,p26,tstnn,0.4644,-4.92
p26_u29,p26,ce0.0,0.2991,11.52
p26_u29,p26,ce10.0,0.7213,4.33
p26_u29,p26,demucs,0.3952,-4.82
p26_u29,p26,tstnn,0.4578,-5.19
p26_u30,p26,ce0.0,0.3151,10.81
p26_u30,p26,ce10.0,0.7188,4.33
p26_u30,p26,demucs,0.4452,-4.16
p26_u30,p26,tstnn,0.5009,-4.43
p26_u31,p26,ce0.0,0.3084,11.11
p26_u31,p26,ce10.0,0.6931,4.28
p26_u31,p26,demucs,0.4109,-4.29
p26_u31,p26,tstnn,0.4809,-5.0
p26_u32,p26,ce0.0,0.3304,9.76
p26_u32,p26,ce10.0,0.7842,3.69
p26_u32,p26,demucs,0.4124,-4.86
p26_u32,p26,tstnn,0.509,-5.05
p26_u33,p26,ce0.0,0.3405,10.35
p26_u33,p26,ce10.0,0.7639,3.67
p26_u33,p26,demucs,0.4579,-5.41
p26_u33,p26,tstnn,0.4973,-5.53
p26_u34,p26,ce0.0,0.2828,11.04
p26_u34,p26,ce10.0,0.7156,3.73
p26_u34,p26,demucs,0.4032,-3.92
p26_u34,p26,tstnn,0.4753,-4.21
p26_u35,p26,ce0.0,0.2933,11.51
p26_u35,p26,ce10.0,0.7484,4.45
p26_u35,p26,demucs,0.4177,-4.22
p26_u35,p26,tstnn,0.4718,-4.3
p26_u36,p26,ce0.0,0.352,10.37
p26_u36,p26,ce10.0,0.7335,4.12
p26_u36,p26,demucs,0.4147,-4.54
p26_u36,p26,tstnn,0.4838,-4.78
p26_u37,p26,ce0.0,0.3135,11.14
p26_u37,p26,ce10.0,0.7008,3.87
p26_u37,p26,demucs,0.4226,-4.44
p26_u37,p26,tstnn,0.465,-4.82
p26_u38,p26,ce0.0,0.306,11.78
p26_u38,p26,ce10.0,0.7201,4.17
p26_u38,p26,demucs,0.3948,-5.01
p26_u38,p26,tstnn,0.4799,-6.44
p26_u39,p26,ce0.0,0.3218,9.75
p26_u39,p26,ce10.0,0.7575,3.18
p26_u39,p26,demucs,0.4008,-5.08
p26_u39,p26,tstnn,0.4724,-5.33
p26_u40,p26,ce0.0,0.3046,10.51
p26_u40,p26,ce10.0,0.7143,3.73
p26_u40,p26,demucs,0.4043,-4.71
p26_u40,p26,tstnn,0.4837,-4.79
p26_u41,p26,ce0.0,0.2817,11.72
p26_u41,p26,ce10.0,0.7237,4.35
p26_u41,p26,demucs,0.4023,-4.78
p26_u41,p26,tstnn,0.4544,-4.82
p26_u42,p26,ce0.0,0.3135,10.98
p26_u42,p26,ce10.0,0.7436,3.65
p26_u42,p26,demucs,0.3783,-4.79
p26_u42,p26,tstnn,0.4579,-6.05
p26_u43,p26,ce0.0,0.3086,9.66
p26_u43,p26,ce10.0,0.7587,3.57
p26_u43,p26,demucs,0.4672,-4.59
p26_u43,p26,tstnn,0.4542,-5.71
p26_u44,p26,ce0.0,0.3339,10.13
p26_u44,p26,ce10.0,0.7534,3.7
p26_u44,p26,demucs,0.4149,-4.51
p26_u44,p26,tstnn,0.492,-5.14
p26_u45,p26,ce0.0,0.3005,10.08
p26_u45,p26,ce10.0,0.7057,3.56
p26_u45,p26,demucs,0.4444,-4.42
p26_u45,p26,tstnn,0.5044,-6.41
p26_u46,p26,ce0.0,0.331,9.84
p26_u46,p26,ce10.0,0.7568,3.39
p26_u46,p26,demucs,0.4178,-4.7
p26_u46,p26,tstnn,0.4847,-4.84
p26_u47,p26,ce0.0,0.3137,11.05
p26_u47,p26,ce10.0,0.6863,3.76
p26_u47,p26,demucs,0.4284,-4.16
p26_u47,p26,tstnn,0.4479,-4.57
p26_u48,p26,ce0.0,0.315,10.33
p26_u48,p26,ce10.0,0.7247,4.04
p26_u48,p26,demucs,0.4024,-4.32
p26_u48,p26,tstnn,0.4781,-4.27
p26_u49,p26,ce0.0,0.2863,11.08
p26_u49,p26,ce10.0,0.7002,3.97
p26_u49,p26,demucs,0.428,-4.28
p26_u49,p26,tstnn,0.4791,-4.67
p26_u50,p26,ce0.0,0.3163,10.54
p26_u50,p26,ce10.0,0.6916,3.72
p26_u50,p26,demucs,0.508,-4.2
p26_u50,p26,tstnn,0.5325,-4.87
p26_u51,p26,ce0.0,0.307,11.03
p26_u51,p26,ce10.0,0.7123,4.01
p26_u51,p26,demucs,0.3988,-4.31
p26_u51,p26,tstnn,0.4678,-5.87
p26_u52,p26,ce0.0,0.2967,10.57
p26_u52,p26,ce10.0,0.7077,3.99
p26_u52,p26,demucs,0.3905,-4.4
p26_u52,p26,tstnn,0.4648,-4.78
p26_u53,p26,ce0.0,0.3544,9.72
p26_u53,p26,ce10.0,0.7583,3.61
p26_u53,p26,demucs,0.407,-4.43
p26_u53,p26,tstnn,0.4938,-4.99
p26_u54,p26,ce0.0,0.3493,10.41
p26_u54,p26,ce10.0,0.7339,3.98
p26_u54,p26,demucs,0.4362,-4.77
p26_u54,p26,tstnn,0.5111,-4.83
p26_u55,p26,ce0.0,0.2737,11.72
p26_u55,p26,ce10.0,0.7244,3.99
p26_u55,p26,demucs,0.4334,-4.99
p26_u55,p26,tstnn,0.4631,-5.27
p26_u56,p26,ce0.0,0.3016,10.23
p26_u56,p26,ce10.0,0.7184,3.96
p26_u56,p26,demucs,0.426,-4.39
p26_u56,p26,tstnn,0.5173,-4.56
p26_u57,p26,ce0.0,0.3578,11.12
p26_u57,p26,ce10.0,0.7281,3.81
p26_u57,p26,demucs,0.4215,-4.49
p26_u57,p26,tstnn,0.4918,-4.55
p26_u58,p26,ce0.0,0.3433,10.56
p26_u58,p26,ce10.0,0.7275,3.55
p26_u58,p26,demucs,0.4521,-4.72
p26_u58,p26,tstnn,0.5084,-5.11
p26_u59,p26,ce0.0,0.3205,10.85
p26_u59,p26,ce10.0,0.742,3.9
p26_u59,p26,demucs,0.3898,-5.11
p26_u59,p26,tstnn,0.5179,-5.37
p26_u60,p26,ce0.0,0.3217,9.76
p26_u60,p26,ce10.0,0.7433,3.85
p26_u60,p26,demucs,0.4564,-4.39
p26_u60,p26,tstnn,0.514,-4.66
p26_u61,p26,ce0.0,0.3407,10.81
p26_u61,p26,ce10.0,0.727,3.77
p26_u61,p26,demucs,0.4333,-4.58
p26_u61,p26,tstnn,0.5192,-4.6
p26_u62,p26,ce0.0,0.3326,9.34
p26_u62,p26,ce10.0,0.7563,3.42
p26_u62,p26,demucs,0.4236,-4.67
p26_u62,p26,tstnn,0.5019,-5.06
p26_u63,p26,ce0.0,0.3426,10.41
p26_u63,p26,ce10.0,0.7501,3.35
p26_u63,p26,demucs,0.4157,-5.18
p26_u63,p26,tstnn,0.4973,-5.48
p26_u64,p26,ce0.0,0.3005,10.72
p26_u64,p26,ce10.0,0.7088,4.26
p26_u64,p26,demucs,0.3983,-4.5
p26_u64,p26,tstnn,0.5122,-4.45
p26_u65,p26,ce0.0,0.312,11.32
p26_u65,p26,ce10.0,0.7084,4.31
p26_u65,p26,demucs,0.4301,-4.5
p26_u65,p26,tstnn,0.4619,-4.42
p26_u66,p26,ce0.0,0.2844,11.91
p26_u66,p26,ce10.0,0.7138,4.38
p26_u66,p26,demucs,0.4089,-4.3
p26_u66,p26,tstnn,0.4925,-4.18
p26_u67,p26,ce0.0,0.3218,11.94
p26_u67,p26,ce10.0,0.6816,4.6
p26_u67,p26,demucs,0.411,-4.36
p26_u67,p26,tstnn,0.499,-4.62
p26_u68,p26,ce0.0,0.3123,11.2
p26_u68,p26,ce10.0,0.746,3.83
p26_u68,p26,demucs,0.4229,-4.71
p26_u68,p26,tstnn,0.4917,-4.62
p26_u69,p26,ce0.0,0.2971,11.22
p26_u69,p26,ce10.0,0.7048,4.35
p26_u69,p26,demucs,0.376,-4.46
p26_u69,p26,tstnn,0.4647,-4.4
p26_u70,p26,ce0.0,0.2899,10.98
p26_u70,p26,ce10.0,0.7279,3.71
p26_u70,p26,demucs,0.4234,-4.06
p26_u70,p26,tstnn,0.495,-4.21
p26_u71,p26,ce0.0,0.2985,10.57
p26_u71,p26,ce10.0,0.6998,4.23
p26_u71,p26,demucs,0.416,-4.49
p26_u71,p26,tstnn,0.4647,-4.41
p26_u72,p26,ce0.0,0.3039,10.53
p26_u72,p26,ce10.0,0.7405,4.46
p26_u72,p26,demucs,0.4224,-4.55
p26_u72,p26,tstnn,0.5231,-4.39
p26_u73,p26,ce0.0,0.2955,10.49
p26_u73,p26,ce10.0,0.727,3.73
p26_u73,p26,demucs,0.429,-3.81
p26_u73,p26,tstnn,0.4815,-4.13
p26_u74,p26,ce0.0,0.3153,11.2
p26_u74,p26,ce10.0,0.7334,3.54
p26_u74,p26,demucs,0.4289,-5.03
p26_u74,p26,tstnn,0.4977,-5.0
p26_u75,p26,ce0.0,0.3059,9.93
p26_u75,p26,ce10.0,0.7087,4.21
p26_u75,p26,demucs,0.4185,-4.24
p26_u75,p26,tstnn,0.5082,-4.63
p26_u76,p26,ce0.0,0.3021,11.47
p26_u76,p26,ce10.0,0.7209,4.33
p26_u76,p26,demucs,0.4405,-4.03
p26_u76,p26,tstnn,0.5176,-3.95
p26_u77,p26,ce0.0,0.3167,10.68
p26_u77,p26,ce10.0,0.694,4.18
p26_u77,p26,demucs,0.4061,-4.47
p26_u77,p26,tstnn,0.4916,-4.58
p26_u78,p26,ce0.0,0.3397,9.26
p26_u78,p26,ce10.0,0.7207,3.71
p26_u78,p26,demucs,0.4552,-4.2
p26_u78,p26,tstnn,0.5407,-4.31
p26_u79,p26,ce0.0,0.3097,10.26
p26_u79,p26,ce10.0,0.7411,3.64
p26_u79,p26,demucs,0.4234,-4.61
p26_u79,p26,tstnn,0.4701,-4.72
p26_u80,p26,ce0.0,0.3702,10.13
p26_u80,p26,ce10.0,0.7037,3.29
p26_u80,p26,demucs,0.4431,-4.38
p26_u80,p26,tstnn,0.5244,-4.28
p26_u81,p26,ce0.0,0.3014,10.62
p26_u81,p26,ce10.0,0.7234,3.54
p26_u81,p26,demucs,0.4116,-4.4
p26_u81,p26,tstnn,0.4914,-4.26
p26_u82,p26,ce0.0,0.2958,11.98
p26_u82,p26,ce10.0,0.7179,4.05
p26_u82,p26,demucs,0.3793,-4.45
p26_u82,p26,tstnn,0.5133,-4.22
p26_u83,p26,ce0.0,0.3308,9.85
p26_u83,p26,ce10.0,0.7316,3.87
p26_u83,p26,demucs,0.4139,-4.31
p26_u83,p26,tstnn,0.5124,-4.23
p26_u84,p26,ce0.0,0.3231,10.34
p26_u84,p26,ce10.0,0.7299,4.09
p26_u84,p26,demucs,0.4436,-4.14
p26_u84,p26,tstnn,0.4639,-4.21
p26_u85,p26,ce0.0,0.3082,11.23
p26_u85,p26,ce10.0,0.73,3.89
p26_u85,p26,demucs,0.4072,-4.26
p26_u85,p26,tstnn,0.4937,-4.51
p26_u86,p26,ce0.0,0.2975,11.07
p26_u86,p26,ce10.0,0.6953,4.19
p26_u86,p26,demucs,0.4162,-4.45
p26_u86,p26,tstnn,0.493,-4.4
p26_u87,p26,ce0.0,0.2994,11.23
p26_u87,p26,ce10.0,0.7494,4.13
p26_u87,p26,demucs,0.4018,-4.48
p26_u87,p26,tstnn,0.4743,-4.32
p26_u88,p26,ce0.0,0.3046,11.2
p26_u88,p26,ce10.0,0.6977,4.69
p26_u88,p26,demucs,0.3864,-4.14
p26_u88,p26,tstnn,0.4862,-4.08
p26_u89,p26,ce0.0,0.2749,11.85
p26_u89,p26,ce10.0,0.726,4.08
p26_u89,p26,demucs,0.4265,-3.97
p26_u89,p26,tstnn,0.4802,-4.46
p26_u90,p26,ce0.0,0.2879,11.97
p26_u90,p26,ce10.0,0.731,4.14
p26_u90,p26,demucs,0.3815,-4.38
p26_u90,p26,tstnn,0.4439,-4.33
p26_u91,p26,ce0.0,0.2754,11.17
p26_u91,p26,ce10.0,0.7231,4.06
p26_u91,p26,demucs,0.4176,-4.02
p26_u91,p26,tstnn,0.4921,-3.99
p26_u92,p26,ce0.0,0.3082,11.37
p26_u92,p26,ce10.0,0.743,4.11
p26_u92,p26,demucs,0.4137,-4.45
p26_u92,p26,tstnn,0.4795,-4.38
p26_u93,p26,ce0.0,0.2692,11.1
p26_u93,p26,ce10.0,0.7282,4.02
p26_u93,p26,demucs,0.4082,-4.52
p26_u93,p26,tstnn,0.4399,-4.62
p26_u94,p26,ce0.0,0.3016,10.8
p26_u94,p26,ce10.0,0.7225,3.34
p26_u94,p26,demucs,0.4026,-4.78
p26_u94,p26,tstnn,0.5034,-4.64
p26_u95,p26,ce0.0,0.2792,11.75
p26_u95,p26,ce10.0,0.7198,4.24
p26_u95,p26,demucs,0.397,-4.72
p26_u95,p26,tstnn,0.4724,-4.75
p26_u96,p26,ce0.0,0.3168,10.7
p26_u96,p26,ce10.0,0.7206,3.96
p26_u96,p26,demucs,0.4012,-4.78
p26_u96,p26,tstnn,0.4938,-4.48
p26_u97,p26,ce0.0,0.2931,12.04
p26_u97,p26,ce10.0,0.7537,4.41
p26_u97,p26,demucs,0.4694,-4.77
p26_u97,p26,tstnn,0.454,-4.54
p26_u98,p26,ce0.0,0.3042,10.98
p26_u98,p26,ce10.0,0.7187,3.94
p26_u98,p26,demucs,0.4099,-4.65
p26_u98,p26,tstnn,0.4811,-4.69
p26_u99,p26,ce0.0,0.2924,11.17
p26_u99,p26,ce10.0,0.7322,4.22
p26_u99,p26,demucs,0.3772,-4.88
p26_u99,p26,tstnn,0.4487,-5.2
p32_u00,p32,ce0.0,0.3525,11.15
p32_u00,p32,ce10.0,0.737,4.9
p32_u00,p32,demucs,0.3907,-5.27
p32_u00,p32,tstnn,0.5569,-4.35
p32_u01,p32,ce0.0,0.3596,11.14
p32_u01,p32,ce10.0,0.742,5.22
p32_u01,p32,demucs,0.4378,-5.89
p32_u01,p32,tstnn,0.4645,-4.86
p32_u02,p32,ce0.0,0.3312,11.49
p32_u02,p32,ce10.0,0.7237,4.82
p32_u02,p32,demucs,0.3565,-5.31
p32_u02,p32,tstnn,0.5119,-4.51
p32_u03,p32,ce0.0,0.3279,11.5
p32_u03,p32,ce10.0,0.734,5.36
p32_u03,p32,demucs,0.3952,-5.12
p32_u03,p32,tstnn,0.5287,-4.51
p32_u04,p32,ce0.0,0.3033,11.44
p32_u04,p32,ce10.0,0.7578,4.55
p32_u04,p32,demucs,0.4099,-5.51
p32_u04,p32,tstnn,0.5026,-4.41
p32_u05,p32,ce0.0,0.3758,12.08
p32_u05,p32,ce10.0,0.7253,5.21
p32_u05,p32,demucs,0.4349,-5.19
p32_u05,p32,tstnn,0.4598,-4.27
p32_u06,p32,ce0.0,0.2957,12.31
p32_u06,p32,ce10.0,0.7744,4.99
p32_u06,p32,demucs,0.4412,-5.64
p32_u06,p32,tstnn,0.4177,-4.77
p32_u07,p32,ce0.0,0.2771,11.09
p32_u07,p32,ce10.0,0.7635,4.72
p32_u07,p32,demucs,0.4019,-5.42
p32_u07,p32,tstnn,0.5187,-4.44
p32_u08,p32,ce0.0,0.268,12.15
p32_u08,p32,ce10.0,0.7373,4.94
p32_u08,p32,demucs,0.4238,-5.66
p32_u08,p32,tstnn,0.4603,-4.82
p32_u09,p32,ce0.0,0.2596,13.07
p32_u09,p32,ce10.0,0.7502,5.01
p32_u09,p32,demucs,0.3548,-5.06
p32_u09,p32,tstnn,0.407,-4.96
p32_u10,p32,ce0.0,0.2775,12.49
p32_u10,p32,ce10.0,0.7333,5.22
p32_u10,p32,demucs,0.4172,-5.34
p32_u10,p32,tstnn,0.4197,-4.76
p32_u11,p32,ce0.0,0.3292,12.79
p32_u11,p32,ce10.0,0.7297,5.17
p32_u11,p32,demucs,0.4445,-5.32
p32_u11,p32,tstnn,0.4289,-5.02
p32_u12,p32,ce0.0,0.3106,12.33
p32_u12,p32,ce10.0,0.6779,4.69
p32_u12,p32,demucs,0.4097,-5.4
p32_u12,p32,tstnn,0.4189,-4.56
p32_u13,p32,ce0.0,0.3254,12.26
p32_u13,p32,ce10.0,0.7845,5.11
p32_u13,p32,demucs,0.4281,-5.43
p32_u13,p32,tstnn,0.4307,-4.48
p32_u14,p32,ce0.0,0.3574,10.81
p32_u14,p32,ce10.0,0.7219,5.09
p32_u14,p32,demucs,0.4305,-5.41
p32_u14,p32,tstnn,0.4857,-4.38
p32_u15,p32,ce0.0,0.314,11.96
p32_u15,p32,ce10.0,0.7506,4.75
p32_u15,p32,demucs,0.4341,-5.06
p32_u15,p32,tstnn,0.5822,-4.15
p32_u16,p32,ce0.0,0.3387,11.5
p32_u16,p32,ce10.0,0.6939,5.41
p32_u16,p32,demucs,0.4511,-5.04
p32_u16,p32,tstnn,0.5066,-4.45
p32_u17,p32,ce0.0,0.3374,10.84
p32_u17,p32,ce10.0,0.7677,4.91
p32_u17,p32,demucs,0.4339,-5.62
p32_u17,p32,tstnn,0.4416,-4.92
p32_u18,p32,ce0.0,0.3029,11.98
p32_u18,p32,ce10.0,0.7119,5.09
p32_u18,p32,demucs,0.3859,-5.36
p32_u18,p32,tstnn,0.5333,-4.64
p32_u19,p32,ce0.0,0.3418,11.07
p32_u19,p32,ce10.0,0.7461,5.53
p32_u19,p32,demucs,0.48,-5.39
p32_u19,p32,tstnn,0.4631,-4.76
p32_u20,p32,ce0.0,0.313,12.07
p32_u20,p32,ce10.0,0.7161,5.52
p32_u20,p32,demucs,0.535,-4.82
p32_u20,p32,tstnn,0.5215,-4.33
p32_u21,p32,ce0.0,0.3133,10.81
p32_u21,p32,ce10.0,0.7225,5.35
p32_u21,p32,demucs,0.4676,-4.94
p32_u21,p32,tstnn,0.5076,-4.42
p32_u22,p32,ce0.0,0.2951,11.39
p32_u22,p32,ce10.0,0.7526,4.25
p32_u22,p32,demucs,0.3834,-5.46
p32_u22,p32,tstnn,0.4479,-4.76
p32_u23,p32,ce0.0,0.3046,11.64
p32_u23,p32,ce10.0,0.7133,4.9
p32_u23,p32,demucs,0.3785,-5.43
p32_u23,p32,tstnn,0.5516,-4.53
p32_u24,p32,ce0.0,0.3262,11.62
p32_u24,p32,ce10.0,0.7497,5.03
p32_u24,p32,demucs,0.4616,-5.16
p32_u24,p32,tstnn,0.4998,-4.59
p32_u25,p32,ce0.0,0.3122,12.12
p32_u25,p32,ce10.0,0.7098,5.37
p32_u25,p32,demucs,0.4348,-4.97
p32_u25,p32,tstnn,0.4702,-4.64
p32_u26,p32,ce0.0,0.4225,10.09
p32_u26,p32,ce10.0,0.7759,4.86
p32_u26,p32,demucs,0.4421,-6.04
p32_u26,p32,tstnn,0.4467,-4.64
p32_u27,p32,ce0.0,0.4116,12.09
p32_u27,p32,ce10.0,0.7708,5.32
p32_u27,p32,demucs,0.4573,-5.47
p32_u27,p32,tstnn,0.4268,-4.6
p32_u28,p32,ce0.0,0.3787,10.89
p32_u28,p32,ce10.0,0.7668,5.32
p32_u28,p32,demucs,0.4341,-5.74
p32_u28,p32,tstnn,0.4306,-4.74
p32_u29,p32,ce0.0,0.2908,12.02
p32_u29,p32,ce10.0,0.7068,4.75
p32_u29,p32,demucs,0.396,-5.15
p32_u29,p32,tstnn,0.4749,-4.34
p32_u30,p32,ce0.0,0.3554,10.84
p32_u30,p32,ce10.0,0.7257,5.13
p32_u30,p32,demucs,0.4482,-5.94
p32_u30,p32,tstnn,0.4515,-4.83
p32_u31,p32,ce0.0,0.3203,10.47
p32_u31,p32,ce10.0,0.7659,4.39
p32_u31,p32,demucs,0.4291,-5.54
p32_u31,p32,tstnn,0.4592,-4.7
p32_u32,p32,ce0.0,0.3683,9.94
p32_u32,p32,ce10.0,0.7495,4.63
p32_u32,p32,demucs,0.4582,-5.37
p32_u32,p32,tstnn,0.4775,-4.39
p32_u33,p32,ce0.0,0.3165,11.1
p32_u33,p32,ce10.0,0.7475,5.14
p32_u33,p32,demucs,0.4136,-5.09
p32_u33,p32,tstnn,0.4357,-4.49
p32_u34,p32,ce0.0,0.347,11.33
p32_u34,p32,ce10.0,0.7659,4.9
p32_u34,p32,demucs,0.435,-5.5
p32_u34,p32,tstnn,0.4314,-4.7
p32_u35,p32,ce0.0,0.3731,11.06
p32_u35,p32,ce10.0,0.7502,4.91
p32_u35,p32,demucs,0.424,-5.43
p32_u35,p32,tstnn,0.4614,-4.55
p32_u36,p32,ce0.0,0.348,12.09
p32_u36,p32,ce10.0,0.7617,5.18
p32_u36,p32,demucs,0.4845,-5.69
p32_u36,p32,tstnn,0.4408,-4.91
p32_u37,p32,ce0.0,0.3585,11.07
p32_u37,p32,ce10.0,0.7313,5.11
p32_u37,p32,demucs,0.4595,-5.52
p32_u37,p32,tstnn,0.4647,-4.59
p32_u38,p32,ce0.0,0.3067,11.95
p32_u38,p32,ce10.0,0.7694,5.07
p32_u38,p32,demucs,0.4302,-5.5
p32_u38,p32,tstnn,0.4435,-4.52
p32_u39,p32,ce0.0,0.3639,10.56
p32_u39,p32,ce10.0,0.7442,4.84
p32_u39,p32,demucs,0.439,-5.25
p32_u39,p32,tstnn,0.4992,-4.52
p32_u40,p32,ce0.0,0.3891,11.14
p32_u40,p32,ce10.0,0.7916,5.07
p32_u40,p32,demucs,0.4351,-5.51
p32_u40,p32,tstnn,0.4577,-4.67
p32_u41,p32,ce0.0,0.352,11.22
p32_u41,p32,ce10.0,0.7589,4.8
p32_u41,p32,demucs,0.4453,-5.23
p32_u41,p32,tstnn,0.5105,-4.64
p32_u42,p32,ce0.0,0.3879,11.17
p32_u42,p32,ce10.0,0.7216,4.68
p32_u42,p32,demucs,0.4364,-5.19
p32_u42,p32,tstnn,0.4647,-4.82
p32_u43,p32,ce0.0,0.3424,12.08
p32_u43,p32,ce10.0,0.7389,4.91
p32_u43,p32,demucs,0.4155,-5.06
p32_u43,p32,tstnn,0.4548,-4.36
p32_u44,p32,ce0.0,0.3632,11.42
p32_u44,p32,ce10.0,0.7388,4.89
p32_u44,p32,demucs,0.4512,-5.52
p32_u44,p32,tstnn,0.4813,-4.57
p32_u45,p32,ce0.0,0.3863,10.02
p32_u45,p32,ce10.0,0.7744,4.76
p32_u45,p32,demucs,0.4268,-5.43
p32_u45,p32,tstnn,0.48,-4.7
p32_u46,p32,ce0.0,0.308,10.54
p32_u46,p32,ce10.0,0.7337,5.17
p32_u46,p32,demucs,0.4059,-5.14
p32_u46,p32,tstnn,0.4527,-4.7
p32_u47,p32,ce0.0,0.339,10.84
p32_u47,p32,ce10.0,0.7308,4.98
p32_u47,p32,demucs,0.4254,-4.99
p32_u47,p32,tstnn,0.5181,-4.45
p32_u48,p32,ce0.0,0.3481,11.82
p32_u48,p32,ce10.0,0.7174,5.14
p32_u48,p32,demucs,0.4171,-5.0
p32_u48,p32,tstnn,0.491,-4.44
p32_u49,p32,ce0.0,0.3259,11.63
p32_u49,p32,ce10.0,0.7304,5.08
p32_u49,p32,demucs,0.4309,-5.51
p32_u49,p32,tstnn,0.459,-4.81
p32_u50,p32,ce0.0,0.3104,10.8
p32_u50,p32,ce10.0,0.7401,4.7
p32_u50,p32,demucs,0.437,-5.31
p32_u50,p32,tstnn,0.4928,-4.55
p32_u51,p32,ce0.0,0.3868,11.39
p32_u51,p32,ce10.0,0.7426,5.31
p32_u51,p32,demucs,0.4505,-5.2
p32_u51,p32,tstnn,0.4452,-4.51
p32_u52,p32,ce0.0,0.3753,10.27
p32_u52,p32,ce10.0,0.7511,5.37
p32_u52,p32,demucs,0.4321,-5.65
p32_u52,p32,tstnn,0.4917,-4.66
p32_u53,p32,ce0.0,0.3778,11.48
p32_u53,p32,ce10.0,0.7591,4.96
p32_u53,p32,demucs,0.4198,-5.68
p32_u53,p32,tstnn,0.5007,-4.6
p32_u54,p32,ce0.0,0.3516,10.91
p32_u54,p32,ce10.0,0.7476,5.01
p32_u54,p32,demucs,0.454,-5.52
p32_u54,p32,tstnn,0.4565,-4.64
p32_u55,p32,ce0.0,0.3119,12.6
p32_u55,p32,ce10.0,0.7515,5.03
p32_u55,p32,demucs,0.4169,-5.04
p32_u55,p32,tstnn,0.456,-4.52
p32_u56,p32,ce0.0,0.3581,11.75
p32_u56,p32,ce10.0,0.7533,4.82
p32_u56,p32,demucs,0.4101,-5.23
p32_u56,p32,tstnn,0.4764,-4.35
p32_u57,p32,ce0.0,0.3797,10.65
p32_u57,p32,ce10.0,0.7019,4.9
p32_u57,p32,demucs,0.4518,-5.5
p32_u57,p32,tstnn,0.4699,-4.77
p32_u58,p32,ce0.0,0.401,10.44
p32_u58,p32,ce10.0,0.7373,4.98
p32_u58,p32,demucs,0.45,-5.78
p32_u58,p32,tstnn,0.4617,-4.64
p32_u59,p32,ce0.0,0.3413,11.39
p32_u59,p32,ce10.0,0.7427,4.89
p32_u59,p32,demucs,0.4686,-5.76
p32_u59,p32,tstnn,0.4713,-4.77
p32_u60,p32,ce0.0,0.3526,12.01
p32_u60,p32,ce10.0,0.7618,4.82
p32_u60,p32,demucs,0.4504,-5.71
p32_u60,p32,tstnn,0.4301,-4.65
p32_u61,p32,ce0.0,0.2625,12.85
p32_u61,p32,ce10.0,0.7149,4.8
p32_u61,p32,demucs,0.4272,-5.49
p32_u61,p32,tstnn,0.4267,-4.63
p32_u62,p32,ce0.0,0.3043,12.61
p32_u62,p32,ce10.0,0.7944,5.11
p32_u62,p32,demucs,0.4664,-5.03
p32_u62,p32,tstnn,0.4926,-4.48
p32_u63,p32,ce0.0,0.3054,11.92
p32_u63,p32,ce10.0,0.7395,5.41
p32_u63,p32,demucs,0.4331,-5.33
p32_u63,p32,tstnn,0.4389,-4.45
p32_u64,p32,ce0.0,0.2887,11.98
p32_u64,p32,ce10.0,0.7327,4.79
p32_u64,p32,demucs,0.4254,-5.73
p32_u64,p32,tstnn,0.4473,-4.58
p32_u65,p32,ce0.0,0.288,11.28
p32_u65,p32,ce10.0,0.7303,4.81
p32_u65,p32,demucs,0.4389,-5.32
p32_u65,p32,tstnn,0.4648,-4.59
p32_u66,p32,ce0.0,0.3633,11.36
p32_u66,p32,ce10.0,0.746,4.65
p32_u66,p32,demucs,0.4006,-5.48
p32_u66,p32,tstnn,0.4815,-4.48
p32_u67,p32,ce0.0,0.2696,12.06
p32_u67,p32,ce10.0,0.7491,4.45
p32_u67,p32,demucs,0.4391,-5.21
p32_u67,p32,tstnn,0.4745,-4.2
p32_u68,p32,ce0.0,0.2647,13.03
p32_u68,p32,ce10.0,0.7567,4.96
p32_u68,p32,demucs,0.3927,-4.74
p32_u68,p32,tstnn,0.4336,-4.46
p32_u69,p32,ce0.0,0.3734,11.86
p32_u69,p32,ce10.0,0.7474,5.18
p32_u69,p32,demucs,0.4004,-4.31
p32_u69,p32,tstnn,0.4281,-3.83
p32_u70,p32,ce0.0,0.3191,12.66
p32_u70,p32,ce10.0,0.7917,5.3
p32_u70,p32,demucs,0.4933,-4.81
p32_u70,p32,tstnn,0.4453,-4.05
p32_u71,p32,ce0.0,0.3361,12.98
p32_u71,p32,ce10.0,0.7436,5.32
p32_u71,p32,demucs,0.4601,-5.19
p32_u71,p32,tstnn,0.4586,-4.58
p32_u72,p32,ce0.0,0.2768,12.16
p32_u72,p32,ce10.0,0.7518,4.45
p32_u72,p32,demucs,0.4327,-5.42
p32_u72,p32,tstnn,0.4614,-4.34
p32_u73,p32,ce0.0,0.269,12.54
p32_u73,p32,ce10.0,0.7633,4.71
p32_u73,p32,demucs,0.435,-4.87
p32_u73,p32,tstnn,0.4337,-4.2
p32_u74,p32,ce0.0,0.2889,12.66
p32_u74,p32,ce10.0,0.7337,5.06
p32_u74,p32,demucs,0.4415,-5.38
p32_u74,p32,tstnn,0.4455,-4.79
p32_u75,p32,ce0.0,0.2508,13.38
p32_u75,p32,ce10.0,0.7338,5.0
p32_u75,p32,demucs,0.4284,-5.33
p32_u75,p32,tstnn,0.4232,-4.48
p32_u76,p32,ce0.0,0.3115,10.88
p32_u76,p32,ce10.0,0.7801,4.3
p32_u76,p32,demucs,0.4429,-5.53
p32_u76,p32,tstnn,0.4846,-4.4
p32_u77,p32,ce0.0,0.3144,11.46
p32_u77,p32,ce10.0,0.7758,5.09
p32_u77,p32,demucs,0.4691,-5.59
p32_u77,p32,tstnn,0.4357,-4.65
p32_u78,p32,ce0.0,0.2984,11.89
p32_u78,p32,ce10.0,0.7626,4.72
p32_u78,p32,demucs,0.4267,-5.35
p32_u78,p32,tstnn,0.4777,-4.55
p32_u79,p32,ce0.0,0.369,9.83
p32_u79,p32,ce10.0,0.7603,4.69
p32_u79,p32,demucs,0.4315,-5.3
p32_u79,p32,tstnn,0.482,-4.6
p32_u80,p32,ce0.0,0.2899,12.34
p32_u80,p32,ce10.0,0.7667,4.73
p32_u80,p32,demucs,0.4512,-5.68
p32_u80,p32,tstnn,0.4657,-4.67
p32_u81,p32,ce0.0,0.2831,12.14
p32_u81,p32,ce10.0,0.7388,4.63
p32_u81,p32,demucs,0.4175,-5.29
p32_u81,p32,tstnn,0.4334,-4.55
p32_u82,p32,ce0.0,0.3277,11.37
p32_u82,p32,ce10.0,0.7522,4.84
p32_u82,p32,demucs,0.4213,-5.26
p32_u82,p32,tstnn,0.4311,-4.44
p32_u83,p32,ce0.0,0.2856,12.31
p32_u83,p32,ce10.0,0.7416,5.11
p32_u83,p32,demucs,0.4503,-5.47
p32_u83,p32,tstnn,0.4271,-4.59
p32_u84,p32,ce0.0,0.316,11.39
p32_u84,p32,ce10.0,0.7654,5.05
p32_u84,p32,demucs,0.4298,-5.7
p32_u84,p32,tstnn,0.4572,-4.64
p32_u85,p32,ce0.0,0.3451,10.92
p32_u85,p32,ce10.0,0.7748,4.5
p32_u85,p32,demucs,0.4636,-5.04
p32_u85,p32,tstnn,0.4685,-4.5
p32_u86,p32,ce0.0,0.2927,13.04
p32_u86,p32,ce10.0,0.6978,4.54
p32_u86,p32,demucs,0.404,-5.05
p32_u86,p32,tstnn,0.4603,-4.2
p32_u87,p32,ce0.0,0.3406,11.08
p32_u87,p32,ce10.0,0.7559,4.63
p32_u87,p32,demucs,0.4453,-5.88
p32_u87,p32,tstnn,0.4806,-4.79
p32_u88,p32,ce0.0,0.2824,12.45
p32_u88,p32,ce10.0,0.7649,4.72
p32_u88,p32,demucs,0.4561,-5.68
p32_u88,p32,tstnn,0.4509,-4.66
p32_u89,p32,ce0.0,0.3058,13.49
p32_u89,p32,ce10.0,0.7993,5.6
p32_u89,p32,demucs,0.4216,-5.42
p32_u89,p32,tstnn,0.4573,-5.22
p32_u90,p32,ce0.0,0.3453,11.92
p32_u90,p32,ce10.0,0.7227,4.61
p32_u90,p32,demucs,0.4417,-5.23
p32_u90,p32,tstnn,0.4557,-4.54
p32_u91,p32,ce0.0,0.3339,12.21
p32_u91,p32,ce10.0,0.7246,4.8
p32_u91,p32,demucs,0.417,-5.24
p32_u91,p32,tstnn,0.441,-4.77
p32_u92,p32,ce0.0,0.2861,12.09
p32_u92,p32,ce10.0,0.7306,4.76
p32_u92,p32,demucs,0.4682,-5.63
p32_u92,p32,tstnn,0.4376,-4.7
p32_u93,p32,ce0.0,0.3879,10.99
p32_u93,p32,ce10.0,0.7671,4.84
p32_u93,p32,demucs,0.4616,-5.5
p32_u93,p32,tstnn,0.4872,-4.61
p32_u94,p32,ce0.0,0.2912,12.69
p32_u94,p32,ce10.0,0.72,4.84
p32_u94,p32,demucs,0.4558,-5.13
p32_u94,p32,tstnn,0.4359,-4.57
p32_u95,p32,ce0.0,0.3872,12.16
p32_u95,p32,ce10.0,0.7595,5.24
p32_u95,p32,demucs,0.4009,-4.95
p32_u95,p32,tstnn,0.4489,-4.55
p32_u96,p32,ce0.0,0.3601,11.03
p32_u96,p32,ce10.0,0.7331,4.68
p32_u96,p32,demucs,0.4271,-5.3
p32_u96,p32,tstnn,0.5021,-4.35
p32_u97,p32,ce0.0,0.2827,12.83
p32_u97,p32,ce10.0,0.7567,5.23
p32_u97,p32,demucs,0.369,-4.88
p32_u97,p32,tstnn,0.4142,-4.45
p32_u98,p32,ce0.0,0.3954,11.19
p32_u98,p32,ce10.0,0.7216,4.68
p32_u98,p32,demucs,0.4263,-5.3
p32_u98,p32,tstnn,0.4565,-4.55
p32_u99,p32,ce0.0,0.2819,12.34
p32_u99,p32,ce10.0,0.7675,4.87
p32_u99,p32,demucs,0.431,-5.55
p32_u99,p32,tstnn,0.4278,-4.68
p38_u00,p38,ce0.0,0.3101,12.12
p38_u00,p38,ce10.0,0.7559,5.65
p38_u00,p38,demucs,0.4452,-6.12
p38_u00,p38,tstnn,0.4579,-5.83
p38_u01,p38,ce0.0,0.2922,11.94
p38_u01,p38,ce10.0,0.7464,6.51
p38_u01,p38,demucs,0.4568,-6.11
p38_u01,p38,tstnn,0.4555,-5.72
p38_u02,p38,ce0.0,0.3061,11.26
p38_u02,p38,ce10.0,0.7318,5.87
p38_u02,p38,demucs,0.37,-5.67
p38_u02,p38,tstnn,0.4035,-5.65
p38_u03,p38,ce0.0,0.3208,10.62
p38_u03,p38,ce10.0,0.7679,6.18
p38_u03,p38,demucs,0.4447,-6.14
p38_u03,p38,tstnn,0.4735,-5.36
p38_u04,p38,ce0.0,0.2916,13.07
p38_u04,p38,ce10.0,0.759,6.12
p38_u04,p38,demucs,0.5231,-6.23
p38_u04,p38,tstnn,0.4697,-5.52
p38_u05,p38,ce0.0,0.3371,9.98
p38_u05,p38,ce10.0,0.7729,5.73
p38_u05,p38,demucs,0.4489,-6.0
p38_u05,p38,tstnn,0.4698,-4.87
p38_u06,p38,ce0.0,0.3304,10.63
p38_u06,p38,ce10.0,0.813,5.85
p38_u06,p38,demucs,0.4811,-6.25
p38_u06,p38,tstnn,0.5047,-5.29
p38_u07,p38,ce0.0,0.3024,10.5
p38_u07,p38,ce10.0,0.791,5.89
p38_u07,p38,demucs,0.4503,-5.69
p38_u07,p38,tstnn,0.4876,-4.99
p38_u08,p38,ce0.0,0.2704,12.92
p38_u08,p38,ce10.0,0.7675,5.77
p38_u08,p38,demucs,0.4363,-5.88
p38_u08,p38,tstnn,0.4156,-5.57
p38_u09,p38,ce0.0,0.286,12.22
p38_u09,p38,ce10.0,0.773,6.01
p38_u09,p38,demucs,0.373,-5.76
p38_u09,p38,tstnn,0.4251,-5.66
p38_u10,p38,ce0.0,0.3207,11.48
p38_u10,p38,ce10.0,0.784,6.14
p38_u10,p38,demucs,0.4059,-6.29
p38_u10,p38,tstnn,0.4825,-5.7
p38_u11,p38,ce0.0,0.2926,13.12
p38_u11,p38,ce10.0,0.7759,5.7
p38_u11,p38,demucs,0.3683,-5.62
p38_u11,p38,tstnn,0.4563,-5.98
p38_u12,p38,ce0.0,0.349,10.81
p38_u12,p38,ce10.0,0.8007,5.9
p38_u12,p38,demucs,0.4528,-5.85
p38_u12,p38,tstnn,0.5134,-4.86
p38_u13,p38,ce0.0,0.3112,12.12
p38_u13,p38,ce10.0,0.7525,5.93
p38_u13,p38,demucs,0.4492,-6.34
p38_u13,p38,tstnn,0.5394,-5.23
p38_u14,p38,ce0.0,0.2963,11.01
p38_u14,p38,ce10.0,0.7399,5.58
p38_u14,p38,demucs,0.3991,-6.38
p38_u14,p38,tstnn,0.4411,-5.81
p38_u15,p38,ce0.0,0.2753,12.37
p38_u15,p38,ce10.0,0.7338,5.87
p38_u15,p38,demucs,0.3945,-6.12
p38_u15,p38,tstnn,0.4015,-5.61
p38_u16,p38,ce0.0,0.29,12.9
p38_u16,p38,ce10.0,0.771,6.2
p38_u16,p38,demucs,0.4142,-5.63
p38_u16,p38,tstnn,0.4722,-6.01
p38_u17,p38,ce0.0,0.2857,13.35
p38_u17,p38,ce10.0,0.7654,6.31
p38_u17,p38,demucs,0.3807,-5.97
p38_u17,p38,tstnn,0.4235,-5.82
p38_u18,p38,ce0.0,0.2816,12.79
p38_u18,p38,ce10.0,0.7546,5.64
p38_u18,p38,demucs,0.3798,-6.03
p38_u18,p38,tstnn,0.4467,-5.75
p38_u19,p38,ce0.0,0.2957,12.35
p38_u19,p38,ce10.0,0.7406,6.13
p38_u19,p38,demucs,0.3774,-5.67
p38_u19,p38,tstnn,0.46,-5.51
p38_u20,p38,ce0.0,0.3343,11.33
p38_u20,p38,ce10.0,0.8097,5.75
p38_u20,p38,demucs,0.4039,-5.91
p38_u20,p38,tstnn,0.4629,-5.71
p38_u21,p38,ce0.0,0.2616,12.89
p38_u21,p38,ce10.0,0.7212,5.96
p38_u21,p38,demucs,0.3658,-5.4
p38_u21,p38,tstnn,0.4392,-5.64
p38_u22,p38,ce0.0,0.3043,13.36
p38_u22,p38,ce10.0,0.7945,6.01
p38_u22,p38,demucs,0.3685,-5.87
p38_u22,p38,tstnn,0.4625,-5.4
p38_u23,p38,ce0.0,0.2791,12.26
p38_u23,p38,ce10.0,0.7353,5.61
p38_u23,p38,demucs,0.3988,-5.59
p38_u23,p38,tstnn,0.4132,-5.69
p38_u24,p38,ce0.0,0.2491,12.8
p38_u24,p38,ce10.0,0.7365,6.08
p38_u24,p38,demucs,0.3751,-6.01
p38_u24,p38,tstnn,0.4327,-5.99
p38_u25,p38,ce0.0,0.2944,12.73
p38_u25,p38,ce10.0,0.7578,5.87
p38_u25,p38,demucs,0.424,-6.03
p38_u25,p38,tstnn,0.4385,-6.13
p38_u26,p38,ce0.0,0.2878,12.95
p38_u26,p38,ce10.0,0.7214,6.12
p38_u26,p38,demucs,0.3938,-5.57
p38_u26,p38,tstnn,0.416,-5.68
p38_u27,p38,ce0.0,0.2603,11.93
p38_u27,p38,ce10.0,0.7507,5.74
p38_u27,p38,demucs,0.35,-5.69
p38_u27,p38,tstnn,0.4217,-5.37
p38_u28,p38,ce0.0,0.2962,12.13
p38_u28,p38,ce10.0,0.7557,5.66
p38_u28,p38,demucs,0.4423,-6.04
p38_u28,p38,tstnn,0.4638,-6.24
p38_u29,p38,ce0.0,0.2658,13.0
p38_u29,p38,ce10.0,0.7543,5.97
p38_u29,p38,demucs,0.3888,-4.96
p38_u29,p38,tstnn,0.4231,-5.73
p38_u30,p38,ce0.0,0.2937,12.28
p38_u30,p38,ce10.0,0.7855,5.71
p38_u30,p38,demucs,0.416,-5.58
p38_u30,p38,tstnn,0.4737,-5.5
p38_u31,p38,ce0.0,0.2797,11.78
p38_u31,p38,ce10.0,0.7504,5.6
p38_u31,p38,demucs,0.3757,-5.74
p38_u31,p38,tstnn,0.4076,-5.67
p38_u32,p38,ce0.0,0.3157,11.31
p38_u32,p38,ce10.0,0.7402,6.06
p38_u32,p38,demucs,0.4797,-5.64
p38_u32,p38,tstnn,0.463,-5.39
p38_u33,p38,ce0.0,0.3046,12.04
p38_u33,p38,ce10.0,0.765,6.01
p38_u33,p38,demucs,0.4149,-5.65
p38_u33,p38,tstnn,0.43,-5.68
p38_u34,p38,ce0.0,0.2838,12.42
p38_u34,p38,ce10.0,0.7248,6.05
p38_u34,p38,demucs,0.3716,-5.37
p38_u34,p38,tstnn,0.4135,-5.79
p38_u35,p38,ce0.0,0.308,11.65
p38_u35,p38,ce10.0,0.7442,6.25
p38_u35,p38,demucs,0.4384,-5.68
p38_u35,p38,tstnn,0.4708,-5.39
p38_u36,p38,ce0.0,0.3054,11.19
p38_u36,p38,ce10.0,0.7764,5.96
p38_u36,p38,demucs,0.4261,-5.42
p38_u36,p38,tstnn,0.4787,-5.67
p38_u37,p38,ce0.0,0.2755,12.44
p38_u37,p38,ce10.0,0.7537,5.54
p38_u37,p38,demucs,0.3635,-5.54
p38_u37,p38,tstnn,0.429,-5.53
p38_u38,p38,ce0.0,0.2929,12.27
p38_u38,p38,ce10.0,0.8074,5.43
p38_u38,p38,demucs,0.3884,-5.67
p38_u38,p38,tstnn,0.4345,-5.48
p38_u39,p38,ce0.0,0.2952,11.05
p38_u39,p38,ce10.0,0.7832,5.64
p38_u39,p38,demucs,0.4101,-5.87
p38_u39,p38,tstnn,0.4458,-5.81
p38_u40,p38,ce0.0,0.2792,11.56
p38_u40,p38,ce10.0,0.7382,5.83
p38_u40,p38,demucs,0.3838,-5.19
p38_u40,p38,tstnn,0.3803,-5.56
p38_u41,p38,ce0.0,0.2845,12.05
p38_u41,p38,ce10.0,0.756,5.86
p38_u41,p38,demucs,0.3836,-5.99
p38_u41,p38,tstnn,0.4103,-6.06
p38_u42,p38,ce0.0,0.2913,12.2
p38_u42,p38,ce10.0,0.7727,5.45
p38_u42,p38,demucs,0.4741,-5.67
p38_u42,p38,tstnn,0.4874,-5.48
p38_u43,p38,ce0.0,0.2943,12.01
p38_u43,p38,ce10.0,0.7505,6.08
p38_u43,p38,demucs,0.3806,-5.68
p38_u43,p38,tstnn,0.3886,-5.67
p38_u44,p38,ce0.0,0.3172,12.07
p38_u44,p38,ce10.0,0.7569,6.16
p38_u44,p38,demucs,0.4399,-6.07
p38_u44,p38,tstnn,0.4586,-6.09
p38_u45,p38,ce0.0,0.3161,12.02
p38_u45,p38,ce10.0,0.8156,5.74
p38_u45,p38,demucs,0.4664,-5.73
p38_u45,p38,tstnn,0.4753,-5.54
p38_u46,p38,ce0.0,0.3169,11.79
p38_u46,p38,ce10.0,0.8413,5.7
p38_u46,p38,demucs,0.3929,-5.9
p38_u46,p38,tstnn,0.4844,-5.58
p38_u47,p38,ce0.0,0.2956,12.33
p38_u47,p38,ce10.0,0.745,5.58
p38_u47,p38,demucs,0.3662,-5.75
p38_u47,p38,tstnn,0.4144,-5.67
p38_u48,p38,ce0.0,0.2873,13.55
p38_u48,p38,ce10.0,0.7796,5.6
p38_u48,p38,demucs,0.4372,-6.15
p38_u48,p38,tstnn,0.4381,-5.31
p38_u49,p38,ce0.0,0.303,12.56
p38_u49,p38,ce10.0,0.8057,5.57
p38_u49,p38,demucs,0.4193,-6.13
p38_u49,p38,tstnn,0.4591,-5.85
p38_u50,p38,ce0.0,0.2812,12.72
p38_u50,p38,ce10.0,0.771,5.85
p38_u50,p38,demucs,0.4415,-5.63
p38_u50,p38,tstnn,0.4407,-5.75
p38_u51,p38,ce0.0,0.3284,11.13
p38_u51,p38,ce10.0,0.7942,5.49
p38_u51,p38,demucs,0.4786,-5.92
p38_u51,p38,tstnn,0.4702,-5.73
p38_u52,p38,ce0.0,0.3403,11.88
p38_u52,p38,ce10.0,0.8705,6.03
p38_u52,p38,demucs,0.4762,-5.77
p38_u52,p38,tstnn,0.508,-5.77
p38_u53,p38,ce0.0,0.2995,12.65
p38_u53,p38,ce10.0,0.8283,5.75
p38_u53,p38,demucs,0.436,-5.17
p38_u53,p38,tstnn,0.4548,-5.55
p38_u54,p38,ce0.0,0.3253,12.22
p38_u54,p38,ce10.0,0.7694,6.0
p38_u54,p38,demucs,0.4327,-5.69
p38_u54,p38,tstnn,0.4605,-5.87
p38_u55,p38,ce0.0,0.3001,11.9
p38_u55,p38,ce10.0,0.7374,5.51
p38_u55,p38,demucs,0.4379,-5.6
p38_u55,p38,tstnn,0.3994,-5.6
p38_u56,p38,ce0.0,0.3242,12.22
p38_u56,p38,ce10.0,0.7687,5.27
p38_u56,p38,demucs,0.4722,-5.75
p38_u56,p38,tstnn,0.4617,-5.83
p38_u57,p38,ce0.0,0.3045,11.98
p38_u57,p38,ce10.0,0.7848,6.05
p38_u57,p38,demucs,0.4325,-5.82
p38_u57,p38,tstnn,0.4434,-5.97
p38_u58,p38,ce0.0,0.361,11.47
p38_u58,p38,ce10.0,0.8151,5.87
p38_u58,p38,demucs,0.4423,-5.75
p38_u58,p38,tstnn,0.4949,-5.74
p38_u59,p38,ce0.0,0.3357,11.03
p38_u59,p38,ce10.0,0.827,5.23
p38_u59,p38,demucs,0.4188,-5.51
p38_u59,p38,tstnn,0.4351,-5.74
p38_u60,p38,ce0.0,0.3001,11.65
p38_u60,p38,ce10.0,0.7311,5.72
p38_u60,p38,demucs,0.3851,-5.59
p38_u60,p38,tstnn,0.4204,-5.8
p38_u61,p38,ce0.0,0.2703,12.0
p38_u61,p38,ce10.0,0.6981,5.87
p38_u61,p38,demucs,0.4107,-6.15
p38_u61,p38,tstnn,0.4071,-5.73
p38_u62,p38,ce0.0,0.3159,11.44
p38_u62,p38,ce10.0,0.7644,5.41
p38_u62,p38,demucs,0.4087,-6.04
p38_u62,p38,tstnn,0.4527,-5.58
p38_u63,p38,ce0.0,0.3068,12.48
p38_u63,p38,ce10.0,0.742,5.72
p38_u63,p38,demucs,0.5337,-6.53
p38_u63,p38,tstnn,0.4739,-5.92
p38_u64,p38,ce0.0,0.3207,12.28
p38_u64,p38,ce10.0,0.7938,5.81
p38_u64,p38,demucs,0.4117,-6.32
p38_u64,p38,tstnn,0.4715,-5.46
p38_u65,p38,ce0.0,0.3797,10.31
p38_u65,p38,ce10.0,0.7864,5.31
p38_u65,p38,demucs,0.4639,-6.0
p38_u65,p38,tstnn,0.5092,-5.23
p38_u66,p38,ce0.0,0.3102,11.67
p38_u66,p38,ce10.0,0.7519,5.51
p38_u66,p38,demucs,0.4114,-6.46
p38_u66,p38,tstnn,0.4653,-5.19
p38_u67,p38,ce0.0,0.3202,12.03
p38_u67,p38,ce10.0,0.7429,5.58
p38_u67,p38,demucs,0.4302,-6.34
p38_u67,p38,tstnn,0.4718,-5.29
p38_u68,p38,ce0.0,0.32,11.59
p38_u68,p38,ce10.0,0.7469,5.08
p38_u68,p38,demucs,0.3869,-6.18
p38_u68,p38,tstnn,0.4631,-4.98
p38_u69,p38,ce0.0,0.3133,10.25
p38_u69,p38,ce10.0,0.8029,5.57
p38_u69,p38,demucs,0.3953,-5.74
p38_u69,p38,tstnn,0.4825,-5.44
p38_u70,p38,ce0.0,0.3812,10.89
p38_u70,p38,ce10.0,0.7762,5.35
p38_u70,p38,demucs,0.4669,-6.01
p38_u70,p38,tstnn,0.5111,-5.05
p38_u71,p38,ce0.0,0.3674,10.66
p38_u71,p38,ce10.0,0.7749,5.59
p38_u71,p38,demucs,0.4283,-6.16
p38_u71,p38,tstnn,0.468,-5.54
p38_u72,p38,ce0.0,0.3702,10.26
p38_u72,p38,ce10.0,0.8076,5.32
p38_u72,p38,demucs,0.4579,-6.28
p38_u72,p38,tstnn,0.5002,-5.19
p38_u73,p38,ce0.0,0.3459,11.41
p38_u73,p38,ce10.0,0.7559,5.69
p38_u73,p38,demucs,0.4178,-5.96
p38_u73,p38,tstnn,0.4601,-5.17
p38_u74,p38,ce0.0,0.2964,11.39
p38_u74,p38,ce10.0,0.7519,5.72
p38_u74,p38,demucs,0.4593,-5.73
p38_u74,p38,tstnn,0.4398,-5.56
p38_u75,p38,ce0.0,0.3161,11.06
p38_u75,p38,ce10.0,0.8132,6.14
p38_u75,p38,demucs,0.4049,-5.62
p38_u75,p38,tstnn,0.4768,-5.45
p38_u76,p38,ce0.0,0.3497,10.55
p38_u76,p38,ce10.0,0.7418,5.55
p38_u76,p38,demucs,0.3971,-5.93
p38_u76,p38,tstnn,0.461,-5.52
p38_u77,p38,ce0.0,0.2824,12.21
p38_u77,p38,ce10.0,0.7267,5.51
p38_u77,p38,demucs,0.4211,-6.09
p38_u77,p38,tstnn,0.4105,-5.57
p38_u78,p38,ce0.0,0.3411,9.76
p38_u78,p38,ce10.0,0.7738,5.54
p38_u78,p38,demucs,0.4115,-5.71
p38_u78,p38,tstnn,0.4785,-5.09
p38_u79,p38,ce0.0,0.3197,12.27
p38_u79,p38,ce10.0,0.8148,5.69
p38_u79,p38,demucs,0.5078,-5.87
p38_u79,p38,tstnn,0.5172,-5.7
p38_u80,p38,ce0.0,0.3213,11.68
p38_u80,p38,ce10.0,0.7475,5.6
p38_u80,p38,demucs,0.4085,-5.84
p38_u80,p38,tstnn,0.4655,-5.79
p38_u81,p38,ce0.0,0.3031,10.89
p38_u81,p38,ce10.0,0.7843,5.26
p38_u81,p38,demucs,0.4727,-6.14
p38_u81,p38,tstnn,0.4954,-5.6
p38_u82,p38,ce0.0,0.2984,12.04
p38_u82,p38,ce10.0,0.7722,5.72
p38_u82,p38,demucs,0.4599,-6.45
p38_u82,p38,tstnn,0.4524,-5.48
p38_u83,p38,ce0.0,0.3014,11.61
p38_u83,p38,ce10.0,0.7075,5.89
p38_u83,p38,demucs,0.4726,-5.89
p38_u83,p38,tstnn,0.4458,-5.53
p38_u84,p38,ce0.0,0.3381,11.15
p38_u84,p38,ce10.0,0.7772,5.2
p38_u84,p38,demucs,0.4435,-6.02
p38_u84,p38,tstnn,0.4869,-5.54
p38_u85,p38,ce0.0,0.3755,11.14
p38_u85,p38,ce10.0,0.7655,5.57
p38_u85,p38,demucs,0.4205,-6.19
p38_u85,p38,tstnn,0.487,-5.32
p38_u86,p38,ce0.0,0.3204,11.52
p38_u86,p38,ce10.0,0.7287,5.57
p38_u86,p38,demucs,0.4386,-6.08
p38_u86,p38,tstnn,0.4647,-5.38
p38_u87,p38,ce0.0,0.3504,11.1
p38_u87,p38,ce10.0,0.8056,5.04
p38_u87,p38,demucs,0.4496,-6.06
p38_u87,p38,tstnn,0.4743,-5.43
p38_u88,p38,ce0.0,0.3517,11.93
p38_u88,p38,ce10.0,0.7371,5.5
p38_u88,p38,demucs,0.4797,-5.88
p38_u88,p38,tstnn,0.4832,-5.21
p38_u89,p38,ce0.0,0.3405,11.27
p38_u89,p38,ce10.0,0.765,5.8
p38_u89,p38,demucs,0.5535,-6.31
p38_u89,p38,tstnn,0.5247,-5.34
p38_u90,p38,ce0.0,0.337,11.72
p38_u90,p38,ce10.0,0.7997,5.46
p38_u90,p38,demucs,0.4373,-5.67
p38_u90,p38,tstnn,0.4866,-5.59
p38_u91,p38,ce0.0,0.3594,11.52
p38_u91,p38,ce10.0,0.77,5.47
p38_u91,p38,demucs,0.4583,-6.3
p38_u91,p38,tstnn,0.4669,-5.46
p38_u92,p38,ce0.0,0.3367,10.88
p38_u92,p38,ce10.0,0.7335,5.35
p38_u92,p38,demucs,0.4342,-6.12
p38_u92,p38,tstnn,0.4533,-5.32
p38_u93,p38,ce0.0,0.3351,10.91
p38_u93,p38,ce10.0,0.7513,5.4
p38_u93,p38,demucs,0.4354,-6.26
p38_u93,p38,tstnn,0.4847,-5.4
p38_u94,p38,ce0.0,0.4024,11.22
p38_u94,p38,ce10.0,0.8664,5.46
p38_u94,p38,demucs,0.5658,-5.83
p38_u94,p38,tstnn,0.5564,-5.11
p38_u95,p38,ce0.0,0.344,11.01
p38_u95,p38,ce10.0,0.7395,5.57
p38_u95,p38,demucs,0.4101,-5.89
p38_u95,p38,tstnn,0.4592,-5.21
p38_u96,p38,ce0.0,0.3226,10.88
p38_u96,p38,ce10.0,0.7455,6.06
p38_u96,p38,demucs,0.4968,-6.42
p38_u96,p38,tstnn,0.4431,-5.4
p38_u97,p38,ce0.0,0.3453,10.54
p38_u97,p38,ce10.0,0.7329,5.26
p38_u97,p38,demucs,0.4188,-6.07
p38_u97,p38,tstnn,0.4673,-5.13
p38_u98,p38,ce0.0,0.3436,11.17
p38_u98,p38,ce10.0,0.7729,6.13
p38_u98,p38,demucs,0.4744,-6.37
p38_u98,p38,tstnn,0.4865,-5.38
p38_u99,p38,ce0.0,0.2927,12.83
p38_u99,p38,ce10.0,0.7498,6.21
p38_u99,p38,demucs,0.4411,-6.36
p38_u99,p38,tstnn,0.4782,-5.61
p41_u00,p41,ce0.0,0.295,12.56
p41_u00,p41,ce10.0,0.6937,4.95
p41_u00,p41,demucs,0.4304,-5.35
p41_u00,p41,tstnn,0.4846,-4.83
p41_u01,p41,ce0.0,0.3051,12.17
p41_u01,p41,ce10.0,0.681,4.74
p41_u01,p41,demucs,0.4141,-5.34
p41_u01,p41,tstnn,0.4748,-4.56
p41_u02,p41,ce0.0,0.2946,12.0
p41_u02,p41,ce10.0,0.7013,4.89
p41_u02,p41,demucs,0.3891,-5.58
p41_u02,p41,tstnn,0.4708,-4.8
p41_u03,p41,ce0.0,0.2778,12.76
p41_u03,p41,ce10.0,0.7018,5.17
p41_u03,p41,demucs,0.3678,-5.53
p41_u03,p41,tstnn,0.4393,-4.72
p41_u04,p41,ce0.0,0.301,12.18
p41_u04,p41,ce10.0,0.7034,4.82
p41_u04,p41,demucs,0.3651,-5.78
p41_u04,p41,tstnn,0.4456,-4.76
p41_u05,p41,ce0.0,0.3039,12.36
p41_u05,p41,ce10.0,0.7441,5.27
p41_u05,p41,demucs,0.4226,-5.21
p41_u05,p41,tstnn,0.4774,-4.6
p41_u06,p41,ce0.0,0.3146,12.43
p41_u06,p41,ce10.0,0.6825,5.2
p41_u06,p41,demucs,0.4534,-5.49
p41_u06,p41,tstnn,0.4713,-4.9
p41_u07,p41,ce0.0,0.336,11.2
p41_u07,p41,ce10.0,0.7784,5.65
p41_u07,p41,demucs,0.422,-5.87
p41_u07,p41,tstnn,0.4917,-5.02
p41_u08,p41,ce0.0,0.2818,12.46
p41_u08,p41,ce10.0,0.7016,4.91
p41_u08,p41,demucs,0.3496,-5.51
p41_u08,p41,tstnn,0.45,-4.72
p41_u09,p41,ce0.0,0.3341,11.89
p41_u09,p41,ce10.0,0.7557,5.12
p41_u09,p41,demucs,0.4113,-5.28
p41_u09,p41,tstnn,0.5039,-4.78
p41_u10,p41,ce0.0,0.3266,11.76
p41_u10,p41,ce10.0,0.7853,5.35
p41_u10,p41,demucs,0.4064,-5.28
p41_u10,p41,tstnn,0.5369,-4.71
p41_u11,p41,ce0.0,0.2909,11.86
p41_u11,p41,ce10.0,0.6885,4.44
p41_u11,p41,demucs,0.3943,-5.3
p41_u11,p41,tstnn,0.4581,-4.82
p41_u12,p41,ce0.0,0.2986,11.8
p41_u12,p41,ce10.0,0.6929,5.01
p41_u12,p41,demucs,0.3747,-5.47
p41_u12,p41,tstnn,0.4459,-4.74
p41_u13,p41,ce0.0,0.288,11.94
p41_u13,p41,ce10.0,0.7128,4.67
p41_u13,p41,demucs,0.401,-5.33
p41_u13,p41,tstnn,0.4698,-4.91
p41_u14,p41,ce0.0,0.3107,11.47
p41_u14,p41,ce10.0,0.7108,4.54
p41_u14,p41,demucs,0.4069,-5.46
p41_u14,p41,tstnn,0.4691,-4.82
p41_u15,p41,ce0.0,0.2744,11.72
p41_u15,p41,ce10.0,0.7146,5.28
p41_u15,p41,demucs,0.3444,-5.65
p41_u15,p41,tstnn,0.4292,-5.05
p41_u16,p41,ce0.0,0.2918,11.42
p41_u16,p41,ce10.0,0.7215,4.17
p41_u16,p41,demucs,0.4199,-5.39
p41_u16,p41,tstnn,0.4575,-4.91
p41_u17,p41,ce0.0,0.2808,12.03
p41_u17,p41,ce10.0,0.7018,5.16
p41_u17,p41,demucs,0.4193,-5.29
p41_u17,p41,tstnn,0.4756,-4.85
p41_u18,p41,ce0.0,0.3282,12.3
p41_u18,p41,ce10.0,0.6857,4.56
p41_u18,p41,demucs,0.3975,-5.51
p41_u18,p41,tstnn,0.4773,-4.79
p41_u19,p41,ce0.0,0.3075,12.1
p41_u19,p41,ce10.0,0.7686,5.19
p41_u19,p41,demucs,0.4507,-5.96
p41_u19,p41,tstnn,0.4561,-5.2
p41_u20,p41,ce0.0,0.3178,11.42
p41_u20,p41,ce10.0,0.7504,4.27
p41_u20,p41,demucs,0.4187,-5.47
p41_u20,p41,tstnn,0.4618,-4.71
p41_u21,p41,ce0.0,0.3061,11.6
p41_u21,p41,ce10.0,0.7081,4.77
p41_u21,p41,demucs,0.4194,-4.91
p41_u21,p41,tstnn,0.4726,-4.66
p41_u22,p41,ce0.0,0.2902,12.59
p41_u22,p41,ce10.0,0.6901,5.09
p41_u22,p41,demucs,0.4068,-4.96
p41_u22,p41,tstnn,0.4432,-4.78
p41_u23,p41,ce0.0,0.3482,11.72
p41_u23,p41,ce10.0,0.7327,4.82
p41_u23,p41,demucs,0.4108,-5.7
p41_u23,p41,tstnn,0.447,-5.01
p41_u24,p41,ce0.0,0.3354,11.26
p41_u24,p41,ce10.0,0.7556,4.5
p41_u24,p41,demucs,0.4339,-5.43
p41_u24,p41,tstnn,0.4529,-5.01
p41_u25,p41,ce0.0,0.3029,12.18
p41_u25,p41,ce10.0,0.7162,4.11
p41_u25,p41,demucs,0.4164,-5.42
p41_u25,p41,tstnn,0.4447,-4.78
p41_u26,p41,ce0.0,0.2872,11.4
p41_u26,p41,ce10.0,0.7326,4.75
p41_u26,p41,demucs,0.4038,-5.52
p41_u26,p41,tstnn,0.4485,-4.95
p41_u27,p41,ce0.0,0.3198,11.17
p41_u27,p41,ce10.0,0.7055,4.44
p41_u27,p41,demucs,0.4027,-5.85
p41_u27,p41,tstnn,0.4433,-4.82
p41_u28,p41,ce0.0,0.319,10.92
p41_u28,p41,ce10.0,0.7186,4.31
p41_u28,p41,demucs,0.4427,-5.46
p41_u28,p41,tstnn,0.4405,-4.81
p41_u29,p41,ce0.0,0.2737,12.48
p41_u29,p41,ce10.0,0.6788,4.65
p41_u29,p41,demucs,0.3885,-5.23
p41_u29,p41,tstnn,0.4438,-4.86
p41_u30,p41,ce0.0,0.2843,12.0
p41_u30,p41,ce10.0,0.7226,4.51
p41_u30,p41,demucs,0.4323,-5.86
p41_u30,p41,tstnn,0.4523,-5.08
p41_u31,p41,ce0.0,0.2854,12.75
p41_u31,p41,ce10.0,0.6968,4.99
p41_u31,p41,demucs,0.3622,-4.87
p41_u31,p41,tstnn,0.4283,-4.61
p41_u32,p41,ce0.0,0.2699,12.58
p41_u32,p41,ce10.0,0.6644,4.84
p41_u32,p41,demucs,0.3943,-5.49
p41_u32,p41,tstnn,0.4341,-4.82
p41_u33,p41,ce0.0,0.3064,12.12
p41_u33,p41,ce10.0,0.717,4.39
p41_u33,p41,demucs,0.3943,-5.22
p41_u33,p41,tstnn,0.4586,-4.83
p41_u34,p41,ce0.0,0.2922,12.74
p41_u34,p41,ce10.0,0.7058,4.68
p41_u34,p41,demucs,0.4498,-5.21
p41_u34,p41,tstnn,0.464,-4.51
p41_u35,p41,ce0.0,0.2973,12.69
p41_u35,p41,ce10.0,0.7105,4.63
p41_u35,p41,demucs,0.4316,-5.41
p41_u35,p41,tstnn,0.4626,-4.71
p41_u36,p41,ce0.0,0.3229,12.08
p41_u36,p41,ce10.0,0.7495,5.12
p41_u36,p41,demucs,0.4704,-5.51
p41_u36,p41,tstnn,0.4763,-4.7
p41_u37,p41,ce0.0,0.2894,11.89
p41_u37,p41,ce10.0,0.6986,4.76
p41_u37,p41,demucs,0.3722,-5.14
p41_u37,p41,tstnn,0.4638,-4.45
p41_u38,p41,ce0.0,0.3256,12.66
p41_u38,p41,ce10.0,0.7009,4.86
p41_u38,p41,demucs,0.4084,-5.4
p41_u38,p41,tstnn,0.4727,-4.7
p41_u39,p41,ce0.0,0.3335,12.17
p41_u39,p41,ce10.0,0.709,4.75
p41_u39,p41,demucs,0.3869,-5.68
p41_u39,p41,tstnn,0.4493,-4.79
p41_u40,p41,ce0.0,0.2706,12.07
p41_u40,p41,ce10.0,0.7348,4.54
p41_u40,p41,demucs,0.3813,-5.65
p41_u40,p41,tstnn,0.4639,-5.36
p41_u41,p41,ce0.0,0.3158,12.57
p41_u41,p41,ce10.0,0.7447,4.07
p41_u41,p41,demucs,0.472,-6.0
p41_u41,p41,tstnn,0.445,-5.28
p41_u42,p41,ce0.0,0.2956,11.66
p41_u42,p41,ce10.0,0.7473,4.61
p41_u42,p41,demucs,0.4015,-5.72
p41_u42,p41,tstnn,0.4458,-5.13
p41_u43,p41,ce0.0,0.2844,12.93
p41_u43,p41,ce10.0,0.6436,5.86
p41_u43,p41,demucs,0.404,-5.75
p41_u43,p41,tstnn,0.4106,-5.02
p41_u44,p41,ce0.0,0.2895,12.38
p41_u44,p41,ce10.0,0.719,4.14
p41_u44,p41,demucs,0.4279,-6.14
p41_u44,p41,tstnn,0.4174,-5.26
p41_u45,p41,ce0.0,0.2894,12.93
p41_u45,p41,ce10.0,0.7408,5.44
p41_u45,p41,demucs,0.4106,-5.61
p41_u45,p41,tstnn,0.4678,-5.29
p41_u46,p41,ce0.0,0.3156,11.65
p41_u46,p41,ce10.0,0.7034,4.54
p41_u46,p41,demucs,0.3717,-5.86
p41_u46,p41,tstnn,0.4415,-5.44
p41_u47,p41,ce0.0,0.2904,12.75
p41_u47,p41,ce10.0,0.6835,5.4
p41_u47,p41,demucs,0.3704,-5.52
p41_u47,p41,tstnn,0.4236,-4.96
p41_u48,p41,ce0.0,0.2793,12.62
p41_u48,p41,ce10.0,0.7041,4.41
p41_u48,p41,demucs,0.373,-5.6
p41_u48,p41,tstnn,0.4244,-4.92
p41_u49,p41,ce0.0,0.3356,13.02
p41_u49,p41,ce10.0,0.7621,4.51
p41_u49,p41,demucs,0.3717,-5.79
p41_u49,p41,tstnn,0.4896,-4.98
p41_u50,p41,ce0.0,0.2713,11.5
p41_u50,p41,ce10.0,0.7044,4.37
p41_u50,p41,demucs,0.4505,-5.58
p41_u50,p41,tstnn,0.439,-4.91
p41_u51,p41,ce0.0,0.3024,11.69
p41_u51,p41,ce10.0,0.7296,4.8
p41_u51,p41,demucs,0.4533,-5.91
p41_u51,p41,tstnn,0.4442,-4.96
p41_u52,p41,ce0.0,0.282,11.19
p41_u52,p41,ce10.0,0.7403,4.88
p41_u52,p41,demucs,0.4232,-5.79
p41_u52,p41,tstnn,0.4239,-5.09
p41_u53,p41,ce0.0,0.3626,10.83
p41_u53,p41,ce10.0,0.7591,4.66
p41_u53,p41,demucs,0.4723,-5.81
p41_u53,p41,tstnn,0.4815,-4.84
p41_u54,p41,ce0.0,0.3169,10.95
p41_u54,p41,ce10.0,0.7263,5.38
p41_u54,p41,demucs,0.4595,-5.91
p41_u54,p41,tstnn,0.4573,-5.11
p41_u55,p41,ce0.0,0.2792,11.84
p41_u55,p41,ce10.0,0.7174,4.84
p41_u55,p41,demucs,0.413,-5.78
p41_u55,p41,tstnn,0.4337,-5.05
p41_u56,p41,ce0.0,0.3012,11.69
p41_u56,p41,ce10.0,0.6954,4.68
p41_u56,p41,demucs,0.4037,-5.78
p41_u56,p41,tstnn,0.441,-5.12
p41_u57,p41,ce0.0,0.3757,9.97
p41_u57,p41,ce10.0,0.7696,4.47
p41_u57,p41,demucs,0.5285,-5.99
p41_u57,p41,tstnn,0.4951,-5.05
p41_u58,p41,ce0.0,0.2989,12.2
p41_u58,p41,ce10.0,0.7059,5.01
p41_u58,p41,demucs,0.4086,-5.66
p41_u58,p41,tstnn,0.4553,-4.82
p41_u59,p41,ce0.0,0.2942,10.47
p41_u59,p41,ce10.0,0.7366,4.65
p41_u59,p41,demucs,0.3948,-5.74
p41_u59,p41,tstnn,0.4398,-5.05
p41_u60,p41,ce0.0,0.3183,12.25
p41_u60,p41,ce10.0,0.7435,5.06
p41_u60,p41,demucs,0.394,-5.04
p41_u60,p41,tstnn,0.4491,-4.83
p41_u61,p41,ce0.0,0.3058,12.57
p41_u61,p41,ce10.0,0.7225,4.55
p41_u61,p41,demucs,0.3793,-5.33
p41_u61,p41,tstnn,0.4494,-4.82
p41_u62,p41,ce0.0,0.2832,11.7
p41_u62,p41,ce10.0,0.7174,5.17
p41_u62,p41,demucs,0.3834,-5.14
p41_u62,p41,tstnn,0.4602,-4.64
p41_u63,p41,ce0.0,0.3201,12.2
p41_u63,p41,ce10.0,0.6947,5.1
p41_u63,p41,demucs,0.3917,-5.06
p41_u63,p41,tstnn,0.4428,-4.65
p41_u64,p41,ce0.0,0.3036,12.21
p41_u64,p41,ce10.0,0.7352,5.34
p41_u64,p41,demucs,0.348,-5.1
p41_u64,p41,tstnn,0.4758,-4.59
p41_u65,p41,ce0.0,0.2925,12.49
p41_u65,p41,ce10.0,0.6822,4.64
p41_u65,p41,demucs,0.4046,-4.63
p41_u65,p41,tstnn,0.4486,-4.04
p41_u66,p41,ce0.0,0.2867,12.07
p41_u66,p41,ce10.0,0.6747,4.64
p41_u66,p41,demucs,0.3628,-5.11
p41_u66,p41,tstnn,0.4376,-4.74
p41_u67,p41,ce0.0,0.3042,11.15
p41_u67,p41,ce10.0,0.7078,5.13
p41_u67,p41,demucs,0.4257,-5.31
p41_u67,p41,tstnn,0.4827,-4.68
p41_u68,p41,ce0.0,0.3565,10.81
p41_u68,p41,ce10.0,0.7285,4.72
p41_u68,p41,demucs,0.4611,-5.67
p41_u68,p41,tstnn,0.4781,-4.99
p41_u69,p41,ce0.0,0.3517,10.42
p41_u69,p41,ce10.0,0.7311,5.09
p41_u69,p41,demucs,0.4443,-5.46
p41_u69,p41,tstnn,0.4995,-4.91
p41_u70,p41,ce0.0,0.3011,11.73
p41_u70,p41,ce10.0,0.7191,4.21
p41_u70,p41,demucs,0.4201,-5.58
p41_u70,p41,tstnn,0.4793,-4.72
p41_u71,p41,ce0.0,0.2878,11.39
p41_u71,p41,ce10.0,0.725,4.21
p41_u71,p41,demucs,0.3562,-5.25
p41_u71,p41,tstnn,0.4694,-4.67
p41_u72,p41,ce0.0,0.2702,12.2
p41_u72,p41,ce10.0,0.7367,4.15
p41_u72,p41,demucs,0.3831,-5.14
p41_u72,p41,tstnn,0.4502,-4.58
p41_u73,p41,ce0.0,0.3063,11.56
p41_u73,p41,ce10.0,0.7007,4.88
p41_u73,p41,demucs,0.4005,-5.2
p41_u73,p41,tstnn,0.4435,-4.72
p41_u74,p41,ce0.0,0.332,11.12
p41_u74,p41,ce10.0,0.6924,4.14
p41_u74,p41,demucs,0.3756,-5.88
p41_u74,p41,tstnn,0.4737,-5.26
p41_u75,p41,ce0.0,0.3169,12.22
p41_u75,p41,ce10.0,0.7474,5.04
p41_u75,p41,demucs,0.3447,-5.37
p41_u75,p41,tstnn,0.4835,-4.65
p41_u76,p41,ce0.0,0.3267,11.45
p41_u76,p41,ce10.0,0.7351,3.97
p41_u76,p41,demucs,0.4956,-5.38
p41_u76,p41,tstnn,0.5298,-4.64
p41_u77,p41,ce0.0,0.3352,10.35
p41_u77,p41,ce10.0,0.7538,4.43
p41_u77,p41,demucs,0.4025,-5.85
p41_u77,p41,tstnn,0.4643,-5.17
p41_u78,p41,ce0.0,0.3025,12.19
p41_u78,p41,ce10.0,0.7329,4.96
p41_u78,p41,demucs,0.3999,-5.82
p41_u78,p41,tstnn,0.4454,-4.98
p41_u79,p41,ce0.0,0.3216,12.35
p41_u79,p41,ce10.0,0.7216,4.42
p41_u79,p41,demucs,0.4107,-5.86
p41_u79,p41,tstnn,0.455,-4.81
p41_u80,p41,ce0.0,0.345,11.06
p41_u80,p41,ce10.0,0.7697,4.55
p41_u80,p41,demucs,0.4073,-5.25
p41_u80,p41,tstnn,0.4921,-4.6
p41_u81,p41,ce0.0,0.2972,11.79
p41_u81,p41,ce10.0,0.6858,4.77
p41_u81,p41,demucs,0.4304,-5.82
p41_u81,p41,tstnn,0.443,-5.18
p41_u82,p41,ce0.0,0.3318,10.62
p41_u82,p41,ce10.0,0.7243,4.08
p41_u82,p41,demucs,0.4244,-5.22
p41_u82,p41,tstnn,0.4875,-4.44
p41_u83,p41,ce0.0,0.3407,11.38
p41_u83,p41,ce10.0,0.7297,5.0
p41_u83,p41,demucs,0.3737,-5.46
p41_u83,p41,tstnn,0.4642,-4.71
p41_u84,p41,ce0.0,0.3279,11.75
p41_u84,p41,ce10.0,0.7317,4.85
p41_u84,p41,demucs,0.4506,-5.43
p41_u84,p41,tstnn,0.5111,-4.87
p41_u85,p41,ce0.0,0.3057,11.17
p41_u85,p41,ce10.0,0.7234,4.79
p41_u85,p41,demucs,0.385,-5.36
p41_u85,p41,tstnn,0.4614,-4.93
p41_u86,p41,ce0.0,0.321,11.63
p41_u86,p41,ce10.0,0.765,4.94
p41_u86,p41,demucs,0.4245,-5.41
p41_u86,p41,tstnn,0.4854,-4.73
p41_u87,p41,ce0.0,0.3357,12.11
p41_u87,p41,ce10.0,0.7153,4.98
p41_u87,p41,demucs,0.4429,-5.41
p41_u87,p41,tstnn,0.4857,-4.71
p41_u88,p41,ce0.0,0.3514,10.64
p41_u88,p41,ce10.0,0.7429,4.88
p41_u88,p41,demucs,0.4763,-4.89
p41_u88,p41,tstnn,0.4831,-4.53
p41_u89,p41,ce0.0,0.3589,11.32
p41_u89,p41,ce10.0,0.7504,4.43
p41_u89,p41,demucs,0.463,-5.44
p41_u89,p41,tstnn,0.484,-4.65
p41_u90,p41,ce0.0,0.3045,12.16
p41_u90,p41,ce10.0,0.6988,5.02
p41_u90,p41,demucs,0.3763,-5.24
p41_u90,p41,tstnn,0.4759,-4.85
p41_u91,p41,ce0.0,0.2979,12.07
p41_u91,p41,ce10.0,0.6938,4.57
p41_u91,p41,demucs,0.3913,-5.45
p41_u91,p41,tstnn,0.4585,-4.99
p41_u92,p41,ce0.0,0.3095,11.76
p41_u92,p41,ce10.0,0.6715,4.77
p41_u92,p41,demucs,0.3759,-5.42
p41_u92,p41,tstnn,0.4413,-5.03
p41_u93,p41,ce0.0,0.3286,12.3
p41_u93,p41,ce10.0,0.7002,4.56
p41_u93,p41,demucs,0.3938,-5.48
p41_u93,p41,tstnn,0.4379,-5.16
p41_u94,p41,ce0.0,0.387,10.65
p41_u94,p41,ce10.0,0.7278,5.19
p41_u94,p41,demucs,0.4441,-5.51
p41_u94,p41,tstnn,0.4919,-4.88
p41_u95,p41,ce0.0,0.3104,11.53
p41_u95,p41,ce10.0,0.7267,5.13
p41_u95,p41,demucs,0.4173,-5.36
p41_u95,p41,tstnn,0.49,-4.43
p41_u96,p41,ce0.0,0.3119,11.46
p41_u96,p41,ce10.0,0.7295,4.16
p41_u96,p41,demucs,0.442,-5.81
p41_u96,p41,tstnn,0.4304,-5.24
p41_u97,p41,ce0.0,0.296,12.51
p41_u97,p41,ce10.0,0.6949,4.44
p41_u97,p41,demucs,0.3824,-4.93
p41_u97,p41,tstnn,0.4153,-4.38
p41_u98,p41,ce0.0,0.3001,12.3
p41_u98,p41,ce10.0,0.7088,5.03
p41_u98,p41,demucs,0.3846,-5.17
p41_u98,p41,tstnn,0.4865,-4.61
p41_u99,p41,ce0.0,0.2707,11.53
p41_u99,p41,ce10.0,0.7126,4.18
p41_u99,p41,demucs,0.4199,-5.71
p41_u99,p41,tstnn,0.472,-4.98
p56_u00,p56,ce0.0,0.2754,11.03
p56_u00,p56,ce10.0,0.6919,3.53
p56_u00,p56,demucs,0.3533,-4.08
p56_u00,p56,tstnn,0.4668,-4.24
p56_u01,p56,ce0.0,0.2841,9.68
p56_u01,p56,ce10.0,0.6783,3.17
p56_u01,p56,demucs,0.3924,-3.96
p56_u01,p56,tstnn,0.474,-3.91
p56_u02,p56,ce0.0,0.2959,11.17
p56_u02,p56,ce10.0,0.6782,3.3
p56_u02,p56,demucs,0.3647,-3.61
p56_u02,p56,tstnn,0.5339,-3.34
p56_u03,p56,ce0.0,0.2957,11.03
p56_u03,p56,ce10.0,0.6691,4.38
p56_u03,p56,demucs,0.407,-5.28
p56_u03,p56,tstnn,0.5308,-4.25
p56_u04,p56,ce0.0,0.2713,12.0
p56_u04,p56,ce10.0,0.6921,4.16
p56_u04,p56,demucs,0.3964,-4.32
p56_u04,p56,tstnn,0.5365,-3.94
p56_u05,p56,ce0.0,0.3381,11.27
p56_u05,p56,ce10.0,0.7658,4.21
p56_u05,p56,demucs,0.3953,-4.65
p56_u05,p56,tstnn,0.5751,-4.08
p56_u06,p56,ce0.0,0.3542,9.97
p56_u06,p56,ce10.0,0.7475,3.75
p56_u06,p56,demucs,0.4746,-4.55
p56_u06,p56,tstnn,0.5895,-3.8
p56_u07,p56,ce0.0,0.2933,10.35
p56_u07,p56,ce10.0,0.7163,3.05
p56_u07,p56,demucs,0.4196,-4.38
p56_u07,p56,tstnn,0.4875,-3.64
p56_u08,p56,ce0.0,0.2999,9.88
p56_u08,p56,ce10.0,0.7346,3.61
p56_u08,p56,demucs,0.461,-4.09
p56_u08,p56,tstnn,0.5286,-3.81
p56_u09,p56,ce0.0,0.3288,9.65
p56_u09,p56,ce10.0,0.7051,3.33
p56_u09,p56,demucs,0.424,-3.78
p56_u09,p56,tstnn,0.5547,-3.56
p56_u10,p56,ce0.0,0.3091,10.31
p56_u10,p56,ce10.0,0.7167,3.82
p56_u10,p56,demucs,0.4219,-4.75
p56_u10,p56,tstnn,0.5375,-4.39
p56_u11,p56,ce0.0,0.312,10.43
p56_u11,p56,ce10.0,0.7339,3.39
p56_u11,p56,demucs,0.413,-4.38
p56_u11,p56,tstnn,0.5595,-3.83
p56_u12,p56,ce0.0,0.3103,9.53
p56_u12,p56,ce10.0,0.7264,3.56
p56_u12,p56,demucs,0.4514,-3.41
p56_u12,p56,tstnn,0.5241,-2.71
p56_u13,p56,ce0.0,0.2974,10.55
p56_u13,p56,ce10.0,0.7281,3.41
p56_u13,p56,demucs,0.4102,-3.56
p56_u13,p56,tstnn,0.5568,-2.99
p56_u14,p56,ce0.0,0.2908,10.97
p56_u14,p56,ce10.0,0.6885,3.39
p56_u14,p56,demucs,0.4388,-3.71
p56_u14,p56,tstnn,0.5573,-3.71
p56_u15,p56,ce0.0,0.2802,11.97
p56_u15,p56,ce10.0,0.7199,4.52
p56_u15,p56,demucs,0.4296,-3.53
p56_u15,p56,tstnn,0.4852,-3.36
p56_u16,p56,ce0.0,0.2856,10.5
p56_u16,p56,ce10.0,0.6912,3.38
p56_u16,p56,demucs,0.463,-3.3
p56_u16,p56,tstnn,0.5492,-3.46
p56_u17,p56,ce0.0,0.2949,10.89
p56_u17,p56,ce10.0,0.7226,3.74
p56_u17,p56,demucs,0.377,-3.44
p56_u17,p56,tstnn,0.5352,-3.11
p56_u18,p56,ce0.0,0.3025,10.43
p56_u18,p56,ce10.0,0.7176,3.99
p56_u18,p56,demucs,0.4062,-4.24
p56_u18,p56,tstnn,0.541,-3.96
p56_u19,p56,ce0.0,0.2866,10.57
p56_u19,p56,ce10.0,0.7249,3.5
p56_u19,p56,demucs,0.4321,-3.33
p56_u19,p56,tstnn,0.4636,-3.51
p56_u20,p56,ce0.0,0.2956,10.79
p56_u20,p56,ce10.0,0.7186,3.89
p56_u20,p56,demucs,0.3943,-4.6
p56_u20,p56,tstnn,0.4619,-4.22
p56_u21,p56,ce0.0,0.3067,10.32
p56_u21,p56,ce10.0,0.7894,3.13
p56_u21,p56,demucs,0.4253,-4.28
p56_u21,p56,tstnn,0.5142,-4.04
p56_u22,p56,ce0.0,0.3087,9.83
p56_u22,p56,ce10.0,0.7201,4.06
p56_u22,p56,demucs,0.4071,-3.69
p56_u22,p56,tstnn,0.4982,-3.35
p56_u23,p56,ce0.0,0.2825,9.84
p56_u23,p56,ce10.0,0.742,3.07
p56_u23,p56,demucs,0.3548,-3.77
p56_u23,p56,tstnn,0.4656,-3.56
p56_u24,p56,ce0.0,0.3285,10.25
p56_u24,p56,ce10.0,0.7112,3.33
p56_u24,p56,demucs,0.4179,-3.88
p56_u24,p56,tstnn,0.5289,-4.11
p56_u25,p56,ce0.0,0.3027,9.52
p56_u25,p56,ce10.0,0.7217,2.92
p56_u25,p56,demucs,0.4308,-3.85
p56_u25,p56,tstnn,0.4854,-3.89
p56_u26,p56,ce0.0,0.3045,9.38
p56_u26,p56,ce10.0,0.7071,3.05
p56_u26,p56,demucs,0.4349,-3.05
p56_u26,p56,tstnn,0.5111,-3.41
p56_u27,p56,ce0.0,0.2885,10.66
p56_u27,p56,ce10.0,0.6998,3.52
p56_u27,p56,demucs,0.3903,-3.62
p56_u27,p56,tstnn,0.5053,-3.59
p56_u28,p56,ce0.0,0.3041,10.05
p56_u28,p56,ce10.0,0.7069,3.08
p56_u28,p56,demucs,0.4111,-3.78
p56_u28,p56,tstnn,0.51,-3.54
p56_u29,p56,ce0.0,0.2781,11.55
p56_u29,p56,ce10.0,0.7075,4.31
p56_u29,p56,demucs,0.3694,-4.2
p56_u29,p56,tstnn,0.4805,-3.84
p56_u30,p56,ce0.0,0.3002,10.89
p56_u30,p56,ce10.0,0.7118,3.5
p56_u30,p56,demucs,0.3718,-3.91
p56_u30,p56,tstnn,0.432,-3.83
p56_u31,p56,ce0.0,0.279,10.32
p56_u31,p56,ce10.0,0.6873,3.87
p56_u31,p56,demucs,0.4055,-3.27
p56_u31,p56,tstnn,0.4954,-3.39
p56_u32,p56,ce0.0,0.2888,10.11
p56_u32,p56,ce10.0,0.7106,3.59
p56_u32,p56,demucs,0.4133,-3.02
p56_u32,p56,tstnn,0.4899,-2.97
p56_u33,p56,ce0.0,0.2812,10.64
p56_u33,p56,ce10.0,0.7185,3.9
p56_u33,p56,demucs,0.439,-3.71
p56_u33,p56,tstnn,0.5194,-3.19
p56_u34,p56,ce0.0,0.2883,10.85
p56_u34,p56,ce10.0,0.6897,3.44
p56_u34,p56,demucs,0.4316,-3.57
p56_u34,p56,tstnn,0.4986,-3.45
p56_u35,p56,ce0.0,0.2809,10.35
p56_u35,p56,ce10.0,0.6917,3.57
p56_u35,p56,demucs,0.3966,-3.79
p56_u35,p56,tstnn,0.5183,-3.33
p56_u36,p56,ce0.0,0.3106,9.11
p56_u36,p56,ce10.0,0.7094,3.22
p56_u36,p56,demucs,0.4706,-2.39
p56_u36,p56,tstnn,0.5383,-2.99
p56_u37,p56,ce0.0,0.2906,9.29
p56_u37,p56,ce10.0,0.7014,3.63
p56_u37,p56,demucs,0.4067,-3.78
p56_u37,p56,tstnn,0.4919,-3.45
p56_u38,p56,ce0.0,0.3558,9.51
p56_u38,p56,ce10.0,0.7203,3.61
p56_u38,p56,demucs,0.4043,-2.77
p56_u38,p56,tstnn,0.4906,-2.75
p56_u39,p56,ce0.0,0.3048,9.67
p56_u39,p56,ce10.0,0.7126,3.62
p56_u39,p56,demucs,0.4471,-3.52
p56_u39,p56,tstnn,0.4947,-3.18
p56_u40,p56,ce0.0,0.2755,10.49
p56_u40,p56,ce10.0,0.7159,3.94
p56_u40,p56,demucs,0.4353,-2.65
p56_u40,p56,tstnn,0.5099,-2.77
p56_u41,p56,ce0.0,0.3194,10.15
p56_u41,p56,ce10.0,0.7744,3.5
p56_u41,p56,demucs,0.4188,-2.47
p56_u41,p56,tstnn,0.5025,-2.89
p56_u42,p56,ce0.0,0.3313,10.9
p56_u42,p56,ce10.0,0.8086,3.92
p56_u42,p56,demucs,0.4659,-3.4
p56_u42,p56,tstnn,0.5014,-3.21
p56_u43,p56,ce0.0,0.2736,11.9
p56_u43,p56,ce10.0,0.7202,4.59
p56_u43,p56,demucs,0.409,-3.43
p56_u43,p56,tstnn,0.4715,-3.34
p56_u44,p56,ce0.0,0.2776,10.61
p56_u44,p56,ce10.0,0.7177,3.48
p56_u44,p56,demucs,0.4167,-4.27
p56_u44,p56,tstnn,0.4781,-3.81
p56_u45,p56,ce0.0,0.3432,9.82
p56_u45,p56,ce10.0,0.7659,3.44
p56_u45,p56,demucs,0.4107,-3.57
p56_u45,p56,tstnn,0.5059,-3.22
p56_u46,p56,ce0.0,0.315,9.1
p56_u46,p56,ce10.0,0.7468,3.16
p56_u46,p56,demucs,0.4483,-3.38
p56_u46,p56,tstnn,0.5105,-2.95
p56_u47,p56,ce0.0,0.3538,9.08
p56_u47,p56,ce10.0,0.728,3.67
p56_u47,p56,demucs,0.4397,-3.51
p56_u47,p56,tstnn,0.5134,-3.34
p56_u48,p56,ce0.0,0.2812,11.06
p56_u48,p56,ce10.0,0.7253,3.24
p56_u48,p56,demucs,0.4125,-3.61
p56_u48,p56,tstnn,0.5222,-2.9
p56_u49,p56,ce0.0,0.276,9.8
p56_u49,p56,ce10.0,0.7506,3.56
p56_u49,p56,demucs,0.446,-3.29
p56_u49,p56,tstnn,0.5569,-2.95
p56_u50,p56,ce0.0,0.284,11.18
p56_u50,p56,ce10.0,0.7134,3.98
p56_u50,p56,demucs,0.4528,-3.35
p56_u50,p56,tstnn,0.5391,-3.21
p56_u51,p56,ce0.0,0.2935,9.99
p56_u51,p56,ce10.0,0.7247,3.08
p56_u51,p56,demucs,0.4222,-4.07
p56_u51,p56,tstnn,0.4916,-3.91
p56_u52,p56,ce0.0,0.2969,11.23
p56_u52,p56,ce10.0,0.721,3.59
p56_u52,p56,demucs,0.3889,-4.38
p56_u52,p56,tstnn,0.473,-4.21
p56_u53,p56,ce0.0,0.3027,11.05
p56_u53,p56,ce10.0,0.7754,3.9
p56_u53,p56,demucs,0.4332,-3.61
p56_u53,p56,tstnn,0.5493,-3.29
p56_u54,p56,ce0.0,0.3393,9.51
p56_u54,p56,ce10.0,0.7949,3.49
p56_u54,p56,demucs,0.438,-4.56
p56_u54,p56,tstnn,0.5229,-3.47
p56_u55,p56,ce0.0,0.3235,9.72
p56_u55,p56,ce10.0,0.7327,2.77
p56_u55,p56,demucs,0.4231,-4.0
p56_u55,p56,tstnn,0.5408,-3.05
p56_u56,p56,ce0.0,0.406,10.09
p56_u56,p56,ce10.0,0.8569,3.49
p56_u56,p56,demucs,0.484,-3.83
p56_u56,p56,tstnn,0.6439,-2.77
p56_u57,p56,ce0.0,0.2882,10.29
p56_u57,p56,ce10.0,0.7323,3.93
p56_u57,p56,demucs,0.4788,-3.67
p56_u57,p56,tstnn,0.5583,-3.02
p56_u58,p56,ce0.0,0.3566,9.41
p56_u58,p56,ce10.0,0.7468,3.61
p56_u58,p56,demucs,0.4129,-4.35
p56_u58,p56,tstnn,0.5201,-3.68
p56_u59,p56,ce0.0,0.2915,11.35
p56_u59,p56,ce10.0,0.7381,3.78
p56_u59,p56,demucs,0.4443,-4.01
p56_u59,p56,tstnn,0.53,-3.71
p56_u60,p56,ce0.0,0.2897,10.69
p56_u60,p56,ce10.0,0.7252,3.68
p56_u60,p56,demucs,0.4044,-3.71
p56_u60,p56,tstnn,0.4867,-3.66
p56_u61,p56,ce0.0,0.2852,11.3
p56_u61,p56,ce10.0,0.7593,4.04
p56_u61,p56,demucs,0.4002,-3.43
p56_u61,p56,tstnn,0.4676,-3.36
p56_u62,p56,ce0.0,0.2908,10.24
p56_u62,p56,ce10.0,0.7227,3.96
p56_u62,p56,demucs,0.3844,-3.14
p56_u62,p56,tstnn,0.4692,-3.14
p56_u63,p56,ce0.0,0.2822,11.12
p56_u63,p56,ce10.0,0.7302,3.22
p56_u63,p56,demucs,0.4169,-2.02
p56_u63,p56,tstnn,0.474,-2.16
p56_u64,p56,ce0.0,0.2931,11.66
p56_u64,p56,ce10.0,0.7303,3.95
p56_u64,p56,demucs,0.4154,-2.77
p56_u64,p56,tstnn,0.4437,-2.93
p56_u65,p56,ce0.0,0.2654,11.52
p56_u65,p56,ce10.0,0.7355,3.53
p56_u65,p56,demucs,0.4148,-2.96
p56_u65,p56,tstnn,0.4686,-2.73
p56_u66,p56,ce0.0,0.2928,9.87
p56_u66,p56,ce10.0,0.7395,3.35
p56_u66,p56,demucs,0.4681,-2.93
p56_u66,p56,tstnn,0.5005,-3.01
p56_u67,p56,ce0.0,0.3071,10.9
p56_u67,p56,ce10.0,0.773,4.31
p56_u67,p56,demucs,0.4187,-4.09
p56_u67,p56,tstnn,0.4498,-3.95
p56_u68,p56,ce0.0,0.3468,10.39
p56_u68,p56,ce10.0,0.733,4.39
p56_u68,p56,demucs,0.4286,-3.33
p56_u68,p56,tstnn,0.4848,-3.38
p56_u69,p56,ce0.0,0.2746,11.67
p56_u69,p56,ce10.0,0.7259,3.57
p56_u69,p56,demucs,0.3979,-3.78
p56_u69,p56,tstnn,0.4723,-3.74
p56_u70,p56,ce0.0,0.3474,10.12
p56_u70,p56,ce10.0,0.6423,4.09
p56_u70,p56,demucs,0.4901,-3.72
p56_u70,p56,tstnn,0.5149,-3.36
p56_u71,p56,ce0.0,0.276,11.99
p56_u71,p56,ce10.0,0.699,3.8
p56_u71,p56,demucs,0.4134,-3.45
p56_u71,p56,tstnn,0.4773,-3.5
p56_u72,p56,ce0.0,0.2791,10.94
p56_u72,p56,ce10.0,0.7366,4.11
p56_u72,p56,demucs,0.4066,-3.68
p56_u72,p56,tstnn,0.4366,-3.65
p56_u73,p56,ce0.0,0.2989,12.57
p56_u73,p56,ce10.0,0.7666,3.85
p56_u73,p56,demucs,0.3948,-3.59
p56_u73,p56,tstnn,0.449,-3.22
p56_u74,p56,ce0.0,0.3264,10.55
p56_u74,p56,ce10.0,0.8058,3.65
p56_u74,p56,demucs,0.4195,-3.56
p56_u74,p56,tstnn,0.4969,-3.6
p56_u75,p56,ce0.0,0.3372,10.04
p56_u75,p56,ce10.0,0.7724,4.24
p56_u75,p56,demucs,0.4413,-2.98
p56_u75,p56,tstnn,0.5005,-2.96
p56_u76,p56,ce0.0,0.2926,10.22
p56_u76,p56,ce10.0,0.7283,3.68
p56_u76,p56,demucs,0.4315,-2.65
p56_u76,p56,tstnn,0.5082,-2.6
p56_u77,p56,ce0.0,0.3079,10.05
p56_u77,p56,ce10.0,0.7562,3.55
p56_u77,p56,demucs,0.4258,-2.82
p56_u77,p56,tstnn,0.4594,-3.06
p56_u78,p56,ce0.0,0.2994,11.29
p56_u78,p56,ce10.0,0.7818,3.88
p56_u78,p56,demucs,0.4269,-3.34
p56_u78,p56,tstnn,0.4673,-3.13
p56_u79,p56,ce0.0,0.2951,10.74
p56_u79,p56,ce10.0,0.7279,3.6
p56_u79,p56,demucs,0.4988,-3.22
p56_u79,p56,tstnn,0.5379,-3.15
p56_u80,p56,ce0.0,0.2787,11.71
p56_u80,p56,ce10.0,0.7512,3.97
p56_u80,p56,demucs,0.4023,-2.98
p56_u80,p56,tstnn,0.4849,-2.6
p56_u81,p56,ce0.0,0.3025,12.01
p56_u81,p56,ce10.0,0.7153,4.08
p56_u81,p56,demucs,0.4292,-3.37
p56_u81,p56,tstnn,0.4877,-3.02
p56_u82,p56,ce0.0,0.3101,10.56
p56_u82,p56,ce10.0,0.7343,3.92
p56_u82,p56,demucs,0.4195,-3.78
p56_u82,p56,tstnn,0.4859,-3.44
p56_u83,p56,ce0.0,0.3285,10.22
p56_u83,p56,ce10.0,0.7373,4.36
p56_u83,p56,demucs,0.4333,-3.84
p56_u83,p56,tstnn,0.4565,-3.56
p56_u84,p56,ce0.0,0.3135,11.05
p56_u84,p56,ce10.0,0.7824,2.98
p56_u84,p56,demucs,0.4123,-2.29
p56_u84,p56,tstnn,0.4842,-2.22
p56_u85,p56,ce0.0,0.282,11.52
p56_u85,p56,ce10.0,0.7274,3.42
p56_u85,p56,demucs,0.4181,-3.54
p56_u85,p56,tstnn,0.456,-3.28
p56_u86,p56,ce0.0,0.2679,10.96
p56_u86,p56,ce10.0,0.7107,3.77
p56_u86,p56,demucs,0.3982,-3.56
p56_u86,p56,tstnn,0.4696,-3.41
p56_u87,p56,ce0.0,0.313,10.78
p56_u87,p56,ce10.0,0.7857,3.58
p56_u87,p56,demucs,0.3981,-3.49
p56_u87,p56,tstnn,0.4992,-3.34
p56_u88,p56,ce0.0,0.2727,11.57
p56_u88,p56,ce10.0,0.7125,3.68
p56_u88,p56,demucs,0.406,-2.61
p56_u88,p56,tstnn,0.464,-2.7
p56_u89,p56,ce0.0,0.2752,11.7
p56_u89,p56,ce10.0,0.7394,3.45
p56_u89,p56,demucs,0.4104,-2.94
p56_u89,p56,tstnn,0.4681,-2.78
p56_u90,p56,ce0.0,0.2835,11.0
p56_u90,p56,ce10.0,0.7249,3.53
p56_u90,p56,demucs,0.4551,-3.36
p56_u90,p56,tstnn,0.4903,-3.26
p56_u91,p56,ce0.0,0.307,11.29
p56_u91,p56,ce10.0,0.76,3.96
p56_u91,p56,demucs,0.4294,-3.26
p56_u91,p56,tstnn,0.5249,-2.99
p56_u92,p56,ce0.0,0.2803,12.53
p56_u92,p56,ce10.0,0.7602,3.7
p56_u92,p56,demucs,0.3838,-3.16
p56_u92,p56,tstnn,0.4492,-2.91
p56_u93,p56,ce0.0,0.2972,10.78
p56_u93,p56,ce10.0,0.771,4.14
p56_u93,p56,demucs,0.4373,-3.65
p56_u93,p56,tstnn,0.5209,-3.73
p56_u94,p56,ce0.0,0.316,11.57
p56_u94,p56,ce10.0,0.7727,3.87
p56_u94,p56,demucs,0.4347,-2.6
p56_u94,p56,tstnn,0.5101,-3.03
p56_u95,p56,ce0.0,0.28,11.32
p56_u95,p56,ce10.0,0.7456,3.85
p56_u95,p56,demucs,0.413,-2.89
p56_u95,p56,tstnn,0.4537,-3.05
p56_u96,p56,ce0.0,0.273,11.37
p56_u96,p56,ce10.0,0.7259,3.23
p56_u96,p56,demucs,0.4508,-2.75
p56_u96,p56,tstnn,0.466,-2.85
p56_u97,p56,ce0.0,0.2763,11.43
p56_u97,p56,ce10.0,0.7215,3.84
p56_u97,p56,demucs,0.4366,-3.35
p56_u97,p56,tstnn,0.4582,-3.42
p56_u98,p56,ce0.0,0.2889,12.49
p56_u98,p56,ce10.0,0.7369,4.67
p56_u98,p56,demucs,0.3771,-4.3
p56_u98,p56,tstnn,0.4468,-3.89
p56_u99,p56,ce0.0,0.2936,10.88
p56_u99,p56,ce10.0,0.7418,3.27
p56_u99,p56,demucs,0.5047,-2.1
p56_u99,p56,tstnn,0.4744,-2.47
