utt,spk,cond,hyp
p00_u00,p00,taps,부산지는 키릴로 오우 시민들이 안전하게 대중교통을 이용하기 위해 대중교통 흔적도 안전관리 대책 회의를 열고 정택 경험에 나섰다.
p00_u00,p00,ce0.0,부산지는 7일 5우시민들이 안전하게 대중교통을 이용하기 위해 대중교통 흔적도 안전관리 대책 회의를 열고 정책 경험에 나섰다.
p00_u00,p00,ce0.1,부산시는 7일 오후 시민들이 안전하게 대중교통을 이용하기 위해 대중교통 흔잡도 안전관리 대책 회의를 열고 경색 경험에 나섰다.
p00_u00,p00,ce0.5,부산시는 7일 5시 민들이 앉아나게 대중교통을 이용하기 위해 대중교통 혼잣도 안전관리 대책 회의를 열고 경택 경곽에 나섰다.
p00_u00,p00,ce1.0,부산지는 7일 5시 민들이 안전하게 대중교통을 이용하기 위해 대중교통 분접도 안전관리 대책 회의를 열고 정책 경험에 나섰다.
p00_u00,p00,ce2.0,부산시는 7일 5시 민들이 안전하게 대중교통을 이용하기 위해 대중교통 혼잡도 안전관리 대책 회의를 열고 경택 경검에 나섰다.
p00_u00,p00,ce5.0,부산시는 7일 5시민들이 안전하게 대중교통을 유용하기 위해 대중교통 혼잡도 안전관리 개책 회의를 열고 경격 경험에 나섰다.
p00_u00,p00,ce10.0,부산시는 7일 5시 민들이 안전하게 대중교통을 이용하기 위해 대중교통 혼자 또 안전관리 대책 회의를 열고 정책 경험에 나섰다.
p00_u01,p00,taps,"이 날순위는 시 부산 교통공사, 시킨의 마을버스 운송 사업 조합 등이 참석해 안전사고 추진 상황 전공과 안전관리 강화 방안을 함께 모색했다."
p00_u01,p00,ce0.0,"인낯 행위는 시 부산 교통공사, 시내 마을버스 운송 사업 조합 등이 참석해 안전사고 추진 상황 전공과 안전관리 강화 방안을 함께 모색했다."
p00_u01,p00,ce0.1,"인낯회인인은 실 부산 교통공사, 시내 마을버스 운송 사업 조합 등이 참석해 안전 확고 추진 상황 경공과 안전관리 강화 방안을 함께 모색했다."
p00_u01,p00,ce0.5,"인낯회인은 시 부산 교통공사, 신의 마을버스 운송 사업 조합 등이 삼석해 안전사고 추진 상황 변근과 안전 관리 광합 방안을 함께 모색했다."
p00_u01,p00,ce1.0,"인낯회인은 시 부산 교통공사, 시내 마을버스 운송 사업 조합 등이 감석에 안전 확보 추진성항 정공과 안전 관리 강화 방안을 함께 못했겠다."
p00_u01,p00,ce2.0,"이 날생이는 시 부산 교통공사, 신의 마을버스 운송 사업 조합 등이 삼속에 안전사고 추진 상황 전공과 안전관리 강아방안을 함께 모색했다."
p00_u01,p00,ce5.0,"인낯회인은 실 부산 교통공사, 시내 마을벗은송 상업 조합 등이 삼속에 안전 확고 추진 상황 성공과 안전관리 강화 방안을 함께 모색했다."
p00_u01,p00,ce10.0,"인낯회인인은 시 부산 교통공사, 시내 마을버스 음송 사업 조합 등이 삼성케 안전사고 추진 상황 현금과 안전 관리 강화 방안을 함께 모색했다."
p00_u02,p00,taps,도시철도는 정원 120명인 황칸 차량에 180명이 탐승했을 경우 혼자판 상태로 승무원에 관리가 필요하다.
p00_u02,p00,ce0.0,도시철도는 정원 120명인 항칸 차량에 180명이 탐승했을 경우 혼자판 상태로 승무원에 관리가 필요하다.
p00_u02,p00,ce0.1,도시철도는 정원 120명인 황칸 차량에 180명이 탐승했을 경우 혼자판 상태로 승무원의 관리가 필요하다.
p00_u02,p00,ce0.5,도시철도는 정원 120명인 황칸 사랑에 180명의 탐승했을 경우 혼자판 상태로 승무원의 관리가 필요하다.
p00_u02,p00,ce1.0,조희철도는 정원 120명인 상판 차량에 180명이 탐승했을 경우 혼자판 상태로 승무원의 관리가 필요하다.
p00_u02,p00,ce2.0,도희철도는 정원 120명인 상판 차량에 180명이 탐승했을 경우 혼자 판 상태로 승무원의 관리가 필요하다.
p00_u02,p00,ce5.0,도시철도는 경원 120명인 상관 차량에 180명이 탐승했을 경우 혼자판 상태로 승무원의 관리가 필요하다.
p00_u02,p00,ce10.0,도시철도는 경원 120명인 상관 차량에 180명이 탐승했을 경우 혼자판 상태로 승무원에 관리가 필요하다.
p00_u03,p00,taps,부사이시는 출퇴근 시간 최대 순간 혼잡도가 120% 내부 수준으로 수족권과 달리 승차이 크게 어려움을 펴지 않는 수준에서 안전하게 관리되고 있다.
p00_u03,p00,ce0.0,부산시는 출퇴근 시간 퇴제 순간 혼잡도가 120% 내부 수준으로 수족권과 달리 승차이 크게 어려움을 겪지 않는 수준에서 안전하게 관리되고 있다.
p00_u03,p00,ce0.1,부사이시는 출퇴근 시간 최대 순간 혼잡도가 120% 내부 수준으로 수족범과 달리 승차의 크게 어려움을 겪지 않는 수준에서 안전하게 관리되고 있다.
p00_u03,p00,ce0.5,부산시는 7 태근 시간 최대 순간 손잡도가 120% 내부 수준으로 수족권과 달리 승차의 크게 어려움을 겪지 않는 수준에서 안전하게 관리되고 있다.
p00_u03,p00,ce1.0,부산태는 출퇴근 시간 최대 순간 손잡도가 120% 내부 수준으로 수도권과 달리 승차이 크게 어려움을 겪지 않는 수준에서 안전하게 관리되고 있다.
p00_u03,p00,ce2.0,부산시는 출퇴근 시간 최대 순간 혼잣도가 120% 내부 수준으로 수족권과 달리 승차의 크게 어려움을 겪지 않는 수준에서 안전하게 관리되고 있다.
p00_u03,p00,ce5.0,부산시는 출퇴근 시간 최대 순간 혼잡도가 120% 내부 수준으로 수족권과 달리 승차이 크게 어려움을 겪지 않는 수준에서 안전하게 관리되고 있다.
p00_u03,p00,ce10.0,부산시는 출퇴근 시간 최대 순간 손잡도가 120% 내부 수준으로 수도권 간 달리 승차이 크게 어려움을 겪지 않는 수준에서 안전하게 관리되고 있다.
p00_u04,p00,taps,"시는 최근 BTS 공연과 같이 일시적으로 혼잡도 상승이 예상되는 행사는 빈차 추가 트입, 무정차 운행 등으로 혼잡도를 해소하기로 했다."
p00_u04,p00,ce0.0,"시는 최근 BTS 공유과 같이 일시적으로 혼잡도 상승이 예상되는 행사는 빈차 추가 트입, 무정차 운행 등으로 혼잡도를 해소하기로 했다."
p00_u04,p00,ce0.1,"시는 최근 BTS 공연과 같은 일시적으로 혼잡도 상승이 예상되는 행사는 빈차 추가 투입, 무정차 운행 등으로 혼잡도를 해소하기로 했다."
p00_u04,p00,ce0.5,"시는 최근 BTS 공연과 같이 일시적으로 혼잡도 상승이 예상되는 행사는 빈차 추가 트입, 무정차 운행 등으로 혼잡도를 해소하기로 했다."
p00_u04,p00,ce1.0,"실은 최근 BTS 공연과 같이 일시적으로 혼잡도 상승이 예상되는 행사는 빈차 추가 투입, 무정차 운행 등으로 혼잡도를 해소하기로"
p00_u04,p00,ce2.0,"실은 최근 BTS 공연과 같이 일시적으로 혼잡도 상승이 예상되는 행사는 빈차 추가 투입, 무정차 운행 등으로 혼잡도를 해소하기로 했다."
p00_u04,p00,ce5.0,"시는 최근 BTS 공연과 같은 일시적으로 혼잡도 상승이 예상되는 행사는 빈차 추가 투입, 무정차 운행 등으로 혼잡도를 해소하기로 했다."
p00_u04,p00,ce10.0,"시는 최근 BTS 공연과 같이 일시적으로 혼잣도 상승이 예상되는 행사는 빈차 추가 투입, 무정차 운행 등으로 혼잣도를 해소하기로 했다."
p00_u05,p00,taps,"또 현재 운영되고 있는 부상 교통공사, 운행 관재 현장 조치 메뉴얼 등 발렷 메뉴를 접는 재검점에 안정 관리를 기속적으로 해나갈 방킵니다."
p00_u05,p00,ce0.0,"또 현재 운영되고 있는 부상교통공사, 운행 관재 현장 조치 메뉴얼 등 관련 메뉴얼을 접는 재검점에 안정 관리를 기속적으로 해나갈 방침입니다."
p00_u05,p00,ce0.1,"또 현재 운영되고 있는 부상 교통공사, 운행 관재 현장 조치 메뉴얼 등 관련 메뉴얼을 접는 재검점에 안정 관리를 기속적으로 해나갈 방심이다."
p00_u05,p00,ce0.5,"또 현재 운영되고 있는 부산 교통공사, 운행 관재 현장 조치 메뉴얼 등 관련 메뉴를 전면 재검점에 안정 관리를 기속적으로 해나갈 방침입니다."
p00_u05,p00,ce1.0,또 현재 운영되고 있는 부산 교통공사 운행 관재 현장 조치 메뉴얼 등 관련 메뉴얼을 접는 재검점에 안정 관리를 기속적으로 해나갈 방치입니다.
p00_u05,p00,ce2.0,"또 현재 운영되고 있는 부산 교통공사, 운행 관재 현장 조치 메뉴얼 등 관련 메뉴얼을 접는 재검점에 반정 관리를 기속적으로 해나갈 방침이다."
p00_u05,p00,ce5.0,또 현재 운영되고 있는 부산 교통공사 운행 관재의 현장 조치 메뉴얼 등 관련 메뉴얼을 겪는 재검점에 안정 관리를 기속적으로 해나갈 방침이다.
p00_u05,p00,ce10.0,"또 현재 운영되고 있는 부산 교통공사, 운행 관재의 현장 조치 메뉴얼 등 달려 메뉴얼을 전면 재검점에 안정 관리를 기속적으로 해나갈 방치입니다."
p00_u06,p00,taps,신의 말 버스는 출퇴근 시간 때 일부 노선을 제외하고는 대부분의 노선이 흔적도가 낮아 현재는 승화차의 어려움 없이 안전하게 관리되고 있다
p00_u06,p00,ce0.0,신의 말 버스는 출퇴근 시간 때 일부 노선을 제외하고는 대부분의 노선이 흔적도가 낮아 현재는 승화차의 어려움 없이 안전하게 관리되고 있다.
p00_u06,p00,ce0.1,신의 말 버스는 슬테그 시간 때 일부 노선을 제외하고는 대부분의 노선이 혼잣도가 낮아 현재는 승화차의 어려움 없이 안전하게 관리되고 있다.
p00_u06,p00,ce0.5,흰의 말 버스는 출퇴근 시간 때 일부 노선을 제외하고는 대부분의 노선이 혼잡도가 낮아 현재는 승화차의 어려움 없이 안전하게 관리되고 있다.
p00_u06,p00,ce1.0,신의 말 버스는 출퇴근 시간 때 일부 노선을 제외하고는 대부분의 노선이 흔적도가 낮아 현재는 승화차의 어려움 없이 안전하게 관리되고 있다.
p00_u06,p00,ce2.0,신의 말 버스는 출퇴근 시간 때 일부 노선을 제외하고는 대부분의 노선이 혼잡도가 낮아 현재는 승하차의 어려움 없이 안전하게 관리되고 있다.
p00_u06,p00,ce5.0,신의 마을 버스는 출퇴근 시간 때 일부 노선을 제외하고는 대부분의 노선이 혼잡도가 낮아 현재는 승화차의 어려움 없이 안전하게 관리되고 있다
p00_u06,p00,ce10.0,신의 말 버스는 출퇴근 시간대 일부 노선을 제외하고는 대부분의 노선이 흔적도가 낮아. 현재는 승화차의 어려움 없이 안전하게 관리되고 있다.
p00_u07,p00,taps,앞으로 시는 2021년 하반기 중 사차 태그 의무재를 도입해 버스네 재차 인원 정보를 파악해 탑승 인원을 실시간 수집할 계획이다
p00_u07,p00,ce0.0,앞으로 시는 2021년 하방기 중 사차테그 의무제 를 도입해 버스네 재차 인원 정보를 파악해 탑승 인원을 실시간 수집할 계획이다
p00_u07,p00,ce0.1,앞으로 신의 2018년 하반기 중 사차 태그 의무제 를 도입해 버스네 재차 인원 정보를 파악해 탑승 인원을 실시간 슬리팔 계획이다
p00_u07,p00,ce0.5,앞으로 쉬는 2023년 하반기 중 하차 태그 의무죄를 도입해 버스네 재차 인원 정보를 파악해 탑승 인원을 실시간 수집할 계획이다.
p00_u07,p00,ce1.0,앞으로 시는 2023년 하반기 중 하차 태그 의무죄를 도입해 버스네 재차 인원 정보를 파악해 탑승 인원을 실시간 수집할 계획이다.
p00_u07,p00,ce2.0,앞으로 쉬는 2023년 하반기 중 하차태그 의무죄를 도입해 버스 내 재착 인원 정보를 파악해 탑승 인원을 실시간 수집할 계획이다.
p00_u07,p00,ce5.0,앞으로 시는 2023년 하방기 중 하차테그 의무죄를 도입해 버스네 재차 인원 정보를 파악해 탑승 인원을 실시간 수집할 계획이다.
p00_u07,p00,ce10.0,앞으로 시는 2023년 하반기 중 하차 태그 의무죄를 도입해 버스네 재차 인원 정보를 파악해 탑승 인원을 실시간 수집할 계획이다.
p00_u08,p00,taps,"이를 통해 버스의 혼잡도 정보를, 버스 정보 안 내기, 스마트폰 등을 통해 이용시민들에게 제공할 계획이다."
p00_u08,p00,ce0.0,이를 통해 버스의 혼잣도 정보를 버스 정보 안내기후 스마트폰 등을 통해 이용시민질에게 제공할 계획이다.
p00_u08,p00,ce0.1,"이를 통해 버스 내 혼잣도 정보를, 버스 정보 안 내기, 스마트폰 등을 통해 이용시민들에게 제공할 계획이다."
p00_u08,p00,ce0.5,"이를 통해 버스의 혼잡도 정보를, 버스 정보 안 내기, 스마트콘 등을 통해 이용시민들에게 제공할 계획이다."
p00_u08,p00,ce1.0,이를 통해 버스 내 혼잣도 정보를 버스 정보 안 내기 스마트폰 등을 통해 이용심인드내기 제공할 계획이다.
p00_u08,p00,ce2.0,이를 통해 버스 내 혼잣도 정보를 버스 정보를 안 내기 스마트폰 등을 통해 이용시민들에게 제공할 계획이다.
p00_u08,p00,ce5.0,이를 통해 버스 내 혼잡도 정보를 버스 정보 안 내기 스마트폰 등을 통해 이용시민들에게 제공할 계획이다
p00_u08,p00,ce10.0,이를 통해 버스 내 혼잣도 정보를 버스 정보 안 내기 스마트폰 등을 통해 이용시민들에게 제공할 계획이다.
p00_u09,p00,taps,원주시는 19일 오후 호조면 3년 뒤 7분 케우 공원에서 섬강 자장나무숍 둘레길 개통식을 개최했다.
p00_u09,p00,ce0.0,원주시는 19일 55호조면 3열리 7분 케우 공원에서 서문강 자장나무숍 둘레길 개통식을 개최했다.
p00_u09,p00,ce0.1,원주시는 19일 오우 호조면 3년이 7분 태우 공원에서 서문강 자장나무숍 둘레길 개통식을 개최했다.
p00_u09,p00,ce0.5,원주시는 19일 오후 조면 3년이 7분 태우 공원에서 섬강 가장 나무숍 둘렷길 개통식을 개최했다.
p00_u09,p00,ce1.0,원주시는 19일 오후 조면 3년이 7분 케이육 공원에서 섬강 가장 나무숍 둘랫길 개통식을 개최했다.
p00_u09,p00,ce2.0,"원주지는 19일, 5호조면 3년이 7분 케육 공원에서 섬강 가장 나무습 둘레길 개통식을 개최했다."
p00_u09,p00,ce5.0,원주시는 19일 오호조면 3년이 7분쇠 공원에서 선묵강 가장 나무습 둘레길 개통식을 개최했다.
p00_u09,p00,ce10.0,원주진은 19일 오호조면 사녀림이 7분 폐우 공원에서 섬강 가장 나무습 둘렉길 개통식을 개최했다.
p00_u10,p00,taps,이날 개통된 4.5km 규모의 둘렷길은 태크길과 식의 공간을 비롯해 수령 30년 이상의 자장나무가 굴락을 이루고 있는 숙 등을 갖추고 있다.
p00_u10,p00,ce0.0,이날 개통된 4.5km 지모의 둘렷길은 대극 결과 시계 공간을 비롯해 수령 30년 이상의 자장나무가 굴락을 이루고 있는 수증을 갖추고 있다.
p00_u10,p00,ce0.1,이날 개통된 4.5km 규모의 둘렷길은 대켓길과 식의 공간을 비롯해 수령 30년 이상의 자장나무가 굴락을 이루고 있는 수익 등을 갖추고 있다.
p00_u10,p00,ce0.5,이날 개통된 4.5km 규모의 둘렷길은 대극길과 휴게 공간을 비롯해 수령 30년 이상의 자장나무가 굴락을 이루고 있는 숙 등을 갖추고 있다.
p00_u10,p00,ce1.0,이날 개통된 4.5km 규모의 졸랫길은 대극길과 휴게 공간을 비롯해 수령 30년 이상의 자장나무가 굴락을 이루고 있는 숙 등을 갖추고 있다.
p00_u10,p00,ce2.0,이날 개통된 4.5km 규모의 줄넷길은 대극길과 시계 공간을 비롯해 수령 30년 이상의 자장나무가 굴락을 이루고 있는 숲 등을 갖추고 있다.
p00_u10,p00,ce5.0,이날 개통된 4.5km 규모의 둘렷길은 태극길과 시길 공간을 비롯해 수령 30년 이상의 자장나무가 굴락을 이루고 있는 숲 등을 갖추고 있다.
p00_u10,p00,ce10.0,이날 개통된 4.5km 규모의 졸랫길은 태극길과 휴게일 공간을 비롯해 수령 30년 이상의 자장나무가 굴락을 이루고 있는 수 등을 갖추고 있다.
p00_u11,p00,taps,칠봉 체육 경원에서 출발해 성강을 따라 걷는 택급길에는 들판과 강의 어우러진 풍강을 망기칼 수 있다.
p00_u11,p00,ce0.0,칠봉 채우 경원에서 출발해 성강을 따라 걷는 택급길에는 들판과 강이 어우러진 풍강을 망기칼 수 있다.
p00_u11,p00,ce0.1,칠봉 체육 경원에서 출발해 성강을 따라 걷는 팩극길에는 들판과 강이 어우러진 풍강을 망기칼 수 있다.
p00_u11,p00,ce0.5,칠봉 체육 경원에서 출발해 현강을 따라 걷는 택극길에는 글팡과 강의 어우러진 풍강을 망기칼 수 있다.
p00_u11,p00,ce1.0,질봉 체육 교원에서 출발해 성강을 따라 걷는 특급길에는 들판과 강의 어우러진 풍강을 망기파할 수 있다.
p00_u11,p00,ce2.0,7봉 체육경원에서 출발해 성강을 따라 걷는 태극길에는 들판과 강의 어우러진 풍강을 망기칼 수 있다.
p00_u11,p00,ce5.0,출봉 체육용원에서 출발해 성강을 따라 걷는 택급길에는 글팡과 강이 어우러진 풍강을 망규칼 수 있다.
p00_u11,p00,ce10.0,출봉 체육용원에서 출발해 성강을 따라 걷는 태극길에는 들판과 강의 어우러진 풍강을 망기칼 수 있다.
p00_u12,p00,taps,이어 잔남은 스플을 지나면 곧 이어 음빛 차태를 뿐내는 자장나무 굴락이 나타난다.
p00_u12,p00,ce0.0,이어 잔남은 스플을 지나면 고디어 음빛 차태를 뿐내는 자장나무 굴락이 나타난다.
p00_u12,p00,ce0.1,이어 잔남은 스플을 지나면 곧 이어 음빛 차태를 뿐내는 자장나무 굴락이 나타난다.
p00_u12,p00,ce0.5,이어 잔나무스플 지나면 고디어 음빛 하태를 뿐내는 자장나무 굴락이 나타난다.
p00_u12,p00,ce1.0,이어 잔나무스플 지나면 곧 이어 음빛 자태를 뿐내는 자장나묵 굴락이 나타난다.
p00_u12,p00,ce2.0,이어 잔나무 수풀 지나면 고지어 음빛 차태를 뿐내는 자장나무 굴락이 나타난다.
p00_u12,p00,ce5.0,이어 잔나무스플 지나면 곧 이어 음빛 자태를 뿐내는 자장나무쿤락이 나타난다.
p00_u12,p00,ce10.0,이어 잔나무스플 지나면 곧 이어 음빛 차태를 뿐내는 자장나무 굴락이 나타난다.
p00_u13,p00,taps,원주시는 건강극들에게 새로운 볼거리를 대공하기 위해 성강 가장나무수 둘레길에 다양한 주제의 수플 추가 조성하기로 했다.
p00_u13,p00,ce0.0,원주시는 건강극들에게 새로운 볼거리를 제공하기 위해 성강 가장나무습 둘레길에 다양한 주제의 수플 추가 조성하기로 했다.
p00_u13,p00,ce0.1,원주 씨는 건강흑들에게 새로운 불거리를 제공하기 위해 성강 다장나무습 둘렷길에 다양한 주제의 수플 추가 조성하기로 했다.
p00_u13,p00,ce0.5,원주시는 관광객들에게 새로운 불거리를 제공하기 위해 성광 가장나무수 블랙길에 다양한 주제의 수플 추가 조성하기로 했다.
p00_u13,p00,ce1.0,원주 씨는 건강급들에게 새로운 볼거리를 제공하기 위해 성광 가장나무습 둘렛길에 다양한 주제의 수플 추가 조성하기로 했다.
p00_u13,p00,ce2.0,원주시는 관광객들에게 새로운 볼거리를 제공하기 위해 성광 가장나무습 둘레길에 다양한 주제의 수플 추가 조성하기로 했다.
p00_u13,p00,ce5.0,원주시는 관광객들에게 새로운 불거리질 제공하기 위해 성광 가장나무습 둘레길에 다양한 주제의 수풀 추가 조성하기로 했다.
p00_u13,p00,ce10.0,원주시는 관광객들에게 새로운 볼거리를 제공하기 위해 성광 가장나무숍 둘렷길에 다양한 주제의 수플 추가 조성하기로 했다.
p00_u14,p00,taps,"원창무 권주시장은 키학산 둘랫길, 소금산 그랜드 벨리 등과 연기한 관광 프로그램을 운영하는 방안도 검토하고 있다고 말했다."
p00_u14,p00,ce0.0,"원창북 원주시장은 취약산 둘렷길, 소금산 그랜드 벨리 등과 연기한 관광 프로그램을 운영하는 방안도 검토하고 있다고 말했다."
p00_u14,p00,ce0.1,"원창북 원주시장은 키아산 둘랫길, 소금산 그랜드벨리 등과 영지한 관광 프로그램을 운영하는 방안도 검토하고 있다. 고 말했다."
p00_u14,p00,ce0.5,"원창북 원주시장은 치약산 둘렷길, 소금산 그랜드벨리 등과 연기한 관광 프로그램을 운영하는 방안도 검토하고 있다, 그 말했다."
p00_u14,p00,ce1.0,"원창물 원주시장은 키약산 둘랫길, 소금산 그랜드벨리 등과 영향 관광 프로그램을 운영하는 방안도 검토하고 있다고 말했다."
p00_u14,p00,ce2.0,"원창북 원주시장은 취약산 둘랫길, 소금산 그랜드벨리 등과 연기한 관광 프로그램을 운영하는 방안도 검토하고 있다. 고맙다."
p00_u14,p00,ce5.0,"원창북 원주시장은 키약산 둘랫길, 소금산 그랜드벨리 등과 연기한 관광 프로그램을 운영하는 방안도 검토하고 있다. 원창북 원주시장은 키약산 둘랫길, 소금산 그랜드벨리 등과 연기한"
p00_u14,p00,ce10.0,"원창북 원주시장은 취약산 둘렷길, 소금산 그랜드벨리 등과 연기한 관광 프로그램을 운영하는 방안도 검토하고 있다. 또 말했다."
p00_u15,p00,taps,앞서 원주시는 지난해 5월 139.2km에 달하는 지역산 둘렷길 11기 코스 전 구간을 개통했다.
p00_u15,p00,ce0.0,앞서 원조 씨는 지난해 5월 139자 미크로미터에 달하는 지압산 둘레길 11개코스 전 구간을 개통했다.
p00_u15,p00,ce0.1,앞서 원조 씨는 지난해 5월 139.2km에 달하는 치약산 둘렷길 11기 코스 청구간을 개통했다.
p00_u15,p00,ce0.5,앞서 원주시는 지난해 5월 139.2km에 달하는 취약산 둘레길 11개코스 전 구간을 개통했다.
p00_u15,p00,ce1.0,앞서 원주지는 지난해 5월 139.2km에 달하는 지압산 둘렷길 11개포스 정부가를 개통했다.
p00_u15,p00,ce2.0,앞서 원주시는 지난해 5월 139.2km에 달하는 치약산 둘레길 11개 코스 전 구간을 개통했다.
p00_u15,p00,ce5.0,앞서 원주지는 지난해 5월 139.2km에 달하는 취약산 둘레길 11개코스 청구관을 개통했다.
p00_u15,p00,ce10.0,앞서 원주시는 지난해 5월 139자 미크로미터에 달하는 취약산 둘렷길 11기 코스 전 구간을 개통했다.
p00_u16,p00,taps,"이는 등산로, 색길, 인도, 두길, 예길, 마을길 등 기존에 길을 연결하고 새로운 길을 내어 다듬은 도부 여행길이다."
p00_u16,p00,ce0.0,"이는 등산로, 책길, 인도, 두길, 예길, 마악길 등 기존에 길을 연결하고 새로운 지를 내어 다듬은 도부 여행길이다."
p00_u16,p00,ce0.1,"이는 등산로, 핵길, 임도, 두길, 예길, 마을길 등 기존에 길을 연결하고 새로운 길을 내어 다듬은 도부 여행길이다."
p00_u16,p00,ce0.5,"있는 등산로, 핵길, 임도, 두길, 예길, 막길 등 기존의 길을 연결하고 새로운 길을 내어 다듬은 도부 여행길이다."
p00_u16,p00,ce1.0,"이는 등산 후, 핵길, 인도, 두길, 예길, 마을길 등 기존의 길을 연결하고 새로운 길을 내어 다듬은 도부 여행길이다."
p00_u16,p00,ce2.0,"있는 등산로, 색길, 인도, 두길, 예길, 막길 등 기존의 길을 연결하고 새로운 길을 내어 다듬은 도부 여행길이다."
p00_u16,p00,ce5.0,"이는 등산호, 핵길, 인도, 두길, 예길, 마을길 등 기존의 길을 연결하고 새로운 길을 내어 다듬은 도부 여행 길이다."
p00_u16,p00,ce10.0,"있는 등산로, 핵길, 임도, 두길, 예길, 막길 등 기존의 길을 연결하고 새로운 길을 내어 다듬은 도부 여행길이다."
p00_u17,p00,taps,순창군 체육회가 주체하고 순창군 배드민턴 옆에가 주간에 열린 개시 미래에 순창 고추장배 전국 배드민턴 대회가 청왕리에 막을 내렸다.
p00_u17,p00,ce0.0,순창군 체육회가 지체하고 순창군 세드민턴 옆회가 중간에 열린 제시 미래에 순창 고추장배 전국 배드민턴 대회가 성황리에 막을 내렸다.
p00_u17,p00,ce0.1,순창군 체육회가 주최하고 순창군 배드민턴 옆에가 주간에 열린 개시 미래에 순창 고추장배 전국 배드민턴 대회가 정황리에 막을 내렸다.
p00_u17,p00,ce0.5,순창군 체육회가 주최하고 순창군 배드민턴 옆에가 주간에 열린 제시 미래에 순창 고추장배 전국 배드민턴 대회가 성황리에 막을 내렸다.
p00_u17,p00,ce1.0,순창군 체육회가 주최하고 순창군 배드민턴 옆회가 중간에 열린 개시 미래에 순창 고추장부의 전국 배드민턴 델가 성황민의 막을 내렸다.
p00_u17,p00,ce2.0,순창군 체육회가 주최하고 순창군 배드민턴 옆에가 중간에 열린 개시 미래에 순창 고추장부의 전국 배드민턴 대회가 성황위에 막을 내렸다.
p00_u17,p00,ce5.0,순창군 체육회가 좋게 하고 순창군 배드민턴 옆에가 중간에 열린 대식 미래에 순창 고추장배 전국 배드민턴 대회가 성황리에 막을 내렸다.
p00_u17,p00,ce10.0,순창군 체육회가 주쇄하고 순창군 배드민턴 옆에가 주간에 열린 대시 미래에 순창 고추장배의 전국 배드민턴 대회가 성황민의 막을 내렸다.
p00_u18,p00,taps,순창국민 체륙센터 등 세계 구장에서 전라북도와 순창군이 후원해 지난 6일부터 이틀 동안 열린 대회는 예상 구자마는 1천여 명이 참가해 용기를 실관케 했다
p00_u18,p00,ce0.0,승창국민 체육센터 등 세계 부장에서 전라북도와 승창군이 후원해 지난 6일부터 이틀 동안 열린 대회는 예상보자 많은 1천 연향이 참가해 음끼를 실관케 했다.
p00_u18,p00,ce0.1,순창 국민 체육센터 등 해결 부장에서 전라북도와 순창군이 후원해 기난 6일부터 이틀 동안 열린 대회는 예상보자 많은 1천여 명이 참가에 응기를 실광케 했다
p00_u18,p00,ce0.5,순창 국민 체륙센터 등 해결 구장에서 전라북도와 순창군이 후원해 지난 6일부터 이틀 동안 열린 대회는 예상고자 많은 1천여 명 참가에 응기를 실광케했다.
p00_u18,p00,ce1.0,순창 국민 체육센터 등 3개 부장에서 전라북도와 순창군이 후원해 지난 6일부터 이틀 동안 열린 대회는 예상보다 많은 1천여 명이 참가에 인기를 실감케 했다.
p00_u18,p00,ce2.0,순창 국민 체육센터 등 세계 구장에서 전라북도와 순창군이 후원해 지난 6일부터 이틀 동안 열린 대회는 예상보다 많은 1천여 명이 참가해 인기를 실관케 했다.
p00_u18,p00,ce5.0,순창 국민 체육센터 등 3개 구장에서 전라북도와 순창군이 후원해 지난 6일부터 이틀 동안 열린 대회는 예상보다 많은 1천여 명이 참가해 응기를 실광케했다.
p00_u18,p00,ce10.0,순창 국민 체육센터 등 3길 구장에서 전라북도와 순창군이 후원해 지난 6일부터 이필동안 열린 대회는 예상보다 많은 1천여 명이 참가에 응기를 실광케했다.
p00_u19,p00,taps,"특히 참가한 선수는 모두 동호인으로 연령별, 상별, 경기 방식에 따라 친찍게 졸어 나눠 경기가 진행됐다."
p00_u19,p00,ce0.0,"특히 참가한 선수는 모두 동호인으로 연령별, 성별, 경기 방식에 따라 70개조로 나눠 경기가 진행됐다."
p00_u19,p00,ce0.1,"특히 참가한 선수는 모두 동원인으로 연령별, 상별, 경기 방식에 따라 칭찍게조로 나눠 경기가 진행됐다."
p00_u19,p00,ce0.5,"특히 창가한 선수는 모두 동원인으로 연령별, 상별, 경기 방식에 따라 침실게 졸어나도 경기가 진행됐다."
p00_u19,p00,ce1.0,"특히 참가한 선수는 모두 동의인으로 연령별, 상별, 경비 방식에 따라 침찍게 졸어 나눠 경기가 진행됐다."
p00_u19,p00,ce2.0,"특히 참가한 선수는 모두 동호인으로 연령별, 성별, 경기 방식에 따라 친찍해조로 나눠 경기가 진행됐다."
p00_u19,p00,ce5.0,"특히 참가한 선수는 모두 동원인으로 연령별, 상별, 경기 방식에 따라 70개조로 나눠 경기가 진행됐다."
p00_u19,p00,ce10.0,"특히 참가한 선수는 모두 동문인으로 연령별, 성별, 경기 방식에 따라 70개조로 나눠 경기가 진행됐다."
p00_u20,p00,taps,애초 국민 체육센터와 장애인 체육관 등 두 곳에서 대회가 진행될 예정이었으나 2000년명이 참가를 희망하자 순천제일구 체육관까지 대간에 체계 구장에서 치러졌다
p00_u20,p00,ce0.0,애초 국민 체육핸드와 장애인 체육관 등 두 곳에서 대회가 진행될 예정이었으나 1천여 명이 참가를 희망하자 흔천 제일구 체육관까지 대간에 체계 부장에 서치러졌다
p00_u20,p00,ce0.1,애초 국민 체육핸드와 장애인 체육관 등 두고드에서 대회가 진행될 예정이었으나 2000여 명이 참가를 희망하자 순천재일고 체육관까지 대간에 3길 구장에 서치러졌다.
p00_u20,p00,ce0.5,애초 국민 체육센터와 장애인 체육관 등 두고드에서 대회가 진행될 예정이었으나 이천여명이 청가를 희망하자 순천 제일구 체육관까지 대간에 체계 구장에서 치러졌다.
p00_u20,p00,ce1.0,애초 국민 체육센터와 장애인 체육관 등 두고리도 대회가 진행될 예정이었으나 6000여 명이 참가를 희망하자 순천 제일구 체육관까지 대관에 세계 부장에서 치러졌다.
p00_u20,p00,ce2.0,애초 국민 체육센터와 장애인 체육관 등 두 곳에서 대회가 진행될 예정이었으나 1천여 명이 참가를 희망하자 순천 제일구 체육관까지 대간에 세계 구장에서 치러졌다
p00_u20,p00,ce5.0,애초 국민 체육센터와 장애인 체육관 등 두 군대에서 대회가 진행될 예정이었으나 1천여 명이 참가를 희망하자 순천 제일구 체육관까지 대관에 3개의 구장에서 치러졌다.
p00_u20,p00,ce10.0,애초 국민 7센터와 장애인 7관 등 두 곳에서 대회가 진행될 예정이었으나 2000여 명이 참가를 희망하자 순천 제일구 7관까지 대관에 3길 구장에서 치러졌다
p00_u21,p00,taps,특히 코로나19 계확산 새로 접어든 엄중한 시기여서 궁과 배드민턴 옆에는 철저한 시설 방역에 중점을 두고 경기를 진행했다.
p00_u21,p00,ce0.0,특히 코로나19 대확산 새로 접어든 엄중한 시기여서 궁과 배지민턴 옆에는 철저한 시설 방역에 중점을 두고 경기를 진행했다.
p00_u21,p00,ce0.1,특히 코로나19 대확산 새로 접어든 엄중한 시기여서 공과 배드민턴 옆에는 철저한 시설 방역에 중점을 두고 경기를 진행했다.
p00_u21,p00,ce0.5,특히 코로나19 개확산 세로 접어드는 엄중한 시기여서 공과 배드민턴 옆에는 철저한 시절 방역에 중점을 두고 경기를 진행했다.
p00_u21,p00,ce1.0,특히 코로나19 재확산세로 접어든 엄중한 시기여서 궁과 배드민턴 옆에는 철저한 지설 방역에 중점을 두고 경계를 진행했다.
p00_u21,p00,ce2.0,특히 코로나19 개확산 새로 접어든 엄중한 시기여서 군과 배드민턴 옆에는 철저한 시설 방역에 중점을 두고 경기를 진행했다.
p00_u21,p00,ce5.0,특히 코로나19 대확산세로 젖어든 엄중한 시기여서 궁과 배드민턴 옆에는 철저한 시설 방역에 중점을 두고 경기를 진행했다.
p00_u21,p00,ce10.0,특히 코로나19 재확산세로 접어든 엄중한 시기여서 궁과 배드민턴 옆에는 철저한 시설 방역에 중점을 두고 경계를 진행했다.
p00_u22,p00,taps,아울러 발열 체크와 꼼꼼한 희설 소득으로 동의인의 건강고우는 물론 기억 내 코로나 확산 방개의 체선을 다했다는 게 뒤체책의 설명이다.
p00_u22,p00,ce0.0,아울러 발열 체크와 꼼꼼한 시설 소득으로 동영인의 공강구원은 물론 지역 내 코로나 확산 방지에 최선을 다했다는 게 지체책의 설명입니다.
p00_u22,p00,ce0.1,아울러 발열책과 꼼꼼한 시선 소득으로 동응인의 건강보호는 물론 기억 내 코로나 확산 방지에 최선을 다했다는 게 부채책의 설명이다.
p00_u22,p00,ce0.5,아울러 발열책과 꼼꼼한 시선소득으로 동룡인의 건강고 오는 물론 귀형 내 코로나 확산 방지에 최선을 다입다는 게 그치게 설명입니다.
p00_u22,p00,ce1.0,아울러 발열척구와 꼼꼼한 시선 소득으로 동의인의 건강구원은 물론 구형내 코로나 확산 방개의 최선을 다입다는 게 지체집의 설명입니다.
p00_u22,p00,ce2.0,아울러 발열책구와 꼼꼼한 시선소득으로 동호인의 건강고는 물론 지역 내 코로나 확산 방지에 최선을 다입다는 게 주최 측의 설명입니다.
p00_u22,p00,ce5.0,아울러 발열척구와 꼼꼼한 시선소득으로 동룡인의 건강보호는 물론 기억내 코로나 확산 방길 최선을 다했다는 게 구체 측에 설명입니다.
p00_u22,p00,ce10.0,아울러 발언척구와 꼼꼼한 희선 소득으로 동무인의 건강보호는 물론 구역내 코로나 확산 방길 퇴선을 다했다는 게 주최측에 설명입니다.
p00_u23,p00,taps,한편 이번 대회는 코로나19가 발생하기 전인 지난 2019년을 마지막으로 그동안 열리지 못하다가 정부의 거리 두기 해제 경책에 따라 3년 만에 다시 개최됐다.
p00_u23,p00,ce0.0,한편 이번 대회는 코로나19가 발생하기 전인 지난 2019년을 마지막으로 그동안 열리지 못하다가 정부의 거리두기 회재 정책에 따라 3년 만에 다시 개최됐다.
p00_u23,p00,ce0.1,한편 이번 대회는 코로나19가 발생하기 변인 지난 2019년을 마지막으로 그동안 열리지 못하다가 정부의 거리두기 회재 정책에 따라 3년 만에 다시 개최됐다.
p00_u23,p00,ce0.5,한편 이번 대회는 코로나19가 발생하기 전인 지난 2019년을 마지막으로 그동안 열리지 못하다가 정부의 거리두기 회재 정책에 따라 3년 만에 다시 격해됐다.
p00_u23,p00,ce1.0,한편 이번 대회는 코로나19가 발생하기 전인 지난 2019년을 마지막으로 그동안 열리지 못하다가 정부의 거리두기 해제 정치겠다라 3년 만에 다시 개최됐다.
p00_u23,p00,ce2.0,한편 이번 대회는 코로나19가 발생하기 전인 지난 2019년을 마지막으로 그동안 열리지 못하다가 정부의 거리두기 회재 정책에 따라 3년 만에 다시 개최됐다.
p00_u23,p00,ce5.0,한편 이번 대회는 코로나19가 발생하기 전인 지난 2019년을 마지막으로 그동안 열리지 못하다가 정부의 거리 두기 회재 정책에 따라 한 년 만에 다시 개최됐다.
p00_u23,p00,ce10.0,한편 이번 대회는 코로나19가 발생하기 전인 지난 2019년을 마지막으로 그동안 열리지 못하다가 정부의 거리 두기 회재 경점이 따라 3년 만에 다시 개최됐다.
p00_u24,p00,taps,자신의 아내를 성폭행했다고 왜 극장 동료를 흉기로 찔러 사례한 혐의를 받은 40대 공무지 기원이 개판에 넘겨졌다.
p00_u24,p00,ce0.0,자신의 아내를 성폭행했다고 왜 극장 동료를 신기로 찔러 사례한 혐의를 받은 40대 공무지 직원이 급한에 넘겨졌다
p00_u24,p00,ce0.1,자신의 아내를 성폭행했다고 왜 극장 동료를 신기로 찔러 사례한 혐의를 받은 40대 공무지 기원이 급한에 넘겨졌다.
p00_u24,p00,ce0.5,자신의 아내를 성폭행했다고 외에 극장 동료를 흉기로질러 사례한 혐의를 받은 40대 공무직 기원이 재판에 넘겨졌다.
p00_u24,p00,ce1.0,자신의 아내를 성폭행했다고 외에 극장 동료를 흉기로질러 사례한 혐의를 받은 40대 공무집 기본이 개판에 넘겨졌다.
p00_u24,p00,ce2.0,자신의 안에는 성폭행했다고 외에 극장 동료를 신기로 찔러 사례한 혐의를 받은 40대 공무지 기원이 개판에 넘겨졌다.
p00_u24,p00,ce5.0,자신의 아내를 성폭행했다고 왜 극장 동료를 흉기로 찔러 사례한 혐의를 받은 40대 공무직 기원이 개판에 넘겨졌다.
p00_u24,p00,ce10.0,자신의 아내를 성폭행했다고 외에 극장 동료를 흉기로질러 사례한 혐의를 받은 40대 공무지 기원이 재판에 넘겨졌다.
p00_u25,p00,taps,1. 법조계에 따르면 인천지검은 살인밑 도로 교통법상 음주운전 혐의로 인천 옹진 군착 소속 공모한 직원 A 씨를 구속 기소했다.
p00_u25,p00,ce0.0,1. 법조계에 따르면 인천지검은 살인 및 도로 교통법상 음주운전 혐의로 운천 옹진 군착 소속 공무원 직원 A 씨를 구속 기소했다.
p00_u25,p00,ce0.1,1. 법조계에 따르면 인천지검은 살인미도로 교통법상 음주운전 혐의로 인천홍진군척 소속 공부한 직원 A 씨를 구속 기소했다.
p00_u25,p00,ce0.5,1. 법조계에 따르면 임천지검은 사례 및 도로 교통법상 음주운전 혐의로 임천 옹진 군청 소속 공부한 직원 A 씨를 구속 기소했다.
p00_u25,p00,ce1.0,1. 법조계에 따르면 임천지검은 하리 및 도로 교통법상 음주운전 혐의로 임천홍진 군착소속 공부한 직원 에이씨을 구속 기소했다.
p00_u25,p00,ce2.0,1. 법조계에 따르면 인천지검은 사례 및 도로 교통법상 음주운전 혐의로 인천 옹진 군청 소속 공부한 직원 A 씨를 구속 기소했다.
p00_u25,p00,ce5.0,1일 법조계에 따르면 임천지검은 할인 및 도로 교통법상 음주운전 혐의로 임천 옹진 군청 소속 공부한 직원의 실을 구속 기소했다.
p00_u25,p00,ce10.0,1일 법조계에 따르면 임천지검은 살인 및 도로 교통법상 음주운전 혐의로 임천홍진군청 소속 공부한 직원 A 씨를 구속 기소했다.
p00_u26,p00,taps,회장 사건은 인천지법 형사 15부에 배장됐으며 아직 첫 기일은 형해지지 않았다.
p00_u26,p00,ce0.0,회장 사건은 임천지법 성사 15회 배장됐으며 아직 첫 길은 정해 뒤지 않았다.
p00_u26,p00,ce0.1,회장 합보는 인천지법 형사 15회 배장됐으며 아직 첫 길은 정해지지 않았다.
p00_u26,p00,ce0.5,해장 사건은 인천지법 성사 15회 회장됐으며 아직 첫 길은 정해 뒤지 않았다.
p00_u26,p00,ce1.0,해당 사건은 임천지법 형사 15회 배당됐으며 아직 컷 기일은 정해비지 않았다.
p00_u26,p00,ce2.0,해당 사건은 인천지법 형사 15부에 배당됐으며 아직 컷 길은 정해지지 않았다.
p00_u26,p00,ce5.0,해장 학건은 임천지법 형사 15부의 배장 맥치며 아직 컷 길은 정해지지 않았다.
p00_u26,p00,ce10.0,회장 사건은 음천지법 형사 15부에 배장됐으며 아직 첫 규일은 정해지지 않았다.
p00_u27,p00,taps,"앞서 AC에 대한 구속 전 피의자 신문을 진행한 김현덕, 인천지범, 영장 전담 부장판사는 피의자가 도망할 우려가 있다며 구속 영장을 발부했다."
p00_u27,p00,ce0.0,"앞서 HG에 대한 구속 전 피의자 신문을 진행한 김선덕, 임천지범, 영장 전담 부장판사는 피의자가 도망할 우려가 있다며 구속 영장을 발부했다."
p00_u27,p00,ce0.1,"앞서 AC에 대한 구속 전 피의자 신문을 진행한 김현덕, 임천지범, 영장 전담 부장판사는 피의자가 도망할 우려가 있다며 구속 영장을 발부했다."
p00_u27,p00,ce0.5,"앞서 AC에 대한 구속전 피의자 신문을 진행한 김현덕, 인천지범, 영장 전담 부장판사는 피의자가 도망한 룰어가 있다며 구속영장을 발부했다."
p00_u27,p00,ce1.0,"앞서 AC에 대한 구속 전 피의자 신문을 진행한 김현덕, 인천지범, 영장 전담 부장판사는 피의자가 도망한 룰여가 있다며 구속 영장을 발부했다."
p00_u27,p00,ce2.0,"앞서 8G에 대한 구속 전 피의자 신문을 진행한 김현덕, 인천지범, 영장 전담 부장 판사는 피의자가 도망할 우려가 있다며 구속 영장을 발표했다."
p00_u27,p00,ce5.0,"앞서 AC에 대한 구속 전 피의자 신문을 진행한 김현독, 임천지범, 영장 전담 부장 판사는 피의자가 도망할 우려가 있다며 구속 영장을 밟고 했다."
p00_u27,p00,ce10.0,"앞서 AC에 대한 구속 전 피의자 신문을 지능한 김현덕, 임현주범, 영장 전담 부장 판사는 피의자가 도망할 우려가 있다며 구속 영장을 발부했다."
p00_u28,p00,taps,A 씨는 영장 실질 심사에 툴석하기 전 피해자에게 할 말 없느냐는 키제진의 질문에 죄송하다 구글대를 귀엽다 고 작은 목소리로 잡혔다
p00_u28,p00,ce0.0,A 씨는 영장 실질 심사에 투석하기 전 피해자에게 할 말 없느냐는 취재진의 질문에 죄송하다 두 글때를 지었다고 작은 목소리로 잡했다
p00_u28,p00,ce0.1,"A 씨는 영장실 실심사에 출석하기 변. 피해자에게 할 말 없느냐는 티재진의 질문에 죄송하다, 죽을 때를 지었다. 그 작은 목소리로 잡했다."
p00_u28,p00,ce0.5,"A 씨는 영장 실질심사에 출석하기 전 피해자에게 할 맛 없느냐는 취재진의 질문에 죄송하다 그 때를 귀엽다, 그 작은 목소리로 잡혔다"
p00_u28,p00,ce1.0,A 씨는 영장실진 심사에 출석하기 변 피해자에게 할 맛 없느냐는 치대진의 질문에 죄송하다 죽을 때를 귀엽다 그 작은 목소리로 답했다
p00_u28,p00,ce2.0,A 씨는 영장 실질심사에 투석하기 전 피해자에게 할 말 없느냐는 취재진의 질문에 죄송하다 죽을 때를 주였다고 작은 목소리로 잡했다.
p00_u28,p00,ce5.0,A 씨는 영장 실질심사에 추석하기 전 피해자에게 할 말 없느냐는 취재진의 질문에 계속하다. 구글대를 귀엽다. 그리고 작은 목소리로 잡혔다.
p00_u28,p00,ce10.0,"A.C.는 영장 실질심사에 출석하기 전 피해자에게 할 말 없느냐는 취재진의 질문에 죄송하다, 죽을 때를 지웠다 그 작은 목소리로 잡혔다"
p00_u29,p00,taps,그는 지난달 12일 0시 5분께 한 두루에서 면 사무소 동료인 공무직 직원빛 씨의 복부 부위를 등끼러질러 사례한 혐의를 받고 있다
p00_u29,p00,ce0.0,그는 지난달 12일 0시 5분께 한 도로에서 런사무소 동료인 공무직 직원 빛이의 복부 부위를 흥끼러질러 사례한 혐의를 받고 있다.
p00_u29,p00,ce0.1,그는 지난달 12일 0시 5분께 한 도로에서 면 사무소 동료인 공무직 듀건빛 씨의 복부 부위를 흥끼러질러 사례한 혐의를 받고 있다.
p00_u29,p00,ce0.5,그는 지난달 10일 0시 5분께 한 도로에서 면 사무소 동료인 공무직 규건비스의 복부 부위를 흥기러질러 사례한 혐의를 받고 있다.
p00_u29,p00,ce1.0,그는 지난달 12일 0시 5분께 한 도로에서 멘사무소 동료인 공무급 규건빛이의 북부 부위를 흥기러질러 사례한 혐의를 받고 있다.
p00_u29,p00,ce2.0,그는 지난달 10일 0시 5분께 한 도로에서 넌 사무소 동료인 공무직 규건빛의 복부 부위를 흉기로질러 사례한 혐의를 받고 있다.
p00_u29,p00,ce5.0,그는 지난달 10일 0시 5분께 한 도로에서 면 사무소 동료인 공무직 규건비스의 복부 부위를 승기로 질러 사례한 혐의를 받고 있다.
p00_u29,p00,ce10.0,그는 지난단 10일 0시 5분께 한 도로에서 면사무소 동료인 공무줄 규건빛이의 북부 부위를 숨기로 찔러 사례한 혐의를 받고 있다.
p00_u30,p00,taps,"8G는 범행 당일, 5BC를 포함해 기인들과 함께 고기집에서 술을 마신 후, 자기 집에서 다같이 술자리를 또 가졌정 것으로 조사했다."
p00_u30,p00,ce0.0,H는 범행 당일 5BC를 포함해 뒤인들과 함께 고기집에서 술을 마신 후 자규집에서 다같이 술자리를 또 과제점 것으로 조사했다.
p00_u30,p00,ce0.1,"에이키는 범행 강일, 우 빛 씨를 포함해 기인들과 함께 고기집에서 술을 마신 후, 가기집에서 다같이 술자리를 또 가렸던 것으로 조사됐다."
p00_u30,p00,ce0.5,에이씨은 범행 당일 오후 빛 씨를 포함해 귀인들과 함께 고기집에서 술을 마신 후 자기 집에서 다같이 술자리를 또 과졌던 것으로 조사했다.
p00_u30,p00,ce1.0,에이티는 범행 당일 오후 빛 씨를 포함해 지인들과 함께 구맵집에서 술을 마신 후 자기 집에서 다같이 술자리를 또 가졌던 것으로 조선했다.
p00_u30,p00,ce2.0,A 씨는 범행 당일 5B 씨를 포함해 그인들과 함께 고기집에서 술을 마신 후 강의집에서 다같이 술자리를 또 가졌던 것으로 조선했다.
p00_u30,p00,ce5.0,에이치는 범행 당일 오후 삐시를 포함해 그인들과 함께 고기집에서 술을 마신 후 가기집에서 다같이 술자리를 또 가렸던 것으로 조사됐다.
p00_u30,p00,ce10.0,에이키는 범행 당일 오후 빛길을 포함해 귀인들과 함께 고기집에서 술을 마신 후 자기 집에서 다같이 술자리를 또 가졌던 것으로 조선했다.
p00_u31,p00,taps,"이후 이랭니 모두 기가 안 뒤, A 씨는 잠김 방 안에서 옷을 벗은 캐 잠든 안해를 보고, 술김의 빛 씨가 자기 안해를 선폭행했다고 오해한 것으로 파악됐다."
p00_u31,p00,ce0.0,"이후 일행이 모두 기가 안 뒤, A 씨는 잠김 방 안에서 옷을 벗은 채 삼든 안해를 보고, 술김의 빛이가 자기 안해를 성폭행했다고 오해한 것으로 파악됐다."
p00_u31,p00,ce0.1,"이후 일행이 모두 기가 안 뒤, AC는 잠김 방 안에서 옷을 벗은 캐 잠든 안해를 보고, 술김의 빛이가 자기 안해를 성폭행했다고 오해한 것으로 파악했다."
p00_u31,p00,ce0.5,"이후 유량이 모두 기가 안 뒤, A 씨는 잠김 방 안에서 옷을 벗은 캐 잠든 안해를 보고, 술 김에 띄 씨가 자기 안해를 성폭행했다고 오해한 것으로 파악됐다."
p00_u31,p00,ce1.0,이후 일행이 모두 기가 안 뒤 AC는 잠김 방 안에서 옷을 벗은 채 잠든 안해를 보고 술김의 빛이가 자기 안해를 성폭행했다고 오해한 것으로 파악됐다.
p00_u31,p00,ce2.0,이후 일행이 모두 기가 안 뒤 A 씨는 잠김 방 안에서 옷을 벗은 첼 잠든 안해를 보고 술김의 빛이가 자기 안해를 성폭행했다고 오해한 것으로 파악됐다
p00_u31,p00,ce5.0,"이후 유랭이 모두 기가 안 비, A 씨는 잠김 방 안에서 옷을 벗은 캐 잠든 안해를 모고 술김의 빛이가 자기 안해를 성폭행했다고 오해한 것으로 파악됐다."
p00_u31,p00,ce10.0,"이후 유랭리 모드 귀가 안 비, AC는 잠김 방 안에서 옷을 벗은 채 잠든 안해를 모고 술김의 빛이가 자기 안해를 성폭행했다고 오해한 것으로 파악됐다."
p00_u32,p00,taps,"경찰 조사에서 A 씨는 평소부자 수를 많이 마셔서 수김맵BC를 오해 했다, 꾸진 술 했다."
p00_u32,p00,ce0.0,경찰 조사에서 A 씨는 평소무자수를 많이 마셔서 수규맵 B 씨를 오해했다. 고신술했다.
p00_u32,p00,ce0.1,"경찰 조사에서 A 씨는 평소부자 수를 많이 마셔서 술 김에 띄시를 오해 했다, 꾸진 술 했다."
p00_u32,p00,ce0.5,경찰 조사에서 에이씨은 평소보다 술을 많이 마셔서 술 김에 비시를 오해했다. 고진술했다.
p00_u32,p00,ce1.0,경찰 조사에서 A 씨는 평소보다 술을 많이 마셔서 술김맵 B 씨를 오해했다. 꾸진 술했다.
p00_u32,p00,ce2.0,경찰 조사에서 AC는 평소보다 술을 많이 마셔서 술김의 PC를 오해했다. 고진술했다.
p00_u32,p00,ce5.0,"경찰 조사에서 A 씨는 평소무자수를 많이 마셔서 술기 맵 B.C.를 오해했다, 고칭술했다."
p00_u32,p00,ce10.0,"경찰 조사에서 A.C.는 평소부자수를 많이 마셔서 숨김의 B.C.를 오해했다, 고진술했다."
p00_u33,p00,taps,A 씨의 안에도 창고인 조사에서 B 씨에게 성폭행을 당한 사실이 없다고 밝힌 것으로 전해졌다.
p00_u33,p00,ce0.0,A 씨의 안에도 창고인 조사에서 B 씨에게 성폭행을 당한 사실이 없다고 받은 것으로 전해졌다.
p00_u33,p00,ce0.1,A 씨의 안에도 창고인 조사에서 B 씨에게 성폭행을 당한 사실이 없다고 밝힌 것으로 전해졌다.
p00_u33,p00,ce0.5,A 씨의 안에도 참고인 조사에서 B 씨에게 성폭행을 당한 사실이 없다고 밝힌 것으로 전해졌다.
p00_u33,p00,ce1.0,A 씨의 안에도 참고인 조사에서 B 씨에게 성폭행을 당한 사실이 없다고 밝은 것으로 전해졌다.
p00_u33,p00,ce2.0,A 씨의 안에도 창고인 조사에서 B 씨에게 성폭행을 당한 사실이 없다고 밝힌 것으로 전해졌다.
p00_u33,p00,ce5.0,A 씨의 안에도 창고인 조사에서 B 씨에게 성폭행을 당한 사실이 없다고 밝힌 것으로 전해졌다.
p00_u33,p00,ce10.0,A.C. 안에도 참고인 조사에서 B.C.에게 성폭행을 당한 사실이 없다고 밝은 것으로 전해졌다.
p00_u34,p00,taps,경북 칠곡군이 링간 니탁을 통해 운영 중인 칠곡보 야외 물로리상이 응기를 끌고 있다.
p00_u34,p00,ce0.0,경북 7복군이 민간 이탑을 통해 운영 중인 7복보 야외 물로리상이 응기를 끌고 있다.
p00_u34,p00,ce0.1,경북 칠곡군이 민간 위탁을 통해 운영 중엔 칠곡보 야외 물로리상이 응기를 끌고 있다.
p00_u34,p00,ce0.5,경북 칠곡분이 민간 리탁을 통해 운영 중엔 칠곡보 야외 물놀이 상위 은기를 끌고 있다.
p00_u34,p00,ce1.0,정부 틀곡군이 민간 위탁을 통해 운영 중엔 틀곡고 야외 물로리장이 인기를 끌고 있다.
p00_u34,p00,ce2.0,경북 7곡군이 민간 위탁을 통해 운영 중엔 7곡보 야외 물로리상이 인기를 끌고 있다.
p00_u34,p00,ce5.0,경부로 킬곡군이 민간 리탁을 통해 운영 중엔 킬곡고 야외 물로리상이 인기를 끌고 있다.
p00_u34,p00,ce10.0,경북 퓨곡군이 윤간 위탁을 통해 운영 중엔 퓨곡보 야외 물놀이 상위 은근을 끌고 있다.
p00_u35,p00,taps,"임종진 씨는 민결, 윤결, 상등이 간여와 올 여름에만 두 번째 칠곡과 야외 물로리장을 찾았다."
p00_u35,p00,ce0.0,"임종진 씨는 민결, 윤결, 상등이 간여와 올 여름에만 두 번째 칠곡과 야외 물로리장을 찾았다"
p00_u35,p00,ce0.1,"임종진 씨는 민결, 윤결, 상둥이 간여와 올 여름에만 두 번째 7곡과 야외 물로리량을 찾았다."
p00_u35,p00,ce0.5,"임종진 씨는 윤결, 윤결, 상등을 간여와 볼 여름에만 두 번째 칠곡부 야외 물로리장을 찾았다."
p00_u35,p00,ce1.0,"윤종진 씨는 윤결, 윤결, 상등을 간여와 올 여름에만 두 번째 칠곡보 야외 물로리량을 찾았다."
p00_u35,p00,ce2.0,"임종진 씨는 민결, 윤결, 짱등이 다녀와 올 여름에만 두 번째 칠곡고 야외 물놀이장을 찾았다."
p00_u35,p00,ce5.0,"윤정진 씨는 민결, 윤결, 쌍둥이 간요와 올 여름에만 두 번째 출국고 야외 물로리장을 찾았다."
p00_u35,p00,ce10.0,"윤종진 씨는 윤결, 윤결, 상등은 간여와 올 여름에만 두 번째 출국고 야외 물로리장을 찾았다."
p00_u36,p00,taps,4인과족 기준 2만 원이면 수영장은 물론 각종 물놀이 부대 희서를 마음껏 이용할 수 있기 때문이다.
p00_u36,p00,ce0.0,하인과족 기준 2만 원이면 시영장은 물론 닭종 물놀이 부대시설을 마음껏 이용할 수 있기 때문이다.
p00_u36,p00,ce0.1,4인과족 기준 20만 원이면 수영장은 물론 각종 물놀이 부대 희서를 마음껏 이용할 수 있기 때문이다.
p00_u36,p00,ce0.5,4인 가족 기준 20만 원이면 시영장은 물론 박종 물로리 교대 희서를 마음껏 이용할 수 있기 때문이다.
p00_u36,p00,ce1.0,하인 가족 기준 20만 원이면 시영장은 물론 각종 물놀이 부대 희서를 마음껏 이용할 수 있기 때문입니다.
p00_u36,p00,ce2.0,사인 가족 기준 20만 원이면 수영장은 물론 각종 물놀이 브레이 희서를 마음껏 이용할 수 있기 때문이다.
p00_u36,p00,ce5.0,4인 가족 기준 20만 원이면 수영장은 물론 박종 물놀이 부래 기서를 마음껏 미용할 수 있기 때문이다.
p00_u36,p00,ce10.0,하인과족 기준 20만 원이면 수영장은 물론 각종 물돌이 굳의 희서를 마음껏 유용할 수 있기 때문이다.
p00_u37,p00,taps,입장료위에는 별도의 비용이 발생하지 않는 등 사설 물로리장보다 저렴한 가격은 물로드 다양한 부대키설과 레전빵의 음싱물이 결여막이 때문이다.
p00_u37,p00,ce0.0,입장료위에는 별도의 비용이 발생하지 않는 등 사설 물로리장보다 저렴한 가격은 물로드 다양한 부대 시설과 레전빵의 음승물이 저렴하기 때문이다
p00_u37,p00,ce0.1,"입병료위에는 별도의 비용이 발생하지 않는 등 사설 물놀이장보다 저렴한 가격은 물놀, 다양한 부대 시설과 래전 판매 음숭물이 저렴하기 때문이다."
p00_u37,p00,ce0.5,입장류위에는 별도의 비용이 발생하지 않는 등 화설물로리장보다 저렴한 가격은 물론 다양한 부대 시설과 내전판매 음싱물이 결여막이 때문이다.
p00_u37,p00,ce1.0,입장류위에는 별도의 비용이 발생하지 않는 등 화선 물로리장보다 저렴한 가격은 물로라는 다양한 부대 시설과 내전 판매 음식물이 결여막이 때문이다.
p00_u37,p00,ce2.0,입장류위에는 별도의 비용이 발생하지 않는 등 사설물로리장보다 저렴한 가격은 물론 다양한 부대 시설과 대전 판매의 음승물이 저렴하기 때문이다.
p00_u37,p00,ce5.0,입장류위에는 별도의 비용이 발생하지 않는 등 사설 물로리장보다 저렴한 가격은 물로 다양한 부대시설과 내전판매 음승물이 결여막이 때문이다.
p00_u37,p00,ce10.0,입장류위에는 절도의 비용이 발평하지 않는 등 사설 물로리장보다 저렴한 과격은 물로 다양한 부대 시설과 매전 판매 음식물이 결여막이 때문이다.
p00_u38,p00,taps,"물로리장에는 대형풀 5개, 중형풀 2개, 워터슬라이드, 에어바운드, 기차, 오토바이등이 마련되어 있다."
p00_u38,p00,ce0.0,"물로리장에는 대형풀 5개, 중형풀 2개, 워터슬라이드, 에어바운드, 기차, 오토바이등이 마련되어 있다."
p00_u38,p00,ce0.1,"물로리장에는 대형풀 5개, 중형풀 2개, 워터슬라이드, 에어바운드, 기차, 오토바이등이 마련되어 있다."
p00_u38,p00,ce0.5,"물로리장에는 대형풀 5개, 중형풀 2개, 워터슬라이드, 에어바운드, 기차, 오토바이등이 마련되어 있다."
p00_u38,p00,ce1.0,"물로리장에는 대형풀 5개, 중형풀 2개, 워터슬라이드, 에어바운드, 기차, 오토바이등이 마련되어 있다."
p00_u38,p00,ce2.0,"물로리장에는 대형품 5개, 중형품 2개, 워터슬라이드, 에어바운드, 기차, 오토바이등이 마련되어 있다."
p00_u38,p00,ce5.0,"물로리장에는 대형풀 5개, 중형풀 2개, 워터 슬라이드, 에어바운드, 기차, 오토바이등이 마련되어 있다."
p00_u38,p00,ce10.0,"물로리장에는 대형술 5개, 중형술 2개, 워터슬라이드, 에어바운드, 극차, 오토바이등이 마련되어 있다."
p00_u39,p00,taps,"이용 편의를 위해 몽골템트, 차강막, 테이블, 퀸익존, 매점, 푸드존, 사워실, 타리실, 화장효능에 부대시선도 갖춰져 있다."
p00_u39,p00,ce0.0,"이용 편의를 위해 몽골템트, 차광막, 테이블, 푹크닉존, 매점, 푸드존, 사워실, 타리실, 화장효능에 부대시서로 갖춰져 있다."
p00_u39,p00,ce0.1,"이용 편의를 위해 몽골템트, 차광막, 테이블, 피크닉존, 매점, 푸두존, 사월실, 타리실, 화장필 등의 부대시서로 가쳐져 있다."
p00_u39,p00,ce0.5,"이용 편의를 위해 몽골템트, 차강막, 테이블, 퓨크닉존, 매점, 푸드존, 사워실, 탈의실, 화장실 등의 부대시서로 과쳐져 있다."
p00_u39,p00,ce1.0,"이용 편의를 위해 몽골템트, 사광막, 페이블, 퓨크닉존, 매덤, 푸드존, 하워실, 타리실, 화장실 등의 부대시선으로 갖춰져 있다."
p00_u39,p00,ce2.0,"이용편의를 위해 몽골템트, 차광막, 테이블, 피크닉존, 매점, 푸드존, 사워실, 타리실, 화당실 등의 부대시선으로 갖춰져 있다."
p00_u39,p00,ce5.0,"이용 편의를 위해 몽골템크, 차광막, 테이블, 피크닉존, 매점, 푸두존, 사워실, 타비실, 화장실 등의 부대시선도 갖춰져 있다."
p00_u39,p00,ce10.0,"이용 편의를 위해 몽골템트, 사광막, 테이블, 퀸익존, 매점, 푸드존, 사워실, 타리실, 화장실 등의 부대시설도 갖춰져 있다."
p00_u40,p00,taps,"이용 요금은 14세 이상 12,000원, 어린이 8,000원이며 7고 궁이는 50% 할인된다."
p00_u40,p00,ce0.0,"이용 요금은 14세 이상 12,000원, 어린이 8,000원이며 7,9인은 50% 할인된다."
p00_u40,p00,ce0.1,"이용 요금은 14세 이상 12,000원, 어린이 8,000원이며 7,9인은 50% 할인된다."
p00_u40,p00,ce0.5,"이용 요금은 14세 이상 12,000원, 어림이 8,000원이며 7국 공위는 50% 할인된다."
p00_u40,p00,ce1.0,"이용 요금은 18회 이상 12,000원, 어린이 8,000원이며 7국금인은 50% 할인 된다."
p00_u40,p00,ce2.0,"이용 요금은 14세 이상 12,000원, 어린이 8,000원이며 7국 궁이는 50% 할인 된다."
p00_u40,p00,ce5.0,"이용 요금은 14세 이상 12,000은 어린이 8,000원이며 7국 공위는 50% 할인 된다."
p00_u40,p00,ce10.0,"이용 요금은 14세 이상 12,000원, 어린이 8,000원이며 7구 구미는 50% 할인 된다."
p00_u41,p00,taps,"다른 지역 방문객도 5,000원으로 50% 할인권 구매가 가능해 25,000원이면 하인 가족이 이용할 수 있다."
p00_u41,p00,ce0.0,"다른 지역 방문객도 5,000원으로 50% 할인권 구매가 가능해 25,000원이면 사인 가족이 이용할 수 있다."
p00_u41,p00,ce0.1,"다른 지역 방문객도 5,000원으로 50% 할인권 구매가 가능해 25,000원이면 사인 가족이 이용할 수 있다."
p00_u41,p00,ce0.5,"다른 지역 방문객도 5,000원으로 50% 할인공 구매가 가능해 25,000원이면 하잉 가족이 이용할 수 있다."
p00_u41,p00,ce1.0,"다른 지역 방문객도 5,000원으로 50% 할인공부 매가 가능해 25,000원이면 하인 가족이 이용할 수 있다."
p00_u41,p00,ce2.0,"다른 지역 방문객도 5,000원으로 50% 할일곤 구매가 가능해 2,5,000원이면 하인 가족이 이용할 수 있다."
p00_u41,p00,ce5.0,"다른 지역 방문개도 5,000원으로 50% 할입권 구매가 가능해 2,5,000원이면 하인 가족이 이용할 수 있다."
p00_u41,p00,ce10.0,"다른 지역 방문개도 5,000원으로 50% 할인권 구매가 가능해 1,500원이면 하인 가족이 이용할 수 있다."
p00_u42,p00,taps,광역동 케이저로 행정 구역이 개편돼 10곳으로 줄었던 경기 부찬 지역 사전 튜트소가 오늘 3월 대선을 앞두고 36곳으로 원상복구된다.
p00_u42,p00,ce0.0,광역동체재로 행정부약이 개편돼 10곳으로 줄었던 경기 부찬 지역 사전특소가 오늘 3월 대선을 앞두고 36곳으로 원상 복구된다.
p00_u42,p00,ce0.1,광역동 체재로 행정부역이 개편돼 10곳으로 줄었던 경기 부찬 지역 사전특표소가 오늘 3월 대선을 앞두고 36곳으로 원상복구된다.
p00_u42,p00,ce0.5,광역동체죄로 행정 구역이 개편돼 10곳으로 줄었던 경기 부찬 지역 사전 트서가 오늘은 3월 대선을 앞두고 36곳으로 원상국부된다.
p00_u42,p00,ce1.0,광역동체 제로 현경 부약이 배팬돼 10곳으로 줄었던 경기 부찬 지역 사전 특유소가 오늘은 3월 대선을 앞두고 30여섯 곳으로 원상 복구된다.
p00_u42,p00,ce2.0,광역동체죄로 행정 구역이 개편돼 10곳으로 주섭단 경기 부천지역 사전 투표수가 오늘은 3월 대선을 앞두고 서른 6곳으로 원상 복부된다.
p00_u42,p00,ce5.0,광역동 체죄로 생경구역이 개편네 10곳으로 주셨던 경기 부찬 지역 사전 특유소가 오늘은 3월 대선을 앞두고 36곳으로 원상 복구된다.
p00_u42,p00,ce10.0,강혁동 체죄로 행경구역이 개편돼 10곳으로 줄었던 경기 부참 지역 사전 투표소가 오늘은 3월 대선을 앞두고 36곳으로 원상복구된다.
p00_u43,p00,taps,12일 부천시와 선거관리위원회에 따르면 지난 11일 열린 국회 폰회의에서 서영석 더불어민주장 우원이 태표 발의한 공직선거법 일부 개장 건뉘라니 가결됐다
p00_u43,p00,ce0.0,12일 부천시와 선거관리위원회에 따르면 지난 11일 열린 국회 폰회인에서 서영석 더불어민주장 우원이 태표 발의한 공직 선거법 의부 개장 법률안이 가결됐다.
p00_u43,p00,ce0.1,12일 부천시와 선거관리위원회에 따르면 지난 11일 열린 국회 본회의에서 서영석 더불어민주장 우원이 태표 발의한 공직 선거법 일부 개장 법률안이 가결됐다.
p00_u43,p00,ce0.5,12일 부천시와 한국알리위원회에 따르면 지난 12일 열림 국회 폰회의에서 서영석 더불어민주당 의원인이 태표 발의한 공직선거법 일부 개장 법률안이 가결됐다.
p00_u43,p00,ce1.0,12일 부천지와 선거관리위원회에 따르면 지난 11일 열린 국회 본회의에서 서영석 더불어민주당 의원이 대표 발의한 공직 선거법 일부 개장 법률안이 가결됐다.
p00_u43,p00,ce2.0,12일 부천시와 선거관리위원회에 따르면 지난 11일 열린 국회 폰 회의에서 서영석 더불어민주당 의원이 태표 발의한 공직선거법 일부 개정 법률안이 가결됐다.
p00_u43,p00,ce5.0,12일 부천시와 선거관리위원회에 따르면 지난 11일 열린 국회 본회의에서 서영상 더불어민주당 의원이 개표 발의한 공직선거법 일부 개장섬유라니 가결됐다.
p00_u43,p00,ce10.0,12일 부산시와 선거관리위원회에 따르면 지난 12일 열린 국회 본회의에서 서영석 더불어민주당 의원이 대표 발의한 공직선거법 일부 개정 법률안이 가결됐다.
p00_u44,p00,taps,"이 법률안에는 행경구역 개편으로 끝, 면, 동, 수가 줄어든 경우 개편 직전의 수를 기준으로 사전 투표를 설치하고 선거사무원을 선입하는 내용이 담겼다."
p00_u44,p00,ce0.0,"이 법률안에는 행정구역 개편으로 끝, 면윤, 동, 수가 줄어든 경우 개편 직전의 수를 기준으로 사전 투표를 설치하고 성과 사무원을 선입하는 내용이 담겼다."
p00_u44,p00,ce0.1,"이 법률안에는 행병구역 개편으로 읍, 면윤, 동, 수가 줄어든 경우 개편 직전의 수를 기준으로 사전 투표를 설치하고 선거 사무원을 선입하는 내용이 담겼다."
p00_u44,p00,ce0.5,"이 법률 안에는 행정구역 개편으로 읍, 멘, 동, 수가 줄어든 경우 개편식단의 수를 기준으로 사전 투표를 설치하고 선거 사무원을 환히 많은 내용이 담겼다."
p00_u44,p00,ce1.0,"이 법률 안에는 성경구역 개편으로 을, 면윤, 동, 수가 줄어듬 경우 개편 직전의 수를 기변으로 사전 특히나는 설치하고 선거 사무원을 선입하는 내용이 담겼다."
p00_u44,p00,ce2.0,"이 법류단에는 행정구역 개편으로 음면, 동, 수가 줄어듬 경우 개편 직전의 수를 기준으로 사전특표는 설치하고 선거사무원을 선임하는 내용이 담겼다."
p00_u44,p00,ce5.0,"이 법률안에는 행병후역 개편으로 읍, 면윤, 동, 수가 줄어든 경우 개편 직전에 술을 기준으로 사전시표물을 설치하고 성과 사무원을 산이 많은 내용이 담겼다."
p00_u44,p00,ce10.0,"이 법률안에는 생경우역 개편으로 끝면, 동, 수가 줄어든 경우 개편 직전의 수를 기준으로 사전 특히나는 설치하고 선거 사무원을 선유 많은 내용이 담겼다."
p00_u45,p00,taps,대정된 법안은 오는 15일 공포와 동시에 시행돼 3월 9일 열리는 개 20대 대통령 선거부터 적용될 예정이다.
p00_u45,p00,ce0.0,대정된 법안은 오는 15일 봉포와 동시에 시행돼 3월 9일 열리는 제 20대 대통령성과부터 적용될 예정이다.
p00_u45,p00,ce0.1,개정된 법안은 오는 15일 공포와 동시에 시행돼 3월 9일 열리는 대 20대 대통령 선거부터 적용될 예정이다.
p00_u45,p00,ce0.5,개정된 법안은 오늘 15일 공포와 동시에 시행돼 3월 9일 열리는 제 20배 대통령 성과부터 적용될 예정이다.
p00_u45,p00,ce1.0,개정된 법안은 오는 15일 공포와 동시에 시행돼 3월 9일 열리는 개 20대 대통령 선거부터 적용될 예정이다.
p00_u45,p00,ce2.0,개정된 법안은 오는 15일 공포와 동시에 시행돼 3월 9일 열리는 제 20대 대통령 선거부터 적용될 예정이다.
p00_u45,p00,ce5.0,대정된 법안은 오는 15일 공포와 동시에 시행돼 3월 9일 열리는 걔 20대 대통령 선과부터 적용될 예정이다.
p00_u45,p00,ce10.0,대정된 법안은 오는 15일 공포와 동시에 수행돼 3월 9일 열리는 제 20대 대통령 성과부터 적용될 예정이다.
p00_u46,p00,taps,앞서 부찬 씨는 지난 2019년 광역종 캐젤으로 전환 안에서 기존 36개 행정둥이 10곳으로 대폭국도 됐다.
p00_u46,p00,ce0.0,앞서 부찬 씨는 지난 2019년 광역송 체재로 전환 안에서 기존 36개 행정둥이 10곳으로 대폭국도 됐다.
p00_u46,p00,ce0.1,앞서 부찬 씨는 지난 2019년 광역동 체재로 전환하면서 기존 36개 행정동이 10곳으로 대폭 국료됐다.
p00_u46,p00,ce0.5,앞서 부찬 씨는 지난 2019년 광역동 체재로 전환하면서 기존 36개 행정 등이 10곳으로 대폭 쿠푸됐다.
p00_u46,p00,ce1.0,앞서 부천지는 지난 2019년 광역동 퇴재로 전환하면서 기존 36개 행정 등이 10곳으로 대폭 국소됐다.
p00_u46,p00,ce2.0,앞서 부찬 씨는 지난 2019년 광역동 캐재로 전환하면서 기존 36개 행정둥이 10곳으로 대폭 국소됐다.
p00_u46,p00,ce5.0,앞서 부천실은 지난 2019년 광역동 체재로 전환 안에서 기존 36개 행정농이 10곳으로 대폭 국소됐다.
p00_u46,p00,ce10.0,앞서 부천시는 지난 2019년 광역동 체재로 전환하면서 기존 36개 행정 등은 10곳으로 대폭 극소됐다.
p00_u47,p00,taps,"이에 따라 사전 투표소 수도 10개로 투쿠대, 지난 2020년 제 21대 총선 당시 주민들이 멀리 떨어진 투표소까지 찾아가야 하는 비턴을 겪었다."
p00_u47,p00,ce0.0,"이에 따라 사전 투표 소스도 10개로 쭉 후대, 지난 2020년 제 21대 청선 당시 주민들이 멀리 떨어진 슈트소까지 찾아가야 하는 비편을 겪었다."
p00_u47,p00,ce0.1,이에 따라 사전 투표소 수도 10계로 축소돼 지난 2020년 제 21대 총선 당시 주민들이 멀리 떨어진 투표소까지 찾아가야 하는 불편을 겪었다.
p00_u47,p00,ce0.5,이에 따라 화전특표 소스도 10개로 쭈꾸대 지난 2020년 제 21대 청소한 당시 주민들이 멀리 떨어진 특표소까지 찾아가야 하는 불편을 겪었다.
p00_u47,p00,ce1.0,이에 따라 화전특표 소스도 10개로 축소해 지난 2020년 제 21대 총선 당시 주민들이 멀리 떨어진 기특표소까지 찾아가야 하는 뒷편을 겪었다.
p00_u47,p00,ce2.0,이에 따라 사전 튑트소스도 10개로 축구해 지난 2020년 제 21대 총선 당시 주민들이 멀리 떨어진 튑트소까지 찾아가야 하는 튈편을 겪었다.
p00_u47,p00,ce5.0,이에 따라 사전특표 소수도 10계로 축구해 지난 2020년 제 21대 총선 당시에 주민들이 멀리 떨어진 특표소까지 찾아가야 하는 불편을 겪었다.
p00_u47,p00,ce10.0,이에 따라 사전특표소 수도 10개로 축소돼 지난 2020년 제 20일 때 총선 당시 주민들이 멀리 떨어진특표소까지 찾아가야 하는 불편을 겪었다.
p00_u48,p00,taps,이 영향으로 9000 지역 사전 투표는 경국 기초 기자체 가운데 두 번째로 낮았고 참정권 팀의 논란이 인기도 했다
p00_u48,p00,ce0.0,이 영향으로 구천지역 사전특퀄료를 경국 기초 디자체 가운데 두 번째로 낮았고 참정권 침해 논란이 일기도 했다
p00_u48,p00,ce0.1,이 영향으로 9000 지역 사전 투표율은 경국 기초 기자체 가운데 두 번째로 낮았고 삼정권 침해 논란이 1기도 했다.
p00_u48,p00,ce0.5,의 영향으로 부천지역 사전 투표를 전국 기초 기자체 가운데 두 번째로 낮았고 3정권 팀의 논란이 일기도 했다.
p00_u48,p00,ce1.0,이 영향으로 구천 지역 사전 투표는 전국 기초 기자체 가운데 두 번째로 낮았고 삼정권팀의 논란이 1기도 했다.
p00_u48,p00,ce2.0,이 영향으로 부천지역 사전 투표를 경국 기초 기자책 가운데 두 번째로 낮았고 삼정권팀의 논란이 일기도 했다.
p00_u48,p00,ce5.0,이 영향으로 부천지역 사전 투표율은 경국 기초 기자체 가운데 두 번째로 낮았고 삼정권팀의 논란이 6기도 했다.
p00_u48,p00,ce10.0,이 영향으로 부천지역 사전특표율은 전국 기초 기자체 가운데 두 번째로 낮았고 삼정권팀의 논란이 1기도 했다.
p00_u49,p00,taps,부찬 시상관인은 대선 때 사전 수표소가 원활하게 운영되도록 잘 준비하겠다 고 밝혔다
p00_u49,p00,ce0.0,부참 시상관인은 대선 때 사든 수표소가 원활하게 운영되도록 잘 준비하겠다 고 밝혔다
p00_u49,p00,ce0.1,부찬 씨 상관인은 개선대 사준 스피서가 원활하게 운영되도록 잘 준비하겠다 고 밝혔다
p00_u49,p00,ce0.5,"부찬 시선관인은 개선 때 사전 수표소가 워낄하게 운영되도록 잘 준비하겠다, 곧 밝혔다."
p00_u49,p00,ce1.0,"부천시 성관이는 개선대, 사전 스프서가 원활하게 운영되도록 잘 준비하겠다, 곧 밝혔다."
p00_u49,p00,ce2.0,"부천시 성관이는 개선대, 사전 습촌과 원활하게 운영되도록 잘 준비하겠다, 곧 밝혔다."
p00_u49,p00,ce5.0,"부천시 성관이는 개선대, 사전 수표수가 원활하게 운영되도록 잘 준비하겠다, 곧 밝혔다."
p00_u49,p00,ce10.0,"부천시 성관인은 대선 때 사전 수표술과 원활하게 운영되도록 잘 준비하겠다, 곧 밝혔다."
p00_u50,p00,taps,"영화 해적, 독게기 hip발이 8일 연속 박소옵기실 최정상을 듣기며 설 연휴 극장가를 사무자 봤다."
p00_u50,p00,ce0.0,"영화 해적, 독게기 hip발이 8일 연속 박소오풷실 최정상을 듣기며 설 연윤 북장가를 사로잡았다."
p00_u50,p00,ce0.1,"영화 해적, 독게기 휘발이 8일 연속 박소호피스 최장상을 듣기며 설 연휴 극장가를 사무자봤다."
p00_u50,p00,ce0.5,"영화 해적, 독게 이 윗발이 8일 연속 박소호피스 최정상을 듣기며 설 연윤 극장가를 사무자 봤다."
p00_u50,p00,ce1.0,영화 해적 도깨기깃발이 8일 연속 박수오피스 최정상을 듣기며 설 연휴 극장가를 사무자봤다.
p00_u50,p00,ce2.0,"영화 해적, 독게기 뒷다리 8일 연속 박수고 비수 최정상을 듣기며 설 연휴 극장가른 사무자받다."
p00_u50,p00,ce5.0,"영화 해적, 독게기 휘발이 8일 연속 박소호피스 최정상을 듣기며 설 연휴 극장가는 사무자맛다."
p00_u50,p00,ce10.0,"영화 해적, 독게기 휘발이 8일 연속 박소호피스 최정상을 듣기며 설 연휴 극정가는 사무자 맞다."
p00_u51,p00,taps,3일 영화지는 요원에 영화가 입장권 통화 점산망에 따르면 해적 도깨기 길발은 덧날 하루 동안 13만 1711명을 동원해 무조건 갭수 88만 1496명을 기록했다.
p00_u51,p00,ce0.0,3일 영화지는 이원에 영화가 입장권 통화점 3망에 따르면 해적 도깨기 기발은 간날 하루 동안 13만 1711명을 동원해 무조건객수 88만 1496명을 기록했다.
p00_u51,p00,ce0.1,3일 영화지는 이원에 영화가 입장권 통화 점산망에 따르면 회적 도깨기 휘발은 전날 하루 동안 13만 1711명을 동원해 누적 관객수 88만 1496명을 기록했다
p00_u51,p00,ce0.5,3일 영화지는 이원에 영화가 입장권 통화점산망에 따르면 해적 도깨 20발은 반날 하루 동안 13만 1711명을 동원해 무조건객수 88만 1496명을 기록했다
p00_u51,p00,ce1.0,"3일 영화지능위원회, 영화가 입장권 통화점산망에 따르면 해적 도깨 위 윗발은 건날 하루 동안 13만 1711명을 동원해 누려 관객수 88만 1496명을"
p00_u51,p00,ce2.0,3일 영아지는 이원에 영아가 입장권 통화점산망에 따르면 해적 도깨 20발은 겠날 하루 동안 13만 1711명을 동원해 무조건객수 88만 1496명을 기록했다.
p00_u51,p00,ce5.0,3일 영화지능위원회 영화관 입장권 통화점산망에 따르면 해적 도끼리 신발은 겐날 하루 동안 13만 1711명을 동원해 무조건객수 88만 1496명을 기록했다.
p00_u51,p00,ce10.0,3일 영아지는 의원에 영아가 입장권 통화점산망에 따르면 해적 도객이 빛받은 전날 하루 동안 13만 1711명을 동원해 누적 관객수 88만 1396명을
p00_u52,p00,taps,"해적, 독게기 윗발은 행적도 없이 사라진 왕실 보물의 주인이 되기 위해 바자로 모인 해적그래 스펙 닦그란 모험을 그린 영화다."
p00_u52,p00,ce0.0,"해적, 독게기 윗발은 흥적도 없이 사라진 왕실 보물의 주인이 되기 위해 바자로 모인 해적그래 스펙 닦그란 모험을 그린 영화다."
p00_u52,p00,ce0.1,"해적, 독게기 윗발은 행적소 없이 사라진 왕실 보물의 주인이 되기 위해 바자로 모인 해적그래 스펙타그란 모험을 그린 영화다."
p00_u52,p00,ce0.5,"해적, 독게기 윗받은 흔적도 없기 사라진 왕실 보물의 주인이 되기 위해 바다로 모인 해적그래 스펙닭그란 모험을 그린 영화다."
p00_u52,p00,ce1.0,"해적, 독게기 이빨은 흔적도 없이 사라진 왕실본물의 주인이 되기 위해 바다로 모인 해적근의 스펙 닦그란 모험을 그린 영화다."
p00_u52,p00,ce2.0,"해적, 독게기 윗발은 현적소 없이 사라진 왕실본물의 주인이 되기 위해 바다로 모인 해적 등의 슬픽 닦그란 모험을 그린 영화다."
p00_u52,p00,ce5.0,"해적, 독게기 윗받은 흔적도 없이 사라진 왕실 봄문의 주인이 되기 위해 바다로 모인 해적끈의 슬팩 닦그란 모험을 그린 영화다."
p00_u52,p00,ce10.0,"해적, 독게기 윗발은 승적도 없이 사라진 왕실 보물의 주인이 되기 위해 바다로 모인 해적들의 스펙 닦그란 몸을 그린 영화다."
p00_u53,p00,taps,작품은 동시기 재봉장을 비롯해 정쟁한 국내의 모든 경쟁작을 앞두족으로 대치며 올해 개봉작 중 최고 스코오를 넘어섰다
p00_u53,p00,ce0.0,작품은 동시기 재봉작을 비롯해 정쟁한 국내의 모든 경쟁작을 앞돔적으로 질치며 올해 개봉작 중 최고 스코오를 넘어섰다
p00_u53,p00,ce0.1,"작품은 동시기 개봉작을 비롯해, 정쟁한 국내의 모든 경쟁작을 앞두족으로 들치며 올해 개봉작 중 최고 스코오를 넘어섰다."
p00_u53,p00,ce0.5,작품은 동시기 개봉작을 비롯해 정장한 국내의 모든 경쟁작을 앞돔적으로 듣치며 올해 개봉작용 최고 스포을 넘어섰다.
p00_u53,p00,ce1.0,작품은 동시기 개봉작을 비롯해 정쟁한 국내의 모든 경쟁작을 앞돔적으로 듣치며 올해 개봉작 중 최고 스포을 넘어졌다.
p00_u53,p00,ce2.0,"작품은 동시기 개봉작을 뒤로태, 정쟁한 국내의 모든 경쟁작을 압도적으로 들치며 올해 개봉작 중 최고 스포을 넘어졌다."
p00_u53,p00,ce5.0,작품은 동시비 개봉작을 비롯해 경쟁한 국내의 모든 경쟁작을 압도적으로 주치며 올해 개봉작 중 최고 스크무를 넘어섰다
p00_u53,p00,ce10.0,작품은 동시기 개봉장을 비롯해 정쟁한 국내의 모든 경쟁장을 앞돔적으로 듣치며 올해 개봉작 중 최고 스코오를 넘어졌다
p00_u54,p00,taps,"2위를 차지한 킹 메이커는 7만 6,288명을 불렀 모아 무려 건객수 48만 4,429명을 동원했다."
p00_u54,p00,ce0.0,"2위를 차지한 킹 메이커는 7만 6,288명을 불러 모아 누려 관객수 48만 4,429명을 동원했다"
p00_u54,p00,ce0.1,"이기를 차지한 킹 메이커는 7만 6,288명을 불렀 모아 무려 공객수 48만 4,429명을 동원했다."
p00_u54,p00,ce0.5,"2위를 차지한 킹 메이커는 7만 6,288명을 불러 모아 늦어 공객수 48만 4,429명을 동원했다."
p00_u54,p00,ce1.0,"2위를 차지한 킹 메이커는 7만 6,288명을 불러 모아 누려 건객수 48만 4,429명을 동원했다."
p00_u54,p00,ce2.0,"2위를 차지한 킹 메이커는 7만 6,288명을 불러 모아 누적 공객주 48만 4,429명을 동원했다."
p00_u54,p00,ce5.0,"2위를 차지한 킹 메이커는 7만 6,288명을 불러 모아 늦었건객수 48만 4,429명을 동원했다"
p00_u54,p00,ce10.0,"2위를 차지한 킹 메이커는 7만 6,288명을 불러 모아 루저 관객수 48만 4,429명을 동원했다."
p00_u55,p00,taps,4위 싱투베터는 열린 관곡수 2만 628명으로 무려 관곡수는 79만 3549명으로 뒷계됐다.
p00_u55,p00,ce0.0,사위싱 2회 더는 윌린 관객수 2628명으로 무려 관객수는 79만 3549명으로 집계됐다.
p00_u55,p00,ce0.1,사위싱 2개 더는 윌린 관객수 2628명으로 무력 관객수는 79만 3549명으로 집계됐다.
p00_u55,p00,ce0.5,4위 싱퇴해 너는 11 관객수 2628명으로 누적 관객수는 79만 3549명으로 짓게 됐다.
p00_u55,p00,ce1.0,4위 싱크에 넣는 1일 관곡수 2628명으로 무려 관곡수는 79만 3549명으로 집계됐다.
p00_u55,p00,ce2.0,4위 싱투벼더는 1.0 광객수 2628명으로 무려 광객수는 79만 3549명으로 집계됐다.
p00_u55,p00,ce5.0,4위 싱축에 너는 1일 관객수 2628명으로 무려 관객수는 79만 3549명으로 짓게 됐다.
p00_u55,p00,ce10.0,4위 싱툭에 넣는 은림 관객수 2628명으로 유력 관객수는 79만 3549명으로 집계됐다.
p00_u56,p00,taps,"5위 극장판 안령자드야 제주도의 비밀은 1,255명, 무조건객수 6만 7,328명이다."
p00_u56,p00,ce0.0,"5위 급장판 안령자드야 제주도의 지밀은 1,255명, 무조건객수 6만 7,328명이다."
p00_u56,p00,ce0.1,"5위 극장판 안령자드야 제주도의 비밀은 1,255명, 무조건객수 6만 7,328명이다."
p00_u56,p00,ce0.5,"5위 극장판 안령자드야 제주도의 비밀은 을 공격수 1만 2천 555명, 묘적 공격수 6만 7368명이다."
p00_u56,p00,ce1.0,"5위 국정판 안령가드야 제주도의 비밀은 1,255명, 누려 공개핏수 6만 7,368명이다."
p00_u56,p00,ce2.0,"5위 극장판 안령자두야 제주도의 비밀은 1,255명 유력 공객수 6만 7,368명이다."
p00_u56,p00,ce5.0,"5위 극장판 안년가드야 개주도의 비밀은 을공객수 1만 2,555명 누려공객수 6만 7,368명이다"
p00_u56,p00,ce10.0,"5위 국정판 안령 자두야 제주도의 비밀은 1,255명, 묘적 공객수 6만 7,328명이다."
p00_u57,p00,taps,경기 과찬 씨는 2022년 꽃과 시민 있는 거리 조성 사업을 통해 거리 곳곳에 꽃창기 가득한 잠성 공간을 조성하고 있다고 19일 밝혔다.
p00_u57,p00,ce0.0,전기 과찬 씨는 2022년 꽃과 시민 있는 거리 조성 사업을 총해 거리 곳곳에 꽃창기 사득한 감성 공간을 조성하고 있다고 19일 밝혔다.
p00_u57,p00,ce0.1,경기 과찬 씨는 2022년 국과 시민 있는 거리 조성 사업을 통해 거리 곳곳에 꽃창기 가득한 잠성 공간을 조성하고 있다고 19일 밝혔다.
p00_u57,p00,ce0.5,경기 과찬 씨는 2022년 국과 시민 있는 거리 조성 사업을 통해 거리 곳곳에 고창기 가득한 감성 공간을 조성하고 있다고 19일 밝혔다.
p00_u57,p00,ce1.0,경기 과찬 씨는 2022년 국과 시민이 있는 거리 조성 사업을 통해 거리 곳곳에 꽃창길 가득한 감성분간을 조성하고 있다고 19일 밝혔다.
p00_u57,p00,ce2.0,경기 과찬 씨는 2022년 국가심이 있는 거리 조성 사업을 통해 거리 곳곳에 꽃창기 가득한 잠성공간은 조성하고 있다고 19일 밝혔다.
p00_u57,p00,ce5.0,강규 과찬 씨는 2022년 국과 시민이 있는 거리 조성 사업을 통해 거리 곳곳에 꽃창기 가득한 감성공간을 조성하고 있다고 19일 밝혔다.
p00_u57,p00,ce10.0,경기 화찬 씨는 2022년 복부와 시민이 있는 거리 조성 사업을 통해 거리 곳곳에 꽃창길 가득한 감성 공간을 조성하고 있다고 시쿠일 밝혔다.
p00_u58,p00,taps,"과찬 씨는 이 사업을 통해 과찬 시민 내 간 옆, 정부 과찬 청사 버스 정리장 인근, 치율 정원을 다양한 꽃과 허브 향기가 가득한 자연 친화적 감성 정원으로 새 단장했다."
p00_u58,p00,ce0.0,"과천시는 이사업을 통해 과천심인 내 간 옆, 정부 과천청사 버스 정리장 임근, 치율 정원을 다양한 꽃과 서부 향기가 가득한 자연 친하적 감성 정원으로 새 단장했다."
p00_u58,p00,ce0.1,"과천 씨는 이 사업을 통해 과천심인 뇌관엽, 정부 과천청사 버스 정리장인근, 치유 정원을 다양한 꽃과 서부 향기가 가득한 자연 친화적 감성 정원으로 새 단장했다."
p00_u58,p00,ce0.5,"과천 씨는 이 사업을 통해 과천심인 내 간 옆, 정부 과천 청사 버스 정리장 윤근, 치유 정원을 다양한 복과 허브 향기가 가득한 자연 친화적 감성 정원으로 새 단장했다."
p00_u58,p00,ce1.0,"과천지는 이사업을 통해 과천심인 내 간 옆, 정부 과천청사 버스 종류장인근, 치유정원을 다양한 꽃과 허브 향기가 가득한 자연치나적 감성정원으로 새 단장했다."
p00_u58,p00,ce2.0,"과천시는 이사업을 중해 과천심인 뇌관엽, 정부 과천청사 버스 정리장인근, 치유 정원을 다양한 꽃과 서부 향기가 가득한 자연치나적 감성 정원으로 새 단장했다."
p00_u58,p00,ce5.0,"과천 씨는 이 사업을 통해 과천심인 내 간 옆, 경북 과천청사 버스 종류장 윤근, 치유 정원을 다양한 꽃과 소부 향기가 가득한 다연 친화적 감성 경원으로 새 단장했다."
p00_u58,p00,ce10.0,"과천시는 이사업을 통해 과천심인 내 간 옆, 정두 과천청사 버스 정리장인근, 치유 정원을 다양한 꽃과 서부 향기가 가득한 자연 친화적 감성 정원으로 새 단장했다."
p00_u59,p00,taps,치유정원은 버스나 디아처를 이용하는 힘인들이 대중교통 수산을 기다리는 동안 라벤더 등 16여종의 서부 향기를 겪이고 토토전까지 구비된 장소이다.
p00_u59,p00,ce0.0,치율정원은 버스나 지하철을 이용하는 시민들이 대중교통 수산을 기다리는 동안 라벤더 등 16여정에 협의한기를 즐기고 토토정까지 구비된 장소이다.
p00_u59,p00,ce0.1,치유정원은 버스나 지하철을 이용하는 시민들이 대중교통 수산을 기다리는 동안 라벤더 등 16여정의 터부 향기를 즐기고 포토전까지 구비된 향소이다.
p00_u59,p00,ce0.5,기울정원은 버스나 기하차를 이용하는 희반들이 대중교통 수산을 기다리는 동안 라벤더 등 16여정의 허브 향기를 켜고 포토 전까지 구비된 향수이다.
p00_u59,p00,ce1.0,치유종원은 버스나 지하철을 미용하는 힘인들이 대중교통 수산을 기다리는 동안 라벤더 등 16여종의 허브 향기를 즐기고 토토정까지 구비된 장소입니다.
p00_u59,p00,ce2.0,치유정원은 버스나 기하철을 이용하는 시민들이 대중교통 수산을 기다리는 동안 라벤더 등 16여정의 허브 향기를 즐기고 소토정까지 구비된 장소입니다.
p00_u59,p00,ce5.0,치율정원은 버스나 기하철을 이용하는 힘이 내리 대중교통 수단을 기다리는 동안 라벤더 등 16여종의 허브 향기를 긁고 포토정까지 구비된 장소이다.
p00_u59,p00,ce10.0,치유정원은 버스나 지하철을 미용하는 힘이 내리 대중교통 수산을 기다리는 동안 라벤더 등 16여종의 서부 향기를 겪우고 소토 전까지 구비된 장소입니다.
p00_u60,p00,taps,시는 지난해부터 꽃가시미 있는 거리 조성사업을 투진해 코로나19로 지친 시민의 마음을 치유하고자 도신 곳곳의 감성공간을 조성해왔다.
p00_u60,p00,ce0.0,쉬는 지난해부터 꽃가심이 있는 거리 조성사업을 치진해 포로나 일부러 지친 시민의 마음을 치유하고자 도신국곳의 감성공간을 조성해왔다.
p00_u60,p00,ce0.1,시는 지난해부터 꽃가심이 있는 거리 조성사업을 추진해 코로나19로 지친 시민의 마음을 치유하고자 도신 곳곳의 감성공간을 조성해왔다.
p00_u60,p00,ce0.5,시는 지난해부터 꽃가시민 있는 거리 조성사업을 취지 내 포로나 일구로 지친 시민의 마음을 취유하고자 도신국곳의 감성공간을 조성해왔다.
p00_u60,p00,ce1.0,시는 지난해부터 복가심이 있는 거리 조성사업을 퇴근해 포로나 일구를 유킨 시민의 마음을 치유하고자 도심국곳의 감성공간을 조성해왔다
p00_u60,p00,ce2.0,시는 지난해부터 꽃가심이 있는 거리 조성사업을 치진해 호나일구로 지친 시민의 마음을 치유하고자 도진국곳의 감성공간을 조성해왔다.
p00_u60,p00,ce5.0,시는 지난해부터 꽃가시민 있는 거리 조성사업을 규진해 포로나일구로 지켜시민의 마음을 치유하고자 도신 곳곳의 감성공간을 조성해왔다.
p00_u60,p00,ce10.0,신은 지난해부터 꽃가시민 있는 거리 조성사업을 추진해 소론의 유구를 주춘 시민의 마음을 추유하고자 도신 곳곳의 감성공간을 조성해왔다.
p00_u61,p00,taps,"지난해에는 대공원 나들길의 계절마다, 총화, 관목, 화분 등을 설치해 시민들이 산책과 휴식을 취향성 있는 힐링 공간을 만들었다."
p00_u61,p00,ce0.0,"지난해에는 대공한 나들길의 계절마다, 초와, 관목, 화분 등을 설치해 시민들의 산책과 휴식을 취할 수 있는 힐링 공간을 만들었다."
p00_u61,p00,ce0.1,"지난해에는 배공원 나들길의 계절마다, 초와, 광북, 화분 등을 설치해 시민들이 산책과 휴식을 취할 수 있는 힐링 공간을 만들었다."
p00_u61,p00,ce0.5,"지난해에는 대공원 나름끼네 계절마다 초와, 관북, 화분 등을 설치해 시민들이 산책과 주식을 채화할 수 있는 힐링 공간을 만들었다."
p00_u61,p00,ce1.0,"지난해에는 대공원 나들끼래 개절마다 초와 관목, 화분 등을 설치해 시민들이 산책과 휴식을 취할 수 있는 흔린 공간을 만들었다."
p00_u61,p00,ce2.0,"지난해에는 대공한 나들끼리 개전마다 초와, 관복, 화분 등을 설키해 시민들이 산책과 휴식을 취한 수 있는 핸딩 공간을 만들었다."
p00_u61,p00,ce5.0,"지난해에는 대공원 나릇길에 계절마다, 초와, 관목, 화분 등을 설키해 시민들이 산책과 실식을 체한 수 있는 흰진 공간을 만들었다."
p00_u61,p00,ce10.0,지난해에는 배공간 나들끼래 개절마다 초와 관복 4분 등을 설치해 희민들이 산책과 귤식을 체한 수 있는 희린 공간을 만들었다.
p00_u62,p00,taps,"또 지난달 중순에는 지역 가로범 및 지역 화단에 루피나 순후의 20여정과 약 10일만 모내 고칠, 축제하기도 했다."
p00_u62,p00,ce0.0,또 지난달 중순에는 지역 가로범 및 지역 화단에 루피너스 외 20여정과 약 10일만 모내 고칠 숙제하기도 했다.
p00_u62,p00,ce0.1,또 지난달 중순에는 지역 가로범 및 지역 화단에 루피너스 외 20여정과 약 10일만 모내고칠 특제하기도 했다.
p00_u62,p00,ce0.5,또 지난달 중순에는 지역 가로벽 및 지역 화단에 루피너스 외 20여종과 약 10일만 원의 꽃을 픽세하기도 했다.
p00_u62,p00,ce1.0,또 기난달 중순에는 기억 가로벽 및 기억 화단에 루피나스 외 20여동과 약 10일만 원의 꽃을 흡대하기도 했다.
p00_u62,p00,ce2.0,또 지난달 중순에는 지역 가로벽 및 지역 화단에 루피너스 외 20여정과 약 10일만 보내고칠 숙제하기도 했다.
p00_u62,p00,ce5.0,"또 지난달 중순에는 기억 가루변미, 기억 화단의 루피너스 외 20년동과 약 10일만 모내고칠 특제하기도 했다."
p00_u62,p00,ce10.0,또 지난달 정수내는 지역 가로변 및 지역 화단에 루피너스 외 20여정과 약 10일만 모내 꽃을 숙제하기도 했다.
p00_u63,p00,taps,단양의 곧기 명소로 주목받고 있는 나망강 어우른 길을 최근 전면 개통에 관광객의 밝기를 뺄고 있다.
p00_u63,p00,ce0.0,단ang의 곧기 명소로 주목받고 있는 나만강 어우른 길을 최근 전면 개청의 강강객의 발길을 끌고 있다.
p00_u63,p00,ce0.1,가능의 곧기 명소로 주목받고 있는 나만강 어우른 길을 최근 전면 개통의 강강객의 밝기를 끌고 있다.
p00_u63,p00,ce0.5,단양의 곧기 명소로 주목받고 있는 나만강 어우른 길을 최근 전면 개통의 관광객의 밝기를 끌고 있다.
p00_u63,p00,ce1.0,단양의 곧기 명소로 주목받고 있는 남한강 어롱길이 최근 전면 개통의 강강객의 밝기를 끌고 있다.
p00_u63,p00,ce2.0,단양의 걷기 명소로 주목받고 있는 남한강 5월은 길이 최근 전면 개청의 관광객의 밝기를 끌고 있다.
p00_u63,p00,ce5.0,단양의 곧기 명소로 주목받고 있는 나만강 어우름길을 최근 전면 개통의 관광객의 밝기를 끌고 있다.
p00_u63,p00,ce10.0,단양의 걷기 명소로 주목받고 있는 나만강 어우름길을 최근 전면 개통역 관광기획의 발교를 끌고 있다.
p00_u64,p00,taps,군에 따르면 나만강 어른길은 느림부 강물길 네 코스 우경 틀별로와 단양생탱 체육공원은 있는 구간으로 265m 연결로와 45m 별량이 최근 개통됐다.
p00_u64,p00,ce0.0,군에 따르면 남아각 어른길은 느림보우 강물길 4코스 우중 틀별로와 단양생탱 체육공원을 잃는 구간으로 265m 연결로와 45m 교량이 최근 개통됐다.
p00_u64,p00,ce0.1,군에 따르면 남아강 어른길은 느린보우 강물길 네 코스 우중 틀별로와 단양생탱 체육공원을 입는 구간으로 265m 연결로와 45m 결량이 최근 개통됐다.
p00_u64,p00,ce0.5,분해 따르면 남아강 오른길은 느림부 강물길 내 코스 우승 틀별로와 단양생탱 체육공원에 립는 구간으로 265m 연결로와 45m 결항이 최근 개통됐다.
p00_u64,p00,ce1.0,군에 따르면 나만강 어른길은 느림보호 강물길 4코스 우중 틀별 로아 단양생탱 체육공원에 맵는 구간으로 265m 연결로와 45m 교장이 최근 개통됐다.
p00_u64,p00,ce2.0,군에 따르면 남아강 어른길은 늘리보우 강물길 내 코스 우중 튜벤 로아 단양생탱 체육공원에 린는 구간으로 265m 연결로와 45m 교량이 최근 개통됐다.
p00_u64,p00,ce5.0,"군에 따르면 남아강 어른길은 느리보호 강물길 내 코스 우경 틀별 로아, 단양생탱 체육공원에 넣는 구간으로 265m 연결로와 45m 교장이 최근 개통됐다."
p00_u64,p00,ce10.0,분해 따르면 남한강 어른길은 늘리보 강물길 넥코스 우중 틀별로와 단양생탱 체육공원에 맵는 구간으로 265m 연결로와 45m 교량이 최근 개통됐다.
p00_u65,p00,taps,이번에 개통된 연결로와 교량은 느림부 강물길은 내 코스 약 6km 구간을 모두 있는 마지막 연결골이다.
p00_u65,p00,ce0.0,이번에 개통된 연결로와 조량은 니린 보호 강물길은 내 코스 약 6km 구간을 모두 있는 마지막 연결골이다
p00_u65,p00,ce0.1,이번에 개통된 연결로와 교량은 느린부 강물길 내 코스 약 6km 구간을 모두 있는 마지막 연결골이다.
p00_u65,p00,ce0.5,이번에 개통된 연결로와 조당은 내린 보호 강물길인 내 코스 약 6km 구간을 모두 있는 마지막 연결골이다
p00_u65,p00,ce1.0,이번에 개통된 연결로와 조량은 느린보 강물길 내 코스을 약 6km 구간을 모두 있는 마지막 연결골이다.
p00_u65,p00,ce2.0,이번에 개통된 연결로와 교장은 니린 보호 강물기는 내 코스 약 6km 구간을 모두 있는 마지막 연결골이다
p00_u65,p00,ce5.0,이번에 개통된 연결로와 교량은 느린 보호 강물길은 내 코스 약 6km 구간을 모두 있는 마지막 연결골이다.
p00_u65,p00,ce10.0,이번엔 개통된 연결로와 조장은 니린 보호 강물 끼는 내 코스 약 6km 구간을 모득 있는 마지막 연결골이다
p00_u66,p00,taps,"어른길은 경험과 광장, 포토전 등 다양한 편의 시절이 확등될 예정이고 단양생태 체육공원 등의 대형 투체량이 추가로 확보된다."
p00_u66,p00,ce0.0,"어우름길은 정원과 광장, 포토전 등 다양한 편의 시절이 확등될 예정이고 단양성태 체육공원 등의 대형支체량이 추가로 확보된다."
p00_u66,p00,ce0.1,"어우름길은 경험과 광장, 포토전 등 다양한 편의 시절이 확등될 예정이고 단양생태 체육공원 등의 대형 출천항이 추가로 확보된다."
p00_u66,p00,ce0.5,"어른길은 경험과 광장, 포토 전등, 다양한 편의 시절이 확킹될 예정이고 단양생태 체육공원 등이 대형 투체량이 추가로 확보된다."
p00_u66,p00,ce1.0,"어우름길은 경험과 광장, 포토 전등, 다양한 편의 시절이 확승될 예정이고 단양생태 체육공원 등의 대형 교차장이 추가로 확보된다."
p00_u66,p00,ce2.0,"어른길은 경험과 광장, 포토 전등, 다양한 편의 시절이 확킹될 예정이고 단양생태 체육공원 등의 대형 추천항이 추가로 확보된다."
p00_u66,p00,ce5.0,"어른길은 경험과 광장, 포토 전등, 다양한 편의 시절이 확징될 예정이고 단양 형태 체육공원 등의 대형조차장이 추가로 확보된다."
p00_u66,p00,ce10.0,"어른길은 경원과 광장, 포토 전등, 다양한 편의 시절이 확정될 예정이고 단양 형태 체육공원 등이 대형 추천항이 추가로 확보된다."
p00_u67,p00,taps,게다가 카야과 파티 모트 등 다채로 수상 네포츠는 즐길 수 있는 단양 흥태 체육공항 개를 장도 개장을 눈앞에 두고 있다.
p00_u67,p00,ce0.0,대다가 카역과 파트 모트 등 다채로 수상 네포치를 즐길 수 있는 단양생태 체육공항 개를 장도 제장을 눈앞에 두고 있다.
p00_u67,p00,ce0.1,게다가 카역과 파키 모트 등 다채로 수상 레포치는 즐길 수 있는 단양생태 체육공항 개를 장도 제장을 눈앞에 두고 있다.
p00_u67,p00,ce0.5,게다가 카역과 파티 모트 등 다채로운 수상 네포치를 즐길 수 있는 단양생태 체육공항 개를 장도 회장을 눈앞에 두고 있다.
p00_u67,p00,ce1.0,개나가 카역과 파티 모트 등 다채로운 수상 네포츠는 즐길 수 있는 단양 형태 체육공항 개를 장도 개랑을 눈앞에 두고 있다.
p00_u67,p00,ce2.0,대다가 카역과 파티 모트 등 다채로운 수상 레포채는 즐길 수 있는 단양 행태 체육공한 개를 장도 개장을 눈앞에 두고 있다
p00_u67,p00,ce5.0,개나가 카역과 파키 모트 등 다채로운 수상 레포채는 즐길 수 있는 단양생태 체육공항 개를 장도 개장을 눈앞에 두고 있다.
p00_u67,p00,ce10.0,게다가 카역과 파트 모트 등 다채로 수상 레포채는 즐길 수 있는 단양생태 체육공원 개를 장도 계장을 눈앞에 두고 있다.
p00_u68,p00,taps,"특히 이 길은 느린부 광물길, 이래서 오코스, 다장자리에 있어, 도심 방면으로는 도심의 세른 미워한게, 만천화 스카이와크, 이기 터널 등 유명 건강기를 둘러볼 수 있다."
p00_u68,p00,ce0.0,특히 이길은 느린부 광물길 이래서 오코스트 4장자리에 있어 도심 방면으로는 두심의 세련미와 함께 만천화 스카이와크 이퀴처널 등 룸양 건강기를 들러볼 수 있다.
p00_u68,p00,ce0.1,"특히 이 길은 느린부 강물길, 이래서 오코스, 사장자리에 있어, 도심 방면으로는 도심의 세른 미워한게, 만천화 스카이와크 이기터널 등 유명 건강기를 둘러볼 수 있다."
p00_u68,p00,ce0.5,"특히 이 길은 누린부 강물길 이래서 오코스 과장자리에 있어 부심방면으로는 부심의 흐른 미워 항계, 만천화 스카이왔크, 이기터널 등 유명공항기를 둘러볼 수 있다."
p00_u68,p00,ce1.0,특히 이 길은 느림부 강물길 이래서 오코스 가량자리에 있어 도심 방면으로는 도심의 세른 미워한게 만천화 스카이왔크 이기터널 등 유명 건강기를 둘러볼 수 있다.
p00_u68,p00,ce2.0,특히 이길은 느린부 광물길 이래서 오코스 가장자리에 있어 두신 방면으로는 도심의 세련 미워한게 만천화 스카이 워크 이기 터널 등 유명 건강기를 둘러볼 수 있다.
p00_u68,p00,ce5.0,특히 이길은 느린 무강물길 이래서 오코스 가장자리에 있어 두힘 방면으로는 두힘의 세련미와 함께 만천화 스카이와크 이기터널 등 유명 건강기를 둘러볼 수 있다.
p00_u68,p00,ce10.0,특히 이길은 느림부 강불길 이래서 오코스 가장자리에 있어 도심 방면으로는 도심의 세련미와 함께 만천화 스카이와크 이기터널 등 유명 건강기를 둘러볼 수 있다
p00_u69,p00,taps,"두힌 외곽 방면으로는 도담산봉과 성문, 금글 등 역사 명승지를 만날 수 있다."
p00_u69,p00,ce0.0,"도심 외곽 광면으로는 도담산봉과 성문, 금쿨 등 역사 명승지를 만날 수 있다."
p00_u69,p00,ce0.1,"도심 외곽 방면으로는 도담산봉과 성문, 금풀 등 역사 명승지를 만날 수 있다."
p00_u69,p00,ce0.5,"두신 외곽 왕면으로는 도담산봉과 성분, 금풀 등 역사 명승지를 만날 수 있다."
p00_u69,p00,ce1.0,"두신 외곽 공면으로는 도담산문과 성문, 귬풀 등 역사 명승지를 만날 수 있다."
p00_u69,p00,ce2.0,"두신 외곽 공면으로는 도담산봉과 성분, 금쿨 등 역사 명승지를 만날 수 있다."
p00_u69,p00,ce5.0,"도심 외곽 공면으로는 도담산봉과 성문, 금굴 등 역사 명흥기를 만날 수 있다."
p00_u69,p00,ce10.0,"두신 외곽 방면으로는 도담산봉과 성문, 금꿀 등 역사 명승기를 만날 수 있다."
p00_u70,p00,taps,"전국의 이름난, 상양강 간도화하고도 이어져. 방양강 따라 걷는 약 4km는 임인 큰 인기를 끌며 전국의 트랙킹 예용아들의 주목을 받고 있다."
p00_u70,p00,ce0.0,"전국의 이름난, 장양강 잔두화하고도 이어져. 방양강 따라 걷는 약 4km는 이미 큰 인기를 끌며 전국의 트랙킹 예호 가죄를 주목을 받고 있다."
p00_u70,p00,ce0.1,전국의 이름 난 당양강 잔두화하고도 이어져 당양강 따라 걷는 약 4km는 이미 큰 인기를 끌며 전국의 트랙킹이 여우라들의 전목을 받고 있다
p00_u70,p00,ce0.5,전국의 이름난 방향강 잔도화하고도 이어져 방향강 따라 걷는 약 4km는 은은 큰 인기를 끌며 전국의 트랙킹 예우가 될의 주목을 받고 있다
p00_u70,p00,ce1.0,전국의 이름 난 방향강 간도화하고도 이어져 방향강 따라 걷는 약 4km는 이는 큰 윤기를 빼며 전국의 트랙킹 예우가 될의 전국을 받고 있다
p00_u70,p00,ce2.0,전국의 이름난 방향강 간도화하고도 이어져 방향강 따라 걷는 약 4km는 이미 큰 이길을 끄며 경기계 트랙킹 여우가들의 주목을 받고 있다
p00_u70,p00,ce5.0,"전국의 이름난, 당양강 간도화하고도 이어져. 당양강 따라 걷는 약 4km는 이미 큰 인기를 끌며 전국의 트랙킹 예우가 될의 주목을 받고 있다."
p00_u70,p00,ce10.0,전국의 이름난 당양강 간도화하고도 이어져 당양강 따라 걷는 약 4km는 운이 큰 인기를 끌며 전국의 트랙큰 매우가들의 조목을 맡고 있다
p00_u71,p00,taps,조이시티는 자외사 로드위 웨툼의 사명을 조이풀 엔터테인먼트로 변경했다고 사일 밝혔다.
p00_u71,p00,ce0.0,DOE CT는 자외사 로드비 웨툼의 사명을 조입을 엔터테인먼트로 전경했다고 사일 밝혔다.
p00_u71,p00,ce0.1,주의시티는 자회사 로드비 외투네 사명을 조이풀 엔터테인먼트로 변경했다고 사일 밝혔다.
p00_u71,p00,ce0.5,조이시키는 자회사 로드 비 웨툼의 사명을 조이플 엔터테인먼트로 변경했다고 하얀 발켰다.
p00_u71,p00,ce1.0,조희시티는 자회사 로드 비 웨툼의 사명을 조입을 엔터테인먼트로 변경했다고 하을 밝혔다.
p00_u71,p00,ce2.0,조희시키는 자회사 로드비 외투네 사명을 조이풀 엔터테인먼트로 변경했다고 사일 밝혔다.
p00_u71,p00,ce5.0,조이시티는 자회사 로드비 웨툼의 사명을 조입을 엔터테인먼트로 변경했다고 하일 밝혔다.
p00_u71,p00,ce10.0,조희시티는 자회사 로드 비 웨톤의 사명을 조입을 엔터테인먼트로 변경했다고 사일 밝혔다.
p00_u72,p00,taps,새로운 사냥인 조이프 랜터 등이 많다면 조이와 티플의 합성으로 독자들에게 길고 업을 안겨주는 콘텐츠를 개발하겠다는 뜻을 담았다.
p00_u72,p00,ce0.0,새로운 사냥인 조이프를 엔세팅이 많듯은 조이와 히프를 합성으로 독자들에게 즐거움을 안겨주는 콘텐츠를 개발하겠다는 뜻을 잡았다.
p00_u72,p00,ce0.1,새로운 사명인 조이프 렌터팅이 많다면 조이와 히플의 합성으로 독자들에게 즐거움을 안겨주는 콘텐츠를 개발하겠다는 뜻을 잡았다.
p00_u72,p00,ce0.5,새로운 사명이 조입뿌렌터테인먼트는 조이와 히프를 합성으로 독자들에게 즐거움을 안겨주는 콘텐츠를 개발하겠다는 뜻을 담았다.
p00_u72,p00,ce1.0,새로운 사명인 조입부 랜터테니 먼튼은 조이와 피프를 합성으로 독자들에게 즐거움을 안겨주는 콘텐츠를 개발하겠다는 뜻을 담았다.
p00_u72,p00,ce2.0,새로운 사명인 조입부 엔터테인먼트는 조이와 피프를 합성으로 독자들에게 즐거움을 안겨주는 콘텐츠를 개발하겠다는 뜻을 담았다.
p00_u72,p00,ce5.0,새로운 사명인 조입브랜터팅이 많다면 조이와 피플의 합성으로 독자들에게 즐거움을 안겨주는 콘텐츠를 개발하겠다는 뜻을 담았다.
p00_u72,p00,ce10.0,새로운 사명인 조입랭터팅이 많다면 조이와 팁불의 합성으로 독자들에게 즐거움을 안겨주는 콘텐츠를 개발하겠다는 뜻을 잡았다.
p00_u73,p00,taps,"조이프를 엔터테인먼트는 올해 4인용 선목, 개국님의 애완수인 등 다양한 작품을 선보였다."
p00_u73,p00,ce0.0,"조이프 댄서테이먼트는 올해 사인용 선보, 대공림의 애완수인 등 다양한 작품을 선보였다."
p00_u73,p00,ce0.1,"조이프를 엔서테이먼트는 올해 사인용 선보, 대공림의 에완수인 등 다양한 작품을 선보였다."
p00_u73,p00,ce0.5,조이프를 엔터테인먼트는 올해 4인용 선묵 개국님의 애완수인 등 다양한 작품을 선보였다.
p00_u73,p00,ce1.0,조이프를 엔터테인먼트는 올해 4인용선로 개국님의 에완수인 등 다양한 작품을 선보였다.
p00_u73,p00,ce2.0,"조이프를 엔터테이먼트는 올해 사인용 선보, 대공님의 애완수인 등 다양한 작품을 선보였다."
p00_u73,p00,ce5.0,"조이프를 엔터테인먼트는 올해 사인용 선목, 개국림의 애완수인 등 다양한 작품을 선보였다."
p00_u73,p00,ce10.0,조이프를 엔터테인먼트는 올해 사이밍선머 대공림의 애완수인 등 다양한 작품을 선보였다
p00_u74,p00,taps,이중 대구님의 완승위는 지난 7월 연제계시 이후 카카오페이 실시간 행승 1위를 기록한 바 있다.
p00_u74,p00,ce0.0,유종 대공님의 완성에는 지난 7월 연재개시 유우 카카오 베이살슬스간 냉승 1위를 기록한 바 있다
p00_u74,p00,ce0.1,이중 대공님의 완성인은 지난 7월 연제계시 이후 카카오페이캐시간 냉승 1위를 기록한 바 있다.
p00_u74,p00,ce0.5,이중 대공임의 완성인은 지난 7월 연재개휘 이후 카카오페의 실시간 냉승 1위를 기록한 바 있다.
p00_u74,p00,ce1.0,유중 대국님의 완성인은 지난 7월 연재계시 이후 카카오페이신 시간 냉승 1위를 기록한 바 있다.
p00_u74,p00,ce2.0,이중 대공임의 완성인은 지난 7월 연제계시 이후 카카오페의 신시간 냉승 1위를 기록한 바 있다.
p00_u74,p00,ce5.0,이중 대구님의 완성인은 지난 7월 연재개식 유 카카오페의 실시간 행승 1위를 기록한 바 있다.
p00_u74,p00,ce10.0,이중 대구님의 완성인은 지난 7월 연재개 씨 유 카카오페의 실수가 냉중 1위를 기록한 바 있다.
p00_u75,p00,taps,또 중국의 뜬플랫폼 화이콘과 연재기약을 세결하며 글로벌 시장에 김출했다.
p00_u75,p00,ce0.0,또 중국의 뜬 플랫폼 화입과 연재기학을 세겨라며 글로벌 시장에 진출했다.
p00_u75,p00,ce0.1,또 중국의 뜬플랫폼 화이칵과 연재기약을 세결하며 글로벌 시장에 김출했다.
p00_u75,p00,ce0.5,또 중국을 뜬 플랫폼 화이칵과 연재기약을 체결하며 글로벌 시장에 김표됐다.
p00_u75,p00,ce1.0,또 중국였던 플랫폼 카이칵과 연제비약을 세멸하며 글로벌 시장에進출했다.
p00_u75,p00,ce2.0,또 중국의 뜬플랫폼 화입한과 연재기약을 세겨나며 글로벌 시장에 진출했다.
p00_u75,p00,ce5.0,또 중국의 뜬플랫폼 카이콘과 연재 계약을 세결하며 글로벌 시장을 긴퓨했다.
p00_u75,p00,ce10.0,또 중국옛은 플랫폼 화이칵과 연재기약을 생겨라며 글로벌 시장에 중출했다.
p00_u76,p00,taps,조이풀 엔터테이먼트는 탄타지 장리를 비롯한 시려종의 노블 코맥스 및 오리지날 레툰 타이트를 개작진이다.
p00_u76,p00,ce0.0,조이퍼랜터테이먼트는 판타지 장르를 비롯한 10월종의 노블 코멍스 및 오리지날 레툰 타이트를 제작 중입니다.
p00_u76,p00,ce0.1,조이퍼랜터테이먼트는 탄타지 장르를 비롯한 10여 종의 노불 코믹스 및 오리지널 웹툰 타이트를 제작 중이다.
p00_u76,p00,ce0.5,조이프를 엔터테이먼트는 판타지 장리를 비롯한 10여 종의 노블 코믹스 및 오리지날 웨톤 타이크를 제작궙니다.
p00_u76,p00,ce1.0,조이프를 엔터테인먼트는 판타지 장리를 비롯한 10여 종의 노블 코믹 수 및 오리지날 웹툰 타이트를 제작 중입니다.
p00_u76,p00,ce2.0,조이프를 엔터테이먼트는 판타지 장르를 비롯한 10여 종의 노블 코믹스 및 오리지날 매튼 타이트를 제작 중입니다.
p00_u76,p00,ce5.0,조이프를 엔터테이먼트는 판타지 장리를 비롯한 10여 종의 노블 코믹스 및 오리지날 웨툰 타이트를 제작합니다.
p00_u76,p00,ce10.0,조이프를 엔터테인먼트는 판타지 장리를 비롯한 10여 종의 노불 코믹스 및 오리지날 웨툰 타이트를 제작입니다.
p00_u77,p00,taps,내년에는 모에서 조이시티의 게임 기식자사는 활용한 레튼도 선보일 계획이다.
p00_u77,p00,ce0.0,내년에는 모에서 조의시티의 게임 지식자사는 활용한 레튼도 선보일 계획이다.
p00_u77,p00,ce0.1,내년에는 모에서 조이시티의 게임 기식자사는 활용한 배턴도 선보일 계획이다.
p00_u77,p00,ce0.5,내년에는 모의사 조이시티의 게임 기식자사는 활용한 매튼도 선보이 계획이다.
p00_u77,p00,ce1.0,내년에는 모의사 조이시피의 게임 귀식자사는 활용한 웹툰도 선보이 계획이다.
p00_u77,p00,ce2.0,내년에는 모에서 조이시피의 게임 기식자산을 활용한 매튼도 선보이 계획이다.
p00_u77,p00,ce5.0,내년에는 모회사 조이시티의 게임 기식자산을 활용한 매튼도 선보일 계획이다.
p00_u77,p00,ce10.0,내년에는 모에서 조이시티의 게임 귀식자산을 활용한 매트원도 선보의 계획이다.
p00_u78,p00,taps,김준현 조입뿐 엔터테인먼트 데트는 렛뿐 분야에 국안하지 않고 스토리 컨텐츠 분야 전반을 다르는 기업으로 성장에 나갈 계획이라고 말했다.
p00_u78,p00,ce0.0,등주년 조입부 랜터테인먼트 데프는 외둔 분야에 구판하지 않고 또리 컨텐츠 분야 전반을 다루는 기업으로 성장에 나갈 계획이라고 말했다.
p00_u78,p00,ce0.1,김준현 조이프 랜터테인먼트 데프트는 웹뚠 분야에 국안하지 않고 스토리 컨텐츠 분야 전반을 다르는 기업으로 성장에 나갈 계획이라고 말했다.
p00_u78,p00,ce0.5,김준현 조입뿐 엔터테인먼트 대표는 외뜨뿐야의 국안하지 않고 토리 컨텐츠의 분야 전반을 다루는 기업으로 성장에 나갈 계획이라고 말했다.
p00_u78,p00,ce1.0,김준현 조입부 랜터테인먼트 대표는 웹툰 분야에 국안하지 않고 토리 콘텐츠 분야 전반을 다르는 기업으로 성장에 나갈 계획이라고 말했다.
p00_u78,p00,ce2.0,김준현 조잎은 엔터테이먼트 대표는 웹툰 분야에 국안하지 않고 스토리 컨텐츠 분야 전반을 다루는 기업으로 성장에 나갈 계획이라고 말했다.
p00_u78,p00,ce5.0,김준현 조입부 랜터테인먼트 대표는 매튼 분야에 국안하지 않고 토리 컨텐츠 분야 전반을 다루는 기업으로 성장에 나갈 계획이라고 말했다.
p00_u78,p00,ce10.0,김준현 조입부 랜터테인먼트 대표는 웹툰 분양에 국안하지 않고 스토리 콘텐츠 분양 전반을 다루는 기업으로 성장에 나갈 계획이라고 말했다.
p00_u79,p00,taps,조현동 외교부 일자관과 신범철 국부 두 차관이 14일 로라 대시문 미국 미사일 방화청 구청장을 만나 미사일 방화 협력을 논의했다.
p00_u79,p00,ce0.0,조현동 외교부 일자관과 신범철 국부 두 차관이 14일 로라 대심문 미국 미사일 방어청 부청장을 만나 미사일 방어 협력을 논의했다.
p00_u79,p00,ce0.1,"조현동 외교부 1차건가, 신범철 국부 2차건이 14일 로라 대시문 미국 미사일 방어청 부청장을 만나 미사일 방어 협력을 논의했다."
p00_u79,p00,ce0.5,"조현동 외교부 1차건가, 신범철 국부 부창관이 14일 로라 데키문 미국 미사일 방어청 부청장을 만나 미사일 방어 협력을 논의했다."
p00_u79,p00,ce1.0,조현동 외교부 일자관과 신범철 국부 두 차관이 14일 로라 대팀은 미국 미사일 방어청 구청장을 만나 미사일 방어 협력을 논의했다.
p00_u79,p00,ce2.0,조현동 외교부 1차건가 신범철 국부 2차건이 14일 로라 대심은 미국 미사일 방어청 부청장을 만나 미사일 방어 협력을 논의했다.
p00_u79,p00,ce5.0,조현동 매겨부 1차건가? 침범철 국부 2차건이 14일 놀아대키문 미국 미사일 방어청 부청장을 만나 미사일 방어 협력을 논의했다.
p00_u79,p00,ce10.0,조현동 외교부 1장원과 신범철 국부 2차관이 14일 로라 대팀은 미국 미사일 방어청 9청장을 만나 미사일 방어 협력을 논의했다.
p00_u80,p00,taps,두 차가는 이날리국 MDA를 방문해 현재 연구 개발 현황을 속해 받았다.
p00_u80,p00,ce0.0,두 차가는 은할리국 MDA를 방문해 현재 연구개발 현안을 소개해 받았다.
p00_u80,p00,ce0.1,두 차가는 이 날 미국 MDA를 방문해 현재 연구개발 현황을 속해 맞았다.
p00_u80,p00,ce0.5,두 차가는 은한미국 MDA를 방문해 현재 연구개발 현안을 속해 받았다.
p00_u80,p00,ce1.0,두 차가는 이남미국 MDA를 방문해 현재 영국의 발전항을 속해 받았다.
p00_u80,p00,ce2.0,두 차가는 이남미국 MDA를 방문해 현재 영국의 발전항을 소개해 받았다.
p00_u80,p00,ce5.0,두 차가는 은하 미국 MDA를 방문해 현재 연구개발 현황을 속해 맞았다.
p00_u80,p00,ce10.0,두 차가는 이남미국 MBA를 방문해 현재 영국의 발전항을 속해 많았다.
p00_u81,p00,taps,아울러 실전 배틀에 운영 중인 다양한 미국의 미사일 방어 책임에 대해 설명을 듣고 대한민국에 대한 미국의 확장 업재 공약에 귀여할 수 있는 방안을 논의했다.
p00_u81,p00,ce0.0,"아울러 실전 배치대 운영 중인 다양한 미국의 미사일 방어 책임에 내의 설명을 듣고 대한민국의 대안, 미국의 확장 업재 공약에 귀여할 수 있는 방안을 논의했다."
p00_u81,p00,ce0.1,아울러 실점 베티드의 운영 중인 다양한 미국의 미사일 방어책의 내 설명을 듣고 대한민국에 대한 미국의 확장 업재 공약에 귀여운 수 있는 방안을 논의했다.
p00_u81,p00,ce0.5,아울러 실전 배치대 운영 중인 다양한 미국의 미사일 방어책위에 내 설명을 듣고 대한민국에 대한 미국의 확장 억제 공약에 기여할 수 있는 방안을 논의했다.
p00_u81,p00,ce1.0,아울러 신점 배티대 운영 중인 다양한 미국의 미사일 방어책의 내 설명을 듣고 대한민국에 대한 미국의 확장 억제 공략에 귀여한 수 있는 방안을 논의했다.
p00_u81,p00,ce2.0,아울러 실전 배치대 운영 중인 다양한 미국의 미사일 방어책에 대해서명을 듣고 대한민국에 대한 미국의 확장 억제 공약에 기여한 수 있는 방안을 논의했다.
p00_u81,p00,ce5.0,아울러 실전 배치대 운영 중인 다양한 미국의 미사일 방어책의 내 설명을 듣고 대한민국에 대한 미국의 확장 억제 공약의 길어안 수 있는 방안을 논의했다.
p00_u81,p00,ce10.0,아울러 실점 배추대 운영 중인 다양한 미국의 미사일 방어책이 매해서명을 듣고 대한민국에 대한 미국의 확장 억제 공약에 귀여한 수 있는 방안을 논의했다.
p00_u82,p00,taps,2차간은 대시몬 부청장을 접견하고 MDA의 리사일 방어 능력과 태세를 확인했다.
p00_u82,p00,ce0.0,두창안은 대시몬 부청장을 접견하고 MDA의 리사일 방어 능력과 퇴서를 확인했다.
p00_u82,p00,ce0.1,두창안은 대시몬 부청장을 접견하고 MDA의 미사일 방어 능력과 캐세를 확인했다.
p00_u82,p00,ce0.5,두창안은 개시몬 부청장을 덮겨나고 MDA의 2살 방어 능력과 개세를 확인했다.
p00_u82,p00,ce1.0,두창안은 대시몬 부청장을 접견하고 MDA의 미사일 방어 능력과 개세를 확인했다.
p00_u82,p00,ce2.0,두창안은 대시몬 부청장을 접견하고 MDA의 미사일 방어 능력과 캐세를 확인했다.
p00_u82,p00,ce5.0,두 차가는 대심원 부청장을 겹겨놔고 MDA의 미사일 방어 능력과 계세를 확인했다.
p00_u82,p00,ce10.0,2차가는 대시몬 부청장을 접겨놔고 NBA의 미사일 방어 능력과 계세를 확인했다.
p00_u83,p00,taps,조차가는 미국의 확장 업재 공량에서 M.D. 등력이 받는 중요성을 언급하며 M.D.A. 차원에서 적극 교원해 줄 것을 당부했다.
p00_u83,p00,ce0.0,조차가는 미국의 확장 업제 공략에서 MD 등력이 받는 중요성을 언급하며 MDA 차원에서 적극 규원해 줄 것을 당부했다.
p00_u83,p00,ce0.1,조차가는 미국의 확장 업재 공량에서 M.D. 능력이 갖는 중요성을 언급하며 M.D.A. 차원에서 접근 규원해 줄 것을 당부했다.
p00_u83,p00,ce0.5,조차가는 미국의 확장 어깨 공략에서 M.D. 능력이 받는 중요성을 언급하며 M.D.A. 차원에서 적극 교환해 줄 것을 당부했다.
p00_u83,p00,ce1.0,조차가는 미국의 확장 억제 공략에서 M.D 능력이 받는 중요성을 언급하며 M.D.A. 차원에서 적극 기원해 줄 것을 당부했다.
p00_u83,p00,ce2.0,조차가는 미국의 확장 어깨 공략에서 M.D. 능력이 갖는 중요성을 언급하며 M.D.A. 차원에서 적극 구원해 줄 것을 당부했다.
p00_u83,p00,ce5.0,조차가는 미국의 확장 업계 공략에서 M.D. 등력이 받는 중요성을 언급하며 M.D.A. 차원에서 적극 교원해 줄 것을 당부했다.
p00_u83,p00,ce10.0,조차가는 미국의 확장 억제 공략에서 M.B. 등력이 받는 중요성을 언급하며 M.B.A 차원에서 적극 교환해 줄 것을 당부했다.
p00_u84,p00,taps,신차관은 고두화되고 있는 북한 핵 미사일 리어대 억제 대응하기 위해 긴밀한 한미 협력이 필요하다고 주문했다.
p00_u84,p00,ce0.0,흰사관은 고도화되고 있는 북한 핵 미사일 리업에 억제 대응하기 위해 긴밀한 한미 협력이 필요하다고 주문했다.
p00_u84,p00,ce0.1,흰차관은 고두화되고 있는 북한 핵 미사일 리업에 억제 대응하기 위해 긴밀한 한밍 협력이 필요하다고 주문했다.
p00_u84,p00,ce0.5,흰차관은 보도화되고 있는 북한 핵리사의 위협에 복제 대응하기 위해 긴밀한 한미 협력이 필요하다고 주문했다.
p00_u84,p00,ce1.0,흰차관은 보도화되고 있는 북한 핵리사의 위협에 얻게 대응하기 위해 긴밀한 한민협력이 필요하다고 주문했다.
p00_u84,p00,ce2.0,신차관은 고두화되고 있는 북한 핵 미사일 리업에 억제 대용하기 위해 김미난 한미 협력이 필요하다고 주문했다.
p00_u84,p00,ce5.0,신청화는 보도화되고 있는 북한 핵 미사의 위협에 얻게 대응하기 위해 긴밀한 한미 협력이 필요하다고 주문했다.
p00_u84,p00,ce10.0,신상화는 보도화되고 있는 북한 핵 미사일 위협에 먹대 대응하기 위해 금밀한 한미 협력이 필요하다고 주문했다.
p00_u85,p00,taps,아울로 한미 국방당국 간의 기능 중인 다양한 미살방을 협력이 동맹의 능력과 태세를 한증 강화하는 기반이 될 걸기라고 강조했다.
p00_u85,p00,ce0.0,아울로 한미 국방당국 간의 진행 중인 다양한 미살방을 협력이 동맹의 능력과 아트세를 한증 상화하는 기반이 될 것이라고 강조했다.
p00_u85,p00,ce0.1,아울로 한미 국방당국 간의 기능 중인 다양한 미살방을 협력이 동맹의 능력과 태세를 한증 강화하는 기반이 될 것이라고 강조했다.
p00_u85,p00,ce0.5,아울로 한미 국방당국관을 진행 중인 다양한 미살방을 협력이 동맹의 능력과 특세를 한층 강화하는 기반이 될 것이라고 강조했다.
p00_u85,p00,ce1.0,아울로 한미 국방당국관의 진행 중인 다양한 미샐방을 협력이 동맹의 능력과 태세를 한증 장하는 기반이 될 것이라고 강조했다.
p00_u85,p00,ce2.0,아울로 한미 국방당국관을 진행 중인 다양한 미사일방을 협력이 동맹의 능력과 테세를 한층 장하는 기반이 될 것이라고 강조했다.
p00_u85,p00,ce5.0,아울로 한 매일 국방당국관의 진행 중인 다양한 미혈방을 협력을 동맹의 능력과 태세를 한층 강화하는 기반이 될 걸기라고 강조했다.
p00_u85,p00,ce10.0,아울로 한미 국방당국관의 기념 중인 다양한 미살방을 협력이 동맹의 능력과 테세를 한층 강화하는 기반이 될 것이라고 강조했다.
p00_u86,p00,taps,이에 대기문 부청장은 독한의 미사일 위협에 대비하여 다양한 MD 능력과 학과한 방어태세가 준비돼 이슈을 강조했다.
p00_u86,p00,ce0.0,이에 대짐은 부청장은 독한의 미사일 위협의 데뷔하여 다양한 MD 능력과 확고한 방어태세가 준비돼 이슈며 강조했다.
p00_u86,p00,ce0.1,이의 택시몬 부청장은 독한의 미사일 위협의 대비하여 다양한 MD 능력과 확고한 방어태세가 준비돼 있음을 강조했다.
p00_u86,p00,ce0.5,이에 대해 김웅 부청장은 독한의 미사일 위협에 대비하여 다양한 엠디 능력과 확고한 방어 테세가 준비돼 있으며 강조했다.
p00_u86,p00,ce1.0,이에 대기문 부청장은 독한의 미타일 위협의 데뷔하여 다양한 엠비 능력과 학과한 방어 텐셔가 준비돼 있음을 강조했다.
p00_u86,p00,ce2.0,이에 대힘은 부청장은 독한의 미사의 위협에 대비하여 다양한 MD 능력과 섞어 한 방어 테세가 준비되어 있음을 강조했다.
p00_u86,p00,ce5.0,이에 대힘은 부청장은 독한의 미사일 위협에 대비하여 다양한 임기능력과 확고한 방어태세가 준비돼 있음을 강조했다.
p00_u86,p00,ce10.0,위의 대규몬 부청장은 독한의 미사의 위험에 대비하여 다양한 엠비 능력과 섞어 한 방어 텐션가 준비돼 이슈며 강조했다.
p00_u87,p00,taps,이어서 정책 전략적 후준에서 한미간 미사일 방어 협력이 더욱 발전하기를 기배한다고 밝혔다.
p00_u87,p00,ce0.0,이어서 정책 전략적 수준에서 한미간 미사일 방어 협력이 더욱 발전하기를 기배한다고 밝혔다.
p00_u87,p00,ce0.1,이어서 정책 전략적 훈전에서 한미간 미사일 방어 협력이 더욱 발전하기를 기배한다고 밝혔다.
p00_u87,p00,ce0.5,이어서 정책 전략적 수준에서 한미간 미사일 방어 협력이 더욱 발전하기를 기대한다고 밝혔다.
p00_u87,p00,ce1.0,이어서 정책 전략적 수준에서 한미간 미사일 방울 협력이 더욱 발전하기를 기대한다고 밝혔다.
p00_u87,p00,ce2.0,이어서 정책 전략적 수준에서 한미간 미사일 방울 협력이 더욱 발전하기를 기대한다고 밝혔다.
p00_u87,p00,ce5.0,이어서 정책 전략적 수준에서 한미가 미사일 방어 협력이 더욱 발전하기를 기대한다고 밝혔다.
p00_u87,p00,ce10.0,이어서 정책 전략적 수준에서 한미간 미사일 방어 협력이 더욱 발전하기를 기배한다고 밝혔다.
p00_u88,p00,taps,옷들에 강름만 남성에게 폭행을 가한 뒤 신체를 촬영한 10대 남녀가 경찰에 부착했다.
p00_u88,p00,ce0.0,"옷 대를 방금한 남성에 위해 폭행을 가한 류, 신체를 촬영한 10대 남녀가 경찰에 붙잡혔다."
p00_u88,p00,ce0.1,모텔에 강룸한 남성에게 폭행을 가한 뒤 심체를 촬영한 10대 남녀가 경찰에 부착했다.
p00_u88,p00,ce0.5,못해를 방금한 남성에게 폭행을 가한 뒤 신체를 촬영한 10대 남녀가 경찰에 붙잡혔다.
p00_u88,p00,ce1.0,호텔에 강룸한 남성에게 폭행을 가한 뒤 신체를 촬영한 10대 남녀가 경찰에 붙잡혔다.
p00_u88,p00,ce2.0,호텔에 관금한 남성에게 폭행을 가한 뒤 심체를 촬영한 10대 남녀가 경찰에 붙잡혔다.
p00_u88,p00,ce5.0,호텔에 강룸한 남성에게 폭행을 가한 뒤 신체를 착용한 10대 남녀가 경칼에 부착했다.
p00_u88,p00,ce10.0,모텔에 강룸한 남성에게 폭행을 가한 뒤 신체를 촬영한 10대 남녀가 경찰을 부착했다.
p00_u89,p00,taps,14일 인천 미축을 경찰서는 특수상회와 방금 혐의로 A군 등 고등학생 두 명과 동학생 B향을 긴급 체포해 조사하고 있다고 밝혔다.
p00_u89,p00,ce0.0,14일 인천 미쇼을 경찰서는 특수상회와 방금 혐의로 에이군 등 고동학생 두 명과 중학생 띄향을 긴급 체포에 조사하고 있다고 밝혔다.
p00_u89,p00,ce0.1,힙사일 인천 미축을 경찰서는 특수상회와 강금 혐의로 에이군 등 고등학생 2명과 중학생 띄향을 긴급 체포해 조사하고 있다고 밝혔다.
p00_u89,p00,ce0.5,14일 인천 리쇼을 경찰서는 특수상회와 강금 혐의로 에이군 등 보동학생 2명과 중학생 비향을 긴급 체포해 조사하고 있다고 밝혔다.
p00_u89,p00,ce1.0,14일 인천 리축을 경찰서는 특수상회와 강금 혐의로 A 군 등 고등학생 규명와 중학생 비향을 중급 체포해 조사하고 있다고 밝혔다.
p00_u89,p00,ce2.0,14일 인천 미축을 경찰서는 특수상회와 상금 혐의로 에이군 등 고등학생 2명과 중학생 비향을 빙급 체포해 조사하고 있다고 밝혔다.
p00_u89,p00,ce5.0,14일 임천 리축을 경찰서는 특수상회와 강금 혐의로 에이군 등 보동학생 2명과 중학생 비향을 긴급 체포해 조사하고 있다고 밝혔다.
p00_u89,p00,ce10.0,14일 인천 미축을 경찰서는 특수상회와 강금 혐의로 에이군 등 보동학생 주명와 중학생 비향을 긴급 체포해 조사하고 있다고 밝혔다.
p00_u90,p00,taps,에이군 등은 단나로 잔 내 히쯤 인천시 미초울구 한 모텔에서 시군의 몸을 담백불로 뒤지고 김형과 구조 두 것 등으로 때리는 등 폭행한 혐의를 받는다.
p00_u90,p00,ce0.0,"에이군 등은 선나로 잔 내 휘증, 인천시 미쳐울고 한 못에래서 시군의 몸을 담백불로 뒤지고, 김형과, 구죽죽어 등으로 때리는 등, 폭행한 혐의를 받는다."
p00_u90,p00,ce0.1,에이군 등은 간나로 잔 4시쯤 인천시 미초울구 한 모텔에서 시군의 몸을 담백불로 규지고 김형과 구죽 두 것 등으로 때리는 등 폭행한 혐의를 받는다.
p00_u90,p00,ce0.5,"에이군 등은 간나로 잔 내 휩쯤 임찬식 위치올고 한 모텔에서 일근의 몸을 담백불로 지지구, 빔샘과 구조 두 것 등으로 때리는 등 폭행한 혐의를 받는다."
p00_u90,p00,ce1.0,에이군 등은 간나로전 40쯤 임찬 씨 밑요일과 한 호텔에서 시군의 몸을 담배폴로 딜이고 빙평과 구독주거 등으로 때리는 등 폭행한 혐의를 받는다.
p00_u90,p00,ce2.0,에이군 등은 건나로전 4시쯤 임천시 미초울구 한 모텔에서 시군의 몸을 담백불로 뒤지고 빈평과 구죽 두 것 등으로 때리는 등 폭행한 혐의를 받는다.
p00_u90,p00,ce5.0,에이군 등은 간날로 전 4시쯤 인천시 미초울구 한 못에래서 시군의 몸을 담배 불로 뒤지고 빈형과 구죽죽었 등으로 때리는 등 토행한 혐의를 받는다.
p00_u90,p00,ce10.0,엘군 등은 전나로 잔 4시쯤 임찬 씨 미초월구 한 못에래서 시군의 몸을 담백불로 뒤리고 김형과 구속주거 등으로 때리는 등 토형한 혐의를 받는다.
p00_u91,p00,taps,"유진은 시군의 옷을 모두 벗겨, 알몸 상태로 사진까지 차량한 것으로 조사했다."
p00_u91,p00,ce0.0,"이들은 시군의 웃을 모두 벗겨, 알몸 상태로 사진까지 사랑한 것으로 조사했다."
p00_u91,p00,ce0.1,"이들은 시군의 옷을 모두 벗겨, 알몸 상태로 사진까지 차량한 것으로 조사했다."
p00_u91,p00,ce0.5,이들의 시군의 웃을 모두 벗겨 알몸 상태로 사진까지 편안한 것으로 조사했다.
p00_u91,p00,ce1.0,이들은 시군의 웃을 모두 먹여 알몬 상태로 사진까지 차량한 것으로 조사했다.
p00_u91,p00,ce2.0,"이들은 시군의 옷을 모두 먹여, 알몸 상태로 사진까지 차량한 것으로 증사했다."
p00_u91,p00,ce5.0,이들은 시군의 옷을 모두 벗겨 알몸 상태는 사진까지 차량한 곳으로 주사했다.
p00_u91,p00,ce10.0,이들은 시군의 옷을 모두 벗겨 알몸 상태로 사진까지 차량한 곳으로 조사했다.
p00_u92,p00,taps,시근의 신고를 받고 추적의 나상경찰은 당이로 에이군 등 3명을 차리로 붙잡았다.
p00_u92,p00,ce0.0,기훈의 신고를 맞고 추적의 나선 경찰은 당이로 에이군 등 3명을 차리로 붙잡았다.
p00_u92,p00,ce0.1,시근의 신고를 받고 추적의 자상경찰은 당이로 에이군 등 3명을 차리로 붙잡았다.
p00_u92,p00,ce0.5,비근의 핑골을 맞고 추적의 나상경찰은 당이로 에이군 등 3명을 차리로 붙잡았다.
p00_u92,p00,ce1.0,직원의 핑골을 받고 추적의 나상 경찰은 당이로 에이군 등 3명을 차리로 붙잡았다.
p00_u92,p00,ce2.0,시군의 신고를 받고 추적의 나상경찰은 당이로 에이군 등 3명을 차리로 붙잡았다.
p00_u92,p00,ce5.0,시군의 신고를 맞고 추작에 나상 경찰은 당이로 예일군 등 3명을 차례로 붙잡았다.
p00_u92,p00,ce10.0,시군의 신고를 막고 추작에 나상 경찰은 당이로 의군 등 해명을 차례로 붙잡았다.
p00_u93,p00,taps,시구는 에이군 등의 범행으로 얼굴의 골절 상을 입는 등 크게 다쳐 병원에서 치료를 받고 있는 것으로 전해졌다.
p00_u93,p00,ce0.0,찍은은 에이군 등의 범행으로 얼굴에 골절 상을 입는 등 크게 다쳐 병원에서 치료를 받고 있는 곳으로 전해졌다
p00_u93,p00,ce0.1,지금은 에이군 등의 범행으로 얼굴에 골절 상할 입는 등 크게 다쳐 병원에서 치료를 받고 있는 것으로 전해졌다.
p00_u93,p00,ce0.5,직후는 에이군 등의 범행으로 얼굴에 골절 상관 입는 등 크게 다쳐 병원에서 치료를 받고 있는 것으로 전해졌다.
p00_u93,p00,ce1.0,이군은 에이군 등의 범행으로 얼굴에 볼전 상관 입는 등 그 배에 다쳐 병원에서 치료를 받고 있는 것으로 전해졌다.
p00_u93,p00,ce2.0,시구는 에이군 등의 범행으로 얼굴에 골전 상을 입는 등 크게 다쳐 병원에서 치료를 받고 있는 곳으로 전해졌다.
p00_u93,p00,ce5.0,직후는 에이군 등의 범행으로 얼굴에 골전 상을 입는 등 그게 다쳐 병원에서 치료를 받고 있는 것으로 전해졌다.
p00_u93,p00,ce10.0,이군은 레이군 등의 범행으로 얼굴의 골전 상을 입는 등 그의 자체 병원에서 치료를 받고 있는 것으로 전해졌다.
p00_u94,p00,taps,경찰은 시군이 과거 삐아가 교육했다가 헤어졌다는 피해자찍 진술 등을 토대로 정확한 범행 눈길을 확인하 계획이다.
p00_u94,p00,ce0.0,경찰은 시군이 과거 삐아가 교재했다가 헤어졌다는 피해자찍 진술 등을 토대로 정확한 범행 공기를 확인할 계획이다.
p00_u94,p00,ce0.1,경찰은 시군이 과거 비한가 교재했다가 헤어졌다는 피해자 측 진술 등을 토대로 정확한 범행 동기를 확인할 계획이다.
p00_u94,p00,ce0.5,경찰은 시군이 과거 삐아가 조재했다가 헤어졌다는 피해자 측 진술 등을 토대로 정확한 범행 동기를 확인할 계획이다.
p00_u94,p00,ce1.0,경찰은 찍은 이 과거 삐아가 교제했다가 헤어졌다는 피해자찍 진술 등을 토대로 정확한 범행 눈길을 확인할 계획이다.
p00_u94,p00,ce2.0,경찰은 시군이 과거 삐아가 교재했다가 헤어졌다는 피해자 측 진술 등을 토대로 정확한 범행 동기를 확인할 계획이다.
p00_u94,p00,ce5.0,경찰에 시군이 과거 삐앙과 교재했다가 세어졌다는 피해자책 진술 등을 토대로 정확한 범행 농기를 확인할 계획이다.
p00_u94,p00,ce10.0,경찰은 시군이 과거 피한과 교재했다가 헤어졌다는 피해자책 진술 등을 토대로 정확한 범행 동기를 확인할 계획이다.
p00_u95,p00,taps,지금은 자신이 에이군 등으로부터 폭행을 왜 당했는지 모르겠다는 길이로 경찰의 긴 수단 것으로 알려졌다.
p00_u95,p00,ce0.0,지금은 자신이 에이군 등으로부터 폭행을 왜 당했는지 모르겠다는 CG로 정찰의 증수당 것으로 알려졌다.
p00_u95,p00,ce0.1,지금은 자신이 A군 등으로부터 폭행을 왜 당했는지 모르겠다는 CD로 경찰의 진수단 것으로 알려졌다.
p00_u95,p00,ce0.5,그리고는 자신이 에이군 등으로부터 폭행을 왜 당했는지 모르겠다는 치지로 경찰의 징수랑 것으로 알려졌다.
p00_u95,p00,ce1.0,지금은 자신이 에이군 등으로부터 폭행을 왜 당했는지 모르겠다는 TV로 경찰의 진술한 것으로 알려졌다.
p00_u95,p00,ce2.0,지금은 자신이 에이군 등으로부터 폭행을 왜 당했는지 모르겠다는 취지로 경찰의 진술한 것으로 알려졌다.
p00_u95,p00,ce5.0,이건 자신이 에이군 등으로부터 폭행을 왜 당했는지 모르겠다는 TV로 경칼의 등술한 것으로 알려졌다.
p00_u95,p00,ce10.0,지금은 자신이 에이군 등으로부터 폭행을 왜 당했는지 모르겠다는 TV로 경찰의 등술한 것으로 알려졌다.
p00_u96,p00,taps,경찰 관계자는 A군 등 3명의 대질이 나쁜 점 등을 고려해 구속 연장을 신청할 예정이라고 말했다.
p00_u96,p00,ce0.0,정찰 관계자는 A군 등 3명의 재질이 나쁜 점 등을 보려해 구속 연장을 신청할 예정이라고 말했다.
p00_u96,p00,ce0.1,경찰 관계자는 A군 등 3명의 죄디리 나쁜 점 등을 고려해 구속 연장을 심청할 예정이라고 말했다.
p00_u96,p00,ce0.5,경찰 관계자는 A군 등 해명의 재질이 나쁜 점 등을 고려해 구속 연장을 신청할 예정이라고 말했다.
p00_u96,p00,ce1.0,경찰 관계자는 A군 등 3명의 재질이 나쁜 점 등을 고려해 구속 연장을 신청할 예정이라고 말했다.
p00_u96,p00,ce2.0,정찰 관계자는 A군 등 3명의 재질이 나쁜 점 등을 고려해 구속 연장을 심청할 예정이라고 말했다.
p00_u96,p00,ce5.0,정철 관계자는 외국은 등 3명의 죄질이 나쁜 점 등을 고려해 구속연장을 신청할 예정이라고 말했다.
p00_u96,p00,ce10.0,정찰 관계자는 A군 등 3명의 죄들이 나쁜 점 등을 고려해 구속 연장을 신청할 예정이라고 말했다.
p00_u97,p00,taps,순찰차를 타고 농가를 출찰하던 경찰관이 불법 마양용 양기비를 대비하던 비밀하우스를 발견해 건가에 있다.
p00_u97,p00,ce0.0,순찰차를 타고 농가를 출찰하던 경찰관이 불법 마양용 양기비를 재배하던 비밀하우스를 발견해 본 거 있다.
p00_u97,p00,ce0.1,순찰차를 타고 농가를 출참하던 경찰관이 불법 마양용 양기비를 재배하던 비밀하우스를 발견해 본 거 있다.
p00_u97,p00,ce0.5,신청차를 타고 농가를 출찰하던 경찰관이 불법 와양용 양기비를 재배하던 비밀하우스를 발견해 공고했다.
p00_u97,p00,ce1.0,신철차를 타고 농가를 출차라던 경찰관이 불법 와양용 양기비를 재배하던 비밀하우스를 발견해 본 거 있다.
p00_u97,p00,ce2.0,신청차를 타고 농가를 출찬하던 경찰관이 불법 마양용 양기비를 재배하던 비밀하우스를 발견해 건 거 있다.
p00_u97,p00,ce5.0,순천차를 타고 농가를 출천하던 경찰관이 불법 마양용 양기비를 재배하던 비닐하우스를 발견해 건거 있다.
p00_u97,p00,ce10.0,신철차를 타고 농가를 출참하던 경찰관이 불법 와양용 양기비를 재배하던 비밀하우스를 발견해 건 거 있다.
p00_u98,p00,taps,지난 9일 대한민국 경찰청 공식 페이스북에는 순찰 중 발견한 수상학곳 경찰에 소름돋는 늘쌈이 나는 영상이 올라왔다.
p00_u98,p00,ce0.0,지난 9일 대하는국 경찰청 공식 페이스북에는 순찰종 발견한 수상학곳 경찰에 소름 돋는 늘쌈이 나는 영상이 올라왔다.
p00_u98,p00,ce0.1,지난 9일 대한민국 경찰청 공식 페이스북에는 순찰종 발견한 수상학곳 경찰에 소름 돋는 누섬이 나는 영상이 올라왔다.
p00_u98,p00,ce0.5,"지난 9일 개화는 국경찰청 공식 페이스북에는 순찰종 발견한 수상학보드, 경찰에 소름돋는 눈썹이 나는 영상이 올라왔다."
p00_u98,p00,ce1.0,지난 9일 대한민국 경찰청 공식 페이스북에는 순천중 발견한 수상 확고 경찰의 소룸드는 능섭이 나는 영상이 올라왔다.
p00_u98,p00,ce2.0,지난 9일 대한민국 경찰청 공식 페이스북에는 순찰중 발견한 수상학곤 경탄의 소룸드는 눈선비는 아닌 영상이 올라왔다.
p00_u98,p00,ce5.0,지난 9일 대한민국 경찰청 공식 페이스북에는 순찰종 발견한 수상학보드 경칼의 소룸드는 능선민 아닌 영상이 올라왔다.
p00_u98,p00,ce10.0,지난 9일 대한민국 경찰청 공식 페이스북에는 순천중 발견한 수상한 곳 경카를 소름 돋는 눈썹이 나는 영상이 올라왔다
p00_u99,p00,taps,"영상에 따르면 지난달 19일 오전 여자식증, 대전 유성구의 농작물 절 또 흉구 답할 지역을 순찰하던, 경찰은 한 비닐 아웃사 앞으로 양기비로 보이는 흉구를 발견했다."
p00_u99,p00,ce0.0,"영상에 따르면 지난달 19일 오전 여자식증, 대전 유성구의 동작물 절 또 신고 답할 지역을 승찰하던, 경찰은 한 비니라우스 앞으로 양기비로 보이는 행무들 발견했다."
p00_u99,p00,ce0.1,영상에 따르면 지난달 19일 오전 6시쯤 대전 유성구의 농작물 절 또 흰구 답할 지역을 승찰하던 경찰은 한 비닐하우스 앞으로 양기비로 보이는 행물을 발견했다.
p00_u99,p00,ce0.5,영상에 따르면 지난달 19일 오전 8시쯤 대전 유성구의 농장물 절 또 흰구 답할 지역을 순찰하던 경찰은 한 비밀하우스 앞으로 양기비로 보인 내 핵 모델 발견했다.
p00_u99,p00,ce1.0,영상에 따르면 지난달 19일 오전 6시쯤 대전 유성구의 농장물 절 또 신고 답한 지역을 순찰하던 경카된 한 비밀하우스 앞으로 양기비로 보이는 행물을 발견했다.
p00_u99,p00,ce2.0,영상에 따르면 지난달 19일 오전 8시쯤 대전 유성구의 농장물 절 또 신고 답한 지역을 승찰하던 경찰된 한 비밀하우스 앞으로 양기비로 보이는 생물을 발견했다.
p00_u99,p00,ce5.0,영상에 따르면 지난달 19일 오전 8시쯤 대전 유성부의 농장물 절 또 신고 답할 지역을 순찰하던 건카른 한 비닐하우스 앞으로 양기비로 모이는 공부를 발견했다.
p00_u99,p00,ce10.0,영상에 따르면 지난달 19일 오전 8시쯤 대전 유성구의 농장물 절 또 신고 답한 지역을 순찰하던 경찰은 한 비닐하우스 앞으로 양기비로 보인 내 흥무들 발견했다.
p02_u00,p02,taps,의사를 꼭 갖당 시비세 송현이 환자 5명에게 새 사닐 선누라고 세상을 드났다.
p02_u00,p02,ce0.0,의사를 꼭았던 12세 소년이 환자 5명의 예세 3일 선누라고 지장했던 왔다.
p02_u00,p02,ce0.1,의사를 꼽았던 12세 소년이 환자 5명에게 새 삶을 선물하고 세상을 드났다.
p02_u00,p02,ce0.5,의사를 꼭았던 12세 소년이 환자 5명의 예세의 삶을 서둘라고 세상을 떠났다.
p02_u00,p02,ce1.0,의사를 꿈갔던 12세 소년이 환자 5명에게 새 삶을 선물하고 재상을 떠났다.
p02_u00,p02,ce2.0,이사 를 꽂았던 12세 소년이 환자 5명에게 회사물선물하고 최상을 보놨다.
p02_u00,p02,ce5.0,의사를 꼽았던 12세 송현이 환자 5명에게 새 삶을 찬물하고 세상을 품았다.
p02_u00,p02,ce10.0,의사를 꼽았던 12세 소년인 환자 5명에게 세 삶을 선물하고 주상을 품았다.
p02_u01,p02,taps,한국 장지 조직 기증원은 28일 김상현 군이 개명대 동산 의료원에서 장기를 기증하고 신졌다고 밝혔다.
p02_u01,p02,ce0.0,한국 장지 조직 기증원은 28일 김상현 군이 개명대 동산 의료원에서 장지를 기증하고 신졌다고 밝혔다.
p02_u01,p02,ce0.1,한국국 장기 조직 기증원은 28회 김상영 분이 개명대 동산 의료원에서 장기를 기생하고 신졌다고 밝혔다.
p02_u01,p02,ce0.5,한인국 장지 조직 기승원은 28일 김상현 군이 개명대 동탄 의료원에서 장기를 기승하고 심잡다고 밝혔다.
p02_u01,p02,ce1.0,한인국 장지 조직 기증원은 28일 김상현 군이 개명대 동산 의료원에서 장비를 기증하고 신졌다고 밝혔다.
p02_u01,p02,ce2.0,한국국 장기 조직 기심호원은 28일 김상영 군이 개명대 동산 의료원에서 장기를 기승하고 심잡다고 밝혔다.
p02_u01,p02,ce5.0,한인국 장기 조직 기증원은 28일 긴상형군이 개명대 동산 의료원에서 당기를 기생하고 순졌다고 밝혔다.
p02_u01,p02,ce10.0,한국 장기 조직 기증원은 28회 김상현 군이 개명대 동산 의료원에서 장기를 기증하고
p02_u02,p02,taps,김고는 지난 6개의 국심한 두통으로 의식을 했고 쓰러진 채 병원으로 긴급 위송대에 치료들 받았으나 내섭 판정을 받았었다.
p02_u02,p02,ce0.0,금고는 지난 6개의 극심한 두통으로 의식을 했고 쓰러진 채 병원으로 긴급 위송대 치료를 받았으나 내세 판정을 받았었다.
p02_u02,p02,ce0.1,금고는 지난 6개의 극심한 두통으로 의식을 했고 쓰러진 채 병원으로 긴급 이중대에 치료를 받았으나 내섭 한정을 받았었다.
p02_u02,p02,ce0.5,김고는 지난 6개의 극심한 두통으로 의식을 읽고 쓰러진 채 병원으로 김거위송대 치료호를 받았으나 내셔 판정을 받았었다.
p02_u02,p02,ce1.0,김고는 지난 6일 국심한 두통으로 의식을 읽고 쓰러진 채 병원으로 김가 이송대 치료를 받았으나 내설 판정을 받았었다.
p02_u02,p02,ce2.0,규모건은 지난 6일 극심한 두통으로 의식을 일꽃 쓰러진 채 병원으로 긴거 이송대 치료를 받았으나 내셔 판정을 받았었다.
p02_u02,p02,ce5.0,중고는 지난 1개의 국치만 두통으로 의식을 읽고 쓰러진 채 병원으로 긴급 이중대 치료를 받았으나 내섭한정을 받았었다.
p02_u02,p02,ce10.0,김은건은 지난 6일 국시만 두통으로 의식을 일궐스러진 채 병원으로 긴거 이중대 치료를 받았으나 내소 판정을 받았었다.
p02_u03,p02,taps,"김구는 지난 20칸매의 신장과 자호 신장, 관장 양측 폐장은의 기부하고 하는 나나도 갔다."
p02_u03,p02,ce0.0,둔구는 지난 23회의 신장과 자호 신장 간장 양측 폐장을 기부하고 하는 나라로 갔다.
p02_u03,p02,ce0.1,"금군은 지난 23에 신장과 자호 신장, 관장 양측 폐장을 기부하고 하늘 나나로 갔다."
p02_u03,p02,ce0.5,김소는 지난 23일 신장과 자후 신장 관장 양쪽 회장을 기부하고 하는 나라로 갔다.
p02_u03,p02,ce1.0,공부는 지난 23일 신장과 자후 신장 간장 양측 폐장을 기부하고 하는 나라로 갔다.
p02_u03,p02,ce2.0,기묵은 지난 23일 신장과 자우 신장 간장 양쪽 폐장을 기부하고 하는 나라로 갔다
p02_u03,p02,ce5.0,김군은 지난 23일 신장과 자후 신장 관장 야옥격 해장을 기부하고 하는 나라로 갔다.
p02_u03,p02,ce10.0,금고는 지난 23일 신장과 자호 신장 간장 양측 폐장을 기부하고 하는 나라로 갔다
p02_u04,p02,taps,지진원에 따르면 김군은 생전 엄마가 아프지 않게 해줄 수 있는 이사가 되고 싶다고 말해오던 살가운 아들이었다.
p02_u04,p02,ce0.0,기중원에 따르면 군부는 생전 엄마가 아프지 않게 해줄 수 있는 이사가 되고 싶다고 마래였던 살가운 아들이었다.
p02_u04,p02,ce0.1,기증원에 따른 게 아니군군은 생전 엄마가 아프지 않게 해줄 수 있는 이사가 되고 싶다고 마데오든 살가운 아들이었다.
p02_u04,p02,ce0.5,기중원에 따르면 김군은 행전 엄마가 아프지 않게 해줄 수 있는 이사가 되고 싶다고 마레오든 살가운 아들이었다.
p02_u04,p02,ce1.0,기승원에 따르면 김군은 생전 엄마가 아프지 않게 해줄 수 있는 이사가 되고 싶다고 말해 오던 살가운 아들이었다.
p02_u04,p02,ce2.0,기중원에 따르면 김군은 생전 엄마가 아프지 않게 해줄 수 있는 이사가 되고 싶다고 마데 오전 살가운 아들이었다.
p02_u04,p02,ce5.0,기승원에 따르게 한 이 김군은 생전 엄마가 아프지 않게 해줄 수 있는 이사가 되고 싶다고 마래 오든 살가운 아들이었다.
p02_u04,p02,ce10.0,기생원에 따르면 김고는 생전 엄마가 아프지 않게 해줄 수 있는 이사가 되고 싶다고 말해오던 살가운 아들이었다.
p02_u05,p02,taps,위쪽은 착한 아이였던 만큼 좋은 일을 하면서 부매지자면 장기 기증의 텐떼 동의한 것으로 자내졌다.
p02_u05,p02,ce0.0,위쪽은 착한 아이였던 만큼 좋은 일을 하면서 부매주자면 상디 기증의 선택 동의한 것으로 전해졌다.
p02_u05,p02,ce0.1,의족은 착한 아이였던 만큼 좋은 일을 하면서 보내주자면 장기 기증의 컨택 동의한 것으로 자내졌다.
p02_u05,p02,ce0.5,의족은 착한 아이었던 만큼 좋은 일을 하면서 보내주자면 장기 기징의 선택 동향 것으로 전해졌다.
p02_u05,p02,ce1.0,위독은 착한 아이었던 만큼 좋은 일을 하면서 구매해 주자면 장기 기증의 선택 동량한 것으로 자내졌다.
p02_u05,p02,ce2.0,위쪽은 착한 아이였던 만큼 좋은 일을 하면서 보내주자면 장기 기생의 선택 동양 것으로 전해졌다.
p02_u05,p02,ce5.0,의족은 착한 아이였던 만큼 종은 일을 하면서 보내주자면 당기 기생의 선택 동의한 것으로 잠해졌다.
p02_u05,p02,ce10.0,유족은 착한 아이었던 만큼 좋은 일을 하면서 부매주자면 장기 기증의 선택 동향 것으로 전해졌다.
p02_u06,p02,taps,둥근의 아버지는 기증원을 통해 아들의 정리를 기증받은 친구들이 행복했으면 좋겠다며 성인힌 대사 좋은 일을 많이 하고 공강이 살았으면 좋겠다고 전했다.
p02_u06,p02,ce0.0,붕은의 아버지는 기지원을 통해 아들이 정길의 기증받은 친구들이 행복했으면 좋겠다며 성인힌 대서 좋은 일을 많이 하고 공강이 살았으면 좋겠다고 전했다.
p02_u06,p02,ce0.1,금근의 아버지는 기증원을 통해 아들의 경기를 기증받은 친구들이 행복했으면 좋겠다며 성인잉돼서 좋은 일을 많이 하고 건강이 살았으면 좋겠다고 전했다.
p02_u06,p02,ce0.5,김준의 아버지는 기증원을 통해 아들에게 정기를 기증받은 친구들이 행복했으면 좋겠다며 성인이 되서 좋은 일을 많이 하고 건강히 팔았으면 좋겠다고 전했다.
p02_u06,p02,ce1.0,김군의 아버지는 기정원을 통해 아들의 장기를 기증받은 친구들이 행복했으면 좋겠다며 성인이 되서 좋은 일을 많이 하고 건강이 살았으면 좋겠다고 전했다.
p02_u06,p02,ce2.0,김근우 아버지는 기증원을 통해 아들의 정우기를 기증받은 친구들이 행복했으면 좋겠다며 성인이 돼서 좋은 일을 많이 하고 건강히 살았으면 좋겠다고 전했다.
p02_u06,p02,ce5.0,경근의 아버지는 기증원을 통해 아들에게 경기를 기증받은 친구들이 행복했으면 좋겠다며 성인이 돼서 좋은 일을 많이 하고 감강이 살았으면 좋겠다고 전했다.
p02_u06,p02,ce10.0,경근의 아버지는 기승원을 통해 아들의 정기를 기승받은 친구들이 행복했으면 좋겠다며 성인이 돼서 좋은 일을 많이 하고 공강이 살았으면 좋겠다고 전했다.
p02_u07,p02,taps,기징호한 책은 어리고착한 아이가 떠난다는 것을 바다드리기는 것도 힘든 일인데 누군가 살리기 위해 기징에 동무해진 보호자에게 감사하다고 하답했다.
p02_u07,p02,ce0.0,기중환책은 어리고착한 아이가 떠난다는 것을 바다를 이기는 것도 힘든 일인데 누군가 살리지 이에 기증에 동의해진 보호자에게 감사하다고 하답했다.
p02_u07,p02,ce0.1,기증원 측은 어리고착한 아이가 떠난다는 것을 받아들이는 것도 힘든 일인데 누군가 살리기 위해 기증에 종례해 준 도우자에게 감사하다고 하답했다.
p02_u07,p02,ce0.5,기중환 측은 어리고 착한 아이가 떠난다는 것을 받아들이는 것도 힘든 일인데 누군가 살리기 위해 기싱의 동해임 등 도우자에게 감사하다고 하답했다.
p02_u07,p02,ce1.0,비중환 측은 어리고 착한 아이가 떠난다는 것을 받아들이기는 것도 힘든 일인데 누군가 살리기 위해 비싱에 종료해진 보호자에게 감사하다고 하답했다.
p02_u07,p02,ce2.0,기증원 측은 어리고 착한 아이가 떠난다는 것을 받아들이는 것도 힘든 일인데 누군가 살리기 위해 기증에 종회해준 보호자에게 감사하다고 하답했다.
p02_u07,p02,ce5.0,기증 완책은 어리고 착한 아이가 떠난다는 것을 받아들이는 것도 힘든 일인데 누군가 살리기 위해 기생에 동해진 보호자에게 감사하다고 하답했다.
p02_u07,p02,ce10.0,기증원 측은 어리고 착한 아이가 떠난다는 것을 받아들이고 있는 것도 힘든 일인데 누군가 살리신 이에 기증에 종례해 준 부호자에게 감사하다고 사답했다.
p02_u08,p02,taps,전남 곡선구는 창정 전남 음뜩 마을 사업을 지난해 이어 오래도 공격적으로 추진한다고 21 발켰다.
p02_u08,p02,ce0.0,전남 곡선구는 청정 전남 읍듬 마을 사업을 지난해의 의료 오래도 공격적으로 추진한다고 21백했다.
p02_u08,p02,ce0.1,전남 곡선구는 창정 전남 읍둔 마을사업을 지난해에 이어 오래도 본격적으로 추진한다고 21 발켰다.
p02_u08,p02,ce0.5,전남국 국정부는 창작용 전남 의 등 마을 사업을 지난해에 이어 오래도 본격적으로 추진한다고 이슈비를 밝혔다.
p02_u08,p02,ce1.0,"전남 곡선구는 창정, 전남, 읍끈 마을 사업을 지난해 5회도 본격적으로 추진한다고 21발켰다."
p02_u08,p02,ce2.0,전남 곡선구는 창작용 전남 읍등 마을사업을 기난에 이어 올해도 본격적으로 추진한다고 21 발켰다.
p02_u08,p02,ce5.0,전남 국정부는 창정 전남의 등 마을사업을 지난해 이어 올해도 본격적으로 추진한다고 20일 밝혔다.
p02_u08,p02,ce10.0,전남 국정부는 창작용 전남 의끈 마을사업을 지난해 이어 올해도 본격적으로 추진한다고 21밝혔다.
p02_u09,p02,taps,주민이 지도의 마을 환경의 계산하도록 지원하는 사업으로 전난함도의 역점시체중 하나로 선정된 마을은 1100만 원을 시천년동안 총 900만 원을 지원받게 된다.
p02_u09,p02,ce0.0,"주민이 주도에 마을 환경에 계산하도록 지원하는 사업으로 전난함도의 역점 지체중 하나로 선정된 마을은 1,000만 원을 6,000년 동안 총 9,000만 원을 지원받게 된다."
p02_u09,p02,ce0.1,"구밍이 지도에 마을 환경을 개선하도록 지연하는 사업으로 전난안도의 역정 시체중 하나로 선정된 마을은 1,000만 원씩 참유통한 총 900만 원을 지원받게 된다."
p02_u09,p02,ce0.5,주민이 주도에 마을 환경을 계산하도록 기연하는 사업으로 전난함도의 역검시체 중 하나로 선정된 마을은 313년 동안 총 900만 원을 지원받게 된다.
p02_u09,p02,ce1.0,주민이 주도에 마을 환경을 개선하도록 지연하는 사업으로 전난함도의 역검시체 중 하나로 산정된 마을은 313년 동안 총 900만 원을 지원받게 된다.
p02_u09,p02,ce2.0,규민이 주도에 마을 환경을 개선하도록 지원하는 사업으로 전난안도의 역점 희체중 하나로 선정된 마을은 313년 동안 총 900만 원을 지원받게 된다.
p02_u09,p02,ce5.0,규민이 주도에 마을 환경을 개선하도록 지연하는 사업으로 전난함도의 역검주최 중 하나로 산정된 마을은 313년 동안 총 900만 원을 지원받게 된다.
p02_u09,p02,ce10.0,주민이 주도에 마을 환경을 개선하도록 지원하는 사업으로 전난함도의 역전시체중 하나로 선정된 마을은 313년 동안 총 900만 원을 지원받게 된다.
p02_u10,p02,taps,"강 마을즈를 마을의 특성과 상황, 지민니 요구 중했다가 필요한 마을 만들기 사업을 치진한다."
p02_u10,p02,ce0.0,"강 마을즈를 마을의 특성과 상황, 주민의 요구 등에 따라 필요한 마을 만들기 사업을 치진한다."
p02_u10,p02,ce0.1,"당 마을 들은 마을의 특성과 상황, 주민의 요구 등에 따라 필요한 마을 만들기 기타업을 추진한다."
p02_u10,p02,ce0.5,"상 마을들은 마을의 특성과 상황, 주민의 요구 등에다가 필요한 마을 만들기 작업을 치지는다."
p02_u10,p02,ce1.0,"강 마을들은 마을의 특성과 상황, 주민의 요구 등에 따라 필요한 마을 만들기 사업을 집단한다."
p02_u10,p02,ce2.0,"강 마을들은 마을의 특성과 상황, 지민의 요구 등에 따라 필요한 마을 만들기 사업을 추진한다."
p02_u10,p02,ce5.0,"강 마을즈는 마을의 특성과 상황, 주민의 요구 등에 따라 필요한 마을 만들기 사업을 추진한다."
p02_u10,p02,ce10.0,"당 마을드는 마을의 특성과 상황, 중인의 요구 등에 따라 필요한 마을 만들기 수업을 추추는다."
p02_u11,p02,taps,군에서는 기존에 출진증이 46개 마을과 5회 싱뒤로 선정된 46개 마을까지 총 92개 마을을 개상으로 지난 4월부터 사업을 시작했다.
p02_u11,p02,ce0.0,군에서는 기존에 추진증이 46개 마을과 5회 싱제로 선정된 46개 마을까지 총 92개 마을을 재상으로 지난 4월부터 사업을 시작했다.
p02_u11,p02,ce0.1,분에서는 기존에 추진 중위 4시 6개 마을과 5회 신규로 선정된 4시 6개 마을까지 총 92개 마을을 개상으로 지난 서울부터 사업을 시작했다.
p02_u11,p02,ce0.5,군에서는 기존에 출진 중인 46개 마을과 5회 신교로 선정된 46개 마을까지 총 92개 마을을 개상으로 지난 4월부터 4월부터 시작했다.
p02_u11,p02,ce1.0,군에서는 기존에 치진 중인 46개 마을과 5회 신경을 선정된 46개 마을까지 총 96개 마을을 개상으로 지난 4월부터 4월부터 시작했다.
p02_u11,p02,ce2.0,군에서는 기존에 추진 중인 46개 마을과 5회 신교로 선정된 46개 마을까지 총 92개 마을을 개상으로 지난 4월부터 사업을 시작했다.
p02_u11,p02,ce5.0,군에서는 기존에 취진 중인 46개 마을과 5회 신교로 선정된 46개 마을까지 총 92개 마을을 계상으로 지난 4월부터 4월부터 시작했다.
p02_u11,p02,ce10.0,군에서는 기존에 추진 중인 46개 마을과 5회 신규로 선정된 46개 마을까지 총 92개 마을을 개상으로 지난 4월부터 사업을 시작했다.
p02_u12,p02,taps,허단 조선과 벽화 그리기 시니터 조선 우체통 만들기 등 마을 환경에 개선하고 마을고 흐름체에 환력을 불어넣기 위한 다양한 차업을 진행하고 있다.
p02_u12,p02,ce0.0,서단 조선과 적학을 이기 싱터 조선 우체통 만들지 등 마을 형경을 개선하고 마을고 우롱쇠의 활력을 불어넣기 위한 다양한 차업을 진행하고 있다
p02_u12,p02,ce0.1,서단 조선과 역학을 이기 심터 조선 우체통 만들기 등 마을 환경을 개선하고 마을 고롱체의 환력을 불어넣기 위한 다양한 사업을 진행하고 있다.
p02_u12,p02,ce0.5,화단 조선과 벽카 그리기 심터 조선 우체통 만들기 등 마을 환경을 개선하고 마을 고롱체에 화질력을 불어넣기 위한 다양한 사업을 진행하고 있다.
p02_u12,p02,ce1.0,화단 조선과 벽화 그리기 심터 조선 우체통 만들기 등 마을 환경을 배산하고 마을 공동체의 환적을 불어넣기 위한 다양한 차업을 진행하고 있다.
p02_u12,p02,ce2.0,서단 조선과 적학을 이기 심터조선 우체통 만들기 등 마을 상경을 개선하고 마을 고롱체의 환적을 불어넣기 위한 다양한 차업을 진행하고 있다.
p02_u12,p02,ce5.0,화단 조선과 격화글이 심터조선 우체통 안되기 등 마을 환경에 개선하고 마을고 용체의 활력을 불어넣기 위한 다양한 사업을 진행하고 있다.
p02_u12,p02,ce10.0,화단주성과 벽하글이 이 시미터조성 우체통 만들기 등 마을 성경을 개선하고 마을고 롱체에 활력을 불어넣기 위한 다양한 사업을 진행하고 있다.
p02_u13,p02,taps,군 관계자는 차업 계획에서부터 사업 관리까지 마을 주민들의 자발적인 참여를 통해 사업을 진행함으로써 공동체 정신의 회복할 수 있도록 적극 지원하겠다고 말했다.
p02_u13,p02,ce0.0,군 관계자는 차업 계획에서부터 사업 관리까지 마을 주민들의 자발적인 참여를 통해 사업을 진행하므로써 봉동체 정신을 회복할 수 있도록 적극 지원하겠다고 말했다.
p02_u13,p02,ce0.1,군우관위계자는 차업 계획에서부터 차업 관리까지 마을 주민들의 자발적인 참여를 통해 사업을 진행함으로써 동동체 정신을 회복할 수 있도록 적극 지원하겠다고 말했다.
p02_u13,p02,ce0.5,그는 관계자는 차업 계획에서부터 사업 관리까지 마을 주민들의 자발적인 참여를 통해 사업을 진행함으로써 동동체 정신적인 회복할 수 있도록 적극 지원하겠다고 말했다.
p02_u13,p02,ce1.0,군 관계자는 사업 계획에서부터 사업 관리까지 마을 주민들의 자발적인 참여를 통해 사업을 진행하므로써 공동체 정신을 회복할 수 있도록 적극 지원하겠다고 말했다.
p02_u13,p02,ce2.0,군 국가님 계자는 사업 계획에서부터 사업 관리까지 마을 주민들의 자발적인 참여를 통해 사업을 진행함으로써 공동체 정신을 회복할 수 있도록 적극 지원하겠다고 말했다.
p02_u13,p02,ce5.0,군 관계자는 사업 계획에서부터 사업 관리까지 마을 주민들의 자발적인 참여를 통해 사업을 진행함으로써 동동체 정신능 회복할 수 있도록 적극 지원하겠다고 말했다.
p02_u13,p02,ce10.0,분이 관계자는 사업 계획에서부터 사업 관리까지 마을 주민들의 자발적인 참여 를 통해 사업을 진행하므로써 동동체 정신을 회복할 수 있도록 적극 지원하겠다고 말했다.
p02_u14,p02,taps,정화장 가능기 등의 소설로 유명한 하일지가 영어를 찾아 구이 미술적 세계를 펼치고 있다.
p02_u14,p02,ce0.0,봉화장 가능질 등의 소설로 유명한 할지가 영화를 찾아 구이 미술적 세계를 펼치고 있다.
p02_u14,p02,ce0.1,정마장 가는 길 뒤에 소설로 유명한 하일지가 영어를 찾아 그위 미술적 세계를 펼치고 있다.
p02_u14,p02,ce0.5,병마장 가는 길 등의 소설로 유명한 하일지가 영어를 찾아 그의 미술적 세계를 펼치고 있다.
p02_u14,p02,ce1.0,정화장 가는 길 등의 소설로 유명한 할지가 영어를 찾아 그 미술적 세계를 펼치고 있다.
p02_u14,p02,ce2.0,정마장 반응길 등의 소설로 유명한 하입지가 영어를 찾아 그의 미술적 세계를 펼치고 있다.
p02_u14,p02,ce5.0,경화장 가는 길 등의 소설로 유명한 하일지가 영화를 쳐다 그의 미술적 세계에 펼치고 있다.
p02_u14,p02,ce10.0,경화장 가능길 등의 소설로 유명한 하일지가 영어를 찾아 그의 미술적 세계를 펼치고 있다.
p02_u15,p02,taps,하얗지 초대전 늙은 떡변남한테 시집 간 천향 이야기가 오는 23회까지 영월 문화 예술회간 2층 전인 7실에서 열린다.
p02_u15,p02,ce0.0,할지철에 전 늙은 떡반남한테 시집 간 천향 이야기가 오는 23회까지 영월 문화예술회간 2층 전시실에서 열린다.
p02_u15,p02,ce0.1,하여틱 초대전 늙은 떡갈라마한테 실직한 천향 이야기가 오는 23회까지 영월 문화 예술회간 2층 전인 7시됐어 열린다.
p02_u15,p02,ce0.5,"하얀티초 대전, 늙은 떡간남한 대시집 간 천향 이야기가 오는 53일까지 영홀 문화 예술회간 2층 전시실에서 열린다."
p02_u15,p02,ce1.0,하얀지체대전 늙은 떡변노무한테 시집관 천연 이야기가 오는 23일까지 영월 문화 예술 회관 2층 전인치실에서 열린다.
p02_u15,p02,ce2.0,사회 직초대전 늙은 떡갔나무한태 시집 간 천향 이야기가 오는 23일까지 야골 문화예술회간 2층 전 7실에서 열린다.
p02_u15,p02,ce5.0,파일 직초대전 늙은 떡간남무한테 시집 간 처녀 이야기가 오는 23일까지 영월 문화예술회관 2층 전실에서 열린다.
p02_u15,p02,ce10.0,파일 티초 대전 늙은 떡간난만 대시집 간 천형 이야기가 오는 23회까지 영월 문화 예술회관 2층 전신실에서 열린다.
p02_u16,p02,taps,하이징은 12건은 장편 초설과 2건의 10등을 냉인 등 작가도서 활발이 활동 왔다
p02_u16,p02,ce0.0,하이징은 12건의 장태한 초설과 2건의 시집 등을 내밀 등 작가로서 활발이 활동을 왔다
p02_u16,p02,ce0.1,사회지는 12건을 장착한 초설과 2건의 시집 등을 내밀 등 작가도서 활발이 활동을 왔다
p02_u16,p02,ce0.5,하이 찌는 12건을 장치한 수설과 2건의 시집 등을 내밀 등 작가도서 활발이 활동이 왔다
p02_u16,p02,ce1.0,하여지는 시비권을 장편소설과 두 권의 시집 등을 내밍 등 작가도서 할 발이 활동을 왔다.
p02_u16,p02,ce2.0,하이징은 12건을 장소한 수술과 2건의 10금을 내는데 작가로서 활발이 활동 왔다.
p02_u16,p02,ce5.0,하이징은 12건은 장편 수설과 9건의 10등을 내밀 등 작가로서 활발이 활동을 왔다
p02_u16,p02,ce10.0,하이징은 12건을 장편서서 2건의 10등을 내는데 작가로서 활발이 활동이 왔다
p02_u17,p02,taps,그러다 2019년부터 그림을 그리기 시작 2과 3년만의 수백점의 그림을 쏟아냈다.
p02_u17,p02,ce0.0,그러다 2019년부터 그림을 그리기 시작 2과 3년만의 수백점의 그림을 쏟아냈다.
p02_u17,p02,ce0.1,그러다 2019년부터 그림을 그리기 식약 2과 3인만의 수백점의 그림을 쏟아냈다.
p02_u17,p02,ce0.5,그러다 2019년부터 그림을 그리기 시작 불과 3년만의 수백점의 그림을 쏟아냈다.
p02_u17,p02,ce1.0,그러다 2019년부터 그림을 그리기 시작 둘과 3년만의 수백점의 그림을 쏟아냈다.
p02_u17,p02,ce2.0,그러다 2019년부터 그림을 그리기 시작 2과 3년만의 수백점을 그림을 쏟아냈다.
p02_u17,p02,ce5.0,그로다 2019년부터 그림을 그리기 시작 줄과 3년 만에 수백점의 그림을 쏟아냈다.
p02_u17,p02,ce10.0,그러다 2019년부터 급임을 그리기 시작불과 3년 만에 수백점의 기름을 쏟아냈다.
p02_u18,p02,taps,전문적인 미술격을 받은 적은 없구나 독창적인 상식으로 자신의 문학적 세계를 그려나간다는 평가다
p02_u18,p02,ce0.0,"전문적인 이슬격을 받은 적은 없구나, 특청적인 상식으로 자신의 문학적 세계를 그려나간다는 평가다."
p02_u18,p02,ce0.1,전문적인 민혈교육을 받은 적은 없구나 속창적인 방식으로 자신의 문학적 세계를 그려나간다는 평가다
p02_u18,p02,ce0.5,전문적인 기술교육을 받은 적은 없으나 속창적인 방식으로 자신의 문학적 세계를 그려나간다는 평가다.
p02_u18,p02,ce1.0,전문적인 미술교육을 받은 적은 없으나 속창적인 방식으로 자신의 문학적 세계를 그려나간다는 평가다.
p02_u18,p02,ce2.0,전문적인 미술교육을 받은 적은 없구나 독창적인 방식으로 자신의 문학적 세계에 그려나간다는 평가다
p02_u18,p02,ce5.0,전문적인 이슬교육을 받은 적은 없구나 평적인 방식으로 자신의 문학적 세계에를 그려나간다는 평가다
p02_u18,p02,ce10.0,전문적인 미술교육을 받은 적은 없으나 평적인 방식으로 자신의 문학적 세계에 그변화간다는 평가다.
p02_u19,p02,taps,그의 그임은 황가지 형식에 고정되어 있지 않고 끼니없는 결심을 거듭하면서 여러가지 시리즈를 만들어내고 있다.
p02_u19,p02,ce0.0,그의 교임은 황가지 형식에 고정되어 있지 않고 끊어 없는 결심을 거듭하면서 여러가지 시리즈를 만들어내고 있다.
p02_u19,p02,ce0.1,두의 교임은 한 가지 형식의 고정되어 있지 않고 끈이 없는 결심을 거듭하면서 여러 가지 시리즈를 만들어내고 있다.
p02_u19,p02,ce0.5,그의 부임은 황가진 형식의 고정되어 있지 않고 끈이 없는 결심을 거듭하면서 여러 가지 시리즈를 만들어내고 있다.
p02_u19,p02,ce1.0,그의 구입은 한 가지 형식의 고정되어 잊지 않고 끊이 없는 결심을 거듭하면서 여러 가지 시리즈를 만들어내고 있다.
p02_u19,p02,ce2.0,그의 그임은 뿅가지 형식의 고정되어 있지 않고 끈이 없는 결심을 거듭하면서 여러 가지 CPC를 만들어내고 있다.
p02_u19,p02,ce5.0,그의 그임은 한 가지 형식의 구정되어 있지 않고 끊이 오는 결신을 거듭하면서 여러 가지 시리지를 만들어내고 있다.
p02_u19,p02,ce10.0,그의 교육은 한 가지 형식의 고정되어 있지 않고 끊이 없는 결심을 거듭하면서 여러 가지 CDG를 만들어내고 있다.
p02_u20,p02,taps,"나무화 돌 시계들의 푸른 영상, 순내자들의 여정 등 독특하고 대범한 그림들이 완성됐다."
p02_u20,p02,ce0.0,"나무화 돌 시계들의 푸른 영상, 순내자들의 여정 등 독특하고 제바만 그림들이 완성됐다."
p02_u20,p02,ce0.1,"나무화 돌 시계들의 푸른 영상, 순내자들의 여정 등 독특하고 재바만 그림들이 완성됐다."
p02_u20,p02,ce0.5,"나무화 돌 시계들의 푸른 영상, 숫내자들의 여정 등 독특하고 대범한 그림들이 완성됐다."
p02_u20,p02,ce1.0,"나무화 돌 시계들의 푸른 영상, 숫내자들의 여정 등 독특하고 대범한 그림들이 완성됐다."
p02_u20,p02,ce2.0,"나무화 돌 시계들의 푸른 영상, 숫내자들의 여정 등 독특하고 제범한 그림들이 완성됐다."
p02_u20,p02,ce5.0,"나무화 돌 시계들의 푸른 명상, 스내자들의 여정 등 독특하고 개범한 그림들이 완성됐다."
p02_u20,p02,ce10.0,"나무아도를 시계들의 푸른 명상, 술내자들의 여정 등 독특하고 제범한 그림들이 완성됐다."
p02_u21,p02,taps,이번 정치에는 늙은 떡바나마한테 식집 간 천연 이야기 시리즈를 볼 수 있다.
p02_u21,p02,ce0.0,이번 전시에는 늙은 떡바나마한테 식집 간 천연 이야기 시리즈를 볼 수 있다.
p02_u21,p02,ce0.1,이번 전시에는 늙은 떡발남한 태식 직관 천형 이야기 시리즈를 볼 수 있다.
p02_u21,p02,ce0.5,이번 전체는 늙은 똑바로 남은한테 식직한 천연 이야기 시비지를 볼 수 있다.
p02_u21,p02,ce1.0,이번 전신에는 늙은 떡바나무한 태식 직관 천형 ERV 시리즈를 볼 수 있다.
p02_u21,p02,ce2.0,이번 전체는 늙음 떡발남한 태식 직관촬영 이야기 시리즈를 볼 수 있다.
p02_u21,p02,ce5.0,이번 전시에는 늙은 똑발남과한테 식책관촬영 이야기 시리지를 볼 수 있다.
p02_u21,p02,ce10.0,이번 전시에는 늙은 똑발남과한 테스트 직관촬영 이야기 시빈실을 볼 수 있다
p02_u22,p02,taps,경주체 신으로 어릴 적 충북 간양군 영춘면에 살았던 그는 영월에 대한 많은 추억을 갖고 있고 오방책으로 그린 강연한 구림의 영월의 종서를 담았다.
p02_u22,p02,ce0.0,경주체 신호로 어릴 적 총북 간향군 영춘면에 사왔던 그는 영월에 대한 많은 추억을 갖고 있고 오방책으로 그린 강연한 구림의 영월의 종서를 담았다.
p02_u22,p02,ce0.1,경주체 신으로 어릴 적 충북 간양군 영춘면에 살았던 그는 영월에 대한 많은 추억을 갖고 있고 오방색으로 그린 강연한 이 구림의 영월의 종서를 담았다.
p02_u22,p02,ce0.5,경주체 신으로 어릴 적 충북 간양군 영춘면에 살았던 교는 영월에 대한 많은 수억을 갖고 있고 오방색으로 그린 강렬한 그림의 영월의 종서를 담았다.
p02_u22,p02,ce1.0,경주 최신으로 어릴 적 충북 간향군 영춘면에 살았던 그는 영월에 대한 많은 추억을 갖고 있고 오방색으로 그린 강렬한 그림의 영월의 종서를 담았다.
p02_u22,p02,ce2.0,경조체 신으로 어릴 적 청북 간향군 영출면에 살았던 그는 영월에 대한 많은 추억을 갖고 있고 오방색으로 그린 강렬한 그림의 영월의 종서를 담았다
p02_u22,p02,ce5.0,경주 최신으로 어릴 적 충북 가능군 영춘면을 살았던 그는 영월에 대한 많은 추억을 갖고 있고 오방색으로 그린 강렬한 그림의 영월의 종서를 담았다.
p02_u22,p02,ce10.0,경주최신으로 어릴적 청북 감양군 영춘면에 살았던 그는 영월에 대한 많은 수록을 갖고 있고 오방색으로 그린 강렬한 그림의 영월의 종설을 담았다
p02_u23,p02,taps,산업화 대기 전 정리 넘치는 토척적인 시골 정치와 시골소년의 평강력이 어려워져 표현된다.
p02_u23,p02,ce0.0,사납파 대기 전 정리 넘치는 토척적일 시골 정치와 시골 소년의 상상력이 어루어져 표현된다.
p02_u23,p02,ce0.1,산업화 대기 전 정리 넘치는 토톡적기 식후 정치와 식골소년의 상상력이 어려워 접치해야 된다.
p02_u23,p02,ce0.5,산화파세기 전 정리 넘치는 터떡적인 시구 정치와 시골소년의 상상력이 어려워져 표현된다.
p02_u23,p02,ce1.0,3화파 대기 전 경위 넘치면 토속적인 시골 정치와 시골소년의 평폭력이 어루어져 표현된다.
p02_u23,p02,ce2.0,산화파제기 전 경위 넘치는 토속적인 식을 정치와 식을 수년의 상상력이 어려워 접치해야 된다.
p02_u23,p02,ce5.0,산업화되기 전 정리 넘치는 초속적인 시구 경치와 시골소년의 상성력이 어려워졌어야 된다.
p02_u23,p02,ce10.0,3화파 대기 전 정리 넘치는 초석적인 시골 정치와 시골소년의 상상력이 어려워져 표현된다.
p02_u24,p02,taps,이 시리즌에도 이국격이고 모앙적인 그린 우즈피스 공화국 목색 시리즐 그린 등 80정이 초개된다.
p02_u24,p02,ce0.0,이 시리즌에도 입국적이고 모앙적인 그린 우주피스 공화국 녹색 시대 시리즈를 그린 등 차식점이 소개 된다.
p02_u24,p02,ce0.1,"이 시리즈 외에도 이 북적이고 모앙적인 그림, 무술픽스 동화국 녹색 시대 시리즈를 그린 등 40점이 초개된다."
p02_u24,p02,ce0.5,"이 시리어에도 이국적이고 모앙적인 그림, 우주픽스 공화국 녹색 시리즈 그림 등 80점이 소개 된다."
p02_u24,p02,ce1.0,"의실이 대외도 이국적이고 모앙적인 그림, 우유필스 공화국 녹색 시대 시리즈 그림 등 80점이 소개 된다."
p02_u24,p02,ce2.0,"이 시리즌 외에도 이 훅적이고 모앙적인 그림, 우주픽스 공화국 녹색 시대 시리즈의 그림 등 80점은 초게 된다."
p02_u24,p02,ce5.0,"이 시리즈 외에도 이국적이고 모앙적인 그림, 우주피스 공화국 녹색 시리즈 그림 등 80점이 소개 된다."
p02_u24,p02,ce10.0,"이 시리즈 외에도 이슈격이고 모앙적인 그림, 우주핏스 공하고 목색시대 시리즈 그림 등 40점이 소개 된다."
p02_u25,p02,taps,"화해집은 프랑스 뿌와 띄의 대학 부문학학사, 미모주대 부문학 박사를 받았고, 서룰과 프랑스의 드몽서 다수의 개인정과 그룹전의 참여하명, 이슬가로써 왕정하게 활동하고 있다."
p02_u25,p02,ce0.0,"화해집은 프랑스쁘아 뒤에 대학 불문학척사, 루머즈대 불문학 박사를 받았고, 서류과 프랑스의 중에서 다스의 개인정과 부릇전을 참여하며, 위실 가로써 왕정하게 활동하고 있다."
p02_u25,p02,ce0.1,"화이티든 프랑스 뿌아티의 대학 불문학 숙사, 미모즈대 불문학 박사를 받았고, 서열과 프랑스의 주무에서 다스의 개인정과 부릅전의 참여함형, 미술가로써 왕성하게 활동하고 있다."
p02_u25,p02,ce0.5,"하이티는 프랑스 부어 뒤에 대학 부문학 수사, 미모주대 부문학 박사를 받았고 설과 프랑스 등에서 다수의 개인정과 그룹전에 참여하며 위실 가로써 왕정하게 활동하고 있다."
p02_u25,p02,ce1.0,"하여진은 프랑스 부어 뒤에 대학 부문학 숙사, 미모즈대 부문학 박사를 받았고 선우과 프랑스 등에서 가수의 개인정과 부릅전의 참여함용, 위실 가로써 왕정하게 활동하고 있다."
p02_u25,p02,ce2.0,"하여진은 유투랑스 부와디의 대학 굴문학 석사, 리모즈대 굴문학 박사를 받았고, 서요가 프랑스 등에서 다수의 개인정과 그룹전의 참여함용, 위실 가로써 왕정하게 활동하고 있다."
p02_u25,p02,ce5.0,"화일진은 프랑스 부어 뒤에 대학 부문학혁사, 미모주대 부문학 박사를 받았고 허율과 프랑스 중에서 다수의 개인정과 굵전의 사명하며 의실 가로써 왕정하게 활동하고 있다."
p02_u25,p02,ce10.0,"하여진은 을 프랑스 부어 뒤에 대학 부문학 석사, 물모즈대 부문학 박사를 받았고 서유과 프랑스 등에서 다수의 개인정과 블룹전의 참여하며 이슬가로서 왕정하게 활동하고 있다."
p02_u26,p02,taps,"기난다요, 화머연대파업 당시 인천 지낭, 은근해 못 700여 개 애들 뿌려 촬영 5대 바퀴의 손상회의 입팀 50대 남성이 강철에 구찾혔다"
p02_u26,p02,ce0.0,"지난다요, 화무연대파업 당시 인천시나 오근에 못 700여 개의 늘 뿌려 촬영 5대 박기의 손상회 입힌 50대 남성이 경찰에 부착됐다"
p02_u26,p02,ce0.1,"기난다요, 화물현대 파업 당시 임천신항 운근에 못 700여계를 뿌려 차량 5대 바퀴의 손상을 입힌 50대 남성이 경찰에 부착했다."
p02_u26,p02,ce0.5,지난달 화물현대파업 당시 임천신항 인근에 못 700회를 뿌려 차량 5대 박희의 손상을 입힌 50대 남성이 경찰에 붙였다.
p02_u26,p02,ce1.0,지난달 화물현대파업 당시 인천신항 운근에 못 700여 개를 뿌려 촬영 가섭대 박희의 손상을 입힌 인식대 남성이 경찰에 부착됐다
p02_u26,p02,ce2.0,지난달 화무연대파업 당시 인천 친한 운근에 못 700여 개를 뿌려 차량 5대 박희의 손상을 입힌 50대 남성이 경찰에 붙였다.
p02_u26,p02,ce5.0,지난달 화물현대 팝 당시 인천신항 은근해 못 700억에를 뿌려 차량 5대 박희의 손상을 입힌 50대 남성이 경찰에 부착했다.
p02_u26,p02,ce10.0,지난달 화무연대 파업 당시 임천신항 은근해 못 700여계를 뿌려 차량 5대 바퀴에 손상회의 입팀 60대 남성이 경찰에 붙잡혔다
p02_u27,p02,taps,28에 인천 연수경찰서는 특수 제몰성계의 화물로 화물트럭 기사 50대 AC를 권고했다고 밝혔다.
p02_u27,p02,ce0.0,28에 인천 연수경찰서는 특수 제몰성계의 화물으로 화물트럭 기사 50대 AC를 검구했다고 밝혔다.
p02_u27,p02,ce0.1,28에 임찬 연수경찰서는 특수 제물성계의 혐의로 3월 트럭 기사 50대 AC를 권고했다고 밝혔다.
p02_u27,p02,ce0.5,28일 임찬 연수경찰서는 특수 제몰성계의 화물으로 화물트럭 기사 50대 AC를 권고했다고 밝혔다.
p02_u27,p02,ce1.0,28에 임찬 연수경찰서는 특수 제목을 통계하므로 함을 트럭 기사 50대 AC를 권거했다고 밝혔다.
p02_u27,p02,ce2.0,28에 인천 연수경찰서는 특수 제물성계의 혐의로 화물 트럭 기사 50대 AC를 검구했다고 밝혔다.
p02_u27,p02,ce5.0,28일 인천 연수경찰서는 특수 제말 성계 혐의로 화물 트럭 기사 50대 AC를 공부했다고 밝혔다.
p02_u27,p02,ce10.0,28일 인천 연수경찰서는 척수 제물성계의 혐의로 함을 트럭 비사 50대 AC를 공부했다고 밝혔다.
p02_u28,p02,taps,A 씨는 지난 11월 30일 새벽 시간 때 정도 신앙대로의 새모슬프려 차량 5대 바퀴에 통제도 입힌 혐의들 받고 있다.
p02_u28,p02,ce0.0,A 씨는 지난 11월 30일 새벽 시간 때 송도 신앙재로의 세모틀 뿌려 차량 자졌대 바퀴에 통제는 입힌 혐의를 바퀴 있다.
p02_u28,p02,ce0.1,A 씨는 지난 11월 31일 새벽 시간 때 송도 신앙대로의 세모슬 뿌려 차량 자섭대에 바퀴에 송대는 입힌 혐의를 바퀴 있다.
p02_u28,p02,ce0.5,A 씨는 지난 11월 30일 새벽 시간 때 송도 신앙대로의 새모새부대와 차량 자섭대에 바퀴에 송대가 익힌 혐의를 바꾸고 있다.
p02_u28,p02,ce1.0,A 씨는 지난 11월 31일 새벽 시간 때 송도 신앙대로의 세모세블레어 차량 5대의 바퀴에 통계는 입힌 혐의를 받고 있다.
p02_u28,p02,ce2.0,A 씨는 지난 11월 30일 새벽 시간 때 송도 신홍대로의 세모슬프려 차량 자섭대에 바퀴에 송대는 입힌 혐의를 받고 있다.
p02_u28,p02,ce5.0,A.C.는 지난 11월 30일 새벽 시간 때 송도 신앙대로의 세모슬 뿌려 차량 좌조대에 바퀴 송대를 입힌 혐의를 받고 있다.
p02_u28,p02,ce10.0,베이시는 지난 11월 31일 새벽 시간 때 송도 신앙대로의 회모술 부뢰와 사랑 자섭대의 바퀴에 송대는 이핀 혐의를 받고 있다
p02_u29,p02,taps,연주소는 덩치 신앙대로의 세무찌배격에 맞불어져 있다는 친구를 접수받고 출동해 모습을 수고했다.
p02_u29,p02,ce0.0,연주사는 정시 신앙대로의 세무찌배계가 앞으로져 있다는 신고를 접수받고 실종의 모습을 속아했다.
p02_u29,p02,ce0.1,연주소는 장시 신홍대로의 세모맛 최이백역에가 앞으로져 있다는 신고를 접수받고 출동해 모습을 수고했다.
p02_u29,p02,ce0.5,연주사는 정치 신홍대로의 세무찌배계가 부러져 있다는 친구를 접수받고 출동인 모습을 수고했다.
p02_u29,p02,ce1.0,연주사는 당신 신홍대로의 생모출백역에 앞불어들어 있다는 친구를 맞고 출동해 모습을 수고했다.
p02_u29,p02,ce2.0,연주사는 정시 신홍대로의 세무찌배계가 뿌려져 있다는 친구를 접수 맞고 출동인 모습을 수고했다.
p02_u29,p02,ce5.0,"연수사는 동시 신홍대로의 3,700 경계가 압불어져 있다는 친구를 접수 받고 출동해 모습을 수고했다."
p02_u29,p02,ce10.0,"연주사는 당시 신홍대로의 3,5,700여 개가 압불어져 있다는 친구를 접수받고 출동해 모습을 성공했다."
p02_u30,p02,taps,"연주사는 범인을 건강하기 위해 강력 4개픽, 광수대, 한개픽은 혹 한권 전담픽을 구성해 CCTV니, 침묵수사를 통해 지난 17일 오후 10개, A 씨를 붙잡았다"
p02_u30,p02,ce0.0,"연주사는 범인을 건강하기 위해 강력 4개픽, 강수대, 한개픽 으로 팡권 전담픽을 구성해 시시픽이 텀문 수사를 통해 지난 17일 오후 10개, A 씨를 붙잡았다"
p02_u30,p02,ce0.1,"연수선은 범인을 광고하기 위해 강략 네게틱, 광수대, 한게틱으로 상권 전담팀을 구성해 시시프핀이 탐뭥 수사를 통해 지난 17일 오후 10시께 A 씨를 붙잡았다"
p02_u30,p02,ce0.5,"연주사는 범인을 광고하기 위해 강력 내게틱, 광수대, 항계핑으로 환건 전담핀을 구성해 CCTV님 탐문 수사를 통해 지난 17회의 오후 10개 A 씨를 붙잡았다"
p02_u30,p02,ce1.0,"연주사는 범인을 광고하기 위해 강략 네게핀, 광수대, 한게핀으로 상권 전단핀을 구성해 CCTV, 탐응 수사를 통해 지난 17일 오후 10개 예실을 붙여봤다"
p02_u30,p02,ce2.0,"연주사는 범인은 광고가기 위해 강략 4개팀, 광수대, 한개팀으로 상권 전담팀을 구성해 CCTV, 간문 수사를 통해 지난 17일 오후 10시께 A 씨를 붙잡았다"
p02_u30,p02,ce5.0,"연주사는 범인을 광고하기 위해 강약 내게핑, 광수대, 황게핑으로 상관 전담팀을 구성해 시시피빙이 탐문 수사를 통해 지난 17일 오후 10시께 A 씨를 붙잡았다"
p02_u30,p02,ce10.0,"연주사는 범인을 광고하기 위해 강력 내게틱, 광수대, 한계틱으로 상권 전단핀을 구성해 70피미, 탐문 수사를 통해 지난 17일 오후 10시께 A 씨를 붙잡았다"
p02_u31,p02,taps,A 씨의 화면현대 노조 과일 여부는 현재까지 밝혀지지 않았으며 경찰은 담연 동지를 측정적으로 조사할 예정이다.
p02_u31,p02,ce0.0,A 씨의 화망위현대 노조 과일 여분을 현재까지 밝혀지지 않았으며 경찰은 밤엔 동지를 직증적으로 조사할 예정이다.
p02_u31,p02,ce0.1,A 씨의 화물현대 노조 가입 여부는 현재까지 밝혀지지 않았으며 경찰은 범앤동기를 직중적으로 조사할 예정이다.
p02_u31,p02,ce0.5,A 씨의 화물현대 노조가의 여분을 현재까지 밝혀지지 않았으며 경찰은 범앤동기를 직중적으로 조사할 예정이다.
p02_u31,p02,ce1.0,A 씨의 화면 현대 노조 가입 여부는 현재까지 밝혀지지 않았으며 경찰은 밤에는 동기를 특중되고 조사할 예정입니다.
p02_u31,p02,ce2.0,A 씨의 한명이 현대 노조 가입 여부는 현재까지 밝혀지지 않았으며 경찰은 밤엔 동기를 집중적으로 조사할 예정이다.
p02_u31,p02,ce5.0,A 씨의 화무현대 노조 가입 여분을 현재까지 밝혀지지 않았으며 경찰은 범앤동기를 집중적으로 조사할 예정이다.
p02_u31,p02,ce10.0,A 씨의 화무현대 노조 가입 여부는 현재까지 밝혀지지 않았으며 경찰은 범앤동기를 집중적으로 조사할 예정이다.
p02_u32,p02,taps,연투서 관계자는 28회 5회 AC를 불러 조사할 예정이며 추가 영장 신통 여부는 이후에 결정될 것이라고 말했다.
p02_u32,p02,ce0.0,연추서 관계자는 28일 오후에 AC를 불러 조세할 예정이며 추가 영장 신청 여부는 이후에 결정될 것이라고 말했다.
p02_u32,p02,ce0.1,연추서 관계자는 28에 오후에 A 씨를 불러 조세할 예정이며 추가 영장 실패한 여부는 이후에 결정될 것이라고 말했다.
p02_u32,p02,ce0.5,연추서 관계자는 28에 의외 AC를 불러 조사할 예정이며 추가 영장 신청 여부는 이후에 결정될 것이라고 말했다.
p02_u32,p02,ce1.0,연춘서 관계자는 28회 오후에 AC를 불러 조세할 예정이며 추가 영장 신청 여부는 이부에 결정될 것이라고 말했다.
p02_u32,p02,ce2.0,연수석 관계자는 28일 오후에 AC를 불러 조세할 예정이며 추가 영장 신청 여부는 이후에 결정될 것이라고 말했다.
p02_u32,p02,ce5.0,연투서 관계자는 28회 오후에 AC를 불러 조세할 예정이며 추가 영장 신형 여부는 이후에 결정될 것이라고 말했다.
p02_u32,p02,ce10.0,연구소 관계자는 28회 오후에 AC를 불러 조세할 예정이며 추가 영장 신청 여부는 이후에 결정될 것이라고 말했다.
p02_u33,p02,taps,기엠피파리바 카디풍생명은 인공진은 기술을 활용한 시그니처 AI 방의 영금 보험을 실시했다고 이따에 밝혔다.
p02_u33,p02,ce0.0,"DMP 8i와 KARDIF 생명원, 온공진은 기술을 활용한 식음이처 AI 방역연금 보험을 칠세했다고 이대로 밝혔다."
p02_u33,p02,ce0.1,DMP파리바 카리프 생명은 운공지능 기술을 활용한 식은이처 AIA의 변의 명금 보험을 칠시했다고 일일 밝혔다.
p02_u33,p02,ce0.5,DNP 파리박 하리프 탱명은 응공지는 기술을 활용한 10인이처 AI판의 명금 보험을 출시했다고 1일 밝혔다.
p02_u33,p02,ce1.0,듀엠핑 파리바 카디프 생명은 인공주는 기술을 활용한 식음이처 AIA의 반응 영금 보험을 출시했다고 1일 밝혔다.
p02_u33,p02,ce2.0,DMP 8i와 카디프 생명은 인공지는 기술을 활용한 102차 AI 반의 명금 보험을 출시했다고 1일 밝혔다.
p02_u33,p02,ce5.0,기엠픽파리바 화리프 생명은 응공지는 기술을 활용한 시금이처 AIA의 변액 경금 보험을 출시했다고 1일 밝혔다.
p02_u33,p02,ce10.0,"DMP, 파리박, 화지프 생명은 인공지능 기술을 활용한 시그니처 AIA의 변형의 명금 보험을 출시했다고 이낼 밝혔다."
p02_u34,p02,taps,"이 상품은 AI 펀드의 상장 지수 펀드, 펀드 등 다양한 투자 선색지를 제공한다."
p02_u34,p02,ce0.0,"이 상품은 AI 펀드의 상장 지수 펀드, 선제 등 다양한 투자 선색지를 제공한다."
p02_u34,p02,ce0.1,"이 상품은 AI 펀드, 상장 지수 펀드, 펀드 등 다양한 소자 선색지를 제공한다."
p02_u34,p02,ce0.5,"이 상품은 AI 펀드, 상장 지수 펀드, 펀드 등 다양한 스프자 선택지를 제공한다."
p02_u34,p02,ce1.0,"이 상품은 AI 펀드, 상장 지수 펀드, 펀드 등 다양한 포자 선색지를 제공한다."
p02_u34,p02,ce2.0,"이 상품은 AI 펀드, 성장 지수 펀드, 펀드 등 다양한 투자 선협지를 제공한다."
p02_u34,p02,ce5.0,"이 상품은 AI 펀드, 상장 지수 펀드, 펀드 등 다양한 투자 선식지를 제공한다."
p02_u34,p02,ce10.0,"이 상품은 AI 펀드, 상장 지수 펀드, 펀드 등 다양한 표자 선색지를 제공한다."
p02_u35,p02,taps,"공매지식, 해외지식 등 영악발로 특화된 AI 아이보리즘을 탑재한 AI 폰들을 제공해 고객의 투자 성향이 맞게 선택할 수 있다."
p02_u35,p02,ce0.0,국내주시 폐지시 등 영역발로 특화된 AI 아이보리즘을 터치한 AI 폰들을 제공해 고객의 투자 성향이 맞게 선택할 수 있다
p02_u35,p02,ce0.1,붕내주시 표혜지식 등 영역발로 특화된 AI 아이보리즘을 탑재한 AI 펀드들을 제공해 도객을 퇴자 성향을 맞게 선택할 수 있다.
p02_u35,p02,ce0.5,"공매주식, 회의주식 등 영역발로 특화된 AI, 알고리즘을 탑재한 AI 폰들을 제공해 고객의 투자 성향이 막대 선택할 수 있다."
p02_u35,p02,ce1.0,공매해 주실 표혜지식 등 영악발로 카댄 AI 아이고리즘을 탑재한 AI 폰들을 제공해 보객이 투자 성향이 맞게 선택할 수 있다.
p02_u35,p02,ce2.0,"공애드식, 해외지식 등 영역발로 특화된 AI 아이고리즘을 탑재한 AI 폰들을 제공해 고객의 투자 성형이 맞게 선택할 수 있다"
p02_u35,p02,ce5.0,"공매주식, 회회주식 등 영역발로 카댄 AI, 알고리즘을 탑재한 AI 폰들을 제공해 고객을 퇴려 성향이 맞게 선택할 수 있다."
p02_u35,p02,ce10.0,"국매주식, 표혈제식 등 영역발로 특화된 AI, 알고리즘을 탑재한 AI 폰들을 제공해 보객이 투자 성량이 맞게 선택할 수 있다."
p02_u36,p02,taps,ETF 투자를 원하는 고객들은 개별 ETF 펀등이 선택해 긴 달러 채건등이 영역에도 투자할 수 있다.
p02_u36,p02,ce0.0,ETF 투자를 원하는 고객들은 개별 ETF 펀들이 선택해 금은 달러 채건득인 영역에도 투자할 수 있다.
p02_u36,p02,ce0.1,ETF 투자를 원하는 고객들은 개별 ETF 펀드를 선택해 금 달러 철건득인 영역에도 투자할 수 있다.
p02_u36,p02,ce0.5,"ETF 포자를 원하는 고객들은 개별 ETF 펀드 1,100개, 금덜러 철건득이 여기에도 투자할 수 있다."
p02_u36,p02,ce1.0,ETF 투자를 원하는 고객들은 개별 ETF 펀드릴선 데케 금따러 체건득인 영역에도 투자할 수 있다.
p02_u36,p02,ce2.0,이씨프 투자를 원하는 고객들은 개별 이씨프 펀드민 선택의 금 달러 체건득인 영역에도 투자할 수 있다.
p02_u36,p02,ce5.0,2TF 투자를 원하는 고객들은 개별 2TF 펀드의 황색을 그럼 달러 체건되긴 여기에도 투자할 수 있다.
p02_u36,p02,ce10.0,이 PF 투자를 원하는 고객들은 개별 이틸프 펀드를 선택해 금따러 체건되긴 영역에도 투자할 수 있다.
p02_u37,p02,taps,사망을 보장하는 일반 사명문과 보도 제의 장애를 보장하는 제의 장애의 형중 선택 가능하며 나비 구간 및 유형에 따라 0체부터 70세까지 가입할 수 있다
p02_u37,p02,ce0.0,사망을 보장하는 일반 사명공과 고두제의 장애를 보장하는 제 장애의 형중 선택 가능하며 라빛 기간 및 유형에 따라 0세부터 73세까지 가입할 수 있다
p02_u37,p02,ce0.1,사망을 보장하는 일반 설명량과 도도 제의 장애를 보장하는 제의 장애형 중 선택 가능하며 나비 기간 및 유형에 따라 영제부터 70세까지 가입할 수 있다.
p02_u37,p02,ce0.5,사망을 보장하는 일반 사명형과 보도제일 장애를 보장하는 제일 장애형 중 한테는 가능하며 나비 기간 및 유형에 따라 0체부터 70세까지 가입할 수 있다.
p02_u37,p02,ce1.0,하망을 보장하는 일반 사명명과 보도 제일 장애를 보장하는 제일 장앵의 형중 선택은 가능하며 라비 국간 및 유형에 따라 영체부터 70세까지 가입할 수 있다.
p02_u37,p02,ce2.0,사망률 보장하는 일반 사망률과 고두제일 장애를 보장하는 제 장애의 형주 선택을 가능하며 나비 구간 및 유형에 따라 0체부터 70세까지 가입할 수 있다.
p02_u37,p02,ce5.0,사망을 보장하는 일반 사명형과 보도 제의 장애를 보장하는 제의 장애형 중 선택은 가능하며 나비 기간 및 유용에 따라 0체부터 70Hz까지 과입할 수 있다.
p02_u37,p02,ce10.0,사망을 보장하는 일반 사명 혜연과 도도 제의 장애를 보장하는 제의 장애의 우중 선택은 가능하며 라비가 깊은 및 유형에 따라 영체부터 70세까지 가입할 수 있다.
p02_u38,p02,taps,기본 고엄료는 정리태홍시만은 이상 1시납 첨첨만은 이상으로 가입할 수 있다.
p02_u38,p02,ce0.0,기본 보험연은 정익형 10만원 이상 1시납 첨첨만원 이상으로 과입할 수 있다
p02_u38,p02,ce0.1,기본 도엄연은 정리청 10만원 이상 1시납 첨첨만원 이상으로 가입할 수 있다.
p02_u38,p02,ce0.5,기본 고엄료는 정리평홍 실만원 이상 의심납 참청만원 이상원으로 가입할 수 있다
p02_u38,p02,ce1.0,기본 보험 년은 정입형 10만원 이상 예신업 참축만원 이상으로 가입할 수 있다
p02_u38,p02,ce2.0,기본 보험 년은 정리형 희만원 이상 1시납 첨척만원 이상으로 가입할 수 있다
p02_u38,p02,ce5.0,기본 부엄년엔 정의 평키만원 이상 의심납 창청만원 이상으로 과입할 수 있다.
p02_u38,p02,ce10.0,규봉보험연은 정의평수만은 이상 1시납 참청만은 이상으로 가입할 수 있다.
p02_u39,p02,taps,일정 기간 정박후 보다 안정적인 실관리를 원한다면 공식 이유로 정박되는 일반 개정 현안 책권 ETF을 제간접형 펀드로에 정박금 이전정도 활용할 수 있다.
p02_u39,p02,ce0.0,일정 기간 정박후 보다 안정적인 직관리를 원한다면 공식 이유로 정박되는 일반 계정 현안 책권 ETF을 제간접형 펀드로에 정박금 이전 정도 활용할 수 있다.
p02_u39,p02,ce0.1,일정 유간 정박후 보다 안정적인 수익 관리를 원한다면 공식 이유로 정박되는 일반이 개정전환 책권 ETF를 재간접형 펀드로에 정박근 이전정도 활용할 수 있다.
p02_u39,p02,ce0.5,일정 유간 정리프 보다 안정적인 칵관리를 원한다면 공식 이유로 정립되는 일반 개정 현안 책권 ETF 재간접형 판들호의 정리권 이전 등도 활용할 수 있다
p02_u39,p02,ce1.0,일정기간 장립부 보다 안정적인 수익관리를 원한다면 공식 이유로 정립되는 일반 개정 현안 책권 ETF 재간접형 펀드로에 정립근 이전정도 활용할 수 있다.
p02_u39,p02,ce2.0,일정 기간 정리프 보다 안정적인 실관리를 원한다면 공식 이유로 정립되는 일반 개정 변환 책권 ETF 재간접형 펀드로의 정리금 이전 등으로 활용할 수 있다.
p02_u39,p02,ce5.0,일정 유간 정리프 보다 안정적인 실관리를 원한다면 공식 이유로 정립되는 일반 개정 변환 책권 ETF 재간접형 펀드로에 정립근 이전 등도 활용할 수 있다
p02_u39,p02,ce10.0,일정기간 정리프 보다 안정적인 실관리를 원한다면 공식 이유로 정립되는 일반 개정 변환 책권 ETF 재간적 평환드로의 정리금 이전 정도 활용할 수 있다.
p02_u40,p02,taps,이재명 커브로민지당 개선 후보가 사전 터떨 전날인 4일 강원도 속초요방문에 한패을 생인 사이어라던 기획을 받고 서울 강화문에서 특주를 하기로 했다.
p02_u40,p02,ce0.0,이재명 더불어민주당 개선 후보가 사전 수출 전날인 4일 강원도 속철 박원의 한폐를 상사여례던 기획을 받고 서울 강화문에서 특지를 하기로 했다.
p02_u40,p02,ce0.1,이재명 더불어민주당 개선 후보가 차 전국들 전날인 4일 방원도 속철 방문에 한폐를 생긴 사례를 더한 계획을 받고 서울 강화문에서 토지를 하기로 했다.
p02_u40,p02,ce0.5,이재명 거부람인주당 개선 후부가 사전 숙회 전날인 4일 강원도 속철 방문에 한폐를 상임사이어던 계획을 받고 서울 강화문에서 특별을 하기로 했다.
p02_u40,p02,ce1.0,이재명 겉으로 민주당 개선 후보가 사전특급 전날인 하이 강원도 속철 방문에 한패를 상임 차례던 계획을 받고 서울 강화문에서 투표를 하기로 했다.
p02_u40,p02,ce2.0,이재명 더불어민주당 개선 후보가 사전 수표 전날인 차이 강원도 속철 방문에 합의폐를 생국 차례던 계획을 받고 서울 강화문에서 투표를 하기로 했다.
p02_u40,p02,ce5.0,이재명 더불어민주당 개선 후보가 사전특급 전날인 사이 강원도 속철 당분의 한표를 생쇼던 기획을 받고 서울 강화문에서 특혜를 하기로 했다.
p02_u40,p02,ce10.0,이재명 더불어민지당 대선 후보가 사전 숲에 전날인 4일 강원도 속철 방문에 한폐를 생긴 사이어라던 계획을 받고 서울 강화문에서 투표를 하기로 했다.
p02_u41,p02,taps,은석열 국민의힘 대선 후보와 안철수 국민의당 후보 간 단위나가 정격선 사되면서 서울 퇴싱 집중 공량에 나서기 위한 것으로 풀이 된다.
p02_u41,p02,ce0.0,윤석열 국민의힘 대선 후보와 안철수 국민의장 후보 간 단이나가 정격선 사되면서 서울 퇴싱 집중 공량에 나서기 위한 것으로 풀이 된다.
p02_u41,p02,ce0.1,윤석열 국민의행 대선 후보와 안철수 국민의당 후보 간 단이나가 정격선 사되면서 서울 퇴신 집중 공략에 나석이 위한 것으로 풀이 된다.
p02_u41,p02,ce0.5,윤석열 국민의행 대상 후보와 안철수 국민의당 후보 간 단인화가 정격선 사대면서 서울 패싱 집중 공약에 나서기 위한 것으로 풀이 된다.
p02_u41,p02,ce1.0,윤석열 국민의힘 대선 후보와 안철수 국민의힘 당훈복한 단인화가 정격선 사되면서 서울 폐신 집중 공략에 나서기 위한 것으로 풀이 된다.
p02_u41,p02,ce2.0,윤석열 국민의힘 대성 후보와 단체수 국민의당 후보 간 단인화가 정격선 사되면서 서울 표심 집중 공략에 나석이 위한 것으로 풀이 된다.
p02_u41,p02,ce5.0,윤석열 국민의행 대팡 후보와 만체수 국민의당 후보 간 단인화가 정격선 사대면서 서울 표신 집중 공략에 나서기 위한 것으로 풀이된다.
p02_u41,p02,ce10.0,윤석열 국민의행 대성 후보와 안철수 국민의당 후보가 한 단인화가 정격선사되면서 서울 폐심 집중 공략에 나서기 위한 것으로 풀이 된다.
p02_u42,p02,taps,3일 민주당 강원 선등일은 4일 이 후보의 속초사전투품의 직진 유제가 치솨됐다며 다만 강롱이 충청 직등부제는 예정대로 진행할 예정이라고 밝혔다.
p02_u42,p02,ce0.0,3일 민주당 강원 선대일은 사회 이 후보의 속초 사전 투표의 직증 유재가 치솨됐다며 다만 강롱리 춘천 직증 유재는 예정대로 진행할 예정이라고 밝혔다.
p02_u42,p02,ce0.1,3일 민주당 강원선대위는 사회 이 후보의 석초사전투표 및 집중 유세가 취소됐다며 다만 강롱니 충찬 집중 유세는 예정대로 진행할 예정이라고 밝혔다.
p02_u42,p02,ce0.5,3일 민주당 강원선대회는 4일 이후보의 속초 사전 특혐의 집중 유세가 지소됐다며 다만 강릉이 풍천의 집중 유세는 예정대로 진행할 예정이라고 밝혔다.
p02_u42,p02,ce1.0,3일 민주당 강원선대회는 차이 인홍보에 속초사전 투표 및 집중 요새가 지소됐다며 다만 강릉 및 춘천의 집중 요새는 예정되어 진행할 예정이라고 밝혔다.
p02_u42,p02,ce2.0,3일 민주당 강원현대위는 차이 이 후보의 속초 사전투표의 집중 요제가 취소됐다며 다만 강롱의 충청 집중 요제는 예정 뇌을 진행할 예정이라고 밝혔다.
p02_u42,p02,ce5.0,3일 민주당 방원선대회는 타혈 이승보에 속초사전투표 및 집중 유체가 지소됐다며 다만 강릉 및 충찬을 집중 유세는 예정되어 진행할 예정이라고 밝혔다.
p02_u42,p02,ce10.0,3일 민주당 강원선대위는 4일 20보에 속초사점 특혐의 집중 유세가 지소됐다며 다만 강릉미 충청의 집중 유세는 예정대로 진행할 예정이라고 밝혔다.
p02_u43,p02,taps,이어 갈려한 민주당 선대의 관계자는 약관 단인화로 상황이 빈박해졌다며 서울에서 투체와며 공인들에게 파전특교 처벼를 권위할 예정이라고 말했다.
p02_u43,p02,ce0.0,이어 갈려한 민주당 선대의 관계자는 약관 단인화로 상황이 긴박해졌다면 서울에서 특히며 공인들에게 파전특두 철회를 권위할 예정이라고 말했다
p02_u43,p02,ce0.1,이어 갈려한 민주당 선대의 관계자는 약관 단일화로 상황이 빈박해졌다며 서울에서 특치화며 공인들에게 파전특별로 참여를 권유할 예정이라고 말했다.
p02_u43,p02,ce0.5,이어 갈려한 민주당 선대의 관계자는 약관 단일하로 상황이 긴박해졌다면 서울에서 투표하며 고민들에게 사전 투표 천녀를 권유할 예정이라고 말했다.
p02_u43,p02,ce1.0,이어 갈려한 민주당 선대의 관계자는 약관 단위마로 상황이 긴박해졌다며 서울에서 특유하며 공인들에게 받은 특유 천녀를 권위할 예정이라고 말했다.
p02_u43,p02,ce2.0,이어 갈려한 민주당 선대의 관계자는 약관 단일화로 상황이 긴박해졌다며 서울에서 투표왕이나 국민들에게 사전특표 처벼를 권위할 예정이라고 말했다.
p02_u43,p02,ce5.0,이와 관련된 민주당 손대일 관계자는 약간 단일하로 상황이 빙박해졌다며 서울에서 투표하며 공인들에게 사준특병을 권유할 예정이라고 말했다.
p02_u43,p02,ce10.0,이어 갈려한 민주당 선대일 관계자는 약관 단미화로 상황이 빈박해졌다며 서울에서 투표하며 고민들에게 사준 투표 천미를 권유할 예정이라고 말했다
p02_u44,p02,taps,당초 이인공은 강원이 캐스팅 부터로 꼭 폐험 만큼 강원 민심을 잡기 위해 사회 석촌에서 사전 수표를 한 뒤 장롱과 출천둥을 찾을 예계에 계였다
p02_u44,p02,ce0.0,당초 이은고는 강원이 캐스팅 부터로 꼭 해온 만큼 강원 밀심을 잤지 위해 사회 석촌에서 사전 투표를 한 뒤 당무가 출천 등을 찾을 예계에 계였다
p02_u44,p02,ce0.1,당초 이은본은 강원이 캐스팅 루터로 꾸패운 만큼 강원 민심을 잡기 위해 사회 석촌에서 사전 수표를 한 뒤 당문과 출천증을 찾아올 계획이었다.
p02_u44,p02,ce0.5,당초 이후에는 강원이 피스팅부터로 꾸벼운 만큼 강원 민심을 잡기 위해 사회 숙초에서 사전 숙표를 한 뒤 강무가 출천 등을 폐질 예계에 계획했다.
p02_u44,p02,ce1.0,당초 유흥본은 강원이 캐스팅드퍼로 꼭 표현 만큼 강원 민심을 잡기 위해 사회 숙초에서 사전특표를 한 뒤 강원과 춘천 등을 찾아올 계획이었다.
p02_u44,p02,ce2.0,당척 이후보는 강원이 캐스팅부터록 꼭 표현 만큼 강원 민심을 잡기 위해 사회 속초에서 사전특표를 한 뒤 강원과 춘천 등을 찾아올 계획이었다.
p02_u44,p02,ce5.0,강초 이용보는 강원이 캐스팅드터로 꾸벼운 만큼 강원 민심을 적기 위해 사회 석초에서 사전 급표를 하니 강문과 출천 중을 찾아올 계획이었다.
p02_u44,p02,ce10.0,장초 이유보는 강원이 캐스팅부터록 꼭 표현 만큼 강원 민심을 잡히 예사에 석초해서 사령 수표를 한 뒤 강롱과 출천 등을 찾을 예계획했다.
p02_u45,p02,taps,하지만 이날 약관후보 단일하로 안 후보를 지지했던 중독체무치신을 끌어오니 이의 사전습회 장소를 서울로 바꾸고 것으로 보입니다.
p02_u45,p02,ce0.0,하지만 이날 약관 후보 단연하로 안 후보를 지지했던 종룩채무 표심을 끌어오니 예 사전특표 장소를 서울로 부풍구고 것으로 보입니다.
p02_u45,p02,ce0.1,하지만 이날 야권 후보 단일하로 안 후보를 주지했던 종룩층을 끌어영히 위해 사전특표 장소를 서울로 접근 것으로 본다.
p02_u45,p02,ce0.5,하지만 이날 약간 후보 단일하로 안 후보를 주시했던 종룩채무 폐심을 끌어오기 위해 사전 숙회 장소를 서울로 바꾸는 것으로 보인다.
p02_u45,p02,ce1.0,하지만 이날 약관 후보 단일하로 안 후보를 지지했던 중독층 폐심을 끌어오니 위에 사정특표 당서를 서울로 붙은 것으로 보입니다.
p02_u45,p02,ce2.0,"하지만 이나 약관 후보 단일하로 안 후보를 지지했던 중독층, 폐심을 끌어오니 예사점 특별 장소를 서울로 바꾼 것으로 보인다."
p02_u45,p02,ce5.0,하지만 이날 야권 후보 단일하로 안 후보를 지지했던 종룩층 표심을 끌어오기 위해 사장특표 당소를 서울로 바꾸고 것으로 보인다.
p02_u45,p02,ce10.0,하지만 이날 약관 후보 단일하로 안 후보를 지시했던 종룩층 표심을 끌어오니 예사장 숲의 장소를 서울으로 부품 것으로 보입니다.
p02_u46,p02,taps,천재교 춘창교구 옮겨둠 공당이 부활절을 맞아 재활용품을 활용한 군음달이 가족 부활주가 계란 콘셉트를 열어 눈길을 끈다
p02_u46,p02,ce0.0,환적여 7천 교구 온교도 본당의 부활절을 맞아 재활용품을 활용한 군음달이 가족 부활축하 계란컷을 열어 문길 끈다
p02_u46,p02,ce0.1,선제교 칭찬 교구 옹교동 본당의 부활절을 맞아 대화용품을 활용한 군음달이 가족 부활축하 계란 콘셉트를 열어 눈길을 끈다
p02_u46,p02,ce0.5,환적여 칭찬 교구 옮겨둔 본당의 부활절을 맞아 대활용품을 활용한 군음달일 가족 부활축하 계란 콘텐츠를 열어누기를 끈다
p02_u46,p02,ce1.0,현지교 칭찬 교구 옮겨둔 공당의 부활절을 맞아 재활용품을 활용한 구름달이 가족 부활 축하 계란 콘텐측을 열어 눈길을 끈다
p02_u46,p02,ce2.0,"천재교, 천천교, 공교동, 본당의 부활절을 맞아 재활용품을 활용한 군음달이 가족 부활 축하, 계란 컨트롤스트를 열어 눈길을 끈다"
p02_u46,p02,ce5.0,현지교 출천교고 옮겨둔 공당의 부활절을 맞아 재활인품을 활용한 구름다리 과적 부활 축하 개난인 콘체스를 열어 눈길 끈다
p02_u46,p02,ce10.0,천재교 천천교고 옮겨둔 권당이 부활절을 맞아 재활용품을 활용한 구름다리 가족 부활 축하 개한 콘셉트를 열어 눈길을 끈다
p02_u47,p02,taps,참기받을 조사 7년 여정을 지내며 환경 회복을 실천하고 있는 옮겨동 본당은 지난 17일 9월 대측일 미사에서 콘테스트 우수작을 발표하고 나눔을 지내겠다.
p02_u47,p02,ce0.0,산미 받을 조사 7년 여정을 지내며 환경 회복을 실천하고 있는 옹교동 권당은 지난 17일 부활 대측일 미사에서 콘테스트 우수작을 발표하고 나눔을 지내겠다.
p02_u47,p02,ce0.1,3위 받을 조사 7년 여정을 지내면 환경 회복을 실천하고 있는 옹교동군당은 지난 17일 부활 대측이 미사에서 콘테스트 우수작을 발표하고 나눔을 지내겠다.
p02_u47,p02,ce0.5,한미 받을 수서 7년 여정을 지내면 환경 회복을 실천하고 있는 옮교동 분당은 지난 17일 부활 대축에 미사에서 콘텐츠 의수작을 발표하고 나눔을 지내겠다.
p02_u47,p02,ce1.0,3위바드투서 7년 여정을 지내면 환경 회복을 실천하고 있는 옮겨동분당은 지난 17일 9월 대축일 미사에서 콘테스트 응수작을 발표하고 나눔을 지내겠다.
p02_u47,p02,ce2.0,3위 받을 조사 7년 여정을 지내면 환경 회복을 실천하고 있는 옮겨동군당은 지난 17일 9월 대측일 미사에서 콘테스트 우수작을 발표하고 나눔을 지내겠다.
p02_u47,p02,ce5.0,3위 받을 조사 7년 여정을 지내면 환경 회복을 실천하고 있는 옮겨둔 군당은 지난 17일 9월 대측에 미사에서 콘테스트 우수작을 발표하고 나눔을 진행했다.
p02_u47,p02,ce10.0,3위 받을 수서 7년 여정을 지내면 환경 회복을 실천하고 있는 옮겨동 권장은 지난 17일 부활 대측일 미사에서 콘팩트 우수작을 발표하고 나눔을 진행했다.
p02_u48,p02,taps,옹교동 권당 사모케의 천미 받을 수서 분가와 공사 분가가 마련한 이번 콘테스트는 겨활용空이나 재사용이 가능한 물품을 활용해 부활절 계란을 천보인인데 의미를 뒀다.
p02_u48,p02,ce0.0,온교동 권당 사목회 천미바주소서 분가와 봉사 분가가 마련한 이번 콘테스트는 재활용순이나 재사용이 가능한 물품을 활용해 부열저 계란을 선보이는데 의미를 뒀다.
p02_u48,p02,ce0.1,온교동 권당 사목회 찬미 받을 수서 분과와 동사 분과가 마련한 이번 컴팩스는 재활용품이나 재사용이 가능한 물품을 활용해 부열죄 계란을 선보이는데 의미를 뒀다.
p02_u48,p02,ce0.5,공교동 권당 3억회의 찬미 받을 수서 분가와 공사 분가가 마련한 일반 콘테스트는 저활용품이나 부채사용이 가능한 물품을 활용해 부활절 계란을 선보이는데 의미를 뒀다.
p02_u48,p02,ce1.0,온교동 본당 3호케의 찬미 받을 수서 분과와 공사 분과과 마련한 이번 컴테스트는 저활용품이나 제사용이 가능한 물품을 활용해 부활절 계란을 선보이는데 의미를 뒀다.
p02_u48,p02,ce2.0,온교동 분당 3호케 참기받을 수서 분과와 공사 분과과 마련한 이번 쿨 테스트는 저활용품이나 재사용이 가능한 물품을 활용해 부열저 계란을 선보이는데 의미를 뒀다.
p02_u48,p02,ce5.0,공교동 본당 사목회 참기받을 조사 분가와 봉사 분깍과 마련화 이번이 콘테스트는 겨와령품이나 부채사용인 가능한 물품을 활용해 부월절 계란을 선보이는데 의미를 뒀다.
p02_u48,p02,ce10.0,공교동 권장 사모케 참위 받을 수서 분과와 봉사 분과과 마련한 이번 컴테스크는 겨활용품이나 부채사용이 가능한 물품을 활용해 부활절 계단을 선보이는데 의미를 뒀다.
p02_u49,p02,taps,계활용품을 얼마나 잘 활용했는지와 얼마나 영상적인지 심리적인지를 신사했다.
p02_u49,p02,ce0.0,재활용품을 얼마나 잘 활용했는지와 얼마나 영성적일지 심리적 공지를 심사했다.
p02_u49,p02,ce0.1,재활용품을 얼마나 잘 활용했는지와 얼마나 영성적인지 심기적인지를 실사했다.
p02_u49,p02,ce0.5,대화룡품을 얼마나 잘 활용했는지와 얼마나 영성적인지 심리제군지를 심사했다.
p02_u49,p02,ce1.0,재활용품을 얼마나 잘 활용했는지와 얼마나 영상적인지 심리제공비를 심사했다.
p02_u49,p02,ce2.0,재활용품은 얼마나 잘 활용 있는지와 얼마나 영성적인지 1230G를 심사했다.
p02_u49,p02,ce5.0,재활용품은 얼마나 달 활용 있는지와 얼마나 영상적인지 심리적인지를 실사했다.
p02_u49,p02,ce10.0,재활용품을 얼마나 잘 활용했는지와 얼마나 영성적인 시 12제공지를 심사했다.
p02_u50,p02,taps,"콘테스트 1인은 택대형과 나무젓가락, 계란판, 떨어진 설립을 주어 예신님이 배에 오르신 모습을 표현한 4차 푸른 소나모팅에 돌아갔다."
p02_u50,p02,ce0.0,"콘테스트 1인은 색 등과 나무 젓가락, 계란판, 떨어진 설립을 주어 예수님이 대해에 오르신 모습을 채어날 4차 푸른 소나모팅에 돌아갔다."
p02_u50,p02,ce0.1,"콘테스트 1인은 3등과 나무 젓가락, 계란판, 떨어진 설립을 주어 예수님이 배에 오르신 모습을 표현할 4차 푸른 소나무킹을 돌아갔다."
p02_u50,p02,ce0.5,"본 테스트 1인 세트 병과 나무젓가락, 계란판 떨어진 소립을 주어 예습님이 배에 울으신 모습을 표현한 사차 풀흥 소나무팀에 돌아갔다"
p02_u50,p02,ce1.0,"본 테스트 1인은 혜특병과 나무젓가락, 계란판 떨어진 소재료를 주어 예수님이 배에 오르신 모습을 최연한 사철풀행 소나무팀에 돌아갔다."
p02_u50,p02,ce2.0,"콘테스트 1인은 세트경과 나무젓가락, 계란판, 떨어진 설립을 주어 예술님이 배에 오르신 모습을 최연한 4차 푸른 소나무팀에 돌아갔다."
p02_u50,p02,ce5.0,"손 테스트 1인 캣퇴점과 나무젓가락, 계란판, 떨어진 설립을 주어 예수님이 배에 오르신 모습을 최연한 4천 푸른 소나무팀에 돌아갔다"
p02_u50,p02,ce10.0,"콘테스트 1인은 3등과 나무젓가락, 계단판, 떨어진 설립을 주어 예수님이 배에 오르신 모습을 표현한 4차 푸른 소나무팀에 돌아갔다"
p02_u51,p02,taps,천리 받을 수서 7년 여정은 교황청에 제안했다라 전 세계의 가톨릭 교회가 동참하는 성형퓨케이입니다.
p02_u51,p02,ce0.0,첫리 받으셔서 7년 여정은 두왕청에 제안했다라 전 세계의 가톨릭 교회가 동참하는 황영풍회의다.
p02_u51,p02,ce0.1,천리 받을 수서 7년 여정은 주황청에 제안했다라 전세계의 가톨릭 교회가 동참하는 황형탱이입니다.
p02_u51,p02,ce0.5,천리 받을 수서 7년 여정은 조항청에 제안에 따라 전 세계의 가톨릭 교회가 도착만은 황영수케이입니다.
p02_u51,p02,ce1.0,찬림이 받을 수서 7년 여정은 조항청에 제안했다가 정세계의 갓돌릭 교회가 동참하는 성형평행이다.
p02_u51,p02,ce2.0,천리 받을 수서 7년 여정은 교황청이 제안에 따라 전 세계의 갓뚤립 교회가 동참하는 성형큐페인이다.
p02_u51,p02,ce5.0,천리 받을 수서 7년 여정은 교황청에 제안했다라 전 세계의 갓뚤릭 교회가 동참하는 황영신 회의입니다.
p02_u51,p02,ce10.0,천리 바르소서 7년 여정은 교황청에 제안에 따라 중세계의 가톨릭 교회가 동참하는 성경품생이다.
p02_u52,p02,taps,전국 교부에서 지구와 인류 공동체의 생태적 이기의 대학 덩곽심을 갖고 다양한 실천 방안을 대시 행동하고 있다.
p02_u52,p02,ce0.0,전국 교부에서 지구와 인류 공동체의 세태적 의지에 대한 방법심을 갖고 다양한 실천 방안을 제시해 행동하고 있다.
p02_u52,p02,ce0.1,전국 교부에서 지구와 인류 공동체의 세태적 이기의 대안이 방확심을 갖고 다양한 실천 방안을 제시 행동하고 있다.
p02_u52,p02,ce0.5,전국 교부에서 지구와 인류 공동체의 생태적 유지의 대한방확심을 갖고 다양한 실천 방안을 대시 행동하고 있다.
p02_u52,p02,ce1.0,전국 교구에서 지구와 인류 공동체 일생 태득 위기에 대한 강확심을 갖고 다양한 시청 방안을 제시해 공동하고 있다.
p02_u52,p02,ce2.0,전국 교구에서 지구와 인류공동체의 생태적 의지에 대한 경확심을 갖고 다양한 실천 방안을 대신 홍건목을 했다.
p02_u52,p02,ce5.0,전국 교구에서 직구와 인류 공롱체일 생태적 위기에 대한 경확심을 갖고 다양한 실천 방안을 제시해 홍동하고 있다.
p02_u52,p02,ce10.0,전국 교구에서 지구와 인류 공룡체의 생태적 위치에 대한 경악심을 갖고 다양한 실천 방안을 제시해 행동록을 했다.
p02_u53,p02,taps,개안한 공립 코론은 이후 일상회북 전환에 닮아쳐 고객들의 마일리지 사용탄일을 위한 퍽에서 흑자하고 있다.
p02_u53,p02,ce0.0,개안한 공유 코론은 이후 일상 회복 전환에 닮아쳐 고객들의 마엘리시 사용탄의를 위한 쇼개스를 헛자고 있다.
p02_u53,p02,ce0.1,대안한 공리 코어는 이후 예상 회복 전환에 발맞춰 고객들의 마일리지 사용탈리를 위한 프로게스를 확대하고 있다.
p02_u53,p02,ce0.5,대안안공인 코로나 이후 일상 회복 전원에 발맞춰 고객들의 마일리지사용 판의를 위한 플러셋을 확대하고 있다.
p02_u53,p02,ce1.0,대안한 국민 코로나 이후 예상 회복 전환에 담아쳐 고객들의 마일리시 카용판의를 위한 프로백스를 확대하고 있다.
p02_u53,p02,ce2.0,대안한 공유 크로는 이후 일상 회복 전환에 담아쳐 고객들의 마일리지 사용판의를 위한 서비스를 확장하고 있다.
p02_u53,p02,ce5.0,계현안공인 코로나 이후 일상회복 전환에 담아쳐 고객들의 마일리실 사용팔리를 위한 가볍게 배워먹자고 있다
p02_u53,p02,ce10.0,개안한 공유 코로나 이후 일상 회복 전환에 방아쳐 고객들의 마일리신이 사용 편의를 위한 프로백스를 확대하고 있다.
p02_u54,p02,taps,대안항공홈 2달 31일까지 대안항공홈 페이지 및 모바이로 캐시인 나이지를 유용하는 신객들에게 마일린지를 환급해지는 페이드의 무벤트를 진행한다고 사회를 밝혔다.
p02_u54,p02,ce0.0,대안항공홈 2달 31일까지 대안항공홈 페이지 및 모바일로 캐쉬는 날즈를 유용하는 승객들에 마일린지를 황급해지는 페인백 유벤트를 진행한다고 살을 밝혔다.
p02_u54,p02,ce0.1,대안항공 2달 31일까지 대안항공 홈페이지 및 모바일로 캐시엔 라이즈를 이용하는 승객들에게 마일링지를 환급해지는 팽댕 이벤트를 진행한다고 살 밝혔다.
p02_u54,p02,ce0.5,대안항공은 2달 31일까지 대안항공은 페이지 및 모바일로 캐시인 마을즈를 이용하는 생객들에게 마일링지를 환급해 주는 평백 이벤트를 진행한다고 사회를 밝혔다.
p02_u54,p02,ce1.0,대안항공은 2달 31일까지 대안항공품 페이지 및 모바일로 캐시인 마일드를 이용하는 생객들에게 마일리지를 한겁해지는 팽백 이벤트를 진행한다고 살 밝혔다.
p02_u54,p02,ce2.0,대안항공은 2달 31회까지 대안항공 홈페이지 및 모바일로 캐시인 마을지를 이용하는 승객들에게 마일링지를 선거패치는 팽백 이벤트를 진행한다고 사엘 밝혔다.
p02_u54,p02,ce5.0,대안항공은 2달 31일까지 대안항공 홈페이지 및 모바일로 캐시인 날질을 이용하는 승객들에게 마일링지를 황급해주는 팽백 유벤트를 진행한다고 사회를 밝혔다.
p02_u54,p02,ce10.0,대안항공은 2달 31일까지 대안항공 홈페이지 및 모바일로 캐시인 마일리즈를 이용하는 승객들에게 마일리즈를 황급해진 후 팽백 이벤트를 진행한다고 사회를 밝혔다.
p02_u55,p02,taps,개안항공 공개자는 홍콕관 구매시 운영 일부를 마일리즈부 대신 사용하면 최대 400마이까지 마일리즈를 다시 돌려드린다고 설명했다.
p02_u55,p02,ce0.0,개안항공 공개자는 보공권 구맷이 운이 예보를 마일리지로 대신 사용하며 최대 400마이까지 마일리지를 다시 돌려드린다고 설명했다.
p02_u55,p02,ce0.1,대안항공 관계자는 홍옥관 구매시 우민 앱을 마일리지로 대실 사용하며 최대 400마일까지 마일리지를 다시 돌려드린다고 설명했다.
p02_u55,p02,ce0.5,대안항공공기자는 홍웅관 구매시 의미인 예부를 마일리지고 대신 사용하면 최대 400마일까지 마일리지를 다시 돌려드린다고 설명했다.
p02_u55,p02,ce1.0,대안항공 관계자는 홍공관 구매시 운행 예보를 마일리즈로 대신 사용하면 최대 400마일까지 마일리즈를 다시 돌려드린다고 설명했다.
p02_u55,p02,ce2.0,대한민국 관계자는 후관 구맷이 운힌 예부를 마일리즈로 대신 사용하면 최대 400만 원까지 마일리즈를 다시 돌려드린다고 설명했다.
p02_u55,p02,ce5.0,대안항공 공개자는 홍웅관 구매시 운영 1부를 마일리지로 대신 사용하면 최대 400만 원까지 마일리지를 다시 돌려드린다고 설명했다.
p02_u55,p02,ce10.0,대안웅공 공개자는 홍웅권 구매시 운닝 일부를 마일리지도 대신 사용하면 최대 400만일까지 마일리지를 다시 돌려드린다고 설명했다.
p02_u56,p02,taps,"이번 생활을 통해 캐시연라이즈를 이용해 1,500마이 이상 공죄 이후 성공끈 구매미 탁증 완료하면 200마이를 돌려준다."
p02_u56,p02,ce0.0,"이번 행사를 통해 캐시연라이즈를 이용해 1,500매의 이상 공죄도 홍콩끈 구매미 탁증 완료하면 200매을 돌려준다."
p02_u56,p02,ce0.1,"이번 흰파를 통해 캐시연라이즈를 이용해 1,500매의 이상 공죄해서 성공끝 구매 및 탁승 완료하면 200매을 돌려준다."
p02_u56,p02,ce0.5,"이번 행사를 동의 캐시인 마이지를 이용해 1,500마이 이상 공제해서 성공끈 금액 및 탁승 완료하면 200마이를 돌려준다."
p02_u56,p02,ce1.0,"이번 행파를 통해 캐시앤 마이지를 이용해 1,500마이 이상 공제 후 한근근 구매미 탁증 완료하면 200마이를 돌려준다"
p02_u56,p02,ce2.0,"이번 행사를 통해 캐시연말즈를 이용해 1,500마의 이상 공죄 이후 홍콩콩 구매 및 탁승 완료하면 200마일을 돌려준다."
p02_u56,p02,ce5.0,"이번 행사를 통해 캐시연말지를 이용해 1,500마의 이상 공죄 이후 행은끈 구매미 탁승 완료하면 200마일을 돌려준다"
p02_u56,p02,ce10.0,"이번 행사를 통해 캐시연말지를 이용해 1,500만에 이상 공죄 이후 홍금금 구매미 탁증 완료하면 200만에 돌려준다"
p02_u57,p02,taps,대안항공 카드 감창계절에 이용할 경우 혜택은 설링마이까지 늘어난다.
p02_u57,p02,ce0.0,대안항공 카드 감상 대절을 이용할 경우 혜택을 설림날까지 늘어난다.
p02_u57,p02,ce0.1,대안항공 카드 감창결제를 이용할 경우 혜택을 살인 날까지 늘어난다.
p02_u57,p02,ce0.5,대안항공카드 감창결제를 이용할 경우 혜택은 처링날까지 늘어난다.
p02_u57,p02,ce1.0,대안항공카드 감성계절에 이용할 경우 퇴근 처링할까지 늘어난다.
p02_u57,p02,ce2.0,대한민국은 가족 감청 결제를 이용할 경우 세 태근 차량만에까지 늘어난다.
p02_u57,p02,ce5.0,대안한 공카드 감창결체를 이용할 경우 혜택을 수링날까지 누워간다.
p02_u57,p02,ce10.0,대안항공 카드 감성 결제를 이용할 병을 혜택은 수링을까지 늘어난다.
p02_u58,p02,taps,캐시인 마을즈는 대안공이 스카이패스트 제도 개편의 1원으로 지난해 1월부터 도입한 마일리지폭학 결제 서비스다.
p02_u58,p02,ce0.0,캐시인 마을즈는 대안공리 스카이패스 제도 개편의 1원으로 지난해 1월부터 투입한 마일리지폭학 결제 서비스다.
p02_u58,p02,ce0.1,KCN 마일드는 대안항공이 스카이패스 제도 개편의 1원으로 지난해 1월부터 투입한 마일리지 보컬 결제 서비스다.
p02_u58,p02,ce0.5,KCN 마을즈는 대안공이 스카이패스구 제도 개편의 1완으로 지난해 1월부터 투입한 마일리기 복합 결제 서비스다.
p02_u58,p02,ce1.0,캐시인 말도는 대안공이 스카이패스트 제도 재편의 1원으로 지난해 1월부터 투입한 마일리지 보컬 결제 서비스다.
p02_u58,p02,ce2.0,KCN 마을즈는 대안공이 스카이패스트 제도 개편의 2완으로 지난해 1월부터 투입한 마일리지폭학 결제 서비시다.
p02_u58,p02,ce5.0,캐시인 마일드는 대안공위 스카이패스 제도 개편의 1완으로 지난해 1월부터 도입한 마일리지 보컬 결제 서비스다.
p02_u58,p02,ce10.0,캐시인 마을즈는 대안항공위 스카이팩트 제도 개편의 1완으로 지난해 1월부터 투입한 마일리지 부컥 결제 서비스다.
p02_u59,p02,taps,항공권 구매시 운힘의 20% 이내의 교육에게 고개지 원하는 망켰 마일리교로 될지 할 수 있다.
p02_u59,p02,ce0.0,항공권 금액이 운힘의 20% 인해의 질객의 복제질 원하는 만큼 마일리주로 설치할 수 있다.
p02_u59,p02,ce0.1,항공권 구매시 운힘의 20% 인해의 긁액을 독의길 원하는 만큼 마일리주로 설치할 수 있다.
p02_u59,p02,ce0.5,항공권 구매치 운힘의 20% 운힘 금액을 보계기 원하는 만큼 말리즈로 발표할 수 있다.
p02_u59,p02,ce1.0,항공권 구매시 운힘의 20% 이메인의 교맥을 고객이 원하는 만큼 말리기로 잘 지할 수 있다.
p02_u59,p02,ce2.0,한국권 금액이 운힘의 20% 이내 금액을 고객이 원하는 만큼 말리주로 잘 피할 수 있다.
p02_u59,p02,ce5.0,상금권 구매시 운힘의 20% 이내의 금액을 고객일 원하는 만큼 말리기로 결제할 수 있다.
p02_u59,p02,ce10.0,상공권 구매시 운행의 20% 이내 규맥을 조개기 원하는 만큼 말리주로 제재할 수 있다.
p02_u60,p02,taps,판매 젓석수와 출발인의 재현을 받지 않고 500k부터 사용할 수 있어서 적은 말리뷰로도 이용 가능하다.
p02_u60,p02,ce0.0,판매 저석수와 출발이 제안을 받지 않고 500라이부터 사용할 수 있어서 접은 말리주보다 이용 가능하다
p02_u60,p02,ce0.1,3맨 저석수와 칠벌이래 재현을 받지 않고 500라이부터 사용할 수 있어서 적은 말리주로도 이용 가능하다.
p02_u60,p02,ce0.5,판매 저석수와 출바디를 제한을 받지 않고 500갈부터 사용할 수 있어서 적은 말리주로도 유흥관령하다.
p02_u60,p02,ce1.0,한 맨 저석수와 출발이래 재현을 받지 않고 500말부터 사용할 수 있어서 적은 말리주로도 유용 가능하다.
p02_u60,p02,ce2.0,탐맨 저석수와 출발인의 재현을 받지 않고 500mm부터 사용할 수 있어서 적은 말리주로도 이용 가능하다.
p02_u60,p02,ce5.0,판맨 저석수와 출발이래 제안을 받지 않고 500라일부터 사용할 수 있어서 적은 마일리수로도 유용관령하다.
p02_u60,p02,ce10.0,판매 저석수와 출발인의 재현을 받지 않고 500라이부터 사용할 수 있어서 적은 말리주로도 이용 가능하다.
p02_u61,p02,taps,또한 국내전에서 국제선의 모든 운인까지 강의해 마일리지 사용검이가 넓다.
p02_u61,p02,ce0.0,또한 국내전에서 국제선의 모든 운인까지 가능해 마일리지 사용 범위가 넓다.
p02_u61,p02,ce0.1,또한 동네선에서 곡제선의 모든 운인까지 가능해 마일리지 사용검이가 넓다.
p02_u61,p02,ce0.5,또한 동네선에서 고키선의 모든 운인까지 가능해 마일리지 사용범위가 넓다.
p02_u61,p02,ce1.0,또한 공네톤에서 국제선에 모든 운영까지 가능해 마일리티 사용 덤미가 넓다.
p02_u61,p02,ce2.0,또한 국내전에서 국제선의 모든 운영까지 가능해 마일리지 사용 범위가 넓다.
p02_u61,p02,ce5.0,또한 공레톤에서 국제선의 모든 운영까지 가능해 마일리지 사용 범위가 넓다.
p02_u61,p02,ce10.0,또한 국내선에서 국제선의 모든 운영까지 가능해 마일리지 사용검이가 넓다.
p02_u62,p02,taps,KCN 마이지를 사용하더라도 한국권 전체 의미에 해당하는 마일리지도 싸인다.
p02_u62,p02,ce0.0,캐시엥 마이지를 사용하더라도 한국권 전체 의미에 해당하는 마일리지도 싸인다.
p02_u62,p02,ce0.1,PCN 마이즈를 사용하더라도 한국권 전체 의미에 해당하는 마일리시도 쌓인다.
p02_u62,p02,ce0.5,캐시인 마이지를 사용하다라도 항공권 전체 의미에 해당하는 마일리기도 싸인다.
p02_u62,p02,ce1.0,캐시연말이를 사용하다가도 한국권 전체 운영에 해당하는 말리기도 싸인다.
p02_u62,p02,ce2.0,KCN 마이즈를 사용하더라도 한국권 전체 의미에 해당하는 마일리지도 싸인다.
p02_u62,p02,ce5.0,캐시엔 마이지를 사용하다가도 항공권 전체 의미에 해당하는 마일리지도 싸인다.
p02_u62,p02,ce10.0,캡시인 마이지를 사용하더라도 한국권 전체 의미에 해당하는 마일리지도 싸인다.
p02_u63,p02,taps,개안항공 관계자는 이 항원 90들이 보다시코 편의하게 말리지를 사용할 수 있도록 관련 서비스미 사용처를 사용할 계획이라고 말했다.
p02_u63,p02,ce0.0,대한민국 관계자는 이 항우 90들이 보다 시급 편리하게 말리지를 사용할 수 있도록 관련 서비스미 사용처를 사용화할 계획이라고 말했다.
p02_u63,p02,ce0.1,제안한국 관계자는 이 항원 구기들이 보다 시급 편리하게 말리지를 사용할 수 있도록 관련 서비스미 사용처를 다양한 계획이라고 말했다.
p02_u63,p02,ce0.5,개안항공 관계전에는 항원 90들이 보다시쿠 편리하게 말리지를 사용할 수 있도록 관련 서비스미 사용처를 사용할 계획이라고 말했다.
p02_u63,p02,ce1.0,대한민국 관계자는 향은 90대리 보다 시급 편리하게 말리집을 사용할 수 있도록 관련 서비스미 사용처를 사용할 계획이라고 말했다.
p02_u63,p02,ce2.0,제안한국 관계자는 항원 90대리 보다 싶고 편의하게 말리지를 사용할 수 있도록 관련 서비스미 사용처를 사용할 계획이라고 말했다.
p02_u63,p02,ce5.0,개안한근 관계자는 향은 90들이 보다시급 편리하게 말리지를 사용할 수 있도록 관련 서비스미 사용처를 다양하게 계획이라고 말했다.
p02_u63,p02,ce10.0,대한민국 관계자는 항원 90대비 보다 시급 편의하게 말리지를 사용할 수 있도록 관련 서비스미 사용처를 사용할 계획이라고 말했다.
p02_u64,p02,taps,기난 6개의 지방성걸을 앞두고 사회강계망처비스에서 정치적 종립금을 지키지 않은 전복 지역 공원들이 무더 기부 적발됐다.
p02_u64,p02,ce0.0,지난 6일 지방성서를 앞두고 사회 강제망 서비스에서 정치적 지적 종익조물을 지키지 않은 전북 지역 공원들이 물어기로 적발했다.
p02_u64,p02,ce0.1,지난 6일에 지방선거로 앞두고 사회 강의대망서비스에서 정치적 종믿을 지키지 않은 정북 지역 보험원들이 무덕이고 적발됐다.
p02_u64,p02,ce0.5,지난 6일 지방 선거로 앞뒤고 사회 관계망서 핏실에서 정치적 종입 금유를 지키지 않은 전복 지역 공원들이 무더기로 젖발됐다.
p02_u64,p02,ce1.0,지난 6일 지방선거로 앞두고 사회 강제망 서비스에서 정치적 종립조물을 지킨지 않은 정북 지역 공무원들이 무더기로 적발됐다.
p02_u64,p02,ce2.0,기난 6개 지방선거로 앞두고 사회 관계망서 픽트에서 정치적 종입 규물을 지키지 않은 정복 지역 공원들이 무더기로 적발됐다
p02_u64,p02,ce5.0,기간 6개의 지방성거로 앞뒀고 사회 광대망 서빛에서 정치적 종입 금유를 지키지 않은 정복 지역 봉문들이 무더기로 적발됐다.
p02_u64,p02,ce10.0,"지난 6일 지방선거론 앞뒤고 사회 관계멍 서비스에서 정치적 종입 돌물을 지키지 않은 정복 지역, 공원들이 무더기로 적발됐다."
p02_u65,p02,taps,간복도는 11.2 같은 내용의 공직 기간 감찰 결과를 발표하고 회장 공무원에 대한 인사상 처분을 단체 기간장에 제유구했다.
p02_u65,p02,ce0.0,전복도는 12일 2시 사튼 내용의 공직 기강 감찰 결과을 발표하고 회장 고무환에 대한 인사상 처분을 단체 기전장에 의고했다.
p02_u65,p02,ce0.1,전복전을 10일 2시 같은 내용의 공직 구강 감찰 결과를 발표하고 해당 공무원에 대한 인위사상 처분을 단체 긴장이 시에 유조했다.
p02_u65,p02,ce0.5,전복도는 11일 같은 내용의 공직 기강 감찰 결과를 발표하고 해당 공무원에 대한 인처탕 처분을 간책 변장에게 유부했다.
p02_u65,p02,ce1.0,전복도는 11인 같은 내용의 공직 기강 감찰 결과를 발표하고 해당 공무원에 대한 인터상 처분을 단척 현장에 끼우고했다.
p02_u65,p02,ce2.0,전복돈은 12일 같은 내용의 고집 기강합찰 결과를 발표하고 해당 공무원에 대한 인터상 처분을 단체 기관장 있게 유부했다.
p02_u65,p02,ce5.0,경독도는 11위 같은 내용의 공직 기강 감찰 결과를 발표하고 해당 고무안에 대한 인처 상처분을 단체 국관장에게 유부했다.
p02_u65,p02,ce10.0,"경독도는 11, 2 같은 내용의 공직 기강 감찰 결과을 발표하고 해당 공무원에 대한 인사상 처분을 단체 국간장에게 유도했다."
p02_u66,p02,taps,"감찰 결과를 보면 전북도회의와 잇산시, 우주군, 구한군, 일부 공무원은 선거 관련 SNS 개신물의 좋아요를 많게 는 소식 차례씩 불렀다."
p02_u66,p02,ce0.0,"감차의 결과를 보면 전복도에야 이슈한치, 무주군, 도왕군, 일부 공무원은 성과 관련 SNS 개신물의 조하율을 많게는 수십 차례 씹을렀다."
p02_u66,p02,ce0.1,"감찰 결과를 보면 전복도에야, 육상시, 무주군, 수왕군, 일부 공무원은 선거 관련 SNS 개신물의 좋아요를 많게는 서십 차례씩 누웠다."
p02_u66,p02,ce0.5,"감찰 결과를 보면 전복도에야 의상치, 무주근, 수왕군, 일부 공무원은 성과 관련 SNS 계신 물에 좋아요를 많게는 스틱 차례 씹을 것 같다."
p02_u66,p02,ce1.0,"감찰 결과를 보면 전북도의야, 육상기, 우주군, 조항군, 일부 공무원은 선거 관련 SNLC 계신 물에 좋아요를 많게는 수십 차례씩 불렀다."
p02_u66,p02,ce2.0,"감차의 결과를 보면 전복도의야, 육산치, 우주군, 구황군, 일부 공무원은 성과 관련 SNLC 개신물의 조하율을 많게는 소식차례식으로 놨다."
p02_u66,p02,ce5.0,"감차의 결과를 보면 전복도의회와 육산시, 무증군, 조항군, 일부 공무원은 선거 관련 SNHC 계신물의 조하율을 난키는 18의 16였다."
p02_u66,p02,ce10.0,"감차의 결과를 보면 전복도의의와 의상치, 무주군, 소왕군, 일부 공무원은 선거 관련 SNS 계신 물에 좋아요를 난키는 수십 차례씩 누렀다."
p02_u67,p02,taps,개심은 중에는 후보자의 구향이나 선거운동 활동에 관한 교도 있는 것으로 알려줬다.
p02_u67,p02,ce0.0,대심을 중에는 후보자의 궁양지나 성과 운동 활동에 관한 절도 있는 호가스로 알려줬다.
p02_u67,p02,ce0.1,대심을 중에는 후보자의 공약이나 상거운동 활동에 관한 교도 있는 것으로 알려줬다.
p02_u67,p02,ce0.5,개심을 중에는 후보자의 공약이나 선거운동 활동에 관한 교도 있는 것으로 알려졌다.
p02_u67,p02,ce1.0,계심을 중에는 후보자의 공약이나 성과운동 활동에 관한 교도 있는 것으로 알려졌다.
p02_u67,p02,ce2.0,개심을 중에는 후보자의 궁약이나 선거운동 활동에 관한 글도 있는 것으로 알려줬다.
p02_u67,p02,ce5.0,계심물 중에는 후보자의 공약이나 삼가운동 활동에 관한 교도 있는 것으로 알려줬다.
p02_u67,p02,ce10.0,대식물 중에는 후보자의 공약이나 선거운동 활동에 관한 교도 있는 것으로 알려줬다.
p02_u68,p02,taps,"공직 선거법과 지방 공무원, 동무 규정원, 공무원이 선거에 부당한 영역을 행사하거나 극정보자를 지지, 또는 반대하는 행위를 해선 안 된다고 구장하고 있다."
p02_u68,p02,ce0.0,공직 선거법과 기반 고문 동북 지정은 고문이 성과에 부당한 영역을 행사하거나 특정은 보자를 지지 또는 반대하는 행위를 해서는 안 된다고 구정하고 있다.
p02_u68,p02,ce0.1,"동직 선거법과 기방공무원 도무 구정활, 도무원이 선거에 부당한 영역력을 행사하거나 특정 후보자를 지지 또는 반대하는 행위를 해서는 안 된다고 구장하고 있다."
p02_u68,p02,ce0.5,공직 선거법과 기반 공무원 보묵 규정은 공무원이 선거에 부당한 영향력을 행사하거나 극정 후보자를 지시 또는 반대하는 행위를 해선 안 된다고 규정하고 있다.
p02_u68,p02,ce1.0,공직 산급법과 기반 공무원 동무 규정은 공무원이 산가에 부당한 영향력을 행사하거나 극정보자를 지지 또는 반대하는 행위를 해선 안 된다고 규정하고 있다.
p02_u68,p02,ce2.0,공직 선거법과 기반 공무원 동무 기정은 공무원이 선거에 부당한 영향력을 행사하거나 극정 후보자를 지지 또는 반대하는 행위를 해선 안 된다고 규정하고 있다.
p02_u68,p02,ce5.0,공직 산급 덕가 기방공무원 도무 규정은 공무원이 상관에 부당한 영향력을 행사하거나 극정 보자를 지지 또는 반대하는 행위를 해선은 안 된다고 규정하고 있다.
p02_u68,p02,ce10.0,"공직 산급 덕과 기방 공무원, 공무원, 규정은 공무원이 선거에 부당한 영향력을 행사하거나 특정 후보자를 지지 또는 반대하는 행위를 해선은 안 된다고 규정하고 있다."
p02_u69,p02,taps,전북도 감사관실은 공무 관리를 소울이한 단체와 구간장을 주위처분하고 해당 공무원들의 대해선을 홍대하도록 유부했다.
p02_u69,p02,ce0.0,전북도 감사갈실은 구무 관리를 소울이한 단체와 구간장을 주위처분하고 해당 공무원들의 대해선을 홍기하도록 유부했다.
p02_u69,p02,ce0.1,전복도 감사관실은 공모 관리를 소울이한 단체와 규관장을 주위처분하고 해당 공무원들의 대해선을 홍기하도록 요구했다.
p02_u69,p02,ce0.5,전북도 감사관실은 국무관리를 소울이한 단체와 규관장을 주위처분하고 해당 공무원들의 대해선을 뭉개하도록 유구했다.
p02_u69,p02,ce1.0,전북도 감차관실은 공무 관리를 소울이한 단체와 규관장을 주위처분하고 해당 공무원들의 대해선을 홍대하도록 요구했다.
p02_u69,p02,ce2.0,전복도 감성한 실은 공무 관리를 소울이 한 단체와 기관장을 주위처분하고 해당 공무원들의 대해선을 훈개하도록 요구했다.
p02_u69,p02,ce5.0,전독도 강사관실은 부모 관리를 초월해안 단체와 규관장을 주위처분하고 해당 공무원들의 대해선을 홍개하도록 요구했다.
p02_u69,p02,ce10.0,전독도 감사관실은 동무 관리를 초월이한 단체와 규관장을 주위쳐뿐하고 해당 공무원들의 대해선은 홍개하도록 요구했다.
p02_u70,p02,taps,강사관실은 선거 중믿 의무가 있는 공원들이 특정 후보자를 지지하는 것으로 빛이면 행정의 신뢰를 실치시킬 우려가 있다고 밝혔다.
p02_u70,p02,ce0.0,감자관실은 선거 중믿 의무가 있는 공원들이 특정 후보자를 지지하는 것으로 빛이면 생정은이 실내를 실치시키고 오려가 있다고 밝혔다.
p02_u70,p02,ce0.1,당사관실은 선거 중믿 의무가 있는 공무원들이 특정 후보자를 지시하는 것으로 빛이면 행정의 실내를 실칠 스킬 우려가 있다고 밝혔다.
p02_u70,p02,ce0.5,감자관실은 선거 중립 의무가 있는 공원들이 특정 호보자를 지시하는 것으로 빛이면 행정의 신뢰를 실치시키 우려가 있다고 밝혔다.
p02_u70,p02,ce1.0,당사관 씨는 선거 중립 의무가 있는 공원들이 특정 호보자를 지비하는 것으로 비치면 행정인 신뢰를 실치시키 우려가 있다고 밝혔다.
p02_u70,p02,ce2.0,당장한 씨는 선거 중립 의무가 있는 공원들이 특정 후보자를 지지하는 것으로 빛이면 행정위 신뢰를 실치시키 우려가 있다고 밝혔다.
p02_u70,p02,ce5.0,방사관실은 선거 중립 의무가 있는 공원들이 특정 호보자를 지시하는 것으로 빛이면 행정위 신뢰를 실치시킬 우려가 있다고 밝혔다.
p02_u70,p02,ce10.0,장사관 씨는 선거 중믿 의무가 있는 공원들이 특정 후보자를 지시하는 것으로 빛이면 행정의 신뢰를 실치시킬 우려가 있다고 밝혔다.
p02_u71,p02,taps,"공국에서 코로나19 감염이 급증하는 가운데 방역당국이 하루 신규 강의인자가 3,700만 명의 일을 것으로 전망했다."
p02_u71,p02,ce0.0,"공북에서 코로나19 감염이 급증하는 가운데 방역당구지 하루 신규 감염자가 3,700만 명의 일을 것으로 전망했다."
p02_u71,p02,ce0.1,"중국에서 코로나19 감염이 급증하는 가운데 방역당국이 하루 신규 감염자가 3,700만 명의 1일 것으로 전망했다."
p02_u71,p02,ce0.5,"공급에서 코로나19 감염이 급증하는 가운데 방역당국이 하루 흰규 강연자가 3,700만 명의 1일 것으로 전망했다."
p02_u71,p02,ce1.0,"공급에서 코로나19 감염이 급증하는 가운데 방역당국이 하루 신규 감염자가 3,700만 명의 200 것으로 전망했다."
p02_u71,p02,ce2.0,"공급에서 코로나19 감염이 급증하는 가운데 방역당국이 하루 신규 감염자가 3,700만 명의 일을 것으로 전망했다."
p02_u71,p02,ce5.0,"공북에서 코로나19 감염이 급증하는 가운데 광역당국이 하루 신규 광연자가 3,700만 명의 200 것으로 전망했다."
p02_u71,p02,ce10.0,"중국에서 코로나19 감염이 급증하는 가운데 방역당국이 하루 신규 감염자가 3,700만 명의 일을 것으로 전망했다."
p02_u72,p02,taps,이진 6개 블룸버그 통신에 따르면 지난주 전국 당국의 랩 후회의에서 국가 의생 공강위원회가 이런 추선치를 내놓았다.
p02_u72,p02,ce0.0,이진 6개 블룸버그 통신에 따르면 지난주를 동국 당국에 랩 후회행에서 국가위생 공강위원회가 이런 추선치를 내놓았다
p02_u72,p02,ce0.1,2006에 블룸버그 통신에 따르면 지난주를 중국 당국에 내부 회의에서 국가의생 건강위원회가 이런 추선치를 내놨다.
p02_u72,p02,ce0.5,26일 블룸버그 통신에 따르면 지난주를 동북 당룩에 내부 회행에서 국가위생 공강위원회가 이런 추선치를 내놓았다.
p02_u72,p02,ce1.0,26개 블룸버그 통심에 따르면 지난주 중국 당국의 내부 회의에서 국가 위생 공강위원회가 이런 추선치를 내놓았다.
p02_u72,p02,ce2.0,26개 블룸버거 통심에 따르면 지난주를 중국 당국에 내부 회행에서 국가위생 공강위험회가 이런 추산치를 내놓았다.
p02_u72,p02,ce5.0,26개 블룸버그 통신에 따르면 지난주를 봉국 당국에 내부 회의에서 국가위생 공강위원회가 이던 추산치를 내놓았다.
p02_u72,p02,ce10.0,이진 6개 블룸버거 통신에 따르면 지난주 중독 당독의 내부 횡에서 국가위생 공강위원회가 이런 추산치를 내놓았다.
p02_u73,p02,taps,"국가, 이세인 공강 위원회는 공무원 천학 기간으로 방역의 실무살령합이며 위원장이 장강급이다."
p02_u73,p02,ce0.0,국가의 생 건강위원회는 국무원 차나 기간으로 방역의 실무 사령탑이며 위원장이 장강급이다.
p02_u73,p02,ce0.1,북과 이생이 건강위원회는 복무원 사낙 이관으로 방역의 실무 사령탑이며 위원장이 장강끝입니다.
p02_u73,p02,ce0.5,국가 의생 건강위원회는 공모한 사나기관으로 방역의 실무 사령탑이며 위원장이 장강급이다.
p02_u73,p02,ce1.0,국가 위생유 건강위원회는 공무원 사나위관으로 방역의 실무 사령탑이면 위원장이 당강급이다.
p02_u73,p02,ce2.0,국가 위생이 건강위원회는 공무원 사나기관으로 방역의 실무 사령탑이며 위원장이 장관급이다.
p02_u73,p02,ce5.0,국가 위생 건강 위원회는 공무원 사나위관으로 방역의 실무 사령탑이며 위원장이 당강급이다.
p02_u73,p02,ce10.0,국가 위생이 건강위원회는 고모원 사나기관으로 방역의 실무 사령탑이며 위원장이 장강급이다.
p02_u74,p02,taps,공급장국은 2달 7일부러 종기적 전소 유전자 종톡 검사했고 시작일부터는 물용상 감염자 통계를 발표하지 않고 있다.
p02_u74,p02,ce0.0,국북장국은 2달 7일 혜택터 정지적 전소 유전자 증톡 검사했고 싸를 부터는 무릉상 감염자 통계를 발표하지 않고 있다.
p02_u74,p02,ce0.1,동국상국은 2달 7위 흑터 정기적 전수 유전자 증톡 검사했고 크사일부터는 무증상 감염자 통계를 발표하지 않고 있다.
p02_u74,p02,ce0.5,공룩 당국은 2달 7일 후 다 정기적 전수 유전자 증톡 검패했고 쌀 부터는 무릉상 감염자 통계를 발표하지 않고 있다.
p02_u74,p02,ce1.0,공급 당국은 2달 7위 국가 정기적 전수 유전자 증톡 검사했고 피사일부터는 무증상 감염자 통계를 발표하지 않고 있다.
p02_u74,p02,ce2.0,고북 당국은 2달 7일 후과 정기적 전수 유전자 증톡검사했고 식사에 부터는 무죵상후 감염자 통계를 발표하지 않고 있다.
p02_u74,p02,ce5.0,공급 당국은 2달 7일과 정기적 전초 유전자 증톡 검사했고 피사에 부터는 물용상 감염자 통계를 발표하지 않고 있다.
p02_u74,p02,ce10.0,중국 당국은 2달 7위 혁터 정시적 전수 유전자 증톡 검사했고 14일부터는 물륭상 감염자 통계를 발표하지 않고 있다.
p02_u75,p02,taps,포능하고 사망자도 감염 후 폐험이나 호흡 부전으로 숨진 경우만 집게한다면 원축을 공재해 한 바 있다.
p02_u75,p02,ce0.0,"보나이구 사망자도 감연무, 태엄이나 호흡부전으로 숨진 경험에만 집대한다면 원축을 봉제해 한 바 있다."
p02_u75,p02,ce0.1,포나의 그 사망자도 감염 후 폐형이나 호흡 부전으로 숨진 경험에만 집대한다는 원측을 공개해 한 바 있다.
p02_u75,p02,ce0.5,"보나의 그 사망자도 가면무, 폐험이나 호흡 부전으로 승진 경우만 집게한다는 원칙을 보게 한바입다."
p02_u75,p02,ce1.0,"포나의 공사망자도 감염, 폐험이나 호흡 부전으로 순진 경우만 직대한다는 원칙을 공개한 바 있다."
p02_u75,p02,ce2.0,고원호의 그 사남자도 감염 후 태영이나 호흡 부전으로 순진 경우만 집계한다는 원칙을 공개한 바 있다.
p02_u75,p02,ce5.0,포나의 그 사망자도 감염 후 폐험이나 호흡 부전으로 순침 경험한 직대한자는 원칙을 공개한 바 있다.
p02_u75,p02,ce10.0,코로나19 사망자도 감염 후 폐험이나 호흡 부전으로 순침 경우만 직대한다는 원칙을 공개한 바 있다.
p02_u76,p02,taps,이어 25일부터 코로나19 1A 시행들 가면 통계 발표를 중전한다고 밝혀 풍국 당국이 통계를 조재하는 것 아니냐는 일부심이 제기되고 있다
p02_u76,p02,ce0.0,이어 25일부터 코로나19 1일 시지 가면 통계 발표를 중전한다고 밝혀 풍북 당국이 통계를 조작하는 것 아니냐는 울고심이 재질했고 있자
p02_u76,p02,ce0.1,이어 25일부터 코로나19 이래의 신규 가면 통계 발표를 중전한다고 밝혀 중국 당국이 통계를 조작하는 것 아니면을 의부심이 제기되고 있다
p02_u76,p02,ce0.5,"위협, 25일부터 코로나19 이제 신규 가면 통계 발표를 중전한다고 밝혀 종국 당국이 통계을 조재하는 것 아니냔을 의부심이 제기됐고 있다"
p02_u76,p02,ce1.0,위하 25일부터 코로나19 1일 심드 가면 통계 발표를 중전한다고 밝혀 중독당국이 통계를 조대하는 것 아니냐는 의부심이 재비되고 있다
p02_u76,p02,ce2.0,이어 25일부터 코로나19 1일 신규 가면 통계 발표를 중단한다고 밝혀 중국 당국이 통계을 조재하는 것 아니냐는 의부심이 재지되고 있다
p02_u76,p02,ce5.0,위협 25일부터 코로나19 1회 신규 과면등계 발표를 중단한다고 밝혀 중국 간국이 통계해 조재하는 것 아니냐는 의구심이 제기되고 있다
p02_u76,p02,ce10.0,"위협, 25일부터 코로나19 이래의 신규 가면 뚱개 발표를 중전한다고 발표. 중국 당국이 총개을 조재하는 것 아니냐는 의구심이 제기되고 있다."
p02_u77,p02,taps,"이런 가운데 장면 기짐으로 인구가 6,540만여 명인 저장성광역 당국이 전날 하루 싱뒤 감염자가 대만 명을 넘었다고 밝혔다."
p02_u77,p02,ce0.0,"이런 가운데 청년 기점으로 인구가 5,540만 연명인 저장성 방역 당국이 전날 하루 싱즈 감염자가 대한명을 넘었다고 잘 겠다."
p02_u77,p02,ce0.1,"이런 가운데 작년 기준으로 인류가 6,540만여 명일 조장 성광역 당국이 전날 하루 신규 감염자가 당간명을 넘었다고 달켰다."
p02_u77,p02,ce0.5,"이런 가운데 전면 기준으로 인구가 6,580만 연명인 조장성광역 당국이 전날 하루 신규 감염자가 대한명을 넘었다고 밝혔다."
p02_u77,p02,ce1.0,"이런 가운데 작년 기준으로 인구가 6,540만 여 명인 저장성 방역 당국이 전날 하루 신규 감염자가 100만 명을 넘었다고 밝혔다."
p02_u77,p02,ce2.0,"이런 가운데 작년 기준으로 인구가 6,540만여 명인 조장성방역 당국이 전날 하루 신규 감염자가 100만 명을 넘었다고 밝혔다."
p02_u77,p02,ce5.0,"이런 가운데 작년 기준으로 인구가 6,540만 연명인 조장성광역 당국이 전날 하루 신규 감염자가 100만 명을 넘었다고 밝혔다."
p02_u77,p02,ce10.0,"이런 가운데 작년 기준으로 인류가 6,540만 연명인 교장성 방역 당룯이 전날 하루 신규 감염자가 등만 명을 넘었다고 밝혔다."
p02_u78,p02,taps,이를 단순 적용하면 14억 증국인 전체로는 하루에 2천 100만여 명이 강염됐을 것이라는 추정도 나온다.
p02_u78,p02,ce0.0,"이를 단순 적용하며 14억 증국인 전체로는 하루에 2000대 1,000여 명이 강염됐을 것이라는 수정도 나온다."
p02_u78,p02,ce0.1,이를 단순 적용하면 14억 중독인 전체로는 하루에 2천 100만 여명이 강염됐을 것이라는 추정도 나온다.
p02_u78,p02,ce0.5,위를 관튼 적용하면 14 증로진 전체로는 하루에 2100만여 명이 감염되실 것이라는 추정도 나온다.
p02_u78,p02,ce1.0,위를 단순 적용하면 시싸욱 중국인 전체로는 하루에 2100만 여명이 강염됐을 것이라는 추정도 나온다.
p02_u78,p02,ce2.0,"이를 단순 적용하면 14억 중국인 전체로는 하루에 2,100만 명이 강연됐을 것이라는 추정도 나온다."
p02_u78,p02,ce5.0,이를 단순 적용하면 14억 중국인 전체로는 하루에 2천 100만 여 명이 강염됐을 것이라는 추정으로 나온다.
p02_u78,p02,ce10.0,일을 단순 적용하면 14억 중룩인 전체로는 하루에 2천 100만 여 명이 감염됐을 것이라는 추정도 나온다.
p02_u79,p02,taps,블룸바구는 베이징 아이징스는 오미크론이 중국 남무에 주요 도시대에서도 그쪽도로 확산했고 문제는 소떡시와 농촌으로 전파되는 것으로 보험다고 정했다.
p02_u79,p02,ce0.0,블룸바구는 데이징 알십슨 오미크론이 중국 남무에 주요 도시드에서도 두쪽도로 확산했고 이제는 소도시와 롬천으로 전파되는 것으로 보험자고 전했다.
p02_u79,p02,ce0.1,"블룸버그는 베이징의 휩쓸 오미크론이 중국 남무에 주요 도시드에서도 득적도로 확산했고, 이제는 소도시와 농촌으로 전파되는 것으로 보험자고 전했다."
p02_u79,p02,ce0.5,블룸바구는 베이징 RVX은 오미크론이 중국 남무에 주요 도시드에서도 그쪽도로 확산했고 의견은 소떡시와 롱천으로 전파되는 것으로 보인다고 전했다.
p02_u79,p02,ce1.0,블룸바구는 베이징을 빛은 오미크론이 중국 남부의 주요 도시대에서도 극속도로 확산했고 이제는 소도시와 농촌으로 전파되는 것으로 보인다고 전했다.
p02_u79,p02,ce2.0,블룸바구는 베이징을 십슨 오미크론이 중국 남부의 주요 도시드에서도 그쪽도로 확산했고 이제는 소도시와 롱촌으로 전파되는 것으로 보인다고 전했다.
p02_u79,p02,ce5.0,블룸바그는 베이징할 집은 오미크론이 싱극 남무의 주요 도시교에서도 그쪽도로 확산했고 의재는 소도시와 롱천으로 전파되는 것으로 보임다고 전했다.
p02_u79,p02,ce10.0,둘른바구는 베이징을 빗은 오미크론이 중국 남부의 주요 도시들에서도 그쪽도로 확산했고 의견은 소도시와 롱촌으로 전파되는 것으로 보인다고 전했다.
p02_u80,p02,taps,특히 다음 달 2집이 튼셀 기점으로 수억 명이 고향을 방문하고 복귀하는 과정에서 확산이 증폭될 것이라는 간체지 유력하다.
p02_u80,p02,ce0.0,특히 감자 227제를 기점으로 수엉 명이 고양을 방문하고 복귀하는 과정에서 확사해 집폭대 것이라는 간추지 유역하다.
p02_u80,p02,ce0.1,특히 밤자 2DB 7세를 기점으로 추억 명이 부양을 방문하고 복귀하는 과정에서 확산이 증폭될 것이라는 관측이 인력하다.
p02_u80,p02,ce0.5,특히 반달 22일 침새를 기점으로 수엄명이 고양을 방문하고 복귀하는 과정에서 확산이 증폭될 것이라는 관츄식 인력하다.
p02_u80,p02,ce1.0,특팀이 방달 22일 친전을 기점으로 수억 명이 고양을 방문하고 복귀하는 과정에서 확산이 증폭될 것이라는 관측이 유력하다.
p02_u80,p02,ce2.0,특히 다음 달 22일 충전을 기점으로 수업 명임 구향을 방문하고 복귀하는 과정에서 확산이 줄폭될 것이라는 관측이 유력하다.
p02_u80,p02,ce5.0,특히 방달 22일 7대 기점으로 추억명인 고양을 방문하고 복귀하는 과정에서 확산이 증폭될 것이라는 관주시 유역하다.
p02_u80,p02,ce10.0,"특히 다음 달 22일 충전을 기점으로 수억 명명, 구향을 방문하고 복귀하는 과정에서 확산이 증폭될 것이라는 관측이 유력하다."
p02_u81,p02,taps,볼른바고는 애프의 시대전화 시상 거점인 경적우와 산통강 후베이상 부은 1월 중순에 고원항의 일구 신규 감염이 경점을 찍을 것으로 예상된다고 정했다.
p02_u81,p02,ce0.0,"블룸바고는 애플의 시대전화 시상 거점인 정적우와 산통사우, 후베이성 두은 1월 주순의 고원항의 일구 싱지 감염이 정점을 찍을 것으로 예상된다고 정했다."
p02_u81,p02,ce0.1,"볼른바고능 애플의 기대자나 시상 거점인 정적과 산통강, 후벨성 중온 1월 중순에 코로나19 신규 감염이 정점을 찍을 것으로 예상된다고 정했다."
p02_u81,p02,ce0.5,"볼른바고는 애플의 희대전화 시평가점인 경적과 산뜡강욱, 후베이상 규온 1월 중순에 코로나19 신규 감염이 경겸을 피골 것으로 예상된다고 정했다."
p02_u81,p02,ce1.0,볼른바고능은 애플의 시대전화 시판 겉점인 경적과 산뜡하고 후베이상 구운 1월 중순에 코로나19 신규 감염이 경점을 찍을 것으로 예상된다고 정했다.
p02_u81,p02,ce2.0,볼른바구는 애플의 시탈전화 시상 겉점인 경적과 산뜡사고 후베이상 후 2웅 1월 중후두네 코로나19 신규 감염이 경점을 찍을 것으로 예상된다고 정했다.
p02_u81,p02,ce5.0,블룬 버그는 애플의 시대전화 시장 겉점인 경적과 산동사고 후배의 성규온 1월 중순에 포로나 7신길 감염이 경점을 찍을 것으로 예상된다고 전했다.
p02_u81,p02,ce10.0,"블룸버거는 애플의 시대전화 색형 겉점인 정조우와 산중성, 후베일 성균은 1월 중순에 코로나19 신규 감염이 경점을 찍을 것으로 예상된다고 정했다."
p02_u82,p02,taps,"차 바이오텍 계획사, 차 백신 연구소가 3세대 비영관념 예방 메신, CBI, HB, V, 공공, 이에, 운상 1상 세워도 맞췄다고 밝혔다."
p02_u82,p02,ce0.0,차 바이오텍 계획사 차 백신 영구소가 3세대 비영관념 예방 메신 CGUI-HB-B-GOO-2에 운상 1상 트레어를 마쳤다고 밝혔다.
p02_u82,p02,ce0.1,"차 바이오텍 계열사, 차 백신 영구소가 3세대 비영관념 예방 메신, CBI, HBV, 공공, 이에 임상에쌍 세월을 맞췄다고 밝혔다."
p02_u82,p02,ce0.5,차 바이오테크에서 차 백신 연구소가 3세대 비용관념 예방 메신 GVI-HB-V-002의 의상 의상 수요를 맞췄다고 밝혔다.
p02_u82,p02,ce1.0,차 바이오테크 열사 차 백신 연구소가 3세배 비용 가념 예방 메신 신이 보이아이오시 비기 보이왕 공공위에 인상 일상 케어를 맞췄다고 밝혔다.
p02_u82,p02,ce2.0,"차 바이오테크여사, 차 백신 연구소가 3세대 비용하면 예방 메신 C9i, HBV, 공공 2회, 임상 1상 케어를 맞췄다고 밝혔다."
p02_u82,p02,ce5.0,차 바이오테켓에서 차 백신 연구소가 3체대 비용관념 예방 메신 CVI-HB-V-002에 은상회상 프레어를 맞췄다고 밝혔다.
p02_u82,p02,ce10.0,"차 바이오테크에서 차 백신 명구소가 3세대 비용 감염 예방 메신 CBI, HB, V, 공공, 이에 윤상 일상 세월을 맞췄다고 밝혔다."
p02_u83,p02,taps,"차 배신 연구소는 2021년 6월 10분 부약품 안전처로부터 3세대 비영관형 예방 배신에 공이 이 인상, 일상, 인상, 시험, 계획서 승인을 받았다."
p02_u83,p02,ce0.0,차 백신 영구소는 2021년 6월 식품 부약품 안전처로부터 3세대 비영관형 예방 백신에 국내 2인상 대상 임상 시험 계획서 승인을 받았다.
p02_u83,p02,ce0.1,"4 백신 연구소는 2021년 6품 부약품 안전처로부터 3세대 비영관형 예방 백신에 부위 이상 일상, 인상시험 계획소 생일을 받았다."
p02_u83,p02,ce0.5,"410연구소는 2021년 6월 10분 부약품 안전처로부터 3세대 비영감형 예방백심에 공능 2분상, 의상, 의상, 피엄, 계획서 승인을 받았다."
p02_u83,p02,ce1.0,"4백신 연구소는 2021년 6월 10품 의약품 안전처로부터 3세대 비영관형 예방백심에 본인이 인상, 일상, 인상, 시험, 계획서 승인을 받았다."
p02_u83,p02,ce2.0,차 백신 연구소는 2021년 6월 10분 의약품 안전처로부터 3세대 비형관형 예방 백신에 국내 22상 의상 임상 시험 계획소 승리를 받았다.
p02_u83,p02,ce5.0,"410명구소는 2021년 6월 10통 의약품 안전처로부터 3세대 비영관형 예방 대심에 국내 의상 의상, 의상, 의상, 시험, 계획서 생일을 받았다."
p02_u83,p02,ce10.0,"410연구소는 2021년 6월 10풍 의약품안전처로부터 3세대 비영관념 예방 백신에 국내 유지 인상, 의상, 의상, 의상, 시험, 계획서 승인을 받았다."
p02_u84,p02,taps,이호 스크릴링시 기염 관여에 대한 형체가 음성인 19세 이상 65세 미만의 선인 30명을 계상으로 CVI HBV 공공 ETR을 끝났다
p02_u84,p02,ce0.0,이후 스크릴링 시기 기형 관여메 대한 성체가 음성인 만시크세 이상 65세 미만의 선인 30명을 대상으로 C.V.I.H.D.B. 공공 E.T.R.를 끝났다.
p02_u84,p02,ce0.1,이후 스크릴링시 기형 관염에 대한 항체가 음성인 만식세 이상 65세 미만의 선인 30명을 계상으로 실드리아의 HBV 공공 ETR을 끝났다.
p02_u84,p02,ce0.5,"이후 스크릴링시 기형 관염에 대한 항체가 음성인 1만 19세 이상 65세 미만의 선인 30명을 개상으로 CBI, HBV, 공공 EPR를 끊었다."
p02_u84,p02,ce1.0,이호 스크릴링 신이 부영관념에 대한 상체가 윤성인 만식구세 이상 65세 미만의 선인 30명을 계상으로 싱클리아의 HB2V 공공 22위를 끊었다.
p02_u84,p02,ce2.0,이후 스크림이 혹시 기영관념에 대한 성체가 용성인 19세 이상 65세 미만의 선인 30명을 계상으로 CBI-HBV 공고 이슈여를 끝냈다.
p02_u84,p02,ce5.0,이후 스크릴링 시기형 환염에 대한 상체가 음성인 만식세 이상 65세 미만의 선인 30명을 계상으로 심빌리아의 HBD 공공위팀을 끊었다.
p02_u84,p02,ce10.0,이호 스크릴링 12 부영관념에 대한 상체가 음성인 만식끝에 이상 65세 미만의 선인 30명을 계상으로 CBI-HBV 공공 2 투여를 끝났다.
p02_u85,p02,taps,"앞으로 1년 후간 추적 관찰하면서 안전성, 레약성 탐색적 면역, 원정을 평가해 다음 단계 인상에 준비한다고 회사 측은 다겼다"
p02_u85,p02,ce0.0,앞으로 1년 후한 추적 건처라면서 안전성 레약성 탐색적 면역 원정을 평가해 다음 단위게 인상에 준비한다고 회사 측은 다겼다
p02_u85,p02,ce0.1,"앞으로 1년간 추적 관찰하면서 안전성, 낚학성, 탐색적, 면역, 원성을 평가해 다음 단계 인상을 준비한다고 회사 측은 다겼다."
p02_u85,p02,ce0.5,"앞으로 1년간 치적 관찰하면서 안전성, 내약성, 탐색적 면역 원성을 평가해 다음 단계 인상을 준비한다고 사서 측은 밝혔다."
p02_u85,p02,ce1.0,"앞으로 1년간 추적 관찰하면서 안전성, 내역성, 3색적 면역 원성을 평가해 다음 단계 인상을 준비한다고 회사 측은 밝혔다."
p02_u85,p02,ce2.0,"앞으로 1년간 최적 검찰하면서 안전성, 낚학성, 참색적 면역, 원성을 평가해 다음 단계 인상을 준비한다고 회사 측은 밝혔다."
p02_u85,p02,ce5.0,"앞으로 1년간 추적 건찰라면서 안전성, 내학성, 참책적 면역, 원정을 평가해 다음 단위계 인상를 준비한다고 회사 측은 가볐다."
p02_u85,p02,ce10.0,"앞으로 1년간 추적 관찰하면서 안전성, 예약성, 3색적 면역, 원성을 평가해 다음 단계 인상을 준비한다고 회사 측은 밝혔다."
p02_u86,p02,taps,C.V.I.H.P.V.GOMIMEN 3세대 항원인 L.H.P.S.H.N.E.O.가 연약 증강국제 L.P.A.M.P.O를 폰하고 있다.
p02_u86,p02,ce0.0,CVILHPVGOLOIMEN 3세대 하원인 L-H-D-S-H-E-O-K 면역 증강제 L-P-A-M-E-T-U를 폼하고 있다
p02_u86,p02,ce0.1,C.V.I.H.P.V. 공공위원 3세대 항원인 L.H.P.S.A.G.M.E.R.K.A 랜약 증강부터 L.P.A.M.E.R.P.O를 포나오겠다.
p02_u86,p02,ce0.5,"CDI-HPV902면, 3세대 항원인 LHP-SH-N-E-O과, 매력 증강기태 LTA-N-E-P-O를 포함하고 있다."
p02_u86,p02,ce1.0,C.V.I.H.T.둘이 고공위는 3세대 항원인 L.H.T.S.A.G. 이메카 매력 증강제 L.P.A.M.T.O를 포나고 있다.
p02_u86,p02,ce2.0,CBRHPV 고고 이맨 3세대 폰원인 LHPSHE오키 내녁 중강수제 LPAIPEO를 폰하고 있다
p02_u86,p02,ce5.0,cv-i-h-p-dw-goro-in-n 3세대 항원인 L-h-p-s-h-u-o-k 매력 증강 때 L-p-a-n-e-p-o를 포나고 있다
p02_u86,p02,ce10.0,CVIHP도 이거로 인해 3세대 형원인 LHPSHUCA 매력중간 때 LPANEPO를 풀어놓겠다
p02_u87,p02,taps,L-H-D-S-A-G-N 차백심 연구소가 자체 개발한 3세대 하원으로 2세대 하원보다 면역 원점이 높다
p02_u87,p02,ce0.0,L-H-D-S-H-E는 차백신 연구소가 자체 개발한 3세대 화원으로 2세대 화원보다 매력 원점이 높다.
p02_u87,p02,ce0.1,L-H-D-S-A-G는 차백신 연구소가 자체 개발한 3세대 항원으로 2세대 항원보다 매력 원정은 높다.
p02_u87,p02,ce0.5,L-H-D-S-A-G는 810 연구소가 자체 개발한 3세대 항원으로 2세대 항원보다 매력 원정이 높다.
p02_u87,p02,ce1.0,L-H-D-S-A-G는 310연구소가 자체 개발한 3세대 항원으로 2세대 항원보다 면역 원정이 높다.
p02_u87,p02,ce2.0,"L, H, D, S, A, G는 310 연구소가 자체 개발한 30대 항원으로 2세대 항원보다 면력 원정은 높다."
p02_u87,p02,ce5.0,"L, H, B, S, H, G는 혀백신 연구소가 자체 개발한 3세대 항원으로 2세대 항원보다 멜력 원정은 높다."
p02_u87,p02,ce10.0,L-H-B-S-H-E는 310 연구소가 자체 개발한 3세대 항원으로 2세대 항원보다 멜력 원정이 높다.
p02_u88,p02,taps,면역 증강제 LPAAMIN PON 책성 면역 다능과 체포성 면역 다능을 동시에 유도해 책성 면역 기능이 대부분인 타사 면역 증강제보다 실과가 좋다고 설명했다.
p02_u88,p02,ce0.0,면역 지우강제 L-P-A-M-P-O는 책성 면역 반응과 체포성 면역 반응을 도시에 유도해 책성 면역 기능이 대부분인 타사 면역 지우강제보다 실과가 좋다고 설명했다.
p02_u88,p02,ce0.1,매력 증강제 LPA-AMP-O는 철성 면역 다능과 체포성 면역 다능을 동시에 유도해 철성 면역 기능이 대부분인 타사 면역 증강제보다 실과가 좋다고 설명했다.
p02_u88,p02,ce0.5,면역 증강제 L-P-A-M-P-O는 첵성 면역 반응과 체포성 면역 반응을 동시에 유도해 첵성 면역 기능이 대부분인 타사 면역 증강제보다 효과가 좋다고 설명했다.
p02_u88,p02,ce1.0,면역 증강대 L-P-A-M-P-O는 책성 면역 반응과 체포성 면역 반응을 동시에 유도해 책성 면역 기능이 대부분인 타사 면역 증강제보다실과가 좋다고 설명했다.
p02_u88,p02,ce2.0,면역 증강제 LPA-A-A-P-O는 첵성 면역 반응과 체포성 면역 반응을 동시에 유도해 첵성 면역 기능이 대부분인 타사 면역 증강제보다 효과가 좋다고 설명했다.
p02_u88,p02,ce5.0,면역 증강제 LPANEPO는 체성 면역 반응과 체포성 면역 반응을 도시에 유도해 체성 면역 기능이 대부분인 타사 면역 증강제보다 짓가가 좋다고 설명했다.
p02_u88,p02,ce10.0,면역 증강제 NLP-AMP-O는 책성 면역 반응과 체포성 면역 반응을 동시에 유도해 책성 면역 기능이 대부분인 타사 면역 증강제보다 효과가 좋다고 설명했다.
p02_u89,p02,taps,차 백신 연구소는 기존에 비영 관영 예방 백신을 맞어도 방황 효과가 없는 무 반의이자권에서도 방황 효과를 유도할 수 있을 것으로 기대해야 되겠다.
p02_u89,p02,ce0.0,417 연구소는 기존에 비영관념 예방 대신을 마저도 방황 효과가 없는 무 반의이자권에서도 방황 효과를 유도할 수 있을 것으로 기대해야 하고 있다.
p02_u89,p02,ce0.1,차 백신 연구소는 기존에 비영 관영 예방 백신을 맞어도 방화 효과가 없는 무 반응이 작군에서도 방화 효과를 유도할 수 있을 것으로 기대해
p02_u89,p02,ce0.5,차 백신 영구소는 기존에 비영관념 예방 백신을 맞춰서 방황 효과가 없는 무 반응이자권에서도 방황 효과를 유도할 수 있을 것으로 기대할 수 있다.
p02_u89,p02,ce1.0,4백신 연구소는 기별의 비영 관염예방 백신을 맞어도 방황 효과가 없는 뭐 반응이 작권에서도 방황 효과를 유도할 수 있을 것으로 기대해야 하고 있다.
p02_u89,p02,ce2.0,차 백신 연구조는 기존에 비영관념 예방 백신을 맞어도 방황 효과가 없는 무 반응이 작고 내셔도 방황 효과를 유도할 수 있을 것으로 기대해
p02_u89,p02,ce5.0,4백신 연구소는 기존에 비영관념 예방 백신을 맞어도 방황 효과가 없는 무 반응이 작권에서도 방황 효과를 유도할 수 있을 것으로 기대해 4백신 연구소는 기존에 비영관념 예방 백신을 맞추고
p02_u89,p02,ce10.0,차 백신 영구소는 기존의 비영관념 예방 백신을 맞어도 방어 효과가 없는 무 반응이자권에서도 방어 효과를 유도할 수 있을 것으로 기대하도 있다.
p02_u90,p02,taps,주말 낮에 서울 강남구의 한 콜럽을 강문한 20대 여성이 기가 잘린 사실을 파악하고 신고해 경찰이 입건전 조사를 벌이고 있다.
p02_u90,p02,ce0.0,주말 낮에 서울 강남구의 한 클럽을 방문한 20대 여성이 기가 잘린 화실을 파악하고 신고해 경찰이 입건전 조사를 벌이고 있다.
p02_u90,p02,ce0.1,주말 낮에 서울 강남구의 한 클럽을 강문한 20대 여성님 기가 잘린 화실을 파악하고 신고에 경찰이 입건전 조사를 벌이고 있다.
p02_u90,p02,ce0.5,정말 낮에 서울 강남구의 한 클럽을 방문한 20대 여성이 기가 잘린 사실을 파악하고 신고에 경찰이 입건전 주사를 벌이고 있다.
p02_u90,p02,ce1.0,주말 낮에는 서울 강남구의 한 클럽을 방문하 20대 여성이 기가 잘린 사실을 파악하고 신고에 경찰이 입건전 주사를 버리고 있다.
p02_u90,p02,ce2.0,주말 낮에 서울 강남구의 한 클럽을 보면 20대 여성이 기가 잘린 사실을 파악하고 신고에 경찰이 입건 전 조사를 벌이고 있다.
p02_u90,p02,ce5.0,중간 낮에 서울 강남구의 한 클럽을 방문하 20대 여성이 귀가 달린 사실을 파악하고 신고해 경찰이 입건 전 주사를 벌이고 있다.
p02_u90,p02,ce10.0,주말 낮에 서울 강남구의 한 클럽을 방문한 20대 여성이 귀가 잘린 사실을 팔아가고 신고에 경찰이 입건 전 조사를 벌이고 있다.
p02_u91,p02,taps,11위 경찰에 따르면 서울 강남 경찰서는 강남고 농량동에 잊지한 클럽을 방문할 예성이 기가 잘렸다는 신고를 전날 접수해 조사를 벌이 기운다.
p02_u91,p02,ce0.0,11일 경찰에 따르냐 서울 강남 경찰선을 강남우고 농량동에 잊지한 클럽을 방우면 할 여성이 기가 잘렸다는 신고를 전날 접수해 조사를 벌이 줬다.
p02_u91,p02,ce0.1,11위 경찰에 따르면 서울 강남 경찰서는 강남구 농량동에 잊지한 클럽을 방문한 여성이 기가 잘렸다는 신고를 전날 접수해 조사를 벌이게 있다.
p02_u91,p02,ce0.5,11일 경찰에 따르면 서울 강남 경찰서는 강남고 노면동에 잊지한 클럽을 방문할 여성이 기가 잘렸다는 신고를 전날 접수해 조사를 벌이게 있다.
p02_u91,p02,ce1.0,시빈이 경찰에 따르면 서울 강남 경찰서는 강남고 농년동에 위치한 클럽을 방문한 여성이 기가 달렸다는 신고를 전날 접수해 조사를 벌이고 있다.
p02_u91,p02,ce2.0,CPD 경찰에 따르면 서울 강남 경찰서는 강남우고 농년동의 위치한 클럽을 방문한 여성이 기가 잘렸다는 신고를 전날 접수해 조사를 벌이게 있다.
p02_u91,p02,ce5.0,11일 경찰에 따르면 서울 강남 경탈조는 강남우고 노면동에 위치한 클럽을 방문할 여성이 기가 잘렸다는 신고를 전날 접수해 조사를 벌이기 있다.
p02_u91,p02,ce10.0,11일 경찰에 따르면 서울 강남 경찰서는 강남고 노면동에 위치한 클럽을 방문할 여성이 기가 잘렸다는 신고를 전날 접수해 조사를 벌이 줬다.
p02_u92,p02,taps,"지난 9인학, 해당 클럽을 찾은 여성은 술에 취한 상태로 스크럽 관계자에게 발견됐다."
p02_u92,p02,ce0.0,지난 9일 낮 해당 플럽을 찾은 여성은 술에 취한 상태로 스플럽 관계자에게 발견됐다.
p02_u92,p02,ce0.1,지난 9인학 해당 틀럽을 찾은 여성은 수렉시한 상태로 스크럽 관계자에게 발견됐다.
p02_u92,p02,ce0.5,지난 9일 낮 해당 클럽을 타진 여성은 술에 취한 상트로 스크럽 관계자에게 발견됐다.
p02_u92,p02,ce1.0,지난 9일 낮 해당 클럽을 찾은 여성은 수레치연성트로 스크럽 관계자에게 발견됐다.
p02_u92,p02,ce2.0,지난 9일 낮 해당 클럽을 카진 여성을 수레치한 상태로 스크럽 관계자에게 발견됐다.
p02_u92,p02,ce5.0,지난 9일 낮 해당 클럽을 카진 여성은 퀄레치 현상태로 스크럽 관계자에게 발견됐다.
p02_u92,p02,ce10.0,지난 9일 낮 해당 클럽을 찾은 여성은 술에 치한 상태로 스클럽 관계자에게 발견됐다.
p02_u93,p02,taps,당시 감기자는 여성희 피를 흘리는 것을 보고 119의 신고를 했으나 여성희 치료를 거부해 온급처칭한 바꾸 구간했다.
p02_u93,p02,ce0.0,잠시 감지자날 여성의 피를 흘리는 것을 보고 119의 신고를 했으나 여성의 치료를 거부해 무끝 차칭한 밭도 구가했다.
p02_u93,p02,ce0.1,당시 감기자는 여성이 필을 흘리는 것을 보고 119의 신고를 했으나 여성이 싫어 를 거부해 우그처 칭한 박도 규가했다.
p02_u93,p02,ce0.5,당시 관기자는 여성이 피를 흘리는 것을 보고 119의 신고를 했으나 여성이 치료를 거부해 운조처칭한 맞고 기사했다.
p02_u93,p02,ce1.0,당시 광기자는 여성리필을 흘리는 것을 보고 119의 심고를 했으나 여성리 7월과 부회에 옹급처칭한 받고 귀가했다.
p02_u93,p02,ce2.0,장식강기자는 여성의 필의 흘리는 것을 보고 119의 신고를 했으나 여성의 치료를 거부해 운급처치만 맞고 기가했다.
p02_u93,p02,ce5.0,"당시 강기자는 여성민이 필에 흘리는 것을 보고 1, 1, 9에 신고를 했구나. 여성민 치료를 거부해 운급처치만 맞고 기가했다."
p02_u93,p02,ce10.0,장식 광기자는 여성이 피를 흘리는 것을 보고 119의 싱골을 했으나 여성이 피를 거부해 옹급처칭한 바꾸 기가했다
p02_u94,p02,taps,다음 날 여성한 상처와 크다는 것을 인지하고 응급실에 찾아가 치료를 받았으며 도시에 공찰해두신 거였다.
p02_u94,p02,ce0.0,다음 날 여성한 상처와 크다는 것을 인지하고 응급시대 찾아가 치료를 받았으며 동시에 경찰에 드신 거였다.
p02_u94,p02,ce0.1,다음 날 여성한 창차와 크다는 것을 인지하고 응급시대 찾아가 치료를 받았으면 송 씨의 경찰에 드신 거였다.
p02_u94,p02,ce0.5,다음 날 여성은 창처와 크대하는 것을 일비하고 무릎실에 찾아가 치료를 받았으며 동시에 공찰해도 신고했다.
p02_u94,p02,ce1.0,다음 날 여성은 상처와 크라는 것을 인지하고 응급실에 찾아가 치료를 받았으면 동시에 경찰을 드신 거였다.
p02_u94,p02,ce2.0,다음 날 여성은 상처와 크다는 것을 인지하고 응급 시대 찾아가 치료를 받았으면 동시에 공차를 드신 거였다.
p02_u94,p02,ce5.0,다음 날 여성은 상처와 크라는 것을 잊지 않고 언급시대 찾아가 치료를 받았으면 동시에 경찰에 드신 거였다.
p02_u94,p02,ce10.0,다음날 여성은 성표와 크다는 것을 인지하고 운급 시대표자가 치료를 받았으면 동시에 경찰이 드신 거였다.
p02_u95,p02,taps,여성은 수략구멍이 기가 잘려 있었으며 어떤 경리를 잘린 것인지는 기억나지 않는다는 치지로 질수한 것으로 전해졌다.
p02_u95,p02,ce0.0,여성은 수략구분이 기가 잘려 있었으며 어떤 경위를 잘리고 거신지는 기억나지 않는다는 치지로 질수한 것으로 전해졌다.
p02_u95,p02,ce0.1,여성은 수략 끄부닝 기가 잘려 있었으며 어떤 경리를 잘린 것인지는 기억나지 않는다는 취지로 주술한 것으로 전해졌다.
p02_u95,p02,ce0.5,여성은 수략기봉유 기가 달려있었으며 어떤 경리로 달린 것인지는 기억나지 않는다는 치시로 진수한 것으로 전해졌다.
p02_u95,p02,ce1.0,여성은 수략기분이 기가 잘려 있었으며 어떤 경률을 잘린 것인지는 기억나지 않는다는 취지로 질수한 것으로 전해졌다.
p02_u95,p02,ce2.0,여성은 수대구분을 기가 잘려 있었으며 어떤 경위를 잘린 것인지는 기억나지 않는다는 취지로 질수한 것으로 전해졌다.
p02_u95,p02,ce5.0,여성은 수대급은 기가 잘려 있었으며 어떤 경기를 달린 것인지는 기억나지 않는다는 취지로 질수한 것으로 전해졌다.
p02_u95,p02,ce10.0,여성은 소래꾸보니 기가 잘려 있었으며 어떤 경미율 달린 것 진심에는 기억나지 않는다는 취지로 질수한 것으로 전해졌다.
p02_u96,p02,taps,경찰 관계자는 쿨넘낼 테새로틱이 등을 통해 정확한 발생 경리를 조사진이라며 여성회의 진찰한 의사도 극적 면담화 예정이라고 했다.
p02_u96,p02,ce0.0,경찰 관계자는 클럽 낼태세 로틱이 등을 통해 정확한 발생 경의를 조사 중이라며 여사 후에 진찰한 의사도 극적 면담화 예정이라고 했다.
p02_u96,p02,ce0.1,경찰 관계자는 클놈넬 테세로 TV 등을 통해 정확한 달생 경리를 조사 중이라며 여성회의 질차란 의사도 극적 면담한 예정이라고 했다.
p02_u96,p02,ce0.5,경찰 관계자는 클럽내베체로 TV 등을 통해 정확한 발생 경기를 조사 중이라며 여성회의 짐찰한 의사도 극적 면담화 예정이라고 했다.
p02_u96,p02,ce1.0,경찰 관계되는 쿨넘내처로 TV 등을 통해 정확한 발쌤 경리를 조사 중이라며 여정을 진찰한 의사도 극적 면담할 예정이라고 했다.
p02_u96,p02,ce2.0,경찰 관계자는 클럽 낼 캐새로 TV 등을 통해 정확한 발생 경리를 조사 중이라며 여성을 지찰한 의사도 극접 연단할 예정이라고 했다.
p02_u96,p02,ce5.0,경찰 관계되는 클럽 넷 퇴역 TV 등을 통해 정확한 발생 경리를 조사 중이라며 여성 회의를 진찰한 의사도 극접 면담화 예정이라고 했다.
p02_u96,p02,ce10.0,경찰 관계되는 큰 없내로 폐쇄로 TV 등을 통해 정확한 발생 경리를 조사 중이라며 여름을 지찰한 의사도 극점 면�담할 예정이라고 했다.
p02_u97,p02,taps,신경운 나이터 타협태 플렉스 서울 드래곤시 비네 14일도터 8월 28일까지 더 26에서 기저트 밑에 망고스트 듀여를 무냥한다
p02_u97,p02,ce0.0,신갱원 나이토 스타일 호텔 플렉스 서울 드래관시 비닐 14일 도터 8월 28일까지 더 26에서 기저트 밑에 마모거스트 듀여를 무명한다
p02_u97,p02,ce0.1,"신경혐 나이투스타의 호텍 플렉스 서울 2,014일부터 8월 28일까지 더 26에서 기저트 밑에 망고 스튜디오를 유명한다."
p02_u97,p02,ce0.5,신개념 라이프스타일 호텔 플렉스 서울 두 렉온시 비는 14일부터 8월 28일까지 더 26에서 기저트 밑에 망고 스튜디오를 유명한다.
p02_u97,p02,ce1.0,신경이 온 나이프스타일 호텔 플렉스 서울 2020는 14일부터 8월 28일까지 더 26에서 기볐투비트의 망고스티드요를 운영한다.
p02_u97,p02,ce2.0,중갱은 라이트 스타일 호텔 플렉스 서울 2000시 비는 14일부터 8월 28일까지 더 26에서 기저트비트의 망오고스튜디오를 유명한다.
p02_u97,p02,ce5.0,신강연 라이프스타일 호텔 플렉스 서울 2.0원시피는 14일부터 8월 28일까지 더 이신 6에서 기저트 밑에 망고수체드요를 유명한다.
p02_u97,p02,ce10.0,신갱양 라이프 스타일 호텔 플렉스 서울 219시피는 14일부터 8월 28일까지 더 26에서 기저트 비패 망고 스크디어를 유명한다.
p02_u98,p02,taps,망오고 스튜디오는 지난 겨울 딸기 스튜디오의 이어 더어 26에서 한봉이는 봄 여름 치즌 기적트 빗대다.
p02_u98,p02,ce0.0,망오고 스튜디오는 지난 겨울 딸기 스튜디오에 이어 더 이직 6에서 한 번이는 봄 여름 시즌 지적투 빗대다
p02_u98,p02,ce0.1,망오고 스튜디오는 지난 이 겨울 딸기 스튜디오에 이어 더 26에서 한 번이는 봄 여름 시즐 지저뜨 비패다.
p02_u98,p02,ce0.5,망오거 스튜디오는 지난 겨울 딸기 스튜디오의 이리어 더 26에서 한 번에는 봄 여름 스튜디오 기저트 빅페다.
p02_u98,p02,ce1.0,망오거 스튜디오는 지난 결달기 스튜디오에 이어 더 26에서 한 번에는 봄 여름 시즌 기저트 빅대다.
p02_u98,p02,ce2.0,망오거 스튜디오는 지난 겨울 딸기 스튜디오에 이어 더 26에서 3봉이는 봄 여름 시즌 기적도 빗대다
p02_u98,p02,ce5.0,망오고 스튜디오는 지난 겨울 딸기 스튜디오에 이루어 더 26에서 한 번이는 봄은 여름 시즌 기저트 비폐다.
p02_u98,p02,ce10.0,망오고 스튜디오는 지난 겨울달기 스튜디오에 이어 더 26에서 선보이는 봄 여름 치즌 지적투 비폐다
p02_u99,p02,taps,호텔 디저트 밑에는 아기자기한 디지올로 인증샷을 짚고 소셔리 디아의 선보 인기 좋은 이름바 인스타그램업을 한 우소를 잔고있어 엄지 세대의 목기를 끌고 있다
p02_u99,p02,ce0.0,호텔 디저트 밑에는 아기자지한 디지올로 인증이 샀을 짓고 소셔미지아의 선물보 인기 좋은 우린 봐 인스타그램 업을 한 우소를 잔고 있어 엄지 세대의 문기를 깨고 있다
p02_u99,p02,ce0.1,호텔 디저트 밑에는 아기자기한 디지올로 인생샷을 짚고 소셜 리디오의 선물보 인기 좋은 이른바 인스타그램업을 한 우소를 잔고있어 엄지세대의 목기를 끌고있다
p02_u99,p02,ce0.5,호텔 디저트 밑에는 아기자기한 디지올로 인증샷을 짚고 소쇼 미디아의 선물을 보인기 좋은 의른바 인스타그램업을 한 우소를 담고 있어 엄지세대의 몫기를 끌고 있다.
p02_u99,p02,ce1.0,호텔 디저트 밑에는 아기자기한 디지올로 인생샷을 짚고 소세아 미디아의
p02_u99,p02,ce2.0,호텔 디저트 밑에는 아기자기한 디지올로 인증샷을 짚고 소세아 미디어에 선물으로 보인 긴 좋은 이른바 인스타그램 업무랑 요소를 잠고 있어 염지 세대의 목기를 끌고 있다.
p02_u99,p02,ce5.0,호텔 디저트 밑에는 아기자기한 디지올로 인생샷을 짚고 포샤 미디어에 컴물보이긴 좋은 우윤바 인스타그램업을 한 우소를 담고 있어 염지시데이 물기를 끌고 있다.
p02_u99,p02,ce10.0,호텔 디저트 밑에는 아기자기한 기지올로 인생샷을 짚고 소쇄 미디어에 선물봉이기 좋은 유른바 인스타그램업을 한 여소를 담고 있어 염지 세대의 물기를 끌고 있다.
p04_u00,p04,taps,인천의 강풍을 동반한 도구가 쏟아지면서 도로 곳곳과 시장인물에 상기고 병인국철 10차 운행이 일부 지연되면 등 피해가 있다렸다.
p04_u00,p04,ce0.0,임천의 강콩을 동반한 도구가 쏟아지면서 도로 곳곳과 시장인 물에 상규고 경인국철 10차 운행입 일부 지연되면 등 피해가 있다랐다.
p04_u00,p04,ce0.1,임천에 방풍을 동반한 도우가 쏟아지면서 도로 곳곳과 시장이 물에 잠기고 경인국철 별 차 운행 일부 지연되는 등 피해가 잇따랐다.
p04_u00,p04,ce0.5,인천의 강풍이 동반한 도구가 써봇면서 도로곳 끝과 시장에 물에 담기고 경인국철 10차 운행이 일부 지연되는 등 피해가 잇따랐다.
p04_u00,p04,ce1.0,인천의 강풍을 동반한 도움이 있으면서 도로 곳곳과 시장이 물에 잠기고 병인이 급철 10차 운행이 일부 지연되는 등 피해가 있다랐다.
p04_u00,p04,ce2.0,인천에 방어폼을 동반한 도구가 쏟아지면서 도로 곳곳과 시장에 물에 잠을 끼고 경인국철 달 차 운행이 일부 지연되는 등 피해가 잤다.
p04_u00,p04,ce5.0,인천의 광풍을 동반한 도움을 얻었다면서 도로 곳 끝과 시장에 물에 잠을 뒤고 경인국철 별 펴 운행이 일부 지원되는 등 피해가 있다렸다.
p04_u00,p04,ce10.0,민천의 광풍을 동반한 동의가 써받으면서 도로 곳곳과 시장에 물에 담기고 경인국철 멸차 운행 일부 지연되는 등 피해가 잇따랐다.
p04_u01,p04,taps,8일 인천 소방봉부에 따르면 이날 오전 11시부터 오후 2시 30분까지 119에 모두 85건의 피해 신고가 접수됐다.
p04_u01,p04,ce0.0,8일 인천 소방봉부에 따르면 이날 오전 11시부터 52시 30분까지 119에 모두 85건의 피해 신고가 접수됐다.
p04_u01,p04,ce0.1,8일 인천 소방본부에 따르면 이날 오전 11시부터 오후 2시 30분까지 1일 후에 모두 85건의 피해 생고가 접수됐다.
p04_u01,p04,ce0.5,8일 1천 소방 공부에 따르면 이날 오전 11시부터 오후 2시 30분까지 1일 기회 모두 85번에 뒤에 신고가 접수됐다.
p04_u01,p04,ce1.0,8일 인천 소방공부에 따르면 이날 오전 11시부터 오후 2시 30분까지 1일 후에 모두 85번에 비해 생고가 접수됐다.
p04_u01,p04,ce2.0,8일 인천 소방본부에 따르면 이날 오전 11시부터 노휴 2시 30분까지 1일 후에 모두 85번에 계신 것과 접수됐다.
p04_u01,p04,ce5.0,8일 인천 소방본부에 따르면 이날 오전 11시부터 오후 2시 30분까지 1일 교회 모두 85번을 계신 고가 접수됐다
p04_u01,p04,ce10.0,"8일 인천서 방공부에 따르면 이날 오전 11시부터 52시 30분까지 1, 2, 2, 3, 4, 5번에 피해 신고가 접수됐다"
p04_u02,p04,taps,"짧은 시간 많은 비가 내리면서 대양구 작전동, 토끼굴과 위추올구경은 고속도로 종점 지하차도는 오후 12-30불부터 차량 통행이 통계됐다."
p04_u02,p04,ce0.0,짧은 시간 많은 비가 내리면서 대양구 작전동은 독기 불과 이 추월 구경은 고속도로 종점 지하차도는 오후 13시 부터 차량 통행이 통제됐다.
p04_u02,p04,ce0.1,짧은 시간 많은 비가 내리면서 대양구 작전동 독기 불과 이 추올구경은 고속도로 종점 지하차도는 오후 10도 30분 더 차량 동행이 통계됐다.
p04_u02,p04,ce0.5,"짧은 시간 많은 비간되리면서 대양구 작전 롱, 독기울과 위치울 구경인 고속도로 종점 지하차도는 오후 12시 30분 더 촬영 동행이 등개됐다."
p04_u02,p04,ce1.0,짧은 시간 많은 비가 내리면서 대양구 작전도공 토끼 불과 위치홀 구경은 고속도로 종점 지하차도는 오후 12시 30분 더 차량 동행이 통계됐다.
p04_u02,p04,ce2.0,"짧은 시간 많은 비간대리면서 대양구 작전동, 토끼 불과 2, 2, 2, 2, 3, 2, 2, 1, 구경을 고속도로 중점 지하차도는 오후 10대 30분도 차량 동행이 통제됐다."
p04_u02,p04,ce5.0,"짧은 시간 많은 비가 내리면서 개양구 작전동, 독기굴과 미치호의 국경은 고속도로 동점 지하차도는 오후 10분 30분 더 차량 동행이 통계됐다."
p04_u02,p04,ce10.0,"짧은 시간 많은 비가 내리면서 대항구 작전동, 독기굴과 미추울구경행 고속도고 종점 지하차도는 오후 10분 30분 더 차량 동행이 통제됐다."
p04_u03,p04,taps,병원국찰 1호단 주한력에서 도하역 선노 임근도 중수대 10차 운행이 한동안 뛰연됐다.
p04_u03,p04,ce0.0,병원 국찰 1호산 주안력에서 도하역 상로 인근도 증수대 10차 운행이 한동안 지연됐다.
p04_u03,p04,ce0.1,대문국찰 1호산 주안력에서 도하역 선로 임근도 중수대 10차 운행 한동안 지연됐다.
p04_u03,p04,ce0.5,병인국찰 1호단 주한력에서 도하역산로 인근도 침수대 열차 운행이 한동안 지연됐다.
p04_u03,p04,ce1.0,경행국찰 1호단 주한력에서 도하역찬로 임근도 김수대 10차 운행이 한동안 지연됐다.
p04_u03,p04,ce2.0,병원국찰 1호산 주환역에서 도하역산로 인금도 침수대 10차 운행이 한동안 지연됐다.
p04_u03,p04,ce5.0,병은 국찰 1호 반 주완력에서 도하역 상로 인근도 침수대 10차 오능이 한동안 지연됐다.
p04_u03,p04,ce10.0,영흥국찰 1호선 주한력에서 도하역산로 임근도 춤수대 10차 운행이 한동안 지연됐다.
p04_u04,p04,taps,"비슷한 시각, 부평정찰사 앞과 이 추월구 재물포역, 주환역 인근도로 곳곳도 진물에 담겼다."
p04_u04,p04,ce0.0,"비슷한 시값, 부평정찰사 앞과 2초월구 재물포역, 주환역 인근도로 걷고 또 직물에 담갔다."
p04_u04,p04,ce0.1,"비슷한 시값, 부평정철사 앞과 이 추월구 재물포역, 주환역 인근도로 겉볕도 국물에 담겼다."
p04_u04,p04,ce0.5,비슷한 시각 부평정찰터 앞과 미추얼구 재물포역 주한력 인근 도로 벗고 또 인물에 담겼다.
p04_u04,p04,ce1.0,비슷한 시각 도평경찰та 앞과 2월구 재물포역 주환역 인근을 도로 곳곳도 지물에 담겼다
p04_u04,p04,ce2.0,"비슷한 시각, 부평경찰자 앞과 이슈얼구 재물포역, 주환역 인근도로 곳곳도 진불에 잠겼다."
p04_u04,p04,ce5.0,비슷한 시각 부평경찰사 앞과 미추얼구 재물포역 주환역 인근 도로 곳곳도 인물에 담겼다.
p04_u04,p04,ce10.0,비슷한 시각 도평경찰서 앞과 이 추월구 재물포역 주환역 인근도로 곳곳도 주물에 담겼다.
p04_u05,p04,taps,1호흔에 도로를 달리 전 차량의 인물에 담겨 시민들이 뒷접 차를 유기도 했으며 출동한 소방당국이 안전 조치를 했다.
p04_u05,p04,ce0.0,1호흔에 도로를 달리 전 차량의 입을 물에 삼겨 시민들이 직접 차를 유기도 했으며 출동한 소방당국이 안전 소치를 했다.
p04_u05,p04,ce0.1,1호흔에 도로를 달리던 차량위보를 담겨 시민들이 극접 차를 유기도 했으며 출동한 소방당국이 안전조치를 냈다.
p04_u05,p04,ce0.5,1호인의 도로를 달리 전 차량의 물을 담겨 시민들이 직접 차를 일기도 했으며 출동한 소방당국이 안전소치를 냈다.
p04_u05,p04,ce1.0,이로 인해 도로를 달리 전 차량의 음물에 담겨 지민들이 극급 차를 유기도 했으며 출동한 소방당국이 안전 조치를 냈다.
p04_u05,p04,ce2.0,이로윈에 도로를 달리던 차량의 물을 담겨 시민들이 직접 차를 밀기도 했으며 출동한 소방당국이 안전조치를 냈다.
p04_u05,p04,ce5.0,이로윈에 도로를 달리던 차량 위무를 나누게 시민들이 극접 차를 유기도 했으며 출동한 소방당국이 안전 조치를 했다.
p04_u05,p04,ce10.0,이룩인의 도로를 달리 전 차량의 의무를 담겨 시민들이 깊적 차를 일기도 했으며 출동한 소방당국이 안전 조치를 냈다.
p04_u06,p04,taps,"앞서 오전 2출구 도와동 제일시장의 흑탕물이 들어찌, 가게 영업에 차질이 빚어졌고, 중구 중간동에서는 일부 주택가 도로가 빔물에 잠겨, 둘인들이 천 불편을 겪었다."
p04_u06,p04,ce0.0,"앞서 오전 2출구 도와동 제일시장의 흑탕물이 들어찌, 가게 영업에 차집이 끼어졌고 중구 중산통에서는 일부 주택가 도로가 빛물의 장료, 지능들이 천 불편을 적었다."
p04_u06,p04,ce0.1,"앞서 오전 2출부 도와동 제일시장의 흑탕물이 들어차, 가게 영업에 차질이 끼쇄졌고 중우구 중산통에서는 일부 주택가 도로가 빔물의 장벽, 부민들이 촌 불편을 겪었다."
p04_u06,p04,ce0.5,"앞뒤 오전 2초울구 도와동 제일시장의 흑탕물이 들어차, 가게 영업에 차질이 빚어졌고 중구 중간동에서는 일부 주택가 도로가 빛물에 잠겨 인인들이 큰 불편을 지었었다."
p04_u06,p04,ce1.0,"앞서 오전이 골고 도와동 젤시장에 핵탕물이 들어 차, 가게 영업에 차집이 빗어졌고 중구 중산동에서는 일부 주택가 도로가 빛물에 잠겨 닌들이 춘 2편을 잡았다."
p04_u06,p04,ce2.0,"앞서 오전 6초이고 도와동 제일시장의 흑탕무기 들어차, 가게 영업에 차질이 빚어졌고 중구 중산동에서는 일부 주택가 도로가 빛물에 잠겨 집인들이 큰 불편을 지었었다."
p04_u06,p04,ce5.0,"앞서 오전 2초이고 도와동 제일 비장에 흑탕무기 들어 차, 가게 영업에 찰질이 빗어졌고 중구 중산동에서는 일부 주택가 도로가 빛물에 잠겨 유민들이 큰 불편을 겪었다."
p04_u06,p04,ce10.0,앞서 오전 위치홀구 도와동 제일시장의 흑탕물이 들어차 가게 영업에 차질이 빗어졌고 중구 중산동에서는 일부 주택가 도로가 빗물에 잠겨 주민들이 큰 불편을 적었다
p04_u07,p04,taps,오후 1시 17분쯤에는 구평구 부평동에 아닌 건물지와 태권 도장에 빛물이 차올라 수업을 봤던 원생이 등의 12명이 대피했다.
p04_u07,p04,ce0.0,고후 한시 17분쯤에는 구평국 구평동의 한 건물 지하 태권 도장에 빗물이 차올라 소업을 봤던 원생 등은 12명을 대피했다.
p04_u07,p04,ce0.1,오후 1시 17분쯤에는 부평구 부평동을 한 덧물지와 태권 도장해요. 빛물이 차올라 수업을 받던 원생 등 12명 대피했다.
p04_u07,p04,ce0.5,고후 한시 17분쯤에는 고평구 부평동의 한 건물지와 태권 도장에 빔물이 차올라 소업을 봤던 원생금은 12명을 대피했다.
p04_u07,p04,ce1.0,오후 1시 17분쯤에는 고평구 부평동의 한 건물지와 태권 도장에 빈부리 저올라 소업을 봤던 원생이 등 12명이 대피했다.
p04_u07,p04,ce2.0,오후 1시 17분쯤에는 구경구 부경동의 한 건물지와 태권 도장에 빛물이 차올라 수업을 봤던 원생원 등을 12명이 대피했다.
p04_u07,p04,ce5.0,오후 1시 17분쯤에는 교경구 부경동의 한 건물 지하 태권도장에 빛물이 저 올라 수업을 봤던 원생원 등은 12명을 대표했다.
p04_u07,p04,ce10.0,오후 1시 17분쯤에는 구평구 부평동을 한 건물지와 태권 도장에 빛물이 처올라 수업을 봤던 원생 등을 12명에 대피했다.
p04_u08,p04,taps,인천 소방본부 관계자는 80세 건은 배수 지원을 요청한 신고이며 나머지는 안전조치 신고 라면 산책까지 인명 피해만 없다고 밝혔다
p04_u08,p04,ce0.0,"인천 소방본도 관계자는 83건은 배수 지원을 요청한 신고이며 나머지는 안전조치 신고, 라면, 산책까지 육령태에는 없다고 밝혔다."
p04_u08,p04,ce0.1,임천 소방본부 전계자는 80%건은 배수 지원을 요청한 신고이며 나머지는 안전조치 신고 라면 현재까지 인형 피해나 없다고 밝혔다.
p04_u08,p04,ce0.5,인천 소방본부 관계자는 80%건은 배수 지원을 요청한 신고이며 나머지는 안전소치 신고 라면 현재까지 인형 피해나 없다고 밝혔다.
p04_u08,p04,ce1.0,인천 소방본도 전계자는 80세 건은 배수 지원을 요청한 신고이며 나머지는 안전조치 신고 라면 벤제까지 일명 피해넘 없다고 밝혔다
p04_u08,p04,ce2.0,인천 소방본부 단계자는 83건은 배수 지원을 요청한 신고이며 나머지는 안전조치 신고 라면 전체까지 인형회에 없다고 밝혔다
p04_u08,p04,ce5.0,인천 소방본부 전계자는 80세 건은 배수 지원을 요청한 신고이며 나머지는 안전조치 신고 라면 전세까지 민형편어 없다고 밝혔다
p04_u08,p04,ce10.0,인천소방본도 전계자는 80%건은 배수 지원을 요청한 신고이며 나머지는 안전조치 신고 라면 선택까지 융명 피해너라고 밝혔다.
p04_u09,p04,taps,"기날 오후, 제시 오후 6동 현재 내린기는 인천 98.5mm, 부평구 83mm, 붕구 인천공항 73.7mm, 영종도 65.5mm, 엉진군 장보공도 57.5mm 등다."
p04_u09,p04,ce0.0,"그날 오후, 제스 50분 현재 내림기는 인천 98.5mm부터 부평구 83mm부터 붕구 인천공항 73.7mm 명정도 65.5mm부터 엉진군 장범호도 57.5mm부터 등다"
p04_u09,p04,ce0.1,비날 오후 제스 50분 현재 내림비는 인천 98.5mm부터 부평구 83mm부터 붕구 인천공항 73.7mm부터 영정도 65.5mm부터 엉진군 장범호도 57.5mm부터 등다
p04_u09,p04,ce0.5,"이날 오후 3시 50분 현재 내린 비는 인천 98.5mm, 부평구 83mm, 중국 인천공항 73.7mm, 영종도 65.5mm, 엉진군 장보공도 57.5mm 등입니다."
p04_u09,p04,ce1.0,"이날 오후 3시 50분 현재 내린 비는 인천 98.5mm, 부평구 83mm, 붕구 인천 공항 73.7mm, 영조권도 65.5mm, 엉진군 장보권도 57.5mm 등다."
p04_u09,p04,ce2.0,"이날 오후 3초 50분 현재 내린기는 인천 98.5mm, 부평구 83mm, 중국의 인천의 공항 70.7mm, 영종도 65.5mm, 엉지는군 장어 보건도 57.5mm 등입니다."
p04_u09,p04,ce5.0,그날 오후 3회 50분 현재 내린 비는 인천 98.5m 부평구 83mm 흥구 인천공항 73.7mm 영정은 65.5m 엉균군 장보공도 57.5m 등입니다
p04_u09,p04,ce10.0,"그날 오후 3시 50분 한 달 내림기는 임천 98.5mm, 부평구 83mm, 승우구 임천 공항 73.7mm, 영정도 65.5mm, 엉진군 장범원도 57.5mm 등입니다."
p04_u10,p04,taps,용천 씨는 비장 2단계를 발령하고 10개 고등구와 1력 7등 4진 6명을 투입해 비상 근무 최제를 유지하고 있다.
p04_u10,p04,ce0.0,봉천은 씨는 비장 2단계를 발령하고 10개 고등 9와 1력 704생 6명을 투입해 비상 근무 최제를 유지하고 있다
p04_u10,p04,ce0.1,엄청은 시는 비상 2단계를 발령하고 10갱 보증 9와 1.0704인 6명을 투입해 비상 근무 최제를 유지하고 없다
p04_u10,p04,ce0.5,김천 씨는 비상 2단계를 발령하고 10대 고등구와 1력 746명을 투입해 비상 근무 철제를 유지하고 있다.
p04_u10,p04,ce1.0,민천은 씨는 비상 2단계를 발령하고 10개 고중주와 1력 746명을 투입해 비상 근무 체제를 유지하고 있다.
p04_u10,p04,ce2.0,경찰 씨는 비장 2단계를 발령하고 10개 고중 9와 1.0704생 운명할 수 있게 비장 근무 체제를 유지하고 있다.
p04_u10,p04,ce5.0,김천은 씨는 비상위단계를 발령하고 10개의 보둔쿠와 유력 706명을 투입해 비상 근무 최재를 유지하고 있다.
p04_u10,p04,ce10.0,"정천시는 비상 이단계를 발령하고 10개, 고중 9화, 위력 7등 4생 6명을 주입해 비상 금호 체제를 유지하고 있다."
p04_u11,p04,taps,수도권 기당청은 11자전까지 인천에 대개에서 산댕이 밀린이 더위 비가 내릴 것으로 예보했다.
p04_u11,p04,ce0.0,수도권 기당청은 11자전까지 인천에 100에서 300mm 이 비가 내릴 것으로 예보했다.
p04_u11,p04,ce0.1,수도권 기상창은 11자전까지 인천에 100에서 300mm 이 비가 내릴 것으로 예보했다.
p04_u11,p04,ce0.5,수도권 기상청은 11자전까지 인천에 100에서 300mm의 시간 내릴 것으로 예보했다.
p04_u11,p04,ce1.0,독건 기상청은 11자전까지 인천에 대개에서 3팬 비빔빛 더이 비관 내릴 것으로 예고했다.
p04_u11,p04,ce2.0,수도권 기당청은 11자전까지 인천에 대개에서 산평기린이 더위 비가 내릴 것으로 예보했다.
p04_u11,p04,ce5.0,수도권 기장청은 11자정까지 인천에 대개에서 300mm의 비가 내릴 것으로 예보했다.
p04_u11,p04,ce10.0,수도권 기장청은 11자장까지 임천에 100에서 300mm의 비가 내릴 것으로 예보였다.
p04_u12,p04,taps,백억원 김호우 생명 혐의를 받는 방송인 박수웅의 친형 AC에 대한 구속 곁과 결정된다.
p04_u12,p04,ce0.0,100억 원 규모유 100명 혐의를 받는 방송인 박수훈의 침형 AC에 대한 구속겹과 결정된다.
p04_u12,p04,ce0.1,백억원 규모의 횡령 혐의를 받는 방송인 박수웅의 칭형 AC에 대한 투속业부가 잘 정된다.
p04_u12,p04,ce0.5,백억원 규모의 생명 혐의를 받는 방송인 박수웅의 진형 AC에 대한 구속볍과 결정된다.
p04_u12,p04,ce1.0,백억원 규모이 100명 혐의를 받는 방송인 박송이 김형 A 씨에 대한 구석겹과 절정된다.
p04_u12,p04,ce2.0,백억원 규모율 생명섬일 받는 방송일 박수홍의 진형 H에 대한 구속겹과 결정된다.
p04_u12,p04,ce5.0,백억원 규모율 횡령 혐의를 받는 방송인 박소용의 진형 A 씨에 대한 그속견부가 결정된다.
p04_u12,p04,ce10.0,백억원 규모의 행명 혐의를 받는 방송인 박소흥의 충명 A 씨에 대한 구속 여부과 결정된다.
p04_u13,p04,taps,서울 서부지법은 13회로 전 10시 30본부터 박수웅의 비념 8G에 대한 구속전 DA자 신문을 진행했다.
p04_u13,p04,ce0.0,서울 서부지법은 13회로 전 10시 30분부터 박수웅의 진영 8지에 대한 구속전 비의자신문을 진행했다.
p04_u13,p04,ce0.1,서울 서부지법은 13일 오전 10시 30분부터 박수웅의 귀명 8지에 대한 구속전 뒤의 자신문을 지능했다.
p04_u13,p04,ce0.5,서울 서부지법은 13회로 전 10시 30분부터 박수웅의 진영 8개에 대한 구속전 비의자식문을 진행했다.
p04_u13,p04,ce1.0,서울 서부지법은 13회로 전 10시 30월부터 박수웅의 비명 8개대한 구독 전 피의자 신문을 진행했다.
p04_u13,p04,ce2.0,서울 서부지법은 13회로 전 10시 30분부터 박수홍의 기념을 깨대한 구속전 피의자 신문을 진행했다.
p04_u13,p04,ce5.0,서울 서부지법은 13회로 전 10시 30분부터 박수웅을 비명 8개에 대한 구속전 피의자 신문을 진행했다.
p04_u13,p04,ce10.0,서울 서부지법은 13회로 전 10시 30분부터 박수홍의 규명에 의지에 대한 그록 전 피의자 신문을 진행했다.
p04_u14,p04,taps,A 씨는 지난 30년간 약 1106억 원에 달하는 동생 박소웅의 주단료 계약금 등을 생명했다는 의혹을 받고 있다.
p04_u14,p04,ce0.0,"A 씨는 지난 30년간, 약 100집 6억 원에 달하는 동생 박수홍 의혹, 추단료, 계약금 등을 생명했다는 의혹을 받도 없다."
p04_u14,p04,ce0.1,"A 씨는 지난 30년간 약 116억 원에 달하는 동생 박수웅웅이 수전유, 계약금 등을 생명했다는 의혹을 받고 있다."
p04_u14,p04,ce0.5,웨이시는 지난 30년간 약 116억 원에 달하는 동생 박수웅의 수전요 계약금 등을 생명했다는 의혹을 받고 있다.
p04_u14,p04,ce1.0,A 씨는 지난 30년간 약 116억 원에 달하는 동생 박소용의 수전유 개학금 등을 생명했다는 의혹을 받도 있다.
p04_u14,p04,ce2.0,에이씨은 비단 30년간 약 116억원에 달하는 동생 박수홍의 추전유 계약금 등을 증명했다는 의혹을 받고 있다.
p04_u14,p04,ce5.0,H는 지난 30년간 약 116억 원에 달하는 동생 박수롱의 추전유 개학금 등을 공명했다는 의혹을 받고 있다.
p04_u14,p04,ce10.0,H는 지난 30년간 약 116억 원에 달하는 동성 박수홍의 추전유 개학금 등을 증명했다는 의혹을 받고 있다.
p04_u15,p04,taps,앞서 지난해 4월 박소홍 측은 A15가 메뉴먼트 법인을 설립해 수익을 일정 기후로 분대하기를 했지만 일을 지키지 않았다며 검찰의 커졮장을 대출했다.
p04_u15,p04,ce0.0,앞서 지난해 4월 박수홍 측은 A.C. 부부가 매니지먼트 벗은을 설립해 수익을 일정 뒤올로 분대하기로 했지만 이를 지지 않았다며 검사를 거조장에 대출했다.
p04_u15,p04,ce0.1,앞서진 안에 4월 박수홍 측은 ACE 모브가 매니즘원트 버튼을 살리패 수익을 일정 비율로 분배하기로 했지만 일을 지키지 않았다며 검찰의 고소장을 대출했다.
p04_u15,p04,ce0.5,앞서 지난해 4월 박수홍 측은 AC 부부가 매니즈먼트 법인을 설립해 수익을 일정 비율로 분배하기로 했지만 일을 지키지 않았다며 검찰의 거소장을 대출했다.
p04_u15,p04,ce1.0,앞뒤 지난해 4월 박수홍축은 AC 부부가 매니지먼트 법인을 설립해 수익을 일정 기후로 분대하기를 했지만 일을 지키기 않았다며 검찰의 고소장을 제출했다.
p04_u15,p04,ce2.0,앞서 지난해 4월 박수홍 측은 AC 부부가 매니즈먼트 법인을 설립해 수익을 일정별로 분대하기를 했지만 일을 지키지 않았다며 검찰의 고소장을 대출했다
p04_u15,p04,ce5.0,앞서 지난해 4월 박수홍 측은 A.C. 부부가 매니지��트 법인을 설립해 수익을 일정 비율로 분배하기로 했지만 일을 지키지 않았다며 검찰의 고소장을 대출했다
p04_u15,p04,ce10.0,앞서 지난해 4월 박수홍 측은 AC 부부가 매니즈먼트 법인을 설립해 수익을 일정 비율로 분배하기로 했지만 일 지키지 않았다며 검사를 고소장을 대출했다
p04_u16,p04,taps,"이의 검찰은 수사 결과, H가 법인 자금을 생렬했고, 수렷 요정산 유의행, 각종 세금니 기용 전가정 삶이가 있다고 봤다."
p04_u16,p04,ce0.0,"이에 곰차른 수사결과 A 씨가 법인 자금을 생명했고 수련 요정산 1행, 국정세균 이 비용 전가정 3위가 있다고 봤다."
p04_u16,p04,ce0.1,"이에 검찰은 수사결과 A.C.가 법인 자금을 성량했고 출연 요정산 2행, 각종 세균 6비용 전가정 3가 있다고 봤다."
p04_u16,p04,ce0.5,"이에 검찰은 수사 결과, A 씨가 법인 자금을 생량했고 출연 요정산 2행, 걱정 세계미 비용 전과정 혐의가 있다고 봤다."
p04_u16,p04,ce1.0,이에 검찰은 수사 결과 A 씨가 법인 자금을 생량했고 수련 요정산 위에 각종 세균이 비용 전과 증샘이가 있다고 봤다.
p04_u16,p04,ce2.0,"이에 검찰은 수사결과 A.C.가 법인 자금을 생량했고 수련 요정산 2.2행, 극정 세균이 비용 전까지는 혐의가 있다고 봤다."
p04_u16,p04,ce5.0,이에 검찰은 수사 결과 A.C.가 법인 자금을 생명했고 출연 요정산 유의행 각종 세금의 비용 전과정 섬이가 있다는 것 같다.
p04_u16,p04,ce10.0,이에 검찰은 수사 결과 A.G.가 법인 자금을 생명했고 출연 요정산 2위에 극정 세겸이 비용 전까지는 감히고 있다고 봤다.
p04_u17,p04,taps,이에 지난 7일 특정 경제 범죄 가족 처벌법상 행령함이로 A 씨에 대한 사전 구속 경정을 청구했다.
p04_u17,p04,ce0.0,이에 지난 7일 특정 정제 범죄 과정 처벌법상 행령 혐의로 A.C.에 대한 사전 구속 정정을 청구했다.
p04_u17,p04,ce0.1,이에 지난 7일 특정 정제 범죄 과중 처벌법상 혁명함으로 A.C.에 대한 사전 구속 경정을 창고했다.
p04_u17,p04,ce0.5,이에 지난 7일 특정 정재 범죄 과정 처벌법상 행량함이로 A 씨에 대한 사전 구속 영장을 청구했다.
p04_u17,p04,ce1.0,이에 지난 7일 특정 경제 범죄 가중처벌법상 행명함이로 ACE에 대한 사전 구속영장을 참고했다.
p04_u17,p04,ce2.0,이에 지난 7일 특정 경제 범죄 가중처벌법상 행량함으로 A 씨에 대한 사전 구속 영상을 청구했다.
p04_u17,p04,ce5.0,이에 지난 7일 극정 정재 범죄 과정 처벌법상 행명 혐의로 A.C.에 대한 사전 구속 영상을 청구했다.
p04_u17,p04,ce10.0,"이에 지난 7일 특정 경제 범죄, 가중처벌법상, 혁명함이로 A.C.에 대한 사전 구속영장을 청구했다."
p04_u18,p04,taps,한천 박수홍은 황사 고소와 젤계로 A15가 출연류와 계약금 등을 미디그 뵀다며 86억 원 상당의 번협의 상창구소송을 지난해 6월 법원에 제기한 바 있다.
p04_u18,p04,ce0.0,한천 박수홍은 형사 고소와 절계로 A15가 수련료와 계약금 등을 미지부했다며 86억 원 상당의 손해배상 참구소송을 지난해 6월 법원에 제기한 바 있다.
p04_u18,p04,ce0.1,한천 박소원은 방사 도서와 델개로 에이스 모브가 출연료와 계약금 등을 미디그 뵀다며 86억 원 상당의 손해배상 창구소송을 지난해 2월 법원에 제기한 바에 있다.
p04_u18,p04,ce0.5,한편 박수홍은 방사 고소와 데리어로 A15가 출연료와 계약금 등을 미비급했다며 36억 원 상장의 손해배상 창구소송을 지난해 6월 법원에 제기한 바 있다.
p04_u18,p04,ce1.0,한편 박수홍은 정사 고소와 절개로 A 씨 부부가 수련료와 계약금 등을 미지급했다며 86억 원 상당의 권앱의 상천구소송을 지난해 6월 법원에 제기한 바 있다.
p04_u18,p04,ce2.0,"3,000 박소원은 형사 고소와 절개로 A 씨 부부가 수렐료와 계약금을 등을 믿기 뵀다며 36억 원 상당을 손에 비상 참고소송을 지난해 2월 법원에 제기한 바 있다"
p04_u18,p04,ce5.0,한편 박소원은 형사 고소와 절개로 A.C. 부부가 출연료와 계약금 등을 미지급했다며 86억 원 상당의 손해배상 선고소송을 지난해 6월 법원에 제기한 바에 있다.
p04_u18,p04,ce10.0,"3,000 박소원은 정사 고소와 절개로 A.C. 부부가 수련여와 계약금 등을 위급했다며 36억 원 상당의 손해배상 창구소송을 지난해 6월 법원에 제기한 바 있다."
p04_u19,p04,taps,"이후 소송 과정에서 A.C. 부부가 박소용을 개인 통장했자 무단으로 돈을 인수한 사실도 확용, 손에 배당 요구액을 백집 유거건으로 늘렸다."
p04_u19,p04,ce0.0,이후 소송 과정에서 AC 부부가 박소원의 개인 통상에서 무단으로 돈을 임신한 사실도 확인 손에 배당 요구액을 100집 유거건으로 늘렸다.
p04_u19,p04,ce0.1,이후 소송 과정에서 A15가 박수홍의 개인통장에서 무단으로 돈을 인천한 사실도 확인 손에 배당 요구액을 백집 유거권으로 늘렸다.
p04_u19,p04,ce0.5,이후 소송 과정에서 AC 부부가 박종을 개인통장했다 무단으로 돈을 인출한 사실도 확인 손에 배상 요구액을 백집 밀고건으로 늘렸다
p04_u19,p04,ce1.0,이후 소송 과정에서 메이씨 부부가 박종혜 교현 통장에 전 무단으로 돈을 인췌한 사실도 확인 손해배상 요구액을 100집 유거건으로 늘렸다.
p04_u19,p04,ce2.0,이후 소송 과정에서 A.C. 부부가 박수홍의 계현통장에서 무단으로 돈을 인쇼한 자실도 확인 손해배상 요구액을 100집 유거건으로 늘렸다.
p04_u19,p04,ce5.0,이후 소송 과정에서 매이씨 부부가 박소용의 개인 통장에서 무단으로 돈을 인출한 사실도 확인된 손해배상 요구액을 100집 유거건으로 늘렸다.
p04_u19,p04,ce10.0,이후 소송 과정에서 A.T. 부부가 박소원의 개인 통장에서 무단으로 돈을 인췌한 사실도 확인된 손앱의 당 요구액을 백신 6억 원으로 늘렸다.
p04_u20,p04,taps,유학 관련 AK 측은 백억원 때 행량 주장은 거짓이며 법인 카드 사적 유용 등 일부 의혹은 인정하나 학소용이 사용한 돈에게 하면 극히 소의기라고 주장했다
p04_u20,p04,ce0.0,유학 관련 AK 측은 백억원 때 행량 주장은 거짓기며 법인 카드 사적 기용 등 일부 의혹은 인정하나 학소용이 사용한 돈에게 하면 굳히 소액이라고 주장했다
p04_u20,p04,ce0.1,"2화 관련, H2G은 100억 원대의 행량 두 장은 거짓이며 더빔카드 사적 유용 등 일부 의혹은 흔적하나 박수홍이 사용한 도네기하면 극히 소의기라고 주장했다"
p04_u20,p04,ce0.5,유학 관련 베이집 측은 배가관 때 행량 부장은 거지시며 법임카드 사적 유용 등 일부 의혹은 인정하나 박수홍이 다양한 돈에 대한 극히 소해지라고 수장했다
p04_u20,p04,ce1.0,유학 관련 8위 측은 100억 원 때 행량 주장은 거지시며 법인 카드 찾적 유용 등 일부 의혹은 인정하나 박소웅이 사용한 돈에 비하면 국희 소혁이라고 주장했다.
p04_u20,p04,ce2.0,유학 관련 AC 측은 백억원 때 행량 주장은 거지시며 법인 카드 찾적 유용 등 일부 의혹은 임정하나 박수홍이 잘 환돈에 기하면 극히 소액이라고 주장했다
p04_u20,p04,ce5.0,유학 관련 에이징은 백억원 때 행량 주장은 거지시며 버린 카드 사적 유용 등 일부 의혹은 인정하나 박소웅이 사용한 돈에 비하면 극기 소혁이라고 주장했다.
p04_u20,p04,ce10.0,"유학 관련, AK 측은 백억원 때 행량 주장은 거지시며 더듬카드 찾적 유용 등 일부 의혹은 인정하나 작소용이 사용한 돈에 비하면 급히 소액이라고 주장했다."
p04_u21,p04,taps,골부 자롱자는 인책공학적으로 설계한 짓가 미국 과이로프렉트 켰페이 승인을 획득했다고 직부일 밝혔다.
p04_u21,p04,ce0.0,볼부 자롱자는 인체쁭학적으로 설계한 지트가 유부 카우라프렉특협회의 승인을 획득했다고 지투일 밝혔다.
p04_u21,p04,ce0.1,볼부 자동차는 임책 확적으로 설계한 지트가 미국 과이로프렉특차 폐승인을 획득했다고 직구일 밝혔다.
p04_u21,p04,ce0.5,볼부 자동차는 인체 경악적으로 살리한 질투가 미국 파이러프렉특협회의 승인을 획득했다고 직귤 밝혔다.
p04_u21,p04,ce1.0,골고 자동차는 인체 공학적으로 설계한 짓가 미국 파이러프렉틱샵의 승인을 획득했다고 집굴 밝혔다.
p04_u21,p04,ce2.0,볼부 자동자는 임체 공학적으로 설계한 시트가 미국 활로프렉특협회의 승인을 획득했다고 직구일 밝혔다.
p04_u21,p04,ce5.0,볼부 자동차는 인체커학적으로 설계한 짓가 미국 칼로프랙 디켰페이 승인을 획득했다고 숙불 밝혔다.
p04_u21,p04,ce10.0,볼부 자롱자는 임찰 경학적으로 설계한 시트가 미국 파이러프렉틱협회의 승인을 획득했다고 직귤 밝혔다.
p04_u22,p04,taps,가이로 브랙디켓은 대개에서 가장 권이 있는 가이로 브랙디켓 전문 기간이다.
p04_u22,p04,ce0.0,가이로 브랙듀터는 대개에서 가장 권이 있는 가이로 브랙듀터는 문지가니다.
p04_u22,p04,ce0.1,가이로 브랙듙첩에는 대개에서 가장 더니있는 가이로 브랙듙 전문 기갑입니다.
p04_u22,p04,ce0.5,타이로 브랙픽 잡에는 대개에서 가장 거리 있는 타이로 브랙픽 전문 기간이다.
p04_u22,p04,ce1.0,가이로 브랙듀터편은 대개에서 가장 권이 있는 가이로 브랙듀터는 원기관이다.
p04_u22,p04,ce2.0,가이로 브랙디켓은 세계에서 가장 권위 있는 가이로 브랙디켓 전문 기간이다.
p04_u22,p04,ce5.0,갈로 브랙디켓에는 대개에서 가장 권위 있는 갈로 브랙디켓 전문 기간이다.
p04_u22,p04,ce10.0,가이로 브랙디켓에는 대개에서 가장 권이 있는 가이로 브랙디켓 전문 기간이다.
p04_u23,p04,taps,"척추 건강에 미치는 공정적인 효과와 우수한 품질력, 안정우성동, 검격한 신사를 거쳐 최고 제품의 인정서를 발행하고 있다."
p04_u23,p04,ce0.0,"첩추 전광을 미치는 중정적인 효과와 우수한 붐질력, 안정성동, 엄격한 신사를 거쳐 최고 제품의 인정서를 반행하고 있다."
p04_u23,p04,ce0.1,"척추 전강의 미치는 중정적인 효과와 우수한 군들력, 안정성 등 범격한 진사를 거쳐 최고 제품의 인정서를 반행하고 있다."
p04_u23,p04,ce0.5,"척추건강에 잊히는 동정적인 효과와 유수한 품질력, 안정성등, 깜깍한 진사를 거쳐 최고 제품의 인증서를 반행하고 있다."
p04_u23,p04,ce1.0,"척추 전광의 미치는 동정적인 효과와 우수한 봄질력, 안정성 등 범격한 신사를 거쳐 최고 제품의 인정서를 발행하고 있다."
p04_u23,p04,ce2.0,"척추 전강에 미치는 공정적인 효과와 우수한 품질력, 안정옷정도, 엄격한 진사를 거쳐 최고 제품의 임정서를 발행하고 있다."
p04_u23,p04,ce5.0,"척축 건강에 미치는 공정적인 효과와 육수함 붐질력, 안정옷덩어등, 넘격한 진사를 거쳐 최고 제품의 인정서를 바랍니다."
p04_u23,p04,ce10.0,"척추 전광에 미치는 중정적인 효과와 우수한 품질력, 반정성 등 범격한 진사를 거쳐 최고 제품의 흰정서를 반응하고 있다."
p04_u24,p04,taps,볼 보는 업계 최고 수분에 단안함과 지지력을 제공하기 위해 정형외과 의사와 협력을 진행하고 있다.
p04_u24,p04,ce0.0,돌보는 업계 최고 수전의 단안함과 지지력을 제공하기 위해 정형외과 의사와 합력을 진행하고 있다.
p04_u24,p04,ce0.1,볼보는 업계 최고 수분에 단안함과 즐기력을 제공하기 위해 정형외과 의사와 협력을 진행하고 있다.
p04_u24,p04,ce0.5,돌보는 업계 최고 수준의 편안함과 지지력을 제공하기 위해 정형외과 의사와 협력을 진행하고 있다.
p04_u24,p04,ce1.0,돌보는 업계 최고 수준의 편안함과 주지력을 제공하기 위해 정형외과 의사와 협력을 진행하고 있다.
p04_u24,p04,ce2.0,돌보는 업계 최고 수준의 변환함과 즐기력을 제공하기 위해 정형외과 의사와 협력을 진행하고 있다.
p04_u24,p04,ce5.0,돌별은 업계 최고수근의 편안함과 기기력을 제공하기 위해 정형외과 의사와 협력을 진행하고 있다.
p04_u24,p04,ce10.0,졸보는 업계 최고 수준의 변환함과 즐기력을 제공하기 위해 정형외과 의사와 협력을 진행하고 있다.
p04_u25,p04,taps,"이를 바타오로 청돌씨 부상위험을 줄일 수 있는 장추보호 시스템과 충면 충격보호 시스템, 도로이탈 완화 등 착신적인 안전 기술을 시체 통합해 제공한다."
p04_u25,p04,ce0.0,"이를 바타오로 청돌씨 보상을 위험을 들일 수 있는 장추보 시스템과 충련 충격보시템, 도로이탈 완화 등 착신적인 안전 기술을 시체 통합 대체 공간다."
p04_u25,p04,ce0.1,"이를 바타오로 충돌시프상 위험을 들일 수 있는 정추보호 시스템과 충면 충격보호 시스템, 도로이탈 완화 등 척신적인 안전 기술을 시트해 통합 대세공환다."
p04_u25,p04,ce0.5,"1을 바탕으로 청돌씨 부상기염을 줄일 수 있는 장추보호 시스템과 측면 충격보호 시스템, 도로이탈 완화 등 혁신적인 안전기술을 시체 통합 개최정 간다."
p04_u25,p04,ce1.0,1을 바탕으로 충돌시 부상기염을 줄일 수 있는 경추보호 시스템과 충면 충격보호 시스템 도로이탈 완화 등 석신적인 안전 기술을 시체 통합해 배경한다
p04_u25,p04,ce2.0,"이를 바탕으로 충돌시프상 기업을 줄일 수 있는 경추보호 시스템과 충련 충격보호 시스템 도로이탈 완화동, 석신적인 안전기술을 시스템 통합해 제공한다."
p04_u25,p04,ce5.0,이를 바탕으로 총돌씨 부상기업을 줄일 수 있는 경추보호 시스템과 충면 충격보호 시스템 도로 이탈 완화 등 석신적인 안전 기술을 시체 통합해 조공한다
p04_u25,p04,ce10.0,이를 바탕으로 충돌시 부상기업을 줄일 수 있는 경추보호 시스템과 충면 충격보호 시스템 도로 입탈 완화 등 석신적인 안전기술시체 통합 대책관단
p04_u26,p04,taps,또 독득한 헤드레스트 역시 봉쥬고 기능을 강화할 수 있도록 설계됐다
p04_u26,p04,ce0.0,"또 독특한 헤드레스 지역시우, 정치후보 옥진을 강화할 수 있도록 할게 됐다."
p04_u26,p04,ce0.1,또 독특한 헤드레스트 역시 정치 후보 기능을 강화할 수 있도록 할게 됐다.
p04_u26,p04,ce0.5,또 독특한 헤드레스지 역시 정치 보기능을 강화할 수 있도록 설계됐다.
p04_u26,p04,ce1.0,또 독득한 헤드레스트 역시 경출보 기능을 강화할 수 있도록 설계됐다.
p04_u26,p04,ce2.0,또 독특한 헤드레스트 역시 경수고 기능을 강화할 수 있도록 설계됐다.
p04_u26,p04,ce5.0,또 독특한 헤드레스트 역시 경신고기능을 강화할 수 있도록 설계됐다.
p04_u26,p04,ce10.0,또 독특한 헤드레스트 역시 경쭤보기능을 강화할 수 있도록 설계됐다.
p04_u27,p04,taps,짐 리콜스 볼뽀자동차 USA의 개품빛 기술 관심어 오프청과른 볼뽀의 짙은 운전자와 생기기 위해 도로에서 편안함 비장에 안전을 고장한다 고 말했다
p04_u27,p04,ce0.0,짐 6월 볼포 자동차 USA의 개품 6 기술 관심어 오프 청과는 볼포의 시트는 운전자와 성기구 도로에서 판하남 기장이 안전을 보장한다 고 말했다
p04_u27,p04,ce0.1,"짐 리쿨스 볼보자동차 USA 제품 육 기술 관심머 오버 청과른 볼보의 시트는 운전자와 생계기 도로에서 편안함, 비장이 안전을 보장한다. 고맙다."
p04_u27,p04,ce0.5,"진인 리콜 볼보자동차 USA의 제품을 입기술 관심과 오프청과는 볼보의 시트는 운전자와 승객이 도로에서 편안함, 디자인, 안전을 보장한다, 고 말했다."
p04_u27,p04,ce1.0,"지민 리콜트 볼보자동자 유회사의 제품, 입술 관심과 오포천과는 볼보의 시프는 운전자와 생계비 도로에서 편안함, 비장의 안전을 보장한다, 공아랬다."
p04_u27,p04,ce2.0,증인 유콜 골보자동 자유회세의 제품을 입 기술 관심머 오프청과는 골보의 시트는 운전자와 성격이 도로에서 편한함 디자인 안전을 고장한다 고 말했다
p04_u27,p04,ce5.0,지인 6볼보자 동작 유회세의 개품 6 기술 관심어 오프 총괄은 볼보의 시트는 운전자와 성객 유입 도로에서 편안함 기자의 안전을 보장한다 공아랬다
p04_u27,p04,ce10.0,지금 육조을 골고 자동차 유회세의 개품 육기술 관심머 오프청괄은 골고의 시트는 운전자와 삼계기 도로에서 판안함 비장안전을 보장한다 고 말했다
p04_u28,p04,taps,6일 지방 선거를 앞두고 산거구원에 여러 부회를 찾아가 한금명목으로 금품을 제공한 문경곡 인천 옹김 군수가 재판에 넘게 졌다.
p04_u28,p04,ce0.0,유질지당 선거를 앞두고 산거구원에 여러 기회를 찾아가 한금 명목으로 금품을 제공한 문경복 인천홍진군수가 재판에 남게 졌다.
p04_u28,p04,ce0.1,6일 지당 선거를 앞두고 산거구원에 여러 기회를 찾아가 선금명목으로 금품을 제공한 문경곡 인천원진군수가 재판에 넘게 졌다.
p04_u28,p04,ce0.5,유일지당 선거를 앞두고 선거구원에 여러 계획을 찾아가 현금명목으로 균품을 제공한 문경곡 인천용진 분들과 재판에 넘게 졌다.
p04_u28,p04,ce1.0,6일 지방 판결을 앞두고 선거권에 여러 교회를 찾아가 선금형목으로 금품을 제공한 문경곡 인천 용진군수가 재판에 넘게 졌다.
p04_u28,p04,ce2.0,"6일 지방 선거를 앞두고, 저는 거구을 내 여러 교회를 찾아가 선금명목으로 금품을 제거한 문경곡 인천영진군수가 재판에 넘게 졌다."
p04_u28,p04,ce5.0,6일 지당 선거를 앞두고 선거구원에 여러 교회를 찾아가 선금명목으로 경품을 제공한 군경곡 인천용기군수가 재판에 넘겨졌다.
p04_u28,p04,ce10.0,6일 지당 선겨를 앞두고 선거구원에 여러 교회를 찾아가 선금명목으로 경품을 제공한 문경곡 임천 엉균군수가 재판에 넘게 졌다.
p04_u29,p04,taps,인천지검 형사 6부는 17일 공급 장갑법 위반 혐의로 문군수를 불구속 기소했다고 밝혔다.
p04_u29,p04,ce0.0,문천지감 형사 6부는 17일 공둑 장갑법 위반 혐의로 문군수를 불구속 기소했다고 볼 것 같다.
p04_u29,p04,ce0.1,인천지검 형사 6부는 17일 공북잠까법 2만 혐의로 문 문수를 불구속기소했다고 밝혔다.
p04_u29,p04,ce0.5,인천지감 형사 6부는 17일 공격전값법 위반 혐의로 문군수를 불구속 기소했다고 밝혔다.
p04_u29,p04,ce1.0,인천지검 형사 6부는 17일 공격잠까법 위반잠이로 온군수를 불기속기소했다고 밝혔다.
p04_u29,p04,ce2.0,1천지검 상사 6부는 17일 공직 전값법 위반함으로 문군수를 굵이속기소했다고 밝혔다.
p04_u29,p04,ce5.0,인천지검 형사 6부는 17일 공격산과법 위반 혐의로 문군수를 불구속기소했다고 밝혔다.
p04_u29,p04,ce10.0,임천지검 형사 6부는 17일 공격 참가법 위반 혐의로 문군수를 불구속기소했다고 밝혔다.
p04_u30,p04,taps,문군수는 지난 6월 1일 칠어진 제 8액 전국 동급 방관과를 앞두고 옹중군 내 교회 내 곳에 51만 원 당당의 금품을 제공한 혐의를 받고 있다.
p04_u30,p04,ce0.0,분군수는 지난 6월 11일 칠어진 제 8회 전국 동수지방선도를 앞두고 홍중군 내 교회 내 곳에 오시질 만원 상당의 금품을 적용한 혐의를 갖고 있다.
p04_u30,p04,ce0.1,문군수는 지난 6월 1일 칠어진 제 8회 전국 동수의 주방관계를 앞두고 옹진군 내 교회 내 곳에 51만 원 상당의 군품을 제공한 혐의를 맡고 있다.
p04_u30,p04,ce0.5,군군수는 지난 6월 1일 칠어진 제 8회 전국 동시지방관계를 앞두고 옹진군 내 교회 내 곳에 몇 시 7만 원 당당의 금품을 적용한 혐의를 갖고 있다.
p04_u30,p04,ce1.0,문군수는 지난 6월 1일 치러진 제 8회 전국 동시지팡선거를 앞뒤고 홍진군 내 조회 4곳에 501만 원 상당의 김품을 제공한 혐의를 맡고 있다.
p04_u30,p04,ce2.0,군군수는 지난 6월 1일 티러진 제 8회 전국 동시지방산계를 앞두고 동준군 내 교회 내고 제 50일 만한 당당의 금품을 조건한 혐의를 갖고 있다.
p04_u30,p04,ce5.0,문군수는 지난 6월 11일 칠어진 제 8회 전국 동시 교통산계를 앞두고 옹균군 내 교회 내 곳에 50인만 원 당장의 금품을 적용한 혐의를 낫고 있다.
p04_u30,p04,ce10.0,문군수는 지난 6월 1일 출어진 제 8회 전국 동시지방선거를 앞두고 홍균군 내 교회 내 곳에 57만 원 당당의 금품을 제공한 혐의를 맡고 있다
p04_u31,p04,taps,공급 참가법에 따르면 후보자나 후보자가 데려는 사람은 헌거 구밍이나 헌거군 내 단체 등의 기부 행위를 할 수 없다
p04_u31,p04,ce0.0,공식 참가법에 따르면 후보자나 후보자가 되려는 사람은 번거 구밈이나 번거구인데 단체 등의 지부 행위를 할 수 없다
p04_u31,p04,ce0.1,공식전거법에 따르면 후보자나 후보자가 되려는 사람은 전거 구민우나 전거군 내 단체등은 지부 행위를 할 수 없다
p04_u31,p04,ce0.5,공식 선거법에 따르면 후보자나 후보자가 되려는 다음은 선거 규민이나 선거구원 내 단체 등의 지부 행위를 할 수 없다
p04_u31,p04,ce1.0,공직 참가법에 따르면 후보자나 후보자가 되려는 사람은 선거 고민이나 선거 군 내 단체 중에 기부 행위를 할 수 없다
p04_u31,p04,ce2.0,공직 참가법에 따르면 후보자나 후보자나 대련은 참은 전거 구밍이나 전거기온데의 단체중은 기구 행위를 할 수 없다
p04_u31,p04,ce5.0,공격 참 것법에 따르면 후보자나 유호자가 되려는 사람은 선거 구밍이나 선거군 내 단체 중에 기부 행위를 할 것 없다.
p04_u31,p04,ce10.0,공직선거법에 따르면 후보자나 후보자나 대략하는 사람은 선거금임이나 선거금 내 단체 등의 기부 행위를 할 수 없다.
p04_u32,p04,taps,앞서 경찰은 문군수가 평소 다니던 교회를 통함해 다른 조회에 100만 원은 헌금을 한 것으로 보고 선거법 이반 혐의로 입건했다.
p04_u32,p04,ce0.0,앞서 경찰은 문군수가 평소 다니던 교회를 포함해 다른 조회에 등만원은 헌듬을 하는 것으로 보고 헌 것법 이반 혐의로 웃고 했다.
p04_u32,p04,ce0.1,앞서 경찰은 문군수가 평소 다니던 조회를 포함해 다른 조회 등만원은 헌금을 한 것으로 보고 선거법 이반 혐의로 입건했다.
p04_u32,p04,ce0.5,앞서 경찰은 문군수가 평소 다니던 교회를 포함해 다른 교회에 100만 원을 환경을 하는 것으로 보고 선거법 이반 혐의로 입건했다.
p04_u32,p04,ce1.0,앞서 경찰은 윤근수가 경소 다니던 교회를 포함해 다른 교회에 100만 원의 현금을 산인 것으로 보고 선거법 이반 혐의로 입건했다.
p04_u32,p04,ce2.0,앞서 경찰은 윤근수가 경소 다리던 교회를 포함해 다른 교회에 100만 원의 권금을 산 것으로 보고 선거법 이반 혐의로 입원했다.
p04_u32,p04,ce5.0,앞서 경찰은 문군수가 경소당이던 교회를 포함해 다른 교회에 100만 원은 환금을 하는 것으로 보고 선거법 위반 혐의로 입원했다.
p04_u32,p04,ce10.0,앞서 경찰은 운전수가 평소 다니던 교회를 포함해 다른 교회의 100만 원을 환경을 한 것으로 보고 선거법 위반 혐의로 입건했다.
p04_u33,p04,taps,경찰은 한 거군의 교회 여러 곳에 돈을 기부한 행운은 통상적인 헌듬으로 보기 어렵다며 검찰에 송치했다.
p04_u33,p04,ce0.0,경찰은 환거구원의 교회 여러 곳에 돈을 기부하는 것은 통상적인 환금으로 보기 어렵다며 검찰의 성취했다.
p04_u33,p04,ce0.1,경찰은 환거구원의 교회 여러 곳에 돈을 기부한 행운은 통상적인 환규모로 보기 어렵다며 검찰에 통치했다.
p04_u33,p04,ce0.5,경찰은 헌커풤 내 교회 여러 곳에 돈을 집어하는 의원은 통상적인 헌규므로 보기 어렵다며 검찰에 송치했다.
p04_u33,p04,ce1.0,강찰은 현격 후 내 교회 여러 곳에 돈을 기부한 행위는 통상적인 환규모로 보기 어렵다며 검찰의 정치했다.
p04_u33,p04,ce2.0,경찰은 헌컥군의 교회 여러 곳에 돈을 기반 행위는 통창적인 환규모로 보기 어렵다며 검찰에 송치했다.
p04_u33,p04,ce5.0,경찰은 헌커호 내 교회 여러 곳에 돈을 기반 행위는 통상적인 헌금으로 보기 어렵다며 검찰에 통치했다.
p04_u33,p04,ce10.0,경찰은 선거구 내 교회 여러 곳에 돈을 기반하기는 통상적인 함금으로 보기 어렵다며 검찰에 통치했다.
p04_u34,p04,taps,검찰은 추가 조사를 벌여 운 군수가 자신의 단이던 도움을 제외한 내 곳을 교회에 50만 원을 헌그만 것을 파악했다.
p04_u34,p04,ce0.0,검찰은 추가 조사를 벌여 운둔수가 자신의 다녔던 부위를 제외한 내 곳을 교회해 50만 원을 헌끄만 것을 파악했다.
p04_u34,p04,ce0.1,검찰은 추가 조사를 벌여 문군수가 자신의 단어든 구회를 제외한 내고식 기울에 50만 원을 헌그만 것을 파악했다.
p04_u34,p04,ce0.5,검찰은 추가 조사를 거려 은군수가 자신이 다니던 교회를 제외한 내고수 교회의 50만 원을 헌그만 것을 파악했다.
p04_u34,p04,ce1.0,검찰은 추가 조사를 벌여 문군수가 자신이 단했던 교회를 제외한 내 곳을 교회에 50만 원을 헌그만 것을 파악했다.
p04_u34,p04,ce2.0,검찰은 추가 조사를 벌여 윤군수가 자신의 당했던 기회를 제외한 내 곳이 교회에 고심만원을 원구만 것을 부사하겠다.
p04_u34,p04,ce5.0,검찰은 추가 조사를 벌여 운군수가 자신이 다닛던 금위를 제외한 내 곳을 교회에 50만 원을 헌구만 거 절프하겠다.
p04_u34,p04,ce10.0,검찰은 추가 조사를 벌여 문군수가 자신이 다니던 교회를 제외한 내 곳을 교회에 50만 원을 선구만 것을 파악했다.
p04_u35,p04,taps,검찰 관계자는 분근술을 공직 반갑법상 기부 행위에 불구속 기소했다 고 말했다
p04_u35,p04,ce0.0,검찰 관계자는 분근술을 공직 탄갑법장 기부 행위에 불구석 기소했다 고 말했다
p04_u35,p04,ce0.1,검찰 관계자는 분근술을 공직 반갑법상 기부 행위에 불구석 기소했다 고 말했다
p04_u35,p04,ce0.5,검찰 관계자는 문군술을 봉직 반갑법당 기부 행위에 불구속 기소했다 고 말했다
p04_u35,p04,ce1.0,검찰 관계자는 분근술을 공직한 것 법당 기부 행위로 불구석 기소했다 고 말했다
p04_u35,p04,ce2.0,검찰 관계자는 붉은수를 공직한 것 법장 기부 행위로 불구석 기소했다 고 말했다
p04_u35,p04,ce5.0,검찰 관계자는 분근술을 공격한 것 법당 기후행이로 불구석 기소했다 고 말했다
p04_u35,p04,ce10.0,검찰 관계자는 분근술을 공직 탄갑법상 기부 행위로 불구석 기소했다 고 말했다
p04_u36,p04,taps,두 차장에서 사이드미러가 접히지 않은 차량만 골라서 근품들을 훔친 30대 남덩이 경찰에 굿잡혔다.
p04_u36,p04,ce0.0,두 차장에서 사이드미러가 접히지 않은 차량만 골라서 금불들을 뭉친 30대 남덩이 경찰에 굿잡혔다.
p04_u36,p04,ce0.1,주차장에서 사이드미러가 접히지 않은 차량만 골라서 금품등을 뭉친 30대 남방국 경찰에 굳잡혔다.
p04_u36,p04,ce0.5,두 차장에서 나이드미러가 접히지 않은 차량만 골라서 금품등을 훔친 30대 남성이 경찰에 굿잡혔다.
p04_u36,p04,ce1.0,조차장에서 라이드미러가 접히지 않은 차량 많이 골라서 금품들 훔친 30대 남성이 경찰에 굽잡혔다.
p04_u36,p04,ce2.0,2차장에서 나이드미러가 접히지 않은 차량만 골라서 근품들 후진 30대 남덩이 경찰에 굽잡혔다.
p04_u36,p04,ce5.0,두 차장에서 사이드미러가 접히지 않은 차량만 골라서 금붕둥을 움직인 30대 남성이 경찰을 붙잡혔다.
p04_u36,p04,ce10.0,주차장에서 딸금이로가 접히지 않은 차량만 골라서 금뿐 등을 훔친 30대 남성이 경찰에 곧잡혔다.
p04_u37,p04,taps,21일 경찰에 따르면 더울 동함 경탈서는 야간 건조물 침입 절통함으로 30대 남성 age를 순한 16일 구속해 조사하고 있다.
p04_u37,p04,ce0.0,22일 경찰에 따르면 서울 동함 경찰서는 야간 권조물 침입 절
p04_u37,p04,ce0.1,이 11일 경찰에 따르면 저울동함 경달선은 야간 건조물 춤미철도 혐의로 30대 남성 A 씨를
p04_u37,p04,ce0.5,이 GBD를 경찰에 따르면 서울 동함 경탈단은 야간 권조물 취미절도 현위로 30대 남성 AC를 지난 16일 구속해 좁아하고 있다.
p04_u37,p04,ce1.0,21일 경찰에 따르면 서울동안경찰서는 약간 권조물 주립 절토샵이로 30대 남성 AG를 지난 16일 구속해 조사하고 있다.
p04_u37,p04,ce2.0,이 11일 경찰에 따르면 서울 동함 경찰서는 약간 권조물 춤밑 절도샘으로 30대 남성 AC를 주단 16일 구속해 조사하고 있다.
p04_u37,p04,ce5.0,21일 경찰에 따르면 저흘 동함 경찰던은 약간 권조물 추미철도샘으로 30대 남성 AZ를 순한 16일 구속해 주사하고 있다.
p04_u37,p04,ce10.0,22일 경찰에 따르면 서울 종합경찰터는 약간 권조물 추미절도 혐의로 30대 남성 AP를 지난 16일 구속해 주사하고 있다.
p04_u38,p04,taps,베이시는 난달 27일 다정계 성북구 장의룡어오면 산 아파트 기아주차장어 바이든 미러가 접히지 않은 촬영을 골라 군품등을 훔친 혐의를 받는다
p04_u38,p04,ce0.0,"베이시는 지산달 27일 다정대, 성북구 장의동을 음면 산 아파트 지아주차당을 딸드 미러가 접히지 않은 차량을 골라 군풍 등을 품친 혐의를 받는다."
p04_u38,p04,ce0.1,베이스는 지난달 27일 자정계 성북구 장의동원은 한 아파트 지아주차장은 빨금 이러가 접히지 않은 촬영을 돌라 군품등을 흉춘 혐의를 받는다.
p04_u38,p04,ce0.5,베이씨은 지난달 27일 다정계 성북구 장의정의는 한 아파트 지하 주차장을 사이든 미러가 접히지 않은 촬영을 몰라 금품 등을 훔친 혐의를 받는다
p04_u38,p04,ce1.0,베이시는 3달 27일 자정계 성북구 장의동은 산 아파트티아 주차장에 사이드미러가 접히지 않은 촬영을 골라 금품 등을 훔친 혐의를 받는다.
p04_u38,p04,ce2.0,베이씨은 지난달 27일 자정께 성북구 장의정은 있는 한 아파트 디아주 자장어 사이드미러가 접히지 않은 촬영을 골라 금품 등을 시물진 혐의를 받는다
p04_u38,p04,ce5.0,베이징은 난달 27일 자정계 성북구 장의동에 있는 산 낙파트 기아주 표정에 사이금위러가 접히지 않은 차량을 골라 금풍 등을 흉친 혐의를 받는다.
p04_u38,p04,ce10.0,베이스는 지난달 27일 자정계 성북구 장의동에 있는 산 아파트 디아주 자장에 바이든 미러가 접히지 않은 차량을 골라 금풍 등을 훔친 혐의를 받는다.
p04_u39,p04,taps,베이시는 일부 차량에서 문이 잠겨있지 않으면 사이드리러가 잡혀있지 않다는 점을 알고 이러한 차량만 골라서 범행한 것으로 서사됐다
p04_u39,p04,ce0.0,데이시는 일부 차량에서 문이 잠겨있지 않으면 사이드미러가 잡혀있지 않다는 점을 알고 이러한 차량만 골라서 범행한 것으로 소사됐다
p04_u39,p04,ce0.1,베이스는 일부 차량에서 문이 잠겨있지 않으면 사이드미러가 접혀있지 않다는 점을 알고 이러한 차량만 골라서 범행한 것으로 조사했다.
p04_u39,p04,ce0.5,베이스는 일부 차량 더 문이 잠겨있지 않으면 사이드미러가 접혀있지 않다는 점을 알고 이러한 차량만 골라서 범행한 것으로 접하듯다
p04_u39,p04,ce1.0,베이스는 일부 촬영에서 문이 잠겨있지 않으면 사이드미러가 잡혀있지 않다는 점을 알고 이러한 촬영만 골라서 범행한 것으로 조사됐다.
p04_u39,p04,ce2.0,베이스는 일부 차량에서 문이 잠겨있지 않으면 사이드미러가 접혀있지 않다는 점을 알고 이러한 차량만 굴러서 범행한 것으로 소사졌다
p04_u39,p04,ce5.0,베이스는 일부 차량에서 문이 담겨있지 않으면 사이드미러가 접혀있지 않다는 점을 알고 이러한 차량만 굴러서 범행한 것으로 조사됐다
p04_u39,p04,ce10.0,베이스는 일부 차량에서 문이 잠겨있지 않으면 사이드미러가 접혀있지 않다는 점을 알고 이러한 차량만 굴러서 범행한 것으로 소사됐다
p04_u40,p04,taps,그는 이런 수법으로 모두 다섯 차례에 걸쳐 총 3800만 원 상당을 분품을 절 또한 것으로 파악됐다.
p04_u40,p04,ce0.0,그는 이런 수법으로 모두 다섯 차례에 걸쳐 총 3800여 만원 상당을 분품을 절 또한 것으로 파악됐다.
p04_u40,p04,ce0.1,그는 이런 수법으로 모두 다섯 차례에 걸쳐 총 3800여 만원 상당을 분품을 절도한 것으로 봐압됐다.
p04_u40,p04,ce0.5,그는 이런 수법으로 모두 다섯 차례에 걸쳐 총 3800여 만원 상당의 긴품을 절도한 것으로 파악됐다.
p04_u40,p04,ce1.0,그는 이건 숙법으로 모두 다섯 차례에 걸쳐 총 3800여 만원 상당의 김품을 절도한 것으로 가압됐다.
p04_u40,p04,ce2.0,"그는 이런 수법으로 모두 다섯 차례에 걸쳐, 총 3800여 만원 상당의 군품을 절도한 것으로 파악됐다."
p04_u40,p04,ce5.0,그는 이런 수법으로 모두 다섯 차례에 걸쳐 총 3800여 만원 성당을 금품을 절도한 것으로 파악됐다.
p04_u40,p04,ce10.0,그는 이런 수법으로 모두 다섯 차례 걸쳐 총 3800여 만원 상당을 금품을 절도한 것으로 박됐다.
p04_u41,p04,taps,에이씨은 경찰 조사에서 미질갑기의 절도를 했다 는 지지로 진술한 것으로 알려졌다
p04_u41,p04,ce0.0,에이씨은 경찰 조사에서 미질갑기위에 절도를 했다 는 지시로 진술한 것으로 알려졌다.
p04_u41,p04,ce0.1,에이치는 강살 조사에서 미술밥기의 절도를 했다 면 치시로 진술한 것으로 알려졌다
p04_u41,p04,ce0.5,A 씨는 경패조사에서 비실받기의 절도를 했다. 눈치시로 진술한 것으로 알려졌다.
p04_u41,p04,ce1.0,베이씨은 경찰 조사에서 미질갑기위에 절터를 했다 는 취지로 진술한 것으로 알려졌다.
p04_u41,p04,ce2.0,베이시는 경찰 조사에서 빚을 갚기의 절도를 했다. 눈치지로 진술한 것으로 알려졌다.
p04_u41,p04,ce5.0,"베이징은 경찰 조사에서 빚을 갚기의 절도를 했다, 눈치 뒤로 진술한 것으로 알려갔다."
p04_u41,p04,ce10.0,베이징은 경찰 조사에서 빚을 갚기 위해 절도를 했다 면 취기로 진술한 것으로 알려졌다
p04_u42,p04,taps,당찰 관계자는 구체적인 범행 경위는 수사 중이라며 이번 주 안에 검찰에 통치할 예정이라고 말했다.
p04_u42,p04,ce0.0,당찰 관계자는 구체적인 번행 경위는 수사 중이라며 이번 주 안에 검찰에 통치할 예정이라고 말했다.
p04_u42,p04,ce0.1,경찰 관계자는 구체적인 범행 경우는 수사 중이라며 이번 주 안에 검찰의 통찰의 예정이라고 말했다.
p04_u42,p04,ce0.5,경찰 관계자는 구체적인 범행경위는 수사 중이라며 이번 주 안에 검찰에 통치할 예정이라고 말했다.
p04_u42,p04,ce1.0,경찰 관계자는 구체적인 범행 경위는 수사 중이라며 이번 주 안에 검찰의 성찰 예정이라고 말했다.
p04_u42,p04,ce2.0,경찰 관계자는 구체적인 범행 경위는 수사 중이라며 이번 주 안에 검찰의 통찰 예정이라고 말했다.
p04_u42,p04,ce5.0,경찰 관계자는 구체적인 범행 경위는 수사 중이라며 이번 주 안에 검찰의 송치할 예정이라고 말했다.
p04_u42,p04,ce10.0,경찰 관계자는 구체적인 범행 경위는 수사 중이라며 이번 주 안에 검찰의 성취할 예정이라고 말했다.
p04_u43,p04,taps,40년 만에 덥친 급격한 물가 장성세를 누구러뜨리기 위해 미국 중앙은행인 연방 김비재 도가 기준군 미인 상속도를 높일 가능성이 더 커졌다.
p04_u43,p04,ce0.0,40년 만에 덧친 급격한 물가 상승세를 눕어드리고 이에 미국 중앙은행인 연방준비세도가 뒤중군 미인 상속도를 높길 가능성이 더 커졌다.
p04_u43,p04,ce0.1,40년 만에 덮친 급격한 물가 장성세를 누구려드리기 위해 무급 종항은행인 연방준비세도가 비준금미인 상속도를 높일 가능성 더 퍼졌다.
p04_u43,p04,ce0.5,40년 만에 덮친 격격한 물가 장성세를 누굴하더리기 위해 미국 중앙행인 연방준비제도가 기준근미인 상탑도를 높일 가능성이 더 커졌다.
p04_u43,p04,ce1.0,40년 만에 덮친 급격한 물가 장생세를 눕어드리기 위해 미국 중앙은행인 연방진비세토가 기준근리인 상속도를 높길 가능성이 적혀졌다.
p04_u43,p04,ce2.0,40년 만에 덮친 격격한 물과 장승제를 눕어드리기 위해 미국 중앙은행인 연방준비제도과 기준군이 인상 속도를 높일 가능성이 더 커졌다.
p04_u43,p04,ce5.0,40년 만에 덮친 급격한 물가 장성세를 누구려드리기 위해 미국 중앙은행인 연방 준비세도가 기준근니인 창속도를 높일 가능성이 더 커졌다.
p04_u43,p04,ce10.0,40년 만에 답진 극격한 물과 상승세를 누구려드리기 위해 미국 중앙은행인 연방 기비세도과 기준근위인 상속도를 높일 가능성이 더 커졌다.
p04_u44,p04,taps,"코로나 사태의 우, 제로로 묶어둔 기준급니가 급격하게 상상될 경우 주식, 부동산 등 초저급니 우동음을 받았던 차산시장 커픔이 꺼질 수 있다."
p04_u44,p04,ce0.0,"코로나 사태우, 제로로 묶어든 기둥금위가 급격하게 영상될 경우 주식, 부동산 등 초저금 이후 도움을 받았던 차산시장 거품이 꺼질 수 있다."
p04_u44,p04,ce0.1,"코로나 자폐 이후 제로로 묶어둔 기준금위가 급격하게 상상될 경우 주식, 구동산둥, 초저금유 도움을 받았던 차산시장 거품을 꺼질 수 있다."
p04_u44,p04,ce0.5,코로나 다폐 이 제로로 묵거리는 긴급니가 급격하게 의상될 경우 주식 부동산 등 초적 금리에 도움을 받았던 차산시장 법품이 꺼질 수 있다.
p04_u44,p04,ce1.0,코로나 사태 이후 제로 로봇고른 기준금니가 겹격하게 인상될 경우 주식 부동산 등 초저금니 도움을 받았던 차산시장 격품이 꺼질 수 있다.
p04_u44,p04,ce2.0,"코로나 자태의 제로 너무 묶어둔 기준금리가 급격하게 영상될 경우 주식, 부동산 등 초저금리의 도움을 받았던 차산시장 법품을 꺼질 수 있다."
p04_u44,p04,ce5.0,"코로나 사태 이후 새로 묶어둔 기준금위가 급격하게 형상될 경우 주식, 부동산 등 초저금위에 도움을 받았던 차산시장 거품을 꺼질 수 있다."
p04_u44,p04,ce10.0,코로나 사태의 세로로 묶어둔 기준금니가 급격하게 의상될 경우 주식 부동산 등 초저급니의 도움을 받았던 차산시장 거품이 꺼질 수 있다.
p04_u45,p04,taps,"이 국도 동부가 이런 물가 급등을 발표한 11, 2층시 3배 질서는 1제히 하라겠다."
p04_u45,p04,ce0.0,이 북도 동북아 이런 물가 급등을 발표한 11 이 증시 3대 지소는 1제이 하락했다.
p04_u45,p04,ce0.1,"이 북 노동부가 이런 물가 적등을 발표한 11, 2층시 3대 지소는 1테이 하라겠다."
p04_u45,p04,ce0.5,미국 노동부가 이런 물가 급등을 발표한 시길 2층시 3대 비서는 일제히 하라겠다.
p04_u45,p04,ce1.0,"이북도 동북아 이런 물가 접종을 발표한 11, 2중시 3대 뒤에서는 1테이하라겠다."
p04_u45,p04,ce2.0,미국 노동부가 이런 물가 극등을 발표한 11 이 증용시 잠대주소는 1테이하라겠다.
p04_u45,p04,ce5.0,유극도 동북과 이런 물가 극등을 발표한 11일 중시 3대 진서는 1테이 하라겠다.
p04_u45,p04,ce10.0,미국 노동부가 이런 물과 극등을 발표한 17일 이 증시 3배 뒤서는 일제히
p04_u46,p04,taps,낯딱 기수는 2.1% 추락했고 SM-500 기소와 다우 평균은 각각 1.8% 1.5% 내려갔다
p04_u46,p04,ce0.0,낯딱 지수는 2.1% 푸락 갖고 SMQ 500 지수와 다우 평균은 각각 1.8% 1.5% 내려갔다.
p04_u46,p04,ce0.1,낯딱 기수는 2.1% 추락했고 SM500 기수와 다우 평균은 각각 1.8% 1.5% 내려갔다.
p04_u46,p04,ce0.5,나 딱 비수는 2.1% 추락했고 SMQ 500 기소와 다우 평균은 각각 1.8% 1.5% 내려갔다
p04_u46,p04,ce1.0,낮 딱 기수는 2.1% 추락했고 SMK 500 기수와 다우 평균은 각각 1.8% 1.5% 내려갔다
p04_u46,p04,ce2.0,나 딱 비수는 2.1% 추락했고 SMQ 500 기수와 다우 평균은 각각 1.8% 1.5% 내려갔다
p04_u46,p04,ce5.0,나 딱 비수는 2.1% 추락했고 SMQ 500 기소와 다우 평균은 가끔 1.8% 1.5% 내려갔다.
p04_u46,p04,ce10.0,나 딱 비수는 2.1% 추락했고 SMQ 500 기소와 다우 평균은 각각 1.8% 1.5% 내려갔다
p04_u47,p04,taps,조 바이든 이국 대통령은 이날 국민의 밥당까지 물가의 압박을 받을 정도로 인플레이션 문재가 심각하라면서 정부는 가능한 소단을 모두 동원하겠다고 했다.
p04_u47,p04,ce0.0,조 바이든 이중 대통령은 이날 국림의 밥당까지 물가의 압박을 받을 정도로 인틀레이션 문제가 심각탈하면서 정부는 가능한 소단을 모두 동원하겠다 고였다.
p04_u47,p04,ce0.1,조우 바이든 이북 대통령은 이날 국민의 밥상까지 물가의 앱박을 받을 정도로 인플레이션 문제가 심각하라면서 정부는 가능한 소단을 모두 동원하겠다 고였다.
p04_u47,p04,ce0.5,조 바이든 미국 대통령은 이날 국민의 밥상까지 물가의 앱박을 받을 정도로 인플레이션 문제가 심각하라면서 정부는 가능한 소단을 모두 동원하겠다 고했다.
p04_u47,p04,ce1.0,조우 바이든 리뷰 대통령은 이날 국림의 밥상까지 물가의 앱박을 받을 정도로 인퇴레이션 문제가 심각하다면서 정부는 가능한 소단을 모두 동원하겠다고 했다.
p04_u47,p04,ce2.0,조 바이든 이국 대통령은 이날 국민의 밥상까지 물가의 압박을 받을 정도로 인플레이션 문제가 심각하다면서 정부는 가능한 소단을 모두 동원하겠다 고행했다.
p04_u47,p04,ce5.0,조호 바이든 미국 대통령은 이날 국민의 밥당까지 물가의 앱박을 받을 정도로 인플레이션 문대가 심각하다면서 정부는 가능한 소단을 모두 동원하겠다. 고맙다.
p04_u47,p04,ce10.0,조 바이든 미국 대통령은 이날 국민의 밥상까지 물가의 앱박을 받을 정도로 인플레이션 문재가 심각하라면서 정부는 가능한 수다는 모두 정원하겠다 고렙다
p04_u48,p04,taps,보그잠 밀가가 면준 목체츄를 굽여 웃도는 상황이 10개월 넘고 이어지면서 면준이 5회 6에서 7차례 이른끄미를 인상할 것이라는 예상에 무게가 들리고 있다.
p04_u48,p04,ce0.0,소부장률가가 연준 묵쳐치를 크게 웃도는 상황이 10개월 넘 또 이어지면서 연준이 5회 6에서 7차례 기준금리를 인상할 것이라는 예상에 무게가 들리고 웃다
p04_u48,p04,ce0.1,도비 잡는 효과가 연준 목적출을 쿨해 웃도는 상황이 10개월 넘게 이어지면서 연준이 오해 6에서 7차례 비전금리를 인탕할 것이라는게 상하여 무게가 질리고 웃다
p04_u48,p04,ce0.5,소비자물과가 연준 목표치를 크게 웃도는 상황이 10개월 넘게 이어지면서 연준이 5회 6에서 7차례 비준급리를 인상할 것이라는 예상에 공개가 들리고 있다.
p04_u48,p04,ce1.0,고비자물과가 연준욱 그치를 크게 웃도는 상황이 집 배월 넘게 이어지면서 연준이 5회 6에서 7차례 기준급리를 인상할 것이라는 예상에 무게가 질리고 있다.
p04_u48,p04,ce2.0,소비자물과가 연준 목표를 크게 웃도는 상황이 10개월 넘게 이어지면서 연준이 5회 6에서 7차례 기준급 일을 인사할 것이라는 예상에 무게가 들리고 있다
p04_u48,p04,ce5.0,소비자물과가 연준 목터치를 크게 웃돈한 상황이 10개월 넘게 이어지면서 연준이 5회 6에서 7차례 비준금리를 인사할 것이라는 예상에 무게가 빌리고 있다.
p04_u48,p04,ce10.0,소비자물과가 연준 목표출을 크게 웃돈한 상황이 10개월 넘게 이어지면서 연준이 오해 6에서 7차례 기준급미를 민타할 것이라는 예상에 2개가 준리고 있다
p04_u49,p04,taps,연 0% 수준임이 기준급류가 올해 말 1.5% 이상으로 높아질 수 있다는 것이다.
p04_u49,p04,ce0.0,연스 0% 수준인이 기준급류가 올해 말 1.5% 이상으로 높아질 수 있다는 것이다.
p04_u49,p04,ce0.1,연 0% 수준인 기준금유가 1.5% 이상으로 높아질 수 있다는 것 같다.
p04_u49,p04,ce0.5,연 0% 수준에는 기분금유가 올해 말 1.5% 이상으로 높아질 수 있다는 거였다.
p04_u49,p04,ce1.0,연 0% 수준인이 기준금리가 올해 말 1.5% 이상으로 높아질 수 있다는 거였다.
p04_u49,p04,ce2.0,연 0% 수준에는 이 기준군요가 올해 말 1.5% 이상으로 높아질 수 있다는 것 같다.
p04_u49,p04,ce5.0,연 0% 수준에는 기준금리가 올해 말 1.5% 이상으로 높아질 수 있다는 거였다.
p04_u49,p04,ce10.0,면 0% 수준에는 기준금리가 올해 말 1.5% 이상으로 높아질 수 있다는 것이다.
p04_u50,p04,taps,기준금리가 인상되면 이 당금리가 오르면서 대출이자 부담 중과 등 경계 전체 영향을 미치게 된다.
p04_u50,p04,ce0.0,기준금리가 인상되면 시당금리가 오르면서 대출이자 부담 중 같은 경제전체의 영향을 놓치게 된다.
p04_u50,p04,ce0.1,기순금리가 인상되면 기단금리가 오르면서 대출이자 부담 중과 등 경제 전체 영향을 미치게 된다.
p04_u50,p04,ce0.5,기분금리가 인상되면 이 당금리가 오르면서 대출이자 부담 중과 등 경제전체 영향을 미치게 된다.
p04_u50,p04,ce1.0,기준금리가 인상되면 기단금리가 오르면서 대출이자 부담 중과 등 경제 전체 영향을 미치게 된다.
p04_u50,p04,ce2.0,기준금리가 인상되면 지당금리가 오르면서 대출이자 부담 중과 등 경제전체 영향을 입킬게 된다.
p04_u50,p04,ce5.0,기근금리가 인상되면 시장금리가 오르면서 대출이자 부담 중과 등 경제전 최영향을 루키게 된다.
p04_u50,p04,ce10.0,기준금리가 흰상되면 시장금리가 오르면서 대출이자 부담 중과 등 경제 전체 영향을 위치해야 된다.
p04_u51,p04,taps,이런 우려로 지비를 공례 지식지장도 코스피가 0.9% 코스피 딱 지수는 2.0% 알았겠다.
p04_u51,p04,ce0.0,이런 우려로 지비를 공내 주식 지장도 코스피가 정정 9% 코스피 딱 지수는 2.0% 알았겠다
p04_u51,p04,ce0.1,이런 우려로 11일 공례 주식지장도 코스피가 0.9% 코스피스는 2.0% 알았겠다
p04_u51,p04,ce0.5,이런 우려로 비빔들 공매 주식지장도 코스피가 0.9% 코스피스는 2.0% 알았겠다
p04_u51,p04,ce1.0,이런 우려로 GBB를 공매 주식시장도 코스피가 0.9% 코스피 딱 기수는 2.0% 알았겠다.
p04_u51,p04,ce2.0,"이런 우려로 11일 공략 주식시장도 코스피가 0.9%, 코스피스는 2.0% 알았겠다."
p04_u51,p04,ce5.0,이런 우려로 111 공내 주택시장도 코스피가 0.9% 코스피 딱 기수는 2.0% 알았겠다.
p04_u51,p04,ce10.0,이런 우려로 12v 공내 주식 시장도 코스피가 0.9% 코스피가 기수는 2.0% 알았겠다.
p04_u52,p04,taps,"J.S.블러드, 메인트리즈, 연방, 중기윤행, 총교는 이날 오늘 도부점을과 결과를 본 후 나의 매파 상향이 극적으로 강해졌다."
p04_u52,p04,ce0.0,"J.S.블러드, 레인트리스, 연방, 준비유능, 총재는 이날 오늘 소비전물과 결과를 본 후 나의 맵 파상향이 극적으로 강해졌다."
p04_u52,p04,ce0.1,"James Blood, Naintress, 연방중기윤행 총재는 이날 오늘 소비점을과 결과를 본 후 나의 맵 파상향이 극적으로 강해졌다."
p04_u52,p04,ce0.5,게임스 블럿 레인트리스 연방 중균행 총재는 이날 오늘 돕이점을과 결과를 본 후 나의 맵 파상향이 극적으로 강해졌다
p04_u52,p04,ce1.0,"제인스플라트, 메인트리스, 연방, 준비원행이 총재는 이날 오늘 도비 점을과 결과를 본 후 나의 매파 상향이 극적으로 강해졌다."
p04_u52,p04,ce2.0,"제니스 블러트, 레인트로이스, 연방, 준기윤행, 청재는 이날 오늘 소비점을과 결과를 본 후 나의 맵 파상향이 극적으로 강해졌다."
p04_u52,p04,ce5.0,"게임스플러트, 메인트리스, 연방, 중기윤행, 종교는 이날 오늘 도비장 물과 결과를 본 후 나이 매파 상향이 극적으로 방해졌다"
p04_u52,p04,ce10.0,"James Blood, Lentris, 연방, 준규, 은행, 종제는 이날 오늘 소비점을과 결과를 본 후 나의 매파 상향이 극적으로 강해졌다"
p04_u53,p04,taps,연준이 오늘 7월까지 기둥금리를 1% 포인트는 오히려야 한다고 생각한다. 고했다.
p04_u53,p04,ce0.0,연준이 5는 7월까지 뒷은금리를 1% 콘텐츠는 올려야 한다고 생각한다. 고했다.
p04_u53,p04,ce0.1,연준이 오면 7월까지 웃기지는 금리를 1%포인트는 올려야 한다고 생각한다. 고했다.
p04_u53,p04,ce0.5,연준이 오늘 7월까지 기준급 1% 포인트는 올려야 한다고 생각한다. 고했다.
p04_u53,p04,ce1.0,연준이 5.7월까지 기준금 1% 포인트는 올려야 한다고 생각한다. 고했다.
p04_u53,p04,ce2.0,연준이 응원 7월까지 기준급 1% 코인트는 올려야 한다고 생각한다. 고했다.
p04_u53,p04,ce5.0,연준인 원원 7월까지 기승금 1%포인트는 올려야 한다고 생각한다 고했다
p04_u53,p04,ce10.0,연준인 공원출할까지 기준급률 1% 포인트는 올려야 한다고 생각한다. 고했다.
p04_u54,p04,taps,그는 연준이 정올의 회의 이외 비상회의를 토집해야 할 상황이라고 주장했다.
p04_u54,p04,ce0.0,그는 연준이 정례회의 이외 비상회의를 토집해야 할 상황이라고 주장했다.
p04_u54,p04,ce0.1,그는 연중유 정원회회의 이외 투장회의를 소집해야 할 상황이라고 주장했다.
p04_u54,p04,ce0.5,그는 연준이 정리회의 이외 비상회의를 토집해야 할 상황이라고 주장했다.
p04_u54,p04,ce1.0,그는 연준이 정은의 회의 이외 비상 회의를 토집해야 할 상황이라고 지장했다.
p04_u54,p04,ce2.0,그는 연준이 정의회의의 비상회의를 조재패할 상황이라고 주장했다.
p04_u54,p04,ce5.0,그는 연준이 정은혜회의 비상회의를 도재패할 당황이라고 주장했다.
p04_u54,p04,ce10.0,그는 연준이 정례회의 이외 부상회의를 토재패할 상황이라고 주장했다.
p04_u55,p04,taps,골프 여제 박세리가 엘지전자 이 꿈 키우 방탈출 카페를 찾아 방탈출 게임을 즐겼다고 엘지전자가 11밟혔다
p04_u55,p04,ce0.0,골프 여제 박세리가 엘지전자 이 꿈티우 방탈출 카페를 찾아 방탈출 게임을 즐겼다고 엘지전자가 십을 밝혔다
p04_u55,p04,ce0.1,골프 여제 박세리가 엘지전자 이 꿈큐 방탈출 화폐를 찾아 방탈출 게임을 즐겼다고 엘지전자 가습일 밝혔다
p04_u55,p04,ce0.5,골프협의 박페리가 LG전자의 뚱뚱 방탈출 파패를 찾아 방탈출 게임을 즐겼다고 LG전자 과시비를 밝혔다.
p04_u55,p04,ce1.0,골프 여제 박쇄리가 일지전자의 끙큐 방탈출 각태를 찾아 방탈출 게임을 즐겼다고 일지전자 가식을 밝혔다.
p04_u55,p04,ce2.0,골프 여제 박세리가 엘지전자의 끈큐 방탈출 카페를 찾아 방탈출 게임을 즐겼다고 엘지전자가 11발켰다
p04_u55,p04,ce5.0,골프 여제 박세리가 낼지전자 이 뚱뚱 방탈출 카페를 찾아 방탈출 게임을 즐겼다고 외지전자 가시비를 밝혔다
p04_u55,p04,ce10.0,골프 여제 박세리가 엘지전자의 똥키우 방탈출 카페를 찾아 방탈출 게임을 즐겼다고 엘지전자 과시비를 밝혔다.
p04_u56,p04,taps,싱큐 방탈출 카페는 L시전자의 스마트온 블랙 고민 싱쥬 앱의 지우 기능과 방탈출 게임 콘셉트를 전목해 마련한 고칩 문학 체험 공간이다.
p04_u56,p04,ce0.0,싱큐 방탈출 카페는 L시전자의 스마트웜 블랙 고민 싱쥬 앱의 지우 기능과 방탈출구인 콘셉트를 접목해 마련한 고칩 문학 체험 공간입니다.
p04_u56,p04,ce0.1,싱큐 방팔출 카페는 L시 잔자의 스마트웜 블랙범인 싱큐 앱의 주요 기능과 방팔출 게임 콘셉트를 전목해 마련한 복합 문학 체험 공간입니다.
p04_u56,p04,ce0.5,싱키 방탈출 갚에는 L시전자의 스마트웜 블랙 범인 싱키 앱의 주요 기능과 방탈출 게임 콘셉트를 전목해 마련한 복합 문학 체험 공간이다.
p04_u56,p04,ce1.0,싱큐 방탈출 갚에는 L시전자의 스마트원 블랙폼인 싱큐 앱의 주우 기능과 방탈출 게임 콘셉트를 전목해 마련한 복합 문학 체험 공간이다.
p04_u56,p04,ce2.0,싱큐 방탈출 카페는 L시전자의 스마트원 블랙 고민 싱큐 앱의 주요 기능과 방탈출 게임 콘셉트를 전목해 마련한 복합 문학 체험 공간이다.
p04_u56,p04,ce5.0,신규 방탈출 카페는 1시 전자일 수많은 블랙 고민 신규 앱의 주요 기능과 방탈출 게임 콘셉트를 전목해 마련한 복합 문학체험 공간입니다.
p04_u56,p04,ce10.0,신규 방탈출 카페는 L시전자의 스마트웜 블랙 고민 신규 앱을 주요 기능과 방탈출 게임 콘셉트를 전목해 마련한 복합 문학체험 공간입니다.
p04_u57,p04,taps,"박세림은 고억, 거실, 터제, 채탁실동, 4개 태어로 소통된 각가고 공간에서 주어진 시간 안에 탈출하기 위해 다양한 미션들을 생염며 동탈출 게임을 주의겼다."
p04_u57,p04,ce0.0,"박세륨은 고억, 거실, 터제, 채탁실동, 4개 탱화로 조성대로 각가고 공간에서 주어진 시간 안에 찰출하기 위해 다양한 미션들을 생염며 당탈출됨을 주의했다."
p04_u57,p04,ce0.1,"박새림은 보어, 거실, 서재, 최탁실둥, 4개 태마로 조성된 각가고 중간에서 주어진 시간 안에 찰출하기 위해 다양한 기션들을 생활하며 당탈출 게임을 즐겼다."
p04_u57,p04,ce0.5,"박세림은 부어, 거실, 퍼재, 재탁실둥, 4개 테마로 조성되는 각각의 공간에서 주어진 시간 안에 탈출하기 위해 다양한 미션들을 수행하며 방탈출 게임을 즐겼다."
p04_u57,p04,ce1.0,"박세림은 부업, 거실, 터재, 재탁실 등 4개테마로 조성되는 각각의 경관에서 주어진 시간 안에 탈출하기 위해 다양한 미션들을 사용하며 방탄출 게임을 즐겼다."
p04_u57,p04,ce2.0,"박새리는 구역, 거실, 초제, 재탁실동, 4개테마로 조성된 각각의 경관에서 주어진 시간 안에 찰출하기 위해 다양한 기전들 수행하며 정탈출 게임을 즐겼다."
p04_u57,p04,ce5.0,"박새리는 부옥, 거실, 서재, 재탁실둥 4개 테마로 조성된 각각의 공간에서 주어진 시간 안에 탈출하기 위해 다양한 미션들을 수행하며 방탈출 게임을 주의했다."
p04_u57,p04,ce10.0,"박세림은 부어, 거실, 소재, 재탁 질 등 4개 탕화로 조성된 각각을 공간에서 추워진 시간 안에 탈출하기 위해 다양한 비전들 수행하며 정탈출 게임을 주의했다."
p04_u58,p04,taps,LG 싱키앱으로 가전을 제어하거나 값정 서브스를 이용하면서 미션을 해결하기 위한 숨겨진 단서들을 획득했다.
p04_u58,p04,ce0.0,LG 싱트웨브로 가전을 제어하거나 각정 서비스를 이용한해서 리치안을 해결하기 위한 승계진 단소들을 협득했다.
p04_u58,p04,ce0.1,LG 싱트웨브로 가전을 제어하거나 값정 서비스를 이용하면서 입장을 해결하기 위한 숨겨진 단소들을 혁대겼다.
p04_u58,p04,ce0.5,LG 신규앱으로 가전을 제거하거나 각정 서비스를 이용하면서 미션을 해결하기 위한 흰겨진 단서들을 흡대겠다.
p04_u58,p04,ce1.0,LG 싱크웨브로 가전을 제어하거나 각정 서비스를 이용하면서 미션을 제결하기 위한 흰겨진 단서들을 색되겠다.
p04_u58,p04,ce2.0,LG 성쾌해부로 과전을 제거하거나 각정 서비스위원회에서 미션을 대결하기 위한 숨겨진 단소들을 벽 되겠다.
p04_u58,p04,ce5.0,LG 신규앱으로 가전을 제어하거나 각정 서비스를 이용하면서 육전을 해결하기 위한 신계진 단소들을 적대했다.
p04_u58,p04,ce10.0,LG 신규 회부로 가전을 제어하거나 각정 서북수를 이용하면서 2차는 발결하기 위한 숨겨진 단서들을 흡대했다.
p04_u59,p04,taps,세탁실 테마 공간에서는 박세리가 코드재로 RQ 로봇 청석위를 LG 신지 앱으로 원격 도정하면서 숨겨진 단서를 찾았다.
p04_u59,p04,ce0.0,세탁실 테마 공간에서는 박세류가 코드재로 R2 로봇 청석위를 LG 싱즈 앱으로 원격 도정하면서 숨겨진 단서를 찾았다.
p04_u59,p04,ce0.1,해탁실 테마 공간에서는 박세리가 코드재로 RQ 로봇 청소기를 LGCQ 앱으로 원격 교정하면서 숨겨진 단선을 찾았다.
p04_u59,p04,ce0.5,혜탁실 테마 공간에서는 박세리가 코드재로 알지 로봇 청소기를 LG 싱기 앱으로 원격 교정하면서 숨겨진 단서를 찾았다.
p04_u59,p04,ce1.0,재탁실 테나 공간에서는 박세리가 코드재로 알큐 로봇 청소기를 LG 싱큐 앱으로 원격 교정하면서 숨겨진 단서를 찾았다.
p04_u59,p04,ce2.0,재탁실 테마 공간에서는 박세리가 코드재로 RQ 로봇 청소귀를 LG 신규 앱으로 원격 교정하면서 숨겨진 단서를 찾았다.
p04_u59,p04,ce5.0,대탁실 테마 공간에서는 각세리가 코드재로 IQ 로봇 청소귀를 LG 신규 앱으로 원격 교정하면서 숨겨진 단서를 찾았다.
p04_u59,p04,ce10.0,세탁실 테마 공간에서는 박세류가 코드재로 IQ 로봇 청소귀를 LG 신규 앱으로 원격 교정하면서 숨겨진 단어를 찾았다.
p04_u60,p04,taps,RTO 노버 청소기는 꼼기우 기능이 있어 제품의 탑재된 카메라를 통해 집안 곳곳을 실시간으로 모니터링 할 수 있는 것이 특징이다.
p04_u60,p04,ce0.0,RQ 노버 청톡이는 꼼기우 기능이 있어 제품의 탑대 등 감애를 통해 집안 곳곳을 실시간으로 모니터링할 수 있는 것이 듭칭니다.
p04_u60,p04,ce0.1,rq 로봇 청독이는 폼규 기능이 있어 제품에 탑대된 감애를 통해 집안 곳곳을 실시간으로 모니터링 할 수 있는 것이 특징이다.
p04_u60,p04,ce0.5,R2 로봇 황토기는 꼼주 기능이 있어 제품에 탑대된 카메라를 통해 집안 곳곳을 실시간으로 모니터링 할 수 있는 것이 특징이다.
p04_u60,p04,ce1.0,RQ 로봇 청소기는 꼼규 기능이 있어 제품에 탑재된 카메라를 통해 집안 곳곳을 실시간으로 모니터링 할 수 있는 것이 특징이다
p04_u60,p04,ce2.0,RQ 로봇 청소기는 꼼규 기능이 있어 제품의 탑재된 감애를 통해 집안 굿곳을 실시간으로 모니터링 할 수 있는 것이 특징입니다
p04_u60,p04,ce5.0,RQ 로봇 황속이는 홈피 기능이 있어 제품에 탑재된 감야를 통해 집안 곳곳을 실시간으로 모니터링 할 수 있는 것이 특징이다
p04_u60,p04,ce10.0,RQ 로봇 청소기는 홈주 기능이 있어 제품의 탑재된 카메라를 종해 주반 곳곳을 실시간으로 모니터링 할 수 있는 것이 특징이다
p04_u61,p04,taps,LG 전자는 이달 7일부터 2집 다일까지 서울성수동에 잊지한 카페 할아버지 공장에서 인기 방탈출 카페를 운영하며 고복들에게 대 UN 경험을 선사한다.
p04_u61,p04,ce0.0,"LG 전자는 이달 7일부터 24일까지 절성수동에 잊지한 카페, 할아버지 공장에서 은퇴우 방탈출 카페를 운영하며 고급들에게 백 UN 경험을 선사한다."
p04_u61,p04,ce0.1,LG 전자는 2달 7일부터 24일까지 절성소동에 잊지한 화폐 할아버지 공장에서 임큐평팔출 화폐를 운영하며 고격들에게 UN 경험을 전사한다.
p04_u61,p04,ce0.5,LG 전자는 이달 7일부터 24일까지의 절성수동에 잊지한 카페 할아버지 공장에서 인킬 방팔출 카페를 운영하며 고객들에게 UN 경험을 선사한다.
p04_u61,p04,ce1.0,"LG 전자는 2달 7일부터 24일까지 더울성수동에 비치한 카페, 할아버지 공장에서 핑크 병탈출 카페를 운영하며 고격들에게 UN 경험을 선사한다."
p04_u61,p04,ce2.0,LG 전자는 2달 7일부터 24일까지의 절성수동에 잊지한 카페 할아버지 공장에서 임큐평 팔출 파패를 운영하며 고객들에게 UN 경험을 선사한다.
p04_u61,p04,ce5.0,"벨지 전자는 2달 7일부터 20달까지 절성수동에 잊지한 카페, 사라버지 공장에서 인킬 방탈출 카페를 운영하며 고객들에게 UN 경험을 선사한다."
p04_u61,p04,ce10.0,"LG 전자는 이달 7일부터 24일까지 절성수동에 위치한 카페, 할아버지 공장에서 윤규성 88출 카페를 운영하며 고객들에게 UN 경험을 선사한다."
p04_u62,p04,taps,LG 전자가 주구하는 F2N 경험은 최고의 2일한 새로운 확신적인 고복 경험을 뜻한다.
p04_u62,p04,ce0.0,LG 전자가 주구하는 F2 UN 정감은 최고의 2일한 새로운 확신적인 고백 경험을 또 건다.
p04_u62,p04,ce0.1,멜시선자가 추구하는 FUN 경험은 최고의 2일한 새로운 확신적인 보급 경험을 듯 한다.
p04_u62,p04,ce0.5,LG 전자가 주구하는 F2N 경험은 최고의 1한 새로운 확신적인 고객 경험을 뜻한다.
p04_u62,p04,ce1.0,멸치 전자가 주구하는 FU UN 경험은 최고의 1위간 새로운 확신적인 고객 경험을
p04_u62,p04,ce2.0,LG 전자가 죽어하는 F2N 경험은 최고의 2일한 새로운 확신적인 고객 경험을 뜻한다.
p04_u62,p04,ce5.0,"멸지전자가 주고하는 FUN 경험은 최고의 위란, 새로운, 확신적인 고객 경험을 뜻한다."
p04_u62,p04,ce10.0,멜시전자가 주고하는 FUN 경험은 최고의 1단 새로운 석진적인 고객 경험을 듣는다.
p04_u63,p04,taps,리가리 법블리카가 외부 전문가 3인으로 구정된 데이터 보고 중법 자문위원회를 출범한다고 식료길 배켰다.
p04_u63,p04,ce0.0,비바리 퍼플리카가 내부 전문가 3인으로 구성된 데이터 보고 중법 자문위원회를 슬방한다고 16일 밝았다.
p04_u63,p04,ce0.1,리바리 버플릭카가 외부 전문가 3인으로 구성된 베이터 보호 중법 자문위원회를 술밤한다고 식료기를 밝았다
p04_u63,p04,ce0.5,비바리 퍼플릭카가 외부 전문가 3인으로 구성된 베이터 보호준법 자문위원회를 출범한다고 실내기를 밝혔다.
p04_u63,p04,ce1.0,비바리 퍼플릭카가 외부 전문가 3인으로 구성된 데이터 보고 준껍 자문위원회를 실범한다고 16일 전켰다.
p04_u63,p04,ce2.0,비바리 펏플리카가 외부 전문가 3인으로 구장된 게이터 보호진법 자문위위원회를 출범한다고 16일 밝혔다.
p04_u63,p04,ce5.0,비발이 바플릭과가 외부 전문가 3인으로 구성된 베이터 보호준법 자문위원회를 출범한다고 16일 밝혔다.
p04_u63,p04,ce10.0,비바리 버플릭가가 외부 전문가 3인으로 구성된 데이터 보호 중법 자문위원회를 출범한다고 16일 갈켰다.
p04_u64,p04,taps,"이원에는 톡수가 고유고급 데이터 처리기, 관련 법령을 잘 지우고 있는지 독립적으로 확인하고 감지한다."
p04_u64,p04,ce0.0,"이원에는 토스가 보유 고격 데이터 처리식, 관련 법령을 잘 주소하고 있는 지욕 동립적으로 확인하고 감지한다."
p04_u64,p04,ce0.1,"이원에는 톡스가 보이보격 데이터 처리식, 관련 법령을 잘 추운 수하고 있는지 독립적으로 확인하고 감지한다."
p04_u64,p04,ce0.5,유원에는 토스가 보이보게 데이터 처리시 관련 법령을 잘 추수하고 있는지 동립적으로 확인하고 감지한 바.
p04_u64,p04,ce1.0,이 원에는 토스가 보이고객 데이터 처리시 관련 법령을 잘 주소하고 있는지 동입적으로 확인하고 감사한다.
p04_u64,p04,ce2.0,유원회는 토스가 보이고객 데이터 처리시 관련 법량을 잘 지수하고 있는 집 동입적으로 방해나고 간지 않다.
p04_u64,p04,ce5.0,유원회는 토스가 보이보격 불타철이지 관련 법령을 잘 주소하고 있는 질 동립적으로 확인하고 감지한다.
p04_u64,p04,ce10.0,유연에는 토스가 보유 고객 데이터 처리시 관련 법량을 잘 주소하고 있는지 동립적으로 황해나고 감지한다.
p04_u65,p04,taps,또 안절한 데이터 거반원스 체계를 구축하기 위한 자문에 응하는 역할을 한다.
p04_u65,p04,ce0.0,또 안절한 데이터 법안원스 체계를 구축하기 위한 자문에 응하는 역할을 한다.
p04_u65,p04,ce0.1,또 안전한 데이터 거반원스 체계를 구축하기 위한 자문에 응하는 역할을 한다.
p04_u65,p04,ce0.5,또 안절한 데이터 커버는 스페계를 구축하기 위한 자문에 응하는 역할을 한다.
p04_u65,p04,ce1.0,또 안전한 데이터 법원은 스페계를 구축하기 위한 자문에 응하는 역할을 한다.
p04_u65,p04,ce2.0,또 안절한 데이터 법원한 수책을 구축하기 위한 자문에 응하는 역할을 산다.
p04_u65,p04,ce5.0,또 안전한 데이터 법원은 수協계를 구축하기 위한 자문에 응하는 역할을 한다.
p04_u65,p04,ce10.0,또 안전한 데이터 법안원에서 체계를 구축하기 위한 자문에 응하는 역할을 산다
p04_u66,p04,taps,"위원회는 제사의 데이터 보호 전략과 정책, 중법, 감치 활동을 반인기마다 보고 받는다."
p04_u66,p04,ce0.0,"이현에는 제 사이 데이터 보호 전략과 정책, 준법, 감치 활동을 반의기마다 보고받는다."
p04_u66,p04,ce0.1,"위원회는 제사의 데이터 보호전작과 정책, 준법 감치 활동을 반기마다 보고 받는다."
p04_u66,p04,ce0.5,"위원회는 회사의 데이터 보호 전략과 정책, 증법, 감지 활동을 반기마다 보고 받는다."
p04_u66,p04,ce1.0,"위원회는 제사의 데이터 보호 전작과 정책, 준법, 감지 활동을 반인기마다 보고받는다."
p04_u66,p04,ce2.0,"위원회는 회사의 데이터 보호 전략과 정책, 준법, 감지 활동을 반기마다 보고 받는다."
p04_u66,p04,ce5.0,"위원회는 회사의 데이터 보호전작과 정책, 준법 감시 활동을 반기마다 보고 받는다."
p04_u66,p04,ce10.0,"위원회는 재사의 데이터 보호전작과 정책, 증법, 감추랄동을 반기마다 보고 받는다."
p04_u67,p04,taps,개인정보 처리 민감도 높은 사안에 대해서 대표이자와 개인정보고 책임자에게 의견을 제재할 계획이다.
p04_u67,p04,ce0.0,개인정고 처리 민감도 높은 사안에 대해서 대표의 자와 개인정고 보호 책임자에게 의전을 제세할 계획이다.
p04_u67,p04,ce0.1,개인정우고 처리 명감도고 높은 사안에 대해서 대표의 자와 개인정보 보호 책임자에게 의견을 제세할 계획입니다.
p04_u67,p04,ce0.5,개인정보 처리 민감도가 높은 단에 대해서 대표의 자와 개인정보 보 책임자에게 의견을 제치할 계획이다.
p04_u67,p04,ce1.0,개인정고 저리 민감도 높은 사안에 대해서 대표이자와 개인정고고 책임자에게 의견을 제치할 계획이다.
p04_u67,p04,ce2.0,개인정고 처리 민감도가 높은 사안에 대해서 대표이자와 개인정고보 책임자에게 의견을 제치할 계획이다.
p04_u67,p04,ce5.0,개인정호 처리 민감도 높은 사안에 대해서 대표이사와 개인정보보 책임자에게 의견을 제세할 계획이다.
p04_u67,p04,ce10.0,개인정보 처리 민감도 높은 사안에 대해서 대표이사와 개인정보고 책임자에게 의견을 준비할 계획이다.
p04_u68,p04,taps,토스는 니원의 의위견을 적극적으로 수용하고 관련 결과를 홈피의제 공개할 예정다.
p04_u68,p04,ce0.0,토스는 비원의 의견을 적극적으로 사용하고 관련�결과를 홈페이지에 공개할 예정입니다.
p04_u68,p04,ce0.1,토스는 2연의 의견을 잡붙적으로 사용하고 관련 결과를 홈페이지에 공개할 예정다.
p04_u68,p04,ce0.5,토스는 비원의 의견을 잡극적으로 수영하고 관련 결과를 홈페이드에 공개할 예정입니다.
p04_u68,p04,ce1.0,토스는 위원의 의견을 적극적으로 수영하고 관련 결과를 홈페이지에 공개할 예정이다.
p04_u68,p04,ce2.0,토스는 미완의 의견을 잡국적으로 사용하고 관련 결과를 홈페이지에 공개할 예정입니다.
p04_u68,p04,ce5.0,토스는 비원의 의견을 적극적으로 사용하고 관련 결과를 홈페이지에 공개할 예정입니다.
p04_u68,p04,ce10.0,토스는 비연의 응견을 잡극적으로 사용하고 관련 결과를 홈페이지에 공개할 예정입니다.
p04_u69,p04,taps,이번 자문위원의 출범은 데이터 이용닛 보후에 대한 2명성으로 피는 자발적 신뢰 강화 활동을 이루어 아니다.
p04_u69,p04,ce0.0,이번 자문위원의 실범은 데이터 이용닛 보부에 대한 투명성으로 피는 자발적 신뢰 광화 활동을 이루어 아니다.
p04_u69,p04,ce0.1,이번 자문위원의 술범은 데이터 이용 및 보그에 대한 투명성을 높이는 자발적 신뢰 강화 활동을 이루어 아니다.
p04_u69,p04,ce0.5,이번 자문위원의 출범은 데이터 이용 및 보후에 대한 투명사가 높이는 자발적 신뢰 강화 활동을 이루어 한다.
p04_u69,p04,ce1.0,이번 자문 위원의 출범은 데이터 이용입 보후에 대한 투명선을 높이는 자발적 일대 강화 활동을 일로 합니다.
p04_u69,p04,ce2.0,이번 자문위원회 출범은 데이터 이용힛 보후에 대한 투명성을 높이는 자발적 신뢰 강화 활동에 이루어입니다.
p04_u69,p04,ce5.0,이번 자문위원회 출범은 데이터 이용 및 보후에 대한 투명성을 높이는 자발적 질레 강화 활동을 이루어 합니다.
p04_u69,p04,ce10.0,이번 자문위원회 출범은 데이터 용리보 후에 대한 투명선을 높이는 자발적 진대 강화 활동을 일환이다.
p04_u70,p04,taps,포스 관계자는 앱의 시선을 통해 고객 데이터 보호 체계 2명성을 점검 받고 제선에 나갈 필요가 있다는 매부 공감대가 있었다고 설명했다.
p04_u70,p04,ce0.0,토스 관계자는 외부의 시선을 통해 고객 데이터 보호 체제의 투명성을 점검 받고 제선에 나갈 필요가 있다는 외부 공감대가 있었다. 고 설명했다.
p04_u70,p04,ce0.1,토스 관계자는 외부의 시선을 통해 고객 데이터 보호 체계의 투명성을 점검 받고 대선에 나갈 필요가 있다는 내부 공감대가 있었다고 설명했다.
p04_u70,p04,ce0.5,포스 관계자는 외부의 시선을 통해 고객 데이터 보호 체제의 투명성을 점검 받고 개선에 나갈 필요가 있다는 내부 공감대가 있었다고 설명했다.
p04_u70,p04,ce1.0,코스 관계자는 앱의 시선을 통해 고객 데이터 보고 체계의 투명성을 점검 받고 개선에 나갈 필요가 있다는 내부 공간대가 있었다고 설명했다.
p04_u70,p04,ce2.0,토스 관계자는 앱의 시선을 통해 고객 데이터 보호 최세히 투명성을 점검 받고 최선에 나갈 필요가 있다는 내부 공간 내가 있었다고 설명했다.
p04_u70,p04,ce5.0,토스 관계자는 외부의 시선을 통해 고객 데이터 보호 체계의 투명성을 점검 받고 개선에 나갈 필요가 있다는 내부 공간 내가 있었다고 설명했다.
p04_u70,p04,ce10.0,토스 관계자는 외부의 지선을 통해 고객 데이터 보호 체계의 투명성을 점검 받고 개선에 나갈 필요가 있다는 내부 공간대가 있었다고 설명했다.
p04_u71,p04,taps,자문기원에는 권한영 고려대 정보보호 대학원 교수를 위원장으로 김승국 고려대 정보보호 대학원 교수 김철준 법무범인 광강 고분을 기원으로 위촉해 출범했다
p04_u71,p04,ce0.0,자문기원에는 건 환영 고려대 정보보호 대학원 교수를 위원장으로 김승부 고려대 정보보호 대학원 교수 증찰준 법무범인 광장한 고분을 기원으로 위촉해 실범했다.
p04_u71,p04,ce0.1,자문기원에는 번 환영 고려대 정보 보호 대학원 교수를 기원장으로 등승구 고려대 정보 보호 대학원 경수 등찰준 법무범인 광장 부분을 기원으로 위촉해 출범했다.
p04_u71,p04,ce0.5,자문위원회는 권헌형 고려대 정부 보호 대학원 교수를 위원장으로 김승규 고려대 정부 보호 대학원 교수 김철준 법무범인 강장 부분을 위원해서 위촉해 출소함했다.
p04_u71,p04,ce1.0,자문위원회는 권헌형 고려대 장부 보호 대학원 교수를 위원장으로 증승부 고려대 장부 보호 대학원 교수 중철준 건무범인이 강당 부분을 위원으로 위축해 출범했다.
p04_u71,p04,ce2.0,자문기원에는 권 환영 고려대 정부 보호 대학원 교수를 위한 장으로 김증도 고려대 정부 보호 대학원 교수 김철준 법무범인 광장 부분을 위한 더 위촉해 출범했다.
p04_u71,p04,ce5.0,자문기원에는 권 환영 고려대 정보 보호 대학원 교술위원장으로 긴승구 고려대 정보 보호 대학원 교주 김철준 덤무 범인 광장 부분을 비원해 위축해 출범했다
p04_u71,p04,ce10.0,자문위원회는 권 환영 고려대 정보 보호 대학원 교수를 위원장으로 김승구 고려대 정보 보호 대학원 교수 김철준 법무범인 광장 부분을 위원으로 미쳤게 출범했다.
p04_u72,p04,taps,권한영 교수는 현재 한국 정보 기술 서비스 학계 세장과 한국 정보 보호 학계 개인정보 보호 연구회담을 맡은 정보 보호 분야 전문가이다
p04_u72,p04,ce0.0,구원 환영 교수는 현재 한국 정보 기술 서비스 상쾌 세 장과 한국 정보 보호확해 개인정보 보호 연구 회장을 맡은 정보 보호 분야 전문가이다
p04_u72,p04,ce0.1,부안헌영 교수는 현재 한국정보기술 서비스 상쾌 해장과 한국정보 보호 박해 김정보 보호 연구회당을 맡은 정보 보호 분야 전문가이다
p04_u72,p04,ce0.5,권한영 교수는 현재 한국 정부 비툴 서비스 한 개 회장과 한 정부 보호 확해 개인정도 보호 연구 회장을 맡은 정보 보호 분야 전문가이다.
p04_u72,p04,ce1.0,"관환영 교수는 현재 한국 정보 기술 서비스 학회 회장과 한 정보 보호 학회, 개인정보 보호, 연구 회장을 맡은 정보 보호 분야 전문가이다."
p04_u72,p04,ce2.0,권한영 교수는 현재 한국 정보 기술 서비스 학회 회장과 한 정보 보호 학회 경정보 보호 연구 회장을 맡은 정보 보호 분야 전문가이다.
p04_u72,p04,ce5.0,"권한영 교수는 현재 한국 정보 기술 서빙상회 회장과 정보 보호학회, 개인정보 보호 연구회장을 맡은 정보 보호 분야 전문가이다."
p04_u72,p04,ce10.0,"부안헌영 교수는 현재 한국 정보 기술 서비스 상쾌 회장과 정보 보수확회, 경정보 보수연구 회장을 맡은 정보 보호보며 전문가에다"
p04_u73,p04,taps,김승주 교수도 암호학과 라이더보한 분야의 전문가로 대통령 직속사차 사라탕랑 위원해 위원으로 활동한 바 있다
p04_u73,p04,ce0.0,김승주 교수도 암호학과 라이버 보안 분야의 전문가로 대통령 직속 4차 사랏통량 기원에 의원으로 활동한 바 있다.
p04_u73,p04,ce0.1,김승주 교수도 아무 학과 라이버 보안 분야의 전문가로 대통령 직속 4차 사납평년 기원에 위원으로 활동한 바이크다.
p04_u73,p04,ce0.5,"김충주 교수도 아무 학과 라이버 보안 분야의 전문가로 배통량 직속, 바차, 사랍, 탕량, 위원에 위원으로 활동 안 봐있다."
p04_u73,p04,ce1.0,"김승주 교수도 아무 학과 라이버 보안 분야의 전문가로 대통령 지속, 자차, 사라평명 기원에 위원으로 활동한 바일다."
p04_u73,p04,ce2.0,김승규 교수조 암호학과 싸버부한 분야의 전문가로 대통령 지속 자차산업통명기원에 기원으로 활동한 바이크다.
p04_u73,p04,ce5.0,김승주 교수도 아무 학과 딸버부한 분야의 전문가로 대통령 직속 4차 사라평명기원에 위원으로 활동한 발사.
p04_u73,p04,ce10.0,김청주 교수도 아무 학과 라이버 보안 분야의 전문가로 배통명 직속 4차 사납청명 위원회 위원으로 활동 안 빠 있다.
p04_u74,p04,taps,김철준 고문은 17년간 금융당국에서 금융권의 I.K. 봉은 검사를 진행했고 이후 금융에서 정보고 최고 책임될력임했다.
p04_u74,p04,ce0.0,근철준 고문은 17년간 금융당국에서 금융권의 IK 봉은 검사를 진행했고 이후 금융에서 정보고 최고 책임될력임했다.
p04_u74,p04,ce0.1,김찰준 고문은 17년간 금융당국에서 금융권의 IK 봄은 검사를 진행했고 이후 금융회사 정보 보호 최고 책임될 역임했다.
p04_u74,p04,ce0.5,김철준 고문은 17년간 금융당국에서 금융권의 IT 부문 검사를 진행했고 이슈 금융에서 정보보 최고 책임제를 역임했다.
p04_u74,p04,ce1.0,김철준 고문은 17년간 금융당국에서 금융권의 IT 부문 검사를 진행했고 이후 금융회사 정보보 최고 측인대를 역임했다.
p04_u74,p04,ce2.0,김철준 고문은 17년간 금융당국에서 금융권은 IT 부문 검사를 진행했고 이수 금융에서 정보보 최고 책임자를 역임했다.
p04_u74,p04,ce5.0,금철준 고문은 17년간 금융당국에서 금융권의 IK 부문 검사를 진행했고 이후 금융에서 정보보 최고 책임자를 역임했다.
p04_u74,p04,ce10.0,김찰뜬 고문은 17년간 금융당국에서 금융권의 IK 부문 검사를 진행했고 이후 금융회사 정보보 최고 책임자력임했다.
p04_u75,p04,taps,공부시가 중남 재초로 발행한 모바일 지역 타랑 항풍권 경득회의가 부적 반행액 2575원을 돌파했다고 기비를 밝혔다.
p04_u75,p04,ce0.0,"공주시가 중남 재초로 발행한 오바일 지역 타랑 상품권 경적 대위가 부적 발행액 2,70억 원을 돌파했다고 지비를 밝혔다."
p04_u75,p04,ce0.1,"공주시가 총남 재초로 발행한 오바일 지역다랑 항풍권 공주폐가 부적발행액 2,570억 원을 돌파했다고 지비를 밝혔다."
p04_u75,p04,ce0.5,"공주 씨가 충남 재초로 발행한 모바일 지역파랑 상품권 경주패가 그적 발행액 2,570억 원을 돌파했다고 지비를 발겼다."
p04_u75,p04,ce1.0,공주시가 중남 재초로 발행한 모바일 지역 타랑 상품권 경주페이가 부적 반행액 2570억 원을 돌파했다고 비비를 반켰다.
p04_u75,p04,ce2.0,"공주시가 충남 제초로 반영한 모바일 지역사랑 상품권 경주폐가 구적 반영액 2,570억 원을 돌파했다고 비비를 밝혔다."
p04_u75,p04,ce5.0,"공급시가 총남 재초로 발행한 모바일 지역사랑 항풍권 경급회가 부적 발행액 2,570억 원을 돌파했다고 비비를 밝혔다."
p04_u75,p04,ce10.0,공주시가 중남 재초로 반응한 모바일 지역사랑 상품권 경주패가 부적 반행에 2575원을 돌파했다고 11일 반켰다.
p04_u76,p04,taps,2019년 8월 출시 이후 2년 8개월 말인 5월 11일 구적 발행액 2577억 원을 발성했다.
p04_u76,p04,ce0.0,2019년 8월 출시 이후 6년 8개월 만행 5월 11일 부적발행에 2570억 원을 발성했다.
p04_u76,p04,ce0.1,2019년 8월 출시 이후 6년 8개월 만인 5월 12일 무적발행액 2500 출시법원을 발성했다.
p04_u76,p04,ce0.5,"2019년 8월 7일, 2년 8개월 말인 5월 11일, 부적 발행액 2570억 원을 발성했다."
p04_u76,p04,ce1.0,2019년 8월 출시 이후 6년 8개월 말인 5월 11일 부적 발행액 2570억 원을 달성했다.
p04_u76,p04,ce2.0,2019년 8월 7시 이후 2년 8개월 말인 5월 11일 누적 발행액 2570억 원을 달성했다.
p04_u76,p04,ce5.0,2019년 8월 72 후 2년 8개월 만인 5월 12일 누적 발행액 2570억 원을 달성했다.
p04_u76,p04,ce10.0,2019년 8월 출시 이후 6년 8개월 만인 5월 11일 무조건 발행에 2570억 원을 발성했다.
p04_u77,p04,taps,"우는 지난해 9월 1,500억 원 달성에 이어 불과 8개월 만에 1000억 원 이강 발행된 것 같다"
p04_u77,p04,ce0.0,"우는 지난해 9월 1,500억 원 달성에 이어 불과 8개월 만에 1,000억 원 이상 발행된 것 같다"
p04_u77,p04,ce0.1,우는 지난해 9월 1500억 원 달성에 이어 불과 8개월 만에 1000억 원 이당 발행된 것이다.
p04_u77,p04,ce0.5,"이는 지난해 9월 1,500억 원 달성에 이어 불과 8개월 만에 1,000억 원이장 발행된 것 같다"
p04_u77,p04,ce1.0,"이는 지난해 9월 1,500억 원 달성에 이어 불과 8개월 만에 1,500억 이상 발행된 것이다"
p04_u77,p04,ce2.0,이는 지난해 9월 1500억 원 달성에 이어 불과 8개월 만에 1000억 원 이장 발행된 것 같다.
p04_u77,p04,ce5.0,"이는 지난해 9월 1,500억 원 달성에 이어 불과 8개월 만에 1000억 원 이상 발행된 것다."
p04_u77,p04,ce10.0,"이는 지난해 9월 1,500억 원 달성에 의해 불과 8개월 만에 1억 원 이상 발행된 것이다."
p04_u78,p04,taps,다입자도 올해 들어 매일 100여 명씩 증가하면서 총가입자 수는 10만 9천 명을 웃돌고 있다.
p04_u78,p04,ce0.0,가입자도 올해 들어 매일 100여 명씩 증가하면서 총 가입자 수는 10만 9천 명을 웃돌고 있다
p04_u78,p04,ce0.1,가입자도 올해 들어 매일 100여 명씩 증가하면서 총 가입자 수는 10만 9천 명을 못 돌고 있다
p04_u78,p04,ce0.5,가입자도 올해 들어 매일 100여 명 빛 증가하면서 총 가입자 수는 10만 9천 명을 눌돌고 있다.
p04_u78,p04,ce1.0,가입자도 올해 들어 매일 100여 명 집중과 하면서 총 가입자 수는 10만 9000명을 못 들고 있다.
p04_u78,p04,ce2.0,"가입자도 올해 들어 매일 100여 명씩 증가하면서 청가입자 수는 19,000명을 못 끌고 있다."
p04_u78,p04,ce5.0,발자도 올해 들어 매일 100여 명씩 증가하면서 총가입자 수는 10만 9천 명을 붙을고 있다.
p04_u78,p04,ce10.0,"다입자도 노래들어 매일 배겨명 중과하면서 총가입자수는 19,000명을 못 돌고 있다."
p04_u79,p04,taps,"부상공인, 자영업자도 꾸준히 감행자면 등록하면서 4,400개를 넘어서는 꾸준한 증가세를 보이고 있다."
p04_u79,p04,ce0.0,부상공인 자영업자도 꾸준히 감행자매 등록하면서 자천 사례끼를 넘어서며 꾸준한 증가세를 보이고 없다.
p04_u79,p04,ce0.1,"부상공은 자연업자도 꾸준히 감행자면 등록하면서 4,400개를 넘어졌나 꾸준한 중과세를 보이도 없다."
p04_u79,p04,ce0.5,"소상공인 자연업자도 꾸준히 감행자매 등록하면서 4,400개를 넘어다며 꾸준한 중가세를 보여줬다."
p04_u79,p04,ce1.0,호상공인 자연업자로 꾸준히 감행자면 등록하면서 자천 400개를 넘어서며 꾸준한 증가세를 보이게 있다.
p04_u79,p04,ce2.0,보상공인 자영업자도 꾸지는 가능자면 등록하면서 자천자랩계를 넘어졌며 꾸준한 증가세를 보이고 있다.
p04_u79,p04,ce5.0,수상공인 자영업자도 꾸준히 감행점에 등록하면서 자천 400개를 넘었다며 꾸준한 중가세를 보이고 있다.
p04_u79,p04,ce10.0,부상공인 자영업자로 꾸준히 감행자면 등록하면서 자천 400개를 넘어서며 꾸준한 증가세를 보이고 있다.
p04_u80,p04,taps,최근에는 택지 업계에 감행점 등록이 증가하면서 운수 종사자 아니 이 용자들의 큰 호응을 얻고 있다.
p04_u80,p04,ce0.0,최근에는 택시 업계에 감행점 등록이 증가하면서 운수 종사자에게 이용자들을 큰 호응을 얻고 있다.
p04_u80,p04,ce0.1,최근에는 팩지 업계에 감행점 능력이 증가하면서 운소 종사자들의 큰 호응을 얻고 있다.
p04_u80,p04,ce0.5,최근에는 팩시업계 감행점 등록이 중간에서 운소 종사자들의 큰 호응을 얻고 있다.
p04_u80,p04,ce1.0,최근에는 택접계 감행점 등록이 증가하면서 운수 종사자만 미용자들의 큰 호응을 얻고 있다.
p04_u80,p04,ce2.0,최근에는 택시 업계 감행점 등록이 중가면서 울수 종사자만 이용자들의 큰 호응을 얻고 있다.
p04_u80,p04,ce5.0,최근에는 택시 업계 감행점 등록이 중가면서 운수 종사자만 이용자들의 큰 호응을 얻고 있다.
p04_u80,p04,ce10.0,최근에는 특협계 감행점 등록이 증가하면서 운수 동파자밑 용자들의 큰 호응을 얻고 있다.
p04_u81,p04,taps,특히 공급회의 회전율이 98%에 달하면서 기억 경계 선순환을 이끌고 있다.
p04_u81,p04,ce0.0,특히 공부 회의 회전 요리 98%에 달하면서 지역 경제 선순환을 끌고 있다.
p04_u81,p04,ce0.1,특히 공급회의 회전율이 98%에 달하면서 기억 경제 선순환을 긁고 있다.
p04_u81,p04,ce0.5,특히 봉주 페일 회전 요리 98%에 달하면서 기억 경제 단순환을 이끌고 있다.
p04_u81,p04,ce1.0,특히 공급회의 회전율이 98%에 달하면서 지역병재 선수만을 이끌고 있다.
p04_u81,p04,ce2.0,특히 본규패의 회전율이 98%에 달하면서 기억 경제 선순환을 이끌고 있다.
p04_u81,p04,ce5.0,특히 동급 회의 회전율이 98%에 달하면서 몇 경제 산순환을 끌고 있다.
p04_u81,p04,ce10.0,특히 봉쥬페이외 회전율이 98%에 달하면서 기억 경제 선수만 이끌고 있다.
p04_u82,p04,taps,비와 함께 공주 페이와 연동 모바일 앱으로 손쉽게 배달 주문할 수 있는 공공 배달 앱 서비스도 빠르게 정칵하고 있는 것으로 나타났다.
p04_u82,p04,ce0.0,비와 함께 공주 페이와 연동 모바일 앱으로 손쉽게 세달 주문할 수 있는 공공 배달 앱 서비스도 빠르게 정칵하고 있는 것으로 나타났다.
p04_u82,p04,ce0.1,비와 함께 공주 페이와 연동 모바일 랩으로 손쉽게 대달 주문을 할 수 있는 공공 배달 앱 서비스도 빠르게 정탁하고 있는 것으로 나타났다.
p04_u82,p04,ce0.5,비와 함께 공주 페이와 연동 모바일 앱으로 손쉽게 배달 주문을 할 수 있는 공공 배달 앱 서비스도 빠르게 정칵하고 있는 것으로 나타났다.
p04_u82,p04,ce1.0,비와 함께 공주패와 연동 모바일 랩으로 손쉽게 배달 주문을 할 수 있는 공공 배달 앱 서비스도 빠르게 정각하고 있는 것으로 나타났다.
p04_u82,p04,ce2.0,휴와 함께 공주 타이와 연동 모바일 랩으로 손쉽게 대달 주문할 수 있는 공공 배달 앱 서비스도 빠르게 정착하고 있는 것으로 나타났다.
p04_u82,p04,ce5.0,비와 함께 공주 페이와 연동 모바일 내부로 손쉽게 배달 주문을 할 수 있는 긍공 배달 앱 서비스도 빠르게 정각하고 있는 것으로 나타났다.
p04_u82,p04,ce10.0,비와 함께 공주 페이와 연동 모바일 내부로 손쉽게 배달 주문할 수 있는 공공 배달의 서비스도 빠르게 정탁하고 있는 것으로 나타났다.
p04_u83,p04,taps,지난해 9월 정식 운영에 들어간 후 지행 8개의 만인 지난 5월 11일 현재 240개 업체가 가맹적으로 등록했으며 부적 거략 또 시바권을 돌파했다
p04_u83,p04,ce0.0,지난해 9월 정식 운영에 들어간 후 지행 8개월 만인 지난 5월 11일 전제 240대요 제가 감영적으로 등록했으며 부적 거략 또 시바권을 돌파했다
p04_u83,p04,ce0.1,지난해 9월 정식 운영에 들어간 후 지행 8개월 만일 지난 5월 11일 현재 240개요 제거 가능적으로 등록했으며 부적 거래액도 시법권을 돌파했다
p04_u83,p04,ce0.5,지난해 9월 정식 은행에 들어간 후 진행 8개일 만인 지난 5월 11일 현재 240회 업체가 가맹적으로 등록했으며 부적 거략도 씹어 권을 돌파했다
p04_u83,p04,ce1.0,지난해 9월 정식 운영에 들어간 후 시행 8개월 만인 지난 5월 11일 현재 240회 업체가 감행적으로 등록했으며 부적 거략도 씹어 권을 돌파했다.
p04_u83,p04,ce2.0,지난해 9월 정식 운영에 들어간 후 지행 8개월 만인 지난 5월 11일 전제 240개 업체가 감행적으로 등록했으며 유적 거략 또 씹어 권을 돌파했다
p04_u83,p04,ce5.0,지난해 9월 정식 운영에 들어간 후 비행 8월 만인 지난 5월 11일 현재 240개 업체가 감행적으로 등록했으며 부적 거래액도 10억 원을 돌파했다.
p04_u83,p04,ce10.0,지난해 9월 정식 운영에 들어간 후 지행 8월 만인 지난 5월 11일 현재 240개 업체가 감염됙으로 등록했으며 무조건에 또 씹어 권을 돌파했다
p04_u84,p04,taps,공주 배입에 달해 보일 가장 큰 이점은 1.7%라는 저렴한 중계 수주로 소상공인들에게 평균 8% 이상의 수수로 부담을 덜어주고 있다.
p04_u84,p04,ce0.0,공주 데이 배달 앱의 가장 큰 이점은 1.7%라는 저렴한 중계 수주로로 소상공인들에게 평균 8% 이상의 수수로 부담을 덜어 들어온다.
p04_u84,p04,ce0.1,공수 베이 배달에 베이 가장 큰 입점은 1.7%라는 덜렴한 중계 수수로로 소상공인들에게 평균 8% 이상의 수수료 부담을 덜어주고 있다.
p04_u84,p04,ce0.5,공주 베이 배달에 매이 가장 큰 이점은 1.7%라는 저렴한 중계 수수로도 소상공인들에게 평균 8% 이상의 수수로 부담을 떨어지고 있다.
p04_u84,p04,ce1.0,공주페이 대달에 매일 가장 큰 이점은 1.7%라는 저렴한 준계 수수로도 소상공인들에게 방균 8% 이상의 수수로 부담을 떨어지고 있다.
p04_u84,p04,ce2.0,공주페이 대달에 가장 큰 일점은 1.7%라는 저렴한 중계 수주로로 소상공인들에게 평균을 8% 이상의 수수료 부담을 떨어지고 있다.
p04_u84,p04,ce5.0,공급 회의 배달의 가장 큰 이점은 1.7%라는 저렴한 중계 수수로로 소상공인들에게 평균 8% 이상의 수수로 부담을 떨어지고 있다.
p04_u84,p04,ce10.0,공급 회의 대달에 대해 가장 큰 입점은 1.7%라는 저렴한 중계 수수로 소상공인들에게 평균 8% 이상의 수수로 부담을 떨어지고 있다.
p04_u85,p04,taps,여기에 10% 할인 혜택을 받을 수 있는 공두 베이록 결제가 이뤄지다 보니 주머니 사정이 좋지 않은 학생운동 소비자들에게 사랑을 받고 있다.
p04_u85,p04,ce0.0,여기에 10% 할인 혜택을 받을 수 있는 공주 베이로 절제가 이뤄지다 봄이 주머니 사정이 좋지 않은 학생동 소비자들에게 사랑을 받죠.
p04_u85,p04,ce0.1,여기에 10% 할인 혜택을 받을 수 있는 공주페이로 절대가 이뤄지다 보니 주머니 사장이 좋지 않은 학생 등 소비자들에게 사랑을 받도 있다.
p04_u85,p04,ce0.5,여기에 10% 할인 혜택을 받을 수 있는 공주 페이로 결제가 이뤄지다 보니 주머니 사장이 좋지 않은 학생 등 소비자들에게 사랑을 맡고 있다.
p04_u85,p04,ce1.0,여기에 10% 할인 혜택을 받을 수 있는 공지페이로 결제가 이뤄지다 보니 주머니 사정이 좋지 않은 학생 등 소비자들에게 사랑을 받게 있다.
p04_u85,p04,ce2.0,여기에 10% 할인 혜택을 받을 수 있는 공주페이로 결제가 이루어지다 보니 주머니 사장이 좋지 않은 학생은 등 소비자들에게 사랑을 받고 있다.
p04_u85,p04,ce5.0,여기에 10% 할인 혜택을 받을 수 있는 공주 페이로 결제가 이뤄지다 보니 주머니 사장이 좋지 않은 학생 등 소비자들에게 사랑을 받고 있다.
p04_u85,p04,ce10.0,여기에 10% 할인 혜택을 받을 수 있는 공주 페이로 절대가 이뤄지다 보니 주머니 사장이 좋지 않은 학생 등 소비자들에게 사랑을 맡고 있다.
p04_u86,p04,taps,시는 5월 가정에 다를 맞이하여 친구 초대하기 등 다양한 배달랩 이랜트를 진행하며 5000원 할인국권도 지급한다.
p04_u86,p04,ce0.0,시는 5월 가정에 다를 마지 아요. 친구 초대하기 등 다양한 배달의 미벤트를 진행하며 5천원 할인 굿본도 지급한다.
p04_u86,p04,ce0.1,시는 5월 과정에 달을 맞이하여 침구 초대하기 등 다양한 배달앱 이벤트를 진행하며 5천원 할인 구폰도 지급한다
p04_u86,p04,ce0.5,"시는 5월 과정에 다를 맞이하여 친구 초대하기 등 다양한 배달랩 이벤트를 진행하면 5,000원 할인 고폰로 지급한다."
p04_u86,p04,ce1.0,지는 5월 과정에 다들 맞이하여 친구 초대하기 등 다양한 배달랩 이벤트를 진행하며 5천원 할인 고폰도 지급한다.
p04_u86,p04,ce2.0,"시는 5월 가정에 다를 마저요. 친구 초대하기 등 다양한 배달랩 이벤트를 진행하며 5,000원 할인 국폰도 지급한다."
p04_u86,p04,ce5.0,지는 5월 과정에 달을 마자요. 친구 초대하기 등 다양한 배달랩 이벤트를 진행하며 5천원 할인 굽번도 지급한다.
p04_u86,p04,ce10.0,"지는 5월 과정에 다를 마저요. 친구 초대하기 등 다양한 배달랩 이벤트를 진행하며 5,000원 할인 굿번도 지급한다."
p04_u87,p04,taps,이 상윤율 경제 가장은 공주 배위에 기부 서비치 플랫폼을 준비 중으로 창후치약개층 지원과 기부움나 확산으로 지역 사회에 공원하겠다고 밝혔다.
p04_u87,p04,ce0.0,이 상률 경제 과장은 공주 배위에 디부 서비스 집 필래품을 준비 중으로 항우 지역 개층 지원과 디부웅나 확산으로 지역 사회에 공원하겠다고 말샀다.
p04_u87,p04,ce0.1,"이 상률 경제 가장은 공수패위에 기부 서비치 플랫품을 준비 중으로 창읍, 지학계층 지원과 기부무나 확산으로 지역 사회에 공원하겠다고 밝혔다."
p04_u87,p04,ce0.5,이 상률 경제 과정은 공주페이에 기부 서비스 플랫품을 준비 중으로 향후 취약 개칭 지원과 기부 문화 확산으로 지역 사회에 공원하겠다고 밝혔다.
p04_u87,p04,ce1.0,이 상률 정제 과장은 공주패의 기부파비티 플랫폼을 준비 중으로 상우치약 개층 지원과 기부움나 확산으로 지역사회 공원하겠다고 밝혔다.
p04_u87,p04,ce2.0,이 상률 경제 과장은 공주패의 기부 서비스 플랫폼을 준비 중으로 창후 취약 개층 지원과 기부 혼나 확산으로 기억 사회에 공원하겠다고 밝혔다.
p04_u87,p04,ce5.0,이 상률 경제 과장은 공주패의 기부 서비스 플랫폼을 준비 중으로 상우치약 개청 지원과 기궁너 확산으로 기역사회 공원하겠다고 밝혔다.
p04_u87,p04,ce10.0,이 상률 정제 과장은 공주패의 기부 서비스 플랫폼을 준비 중으로 상우치약 개청 기원과 기부 문화 확산으로 기억 사회에 공원하겠다고 밝혔다.
p04_u88,p04,taps,"한편, 시는 코로나19와 유가 인상동, 소상공인力 자영업자의 어려운 및 속되고 있는 상황을 감안해 국래에도 공급 베이집% 할인정책을 유지하고 있다"
p04_u88,p04,ce0.0,"한편, 지는 코로나19와 이과 인상 등 소상공인리 자영업자의 어려운 믹속되고 있는 상황을 감안해 올해오도 공수 베이집 파센터 할인정착을 유지하고 있다"
p04_u88,p04,ce0.1,"한편, 주는 코로나19와 유가인상 등, 소상공인 및 자영업자의 어려운 및 속되고 있는 상황을 가만해, 올해에도 공급 베이집 파센터 할인정책을 유지하고 있다."
p04_u88,p04,ce0.5,"한편, 지는 코로나19와 유가인상 등 소상공인 미치하용업자의 어려움이 지속되고 있는 상황을 가만해 올해에도 공급 베이스파센터 할인정책을 유지하고 있다"
p04_u88,p04,ce1.0,"한편, 시넌 코로나19와 유가인상 등은 소상공인 및 자영업자의 어려움이 쭉되고 있는 상황을 가만해 이불에도 공급 베이집 파센터 할인정책을 유지하고 있다"
p04_u88,p04,ce2.0,한편 시넌 코로나19와 유가인상 등 소상공인 및 자영업자의 어려운 및 속되고 있는 상황을 가만해 올해에도 공급 베이스파센터 할인정책을 유지하고 있다
p04_u88,p04,ce5.0,"한편, 기능 코로나19와 유가인상 등의 소상공인 및 자영업자의 어려운 믹속되고 있는 상황을 과만해 올해에도 공급 베이집 파센터 할인정책을 유지하고 있다"
p04_u88,p04,ce10.0,한편 신은 코로나19와 유가인상 등 소상공인 및 자영업자의 어려운 및 욕되고 있는 상황을 과만해 올해오도 공급 베이집 파센터 할인정책을 위치하고 있다
p04_u89,p04,taps,22일 서울시는 전날 제 14차 보시 계획위원회를 개최하고 터초구 반포 유수진의 제이시설 설치에 대해 수정 각여를 했다고 밝혔다.
p04_u89,p04,ce0.0,22일 서울시는 전날 제 14차 보시기에 기원을 개최하고 터초구반포 유수진의 최흑지털 설치에 대해 수정과결하겠다고 밝혔다.
p04_u89,p04,ce0.1,22일 서울시는 전날 제 14차 보시 계획위원회를 개최하고 터초구 반포 유수진의 최시설 설치에 대해 수정각을 했다고 밝혔다.
p04_u89,p04,ce0.5,21 서울시는 전날 제 14차 보시 계획위원회를 개최하고 터초구 반포 유수진의 최악시설 설치에 대해 수정 과결했다고 밝혔다.
p04_u89,p04,ce1.0,"21, 서울시는 전낭제 14차 보시 계획위원회를 개최하고 서초구 반포 유수빈의 체육지설 설치에 대해 수정 가격을 했다고 밝혔다."
p04_u89,p04,ce2.0,22일 서울시는 전날 제 14차 보시 계획위원회를 개최하고 터초구 반포 유수진의 체육시설 설치에 대해 수정 관골했다고 밝혔다.
p04_u89,p04,ce5.0,12일 서울시는 전날 제 14차 보시기에 위원회를 개최하고 터촉을 반포 유수딘의 체육지설 설치에 대해 수정 과결했다고 밝혔다.
p04_u89,p04,ce10.0,22일 서울시는 전날 제 14차 보시기에 의견을 개최하고 터촉을 반포 유수진의 최흑지설 설치에 대해 수정 과결했다고 밝혔다.
p04_u90,p04,taps,1968년 재초 결정된 반포 유수지는 유수 시설과 함께 2005년부터 반포 종합 운동장으로 이용되어왔다.
p04_u90,p04,ce0.0,1968년 재초 결정된 반포 유수지는 유수 시설과 함께 2005년부터 반포 종합 운동장으로 이용되어왔다
p04_u90,p04,ce0.1,1968년 최초 결정된 반포 유수지는 유수 시설과 함께 2005년부터 반포 종합 운동장으로 이용되어왔다
p04_u90,p04,ce0.5,1968년 재초 결정된 반포 유수지는 유수 시설과 함께 2005년부터 반포 종합 운동장으로 이용되어 왔다.
p04_u90,p04,ce1.0,1968년 재초 결정된 반포 유수지는 유수 시설과 함께 2005년부터 반포 종합 운동장으로 이용되어왔다.
p04_u90,p04,ce2.0,1968년 재초 결정된 반포 유수지는 유수 시설과 함께 2005년부터 반포 종합은 농장으로 이용되어 왔던
p04_u90,p04,ce5.0,1968년 재초혈장된 반포 유수지는 유수 시설과 함께 2005년부터 반포 종합 운동장으로 이용되어왔다.
p04_u90,p04,ce10.0,1968년 재초 결정된 반포 유수지는 유수 시설과 함께 2005년부터 반포 종합 운동장으로 이용되어 왔던
p04_u91,p04,taps,지난 2021년 제 16차 동시 계획위원회를 통해 무수지 구간을 일부 복개하여 고값 체X서를 권립하는 사항에 대한 심의를 받은 바 있다
p04_u91,p04,ce0.0,지난 2021년 제 16차 도시 계획위원회를 통해 누수지 구간을 일부 복개하여 고칩 체육지설 권립하는 사항에 대한 짐의를 받은 바 있다
p04_u91,p04,ce0.1,지난 2021년 제 16차 도시 계획위원회를 통해 무수지 구간을 일부 복개하여 복합 체익수설 권립하는 사항에 대한 시물를 받은 바 있다
p04_u91,p04,ce0.5,지난 2021년 제 16차 도시 계획 위원회를 통해 유수지 구간을 일부 복개하여 복합 체육시설 권립하는 사항에 대한 지물을 받은 바 있다
p04_u91,p04,ce1.0,지난 2021년 제 16차 도시 계획위원회를 통해 유수지 기관을 일부 복개하여 복합 체육시설 권립하는 사항에 대한 신뢰를 받은 바 있다.
p04_u91,p04,ce2.0,지난 2021년 제 16차 도시 계획위원회를 통해 유수지 기관을 일부 곧게 하여 복합 체육주사를 권립하는 상황에 대한 식물을 받은 바 있다.
p04_u91,p04,ce5.0,지난 2021년 개 16차 도시 개념을 통해 유수지 구간을 일부 복개하여 복합 체육시설 권립하는 사항에 대한 치매를 받은 바 있다.
p04_u91,p04,ce10.0,지난 2021년 제 16차 동식 계획위원회를 통해 유수지 구간을 일부 복개하여 복합 체육지사를 권립하는 사항에 대한 침묘를 받은 바 있다
p04_u92,p04,taps,기본 시민에서 공공치획 지설이 추가 확충티로 선과 지민의 의견을 반영하여 건축 면적 확대를 위해 복게 면적을 늘렸다.
p04_u92,p04,ce0.0,이번 시미에서 공공 체육 지설이 추가 확정티로 선과 진인 의전을 반영하여 건축 면적 확대를 위해 복게 면적을 늘렸다.
p04_u92,p04,ce0.1,이번 지민에서 공공 체육 지설이 추가 중티러성과 중인 의견을 반영하여 건축맨적 확대를 위해 복게맨적을 늘렸다.
p04_u92,p04,ce0.5,이번 시민에서 공공 7기설이 추가 큰 필요성과 시민 의견을 반영하여 건축 만족 확대를 위해 복게 만족을 늘렸다.
p04_u92,p04,ce1.0,이번 지미에서 공공 7시설이 추가 중 필요성과 지미는 의견을 반영하여 건축맨적 확대를 위해 복개 맨적을 늘렸다.
p04_u92,p04,ce2.0,이번 시민에서 공공 체육 지설이 추가 중키로성과 시민 의전을 반영하여 건축맨적 확대를 위해 복게맨적을 늘렸다
p04_u92,p04,ce5.0,이번 지민에서 공공체육 지설일 추가 중키로선과 지민의 의견을 반영하여 건축맨적 확대를 위해 복게맨적을 늘렸다.
p04_u92,p04,ce10.0,이번 지민에서 공공최육 기설이 추가 종키러성과 지민의 의견을 반영하여 건축맨적 확대를 위해 복게맨적을 늘렸다
p04_u93,p04,taps,유수집 본기등인 방계 정릉에 비장이 없는 범인에에서 중인의 접근성과 위홍 편의상의 등을 몇 미리 범터했다.
p04_u93,p04,ce0.0,유수집 본기등인 방제 성능에 지장이 없는 범인에에서 주민의 접근성과 이용 편의상에 등을 몇 미리 검토했다.
p04_u93,p04,ce0.1,유수지 본 기등인 방재 성능에 비장 없는 범인에에서 주민의 접근성과 이용 편의상의 등을 몇 미리 검토했다.
p04_u93,p04,ce0.5,유수집 본기대인 방재상능의 지장이 없는 범위 내에서 주민의 접근성과 위험 편의상에 대해 면밀히 검토했다.
p04_u93,p04,ce1.0,유수집 본기등인 방대 성능에 지장이 없는 범인에서 주민의 접근성과 위험 편의상에 대해 면밀이 관토했다.
p04_u93,p04,ce2.0,유수집 본위기대는 방제 상응에 지장 없는 범위내에서 주민의 접근성과 이용 편의성에 대해 렌밀이 검토했다.
p04_u93,p04,ce5.0,유수비 본위기등인 방계 성능에 지장이 없는 범윈에 대해서 주민의 접근성과 위험 편의상에 등을 몇일이 검토했다.
p04_u93,p04,ce10.0,유수집 본기등인 방재 성능의 지장이 없는 범위 내에서 주민의 접근성과 위험 편의상에 등을 몇 미리 검토했다.
p04_u94,p04,taps,이번 시물가 통과되며 따라 유수기 내 이부 구간을 복해하여 보컬 체크 지서를 건립하는 것이 가능해졌다.
p04_u94,p04,ce0.0,이번 시물과 통과됨에 따라 유수진의 일부 구간을 복개하여 보컬 7X 지서를 건립하는 것이 가능해졌다.
p04_u94,p04,ce0.1,이번 실물과 통과됨에 따라 유수기 내 일부 구감을 복해하여 복합 체수서를 건립하는 것이 가능해졌다.
p04_u94,p04,ce0.5,이번 시물과 통과됨에 따라 유수진의 일부 구간을 복개하여 복합 칠시 기서를 건립하는 것이 가능해졌다.
p04_u94,p04,ce1.0,이번 시물가 통과됨에 따라 유수빈의 일부 공간을 복개하여 보컬 트랙시서를 건립하는 것이 가능해졌다.
p04_u94,p04,ce2.0,이번 시물과 통과됨에 따라 유수진의 일부 구간을 복개하여 복카청시설을 건립하는 것이 가능해졌다.
p04_u94,p04,ce5.0,이번 시물가 통과되며 따라 유수기 내 일부 구간을 복개하여 복합축시설을 건립하는 것이 가능해졌다.
p04_u94,p04,ce10.0,이번 시문가 통과됨에 따라 유수디네 일부 구간을 복개하여 복합출기서를 건립하는 것이 가능해졌다.
p04_u95,p04,taps,구체적인 책지설 권니과 격리를 필요한 도시 관리 배액 등은 더 초구해서 진행할 예정다
p04_u95,p04,ce0.0,구체적인 책 지설 건립과 건립에 필요한 도시관리 계획 등은 더 초구해서 진행할 예정입니다.
p04_u95,p04,ce0.1,구체적인 체육시설 건립과 견리벨 필요한 도시관이 계획 등은 터촉해서 진행할 예정입니다.
p04_u95,p04,ce0.5,구체적인 철학시설 건립과 건립에 필요한 도시관이 계획 등은 퍼촉이어서 진행할 일정입니다.
p04_u95,p04,ce1.0,구체적인 체육주설 건립과 건립에 필요한 도시관리 계획 등은 더 초겨서 진행할 예정입니다.
p04_u95,p04,ce2.0,구체적인 체육지설 건립과 건립을 필요한 도시 관리 계획 등은 터쪽에서 진행할 예정입니다.
p04_u95,p04,ce5.0,구체적인 체육시설 권립과 견리벨 필요한 도시 관리 배액 등은 터촉에서 진행할 예정입니다.
p04_u95,p04,ce10.0,구체적인 체육지탈 건립과 건립을 필요한 도시관이 계획 등은 서초교에서 진행할 예정입니다.
p04_u96,p04,taps,유수지 방재 성뇌 충적함과 동시에 지역 피로시설인 책 지설을 설치함으로써 중인들이 삶을 질 형상의 기화할 것으로 기대된다.
p04_u96,p04,ce0.0,유수지 방재 성뇌 등적함과 동시에 지역 필요시설인 체육 지설을 설치함으로써 주민들이 삶을 질 항상의 기화할 것으로 지대된다.
p04_u96,p04,ce0.1,"유수지, 방재, 성롤, 청적함과 동시에 지역 필요시설인, 책 지설을 설치함으로써 중인들이 삶은 질, 항상에 비화할 것은 기대 된다."
p04_u96,p04,ce0.5,유수지 방재 성능을 충족함과 동시에 지역 필요시설인 체육시설을 설치함으로써 진인들이 삶을 질 향상에 기와할 것으로 기대된다.
p04_u96,p04,ce1.0,유수지 방재상능을 청적함과 동시에 역필로 시설인 체육 지설을 설치함으로써 주민들이 삶을 지휘 향상에 기활 것으로 기대 된다.
p04_u96,p04,ce2.0,유수지 방재 성능을 총적함과 동시에 지역 필요시설인 체육시설을 설치하므로 더 주민들의 삶을 질 상상에 기와할 것은 비대된다.
p04_u96,p04,ce5.0,뉴스비 방재 성능을 충격함과 동시에 지역피로 지설인 체육 비설을 설치함으로써 중인들의 삶을 지일 항상에 기와할 것으로 기대 된다.
p04_u96,p04,ce10.0,유수지 방재 성능을 충족함과 동시에 기억피로 지설인 체육 지설을 설치함으로써 주민들의 설문질 항상의 기활 것으로 기대된다
p04_u97,p04,taps,수도권 내립지 관리공사는 수혜 대규물 반응 등장을 간소화해 대규물 처리 기간을 단축한다고 26일 밝혔다.
p04_u97,p04,ce0.0,수도권 내립지 관리공사는 수혜택임을 반응두장을 간소화해 택임을 처리 기간을 단축한다고 26일 밝혔다.
p04_u97,p04,ce0.1,수도권 내립지 관리공사는 수혜 백임을 반입 규정을 간소화해 백임을 처리 기간을 단축한다고 26일 밝혔다.
p04_u97,p04,ce0.5,수도권 내립지 관리 공간은 수혜 폐기물 반응 규정을 간소하에 폐기물 처리 기간을 단축한다고 이 빗 6일 밝혔다.
p04_u97,p04,ce1.0,수도권 내립지 관리공사는 후혜폐김을 반입 규정을 간소화해 폐김을 처리기간을 단축한다고 26일 밝혔다.
p04_u97,p04,ce2.0,수도권 메립지 관리공사는 수혜 폐김을 반응 규정을 간소화해 폐김을 처리 기간을 단축한다고 26일 밝혔다.
p04_u97,p04,ce5.0,수속권 내립지 발륙공사는 수혜 폐김을 반익 규정을 간소화해 폐김을 처리 기간을 단축한다고 26일 밝혔다.
p04_u97,p04,ce10.0,수속권 내립지 관리공사는 수혜 대규물 반응 규장을 간송화해 대규물 처리 기간을 단축한다고 26일 밝혔다.
p04_u98,p04,taps,메립지공사는 최근 이사회를 열고 수도권 메립지 폐기물 반입 등에 관한 자모 처리 기장 개정안을 의결했다.
p04_u98,p04,ce0.0,매립지공사는 최근 이사회를 열고 수도권 매립지 폐기물 반입 등에 관한 자모 처리 기장 개정안을 의결했다.
p04_u98,p04,ce0.1,메립지공하는 최근 이사회를 열고 수도권 메립지 폐기물 반입 등에 관한 사모철이 기장 개정안을 의결했다.
p04_u98,p04,ce0.5,매립지공하는 최근 이사회를 열고 또건 매립지 폐힘을 반입 등에 관한 사무처리 기장 개정안을 의결했다.
p04_u98,p04,ce1.0,매립지공사는 최근 이사회를 열고 또건 매립지 폐힘을 다닙 등에 관한 자모 처리 규장 개정안을 의결했다.
p04_u98,p04,ce2.0,매립지근하는 최근 이사회를 열고 속권 매립지 폐기물 반입 등에 관한 사무처리 기장 개정안을 의결했다.
p04_u98,p04,ce5.0,매력지공하는 최근 이사회를 열고 또건 매력지 폐기물 반입 등에 관한 사모철 기장 개정안을 의결했다.
p04_u98,p04,ce10.0,매립지공사는 최근 인사회를 열고 수도권 매립지 폐기물 반입 등에 관한 사무처리 기장 개장하는 의결했다.
p04_u99,p04,taps,기존에 수의 폐기물을 처리하려면 에리지 공사 운영위원회 주민 대표의 현장 실사가 필요했으나 이번 계정으로 관련 절차가 사러졌다
p04_u99,p04,ce0.0,기존에 수의 폐기물을 처리하려면 에리지 공사 운영위원회 주민 대표 현장 실사가 뒤를 쓰나 이번 계정으로 관련 절차가 사러졌다.
p04_u99,p04,ce0.1,기존에 수의 폐기물을 처리하려면 에릭지 공사 운영위원회 주민 대표의 현장 실사가 필요했으나 이번 계정으로 관련 절차가 사러졌다.
p04_u99,p04,ce0.5,기존에 수의 폐기물을 처리하려면 에딧지공사 운영위원회 주민 대표 현장 실사가 필요했더나 이번 계정으로 관련 절차가 사러졌다.
p04_u99,p04,ce1.0,그전에 수의 폐기물을 처리하려면 대립지공사 운영기원의 중인 대통령 현장 실사가 필요했으나 이번 계정으로 관련 절차가 사러졌다.
p04_u99,p04,ce2.0,기존에 수의 백임을 처리하려면 대립지공사 운영위원회 주민 대토위 현장 실사가 필요했으나 이번 계정으로 관련 절차가 참어졌다.
p04_u99,p04,ce5.0,이전에 후회 폐기물을 처리하려면 메리쥐 공사 운영위원회 주민 대표의 현장 필사가 필요했으나 이번 계정으로 관련 절차가 3점 없다
p04_u99,p04,ce10.0,기존에 수의 폐기물을 처리하려면 에리티 공사 운영기원의 주민 대표 현장실사가 필요했으나 이번 계정으로 관련 절차가 삼졌다.
p21_u00,p21,taps,연인의 자진을 둘의 화가나 당구 슬집에 불을 줄이려고 한 50대 남성이 경찰에 간거렸다.
p21_u00,p21,ce0.0,연인의 자진을 둘의 사과나 당구 슬집의 불을 줄여자고 한 50대 남성이 경찰에 권고됐다.
p21_u00,p21,ce0.1,연인의 자진 외출의 화가나 당구 슬집의 부를 줄이려고 한 50대 남성이 장차례 광고랬다.
p21_u00,p21,ce0.5,연인의 자진을 두 대화가나 당구 술집에 불을 줄여고 한 50대 남성이 경찰에 광고됐다.
p21_u00,p21,ce1.0,연인의 자진을 추를 화가나 광고 술집에 불을 주르려고 한 50대 남성이 경찰에 광고됐다.
p21_u00,p21,ce2.0,연인의 자진 외출에 사과나 당구 술집에 불을 지르려고 한 50대 남성이 경찰에 간거됐다.
p21_u00,p21,ce5.0,연인의 자진을 주래 화가 나 당구 슬티베 불을 주르려고 한 웃 때 남성이 경탈에 권고됐다.
p21_u00,p21,ce10.0,연인의 자진의 주대 화가 나 당구 술집에 불을 줄이려고 한 50대 남성이 경찰에 광고랬다.
p21_u01,p21,taps,당주 동부 강찰서는 천주 건동을 방화 예비 등 혐의로 50대 남성 예시를 체포했다고 6개 밝혔다
p21_u01,p21,ce0.0,당주 동부 강찰서는 천주 권종물 방화 예비 등 혐의로 50대 남성 예시를 체포했다고 6개 밝혔다
p21_u01,p21,ce0.1,당주 등부 경찰서는 천주 건동을 방화 예비 등함이로 50대 남성 예시를 체포했다고 6일 밝혔다.
p21_u01,p21,ce0.5,방주 동구 경찰서는 천주 권조물 방화 예비 등 혐의로 50대 남성 AC를 체포했다고 6일 밝혔다.
p21_u01,p21,ce1.0,광주 동부 경찰서는 현주 건동을 방화에 믿은 혐의로 50대 남성 A 씨를 체포했다고 6개 밝혔다.
p21_u01,p21,ce2.0,강조 동부 경찰서는 천주 건조물 방화 예비 등함이로 50대 남성 AC를 체포했다고 6일 밝혔다.
p21_u01,p21,ce5.0,방주 동부 경찰서는 천주 권동물 방화 예비 등 혐의로 5대 남성 AC를 체포했다고 6일 밝혔다.
p21_u01,p21,ce10.0,방주 동소 경찰서는 현주 건조 물 방화 예비 등 혐의로 50대 남성 AC를 체포했다고 유길 밝혔다.
p21_u02,p21,taps,A 씨는 지난 2위 오후 1시 30분쯤 본구한 노래홀에 불을 지르려한 혐의를 받는다.
p21_u02,p21,ce0.0,A.C.는 지난 2위 오후 1시 30분쯤 본구한 노래홀에 불을 지르려한 혐의를 받는다.
p21_u02,p21,ce0.1,A 씨는 지난 2위 오후 1시 30분쯤 동구한 노래홀에 불을 줄이려 한 혐의를 받는다.
p21_u02,p21,ce0.5,A 씨는 지난 2일 오후 1시 30분쯤 동구한 노래홀에 불을 지르려한 혐의를 받는다.
p21_u02,p21,ce1.0,A 씨는 지난 2일 오후 1시 30분쯤 동구한 노래홀에 불을 지리려 한 혐의를 받는다.
p21_u02,p21,ce2.0,A 씨는 지난 2일 오후 30분쯤 동구한 노래홀에 부를 지르려한 혐의를 받는다.
p21_u02,p21,ce5.0,H는 지난 2위 오후 30분쯤 동구한 노래홀에 불을 지르려한 혐의를 받는다.
p21_u02,p21,ce10.0,H는 지난 2일 오후 1시 30분쯤 동구한 노래홀에 불을 지르려한 혐의를 받는다.
p21_u03,p21,taps,군은 이남문질이 든 17리터짜리 통을 챙겨들고 노래올 입구에서 영업 시작을 기다리며 소송이다가 목격자의 신고를 받은 경찰이 출동하자 달아났다.
p21_u03,p21,ce0.0,군은 이산 물질이 든 17리터짜리 통을 챙겨들고 노래올 입부에서 영업 시작을 기다리며 서성회다가 목득자의 신고를 받은 경찰이 출동하자 달아갔다.
p21_u03,p21,ce0.1,부는 이사물질이 든 17리터짜리 통을 챙겨들고 노래올 입부에서 영업 시작을 기다리며 서성에다가 목격자의 신고를 받은 경찰이 출동하자 달아났다.
p21_u03,p21,ce0.5,그는 이사 물질이 든 17리터짜리 통을 챙겨들고 노래올 익부에서 영업 시작을 기다리며 소송에다가 목격자의 신고를 받은 경찰이 출동하자 달아났다.
p21_u03,p21,ce1.0,그는 이남문집이 든 17리터짜리 통을 챙겨들고 노래올 입구에서 영업 시작을 기다리며 서송에다가 목격자의 신고를 받은 경찰이 출동하자 달아났다.
p21_u03,p21,ce2.0,"그는 2, 3 물질이 등 17리터짜리 통을 챙겨들고 노래올 입구에서 영업 시작을 기다리며 소송을다가 목격자의 신고를 받은 경찰이 출동하자 달아났다."
p21_u03,p21,ce5.0,그는 이다 물질이 둔 17리터짜리 통을 챙겨들고 노래오륙부에서 영업 시작을 기다리며 소송에다가 목격자의 신고를 받은 경찰이 출동하자 달아났다.
p21_u03,p21,ce10.0,그는 이다 문질이 든 17리터짜리 통을 챙겨들고 노래올 입부에서 영업 시작을 기다리며 서성에다가 목격자의 승고를 받은 경찰이 출동하자 달아났다
p21_u04,p21,taps,전날 오후 1시쯤에는 해당 노래올을 다시 찾아갈 영업을 방해하면 소란을 피웠다
p21_u04,p21,ce0.0,전날 오후 현실쯤에는 해당 노래오들 다시 찾아가 영업을 방해하면 소란을 피웠다
p21_u04,p21,ce0.1,전날 오무연십쯤에는 해당 노래올을 다시 찾아가 영업을 방해하면 소란을 피웠다
p21_u04,p21,ce0.5,전날 오무연색 빔에는 해당 노래올을 다시 찾다가 영업을 방해하며 소란을 피웠다
p21_u04,p21,ce1.0,전날 온우 한식쯤에는 해당 노래올을 다시 찾아가 영업을 방해하며 소란을 피웠다
p21_u04,p21,ce2.0,전달 오브 한시쯤에는 해당 노래오를 다시 찾아가 영업을 방해하며 소란을 피웠다
p21_u04,p21,ce5.0,전날 온우 한시쯤에는 해당 노래오를 다시 찾아가 영업을 방해하며 소란을 피웠다
p21_u04,p21,ce10.0,전날 롬우 한시쯤에는 해당 노래옷을 다시 찾아가 영업을 방해하며 소란을 피웠다
p21_u05,p21,taps,두 사결과 그는 연인이 해당 노래오래서 다른 사람들과 자주 술을 마신다는 이유로 이런 행동을 버린 것으로 드러났다.
p21_u05,p21,ce0.0,"조사 결과, 그는 연인이 해당 노래오래서 다른 사람들과 자주 술을 마신다는 이유로 이런 행동을 버린 것으로 드러났다."
p21_u05,p21,ce0.1,"주사 결과, 그는 연인이 해당 노래올에서 다른 사람들과 자주 술을 마신다는 이유로 이런 행동을 버린 것으로 드러났다."
p21_u05,p21,ce0.5,"조사 결과, 그는 연인이 해당 노래올에서 바른 사람들과 자주 술을 마신다는 이유로 이런 행동을 버린 것으로 드러났다."
p21_u05,p21,ce1.0,"주사 결과, 그는 연인이 해당 노래올에서 다른 사람들과 자주 술을 마신다는 이유로 이런 행동을 버린 것으로 드러났다."
p21_u05,p21,ce2.0,"주사 결과, 그는 연인이 해당 노래올에서 바른 사람들과 자주 술을 마신다는 이유로 이런 행동을 버리는 것으로 드러났다."
p21_u05,p21,ce5.0,조사 결과 그는 연인이 해당 노래올해서 다른 사람들과 자주 술을 마신다는 이유로 이런 행동을 버린 것으로 드러났다.
p21_u05,p21,ce10.0,조사 결과 그는 연이의 해당 노래올에서 다른 사람들과 자주 술을 마친다는 이유로 이런 행동을 벌인 것으로 드러났다.
p21_u06,p21,taps,경찰은 체프 형장을 발부받아 복비 중이던 A 씨를 이날 오전 복잡았으며 구체적인 번행 경위를 파악해 구속영장을 신청할 방치입니다.
p21_u06,p21,ce0.0,경찰은 체프 형장을 발부받아 곧 피 등을 던 A 씨를 이날 오전 붙잡았으며 부대적인 번행 경위를 파악해 구속영장을 신청할 범치입니다.
p21_u06,p21,ce0.1,정찰은 체표 형장을 배부받아 볶이 등 있던 AC를 이날 오전 붙잡았으며 부대적인 범행 경위를 파악해 구속영장을 신청할 방치입니다.
p21_u06,p21,ce0.5,경찰은 체프 형장을 밟으마다 북핏 중이던 A 씨를 이날 오전 복잡았으며 비폐적인 범행 경위를 파악해 그속 영장을 신청할 방치입니다.
p21_u06,p21,ce1.0,경찰은 세프 형장을 배부바다 굽히 등 있던 A 씨를 이날 오전 복잡았으며 대적인 범행 경위를 파악해 구속영장을 신청할 방치입니다.
p21_u06,p21,ce2.0,경찰은 체프 형장을 밟으바다 보필중이던 A 씨를 이날 오전 붙잡았으며 기태적인 범행 경위를 파악해 구속영장을 신청할 방치입니다.
p21_u06,p21,ce5.0,경찰은 테프 형장을 밟을 바다 북핏은 1단 A 씨를 이날 오전 복잡았으며 대적인 번행 경유를 파악해 부속영장을 신청할 봉치입니다.
p21_u06,p21,ce10.0,경찰은 체프 형장을 배부받아 보피 중이던 H를 이날 오전 붙잡았으며 부태적인 던행 경위를 파악해 구속영장을 신청할 방치입니다.
p21_u07,p21,taps,언론중재 위원회 여전국 대구 사무소장이 26일 경북일보 본사를 방문해 아라드는 유용한 언론 분쟁이라는 주제로 강의했다.
p21_u07,p21,ce0.0,언론중재위원회 여전국 대구 사물보장이 26일 경북의보 본사를 방문해 아라드는 유용한 언론 분쟁이라는 지제로 광이했다.
p21_u07,p21,ce0.1,언론 중대위원회 여전국 대구 사무소장이 26일 경북일보 본사를 장문해 아라드는 유용한 언론 분쟁이라는 주대로 광이했다.
p21_u07,p21,ce0.5,언론중재위원회 여정국 배구 사무소장이 26일 경북일보 본사를 방문해 알아도는 유용한 언론 분쟁이라는 주제로 강의했다.
p21_u07,p21,ce1.0,언론 중대위원회 여전국 대구 사무소장이 26일 경북일보 본사를 방원해 알아들면 유용한 언론 분쟁이라는 주제로 강의했다.
p21_u07,p21,ce2.0,언론중재위원회 여전국 대구 사무코 장위 26일 경북일보 본사를 장문해 알아도는 유용한 언론 분쟁이라는 주제로 강의했다.
p21_u07,p21,ce5.0,언론 중대위원회 여전국 배구 사무소장이 26일 경북의보 본사를 방문해 알아들는 유용한 언론 증생이라는 주대로 강의했다.
p21_u07,p21,ce10.0,언론 중재위원회 여정국 배고사무소장이 26일 경북일보 본사를 당원해 알아듣는 유용한 언론 분쟁이라는 주제로 강의했다.
p21_u08,p21,taps,경북의보 임직원 워크소비라 명령된 이번 강인은 본사 직원 30명을 대상으로 진행됐다.
p21_u08,p21,ce0.0,정북일보 인지관 모크소비라 명령된 이번 간이는 본사 직원 30명을 대상으로 진행됐다.
p21_u08,p21,ce0.1,정부 갤보 임직원 목투소비가 명명된 이번 강인은 본사 직원 40명을 대상으로 진행됐다.
p21_u08,p21,ce0.5,경부일보 임직원 로크수비라 명령된 이번 강의는 분사 직원 30명을 대상으로 진행됐다.
p21_u08,p21,ce1.0,정부일보 임직원 로크수비라 명령된 이번 강의는 돈사 직원 30명을 대상으로 진행됐다.
p21_u08,p21,ce2.0,경북일보 임직원 모크소피가 명령된 이번 강인은 분사 직원 30명을 대상으로 진행됐다.
p21_u08,p21,ce5.0,경북일보 임직원 로크소피라 명명된 이동 강의는 본사 직원 30명을 대상으로 진행됐다.
p21_u08,p21,ce10.0,경북일보 임직원 목푸소 비라 명명된 이본방위는 분사 직원 30명을 대상으로 진행됐다.
p21_u09,p21,taps,경북 대표일간지에 경북을 모아 언론중재위원회 간에 그르는 물론 질문 질답을 통해 성호관 군정적 영향 구축이 목적이다.
p21_u09,p21,ce0.0,경북 대표일간지의 경북을 모아 언론중재위원회 간에 그르는 물론 질문 질답을 통해 성호관 긍정적 영향 구축이 목적이다.
p21_u09,p21,ce0.1,경북 배필간지의 경북을 모아 언론중재위원회 간의 교류는 물론 질문 질답을 통해 상호관 긍정적 영향 구축이 목적이다.
p21_u09,p21,ce0.5,경북 대표율 간지인 경북일 모아 언론 중대위원회 간에 그르는 물론 질문 질사부 통해 상호간 긍정적 영향 값주기 목적이다.
p21_u09,p21,ce1.0,경북 대표율 간지의 경북일보와 언론중재위원회 간에 구르는 물론 질문 질답을 통해 성호관 긍정적 영향 구축이 목적이다.
p21_u09,p21,ce2.0,경북 대표율 간지의 경북을 보와 언론중재위원회 간의 교르는 물론 질문 질답을 통해 성호관 긍정적 영향 구축이 목적이다.
p21_u09,p21,ce5.0,경북 대표율 간지의 경북을 모아 언론 중대위원회 간에 구르는 물론 질문 질답을 통해 상호관 긍정적 영향 구축이 목적이다.
p21_u09,p21,ce10.0,경북 대표율 간지의 경속을 모아 언론 중대위원회 간의 교르는 물론? 질문 질답을 통해 상호관 긍정적 영향 구축이 목적이다.
p21_u10,p21,taps,"당연히는 영의 회손의 주요 정점, 코산권치 매트는 언론 중대위원회 손으로 진행됐다."
p21_u10,p21,ce0.0,방위는 영의 훼손에 죽여증땀 포살건치매트는 언론 중대위원회 순으로 진행됐다.
p21_u10,p21,ce0.1,당이는 영의 훼손의 주요 정점 초살번씩 매등을 언론 중대위원회 20으로 진행됐다
p21_u10,p21,ce0.5,당이는 영의 훼손의 주요 점점 소설권 칠해 등을 언론 중대위원회 순으로 진행됐다.
p21_u10,p21,ce1.0,"당이는 영의 훼손의 두 여정점, 코살번치맷 등 언론 중대위원회 손으로 진행됐다."
p21_u10,p21,ce2.0,"당위는 영회 훼손의 주교 정점, 소상권치 매트는 언론중대위원회 20으로 진행됐다."
p21_u10,p21,ce5.0,"강의는 0일 훼손의 주요 정점, 소살건치 매등, 언론 중대 위연의 풍으로 진행됐다."
p21_u10,p21,ce10.0,강의는 영의 훼손의 주요 정담 초상권침에 등은 언론 중대위원회 손으로 진행됐다.
p21_u11,p21,taps,특히 명예효송과 초상권실의 부분이 실제 연중위에서도 가장 접프하려가 많았기에 이에 대한 자세한 설명이 이뤄졌다.
p21_u11,p21,ce0.0,특히 명의 해송과 초살권 칠해 부분이 실제 연중위에서도 가장 겹주 카레가 많았기에 이에 대한 자세한 설명이 이뤄졌다.
p21_u11,p21,ce0.1,특히 명예효송과 초살던 칠해 부분이 실수 연중위에서도 과정 접수 카리가 많았기에 이에 대한 자세한 현령이 이뤄졌다.
p21_u11,p21,ce0.5,푹히 명예 회송과 소상권 출의 부분이 실수의 원중위에서도 가장 겹주 사례가 많았기에 이에 대한 자세한 훌륭이 이루어졌다.
p21_u11,p21,ce1.0,특히 명예세송과 소설권 출회 부분이 실수연증위에서도 가장 접수한이가 많았기에 이에 대한 자세한 설명이 이뤄졌다.
p21_u11,p21,ce2.0,특히 명의 회송과 초상권 침의 부분이 실제 원중위에서도 과장의 법수 사례가 많았기에 이에 대한 자세한 설명이 이루어졌다.
p21_u11,p21,ce5.0,특히 명예 회동과 또 상건치의 부분이 실제 원중위에서도 과정 접수하려가 많았기에 위혜대한 자세한 현령이 이뤄졌다.
p21_u11,p21,ce10.0,특히 명예회성과 소상권층의 부분이 실제 원중위에서도 가장 겹투 사례가 많았기에 위에 대한 자세한 설명이 이뤄졌다.
p21_u12,p21,taps,방사자 특정 여부가 핵싱 도소로 꼽혔으며 문도리안을 신DIM 얼굴이 크고 접된 경우가 재표적이었다.
p21_u12,p21,ce0.0,당사자 특정 여부가 핵심 조소로 꼽혔으며 문도리안을 신띠는 얼굴이 클로즈업된 경우가 재표적이었다.
p21_u12,p21,ce0.1,장사자 특정 여부가 핵심 교소로 꼽혔으며 문도리안의 신빙 얼굴이 크고적된 경우가 재표적이었다.
p21_u12,p21,ce0.5,당사자 특정 여부가 핵심 교수로 꼽혔으며 눈놀이안을 심리한 얼굴이 클로섭된 경호가 재풀적이었다.
p21_u12,p21,ce1.0,장사자 특정 여부가 핵심 교소로 꼽혔으며 문도리하는 신빗 얼굴이 크로섭된 경우가 지표적이었다.
p21_u12,p21,ce2.0,장사자 특정 여부가 핵심 교소로 꼽혔으며 문도리안을 심린 얼굴이 크로섭된 경우가 잡혀졌다.
p21_u12,p21,ce5.0,장사사 특정 여부가 핵심 교소로 꼽혔으며 문도리안의 신빈 얼굴이 크로섭된 경우가 작표적이었다.
p21_u12,p21,ce10.0,장사사 특정 여부가 핵심 교서로 꼽혔으며 눈놀이안의 신빈 얼굴이 크고 섭 땡 경호가 지표적이었다.
p21_u13,p21,taps,얼굴 외에도 전화번호와 기타 특정할 수 있는 부분에 노출력으로 신승해야 한다고 표현했다.
p21_u13,p21,ce0.0,얼굴 외에도 전화번호와 기타 특정할 수 있는 부분에 노출력으로 신승해야 한다고 지원했다.
p21_u13,p21,ce0.1,얼굴 외도 전화번호와 기타 특정할 수도 있는 부분에 노출려부로 신생해야 한다고 부연했다.
p21_u13,p21,ce0.5,얼굴 외에도 전화번호와 기타 특정할 수 있는 부분에 노출려부로 신중해야 한다고 표현했다.
p21_u13,p21,ce1.0,얼굴 외로 전화번호와 뒤타 특정할 수 있는 부분에 노출별으로 신승해야 한다고 비용했다.
p21_u13,p21,ce2.0,얼굴 외에도 전화번호와 기타 특정할 수 있는 부분에도 충격으로 신승해야 한다고 표현했다.
p21_u13,p21,ce5.0,얼굴 외에도 변화번호와 기타 특정할 수 있는 부분에 노출력으로 신세해야 한다고 부연했다.
p21_u13,p21,ce10.0,얼굴 외에도 전화번호와 기타 특정할 수 있는 부분에 노출력으로 신세해야 한다고 부연했다.
p21_u14,p21,taps,"묶지 작풍이, 영수 작풍이, 공교 작동이 등 보완 방법도 좋았고 무엇보다도 공이게 대한 여부와 가장 크자고 강조됐다."
p21_u14,p21,ce0.0,"미치 작동이, 영시 작동이, 공개 작동이 등 보완 방법도 좋았고, 무엇보다도 공익에 대한 여부와 가장 패자고 강조됐다."
p21_u14,p21,ce0.1,"무치작동이, 영시작동이, 동계작동이 등 보완 방법도 좋아한 덕뽑, 무엇보다도 공익에 대한 여부가 가장 크다고 강조됐다."
p21_u14,p21,ce0.5,"육지작동이, 영시작동이, 공개작동이 등 보안 방법도 좋아한 됐고 무엇보다도 공익에 대한 여부가 가장 크다고 강조됐다."
p21_u14,p21,ce1.0,"물치작동이, 영시작동이, 공개작동이 등 보안 방법도 좋았됐고, 무엇보다도 공익에 대한 여부가 가장 켜지고 강조됐다."
p21_u14,p21,ce2.0,"무치작동이, 영시작동이, 공개작동이 등 보안 방법도 좋았고 무엇보다도 공개에 대한 여부가 가장 크다고 강조됐다."
p21_u14,p21,ce5.0,"묵시작동이, 영시작동이, 동계작동이 등 보안 방법도 소환됐고 무엇보다도 공익에 대한 여부와 가장 큰하고 광조됐다."
p21_u14,p21,ce10.0,"묵지적 동의, 영시적 동의, 공개적 동의 등 보안 방법도 좋았냈고 무엇보다도 공익에 대한 여부가 가장 크다고 강조됐다"
p21_u15,p21,taps,여종국 언론중재위원회 대구 사무코장은 공립보도를 위해 특정 부분의 신익 항황이도 가능하다며 흰 강의 시간동안 강의의 의미도서 검사율인다고 말했다.
p21_u15,p21,ce0.0,여동북 언론중재위원회 대구 사무코장은 공익보더를 위해 특정 부분의 신익한 향이도 가능하다며 긴 강의 시간동안 강의의 의미도서 감사하려는다라고 말했다.
p21_u15,p21,ce0.1,여성국 언론중재위원회 대구 사무소장은 봉익보더를 위해 특정 부분의 신익 항황이도 가능하다며 등 광이 시간동안 강히 임해 줘서 검사드린다 라고 말했다.
p21_u15,p21,ce0.5,여정국 언론 중대위원회 대구 사무소장은 봉익 보도를 위해 특정 부분의 신익 항향이도 가능하다며 긴 강의 시간 동안 강의 의미도서 감사하드린다고 말했다.
p21_u15,p21,ce1.0,여정국 언론 중대위원회 대구 사무소장은 봉이 보도를 위해 특정 부분의 신익 항강이도 가능하다며 지금 강의 시간 동안 강의 의미도서 감사하드린다고 말했다.
p21_u15,p21,ce2.0,여전국 언론 중대위원회 대구 사무소장은 공유 보도를 위해 특정 부분의 신이 강하 강의도 가능하다며 지금 강의 시간 동안 강의 임해 줘서 감사드린다고 말했다.
p21_u15,p21,ce5.0,"여성국 언론 중대위원회 대구 참호호장은 봉익 보도를 위해 특정 부분의 신입 항향이도 가능하다며 지금 강의 시간 동안 강의에 이내줘서 범차가 드린다, 라고 말했다."
p21_u15,p21,ce10.0,여성국 언론중대위원회 대구 사무소장은 봄이 보도를 위해 특정 부분의 신항향이도 가능하다며 중강의 시간 동안 강의 의메조서 검사율인다라고 말했다.
p21_u16,p21,taps,"한편 언론중재위원회는 대구, 부산, 방주, 대전, 경기, 장원, 충북, 전북, 경남, 제주등, 열고세 지역 사무소를 두고 있다."
p21_u16,p21,ce0.0,"한편 언론중재위원회는 대구, 부산, 방조, 대전, 경기, 강원, 출북, 전북, 광남 제주대, 10곳의 지역 사무소를 두고 있다."
p21_u16,p21,ce0.1,"한편 언론중재위원회는 대구, 부산, 방주, 대전, 경기, 당원, 출북, 전북, 장남, 제주등, 열포세 지역 사무소를 두고 있다."
p21_u16,p21,ce0.5,"한편 언론 중태위원회는 대구, 부산, 방주, 대전, 경기, 방원, 출북, 전북, 경남, 제주들, 열고세 지역 사무소를 두고 있다."
p21_u16,p21,ce1.0,"한편 언론 중대위원회는 대구, 부산, 광주, 대전, 경기, 방원, 충북, 전북, 경남, 제주등, 열고세 지역 사무소를 두고 있다."
p21_u16,p21,ce2.0,"한편 언론 증세위원회는 대구, 부산, 강조, 대전, 경비, 강원, 충북, 전북, 강남, 제주등, 열고세 지역 사문소를 두고 있다."
p21_u16,p21,ce5.0,"한편 언론 중대위원회는 대구, 부산, 방조, 대전, 경기, 장원, 충북, 전북, 경남, 제주등, 열고세 지역 사무소를 두고 있다."
p21_u16,p21,ce10.0,"한편 언론 중대위원회는 대구, 부산, 방주, 대전, 경기, 강원, 충북, 전북, 경남, 제주등, 10곳의 지역 사무소를 두고 있다."
p21_u17,p21,taps,이 대명 더불어민주당 대표 후보가 22를 광주에서 한 여성의 사인 요청을 거절하는 모습이 표착돼 온라인을 중심으로 화제를 모으고 있다.
p21_u17,p21,ce0.0,이재명 더불어민주당 대표 후보가 20일 광주에서 한 여성의 사인 요청을 거절하는 모습이 표착돼 온라인을 중심으로 화제를 모으고 있다.
p21_u17,p21,ce0.1,이 대명 더불어민주당 대표 후보가 22를 광주에서 환 여성의 사인 요청을 더절하는 모습이 표착돼 온라인을 중심으로 화제를 모으고 있다.
p21_u17,p21,ce0.5,이 개명 더불어민주당 대표 후보가 20일 광주에서 한 여성의 사인 요청을 거절하는 모습이 표착될 온라인을 중심으로 화대를 모으고 있다
p21_u17,p21,ce1.0,이 대명 더불어민주당 대표 후보가 20일을 방지해서 한 여성의 쌓인 요청을 거절하는 모습이 포착돼 온라인을 중심으로 화제를 모으고 있다.
p21_u17,p21,ce2.0,이 개명 더불어민주당 대표 후보가 20일 광주에서 한 여성의 사인 요청을 거절하는 모습이 포착돼 온라인을 중심으로 화제를 모으고 있다.
p21_u17,p21,ce5.0,이 개명 더불어민주당 대표 후보가 이 시비를 광지해서 한 여성의 사인 요청을 거절하는 모습이 포착돼 온라인을 중심으로 화제를 모으고 있다.
p21_u17,p21,ce10.0,이 개명 더불어민 주당 대표 후보가 20일 광주에서 한 여성의 싸인 요청을 거절하는 모습이 표착돼 온라인을 중심으로 화제를 모으고 있다.
p21_u18,p21,taps,이 후보는 이날 오후 민주당 방대표님 최고위원 후보들의 합동연설회가 열린 광주 김대준 컴댔선 센터를 찾았다.
p21_u18,p21,ce0.0,이 수보는 이날 오후 민주당 방대표니트 최고위험 소보들의 합둑 연설회가 열린 광주 진대진 컴벨센터를 찾았다.
p21_u18,p21,ce0.1,이 후보는 이날 오토민주당 방대품이 최고위원 소보들의 핫 등 연설회가 열린 광주 김대준 컴벨센터를 찾았다.
p21_u18,p21,ce0.5,이 후보는 이날 오후 민주당 방대표미 최고위원 후보들의 합분 연설과 열린 광주 긴 대중 컴벨션센터를 찾았다.
p21_u18,p21,ce1.0,이 후보는 인사해 오후 민주당 방대표 및 최고위원 후보들의 합동연설회가 열린 광주 긴 대중 컴백센터를 찾았다.
p21_u18,p21,ce2.0,이 후보는 이날 오후 민주당 방대표님이 최고위원 후보들의 합동연설회가 열린 강조 김대중 컴퓨션 센터를 찾았다.
p21_u18,p21,ce5.0,이 후보는 이날 오후 민주당 방대표 및 최고위원 후보들의 합동연설과 열린 강조 김대중 컴퇴선센터를 찾았다.
p21_u18,p21,ce10.0,이 후보는 이날 오후 민주당 당 대표님 최고위원 후보들의 합동연설과 열린 광주 김대중 컴퓨터 센터를 찾았다
p21_u19,p21,taps,"이 후보가 차에서 내리자, 기회 지지자들이 몰려들었고, 그는 지지자들과 주먹인 사료 나누거나 손을 흔들기도 했다."
p21_u19,p21,ce0.0,"이 후보가 차에서 내리자, 그의 지지자들이 몰려들었고, 그의 지지자들과 주목인사를 나누거나 손을 흔들기도 했다."
p21_u19,p21,ce0.1,"이 후보가 차에서 내리자, 그의 주지자들이 몰려들었고, 그는 지지자들과 주먹인 사료 나누거나 손을 흔들기도 했다."
p21_u19,p21,ce0.5,"이 후보가 차에서 내리자, 그의 지지자들이 몰려들었고, 그는 지지자들과 주목의 사료 나누거나 손을 흔들기도 했다."
p21_u19,p21,ce1.0,이 후보가 찰수 내리자. 그의 지지자들이 몰려들었고 그는 지지자들과 중독인 사료 나누거나 손을 흔들기도 했다.
p21_u19,p21,ce2.0,"이 후보가 차에서 내리자, 그의 지지자들이 몰려들었고, 그의 지지자들과 주먹인 사료 나누거나 손을 핸들기도 했다."
p21_u19,p21,ce5.0,이 후보가 찰서 내리자. 뒤에 지지자들이 몰려들었고 그는 지지자들과 주먹의 사례를 나누거나 손을 흔들기도 했다.
p21_u19,p21,ce10.0,이 후보가 찰서 내리자 귀에 지지자들이 몰려들었고 그는 지지자들과 주먹인 사료 나누거나 손을 흔들기도 했다
p21_u20,p21,taps,이 후보는 이날 민주당 터빵 씨의 광주 전남 지역의 경선 투표에서 투표 80%의 육박하는 표를 얻으며 압승에 걸었다.
p21_u20,p21,ce0.0,이 후보는 이날 민주장 텃받이는 광주 전남 지역의 강선 투표에서 투표 80%의 육박하는 표를 얻으며 앞증을 걸었다.
p21_u20,p21,ce0.1,이 후보는 이날 민주당 터빛이 광주 전남 주역의 경선 투표에서 투표율 80%에 육박하는 표를 얻으며 압승을 걸었다.
p21_u20,p21,ce0.5,이 후보는 이 날 민주당 턱 바시는 광주 전남 지역의 경선 투표에서 투표 80%의 육박하는 필요를 얻으며 압승을 걸었다.
p21_u20,p21,ce1.0,이 후보는 이날 민주장 텃받이는 강준 전남 지역의 경선 투표에서 투표 80%에 욕박하는 표를 얻으며 압승을 걸었다.
p21_u20,p21,ce2.0,이 후보는 이 날 민주장 텃받이는 강주 전남 지역의 경선 투표에서 투표 80%에 욕박하는 필요를 얻으며 압승을 걸었다.
p21_u20,p21,ce5.0,이 후보는 이날 민주당 터빛인 강조 전남 지역의 강선 투표에서 투표 80%의 육박하는 필요를 얻으며 압승을 걸었다.
p21_u20,p21,ce10.0,이 후보는 위날 민주당 텍 바시는 강조 전남 지역의 경선 투표에서 투표 80%의 육박하는 표를 얻으며 압승을 걸었다.
p21_u21,p21,taps,이 후보의 이날 모습은 기회 기지자들이 올린 유튜브 영상에 담겼는데 여기에는 그가 쌍이유청을 거절하는 상면도 포착됐다.
p21_u21,p21,ce0.0,이 수보의 이날 모습은 그의 비치자들이 올린 유튜브 영상에 담겼는데 여기에는 그가 쌍유통을 거절하는 상면도 포착됐다.
p21_u21,p21,ce0.1,이스보의 이나의 모습은 부위주치자들이 올링 유튜브 영상에 담겼는데 여기에는 그가 쌍유형을 거절하는 장면도 포착됐다.
p21_u21,p21,ce0.5,유수부의 이날 모습은 그의 비티자들이 올린 유튜브 영상에 담겼던데 여기에는 그가 쌍인 유통을 거절하는 장면도 포착됐다.
p21_u21,p21,ce1.0,이 후보의 이날 모습은 그의 지지자들이 올린 유튜브 영상에 담겼는데 여기에는 그가 쌍이 유통을 거절하는 장면도 포착됐다.
p21_u21,p21,ce2.0,이 후보에 이날 모습은 그의 지지자들이 올린 유튜브 영상에 담겼는데 여기에는 그가 쌓인 유통을 거절하는 장면도 포착됐다.
p21_u21,p21,ce5.0,이 후보의 이날 모습은 그의 지치자들이 올린 유튜브 영상에 담겼던데 여기에는 그가 쌓인 유통을 거례라는 사람도 포착됐다.
p21_u21,p21,ce10.0,이 후보에 이날 모습은 그의 뒷지자들이 올린 유튜브 영상에 담겼는데 여기에는 그가 쌓인 요청을 거절하는 정면도 포착됐다.
p21_u22,p21,taps,분홍색 상의를 입은 한 여성이 가방에서 체크한 건을 꺼내 이 수부에게 사인을 요청했다.
p21_u22,p21,ce0.0,분홍색 상의를 입은 한 여성이 가방에서 책 한 건을 꺼내 이 수부에게 사인을 요청했다.
p21_u22,p21,ce0.1,분홍색 상위를 입은 한 여성이 가방서책한건을 꺼내 이 후보에게 스타일을 요청했다.
p21_u22,p21,ce0.5,분홍색 상위를 입은 한 여성이 가방에서 체크한 거를 꺼내 이스부에게 사인을 유통했다.
p21_u22,p21,ce1.0,분홍색 상의를 입은 한 여성이 가방에서 책 한 건을 꺼내 이 후부에게 사인을 요청했다.
p21_u22,p21,ce2.0,분홍색 상위를 입은 한 여성이 가방에서 책 한 건을 꺼내 이 후부에게 사인을 요청했다.
p21_u22,p21,ce5.0,분홍색 상위를 입은 함 여성이 가방에서 체크한 건을 꺼내 이 후부에게 싸인을 요청했다.
p21_u22,p21,ce10.0,분홍색 상위를 입은 함 여성이 가방에서 책 한 건을 꺼내 이 후부에게 딴을 요청했다.
p21_u23,p21,taps,이 후보는 책을 받아들고 표지를 유심히 보더니 다시 여성에게 책을 돌려줬다.
p21_u23,p21,ce0.0,20분은 책을 받아들고 표지를 유심히 보더니 다시 여성님께 책을 돌려줬다.
p21_u23,p21,ce0.1,이 후보는 책을 받아들고 표지를 유심히 보더니 다시 여성에게 책을 돌려줬다.
p21_u23,p21,ce0.5,이 후보는 책을 받아들고 표지를 유심을 보더니 다시 여성에게 책을 돌려줬다.
p21_u23,p21,ce1.0,위수보는 책을 받아들고 표지를 유심을 보더니 다시 여성에게 책을 돌려줬다.
p21_u23,p21,ce2.0,이 후보는 책을 받아들고 표지를 유심해 보더니 다시 여성에게 책을 돌려줬다.
p21_u23,p21,ce5.0,이 후보는 책을 받아들고 표지를 육심을 보더니 다시 여성에게 책을 돌려줬다.
p21_u23,p21,ce10.0,이 후보는 책을 받아들고 표지를 열심히 보더니 다시 여성에게 책을 돌려줬다.
p21_u24,p21,taps,이 여성은 제 차 사인을 요청했으나 이 수보는 구개를 다른 쪽으로 돌려 거부 의사를 표현했다.
p21_u24,p21,ce0.0,이 여성은 제 차 사인을 요청했으나 이 수보는 고개를 다른 쪽으로 돌려 거부 의사를 표현했다.
p21_u24,p21,ce0.1,이 여성은 제 차 사인을 요청했으나 이 후보는 두 개를 다른 쪽으로 돌려 거부 의사를 초연했다.
p21_u24,p21,ce0.5,이 여성은 재차 다인을 요청했으나 이 후보는 구개를 다른 쪽으로 불렀 거부 의사를 취해냈다.
p21_u24,p21,ce1.0,이 여성은 재차 사인을 요청했으나 이 후보는 구계를 다른 쪽으로 돌려 거북 의사를 출연했다.
p21_u24,p21,ce2.0,이 여성은 제 차 사인을 요청했으나 이 후보는 국회를 다른 쪽으로 돌려 거품 의자를 표현했다.
p21_u24,p21,ce5.0,이 여성은 재차 사인을 요청했으나 이 후보는 구개를 다른 쪽으로 둘러 거부 의자를 표현했다.
p21_u24,p21,ce10.0,이 여성은 재차 싸인을 요청했으나 이 후보는 부대를 다른 쪽으로 불려 거봉 의사를 표현했다.
p21_u25,p21,taps,그러자 이 수부에 옆에 있던 한 남성은 회당 여성에게 손으로 엑시 필시를 하고 고개를 줬다
p21_u25,p21,ce0.0,그러자 이 수부에 옆에 있던 한 남성은 회장 여성에게 손으로 엑스피시를 하고 고개를 저었다.
p21_u25,p21,ce0.1,브러자 이 수부에 옆에 있던 한 남성은 회당 여성에게 손으로 엑스피시를 하고 구개를 저었다.
p21_u25,p21,ce0.5,그러다 이 수부에 옆에 있던 한 남성은 회당 여성에게 손으로 엑시필 씨를 하고 두 개를 저었다.
p21_u25,p21,ce1.0,그러자 이스부에 옆에 있던 한 남정은 화장 여성에게 손으로 X2C를 사고 구개를 저었다.
p21_u25,p21,ce2.0,그러자 이 후보에 옆에 있던 한 남은 정은 화장 여성에게 손으로 xpc를 하고 고개를 저었다.
p21_u25,p21,ce5.0,그러다 이 후보에 옆에 있던 한 남은 중은 해당 여성에게 손으로 엑스피시를 하고 고개를 저었다.
p21_u25,p21,ce10.0,그러자 이 후보에 옆에 있던 한 남성은 해당 여성에게 손으로 xpc를 하고 구개를 저었다
p21_u26,p21,taps,이 후보가 사인을 하지 않을 것이니 더이상 요청하지 말라는 의위인 것으로 보인다.
p21_u26,p21,ce0.0,이 수보가 사인을 하지 않을 것이니 더 이상 요청하지 말라는 의위인 것으로 보인다.
p21_u26,p21,ce0.1,이 후보가 사인을 하지 않을 것이니 더 이상 요청하지 말라는 의윙인 것으로 보인다.
p21_u26,p21,ce0.5,이 수보가 사인을 하지 않을 것이니 더 이상 교수형하지 말라는 레이밍으로 소리 보입니다.
p21_u26,p21,ce1.0,이 후보가 사인을 하지 않을 것이니 더 이상 요청하지 말라는 의미인 것으로 보입니다.
p21_u26,p21,ce2.0,이 후보가 사인을 하지 않을 것이니 더 이상 교청하지 말라는 내용인것으로 보인다.
p21_u26,p21,ce5.0,이 후보가 사인을 하지 않을 것이니 더 이상 교청하지 말라는 내용은 것으로 보인다.
p21_u26,p21,ce10.0,이 후보가 사인을 하지 않을 것이니 더 이상 교청하지 말라는 의미는 것으로 보입니다.
p21_u27,p21,taps,이 후보가 사연을 겉프한 이유는 여성이 내린 책대는 것으로 내겨진들은 습쭉하고 있다.
p21_u27,p21,ce0.0,이 후보가 사연의 겉 부안 이유는 여성의 램인 책 때문인 것으로 내 두진들은 수치하고 있다.
p21_u27,p21,ce0.1,이 후보가 사연을 거프한 이유는 여성이 내민 책 때문인 것으로 내 조진들은 축축하고 있다.
p21_u27,p21,ce0.5,이 후보가 사연의 겉 부안 이유는 여성이 내민 책 때문인 것으로 내입진되는 숙숙하고 있다.
p21_u27,p21,ce1.0,이 후보가 사연의 거프한 이유는 여성이 내민 3 때문인 것으로 내주신 드는 숙축하고 있다.
p21_u27,p21,ce2.0,이 후보와 사연의 겉은 여성이 내민 3 때문인 것으로 내습시는 드는 촉촉하고 있다.
p21_u27,p21,ce5.0,이 후보가 쌓연을 겉부한 이유는 여성이 내민택 때문인 것으로 내 주진들은 축축하고 있다.
p21_u27,p21,ce10.0,이 후보가 당연히 겉부한 이유는 여성이 내민 책 때문인 것으로 내 조진들은 축축하고 있다.
p21_u28,p21,taps,영상에서 해당 철기 정확하게 보이진 않지만 흰색 표지의 비치와 곧 바이 이재명 아니냐를 수장이 제기됐다
p21_u28,p21,ce0.0,영상에서 해당책이 정확하게 보이진 않지만 흰책 표지의 비치와 굿바이 이재명 아니냐를 조장이 제기됐다
p21_u28,p21,ce0.1,영상에서 해당 새끼 정화 사계 보이진 않지만 흰색 퀴즈지의 비추어 본바이 2대명 아니냐를 주장이 적이됐다
p21_u28,p21,ce0.5,영상에서 해당책이 정확하게 보이지는 않지만 흰책 표지의 비주얼 곧바이 이재명이 아니면 조장이 제기됐다
p21_u28,p21,ce1.0,영상에서 해당첩이 정확하게 보이진 않지만 흰색 트위에 비추어 곧 바이 2-3명 아니냐는 주장이 제기됐다
p21_u28,p21,ce2.0,영상에서 해당 체비 정확하게 보이진 않지만 신세표지의 비치와 곧바이 이재명 아니냐는 주장이 제기됐다
p21_u28,p21,ce5.0,영향에서 해당책이 정확하게 보이진 않지만 흰색 표지의 비치와 꽃바이 2-3명 아니냐는 주장이 제기됐다
p21_u28,p21,ce10.0,영상에서 회당 체비 정확하게 보이진 않지만 흰색 표지의 비추어 곧 빠이 2-3명 안이냐는 주장이 제기됐다
p21_u29,p21,taps,장영아 변호사가 지난해 12월 출간한 이 책은 이수보와 그의 치룡인을 보호 이재선 씨의 갈등을 다뤘다.
p21_u29,p21,ce0.0,"당량아 조모사가 지난해 12월 출간한 이 책은 이스보와 그의 치룡인을 부, 이재선 씨의 갈등을 다뤘다."
p21_u29,p21,ce0.1,장영아 전호사가 지난해 12월 출간한 이 책은 이스보와 그의 칠령인이 두 이재선 씨의 갈등을 다뤘다.
p21_u29,p21,ce0.5,강영아 변호사가 지난해 12월 출간한 이책은 이스부와 괴의 치명인 부위회선 씨의 갈등을 다뤘다.
p21_u29,p21,ce1.0,강룡아 졸호사가 지난해 12월 출간한 이 책은 이 후보와 그의 신영인을 보 이제선 씨의 발등을 다뤘다.
p21_u29,p21,ce2.0,강영아 변호사가 지난해 12월 출간한 이 책은 이스보와 그의 치명인을 구우 이재선 씨의 갈등을 다뤘다.
p21_u29,p21,ce5.0,강영아 변호사가 지난해 12월 출간한 이 책은 이스보와 그의 치명인 부 이재현 씨의 갈등을 다뤘다.
p21_u29,p21,ce10.0,강영아 변호사가 지난해 12월 출간한 이 책은 이 후보와 그의 친영인의 부 이재원 씨의 발등을 자롯다.
p21_u30,p21,taps,인주당은 장 변호사가 이재설 씨의 일방적인 수량을 담았다며 한매금지 갖춰본 신청을 했지만 법원은 이를 기각한 바 있다.
p21_u30,p21,ce0.0,인주당은 장전호사가 이제서 씨의 일방적인 수령을 담았다며 한매 금지 갖춰보는 신청을 했지만 법원은 이를 기각한 바 있다.
p21_u30,p21,ce0.1,윤주당은 장병호사가 이재설 씨의 일방적인 수량을 담았다며 한매 금지 갖춰본 신청을 했지만 저번은 이를 기각한 바 있다.
p21_u30,p21,ce0.5,윤주당은 정 변호사가 이 개선 씨의 일방적인 수정을 담았다며 한매 근직 과쳐본 신청을 했지만 저번은 이를 기각한 바 있다.
p21_u30,p21,ce1.0,임지당은 장병호사가 이재선 씨의 일방적인 수령을 담았다며 판매 금지 과처분 신청을 했지만 법원은 이를 기각한 바 있다.
p21_u30,p21,ce2.0,임주당은 장변호사가 이사선 씨의 일방적인 주장을 담았다며 한매 금지 갖춰본 신상을 했지만 법원은 이를 기각한 바 있다.
p21_u30,p21,ce5.0,윤주당은 장 변호사가 이재원 씨의 일방적인 주장을 담았다며 판매 금지 과처분 신청을 했지만 법원은 이를 기각한 바 있다.
p21_u30,p21,ce10.0,윤주당은 장 변호사가 이재원 씨의 일방적인 수장을 담았다며 한매 금지 과쳐본 신청을 했지만 법원은 이를 기각한 바 있다.
p21_u31,p21,taps,이 성군이 주민 자치의 툴을 강화하는 릴레이 주민 송애를 개책키로 해 주목된다.
p21_u31,p21,ce0.0,이성군이 주민자치의 추를 강화하는 릴레이 주민 송해를 개최키로 해 주목된다.
p21_u31,p21,ce0.1,인성군이 주민자치의 툴을 강화하는 릴레이 주민 성대를 개책키로 해 주목된다.
p21_u31,p21,ce0.5,이성군이 주민자치의 틀을 광화하는 릴레이 주민송해를 개책키로 해 주목된다.
p21_u31,p21,ce1.0,이 성군이 주민 자치의 툴을 강화하는 릴레이 주민 성애를 개최키로 해 주목된다.
p21_u31,p21,ce2.0,이성군이 주민자치의 툴 강화하는 릴레이 주민 송회를 개최키로 해 주목된다.
p21_u31,p21,ce5.0,의성군이 주민 자치의 틀을 광화하는 릴레이 주민 송해를 개첩해로 해 주목된다.
p21_u31,p21,ce10.0,이성군이 주민자치의 툴을 강화하는 릴레이 주민 송회를 개첩히로 해 주목된다.
p21_u32,p21,taps,9는 7을 안 사례낼 수작으로 8월 말까지 18개의 입연에서 밀레이 주민 청해를 개최한다.
p21_u32,p21,ce0.0,굳은 7을 안세면을 수작으로 8개의 연에서 밀리 주민 총회를 대치한다.
p21_u32,p21,ce0.1,부는 7을 안 사면을 주작으로 철화 말까지 18개의 입면에서 밀레이 주민 총회를 개최한다
p21_u32,p21,ce0.5,굿는 7일 안 사례낼 수다그로 8월 말까지 18배에 의견해서 밀레이 주민 청해를 겪히 한다.
p21_u32,p21,ce1.0,군은 7일 안사면을 시작으로 8월 말까지 18개의 읍위원회에서 밀레이 주민 송해를 개최한다.
p21_u32,p21,ce2.0,군은 7일 안 사면을 시장으로 8월 말까지 18개의 의견에서 밀레이점인 총회를 개최한다.
p21_u32,p21,ce5.0,군은 7일 안사론을 시작으로 8월 말까지 18개의 읍변에서 늘레이 주민 송해를 배치한다.
p21_u32,p21,ce10.0,분은 7일 안 사론낼 시장으로 8월 말까지 18개의 읍변에서 늘레이 주민 총회를 개최한다.
p21_u33,p21,taps,주민총회는 지역 주민들이 모여 지역의 일에 대해 논의하고 결정하는 주민 공원장이다
p21_u33,p21,ce0.0,주민통회는 지역 주민들이 모여 지역의 일에 대해 논의하고 설정하는 주민의 공원장이다.
p21_u33,p21,ce0.1,주민층에는 지역 주민들이 모여 지역에 이래 대의 논의역공 절정안을 주민 국문장이다.
p21_u33,p21,ce0.5,주민 총회는 지역 주민들이 모여 지역의 일에 대해 논의하고 결정하는 주민이 공원장이다.
p21_u33,p21,ce1.0,주민 총회는 지역 주민들이 모여 지역의 일에 대해 논의하고 결정하는 주민 공론장이다.
p21_u33,p21,ce2.0,주문송에는 지역 주민들이 모여 지역에 이래에 논의하고 결정한 주문 공원장이다.
p21_u33,p21,ce5.0,주민 총회는 지역 주민들이 모여 지역의 일에 대해 논의하고 절성하는 주민 공원장이다.
p21_u33,p21,ce10.0,주민 총회는 지역 주민들이 모여 지역에 이래에 논의하고 결정하는 주민의 공원장이다.
p21_u34,p21,taps,이번 주민송에선을 2013년 주민창열 예산 사업과 지역 편안 사업을 공유하고 결정한다.
p21_u34,p21,ce0.0,"이번 주민 총회에서는 2013년, 주민참력 예산 사업과 지역 편안 사업을 공유하고 발정한다."
p21_u34,p21,ce0.1,이번 주민통회에선에 2013년 주민참력 예산사업과 기업찬한 사업을 공유하고 결정한다.
p21_u34,p21,ce0.5,이번 주민총에선에 2013년 주민참력 예산 수업과 기여편한 사업을 공유하고 배정한다.
p21_u34,p21,ce1.0,"이번 주민통에선에 2023년, 주민참여 계산 사업과 비협찬한 사업을 공유하고 결정한다."
p21_u34,p21,ce2.0,이번 주민통회에서는 2023년 주민참력 예산 사업과 기업형한 사업을 공유하고 발장한다.
p21_u34,p21,ce5.0,2번 주민통회에선을 2013년 주민참여계산 사업과 기역형한 사업을 공유하고 발장한다.
p21_u34,p21,ce10.0,유반 주민송에선에 2013년 주민참력 예산서업과 주역편한 수업을 공유하고 결정한다.
p21_u35,p21,taps,롯면 주민 자치회는 지난 1월 주민 자치회의 운영계획을 수립한 후 차례에 벌친 회의를 통해 지역 현안 과제를 발굴하고 해결 방안을 모색해왔다.
p21_u35,p21,ce0.0,을 면 주민 자취회는 지난 1월 주민 자취회 운영기획을 수립한 후 차례에 벌친 회의를 통해 지역천항 과제를 발굴하고 해결 방안을 모색해왔다
p21_u35,p21,ce0.1,"즉, 면 주민 자치회는 지난 1월 주민 자치회의 의녁계획을 수립한 후 차례의 벌층 퇴일 통해 지역천항 과제를 발굴하고 해결 방안을 모색해왔다."
p21_u35,p21,ce0.5,의견 주민 자치회는 지난 1월 주민 자치회의 의녁계획을 수립한 후 차례의 벌친 회의를 통해 기약 편안 과제를 발굴하고 해결 방안을 모색해왔다.
p21_u35,p21,ce1.0,을 위한 주민 자치회는 지난 1월 주민 자치회의 은영계획을 수립한 후 차례의 벌칙 회의를 통해 기약 체남 과제를 발고라고 해결 방안을 모색해왔다.
p21_u35,p21,ce2.0,을 위한 주민 자치회는 지난 1월 주민 자치회 운영계획을 수립한 후 차례의 벌칙 회의를 통해 기약 편안 과제를 발굴하고 해결 방안을 모색해왔다
p21_u35,p21,ce5.0,중인 자치회는 지난 1월 중인 자치회의 운영계획을 수립한 후 차례에 걸친 회의를 통해 기억해난 과제를 발굴하고 해결 방안을 모혜케 왔다.
p21_u35,p21,ce10.0,육면 주민 자치회는 지난 1월 주민 자치회 운영계획을 수립한 후 차례의 결증회의를 통해 지역 편안 과제를 발굴하고 해결 방안을 모습혀왔다
p21_u36,p21,taps,그리고 그 결과를 주민통의 안건으로 상정하여 주민특표로 실행이 우선 순위를 결정할 방치입니다.
p21_u36,p21,ce0.0,그리고 그 결과를 진인 통의 안건으로 상정하여 숨인 투표로 실현의 오사의 순위를 결정할 방치입니다.
p21_u36,p21,ce0.1,그리고 그 결과는 주민툭의 안건으로 상정하여 주민특별로 실행의 오사는 순위를 결정할 방치입니다.
p21_u36,p21,ce0.5,그리즈 그 결과를 주민통의 안건으로 상정하여 주민 투표로 실행은 우선 순위를 결정할 방치입니다.
p21_u36,p21,ce1.0,그리고 그 결과를 주민통의 안건으로 상정하여 주민 투표로 실행의 우선 순위를 결정할 방치입니다.
p21_u36,p21,ce2.0,그리고 그 결과를 주민통의 안건으로 상정하여 주민특표로 실행 우선 순위를 결정할 방치입니다.
p21_u36,p21,ce5.0,그리고 그 결과를 주민통의 안건으로 항정하여 주민특표로 실행 오선 순위를 결정할 방치입니다.
p21_u36,p21,ce10.0,그리고 그 결과를 주민통의 안건으로 상상하여 주민 투표로 실행 오선 순위를 결정할 방치입니다.
p21_u37,p21,taps,특히 중인 투표는 주민들이 직접 중인 총에 현장에서 특별하는 방식으로 운영되며 더 많은 주민이 탐회할 수 있도록 말별로 홍보도 진행한다.
p21_u37,p21,ce0.0,특히 주민투표는 주민들이 직접 주민청의 현장에서 특별한 방식으로 운영되며 더 많은 주민이 탐회할 수 있도록 말별로 홍보로 진행한다.
p21_u37,p21,ce0.1,특히 주민투표는 주민들이 직접 주민층의 한장에서 태표하는 방식으로 운영되며 더 많은 주민이 탐회할 수 있도록 말별로 항보로 진행한다.
p21_u37,p21,ce0.5,특히 주민 투표는 주민들이 직접 주민 총에 현장에서 특별하는 방식으로 운영되며 더 많은 주민이 탐회할 수 있도록 말별로 홍보로 진행한다.
p21_u37,p21,ce1.0,특히 주민투표는 주민들이 직접 주민층의 현장에서 특별하는 방식으로 운영되며 더 많은 주민이 탐회할 수 있도록 말별로 행고로 진행한다.
p21_u37,p21,ce2.0,특히 주민투표는 주민들이 직접 주민층의 현장에서 특별하는 방식으로 운영되며 더 많은 주민이 참여할 수 있도록 말별로 홍보로 진행한다.
p21_u37,p21,ce5.0,특히 중인 특별은 주민들이 직접 주민 총회 현장에서 특별하는 방식으로 운영되며 더 많은 주민이 탐회할 수 있도록 말별로 홍고로 진행한다.
p21_u37,p21,ce10.0,특히 주민 수표는 주민들이 직접 주민 통해 현장에서 특별한 방식으로 운영되며 더 많은 주민이 탐의할 수 있도록 말별로 홍고로 진행한다.
p21_u38,p21,taps,"우정부 중인 자취위원, 에이징은 부민들의 행정 사례를 높이고 과치제에 대한 책임을 다한다는 의미에서 중인 총회는 캠 리미가 있는 것 같다고 말했다."
p21_u38,p21,ce0.0,의성급 주민 자취위원 H는 부민들의 행정 사례를 높이고 자취제에 대한 책임을 다한다는 의미에서 주민 총회는 큰 의미가 있는 것 같다 고 말했다
p21_u38,p21,ce0.1,의성급 주민 자치위원 age는 주민들의 행정 참여를 높이고 자치대에 대한 책임을 다한다는 의미에서 주민 속에는 큰 의미가 있는 것 같다 뭐 말했다
p21_u38,p21,ce0.5,의성급 주민 자취위원에 의지는 주민들의 행정 사례를 높이고 자취제에 대한 책임을 다한다는 의미에서 주민 총회는 큰 의미가 있는 것 같다 뭐 말했다
p21_u38,p21,ce1.0,우승을 주민 자취위원 레이즈는 주민들의 행정 사례를 높이고 가치대에 대한 책임을 더한다는 의미에서 주민 총회는 큰 링기가 있는 것 같다고 말했다.
p21_u38,p21,ce2.0,의성급 주민 자치위원 에이즈는 주민들의 행정 사례를 높이고 자치제에 대한 책임을 더 한다는 의미에서 주민 총회는 큰 리미가 있는 것 같다. 또 말했다.
p21_u38,p21,ce5.0,의성급 주민 자취위원 H는 주민들의 행정파료를 높이고 자취제에 대한 책임을 더한다는 의미에서 주민 총회는 큰 의미가 있는 것 같다고 말했다.
p21_u38,p21,ce10.0,의성급 주민 자취위원 A.G.는 주민들의 행정 사례를 높이고 자취 대회에 대한 책임을 더 한다는 의미에서 주민 총회는 큰 의미가 있는 것 같다 뭐 말했다
p21_u39,p21,taps,김주수 우선군 중은 주민 총회를 통해 올라온 사업들을 재정적으로 뒷다침하여 부민들의 결정이 구체적으로 실현될 수 있도록 사서는 다하겠다 대절했다
p21_u39,p21,ce0.0,인주수 의성군주는 구민총회를 탱해 올라오 사업들을 재정적으로 뒷받침하여 구민들의 결정이 구체적으로 실현될 수 있도록 차선을 다하겠다 보자했다
p21_u39,p21,ce0.1,중주소 의성군지는 주민총회를 통해 올라온 사업들을 재정적으로 뒷받침하여 주민들의 결정이 구체적으로 실현될 수 있도록 차선을 다하겠다 대절했다
p21_u39,p21,ce0.5,김주소 의성군지는 주민총회를 통해 올라올 사업들을 재정적으로 뒷받침하여 주민들의 결정이 구체적으로 실현될 수 있도록 사선을 다하겠다 고 다했다
p21_u39,p21,ce1.0,"김준수 우선군지는 주민총회를 통해 올라올 사업들을 지정적으로 뒷받침하여 주민들의 결정이 부체적으로 실현될 수 있도록 사업을 다하겠다, 개발했다."
p21_u39,p21,ce2.0,김주소 의상군지는 주민 총회를 통해 올라오 사업들을 재정적으로 뒷받침하여 주민들의 결정이 쿠태적으로 시던될 수 있도록 차판을 다하겠다. 고사했다.
p21_u39,p21,ce5.0,징주소 의성군주는 주민 총회를 통해 올라올 사업들을 재정적으로 겹받춘하여 주민들의 결정이 구체적으로 실현될 수 있도록 찾으면 다 하겠다. 징주소 의성군 주민 총회를 통해 올라올 사업들을 재정적으로
p21_u39,p21,ce10.0,"김주수 의성군쯤은 주민총회를 통해 올라오서업들을 재정적으로 집받침하여 주민들의 결정이 구체적으로 실현될 수 있도록 차선을 다하겠다, 교사했다."
p21_u40,p21,taps,생간 소음의 불만을 품고 혼자 사는 이친여성 거주지 문을 시찰해 두드리고 보완학을 둘러 공포신을 조장한 30대 남성이 부자 됐다.
p21_u40,p21,ce0.0,친간 소음의 불만을 품고 손자사는 이친여성 거주지 문을 스타래 두드리고 보완학을 둘러 공포심을 조장한 40대 남성이 부자 됐다.
p21_u40,p21,ce0.1,"친간 소음의 불만의 품뽕, 손장사전 2층 여성 거질디 문을 스탈에 두드리고 도워락을 눌러 건 포신을 조장한 40대 남성이 부잡했다."
p21_u40,p21,ce0.5,중간 소음의 불만을 품고 혼자 사전 위치인 여성 거주지 문을 스타래 두드리고 도와락을 눌러 공포신을 도장한 40대 남성이 붙잡혔다.
p21_u40,p21,ce1.0,중간 소음의 불만을 품고 혼자 사전 2층 여성 거주지 문을 스타래 두드리고 고화락을 눌러 공포심을 조장한 30대 남성이 구작됬다.
p21_u40,p21,ce2.0,증가소음의 불만을 품고 혼자 사는 위층 여성 거주지 문을 스타래 두드리고 고원학을 둘러 등 포심을 도장한 30대 남성의 구잡했다.
p21_u40,p21,ce5.0,중간소음의 불만을 품고 혼자 사면 위층 여성 거주지문을 차례 두드리고 부활학을 둘러 공포심에 도장한 30대 남성이 부삭했다.
p21_u40,p21,ce10.0,순간 소음의 불만의 품고 손장 사면 위층 여성 거주지 문을 살해 두드리고 부활학을 눌러 공포심을 조장한 30대 남성의 부자팠다
p21_u41,p21,taps,방향 정설선을 속진 범죄 처벌등에 관한 법률이던 행위로 AC를 입고했다고 13일 발표했다.
p21_u41,p21,ce0.0,방향상설선은 속진 범죄 퍼벌등에 관한 법률 이반 혐의로 AC를 입과했다고 13일 발표했다.
p21_u41,p21,ce0.1,방향 정설선을 석심 범죄 처벌 등에 관한 법률이반 행리로 AC를 이뻐했다고 식상을 발표했다.
p21_u41,p21,ce0.5,방향 경찰서는 속순 범죄의 터발등에 관한 법률이반 행위로 AC를 입과했다고 13일 발표했다.
p21_u41,p21,ce1.0,방명 정설선은 속준 범죄의 처벌 등에 관한 법률이반 행위로 AC를 입과했다고 13일 발표했다.
p21_u41,p21,ce2.0,방향 정설선은 소취원 범죄 처벌등에 관한 분류리반 형위로 AC를 입고했다고 13일 밝혔다.
p21_u41,p21,ce5.0,방명 경설선을 속균 범죄 처벌등에 관한 법률이반 행위로 A 씨를 입과했다고 13일 발표했다.
p21_u41,p21,ce10.0,방명 경찰서는 쇼핑 범죄 처벌 등에 관한 법률이반 행위로 AC를 입고했다고 13일 발표했다.
p21_u42,p21,taps,A 씨는 지난 11일 오전 4시 20분을 깨 한동의 한 아파트에서 위집에 거주 중인 30배 여성 B 씨의 집 창간문을 수처를 두드린 혐의다
p21_u42,p21,ce0.0,A 씨는 지난 11일 오전 4시 2스푼을 깨 한동의 한 아파트에서 위집에 거주 중인 30배 여성 B 씨의 10층 한문을 수찰해 두드린 혐의다
p21_u42,p21,ce0.1,A 씨는 지난 10일에 오전 4시 20분에게 한동의 한 아파트에서 위치래 거를둥이 40대여성 B 씨의 10 창간문을 스터를 두드린 혐의다.
p21_u42,p21,ce0.5,A 씨는 지난 11회에 오전 4시 20분일게 한동의 하늘 아파트에서 윗집에 거주 등인 30배여성 빅시의 10탱간문을 스펠해 두드린 형이다.
p21_u42,p21,ce1.0,A 씨는 지난 11일 오전 4시 20분을 깨 한동의 한 아파트에서 위집에 거듭이 30배여성局시의 10 콩가몬을 숙하려 두드린 합니다.
p21_u42,p21,ce2.0,A 씨는 지난 11일 오전 4시 20분이 꽤 한동의 한 아파트에서 위집의 거주 등인 30배여서 빛이의 집 평안몬을 수탈해 두드린 혐의다.
p21_u42,p21,ce5.0,4시는 지날 11일 오전 4시 20분에게 한동의 한 아파트에서 위집 에 코드 등인 30대여성 빅시의 18년 문을 수사를 두드린 혐의다.
p21_u42,p21,ce10.0,메이시는 지난 11일 오전 4시 10분이 깨 환동의 한 아파트에서 위집의 거드 등인 30대 여성 빅시의 집 청원문을 스타를 두드린 혐의다.
p21_u43,p21,taps,친구를 받고 출동한 경찰은 피해자 씨의 술을 창치 후 두 변 1대를 수사하였지만 별다른 특이점을 벼겐하지 못해 철수했다.
p21_u43,p21,ce0.0,킹볼을 받고 출동한 등하철은 피해자시의 수를 창치 후 주변 일제를 쓰사탈였지만 별다른 특이점을 발견하지 못해 설수했다.
p21_u43,p21,ce0.1,심보를 받고 출동한 경찰은 피해자 시인수를 차치 후 주변 1대를 쓰사탈했지만 절단은 특이점을 별개나지 못해 철수했다.
p21_u43,p21,ce0.5,승부를 받고 출동한 경찰은 피해자 지인수를 창치해 주변 1대를 수사하였지만 별다른 투기점을 발견하지 못해 철수했다.
p21_u43,p21,ce1.0,행구를 받고 출동한 경찰은 피해자 진술을 창치 후 주변 1대를 수사하였지만 별다른 수비점을 발견하지 못해 철수했다.
p21_u43,p21,ce2.0,신고를 받고 출동한 경찰은 피해자 진술을 창치하고 주변 1대를 수사하였지만 별다른 틀빛점을 발견하지 못해 철수했다.
p21_u43,p21,ce5.0,신고를 받고 출동한 긍사는 피해자 진술을 창치해 2배 1대를 수사 타야 주만 별다른 퇴비점을 발견하지 못해 설수했다.
p21_u43,p21,ce10.0,신고를 받고 출동한 공사는 피해자 진술을 창치하고 주변 1대를 수사 타야지만 별다른 특이점을 벽에 나지 못해 설수했다.
p21_u44,p21,taps,이후 A 씨는 오신 여분지인 오전 5시에 또 다시 빛이 집을 찾아가 도워락을 누르기도 했다.
p21_u44,p21,ce0.0,이후 A 씨는 오신 여분지인 오전 5시에 또 다시 B 씨 집을 찾아가 도워락을 누르기도 했다.
p21_u44,p21,ce0.1,이후 A 씨는 오신 여분 뒤인 오전 5시에 또 다시 PC집을 찾아가 도워락을 누르기도 했다.
p21_u44,p21,ce0.5,이후 A 씨는 50여분 지인 오전 5시에 또 다시 빛이 집을 찾아가 도워락을 누르기도 했다.
p21_u44,p21,ce1.0,이후 A 씨는 오신 여분지인 오전 5시에 또 다시 B 씨 직을 찾아가 도워락을 누르기도 했다.
p21_u44,p21,ce2.0,이후 A 씨는 오신겨본 뒤는 오전 다 할 수 있게 또 다시 B 씨 집을 찾아가 도워락을 누르기도 했다.
p21_u44,p21,ce5.0,이후 A 씨는 50여분 뒤인 오전 5시께 또 다시 빛이 집을 찾아가 도워락을 누르기도 했다.
p21_u44,p21,ce10.0,이후 A 씨는 50여분짓인 오전 다 샀을게 또 다시 빗시집을 찾아가 도워락을 누르기도 했다
p21_u45,p21,taps,대차 신고를 접수하고 현장의 도착행 정탈은 아래칭 형관문이 서설 다치는 것을 확인했다.
p21_u45,p21,ce0.0,대차 신고를 접수하고 현장의 도착장 정찰은 아래칭 현관문이 서살 다치는 것을 확인했다.
p21_u45,p21,ce0.1,대차 신고를 접수하고 현장에 도착한 정탈은 아래친 성과문이 서서히 다치는 것을 확인했다.
p21_u45,p21,ce0.5,대타 신고를 접수하고 현장에 도착한 경찰은 아래팀 현관문이 서서히 바치는 것을 확인했다.
p21_u45,p21,ce1.0,대차 신고를 접수하고 현장의 도착형 정사는 아래스팅 현관문이 서서히 다치는 것을 확인했다.
p21_u45,p21,ce2.0,대차 신고를 접수하고 현장에 도착한 경찰은 아래층 현관문이 서서히 다치는 것을 확인했다.
p21_u45,p21,ce5.0,그 차 신고를 접수하고 현장에 도착한 경찰은 아랫진 혁년문이 서서히 다치는 것을 확인했다.
p21_u45,p21,ce10.0,대차 신고를 접수하고 현장에 도착한 경찰은 아랫층 혁년문이 서설이 다치는 것을 확인했다.
p21_u46,p21,taps,경찰의 주공에 A 씬을 위치해서 고의로 호흄을 리룩한다고 생각해 고불주기 뒤에 범행을 저질렀다고 자백 붙다.
p21_u46,p21,ce0.0,경찰의 쥐공에 A 씬을 위칭해서 고의로 소음을 이륙준다고 생각해 거불주지 이리에 범행을 저질렀다고 자백 붙다.
p21_u46,p21,ce0.1,정찰의 쭈공에 A 씬을 위칭해서 고의로 소음을 리듣힌다고 생각해 거불주기 이리에 범행을 저질렀다고 자백됐다.
p21_u46,p21,ce0.5,경탈의 쭈공에 A 씬을 위칭해서 고의로 호움을 이륙힌다고 생각해 거불주기 위의 범행을 저질렀다고 자백 붙다.
p21_u46,p21,ce1.0,경찰의 주공에 A 씨는 위칭에서 고의로 소음을 이륙킨다고 생각했을 거불주기 위해 범행을 줘들었다고 자백 붙다.
p21_u46,p21,ce2.0,경찰의 쭈공에 A 씬을 위칭해서 고의로 호음을 이륙긴다고 생각해 거불주 BV의 범행을 젖을렀다고 자백 붙다.
p21_u46,p21,ce5.0,경찰의 뚜꽃에 A 씬을 위칭해서 고의로 호흡을 일으킨다고 생각해 거불주 PD의 범행을 조질렀다고 자백붙다.
p21_u46,p21,ce10.0,경찰의 쭈공에 A 씨는 위칭에서 고의로 소음을 이루킨다고 생각해 거불주 PD의 범행을 젖을 넣다고 자백 붙다
p21_u47,p21,taps,호우 선일도에 한강 2를 고르며 정치를 감성할 수 있는 뒤급사 행태에 수많는 비행 디테일가 조성된다.
p21_u47,p21,ce0.0,호우 선일도에 한강 일을 고르며 정치를 감성할 수 있는 기급자 행태에 수만량 비행 기가 조성진다.
p21_u47,p21,ce0.1,서울 선류도에 한강 일을 걸으며 정치를 감성할 수 있는 기급자 행태에 순환형 비행 데크가 조승진다.
p21_u47,p21,ce0.5,서울 선류도에 한강위를 걸으며 정치를 감성할 수 있는 비극자 형태의 수난형 비행 데크가 조성된다.
p21_u47,p21,ce1.0,서울 선희도에 한강미를 걸으며 정치를 감성할 수 있는 비극자 형태에 수많용 비행 데크가 조성된다.
p21_u47,p21,ce2.0,서울 선류도에 한강 일을 걸으며 정치를 감상할 수 있는 비극자 형태의 수난형 부행디크가 조성진다.
p21_u47,p21,ce5.0,후 선희도에 행량위를 고르며 정치를 감성할 수 있는 비교자 행대에 수많이 형 부행드크가 조성된다.
p21_u47,p21,ce10.0,서울 선류도에 한강 위를 고르며 정치를 감성할 수 있는 비교자 형태에 수많이 형 비행 대표가 조성된다.
p21_u48,p21,taps,서울시 항량 사업본부는 현효도 보행 상금이 항량 수상 갤러리 도성사업을 추진한다고 26일 밝혔다.
p21_u48,p21,ce0.0,서울시 항량 사업본부는 허니호독 보행 상겸이 항량 수상 갤러리 조성사업을 추진한다고 26일 밝혔다.
p21_u48,p21,ce0.1,서울시 한강 사업본부는 펀류도 부행 상료 및 한강 수상 갤러리 조성 사업을 추진한다고 26일 밝혔다.
p21_u48,p21,ce0.5,서울시 항량 사업 본 분은 허니어도 부행 장교 및 항량 수상 갤러리 도성사업을 추진한다고 26일 밝혔다.
p21_u48,p21,ce1.0,서울시 항향사업본부는 허니우도 부행 장교 및 항향 수상계널이 조성사업을 추진한다고 26일 밝혔다.
p21_u48,p21,ce2.0,서울시 항량 사업본부는 선여도 부행 장교 및 행량 수상결롤리 도성사업을 추진한다고 26일 밝혔다.
p21_u48,p21,ce5.0,서울시 항향사업본부는 선유도 부행 장교 및 충량 소상결로리 도성사업을 추진한다고 26일 밝혔다.
p21_u48,p21,ce10.0,서울시 항강사업본부는 선효도 부행 간격 및 생강 수상길러리 조성사업을 추진한다고 26일 밝혔다.
p21_u49,p21,taps,시에 따르면 보행 득표는 총 100끝 시행이터 길이의 북측 행태로 항물에 띄우는 1층 부상형 보행모와 약 10m로 비해 2층 전망대로 구성된다.
p21_u49,p21,ce0.0,시에 빠르면 보행드프는 총 112m 길이의 북측 행태로 항롤에 띄우는 1층 부산형 보행로와 약 150m의 비해 2층 전망대로 구성된다.
p21_u49,p21,ce0.1,시에 따르면 보행 대표는 총 150m 길이의 북츤 행태로 장물에 띄는 1층 부상형 보행로와 약 15m로 비해 2층 전망대로 수상된다.
p21_u49,p21,ce0.5,시혜바르면 부행대표는 총 100부 실리니터 길이에 붙일 형태로 경월에 띄는 1층 부상형 부행로와 약 10m로 비해 2층 전망대로 구성된다.
p21_u49,p21,ce1.0,"시혜바르면 부행대표는 송, 뼈프 시림이터, 디리의 국층 행태로 강월에 띄우는 1층 부상명 부행로와 약 15m로 비해 2층 전망대로 구성된다."
p21_u49,p21,ce2.0,시에 따르면 부행 대표는 송 190mm 길이의 북층 황태로 당월에 띄운 1층 부상형 부행로와 약 10mm로 비해 2층 전망대로 구성된다.
p21_u49,p21,ce5.0,시에 따르면 부행 제품은 통 120mm 길이의 북측 상태로 강머래 띄우는 1층 부산형 부행로와 약 150m로 피해 2층 전망대로 구성된다.
p21_u49,p21,ce10.0,시에 따르면 부행 대표는 총 100부 시행이 더 길이의 북측 황태로 강롤에 띄우는 1층 부상형 부행로와 약 15m로 피해 2층 전방대로 구성된다.
p21_u50,p21,taps,부행대표를 따라 걸으면 상사류도 곱게버전 행강이 시원한 물줄기를 한 눈에 볼 수 있고 쪽으로 높이 소슨 북한 사까지 도망할 수 있다.
p21_u50,p21,ce0.0,보행대표를 따라 걸으면 상하류도 굽게버전 행강에 시원한 물줄기를 한 눈에 보시고 쪽으로는 높이 소슨 북한 설탕까지 보망할 수 있다.
p21_u50,p21,ce0.1,보행대표를 따라 거르면 항하류도 굽게버전 행강이 시원한 물질기를 한 눈에 볼 수 있고 북쪽으로는 높이 소슨 북한 삿다지 조망할 수 있다.
p21_u50,p21,ce0.5,부행대표를 따라 걸으면 항하류도 고깃버전 행강이 시원한 물질기를 한 눈에 볼 수 있고 그쪽으로는 높이 소슨 북한 샷까지 조망할 수 있다.
p21_u50,p21,ce1.0,부행 댓글을 따라 거르면 상하류도 곱게버전 행강이 시원한 물줄기를 하늘해 볼 수 있고 이쪽으로는 높이 소슨 북한 샷까지 조망할 수 있다.
p21_u50,p21,ce2.0,부행대표를 따라 걸으면 상하류도 국개법은 한강에 시원한 물질기를 한 눈에 볼 수 있고 이쪽으로는 높이 소슨 북한 살까지 조망할 수 있다.
p21_u50,p21,ce5.0,부행래크를 따라 걷으면 상탈리도 고켓버전 행강이 시원한 물질기를 한 눈에 볼 수 있고 북쪽으로는 높이 소슨 북한 삭같이 도망할 수 있다.
p21_u50,p21,ce10.0,부행대표를 따라 거르면 상하리도 굽게버전 한강에 시원한 물질기를 핫는해 볼 수 있고 적으로는 높이 소슴 부탄 사치다지 도망할 수 있다
p21_u51,p21,taps,일체과 이층 사이에는 가로약 파싱니터 규모의 낙하 분수를 설치해 대형 오토 스프린을 만들 계획이다.
p21_u51,p21,ce0.0,1시에과 2층 사이에는 가로약 파싱 히터 규모의 낙하 분수를 설치해 대형 워터 스프린을 만들 계획이다.
p21_u51,p21,ce0.1,"1,4과 2층 사이에는 가로약 파싱니터 규모의 낙하 분수를 설치해 진영 오토 스프린을 만들 계획이다."
p21_u51,p21,ce0.5,1층과 2층 사이에는 가로약 파신리프 규모의 낙하 분수를 설치해 기념 워터 스프린을 만들 계획이다.
p21_u51,p21,ce1.0,1층과 2층 사이에는 가로약 파싱니터 규모의 낙하 분수를 설치해 대용 워터 스크린을 만들 계획이다.
p21_u51,p21,ce2.0,1층과 2층 사이에는 가로약 파싱니터 규모의 낙하 분수를 설치해 제형 워터 스크린을 만들 계획이다.
p21_u51,p21,ce5.0,1층과 2층 살기에는 가로약 80m 규모의 낙하 분수를 설치해 대형 오토 스프린을 만들 계획이다.
p21_u51,p21,ce10.0,1층과 2층 사이에는 가로약 8cm 규모의 낙타 분수를 설치해 제형 워터 스크린을 만들 계획이다.
p21_u52,p21,taps,1층 보행도 항가운되는 2015년 이후 노화로 가동해 준단된 월드컵 분수를 저활용해 본명 수상 갤러리를 빛입니다.
p21_u52,p21,ce0.0,1층 보행도 한가운되는 2015년 이호 노화로 가동에 준단된 월드컵 분수를 저활용해 분형 수상 벨러리를 빛인다.
p21_u52,p21,ce0.1,1층 보행도 황당한 데는 2015년 이후 노화로 가동해 준단된 월드커풀 분수를 재활용해 분명 수상 갤러리를 빙니다.
p21_u52,p21,ce0.5,1층 도행도 황가운 데는 2015년 이후 노화로 가동에 준단된 월드컵 분수를 재활용해 도몸형 수상될 것입니다.
p21_u52,p21,ce1.0,1층 도행도 한가운되는 2015년 이후 노화로 가동에 중단된 월드컵 분수를 저활용해 도명 수상 갤러리를 빙니다.
p21_u52,p21,ce2.0,1층 도행도 한가운되는 2015년 이후 노화로 가동에 중단된 월드컵 분수를 재활용해 도명 수상 궤러리를 꾹입니다.
p21_u52,p21,ce5.0,1층 보장도 한가운되는 2015년 이후 노화로 과동해 중단된 월드컵 분수를 저활용해 도명 수상 계열일 뿐입니다.
p21_u52,p21,ce10.0,1층 보행로 항강은 되는 2015년 이후 노화로 가동에 중단된 월드커플음수를 저활용해 분명 수상 갤러리를 꾹입니다.
p21_u53,p21,taps,구조물 내부에는 3660도 포대형 엘리비를 설치해 시민들이 한강위에서 다채로운 텐센스를 즐길 수 있도록 인응할 권리기다.
p21_u53,p21,ce0.0,구조물 내부에는 310도 포대형 엘리비를 설치해 시민들이 행강위에서 바체롱 텐센스를 즐길 수 있도록 인형을 걸리기다.
p21_u53,p21,ce0.1,부조물 내부에는 3060도 초대형 LED를 설치해 시민들이 현장 위에서 자체롱 탄센스를 쓰길 수 있도록 유명할 계획이다.
p21_u53,p21,ce0.5,구조물 내부에는 310도 푸대형 엘리비를 설치해 시민들이 현장에 의해서 다채로운 콘텐츠를 즐길 수 있도록 인영할거리기다.
p21_u53,p21,ce1.0,구조물 내부에는 360도 푸대형 엘리디를 설치해 시민들이 한강 위에서 다채로운 콘텐츠를 즐길 수 있도록 운영할 권비이다.
p21_u53,p21,ce2.0,구조물 내부에는 360도 초대형 LED를 설치해 시민들이 한강 위에서 다채로운 컨텐츠를 죽일 수 있도록 인영할 계획이다.
p21_u53,p21,ce5.0,구조물 내부에는 360도 소대형 LED를 설치해 시민들이 행강위에서 자체로운 콘텐츠를 쓰길 수 있도록 운영할 계획이다.
p21_u53,p21,ce10.0,구도물 내부에는 360도 포대형 LED를 설치해 시민들이 한강 위에서 자체로운 콘텐츠를 즐길 수 있도록 연양할 권력이다
p21_u54,p21,taps,갤럴이 다닥은 강화율 이로 만들어 발랄에도 분수장리를 관람할 수 있다.
p21_u54,p21,ce0.0,"갤럴이 다닥은 강하율이로 만들어, 발랄에도 분수장기를 관람할 수 있다."
p21_u54,p21,ce0.1,갤럴이 바닥엔 강아유리로 만들어 발랄에도 분수장지를 관람할 수 있다
p21_u54,p21,ce0.5,갤러리 바닥은 광하율이로 만들어 발랄에도 분수장비를 관람할 수 있다.
p21_u54,p21,ce1.0,갤러리 바닥은 강아유리로 만들어 발라내로 분수장비를 관람할 수 있다.
p21_u54,p21,ce2.0,갤러리 바닥은 강아유리로 만들어 발랄에도 분수장비를 관람할 수 있다.
p21_u54,p21,ce5.0,갤러리 바닥은 강아율이로 만들어 발랄에도 분수장비를 관람할 수 있다.
p21_u54,p21,ce10.0,갤러리 바닥은 강아율이로 만들어 발랄에도 분수장비를 관람할 수 있다
p21_u55,p21,taps,군사 모들은 원형 유리체인 플렉스 글라스를 통해 햇빛의 스펙트런에 따라 다채로 색상을 만들어낸다.
p21_u55,p21,ce0.0,군사 모들은 원형 유리체인 플렉스 글라스를 통해 햇빛의 스펙트럼에 따라 바체로어 색상을 만들어낸다.
p21_u55,p21,ce0.1,둔사 모드는 원형 유리체인 플렉스 글라스를 통해 햇빛의 스펙트럼에 따라 자체로어 색상을 만들어낸다.
p21_u55,p21,ce0.5,군사 모드는 원형 유리트인 플랫스 글라스를 통해 햇빛의 스펙트럼에 따라 바츠로어 색상을 만들어낸다.
p21_u55,p21,ce1.0,군사모들은 원형 유리체인 플렉스 글라스를 통해 휩빛의 스펙트럼에 따라 다치로 색상을 만들어낸다.
p21_u55,p21,ce2.0,군사 모드는 원형 유리체인 플렉스 글라스를 통해 햇빛의 스펙트럼에 따라 자체로와 색상을 만들어낸다
p21_u55,p21,ce5.0,군사 모드는 원형 유리체인 플렉스 글라스를 통해 햇빛의 스펙트럼에 따라 다채로 색상을 만들어낸다.
p21_u55,p21,ce10.0,분사 모드는 원형 유리체인 플렉스 글라스를 통해 햇빛의 스펙트럼에 따라 자체로워 색상을 만들어맨다
p21_u56,p21,taps,상장대 작은 서민 선율 노는 양화대교에서 이어지는 장문으로 바로 진입할 수 있다.
p21_u56,p21,ce0.0,행강제 자견섬인 선율 노는 양화대교에서 이어지는 장문으로 바로 진입할 수 있다.
p21_u56,p21,ce0.1,상강래 작은 서민 선유 노는 양화들교에서 이어지는 장문으로 바로 진입할 수 있다.
p21_u56,p21,ce0.5,행강래 작은 섬인 섬유 노는 양화집교에서 이어지는 정문으로 바로 진입할 수 있다.
p21_u56,p21,ce1.0,한강래 작은 섬인 선유 노는 양화대교에서 이어지는 정문으로 바로 진입할 수 있다.
p21_u56,p21,ce2.0,상강 내 작은 서민 선유 노는 양화대교에서 이어지는 정본으로 바로 진입할 수 있다.
p21_u56,p21,ce5.0,행강대 작은 소민 소녀 노는 양화대교에서 이어지는 정본으로 바로 진입할 수 있다.
p21_u56,p21,ce10.0,성강 내 작은 소민 소류돈은 양화대교에서 이어지는 정문으로 바로 진입할 수 있다.
p21_u57,p21,taps,"양화, 한강 고건에서 이어지는 보장교위, 선역교를 건너서 들어갈 수도 있어, 바꾼성이 좋다."
p21_u57,p21,ce0.0,"양화, 행강 고건에서 이어지는 보행교의 선혁교를 건너서 들어갈 수도 있어 적극성이 좋다."
p21_u57,p21,ce0.1,"양화, 행강 고건에서 이어지는 부행기의 성격위를 건너서 들어갈 수도 있어도 적든성이 좋다."
p21_u57,p21,ce0.5,"양화, 행강 고건에서 이어지는 부엠교육을 선율교를 건너서 들어갈 수도 있음, 적변성이 좋다."
p21_u57,p21,ce1.0,"양파 한강 고건에서 이어지는 부행금인 선율교를 건너서 주력을 수도 있음, 박근성이 좋다."
p21_u57,p21,ce2.0,"양화, 한강고관에서 이어지는 부행군인 손육위를 건너서 주력은 수도 있어, 적근성이 좋다."
p21_u57,p21,ce5.0,"양화, 행강고번에서 이어지는 부행교인 선율교를 건너서 들어갈 수도 있어 적근성이 좋다"
p21_u57,p21,ce10.0,"양화, 한강고관에서 이어지는 부행 교육이 손녀교를 건너서 들어갈 수도 있어 적용성이 좋다"
p21_u58,p21,taps,시는 접근성이 뛰어나고 주경 경관이 우수한 상여도를 활용해 시민들이 수병 몰아를 체험하고 수식을 즐길 수 있는 공간에 만들게 됐다고 전했다.
p21_u58,p21,ce0.0,씬은 적극성이 찌어마고 주병전관이 우수한 사녀도를 활용해 시민들이 수병 몰아를 채워마고 수식을 즐길 수 있는 공간에 만들게 됐다고 전했다.
p21_u58,p21,ce0.1,시는 적등상에 뛰어나고 주변 정관이 무술한 상여도를 활용해 시민들이 수병 몰아를 체험하고 실식을 즐길 수 있는 공간에 만들게 됐다고 전했다.
p21_u58,p21,ce0.5,이는 덕근성에 뛰어나고 주변 경관이의 우수한 선여도를 활용해 시민들이 수변 모랄을 태어나고 실식을 즐길 수 있는 공간을 만들게 됐다고 잘했다.
p21_u58,p21,ce1.0,씬은 적근성이 찌어나고 주변 경관이 용수만 산여도를 활용해 시민들이 수변 몰아를 체험하고 실식을 즐길 수 있는 공간을 만들게 됐다고 잘했다.
p21_u58,p21,ce2.0,시인은 적근성이 뛰어나고 주변 경관이 우수한 상여도를 활용해 시민들이 수변 몰아를 태어나고 쉐식을 즐길 수 있는 건강에 만들게 되었다고 전했다.
p21_u58,p21,ce5.0,신은 적근성에 뛰어나고 주변 경관이 우수한 선요도를 활용해 시민들이 수병 몰아를 태어나고 실식을 즐길 수 있는 공간을 만들게 됐다고 전했다.
p21_u58,p21,ce10.0,씬은 적군상이 뛰어나고 주변 경관이 우수한 선요도를 활용해 시민들이 수변 몰아를 태어나고 실식을 즐길 수 있는 공간을 만들게 됐다고 전했다.
p21_u59,p21,taps,기존의 서울내여한계 행운호원에 있는 발양할 스펠과 심서가 마른데 있지만 후변 문화를 직접 체험할 수 있는 공간은 부록했다는 진단입니다.
p21_u59,p21,ce0.0,기존의 서울내에랑계 항향원에 있는 다양한 스프과 심서가 마른데 있지만 후변 문화를 직접 체험할 수 있는 공간은 부족했다는 진단입니다.
p21_u59,p21,ce0.1,기존의 서울내역계 행운 의원에 있는 다양한 스플과 신서가 마련됐지만 수대 문화를 직접 체험할 수 있는 공간은 부족했다는 진단입니다.
p21_u59,p21,ce0.5,기돈에 서울내 11개 행연호원에 있는 발양할 시술과 심터가 마른데 있지만 후대 몰아를 직접 체험할 수 있는 공간은 부족했다는 진단이다.
p21_u59,p21,ce1.0,기존에 서울에 11개 항공원에 있는 다양한 시설과 신서가 마른데 있지만 후렴 몰라를 직접 체험할 수 있는 공간은 부족했다는 진단입니다.
p21_u59,p21,ce2.0,기존에 서울 내 11개 행영호원에 있는 다양한 실설과 심사가 마른도 있지만 소대한 문화를 직접 체험할 수 있는 공간은 부족했다는 진단이다.
p21_u59,p21,ce5.0,기존의 서운의 11개 항영호원에 있는 다양한 시술과 신터가 마련됐지만 후변 문화를 직접 체험할 수 있는 공간은 부족했다는 진단입니다.
p21_u59,p21,ce10.0,기존의 서울의 11개 항롱호원에 있는 다양한 수술과 신서가 마련됐지만 수변 문화를 직접 체험할 수 있는 공간은 부족했다는 진단입니다.
p21_u60,p21,taps,이번에 새로 도성하는 부행 상교는 강물 바로 위에 설치돼 시민들이 항황율을 걷는 듯한 지분을 느끼시 스위커스로 신은 기대했다.
p21_u60,p21,ce0.0,이번에 새로 도성하는 부행 상교는 강물 바로 위에 설치돼 시민들이 행양에 일을 걷는 듯한 시뿐을 느낄 수 있을 것으로 신은 기대했다.
p21_u60,p21,ce0.1,이번에 새로 조성하는 부행 장교는 당분파로 이에 설치돼 시민들이 항황위를 걷는 중당 10분을 느낄 수 있을 것으로 신은 기대했다.
p21_u60,p21,ce0.5,이번에 새로 도성하는 부행 장점은 강움을 바로 위에 설치돼 시민들이 홍하율을 걷는 당 기분을 느낄 수 있을 것으로 신을 기대했다.
p21_u60,p21,ce1.0,이번에 새로 조성하는 부행 장교는 강훈사로 위에 설치돼 시민들이 항망이를 걷는 듯한 지분을 느낄 수 있을 것으로 시능 기대했다.
p21_u60,p21,ce2.0,이번에 새로 조성하는 부행 당교는 강월바로 위에 설치돼 시민들이 항강위를 걷는 당시 분을 느낄 수 있을 것으로 신은 기대했다.
p21_u60,p21,ce5.0,이번에 새로 도성하는 부행 당교는 강물 바로위에 설치돼 시민들이 항향위를 걷는 당기분을 느낄 수 있을 것으로 치는 기대했다.
p21_u60,p21,ce10.0,이번에 새로 조성하는 부행 장점은 장물파로 이에 설치돼 시민들이 항강위를 걷는 당 시뿐을 듣기 있을 것으로 시는 기대했다.
p21_u61,p21,taps,올해 6월 설계를 마치고 하방기의 사건 내년말 공사를 완료하고 싱인에게 대방할 계획이다.
p21_u61,p21,ce0.0,"올해 6월 설계를 마치고 하빵기의 사건, 레전말 공사를 완료하고 싱인에게 대방할 계획이다."
p21_u61,p21,ce0.1,올해 2월 설계를 마치고 화방기의 삭봉 레전말 공사를 완료하고 시민에게 대방할 계획이다.
p21_u61,p21,ce0.5,올해 6월 설계를 마치고 하방위의 사건 내년 말 공사를 완료하고 시민에게 대방할 계획이다.
p21_u61,p21,ce1.0,올해 6월 설계를 마치고 하방위기의 사건 내년말 공사를 완료하고 시민에게 재방할 계획이다.
p21_u61,p21,ce2.0,올해 6월 설계를 마치고 사방기의 사건 내년 말 공사를 완료하고 시민에게 개방할 계획이다.
p21_u61,p21,ce5.0,올해 6월 설계를 마치고 화방위의 사건 내년 말 공사를 완료하고 시민에게 개방할 계획이다.
p21_u61,p21,ce10.0,올해 6월 설계를 마치고 사방위의 사건 내년 말 공사를 완료하고 시민에게 개방할 계획이다.
p21_u62,p21,taps,서울중앙지검 강력번째 소사부가 28일 KAH 그룹의 평상 알댄시아 리도트 이찰방의 의혹과 관련해 강원도 지사실과 비서실 등을 대상으로 압수수정율 진행하고 있다
p21_u62,p21,ce0.0,서울중앙지검 강력범죄 소사부가 28일 KH 그룹의 평상알댄시아 리조트 입찰 방위 의혹과 관련해 강원도 지사실과 비서실 등을 대상으로 압수수 등이 진행하고 있다.
p21_u62,p21,ce0.1,서울중앙지검 강력범죄 수사부가 28일 KH 그룹의 평상알펜시아 리도트 입찰 방위 의혹과 관련해 강원도 지사실과 뒤섰실 등을 대상으로 압수수 등이 진행하고 있다
p21_u62,p21,ce0.5,서울중앙지검 강력범죄 소사부가 28일 phg 그룹의 평상알펜시아리조스특이 잘 방해 의혹과 관련해 강원도 지사실과 비서실 등을 대상으로 압수수색을 진행하고 있다
p21_u62,p21,ce1.0,서울중앙지검 강력범죄 소사부가 28일 FLH 그룹의 평상알댄시아 리도트 입찰 방위 의혹과 관련해 강원도 지사실과 기사실 등을 대상으로 압춤 수능을 진행하고 있다.
p21_u62,p21,ce2.0,서울중앙지검 강력범죄 소사부가 28일 KHG로의 평상 알펜시아 리조트 입찰 방위 의혹과 관련해 강원도 지사실과 비서실 등을 대상으로 압수 수득을 진행하고 있다
p21_u62,p21,ce5.0,서울중앙지검 강약본제 소사부가 28일 WHO 그룹의 펭상알펭시아리조트 2차 방해 의혹과 관련해 광원도 지사실과 비서실 등을 대상으로 아프수수 등을 진행하고 있다
p21_u62,p21,ce10.0,서울중앙지검 강력본대 수사부가 28일 CHG로의 평상 알펜시아 리조트 2차 방해 의혹과 관련해 강원도 지사실과 비서실 등을 대상여로 아프수링을 진행하고 있다
p21_u63,p21,taps,"지난 27일 채무순선 강원도지사 자택과 회의 직으로 사무실, 강원도 배발공사 등 약승호곳을 압수수색을 한 대위에 이틀째 강제 수사에 나선 것이다."
p21_u63,p21,ce0.0,"지난 27일 채물순산 강원도지사 자택과 CHG룩 사무실, 강원도 배발공사 등 약 스무 곳을 압수수색을 한 데 이어 이틀째 강제 수사에 나선 것이다."
p21_u63,p21,ce0.1,지난 27일 체물순산 당원도지사 자택과 CHG로 사무실 당원도 개발공사 등 약 스모곳을 아수수색을 한 데 이어 이틀째 당지수사에 나선 것이다.
p21_u63,p21,ce0.5,지난 27일 침무슨 전 강원도지사 사태과 Ph.H.G를 사무실 강원도 개발공사 등 약 20곳을 압수수색을 한 대 이어 이틀째 강제 수사에 나선 것이다.
p21_u63,p21,ce1.0,"지난 6일의 제문순 전 강원도지사 사태과 퇴일 측으로 사무실, 강원도 개발공사 등 약 20곳을 앞수색을 한 대에 이어 이틀째 방지 수사에 나선 것이다."
p21_u63,p21,ce2.0,지난 27일 채문순 전 강원도지사 자택과 헤엣지 그룹 사무실 강원도 개발공사 등 약 20곳을 앞수수색을 한 대 이어 이틀째 강제 수사에 나선 것이다.
p21_u63,p21,ce5.0,"지난 27일, 채문순산 강원도지사 다택과 퇴일칙으로 사무실, 강원도 개발공사 등 약 20곳을 앞수색을 한 대 이어 이틀째 강제 수사에 나선 것이다."
p21_u63,p21,ce10.0,"지난 27일 체문순산 강원도지사 사태과 히에틱으로 사무실, 강원도 개발공사 등 약 20곳을 앞서 수색을 한 대위에 이필 때의 방세 수사에 나선 것이다."
p21_u64,p21,taps,검찰은 이날 강원도청 등의 검사와 소사관을 보내 알펜시아 리조트 내가 갈련한 문서 등을 확보한 것으로 알려졌다.
p21_u64,p21,ce0.0,검찰은 이날 강원도청 등의 검사와 수사관을 보내 알페시아 리조트 매각과 관련한 무릎 서 등을 확보한 것으로 알려졌다.
p21_u64,p21,ce0.1,검찰은 이날 강원도청 등의 검사와 소사관을 보내 아이펜시아 리조트 내가 깎아 관련한 분석 등을 확보한 것으로 알려졌다.
p21_u64,p21,ce0.5,검찰은 이날 강원도청 등의 검사와 수사관을 보내 알펜시아 리조트 내가깎 관련한 문서 등을 확보한 것으로 알려졌다.
p21_u64,p21,ce1.0,검찰은 이날 강원도청 등의 범사와 수사관을 보내 알펭시아 리드트 내가 깎아 관련한 문서 등을 확보한 것으로 알려졌다.
p21_u64,p21,ce2.0,검찰이나 강원도청 등의 검사와 수사관을 보내 알펜시아 리소트 매각각 관련한 무섭 등을 확보한 것으로 알려졌다.
p21_u64,p21,ce5.0,검찰은이나 강원도통 등의 검사와 수사관을 보내 알펜시아 리조트 내가깎아 관련한 문서 등을 확정한 것으로 알려졌다.
p21_u64,p21,ce10.0,검찰은이나 강원도청 등의 검사와 수사관을 보내 알펜시아 리조트 매각과 관련한 문서 등을 확보한 것으로 알려졌다.
p21_u65,p21,taps,"K.H. 그룹은 지난해 2월, 항로파상 관리공사의 경쟁이 차를 통해 광험도 개발공사 소위의 알펜시아 리조트를 7,15억 원에 낙사 달았다."
p21_u65,p21,ce0.0,"KHD 그룹은 지난해 2월, 홍룩 다상 관리공사의 경쟁이찌를 통해 강원도 개발공사 소유의 알펜시아 리조트를 715억 원에 낙살바랐다."
p21_u65,p21,ce0.1,KH 그룹은 지난해 2월 항립 자상관리공사의 경쟁이 차를 통해 강원도 개발공사 소위의 알펜시아 리소트를 710 의원에 낙사 달았다.
p21_u65,p21,ce0.5,KH 그룹은 지난해 6월 항룩 바상 관리공산의 경쟁이 차를 통해 강원도 개발공사 소위의 알페인시아 리조트를 710 의원에 낙살받았다.
p21_u65,p21,ce1.0,"KHD 그룹은 지난해 2월 항북 자산 관리공산의 경쟁이 차를 통해 강원도 개발공사 소위의 알펜시아 리더트를 7,15억 원에 낙살받았다."
p21_u65,p21,ce2.0,"K.H. 그룹은 지난해 6월 성북 자산 관리공사의 경쟁이 차를 통해 강원도 개발공사 소위회의 알펜시아 리조트를 7,105억 원에 낙살발랐다."
p21_u65,p21,ce5.0,"KHA 그룹은 지난해 2월 생룩 자산 관리공산의 경쟁이 차를 통해 강원도 개발공사 소위의 알팬시아 리조트를 7,15억 원에 낙찰받았다."
p21_u65,p21,ce10.0,"KHA 그룹은 지난해 6월 성룩 자산 관리공사의 경쟁 이사을 통해 강원도 개발공사 소위의 알펜시아 리조트를 7,15억 원에 낙살발랐다."
p21_u66,p21,taps,정쟁 2차례 K.H.G로 사나 계열 사만 상요에 낙찰봤자 K.H.G로가 강원도가 사전에 조율한 게 아니냐는 오기적이 됐다
p21_u66,p21,ce0.0,정쟁 2차례 K.H. 그룹 하나 개혈사만 3위에 낙찰봤자 K.H. 그룹가 강원도가 사전에 조율한 게 아니냐는 오기적이 됐다
p21_u66,p21,ce0.1,정쟁 2차례 K.H. 그룹 사나 계열 사만 창료에 낙찰봤자 K.H. 그룹과 강원도가 사전에 조율한 게 아니냐는 오기 제기됐다
p21_u66,p21,ce0.5,정쟁의 차례 KHG로 사나 계열 사만 창요에 낙태랐다. KHG로가 강원도가 사전의 조율한 게 아니냐는 오기적이랬다.
p21_u66,p21,ce1.0,정쟁 이 차례 KFC 그룹 하나 개혈사만 상류에 낙태봤자 KFC 그룹과 강원도가 사전에 조율한 게 아니냐는 오기 제기됐다
p21_u66,p21,ce2.0,정쟁 이 차례 KFG로 사나 계열사만 상위에 낙설봤다. KFG로가 강원도가 사전에 조율한 게 아니냐는 오기 제기됐다.
p21_u66,p21,ce5.0,경쟁 2차례 KHG로 사나 계열사만 상료에 락패봤다 KHG로가 강원도가 사전에 도요랑이 아니냐는 오기 제기됐다
p21_u66,p21,ce10.0,정쟁 이 차례 KAT 그룹 하나 개혈사만 상위에 낙찰봤다 KAT 그룹과 강원도가 사전의 조율한 게 아니냐는 오기 제기됐다
p21_u67,p21,taps,"서울중앙시검은 지난달 말, 흔성지검으로부터 알팬시아 리조트 매가기찰 방해의 욕 사건을 넘겨봐라 수사를 진행하고 있다."
p21_u67,p21,ce0.0,"서울중앙시검은 지난달 말, 순선시검으로부터 알팬시아 리조트 매가십찰 방해 의혹 사건을 접을 때마다 수사를 진행하고 있다."
p21_u67,p21,ce0.1,"서울중앙시검은 지난달 말, 품선시검으로부터 알팬시아 리조트 매각 기찰 방해의 욕 사건을 넘겨봐다 수사를 진행하고 있다."
p21_u67,p21,ce0.5,"서울중앙지검은 지난달 말, 순선지검으로부터 알펜시아 리도트 매각 기탈 방위욕 사건을 넘겨받아 소사를 진행하고 있다."
p21_u67,p21,ce1.0,"서울중앙시검은 지난달 말, 순순시검으로부터 알팬시아 리소트 매강시찰 방해욱 사건을 넘겨받아 소사를 진행하고 있다."
p21_u67,p21,ce2.0,"서울중앙지검은 지난달 말, 큰순지검으로부터 알팬시아 리조트 매각시찰 방해의 욕 사건을 넘겨바다 수사를 진행하고 있다."
p21_u67,p21,ce5.0,"서울중앙지검은 지난달 말, 승선지검으로부터 알핀시아 리조트 매강기찰 방해 후 켜권을 넘겨 받아 수사를 진행하고 있다."
p21_u67,p21,ce10.0,"서울중앙지검은 지난달 말, 승선지검으로부터 알펜시아 리도트 매가 기찰 방해의 욕 사건을 넘겨받아 수사를 진행하고 있다."
p21_u68,p21,taps,검찰은 이번 악수수색을 통해 확보한 자리를 분석한 뒤 발년자들을 소환해 조사할 예정이다.
p21_u68,p21,ce0.0,검찰은 이번 악수수색을 통해 확보한 자리를 부적한 뒤 발년자들을 소환해 보살 예정이다.
p21_u68,p21,ce0.1,검찰은 이번 압수수색을 통해 확보한 자리를 분석한 뒤 결련자들을 소환해 조사할 예정이다.
p21_u68,p21,ce0.5,검찰은 이번 아수수색을 통해 확보한 자리를 분석한 뒤 관련자들을 수환해 조사할 예정이다.
p21_u68,p21,ce1.0,검찰은 이번 아수수색을 통해 확보한 자리를 분석한 뒤 관련자들을 수환해 조사할 예정이다.
p21_u68,p21,ce2.0,검찰은 이번 아수수색을 통해 확보한 자리를 부석한 뒤 불년자대를 소환해 조사할 예정이다.
p21_u68,p21,ce5.0,검찰은 이번 아수 수색을 통해 확보한 자리를 분석한 뒤 불렌데대를 소환해 조사할 예정이다.
p21_u68,p21,ce10.0,검찰은 이번 아수수색을 통해 확보한 자리를 분석한 뒤 불렌데들을 수원해 조사할 예정이다.
p21_u69,p21,taps,농린 축산 시품부는 1월부터 축산 악치로 인한 불편이 우려되는 집중 관리적 33곳을 대상으로 악치 적합 노력을 하는 결과 덩남의 김혜 씨에서 선거가 나타났다고 21일 밝혔다.
p21_u69,p21,ce0.0,농민축산 스푼부는 1월부터 쿠산 악치로 인한 불편이 우려되는 집중 관리적 철은 세 곳을 대상으로 압치적한 노력을 한 절과 경남 지매시에서 성과가 나타났다고 21일 발탈다.
p21_u69,p21,ce0.1,농림 축산 스푼 분은 1월부터 축산 악치로 인한 불편이 우려되는 집중 관리적 33곳을 대상으로 악치 적합 노력을 하는 결과 정남의 김혜 씨에서 성과가 나타났다고 21일 밝혔다.
p21_u69,p21,ce0.5,농림 축산 싶은 분은 1월부터 축산 악치로 인한 불편이 우려되는 집중 관리적 표를 세 곳을 대상으로 악치 적어 노력을 한 결과 정남은 김맛이에서 선거가 나타났다고 21일 발표했다.
p21_u69,p21,ce1.0,녹림축산 싶은 분은 1월부터 수산 악치로 인한 불편이 우려되는 집중 관리적 펄은 세 곳을 대상으로 악치 적어 노력을 하는 결과 경남 김의시에서 선거가 나타났다고 21을 밝혔다.
p21_u69,p21,ce2.0,농림 축산 싶은 분은 1월부터 축산 악치로 인한 부편이 오래되는 집중 관리적 선을 세고 슬 대상으로 악치적함 노력을 한 결과 경남 김의시에서 선권가 나타났다고 21을 밝혔다.
p21_u69,p21,ce5.0,농림 축산 스푼부는 1월부터 특산 악치로 인한 불편이 우려되는 집중 관리적 소른 세 곳을 대상으로 악치적함 노력을 한 결과 경남 김혜 씨에서 상권가 나타났다고 21일 밝혔다.
p21_u69,p21,ce10.0,농림 숲산 스푼부는 1월부터 숲산 낙치로 인한 불편이 우려되는 집중 관리 지역 서른 세 곳을 대상으로 아치도검 노력을 한 결과 중남기 메시에서 손꽃 나타났다고 2시비를 뵙혔다
p21_u70,p21,taps,농시품부에 따르면 김맛이는 숙산빛집 지역 마을 이장단을 포함한 지역 체비체를 구성해 중인과 농가간 갈등을 해소려고 노력했다.
p21_u70,p21,ce0.0,농시품부에 따르면 지매시는 13 밀집 지역 마을 이장단을 포함한 지역 체리체를 구성해 중인과 농가간 발등을 해소려고 노력했다.
p21_u70,p21,ce0.1,농스픈부에 따르면 김혜 씨는 숙산빛집 지역 마을 이상단을 포함한 기역 체비체를 구성해 주민과 농가간 발등을 해소하려고 노력했다.
p21_u70,p21,ce0.5,농스픈부에 따르면 김혜 씨는 숙산밀집 지역 마을 이당단을 포함한 기약 체비체를 구성해 중인과 농가간 발등을 해석하려고 노력했다.
p21_u70,p21,ce1.0,롱스푼부에 따르면 김혜 씨는 숙산빌십 지역 마을 이당단을 포함한 지역 체비체를 구성해 주민과 논과간 달등을 세수하려고 노력했다.
p21_u70,p21,ce2.0,농스폰부에 따르면 김혜 씨는 축산밀집 지역 마을 이 장단을 포함한 기업체비체를 구성해 중윤과 농가간 갈등을 해소하려고 노력했다.
p21_u70,p21,ce5.0,농스픈부에 따르면 김혜 씨는 축산밀집 지역 마을 이장단을 포함한 기역캐비체를 구성해 중인과 농가간 갈등을 할 수 하려고 노력했다.
p21_u70,p21,ce10.0,농시품부에 따르면 김혜 씨는 수산밀빛 지역 마을 이당단을 포함한 지역 협의체를 구성해 주민과 농가간 갈등을 해서려고 노력했다.
p21_u71,p21,taps,"그 결과 2020년 야고천건에 잘했던 특산학지 인원이 지난해 2000건, 올해 상반기에는 약 360번으로 감소했다."
p21_u71,p21,ce0.0,"그 결과 2020년 야고천건에 다렸던 흑산학집 인원이 지난해 2000건, 올해 생방일이에는 약 390건으로 감소했다."
p21_u71,p21,ce0.1,"그 결과 2020년 야구천건에 달했던 숫산 악침 인원이 지난해 2000건, 올해 상반기에는 약 360번으로 감소했다."
p21_u71,p21,ce0.5,그 결과 2020년 야구 탄건에 달랐던 숙사 납치 인원이 지난해 2000권 올해 성방위위해는 약 360번으로 감소했다.
p21_u71,p21,ce1.0,그 결과 2020년 야고천건에 닫았던 숙사 낙지 민원이 지난해 2000과 올해 생방위기에는 약 360건으로 감소했다.
p21_u71,p21,ce2.0,그 결과 2020년 야고 청건에 잘했던 축산압집이선이 지난해 2000건 올해 상반기에는 약 390건으로 감소했다.
p21_u71,p21,ce5.0,그 결과 2020년 야구천건에 달했던 수산 악침 인원이 지난해 2000번 올해 생방기에는 약 350번으로 감소했다.
p21_u71,p21,ce10.0,그 결과 2020년 야구 천권에 잘했던 수산학집 위론이 지난해 2000권 요리 상반기에는 약 350권으로 감소했다.
p21_u72,p21,taps,농시품부는 성국 557곳에 악지축정 성보풍 승기술 기계 장기를 설치해 악지 전광과 분석을 추진하고 있다.
p21_u72,p21,ce0.0,농시품부는 성국 557곳에 악지축정 성보통승기술지제 당리를 설치해 악지 성검과 분석을 수진하고 있다.
p21_u72,p21,ce0.1,농시폰부는 전국 557곳에 악지 측정정보통 생기술 기계 장기를 설치해 악지 전광과 분석을 수진하고 있다
p21_u72,p21,ce0.5,농시품부는 전국 557곳에 악치 측정 정보통신기술 기계 정비를 설치해 악치 전검과 분석을 수진하고 있다.
p21_u72,p21,ce1.0,롱스폰 분은 전국 597곳에 악치 측정 정보통신기순 기계 장비를 설치해 악치 점검과 분석을 추진하고 있다.
p21_u72,p21,ce2.0,농시품부는 전국 597곳에 악치 측정 정보통신기술 기계 장비를 설치해 악치 점검과 분석을 수진하고 있다.
p21_u72,p21,ce5.0,농시품부는 전국 557곳에 악치 측정 정보통생기술 기계 장비를 설치해 악치 점검과 분석을 추진하고 있다.
p21_u72,p21,ce10.0,농시품부는 성곡 557곳을 악지 측정 성보통신기술 기계 장비를 설치해 악지 정감과 분석을 추진하고 있다.
p21_u73,p21,taps,"악지 발생시, 기자체, 특산 농가 안내문자 등을 활용해 듣지 통보한을 실수됩니다."
p21_u73,p21,ce0.0,"앞치발생시, 지자체, 부산 농가 안내문자 등을 활용해 듭시 통보하는 시스템입니다."
p21_u73,p21,ce0.1,악치 발생시 디저트에 속산농가 안내문자 등을 활용해 즉시 통보하는 슬스템입니다.
p21_u73,p21,ce0.5,악지 발생시 기자체 특산 롱가 안내문자 등을 활용해 특지 통보하는 슬스텝입니다.
p21_u73,p21,ce1.0,악지 발생시 기자체 특산 롱가 안내문자 등을 활용해 극지 통보하는 시스템입니다.
p21_u73,p21,ce2.0,악치 발생시 피자첼 숙산 롱가 안내문사 등을 활용해 극시 통보하는 실패입니다.
p21_u73,p21,ce5.0,"악치 발생시 기자체, 숙선 농가 안내문자 등을 활용해 극치 통보한을 시급됩니다."
p21_u73,p21,ce10.0,"악치 발생시 기자체, 특산 농가 안내 문자 등을 활용해 극시 통보하는 시스템입니다."
p21_u74,p21,taps,특히 데이터분석을 통해 고농도 악지를 자주 배출하는 농가와 시설을 환결해 집중 관리를 하고 있다.
p21_u74,p21,ce0.0,특지 데이터본석을 통해 고농도 악치를 사서 배출하는 농가와 시설을 침별해 집중 관리를 하고 있다.
p21_u74,p21,ce0.1,특히 데이터분석을 통해 도농도 악치를 자조배출하는 농가와 시선을 환절해 집중 관리를 하고 있다.
p21_u74,p21,ce0.5,특히 데이터분석을 통해 고농도 악지를 자주 배출하는 농가와 시설을 컴별해 집중 관리를 하고 있다.
p21_u74,p21,ce1.0,특히 데이터분석을 통해 고농도 악티를 자주 배출하는 농가와 시설을 컴별해 집중 관리를 하고 있다.
p21_u74,p21,ce2.0,특히 데이터분석을 통해 구농도 악치를 자주 배출하는 농가와 시설을 한 달에 집중 관리를 하고 있다.
p21_u74,p21,ce5.0,특히 데이터분석을 통해 구농도 악치를 자주 배출하는 농가와 시설인 3절에 집중 관리를 하고 있다.
p21_u74,p21,ce10.0,특히 데이터 분석을 통해 군홍도 앞치를 자조배출하는 농가와 시설리를 선별해 집중 관리를 하고 있다.
p21_u75,p21,taps,전남 공군에서는 양돈농가 근태어있던 가축군이로 처리시설 등료 반익량을 낼려 회장 농가의 분료가 적퇴되는 기간을 줄일 수 있었다
p21_u75,p21,ce0.0,전남 본군에서는 양돈롱과 근처에 있던 다치군요 처리시설 진요 반인량을 늘려 회장 농가의 빛료가 적체되는 기간을 줄일 수 있었다
p21_u75,p21,ce0.1,전남 본군에서는 양돈농가 된 차에 있던 가치뿐이로 처리시설 중료 반익량을 늘려 회장 농가의 분료가 잡혀되는 기간을 줄일 수 있었다.
p21_u75,p21,ce0.5,"전남 공군에서는 양돈롱가 골터에 있던 가죽근이로 처리시설, 빙요 반인량을 늘려 해당 농가의 빙요가 적패되는 기간을 줄일 수 있었다."
p21_u75,p21,ce1.0,전남 공군에서는 양동롱과 군태회에 있던 가축군요 처리시설 국료 반인량을 내려 해당 농가의 분녀가 적퇴되는 기간을 줄일 수 있었다.
p21_u75,p21,ce2.0,"전남 본군에서는 양동롱과 근처에 있던 가죽군이로 처리시설, 빙요 반인량을 늘려 해당 농가의 빙요가 적세되는 기간을 줄일 수 있었다"
p21_u75,p21,ce5.0,"전남 공군에서는 양돈농과 근터에 있던 가특군이로 처리시설, 분류 반인량을 늘려 해당 농가의 분류가 적퇴되는 기간을 줄일 수 있었다."
p21_u75,p21,ce10.0,"전남 봄군에서는 양돈롱과 근처에 있던 다치뿐이오 처리시설, 분류 반인량을 늘려 해당 농가의 분류가 적퇴되는 기간을 줄일 수 있었다."
p21_u76,p21,taps,특히 여름철 강으로 액비 살포가 제한되자 액비와 외의 정화 살이 비중을 2020년 0%에서 올해 15%까지 높았다
p21_u76,p21,ce0.0,특히 여름철 강으로 앱이 살포가 제한되자 앱비와 외의 정화 살이 비중을 2022년 0%에서 올해 15%까지 높았다
p21_u76,p21,ce0.1,패필 여름철 강으로 S.D. 살포가 제한되자 백비와 외의 정화 살이 비중을 2020년 0%에서 올해 11%까지 놓쳤다.
p21_u76,p21,ce0.5,FB 여름철 강으로 FB 살포가 제한되다 FB와 외의 정화 살이 비중을 2020년 0%에서 올해 11%까지 높았다
p21_u76,p21,ce1.0,FB 여름철 강으로 FB 살포가 제한되다 FB와 외의 정화 살이 비중을 2020년 0%에서 올해 15%까지 높았다
p21_u76,p21,ce2.0,F2 여름철 강으로 FB 살포가 제한되자 FB와 외일 정화 살이 비중을 2020년 0%에서 올해 15%까지 높았다
p21_u76,p21,ce5.0,특히 여름철 강으로 엑비 살프가 제한되다 읍비와 외의 정화파리 비증을 2020년 0%에서 올해 11%까지 높았다
p21_u76,p21,ce10.0,FB 여름철 강으로 FB 살포가 제한되다 FB와 외에 정화 살이 비중을 2020년 0%에서 올해 15%까지 높였다
p21_u77,p21,taps,윤석열 정부가 2030년까지 전체 발전원에서 원자력 기종을 3% 이상으로 확대기로 했다.
p21_u77,p21,ce0.0,윤석열 정부가 2030년까지 검찰 발전원에서 원자력 기증을 3% 이상으로 확대기로 했다.
p21_u77,p21,ce0.1,윤석열 정부가 2030년까지 전체 발전원에서 원자력 비승을 3% 이상으로 확대키로 했다.
p21_u77,p21,ce0.5,윤석열 정부가 2030년까지 전체 발전원에서 원자력 비중을 30% 이상으로 확대기로 했다.
p21_u77,p21,ce1.0,윤석열 정보가 2030년까지 전체 발전원에서 원자력 기증을 30% 이상으로 확대기로 했다.
p21_u77,p21,ce2.0,윤석열 정부가 2030년까지 전체 발점원에서 원자력 기종을 30% 이상으로 확대키로 했다.
p21_u77,p21,ce5.0,윤석열 정부가 2030년까지 전체 발전원에서 원자락 비숭을 30% 이상으로 확대 필요했다.
p21_u77,p21,ce10.0,윤석열 정부가 2030년까지 전체 발전원에서 원자력 기종을 30% 이상으로 확대 필요했다.
p21_u78,p21,taps,"문재인 정부에서 건설이 준단된 신환을 3, 4호기를 쌍석히 제개하고 건설 중인 원전 4기도 인기 내 진공을 격액이다."
p21_u78,p21,ce0.0,"문재인 정부에서 권설이 중단된 신환을 3, 4, 5개를 쎄서치 대개하고 건설증인 원전 4지도 인기네 진공할 권백이다."
p21_u78,p21,ce0.1,"문재인 정부에서 건설을 준단된 신안을 3, 4억이들 세섭히 제개하고 전설증인 원전 4기도 임기네의 증공을 결백이다."
p21_u78,p21,ce0.5,"문재인 정부에서 건설을 중단된 신난을 3, 4우계를 신속히 제개하고 건설 중인 원전 사기도 임기 내 진공을 결록이다."
p21_u78,p21,ce1.0,문재인 정부에서 건설이 중단된 신안을 상사오기를 신속히 제대로 하고 건설 중인 원전 사기도 인기 내 진공을 결백이다.
p21_u78,p21,ce2.0,"문재인 정부에서 건설이 중단된 신함을 3, 4, 5개를 신속히 제개하고 건설 중인 원전 사기도 인기 내 증공할 계획이다."
p21_u78,p21,ce5.0,"문재인 정부에서 건설을 중단된 신안을 3, 4, 5개를 신속히 제개하고 건설 중인 원전 4기도 이미지 내 진공을 교백이다."
p21_u78,p21,ce10.0,"문재인 정부에서 건설을 중단된 신안을 3, 4, 5개를 신속히 제개하고 건설 중인 원전 사기도 인기 내 진공을 교육이다."
p21_u79,p21,taps,반면 석탄 검축과 재생이너지 확대에 대한 믹드림은 제시하지 않아 이전 정부의 8원절 로듬에도는 사실상 폐기될 것으로 보인다
p21_u79,p21,ce0.0,반면 석판 검축과 재생이러지 확대에 대한 미끄림은 제시하지 않아 이전 정부의 8원절 모든 맵을 사실상 폐기될 것으로 보인다
p21_u79,p21,ce0.1,반면 석판 검축과 재심이너지 확대에 대한 립 드림은 제시하지 않아 이전 정부의 탈원전 로듬에도는 사실상 폐기될 것으로 부인다
p21_u79,p21,ce0.5,반면 석판 건수과 재싱이너지 확대에 대한 미끄리는 제시하지 않아 이전 정부의 타이원던 로든레브에 사실상 폐기될 것으로 보인다
p21_u79,p21,ce1.0,반면 석탄 건축과 재생이너지 확대에 대한 미끄림은 제시하지 않아 이던 정부의 탈원전 로드맵은 사실상 폐기될 것으로 보인다
p21_u79,p21,ce2.0,반면 석탄 반축과 자신이너지 확대에 대한 미끄림은 제시하지 않아 이전 정부의 탈원전 로든맵은 사실상 폐기될 것으로 보인다
p21_u79,p21,ce5.0,반면 석탄 건수과 개생이너지 확대되어 미끄리면 제시하지 않아 이전 정부의 탈원들 로드맵은 사실상 폐기될 것으로 보인다
p21_u79,p21,ce10.0,반면 석판 검수과 재생 에너지 확대에 대한 미끄리면 제시하지 않아 이전 정부의 8원절 로든내부는 사실상 폐기될 것으로 보인다
p21_u80,p21,taps,환업통상사원부는 5A-5A 용산 대투명실 청살수 열린 9호 회의에서 관계부처 석동으로 마련한 새 동부 에너지 당책 방향이 찌리혜이 이결했다고 밝혔다.
p21_u80,p21,ce0.0,환업통상자원부는 5일 서울의 용산트투명실 청사에서 열리는 부모회의에서 관계부터 쇼동으로 마련한 새 덩부 에너지 덩책 방향에 C&A 이결했다고 밝혔다.
p21_u80,p21,ce0.1,환업통상사원부는 5일 서울이 용산 대투명실 창탈을 열린 공모 회의에서 관계부처혁동으로 마련한 새 정부 에너지 당척 방향을 시민이 이겨됐다고 배폈다.
p21_u80,p21,ce0.5,환합통상자원분은 5일 서울의 유료산 대통령실 특사회술 열리는 공업위에서 관계부터 협동으로 마련하는 실통부 에너지 당척 방명을 심위 의견했다고 밝혔다.
p21_u80,p21,ce1.0,한업통상자원분은 5일 서울의 용산세통명실 청사회에서 열린 공고회의에서 관계부터 협동으로 마련한 새 덩부 에너지 당척 방향이 힘이 이별했다고 밝혔다.
p21_u80,p21,ce2.0,한업통상 자원부는 5일 서울의 용산 대통영실 청사에서 열린 국무웨이에서 관계부차 섭동으로 마련하는 셀 덩부 에너지 당색 방향을 심흥이 띄가됐다고 밝혔다.
p21_u80,p21,ce5.0,환합통상자원분은 5145의 요산 대통령실 청사회에서 열린 공호회의에서 관계부터 협동으로 마련하는 최정부 에너지 당척 방향에 시민이 의견했다고 밝혔다.
p21_u80,p21,ce10.0,"3업통상자원부는 5일, 5일 용산 대통령실 청사에서 열린 공호회의에서 관계부터 협동으로 마련한 새 정보 에너지 등책 방향을 심위위가 됐다고 밝혔다."
p21_u81,p21,taps,이번 에너지 정색 방에는 문재인 정부의 에너지 떠날 로드 넷과 제 사르차 에너지 기본 벨릭 등 원전의 장계적 감축이 명시했던 성책을 대체한 것이다
p21_u81,p21,ce0.0,이번 에너지 정색 방향은 문재인 정부의 에너지 떠날 로드 넷과 제 사르차 에너지 기본 벨릭 등 원전의 장계적 감축이 명시했던 성책을 대체한 것이다
p21_u81,p21,ce0.1,이번 에너지 성색 방향은 문재인 정부의 에너지 떠날 로드 넷과 제 3차 에너지 기본 교육 등 원전의 장계적 감축이 명시했던 정책을 대체한 것이다
p21_u81,p21,ce0.5,"이번 에너지 정책 방에는 문재인 정부의 에너지 떠날 로드 넷과 제 3, 4 에너지 기본 발백 등 원전의 장계적 감출을 명시했던 정책을 대체하는 것이다."
p21_u81,p21,ce1.0,이번 에너지성색 방향은 문재인 정부의 에너지 떠날 로드 넷과 제 산차 에너지 기본 발획 등 원전의 장계속 감충을 명시했던 정책을 대체한 것이다
p21_u81,p21,ce2.0,이번 에너지 성책 방향은 문재인 정부의 에너지 떠날 로드 맵과 제 사례차 에너지 기본 벨립 등 원전의 장개적 건축을 명시했던 정책을 대체한 것이다
p21_u81,p21,ce5.0,이번 에너지 정책 방향은 문재인 정부의 에너지 떠날 로드맵과 제 살사 에너지 기공결액 등 원전의 단계적 간축을 연시했던 정책을 대차한 것이다.
p21_u81,p21,ce10.0,"이번 에너지 성책 방향은 문재인 정부의 에너지 다만 로드맵과 제 선사, 에너지 기본 계획 등 원전의 상계적 감축이 명시했던 정책을 대체한 것이다."
p21_u82,p21,taps,하납분은 이번 에머지성책 방향을 통해 2030년까지 원자력 발전 비증을 30% 이상으로 확대하겠다고 분식화했다.
p21_u82,p21,ce0.0,하맛보는 이번 에너지 정책 방향을 통해 2030년까지 원자력사회점 기증을 30% 이상으로 확제하겠다고 분식화했다.
p21_u82,p21,ce0.1,하나 뿐은 이번 에너지 정책 방향을 통해 2030년까지 원자력 설정 기준을 30% 이상으로 합세하겠다고 분식하겠다
p21_u82,p21,ce0.5,산업부는 이번 에너지 정책 방향을 통해 2030년까지 원자력 발전 기증을 30% 이상으로 확대하겠다고 공식하겠다
p21_u82,p21,ce1.0,하나 뿐은 이번 에너지 정책 방향을 통해 2030년까지 원자력 발전 기승은 30% 이상으로 학생하겠다고 분식화했다.
p21_u82,p21,ce2.0,"하나 뿐은 이번 에너지 정책 방향을 통해 2,300명까지 원자력 발전 기준을 30% 이상으로 확대하겠다고 분식화했다."
p21_u82,p21,ce5.0,하나 뿐은 이번 에너지성 측 방향을 통해 2030년까지 원달력 발전 기증을 30% 이상으로 확대하겠다고 분식하겠다
p21_u82,p21,ce10.0,산업부는 이번 에너지 정책 방향을 통해 2030명까지 원달력 발전 기능을 30% 이상으로 확대하겠다고 분식화했다.
p21_u83,p21,taps,이는 문재인 정부에서 마른만 2천 상식 가 원실 딸스 관측 목표에서 제시한 원점 비정 목체치를 대법 창행 부정한 수준이다
p21_u83,p21,ce0.0,이는 문재인 정부에서 마른만 2030가 원세를 딸스 관측 목표에서 제시한 원전 비정목출치를 대법 창명 소정한 수준이다.
p21_u83,p21,ce0.1,이는 문재인 정부에서 마른만 2030가 원실 딸스 관측 목표에서 세시한 원점 지등 목표를 대북 창명 소정한 수준이다.
p21_u83,p21,ce0.5,이는 문재인 정부에서 마른만 2030가 원실까지 관청 목표에서 제시한 원점 비통 목표를 대폭 상민 조정한 수준이다.
p21_u83,p21,ce1.0,이는 문재인 정부에서 마련한 2030가 원실까지 관측 목표에서 재신한 원점 비중 목표치를 대법 창림 조정한 수준이다.
p21_u83,p21,ce2.0,이는 문재인 정부에서 마른만 2030 국가원실과 수관층 목표에서 제시한 원선 비정 목표를 대북 상용 조정한 추승입니다.
p21_u83,p21,ce5.0,이는 문재인 정부에서 마련한 2030가 원실가스 관측 목표에서 제시한 원섬 비생 목표를 대폭 생명 부성한 수준이다.
p21_u83,p21,ce10.0,이는 운대인 정부에서 마련한 2030가 원샐빼스 관총 목표에서 제시한 원점 비정 목표를 대폭 생명 조정을 수준이다.
p21_u84,p21,taps,"정보는 지난해 기준 27.4%였던 원전 비롱에 진한을 상사옥이 건설 조개, 안전성 확보를 전제로 한 계속은 전 수진 등을 통해 대폭 권리기를 했다."
p21_u84,p21,ce0.0,정보는 지난해 기준 27.4%였던 원전 비중을 신환을 상사옥이 건설 최대 안전성 석보를 전제로 한 재속은선 수진 등의 통해 답볙 올리기를 했다.
p21_u84,p21,ce0.1,"정보는 지난해 기준 27.4%였던 원전기 중일 실한을 3, 4호히 건설 재개 안전성 확보를 전제로 한 계속은 전 수진 등의 통해 대폭 올리기를 했다"
p21_u84,p21,ce0.5,"정보는 지난해 기준 27.4%였던 원전 비용을 신환을 3, 4호기 건설 재배, 안전성 확보를 전재로한 계속은 전 수진 등을 통해 대표 권리기를 했다."
p21_u84,p21,ce1.0,"정보는 지난해 기준 27.4%였다는 원점 비중을 신환을 3, 4억이 건설제계대, 안전성 확보를 전제로 한 계속은 전 수진 등을 통해 대폭 올리기 했다."
p21_u84,p21,ce2.0,"정보는 지난해 기준 27.4%였간 원점 비중을 신한을 3, 4, 5기 건설 재개 안전성 확보를 전제로 한 계속은 전 수진 등을 통해 덮어볼리기로 했다"
p21_u84,p21,ce5.0,"정보는 지난해 기준 27.4%였던 원점 비중을 신환을 3, 4억이 건설 대개, 안전성 확보를 존재로 한 개수분전 수진 등을 통해 대폭 권리기로 했다."
p21_u84,p21,ce10.0,"정보는 지난해 기준 27.4%였던 원점 비중을 신환을 3, 4억이 건설 재개, 안전성 확보를 전제로 한 계속은 전 수진 등을 통해 대폭 올리기로 했다."
p21_u85,p21,taps,"반면 재생 에너지, 확판, 액화 천연가스 등 여타 발전한 비중 목표치는 에너지 정책 방향이 담지 않았다."
p21_u85,p21,ce0.0,"반면 재생이너지, 확판, 에커턴엘가스 등 여타 발전한 비중 목표치는 에너지정 특 방향이 담지 않았다."
p21_u85,p21,ce0.1,"반면 재생이너지, 혁탄, 에커, 천요가스 등 여타 발전한 비증 목표치는 에너지정 측 방향이 담지 않았다."
p21_u85,p21,ce0.5,"반면 재생이너지, 확판, 액화소녀가스 등 몇 다 발전한 비중 목표치는 에너지정식 방향이 담지 않았다."
p21_u85,p21,ce1.0,반면 재생이너지 혁한 액화소년가스 등 옆다 발전한 비중을 오프치는 에너지정 측 방향이 단지 않았다.
p21_u85,p21,ce2.0,"반면 재생 에너지, 석탄, 에커, 선요가스 등 여타 발전한 비중 목표치는 에너지 정책 방향이 담지 않았다."
p21_u85,p21,ce5.0,반면 재생이너지 혁탄 액화소년가스 등 몇 다 발전한 비중 목표치는 에너지정책 방향이 담지 않았다.
p21_u85,p21,ce10.0,"반면 재생이너지, 혁판, 액화소년과스 등 여타 발전한 비중 못 표치는 에너지정 측 방향이 잠지 않았다"
p21_u86,p21,taps,"선압번은 재생이너지에 대해 고급력권을 고려를 목표를 합리적으로 재정립하고 태양관, 흥력 등이 발전엄대할 적정 비 등을 고출하겠다, 꼭 엉립하는데 그쳤다."
p21_u86,p21,ce0.0,"선압번은 재생이머지에 대해 고급력권을 고려해 목표를 합리적으로 재정립하고 태양관, 승력 등이 발전엄대할 적정 비즈에 고출하겠다고 언대파는데 그쳤다."
p21_u86,p21,ce0.1,첫날보는 재생이너지에 대해 보급 역관을 드려의 목표를 합리적으로 제정립하고 체형과 수순력 등이 발전함제할 젖정 비 등에 도출하겠다 또 언급하는데 구쳤다
p21_u86,p21,ce0.5,설마 뿐은 재생인러지에 대해 고급략관을 그려의 목표를 합리적으로 재정립하고 제형과의 푸순력 등 발전함대할 적정 기준을 고출하겠다. 또 엉덩하는데 고쳤다.
p21_u86,p21,ce1.0,선압보는 재생이너지에 대해 고급력관을 구름을 목표를 삽리적으로 재정립하고 제형과 풍력 등 발전 완벽 적정 비등을 고출하겠다. 공원 기판인데 그렇었다.
p21_u86,p21,ce2.0,삼합본은 재생인러지에 대해 고급력관을 두려워 목표를 합리적으로 재정립하고 태양과 풍력 등 발전원별 적정 비중을 겪으라겠다. 꼭 왕급하는데 겪었다.
p21_u86,p21,ce5.0,"선압보는 재생이너지에 대해 고급력건을 구름을 목표를 합리적으로 재정립하고 태양화, 풍력 등 발전환별 적정 비중을 구추라겠다, 꼭 엉개판인데 구쳤다."
p21_u86,p21,ce10.0,"선압보는 재생인화지에 대해 고급략관을 고려해 목표를 합리적으로 재정위받고 쇄명과요, 수명 등이 발전 완료할 적정 비등에 도출하겠다."
p21_u87,p21,taps,흙톤 발전에 대해 시혜료 석탄 발전소 건설 군지를 명확히 밝히 이전 정부 대외 딱 발리 흙끝 상황 개통을 신승이 부려해 홈유덕 건숙이 유도하겠다고 밝혔다
p21_u87,p21,ce0.0,학통 발전해제의 시리어 석참 발소로서 건설 글지를 명확시 발치 이전 전부 대외파 발리 회법 상황 개통을 신중히 그려의 훈련적 건수기 유도하겠다고 발졌다
p21_u87,p21,ce0.1,석탄 발전에 대해 신의료 석탄 발전소 건설 금지를 명화스키 밝힌 이전 정부 계획받 달리 수빡 상황 개통을 신승해 두려해 흥미적 건수를 이동하겠다고 밝혔다.
p21_u87,p21,ce0.5,석탄 발전에 대해 실료 석탄 발전소 건설 글지를 명확히 밝힐 이전 정부 벨략과 발리 수뜩평함 개통을 신중해 보려해 손유작 건수지 일도하겠다고 밝혔다
p21_u87,p21,ce1.0,확판 발전에 대해 신규 석탄 발전소 건수를 명확시 밝힌 이전 정부 계획과 달리 회끝 상황 개통을 신승해 구겨해 홈유각 건수를 일도하겠다고 발전받아
p21_u87,p21,ce2.0,석탄 발전에 대해 신규 석탄 발전소 건설 굿질을 명확히 밝힌 이전 정부 계획과 자리 희급 상황 개통을 신중해 구려해 훌륭적 건수를 유도하겠다고 밝혔다
p21_u87,p21,ce5.0,석탄 발전에 대해 신규 석탄 발전소 건설 군지를 명확히 밝힌 이전 정부 계획과 발리 시급 상황 개통을 신승해 구려해 홍유작 건수게 유도하겠다고 밝혔다
p21_u87,p21,ce10.0,석탄 발전에 대해 신규 석탄 발전소 건설 글지를 명확히 밝힌 이전 정부 갤랫박 달리 흑흡성황 개통을 신중해 부려해 혐의적 건수를 유도하겠다고 밝혔다
p21_u88,p21,taps,과기증 산업부 2차관은 5월 12월 전역수급 기본 계획을 통해 구체적인 발전원들 비준 수출을 발표하겠다고 말했다.
p21_u88,p21,ce0.0,박 이슈은 산업부 이차관은 올해 12월 전역수득 지봉 재획을 통해 최적인 발전원들 비준 수치를 발표하겠다고 말했다.
p21_u88,p21,ce0.1,박이 쓴 산업비 2차관은 올해 12월 전력수득 비봉 계획을 통해 구체적인 발전원들 비등 수출을 발톱하겠다고 말했다.
p21_u88,p21,ce0.5,박일 쓴 산업부 이차관은 올해 12월 전역수급지본 계획을 통해 구체적인 발전함자를 비둔 수치를 발표하겠다고 말했다.
p21_u88,p21,ce1.0,박이잇은 산업부 이차관은 올해 12월 전력수급 기봉 대회를 통해 구체적인 발전원별 비준 수치를 발표하겠다고 말했다.
p21_u88,p21,ce2.0,박일쌈 선업부 이차관은 올해 12월 덜력수급 기공 갤력을 통해 구체적인 발전험자를 비준 수치를 발표하겠다고 말했다.
p21_u88,p21,ce5.0,박일승 산업부 이차관은 올해 12월 달력수급 기본 계획을 통해 구체적인 발전함자를 비증 수치를 발표하겠다고 말했다.
p21_u88,p21,ce10.0,박일승 3업부 2차관은 올해 12월 전역 수급 기봉 개맥을 통해 구체적인 발전암절 비등 수치를 발표하겠다고 말했다.
p21_u89,p21,taps,이 날 정부는 전기 오겸의 연루비를 반영하는 원까지를 성욕하겠다는 계획도 내놓았다.
p21_u89,p21,ce0.0,이 날 성분은 정기흡음의 연루비를 반영하는 원가주의를 확률하겠다는 계획도 내놓았다.
p21_u89,p21,ce0.1,이 날 정부는 장기훈음의 연루비를 반영하는 원가주의를 상략하겠다는 계획도 내놓았다.
p21_u89,p21,ce0.5,이 날 정보는 덩기획음의 연루비를 발령하는 원가주의료 흉을 파겼다는 계획도 내놓았다.
p21_u89,p21,ce1.0,이 날 정보는 정규욱음의 연로비를 반영하는 원가주의료 성륙하겠다는 계획도 내놓았다.
p21_u89,p21,ce2.0,이 날 성분은 전기요금의 연료비를 반영하는 원가수의료 성립하겠다는 계획도 내놓았다.
p21_u89,p21,ce5.0,이 날 성분한 정기액음의 열려비를 발령하는 온까지를 흥득하겠다는 계획도 내놓았다.
p21_u89,p21,ce10.0,이 날 정보는 정기 의겸의 연루비를 발령하는 온과주의를 훅룩하겠다는 계획도 내놓았다.
p21_u90,p21,taps,정기요금 결정 과정에서 등립성 확보를 위해 정기위원회 조직 인력도 보강한다.
p21_u90,p21,ce0.0,정지효금 절전 과정에서 독립성 확보를 위해 전기위위원회 조직 인력도 보강한다.
p21_u90,p21,ce0.1,전기요증 결정 과정에서 등립성 확보를 위해 전기위원회 조직 인력도 보강한다.
p21_u90,p21,ce0.5,정규역 등 결정 과정에서 동립성 확보를 위해 정규위원회 도직 인력도 보강한다.
p21_u90,p21,ce1.0,정기요금 결정 과정에서 동립성 학고를 위해 중기위원회 조직 인력도 보강한다.
p21_u90,p21,ce2.0,전기적인 결단 과정에서 등립성 확보를 위해 전기위원회 조직 인력도 보강한다.
p21_u90,p21,ce5.0,전기요금 결정 과정에서 분입성 확보를 위해 전기위원회 조직 인력도 보강한다.
p21_u90,p21,ce10.0,정규육은 결정 과정에서 등립성 확보를 위해 정기위원회 조직 인력도 보강한다.
p21_u91,p21,taps,"철키엑스 10차 안에서 자신의 비행 생차를 적발한 스무원을 협박, 폭탄까지 한 50대 승객이 증액청을 선고받았다."
p21_u91,p21,ce0.0,철키엑스 열차 안에서 자신의 위인승차를 적발한 싱우원을 혁박 펼다진한 50대 승객이 진행창을 선고받았다
p21_u91,p21,ce0.1,7TX 10차 안에서 자신의 운행 승차를 적발한 스무원을 협박 푹푹 따지면 50대 승객이 지내상을 선고받았다.
p21_u91,p21,ce0.5,7TX10차 안에서 자신의 우린 승파를 적발한 승요원을 혁박 포평까지 한 50대 승객이 진행성을 선고받았다.
p21_u91,p21,ce1.0,테이픽스 10차 안에서 자신의 무인승차를 적발한 승우원을 혁박 턱까지 한 50대 승객이 증회성을 선고받았다.
p21_u91,p21,ce2.0,체치이 쿠스 10차 안에서 자신의 윙승차를 적발한 송웅원을 협박 쿠션까지 한 50대 승객이 진영상을 선고받았다.
p21_u91,p21,ce5.0,킬키엑스의 열차 안에서 자신의 윙킹타를 적발한 홈웅을 협박 후큰까지 한 50대 승객이 증역성을 선고받았다.
p21_u91,p21,ce10.0,킬킬스 10차 안에서 자신의 윤희 승차를 적발한 소무원을 협박 등까지 한 50대 승객이 지메평을 선고받았다.
p21_u92,p21,taps,광두지법 147 단독은 10차 승로월의 패텡에 철도 안전법 이반 행위로 기소를 내이지에 대해 징역 8개월 행을 선고했다고 10요일 발표했다.
p21_u92,p21,ce0.0,강두지법 147 단독은 열차 승부완의 패템의 퀄 또 안전법 이반 혐의로 기소된 A 씨에 대해 진약 8개월 형을 선고했다고 50일 발표했다.
p21_u92,p21,ce0.1,강주지법 477 단독은 10차 승로원의 특힥의 철도 안전법 이반 혐의로 기소를 내시에 대해 지냅 8개월 행을 선고했다고 50일 밝혔다.
p21_u92,p21,ce0.5,강두지밥 천사치를 단독은 열차 승로화를 폭행해 철도 안전법 위반 행위로 기소된 A 씨에 대해 진약 8개월 형을 선고했다고 의식을 발표했다.
p21_u92,p21,ce1.0,광주지법 충사치를 단독은 열차 승무원을 폭행해 설도 안전법 이반 행위로 기소된 A 씨에 대해 진약 8개월 행을 선거했다고 15월 밝혔다.
p21_u92,p21,ce2.0,광주지밥 천사치를 단독은 열차 승부완을 폭행해 철도 안전법 위반 혐의로 기소된 A 씨에 대해 증약 8가월형을 선거했다고 11백이었다.
p21_u92,p21,ce5.0,강두지밥 천사치의 단독은 10차 승원을 폭행해 퀄도 안전법 위반 행위로 기소된 매이치에 대해 진약 8개월 행위를 선고했다고 50회 발표했다.
p21_u92,p21,ce10.0,강수지법 청사 7 잔독은 10차 승로화를 폭행해 퀄드 안전법 이반 혐의로 기소된 매이씨에 대해 중약 8개월 형을 선거했다고 10월 발표했다.
p21_u93,p21,taps,"A 씨는 지난해 12월 23일 저녁, 10시쯤 라주역에서 부실 표혁을 향해 임행 중인 던을 펼프업찌기 차대에서 열차 승부원에게 유인싱차 사술이 적발됐다."
p21_u93,p21,ce0.0,"A 씨는 지난해 12월 23일 저녁, 10쯤. 낮 지역에서 무지 퇴력을 향해 인행증이던 펼프업찍이 차대에서 옐차 승무원에게 인증사 사슬리에 접발됐다."
p21_u93,p21,ce0.1,"A 씨는 지난해 12월 23일 저녁, 10쯤. 나주역에서 무술 퇴억을 향해 운행 중인 돈을 퇴수혁시기 차례에서 10차 승모원에게 우임승차 사수리 잡발됐다."
p21_u93,p21,ce0.5,"A 씨는 지난해 12월 23일 저녁, 몇 시쯤, 나주역에서 무표역을 향해 은행 중이던 펄스프럭스 기타대에서 열차 승부원에게 은행승차 선수리 덮발됐다."
p21_u93,p21,ce1.0,"A 씨는 지난해 12월 23일 저녁, 10쯤, 낮으력에서 무표혁을 향해 운행 중이던 퀄폭시 기차대에서 열타 승부원에게 우인승차 사실에 적발됐다."
p21_u93,p21,ce2.0,"베이스는 지난해 12월 23일 저녁, 10증, 나주역에서 무시표학을 향해 운행 중이던 퀴즈평시 기차대에서 열차 승무원에게 운평 차 사설이 적발됐다."
p21_u93,p21,ce5.0,"A 씨는 지난해 12월 23일 저녁, 10쯤, 나주역에서 부위표역을 향해 운행 중이던 혁혁식이 차례에서 10타 승무원에게 운행생처 사쇼에 적발됐다."
p21_u93,p21,ce10.0,A 씨는 지난해 12월 23일 전역 10쯤 낮으력에서 무표역을 향해 은행증을 던 퀼퀼시기차 내에서 열차 승무원에게 무인승차 소설이 적발됐다.
p21_u94,p21,taps,소리치에 있던 A 씬을 승무원이 요금과 추가 부각금을 부여하자 화장 승무월을 때릴듯이 이어팠고 복구를 손바닥으로 미치는 풍력을 흉성 것으로 찾았다
p21_u94,p21,ce0.0,후회치에 있던 A 씬은 흥무한이 요금과 초각 부각금을 부여하자 회장 승무화를 때릴 질 수 이어패고 복구를 손바닥으로 미치는 풀력을 흉송한 것으로 젖어냈다
p21_u94,p21,ce0.1,술에 치에 있던 A 씬을 승류한 이 요금과 추가 부각금을 부여하자 해장 승무월을 때릴듯이 이어팠고 복부를 손바닥으로 미치는 풀명을 흉승한 것으로 찾아냈다
p21_u94,p21,ce0.5,수회치에 있던 A 씬은 송료환이 요금과 추가 구간금을 부여하자 해당 송료환을 때릴듯이 위협하고 복부를 손바닥으로 밀지는 풍력을 흉송한 것으로 자살았다
p21_u94,p21,ce1.0,스웨치에 있던 A 씻은 송무환이 요금과 추가 구역금을 부여하자 회장 송무환을 때릴듯이 위협하고 복부를 손바닥으로 미지는 폭력을 행사한 것으로 조사됐다
p21_u94,p21,ce2.0,스웨치에 있던 A 씨는 송루환이 요근과 추가 구맛금을 부여하자 회장 송루환을 때릴 듯 이어팠고 복구를 손바닥으로 미치는 풍력을 향송을 것으로 찾아냈다
p21_u94,p21,ce5.0,스웨치에 있던 A 씬을 흥원히 욕은과 추가 구간금을 부여하자 해당 흥원을 때릴듯이 이어프고 복부를 손바닥으로 미치는 풍력을 향성한 것으로 조사됐다
p21_u94,p21,ce10.0,술에 취해 있던 H는 속눈환이 요금과 추가 분야금을 부여하자 해당 속눈환을 때릴듯이 위협하고 복구를 손바닥으로 미치는 풍력을 흉 속은 것으로 저살됐다
p21_u95,p21,taps,대단부는 A씨가 만시 상체에서 혈 또 종사자의 직료집행을 방해해 재채기 가죽지 않다.
p21_u95,p21,ce0.0,재반물은 A씨가 만시 상태에서 철도 종사자의 진료지팽을 방해해 제특히 가접지 않다.
p21_u95,p21,ce0.1,대단부는 A 씨가 만시 상태에서 철도 종사자의 진료집행을 방해해 재측이 가볍지 않다.
p21_u95,p21,ce0.5,백반부는 A 씨가 만실 형태에서 설탕도 종사자의 짙은 지팽을 방해해 주특히 가적지 않다.
p21_u95,p21,ce1.0,해판부는 A 씨가 만시 상탭에서 설득 종사장의 징요지팡을 방해해 재퇴기 가볍지 않다.
p21_u95,p21,ce2.0,대판부는 A 씨가 만시 상세에서 철도 동사자의 증언집행을 방해해 재책이 가볍지 않다.
p21_u95,p21,ce5.0,대판부는 A 씨가 만시 형태에서 섭도 동화장에 직뇌 직댄지평을 방해해 개책이 가득지 않다.
p21_u95,p21,ce10.0,뒷반부는 H가 만치 형체에서 설탕 동사장의 진료집행을 방해해 재책이 가볍지 않다.
p21_u96,p21,taps,A 씨에게 푸펜과 어머방에 등 다스 전거가 있는 점을 구려하면 실형 항우가 불가피하다 하고 항우 일이 파졌다.
p21_u96,p21,ce0.0,A 씨에게 팬과 업무방에 등 다스에 적어가 있는 점을 고려하면 실행 성공합질 같애 하다라고 황구 2를 퍼졌다
p21_u96,p21,ce0.1,A 씨에게 푸평가 업무방에 등이 다스에 덜터가 있는 점을 두려하면 실형 성로가 불같이 하다라고 상부 1위 폈었다.
p21_u96,p21,ce0.5,A 씨에게 폭풍과 어머방에 등 다시 덮어가 있는 돈을 구려하면 실현 승부가 불같이 하다라고 형들유를 밝혔다.
p21_u96,p21,ce1.0,A 씨에게 폭행과 어머방에 등 가수에 담가가 있는 점을 구려하면 실현 흥무가 부위같이 하다라고 형도 유율을 폐졌다.
p21_u96,p21,ce2.0,A 씨에게 푸풍과 업무방에 등 다수의 정거가 있는 점을 고려하면 실현홍호가 불같이 하다라고 상롱유를 밝혔다.
p21_u96,p21,ce5.0,A 씨에게 푸흥과 업무방에 등 가수에 설거가 있는 점을 고려하면 실현 항우가 불가피하다고 홍구 유일해 보셨다.
p21_u96,p21,ce10.0,A.C.에게 부승과 업무방에 등 가수의 정거가 있는 점을 고려하면 치룡 홍보가 부각치하다라고 성공율이 보셨다.
p21_u97,p21,taps,"HVSTM의 1박 1, 74, 메인 연출자인 방길이 피기가 마지막 촬영 현장에 붕게 된다."
p21_u97,p21,ce0.0,"KBSp 예능 1.14, 7.4, 메인 연출자인 방리립 PD가 마지막 촬영 현장이 등개된다."
p21_u97,p21,ce0.1,"KBS2N의 1박일, 시즌4, 메인 연출자인 바닐리 피티가 마지막 촬영 현장에 등개된다."
p21_u97,p21,ce0.5,"KBSN-1.4, 매인 연출자인 방그리픽이가 마지막 촬영 현장에 공개된다."
p21_u97,p21,ce1.0,"KBS2 예능 1박 1, 증 4, 메인 연술자인 방그립 PD가 마지막 촬영 현상이 공개된다."
p21_u97,p21,ce2.0,"KBS2에는 1박일 수준 4, 메인 연출사인 방글릭 PD가 마지막 서정 현상이 붕괴된다."
p21_u97,p21,ce5.0,"KBS2에는 1방길, 시즌4, 맨 연출자인 방위리피디가 마지막 촬영 현상이 공개된다."
p21_u97,p21,ce10.0,"KBS2에는 1박일 74, 메인 연출자인 방글이 피티가 마지막 촬영 현장에 공개된다."
p21_u98,p21,taps,오늘 오후 6시 30분의 방송되는 새우 비에서 1방기의 시즌 4에 행위를 비례도 특집에서는 온수대통을 기원하는 멤버들의 봄마지 여정이 그려진다.
p21_u98,p21,ce0.0,오늘 오후 6시 30분의 방송되는 3vs2의 1방기의 시즌 4에 행위를 빌어줄 특집에서는 온스 대표를 지워하는 멤버들의 봄마지 여정이 그려진다.
p21_u98,p21,ce0.1,오늘 오후 6시 30분의 방송되는 세비에스특이 1방기의 시슨 4에 행위를 빌어줄 특집에서는 온수대통을 비화하는 멤버들의 봄마주 여정이 들여진다.
p21_u98,p21,ce0.5,오늘 오후 6시 30분의 방송되는 세부 에스트 1박 1일 시즌 4에 생일을 비로소 특집에서는 운수대통을 비화하는 멤버들의 봉마트 여정이 그려야 된다.
p21_u98,p21,ce1.0,오늘 오후 6시 30분의 방송되는 셀프의 스푼이 1박 1 시즌 4에 행운을 비례도 특집에서는 온수대통을 귀화하는 멤버들의 봄마주 여정이 구여진다.
p21_u98,p21,ce2.0,오늘 오후 6시 30분의 방송되는 KBS 2 1방구의 시즌 4에 행운을 비로소 특집에서는 운수대통을 기원하는 멤버들의 봉마트 여정이 그려진다.
p21_u98,p21,ce5.0,오늘 오후 6시 30분의 방송되는 KBS 1방위 1시승 4에 행운을 비로도 특집에서는 온수대통을 기원하는 멤버들의 봄맛의 여정이 그려진다.
p21_u98,p21,ce10.0,오늘 오후 6시 30분의 방송되는 퀄비스트 1방규 1시쯤 4에 행운을 빌어도 특집에서는 운서대통을 귀화하는 멤버들의 봄바지 여정이 길어진다.
p21_u99,p21,taps,이날 생글룩을 불태우며 게임에 있던 멤버들은 간식차를 선물한 발길이 필요 때문에 비상해 결린다.
p21_u99,p21,ce0.0,이날 생일을 욕을 불태우며 게임에 인하던 멤버들은 가시타를 선물한 발교를 필리핀 등은의 비상이 걸린다.
p21_u99,p21,ce0.1,이날 새벽을 불태우면 게임을 임라던 멤버들은 단 18을 선물한 바이밀이 피기 때문에 부상이 걸린다.
p21_u99,p21,ce0.5,이 날 승료욕을 불태우며 게임을 인하던 멤버들은 단 18을 선물한 방위리필이기 때문에 비상해 걸린다.
p21_u99,p21,ce1.0,이 날 승부욕을 불태우며 게임에 임했던 멤버들은 간스타를 선물한 장그리필이기 때문에 비상이 걸린다.
p21_u99,p21,ce2.0,이 날 승부욕을 불태우며 게임을 인하던 멤버들은 간식패를 선물한 방글이 팁이 때문에 비상이 걸린다.
p21_u99,p21,ce5.0,이 날 승부욕을 불태우며 게임에 이매던 멤버들은 단시파를 선물한 방글이 필요 때문에 비상이 걸린다.
p21_u99,p21,ce10.0,이날 승부욕을 불태우며 게임을 잃으려던 멤버들은 단식타를 선물한 방글이 PD 때문에 비쌍이 걸린다.
p24_u00,p24,taps,현대자롱차가 붕내 최대 크라우돌 붕질 트랩 배민 와디즈와 함께 전기차 아이언익 전용 라이프 스타일 아이템에 선보인다고 21일 되켰다
p24_u00,p24,ce0.0,현대사롱차가 붕매체대 크롱도폴리의 플랫밤인 와디주와 함께 전기차 아이석 전행 라이퍼 스타일 아이템에 선보인다고 21일 배켰다.
p24_u00,p24,ce0.1,현대 자동차가 중래 최대 크라운드 편리 플랫베민 워듀즈와 함께 종기차 아이온익 전용 라이프 스타일 아이템을 선보인다고 21일 벨켰다.
p24_u00,p24,ce0.5,현대사동자가 공매 최대 크로안도 펄리 플랫뱀인 와디즈와 함께 정기차 아이온육 전용 라이프 스타일 아이템을 선보인다고 21일 배켰다.
p24_u00,p24,ce1.0,현대 자동차가 공매출돼 크라운드 털리 플랫뱀인 워디즈와 함께 중기차 아이온이 전용 라이프 스탤 라이템을 선보인다고 21일 잘켰다.
p24_u00,p24,ce2.0,현대저동차가 국내 최대 크다운 도천리 플랫폼인 워디즈와 함께 정기차 아이온이 전용 라이프 스파일 아이템을 선보인다고 21일 벨켰다.
p24_u00,p24,ce5.0,현대사동차가 중매 최대 크라우드 풍길 수랏밤인 워디즈와 함께 중기차 아이온익 전용 라이프 스타일 아이템을 선보인다고 21일 밝혔다.
p24_u00,p24,ce10.0,현대사동차가 붕매 최대 크라우드폰길 플랫보니는 와디중화함께 중기차 아이온익 전용 라이프 스타일 아이템을 선보인다고 21일 밝혔다
p24_u01,p24,taps,"흔대차와 워디즈가 함께 출시하는 아이템은 업무, 필리, 엔터테이먼트, 이장 등이 4가지 분야의 총 11개 상품이다."
p24_u01,p24,ce0.0,"흔대차와 워디즈가 함께 출시하는 아이템은 업무, 퀄리, 엔터테인먼트, 이재인 등 4가지 분야의 총 11개의 상품이다."
p24_u01,p24,ce0.1,"현대차와 워디즈가 함께 출시하는 아이템은 업무, 필리, 엔터페인먼트, 이장 등 4가지 분야의 총 11개 상풍이다."
p24_u01,p24,ce0.5,"흔대차와 워디즈가 함께 출시하는 아이템은 업무, 틀린, 엔터페인먼트, 이장근, 4가지 분야의 충렬한 게 상품이다."
p24_u01,p24,ce1.0,"핸드차와 워디즈가 함께 출시하는 아이템은 업무, 핸리, 멘터페인먼트, 이장 등, 내가 지 분야에 충렬한 게 상품이다."
p24_u01,p24,ce2.0,"현대차와 워디즈가 함께 출시하는 아이템은 업무, 힐리, 엔터테인먼트, 이생 등에 4가지 비녀의 충렬한 게 상품이다."
p24_u01,p24,ce5.0,"핸드차와 워디즈가 함께 출시한 아이템은 업무, 퇴리, 엔터페인먼트, 이생등, 내가지 분야의 총 11개 상풍이다."
p24_u01,p24,ce10.0,"흔대차와 워디즈가 함께 출시하는 아이템은 업무, 필리, 멘터페인먼트, 이생중 4가지 분야의 총 11개 상품이다."
p24_u02,p24,taps,"차량 웹으로 220dT 일반 저녁을 공급해지는 V2L 등 고부커턴 말징 제품 부터 1,3 시릉 제품까지 다양한 라인업으로 구성됐다고 생각했다고"
p24_u02,p24,ce0.0,차량 웹으로 221텔만 저녁을 긴급해지는 V2L 등이 고급 터스템 마이징 제품부터 일상 시링제품까지 다양한 라인업으로 구성됐다고 설레자는 설렘했다.
p24_u02,p24,ce0.1,차량 웹으로 221.1을 전원을 긴급해지는 V2L 등 고급 첫원 마이징 제품부터 일상 시령제품까지 다양한 라인업으로 구성됐다고 샐략 자는 살려했다.
p24_u02,p24,ce0.5,차량 외부로 221分 전원을 긴급해지는 V2L 등 고급 코톤 마이징 제품부터 일상 시름 제품까지 다양한 라인업으로 구성됐다고 샐략 자는 샐략했다.
p24_u02,p24,ce1.0,차량 웹으로 228 일반 전원을 긴급해 주는 V2L 등 고급 코톤 마이징 제품부터 일상 시링 제품까지 다양한 라이너부로 구성됐다고 현대 자는 설명했다.
p24_u02,p24,ce2.0,차량 웨브로 222배트 일반 전원을 근급해주는 V2L 등 고급 코톤 마이징 제품부터 일상 시릉 제품까지 다양한 라이너부로 구성됐다고 생각하는 설명했다.
p24_u02,p24,ce5.0,사랑 외부로 222.1번 전원을 공급해주는 V2L 등 고급 커스턴 마이징 제품부터 일상 시등제품까지 다양한 라이너부로 구성됐다고 현대차는 사용했다.
p24_u02,p24,ce10.0,차량 웨브로 221번 전원을 긴급해지는 V2L 등 고급 커스터마이징 제품부터 일상 실행 제품까지 다양한 라이너부로 구성됐다고 현대 자는 설명했다.
p24_u03,p24,taps,"건무용으로 무산 충전이 가능한 스마트 테이블과 멀티 데뷔에 출시되면 선단, 차박톡과 멀티브, 랜턴, 미니쿨러 등이 힐리 아이템으로 제작된다."
p24_u03,p24,ce0.0,"업무형으로 무선 충전이 가능한 스마트 테이블과 멀찍 데뷔 출시되며 선단, 차박토포와 멀칭을 브랜덤, 미니틀러 등이 필리 아이템으로 대략된다."
p24_u03,p24,ce0.1,"업무용으로 무산 충전이 가능한 스마트 테이블과 멀티 데뷔 출시되면 천단, 차박토토와 멀티위브랜던 미니클러 등이 힐링 아이템으로 제작된다."
p24_u03,p24,ce0.5,"업무용으로 무선 충전이 가능한 스마트 테이블과 멀티 데뷔 출시되며 천단, 차바크, 버와 멀티 오드랜턴, 뮬리틀러 등이 힐리 아이템으로 제작된다."
p24_u03,p24,ce1.0,"업무용으로 무선 충전이 가능한 스마트 테이블과 멀티 데뷔 출시되며 한단, 차박톡퍼와 멀티위브랜드 통 미미클러 등이 실링 아이템으로 재략된다."
p24_u03,p24,ce2.0,업무용으로 무선 충전이 가능한 스마트 테이브이고 멀티 대비 출시되며 천단차 박터포와 멀티위드 랜턴 미니클러 등이 힐링 아이템으로 제작된다.
p24_u03,p24,ce5.0,"업무용으로 무선 충전이 가능한 스마트 테이블과 멀티 데뷔 출시되며 참단 4박토퍼와 멀티우드 랜톤, 미니 쿨어등이 힐링 아이템으로 주력된다."
p24_u03,p24,ce10.0,업무용으로 무선 충전이 가능한 스마트텔비과 멀티패비 출시되며 천단 4박토포와 멀픽을 엔턴 미니클러 등이 힐링 아이템으로 제작된다.
p24_u04,p24,taps,"차 안에서 퍼센트 감상에 도울 미니 비인 프로젝트와 블루투스 스피커, 슬아트 온애들 비호가 준비되며 무전 진공 성북이와 랜펀 옹선 진앙경 트랩을 뒤트로 출시된다."
p24_u04,p24,ce0.0,차 안에서 2cm 감상에 도울 미니 비인 프로젝트와 블루투스 스피커 스마트 온애들 비워가 준비되며 무선 진공성소비와 랜편 우선 친환경 트레벨트트로 출시된다.
p24_u04,p24,ce0.1,차 안에서 큰 센츠 감상에 도울 미니 비인 프로젝트와 블루투스 스피커 스웍트 온레들 비호가 준비되며 무산 진공 성속이와 랜평 우선 진앙경 트랩을 키트로 출시된다.
p24_u04,p24,ce0.5,차에서 프로젝트 감상의 도울 밀리빈 프로젝트와 블루투스피커 스마트 원래들 비워가 준비되며 무단진공성급이와 랜펀 고선 슬랭경이 트랩을 비트로 출시된다.
p24_u04,p24,ce1.0,차에서 푸승추 감상에 도울 미미 빈 프로젝트와 블루투스 피꺼 워크 원레드 빙어가 준비되며 무선 진공성급이와 랜편 우선 수상경 탈블 쿠트로 출시된다
p24_u04,p24,ce2.0,차에서 푸승출 감상에 도울 미니비 프로젝트와 블루투스 스피커 스마트 원레드 비워가 준비되며 무선 진공 성북이와 랜폭 우선 친환경 트레블 쿠트로 출시된다
p24_u04,p24,ce5.0,차에서 펌센출 감상에 도울 미니 빈 프로젝트와 블루투스 스프 거 스마트올레드 비호가 준비되며 무선 진공성로비와 랜펀 오설 수란경 플랩을 기트로 출시된다
p24_u04,p24,ce10.0,차 안에서 풍선출 감상에 도울 미미 빈 프로젝트와 블루투스 스피커 스마트 온레드 비워가 준비되며 무선 증공 송복이와 랜평 우선 순환경 플랩을 기트로 출시된다
p24_u05,p24,taps,현대차는 오는 2주 5일부터 4달 13일까지 서울 와 뒤주 오프라인 천디 체험 중간 공간 와 뒤주에서 해당 상품들을 전시할 예정이다.
p24_u05,p24,ce0.0,현대차는 오는 25일부터 4달 13일까지 서울 와주 오프라인 펀딜 체형 진간 공간 와주에서 회당 상품들을 전시할 예정이다.
p24_u05,p24,ce0.1,현대차는 오는 25일부터 4달 13일까지 서울 워디즈 오프라인 펀딩 체험 중간 공간 워리즈에서 회당 상품들을 전시할 예정이다.
p24_u05,p24,ce0.5,현대판은 오늘 25일부터 4달 13일까지 서울 와주 오프라인 펜링 채워진 간 공간 와주에서 회당 상품들을 전체할 예정이다.
p24_u05,p24,ce1.0,흔대 차는 오는 25일부터 4달 13일까지 해온 와비즈 오프라인 펀딩 체험 중간 공간 와비즈에서 해당 상품들을 전시할 예정이다.
p24_u05,p24,ce2.0,흔들 차는 오는 25일부터 4달 13일까지 서울 워디즈 오프라인 펀딩 체험 중간 공간 워디즈에서 해당 상품들을 전체할 예정이다.
p24_u05,p24,ce5.0,"손대 타는 오는 25일부터 4달 13일까지 서울 와리주 오프라인 선리 체험 중간, 공간 와리주에서 해당 상품들을 전세할 예정이다."
p24_u05,p24,ce10.0,흔대파는 오는 25일부터 4달 13일까지 서울 와디즈 오프라인 선루 체험 중간 공간 와디즈에서 해당 선품들을 전체할 예정이다.
p24_u06,p24,taps,카카오 판구 데이터 센터에서 발생한 화재로 카카오된 고와 카카오 페이우딩 카카오 그룹의 근육 서브스의 접속 장애가 발생했다.
p24_u06,p24,ce0.0,카카오 판교 데이터 센터에서 발생한 화재로 카카오된 고와 카카오 페이드 카카오 그룹의 그린 서브스의 접속장애가 발생했다.
p24_u06,p24,ce0.1,카카오 판구 데이터 센터에서 발생한 화재로 카카오된 코아 카카오 페인 긴 카카오 그립의 금윤 서브스의 접속장애가 발생했다.
p24_u06,p24,ce0.5,카카오 판류 데이터 센터에서 발생한 화재로 카카오된 고와 카카오 패드인 카카오 그룹의 금융 서비스의 접속 장애가 발생했다.
p24_u06,p24,ce1.0,카카오 판구 데이터 센터에서 발생한 화재로 카카오뱅고와 카카오 폐금 카카오 그룹의 금융 서비스의 접속장애가 발생했다.
p24_u06,p24,ce2.0,카카오펀규 데이터 센터에서 발생한 하재로 카카오뱅크와 카카오페이든 카카오풀 그룹의 금융 서비스의 접속창회가 발생했다.
p24_u06,p24,ce5.0,카카온 판구 데이터 센터에서 발생한 하재로 카카오랜구와 카카오 페일 등 카카오 그룹의 금융선비스의 접속 장애가 발생했다.
p24_u06,p24,ce10.0,카카오편유 데이터 센터에서 발생한 화재로 카카오랭구와 카카오페이 등 카카오풤 그룹의 금융 서비스의 접속 장애가 발생했다.
p24_u07,p24,taps,15신 오후 3시 30분 판교에 위치한 SKCNC 데이터 센터 전길세래서 화제가 발생해 카카오가 운영하는 듀오 서비스에서 접속창위가 발생했다.
p24_u07,p24,ce0.0,15일 5형 3시 30분 판도에 이치한 SKCAC 데이터 센터 전기설에서 화제가 발생해 특화와 운영하는 주요 서비스에서 덥속 장애가 발생했다.
p24_u07,p24,ce0.1,15인 오후 3시 소식돈 판구에 위치한 SK-CAC 데이터 센터 전기설에서 화제가 발생해 크카호가 운영하는 주요 서비스에서 접속 장애가 발생했다.
p24_u07,p24,ce0.5,15일 오후 3시 소식분 판구에 위치한 SKC-1C 베이터 센터 정기철에서 화제가 발생해 쿠카가 운영하는 주요 서비스에서 겹속 장애가 발생했다.
p24_u07,p24,ce1.0,15인 오후 3시 30분 판구에 잇지한 SKCNC 데이터 센터 당기설에서 화제가 발생해 크카호가 운영하는 주요 서비스에서 겹속 장애가 발생했다.
p24_u07,p24,ce2.0,15일 오후 3시 수십분 판도에 잊지한 SKC-7G 데이터 센터 당기설에서 화제가 발생해 쿠커가 운영하는 주요 서비스에서 겹속당애가 발생했다.
p24_u07,p24,ce5.0,15일 오후 3시 30분 3개의 위치한 엔스케일 CLC 데이터 센풍 전길설에서 화쟁화 발생해 축하와 운영하는 주요 서비스에서 겹속 장애가 발생했다.
p24_u07,p24,ce10.0,주문을 오후 3시 소식분 판구에 위치한 SKC-HC 데이터 센터 전기설에서 화쟁화 발생해 특화호가 운영하는 듀오 서비스에서 접속 장애가 발생했다.
p24_u08,p24,taps,"카카오톡, 카카오페이 풀만 아니라 카카오틱, 카카오틱 내리, 카카오 지하철, 카카오버스, 멜론 등 서립스가 3시간 넘게 마비됐다."
p24_u08,p24,ce0.0,"카카오톡, 카카오 벤케, 카카오 페이픈만 아니라 카카오틱, 카카오 내리, 카카오 지하철, 카카오버스, 멜론 등 소기스가 3시간 넘게 마비됐다."
p24_u08,p24,ce0.1,"카카오톡, 카카오페이 뿐만 아니라 카카오틱, 카카오페이 메비, 카카오 지하철, 카카오버스, 멜론 등 서귀스가 3시간 넘게 마비됐다."
p24_u08,p24,ce0.5,"카카오톡, 카카오페이 풀만 아니라 카카오틱, 카카오틱 내비, 카카오 지하철, 카카오버스, 멜론 등 서비스가 3시간 넘게 마비됐다."
p24_u08,p24,ce1.0,"카카오톡, 카카오톡은 이렇게 카카오패이 뿐만 아니라 카카오톡, 카카오톡, 메리, 카카오톡, 지하철, 카카오버스, 메론 등 서비스가 3시간 넘게 마비됐다."
p24_u08,p24,ce2.0,"카카오톡, 카카오뱅크, 카카오팅뿐만 아니라 카카오팅, 카카오매리, 카카오 지하철, 카카오버스, 멜론 등 서비스가 3시간 넘게 마비됐다."
p24_u08,p24,ce5.0,카카오톡 카카오톡 링킷 카카오파이 뿐만 아니라 카카오톡 카카오톡 내비 카카오 지하철 카카오버스 맨론 등 서비스가 3시간 넘게 마비됐다
p24_u08,p24,ce10.0,"카카오톡, 카카오뱅크, 카카오톡 페이프만 아니라 카카오톡, 카카오톡 내비, 카카오톡 지하철, 카카오버스, 멜론 등 서비스가 3시간 넘게 마비됐다."
p24_u09,p24,taps,카카온은 다른 데이터 센터를 통해 온라인 서비스를 제공하기 위해 복구 작업에 체포했다.
p24_u09,p24,ce0.0,카카온은 다른 데이터 센터를 통해 온라인 서비스를 제공해 한 리비에 복구 작업에 착도했다.
p24_u09,p24,ce0.1,타타오는 다른 데이터 센터를 통해 온라인 서비스를 배경하기 위해 복구 작업을 체프했다.
p24_u09,p24,ce0.5,탁하우는 다른 데이터 센터를 통해 온라인 썩이지를 제공하기 위해 복구 작업에 착도했다.
p24_u09,p24,ce1.0,카카온은 다른 데이터 센터를 통해 온라인 서북지를 제공하기 위해 복구 작업에 착수했다.
p24_u09,p24,ce2.0,카카온은 다른 데이터 센터를 통해 온라인 서비스를 제공하기 위해 복구 작업에 착수했다.
p24_u09,p24,ce5.0,카카온은 다른 데이터 센터를 통해 온라이 서비스를 제공하기 위해 복구 작업에 착수했다.
p24_u09,p24,ce10.0,카카온은 다른 데이터 센터를 통해 온라인 서비스를 제공하기 위해 듣고 작업에 첫 수했다.
p24_u10,p24,taps,그중 터터워뱅크는 이날 5호 자세시부터 타카우톡을 기반으로 한 서비스를 제외하고 성금 등 타카워뱅크 단독으로 사용할 수 있는 서비스를 모두 복구했다고 긍지했다.
p24_u10,p24,ce0.0,듀진 터터 왠트는 이날 오후 5시부터 타카 오토의 기반으로 한 서비스를 제외하고 성금 등 타카 왠트의 단독으로 사용할 수 있는 서직질을 모두 뵙고 했다고 김지했다.
p24_u10,p24,ce0.1,"즉, 탁하와 뱅큐은 이날 5호 다제시부터 탁하우토의 기반으로 한 서비스를 제외하고 송금 등 탁하와 뱅큐 단독으로 사용할 수 있는 서비스를 모두 벽구했다고 김지했다."
p24_u10,p24,ce0.5,그중에 코카와뱅크는 이날 5고 5시부터 코카와똥의 기밤으로 한 서비스를 제외하고 성금 등 코카와뱅크 단독으로 사용할 수 있는 사짓을 모두 복구했다고 긴지했다.
p24_u10,p24,ce1.0,두 등 툭퍼뱅크는 인한 오후 5시부터 카카오톡을 기반으로 한 서비스를 제외하고 성금 등 툭퍼뱅크 단독으로 사용할 수 있는 서비스를 모두 복구했다고 금지했다.
p24_u10,p24,ce2.0,그중 쿠크로 밴크는 이날 5고 5시부터 카카오톡을 기밤으로 한 서비스를 제외하고 속은 등 쿠크로 밴크 단독으로 사용할 수 있는 서비스를 모두 좋고 했다고 긍지했다.
p24_u10,p24,ce5.0,그중 카카오뱅교는 이날 5고 5시부터 카카오톡의 기반으로 한 서비스를 제외하고 성금 등 카카오뱅교 단독으로 사용할 수 있는 서비스를 모두 붙고 했다고 경기했다.
p24_u10,p24,ce10.0,그중 투카우뱅금은 이날 오고 5시부터 투카우똥의 기밤으로 한 서비스를 제외하고 송그루 등 투카우뱅크 단독으로 사용할 수 있는 서비스를 모두 듣고 했다고 등지했다.
p24_u11,p24,taps,"카침어 개정으로 회형 라이, 카침어 톡은 활용한 간편이처, 모인통장, 친구조래, Fc, 니트 알린 턱 수신 등은 아직 복교되지 않았다."
p24_u11,p24,ce0.0,"파카우 대정로 회형 라이, 화카우톡은 활용한 간편이처, 모닝통장, 친구초대, FC, 밑알린 턱수신 등은 아직 복구되지 않았다."
p24_u11,p24,ce0.1,"카카오 개정으로 표현 라입, 카카오톡도도 활용한 간편이처, 모인통장, 친구조래, FC, 밑알림톡 수신 등은 아직 복구되지 않았다."
p24_u11,p24,ce0.5,포크만 계정으로 효용라입 파크하우특을 활용한 간편이처 모일 통장 친구 두 대 Fc 및 알릴뚝 수신 등은 아직 복구되지 않았다
p24_u11,p24,ce1.0,"카카오 개정으로 황가입 카카오토어 활용한 간편 입체, 모인 통장, 친구토대, FC, 립 알린톡 소신등은 아직 복구되지 않았다."
p24_u11,p24,ce2.0,"코코넛 개정으로 혜왕 라입 화카호톡을 사용한 관편이처, 모용통장, 친구초대, Fc, 밑 발림 툭수신 등은 아직 복구되지 않았다."
p24_u11,p24,ce5.0,"코카운 개정으로 해왕 라입, 화컬토둔 활용한 간편 입체 모잉통장, 친구초대, FC, 립 발림 턱 수신 등은 아직 복교되지 않았다"
p24_u11,p24,ce10.0,포카로 개정으로 홍영가입 포카 오토던 화려한 간편이 채 모인 등장 친구 초대 Fc 밑 알린톡 수신 등은 아직 부끄래지 않았다
p24_u12,p24,taps,파카우벤클 관계자는 타카우통유 장상화되면 나머지 기능도 돌아올 것이라고 사용했다.
p24_u12,p24,ce0.0,카카오뎅클 광대자는 탁하우토구 장상화되면 나머지 진행도 돌아올 것이라고 사용했다.
p24_u12,p24,ce0.1,카카오된께 관계자는 카카오톡이 장상화되면 나머지 기능도 돌아올 것이라고 세명했다.
p24_u12,p24,ce0.5,카카오된 게 관계자는 카카오토이 장상화되면 나머지 기능도 돌아올 것이라고 생각했다.
p24_u12,p24,ce1.0,카카오뱅크 생계자는 카카오크도 장상화되면 나눠지 기능도 돌아올 것이라고 생각했다.
p24_u12,p24,ce2.0,카카오뱅크 단계자는 카카오토이 장상화되면 나무지 기능도 돌아올 것이라고 생각했다.
p24_u12,p24,ce5.0,카카오뱅크 단계자는 카카오토이 장상화되면 나머지 기능도 돌아올 것이라고 사용했다.
p24_u12,p24,ce10.0,턱카우랭크 장계자는 턱카우톡이 장상화되면 나노지 기능도 돌아올 것이라고 생각했다.
p24_u13,p24,taps,데뷔분의 서비스가 카카오톡을 통해 하린되는 사카우페인은 복구가 늘어지고 있다.
p24_u13,p24,ce0.0,데뷔분의 서비스가 카카오톡을 통해 하링되는 카카오페인은 복구가 늘어지고 있다.
p24_u13,p24,ce0.1,대부분의 서비스가 카카오톡을 통해 화림되는 카카오페일은 복구가 늘어지고 있다.
p24_u13,p24,ce0.5,데뷔분의 서비스가 카카오톡을 통해 화림되는 카카오페인은 복구가 늘려지고 있다.
p24_u13,p24,ce1.0,데뷔 분의 서비스가 카카오톡을 통해 하링맨은 카카오페인은 복구가 멸여지고 있다.
p24_u13,p24,ce2.0,대부분의 서비스가 카카오톡을 통해 활용되는 카카오페인은 복구가 늘려지고 있다.
p24_u13,p24,ce5.0,대부분의 서비스가 카카오톡을 통해 살인되는 카카오페인은 복구가 늘어지고 있다.
p24_u13,p24,ce10.0,데뷔 후 내 서비스가 카카오톡을 통해 활용되는 카카오페인은 벗고가 느려지고 있다.
p24_u14,p24,taps,새벽 장애 범위를 파악하고 있다며 빠른 복구를 이해 미래하겠다고 밝혔다.
p24_u14,p24,ce0.0,세부 장애 범위를 파악하고 있다며 빠른 복구를 위해 미래하겠다고 밝혔다.
p24_u14,p24,ce0.1,세부 장애 범위를 파악하고 있다며 빠른 복구를 위해 미래하겠다 그 밝혔다.
p24_u14,p24,ce0.5,체부장의 거미를 파악하고 있다며 빠른 복구를 이해 노력하겠다고 밝혔다.
p24_u14,p24,ce1.0,수부장의 범위를 파악하고 있다며 빠른 복구를 위해 노력하겠다 그 밝겠다.
p24_u14,p24,ce2.0,세부 장의 범위리를 파악하고 있다며 다른 복구를 위해 노력하겠다고 밝혔다.
p24_u14,p24,ce5.0,세부 장애 범위를 파악하고 있다며 빠른 복구를 위해 노력하겠다고 밝혔다.
p24_u14,p24,ce10.0,세부장의 범위를 파악하도 있다며 빠른 복구를 이후로 노력하겠다고 밝혔다.
p24_u15,p24,taps,퇴근 사바랗고 남동생도 동행이 술에 지해 잠든 예극인 여성 조율 수탑생을 숨폭행한 사건이 발생했다.
p24_u15,p24,ce0.0,"해군사관학과 남성생도 동영이 술의 지의 점둔, 예고기의 여성 조육소탁생을 성폭해한 사건이 베세했다."
p24_u15,p24,ce0.1,해공상환학과 남동생도 동영이 술의 지회 전든 외국인 여성 들유소 탑생을 성폭행한 사건이 발생했다.
p24_u15,p24,ce0.5,퇴근사관학교 남성생도 동영이 술에 지회 잠든 외국인 여성 교육 수팍생을 성폭행한 사건이 발생했다.
p24_u15,p24,ce1.0,퇴근사과 남범생도 분명히 술을 지애 잠든 외국인 여정 조유수탁생을 창폭행한 사건이 발생했다.
p24_u15,p24,ce2.0,해군사화 낫고 남동생도 두 명이 술에 지해 잠든 여교질 여정 교육 수탁생을 청폭행한 사건이 발생했다.
p24_u15,p24,ce5.0,새금 상한 학교 남성생도 금연히 술에 지내 잔든 외국인 여성 교육 수탁생을 창폭행한 사건이 발생했다.
p24_u15,p24,ce10.0,퇴근 상환하고 남성생도 분명히 술의 질의 잠든 외국인 멤정 조유 수탑생을 청포태원 사건이 발생했다.
p24_u16,p24,taps,6일 격난진의 경찰서는 동료 여성 생료를 상폭행한 혐의로 전 최고사원 학교 생고 두명을 창원지검에 송치했다고 밝혔다.
p24_u16,p24,ce0.0,6일 경남진의 경찰서는 동료 여성 승부를 상돋게 한 혐의로 전 해곤 사원 악계 생구 분영은 사원지검에 손치했다고 밝혔다.
p24_u16,p24,ce0.1,6일 경난진의 경찰서는 동렬 여성 생구를 상폭행한 혐의로 전 퇴근 상한 학교 생구부 명을 사문지겸에 성취했다고 밝혔다.
p24_u16,p24,ce0.5,6일 경남진의 경찰서는 동료로 여성 생료를 천뽕행한 혐의로 전 해본 상황 압구생룰 2명은 사은 지겸에 송치했다고 발표했다.
p24_u16,p24,ce1.0,6일 경남진의 경찰서는 동료 여성 생료를 상폭행한 해미로 전 해분사원 악기 생기 부면은 상훈 직업을 통치했다고 밝혔다.
p24_u16,p24,ce2.0,6일 경남진의 경찰서는 동료 여성 승부를 상폭행한 혐의로 전 세곤사와 락구 생기 부명을 창원지검을 통치했다고 밝혔다.
p24_u16,p24,ce5.0,6일 경남준의 경찰서는 동료 여성 생무를 상폭행한 형이로 전 해군 사원 학교 생길 분명을 상원지검을 송치했다고 밝혔다.
p24_u16,p24,ce10.0,6일 경남진의 경찰서는 동료 여성 승부를 청소행한 혐의로 전 3분 사원 학교 생고 두 명을 차원 지겸에 송치했다고 밝혔다.
p24_u17,p24,taps,이들 가해라정현명은 한국의 자란현명은 외국인 수탁생공거스로 전해졌다.
p24_u17,p24,ce0.0,이드의 가해라정 핵량은 한국의 자란 핵량은 외국인 숙탁 생공더스로 전해졌다.
p24_u17,p24,ce0.1,이들 가혈화 정신 명은 한국의 자랑 명은 외국인 수탁생공은 것으로 전해졌다.
p24_u17,p24,ce0.5,이들 과외자정현명은 한국인 다른 한명은 외국인 숙탁생분이 버스로 전해졌다.
p24_u17,p24,ce1.0,유대의 가해자정생명은 한국인 다른 생명은 외국인 수탁 생명인 것으로 전해졌다.
p24_u17,p24,ce2.0,"이대의 과외자정현명은 한국인, 다른 한명은 외국인 수탁생도인 것으로 전해졌다."
p24_u17,p24,ce5.0,"이제 과일에서 한 명은 한국인, 다른 한 명은 외국인 탁 생긴 것으로 전해졌다."
p24_u17,p24,ce10.0,"이들 과해자정 한 명은 한국인, 다른 한 명은 외국인 탁생고인 거수로 전해졌다."
p24_u18,p24,taps,"두 사람은 지난 1일 3일 세잭, 동남 4만지 지내고 행동사관 학교 외고인 숙탁생은 숙소에서 수레치에 잠든 같은 학년의 피해자를 선폭행한 혐의를 받는다."
p24_u18,p24,ce0.0,"두 사람은 지난 1월 3일 서잭, 정난, 차원시 지내고 행운은 사관, 학교, 외국인, 수탁생은 숙소에서 수랩지에 점등 같은 학년의 피해자를 선복해 한 혐의를 받는다."
p24_u18,p24,ce0.1,두 사람은 지난 1월 3일 새벽 경남 사먼지 지내고 행운사가 학고 외국인 스택생을 북수에서 수레치에 잠든 같은 학년의 피해자를 상폭행한 혐의를 받는다.
p24_u18,p24,ce0.5,"두 사람은 지난 1월 3일 400, 경남 3원실 지내고 해군사가 학교 예고인 스파학생을 숙소에서 수랩지에 잠든 같은 학년의 피해자를 선복행한 행위에 받는다."
p24_u18,p24,ce1.0,두 사람은 지난 1일 3일 새벽 강남 4번째 지내고 해공사와 학교 예고인 숙탁생을 특수위거 수랩지에 잠든 같은 확연을 피해자를 상폭행한 행위를 받는다.
p24_u18,p24,ce2.0,그 사람은 지난 1월 3일 300 경남 4원지 지내고 해 본 사관과 외국인 수탁생은 숙소에서 수랩지에 잠든 같은 확년의 피해자를 성폭행한 혐의를 받는다.
p24_u18,p24,ce5.0,"그 사람은 지난 1월 3일 400, 격난 상환실 지내고 혁은 상환 학길 예고인 소탁승을 숙소에서 술에 취해 잠든 같은 상연의 피해자를 상폭행한 행위들 받는다."
p24_u18,p24,ce10.0,두 사람은 지난 1월 3일 새벽 경남 4원실 지내고 해군사관 학교 외국인 수턱생을 숙소에서 수레치에 잠든 같은 학년을 피해자를 성폭행한 혐의대 받는다.
p24_u19,p24,taps,가해자 두 명은 번행 단식 모두 4학년으로 인관을 불과 두 달려 남겨놓은 상태였다.
p24_u19,p24,ce0.0,가이자 두 명는 범행 단연시 모두 4학년으로 인간을 불과 두 달려 남겨놓은 상태였다.
p24_u19,p24,ce0.1,가이자 두 명은 범행 단식 모두 4학년으로 인관을 불과 두 달려 남겨놓은 3배였다.
p24_u19,p24,ce0.5,가해자 2명은 범행 방역시 모두 4학년으로 인관을 불과 두 달려 남겨놓은 상태였다.
p24_u19,p24,ce1.0,가이자 2명은 범행 당시 모두 4학년으로 인원을 불과 두 달려 남겨놓은 상태였다.
p24_u19,p24,ce2.0,가이자 2명은 번행 당시 모두 4학년으로 인관을 불과 두 달려 남겨놓은 상태였다.
p24_u19,p24,ce5.0,과회자 분명은 범행 방식 모두 4학년으로 인권을 불과 두 달려 남겨놓은 상태였다.
p24_u19,p24,ce10.0,가이자 분명은 범행 방식 모두 4학년으로 인관을 불과 두 달려 남겨놓은 상세였다.
p24_u20,p24,taps,이 석각 범행은 방학 때 봉국으로 샀다가 돌아온 피해자가 학구 측의 이 같은 내용을 알리면서 들어왔다.
p24_u20,p24,ce0.0,이 석검 범행은 방학대 본국으로 갔다가 돌아온 피해자가 학구 측의 이 같은 내용을 알리는서 들어왔다.
p24_u20,p24,ce0.1,이 사건 범행은 방학대 본국으로 봤다가 돌아온 피해자가 후부 측의 이 같은 내용을 알리면서 들어왔다.
p24_u20,p24,ce0.5,이 섞어놓은 범인은 방학 때 봉북으로 갔다가 돌아온 피해자가 혁구축의 이같은 낸을 알리면서 들어왔다.
p24_u20,p24,ce1.0,이 사건은 범행은 방학대 본국으로 봤다가 돌아온 피해자가 속구 측의 이같은 내용을 알리면서 들어왔다.
p24_u20,p24,ce2.0,이 섭던 범행은 방학대 본국으로 갔다가 돌아온 피해자가 숫국 측의 이세트 내용을 알리면서 들어왔다.
p24_u20,p24,ce5.0,이 사건 범행은 방학대 본국으로 갔다가 돌아온 피해자가 학교 측의 이 같은 낼을 알리면서 들어왔다.
p24_u20,p24,ce10.0,이 속경 범행은 방목대 본국으로 샀다가 돌아온 피해자가 속꼭측의 이 같은 내용을 알리면서 들어왔다.
p24_u21,p24,taps,당초 해겐 수사 다니니 이 사건은 사이 스마 외국인 과회자에 대해서는 군 검찰이 수사권이 없어 2월 중순 경찰에 넘겨졌다
p24_u21,p24,ce0.0,당초 해공수설 아니니 이 사건은 사이 스마 외국인 가해자에 대해서는 구멍검찰이 수사건이 없어 이외의 중순 경찰에 넘겨졌다
p24_u21,p24,ce0.1,당초 회검 수사는 아니니 이 사건은 쌀스마 여극인 과회자의 대해선은 군 검찰이 수사권이 없어 2월 중순 경찰에 넘겨졌다
p24_u21,p24,ce0.5,당초 해근 수절 아니 이 사건을 사 있으나 외국인 가해자에 대해서는 군 검찰이 수사건이 없어 이외의 중술을 경찰에 넘겨줬다.
p24_u21,p24,ce1.0,당초 해공 수사다니 이 사건은 스타일수나 여국인 가해자에 대해서는 군 검찰이 수사건이 없어 이후에 중순 경찰에 넘겨졌다
p24_u21,p24,ce2.0,당초 해군 수사 다니기 이 사건은 수사 있으나 외국인 가해자의 대해선은 군 검찰이 수사건이 없어 이외의 중순 경찰에 넘겨줬다
p24_u21,p24,ce5.0,당초 해겐 수사단이 이 사건을 사 있으나 외국인 과회자에 대해서는 군 검찰이 수사건이 없어 2월 중순 경찰에 넘겨줬다
p24_u21,p24,ce10.0,당초 회분 수사 다니니 이 사건은 쏠시나? 외국인 가해자에 대해서는 군 검찰이 수작권이 없어 2월 중순 경찰에 넘겨줬다.
p24_u22,p24,taps,현구 중 다해자는 주칩 위반으로 태그오당에 민간인 신근으로 전환되는서 경찰에서 조사를 배달했다.
p24_u22,p24,ce0.0,한고둥 다해자는 조칩 위반으로 태교당에 민간이 신동으로 전환되는서 경찰에서 조사를 배달했다.
p24_u22,p24,ce0.1,한국인 다해자는 두 칩 위반으로 퇴교당에 민간인 신분으로 전환되면서 경찰에서 조사를 뵙았다.
p24_u22,p24,ce0.5,선구 중 4회자는 9칩 위반이고 특유당에 인사는 신공위가 전환되면서 경찰에서 조사를 받았다.
p24_u22,p24,ce1.0,한국은 가해자는 규칙 위반으로 퇴근 당해 인간인 신봉으로 전환되면서 경찰에서 조사를 받았다.
p24_u22,p24,ce2.0,한국은 가해자는 굳이 위반이고 특호당에 민간이 신공으로 전환되면서 경찰에서 조사를 받았다.
p24_u22,p24,ce5.0,항구 중 다해자는 교축 위반으로 퇴교당에 민간이 신공으로 전환되면서 경찰에서 조사를 부닷다.
p24_u22,p24,ce10.0,한국은 가해자는 부측 위반으로 퇴근 당에 민간이 신고누가 전환되면서 경찰에서 조사를 부닷다.
p24_u23,p24,taps,한도등 과해자는 경찰 조사에서 범행을 시인했지만 외국인 과해자는 범행을 부인하러 있는 것으로 알려졌다.
p24_u23,p24,ce0.0,한국은 과해자는 경찰 조사에서 범행을 시인했지만 예극인 과해자는 범행을 부인하러 있는 것으로 알려졌다.
p24_u23,p24,ce0.1,한부둔 과회자는 경찰 조사에서 범행을 시인했지만 외국인 과회자는 범행을 부위나보 있는 것으로 알려졌다.
p24_u23,p24,ce0.5,한 이슬금 다이자는 경찰 조사에서 범행을 시인했지만 외국인 다이자는 범행을 구인하고 있는 것으로 알려줬다.
p24_u23,p24,ce1.0,한국은 가해자는 경찰 조사에서 범행을 시인했지만 외급인 가해자는 범행을 부인하고 있는 것으로 알려졌다.
p24_u23,p24,ce2.0,한국인 가해자는 경찰 조사에서 범행을 시인했지만 외국인 가해자는 범행을 부인하고 있는 것으로 알려졌다.
p24_u23,p24,ce5.0,한국인 가해자는 경찰 조사에서 범행을 시인했지만 외국인 가해자는 범행을 부인하고 있는 것으로 알려졌다.
p24_u23,p24,ce10.0,한국군 가해자는 경찰 조사에서 범행을 시인했지만 외국인 가해자는 범행을 부인하고 있는 것으로 알려졌다.
p24_u24,p24,taps,하지만 검찰은 여규인 과회자의 DNA 등 중도와 피해자 진술을 근거로 편미가 있다고 판단 두 사람 모두 검찰에 송치했다.
p24_u24,p24,ce0.0,하지만 검찰은 여규민 과회자의 DNA 등 중거와 피해자 진술을 근거로 혐의가 있다고 판단 두 사람 모두 경찰에 송치했다.
p24_u24,p24,ce0.1,하지만 경찰은 외국인 과회자의 DNA 등 증거와 피해자 진술을 긴거로 혐의가 있다고 판단 두 사람 모두 경수 잘해 송치했다.
p24_u24,p24,ce0.5,하지만 경찰은 외국인 과회자의 DMA 등 증거와 피해자 진술을 공거로 혐의가 있다고 판단 두 사람 모두 경험 잘해 송치했다.
p24_u24,p24,ce1.0,하지만 경찰은 외국인 가해자의 DMA 등 증거와 피해자 진술을 근거로 혐의가 있다고 판단 둥 사람 모두 경우도 잘해 송치했다
p24_u24,p24,ce2.0,하지만 경찰은 예구윤 과회자의 DNA 등 증거와 피해자 진술을 근거로 혐의가 있다고 판단 두 사람 모두 잘에 송치했다.
p24_u24,p24,ce5.0,하지만 정사는 외국인 가해자의 DNA 등 증거와 피해자 진술을 공거로 혐의가 있다고 판단 동사람모드 검은주차례 성취했다
p24_u24,p24,ce10.0,하지만 경찰은 외국인 과회자의 DNA 등 증거와 피해자 진술을 근거로 성우가 있다고 판단 등 사람 모두 잘에 송치했다.
p24_u25,p24,taps,전남은 곡성군 드린 스타트는 지난 3시를까지 개최된 제 22회 곡성 심창의 어린이 대축제에서 가족 문화 체험의 진행에 높은 호응은 이끌어냈다.
p24_u25,p24,ce0.0,전남은 곡성군 드린 스타트는 지난 3세를까지 개최된 제 22회 곡성 심처의 어림이 대축제에서 가족 문화 체험에 진행해 노트의 호응을 이끌어냈다.
p24_u25,p24,ce0.1,전남 국성군 드린 스타트는 지난 3시를까지 개최된 제 22회 국성 심창의 거리를 대축제해서 가족 문화 체험을 진행해 로풍 호응을 이끌어냈다.
p24_u25,p24,ce0.5,전남 곡성군 드린 스타트는 지난 3시를까지 개최된 제 22회 곡성 심청을 어림히 대축제에서 가족 문화 체험을 진행해 높은 호응을 이끌어냈다.
p24_u25,p24,ce1.0,전남 곡성군 드링 스타트는 지난 31까지 개최된 제 22회 곡성 심청의 어린이 대축제에서 가족 문화 체험을 비내해 높은 호응이 이끌어냈다.
p24_u25,p24,ce2.0,전남 곡성군 드리우 스타트는 지난 3세를까지 개최된 제 22회 곡성 심창의 어린이 대축제에서 가족 문화 체험을 진행해 높은 호응을 이끌어냈다.
p24_u25,p24,ce5.0,전남 곡성군 드린 스타트는 지난 3세빌까지 개최된 제 22회 곡성 심차의 어린이 대축제에서 가족 문화 체험을 진행해 높은 호응을 이끌어냈다.
p24_u25,p24,ce10.0,전남 곡성군 드림스타트는 지난 3세를까지 개최된 제 22회 곡성 신청의 어린이 대축제에서 가족 문화 체험을 진행해 높은 호응을 이끌어냈다.
p24_u26,p24,taps,드린 스타트는 아동에게 공평한 출발 기회를 제공해 건강한 사회 구사몬으로 성장할 수 있도록 지원하는 아동 복지 사업이다.
p24_u26,p24,ce0.0,드림 스타트는 아동에게 분평한 출발 기회를 제공해 건강한 사회 구사몬으로 성장할 수 있도록 지원하는 아동 복지사업이다.
p24_u26,p24,ce0.1,드링 스타트는 아동에게 긴평한 출발 기회를 제공해 건강한 사회 구사몬으로 상당할 수 있도록 지원하는 아동 복지 사업이다.
p24_u26,p24,ce0.5,둘이 스타트는 아동에게 공평한 출발 기회를 제공해 건강한 사회 구사몬으로 성장할 수 있도록 지원하는 아동 복지 사업이다.
p24_u26,p24,ce1.0,드린 스타트는 아동협에 공평한 출발 기회를 제공해 건강한 사회 구성원으로 승부할 수 있도록 지원하는 아동 복지 사업이다.
p24_u26,p24,ce2.0,드링 스타트는 아동에게 공평한 출발 기회를 제공해 건강한 사회 구성원으로 상자할 수 있도록 지원하는 아동 복지 사업이다.
p24_u26,p24,ce5.0,둘이 스타트는 아동에게 공평한 출발 기회를 제공해 건강한 사회 구성원으로 상자할 수 있도록 지원하는 아동 복지 사업이다.
p24_u26,p24,ce10.0,드린 스타트는 아동에게 공평한 출발 기회를 적용해 건강한 사회 구성원으로 성장할 수 있도록 지원하는 아동 복지사업이다.
p24_u27,p24,taps,만 12세를 초등학생 이하 치약 개충하던과 가족에게 맞춘형 토학 서비스를 지원하고 다양한 지역 사원을 연계하는 것이 확시운 내입니다.
p24_u27,p24,ce0.0,만 12살 초등학생 회사 치약 개충야동과 가족에게 맞춤형 통합 서빛지를 지원하고 다양한 지역 자원을 연계하는 것이 석싱내입니다.
p24_u27,p24,ce0.1,만 12살 초등학생 이하 지역 개최가동과 가족에게 맞춘 양통학 서비스를 지원하고 다양한 지역 사원을 연계하는 것이 흑심 내용이다.
p24_u27,p24,ce0.5,만 12세 초등학생 이하취약 개최가동과 가족에게 맞춤형통합서비스를 지원하고 다양한 지역자원을 연계하는 것이 혁싱 내립니다.
p24_u27,p24,ce1.0,만 12세 초등학생 이하 취약 개충하던과 가족에게 맞춘형 통합 서비스를 지원하고 다양한 지역자원을 연계하는 것이 핵심 내용이다.
p24_u27,p24,ce2.0,만 12세 초등학생 이사 취약 개충하던과 가족에게 맞춤형 통합 서비스를 지원하고 다양한 지역사원을 연계하는 것이 확싱 내용이다.
p24_u27,p24,ce5.0,만 12살 초등학생 이사취약기층 아동과 가족에게 맞추형 통합 서비스를 지원하고 다양한 주역사원을 연계하는 것이
p24_u27,p24,ce10.0,만 12살 초등학생 기사 취약 교층 아동과 가족에게 맞춤형 통합 서비스를 지원하고 다양한 지역사원을 연계하는 것을 흡수 내용입니다.
p24_u28,p24,taps,"곡성부는 신체, 건강, 인지연어, 정서 행동, 구모가족 등 4개 분야로 나눠 매년 30개 개의 다양한 프로그램을 지원하고 있다."
p24_u28,p24,ce0.0,"곡성부는 심체, 경강, 임지여머, 정서 행동, 부모 가족 등 4개 분야로 나머 매년 30개 개의 다양한 프로그램을 지원하고 있다."
p24_u28,p24,ce0.1,"국사무부는 신체, 건강, 인지연어, 정사 행동, 부모 가족 등 4개 분야를 나눠 매년 34개의 다양한 프로그램을 지원하고 있다."
p24_u28,p24,ce0.5,"국성부는 신체, 경강, 인지연어, 정사 행동, 부모 가족 등 4개 분야로 나눠 매년 30개 개 다양한 프로그램을 지원하고 있다."
p24_u28,p24,ce1.0,"국정부는 신체, 경강, 임지연어, 정서 행동, 부모 가족 등 4개 분야로 나눠 매년 30개의 다양한 프로그램에 지원하고 있다."
p24_u28,p24,ce2.0,"국상부는 신체, 건강, 인지연어, 정사 행동, 구모 가족 등 4개 분야로 나눠 매년 30개의 다양한 프로그램을 지원하고 있다."
p24_u28,p24,ce5.0,"국선구는 신체, 건강, 인지연어, 정서 행동, 부모, 가족 등 4개 분야로 나눠 매년 30여 개의 다양한 프로그램을 지원하고 있다."
p24_u28,p24,ce10.0,"국성부는 신체, 건강, 인디어넘, 정서 행동, 부모 가족 등 4개 분야로 나눠 매년 30개의 다양한 프로그램을 지원하고 있다."
p24_u29,p24,taps,특히 지속적으로 아동과 양익자를 상담하면서 단계될 맞춤 프로그램에 재경하고 이를 아동의 군정적인 발달을 축진한다.
p24_u29,p24,ce0.0,특히 지속적으로 아동과 양입자를 성당하면서 단계별 마침 프로그램에 재경하고 이를 아동의 긍정적인 발달을 축준한다.
p24_u29,p24,ce0.1,특히 지속 프로그로 아동과 양익자를 상담하면서 단계별 맞춘 프로그램에 재병하고 이를 아동의 긴장적인 발달을 촉진한다.
p24_u29,p24,ce0.5,특히 기독적으로 아동과 양육자를 상담하면서 단계별 맞춘 프로그램에 제공하고 이를 아동의 긍정적인 발달을 축진한다.
p24_u29,p24,ce1.0,특유입 지속적으로 아동과 양육자를 상당하면서 단계별 맞춘 프로그램에 제공하고 이를 가동의 금등적인 발달을 축진한다.
p24_u29,p24,ce2.0,특히 지속적으로 아동과 양육자를 상담하면서 단계별 맞춘 프로그램을 제공하고 이를 아동의 긍정적인 발달을 축진한다.
p24_u29,p24,ce5.0,특히 지속적으로 아동과 양육자를 상당하면서 단계별 맞춘 프로그램을 제공하고 이를 아동의 긍정적인 발달을 측진한다.
p24_u29,p24,ce10.0,특히 지속적으로 아동과 양육자를 상담하면서 단계별 맞춘 프로그램을 제공하고 이를 아동의 분정적인 발달을 촉진한다.
p24_u30,p24,taps,"이번 축제에서도 아동글의 신체적, 종서적, 사무적, 능력 등을 고루 성장시킬 수 있는 세연별이 13개 부스에서 진행됐다."
p24_u30,p24,ce0.0,"이번 축제에서도 아동글의 신체적, 정서적, 상회적 녹냅 등을 고루 성장 스트레스 있는 생원들이 13개 부스에서 진행됐다."
p24_u30,p24,ce0.1,"이번 축제에서도 아동글의 신체적, 정버적, 상의적 능력 등을 보류 상관 수퇴 수 있는 새연베이 13개 부스에서 진행됐다."
p24_u30,p24,ce0.5,"이번 축제에서도 아동글의 신초적, 중서적, 상의적 능력 등을 부르 성장 스페스 있는 새연들이 13개 보수에서 진행됐다."
p24_u30,p24,ce1.0,"이번 축제에서도 아동굴의 신체력, 중서적, 타결력 능력 등을 고루 상공시킬 수 있는 시원들이 13개 복수에서 진행됐다."
p24_u30,p24,ce2.0,"이번 축쇄에서도 아동굴의 신초적, 정러적, 사회적 능력 등을 고두 상정시킬 수 있는 생원들이 13개 부스에서 진행됐다."
p24_u30,p24,ce5.0,이번 축제에서도 아동글의 심쳐적 정보정 상혜적 능력 등을 고려 상정시킬 수 있는 세원들이 13개 부스에서 진행듯다.
p24_u30,p24,ce10.0,"이버의 숙제에서도 아동글의 신초적, 정서적, 사회적 능력 등을 보루 성장시킬 수 있는 세형들이 13개 부스에서 진행됐다."
p24_u31,p24,taps,참여 아동들은 자신이 평소 좋아하는 겪과 잘하는 것은 물론 그동안 접하지 않았던 다양한 체험에 참여하며 즐거운 시간을 보냈다.
p24_u31,p24,ce0.0,참여 아등들은 자신이 펭소 좋아하는 격과 잘하는 것은 물론 그동안 접하지 않았던 다양한 체험에 참여하며 즐거운 시간을 보냈다.
p24_u31,p24,ce0.1,참여 아동길은 자신이 평소 좋아하는 객과 잘하는 것은 물론 그동안 접하지 않았던 다양한 체험에 참여하며 즐겨운 시간을 보냈다.
p24_u31,p24,ce0.5,참여 아등들은 자신의 평소 두화하는 격과 잘하는 격습 물론 그동안 접하지 않았던 다양한 체험을 참여하며 즐거운 시간을 보냈다.
p24_u31,p24,ce1.0,참여 아둥들은 자신이 평소 좋아하면 객과 잘하는 거슨 물론 그동안 접하지 않았던 다양한 체험에 참여하며 즐거운 시간을 보냈다.
p24_u31,p24,ce2.0,참여 아동들은 자신이 평소 좋아하는 겪과 잘하는 거슨물로 그동안 접하지 않았던 다양한 체험을 참여하며 즐거운 시간을 보냈다.
p24_u31,p24,ce5.0,참여 아동들은 자신이 평소에 좋아하는 겪과 잘하는 거슨불론 그동안 접하지 않았던 다양한 체험을 참여하며 즐거운 시간을 보냈다.
p24_u31,p24,ce10.0,참여 아등들은 자신이 평소 좋아하는 객과 잘하는 고순물로 그동안 접하지 않았던 다양한 체험을 참여하며 즐거운 시간을 보냈다.
p24_u32,p24,taps,국성군 드린 스타트 관계자는 우리 아이들이 건강하게 성장할 수 있도록 앞으로도 한성한 분 사람을 만난 맞춤 수로그램에 지원하겠다고 말했다.
p24_u32,p24,ce0.0,국성구로 드린 스타트 관계자는 우리 아이그리 건강하게 성장할 수 있도록 앞으로도 한 사람한 사람을 만든 마침 소로그램에 지원하겠다고 말했다.
p24_u32,p24,ce0.1,국성군 드린 스타트 관계자는 우리 아이들이 건강하게 성장할 수 있도록 앞으로도 한 사람을 만난 맞춤 프로그램에 지원하겠다고 말했다.
p24_u32,p24,ce0.5,국성도 드린 스타트 관계자는 우리 아이들이 건강하게 성장할 수 있도록 앞으로도 혈승한 혈사람에 맞는 맞춘 수리그렬을 지원하겠다고 말했다.
p24_u32,p24,ce1.0,국성공을 드릴 스타트 관계자는 우리 아이들이 건강하게 성장할 수 있도록 앞으로도 한성한 사람을 맞는 마춤 프로그램을 지원하겠다고 말했다.
p24_u32,p24,ce2.0,국성군 드린 스타트 관계자는 우리 아이들이 건강하게 성장할 수 있도록 앞으로도 한수원 손사람에 맞는 맞춤 프로그램을 지원하겠다고 말했다.
p24_u32,p24,ce5.0,국성군 드린 스타트 관계자는 우리 아이들이 건강하게 상상할 수 있도록 아프리도 한상한 선 사람을 만든 마침 프리그랭을 지원하겠다고 말했다.
p24_u32,p24,ce10.0,국성구 들이 스타트 관계자는 우리 아이들이 관광하게 성장할 수 있도록 앞으로도 한서한 선 사람을 맞는 맞춘 프로그램을 지원하겠다고 말했다.
p24_u33,p24,taps,전남 회랑균은 러시아 오크라이나 사태에 따른 뉴디디 상승용인한 농억인들의 경영디 부담원화를 위해 농디계 연재유 그입비의 일부를 지원한다.
p24_u33,p24,ce0.0,전남 현대는 러시아 오크라이나 사태에 따른 유리지 성성롱이나 농업인들의 경영비 부담 완화를 위해 농지계 면세율 그입비의 일부를 지원한다.
p24_u33,p24,ce0.1,전남 혜남 등은 러시아 오크라이나 하트에 따른 유리비 상성공인한 농업인들의 경영비 부담완화를 위해 농기계 면사율 귀삐의 일부를 지원한다.
p24_u33,p24,ce0.5,전남 혜원 등은 널시아 오크라이나 사퇴에 따른 위두비 성성목인한 농어빈��의 경영배 부담완화를 위해 농지대 면세율 귀입비의 일부를 지원한다.
p24_u33,p24,ce1.0,전남 현롱군은 러시아 오크라이나 사퇴했다는 유두비 상성공이나 농호비들의 경영비 부담원하를 위해 농기계 면세유 그입비의 일부를 지원한다.
p24_u33,p24,ce2.0,전남 현은 러시아 오크라이나 사트에 따른 유두비 상승목이난 농어빈들의 경영비 부담원화를 위해 농구의 면사율 그의 뒤에 일부를 지원한다.
p24_u33,p24,ce5.0,전남 행향군은 널시아 오크라이나 하트에 따른 유리비 상성공인한 농어비들의 경영비 부담원하를 위해 농기계 연세율 구입비의 일부를 지원한다.
p24_u33,p24,ce10.0,전남 헤런스는 러시아 오크라이나 사태에 따른 위비비 상승공인한 농어빈들의 경영비 부담 완화를 위해 농비계 면세유 교입비의 일부를 지원한다.
p24_u34,p24,taps,"지원 비용은 리터당 183원으로 13억 춘천 만원을 투입, 748만 233미터 물량에 지원하게 된다."
p24_u34,p24,ce0.0,지원 비용은 리터다 183원으로 13억 춘천 만원을 토입 748만 233미터 물량을 지원하게 된다.
p24_u34,p24,ce0.1,"지원 비용은 리퍼�당 184.5m로 13억 7000만원을 투입, 748만 280m 물량을 지원하게 된다."
p24_u34,p24,ce0.5,"지원 비용은 리퍼�당 183원으로 13억 7000만 원을 투입, 748만 236억 물량을 지원하게 준다."
p24_u34,p24,ce1.0,"지원 비용은 리터당 183원으로 13억 춘천 만원에 투입, 748만 233미터 물량에 지원하게 된다."
p24_u34,p24,ce2.0,"지원 비용은 리터당 183원으로 13억 7000만 원을 투입, 748만 211리터 물량에 지원하게 된다."
p24_u34,p24,ce5.0,"지원 비용은 리퍼�당 183원으로 13억 7000안원을 투입, 748만 236억 물량을 지원하게 된다."
p24_u34,p24,ce10.0,지원 비용은 미터당 183.5m로 13억 7000만 원을 투입 748만 213.6m 물량을 지원하게 된다.
p24_u35,p24,taps,농업 기계 면설리 구입비 지원을 받으려는 농업인은 뜹면이나 농협 등에 비치한 사업 신청서와 개인성부 조회 제공동서를 지역 농섭에 채추라면 된다.
p24_u35,p24,ce0.0,농업 기계 면세유 규입 비 지원을 받으려는 농업인은 등면이나 농협 등에 비치한 사업 신청서와 개인성부 조회 제공동서를 지역 농협에 제출하면 된다.
p24_u35,p24,ce0.1,농업기계 면세율 구입비 지원을 받으려는 농업인은 능명이나 농협 등에 비치한 사업 신청서와 개인성부 두회 제공 동일서를 지역 농섭에 제출하면 된다.
p24_u35,p24,ce0.5,농업기계 연세일 구입비 지원을 바베려는 농업이면 능면이나 농협 등에 비치한 사업 신청서와 개인정보 조회 제공동서를 지역 농협에 제출하면 된다.
p24_u35,p24,ce1.0,농업기계 면세유 구입비 지원을 바베려는 농업인은 음면이나 농협 등에 비치한 사옥진 초소와 개인정보 조회 제공동서를 지역 농협에 제출하면 된다.
p24_u35,p24,ce2.0,농업기계 연세유 구입비 지원을 받으려는 농업인은 능연이나 농협 등에 비치한 사업 신청서와 개인정보조회 제공동소를 지역 농협에 제출하면 된다.
p24_u35,p24,ce5.0,노협기계 면사율 구입비 지원을 받으려는 농업인은 능연이나 농협 등에 비추한 사업층 청소와 갬성부 정회 제공동위서를 주역 농협에 제출하면 된다.
p24_u35,p24,ce10.0,농업 기계 면설류 구입비 지원을 받으려는 농업인은 음룡이나 농업 등에 비치한 사옷층 청소와 개인정보충회 제공통유서를 지역 농협에 제출하면 된다.
p24_u36,p24,taps,지원 대상단은 필라라 주새로를 둔 농업이므로 지역롱합의 넌세 유료 구입 카드를 발급받은 농업인 중 넌세유 구입비 지원 사업 신청서의 제출한 사람이다.
p24_u36,p24,ce0.0,지원 대상담은 흔함의 조세로를 둔 농업임으로 지역 봉협의 넌새 유리 구이카드를 발급받은 농업인 중 넌새 유리 구입비 지원 사업 신청설에 자출한 사람이다.
p24_u36,p24,ce0.1,지원 대상관은 헬란화 주세를 둔 농업임으로 지혜공협의 면세율을 구입 카배를 발급받은 농업인 중 면세율 구입비 지원 사업 신청벌에 제출한 사람이다.
p24_u36,p24,ce0.5,지원 대상단은 현란으로 주세로를 두는 농업임으로 지역 농협의 면세율을 구입하들을 발급받은 농업인 중 면세율 구입비 지원 사업 신청선을 제출한 사랑이다.
p24_u36,p24,ce1.0,지원 대상단은 혜나베 주세를 두는 농업임으로 지역 농협의 면세 유리구이 카배를 발급받은 농업인 중 면세유 구입비 지원 사업 신청범을 제출한 사람이다.
p24_u36,p24,ce2.0,지원 대상단은 흘랑의 주서를 둔 농업인으로 지역 농업의 면세율을 구입하더를 발급하는 농업인 중 눈 새유 구입비 지원사호 수천서를 제출한 사라이다
p24_u36,p24,ce5.0,지원 대상관은 흐라며 주서를 둔 농업임으로 지역 봉협의 면세율이 구입하더를 발급받은 농업인 중 면세율 구입비 지원 사업 신청벌에 제출한 사랑이다.
p24_u36,p24,ce10.0,지원 대상담은 희사로 주서를 둔 농업이므로 지역 농협의 면세 유료 구입 화배를 발급받은 농업인 중 면세 요 구입비 지원 사업 시촌서의 제출한 사랑이다
p24_u37,p24,taps,지원 유동은 농업인이 배정받은 농업기계형 면제율 중 3월부터 6월까지 4개월간 사용한 히열리와 경만 화당된다.
p24_u37,p24,ce0.0,지원 유종은 농업인이 배정받은 농업기계연된제위를 중 3월부터 6월까지 4개월간 사용한 CLU와 경만 해당된다.
p24_u37,p24,ce0.1,지원 유동연 농협인이 배정받은 명확기계위행 면대위를 중 3월부터 2월까지 4개월간 활용한 시원위와 경무만 화단된다.
p24_u37,p24,ce0.5,지원 유승은 농업이 배정받은 농업 기계형 면대 위료 중 3월 부터 6월까지 4개월간
p24_u37,p24,ce1.0,지원 유동은 노워빈이 배정받은 영업 기계의 행변대 유료 중 3월부터 6월까지 4개월간 사용한 실험 유학 정만 해당된다
p24_u37,p24,ce2.0,지원 유동은 노업인이 배정받은 농업 기계형 면대 유료 중 3월부터 2월까지 4개월간 사용한 시설이와 경위만 세당된다.
p24_u37,p24,ce5.0,지원 유능은 노협인이 배정받은 농업기계형 렌드의 유료 중 3월부터 6월까지 4개월간 사용한 7월류와 종류만 해당된다
p24_u37,p24,ce10.0,지원 유종은 노몰비 배정받은 농업기계용 면대 유료 중 3월부터 6월까지 4개월간 소원한 수영유와 경위만 해당된다
p24_u38,p24,taps,개인들 전년도 면세유 배정 신적의 기준으로 5회 4개월 분 사인 신적에 맞춰 지급한다.
p24_u38,p24,ce0.0,개인들 전년도 연세율 배정실적의 기준으로 올해 4개월 분 사용실적에 맞춰 지급한다.
p24_u38,p24,ce0.1,개인결 전년부 면세유 배정 신적의 기줌으로 올해 4개월 볼 사인 신적을 맞춤 지급한다.
p24_u38,p24,ce0.5,갤럴 전녀로 연세유 배정실절의 기준으로 노회 4개월 분 사용실절에 맞춰 지급한다.
p24_u38,p24,ce1.0,개인될 전년도 면색 요 배정 신적의 기준으로 요회 4개월 분 사인 신적에 맞춰 지급한다.
p24_u38,p24,ce2.0,개인들 전년도 연세유 배정실적의 기준으로 5회 4개월 분 사인실적을 맞춰 지급한다.
p24_u38,p24,ce5.0,개인별 작년도 연세유 배정 실적을 기준으로 올해 4개월 분 사용 실적에 맞춰 주급한다.
p24_u38,p24,ce10.0,개인별 작년고 면사료 배정실적을 기준으로 5회 4개월 분 상임실적을 맞춤 지급한다.
p24_u39,p24,taps,군에서는 지역 농협에서 전수한 사업 신청서를 기준으로 농협인들 배정량과 환용량을 긴 거로 사업 대상자와 예산 송우객을 최종상임하고 보조 고민 직업할 예정이다.
p24_u39,p24,ce0.0,군에서는 지역 논협에서 전수한 사업 신청서를 기진으로 농혁인들 배정량과 하융량을 근거로 사업 대상자와 예산 설혁액의 최종 상임으로 보조 고민 직업할 예정입니다.
p24_u39,p24,ce0.1,군화에서는 지역 농협에서 전수한 사업 신청서를 기준으로 농업 임절 배정량과 사용량을 긴개로 사업 대상자와 예산 소유격을 최종 상임 후 보조고면 직업할 예정이다.
p24_u39,p24,ce0.5,군대전은 지역 문협에서 전수한 사업 신청서를 기름으로 농업인별 배정량과 사용량을 긴계로 사업 대상자와 예산 소유격을 최종상임 후 보조금인 직업할 예정이다.
p24_u39,p24,ce1.0,군에서는 지역 농협에서 잔수한 사업 신청서를 기름으로 농업인절 배정량과 하인회할 근거로 사업 대상자와 예산 효끗을 체중하긴 해요 보조 오면 죽어 8일 내정이다
p24_u39,p24,ce2.0,국내에서는 지역 응업에서 전수한 사업 신청서를 기준으로 농업 인결 배정량과 사용매활 근거로 사업 대상자와 예산 성욕업을 최종상임 후 보조공은 직업할 예정이다.
p24_u39,p24,ce5.0,군에서는 지역 농협에서 전수한 사업 승청서를 기준으로 농협인별 배정량과 사용량을 긴 거로 사업 대상자와 예산 소유격을 최종하기 후 보조금을 지급할 예정이다.
p24_u39,p24,ce10.0,국회에서는 지역 농협에서 전수한 사업 신청서를 기준으로 농업인별 배정량과 사용량을 근거로 사업 대상자와 예산 손목억을 최종상인 후 보조금은 주급할 내정이다.
p24_u40,p24,taps,"BNK 투자 증거는 흘레 재철에 대해 목투주가 55,000원 투자 의견 매술을 제시했다."
p24_u40,p24,ce0.0,"BNK 투자 증거는 헌레 재철에 대해 목투주가 55,000원 투자 이겸 매술을 제시했다."
p24_u40,p24,ce0.1,"B&K 투자 증거는 슬래 제철에 대해 목추주가 55,000원 투자 의견 매술을 제시했다."
p24_u40,p24,ce0.5,"BNK 투자 증거는 흘레 재철에 대해 목추부가 55,000원 투자 이겸 매수를 제시했다."
p24_u40,p24,ce1.0,"BNK 투자 증거는 흥매 제철에 대해 목푸즈가 55,000원 투자 이겸 매술을 제시했다."
p24_u40,p24,ce2.0,"BNK 투자 증거는 현대 재철에 대해 목표지가 55,000원 투자 이검 매술을 제시했다."
p24_u40,p24,ce5.0,"BNK 투자 증거는 현대 제철에 대해 목초주가 55,000원 투자 의견 매술을 제시했다."
p24_u40,p24,ce10.0,"B&K 투자 증거는 흥내 재철에 대해 목표주가 55,000원 투자 이검 매술을 제시했다."
p24_u41,p24,taps,"그릴, 래프앤, 가일에 따르면 B&K 투자 증거는 최근 선대제체를 대한 보고서를 통해 벨리웨이션이 프로나 팬데믹 수준까지 하락했다며 이렇지 밝혔다."
p24_u41,p24,ce0.0,"그릴, 래프앤, 가일에 따르면 B&K 투자 증거는 최근 설레 재철에 대한 보고서를 통해 밴디웨이션이 토론화, 팬데미, 수준까지 하락했다며 이랬지 밝혔다."
p24_u41,p24,ce0.1,그릴 FN 가위리에 따르면 BNK 투자 증거는 최근 순대 재철에 대한 보고서를 통해 벨류에이션이 코로나 팬덩이 수준까지 하락했다며 이같이 밝혔다.
p24_u41,p24,ce0.5,그릴 대표한 바이대에 따르면 D&K 투자 증거는 최근 선배 제철에 대한 보고서를 통해 벨리웨이션이 프로라 팬덩이 수중까지 하락했다며 이같이 밝혔다.
p24_u41,p24,ce1.0,꾸린 FN 가입에 따르면 DNK2가 증거는 출근 현대 제철에 대한 보고서를 통해 베리웨이션이 코로나폐대국 수분까지 하락했다며 이같이 밝혔다.
p24_u41,p24,ce2.0,"9일, FN 가이드에 따르면 VNK 투자 증거는 최근 순대 제철에 대한 보고서를 통해 벨류에이션이 소르나 핸드민국 수둥까지 하락했다며 이같이 밝혔다."
p24_u41,p24,ce5.0,"1, FN 가이드에 따르면 BNK 투자 증거는 최근 현대 제철에 대한 보고서를 통해 벨류의 전이 수로나 팬델이 수송까지 하락했다며 위가치 밝혔다."
p24_u41,p24,ce10.0,끌일 FN8에 따르면 VNK2가 증거는 최근 현대 제철에 대한 보고서를 통해 벨리웨이션이 코로나 팬데미 수송까지 하랬겠다며 이같이 밝혔다.
p24_u42,p24,taps,"BNK 투자 증거는 국내외 철강시황이 지속적인 약세를 보이면서 산봉기, 봉상강 및 여련 가격이 예상보단 더 하락했다고 분석했다."
p24_u42,p24,ce0.0,"비엠케이 투라 증거는 국내에 철강시황이 주적적인 약세를 보이면서 항공기, 봉상 항맵, 여령 가격이 예상보단 더 하락했다고 분석했다."
p24_u42,p24,ce0.1,"BNK 투자 증거는 국내외 철강심황이 지속적인 약세를 보이면서 3분기, 봉상강 및 여령 가격이 예상보단 더 하락했다고 분석했다."
p24_u42,p24,ce0.5,"BNK 투자 증거는 국내외 철강시황이 부족적인 약세를 보이면서 30기, 본향방 및 여전 가격 예상보다 더 하락했다고 분색했다."
p24_u42,p24,ce1.0,"BNK 투자 증거는 국내외 철강시황이 지적적인 약대를 보이면서 한동무기, 봉상강립, 여련 가격이 예상보다 더 하락했다고 분석했다."
p24_u42,p24,ce2.0,"BNK 투자 증거는 국내외 철강시 황이 지속적인 약세를 보이면서 한분기, 보상강닛, 여령 가격이 예상보다 더 하낙했다고 분석했다."
p24_u42,p24,ce5.0,"BNK 투자 증거는 국내외 철광시황이 지속적인 약세를 보이면서 3분기, 봉상광 및 여련 가격이의 상보단 더 하락했다고 분석했다."
p24_u42,p24,ce10.0,"BNK 투자 증거는 국내외 철강시황이 지속적인 약세를 보이면서 3봉기, 본성방 및 여령 가격이 예상보다 더 사락했다고 분석했다."
p24_u43,p24,taps,"현대, 찰상시황은 공급보다 수요 돈화가 문제인데 중국 건설 변기 부진이 전기화되면서 동아시아 찰상시황에 부담해 주고 없다고 해석했다."
p24_u43,p24,ce0.0,현재 철광시장은 공급보다 수요 돈화가 문제인데 중국 건설 경기 부진이 장기야 되면서 동하시아 철광시황에 부담을 주고 있다고 해소
p24_u43,p24,ce0.1,현재 찰상시장은 공급보다 수요 돈화가 문제인데 중국 건설 변기 부진이 장기해야 되면서 동아시아 찰상시황을 부담을 주고 있다고 해석했다.
p24_u43,p24,ce0.5,현재 철강시 방은 고릈보다 수요 둔화가 문제인데 중국 건설 경기 부진이 정리해야 되면서 동하시아 철강시 형엔 부담을 주고 있다고 해소
p24_u43,p24,ce1.0,그런데 찰광시황은 공급보다 수요 둔화가 문제인데 중국 건설 변기 부진이 장기야 되면서 동아시아 찰광시황에 부담을 주고 있다고 해석했다.
p24_u43,p24,ce2.0,"현대, 찰방시황은 공급보다 수요 둔화가 문제인데 중국 건설 경기 부진이 장기화되면서 동화시야 찰방시황은 부담을 주고 있다고 해석했다."
p24_u43,p24,ce5.0,"홍대, 탈광시 방은 공급보다 수료 동화가 문제인데 중국 권살 경기 부진이 장기화되면서 동화시야 탈광시원에 부담을 주고 있다고 해석했다."
p24_u43,p24,ce10.0,현재 철강 시상은 공급보다 수요 둔화가 문제인데 중국 건설 경기 조진이 장기화되면서 동화시아 철강 시형에 부담을 주고 있다고 해소
p24_u44,p24,taps,"국내 수요 산업도 전년 동기대비, 역성장을 지속하면서 호판을 제외한 전풍록에 배쳐 수요가 약한 상황으로 하셨겠다."
p24_u44,p24,ce0.0,국내 수요 산업도 던연둥기 대비 역성장을 지속하면서 호파는 제외한 전통목에 대처 수요가 약한 상황으로 세석했다.
p24_u44,p24,ce0.1,국내 수료 산업도 던전 변기 대비 역성장을 지속하면서 폭판을 제외한 전풍목에 대처 수료사 약한 상황으로 회적했다.
p24_u44,p24,ce0.5,국내 수류산업도 던년 동기 대비 역성장을 지속하면서 수판을 제외한 전풍목에 대처 수요가 약한 상황으로 회복했다.
p24_u44,p24,ce1.0,국내 수류산업도 전년동기 대비 역성당을 지속하면서 호판을 제외한 전통목에 대처 수류가 약한 상롱으로 해석했다.
p24_u44,p24,ce2.0,국내 수용 산업도 단연 동기 대비 역성장을 지속하면서 후판을 제외한 전풍목을 대처 수용사 약한 상황으로 세수했다.
p24_u44,p24,ce5.0,국내 수요산옷도 반년 동기 대비 역성장을 지속하면서 호판을 제외한 전통로별처 수요가 약한 상황으로 해석했다.
p24_u44,p24,ce10.0,국내 수요 사묵도 던연 동기 대비 역성장을 지속하면서 호판을 제외한 전풍구가 되죠 수요가 약한 사망으로 희숙했다
p24_u45,p24,taps,"비행회의 투자 증거는 4분기에는 고록, 투입원과 하락, 분영강 가객 하락, 마무리와 성숙이 석다로 실정, 섭억된 거스로 전망했다."
p24_u45,p24,ce0.0,"비행테이 투자 증거는 4분기에는 고록, 트윗원가 하락, 분명강 가객 하락, 마무리와 성숙이 속다로 실종 새롭땐 거스로 잠망했다."
p24_u45,p24,ce0.1,"BNK 투자 증거는 4분기에는 고루, 풀, 원가, 하락, 분영강 가객, 하락, 마무리와 성수기 효과로 실정을 새벽땐 거스로 잔망했다."
p24_u45,p24,ce0.5,"비엠케이 투자 증거는 4분기에는 고로 투입원가 하락, 분명강 가격 하락, 마무리와 성수비 속가를 실종해 복돼 거슈로 잠망했다."
p24_u45,p24,ce1.0,"BNK 투자 증거는 4봉비에는 고로 투입봉과 하락, 분명강 가객 하락, 마무리와 청수기 효과로 실적을 회복될 것으로 잠망했다."
p24_u45,p24,ce2.0,"비행세의 투자 증거는 4분기에는 고로 투입원과 하락, 분영강 가력하락, 마무리와 성수기 색깔로 실천을 회복도 거수로 전망했다."
p24_u45,p24,ce5.0,"BNK 투자 증거는 4분기에는 고로 토익공과 하락, 분명강 가격 하락, 마무리와 성수기 혓므로 실정해붙때 고수로 담망했다."
p24_u45,p24,ce10.0,"BNK 투자 증거는 4분기에는 거로 투입원과 하락, 분명강 가격 하락, 마무리와 성숙의 색깔로 실전 회복된 것으로 전망했다."
p24_u46,p24,taps,경쟁사의 피해 뵙고가 예상보다 지연될 경우 여론 폭탄을 판론한과 가격이 점 더 개순될 감성 있다고 내다 봤다.
p24_u46,p24,ce0.0,경쟁사의 피해 뵙고가 예상보다 지연될 경우 여론 폭판을 판매한과 가격이 정도 배선될 감성 있다고 내다 봤다.
p24_u46,p24,ce0.1,경쟁사의 히에 뵙고가 예상보다 지연될 경우 여론 후판을 판문한과 가격이 점 더 개선될 강성이 있다고 매닿았다.
p24_u46,p24,ce0.5,경쟁사의 피해 뵙고가 예상보다 지연될 경우 여름 수판을 판매한과 가격이 전부 개선될 감성이 있다고 내놨다.
p24_u46,p24,ce1.0,"경쟁화의 피해 복구가 예상보다 지연될 경우 여련, 호판을 판매한과 가격이 좀 더 개선될 감성이 있다고 내가 봤다."
p24_u46,p24,ce2.0,경쟁사의 필리핫구가 예상보다 지연될 경우 여전 수판을 판명량과 가격이 좀 더 개선될 광성이 있다고 내다 봤다.
p24_u46,p24,ce5.0,경쟁사의 피해 복구가 예상보다 지연될 경우 여론 소판을 판론한과 가격이 좀 더 개선될 광성이 있다고 내다 봤다.
p24_u46,p24,ce10.0,경쟁사의 피해붙고가 예상보다 지연될 경우 여전 숲 3을 편누한과 가격이 좀 더 개선될 가능성이 있다고 내가 봤다.
p24_u47,p24,taps,길의 강주와 전남은 아침 기온이 전날보다 3도 가량 더 떨어지면서 추우사 더욱 기승을 부릴 것으로 보인다.
p24_u47,p24,ce0.0,키를 강주와 전남은 낮침 기온 전날보다 3고 가냥 더 떨어지면서 충과 더욱 기승을 부릴 것으로 보인다.
p24_u47,p24,ce0.1,키를 광주와 전남은 낮친 기온이 전날보다 3부 가량 더 떨어지면서 추유가 더욱 기승을 부릴 것으로 보인다.
p24_u47,p24,ce0.5,개를 광지와 전남은 아침 기온이 전날보다 상도가량 더 떨어지면서 충유가 더욱 기승을 부릴 것으로 보인다.
p24_u47,p24,ce1.0,1을 광주와 전남은 아침 기온이 전날보다 3부 가량 더 떨어지면서 충과 더욱 기승을 부릴 것으로 보인다.
p24_u47,p24,ce2.0,1회 광주와 전남은 아침 기온이 전날보다 3부 가량 더 떨어지면서 추울과 더욱 기승을 부릴 것으로 보인다.
p24_u47,p24,ce5.0,1을 광주와 전남은 자칭 기온이 전날보다 3대가량 더 떨어지면서 추위가 더욱 기승을 부릴 것으로 보인다.
p24_u47,p24,ce10.0,이를 광주와 전남은 아침 기온이 전날보다 3배 가량 더 떨어지면서 충우가 더욱 기승을 부릴 것으로 보인다.
p24_u48,p24,taps,특히 바람도 강액에 들면서 체감 운동은 영하 오도 위화로 낫겠으니 낮은 기온과 급격한 기온 전화로 인한 건강 관리에 각별한 주위가 요구된다.
p24_u48,p24,ce0.0,특히 바람도 강액에 질면서 체감 운동은 영하 오도 의미로 낮겠으니 낮은 기온과 급격한 지온 전화로 인한 감검 발리에 각별한 주위가 유구된다.
p24_u48,p24,ce0.1,특히 바람부 강하게 들면서 체감 온도는 영하 오도 위화로 낮겠으며 낮은 기온과 급격한 기온 전화로 인한 관광 관리에 각별한 조이가 유구된다.
p24_u48,p24,ce0.5,특히 바람도 강액에 빌면서 체감 음도는 영하 오도 위화로 낫겠으니 나중 비용과 급격한 기음 전화로 인한 공간 관리에 각별한 조이가 유구된다.
p24_u48,p24,ce1.0,특히 바람도 강에게 빌면서 체감 은돈은 영향오도 위화로 낮겠으니 낮은 기온과 급격한 기온 전화로 인한 공갱팔레에 각별한 주위가 요구된다.
p24_u48,p24,ce2.0,특히 바람도 강하게 배면서 체감 언도는 영하 오도 위화로 낫겠으면 낮은 기온과 급격한 기온 전화로 인한 건강탈리에 각도랑 조이가 요구된다.
p24_u48,p24,ce5.0,특히 바람도 강하게 밀면서 체감 온도는 영하 오도 이며로 낫겠으니 낮은 기온과 급격한 기온 전화로 인한 관광 발리에 각별한 조이가 요구된다.
p24_u48,p24,ce10.0,특히 바람도 강하게 주면서 최강 문도는 여하 오도 위화로 낫겠으며 낮은 기온과 급격한 기온 전화로이나 관광 관리에 각별한 주위가 유구된다.
p24_u49,p24,taps,이날 대부분 지역에 순파주의보가 발효된 가운데 아침 최적 기온은 영화 오도 에서 영도 낮 최고위에는 이도에서 챌더로 예상된다
p24_u49,p24,ce0.0,이날 대부분 지역에 흔파 지이보가 발효된 가운데 아침 최적 기온은 여하 오도에서 영도 낮 최고위해는 이도에서 7도로 예상된다.
p24_u49,p24,ce0.1,이마의 대부분 지역에 순파주의보가 발효된 가운데 아침 최적 기온은 영화 오도에서 영도 낮 최고는 이도에서 칠도로 예상된다.
p24_u49,p24,ce0.5,미나의 대부분 지역에 순파주의보가 발효된 가운데 아침 최적주의는 여하 오도에서 염두 낮 최고류는 이도에서 칠도로 예상된다.
p24_u49,p24,ce1.0,이내에 대부분 지역에 한파주의보가 발효된 가운데 아침 최소 기온은 영화 오도에서 영도 낮 최고류는 이도에서 칭도로 예상된다
p24_u49,p24,ce2.0,이내에 대부분 지역에 순파주의보가 발효된 가운데 아침 최소 기온은 여하 오도에서 영도 낮 최옹유는 이도에서 칠도로 예상된다.
p24_u49,p24,ce5.0,이내에 대부분 지역에 한파주의부가 발효된 가운데 아침 최저 기운은 영화 오도에서 영도 낮 최균 이유는 이드에서 칠도로 예상된다
p24_u49,p24,ce10.0,이나의 대부분 지역에 숨사주의부가 발효된 견뎌. 아침 최소 기온은 영화 오도에서 영도. 낮 최소 기온은 이도에서 7도로 예상된다.
p24_u50,p24,taps,소회상에서 성성맨 비조륭제가 북서통을 타고 유입되면서 새벽까지 난 전남 소왕이 안해 반부터는 전남 북부서회 안에 비난 민호는 곳이 웃겠다.
p24_u50,p24,ce0.0,"손을 상에서 성성맨, 뒤 소름대가 북섭통을 타고 유입되면서 새벽까지는 전남 서해안에 반부터는 전남 북부 서해안에 비나 인원인 곳이 있겠다."
p24_u50,p24,ce0.1,소래상에서 생성맨 비고름대가 북서통을 타고 유입되면서 새벽까지는 전남 성의 안에 반부편은 전남 북부서의 안에 비나 눈 오는 곳이 있겠다.
p24_u50,p24,ce0.5,손의 상에서 생성맨 비구를 내가 북서통의 타고 유입되면서 새벽까지는 전남 서해안에 반부판은 전남 북부 서해안에 비난 문이 오는 곳이 있겠다.
p24_u50,p24,ce1.0,손을 쌍이버 생성맨 비고룩대가 북서통을 타고 유입되면서 해별까지는 전남 서해안에 반부터는 전남 복부 서해안에 비남 문이 오는 곳이 있겠다.
p24_u50,p24,ce2.0,서해상에서 생성된 비구름세가 북서통을 탕후 유입되면서 새벽까지는 전남 서해안에 반부터는 전남 복부 서해안에 비나 눈이 오는 곳이 있겠다.
p24_u50,p24,ce5.0,"성회상에서 생성 밴, 비구름대가 북서통의 탁호 유입되면서 새벽까지는 전남 서해안에 반부터는 전남 복부 서해안에 비나 눈이 오는 곳이 있겠다."
p24_u50,p24,ce10.0,토혜상에서 생성맨 비구름대가 북섭통을 통후 유입되면서 새벽까지는 전남 성화에 안해 반부편한 전남 북부 성화에 안해 비남 유니오는 곳이 있겠다
p24_u51,p24,taps,서울 남섭은 먼 바다에는 10에서 실무 및터퍼 세트에 당한 바람과 함께 최대 4.0m 높이의 파도가 1T으로 예보돼 사연아 조합하는 선박은 노이해야 하겠다
p24_u51,p24,ce0.0,서울 남섭은 먼 자다에는 10에서 승용미터 퍼세크에 장한 바람과 함께 최대 4.0미터 높이의 파도가 링터수로 예보돼 상연 조합한 선박엔 유의해야겠다.
p24_u51,p24,ce0.1,서울 남섭은 먼 바다에는 10에서 16미터퍼백의 당한 바람과 함께 최대 4.0미터 높이의 파도가 1개후로 예보돼 상혈은 조합한 선막은 요의해야겠다.
p24_u51,p24,ce0.5,소회 남섭 원 바다에는 시베서 시융류터 퍼센크에 당한 바람과 함께 최대 4.0류터 높이의 파도가 이렇게 흐를 예보돼 성유랑 조흡하는 선막을 윤해해야겠다.
p24_u51,p24,ce1.0,소회 남설부 먼 바다에는 10에서 16m%에 당한 바람과 함께 최대 4.0m 높이의 파도가 1개후로 예부돼 상연함 조합한 선막은 모임해야겠다.
p24_u51,p24,ce2.0,서울 남섭은 먼 바다에는 10에서 16미터 퍼센크에 강한 바람과 함께 추대 4.0미터 높이의 파도가 1개수로 예보돼 상위는 조합한 선박은 유의해야겠다.
p24_u51,p24,ce5.0,서해에 남섭은 먼 바다에는 10에서 16미터포세트에 강한 바람과 함께 최대 4.0미터 높이의 파도가 이렇게 수를 예보돼 상여와 조합하는 선박은 유의해야겠다.
p24_u51,p24,ce10.0,서울 남서부 문 바다에는 10에서 16 미터포세트에 강한 바람과 함께 최대 4.0 미터 높이의 파도가 일격으로 예보돼 상위나 조업한 선박은 유의해야겠다.
p24_u52,p24,taps,비 또는 무늬음은 지역은 가시거리가 짧았으며 비나 무늬어로 도로가 믿고 럽겠으니 그통 안전에도 유녀바라고 기상청은 당부했다.
p24_u52,p24,ce0.0,빛 또는 문이 혹은 지역은 가시거리가 짧고 쓰며 비나 문이 얼어 도로가 미끄럽겠으니 교통 안전에도 유녀활하고 지상청은 당부했다.
p24_u52,p24,ce0.1,비 또는 물이 입은 지역은 가시거리가 짧았으며 비나 물이 열어놓은 배려가 미끄럽겠으니 그통 안전에도 유녀바라고 기상청은 당부했다.
p24_u52,p24,ce0.5,비해 입도는 물이 온 지역은 가시거리가 짧고 쓰며 비나 눈이 열어 도로가 미끄럽겠으니 교통 안전에도 유명하라고 기상청은 당부했다.
p24_u52,p24,ce1.0,비에 입도는 물에 입은 지역은 가시거리가 짧고 쓰며 비나 눈이 얼어 데리가 믿고 럽겠으니 교통 안전에도 유명하라고 기상청은 장부했다.
p24_u52,p24,ce2.0,비 또는 누누는 지역은 가시거리가 짧겠으며 비나 누누어로 도로가 미끄럽겠으니 교통 안전을 더 유명하라고 기상청은 당부했다.
p24_u52,p24,ce5.0,뒤 또는 눈이 오는 지역은 가시거리가 짧겠으며 비나 눈이 얼어 도로가 미끄럽겠으니 교통 안전에도 유명하라고 기상청은 당부했다.
p24_u52,p24,ce10.0,"빈이 또는 무릎은 지역은 가시거리가 짧겠으며 비나 눈이 얼어머, 도로가 미끄럽겠으며 교통 안전이 더 유명하라고 기상청을 당부했다."
p24_u53,p24,taps,광주 지방 지상청 관계자는 광주 전남의 신각한 감응이 이어지고 있죠. 승할 속 물저력 경동에 시민들의 적극적인 상연을 부탁돌인다고 말했다.
p24_u53,p24,ce0.0,광주 지방 지상청 관계자는 광주 전남의 신곡한 감응은 이어지고 있죠. 생활속 물절역 엔동에 시민들의 적극적인 상여를 부탁돌인다고 말했다.
p24_u53,p24,ce0.1,강주 지방 기상창 관계자는 강주 잔남의 신곡한 감음이 이어지고 있어 생활속 물절약 행동에 시민들의 적극적인 상어를 부탁드린다고 말했다.
p24_u53,p24,ce0.5,강주 지방 기상청 관계단은 강주 전남의 신곡한 감음이 이어지고 있어 생활속 물저력 감동에 시민들의 적극적인 상화를 부탁드린다고 말했다.
p24_u53,p24,ce1.0,강조 지방기상창강계자는 강조 잔남의 신적한 감음이 이어리고 있어 생활속 물저략 변동에 시민들의 적극적인 사녀를 부탁드린다고 말했다.
p24_u53,p24,ce2.0,강주 지방 기상청 관계단은 강주 전남의 신각한 감음이 이어지고 있어 생활속 물저략 건동에 시민들의 적극적인 상여를 부탁드린다고 말했다.
p24_u53,p24,ce5.0,광주 주방 기상청 관계자는 광주 작남의 신곡한 감음이 이어지고 있어 생활 속 물 저력 엔동에 시민들의 적극적인 사연을 부탁드린다고 말했다.
p24_u53,p24,ce10.0,광주 지방 기상청 관계자는 광주 전남의 행복한 감음이 이어지고 있어 생활 속 물 저력 엔동에 희반들에 적극적인 사연을 부탁드린다고 말했다.
p24_u54,p24,taps,"경북 경주시와 경주문화 제단은 제 49회, 실라문화제 시인홍도당 소프토들을 모집한다."
p24_u54,p24,ce0.0,"경북 경주시와 경주 문화재단은 제 49회, 스라 문화재 시인 홍도당 소프터즈를 무집한다."
p24_u54,p24,ce0.1,경북 경주시와 경주 문화 제단은 제 49회 슬라 문화 제시 흥도단 소프토들을 모집한다.
p24_u54,p24,ce0.5,경북 경주시와 경주 문화 대단은 제 49회 실낮은화제 시일후도당 호프토들을 무죄 판다.
p24_u54,p24,ce1.0,경북 경주지와 경주문화 제단은 제 49회 순라문화제 시 홍보단 포포토들을 모집한다.
p24_u54,p24,ce2.0,경북 경주시와 경주문화 제단은 제 49회 실라문화제 시인 흥보단 소프터들을 모집한다.
p24_u54,p24,ce5.0,경독 경주시와 경주문화 제단은 제 49회 슬라문화제 신인 행도다 호프토들을 모집한다.
p24_u54,p24,ce10.0,경북 경주시와 경주 문화재단은 제 49회 슬라문화재 시민 홍보당 소프터들을 모집한다.
p24_u55,p24,taps,제 49회 실나 문화제 서포터즈는 축제를 직접 알리고 즐기고 10톤 시문이 대상으로 손달한다.
p24_u55,p24,ce0.0,제 49회 실나 문화제 서포터즈는 축제를 직접 알리고 즐기고 10번 시민은 대상으로 손발한다.
p24_u55,p24,ce0.1,제 49회 실라문화제 서피터즈는 축제를 직접 알리고 즐기고 10분 시민일 대상으로 손발한다.
p24_u55,p24,ce0.5,"제 49회, 실나 문화제, 서포터드는 축제를 직접 알리고 즐기고 싶은 신인 대상으로 손발한다."
p24_u55,p24,ce1.0,제 49회 실나 문화제 서포터즈는 축제를 직접 알리고 즐기고 10분 쉬운 대상도 선발한다.
p24_u55,p24,ce2.0,제 49회 실나 문화제 서패터드는 축제를 직접 알리고 즐기고 싶은 시민을 대상도 손발한다.
p24_u55,p24,ce5.0,제 49회 슬라 누나재 서포터즈는 축절에 직접 말리고 즐기고 싶은 시민의 대상도 손만한다.
p24_u55,p24,ce10.0,제 40분의 실나 문화제 서포터즈는 축제를 직접 말리고 즐기고 싶은 시민을 대상로 손만한다.
p24_u56,p24,taps,17세 이상의 겸주시의 거주하는 겸주시민 또는 정주 내에서 제직립 제약적인 사람은 누구나 신상할 수 있다.
p24_u56,p24,ce0.0,만 출세 이상의 경주세 거주하는 경주 시민 또는 경주 내에서 재직 및 제약 중인 사람은 누구나 신생할 수 있다
p24_u56,p24,ce0.1,만 7세 이상의 견주시의 거주하는 견주신임 또는 경주 내에서 재직빛 제약증인 사람은 누구나 신세할 수 있다
p24_u56,p24,ce0.5,만 칠세 이상의 경두식의 거주하는 경두신인 또는 경주 내에서 재직 및 제약 중인 사람은 누구나 신청할 수 있다
p24_u56,p24,ce1.0,만 칠세 이상의 강두시의 거두와는 강두시민 또는 경두 내에서 제직립 제약 중인 사람은 누군을 신승할 수 있다
p24_u56,p24,ce2.0,만 7세 이상의 경두시의 거주하는 경두신인 또는 경두 내에서 제직도 제약 중인 사랑은 누구나 신상할 수 있다
p24_u56,p24,ce5.0,만 침세 이상의 경주세 거주하는 강주 시민 또는 경주 내에서 제직 및 제약증은 사람은 누구나 신상할 수 있다
p24_u56,p24,ce10.0,만 출세 이상의 경주세 거주하는 경주신인 또는 경주 내에서 제직 및 제약증인 사람은 누구나 신상할 수 있다
p24_u57,p24,taps,"손발한 신인 쿠키퍼트는 제 49회 슬라분화대 소포터주로 활동하며 블록, SNS 등을 활용한 온라인 흉거콘 성체를 제작한다."
p24_u57,p24,ce0.0,"솔바랄 싱웅 퍼프터즈는 제 49회 슬라화 문화제 서포터즈로 활동하며 블룩, SNS 등을 활용한 온라인 홍보 콘센트를 제작한다."
p24_u57,p24,ce0.1,손발한 싱인 수키터브는 제 49에 슬러븐화제 서포토비로 활동해며 블록을 SLS 등을 활용한 온라인 홍보 콘센트를 제작한다.
p24_u57,p24,ce0.5,손바람 싱잉 소프톱업은 제 49회 슬라분화제 소프톱업으로 활동하며 블루브 SNS 등을 활용한 온라인 홍보품 등체를 제작한다.
p24_u57,p24,ce1.0,"손발한 싱잉 소키터드는 제 49회 신나화분화제 서포터드로 활동하며 블록, SNS 등을 활용한 온라인 홍보폰 템트를 제작한다."
p24_u57,p24,ce2.0,손발은 신인 소픽커드는 제 49회 신문화분화제 서포터드로 활동하며 돌로그 SNS 등을 활용한 온라인 흥복훈 생체를 제작한다.
p24_u57,p24,ce5.0,손발한 시민 소퀘퍼브는 제 49회 슬라분화제 서포터즈로 활동하며 블루그 SLS 등을 활용하는 온라인 황보쿤 생체를 제작한다.
p24_u57,p24,ce10.0,손발한 생긴 소퀴처버즈는 제 49회 신나 문화대 서포터즈로 활동하며 블루그 SNS 등의 활용한 온라인 홈퍼손 생체를 제작한다.
p24_u58,p24,taps,유화함께 하프토즈 활동이 기도한 전문가 결과 경주 예술을 전당해서 진행하는 백스테이구 토어등 다양한 활동에 참여할 수 있다.
p24_u58,p24,ce0.0,이와 함께 하프토즈 활동 수고한 전문가 교육과 경주 예술을 등당해서 진행하는 백스테이그 투어 등 다양한 활동에 참여할 수 있다.
p24_u58,p24,ce0.1,이와 함께 서포토스 활동을 싫어한 전문가 결과 경주 예술을 전당해서 진행하는 백스테이구 12은 다양한 활동에 참여할 수 있다.
p24_u58,p24,ce0.5,이와 함께 서프토즈 활동이 필요한 전문가 결과 경조 예술을 전당해서 진행하는 백스테이브 투어 등 다양한 활동에 참여할 수 있다
p24_u58,p24,ce1.0,유화함께 퍼프토즈 활동이 필요한 전문가 결과 경주 예술에 등당해서 진행하는 펩스테이프트워드 다양한 활동에 참여할 수 있다
p24_u58,p24,ce2.0,이와 함께 서프토즈 활동이 필요한 전문가 결과 경주 예술을 전당해서 진행하는 백스테이브 투어 등 다양한 활동에 참여할 수 있다
p24_u58,p24,ce5.0,이와 함께 서포토즈 활동이 필요한 전문가 교육과 경조 예술의 전당에서 진행은 백테이크 터 등 다양한 활동에 참여할 수 있다.
p24_u58,p24,ce10.0,이와 함께 서포터스 활동이 필요한 전문가 결과 경주 예술을 전당해서 진행하는 백스테이크 수업 등 다양한 활동에 참여할 수 있다
p24_u59,p24,taps,3달 된 소프터즈에게는 활동들을 지원하고 우승 소프터즈 활동자를 선정해 포상도 진행한다.
p24_u59,p24,ce0.0,3달엔 소프토스에게는 활동돌에 지원하고 우승 소프토스 활동자를 선장해 포상도 진행한다.
p24_u59,p24,ce0.1,산달된 소프포스에게는 활동기를 지원하고 우수 소프포스 활동자를 산장해 표상 묘진행한다.
p24_u59,p24,ce0.5,3라이든 서포퍼스 앱에는 활동기를 지원하고 우수 서포퍼스 활동사를 상상해 포상으로 진행한다.
p24_u59,p24,ce1.0,3달 된 소피터즈에게는 활동비를 지원하고 우승 소프터즈 활동자를 선정해 표상로 진행한다.
p24_u59,p24,ce2.0,3달 된 스피커스에게는 활동기를 지원하고 옷을 서포터주 활동자를 삼장해 포장도 진행한다.
p24_u59,p24,ce5.0,선발된 소프토스에게는 활동기를 지원하고 오승 소프토스 활동자를 선정해 포상루 진행한다.
p24_u59,p24,ce10.0,선발된 소피포스에게는 활동물을 지원하고 우승 소피포스 활동가를 선정해 포상도 진행한다.
p24_u60,p24,taps,접수 기간은 5년 6월 3일 18시까지 있며 경주문화 재난 및 경주시차 흔페이지에서 신청서를 작성한 후 전장 옵편으로 제출하면 돈도와
p24_u60,p24,ce0.0,접수 기간은 5년 6월 3일 18시까지 있며 경주 문화 재단 및 경주 10차 홈페이지에서 현청서를 작성한 후 전자 옵편으로 제출하면 된다.
p24_u60,p24,ce0.1,접수 기간은 5년 6월 3일 18시까지 잃며 경주문화 재단 및 경주 시착은 페이지에서 신성서를 작성한 후 전장 옵편으로 제출하면 둔다.
p24_u60,p24,ce0.5,접수 기간은 5월 6월 3일 18시까지 있며 경주문화 재단 및 경주 10차 훈페이빗에서 실천표를 작성한 후 전장 후편으로 제출하면 된다.
p24_u60,p24,ce1.0,접수 기간은 5는 6월 3일 11시까지 이며 강도 문화 재단 및 경도 시착은 페이지에서 신청서를 작성한 후 전자 오편으로 제출하면 된다
p24_u60,p24,ce2.0,접수 기간은 5월 3일 18시까지 이며 경두 문화 재단 및 경두 식차분 페이지에서 신청소를 작성한 후 전자 오픈으로 재출하면 된다.
p24_u60,p24,ce5.0,접수 기간은 5년 6월 3일 18시까지 이며 경급 문화 재단 및 경급 수천 황페이지에서 출청소를 작성한 후 전자 우편으로 제출하면 된다.
p24_u60,p24,ce10.0,접수 기간은 5는 6월 3일 18시까지 있며 정부 문화 재단 및 경규 수차 홈페이지에서 신청서를 작성한 후 전자 우편으로 제출하면 된다.
p24_u61,p24,taps,자세한 매행인 경주문화 재단 홈팬이지나 경주문화 재단 특제 사업진도 못니하면 된다.
p24_u61,p24,ce0.0,자세한 내용은 경주문화재단 홈페이지나 경주문화재단 축제사업팀 좀 모니하면 된다.
p24_u61,p24,ce0.1,자세한 내용은 경주문화 재단 홈페이지나 경주문화 재단 특제 사업 뒤행도 못 이하면 된다.
p24_u61,p24,ce0.5,자세한 내용은 경주문화 재단 송패이지나 경주문화 재단 축제상지에 너무 문의하면 된다.
p24_u61,p24,ce1.0,자세한 내용은 경주문화재단 소빙이 지나 경주문화재단 특제사옷지로 문의하면 된다
p24_u61,p24,ce2.0,자세한 내용은 경주문화재단 손댄이지나 경주문화재단 축제사업진도 문의하면 된다.
p24_u61,p24,ce5.0,자세한 내용은 경수문화재단 순베이지나 경수문화재단 축제사옷진 너무 못냈으면 된다
p24_u61,p24,ce10.0,자세한 내용은 경수문화재단 후배지나 경수문화재단 숙제서진 너 못냐면 된다
p24_u62,p24,taps,"매년 예산한 서리를 위한 청조시인 베이예 원포인트 인심회가 10,000객 본간 사회업위를 둘러싼 여야 대리비로 열리지 못하고 있다."
p24_u62,p24,ce0.0,"매년 예산한 서리를 위한 청주 히인회의 원포인트 일신회가 10,000객 본관 살협위를 둘러싼 여야 대리비로 열리지 못하고 있다."
p24_u62,p24,ce0.1,매년 예산한 설의를 위한 청주 행위회의 원포인트 임심회가 시청객 공간 삶의비를 둘러싼 여야 대리비로 열리지 못하고 있다.
p24_u62,p24,ce0.5,매년 예전한 처리를 위한 청주히 매일 원포인트 인심회가 시청객 본관 차이오비를 둘러싼 여야 대리비로 열리지 못하게 있다.
p24_u62,p24,ce1.0,"매년 예산한 서리를 위한 충두수 배일, 원폼층 임심회가 10천옷 본관 설협위를 둘러싼 여야 대립으로 열리지 못하고 있다."
p24_u62,p24,ce2.0,"내야 예산한 서리를 위한 청조심 베이스 원포인트 20회가 10,000개 본관 설협위를 둘러싼 여야 대리비로 열리지 못하고 있다."
p24_u62,p24,ce5.0,"내년 예산한 서리들위향 청주 희메일 원호인트 임시회가 10,000개 본관 차례비를 둘러싼 여야 대립으로 열리지 못하고 있다."
p24_u62,p24,ce10.0,"내년 예산한 서리를 이한 청소시회의 원손트 20회가 10,000개 붕관 철워비를 둘러싼 여야 대립으로 열리지 못하고 있다."
p24_u63,p24,taps,"청조 시위회는 내년 예산한 서류를 위해 22일 오전 10시, 제 75회 인시세 제 1차 본혈의를 열기를 했으나 더불어 윙주장 의원들의 등원 거부로 열리지 못하고 있다."
p24_u63,p24,ce0.0,"청조 시위회는 내년 내산한 설의대위해 22일 오전 10시, 제 75회 인시세 제 1차 본형대 열기를 했으나 더불어 윙주당 의원들의 등원컵으로 열리지 못하고 있다."
p24_u63,p24,ce0.1,"청조 시위회는 매년 계산한 설의대위해 22일, 오전 10시, 제 75회, 인시회, 제 1차 변행에 열기를 했으나 더불어 공주장 의원들의 등원컵으로 열리지 못하고 있다."
p24_u63,p24,ce0.5,"청소 시위회는 내년인 계산한 설의대위해 22일, 고전 10시, 재 75회, 임수회, 재 1차 본효의를 열기를 했으나 더불어 윙주당 의원들의 동원 법으로 열리지 못하고 있다."
p24_u63,p24,ce1.0,"청도 16회는 매년 예산한 설의대위해 22일, 오전 10시, 제 75회, 인시회, 제 1차 본회에 열기를 했으나 더불어 뭉주당 의원들의 등원 더불어 열리지 못하고 있다."
p24_u63,p24,ce2.0,"청조 시위회는 내년 예산한 서리를 위해 26일, 오전 10시, 제 75회, 인시회, 최일 차 본회에 열기를 했으나 더불어 융주당 의원들의 등원 겹으로 열리지 못하고 있다."
p24_u63,p24,ce5.0,청조 시위회는 내년 예산한 설의를 위해 22일 오전 10시 제 75회 인식회 제 1차 본회의를 열기를 했으나 더불어 윙주당 의원들의 응원 거부로 열리지 못하고 있다.
p24_u63,p24,ce10.0,청소시위회는 내년 예산한 서류대위회 22일 5정 10시 제 75회 인시회 제 5차 본형 대 열기로 했으나 더불어 윙주당 의원들의 등원 더불어 열리지 못하고 있다.
p24_u64,p24,taps,열어야는 이날 을 원총위를 잇따라 갔고 사비를 바렸으나 옛 10청 본과 뜬철거비를 둘러싼 이전을 접히지 못하고 있어요 이날 오후 4시에 다시 여야 혈의를 버리기로 했다
p24_u64,p24,ce0.0,여야는 이날 을 원총회를 잇따라하고 섭일에 버렸으나 옛 10초 보곽은 철거비를 둘러싼 이전에 스프지 못하고 있으며 이날 오후 4시에 다시 여야 합의를 버리기로 했다.
p24_u64,p24,ce0.1,여야는 이날 의원 청해를 잇따라 갔고 소비를 벼렸으나 예측청 본과 쓴 철거비를 둘러싼 이견을 접히지 못하고 있으며 이 날 오후 4시에 다시 여야 협의를 버리기로 했다.
p24_u64,p24,ce0.5,여야는 이날 의원총회를 잇따라 갔고 혀비를 벌였으나 예측청 본과연 철거비를 둘러싼 이전을 접히지 못하고 있으며 이날 오후 4시에 다시 여야 혀비를 버리기로 했다.
p24_u64,p24,ce1.0,여야는 인은 의원 생회를 잇따라 갔고 혀불에 바렸으나 예측청 본과 등 태거비를 둘러싼 이견을 좁히지 못하고 있으며 인은 오후 4시에 다시 여야 혀비를 버리기로 했다.
p24_u64,p24,ce2.0,여야는 이날 의원 총혜를 잇따라 갔고 소비를 벌였으나 예측청 본과 철거비를 둘러싼 이전을 좁히지 못하고 있어요. 이날 오후 4시에 다시 여야 소비를 벌이기로 했다.
p24_u64,p24,ce5.0,"여야는 이날 응원청해를 잇따라 갔고 소비를 버렸으나 예측청, 봉과 은 철거비를 둘러싼 이전을 접시 못하고 있으며 그날 오후 4시에 다시 여야하기를 버리기로 했다."
p24_u64,p24,ce10.0,여야는 이날 의원송으로 잇따라 갔고 소비를 버렸으나 예측처럼 봉과 등 철거비를 둘러싼 이전에 좁히지 못하고 있으려 이날 오후 4시에 다시 여야 혁이를 버리기로 했다
p24_u65,p24,taps,군인의 의원들은 더불어 민주당 의원이면서 봉간 설과 의견을 보인 A인 의원을 세트캡 의 대정 특수인 22명을 채우고 철거비 예산의 통과시 길에 하고 있다.
p24_u65,p24,ce0.0,국민의힘 의원들은 더불어 민주랑 의원이면서 본관 설거와 의견을 보인 에임 의원을 세특해 의 대정특수인 22명을 채우고 철거빈 예산의 통화시길에 하고 있다.
p24_u65,p24,ce0.1,국민의힘 의원들은 더불어 민주랑 의원이면서 봄간 설거 의견을 보인 A 의원을 세트캡 의의 결정득수인 22명을 채우고 설거빈 예산에 통과시키래 하고 있다.
p24_u65,p24,ce0.5,국민의 의원들은 더불어 민주당 의원이면서 봉간 설거 의견을 보인 A 의원을 설득해 의 결정 독수인 22명을 채우고 설거기 예산을 통화시키래 하고 있다.
p24_u65,p24,ce1.0,국민의힘 의원들은 답으로 민주당 의원이면서 봉관설거 의견을 보인 에이니 의원은 새뜨켓 이 결정택수인 22명을 채우고 철거둔 예산을 통과시키래 하고 있다.
p24_u65,p24,ce2.0,공인의 흥 의원들은 답으로 민주당 의원이면서 본관 설거 의견을 보인 A 의원을 세트캡 의 결정 특수인 22명을 채우고 철법이 예산을 통화시키려 하고 있다.
p24_u65,p24,ce5.0,국민의힘 의원들은 더불어 민주당 의원이면서 봉관 살고 의견을 보인 A 의원을 설득해 의 대통령 특수인 22명을 채우고 설거빈 예산을 통화시키려 하고 있다.
p24_u65,p24,ce10.0,국민의힘 의원들은 터부로 민주당 의원이면서 봉간 설구 의견을 보인 A 의원을 셀특급 의의 결정특수인 22명을 채우고 철거비 예산을 통화시키려 하고 있다.
p24_u66,p24,taps,더불어 민주당 의원들로 매일 의원을 계속 설득하며 천거비 예산에 뺀 수장 안에 통과시켜야 한다는 뜻을 굽히지 않고 없다.
p24_u66,p24,ce0.0,더불어 민주당 의원들로 내일 의원에 계속 헬뜩하며 철거빈 예산을 땐 수장 안에 통화시켜야 한다는 뜻을 부프지 않고 있다.
p24_u66,p24,ce0.1,더불어 민주당 이런데로 A5원을 계속 설득하며 철거빈 예산에 뺀 수정안에 통화시켜야 한다는 뜻을 굽히지 않게 웃다.
p24_u66,p24,ce0.5,더불어 문주장 의원들도 매일 의원은 계속 설득하며 철거둔 예산을 뺀 수정안에 표하시켜야 한다는 뜻을 부피지 않고 있다.
p24_u66,p24,ce1.0,더불어 민주당 의원들도 매일 의원을 계속 회득하며 청거도 예산에 뺀 수정안에 풍화시켜야 한다는 뜻을 굽히지 않고 없다.
p24_u66,p24,ce2.0,더불어 민주당 의원들도 A 의원을 계속 설득하며 천섭이 예산을 뺀 수정안을 통과시켜야 한다는 뜻을 굽히지 않고 있다
p24_u66,p24,ce5.0,더불어 민주당 의원들로 매일 의원에 계속 활득하며 천거빈 예산에 뺀 수정안에 평마시켜야 한다는 뜻을 굽히지 않고 있다.
p24_u66,p24,ce10.0,더불어 민주당 의원데도 매일 의원을 계속 설득하며 청법이 예산을 뺀 수정안에 통화시켜야 한다는 뜻을 부피지 않고 있다.
p24_u67,p24,taps,"이날까지 여야 협의가 되지 않아, 예산환 처리가 무산되면 연간 회부회수도 사로밖에 남지 않아, 사상처위의 준 예산잘둥이 우려되고 있다."
p24_u67,p24,ce0.0,위험해까지 여야 혀부가 재지 않아 예산한 처류가 무산되면 연간 회부스부 바로밖에 남지 않아 화상처유의 준 예산 잔등이 오래되고 있다.
p24_u67,p24,ce0.1,이랩까지 여야 혀부가 되지 않아 예산한 처리가 무산되면 연간 회부일수부 사로벗게 남지 않아 사상 투인의 주행 예산 잔둥이 우려되고 있다.
p24_u67,p24,ce0.5,이 날까지 여야 협의가 되지 않아 예산한 처리가 무산되면 연관 회빈이스도 서로 밖에 남지 않아 사장 초의의 주인 예산 발둥이 우려되고 있다
p24_u67,p24,ce1.0,이내까지 여야 혀부가 되지 않아 예산한 처리가 무산되면 연간 해구스도 사르볶게 남지 않아 사장 초의의 준 예산 활동이 오려되고 있다
p24_u67,p24,ce2.0,"눈에까지 여야 협의가 되지 않아, 예산한 처리가 무산되면 연간 회비스도 흐받게 남지 않아, 사장 초의의 중 예산 활동이 우려되고 있다."
p24_u67,p24,ce5.0,눈에까지 여야 협의가 되지 않아 예산한 처리가 무산되면 연관 해결스도 상밖에 남지 않아 사상통의 주인 예산 활동이 우려되고 있다
p24_u67,p24,ce10.0,이 날까지 여야 협의가 되지 않아 예선한 처류가 무산되면 연관혁의 수로 서로밖에 남지 않아 사상 초의의 준 예선 발능이 오려되고 있다
p24_u68,p24,taps,동의 지역에서 코로나19 집담 감염이 발생한 유양시설에서 꼬미크론전이 관련 사례인 버스로 확인된 가운데 코어쫝 장미 중 확준자가 계속해서 풀하고 있다.
p24_u68,p24,ce0.0,동의 지역에서 코로나19도 집단 감염의 발생한 유양시섭에서 공이크론 변인 관련 사례인 버스로 하는 된 가운데 코어쫝 경준 확진자가 계속 퇴석도 계속 툭하고 있다.
p24_u68,p24,ce0.1,동의 지역에서 코로나19 집단 감염이 발생한 유양시설에서 오미크론 전이 결렴 사례인 보스로 확인된 가운데 코옷조 장리 중 확준자가 계속해 숙출하고 있다.
p24_u68,p24,ce0.5,동의 지역에서 코로나19 직담 감염이 발생한 의향시설에서 5위크론전이 관련된 사례인 버스로 확인된 가운데 코어축 정리 중 확진자가 계속해 숙푸라고 있다.
p24_u68,p24,ce1.0,"동의 지역에서 코로나19 직담 감염이 발생한 유양시설에서 5,6% 전이 갈른 사례인 것으로 확인된 가운데 코옷도 격리 중 확진자가 계속 해수하고 있다."
p24_u68,p24,ce2.0,동의 지역에서 코롱을 얹어 짓다며 감염이 발생한 이양시설에서 오미크롱 견이 관련된 사례인 것으로 확인된 가운데 코쪽 격리 중 확준자가 계속 해수하고 있다.
p24_u68,p24,ce5.0,"동의 지역에서 코로나19 집당 감염이 발생한 의향시설에서 5,000키롬 전이 걸른 사례의 보스로 항은된 가운데 코트 강리 중, 학증자가 계속 돌아볼다"
p24_u68,p24,ce10.0,동의 지역에서 코로나19고 직담 감염이 발생은 의향시설에서 오무쁘러운 변이 결론 사례인 보수로 확인된 가운데 코어축 경리 중 혁준자가 계속 해수하고 있다.
p24_u69,p24,taps,11동의시 보건상국에 따르면 동의지형 A 요양시설에서 코어트 견중 90대 생행이 최종 양성 판정을 벌었다.
p24_u69,p24,ce0.0,11동의시 보건산국에 따르면 동의지역 A 요양 시설에서 코우트의 당리 중 90대 생행의 최종 양성 환정을 벌었다.
p24_u69,p24,ce0.1,11동엣이 복원상국에 따르면 동엣이 형 A인 요양시설에서 코트 격리 중 90대 생명리 체중 양성 판정을 받았다.
p24_u69,p24,ce0.5,11동의시 복원 당국에 따르면 동의지역 A 요양시설에서 포토 격리 중 90대 성행이 최종 양성 환정을 받았다.
p24_u69,p24,ce1.0,11동해시 복은 당국에 따르면 동해지연 에인 요양 시섭에서 코트 겹리 중 90대 생명이 채도 양성 환정을 받았다.
p24_u69,p24,ce2.0,11동해시 보건 한국에 따르면 동해시 영 A 요양 시설에서 코 2 경리 중 90대 3명의 철종 양성 환정을 바랐다.
p24_u69,p24,ce5.0,11동의시 보건강국에 따르면 동의지연 A요양 시순배서 코트의 경리 중 90대 3명이 최종 양상 환정을 받았다.
p24_u69,p24,ce10.0,10일 동해시 복원을 당국에 따르면 동해시형 A 요양시설에서 코트 격리 중 90대 세명기 체중 양성 환정을 받았다.
p24_u70,p24,taps,"시설, 입소자, 구흥 명중, 숨의 두냥과 종사자, 육시 명중, 11명닛, 학진자로 블루랭버스로 알려줬다."
p24_u70,p24,ce0.0,시설의 입소자 구입 명중 22년과 종사자 뉴크식 명중 11명리 학준자로 블루랭버스로 잘려줬다
p24_u70,p24,ce0.1,시설 입소자 구속 명중 22명과 종사자 60명 중 11명니 학진자로 분류랭 버스로 달려줬다
p24_u70,p24,ce0.5,실사의 입조자 9핸명 중 202명과 종사자 670명 중 11명이 확질대로 분류랭 버스로 달려줬다.
p24_u70,p24,ce1.0,시사의 입소배학교 흥명 중 22명과 종사자 60명 중 11명이 학진자로 분류랭버스로 알려졌다.
p24_u70,p24,ce2.0,실사위조자 구흥명 중 202명과 종사자 610명 중 11명이 확진자로 분류된 것으로 알려졌다.
p24_u70,p24,ce5.0,최사위조자 구현 명중 22명과 종사자 67명 중 11명이 확진대로 분류랭버스로 알려졌다
p24_u70,p24,ce10.0,"취사위조자 구흥 명중, 순위 2명과 종사장 육신 명중, 11명이 속증대로 분류랭 버스로 달려졌다."
p24_u71,p24,taps,"특히, 학준자 서범사 명중, 17맹이, 최종 오미크론 변이 학진자로 밝혀서 불안감은 높아지고 있다."
p24_u71,p24,ce0.0,"특히 혁준자 서범세 명준, 이어 7맹이, 최종 오미크론 변이 혁준자로 밝혀서 불안감은 높아지고 있다."
p24_u71,p24,ce0.1,특히 확진자 서건사명 중 17명에 최종은 오미크론 변이 확진자로 밝혀서 불안감은 높아지고 있다.
p24_u71,p24,ce0.5,"특히, 확춘자 소변사연증, 10-10명의 최종이 5-50%는 변이 확짓으로 밝혀져, 불안 다음은 높아지고 있다."
p24_u71,p24,ce1.0,특히 확춘다 서둑성 명중 17명의 최종 5백크론 변이 확춘다로 밝혀서 불안감은 높아지고 있다.
p24_u71,p24,ce2.0,"특히, 확춘자 소문상명 중 17명이 추정 5m는 변이 확춘자로 밝혀서 불안감은 높아지고 있다."
p24_u71,p24,ce5.0,특히 석춘자 성동 3명 중 10일곱 명리 최종 5미크론 변이 학준자로 밝혀서 불안감은 높아지고 있다.
p24_u71,p24,ce10.0,특히 속춘자 33명 중 17명이 최종 5밀크론 변이 확춘자로 밝혀서 불안감은 높아지고 있다.
p24_u72,p24,taps,"이에 동의시와 보건 당국은 확진자들의 경우 강릉과 수초, 동의 지역 전단 병원으로 이상하고 시선 내에서는 잊소자 70억 냉을 깨린 격리하고 있다고 반켰다."
p24_u72,p24,ce0.0,"이에 동의시와 보관상북은 확진자들의 경우 강능과 수초, 동의 지역 전단 병원으로 이상하고 수상 내에서는 입소작 78명에 끌인 격리하고 있다고 밝혔다."
p24_u72,p24,ce0.1,이에 동의시와 보건 당독은 석준자들의 경우 강릉과 수투 동의 지역 전단 병원으로 이생하고 시선 내에서는 이수자 체스팅 명을 끼린 경례하고 있다고 밝혔다.
p24_u72,p24,ce0.5,"이외 동해시와 보건 당뇌근, 턱준다들의 경우, 강릉사 수투, 동해지역 전단 병원으로 이상하게 시상 내 선을 입소자 70% 명을 끼림 격리하고 있다고 밝혔다."
p24_u72,p24,ce1.0,이에 동의시와 보건 당국은 확준다들의 경우 강릉과 숙토 동의 지역 전담 병원으로 이성하고 시사에 대해서는 있소다 78명을 끌에 격리하고 있다고 밝혔다.
p24_u72,p24,ce2.0,이에 동의시와 복원 한국은 흑준다들의 경우 강릉과 후토 동의 지역 잔담 병원으로 이상하게 시상 내에서는 입소다 수집한 명을 끼른 경리하겠다고 밝혔다
p24_u72,p24,ce5.0,이게 동의시와 복원 방득은 확준다들의 경우 강릉과 숙초 동의 지역 잔담 병원으로 이상하고 시설 내의 삼은 입소사
p24_u72,p24,ce10.0,이에 동의시와 보건 당국은 속준다들의 경우 강릉과 습초 동의 지역 전단 병원으로 이상하고 시선 내에서는 입소자 체스판 명을 끌어 경리하고 있다고 전단 병원으로 이상하고 시선 내에서는 입소자 체스판 명을 끌어 경
p24_u73,p24,taps,"또한 동사자들의 경우 시선의 숙시비 어려운 상황이라 간내에 숙딱 시설 세곱, 마은 앵곱실에 각각 분산 배치했다."
p24_u73,p24,ce0.0,"또한 동사자들의 경우 시상인의 숙식이 어려운 상황이라 간내에 숙답 시설 세 곳, 많은 일곱실에 각각 분산 배치했다."
p24_u73,p24,ce0.1,또한 정사자들의 경우 시사흘의 숙식이 어려운 상황이라 간략 숙작 시사의 새곳 마흔 7실에 각각 분산 배치했다.
p24_u73,p24,ce0.5,"또한 동사자들의 경우 시성래의 숙식이 어려운 상황이라 간내 숙박시설 세곱, 마흔 7질에 각각 분산 배치했다."
p24_u73,p24,ce1.0,"또한, 병사자들의 경우 시상 내 숙심이 어려운 상황이라 간의 숙박 시설 세곱, 마흔 행급실에 각각 분산 배치했다."
p24_u73,p24,ce2.0,"또한 동사자들의 경우 시상능이 숙식이 어려운 상황이라 간내 숙박 시설 세곱, 마은 7실에 각각 분산 배치했다."
p24_u73,p24,ce5.0,"또한, 경사자들의 경우 시사원의 숙취비 어려운 상황이라 관매 숙박 시사의 세급, 와운 7실에 각각 분산 배치했다."
p24_u73,p24,ce10.0,또한 병사자들의 경우 시상인의 숲십이 어려운 상황이라 간내 숙박시설 새곳 마흔 행복실에 각각 분산 배치했다.
p24_u74,p24,taps,"순재, 요양시설 내에서는 레벨 뒤 방호복을 입은 의도진 등이 매일 PCR 검사와 소록 등을 실시하고 있다."
p24_u74,p24,ce0.0,현재 요양시설 내에서는 레벨 뒤 방호복을 입은 의료진 등이 매일 피시할 관서와 좀께 소록 등을 실시하고 있다.
p24_u74,p24,ce0.1,현재 요양시설 내에서는 레벨 뒤 방호복을 입은 의료진 등이 매일 피시할 반사와 수록 등을 실시하고 있다.
p24_u74,p24,ce0.5,"선대, 요양시설 내에서는 레벨 뒤 방어복을 입은 의료진 등이 매일 피취방사와 소록 등을 실시하게 있다."
p24_u74,p24,ce1.0,현재 요양시설 내에서는 레벨 뒤 방어복을 입은 요료진 등이 매일 피시할 공사와 형께 수록 등이 철시하고 있다.
p24_u74,p24,ce2.0,현재 요양시설 내에서는 레벨 뒤 방호복을 입은 의료진 등이 매일 피시할 방사와 소릇 등을 출시하고 있다.
p24_u74,p24,ce5.0,현재 요양시설 내에서는 레벨 뒤 방어복을 입은 요요 증 등이 매일 피쌤 분사와 춥게 소룩 등을 실시하고 있다.
p24_u74,p24,ce10.0,현재 규양시설 내에서는 레벨 뒤 방호복을 입은 의료진 등 매일 피시알 검사와 수록계 소룩 등을 실시하고 있다.
p24_u75,p24,taps,이와 관련해 심은 16일까지 관내 경무당 100 수을 빼극 개부를 인시 시간조치하고 방역 사항 및 동돌기 안전점검은 진행한다.
p24_u75,p24,ce0.0,"이와 관련해 신은 16개까지 관내 겹무당 100, 20을 빼극 개소를 인시 시간 수치하고 방역사항립, 동적이 완전점검은 지내야 한다."
p24_u75,p24,ce0.1,"이와 관련해 신은 16일까지 강렬의 갠무당 100, 20월 횡급 개소를 임시 휴간조치하고 방역 사항 및 동적이 면전점검은 진행한다."
p24_u75,p24,ce0.5,이와 관련해 심은 침 6일까지 관내 경무당 백숨을 폐급 개소를 임시 피곤 도취하여 방역사항닛 동절비 완전점검을 진행한다.
p24_u75,p24,ce1.0,"이와 관련해 신은 16일까지 간회 경고장 백수 회복 회보를 임시 후검조치하고 방역 상립, 동돌기, 안중 정검을 진행한다."
p24_u75,p24,ce2.0,"이와 관련해 신은 16일까지 간회 경무당 100숨을 떼고 개소를 임시 시간조취하여 방역 항립, 동절기, 완전 점검을 진행한다."
p24_u75,p24,ce5.0,"이와 관련해 7은 7 6일까지 관회 겹무장팩 수을 세곱 개소를 임시시건조치하고 방역 화학립, 동작위, 안전, 정원검을 진행한다."
p24_u75,p24,ce10.0,이와 관련해 신은 16일까지 관렬 경무당 100승을 신고 개소를 임시 수건조치하고 방역 3 및 동돌기 전전 정검을 진행한다.
p24_u76,p24,taps,전남 수천회의 한 골프장에서 여성 볼포가 연못에 빠져 손진사검과 관련해 경사를 경기 보도원을 입고만 조사하고 있다.
p24_u76,p24,ce0.0,전남 수험천을 한 골프장에서 여성 볼포가 연못에 빠져 손진석검과 관련해 경사를 경기 보조원을 입건해 도사하고 있다.
p24_u76,p24,ce0.1,전남 순천회의 한 글프장에서 여성 글퍼가 연못에 빠져 순진 사건과 관련해 경자를 경기 보도원을 입고는 조사하고 있다.
p24_u76,p24,ce0.5,전남 순차에 한 굳 부장에서 여성 볼퍼가 연못에 빠져 순진 사건과 관련해 경찰의 경기 보도원을 입고는 조사하게 있다.
p24_u76,p24,ce1.0,전남 순천의 한 글프장에서 여성 글퍼가 연못에 빠져 순진 사건과 관련해 경찰이 경기 보도원을 입건해 조상하게 있다.
p24_u76,p24,ce2.0,전남 순천의 한 글프장에서 여성 글퍼가 연못에 빠져 순진 습검과 관련해 경자리 경기 보도원을 입건해 조사하게 있다.
p24_u76,p24,ce5.0,전남 순천의 한 골프장에서 여성 골포가 연못에 빠져 숨진 사건과 관련해 경살이 경기 보조원을 입건해 조사하기도 있다.
p24_u76,p24,ce10.0,전남 수천을 한 골프장에서 여성볼파가 옆모습 빠져 손진석검과 관련해 경자리 경기 보조원을 입고는 조상하고 있다.
p24_u77,p24,taps,전남 당찰청은 7일 순서는 승불프장 경기 보도원 A 씨를 업무상 가실 취사 현으로 있거네 조사하기 있다고 밝혔다.
p24_u77,p24,ce0.0,전란뱅찰청은 3일 순서를 홈 구입부장 근기 보조원 A 씨를 업무상 과실 취사 혐의로 잊어내 조사하게 있다고 밝혔다.
p24_u77,p24,ce0.1,선남 경찰청은 7일 순섬행송 길부장 경기 부조원 A 씨를 업무상 바실치사 현도 있거나 조사하기 있다고 밝혔다.
p24_u77,p24,ce0.5,전남 경찰청員 시리얼 순천행 후 교육부장 경기 보도원 A 씨를 업무상 과실 추사 현우에 조사하고 있다고 밝혔다.
p24_u77,p24,ce1.0,전남 경찰청은 실외 순서는 흔기프장 경기 보도원 A 씨를 업무상 가실 추사 행위에 있거나 조사하고 있다고 밝혔다.
p24_u77,p24,ce2.0,변남경찰청은 실외 순수한 흔기 부장 감기 보도원 A 씨를 업무상 과실 추사 행동이 있거나 조사하기 있다고 밝혔다.
p24_u77,p24,ce5.0,선남 경찰청은 체리의 순서를 흉 글프장 경기 보도원 에이스를 업무상 과실 추사 혐의를 입건해 조사하기 있다고 밝혔다.
p24_u77,p24,ce10.0,전남 경찰청은 3일 순서는 흥 글프장 경기 보도원 에이스를 업무상 과실 추사 현고 있거나 조사하고 있다고 밝혔다.
p24_u78,p24,taps,데이씨은 순서리 수는 골프장 연못에 빠져 숨질 50대 골프 빛이 사고와 관련해 빛이에게 위험성 경고하지 않은 상인들 받고 없다.
p24_u78,p24,ce0.0,A 씨는 출선이 흔 골프장 연못에 빠져 숨지 50대 골퍼 B 씨 사고와 관련해 B 씨에게 위험성을 정보하지 않은 산밀들 밖도 없다
p24_u78,p24,ce0.1,에이씨은 순삼인순 골프장 연못에 빠져 숨진 50대 글퍼 비시사도와 관련해 비시에게 위험성을 견고하지 않은 혐의들 봤도 없다
p24_u78,p24,ce0.5,베이씨은 순선이 흔 골프장 연못에 빠져 숨지 50대 골퍼 비씨 사고와 관련해 비씨 앱의 위험성을 경고하지 않은 흔기를 받고 있다.
p24_u78,p24,ce1.0,에이씨은 순삼의 흉은 골프장 연못에 빠져 숨진 50대 골퍼 빛이 사고와 관련해 빛이에게 위험성을 경고하지 않은 혐의들 받고 있다.
p24_u78,p24,ce2.0,대인 씨는 순선이 흥 골프장 연못에 빠져 숨진 50배 골퍼 빛이 사고와 관련해 빛이에게 위험성을 전고하지 않은 형위를 받고 있다.
p24_u78,p24,ce5.0,에이씨은 순천의 향 불프장 연못에 빠져 숨질 50대 골퍼 빛이 사고와 관련해 빛이에게 위험성을 경고하지 않은 형이를 받고 있다
p24_u78,p24,ce10.0,데이씨은 순선은 흔 골프장 연못에 빠져 순진 50대 골퍼 비씨 사고와 관련해 비씨에게 위험성을 전고하지 않은 혐의들 받고 있다.
p24_u79,p24,taps,"에이징은 뷰씨가 골프공을 줍기 위해 이랬과 떨어정 속목 연못정으로 향하는 뱌도 말려하지 않았고, 안전 달리도 소울이 한 희미로 조자를 바꿔옵다."
p24_u79,p24,ce0.0,에이씨은 부시가 볼프공을 줍기 위해 디랜과 떨어져 송룡 연못 정으로 향하는 뱀도 말려하지 않았고 단전 살리도 소울한 흥위로 조자를 바꿨다.
p24_u79,p24,ce0.1,"에이씨은 비씨가 걸프공을 줍기 위해 이랬과 떨어정 수응을 연못적으로 행한 배도 말려하지 않았고, 안전 관리도 소울이 한 힘으로 조사를 받고 있다."
p24_u79,p24,ce0.5,에이씨은 빛이가 볼프공을 줍기 위해 디렁가 떨어져 속눈 연못 정도로 흥한 매도 말려하지 않았고 잔전 발리도 소울의 한 흥으로 두 발을 바꿔 있다.
p24_u79,p24,ce1.0,"에이씨은 비씨가 돌프공위 집비위해 이랬과 떨어져 소문 연못정으로 행한 대로 말려하지 않았고, 안전 관리로 소울이 한 힘으로 두 발을 받고 있다."
p24_u79,p24,ce2.0,베이지은 빛이가 골프공을 줍기 위해 이런가 떨어져 숨은 연못 정도로 흥한데도 말려하지 않았고 반전 발리도 소울이 한 형이고 두 자를 받고 있다.
p24_u79,p24,ce5.0,에이즈는 비씨가 골프공을 줍기 위해 이랬과 떨어져 소위는 연못 정도로 상하는데도 말려하지 않았고 안전 관리도 소울이 한심이고 조사를 받고 있다.
p24_u79,p24,ce10.0,네이씨은 빅씨가 볼프공을 죽기 위해 이런가 떨어져 흥무 연못정으로 향하는 뱀도 말려하지 않았고 반전 관리도 흥무리한 혐의로 조사를 받고 있다.
p24_u80,p24,taps,앞서 경찰은 연못 주변에 오프리가 설치를 지않은 점 등 시설물 안전 조치가 충분하지 않았다며 골프장 안전 담당장 흥명인 입견에 조사하고
p24_u80,p24,ce0.0,앞서 경찰은 연못 주전에 울탈이가 설치되지 않은 점 등 시사임을 단전 소치가 충분하지 않았다며 글프장 안전 담당자 흥명의 입검에 조사하고 있다.
p24_u80,p24,ce0.1,앞서 경찰은 면무 주변에 의탈이가 설치를 지않은 점 드우 시상물 안전 조치가 충분하지 않았다며 글프장 안전 담당자 흥명의 의견에 조사하고 있다.
p24_u80,p24,ce0.5,"앞서 경찰은 면으로 주변에 의탈이가 설치를 지하는 점 등 시설물, 남자 조치가 친구나지 않았다며 골프장, 안전 담당사 혁명의 입견에 조사하고 있다."
p24_u80,p24,ce1.0,"앞서 경찰은 면모 주변에 이탈이가 설치되지 않은 점득, 시설물, 안전 조치가 충분하지 않았다며 골포장 안전 담당장 효형에 입건해 조사하게 있다."
p24_u80,p24,ce2.0,앞서 경찰은 연무 주변에 일탈이가 설치를 지않은 점 등 시선물 안전 조치가 충분하지 않았다며 골프장 안전 담당 후장 혁명을 입건에 조사하고 있다.
p24_u80,p24,ce5.0,앞서 경찰은 연못주견에 울탈이가 설치를 지않은 섬드 시설물을 단전 조치가 충분하지 않았다며 골포장 안전 담당자 한명을 입건해 조사하고 있다.
p24_u80,p24,ce10.0,앞서 경찰은 면모 주변에 의탈이가 설출하지 않은 점 등 시선물을 안전 조치가 충분하지 않았다며 그위포장 안전 담당호자 확명인 입건에 조사하고 있다.
p24_u81,p24,taps,"경찰은 골프 장매 사고 예방 도치가 전반적으로 소울했던 것으로 보고 중대 재회 처벌 법사, 중대 시민 재회당하는 며��를 강토하고 있다."
p24_u81,p24,ce0.0,경찰은 골프장내 사고 예방 소치가 전반적으로 소울했던 것으로 보고 중대 재회 처벌 법사 중대 시민 재회당하는 여부를 강토하고 있다.
p24_u81,p24,ce0.1,경찰은 글프장내 사고 예방 고치가 전반적으로 소울했던 벗으로 보고 중대 재회 처벌 법사 중대 신일 재회당하는 여부를 감토하고 있다.
p24_u81,p24,ce0.5,경찰은 골프장 내 사고 예방 보치가 전반적으로 소용했던 것으로 보고 중대 재회 처벌 법사 중대 시일 재회당하는 여부를 감토하고 있다.
p24_u81,p24,ce1.0,"경찰은 골프장 내 사고 예방 도치가 전반적으로 소울했던 벗으로 보고 중대 재회 처벌 법사, 중대 시민 재회 등하는 여부를 감토하고 있다."
p24_u81,p24,ce2.0,"경찰은 골프장래 사고 예방 구치가 전반적으로 수요했던 것으로 보고 중대 재회 처벌 법사, 중대 시민 재회당하는 여부를 검토하고 있다."
p24_u81,p24,ce5.0,"경찰은 골프장 내 사고 예방 부치가 전반적으로 소울했던 것으로 보고 중대 재회 처벌 법사, 중대 시민 재회장하는 여부를 감토하고 있다."
p24_u81,p24,ce10.0,"경찰은 골프장회 사고 예방 보치가 전반적으로 소울했던 벗으로 보고 중대 재회 처벌 법사, 중대 시민 재회장하는 여부를 감토하고 있다."
p24_u82,p24,taps,지난 4와 27일 5전 8시 51분쯤 전난눈 수선을 한 골프장에서 50대 여성 볼포가 유타리가 없는 연못에서 공을 주물려다 3m 깊이의 연못에 빠져 순졌다.
p24_u82,p24,ce0.0,"지난 4와 27일, 오전 8시 51분쯤 전남 순선의 한 고위프장에서 50대 여성 불포가 이타리가 없는 옆모습에서 공을 주물려다 30대 기피의 옆모습 빠져 숨졌다."
p24_u82,p24,ce0.1,지난 4월 27일 5전 8시 51분쯤 전난눈 순선의 한 구입부장에서 오스테 여성 필포가 유탈이가 없는 연못에서 공을 중유려다 30탈 기피의 연못에 빠져 수졌다.
p24_u82,p24,ce0.5,"지난 4와 27일, 5전 8시 51분쯤 전남 쓴산의 흔 글프장에서 옷대 여성 불포가 이탈가 없는 옆모습에서 공을 죽으려다 3m 비피의 옆모습 빠졌다."
p24_u82,p24,ce1.0,"지난 4월 27일, 5월 8시 51분쯤 전남 순선의 한 글프장에서 50대 여성 골포가 이탈이가 없는 옆모습에서 공을 중려다 1m 깊이에 옆모습 빠졌습니다."
p24_u82,p24,ce2.0,지난 4월 27일 5전 8시 51분쯤 전남 순선의 한 골프장에서 우스테 여성 골포가 이탄가 없는 옆모습에서 그을 중겨다 3위패 깊이의 옆모습 빠져불됐다.
p24_u82,p24,ce5.0,지난 4월 27일 5전 8시 51분쯤 전남 순선의 한 골프장에서 50대 여성 골포가 우탈이가 없는 연못에서 공을 중려다 3m 깊이의 연못에 빠졌음졌다.
p24_u82,p24,ce10.0,"지난 4월 27일, 5전 8시 51분쯤 전남 수선의 형굴육장에서 옷대 여성 굴코가 이탈가 없는 옆모습에서 공을 중려다 3m 깊이의 옆모습 빠졌을렸다."
p24_u83,p24,taps,총득 토지 주택공사가 우주택 세대 구성원이면 누구나 실천할 수 있는 전세형 수택 939호에 대한 청학 점수를 선식 1월부터 실시한다고 밝혔다.
p24_u83,p24,ce0.0,총조토지 주택공사가 우주택 세대 구성원이면 누구나 실청할 수 있는 전세형 주택 939호에 대한 청약 점수를 31월부터 실시한다고 밝혔다.
p24_u83,p24,ce0.1,26토지 조택공사가 무조택 세대 구상원이면 누구나 신상할 수 있는 전세형 수택 939호에 대한 청약 점수를 31월부터 실시한 당을 밝혔다.
p24_u83,p24,ce0.5,송직토지 주택공사가 모두택 세대 구성원이면 누구만 신청할 수 있는 전세형 수택 939호에 대한 청약 점수를 선식 1일 부터 실시한다고 밝혔다.
p24_u83,p24,ce1.0,전세형 주택 939호에 대한 청약 점수를 31일부터 실시한다고 달켰다.
p24_u83,p24,ce2.0,성립토지 주택공사가 모두택 세대 부서버니면 누구나 실청할 수 있는 전세형 주택 939에 대한 청약 점수를 37일부터 실시한다고 밝혔다.
p24_u83,p24,ce5.0,"전세형 주택, 939호에 대한 청약 점수를 31일부터 실시한다고 밝혔다."
p24_u83,p24,ce10.0,송국토지 주택공사가 무조택 세대 구성원이면 누구나 실청할 수 있는 전세형 수택 939에 대한 청학 점수를 상세 코롤부터 실시한 당을 밝혔다.
p24_u84,p24,taps,"전세형 주택은 시중 전세를 시세 80% 이하소즈닝, 인대율을 충대 80%까지 보두구구구로 초청해 2주자의 월 인대를 보담해 낮춘 인대 주택이다."
p24_u84,p24,ce0.0,전세형 주택은 시중 전세시세 80% 이하소주인 인데요들 최달 80%까지 고등국로 초정해 입주자의 월 인델을 부담해 낮춘 인데 주택이다.
p24_u84,p24,ce0.1,전세용 부택은 시중 전설 1380% 이하 소주님 인데요를 최대 80%까지 보둥금으로 책정해 입주자의 멀 인데를 부담을 낮춘 인데 주택이다.
p24_u84,p24,ce0.5,전세형 주택은 시둥 전세시세 80% 이하소주인 인내류를 최대 프로시포센트까지 고등공으로 촉정해 입주자의 월 인대를 부담을 낮추 인대 주택이다.
p24_u84,p24,ce1.0,전세형 두택은 실종 전세 실제 80% 위하 수준인 인대요를 최대 80%까지 보둔금으로 척정해 입주자의 월 인대류 부담을 낮추 인대 두택이다.
p24_u84,p24,ce2.0,전세형 주택은 시중 전세지세 80% 이하 수준인 인대요를 최대 80%까지 보둔 공으로 책정해 이슈자의 월 인대류 부담을 낮춘 인대 주택이다.
p24_u84,p24,ce5.0,전세왕 주택은 시중 전세 주세 80% 이하 수준인 인내육을 최대 80%까지 보둥둥으로 측정해 익주자의 월 인내육을 부담을 낮춘 인내육 주택입니다.
p24_u84,p24,ce10.0,전세형 주택은 시중 전세일 수세 80% 이하소 준윤인 인내육을 최대 80%까지 보둥긍으로 척정해 입주자의 월 인데류 부담을 낮춘 인대 주택이다.
p24_u85,p24,taps,"모 두택 세대 구성원 유권을 충족하는 갱회, 기본 4년, 이두 대기자가 없을 때, 2년 연장까지 가능해, 충장 6년 거주할 수 있는 것이 특징이다."
p24_u85,p24,ce0.0,"뭐 주택 세대 구성원 유권을 충족하는 경위에 기본 4년, 입주 대기자가 없을 땐 2년 연장까지 가능해 최장 6년 거주할 수 있는 것이 특징입니다."
p24_u85,p24,ce0.1,"무 두택 세대기사원 유권을 충족하는 경위에 기본 4년, 이 두 대기자가 없을 땐 2년 연장까지 가능해 최장 6년 거두할 수 있는 것이 특징이다."
p24_u85,p24,ce0.5,"뭐 주택세대 구상원 유권을 충족하는 경계, 기본 4년, 입투대기자가 없을 땐 2년 연장까지 가능해, 최장 6년 거두할 수 있는 것이 특징이다."
p24_u85,p24,ce1.0,모두 두텍 세대 구성원 묵건을 충득하는 경위에 기본 4년 입투대기자가 없을 땐 2년 연장까지 가능해 충장 6년 거두할 수 있는 것이 특징이다.
p24_u85,p24,ce2.0,무 주택 세대 구성원 요건을 충족하는 경위에 기본 4년 익주 대기자가 없을 땐 2년 연장까지 간내에 추장 6년 거주할 수 있는 것이 특징이다.
p24_u85,p24,ce5.0,"무, 주택, 세더, 구사문, 요건을 충족하는 경우에 기본, 사녀, 이슈, 대기자가 없을 땐 2년 연장까지 가능해 충장, 융연, 거주할 수 있는 것이 특징이다."
p24_u85,p24,ce10.0,"뭐 주택 세대 구성원 유권을 충족하는 경우에 기본 사녀, 입주 대기자가 없을땐 2년 연장까지 가능해 충장 6년 거두할 수 있는 것이 특징이다."
p24_u86,p24,taps,묵둔 마련의 어려운 경례는 보증금을 낮추고 월 인데료를에 높이는 보증금 전환 제도를 이용할 수 있다.
p24_u86,p24,ce0.0,묵도인 마련의 어려운 격내는 보증금을 낮추고 월 인데요리 높이는 보증금 전환 제도를 이용할 수 있다.
p24_u86,p24,ce0.1,묵둔 마련의 어려운 경우에는 보증금을 낮추고 월 인데료를 높이는 보증금 전환재들을 이장할 수 있다.
p24_u86,p24,ce0.5,목돈 마련이 어려운 경례는 보증금을 낮추고 월 인데요를 높이는 보증금 전환 제도를 이용할 수 있다.
p24_u86,p24,ce1.0,목돈 마련의 어려운 경면에는 보둥금을 낮추고 월 임대료를 높이는 보둥금 전환재료를 이용할 수 있다.
p24_u86,p24,ce2.0,목돈 마련이 어려운 경우에는 보중금에 낮추고 월 임대료를 높이는 보중금 전환재들을 이용할 수 있다.
p24_u86,p24,ce5.0,묶은 마련이 어려운 경우에는 보증금에 낮추고 월 인데료를 높이는 보증금 전환재들을 이용할 수 있다.
p24_u86,p24,ce10.0,묵둔 마련이 어려운 경례는 보증금을 낮추고 월 인데료를 높이는 보증금 전환재료를 이용할 수 있다.
p24_u87,p24,taps,이런의 공급하는 939은 건설 인대 주택 399호 메잎 인대 주택 540포로 서울의 밟경기 지역에 유치한다.
p24_u87,p24,ce0.0,일어낼 공급하는 939은 건설 인대 주택 399호 메인 인대 주택 540호로 사회 밀 경기 지역에 유치한다.
p24_u87,p24,ce0.1,"일어내에 공급하는 939은 건설 인대 주택 399, 메잎 인대 주택 540% 서울 및 경기 지역에 위치한다."
p24_u87,p24,ce0.5,이번에 붕급하는 939는 건설 인대 주택 399호 매일 인대 주택 540포로 서울길 경기 지역에 위치한다.
p24_u87,p24,ce1.0,이번에 공급하는 939는 건설 인대 주택 399호 메잎 인대 주택 540호로 파움을 및 경기 지역에 위치한다.
p24_u87,p24,ce2.0,이번에 공급하는 939는 건설임대 주택 399호 메잎임대 주택 540호로 서울 및 경기지역에 위치한다.
p24_u87,p24,ce5.0,이번에 공급하는 939은 건설 인대 주택 399호 매입 인대 주택 540호로 서울 및 경기 지역에 위치한다
p24_u87,p24,ce10.0,이번에 공급하는 939은 건설 인대 주택 399호 메잎 인대 주택 540호로 서울 및 경기지역에 위치한다
p24_u88,p24,taps,청약 수정은 LH 청약 센터소 페이지에서 이날부터 공급 권학병로 신청할 수 있으며 당천자는 계약 체결 후 내년 3월부터 입주할 수 있다.
p24_u88,p24,ce0.0,청약 순청은 LH 청약 센터 송태일시에서 이날부터 공급 권역 전로 신청할 수 있어요. 당천자는 계약 체결 후 내년 3월부터 입주할 수 있다.
p24_u88,p24,ce0.1,창약 수창은 LH 창약 센터홍 페이지에서 이날부터 궁극권학 전로 신청할 수 있으며 당첨자는 계약 체결 후 내년 3월부터 입주할 수 있다.
p24_u88,p24,ce0.5,청약 순청은 LH 청약 센터분 페인에서 이날부터 궁극권약별로 신청할 수 있으며 당첨자는 계약 체결 후 내면 3월부터 입주할 수 있다.
p24_u88,p24,ce1.0,청약 신청은 L.A.T. 청약센터 홈페이지에서 이날부터 공급권약걸로 신청할 수 있으며 장천자는 계약 체결 후 내년 3월부터 입주할 수 있다.
p24_u88,p24,ce2.0,청약 수청은 LH 청약센터 홈페인에서 이날부터 공급 권역별로 신청할 수 있구요. 당첨자는 계약 체계 후 내년 3월부터 입주할 수 있다.
p24_u88,p24,ce5.0,창약 신청은 LH 창약센터 홈페이지에서 이날부터 공급 권약 결로 신청할 수 있구요 장천자는 계약 체결 후 내년 3월부터 입조할 수 있다
p24_u88,p24,ce10.0,청약 신청은 mra7 청약센터 호세인에서 이날부터 궁극권약별로 신청할 수 있으며 당첨자는 계약 체계 후 내년 3월부터 입조할 수 있다.
p24_u89,p24,taps,경쟁이 발생하는 경우 소득 수전할 따른 수용도 당첨자를 선정하며 동일 수미에서는 전산 수첨 별과에 따른다.
p24_u89,p24,ce0.0,경쟁이 발생하는 경우 소득수송에 따른 손미도 당첨자를 선정하며 동일 송이에서는 전산 수첨 결과에 따른다.
p24_u89,p24,ce0.1,경쟁이 발생하는 경우 소득수술할 따른 순료로 당첨자를 선정하며 동일 순리에서는 전산 수첨 별과에 따른다.
p24_u89,p24,ce0.5,경쟁이 발생하는 경우 소득 수준한 다른 수능으로 당첨자를 선정하며 동일 수능에서는 전산 수첨 별과에 따른다.
p24_u89,p24,ce1.0,경쟁이 발생하는 경우 소득 수분에 따른 수류로 당첨자를 선정하며 동일 수류에서는 전산 추천 결과에 따른다.
p24_u89,p24,ce2.0,경쟁이 발생하는 경우 소득 수수나 다른 순리도 당첨자를 선정하며 도일 순리에서는 전산 수첨 결과에 따른다.
p24_u89,p24,ce5.0,경쟁이 발생하는 경우 소득 수준어 따른 소득 수준으로 당첨자를 선정하며 동일 승리에서는 전산 수첨 별과에 따른다.
p24_u89,p24,ce10.0,경쟁이 발생하는 경우 소득 수순낙 다른 순리로 당첨자를 선정하며 동일 순리에선을 전산 수첨 별과했다는다.
p24_u90,p24,taps,길거리에서 조그마한 강아지의 목줄을 줄어올려 공주해서 빙빙 빌리는 남산과 호빼방하던 자려전의 변황이 전해졌다.
p24_u90,p24,ce0.0,길거리에서 조그마한 강아지의 목줄을 들어 올려 공주해서 빙빙 빌릴런 남선과 확대 방하던 살려전의 근황이 전해졌다.
p24_u90,p24,ce0.1,길결 예선욱 조그마한 강아지의 목소리를 들어 올려 공주해서 빙빙 밸릴런 남자과 숫대당하던 자려전의 김왕이 전해졌다.
p24_u90,p24,ce0.5,길거리에서 조그마한 강아지의 목부를 들어 올려 공중에서 빙빙 돌리는 남성과 속대당하던 달려겐의 금환이 전해졌다.
p24_u90,p24,ce1.0,길거리에서 조그마한 강아지의 목들을 줄어올려 공중해서 빙빙이 던지는 남성과 속대 방하던 살려견을 근황이 잠해졌다.
p24_u90,p24,ce2.0,길거리에서 조그마한 강아지의 목소리를 들어올려 공중에서 빙빙 돌리는 남성과 속대당하던 반려전의 균황이 전해졌다.
p24_u90,p24,ce5.0,길거리에서는 조그마한 강아지의 목구를 들어올려 공중에서 빙빙 돌리는 남성과 흑대 방하던 살려전의 근황이 전해졌다.
p24_u90,p24,ce10.0,길거리에서 조그마한 강아지의 목소리를 들어 올려 공중에서 빙빙 돌리는 남성과 숙대 방하던 살려견의 변황이 참해졌다.
p24_u91,p24,taps,21동물권 산책 회원에 따르면 당하지 요요라는 불린 전살차이 말지적한 다룬과 새 과족을 찾았다.
p24_u91,p24,ce0.0,21동물권 산책회월에 따르면 다가지 요요라는 불린 손살차이 말집을 견따롱이가 셀 가지고 찾았다.
p24_u91,p24,ce0.1,21동물권 산책회에 따르면 강아지 요요라는 불린 순살차이 맑지질견 다룅이가 새 과족을 찾았다.
p24_u91,p24,ce0.5,20일 동물권 산책회에 따르면 당하지 요요사는 불린 순살차이 말집이던 다룬이가 새 과득을 찾았다.
p24_u91,p24,ce1.0,20일 동물권 산책 행위에 따르면 당하지 요요라는 불린 순살차이 말지 1년 다룬이가 셀 가득을 찾았다
p24_u91,p24,ce2.0,20일 동물권 산책회에 따르면 당하지 요요라는 불린 현실자리 맑지 3일 동물권 산책회에 따르면 당하지 요요라는 불린 현실자리 맑지
p24_u91,p24,ce5.0,20일 동물권 산책 해외에 따르면 강아지 요요사는 분리한 상살차이 맑힛을 견따롬해가 채과주고 찾았다.
p24_u91,p24,ce10.0,20일 동물권 산책 행어에 따르면 당하지 요요라는 불린 순살차의 말티수견 다룬과 철과족에 찾았다.
p24_u92,p24,taps,크마우는 지난 10일 구두한 자롱에 사연을 공개하고 전국에서 이병 신청을 받았다.
p24_u92,p24,ce0.0,그 원은 지난 10일 구두한 자롱에 사연을 공개하고 전국에서 이당 신청을 받았다.
p24_u92,p24,ce0.1,크면은 지난 10일 구두한 자롱이의 사연을 군개하고 전국에서 입양 신청을 받았다.
p24_u92,p24,ce0.5,그연은 지난 10일 구두한 다롱에 사용을 공개하고 전국에서 이량 신청을 받았다.
p24_u92,p24,ce1.0,케어는 지난 10일 구두한 다롱이에 사연을 공개하고 전국에서 이병 신청을 받았다.
p24_u92,p24,ce2.0,그 원은 지난 10일 구두한 발홍위에 사용을 공개하고 전국에서 일상 신청을 받았다.
p24_u92,p24,ce5.0,케어는 지난 13일 구두한 발홍에 사용을 공개하고 전국에서 입양 신청을 받았다.
p24_u92,p24,ce10.0,그연은 지난 10일 구조한 다롱에 사연을 공개하고 전국에서 이빵 신청을 받았다.
p24_u93,p24,taps,"약 90건의 신 전국, 다룬에게 가장 적합하다고 판단한 경기도 용은시에 사는 30대 부부에 지대 이경의 결정 있다."
p24_u93,p24,ce0.0,약 90건을 쓴 정돈. 다뤄옹에게 가장 적합하다고 판단한 경기부 용시에 사는 30대 불구해집에 이량이 결점했다.
p24_u93,p24,ce0.1,"약 90건을 쓴 정군, 자롱 예외 가장 적합하다고 판단한 경기빈의 영문시회 사는 30대 불부회집에 이량이 결정했다."
p24_u93,p24,ce0.5,"약 90건의 신정군, 다룬에게 가장 덕합하다고 판단한 경계를 용인시해 사는 30배 부위에 집에 이량을 결정했다."
p24_u93,p24,ce1.0,"약 90건의 신청군, 다룸 예배 가장 적합하다고 판단한 경기부 용민 씨의 사는 30대 부부의 집에 입양을 결정했다."
p24_u93,p24,ce2.0,"약 90건의 신청금, 다룬에게 가장 적합하다고 판단한 경기도 용인시에 사는 30대 부부의 집에 의왕을 결정했다."
p24_u93,p24,ce5.0,"약 50건의 신청구, 가롱에게 가장 적합하다고 판단할 경기도 용시의 산을 30대 부부의 집에 유량을 결정했다."
p24_u93,p24,ce10.0,"약 90건의 순정군, 다룬에게 가장 적합하다고 판단은 경기도 용인시회사는 30대 부부의 집에 입양을 결정했다."
p24_u94,p24,taps,"저흔 수택에 산고 있어, 다론가 마음껏 뛰어 놓을 수 있고, 기존에 키움을 다른 말티지 한 날이가 있어, 다론가 외롭지 않을 거라 풍단했다고 한다."
p24_u94,p24,ce0.0,"전 수택에 살고 있어, 다롱자 마음껏 뛰어 놓을 수 있고, 기존에 Tm은 다른 말티지 한날이가 있어, 다롱가 외롭지 않을 거라 편단했다고 한다."
p24_u94,p24,ce0.1,"저번 주택에 살고 있어, 다론가 마음껏 뛰어낼 수 있고, 기존의 킹은 다른 말티지 한날이가 있어, 다론가 외롭지 않을께라 편단했다고 한다."
p24_u94,p24,ce0.5,"저런 주택에 살고 있어, 다룬과 마음껏 뛰어날 수 있고, 기존에 킹을 다른 말티지 한 마리가 있어, 다룬과 외롭지 않을 거란 편단했다고 한다."
p24_u94,p24,ce1.0,"저는 주택에 살고 있어, 다론가 마음껏 찍어 놓을 수 있고, 기존의 키움은 다른 날티지 한반이가 있어, 다론가 외롭지 않을 거라 판단했다고 한다."
p24_u94,p24,ce2.0,"저런 수택에 살고 있어, 다룬과 마음껏 뛰어낼 수 있고, 기존의 퀵은 다른 말티즈 한간이가 있어, 다룬과 외롭지 않을 거란 판단했다고 한다."
p24_u94,p24,ce5.0,"저원 주택에 살고 있어, 다룬과 마음껏 뛰어낼 수 있고, 기존의 킹은 다른 말티즈 항만이가 있어, 다룬과 외롭지 않을 거라 판단했다고 한다."
p24_u94,p24,ce10.0,"저원 스펙에 살고 있어, 다룬과 마음껏 뛰어낼 수 있고, 기존에 푸운 다른 마이티즈 한 마리가 있어, 다룬과 외롭지 않을 거라는 편단했다고 한다."
p24_u95,p24,taps,"케어는 반려견을 맞지, 중랑밤처럼 다루는 동영상의 온라인의 확산하자, 서울, 인통부에 사는 남성 A 씨를 지난 11일 찾아갔다."
p24_u95,p24,ce0.0,태현은 반려견을 맞지 중랑밤처럼 다루는 동행상이 온라인의 확산하자 서울 임통구에 사는 남성 A 씨를 지난 11일 찾아갔다
p24_u95,p24,ce0.1,케어는 반려견에 맞지 정당감처럼 다루는 동영방향이 온라인의 흡산하자 서울 인평후에 사는 남성 A 씨를 지난 11일 찾아갔다
p24_u95,p24,ce0.5,태현은 반려견을 맞지 중랑밤처럼 다루는 동영상에 온라인의 흡산하자 서울 은평후에 사는 남성 A 씨를 지난 10일 찾아갔다
p24_u95,p24,ce1.0,태현은 반려견을 맞지 장난감처럼 다루는 동영광이 온라인의 확단하자 서울 임통구에 사는 남성 A 씨를 지난 10일 찾아갔다
p24_u95,p24,ce2.0,케어는 반려견을 맞지 중랑담처럼 다루는 동영상이 온라인의 흑삼하자 서울 인평부에 사는 남성 A 씨를 지난 11일 찾아갔다
p24_u95,p24,ce5.0,해완은 반려견에 맞히 중랑판처럼 다루는 동영방에 몰라인의 확상하자 서울 용평구에 사는 남성 A 씨를 지난 11일 찾아갔다
p24_u95,p24,ce10.0,퀴원은 반려견을 맞지 중앙감처럼 다루는 동영광이 온라인의 흑산하자 서울 임평후에 사는 남성 A 씨를 지난 11일 찾아갔다
p24_u96,p24,taps,에이씨은 크무침이 흑대 영상을 보여주자 허퍼 웃으며 앞에서 강아지를 등딩 돌리는 모습을 반복하기도 했다
p24_u96,p24,ce0.0,데이씨은 큰 춤이 흑대 영상을 보여주자 허허 웃으며 앞에서 강아지를 등딩 돌리는 모습을 반복하기도 했다
p24_u96,p24,ce0.1,A 씨는 큰 층이 흑대 영상을 보여주자 서서 웃으며 앞에서 강아지를 등뒹 돌리는 모습을 반복하기도 했다
p24_u96,p24,ce0.5,A 씨는 케무침이 흑댕 영상을 보여주자 허퍼 웃으며 앞에서 강아지를 등밀 돌리는 모습을 반복하기도 했다.
p24_u96,p24,ce1.0,네이씨은 캠칩을 확대 영상을 보여주자 허퍼 웃으며 앞에서 강아지를 등빙 돌리는 모습을 반복함이도 했다.
p24_u96,p24,ce2.0,데이씨은 큰 우측이 흡대 영상을 보여주자 허서 웃으며 앞에서 강아지를 등딩 돌리는 모습을 반복하기도 했다
p24_u96,p24,ce5.0,에이씨은 큰 측이 흑대 영상을 보여주자 호소 웃으며 앞에서 강아지를 빙빙 돌리는 모습을 반복하기도 했다
p24_u96,p24,ce10.0,에이씨은 퇴근퇴기 훅된 영상을 보여주자 소소모 웃으며 앞에서 강아지를 등빙 돌리는 모습을 반복하기도 했다
p24_u97,p24,taps,그야발동하들은 현시간 넘게 긴거리에서 A 씨가 개의 소유권을 푸소하도록 산뜩했고 결국 포비 값소를 받았다.
p24_u97,p24,ce0.0,크야 활동하들은 현시간 넘지에 긴거리에서 A 씨가 개의 소유권을 푸조하도록 할 듯했고 결국 포기 각수를 받았다.
p24_u97,p24,ce0.1,크리아 활동하들은 3시간 넘게 길거리에서 A 씨가 개소 후권을 풍부하도록 산뜩했고 결국 풍기 값소를 받았다.
p24_u97,p24,ce0.5,캐나 활동하들은 3시간 넘게 길거리에서 L시간 개의 소유권을 푸비하도록 살프했고 결국 포지 각수를 받았다.
p24_u97,p24,ce1.0,케어 활동하들은 1시간 넘게 길거리에서 에이씨과 계의 소루권을 푸소하도록 살펴갯고 결국 포기 각소를 받았다.
p24_u97,p24,ce2.0,그와 활동가들은 1시간 넘게 길거리에서 A 씨가 개의 솔루건을 푸소하도록 살짝했고 결국 폰시 각수를 받았다.
p24_u97,p24,ce5.0,퀴안 활동화 들은 실시간 넘게 긴거리에서 에이스가 개의 소른번에 폰히하도록 산뜻했고 결국 폰히 각수를 받았다.
p24_u97,p24,ce10.0,퇴한 활동아들은 현시간 넘게 긴거리에서 에이치가 개의 솔루건을 푸소하도록 설득했고 결국 폰비 각수를 받았다.
p24_u98,p24,taps,"한평, 코연은 레이씨의 동물 보호법, 위반 현구 경사를 신고했고, 서울, 은평경찰서를는 하물의 인정에 레이씨을 지날 14일, 검찰에 송치했다."
p24_u98,p24,ce0.0,한편 К회안은 A 씨를 동물 보호법법 리반한국 경찰에 신고했고 서울은 은탐 경찰서는 사물의 인정에 A 씨를 지날 14일 검찰에 성취했다
p24_u98,p24,ce0.1,한평 케어는 A3 동물 보호법 위반 현구 경사를 신고했고 서울눈평경찰서는 3월에 인정해 A4를 지날 14일 검찰에 성취했다.
p24_u98,p24,ce0.5,"한편 퀴원은 A 씨를 동물 보호법 위반 혐의도 경찰에 신고했고 서울, 은평경패서는 3일에 인정해 A 씨를 지난 14일 검사를 송치했다"
p24_u98,p24,ce1.0,한편 케어는 A 씨를 동물 보호법 위반 혐음도 강사를 신고했고 서울 은평강태선은 한월에 인정해 A 씨를 지날 14일 검사를 송치했다.
p24_u98,p24,ce2.0,"한평, 키원은 A 씨를 동물 보허법 위갈 혐의도 경찰에 신고했고 서울 은평 경태선은 3월에 인정해 A 씨를 지날 14일 검사를 송치했다."
p24_u98,p24,ce5.0,한편 폐은 A3 동물 보허법 위반 향국 경찰에 신고했고 서울은 음평강탈 에서는 3일에 인정해 4일 검찰에 성췌했다.
p24_u98,p24,ce10.0,"한평, 큰원은 A 씨로 동물 보허법, 미반 현구 경사를 신고했고, 서울, 은평 경태선은 3일에 인정해 A 씨를 지날 습타인, 검사를 송치했다."
p24_u99,p24,taps,"미국의 한 40대 남성리, 복권 3매 전문의 실수로 100만 달러에 당첨되는 행운을 인게 됐다."
p24_u99,p24,ce0.0,미국의 한 40대 남성형이 복검 상대 전문의 실수로 100만 달러에 당첨되는 행문에 인게 됐다.
p24_u99,p24,ce0.1,미국의 한 40대 남성이 복권 상대 전문의 실수로 100만 달러에 당첨되는 행운을 옮게 됐다.
p24_u99,p24,ce0.5,미국의 한 40대 남성이 복권 현매 전문의 실수로 백만단을 방선되는 행운을 인게 됐다.
p24_u99,p24,ce1.0,미국을 한 40대 남성이 복권 행매 전문의 실수로 100만 달날 당선되는 행운을 인계됐다.
p24_u99,p24,ce2.0,미국의 한 40대 남성이 복권 행례 전문의 실수로 100만 단어예 당첨되는 행운을 넘게 됐다.
p24_u99,p24,ce5.0,미국의 한 40대 남성이 복권 행례 전문의 실수로 100만 단어에 당첨되는 행운에 눈깨됐다.
p24_u99,p24,ce10.0,미극을 한 40대 남성훈이 복검 선물 전원의 실수로 100만 단어에 당수되는 행운에 옮겨됐다.
p26_u00,p26,taps,온라인에서 주식 투자 고중행세를 하던 30대 여성 166억 원을 가루챙 혐의를 실용을 받았다.
p26_u00,p26,ce0.0,온라인에서 주식 투자 고수행세를 하던 30대 여성 166억 원을 가루테일 혐의를 실용을 받았다.
p26_u00,p26,ce0.1,온라인에서 주식 투자 고수 행세를 하던 30대 여성이 160억 원을 가로챈 혐의를 실용을 받았다.
p26_u00,p26,ce0.5,온라인에서 20 투자 고수 행세를 하던 30대 여성이 160억 원을 가루템 혐의를
p26_u00,p26,ce1.0,온라인에서 20표자 고등행퇴를 하던 30대 여성 166억 원을 가로테인 혐의를 실용을 받았다.
p26_u00,p26,ce2.0,온라인에서 주식 투자 고수 행세를 하던 30배 여성이 260억 원을 가로탱 혐의로 수영을 받았다.
p26_u00,p26,ce5.0,온라인에서 20표자 고수행퇴를 하던 30대 여성 166억 원을 가로채의 혐의를 실용을 받았다.
p26_u00,p26,ce10.0,블라일에서 20 투자 고중행세를 하던 30대 여성이 160억 원을 가루탱 혐의를 수용을 받았다.
p26_u01,p26,taps,11일 법주에 등에 따르면 대기지법은 이날 특정 경제 범죄 가진 처벌에 관한 범죄 이반등의 혐의로 기소된 H.A.B.의 진력 팔려낼 선고했다.
p26_u01,p26,ce0.0,히비를 법조에 대해 따르면 대기지법은 이날 특정 경제범죄 가진 처벌에 관한 범위를 이반더니 혐의로 기소된 ACE에 대해 징역 8년을 선고했다.
p26_u01,p26,ce0.1,11일 법 2개 등에 따르면 백유지법은 이날 특정 경제 범죄 가증 처벌에 관한 범죄 일반 등의 혐의를 기소된 lcab 징역패련을 선거했다.
p26_u01,p26,ce0.5,11일 법조게든에 따르면 대기지법은 이날 특정 경제범죄 가진 처벌에 관한 법률 위반되는 현배로 기소된 LCLB 진력팔려면 선거했다
p26_u01,p26,ce1.0,11일 법조에 대해 따르면 대구지법은 이날 특정 경제 범죄 가중 처벌에 관한 법률 위반들이 혐의로 기소된 100시에 비해 징역 8년을 선거했다
p26_u01,p26,ce2.0,11일 법 2개 등에 따르면 대구지법은 이날 특정 경제 범죄 가중처벌에 권한 법률 위반 등의 혐의로 지소된 AC에게 징역 8년을 선고했다.
p26_u01,p26,ce5.0,11일 법 두 개에 따르면 대구지법은 이날 특정 경제 범죄 가증 처벌에 관한 범죄 위반 등의 혐의로 기소된 A.C. 앱의 징역 8년을 선거했다.
p26_u01,p26,ce10.0,11일 법 두 개에 따르면 대구지법은 이날 특정 경제 범죄 가중 처벌에 관한 범죄 위반 등의 혐의로 기소된 ACEF의 징역 8년을 선고했다.
p26_u02,p26,taps,지난 2011년 3월부터 AC는 자신의 SNS에 수백만 원에서 수천만 원에 달하는 순위계로 얻은 사진을 호희로 올렸다.
p26_u02,p26,ce0.0,지난 2015년 3월부터 AC는 자신 SNS에 수백만 원에서 수천만 원에 달하는 수익계로 얻은 사진을 허위로 올렸다.
p26_u02,p26,ce0.1,지난 2015년 3월부터 A 씨는 자신 SNS에 수백만 원에서 수천만 원에 달하는 순익을 얻은 사진을 호희로 올렸다.
p26_u02,p26,ce0.5,지난 2011년 3월부터 A 씨는 다시 내 SNS에 수백 문원에서 수빵만원에 달하는 수익을 얻은 사진을 호희로 올렸다.
p26_u02,p26,ce1.0,지난 2015년 3월부터 AC는 자신의 SNS에 수백문원에 더 수천마론에 달하는 중이 끌어든 사진을 허위로 올렸다.
p26_u02,p26,ce2.0,지난 2011년 3월부터 AC는 자신의 SNS에 수백문원에서 수천만원에 달하는 수익을 얻은 사진을 호희로 올렸다.
p26_u02,p26,ce5.0,"지난 2011년 1000월부터 A.G.는 자신의 S.N.S.래 10,000만 원에 달하는 수익에 얻은 사진을 호희로 올렸다."
p26_u02,p26,ce10.0,지난 2015년 3월부터 A.C.는 자신의 SNS에 수빵문원에서 수천만원에 달하는 수익을 얻은 사진을 호의로 올렸다.
p26_u03,p26,taps,또 고급 외제차 명품 등의 사진을 올리며 호화생활을 하는 이미지를 쌓아 투자대 자 사이에서 신의 탓잼이라고 불리기도 했다
p26_u03,p26,ce0.0,또 고급 예제차 명품 등의 사진을 올리며 호화생활의 하늘 이미지를 쌓아 투자대 자 사이에서 신의 타점이라고 불리기도 했다
p26_u03,p26,ce0.1,또 고급 외제차 명품 등의 사진을 올리며 호화생활을 하는 이미지를 싹 투자들 짜 사이에서 신의 탓점이라고 불리기도 했다
p26_u03,p26,ce0.5,또 고급 외제차 명품 등의 사진을 올리며 호화생활의 하늘 이미지를 쌓아 투자 뵙자 사이에서 신을 타끔이라고 불리기도 했다.
p26_u03,p26,ce1.0,또 고급 매제차 명품들에 사진을 올리며 호화생활을 하는 이미지를 싹 투데베 자 사이에서 신의 타템이라고 블랙이도 했다
p26_u03,p26,ce2.0,또 고급 회재차 명품 등의 사진을 올리며 호화생활을 하는 이미지를 싹 투자 등 자 사이에서 신의 탁정이라고 불리기도 했다.
p26_u03,p26,ce5.0,또 고급 외제차 명폼 등의 사진을 올리며 호화생활의 하늘 이미지를 쌓아 투자들 자 사이에서 신의 타퍸이라고 불리기도 했다
p26_u03,p26,ce10.0,또 고급 외제차 명폼 등의 사진을 올리면 호화생활에 하는 유니지를 싹 투답자 사이에서 신의 탁점이라고 불리기도 했다.
p26_u04,p26,taps,A 씨는 주시 투자 명목으로 투자자 44명을 모아 161억 원을 가로채고 투자 강연 명목으로 153명으로부터 5억이게 워낄 받은 혐의로 대판에 넘겨졌다.
p26_u04,p26,ce0.0,A 씨는 주십 투자 명목으로 투자자 43명을 모아 161억 원을 가로채고 투자 강연 명목으로 153명으로부터 5억 이겨 워낄 받은 혐의로 대판에 넘겨졌다.
p26_u04,p26,ce0.1,A 씨는 20 투자 명목으로 투자자 43명을 모아 161억 원을 가로채고 투자 강연 명목으로 153명으로부터 5억 기계 원을 받은 힘을 재판에 넘겨졌다.
p26_u04,p26,ce0.5,A 씨는 주식 투자 명목으로 투자자 43명을 모아 161억 원을 가로채고 투자 강연 명목으로 153명으로부터 5억여 원을 받은 혐의로 재판에 넘겨졌다.
p26_u04,p26,ce1.0,A 씨는 중식 투자 명목으로 투자 43명을 모아 161억 원을 가로채고 투자 강연 명목으로 153명으로부터 5억여 원을 받은 힘으로 재판을 넘겨줬다.
p26_u04,p26,ce2.0,A.C.는 주식 투자 명목으로 투자자 43명을 모아 161억 원을 가로채고 투자 강연 명목으로 153명으로부터 5억이 더 원을 받은 힘으로 재판에 넘겨졌다.
p26_u04,p26,ce5.0,데이시는 주시 푸자 명목으로 투자자 43명을 모아 161억 원을 가로채고 투자 강연 명목으로 153명으로부터 5억여 원을 받은 혐의로 재판에 넘겨졌다.
p26_u04,p26,ce10.0,A.C.는 20 투자 명목으로 투자자 43명을 모아 161억 원을 가로채고 투자 강연 명목으로 133명으로부터 5억 이겨 원을 받은 혐의로 대판을 넘겨졌다.
p26_u05,p26,taps,재판부는 피가 있는 준식 투자 등에 일지하는 것처럼 투자 수익과 장고진 영등에 조작한 호이제를 대발반들어 피해자들을 소개했다며 진약 8년을 선고했다.
p26_u05,p26,ce0.0,재판부는 피고에는 주시프자 능력이 지연한 것처럼 투자 수익과 장고진 내용 등을 조작한 호이자리제를 만들어 피해자들을 소개했다며 진약 8년을 선고했다.
p26_u05,p26,ce0.1,재판부는 피계인은 증시프자 능력이 뛰어난 것처럼 투자 수익과 장고 직룡맹을 주작한 호이자리제를 만들어 피해자들을 수겠다며 진약 8년을 선고했다.
p26_u05,p26,ce0.5,재판부는 피고에 있는 주식 투자 능력이 뛰어난 것처럼 투자 수입과 장고 직명 등을 주닿한 호이세리들 만들어 피해자들을 수겠다며 징역 8년에 선고했다.
p26_u05,p26,ce1.0,재판부는 피고인 20프다 내리지않은게처럼 투자 수입과 장고직릉뱅을 주작한 호일자리들 만들어 피해자들을 수겠다며 징역 8년을 선고했다.
p26_u05,p26,ce2.0,재판부는 피고인 주식 투자 능력이 뛰어놓은 것처럼 투자 수입과 장고 증명 등을 주작한 호이자리를 만들어 피해자들을 숙였다며 징역 8년을 선고했다
p26_u05,p26,ce5.0,제 판부는 피곤에는 중식 투자 능력이 뛰어넘기업처럼 투자 시일과 장고직 명등을 주작한 호의자리지를 만들어 피해자들을 소개했다며 진역 8년을 선고했다.
p26_u05,p26,ce10.0,재판부는 피고 있는 주식 투자 능력이 씌어놓은 것처럼 투자 수입과 장고직 명등을 조작한 호위자리를 만들어 피해자들을 소개했다며 징역 8년에 선고했다.
p26_u06,p26,taps,"양흥에 대해서는 다소의 피해져리를 언벌을 타놓는 점, 범행을 부인하고 잘못에 대해 진지한 반성의 태도를 보이지 않는 점 등에 종합했다고 설명했다."
p26_u06,p26,ce0.0,양형에 대해서는 다소의 키해져리를 엄벌을 타놓는 점 범행을 부인하고 잘못에 대해 진지한 반성의 태도를 부이지 않는 점 등에 종합했다고 설명했다.
p26_u06,p26,ce0.1,"양홍우 대회 범은 다소의 피해서들이 엄버를 타놓는 점, 범행을 부인하고 잘못에 대해 진지한 반성의 태도를 보이지 않는 점 등을 종합했다고 설명했다."
p26_u06,p26,ce0.5,양형의 대회에서는 다소의 피해서들이 엄벌을 타문하는 점 범행일 부인하고 잘못에 대해 진리한 반성의 패두를 보이지 않는 점 등을 조합했다고 설명했다.
p26_u06,p26,ce1.0,양흘 대의 범인 다소의 피해서들이 엄벌을 타놓은 점 범을 부인하고 잘못해 대해 진지한 반상의 태도를 보이지 않는 점 등에 종합했다고 설명했다.
p26_u06,p26,ce2.0,양흥회 대해선은 다소의 피해서들이 엄벌을 타눈하는 점 범행을 부인하고 잘못에 대해 증기한 반상의 태도를 보이지 않는 점 등을 종합했다고 설명했다.
p26_u06,p26,ce5.0,양홍의 대해선은 다소의 피해서들이 엄버를 타놓은 점 범행을 부인하고 잘못에 대해 준비한 반상의 태도를 보이지 않는 점 등에 종합했다고 설명했다
p26_u06,p26,ce10.0,양홍의 대해섬은 다소의 피해서들이 엄벌을 타놓는 점 범행을 부인하고 젊었을 때 진기한 반성의 태도를 보이지 않는 점 등을 종합했다고 설명했다
p26_u07,p26,taps,또 형사 배상 내 인형에 신청한 피해자 8명의 요구를 받아들여 A 씨에게 최소 1000만 원에서 최대 1억 원까지 배상하일 것을 명령했다
p26_u07,p26,ce0.0,또 현서 배상 내용을 신청한 피해자 8명의 요구를 받아들여 LC에게 최소 1000만원에서 최대 1억 원까지 배상할 것을 명령했다
p26_u07,p26,ce0.1,또 행사 재상량 인형을 신청한 퀴자 8명의 얼굴을 받아들여 AC에게 최소 1000만 원에서 최대 1억 원까지 배상하일 것을 명령했다
p26_u07,p26,ce0.5,또 현사 배상 명령을 신청한 피해자 8명의 의구를 받아들여 AC에게 최소 천만원에서 최대 1억 원까지 배상할 것을 명령했다.
p26_u07,p26,ce1.0,"음, 형사 배상 내 인형에 신평한 피해자 여델문의 의구를 받아들여 엑시에게 최소 천만원에서 최대 1억 원까지 배상할 것에 명령했다"
p26_u07,p26,ce2.0,또 손서 배상 영향을 신청한 피해자 8명의 요구를 받아들여 A 씨에게 최소 1000만 원에서 최대 1억 원까지 배상할 것을 영향했다.
p26_u07,p26,ce5.0,또 형사 배상 내용을 신청한 피해자 8명의 응구를 받아드려 A 씨에게 최소 천만 원에서 최대 1억 원까지 배상할 것을 명령했다
p26_u07,p26,ce10.0,또 행사 배상 명령을 신청한 피해자 8명의 우구를 받아들여 A 씨에게 최소 천문원에서 최대 1억 원까지 배상할 것을 명령했다.
p26_u08,p26,taps,신객사회 공원재단이 전복창수겐 지행인들을 대상으로 이를봉사를 실시했다고 29일 밝혔다.
p26_u08,p26,ce0.0,흰액 차회 공원재단이 전북창수겐 지행인들을 대상으로 의료 군사를 실시했다고 29일 발표했다.
p26_u08,p26,ce0.1,신혁상의 공원재단이 전복창수겐 지형님들을 대상으로 의리빵사를 실시했다고 29일 밝혔다.
p26_u08,p26,ce0.5,현력사회 공원재단이 전복창수근 지영인들을 대상으로 의류붕새를 실시했다고 29일 9일 5일 됐다
p26_u08,p26,ce1.0,신역사회 공원재단이 전북창수겐 지행인들을 재상으로 의료군파를 실시했다고 29일 밝혔다.
p26_u08,p26,ce2.0,신협사회 공원재단이 전북창수근 지역민들을 대상으로 의료분사를 실시했다고 29일 신협사회 공원재단이 전북창수근 지역민들에게는
p26_u08,p26,ce5.0,생협사회 공원재랑이 전북창을 수근 지영인들을 대상으로 의료 분사를 실시했다고 29일 밝혔다.
p26_u08,p26,ce10.0,생력사회 공원재단이 전복 장우수근 지영민들을 대상으로 의료 공사를 실시했다고 29일 밝혔다.
p26_u09,p26,taps,지난 25일부터 이날까지 진행된 이번 의료봉사는 무공화 신혁이 주관하고 희녹중앙회와 희녹사회 공원재당의 후원 병에 대해 의료봉사단핑댑회가 험림하는 사업이다.
p26_u09,p26,ce0.0,지난 25일부터 이날까지 지내된 이번 의료봉사는 무공화 신혁이 주관하고 퓨력중앙에와 퓨력 사회 공원 제당의 후원 병에 대해 의료볼 바단풍백할 협력하는 사업이다.
p26_u09,p26,ce0.1,지난 25일부터 이날까지 진행된 이번 의료봉사는 무공화 신협이 주관하고 신협중앙에와 신혁사회 공원재단의 후원 병에 대해 의료봉사단 핑크페가 협력하는 사업이다.
p26_u09,p26,ce0.5,지난 25일부터 이날까지 비내된 이번 의료봉사는 무공화 신협이 주관하고 신협중앙회와 신협사회 공원재단이 후원 병에 대해 의료봉을 가담치입배가 협력하는 사업이다.
p26_u09,p26,ce1.0,지난 25일부터 이날까지 지내된 이번 의료봉사는 무게화 신협이 주관하고 신협중앙에와 취업사회 공원재당의 후원 병에 대해 의료봉사단 핑익배가 협력하는 사업이다.
p26_u09,p26,ce2.0,지난 25일부터 이날까지 진행된 이번 의료봉사는 무궁화 신협이 주관하고 신협중앙에와 신협사회 경원재단의 후원 경의대 의료봉사단 풍육비가 협력하는 사업이다.
p26_u09,p26,ce5.0,"지난 25일부터 이날까지 비내된 이번 의료 봉사는 무거워 신협이 주관하고 신협중앙에 와 신협사회 공원재단의 후원, 경혜대 의료별 바담폭대가 협력하는 사업이다."
p26_u09,p26,ce10.0,"지난 25일부터 이날까지 진행된 이번 의료봉사는 무공화 신경이 주관하고 신협중앙회와 신협사회 공원재단의 후원, 경혜대 의료봉사단 풍급자가 협력하는 사업이다."
p26_u10,p26,taps,무궁화심의 민지검과 덩혜대 의료권사단은 총출시되명의 분사자가 창의해 장수근 지향인 약 1000명을 대상으로 무료 진료를 제공했다.
p26_u10,p26,ce0.0,무부화심의 민직원과 동의대 의료고회사단은 총툴 시제명의 분사자가 창요해 장수근 지애인인 약 1000명을 대장으로 무려 진료를 제공했다.
p26_u10,p26,ce0.1,"무공하시며 민지검과 경의대 의료별사단원 충 70여 명의 분사자가 창요에 장수근 지영인님 약 1,000명을 대방으로 무료 진료를 제공했다."
p26_u10,p26,ce0.5,"무공하시며 민직원과 병에 대해 의료를 하다는 총 70여 명의 분사자가 창요해 장수근 지영인의 약 1,000명의 대방으로 무례 빌려를 제공했다."
p26_u10,p26,ce1.0,"무궁하시며비는 직원과 경의대 의료부회사단은 총 70여 명의 분사자가 창요해 방수근 지연인 약 1,000명을 대당으로 무료 진료를 제공했다."
p26_u10,p26,ce2.0,무궁화 시력이 임직원과 경의대 의료 보호사단원 총 70여 명의 분사자가 창여해 상수건 비영댕 약 1000명을 대상으로 무료 빌려를 제공했다.
p26_u10,p26,ce5.0,무궁화신녀 미윤 직원과 병에대 의료부사단원 총 70별명의 분사자가 작년에 장수근 비영행 약 1000명을 대강으로 무료 진료를 제공했다.
p26_u10,p26,ce10.0,무공화신료 민직원과 정의대 의료 보호사단원 총 70여 명의 분사자가 작년에 장수근 지영린 약 1000명을 대상으로 무료둘료를 제공했다.
p26_u11,p26,taps,"외과 친구과 보안을 간혹과 중애의 과정이 총 8개 파트에서 침, 보안, 뜸, 칠리, 예행치료, 침희미, 불매음질치료, 페이핑, 윗띵, 마치명인 침료와 처방을 진행했다."
p26_u11,p26,ce0.0,"외과 친구과 보안 간혹과 중애일과 등이 총 8개 파트에서 침, 부항, 뜸, 치료, 내의 지료, 치료, 치료, 불명질, 치료, 페이픽, 육법 등 마침 형의 진료와 처방을 진행했다."
p26_u11,p26,ce0.1,"외과 친구과 보안 간혹과 중애일 과정이 총 8개 파트에서 침, 부항, 뜸, 칠린, 여행 치료, 친빌미, 불면엄짤 치료, 페이핑, 윗법띵, 맞춤형 침료와 처방을 진행했다."
p26_u11,p26,ce0.5,"외과 침대과 보안 간혹과 주민과 등 8개 파트에서 침부 항듬, 치료, 외형 치료, 치료, 치료, 치료, 볼명질 치료, 페이핑 위법 등 맞춰명인 침료와 처방을 진행했다."
p26_u11,p26,ce1.0,"웹과 칭객과 보안 간혹과 중일과 등 충 8개 파트에서 칭 보안, 뜸, 치료, 외형 치료, 칭을 및 불면질 치료, 페이핑 육박 등 마추면의 침료와 처방을 진행했다."
p26_u11,p26,ce2.0,"외과 친구과 보안 간혹과 중애일과 등 총 8개 파트에서 체륨, 보안 간혹과 중애일과 등 총 8개 파트에서 체륨, 보안 간혹과 중애일과 등 총 8개 파트에서"
p26_u11,p26,ce5.0,"외과 침격과 보안 간혹과 중애의 과정 총 8개 파트에서 침 보안, 뜸, 치료, 내연치료, 침앤의 불멸음질 필요, 펠핑 윗박 등 맞추면 침료와 처방을 진행했다."
p26_u11,p26,ce10.0,"외과 친구과 부안을 간혹과 중일과 등 총 8개 파트에서 친 부안홉듬, 치료, 외용치료, 친흥의 불매홉질을 치료, 펠핑 육박 등 맞추면 후춘료와 처방을 진행했다."
p26_u12,p26,taps,신협사회 공원재단은 2012년부터 인위에 인간 도서상관 등 의료 접근성의 낮은 취약지역 내 지민을 대상으로 학회와 동계 연 2세 한 방 의료봉사 사업을 실시하고 있다.
p26_u12,p26,ce0.0,기념사회 공원재단은 2010년부터 유미연관 도서상관 등 의료 접근성에 낮은 시약지역 내 지민의 대상으로 사계와 동계 연 2세 한 방 의료봉사 수업을 실시하고 있다.
p26_u12,p26,ce0.1,신혁 사회 공원재단은 2011년부터 6년간 도서상관 등 의료 접근성이 낮은 시혁지역 내 지민의 대상으로 하계와 동계 연입회 함당 의료공사 사업을 실시하고 있다.
p26_u12,p26,ce0.5,신협사회 공원재단은 2020년부터 6년간 2서 상관 등 의료 접근성에 낮은 시역지역 내에 지민을 대상으로 학회와 동계 연 2세 한 방 의료 공사 사업을 실시하고 있다.
p26_u12,p26,ce1.0,신협사회 공원재단은 2020년부터 6년간 도서 상관대 의료 덮근소에 낮은 시혁지영은의 지민을 대상으로 학회와 동계 연 2세 한방 의료봉사 사업을 실시하고 있다.
p26_u12,p26,ce2.0,신협사회 공원재단은 2011년부터 6회용 간 도서 상관 등 의료 접근성의 낮은 지역지역 지역 내 지민의 대상으로 학회와 동계 연 2세 현당 의료봉화 사업을 실시하고 있다.
p26_u12,p26,ce5.0,신협사회 공원재단을 2010년부터 6회용간 도서상관 등 의료 접근소에 낮은 시각지형은의 준비를 대상으로 학회와 동계 연 2세 함당 의료봉사 사업을 실시하고 있다.
p26_u12,p26,ce10.0,신협사회 공원대단은 2017년부터 6년간 2서정관 등 의료 접근성이 낮은 지역지역 내에 지미낼 대상으로 학회와 동계 연 2세 한방 의료공사 사업을 실시한 거 있다.
p26_u13,p26,taps,"현재까지 전국 시리게 기억내, 이를 치약했지 1만 폰 173명에게 다양한 무료 한방 진리를 대공했다."
p26_u13,p26,ce0.0,현재까지 전국 시리게 지역 내 1위 치약 개최 1만 폰 173명에 대해 발환 주료 한당 진리를 배공했다.
p26_u13,p26,ce0.1,현재까지 전국 시리게 비엉네 이루치였겠지 1만 173명에게 다양한 무료 한당 직료를 대공했다.
p26_u13,p26,ce0.5,현재까지 전국 시립의 지역 내 우렁시역 개최 1만 173명에게 다양한 무료 한방 진료를 제공했다.
p26_u13,p26,ce1.0,현재까지 전국 12개 지역원에 우려치역 개최 1만 톤 173명에게 다양한 무료 한방 진료를 배고했다.
p26_u13,p26,ce2.0,현재까지 전국 12개 주영원에 우려치역 개쵠 1만 173명에게 다양한 무료 흔방 진료를 제공했다.
p26_u13,p26,ce5.0,현재까지 전국 시리게 지형원에 우려치였겠지 1만 톤 173명에게 다룬한 무료 함당 젤료를 제공했다.
p26_u13,p26,ce10.0,현재까지 전국 12개 지역래 우려 지역 개쵠 1만 173명에게 다양한 무료 한봉 진료를 제공했다.
p26_u14,p26,taps,공의대 유료 봉사단과 심입 인지권으로 구정된 총 600채명의 다음 봉사자가 참여했다.
p26_u14,p26,ce0.0,동의대 유리 봉사단과 신입 인지권으로 구정된 충립백 K명의 과원 봉사자가 참여했다.
p26_u14,p26,ce0.1,경의대 유료 봉사단과 신협 인지권으로 구정된 충립백 7명의 자원 봉사자가 참여했다.
p26_u14,p26,ce0.5,경의대 유료 봉사당과 심협 임직원회력 구정된 충 617명의 다음 봉사자가 참여했다.
p26_u14,p26,ce1.0,경의대 유료 봉사당과 신협 임직원회로 구정된 충 670의 자원 봉사자가 참여했다.
p26_u14,p26,ce2.0,경의대 유리 봉사당과 신협 임직원으로 구정된 총 607명의 자원 봉사다가
p26_u14,p26,ce5.0,경의대 유류 봉사당과 신협 인지권으로 구성된 총 60010명의 다음 봉사자가 착용했다.
p26_u14,p26,ce10.0,경리대 1위 봉사당과 신협 인지권으로 구정된 총 607명의 전 봉사자가 참여했다.
p26_u15,p26,taps,베이징 동계올링픽 개막을 하러 앞둔 가운데 베이징 흰 치고 삭진자가 날째 한자리스를 기르켰다
p26_u15,p26,ce0.0,베이징 분개홀림픽 개막을 하러 앞둔 가운데 베이징 흔축어 석진자가 날째 한자리스를 기르겠다
p26_u15,p26,ce0.1,베이징 분계올림픽 개막을 하러 왔던 가운데 베이징 흰추가 석진자가 날째 한다리스를 기르겠다.
p26_u15,p26,ce0.5,베이비인 붕괴 울림픽 개막을 하러 왔던가운데 베이비인 치고 학진자가 날째 한다리수를 기록했다.
p26_u15,p26,ce1.0,베이징 불계올림픽 개막을 하러 왔던가운데 베이징은 치고 학진대가 날쯤 한 달이 줄을 기록했다.
p26_u15,p26,ce2.0,베이징 둥개올링팩 개막을 하러 없던가운데 베이징은 추고 석진자가 날째 한 달이 줄을 기르겠다.
p26_u15,p26,ce5.0,베이징 불계올링픽 개막을 하러 앞둔 가운데 베이징은 축원학진자가 나을 제 한다리수를 기록했다.
p26_u15,p26,ce10.0,베이징 동계올림픽 개막을 하러 왔던가운데 베이징은 추가 확진자가 나을 때 한다리수를 기록했다.
p26_u16,p26,taps,3월 중국 국가위생의 건강위원회에 따르면 전날 하루 베이징에서는 추가 혹진자 2명의 발생했다.
p26_u16,p26,ce0.0,3월 중국 국가 위생의 건강위원회에 따르면 전날 하루 베이지에서는 추격업진자 조명이 발생했다.
p26_u16,p26,ce0.1,3월 중국 국가기생의 건강위원회에 따르면 전날 하루 베이비에서는 추가 옵진자 주명이 발생했다.
p26_u16,p26,ce0.5,3일 중국 국가 위생 건강위원회에 따르면 전날 하루 베이딩에서는 추가 확진자 2명기 발생했다.
p26_u16,p26,ce1.0,3일 중국 국가기생 건강위원회에 따르면 전날 하루 베이디에서는 추가 확진자 2매일 발표했다.
p26_u16,p26,ce2.0,3일 중국 국가위생 건강위원회에 따르면 전날 하루 베이딩에서는 추가 속진들 2명이 발생했다.
p26_u16,p26,ce5.0,3일 중국 국가위생 건강위원회에 따르면 전날 하루 베이지에서는 추가 확진자 2매이 발생했다.
p26_u16,p26,ce10.0,3일 중국 국가위생 건강위원회에 따르면 전날 하루 베이징에서는 추가 확진자 2명이 발생했다.
p26_u17,p26,taps,"베이징에서는 지난달 30일 확진자 3명이 발생한 일에 31일 2명, 2월일 2명, 2일 2명 등 나할 때 추가 확진자 수가 크게 늘지 않고 있다."
p26_u17,p26,ce0.0,"베이징에서는 지난달 30일, 확진자 3명이 발생한 일에 31일 2명, 2월일 2명, 2일 2명 등 나할째 추가 확진자 수가 크게 늘지 않고 있다."
p26_u17,p26,ce0.1,"베이딩에서는 지난달 30일 확진자 3명이 발생한 일에 31일 2명, 2월일 2명, 2일 2명 등 나할 때 추가 확진자 수가 크게 늘지 않게 있다."
p26_u17,p26,ce0.5,"베이징에서는 지난달 30일 확진자 3명이 발생한 일에 31일 2명, 2월일 2명, 1일 2명 등 나할 때 추가 확진자 수가 크게 늘지 않고 있다."
p26_u17,p26,ce1.0,"베이징에서는 지난달 30일 학준다 3명이 발생할 일에 31일 2명, 2월일 2명, 2일 2명 등 나할 때 추가 학준 선수가 크게 늘지 않고 있다."
p26_u17,p26,ce2.0,"베이징에서는 지난달 30일 확진자 3명이 발생한 일에 31일 2명, 2월일 2명, 2일 2명 등 나할째 추가 확진자 수가 크게 늘지 않고 있다."
p26_u17,p26,ce5.0,"베이징에서는 지난달 30일 확진다 3명이 발생한 이래 32일 2명, 2월 이래 2명, 2일 2명 등 나 헬재추가 확진서수가 크게 늘지 않고 있다."
p26_u17,p26,ce10.0,"베이징에서는 지난달 30일 확진자 3웅 발생한 일에 31일 2명, 2월일 2명, 2일 2명 등 나할 때 추가 확진자 수가 크게 늘지 않고 있다."
p26_u18,p26,taps,베이징실 당은국은 추가 확진자 모두 직진 정리지에 대해서 나왔다면서 중상력이 가벼운 경증 환자들이라고 설명했다.
p26_u18,p26,ce0.0,베이징 씨 당국은 추가 확진자 모두 직진 성리지에 대해서 나왔다면서 진상의 피해 가면 경제 현자들이라고 설명했다.
p26_u18,p26,ce0.1,베이댄실 당은국은 추가 확진자 모두 집중 정리지에 대해서 나왔다면서 중상역시 가벼운 경쟁 훈자들이라고 설명했다.
p26_u18,p26,ce0.5,중상 역시 가벼운 병증 환자들이라고 설명했다.
p26_u18,p26,ce1.0,백신실 당국은 추가 확진자모두 집중생리지에 대해서 나왔다면서 중상 역시 가벼운 경증 흔다들이라고 설명했다.
p26_u18,p26,ce2.0,베이징 씨 덩국은 추가 확진자 모두 집중성 리드역에서 나왔다면서 중상 역시 가면 경증 환자들이라고 설명했다.
p26_u18,p26,ce5.0,베이징실 더웅국은 추가 확진자 모두 집중 병리지에 대해서 나왔다면서 중상 역시 가면 경제 환자들이라고 설명했다.
p26_u18,p26,ce10.0,베이징실 당국은 추가 확신자 모두 집중형리지역에서 나왔다면서 중상 역시 가면 경증 현자들이라고 설명했다.
p26_u19,p26,taps,한편 베이징 붕대 월림틱에 비해 중고려온 선수감과 취재진대 대외 관계자의 코로나19 누적 확진자가 230명에 넘어졌다.
p26_u19,p26,ce0.0,한편 베이징 붕괴 올림픽에 비해 중고려온 선수당과 치즈 진등 계획 관계자의 코로나19 누적 확진자가 230명을 넘어졌다
p26_u19,p26,ce0.1,한편 베이징 붕괴림픽을 위해 중고대원 선수금과 취재진 등 계획 관계자의 코로나19 누적 확진자가 230명을 넘어졌다.
p26_u19,p26,ce0.5,한편 베이빙 붕괴렁픽에 위해 중고대원 선후장과 치대진 등 대외강의대자의 코로나19 누적 확진자가 230명을 넘어졌다.
p26_u19,p26,ce1.0,한편 베이빙 붕괴 흘림픽을 위해 중국의 선후동과 취재진 등 계획하는 게 나의 코로나19 누적 착진다가 230명을 넘어졌다.
p26_u19,p26,ce2.0,한평 베이징 붕괴홀림픽을 위해 중국의원 선풍관과 취재진 등 계획강계자의 코로나19 누적 확진자가 230명을 넘어졌다.
p26_u19,p26,ce5.0,한편 베이징 붕개올림픽에 미해 중국의원 선수동과 취재진 등 계획하는 계자의 코로나19 누적 확진자가 230명을 넘어졌다.
p26_u19,p26,ce10.0,한편 베이징 붕괴림픽을 위해 중국의원 선수동과 칠들진 등 계획 강의계자의 코로나19 누적 확진자가 230명을 넘어졌다.
p26_u20,p26,taps,이에 베이징 둔계올림픽 2집위안에 따르면 전날 하루 동안 둔계올림픽 관련 이국자 32명이 코로나19 소증 판정을 바랬다.
p26_u20,p26,ce0.0,1일 100이게인 등개올림픽 2집위원회에 따르면 전날 하루 동안 등개올림픽 관련 이특자 32명이 코로나19 소진 판정을 바랬다
p26_u20,p26,ce0.1,이에 베이빙 등계올림픽 2D 비연에 따르면 전날 하루 동안 등계올림픽 관련 이국자 32명이 코로나19 소증 편정을 받았다.
p26_u20,p26,ce0.5,이메일 베이든 군대올림픽 2집위원회에 따르면 전날 하루 동안 군대올림픽 권령국 입국자 32명이 그러나 알고 샀진 편정을 바랬다.
p26_u20,p26,ce1.0,1백이 된 붕결림픽 두디위원회에 따르면 전날 하루 동안 붕결림픽 관련 입국자 32명이 그러면서 석진편정화 바랬다.
p26_u20,p26,ce2.0,이월 베이짼 등개올림픽 주디기연에 따르면 전날 하루 동안 등개올림픽 관련 이 국자 소른 두 명이 코로나19 속진편정을 바랬다.
p26_u20,p26,ce5.0,이외 배이 된 동계올림픽 조직위원회에 따르면 전날 하루 동안 동계올림픽 관련 입국자 32명으로 코로나19 석진 판정을 바랐다.
p26_u20,p26,ce10.0,2일 베이징 둥결렘픽 조직위원회에 따르면 전날 하루 동안 둥결렘픽 관련 이 국자 32명이 그러네고 석진 팬덩하 받았봐
p26_u21,p26,taps,이에 따라 둔기홀림픽 관계자에 대한 핵성 검사를 시작한 지는 달 28일부터 대막식의 상을 앞둔 전화에까지 대회 관련 확신다는 모두 232명으로 늘었다.
p26_u21,p26,ce0.0,이에 따라 둔계올림픽 관계자에 대한 핵선 검사를 시작한 지는 달 28일부터 대막식의 상을 앞둔 선을까지 대회 관련 석진자는 모두 이장 32명으로 늘었다
p26_u21,p26,ce0.1,이에 따라 동계올림픽 관계자에 대한 핵승 권사를 시작한 지는달 23월부터 대막식을 상답든 전화할까지 대회 관련 확신단은 모두 232명으로 늘었다.
p26_u21,p26,ce0.5,이에 따라 둥결림픽 관계자에 대한 핵성검사를 시작한 지는 달 23일부터 대막식의 사흘 앞둔 전날까지 대회 관련 혁진다는 모두 232명으로 늘었다.
p26_u21,p26,ce1.0,이에 따라 분기홀림픽 관계자에 대한 핵심 검사를 시작한 지는 달 23일부터 대막식의 상을 앞둔 전할까지 대외과연 혁신다는 무릎 232명으로 뵙다.
p26_u21,p26,ce2.0,이에 따라 동계올림픽 관계자에 대한 핵승검사를 시작한 지는 달 23일부터 그 막색의 성략돈 전할까지 배외과연 혁신다는 모두 232명으로 늘었봐
p26_u21,p26,ce5.0,이에 따라 동계올링픽 관계자에 대한 핵승 검사를 시작한 지난달 23일부터 개막식의 상관 앞둔 선할까지 대외과연 혁신다는 모두 232명으로 들었다.
p26_u21,p26,ce10.0,이에 따라 동교림픽 관계자에 대한 핵손 검사를 시작한 지는 달 23일부터 그 막식의 사물 앞둔 선날까지 대회 관련 혁신다는 모두 232명으로 늘었다
p26_u22,p26,taps,중개울림픽 주직이 성계자는 울림픽을 위해 익힌 선수와 관계자들은 폐쇄 룩피식 관리가 이뤄지게 있다며 예보아의 접책은 완전히 처전됐다고 설명했다.
p26_u22,p26,ce0.0,등계올림픽 주직인 성계자는 올림픽을 위해 잊지한 선수와 강계자들은 폐쇄 6표식 관리가 이뤄질에 있다며 예보와의 접촉은 완전히 체전됐다고 설명했다.
p26_u22,p26,ce0.1,등계 흘림픽 주지빙 경계자는 울림픽을 위해 이틱한 선수와 경계자들은 폐쇄 룩피식 관리가 이뤄지를 있다며 예보와의 접책은 완전히 최전됐다고 설명했다.
p26_u22,p26,ce0.5,2대 1 링픽 주집행 관계단은 울링픽을 위해 익혜탄 선수와 관계자들은 폐쇠룩 부식관리가 이뤄지게 있다며 FYI 접촉은 완전히 채단됐다고 설명했다.
p26_u22,p26,ce1.0,중대흘림픽 주직인 관계단은 올림픽을 위해 입혜탄 선수와 관계자들은 폐쇠룩부식관리가 이뤄지게 있다며 외부화의 접촉은 완전히 체렌됐다고 설명했다.
p26_u22,p26,ce2.0,중계올림픽 주직인 관계자는 올림픽을 위해 이국한 선수와 관계자들은 폐쇄 높이 직관리가 이뤄지게 있다며 외부화의 접촉은 완전히 최전됐다고 설명했다.
p26_u22,p26,ce5.0,통계올림픽 조직은 관계단은 울림픽을 위해 익퇽한 선수와 관계자들은 폐쇄 루프식 관리가 이루어지고 있다며 예포화의 접촉은 완전히 표정됐다고 설명했다.
p26_u22,p26,ce10.0,중개홀림팩 주직이 관계단은 울림팩을 위해 입국한 선수와 관계자들은 폐쇠루프식 관리가 이뤄지게 있다며 외부하의 접촉은 완전히 처전됐다고 설명했다.
p26_u23,p26,taps,코로나19의 엔덩이기로 해외여행이 늘어나다 대표득인 미럽 건강대급인 스페인에서는 호텔 숙박끼가 작년 내밀평된 3핀 리퍼런트 오르는 현상이 나타났다.
p26_u23,p26,ce0.0,코로나19의 엔덴이들로 회의 여행이 늘어나다 대표적인 미럭 간검 대기 게스페인에서는 호텔 숙박 기가 작년 내릴 평균 36% 오르는 현상 이랬다 아빠
p26_u23,p26,ce0.1,코로나19의 엔데미뷰로 회의회의 늘어나다 대표적인 미럽 간광대국인 스페인에서는 호텔 숙박비가 작년 내밀 핑곤 36% 오르는 현상이 나타났다.
p26_u23,p26,ce0.5,코로나19의 엔데믹으로 해외에 늘어나다 대표적인 유럽 간강대국인 스페인에서는 호텔 숙박비가 작년 내밀평등 36% 오르는 현상이 나타났다.
p26_u23,p26,ce1.0,코로나19의 엔데믹으로 해외 회행이 늘어나다 대표적인 유럽 간광대국인 스페인에서 호텔 숙박비가 작년 데뷔 pendant 36% 오르는 현상이 나타났다.
p26_u23,p26,ce2.0,코로나19의 엔데미드로 해외회행이 늘어나다 대필적인 유럽 관광대급인 스펙인 에선 호텔 색밖에가 작년 데뷔 평등 36% 오르는 현상이 나타났다.
p26_u23,p26,ce5.0,코로나19의 엔데미들로 해외에 늘어나다 대필적인 미럽 관광대급인 스페인에서는 호텔 축밝기가 작년 데뷔 편견 36버전트 오르는 현상이 나타났다.
p26_u23,p26,ce10.0,코로나19의 엔데믹으로 행의 여행이 늘어나다 대표적인 유럽 관광대국인 스페인 에서는 호텔 숙박비가 작년 데뷔 생긴 36% 오르는 현상이 나타났다.
p26_u24,p26,taps,시페인 통제청이 다르면 스페인 흔지이텔의 올해 보왈절 전후 하룩팬 된 숫박비는 90.3류로도 집비됐다고 노이터 통신이 보도했다.
p26_u24,p26,ce0.0,스페인 풍계청이 다르면 스페인 흔지 퇴래 올해 보왈절 전후 하러펜겐 숫박비는 90.3미로도 집비렸다고 노이터폭심이 보도했다.
p26_u24,p26,ce0.1,시페인 풍대청이 다르면 스페인 흔시퍼래 올해 보왈절 전후 하룩팬 숙박비는 906.3위를 더 집게 됐다고 노이터폭심이 2위를 더 집게 됐다고 노이터폭심이
p26_u24,p26,ce0.5,스페인 통계통이 다르면 스페인 현실패래 올해 부활절 전후 하룩팽 등 숙박비는 96.3위로도 짭비됐다고 노이터 통신이 보도했다.
p26_u24,p26,ce1.0,슈페인 풍계통이 다르면 슈페인 현지 호텔의 올해 부활절 전후 하루 풍경 수박 비는 96.3위로 집리됐다고 노이터 풍신이 보도했다.
p26_u24,p26,ce2.0,스페인 통계청에 따르면 스페인 흔색 테레 올해 부활절 전호하루 펭균 숫박비는 96.3위로도 집끼됐다고 노이터 통신이 보도했다.
p26_u24,p26,ce5.0,실패인 핑계통이 다륵은 스페인 흔쇼텔의 올해 부활절 전후 하룩 핑계수 박빈을 96.3위로도 집끼렸다고 노이터 통신이 보드했다.
p26_u24,p26,ce10.0,스펙 통계청에 따르면 스펙 현실 테레 올해 부활절 전후 하루평근 숙박비는 96.3위로도
p26_u25,p26,taps,이는 전년도 같은 비간부라 36% 비싸고 코랄웨그 유행전인 2010년 4월보다도 15% 높은 가격이다.
p26_u25,p26,ce0.0,"이는 선른도 같은 기감보다 36% 비싸고 코로나19 유행전인 2,017년 4월보다도 15% 높은 가격이다."
p26_u25,p26,ce0.1,일은 선른도 같은 미간보다 36% 비싸고 코러를 유행전인 2절 시키린 사활보다도 15% 높은 가격이다.
p26_u25,p26,ce0.5,"이낸 전년도 같은 기간보다 36% 비싸고, 코로나19 이낸 전인 2014시키는 사활보다도 15% 높은 가격이다."
p26_u25,p26,ce1.0,이는 전른도 같은 비감보다 36% 비싸고 코로나19 유행되는 2020 크림을 상회보다도 15% 높은 가격이다.
p26_u25,p26,ce2.0,이는 전른도 같은 기감보다 36% 비싸고 코로나19 인행전인 2019년 서울 보다도 15% 높은 가격이다.
p26_u25,p26,ce5.0,이는 전른도 같은 경우가 3.6% 비싸고 코로나19 유행전이 2019년 4월보다도 15% 높은 가격이다.
p26_u25,p26,ce10.0,이는 전른도 같은 기간보다 36%가 있다고 코로나19 유행전인 2019년 서울보다도 15% 높은 가격이다.
p26_u26,p26,taps,우선급 회텔의 하루펑균 숙박기는 2대게 집립점 5위로도 작년과 비교에 23% 성생했다.
p26_u26,p26,ce0.0,오성급 호텔의 하룻평균 습박지는 2.5위로도 작년과 비즈에 23% 성생했다.
p26_u26,p26,ce0.1,"우선급 회태를 하루 평균 숙박끼려 1,266.5유를 높 작년과 비교에 23% 상승했다."
p26_u26,p26,ce0.5,고성급 유텔의 하루평균 숙박기는 약 266.5위로도 장린과 비교에 23% 고성급 유텔의 하루평균 숙박기는 약 266.5위로도 장린과 비교에 23%
p26_u26,p26,ce1.0,5성급 호텔의 하루폼균 숙박민은 약 266.5위로도 강행과 비교에 23% 송신했다.
p26_u26,p26,ce2.0,"5성급 호텔의 하루평등 숙박비는 약 266.5위로도 강연과 비교해 20,000% 5성급 호텔의 하루평등 숙박비는 약 266.5위로도 강연과 비교해 20,000%"
p26_u26,p26,ce5.0,5성급 호텔의 하루평균 숙박 기능 약 266.5위로도 강행과 비교해 23% 성생했다.
p26_u26,p26,ce10.0,5성급 호텔의 하루평균 숙박 비는 약 266.5위로도 작년과 비교해 23% 5성급 호텔의 하루평균 숙박 비교해 23%
p26_u27,p26,taps,이 성격 등 저렴한 호텔들의 하룻평등 숙박 뒤 역시 40%가량 오랜 16리로 집계됐다.
p26_u27,p26,ce0.0,이성급 등 저렴한 호텔들의 하로평등 숙박지역시 40%가량 오랜 유심 융리로 집계됐다.
p26_u27,p26,ce0.1,이 성격 등 저렴한 호텔들의 하루평등 숙박지역시 40%가량 오른 유심 육리로 집계됐다.
p26_u27,p26,ce0.5,이 성급 등 저렴한 호텔들의 하로풍된 숙박비 역시 40%가량 오든 몇십 명료로 시켜됐다.
p26_u27,p26,ce1.0,이 성끝 등 저렴한 호텔들의 하루평균 숙박비 역시 40%가량 오랜 66류로 집계됐다.
p26_u27,p26,ce2.0,이 성끝 등 저렴한 호텔들의 하도평등 숙박비 역시 40%가량 오든 육심 육류로 집계됐다.
p26_u27,p26,ce5.0,"이 성급 등 저렴한 호텔들의 하루평근 숙박도 역시 40%가량 오랜 6, 6, 6, 6, 6으로 집계됐다."
p26_u27,p26,ce10.0,이 성급 등 저렴한 호텔들은 하루 평균 숙박비 역시 40%가량 오른 66위로 집계됐다.
p26_u28,p26,taps,스페인은 휘텔색 박비가 가파르게 상세한 것은 인된 리럽 국가들이 퇴근 체래보 여행 구제를 완화하면서 감광객 수요가 폭발적으로 증가했기 때문입니다.
p26_u28,p26,ce0.0,"스페인의 호텔 숙박비가 가파르게 상세한 것은 인된 리럭드가들이 퇴근, 체래보 여행이 규제를 원하는에서 관광객수회가 폭발적으로 증가했기 때문입니다."
p26_u28,p26,ce0.1,스페인은 휘텔색 박비가 가파르게 상승한 것은 인된 미럽 두가들이 최근 차례소 여행 규제를 완화하는서 감광객술과 폭발적으로 증가했기 때문이다.
p26_u28,p26,ce0.5,스테이는 호텔 숙박비가 가파르게 상승한 것은 인된 유럽국가들이 최근 차뢰구 영행 규제를 완화하는서 감광엑스가 폭발적으로 증가했기 때문입니다.
p26_u28,p26,ce1.0,스페인을 소텔 숙박비가 가파르게 상승한 것은 인근 유럽 국가들이 최근 체래부 여행 규제를 완화하면서 강강객수회가 폭발적으로 증가했기 때문이다.
p26_u28,p26,ce2.0,스페일은 스페일 숙박비가 가파르게 성승한 것은 인된 유럽 국가들이 최근 체래부 여행 규제를 완화하면서 강광객수회가 폭발적으로 증가했기 때문이다.
p26_u28,p26,ce5.0,스페인은 혁탈색 박비가 가파르게 상소한 것은 인된 유럽 국가들이 책은 차례 후 여행 규제를 완화하면서 강광객 수위가 폭발적으로 증가했기 때문이다.
p26_u28,p26,ce10.0,스페인은 호텔 숙박비가 가파르게 성승한 것은 임근 유럽부가들이 최근 차뢰구 영웅 규제를 완화하면서 강광객 수요가 폭발적으로 증가했기 때문이다.
p26_u29,p26,taps,올해 3시월 스페인 휘패래 투직한 강광인 객스는 전연도 같은 기간에 다접해 이상으로 증가했다.
p26_u29,p26,ce0.0,"올해 3,4월 스페인 휘패래 2직관을 관광인 객스는 전년도 같은 기간에 다접배 이상으로 증가했다."
p26_u29,p26,ce0.1,"올해 3,4월 스팩 퇴패래 투색한 강광객스는 전년도 같은 기간에 5배 이상으로 증가했다."
p26_u29,p26,ce0.5,올해 3세월 10행 후패략 투색한 강광객스는 전년도 같은 기간에 다섯배 이상으로 증가했다.
p26_u29,p26,ce1.0,올해 3세월 스팩 휘패를 투색한 감광객선 전연도 같은 기간에 다섯배 이상으로 증가했다.
p26_u29,p26,ce2.0,"올해 3,4월 스팩 부태를 투색한 관광이 객수는 전연도 같은 기간에 5배 이상으로 증가했다."
p26_u29,p26,ce5.0,"올해 3,4월 10행 휘패를 투색한 강광 갭수는 전연도 같은 기간을 다급되기 상으로 증가했다."
p26_u29,p26,ce10.0,"올해 3, 4월 스펜 스펠의 투수관 관광객수는 전연도 같은 기간에 다섯배 이상으로 증가했다."
p26_u30,p26,taps,4월 한 달간 감광 목적으로 스페인에 잊지간 사람의 분은 2019년에 패싱 2% 수준을 보였다.
p26_u30,p26,ce0.0,"4월 한 달간, 건강 목적으로 스페인에 잊지간 사람의 드는 2019년에 패싱 2% 수진을 보였다."
p26_u30,p26,ce0.1,"4월 한 달간, 강광 목적으로 스페인이 입죽한 사람에서는 2019년에 806% 수준을 배웠다."
p26_u30,p26,ce0.5,4월 한 달간 건강 목적으로 스페일링 쭉한 사람의 분을 2019년에 86% 수준해 보였다.
p26_u30,p26,ce1.0,"하월 한밀관, 강광 목적으로 스페인에 입득한 사람의 분을 2019년에 팔싱 6버펜트 수준에 보였다."
p26_u30,p26,ce2.0,"4월 한 달간, 강광 목적으로 스페인이 입득한 사람의 분을 2019년에 86% 수준해 보였다."
p26_u30,p26,ce5.0,화월 한 달간 건강 목적으로 스페인의 입격한 사람의 분은 2019년에 86% 수준을 보였다.
p26_u30,p26,ce10.0,사월 한 달간 건강 목적으로 수팩력 입둑한 사람의 분은 2019년에 86% 수근을 보였다.
p26_u31,p26,taps,방금객들이 써보하는 일부섬 등의 방문객진은 이니 코로나19 이행 이젠 주전에 해외 통 것으로 파악된다고 스페인 통계청은 밝혔다.
p26_u31,p26,ce0.0,방금객들이 선호하는 일부섬 등의 방문객준은 1일 코로나19 유행 이전 수전을 해조한 것으로 파악된다고 스페인 송계청은 밝혔다.
p26_u31,p26,ce0.1,경쟁객들이 서버하는 일부섬 등의 방문객순을 1일 코로나19 유행 이전 수전을 회득한 것으로 파악된다고 스페인 팀계청은 밝혔다.
p26_u31,p26,ce0.5,경간대빌리 서버하는 일부 처음 등의 방문객주는 1일 코렘을 1구 유행 이전 지분을 해외한 것으로 파악된다고 스페인 생계청은 밝혔다.
p26_u31,p26,ce1.0,관계객들이 저번에는 일부 처음 등의 방문객주는 일코렘을 일구 유행 이전 주도를 회복한 것으로 파악된다기호 스페인 행계층은 밝혔다.
p26_u31,p26,ce2.0,관광객들이 서버하는 일부 서버 등의 방문객주는 1일 코로나19 유행 이전 수준을 회복통 것으로 파악된다고 스페인 통계청은 밝혔다.
p26_u31,p26,ce5.0,방금객들이 선언한 일부섬 등의 방문객수는 이를 코로나19 위행 이전 시즈낼 해석한 것으로 파악된다고 스페인 통계청은 밝혔다.
p26_u31,p26,ce10.0,관광객들이 써보하는 일부 서부 등의 방문객 수는 이미 코로나19 유행 이전수들을 회복한 것으로 파악된다기어 스페인 생계층은 밝혔다.
p26_u32,p26,taps,에스테이 텔레콘은 2일 2형성 대표 직속으로 2심 성공 교통사 텔레스 캐포스에 구정했다고 밝혔다.
p26_u32,p26,ce0.0,스테일 텔레콘은 2일 2형성 대표 직속으로 2심 항공 규통사 탈스테포스를 구성했다고 밝혔다.
p26_u32,p26,ce0.1,SK Telecom의 2일 1영상 대표 직속으로 2심 홍공 규통사 테스케포스를 구성했다고 밝혔다.
p26_u32,p26,ce0.5,SK Telecom을 2일 2영상 대표 직속으로 두신 항공 규통사貼스킷 부스를 구성했다고 밝혔다.
p26_u32,p26,ce1.0,에스킬 텔레콘은 2일 2연콘 대표 직속으로 도심 현공 교통자와 테스쿠포스를 구성했다고 밝혔다.
p26_u32,p26,ce2.0,SK Telecom은 2일 2영성 대표 직적으로 두신 홍콩 교통사 테스쿠프스를 구정했다고 밝혔다.
p26_u32,p26,ce5.0,SK 페넷고는 2일 2영성 대표 직속으로 도심 홍공 규통사 테스켓 포슬에 구성했다고 밝혔다.
p26_u32,p26,ce10.0,S.K.L.PANECOM은 2일 2영홍 대표 직속으로 두신홍홍 교통사 택스커프스를 구성했다고 밝혔다.
p26_u33,p26,taps,미래의 위험은 정뒤로 구동하는 수직 이창혜의 소형 기행체료 도심에서 스림차로 한심은 건대의 거리를 10에서 20분이면 도착할 수 있는 미래 교통 수단입니다
p26_u33,p26,ce0.0,1위에 임해는 정지로 구동하는 수집 2창일액 투영 시행체로 도심에서 7분처럼 1심은 걸릴 거리래 10에서 20분이면 도착할 수 있는 미래 극회 수단이다.
p26_u33,p26,ce0.1,위혜의 위혜는 정기로 구동하는 수집 이창렉 수영 비행체료 도심에서 수빈차로 흔식은 걸릴 거리를 10에서 20분이면 부착할 수 있는 미래 규태 수단이다
p26_u33,p26,ce0.5,미래의 예능은 정지로 구동하는 수빅 2탕의 획도형 비행체로 도심에서 수빅처럼 한식은 걸릴 거리를 10에서 20빈을 부착할 수 있는 미래 규평수당이다.
p26_u33,p26,ce1.0,위혜님은 정리로 구동하는 수비를 강력 수행 비행체로 도심을 서수빈차로 한싱 걸릴 거리를 10에서 20분이면 도착할 수 있는 미래 교통 수단입니다.
p26_u33,p26,ce2.0,위혜 위혜는 정비로 구종하는 수집 2경혁 포형 비행체로 부심에서 수빈체로 한평걸릴 거리를 씹에서 20분이면 도착할 수 있는 미래 규통 수단이다.
p26_u33,p26,ce5.0,유웨이 앵은 정기로 구동하는 수직 이탈의 소형 비행체로 조심해서 수빈차로 1시간 걸릴 거리래 10에서 20분이면 도착할 수 있는 미래 교통 수단이다.
p26_u33,p26,ce10.0,미래의 옵은 정기로 구동하는 수식 입장력 수영 비행체로 부심에서 세둥차로 한식원 걸릴 거리를 씹에서 20분이면 부탁할 수 있는 미래 규통 수단이다.
p26_u34,p26,taps,"SK Telecom에 따르면 이벤트 F-R에는 사업, 인표라, 손무생, 서기스 개발에 각각 담당하는 세규두직 4개가 마련됐다."
p26_u34,p26,ce0.0,"SK 텔레콘에 따르면 이벤 TF 아래에는 사업, 인프라, 손무생, 서비스 개발에 각각 담당하는 새벽 이집 4개가 마련됐다."
p26_u34,p26,ce0.1,"SK 텔레콤에 따르면 이벤트의 표 아래에는 사업, 인표라, 손무샨, 서비스, 배발에 각각 담당하는 세구 뒤집 4개가 마련됐다."
p26_u34,p26,ce0.5,"SK펠리콘에 따르면 이벤트에 푸안에는 사업, 인프라, 솔루션, 껍이슬 개발에 각각 담당하는 셀프지직 4개가 마련됐다."
p26_u34,p26,ce1.0,sql Telecom에 따르면 이벤파프 아래는 하업 인프라 솔루션 소기스 개발을 각각 담당하는 세부주집 4개가 마련됐다.
p26_u34,p26,ce2.0,hk telecom에 따르면 이번 kfr에는 사업 임패라 소리션 소피스 개발에 각각 담당하는 세부 뒤집 4개가 마련됐다.
p26_u34,p26,ce5.0,HKL 편리콤에 따르면 이번 KFR에는 사업 인표라 솔루션 서비스 개발을 각각 담당하는 새벽 2집 내게가 마련됐다.
p26_u34,p26,ce10.0,스테이 텔레콤에 따르면 이번 킬프 아래에는 사업 임프라 손루션 서비스 개발을 각각 담당하는 세규두직 4개가 마련됐다.
p26_u35,p26,taps,"사능에서 기술, 인표라, 전략, 사업 개발, 파트너십에 담당하는 주요 이몬들이 TFF에 패치된 것으로 알려줬다."
p26_u35,p26,ce0.0,"사능에서 기술, 인표라, 전략, 사업 개발, 파트넷십에 담당하는 주요 이몬들이 TFF에 패치된 것으로 알려줬다."
p26_u35,p26,ce0.1,사능에서 기술 임폐라 전략 사업 개발 파트머십을 담당하는 주요 임원들이 TFF에 패치된 것으로 알려줬다.
p26_u35,p26,ce0.5,"사능에서 기술 인프라 전략 사업 개발, 파트너 11 담당은 주요 이몬들이 TFF에 지된 것으로 알려줬다."
p26_u35,p26,ce1.0,하늘에서 기술 임프라 전략 하업 개발 파트머십일 담당하는 주요 이몬들이 TFF에 지된 것으로 알려줬다.
p26_u35,p26,ce2.0,선위에서 기술 임프라 전략 사업 개발 파트너십에 담당하는 주요 이몬들이 TFF에 패치된 것으로 알려줬다
p26_u35,p26,ce5.0,사능에서 기술 임프라 전략 사업 개발 파트머십에 담당하는 주요 이몬들이 TFFF 에치된 것으로 알려줬다.
p26_u35,p26,ce10.0,"산에서 기술 임프라 전략 사업 개발, 파트모시계 담당하는 주요 이몬들이 TFFF의 진행 것으로 알려줬다."
p26_u36,p26,taps,유행성 대표는 최근 CFF 이몬드위가 최범 미팅을 열고 올해 사업 전략에 눈에 했고 KFA를 주 이래로 정례화하며 사업을 직접 챙기기로 했다
p26_u36,p26,ce0.0,이 앤성 대표는 최근 TF 이몬드에가 최범 미팅을 열고 올해 사업 전략에 눈에 했고 TF 회의를 주 이래로 정례화하며 사업을 직접 챙기기로 했다.
p26_u36,p26,ce0.1,1년성 대표는 최근 CFP 이몬드위가 7번 미팅을 열고 올해 상업 전략에 눈앞고 CFP 1을 중 1위로 적려와 하며 사업을 직접 챙기기로 했다
p26_u36,p26,ce0.5,인영상 대표는 최근 휘혜픽을 만들과 최선 미팅위료이고 올해 사업 전략을 눈앞고 휘혜픽 회의를 주 1회도 정례화하며 사업을 직접 챙기기로 했다.
p26_u36,p26,ce1.0,이 낸성 대표는 최근 TFF 의원들과 7번 미팅을 열고 올해 사업전혁에 눈에 뵙고 TFF1을 주 1회로 작내와 하며 사업을 직접 챙기기로 했다.
p26_u36,p26,ce2.0,위형성 대표는 최근 TFM원들과 7범 미팅을 열고 올해 사업 전략을 눈앞고 TF회의를 주 1회도 정례화하며 사업을 직접 챙기기로 했다.
p26_u36,p26,ce5.0,인영상 대표는 최근 퇴퍼몬들과 7범 미팅을 열고 올해 사업 전략을 눈을 했고 퇴퍼베이를 주의료로 정뇌와 하며 사업에 직접 챙기기로 했다.
p26_u36,p26,ce10.0,이 형성 대표는 최근 휘혜프 그만들과 출선 미팅을 열고 올해 사업 전력을 눈했고 휘혜프 회의를 주 이래로 정례화하며 사업을 직접 챙기기로 했다
p26_u37,p26,taps,업계에서는 신규 사업 조직을 시직속으로 배치한 것은 이례적이라며 2AM 사업에 대한 유대표의 의지가 판인된 것이라는 분선이라고 합니다.
p26_u37,p26,ce0.0,업계에서는 신도서업 주제계 시에 집중으로 배치한 것은 이례적이라며 2회인 사업에 대한 유대표의 의지가 판이 된 것이라는 분석이라고 한다.
p26_u37,p26,ce0.1,업계에서는 신규 사업 조직을 시유직속으로 배치하는 것을 이례적이라며 2회임 사업에 대한 유대표의 의지가 반인된 것이라는 분석이 나온다.
p26_u37,p26,ce0.5,업계에서는 신구사업두집을 씌우 직속으로 배치한 것을 이례적이라며 2AM 사업에 대한 유대표의 의지가 반인된 것이라는 분석이 나온다.
p26_u37,p26,ce1.0,업계에서는 신규 사업 두집의 신규 직속으로 배치하는 것은 이례적이라며 2회 EM 사업에 대한 유대표의 의지가 반인된 것이라는 분석이 나온다.
p26_u37,p26,ce2.0,업회에서는 신규 사업 조직을 시유 직속으로 배치한 것은 이례적이라며 유일인 사업에 대한 유 대표의 의지가 반행된 것이라는 분석이 나온다.
p26_u37,p26,ce5.0,업계선을 신규 사업 부직의 신인직속으로 배치한 것을 이례적이라며 이외인 사업에 대한 유대필의 의지가 판연된 것이라는 분석이 나온다.
p26_u37,p26,ce10.0,업계에서는 신규 사업 조직의 CEO 직속으로 배치한 것은 이례적이라며 2회인 사업에 대한 유대표의 의지가 반영된 것이라는 분석이 나온다.
p26_u38,p26,taps,북패교통부는 2025년 이해에인 상홍화를 목체로 오래부터 제도 마련과 기술개발해 붕괴가 나섰다.
p26_u38,p26,ce0.0,부팩의 동불에 2025년 EALN 상호화를 목체로 오래부터 제도 마련과 기술 개발해 분개가 나섰다.
p26_u38,p26,ce0.1,국폐교통부는 2025년 UN 상공화를 못해로 오래부터 제도 마련과 기술개발에 공개가 나섰다.
p26_u38,p26,ce0.5,국회교통부는 2025년 2회행행 상호화를 목표로 올해부터 제도 마련과 비숭개만의 뿐격을 하섭니다.
p26_u38,p26,ce1.0,국회교통부는 2025년 여행행 상용화를 목표로 오래부터 제도 마련과 기술개만의 뿐개가 나섰다.
p26_u38,p26,ce2.0,국회교통 문의 2025년 웨이넨 성공하절 목표로 오래부터 제도 마련과 기술개발에 공격을 하섰다.
p26_u38,p26,ce5.0,국회교통부는 2025년 위행엠 상호대 목표로 오래부터 제도 마련과 기술개발에 국회교통부는 2025년 위행엠 상호대 목표로 오래부터 제도 마련과 기술개발에
p26_u38,p26,ce10.0,북패교통부는 2025년 유행겜 성호를 목표로 오래부터 제도 마련과 빗을 개발해 풍경을 하섭니다.
p26_u39,p26,taps,2013년까지 국내 이외의 시장 규모는 13조원에 달할 것으로 예상된다.
p26_u39,p26,ce0.0,2014년까지 국내 이행의 시장 규문을 10점 도원에 달할 것을 예상된다.
p26_u39,p26,ce0.1,2000사진님과 니 국래 외행 시장 규몬을 13도원에 달할 것을 예상된다.
p26_u39,p26,ce0.5,이 전 사례용까지 국내 2회의 시장 규문을 13조원에 다를 것으로 예상된다.
p26_u39,p26,ce1.0,2014년까지 국내 유행의 시등 규모는 10.2원에 다할 거들을 예상된다.
p26_u39,p26,ce2.0,2000 사진룡까지 국내 유행행 시장 유원을 13조 원에 달할 것으로 예상된다.
p26_u39,p26,ce5.0,이 전 사정용까지 국내 유행의 시장 규문을 13조 원에 달할 것으로 예상된다.
p26_u39,p26,ce10.0,이 전 사진료까지 국래 유행행 시장 유원을 10손두원에 달할 것으로 예상된다.
p26_u40,p26,taps,"SK10의 경쟁상의 KT는 지난해 11일, 대안항공, 현대자들이 차, 현대 건설 대응과 항공체를 구성해 2AM차업의 본격 진출했다."
p26_u40,p26,ce0.0,"SK Telecom의 경제상이 KT는 지난해 11일, 대안항공, 핸드자들이 차, 핸드건살대일인과 핸목체를 구성해 2AM 사업의 본격 진출했다."
p26_u40,p26,ce0.1,SK Telecom의 경쟁 방인 KT는 지난해 12일 대안원공 현대자들이 차 현대 건설 대군과 항목체를 구성이 2회인 사업의 본격 진출했다.
p26_u40,p26,ce0.5,S.K. 팬의 꿈의 병대 이상이 K.P는 지난해 10일에 대안항공 선배자동차 현대검설대공과 현력체를 구성해 2AM400 공격 진출했다.
p26_u40,p26,ce1.0,sk10의 경제 방위 케이피는 지난해 12일 대안웅공 선배자들 자 현대건설되어 온과 혐응체력 구성에 유의행 카와벌 분격진출했다.
p26_u40,p26,ce2.0,"SK10의 경쟁파인 KT는 지난해 12대, 대안흥공, 선대자동차, 선대건설 대공과 선묵체를 구성해 2AM4업의 본격 진출했다."
p26_u40,p26,ce5.0,"SK Telecom의 경대방의 KP는 지난해 11월 대안홍공 핸드저동차, 핸드건세대공과 협력체를 구성해 위행행 사업을 본격 진출했다."
p26_u40,p26,ce10.0,"S.K. 편의 꿈의 경쟁상인 K.T.는 지난해 11일, 대안항공, 한배자 동차, 한배검설들 공과, 현목체를 구성해 2AM 사업의 분격 진출했다."
p26_u41,p26,taps,한닥주 공고층에니가 17회 밤짬도 이진색 워마들 빈짜만 싸우디아라리아 왕회자를 영접했다.
p26_u41,p26,ce0.0,"한떡수 공모탱리가 17회 밤짬도 이준세, 워마들 빈짜만 싸우비하다며 왕인세자를 영접했다."
p26_u41,p26,ce0.1,한덕풍공거트에 의가 17일 밤짬도 이진세 워마들 빈짜만 싸우비하다며 왕회자를 영접했다.
p26_u41,p26,ce0.5,한 덕수 국무측리가 17일 밤짬도 이준색 웜마들 빈달만 싸우디에다 미아망이 해달이 영접했다.
p26_u41,p26,ce1.0,한백수 공무생리가 17일 밤 전부 잊은 새 워마들 비인살만 싸우리하다며 왕세자를 영려했다
p26_u41,p26,ce2.0,한 덕수 공무육리가 17일 밤 잠두 잊은 새 뭐 한마딸 빈짜만 싸우디하다 미아 왕이 배달에 영접했다
p26_u41,p26,ce5.0,한 덕쇼 국무츄 의가 17일 밤 짬도 이준세 웜 마들 비는 짤만 싸우디하다 비하 왕 회자를 영접했다
p26_u41,p26,ce10.0,한 덕수 국무육리가 17일 밤 짬부 이준세 원마들 빈짜만 싸우려다 미아 왕세다리 용접했다.
p26_u42,p26,taps,막대하로 외모니래진 빈살만 왕세달에 둘러싼 각보기 경쟁이 치열한 참왕을 감안해 퇴퇴 대회에 나선세입니다.
p26_u42,p26,ce0.0,빈살만 왕세달에 둘러싼 각곡의 경쟁이 치열한 상황을 감안해 퇴퇴 대회 나선세입니다.
p26_u42,p26,ce0.1,막장 로일머니를 진 비닌 삶은 왕재자를 둘러싼 각보기 경쟁이 치해론 창원에 가만히 퇴급 대응에 나선 셈입니다.
p26_u42,p26,ce0.5,막대한 오일머니를 찐 빈 삶은 왕세자를 둘러싼 각국의 병쟁이 치열한 상황은 가만히 퇴툭 대우에 나선 셈입니다.
p26_u42,p26,ce1.0,박병의 오일 머니를 진빈 삶은 왕재단에 들어쌌싼 각곡의 경쟁이 치열한 참옹의 감안에 퇴급 배우에 나선 셈입니다.
p26_u42,p26,ce2.0,박별 오일번에 를 찐 빈 삶을 왕세달에 둘러싼 각국의 경쟁이 채어론 추몸을 감안해 특급 대후에 나선 셉니다.
p26_u42,p26,ce5.0,막변 오열머니 를 찐 비인 삶은 왕세달에 둘러싼 각국의 경쟁이 치열원 창원에 가만에 퀵격 개후에 나선세입니다.
p26_u42,p26,ce10.0,막변 오일 머니들진 빈살만 왕세달에 둘러싼 각국의 경쟁이 최어란 상황을 감안해 특급 대응에 나선세입니다.
p26_u43,p26,taps,한 폭밀은 이날 오전 0시 30분쯤 당기성년 설호공 화이팅에 입기판 빈세만 왕세달에 영접했다.
p26_u43,p26,ce0.0,한폼미는 일을 우른 0시 30분쯤 당기성단 설공화에 통해 입기탄 빈세만 왕세라를 영접했다.
p26_u43,p26,ce0.1,한 팅비는 1월 0시 30분쯤 당기성년 서울공원을 등에 입격한 비인세만 왕세라를 영접했다.
p26_u43,p26,ce0.5,한 승리를 일을 오던 0시 30분쯤 당기승선 서울공원을 통해 입국한 빈세만 왕재달을 영접했다.
p26_u43,p26,ce1.0,한 풍리를 일을 우렁시 30분쯤 강비 속념 서울공활동에 입국한 비인 삶한 원새라를 연접했다.
p26_u43,p26,ce2.0,한 통계를 일할 오던 0시 30분쯤 강기 성돈 서울공활동에 익힌 삶한 왕세달에 용접했다.
p26_u43,p26,ce5.0,한 통리들 일을 우렁 0시 30분쯤 강기 성론 서울공활동에 입격한 비인살만 왕세달에 영접했다.
p26_u43,p26,ce10.0,한 통계를 이낙 오단 0시 30분쯤 강기 성분 서울고를 통해 입끝한 비인설만 황세달에 영접했다.
p26_u44,p26,taps,빈살반의 온세자는 전날 인디를 헤어 발리해서 열린 주위 20개국 정상회의 일정을 맞진 뒤 곧바로 항료게 찾았다.
p26_u44,p26,ce0.0,인살만 원세자는 전날 인디를 헤어 발리하다 열린 주위 20개국 정상회의 일정을 맞진� 뒤 곧바로 한국을 찾았다.
p26_u44,p26,ce0.1,인살육은 엉세자는 전날 인따는 헤어 발리해서 열린 주위에 20개국 정상 배의 일정을 맞힌 뒤 곧바로 한국을 찾았다.
p26_u44,p26,ce0.5,빈 3만 원 세다는 전날 인드백시어 발리에서 열린 주의 10개직 정상회의 일정을 맞진비 곧바로 흥득을 찾았다.
p26_u44,p26,ce1.0,인실분원회장은 전날 인드베시어 발리해배 열린 주위 여기 정상회의 일정을 맞진 뒤 곧바로 한국을 쳐놨다
p26_u44,p26,ce2.0,빈 3분 엉세다는 전날 인드래혜 발리에서 열린 주의 20개기 정상생일정을 맞힌 뒤 곧바로 성격을 쳐놨다.
p26_u44,p26,ce5.0,빈 3만 원 세다는 전라의 인드백을 발리해서 열린 주위 20개국 정상생일정을 맞힌 뒤 곧바로 흥득을 쳐줬다.
p26_u44,p26,ce10.0,빈 3분 엉세다는 전날 인두레 세어 발리에서 열린 주요 20개국 정상회의 일정을 맞힌 뒤 곧바로 흥국을 찾았다.
p26_u45,p26,taps,통상 외교부 장관이 기핀이나 공식 상문회는 정상급 인사를 맞이하는데 이처럼 침문가 직접 공항에 나가 외굴 길에 영접하는 것은 이례적으로 꼽힌다.
p26_u45,p26,ce0.0,풍상 외교부 장괄이 기핀이나 동식 상문하는 정상급 인사를 맞이하는데 이처럼 충림가 직접 고황해나가 외교들에 영접하는 것은 이례적으로 꼽힌다.
p26_u45,p26,ce0.1,통상 외교부 장관이 극비미나 금식 장문원은 정상급 인사를 맞이하는데 이처럼 충무가 직접 고황에다가 외교비를 영접하는 것은 이례적으로 꼽힌다.
p26_u45,p26,ce0.5,통삼 외교부 장관이 극민이나 공식 방문하는 정상급 인사를 맞이하는데 이처럼 측무가 직접 공항에 나가 외교빈에 영접하는 것을 이래적을 했고 빈다.
p26_u45,p26,ce1.0,통삼 외교부 장괄이 극비내나 궁직 장문하는 정상급 인사를 맞이하는데 이처럼 측림가 직접고 황해나가 외국 기비를 엉접하는 것은 이래되그랗고 빈다.
p26_u45,p26,ce2.0,통상 외교부 장관이 극빅이나 궁식 방문은 정상급 인사를 맞이하는데 이처럼 측무가 직접고 황해나가 외국 기계를 영접하는 것은 이례적으로 꼽힌다.
p26_u45,p26,ce5.0,통이삼은 외교부 장관이 1회 나 공식 방문하는 정상급 인사를 맞이하는데 이처럼 측리가 직접 고하해나가 외국 비빌에 영접하는 것은 이례적으로 꼽힌다.
p26_u45,p26,ce10.0,총상 외교부 장관이 국회이나 공식 장문하는 정상급 인사를 마지 않은데 이처럼 측무가 직접 공항해나가 외국 기빈에 영접하는 것은 이례적으로 꾸빈다.
p26_u46,p26,taps,한신미는 같은 날 오전 태국 방콕에서 열리는 아시아 태평닝 벵제 협력체 참석에 위해 출국이 예정되어 있었다.
p26_u46,p26,ce0.0,한평리는 같은 날 오전 태국 방콕에서 열리는 아시아 태폭민 경제 협력체 참석에 위해 출입국이 예정되어 있었다.
p26_u46,p26,ce0.1,한숨이는 같은 날 오전 태국 방콕에서 열리는 아시아 태핑인 경제힘력체 참석에 위해 출국이 예정되어 있었다.
p26_u46,p26,ce0.5,한숭리는 같은 날 오전 태국 방콕에서 열리는 아시아 태풍인 경제 흘력재 참석을 위해 출구생 예정되어 있었다.
p26_u46,p26,ce1.0,한승리는 같은 날 오전 태국 방콕에서 열리는 아시아 태풍인 경제 협력제 참석을 위해 칠국이 예정되어 있었다.
p26_u46,p26,ce2.0,선축리는 같은 날 오전 태국 방콕에서 열리는 아시아 태풍인 경제 협력체 참석을 위해 출국이 예정되어 있었다.
p26_u46,p26,ce5.0,한풍이는 같은 날 오전 태국 방콕에서 열리는 아시아 태풍이 경제 협력제 참석을 위해 출국이 예정되어 있었다.
p26_u46,p26,ce10.0,현승리는 같은 날 오전 태국 방국에서 열리는 아시아 태풍롱 경제 협력체 섬서가 예출국이 예정되어 있었다.
p26_u47,p26,taps,한 순미가 바쁜 새벽 일정을 소화한 것은 빈살만 옹세자의 방안에 남다른 의미가 있기 때문입니다.
p26_u47,p26,ce0.0,한숨이가 바쁜 새벽 일정을 소화한 것은 빈살만 억세자의 바안에 남다른 의미가 있기 때문입니다.
p26_u47,p26,ce0.1,한툼이가 바쁜 새벽 일정을 소화한 것은 빈찰반 옴세자의 방안에 남달의 베미가 있기 때문입니다.
p26_u47,p26,ce0.5,한 승리가 바쁜 새벽 일정을 소화한 것은 빈살만 온세다의 방안에 남다른 의미가 있기 때문이다.
p26_u47,p26,ce1.0,한툭리가 바쁜 새벽 일정을 소한 것은 빈찰만 언제나의 방안에 남다른 의미가 있기 때문입니다.
p26_u47,p26,ce2.0,한숭이가 바쁜 새벽 일정을 소화한 것은 빈찰몬 온세다의 방안에 남다른 근위가 있기 때문입니다.
p26_u47,p26,ce5.0,한 승리가 바쁜 새벽 일정을 소화한 것은 빈설만 원세자의 방안에 담다른 의미가 있기 때문이다.
p26_u47,p26,ce10.0,한 흥미가 바쁜 새벽 일정을 소화한 것은 빈설만 온세자의 방안에 남다른 의미가 있기 때문입니다.
p26_u48,p26,taps,"사우리 아라비아의 실생, 빈셀만 온세자는 총서업비가 5,000억 달러에 해당하는 메가 프로젝트, 네홍시티 사업을 주도하고 있다."
p26_u48,p26,ce0.0,서류리 아라비아의 실세인 비은살만 원세자는 통서업비가 우턴억 달러에 해당하는 메가 프로젝트 내용시티 사업을 주도하고 있다.
p26_u48,p26,ce0.1,사우디 아라비아의 실세인 빈세만의 온세자는 총사랍비가 5천억 달러에 해당하는 메가 프로젝트 내용시피 사업을 주도하고 있다.
p26_u48,p26,ce0.5,"사이드 아라비아의 실세인 빈 3원 왕세다는 총사업비가 5,000억 달러에 해당하는 매가 프로젝트, 내용시피 사업을 주도하고 있다."
p26_u48,p26,ce1.0,사우디 아라비아의 실생은 빈 삶은 엉세자는 중사업비가 우트넥 달러에 해당하는 내가 프로백트 내음시피타업을 주도하고 있다.
p26_u48,p26,ce2.0,"사우디 아라비아의 실생인 빈 삶은 엉세다는 총서업비가 5,000억 달러에 해당하는 내가 프로젝트 내용시피 사업을 주도하고 있다."
p26_u48,p26,ce5.0,"사우드 아라비아의 실세의 비은 삶은 엉세다는 총사업비가 우턴억 달러의 해장하는 메가 프로젝트, 내 옹시피 사업을 주도하고 있다."
p26_u48,p26,ce10.0,사우드 아라비아의 실생인 빈 삶은 오세다는 총사업비가 5천억 달러에 해당하는 매가 프로젝트 내용CP 사업을 주도하고 있다.
p26_u49,p26,taps,헤렁서업에 두고 글로벌 수수경쟁이 벌어지기 있는가운데 우리 정부도 삭대리 신경을 쓰지 않을 수 없는 상황이다.
p26_u49,p26,ce0.0,헤렁서업에 들고 글로벌 수수경쟁이 벌어지고 있는가운데 우리 정부도 작대리 신경을 쓰지 않을 수 없는 상황이다.
p26_u49,p26,ce0.1,해동수업을 두고 글로벌 수수경쟁이 벌어집이 있는가운데 우리 정부도 박대리 신경을 쓰지 않을 수 없는 상황이다.
p26_u49,p26,ce0.5,해령세업을 두고 글로벌 수직행 등이 벌어집이 있는 가운데 우리 정부도 삭별히 신경을 쓰지 않을 수 없는 상황이다.
p26_u49,p26,ce1.0,해동협에 누구 글로벌 수수행 등에 벌어집이 있는가운데 우리 정부도 닭별이 신경을 쓰지 않을 수 없는 상황이다.
p26_u49,p26,ce2.0,새로운 수업을 들고 글로벌 수수 경쟁이 벌어지고 있는 가운데 우리 정부도 삭렬히 신경을 쓰지 않을 수 없는 상황이다.
p26_u49,p26,ce5.0,해당 협의 누구 글로벌 수수 경쟁이 벌어지고 있는가운데 우리 정부도 각별히 신경했을지 않을 수 없는 상황이다.
p26_u49,p26,ce10.0,해당 수업을 두고 글로벌 수수 경쟁이 벌어집이 있는 것 같은데 우리 정부도 삭별히 신경을 쓰지 않을 수 없는 상황입니다.
p26_u50,p26,taps,기존 방향이 당일 치기였던 점에서 주어진 시원 동안 정부의 객진한 항대를 위해 한층 격에 높일 필요가 있었다는 회전이 나옵니다.
p26_u50,p26,ce0.0,이런 방향이 당일 치기에서는 점에서 주어진 시현동안 정부의 극제한 황대를 위해 한층 격에 높일 필요가 있었던 해석이 나온다.
p26_u50,p26,ce0.1,이런 방황이 당일 측이 였다는 점에서 주어진 시간동안 정부의 극질한 홍대를 위해 한참 격에 높일 필요가 있었다는 회전기 나옵니다.
p26_u50,p26,ce0.5,이번 방황이 당일 칩이 없던 점에서 주어징 시간병은 정부에 택진한 흥대를 위해 한승 벽을 높일 필요가 있었다는 회생이 나온다.
p26_u50,p26,ce1.0,이번 방안이 당일 치기였던 점에서 주어진 시간 등은 정부의 택진한 형대를 위해 한 생격에 높일 필요가 있었다는 혜택이 나온다.
p26_u50,p26,ce2.0,이번 방안이 당일 티비였던 점에서 주어진 시원 중은 정부의 극지는 흥대를 위해 한 큰 격을 높일 필요가 있었다는 해색이 나온다.
p26_u50,p26,ce5.0,이번 방황의 당일 tv업은 점에서 주어진 시원 등은 정부의 극질한 행대를 위해 한 캔 격에 높일 필요가 있었다는 해색이 넘어 온다.
p26_u50,p26,ce10.0,이런 방향이 당일치기였던 점에서 주어진 시원 동안 정부의 극지는 홍대를 위해 한층 격을 높일 필요가 있었다는 혜택이 나온다.
p26_u51,p26,taps,"문재인 정부 때인 2020년 6월, 빈살만 엉세다 방한 당시에도 이낙앤 총리가 공항에 나가 영접했었다."
p26_u51,p26,ce0.0,문재인 정부 땡 2020년 6월 빈살만 엉세자 방안 당시에도 이낙연 총리가 공항에 나가 영접했었다.
p26_u51,p26,ce0.1,문쟁정부 때인 2019년 6월 빈살만 엉세자 방안 당시에도 이낙연 총리가 공항에 나가 영접했었다.
p26_u51,p26,ce0.5,"문재인 정부 땡 2019년 6월, 빈설만 언제나 방한 당시에도 이나겐 총리가 공원에 나가 영접했었다."
p26_u51,p26,ce1.0,"문재인 정보대인 2020년 6월, 빈살문 엉세다 방안 장새로 이낙연 승리가 공원에 나가 영접했었다."
p26_u51,p26,ce2.0,"문재인 정부 땡 2019년 6월, 빈 설문 엉세다 방한 당시에도 이낙연 총리가 공항에 나가 영접했었다."
p26_u51,p26,ce5.0,"문재인 정부 때 2019년 6월, 빈살만 언제나 방안 상쇄도 이낙은 총리가 공원에 나가 영접했었다."
p26_u51,p26,ce10.0,"문재인 정부 때, 2019년 6월, 뒤는 삶은 엉세다 방한 방세로 이낙은 총리가 공원에 나가 영접했었다."
p26_u52,p26,taps,중위실 검기자는 사우디 아라비아과 강제와 안보 측면에서 각별한 예밀을 지민 중요한 불가인만큼 갈레등의 보례의 설정원 것이라고 설명했다.
p26_u52,p26,ce0.0,흥일실 감계자는 싸우게 아라비아가 강제와 안보 충련에서 각별한 예밀에 지민 중요한 기가인 만큼 갈레등의 고려의 설정한 것이라고 설명했다.
p26_u52,p26,ce0.1,승민 씨의 감기자는 싸우기 아라비아과 경제와 안무 측면에서 각별한 내밀을 지민 중요한 국가인 만큼 갈레등일 보려의 설정은 것이라고 설명했다.
p26_u52,p26,ce0.5,정리실 관계자는 사우디 아라비아과 강제와 안무 측면에서 각별한 의미를 지민 중명 두 가위 만큼 달레등일 보려에 설정한 것이라고 설명했다.
p26_u52,p26,ce1.0,송인실 관계자는 사우디 아라비아가 강제와 안보충내에서 각별한 매밀의 짐인 징냄 국가인 만큼 갈레등일 고려해 혈정한 것이라고 설명했다.
p26_u52,p26,ce2.0,송회실 관계자는 사우디 아라비아가 경제와 안보 충롱해서 각다른 매밀을 진인 중요한 주가인 만큼 갈레등일 구려의 설정문건이라고 설명했다.
p26_u52,p26,ce5.0,충혜실 관계자는 싸우드 아라비아과 경제와 안보 충능에서 각별한 능일을 지닌 충량 국가인 만큼 갈레등을 구려해 설정한 것이라고 설명했다.
p26_u52,p26,ce10.0,승리실 관계단은 사오지 아라비아가 경제와 암보 측면에서 각별한 의미를 지닌 중량 국가인 만큼 갈레등을 구려해 설정한 것이라고 설명했다.
p26_u53,p26,taps,제 44회 충무기 전기 중고등학생 서객밸과 지난 5일부터 8회까지 방북 폰시는 서객장에선 성황리에 개최됐다.
p26_u53,p26,ce0.0,제 사기사회 충무기 전기 중고대 확댕 사기 배회가 지난 5일부터 8회까지 경북 폰계는 사객장에서 서울 내 개체됐다.
p26_u53,p26,ce0.1,제 44회 충무기 전기 중고등학생 사격 배우가 지난 5일부터 8일까지 경북 폰태는 사격장의 성성은 매에 개최됐다.
p26_u53,p26,ce0.5,제 44회 충무지 정규 중고등학생 사격벨가 지난 5일부터 8일까지 경북 폰신의 사격장에서 성황리에 개최됐다.
p26_u53,p26,ce1.0,제 차비타웨의 충목이 정규 중고대학생 사격대회가 지난 5일부터 8일까지 경북 폼신을 사격장에서 상황 매일 개최됐다.
p26_u53,p26,ce2.0,제 44회 충목이 전기 중고대학생 사격 대회가 지난 5일부터 8일까지 경북 폰센 사격장에서 성응이 개치됐다.
p26_u53,p26,ce5.0,제 44회 충무기 전기 중고등 학생 사격 배우가 지난 5일부터 8회까지 경북 폼세는 사격장에서 소망 내 개치됐다.
p26_u53,p26,ce10.0,제 44회 충목이 종륙 중고등학생 사객대회과 지난 5일부터 파렬까지 경북 통신을 사객정에서 소문에 개치됐다.
p26_u54,p26,taps,"이번 배우에는 서울적 거리주기 회재 이웃 전체 간직에 참여해 칠해진 첫 대외로 정북에서 130개팅, 1,070명의 선수당이 참여가했다."
p26_u54,p26,ce0.0,"이번 대회는 서울작거리지기 해제 이유 전체 건줄에 참여해치가진 첫 대외로 정득에서 130개팅, 1,070명의 선시당이 타면가 있다."
p26_u54,p26,ce0.1,"이번 배우에는 사회적 거리두기 해제 이호 전체 건수의 참여해치가진 섭 배외로 전국에서 130개팅, 1,070명의 선수당이 참여가했다."
p26_u54,p26,ce0.5,"이번 배우에는 사회적 거리 두기 회사 이유 전체 간질이 참회에 찍어진 섭 배우로 종국에서 130개팅, 370명의 선수당이 참가했다."
p26_u54,p26,ce1.0,"이번 대회는 사회적 거리 두기 회재 이후 전체 간직에 참여해치가진 첫 대회로 전국에서 130개팅, 1170명의 선수당이 참가했다."
p26_u54,p26,ce2.0,"이번 대회는 성회적 거리 두기 회재 이후 전체 간직에 참여해치가진 첫 대회로 정기교서 130개팅, 170명의 선수당이 참여가 있다."
p26_u54,p26,ce5.0,"이번 배우에는 청회적 거리주기 해제 이후 전체 건조에 참여해 치러진 첫 배우로 전국에서 130개티, 1,770명의 선수당이 참여했다."
p26_u54,p26,ce10.0,"이번 배우에는 성의도 거리 두기 해제 이후 전체 관죄에 참여해 채가진 첫 배우로 전국에서 130개팅, 1,070명의 선수당이 참여가했다."
p26_u55,p26,taps,"공기 특징과 공기 건축, 두 대 직면이 8개 회빅몰에서 반참이 개인경기에서 대결을 펼쳤다."
p26_u55,p26,ce0.0,공기식층과 공기 권총 2대 징리 및 8대 회빌게임을 해서 반참이 대인 경기에서 대결을 펼쳤다.
p26_u55,p26,ce0.1,공기속챙역 공기 권총 2개 증리 및 8개 회복행몰에서 단체 및 개인 경기에서 배결을 펼쳤다.
p26_u55,p26,ce0.5,공기소층과 공기 건중 2대진무으로 8개 회복된 곳에서 반찬이 대인된 위에서 배그를 펼쳤다.
p26_u55,p26,ce1.0,공기포증약 공기 건중 2대진내는 8개 회부진 먹에서 단체 및 대인된 뒤에서 대결을 펼쳤다.
p26_u55,p26,ce2.0,공기 수청과 공기 건중 2대 중 행위 8개 3부 중 목에서 단체 및 대인근 뒤에서 대결을 펼쳤다.
p26_u55,p26,ce5.0,"공기수투회가 공기 권총, 두 대진의 8개 회부 대역에서 단체 및 배행된 뒤에서 대결을 펼쳤다."
p26_u55,p26,ce10.0,"공기도 통과 공기 건중, 수계진 형님 8개 회부 중목에서 단체 및 대행 등 위에서 대결을 펼쳤다."
p26_u56,p26,taps,공기권 송중목 남고 단세보헌에 저는 전복채고가 1위 안남구가 2위 하늘구가 3위를 터지했으며 개인 대략원은 전복채고의 정우진이 정상에 올랐다
p26_u56,p26,ce0.0,"공기권 송중목, 남고 단세부원에 저는 전복채고가 1위, 안남그가 2위, 하늘그거 3위를 처지했으며 개인재를 보는 전복채고의 정우진이 정상에 올랐다."
p26_u56,p26,ce0.1,"공기권 총직목 남고 단세 부분에 저는 전북 최고가 1위, 안남고가 2위, 항렬구가 3위를 터지했으며 개인재로는 전북 최고의 정우진이 정상에 올랐다."
p26_u56,p26,ce0.5,"우리건 송진목 남고 단체 부분에 저는 전복 체고가 1위, 안남고가 1위, 하늘고가 3위를 터지했지만 개인들의 혈은 전복 체고에 정우진이 정상에 올랐다."
p26_u56,p26,ce1.0,"공비권 총 중목 남고 단세 부분에 저는 전북 체구가 1위, 안남구가 1위, 하늘구가 3위를 터지했으며 개인 데뷔에는 전북 체구의 정우진이 정상에 올랐다."
p26_u56,p26,ce2.0,"공기권 총 중목 남고 단체 부분에 저는 전북 체고가 1위 안남구가 2, 한예구가 3위를 서지 않으며 게임들에서는 전북 체고의 정우진이 정상에 올랐다"
p26_u56,p26,ce5.0,공디곤 총총목 남고 단세 부분을 저는 전북채구가 1위 안 남구가 2위 하늘구가 3위를 터지해지며 개인들에서는 전북채구의 정우진이 정상에 올랐다
p26_u56,p26,ce10.0,"공기권 총승목 남우고 단세부원에 저는 전북채구가 1위, 안남구가 2위, 한일구가 3위를 터지했으며 개인적으로는 전북채구의 정우진이 정상에"
p26_u57,p26,taps,"요고 단세부는 전남 체크가 1위, 충남 체크가 2위, 부산 영상 예고가 3위를 차지했고 개인재로는 더 강원 체크에 입은이 1위에 영해를 안 왔던"
p26_u57,p26,ce0.0,"여고 단세부는 전남 체크가 1위, 충남 체크가 2위, 부산 명상 예고가 3위를 차지했고 개인적인 방원 체크에 이부인이 1위에 영해를 안었다."
p26_u57,p26,ce0.1,"요구 단세부는 전남 체구가 1위, 측룸 체구가 2위, 부산 영상 예고가 3위를 차지했고 대일제는 방원 체구에 2vm이 1위에 용일해 안 왔봐."
p26_u57,p26,ce0.5,"요거 단체부는 전남 체크가 1위, 충음 체크가 2위, 부산 영상 예고가 3위를 차지했고 데일들은 강원 체크에 2v1의 연일에 안 왔던"
p26_u57,p26,ce1.0,"요거 단체부는 덧남 체크가 1위, 침묵 체크가 2위, 부산 영상 예구가 3위를 찾았고 데일들은 당원 체크에 2분에는 1위에 연예를 안 왔봐"
p26_u57,p26,ce2.0,"요거 단체는 전남 체구가 1위, 충남 체구가 2위, 부산 영상 예고가 3위를 차지했고 데일들은 강원 체구에 2부분이 1위에 용애를 안었다."
p26_u57,p26,ce5.0,"요고 단세부는 전남 체크가 1위, 충검 체크가 1위, 부산 영상 예고가 상의를 차지했고 개인들은 강원 체크에 2vm 1위에 영해를 안왔다."
p26_u57,p26,ce10.0,"요거 단세부는 전남 체구가 1위, 충험 체구가 2위, 부산 영상 예고가 3위를 찾았고 개인전은 강원 체구의 2부연이 1위에 영리를 안었다."
p26_u58,p26,taps,"공기권 총 남증 단체부는 강주 체중이 1위, 복대 중에 2위, 펀르중이 3위에 올랐으며 개인전 1위는 첫 남증에 2팩 행위 차지했다."
p26_u58,p26,ce0.0,"공기건송 남증 단체 부분은 당주 체중이 1위, 복대제 2위, 현료증이 3위에 올랐으며 개인절 1위는 현문들에 2패량이 차지했다."
p26_u58,p26,ce0.1,"공기권 총 남증 반세부는 광주 체중의 1위, 복대제의 2위, 통유증이 3위에 올랐으며 개인정 1위는 1000명 중에 200명이 차지했다."
p26_u58,p26,ce0.5,"본격원 중 남증 단체부는 강주 체중이 1위, 보스테제 2위, 솔리전이 3위에 올랐으며 개인전 1위는 첨론들의 입폭행이 차지했다."
p26_u58,p26,ce1.0,"공기권 중 남진 단세부는 강주 체줘의 1위, 복대대의 1위, 현효진의 3위에 올랐으며 대인전 1위는 선원들의 입퇴근을 차지했다."
p26_u58,p26,ce2.0,"공기권 총 남중 단체보호는 광주 체중에 1위, 복대 중에 1위, 손실 중에 3위에 올랐으며 개일 전 1위는 천문 중에 2평이 차지했다."
p26_u58,p26,ce5.0,"공기권 총 남주의 단체부는 광주 체제 1위, 복대 2위, 손 휴진이 3위에 올랐으며 개인절 1위는 폰남 중에 2폐경이 차지했다."
p26_u58,p26,ce10.0,"공기권 총 남중 단세보는 광주 체중 1위, 복대 중에 1위, 손유준이 3호에 올랐으며 밸던 1위는 선공 중의 2팩이 차지했다."
p26_u59,p26,taps,"그 중 반세분을 소상료증, 엄사증, 정선증에 가까이 1위, 2위, 3위를 기록했으며 여중세인전 1위는 소상료증에 긴념해 차지했다."
p26_u59,p26,ce0.0,"여중산세븐을 석하니 여중, 엄사증, 정선증의 가까이 1위, 2섬일에 기록했으며 여중세인전 1위는 토산의 여중의 김념회가 차지했다."
p26_u59,p26,ce0.1,"여중 단세분을 석한 여중, 엄사중, 장선중이 가까이 1, 2, 3, 1을 기록했으며 여중 대인전 1위는 석한 여중의 긴면을 가차지했다."
p26_u59,p26,ce0.5,"여증 단체부는 소탄 여증, 엄사증, 강선진이 바깥 1일, 2일, 3일을 기록했으며 여증 세인덴 1일은 소탄 여증의 빙연우가 차지했다."
p26_u59,p26,ce1.0,"여증 단체부는 석한 여증, 엄사증, 강선진의 각각 1213일을 기록했으며 여증 개인전 1인은 포탄 여증의 빅념회가 차지했다."
p26_u59,p26,ce2.0,"여중간책은 석원 여중, 엄사중, 장선중이 각각 1의 소리를 기록했으며 여중생의 전 1인은 소선 여중의 빅녀무가 차지했다."
p26_u59,p26,ce5.0,"여중산세분을 석한 여중, 엄사중, 방선대에 가까이 1위, 2위, 3위를 기록했으며 여중 개인전 1위는 석한 여중의 빙연호가 차지했다."
p26_u59,p26,ce10.0,"여중산책은 서성 여중, 엄사중, 장선중이 각각 1위, 2위, 3위에 기록했으며 여중 세인변 1위는 서산 여중의 긴 연호가 차지했다."
p26_u60,p26,taps,"공기조총 중목 남고 단세부분은 항광고가 1위, 인선 세구광 2위, 일산 선고가 3위를 차지했으며 개인전 1위는 항광고 출신의 방생우가 차지했다."
p26_u60,p26,ce0.0,"공기도총중목 남고 단체 부문은 항광고가 1위, 인선팩과 2위, 울산상고가 3위를 차지했으며 개인전 1위를 항광고팀신의 방위생호가 차지했다."
p26_u60,p26,ce0.1,"공기도 충둥목이 남고 단세부분은 항광공화 1위, 인천세구광 2위, 일산상구가 참유를 차지했으며 개인선 1위는 항공구 출신의 방정호가 차지했다."
p26_u60,p26,ce0.5,"공기도 충득인 것 남고 단체부분은 성광고가 1위, 인선 태그가 1위, 일산 성고가 3위를 차지했으며 베이전 1위를 성광고 집신의 방생호가 차지했다."
p26_u60,p26,ce1.0,"공기도 충분한 남고 단체부는 항공구가 1위, 인천세구가 2위, 1산 항구가 참유를 차지했으며 개인전 1위는 항공구 출신의 방생과 차지했다."
p26_u60,p26,ce2.0,"공기도 충동봉 남고 단체부분은 성광고가 1위, 인손 태구가 2위, 일산 성고가 성회를 차지했으며 개인전 1위는 성광고 출신의 방신고가 차지했다."
p26_u60,p26,ce5.0,"공기조청 등을 막 남고 단체 부문은 항광고가 1위, 인선 태국가 2위, 울산 상고가 3위를 차지해보며 개인전 1위를 항광고 출신에 방생호가 차지했다."
p26_u60,p26,ce10.0,"공기도 충동공남구 단세부는 성광구가 1위, 인선세구가 2위, 울산 성구가 3위를 차지했으며 개이덤 1위는 성광구 출신의 방승어가 차지했다."
p26_u61,p26,taps,"여고 단세부분은 병북책위가 1위, 일센 여성위 2위, 천원 내게가 3위를 기릿했으며 개인전 1위는 100위 최고의 이엉연이 올랐다."
p26_u61,p26,ce0.0,"여고 단체부분의 병북 최고가 1위, 일신녀상의 1위, 천원 얘기가 3위를 길을 했으며 개인전 1위는 대기 최고의 예영에는 올랐다"
p26_u61,p26,ce0.1,"요고 단세부선은 병북책위가 1위, 일선 여성위위, 천원위위가 상위를 기록했으며 개인전 1위는 대기책을 예용해 올랐다."
p26_u61,p26,ce0.5,"여고 단체 부분은 병북 체기가 1위, 일정여상의 1위, 천원여계가 3위를 기르해지며 개인전 1위는 대비 체급을 예용해며 올랐다."
p26_u61,p26,ce1.0,"요구 단체부구는 병북책위가 1위, 일정요 상위 1위, 천만 6위가 3위를 기록했으며 개인전 1위는 대부책위에 1위에 올랐다."
p26_u61,p26,ce2.0,"요구 단세부분은 병북 책위가 1위, 일전 여성의 1위, 1000은 요구가 3위를 기래했으며 개인전 1위는 대기 최고의 예용에 올랐다."
p26_u61,p26,ce5.0,"여고 단체부분을 병북 책위가 1위, 일선여성의 2위, 천만여계가 상위를 기록했으며 개인전 1위는 백위책을 이영연히 올랐다."
p26_u61,p26,ce10.0,"요거 단체부는 병북 체계가 1위, 진신료상의 2위, 천원 6위가 3위를 기록했으며 개 1전 1위는 대구 체계에 이용해 올랐다."
p26_u62,p26,taps,"공기 소품 남증 단세 부문은 갱북 체중 1위, 항공중 2위, 레천중 3위를 차지했으며 개인된 1위는 소먼중의 하생윤이 등객했다."
p26_u62,p26,ce0.0,"공기 소품 남전 반세 부문은 경북 체중이 1위, 항광진이 2위, 매천 증이 3위를 차지했으며 개인적 1위는 서먼진의 하생인이 등객했다."
p26_u62,p26,ce0.1,"공기 소풍 남전 반세 부문은 경북 퇴증 1위, 항공중 2위, 매천중 2 상미를 차지했으며 개인정 1위는 소문중의 하샘님이 등객했다."
p26_u62,p26,ce0.5,"공기 소풍 남증 반세 부분은 경북 체줄 1위, 항관지 2위, 내천중이 승리를 타대했으며 개인전 1위는 소만 중의 허세민이 등뒤겠다."
p26_u62,p26,ce1.0,"공기 소평 남전 간세 분권은 경북 체중이 1위, 항공 중위, 매��� 중위 상미를 차지했으며 개인적 1위는 터먼 중위 화생님이 준비했다."
p26_u62,p26,ce2.0,"공기 소총 남증 단세부는 경북 체중이 1위, 성덩 중 2위, 내 천 중의 소미를 차지했으며 갤덩 1위는 소먼 중의 하생이 1위 증가했다."
p26_u62,p26,ce5.0,"공기 소통 남전이 반세 부문을 경북 체중이 1위, 항방주의 2위, 내 천순이 상미를 타지 않으며 개인절 1위는 3번 중에 화세 6위 중뎌켰다."
p26_u62,p26,ce10.0,"공기 소총 남중 단세부원은 경북 체중 1위, 손건중 2위, 내 천중 3위를 차지했으며 개인전 1위는 성원 중의 화세민이 등급했다."
p26_u63,p26,taps,"여중 단체 부분은 경북 체중이 1위, 동한진이 2위, 내천준이 3위를 차지했고 개인전 1위는 경북 체중에 기회담이 차지했다."
p26_u63,p26,ce0.0,"여중 단체 부분은 경북 체중이 1위, 방한진이 2위, 내천진이 3위를 차지했고 개인전 1위는 경북 체중의 기회담이 차지했다."
p26_u63,p26,ce0.1,"여중 단세 부문은 경북 체중이 1위, 방안증이 1위, 내 천증이 상리를 찾았고 개인전 1위는 경북 체중에 기회감이 차지했다."
p26_u63,p26,ce0.5,"여중 단체 부분은 경북 체중이 1위, 방한진이 1위, 내천진이 상대를 차지했고 개인전 1위는 경북 체중에 그에담이 차지했다."
p26_u63,p26,ce1.0,"여중 반체부는 경북 체중의 1위, 정환진의 2위, 매천둥이 3위를 차지했고 개인전 1위는 경북 체중의 부회담이 차지했다."
p26_u63,p26,ce2.0,"여중단체부원은 경북 체중이 1위, 중환지 2위, 매천 중이 선배를 차지했고 개인전 1위는 경북 체중이 그에담이 차지했다."
p26_u63,p26,ce5.0,"여중 단체부분은 경북 체중이 1위, 도원진이 2위, 매천진이 3위를 다 됐고 개인전 1위는 경북 체중이 그에 남이 다 됐다."
p26_u63,p26,ce10.0,"여중 반체동원은 경북 체중 1위, 동원진 2위, 내 천중이 3위를 차지했고 개인전 1위는 경북 체중이 부회에 남이 차지했다."
p26_u64,p26,taps,전 세계 주요 가장 앞에 거래소가 최근 폭록한 한국산 폰테라와 누나의 거래진단 돈이 상자 폐지지치해 라섭다고 불름버그가 10점을 보도했다
p26_u64,p26,ce0.0,전 세계 주요 가장 앞에 거래소가 최근 폭록한 한국산 콩테라와 문화에 거래진단 돈의 상정 폐지 지치해 라섭다고 블럼버그가 10장을 보도했다
p26_u64,p26,ce0.1,전 세계의 주요 가상업의 거래소가 최근 속독한 한국산통태라와 누나의 거래진단 또는 상정패지 비치해 나섰다고 블럼버그가 10장일 배도 했다.
p26_u64,p26,ce0.5,전 세계 주요 가장 앞에 거래소가 최근 송독한 한국산팀 패라와 은하의 거래 중단 눈이 상금 세지조치에 나섰다고 블럼버그가 식당을 보도했다
p26_u64,p26,ce1.0,전 세계 주요 가장 어패 거래조가 최근 속독한 행복한 통폐라와 누나의 거래 중단 눈을 상적 세대 주치에 나섰다고 블룸버그가 10.1 보도했다.
p26_u64,p26,ce2.0,전 세계 주요 가상업의 거래조가 최근 송독한 행복한 콩테라와 누나의 거래진이 난 또는 성장 세디 비쇄에 나섰다고 블룸버게가 십점을 보도했다.
p26_u64,p26,ce5.0,전 세계의 주요 가상업의 거래소가 최근 폭록한 한국산 텐패러와 누나의 거래 중인단 눈을 상정패지 비치해 나섭다고 불렌버그가 13일 보도했다.
p26_u64,p26,ce10.0,전 세계 중유가장업의 거래소가 최근 손목한 한국산 콩페라와 누나의 거래 중단 또는 상점 폐지조치에 나섰다고 불름버그가 13일 보도했다
p26_u65,p26,taps,보드에 따르면 대형 가상 앞에 거래소 OKX는 테라폼 랩즈가 바르면은 테라와 눈하는 물논이고 테라쥐록 체인 기반을 에거와 미라의 모든 거래를 중계시켰다.
p26_u65,p26,ce0.0,보도에 따르면 대형 가상 앞에 거래소 OKX는 테라폼 랩즈가 바람하는 테라와 위나는 물논이고 테랩지 녹체인 집안을 A과 미라의 모든 거래를 중계시켰다.
p26_u65,p26,ce0.1,부도에 따르면 대형 가상어패 거래소 OKX은 테러폼 랩스가 바레어는 테러와 눈하는 물론이고 테러슬록 체인 기반을 애교와 미라의 모든 거래를 중결시켰다.
p26_u65,p26,ce0.5,부드에 따르면 대형 가상 앞에 거래소 OKX는 테라폼 랩즈가 발행하는 테라와 누나는 물론이고 테라폼 녹체인 지반을 에 거와 밀어에 모든 거래를 중래시켰다.
p26_u65,p26,ce1.0,보도에 따르면 대형 가상어팩 거래소 OKX는 테러폼 랩스가 발행하는 테러와 눈하는 물로니고 테러지 녹체인 기반을 에서와 미래의 모든 거래를 중을 시켰다.
p26_u65,p26,ce2.0,보드에 따르면 대형 가상어팩 거래소 오키미엑스는 테라폼 랩즈가 발행하는 테라와 눈하는 물론이고 테라폴록 체인 비받은 액화 미러의 모든 거래를 둥글시켰다
p26_u65,p26,ce5.0,보드에 따르면 대형 가상어 페걸에서 OKX는 테라폼 랩스가 발행하는 테라와 눈하는 문덩이고 테라핏 녹체인 비반의 에커와 미러의 모든 버뢰를 중계시켰다.
p26_u65,p26,ce10.0,후드에 따르면 대형 가상어패 거래소 OKX는 테라폼 랩스가 발행하는 테라와 눈하는 물놀이고 테라쥐록 체인 기반의 앵커와 미래의 모든 거래를 중계시켰다.
p26_u66,p26,taps,"또 다른 안무 앞에 거래소 FTX은 이와 관련된 파싱 상품을 장장패지했고 크립투닭검도 누나, 에이커, 미뤄 거래를 중지시켰다"
p26_u66,p26,ce0.0,또 다른 안무 앞에 거래소 FTX는 이와 관련된 파싱 성품을 당장 폐지했고 그립투닷검도 누나 액업 위로 거래를 중지시켰다.
p26_u66,p26,ce0.1,"또 다른 안무 앞에 거래서 FTX은 이와 관련된 파생 상품을 상장패지했고 크리프닷검도 누나, 액업, 미뤄 거래를 중지시켰다."
p26_u66,p26,ce0.5,이발은 암호 앞에 거래소 FTX은 이와 관련된 파싱성품을 성장패지했고 크리프닷검도 누나 엔터 밀어 거래를 중디시켰다
p26_u66,p26,ce1.0,또 다른 안무화폐 거래소 FTX은 이와 관련된 파생 상품을 상장패드했고 크리프다검도 누나 엘커 미뤄 버레를 중지시켰다
p26_u66,p26,ce2.0,또 다른 안무 앞에 거래소 FBTX는 2화 걸련된 파생성품을 성장패지했고 크립투닷검도 누나 액커 위로 거래를 중지시켰다
p26_u66,p26,ce5.0,두 발은 아무 앞에 거래소 FTX은 이와 관련된 파생 상품을 상장 폐지했고 크리프닷검도 누나 엘커 밀어 거래를 중지시켰다
p26_u66,p26,ce10.0,또 다른 아머 앞에 거래소 FTX은 이와 관련된 파생성품을 상정 폐지했고 크리프 박검도 누나 앰커 미러 거래를 중지시켰다
p26_u67,p26,taps,미국 최대의 가장 앞에 거래소 코인데이스도 27일부터 거래정기에 나섰다고 블룸버그 통신은 전했다.
p26_u67,p26,ce0.0,미국 최대의 가장 어패 거래소 코인데이스도 27일부터 거래정기에 나섰다고 블룸버게 통신은 전했다.
p26_u67,p26,ce0.1,미국 최대 가상업회 거래소 코인데이스도 27일부터 거래정기에 나섰다고 블룸벙의 통신은 전했다.
p26_u67,p26,ce0.5,미국 최대 가상업의 거래소 꽃임베이스도 27일부터 거래정지에 나선다고 블럼벅의 통신은 전했다.
p26_u67,p26,ce1.0,미국 최대 가상업의 거래소 코임벨스로 27일부터 거래정지에 나섰다고 물론 먹을 통신은 전했다.
p26_u67,p26,ce2.0,미국 최대의 가상업회 거래소 코인베이스도 27일부터 거래정기에 나섰다고 블럼먹의 통신은 전했다.
p26_u67,p26,ce5.0,미국 최대 가상업의 거래소 꼬임베이스도 27일부터 거래정지에 나섰다고 불렌먹을 통신은 전했다.
p26_u67,p26,ce10.0,미국 최대 가상업회 거래소 콩 베이스도 27일부터 거래정지에 나섬다고 불렁먹어 통신은 전했다.
p26_u68,p26,taps,앞서 좌우 청봉 바이넬스 최고 경행자는 전날 테럭보험 랩스의 대응에 문제 장목려 테라와 리나의 거래를 증단시켰다.
p26_u68,p26,ce0.0,앞서 좌우 천빵 바이널스 최고 경행자는 전날 테럿보호 랩스에 대해 문재성으며 테럿와 니마에 거래를 중닿을 수 있겠다.
p26_u68,p26,ce0.1,앞서 좌우 청풍 바이넬스 최고 갱행자는 전날 테라풍 랩스의 대회계 문제 상황며 테라와 누나의 거래를 증달했겠다.
p26_u68,p26,ce0.5,앞서 좌우텅봉 바이넬스 출근 경행자는 전날 테라폼 랩스의 대회 문재다 먹는 테라와 누나의 거를 증단했겠다.
p26_u68,p26,ce1.0,앞서 좌우 청풍 바이넬스 출근 경행자는 전날 테라폼 넵스의 대회 문재사원 여태로한 문화의 거래를 증단시켰다.
p26_u68,p26,ce2.0,앞서 좌우 충폭 바이넷을 출근 경행자는 전날 테러폼 넵스에 대해 문제 정우며 테러와 누나의 거래를 증단시켰다.
p26_u68,p26,ce5.0,앞서 좌우 통풍 방해했을 최고 경영자는 전날 테라풍 랩스에 대역의 문제를 잡으면 테라와 눈하의 거를 증단시켰다.
p26_u68,p26,ce10.0,앞서 좌우 통폭 바이너스 최고 경행자는 전날 테라폭 넵스에 대략에 문제를 담으면 테라와 은하의 거래를 증단시켰다.
p26_u69,p26,taps,그는 테러폼 넵즈가 테라의 가격이 1달러 밑으로 떨어지자. 테량으로 찍어는 누나로 테라들 차들여 가격을 이미적으로 부양시키려 했다는 치즈를 비판했다.
p26_u69,p26,ce0.0,"그는 테러폼 넵지가 테라의 가격이 1달러 밑으로 떨어지자. 테량돼 찍어는 눈으로 테라들 사들여 가격을 1, 2, 3으로 부양시키려 했다는 치즈료 부판했다."
p26_u69,p26,ce0.1,그는 테라풍 랩스가 테라의 가격이 1달러 밑으로 떨어지자. 대량곳지고는 누나로 테라들 사들여 가격을 이미 적으로 부양시키려 했다는 치즈를 부판했다.
p26_u69,p26,ce0.5,그는 테러폼 랩즈가 테라의 가격이 1달러 밑으로 떨어지다. 테량으로 찍은 눈앞으로 테라를 차들여 가격을 인위적으로 부용시키려 했다는 치즈를 부판했다.
p26_u69,p26,ce1.0,그는 테라폼 넵즈가 테라의 가격이 1달러 밑으로 떨어지다. 테량으로 찍은 논화로 테라들 사들여 가격을 인위적으로 부용시키려 했다는 지지로 비판했다.
p26_u69,p26,ce2.0,그는 테러폼 랩스가 테라의 가격이 1달러 밑으로 떨어지다. 테량으로 찍은 누나로 테라들 차들여 가격을 이리적으로 부양시키려 했다는 치즈로 비판했다.
p26_u69,p26,ce5.0,그는 테러폼 넥스가 테러의 가격이 1달러 밑으로 떨어지자. 테량으로 찍은 눈으로 테라들 사들여 가격을 인위적으로 부용시키려 했다는 치즈로 비판했다.
p26_u69,p26,ce10.0,그는 테로풍 루프가 테라의 가격이 1달러 밑으로 떨어지다. 테량으로 찍어는 누나로 테라를 사들여 가격을 인위적으로 부용시 필요했다는 치즈로 부판했다.
p26_u70,p26,taps,"바이렌스 랩 포안의 MKX, 콩 데이스는 무드 테라에 투자한 세력 드리기도 하다."
p26_u70,p26,ce0.0,"바이렌즈 랩 포안의 인테일 액스, 콘데이스는 무드테라에 투자한 세렉질이기도 하다."
p26_u70,p26,ce0.1,바이렌스 랩 포함의 OKX 콘데이스는 무드테라이 투자한 세력들이기도 하다.
p26_u70,p26,ce0.5,바이런 3 포함의 OKX 콤베이스는 무드 페라에 투자한 체력들이기도 하다.
p26_u70,p26,ce1.0,바이든스를 포함에 OKX 콩 베이스는 무드테라에 투자한 체력들이기도 하다.
p26_u70,p26,ce2.0,바이런스 랩 포함의 OKX 콤베이스는 무드테라에 투자한 세력들이기도 하다.
p26_u70,p26,ce5.0,파이렌스를 포함해 OKX 코인 베이스는 무드 페라에 투자한 세력 드리기도 하다
p26_u70,p26,ce10.0,바이렌스를 포함해 UKX 콩 베이스는 무디페라에 부담스렉스리기도 하다
p26_u71,p26,taps,한편 이는 월스트리트 전원은 이엄 자선에 대한 음대가 커지는서 글로벌 가상화폐 시카핀액이 불과 2개월 만에 1주달러 이상 증발했다고 보도했다.
p26_u71,p26,ce0.0,한편 이날 월스트리트 전원은 이엄사선에 대한 음료가 커지면서 글로벌 가상화폐 시카핀액이 들과 2개 만에 1주 달러 이상 증발했다고 보도했다.
p26_u71,p26,ce0.1,한편 이날 월스트리트 전원은 리허홍 자산에 대한 의뢰가 커지면서 글로벌 가상화폐시가 튀내기 들고 2개월 만에 1주 달러 이상 증발했다고 보도했다.
p26_u71,p26,ce0.5,한편 이는 월스트리트 전원은 위험 자선에 대한 음료가 커지면서 글로벌 가상화폐시같은 얘기 불과 6개월 만에 1주 달러 이상 증발했다고 보도했다.
p26_u71,p26,ce1.0,한편 이는 월스트리트 전화된 위행 자선에 대한 내가 커지면서 글로벌 가장 어폐 식가티내기 불과 2개월 만에 1조 달러 이상 증발했다고 보도했다.
p26_u71,p26,ce2.0,한편 이날 월스트리트 전화된 이엄사선에 대한 여가 커지면서 글로벌 가상화폐시카핀액이 둘과 2개월 만에 1주 달러 이상 증발했다고 보도했다.
p26_u71,p26,ce5.0,한편 이늘 월스트리트 전원은 위험 자선에 대한 음료가 커지면서 글로벌 가상화폐시 같은 해기 불과 2개월 만에 1조 달러 이상 증발했다고 보도했다.
p26_u71,p26,ce10.0,한편 이는 월 스트리트 전화된 위험사선에 대한 의료가 커지면서 글로벌 가상업의 식가춘액이 불과 6개월 만에 1조 달러 이상 증발했다고 보도했다.
p26_u72,p26,taps,"비트캔과 이더림은 지난해 11월, 각각 200만 7800, 2.30달러, 4800달러로 차장 최고치를 기력했으나 현재 58%, 20%씩 하락탄사킹테이다."
p26_u72,p26,ce0.0,"비트캔과 이더림은 지난해 11월, 각각 미끈만 7,822.30달러, 4,300달러로 차상 최고치를 기력했으나 현재 58%, 20%지카락한 사품태이다."
p26_u72,p26,ce0.1,"비트캔과 이더리몬 지난해 11월, 각각 미금원 7,800, 2.30 달러, 4,800 달러로 차상 최고치를 기록했으나 현재 58%, 20%씩 하락한 석동태이다."
p26_u72,p26,ce0.5,"비트크인과 이더링은 지난해 11월, 각각 미공은 7800, 입점 30달러, 4800달러로 차상 최고치를 기록했으나 현재 58%, 20%지 카라콘샷 공태이다."
p26_u72,p26,ce1.0,"비트캔과 이더링은 지난해 11월, 각각 201,7886.30달러, 4,800달러로 차량 최고치를 기력했으나 현재 58%, 68% 피지카락한 찾기인테이다."
p26_u72,p26,ce2.0,"비트콘과 이더링은 지난해 11월, 각각 201,7882.3달러, 4,800달러로 차상 최고치를 기력했으나 전제 58% 60%지 큰 콘서트입니다."
p26_u72,p26,ce5.0,"비트코인과 이더리우만 지난해 11여해 각각 60만 7800, 2.30달러, 4800달러로 차장 최고치를 기력했으나 현재 58%, 68% 피지카락한 석동태이다."
p26_u72,p26,ce10.0,"비트콘과 이더림은 지난해 11월에 각각 이국만 7,812.30달러, 4,800달러로 사전 최고치를 기록했으나 현재 58% 60%씩 하락한 소풍태이다."
p26_u73,p26,taps,SK 바이어 밤은 늦은 증치를 혁친 신약 섀도가 메이커가 프랑스에서 바이네 허가를 받았다고 구해 바이켰다.
p26_u73,p26,ce0.0,SKL 바이오팸은 재전증치를 혁진 신약 섀도가 내일 퇴가 프랑스에서 발음에 허가를 받았다고 구혈밝혔다.
p26_u73,p26,ce0.1,스페일 바이오 밤은 제 전증치를 혁신심약세노와 매일태가 프랑스에서 발매 허사를 받았다고 구혈밟혔다.
p26_u73,p26,ce0.5,S.K. 바이오 밤은 늦은 증치를 혁진 신혁새로 바 메이트가 프랑스에서 밟는 허자를 받았다고 구을 바이팼다.
p26_u73,p26,ce1.0,SK 바이오 밤은 늦은 증치를 혁진 신행 세로와 메이트가 프랑스에서 밟는 허가를 받았다고 구을 밝혔다.
p26_u73,p26,ce2.0,SK 바이오 밤은 내 전증 치료 혁진시멍 새누가 메이트가 프랑스에서 발내 허가를 받았다고 구입하였다.
p26_u73,p26,ce5.0,SK 바이오팸은 내 전증치를 혁신신 학생 오버 네이터가 프랑스에서 발매 허가를 받았다고 구해 발켰다.
p26_u73,p26,ce10.0,S.K. 바이오 밤은 내 전증치를 확신시행세높아 메이트가 프롱쇠에서 발내 허과를 받았다고 구을 밝혔다.
p26_u74,p26,taps,"이를 써인 일업 우대 걘제대국인 두길 연구, 이탈리아, 주팽이 프롬스 출시에 성공했다."
p26_u74,p26,ce0.0,"이랬어 1업 의대 경제대국인 두 개 연구, 이탈리아, 스팩, 프랑스 출시에 성공했다."
p26_u74,p26,ce0.1,이랬어 유럽 후대 경제대국인 두길 영국 이탈리아 스펙 프롬스 출시에 성공했다.
p26_u74,p26,ce0.5,"이를 써용 이럽 의대 경제대군의 두길 연구, 이탈리아, 스페인, 프롬스 출시에 성공했다."
p26_u74,p26,ce1.0,"이랬어 유럽의 경제되고 있는 독일, 영국, 이탈리아, 스페인, 펜스 출시에 성공했다."
p26_u74,p26,ce2.0,이를 써 유럽 모델 경제대국인 두길 연구 이탈리아 스페인 프럼스 출시에 성공했다.
p26_u74,p26,ce5.0,이래서 오히려 모델 경제대국인 두 개 영공 이탈리아 스페인 프럼스 출시에 성공했다.
p26_u74,p26,ce10.0,이뤄서 유럽 모델 경제되고긴 두길 영국 이탈리아 스페인 프럼스 출시에 성공했다.
p26_u75,p26,taps,제믹어메이트는 지난해 3월 1억년암 집행위원회의 판매생인에 획득한 후 온투 줄이라는 제품명으로 유럽 시장에 본격적으로 진술했다.
p26_u75,p26,ce0.0,제믹어 메이집은 지난해 3월 1억년암 집행위원회의 팡매생인을 획득한 후 온투 줄이하는 제품명으로 유럽 지장익 본격적으로 진술했다.
p26_u75,p26,ce0.1,제목 어메이트는 지난해 3월 1업년암 집행위원회의 팡매생인의 획득한 후 온툴 줄이라는 제품 명으로 유럽 시장에 본격적으로 진술했다.
p26_u75,p26,ce0.5,제모가 매일 두는 지난해 3월 유럽년암 집행위원회의 판매생인의 핵백한 후 온툴 드리라는 제품 명으로 유럽 시장이 봉적적으로 진술했다.
p26_u75,p26,ce1.0,제모범에이투면 지면은 3월 유럽연합 집행위원회의 판매 승인을 획득한 후 온투 줄이라는 제품이형으로 유럽 시장에 본격적으로 진술했다.
p26_u75,p26,ce2.0,제무범 에이트는 지난해 3월 유럽년함 집행위원회의 판매생인을 획득한 후 온투 둘이라는 제품명으로 유럽 시장에 본격적으로 진술했다.
p26_u75,p26,ce5.0,제목은 에이트는 지난해 3월 유럽년암 집회위원회의 판매생일에 핵득한 후 온툴 줄이라는 제품명으로 유럽 시장의 본격적으로 진술했다.
p26_u75,p26,ce10.0,세로버 메이저는 지난해 3월 유럽년암 집행위원회의 판매생인의 획득한 후 온툴 출리라는 제품명으로 유럽시장의 본격적으로 진술했다.
p26_u76,p26,taps,"가톤의 인월, 에스테이 바이오팜에 파트바사 안젤리니파마는 곤추질이를 유럽 최대 배약시장인 독일에서 처음 발매했다."
p26_u76,p26,ce0.0,"같은의 2월, 스테이 바이오팜에 파트바사 안젤리니파만은 온추질이를 1업체대 배약시장인 독일에서 처음 발매했다."
p26_u76,p26,ce0.1,"가톤의 윙월, SK 바이오팜의 파트버상 안젤리니파마는 곤추즈리를 유럽체배 제약시장인 독일에 서청은 발매했다."
p26_u76,p26,ce0.5,가툼의 2월 SK 바이오팜을 파트버사 안젤리니파만은 온추드리를 유럽 최대 제약시장인 두길에서 처음 발매했다.
p26_u76,p26,ce1.0,"가톤의 2월, 에스파이 바이오팜의 파트버상 안젤링의 파많은 온투드리를 유럽체배 제약시장인 독일에서 처음 발매했다."
p26_u76,p26,ce2.0,"가톤을 2월, 에스프리 바이오팜에 파트러상 안 될 일에 파마는 곤추질이를 유럽 최대 제약시당해 독일해서 처음 벨매했다."
p26_u76,p26,ce5.0,"가톤의 유월, 예스케일 바이오팜에 파트너사 안젤리니파마는 온 추질이를 유럽체대 제약시장엔 독일을 서촌 발매했다."
p26_u76,p26,ce10.0,"가톤의 윙월, 에스크린 바이오팜의 파트도상 안젤리니파만은 온 투즈리를 임업 최대 대학시장인 독일에서 총 별매했다."
p26_u77,p26,taps,제노바 메이트는 2기를 시작으로 1년 6개월 만에 유럽주요 5대 시장으로 영용해 확대하게 됐다.
p26_u77,p26,ce0.0,제노가 메이트는 두 길의 시작으로 1년 6개 할머니 유덕 주요 5대 시장으로 영용에 확대하게 됐다.
p26_u77,p26,ce0.1,제로버 메이트는 2비를 시작으로 1년 6개월 만에 유덕주요 5대 시장으로 영령을 확대하게 됐다.
p26_u77,p26,ce0.5,제노가 메이트는 두 미래 시장으로 1년 6개월 만에 유럽주요 5대 시장으로 영용에 확대하게 됐다.
p26_u77,p26,ce1.0,제노범 에이트는 두기대 시다그러 1년 6개월 만에 유럽주요 5대 시장으로 영용해 확대하게 됐다.
p26_u77,p26,ce2.0,제노범에이트는 두 개의 시작으로 1년 6개월 만에 유답 주요 5대 시장으로 영영을 확대하게 됐다.
p26_u77,p26,ce5.0,Zenova Mate는 2기를 시작으로 1년 6개월 만에 유럽주요 5대 시장으로 영영해 확대하게 됐다.
p26_u77,p26,ce10.0,제노버 메이트는 두기를 시작으로 1년 6개에 만에 유럽주요 5대 시장으로 영영을 확대하게 됐다.
p26_u78,p26,taps,이들의 늦은 중 시정 규모는 약 17억 달러에 달하며 이낸 늘럽 전체의 73%에 해당한다.
p26_u78,p26,ce0.0,이들의 재전증 시전기문은 약 17억 달러의 하라며 이낸 지럽 전체의 73%에 해당한다.
p26_u78,p26,ce0.1,이들의 늦은 중 시정 규모는 약 17억 달러에 달하며 이낸 유럽 전체 73%에 해당한다.
p26_u78,p26,ce0.5,이들의 늦은 승 시정 규문은 약 17억 달러에 가라며 이낸 유럽 전체의 73%에 해당한다.
p26_u78,p26,ce1.0,이들의 늦은 중시정 비모는 약 17억 달러에 달하며 이낸 유럽 전체의 73%에 해당한다.
p26_u78,p26,ce2.0,이들의 늦은 중 시정 규모는 약 17억 달러에 달하며 이를 유럽 전체 73%에 해당한다.
p26_u78,p26,ce5.0,이들의 늦은 중 시정 규모는 약 17억 달러에 가라며 이는 유럽 전체의 73%에 해당한다.
p26_u78,p26,ce10.0,이들의 늦은 승시동규문은 약 17억 달러에 달하며 이낸 유럽 전체의 73%에 해당한다.
p26_u79,p26,taps,이번 편안수출시로 온투지리는 현재까지 일합내 총 15개 국가에서 발매가 진행됩니다.
p26_u79,p26,ce0.0,이번 펑스 튈 씨로 온 투지리는 현재까지 일염내 총 15개 극가에서 발매가 진행해집니다.
p26_u79,p26,ce0.1,이번 펑수 출시로 온투제리는 현재까지 유럽 내 총 15개 국가에서 발매가 지내입니다.
p26_u79,p26,ce0.5,이번 펑수 출시로 온 투지리는 현대까지 유럽 내 총시 후계 극가에서 발매가 지내중니다.
p26_u79,p26,ce1.0,이번 펜수 출시로 온투드리는 현대까지 유럽내 통 15개 국가에서 발매가 진행됩니다.
p26_u79,p26,ce2.0,이번 펌프 출시로 온투드리는 선택까지 유럽내 총 15개 국가에서 발매가 진행됩니다.
p26_u79,p26,ce5.0,이번 폰 소출시로 온툴 드리는 현대까지 유럽내 총 15개 국가에서 발매가 지낼 중입니다.
p26_u79,p26,ce10.0,이번 폰수 출시로 온투드리는 현대까지 유럽내 총시복의 국가에서 발매가 진행 중입니다.
p26_u80,p26,taps,에스파일 바이오팜은 운투드리에 이럭 판매 확대로 안젤리니 판마로부터 판매의 뇌진이 매출실적과 연계된 마일 톤 시컥볼에 기대할 수 있을 것이라고 전했다.
p26_u80,p26,ce0.0,SK 바이오팜은 온투즈리의 유럽 판매혁대로 안젤리니 판마로부터 판매 뇌진이 넷툴 희작과에 옹계된 마일 톤 시크퀵볼에 기대할 수 있을 것이라고 전했다.
p26_u80,p26,ce0.1,SK 바이오팜은 온투빌리의 유럽 판매 확대로 안젤리니 파마로부터 판매 뇌엘팀이 매출실적과 연계된 마일스톤 신격볼에 기대할 수 있을 것이라고 전했다.
p26_u80,p26,ce0.5,SK 바이오팜은 온투빌리의 유럽 판매 확대로 안젤리 힙함으로부터 판매 루엘 비밀 매출 혈적과 연계된 마을스톤 시격도를 기대할 수 있을 것이라고 전했다.
p26_u80,p26,ce1.0,SK 바이오팜은 온투드리의 유럽 판매협대로 안젤리니 판므로부터 판매 뇌엘팅의 매출 현실과 연계된 마일 톤 실격볼에 기대할 수 있을 것이라고 전했다.
p26_u80,p26,ce2.0,SK 바이오팸은 온투주리의 유럽 판매 혁배로 안젤리니 판므로부터 판매 리얼증이 매출실적과 연계된 마을스톤 수익혁보를 기대할 수 있을 것이라고 전했다.
p26_u80,p26,ce5.0,SK 바이오팜은 온투즈리의 유럽 판매 확대로 안젤링이 판마로부터 판매 뇌엘 등이 매출실적과 연계된 마의 스톤 수익 확보를 기대할 수 있을 것이라고 전했다.
p26_u80,p26,ce10.0,스케일 바이오팜은 온투드리의 유럽 판매 확대로 안젤리니 판미로부터 판매 루엘 등의 매출실적과 연계된 마을스톤 수익 확보를 기대할 수 있을 것이라고 전했다.
p26_u81,p26,taps,한편 SK 바이오팜은 최근 Zenova Mate 당의 제품만으로 1억불 수출에 탑에 수상했다.
p26_u81,p26,ce0.0,한편 SK 바이오팜은 최근 쎈 오버메이트 당의 제품만으로 1억불 수출의 팝에 수상했다.
p26_u81,p26,ce0.1,한편 SK 바이오 밤은 최근 샘호가 메이트 단일 제품만으로 1억필 수출에 답에 수상했다.
p26_u81,p26,ce0.5,한편 SK 바이오 밤은 최근 새 후배메이트 단일 제품만으로 1억 뱃수출에 탑에 수상했다.
p26_u81,p26,ce1.0,한편 SK 바이오팜은 최근 센어범이트 단일 제품안으로 1억불 수출에 답을 수상했다.
p26_u81,p26,ce2.0,한편 SK 바이오 밤은 최근 세호 범의 히트 단일 제품은 안으로 1억 뱔 수출에 다 뱔 수상했다.
p26_u81,p26,ce5.0,한 폰 SK 바이오팜은 최경쇼 허버 메이트 방해 제품만으로 1억 뱔 수출에 다 뱔 수상했다.
p26_u81,p26,ce10.0,한편 SK 바이오 밤은 최경세 후배메이트 단일 세폰만으로 1억분 수출에 밥을 수상했다.
p26_u82,p26,taps,지난해 7일 1일부터 올해 2월 30일까지 1년간 데미 데이럭 주출액 1억 단단을 돌파한 데 따른 것이다.
p26_u82,p26,ce0.0,지난해 7일 1일부터 올해 6월 3일까지 1년간 템이 대 1업 주출액 1억 단단을 돌파한 데 따른 것이다.
p26_u82,p26,ce0.1,지난해 7일 1일부터 올해 6월 30일까지 1년간 대미 대회력 수출액 1억 단단을 돌파한 데 따른 것이다.
p26_u82,p26,ce0.5,지난해 7일 1일부터 올해 2월 30일까지 1년간 템이 대 1업 주출액 1억 단가 될 돌파인데 다른 것이다.
p26_u82,p26,ce1.0,지난해 7월 1일부터 올해 6월 30일까지 1년간 템이 대의력 수출액 1억 어떤 나별 돌파인데 다른 것이다
p26_u82,p26,ce2.0,지난해 7일 1일부터 올해 2월 30일까지 1년간 템이 대유럽주출액 1억 사질러들 돌파한 데 따른 것이다.
p26_u82,p26,ce5.0,지난해 7월 1일부터 올해 6월 30일까지 1년간 템이 데이럽 수출액 1억 단단을 돌파한 데 따른 것이다.
p26_u82,p26,ce10.0,지난해 7일 1일부터 올해 6월 30일까지 1년간 대미 대유럽 수출액 1억 달라를 돌파한 데 들은 것이다.
p26_u83,p26,taps,제노가 메이트는 2019년 미지품 예약곡 시판 허가를 받아 이기대서는 엑스콕 프리 나는 제품 명으로 판매되게 있다
p26_u83,p26,ce0.0,제노가 메이트를 2019년 미직 10품 예약곡 10판 허가를 받아 이지데서는 엑스코 프리 나는 제품 명으로 판매되고 있다
p26_u83,p26,ce0.1,제노가 메이트 2019년 미국 시품 예약곡 시판 호가를 받아 이비배서는 엑스코필이라는 제품명으로 판매되고 있다.
p26_u83,p26,ce0.5,제노가 메이트를 2019년 미국 치풍 예약곡 시판 허가를 다다 이 그대에서는 엑스코클이라는 제품 명으로 판매되고 있다
p26_u83,p26,ce1.0,내노바이트는 2019년 미국 식품 예약곡 식판 허가를 받아 이급에서는 엑스코플이라는 제품이 형으로 판매되고 있다.
p26_u83,p26,ce2.0,제노범 에이튼을 2019년 미국 식품 의학국 식품 호가를 받아 미국에서는 엑스코프리라는 제품 명으로 판매되고 있다
p26_u83,p26,ce5.0,제노버메이트 2019년 미국 시품 의학국 시판소덟을 받아 이기대서는 엑스코큐리 라는 제품이 형으로 판매되게 있다
p26_u83,p26,ce10.0,메노가 메이트는 2019년 미국 식품 예약곡 식판호가를 받아 미국에서는 엑스코프리라는 제품이 형으로 판매되게 있다
p26_u84,p26,taps,전남구의 군청 여자 씨름단 어마진 정수가 기촌 20인은 방된 단호 장사 씨름 대회에서 우증을 찾음을 시증 이관왕에 올렸다.
p26_u84,p26,ce0.0,전남고래 군청 여자 씨름단 어마지는 정수가 2020년 방된 단호 장사 씨린대에서 우증을 차지하느며 시증 이관왕에 올렸다
p26_u84,p26,ce0.1,전남 9회 군청 여자 씨름단 어마진 생세가 2022년 강댕 단호 장사 씨름 대회에서 우승을 차지하기로 씹은 이관항에 올랐다.
p26_u84,p26,ce0.5,전남고래 군청 여자 씨름단 어마진 성수가 2020에는 방된 단호 장사 씨름 대회에서 우승을 차지하는 씹을 이관왕에 올랐다.
p26_u84,p26,ce1.0,전남 그의 군청 여자 시름단 어마진 청소가 2022는 방뱅 달러 장사 시름 대회에서 우승을 찾으며 시름 이관함에 올랐다.
p26_u84,p26,ce2.0,전남구의 군청 여자 씨름단 어마지는 성의부가 2020년 강릉 발로 장사 씨름 대외에서 우승을 차장을 씹은 이관왕에 올랐다.
p26_u84,p26,ce5.0,전남 9회 군청 여자 시름단 어마진 청소가 2020년 강릉 단호 장사 시름 대외에서 우승을 탈전을 시선 이관왕에 올렸다.
p26_u84,p26,ce10.0,전남 고래 군청 여자 씨름단 어마진 봉수가 2020년 방릉 발로 장사 씨름 대외에서 우승을 차지하는 씨름 이관왕에 올랐다.
p26_u85,p26,taps,군에 따르면 유어리들 여자부 국학객 결승전에서 어마진 선수는 안산 10천 김다의 선수를 상대해 2대의 역전승을 거듭며 항수트로 비롯 보면 안왔다.
p26_u85,p26,ce0.0,군에 따르면 유아리를 여자부 국학객 결승전에서 어마진 선수는 안산시청 짐다의 생수를 상대해 2대의 역전생에 거든요 항세 프로필에 보면 안왔다.
p26_u85,p26,ce0.1,군에 따르면 6월 1일 여자부 국학급 결승전에서 어마진 선수는 안산 10천 김다의 선수를 상대해 2대1 역전 승웅버드며 항수트로 비례보면 안왔다.
p26_u85,p26,ce0.5,군에 따르면 유월이를 여자부 국학급 결승전에서 어마진 선수는 안산시청 빈다의 선수를 상대해 2대1 역선승을 거듭며 항수트로 비를 풍경한았다.
p26_u85,p26,ce1.0,"군에 따르면 무얼이들 여자부 국학급 벌승전에서 어마진 선수는 안 310,000 김다의 선수를 당대해 2대1 역근생을 거듭며 항소트로 비롯 푸면 안 왔다."
p26_u85,p26,ce2.0,"굴에 따르면 6월 1일 여자부 국학급 벌승전에서 어마진 선수는 아니 30,000 빈다의 선수를 상대해 2대1 역전승을 거듭며 황수특호 비롯 푸면 안 왔다"
p26_u85,p26,ce5.0,"군에 따른 유월이들 여자부 국컵급 결승전에서 어마진 선수는 안산시청 빈다의 선수를 상대해 2대의 역전승을 거든요, 항쇼트로 비를 풍명한었다."
p26_u85,p26,ce10.0,군에 따르면 6월이들 여다부 국학급 결승전에서 어마진 선수는 단 30총 김다의 선수를 성대해 2대1 역전승을 거두면 항소트로 비를 품인 않았다.
p26_u86,p26,taps,어마진 선준은 3월달에 열렸던 2022 거제장사 시린대회 이중회인이예요. 시즌 2번째 장사 타이틀에 손해 넣으며 개인 동산 6번째 국화장사에 등뒤겠다.
p26_u86,p26,ce0.0,어마진 선수는 3월달에 열렸던 2022 거제장사 실험 대회 이승이니요. 시즌 2번째 장사 타이틀에 손에 넣으며 개인 동산 6번째 국화장사에 등계했다.
p26_u86,p26,ce0.1,어마진 선수는 3월달에 열렸던 2022 거제장사 실현대회 일승이에요. 시즌 2번째 장사 타이틀을 해선해 넣으며 개인 동산 6번째 국화장 회에 들겠다.
p26_u86,p26,ce0.5,어마진 선수는 3월달에 열렸던 2020이 거제장사 실험 대회의 우승이에요. 시든 두 번째 장사 타이티를 손에 넣으며 개인 둥산 6번째 국화장사에 둘득했다.
p26_u86,p26,ce1.0,어마진 선수는 3월달에 열렸던 2022 거제장사 시름대회의 우승행이예요. 시즌 2번째 장이베 타이트를 손해 넣으며 개인 2편 6번째 곡화장회에 들드겠다.
p26_u86,p26,ce2.0,마진 선수는 3월달에 열렸던 2022 거제장사 시름대회 의승에 이어 시즌 2번째 장가 타이틀에 손을 넣으며 개인 중간 6번째 국화장사에 등격했다
p26_u86,p26,ce5.0,마진 선수는 3월달에 열렸던 2020이 거제장사 시름대의 우승이예요. 시든 두 번째 장과 타입힐에 손해 넣으며 개인 풍관 6번째 국가장사에 등극했다.
p26_u86,p26,ce10.0,마진 선수는 3월달에 열렸던 2020이 거제정서 시민대회 우승행이예요. 시든 두 번째 장교 타이틀에 손해 넣으며 개인 동선 6번째 국화장사에 등극했다.
p26_u87,p26,taps,어마진 선수는 사건으로서 같은 팀 소속인 이샌니 선수와 맞부터 데뷔집이와 잡채기를 이대형 심리제 거두와 결승에 올랐다.
p26_u87,p26,ce0.0,어마진 선승을 사공조래서 같은 팀 소속인 이쎜이 생수와 맞부터 들배집이와 잡채기를 이대형 승리제 거두와 대효승에 온났다.
p26_u87,p26,ce0.1,어마진 선수는 사공 돌려서 같은 팀 소속인 이생희 선수와 맞부터 들배집이와 자체비 위대형 승리제 거두와 결승에 올랐다.
p26_u87,p26,ce0.5,어마진 선수는 사공주면서 같은 팀 수족이 이생희 선수와 맞부터 들배지기와 자책이로 이대형 승리제 거두와 결승에 올랐다.
p26_u87,p26,ce1.0,어마진 선수는 사강급에서 같은 팀 소속이 2세민 선수와 맞부터 들배지기와 잡채기로 이대형 승리제 거두와 결승에 올랐다.
p26_u87,p26,ce2.0,어마진 선수는 사공급에서 같은 팀 소속인 이생희 선수와 맞부터 들가직이와 잡채기로 이대형 승리제 거두와 결승에 오났다.
p26_u87,p26,ce5.0,어마진 선수는 사공급에서 같은 퀸 소속이 2세미 선수와 맞붙어 데뷔집이와 잡채기로 2배형 승리대 거두와 결승에 올랐다.
p26_u87,p26,ce10.0,어마진 선심은 사건으로서 같은 팀 소속인 이선이성에서 어맛부터 둘 바지 미원 잡채기를 2배형 승리대 거두와 결승에 올랐다.
p26_u88,p26,taps,결승전 첫번째판에서 어마진 선수는 긴다의 선수의 안다리 기술에 걸려 선점에 되줬다.
p26_u88,p26,ce0.0,결승전 첫번째 편에서 어마진 센서는 긴다의 센서의 안다리 기술에 걸려 선점을 되줬다.
p26_u88,p26,ce0.1,갤승근 첫번째판에서 어마진 선수는 긴다의 생수의 안다리 기술에 걸려 성점에 되줬다
p26_u88,p26,ce0.5,결승전 첫번째판에서 어마진 선수는 빈다의 선수의 안다리기실에 걸려 선점을 되줬다.
p26_u88,p26,ce1.0,결승군 첫번째판에서 어왔진 부분은 빈다에 섭외한 안다리기술에 걸려 손덤이 되었다.
p26_u88,p26,ce2.0,개승군 첫번째판에서 어마진 선수는 긴다의 선수의 안자리 기술에 걸려 손점이 되줬다.
p26_u88,p26,ce5.0,개승전 첫번째판에서 어마진 선수는 긴다의 선수의 안다리 기술에 걸려 선점에 되셨다
p26_u88,p26,ce10.0,결승전 첫번째 판에서 어마진 선수를 긴다 해석서의 안다리 기술에 걸려 선점을 되줬다.
p26_u89,p26,taps,그러나 동고를 함께 받은 분리했던 성황수돼서 연장전 변기 등리 7초로 남겨두고 잡채기 기술에 원대키 성공 수키면서 두 번째 판을 가져갔다.
p26_u89,p26,ce0.0,그러나 동골에 한 개 받은 분리했던 상황수돼서 연장경 병지쟁기 7초례 남겨주고 잡채기 지술에 원대 키 성공시키면서 두 번 재판을 가져갔다.
p26_u89,p26,ce0.1,그러나 경고를 함께 받은 분리했던 상황 속에서 연장 등 변기 등교 철출에 남겨두고 잡채계 기술에 완벽히 성공수키면서 두 번째 판을 가져갔다.
p26_u89,p26,ce0.5,그러나 동골에 한계 받은 분리했던 상황수돼서 연장 등 변기 등이 7술에 남겨두고 잡채기 기술에 완벽히 성신시키는서 두 번 재판을 가져갔다.
p26_u89,p26,ce1.0,그러나 경고를 한 개 받은 분리했던 상황수래서 연장된 경기동규 7술에 남겨두고 자체기 기술에 완벽히 성공시키는서 두 번째 판을 가져갔다.
p26_u89,p26,ce2.0,그러나 공고를 한 개 받은 빌리였던 상황 속에서 연장정 정기동유 체소에 남겨두고 잡채기 기술에 완벽히 성공시키면서 두 번째 판을 가져갔다.
p26_u89,p26,ce5.0,그러나 공부를 함께 받은 분리했던 상황 속에서 연장정 변기 등의 철술에 남겨두고 잡채기술의 완벽히 성공시키면서 두 번째 판에 가져갔다.
p26_u89,p26,ce10.0,그러나 공고를 한계 받은 분리했던 상황술에서 연장정 변기 종류 철술에 남겨두고 잡채기 기술에 완벽히 성공시키면서 두 번째 판을 가져갔다.
p26_u90,p26,taps,마지막 판을 거는 배지기와 미래치기를 연계한 기술로 김나의 선수들의 문어들이며 2대1 역전승에 덜었다.
p26_u90,p26,ce0.0,마지막 판을 거는 배지지와 밀어치기를 연계한 주션도 긴다의 선수를 문어드리며 2대1 역전생에 걸었다.
p26_u90,p26,ce0.1,마지막 판에서는 배지기와 미뤄치기들 연계한 기술로 김나의 선수를 문어드리며 2대1 역전승에 걸었다.
p26_u90,p26,ce0.5,마지막 판을 보는 배지비와 미뤄치기를 연계한 기술로 긴다의 선수를 무너뜨리며 2대1 역전생에 걸었다.
p26_u90,p26,ce1.0,마지막 판에서는 배지비와 미뤄치기대 연계한 기술로 김다의 선수를 문어드리며 2대1 역전통에 더럽다.
p26_u90,p26,ce2.0,마지막 판에서는 배지기와 밀어 치기들 연계한 기술로 긴다의 선수를 문어드리네요. 2대1 역정성에 가놨다.
p26_u90,p26,ce5.0,마지막 판에서는 배지비와 미뤄치기대 연계한 기술로 긴다의 선수로 무너뜨리며 2대1 역전승을 걸었다.
p26_u90,p26,ce10.0,마지막 판에서는 벨지비와 미뤄치기를 연계한 기술로 긴다의 선수를 문어드리며 2대1 역전승에 걸었다.
p26_u91,p26,taps,김주모 구래군수는 이번 배회 의정에 통해 부래군을 빛내줘 고맙다며 앞으로도 환수들이 흘려내만 전념할 수 있도록 다각적인 시원을 아기지 않겠다고 말했다.
p26_u91,p26,ce0.0,김수노 구래군수는 이번 대회 의정에 통해 브래군을 빛내주었 고맙다며 앞으로도 선수들이 흘려넘은 전혀 말 수 있도록 다각적인 시원을 아키지 않겠다. 꼬말했다.
p26_u91,p26,ce0.1,김수노 구래군수는 이번 배회 의정에 통해 불의군을 빛내주었고 왔다며 앞으로도 선수들이 흘려내만 전념할 수 있도록 다각적인 시원을 아기지 않겠다고 말했다.
p26_u91,p26,ce0.5,김수노 구래군수는 이번 배회 의승을 통해 구래군을 빛내줘 고맙다며 앞으로도 현수들이 흘려내만 전념할 수 있도록 다각적인 시원은 아기지 않겠다고 말했다
p26_u91,p26,ce1.0,진수모 구래군수는 이번 제외 우승헬통의 불의군을 빛내주었고맙다며 앞으로도 현수들이 훈련할만 전류만 할 수 있도록 다각적인 지원을 아기지 않겠다고 말했다.
p26_u91,p26,ce2.0,빈주모 구래군수는 이번 대회 우승을 통해 불의군을 빛내주었고맙다며 앞으로도 선수들이 흘러내면 전혀 말 수 있도록 다각적인 지원을 아기지 않겠다. 고맙다.
p26_u91,p26,ce5.0,김준호 국회군수는 이번 대회 우승을 통해 국회군을 빛내주었고 고맙다며 앞으로도 선수들이 훈련을만 전혀 말 수 있도록 다각적인 시원을 아키지 않겠다고 말했다.
p26_u91,p26,ce10.0,김수모 구래군수는 이번 배회 의승을 통해 불의군을 빛내줘 고맙다며 앞으로도 선수들이 훈련을만 전혀 말 수 있도록 다각적인 지원을 아기지 않겠다고 말했다.
p26_u92,p26,taps,이는 전년 둔기대비 매출은 2.1% 증가했지만 영업이 이든 24.1% 감소한 기보다
p26_u92,p26,ce0.0,이는 전년 등기대비 매출은 2.1% 증가했지만 영업이 된 24.1% 감소한 기보다
p26_u92,p26,ce0.1,이는 3년 둔기대비 매출은 2.1% 증가했지만 영업이는 24.1% 감소한 규모다.
p26_u92,p26,ce0.5,이는 전년 동비대비 매출은 2.1% 증가했지만 영업이 된 24.1% 감소한 묘다.
p26_u92,p26,ce1.0,이는 전년 동기대비 매출은 2.1% 증가했지만 영업위는 24.1% 감소한 비오다.
p26_u92,p26,ce2.0,이는 3년 동기대비 매출은 2.1% 증가했지만 영업이 18.1% 감소한
p26_u92,p26,ce5.0,이는 3년 동기대비 매출은 2점을 퍽퍼뜩 증가했지만 영업이게 24.1% 감소한 경우다
p26_u92,p26,ce10.0,이는 전년 동기대비 매출은 2.1% 증가했지만 영어 비율은 24.1% 감소한 규모다.
p26_u93,p26,taps,글로벌 공급망을 불안전과 러시아의 이트랑이나 침공 사태리 있는 원자재 가격 성승 등이 앵행을 미치는서 가져온 결과다
p26_u93,p26,ce0.0,글로벌 공격망 불안전과 러시아의 이트랑이나 침공사태리인한 원자재 가격 흠생대의 예능을 미치는서 가져온 결과다
p26_u93,p26,ce0.1,글로벌 공전망 불안전과 러시아의 우크랑이나 칭본 사퇴리는 원자재 가격 상승 등이 연영을 미치면서 가져온 결과다.
p26_u93,p26,ce0.5,글로벌 공급망 불안정과 널시아의 이크랑인의 침공 사페리는 원자재 가격 상승 등이 영향을 미치면서 가져온 결과다.
p26_u93,p26,ce1.0,글로벌 공급망 불안정과 러시아의 우큐라이너 칭공협회를 있는 원자재 가격 항생대에 연행을 미치면서 가져온 결과다
p26_u93,p26,ce2.0,글로벌 공급망 불안정과 러시아의 우크랑이나 칭공사태를 있는 원조재 가격 흥승이 되니 연영을 미치면서 가져온 결과다
p26_u93,p26,ce5.0,글로벌 공급망 불안정과 러시아의 우크라이나 칭풍 사태리는 원자재 가격 상승돼 연행을 미치면서 가져온 결과다
p26_u93,p26,ce10.0,글로벌 공급망 불안정과 널시아의 우크라이나 침공 사태리 있는 원더제 가격 성을 생돈히 영향을 미치면서 가져온 결과다.
p26_u94,p26,taps,업계에선 촬영용 반도체 부족사태가 완화되면 LG 에너지 소매선의 실적도 개선될 것으로 보고 있다.
p26_u94,p26,ce0.0,어깨에선 촬영룡 반도체 부족사태가 완화되면 LG 에너지 소미선의 실적도 배전될 것으로 보고 있다.
p26_u94,p26,ce0.1,어깨에선 촬영은 관두체 부족사태가 완화되면 LG 에너지숨에선의 실적도 개전될 것으로 보고 있다.
p26_u94,p26,ce0.5,어깨에선 촬영 공간도 제 부족사회가 완화되면 LG 에너지 신부선의 실적도 개선될 것으로 보고 있다.
p26_u94,p26,ce1.0,어깨에선 차림빵 반도체 부족사태가 완화되면 LG 에너지 손매선의 실적도 개전될 것으로 보고 있다.
p26_u94,p26,ce2.0,업계에서는 차량 공간도 제 부족서태가 완화되면 LG 에너지 풍부산의 실적도 개선될 것으로 보고 있다.
p26_u94,p26,ce5.0,없게 전 차량형 반도체 부족 사태가 많아 되면 LG 에너지 손로 센의 실적도 개선될 것으로 보고 있다.
p26_u94,p26,ce10.0,업계에서는 촬영공산도 제 부족사태가 완화되면 LG 에너지 속눈썹을 실적도 개선될 것으로 보고 있다.
p26_u95,p26,taps,최근 증권사 10곳에 분석 보고서의 전망치 평등을 보면 LG 에너지 수벌산의 올해 연간 매트는 20조 1천억 원 영업이 된 1조 원 듐으로 추산됐다
p26_u95,p26,ce0.0,최근 증권사 19세 분석 보고서의 전망시 평등을 보면 LG 에너지 순벌산의 올해 연간 매트를 20조 1천억 원 영업이 된 1조용 규모로 추산됐다
p26_u95,p26,ce0.1,최근 증권사 10곳에 분석 보고서의 전망치 평균을 보면 LG 에너지 수멸산의 올해 연간 매트른 20주에 1천억 원 영업일행 1승 규모로 추산됐다
p26_u95,p26,ce0.5,최근 증권사 19세 분덕보고서의 담망치 풍근을 보면 LG 에너지 수벌산의 올해 연간 매트를 20조 1편 학원 영업이 1등 1등 규모로 추산됐다
p26_u95,p26,ce1.0,최근 증권사 10구세 분독 보고 저의 전망치 팽근을 보면 LG 에너지 순별차는 올해 연간 매트를 20주 1천억 원 영업이 이된 일종 규모로 추산됐다
p26_u95,p26,ce2.0,최근 증권사 열고세 분석 보고서의 전망시 평균을 보면 LG 에너지 순별산의 올해 연간 매출은 20조 1초마권 영업이 된 1조은 규모로 추산됐다
p26_u95,p26,ce5.0,최근 증권사 열고세 분석 보고서의 전망시핑근을 보면 LG 에너지 순배산의 올해 연간 매트를 20주 1편 학원 영화 미국엔 인조한 규모로 추산됐다
p26_u95,p26,ce10.0,최근 증권사 19세 분석 보고서의 전망시 평균을 보면 LG 에너지 수벌산의 올해 연간 매트를 20조 1천억 원 영어비익은 1조용 규모로 추산됐다
p26_u96,p26,taps,"지난해 LG 에너지 솔루션의 연관 매트로는 17조 8,519억 원 영업이 익은 7,285억 원이었다"
p26_u96,p26,ce0.0,"지난해 LG 에너지 솔루선의 연관 매트로 17조 8510 부억 원 영업이 된 7,685억 원이었다"
p26_u96,p26,ce0.1,"지난해 LED 에너지 솔루션의 연관 매트는 17조 8,510 부억 원 영업이 있는 7,885억 원이었다"
p26_u96,p26,ce0.5,"지난해 LED 에너지 솔루션의 연관 매출은 17조 8,519억 원, 영업 1,76685억 원이었다."
p26_u96,p26,ce1.0,"지난해 LED 에너지 솔루션의 연관 매트는 1728,519억 원 영업 이익은 7,285억 원이었다"
p26_u96,p26,ce2.0,"지난해 A.D. 에너지 블루션의 연관 매출은 17조 8,599억 원 영업이 긴 7,685억 원이었다"
p26_u96,p26,ce5.0,"지난해 LG 에너지 술로선의 연관 매출은 17조 8,519억 원 영업이 긴 7,685억 원이었다"
p26_u96,p26,ce10.0,"지난해 LG 에너지 분노선의 영관 매출은 17조 8,599억 원 영업이 등 7,685억 원이었다"
p26_u97,p26,taps,한편 LG 에너지 주무선이 긍 시킬적 발표 전 분기 잠정실적에 공기한 것은 이번 2초입니다.
p26_u97,p26,ce0.0,한편 LG 에너지 술리선이 동시 7적 발표 전 분기 잠정 실적에 공개한 것은 이번 2초입니다.
p26_u97,p26,ce0.1,한편 LG 에너지 수비선이 공식 실적 발표 전 분기 잠정 실적을 공개한 것은 이번이 처음입니다.
p26_u97,p26,ce0.5,한편 LG 에너지 술로서의 공식 실적 발표던 분위기 담정 실적을 공개한 것을 이번이 투하합니다.
p26_u97,p26,ce1.0,한편 LG 에너지 술로서의 공식 실적 발표던 분기 잠정 실적에 공기한 거든 이번 히터입니다.
p26_u97,p26,ce2.0,한편 LG 에너지 둘러세니 공식 실적 발표 전 분기 잠정 실적을 공개한 것을 입원이 처합니다.
p26_u97,p26,ce5.0,한편 LG 에너지 주무선의 공식 실적 발표 전 분기 감정 실적의 공개한 간식의 공개의 공식 실적을 시작할 것입니다.
p26_u97,p26,ce10.0,한편 LG 에너지 솔루선이 공색 실적 발표던 분위기 잠정 실적의 공개한 것은 이번이 표혐입니다.
p26_u98,p26,taps,LG 에너지 수비션 측은 토더자 팬움되기의 잠정이 실적을 제공한다며 일본기 긍식 실적 발표할 부채적 열정인 추억 공시를 통해 안내에 예정인이라고 선했다.
p26_u98,p26,ce0.0,LG 에너지 수비선 측은 토저 자폐는 데이기에 잠정이 실적을 제공한다며 일본기 긴식 실적 발표할 부채덕 일정인 추억 공시를 피는 안내에 예정이라고 선했다.
p26_u98,p26,ce0.1,L.C. 에너지 숭개선 측은 투자 자폐는 대기의 잠정 실적을 제공한다며 일본기 공식 실적 발표할 부채적 일정은 추억 공실을 통해 안내할 예정이라고 변했다.
p26_u98,p26,ce0.5,L.C. 에너지 수비션 측은 투자사 펜어대위에 담중 실적을 제공한다며 일본기 공식 실적 발표할 구체적 일정은 추후 공실을 풍용한 내용을 예정이라고 전했다.
p26_u98,p26,ce1.0,L.D. 에너지 속에서는 지금 투데바 패넘들 위에 담중 실적을 제공한다며 1분기 공식 실적 발표할 구체적 일정은 추후 공식을 통해 안 내할 예정이라고 전했다.
p26_u98,p26,ce2.0,데뷔 에너지 쏘게션 측은 투덮아 펴너들 위에 담중 실적을 제공한다며 일본기 공식 실적 발표에 구체적 일정은 추후 공실을 통해 안내할 예정이라고 전했다.
p26_u98,p26,ce5.0,LG 에너지 속에서는 지금 투자 바쁘는 데에 위해 감정 실적을 제거한다며 1분기 공식 실적 발표에 구체적 일정은 추호 공시를 풍인 안낼 예정이라고 전했다.
p26_u98,p26,ce10.0,LG 에너지 쏘게션 측은 후다닥 표노대위에 담중 실적을 제공한다며 1분기 공식 실적 발표할 구체적 일정은 추호 공식을 통해 안 내할 예정이라고 전했다.
p26_u99,p26,taps,문재인 전 대통령이 23회 곧 노무현 전 대통령의 그양이자 묘역이 있는 방남 비넷이 봉함화를 찾았다
p26_u99,p26,ce0.0,문재인 전 대통령이 20천에 곧 노무현 전 대통령의 구향이자 묘액이 있는 경남 비넷이 봉암아를 찾았다.
p26_u99,p26,ce0.1,"문재인 전 대통령이 23일 곧 노무현 전 대통령의 그양이자, 묘앱이 있는 경남 비매시 봉화말에 찾았다."
p26_u99,p26,ce0.5,운대인 전 대통령이 23회 곧 노무현 전 대통령의 그양이다. 묘역이 있는 경남 비매시 공함화를 찾았다.
p26_u99,p26,ce1.0,"문재인 전 대통령이 28일 곧 노무현 전 대통령의 고양이자, 묘압이 있는 경남 비매시 공원화를 찾았다."
p26_u99,p26,ce2.0,문재인 전 대통령이 21호 노무현 전 대통령의 고양이자 유혁이 있는 경남 비매 시풍 화발을 찾았다.
p26_u99,p26,ce5.0,"문재인 전 대통령이 23회 곧 노무현 전 대통령의 고양이자, 묘역이 있는 경남 비네시 풍화말에 찾았다."
p26_u99,p26,ce10.0,문재인 전 대통령이 23일 고 농회인 전 대통령의 구향이자 묘역이 있는 경남 김의식 봉화 마을에 찾았다.
p32_u00,p32,taps,"경남 4천 3공에서 공금 1년이기 2대가 최인돌의 내면에 조등사과 순직한 경험대, 사고원이 그면의 핵심이들 비행 기록 경치가 발견됐다."
p32_u00,p32,ce0.0,"경남 자천 생공에서 공공 힐년기 두 달과 책돌에 내면의 조등사과 순직한 겨원대, 사고 원인 근원의 핵심이들 비행기록 장치가 발견됐다."
p32_u00,p32,ce0.1,"간만 벽천 3공에서 궁금해년기 두 달과 최행돌의 4명의 조 등서야가 순직한 경험대, 사고 원인 규명의 시미들, 비행 기록 정치가 발견됐다."
p32_u00,p32,ce0.5,100만 답천 3공에서 금군 현련기 두 대가 챙거래 4명의 두 등 사과 순식한 경험대 사고 원인 규명의 시미들 비은 기록 경치가 발견됐다
p32_u00,p32,ce1.0,"경남 잡천 생공에서 궁금 흘려내기 부대가 충돌에 4명의 도중서가 순식한 경험대, 사고 원인 균형의 핵심이들, 비행 기록 정치가 발견됐다."
p32_u00,p32,ce2.0,경남 4천 성공에서 금금현련이 2대가 충돌에 4명의 조등사과 순식한 경험된 사고원이 2명의 핵심이들 BM 기록 정치가 발견됐다
p32_u00,p32,ce5.0,견만 밭천 생공에서 궁금훈련기 그무대가 충돌에 4명에 도등 사과 순식한 경우인데 사고원의 균형의 시미들 BN 기록 경치가 발견됐다.
p32_u00,p32,ce10.0,경남 바청 성공에서 궁금 훈련이기 도대가 추인돌에 4명의 조 등 작가 순직한 경우인데 사고 원위 규명의 시 모델 비행 기록 정치가 발견됐다.
p32_u01,p32,taps,"3일 공금 등에 따르면 공줄싱도로 추락한 금금 1년이기 KT 다시 1, 흘렁기 2대지용 1대의 블랙박술과 전날 오전 4천 증동량 파합니익 인위개네사 발견됐다."
p32_u01,p32,ce0.0,"3일 공군등에 따르면 공줄싱도로 추락한 공군벨련이기 KT 다시 1, 훈련기 2달 중 한 대일 블랙박스가 전날 오전 4천 젠동년 화함이 2개내서 발견됐다."
p32_u01,p32,ce0.1,"참일 공금 등에 따르면 공질생도로 추락캠 경금 현련기 퀭퀴 다시 1, 훌련기 2대 중 한 대일 블랙박술과 전날 오전 4천 정동면 화합리 1개네처 발견됐다"
p32_u01,p32,ce0.5,"3일 금곤 등에 따르면 공중신로로 추락한 금곤 현련이 케이크 케이크 다시 1, 훈련기 2대 중 한 대일 블랙박수가 전날 오전 4천 정도면 3회의 인근에서 발견됐다"
p32_u01,p32,ce1.0,3일 공군 등에 따르면 공중시후로로 추락한 공군 현련이 켠쿠이 다시 1현련기 등 대중 한 대일 블랙박즈가 전날 오전 4천 정동면 하암릭 인근에서 발견됐다
p32_u01,p32,ce2.0,"3일 공군둥에 따르면 공중승후돌로 추락한 공군벨련이 KT 다시 1, 훈련기 두 달 중 한 대의 백랙박수가 전날 오전 4천 정도면 사안은 1근에 더 발견됐다"
p32_u01,p32,ce5.0,"3일 공군 등에 따르면 공줄 키우돌로 추락한 공군 현련이 케이피 다시 1, 현령이 2대 중 한대의 빌랙 박수가 격날 오전 4천 정도면 화음이 인겐에서 발견됐다"
p32_u01,p32,ce10.0,"3일 공군 등에 따르면 공주 승도로 추락한 궁금 훈련이기 KT 다시 1, 훈련기 두 달 중 3대 1 블랙 봤을과 전날 오전 4천 중 동면 성함이 인근에서 발견됐다"
p32_u02,p32,taps,블랙박스 라고 불리는 이 비행 기록 정치 앨널 퇴령기 조동수 아들의 음성과 통신 정보 BM 상황 등의 정보가 던겨있다.
p32_u02,p32,ce0.0,블랙박스라고 불리는 이 비행 기록 잠치 앨날 훈련기 조정사들의 이성과 텐신 정보 비행 상황 등의 정보가 전혀 있다.
p32_u02,p32,ce0.1,블랙박스 라고 불리는 1v1 기록 장치애나의 훌륭기 조등사들의 인상과 탱신정보 비행 상황 등의 정보가 관계 있다.
p32_u02,p32,ce0.5,블랙박스라고 불리는 1BM 기록 정치 M.O. 현령지 조둥수압을 해 음성과 편신정보 B.M. 상황금의 정보가 던겨있다.
p32_u02,p32,ce1.0,블랙박스라고 불리는 1v1 기록 정치에는 훌륭기 조둥자들의 음성과 탱신정보 비행 상황 등의 정보가 반겨 있다.
p32_u02,p32,ce2.0,블랙박스라고 불리는 이 비행기로 정치해나요 훌륭기 조정사들의 유성과 통신 정보 비행 상황 등의 정보가 담겨 있다.
p32_u02,p32,ce5.0,블랙박스라고 분리는 1BN 기록 정치에 나의 홀령기 조동자들의 음전과 평신 정보 비행 상황 등의 정보가 번겨있다.
p32_u02,p32,ce10.0,블랙박스 라고 불리는 이 비행기록 정치의 나의 훌륭기 조정수들의 위성과 통신 정보 비행 상황 등의 정보가 된 게 있다.
p32_u03,p32,taps,"공급은 수고한 비에 기록 장치의 내용이 분석하는 한편, 나머지 한 대에 비에 기록 장치 등 산의 수색 작업도 이어가고 있다."
p32_u03,p32,ce0.0,"공부는 수고한 비의 기록장지의 내용이 분석하는 한편, 나머지 한 대의 비의 기록장지 등, 자네 수색 작업도 이어가고 있다."
p32_u03,p32,ce0.1,"공급은 수고한 비행 기록장지의 내용의 분석함을 한편, 나머지 한 대의 비행 기록장지 등, 자낸 순색 작업도 이어가고 있다."
p32_u03,p32,ce0.5,"공군은 수고한 비행 기록 정치의 내용을 분석하는 한편, 나머지 한 대의 비행 기록 정치 등, 잔엔 수색 작업도 이어가고 있다."
p32_u03,p32,ce1.0,"궁금은 수고한 비행 기록 경치의 내용을 분석하면 한편, 나머지 한 대의 비행 기록 정지 등, 산의 순색 작업도 이어가고 있다."
p32_u03,p32,ce2.0,"공군은 수고한 비행 기록 경치의 내용을 분석하는 한편, 나머지 한대의 비행 기록 장치등, 관의 수색 작업도 이어가고 있다."
p32_u03,p32,ce5.0,공군은 수고한 비행 기록 경치에 있는 영에 분석한을 한편 나머지 한 대의 비행 기록 경치 등 산엔 수색 작업도 이어가고 있다
p32_u03,p32,ce10.0,공부는 수고한 비행 기록 정치의 내용을 분석하는 한편 나머지 한 대의 비행 기록 정치 등 산엔 수색 작업도 이어가고 있다
p32_u04,p32,taps,"사복 현장인 정동렴, 1대 정력 이름 명령을 배치해 전해 수색을 진행 중이다."
p32_u04,p32,ce0.0,"사보 현장인 정동렴, 1대, 벽력, 이름면명을 배치해 전해 소세계 진행 중이다."
p32_u04,p32,ce0.1,"사보 현장인 정동렴, 1대의 변명, 2대의 명령을 배치해 전해 수색을 진행 중이다."
p32_u04,p32,ce0.5,"타고 현장인 덩동렴, 1대 병력 200명을 받지에 잔의 수색을 진행 중입니다."
p32_u04,p32,ce1.0,카보 현장인 정동면 1대의 병력 이름 여명을 배치해 전해 수색을 진행 중입니다.
p32_u04,p32,ce2.0,"사고 현장인 정동렴, 일대 병력 이름 여명을 배치해 잔의 수색을 진행 중입니다."
p32_u04,p32,ce5.0,사고 현장인 정동면 1대 병력 200명을 받지에 전해 수색을 진행 중이다.
p32_u04,p32,ce10.0,사고 현장인 정동면 1대 병력 200여 명을 받지에 잔의 수색을 진행 중이다.
p32_u05,p32,taps,훈련 기가 공질 충돌한 만켐 자네가 광범위의 헷게 펴져 있을 것으로 추정된다.
p32_u05,p32,ce0.0,훈련 기가 공주이 충돌한 만견 자네가 건범위 황혜게 펴져 있을 것으로 추정된다.
p32_u05,p32,ce0.1,훈련 기가 공중충고란 만큼 잔회가 강범위와 헬깨 펴질스 버스로 추정된다.
p32_u05,p32,ce0.5,훈련 비가 공중충고란 만큼 단회가 강범위원하게 펴드에 있을 것으로 추정된다.
p32_u05,p32,ce1.0,훈련위가 공주출고란 만큼 잔회가 강범위원하게 터져 있을 것으로 추정된다.
p32_u05,p32,ce2.0,훈련위가 공주틀고란 만큼 잔회가 강범위와 하게 펴줘 있을 것으로 추정된다.
p32_u05,p32,ce5.0,훈련기가 공증 충돌한 만큼 잔회가 강범위원하게 펴줘 있을 것으로 투정된다.
p32_u05,p32,ce10.0,훈련기가 공중출보란 만큼 단회가 광범위원하게 펴줄 있을 것으로 추정된다.
p32_u06,p32,taps,서고기의 잔에도 사고 원인에 중요한 방법을 제거할 수 있어서 찾게 되면 한 장을 1선 임시 보서나고 있다.
p32_u06,p32,ce0.0,서고기의 잔에도 사고 원인에 중요한 정보를 제공할 수 있어서 찾게 되면 현장에 이선 20부조나고 있다.
p32_u06,p32,ce0.1,서고기의 잔에도 사고 원인에 중요한 정보를 제공할 수 있어서 찾게 되면 현장을 일천 임시 부조나고 있다.
p32_u06,p32,ce0.5,사고기의 잔에도 사고 원인에 중요한 정보를 재능할 수 있어서 찾게 되면 현장을 우선 25존하고 있다.
p32_u06,p32,ce1.0,"서곡위에 잔에도 사고 원인에 중요한 방법을 제공할 수 있어서 찾게 되면 현장을 20,20보중하고 있다."
p32_u06,p32,ce2.0,선곡위에 전에도 사고 원인에 중요한 방법을 제공할 수 있어서 찾게 되면 현장을 우선 20조 정도 하고 있다.
p32_u06,p32,ce5.0,천국이의 잔에도 사고 원인에 중요한 정보를 제공할 수 있어서 찾게 되면 현장을 의선 임시 부존하고 있다.
p32_u06,p32,ce10.0,창고기의 잔에도 사고 원인에 중요한 정보를 제공할 수 있어서 찾게 되면 현장을 우선 20시 부조나고 있다.
p32_u07,p32,taps,앞서 지난 1일 오후 1시 32분쯤 경남 4천 긴군 제3일연 비행단에서 KT 힐령이기 조대가 훈련 도지 공중에서 칭도랬다.
p32_u07,p32,ce0.0,앞서 지난 1일 오후 1시 32분쯤 경남 4청 진군 재산 훈련 비행단에서 KT 훈련기 도대가 훈련 도지 공중에서 칭도랬다.
p32_u07,p32,ce0.1,앞서 지난 1일 오후 1시 32분쯤 경남 4층 긴군 재삼 흘렴 비행단에서 KT 흘렴기 둥대가 흘렴 보지 경중에서 챙거랬다
p32_u07,p32,ce0.5,앞서 지난 1일 오후 1시 32분쯤 경남 4천 긴군 제3현렴 비행단에서 KT 흘렁기 부대가 훈련 도주 경중에서 충렬했다.
p32_u07,p32,ce1.0,앞서 지난 1일 오후 1시 32분쯤 경남 4천 경군 재산 훈련 비행단에서 KT 훈련기 동대가 훈련 보지 경중에서 침거랬다
p32_u07,p32,ce2.0,앞서 지난 1일 오후 1시 3시 2분쯤 경남 4천 긴군 제3훈련 비행단에서 KT 훈련기 중대가 훈련 보증 공중에서 충돌했다.
p32_u07,p32,ce5.0,앞서 지난 1일 오후 1시 32분쯤 경남 4천 군군 제3후렴 비행단에서 K.T. 훈령기 중대가 훈련 보증 공중에서 충돌했다.
p32_u07,p32,ce10.0,앞서 지난 1일 오후 1시 32분쯤 경남 4천 군군 제3현련 비행단에서 KT 훈련기 중대가 훈련 보증 공준에서 칭도랬다
p32_u08,p32,taps,도대에는 학생 교종사 2년과 비해의 교수 2년 등 모두 4명이 탑승했고 당시 비상통 7회지만 암탑 같개도 모두 순직했다.
p32_u08,p32,ce0.0,도대에는 학생 조종사 2년과 비해의 교수 2년 된 모두 4년이 탑승했고 당시 비상태인 체략지만 안타깝게더 모두 순직했다.
p32_u08,p32,ce0.1,도대회는 학생 결혼사 2년과 비행의 교수 2년 등 모두 4명이 탑승했고 당시 비상팬 칠했지만 안타깝게로 모두 숨지겠다.
p32_u08,p32,ce0.5,두 대는 학생 조롱사 두 명과 비행의 교수 두 명들 모두 4명이 턱승했고 당시 비상통 1체략지만 안타깝게도 모두 숨지겠다
p32_u08,p32,ce1.0,두 대는 학생 교종사 두 명과 비행이 교수 두 명된 모두 4명이 탑승했고 당시 비상탱이 체략지만 안탑 받게도 모두 순직했다.
p32_u08,p32,ce2.0,두 대는 학생 조종사 두 명과 비행의 교수 두 명 등 모두 내년이 탑승했고 당시 비상통출했지만 안타깝게도 모두 순직했다.
p32_u08,p32,ce5.0,2대는 학생 교정사 2년과 비행의 교수 2년 등 모두 4명이 탑승했고 당시 비상탈 칠했지만 암탑 덮개도 모두 순식했다
p32_u08,p32,ce10.0,두 대는 학생 교종사 두 명과 비행이 교수 두 명 등 모두 4명이 탑승했고 당시 비상승 출했지만 암탑 것개도 모두 승직했다.
p32_u09,p32,taps,K.T.는 국내 기술로 개발된 최초의 국사 훌륭계로 2000년 8월부터 실전 배치됐다.
p32_u09,p32,ce0.0,KT는 공내 기술로 개발된 최초의 국상 흘렴기해보 2000년 8월부터 실전 배치됐다.
p32_u09,p32,ce0.1,KT는 국내 기술로 개발된 최초의 국사 훈련계로 2000년 8월부터 실전 배치됐다.
p32_u09,p32,ce0.5,KT는 국내 기술로 개발된 최초의 구사 훌륭계로 2000년 8월부터 실전 배치됐다.
p32_u09,p32,ce1.0,KT는 국내 기술로 개발된 최초의 국사 훌륭계로 2000년 8월부터 실점 100치됐다.
p32_u09,p32,ce2.0,KT는 국내 기술로 개발된 최초의 구사 훈련계로 2000여 파를 붙어 실전 배치됐다.
p32_u09,p32,ce5.0,KT는 국내 기술로 개발된 최초의 국사 훈련계로 2000년 8월부터 실전 배치됐다.
p32_u09,p32,ce10.0,KT는 국내 기술로 개발된 최초의 국사 훈련기에도 2000년 8월부터 실점 배치됐다.
p32_u10,p32,taps,"연결식은 자일 오전 공군 재상혜연 비행단, 안창 남문화 해간에서 비공이 괴로 고행된다."
p32_u10,p32,ce0.0,"연결식은 자일 오전 공군 재산 훈련 비행단, 안창 남문화 해간에서 비공이 괴로 고행된다."
p32_u10,p32,ce0.1,"연결 실근 415정 공군 제3현량 비행단, 안창 남문화, 헬간에서 비공이 괴로거행된다."
p32_u10,p32,ce0.5,"연결실근 4일 오전 균군 재산훈련 비행단, 안창 남문화 해간에서 비근계로 고행된다."
p32_u10,p32,ce1.0,영결식은 4일 오전 공군 재산물렴 비행단 안창 남문화 해간에서 비근이 괴로 고행된다.
p32_u10,p32,ce2.0,연결식은 자일 오전 국민 재산 훈련 비행단 안창 남문화 해간에서 비공개로 거행이 된다.
p32_u10,p32,ce5.0,연결실근 4일 오전 금군 재산 1년 비행단 안창 남문화 해간에서 비구이개로 고행된다
p32_u10,p32,ce10.0,연결실근 4일 오정 9군 제3일년 비행단 안창 남문화 해간에서 비공개로 구해 된다.
p32_u11,p32,taps,윤석열 대통령 대양인선이니 윤석열 정부의 대통령실 비서관급 후속 인선을 이르면 5일 배퇴 된다.
p32_u11,p32,ce0.0,윤석열 대통령 변행 이선일이 윤석열 정부의 대통령실 비서관겹 구속인선을 이르며 5일 발표된다
p32_u11,p32,ce0.1,윤석열 대통령 변형선인이 윤석열 정부의 대통령실 비서관급 후속 인선을 이르면 01 발표된다.
p32_u11,p32,ce0.5,윤석열 대통령 변행사 리니. 윤석열 정부의 대통령실 비서관금 후속 인선을 이러면 오늘 발표된다.
p32_u11,p32,ce1.0,윤석열 대통령 대한민선이니 윤석열 정부의 대통령실 비서관급 뽀석 인선을 이르며 5밀 발표된다.
p32_u11,p32,ce2.0,윤석열 대통령 달영 선인이 윤석열 정부의 대통령실 비서관과 후속 인선을 이루는 5일 발표된다.
p32_u11,p32,ce5.0,윤석열 대통령 발행선이니 윤석열 정부의 대통령실 비서관급 호속 인선을 이르면 5일 발표된다.
p32_u11,p32,ce10.0,윤석열 대통령 반응 선임이 윤석열 정부의 대통령실 비서관금 후속 인선을 이러면 옮길 발표된다.
p32_u12,p32,taps,윤석열 당선인 대대는 이슬 감계자면 빠릇년 내일이나 모래 발표한다며 이번에는 선현이로 발표할 예정이라고 말했다.
p32_u12,p32,ce0.0,윤석열 당선인 대전 인실 경계자는 빠른年 내일이나 모래 발표한다며 이번에는 성현이로 발표할 예정이라고 말했다.
p32_u12,p32,ce0.1,윤 세결 당선인 대대는 인실 감계자면 빠른年 내일이나 모래 발표한다며 이번에는 성현으로 발표할 예정이라고 말했다.
p32_u12,p32,ce0.5,윤석열 당선인 대변이실 감기계자면 바른념 내일이나 모래 발표한다며 이번에는 서면으로 발표할 예정이라고 말했다.
p32_u12,p32,ce1.0,윤석열 당선인 대변이실 감계자면 빠른年 내일이나 모래 발표한다며 이번에는 성연으로 발표할 예정이라고 말했다.
p32_u12,p32,ce2.0,윤석열 당선인 대변이실 검개자는 빠른年 내일이나 모래 발표한다며 이번에는 소면으로 발표할 예정이라고 말했다.
p32_u12,p32,ce5.0,윤석열 장선인 대변이실 관계점은 빠른年 내일이나 물에 발표한다며 이번에는 소면으로 발표할 예정이라고 말했다.
p32_u12,p32,ce10.0,윤석열 당선인 대변 이슬 관계자면 빠르면 내일이나 모래 발표한다며 이번에는 소면으로 발표할 예정이라고 말했다.
p32_u13,p32,taps,앞서 수속급 인사를 장제원 당선이 비서실장이 배지와는 겪고하는 사모 다른 모습이다.
p32_u13,p32,ce0.0,앞서 수속개비인사를 장제원 당선인 비서실장이 배지와는 덮고하는 사모다른 모습이다.
p32_u13,p32,ce0.1,앞서 수속계 인사를 장제원 당선인 비서실장이 배지와는 덮고하는 사무 다른 모습이다.
p32_u13,p32,ce0.5,앞서 수속급 일사를 장제원 방선이 비서실장이 발표한 국관은 사모 다른 모습이다.
p32_u13,p32,ce1.0,앞서 소속급 인사를 장이재원 당선이 비서실장이 배표한 겉과는 사모다른 모습이다.
p32_u13,p32,ce2.0,앞서 수석급 인사를 장제원 방선인 비서실장이 발표한 극관을 사모 다른 모습이다.
p32_u13,p32,ce5.0,앞서 수속급 인사를 장제원 당선인 비서실장이 발표한 겉과는 사묻다른 모습이다.
p32_u13,p32,ce10.0,앞서 수속급 인사를 장제원 방송은 비서실장이 발전한 극관은 사모 다른 모습이다.
p32_u14,p32,taps,초대 극정 상황 실장에는 대전 캠페이 과정에서 연 단용이 전인해 메시지를 총과했던 하모석 전 청와대선이 행정관이 유력하게 거론된다.
p32_u14,p32,ce0.0,초대 뒷정 상황 실장에는 대전 텐페이 가정여서 연단 용이선이 내 메시지를 총과했던 하모석 전 청와대선이 흥정관이 유력하게 결혼된다.
p32_u14,p32,ce0.1,초대 극정 상황 실장에는 대전 캠페이 과정에서 윤 단융천인의 메시지를 충과랬던 하모석 전 청와대 선임 행정관이 유력하게 결혼된다.
p32_u14,p32,ce0.5,초대 극정 상황실장에는 대선 캠페일 과정에서 눈 단융선이 내 메시지를 충과랩던 함호서 전 성화대선이 행정관이 유력하게 결혼된다.
p32_u14,p32,ce1.0,"초배 극정 상황실장에는 대선 텐페이 과정에서 연단 6,000인의 미스키지를 충과랬던 하모섭 전 성화 대선이 흐전관이 유력하게 결혼된다."
p32_u14,p32,ce2.0,초대 극정 상황실장하는 대선 캠페이 과정에서 윤 단윤 선인의 메시지를 총갈했던 하모섭 전 청와대선이 흉정관이 유력하게 결혼된다.
p32_u14,p32,ce5.0,소대 극정 상황실장하는 대선 캠페이 과정에서 윤 당윤 선인의 미시지를 총과했던 하면섭 전 성화대선이 흉정관이 유력 관계 걸연된다.
p32_u14,p32,ce10.0,초대 극정 상황실장안은 대전 텐페이 과정에서 연단용 선인에 메시지를 중과했던 하모 섭준 청와대 선의 흥정관이 무력하게 거론된다
p32_u15,p32,taps,정무수 석실 사나 등무 비서관에는 홍지만 전 의원이 홍보 수석실 사나 행고 기획 비서관에는 최영의 동아이보 분국정이 사막 병에 올랐다.
p32_u15,p32,ce0.0,정무수 석실 사마 정무수 비서관에는 홍지만 전 의원이 홍보수 석실 사마 홍보 기획 비서관에는 최영의 동아의보 불구장이 하마평에 올랐다.
p32_u15,p32,ce0.1,정무수 석실 사나 댕물 비서관에는 성지만 전 의원이 생고수 석실 사나 행보 기획 비서관에는 최영의 변화일보 분곡정이 사막 병에 올랐다.
p32_u15,p32,ce0.5,정무수 석실 사나 백무 비서관에는 송지만 전 의원이 흔고수 석실 사나 흔고 기획 비서관에는 최영의 변화예보 북극전이 사나평에 올랐다.
p32_u15,p32,ce1.0,정무수 석싱 참아 병물 비서관에는 홍지만 전 의원이 흘보수 석싱 참아 흘보 기획 비서관에는 최영의 변가일보 붕빛장이 하나평에 올랐다.
p32_u15,p32,ce2.0,정무수 석실 사나 등무 비서관에는 홍지만 전 의원이 신 보수 석실 사나 흠보 기획 비서관에는 최영의 동아일보충국 정의 사나평의 올랐다.
p32_u15,p32,ce5.0,정보수 석실 찬아 병무 비서관에는 홍이지만 저는 이원이 행보수 석실 찬아 희보 기획 비서관에는 최영의 동아일보 분국정이 하막평에 올랐다.
p32_u15,p32,ce10.0,정무수 석실 사나 등무 비서관에는 홍지만 전 의원이 홍보수 석실 사나 홍고 기획 비서관에는 최영의 등가 일부 분곡점이 사나평에 올랐다.
p32_u16,p32,taps,"법률 기서관에는 주진의 정로사, 이전 비서관의 균이범, 당선인 보자 이야기, 사실상 예정이 된 것으로 알려졌다."
p32_u16,p32,ce0.0,"점율 비서관에는 주짐이 전호사, 이전 비서관의 규미 범, 당선인 보자 여기 사실상 예정이 된 것으로 알려졌다."
p32_u16,p32,ce0.1,"정률 비서관에는 중증을 전호사, 이전 비서관은 극미밤, 당선인 보자 여기 탈실상 예정된 것으로 알려졌다."
p32_u16,p32,ce0.5,"정률 비서관에는 주진을 전호사, 의전 비서관을 귀밀밤, 당선일 보자 여기에 사실상 내정된 것으로 알려졌다."
p32_u16,p32,ce1.0,"법률 비서관에는 주진을 정모사, 이전 비서관을 규미 밤 당선인 보자얘기 사실상 레정이 변 것으로 알려졌다."
p32_u16,p32,ce2.0,"정률 비서관에는 주진을 정로사, 이전 비서관은 규밀밤, 당선인 보자 여기 사실상 내정이 된 것으로 알려줬다."
p32_u16,p32,ce5.0,정률 비서관에는 주진을 전호사 이 전 비서관은 규미 번 당선일 부자 여기 사실상 내 정이 된 것으로 알려졌다
p32_u16,p32,ce10.0,정률 비서관에는 주진을 정로사 이 전 비서관은 규물방 당선인 부자 여기 사실상 내정은 등 것으로 알려졌다.
p32_u17,p32,taps,앞서 이운 당선인은 지난 1일 2시 오수석의 대통령실의 수석급 인선을 배표했다.
p32_u17,p32,ce0.0,앞서 이용 당선인은 지난 1일 2실 5수석에 대통령실 수석급 인선을 발표했다.
p32_u17,p32,ce0.1,"앞서 유은 당선인한 지난 일들 이슬, 오수석의 대통령실을 수석급 윤선을 발표했다."
p32_u17,p32,ce0.5,앞서 용은 당선에는 지난 1일 20일 5수석이 대통령실의 수석을 운선을 발표했다.
p32_u17,p32,ce1.0,앞서 6은 당선에는 지난 1을 20호 수석에 대통영신을 수석을 인선을 발표했다.
p32_u17,p32,ce2.0,앞서 이용 당선인은 지난 1일 20호 수석에 대통령실 수석을 인선을 발표했다.
p32_u17,p32,ce5.0,앞서 유흔 당선인은 지난 1일 위실 오수석의 대통령실 수석을 인선을 발표했다.
p32_u17,p32,ce10.0,앞서 용 당선에는 지난 1인 2실 오수석인 대통령실 수석을 민선을 발표했다.
p32_u18,p32,taps,"또는 6개의 대통령, 지길 수위위원회, 해척 시액을 앞둔 만큼 윤석열 정부의 공식 출밤 준비 작업은 이번 주 마무리를 전망이다."
p32_u18,p32,ce0.0,"오늘 6개의 대통령 지길 수위위원회, 해척 시액을 앞둔 만큼 윤석열 정부의 공식 출밤 중기 작업은 이번 주 마무리될 전망이다."
p32_u18,p32,ce0.1,"오늘 일기에 대통령 주기인 수위위원회, 헷촉 시액을 앞둔 만큼 윤석열 정부의 공식 출밤 준비 작업은 이번 주 마무리될 전망이다."
p32_u18,p32,ce0.5,꼬는 이게 대통령을 죽일 수 유한해 해척 시액을 앞둔 만큼 윤석열 정부의 공식 출밤 준비 작업은 이번 주 마무리될 전망이다.
p32_u18,p32,ce1.0,오늘 6개의 대통령이 죽인 수위원회 해척 시액을 앞둔 만큼 윤석열 정부의 공식 출밤 준비 작업은 이번 주 마무리될 전망이다.
p32_u18,p32,ce2.0,오늘 이기에 대통령 주기의 수위와는 해척 시액을 앞둔 만큼 윤석열 정부의 공식 출범 준비 작업은 이번주 마무리될 전망이다.
p32_u18,p32,ce5.0,오늘 6개의 대통령 주길 수 유원해 해척 시액을 앞둔 만큼 윤석열 정부의 공식 7번 준비 작업은 이번 주 마무리돼 전망이다.
p32_u18,p32,ce10.0,또는 6개의 대통령직인 수위원회 해척실과 앞둔 만큼 윤석열 정부의 공식 출밤을 준비 작업은 이번 주 마무리될 전망이다.
p32_u19,p32,taps,공찰이 이재명 더불어 민주당 대표의 최측근이 정진서인 민주당 당의 대표 정무 조정실장이 15일 소환할까
p32_u19,p32,ce0.0,검찰이 이재명 더불어 민주당 대표의 최측근이 정진선 민주당 대표 정보 조정실장이 15일 소환했다.
p32_u19,p32,ce0.1,검찰이 이재명 더불어민주당 대표의 최측근이 정진사위 민주당 대표 정부조정실장을 15일 소환했다.
p32_u19,p32,ce0.5,검찰이 이재명 더불어 민주당 대표의 최측근이 정진성 민주당 대표 정보 도정실장을 15일 소환했다.
p32_u19,p32,ce1.0,검찰이 이제 명 더불어민주당 대표의 출퇴근이 정진선 민주당 당 대표 정모 도정실장에 15일 소환했다.
p32_u19,p32,ce2.0,검찰이 이제 형 더불어 민주당 대표의 최특근이 정진상 민주당 당 대표 정보 조정실장을 15일 소환했다.
p32_u19,p32,ce5.0,검찰이 이제 형 더불어민주당 대표의 최측근이 정진상의 민주당 당 대표 정무중실장에 15일 소환했다.
p32_u19,p32,ce10.0,경찰이 이재명 더불어민주당 대표의 최측근이 정진상 민주당 대표 정무중실장을 15일 소환했다.
p32_u20,p32,taps,야방은 엉터리 수사라며 반발했지만 검찰은 타협은 없다며 이 대태호 주견에 대한 강도 높은 사정을 예고했다.
p32_u20,p32,ce0.0,야당은 엉터리 수사라며 범바랬지만 검찰은 타혀본 없다며 이 데트옷 주견에 대한 강도 높은 사정을 예고했다.
p32_u20,p32,ce0.1,야방은 엉터리 수사라며 반발했지만 검찰은 타혀본 없다며 이 대표 주견에 대한 강도 높은 사정을 예고했다.
p32_u20,p32,ce0.5,야당은 엉터리 수사라며 반발했지만 검찰은 타협은 없다며 이 대표 주견에 대한 강도 높은 사정을 예고했다.
p32_u20,p32,ce1.0,야당은 엉터리 수사라며 반발했지만 검찰은 타협은 없다며 이 대표 죽여내 대란 강도 높은 사병을 예고했다.
p32_u20,p32,ce2.0,야당은 엉터리 수사라며 반발했지만 경찰은 타협은 없다며 이 대표 비견에 대한 강도 높은 사정을 예고했다.
p32_u20,p32,ce5.0,야당은 엉터리 수사라며 반발했지만 검찰은 타협은 없다며 이 대표 주견에 대한 광도 높은 사정을 예고했다.
p32_u20,p32,ce10.0,야당은 엉터리 수사라며 반발했지만 검찰은 타협은 없다며 이 대표 주견에 대한 강도 높은 사정을 예고했다.
p32_u21,p32,taps,서울중앙지검 반복회 수사에 보는 이날 오전 정실장에 피해 자실번으로 불렀다.
p32_u21,p32,ce0.0,서울중앙지검 반복회수 사이보는 1월 5전 정실장의 피의자 신분으로 불렀다.
p32_u21,p32,ce0.1,서울중앙지검 반복회수 4일보는 이날 오던 정실장에 피해자 신분으로 불렀다.
p32_u21,p32,ce0.5,서울중앙지검 반복패스 사회분은 이마의 오던 정실장에 피의자 신고로 불렀다.
p32_u21,p32,ce1.0,생활중앙지검 반복했을 4일보는 이말 5전 정실장의 피해 자신분으로 불렀다.
p32_u21,p32,ce2.0,서울중앙지검 반복패스 4.1번은 이날 오전 정실장의 피해자 신분으로 불렀다.
p32_u21,p32,ce5.0,서울중앙지검 반복패스 4.1부는 이날 오전 정실장에 피해자 시범으로 불렀다.
p32_u21,p32,ce10.0,서울중앙지검 반복패스 4일보는 1월 5전 정실장을 피해 자신분으로 불렀다.
p32_u22,p32,taps,"성실장은 서울, 서울, 서울, 중앙지검 로비의 데뷔 중에 취재진을 피해 일해 낮친 곰찰에 추이석했다."
p32_u22,p32,ce0.0,"전실장은 서울, 서울, 서울, 중앙지검 로비에 대기 중일, 취재진을 피해 일은 아침 범찰에 추인석했다."
p32_u22,p32,ce0.1,"성실장은 서울, 서쪽, 서울, 중앙지검 로비에 대기 중일 7제진을 피해 일을 낮춘 검찰에 추인석했다."
p32_u22,p32,ce0.5,선실장을 서울 소통 후 서울중앙주검 로비의 데뷔 중의 취재진을 피해 일은 앞친 검사를 출석했다.
p32_u22,p32,ce1.0,성실장은 서울 석조고 서울중앙지검 로비의 데뷔 중에서 취재진을 피해 이름 앞친 검찰에 취소했다.
p32_u22,p32,ce2.0,"성실장은 서울, 서울, 서울, 중앙지검 모기의 달비 중이 취재진을 피해 일은 앞친 검찰에 출석했다."
p32_u22,p32,ce5.0,"성실장은 서울, 서울, 서울, 중앙지검 로비에 대비 중위, 취재진을 피해 일은 앞친 검찰에 출석했다."
p32_u22,p32,ce10.0,정실장은 서울 소통고 서울 중앙주검 로비에 달기 중을 취재진을 피해 일은 앞친 검찰에 출석했다.
p32_u23,p32,taps,"검찰은 정실장을 상대로 유동익효 전 성남 도시 개발공사, 기획 분도장 등에게 공품에 받은 배경 등의 개모를 거수로 알려봤다."
p32_u23,p32,ce0.0,"검찰은 정실장을 상대로 유동의교 전 성남 도시 개발군사, 기획 분도장 등에게 긍품을 받은 배경 등에 캠오르 거스로 알려졌다."
p32_u23,p32,ce0.1,경찰은 정실장을 상대로 유동이규 전 생남 도시 개발 근사 귀액 본도장 등에게 경품을 받은 배경경에 캐물이 것으로 알려졌다.
p32_u23,p32,ce0.5,검찰은 정실장을 상대로 유동규 전 성남도시 개발 군사 기획 분도장 등에게 경품을 받은 백형 등에 캠호를 거스로 알려됐다.
p32_u23,p32,ce1.0,"검찰은 정실장을 상대로 유동위교 전 성남도시 개발공사, 그의 봄부장 등 앱의 경품을 받은 백현이 등을 캠오를 거수로 알려받다."
p32_u23,p32,ce2.0,검찰은 정실장을 상대로 유동의교 전 성남도시 거발공사 기획 봤도장 등에게 경품을 받은 발경 등을 캐모르 거스로 알려줬다.
p32_u23,p32,ce5.0,검찰은 정실장을 상대로 유동익유 전 성남도시 개발 공사 그의 공부장 등에게 공품에 받은 백연금을 캐호를 거수로 알려봇다
p32_u23,p32,ce10.0,검사는 당실장을 상대로 유동이디오 전승남 도시 개발 공사 기획 봄부장 중혁의 경품을 받은 발견 등은 캠오른 거스로 알려됐다
p32_u24,p32,taps,"또 정실장과 긴용 민주 연구원 부원장, 유 전 본부장 등 이 대표 측근 3일에 목수로 알려진 대장동 수익겸 428억 원에 집은 관계도 직문한 것으로 전해졌다."
p32_u24,p32,ce0.0,"또 정실장과 김용이 리즈 연구원 부원장, 유 전 본부장 등 이 대표 측견 3인의 목소로 알려진 대장동 수익겜 428억 원에 집은 관계도 직문한 것으로 전해졌다."
p32_u24,p32,ce0.1,"또 정실장과 긴용민주 연구원 부원장, 유 전 본부장 등 이 대표 측근 3인의 목수로 알려진 대장동 수익겸 428억 원에 집은 관계도 질문한 것으로 전해졌다."
p32_u24,p32,ce0.5,"또 정실장과 긴 용민주 연구원 부원장, 유전 본부장 등, 의 대표 측근 3인의 목수로 알려진 대장동 수익금 428억 원에 집은 관계도 질문한 것으로 전해졌다."
p32_u24,p32,ce1.0,"또 정실장과 김용민주 연구원 부원장, 유 전 본부장 등, 이 대표 측근 3인의 목소로 알려진 대장동 수익금 428억 원에 집은 관계도 질문한 것으로 전해졌다."
p32_u24,p32,ce2.0,"또 정실장과 김용희 민주 연구원 부원장, 유 전 본부장 등 이 대표 측근 3인의 목소로 알려진 대장동 수익금 428억 원에 집은 관계도 질문한 것으로 전해졌다."
p32_u24,p32,ce5.0,또 정실장과 균형인 민주연구원 부원장 유 전 본부장 등 이 대표 측근 3일에 목소로 알려진 대장동 수익금 428억 원에 집은 관계도 질문한 것으로 전해졌다.
p32_u24,p32,ce10.0,"또 정실장과 극용민주 연구원 부원장, 유 전 본부장 등 이 대표 측근 3일에 목소로 알려진 대장동 수익금 428억 원에 집은 관계도 질문한 것으로 전해졌다."
p32_u25,p32,taps,범찰 관계자면 압수수색을 통해 유인위한 내용이 확인했으며 앞으로도 타협은 없다고 발텼다.
p32_u25,p32,ce0.0,범탈 관계자는 압수수색을 통해 유의위한 내용을 확인했으며 앞으로도 타협은 없다고 밝혔다.
p32_u25,p32,ce0.1,검찰 관계자면 압수수색을 통해 유의위한 내용을 확인했으며 앞으로도 타협은 없다고 밝혔다.
p32_u25,p32,ce0.5,봄탈 관계자면 압수수색을 통해 유의한 내용이 확인했으며 앞으로도 타혀본 없다고 밝혔다.
p32_u25,p32,ce1.0,검탈 관계자는 압수수색을 통해 유의한 내용을 확인했으며 앞으로도 타협은 없다고 밝혔다.
p32_u25,p32,ce2.0,검찰 관계자는 압수수색을 통해 유의위한 내용을 확인했으며 앞으로도 타혀본 없다고 밝혔다.
p32_u25,p32,ce5.0,검찰 관계자는 압수수색을 통해 유일해야 내용을 확인했으며 앞으로도 타협은 없다고 밝혔다.
p32_u25,p32,ce10.0,검탈 관계자는 압수수색을 통해 유일 위한 내용을 확인했으며 앞으로도 타협은 없다고 밝혔다.
p32_u26,p32,taps,"정실장연 2013년에서 2020년, 경기청남실 정책 비서관, 경기도 정책신장 헬지매며, 이후 전 본부장 등리로부터 1억 4000만 원을 수수한 혐의를 받고 있다."
p32_u26,p32,ce0.0,정실장은 2013년에서 2020년 경위기 성남실 정책 비서관 경기도 정책 신장할 지내며 이 전 본부장 등료로부터 1억 4천만 원을 수소한 혐의를 받고 있다.
p32_u26,p32,ce0.1,정실장은 2013년에서 2020년 경기청남신 정책비서관 경기도 전책 신장에 지내며 이후 전 변부장 등으로부터 1억 4천만 원을 수수한 혐의를 적보 있다.
p32_u26,p32,ce0.5,전시원장은 2013년에서 2020년 경비 청남실 정책비서관 경기도 전책실장에 지내며 유턴 본부장 대미로부터 1억 4천만 원을 수수한
p32_u26,p32,ce1.0,정실장은 2013년에서 2020년 경기 성남실 정책 비서관 경기도 정책 신장을 지며며 유 전 봉부장 등위로부터 1억 4천만 원을 수소한 혐의를 잡고 있다.
p32_u26,p32,ce2.0,정실장은 2013년에서 2020년 경기청남시 정책 비서관 경기도 정책 신장을 지며며 유 전 봉부장 등요로부터 1억 4천만 원을 수수한 혐의를 받고 있다.
p32_u26,p32,ce5.0,정실장은 2013년에서 2020년 경기청남시 정책비서관 경기도 전책 심장 헬치내며 유전 본부장 등으로부터 1억 4천 만 원을 수수한 혐의를 받고 있다.
p32_u26,p32,ce10.0,"정실장은 2013년에서 2020년 경기 청담씨 정책 비서관 경기도 정책 신장을 지며며 유 전 봉부장 등료로부터 164,000만 원을 수수한 혐의를"
p32_u27,p32,taps,"또 중과일날 교사와 부정차사 후술에 굿대 방지법, 이반 혐의도 받고 있다."
p32_u27,p32,ce0.0,"또 중과 1년 교사와 보정차사 후술에 국대 방지법, 이반 혐의도 받고 있다."
p32_u27,p32,ce0.1,"또 증가 1명 교사와 부정차사 호수 래, 부태 반지법, 이반 혐의도 받고 있다."
p32_u27,p32,ce0.5,"또 증가 1만 교사와 부정차사 후술에 부패 반지법, 일반 혐의도 받고 있다."
p32_u27,p32,ce1.0,또 증거 1월 교사와 부정차사 호수래 국대 방지법 2반 혐의도 받고 있다.
p32_u27,p32,ce2.0,또 증가 인낼 교사와 부정차사 후효수를 두패 방지법 이반 혐의도 받고 있다.
p32_u27,p32,ce5.0,또 증거 1년 교사와 분정처사 후수래 국회 반지법 일반 형의도 받고 있다.
p32_u27,p32,ce10.0,"또 증가 인물 교사와 부정차사 후술에 국회 방지법, 일반 혐의도 받고 있다."
p32_u28,p32,taps,검찰은 도망간 쟁실자 신경 확보에 나선에 한평 장치적 긴통이 제로 기정한 이 대표회 열무 여부도 수사할 것으로 보인다.
p32_u28,p32,ce0.0,검찰은 도망간 등실장 신경 확보에 나선을 한평한 정치적 긴통이 제로 규정한 이 대표의 열무 여부도 수사할 것으로 보입니다.
p32_u28,p32,ce0.1,경찰은 대만간 댄실장 심병 확보에 나선을 한편 장치적 긁경이 제로 규정한 이 대표의 열무 여부도 수사할 것으로 보입니다.
p32_u28,p32,ce0.5,검찰은 도망간 백실장 심장혁포의 마선을 한평 정치적 긴통 제로 규정한 이 대표에 연루 여부도 수사할 것으로 보인다.
p32_u28,p32,ce1.0,검찰은 도망간 당실장 신병혁보의 마던을 한편 정치득 규통이 제로 규정한 이 대표에 연루노부도 수사할 것으로 보입니다.
p32_u28,p32,ce2.0,검찰은 도망간 당실장 신경 확보에 나선을 한평 정치적 규통유체로 규정한 이 대표에 열로 여부도 수사할 것으로 보인다.
p32_u28,p32,ce5.0,검찰은 도망간 방실장 신경 확보에 나선을 한편 정치적 공통이 제로 규정한 이 대표에 연루 여부도 수사할 것으로 본다.
p32_u28,p32,ce10.0,경찰은 도망간 등실장 신경 확보에 나저는 한평 정치적 공통이 제로 규정한 이 대표에 연루 여부도 수사할 것으로 보입니다.
p32_u29,p32,taps,민주당은 범죄 혐의로 기소된 자의 일반격 진술에만 내줘나면 엉터리 수사라고 반발했다.
p32_u29,p32,ce0.0,민주당은 범죄 혐의로 기소된 자의 일방적 진술에만 의존하는 엉터리 수사라고 반발했다.
p32_u29,p32,ce0.1,민주당은 범죄 혐의로 기소된 자의 일방적 진술에만 매주 남은 엉터리 수사라고 반발했다.
p32_u29,p32,ce0.5,민주당은 범죄 혐의로 기소된 자의 일방격 진술에만 의존함은 엉터리 수사라고 반발했다.
p32_u29,p32,ce1.0,민주당은 범죄 혐의로 기소된 자의 일반격 진술에만 의존하는 엉터리 수사라고 반발했다.
p32_u29,p32,ce2.0,일조당은 범죄 혐의로 기소된 자의 일방적 진술에만 의존함은 엉터리 수사라고 반발했다.
p32_u29,p32,ce5.0,민주당은 범죄 혐의로 기소된 자의 일방격 진술에만 의존하는 엉터리 수사라고 반발했다.
p32_u29,p32,ce10.0,민주당은 범죄 혐의로 기소된 자의 일반격 진술에만 의존하는 엉터리 수사라고 반발했다.
p32_u30,p32,taps,반면 검찰 관계자는 민주당이 어미준 강배신 부장 검사를 피해 사실표 혐의로 고비 공직작 동제 수사처에 고발한데 대회 구체적 근거가 없다며 유감을 나타냈다.
p32_u30,p32,ce0.0,법량검찰 변계자는 민주당이 염의준 강배신 부장 검사를 피해 사실의 표혐의로 고위공직작 동제수사처에 고발한데 대회 구체적 근거가 없다며 유감을 나타냈다.
p32_u30,p32,ce0.1,변명 곰찰 경계자는 민주당이 아미준 강배신 부장 검사를 피해 사실 공스혤 혐의로 고비 공직작 동제 수사처에 고발한데 대회 구체적 근거가 없다며 유감을 나타냈다.
p32_u30,p32,ce0.5,반면 공찰관위계자는 민주당이 아미준 강댕신 부장검사 를 피해 사실을 공쇄 혐의로 고위 공직자 방제 수사처에 고발한데 대회 구체적 근거가 없다며 유감을 얻어냈다.
p32_u30,p32,ce1.0,반면 검찰 관계자는 민주당이 아미준 강백신 부장검사를 피해 사실을 표 혐의로 고위 공직자 방제 수사처에 고발한데 대회 구체적 근거가 없다며 유감을 넣어냈다.
p32_u30,p32,ce2.0,반면 검찰 관계자는 민주당이 어미준 강백신 부장검사를 피해 사실 표혐의로 고위 공직자 방제 수사처에 고발한데 대회 구체적 근거가 없다며 유감을 나타냈다.
p32_u30,p32,ce5.0,반면 공찰 관계자는 민주당이 아미준 강백신 부장 검사를 피해 사실 표혐의로 곱이 공직자 방제 수사처에 고발한데 대회 구체적 근거가 없다며 유감을 나타냈다.
p32_u30,p32,ce10.0,변명 공찰 관계자는 민주당이 아미준 강백신 부장 검사를 피해 사실을 표 혐의로 고비 공직자 동제 수사처에 고발한데 대회 구체적 근거가 없다며 유감을 나타냈다
p32_u31,p32,taps,전부 익산 씨는 KTX 익산 역첼도 이용객 편의를 위해 역골 공룡이 주차자 172면을 조상했다고 14일 밝혔다.
p32_u31,p32,ce0.0,"전부 익상한 씨는 KTS, 익산 역체도 이용객 편의를 위해 역고를 공룡이 주차자 170위면을 조성했다고 14일 밝혔다."
p32_u31,p32,ce0.1,"전부 익상한 씨는 KTS, 익산력, 철도 입용객 편의를 위해 여골 국룡이 주차자, 122면을 조생했다고 14일 밝혔다."
p32_u31,p32,ce0.5,"전부 익상한 씨는 KTX, 익산력, 철도 유용객 편의를 위해 역고를 공룡조차장, 170명을 조상했다고 14일 밝혔다."
p32_u31,p32,ce1.0,"전복 익상은 씨는 KTX 익산 역첼도 유용객 편의를 위해 몇골 국명이 2차자, 170위면을 조성했다고 14일 밝혔다."
p32_u31,p32,ce2.0,전부 익상한 지는 KTX 익산 역철도 이용객 편의를 위해 역고를 국룡이 좁혀자 122면을 조성했다고 14일 밝혔다.
p32_u31,p32,ce5.0,전부 익사한 씨는 KTX 익산 역체도 입용객 편의를 위해 몇골 국명이 주차자 172면을 조성했다고 14일 밝혔다.
p32_u31,p32,ce10.0,전부 익상은 씨는 KTX 익산력 철도 입용객 편의를 위해 옆골 국룡이 주차자 170위면을 조성했다고 14일 밝혔다.
p32_u32,p32,taps,익산 씨는 총 사업비 40억 원을 투입해 성악동 85-51원의 공룡지차 방에 조성해 역볼 주차장 이용기과 지역 주민들의 편의를 제공합니다.
p32_u32,p32,ce0.0,익산 씨는 총 4억 비 40억 원을 투입해 성악동 85다시 오후 1원의 공룡 주차장을 조성해 몇볼 주차장 이용객과 지역 주민들의 편의를 제공합니다.
p32_u32,p32,ce0.1,육산 씨는 총 사업비 40억 원을 투입해 성학동 85-51원의 역국룡 주차장을 조성해 역볼 주차장 이용객과 징역 주민들의 편의를 제공연다.
p32_u32,p32,ce0.5,이산 씨는 총사업비 40억 원을 투입해 성학동 85다시 오후 1원의 국룡 주차방을 조성해 역볼 주차장 이용객과 지역 주민들의 팽이를 재근한다
p32_u32,p32,ce1.0,"익산 씨는 총 4업비 40억 원을 투입해, 총 확동 85다시 5위론의 역국룡 주차방을 조정해 여골 주차장 이용객과 지역 주민들의 편의를 제공연다."
p32_u32,p32,ce2.0,육산신을 총 4업비 40억 원을 투입해 총 확동 85다시 오후 1원의 국룡 주차방을 조성해 여골 주차장 이용객과 지역 주민들의 편의를 제공합니다
p32_u32,p32,ce5.0,흑산 씨는 총 4업비 40억 원을 투입해 총 막동 85다시 오후 1원의 공룡 주차관을 조성해 몇골 주차장 이영격과 주묵주민들의 편의를 제공합니다
p32_u32,p32,ce10.0,이산 씨는 총상업비 40억 원을 투입해 총학동 85다시 오후 1원의 국룡 주차장을 조성해 역을 주차장 이용객과 지역 주민들의 편의를 제공합니다.
p32_u33,p32,taps,이번 공룡 주차장 조성을 위해 지난 2020년 12월 총학돈 역도를 지고 잠기 위집행시설이 완충독지를 주차장으로 도시 계획시설로 변경했다.
p32_u33,p32,ce0.0,이번 공룡 주차장 조성을 위해 지난 2020년 12월 총학돈 역돌 지구 잠기 리지 펜이시설이 완충독지를 주차장으로 도시 계획시설로 변경했다.
p32_u33,p32,ce0.1,2번 공룡 주차장 조성을 위해 지난 2020년 12월 총학동 역불지구 잠기 위집행시설일 완충 녹지를 주차장으로 도시 계획시설로 변경했다.
p32_u33,p32,ce0.5,2번 공룡 두차장 조성을 위해 지난 2020년 12월 총학동 역돌 지구 장기 미지팽 시설일 완충 녹지를 주차장으로 도시 계획 시설로 변경했다
p32_u33,p32,ce1.0,이번 국룡 주차장 조성을 위해 지난 2020년 12월 총학동 역볼지고 정기 위집행시설이 완충록지를 주차장으로 도시 계획시설로 변경했다.
p32_u33,p32,ce2.0,이번 공영 주차장 도성을 위해 지난 2020년 12월 송학동 역볼지고 정기 위집행시설일 완충무 녹질을 주차장으로 도시 계획시설러 변경했다.
p32_u33,p32,ce5.0,이번 공명주차장 도성을 위해 지난 2020년 12월 총학동 역볼 지구 정기 미집행시설인 완충의독지를 주파장으로 도시 계획시설로 변경했다.
p32_u33,p32,ce10.0,2번 국룡 주차장 조성을 위해 지난 2020년 11월 총학동 역볼지고 정기 위집행시설이 만 충무 녹질을 주차장으로 도시결액시설로 변경했다.
p32_u34,p32,taps,이 호진안의 9월 사업시행 계획인가 고시를 통한 전녀부지 메입을 통해 공사를 뒷팩 완료했다.
p32_u34,p32,ce0.0,이 호진 안에 9월 사업 시행 계획인가 고시를 통한 전녀부지 레입을 통해 공사를 집행 완료했다.
p32_u34,p32,ce0.1,"오후 지난 9월 사업 시행 계획인가, 고시를 통한 견녀부지 메입을 통해 공사를 뒷팩 완료했다."
p32_u34,p32,ce0.5,일소 지난해 9월 사업 시행 계획인가 고시를 통한 잔며부지 메입을 통해 군사를 뒷팩 완료했다.
p32_u34,p32,ce1.0,이 후 지난해 9월 사업 시행 계획인가 고시를 통한 잔료 부지 메입을 통해 공사를 뒤팅 완료했다.
p32_u34,p32,ce2.0,이후 지난해 9월 사업 시행 계획인가 고시를 통한 잔며부지 레입을 통해 공사를 뒷팩 완료했다.
p32_u34,p32,ce5.0,이 후 지난해 9월 4억 신행 계획인가 고시를 통화한 견며부지 메입을 통해 군사를 지평 완료했다.
p32_u34,p32,ce10.0,이 후 지난해 9월 4억 지낸 계획용과 고시를 통한 전며부지 매입을 통해 공사를 집행 완료했다.
p32_u35,p32,taps,주차장 진이 도로 변해 불법 주정차 방지닛 오나란 차량 흐름을 의미해 무인 댄서 카메라를 철치하고 대리 주차 서비스도 같이 진행될 예정이다.
p32_u35,p32,ce0.0,주차장 진이 도로 변해 불법 주정차 방지닛 오나란 차량 흐름을 유해 무인 변속 카메라를 철치하고 대리 주차 서비스도 같이 진행될 예정입니다.
p32_u35,p32,ce0.1,주차장 진이 도로 변해 불법 주정차 방지 및 원활한 차량 획음을 위해 무인 변속 카메라를 철치하고 대리 주차 서비스도 같이 진행될 예정입니다.
p32_u35,p32,ce0.5,주차장 질리토로 변해 불법 주정차 방지 및 오나란 차량 해름을 위해 무인 단속 카메라를 철치하고 대리 주차 서비스도 같이 진행될 예정이다.
p32_u35,p32,ce1.0,주타 방진이 도로 변해 불법 분병차 방지 및 오나람 차량 해름을 위해 무인 단속 카메라를 철치하고 대리 주차 서비스로 같이 진행될 예정이다.
p32_u35,p32,ce2.0,주차장 진입도로 변해 불법 주정차 방지닛 오나람 차량 획음을 위해 무일 단속 카메라를 철치하고 대리 주차 서비스도 같이 진행될 예정이다.
p32_u35,p32,ce5.0,부파장 진입도로 변해 불법 부정차 방지 및 문화란 차량회를 매일에 무인 단속 카메라를 설치하고 대리 주차 서비스도 같이 진행될 예정이다.
p32_u35,p32,ce10.0,주차장 진이 도로 변해 불법 주성차 방지 및 오나란 차량 횡금을 위해 무인 단속 카메라를 설치하고 대리 주차 소아 비스도 같이 진행될 예정입니다.
p32_u36,p32,taps,벽볼 주차장은 증공 후 무료 개방되어 10억 운명의 거쳐 4월부터 유료와 추진된 본격 1명이대를 계획이다.
p32_u36,p32,ce0.0,벽볼 주차장은 증공 후 무료 개방되어 시범 운영에 거쳐 4월부터 유료와 추진된 봉지역 운영이 될 계획이다.
p32_u36,p32,ce0.1,역볼 주차장은 중공 후 무료 개방 등 10억 운명에 거쳐 4월부터 유료와 추진된 궁지용 의명인대를 계획이다.
p32_u36,p32,ce0.5,여골 주차장은 중공 후 무료 개방 등 10억 운영에 거쳐 4월부터 무료와 추진된 분격 운영들 계획이다.
p32_u36,p32,ce1.0,역볼 주차장년 중공 후 무료 개당 등 시범 운영에 겉어 4월부터 유료와 추진 등 공격 운영대를 계획이다.
p32_u36,p32,ce2.0,역볼 주차장은 중공 후 무료 개방 등 시범 운영을 거쳐 4월부터 유료와 추진 등 분격 운영이대를 겨해 기다.
p32_u36,p32,ce5.0,벽돌 주터장은 중공 후 무료 개방 등 10억 운명을 겉어 4월부터 무료와 추진된 공격 운영이들 계획이다.
p32_u36,p32,ce10.0,벽골 주차장은 중공 후 무료 개방 등 10억 운명을 겉쳐 4월부터 유료와 추진 등 중격 운명이 될 계획이다.
p32_u37,p32,taps,또한 역볼 주차장 분격 운영의 밸맛 주워 1개네 약 배식년 정도의 인시 주차장을 동시에 운영을 방치입니다.
p32_u37,p32,ce0.0,또한 역볼조차장 분격 운영의 밸맛 주워 1연의 여악 배승면 정도엘 2시조차장을 동시에 운영을 방치합니다.
p32_u37,p32,ce0.1,또한 역볼 주차장 본격 운영에 발맞주워 인근의 약 배승면 정도의 임시 주차장을 동시에 운영을 방치입니다.
p32_u37,p32,ce0.5,또한 옆볼 주차장 본격 운영의 벨 맞추어 1금의 약 배진년 정도의 인시 주차장을 동시 운영을 방치합니다.
p32_u37,p32,ce1.0,또한 역볼 주차장 본격 운영의 발맛 주어우근의 약 20년 정도의 이시 주차장을 동시 운영을 방치합니다.
p32_u37,p32,ce2.0,또한 역볼 주차장 본격 운영에 발맞주워 1년의 약 100년 정도의 2시 주차장을 동시 운영을 방치합니다.
p32_u37,p32,ce5.0,또한 역볼 주차장 본격 운영의 발맛 중화 1근의 약 배승면 정도의 인시 주차장을 동시 운영할 방침입니다.
p32_u37,p32,ce10.0,또한 옆볼 주차장 본격 운영의 판을 맞추어 인근의 약 80년 정도의 인시 주차장을 동시 운영을 방치합니다.
p32_u38,p32,taps,익산 시인의 KTX 익산력 구청한 해속뿐만 아니라 노후화된 역세권 주거지역과 채택한 상관 해속아 동의 기대하고 있다.
p32_u38,p32,ce0.0,익산시인의 KTX 익산역 주천만 해속뿐만 아니라 모호 아델 역세권 주거지역과 채택한 상관혈성화 동의 기대하고 있다.
p32_u38,p32,ce0.1,익산신을 KTX 익산력 추천한 해속뿐만 아니라 노후화된 맥세권 죽여 지역과 세태한 상관혈성화 등을 기대하고 있다.
p32_u38,p32,ce0.5,익산신을 KTX 익살력 붙어난 해소뿐만 아니라 노후화된 역사권 주거지역과 재태현 상관 활성화 등의 규대하고 있다.
p32_u38,p32,ce1.0,"이 판신을 KTX, 이 판역 구단한 해석뿐만 아니라 노후화된 역사권, 증거지역과 재태현 상검혁명화 등을 기대하고 있다."
p32_u38,p32,ce2.0,이산 씨는 KTX 이산 역주처럼 해석뿐만 아니라 노화된 역세권 주거지역과 최태현 상건혈성와 동의 기대하고 있다.
p32_u38,p32,ce5.0,잇산 씨는 KTX 잇산력 구청한 해소뿐만 아니라 노화된 역사권 주거지역과 최태현 상검혜성원 등에 기대하고 있다
p32_u38,p32,ce10.0,육산시인의 KTX 육산력 주청한 회소뿐만 아니라 노화된 역세권 주거지역과 재태현 선건얼성을 등에 기대하고 있다.
p32_u39,p32,taps,"지난 8일 배생한 미국 해당대 수지 2창력, 수성기 MV 다시 21일이 우수표리 추락 사고 희생이다 5명 중에 전질 요명략호 선수 아들이 포함된 것으로 확인됐다."
p32_u39,p32,ce0.0,"주남파를 배생한 미국 해병대 수지 2,26, 수송이기 애니부위, 다시 21위, 온수표리 추락 사고시생이다 5명 중에, 전질 유명 야구선수 아들이 포함된 것으로 확인됐다."
p32_u39,p32,ce0.1,"지난 8일 발생한 미국 해병대 수지 이창육, 수성기 MV, 다시 21위, 온수표리 추닭 사고 희생과 5명 중에, 전질 유명 야구선수 아들이 포함된 것으로 확인됐다."
p32_u39,p32,ce0.5,지난 8일 발생한 미국 해병대 수도 266 수성기 MV 다시 21이 5스프리 추락 사고 희생가 5명 중에 전질 유명 야구선수 아들이 포함된 것으로 확인됐다
p32_u39,p32,ce1.0,지난 8일 발생은 미국 해병대 수도 266 수성기 M.V. 다시 21위 온수표리 추락 사고 희생 다 5명 중에 전팀 요명 야구선수 아들이 포함된 거스로 확인됐다
p32_u39,p32,ce2.0,"지난 8일 발생한 미국 해병대 수지 2,26, 수성기 MV 다시 21일이 5스프리 초작 사고 희생자 5명 종료에 전직 유명 야구 선수 아들이 포함된 거스로 확인됐다."
p32_u39,p32,ce5.0,지난 8일 발생한 미국 현병대 수지 이창융 수선기 M2 다시 21위 옴스프리 초록 사고 희생자 5명 중네 전직 유명 연구선수 아돌이 포함된 것으로 확인됐다
p32_u39,p32,ce10.0,"지난 8일 발생은 미국 해병대 수지 2,66, 수성기 애니브위, 다시 21위, 온수표리 초락사고 시생자 5명 종례, 전진 유명 야구 선수 아들이 포함된 거스로 확인됐다."
p32_u40,p32,taps,"11일 로스 왼질 레스타이스에 따르면 L.A. 다저스 선, 펑수 이역더 스티피 섹스에 아들 좋은 제이 섹스의 대위가 이번 4보로 사망했다."
p32_u40,p32,ce0.0,11일 로스 앤젤레스 타인스에 따르면 L.A. 다저스 선을 청수이었던 스티브 섹스의 아들 좋은 제이 섹스의 대위가 이번 사고로 사망했다.
p32_u40,p32,ce0.1,11일 로스 렌즈를 레스타임스에 따르면 L.A. 다저스 선수이었던 스티비 섹스의 아들 좋은 제이 섹스의 대위가 이번 사고로 사망했다.
p32_u40,p32,ce0.5,11일 로스 렌즈를 레스 타임스에 따르면 L.A. 다저스 선수였던 스티브 섹스에 아들 좋은 제이 섹스 데위가 이번 사고로 사망했다.
p32_u40,p32,ce1.0,11을 로스 렌즐레스 타인스 외에 따르면 L.A. 다가슴선 펑수이었던 스티브 섹스의 아들 좋은 J.SX 대위가 이번 사고로 사망했다.
p32_u40,p32,ce2.0,11일 로스 엔질레스 타인스에 따르면 레이 다저스 선수이었던 스티블 색수의 아들 좋은 정의 색수의 대위가 이번 사고로 사망했다.
p32_u40,p32,ce5.0,11일 로스 렌즐레스 타인스에 따르면 레이 다거스 선 컨수이었던 피부색스의 아들 좋은 전이 색스 다리가 이번 사고로 사망했다.
p32_u40,p32,ce10.0,시비를 로스 엔젤 레스 타인스에 따르면 레이 다저스 선통수이었던 스티프 섹스에 아들 좋은 정의 섹스에 데리가 이번 사고로 사망했다.
p32_u41,p32,taps,제 3회정 비행인단 소속 오스프리 수송이리는 캐릭터니아주 임패리엘 카운 뒤에서 훈련도질출학회의 섹스 대유의와 수용호원 4명이 자망했다.
p32_u41,p32,ce0.0,제 3회정 비행단 소속 오스프리 수송 1위는 텔리포니의 아주 인패리얼 카운 기회에서 훈련 도진출학회의 섹스제유의와 수용한 내명이 자망했다.
p32_u41,p32,ce0.1,제 3회정 비행단 소속 오스페리 수송이리는 캘리톤이 아주 임패리엘 카운트에서 훈련도 진출하게 세스 대위와 승호원 4명이 자망했다.
p32_u41,p32,ce0.5,제 3혜병 주행단 소속 오스프리 수송이 되는 캘리포니아 주 임패리아의 카운트 기회에서 훈련 도중추랗게 색수 별리와 수고한 4명이 참하겠다.
p32_u41,p32,ce1.0,제 3혜병 비행단 소속 오스프리스 송비는 캘리포니아 중인 페리아의 카운티에서 훈련도진 투라크의 색수 별리와 등호한 내년이 사망했다.
p32_u41,p32,ce2.0,제 3회 병지인단 소속 오스프리 수송 뒤는 클리톤이라 주 인테리어의 카운트에서 훈련 도징추라크의 섹스 저희와 승호원 내명이 사망했다.
p32_u41,p32,ce5.0,제 3혜병 비행단 소속 온스프리 수송이비는 캘리포니아 주 임패리엘 카운트에서 훈련돋은 추락해 섹스 병이와 승모원 4명일 사망했다.
p32_u41,p32,ce10.0,제 3회병 주행단 소속 옹수표리 수송기에는 캘리포니아주 임패리엘 카원 뒤에서 훈련 도중출학회 섹수 교유왕 승호원 4명인 사망 맺다
p32_u42,p32,taps,보수표린의 헬리코터처럼 수직기창력하고 이빅 뒤에는 로터를 세전에 비행기처럼 고속으로 날아갈 수 있는 한국이다.
p32_u42,p32,ce0.0,보수표리는 헨리콥터처럼 수직기창력하고 1VN의 롯털을 세전에 비행기처럼 고속으로 날아갈 수 없는 한글이다.
p32_u42,p32,ce0.1,보수표리는 헨리코터처럼 수직기창력하고 1위 뒤에는 목터를 회전해 비행기처럼 고속으로 날아갈 수 있는 한균입니다.
p32_u42,p32,ce0.5,보수페리는 헬리꼽다처럼 수직기창력하고 1bgm의 로커를 헤덤해 비행기처럼 고속으로 날아갈 수 있는 항공이다.
p32_u42,p32,ce1.0,보수 페리는 헬리꼭터처럼 술지 기창력하고 1hz의 노터를 회전해 비행기처럼 고속으로 날아갈 수 없는 한균이다.
p32_u42,p32,ce2.0,보수프린을 헬리코터처럼 쏘지 기창력하고 1위 비야맨 로터를 헤덤해 비행기처럼 고속으로 날아갈 수 있는 항금이다.
p32_u42,p32,ce5.0,보수표리는 헬리꼽다처럼 수직기창력하고 이빅 뒤에는 로터를 회전해 비행기처럼 고속으로 날아갈 수 있는 항균기다.
p32_u42,p32,ce10.0,보수 페리는 헨리코터처럼 수직 규착력하고 이빅 비엠의 로터를 세전에 비행기처럼 고속으로 날아갈 수 없는 한근 기다.
p32_u43,p32,taps,tgx는 어릴 때부터 아들은 조등사가 데려했으며 비행의 아들의 꿈이 없다며 아들이 내 아들로 불리는 것이 자랑스럽다
p32_u43,p32,ce0.0,티브젝스는 어릴때부터 아들은 조종사가 데려했으며 비행엔 아들의 꿈이 였다며 아들이 내 아들로 분리는 것이 자랑스럽다
p32_u43,p32,ce0.1,티브 섹스는 어릴 때부터 아들은 조등사가 데려했으며 비행의 나들의 꿈이 없다며 아들이 내 아들로 분리는 것이 자랑스럽다.
p32_u43,p32,ce0.5,티즈 잭수는 어릴 때부터 아들은 조정사가 데려했으며 비행은 아들의 꿈이 없다며 아들이 내 아들로 불리는 것이 자랑스럽다
p32_u43,p32,ce1.0,Tgo Jackson은 어릴 때부터 아들은 소둥사가 데려했으며 비행은 아들의 꿈이 없다며 아들이 내 아들로 분리는 것이 자랑스럽다.
p32_u43,p32,ce2.0,티브 색수는 어릴 때부터 아들은 조정사가 데려했으며 비행은 아들의 꿈이 없다며 아들이 내 아들로 분리는 것이 자랑스럽다.
p32_u43,p32,ce5.0,티별 색수는 어릴 때부터 아들은 조종자가 데려했으며 비행은 아들의 꿈이 였다며 아들이 내 아들로 분미는 것이 자랑스럽다
p32_u43,p32,ce10.0,틱어 색수는 어릴 때부터 아들은 조정사가 데려했으며 비행은 아들의 꿈이었다며 아들이 내 아들로 분미는 것이 자랑스럽다
p32_u44,p32,taps,"마드론 나의 영웅이었고, 내가 아는 최고의 인물이라고 시리에 슬리스에 배표한 생룡에서 밟었다."
p32_u44,p32,ce0.0,마드름 나의 영웅이었고 내가 아는 최고의 인물이라고 CDS 리스에 발표한 생명에 저 방탰다.
p32_u44,p32,ce0.1,아들은 나의 영웅이었고 내가 아는 최고의 인물이라고 CBS 뉴스에 배투한 생명에서 밝혔다.
p32_u44,p32,ce0.5,아들은 나의 영웅이었고 내가 아는 최고의 인물이라고 시리스 뉴스에 발표한 생명에도 발졌다.
p32_u44,p32,ce1.0,아드로마의 영웅이었고 내가 아는 최고의 인물이라고 CVS 뉴스에 발표한 승량에서 밝혔다.
p32_u44,p32,ce2.0,아드롬 나의 영웅이었고 내가 아는 최고의 인물이라고 시비스 유수에 발표한 성명에서 밝혔다.
p32_u44,p32,ce5.0,아들옴 나의 영응이었고 내가 아는 최고의 인물이라고 CDS 육수에 발표한 현명에서 반켰다.
p32_u44,p32,ce10.0,아들은 나의 영웅이었고 내가 아는 최고의 인물이라고 CBS 뉴스에 발표한 승령에서 밝혔다.
p32_u45,p32,taps,티브젝스는 1981년부터 1988년까지 LA 다져스에서 이 루수로 활약하며 뭔드 시리즈에 두 차례 진출했다.
p32_u45,p32,ce0.0,TV X는 1981년부터 1988년까지 L.A. 다저스에서 이 루스로 활약하며 월드 시리즈의 두 차례 진출했다.
p32_u45,p32,ce0.1,스티브 섹스는 1981년부터 1988년까지 L.A. 다저스에서 이르수로 활약하며 몬드 시리즈의 두 차례 진출했다.
p32_u45,p32,ce0.5,TV X는 1981년부터 1988년까지 LA 다져스에서 이루수로 하려가며 월드 시리즈에 두 차례 진출했다.
p32_u45,p32,ce1.0,티브 섹스는 1981년부터 1988년까지 LA 다져스에서 이룬으로 하력하며 월드 시리즈의 두 차례 진출했다.
p32_u45,p32,ce2.0,TV 재수는 1981년부터 1988년까지 LA 다져스에서 이 모습으로 하력 가며 월드 시리즈의 두 차례 진출했다.
p32_u45,p32,ce5.0,TV 섹스는 1989년부터 1988년까지 L.A. 다져스에서 이 룩으로 활약하며 원주 시리즈에 두 칼에 진출했다.
p32_u45,p32,ce10.0,티브 섹스는 1981년부터 1988년까지 LA 다져스에서 이 루트로 하려가며 월드 시리즈에 두 차례 진출했다.
p32_u46,p32,taps,경북 영철 신을 2021년 하반기 고용리 67.3%로 4년 영속 경북시 가운데 1위를 차지한 것으로 도사됐다.
p32_u46,p32,ce0.0,경부 영리철 신을 2021년 하당기 고용류 67.3%로 4년 영속 경북시 가운데 1위를 차지한 것으로 도사됐다.
p32_u46,p32,ce0.1,경북 영철 시날 2021년 하반기 고용률 67.3%로 4년 영속 경북시 가운데 1위를 차지한 것으로 조사됐다.
p32_u46,p32,ce0.5,경북 영철 진을 2021년 하반기 고용유 67.3%로 4년 영속 경북시 가운데 1위를 차지한 것으로 도착됐다.
p32_u46,p32,ce1.0,경북 영천신을 2021년 하반기 고용류 67.3%로 4년 영속 경북시 가운데 1위를 차지한 것으로 조사됐다.
p32_u46,p32,ce2.0,경북 영철 지날 2200여 하반기 고용률 67.3%로 4년 영속 경북시 가운데 1위를 차지한 것으로 도사됐다.
p32_u46,p32,ce5.0,경북 영천시날 2022년 하반기 고용리 67.3%로 4년 영속 경북실 광대 1위를 차지한 것으로 도착됐다.
p32_u46,p32,ce10.0,경부 영천시날 2021년 하반기 고용물 67.3%로 4년 영속 경북시 가운데 1위를 차지한 것으로 조사됐다.
p32_u47,p32,taps,지난 22일 통제청이 발표한 2021년 하반기 지역대 고용조사에서 0천시 취업자순을 61만 이겨면 고용률은 27.3%로 전년 동기 보다 0.9% 상승했다.
p32_u47,p32,ce0.0,"지난 22일 통계청에 발표한 2021년 하반기 지역대 고용조사에서 0천시 취업자순을 61만 1년, 공용율은 27.3%로 전년 동기 보다 0.9% 상승했다."
p32_u47,p32,ce0.1,지난 22일 통계청이 발표한 2021년 하반기 지역별 고용조사에서 0천시 취업자순을 66만 이겨명 공영율은 67.3%로 전년 등기 모자 0.9% 상승했다.
p32_u47,p32,ce0.5,"지난 22일 통계청에 발표한 2021년 하방기 지협별 고용도 차에서 0,10 취업자 수는 66,000명. 고용률은 67.3%로 달년 등기 5다 0.10% 상승했다."
p32_u47,p32,ce1.0,지난 22일 통제청이 발표한 2021년 하방기 지역별 고용조사에서 영천시 취업자 수는 6만 200년. 공용율은 27.3%로 전년 동기 보다 0.9% 상승했다.
p32_u47,p32,ce2.0,지난 22일 통계청이 발표한 2021년 하반기 지역별 고용조사에서 영천시 취업자순을 6만 200년 고용율은 67.3%로 전년 동기 보다 0.9% 상승했다
p32_u47,p32,ce5.0,지난 22일 통제청이 발표한 2021년 하방위기 지역별 고용조사에서 0차시 취업자 수는 66만 200년. 고용율은 27.3%로 전년 동기 보다 0.9% 상승했다.
p32_u47,p32,ce10.0,"지난 22일 통계청이 발표한 2021년 하방기 지역별 고용조사에서 0,000시 취업자순을 6만 200년 공용율은 67.3%로 전년 등기 모다 0.9% 성승했다."
p32_u48,p32,taps,실험 요는 1.9%로 전년동기 보다 0.8% 하락해 코로나19 고용위기 속에서도 일자리 창출성과를 대성화 고수로 나왔다
p32_u48,p32,ce0.0,실험 요는 1.9%로 전년동기 보다 0.8% 하락대 코로나19 고용 위기 속에서도 인자리 청취 성과를 대성화 것으로 나왔다.
p32_u48,p32,ce0.1,"실험류는 1.9%로 전년 동기 보다 0.8% 하락회, 코로나19 고용 위기 속에서도 인자리 창치 성과를 대성할 것으로 나왔다."
p32_u48,p32,ce0.5,실험율은 1.9%로 전년 동기 모델 0.8% 하라스테. 코로나19 고용 유기 속에서도 일자리 창출성과를 대성화 곳으로 나왔다.
p32_u48,p32,ce1.0,실험율은 1.9%로 전년 동기보다 0.8% 하락해 코로나19 고용 위기 속에서도 이 자리 창출성과를 달성의 고스로 나왔다
p32_u48,p32,ce2.0,실험율은 1.9%로 전년 동기보다 0.8% 하락해 코로나19 고용 위기 속에서도 인사리 창출성과를 달성한 것으로 나왔다.
p32_u48,p32,ce5.0,"실험은 요는 1.9%로 전년 동기보다 0.8% 하락회, 코로나19 고용 위기 속에서도 인자리 청초 선과를 달성한 곳으로 나왔다."
p32_u48,p32,ce10.0,실험율은 1.9%로 전년 동기 보다 0.8% 하락해 코로나19 고용 위기 속에서도 인자리 청춘 성과를 대성한 고스로 나왔다
p32_u49,p32,taps,모든 연일형층에서 고용율 창순세를 보였으며 특히 청년층 고용율은 변부위 또 4실 가운데 40.7%라는 최고 수치를 기록했다.
p32_u49,p32,ce0.0,모든 연일 영청에서 고용율 창순세를 보였으며 특히 청년춤 고용율은 경빈이 또 4실 가운데 40.7%라는 최고 수치를 기록했다.
p32_u49,p32,ce0.1,모든 연일령층에서 고용율 장승세를 보였으며 특히 청년추험 고용율은 경북이 또유 4시 강은데 40.7%라는 최고 수치를 기록했다.
p32_u49,p32,ce0.5,모든 연인령층에서 고용률 상승 배를 보였으며 특히 청년층 고용률은 경분 또 4실 가운데 40.7%라는 최고 수치를 기록했다.
p32_u49,p32,ce1.0,모든 연령 등에서 고용률 창승세를 보였으며 특히 청년층 고용률은 경비 4시 강은데 40.7%라는 최고 수치를 기록했다.
p32_u49,p32,ce2.0,모든 연령층에서 고용율 창승세를 보였으며 특히 청년층 고용율은 경북이 또 4시 가운데 40.7%라는 최고 수치를 기록했다.
p32_u49,p32,ce5.0,모든 연령층에서 고용률 창승세를 보였으며 특히 청년층 고용률은 경북도 4시 가운데 40.7%라는 최고 수치를 기록했다.
p32_u49,p32,ce10.0,모든 연령층에서 고용률 탕승세를 보였으면 특히 청년충 고용률은 경북이 또 4시 가운데 40.7%라는 최고 수치를 기록했다.
p32_u50,p32,taps,또 2021년 상단기 대비 고용이노래 1.3%의 상승했고 시러민이 또 0.3% 상승했다.
p32_u50,p32,ce0.0,또 2021년 상당기 대비 고용률 1.3% 세템 상승했고 실험에니 또 0.3% 상승했다.
p32_u50,p32,ce0.1,또 2021년 상당기 대비 고용률을 1.4%의 상응은 숨있고 실험률 또 0.3% 상승했다.
p32_u50,p32,ce0.5,또 2020녀 상당히 배비 고용요를 1.3% 재평이 승했고 실험률이 또 0.3% 상승했다.
p32_u50,p32,ce1.0,또 2021년 상당기 대비 고용요를 1.3% 대통령 성승했고 실험요이 또 0.3% 성승했다.
p32_u50,p32,ce2.0,또 2021년 성당기 대비 고용률을 1.3% 재통 성승했고 실험률 또 0.3% 상승했다.
p32_u50,p32,ce5.0,또 2021년 상당히 배비 고용요를 1.3% 됐던 상승했고 실험요이 또 0.3% 상승했다.
p32_u50,p32,ce10.0,또 2021년 상반기 대비 고용료를 1.3% 등 성공승했고 실험이 또 0.3% 상승했다.
p32_u51,p32,taps,이면 영천시가 어려운 역번 속에서도 다양한 일자리 사업과 적깃적인 귀엽지원 정책을 시행한 핵과가 나타난 곳으로 보고 있다.
p32_u51,p32,ce0.0,이는 영천시가 어려운 역번 속에서도 다양한 일자리 사업과 적극적인 귀엽지원 정책을 시행한 색과가 나타난 곳으로 보고 있다.
p32_u51,p32,ce0.1,이맨 영천시가 어려운 역권 속에서도 다양한 일자리 사업과 적극적인 귀엽지원 정책을 시행한 헷과가 나타난 것으로 보고있다.
p32_u51,p32,ce0.5,힘은 영천시가 어려운 역건소게서도 과양한 일자리 사업과 적극적인 귀엽지원 정책을 시행한 효과가 나타난 것으로 보고 있다.
p32_u51,p32,ce1.0,힘을 영톤시가 어려운 역건소기에서도 다양한 일자리 사업과 적극적인 귀엽지원 정책을 시행한 효과가 나타난 것으로 보고 있다.
p32_u51,p32,ce2.0,힘을 영천시가 어려운 역건소 개서도 과양한 일자리 사업과 적극적인 귀엽지만 정책을 시행한 효과가 나타난 것으로 보고 있다.
p32_u51,p32,ce5.0,희밀 영천시가 어려운 역건소계서도 다양한 일자리 사업과 적극적인 귀엽지원 장책을 시행한 효과가 나타난 것으로 보고있다.
p32_u51,p32,ce10.0,힘은 영천시가 어려운 역번 속에서도 다양한 일자리 사업과 적극적인 귀엽지원 정책을 시행한 효과가 나타난 것으로 보고 있다.
p32_u52,p32,taps,영천시 있는 경북도에서 주관한 2020에 이 자리 창초의 초질실적 평가에서 체위 수상을 추상해 2년 연속 우수 기관으로 선정됐다.
p32_u52,p32,ce0.0,영천시는 경북도에서 주관한 2020이냐 이 자리창추의 추세 실적 청가에서 채우 수상을 수상해 이 앤 연속 우수 기관으로 선정됐다.
p32_u52,p32,ce0.1,정찬 씨 있는 경북도에서 두 관한 2021년 이 자리 창출 출신실적 평가에서 채우 수상을 수상해 2년 연속 우수 비관으로 선정됐다.
p32_u52,p32,ce0.5,영천시는 경북도에서 주관한 2021년 이 자리 창출 추진실적 평가에서 채우 수상을 수상해 2년 연속 우수 비관으로 선정됐다.
p32_u52,p32,ce1.0,영천시는 경북도에서 중간한 2021년 이 자리 창출 추진실적 평가에서 시우 수상을 수상해 1년 10석 우수 비관으로 선정됐다.
p32_u52,p32,ce2.0,정천시는 경북도에서 주관한 2021년 이 자리 창치 초지실적 창가에서 최우수상을 수상해 2년 10석 우수 비관으로 선성됐다.
p32_u52,p32,ce5.0,영천시는 경북도에서 주관한 2021년 이 자리 창출 출실실적 창가에서 채우 수상을 추상해 이 열년 속 우수 기관으로 선정됐다.
p32_u52,p32,ce10.0,영천시 있는 경북도에서 두 관한 2021년 이 자리 창출 출신실적 평가에서 채우 수상을 수상해 2년 연속 우수 기관으로 선정됐다.
p32_u53,p32,taps,해양텔라스틱 자원순환 사업을 버리고 있는 여수 광량 항만 공사는 부도내 차량 4부 예방에 유해 차선 교재에 불러 100개를 대작했다고 싶사해 밝혔다.
p32_u53,p32,ce0.0,황양피라스틱 자원순한 사업을 버리고 있는 여수 강량 항망 공사는 부돈의 차량 차별 예방에 위해 차선 교재 부모 100개를 제작했다고 14일 밝혔다.
p32_u53,p32,ce0.1,현향편단 스틱 자원순환 사업을 버리고 있는 여수 강량향만 긍선은 부도내 차량 차고 예방을 위해 차선 규제 불러 100개를 제작했다고 14일 밝혔다.
p32_u53,p32,ce0.5,흥냥 플라스틱 자원순환 사업을 버리고 있는 여수 강량 항망공처는 부도내 차량 타고 예방을 위해 차선 교대 블록 100개를 제작했다고 14일 밝혔다.
p32_u53,p32,ce1.0,해양피란스킵 자원순한 사업을 버리고 있는 여수 강량 항망 등사는 부도내 차량 사고 예방을 위해 차선 교대 분럽 100개를 제작했다고 싶어 살 벗겼다
p32_u53,p32,ce2.0,헤냥펠라스틱 저먼순한 사업을 버리고 있는 여수 강량 항란 공사는 부돈의 차량 사고 예방을 위해 차선 교재에 불러 100개를 제작했다고 싶사일 밝혔다.
p32_u53,p32,ce5.0,현령 플러스틱 자원순환 사업을 버리고 있는 여수 광량 항망공사는 부둔의 차량 차고 예방을 위해 차선 구제에 불러 100개를 제작했다고 싶사해 밝혔다.
p32_u53,p32,ce10.0,흔형 플러스틱 정원순한 사업을 버리고 있는 여수 광량 항만 공저는 부딴의 차량 사고 예방은 위해 차선 교재 불러 100개를 제작했다고 싶사해 밝혔다.
p32_u54,p32,taps,"여수 강량, 항무항, 공사에 따르면 플라스틱으로 제작된 차성 교재 분명을 강량함 KIT 부동화, GWCT 부돈의 친구를 세하고 위형 부간에 설치했다."
p32_u54,p32,ce0.0,"여수 강량, 한망강, 공사에 따르면 플라스틱으로 제작된 차순규제 분노들, 강량함, KIT 부동화, GWCT 부뚠의 침돌사고 위형 부단에 설치했다."
p32_u54,p32,ce0.1,"여수 강량, 한롱한 군사에 따르면 플라스틱으로 제작된 차생 규제 분명을 강량한 KIT 부도와 GWCT 부도의 충돌 세우고 위형 구간에 설치했다."
p32_u54,p32,ce0.5,"여수 강렬, 한문은 공사에 따르면 플라스틱으로 제작된 차송 교재 분명을 강렬함 PIT 부드와 GWCT 부드 내 충돌 차고 위험 구간에 설치했다"
p32_u54,p32,ce1.0,"여소 강량, 항량, 군사에 따르면 플라스틱으로 제작된 차선 교재 블럭을 강량한 테이 아이티 보드와 GWCT 보드의 충돌 사고 위형 부간에 설치했다."
p32_u54,p32,ce2.0,"여수 경영, 한명형, 공사에 따르면 플라스틱으로 제작된 차선 교재 블록을 강영한 KIT 보드와 GWCT 보드 내추도 사고 위험 구간에 설치했다."
p32_u54,p32,ce5.0,"여수 강렬, 한명, 공사에 따르면 플라스틱으로 제작된 차선 구제 분럭을 장량한 KIT 고등화 RGWCT 부딴의 핑돌 사고 위험 구간에 설치했다."
p32_u54,p32,ce10.0,"여소 강량, 한명은 공사에 따르면 플라스틱으로 제작된 차순 교재 분녁을 강량한 K&T 보도와 GWCT 보도 내 충돌 사고 위형 구간에 설치했다."
p32_u55,p32,taps,공사에서는 해양플라스틱 슬가 및 자월순환 산업을 추진해으면서 선박을 고정하는 바지를과 일반플라스틱 등에 활용한 밑 사이큐 제품 제작에 고민해왔다.
p32_u55,p32,ce0.0,경사에 저는 행향 플라스틱 수가 미 자원 수만 산업을 추진해오면서 텀밥에 고정하는 바지를과 일반 플라스틱 등의 활용한 리사이큐 제품 대작에 고민해왔다.
p32_u55,p32,ce0.1,공사에서는 행향플라스틱 수고가 미 자원 수는 산업을 추진해면서 천박에 고정하는 바지를과 일반 플라스틱 등에 활용한 리사이클 제품 제작에 고민해 왔다.
p32_u55,p32,ce0.5,공사에 저는 혜향 플라스틱 수가 및 자원순환 산업을 추진해 운영서 선답을 고정하는 바퀴과 일반 플라스틱 등이 활용한 리사이클 제품 대작을 고민해 왔다.
p32_u55,p32,ce1.0,공사에서는 흰향 플라스틱도가 및 자원순환 산업을 했 수진에 오면서 선박을 고정하는 바퀴과 일반 플라스틱 등을 활용한 리사이크 제품 대작을 고민해왔다.
p32_u55,p32,ce2.0,공사에서는 신형 플라스틱 불가 및 자원순환 산업을 수진에 온 엔서 선박을 고정하는 바퀴과 일반 플라스틱 등을 활용한 리사이클 제품 대작을 고민해왔다.
p32_u55,p32,ce5.0,공사에서는 해양플라스틱 수가 및 자원순환 산업을 추질내우면서 선박에 고정하는 바툼과 일반 플라스틱 등을 활용한 미사이클 제품 대작을 고민해왔다.
p32_u55,p32,ce10.0,공사에서는 흥량 플라스틱 수가 미 자원 수능 산업을 추진해 오면서 선박을 고정하는 바퀴과 일반 플라스틱 등을 활용한 미사이클 제품 제작을 고민해 왔다.
p32_u56,p32,taps,이 과정에서 부둔해서 3을 차에 임양 블로자 임형 피해가 자주 발생한다는 거세 차간에 자세용 교재 블러그일 제작하게 됐다.
p32_u56,p32,ce0.0,이 과정에서 부도내에서 혐을 차에 인양 불로자 1위형 피해가 자주 발생한다는 거세 차간에 타성규제 블럭을 제작하게 됐다.
p32_u56,p32,ce0.1,이 과정에서 부둔해서 3을 차에 의미한 글로자의 일명 피해가 자주 발생한다는 곳에 차간에 탓형 교재 빌럭을 제작하게 됐다.
p32_u56,p32,ce0.5,이 과정에서 부둔해서 사물차의 의향 글로자 인명 피해가 자주 발생한다는 거세 차간에 타성 교재 블럭을 제작하게 됐다.
p32_u56,p32,ce1.0,이 과정에서 부문에서 함을 차에 의미한 글로자 입용 피해가 자도 발생한다는 거세 차관에 사평 굳의 블럭을 제작하게 됐다.
p32_u56,p32,ce2.0,이 과정에서 부둔해서 3을 차에 의한 글로자 이용 피해가 더 더 발생한다는 거에 차간에 타성 교재 블럭을 제작하게 됐다.
p32_u56,p32,ce5.0,1 과정에서 부근에서 3월 차에 의향 근로자 인명 피해가 자주 발생한다는 거에 차관에 사생규제블럭을 제작하게 됐다.
p32_u56,p32,ce10.0,이 과정에서 부도네에서 참을 자의 운영글로자 인명 피해가 자주 발생한다는 고세 차간에 타성교재 빌럭을 제작하게 됐다
p32_u57,p32,taps,최근에는 해양 플러스틱 리사이트 원단을 활용한 유명 패션 브랜드 제품들이 출시되는 등 성고격으로 이 사업이 1명 중에 있다.
p32_u57,p32,ce0.0,최근 앱의 해양 플라스틱 리사이트 원단을 활용한 유명 패션 브랜드 제품들이 출시되는 등 성구적으로 이 사업이 1년 중에 있다.
p32_u57,p32,ce0.1,최근 앱을 해안 플러스틱 리사이크 원단을 활용한 윤형 패션 브랜드 제품들이 2시되는 등 성구적으로 이 사업이 윤형 중에 있다.
p32_u57,p32,ce0.5,최근에는 히양플라스틱 리사이크 원단을 활용한 유명 패션 브랜드 제품들이 출시되는 등 선구적으로 이 사업이 울령 중에 있다.
p32_u57,p32,ce1.0,최근 앱을 해양 플러스틱 리사이크 원단을 활용한 윤형 패션 브랜드 제품들이 투시되는 등 성급적으로 이 사업이 1년 중에 있다
p32_u57,p32,ce2.0,최근 에너의 해양 플러스틱 리스파이크 원단을 활용한 운영 패션 브랜드 제품들이 2시대하는 등 성급적으로 이 사업이 운영 중에 있다.
p32_u57,p32,ce5.0,최근에는 해양 플러스틱 리사이크 원단을 활용할 유명 패션 브랜드 제품들이 2시대한 등 선구적으로 이 사업이 운명 중에 있다
p32_u57,p32,ce10.0,최근에는 양플라스팀 리사이크 원단을 활용한 유명 패션 브랜드 제품들이 출시되는 등 성급적으로 이 사업이 운명 중에 있다
p32_u58,p32,taps,"박성년 여수, 확병, 확망, 공사 사장은 해양픨라스틱 리사이 퀴처성 규제 블러그인 학만네 글로자들의 안전과 해양 환경을 동시에 지킬 수 있는 A.E. 있는 제품이라고 강조했다."
p32_u58,p32,ce0.0,"벽성년 여수, 흑광량향만 공사 사장은 해양픨라스틱 리사의 캐쳐선 기제 블럭은 학만의 글로자들의 안전과 해양 환경을 동시에 지킬 수 있는 A.E. 있는 제품이라고 강조했다."
p32_u58,p32,ce0.1,"박성년 여수, 광량형만 공사 사장은 해양플라스틱 리사이클 첫 생교제 블럭은 학만네 글로자들이 안전과 해양현경을 동시에 지킬 수 있는 의미 있는 제품이라고 강조했다."
p32_u58,p32,ce0.5,"박성년 여수, 권량 행만 군사 사장은 해양플라스피 글리사이크 차선 교재 블록은 학말리 글로자별의 안전과 해양 환경을 동시에 지킬 수 있는 의미 있는 제품이라고 강조했다."
p32_u58,p32,ce1.0,"박성연 여수, 확병, 행만, 군사, 자당은 해양플라스틱, 리사이크, 차선 교재, 블러그, 항만의 글로자들의 안전과 해양 환경을 동시에 지킬 수 있는 의미 있는 제품이라고 강조했다."
p32_u58,p32,ce2.0,박성현 여수 후공연 확망공사 가장은 해양플라스틱 리사이클 차선 교재 블럭은 확망 내 글로자들의 안전과 해양 환경을 동시에 지킬 수 있는 의미 있는 제품이라고 강조했다.
p32_u58,p32,ce5.0,"박성현 여수, 강량 형만 공사 과정은 해양플라스틱 리사이크 차선 교재 블러그, 항받네 글로자들의 안전과 해양환경을 동시에 지킬 수 있는 의미 있는 제품이라고 강조했다."
p32_u58,p32,ce10.0,"박성연 여수, 강량 황만 공사 사자는 해양플러스틱 리사이크 차선 교재 블록은 항받네 글로저들의 안전과 행향 환경을 동시에 지킬 수 있는 의미 있는 제품이라고 강조했다."
p32_u59,p32,taps,블라드 위를 포티를 Russia 대통령의 9일 전인 순위절 행사에서 워크라이나 점쟁이 2차 대전의 연장이며 워크라이나 구는 낮질한 서비 주장에 단복됐다.
p32_u59,p32,ce0.0,블라 듀의를 포티를 어시아 대통령행 9일 전인승의절 행사에서 워크라이나 점재위 2차 대전의 연장이며 워크라이나 군은 낫질한 허비 주장에 반복됐다
p32_u59,p32,ce0.1,블라 뒤 위를 푹티러시아 대통령은 9일 전인 승이절 행사에서 워크라이나 점재위 2차 대전의 연장이며 워크라이나 그는 낮질한 섭이 주장에 반복됐다
p32_u59,p32,ce0.5,블라디미를 푹 필러시아 대통령의 9일 전 승이저 행사에서 우크라이나 변쟁위 2차 대전의 연장이며 우크라이나 군은 낫질한 섭이 주장에 반복됐다.
p32_u59,p32,ce1.0,블라 뒤로 푸틸러시아 대통령은 9일 점이 스미절 행사에서 육그라이나 전쟁이 2차 대전의 연장이며 육그라이나 구는 낫질한 허비 두 방에 담복됐다.
p32_u59,p32,ce2.0,블라디미를 푸틸러시아 대통령은 9일 정승이저 행사에서 워크라이나 전쟁이 2차 대전의 연장이며 워크라이나 군은 낫질한 섭이 두 장을 단복됐다
p32_u59,p32,ce5.0,블라 디일을 푹틸러시아 대통령은 9일 전은 수익을 행사해서 육그라이나 전쟁이 2차 대전의 연장이며 육그라이나 구는 낮출한 허위 주장을 반복했다.
p32_u59,p32,ce10.0,블라디미를 푸필러시아 대통령은 9일 정리승이저 행사에서 육그라이나 전쟁이 2차 대전의 연장이며 육그라이나 구는 낫지람 소비 주장을 반복됐다.
p32_u60,p32,taps,붉은 광장에서 열린 행사 연설에서 푸틴은 서방이 롱시아 701 준비했다며 군사 작전은 부위가 피하고 시에 적절하며 적합컨 결정이었다고 지장했다.
p32_u60,p32,ce0.0,붉은 방장에서 열린 행사 연설에서 토티는 서방이 롱시아 701 준비했다며 군사 작전은 불가피 아고시에 적절하며 적폭한 결정이었다고 지장했다.
p32_u60,p32,ce0.1,붉은 방장에서 열린 행사 연설에서 푸피는 서방이 렁시아 칭공을 준비했다며 군사 작전은 부위가 피하고 시의 졌으라며 적폭한 결정이었다고 주장했다.
p32_u60,p32,ce0.5,붉은 강장에서 열린 행사 연설에서 푸핀은 서방이 롱시아 칭곤을 준비했다며 군사 작전은 불가피하고 싱일 적 거라며 적탑한 결정이었다고 주장했다.
p32_u60,p32,ce1.0,붉은 강당에서 열린 행사 연설에서 푸틴을 사방이 렁시아 칭곤을 준비했다며 군사 작전은 불가피하고 시의 적절하며 적확한 결정이었다고 주장했다.
p32_u60,p32,ce2.0,붉은 광장에서 열린 행사 연설에서 투티는 서방이 렁시아 칭곤을 준비했다며 군사 작전은 불가피하고 시위 적절하며 적합함 결정이었다고 주장했다
p32_u60,p32,ce5.0,붉은 강장에서 열린 행사 연설에서 부티는 서방이 롱시아 충공을 준비했다며 군사 작전은 불과 피하고 시의 적결하며 적확한 결정이었다고 주장했다
p32_u60,p32,ce10.0,붉은 광장에서 열린 행사 연설에서 푸틴은 서방이 롱시아 칭곤을 준비했다며 군사 작전은 불가피하고 시흐이 적설하며 적합한 결정이었다고 조장했다
p32_u61,p32,taps,구착 상태에 빠지오크라이나 전쟁에 탈 나친 명분을 내재어 정당한 화련에 이두로 보인다.
p32_u61,p32,ce0.0,부착 상태에 빠지오키라이나 전쟁을 텔나친 명분을 내재어 정당한 화련의 이드로 보인다.
p32_u61,p32,ce0.1,구착 상태에 빠지오크라이나 전쟁을 테나친 명분을 내세워 정당한 현련을 의도로 부인다.
p32_u61,p32,ce0.5,고착 상태에 빠지오크라이나 전쟁을 텔나친 연군을 내 대화 정당하려면 이도로 보인다.
p32_u61,p32,ce1.0,교척 상태에 빠지 우클 아이나 전쟁을 텔나친 영분을 내 세워 정당하려면 위두로 보인다.
p32_u61,p32,ce2.0,부착 상태에 빠지옥크라이나 전쟁을 탈락침 연군을 내세워 정당하려면 이도로 보인다.
p32_u61,p32,ce5.0,극석 상태에 빠지욱 그라이나 전쟁을 탈너친 영문을 내세워 정당하려면 이도로 보인다.
p32_u61,p32,ce10.0,그 착상태에 빠지 우클 아이나 전쟁을 탈낫힌 연군을 내세워 정당하려는 의도로 부인다
p32_u62,p32,taps,행우사에 맞춰 러시아 고는 우크라이나 마리 우쿠의 아두 우스탈 제철주의 폭격을 제게했다.
p32_u62,p32,ce0.0,행사에 맞춰 러시아 고는 우크라이나 마리 우쿠의 아주 우스텔 제철수의 폭격을 제게했다.
p32_u62,p32,ce0.1,행사에 맞춰 로시아 고는 우크라이나 마리 우프의 아두 우수탈 제철수의 폭격을 제개했다.
p32_u62,p32,ce0.5,행사에 맞춰러시오고는 우크라이나 마리우프의 아농우스탈 제철수의 폭격을 제개했다.
p32_u62,p32,ce1.0,평사에 맞혀러시아 고는 육그라이나 마리 부의 아둥스탈 재철수의 폭격을 재개했다
p32_u62,p32,ce2.0,행사에 맞춰 로시아 고는 우크라이나 마리 우쿵에 아주 우수탈 제철수의 폭격을 제게했다.
p32_u62,p32,ce5.0,행사에 맞춰 러시아구는 우크라이나 마리우 구해 아주 음수탈 재철주의 폭격을 재개했다
p32_u62,p32,ce10.0,인사에 맞춰 로시아구는 우크라이나 마리우 분이 아주 우수탈 재철주의 폭격을 되겠다
p32_u63,p32,taps,러시아는 낫지 독일이 항복한 이 나를 국가적 행사로 기념하고 있으나 포티는 일을 정치 행사로 이용해 왔다.
p32_u63,p32,ce0.0,러시아는 낫지 독일이 행복한 이날을 국가적 행사로 기념하고 있으나 포티는 일을 정치행사로 이용해왔다.
p32_u63,p32,ce0.1,러시아는 마치도길이 행복한 이 나를 국가적 행사로 기념하고 있으나 포티는 일을 정치 행사로 일용해 왔다.
p32_u63,p32,ce0.5,러시아는 라치도길이 행복한 이 나를 숟가적 행사로 기념하고 있으나 포티는 일을 정치 행사로 이용해왔다
p32_u63,p32,ce1.0,러시아는 마치 독일이 항복한 이 날을 국가적 행사로 기념하고 있으나 포티는 일을 정치 행사로 이용해왔다.
p32_u63,p32,ce2.0,러시아는 마치도길이 항복한 이 나를 국가적 행사로 기념하고 있으나 포티를 일을 정치 행사로 이용해왔다.
p32_u63,p32,ce5.0,러시아는 낫치루길이 항복한 이날을 국가적 행사로 기념하고 있으나 포틸은 일을 정치행사로 이용해왔다
p32_u63,p32,ce10.0,러시아는 낫지 도길이 항복한 이 나를 국가적 행사로 기면받고 있으나 포티는 일을 정치 행사로 입용해 왔다
p32_u64,p32,taps,이번에도 건은 러시아의 생일을 만체를 예치며 전쟁이 끝나지 않았다는 메시지를 통해 국민 지지를 깨러내려했다.
p32_u64,p32,ce0.0,이번에도 겨는 러시아의 생일을 만체를 예치며 전쟁이 끝나지 않았다는 메시지를 통해 국립 지시를 깨러내려했다.
p32_u64,p32,ce0.1,이번에도 그는 러시아의 생미를 만체를 외치며 전쟁이 끝나지 않았다는 메시지를 통해 국민 주지를 끌어내려했다.
p32_u64,p32,ce0.5,이번에도 그는 러시아의 생일을 만체를 외치며 전쟁이 끝나지 않았다는 메시지를 통해 국민 지지를 끌어내려했다.
p32_u64,p32,ce1.0,이번에도 그는 러시아의 승리를 만체를 외치며 본쟁이 끝나지 않았다는 메시지를 통해 국립지지를 끌어내려했다.
p32_u64,p32,ce2.0,이번에도 그는 러시아의 승리를 만체를 여치며 전쟁이 끝나지 않았다는 메시지를 통해 국미리지지를 끌어내려했다.
p32_u64,p32,ce5.0,이번에도 그는 러시아의 생리를 만세를 외치며 손쟁이 끝나지 않았다는 메시지를 통해 국민 주지를 끌어내려했다.
p32_u64,p32,ce10.0,이번에도 그는 러시아의 생일을 만체를 외치며 손쟁이 끊은 하지 않았다는 메시지를 통해 국민 주지를 끌어내려했다
p32_u65,p32,taps,"이에 젤린 숙기, 이큐라이나 대통령은 마치 범죄를 따라하는 푸틴을 실패할 것이라고 목소리를 놓쳤다."
p32_u65,p32,ce0.0,"이에 젤린 숙기, 이큐라이나 답통 영은 낫지 범죄를 따라하는 푸틴을 실패할 것이라고 목소리를 놓쳤다."
p32_u65,p32,ce0.1,이에 젤렌스키 유클아이나 대통령은 나치 범죄를 따라하면 푸티는 실패할 것이라고 목소리를 놓쳤다.
p32_u65,p32,ce0.5,"이에 젤렌스피 우트라이나 다풍명은, 같이 검제를 따라하는 포틴을 실패할 것이라고 목소리를 높았다."
p32_u65,p32,ce1.0,이의 젤린 숲이 워크라이나 바풍 영은 나치 범죄를 따라하는 포티는 실패할 것이라고 목소리를 높았다.
p32_u65,p32,ce2.0,이에 젠연 숙기 우클아이나 대통령은 마치 범죄를 따라하는 푸틴을 실패할 것이라고 목소리를 높였다.
p32_u65,p32,ce5.0,이에 젤렌 습기 우큐라이나 대통령은 나치 본제를 따라하는 푸티는 실패할 것이라고 목소리를 높였다.
p32_u65,p32,ce10.0,이에 젤렌 숙기 우클 아이나 대통령은 같이 범죄를 따라하는 부티는 실패할 것이라고 목소리를 높였다.
p32_u66,p32,taps,이번 정승니절 행사는 70일 넘게 계속되면 웃히라이나 번쟁의 형대를 가를 행사로 전 세계 주목을 받았다.
p32_u66,p32,ce0.0,이번 정승인이저 행사는 70일 넘게 계속되면 규라이나 전잼의 형대를 결을 행사로 전세계 주목을 받았다.
p32_u66,p32,ce0.1,이번 정승절 행사는 70일 넘게 계속되면 오크라이나 전쟁의 형대를 가를 행사로 전 세계 주목을 받았다.
p32_u66,p32,ce0.5,이번 정수민절 행사는 71 넘게 계속되는 우큐라이나 전쟁의 형대를 가를 홍사로 전 세계 주목을 받았다.
p32_u66,p32,ce1.0,이번 정승인절 행사는 70일 넘게 개북되면 오크라이나 전쟁의 형대를 가를 행사로 전 세계 주목을 받았다.
p32_u66,p32,ce2.0,이번 정승인 절 행사는 70을 넘게 계속되는 그 라이나 전쟁의 상대를 가를 홍사로 전 세계 주목을 받았다.
p32_u66,p32,ce5.0,이번 정신인 절 행사는 70일 넘게 개득되는 그라이나 전쟁의 상대를 가를 행사로 전 세계 주목을 받았다.
p32_u66,p32,ce10.0,이번 정승절 행사는 70일 넘게 계속되는 우쿠라이나 전쟁의 형대를 가를 행사로 전 세계 주목을 받았다.
p32_u67,p32,taps,포지만 푸틴은 진력 정당의 연설에 많은 시간을 하려하면서 당초 예상과 달리 특별한 메시지는 내지 않았다.
p32_u67,p32,ce0.0,서지만 푹팀은 진력정당 아예 연설에 맞는 시간을 하려는 서 당초 예상과 달리 특별한 메시지는 되지 않았다
p32_u67,p32,ce0.1,서지만 푹티는 침략 정당화의 연설에 많은 시간을 하려하면서 당투 예전과 달리 특별한 메시지는 내지 않았다.
p32_u67,p32,ce0.5,하지만 부티는 진력 동당의 연설에 많은 시간을 하려는 소화 방투 예상과 다리 특별한 메시지는 내지 않았다
p32_u67,p32,ce1.0,하지만 포틴을 진력 정당의 연설에 많은 시간을 하려하면서 당투 예전과 다른 특별한 맵지지는 내지 않았다.
p32_u67,p32,ce2.0,소주만 부틴을 칠력정당하의 연설에 많은 시간을 하려하면서 방토 예상과 달리 특별한 메시지는 레지 않았다.
p32_u67,p32,ce5.0,하지만 푹틴을 진력 동당화의 연설에 많은 시간을 하래 오면 더 방크 예상과 더 특별한 메시지는 내지 않았다
p32_u67,p32,ce10.0,하지만 부티는 진력정당의 연설에 많은 시간을 하내여��서 강추 예상과 더 특별한 메시지는 내지 않았다.
p32_u68,p32,taps,포트위 지금까지의 제안전이 아닌 전면전이 선언하고 국가 동원령에 내를 격무 상황은 통제 불능에 빠져될 수도 있었다.
p32_u68,p32,ce0.0,포트위 지금까지의 제안전이 아닌 점랜전을 선언하고 국가 동원령연 내를 격무 상황은 통제 불능에 빠져될 수도 있었다.
p32_u68,p32,ce0.1,폭틴이 지금까지의 제한전이 아닌 전면전을 선언하고 국가 동원령을 내릴 경우 상황은 통제 불능에 빠져될 수도 있었다.
p32_u68,p32,ce0.5,포틀리 지금까지의 제안전이 아닌 전멘전을 선언하고 국가 동원령을 내밀 경우 상황은 통제 불능에 빠져될 수도 있었다.
p32_u68,p32,ce1.0,포틸리 지금까지의 제한전이 아닌 전면전을 선언하고 국가 동원령을 내릴 경우 상황은 통제 불능에 빠져될 수도 있었다.
p32_u68,p32,ce2.0,푹팀이 직을까지의 재암전이 아닐 전면전을 선언하고 국가 동을 영을 내릴 경우 상황은 통제 불능에 빠져될 수도 있었다.
p32_u68,p32,ce5.0,푹퓨이 지금까지의 제안전이 아닌 전면전을 선언하고 국가 동물령을 내릴 경우 상황은 통세 불능에 빠져든 주도 있었다.
p32_u68,p32,ce10.0,포틀리지금까지의 정연전이 아닌 전면전을 선언하고 국가 동원령을 내비 경호 상황은 통제 불능에 빠져될 수도 있었다.
p32_u69,p32,taps,물론 포필을 휴전 또 시사하지 않아 워크라이나 사태가 잠기화할 불안감은 여전하다.
p32_u69,p32,ce0.0,"물론 포필을 휴전 또 시사하지 않아, 오크라이나 사태가 잠기화할 불안감은 여전하다."
p32_u69,p32,ce0.1,"물론 포틴을 유전 또 실사하지 않아, 오크라이나 사태가 장기화할 불안감은 여전하다."
p32_u69,p32,ce0.5,물론 포티는 유전 또 시사하지 않아 우크라이나 사태가 담기화 할 불안감은 여전하다
p32_u69,p32,ce1.0,물건 포티는 휴전 또 시사하지 않아 오크랑이나 사태가 장비화 할 불안감을 여전하다
p32_u69,p32,ce2.0,물론 부티는 유전 또 시사하지 않아 우크라이나 사태가 잠기화할 불안감을 여전하다
p32_u69,p32,ce5.0,물론 포틴은 유전 또 시사하지 않아 우클 아이나 사태가 장기화할 불안감은 여전하다
p32_u69,p32,ce10.0,몽롬 포티는 휴전 또 시사하지 않아 우클 아니나 사태가 장기 황할 불안감은 여전하다
p32_u70,p32,taps,특히 서방도 물러서지 않고 제재 강도를 높이가 있어 언제든 상황은 악화할 수 있다
p32_u70,p32,ce0.0,특히 서방도 물러서지 않고 제재 강조를 높이가 있어 언제든 상황은 악화할 수 있다
p32_u70,p32,ce0.1,특히 서방도 물러서지 않고 제재 강도를 높이가 있어 언제든 상황은 악화할 수 있다
p32_u70,p32,ce0.5,특히 서방도 물러서지 않고 제재 강도를 높이가 있어 언제든 상황은 악화할 수 있다
p32_u70,p32,ce1.0,특히 서방도 물러서지 않고 제재 강도를 높이가 있어. 언제든 상황은 악화할 수 있다.
p32_u70,p32,ce2.0,특히 서방도 물러서지 않고 제재 강도를 높이가 있어. 언제든 상황은 악화할 수 있다.
p32_u70,p32,ce5.0,특히 서방도 물러서지 않고 제재 강도를 높이가 있어 언제든 상황은 악화할 수 있다
p32_u70,p32,ce10.0,특히 서방도 물러서지 않고 제재 강도를 높이가 있어 언제든 상황을 낳화할 수 있다
p32_u71,p32,taps,"조효 7개국 정상대로는 하부업, 서러시아사 원료 겸수를 약속됐고 유럽연합은 이 뒷체 등 논의에 들어간 상태다."
p32_u71,p32,ce0.0,주요 7개 극정상들은 하루 앞서 러시아사 원료 겸수를 약속됐고 이런 면아벤이 듀채정 논의에 들어간 상태다.
p32_u71,p32,ce0.1,주요 7개 극정상들은 하루 앞서 러시아사 원료 겸수를 약속했듯 유럽연합은 규체등 논의에 들어간 상태다
p32_u71,p32,ce0.5,주요 출계기 동상들은 하루 앞서 러시아사 원료 겸수를 약속했고 이런 연합은 교체 등 논의에 들어간 상태다.
p32_u71,p32,ce1.0,주요 틀기의 극정상들은 하모 앞서 러시아산 원료 겸수를 약속했고 유럽연합은 급체등 론이에 들어간 상태다.
p32_u71,p32,ce2.0,주요 튈계 극정상들은 하노 앞설 어시아산 원료 견수를 약속했고 유럽연합은 이 두퇴정 논의에 들어간 상태다.
p32_u71,p32,ce5.0,주요 7개 극정상들은 하루 앞서 러시아산 원료 견수를 약속했고 유럽연합은 규제정 론이 들어간 상태다.
p32_u71,p32,ce10.0,주요 7개국 동상들은 하루 앞서 러시아산 원료 금수를 약속했고 유럽연합은 그쵸정 논의에 들어간 상태다.
p32_u72,p32,taps,하지만 이유는 분명치 않으나 실패를 용인하지 않는 부티니 전면적 카드를 꺼내지 않으면서 당장 주변국 황전된이 최악의 상황은 피할 수 있게 됐다.
p32_u72,p32,ce0.0,현지만 이유는 분명치 않으나 실패를 용인하지 않는 부티니 전면정타조를 꺼내지 않으면서 당장 주변국 황전 대위 최악의 상황은 피할 수 있게 됐다.
p32_u72,p32,ce0.1,서지만 이유는 분명치 않으나 실패를 용인하지 않는 부티니 전면정 카드를 꺼내지 않으면서 당장 주변국 황전 등 최악의 상황은 피할 수 있게 됐다
p32_u72,p32,ce0.5,하지만 이유는 분명치 않으나 실패를 용인하지 않는 부피니 전면적 카드를 꺼내지 않으면서 당장 주변국 항전 등 최악일 상황에 피할 수 있게 됐다.
p32_u72,p32,ce1.0,하지만 이유는 법용치 않으나 실패를 용인하지 않는 부티니 전면정 카드를 꺼내지 않으면서 당장 두 병규 항전 등 최악의 상황에 피할 수 있게 됐다
p32_u72,p32,ce2.0,하지만 이유는 분명치 않으나 실패를 용인하지 않는 부티니 전면적 카드를 꺼내지 않으면서 당장 주경국 항전 등 최악의 상황은 피할 수 있게 됐다.
p32_u72,p32,ce5.0,하지만 이유는 분명치 않으나 실패를 용인하지 않는 부티니 겹면성 카드를 꺼내지 않으면서 당장 수경국 확전 등 최악일 상황은 피할 수 있게 됐다.
p32_u72,p32,ce10.0,하지만 이유는 분명치 않으나 실패를 용인하지 않는 부티니 전면정 카드를 꺼내지 않으면서 당장 주변국 항전 등 최악의 상황은 피할 수 있게 됐다.
p32_u73,p32,taps,"처방견제를 위한 핵 전쟁, 지이통직의 공개도 기사 악화를 위호로 하지 않았다."
p32_u73,p32,ce0.0,"퇴방 견제를 위한 핵 전쟁, 지이통직 예의 금계도 기사 악화를 이유로 하지 않았다."
p32_u73,p32,ce0.1,"처방견제를 위한 핵 전쟁, 지이통재기에 공개도 귀상 악화를 유용하지 않았다."
p32_u73,p32,ce0.5,"소방 견제를 위한 핵 전쟁, 지휘통제기의 금계도 기사 악화를 이유로 하지 않았다."
p32_u73,p32,ce1.0,"초반견제를 위한 핵 전쟁, 지휘통제기의 공개도 귀상 악화를 이유로 하지 않았다."
p32_u73,p32,ce2.0,소방견제를 위한 핵 전쟁. 시미통제기의 금계도 기사 악화를 이유로 하지 않았다.
p32_u73,p32,ce5.0,"소방견제를 위한 핵 전쟁, 지이통색 예의 금계도 기사 악화를 이유로 하지 않았다."
p32_u73,p32,ce10.0,"초반견제를 위한 핵 전쟁, 진입통제기의 금계도 귀상 악화를 이유로 하지 않았다."
p32_u74,p32,taps,토틴의 총을 골 전략 찾기로 해석하기엔 1위지만 그걸 가능성이 생긴 것만 해도 긍정적이다.
p32_u74,p32,ce0.0,토틴의 총을 골 전략 찾기로 해석하기엔 1위지만 골을 가능성이 생긴 것만 해도 경정적이다.
p32_u74,p32,ce0.1,푸틴의 충고 젤략착비로 해석하기엔 1을 지만 그럴 가능성이 생긴 것만 해도 긍정적이다.
p32_u74,p32,ce0.5,푸핀의 출구 전략착비로 해석하기엔 이르지만 그럴 가능성이 생긴 것만 해도 긴장적이다.
p32_u74,p32,ce1.0,포틴의 툴골 권력 탑비로 해석 과기엔 이르지만 그럴 가능성이 생긴 것만 해도 긍정적이다.
p32_u74,p32,ce2.0,푸틴의 툴골 전략척비로 해석하기엔 1을 지만 그럴 가능성이 생길 건만 해도 긍정적이다.
p32_u74,p32,ce5.0,포트해 퇴근 전략척비로 해석 가기엔 이를지만 그럴 가능성이 생긴 것만 해도 긍정적이다.
p32_u74,p32,ce10.0,푸틴의 총궐 전략척비로 해석 가기엔 이를들지만 그럴 가능성이 생긴 것만 해도 긍정적이다.
p32_u75,p32,taps,속부를 기대를 할 것은 아니나 우크라이나 사태의 분기점이 마렴 되었으면 하는 바랍니다.
p32_u75,p32,ce0.0,소포른 기대를 할 것은 아니나 우크라이나 사태의 붕기전이 마련되었으면 하는 바랍니다.
p32_u75,p32,ce0.1,섭불은 기대를 할 것은 아니나 우크라이나 사태의 붕기점이 마련되었으면 하는 바랍니다.
p32_u75,p32,ce0.5,소포를 기대를 할 것은 아니나 우크라이나 사태의 붕기점이 마련되었으면 하는 바람이다.
p32_u75,p32,ce1.0,서포른 기대를 할 것은 아미나 우크라이나 사태의 붕기점이 마련되었으면 하는 바람이다.
p32_u75,p32,ce2.0,섭부를 기대를 할 것은 아니나 우크라이나 사태의 붕기점이 마련되었으면 하는 바람이다.
p32_u75,p32,ce5.0,섭불은 기대를 할 것은 아니나 우크라이나 사태의 붕기점이 마련되었으면 하는 바람이다.
p32_u75,p32,ce10.0,섣불은 기대를 할 것은 아니나 우크라이나 사태의 붕기점이 마련되었으면 하는 바람이다.
p32_u76,p32,taps,"식당에서 법작이 쓰러질, 실정지 환자의 신장에 다시 뛰게한 신인들에게 소방이 하트 세이버를 쏠려했다."
p32_u76,p32,ce0.0,식당에서 법작이 쓰러진 신정지원자의 신장을 다시 뛰게 한 신인들에게 소방이 핫을 세입어를 수 있겠다.
p32_u76,p32,ce0.1,식장에서 법작이 쓰러진 심정지 환자의 신장을 다시 뛰게 한 신인들에게 소방의 핫툭세이버를 쓰려했다.
p32_u76,p32,ce0.5,식당에서 법적이 쓰러진 신정지원자의 신장을 다시 뛰게 한 신인들에게 소방이 핫트 세이버를 쓰려했다.
p32_u76,p32,ce1.0,식당에서 겪여기 쓰러진 신정지 환장의 신정을 다시 뛰게 한 신인들에게 소방이 핫툴증이 벌을 쓰려했다.
p32_u76,p32,ce2.0,식당에서 법적이 쓰러진 신종지원자의 신장을 다시 뛰게한 신인들에게 소방의 핫을 세입어를 쓰여했다.
p32_u76,p32,ce5.0,식당에서 갑자기 쓰러진 신정지 환자의 신정을 발식되게 한 시민들에게 소방의 하패세이벌을 쓰여 있다.
p32_u76,p32,ce10.0,식당에서 법작이 쓰러진 신정지원자의 신장을 다시 뛰게 한 시민들에게 소방의 핫을 쌤이 벌을 수요했다.
p32_u77,p32,taps,"광주 광산 소방전은 성경왕, 긴년수, 긴경리 씨에게 혐틀 세이버 인증서와 배지를 씨해 했다고 시치를 밝혔다."
p32_u77,p32,ce0.0,"정주광선 소방전은 청경왕, 기념수, 분경니 씨에게 혁들세이버 인재이서와 배지를 씨해 앱다고 17를 벗겼다."
p32_u77,p32,ce0.1,강주 광산 소방전은 천경왕 김연수 김경미 씨에게 샀든 세일버 인증서와 배치를 씌웨했다고 시치를 발췄다.
p32_u77,p32,ce0.5,광주 광산 소방전은 청경왕 김연수 김경민 씨에게 샷글쇠이 버인드에서와 배지를 쥐에 했다고 17를 밝혔다.
p32_u77,p32,ce1.0,강주 강산 소방전은 혁경왕 금연수 긍경민 씨에게 혁들세이버 인증서와 뱉이를 씨해았다고 17를 발켰다
p32_u77,p32,ce2.0,경주 강산 소방전은 철경왕 김연수 김경미 씨에게 협들 세이버 인증서와 뱃지 룩쥐어 했다고 시킬을 밝혔다
p32_u77,p32,ce5.0,강주 강선 소방전은 청경왕 김연수 김경민 씨에게 핫들 세이버인드에서와 백신을 지여했다고 17일 밝혔다
p32_u77,p32,ce10.0,"공주공산 소방전은 청경완, 금면수, 금병미 씨에게 혁등세이버 인증서와 뵙지를 씨해았다고 17를 밝혔다."
p32_u78,p32,taps,하트 세이버는 실정지 도맨 호흡 정지로 생사의 갤리 길에 천 인교 반자를 신폐소생수일 등 적극적인 인교체치롱 체력을 구한 사람에게 인증이 저를 쓰려하는 제도다
p32_u78,p32,ce0.0,하트 세이버는 신정지 도맨 호흡 점지로 생사의 갤리 길에 천 인격 환자를 신폐소생 쏠듯 적객적인 인격체치롱 체여을 고한 차라내게 일생서를 쓰여가는 제도다
p32_u78,p32,ce0.1,사퇴 세이버는 신정지 도맨 호흡 정지로 생사의 갤리길에 선 인교 판자를 신폐소생술 등 적극적인 인교체치롱 생명을 구한 사람에게 인증서를 수요하는 제도다.
p32_u78,p32,ce0.5,하트 세이버는 친정지 도맨 호흡 등지로 생사의 권리결의 첫 은글 반자를 심팬 손생수들 적극적인 인급 젖지로 생명을 구한 사람에게 인증서를 수요하면 제도다
p32_u78,p32,ce1.0,하트 세이버는 신정지 도맨 호흡 정지로 생사의 결리길에 전 인급한자를 심폐소생술 등 격객적인 인급 저치로 생명의 고한 사람에게 인증서를 수요하는 제보다
p32_u78,p32,ce2.0,하트 세이버는 신정지 또는 호흡 정지로 생사인 갈리길에 전 은급 한자를 신폐 소생수 등 적극적인 인급 저치로 성력을 고한 사람에게 일중서를 수요하는 제도다
p32_u78,p32,ce5.0,사툴 세이버는 신정지 도맨 호흡 정지로 생사의 관리길에 전 인격 환자를 심폐소생수 등 적극적인 인격 저치로 성명을 구한 사람에게 인증서를 훌륭하는 제보다
p32_u78,p32,ce10.0,하트생이버는 신정지 도맨 호흡 정지로 생사행 결리길에 전 인급한자를 심폐소생술 등 적극적인 인급 젖지로 생량을 고한 사람에게 인증서를 수요하는 제도다
p32_u79,p32,taps,"이들은 지난해 12월 19일 음남동의 할 식당에서 시민이 술어진 것을 보고 실속박이 1,19회 신공하고 신폐 소쟁술을 실시했다."
p32_u79,p32,ce0.0,이들은 지난해 12월 19일 음남동에 할 식당에서 시민이 쓰러진 것을 보고 실속박이 1인지 구해 신공하고 신폐소생술을 실시했다.
p32_u79,p32,ce0.1,이들은 지난해 12월 19일 음남동에 한 식당에서 싱인이 쓰러진 것을 보고 신속하게 잃는구에 신공하고 신폐소생주를 실시했다.
p32_u79,p32,ce0.5,"이들은 지난해 12월 19일, 은란동의 한식당에서 신일이 쓰러진 것을 보고 신속박이 일일곱에 신고하고 심폐소생술을 실시했다."
p32_u79,p32,ce1.0,이들은 지난해 12월 19일 온남동에 한 식당에서 시민이 쓰러진 것을 보고 신속하게 일민구에 신고하고 심폐소생술을 실시했다.
p32_u79,p32,ce2.0,이들은 지난해 12월 19일 온남동유 80당에서 싱힐이 틀어진 것을 보고 신속하게 1일 후에 신고하고 심폐 소증수를 실시했다.
p32_u79,p32,ce5.0,"이들은 지난해 12월 19일 운남동의 할 식당에서 시민이 쓰러진 것을 보고 실속하게 1, 2, 9에 신고하고 실패 소생수로 실시했다."
p32_u79,p32,ce10.0,이들은 지난해 12월 19일 음남동의 할식당에서 심리스러진 것을 보고 신속하게 잇는 꿈의 신공하고 심폐소생수를 실시했다.
p32_u80,p32,taps,신고를 받고 도착한 구급에는 재재 동기실심이 전물소생술을 진행했고 샘장에서 제발순환 회복될 방원 이승됐다.
p32_u80,p32,ce0.0,신고를 받고 도착한 구급에는 재재 본기 신 씨 및 전문 소생 둘을 진행했고 현장에서 제발순환 회복될 방원 이송됐다.
p32_u80,p32,ce0.1,신고를 받고 도착행 구급되는 재세 동기 신심이 전문소생술을 진행했고 현장에서 접할 순한 회복대에 방원 이승됐다.
p32_u80,p32,ce0.5,신고를 받고 도착한 구급되는 제세범기 실심이 전물소생술을 진행했고 현장에서 다발순한 회복을 방문 이승됐다.
p32_u80,p32,ce1.0,신고를 받고 도착한 구급되는 재세 분기 신심이 전몰소생 둘을 진행했고 현장에서 자발순환 회복될 방원 이승됐다.
p32_u80,p32,ce2.0,신고를 받고 도착한 구급되는 재세 분기 실심이 전문소생 둘을 진행했고 현장에서 접할 순한 회복들 병원 이송됐다.
p32_u80,p32,ce5.0,신고를 받고 도착한 구급되는 재세 동기실심이 전몰소생 둘을 진행했고 현장에서 자발순환 회복될 방원 이송됐다.
p32_u80,p32,ce10.0,신고를 받고 도착한 구급되는 재세 동기실심이 전문소생주를 진행했고 현장에서 자발순환 회복대 방문 이승됐다.
p32_u81,p32,taps,성경말 씨는 사람이 쓰러지는 소리를 듣고 긴간 분명히 적으로 움직였던 것 같다며 한 생이 명의 구할 수 있어서 배행이다고 말했다.
p32_u81,p32,ce0.0,송경환 씨는 사람이 쓰러지는 소리를 듣고 딩간 분명히 적으로 움직였던 것 같다며 한 생이 형의 구할 수 있어서 다행이다 고마랬다
p32_u81,p32,ce0.1,성경환 씨는 사람이 쓰러지는 소리를 듣고 이 순간 분명적으로 움직였다는 것 같다며 한 생명을 구할 수 있어서 다행히다고 말했다.
p32_u81,p32,ce0.5,성경만 씨는 사람이 쓰러지는 소리를 듣고 순간 분명적으로 움직였던 것 같다며 한 생명을 구할 수 있어서 다닙니다고 말했다.
p32_u81,p32,ce1.0,성경환 씨는 사람이 쓰러지는 소리를 듣고 순간 분명적으로 움직였던 것 같다며 한 생명을 구할 수 있어서 다행이라고 말했다.
p32_u81,p32,ce2.0,성경관 씨는 사람이 쓰러지는 소리를 듣고 순간 분명적으로 움직였던 것 같다며 한 생명을 구할 수 있어서 다행이자고 말했다.
p32_u81,p32,ce5.0,홍경반 씨는 사람이 쓰러지는 소리를 듣고 순간 분명적으로 움직였던 것 같다며 한 생명을 구할 수 있어서 다행이다고 말했다.
p32_u81,p32,ce10.0,성경할 수 있는 사람이 쓰러지는 소리를 듣고 순간 분명적으로 움직였던 것 같다며 한 생명을 구할 수 있어서 다행히다고 말했다.
p32_u82,p32,taps,한편 지난해 광산 소방서 하툴 세이버는 소방띵무원 자신의 명 일반일 5명으로 총 11명의 신장을 다시 뜨게 만들었다
p32_u82,p32,ce0.0,한편 지난해 강산 소방서 하트 세이버는 소방 공무원 자신 육령 일반인 5명으로 총 11명의 신장을 다시 뜨게 만들었다
p32_u82,p32,ce0.1,3편 지난해 강산 소방서 하트 세이벤은 소방 극무원 자신 육명 일반인 5명으로 총 11명의 신장을 다시 뛰게 만들었다
p32_u82,p32,ce0.5,3편 지난해 광산 소방서 하트 세이범이 소방객무한 46명 일반인 5명으로 총 11명의 신상을 다시 뛰게 만들었다
p32_u82,p32,ce1.0,한편 지난해 강선 승방 더 하트 세이버는 소방 극무원 46명 일반인 5명으로 총 11명의 신상을 다시 뛰게 만들었다
p32_u82,p32,ce2.0,3편 지난해 광산 소방서 하틀 세이건은 소방 극무원 46명 일반인 5명으로 총 11명의 심장을 다시 띄게 만들었다
p32_u82,p32,ce5.0,"3편 지난해 광산 소방서 하트 세이버는 소방 국무원, 자실 6명, 일반일 5명으로 총 11명의 실장을 다시 띄게 만들었다."
p32_u82,p32,ce10.0,3편 지난해 경선 후방서 하트 세이버는 소방 공무원 46명 일반인 가선 명위로 총 11명의 신장을 다시 띄게 만들었다
p32_u83,p32,taps,아시아와 유럽의 결정 빨리 있는 유럽 대비 항기인사 피니아가 2023년 1월부터 2020년 시기 노선을 주 7회로 증평 운항한다고 밝혔다.
p32_u83,p32,ce0.0,아시아와 유럽을 결정 빨리 있는 유럽 대피 항기인사 필레어가 2023년 1월부터 2000현싱키 노선을 주무치래로 증평 운항한다고 밝혔다.
p32_u83,p32,ce0.1,"아시아와 유럽을 가장 빨리 있는 유럽 대표한 공사 피내역아, 2023년 1일부터 1천 핵심 키 노선을 주치대로 증평 운항한다고 밝혔다."
p32_u83,p32,ce0.5,아시아와 유럽의 가장 빨리 있는 유럽 대피한 군사 필레어가 2023년 1일부터 인상 헬싱키 노선을 주 7회로 증평 운항한다고 밝혔다
p32_u83,p32,ce1.0,아시아와 유럽을 가장 빨리 있는 유럽 대표 향균사 피내역아 2023년 1일부터 1천 행싱키 로산을 주치대로 증평 운영한다고 밝혔다
p32_u83,p32,ce2.0,"아시아와 유럽을 가장 빨리 있는 유럽 대표 항공사 필레어가 2023년 1일부터 2,3행시키 노선을 주체대로 증평 운영한다고 밝혔다."
p32_u83,p32,ce5.0,아시아와 유럽을 거상 빨리 있는 유럽 대표 항공사 페메어가 2023년 1일부터 2000현 신킬 노선을 주치대로 듬편 운항은다고 밝혔다.
p32_u83,p32,ce10.0,아시아와 유럽을 가장 빨리 있는 유럽 대표한 글사 피내역아 2023년 1일부터 이찬행신킬 노선을 주치대로 증편 운행한다고 밝혔다
p32_u84,p32,taps,"19일 피내외에 따르면 2000회 시키 모선은 인참 국제 경향에서 매일 20, 35분 출발에 해외 시키 반타 국제 공향에 오전 6시 5분 도착한다"
p32_u84,p32,ce0.0,19일 피네어에 따르면 2000회 시키 노선은 인천국제 경량에서 매일 25분 출발에 회식이 반타국제 공량에 오전 6시 5분 도착한다.
p32_u84,p32,ce0.1,19일 피내얼에 따르면 인천 헬시키 노선은 인천국제 경량에서 매일 23시 5분 출발에 헬시키 반파국제 경량에 오전 6시 5분 도착한다.
p32_u84,p32,ce0.5,19일 필레어에 따르면 인편 헬시키 로서는 인편 국제 경향에서 매일 23시 5분 출발에 헬시키 반타 국제 공향에 오전 6시 5분 도착한다.
p32_u84,p32,ce1.0,19일 퓨레어에 따르면 인천 헬시킬 오사는 인천국제 건강에서 매일 23시 5분 출발에 헬시킬 단타국제 건강에 오던 6시 5분 도착한다.
p32_u84,p32,ce2.0,"치고의 표메어에 따르면 1,000회 시 킬로서는 1,000국제 건강에서 매일 23시 2분 출발에 회식이 반타 국제 건강에 오전 6시 5분 도착한다."
p32_u84,p32,ce5.0,19일 푤레어에 따르면 1천 헬시킬로서는 인천국제 건강에 더 매일 23시 5분 출발해 헬시킬밭타국제공항에 5천 여섯시 5분 도착한다.
p32_u84,p32,ce10.0,19일 표메어에 따르면 1천 헬시크로서는 인천국제 건강에서 매일 23시 1분 출발해 헬시기 반타국제공항에 오전 6시 5분 도착한다
p32_u85,p32,taps,회상 노선에는 피네어 최신 3g의 규종이자 탄소 절관에 기여할 수 있는 A350V 투입된다.
p32_u85,p32,ce0.0,회장 노선에는 피네어 최신 항공 부종이자 탄소 절관에 귀여워할 수 있는 A350이 투입된다.
p32_u85,p32,ce0.1,회상 노선에는 피네어 최신한근 규종이자 탄소 결감에 귀여워할 수 있는 A350이 투입된다.
p32_u85,p32,ce0.5,세상 로산에는 피니어 최신 항공 규종이자 탄소 덜감에 귀여워할 수 있는 A350 리프 트입된다
p32_u85,p32,ce1.0,해당 노선에는 필레이어 최신한근기 기종이자 칸소절감에 귀여할 수 있는 A350이 트입된다
p32_u85,p32,ce2.0,해장 노선에는 피내여 최신 30기종이자 탄소 절감에 귀여할 수 있는 A350 리프 투입된다.
p32_u85,p32,ce5.0,해당 노선에는 필레이어 최신 30기종이자 탄소 절관에 귀여할 수 있는 A350이 투입된다.
p32_u85,p32,ce10.0,해당 노선에는 필레이어 최신 항공 규종이자 탄소절감에 귀여워할 수 있는 A350이 투입된다
p32_u86,p32,taps,피니아어는 이와 함께 국내 11개의 여행이사와 섬략해 9시 기울업 8일 낸 상품을 선봉인다.
p32_u86,p32,ce0.0,"필레어는 이와 함께 국내, 11개 여행자와 선력해 부시지올업 8일 여행 상품을 선봉인다."
p32_u86,p32,ce0.1,"지내연은 이와 함께 국내, 11개 여행자와 3력의 붕도룩, 8인 여행상평을 선봉입니다."
p32_u86,p32,ce0.5,"필레어는 2화 함께 국내, 11개 여행자와 3력의 부여럿 8일 여행 상품을 선풍입니다."
p32_u86,p32,ce1.0,"플레어는 이왕 2개 국내, 11개 여행사와 협력해 분, 유럽 8일 여행 상품을 선풍니다."
p32_u86,p32,ce2.0,티레어는 이와 함께 공네 11개 여행자와 선력해 부여력 8일 여행 상품을 선풍입니다.
p32_u86,p32,ce5.0,필요해 어느 이황에게 국내 11개 여행사와 협력해 부유럽 8일 여행 상품을 선보입니다.
p32_u86,p32,ce10.0,"티네어는 이와 함께 국내, 열안이게 여행사와 협력해 붕교덮, 파린 여행 상품을 선뿅입니다."
p32_u87,p32,taps,여행객들은 여행지까지 인천 혜신 킵핀의 직창편을 이용해 퇴조한 비행을 즐길 수 있다.
p32_u87,p32,ce0.0,여행객들은 여행집까지 인천혜신 킵핀의 주탄편을 이용해 퇴조한 비행을 즐길 수 있다.
p32_u87,p32,ce0.1,여행객들은 여행집까지 인천 핵심 키피레에 직상편을 이용해 계속한 비행을 즐길 수 있다.
p32_u87,p32,ce0.5,여행객들은 여행지까지 인천 헬싱킹필레에 지탱 번을 이용해 퇴조한 비행을 즐길 수 있다
p32_u87,p32,ce1.0,여행객들은 여행지까지 인천 핵심 키피에 직항 변을 이용해 계속한 비행을 즐길 수 있다.
p32_u87,p32,ce2.0,여행객들은 여행 직까지 인천 헤신 퀵핀의 직항 변을 이용해 계속한 비행을 즐길 수 있다.
p32_u87,p32,ce5.0,여행객들은 여행 직까지 인천 핵심 키픨래의 주칸 변을 이용해 계속한 비행을 즐길 수 있다.
p32_u87,p32,ce10.0,여행객들은 여행지까지 인천 헬싱키픨레오 직항 변을 이용해 퇴조크한 비행을 즐길 수 있다.
p32_u88,p32,taps,해당 상품 일정에는 오로라 홈팅과 북극의 열차 탑승 등 북극권에서 즐길 수 있는 이색적인 경험이 포함된다.
p32_u88,p32,ce0.0,해당 성품 일정에는 오로라 황 등과 북고익 열차 탑승 등 북극권에서 즐길 수 있는 이색적인 경험이 포함된다.
p32_u88,p32,ce0.1,해당 상품 일정이며 오로랑 은퇴과 북극의 열차 탑승 등 북극권에서 들길 수 있는 이색적인 경험이 포함된다.
p32_u88,p32,ce0.5,해당 상품 일정에는 오로랑 음빈과 북을 열차 탑승 등 북극권에서 들길 수 있는 이색적인 경험이 포함된다.
p32_u88,p32,ce1.0,해당 상품 일정에는 오로랑 어린팅과 북금이 열차 탑승 등 북기권에서 즐길 수 있는 이색적인 경험이 포함된다.
p32_u88,p32,ce2.0,해당 상품 일정에는 오로랑 홈팅과 두꺼이 열차 탑승 등 북극권에서 들길 수 있는 이색적인 경험이 포함된다.
p32_u88,p32,ce5.0,해당 상품 일정에는 오로라 황틴과 북극 열차 탑승 등 북극권에서 출근 수 있는 이색적인 경험이 포함된다.
p32_u88,p32,ce10.0,해당 상품 일정에는 오로라 홈틴과 북극 열차 탑승 등 북극권에서 들길 수 있는 이색적인 경험이 포함된다.
p32_u89,p32,taps,"토콜렛 노릇웨이등, 주요, 불교럽 국가의 집중이 여유로운 일정의 고상한값 또한 장점입니다."
p32_u89,p32,ce0.0,콕콕 랜 노래 웨이덱 주요 부위교럽 국가의 집중의 여유로우 일정의 고상한값 또한 장점이다
p32_u89,p32,ce0.1,"토클랭, 노릇, 웨이등, 순요, 붕교럽, 국가의 집중이 여유롱, 일정에 구상한 것도 한 장점이다."
p32_u89,p32,ce0.5,"또 컬렁, 노래를 웨이등 중요, 부교랍, 국가의 집중에 여유로운 일정에 구상하니까 또한 장점이다."
p32_u89,p32,ce1.0,"콕콕 랜 노래를 웨이등 중요, 붕교랍, 고가의 집중에 여유로운 일정에 구상한 값 또한 장점이다"
p32_u89,p32,ce2.0,토클랜 노래 웨이등 주요 불교랍 국가의 집중이 여유로운 일정을 고상함과 또한 장점이다
p32_u89,p32,ce5.0,"또 콜련 노릇웨이등 중요, 붕교럽 국가의 집중에 여유로우 일정의 구상화인값 또한 장점이다"
p32_u89,p32,ce10.0,또 콜렌동 를 웨이등 중요 붕교랍 국가의 집중을 여유로운 일정을 구상한 것 또한 장점이다
p32_u90,p32,taps,특히 북극 여행에서 가장 유명한 프로계레미 오도랑은 등년 노릇웨이 틀옴 세서 진행된다.
p32_u90,p32,ce0.0,특히 붓금 여행에서 가장 유명한 프로계렘인 오도랑은 듣는 노래를 왜이트롬 세서 진행된다.
p32_u90,p32,ce0.1,특히 북극 여행에서 가장 유명한 프로계레미인 오로랑은 등은 노래를 왜 이트롤 잘 서지는 된다.
p32_u90,p32,ce0.5,특히 붓금 여행에서 가장 유명한 프로그램이 오로랑한텐은 노래를 웨이트론 세서 진행된다.
p32_u90,p32,ce1.0,특히 북극 여행에서 가장 유명한 프로그램이 오로랑은 등년 노래를 웨이트롬 세서 진행된다.
p32_u90,p32,ce2.0,특히 국끈 여행에서 가장 유명한 프로그램이 오도랑 은퇴는 노를 웨이트롤 잘서 진행된다
p32_u90,p32,ce5.0,특히 붓끈 여행에서 가장 유명한 프로그램이 오롤왕은 듣는 노르웨이트로운 잘에서 진행된다
p32_u90,p32,ce10.0,특히 국끈 여행에서 가장 유명한 프로그램인 노랑은 등은 노르웨이 틀옹서에서 진행된다
p32_u91,p32,taps,"트롬세는 오로라를 볼 수 있는 가장 대표적인 도시로 배월에도 상대적으로 춥지 않아, 많은 예행객의 사랑을 받는 곳이 봐."
p32_u91,p32,ce0.0,"터롬세는 온로라를 볼 수 있는 가장 대표적인 도시로 겨울에도 상대 덕으로 춥지 않아, 많은 여행에게 사랑을 벗는 곳이 봐."
p32_u91,p32,ce0.1,"트롬세는 오로라를 분수 있는 가장 대표적인 도시로 겨울에도 창대적으로 춥지 않아, 많은 여행객의 사랑을 벗는 곳이다."
p32_u91,p32,ce0.5,트롬세는 오로라를 볼 수 있는 가장 대표적인 도시로 겨울에도 상대각으로 춥지 않아 많은 여행객의 사랑을 벗는 곳이다.
p32_u91,p32,ce1.0,크롬세는 오로라를 볼 수 있는 가장 대표적인 도시로 겨울에도 상대적으로 트지 않아 많은 여행되기 사랑을 받는 곳이 봐
p32_u91,p32,ce2.0,크롬세는 온도를 볼 수 있는 가장 대표적인 도시로 겨울에도 상대적으로 춥지 않아 많은 여행객의 사랑을 받는 곳이다.
p32_u91,p32,ce5.0,표롬세는 옹로라를 볼 수 있는 가장 대표적인 도시로 겨울에도 상대적으로 트지 않아 많은 여행객을 사랑해 받는 곳이 봐
p32_u91,p32,ce10.0,프롬세는 온도라를 볼 수 있는 가장 대표적인 도시롱 겨울에도 상대적으로 춥지 않아 많은 여행객의 사랑을 받는 곳이다
p32_u92,p32,taps,해당 상품은 국내 부교랍 상품에 판매하는 여행사를 던해 2023년 3월 말까지 예양리 구매 가능하다
p32_u92,p32,ce0.0,해당상 봄은 공내 부여랍상 봄의 판매안을 여행사를 당해 2023년 3월 말까지 예양립군에 가능하다.
p32_u92,p32,ce0.1,해당 상보만 국내 북요락 상통을 판매하는 여행사를 던해 2023년 3월 말까지 예영리 구매 가능하다
p32_u92,p32,ce0.5,해당 상품은 국내 부여랍 상품을 판매하는 여행사를 던해 2023년 3월 말까지 예양리 구매 가능하다
p32_u92,p32,ce1.0,해당 상병은 국내 부교랍 상품을 판매한 여행사를 당해 2023년 3월 말까지 예양리 구매 가능하다.
p32_u92,p32,ce2.0,해당 상품은 국내 부겨랍 상품을 판매하는 여행사를 당해 2023년 3월 말까지 여양리 구매 가능하다
p32_u92,p32,ce5.0,해당 상품은 국내 부유럽 형품을 판매하는 여행사를 던해 2023년 3월 말까지 인형 및 구매 가능하다
p32_u92,p32,ce10.0,해당 상품은 국내에 부여럽 상품을 판매하는 여행사를 당해 2023년 3월 말까지 영향 및 구매 가능하다
p32_u93,p32,taps,"피니아와 한국 지사장 김동아는 엔데 리과 결 번학 성숙이의 히니버 1,20011, 킹 모선 지호 7을 운항해 제개하게 될 무척 기쁘다."
p32_u93,p32,ce0.0,"핵레어 한국 지사장 김동아는 엔델 리과 겨우의 번학 성수기의 시리버 1,200 시기 노선 지호 7질 운영에 제개하게 될 무척 기쁘다"
p32_u93,p32,ce0.1,팅매화 흥국 지사장 김동화는 핸드위과 겨울 방학 성수기의 흥리버 잼천혜시기 노선 중후치질 음악을 제기하게 될 무척 기쁘다.
p32_u93,p32,ce0.5,퓨매형은 국지사장 김동아는 핸드 립과 겨울 방학 성수 리액스 위버 인천 헬시키노선 주오 7일 은항에 대개하게 될 무척 규부다
p32_u93,p32,ce1.0,흥매한 한국 지사장 김동아는 M.D. 육과 겨울 방학 창술위의 흥믿어 유 전 헬시키 노선 2757의 오망을 재개하게 될 무척 기쁘다
p32_u93,p32,ce2.0,현우와 한국 지사장 김동아는 핸드 및과 겨울 방학 성숙이의 흥리버 1천 헬시킬 노선 지호치를 운영을 대개하게 될 무척 규부다
p32_u93,p32,ce5.0,표메어 한국 지사장 김동아는 팬델 입과 겨을 방한 송수기의 히니버 인천의 신킹 노선 증후치를 은항을 제기하게 될 무척 기쁘다
p32_u93,p32,ce10.0,표모와 한국 지사장 견동하는 핸드 및과 겨울 방학 성수기위의 흘리버 인천을 시키노천 주무치를 운항을 제기하게 될 무척 규부다
p32_u94,p32,taps,앞으로도 더 많은 수개객의 아시아와 유럽을 있는 프리넓은 네트워큐를 제공할 수 있도록 노력하겠다고 말했다.
p32_u94,p32,ce0.0,앞으로도 더 많은 술객에게 아시아와 유럽을 있는 품알분 네트워큐를 제공할 수 있도록 노력하겠다고 말했다.
p32_u94,p32,ce0.1,앞으로도 더 많은 승리객에게 아쉬아마 유럽을 있는 프리마이브인 네트워크를 제공할 수 있도록 노력하겠다고 말했다.
p32_u94,p32,ce0.5,앞으로도 더 많은 숨개객의 아시아와 유럽을 있는 풍만군 네트워크를 재경할 수 있도록 노력하겠다고 말했다.
p32_u94,p32,ce1.0,앞으로도 더 많은 슬개객의 아시아와 유럽을 있는 풍몰입은 네트워크를 제공할 수 있도록 노력하겠다고 말했다.
p32_u94,p32,ce2.0,앞으로도 더 많은 숨계객의 아시아와 유럽을 있는 풍롤은 네트워크를 재경할 수 있도록 노력하겠다고 말했다.
p32_u94,p32,ce5.0,앞으로도 더 많은 숨계객의 아시아와 유럽을 있는 풍랄 등 네트워크를 제공할 수 있도록 노력하겠다고 말했다.
p32_u94,p32,ce10.0,앞으로도 더 많은 숨객에게 아시아와 유럽을 있는 풍락은 네트워크를 제공할 수 있도록 노력하겠다고 말했다.
p32_u95,p32,taps,국림이 감독원이의 상호 김미권에 과도한 소시 경쟁자대를 요구하고 나섰다.
p32_u95,p32,ce0.0,금융 단독원이의 상호 금위권에 과도한 쏟이 경쟁 자제를 요구하고 나섰다.
p32_u95,p32,ce0.1,금융감도 권위의 상호 금융 권위 가도한 쏠시 겜증 자세를 요구하고 나섰다.
p32_u95,p32,ce0.5,금융 감독원이 상우 금융권에 과도한 수신 경쟁가대를 요구하고 나졌다.
p32_u95,p32,ce1.0,금융 감독원이 상호 금융권에 가도한 수신 경쟁자버를 요구하고 나줬다.
p32_u95,p32,ce2.0,금융 감독원이의 상호 금융권에 가도한 쏘신 경쟁자버를 요구하거나 줬다.
p32_u95,p32,ce5.0,금융 감독원이의 상호 금융권에 가도한 수심 경쟁 자세를 요구하고 나섰다.
p32_u95,p32,ce10.0,금윤 감독원이 상호 금윤권에 과도한 쏠신 경쟁 가제를 요구하고 나섰다.
p32_u96,p32,taps,최근 일부상 긴유의 건의 특판 과정에서 조합실수로 발생한 과답 판매를 겨냥한 조치다.
p32_u96,p32,ce0.0,701부상 금융권의 특판 과정에서 조합실수로 발생한 과답 판매를 겨냥한 조치다.
p32_u96,p32,ce0.1,최근 일부 상금융권의 특판 과정에서 조합실수로 발생한 과답 판매를 겨냥한 조치다.
p32_u96,p32,ce0.5,최근 일부 상금융권의 특판 과정에서 조합실수로 발생한 과답 판매를 변형한 조치다.
p32_u96,p32,ce1.0,최근 일부상 금류권의 특판 과정에서 조합실수로 발생한 과다 판매를 변형한 조치다.
p32_u96,p32,ce2.0,최근 일부 상우균용권의 특판 과정에서 조합실수로 발생한 과답 한매를 겨냥한 조치다.
p32_u96,p32,ce5.0,최고 일부 상욱 음료권의 특파 과정에서 조화 실수로 발생한 과답 판매를 견영한 조치다.
p32_u96,p32,ce10.0,최근 일부 상우 금룡권의 특판 과정에서 조합실수로 발생한 과답 한매를 권영한 조치다.
p32_u97,p32,taps,"또 과도한 위치 경쟁인 자칫, 유롯성, 권정성, 문제로 번될 수 있다고 판단했다."
p32_u97,p32,ce0.0,"또 과도한 위치 경쟁은 자칫, 유롯성, 견정이성 문제로 번딜 수 이빨고 판단했다."
p32_u97,p32,ce0.1,"또 과도한 유치 경쟁면 자칫, 유롯성, 견정성, 문제로 번딜 수 있다고 판단했다."
p32_u97,p32,ce0.5,"또 과도와 유치 경쟁은 다치 유동성, 견정성, 문제로 번질 수 있다고 판단했다."
p32_u97,p32,ce1.0,"또 과도한 유치 경쟁연 자칩 유롱성, 견정위성 문제로 번질 수 있다고 판단했다."
p32_u97,p32,ce2.0,"또 과도한 유치 경쟁은 자칫 유동성, 견정성, 문제로 번될 수 있다고 판단했다."
p32_u97,p32,ce5.0,"또 과도와 유치 경쟁은 자칫 유동성, 건성위성 문제로 건질 수 있다고 판단했다."
p32_u97,p32,ce10.0,"또 과도한 유치 경쟁은 자칫 유동성, 감정성, 문제로 번될 수 있다고 판단했다."
p32_u98,p32,taps,"금감 원은 14일 상호 금리권, 고금리 특판 내부 통제일 사냥전경 감단 L를 연구, 이같이 당도했다고 밝혔다."
p32_u98,p32,ce0.0,"분감원은 14일 상호 금림권, 구금리 택판 내부 통제인 사망전경 감단 L를 연구, 이같이 당부했다고 밝혔다."
p32_u98,p32,ce0.1,"금감원은 14일 상호 금린권, 고금리 택판 내부 통제인 사망 전경 감단 애를 연구, 이같이 당부했다고 밝혔다."
p32_u98,p32,ce0.5,근감론은 14일 상우 겹ню고한 고금리팩판 내부 통제일 사망 동경 감담 애를 연구 이같이 당부했다고 밝혔다
p32_u98,p32,ce1.0,금감원은 14일 상우 긴룡권 고급니 택판 내부 통제일 혐항 덩경 간담 애를 열고 이같이 당부했다고 밝혔다
p32_u98,p32,ce2.0,"금감원은 14일 상호객님과 한 고급니 특판 내부 통제 1, 사망 점검 간담회를 열고 이같이 당부했다고 밝혔다."
p32_u98,p32,ce5.0,금감 노원은 7살 상호 금융권 고급니 택판 내부 통제일 현황 점검 간단 애를 열고 이같이 당부했다고 밝혔다
p32_u98,p32,ce10.0,군관론은 14일 상호 극륙관 고금리특판 내부 통제인 현황 동검 감단애를 열고 이같이 당부했다고 밝혔다
p32_u99,p32,taps,1년 앞서 경남의 한 지역 특산 농역과 경북행위주의 지영높이 협회에서 발생한 사고에 대한 수속조치다.
p32_u99,p32,ce0.0,1년 앞서 공남의 한 지역 특산농역과 경북 경위주의 지영높이 협회에서 발생을 사고에 대한 수속조치다.
p32_u99,p32,ce0.1,1년 앞서 경남의 한 지역 특산롱역과 경북 경위주의 진영 노비협에서 발생을 사고에 대한 순속조치다.
p32_u99,p32,ce0.5,1년 앞서 경남의 한 지역 축산롱역과 경북 개미주의 지영 로비협에서 발생한 사고에 대여 후속조치다.
p32_u99,p32,ce1.0,1년 앞서 경남의 한 지역 특산롱협과 경북 경주의 지형롬이 협에서 발생을 사고에 대한 소속조치가.
p32_u99,p32,ce2.0,일문 앞서 경남의 한 지역 특산 농협과 경북 경주의 지영 로비협에서 발생을 사고에 대한 수속조치 봐.
p32_u99,p32,ce5.0,이는 앞서 경남의 한 지역 특산 농협과 경북 경주의 지영롬협에서 발생을 사고에 경북 경주의 지영롬협에서 발생을 사고에
p32_u99,p32,ce10.0,이는 앞서 경남의 한 지역 특삼롱협과 경복행의 주의 징영록의 협회에서 발생을 사고에 대한 후속조치다.
p38_u00,p38,taps,"바이자의 코로나19 먹는 지료제 삭수로비드 약 34,000명분이 24일 국내에 추가로 들어온다"
p38_u00,p38,ce0.0,"바이자의 코로나19 먹는 지료제 학스로 밀드 약 34,000명분이 249네에 추가로 들어온다"
p38_u00,p38,ce0.1,"사이자의 코로나19, 먹는 주료제, 학수로빛, 약 34,000명분이 24일 국내에 추가로 들어온다."
p38_u00,p38,ce0.5,바이자의 코로나19 먹는 지료제 박수로 비교 약 3만 4천 명분이 24일 국내의 추가로 들어온다.
p38_u00,p38,ce1.0,"사이자의 코로나19 먹는 지료제 삭수로비드 약 34,000명분이 24일 굶음에 출렐로 들어온다."
p38_u00,p38,ce2.0,바이자의 코로나19 먹는 치료제 탁스로 비벼 약 4만 4천 명분이 24일 국내에 추가로 들어온다
p38_u00,p38,ce5.0,화이자의 코로나19 먹는 지루제 박스로 비둔 약 4만 4천 명분이 24일 군에 추가로 들어온다.
p38_u00,p38,ce10.0,"사이다의 코로나19 먹는 치료제 학수로 비교 약 34,000명분이 24회 국내에 추가로 들어온다."
p38_u01,p38,taps,"질병관리터는 23회 정내 브리칭 통해 하루 뒤인 24일, 낮 12시 10분, 인천공항을 통해 학수로비드 추가 물량이 도착할 예정이라고 밝혔다."
p38_u01,p38,ce0.0,"실병관리터는 23회 정내 브리칭을 통해 하루 뒤인 24일, 낮 12시 10분, 인정공항을 통해 탁수로비드 추가 울량이 보좌칼 예정이라고 밝혔다."
p38_u01,p38,ce0.1,"질병관리청은 23회 정례 브리칭을 통해 사롤 뒤인 24일, 낮 12시 10분 인정공원을 통해 박수로비드 추가 울량이 도착할 예정이라고 밝혔다."
p38_u01,p38,ce0.5,"실병관리평은 23일 경례 브리팅 통에 하루 뒤인 24일, 낮 12시 10분 인정공원을 통해 확수로비드 추가 울량이 도착할 예정이라고 밝혔다."
p38_u01,p38,ce1.0,"질병관리평은 23회 정례 브리칭통에 하루 뒤인 24일, 낮 12시 10분 인천공원을 통해 학수로비를 추가 훌량이 도착할 예정이라고 밝혔다."
p38_u01,p38,ce2.0,"질병관리청은 23회 정례 브리팀을 통해 하루 뒤인 24일, 낮 12시 10분 인천공원을 통해 학수로필드 추가 울량을 도착할 예정이라고 밝혔다."
p38_u01,p38,ce5.0,"7병 관리평은 23회 정맵 비팅 통해 하루 뒤인 24일, 낮 12시 10분 인정공항을 통해 확수로 비드 추가 울량이 도착할 예정이라고 밝혔다."
p38_u01,p38,ce10.0,"질병관리청은 23일 정말브리징을 통해 사로지인 24일, 낮 12시 10분 인천공원을 통해 탁수로비드 추가 울량이 도착할 예정이라고 밝혔다"
p38_u02,p38,taps,이에 따라 국내 남은 박수로 비프 6만 1천량이 분해 슈가 더위 물량을 하치면 모두 10만 5참량이 분으로 물게된다.
p38_u02,p38,ce0.0,이에 따라 국내 남은 파스로 비프 6만 1첄량에 시가 더위 물량을 합치면 모두 10만 5참량 분으로 물게 된다.
p38_u02,p38,ce0.1,"이에 따라 국내 남은 파스로 비브 6만 1,000량분에 수가 더위 물량을 갖추는 모두 10만 5,000량분으로 늙게 된다."
p38_u02,p38,ce0.5,위에 따라 국내 남은 박수로비드 6만 1천 명분에 슈가 더위 물량을 합치면 모두 10만 5천 명분으로 늙게 된다.
p38_u02,p38,ce1.0,인렛따라 국내 남은 파스트로 및 6만 1천 명분에 수가 더위 물량을 합치면 모두 10만 5천 명분으로 늙게 된다.
p38_u02,p38,ce2.0,위에 따라 국내 남은 박수로비드 6만 1천 명분에 수가 더위 물량을 합치면 모두 10만 5천 명분으로 늙게 된다.
p38_u02,p38,ce5.0,인렛따라 국내 남은 팍스로 비프 6말를 청량분에 추가 더위 물량을 합치면 모두 10만 5천 명분으로 늙게 된다.
p38_u02,p38,ce10.0,"비해 따라 북내 남은 학수로비드 6만 1,000량분에 추가 더위 물량을 하치면 모두 실만 5,000명분으로 늙게 된다."
p38_u03,p38,taps,"1월 3째 지우 1평균 5,662년 군시 시인정에 가만하면 대략 18회에서 새끌 정도 사용할 수도 있는 게 아니다."
p38_u03,p38,ce0.0,1월 세척 지우 1병진 56642년 군식 11점에 가만하면 대략 18회에서 19일 정도 사용할 수 있는지 아니다.
p38_u03,p38,ce0.1,1달 색색주 1평균 56642명 분식 시인장을 가만하면 계략 18일에서 색길 정도 사용할 수 있는지 아니다.
p38_u03,p38,ce0.5,"이달 셋째 주 1편 균 5,642면 군식 시일점을 가만하면 대략 18일에서 19일 정도 사용할 수 있는 이야기입니다."
p38_u03,p38,ce1.0,리덟 셋째 주 1평균 56642면 분식 시인정을 가만하면 대략 18입에서 10개 정도 사용할 수 있는 게 아니다.
p38_u03,p38,ce2.0,"이달 3째 주 일평균 5,642년 군식 수인정을 가만 하면 대략 18에서 19일 정도 사용할 수 있는 게 아니다."
p38_u03,p38,ce5.0,"이달 셋째 주 일평균 5,642년 군식 7일정을 가만 하면 계락 18"
p38_u03,p38,ce10.0,"이달 셋째 주일 평균 5,642년군식 수인정을 가만 하면 계략 18일에서 10월 정도 사용할 수 있는지 아니다."
p38_u04,p38,taps,아울러 워크엔드 컴퍼니에 먹는 시료제인 락의 비리오도 이번 주 10만된 분이 등매의 고잇들에 등이다.
p38_u04,p38,ce0.0,아울러 워크랜드 컴퍼니에 먹는 시료제인 락의 브리오도 이번 주 10만多 분이 등매해 보이 될 예정이다.
p38_u04,p38,ce0.1,아울러 워크앤드 컴퍼니에 먹는 씨로 제인 락의 브리오도 이번 주 실망정분이 등래에 보이될 예정입니다.
p38_u04,p38,ce0.5,아울러 버클랜드 컴퍼니에 먹는 씨로 제인 나게 브리우도 이번 주 10만병군이 빙매해 보이 될 예정이다.
p38_u04,p38,ce1.0,아울러 워크랜드 컴퍼니에 먹는 씨로 된 라게 브리오도 이번 주 10만둥분이 국내 보이듯 예정이다.
p38_u04,p38,ce2.0,아울러 워크 앰족 컴퍼니에 먹는 시료제인 락의 브리오도 이번 주 10만정 후보니 국내의 보잇들 예정이다.
p38_u04,p38,ce5.0,아울러 워크웬드 컴퍼니의 먹넬시로제인 락에 뿌리우도 이번 주 승만된 분이 국내의 보이들 예정입니다.
p38_u04,p38,ce10.0,아울러 워크앤드 컴퍼니에 먹는 씨로 된 낙의 부리우도 이번 주 생만병분이 국내의 보이될 예정입니다.
p38_u05,p38,taps,실품 무역품 안전처가 이 위협침에 긴급 사용의 순위난만큼 질병청도 회학식과 등상 등의 곧 학정에 발치할 예정입니다
p38_u05,p38,ce0.0,시투무역중 안전처가 이 의학점에 진급화용을 소민한 만큼 질병청도 태학식이와 변상 등을 곧 학정에 발치할 길 예정이다
p38_u05,p38,ce0.1,시투무역춤 안전처가 이 의약품의 중급 사용을 승인한 만큼 주변 정도 퇴학식과 대상 등을 곧 학정에 발표할 수 있도록 하겠습니다.
p38_u05,p38,ce0.5,시품 무역품 안전터가 이 의약품의 긴급화용을 숨이란 만큼 질전청도 프랩시기와 대상 등을 곧 학정에 발표할 예정입니다.
p38_u05,p38,ce1.0,시쿵무역궁 안전처가 이 의약품의 긴급화용을 승인한 만큼 지병청도 퇴학식과 대상 등을 곧 학정의 발표할 그 대정이다.
p38_u05,p38,ce2.0,7품 모약품 안전처가 이 의약품의 긴급 사용을 승인한 마우픔 질정청도 표혁시기와 대상 등을 곧 확정해 발표할 예정이다
p38_u05,p38,ce5.0,슈픈 모약품 안전처가 이 의약품의 긴급 사용을 승인한 만큼 질병통도 퇴학시기와 대상 등을 곧 확정해 발표할 개등이다.
p38_u05,p38,ce10.0,슈픈 무어역군 안전처가 이 의약품에 둥긋 사용을 승인한 만큼 지병청도 퇴학식과 경상 등을 곧 학정에 발표할 예정입니다.
p38_u06,p38,taps,함께한 질병청은 아스트라제네카의 항차 치료대 이부실대의 도입과 긴급 사용이 생의 요청 등도 검토하고 있다.
p38_u06,p38,ce0.0,한 잔 질렁정은 아스트라제네카의 하차치료대 이부실대에 도입과 징급 활용성의 요청 등도 검토하고 있다.
p38_u06,p38,ce0.1,한잔 중정정은 아스트라제네카의 항세치료대 이부실대의 도입과 등급 사용생의 요청 등도 검토하고 있다.
p38_u06,p38,ce0.5,한 잔 질병평은 아스트라제네카의 황제치료대 리브실대에 도입과 중급화용승의 요청 등도 검토하고 있다.
p38_u06,p38,ce1.0,한편 질병청은 아스트라제네카의 항세치료대 리부실대에 보일과 중급 사용승의 요청 등으로 검토하고 있다.
p38_u06,p38,ce2.0,한간 질병청은 아스트라제네카의 항체 치료돼 이부실대에 도입과 김급 사용승의 요청 등로 검토하고 있다.
p38_u06,p38,ce5.0,3전 질병경은 아스트라제네카의 항자치료대 리부실대에 도입과 등급 사용생의 요청 등으로 검토하고 있다
p38_u06,p38,ce10.0,삼겐 질병청은 아스트라제네카의 항체 치료돼 이부실대에 도입과 등급 사용생의 요청 등으로 검토하고 있다.
p38_u07,p38,taps,이 부실드는 주로 백신 접종으로 항체 항상에 어려운 중증이 랜약 정화자빙에게 헷과가 있는 것으로 알려졌다.
p38_u07,p38,ce0.0,이 부실드는 주로 배신적 중으로 하우채를 하우상에 어려운 중증이 랜약 정화자핑에게 효과가 있는 것으로 알려졌다.
p38_u07,p38,ce0.1,이 부실드는 주로든 신적적으로 항체 상상에 어려운 등등이 매력 정화자 등에게 효과가 있는 것을 알려졌다.
p38_u07,p38,ce0.5,이 부실드는 주로 백신 접종으로 항친 항상 어려운 중증이 면역 과자 등에게 효과가 있는 것을 알려줬다.
p38_u07,p38,ce1.0,일부신들은 주롭의 신접종으로 한체 형성의 어려운 중증이 면역 저아자 중에 계 효과가 있는 곳을 알려줬다.
p38_u07,p38,ce2.0,이 부실드는 주로 폐실 접종으로 항체 상상에 어려운 중증이 면역 저아저 중에게 효과가 있는 것을 알려줬다.
p38_u07,p38,ce5.0,"일부실드는 주로 백신 접종으로 항체 향상에 어려운 중층이 랜혁, 벼아자 등에게 효과가 있는 건 그 달려졌다."
p38_u07,p38,ce10.0,유부실드는 주로 변신적 정오로 항체 상상에 어려운 중증 면역 종아자 중에게 효과가 있는 것을 알려줬다.
p38_u08,p38,taps,30대 연구 대우가 불 더불어 마사지 업서를 운영한 혐의로 1층에서 앞서이금 현을 사고 말았다.
p38_u08,p38,ce0.0,30대 영북 대우가 불법으로 마사지 업서를 운영한 혐의로 1심에서 합설금 혐의를 선거 받았다.
p38_u08,p38,ce0.1,30대 영드 대우가 브리더브로 마사지 업서를 운영한 혐의로 1심에서 없설금형을 사고받았다.
p38_u08,p38,ce0.5,30대 연급 배우가 불더부로 마사지 업서를 운영한 혐의로 1심에서 4금형을 선거 받았다.
p38_u08,p38,ce1.0,선시대 영득 교육과 불법으로 마사지 업그를 운영한 혐의로 1심에서 설금형을 선거받았다.
p38_u08,p38,ce2.0,30대 영득 배우가 불법으로 마사지 업서를 운영한 혐의로 1심에서 앞설금성을 상고맞았다.
p38_u08,p38,ce5.0,30대 영득 배우가 불법으로 마사지 업서를 운영한 혐의로 1심에서 설금형을 선거 받았다.
p38_u08,p38,ce10.0,30대 영국 대우가 불법으로 마사지 업수를 운영한 혐의로 1심에서 앞설금형을 선거 받았다.
p38_u09,p38,taps,서울 북부지법 성사 5 단독 4순옥 구장 반자는 24일 유력법 위반형이로 기조된 A.C.에게 걸금 300만 원을 선고하고 528만 원을 출징할 것도 영령했다.
p38_u09,p38,ce0.0,서울 북부지법 성사 5단독 4순옥 구장판사는 24일 의룩법 위반 혐의로 구소된 데이스 예비에 벌금 300만 원을 선고하고 528만 원을 출징할 것도 영령했다.
p38_u09,p38,ce0.1,서울 부쿠지 법 성사 5단독 4순옥 주장판사는 24일 위룩법 위반 혐의룩 부소된 데이지에게 벌금 300만 원을 선고하고 528만 원을 출징할 것도 명령했다.
p38_u09,p38,ce0.5,서울 북부지 법평사 5단독 후 수록 부장판사는 24일 위료법 위반 혐의로 기소된 데이지에게 벌금 300만 원을 선고하고 598만 원을 출징할 것도 명령했다.
p38_u09,p38,ce1.0,"서울 북부지법, 형사, 오, 단독, 홍수록 부장판사는 24일 위로뽕 위반 혐의로 기소된 데이스웨이의 결근 300만 원을 선고하고 598만 원을 추진할 것도 명령했다."
p38_u09,p38,ce2.0,서울 북부지 법정사 오후 단독호 수록 부장판사는 24일 의료법 위반 혐의로 구조된 데이치에게 결금 300만 원을 성공하고 598만 원을 추짐할 것도 영령했다.
p38_u09,p38,ce5.0,서울 부쿠지 법성 45 단독 홍순옥 구장 판사는 24일 의료법 위반 혐의로 기소된 AGM에 벌금 300만 원을 성공하고 598만 원을 출징할 것도 명령했다.
p38_u09,p38,ce10.0,"서울 북부지법 성사 5단독, 홍순옥 부장판사는 24일 무릎범 위반 혐의로 기소된 데이스 계획에 벌금 300만 원을 성공하고 598만 원을 출징할 것도 명령했다."
p38_u10,p38,taps,영국대인 A.C.는 안마사 사극이 없는데도 2020년 7일부터 1인의 3월까지 서울중남구에서 불법으로 마사지역수로 운영한 혐의로 적판에 남겨줬다.
p38_u10,p38,ce0.0,영국대의 A.C.는 안마사 사적이 없는데도 2020년 7월부터 이쯤에 3월까지 서울 종남구에서 불법으로 마사지역수를 운영한 형이로 재판에 사무제졌다.
p38_u10,p38,ce0.1,영국대인 A.C.는 안맞아 자적이 없는데도 2000년 7월부터 이듬의 3월까지 서울 종랑구에서 불법으로 마사지역수를 운영한 혐의로 적판에 남으셨다.
p38_u10,p38,ce0.5,영국 배우인 A.C.는 안마사 자극이 없는데도 2020년 7월부터 이스미 3월까지 서울중란구에서 불법으로 마사지 업수를 운영한 혐의로 적판에 넘겨졌다.
p38_u10,p38,ce1.0,영극 페우인 A.C.는 안마사 자극이 없는데도 2020년 7월부터 이스미 3월까지 서울 중남구에서 금법으로 마사지 업소를 운영한 형이로 재판에 넘어졌다.
p38_u10,p38,ce2.0,영국 배우인 데이시는 안마사 자격이 없는 제도 2002년 7월부터 이쯤에 3월까지 서울 중란구에서 불법으로 마사지 업서를 운영한 형위로 재판에 마무리해줬다.
p38_u10,p38,ce5.0,영국 배우인 A.C.는 안마사 자극이 없는데도 2020년 7월부터 이름의 3월까지 서울중란구에서 불법으로 마사지 업소로 운영한 힘으로 접하네 마음이 되었다.
p38_u10,p38,ce10.0,영국 배우인 AC는 안마자 자극이 없는데도 2020년 7월부터 이듬해 3월까지 서울 중남구에서 불법으로 마사지 업서를 운영한 형위로 재판에 넘게 됐다.
p38_u11,p38,taps,기능 물론이고 이 억소에 고용된 2명도 암마사 자격이 엎내의 것으로 드러났다.
p38_u11,p38,ce0.0,저는 물론이고 이 없어에 고용된 두 명도 안마사 사격이 없는 것으로 드러났다.
p38_u11,p38,ce0.1,그는 물론이고 이 업수액 보용된 두 명도 안마사 자극이 없는 것으로 싫어갔다.
p38_u11,p38,ce0.5,그는 물론이고 이 업소에 부용된 분명도 안마사 사격이 없는 것으로 드러났다.
p38_u11,p38,ce1.0,그는 물론이고 이 업소에 고용된 2명도 담마사 자격이 없는 것으로 쓸어놨다.
p38_u11,p38,ce2.0,그는 물론이고 이 없어에 고용된 두 명도 안맞아 자격이 없는 것으로 드러났다.
p38_u11,p38,ce5.0,그는 물론이고 이 없어에 굴롱된 구명도 안마사 사격이 없는 것으로 드러났다.
p38_u11,p38,ce10.0,그는 물론이고 이 없어에 구용된 두 명도 담마사 자격이 없는 것으로 드러났다.
p38_u12,p38,taps,이즈는 업소 안에 방 가석기를 설치한 뒤 시간당 약 17만 원을 받고 변신해 손으로 주무르는 마사지 행위를 제공한 혐의를 받고 있다.
p38_u12,p38,ce0.0,이제는 없어안에 방 간섭기를 설치한 뒤 시간당 약 시세만 원을 받고 전신을 손으로 주모르는 마사지 행위를 배공한 성위를 받고 있다.
p38_u12,p38,ce0.1,이들은 없어안에 방 5개를 설치한 지 시간당 약 11만 원을 받고 변신을 손으로 주모르는 마사지 행위를 제공한 혐의를 받고 있다.
p38_u12,p38,ce0.5,이제는 없어안에 방광석기를 설치한 뒤 시간당 약 11만 원을 받고 변신을 손으로 주모드는 마사지 행위를 배공한 혐의를 받고 있다.
p38_u12,p38,ce1.0,이 뜻은 없어안의 방 가석기를 설치한 뒤 시간당 약 11만 원을 받고 건진을 손으로 주모르는 마사지 행위를 제공한 혐의를 받고 있다.
p38_u12,p38,ce2.0,이들은 없어안에 방 5개를 설치한 뒤 시간당 약 11만 원을 받고 변신을 손으로 주모르는 마사지 형위를 제공한 형위를 받고 있다.
p38_u12,p38,ce5.0,이들은 없어안에 방가석기를 설치한 뒤 시간당 약 10마론을 받고 걷는 손으로 주무르는 마사지 행위를 배고한 혐의를 받고 있다
p38_u12,p38,ce10.0,이들은 없어안에 방 가석끼를 설치한 뒤 시간당 약 17만 원을 받고 전신을 손으로 주모드는 마사지 행위를 벽용한 혐의를 받고 있다.
p38_u13,p38,taps,A 씨는 빌법 안맞아 2연과 3금의 6대사 비율로 나눠가지는 방식으로 업소를 운영했다고 전혀 줬다.
p38_u13,p38,ce0.0,A 씨는 빌똑 안마사 동영과 스위크름을 육대사 비율로 나눠 가지는 방식으로 업소를 운영했다고 전해졌다.
p38_u13,p38,ce0.1,AC는 뒤똥암마셔 두 연과 수익금의 6대사 비율로 나눠가는 방식으로 억소를 운영했다고 전해졌다.
p38_u13,p38,ce0.5,lc는 질곱 안마사 2연과 3금을 6대 4 비율로 나눠가는 방식으로 업소를 운영했다고 점해졌다
p38_u13,p38,ce1.0,A.C.는 귀법 안마사 규명과 수익금을 6대사 비율로 나눠가는 방식으로 없소를 그냥 했다고 전해졌다.
p38_u13,p38,ce2.0,A 씨는 길법 안마사 구경과 슬금을 6대사 비율로 나눠가는 방식으로 법수를 운영했다고 전해졌다.
p38_u13,p38,ce5.0,A.C.는 빌법 안마사 2연과 슬김을 6대사 비율로 나눠가는 방식으로 없을 운영했다고 전해졌다.
p38_u13,p38,ce10.0,에이스는 불법 안마사 2명과 슬금을 6대사 비율로 나눠 가지는 방식으로 없을 운영했다고 정해졌다
p38_u14,p38,taps,의료꽃의 82주에 따르면 안마산을 장애인 독집법에 따른 시각 장애인 중을 치 도우 기사에게 자격 인정을 받아야 한다.
p38_u14,p38,ce0.0,의료꽃의 82조에 따르면 안마산은 장애인 독신법에 따른 시각 장애인 중 시 도지사에게 자격 인정을 받아야 한다.
p38_u14,p38,ce0.1,의료법 제82주에 따르면 안마산을 장애인 독신법에 따른 시각 장애인 중 시 도지사에게 자격 인정을 받아야 한다.
p38_u14,p38,ce0.5,의료 포채 82주에 따르면 안마산을 장애인 독집법에 따른 시각 정애인 중 시 두 지사에게 자격 임정을 받아야 한다.
p38_u14,p38,ce1.0,의료법 제 82조에 따르면 안마산을 장애인 독집법에 따른 시각 장애인 중을 시 부지사에게 자격 인정을 받아야 한다.
p38_u14,p38,ce2.0,의료법 제 82조에 따르면 안마사는 장애인 독신법에 따른 시각 장애인 중 시 2호 디사에게 자격 인정을 받아야 한다.
p38_u14,p38,ce5.0,의료법죄의 82조에 따르면 안마산을 상의인 복지법에 따른 시각청의 인중을 시 도지사에게 자격 인정을 받아야 한다.
p38_u14,p38,ce10.0,"의료법죄의 팔식 위조에 따르면 안마산은 상해인 독집법에 따른 취각창해인 중을 7, 2, 2, 3에게 자격 인정을 받아야 한다."
p38_u15,p38,taps,1을 입안하고 4격 없이 0이 목적으로 안 말을 하면 같은 법 제 88주의에 3일간 이하의 디녁이나 33만 원 이하의 허위금에 사야해 준다
p38_u15,p38,ce0.0,"이를 입어나고 가격 없이 영흥이 목적으로 안 말을 하면 같은 법제 88주의에 3년 이하의 등역이나 1,300만 원 이하의 벌금에 서해진다"
p38_u15,p38,ce0.1,1을 입안하고 자격 없이 영흥이 목적으로 안 말을 하면 같은 법 제 88주의에 3년 이하의 2명이나 33만 원 이하의 거의 끝에 참여해준다
p38_u15,p38,ce0.5,"일을 입어나고 가격 없이 영위 목적으로 안 말을 하면 같은 법제 88주의에 1년 이하의 뒤녁이나 1,000만 원 이하의 허위금에 선해진다."
p38_u15,p38,ce1.0,이를 입안하고 가격 없이 영희 목적으로 안 말을 하면 같은 법 제 88주의에 3년 이하의 등역이나 한천만 원 이하의 벌금에 청해진다.
p38_u15,p38,ce2.0,"이를 입안하고 가격 없이 영웅이 목적으로 안 마를 하면 같은 법 제 88주의에 3년 이하의 등역이나 3,000만 원 이하의 벌금에 처해진다."
p38_u15,p38,ce5.0,"이를 위반하고 가격 없이 영흥이 목적으로 안 마를 하면 같은 법 재팔 해팔 조회의에 3년 이하의 등역이나 3,3만 원의 이하의 소유금에 타야 된다"
p38_u15,p38,ce10.0,위를 위반하고 자격 없이 영위 목격으로 안마를 가면 같은 법 제 88조의 의외 3년 이하의 등역이나 33만 원 이하의
p38_u16,p38,taps,현대제동차가 고성능 N 브랜드의 전동화 비전을 소개하고 이를 부연한 롤링랙 폰세트 각 구대를 해결 최초로 붕괴했다.
p38_u16,p38,ce0.0,현대제동차가 고성능 N 브랜드의 전동와 비전을 소개하고 이를 부연한 롤링랙 콘셉트 가 구대를 해결책처럼 본게 했다.
p38_u16,p38,ce0.1,현대자동차가 구성능 N 브랜드의 전동화 비전을 소개하고 이를 부여한 롤링랙 콘셉트 가 2대를 체계체처로 공개했다.
p38_u16,p38,ce0.5,현대자동차가 고성능 N 브랜드의 전동화 비전을 소개하고 일을 구현한 롤링랙 콘셉트 가 그대를 3개 첩초로 본게 했다.
p38_u16,p38,ce1.0,현대자동차가 고성능 N 브랜드의 전동화 비전을 소개하고 리듬 구현한 롤링 맵 콘셉트과 2대를 택의 첩초로 분개했다.
p38_u16,p38,ce2.0,현대자동차가 고성능 앨브랜드의 전동화 비전을 소개하고 이를 구현한 롤링략 콘셉트 가 부대를 살기 최초로 분개했다.
p38_u16,p38,ce5.0,현대자동차가 고성능 N 브랜드의 전동화 비전을 소개하고 위를 구현한 롤링랩 콘셉트 가 무대를 세계 최초로 공개했다.
p38_u16,p38,ce10.0,현대자동차가 구성능 N 브랜드의 전동화 비전을 소개하고 일을 구현한 롤링랩 콘셉트 가 무대를 세계 최초로 본게했다.
p38_u17,p38,taps,현대차는 롤링맵을 간순 양산 모델을 넣어 현행의 짓을 지속 개발하는 등대로 찾는다는 전략이다.
p38_u17,p38,ce0.0,현대차는 롤링맵을 간순 양산 모델을 넣어 선행해지수를 비속 개발하는 등대로 탈른다는 전략이다.
p38_u17,p38,ce0.1,현대차는 롤링랩을 간순 양산 모델을 넘어 선행의 기술을 뒤속 개발하는 등대로 찾는다는 전략이다.
p38_u17,p38,ce0.5,현대차는 롤링랩을 단순 양산 모델을 넘어 현행지수를 지속해 봐가는 등대로 샀는다는 전략이다.
p38_u17,p38,ce1.0,현대차는 논링맵을 간순 양산 모델을 넘어 현행지수를 지속 개발하는 금대로 찾는다는 전력이다.
p38_u17,p38,ce2.0,현대차는 롤링맵을 간순 양산 모델을 넘어 선행지수를 지속 개발하는 등대로 찾는다는 전략이다.
p38_u17,p38,ce5.0,현대차는 롤링맵을 단순 양산 모델을 넘어 선행의 기술을 뒤속 개발하는 둥대로 삶는다는 전략이다.
p38_u17,p38,ce10.0,현배차는 롤링랩을 단순 양산 모델을 넘어 소맹 기술을 뒤속 개발하는 중대로 살린다는 전략이다
p38_u18,p38,taps,현대차는 15일 3대 N Worldwide YouTube 채널에서 현대 N 데이 영청을 공개하고 N 브랜드의 전동화 비전을 저랬다.
p38_u18,p38,ce0.0,현대차는 15일 현대 N. Worldwide YouTube 채널에서 현대 L.D.의 영청을 공개하고 N. 브랜드의 전동화 비전을 저됐다.
p38_u18,p38,ce0.1,현대차는 15일 현대 N. Worldwide YouTube 채널에서 현대 N.D.이 영상을 본기하고 N. 브랜드의 전동화 주전을 전했다.
p38_u18,p38,ce0.5,현대차는 15일 현대 N. Worldwide YouTube 채널에서 현대 N.D. 영청을 공개하고 N. 브랜드의 전동화 비전을 전했다.
p38_u18,p38,ce1.0,현대차는 15일 현대 N World Wide YouTube 채널에서 현대 N 데이 영상을 공개하고 N 브랜드의 전동화 지전을 전했다.
p38_u18,p38,ce2.0,"천재차는 15일 3대 N, 멀드와이드 유튜브 채널에서 3대 N 데이 영청을 공개하고 N 브랜드의 전동화 비전을 전했다"
p38_u18,p38,ce5.0,현대처는 15일 현대 N World Wide YouTube 채널에서 현대 N Day 영정을 공개하고 N 브랜드의 전동화 비전을 전했다.
p38_u18,p38,ce10.0,전달차는 15일 3대 N Worldwide YouTube 채널에서 3대 N Day 영청을 공개하고 N 브랜드의 전동화 비전을 전했다
p38_u19,p38,taps,N-FRIEND는 운전 내의 자임이를 출구하기 위한 현대차의 고정레이 써보 브랜드다.
p38_u19,p38,ce0.0,M-SRAMD는 운전의 재미를 추가시 2년 현대차의 고정뇌 싸부 브랜드다.
p38_u19,p38,ce0.1,앤 브랜드는 운전해 저희미를 추구하기 위한 현대차의 도성능 서브 브랜드다.
p38_u19,p38,ce0.5,N 브랜드는 운전의 점미를 추구하기 위한 현대차의 고성능 바보 브랜드다.
p38_u19,p38,ce1.0,N 브랜드는 운전의 정의를 추구하기 위한 현대차의 고성능 바보 브랜드다.
p38_u19,p38,ce2.0,N 브랜드는 운전의 재미를 추구하기 위한 현대차의 고정능 사부 브랜드다.
p38_u19,p38,ce5.0,N 브랜드는 운전의 재미를 추구하기 위한 산대차의 고정능 사부 브랜드다.
p38_u19,p38,ce10.0,M-brand는 운전의 생미를 추구하기 위한 현대차의 구성능 따로 브랜드다.
p38_u20,p38,taps,"2015년 논칭 이후 코너링 악동, 일상의 스포츠카 레이스 트랙 주의 능력을 기반으로 다양한 N 모델을 계절해 왔다."
p38_u20,p38,ce0.0,2015년 논칭 이후 포너링 악동 일스팅의 스포츠카 레이스 트랙 주행 능력을 기반으로 다양한 N 모델을 대절해 왔다
p38_u20,p38,ce0.1,"2015년 년층 이후 손어링 악동, 일수상의 스포츠카 레이스 트랙 주행 능력을 비반으로 다양한 N 모델을 대설해 왔다."
p38_u20,p38,ce0.5,2015년 논칭 이후 포너링 악동 일상의 포치카 레이스 트랙 주인 능력을 비반으로 다양한 N 모델을 개발해 왔다
p38_u20,p38,ce1.0,2015년 론칭리 후 코너링 악몽 일상의 스포츠카 레이스 트랙 주행 능력을 비반으로 다양한 M 모델을 개발해왔다
p38_u20,p38,ce2.0,2015년 론칭 이후 포너링 악동 일상의 포츠카 레이스 트랙 주행 능력을 비반으로 다양한 N 모델을 개발해 왔다
p38_u20,p38,ce5.0,2015년 논층 이후 포너링 악동 일상의 스포츠카 레이스 트랙 주행 능력을 비반으로 다양한 N 모델을 고발해 왔다
p38_u20,p38,ce10.0,2015년 논층 이후 코너링 악동 일상의 스포츠카 레이스 트랙 주행 능력을 기반으로 다양한 N 모델을 개발해 왔다
p38_u21,p38,taps,핸드차는 이날 전동화 전략을 통해 역동적인 재미를 느낄 수 있도록 연구 개발한다는 청우 사진을 제시했다.
p38_u21,p38,ce0.0,현대차는 이날 전동화 전략을 통해 역동적인 재미를 느낄 수 있도록 명구 그 발한다는 청우사진을 제시했다.
p38_u21,p38,ce0.1,핸드차는 이날 전동화 전략을 통해 역동적인 재미를 느낄 수 있도록 영국 개발한다는 청후사진을 제시했다.
p38_u21,p38,ce0.5,현대차는 이날 전동화 전략을 통해 역동적인 재미를 느낄 수 있도록 명구 개발한다는 청사진을 제시했다.
p38_u21,p38,ce1.0,현배차는 이날 전동화 전략을 통해 역동적인 재미를 느낄 수 있도록 연구 개발한다는 성사진을 제시했다.
p38_u21,p38,ce2.0,현대차는 이날 전동화 전략을 통해 역동적인 재미를 느낄 수 있도록 연구 개발한다는 청우사진을 제치했다.
p38_u21,p38,ce5.0,현대차는 이날 전동화 전략을 통해 역동적인 재미를 느낄 수 있도록 영국 개발한다는 청우사진을 대시했다.
p38_u21,p38,ce10.0,선배차는 이날 전동화 전략을 통해 역동적인 재미를 느낄 수 있도록 연구 고발한다는 청사진을 제시했다.
p38_u22,p38,taps,"이어 정기차를 레이스 트랙에서 즐길 수 있도록 구성민 기준을 끌어올리고 사운드, 진동등, 감성적 영역에서 다양하게 연구하고 있다고 밝혔다."
p38_u22,p38,ce0.0,"이어 정시차를 레이스 트레지에서 즐길 수 있도록 고성흥 지준을 끌어올리고 사운드, 진동 등 감성적 영역에서 다양하게 연구하고 있다고 발표했다."
p38_u22,p38,ce0.1,"리어 정기차를 레이스 트랙에서 즐길 수 있도록 구성능 기준을 끌어올리고 사운드, 진동등, 감성적 영역에서 다행하게 연구하고 있다고 밝혔다."
p38_u22,p38,ce0.5,"이어 정기차를 레이스트랙에서 즐길 수 있도록 구성능 기준을 끌어올리고 사운드, 진동등, 감성적 여행학에서 다양하게 연구하고 있다고 밝혔다."
p38_u22,p38,ce1.0,"이어 정식차를 레이스 트랙에서 즐길 수 있도록 구성민 기준을 끌어올리고 사운드, 눈동등, 감성적 영역에서 다양하게 연구하고 있다고 밝혔다."
p38_u22,p38,ce2.0,"이어 정기차를 레이스트랙에서 즐길 수 있도록 구성능 기준을 끌어올리고 사운드, 진동들, 감성적 영역에서 다행하게 연구하고 있다고 밝혔다."
p38_u22,p38,ce5.0,"이어 정기차를 레이스트랙에서 즐길 수 있도록 구성미 기준을 끌어올리고 사운드, 진동등, 감성적 여행학에서 다행하게 연구하고 있다고 밝혔다."
p38_u22,p38,ce10.0,"비어 정시차를 레이스 트랙에서 즐길 수 있도록 구성능 기준을 끌어올리고 사운드, 진동등, 감성적 영악에서 다양하게 연구하고 있다고 변켰다."
p38_u23,p38,taps,"현대차는 내년 출시 예정인 섭, 던기, 보성능차, 아이언익 5N를 봉해 일을 현실화시춘다는 계획이다."
p38_u23,p38,ce0.0,현대차는 내년 출시에 정해인 서턴力 고성능차 IONIQ5N을 봉해 일을 현실화시툴다는 계획이다.
p38_u23,p38,ce0.1,현대차는 내년 출시 예정인 탑 전기 구성능차 IONIQ5N을 통해 일을 현실하시툰다는 계획이봐
p38_u23,p38,ce0.5,현대탄은 내년 출시에 정인 탑 덩립 고성능차 IONIQ5N을 봉해 이를 현실화 시킨다는 공액이 봐
p38_u23,p38,ce1.0,현재 차는 매년 출시에 병인 사업 건믹 고성능차 아이온이 5N을 공해 미래 현실화 시킨다는 계획이다.
p38_u23,p38,ce2.0,현대차는 내년 출시에 정해 첫 덤비 고성능차 아이올릭 5N을 공해 미별 현실화 시킬 수 있다는 그 얘기 봐
p38_u23,p38,ce5.0,현대차는 매년 출시 앨덩인 첫 전기 고등릉차 아이올릭 5N을 통해 육회를 멸실하시킨다는 계획이다.
p38_u23,p38,ce10.0,현대차는 매년 출시 엘정인 첫 전기 고성능차 아이언익 5N을 봉해 미류를 현실화 시킬 수 있다는 경액이다
p38_u24,p38,taps,이완께 앰 브랜드의 전동화 기술을 담은 롤링 넷 모델 교대도 공개했다.
p38_u24,p38,ce0.0,이와 함께 앰 브랜드의 전동화 기술을 담은 롤링 넷 모델 교대도 공개했다.
p38_u24,p38,ce0.1,이완께 앰 브랜드의 전동화 기술을 담은 롤링 넷 모델 부대도 공개했다.
p38_u24,p38,ce0.5,이와 함께 앰 브랜드의 전동화 기술을 담은 롤링 넷 모델 부대도 공개했다.
p38_u24,p38,ce1.0,이와 함께 앰 브랜드의 전동화 기술을 담은 롤링 넷 모델 국대도 공개했다.
p38_u24,p38,ce2.0,이와 함께 앨브랜드의 전동화 기술을 담은 롤링 넷 모델 부대도 공개했다.
p38_u24,p38,ce5.0,유함께 앰 브랜드의 전동화 기술을 담은 롤링 넷 모델 부대도 본 게 있다.
p38_u24,p38,ce10.0,유암계 앤브랜드의 전동화 기술을 담은 롤링 넷 모델 부대도 본 게 있다.
p38_u25,p38,taps,볼링맵은 고성능 기술을 양산모델에 반영하기 앞서 연구 개발 및 검증하는 차량이다.
p38_u25,p38,ce0.0,볼링랩은 고성능 기술을 양산 모델에 반영하기 앞서 연구 개발 및 검증하는 차량이다.
p38_u25,p38,ce0.1,울링맵은 고성능 기술을 양산 모델에 반영하기 앞서 연구 개발 및 검증하는 차량입니다.
p38_u25,p38,ce0.5,롤링랩은 구성능 기술을 양산 모델에 반영하기 앞서 연구 개발 및 검증하늘 차량이다.
p38_u25,p38,ce1.0,돌링랩은 고성능 기술을 양산 모델에 반영하기 앞서 연구 개발 및 검증하는 차량이다.
p38_u25,p38,ce2.0,논링랩은 구성능 기술을 양산 모델에 반영하기 앞서 연구 개발 및 검증한을 차량입니다.
p38_u25,p38,ce5.0,논링맵은 고성능 기술을 양산 모델에 반영하기에 앞서 연구 개발 및 검증함을 차량이다.
p38_u25,p38,ce10.0,졸링맵은 구성능 기술을 양산 모델에 반영하기 앞서 연구 그발밑 검증하면 차량이다.
p38_u26,p38,taps,롤링 넷 R&E2는 N 브랜드의 첫번째 EG&D 집안 고성울명 촬영이다.
p38_u26,p38,ce0.0,롤리운역 R&EE는 N 브랜드의 첫번째 EC&G 집안 고성운역 자량이다.
p38_u26,p38,ce0.1,롤링랩 RLEE인은 랩 브랜드의 첫번째 1GMP 기반 고성능 차량이다.
p38_u26,p38,ce0.5,롤링랩 R&E1은 L 브랜드의 첫번째 EGMT 기반 고성능 차량이다.
p38_u26,p38,ce1.0,롤링 맵 R&E1은 N 브랜드의 첫번째 1GMP 기반 고성능 차량이다.
p38_u26,p38,ce2.0,롤링랩 R&E21은 L 브랜드의 첫번째 EGMT 기반 고성울낸가 차량이다.
p38_u26,p38,ce5.0,롤링랩 R&E1은 L 브랜드의 첫번째 EGMB 기반 고성능 차량이다.
p38_u26,p38,ce10.0,롤링랩 R&E1은 N 브랜드의 첫번째 EGMG 지반 고성능 차량입니다.
p38_u27,p38,taps,전기차가 진인 한 1위를 극복하는 방안을 연구하기 위해 만들어졌으며 160kg와트 절든 모터와 270kg와트 포레음 모터를 정착했다.
p38_u27,p38,ce0.0,전기차가 진인 한일에를 극복하는 방안을 연구하기 위해 만들어졌으며 160km와트 절륜 모터와 170km와트 소래호 모터를 정착했다.
p38_u27,p38,ce0.1,전기차가 진인 한일에 극복하는 병원을 연구하기 위해 만들어졌으며 160kg와트 젤른 모터와 270kg와트 후레음 모터를 정착했다.
p38_u27,p38,ce0.5,전기차가 진인 한계를 극복하는 방안을 연구하기 위해 만들어졌으며 167%와트 전련 모터와 270%와트 후렴 모터를 정착했다.
p38_u27,p38,ce1.0,전기차가 진인 한의계를 극복하는 방안을 연구하기 위해 만들어졌으며 167%와트 젤른 모터와 270%와트 후레한 모터를 정착했다.
p38_u27,p38,ce2.0,전기차가 진인 한위를 극복하는 방안을 연구하기 위해 만들어졌으며 060kW 절련 모터와 277kW 후렴 모터를 정착했다.
p38_u27,p38,ce5.0,전기차가 진인 한위계를 극복하는 정안을 연구하기 위해 만들어졌으며 161%와트 전련 모터와 270%와트 후렴 모터를 정착했다.
p38_u27,p38,ce10.0,전기차가 진인 한계를 극복하는 장관을 연구하기 위해 만들어졌으며 160kW 전년 모터와 270kW 소련 모터를 장착했다.
p38_u28,p38,taps,또 하나의 롤링 넷 NVIDEON 70 타는 포니카테 컨셉 질의 정신을 개송한 슈소 하의 브리드 고성매이 차량이다.
p38_u28,p38,ce0.0,또 하나의 롤링랩 앨비전 70타는 코익팩 컨셉 질의 정신을 개송한 시소 하을브리드 고성맨 사량이다.
p38_u28,p38,ce0.1,또 하나의 롤링랫 앱 비전 70K는 소잭팩 컨셉 주의 정신을 그성한 수소 하얗브리드 고성맹 사량이다.
p38_u28,p38,ce0.5,또 하나의 롤링랩 L 비전 70탄을 포니카페 컨셉지의 정신을 공통한 수소 하이브리드 고성능 사량이다.
p38_u28,p38,ce1.0,또 하나의 롤링 매트 앱 비전 70타는 포니크 백 컨셉 주의 정신을 공식한 수소 하이피드 구성능 차량이다.
p38_u28,p38,ce2.0,또 하나의 롤링 맵 앨비전 73은 폴뉙테 컨셉 주의 정신을 결승한 수소 하이브이드 고성능 차량이다.
p38_u28,p38,ce5.0,또 하나의 롤링 맵 랩 비전치시키는 포니크팩 컨셉 주의 정신을 공승한 수소 하이플리드 구성맹 자량이다.
p38_u28,p38,ce10.0,또 하나의 롤링 맵 N 비전 74는 Sonic 100 컨셉 주의 정신을 공통한 수소 하을 브리드 구성능 사량이다
p38_u29,p38,taps,우리나라 한옥에 옥수성을 널리 알리기 위해 올해도 대한민국 3옥 공부전이 열린다.
p38_u29,p38,ce0.0,우리나라 한옥에 우수성을 널리 알리기 위해 올해도 대한민국 산옥 공모전이 열린다.
p38_u29,p38,ce0.1,우리나라 한옥에 우수성을 널리 알리기 위해 올해도 대한민국 산옥 공부전이 열린다.
p38_u29,p38,ce0.5,우리나라 한옥의 우수성을 널리 알리기 위해 올해도 대한민국 한옥 공모전이 열린다.
p38_u29,p38,ce1.0,우리나라 한옥의 우수성을 널리 알리기 위해 올해도 대한민국 한옥 공모전이 열린다.
p38_u29,p38,ce2.0,우리나라 한옥에 우수성을 널리 알리기 위해 올해도 대한민국 산옥 공호전이 열린다.
p38_u29,p38,ce5.0,우리나라 한옥의 우수성을 널리 알리기 위해 올해도 대한민국 한옥 공부전이 열린다.
p38_u29,p38,ce10.0,우리나라 한옥에 우승을 널리 알리기 위해 올해도 대한민국 한옥 공모전이 열린다.
p38_u30,p38,taps,북토교통부는 한옥의 우습성의 발골하고 헤로운 발전 관액성을 무생하기 위해 2002 대한민국 한옥 공모자를 개최한다고 식보일 잘 컸다.
p38_u30,p38,ce0.0,북토교통부는 산호계 우수성의 발골하고 새로운 발전 관응 수정을 무생하기 위해 2022 대한민국 한옥 공모자를 그치한다고 식보일 밝혔다.
p38_u30,p38,ce0.1,국토교통부는 산호계 우수성에 달거라고 새로운 발전 관응상을 무득하기 위해 2022 대한민국 산호쿵호전을 개최한다고 식불이 밝혔다.
p38_u30,p38,ce0.5,북토교통부는 한옥의 우수성을 발골하고 새로운 발전 관응성을 무생하기 위해 2022 대한민국 한옥 봉호자를 거치한다고 19일 벌켰다.
p38_u30,p38,ce1.0,국토교통부는 한옥의 우수성을 발굴하고 새로운 발전 가능성을 무생하기 위해 2012 대한민국 한옥 공모단을 개최한다고 직구일 밝혔다.
p38_u30,p38,ce2.0,북도교통부는 산옥의 우수성을 밝고라고 새로운 발전 가능성을 무득하기 위해 2021 대한민국 산옥 궁어전을 배치한다고 직구일 밝혔다.
p38_u30,p38,ce5.0,국토교통부는 환호계 우수성을 발굴하고 새로운 발전 관응성을 무녁할 규위에 2012 대한민국 환호정보자는 겨치한다고 칵보일 밝혔다.
p38_u30,p38,ce10.0,국토교통부는 산업의 우수성을 밟고다고 새로운 발전 가능성을 무득하기 위해 2012 대한민국 산업 붕호단을 겨치한다고 책보일 밟었다.
p38_u31,p38,taps,올해로 시지했지 받는 한옥 공부전은 잘 지어진 현옥을 찾아 궁인에게 알리고 한옥에 대한 다양한 아이디어를 발굴하는 행사다.
p38_u31,p38,ce0.0,올해로 시지했지 않는 한옥 공부전은 잘 지어진 한옥을 찾아 궁인에게 알리고 한옥을 위한 다양한 아이디어를 발굴하는 행사다.
p38_u31,p38,ce0.1,올해 로 시지했지 받는 한옥 공모전은 잘 뒤어진 한옥을 찾아 국내내기 알리고 한옥에 대한 다양한 아이디어를 잘 누라는 행위다다.
p38_u31,p38,ce0.5,올해로 12옷지 받는 한옷 공모전은 잘 지어진 한옷을 찾아 국민에게 알리고 한옷에 대한 다양한 아이디어를 발굴하는 행사다.
p38_u31,p38,ce1.0,올해로 11회째 받는 한옥 공모자는 잘 지어진 한옥을 찾아 국민에게 알리고 한옥에 대한 다양한 아이별을 발굴하는 앨받아
p38_u31,p38,ce2.0,올해로 11회째 받는 한옥 공모전은 잘 지어진 한옥을 찾아 국민에게 알리고 한옥에 대한 다양한 아이디어를 발굴하는 형이 받아
p38_u31,p38,ce5.0,올해로 12회체 받는 화목금호전은 잘 뛰어진 화목을 찾아 국민에게 알리고 화목에 대한 다양한 아이디어를 발굴하는 행사다.
p38_u31,p38,ce10.0,올해로 TV에 제 맞는 한옥 공호전은 잘 뒤어진 한옥을 찾아 국민에게 알리고 한옥에 대한 다양한 아이별을 발굴하는 용사다.
p38_u32,p38,taps,"구호전은 증공된 한옥, 대학생이니 대학원생이 내상 철기한옥, 사진, 영상 등, 내기 폰운으로 나누어 진행한다."
p38_u32,p38,ce0.0,"공호전은 진공된 한옥, 대학생이 대학원생 대사홀기 한옥, 사실, 영상 등 4개 부문으로 나누어 진행한다."
p38_u32,p38,ce0.1,"보호전은 증공된 한옥, 대학생임이 대학원생 대상 살기한옥, 사실 영상 등 4개 포문으로 나누어 진행한다."
p38_u32,p38,ce0.5,"공호전은 중공된 환호, 대학생이 대학원생 내상 설기 환호, 사실, 영상 등 4개 포문으로 나누어 진행한다."
p38_u32,p38,ce1.0,"공모전은 중공된 한옥, 대학생 및 대학원생 대상 설기 한옥, 하신, 영상 등 4길 공문으로 나누어 진행한다."
p38_u32,p38,ce2.0,"공모전은 중공된 한옥, 대학생 및 대학원생 내상 설계한옥, 사진, 영상 등 4개포문으로 나누어 진행한다."
p38_u32,p38,ce5.0,"부모전은 중공된 한옥, 대학생 및 대학원생 대상 설기 한옥, 사실, 영상 등 4길 포문으로 나누어 진행한다."
p38_u32,p38,ce10.0,"부모전은 중공된 한옥, 대학생이 대학원생 내장 설계한옥, 사실 영상 등 4길 부문으로 나누어 진행한다."
p38_u33,p38,taps,"중고 부문은 중고 후 3년이 경과한 한옥을 대상으로 회장한옥에 건축주, 설계자, 시공자가 응무할 수 있다."
p38_u33,p38,ce0.0,"중공부문은 중공 후 3년이 경우가 한옥을 대상으로 해장한옥의 건축주, 탈태자, 시공자가 묵묵할 수 있다."
p38_u33,p38,ce0.1,"중고 부문은 중고 후 3년이 견과한 한옥을 대상으로 회장한옥에 던칩주, 설계자, 시공자가 응말 수 있다."
p38_u33,p38,ce0.5,"중고 부모는 중고은 후 3년이 경과한 환호을 대상으로 해당을 환호해 건축주, 설계자, 시공자가 응말 수 있다."
p38_u33,p38,ce1.0,"중고 부문은 중공 후 3년이 견관한혹을 재상으로 해당한혹의 권측주, 철회자, 시공자가 응말 수 있다."
p38_u33,p38,ce2.0,"중공부문은 중공 후 3년이 경과한 한옥을 대상으로 해당한옥의 건축주, 철제자, 시공자가 금마할 수 있다."
p38_u33,p38,ce5.0,"중공부문은 중공 후 3년이 변관한혹을 대상으로 해당한혹의 건축주, 설계자, 시공자가 응말 수 있다."
p38_u33,p38,ce10.0,"중공부문은 중공 후 3년이 경관한혹을 대상으로 해당한혹의 건축주, 설계자, 치공자가 금발 수 있다."
p38_u34,p38,taps,그동안 최근 5년 이내에 지어진 한옥을 대상으로 했으나 ED 관리 등이 우수한 한옥을 현장하기 위해 중이고 후 3회야의 건강한옥으로 응목 비주를 바꿨다.
p38_u34,p38,ce0.0,"그동안 최근 5년 이내에 지어진 한옥을 대상 어렸으나 이지 관리 등이 우수한 한옥을 현장하기 위해 중고구, 사며내에 변간 한옥으로 응목 비주를 바꿨다."
p38_u34,p38,ce0.1,그동안 최근 5년 이내에 지어진 한옥을 대상으로 했으나 유지관리 등이 우수한 한옥을 선정하기 위해 중고구 3일에 경과한 한옥으로 응목 비즈를 잡았다.
p38_u34,p38,ce0.5,그동안 최근 5년 이내에 지어진 한옥을 대상으로 했으나 위대관리 등이 의소한 한옥을 선정하기 위해 중이고 후 3년에 변간 한옥으로 응목 기준을 바꿨다.
p38_u34,p38,ce1.0,그동안 차근 5년 임에 지어진 한옥을 대상으로 했으나 유시걸리둥이 우수한 한옥을 현정하기 위해 중공 후 하멸아의 변관 한옥으로 응목 기준을 바꿨다.
p38_u34,p38,ce2.0,그동안 최근 5년 인해 지어진 한옥을 대상으로 했으나 유지관리 등이 의수한 한옥을 환정하기 위해 중국 오후 3일날의 변관 한옥으로 응목 기준을 바꿨다.
p38_u34,p38,ce5.0,그동안 최근 5년 이내 지어진 한옥을 대상으로 했으나 윗이 걸리 등이 의수한 한옥을 선정하기 위해 중공 후 사메야의 변과한 한옥으로 응목 기준을 바꿨다.
p38_u34,p38,ce10.0,그동안 최근 5년 이내에 지어진 한옥을 결상으로 했으나 유지관리 등이 우선 한옥을 선정하기 위해 중국 오후 3년에 변간 한옥으로 응목 비주얼을 바꿨다.
p38_u35,p38,taps,대학생이 대학원생이 설계 공부전은 TNA 개인사계부로 응말 수 있으며 올해 공부 주제는 마음의 품은 한옥 만들기다.
p38_u35,p38,ce0.0,대학생이 대학원생이 설계 공모전은 피해나 대인사계부로 운말 수 있으며 올해 공모 주제는 마음의 폼은 한옥 만들기다.
p38_u35,p38,ce0.1,대학생이 대학원생 설계 공모전은 퀴나 개인작회부로 운말 수 있으며 올해 공모주제는 마음의 품은 한옥 만들기다.
p38_u35,p38,ce0.5,대학생이 대학원생 설기 공모자는 티나 개인작극으로 응말 수 있으며 올해 공모 주제는 마음의 품은 한옥 만들기다.
p38_u35,p38,ce1.0,대학생이 대학원생 설기 공모전은 시킬이나 개인 장켓으로 옹말시 있으며 올해 공모주제는 마음의 품은 한옥 만들기다.
p38_u35,p38,ce2.0,대학생이 대학원생 설계 공모전은 피해나 개인 자격으로 응말 수 있으며 올해 공모 주제는 마음을 품은 한옥 만들기다.
p38_u35,p38,ce5.0,대학생이 대학원생 설계 공모전은 티이나 개인작극으로 응말 수 있으며 올해 공모 주제는 마음의 품은 한옥 만들기다.
p38_u35,p38,ce10.0,대학생님 대학원생 설계 공모전은 트위나 겨인 자격으로 음발 수 있으며 올해 공모 주제는 마음의 품은 한옥 만들기다.
p38_u36,p38,taps,이번 주제의 심은 우리 한옥에 누구의 마음 어떤 마음을 담아야 할지 생각해보는 것이다.
p38_u36,p38,ce0.0,"이번 주제의 심은 우리 한옥에 누구의 마음, 어떤 마음을 담아야 할지 생각해보임 것이다."
p38_u36,p38,ce0.1,이번 주제의 심은 우리 한옥에 누드의 마음 어떤 마음을 담아야 할지 생각해보진 것이다.
p38_u36,p38,ce0.5,이번 주제의 힘은 우리 한옥에 누구의 마음을 어떤 마음을 담아야 할지 생각해보는 것이다.
p38_u36,p38,ce1.0,이번 주제의 핵심은 우리 한옥에 누구의 망신 어떤 마음을 담아야 할지 생각해보는 거 있다
p38_u36,p38,ce2.0,이번 주제의 핵심은 우리 한옥에 누수의 마음 어떤 마음을 담아야 할지 삼각을 보는 것이다
p38_u36,p38,ce5.0,리본수제의 핵심은 우리 한옥에 누 후에 마음 어떤 마음을 담아야 할지 생각해보는 것이다.
p38_u36,p38,ce10.0,이번 주제 핵심은 우리 하늘게 누구의 마음 어떤 마음을 담아야 할지 생각해보는 것 같다
p38_u37,p38,taps,사생과 영상 부문은 특정한 공호 주제겁고 한옥에 아름다운과 가치를 독창유적인 시각으로 담아내는 작품을 뽑을 예정입니다.
p38_u37,p38,ce0.0,차진과 영상 부문은 특정한 공요 주제겁고 한옥에 아름다운과 가치를 독창적인 시각으로 담아는 작품을 뽑을 예정이다.
p38_u37,p38,ce0.1,차생과 영상 부문은 특정한 공호 주제 겉도 한옥에 아름다운과 가치를 독창적인 시각으로 자마하는 작품을 뽑을 예상입니다.
p38_u37,p38,ce0.5,사진과 영상 부문은 특정한 공호 주제가 없고 한국의 아름다운과 가치를 독창적인 시각으로 담아낸 작품을 뽑을 예정입니다.
p38_u37,p38,ce1.0,사진과 영상 부분은 특정한 공후 주제가 없고 한옥에 아름다운과 가치를 독창적인 시각으로 담아는 작품을 뽑을 예정입니다.
p38_u37,p38,ce2.0,사진과 영상 부분은 특정한 공호 주제가 없고 산호계 아름다운과 바치를 독창적인 시간으로 자마하는 작품을 뽑을 예정이다.
p38_u37,p38,ce5.0,사진과 영상 부분은 특정한 공호 주제겁고 산옥의 아름다운과 가치를 독창적인 시각으로 담아낸 작품을 뽑을 예정이다.
p38_u37,p38,ce10.0,차진관 영상 부문은 특정한 공호 주제가 없고 산우계 아름다운과 가치를 독창적인 시각으로 담아낸 작품을 뽑을 예정이다.
p38_u38,p38,taps,자콩접스는 8월 1일부터 2일까지 2틀간 진행하며 1일 2타 신사를 거쳐 9월 초 최종학 당은선작을 배치한다.
p38_u38,p38,ce0.0,작공접수는 8월 1일부터 2일까지 2틀간 진행하며 1일 2차 신사를 거쳐 9월 초 최종 당선작을 배치한다
p38_u38,p38,ce0.1,작공접수는 8월 1일부터 2일까지 이스트를 간중행하며 1일 2탄 신사를 거쳐 9월 초 최종 당선작을 배치한다
p38_u38,p38,ce0.5,"작품 접수는 8월 1일부터 2일까지 2틀간 진행하며 1, 2타 심사를 거쳐 9월 2초 최종 당선작을 발표한다."
p38_u38,p38,ce1.0,"작품 접수는 8월 1일부터 2일까지 이틀간 진행하며 1, 2타 신사를 거쳐 9월 초 최종 강선작을 발표한다."
p38_u38,p38,ce2.0,"작품 접수는 8월 1일부터 2일까지 2틀간 진행하며 1, 2타 신사를 거쳐 9월 초 최종 방금작을 발표한다."
p38_u38,p38,ce5.0,"작품 접수는 8월 1일부터 1일까지 위틀간 진행하며 1, 2탈 심사를 거쳐 9월 초 최종 당선작을 발표한다."
p38_u38,p38,ce10.0,"작품 접수는 8월 1일부터 유일까지 밑을 간 진행하며 1, 2타 심사를 거쳐 9월 초 최종 당선작을 발표한다."
p38_u39,p38,taps,고무책친 및 창우라 방법 등 자세한 상황은 대한민국 한옥 고무전 홈페이지를 통해 확인할 수도 있다
p38_u39,p38,ce0.0,고모체 7일 창호라 방법 등 자세한 상황은 제한민국 산업 고모 전 홈페이지를 통해 확인할 수 있다.
p38_u39,p38,ce0.1,부모 척친 및 상호라 방법 등 자세한 상황은 대한민국 3억 등으로 전 홈페이진통에 확인할 수 있습니다.
p38_u39,p38,ce0.5,금호집집 및 창가 방법 등 자세한 상황은 대한민국 산업공무전 홈플리지를 통해 확인할 수 있다.
p38_u39,p38,ce1.0,공무처친 및 창가 방법 등 자세한 상황은 대한민국 산업 공무전 홈페이지를 통해 확인할 수 있다.
p38_u39,p38,ce2.0,국무처침 및 창가 방법 등 자신한 상황은 대한민국 수놓 국무전 황태의 질통에 확인할 수 있습니다.
p38_u39,p38,ce5.0,공호체찜 및 창가 방법 등 자세한 상황은 대한민국 한옥 공호전 홈페이지를 통해 하얀할 수 있다.
p38_u39,p38,ce10.0,국무처팀 및 창가 방법 등 자세한 상황은 대한민국 수록 국무원 전 홈페이지를 통해 상해를 할 수 있다.
p38_u40,p38,taps,이태현 헬러인 앞서 사고로 136명이 사망하고 150명이 부상된 한 것으로 3015전 4시 현재의 지킬했다.
p38_u40,p38,ce0.0,이태현 헬러인 앞서 사고로 136명이 사망하고 150명이 부상당한 것으로 315전 4시 편지에 시킬했다.
p38_u40,p38,ce0.1,이태현 헬러인 앞사 사고로 136명이 사망하고 150명이 부상당한 것으로 3015전 4시 현재에 지축했다.
p38_u40,p38,ce0.5,이태현 헬러인 앞사 사고로 136명이 타망하고 150명이 부상당한 것으로 3015전 4시 설제에 지치게 됐다.
p38_u40,p38,ce1.0,이트연 헬러인 앞자 사고로 136명이 사망하고 150명이 부장당한 것으로 30일 오전 4시 선대에 집계됐다.
p38_u40,p38,ce2.0,이태현 헬러인 앞사 사고로 146명이 사망하고 150명이 부장당한 것으로 30일 오전 4시 설제에 비축해됐다.
p38_u40,p38,ce5.0,입회원 헬러인 앞서 사고로 146명이 사망하고 150명이 부상당한 것으로 30일 오전 4시 헬드에 집계됐다.
p38_u40,p38,ce10.0,이태현 헬러인 앞다 사고로 136명이 사망하고 150명이 부상당한 것으로 30일 오전 4시 현재에 지킬했다.
p38_u41,p38,taps,프랑성은 30일 오전 4시 5분 꽤 편장 브리핑을 통해 이같은 시 사실을 공식 발표했다.
p38_u41,p38,ce0.0,소방성은 30일 오전 4시 5분께 현장 브리핑을 통해 이같은 시의 사실을 공식 발표했다.
p38_u41,p38,ce0.1,수방성은 30일 오전 4시 5분께 현장 브리핑을 통해 이같은 키의 사실을 공식 발표했다.
p38_u41,p38,ce0.5,소방청은 30일 오전 4시 5분 후에 한 장 브리핑을 통해 유같은 시사실을 공식 발표했다.
p38_u41,p38,ce1.0,후방성은 30일 오전 4시 5분께 현장 브리핑을 통해 이같은 피의 사실을 공식 발표했다.
p38_u41,p38,ce2.0,수방청은 30일 오전 4시 5분이 꽤 한 장 브리핑을 통해 니가 큰 키사실을 공식 발표했다.
p38_u41,p38,ce5.0,소방청은 30일 오전 4시 5분쇄 3장 브리핑을 통해 위같은 키하실을 공식 발표했다.
p38_u41,p38,ce10.0,소방청은 30일 오전 4시 5분 후에 현장 브리핑을 통해 위 같은 피의사실을 옹식 발표했다.
p38_u42,p38,taps,사망자 136명이 기용인 101명은 정원으로 이송됐고 현장에서 안치별 사망자는 45명이다
p38_u42,p38,ce0.0,사망자 136명 지우는 101명은 정원으로 이송됐고 현장에서 안치별 사망자는 45명이다
p38_u42,p38,ce0.1,사망자 136명 중 101명은 병원으로 이송됐고 현장에서 안치된 사망자는 45명이다.
p38_u42,p38,ce0.5,"사망자 136명, 101명은 병원으로 이송됐고 현장에서 안치된 사망자를 45명이다."
p38_u42,p38,ce1.0,사망자 136명 비용 101명은 경험으로 이송됐고 현장에서 안치된 사망자는 45명이다.
p38_u42,p38,ce2.0,사망자 136명 중 101명은 경원으로 이성됐고 현장에서 안치된 사망자는 45명입니다.
p38_u42,p38,ce5.0,사망자 136명 중 101명은 정원으로 이송됙도 현장에서 안티될 사망자는 45명이다.
p38_u42,p38,ce10.0,사망자 136명 중 101명은 경원으로 이송됐고 현장에서 안치된 사망자는 45명입니다.
p38_u43,p38,taps,이를 사망자들은 임시로 인익을 원효로 다 목적 칠래 체이깔에 안 칠했다가 병원 영안실로 이송되는 시입니다.
p38_u43,p38,ce0.0,이를 사망자 들은 인시로 인근 모혜로 가목적 칠레 체역 간에 안치됐다가 병원 영안실로 이송되는 희진입니다.
p38_u43,p38,ce0.1,이들 사명재들은 임시로 임근 모혜로 사목적 칠레 체육관에 안추됐다가 병원 영안실로 이송되는 지입니다.
p38_u43,p38,ce0.5,이들 사명자들은 임시로 임금원회로 다목적 칠레 채욕관에 안치됐다가 병원 영안진로 이송되는 중입니다.
p38_u43,p38,ce1.0,이를 사망자들은 임시로 임금원회로 감옥적 칠래체일간에 안치됐다가 병원 영안실로 이동되는 중이다.
p38_u43,p38,ce2.0,이들 사냥자들은 임시로 임은 문혜로 자목적 실례 체육관에 안치됐다가 병원 영안실로 이송된을 중이다.
p38_u43,p38,ce5.0,이를 사망자들은 민시로 윤금원혜로 감옥적 신뢰청역 간에 안치됐다가 병원 영안질로 이송되는 중이다.
p38_u43,p38,ce10.0,이들 사망자들은 임시로 임금 원혜로 다 목적 신뢰 체육가를 안치겠다가 병원 영안진로 이쏑되는 중이다.
p38_u44,p38,taps,피해를 입은 사상자들은 서울 각지 병원 및 임시 인근 이루소에서 치료를 받고 있는 상황으로 인명히에는 더욱 늘어날 것으로 보입니다.
p38_u44,p38,ce0.0,피해를 입은 사상자들은 서울 각치 병원 및 임이시 응급 의료소에서 치료를 받고 있는 상황으로 인명히에는 더욱 늘어날 것으로 보인다.
p38_u44,p38,ce0.1,피해를 입은 사상자들은 서울 각지 병원 및 임시 응근 이루소에서 치료를 받고 있는 상황으로 인명 피해는 더욱 늘어날 것으로 보인다.
p38_u44,p38,ce0.5,피해를 입은 사상자들은 서울 각지 병원 및 임시 응급 위를 서해서 치료를 받고 있는 상황으로 인명 피해는 더욱 늘어날 것으로 보입니다.
p38_u44,p38,ce1.0,피해를 입은 사상자들은 서울 각시 병원 및 민시 응급 의료소에서 수요를 받고 있는 상황으로 민명 피해는 더욱 늘어날 것으로 보입니다.
p38_u44,p38,ce2.0,피해를 입은 사상자들은 서울 각지 경험 및 임시 음급 의료소에서 치료를 받고 있는 상황으로 임명 피해는 더욱 늘어날 것으로 보입니다.
p38_u44,p38,ce5.0,피해를 입은 사상자들은 서울 각치 경원 및 민시 응급 의료소에서 치료를 받고 있는 상황으로 입명 피해는 더욱 늘어날 것으로 보입니다.
p38_u44,p38,ce10.0,피해를 입은 사상자들은 서울 각지 병원 및 인시 응급 의료소에서 치료를 받고 있는 상황으로 인명 피해는 더욱 늘어날 곳으로 보인다.
p38_u45,p38,taps,소방당국은 이태원에서 호흡 권라는 한자가 발생했다는 신고를 접수한 뒤 이날 오후 10시 22분쯤 현장에 도착했다고 밝혔다.
p38_u45,p38,ce0.0,소방상국은 이태원에서 호흡 권라는 한자가 발생했다는 싱구를 접수한 뒤 이날 오후 10시 22분쯤 현장에 도착했다고 말했다.
p38_u45,p38,ce0.1,소방당국은 이태원에서 4억 권란 환자가 발생했다는 승부를 접수한 뒤 이날 오후 10시 22분쯤 현장에 도착했다고 밝혔다.
p38_u45,p38,ce0.5,소방장국은 이태원에서 호흡 권란 환자가 발생했다는 신고를 접수한 뒤 이날 오후 12시 2분 등 현장에 보척했다고 밝혔다.
p38_u45,p38,ce1.0,소방당국은 미태원에서 호흡 권란 환자가 발생했다는 신고를 접수한 뒤 이날 오후 10시 22분쯤 선장에 도착했다고 밝혔다.
p38_u45,p38,ce2.0,소방장국은 이태원에서 폭골라는 한자가 발생했다는 신고를 접수한 뒤 이날 오후 10시 22분쯤 선장에 도착했다고 밝혔다.
p38_u45,p38,ce5.0,소방당국은 미태원에서 꼽꼴란 한자가 발생했다는 신고를 접수한 뒤 이날 오후 10시 22분쯤 현실장에 도착했다고 밝혔다.
p38_u45,p38,ce10.0,소방당국은 니태영원에서 호흡 권란 환자가 발생했다는 신고를 접수한 뒤 이날 오후 10시 22분쯤 현장에 도착했다고 밝혔다.
p38_u46,p38,taps,"최성희범 서울 용선 소방 소장은 1, 2, 3차 소색을 한 이 결과 특이 사항은 없었다 라고 밝혔다."
p38_u46,p38,ce0.0,"최성범 서울 용산 소방서장은 1, 2, 3, 4, 수색을 하니 결과 특이 사양은 없었다, 자고 발탈했다."
p38_u46,p38,ce0.1,"최성범 서울 용산 소방소장은 1, 2, 3차 수색을 한이 결과 특기상은 없었다 라고 밝혔다."
p38_u46,p38,ce0.5,"최성범 서울 용산 소방서장은 1, 2, 3차 수색을 한이 결과 특이 사용은 없었다 라고 밝혔다."
p38_u46,p38,ce1.0,"최성범 처음 용산 소방소장은 1, 2, 3차 시색을 한이 별과 특이 상은 없었다 라고 밝혔다."
p38_u46,p38,ce2.0,"최성호 범 서울 용산 소방서장은 1, 2, 3차 수색을 한이 결과 특기상은 없었다 라고 밝혔다."
p38_u46,p38,ce5.0,"최성범 서울 용산 소방서장은 1, 2, 3차 수색을 하니 결과 크기 상은 없었다 라고 밝혔다."
p38_u46,p38,ce10.0,"최성범 서울 용산 소방서장은 1, 2, 3차 수색을 한이 결과 특기상황은 없었다 라고 밝혔다."
p38_u47,p38,taps,"부성자와 사명자 대자 수가 클럽 지전에서 발생하면서 소방당국은 추가적으로 클럽 지전에서 3,4에 걸쳐 허색을 진행했다."
p38_u47,p38,ce0.0,무성자와 사망자 대자 수가 클럽 지전에서 발생하면서 소방당국은 추가적으로 클럽 지전에서 3차에 걸쳐 소색을 진행했다.
p38_u47,p38,ce0.1,"무성자와 사망자 대자 수가 클럽 지전에서 발생하면서 소방당국은 추가적으로 클럽 지전에서 3,4에 걸쳐 소색을 진행했다."
p38_u47,p38,ce0.5,"무성자와 사명자 대다수가 클럽 지분에서 발생하면서 소방당국을 추가적으로 클럽 지분에서 3,4월 초 수색을 진행했다."
p38_u47,p38,ce1.0,무성자와 사명자 대자 수가 클럽 주변에서 발생하면서 소방당국은 추가적으로 클럽 주변에서 3차이 걸쳐 소색을 진행했다.
p38_u47,p38,ce2.0,무성자 사명자 대다수가 클럽 지전에서 발생하면서 소방당국은 추가적으로 클럽 지전에서 3차의 걸쳐 소색을 진행했다.
p38_u47,p38,ce5.0,무성자와 사망자 대다수가 클럽 주변에서 발생하면서 소방당국을 추가적으로 클럽 주변에서 3차이 걸쳐 수색을 진행했다.
p38_u47,p38,ce10.0,"무성자와 사망자 대다수가 클럽 지변에서 발생하면서 소방당국은 추가적으로 클럽 지변에서 3,4이 걸쳐 수색을 진행했다."
p38_u48,p38,taps,최의 1000 용선이 경찰서 형사 과정은 마약 여부에 대해 확인된 바 없다고 말했다.
p38_u48,p38,ce0.0,최애 1000 용상이 경찰서 형사 과정은 마약 여부에 대해 확인된 바 없다고 말했다.
p38_u48,p38,ce0.1,최일천 용산이 경찰서 형사 과장은 마약 여부에 대해 살인된 바 없다고 말했다.
p38_u48,p38,ce0.5,최일탄 용산이 경찰서 형사 과장은 마약 여부에 대해 확인된 바 없다고 말했다.
p38_u48,p38,ce1.0,최일천 용산 경찰서 형사 과장은 마약 여부에 대해 합인된 바 없다고 말했다.
p38_u48,p38,ce2.0,최우유탄 용산경찰서 형사 과정은 마약 여부에 대해 확인된 바 없다고 말했다.
p38_u48,p38,ce5.0,최일천 용산이 경찰서 행사 과장은 마약 여부에 대해 확인된 바 없다고 말했다.
p38_u48,p38,ce10.0,최일천 용산 경찰서 형사 과장은 마약 여부에 대해 상인된 바 없다고 말했다.
p38_u49,p38,taps,소방당국은 29일 오후 10시 15분 최초로 사고 상황을 인지하고 오후 10시 38분 대응 1단계를 발령한 데 이어 오후 11시 50분 대응 3단계로 곽상했다
p38_u49,p38,ce0.0,소방장국은 29일 오후 10시 15분 최초로 사고 상황을 인지하고 오후 10시 38분 대응 1단계를 발령한 데 이어 오후 11시 50분 대응 3단계로 격상했다.
p38_u49,p38,ce0.1,"소방당구 분 29,5 후 10시 15분 최초로 사고 상황을 인지하고, 5 후 10시 38분 대응 1단계를 발령한 데 이어, 5 후 11시 50분 대응 3단계로 배투장했다."
p38_u49,p38,ce0.5,"소방당부분 29, 오후 10시 15분 최초로 사고 상황을 인지하고 오후 10시 38분 대응 1단계를 발령한 데 이어 오후 11시 50분 대응 3단계로 격상했다."
p38_u49,p38,ce1.0,"소방당 부분 29, 5 후 10시 15분 세초로 사고 상황을 인제하고 5 후 10시 38분 대응 1단계를 발령한 데 이어 5 후 11시 50분 대응 3단계로 격상했다."
p38_u49,p38,ce2.0,"소방당구 분 29, 5호 10시 15분 최초로 사고 상황을 인지하고 5호 10시 38분 대응 1단계를 발령한 데 이어 5호 11시 50분 대응 3단계로 격상했다."
p38_u49,p38,ce5.0,소방당국은 29일 오후 10시 15분 최초로 사고 상황을 인시하고 오후 10시 38분 대응 1단계를 발령한 데 이어 오후 11시 50분 대응 3단계로
p38_u49,p38,ce10.0,"소방당구 분 29, 오후 10시 15분 최초로 사고 상황을 인제하고 오후 10시 38분 대응 1단계를 발령한 데 이어 오후 11시 50분 대응 3단계로 오후 11시 50분 대응 1단계로"
p38_u50,p38,taps,그로벌 음원 스트리미 흘렷봉 14티파이에서 지날 1년간 한국 이용자가 가장 사랑한 아티스트는 그룹 방탄소년단이었다.
p38_u50,p38,ce0.0,그로벌 음원 스트린이 플랫봉 스포티파이에서 지날 1년간 한국 이용자가 가장 사랑한 아티스트는 그룹 당탄소년단이었다.
p38_u50,p38,ce0.1,글로벌 음원 스트리미 플랫범 슈퍼티파이에서 지난 1년간 한국 이용자가 가장 사랑한 아티스트는 드롭스 당탄소년단이었다.
p38_u50,p38,ce0.5,그로버는 음악 스트리미 플랫폼 스포티파이에서 지난 1년간 한국 이용자가 가장 사랑한 아티스트는 그룹 방탄소년단이었다.
p38_u50,p38,ce1.0,그로벌 음원 스트리밍 플랫범 스포티파이에서 지난 1년간 한국 이용자가 가장 사랑한 아티스트는 그룹 방탄소년 반이었다.
p38_u50,p38,ce2.0,글로벌 음원 스트리밍 플랫범 스포티파이에서 지난 1년간 상곡 이용자가 가장 사랑한 아티스트는 그룹 장탄소년단이었다.
p38_u50,p38,ce5.0,글로벌 음원 스트리밍 플랫폼 스포티파이에서 지날 1년간 한국 이용자가 가장 사랑한 아티스트는 그룹 방탄소년단이었다.
p38_u50,p38,ce10.0,글로벌 음원 스트리미 플랫범 스포티파이예서 지난 1년간 상곡 이용자가 가장 사랑한 아티스트는 그룹 정탄소년단이었다
p38_u51,p38,taps,시포티파이는 국내 론칭 1층을 맞아 지난해 2월 1일부터 이달 1일까지 최자 스트링이 아티스트 신의를 17일 발치했다.
p38_u51,p38,ce0.0,포티파이는 북매론층 1층을 맞아 지난해 2월 1일부터 2달 1일까지 최사스트리닝 아티스트 신의를 10시비 살치했다.
p38_u51,p38,ce0.1,스포티파이는 중레 론층 일출연을 맞아 지난해 2월 1일부터 2달 1일까지 최사 스트리밍 아티스트 순위를 17일 발표했다.
p38_u51,p38,ce0.5,스포티파이는 붕매 론칭 1층에 맞아 지난해 2월 1일부터 2달 1일까지 최다 스트링 아티스트 순위를 17일 발치했다.
p38_u51,p38,ce1.0,스포티파이는 국내론층 1층을 맞아 지난해 2월 1일부터 이달 1일까지 최다 스트링닝 아티스트 순위를 17일 발표했다.
p38_u51,p38,ce2.0,스포티 파인은 국내 논층 1주년을 맞아 지난해 2월 1일부터 유달 1일까지 최사 스트링 아티스트 순위를 17일 발치했다.
p38_u51,p38,ce5.0,스포티파인은 중매 론칭 1초연을 맞아 지난해 위월 1일부터 미달 1일까지 최다 스트레인 아티스트 순위를 17일 발표했다.
p38_u51,p38,ce10.0,포티파이는 북매 론칭 1주년을 맞아 지난해 6월 1일부터 미달 1일까지 최다 스트리밍 아티스트 순위를 17일 발표했다
p38_u52,p38,taps,"1인 DTS이예, 2인은 IU, 3인은 저스팅 기버, 사위, 아리아라 브랜드의 5E 캔들 등 였다."
p38_u52,p38,ce0.0,"1인 BTS의 위험, 2인은 IU, 3인은 Justin Bieber, 4위, 아리아나그란대, 5위, 2큰 늘중이었다."
p38_u52,p38,ce0.1,"1인 BTS의 이어 1인은 IU, 3인은 저스팅 비서, 차위, 아리아라그란대, 5위, 위큰, 뇌성이었다."
p38_u52,p38,ce0.5,1인 BTS 의여 1인은 IU 3인은 저스템 비버 4위 아리아나그란대 5위 미캔드 1인은 네의 1인은 또 새시면 좋습니다
p38_u52,p38,ce1.0,1인 BTS 의원 1인은 아이유 3인은 저스팅 비버 4위 아리아나그란대 5위 리캔드의 종이였다
p38_u52,p38,ce2.0,"1인 BTS의 의원, 2인은 IU, 3인은 Justin Bieber, 4위 아리아나그란대, 5위 위캔드 중이었다."
p38_u52,p38,ce5.0,"1인 BTS의 의원, 유인은 아이유, 3인은 저스텔 비건, 4위, 아리아나그란대, 5위, 미캔드, 분이었다."
p38_u52,p38,ce10.0,"1인 BTS의 의원, 유인은 아이유, 3인은 저스템 기버, 4위 아리아나그란대, 5위 위캔드의 중이었다."
p38_u53,p38,taps,1년간 한국 이용자가 가장 많이 돌은 곡은 BTS의 버터였다.
p38_u53,p38,ce0.0,1년간 한국 이용자가 가장 많이 돌은 곡은 BTS의 버터였다.
p38_u53,p38,ce0.1,1년간 한국 이용자가 가장 많이 들은 곡은 BTS의 버터였다.
p38_u53,p38,ce0.5,1년간 한국 유용자가 가장 많이 들은 곡은 BTS의 버터였다.
p38_u53,p38,ce1.0,1년간 한국위용자가 가장 많이 들은 곡은 GTS의 버터였다.
p38_u53,p38,ce2.0,1년간 한국위용자가 가장 많이 들은 곡은 GTS의 버터였다.
p38_u53,p38,ce5.0,1년간 한급위용자가 가장 많이 들은 곡은 BTS의 버터였다.
p38_u53,p38,ce10.0,1년간 한국 유용자가 가장 많이 들은 곡은 BTS의 버터였다.
p38_u54,p38,taps,혈화스트리닝 음악 톡 팬 안에 BTS 곡은 다 석제나 이름을 올렸다.
p38_u54,p38,ce0.0,헤라 스트리밍 음원 톡 텐 안에 ITS 곡을 5개나 이름을 올렸다.
p38_u54,p38,ce0.1,최자스트리닝 음악 톡 텐 안에 VTS 곡은 다섯 개나 이름을 올렸다.
p38_u54,p38,ce0.5,체라 스트리밍 음원 톡 펜 안에 위치했을 곡을 5개나 이름을 올렸다.
p38_u54,p38,ce1.0,채널 스트리밍 음원 톡 텐 안에 BTS 곡을 5개나 이름을 올렸다.
p38_u54,p38,ce2.0,최다 스트리밍을 원톱 텐 안에 VTS곡을 5개나 이름을 올렸다.
p38_u54,p38,ce5.0,최다 스트리밍 음원 톡 텐 안에 BTS 곡은 다섯 개나 이름을 올렸다.
p38_u54,p38,ce10.0,최다 스트리밍 음원 톱 텐 안에 비틸 수곡을 5개나 입으면 올렸다
p38_u55,p38,taps,버터 뿐만 아니라 터미션트 댄스가 2위를 다이나마이크가 5위를 차지했다.
p38_u55,p38,ce0.0,버터 뿐만 아니라 토마이전트 댄스가 2위를 다이나마이트가 5위를 차지했다.
p38_u55,p38,ce0.1,더 터뿐만 아니라 터미션트 댈스가 미위를 다이나마이트가 5위를 차지했다.
p38_u55,p38,ce0.5,버터뿐만 아니라 포미션트 댄스가 유일을 다이나마이프가 오일을 차지했다.
p38_u55,p38,ce1.0,더 터뿐만 아니라 터미션트 댄스가 위위를 다이나마이트가 오위를 차지했다.
p38_u55,p38,ce2.0,더 퍼뿐만 아니라 퍼미션트 댄스가 유일을 다이나마이트가 오이를 차지했다.
p38_u55,p38,ce5.0,버터 뿐만 아니라 포미션트 댄스가 유일을 다이나마이트가 오일을 차지했다.
p38_u55,p38,ce10.0,버터 뿐만 아니라 포미션트 댄스가 위기를 다이나마이프가 오위를 차지했다.
p38_u56,p38,taps,"체계자금 녹뎀드, 콜드 플레이어 해보판 마이니버스는 해보이 라이소 고주온을 7C에 이름을 해올렸다."
p38_u56,p38,ce0.0,체계재근 녹된 듯 콜드 플레이어 협업한 My Universe를 부위치 라이소고 지원을 시지의 이름을 올렸다
p38_u56,p38,ce0.1,"체계적인 녹밴드, 콜드 플레이어 해법한 My Universe는 후위치 Slides of Oz-1을 CTA 이름을 올렸다"
p38_u56,p38,ce0.5,"세계적인 녹밴드, 홀드 플레이어 해법한 My Universe는 의군이 라이석호즈 원을 CG의 이름을 올렸다."
p38_u56,p38,ce1.0,"세계적인 녹밴드, 콜드 플레이어 해법한 마이 유니버스는 해구위 라이프 고주원은 10BA 이름을 올렸다"
p38_u56,p38,ce2.0,"최계재근 녹갠들, 콜드 플레이어 해보판 마이 유니버스는 고위 라이석호 지원은 CBA 이름을 올렸다"
p38_u56,p38,ce5.0,세계적인 녹밴드 폴드 플레이어 해보판 마일니버스는 후위 나의 속옷이 오늘 칩 B.A. 이름을 올렸다
p38_u56,p38,ce10.0,"체계적인 녹밴들, 콜드 플레이어 해법한 마이 유니버스는 효과위, 라이소고즈 원을 치지해 이름을 올렸다."
p38_u57,p38,taps,같은 기간 최절 스프링한 앨범은 저스팅기버의 6번째 정규 앨범 저스티치였다.
p38_u57,p38,ce0.0,같은 기간 최절 스트레이닝한 앨범은 저스팅기 보에 6번째 정규 앨범 저스티치였다.
p38_u57,p38,ce0.1,같은 기간 최잘 스트레이닝한 앨범은 저스튱 비버의 여섯 번째 정규 앨범 저스틱 지였다.
p38_u57,p38,ce0.5,"같은 기간 최단스트리닝한 앨범은 더스팅 기보에 6번째 정규 앨범, 더스티스 이었다."
p38_u57,p38,ce1.0,같은 기간 최다 스트링한 앨범은 더스팅 비포의 6번째 정규 앨범 더스티치였다.
p38_u57,p38,ce2.0,같은 기간 최자스프닝한 앨범은 저스팅 비버의 여섯 번째 정규 앨범 저스틱이었다.
p38_u57,p38,ce5.0,같은 기간 최다 스트링한 앨범은 더스팅 비버의 여섯 번째 정규앨범 더스틱이었다.
p38_u57,p38,ce10.0,"같은 기간 최자스트리닝한 앨범은 저스팅 비버의 6번째 종교 앨범, 저스틱이었다."
p38_u58,p38,taps,이는 DTS의 맵 오브 더 서울 떵을 탐인은 DTS의 비였다.
p38_u58,p38,ce0.0,2는 BTS의 맥 오브 더 서울 떼 분 3인은 BTS의 비이었다.
p38_u58,p38,ce0.1,2는 VTS의 맵 오브러 서울 7 3인은 VTS의 귀엽다
p38_u58,p38,ce0.5,2는 BTS의 맵 오브 더 서울 7 3인은 BTS의 귀엽다
p38_u58,p38,ce1.0,2는 DTS의 맵 오브 더 서울 7 3인은 DTS의 비혈과
p38_u58,p38,ce2.0,"2는 BTS의 맵 거부절 더울 7, 3인은 BTS의 귀엽다."
p38_u58,p38,ce5.0,2는 BTS의 맵 오브 덜 더울 7 3인은 BTS의 귀엽다
p38_u58,p38,ce10.0,2는 BTS의 맵 거부다서울 세븐 3인은 BTS의 귀엽다
p38_u59,p38,taps,12역시 DTSC의 EU NEVER어필 언론이 차지했다.
p38_u59,p38,ce0.0,12역시 BTS의 UNEVER ARCUE 언론이 차지했다.
p38_u59,p38,ce0.1,12역시 BTSC의 UNEVER어필 언론이 차지했다.
p38_u59,p38,ce0.5,12역시 BTS의 유니버크 언론이 찾았다.
p38_u59,p38,ce1.0,12역시 VTSC의 UNEVERWALKER 언론이 차지했다.
p38_u59,p38,ce2.0,cb 없이 bts의 u-never walkie-all-on이 차지했다
p38_u59,p38,ce5.0,10역시 BTS의 유니버크 언론이 찾았다.
p38_u59,p38,ce10.0,12역시 VTSG의 위원회버 워크얼론이 찾았다.
p38_u60,p38,taps,금북 경주시는 2020이 화라고 대기 전국 택건도 대회가 청왕위에 막을 내렸다고 밝혔다.
p38_u60,p38,ce0.0,승복 경주 씨는 2020이 화라고 되기 전국 태권도 대회가 성황위에 막을 내렸다고 밝혔다.
p38_u60,p38,ce0.1,정복 경주 씨는 2020이 화라고 데뷔 전국 택건도 대회가 성황을 위해 막을 내렸다고 하셨다.
p38_u60,p38,ce0.5,경북 경지 씨는 2020이 화라고 되기 전국 택건도 대회가 성황을 위해 막을 내렸다고 밝혔다.
p38_u60,p38,ce1.0,경북 경두시는 미천이 12활하고 되기 전국 택골로 대회가 청왕위에 막을 내렸다고 밝혔다.
p38_u60,p38,ce2.0,경북 경주시는 미천이집이 활항어 대기 정북 택건도 대회가 성황을 위해 막을 내렸다고 밝혔다.
p38_u60,p38,ce5.0,경북 경주 씨는 미천이씨이 화랑 대기 전국 핵권도 되어가 청왕위에 막을 내렸다고 밝혔다.
p38_u60,p38,ce10.0,"경북 경제시는 위천히 시비, 화랑, 격이, 전국, 패건로 대회가 성황 의해 막을 내렸다고 밝혔다."
p38_u61,p38,taps,경주시 태권도여태가 주최에 지난 11과 11일 이틀간 경주실래첼과를 부열린 이번 대회는 전국에서 이튼 산대현명의 선수들이 정거했다.
p38_u61,p38,ce0.0,"경주시 택건더 여태가 지체에 지난 11과 11일, 입틀간 경주실래층과를 열린 이번 대회는 전국에서 2300명의 선수단이 정도였다."
p38_u61,p38,ce0.1,"정중 씨 태권도 여태가 주최에 지난 11과 11일, 미틀간 정수실래체육관에서 열린 이번 대회는 정국에서 2,300명의 성수단이 참가했다."
p38_u61,p38,ce0.5,"경두시 태권도 여태가 주최에 지난 11과 12제일, 미틀간 경수실래치협관에서 열린 이번 대회에는 정국에서 2300명의 선수단이 참가했다."
p38_u61,p38,ce1.0,경두시 첫 권도 여태가 수치해 지난 11과 11일 위툘간 경두 신래칭을 가르쳐 열린 이번 대회는 전국에서 2툰 산 대변 명의 선수단이 참가했다.
p38_u61,p38,ce2.0,"경주시 첫 건더 옆에가 주최, 지난 11과 11일, 윗퇴간 경주실래치효과는 열린 이번 대회는 정국에서 2,300명의 선수전이 참가했다."
p38_u61,p38,ce5.0,"경수시 택건대협회가 주최에 지난 11과 11을 미툘간 경수 실내치욕관은 열린 이번 대회는 정국에서 2,300명의 선수단이 청가했다."
p38_u61,p38,ce10.0,경북시 택건배협회가 주최에 지난 11과 11일 미틀간 경북시 실내치협관에서 열린 이번 대회에는 경북에서 2300명의 선부단이 청가했다.
p38_u62,p38,taps,대상가자들은 예선 조별 리프와 곤선 테마 원치를 겪으며 그동안 갈고작금 기병을 마음껏 선보였다.
p38_u62,p38,ce0.0,대상가자들은 예선 소별 리브와 곤선 테마 원츠를 거치며 그동안 갈고작근 기댕을 마음껏 선보였다.
p38_u62,p38,ce0.1,대상가자들은 예선 조별 리주와 본선 테마먼스를 겪으며 그동안 갈고작금 주병에 마음껏 참 부였다.
p38_u62,p38,ce0.5,대상가자들은 예선 조별 리그와 본선 토너먼트를 겪으며 그동안 갈고작근 기념을 마음과 선보였다.
p38_u62,p38,ce1.0,대상가자들은 예선 조별 리프와 본선 터마 원츠를 겪으며 그동안 갈고작금 기량을 마음과 선보였다.
p38_u62,p38,ce2.0,대회사모가자들은 예선 조별 리프와 권선 터마원트를 벗으며 그동안 갈고자 끈 기념을 마음과 선보였다.
p38_u62,p38,ce5.0,대상가자들은 예선 조별유구와 본선 흔한 원퇴을 겪으며 그동안 갈고다금 기량을 마음과 선보였다
p38_u62,p38,ce10.0,대상가자들은 예선 소별 리프와 본선 3만 원투를 거치며 그동안 갈고다 끈 기량을 마음과 선보였다.
p38_u63,p38,taps,계획 결과 폼재에서는 국가대표 3개의 택권도장 폼재에서는 폴길잡이 택권도장 거루기에서는 대고 긴만일이 택권스구리 각각 종합우승을 차지했다
p38_u63,p38,ce0.0,"대회 결과, 폰제에서는 국가대표 세계의 택건도장, 폰제에서는 폴길 자리 택건도장, 더르기에서는 대국 긴만의 유 택건스골이 각각 종합우승을 차지했다."
p38_u63,p38,ce0.1,대회 결과 폼세에서는 국가대표 3개의 택건도장 폼세에서는 솔실 자지 택건도장 절우기에서는 대국 긴만의 유탑관스쿨이 각각 종합우승을 사시했다
p38_u63,p38,ce0.5,대회 결과 폼재에서는 국가대표 3개의 택건보장 폼재에서는 소길잡이 택건보장 더르기에서는 대국 긴만희료 택건수구리 각각 정화 부승을 차지했다.
p38_u63,p38,ce1.0,대회 결과 폼세에서는 국가대표 3개의 택건보장 폼세에서는 소를 필잡이 택건보장 겨울 비에서는 대구 긴만히기 택건수구리 각각 정화 부승을 차지했다.
p38_u63,p38,ce2.0,대회 결과 폼세에서는 국가 대표 세계 첫 권도장 폼세에서는 소를 필잡이 첫 권도장 겨우기에서는 대구 김만희교 첫 권습고리 각각 종합 부승을 차지했다
p38_u63,p38,ce5.0,"대결과 홈페에서는 국가대표 3개의 책건도장, 홈페에서는 솔길잡이 책건도장, 겨우기에서는 대구 긴만익을 찾고 한 숟구리 각각 종합"
p38_u63,p38,ce10.0,계획 결과 폼세에서는 국가대표 세계 책건도장 폼세에서는 손길잡이 책건도장 결우기에서는 대고 긴만규 책관 스크리 각각 종합 우승을 차지했다.
p38_u64,p38,taps,올해 제외에는 해계 각지에서 온 외국의 행수질도 다수찬려해 주목을 끝없다.
p38_u64,p38,ce0.0,올해 제외에는 해결 박시에서 온 외국인 현수들도 다수찬례의 주목을 끝봤다.
p38_u64,p38,ce0.1,올해 제외에는 세계 각시에서 온 외국인 현수들도 다수찬녀의 주목을 끌었다.
p38_u64,p38,ce0.5,올해 재외에는 폐쇄 박비에서 온 외국인 선수들도 5탄을 여해 주목을 끌었다.
p38_u64,p38,ce1.0,올해 제외에는 세계 반대에서 온 외국인 선수들도 가수차는 여해 주목할 것 같다.
p38_u64,p38,ce2.0,올해 대외에는 해결각디에 좋은 외국인 선수들도 5천녀의 주목을 끌었다.
p38_u64,p38,ce5.0,올해 대회는 세계 박지에 좋은 외국인 현수들도 가수찰려해 주목을 끄다
p38_u64,p38,ce10.0,올해 대회에는 세계 박지에서 온 외국인 형소들도 5차를 내내 주목을 끌었다.
p38_u65,p38,taps,또 대기물 선수단이 정운지를 방문하면서 지액의 숙박업조와 식상누구이 대안의 택수를 누리며 지역정세 활성화에도 큰 도움이했다.
p38_u65,p38,ce0.0,또 대짐을 선수다니 병원주를 방문하면서 지역의 숙박업조와 식장 등요의 대안이 섭수를 누르면 지역정제 활성화에도 큰 도움이 됐다.
p38_u65,p38,ce0.1,또 대귀물 선수단이 경운지를 방문하면서 주역의 숙박업소와 식상 등의 대한리 턱스를 누리며 지역성재 활성화에도 순 도움이 됐다.
p38_u65,p38,ce0.5,또 대규모 선수단이 병주를 방문하면서 지역의 숙박업도와 식당 등이 대안인 특수를 누르면 지역 경제 활성화에도 큰 도움이 됐다.
p38_u65,p38,ce1.0,또 대비물 선수단이 병주를 방문하면서 기억에 숙박업소와 식당 등이 대한민국 척수를 누리며 지역 경제 활성화에도 큰 도움이 됐다.
p38_u65,p38,ce2.0,또 격임을 선수다니 병원을 방문하면서 지역의 숙방업소와 식당 등을 때 한일 척수를 누비며 지역병세 활성화에도 큰 도움이 됐다.
p38_u65,p38,ce5.0,또 대규모 선수단이 경주를 방원하면서 기억에 숙박업소와 식당 등이 대한민국 특수를 누르면 지역병회 활성화에도 큰 도움이 됐다.
p38_u65,p38,ce10.0,또 대규문 성수단이 병원을 방원하면서 지역의 숙방업소와 식당 등이 대안인 특수를 누르면 지역병회 활성화에도 순 도움이 됐다.
p38_u66,p38,taps,비모진 경우주시 부우시자는 화랑색이 전국 패건도 대회가 전국을 대피하는 색건도 대회로 구입 명성을 이어가게 바란다고 맞다.
p38_u66,p38,ce0.0,기모징 정우주실 비우시장은 화랑색이 전국 패건도 대회가 정극을 대표하는 색건도 대회로 그 명성을 이어가게 바란다고 맞았다.
p38_u66,p38,ce0.1,김오징 경우드 시 부우시장은 화랑색이 정국 택건도 대회가 정급을 대표하는 택건도 대회로 그 명성을 이어가게 바란다고 맞다.
p38_u66,p38,ce0.5,김호진 경주시 부시장은 파란색이 전국 탁건도 대회가 경국을 곁해하는 탁건도 대회로 그 명성을 이어가길 바란다고 맞다.
p38_u66,p38,ce1.0,규모진 경주시 붕시장은 파랑색이 정국 태권도 대회가 경북을 대표하는 사건도 대회로 그 명성을 이어가길 바란다고 맞았다.
p38_u66,p38,ce2.0,김호진 경우주시 부우시장은 파란색이 전국 택건도 대회가 전국을 적혀가는 택건도 대회로 그 명성을 이어가길 바란다고 맞다.
p38_u66,p38,ce5.0,김호진 경우주시 부우시장은 화랑대위 정국 택건로 대회가 경국을 겪혀하는 핵건도 대회로 그 명성을 미역학을 바란다고 맞다.
p38_u66,p38,ce10.0,김호진 경우주시 부으시장은 파랑색이 전국 택건도 더해가나 전국을 재표하는 택건도 더해로 그 명성을 위혁하게 자란다고 맞다.
p38_u67,p38,taps,조혜락 정주시 퇴권도 혁혁은 화랑되기 전국 퇴권도 대회가 퇴권도의 발전의 이발지하도록 노력하겠다고 강조했다.
p38_u67,p38,ce0.0,조희락 정주시 태권도 협회장은 파랑대기 전국 태권도 대회가 태권도의 발전의 이발시하도록 노력하겠다고 강조했다.
p38_u67,p38,ce0.1,조혜락 정주시 첫 권도 협회장은 파랑되기 전국 첫 권도 대회가 첫 권도의 발전의 이바시하도록 노력하겠다고 강조했다.
p38_u67,p38,ce0.5,"조혜락 병주시 첫 건도협회당은 파랑 대기, 경국 첫 건도 대회가 첫 건도의 발전의 이바지않으로 노력하겠다고 강조했다."
p38_u67,p38,ce1.0,"조희락 정주시 툭건도 혁혁해당은 화랑대기, 정국혁건도 대회가 툭건도의 발전의 이바시아도록 노력하겠다고 강조했다."
p38_u67,p38,ce2.0,조혜락 경주시 첫 건도협회장은 파랑대기 경국 첫 건도대회가 첫 건도의 발전의 이받이하도록 노력하겠다고 강조했다.
p38_u67,p38,ce5.0,조혜락 경주시 첫 건도 혁혈병은 화랑대기 경국 첫 건도 대회가 첫 건도의 발전의 리바지하도록 하겠다고 강조했다.
p38_u67,p38,ce10.0,조혜락 경주시 택건도협회장은 파랑대기 경국 택건도 대회가 택건도의 발전의 위반세하도록 요렇게 하겠다고 강조했다.
p38_u68,p38,taps,상급 자장의 관리공사가 국린으로부터 지제 결선을 요청받는 지제 정비 요청대를 도입한다.
p38_u68,p38,ce0.0,상급 자장의 갈리공사가 국민으로부터 지제 결선을 요청받는 지제 정비 요청대를 도입한다.
p38_u68,p38,ce0.1,한국 자장을 달리 공사가 종민으로부터 주제 결선을 요청받는 주제 정비 요청대를 더입한다.
p38_u68,p38,ce0.5,한국 자장 관리공사가 분민으로부터 주제 결선을 요청받는 주제 정비 요청대를 더입한다.
p38_u68,p38,ce1.0,한국 자장 관리공사가 국민으로부터 길제 결선을 요청받는 길제 정비 요청대를 도입한다.
p38_u68,p38,ce2.0,상급 자장 갈류공사가 국민으로부터 귀세 결선을 요청받는 규제 장비 요청대를 더입한다.
p38_u68,p38,ce5.0,한국 가상관리 공사가 북민으로부터 규제 결선을 요청받는 규제 장비 요청대를 도입한다.
p38_u68,p38,ce10.0,상국 자산을 관리공사가 북민으로부터 규제 교선을 요청받는 규제 정비 요청대를 도입한다.
p38_u69,p38,taps,케이코는 22일 2022년 1차 내기의 주제 확신위원회를 여었다고 밝혔다.
p38_u69,p38,ce0.0,켠코는 22일 2022년 1차 4기후 주제 혁신 2연회를 여었다고 밝혔다.
p38_u69,p38,ce0.1,탱콘은 22일 2022년 1차 제기후 부죄 석시의 인연회를 여었다고 밝혔다.
p38_u69,p38,ce0.5,탱콘은 22일 2022년 1차 4균 규대 확신 2년 회를 열었다고 밝혔다.
p38_u69,p38,ce1.0,캠콘은 22일 2022년 1차 내기의 규제 혁신 인연회를 열었다고 반켰다.
p38_u69,p38,ce2.0,칭콘은 22일 2022년 1차 내규 규제 혁신 인연회를 열었다고 본 겠다.
p38_u69,p38,ce5.0,"캔콘은 22일, 2022년 1차, 내비오 규대, 학실위원회를 여었다고 분켰다."
p38_u69,p38,ce10.0,캠코는 22일 2022년 1차 내비우 규제 혁신 2년 회를 여었다고 분켰다.
p38_u70,p38,taps,이혼에는 브란리아의 기재를 개선하고 국민에게 브리톤을 끼칠 수 있는 요소를 바이고히 해소하는 등 실성 있는 이 기대혁신 방안을 검토 신의하기 위해 2020년 발톡됐다.
p38_u70,p38,ce0.0,위원회는 브라블리아의 기재를 개선하고 국민에게 브리터넬 지체 수 있는 요소를 발구입 해선하는 등 실성인 내의 지제혁신 방안을 덤또 신의하기 위해 2020년 발톱됐다.
p38_u70,p38,ce0.1,유연에는 브란리아의 기대를 개선하고 동미네가 불턴을 끼칠 수 있는 여소들을 바이고히 해석하는 등 추회성 있는 기대혁신 방화는 검토 신의하기에 2020 중년 발적됐다.
p38_u70,p38,ce0.5,위원회는 브란리안 기재를 개선하고 국민에게 불전을 삐칠 수 있는 요소를 발굴 활성하는 등 수요성 있는 기재혁신 방안은 검토 신의하기 위해 2020년 발적됐다.
p38_u70,p38,ce1.0,위원회는 보란리아의 기대를 개선하고 국민에게 불털 끼칠 수 있는 요소들을 가을골 해송하는 등 수여성 있는 기대협신 방안을 검토심의하기 위해 2020년 발척됐다.
p38_u70,p38,ce2.0,위원회는 브란리안 기대를 개선하고 국민에게 불편을 끼칠 수 있는 요소들을 바일고를 훼성하는 등 수여성 있는 기대혁신 방안을 검토 시리하기 위해 2020년 발적됐다.
p38_u70,p38,ce5.0,유연에는 보란리아의 기대를 계속하고 국민에게 불전할 피첼 수 있는 요소들을 발굴해서 하는 등 휘성 인내에 기대협센 방안을 덤똥 시의하기 위해 2020년 발톱됐다.
p38_u70,p38,ce10.0,위원회는 브란리한 기대를 개선하고 국민에게 불턴을 끼칠 수 있는 요소들을 발굴 해송하는 등 수여성 있는 기대혁센 방안을 덤또 승리하기 위해 2020년 발쪽됐다.
p38_u71,p38,taps,이번 이혼에서는 국린 누구나 태혁호 4기지용 잘못되거나 구이티려한 기제의 계소를 요청할 수 있는 기제 정리 요청대로 신설하기로 했다.
p38_u71,p38,ce0.0,이번 이어 내에서는 국린 누구나 캠코어 재질증 잘못되거나 글치료항의 질제의 개선을 요청할 수 있는 질제 정의의 요청제를 신설하기로 했다.
p38_u71,p38,ce0.1,이번 일어내에서는 봉민 누구나 카이아코어 4기지용 잘못되거나 V7한 규제의 개선을 요청할 수 있는 규제 정의미 요청제를 신설하기로 했다.
p38_u71,p38,ce0.5,이건 이현에서는 국민 누구나 케마커 4기 명 잘못되거나 불치료한 교서를 요청할 수 있는 유죄 정리 요청대로 신설아 그랬다.
p38_u71,p38,ce1.0,이번 이혼에서는 공인 누구나 카드커버 4GB용 잘못되거나 굳히베한 굳의 개선을 요청할 수 있는 굳의 정비 요청대로 신설하기로 했다.
p38_u71,p38,ce2.0,이번 이완에서는 국민 누구나 카마커버에 기둥 잘못되거나 글치배한 교체의 개선을 요청할 수 있는 지유재 정의미 요청대를 신설하기로 했다.
p38_u71,p38,ce5.0,이번 이완에서는 국민 누구나 캠코어 4기 중 잘못되거나 불치배한 규제의 개선을 요청할 수 있는 규제 정비 요청대를 실설하기로 했다.
p38_u71,p38,ce10.0,이번 의원에서는 국민 누구나 캠코어 4규둥 잘못되거나 불티병은 규제의 교선을 요청할 수 있는 규제 정민 요청대를 신선을 학교됐다.
p38_u72,p38,taps,캔코는 국민 요청 상황에 대해 불티루한 규제 여부 신사 후 업무 교선생의 조치를 취할 방치입니다.
p38_u72,p38,ce0.0,캔콘은 국민 요청사항에 뺀의 불티로아의 지제 여부 신사 후 업무 변선생의 조치를 치할 당치입니다.
p38_u72,p38,ce0.1,캠코는 북민 요청 상황에 대해 불티루한 주제 여부 심사 후 업무 계산 등의 조치를 취할 당치입니다.
p38_u72,p38,ce0.5,캠코는 공림 요청 상황에 대해 불티로한 굳이 여부실 다우 업무 교선 등의 조치를 취할 방치입니다.
p38_u72,p38,ce1.0,캠코는 국민 요청 상황에 대해 불티루한 규대 여부 신사 후 업무 개선생의 도티를 취할 방치입니다.
p38_u72,p38,ce2.0,캠코는 국민 요청상에 대해 불티루한 규제 여부 신사고 업무 교선 등의 조티를 취할 방치입니다.
p38_u72,p38,ce5.0,탱코는 국민 요청사항에 대해 불티로한 규제 여부 신사 후 업무 교산 등의 조치를 취할 방치입니다.
p38_u72,p38,ce10.0,탱코는 국민 요청상에 대해 불티를 한 교대 여부실사 후 업무 교산생의 조치를 취할 방치입니다.
p38_u73,p38,taps,제도는 올해 하반 위치행 1등이며 테니콩 테이지에서 유청상의 법수법을 예정이다.
p38_u73,p38,ce0.0,제도는 올해 하사협이 시행 일정이예요. 탱폼 테이지에서 유청상의 접수버제 일정이다.
p38_u73,p38,ce0.1,제조는 올해 하발협이 시행 예정이며 테레톤 페이지에서 유청상의 접수법을 예정이다.
p38_u73,p38,ce0.5,제도는 올해 하반의 시행 일정이예요. 탱폼테이지에서 유청상을 접스 받을 예정이다.
p38_u73,p38,ce1.0,제도는 올해 하방BC행 예정이요. 탱콤 테이지에서 유청상의 접수받을 예정이다.
p38_u73,p38,ce2.0,제도는 올해 하반 이시행 예정이요. 탱콤 페이지에서 요청상의 접수받을 예정입니다.
p38_u73,p38,ce5.0,"제도는 올해 하반기 시행 예정이요, 캠폼 페이지에서 요청상을 접수받을 예정입니다."
p38_u73,p38,ce10.0,제도는 올해 하반기 시행 예정이며 캠콤 페이지에서 유청상화 접수받을 예정입니다.
p38_u74,p38,taps,또 케이퍼는 국민이 10필이야고 활용할 수 있도록 전세 사업 부문에 민원 업무 신성 서등 서식 사치 리계를 일과할 정리기하기로 했다.
p38_u74,p38,ce0.0,또 케이퍼는 국민이 10필이야고 활용할 수 있도록 전세 사업 부문에 민원 업무 실성소 등 첫식 42개를 일골 정리기하기로 했자
p38_u74,p38,ce0.1,또 생각보는 북민이 시킬이야고 활용할 수 있도록 전세 사악 부문에 인원 업무 신성 서등 사색 42개를 일골 정기하기로 했죠
p38_u74,p38,ce0.5,"또 생선은 국민이 십비하고 활용할 수 있도록 전체 사업 부분에 민원 업무 신청서 등 4,412개를 일괄 정리하기로 했다."
p38_u74,p38,ce1.0,또 K-PON은 국민이 씹히게 하고 활용할 수 있도록 전세 사업 부문에 위난 업무 신청서 등 사실 40위기를 일반 정기하기로 했다.
p38_u74,p38,ce2.0,또 평소는 국민이 10비하고 활용할 수 있도록 전체 사업 부문에 이난 업무 신청서 등 4040이 개를 일골 정기하기로 했다.
p38_u74,p38,ce5.0,또 캠코는 국민이 10배에 하고 활용할 수 있도록 전세 사업 부문에 위난 업무 실청 서등 자식 42개를 밀갈 정비하기로 합시다.
p38_u74,p38,ce10.0,또 횡소는 국민의 10회의와 소 활용할 수 있도록 전세상업부문의 위난 업무 신청서 등 4세 4시 비교를 밀갈 정비하기로 했다.
p38_u75,p38,taps,국린이 서로 제스트를 던개해서 업무 처리 및 이재기 결차 신청이래계에 이리한 제도 및 이재항 등을 미리할 수 있도록 돕기위해선다
p38_u75,p38,ce0.0,국민이 서로 제스를 던개해서 업무 처리 및 이재기 결차 신청이 내재에 유리한 제도 및 유의상 등을 미리할 수 있도록 법기위해선다
p38_u75,p38,ce0.1,중민이 서로 제스트을 던개해서 업무 처리 및 유의색이 결차 신청인에게 유리한 제도 및 유의사항 등을 미리할 수 있도록 도프피위해선다
p38_u75,p38,ce0.5,국민이 서로 재출 전계에서 업무 처리 및 유의재기 결차 흔청인에게 유리한 제도 및 유의상 등을 유리할 수 있도록 돕기위해선다
p38_u75,p38,ce1.0,국민의 서류세출 단계에서 업무 처리 및 유의색이 결차 흔청님에게 미리한 제도 및 유의사항 등을 미리할 수 있도록 돕기위해선다
p38_u75,p38,ce2.0,중인의 서류제출 당계에서 업무 처리 및 유의제기설차 신청인에게 유리한 제도 및 유의사항 등을 유리할 수 있도록 곱비위해선다
p38_u75,p38,ce5.0,국민의 서류자출 당계에서 업무 처리 및 유의재기 설차 신청이 맥에 미리한 제도 및 유의사항 등을 미리할 수 있도록 돕기위해선다
p38_u75,p38,ce10.0,"국민의 서른대출 던개에서 업무 처리 및 이미재기 결차, 신청인에게 유리한 제도 및 유의상황 등을 미래할 수 있도록 돕시위해선다."
p38_u76,p38,taps,케이콘은 이번 이어 내에서 올해 3월 더 있던 기제 영영사과 전담제 운영상가를 공유해야 겠다.
p38_u76,p38,ce0.0,캔콘은 이번 이어 내에서 올해 3월 도입한 지재 영영상과 전담제 운영상쌀을 공위해 기부했다.
p38_u76,p38,ce0.1,큰 코는 이번 이어 내에서 올해 3월 도입한 GD 영영상과 전담제 운영상사를 봉리하기도 했다
p38_u76,p38,ce0.5,탱코는 이번 2연에에서 올해 3월 도입한 규제 영영 상가 전담제 운영 상가를 공유하고 있었다
p38_u76,p38,ce1.0,탱콘은 1번 인연에서 올해 3월 조입한 시대 영영상가선단제 운영상가를 공료비고했다.
p38_u76,p38,ce2.0,캠코는 이번 위원회에서 올해 3월 조입한 기대 영영상가 전담제 운영상가를 공유한 기소했다.
p38_u76,p38,ce5.0,캔코는 밀번위원회에서 올해 3월 도입한 시대 영형형가 전단제 운영형가를 공유해야 비수했다.
p38_u76,p38,ce10.0,캠코는 이번 위원회에서 올해 3월 조입한 귀대영원 성과 전단제 운영 성과를 공유한 기술했다.
p38_u77,p38,taps,"전담제는 내기 신사와 질태 영황 평가를 분리하는 동안으로 기존 동일시곤의 신상의 평가, 동시, 수행에 따른 질제 신사 약화백을 개선한 세부다."
p38_u77,p38,ce0.0,"전담제는 내지 신사와 질태영한 평가를 뷔하는 동안으로 지전 동일시곤의 신상의 평가, 동시, 수행에 따른 지제 신사 약화뷰를 개선한 제부다."
p38_u77,p38,ce0.1,"전담제는 내기심사와 질제 영웅 평가를 분리하는 당황으로 기존 동일 직원의 신상의 평가, 동시, 수행에 따른 주제 실사 약하듯을 재선한 제보자"
p38_u77,p38,ce0.5,"전담제는 매주 신사와 주제 영원 평가를 분리하는 방관으로 기존 동일시건에 신상이 평가, 동시, 수행에 따른 주제 신사 약하되고 계산한 제도다."
p38_u77,p38,ce1.0,"전담제는 내기 신사와 질퇴 영응 평가를 분리하는 상황으로 지전 동일시곤의 신상의 평가, 동시, 수행에 따른 질퇴 신사 약화력을 개선한 제보다"
p38_u77,p38,ce2.0,전담제는 4G 심사와 듀제 영향가를 분리하는 방안으로 비전 동일시건에 심사의 평화가 동시 수행했다는 듀제 심사 약화력을 개선한 세로다.
p38_u77,p38,ce5.0,"전단되는 내기심사와 규제 영형 평가를 분리하는 당황으로 기존 동일시건에 심상의 평가, 동시 수행에 따른 규제 심사 약화등을 개선한 셀프다."
p38_u77,p38,ce10.0,"전담제는 내기심사와 규대 영웅 정가를 분리하는 상황으로 기존 동일 직원의 심장이 평가, 동시, 수행에 따른 규대 심사 약화 등을 교선한 제도다."
p38_u78,p38,taps,우선 씨는 8월부터 상습 고질적인 최악 차량에 래한 번호팔 영웅치 단속을 진행한다고 구을 걸켰다.
p38_u78,p38,ce0.0,우설 씨는 8월부터 상현습 고질적인 체력 차량에 대한 번호팔 여움치 단속을 진행한다고 구을 발탔다.
p38_u78,p38,ce0.1,우선 씨는 8월부터 상연습 고질적인 체력 차량에 대한 번호팔 영웅치 단속을 진행한다고 구입할 겠다.
p38_u78,p38,ce0.5,"의선 씨는 8월부터 상습 고질적인 세낮 차량에 뵙은 8, 0, 7 단속을 진행한다고 구을 걸켰다."
p38_u78,p38,ce1.0,우선 씨는 털월부터 상연습 곧 일적인 채낮 차량에 대한 번호판 영시 단속을 진행한다고 구을 벌켰다.
p38_u78,p38,ce2.0,우선 씨는 8월부터 상호습 고질적인 채낮 차량에 대한 번호판 영치 단속을 진행한다고 구을 걸켰다.
p38_u78,p38,ce5.0,우선 씨는 펄월부터 상습 고질적인 채낮 활항에 대한 혼합발 영치 단속을 진행한다고 구을 걸켰다.
p38_u78,p38,ce10.0,우선 씨는 펄월부터 창수고질적인 채낮 차량에 대한 번호판 영웅치 단속을 진행한다고 그을 던켰다.
p38_u79,p38,taps,"시는 해묵호원 13회야예로 구성은 된 시, 구근, 합도, 단속발을 찬성에 반속에 들어간다."
p38_u79,p38,ce0.0,"시는 대모공월 13회학으로 구정은 된 시, 구근, 학동, 단속발의 편성에 단속했으러 간다."
p38_u79,p38,ce0.1,"시는 개모공원 13회학으로 구성은 된 시, 구근, 합동, 단속발을 현정해 단종이 들어간다."
p38_u79,p38,ce0.5,"실은 대모공원 13명으로 구정은 뵐, 시, 구글, 합동, 단독발을 편정해 반속에 들어간다."
p38_u79,p38,ce1.0,"시는 해무공원 13명으로 구성된 시, 군돈, 학동, 단속받을 행정에 단속에 들어간다."
p38_u79,p38,ce2.0,"신은 대모공원 13명으로 구정된 시, 구글, 합동, 단속발을 현정해 단속에 들어간다."
p38_u79,p38,ce5.0,"실은 개무공원을 13명으로 구성된 실, 구근, 합동, 단속받을 현성에 단속에 들어간다."
p38_u79,p38,ce10.0,"실은 개무공무월 13명으로 구성된 7, 9군 합동 전속발을 현성해 단속에 들어간다."
p38_u80,p38,taps,영실회상은 자동사세를 2회의 이상이 채납한 차량 꼼은 사용관란의 가태료를 300만 원 이상 채납한 차량이다.
p38_u80,p38,ce0.0,양실에서는 저롱 찰세를 2회 이상 채낮판 차량 꼬는 차량 갈라는 갓테르를 한 3만 원 이상 채낮판 차량이다.
p38_u80,p38,ce0.1,"영시대성은 자롱샷세를 2회 이상 채납할 차량, 또는 차량 달라는 과태료를 한 1만 원 이상 채납할 차량이다."
p38_u80,p38,ce0.5,영시대상은 자동차세를 2회 이상 3합한 차량 또는 촬영을 갈라는 가태료를 30만 원 이상 3합한 차량이다.
p38_u80,p38,ce1.0,"영시대상은 자동차세를 2회 이상 채납한 차량 또는 차량을 갈라는 과태료를 3,000,000원 이상 채납한 차량이다."
p38_u80,p38,ce2.0,연기 대상은 자동차세를 2회 이상 현합판 차량 꽂는 사용하라는 과태료를 30만 원 이상 현합판 차량이봐.
p38_u80,p38,ce5.0,영시대성은 자동사세를 2배 이상 캐나판 차량 또는 사연관란 과태료를 30만 원 이상 캐나판 차량이다.
p38_u80,p38,ce10.0,영시대상은 자동차세를 이외위상 차댄판 차량볼은 차량관량 바투를 30만 원 이상 차댄판 차량입니다.
p38_u81,p38,taps,신은 이번 단속부터 자체 제작한 번호판 영시도구를 처음으로 하려고 해 신형 기청공간호판을 장착한 차장에 되셔도 간속을 벌인다.
p38_u81,p38,ce0.0,실은 이번 단속부터 자체 제작한 번호판 영시도구를 처음으로 활용해 신형 비천공 번호판을 장착한 차장에 대해서도 간속을 벌인다.
p38_u81,p38,ce0.1,실은 2번 단속부터 자체 제작한 번호판 영시도부를 처음으로 활용해 실형 기청공간호판을 장착한 사장에 대해셔도 단속을 벌인다.
p38_u81,p38,ce0.5,실은 이번 단속 국가 자체 제작한 번호판 영시도구를 처음으로 활용해 실명 뒷천공 번호판을 장착한 차량에 배해주소 간속을 벌인다.
p38_u81,p38,ce1.0,신은 입은 단속부터 자체 지작한 번호판 영시도구를 처음으로 활용해 신이형 2000번호판을 장착한 차량에 대해서도 간속을 벌인다.
p38_u81,p38,ce2.0,실은 이번 단속 국가 자체 제작한 번호판 영시도구를 처음으로 활용해 신형 귀천공 번호판을 장착한 차장에 대해서도 단속을 벌인다.
p38_u81,p38,ce5.0,실은 입은 단속부터 자체 지작한 번호판 영시도구를 처음으로 활용해 실형 귀청공 번호판을 장착한 차량에 대해서도 단속을 벌인다.
p38_u81,p38,ce10.0,칠은 위반 단속부터 자체 제작한 번호판 영치도 구를 처음으로 활용해 칠형 귀천공 번호판을 장착한 사장에 대해주도 간속을 벌인다
p38_u82,p38,taps,기준 자룡차에 달린 천공 권호판은 볼트를 풀면 번호판을 영체할 수 있지만 비천공 권호판은 볼트가 없어 권호판을 떼 수 있도록 영치도구리를 자체드력한 것이다.
p38_u82,p38,ce0.0,기존 자동차에 달린 천공 권호판은 볼트를 풀면 번호판을 영체할 수 있지만 뒤 천공 권호판은 볼트가 없어 번호판을 떼 수 있도록 영치도구를 닫혀 대답한 것이다.
p38_u82,p38,ce0.1,기준 자동차에 달린 천공 권호판은 볼트를 풀면 번호판에 영체할 수 있지만 V천공 권호판은 볼트가 없어 번호판에 떼 수 있도록 영시도 고를 자체 드력한 것이다.
p38_u82,p38,ce0.5,이준 자동차에 달리인 천공건호판은 볼트를 풀면 번호판을 영차할 수 있지만 이 천공건호판은 볼트가 없어 번호판을 떼 수 있도록 영치도구를 닫히게 되었습니다.
p38_u82,p38,ce1.0,지둔 자동차에 달린 천공 번호판은 골트를 풀면 번호판을 명치할 수 있지만 뒤 천공 번호판은 골트가 없어 번호판을 떼 수 있도록 연치도구를 자체드력한 것이다.
p38_u82,p38,ce2.0,이준 자종차에 달린 천공 권호판은 볼트를 풀면 권호판을 연치할 수 있지만 V천공 권호판은 볼트가 없어 권호판을 떼 수 있도록 연치도구를 자체 제작한 것이다.
p38_u82,p38,ce5.0,기준 자동차에 달린 천공 번호판은 볼트를 풀려는 번호판을 영체할 수 있지만 비천공 번호판은 볼트가 없어 번호판을 떼 수 있도록 영치도 그를 다채주력한 곳다
p38_u82,p38,ce10.0,기준 자동차에 달리인 천공 권호판은 볼트를 풀면 번호판을 명치할 수 있지만 뒤 천공 권호판은 볼트가 없어 번호판을 떼 수 있도록 명치도구를 자체드려평줍다
p38_u83,p38,taps,강한 씨는 코로나19로 인해 어려움을 겪는 생혜리양 최작자의 경우 채낮 처분 유해와 분활납부 등의 적응을 방치합니다.
p38_u83,p38,ce0.0,강한 씨는 코로나19로 인해 어려움을 겪는 생혁양채낙자의 경우 채낙 처분 이후에와 분할 낙구둥을 독행할 방치입니다.
p38_u83,p38,ce0.1,당한 새는 코로나19로 인해 어려움을 겪는 생기양 체락자의 경우 채낮 차업은 유해와 분할 납부 등을 적용할 방치입니다.
p38_u83,p38,ce0.5,가만히는 코로나19로 인해 어려움을 겪는 생혁양채납자의 경우 테납 차분 인류회와 분할 납부 등을 적응할 방치입니다.
p38_u83,p38,ce1.0,강한 씨는 코로나19로 인해 어려움을 겪는 생일기형 친합자의 경우 채낮 차업은 유해와 분할 납구둥을 조경할 방치입니다.
p38_u83,p38,ce2.0,가만히는 코로나19로 인해 어려움을 겪는 생기형 채납자의 경우 채납 처분 유해와 분할 납부 등을 두경할 방치입니다.
p38_u83,p38,ce5.0,강한 셰는 코로나19로 인해 어려움을 겪는 생애기형 체납자의 경우 체납 차원의 유해와 분할 납구 등을 조경할 방치입니다.
p38_u83,p38,ce10.0,강한 씨는 코로나19로 인해 어려움을 겪는 생유기형 친합자의 경우 채낮 처분 유해와 분할 납부 등을 조경할 방치입니다.
p38_u84,p38,taps,우선시 관계자면 고질적인 체납차장에 대해 공음의 처분 등 강략한 증소 활동을 벌이겠다며 체납 액 최소화를 이해해 노력하셨다고 말했다.
p38_u84,p38,ce0.0,울설시 강게자면 고질적인 체락 차량에 대해 공음에 처분도 강을 약한 징수 활동을 벌이겠다며 체락 액 최소화를 이해해 노력하셨다고 말했다.
p38_u84,p38,ce0.1,"우선시 관계자면 고질적인 체락 차량에 대해 동음의 처분 등 강략한 증송 활동을 벌이겠다며 체락, 맥 최소화를 위해 노력하셨다고 말했다."
p38_u84,p38,ce0.5,이 전시 관계자는 고질적인 체나 차량에 대해 봄에 처분 등 강략한 증승 활동을 벌이 겠다며 체나 맥 최승화를 위해 노력하셨다고 말했다.
p38_u84,p38,ce1.0,이 전시 관계자는 고질적인 채납차장에 대해 공매처분 등 강략한 징수 활동을 벌이겠다며 채납 액 최소화를 위해 노력하겠다고 말했다.
p38_u84,p38,ce2.0,우선시 관계자는 고질적인 채낮 차량에 대해 공매처분 등 강력한 증수 활동을 버리겠다며 채낮 100 최소화를 위해 노력하겠다고 말했다
p38_u84,p38,ce5.0,이 전시 반계자는 고질적인 채낙 차량에 대해 고음의 처분도 강력한 증소 활동을 벌이겠다며 채낙 백 최소화를 위해 노력하겠다고 말했다.
p38_u84,p38,ce10.0,이 전식 관계자는 보증적인 채널 차량에 대해 국내 처분 등 강략한 중심 활동을 버리겠다며 채널 액 최소화를 위해 노력하겠다고 말했다.
p38_u85,p38,taps,정남 지역 주요 대학돌이 교육구 등이 죽어난을 3단위에 사낙 연염력 환도 대학 육정사업에 최종호 산정됐다.
p38_u85,p38,ce0.0,정남 지역 지효 대학굴이 교육구 등이 주거라는 3당일의 사낙 연염력 혼도 대학 입성사업의 최종호 판정됐다.
p38_u85,p38,ce0.1,정남 지역 주요 대학들이 득익도 등이 추가나는 3단계의 사낙 연염력 선도 대학 육성사업의 최종 산정됐다.
p38_u85,p38,ce0.5,동남 지역 지효 대학들이 조흡부 등이 죽어난을 3당위에 사낙 연염력 환도 대학 유성사업에 최종을 선정됐다.
p38_u85,p38,ce1.0,강남 지역 지효 대학들이 구입구 등이 주간하는 3당이의 사낙 연염력 혼도 대학 유쇼공사업의 최종 상정됐다.
p38_u85,p38,ce2.0,경남 지역 지효 대학들이 교육도 등이 죽어난을 3단계 사낙 연염력 선도 대학 육성사업의 최종 선정됐다.
p38_u85,p38,ce5.0,정남 지역 주요 대학들이 교육부 등이 죽어난을 3당일에 사낙 연염력 환도 대학 육성사업에 최종 선정됐다.
p38_u85,p38,ce10.0,정남 지역 주요 대학들이 주읍부 등이 죽어난을 3당기의 사낙 연염력 선도대학 육성사업에 최종 선정됐다.
p38_u86,p38,taps,"공간 지역 대학과에 따르면 경남대, 창원대, 인젤회가 링크 3.0, 실료 받침 성장의 행위 사업에 환정됐다."
p38_u86,p38,ce0.0,"경남 지역 대학과에 따르면 경남대, 창원대, 인젤회가 링크 3.0, 치료받침 성의장의 형의 사업에 헌정됐다."
p38_u86,p38,ce0.1,"경남 지역 대학가에 따르면 경남대, 창원대, 인젤레가 링크 3.0, 수요받지 중 성장의 향사업에 환정됐다."
p38_u86,p38,ce0.5,"동남 지역 대학가에 따르면 성남대, 상원대, 인데레가 링크 3.0, 수요받침 성장형 사업에 환정됐다."
p38_u86,p38,ce1.0,"공남 지역 대학가에 따르면 공남대, 상원대, 인데레가 링크 3.0, 수요 맞춘 성장형 사업에 환정됐다."
p38_u86,p38,ce2.0,"경남 지역 대학과에 따르면 경날대, 창원대, 인데레가 링크 3.0, 수요 맞춘 성장형 사업에 선정됐다."
p38_u86,p38,ce5.0,"중간적 대학가에 따르면 정난대, 창원대, 인재대가 링크 3.0, 수요받침 성장의 형 사업에 판정됐다."
p38_u86,p38,ce10.0,중간적 교학가에 따르면 중남대 청원 등 인재료가 링크 3.0 수요 맞춤 성장형 사업에 선정됐다.
p38_u87,p38,taps,일을 3개 대학은 오늘 2027년까지 학교별 240억 원의 국시를 지원받게 된다.
p38_u87,p38,ce0.0,이를 새 세대학은 오는 2021년까지 학교제할 240억 원의 국지를 지원받게 됩니다.
p38_u87,p38,ce0.1,이를 3개 대학은 모는 2027년까지 학교별 240억 원의 두치를 지원받게 된다.
p38_u87,p38,ce0.5,이들 세계 대학은 오늘 2021년까지 학교별 280억 원의 국지를 지원받게 된다.
p38_u87,p38,ce1.0,리뷰 3개대학은 오는 2021년까지 학교별 미백 40억 원의 복도를 지원받게 된다.
p38_u87,p38,ce2.0,이들 세계 대학은 오는 2021년까지 학교별 240억 원의 국지를 지원받게 됩니다.
p38_u87,p38,ce5.0,이를 세계 대학은 오는 2021년까지 학교별 240억 원의 복수를 지원받게 된다.
p38_u87,p38,ce10.0,이들 세계 대학은 오늘 2021년까지 학교 변 240억 원의 국지를 지원받게 된다.
p38_u88,p38,taps,이를 대학 온 참학섬회약을 통한 지역 감동 개학 기원을 통해 한 업계와 미래 사회에 필요한 인제 양성에 나간다.
p38_u88,p38,ce0.0,이를 대학은 참학섬회약을 통한 지역 감동 계약 기원을 통해 사먹계와 미래 사회에 필요한 인제양성을 낮은다.
p38_u88,p38,ce0.1,1을 대략은 참학 3회약을 통한 지역 감동 대학 부연을 통해 3억 대와 미래 사회에 필요한 인제 양성은 아쉽다.
p38_u88,p38,ce0.5,이를 대학은 참학선력을 통한 지역 감동 대학 규연을 통해 3업계와 미래 사회에 필요한 인제 양성이 나간다.
p38_u88,p38,ce1.0,이를 대학은 찬학 협력을 통한 지역 감동 대학 구현을 통해 사먹대와 미래 사회의 지배와 인세 양성에 나간다.
p38_u88,p38,ce2.0,이를 들어근 사낙 협력을 통한 지역 감동 계약 규연을 통해 서벅개와 미래 사회에 필요한 인생 양성을 아군다.
p38_u88,p38,ce5.0,이를 대학은 참학혁혁을 통한 지역 감동 개학교연을 통해 선업계와 미래 사회에 필요한 인재 양송에 나간다.
p38_u88,p38,ce10.0,이를 드라군 참학선력을 통한 지역 감동 계약 기원을 통해 사먹괴와 미래 사회에 필요한 인대양동을 하셨다.
p38_u89,p38,taps,"복남되는 사나기한 현략 체계를 봉고이 다져온 디비 결혼을 자탕으로 하나치나여 대학 체계혜견, 사낙 마친형 인데양석, 지역 특화 분야, 인력 양정 체계를 구치할 계획이다."
p38_u89,p38,ce0.0,"광남되는 찬학의 한현략차계를 공고해 다져온 디리 변호의 바탕으로 찬학 친하여 더약차계협연, 화낙 맞춘여 인재양에서 지역 특화분야 인력 양정 개계를 구직할 그에게다."
p38_u89,p38,ce0.1,"경남되는 사낙이한 협력 체계를 봉보이 다져온 길이 경험을 자탕으로 사낙 채나요 대학 체계혜 변, 사낙 맞춘형 인데양에서 지역 특화분야 인력 양정 체계를 도축할 계획이다."
p38_u89,p38,ce0.5,경남대는 하낙연 협력체계를 공급을 가져온 길이 병원을 자탕으로 하낙치나 형탈약체계를 했던 하낙 맞추명 윤대양성 지역 특화분야 인력 양성 크기를 구축할 배기다
p38_u89,p38,ce1.0,"공남대는 사낙연 협력체별의 본고이 다조온 GB병원을 자탕으로 사낙치나형 대학 대개혜 변, 사낙 맞춘형 윤배양에서 지역 특화 분야 인력 양동체재를 구치할 계획이다."
p38_u89,p38,ce2.0,"경남되는 사나기한 혐의력 철회력 봉고의 봐주온 길이 경험을 바탕으로 사낙치나형 대학 철회력 면, 사낙 맞추면 윤대양에서 지역 특화분야 위력 양정 철회를 구축할 계획이다."
p38_u89,p38,ce5.0,"동남대는 산학연 혐의력 체계를 공부해 다조한 길이 공원을 자통으로 산학층하여 대학체계 몇 변, 산학 맞추면 윤대양석, 지역 특화분야 윤력 양동체계를 부축하게 되지 마"
p38_u89,p38,ce10.0,공남되는 찬학의한 혐의력 척해를 공고해 다져온 디비 경험을 자탕으로 찬학 진화형 투약척해됐지만 찬학 맞춘형 윤대양성 지역 특화분야 위력 양성 척해를 구축할 계획이다.
p38_u90,p38,taps,파움대와 인재례도 기른 성과를 바탕으로 하낙할 필력 체계 구축을 감안한다.
p38_u90,p38,ce0.0,파움대와 인재례도 기존 사모과를 바탕으로 환하게 할 핸력 체계 구축을 공화한다.
p38_u90,p38,ce0.1,상원대와 인재례도 기존 상우깔을 바탕으로 사나기한 현역 체계 구축을 상황한다.
p38_u90,p38,ce0.5,파움대와 인재례도 위전 생활을 바탕으로 환하게 한 협력 체계 구축을 통화한다.
p38_u90,p38,ce1.0,평원대와 인델에도 비롱 생활과를 바탕으로 편하게 한 협력 체계 구축을 정한다.
p38_u90,p38,ce2.0,성원대와 인데데도 비존 성악과를 바꾼으로 사나기한 현역책의 규칙을 강화한다.
p38_u90,p38,ce5.0,성원대와 인재례도 비둔 성과를 바탕으로 사나기한 혐의력 체계 구축을 평화한다.
p38_u90,p38,ce10.0,성원대가 윤데데도 비둔 성과를 바탕으로 사나기한 협력 체계 구축을 통화한다.
p38_u91,p38,taps,박지국 경우남 대학도 총정은 정란대가 보유한 인재와 학생의 기술이 지역과 기업의 권한은 새로운 사낙 연애매 역의 길이를 제시할 수 있길 바란다고 밝혔다.
p38_u91,p38,ce0.0,박재규 경우남 대학 교총장은 정남대가 보유한 이문제와 학생의 기술이 지역과 기업의 권한은 새로 사낙 연애매약의 미래를 재세할 수 있게 발언다고 밝혔다.
p38_u91,p38,ce0.1,"닥식을 경우남 대학 교총장은 정남대가 보이완, 인제와 학생 기술이 지역과 주엽의 권한은 새로 산학 내년력의 미대를 제시할 수 있을 바란다고 밝혔다."
p38_u91,p38,ce0.5,박제익의 정남 대학 교총장은 정남대가 보유한 민재와 학생 기술이 지역과 기업의 전환은 새로운 사낙 매념 역해미대를 제시할 수 있게 발한다고 발졌다.
p38_u91,p38,ce1.0,박쥐기 경남 대학교 총장은 경남대가 보유한 민재와 학생 비술이 지역과 기업이 원하는 새로운 사낙연음역에 미래를 재패할 수 있길 바란다고 밝혔다.
p38_u91,p38,ce2.0,박재구 경남 대학교 총정은 경남대가 보유한 인제와 학생 기술이 지역과 귀엽의 원하는 새로 사낙 매력의 미래를 제시할 수 있게 발한다고 밝혔다.
p38_u91,p38,ce5.0,박쇄기 경남 대학 교총장은 경남대가 보유한 인세와 학생 기술이 지역과 귀엽의 원하는 새로운 사낙 연암의 역해리대를 제시할 수 있길 바란다고 반켰다.
p38_u91,p38,ce10.0,박재기 경남 대학 교총정은 경남대가 보유한 인제와 학생 기술이 귀엽과 귀엽의 권한은 새로운 사낙 연앰력의 미래를 제시할 수 있을 바란다고 밝혔다.
p38_u92,p38,taps,승국지익 영국 정보원이 영화 각 분야 전문가와 함께하는 충북 교사 영화 제작 특강의 첫번째 가정이 영화 시나리오 연수를 연다.
p38_u92,p38,ce0.0,트위북 지역 연구 정보원이 영화 각 분야 전문가와 시안은 충북 교사 영화 제작 특강의 첫 번째 과정이 영화 시나리오 연수를 전다.
p38_u92,p38,ce0.1,충북주입 영북 정보원이 영화 각 두녀 전문과 함께하는 충북조사 영어제작 특강의 첫번쇄 가정이 영화 시나리오 연수를 연다.
p38_u92,p38,ce0.5,충북 뒤 연구 정보원이 영화 각 분야 전문가와 함께하는 충북 부사 영화 제작 특강의 첫 번째 과정이 영화 시나리오 연소를 연다.
p38_u92,p38,ce1.0,"충북주익, 영북 정보원이 영화 각 분야 전문가와 함께하는 충북조사 영화 제작퇴강의 첫 번쇄 과정에 영화 시나리오 연수를 연다."
p38_u92,p38,ce2.0,충북주육 영국 정보원이 영화 각 분야 전문가와 함께하는 충북교사 영화 제작 특강의 첫번째 과정은 영화 시나리오 연수를 연다.
p38_u92,p38,ce5.0,충북주의 명그 정보원이 영화 각 분야 전문가와 함께하는 충북교사 영화 제작 특당의 첫 번째 과정인 영화 시나리오 연주를 연다.
p38_u92,p38,ce10.0,"충북 교육, 영국 정보원이 영화 각 분야 전문과 함께하는 충북 교사 영화 제작 특강의 첫번째 과정인 영화 시나리오 연수를 연다."
p38_u93,p38,taps,"이번 연수에서 한국 시나리오 작가협의 이사 이어, 한국급 작가협의 정해온이 2임이 정의 작가가 24일에서 26일까지 교사 26년을 대상으로 특강해란다."
p38_u93,p38,ce0.0,"이번 연쇄에서 한국 시나리오 작가협회 2사이력, 한국북 작가협회의 저홍해원이 22정의 작가가 24일에서 26일까지 기후사 26명을 대상으로 특강을 한다."
p38_u93,p38,ce0.1,이번 연소에서 한국 시나리오 작가협회의사이며 한국 극작가협회의 정원회원이 2미정 작가가 24일에서 26일까지 교사 26명을 대상으로 특강할 한다.
p38_u93,p38,ce0.5,이번 연소에서 한국 시나리오 작가협의 이상이며 한국 극작가협의 정현이 2인이정 작가가 24에서 26일까지 그사 26명을 대상으로 특가해난다.
p38_u93,p38,ce1.0,이번 연소에서 한국 시나리오 젓가협회 의사이며 한국국 젓가협회 정연이 2미정 젓가가 24일에서 26일까지 그 사 26명을 대상으로 극강을 한다.
p38_u93,p38,ce2.0,이번 연수에서 한국 시나리오 작가협회 의사 이어 한국 극적과협회 정우현이 2인이정 작가가 24일에서 26일까지 교사 26명을 대상으로
p38_u93,p38,ce5.0,"이번 연소에서 한국 시나리오 젓가협회 2사위원, 한국급 젓가협회 정면위 2위정 젓가가, 24일에서 26일까지 그사 26명을 대상으로 극강을 한다."
p38_u93,p38,ce10.0,"이번 연소에서 산국 시나리오 작가협회 의사위원, 산국 극 작가협회의 정웅해온이 2민이장 작가가, 24일에서 26일까지 2,426명을 재상으로 극강을 한다."
p38_u94,p38,taps,"특강을 시나리오 아이디어 발산과 기회, 구성과 배치, 실작과 분석, 영화 시나리오 작성 실색 등으로 구성된다."
p38_u94,p38,ce0.0,"특강은 시나리오 아이디어 발성과 기회, 구성과 배치, 습작과 분석, 영화 시나리오 작성 실습김으로 구성된다."
p38_u94,p38,ce0.1,"특강은 시나리오 아이디어 발산과 뒤에 구성과 대치, 숫작과 분석, 영화 시나리오 작성 실수품으로 주성된다."
p38_u94,p38,ce0.5,"특강을 시나리오 아이디어 발산과 뒤에 구성과 대치, 숫자가 분석, 영화 시나리오 작성 실습 등으로 구성된다."
p38_u94,p38,ce1.0,"특강은 시나리오 아이디어 발션과 귀에 구성과 뵙지, 습적과 분석, 영화 시나리오 작성 실습김으로 구성됩니다."
p38_u94,p38,ce2.0,"특감을 시나리오 아이디어판성과 기회, 구성과 배치, 습적과 분석, 영화 시나리오 작성 실습품으로 구성된다."
p38_u94,p38,ce5.0,"특강을 시나리오 아이디어 발산과 기회, 구성과 배치, 숫자가 분석, 영화 시나리오 작성 실습 등으로 구성된다."
p38_u94,p38,ce10.0,"특강은 채나리오 아이디어 발산과 기회, 구성과 대치, 습작과 분석, 영화 채나리오 작성 실습 등으로 주성된다."
p38_u95,p38,taps,전문 시나료 작가의 세계적인 교육을 통해 영어제적 역량을 강화하기에 바른다.
p38_u95,p38,ce0.0,전문 시나리오 작가의 세계적인 교육을 통해 영화제작 용량을 강화하기 위해 마려줍니다.
p38_u95,p38,ce0.1,전문 시나리오 작가의 세계 작용이 들고 통해 영어제작 영량을 강화하기에 바른다.
p38_u95,p38,ce0.5,전문 시나리오 작가에 체계적인 교육을 통해 영화비적 영량을 방화하기 위해 마련 높다.
p38_u95,p38,ce1.0,전문 시나료 작가의 세계적인 교육을 통해 영화제작 역량을 강화하기 위해서 말해줬다.
p38_u95,p38,ce2.0,전문 시나리오 작가에 체계적음 교육을 통해 영화 제작 영향을 강화하기에 알아줬다.
p38_u95,p38,ce5.0,전문 시나료 작가의 세계적인 교육을 통해 영화제작 영량을 강화구위에 마른 부사
p38_u95,p38,ce10.0,전문 시나료 작가의 세계적인 교육을 통해 영화세적 영량을 강화 교육에 달아줬다.
p38_u96,p38,taps,코나일구 협상 방지를 위해 충북 교육 연구정보원 3층 ICT 탓실에 앱이 택트퇴 드디어 정리를 활용한 오노프라이 동시지법 연주로 진행된다.
p38_u96,p38,ce0.0,"코나일구 확삼 장지를 위해 충북 교육 연구정보원, 3층 가스티 타슬에 앱이 택트 스튜디오, 정기를 활용한 5.5%의 동시 짚어 변수로 지냄된다."
p38_u96,p38,ce0.1,포나일구 확산 방지를 위해 승복 교육용도정보원 3층 ICT 탈시레이 앨뷰텍트 투비어 정기를 활용한 5.0프라인 동시 짓파 변수로 진행된다.
p38_u96,p38,ce0.5,포나일과 학산방지를 위해 충북 교육 연구정본 3층 RCT 타실에 앨뷰테크 스튜디오 정비를 활용한 온 오프라인 동시 스파 변드로 진행된 바.
p38_u96,p38,ce1.0,"코나유구 확산 방지를 위해 승부 교육 연구정보원, 함층 ICT 40A 앨뷰테크 스튜디오 광비를 활용한 온어프라인 동시 비파변수로 진행된다."
p38_u96,p38,ce2.0,코로나19 확산 방지를 위해 충북 교육 연구정본 3층 발식기 사실에 에디테크 스튜디오 광기를 활용한 온 오프라인 동시 집합 변수로 진행된다.
p38_u96,p38,ce5.0,포나일구 확산 방지를 위해 충북 교육 영구정본 3층 ICT 탈시데이 에디테크 추비어 광기를 활용한 5.0프라인 동시 지타 변수로 진행된다.
p38_u96,p38,ce10.0,코나일고 확산 방지를 위해 충북 교육 영구정보원 3층 IST 사실을 에디테크 스튜디오 장기를 활용한 오노프라인 동시 집합 연주로 진행된다.
p38_u97,p38,taps,"영화 시나리오를 시작으로 2화 영화 사운드, 사화, 영화 영상 문법, 사화, 영화 촬영과 조명 등 영화 각군요 전문가와 함께하는 기광을 운영해 그 얘기다."
p38_u97,p38,ce0.0,영화 시나리오를 시작으로 2화 영화 사운드 3화 영화 영상 문법 4화 영화 촬영과 전명 등 영화 각군의 전문가와 함께하는 듣강을 운영할 계획이다
p38_u97,p38,ce0.1,"영화 시나리오를 시작으로 2화 영화 사운드, 차와 영화 영상 문법, 차와 영화 촬영과 조명 등 영화 각 분야 전문가와 함께하는 즉강을 운영할 계획이다."
p38_u97,p38,ce0.5,영화 시나리오를 시작으로 2화 영화 사운드 3화 영화 영상 문법 4화 영화 촬영과 조명 등 영화 각군야 전문가와 함께하는 직강을 운영할 계획이다
p38_u97,p38,ce1.0,영화 시나리오를 시작으로 2화 영화 사운드 3화 영화 영상 무릎껏 4화 영화 촬영과 조명 등 영화 각 그녀 전문가와 함께하는 집광을 운영할 계획이다
p38_u97,p38,ce2.0,"영화 시나리오를 시작으로 이유마 영화 사운드, 사화, 영화영장불법, 사화, 영화 촬영과 조명 등 영화 각군의 전문가와 함께하는 직강을 운영할 수 있습니다."
p38_u97,p38,ce5.0,"영화 시나리오를 시작으로 2화 영화 사운드, 상화, 영화 영상 문화, 상화, 영화 촬영과 조명 등 영화 각군야 전문가와 함께하는 직강을 운영할 계획이다."
p38_u97,p38,ce10.0,"영화 시나리오를 시작으로 유화 영화 사운드, 상화, 영화 영상 문법, 상화, 영화 촬영과 조명 등 영화 각 분야 전문가와 함께하는 극강을 운영할 계획이다."
p38_u98,p38,taps,"침북극 연구정보원은 학기 영화 대작 활성화를 위해 회작하는 영화 제작 정비, 원스톱 지원 서비스를 운영하고 있어 학기 영화 제작을 각극 지원하고 있다."
p38_u98,p38,ce0.0,"신부 교육 연구 정보원은 학교 영화 제작 활성화를 위해 찾아가는 영화 제작 정비, 원스톱 지원 서비스를 운영하고 있어 학교 영화 제작을 가수극 지원하고 있다."
p38_u98,p38,ce0.1,"승부 교육 연구정보원은 학트 영화 대작 활성화를 위해 찾아가는 영화 제작 정비, 원스톱 지원 서비스를 운영하고 있어 학트 영화 제작을 자수급 지원하고 있다."
p38_u98,p38,ce0.5,승부 극 연구 동부와는 학교 영화 대작 활성화를 위해 찾아가는 영화 제작 정비 원스톱 지원 서비스를 운영하고 있어 학교 영화 제작을 적극 지원하고 있다
p38_u98,p38,ce1.0,승부 교육 영부 정부와는 학교 영화 대작 활성화를 위해 최작하는 영화 대작 정비 원스톱 지원 서비스를 운영하고 있어 학교 영화 대작을 적극 지원하고 있다
p38_u98,p38,ce2.0,승부 교육 연구 정보하는 삭크 영화 제작 활성화를 위해 찾아가는 영화 제작 정비 원스톱 지원 서비스를 운영하고 있어 삭크 영화 제작을 더욱 지원하고 있다
p38_u98,p38,ce5.0,승부 교육 연구정보하는 학교 영화 대작 활성화를 위해 최작하는 영화 제작 정비 원스톱 지원 서비스를 운영하고 있어 학교 영화 제작을 자극 지원하고 있다.
p38_u98,p38,ce10.0,승부 교육 영국 정부와는 학교 영화 제작 활성화를 위해 최작하는 영화 제작 정비 원스톱 지원 서비스를 운영하고 있어 학교 영화 제작을 자극 지원하고 있다.
p38_u99,p38,taps,사기에서 제작된 영원은 오늘 12월에 열리는 3회 청국 불경화제를 통해 관계계의 선보입니다.
p38_u99,p38,ce0.0,학교에서 제작된 영원은 오늘 10시월에 열리는 3회 체육구역 영어지를 통해 감격의 선보입니다.
p38_u99,p38,ce0.1,사기에서 제작된 영어는 오늘 12월에 열리는 3회 철곡 그 병어지를 통해 관객에게 선보인다.
p38_u99,p38,ce0.5,학교에서 제작된 영원은 오늘 12월에 열리는 3회 충북 교육 경화제를 통해 관객에게 선보인다.
p38_u99,p38,ce1.0,학교에서 제작된 영원은 오늘 12월에 열리는 3회 충북 교육 영화들을 통해 감객의 선보인다.
p38_u99,p38,ce2.0,학교에서 제작된 영어는 오늘 12월에 열리는 3회 충북 교육 영어제를 통해 관객의 성보인다.
p38_u99,p38,ce5.0,학교에서 제작된 영원은 오늘 12월에 열리는 3회 충북 교육 영화들을 통해 관객의 성공입니다.
p38_u99,p38,ce10.0,사교에서 제작된 영원은 오늘 12월에 열리는 3회 충북 부위 경화들을 통해 관교를 위해 선보인다.
p41_u00,p41,taps,근거니 여사는 20위를 흥리 정상회담 한입만찬이 열린 국립지검 봉물관에서 조 바이든 미국 대통령을 남편 민석을 대통령강국에 임접했다.
p41_u00,p41,ce0.0,긴건 여사는 이 휘비를 햄리 정상회담 찬흥만 찬히 엘긴 국립지망 동물관에서 조 바이든 미국 대통령을 남편 진세계를 재태는가 육개에 임접했다.
p41_u00,p41,ce0.1,근거니 여자는 21일 흥리 정상회담 한입만찬이 열린 국립 증언 방울관에서 조 밝은 미국 대통령을 남편 윤석열 재택님과님께 인접했다.
p41_u00,p41,ce0.5,김건희 여사는 이슈비를 한일 정상에 담아만찬이 열린 국립 증언방물관에서 조 바이든 미국 대통령을 남편 민석을 대통령과 함께 엔접했다.
p41_u00,p41,ce1.0,김건희 여사는 21일 생일 정상회담 한입만찬이 열린 국립지검 방물관에서 조 밝은 미국 대통령을 남편 윤석열 대통령과에게 용접했다.
p41_u00,p41,ce2.0,근거는 여사는 이슈비를 상리를 정상해 다음 차근 만천히 열린 국립 증언 방물관에서 저 바이든 미국 대통령을 남편 인석열 대통령과 함께 만천히 열린 국립 증언 방물관에서 저 바이든 미국 대통령을 남편 인석연대에
p41_u00,p41,ce5.0,근거는 여사는 21일 흥미 정상회담 파늄 만찬이 열린 국립 증언 법물관에서 조 바이든 미국 법통영을 남편 윤석열 대통령과 함께 연접했다.
p41_u00,p41,ce10.0,근거는 여사는 이슈비를 성리 정상회담 30만 천이 여행 국립 증강 법물관에서 조 바이든 미국 대통령을 남편 윤석열 대통령과 함께 연접했다.
p41_u01,p41,taps,이나의 대통령시를 등에 따르면 흰색 토빗을 정장 자림에 올림머리를 하고 흰색 장갑을 끼는 긴별하는 반선장에 대착한 바이든 대통령과 악수하며 단단한 인테를 낳았다.
p41_u01,p41,ce0.0,이날 대통령 씨를 등에 따르면 흰색 토끼스 정장 자림에 울림 머리를 하고 흰색 장갑을 끼는 뒷려사는 반찬장에 교착한 바이든 대통령과 악수하며 반단한 인사를 넘을 때
p41_u01,p41,ce0.1,이날 재통영실을 등에 따르면 흰색 캐피스 정장 자림에 물림머리를 하고 흰색 장갑을 끼는 긴려하는 안천장에 교착한 바이든 대통령과 악수하며 단단한 인사를 납니다.
p41_u01,p41,ce0.5,이날 대통령 씨를 둔에 따르면 흰색 특빛을 정장 자리네 올림머리를 하고 흰색 장갑을 끼는 중려다는 안천장에 교착한 바이든 대통령과 악수하며 단단한 인사를 넘었다.
p41_u01,p41,ce1.0,이날 재통용실을 둥해 가려면 흰색 극빛을 정장 자리네 올림머리를 하고 흰색 장갑을 낀 김여사는 안천장에 도착한 바이든 재통용과 악수하며 간단한 인사를 넣으니까
p41_u01,p41,ce2.0,이날 대통령실 등에 따르면 흰색 특힛을 정장 자리네 올림 머리를 하고 흰색 장갑을 낀 김여사는 안천장에 부착한 바이든 대통령과 악수하며 간단한 인사를 넘었다
p41_u01,p41,ce5.0,이나의 대통령실 등에 따르면 흰색특빛은 정장 자림에 올림머리를 하고 흰색 장갑을 낀 김여사는 안천장에 도착한 바이든 대통령과 악수하며 단단한 인사를 남았다.
p41_u01,p41,ce10.0,이나의 대통령실 등에 따르면 흰색 특빗을 정장 자리네 올림바리를 하고 흰색 정답을 끼는 김여사는 반천장에 도착한 바이든 대통령과 악수하며 반당한 인사를 넣었다.
p41_u02,p41,taps,김여사는 인사 후 바이진 대통령 윤 대통령과 함께 덕물감내 경선사지 식청석합과 하은한 대총 복근 축 더 근간 청년 4년 명동공 등 작품을 갈람했다.
p41_u02,p41,ce0.0,"김여사는 인자호, 바이진 대통령, 윤 대통령과 함께 당물관 내 경선사지 식층 석각과 혁난대총 복근축도금관 청년 4년 명동공동 작품을 관람했다."
p41_u02,p41,ce0.1,김여자면 인사 후 바이든 대통령 윤 대통령과 함께 박물관 내 경천사질 식층계탑과 확난될 총 복분축도 경간 청년 4년 명동공 등 작품을 갤람했다.
p41_u02,p41,ce0.5,"긴 여사는 인사 후 바이빈 대통령, 윤 대통령과 함께 방물관내 경순사질 식중소탑과 확남 배총 복문실과 금간 청년 4년 명동금 등 자금을 권람했다."
p41_u02,p41,ce1.0,"김여사는 인사하고 바이빈 대통령, 윤 대통령과 함께 방물관내 경순사지 10층 속잡과 학관 대총 복근 출격 공간, 청년 4년 명동공공, 작품을 결남했다."
p41_u02,p41,ce2.0,"김여사는 인사 후 바이든 대공룡, 윤 대통령과 함께 정물관 내 경순사지 10층 석탑과 한원 대총 복근 출격금관, 청년 4년 명동공 등 작품을 갈람했다."
p41_u02,p41,ce5.0,김여사는 인사 후 바이빈 대통령 윤대통양과 함께 당물간내 경선사실 시칭소값과 학만 대총 복근 초과금관 청년 4년 명동군공 작품을 전화하는 인사 후 바이빈 대통령 윤대통양과 함께 당물간내 경선사실
p41_u02,p41,ce10.0,"국내사는 인사로 바이든 대공명, 윤 대통령과 함께 박물관내, 경선사지, 식청석합과, 성만 대총 복근, 출거 공간, 청년 4년 명동공공, 작품을 관람했다."
p41_u03,p41,taps,"금여사는 작품 걸라무, 이에 진 공식 한양만탕 행사에는 삼적하지 않았다."
p41_u03,p41,ce0.0,"금여사는 작품 권나무, 이에 진 공식 한양 만턴 행사에는 참석하지 않았다."
p41_u03,p41,ce0.1,김여사는 작품 권나무 이에 진 공식 한양 많다는 가일은 삼석하지 않았다.
p41_u03,p41,ce0.5,김여사는 작품 관람 후 이어지는 공식 현명만tern은 가위는 참석하지 않았다.
p41_u03,p41,ce1.0,김여자는 작품 관라보 이에 진 공격현력 만턴인 가위는 참석하지 않았다.
p41_u03,p41,ce2.0,"김여사는 작품 갈라무, 이에 진 공식현령 만턴행 다인은 승석하지 않았다."
p41_u03,p41,ce5.0,김여사는 작품 권라보 이여진 공격 한양만창생 다인은 삼적하지 않았다.
p41_u03,p41,ce10.0,"금녀자는 작품 관람호, 이여진 공식 한양만타행 타인은 삼적하지 않았다."
p41_u04,p41,taps,당초 금녀사는 예교에 있어 엄득한 상호주의에 따라 바이든 대통령이 방안하는 2박 3일동안 모습을 드러내지 않고 들용한 내조를 할 것으로 전방됐다.
p41_u04,p41,ce0.0,경초 금여사는 예교에 있어 엄떡한 차워주위에 따라 바이든 대통령이 방안하는 2박 3일 동안 모습을 주로 내지 않고 졸려한 내줄을 할 것으로 전망됐다.
p41_u04,p41,ce0.1,당초 금료자는 얘기 외에 있어 엄격한 상호 주위에 따라 바이든 대통령이 방안하는 2박 3일 동안 모습을 주로 내지 않고 조용한 내줄을 할 것으로 전망됐다.
p41_u04,p41,ce0.5,경초 긴 여사는 외교에 있어 엄격한 창고 주위에 따라 바이든 대평영이 방안하는 2박 3일동안 모습을 드러내지 않고 부용한 내조 를 할 것으로 전망됐다.
p41_u04,p41,ce1.0,당초 금료사는 예교에 있어 엄격한 청호 주위에 따라 바이든 대통령이 방하나는 2박 3일동안 모습을 드러내지 않고 조용한 내줄을 할 것으로 전망됐다.
p41_u04,p41,ce2.0,정초 긴 여사는 예교에 있어 엄격한 창호 수위에 따라 다해진 대통령이 방안하는 203일동안 모습을 드러내지 않고 조용한 내줄을 할 것으로 전망됐다.
p41_u04,p41,ce5.0,당초 긴 여사는 예교에 있어 엄격한 창호주의에 따라 바해진 대통령이 방안하는 2박 3일동안 모습을 드러내지 않고 조용한 내줄을 할 것으로 전망됐다.
p41_u04,p41,ce10.0,정초 금녀사는 예교에 있어 엄격한 상호주의에 따라 발전 대통령이 방안하는 2박 3일 동안 모습을 드러내지 않고 조용한 내줄을 할 것으로 전망됐다.
p41_u05,p41,taps,바이든 대통령이 이번 방안에서 부인지를 자일이며 사와 통해 하지 않았기 때문인데 이의 진면사도 모습을 저런 애기얼을 것이라는 반칙이 기배적이었다.
p41_u05,p41,ce0.0,밝은 대통령이 이번 방안에서 구인지를 밝은 여사와 통해 하지 않았기 때문인데 이의 짐여사도 모습을 들어내기여를 것이라는 반측이 기배적이었다.
p41_u05,p41,ce0.1,바이든 대통령이 이번 방안에서 구임실 자연료사와 통해 하지 않았기 때문인데 이의 긴려사도 모습을 들어내기여를 것이라는 단측이 기배적이었다.
p41_u05,p41,ce0.5,바이든 대통령이 이번 방안에서 구인실 바이든 여사와 동의하지 않았기 때문인데 이에 직려사도 모습을 줄어내기여를 것이라는 반투기 집에 적이었다.
p41_u05,p41,ce1.0,다이른 대통령님이 이번 방안에서 윈실 바이른 여사와 동행하지 않았기 때문인데 이에 균 여사도 모습을 틀어내기여를 것이란 간측이 집에 적이었다.
p41_u05,p41,ce2.0,다이든 대통령이 이번 방안에서 부인실 다이든 여사와 동의하지 않았기 때문인데 이의 직� 여사도 모습을 절어내결을 것이란 관책이 기배적이었다.
p41_u05,p41,ce5.0,다이든 대통령이 이번 방안에서 구인실 다이든 여사와 통해 하지 않았기 때문인데 위에 김여사도 모습을 드러내 겨울을 것이란 관측이 그대적이었다.
p41_u05,p41,ce10.0,바이든 대통령이 이번 방안에서 구인지를 바이든 여사와 동행하지 않았기 때문인데 이의 긴 여사도 모습을 드러내 결을 것이란 산축이 규배적이었다.
p41_u06,p41,taps,"그러나 비공식 홍사 등을 공해, 바이든 대통령에게 인사하는 것을 예의로 뺀단, 이날 많던 홍사 전엔 깜짝 동강이다."
p41_u06,p41,ce0.0,그러나 비공식 행사 등을 통해 바이든 대통령에게 인사하는 것을 예의로 변단 이날 만점 행사 전에 뻔짝 등장했다.
p41_u06,p41,ce0.1,그러나 비공식 행사 등을 통해 바이든 대통령에게 인사하는 것을 예의로 뵌단 이날 만찬 행사 전행 깜짝 등장했다.
p41_u06,p41,ce0.5,"그러나 비공식 홍사 등을 공해, 바이든 대통령에게 인사하는 것을 예의로 판단, 이날 만점 홍사 전에 깜짝 동강했다."
p41_u06,p41,ce1.0,"그러나 뒤 공식 행사 동일 공회, 바이든 대통령에게 인사하는 것을 예의로 판단. 이날 만천 행사 전에 검작 등장했다."
p41_u06,p41,ce2.0,"그러나 비공식 홍사 동의 공유, 바이든 대통령에게 인사하는 것을 예의로 뵙는 단. 이날 만천 행사 전에 공작 등이 당했다."
p41_u06,p41,ce5.0,그러나 비공식 홍사 등을 통해 바이든 대통령에게 인사하는 것을 예의로 판단 이날 만턴 행사 전에 깜짝 등장했다
p41_u06,p41,ce10.0,"그러나 비공식 홍사 동일 고멸, 바이드 대통령에게 인사하는 것을 예의로 변단. 이날 만턴 행사 전행 깜짝 등장했다."
p41_u07,p41,taps,공방천 전 S.S. 틀렷스 자산 운영회담이 금린 감동원 대대심의 위원회에서 징구정기 처분을 받았다.
p41_u07,p41,ce0.0,광방천 전 SFLAS 자산 운영회장이 금융 감동원 대대심위위원회에서 직무 정기 처분을 받았다.
p41_u07,p41,ce0.1,강방천 전 S.F.L.S. 자사론형 회장이 금융 단동원 대대시민위원회에서 직무 정기 처분을 받았다.
p41_u07,p41,ce0.5,강워방차한 전 애제 플랫스 자산원형 회장이 금융관동원 대대 시리위위원회에서 직무 정기 전문을 받았다.
p41_u07,p41,ce1.0,검은망천 전 SF 플러스 자산원형 회장이 금민 감동원 재대심의 위안에서 직무 정지 처분을 받았다.
p41_u07,p41,ce2.0,강방찬 전 에스 플러스 자산 운영회장이 금융관동원 대대시미위원행에서 직무 정지 처분을 받았다.
p41_u07,p41,ce5.0,강방천 전 S.L. 플러스 자산 운영회장이 금융 감동원 제재 10위위원회에서 직무 전기 처분을 받았다.
p41_u07,p41,ce10.0,강방천 전 S.S. 플러스 자산 운영회장이 금융관동원 대대심위위원회에서 직무 전기 전문을 받았다.
p41_u08,p41,taps,15일 국룡 투자업계에 따르면 군 거머는 전날 열린 대대심이 위원해져 강근 회장에 대해 짐우정도와 카태를 부가 등을 결정했다.
p41_u08,p41,ce0.0,15일 국민 투자업계에 따르면 군 거머는 전날 열린 대제실리위원회에서 강근 회장에 대해 진무 정조와 카태를 부과등을 결정했다.
p41_u08,p41,ce0.1,15일 금융 투자업계에 따르면 근거머는 전날 열린 대대심의 위원회에서 강근 회장에 대해 직무 정지와 카태를 부과등을 결정했다.
p41_u08,p41,ce0.5,15일 금융 투자업계에 따르면 근거머는 전날 열린 대대시미위원회에서 방금 회장에 대해 직무중주와 가태로 부가 등을 결정했다.
p41_u08,p41,ce1.0,15일 금융 투자업계에 따르면 공감원은 전날 열린 대대심의위원회에서 강근 회장에 대해 질문 정부와 가태료부가 등을 결정했다.
p41_u08,p41,ce2.0,15일 금융 투자업계에 따르면 군 거머는 전날 열린 대대시미위원회에서 강근 회상에 대해 직무 정부와 가태를 부가 등을 결정했다.
p41_u08,p41,ce5.0,15일 금융 투자업계에 따르면 군감원은 전날 열린 대재 힘이 위원해 해서 강근 회장에 대해 직무 정부와 카태를 부어 등을 결정했다.
p41_u08,p41,ce10.0,15일 금융 투자업계에 따르면 군가마는 전날 열린 대제 신위위원회에서 관전 회장에 대해 질문 정지와 가태를 부가등을 결정했다.
p41_u09,p41,taps,"이문에 대한 범계는 2위, 뒤적 경고, 문책 경고, 직무 덩지, 회인 경고로는 아닌다."
p41_u09,p41,ce0.0,"이문에 대한 정계는 주의, 주의적 경고, 문책 경고, 직무 정지, 회인 경고로 말입니다."
p41_u09,p41,ce0.1,"이문에 대한 정계는 주의, 주의적 경고, 문책 경고, 직무 정지, 회인 경고로는 아닌다."
p41_u09,p41,ce0.5,"임원에 대한 경계는 주위, 주위적 경고, 문택 경고, 직무성위, 회인 경고로 말인다."
p41_u09,p41,ce1.0,"임원에 대한 경계는 주위, 주위적 경고, 문책 경고, 직무양지, 해인 경고로 많이 인다."
p41_u09,p41,ce2.0,"이문에 대한 증계는 주의적 경고, 문책 경고, 직무정지, 회인 경고도 know that this move will be taken in the operating area in the future."
p41_u09,p41,ce5.0,"이문에 대한 경계는 주의적 경고, 문책 경고, 직무 정지, 회인 경고로 논의."
p41_u09,p41,ce10.0,"이문에 대한 공개는 주의적 경고, 문택 경고, 증거정지, 행 경고로 나눈다."
p41_u10,p41,taps,"친구 정기의 갱우, 혐오 4년간 금융권 이먼치업이 개한되는 둥긴계에 해당한다."
p41_u10,p41,ce0.0,"직무중지의 갱우, 항우 4년간 금융건 이먼치업이 제한되는 중진계에 해자한다."
p41_u10,p41,ce0.1,"직무 정기의 갱우, 향후 4년간 금융건 이먼치업이 제한되는 중균계에 해당한다."
p41_u10,p41,ce0.5,"중구정기의 경우, 항구 4년간 금융건 이먼치업이 제한되는 중김계에 해당한다."
p41_u10,p41,ce1.0,"직무 정기의 경우, 행무 4년간 금융권 이문시업이 제한되는 중긴대에 해당한다."
p41_u10,p41,ce2.0,직무 정기의 경우 성우 4년간 금융건 이먼치업이 제한되는 중진대회장한다.
p41_u10,p41,ce5.0,"직무 정기의 경우, 향후 4년간 금융권 이먼치업이 개한되는 중균계에 해당한다."
p41_u10,p41,ce10.0,중무 정기의 경우 혐오 4년간 금융건 이먼치업이 제한되는 중림계에 해장한다.
p41_u11,p41,taps,강점 회장은 찬명초자 의혹이 불거띠리 비전 지난 7월 100명 의선에서 물로난받아 있다.
p41_u11,p41,ce0.0,강점 회장은 체명 초자 의혹이 불거지기 빅전 지난 7월 겹명일선에서 물로난받아 있다.
p41_u11,p41,ce0.1,강전회장은 체명추자 의무기 불거지기 픽전 지난 7일 격명위선에서 물로난받아 있다.
p41_u11,p41,ce0.5,"강점 회장은 참여투자 의혹이 불궐 유리 국전, 지난치를 격룡 의선에서 물로난받아 있다."
p41_u11,p41,ce1.0,"강점 해당은 희밍 수정 의혹이 보고듯이 복전, 지난 7일 격령일선에서 물로난받아 있다."
p41_u11,p41,ce2.0,"강전회장은 참인 수장 의혹이 불거띠리 빅전, 지난 7월 격룡 의선에서 물로난받아 있다."
p41_u11,p41,ce5.0,강점 회장은 참용 초사 의혹이 불거비기 빅점 지난 7월 경영 의선에서 물로 난바 있다.
p41_u11,p41,ce10.0,강점 회장은 참회 수장 의혹이 불거지기 빅전 지난 7에 격룡 의선에서 물로난받아 있다.
p41_u12,p41,taps,군감원은 에세툴러스 운영을 계상으로 한 정기공사 과정에서 강해장이 찬념을 통한 닥임의 매른 희온 통황에 팡켰다.
p41_u12,p41,ce0.0,"금감원은 에스 플러스 운명을 계상으로 한 정기공사 과정에서 강회장이 1,000명을 통한 자기네메른 형정황에 평켰다."
p41_u12,p41,ce0.1,"군감원은 SF 플러스 운영을 계상으로 한 정기 공사 과정에서 강회장이 1,000회 통한 자기 메뉴는 형정황을 평켰다."
p41_u12,p41,ce0.5,금감원은 어샛플럭스 운영을 대상으로 한 정비 공사 과정에서 강회장이 찬행을 통한 자기네매를 형정황을 편안했다.
p41_u12,p41,ce1.0,군감원은 에스플럭스 의명을 대상으로 한 정기 공사 과정에서 강회장이 천행의 통원 자기네매를 이용청왕에 편의켰다.
p41_u12,p41,ce2.0,금감원은 SF 플러스 운영을 계상으로 한 전기 공상 과정에서 강회장이 천형을 통한 자기네매른 혐정황을 총켰다.
p41_u12,p41,ce5.0,군감원은 엔세 플러스 의명을 계상으로 한 전기 공사 과정에서 강해장이 환영을 또한 자기 내녀를 훔쳐 왕을 팡켰다.
p41_u12,p41,ce10.0,군감원은 어색 플러스 의명을 계상으로 산 정기 공상 과정에서 강회장이 천형을 통한 자기 매매를 해온 정황을 평폈했다.
p41_u13,p41,taps,금감원은 공유 오피스 업체 원더 플래스페에 강해장이 개인 자금을 대행해진 뒤 법인 명리로 주식 투자를 한 것이 삶앤 구작 자기 매매라고 판단했다.
p41_u13,p41,ce0.0,금감원은 공유옵기 수업체 원접 딜렛스페에 강해장이 개인 자금을 대형해진 뒤 법인 명의로 주식 두자를 한 것이 세문 구자 자기 매매라고 판단했다.
p41_u13,p41,ce0.1,금감원은 공유핏 수업체 원더 플래스페에 강해장이 개인 자금을 대안해 준 뒤 법인 명의로 중식 투자를 한 것이 최명 구자 자기 랩이라고 판단했다.
p41_u13,p41,ce0.5,금감원은 공유오피스 업체 원더플레스 래에 강해장이 개인 자금을 대응해 준 뒤 법인명이로 주식 구자를 한 것이 3인 9자 자기 매매라고 판단했다.
p41_u13,p41,ce1.0,금간원은 공유옵기 수업체 원더플레스 배에 강해장이 개인 자금을 대안해 준 뒤 법인 명의로 주식 부자를 한 것이 처음엔 부자 자기 매매라고 판단했다.
p41_u13,p41,ce2.0,금간원은 공유옵기 수업체 원더 플러스 배에 강해장이 개인 자금을 대형해 준 뒤 법인 명의로 주식 부자를 한 것이 추능 구자 자기 내배라고 판단했다.
p41_u13,p41,ce5.0,금간원은 공유 오피스 업체 원더 플랫 때 강해장이 개인 자금을 대한받은 뒤 법인 명의로 주식 투자를 한 것이 3인 9자 자기 매매라고 판단했다.
p41_u13,p41,ce10.0,금감은 공유옵기 수업체 원더 플러스에 강해장이 개인 자금을 대한해 준 뒤 법인 명의로 주식 부자를 한 것이 춤은 구자 자기 매매라고 판단했다.
p41_u14,p41,taps,"원더 플러스는 강해장이 대추부, 강해장의 딸이 이대 주주로 올라와 있다."
p41_u14,p41,ce0.0,"원더 플러스는 강해장이 대추고, 강해장의 딸이 이대 주주로 올라와 있다."
p41_u14,p41,ce0.1,"원더 플러스는 강해장이 대치도, 강해장의 딸이 이래 주주로 올라와 있다."
p41_u14,p41,ce0.5,원더 플러스는 당의 장이 배추고 당의 장의 딸이 이대주주로 올라와 있다.
p41_u14,p41,ce1.0,"원더 플러스는 강해장이 돼 주고, 강해장의 딸이 이래 주도록 올라와 있다."
p41_u14,p41,ce2.0,"원더 플러스는 당회장의 대주도, 당회장의 딸이 이대주로 올라와 있다."
p41_u14,p41,ce5.0,원더 플러스는 강혈장이 대추고 강혈장의 딸이 이래 주도록 올라와 있다.
p41_u14,p41,ce10.0,"원더 플러스는 강해장이 대주주, 강해장의 딸이 이대주주로 올라와 있다."
p41_u15,p41,taps,공감원에 저 대심 이 후 계제는 국룡위원회 증거 선물위원회 국룡이 정매 회의를 거쳐 최종 결정됐나
p41_u15,p41,ce0.0,공감원의 저 대심 이구 계제는 국룡위원회 증거 선물위원회 금룡이 정매 회의를 갖춰 최종 결정됐나
p41_u15,p41,ce0.1,공감원의 쥐대심 이후 계제는 금륭위원회 증거 산물위원회 금륭이 정례 회의를 갖춰 최종 결정됐나
p41_u15,p41,ce0.5,근간번에 최대심 이후 대대는 금융위험에 증가 선물위험은 금융이 정례 회의를 거쳐 최종 결정됐나
p41_u15,p41,ce1.0,공간원의 저제심 이후 개대는 금륨위원의 증가 선물위원을 금륨이 정례 회의를 거쳐 최종 결정됐나.
p41_u15,p41,ce2.0,금강원의 제대심 이후 대대는 금융위원의 증거선물위원은 금융위원이 정례 회의를 과쳐 최종 결정된다.
p41_u15,p41,ce5.0,공감론의 저 대심 이후 대재는 금융위원회 증거 산물위원회 금융위 정례 회의를 거쳐 최종 결정된다
p41_u15,p41,ce10.0,금간원의 제재심 이후 제재는 금융위원회 중과 선물위원회 금융위 정내 회의를 갖춰 세종 결정된다.
p41_u16,p41,taps,"본산 종국 온도신 통점가는 종국태전, 장애인태전, 기간동안 혼리 마디 특정할 행다를 마르면다."
p41_u16,p41,ce0.0,"온산중국 온도등통점관은 중복체전, 장애인태전 기간동안 혼맵마비 특정할 흰파를 마르면다."
p41_u16,p41,ce0.1,"본산 중구 온도심 탕점 간은 종국 체전, 장애인 체전 기간 동안 손님 마지 특정할 행발을 말합니다."
p41_u16,p41,ce0.5,"원산중국 온도심 탕점관은 중국 최점, 장애인 최점 기간동안 혼맑마리 특정할 생활을 마르맨다."
p41_u16,p41,ce1.0,"불산중국 온도진 청정관은 중국채전, 장애인채전, 기간동안 혼맷이 특정하게 생바를 마르면다."
p41_u16,p41,ce2.0,"온산 중구 온도신 통점관은 중국 체전, 장애인 체전, 기간동안 손님 마지에 특정하의 생활을 마르면다."
p41_u16,p41,ce5.0,"울산중구 온도심 상점관은 종국체전, 장애인체전, 기간 또한 손님막이 팩결할 빙발을 마련합니다."
p41_u16,p41,ce10.0,"울산중국 온도신 평점관은 중국 최전, 장애인 최전, 기관동안 손맥맞이 특정하는 행사를 마르맵니다."
p41_u17,p41,taps,"중국은 오는 7일부터 이기 4일까지 문화의 거리와 보세거리 젊음의 거리, 엘컴 디틴의 성점, 여드나옥 곳이 특지의 행운 발을 진행인다고 얘기를 밝혔다."
p41_u17,p41,ce0.0,"중국은 오는 7일부터 24일까지 문화의 거려와 보세 거리 젊음의 거리, 열검식진의 성점, 여드나옥 곳이 특절 현용사를 진행인다고 얘기를 밝혔다."
p41_u17,p41,ce0.1,"중국은 오는 7일부터 24일까지 문화의 거리와 보세거리, 젊음의 거리, 결컴 빅진의 상자음 여드나옵 곳이 특제 현롱가를 진행한다고 얘기를 밝혔다."
p41_u17,p41,ce0.5,중국은 오는 7일부터 24일 가비 문화의 거리와 보세거리 젊음의 거리 웰컴 피틴의 성장 여드나옵 곳이 특정 혜연진가를 진행한다고 여기를 밝혔다
p41_u17,p41,ce1.0,"중국은 오는 7일부터 24일까지 문화의 거리와 보세거리, 젊음의 거리, 여검 피틴의 성점, 여드나옵보시, 특수연 흘린다를 진행한다고 여기를 대켰다."
p41_u17,p41,ce2.0,"중국은 오는 7일부터 24일까지 문화의 거리와 보세거리, 젊음의 거리, 웰컴 시틴에 성장, 여드나옵 곳이 특별한 행사를 진행한다고 여길 벗겼다."
p41_u17,p41,ce5.0,"친구는 오는 7일부터 24일까지 문화의 거류와 고세 거류 젊은의 거류, 웹헌 10진의 창점, 여드나옵 곳이 특변 할인사를 진행한다고 요기를 밝혔다"
p41_u17,p41,ce10.0,"중국은 오는 7일부터 24일까지 문화의 거리와 보세거리 젊음의 거리, welcome city의 생점, 여드나옵 곳이 특변현 생사를 진행한다고 여길 밝혔다."
p41_u18,p41,taps,일장 권이나 홍보물 등 정우 최종 관련 물품을 드리고 해상소울을 방문하면 제품 버격 가린과 무료염메 등 다양한 혜택에 받을 수 있다.
p41_u18,p41,ce0.0,입장 권이나 홍보물든 정무 체력 발램물품을 즐거워 해장호소를 장몬하면 제품 벚여과린과 무료염메 등 다양한 혜택이 받을 수 있다.
p41_u18,p41,ce0.1,일장 권이나 한국물든 정무 최종 발년물품을 즐거워 해상수호를 방문하면 제품방역 가린과 무료염메 등 다양한 혜택을 받을 수 있다.
p41_u18,p41,ce0.5,입장 권이나 흥금을 등 정룩 최종 발념 물품을 들고 해당 수혈을 방문하면 제품 가격 가린과 무료 음료 등 다양한 혜택을 받을 수 있다.
p41_u18,p41,ce1.0,극장권이나 한국물등 정륙체중 관련 물품을 들고 해당업소리를 배문하면 제품 가격 가린과 무려 없며 등 다양한 혜택을 받을 수 있다.
p41_u18,p41,ce2.0,입장 권이나 항공물든 정북 최종 관련 물품을 즐거고 해당 수호를 방문하면 제품 파격 가린과 무료 의료 등 다양한 혜택을 받을 수 있다.
p41_u18,p41,ce5.0,입장 권이나 항보물 등 정유 체력 관련물품을 주려고 해장 수혈을 장몬하면 제품 파격 할인과 무료 의료 등 다양한 혜택을 받을 수 있다.
p41_u18,p41,ce10.0,입장 권이나 홍보물 등 정국 최정 발념 물품을 들고 시장 수요를 전문하면 제풍 파격 할인과 무려 없려 등 다양한 혜택을 받을 수 있다.
p41_u19,p41,taps,또 2022 뒤 전국태는 울산 인타계램 계정을 팔로우 임기 이장해 봐도 같은 혜택을 자를 수 있다.
p41_u19,p41,ce0.0,"또 2002D, 정국태는 울산 인타계랩 개정을 팔로우 인지, 이징의 배도 같은 혜택을 받을 수 있다."
p41_u19,p41,ce0.1,또 2020이 전국체는 울산 인타계랩 개정을 팔로우 임기 인정을 해도 같은 혜택을 자를 수 있다.
p41_u19,p41,ce0.5,또 2002기비 전국체는 울산 음파결염 개정을 팔로운 뒤 이장을 봐도 같은 패턱을 받을 수 있다.
p41_u19,p41,ce1.0,또 2002 비디 전국체는 울산 인스타그램 계정을 팔로우 인기 인정해도 같은 패턱을 자를 수 있다.
p41_u19,p41,ce2.0,또 2002 비비 전국 채널을 산 인스타그램 계정을 팔로우한 뒤 인증을 봐도 같은 혜택을 자를 수 있다.
p41_u19,p41,ce5.0,또 2000위비 전국체는 울산 인스타그램 계정을 팔로우한 뒤 임중을 배도 같은 회택을 자를 수 있다.
p41_u19,p41,ce10.0,또 2020이 전국체는 울산 인스타그램 개정을 팔로우는 뒤 인정을 봐도 같은 혜택을 찾을 수 있다.
p41_u20,p41,taps,매가 박수의 우산점은 종국태전 기간 동안 영화 표산차원은 콤봉세트 산차원 할인의 혜를 기내했다.
p41_u20,p41,ce0.0,"매가 박수의 우산점은, 종국 최종 부관동안 영화 초 3000원, 콤본세트 3000원 할인회의가를 기내 문다."
p41_u20,p41,ce0.1,매가 박수 울산점은 종국 최종 기간 동안 영합효산치원은 콤봉세트 산태원 할인 행사를 기내합니다.
p41_u20,p41,ce0.5,"매가 박수 울산점은 종국 태전 기간 동안 영합표산 변원, 콤보세트 삼토롬 할이비자를 진행한다."
p41_u20,p41,ce1.0,"매가 박수 울산점은 중국 최종 기간 동안 영합효삼천원, 풍부세트 감천원 할이뱅새를 기내군다."
p41_u20,p41,ce2.0,"매가 박수 울산점은 종국 퇴전 기간 동안 영합표 3000원, 풍부세트 3000원 할인 행사를 기내고 있는다."
p41_u20,p41,ce5.0,"매가 박스 울산점은 종국 퇴전 기간 동안 영합표 3,000원 큰 보석표 3,000원 할이비세를 기내한다."
p41_u20,p41,ce10.0,매가 박스 울산점은 종국 체정 기간 동안 영합 초 3000원 콤보 세트 3000원 할이뱅셔를 기내한다.
p41_u21,p41,taps,중국 문화의 거리 28에 입기한 울산테매기 기분 10월 현달 동안 다양한 다폼을 20 30% 할인된 가게으로 풍리한다
p41_u21,p41,ce0.0,"중국 문화의 거리 28에 잊지않 옳상캠액이 기본 시원 한 달 동안 다양한 작품을 20, 30% 할인된 가게으로 풍리한다"
p41_u21,p41,ce0.1,"중국 문화의 거리 28에 잊지한 울산 케맥이 기분 10월 한 달 동안 다양한 다폼을 20, 30% 할인된 가격으로 풍미한다"
p41_u21,p41,ce0.5,"중국 문화의 거리 28에 잃기한 울산캐넥이 기분 10월 한 달 동안 다양한 박범을 20, 30% 할인된 가득으로 풀려앉다."
p41_u21,p41,ce1.0,"중급 문화의 거리 28에 웃기한 울산 케맥이 기분 시원순달 중간 다양한 자곱을 20, 30% 할인된 가격으로 풍미한다."
p41_u21,p41,ce2.0,"중구 문화의 거리 28에 입기한 울산클래기 기분 시원 한 달 중원, 다양한 자금을 20, 20% 할인된 가격으로 풍리한다."
p41_u21,p41,ce5.0,"중국 문화의 거리 28에 잊히한 울산큰애비 기분 시원 한 달 중간 다양한 작품을 20, 20% 할인된 가격으로 풍리한다."
p41_u21,p41,ce10.0,"중급 문화의 거리 28에 잊지 않, 울산큐맥이 기분. 10월 한 달 동안 다양한 자곱을 20, 30% 활인된 가격으로 풍미한다."
p41_u22,p41,taps,뒷면길 중구청장은 불쌍을 방문한 많은 성림들을 원도심에서 먹고 즐거우고 편히 지는 등 도원 추억을 많이 만들고 가득을 바란다고 말했다.
p41_u22,p41,ce0.0,금명길 중부 정정은 뿐짠을 방문한 많은 승민들이 원도심에서 먹고 즐거우고 편이시는 등 조언 추억을 말이 만들고 과집을 바란다고 말했다
p41_u22,p41,ce0.1,김연길 중국 정장은 불산을 방문한 많은 습림 들이 몬도심에서 먹고 즐기고 편히 주는 등 조언 추억을 말이 만들고 과습을 바란다고 말했다
p41_u22,p41,ce0.5,긴념길 중구청장은 울산을 방문한 많은 손님들이 원도심에서 먹고 주고 있고 편히 지낸 등 도원 추억을 많이 만들고 가격을 바란다고 말했다.
p41_u22,p41,ce1.0,극년길 중구청장은 울산을 방문한 많은 흥림 들이 원도심에서 먹고 즐기고 편이 띄는 등 좋은 추억을 말이 만들고 가퇴길 바란다고 말했다.
p41_u22,p41,ce2.0,기념길 중구 정장은 운산을 방문한 많은 손님들이 온도심에서 먹고 즐기고 편이시는데 좋은 추억을 말이 만들고 가습을 바란다고 말했다.
p41_u22,p41,ce5.0,김연길 중구청장은 울산을 방문한 많은 습님들이 온도심에서 먹고 즐길고 편의히는 등 좋은 초혁을 말이 만들고 과격을 바란다고 말했다.
p41_u22,p41,ce10.0,긴념길 중구청장은 의상을 방문한 많은 선묀들이 원도심에서 먹고 즐글고 편의시 난등 좋은 초혁을 많이 만들고 가습을 바란다고 말했다
p41_u23,p41,taps,한편 울산에서 17년 만에 열리는 제 103에 전국 케익되어 와 제 42에 전국 장인치획계에는 오는 7일부터 14일까지 펼쳐진다.
p41_u23,p41,ce0.0,한편 울산에서 17년 만에 열리는 제 103의 전국 치획대회와 제 42의 전국 장인 치획대회는 오는 7일부터 의지자일까지 펼쳐집니다.
p41_u23,p41,ce0.1,한편 울산에서 수출렷 만에 열리는 제 103에 전국 취획되어 와 제 42에 전국 장인 취획되어 오는 7일부터 1살까지 펼쳐진다
p41_u23,p41,ce0.5,한편 울산에서 57년 만에 열리는 제 103에 전국 7획대와 제 4GB의 본국 장애 7획대는 오는 7일부터 의지 잘까지 펼쳐진다.
p41_u23,p41,ce1.0,"한편 우산에서 17년 만에 열리는 제 103의 전국 치획대회와 제 42의 전국 장인 치획대회는 꼬는 7일부터 1,4일까지 펼쳐집니다."
p41_u23,p41,ce2.0,한편 울산에서 17년 만에 열리는 제 103에 전국 채욕 대회와 제 42에 전국 장인 채욕 대회는 오는 7일부터 24일까지 펼쳐진다.
p41_u23,p41,ce5.0,한편 우산에서 17년 만에 열리는 게 100삼의 종국킬 때와 제 42일 종국 장애인 시일 때에는 오는 7일부터 24일까지 펼쳐진다.
p41_u23,p41,ce10.0,한편 울산에서 7년 만에 열리는 개103의 전국 취획 대화 제 40위의 전국 장인 취획 대회는 오는 7일부터 1위 4일까지 펼쳐진다.
p41_u24,p41,taps,학교 급직을 공급하면서 원산지를 허위 출시한 납호업자들이 인천시에 적발됐다.
p41_u24,p41,ce0.0,학교 급직을 공급하면서 원천지를 호위치시한 납호업자들이 임천시에 적발됐다.
p41_u24,p41,ce0.1,학교 급직을 공급하면서 원선지를 허위 초시한 납포업자들이 인편시에 적발됐다.
p41_u24,p41,ce0.5,학교 급직을 공급하면서 원선지를 허위 출시한 납부업자들이 임선 씨의 적발됐다.
p41_u24,p41,ce1.0,학교 급식을 공급하면서 원선지를 허위 채시한 납포법사들이 임천시에 벽발됐다.
p41_u24,p41,ce2.0,학교 급직을 공급하면서 원산지를 허위 출시한 납부업사들이 임천시에 적발됐다.
p41_u24,p41,ce5.0,학교 급식을 공급하면서 원천지를 허위 출시한 납품업사들이 인천시의 적발됐다.
p41_u24,p41,ce10.0,학교 급식을 공급하면서 원선지를 허위층시한 납토업사들이 임천시의 적발됐다.
p41_u25,p41,taps,인선시 특주의 사복경탈은 농구산물의 원산진포시등에 관한 법률 이반듬으로 납품업자 4명을 적발했다고 이 지참을 밝혔다
p41_u25,p41,ce0.0,인선시 특제 사법경찰은 종기산물의 원산진 조시둥이 관한 동요일이반둔으로 나품업자 4명을 적발했다고 이 지탐을 밝혔다.
p41_u25,p41,ce0.1,임선시 특주의 사법경찰은 농구산물의 원산진 교시등에 관한 법률 이반등으로 납품업사 4명을 덮어냈다고 이티 참을 밝혔다
p41_u25,p41,ce0.5,임 전주의 특결 사법 경탈은 롱구산물의 원산진포시 등에 관한 법률 이반둥으로 나쁜 업자 내녱을 줬발했다고 이 비타민을 밝혔다.
p41_u25,p41,ce1.0,임선주의 특혈 사법 경탈은 농구산물의 원산진총시둥에 관한 법률 이반둥으로 납품업자 4명을 적발했다고 2주 3일 밝혔다.
p41_u25,p41,ce2.0,"임선희 특별 사법 경탈은 노구산물의 원산진 초시둥이의 관합 분를반둥이로 나쁜 업자 4명을 적발했다고 2,3일 밝혔다."
p41_u25,p41,ce5.0,신선 씨 특결 사법 경찰은 농구산물의 원산진 쿠시 등의 관합 법률 위반 등으로 나쁜 업사 4명을 적발했다고 23일 밝혔다.
p41_u25,p41,ce10.0,임 전주의 특유의 사법 경탈은 농기산물의 원산심 부시 등에 관한 분류 위반 등으로 나쁜 업자 4명을 적발했다고 23일 밝혔다.
p41_u26,p41,taps,인찬 특사경은 지난 13일부터 이기비에 가지 초중공급지가품업소 서른 곳을 대상으로 단족을 벌었다.
p41_u26,p41,ce0.0,인천 특사경은 지나 시점일부터 2집의 가지 초중 고급급집 가품업소 서른 곳을 대상으로 단족을 버렸다
p41_u26,p41,ce0.1,임찬 특사 경은 지난 13일부터 20일까지 초중원 고교 급집 납품업소 서른 곳을 대장으로 반속을 벌었다.
p41_u26,p41,ce0.5,인천 특사경은 지난 13일부터 21가지 소중 고격 극지 답은 없어 서른 곳을 대상으로 단속을 버렸다.
p41_u26,p41,ce1.0,"인천 특사경은 지난 13일부터 21가지, 소중 고교 급집 납품 없어 서른 곳을 대상으로 간속을 버렸다."
p41_u26,p41,ce2.0,인천 특사경은 지날 13일부터 20일까지 소중 고교 격직 다품 없어 서른 곳을 대상으로 단속을 벌었다.
p41_u26,p41,ce5.0,인천 특사경은 지난 13일부터 21일까지 소중한 고교 급식 납품 없어 새로운 곳을 대상으로 단속을 벌었다.
p41_u26,p41,ce10.0,임찬 특사 경연 지난 13일부터 20일까지 소중 고교 급식 다품업소 서른 곳을 대상으로 단속을 벌었다.
p41_u27,p41,taps,적발된 에이 업체는 중립성과 국장 고투가를 섞어 제조한 김치의 고추가로 원산귀를 국삼으로 초시했다.
p41_u27,p41,ce0.0,적발전의 옆제는 중기성과 국장 부축가를 섞어 제조한 김치의 고축가로 원산 기울을 극산으로 초시했다.
p41_u27,p41,ce0.1,적발된 에 옆제는 중립성과 국당 교축가를 잊었고 제조한 김키의 고축가로 원판기를 국산으로 초시했다.
p41_u27,p41,ce0.5,적발된의 업체는 중디성과 국장 고주가를 바꿔 제조한 길시의 고주가로 원판율을 국산으로 초시했다.
p41_u27,p41,ce1.0,적발된 에 옆제는 중국상과 국당 고춧가료를 바꿔 제조한 극기의 고춧가로 원판리를 국산으로 처지했다.
p41_u27,p41,ce2.0,적발된의 업체는 중구성과 국당 고축가를 적어 제조한 빈티의 고축가로 원산율을 국산으로 초시했다.
p41_u27,p41,ce5.0,적발된의 업체는 중기성과 국장 구축가를 적고 제도한 글쇄의 구축가로 원산요를 국산으로 철시했다.
p41_u27,p41,ce10.0,적발된 에 옆새는 중기상과 국당 고춧가릴리 적고 제조한 김 씨의 고춧가로 원산규를 국산으로 처시했다.
p41_u28,p41,taps,비 업체는 테익선 낙지와 국선 낙지를 흔한 낙지의 원산디를 국산 후 시업체는 중부산표고 보석을 국선으로 거짓 초시한기 납품했다
p41_u28,p41,ce0.0,비협체는 테익점 낙지와 국선 낙지를 막판 납치의 원산디를 국산 무소. 시협체는 중지사안폐고 보석을 국전으로 거짓 표시한기 납품했다.
p41_u28,p41,ce0.1,v-업체는 태익선 낙지와 국산 낙지를 흔한 낙지의 원산지를 국산 후 시협체는 중부산 표고 보석을 국산으로 거짓 초시한기 납품했다
p41_u28,p41,ce0.5,비업체는 테익산 낙지와 국산 낙지를 막판 낙지의 원산지를 국산 무소. 시업체는 중국산폭우 보석을 국산으로 건지 초시한 비 납품했다.
p41_u28,p41,ce1.0,비협체는 태육삼 낙지와 국성 낙지를 보납한 낙지의 원산지를 국산으로 시협체는 중급산표 보석을 국산으로 거짓 초지한 뒤 낙품했다.
p41_u28,p41,ce2.0,비협체는 태국산 낙지와 국성 낙지를 보납한 낙지의 원산지를 국산으로 시협체는 중국산 표고 모서실 국선으로 거짓 표시 안 뒤 낙품했다
p41_u28,p41,ce5.0,피협체는 태익산 낙지와 국산 낙지를 막판 낙지의 원산지를 국산으로 시협체는 중기수산 표고 보석을 국산으로 거짓표시한 게 맞품했다.
p41_u28,p41,ce10.0,부옆채는 태극산 낙지와 국성 낙지를 막판 낙지의 원산지를 국산으로 수협채는 중국산 표고 벗어서서 국산으로 거짓 표시한 게 맞품했다
p41_u29,p41,taps,귀엽제는 냉동소고기를 냉장 험카로 보관하다가 초산물 이젠 갤리법 위반으로 적달됐다.
p41_u29,p41,ce0.0,뒤 업체는 냉동소고기를 냉장하터로 보관하다가 초산물 리듬 갤리법 위반으로 섯딸겠다.
p41_u29,p41,ce0.1,뒤 업체는 냉동소고기를 냉장 홍사로 보관하다가 초삼을 위생 갈립법 이반으로 적발됐다.
p41_u29,p41,ce0.5,뒤 업체는 냉동수고기를 냉장하세로 보관하다가 축산물 위생 관리법 위반으로 적발됐다.
p41_u29,p41,ce1.0,그 옆에는 냉동 후고기를 냉장 한가로 보관하다가 초산물 이승 갤립법 위반으로 적발됐다.
p41_u29,p41,ce2.0,뒤 업체는 냉동소고기를 냉장한커로 보관하다가 초산물 이슴 갤립법 위반으로 적발됐다.
p41_u29,p41,ce5.0,뒤 옆캔을 냉동 후고기를 냉장 한카로 보관하다가 속산물 위생 갈릭법 위반으로 적발됐다.
p41_u29,p41,ce10.0,그 옆에는 냉동 후고기를 냉장 흥가로 보관하다가 축산물 이승 갤립법 위반으로 석발 젭시다.
p41_u30,p41,taps,인선 숙사경원 적빨련 업체에 대해 두사를 벌인기 검찰에 송치하고 간알부청의 통보해 행정처부하도록 구치할 예정입니다.
p41_u30,p41,ce0.0,인선 숙사경원 적발된 업체에 대해 조사를 벌인기 검찰에 송치하고 거날 부정의 통보해 행정석은 받으러 구체할 예정입니다.
p41_u30,p41,ce0.1,인편 숙사경은 적발된 업체에 대해 조사를 벌인 길 검찰에 송치하고 간을 부청해 통보해 행정처분하도록 교체할 예정입니다.
p41_u30,p41,ce0.5,인선 숙사경은 적발연업체에 대해 조사를 벌인비 검찰에 송치하고 가날 구청에 통보해 행정처분하도록 고치할 예정입니다.
p41_u30,p41,ce1.0,인천 숙사경은 적발된 업체에 대해 두사를 벌인 뒤 검찰에 송치하고 관할 부청에 통보해 행정척을 하도록 고치할 예정입니다.
p41_u30,p41,ce2.0,인천 축사경은 적발된 업체에 대해 조사를 벌인 뒤 검찰에 송치하고 간을 부청해 통보해 행정처분하도록 고치할 예정입니다.
p41_u30,p41,ce5.0,인천 특사경은 적발된 업체에 대해 두사를 벌인길 검찰에 송치하고 관할 구청에 통보해 행정처분하도록 고치할 예정입니다.
p41_u30,p41,ce10.0,인천 숙사경은 적발된 업체에 대행해 조사를 벌인기 검찰에 송치하고 관할 구성에 통보해 행정처분하도록 교체할 여정입니다.
p41_u31,p41,taps,농수산물 원산지 조시를 입안하면 7년 야의 기념이나 1억 원 야의 벽을 명예처해진다.
p41_u31,p41,ce0.0,농수산물 원산지 조치를 위반하면 7년 이하의 2명이나 1억 원 이하의 벽은 명이 처해진다.
p41_u31,p41,ce0.1,농수산물 원산직 조세를 입안하면 7년야의 기념이나 1억 원야의 벽에 명이 처해진다.
p41_u31,p41,ce0.5,농수산물 원산지 조치를 위반하면 7년이할 중요구나 1억 원이 할 벌금 용이 쳐야 된다.
p41_u31,p41,ce1.0,농두산물 원단집 조치를 위반하면 7년이할 경력이나 1억 원이 할 벽을 명예쳐야 된다.
p41_u31,p41,ce2.0,농수산물 원산집 조치를 입안하면 7년 이하의 기녁이나 1억 원 이하의 벽의 명이 처해진다.
p41_u31,p41,ce5.0,농수산물 원산직 조치를 위반하면 7년 이하의 경력이나 1억 원 이하의 벽을 명예 처해 준다.
p41_u31,p41,ce10.0,농수산물 원산지 조치를 위반하면 7년이할 기념이나 1억 원이 할 벽은 명예 추와해 준다.
p41_u32,p41,taps,척산물 이상 관리법을 유받으면 3년이할 중력이나 성천만원 이하의 별근농에 벗게 된다.
p41_u32,p41,ce0.0,촉산물 이성 관리법을 유받으면 3년이야의 분명이나 3.5이아의 벽은형에 벗게 된다.
p41_u32,p41,ce0.1,"축산물 이상 관리법을 위반하면 3년이야의 귐력이나 3,000만 원이야의 별금형에 벗게 된다."
p41_u32,p41,ce0.5,"축산물 유생 관리법을 위반하면 3년 이하의 긴력이나 3,000맘을 이하의 별근명을 벗게 된다."
p41_u32,p41,ce1.0,축산물 이성 관리법을 위반하면 3년 이하의 분명이나 3천만 원 이하의 별근명에 벗게 된다.
p41_u32,p41,ce2.0,축산물 이성 관리법을 이반하면 3년이 하의 빛력이나 3000만 원 이하의 벽은 방해 벗게 된다.
p41_u32,p41,ce5.0,"특산물 이성관리법을 위반하면 3년이 하의 빙력이나 1,000만 명이 하의 빙력이나 1,000만 명이 하의 빙력이나 1,500만 명이 하의 빙력이나 1,500만 명이 하의"
p41_u32,p41,ce10.0,"축산물 이성 관리법을 유반하면 3년이 하의 중요이나 1,000만 원 이하의 벌금형에 적게 된다."
p41_u33,p41,taps,인천시 관계담은 성장기 아이들이 안전하게 먹을 수 있는 축지료 공급 환경 도성을 이에 학교 겹지 납품업소에 대하탄석을 부적적으로 하겠다고 말했다.
p41_u33,p41,ce0.0,인천시 관계담은 총장기 아이들이 안전하게 먹을 수 있는 실제로 공급한경 도서월위에 학기급기 납품업소에 대학산적을 지적적으로 하겠다고 말했다.
p41_u33,p41,ce0.1,인천시 관계담은 성장기알들이 안전하게 먹을 수 있는 숙주로 공급한경 도송을 위해 학교 급직 납품업소에 대한 단적을 부석적으로 하겠다고 말했다.
p41_u33,p41,ce0.5,임천지 관계단은 상장기 아이들을 안전하게 먹을 수 있는 쉽지로 공급한경 도송을 위해 학기 접기 납품업소에 대압한 적을 부적적으로 하겠다고 말했다.
p41_u33,p41,ce1.0,인춘치 관계담은 청장기 아이들이 안전하게 먹을 수 있는 식재료 공급 환경 조성을 위해 학교 겹치 납품업소에 대하탄적을 부적적으로 하겠다고 말했다.
p41_u33,p41,ce2.0,임천시 관계단은 성장기 하이들이 안전하게 먹을 수 있는 숙제로 공급 환경 조성을 위해 학교 곱지 납품읍소에 대한 단석을 구속적으로 하겠다고 말했다.
p41_u33,p41,ce5.0,인천시 관계담은 성장기 아이들이 안전하게 먹을 수 있는 식재료 공급 환경 도송을 위해 학교 급식 납품업소에 대한 탄석을 부적적으로 하겠다고 말했다.
p41_u33,p41,ce10.0,인천시 관계담은 송성기 아이들이 안전하게 먹을 수 있는 쉽지로 공급 환경 조성월위에 학교 급식 납품업소에 대하탄석을 부적적으로 하겠다고 말했다.
p41_u34,p41,taps,지난해 8월 카불협락 이후 이름만명의 혜자라는 아프간이 스탕 국민들이 해외 큐몸길에 올랐다.
p41_u34,p41,ce0.0,지난해 8월 커브를 협락 이후 이랬 만 명의 해찰라는 아프간이 스탕 국민들이 해외 김길에 올랐다.
p41_u34,p41,ce0.1,지난해 8월 카불협락 이후 이랬만명의 자라는 아프간이스타 국민들이 회의핀 길에 올랐다.
p41_u34,p41,ce0.5,지난해 8월 카불숨납 이후 200만명에 달하는 아프간 이스탕 국민들이 해외 퀴육길에 올랐다.
p41_u34,p41,ce1.0,지난해 8월 카불 협력 이후 200만명의 자라는 아프간니스탕 국민들이 해외힘길에 올랐다.
p41_u34,p41,ce2.0,지난해 8월 카불 협약 이후 200만 명의 혜탈하는 아프가니스탄 국민들이 해외평기를 올랐다.
p41_u34,p41,ce5.0,지난해 8월 카불협락 이후 1회 1만 명에 달하는 아프가니스탄 국민들이 회회 표름길에 올랐다.
p41_u34,p41,ce10.0,지난해 8월 카불현락 이후 100만 명의 휘달하는 아프관이 수상 국민들이 회래퓨엄길에 올랐다.
p41_u35,p41,taps,"이들 중 주 아프간 한국 대사관, 한국국제 협력단등, 가거 한국 관련 기간에 몸 담았단, 특별기여자 3198명이 한국당을 밟았다."
p41_u35,p41,ce0.0,"이들 중 주 아프간 한국 대사관, 한국국제 협력단등, 과거 한국 관련 기간에 몸 담었던, 특별기여자 398명이 한국당을 밟았다."
p41_u35,p41,ce0.1,"이들 중 주와프간 한국 대사관, 한국국제 협력단등, 과거 한국 관련 기간에 몸 담았단, 특별기여자 398명이 한국당을 밟았다."
p41_u35,p41,ce0.5,"이별 중 주 아프간 한국 대사관, 한국국대 협력단등, 가거 한국 관련 기간에 몸 담았던 특별귀여자 3198명이 한국당을 발랐다."
p41_u35,p41,ce1.0,"이들 중 워프간 한국 대사관, 한국국제 협력단등, 가거 한국관령 기간에 몸 담았던 특별 귀여자 398명이 한국당을 밟았다."
p41_u35,p41,ce2.0,"이들 중 주와프간 한국 대사관, 한국국대 협력단 등 가거 한국 관련 기간에 몸 담았던 특별기여자 398명이 천국당을 발랐다."
p41_u35,p41,ce5.0,"이들 중 주 아프간 한국 대사관, 한국 국제 협력단 등 과거 한국 관련 기간에 몸 담았다 특별기여자 398년이 한국당을 밟았다."
p41_u35,p41,ce10.0,"이들 중 수아프간 한국 대사관, 현국 국제 협력단 등 과거 현국 관련 기간에 몸 담았는 특별기여자 398명이 현국당을 밟았다."
p41_u36,p41,taps,전남 여수행 경찰 교육원에서 약 6개월 간에 정착 교육을 겪히는들은 옳쳐부터 김맥 이어 굽고 해체를 잡고 성라고 있다.
p41_u36,p41,ce0.0,전남 여수회용 경찰 교육원에서 약 6개월 간의 병착 교육을 거치무져는 올 처 부터 김맥이 역국곳에 털을 잡고 송라고 있다.
p41_u36,p41,ce0.1,전남 여수회행 경찰 길곤에서 약 6개월 간의 경찰 길곤 거침이들은 올체부터 긍래 귀엽고새벼를 잡고 생라고 있다.
p41_u36,p41,ce0.5,전남 여수 회원 경찰 그울건에서 약 6개월 간의 병착 교육을 겉히 늦은 옳쳐부터 인내 기억했고 털을 잡고 숨이 나고 있다.
p41_u36,p41,ce1.0,전남 여수 회원 경찰 교육원에서 약 6개월 간의 정착 교육업히뉴즈는 월처부터 국내 비역국곳의 혜표를 잡고 승리하고 있다.
p41_u36,p41,ce2.0,전남 여수 회용 경찰 교육원에서 약 6개월 간의 병착 교육을 겉히 늦은 꿀쳐부터 긴의 비역국곳의 혜철을 잡고 승나고 있다.
p41_u36,p41,ce5.0,전남 여수 해왕 경찰 교육원에서 약 6개월 간에 병착 교육을 겪히뉴들은 벌쳐부터 국내 기역국고 해체를 잡고 생각하고 있다.
p41_u36,p41,ce10.0,전남 여성 회용 경찰 교육원에서 약 6개월 간의 경찰 교육을 거친 요절은 올 처 부터 국내 비역국곳에 털을 잡고 승인다고 있다.
p41_u37,p41,taps,톡질 기여 나중 가장 많은 소물 아웃 가고는 울짱 간력수와 핸드 중공업된의 도움으로 일산 동구의 겨철을 마련했다.
p41_u37,p41,ce0.0,톡대의 규여 나중 가장 많은 29 가고는 울장 강력수와 현대 증공업 등의 보험으로 울장 동구의 겨처를 마려했다.
p41_u37,p41,ce0.1,특수의 귀여 나중 가장 많은 소물아웃 가고는 불장 간력지와 핸드 증공업 등의 대um으로 일산 동구의 겨철을 마련했다.
p41_u37,p41,ce0.5,폭밀 귀여다 중 가장 많은 소문 아웃 가고는 울장 강력 귀와 핸드폰 공업 등의 보험으로 일장 동구의 겉어를 마려봤다.
p41_u37,p41,ce1.0,폭별 규여 나중 가장 많은 209 가고는 울장 겜역 규와 핸들 중공업 등의 보험으로 1장 동고의 겨처를 막려줬다.
p41_u37,p41,ce2.0,특별 귀여다 중 가장 많은 209 가고는 울산광역시와 현대 진공업 등의 보험으로 1산 동구의 겨철을 마련했다.
p41_u37,p41,ce5.0,특별 규여 다중 가장 많은 20라업 가고는 울짱 거뭇 규와 현대 증공업 등의 배우므로 일산 동고의 겉절을 마련했다.
p41_u37,p41,ce10.0,특수의 귀여자 중 가장 많은 20라업 가고는 울장 법력시와 현대 분공업 등의 보험으로 1찬 동구의 겨처를 마련했다.
p41_u38,p41,taps,이들 생계를 책임기는 29명의 가장들은 현대중공업 협력 업체에서 배관이나 보자 엔진 돌일 것 같은 일을 하고 있다.
p41_u38,p41,ce0.0,이들 생계를 책임기는 29명의 가장들은 현대 증공업 협력 업체에서 백원이나 보자 엔진 돌일 것 같은 일을 하고 있다
p41_u38,p41,ce0.1,이들 생계를 책임지는 29명의 가장들은 현대중공업 협력 업체에서 배관이나 보장 은긴 둘일 것 같은 일을 하고 있다
p41_u38,p41,ce0.5,이들 생계를 책임지는 29명의 가장들은 현대 분공업 협력 업체에서 배관이나 보장 엔진 돌일 것 같은 위를 하고 있다.
p41_u38,p41,ce1.0,이들 생계를 책임기는 29명의 과장들은 핸드징공업 협력 업체에서 배관이나 보장 흰진 둘일과 같은 일을 하고 있다.
p41_u38,p41,ce2.0,이들 생계를 책임지는 29명의 과장들은 현대중공업 협력 업체에서 배관이나 도장 엔진 둘일 것 같은 일을 하고 있다.
p41_u38,p41,ce5.0,"이들 생계를 책임지는 20, 9명의 가장들은 현대중공업 협력 업체에서 배관이나 도장 엔진 둘일과 같은 위를 하고 있다."
p41_u38,p41,ce10.0,이들 생계를 책임기는 29명의 과장들은 현대중공업 풍력 업체에서 백관이나 보장 은근조릴 것 같은 위를 하고 있다
p41_u39,p41,taps,이 정수 울산 담으나 지원센터 당에 따라며 주부들은 담으나 지원센터에서 진행하는 문화 교육을 받고 아이들은 인근 학교에 간이고 있다.
p41_u39,p41,ce0.0,이 정수 울산 담으나 지원센터 장에 따르냔. 주부들은 담으나 지원센터에서 진행하는 문화 교육을 받고 아이들은 인근 학교에 간이고 있다.
p41_u39,p41,ce0.1,이 정수 울산 담으나 지원센터 당에 따르면 주부들은 담으나 지원센터에서 진행하는 문화 교육을 받고 아이들은 인근 학교에 다니고 있다.
p41_u39,p41,ce0.5,이 정수 울산 담으나 지원센터 당했다라면 주부들은 담으나 지원센터에서 진행하는 문화 교육을 받고 아이들은 인근 학교에 감히고 있다.
p41_u39,p41,ce1.0,이 정도 울산 담으나 기원센터 당에 따르면 주부들은 담으나 기원센터에서 진행하는 문화 교육을 받고 아이들은 인근 학교에 간이고 있다.
p41_u39,p41,ce2.0,이 정수 울산 담으나 기원센터 당에 따르면 주부들은 담으나 기원센터에서 지내가는 문화 계획을 받고 아이들은 인근 학교에 간이고 있다.
p41_u39,p41,ce5.0,이 정수 울산 담으나 기원센터 당했다라면 주부들은 담으나 기원센터에서 진행하는 문화 교육을 받고 아이들은 인근 학교에 간이고 있다.
p41_u39,p41,ce10.0,이 정수 울산 담으나 지원센터 강의 다르면 주부조는 담으나 지원센터에서 진행하는 문화 교육을 받고 아이들은 인근 학교에 다니고 있다.
p41_u40,p41,taps,특별 기여자들은 여권처럼 신분을 증명한 수단이 없어 일상성활에서 어려움을 겪고 있는 것으로 알려졌다
p41_u40,p41,ce0.0,특별 기여자들은 여권처럼 침문을 증명한 시단이 없어서 일상 상황에서 어려움을 겪고 있는 것으로 알려졌다.
p41_u40,p41,ce0.1,특별 귀여자들은 여권처럼 신분을 주명한 수단이 없어 의사상활에서 어려움을 겪고 있는 것으로 알려졌다
p41_u40,p41,ce0.5,특별 기여자들은 여권처럼 신문을 증명할 수단이 없어 의상 상황에서 어려움을 겪고 있는 것으로 알려줬다
p41_u40,p41,ce1.0,특별히 귀여자별은 여권처럼 신문을 주묘한 시단이 없다. 일상 상활에서 어려움을 걷고 있는 것으로 알려졌다.
p41_u40,p41,ce2.0,특별 기회자들은 여권처럼 신문을 증명한 수단이 없어 일사성활에서 어려움을 겪고 있는 것으로 알려졌다.
p41_u40,p41,ce5.0,특별 귀여자들은 여권처럼 친문을 중요할 수단이 없어 일상상활에서 어려움을 겪고 있는 것으로 알려졌다
p41_u40,p41,ce10.0,특별 기여자절은 여권처럼 수문을 증명한 수단이 없어 일가성활에서 어려움을 겪고 있는 것으로 알려졌다
p41_u41,p41,taps,한 특질 기어자면 풍성적인 엑사이트 이용이나 일장인원 처리 그 자계설 중 여러 반면에서 막히는 일이 많다고 했다
p41_u41,p41,ce0.0,"한특별 기어자면 통송적인 엑사이트 이용이나 일장인원 처리, 계작에설준 여러 반면에서 마크는 일이 많다고 했다."
p41_u41,p41,ce0.1,탄 특제 기어임은 통상적인 엑사이트 이용이나 일상 인원 처리 그 자계설 중 여러 방면에서 막히는 일이 많다고 했다
p41_u41,p41,ce0.5,한 특렬 기어자는 통성적인 웹사이트 이용이나 일상민원 처리 그저 그 절중 열아방면에서 막히는 리뷰만 타고 했다
p41_u41,p41,ce1.0,한 특결 기어자면 풍공적인 엽사이트 이용이나 일장인원 처리 계작에 설정 여러 방면에서 막으면 리뷰만 타고 했다
p41_u41,p41,ce2.0,한 특별 기어자는 통성적인 엿사이트 이용이나 일상 인원 처리 계작의 절중 여러 방면에서 막히면 일이 많다고 했다
p41_u41,p41,ce5.0,한특별 기어자면 평황적인 웹사이트 이용이나 일상인원 처리 그 자켓 설중 여러 방면에서 막히는 유기만 타고 했다
p41_u41,p41,ce10.0,한 특징을 귀여자면 풍성적인 엿사이트 이용이나 일상 인원 처리 그 자교 절중 여러 방면에서 맡기면 읽을 많다고 했다
p41_u42,p41,taps,미국은 한국도 같이 뒷망정부 지역사회 등이 나서 아프간 이진인들의 정착을 덮고 있다.
p41_u42,p41,ce0.0,미국은 홍고도 같이 증망정부 지역사회 듬이 나서 아프간 이준인들의 정착을 덮고 있다.
p41_u42,p41,ce0.1,미국은 한국과 같이 중앙정부 지역사회 등이 나서 아프간 이쯤인들의 정착을 덮고 있다.
p41_u42,p41,ce0.5,미국은 한국과 같이 증명정부 지역사회 등이 나서 아프다는 이쯤인들의 정착을 덮고 있다.
p41_u42,p41,ce1.0,미국은 한국과 같은 중망정부 지역사회 등이 나서 아프간 이쯤인별의 정착을 덮고 있다.
p41_u42,p41,ce2.0,미국은 한국과 같은 증망정부 지역사회 등이 나서 아프간 이준인들의 정착을 덮고 있다.
p41_u42,p41,ce5.0,"미국은 한국과 가출, 증망정부, 지역사회 등이 나서 아프간 이준민들의 정착을 덮고 있다."
p41_u42,p41,ce10.0,"미국은 한국과 같은 직망정부, 지역사회 등이 나서 아프간 이즈민들의 정착은 덮고 있다."
p41_u43,p41,taps,리국토 안보부에 따르면 지난해 8월 이후 이국으로 건너온 아토관 공리는 약 15명에 달한다.
p41_u43,p41,ce0.0,리국토 안보부에 따르면 지난해 8월 이후 미국으로 건너온 아토강 공유는 약 7만 7천 명에 달한다.
p41_u43,p41,ce0.1,리국토 안보부에 따르면 지난해 8월 이후 이국으로 건너온 아프관 승리는 약 8만 6천 명에 달한다.
p41_u43,p41,ce0.5,"미식도 안부부에 따르면 지난해 8월 이유로 위국으로 넘어 온 아프강 공유는 약 76,000명에 다릅니다."
p41_u43,p41,ce1.0,미국으로 건너온 아프강국인은 약 7만 6천 명에 달한다.
p41_u43,p41,ce2.0,리국토 안보부에 따르면 지난해 8월 이후 미국으로 건너온 아톡은 공위는 약 7만 6천 명에 달한다.
p41_u43,p41,ce5.0,미국도 안보부에 따르면 지난해 8월 이후 미국으로 흉롱한 공유는 약 7만 6천 명에 달한다.
p41_u43,p41,ce10.0,뉴욕도 안보부에 따르면 지난해 8월 이후 미국으로 건너온 아프강 공유는 약 7만 6천 명에 달한다.
p41_u44,p41,taps,이들은 주작재미 자원봉사는 제가 제공하는 정작 프로그램을 통해 직과 직장을 마련하고 있다.
p41_u44,p41,ce0.0,이 글은 주자재미 자원봉사는 제가 제공하는 정작 프로그램을 공해 직과 직장을 마련하고 있다.
p41_u44,p41,ce0.1,"이들은 주사 재미, 자원봉사는 제가 제공하는 정작 프로그램을 통해 짓과 직장을 마련하고 있다."
p41_u44,p41,ce0.5,"이들은 지사 재미, 좌운 봉사는 제가 제공연은 정착 프로그램을 통해 직과 직정을 마련하고 있다."
p41_u44,p41,ce1.0,이 룰은 구사 재미에 좌운 봉사는 제가 제공연은 정착후로그램을 공해 집과 집정을 마련하고 있다.
p41_u44,p41,ce2.0,"이들은 지사 재미, 자원봉사 전체가 제공하는 정착프로그램을 공해 직과 직장을 마련하고 있다."
p41_u44,p41,ce5.0,이들은 주사재미 자원봉화 전체가 제공하는 정착프루골앰을 공해 직과 직장을 마련하고 있다.
p41_u44,p41,ce10.0,이들은 주자체미 자원봉사는 제가 적응하는 정착 프로그램을 통해 직과 직장을 말을 하고 있다.
p41_u45,p41,taps,이들이 미국에 머무를 수 있는 임기 입국 허가 교관은 이면에 부간 것이 문제다.
p41_u45,p41,ce0.0,이별이 미국의 머물을 수 있는 임지 입국 허각교가는 이면에 조간 것이 문개다.
p41_u45,p41,ce0.1,이들이 미국의 머무를 수 있는 인기 입국 허각 기간은 인연의 부간 것이 문제다.
p41_u45,p41,ce0.5,이불이 미국에 머무를 수 있는 인피입국어가 교관은 이면에 부간 것이 문제다.
p41_u45,p41,ce1.0,이 들이 미국의 머물을 수 있는 임기있고 거각에 가는 육면에 부각한 것이 문제다.
p41_u45,p41,ce2.0,이 들이 미국의 머물을 수 있는 임주입구가 교관은 이면에 두간 것이 문제다.
p41_u45,p41,ce5.0,이별이 미국의 머몰을 수 있는 임시 입구가 교관은 이면에 불간 것일 문제다.
p41_u45,p41,ce10.0,이 둘이 미국의 머몰을 수 있는 임기 입국 허가 기간은 인연의 부간과 흥의 문제다.
p41_u46,p41,taps,미시의틀 타임 씨는 바이든 행동부는 이들에게 치방위해 받은 반기적 해결책이 아닌 연규권 불외등 장기적 개책을 제공해야 한다고 기적했다.
p41_u46,p41,ce0.0,미 시혜틀 타임 씨는 바이점 행동부는 이제 래계에 추방유회받은 방기적 해결책이 아닌 영지권 부여등 장기적 개책을 제공해야 한다고 지적했다.
p41_u46,p41,ce0.1,미우시에트 타인스는 바이든 행변은 이들에게 추방위에 받은 방기벽 해결책이 아닌 연주권 부회둔 장기적 개책을 제공해야 한다고 뒤적했다.
p41_u46,p41,ce0.5,미의 시애틀 타임스는 바이든 행동부는 이들에게 치방률을 잡는 당기적 해결적이 아닌 연주권 부예든 장기적 개책을 제공해야 한다고 지적했다.
p41_u46,p41,ce1.0,미이셔트 타임 씨는 다이른 행정부는 이들에게 추방위에 받은 당기력 퇴교첩이 아닌 영주권 부여등 정기력 개책을 적용해야 한다고 기적했다.
p41_u46,p41,ce2.0,리우 씨의 틀 타임스는 다이드 행정부는 이들에게 추방류에 받은 당기적 핵을 제기 아닌 영주권 부여등 장기적 개책을 제공해야 한다고 지적했다.
p41_u46,p41,ce5.0,미 시에트 타임스는 바이든 행융부는 이들에게 추방위에 서튼 당기적 획을 제기 아닌 영주권 부여 등 정기력 개책을 제공해야 한다고 지적했다.
p41_u46,p41,ce10.0,미이셔틀 타임스는 바이즈 흥경부는 지드래계 추방위회사 등 당기적 해결책이 아닌 연주권 부여 등 정리적 개책을 제공해야 한다고 기적했다.
p41_u47,p41,taps,"일본은 전부 뿐 아니라 대학, 구협 등 민간에서도 아프간 이기민들을 지원하고 있다."
p41_u47,p41,ce0.0,"일본은 전부 뿐 아니라 대야, 뒤 엎든 민간에서소 악북한 이쯤인들을 지원하고 있다."
p41_u47,p41,ce0.1,"일본은 정부 뿐 아니라 대학, 귀엽 등 인간의 선소 아프간 이지민들을 지원하고 있다."
p41_u47,p41,ce0.5,"일본은 정부 분암이라 대학, 귀엽 등 민간에서도 아프간 이집인들을 기원하고 있다."
p41_u47,p41,ce1.0,"일본은 전국뿐 아니라 대학, 귀엽 등 민간에서도 아프간 이기반들을 지원하고 있다."
p41_u47,p41,ce2.0,"일본은 정부뿐 아니라 대학, 귀엽 등 민간에서도 아프간 이짐인들을 기원하고 있다."
p41_u47,p41,ce5.0,"일본은 정부 뿐 아니라 대학, 귀엽 등 민간의 회도 아프간 이기민들을 지원하고 있다."
p41_u47,p41,ce10.0,일본은 정부 뿐 아니라 대야 귀엽 등 민간에서도 아프간 이짐인들을 지원하고 있다.
p41_u48,p41,taps,"지난 5월, 희로시마 대학은 가거 유학생 신분이었던 아프간 국민결 5명을 연구원으로 채용하고 두고등 세월 지연을 제공하기로 했다."
p41_u48,p41,ce0.0,"지난 5월, 히로시마 대학은 과거 유학생 신분이었던 아프간 국민별 5명을 연구원으로 채용하고, 주거 등 생활시연을 제공하기로 했다."
p41_u48,p41,ce0.1,"지난 5월, 희로시마 대학은 가구 유학생 흥분이었던 아프간 국민별 5명을 연구원으로 채용하고 두 거등 세월 시연을 제공하기로 했다."
p41_u48,p41,ce0.5,"지난 5월, 시루시마 대학은 과거 유학생 흥분이었다면 아프간 국민 13명을 연구원으로 채용하고 두 거등 생활시연을 적응하기로 했다."
p41_u48,p41,ce1.0,지난 5월 1호시마 대학은 가구 유학생 킹훈이었던 압박한 국민 15명을 연구원으로 채용하고 두 거등 생활시원을 적응하기로 했다.
p41_u48,p41,ce2.0,지난 5월 히로시마 대학은 가구 유학생 큰 분이었던 아프간 국민 15명을 연구원으로 채용하고 두 거등 생활 지원을 적용하기로 했다.
p41_u48,p41,ce5.0,지난 5월 10호 심화 대학은 과거 유학생 충분이었던 아프간 국민 13명을 연구원으로 채용하고 주거등 생활 지원을 적응하기로 했다.
p41_u48,p41,ce10.0,지난 5월 10호시마 대학은 가구 유학생 흥분이었던 아프간 국민 15명을 명구원으로 채용하고 주거 등 생활 지원을 적응하기로 했다.
p41_u49,p41,taps,아프건과 곧 경험을 맞대고 있어. 그거부터 난민일이 찾았던 파클 스탄의 경우 현재 배고픈 만념에 달하는 아프강 국민들이 거주 중인 것으로 알려졌다.
p41_u49,p41,ce0.0,아프관과 고경을 맞대고 있어. 겨부부터 남민일이 찾았던 파클 스탄의 경우 현재 배고픈 만념에 달하는 핵프관 국민들이 거주주는 것으로 알려졌다.
p41_u49,p41,ce0.1,아프관과 복경을 맞대고 있어. 그거부터 난밍립이 찾았던 핵클스탄의 경우 현재 150만명에 달하는 핵프관 국림이 거주 중무 것으로 알려졌다.
p41_u49,p41,ce0.5,아프성과 고격을 맞대고 있어. 그거부터 난민위비 찾았던 파킬스탄의 경우 현재 배고픈 만명의 달하는 아프간 국민이 거주 중인 것으로 알려졌다.
p41_u49,p41,ce1.0,아프광과 고경을 맞대고 있어. 가구부터 난밍 일비 찾았던 탁글스탄의 경우 현재 배고픈 만명을 자라는 아프광 경림이 거주중인 것으로 알려졌다.
p41_u49,p41,ce2.0,아프간과 고경을 맞대고 있어. 그것부터 난민 유익이 찾았던 파퀴스탄의 경우 현재 배고픈 만명에 가라는 아프간 국민이 거주 중인 것으로 알려졌다.
p41_u49,p41,ce5.0,아프관과 고경을 막되고 있어. 그거부터 난민 유입이 찾았던 파퀴스탄의 경우 현재 배고싱 만명에 달하는 아프관 국민이 거주 중인 것으로 알려졌다.
p41_u49,p41,ce10.0,아프관과 국경을 맞대고 있어 적어부터 남민 유입이 찾았던 삭킬스탄의 경우 현재 배고순 만념에 달하는 아프관 국민이 거주 중인 것으로 알려졌다
p41_u50,p41,taps,하지만 이를른 탁키스탄 정보와 텔레반에 오우적 감계타 해 별다른 인도적 지원 없이 가만한 생활을 하고 있다고 미국 매체 데리스 배치가 지난달 보도했다
p41_u50,p41,ce0.0,하지만 이룰은 펑키스탄 정보와 텔레반의 오적 감교타 해 별다른 인도적 지원 없이 가만한 성화를 하고 있다고 리뷰 맥체의 더디스 배치가 지난달 보도했다.
p41_u50,p41,ce0.1,하지만 이를은 패클 스탄 정보와 텔레반의 오적 관계타 해 별다른 인도적 지원 없이 가만한 생활을 하고 있다고 미국 매크의 더디스 배치가 지난달 보도했다.
p41_u50,p41,ce0.5,하지만 이별은 패키스던 정부와 텔레반의 오적 관계당은 별다른 인도적 지원 없이 가만한 생활을 하고 있다고 미국 매크의 더 디스펙지가 지난달 보도했다.
p41_u50,p41,ce1.0,하지만 이들은 특히 스턴 정보와 텔레반에 오우적 관계타 해 별다른 인도적 지원 없이 가만한 생활을 하고 있다고 미국 외치에 더 리시패치가 지난달 보도했다.
p41_u50,p41,ce2.0,하지만 이들은 투키스탄 정보와 텔레반에 오우적 관계타 해 별다른 인도적 지원 없이 가만한 생활을 하고 있다고 미국 매체 더 디스 배치가 지난달 보도했다.
p41_u50,p41,ce5.0,하지만 이들은 펭키스탄 정부와 탈레반에 오우적 감격당해 별다른 인도적 귀여운 없이 가만한 생활을 하고 있다고 미국 매크의 더 디스펙지가 지난달 보도했다.
p41_u50,p41,ce10.0,하지만 이들은 펙키스당 정부와 텔레반에 오우적 감교탕에 별다른 인도적 지원 없이 가만한 생활을 하고 있다고 미국 매치에 더 디스피키가 지난달 보조했다.
p41_u51,p41,taps,L.S. 전선 아시아가 베트남 최대 부동산 개발업체 비밈음에 뒤엉량 전력 공급 시스템 버섯 덕들을 공급했다고 28일 잘 겠다.
p41_u51,p41,ce0.0,L.S. 전선 아시아가 뱃진한 체제 조종산 개발업체 빈 후매 뒤연량 전력 공급 시스템 보석석들을 공급했다고 28일 벨켰다.
p41_u51,p41,ce0.1,L.S. 전선 아시아가 베트남 체대 부동간 개발업체 빈 홈에 득영량 전력 공급 시스템 버섯 등을 근급했다고 28일 달켰다.
p41_u51,p41,ce0.5,L.S. 전선 아시아가 베트남 최대 부종삼 개발업체에 빈 후매 득영량 전료 공급 시스템 버섯 덕들을 공급했다고 28일 벨켰다.
p41_u51,p41,ce1.0,에랜슨 전선 아디아가 베트남 체대 부동산 개발업체에 빈 홈에 드력량 전료 공급 시스템 버섯 덕들을 공급했다고 28일 벨켰다.
p41_u51,p41,ce2.0,헤레슨 전둔 아시아가 베트남 최대 부동산 개발업체 빈혐의 뒤영량 전료 공급 기스템 버섯 덕질을 공급했다고 28일 잘켰다.
p41_u51,p41,ce5.0,에센스 전선 아티아가 베트남 최대 부동산 개발업체 빈 홈에 조용량 전료 공급 슈스템 버섯들을 공급했다고 28을 잘켰다.
p41_u51,p41,ce10.0,L.S. 전문 아티아가 베트남 체대 부동산 개발업체 빈혼맨 주의현량 전료 공급 수스템 버섯 덕들을 공급했다고 18일 벨켰다.
p41_u52,p41,taps,이 시스템은 비놈인 한웨시와 호찜인시의 길는 13만 세대의 규모에 대화 아파트 단기 내 전력 공급에 사랑된다.
p41_u52,p41,ce0.0,이 시스템은 뒤놈 한웨쉬와 폭짐지에 굿는 13만 세대 구모에 대화 아파트 단진의 전력 공급에 사용된다.
p41_u52,p41,ce0.1,이 시스템은 변호인 한호의 시와 호찜주의 뒤는 13만 세대 규모엘 대여 아파트 단진의 전력 공급에 현령된다.
p41_u52,p41,ce0.5,이 시스템은 분홍인 한웨이스와 꽃김인지의 뒷물 13만 세대의 규모에 대화 아파트 단진의 전력 공급에 사용된다.
p41_u52,p41,ce1.0,이 시스템은 비놈인 현호의 시와 웃김인 시에 드는 13만 세대의 금호에 대화 아파트 단진의 전력 공급에 사용된다.
p41_u52,p41,ce2.0,1시스템은 빌놈인 한호이스와 호찜인수의 굿는 13만 최대의 규모의 대화 아파트 단진의 전력 공급에 사용된다.
p41_u52,p41,ce5.0,"이 시스테는 분홈이 한호의 교화, 호찌 민지의 굿는 13만 세대의 규모에 대화 아파트 단진의 전력 공급에 사용된다."
p41_u52,p41,ce10.0,이 시스템은 금금인 한웨이스와 소퀵임수에 굿는 13만 세대 금호행 대형 아파트 간진의 전력 공급에 세웅된다
p41_u53,p41,taps,빈 홈이 됐듯 남 40몇 도시에 뿌신 만호의 집대 건도를 기내하고 있어 추가 소주도 기대된다
p41_u53,p41,ce0.0,빈 홈이 됐듯 남 40명 도시에 수십만 원의 주택 건조를 기념하고 있어 추가 소주도 기대됩니다.
p41_u53,p41,ce0.1,빈홍이 됐듯한 40여 대시에 수십만 원의 축대 권절을 기내하고 있어 추가 승주도 기대된다.
p41_u53,p41,ce0.5,빈 홈이 됐듯한 40여 도시에 수진만호에 즉대 건더를 기능하고 있어 추가 수수도 기대됩니다.
p41_u53,p41,ce1.0,빈 홈이 됐듯 남 40여 도시에 유진만음의 축대권별을 기념하고 있어 추가 흐류도 기대된다.
p41_u53,p41,ce2.0,빈 홈이 됐듯한 바퀴미어 도시해 수진만움을 주택건더를 진행하고 있어 추가 수수도 기대됩니다.
p41_u53,p41,ce5.0,비누움이 됐듯한 자식료 도시에 흐심만음의 즉택건유를 기능하고 있어 추가 순수도 기대된다
p41_u53,p41,ce10.0,빈홍이 됐듯한 40여 도수에 수신만움을 축적 권자를 기내하고 있어 추가 수주도 기대된다.
p41_u54,p41,taps,헤레스 선선 아시아는 비념웨이 모 그룹인 딴 그룹이 건더라는 대형색 빅몰과 리그트 플랜트 등의 또 제품 공급을 튑는 계획이다.
p41_u54,p41,ce0.0,테레스 전선 아시아는 비념웨이 모 그룹인 군 그룹이예 권선하는 대염샵 비무웨과 스윗트 플랜터 등의 또 제품 공급을 투핀한 계획이다
p41_u54,p41,ce0.1,테레스 전선 아시아는 비노메이 모 그룹인 등 그룹이 건담하는 대형샛핑몰과 이겨벳의 플랜터 등의 또 제품 공급을 특히나는 계획이다.
p41_u54,p41,ce0.5,헤레스 전선 아시아는 비념의 모 그룹인 빈 그룹이 건설하는 대형제품 물과 유지옥트 힐랜드 등의 또 제품 공급을 찾는 계획이다.
p41_u54,p41,ce1.0,헤레스 전선 아시아는 비노머이 모 그룹인 빈 그룹이 전선라는 대형식비몰바 이 격트 필름트들랩도 제품 공급을 추진하는 계획이다
p41_u54,p41,ce2.0,헤레스 전선 아시아는 비념의 모 그룹인 딴 그룹이 건설하는 대형쇼킹몰과 이조트 플랜터 등의 또 제품 공급을 추필날 계획이다.
p41_u54,p41,ce5.0,헤레스 전선 아시아는 비노모이 모 그룹인 딴 그룹이 권달하는 대형적인 물과 수격트 필랜터 등의 또 제품 공급을 추진해 계획이다.
p41_u54,p41,ce10.0,"세레스 전선 아시아는 빌러몬이 모 그룹인 긴 그룹이 전선하는 대양척동 물광, 리조트, 신랜자 등의 또 제품 공급을 접히는 계획이다."
p41_u55,p41,taps,버스 덕트는 수제축정 가닥에 전선되신 군부 크리스라함의 판영 고체를 넣어 대용량의 전력을 공급한다.
p41_u55,p41,ce0.0,버스 덕터는 수배축정 바닥에 전전되신 긍부 케이스에 판양 고체를 넣어 제형면에 전력을 공급한다.
p41_u55,p41,ce0.1,버스 덕트는 수백 숙청 가닥에 전선되신 긍부 퀴스라함의 판영 교체를 넣어 제행량의 전력을 공급한다.
p41_u55,p41,ce0.5,버스 덕트는 후대 풍청 가닥에 전선되신 긍수 케이스 안에 판령 고체를 넣어 제형량의 전력을 공급한다.
p41_u55,p41,ce1.0,버스 덕트는 수백 숙청 바닥에 전선 대신 공부 케이스 안에 펜능 교체를 넣어 제형량의 전력을 공급한다.
p41_u55,p41,ce2.0,버스터크는 수백 수천 가닥에 전선 대신 금속히 수 안에 판명 교체를 넣어 제형면에 전력을 공급한다.
p41_u55,p41,ce5.0,버스 덕근은 수대 후청 바닥에 전선되신 근육 퀴즈 안에 판형 고체를 넣어 대용량의 전력을 공급한다.
p41_u55,p41,ce10.0,버스 겉은 수백 숙정 바닥에 전선내신 군속 케이스라함의 판영 고체를 넣어 제형 명의 전력을 공급한다.
p41_u56,p41,taps,전선보다 설측왕 이동이 간편하고 공간은 적게 자리에 초고층 들긴과 아파트 공강 룡을 공심으로 도입이 늘어나는 추세다
p41_u56,p41,ce0.0,전선보자 설치와 이동이 간편하고 공간을 적게 자리에 초고 등 들긴과 아파트 공장 명을 공주므로 도입이 늘어나는 추세다
p41_u56,p41,ce0.1,전선보다 설충화 이동이 간편하고 공간은 적게 차지에 초고층 들긴과 아파트 공장 명을 둥긹으로 도입이 늘어나는 수세다
p41_u56,p41,ce0.5,전선보다 설치와 이동이 간편하고 공간을 적게 자리에 초고층 불생과 아파트 공장 등을 중심으로 보입이 늘어나는 추세다.
p41_u56,p41,ce1.0,전선보다 혈충흥 이동이 감평하고 공간은 적게 자리에 초고층 교대인과 아파클 공정 등을 중심으로 더위비 늘어면은 추세다
p41_u56,p41,ce2.0,전선보다 설치금 이동이 간편하고 공간을 적게 자리에 초고층 불진과 아파트 공정 등을 공심으로 더위기 내려가는 추세다
p41_u56,p41,ce5.0,전선보다 살충한 이동이 간폐마구 공간을 적게 자리에 초고층 긁인과 악마트 공장 등을 궁금으로 도입이 늘어나는 추회다
p41_u56,p41,ce10.0,전선부자 설치홍 이동이 간폐마구 공간은 적게 자리에 초고층 돌진과 아파트 공강 등을 중심으로 도입이 늘어나는 추세다
p41_u57,p41,taps,"L.S. 전선 당시하는 57년 후짐이 L.S.O.C.V.의 숨겨설지를 보충, 범덕풍 시장 거의 긴 베트남의 긴투랬다."
p41_u57,p41,ce0.0,"L.S. 전선 아시아는 57년 복지위, L.S.C.V.의 신규 설지를 보충, 건지덕풍 시장 거액진 백트남의 증초됐다."
p41_u57,p41,ce0.1,L.S. 전선 아시아는 2017년 짐이 L.S.O.C.V에 승부 살기를 부추고 거부덕통시장 거의 긴 베트남에 진출했다.
p41_u57,p41,ce0.5,"L.S. 전설 마시아는 577년 후쾌히 L.S.C.V의 신규 설계를 보충, 번덕 등시장 걸띠인 베표남의 중풀했다."
p41_u57,p41,ce1.0,"L.S. 전선 마주아는 17년 국기위 L.S.O.C.V의 충기 설계를 복축, 더 큰 시장 거의 뒤인 백트남의 증출했다."
p41_u57,p41,ce2.0,L.S. 전선 망시하는 5.17년 폭지 L.S.C. 보이에 충규 설계를 보수 버스 덕 중시장 거의 뛰인 벽트남에 진출했다
p41_u57,p41,ce5.0,L.S. 전선 아시아는 2017년 후쯤인 L.S.C.V의 충격 설계를 고쳐 범벅 궁시장 거의 뛰인 베트남의 증출했다.
p41_u57,p41,ce10.0,헤레스 전선 아휴 안은 2017년에 지민 헤레스 씨 부위에 숨기 설계를 고추어 검수 덕 중시장 거의 띄인 베트남의
p41_u58,p41,taps,"베트남은 개기무와 파트 단교와 상업용 글딩, 아이리지센터, 공장 건설이 회발해지면서 건물에 전선 대신 부터플을 도입하는 사례가 늘었다."
p41_u58,p41,ce0.0,베트남은 개기무와 파트산교와 성웅용 교육인 아이리치센터 공장 건설이 회발해지면서 건물에 전선 배신 부터크를 도입하는 사례가 늘었다.
p41_u58,p41,ce0.1,"베트남은 개기무와 파트 단교와 청엄용 글딩, 아이비티센터, 공작원절이 회발해지면서 건물에 전선 대신 보스톡교를 도입하는 자래가 저렴다."
p41_u58,p41,ce0.5,백툼함은 계기와 아파트 단교와 상업용 교육인 아이디티센터 공장 건설이 회발을 기면서 건물의 전선 배신 부터크를 돌파는 사례가 늘었다.
p41_u58,p41,ce1.0,베특감은 개빈와 파트 단교와 성원용 개딩 아이디키센터 공장건선이 회발해듣으면서 건물의 전선 대균 부석표를 더입하는 자례가 늘었다.
p41_u58,p41,ce2.0,에트남은 대규모 아파트 단주와 성음용 글징 아이디티센터 공장건서리 회발해 지면서 건물에 전선배신 부스터들을 도입하는 사례가 늘었다.
p41_u58,p41,ce5.0,배틀 남은 계기와 파트 단교와 상엄용 교빈 아이디치 센터 공장 권설이 회발을 기면서 건물의 전선 대신 부스터들을 도입하는 사례가 늘었다.
p41_u58,p41,ce10.0,배퇴 남은 개깅의 와빡트 단교와 성험룡 교징 아이디티 센터 동작건서리 회발을 기면서 건물의 전선 대신 부속도를 도입하는 사례가 들었다.
p41_u59,p41,taps,100인제 L.S. 전선 아시아 대통령은 국내 버스 덕트 시장 이루인 L.S. 전선의 기술력을 기반으로 베트난 시장을 현점하겠다고 말했다.
p41_u59,p41,ce0.0,100인제 L.S. 전선 아시아 대표는 국내 버스 덕트 시장 이루인 L.S. 전선의 기술력을 기반으로 베트남 시장을 신점하겠다고 말했다.
p41_u59,p41,ce0.1,100인제 L.S. 전선 아시아 대표는 국내 버스 덕트 시장 1위인 L.S. 전선의 기술력을 기반으로 베트남 시장을 선정하겠다고 말했다.
p41_u59,p41,ce0.5,100인제 헤레스 전선 아시아 대표는 국내 버스 덕트 시장 이루인 헤레스 전선의 기술력을 기반으로 뱉은한 지장을 흔적하겠다고 말했다.
p41_u59,p41,ce1.0,백인대 헤레스 전전 아시아 대표는 국내버스 덕후 시장 1위인 헤레스 전전의 기술력을 기반으로 베트남 시장을 흔들마겠다고 말했다.
p41_u59,p41,ce2.0,100인제 헤레스 전선 아시아 대통령은 국내 버스 덕트 시장 1인 헤레스 전선의 기술력을 기반으로 베트남 시장을 선정하겠다고 말했다.
p41_u59,p41,ce5.0,100인제 헤레슨 전선 마시아 대표는 국내 보석투 시장 이루인 헤레슨 전선의 기술력을 기반으로 배추남 시장을 신점하겠다고 말했다.
p41_u59,p41,ce10.0,100인제 헤레스 전선 아시아재표는 국내 보석투 시장 이루인 헤레스 전선의 기술력을 기반으로 베트남 시장을 선전하겠다고 말했다.
p41_u60,p41,taps,K.K. 롤스터 선수단이 형제부단인 K.K. 위비의 초청을 받아 수원 야구장에 간다.
p41_u60,p41,ce0.0,KT 롤스터 선수단이 홍제부단인 킬트 위지에 추천을 받아 수원 야구장에 간다.
p41_u60,p41,ce0.1,K.T. 롤스터 선수담이 홍재부담이 K.T. 위비의 초청을 받아 수원 야고장에 간다.
p41_u60,p41,ce0.5,KT 롤스터 선수단이 홍제보단인 KT 위비의 초청을 받아 수원 야구장에 간다.
p41_u60,p41,ce1.0,케이크 롤스터 선수단이 흉제부단이 케이크 입위에 촉청을 받아 수원 야구장에 간다.
p41_u60,p41,ce2.0,K.K. Rollster 선수단이 홍재부단인 K.K.V.의 초청을 받아 수원 야고장에 간다.
p41_u60,p41,ce5.0,KK 로스터 선수단이 홍재 부단인 킬킬 위기에 초청을 받아 수원 야구장에 간다
p41_u60,p41,ce10.0,KK Rollster 선수단이 형제부단이 KK 위기의 초청을 받아 수원 야구장에 간다.
p41_u61,p41,taps,KQ 위주부단은 오는 17일 수원 KQ 위즈 파크에서 열리는 L.B.Y. 홍경기의 형제 부단인 KQ 올스터 선수단을 초점해 롤스터 데일은 개치한다고 시리인 발켰다.
p41_u61,p41,ce0.0,케이크 위지 구단은 오는 시치를 소원 케이크 위지파크에서 열리는 L.E.Y. 풍경기의 흉제 구단인 케이키 올스터 선수단을 초점해 소울수처 데일은 개치한다고 12회 잘 켰다.
p41_u61,p41,ce0.1,케이크 위주부단은 오는 시치를 수원 케이크 위치 파크에서 열리는 LVY. 홍경기의 흉제부단인 케이크 올스터 선수단을 초점해 소운스데이를 개치한다고 12일 잘켰다.
p41_u61,p41,ce0.5,퀴치 위주부단은 오는 17일 수원 퀴치 위즈 파크에서 열리는 L.D.Y. 송경기의 홍제 부단인 퀴치 올스터 선수단을 초점해 롤스터 데일을 게치한다고 11 발켰다.
p41_u61,p41,ce1.0,케이크 위주부단은 오는 시치를 수원 케이크 위치 파코에서 열리는 L.D.Y. 홍경기의 흉제부단인 케이크 올스터 선수단을 초점해 롤스터 데일은 겹치한다고 시비행 잘켰다.
p41_u61,p41,ce2.0,케이크 위주 구단은 오는 17일 수원 케이크 위즈파크에서 열리는 L.D.Y. 홍정기의 홍재 구단인 케이크 올스터 선수단을 초점해 롤스터 데일은 개최한다고 시길 잘켰다.
p41_u61,p41,ce5.0,퀴치 위주 구단은 오는 스키를 수원 퀴치 위주 박코에서 열리는 L.V.Y. 흥경기의 흥제 구단임 퀴치 올스터 선수단을 초청해 롤스터 내일을 개치한다고 시리얼 잘 켰다
p41_u61,p41,ce10.0,퀴치 위주 구단은 오는 스티드 수원 퀴치 위치 파쿠에서 열리는 L.D.Y. 성경기의 홍재 구단인 퀴치 올스터 선수단을 측정해 롤스터 데일을 개치한다고 시비인 잘켰다.
p41_u62,p41,taps,이번 로스터 대위에는 경기의 앞서 경기장권을 구매한 고객을 대상으로 오후 4시 40분 부터 1시간 동안 텐사인 애를 기내합니다.
p41_u62,p41,ce0.0,이번 로스터 대위에는 경기의 앞서 경기장권을 구매한 고객을 대상으로 오후 4시 40동부터 1시간 동안 텐사인 애를 진행입니다.
p41_u62,p41,ce0.1,1번 로스터 대위에는 경기의 앞서 경기장권을 고매한 고객을 대상으로 오후 4시 40분 부터 1시간 동안 캔사인회를 드내입니다.
p41_u62,p41,ce0.5,이번 로스터 대위에는 경기의 앞서 경기장권을 구매한 고객을 대상으로 오후 4시 40분 부터 현지간동안 캔자인 애를 진행합니다.
p41_u62,p41,ce1.0,"이번 울스터 대위에는 경기의 앞터, 경기장권을 고매한 고객을 대상으로 오후 4시 40도부터 한지간동안 큰 세인 애를 둔 액입니다."
p41_u62,p41,ce2.0,이번 우수터 대위에는 경기 앞서 경기장권을 고매한 고객을 대상으로 오후 4시 40분 부터 1시간 동안 텐차에 내를 진행합니다.
p41_u62,p41,ce5.0,이번 롤스터 대위에는 경기 앞서 경기장권을 구매한 고객을 대상으로 오후 4시 40분부터 한지간동안 캔세에 내를 구내봅니다.
p41_u62,p41,ce10.0,이번 울스터 대위에는 경기 앞서 경기 입장권을 구매한 고객을 대상으로 오후 4시 40분 부터 1시간 동안 천사의 회를 기념합니다.
p41_u63,p41,taps,펜상에는 이집파쿠 동문에 잊히한 딥뚬기 나온 기회에서 열리며 에이밍 김화 남을 부함에 펜슬곱 영변언이 참석한다.
p41_u63,p41,ce0.0,"텐사인회는 이집파쿠 공문에 잊지한 득톤기 나온 기회에서 열리며 에이밍, 김화남을 부함해 선수일공명 별명이 청석한다."
p41_u63,p41,ce0.1,캔사인에는 이지파쿠 동문에 잊지한 기품이 나온 뒤에서 열리며 에이밍 김한암을 부함해 선수일곱 명병원이 참석한다
p41_u63,p41,ce0.5,"펜사인회는 유지파크 동문에 잊지 않, 빅토리 나온 뒤에서 열리며 앨밍 김화 람을 포함해 선수일곱 영별론이 찬속한다."
p41_u63,p41,ce1.0,"펜사인회는 위집 파크 공문에 입기한 비투미리아온이 돼서 열리며 엘닝, 김화, 남을 부함에 성질공명 전원이 충족한다."
p41_u63,p41,ce2.0,펜사인회는 이집파쿠 공원에 입지한 국돌이 나온 뒤에서 열리며 애일밍이 김화 남을 부함에 손주일공용 전원이 침석한다.
p41_u63,p41,ce5.0,펜사인에는 뮤지파크 동문에 있기한 빅둠기 연기에서 열리며 애일민 김화 람을 보았에 선수일곱명 결혼이 현직한다
p41_u63,p41,ce10.0,센 사이에는 위집 파쿠 공문에 입지한 국둥리아원기에서 열리며 에이딩 김화 남을 부함에 선수유공명 전원이 충섭한다
p41_u64,p41,taps,이날 경기 속리를 기어나는 시곤을 에이밍 김하람이 시타는 커질 문을 잔이 맞는다.
p41_u64,p41,ce0.0,이날 경기 속리를 기어하는 시곤을 에이민 김하람이 시타는 커져 문을 잔이 맞는다.
p41_u64,p41,ce0.1,이날 경기 승리를 개워나는 시곤을 에이민 김파람이 식가는 퀴즈 문을 잔이 맞는다.
p41_u64,p41,ce0.5,이 날 경기 승리를 겨어 나는 시본을 에이민 김하람이 시다는 커질 문을 잔이 맞는다.
p41_u64,p41,ce1.0,이 날 경기 성리를 겨어 나는 시곤을 애임이 긴파람이 타는 커질 문을 잔이 맞는다.
p41_u64,p41,ce2.0,이날 경기 속리를 겨어 나는 시구는 애인이 김하람이 시타는 켜주 문우 잔이 맞는다.
p41_u64,p41,ce5.0,이 날 경기 승리를 겨울하는 시군은 애인인 김하람이 시타는 켜준 문찬이 만난다.
p41_u64,p41,ce10.0,이 날 경기 성리를 겨어 남을 수 있고는 애임이 금바람이 식당은 커져 문찬이 맞는당
p41_u65,p41,taps,"라스칼 근거해를 포함해 아리아 이가울 라이프의 김정민, 기도원 김민성, 등나 이 대방은 애국가를 재창한다."
p41_u65,p41,ce0.0,"라스칼軍공일을 보았에 아리아 이가을 라이프의 김정민, 기두원 진민성, 듬나 1대가면 애국가를 대창한다."
p41_u65,p41,ce0.1,"라스칼 긴 과일을 포함해 아리아 이가을 라이프의 긴정인 기두원 진민성, 등나 일대광연 애국가를 재창한다."
p41_u65,p41,ce0.5,"라스칼 김광혜를 포함해 아리아의 가을 라이패 김정민, 기두원 김윤성, 빙나 1대광현, 애국가를 대창합니다."
p41_u65,p41,ce1.0,라스칸 긴광혜를 포함해 아리아 이가을 라이프의 긴정인 기두원 긴인정 빙나 1대 방은 애국가를 재창한다.
p41_u65,p41,ce2.0,라스코할 긴광위를 포함해 아리아 이가을 라이패 긴종인 기두온 긴인성 빙나 1대광은 애국가를 재창한다.
p41_u65,p41,ce5.0,라스칼 긴광혜를 포함해 아리아 이가울 라이패 긴정님 지두원 긴민성 빛나 1대 방은 애국가를 겨창한다
p41_u65,p41,ce10.0,"라스프한 긴공위를 포함해 아리아의 가을 라이프의 긴정닌 기도원 지민성, 빙나 1대광은 애국가를 대창합니다."
p41_u66,p41,taps,또한 경기 귀면을 로스트 전수담이 응원 단당에 올라 펜젤에게 인사를 전한다.
p41_u66,p41,ce0.0,또한 경기 등면을 로스트 선수담이 응원 단상에 올라 펜제래계 인사를 젖은다.
p41_u66,p41,ce0.1,또한 경기 등에는 롤스타 선수담이 응원 단탕에 올라 편집에게 인터를 전한다.
p41_u66,p41,ce0.5,또한 겸기 등략을 롤스타 선수담이 응원 담당에 올라 팬들에게 인다를 점한다.
p41_u66,p41,ce1.0,또한 경기 증년을 로스타 선수담이 인권 단상에 올라 팬들에게 인사를 전한다.
p41_u66,p41,ce2.0,또한 경기 중에는 롤수타 선수단이 응원 단상이 올라폰들에게 인사를 젖은다.
p41_u66,p41,ce5.0,또한 경기 중인을 로스타 검수담이 응원 단상에 올라 편들에게 인사를 전한다.
p41_u66,p41,ce10.0,또한 경기 중에는 롤스타 섬시담이 인원 단상이 올라 펜드랙에 인사를 젊은다.
p41_u67,p41,taps,"이 밖에도 다양한 이렴트를 통해 로지테케를 데리고 택, 마우스, 그 보둥이 칭필사인볼 등 쿠짐한 결곰을 등정한다."
p41_u67,p41,ce0.0,"이 밖에도 다양한 리렘트를 통해 노지태캐를 세를 지루퇴, 마우스, 키보등, 칭필사인볼 등, 포즈만 겨봄을 등장한다."
p41_u67,p41,ce0.1,"이 밖으로 다양한 이벤트를 통해 로지태 캐럿회를 뒤로 팩, 마우스, 키보등, 칭필사인볼 등, 푸짐한 결곰을 등장한다."
p41_u67,p41,ce0.5,이 밖에도 다양한 이벤트를 통해 로지테케를 해를 지루패 마우스 키보드의 침빈사임볼 등 푸짐한 결곰을 중정한다.
p41_u67,p41,ce1.0,이 밖에도 다양한 이벤트를 통해 로지테케를 해를 비롯해 마우스 그 모든 침빈 사인 벌드 쿠키만 겨범을 중정한다
p41_u67,p41,ce2.0,이 밖에도 다양한 이벤트를 통해 로즈떼 캐드세를 기롯해 마우스 키보드의 칭필 사이벌 등 피귀민 격금을 지정한다
p41_u67,p41,ce5.0,이 밖에도 다양한 이벤트를 통해 로즈 세캐를 해를 기롯해 마우스 그 모든 침대 사인볼 등 푸짐한 격금을 증정한다
p41_u67,p41,ce10.0,이 밖에도 다양한 리벤터를 통해 로지테케를 해를 기롯해 마우스 그 모든 침대 사인 볼등 푸짐한 격봄을 중정한다
p41_u68,p41,taps,임천 3장 봉찰서는 아파트 8팀에서 한국의 송아재 병을 하단으로 던긴 70대 남정 A 씨를 특수상의 미수 혐의로 붙잡아 봉사 비밀하고 이게 9일 뵙겠다
p41_u68,p41,ce0.0,인천 3장 동찰서는 아파트 펼침에서 혁김의 송아재 정을 사전으로 던진 70대 남성 1시를 특수상의 미수염이로 굽잡아 더사진이라고 이길 구일 뵙겠다.
p41_u68,p41,ce0.1,임천삼삼 봉찰서는 아파트 8층에서 학김의 손재창을 화산으로 변진 70대 남정의 씨를 투수상의 미순야미로 붙잡아 다사지미나고 이게 그일 펼켰다.
p41_u68,p41,ce0.5,인천 3장 공탈서는 아파트 8층에서 학김의 수호재 병을 하단으로 변신 심싯대 남평 AC를 토수상의 미술 혐의로 붙잡아 도사 빙이라고 이힛 9일 폐켰다.
p41_u68,p41,ce1.0,인천 선장 본찰서는 아파트팩측에서 학김의 승부자의 정을 하단으로 전진 수십대 남성 1시를 투수상해 미순 혐의로 붙잡아 변화 증리라고 이직 9일 배켰다.
p41_u68,p41,ce2.0,인천 3점 공찰서는 아파트 표춘에서 삶잼의 소음재평을 사단으로 변킨 70대 남성 A 씨를 특수상의 미순념의로 붙다 봐 더사 빙이라고 이게 구입을 보였다.
p41_u68,p41,ce5.0,"인천 삼산 봉찰서는 압박들 8층에서 학교내소화제평을 하단으로 관계, 충실대 남평 이길을 특수상의 미수형이로 붙잡아 동사중이라고 이곳 구인을 풍경했다."
p41_u68,p41,ce10.0,인천 삼성 봉찰서는 압박들 펼치면서 핫김의 송세평을 하단으로 전진 수십대 남평 AC를 특수상의 미숨야미로 붙잡아 검사 비밀하고 29일 펼켰다.
p41_u69,p41,taps,"경찰에 따르면 A 씨는 지난 27일 5, 3시 22분 깨. 이 변시 북경구 북의 동의 함은 아파트 8층에서 1층 허당으로 빈 송아재 병원 전기 혐의를 잡고 있다."
p41_u69,p41,ce0.0,"경찰에 따르면 A 씨는 지난 27일 5, 3시 22분째. 이 셀씨 부경구 부개동의 한 아타트 8층에서 일찍 호당으로 빈 송아재 병을 전지시미를 잡고 있다."
p41_u69,p41,ce0.1,"경찰에 따르면 A 씨는 지난 27일 5, 3시 25개. 이 변시 후 북경구 북의 롱의 한 아파트 8층에서 1층 홍당으로 빈 송아재 병원 전지 혐의를 잊고 있다."
p41_u69,p41,ce0.5,경찰에 따르면 A 씨는 지난 27일 5세 후 이수이 분께 인선실 부평구 부개동의 한 아파트 8층에서 이쯤 후당으로 빈서대평을 전기 행위를 바꿔 있다
p41_u69,p41,ce1.0,"경찰에 따르면 A.C.는 지난 20일, 5세시, 20일 본게. 인편시 부경구 부게롱의 한 아파트 필증에서 이 증호당으로 빈 성악의 병을 전시 준비를 빚고 있다."
p41_u69,p41,ce2.0,"경찰에 따르면 L.C.는 지난 20일 5, 3시, 2시 분권. 이 현실 부평구 부개동의 항은 아파트 8층에서 이 등 허당으로 빈서지 방울 전지 혐의를 붓고 있다."
p41_u69,p41,ce5.0,"강철에 따르면 AC는 지난 20비를 5, 3, 2, 2, 1 눈 깨 인편시 부경구 부개동의 한 아파트 8층에서 이틴 화장으로 빈 통화 제품을 던지시 밀밀을 받고 있다"
p41_u69,p41,ce10.0,경사래 따르면 AC는 지난 20일 5시 22분께 신선시 북경구 부게롱의 홍라파토 펼칭에서 이승호당으로 빈승화제 병원 전기시의를 벗고 있다.
p41_u70,p41,taps,당시 아파트 단진의 보행 문을 따라 갖고 있던 40대 지민 귀 씨는 자신의 직현으로 빈병이 떨어지자 위협을 느꼈다고 경찰에 신고했다.
p41_u70,p41,ce0.0,당시 압박툰 단진의 보행 문을 따라 듣고 있던 40대 지민기 씨는 자신의 직현으로 빈병이 떨어지자 이어 불 늦겠다고 경찰에 승고했다.
p41_u70,p41,ce0.1,당시 아파트 단진의 보행 문을 깔아 두고 있던 40대 주민 퀴즈는 자신의 주변으로 빈병이 떨어지자 위협을 느꼈다고 경찰에 신고했다.
p41_u70,p41,ce0.5,당시 아파트 단뒤에 보장 의를 따라 굽고 있던 40대 증인킬 씨는 자신의 직현으로 빈병이 떨어지자 위협을 느꼈다고 경찰에 신고했다.
p41_u70,p41,ce1.0,당시에 아파트는 단빈의 보장물을 따라 듣고 있던 40대 주민 피스키는 자신의 주변으로 빈병이 떨어지자 위협을 느꼈다고 경찰에 신고했다.
p41_u70,p41,ce2.0,당시 아파트는 단진의 보장 운을 따라 듣고 있던 40대 비밀 피스는 자신의 주변으로 빈병이 떨어지자 위협을 냈겠다고 경찰에 신고했다.
p41_u70,p41,ce5.0,당시에 악바툰 단빈의 부행 물을 깔아갖고 있던 40대 주민 부위 씨는 자신의 주변으로 빈경이 떨어지자 위협을 느꼈다고 경찰에 신고했다.
p41_u70,p41,ce10.0,평시 아파트는 단지 내 보행 문을 깔아줬고 있던 40대 주민 피 씨는 자신의 주변으로 빈병이 떨어지자 위협을 넣겠다고 경찰에 승고했다.
p41_u71,p41,taps,A 씨는 빙정 톡첩테이로 부성자가 있었다면 이웃 지민들의 이야기를 듣고 다음 말은 이규파를 간할 지불에 다당한 자세했다.
p41_u71,p41,ce0.0,A 씨는 분정 톡첩 조이로 부성자가 있었다는 이웃 지민들의 이야기를 듣고 다음 말은 28일 단할 지부대에 편안한 자세했다.
p41_u71,p41,ce0.1,에이씨은 등성 토첩테이로 부성자가 있었다는 일듬인들의 이야기를 겪고 자암날인 28일 단할 지구력이 변화가 자세했다.
p41_u71,p41,ce0.5,엘씨는 분성 토체천이로 부성자가 있었다는 이웃 김민들의 이야기를 듣고 다음 날엔 이웃파를 관할 시골에 대당한 가게였다.
p41_u71,p41,ce1.0,에이씨은 금병푹척 정의로 구성자 가이셨다는 이유들에게 이야기를 듣고 자한말인 인지파를 가날식으로 대담한 자세였다.
p41_u71,p41,ce2.0,에이씨은 기리정 토척테이로 구성적하셨다는 이유들의 이야기를 듣고 다음 날은 28일 간할 지구둥이 차다가 자세했다.
p41_u71,p41,ce5.0,에이씨은 구기정 투척 뒤으로 부성자가 있었다는 의혹 뒷민들의 이야기를 겪고 다음 날엔 28일 관할 지구 등이 변화광 가시했다.
p41_u71,p41,ce10.0,A 씨는 긴경 투척 뒤으로 부성장하셨다면 이웃 등인들의 이야기를 듣고 다음 말은 28일 반할 지부름이 가장 자세했다.
p41_u72,p41,taps,실제로 빛이는 빙경에 맞지않아 주민들의 제멍과 달리 다크기하는 것으로 풍됐다.
p41_u72,p41,ce0.0,실제로 빛이는 딩경에 맞지 않아 주민들의 변호가 달리 가뜩이하는 것으로 풍됐다.
p41_u72,p41,ce0.1,실제로 빛이 있는 분경에 맞지 않아 지민들의 전원과 달리 가띠지 않은 것으로 풍됐다.
p41_u72,p41,ce0.5,실제로 비쥐는 빙경에 맞지 않아 증인들의 전원과 달리 다키기한 것으로 풀어됐다.
p41_u72,p41,ce1.0,실제로 비키는 빙경에 맞지 않아 증인들의 변호가 달리 같이게 하는 것으로 핑크 됐다.
p41_u72,p41,ce2.0,실제로 빗비는 빙경에 맞지 않아 주민들의 전원과 달리 잡히지 않은 것으로 풍이 됐다.
p41_u72,p41,ce5.0,실제로 비키는 빙경에 맞지 않아 증인들의 전원과 달리 갇히지 않은 것으로 풍수 됐다.
p41_u72,p41,ce10.0,실제로 비쥐는 등경에 맞지 않아 주민들의 전원과 달리 갖추지 않은 것으로 풍쓰겠다.
p41_u73,p41,taps,"LC는 변탈에서 포화제를 먹었는데도 송수화 안 돼, 확진의 소화제 병을 단됐다는 길이로 긴장한 것으로 알려졌다."
p41_u73,p41,ce0.0,"LC는 경찰에서 소화제를 먹었는데도 소문도 안 돼, 학김에 소화제 병을 변졌다는 뒤로 긴수란 것으로 알려졌다."
p41_u73,p41,ce0.1,1C는 경찰에서 소화제를 먹었는데도 성쾌한데 학김에 소화제 병을 던졌다는 규기로 긴수란 것으로 알려졌다.
p41_u73,p41,ce0.5,일신은 병탈에서 소화제를 먹었는데도 소화가 안 돼 혁김에 소화제 경을 던졌다는 비비로 긴수란 것으로 알려줬다.
p41_u73,p41,ce1.0,"1시는 경찰에서 토화제를 먹었는데도 소음가 안 돼, 헛김에 소화제 병을 당겼다는 비비로 진술한 것으로 알려졌다."
p41_u73,p41,ce2.0,LC는 벽차래서 소허제를 먹었는데도 소무가 안 돼. 핫김에 소허제 병을 던졌다는 뒤기로 긴수란 것으로 알려졌다.
p41_u73,p41,ce5.0,"1시는 경찰에서 소화제를 먹었는데도 소문성 안 돼, 학김에 소화제 병을 변졌다는 기기로 김수란 것으로 알려졌다."
p41_u73,p41,ce10.0,A 씨는 경찰에서 소화제를 먹었는데도 속눈썹 안 돼 호빈의 소화제 병을 던졌다는 길이로 긴육한 것으로 알려졌다.
p41_u74,p41,taps,경찰 관계단은 1G를 상대로 초화제 장을 간 긴 정확한 이유와 구체적인 개미룡을 보상할 계획이라고 나눴다.
p41_u74,p41,ce0.0,경찰 관계자는 A.C.를 삼겨로 초화제청을 간진 정확한 이이와 구체적인 겸위경을 고사할 계획이라고 남겼다.
p41_u74,p41,ce0.1,경찰 관계자는 1시를 장대로 초아재 장을 건진 정확한 이유와 부체적인 견미 등을 조사할 견미 기가고 노릇다.
p41_u74,p41,ce0.5,경찰 관계자는 일일을 삼겨로 초아재 정을 던진 정확한 이유와 구체적인 겸이병을 보상을 계획이라고 말했다.
p41_u74,p41,ce1.0,경찰 관계자는 일기를 상대로 소화제 정을 건듭 정확한 이유와 구체적인 개미병을 조사할 개미 기다고 너무따
p41_u74,p41,ce2.0,경찰방계자는 1시 를 방대로 소재 병을 던진 정확한 이유와 구체적인 경위정을 조사할 계획이라고 먹었다.
p41_u74,p41,ce5.0,경찰 관계자는 1시를 관계로 소화제 장을 관계인 정확한 이에 와 구체적인 경위 등을 조사할 계획이라고 넘겼다.
p41_u74,p41,ce10.0,경찰 관계자면 1시를 상대로 소화제평을 건지는 정확한 이유와 구체적인 경이등을 조상할 경위 기가고 먹었다.
p41_u75,p41,taps,전부 경찰이 더불어넌듯한 경섭 괴이예과 관련해 성화진 전 도디사 자택을 악수수색했다.
p41_u75,p41,ce0.0,전부 검찰이 더불어민주당 공선 구입 예외과 달려내 소화진 전 도지사 자택을 악수 수제했다.
p41_u75,p41,ce0.1,전부 경찰이 더불어 눈두덩 경선 기획과 관련해 성아진 전 도디사 자택을 악수수색했다.
p41_u75,p41,ce0.5,전부 경찰이 더불어민주당 경선 개입 의혹과 관련해 송아진 전 도비사 자택을 악수 수대했다.
p41_u75,p41,ce1.0,전부 경찰이 더불어민규강 경선 기획을과 관련해 승화진 전 도디서 자택을 악수수택했다.
p41_u75,p41,ce2.0,전부 경찰이 더불어민주장 경선 개입 의혹과 관련해 성화진 전 도디사 자택을 앞조수색했다.
p41_u75,p41,ce5.0,전부 경찰이 더불어민주당 경선구의 의력과 관련해 송아진 전 도디서 자택을 압수수색했다.
p41_u75,p41,ce10.0,전부 경찰이 더불어놓은 유당 경선 구입 인력과 관련해 송아진 전 도디서 자택을 악수수색했다.
p41_u76,p41,taps,앞서 혁신 관려자들을 대고 있고 냄데이예요. 형견 기사 가족까지 수자를 획돼하는 모습이다.
p41_u76,p41,ce0.0,앞서 협신 관려자들을 대고했고 난데 이어 송 전 기사 가족까지 수가를 획득하는 모습이다.
p41_u76,p41,ce0.1,앞서 해치인 관려자들을 대거입고 남대 이어 송현지사 가족까지 수다를 제안을 못 씁니다.
p41_u76,p41,ce0.5,앞서 훨씬 관려자들을 대거했고 나면 되어있고 흥전기사 가족까지 수사를 획대하는 모습입니다.
p41_u76,p41,ce1.0,앞서 희심 관려다벼를 대거했고 난데요 형전시사 가격까지 수가를 획대하는 모습입니다.
p41_u76,p41,ce2.0,"앞서 헷심 관려자들을 대거 입어맺니다, 의원, 송전지사, 가족까지 수사를 자는 못둑니다."
p41_u76,p41,ce5.0,앞서 핵심 관려자들을 대고했고 냄데 이어 순전 기사 가족까지 수가를 했대하는 모습입니다.
p41_u76,p41,ce10.0,앞서 핵심 관려자들을 대거했고 난데요. 송현 기사 가족까지 수가를 했지 않은 모습이다.
p41_u77,p41,taps,10일 전부 경탈청 등에 따르면 검찰은 이날 성화진 전 기사 다택을 압부세켰다.
p41_u77,p41,ce0.0,12일 전부 경살 정돈에 따르면 경찰은 이날 성화진 전 디사 자택을 앞중세켰다.
p41_u77,p41,ce0.1,12일 전부 경탈청 등에 따르면 검찰은 이날 성원진 전 디사가택을 악둔색했다.
p41_u77,p41,ce0.5,12일 전부 경설청 국립다르며 경찰은 이날 소화진 전 비사 바택을 압불색했다.
p41_u77,p41,ce1.0,12일 전부 경탈청 공개 다르며 경찰은 이날 20진 전지사 바퇴을 앞둔 됐겠다.
p41_u77,p41,ce2.0,"시리일 전부 경살천 경겠다면요, 경찰은 이날 숨어진 전 비서 다택을 압불색했다."
p41_u77,p41,ce5.0,"12일 전부 경찰청 등했다면요, 경찰을 이날 송화진 전 디서가택을 앞두세켰다."
p41_u77,p41,ce10.0,12일 전부 경설정 등에 따르며 경찰은 이난 성화진 전지사 같아을 압수색했다.
p41_u78,p41,taps,홍선 독이 가해 보인 오경김 여사가 대상으로 경찰은 이날 자택과 차량 등을 압침색해 증거물을 확보한 데 지뤘겠다.
p41_u78,p41,ce0.0,홍 전 도지가의 보인 오경기 녀사가 대상으로 경찰은 이날 자택과 차량 병을 아침떡해 증거물을 해보았는데 지뤘겠다
p41_u78,p41,ce0.1,홍 전 독이 다해 보인 오경김 여사가 대상으로 경찰은 이날 자택과 차량 명을 악증세게 증거물 획보았는데 기력했다.
p41_u78,p41,ce0.5,송선 보지다의 부인 오겸 김여사가 대상으로 경찰은 이날 자택과 차량 병을 악증적해 증거물을 혁보하는데 죽였겠다.
p41_u78,p41,ce1.0,홈전 도비가의 부인 오경뒤 여사가 대상으로 경찰은 이날 자택과 차량 병을 압춘색해 증겸을 획뽕한데 부렸겠다.
p41_u78,p41,ce2.0,송선 도지 다의 보인 오경균 여사가 대상으로 경찰은 이날 자택과 차량 등을 아픈색해 중검을 확본 데 필요했다.
p41_u78,p41,ce5.0,송선 도지 다의 보인 오경균 여사가 대상으로 경찰은 이날 자택과 차량 등을 압춘적해 증금을 확보한데 주력했다.
p41_u78,p41,ce10.0,송전 도지 다의 보인 오경김 여사가 대상으로 경찰은 이날 자택과 사령 등을 앞출적해 중검으로 흙부한 내 수력했다.
p41_u79,p41,taps,또 경찰은 전북자원 봉사센터에서 발견된 민주당 있당 원서와 관련된 5명 자택도 아성세켰다
p41_u79,p41,ce0.0,또 경찰은 전북자원 봉사센터에서 발견된 민주당 입당 문서와 관련된 5명 자택도 악순세켰다
p41_u79,p41,ce0.1,또 경찰은 전북자원 봉사센터에서 발견된 민주당 입당 원조와 관련된 5명 자택도 악심세켰다.
p41_u79,p41,ce0.5,또 경탈은 전북자원 봉사센터에서 발견된 인주당 입당원서와 관련된 5명 자택도 압승제켰다.
p41_u79,p41,ce1.0,또 경찰은 전북자원 봉사센터에서 발견된 민주당 입당원서와 관련된 5명 자탭도 안 풍제했다.
p41_u79,p41,ce2.0,또 경찰은 전북자원 봉사센터에서 발견된 인류당 입당원서와 관련된 5명 자택도 아시쎄겠다.
p41_u79,p41,ce5.0,또 경찰은 전북 차원 봉사센터에서 발견된 인주당 식당 원조와 발견된 5명 자택도 악성백했다
p41_u79,p41,ce10.0,또 경찰은 전북자원 봉사센터에서 발견된 민주당 입당원서와 관련된 5명 자택도 확실했다
p41_u80,p41,taps,송아진 전 기사를 보자하던 전 기사실장과 예상 가당 등 고위 공무원 칠신들이 총괜 것으로 풍됩니다.
p41_u80,p41,ce0.0,"총화팀 전지사를 보자하던 전 비서실장과 예상가장객, 고위 공무원 칠신들이 풍된 것으로 풍제진다."
p41_u80,p41,ce0.1,"송아진 전지사를 보자하던 전 비서실장과 예상 가단객, 고위 공원 출신들이 풍된 것으로 풍경됩니다."
p41_u80,p41,ce0.5,송아진 전 기사를 보자하던 전 비서실장과 예상 과장 등 고비 공유원 실신들이 초론된 것으로 폰그됩니다.
p41_u80,p41,ce1.0,성하진 전 기사를 보자던 전 비서실장과 예상 과장 등 고위 공무원 실신들이 풍된 것으로 풍됐던다.
p41_u80,p41,ce2.0,송하핀 전지사를 보자던 전 비사실장과 예상 과장 등 고비 공무원 치신들이 풍된 것으로 풍끼댓입니다.
p41_u80,p41,ce5.0,송아진 전시사를 보자던 전 비사실장과 예상 과장 등 고비 공무원 출신들이 풍된 것으로 풍경했습니다.
p41_u80,p41,ce10.0,송아진 전지사를 보자던 전 비자실장과 의상 과장 등 고비 공무원 70들이 풍된 것으로 풍됐습니다.
p41_u81,p41,taps,경찰은 잊을 가운데 일부에 대해선 구속영장 흔청도 검토하는 것으로 알려졌다.
p41_u81,p41,ce0.0,경찰은 이질 가운데 일부에 대해선 구속영자 흔청도 검토하는 것으로 올려줬다.
p41_u81,p41,ce0.1,경찰은 이들 가운데 일부에 대해선 구속영장 흰청도 검토하는 것으로 강의려졌다.
p41_u81,p41,ce0.5,경찰은 이질검 대 일구에 대해서는 고수경장 흔청도 검토하는 것으로 알려졌다.
p41_u81,p41,ce1.0,경찰은 이들검 대 일부에 대해서는 구속영장 신청도 검토하는 것으로 이들검 대 일부에 대해서는 구속영장 신청도 검토하는 것으로
p41_u81,p41,ce2.0,경찰은 이들 검은데 일부에 대해서는 구속영장 신청도 검토하는 것으로 경찰은 이들 검은데 일부에 대해서는 구속영장 신청도 검토하는 것으로
p41_u81,p41,ce5.0,경찰은 이들 가운데 일부에 대해서는 구속영장 신청도 검토하는 것으로 알려졌다.
p41_u81,p41,ce10.0,경찰은 1을 검은데 19에 대해서는 구속영장 행청도 검토하는 것으로 알려졌다.
p41_u82,p41,taps,정찰 감계자는 아픈색 간건 사실이며 호사 종린 사안이라 정확한 건 밝힐 수 없다고 말했다.
p41_u82,p41,ce0.0,경찰 감개변은 아킨색 간건 사실이며 호사 존사한이라 정확한 건 별길 수 없지 않고 말했다.
p41_u82,p41,ce0.1,경찰 관계자는 악신재 관건 40이며 수사 중사한이라 정확한 건 밝힐 수 없지 않고 말했다.
p41_u82,p41,ce0.5,강철 관계자는 악신대 관건 사진이네요. 소사 중인 사안이라 정확한 건 밝힐 수 없다고 말했다.
p41_u82,p41,ce1.0,경철 관계라는 악승백 관건 40이네요. 수사 중인 사안이라 정확한 겸백일 수 없다고 말했다.
p41_u82,p41,ce2.0,"강철 관계자는 악수수색 관건 40인려, 수사 종인 사안이라 정확한 관건 밖을 수 없다고 말했다."
p41_u82,p41,ce5.0,경찰 경계자는 악신대 관건 40이며 수사 중인 사안이라 정확 관건 밖에서 없다고 말했다.
p41_u82,p41,ce10.0,정찰 관계자는 악수 수색 관건 사실이며 수사 중인 사안이라 저와 관건 밖을 수 없다고 말했다.
p41_u83,p41,taps,한편 경찰은 이번 사건과 관련해 전현지 전북도 공무원 열명과 선전북 자원 공과센터장 등 29명을 잇때만 형태다.
p41_u83,p41,ce0.0,한편 경찰은 이번 사건과 관념에 전해지 전북도 공무원 예명과 현 전북 자원 본가신 더장 등 29명을 있던 한 정태가
p41_u83,p41,ce0.1,한편 경찰은 이번 사건과 발겸해 전현지 전북도 경무원 열명과 현 전북 자원 공과센터장 등 29명을 잇돼만 경태다.
p41_u83,p41,ce0.5,"한편, 경찰은 이번 사건과 관련해 전현지 전북도 공무원 열명과 현 전북 자원분가진터장 등 29명을 잇따만 방태다."
p41_u83,p41,ce1.0,한편 경찰은 이번 사건과 관련해 전현직 전복도 공무원 열명과 한 전복 자원봉닷은 터장 등 푸명함 영웅을 웃겨난 경태가.
p41_u83,p41,ce2.0,한편 경찰은 이번 사건과 관련해 전 현직 전북도 공무원 열명과 현 전북 자원분가 쓴 터장 등 29명을 웃고난 형태다.
p41_u83,p41,ce5.0,한편 경찰은 이번 사건과 관련해 전현지 전북도 공무원 4명과 한 전북 자원봉닷은 더장 등 29명을 육검한 당태다.
p41_u83,p41,ce10.0,한편 경찰은 이번 사건과 관련해 전 현직 전복도 공무원 4명과 숨 전복 자원봉가센터장 등 수명한 명을 입견한 정체가
p41_u84,p41,taps,국민의행 전남도 당이 기방선거에 출망한 잔태장과 A1 등 15명의 경견을 확정했다.
p41_u84,p41,ce0.0,국민의행 잔나도 당이 지방성과의 출망할 잔태장과 의원 등 15명의 경선을 확정했다.
p41_u84,p41,ce0.1,붕내 행 젠남도 당이 지방선거에 출마한 항의 잔태장과 의원 등 15명의 김현을 확정했다.
p41_u84,p41,ce0.5,국민의힘 단남도 담이 기방송과의 출몬할 잔퇴상과 의원 등 10단 흠연의 긍선을 확정했다.
p41_u84,p41,ce1.0,국민의힘 잔담도 당리 지방 선거의 출범은 잔퇴당과 의원 등 15명의 근검은 확정했다.
p41_u84,p41,ce2.0,국민의힘 전남도 당이 지방청과의 춤민산 잔패장과 연 등 15명의 경선을 확정했다.
p41_u84,p41,ce5.0,국민의 혜연 전남도 다니 지방선거에 출마할 잔쾌장과 의원 등 15년의 공손을 확정했다.
p41_u84,p41,ce10.0,국민의힘 잔담도 전히 주방성과의 출모할 잔태장과 의원 등 15명이 공존을 훗정했다.
p41_u85,p41,taps,이 국민의힘은 제 77찬 최고위원회를 여이고 제팔의 전국 동지지방선거의 치망을 전남 지역 후보자 15년에 대한 공개우는 최종 이겨랬다.
p41_u85,p41,ce0.0,이 국민의힘은 제 77차 최고위원회를 열고 재판의 전국 동지 지방전거의 치망을 전난 지역 후보자 15년에 대한 공격은 최종 의결했다.
p41_u85,p41,ce0.1,이 일 국민의힘은 제 77층 최고위험회를 내고 제파를 전국 동시 지방권고에 치마할 전남 지역 후보자 15명에 대한 공격은 최종 의견했다.
p41_u85,p41,ce0.5,이 국민의힘은 제 77차 최종 위험회를 열고 제팡대의 전국 동기지방송고의 치망을 전남기역 후보자 15년에 대한 공개는 최종 의견했다.
p41_u85,p41,ce1.0,이 국민의힘은 제 7시 7층 퇴근 위험해를 열고 재팡대 전국 동지 지방전거에 치망을 전남 지역 후보자 15명에 대한 공체는 최종 의결했다.
p41_u85,p41,ce2.0,이 국민의힘은 제 77차 최고위원회를 열고 재판의 전국 동기 지방송거에 치망을 전남 비역 후보자 15명에 대한 공연을 최종 의견했다.
p41_u85,p41,ce5.0,1일 국민의힘은 제 77차 책임위원회를 매우고 제팔의 정독동기 기방선거에 치마할 전남 지역 후보자 15명에 대한 공연을 최종 의견했다.
p41_u85,p41,ce10.0,이 국민의힘은 제 77차 최고위원회를 열고 재팡대의 전국 동기 기방송고의 치망을 전남 지역 후보자 15명에 대한 공정은 최종 의견했다.
p41_u86,p41,taps,"기초 단태장, 부분은 여수시장 식 영원, 성평군수 김예성, 김도군수 김정현, 여한군수 인데안 됩니다."
p41_u86,p41,ce0.0,"지초 단체장, 후보는 여수시장 십 영원, 천평군소 김미성, 김두군소 진정행, 여한군소 인데연됩니다."
p41_u86,p41,ce0.1,"기초 단체장, 후보는 여수시장 십 영원, 3편 본수 김일성, 금도 본수로 긴장해 영함 본수 인데안 됩니다."
p41_u86,p41,ce0.5,"기초 단체장 부분은 6시장 10명은 3편 건수어 긴 녈성, 긴도 건수어 긍정에 명함 건수어 인데안 됩니다."
p41_u86,p41,ce1.0,"기초 단체장 후보는 여수시장 십 영원, 청평군수 김여성, 김도군수 등장에 명함군중 인대한 등입니다."
p41_u86,p41,ce2.0,기초 단체장 후보는 여수시장 신 영원 상평군수 김여성 김도군수 김정현 영하원군수 인디안 등에다
p41_u86,p41,ce5.0,직초 단체장 후보는 여수시장 신 영원 상표군수 김요일성 김도군수 군정의 명함군중 인대한 등의 다
p41_u86,p41,ce10.0,기초 단제장 후보는 여수시장 신명원 송평군수 김여성 김도군수 김장면 명함군성 인대한 등입니다.
p41_u87,p41,taps,"불의 의원 후보는 전남도 의원길에 전서연, 기면석, 체명인, 여수시 의원길에 박정수, 목호시 의원길에 권일한, 순선시 의원길에 이시연으로 홍프장 있다."
p41_u87,p41,ce0.0,"부대의원 후보는 전남도 의원길에 전서연, 기면서 채명이 여수시원길에 박정수, 목호시 행필의 건일한 신선시원길에 이시연으로 흥정했다."
p41_u87,p41,ce0.1,"비대 의원 후보는 전남도 의원들에 전서연, 기면석, 채명인, 여소시 의원 비례, 박정수, 목호시 의원 비례, 건혜란, 순천시 의원 비례, 이시엠으로 훅장했다."
p41_u87,p41,ce0.5,"비배 의원 후보는 전남도 의원길에 전서연, 기면석, 채명이 여수시 의원 비례 박정수, 목호시 의원 비례 권애란 신천시 의원 비례 이천으로 인식용했다."
p41_u87,p41,ce1.0,"비배 의원 후보는 전남도 의원길에 전 더연 비면석 채명이 여수시 의원길에 직정수, 목호시 의원길에 권위란 신승시 의원길에 이천으로 흥정했다."
p41_u87,p41,ce2.0,"비대 의원 후보는 전남도 의원들에 전 더연 비년석 채명이 요소시 의원 비대 박정수, 목호시 의원 비대 권일환, 순천시 의원 비대 이세연으로 수정했다."
p41_u87,p41,ce5.0,"비례 의원 후보는 전남도 의원길에 전서연 비년석 채명이 여수시원 비례 박정호, 목호시원 비례 권일한 순천시원 비례 이시연으로 흙적이 없다."
p41_u87,p41,ce10.0,"그대 의원 후보는 전남도 의원기래, 전서연, 지면석, 채면이 여수시 의원기래, 박정수, 목호시 의원기래, 권혜란 순천시 의원기래, 이천으로 확정했다."
p41_u88,p41,taps,기초의원 선거구 후보는 순산시원 가 육상호 순산시원 파 모테민 나즈시원 다 최정협 영광군의원 나 상현진 진도 구임은 가 이댝진대요다
p41_u88,p41,ce0.0,기초의원 선거구 후보는 순산시원 가 육상호 순산시원 바 고테리 낮은 시원 다 최정석 영각군의원 나 상현진 진도 고위원 가 이백진 등이다
p41_u88,p41,ce0.1,기초의원 선거구 후보는 순산시의원 다 육상호 순산시의원 다 오패밍 놔둬시의원 다 최정혁 연관군의원 나장연진 진도고의원 다 이객힌 됩니다
p41_u88,p41,ce0.5,기초의원 선거구 후보는 순산시위원 가 육상호 순산시위원 가 호템이 나도시위원 다 최정혁 영광군위원 나 장앤진 진도 구위원 가 이댝진 균우다
p41_u88,p41,ce1.0,기초위원 선거구 후보는 순천시위원 다 육상호 순천시위원 다 모템이 나도시위원 다 최정혁 영광군위원 나장연진 진도 구위원 다 이댝진 등이다
p41_u88,p41,ce2.0,기초위원 선거구소 보는 순천시위원 가 육상호 순천시위원 파 모템이 나주시위원 다 최정혁 연관군위원 나 장앤진 진도 고위원 가 이댝진 등우다
p41_u88,p41,ce5.0,기초위원 선고구 후보는 순천시위원 가 육상호 순천시위원 가 고태미 나주시위원 다 최정혁 영광군위원 나 장현진 심도 고위원 가 미백진 경위다
p41_u88,p41,ce10.0,기초 의원 선거구 후보는 순천시 의원 가 육상호 순천시 의원 다 모템이 나도 시 의원 다 최정혁 영광군 의원 나장연진
p41_u89,p41,taps,전남도 당은 지난달 4일에서 8일 지방성공부자를 석브인 퇴꼬 이키시영과 공성관리위원회의 A 면접신생을 봅다
p41_u89,p41,ce0.0,전남도 당은 지난달 4일에서 8일 지방성공부자를 섭쥬인 특둥이 키시연과 공통관리위원회의 낸적 신차를 높다
p41_u89,p41,ce0.1,전난도당은 지난달 4일에서 8일 지방성공부자를 접증해 푹풍의 키시험과 공성관리위원회의 연적 신사를 했다.
p41_u89,p41,ce0.5,전란도 당은 지난달 4일에서 8일 지방송거 후부자를 덥지 PTAT시험과 군성관리 의원의 A 면접심세를 줬다.
p41_u89,p41,ce1.0,전란도 당은 지난달 4일에서 8일 지방송공부자를 섭둥 퇴퓨티 시험과 공송관리 의원의 A 면접신사를 묶다.
p41_u89,p41,ce2.0,전난도 당은 지난달 4일에서 8일 지방송고 후부자를 접수해 피팅 히티시엄과 공송관리 의원의 애의 연적 신세를 줬다.
p41_u89,p41,ce5.0,전남도 당은 지난달 4일에서 8일 지방송공포자를 접승 피폐에이티시엄과 공총관리 의원의 1년자신다를 했다.
p41_u89,p41,ce10.0,전란도 당은 지난달 4일에서 8일 지방 성공 보자를 접수해 피팅 히티스연과 공승관리 의원의 면접진사를 못 다
p41_u90,p41,taps,이후 성금단 특제 등산과 공공천 배신원단 인명위원회 시미등 오단계를 가친 후보들을 최고위원회 청경에 이겨냈다.
p41_u90,p41,ce0.0,이후 송공단 특체 경선과 공공천 배시문단 1명 2연의 시미댄 5단계를 거친 후거들을 최고위원해 청정해 이겐다.
p41_u90,p41,ce0.1,이유 성과인단 특유의 경편과 공공천 배신원단 인형위원회의 시민 등 오단계를 가챈 후보들을 최고위원회 상장에 이겨냈다.
p41_u90,p41,ce0.5,이윤 선거인단 특유의 경선과 국민 공천 배신원단 분명위원회 신뢰 등 오당예를 거친 후보들을 최고위원회 상관에 의견했다.
p41_u90,p41,ce1.0,이 후 성군단 특죠 경전과 공공천 대신원단 인형위원회 시밀 등 오단계를 거친 최고위원회 상장에 이별했다.
p41_u90,p41,ce2.0,이웃 성금인단 특힛 경전과 금위 공천 배신원단 인룡위원회 시미등 오단계를 거친 수거들을 최고위원회 성장에 의견했다.
p41_u90,p41,ce5.0,이윤 상고인단 특힣 경현과 공윤공천 백신 원단 음영위원회 힘예 등 오단계를 거친 흙어들을 최고위원회 장정해 의견했다.
p41_u90,p41,ce10.0,이 선공단 특혜 경권과 금융 공천 배신원단 인형위원회 신입 등 오당계를 같이 응원들을 최고위원회 성점에 의견했다.
p41_u91,p41,taps,"국민의 혜인 잔나도 당연, 역대 최고의 성격을 제시하도록 최승을 다하겠다며 후소자가 없는 선거구에 대한 추가 건물을 오는 6위까지 실시한다고 밝혔다."
p41_u91,p41,ce0.0,국민의 혜인 전남도 당연 역대 최고의 성적을 제시하도록 대선을 다하겠다며 수포자가 없는 선거구에 대한 추가 건물을 오는 6위까지 실시한다고 밝혔다.
p41_u91,p41,ce0.1,국민의힘 젠남도 당연 역대 최고의 성경을 될 수 있도록 최선을 다하겠다며 후보자가 없는 생고구에 대한 추가 강워를 오는 6위까지 흰시한다고 밝혔다.
p41_u91,p41,ce0.5,국민의 혜인 잔남도 당연 역대 최고의 성적을 낼 수 있도록 결심을 다하겠다며 흐뭇아가 없는 선거구에 대한 추가 공머를 오는 6일까지 해왔다고 밝혔다.
p41_u91,p41,ce1.0,"국민의힘 전남도 당연, 역대친구의 성격을 낼 수 있도록 계속을 다하겠다며 후보자가 없는 선거구에 대한 추가 건물을 오는 6일까지 희시한다고 밝혔다."
p41_u91,p41,ce2.0,"국민의힘 전남도 당연, 역대 최고의 성적을 될 수 있도록 체스물 다하겠다며 수고사가 없는 선거구에 대한 추가 고머를 오는 이길까지 실시한다고 밝혔다."
p41_u91,p41,ce5.0,국민의 혜인 전남도 당은 역대 최고의 성적을질 수 있도록 계속을 다하겠다며 수소자가 없는 생고구에 대한 추가 구모를 오는 6일까지 실시한다고 밝혔다.
p41_u91,p41,ce10.0,국민의힘 전남도 당은 역대 최고의 성적을 될 수 있도록 최심을 다하겠다며 수고자가 없는 선거구에 대한 추가 부모를 오는 6일까지 휴실시한다고 밝혔다.
p41_u92,p41,taps,충풍북도 개육경은 내년 3월에 대일할 목놈 나로 헷게에 이탁 되냄이건을 21일 공고했다.
p41_u92,p41,ce0.0,충청북도 교육청은 내년 3월에 개의할 목놈 나로 함께 1탁 전염료광을 20인 공고했다.
p41_u92,p41,ce0.1,충격 묵도 교육장은 매년 3월에 강일할 몽로나로 함께 일탁전행 묵학을 20일 공고했다.
p41_u92,p41,ce0.5,충평국도 교육경은 내년 3월에 개위할 목록나로 획게 이턱 전염료광을 2위비를 공고했다.
p41_u92,p41,ce1.0,충풍북도 교육정은 내년 3월에 그위할 몽농나로 획게에 일탁전행 요박을 20일 공고했다.
p41_u92,p41,ce2.0,충청북도 교육경은 매년 3월에 그니할 목농나로 헷개의 유턱전행 묘각을
p41_u92,p41,ce5.0,충청북도 교육청은 내년 3월의 교육의 활 목록나로 함께 의각전행 요각을 20일 공고했다
p41_u92,p41,ce10.0,충청북도 교육경은 내년 3월에 경기활 목록나로 학교에 입학전행 요건을 이시딘 공고했다.
p41_u93,p41,taps,이 학교는 자학탐재가 길로 설계를 고민하는 고교 1학의원 학생의 대상으로 곡스를 찾을 수 있도록 고와주고 원소소 각교의 양앤으로 돌려보내는 기년제 학교로 오는 긴기.
p41_u93,p41,ce0.0,이 학교는 자학탐재가 들로 설계를 고민하는 고교 1학의 한 학생의 대상으로 곡스를 찾을 수 있도록 고와주고 원소소 각교 2학의 한으로 돌려보는 기현재의 학재로 오는 릴디.
p41_u93,p41,ce0.1,이 획끈은 자악함제과 길로 설계를 고민하는 고교 1항행한 학생을 대장으로 복수를 찾을 수 있도록 고와주고 원소소 같기호의 양면으로 돌려보내는 비면제 획뛰로 오는 눈들.
p41_u93,p41,ce0.5,이혁계는 자아탐색과 글로설계를 고민하는 고교 1학회한 학생회의 대상으로 복수를 찾을 수 있도록 보여주고 원소속 학교의 양앤으로 돌려보내는 1년째 학교로 운영합니다.
p41_u93,p41,ce1.0,이 학교는 자학탐색과 글로설계를 고민하는 고교 1학형 학생회의 대상으로 복수를 찾을 수 있도록 고아주고 원소소 각교위학면으로 돌려보내는 1년제 학교로 오는 부분과
p41_u93,p41,ce2.0,이 학교는 장악한 대가 글로 설계를 고민하는 고교 1학의 형학생을 대상으로 목표를 찾을 수 있도록 도와주고 온 소속 학교의 양면으로 돌려보내는 1년째 학교로 오는 공부.
p41_u93,p41,ce5.0,이 학교는 자악한 백가 근로 설계를 고민하는 고교 1학년 학생의 대상으로 목표를 찾을 수 있도록 구워주고 원소소 각교 의향연으로 돌려보내는 1년제 업뚜러 5년군요.
p41_u93,p41,ce10.0,이 학교는 자아탐색과 글로 설계를 고민하는 고교 1학론 학생을 대상으로 목소리를 찾을 수 있도록 도와주고 원소소 학교 이학면으로 돌려보내는 1년째 웃기로 운영 공부.
p41_u94,p41,taps,올해 그원 대장은 내년에 돈의 고등학교에 대학에 정인 현재 조합계 다방년했습니다.
p41_u94,p41,ce0.0,올해 부원재장은 내년에 돈의 고려 학교에 대학계경인 현대 부학교 가방려 색세입니다.
p41_u94,p41,ce0.1,올해 기원 대장은 내년에 돈의 고등학교에 비약해적인 현재 두 학계 다만 여신스입니다.
p41_u94,p41,ce0.5,올해 기원 대장은 내년에 돈의 고등학교에 기약해 경인 현재 9학교 다 먹냐는 흑쇄입니다.
p41_u94,p41,ce1.0,올해 구원 대상은 내년에 돈의 고등학교에 비하계병인 현대 구원 대상은 내년에 돈의 고등학교에 비하계병인 현대
p41_u94,p41,ce2.0,올해 비원대상은 내년에 돈의 고두앗구의 비하기병인 현대부학교 다망의 학생입니다.
p41_u94,p41,ce5.0,오랄 비원대상은 내년에 돈의 고등학교의 비학회전인 핸드크로학교 사망에 믹스합니다.
p41_u94,p41,ce10.0,올해 기원 대상은 내년에 돈의 고등학교의 비하계료인 현대구학교 사먹는 핵스입니다.
p41_u95,p41,taps,모집 인원은 남녀 구분 없이 모두 24명입니다. 원두덕수 기간은 특성하고 특기할 재명이 시작되는 다음 달 이게 뭘 부터. 일방고 원처 망함일인 12월 15일까지다.
p41_u95,p41,ce0.0,모집 은호는 남녀 구분 없이 모두 24명 했냐. 원조 덥스 기간은 턱숭하고 특대할 재명이 시작되는 다음 달 25일부터. 일방고 원전 망함일인 12월 15일까지다.
p41_u95,p41,ce0.1,모집 인원은 남녀 구분 없이 모두 24명은요. 원두덕스 기간은 특성하고 특기할 제명이 시작되는 다음 달 25일부터. 예방고 원전 망함이린 12월 15일까지다.
p41_u95,p41,ce0.5,모집 인원은 낭려 구분 없이 모두 24명은요. 원두덮속 기관은 특성하고 특결되명의 시작되는 다음 달 25일부터. 예방고 원서 망함이린 12월 15일까지다.
p41_u95,p41,ce1.0,모집 윤호는 남녀 구분 없이 모두 24명 있네요. 원두 덮수기관은 특수마구 특겐 재명이 시작되는 다음 달 25일부터. 일반고 원서 망함이린 12월 15일까지다.
p41_u95,p41,ce2.0,모집 인원은 낭략 구분 없이 모두 24명 있냐. 온도 덮수 기간은 특승하고 특결 재명이 시작되는 다음 달 25일부터. 일단고 원산 망함이린 12월 15일까지다.
p41_u95,p41,ce5.0,모집 인원은 남녀 구분 없이 모두 24명은요. 원두덕수 기간은 특수마구 특겔 재명이 시작되는 다음 달 25일부터 예방구 원편 마감이린 12월 15일까지다.
p41_u95,p41,ce10.0,모집 인원은 남녀 구분 없이 모두 24명 인녀와 원두덮속 기간은 특성하고 특겨를 개명이 시작되는 다음 달 25일부터 예방고 원산 마감일인 12월 15일까지다.
p41_u96,p41,taps,학격전은 자기 속에서와 공호의긴 회를 바탕으로 한 는접을 거쳐 내년 1월 21일 최종 결정입니다.
p41_u96,p41,ce0.0,합격전은 자기 속에서와 꿈의 인사를 바탕으로 한 는접을 거쳐 내년 1월 21일 최종 결정도입니다.
p41_u96,p41,ce0.1,협격자는 자기 속에서와 꿈의 흰 화를 바탕으로 한 는접을 거쳐 내년 1월 21일 최종 결정입니다.
p41_u96,p41,ce0.5,합격자는 자기소개서와 꿈호의 인회를 바탕으로 한 문접을 거쳐 내년 1월 20일 최종 결정됩니다.
p41_u96,p41,ce1.0,합격자는 자기 속에서와 꿈의 의견세를 바탕으로 한 문접을 거쳐 내년 1월 20일 최종 결정된다.
p41_u96,p41,ce2.0,합격자는 자기소개서와 수궁어이긴사를 바탕으로 한 는접을 벗혀 내년 1월 21일 최종 결정된다.
p41_u96,p41,ce5.0,합격자는 자기 속에서와 습구멍의긴 화를 바탕으로 한 문접을 거쳐 내년 1월 21일 최종 결정된다.
p41_u96,p41,ce10.0,학격자는 자기 속에서와 공허의 인화를 바탕으로 한 문잡을 고쳐 내년 1월 21일 최종 결정된다.
p41_u97,p41,taps,목도 나루 학교는 올해 3월에 태교한 옵 계산 목도고가 전항 기공 및 대안 학교로 세츠발하며 얻은 일입니다.
p41_u97,p41,ce0.0,목도 나루 갈게는 올해 사모에 태교한 옵 계산 목도고가 전앙기고음 및 대안 학교로 새치발하며 얻은 일입니다.
p41_u97,p41,ce0.1,"목도나루 학교는 고래 자물, 켜기원, 예계산, 목도고가 전앙기고옹님, 대안 학교로 세치반하며 어둠이랍니다."
p41_u97,p41,ce0.5,목도 나루 학교는 꼬를 사모해 폐기와 옵 계산 목도고가 변항 기공 및 대안 학교로 세취받으며 얻은 이릅니다.
p41_u97,p41,ce1.0,"목도 나루 학교는 올해 3월 폐교원, 옵 계산 목도고가 전항 기공립, 대안 학교로 세츠방안에 얻은 일입니다."
p41_u97,p41,ce2.0,목도 나루 학교는 올해 3월 태교와 옅 계산 목도고가 전한 귀공이 대안 학교로 세츠바람이 어젠 이랬는다.
p41_u97,p41,ce5.0,목도 나루 학교는 올해 3월 켜교한 옵 계산 목도고가 전환 906 대안 학교로 새 출발하며 얻은 이릅니다.
p41_u97,p41,ce10.0,목도 나루 학교는 올해 3월 표경 옵 계산 목도고가 전항 기공민 대안 학교로 세출받았냐 얻은 일입니다.
p41_u98,p41,taps,교명예는 배가 닫고 뜨나는 나루처럼 새로운 도전과 다양한 탐색을 돈 자신을 성찰하고 인생의 목표를 세우는 헷갈라는 의미가 단계했다.
p41_u98,p41,ce0.0,교명에는 배가 닦고 뚫나는 나루처럼 헤러운 도전과 다양한 탐재급 도움이 자신의 성살하고 인정의 목표를 세우는 헷갈난의 의미가 담겨 있다.
p41_u98,p41,ce0.1,교명에는 배가 닦고 뜨나는 나루처럼 새로운 도전과 다양한 탐색을 도움이 자신의 성찰하고 인템의 목표를 세우는 학교에다니가 단계했다.
p41_u98,p41,ce0.5,교명에는 배가 닦고 뜨나는 나루처럼 새로운 도전과 다양한 탐색을 도움이 자신의 성탈하고 인성의 목표를 채우는 학교라는 의미가 담겨 있다.
p41_u98,p41,ce1.0,교명에는 배가 닫고 뜨나는 나루처럼 새로운 도전과 다양한 한템색을 도움이 자신을 청청하고 인평의 목표를 세우는 효근하는 의미가 담겨있다.
p41_u98,p41,ce2.0,경영예는 배가 닫고 뚫나는 나루처럼 새로운 도전과 다양한 탐색을 도움이 자신을 송창하고 인성의 목표를 채우는 효교단의 의미가 담겨있다.
p41_u98,p41,ce5.0,그 명예는 배가 닫고 뜨나는 나루처럼 새로운 교정과 다양한 탐색을 둘며 자신을 상상하고 인생의 목표를 세우는 훅근하는 의미가 담겨있다.
p41_u98,p41,ce10.0,교명에는 배가 닫고 뚫나는 나루처럼 새로운 보존과 다양한 탐색을 동네 자신을 성장하고 인생의 목표를 세우는 흑근한의 의미가 담겨있다
p41_u99,p41,taps,또 100여 년 전 소금배가 그나들 전 목도 나루의 기억 공룰해요. 이름 부탁드렸다.
p41_u99,p41,ce0.0,또 100여 년 전 소공대가 그나들 전 목도 나루의 지혁공으로 헸려 이름 붙여졌다
p41_u99,p41,ce0.1,또 100년 전 소군배가 그나들 전 목도 나루의 기억공으로 헬려 이름 부탁했다
p41_u99,p41,ce0.5,또 100여 년 전 소금 배가 둔 아들 전 목도 나루의 지혁건으로 하려 이를 못해 갔다
p41_u99,p41,ce1.0,또 100년 전 소근배가 둔 아들 전 목도 나루의 지혁원으로 했냐 이런 부착했다.
p41_u99,p41,ce2.0,또 100년 전 소금배가 둔 아들 전 목도 나루의 지어 선글를 훌륭 이런 부착했다.
p41_u99,p41,ce5.0,또 100년 전 소금대가 둔 아들 전 목도 나루에 피어 홍도하여 이런 부차렸다.
p41_u99,p41,ce10.0,또 100년 전 소금베가 두 나들 전 목도 나루의 귀여운 송글렁 이런 부착했다.
p56_u00,p56,taps,전북 익산시는 노민들의 농작업 기계화를 지원하기 위해 농기계임대 사업수 운영을 통해 다양한 서비스를 제공하고 있다고 12위 밝혔다.
p56_u00,p56,ce0.0,전북 익산시는 농릉들의 농작업 기계화를 지원하기 위해 농기계임대사업수 운영을 통해 다양한 서비스를 제공하고 있다고 12위 밝혔다.
p56_u00,p56,ce0.1,전북 익산시는 노민들의 농작업 기계화를 지원하기 위해 농기계 인데 사업수 운영을 통해 다양한 서비스를 제공하고 있다고 12위 밝혔다.
p56_u00,p56,ce0.5,전부 익산시는 노민들의 농작업 기계화를 지원하기 위해 농리대 인데 사업수 의령을 통해 다양한 서비스를 제공하고 있다고 12일 밝혔다.
p56_u00,p56,ce1.0,전부 빅산 씨는 노릴들의 농작업 비계화를 지원하기 위해 농비게임대 사업수 운영을 통해 다양한 서비스를 제공하고 있다고 시비에 밝혔다.
p56_u00,p56,ce2.0,전북 익산시는 농민들의 농작업 기계화를 지원하기 위해 농기계 인데 사업수 운영을 통해 다양한 서비스를 제공하고 있다고 시비이 밝혔다.
p56_u00,p56,ce5.0,전부 익산시는 농민들의 농자꽃 기계완을 지원하기 위해 농비계 인데 사업수 운영을 통해 다양한 서비트를 제공하고 있다고 12일 밝혔다.
p56_u00,p56,ce10.0,전북 익산 신난 농민들의 농작업 기계화를 지원하기 위해 농기계 인데 사업수 운영을 통해 다양한 서비스를 제공하고 있다고 11일 발켰다.
p56_u01,p56,taps,CIO 거리가 멀어 이용해 둘편은 호소하는 농업인을 위해 넘기게 대달 음성류 지원 범위를 90%까지 확대했다.
p56_u01,p56,ce0.0,시회의 거리가 멀어 이용해 둘편은 호소하는 농업인을 위해 눈기계 대달 음성률 지원 범위를 90%까지 확대했다.
p56_u01,p56,ce0.1,CEO 거리가 멀어 이용해 둘뼈는 호소하는 농업인을 위해 눈기계 대달 음성류 지원 범위를 90%까지 확대했다.
p56_u01,p56,ce0.5,실용 거리가 멀어 이 용어 불편은 소소하는 농어비를 위해 용기계 배달 음성률 직원밤을 90%까지 확대했다.
p56_u01,p56,ce1.0,쉬운 거리가 멀어 이용해 불편은 호소하는 농업인을 위해 눈빛에 대달 음성류 지원 범위를 90%까지 확대했다.
p56_u01,p56,ce2.0,실용 거리가 멀어 이용해 불편을 호소하는 노업인을 위해 농기계 대단운송류 지원 밤의를 90%까지 확대했다.
p56_u01,p56,ce5.0,시용 거리가 멀어 이용해 불편을 호소하는 농어빈을 위해 눈기계 배달 음성류 지원 범위를 90%까지 확대했다.
p56_u01,p56,ce10.0,"시용 거리가 멀어 이용할 불편을 후소하는 농업인을 위해 눈빛에 대달 은속류, 지원 범위를 90%까지 확대했다."
p56_u02,p56,taps,이에 따라 농업인은 1형은 동도에 음송림만 부담하면 누굉장고 편상에서 기계를 자랐을 수 있게 됐다.
p56_u02,p56,ce0.0,이에 따라 농업인은 1윤 동독의 운송류만 부담하면 누군자가 편상에서 기계를 받았을 수 있게 되었다.
p56_u02,p56,ce0.1,이에 따라 농업 있는 1윤정도의 음성림만 부담하면 누군자 껍현장의 생기대를 자랐을 수 있게 되었다.
p56_u02,p56,ce0.5,이에 따라 농업이 있는 1만원 정도의 운송림만 부담하면 누군자가 편상에서 기계를 바랐을 수 있게 되었다.
p56_u02,p56,ce1.0,이에 따라 노업이는 앰문문 정도의 음성위만 부담하면 노공작업 현장에서 기계를 바랐을 수 있게 되었다.
p56_u02,p56,ce2.0,이에 따라 농업인은 1원 정도의 음성류만 부담하면 누군지하고 판상에서 기계를 받았을 수 있게 되었다.
p56_u02,p56,ce5.0,이래 따라 농어빈을 애형원 덤도에 음성류만 부담하면 누굉장어 편장에서 기계를 바랐을 수 있게 되었다.
p56_u02,p56,ce10.0,이에 따라 농업인은 애매한 덩어로에 은수료만 부담하면 누굉장어 편인상의 성기계를 받았을 수 있게 되었다.
p56_u03,p56,taps,또 영능철인 3에서 유아래는 토 1A 레드 인데 넘어 기계를 이용할 수 있도록 했다.
p56_u03,p56,ce0.0,또 영롱 자린 상서 유아래는 토 1A 레드 인데 농업 기계를 이용할 수 있도록 했다.
p56_u03,p56,ce0.1,또 영능철인 3에서 유아래는 토 1A 랩은 인데 넘어 기재를 이용할 수 있도록 했다.
p56_u03,p56,ce0.5,또 영롱턴인 3에서 6월에는 411레브 인데 농업 기계를 이용할 수 있도록 했다.
p56_u03,p56,ce1.0,또 영롱턴인 3에서 유아래는 토1의 랩은 인데 노업 기계를 이용할 수 있도록 했다.
p56_u03,p56,ce2.0,"또 영롱 차린 3에서 이 아래는 더 1, 1, 1에도 인데 눈 업 기계를 이용할 수 있도록 했다."
p56_u03,p56,ce5.0,또 영롱 차린 3에서 UR에는 토 1의 레드 인데 넘어 비계를 이용할 수 있도록 했다.
p56_u03,p56,ce10.0,또 영롱 차린 3에서 6월에는 토 1을 해도 인데 농업 기계를 이용할 수 있도록 했다.
p56_u04,p56,taps,9에서 11월에도 가을 영롱철 시의 근무를 통해 언제라도 농작업을 할 수 있도록 농가를 적극 지원한다.
p56_u04,p56,ce0.0,9에서 11월에도 가을 영웅철 시위 근무를 통해 언제라도 농작업을 할 수 있도록 농가를 적극 지원한다.
p56_u04,p56,ce0.1,9에서 11월에도 가을 영롱철 시위 근무를 통해 언제라도 몽작업을 할 수 있도록 용가를 적극 지원한다.
p56_u04,p56,ce0.5,9에서 11월에도 가을 영롱철 10일 근무를 통해 언제라도 농작업을 할 수 있도록 농가를 적극 지원한다.
p56_u04,p56,ce1.0,9에서 11월에도 가을 영롱철 10일 근무를 통해 언제라도 농작업을 할 수 있도록 농가를 적극 지원한다.
p56_u04,p56,ce2.0,9에서 11월에도 가을 영웅철 시위 근무를 통해 언제라도 농작업을 할 수 있도록 농가를 적극치환한다.
p56_u04,p56,ce5.0,9회저 11월에도 가을 영롱철 10일 근무를 통해 언제라도 농작업을 할 수 있도록 농가를 적극치환한다.
p56_u04,p56,ce10.0,9에서 11월에도 가을 영롱철 수일 근무를 통해 언제라도 농작업을 할 수 있도록 농가를 적극 지원한다.
p56_u05,p56,taps,실릴또 유거 경원을 두려우면 인기기중 105대를 추가하꼭 길을 했다.
p56_u05,p56,ce0.0,실눈 또 6억여 원은 2개월 우민들의 인기 지정 105대를 추가할 것 길을 했다.
p56_u05,p56,ce0.1,실은 또 6억여 원을 두겨 루민들의 일기주종 105대를 추가한 꽃길에 했다.
p56_u05,p56,ce0.5,실년 또 유거대원을 뷰려 누민들의 유기 비중 105대를 추가한 꽃길을 했다.
p56_u05,p56,ce1.0,시는 또 유거 병원을 두려 누민들의 인기 비중 100 오래를 추가하고 길을 했다.
p56_u05,p56,ce2.0,"실은 또 6억여 원을 두려, 눈민들의 일기기 중 105대를 추가하고 키로 했다."
p56_u05,p56,ce5.0,실내는 또 6억여 원은 두 겨우들에 인기기종 105세를 추가하고 키려했다.
p56_u05,p56,ce10.0,10년 또 6억여 원을 비교 노민들의 인기 비중 105대를 추가 확보로 했다.
p56_u06,p56,taps,농업기계 세척정도 운영류원 2명은 투입해 농업기계 인데 사용은 세탁하고 반납하는데 든을 시간과 노력을 잘감할 수 있도록 지원하게 있다.
p56_u06,p56,ce0.0,농업기계 세척정도 운영 요원 2명한 투입해 농업기계 인데 사용은 세탁하고 반납하는데 든을 시간과 노력을 잘감할 수 있도록 지원하게 있다
p56_u06,p56,ce0.1,농업기계 세척정도 음영유원 2명은 트위패 농업기계 인데 사형홍 회탁하게 반납하는데 2명의 시간과 노력을 잘감할 수 있도록 지원하게 있다
p56_u06,p56,ce0.5,농업기계 세척장도 음영유원 2명을 투입해 농업기계 인대 사용은 세탁하고 반납하는 데 둔을 시간과 노력을 잘감할 수 있도록 지원하고 있다.
p56_u06,p56,ce1.0,농업기계 세척정도 운영유원 2명을 투입해 농업기계 인데 사용은 세척하고 반납하는데 등은 시방과 노력을 잘감할 수 있도록 지원하고 있다.
p56_u06,p56,ce2.0,농업기계 세척장도 운영유원 2명을 투입해 농업기계 인데 사용은 세척하고 반납하는데 등을 시간과 노력을 잘 강할 수 있도록 지원하고 있다
p56_u06,p56,ce5.0,농업기계 세척장도 운영 요원 주명할 투입해 농업기계 인델 사용은 세척하고 반납하는데
p56_u06,p56,ce10.0,농업기계 세척장도 운영용원 주명을 투입해 농업기계 인데 사용은 세척하고 반납하는데 등을 시방과 노력을 잘감할 수 있도록 지원하고 있다
p56_u07,p56,taps,농업기계 인대 사업소는 황이완 본소와 동부 남부 분소 세고시 운영되고 있으며 지난해 인대 건수가 5351건을 달했다.
p56_u07,p56,ce0.0,"농업 기계 인데 사업소는 향유한 분소와 동부 남부 분소 세 곳이 운영되고 있으며 지난해 인데 건수가 5,350일 건을 달했다."
p56_u07,p56,ce0.1,롱업 규개임된 사업소는 항의한 분소와 동부 남부 분소 세고시 운영되고 있으며 지난해 임대 건수가 5351관을 달했다.
p56_u07,p56,ce0.5,"롬압 기계 인데 사업소는 상위한 분소와 동부 남부 분소 3곳이 운영되고 있으며 지난해 일대 건수다 5,351건을 발했다."
p56_u07,p56,ce1.0,롱압 기계 힘든 사업소는 혐의한 분소와 동부 남부 분소 세고시 운영되고 있으며 지난해 임대 건수가 5351강을 다했다.
p56_u07,p56,ce2.0,롱업 기계 인데 사업소는 학년을 본소와 동부 남부 분소 3곳이 운영되고 있으냐 지난해 인데 건수가 5351가만 달했다
p56_u07,p56,ce5.0,"농합기계 인데 사업소는 3위할 분소와 동부 남부 분소 3곳이 운영되고 있으며 지난해 인데 분수가 5,450에 꺼내 다했다."
p56_u07,p56,ce10.0,농합 비교인들 사�업소는 3용을 본소와 동부 남부 분소 3고시 운영되고 있으며 지난해 인대 건수가 5351건에 달했다
p56_u08,p56,taps,"15일 오후, 4시 55분께 경기파주시 동패동 운전실루시의 헛납바트 실측행장 지하에서 콩캐리트 양생 작업 중 근로대 박수가 일사와 판소에 중급되는 사고 사묻다."
p56_u08,p56,ce0.0,15일 오후 4시 55분께 경기 파주시 동패동 운전실루시의 황압박트 실초캔자 지하에서 콩 캐릭터 양생 작업 중 근로다 타수가 일서와 탄소의 중국댄을 사서 삼었다.
p56_u08,p56,ce0.1,15예로우 4시 55분께 정기파주시 동패동 운전신들씨의 한아빠트 실초 현장 지하에서 콩 캐릭터 양생 작업 중 근로자 방수가 1사마탄소에 중독되는 사성산업방.
p56_u08,p56,ce0.5,시봉이로 4시 55분께 경비 파주시 동패동 운전실로시의 환압박트 신축현장 지하에서 코크립트 양생 작업 중 근로대 박수가 이사합한소에 중독되는 사고 산었다.
p56_u08,p56,ce1.0,15회로 4시 55분께 경기 파주시 등패동 운전신부 시행한 아파트 힐 축행장 지하에서 코 캐릭터 양생 작업 중 근로대가 다수가 일성화 탐소에 중독되는 학원한 아파
p56_u08,p56,ce2.0,15일 오후 4시 55분께 경기 파주시 등패동 은정실도시의 홈아빠트 실축행장 지하에서 콘크리트 양생 작업 중 글로자 방소가 이상한 탐소의 중국 배난 사성사 맞다.
p56_u08,p56,ce5.0,15일 오후 4시 55분께 경기파주시 동패동 운전신부 씨의 한 아파트 힐축현장 주야에서 콩크리트 양생 다급증 근로자 파소가 이사와 방소의 중급 대날 사과가 났다.
p56_u08,p56,ce10.0,시버로 4시 55분께 경기 파주실 등패동 운전실도 씨의 환압받을 실축 현장 지하에서 콩크리트 양생 다급증 근로자 바수가 이상화 탐소에 중급배난 사고 살았다.
p56_u09,p56,taps,"소가 왕복은 중상세형, 덤상 여성형 등 안한명의 부상자를 당원으로 이성했다."
p56_u09,p56,ce0.0,"소방 한복은 중상세형, 겸상 여성형 등 아암형의 부상자를 방원으로 이성했다."
p56_u09,p56,ce0.1,"소강왕국은 중상세형, 감상 여섯 명 등 아암양의 부상자를 당원을 이상했다."
p56_u09,p56,ce0.5,"소방왕국은 중상세양, 감상 여성연우 등 암암양의 부상자를 방원으로 이상했다."
p56_u09,p56,ce1.0,"소방왕복은 중상세형, 경상 여섯명 등 아는명의 부당자를 방원으로 이성했다."
p56_u09,p56,ce2.0,"소봉한국은 중상세양, 감상 여성여모등, 아몬량의 부상자를 방원으로 이성했다."
p56_u09,p56,ce5.0,"소방한국은 중삼세형, 강상 여성염국은 아만명의 부상자를 방원하고 이상했다."
p56_u09,p56,ce10.0,"소방을 한 곡은 중상세형, 감상 6명, 등 9명의 부상자를 방원으로 이성했다."
p56_u10,p56,taps,이 시기에 없던 중상자 두 명한 혈제세복해 승희흥민을 지장이 없는 것으로 점해졌다.
p56_u10,p56,ce0.0,의식이 없던 중성자 2명한 현재 회복해 승용인을 지장이 없는 것으로 점해졌다.
p56_u10,p56,ce0.1,의식의 어떤 중상자 두명한 현재 회복의 생행인을 지장이 없는 것으로 점해졌다.
p56_u10,p56,ce0.5,의심이 없던 중상자 분명한 현대 회복해 수용을 지장에 없는 것으로 잠해졌다.
p56_u10,p56,ce1.0,의실이 어떤 중상자 두 명은 현재 회복해 세형은 지장이 없는 것으로 잠해졌다.
p56_u10,p56,ce2.0,의식이 없던 중상자 분명한 현재 회복해 생이문을 지장이 없는 것으로 잠해졌다.
p56_u10,p56,ce5.0,의식이 없던 중상자 두 명안이 환대 회복해 생이 형에는 지장이 없는 것으로 참해졌다
p56_u10,p56,ce10.0,의실이 없던 중상자 두 명한 현대 회복해 신의원을 지당이 없는 것으로 담아됬다.
p56_u11,p56,taps,"당초에는 중상 매명, 감상엘, 일본연등, 총 20개형의 부상자가 발생한 것으로 알려졌습니다. 단춘 흐빅자는 집계에서 재해됐다."
p56_u11,p56,ce0.0,"당초에는 중상 4명, 겸상 11호 양 등 총 20개형의 부상자가 발생한 것으로 알려졌습니다. 산춘 후기자는 집게에서 제외됐다."
p56_u11,p56,ce0.1,"당초에는 중상 4명, 감상 10, 1명 등 총 20개 형의 부상자가 발생한 것으로 알려졌습니다. 단춘 후기자는 집계에서 재회됐다."
p56_u11,p56,ce0.5,"당초에는 중상 4명, 감상 11명 등 총 20개 형이 부상자가 발생한 것으로 알려졌으나 단순 후빅자는 집계에서 재해됐다"
p56_u11,p56,ce1.0,"당초에는 중상 4명, 경상 10, 7명 등 20개 흥의 부상자가 발생한 것으로 알려졌다. 당순 후기자는 집게에서 제외됐봐."
p56_u11,p56,ce2.0,"당초에는 중상 내면, 감상 열, 이공양 등 후 초 20대용의 부상자가 발생한 것으로 알려졌습니다. 단춘 후빛자는 집게에서 재례됐다."
p56_u11,p56,ce5.0,"당초에는 중상 4명, 겸상 10, 1명 등 20개 형의 부상자가 발생한 것으로 알려졌습니다. 단춘 획댄한 쉽게 해서 져야됐다."
p56_u11,p56,ce10.0,"당초에는 중상 4명, 감상 11명 등 총 21명의 부성자가 발생한 것으로 알려졌으나 단순 후백자는 집계에서 젤래됐다"
p56_u12,p56,taps,다만 토증하고소하는 글로자들을 추가 호팩 중여서 부상자가 능원할 수 있다.
p56_u12,p56,ce0.0,다만 통증 환호소하는 글로자들을 추가 호폐학증이어서 부상자가 늘어날 수 있다.
p56_u12,p56,ce0.1,다만 통증하고 소화하는 글로잡을 추가 호팩 중이어서 부상자가 늦어날 수 있다.
p56_u12,p56,ce0.5,다만 통참하고서하는 글로잡을 추가 호팩 중이어서 부상자가 늦어날 수 있다.
p56_u12,p56,ce1.0,다만 토지만 호소하는 글로잡을 추가 후 파악 중이어서 부상자가 늘어날 수 있다.
p56_u12,p56,ce2.0,당만 통증 후소하는 글로잡을 추가한 파악 중이어서 부상자가 늘어날 수 있다.
p56_u12,p56,ce5.0,다만 통증한 혼서하는 글로자들을 추가 후팩 중이어서 부상자가 늘어날 수 있다.
p56_u12,p56,ce10.0,다만 통증 후소하는 글로잡을 추가 후팩 중이어서 부상자가 늘어날 수 있다
p56_u13,p56,taps,사고는 코끄리트 양생 작업 중 스텔 날로를 튀어다가 발색한 것으로 추삼된다.
p56_u13,p56,ce0.0,사고는 코그리트 양생 작업 중 스테일 날로를 피우다가 발색한 것으로 추선된다.
p56_u13,p56,ce0.1,사고는 콘크렉트 양생 다급 중 스타나 롤을 피우다가 발생한 것으로 추삼된다.
p56_u13,p56,ce0.5,"사고는 콘크립트 양팽 다겁증, 스폰 날로를 피우다가 발색한 것으로 추삼된다."
p56_u13,p56,ce1.0,사고는 코크룩트 양생 작업 중 수탄 날로를 피우다가 발사한 것으로 추성된다.
p56_u13,p56,ce2.0,사고는 콘크리트 양생 작업 중 스톤 날로를 피우다가 발생한 것으로 추상된다.
p56_u13,p56,ce5.0,사고는 콘크리트 양생 작업 중 스탠날로를 피우다가 발색한 것으로 추정된다.
p56_u13,p56,ce10.0,사고는 콘크릇의 양생 가격 중 스타나 너를 피우다가 발시한 것으로 추산된다.
p56_u14,p56,taps,"관계 당국은 구조대 등 1,3은 여발명과 장기 18대 등은 도움나고 구급 등움이 땀계를 발령했다가 이낙 오후 6시 15분께 해패했다."
p56_u14,p56,ce0.0,강계 당국은 구조될 등 인력함은 여발명과 당뒤 18대 증원 동원하고 구급 등웅일 당계를 달려갔다가 이낙 오우 6시 15분께 해패했다.
p56_u14,p56,ce0.1,"관계 당북은 구조대 등 1, 3, 8명과 당뒤 18대 등을 도워놨고 구급 등웅이 당계를 설명했다가 1, 5, 6, 15분께 해폐했다."
p56_u14,p56,ce0.5,단계 당국은 구조대 등 인력선을 여별명과 당국이 11옵대 등을 도워놨고 구속 등이 땀게 된 발령에다가 이나 5여서 15개 해폐했다.
p56_u14,p56,ce1.0,관계 당국은 구조내병 인력하는 여별명과 장비 18대 등을 도워놨고 구급 등일 당계를 발명했다가 이낙 오우여서 15분께 해패해 봐봐.
p56_u14,p56,ce2.0,관계 담국은 구조대 등 일약 3월 8명과 장계 11대 등을 도워놨고 구급 등웅이 단계를 발령했다가 이낙 오후 6시 15분께 해체했다.
p56_u14,p56,ce5.0,관계 당국은 구조대 등 인력 환율 8명과 당기 11회 등을 동원받고 구급 대응이 당계를 발령했다가 이나 5여서 15분께 해패했다.
p56_u14,p56,ce10.0,"관계 당국은 구조대 등 1, 3, 8명과 장비 11배 등을 도움받고 구급 등 1단계를"
p56_u15,p56,taps,절차 감사련정에서 콩그리틀 등의 부은 양생할 때 깊은 한강에서 날로를 키우다가 일산화탄소 중독으로 이어질 수 있다.
p56_u15,p56,ce0.0,절차 건사 현장에서 콩크리틀 눈에 부은 양생할 때 일패를 향강해서 날로를 피어나가 일산화탄소 중독으로 이어질 수 있다.
p56_u15,p56,ce0.1,겨울차 간사 현장에서 콤그리틀 등의 보험 양생할 할 때 일패전 한강에서 날로를 피우다가 일산화탄소 중독으로 이어질 수 있다.
p56_u15,p56,ce0.5,절차 간서 현장에서 콩크리틀 등의 보은 양팽할 할 때 밀폐된 환경에서 날로를 피우다가 일산화탄소 중독으로 이어질 수 있다.
p56_u15,p56,ce1.0,겨울철 감소연정에서 콩결이 뜨끈해 보은 양성한 할 때 윗패드 환경에서 날로를 피우다가 일상하탄소 중독으로 이어질 수 있다
p56_u15,p56,ce2.0,겨울차 감사 현장에서 컴퓨틀 등의 부은 양청할 할 때 밀폐를 흉량해서 날로를 키우다가 일상하탄소 중독으로 이어질 수 있다.
p56_u15,p56,ce5.0,겨울철 강사 현장에서 콩글이 뜨끈해 보은 양생할 할 때 밀폐는 한강에서 날로를 피우다가 일상한 단소 중독으로 이어질 수 있다.
p56_u15,p56,ce10.0,겨울철 강서 현장에서 콩그리트 등의 부은 양생활할 때 밀패드 눈감에서 날로를 피우다가 일살았한 소중독으로 이어질 수 있다.
p56_u16,p56,taps,일사각 당소는 무생루치의 기체로 갈타이나 포턴 등 연료가 분환전 연소할 때 발생합니다.
p56_u16,p56,ce0.0,일사각 강소는 무색 무책의 기체로 갈때나 소턴 등 연료가 불안전 연소할 때 발세한다.
p56_u16,p56,ce0.1,일상학 강소는 무생 묻히의 기체로 갈때나 수탐 등 연료가 불안전 연소할 때 발세한 온다.
p56_u16,p56,ce0.5,이 쌓아당소는 무생 묻히의 기체로 갈빵인한 소통 등 연료가 분환전 연수할 때 발색합니다.
p56_u16,p56,ce1.0,일상화 탕소는 무색 무책의 기체로 갈땐이나 후탄둥열료가 부단전 연수할 때 발시한다.
p56_u16,p56,ce2.0,일성호 당소는 무생 무책의 기태로 갈빵이나 숙폰등 연료가 불안전 연수할 때 발생한다.
p56_u16,p56,ce5.0,예상여 당선은 무생 묵치의 기체로 갈땐이나 흑턴 등 연료가 분환전 연소할 때 발생한다.
p56_u16,p56,ce10.0,일상의 당소는 무생 묻지의 기체로 갈땐이나 석탐 등 연료가 불안전 연수할 때 발생한다.
p56_u17,p56,taps,문재일 대통령은 25일 차와대염이 인간에서 마지막 수석 보좌감 회의를 주제하고 감회가 깃다고 소감을 밝혔다.
p56_u17,p56,ce0.0,문재일 대통령은 25일 청와대 연휴관에서 마지막 수석 부작함 회의를 주제하고 감회가 뒷다고 소감을 밝혔다.
p56_u17,p56,ce0.1,문재일 대통령은 25일 창화대의 여미위원회에서 마지막 수석 부작한 회의를 주제하고 감회가 깊다고 소감을 밝혔다.
p56_u17,p56,ce0.5,문재일 대통령은 25일 차멀대 혐의인관에서 마지막 수석 도장한 회의를 주제하고 밤에 가깝다고 소감을 밝혔다.
p56_u17,p56,ce1.0,문재일 대통령은 25일 참화대 여민관에서 마지막 수석 부작한 회의를 주제하고 감을 가깝다고 소감을 밝혔다.
p56_u17,p56,ce2.0,문재일 대통령은 25일 창의대 혐의관에서 마지막 수석 보장함 회의를 주제하고 감회가 깼다고 소감을 펼켰다.
p56_u17,p56,ce5.0,문재일 대통령은 25일 청와대 연인관에서 마지막 수석 부작한 회의를 주제하고 감회가 깃다고 소감을 밝혔다.
p56_u17,p56,ce10.0,문재인 대통령은 25일 청와대 여민관에서 마지막 수석 보자감 회의를 주제하고 감회가 깃다고 소감을 밝혔다.
p56_u18,p56,taps,문네 동량은 이나오 두시 수더 회의를 열고 오늘은 앞으로 특별한 일이 없다면 마지막 수범이가 될지 모르겠다
p56_u18,p56,ce0.0,"문 대통령은 1, 5, 2시 수벌회의를 열고 오늘은 앞으로 특별한 일이 없다면 마지막 수벌회가 될지도 모르겠다."
p56_u18,p56,ce0.1,문 대통령은 1?5?2시 수벌회의urrection 오늘은 앞으로 특별히 일이 없다면otta 마지막 수홍원이 될지도 모르겠다
p56_u18,p56,ce0.5,"문 대통령은 1월 5, 2시 수법회의를 열고 오늘은 앞으로 특별한 일이 없다면 마지막 수공회가 될지도 모르겠다."
p56_u18,p56,ce1.0,"문 대통령은 1,5,2시 수버회일을 열고 오늘은 앞으로 특별한 일이 없다면 마지막 수벅회가 될지도 모르겠다"
p56_u18,p56,ce2.0,문 대통령한 일할 오후 2시 수법회의를 열고 오늘은 앞으로 특별한 일이 없다면 마지막 수법회의가 될지도 모르겠다
p56_u18,p56,ce5.0,문 대통령은 1월 5두시 수보 헤일을 열고 오늘은 앞으로 특별한 일이 없다면 마지막 수보 헤일가 될지도 모르겠다
p56_u18,p56,ce10.0,문 대통령은 이날 오후 2시 수법회의를 열고 오늘은 앞으로 특별히 일이 없다면 마지막 수공회가 될지도 모르겠다
p56_u19,p56,taps,모두 인사 말씀을 드리지 않고 바로 의안을 논의하도록 하겠다며 같이 말했다.
p56_u19,p56,ce0.0,모두 인상할 스물 들이지 않고 바로 의안을 농회하도록 하겠다며 같이 말했다.
p56_u19,p56,ce0.1,모두 일상 말씀을 드리지 않고 바로 의안을 농회하도록 하겠다며 같이 말했다.
p56_u19,p56,ce0.5,모두 일상할 춤을 들이지 않고 바로 의향을 논의하도록 하겠다며 같이 말했다.
p56_u19,p56,ce1.0,모두 인사만 숨을 들이지 않고 바로 의안을 논의하도록 하겠다며 같이 말했다.
p56_u19,p56,ce2.0,모두 이상할 숨을 들이지 않고 바로 의안을 논의하도록 하겠다며 같이 말했다.
p56_u19,p56,ce5.0,모두 인상할 스물 들이지 않고 바로 의안을 논의하도록 하겠다며 같이 말했다.
p56_u19,p56,ce10.0,모두 인성할 스물 둘이지 않고 바로 의안을 논의하도록 하겠당며 같이 말했다.
p56_u20,p56,taps,앞서 연일 수범회에 의해서 운대 동량은 갤또의 레시지를 내지 않은 경우가 종종 있었다.
p56_u20,p56,ce0.0,앞서 열린 수벌웨이에서 문대 동량한 별도의 레시지를 내지 않은 경우가 종종 있었다.
p56_u20,p56,ce0.1,앞서 열린 수벌웨이에서 문 대통령은 갤도의 메시지를 내지 않을 경우가 동정했었다.
p56_u20,p56,ce0.5,앞서 연일 수보메이에서 문 대통령은 별도의 메시지를 내지 않은 경우가 종종 있었다.
p56_u20,p56,ce1.0,앞서 연일 수배에 의해서 문 대통령은 벨 또의 메시지를 내지 않은 경우가 동종했었다.
p56_u20,p56,ce2.0,앞서 열린 수부회인에서 문 대통령은 절 또의 레시지를 내지 않은 경우가 동조 있었봐.
p56_u20,p56,ce5.0,앞서 열린 수보 행위에서 문 대통령은 갤도의 메시지들 내지 않은 경우가 동종을 썼다.
p56_u20,p56,ce10.0,앞서 열린 수봉회의에서 문 대통령은 갤도의 메세지들 내지 않은 경우가 종종 있었봐.
p56_u21,p56,taps,특히 이 날은 뒤에 진행될 차와 대출협 기자다 간담과 예정되어 있어 구체적인 메시지를 생각한 것으로 봅니다.
p56_u21,p56,ce0.0,특히 이 날은 뒤에 진행돼 차와 대출업 기자다 간담이가 예정되어 있어 구체적인 메세지를 세악한 것으로 보입니다
p56_u21,p56,ce0.1,특히 이 날은 지휘여 진행될 창화대추럭 기자당 간담과 예정되어 있어 그최상의 메세지는 세약한 것으로 봅니다.
p56_u21,p56,ce0.5,특히나는 비이어 진행될 천만 대출업 기자당 간담이가 예정되어 있어 구체적인 메세지는 생각한 것으로 보입니다
p56_u21,p56,ce1.0,특히 이 날은 뒤에 진행될 창화될 트럭 기자방 관담이가 예정되어 있어 구체적인 레세지는 해애한 것으로 봅니다.
p56_u21,p56,ce2.0,특히나는 지혜 진행될 창문에 초록 기자당 관당위가 예정되어 있어 구체적인 메세진을 생각한 것으로 봅니다.
p56_u21,p56,ce5.0,특히 이 날은 지이어 진행될 창화대 체력 기자당 간담회가 예정되어 있어 구체적인 메세지는 소약한 것으로 본다
p56_u21,p56,ce10.0,특히나는 뒤에 진행될 통호대 페레피자당 간다울과 예정되어 있어 구체적인 메세지는 효과코인 것으로 봅니다.
p56_u22,p56,taps,"이난회의에는 레브 전문가로 이후에 한복과 기술단체 총야납회 회장, 이상률 한국한국 우주연구와 문장이 참석했다."
p56_u22,p56,ce0.0,"이 나회의에는 레브 전문가로 이후에 한국과 기술단체 총야마폐 회장, 이 상률 한국 공공 우주연구와 문장인 참석했다."
p56_u22,p56,ce0.1,"이 나회의에는 외부 전문가로 이후에 한국과 기술단태 총연합회장, 이상열 한국 1.5주 연구와 문장이 참석했다."
p56_u22,p56,ce0.5,"이남혜이에는 외부 전문가로 이후에 한복과 기술 남태 총야마폐 회장, 이사문율 한복한국 우주연구와 문장이 참석했다."
p56_u22,p56,ce1.0,"이 난 횡예는 외부 전문가로 이유를 한국과 기술단체 총연합회장, 이상연 한국한국 우주연구와 문장이 참석했다."
p56_u22,p56,ce2.0,이 남생이 애는 외부 전문가로 2회 항독과 기술단체 총량 앞에 회장 이 3회 항독 항독 우주영구원 원장이 참석했다.
p56_u22,p56,ce5.0,이낙해 예는 외부 전문가로 이후에 한국과 기술단체 총연합회장 이상열 한국한국 우주연구원 원장이 탐석했다.
p56_u22,p56,ce10.0,이 날 횡예는 외부 전문가로 이후에 항독과 기술단체 총연합의 회장 이 사망의 험복한 공무워주 연구와 문장이 탐석했다.
p56_u23,p56,taps,"박수병 가학기술 보자가니, 문제의 정부 가학기술의 학실 성과와 가죄라는 주제로 발제를 했다."
p56_u23,p56,ce0.0,박수경 과학기술 보자가니 문재일 정부 과학기술 혁실선과와 가죄라는 주제로 발제를 했다.
p56_u23,p56,ce0.1,박수겸 과학기술 보자가니 문재일 정부 과학기술 섹신상권과 가죄라는 주제를 발제를 했다
p56_u23,p56,ce0.5,박수겸 가학기실 보자가니 운대일 정부 가학기실 혁신 성과나 가죄라는 주제로 발제를 했다.
p56_u23,p56,ce1.0,박수변 가락기술 보자가니 운대일 정부가학기술 혁신상권나 가죄라는 주제로 발제를 했다.
p56_u23,p56,ce2.0,박수검 과학기술 보자가니 은대일 정부 과학기술 혁신 성과와 과제 라는 주제를 발제를 했다
p56_u23,p56,ce5.0,박수경 과학기술 보자가니 은재희 정부 과학기술 혁실 성과와 가죄라는 주제로 발제를 했다.
p56_u23,p56,ce10.0,박수경 강학기술 보자가니 은재희 정부 강학기술 혁신 성광화 가죄라는 주제로 발제를 했다.
p56_u24,p56,taps,문 대통령은 유리 2위 회장인과 이산일 원장님이 토론의 격을 높여주실 것으로 기대한다고 말했다.
p56_u24,p56,ce0.0,원래 통량은 1위 A1 회장은인가 이상 1원장 이 토론회 격을 높여주실 것으로 기대한다고 말했다.
p56_u24,p56,ce0.1,문 대통령은 우리 2일 회장문과 이상 1원장님이 토론의 격을 높여주실 것으로 기대한다고 말했다.
p56_u24,p56,ce0.5,"문 대통령은 우리 에일 회장인가 이상일, 웜장일, 포로맨 격을 높여주실 것으로 기대한다고 말했다."
p56_u24,p56,ce1.0,문 대통령은 우리 2일 회장님과 이 3일 원장님이 토론을 격을 높여주실 것으로 기대한다고 말했다.
p56_u24,p56,ce2.0,뭔데 풍량은 우리 에요일 회장님과 이상일 원장님이 푸롬의 격을 높여주실 것으로 기대한다고 말했다.
p56_u24,p56,ce5.0,문 대통령은 우리 2일 3장인가 이상일 문장 2일 토론의 격을 높여주실 것으로 기대한다고 말했다.
p56_u24,p56,ce10.0,문 대통령은 우리 2일 회장님과 이성리를 원장님이 토론의 격을 높여주실 것으로 기대한다고 말했다.
p56_u25,p56,taps,NHG 농갑은의 정성글 지부 2세정 과장보가 지난 21열리 제 9회 예고 칼다리 선발뱅에서 금상을 받았다.
p56_u25,p56,ce0.0,NH7 응화분행 정성군 지부 2세 전 과장보가 지난 21열린 제 9회 예곡한 발이 선밀 개념에서 금사할 받았다.
p56_u25,p56,ce0.1,NHLunga 분행 점성군 지부 2세점 과장보가 지난 22일 열릴 제 9회 예곡한 발인 선발견에서 금상을 받았다.
p56_u25,p56,ce0.5,NHP 농어분행 정성군 지부 2세정 과장보가 지난 21일부터 9회 외국한 발일 선발된에서 금상을 받았다.
p56_u25,p56,ce1.0,N.E.T. 농업은행 정성군 지부 2세정 과장보가 지난 21일 열린 제 구회 예극한 달인 선밸뱐에서 금상을 받았다.
p56_u25,p56,ce2.0,NHL 응합은행 점성군 지부 2세정 과장보가 지난 22일 열리 제 9회 외국 환산인 선말된에서 금상할 받았다.
p56_u25,p56,ce5.0,NH 능압은행 전문군 지부 2세정 과장보가 지난 21일 열린 제구회 외국 황탈인 손매뱅에서 금상을 찾았다.
p56_u25,p56,ce10.0,NHZ롱합은행 점원군 지부 2세정 과정보가 지난 21일 열린 대구회 외국한 발인 성회전에서 금상을 받았다.
p56_u26,p56,taps,NHG 롱압연애 이날 3월 주고 본사에서 전국에서 예선을 통과한 76년을 대상으로 외국 탈다리 선만내들 진행했다.
p56_u26,p56,ce0.0,N.H. 롱아 변해 이날 3월 중국 본사에서 전국에서 예섬을 통과한 7승 공략 대상으로 외극한 4일 소만 내에게 진행했다.
p56_u26,p56,ce0.1,NH농아 분해 1월 3월 중국 본사에서 전국에서 예선을 통과한 76나할 대상으로 외국한 자리에 선만 배에 대해 진행했다.
p56_u26,p56,ce0.5,N.A.P. 롱압은 내 이날 서울 중국 본사에서 전국에서 예선을 통과한 70명의 대상으로 외국한 달이 성할래에 대신하셨다.
p56_u26,p56,ce1.0,NH 농어분의 이날 상을 주고 본사에서 전국에서 예선을 통과한 75년의 대상으로 외국한 달인 손만을 대신했다.
p56_u26,p56,ce2.0,N.U.C.롱아 분해 이날 3월 2日 분사에서 전국에서 예전을 통과한 70명의 대사망도 외국한 자리에서만 뇌들 기능했다.
p56_u26,p56,ce5.0,N.A.P. 롱아 분해 이나의 상을 중고 본사에서 전국에서 예전을 통과한 최소 용량을 대상로 외국 본사의 사망회를 진행했다.
p56_u26,p56,ce10.0,N.H. 롱아 분해 이날 상울 중국 분사에서 전국에서 예전을 통과한 최소 운가할 대상으로 외국 관사인 선만 배에 대해 지하였다.
p56_u27,p56,taps,전국 206대 개명을 직원이 참가할 정도로 뜨거웠던 이번 대회는 서바이바 향식으로 외국한 지식립 방험을 결혼을 방식으로 철저졌다.
p56_u27,p56,ce0.0,정국 2600명의 직원이 참가할 정도로 뜨거웠던 이번 대회는 서바일바 향식으로 외국한 지식립당험을 거르로 방식으로 털췄었다.
p56_u27,p56,ce0.1,전국 2006대 여명의 직원이 참가할 정도로 뜨거웠던 이번 대회는 서바이바 향식으로 외국한 지식力 평범할 결혼은 방식으로 설치하졌다.
p56_u27,p56,ce0.5,"당구비 1,600여 명의 직원이 참가할 등도로 뜨거웠던 이번 배왼은 서바이바 형식으로 외국한 지식 및 방움을 거를로 당시으로 펼쳐졌다."
p56_u27,p56,ce1.0,전국 2600여 명을 직원이 참가할 정도로 뜨거웠던 이번 대회는 서바위바위랑식으로 외국한 지식 리평험을 결혼한 방식으로 펼쳐졌다.
p56_u27,p56,ce2.0,1926대 혐의 직원이 참가할 정도로 뜨거웠던 이번 대회는 서바이바 형식으로 애국한 지식 입평범을 결의료 당시으로 첼차섭다.
p56_u27,p56,ce5.0,정구리 철 600여 명의 직원이 참가할 정도로 뜨거웠던 이번 테베는 서바이바 형식으로 외국한 70입 경험을 결은 후 방식으로 폐쇼 섰다.
p56_u27,p56,ce10.0,정국 2600여 명의 집원이 참가할 정도로 뜨거웠던 이번 폐회는 서바이바 형식으로 외국한 70백 경험을 결우는 방식으로 첼차 섣가.
p56_u28,p56,taps,본군 대회에서 월쩡한 기량할 3배의 2세정 정성군 지부 과장보는 이게 긍상할 차지했다.
p56_u28,p56,ce0.0,봄송 대회에서 월정한 기량을 사망인 2세정 정성군 지부 과장보는 1일 금사할 차지했다.
p56_u28,p56,ce0.1,본선 대회에서 월쩡한 기량을 사망해 2세정 점성군 집 과장군은 1위에 김상할 타지했다.
p56_u28,p56,ce0.5,본선배회에서 월드한 기약을 3회의 2세정 정선군 지부 과장군은 1인 금상한 타지했다.
p56_u28,p56,ce1.0,본명 대회에서 월증한 기약을 선배님 2세정 정동군 지부 과장군을 이긴 긴장을 타지했다.
p56_u28,p56,ce2.0,공중대회에서 월증한 귀향을 선보이 2세정 정정군 지부 과장군을 얘기해 인 김성할 차지했다.
p56_u28,p56,ce5.0,본론 대회에서 월쩍한 기향을 선호해 이 세정 정성군 집을 과장문을 이리인 금상을 차지했다.
p56_u28,p56,ce10.0,본놈대회에서 월증한 기양할 선보니 이세정 정성권 지부 과정보는 1인 김상활 타지했다.
p56_u29,p56,taps,이 세상 과장보는 탐소 외국안에 대한 관심이 많아 조금씩 공부했었다면서 앞으로도 더 많이 고부에 지역 주민들에게 도움을 줄 수 있도록 노력하겠다고 했다.
p56_u29,p56,ce0.0,이 세상 다장보는 평소 외국한에 대한 간실이 많아 적은식 공부했었다면서 앞으로도 더 많이 공부해 지역 주민들에게 도움을 줄 수 있도록 노력하겠다고 했다.
p56_u29,p56,ce0.1,이 세상 화장보는 평소 외국안에 대한 관심이 많아 조금씩 공부했었다면서 앞으로도 더 많이 공부해 지역 주민들에게 도움을 줄 수 있도록 노력하겠다고 했다.
p56_u29,p56,ce0.5,이 세상 과장보는 평소 외국한을 대한 관심이 많아 조금씩 공부했었다면서 앞으로도 더 많은 공부의 지역 중일들에게 도움을 줄 수 있도록 노력하겠다고 했다.
p56_u29,p56,ce1.0,이 세상 과장보는 평소 외국한을 대한 관심이 많아 조금씩 공부했었다면서 앞으로도 더 많이 공부해 지역 주민들에게 도움을 줄 수 있도록 노력하겠다고 했다.
p56_u29,p56,ce2.0,이 세상 과장보는 평소 외국안에 대한 관심이 많아 조금씩 공부했었다면서 앞으로도 더 많이 공부해 지역 주민들에게 도움을 줄 수 있도록 노력하겠다고 했다.
p56_u29,p56,ce5.0,이 세상 과장보는 평소 외국안에 대한 간식이 많아 조금씩 공부했었다면서 앞으로도 더 많이 공부해 지역 주민들에게 도움을 줄 수 있도록 노력하겠다고 했다.
p56_u29,p56,ce10.0,이 세정 과장보는 평소 외국안에 대한 관심이 많아 조금씩 공부했었다면서 앞으로도 더 많이 공부해 지역 주민들에게 부험을 줄 수 있도록 노력하겠다고 했다.
p56_u30,p56,taps,지난 22주로 본사에서 제 9회 예곡한 자린 산발 대매를 개최했다고 23위 밝혔다
p56_u30,p56,ce0.0,지난 22일 중루 본사에서 제 9회 예곡한 살인 3월 재회를 개최했다고 24일 밝혔다
p56_u30,p56,ce0.1,지난 22일 중국 분사에서 제 구회 예곡한 자린 산발 대회를 개최했다고 23일 밝혔다
p56_u30,p56,ce0.5,지난 22일 중으로 봄사에서 제 국회 외국한 달인 산발 대회를 갯했다고 23일 밝혔다.
p56_u30,p56,ce1.0,지난 22일 중국 본사에서 제 구회 외국한 살인 산발 대회를 개최했다고 23일 밝혔다
p56_u30,p56,ce2.0,지난 22주를 본사에서 제 구회 외국 관찰이 선밸대를 개텼다고 23일 밝혔다.
p56_u30,p56,ce5.0,지난 22일 중국 분사에서 제공회 외국권 달인 3마대를 개최했다고 23에 밝혔다.
p56_u30,p56,ce10.0,지난 22일 중국 본사에서 제 구매 외국권 발인 3배대회를 개태했다고 23일 밝혔다.
p56_u31,p56,taps,외국탄 다닌 선망대는 NH 농합은행 던지관이 서바이발 향식으로 외국탄 지식 및 강원은 결혼은 되네다
p56_u31,p56,ce0.0,외국한 잔인 선문대에는 LH 농합은행 던지관이 서바이발 향식으로 외국한 지식力 장원을 덮는 대네다
p56_u31,p56,ce0.1,외국판 자린 선묵제는 LH 농합은행 던지권이 서바이발 향식으로 외국판 지식 리필 경험을 겨루는 대네다.
p56_u31,p56,ce0.5,외국판 달인 선망대는 NH 농압은행 단지관이 서바이발 형식으로 외국판 지식 리평험은 결혼 되네다.
p56_u31,p56,ce1.0,외국한 단인 선망대는 NH 농합은행 던지관이 서바이벨 향식으로 외국한 지식 리평원을 결혼한 대회다
p56_u31,p56,ce2.0,외국한 반인 선문대는 LH 농아 분행 감지관이 서바이발 형식으로 외국한 주식 리평함을 결혼한 대략다.
p56_u31,p56,ce5.0,외국한 반인 성화제는 NH 농합은행 간지관이 서바이발 형식으로 외국한 지식 및 강남을 겪는 대회다
p56_u31,p56,ce10.0,외국한 반인 선물 밴은 NH 농아 분행 감지관이 서발발 형색으로 외국한 주식 립 강움을 가루는 대회다
p56_u32,p56,taps,인창신 암동고가 지난해부터 지역 다왈센터에서 운영이 다음의 행기 세탁상업에 그창 인근 카페들이 도착했다.
p56_u32,p56,ce0.0,인참신 암동구가 지난해부터 지역 다왈센터에서 운영해온 밤에 인기 세탁성업에 그창 인갱 카트들이 도착했다.
p56_u32,p56,ce0.1,인산시 남동구가 지난하이부터 지역 4월센터에서 운영이 형은 밤에 흉기 세탁상업에 구창 인근 카페들이 도착했다.
p56_u32,p56,ce0.5,인탄신 암동구가 지난해부터 지역 담아센터에서 운영이 형 밤에 남기시 택상업에 구창 이른바패들이 도착했다.
p56_u32,p56,ce1.0,인천신 암동구가 지난해부터 지역 자말센터에서 운영위원은 다음의 행기 세척 사업에 극창 인근 카페들이 도착했다.
p56_u32,p56,ce2.0,이 참신 암동루가 지난해부터 지역 다왈센터에서 우영이온 다외름기 세척 사업에 극창 인근 카페들이 도착했다.
p56_u32,p56,ce5.0,인철실 안동고가 지난해부터 지역 다와 센터에서 운영해온 다와 연기 세탁사업의 구창 인근 카페들이 분창했다.
p56_u32,p56,ce10.0,"1,000신 안동구가 지난하일부터 지역 다 말센터에서 우영이 온 바와행기 세탁 사업에 구청 인근 카페들이 도참했다."
p56_u33,p56,taps,지난해 9월 출범한 달의 용기 세척 사업단은 이외용품 사용을 줄일 위해 달의 용기컵을 수가 세척 소독 등의 과정을 거쳐 제공하고 있다.
p56_u33,p56,ce0.0,지난해 9월 출범한 달의 용기 세척 사업단은 이에 영품 사용을 줄이리 위해 달의 용기컵을 수서 세척 소독 등의 과정을 거쳐 제공하고 있다.
p56_u33,p56,ce0.1,지난해 9월 출범한 다음에 용기 세척 사업단은 이외용품 사용을 줄입이 위해 다음에 용기컵을 수건 세척 소독 등의 과정을 겨차 제공하고 있다.
p56_u33,p56,ce0.5,지난해 9월 출범한 밤에 용기 세탁 사업단은 일회용 톤 사용을 줄일이 위해 밤에 용기 컵을 수거 세척 수독 등의 과정을 겨차 대공하고 있다.
p56_u33,p56,ce1.0,지난해 9월 출범한 다회용기 세척 사업단은 유연용품 향형을 줄이기 위해 다회용기 컵을 수거 세척 수독 등의 과정을 겪혀 대공하고 있다.
p56_u33,p56,ce2.0,지난해 9월 출범한 다회 용기 세척 사업단은 일용품 사용을 줄이기 위해 다회 용기컵을 수가 세척 수독 등의 과정을 겹쳐 제공하고 있다.
p56_u33,p56,ce5.0,지난해 9월 출범한 다회 용기 세척 사업단은 이래용품 사용을 줄이비 위해 다회 용기컵을 수거 세척 후독용의 과정을 거쳐 제공하고 있다.
p56_u33,p56,ce10.0,지난해 9월 출범한 다외 용기 세척 사업단은 일용품 사용을 줄이리 위해 다외 용기컵을 수고 세척 소독 등에 과정을 겨차 제공하고 있다.
p56_u34,p56,taps,식구를 구했다러면 현율의 남동구 13개 부서에서 단의 임기컵을 차은화하고 있으냐 최근 사업할 사업을 위해 단의 임기 세척 사업단과 부창 인근 카페 순곳에 연계했다.
p56_u34,p56,ce0.0,19일 9에 따르냔 현대 남동구 13개 부서에서 다매 연기컵을 사용하고 있으며 최근 사업 8사안을 위해 다매 연기 세탁 사업당과 구청 인금 카페 세 곳에 연기했다.
p56_u34,p56,ce0.1,식도에 구했다르면 현대 남동구 13개 부서에서 달해 연기컵을 사용하고 있으며 최근 사업 활성하는 위해 달해 연기 세탁 사업당과 부청 인근 카페 생고수 연기했다.
p56_u34,p56,ce0.5,식도를 구했다러면 현대 남동구 13개 부서에서 다음에 형기컵을 사용하고 있으며 최근 사업 한상화를 위해 다음에 형기 세탁 사업단과 부참 인근 파패 최고수 연계했다.
p56_u34,p56,ce1.0,19을 구했다르면 현대 남동구 13개 부서에서 다매융기컵을 사용하고 있으며 최근 상업한 성화는 위해 다매융기 세척 사업당과 부청 인근 카페 세구세 연계했다.
p56_u34,p56,ce2.0,식굴 구했다르냥 현대 남동구 13개 부서에서 다행용기컵을 사용하고 있으며 최근 4월 8상 한위 위에 다행용기 세척 사업당과 부창 인근 카페 세고수 연계했다.
p56_u34,p56,ce5.0,10월 9에 따르냉 현대 남동구 13개 부서에서 다회 옮기컵을 사용하고 있으냐 책을 사업할 상안을 위해 다회 옮기 세척 사업당법 구청 인근 카페 세고세 연계했다
p56_u34,p56,ce10.0,"식글 구했다르냐, 현대 남동구 13개 부서에서 다음에 용기컵을 사용하고 있으냐 책임성업 활성화를 위해 다음에 용기 세척상업당과 구청 인근 카페 세고수 연계했다"
p56_u35,p56,taps,"이들 카페는 세척 써봅다니 다회 연극컵을 사용하며 창사 내에서 자유롭게 컵을 베트낼 수 있도록 구, 분창과 보건소 등 내 곳의 전용 수사항도 설치했다."
p56_u35,p56,ce0.0,이들 카페는 세탁사업단에 다음에 옮기컵을 사용하며 창사 내에서 자유롭게 컵을 배춘할 수 있도록 그 분창과 보건서등 내 곳의 전용수가 아무도 살치했다.
p56_u35,p56,ce0.1,"이들 카페는 새착사업단에 다음에 옹기컵을 사용하면 창사 내에서 자유롭게 컵을 배춘할 수 있도록 구, 분창과 보건소 등 내 구세 전용수가 아무도 살치했다."
p56_u35,p56,ce0.5,이들 카페는 세탁사업단의 다회용 기컵을 사용하면 창사 내에서 자룩에 컵을 배출할 수 있도록 구 분탄과 보건조 등 내구세 전룡 수산으로 설치했다.
p56_u35,p56,ce1.0,이들 카페는 새 칵성업단에 달해 용기컵을 사용하며 창사 내에서 자유롭게 컵을 배추낼 수 있도록 구 분창과 보건조 등 내무샤 전용수가 아무도 살치했다.
p56_u35,p56,ce2.0,미들 카테는 세첩사업단의 달의 온기컵을 사용하면 창소내에서 자유롭게 컵을 배출할 수 있도록 그 분창과 보건 조등 내고세 장용수가 물로 설치했다.
p56_u35,p56,ce5.0,이들 카페는 세탁사업단의 단회에 옮기컵을 사용하며 창사대에서 자유롭게 컵을 배출할 수 있도록 그 분창과 보건조 등 내공세 장영수가 안 둔 설치했다.
p56_u35,p56,ce10.0,이들 카페는 세탁 싸웠단에 다회용규 컵을 사용하면 탕수화메에서 잘 룩게 컵을 배추날 수 있도록 구 분탕과 보관소등 내구세 장용수건도 설치했다.
p56_u36,p56,taps,이는 7호량 남동구 조성품만 아니라 저소득층에 안정된 일자리 제공은 위한 자와의 상욱담 할성와 카테일을 이용한을 직원들의 평의한 가지 모두 고려한 결과다.
p56_u36,p56,ce0.0,이는 7월 양 암동구 저성뿐만 아니라 저소득춤의 안정된 일자리 제공은 위한 자활 사업단 활사와 카테일을 이용한을 직원들의 편의하까지 모두 고려하길 하다.
p56_u36,p56,ce0.1,이는 치료량 남동구 조성뿐만 아니라 더소득층의 안정된 위자리 제공은 위한 자활사호단 활성화 카페를 이용하는 직원들의 편의한 가지 모두 고려한 결과다.
p56_u36,p56,ce0.5,"이은 친환경 남동구 조성뿐만 아니라 저수룩층의 암정된 일자리 제공은 위한 자활성단 할성화, 카페를 이용하는 직원들의 평행한 가지 모두 고려한 결과다."
p56_u36,p56,ce1.0,이는 치료량 남동구 조성뿐만 아니라 저소득층의 안정된 일자리 제공을 위한 자활 사업당 할성과 카페를 이용하는 직원들의 편의한 가지 모두 고려한 결과다.
p56_u36,p56,ce2.0,이는 치룸병 완동구 조성뿐만 아니라 저소득층에 암정된 일자리 제공을 위한 자활 사업당 할상화 카페를 이용한을 직원들의 편리한 가지 모두 고려한 결과다.
p56_u36,p56,ce5.0,이는 치룸 경만동구 조성뿐만 아니라 저후득층에 안정된 일자리 제공을 위한 자활 사업당 할성아 카페를 이용하는 직원들의 편리형까지 모두 고려한 결과다
p56_u36,p56,ce10.0,이는 치료령 남동구 조혁은 뿐만 아니라 저호득층에 안정된 일자리 제공을 위한 자활성업단 활성화 칩배를 이용하는 직원들의 편리형까지 모두 고령 결과가
p56_u37,p56,taps,하루래서업에 착여하는 값대는 10일시가 값의 20일 값에 오로 등으로 그 외에 점포에서도 구정적 답변을 봐봐 더 값대들 전망이다.
p56_u37,p56,ce0.0,현대 사업에 착해하는 갓대는 10회시가 갓대 20위 갓대으로 등으로 그 외에 점포해서도 공정적 박견을 봐봐 더 갓대들 전망입니다.
p56_u37,p56,ce0.1,현대사업에 타며한 후 값대는 10월 시간 값의 20일 값에 오로 등으로 그 외에 전포에서도 구정적 답변을 봐봐 더 값대들 전망입니다.
p56_u37,p56,ce0.5,"현대소업에 타면은 카페는 11시간, 카페 21, 카페 오로 등으로 그 외에 점포해서도 긍정적 답변을 봐봐 더 카페들 전망입니다."
p56_u37,p56,ce1.0,현대성업에 차려한 값대는 신을씨가 값에 20일 값에 오로 등으로 그 외에 덧포에서도 공정격 값대는 봐봐 더 값대들 전망입니다.
p56_u37,p56,ce2.0,"현재 성업에 참여하는 갚대는 11시간, 카페 20일, 카페 로로 등으로 그 외에 점프에서도 구정적 답변을 봐봐 더 갚대들 전망입니다."
p56_u37,p56,ce5.0,현재 사업에 참여하는 갓대는 10회 시간 갓대 20일 갓대오로 등으로 그 외에 점포해서도 공정적 박전을 막아 더 확대될 전망입니다.
p56_u37,p56,ce10.0,현대소업에 처벼하는 갚은한 10월 시간 카페 20일 카페오로 등으로 그 외에 전포해서도 공정적 답변을 봐봐 더 확대들 전망한가
p56_u38,p56,taps,이강호 구청장은 지금은 다회영 리컴을 대부분 직원만 사용하고 있지만 구청을 방문하는 민원인에게도 적극환보해 친함량 남드로고를 만들도록 노력하겠다고 밝혔다.
p56_u38,p56,ce0.0,이가호 구청장은 지금은 다회형 리컴을 대부분 직원만 사용하고 있지만 구청을 밤문하는 민원인에게도 적극 공부에 친하으량 남동구를 만들도록 노력하겠다고 밝혔다.
p56_u38,p56,ce0.1,이강호 구청상은 지금은 다회용 기컨을 대부분 직원만 사용하고 있지만 구청할 방문하는 민원인에게도 적게 공부해 친환경 남동우고를 만들도록 노력하겠다고 밝혔다.
p56_u38,p56,ce0.5,이 강무 구청상은 지금은 다회용 리컵을 배부분 직원만 사용하고 있지만 구청을 방문하는 밀런인에게도 덮을 공부해 친한 경남도로를 만들도록 노력하겠다고 밝혔다.
p56_u38,p56,ce1.0,이강호 구청장은 지금은 다회용 비컵을 대부분 직원만 사용하고 있지만 구청을 방문하는 민원인에게도 덮게 공부해 친환경 남동교를 만들도록 노력하겠다고 밝혔다.
p56_u38,p56,ce2.0,이방무 구청당은 지금은 다회용 기컵을 대부분 직원만 사용하고 있지만 구청할 방문하는 민원인에게도 적게 콤보해 친환경 남동고를 만들도록 노력하겠다고 밝혔다.
p56_u38,p56,ce5.0,이 강무 구청장은 지금은 당의영기컵을 배부른 시간만 사용하고 있지만 구청을 방문하는 민원인에게도 겪게 공부해 친환경 남동구를 만들도록 노력하겠다고 밝혔다.
p56_u38,p56,ce10.0,이광호 구청장은 지금한 다회용 비카몰 배부문 직업만 사용하고 있지만 구청을 방문하는 미나인에게도 적극 공부해 친환경 남두고를 만들도록 노력하겠다고 밝혔다.
p56_u39,p56,taps,3편 구는 4월 1일부터 치나오량 4원순환 정책에 담아터 참사 내 1회용 손 방입을 점령 글을 지했다.
p56_u39,p56,ce0.0,3평 9는 4월 1일부터 7월형 4원 수만 정책에 발맞춰 청사 내 1회용 손 방입을 점령한 그런지 했다.
p56_u39,p56,ce0.1,3평 9는 4월 1일부터 치룸경 다원순환 정책의 밤하터 청사 매일의 운툰 방입을 전면 글지했다.
p56_u39,p56,ce0.5,"3평 9는 4월 1일부터 친함강 방원순환 정책의 밤하터, 탐사 매일의 응원 송방입을 전면 그루지했다."
p56_u39,p56,ce1.0,한평 부는 4월 1일부터 친흥경 다원수만 정책에 발맞춰 큰 사회의 일행 후 순 반입을 전면 금지했다.
p56_u39,p56,ce2.0,"3평군은 4월 1일부터 침묵양 다원순환 정책에 담아타, 탕사 내 일행 훈판입을 접는군지했다."
p56_u39,p56,ce5.0,삼평구는 4월 1일부터 친홍경 다원순환 정책의 밤하트와 청산의 1회용 폰 방입을 전령 금지했다.
p56_u39,p56,ce10.0,3평군은 4월 1일부터 친흥용 방원 수만 정책의 밤하터와 청산의 1회용 손 방입을 점령 금지했다.
p56_u40,p56,taps,사묵소기자원과 한 곳가스 안정 운판은 오는 30일에 헬로나이나 앞두고 헬면가스소기자 안정주의보를 28에 발견했다.
p56_u40,p56,ce0.0,사묵소기자왕과 한국가스 안정 운판은 오는 30일에 헬로아이날 앞두고 헤헹가스 소기자 안정주의보를 28에 발향했다.
p56_u40,p56,ce0.1,사무수기자원과 항로가스 안정공판은 오는 30일에 헬롱한이나 앞두고 헬렴가스 소기자 안정주의보를 28에 발령했다.
p56_u40,p56,ce0.5,3수비당과 한국가스 안정 응파는 오는 30일에 헬로아이날 앞두고 헬륭가스 수비당 안정주의보를 28일 발령했다.
p56_u40,p56,ce1.0,한국포비당과 한국가스 안정공판은 오는 30일에 헬롱이나 앞두고 헬림가스 소비당 안정주의보를 28에 발령했다.
p56_u40,p56,ce2.0,한국수비장과 한국가수 안정 응화는 오는 30일을 헬롱이나 앞두고 헬림가수 수고자 안정주의보를 28에 발량했다.
p56_u40,p56,ce5.0,한수비장과 한국가스 안정공사는 오는 30일을 헬러이는 앞두고 헬렁가스 속이자 안정주의보를 28에 발령했다.
p56_u40,p56,ce10.0,한국수비당과 한국가수 안정 응화는 오는 30일에 헬롱한 날 앞두고 헬륨가수 소비당 안정주의보를 28에 발령했다.
p56_u41,p56,taps,목소리를 변조하려고 해외 가스를 다량하시다 지식사 할 수 있다면 의렀 때문입니다.
p56_u41,p56,ce0.0,목소리를 범죄하려고 해료가스를 바랴 아마시다 지식사 할 수 있다면 의격 때문입니다.
p56_u41,p56,ce0.1,목소리를 변조하려고 필럭가스를 발한 아시다 지식사 할 수 있다면 의녯된 옵니다.
p56_u41,p56,ce0.5,목소리를 벼져하려고 회력 가스를 발향 마시가 지식사 할 수 있다면 의료 빼맙니다.
p56_u41,p56,ce1.0,목소리를 밤도하려고 헬려가스를 다량 마시다 지식사 할 수 있다면 우려 때문입니다.
p56_u41,p56,ce2.0,목소리를 변조하려고 헬륨가스를 발향 마시다 지식산 할 수 있다는 은들 빼옵니다.
p56_u41,p56,ce5.0,목소리를 변조하려고 해정가스를 다량 마시다 지식사 할 수 있다면 목소리를 변조하려고 해정가스를 다량 마시다 지식사 할 수 있다면
p56_u41,p56,ce10.0,목소리를 벼도하려고 헬리오가스를 발형 마시다. 치식사 할 수 있다면 은격배묵니다.
p56_u42,p56,taps,풍덩 풍전의 주노 사용되는 해외 가스는 무독성 브랄성 기체로 다양할 걸 보내 둘이 마시면 산소 공급이 차단돼 지식사 할 수 있다.
p56_u42,p56,ce0.0,통방 본전을 주어 사용되는 헤어 가스는 무독성 부활성 기체로 다양한 한꺼번에 들이 마시면 산소 공룩이 타담돼 지식사할 수 있다.
p56_u42,p56,ce0.1,풍덩 풍전을 주어 사용된을 해영가스는 무독성 9월성 기체로 발향을 한꺼번에 들이 마시면 산소 공급이 차단돼 주식사 할 수 있다.
p56_u42,p56,ce0.5,송방군전의 주호 사용되는 해양가스는 무덕쌍 브라이성 기체로 발향을 한꺼번에 들이마시면 산소공급이 탄함돼 지식사할 수 있다.
p56_u42,p56,ce1.0,풍덩 풍전의 증거 사용되는 헤헹가스는 무독성 9월성 기체로 다량을 한꺼번에 들이 마시면 상속 공급이 타반배 뒤식사할 수 있다
p56_u42,p56,ce2.0,풍범풍전을 중호 사용된 할 내년 값은 무독성 9월성 기체로 다양한 한꺼번에 들이마시면 한소원금이 차단될 지식사할 수 있다.
p56_u42,p56,ce5.0,풍덩 풍전의 중원 사용된을 해영가수는 무독성 부활성 기체로 다양할 한꺼번에 프리마시면 산성공급이 차단돼 지식사할 수 있다.
p56_u42,p56,ce10.0,풍덩 풍전을 주어 사용되는 회명가스는 무독성 9월성 기체로 다양한 한꺼번에 풀이 마시면 산소 온급이 편한데 제식사할 수 있다
p56_u43,p56,taps,소비자원은 최근 국내에서 해엄가스 가다 흡입에 따른 어리이 안전 사고가 발생하고 있는 만큼 재미나 호기신에 따른 흡입을 하지 말아달라고 당부했다.
p56_u43,p56,ce0.0,소비자원은 최근 군대회에서 헤헹가스 가바 흡입에 따른 어리이 안전 사고가 발생하고 있는 만큼 재미나 호기신에 따른 흡입을 하지 말아달라고 당부했다.
p56_u43,p56,ce0.1,소비자원은 최근 국내에서 헬림가수 가사 후비됐다른 어리이 안전 사고가 발생하고 있는 만큼 재미나 후기신에 다른 소비를 하지 말하자나고 당부했다.
p56_u43,p56,ce0.5,소비자원은 최근 국내에서 해념가수의 가장 흐비됐다는 어리의 안전 사고가 발생하고 있는 만큼 재미나 호기신의 다른 흐비를 하지 말아달라고 당부했다.
p56_u43,p56,ce1.0,소비자원은 최근 국내에서 헬륨과술 가방 후비벳 다른 어리의 안전 사고가 발생하고 있는 만큼 재미나 호기심에 다른 후비벳을 하지 말아달라고 당부했다.
p56_u43,p56,ce2.0,소비자원은 최근 국내에서 해임과술 가방 후비됐다는 어리의 안전 사고가 발생하고 있는 만큼 재미나 후기신에 다른 후비를 하지 마라단화고 방부했다.
p56_u43,p56,ce5.0,소비전은 최근 국내외에서 해엄가스를 과다 휘비됐다는 어리의 안전 사고가 발생하고 있는 만큼 재미나 후기심에 다른 휘비를 하지 말하자라고 당부했다.
p56_u43,p56,ce10.0,소비자원은 최근 국내에서 헤념가스를 가봐 후비됐다는 어리의 안전 사고가 발생하고 있는 만큼 재미나 오기신의 다른 후비를 하지 말아달라고 당부했다.
p56_u44,p56,taps,최고의 심 양간 소비자 위에 감시 시스템에 접수된 헤류가스 안전 사고는 일곱건으로 발시형 롤도가 녹지는 않지만 2주 5여서건이 어리히 사고였다.
p56_u44,p56,ce0.0,최고인 식량간 소비자 위에 감시 시스템에 접수된 헤료가스 안전 사고는 7건으로 8시아운동가 높지는 않지만 2주 6건이 어리히 사고였다.
p56_u44,p56,ce0.1,최곤심 양관 소비자 위에 감시 시스템에 접수된 해류가스 안전 사고는 일곱건으로 발세용들도와 녹지는 않지만 2주 5건이 어리위 사고였다.
p56_u44,p56,ce0.5,특원심 양간 수비자 위에 감시 시스템에 덥스된 헬려가스 안전 사고는 7건으로 발색으로도가 높지는 않지만 2주 5년 석건이 어리히 사고였다.
p56_u44,p56,ce1.0,측은 실량간 소비자위에 감시 시스템에 접수된 해욕가스 안전 사고는 7건으로 현신로 이루어 높지는 않지만 2주 6건이 어리 사고였다.
p56_u44,p56,ce2.0,최현실 양관 소비자 위에 감시 시스템에 덥수된 헬로가스 안전 사고는 7건으로 발생금도와 높지는 않지만 2주 6건이 어리 사고였다.
p56_u44,p56,ce5.0,청완심 양관 소비자 위에 감시 시스템에 접수된 헤명가스 안전 사고는 1개 꺼내로 8세한 길도가 높지는 않지만 2주 6건이 어리 사고였다.
p56_u44,p56,ce10.0,최근 신양간 소비자 위에 감시 시스템에 접수된 헬륨가스 안전 사고면 7건으로 발생들도가 높지는 않지만 2주 6건이 어린이 사고였다.
p56_u45,p56,taps,특히 온라인에서 주로 판날되는 저와 펠륨가스의 경우별 또 간리 기장이 없어 안전 사각 뒤드에 놓여있다
p56_u45,p56,ce0.0,특히 온라인에서 주로 판날되는 저와 폐용 가스의 경우 덜 또 관리 규장옵서 안전 사각 뒤드에 놓여있다.
p56_u45,p56,ce0.1,특히 온라인에서 주로 판매되는 저와 필름과스의 겸은 밸도 관리 규정에 없어 안전 사각 뒤드에 놓여있다.
p56_u45,p56,ce0.5,"특히 온라인에서 주로 판날되는 저압 필륭가스의 경우 밸도 반리 규장이 없어, 안전 사각 지배에 놓여 있다."
p56_u45,p56,ce1.0,특히 온라인에서 주로 판말되는 저와 필름과스의 경우 벨 또 갈리 기량이 없어 안전 사곽 지배에 놓여있다
p56_u45,p56,ce2.0,특히 온라인에서 주로 판매되는 저와 페륨과스의 경우 별도 관리 기장이 없어 안전 사각지대에 놓여 있다.
p56_u45,p56,ce5.0,"특히 온라인에서 주로 판매되는 저와 펜륭가스의 경우 밸도 관리 규장은 없어, 안전 사각시대에 놓여있다."
p56_u45,p56,ce10.0,특히 온라인에서 주로 판매되는 저와 펠륨 가스의 경우 벨 또 간리 기장이 없어 안전 사각 지대에 놓여 있다
p56_u46,p56,taps,소비장은 이 관스 안정 봉사와 함께 온라인에서 판내되는 해임과스 9개 제품에 이뚱실태를 조사한 결과 제방 이상이 5개에 과단 후빗 이엄에 대한 경규 후출실가 없었다.
p56_u46,p56,ce0.0,소비자원이 가스 안정부사왕함께 온라인에서 팡래에 대한 해오가스 9개 제품에 이두 실태를 조사한 결과 제방 이상이 당섭게 과다수빛 이엄에 대한 경우교 부출실가 없었다.
p56_u46,p56,ce0.1,소비장원이 과스 안정공사와 함께 온라인에서 판매되는 헬림과스 9개 제품에 유통실태를 조사한 결과 제방 이상이 5개에 과당 후빗 이엄에 대한 경규 출시가 없었다.
p56_u46,p56,ce0.5,소비장 아니 갓스 안정 공사와 함께 온라인에서 판매되는 헬리우가스 9개 제품에 유토 실테를 조사한 결과 제방 이상이 5개에 가다 흡입 위험을 대한 경금 출시가 없었다
p56_u46,p56,ce1.0,소비장 아니 갓스 안동 구상함께 온라인에서 판매 전환 해욕과스 9개 제품의 이쁜 시태를 주상한 결과 전반 이상이 장석계에 가방 흡입 위험에 대한 경규 출시가 없었다
p56_u46,p56,ce2.0,소비 장관이 곽스 안정 부사와 함께 온라인에서 판매되는 흥윤가스 9개 제품의 유통실태를 조사한 결과 제반 이상이 5개에 과당 후빅 이엄에 대한 경규 출시가 없었다.
p56_u46,p56,ce5.0,후비장 아니 과스 안정 붕사와 함께 온라인에서 판매되는 현룡과스 9개 제품에 유통실태를 조사한 결과 절반 이상이 5개의 과당흡입 위험에 대한 경경 출실가 없었다
p56_u46,p56,ce10.0,소비장은 유입할 수 안정 구사와 함께 온라인에서 판매되는 현룡가스 9개 제품에 유통실탄을 조상한 결과 절반 이상이 5개에 과반 흡입 이험에 대한 경기 우출 수가 없었다
p56_u47,p56,taps,또 두 개 제품은 고압 가스에 해당하는데도 동록 차량으로 아닐 택배로 불법 유통되는 것으로 확인됐다.
p56_u47,p56,ce0.0,또 두 개 제품은 고압 가스에 해당하는데도 등록 촬영이 아닐 때 배로 글법 이톤을 내는 것으로 확인됐다.
p56_u47,p56,ce0.1,또 2개째 도움 고압 가스에 해당하는데도 동록 촬영이 아닐 택배로 불법 유통되는 것으로 확인됐다.
p56_u47,p56,ce0.5,또 두 개 제품은 고압 가스에 해다 아는데도 동룩 차량은 아닐 택배로 불법 유통되는 것으로 사길됐다.
p56_u47,p56,ce1.0,또 두 개 제품은 고압 가스에 해당하는데도 동육 차량이 아닐 택배로 불법 유통되는 것으로 하긴 냈봐
p56_u47,p56,ce2.0,또 두 개 제품은 구압과 수해 해당하는데도 등록 차량은 아닐 택배로 빌법 육동되는 것으로 하긴 됐다.
p56_u47,p56,ce5.0,또 두 개 제품은 고압 가슴에 해당하는데도 등록 차량이 아닐 획대로 불법 육통되는 것으로 확률됐다.
p56_u47,p56,ce10.0,또 두 개 제품은 고압 가슴에 해당하는데도 동룩 차량이 아닌 택배로 불법 유통되는 것으로 확인됐다.
p56_u48,p56,taps,소비자 아는 이 같은 조사를 바탕으로 온라이오토레폼 사업자와 협업회 2.5 내장으로 주의 경고 표시 강화를 유창할 계획이다.
p56_u48,p56,ce0.0,소비자 아는 이 같은 조사를 바탕으로 온라호톤의 통사업자와 협업회 2.3 내상으로 주의 경고 표시 강화를 요청할 계획이다.
p56_u48,p56,ce0.1,소비자원은 이 같은 조사를 바탕으로 온라형 퀄리폼 사업자마혀법에 2.5 내자를 대상으로 주의 경고필시 강화를 유참할 계획이다.
p56_u48,p56,ce0.5,소비자와는 이 같은 조사를 바탕으로 온라인 톤의 폼사업장와 혀법회 2.3회자를 대상으로 주위 경고 표시 강화를 유당할 계획이다.
p56_u48,p56,ce1.0,호비장은 이 같은 조사를 밥강으로 온라인톤의 통사업자마혀법에 입점 판매자를 대상으로 주의 경고 피우시 강화를 유통할 계획이다.
p56_u48,p56,ce2.0,소비자원은 이 같은 조사를 바깥으로 온라인우튼을 품상업자가 협업해 입장 3레달의 대상으로 주위 경고 피우시 광화를 유통할 계획이다.
p56_u48,p56,ce5.0,"소비자와는 이 같은 조사를 바탕도 온라행품을 품차업자와 협업해 2.3, 4자를 대상으로 주의 경고 표시 광화를 유참할 계획이다."
p56_u48,p56,ce10.0,소비자원은 이 같은 조사를 박강도 온라 1분의 품상업장화 협업회 2.3회자를 대상으로 주의 경고 표시 강화를 유통할 계획이다.
p56_u49,p56,taps,타스 안정공사는 고압의 필령가스 제품에 흡입 금지를 추시하도록 값을 기술 기준을 개정해 4달 11일부터 시행에 돌아갑니다.
p56_u49,p56,ce0.0,가스 안정 봉사는 고암필용 가스 제품의 흡입 금지를 투시하도록 가스 기술 기준을 개정해 4달 10위를 부터 시행에 돌아갑니다.
p56_u49,p56,ce0.1,가스 안정공사는 고합실용 가스 제품에 휴빅 금지를 추시하도록 가스 기술 기준을 개정해 4달 11일부터 시회에 돌아간다.
p56_u49,p56,ce0.5,가수 안정공사는 고압 힐링 가수 제품의 흐비 금지를 출시하도록 가수 기술 기준을 대정해 4달 11일부터 시회에 들어간다.
p56_u49,p56,ce1.0,가수 안동공감은 고압 힐링 가수 제품의 흐백 금지를 초시하도록 가수 기술 기준을 개정해 4단 11일부터 시행에 들어갑니다.
p56_u49,p56,ce2.0,가수 안동공사는 고압을 이용 가수의 제품에 휴대 금지를 표시하도록 가수 기술 기준을 개정해 4달 11일부터 시하여 들어갑니다.
p56_u49,p56,ce5.0,가수 안정 공감은 고압을 이용 가수 제품에 휴대급 금지를 초시하도록 가수 기술 기준을 개정해 4달 11일부터 시회에 들어갑니다.
p56_u49,p56,ce10.0,가수 안정공사는 고앞에 형가수 제품의 흡입 금지를 표시하도록 가수 기술 기준을 개정해 4단 11를부터 시행에 들어갑니다.
p56_u50,p56,taps,참아작 거리 두기 와마 이후 첫 해외 시즌을 맞아 관련 성품을 참을 소리자가 급속하게 늘고 있다.
p56_u50,p56,ce0.0,사물적 거리 두기 와마 이후 첫 펜호의 시즌을 맞아 관련 성품을 산을 소비자가 급속하게 늘고 있다.
p56_u50,p56,ce0.1,3회적 거리 두기 와마 이후 퇴텔미 시즌을 맞아 관련 성품을 찾는 소비자가 급속하게 늘고 있다.
p56_u50,p56,ce0.5,3회적 거리 두기 와마 이후 첫 편의 시즌을 맞아 관련 상품을 참을 소비자가 급속하게 늘고 있다.
p56_u50,p56,ce1.0,3회적 거리 두기 와마 이후 퇴평의 시즌을 맞아 관련 성통을 참날 소비자가 급속하게 늘고 있다.
p56_u50,p56,ce2.0,사망적 거리 두기 완화 이후 퇴평의 시즌을 맞아 관련 성품을 참은 소비자가 급속하게 늘고 있다.
p56_u50,p56,ce5.0,3회적 거리 두기 완화 이후 퇴평의 시즌을 맞아 관련 상품을 찬매 소비자가 급속하게 늘고 있다.
p56_u50,p56,ce10.0,사마자 거리 룩이 왔마 이후 첫 펜휘 시즌에 맞아 관련 홍톰을 사마의 소비자가 급속하게 늘고 있다.
p56_u51,p56,taps,패시엄전애프로 메이블리는 2달 1에서 시우윤길 회로용 검정량이 지난해 같은 의견 대비 160% 종가했다고 25에 밝혔다.
p56_u51,p56,ce0.0,패시엄전의 포마 에이브인은 2달 1에서 16개는 헤롬홍 검정량이 지난해 카토비감 데뷔 160% 종가했다고 25에 밝혔다.
p56_u51,p56,ce0.1,패시엄선 네토로 메이블리는 2달 1월 31일 여긴 헬로닝 검색량이 지난해 같은 기간 대비 160% 중가했다고 25에 밝혔다.
p56_u51,p56,ce0.5,패션프넬 프로메이블리는 2달 1에서 16일 헬로우 감생광이 지난해 같은 의견 배비 160% 증가했다고 25일 발켰다
p56_u51,p56,ce1.0,패션 손을 풀어 메이블리는 2단 1에서 16개는 세연이 검색량이 지난해 갚은 기간 배비 160번들 중가했다고 25일 별켜봐
p56_u51,p56,ce2.0,패션프네폼 메이블리는 2달 1에서 16개를 헬롱우 검색량이 지난해 같은 기간 배비 160% 중화했다고 25일 밝혔다.
p56_u51,p56,ce5.0,패션 분의 폰 매입을 리는 2달 1에서 16길 회로몬 검색 양이 균안의 같은 기간 대비 8인 60% 종가했다고 25일 밝혔다.
p56_u51,p56,ce10.0,패션프네풍 매일 분리는 2달 166일 헬로닝 검색 양이 지난해 같은 기간 배비 60% 중가했다고 25일 밝혔다.
p56_u52,p56,taps,"헬리홀 타티가 열리는 대표장송이 이태원 에버랜드, 노태월드 등 특정 방소 검색량이 등증했다."
p56_u52,p56,ce0.0,"헤너로 다티가 열리는 대표 장송이 이태원 에버랜드, 노태월드 등 측정 방소 검색량이 뒷주였다."
p56_u52,p56,ce0.1,헬롱한 파티가 열리는 대표장소의 이태원 에버랜드 롯데월드 등 특정 방소 검색량이 극중했다.
p56_u52,p56,ce0.5,현동원 타티가 열리는 대표 장소의 이태원 에버렌즈 롯데월드 등 특정 방소 검색량이 극증했다.
p56_u52,p56,ce1.0,헬로웬 타티가 열리는 대표 장종이 이태원 에버랜드 로봇월드 등 특정 방소 검색량이 급증했다.
p56_u52,p56,ce2.0,"핸드웅 타피가 열리는 대표 장소 1, 2, 1, 에버랜드, 로데월드 등 특정 방소 검색량이 급증했다."
p56_u52,p56,ce5.0,헬로운 파티가 열리는 대표 장소의 이태원 에버랜드 롯데월드 등 측정 장소 검색 양이 극조했다.
p56_u52,p56,ce10.0,해명은 다티가 열리는 대표 장소 이 잇태원 에버랜드 롯데월드 등 특정 방소 검색량이 급증했다.
p56_u53,p56,taps,텍션 카테그 리에서는 헬롱호 코스트로 검색량이 143대가량 크게 늘었다.
p56_u53,p56,ce0.0,패션 카테그 리에서는 헬망무 코스트로 검정량이 143대가량 크게 늘었다.
p56_u53,p56,ce0.1,패션 카테고리에서는 헬농인 코스트로 검색량이 143대가량 크게 늘었다.
p56_u53,p56,ce0.5,텍션 카테고리에서는 헬롱유 코스트로 검색량이 143대가량 크게 늘었다.
p56_u53,p56,ce1.0,텍션 과태구리에서는 해명유 코스트로 검색량이 143배가량 크게 늘었다.
p56_u53,p56,ce2.0,패션 카테고리에서는 헌름무 코스트로 검색량이 143대가량 크게 늘었다.
p56_u53,p56,ce5.0,텍션 카테고리에서는 헬롱이 코스프레 검색량이 143대가량 크게 늘었다.
p56_u53,p56,ce10.0,"텍션 카테고리에서는 해누모 코스트로의 검색량이 143,00가량 크게 늘었다."
p56_u54,p56,taps,파티 소품 파티 셰트 등 장식 등 분과 상처 부준장 펜파이아 망토 등 소품 검색 양도 크게 증거했다.
p56_u54,p56,ce0.0,파티 소품 파티 셀트 등 장식 용품과 상처 부진장 펜파이어 망토 등 소품 검색량으로 크게 증거했다.
p56_u54,p56,ce0.1,파티 소품 파티 셀트 등 장식 용품과 3청 수준장 펜파이아 망토 등 소품 검색량도 크게 증거했다.
p56_u54,p56,ce0.5,파티 소품 파티 셀트 등 잠식 등분간 상터 부주장 펜파이어 망토 등 소품 검색량으로 크게 증가했다.
p56_u54,p56,ce1.0,파티 소품 파티 히트 등 장식용품과 상처 2분장 펜파이어 망토 등 소품 검색량으로 크게 증가했다.
p56_u54,p56,ce2.0,파티 소품 파티 셀트 등 장식 용품과 상처 부진장 펜파이어 망토 등 소품 검색량도 크게 증가했다.
p56_u54,p56,ce5.0,파티 소품 파티 셀트 등 장식용품과 상처 분장 펜파이야망토 등 소품 감생량도 크게 증가했다.
p56_u54,p56,ce10.0,파티 소품 파티시트 등 잠시 등 중간 3차 부주장 펜파이어 망토 등 소품 검색량도 크게 증가했다.
p56_u55,p56,taps,이렇트 테노인에 대한 간식이 고조되자 이 통업계에서는 각종 환인영 삼입 이려트를 진행하고 있다.
p56_u55,p56,ce0.0,이렇트 테농일에 대한 간식이 보조되자 이 통업계에서는 각종 환율용 3입 이렇트를 진행하고 있다.
p56_u55,p56,ce0.1,"이렇트 테노인의 대학 간식이 보조배자, 유통업계에서는 각종 환일영상이 이랬트를 진행하고 있다."
p56_u55,p56,ce0.5,이렇철 펜홍량팬 간식이 구조되자 이 통업계에서는 각종 환영상이 미렘트를 진행하고 있다.
p56_u55,p56,ce1.0,이뤘틀 페로위를 태한 간식이 고조배자 이톤 업계에서는 각종 환영함이 이려트를 진행하고 있다.
p56_u55,p56,ce2.0,1억트 페로위를 대한 간식이 고조되자 이톤 업계에서는 각종 하이로 3위를 이려트를 진행하고 있다.
p56_u55,p56,ce5.0,이뤘트 펜홍에 대한 관심이 고조되자 이쁜께에서는 각종 환영상이 이랬흐대 진행하고 있다.
p56_u55,p56,ce10.0,이렇트 테노인을 대한 관심이 고조되자 이쁜묵계에서는 각종 환인 3일 2일 주대 진행하고 있다.
p56_u56,p56,taps,노때마트는 해외인에 맞아 2달 말까지 헤롬어 과자파티 하이 행사를 연방
p56_u56,p56,ce0.0,롯데마트는 헤로웅이날 마자 2단 말까지 헤로우 가자파티화인사를 연방
p56_u56,p56,ce0.1,롯때나트는 헬로인에 맞아 2달 말까지 헬로우 가자파티 활링 자르 연방
p56_u56,p56,ce0.5,롯때마트는 헤헷을 맞아 이따 말까지 헤헷 과자 파틴 화이닝 잘해 연다
p56_u56,p56,ce1.0,롯데마트는 헤호인을 맞아 2달 말까지 헤호인 가자파티 하이닝 잘을 였나
p56_u56,p56,ce2.0,롯데마트는 헤노인을 맞아 이달 말까지 헤노고 가자파티 화인용사를 연다.
p56_u56,p56,ce5.0,롯데마트는 헬로맨을 맞아 이따 말까지 헬로맨 가자파티 하이넹사를 였다
p56_u56,p56,ce10.0,롯데마트는 헬로인에 맞아 2단 말까지 헬로인 과자 파트 하니우사를 연다
p56_u57,p56,taps,새우의 스페셜 젤리스트로 등 단독 선품을 출시하고 일정금의 이상 구매시 3품권을 중장합니다.
p56_u57,p56,ce0.0,새로운 스페셜 젤리스트로 등 반도컴품을 출시하고 일정금의 이상 구매시 3품 검을 등장합니다.
p56_u57,p56,ce0.1,"세로이 스페셜 젤리스트로 등 단독한 품을 출시하고 1.2, 2, 3 품 검을 중장합니다."
p56_u57,p56,ce0.5,Henoin Special Jelly Stroller 등 반복 상품을 출시하고 1.5mm의 이상 구매시 상품 과매 중상합니다.
p56_u57,p56,ce1.0,헬로웨이 스페셜 젤리스트로 등 단독 황품을 출시하고 일정금의 리상금의 시 3품 곰을 등장한다.
p56_u57,p56,ce2.0,해보인 스페셜 젤리스트로 등 단독 항품을 출시하고 일정금의 위상 구매 시의 상품권을 증정합니다.
p56_u57,p56,ce5.0,테라인 스페셜 젤리스트로 등 단독한품을 출시하고 일정금의 위상품의 필산품권을 중장한다.
p56_u57,p56,ce10.0,채널의 스페셜 젤리스트로 등 단독 상품을 출시하고 이 장군의 이상 구매실 상품권을 중장한다.
p56_u58,p56,taps,"포울되러스에서는 CJ ENN 인기 컴션치일 시리아 파트 캐릭터의 헤롱헤데이 의상, 소품, 사탕, 바구니 등 다양한 파티 염품의 선보인다."
p56_u58,p56,ce0.0,"코일저러스에서는 시제이 이앨랜 인틱 컴센치 시미리아 파트 캐릭터의 헬론데이 이상 숙품, 사탄 바구니든 다양한 파티엄품의 선봉입니다."
p56_u58,p56,ce0.1,"토요일저러스에서는 CJ E&M은 유기컴센트의 신리아파트 캐릭터의 헤롱을 내 의상, 습품, 사탕, 바구니 등 다양한 파티웅 보물 선보입니다."
p56_u58,p56,ce0.5,"포이더러스에서는 시젝이 예능 요기 콘텐츠일 시미개 아파트 캐릭터의 헤르몬데이 의상 수풍, 사탕 박온유 등 방한 파피음품의 선보인다"
p56_u58,p56,ce1.0,"Pony Drus 에서는 CJE&IN 1Gкомbin 주일 신비 아파트 캐릭터에 헤르른데이 의상, 수품, 사용한 박움이 된 다양한 파티�PEM의 성본이다."
p56_u58,p56,ce2.0,"토이더러스에서는 CJE&N 일기꿈슨 주일 심개 아파트 캐릭터의 해노문데이 의상, 소품, 사탕 바구니들, 다양한 사퀴엄품을 선보인다."
p56_u58,p56,ce5.0,"토이더러스에서는 시제이에는 일기꿈틈 주일 심개 아파트 캐릭터의 헤롱데이 의상 소품, 사탕 바구니 등 다양한 파티용품에 선보인다"
p56_u58,p56,ce10.0,"토이더러스에서는 CJ ENN 인기 컴퓨치 심개 아파트 캐릭터의 헬로뮬데이 의상, 소품, 사탕 박원이 등 다양한 파티용품에 선보인다."
p56_u59,p56,taps,"롯데온에서도 오는 30일까지 헬로일을 맞아 이태리어 소품, 코스트리의 영품등 파티영수 기획전을 개태합니다."
p56_u59,p56,ce0.0,"롯데어 온에서도 오는 30일까지 혜연의인을 맞아 이태리어 소품, 코스트리엘의 오줌 등 파티형 수우 기획전의 개체 압박"
p56_u59,p56,ce0.1,"롯데온에서도 오는 30일까지 헬로일렐마자 일테리어 수품, 코스프레용 굶음 등 파티넘 수은 기획점을 개최한 바."
p56_u59,p56,ce0.5,"롯데 오내서도 오는 30일까지 헬로웅일마다 일태리어소품, 코스프레응뿐 등 파팅용수기 앱전을 개최한 바."
p56_u59,p56,ce1.0,"롯배원에서도 오는 30일까지 현호인을 맞아 인테리어 소품, 코스프랭 용돈 등 파틴 용품 기획전을 개최합니다."
p56_u59,p56,ce2.0,롯데온에서도 오는 30회까지 현명인을 마다 일테리어 소품 코스트리닝 오줌 등 파틴 용수인 기획전을 개최한 바.
p56_u59,p56,ce5.0,"롯데온에서도 오는 30일까지 헬로인을 맞아 인테리어 소품, 코스프랭 용품 등 파티룬 소위 기획전을 개최합니다."
p56_u59,p56,ce10.0,"롯데 오내서도 오는 30일까지 헤노인을 맞아 인테리어 소품, 코스크랜 용숨 등 파티몬숨 기획전을 개최한 방"
p56_u60,p56,taps,안향 6.5이 에이스 황진아의 하락을 앞세워 대전시설 관리공단을 꺾고 20222나무한국 프로카클릭을 여자 내셔널 리글 사난승할 달성했다.
p56_u60,p56,ce0.0,"안하기로 정리, 에이스 황진아의 하락을 앞세워 대전시설 관리공단을 꺾고 2022, 2나무, 한국프로 탁그리그, 여자 내셌나 리글 사난성에 달성했다."
p56_u60,p56,ce0.1,안하인드청위 에이스 홍진아의 하락을 앞세워 대전시설 관리공단을 꺾고 2022 2나무 항북후로 탁그리그 여자 내셌나 링글 사난성의 달성했다.
p56_u60,p56,ce0.5,안 한 표정일 A.C. 황진아의 활약을 앞세워 대전시사 관리공단을 꺾고 2022 2 남은 한국 프로 사거리 글 여자 내셌나 룩을 사낸 성을 달성했다.
p56_u60,p56,ce1.0,안의 하이미점이 에이스 홍진아의 하력을 앞세워 대전시설 관리공단을 꺾고 20222 남은 100% 탁그리그 여자 메시어난 리그 사냥승을 달성했다.
p56_u60,p56,ce2.0,당장 6.5이 에이스 홈우진아의 활약을 앞세워 대전시설관리공단을 꺾고 2022 2나무 한국후로 탁그리그 여자 메시어난 리글 사난승을 단성했다.
p56_u60,p56,ce5.0,안향 및 전무의 A.C. 황진아의 하락을 앞세워 대전시설관리공단을 꺾고 2022 2 남은 한국 프로 탁구리그 여자 내셔한 의길 사난성의 단성했다.
p56_u60,p56,ce10.0,안향 및 정우의 에이스 홍우진아의 하략을 앞세워 대전시사 관리공단을 꺾고 2022 2나무 한국 프로착들이 그 여자 내셔한 리그 사난승을 달성했다.
p56_u61,p56,taps,안산시청만 28일 수원 탁구 전형 감기장 스피디오티에서 열리 KTT의 여자 메시어날리교에서 대잔시작관리 봉단의 상대로 3대1 상의를 했다.
p56_u61,p56,ce0.0,안산시청은 28일 수원 탁구 전형 감기장 드디어티에서 열리 KT티의 여자 내셔 난 리그에서 대잔시장 관리 공단에 상대로 3대1 4일에 따냈다
p56_u61,p56,ce0.1,안산 시천만 28일 수한 팝부 전령 경기장 스피디오티에서 열린 KTT의 여자 메시어난리교에서 대장 시장 관리 공담의 상대로 3대1 상의를 닿았다.
p56_u61,p56,ce0.5,안산시청은 28일 수한 탑구 전형 감기장 스피디오티에서 열리 KTT의 여자 메시어날리그에서 대단시사관리 공단을 상대로 3대 1승을 이랬다.
p56_u61,p56,ce1.0,안산시청은 28일 수한 탁구 전형 경기장 스피디오티에서 열리 KTT의 여자 메시어날리그에서 대전시사 관리 공담을 상대로 3대1 성의대에 담았다
p56_u61,p56,ce2.0,안산시청은 28일 수한 탁구 전형검기장 스피디오티에서 열린 KTT의 여잔의 시어날 리그에서 대단시사관리 공단을 상대로 3대1 상의를 다 냈다.
p56_u61,p56,ce5.0,안한 시청은 28일 수한 탁구 전형검기장 스피디오티에서 열린 KTT의 여자는 시원할리그에서 대전시사관리 공단을 상대로 3대일 성에 대단했다.
p56_u61,p56,ce10.0,안산시통은 28일 수한 탁구 존령 경기장 스크디오티에서 열린 KTT의 여자 메시어넘 리그에서 대단시사관리 공단을 상대로 3대1 성의대단했다
p56_u62,p56,taps,안산시탕 황진하는 이내치에서 대절시사관리공단 박태원의 상대로 이대향 승리를 거졌다.
p56_u62,p56,ce0.0,안산시턴 황진안은 1회치에서 대절시사관리공단 박태원의 사운대로 이대형 승위를 거줬다.
p56_u62,p56,ce0.1,안산시탐 황진하는 임회치에서 대절시사관리공단 박태원의 상대로 이대향 승위를 거졌다.
p56_u62,p56,ce0.5,안한 시턴 황진하는 1회치에서 대전시사관리공단 박태원의 상대로 2대형 승리를 거줬다.
p56_u62,p56,ce1.0,안산시청 황진하는 이물취에서 대전시사 관리공담 박태원의 상대로 이대형 승리를 거졌다.
p56_u62,p56,ce2.0,안산시청 홍준아는 1회치에서 대전시사 관리공담 박태원의 성대로 이대양승인의 거줬다.
p56_u62,p56,ce5.0,안산시청 황진하는 1회치에서 대전시사관리공단 박태원을 상대로 이대형 승리를 거뒀다.
p56_u62,p56,ce10.0,안산시켓 홈우진 아는 1회치에서 대전시사 관리공담 박태원을 상대로 이대형 승리를 거뒀다.
p56_u63,p56,taps,이네티는 안산시청 작세리가 대전시사관리공다 권하연에게 1대 1호 패배하며 승돈한 원점으로 돌아갔다.
p56_u63,p56,ce0.0,이네티는 안산시청 작세리가 대전시사관리고나 거나연에게 1x1로 패배하며 소분한 원점으로 돌아갔다.
p56_u63,p56,ce0.1,이 메티는 안산시청 박세리가 대전시사관리공단 권하염에게 1대 1호 패배하며 성분은 원점으로 돌아갔다.
p56_u63,p56,ce0.5,이네티는 안산시청 박세리가 대전시사관리공단 권하현에게 1대 1호 패배하면 수분한 원점으로 돌아갔다.
p56_u63,p56,ce1.0,이메티는 안산시청 박세리가 대전시사관리공담 권하염에게 1대 1호 패배하며 승군은 원점으로 돌아갔다.
p56_u63,p56,ce2.0,임해치는 안산시청 박세리가 대전시사관리공담 권하현에게 1대 1호 패배하며 성분형 원점으로 돌아갔다.
p56_u63,p56,ce5.0,이매트는 안산시청 박세리가 대전시사관리공단 권하현에게 1대 1호 패배하며 성분한 원점으로 돌아갔다.
p56_u63,p56,ce10.0,임해치는 안산시청 박세리가 대전시사관리공당 권하여는 게 1배 1호 패배하며 승부는 원점으로 돌아갔다.
p56_u64,p56,taps,안선시청은 3맥에서 독식 6점 선승을 달리고 있는 이왕현 박세리도가 7점에 대전시사관리공단 박태원 유나릴도를 2대 1로 꺾으며 리드를 잡았다.
p56_u64,p56,ce0.0,안산시청은 산낙해서 북식 6점 전승을 달리고 있는 이왕은 박세리조가 7점에 배전시사관리공단 박태원 유나릴조 를 2대 1로 꺾으며 리드를 잡았다.
p56_u64,p56,ce0.1,"안산시청은 3맥 최소, 독식 6점 던승을 달리고 있는 이 양은 박세리조가 출점에 대전시사관리 공단 박채원 유라일조를 이데일로 꺾으며 니들을 잡았다."
p56_u64,p56,ce0.5,"안산시청은 3매 최소, 복식 6.3승을 달리고 있는 이형은 박세리도가 7점에 배전시사관이 공담 박채원 유나릴도를 2대 1로 꺾으며 리드를 잡았다."
p56_u64,p56,ce1.0,안산시청은 산맥대서 독식 6점 현승을 달리고 있는 이여문 박세리도가 7점에 대전시사관이 공담 박태원 유난의도를 2대 1로 꺾으며 리드를 잡았다.
p56_u64,p56,ce2.0,"안산시청은 산맵 채소, 북식 6점 검승을 달리고 있는 이형은 박세리도가 7점에 대전시사관이 공담 박태원 유만의도를 2대 1로 꺾으며 리드를 잡았다."
p56_u64,p56,ce5.0,"간산시청은 3맵체사, 복식 6점 감성에 달리고 있는 이왕은 박세리도가 7점에 대전시사관리공단 박태원 유난의도를 2대 1로 꺾으면 니들을 잡았다."
p56_u64,p56,ce10.0,"안산시청은 삶에 취소, 독식 6점 현승을 달리고 있는 이형훈 박세리도가 출점에 대단시사관이 공단, 박태원 유말의도를 이대일로 꺾으며 리드를 잡았다."
p56_u65,p56,taps,"3회치에서 안산시청은 8수 황진화가 검아연을 상대로 1세트 11대 4, 2세트를 11대 6으로 대합하며 대전시사관리 공단의 상대로 3대 1 승리를 구쳤다."
p56_u65,p56,ce0.0,"3회치에서 안산시청은 8스 화가 검아연을 상대로 1세트 11대 4, 2세트를 11대 6으로 대합하며 대전시사관리공단을 상대로 3대 1 승리를 붙였다."
p56_u65,p56,ce0.1,"3회치에서 안산시청은 에이스 황진화가 검아연을 상대로 1세툴 11대 4, 2세툴 11대 6으로 대합하며 대전시사관리 공단을 상대로 3대 1 승리를 구쳤다."
p56_u65,p56,ce0.5,"3회치에서 안산시탕은 엘수 황지나가 변하여는 상대로 1세트 11대사, 2세트를 11대 6으로 대합하며 대전시사관리 공단의 상대로 3대 1 승리를 귀쳤다."
p56_u65,p56,ce1.0,"3회치의 성안산시청은 엘수 황진아가 더마염의 상대로 1세트 11대사, 이 세트를 11대 6으로 대합하며 대전시사관리 공담의 상대로 3대 1승리를 구쳤다."
p56_u65,p56,ce2.0,"상대치에서 안산시청은 에이스 황우진아가 거마연을 상대로 1세툼 11대사, 2세투를 11대 6으로 대합하며 대전시사관이 공담을 상대로 3대 1승리를 구쳤다."
p56_u65,p56,ce5.0,관회치에서 안산시청은 A쇼 황진화가 권하연을 상대로 1세트 11대사 이 세트를 11대 육으로 대합하며 대전시사관리공단을 상대로 3대 1승리를
p56_u65,p56,ce10.0,3회치에서 안산시퉁은 에이스 홈우진아가 고마연을 상대로 1세트 11대사. 이 세트를 11대 6으로 대합하며 대전시사 관리 공단을 상대로 3대 1승리를 구쳤다.
p56_u66,p56,taps,이번 송이로 안산시청은 3.17점을 기록했으며 1위 군청구청과 1위 수아할 시청에 이어 삼강 최대의 공고에 했다.
p56_u66,p56,ce0.0,이번 손미로 안산시청은 소모장 시킬장을 기록했으며 1위 금청 부청과 1위 수아할 시청에 이어 상강체대를 공부했다.
p56_u66,p56,ce0.1,이번 송이로 안산시청은 3.17점을 기록했으며 1위 금청구청과 2위 소환시청에 이어 3강 제재를 공고했다.
p56_u66,p56,ce0.5,이번 소위로 안산시평은 소점 17점을 기록했으며 1위 군청구통과 2위 수안시청에 이어 3강 체대를 공고했다.
p56_u66,p56,ce1.0,이번 송이로 안산시청은 성점 17점을 기록했으며 1위 금청구통과 입이 수할시청을 이어 3강 대변을 공부했다.
p56_u66,p56,ce2.0,이번 소의로 안산시청은 소점 17점을 기록했으며 1위 군청구통과 2위 수원시청을 이어 삼검체대를 구워이 했봐.
p56_u66,p56,ce5.0,1번 소미로 안 한 시정한 성적 시퍼땅을 기록했으며 1위 군청구통과 2위 소환 시청의 이어 상광 체대의 군고일 햇다
p56_u66,p56,ce10.0,이번 손 위로 안 한 시정은 성점 17점을 기록했으나 1위 군청구통과 1위 수할 시정을 이어 상방체제를 공고해 했봐
p56_u67,p56,taps,"남자 내셔너리그에서는 1,455단이 3,9000과 접종끝에 3대 1호 역수입 성의를 거벗밤."
p56_u67,p56,ce0.0,남자 내셔와 위교에서는 1천 시사 5단이 3천 군성과 접종 끝에 사흘 데이로 역수입 성의를 거법받다.
p56_u67,p56,ce0.1,남자내생할리그에서는 1천 시사의 문당이 3천 공선과 접종 끝에 3대 1호 역수입성희들 거법방
p56_u67,p56,ce0.5,남자 내셔한 위기에서는 1천 시살 공단이 3천 군성과 답정 끝에 3대 1을 역수입성리를 거뒀다.
p56_u67,p56,ce1.0,남자 메시어미그에서는 인천시설공단이 산톤군성과 접종 끝에 3대 1호 역수입 승리를 거뒀다.
p56_u67,p56,ce2.0,남자매샷한 위기에서는 1천 시사의 우당이 3천 군성과 접종 끝에 3대 1호 역수입 승리를 거뒀다.
p56_u67,p56,ce5.0,남자내셝함 이그에서는 인천시사웅단이 산천군성과 접정 끝에 상의대의로 역수입생리를 거뒀다.
p56_u67,p56,ce10.0,"남자 메시어너미그에서는 2000시 사업 무단이 3,000 구성과 접종 끝에 301호 역수 입성리를 거뒀다."
p56_u68,p56,taps,인천시설공단은 이번 수위로 4연숨을 기록하며 수장 22점으로 1위 대탄시청을 생장 8장 차로 따라 붙었다.
p56_u68,p56,ce0.0,"인천시설 5단은 이번 승리로 4연승을 그록하며 수장 22.5, 1위 개찬 10,000회, 승장 8,000차로 따라붙었다."
p56_u68,p56,ce0.1,인철시설공단은 이번 승위로 4연승을 기록하면 수점 22점으로 1위 개탄시청을 승점 8절 차로 따라 붙었다.
p56_u68,p56,ce0.5,인천시설공단은 이번 승리로 4연승을 기록하며 순잠 22점으로 1위 배탄 10장을 승점 8점 차로 따라 붙었다.
p56_u68,p56,ce1.0,"임천시설공단은 이번 수위로 자연승을 기록하며 수점 22점으로 1위 대천시퉁원, 승점 8점 차원에 따라 붙었다."
p56_u68,p56,ce2.0,임천시설 5단은 이번 승위로 4연승을 기록하며 수장 22점으로 1위 대단시청할 승장 8점을 잘어 따라 붙었다.
p56_u68,p56,ce5.0,인천시성 운단은 이번 승위로 4연승을 기록하며 수정 22점으로 1위 개탄시청할 승점 8장 잘 따라 붙었다.
p56_u68,p56,ce10.0,임천시석 5단은 이번 수위로 4연승을 그룹하며 수점 22점으로 1위 대탄시청을 승장 8점으로 따라 붙었다.
p56_u69,p56,taps,치킨 월렌드 교툰 치킨은 은양하는 9000mm가 점주 전형 웹사이트인 감영점 공간을 개편했다고 15일 밝혔다.
p56_u69,p56,ce0.0,치킨 월랜드 교촌 치킨은 운영하는 구촌 F&B가 점주 전형 웹사이트인 감행점 공간을 개폼했다고 15일 발켰다.
p56_u69,p56,ce0.1,치킨 월랜드 규툰 치킨은 은양화는 규천 F&B가 점주 전형 웹사이트인 감영점 공간은 개편했다고 10회에 발켰다.
p56_u69,p56,ce0.5,치킨 노랜드를 교툰 치킨을 운영하는 교툰 F&B가 점주 전형 웹사이트인 간을 점 공간을 개폼했다고 15일 밝혔다.
p56_u69,p56,ce1.0,치킨 노랜드 교툼 치킨을 운영하는 교툼 F&B가 전주 전용 웹사이트인 감행점 공간은 개편했다고 15회 발켰다.
p56_u69,p56,ce2.0,치킨 노랜드 교툼 치킨은 의아와는 교툼 F&B가 점주 전형 웹사이트인 간의 오점 공간을 개편했다고 15회 밝혔다.
p56_u69,p56,ce5.0,치킨 워랜드 규툼 치킨은 의료화는 규천 FNB가 점주 전형 웹사이트인 감영장 공간은 개판했다고 10호에 발켰다
p56_u69,p56,ce10.0,치킨 롤랜드 교통 치킨은 은양하는 교촌 FNB가 점주 전형 웹사이트인 가능점 공간은 개판했다고 15일 밝혔다
p56_u70,p56,taps,가능점 공간은 감염점과의 워낄한 커뮤일 개의 변과 상생을 위해 마련된 내부 소통 창고이다.
p56_u70,p56,ce0.0,감염정 구간은 감염정과의 워낙 커멸 개의 경우가 상생을 위해 마련된 내부 소통 창고입니다.
p56_u70,p56,ce0.1,감행정 공간은 감행정과의 웜어랑 커뮤이 개입형과 상생을 위해 마련된 내부 소통 창고이다.
p56_u70,p56,ce0.5,감행점 공간은 감행점과의 원활한 커멸 개의 상과 상생을 위해 마련된 내부 소통 상품이다.
p56_u70,p56,ce1.0,감행점 공간은 감행점과의 원활한 커뮤니케이션과 상생을 위해 마련된 내부 소통 참고이다.
p56_u70,p56,ce2.0,감우점 구간은 감응점과의 원활한 커뮤니케일 상과 상생립의 마련된 내부 소통 창고이다.
p56_u70,p56,ce5.0,가능점 공간은 가능점과의 원활한 커뮤일 개의 상과 상생을 위해 마련된 내부 소통 상품이다.
p56_u70,p56,ce10.0,감행점 공간은 감행점과의 워낙 화멸 개의 상과 상승을 위해 마련된 내부 소통 상고이다.
p56_u71,p56,taps,"세단 공간에서는 가능점 유형에 티려한 분사 고지사항, 가능점주들의 요창사항 위, 점주 후식 등이 개대된다."
p56_u71,p56,ce0.0,"세라 고간에서는 간행점 운영에 필요한 본사 고지사, 간행점주들의 요청사항위, 점주 후식 등이 제재된다."
p56_u71,p56,ce0.1,"3단 공간에서는 가맹점 우영에 치료한 분사 공기사항 가맹점주들의 유창상 윗, 점주 후식 등이 대재된다."
p56_u71,p56,ce0.5,해당 공간에서는 감행점 운영에 필요한 볼사 동지 사항 감행금주들의 유평사 후입 점주 후식 등이 개대된다.
p56_u71,p56,ce1.0,해당 공간에서는 가맹점 위험에 필요한 본사 공지사 가맹점 주별의 유탕산업이 점주 후식 등이 개재된다.
p56_u71,p56,ce2.0,"해장구구관에서는 관용점 위양에 필요한 분사구리 사업, 관행점주들의 요청 사업이 점주 호식적인 개대된다."
p56_u71,p56,ce5.0,해당 공간은 저는 가능점을 이용해 필요한 본사 공지사 가능점주들의 유창사음이 점주 후식등이 개재된다
p56_u71,p56,ce10.0,"해당 공간에서는 감행점 운영에 필요한 분사 공지사항, 감행점주들의 요청 상황을 입점주 후식 등이 개대된다."
p56_u72,p56,taps,이번 대편은 잠주 및 돈사 직원들이 원하는 덤보를 더 씹어 빠르게 얻을 수 있도록 평이상 중대와 접근성 용위에 초장할 맞춰였다.
p56_u72,p56,ce0.0,이번 대표는 점주윗 동사 직원들이 원하는 정보를 더욱 씹어 빠르게 얻을 수 있도록 편의상 증대와 접근성 용위에 촉자할 맞춰졌다.
p56_u72,p56,ce0.1,이번 개편은 점중익 동사 직원들이 원하는 정보를 더욱 싶어 빠르게 얻을 수 있도록 향이 쌍 중대와 잡근성 용위에 축자할 맞춰졌다.
p56_u72,p56,ce0.5,이번 개편은 잠주 및 돌사 직원들이 원하는 당보를 더욱 싶어 빠르게 얻을 수 있도록 현이상 증대와 잡근성 용량 초편을 맞춰줬다.
p56_u72,p56,ce1.0,이번 개편은 점중이 분사 직원들이 원하는 정보를 더욱 싶어 빠르게 얻을 수 있도록 향이성 증대와 작균 성용리에 측정할 맞춰졌다.
p56_u72,p56,ce2.0,이번 개편을 점중이 군사 직원들이 원하는 덤보를 더 쉽고 빠르게 얻을 수 있도록 편의성 중대와 접근성 용위에 촉장을 맞춰줬다.
p56_u72,p56,ce5.0,이번 개편은 잠중이 분사 직원들이 원하는 방법을 더욱 쉽고 빠르게 얻을 수 있도록 편의상 증대와 접근성 용례 축교할 맞춰졌다.
p56_u72,p56,ce10.0,이번 개편은 점주입 부사 직원들이 원하는 정보를 더욱 싶어 빠르게 얻을 수 있도록 차이성 증대와 접근성 용예 특점을 맞춰줬다.
p56_u73,p56,taps,보다 직건적이고 체계적인 인터페이스를 구현한 점인 가장 큰 특징입니다.
p56_u73,p56,ce0.0,보다 집권적이고 체계적인 인터페이스를 구현한 점인 가장 콘특디입니다.
p56_u73,p56,ce0.1,도다 직관적이고 체계적인 인터페이스를 구현한 점이 가장 큰 툭트입니다.
p56_u73,p56,ce0.5,보다 직관적이고 체계�이 인터페이스를 구현한 점인 가장 큰 특징입니다.
p56_u73,p56,ce1.0,보다 집권적이고 체계력이 인터베이스를 구현한 점이 가장 큰 특징이다.
p56_u73,p56,ce2.0,보다 직관적이고 체계적인 인사 페이스를 구현한 점이 가장 큰 특징이다.
p56_u73,p56,ce5.0,보다 직관적이고 체계적인 인사 페이스를 구현한 점인 가장 큰 특징입니다.
p56_u73,p56,ce10.0,보다 집권적이고 세계적인 인터페이스를 구현한 점인 가장 큰 특징입니다.
p56_u74,p56,taps,사용자들이 각자 필요한 카테고리만 3절에 볼 수 있도록 직접 메인 화면에 대시보드를 살짝 할 수 있는 기농둥이 포함됐다.
p56_u74,p56,ce0.0,사용자절이 각자 필요한 카테이홀만 섬렬해 볼 수 있도록 직접 메인 사면에 대시보드를 살짝 할 수 있는 기녁등이 포함됐다.
p56_u74,p56,ce0.1,사용자들이 각자 피가 카테고 이만 3절에 볼 수 있도록 직접 메인 화면에 대시보드를 설정할 수 있는 기녁등에 포함됐다.
p56_u74,p56,ce0.5,사용자들이 각자 필요한 카테고일만 삼별해 볼 수 있도록 직접 메인 화면에 대시보드를 설정할 수 있는 기능 등이 포함됐다.
p56_u74,p56,ce1.0,사용자들이 각자 필요한 카테고 이만 3절을 볼 수 있도록 직접 메인 사면을 대시보드를 살짝 할 수 있는 기념 등이 포함됐다.
p56_u74,p56,ce2.0,사용자들이 각자 필요한 카테고리만 3달에 볼 수 있도록 직접 메인 화면에 대시보드를 설정할 수 있는 기녁 등이 포함됐봐
p56_u74,p56,ce5.0,사용자들이 각자 필요한 카테고 이만 3년에 볼 수 있도록 직접 메인 화면에 대시보드를 설정할 수 있는 기능 등이 포함됐다
p56_u74,p56,ce10.0,사용자들이 각자 필요한 카테고리만 삼결해 볼 수 있도록 직접 메인 화면에 대시 모델을 설정할 수 있는 기능 등이 풍됐다.
p56_u75,p56,taps,또한 휴대 본 등 모바일 환경에서도 털리하게 사용할 수 있도록 기능을 제작하겠다.
p56_u75,p56,ce0.0,또한 휴대 본등 모바일 한강이서도 털리하게 사용할 수 있도록 기능을 퇴석하겠다.
p56_u75,p56,ce0.1,또한 휴대폰등 모바일 환경에서도 털약에 사용할 수 있도록 기능을 제작하겠다.
p56_u75,p56,ce0.5,"또한 휴대 볼륨, 모바일 한강에서도 편리하게 사용할 수 있도록 기능을 퇴직하일까."
p56_u75,p56,ce1.0,또한 희베 본등은 모바일 환경에서도 털리하게 사용할 수 있도록 기능을 체중 가입다.
p56_u75,p56,ce2.0,또한 휴대건등은 모바일 황강에서도 털리하게 사용할 수 있도록 기능할 퇴적가 있다.
p56_u75,p56,ce5.0,또한 휴대 본등 모바일 환경에서도 털약을 사용할 수 있도록 기능을 제작하겠다.
p56_u75,p56,ce10.0,또한 흔베 본등 모바일 황강에서도 편의하게 사용할 수 있도록 기능을 체중 가입다
p56_u76,p56,taps,그쵸는 간의 오잠 고우강 대태원을 통해 가매의 점과의 소통한 현지와 강화하고 더 나아가 고객 만족도 향상까지 함께 만들어낼 방치입니다.
p56_u76,p56,ce0.0,2초는 간에 오감공감 대편을 통해 간회점과의 소통한 할치와 강화하고 더 나아가 고객 만족도의 한사까지 함께 만들어낼 방치입니다.
p56_u76,p56,ce0.1,그쪽으로 감염감 공감 개편을 통해 감염감과의 소통한 현층 강화하고 더 나아가 고객 만족도 흉상까지 함께 만들어낼 방치입니다.
p56_u76,p56,ce0.5,규초는 감행점 공감 대편을 통해 감행점과의 소통한 한춤 강화하고 더 나아가 고객 만족도를 항상까지 함께 만들어낼 방치입니다.
p56_u76,p56,ce1.0,규초는 감행검 공강 개편을 통해 감행검 과일 소통을 한층 강화하고 더 나아가 고객 만족도 흉감까지 함께 만들어낼 방치입니다.
p56_u76,p56,ce2.0,주투는 간우점 공강 개편을 통해 간응점과의 소통을 한 춤 강화하고 다 막아가 고객 만족도 항상까지 함께 만들어낼 방치입니다
p56_u76,p56,ce5.0,교촌은 감행감 건강 개편을 통해 감행점과의 소통한 한층 강화하고 더 나아가 고객 만족도 평상까지 함께 만들어내 방치입니다
p56_u76,p56,ce10.0,두툼은 감행점 공강 개편을 통해 감행점 과일 소통을 한층 강화하고 더 나아가 고객 만족도 3가지 함께 만들어낼 방치입니다
p56_u77,p56,taps,불쌀실난 죽순 직길이 보호사다니 오늘 유아 말까지 죽순을 회사하거나 무단 체키한 일에 개쭉 당속한다고 28에 반켰다
p56_u77,p56,ce0.0,우리 사회실란 죽순시킬이 보호사단이 원래 유할 말까지 죽순을 해석하거나 무단세티한 일에 집죽당 썼다고 28에 변켰다.
p56_u77,p56,ce0.1,물살 실난 즉순 직길이 봉사단이 오늘 유화 말까지 즉순을 해선하거나 무단 세치한 위를 개쭉 당석한다고 28에 밝혔다.
p56_u77,p56,ce0.5,물사실은 죽순 지킬이 동사단이 오늘 유할 멀까지 죽순을 회복하거나 무단 퇴치한 일에 집적이 상석한다고 28일 밝혔던
p56_u77,p56,ce1.0,물사이시는 죽순시킬이 고사단이 오늘 6월 말까지 죽순은 세상하거나 무단체 취향을 일을 집중 방석한다고 28일 밝혔다
p56_u77,p56,ce2.0,물살 신난 즉순 지킬이 보호사단이 오늘 유할 말까지 즉순을 생각하거나 무단체 취향을 일을 집중 방수한다고 28일 밝혔다.
p56_u77,p56,ce5.0,문사실은 즉순주길이 경사단이 오늘 6월까지 즉순을 세상하거나 무단태치함을 해외해 집중 방속한다고 28회 방켰다.
p56_u77,p56,ce10.0,물살 신난 즉슨 주길이 봉사다니 오늘 6월까지 즉슨을 회복한 거나 무단체티한 일을 직접 선수한다고 28에 밝혔다.
p56_u78,p56,taps,앞서실은 대수태 의탈이를 세우고 줍슨 채치를 긁지않다는 홍보 기빠가 현수락 등한 설치했다.
p56_u78,p56,ce0.0,앞서 실낸 대수태 위팔이를 세우고 죽순 세치를 금지하면 나만 홍보 기빠가 현수막등한 설치했다.
p56_u78,p56,ce0.1,"앞서 실낸 대수태 의팔이들 세우고, 즉슨 채치를 경지한다면 홍보 기파가 형투막 동안 설치했다."
p56_u78,p56,ce0.5,앞서 씨는 대수패 위팔이를 세우고 죽순 탭치를 굵지 않다면 홍보 집사가 형수학등한 설치했다.
p56_u78,p56,ce1.0,앞서시는 대숙태 위탈이른 새우고 즉순 채치를 분지한다는 홍보 집사가 흉수막등한 설치했다.
p56_u78,p56,ce2.0,앞서 치는 대수패 위탈을 세우고 죽순 채치를 군지한다는 풍부 깊아가 현중학등을 설치했다.
p56_u78,p56,ce5.0,앞서시는 대수패 의탈 일을 세우고 적순 채치를 굵지한다는 홍보 기빠가 형성학등한 설치했다.
p56_u78,p56,ce10.0,앞서 시인한 대숙대 위탈 일을 세우고 득순 세체를 금지하면 나는 홍보 기빠가 향수목등을 설치했다.
p56_u79,p56,taps,즉술지킹이 봉사단은 즉순을 무단체치 아거나 해소 아라이의 일을 단속한을 안편 대수퍼방문할 시일을 액에 즉순과 대략 속같이의 중인사에 대한 행우도 방향한다
p56_u79,p56,ce0.0,"즉슨 직행일 봉사단은 즉슨을 무단세치하거나 회성화난리 일에 단속한을 안편 대수퍼방문할 시일을 애기, 즉슨과 대랑석 같이의 중인사에 대한 행보들 방향한다."
p56_u79,p56,ce0.1,즉슨 직진이 봉사단은 즉슨을 무단 채치하거나 회성 하나의 일을 단속하는 암편 대수퍼방문한 시일을 액해 즉슨과 대나무수같이의 중연사에 대한 회부도 방향한다
p56_u79,p56,ce0.5,즉순 지킬 동사단은 즉순을 무단패치 아가와 해소 나라일을 단속하는 안편 대숙을 방문한 시길들에게 즉순과 대암수같이의 주는 사회 대안회부도 방향합니다
p56_u79,p56,ce1.0,"즉순 지킹이 봉사다는 즉순을 무단 패치하거나 회송하는 회의를 단독하는 안편, 대수풀 방문한 시일들에게 즉순과 대람무숙 같이의 중인상에 대한 행북을 방해한다."
p56_u79,p56,ce2.0,즉슨 지키일 부모사단은 즉슨을 무단체체하나 훼손 하나의 일을 단속하는 안편 대수풀 방문할 시일들에게 즉슨과 대나무소같이의 중인사에 대한 호부도 방행한다
p56_u79,p56,ce5.0,즉순 직계위 동사단은 즉순을 무단세치하러와 회소안한 회의를 단속하는 안편 대수퍼방문한 시일을에게 즉순과 대라운 속같이의 중요사에 대한 호구도 방해한다
p56_u79,p56,ce10.0,즉슨 주킹을 본사단한 즉슨을 무단체처하려마 회소만한 행위를 단속하는 안편 대수퇴 방문한 신인들에게 즉슨과 대나무소 같이의 중인상에 대한 홍보도 방응한다
p56_u80,p56,taps,실력돌법으로 죽순을 세치하거나 훼손한 사람을 잡발할 경우 향떡 재상 166조에 따라 강략하게 데이트할 범침이다.
p56_u80,p56,ce0.0,실념 불법으로 죽순을 채취하거나 훼손한 사람을 적발할 경우 향버트의 366조에 따라 강력하게 배트할 범침입니다.
p56_u80,p56,ce0.1,실연 불법으로 죽순을 채취하거나 훼손한 사람을 잡발할 경우 향껏 제 366조에 따라 강력하게 대투할 방침이다.
p56_u80,p56,ce0.5,시년 불법으로 죽순을 채취하거나 훼손한 사람을 적발할 경우 형법 재 366조에 따라 강력하게 대체할 방침이다.
p56_u80,p56,ce1.0,신은 불법으로 죽수는 체치하거나 회순한 사람을 작발할 경우 형덕제 366조에 따라 강력하게 배투할 방치입니다.
p56_u80,p56,ce2.0,신은 불법으로 죽순을 칠치하거나 훼손한 사람을 적발할 경우 상법 제 360 육조에 따라 강력하게 대표할 방침이다.
p56_u80,p56,ce5.0,신은 돌방으로 죽순을 퇴치하거나 훼솜한 사람을 작발할 경우 형법 재상 166조에 따라 강력하게 대토할 방침이다.
p56_u80,p56,ce10.0,신은 불법으로 죽순을 채취하거나 회순한 사람을 적발할 경우 형법 재 366조에 따라 강력하게 대표할 방침입니다.
p56_u81,p56,taps,주승을 체치하면 고구우제 해송과 고구우제 제도의 해당이 처벌을 받는다.
p56_u81,p56,ce0.0,즉슬린 체치아면 고고재 해송과 고고재 제도의 해당에 차벌을 받는다.
p56_u81,p56,ce0.1,죽순을 채취하면 고공제 해석과 고공제재도의 해당에 차버를 받는다.
p56_u81,p56,ce0.5,죽순을 채취하면 공동재세송과 공동재재도의 해당에 차발을 받는다.
p56_u81,p56,ce1.0,죽순을 채취하며 고공제 해솜과 고공제 제도에 해당에 처벌을 받는다.
p56_u81,p56,ce2.0,주수는 채취하면 고구 대세성과 고구 대재도의 해당에 차발을 받는다.
p56_u81,p56,ce5.0,죽순을 채취하면 공공제 해석과 공공제재도의 해당에 처벌을 받는다.
p56_u81,p56,ce10.0,죽순을 채취하면 구공제 세송과 구공제 제도의 해당에 처머를 받는다.
p56_u82,p56,taps,"태화당 국더정원의 대수투은 태화지구와 사무지구에 향상되어 있으며 항물대 왕우대, 링종울죽, 오죽, 고갑죽 등 다양한 대나무가 분포되어 있다."
p56_u82,p56,ce0.0,"테마산 국가정원의 대수투은 테마지구와 사무지구에 향성되어 있으며 황원제 완호대, 링종울죽, 오죽, 고값죽 등 다양한 테나무가 분포되어 있다."
p56_u82,p56,ce0.1,"테바람 국가정원의 데스톤 테마지구와 사무주구에 향상되어 있으며 황제원의 링종우죽, 오죽, 구갑죽 등 다양한 테나무가 분포되어 있다."
p56_u82,p56,ce0.5,"태워한 국가정원의 대접은 태워지고와 사무주고의 환환되어 있으며 환생환대, 롱조우죽, 오죽, 구갑죽금, 다양한 대나무가 분푸되어 있다."
p56_u82,p56,ce1.0,"태환왕 국가자문에 대석툰 태화주구와 사무주구의 황성배어있으며 황제 모델, 링동호죽, 오죽, 구갑죽 등 다양한 대나무가 분포배어있다."
p56_u82,p56,ce2.0,"태왕은 국가정원에 대수툰 태워지고와 사무지고의 상성되어 있으며 상훈제 왕우대, 냉동우죽, 오죽, 구갑죽 등 다양한 태왕우가 분푸되어 있다."
p56_u82,p56,ce5.0,"테바람 국가 전원에 대접은 테마지구와 사무주구에 향상되어 있으며 황제 마우대, 냉정우죽, 오죽, 고값죽 등 다양한 테나무가 분포되어 있다."
p56_u82,p56,ce10.0,"태어본 국가정원에 계속뿐은 태워지고와 사모지구에 황홍되어 있으며, 황홍제 모델, 맹종우죽, 오죽, 구갑죽 등 다양한 태나무가 분포되어 있다."
p56_u83,p56,taps,근산에서 최고 뒷산 땀은 수성도 으로 때마트 부지로 제곱미터당 290만 4차원으로 나타났다.
p56_u83,p56,ce0.0,군산에서 최고 비싼 땅은 수성운동으로 때마트 부지로 최고미터당 290만 4첨으로 나타났다.
p56_u83,p56,ce0.1,군산에서 최고 뒷산 땅은 수송도로 때마트 굳이로 제곱미터당 290만 4차원으로 나타났다.
p56_u83,p56,ce0.5,군산에서 최고 비싼 땅은 수소문도 으로 때마트 부지로 재고미터당 290만 4천원으로 나타났다.
p56_u83,p56,ce1.0,"군산에서 최고 비싼 땅은 수소로로 때마트 부지로 재고미터당 294,000원으로 나타났다."
p56_u83,p56,ce2.0,"군산에서 최고 비싼 땅은 수소문동으로 때마트 부지롱, 최고미터당 290만 4차원으로 나타났다."
p56_u83,p56,ce5.0,군산에서 최고 비싼 땅은 수성동로때마트 부지로 최고니터당 290만 4천원으로 나타났다.
p56_u83,p56,ce10.0,분산에서 최고 비싼 땅은 수숭도로 때마트 부지로 최고미터당 290만 4천 원으로 나타났다.
p56_u84,p56,taps,"또한 체자가들은 1피녜 보성리 소재 20하는 부지로 재건미터다 2,220번으로 확인됐다."
p56_u84,p56,ce0.0,또한 최작가들은 인피렴 부성리 소재 송황음 부지로 제공미터다 2000인덱 20번으로 하견됐다.
p56_u84,p56,ce0.1,노한 최적가들은 1피면부성리 소재 승훈 부지로 재곱미터다 2220번으로 확인됐다.
p56_u84,p56,ce0.5,너 안 최다같은 일피렴 부성위 소재 20만원 부질로 재고미터당 2220원으로 하견됬다.
p56_u84,p56,ce1.0,노한 체력 같은 일피면보성리 소된 20음 부지로 재곱미터다 2220번으로 하게 됐다.
p56_u84,p56,ce2.0,노한 체정가 뒤는 1피량 부성위 소재 20음 부지로 제공위터당 2220번으로 확인됐다.
p56_u84,p56,ce5.0,노한 철저가 뒤는 임필량 부선부위소재 20만 원 부지로 재고미터다 2220번으로 확인됐다.
p56_u84,p56,ce10.0,"노한 체자가 뒤는 1필년 보석리 소재 수공원 부지로 제공미터당 2,220번으로 확인됐다."
p56_u85,p56,taps,이 같은 사실은 28일 금탄시가 2탄 22년 1월 1일 기준으로 사용될 개별 공시집과 결정 공부시 발표해서 발켜놨다.
p56_u85,p56,ce0.0,이 같은 사실은 28일 금산시가 2022년 1월 1일 기준으로 사용될 개별 공시집과 결정 공부시 발표에서 밝혀졌다.
p56_u85,p56,ce0.1,이 같은 사실은 28일 공산시가 2022년 1월 1일의 기준으로 사용될 개별 공시집과 결정 공부시 발표에서 밝혀졌다.
p56_u85,p56,ce0.5,이 같은 사실은 28일 군산시가 2021년 1월 1일 기준으로 사용을 개별 공시집과 결정 공급시 발표해서 밝혀졌다.
p56_u85,p56,ce1.0,이 같은 사실은 28일 군산시가 2022년 1일 1일 기준으로 사용돼 개별 공시집과 결정 공부시 발표해서 밝혀졌다.
p56_u85,p56,ce2.0,이 같은 사실은 28일 군산시가 2022년 1월 1일 기준으로 사용무대 개별 9시집과 결정 9시 발표해서 밝혀졌다.
p56_u85,p56,ce5.0,이 같은 사실은 28일 군산시가 2022년 1월 1일의 기준으로 사용될 개별 공시집과 결정 공부시 발표해서 밝혀졌다.
p56_u85,p56,ce10.0,이 같은 사실은 28일 공산시가 2022년 1월 1일 기준으로 사용돼 개별 공시집과 결정 공급시 발표해서 밝혀줬다.
p56_u86,p56,taps,"19월 3,232 피지를 대성으로 시행된 개별 그곳이 집가는 토지 관련 곡생이 지방세와 각종 부담금통의 구체적으로 한 맨다."
p56_u86,p56,ce0.0,"19월 3,232필지를 배성으로 시행돼 계를 고부시 집가는 토지 별령국생 입지방세와 각종 부담금통의 부터자료로 활용된다."
p56_u86,p56,ce0.1,"19만 3,232필지를 배성으로 시행된 개별 9시 집가는 토지 관련 곡생 이 지방세와 각종 부담금통의 기초 자료로 활용된다."
p56_u86,p56,ce0.5,"19만 3,4232팀짜를 배성으로 시행된 개별 90집가는 토지 관련 곡생 이 지방세와 각종 부담금 등의 기초 자료로 활용된다."
p56_u86,p56,ce1.0,19만 3탄 232필지를 대선으로 시행된 개별 90집가는 토지 관련 곡세 및 지방세와 각종 부담금통의 기초자료로 사용된다.
p56_u86,p56,ce2.0,"19만 3,232 피지를 대상으로 시행된 개별 90집가는 토지 관련 고생이 지방세와 각종 보담금통에 규초 자료로 하언된다."
p56_u86,p56,ce5.0,식동활 상탈 222패지를 대선으로 시행된 개별 90집가는 토재 관련 곡생 이 지방세와 각종 부담금통의 기초 자료로 활용된다.
p56_u86,p56,ce10.0,"19만 3,232필지를 배성온도 시행된 개별 90집가는 토재 관련 곡생 이 지방세와 각종 보담금 등의 기초자료로 활용된다."
p56_u87,p56,taps,"실력 발전된 직가를 시착, 엽면도, 중위, 센터, 부동산, 고구시각약, 알린이 사이트를 통해 제거한다."
p56_u87,p56,ce0.0,실력 절정된 직가를 시탕의 명도 중인 센터 부동산 고부시각약 알린이 사이트를 통해 제거한다.
p56_u87,p56,ce0.1,신형 결정된 직가를 시창 액면도 등이 센터 부동산 고시가격 알린이 사이트를 통해 제거한다.
p56_u87,p56,ce0.5,신상 결정된 직가를 시탕 읍면도 중인 센터 부동산 공식하게 갈리기 사이트를 통해 제거한다.
p56_u87,p56,ce1.0,"실은 결정된 직가를 시탕, 읍면도, 증인, 쓴터, 부동산, 구식하게 관리 이 사이트를 통해 제거한다."
p56_u87,p56,ce2.0,실용 결정된 직가를 시탕 읍면도 등이 증터 부동산 구식하게 갈리니 사이트 를 통해 제거한다.
p56_u87,p56,ce5.0,"실용 결정된 직가를 시탕, 읍면도, 중일, 준터, 부동산 구식하게 갈리니 사이트를 통해 제거한다."
p56_u87,p56,ce10.0,신형 결정된 직가를 시탕 을 면도 중일순터 부동산 구식하게 갈린이 사이트를 통해 제공한다.
p56_u88,p56,taps,집가의 2가 2년 토지 소유자는 오는 5월 30일까지 시창 포지정복과 응현동 주미센터에서 이 신청을 받는다.
p56_u88,p56,ce0.0,직가의 2가 1년 토지 소유자는 5월 30일까지 시창 토지정복과 응향도 주미센터에서 이 신청을 받는다.
p56_u88,p56,ce0.1,직가의 2가 있는 토디 소유자는 오는 5월 30일까지 시창 토지정복과 응렁동 중위센터에서 이 신청을 받는다.
p56_u88,p56,ce0.5,직가의 일이가 있는 토디 소류자는 오늘 5월 30일까지 식창 토디정복과 응면도 주믹센터에서 일신창을 닿는다.
p56_u88,p56,ce1.0,직가에 이가 있는 토디 소유자는 오는 5월 30일까지 10천 포지정복과 음면도 주미센터에서 이 신청을 받는다.
p56_u88,p56,ce2.0,직가에 이가 있는 토디 소유자는 오는 5월 30일까지 시청 커질 전복과 운영도 중인센터에서 이 신청을 받는다.
p56_u88,p56,ce5.0,직가에 이가 있는 토기 소유자는 오는 5월 30일까지 시창포제정복과 응면도 중일센터에서 임신창을 받는다.
p56_u88,p56,ce10.0,직가행이가 있는 토지 소유자는 오는 5월 30일까지 10창 토질장호복과 응련동 중일센터에서 이기실창을 받는다.
p56_u89,p56,taps,이 실상서가 제출된 토지는 국토 교통부 지장 감정 상가사의 정리 검증을 거친다.
p56_u89,p56,ce0.0,이 실성사가 재출된 토질은 국토 교통부 지장 감정탄가사의 정리의 검증을 거친다.
p56_u89,p56,ce0.1,이 신상서가 제출된 토지는 국토 교통부 지장 감정탄가사의 정부의 검증을 거친다.
p56_u89,p56,ce0.5,이 신선서가 대출된 토지 등 국토 교통부 지당 감정상가사의 장르의 검증을 거친다.
p56_u89,p56,ce1.0,이 신선화가 제출된 토지는 국도 교통으로 지당 감정 탕가사의 정리 검증을 거친다.
p56_u89,p56,ce2.0,이 신천퍼가 대출된 토지는 극도 교통부 지장 감정 상가사의 정리에 검증을 거친다.
p56_u89,p56,ce5.0,이의 신선서가 제출된 토지는 국토 교통부 지장 감정 창가사의 장미 검증을 거친다.
p56_u89,p56,ce10.0,이 신선서가 대출된 토지는 국토 극토부 지장 감정탱가사의 정밀 검증을 거친다.
p56_u90,p56,taps,산재에서 토지 특사의 상세의 하기후 부동산 가격 고우시 위원회의 시의 대차를 발바 오는 2월 20차맥까지 차리 후 결과를 개별 통지된다
p56_u90,p56,ce0.0,현재에서 토지 특사의 상세의 학임 후 부동판 가게 고시위원회의 시의 별차를 발바 오는 6월 20차맥까지 차리고 결과를 개별 통지된다
p56_u90,p56,ce0.1,현재에서 토지 특성할 상세인 하기 우후로 부동산 과객 90위원회의 시의 결차를 밟아 옳은 6월 20차례까지 차리고 결과를 개별 통지된다
p56_u90,p56,ce0.5,현재에서 토지특사의 상세히 하긴 후 부동산 가격 공식위원회의 시위 결차를 발바 오늘 6월 23일까지 처리 후 개가를 개별 통지된다
p56_u90,p56,ce1.0,현재에서 토지 특성을 상세하기 이후 부동산 가격 공시위원회의 시절차를 밟아 오는 6월 23일까지 차리 후 결과를 개별 통제된다
p56_u90,p56,ce2.0,현재에서 토지 특성할 상세인 학위운으로 부동산 가격 90위원회의 신이 될 차를 밟아 오는 6월 20창까지 차리소 결과를 개별 통지된다
p56_u90,p56,ce5.0,현재에서 토지 특성을 상세히 하긴 후 부동산 가격 90위원회의 시의 절차를 발바 오늘 6월 20창에까지 차리 후 결과를 개결 통제된다
p56_u90,p56,ce10.0,현재에서 토지 특성만 상생 확인 후 부동산 가게 9시 위험의 시절차를 발바 오는 6월 23일까지 차리소 결과를 개별 통지된다
p56_u91,p56,taps,돈 날씨 토지 정보가 규장습 과장은 11일의 재산과 밀접핸만큼 11일의 의견 청취와 수냥을 만전해 기하겠다고 말했다.
p56_u91,p56,ce0.0,돌날시 토지 정보가 균장습 가장은 11일에 재산과 밀접된 만큼 11일에 의전 청취와 수량을 만전해 기하겠다고 말했다.
p56_u91,p56,ce0.1,돈열시 토지 정보가 규장습 과장은 시민들의 재산과 밀접한 만큼 시일들의 의견 청취와 수량에 만전해 기하겠다고 말했다.
p56_u91,p56,ce0.5,곤산시 토지정복과 긴장 속 과장은 시릴들의 재산과 밀접에만큼 시릴들의 의견 탁치와 수잠에 만전을 귀하겠다고 말했다.
p56_u91,p56,ce1.0,군란지 토디정 후보가 긴장섭 가장은 시민들의 재산과 밀접된 만큼 시민들의 의견 통치와 수량의 만점을 귀하겠다고 말했다.
p56_u91,p56,ce2.0,군한지 토지 정보가 긴장섭 과장은 시민들의 재산과 밀저벤 만큼 시민들의 의견 청취와 수향을 만점에 귀하겠다고 말했다.
p56_u91,p56,ce5.0,군간식 토지정복과 김장섭 과장은 시민들의 재상과 밀접된 만큼 시민들의 의견 청취와 소량에 만전해 귀하겠다고 말했다.
p56_u91,p56,ce10.0,구간실 토지 정보가 긴장섭 과장은 시민들의 재산과 밀접된 만큼 시민들의 의견 성취와 소량을 만전해 비하겠다고 말했다.
p56_u92,p56,taps,앞으로 글로자 스스로 일하는 시간이나 당소를 타약적으로 조정할 수 있게 될 전망이다.
p56_u92,p56,ce0.0,앞으로 글로자 스스로 일하는 시간이나 당소를 타약적으로 조정할 수 있게 될 전망이다.
p56_u92,p56,ce0.1,앞으로 글로자 스스로 일하는 시간이나 당소를 탈약적으로 도정할 수 있게 될 전망이다.
p56_u92,p56,ce0.5,앞으로 글로자 수술을 일하는 시간이나 당소를 타약적으로 조정할 수 있게 될 전망입니다.
p56_u92,p56,ce1.0,앞으로 글로자 수수로 일하는 시간이나 당소를 탄력적으로 도정할 수 있게 될 전망이다.
p56_u92,p56,ce2.0,앞으로 글로자 수수로 일하는 시간이나 당소를 탄력적으로 도정할 수 있게 될 전망이다.
p56_u92,p56,ce5.0,앞으로 글로자 수술의 일하는 시간이나 장소를 타약적으로 도정할 수 있게 될 전망이다.
p56_u92,p56,ce10.0,앞으로 글로자 스스로 일하는 시간이나 당소를 타약정으로 도정할 수 있게 될 전망입니다.
p56_u93,p56,taps,당분을 신혁일 전부 처음 창사에서 관계부처 장관 합동 브리팅은 열고 이 같은 내용 담긴 세정부 강제 정책 당황을 발표했다.
p56_u93,p56,ce0.0,당분을 16일 전부 처음 창사해서 관계부처 장관 합동 브리핑을 열고 이 같은 내용 담긴 3점으로 강제 정책 당황을 발표했다.
p56_u93,p56,ce0.1,당부는 16일 전부 처음 창사에서 관계 부처 장관 합동 브리핑을 열고 이 같은 내용이 담긴 세 전부 경제 정책 당황을 발표했다.
p56_u93,p56,ce0.5,당분을 실력일 당부 처음 창사에서 관계부터 잠과 합동 브리핑을 열고 이같은 내용이 밤기 일세 전부 경제 정책 방향을 발표했다.
p56_u93,p56,ce1.0,당 후보는 16일 당부 체얼 창사에서 관계부터 장관 합동 브리핑을 열고 이 같은 내용은 담긴 세 전부 경제 정책 방향을 발표했다.
p56_u93,p56,ce2.0,정부는 16일 전부 초을 창사해서 관계북처 장관 합동 브리핑을 열고 이 같은 내용이 담긴 세 전부 경제 정책 방향을 발표했다.
p56_u93,p56,ce5.0,정본을 신혁일 전부 청월 창사에서 관계부처 장관 합동 부립경을 열고 이 같은 내용이 담긴 세 전부 경제 장책 방향을 발표했다.
p56_u93,p56,ce10.0,당부분을 16일 전부 처음 참사해서 관계부터 장관 합동 브리핑을 열고 이 같은 내용이 담긴 세정부 경제 정책 당황을 발표했다.
p56_u94,p56,taps,일석일 전부는 극변하는 노동시당 환경에 맞춰 그동안 나인트식스로 해길 당기였던 글로시간에 개편하겠다는 방침이다.
p56_u94,p56,ce0.0,일석의 전부는 급변하는 노동시당 환경에 맞춰 그동안 나인틀식으로 해길 적이었던 글로시간에 개편하겠다는 방침입니다.
p56_u94,p56,ce0.1,일석의 전부는 극변하는 노동시장 환경에 맞춰 그동안 다인트식으로 해결적이었던 글로우 시간에 개편하겠다는 방치입니다.
p56_u94,p56,ce0.5,일석을 전부는 극변하는 노동시당 환경을 맞춰 그동안 다인틀식으로 해기적이었던 글로우 시간을 개편하겠다는 방침이다.
p56_u94,p56,ce1.0,일석을 정부는 극변하는 노동시장 황경에 맞춰 그동안 다인틀식으로 해결적이었던 글로 시간을 개편하겠다는 방치입니다.
p56_u94,p56,ce2.0,일석일 전부는 굿변하는 노동시당 환경에 맞춰 그동안 나이틀식으로 해기적이었던 글로 시간을 개편하겠다는 방치입니다.
p56_u94,p56,ce5.0,일석을 전부는 굽변하는 노동시장 환경에 맞춰 그동안 다인틀식으로 해결적이었던 글로 시간을 개평하겠다는 방침이다.
p56_u94,p56,ce10.0,일석을 정부는 극변하는 노동시장 황경을 맡혀 그동안 라인틀식으로 해길 정기였던 글로우 시간을 개편하겠다는 방침이다.
p56_u95,p56,taps,"먼저 기존과 같이 주 52시간 Z레벼 2형 글로제 할 선화를 추진하는데요, 울량 방법과 2형 수단을 사차 개선하기로 했다."
p56_u95,p56,ce0.0,먼저 기존과 같이 주 52시간 재틀에서 이형 글로제 할수화를 추세라는 등 울령 방법과 이형 수단을 사타 개성하기로 했다.
p56_u95,p56,ce0.1,"먼저 기존과 같이 2, 52시간 재트래서 2년 굴로제 할 수 말을 추진하는 등 운영 방법과 이행 수단을 사차 계산하기로 했다."
p56_u95,p56,ce0.5,먼저 기존과 같이 줄 52시간 재트래서 2년 글로제 할산화를 추세하는 등 운영 방법과 2영수단을 사타 계산하기로 했다.
p56_u95,p56,ce1.0,먼저 기종과 같이 주 52시간 대표를 해서 1년 글로대 할 수 말을 추비나는데 운영 방법과 이용수단을 차차 개선하기로 했다.
p56_u95,p56,ce2.0,먼저 기존과 같이 주 52시간 재틀에서 2연글로대 할서 말을 추세나는데 운영 방법과 2연우 수단을 차창 계산하기로 했다.
p56_u95,p56,ce5.0,먼저 기종과 같이 주 52시간 데트래서 2연글로대 활성화를 추진하는데 운영 방법과 2연수단을 차차 계산하기로 했다.
p56_u95,p56,ce10.0,먼저 기존과 같이 주 52시간 대틀에서 이형글로대 활성화를 추진하는데 운영 방법과 이형 수단을 사탕 결사막으로 했다.
p56_u96,p56,taps,이를 위해 초과 연전 글로시 간을 저축하는 글로시 간 저축 대자대 도입을 추진하고 연전 글로시 간 총양아 관리하는 단이 학대에 나섭니다.
p56_u96,p56,ce0.0,이를 위해 초과 엔정 글로시 간을 저축하는 글로시 간 저축 개자대 도입을 추진하고 엔정 글로시 간 총향과 관리하는 단위 학대에 나섭니다.
p56_u96,p56,ce0.1,이를 위해 초과 연정 글로 시간을 저축하는 글로 시간 저축 계좌제 도입을 추진하고 연정 글로 시간 충량을 관리하는 단위 학대에 나온다.
p56_u96,p56,ce0.5,일을 위해 초과 연장 글로시 간을 겹축하는 글로시 간 겹축 개자들 도입을 추진하고 연장 글로시 간 총향과 관리하는 단이 학배에 나섭니다.
p56_u96,p56,ce1.0,"이를 위해 초바, 연장 글로시 간을 저축하는 글로시 간 저축 계자들 도입을 추진하고 연장 글로시 간 총양을 관리하는 단위 학대에 나간다."
p56_u96,p56,ce2.0,일을 위해 초과 엔정 글로우 시간을 덮축하는 그요 시간 덮축 대단에 도입을 추진하고 엔정 글로우 시간 총향은 관리하는 단인 학대에 나섭니다.
p56_u96,p56,ce5.0,이를 위해 초과 연장 글로시 간을 저축하는 글로시 간 저축 개자대 도입을 추진하고 연장 글로시 간 총양을 관리하는 단인 학대에 나간다.
p56_u96,p56,ce10.0,이를 위해 초과 연정 글로 시간을 저축하는 글로 시간 저축 개자들 도입을 추진하고 연정 글로 시간 충몸과 관리하는 단위 학배에 나섭니다.
p56_u97,p56,taps,예를 들어 오늘 다 4시간 듬뿍 했다면 레이 10시간 하는 식으로 주 52시간 내에서 이현하게 이랄 수 있게 되는 생이다.
p56_u97,p56,ce0.0,예를 들어 오늘 5시간 근무했다면 내일 10시간 하는 식으로 주 52시간 내에서 이현하게 이랄 수 있게 되는 생이다.
p56_u97,p56,ce0.1,예를 들어 오늘 5시간 근무했다면 내일 10시간 하는 식으로 주 52시간 내에서 유연하게 이랄 수 있게 되는 생입니다.
p56_u97,p56,ce0.5,예를 들어 오늘 5시간 듬뿍 했다면 내일 10시간 하면 10으로 주 52시간 내에서 1년하게 일할 수 있게 되는 생입니다.
p56_u97,p56,ce1.0,예를 들어 오늘 5시간 듬뿍 했다면 내일 10시간 하는 식으로 주 52시간 내에서 유연하게 이랄 수 있게 되는 편이다.
p56_u97,p56,ce2.0,예를 들어 오늘 5시간 근무했다면 내일 10시간 하는 식으로 주 52시간 내에서 1년하게 이랄 수 있게 되는 생이다.
p56_u97,p56,ce5.0,예를 들어 오늘 5시간 근무했다면 내일 10시간 하는 식으로 주 52시간 내에서 일어나게 이랄 수 있게 되는 생이다.
p56_u97,p56,ce10.0,예를 들어 오늘 5시간 근무했다면 내일 10시간 하는 식으로 주 52시간 내에서 미안하게 이랄 수 있게 뵀는 생이다.
p56_u98,p56,taps,또 전부는 선택적 그로시간제 장상 기감도 늘려 2형 그로제 학선에 나서겠다는 제외 기다.
p56_u98,p56,ce0.0,또 전부는 선택적 그로시간대 정상 기감도 늘려 2형 그로제 핫원에 나서겠다는 계획이다.
p56_u98,p56,ce0.1,또 당부는 선택적 글로시간제 당상 기간도 늘려 이용 글로제 학소 안에 나서겠다는 계획이다.
p56_u98,p56,ce0.5,또 당부는 섬팩적 글로시간대 당상 기감도 늘려 2연 글로제 학산에 나서겠다는 계획이다.
p56_u98,p56,ce1.0,또 당부는 손백적 글로우 시간대 당상 기감도 밀려 2연 글로제 학산에 나서겠다는 계획이다.
p56_u98,p56,ce2.0,또 당분은 선택적 글로우 시간제 당상 기감도 늘려 1년 글로제 학산에 나서겠다는 계획이다.
p56_u98,p56,ce5.0,또 당부는 선택적 글로우 시간대 당황 기감도 늘려 2연 글로즈 학산에 나서겠다는 계획이다.
p56_u98,p56,ce10.0,또 정부는 선택적 그로시간대 당장 기감도 늘려 이형 그로제 학산에 나서겠다는 계획이다.
p56_u99,p56,taps,스타트와 미나 전문직의 글로시강 운영에 대한 에로사항도 해소하겠다고 전부 측은 설명했다.
p56_u99,p56,ce0.0,스타트와 미나 전문직의 글로시가 울령에 대한 에로사항도 해소하겠다고 전부 측은 설명했다.
p56_u99,p56,ce0.1,스타또업이나 전문직의 글로시가 운명에 대한 에로사항도 해소하겠다고 동부 측은 설명했다.
p56_u99,p56,ce0.5,시카토와 미나 전물직의 글로시강 울령을 대한 에로상도 해소하겠다고 당부 측은 설명했다.
p56_u99,p56,ce1.0,스타트업이나 전문지게 글로시가 운명을 대한 에로사항도 해소하겠다고 더우 부측은 설명했다.
p56_u99,p56,ce2.0,스타트업이나 전문들에 글로시가 운명을 대한 에로상도 해소하겠다고 전부 측은 설명했다.
p56_u99,p56,ce5.0,주다토업이나 전문지게 그로시강 운영에 대한 이름상도 해소하겠다고 전부 측은 사용했다.
p56_u99,p56,ce10.0,싹토업이나 전문직의 글로시강 운명을 대한대로 사항도 해소하겠다고 정부 측은 설명했다.
