utt,spk,cond,hyp
p00_u00,p00,taps,구산시는 티일 5 시민들이 안전하게 데중규통을 이용하기 위에 대중교통 훈잡도 안정관리 대책 회일를 열고 정택 던검에 나섰다
p00_u00,p00,ce0.0,부산시는 7일 5 시민들이 안전하게 데중규통을 이용하기 위해 대중교통 훈잡도 안정관리 대책 회일를 여러부 정책 경업에 나섰다
p00_u00,p00,ce0.1,부산시는 필일 5 시민들이 안전하게 데중규통을 이용하기 위해 대중교통 훈잡도 안정관리 대책 회일를 열고 정색 경업에 나섰다
p00_u00,p00,ce0.5,두산시는 피일 5 시민들이 안전하을 대중교통을 위용하기 위해 대중교통 흔잡도 안정관류 대책 회일를 열고 정택 정업에 나섰다
p00_u00,p00,ce1.0,부산치는 7일 5우시민들이 안전하게 데중교통을 이용하기 위해 대중교통 흔잡도 안정관리 대책 회일에 열고 정택 정업에 나섰다
p00_u00,p00,ce2.0,구산시는 7일 5 시민들이 안전하게 대중교통을 이용하기 위해 대중교통 훈잡도 안정관리 대책 회일에 열고 경택 경검에 나섰다
p00_u00,p00,ce5.0,부산시는 7일 5 힘민들이 안전하게 되중규통을 이용하기 위해 대중교통 흔잡도 안정관리 대책 쇠일를 열고 정택 경검에 나셨다
p00_u00,p00,ce10.0,두산시는 7일 5우 시민들이 안전하을 대중규통을 이용하기 위해 대중교통 훈잡도 안정관리 대책 쇠리를 열고 정책 경검에 나셨다
p00_u01,p00,taps,인날 후이는 시 부상 교통공사 시키내 마을 법스 운송 상업 조합 등이 참석해 안전 확고 추진 상항 정공과 안전 관리 강화 방안을 함께 모색겠다
p00_u01,p00,ce0.0,인날 수 이는 시 부상 교통 공사 신에 마을 버스 운송 사업 조합등이 참석해 안전 학고 추진 상항 정공과 안정 관리 강화 방안을 함께 모색겠다
p00_u01,p00,ce0.1,인날 회이는 1 부상 교통공사 흰해 마을 버스 운송 상업 조합등이 참석해 안전 확고 추진 상항 경공과 안전 관리 강화 방안을 함께 모색겠다
p00_u01,p00,ce0.5,인날 회이는 1 부상 교통 공사 신내 마을 버스 은송 상업 조합등이 참석해 안전 확고 추진 상항 경근과 안정 관리 강화 방안을 함께 모색겠다
p00_u01,p00,ce1.0,인날 회이는 1 부상 교통공사 흰에 마을 버스 은송 상업 조합등이 참석해 안전 확고 추진 성항 경능과 안전 관리 강화방안을 함께 모색겠다
p00_u01,p00,ce2.0,인날 회위는 시 부상 교통공사 흰해 마을 버스 은송 사업 교합등이 탐석해 안전 삯고 추진 상한 경건과 안전 관리 강화 방안을 함께 모색겠다
p00_u01,p00,ce5.0,인날 회위는 1 부상 교통공사 신해 마을 버스 은송 상업 조합 등이 참석해 안전 확고 추진 상학 경공과 안정 발리 강화방안을 함께 모셨겠다
p00_u01,p00,ce10.0,인난 회위는 시 부상 교통공사 흰내 마을 버스 은송 상업 조합등이 참석해 안전 삯보 추진 상향 경응과 안정 살리 강화방안을 함께 모색겠다
p00_u02,p00,taps,도시출또는 정원120명인 항한 차랑의 18명의 탐승했을 경우 훈잡한 상태로 승무원에 관리가 필요하다
p00_u02,p00,ce0.0,도시출또는 정원12명인 항한 찬랑의 18명의 탐승했을 경우 훈잡한 상태로 승무원에 관리가 필요하다
p00_u02,p00,ce0.1,도시출또는 정원12명인 항한 찬랑의 18명의 탐승했을 경우 훈잡한 상태로 승무원에 갈리가 필요하다
p00_u02,p00,ce0.5,도시출또는 정원 1기0 명인 항한 사랑의 18 명의 담승했을 경우 온잡한 상태로 승무원에 관리가 필요하다
p00_u02,p00,ce1.0,도07또는 정원 1기 명인 항한 찬랑의 18 명의 탐승했을 병우 운잡한 상태로 승무원에 관리가 필요하다
p00_u02,p00,ce2.0,도히출또는 정원 120명인 항한 찬랑의 18명의 탐승했을 병우 혼잡한 상태로 승무원에 관리가 필요하다
p00_u02,p00,ce5.0,도시출또는 정원120명인 항한 찬랑의 18명의 탐승했을 경국 혼잡한 상태로 숭무원에 관리가 필요하다
p00_u02,p00,ce10.0,도시출또는 정원 120명인 항한 찬랑의 18 명의 담승했을 경우 혼잡한 상태로 승무원에 관리가 필요하다
p00_u03,p00,taps,부산시는 출태근시간 폐대 순관 혼잡도가 백2퍼 4 수준으로 수족권과 달리 승차의 크게 어려움을 겪지 않는 수준에서 안전하게 관리되고 있다
p00_u03,p00,ce0.0,부산시은 출태근시간 최제 승관 혼잡도가 백2퍼 4 수준으로 수족권과 달리 승차의 크게 어려움을 겪지 않는 수준해서 안전하게 관리되고 있다
p00_u03,p00,ce0.1,부산시은 출태근시간 최대 승관 혼잡도가 백2퍼 4 수준으로 수족권과 달리 승차일 크게 어려움을 겪지 않는 수준해서 안전하게 관리되고 있다
p00_u03,p00,ce0.5,부산시은 출태근식간 최대 숭관 혼잡도가 120퍼 4 수준으로 수조권과 달리 숭차일 크의 어려움을 겪시 않는 수준해서 안전하게 관리되고 있다
p00_u03,p00,ce1.0,부산피은 출태근시간 최대 순관 훈접도가 백21퍼 내 수준으로 수조공과 달리 승차일 크의 어려움을 겪배 않는 수준해서 안전하게 관리되고 있다
p00_u03,p00,ce2.0,부산시은 출태근시간 최대 숭관 혼잡도가 12퍼 4 수준으로 수조공과 달리 승차일 크에 어려움을 겪지 않는 수준해서 안전하게 관리되고 있다
p00_u03,p00,ce5.0,부산시은 출태근시간 최대 순관 혼잡도가 120% 4 수준으로 수조공과 달리 승차의 크에 어려움을 겪지 않는 수준해서 안전하게 관리되고 있다
p00_u03,p00,ce10.0,부산시는 출태군시간 최대 순간 혼잡도가 120퍼 내외 수준으로 수조공과 달리 승차일 크게 어려움을 겪제 않는 수준해서 안전하게 관리되고 있다
p00_u04,p00,taps,시는 책금 비키에을 공욕과 같이 일시적으로 훈잡도 상승이 예상되는 행사는 빙차 추가 투입 무정차 운행등으로 훈잡도를 해소하기로 했다
p00_u04,p00,ce0.0,시는 책은 비키s 공욕과 같이 밀시적으로 훈잡도 상승이 예상되는 행사는 빈차 추가 트입 무정차 운행등으로 혼잡도를 해서하기로 했다
p00_u04,p00,ce0.1,시는 책금 비k에s 공욕과 같이 일시적으로 훈잡도 상승이 예상되는 행사는 빈차 출가투입 무정차 운행등으로 혼잡도은 해소하기로 했다
p00_u04,p00,ce0.5,시는 책금 pts 공욕과 같이 일시적으로 혼잡도 상승이 예상되는 행사는 평차 추가 트입 우정차 운행병으로 혼잡도를 해소하기로 했다
p00_u04,p00,ce1.0,시는 책금 비ts 공역과 같이 울기적으로 훈잡도 상승이 예상되는 행사는 평차 추가 트입 무정차 운행등으로 혼잡도를 해소하기로 했다
p00_u04,p00,ce2.0,시는 책금 비티s 공역과 같이 일시적으로 훈잡도 상생의 예상되는 행사는 빈차 추가 투입 우정차 운행등으로 혼잡도를 해소하기로 했다
p00_u04,p00,ce5.0,시는 책은 피ts 공령과 같이 일시적으로 훈잡도 상승이 예상되는 행사는 빈차 출가 트입 우정차 운행병으로 훈잡도를 해소하기로 했다
p00_u04,p00,ce10.0,흰는 책은 비키에스 공역과 같치 은시적으로 훈잡도 상숭이 예상되는 행사는 빈차 추가 투입 우정차 운행병으로 훈잡도을 해소하기로 했다
p00_u05,p00,taps,또 현제 우역되고 있는 부상 교통 공사 운행 관재의 현장 조치 매유월등 달련 매유월을 점년 제검점에 안정관리를 기속적으로 해나갈 방깁니다
p00_u05,p00,ce0.0,또 현제 우역되고 있는 부상 교통 공사 운행 관재의 현장 주이 매유월등 발념 매유원을 점년 제검점에 안정관리를 기속적으로 해나갈 방칩니다
p00_u05,p00,ce0.1,또 현제우역되고 있는 부상 교통 공사 운행 관재의 현장 주이 매유월등 발련 매유월을 점면 제검점에 안정관리를 기속적으로 해나갈 방심니다
p00_u05,p00,ce0.5,또 현제운역되고 있는 부상 교통 공사 운행 관제의 현장 조치 매유월등 관련 매유월을 점면 제검점에 안정관리를 기속적으로 해나갈 방칩이다
p00_u05,p00,ce1.0,또 현제우역되고 있는 부상 교통 공사 운행관재 현장 주치 매유월등 달련 매유월을 점면 제검점에 완정관리를 기속적으로 해나갈 방심니다
p00_u05,p00,ce2.0,또 현제우역되고 있는 부상 교통공사 운행 관재 현장 주이 매유월등 발련 매유월을 점년 재검점에 만정관리를 기속적으로 해나갈 방칩니다
p00_u05,p00,ce5.0,또 현재우역되고 있는 부상 교통 공사 오행관제 현장 주치 매유월등 달련 매유원을 점면 제검점에 만정관리를 기속적으로 해나갈 방칩니다
p00_u05,p00,ce10.0,또 현제은역되고 있는 두상 교통 공사 운행 관제 현장 주치 매유월등 발련 매유월을 점년 재검점에 관정관리를 기속적으로 해나갈 방십니다
p00_u06,p00,taps,시의 말을법스는 출택은 시간때 일부 노선을 제외하고는 대부분의 노선이 흔잡도가 나자 현제낸 승하차의 어려움 없이 안전하게 관리되고 있다
p00_u06,p00,ce0.0,시의 마을 법스는 출택은 시간때 일부 노선을 제외하고는 대부분의 노선이 훈잡도가 나자 편제는 승하차의 어려움 없이 안전하게 관리되고 있다
p00_u06,p00,ce0.1,신의 말을법스는 출택은 시간때 일부 노선을 제외하고는 대부분의 노선이 훈잡도가 나자 현제는 승하차의 어려움 없이 안전하게 관리되고 있다
p00_u06,p00,ce0.5,흰네 마을법스는 출택은 시간때 일부 노선을 제외할고는 대부분의 노선이 훈잡도가 나자 현제는 승하차의 어려우 없이 안전하게 관리되고 있다
p00_u06,p00,ce1.0,흰의 말울법스는 출택은 시간때 일부 노선을 제외하고는 대부분의 노선이 훈잡도가 나자 현제는 승하차의 어려우 없이 안전하게 관리되고 있다
p00_u06,p00,ce2.0,신의 말흘법스는 출택은 시간때 일부 노선을 제외하고는 대부분의 노선이 훈잡도가 나자 현제낸 승하차의 어려움 없이 안전하게 관리되고 있다
p00_u06,p00,ce5.0,신의 마을법스는 출택은 시간때 일부 노선을 제외하고는 대부분의 노선이 훈잡도가 나자 현제낸 승하차의 어려우 없이 안전하게 관리되고 있다
p00_u06,p00,ce10.0,흰의 말을법스는 출택은 시간때 일부 노선을 제외할고는 대부분의 노선이 훈잡도가 나자 현제는 순하차의 어려우 없이 안전하격 살리되고 있다
p00_u07,p00,taps,아으로 시는 2023년 하방기 중 사차택그 의무제를 도입에 버스의 제차 인원 정보를 파학히 8승 인원을 실식간 수집할 계획이다
p00_u07,p00,ce0.0,아으로 시는 2028년 하방기 중 사차택그 의무제를 도입에 뽑쓰의 제차 인원 정보를 파학히 탐승 인원을 실시간 수집할 계획이다
p00_u07,p00,ce0.1,아으로 시는 2028년 하방기중 사차택의 의무죄를 도입에 버스의 제차 인원 정보를 파학히 탐승 인원을 실식간 스집할 계획이다
p00_u07,p00,ce0.5,앞으로 시는 2023년 하방기 중 파차택의 의무죄를 도입에 워스의 제차 인원 정보를 파학해 탐성 인원을 실식간 수집할 계획이다
p00_u07,p00,ce1.0,앞으로 시는 2028년 하반기중 하차택그 의무죄를 도입에 버스의 제차 인원 종보를 파학히 갑성 인언낼 실시간 수집할 계획이다
p00_u07,p00,ce2.0,앞으로 시는 2024년 하반기중 하차택의 의무제를 도입해 버스의 제차 인원 정보를 파학히 탐성 인원을 실식간 수집할 계획이다
p00_u07,p00,ce5.0,앞으로 시는 2023년 하반기 중 하차택의 의무제를 도입에 버스의 제차 이원 정보를 파았해 갑승 인원을 실식간 수집할 계획이다
p00_u07,p00,ce10.0,아으로 흰는 2023년 하방기 중 사차태그 의무제를 도입에 버스의 제차 인원 정보를 파학히 탐승 인원을 실시간 수집할 계획이다
p00_u08,p00,taps,이를 통해 버스의 혼잡도 정보를 버스 정보 안내기 쯤마혼등을 통해 이용시민들에게 대공할 계획이다
p00_u08,p00,ce0.0,일를 통에 버스의 혼잡도 정보를 버스 정보 안내후 쯤마혼 등을 통해 이용시민들에게 제공할 계획이다
p00_u08,p00,ce0.1,이를 통해 버스의 혼잡도 정보를 버스 정보 안내귀 즈마혼 등을 통해 위용시민든에게 대공할 계획이다
p00_u08,p00,ce0.5,위를 통에 버스의 혼잡도 정보를 버스 정보 안내그 스마혼 등을 통해 위용시민들에게 제공할 계획이다
p00_u08,p00,ce1.0,일를 통에 버스의 혼잡도 정보를 버스 정보 안네귀 스마혼등을 통해 위용시민든에게 제공할 배획이다
p00_u08,p00,ce2.0,일를 통해 버스의 혼잡도 정보를 버스 정보 안내이 스마혼 등을 통해 위용시민드에게 제공할 계획이다
p00_u08,p00,ce5.0,일를 통해 버스의 혼잡도 정보를 버스 정보 안내후 스마혼등을 통해 위용시민들에게 제공할 계획이다
p00_u08,p00,ce10.0,일를 통해 버스의 혼잡더 정보를 버스 정보 안내귀 트마포등을 통해 위용시민드에게 제공할 계획이다
p00_u09,p00,taps,원주시는 19일5 호조면 3년이 7봉회육 공원에서 섬강 자장남무습 둘레길 계통식을 계체했다
p00_u09,p00,ce0.0,원주시는 19일5 호조면 3년이 7봉폐육 공원에서 섬강 자장남무수 둘레길 계통식을 계체했다
p00_u09,p00,ce0.1,원주시는 19일5 호조면 3년이 7봉태육 공원에서 섬강 자장나무습 둘레길 계통식을 계체했다
p00_u09,p00,ce0.5,원주시는 키후우 호조면 산년리 7봉태육공원에서 섬강 자장남무수 둘렉길 계통식을 계체했다
p00_u09,p00,ce1.0,원주지는 19일5 호조면 3년리 7봉폐 공원에서 섬강 가장남무습 둘렉길 계통식을 계체했다
p00_u09,p00,ce2.0,원주시는 19일5 호조면 산년리 7봉태육 공원에서 섬강 가장남무습 둘레길 계통식을 계체했다
p00_u09,p00,ce5.0,원주시는 19일오 호조면 3년리 필봉폐 공원에서 섬강 가장나무습 둘레길 계통식을 계체했다
p00_u09,p00,ce10.0,원주지는 19일5 호조면 3년리및 7봉폐우 공원에서 섬강 가장남무습 둘렉길 계통식을 계체했다
p00_u10,p00,taps,인할 계통된 사정5k로m터 길모의 둘레길은 대크결과 쉽의 공관을 비롯에 수령30년 이상의 자장나무과 굴락을 이르고 있는 수등을 갖추고 있다
p00_u10,p00,ce0.0,위할 계통된 사정5k로m터 준모의 둘레길은 대크결과 쉽의 공관을 비롯에 수령30년 이상의 자장나무가 굴락을 이르고 있는 수 등을 갖추고 있다
p00_u10,p00,ce0.1,인날 계통된 사정5k로m터 규모의 둘렉길은 대끗결과 쉽의 공관을 비롯에 수령30년 이상의 자장나무가 굴락을 이르고 있는 숙등을 갖추고 있다
p00_u10,p00,ce0.5,이날 계통된 사점5k로m터 규모의 줄렉길은 대크결과 수기 공관을 비롯에 수령 30년 이상의 자장나무가 굴락을 리르고 있는 수등을 갖치고 있다
p00_u10,p00,ce1.0,인할 계통된 카점5k로m터 길모의 둘렉길은 태끗결과 수의 군관을 비롯에 수령 30년 이상의 자장나무과 굴락을 리르고 있는 크등을 갖추고 있다
p00_u10,p00,ce2.0,민날 계통된 4점5k로m터 길모의 줄렉길은 대크길과 키길 공간을 비롯에 수량 30년 리상의 자장나무가 굴락을 이르고 있는 수등을 갖추고 있다
p00_u10,p00,ce5.0,이날 계통된 사점5k로m터 경모의 줄렉길은 대크결과 쉽의 공관을 비롯에 수령 30년 이상의 자장나무가 굴락을 리루고 있는 수등을 갖추고 있다
p00_u10,p00,ce10.0,인할 계통된 사점5km터 규모의 줄레길은 대끗결과 휴의 공관을 비롯에 수령30년 이상의 자장나무가 굴락을 리루고 있는 추등을 가추고 있다
p00_u11,p00,taps,7봉 체육 교원에서 출발에 성강을 따라 거는 택끗 길에는 들판과 강히 어으러진 풍광을 망기할 수 있다
p00_u11,p00,ce0.0,7봉 체육 경원에서 출발에 성강을 따라 거는 택끗길에는 들판과 강히 어우러진 풍광을 망기할 수 있다
p00_u11,p00,ce0.1,7봉 체육 교원에서 출발에 성강을 따라 거는 택끗 길에는 들판과 강히 어으러진 풍광을 망깁할 수 있다
p00_u11,p00,ce0.5,실봉 체육 경원에서 출발에 형강을 따라 거는 특크길에는 들판과 강이 여으러진 풍광을 망기할 수 입다
p00_u11,p00,ce1.0,실봉 체육 경원에서 출반에 성강을 따라 거는 특끗길에는 들판과 강이 여으러진 풍광을 망깁할 수 입다
p00_u11,p00,ce2.0,질봉 체육 교원에서 출발에 성강을 따라 거는 택끗 길에는 들판과 강이 어으러진 풍강을 망기할 수 있다
p00_u11,p00,ce5.0,7봉 체육 교원에서 출발에 성강을 따라 권는 택끗길에는 들판과 강히 여으러진 풍광을 망기할 수 있다
p00_u11,p00,ce10.0,7봉 태육 경원에서 출발에 성강을 따라 권는 택끗 길에는 들판과 강히 어으러진 풍광을 망격할 수 있다
p00_u12,p00,taps,이어 잔남무 수을 지하면 코디어 음픽 자태를 뿐내는 자장남무 굴라기 나타한다
p00_u12,p00,ce0.0,이어 잔남무 스을 지하면 코디어 음픽 자태를 뿐내는 자장남무 굴라기 나타한다
p00_u12,p00,ce0.1,이어 잔남무 스을 지하면 코디어 음픽 자태를 뿐내는 자장남무 굴라기 나타한다
p00_u12,p00,ce0.5,이어 잔남무 습을 뒤하면 고디어 음핍 표태를 뿐내는 자장남무 굴락기 나타한다
p00_u12,p00,ce1.0,이어 잔남을 스을 지하면 코디어 음픽자태를 뿐내는 자장남을 굴락기 나타한다
p00_u12,p00,ce2.0,이어 잔남무 습을 지하면 코디어 음빛 자태를 뿐내는 자장 남무 굴락기 나타한다
p00_u12,p00,ce5.0,이어 잔남무 스을 지하면 고디어 음빛 자태를 뿐내는 자장남무 굴라기 나타한다
p00_u12,p00,ce10.0,이어 잔남무 스을 지하면 고디어 음핍자태를 뿐내는 자장남무 굴락기 나타한다
p00_u13,p00,taps,원주시는 관강격들에게 세로운 불거리를 계공하기 위해 성광 가장남무습 둘레끼에 다양한 주재의 수을 추가 조성하기로 했다
p00_u13,p00,ce0.0,원주시는 광광격들에게 세로운 불거리를 세공하기 위해 성광 다장남무습 둘레끼에 다양한 주재의 수을 추가 조성하기로 했다
p00_u13,p00,ce0.1,원주시는 광광역들에게 세로운 불거리를 개공하기 위해 성광 자장나무습 둘렉길에 다양한 주재의 수을 추가 조성하기로 했다
p00_u13,p00,ce0.5,원주시는 광광역들에게 세로운 불거리를 제공하기 위해 성광 자장남무습 불레길에 다양한 유재의 수을 수가 조성하기로 했다
p00_u13,p00,ce1.0,원주시는 관광격등에게 세로운 불거리를 제공하기 위해 성광 자장남무습 둘렉길에 다향한 주재의 수을 추가 조성하기로 했다
p00_u13,p00,ce2.0,원주시는 광광역들에게 세로운 불거리를 제공하기 위해 성강 자장남무습 둘렉길에 다양한 주제의 수을 추가 조성하기로 했다
p00_u13,p00,ce5.0,원주시는 광광력들에게 세로운 불거리을 제공하기 위획 형광 다장남무습 둘렉끼에 다양한 주재의 수을 추가 조성하기로 했다
p00_u13,p00,ce10.0,원주시는 광광격들에게 세로운 불거리를 제공하기 위해 성강 다장남으습 둘레길에 다양한 주재의 수을 추가 조성하기로 했다
p00_u14,p00,taps,원창막 원주 시장은 피학산 둘렉길 속금 산 그렌드 벨리 등과 영기한 광광 프로그움을 우영하는 방함도 옮토하고 있다고 말했다
p00_u14,p00,ce0.0,원창국 원주 시장은 취학산 둘렉길 소금산 그랜드 벨리 등과 영기한 광광 프로그램을 우영하는 방함도 옮토하고 있다고 말했다
p00_u14,p00,ce0.1,"원창막 원주 시장은 티약산 둘렉길 소금 산 그렌드 벨리 등과 영기한 광광 프로그램을 우영하는 방함도 옮토하고 있다""고 말했다"
p00_u14,p00,ce0.5,원창국 원주 시장은 피학산 둘렉길 속금산 그렌드 벨리 등과 영기한 광광 프로그램을 우영하는 방함도 검토하고 있다 고 말했다
p00_u14,p00,ce1.0,원창막 원주 시장은 피약산 둘렉길 속금산 그랜드뱅리 등과 영비한 광광 프로그움을 우영하는 방함도 검토하고 있다 고 말했다
p00_u14,p00,ce2.0,원창부 원주시장은 희약산 둘렉길 속금 산 그랜드 뱅리 등과 영기한 관각 프로그움을 운영하는 방함도 옮투하고 있다고 말했다
p00_u14,p00,ce5.0,원창물 원주 시장은 키약산 둘렉길 속금산 그렌드벨리 등과 영개한 관강 프로그움을 운영하는 방함도 검투하고 있다 고 말했다
p00_u14,p00,ce10.0,원창북 원주 시장은 취학산 둘렉길 속금산 그랜드벨리 등과 영기한 광강 프로그램을 우영하는 방함도 옮투하고 있다 고 말했다
p00_u15,p00,taps,앞서 원주시는 지난의 오월 139자 미k로m터의 달라는 찍학산 둘렉길 연랑기코을 정구관을 대통했다
p00_u15,p00,ce0.0,앞서 원주지는 지난의 오월 139자미k로m터의 달라는 지학산 둘렉길 연랑기코을 정구간을 계통했다
p00_u15,p00,ce0.1,앞서 원주시는 지난의 오월 139자 미k로m터의 달라는 치학산 둘렉길 연랑기코을 정구간을 계통했다
p00_u15,p00,ce0.5,앞서 원주시는 지나의 오월 139자 미k로m터의 달라는 티학산 둘렉길 연랑계코을 정구간을 계통했다
p00_u15,p00,ce1.0,앞서 원주지는 지난의 오월 13찍9자 및k로m터의 달라는 시합산 둘렉길 연랑기코스 정구간을 배통했다
p00_u15,p00,ce2.0,앞서 원주지는 귀난의 오월 백39자 미k로m터의 달라는 취학산 들렉길 연랑계곳스 정구간을 계통했다
p00_u15,p00,ce5.0,앞서 원주지는 귀난의 오월139자 미k로m터의 달라는 취학산 둘렉길 연랑기 코을 정구간을 계통했다
p00_u15,p00,ce10.0,앞서 원주시는 지난의 오월 139자미k로m터의 달라는 치학산 둘렉길 연랑기코을 정구관을 계통했다
p00_u16,p00,taps,이는 등산로 색길 인도 듣길 옛길 마학길등 기존의 길을 영겨라고 새로운 길을 내어 다음은 도부 여행 끼리다
p00_u16,p00,ce0.0,이는 등산로 색길 임도 북길 옛길 마학길등 기존의 길을 영겨하고 새로운 지을 내어 다음은 도보 여행 끼리다
p00_u16,p00,ce0.1,이는 등산로 백길 임노 북길 옛길 마길등 기존의 길을 연겨라고 새로운 길을 내어 다음은 도보 여행 끼리다
p00_u16,p00,ce0.5,이는 등산로 백길 임도 두빌 옛길 마길등 규존의 길를 영겨라고 새로운 길을 내어 다음은 도부 여행 끼리다
p00_u16,p00,ce1.0,이는 등산로 협길 임도 두길 옛길 마길등 기존의 길을 영겨라고 세로운 길를 내어 다음은 도보 여행끼이다
p00_u16,p00,ce2.0,이는 등산로 색길 인도 듣길 옛길 마길등 귀존의 길을 영겨라고 새로운 길을 내어 다음은 도보 여행 끼리다
p00_u16,p00,ce5.0,이는 등산록 색길 임독 듣길 옛길 말길등 귀존의 길를 영겨라고 새로운 길를 내어 다음은 도보 여행 끼리다
p00_u16,p00,ce10.0,이는 등산로 색길 임독 북길 옛길 마길등 기존낸 길를 영결하고 채로은 길를 내어 다음은 토보 여행끼리다
p00_u17,p00,taps,순창군 체육회가 주체 하고 순창군 베드민터 옆패가 주간의 연린 대시 1의 순찬 고출장배 정국 베드민터대획가 청황위에 막을 내렸다
p00_u17,p00,ce0.0,순창군 체육회가 주체하고 순창군 베드민터 옆패가 주간의 연린 제시 1 순찬 고출장배 정국 베드민터 대획가 성황위에 막을 내졌다
p00_u17,p00,ce0.1,순창군 채육회가 주체하고 순창군 베드민터 옆패가 주간의 연린 대시 1 순찬 고출장배 정국 베드민터대획가 청황위에 막을 내었다
p00_u17,p00,ce0.5,순창군 최육회가 주체하고 순창군 베드민터 옆패가 주간의 연린 제시 1 순창 고출장배 정국 베드민터대획가 성황령에 막을 내렸다
p00_u17,p00,ce1.0,순창군 최육회가 주체하고 순창군 베드민터 옆패가 주간의 연린 제시 1의 순창 고출장배 정국 베음민터대획가 성황능에 막을 내렸다
p00_u17,p00,ce2.0,순창군 최육회가 주체하고 순창군 베드민터 옆패가 주간의 연린 제시 1의 순찬 고출장배 정국 베음민터대획가 성황리에 막을 내렸다
p00_u17,p00,ce5.0,순착군 체육해가 주체 하고 순착군 베드민터 몇패가 주간에 연린 개시 1의 순찬 고출장배 정국 베드민터 대획가 청황림에 막을 내렸다
p00_u17,p00,ce10.0,순창군 체육회가 주체 하고 순착군 베드민터 몇패과 주간의 연린 제시 1의 순창 고출장매 정국 베음민터 대회가 청황령에 막을 내렸다
p00_u18,p00,taps,순창 국민 체육센터등 세계구장에서 절라북또와 순찬군이 후원에 지난 6일부터 이틀동안 열린 대외는 예상보자 많은 1천 여망이 참가에 응기를 실각해 했다
p00_u18,p00,ce0.0,순찬 국민 체육센터등 세계구장에서 절라북또와 순찬군이 후원에 지난 6일부터 이틀종안 연린대회는 예상보자 많은 1천 여망이 참가에 응기를 실각해 했다
p00_u18,p00,ce0.1,순찬 국민 체육센터등 회개구장에서 절라북또와 순찬군이 후원에 귀난 6일부터 이틀동안 연린대회는 예상보다 많은 1천 여망이 참가에 능기를 실각해 했다
p00_u18,p00,ce0.5,순창 국민 체육센터등 해개 우장에서 전라북또와 순찬군이 후원에 지난 6일부터 이틀동안 열린 대회는 예상부다 많은 1천 여명 참가에 응기를 실각해 했다
p00_u18,p00,ce1.0,순찬 국민 체육 센터등 새귀구장에서 절라북또와 순찬군이 후원에 귀난 6일부터 이틀동안 열린 대외는 예상부다 많은 1천 여명의 참가에 응개를 실각해 했다
p00_u18,p00,ce2.0,순찬 국민 체육센처등 해계구장에서 절라북또와 순찬군이 후원에 귀난 6일부터 이틀동한 연린대외는 예상보다 많은 1천 여명이 참가에 인길를 실각해 했다
p00_u18,p00,ce5.0,순창 국민 체육센서등 세계구장에서 전라북또와 순찬군이 후원에 귀난 6일부터 이틀동안 열린대회는 예상부다 많은 일천 여명이 참가에 응기를 실각해 했다
p00_u18,p00,ce10.0,순찬 국민 체육센처등 회기구장에서 전라북또와 순찬군이 후원에 귀난 6일부터 2필동안 연린대회는 예상부다 많은 1천 여명 참가에 응개를 실각해 했다
p00_u19,p00,taps,크기 참가한 손수는 모두 통의인으로 열령별 상별 경기 방식에 따라 친찍개교로 나너 병기가 지행했다
p00_u19,p00,ce0.0,특히 참가한 손수는 모두 통의인으로 열령별 상별 병기 방식에 따라 친식개조로 나너 병기가 지행졌다
p00_u19,p00,ce0.1,특기 참가운 호수는 모두 통원인으로 열령별 상별 경기 방식에 따라 친식개교로 나호 경기가 지행댔다
p00_u19,p00,ce0.5,특히 창가운 손수는 모두 통회인으로 연령별 상별 경기 방식에 따라 친식폐요로 나더 경기가 지냥댔다
p00_u19,p00,ce1.0,특히 참가운 손수는 모두 통회인으로 열령별 성별 경비 방식에 따라 친찍개조로 나누 경기가 지행됩다
p00_u19,p00,ce2.0,특히 참가운 손수는 모두 통원인으로 열령별 상별 경기 방식에 따라 친식표조로 나누 경기가 지행졌다
p00_u19,p00,ce5.0,특히 참가운 손수는 모두 동원인으로 연령별 상별 경기 방식겠 따라 1십패조로 나누 경기가 지행댔다
p00_u19,p00,ce10.0,특기 참가운 손수는 모두 통원인으로 연령별 성별 경기 방식에 따라 7찍개조로 나너 경기가 지형했다
p00_u20,p00,taps,에초 공민체우센토와 장애인 체육관등 두구 후서 대획가 지행될 예정었으나 일천년명이 창가를 희망하자 큰천 제일구 체육관가리 대간에 책기에 구장에서 치어졌다
p00_u20,p00,ce0.0,에초 국민체육센토와 장애인 체육관등 두고준서 대획가 지행될 예정이었으나 일천 년명이 창가를 희망하자 흔천 제일구 체육관가리 대간에 책계 구장에서 치어졌다
p00_u20,p00,ce0.1,에초 국민체우센터와 장애인 채육관등 두곳에서 대획가 지행될 예정었으나 일천0 년망이 창가를 희망하자 순천 죄일부 체육관까이 대간에 세계 구장에 혀치어졌다
p00_u20,p00,ce0.5,에초 국문 체육센토와 장행은 체육관등 두고에서 대획가 지행될 예정었으나 일천 년명이 창가를 희망하자 순천 제일구 체육관까리 대간에 태개 구장에서 치어졌다
p00_u20,p00,ce1.0,에초 국민 체육센토와 장행인 체획관등 두구질서 대획가 지행별 예정렸으나 입0여명의 창가를 희망하자 흔천 죄일부 체육관가리 대간에 세기에 구장에서 치어졌다
p00_u20,p00,ce2.0,에초 국민 체육센토와 장애인 체6관등 두곳에서 대획가 지능될 예정이었으나 일0여명이 창가를 희망하자 순천 죄일구 체육관가리 대간에 책계 구장에서 치어졌다
p00_u20,p00,ce5.0,에초국민체육센토와 장애 체관등 두구에서 대획가 지행될 예정렸으나 일천여명이 참가를 희망하자 순천제일구 체6관까지 대간에 책결 구장에서 치어졌다
p00_u20,p00,ce10.0,에초 공민 체육센터와 장용인 체육관등 두곳에서 대획가 지능될 예정이었으나 일천 여명이 참가를 희망하자 순천 제일구 체육관가리 대간에 책기 구장에서 치어졌다
p00_u21,p00,taps,특기 코르나일그 결확산 세로 점어든 엄중안 시기어서 궁과 베드민터 몇패는 철절한 시설 방역에 중점을 누고 경계를 기행했다
p00_u21,p00,ce0.0,특기 코르나일고 죄확산 세로 점어든 엄중안 시개어서 궁과 베드민터 몇패는 철절한 시설 방역에 중정을 누고 경계를 지행했다
p00_u21,p00,ce0.1,특기 코르나일그 죄확산 쇠로 접어든 엄중안 시기어서 궁과 베르민터 옆패는 철절한 시설 방역에 중점을 누구 경기를 지행했다
p00_u21,p00,ce0.5,특히 코로나일그 결확산 회로 점어든 엄중안 시기어서 궁과 베드민터 몇패는 철절한 시설 방역의 중점을 누구 경기를 비행했다
p00_u21,p00,ce1.0,특기 코르나일과 제확산세로 점어든 엄중안 시개어서 궁과 베드민터 몇패는 철절한 씻설 방역에 중병을 누고 경계를 지행했다
p00_u21,p00,ce2.0,특기 코르나일그 죄확산세로 접아은 엄중한 시기어서 궁과 베드민터 옆패는 철절한 시설 방역에 중점을 누고 경기를 지행했다
p00_u21,p00,ce5.0,특기 코르나일그 개확산 회로 점어든 엄중안 시기어서 궁과 베르민터 옆패는 펼절한 시설 방역의 중점을 누구 경기를 지행했다
p00_u21,p00,ce10.0,특게 코르나일과 죄확산 세로 접아은 엄중안 시비어서 궁과 베드민터 옆패는 철절한 치설 방역의 중점을 누고 경계를 지행했다
p00_u22,p00,taps,아울러 발를책구와 꼭꿈한 희설 소두으로 동우인의 공광보우는 물론 기형네 코로나 확상 방계 태선을 다있다는게 기체체게 설명이다
p00_u22,p00,ce0.0,아울러 발를 책후와 공꿈한 시설 소둑으로 동우인의 공광보우는 물론 지역네 코로나 확상 방제 체선을 다있다는게 주체체게 설명이다
p00_u22,p00,ce0.1,아울로 발를책구와 꼭꿈한 시설 소두으로 동우인의 공광보우는 물론 기형네 코로나 확상 방계 채선을 다있다는게 두체체게 설명이다
p00_u22,p00,ce0.5,아울러 발를책후와 궁꿈한 시설 소두으로 동풍인의 공광보우는 물론 지형네 코로나 확상 방제 최선을 다있다는게 그체체게 설명이다
p00_u22,p00,ce1.0,아울러 발을측구와 공꿈한 시설 소두으로 동로인의 공광보우는 물론 귀형네 코로나 확상 방계 채선을 다입다는게 뒤체측에 설명니다
p00_u22,p00,ce2.0,아울러 발를측구와 공꿈한 씻설 소두으로 동모인의 권광보우는 물론 지형네 코루나 확상 방제 채선을 다있다는게 규체측의 설명이다
p00_u22,p00,ce5.0,아울러 발를측구와 꼭급만 시설 소두으로 동목인의 공광보오는 물론 지형네 코로나 확삼 방죄 체선을 다있다는게 규체측의 설명이다
p00_u22,p00,ce10.0,아울러 발을 책쿠와 꼭꿈한 피설 소두으로 동우인의 공광보어는 물론운 지형네 코루함 확상 방질 해선을 다있다는게 지체체게 설명이다
p00_u23,p00,taps,한편 2번대외는 코론나 일국가 발생하기 변인 지난 20식 9년을 마지막으로 그동한 열리지 못하다가 정부의 거리득이 해대 경택에 따라 3년 만의 다시 겪해했다
p00_u23,p00,ce0.0,한편 2번대회는 코론나 일국가 발생하기 전인 지난 20 9년을 마지막으로 그동한 열리지 못하다가 정부의 거리득이 해제 정측에 따라 3년 만에 다시 계체했다
p00_u23,p00,ce0.1,3편 2번대외는 호론나 일국가 발생하기 변인 지난 209년을 마지막으로 그동한 열리지 못하다가 정부의 거리득이 해제 정책에 따라 3년 만에 다시 계체했다
p00_u23,p00,ce0.5,한편 2번대외는 코론나 일국가 발생하기 전유 지난 209년을 마지막으로 그동한 열리지 못하다가 정부의 거리득이 해해 정측에 따라 함년 만에 다시 겪해했다
p00_u23,p00,ce1.0,한편 2번대외는 코론나 일국가 발생하기 변인 지난 209년을 마지막으로 그동한 열리지 못하다가 정부의 거리득이 해죄 정식에 따라 함년 만에 다시 계체냈다
p00_u23,p00,ce2.0,한편 2번대외는 코론나 일국가 발생하기 전인 지난 20식 9년을 마지막으로 그동한 열리지 못하다가 정부의 거리득이 해제 정축에 따라 함년 만에 다시 계체졌다
p00_u23,p00,ce5.0,한편 2번대외는 코론나 일국가 발생하기 전인 주한 20식9년을 마지막으로 그동한 열리지 못하다가 정부의 권리득이 해체 정척에 따라 함년 만에 다시 계해졌다
p00_u23,p00,ce10.0,한편 2번대외는 코론나 일국가 발생하기 전인 주한 209년을 마지막으로 규동한 열리지 못하다가 정부의 거리득이 해제 정출이 따라 함년 만에 당시 계체했다
p00_u24,p00,taps,자신의 아내를 성폭행했다고 오해 규장 동료를 흉기로 질러 살에한 협위를 받은 4십대 공무직 기건이 대판의 넘겨졌다
p00_u24,p00,ce0.0,자신의 아내를 성폭행했다고 오해 극장 동료를 흉기로 질러 살에한 협위를 받은 사십대 공무직 지건이 백판의 넘겨졌다
p00_u24,p00,ce0.1,자신의 아내를 성폭행행했다고 오해 규장 동료를 흉기로 질러 살례한 협위를 받은 사십대 공무직 기건이 개판의 넘겨졌다
p00_u24,p00,ce0.5,자신의 아내를 성폭행했다고 오해 규장 동료를 흉기로 질러 살에한 협위를 받은 사십대 공무직 기건이 재판의 넘겨졌다
p00_u24,p00,ce1.0,자신의 아내를 성폭행했다고 오에 국장 동료를 흉기로 진러 살에한 혀위를 받은 하십대 공무직 기원이 개판의 넘겨졌다
p00_u24,p00,ce2.0,자신의 아내를 성폭행했다고 오에 직장 동료를 흉기로 질러 살에한 혀매를 받은 파십대 공무직 기건이 개판해 넘겨졌다
p00_u24,p00,ce5.0,자신의 아내를 성폭행했다고 오 국장 동료를 흉기로 질러 살해한 협위를 받은 하십대 공무집 기건이 개판의 넘겨졌다
p00_u24,p00,ce10.0,자신의 아내를 성폭 해용했다고 오회에 극장 동료를 흉기로 질러 살에한 협위를 받은 사십대 공무직 기건이 재판의 넘겨졌다
p00_u25,p00,taps,이일 법쪽의 따르면 인천 지험은 사림및 돌로 교통법상 음주운전 험위로 인천 옮징 군척 소속 공모한 지거 내이씨를 구속 기소했다
p00_u25,p00,ce0.0,이일 법쪽의 따르면 인천 지험은 사림및 돌로 교통법상 음주운전 험위로 운천 옮징 군척 소속 공모한 지고내이씨를 구속 기소했다
p00_u25,p00,ce0.1,이일 법쪽에 따르면 인천 지험은 산림및 토로 교통법상 음주운전 협위로 인천 옮징 군척 소속 공모한 지원내이씨를 구속 기소했다
p00_u25,p00,ce0.5,일일 법쪽에 따르면 응천 지험은 3및 돌로 교통법상 음주운전 협위로 응천 옮징 군척 소속 공모한 지원내의시를 그속 기소했다
p00_u25,p00,ce1.0,이일 법쪽에 따르면 인천 지험은 8림및 돌로 교통법삯 음주운전 협위로 은천 옮징 군척 소속 공모한 지고 내위씨를 그속 기소했다
p00_u25,p00,ce2.0,일 법쪽에 따르면 인천 지험은 산잎및 돌로 교통법상 음주운전 협위로 인천 옮징 분척 소속 공부한 지어내이씨를 그속 기소했다
p00_u25,p00,ce5.0,일일 법쪽에 따르면 은천 지금은 사잎및 돌로 교통법상 음주운전 협위로 은천 옮징 군척 소속 공모한 지원내이시를 구속 기소했다
p00_u25,p00,ce10.0,이일 법쪽이 따르면 인천 지험은 사림및 돌로 교통법상 음주운전 협위로 응천 옮징 군척 소속 공보한 지거내이시를 구속 기소했다
p00_u26,p00,taps,해장학권은 인천집법 형사 15부의 배장되시며 아직 첫 계일은 경의 리지 않았다
p00_u26,p00,ce0.0,해장학건은 인천집법 성사 15부의 배장되시며 아직 첫 계일은 정의 리지 않았다
p00_u26,p00,ce0.1,해장 학건은 인천집법 평사 15부의 배장되시며 아직 첫 기일은 청의 리지 않았다
p00_u26,p00,ce0.5,해장 학건을 응천집법 형사 15부에 배장되으며 아직 첫 귀일은 정의 위지 않았다
p00_u26,p00,ce1.0,해장 사건은 인천집법 형사 15부의 배장되으며 아륙첫 기위은 정의 미지 않았다
p00_u26,p00,ce2.0,해장 사건은 인천집법 형사 15부의 배장되으며 아리 커기일은 정해지지 않았다
p00_u26,p00,ce5.0,해장 학건은 은천집법 형사 15부의 배장되으며 아리첫계일은 정해지지 않았다
p00_u26,p00,ce10.0,해장 사건은 은천집법 형사 15부의 배장맺으며 아직첫 계일은 정해지지 않았다
p00_u27,p00,taps,앞서 h에 대한 구속 전 피이자심문을 지행한 김현덕 인천집범 영장 전단 부량판사는 피이자가 도망할 우려가 있다며 구속 영장을 발부했다
p00_u27,p00,ce0.0,앞서h에 대한 구속 전 피이자심문을 지행한 김선덕 인천집범 영장 전단 부장판사는 피이자가 도망할 우려가 있다며 구속 영장을 발부했다
p00_u27,p00,ce0.1,앞서 c에 대한 구속 전 피이자심문을 지행한 긴편덕 인천집범 영장 전단 부량판사는 피이자가 도망할 우려가 있다며 구속 영장을 발부했다
p00_u27,p00,ce0.5,앞서 c에대한 구속 전 피이자심문을 지행한 김현덕 인천집범 영장 전단 부장판사는 피이자가 도망할 우려가 있다며 구숙 영장을 발부했다
p00_u27,p00,ce1.0,앞서 t에대한 구속 전 피이자심문을 지행한 김편덕 인천집범 영장 전단 부냥판사는 피이자가 도망할 우려가 있다며 구속 영장을 발부했다
p00_u27,p00,ce2.0,앞서 지에 대한 구속 전 피이자심문을 지행한 긴현덕 인천집법 영장 전담 부냥판사는 피이자가 도망할 우려가 있다며 구속 영장을 발부했다
p00_u27,p00,ce5.0,앞서 ca대한 구숙 전 피이자심문을 지행한 김현덕 인천지법 영장 전단 부장판사는 피이자가 도망할 우려가 있다며 구속 영장을 발부했다
p00_u27,p00,ce10.0,앞서 예지에 대한 구속 전 피이자심문을 지행한 김편덕 응편집법 영장 전단 부장판사는 피이장가 도망할 우려가 있다며 구속 영장을 발부했다
p00_u28,p00,taps,a이씨의 영장 실질 심사의 출석하기 전 피해자에게 할말 없느냐는 키제진의 길문에 되송하다 죽을 대를 기었다 고 장은 목소리로 잡했다
p00_u28,p00,ce0.0,a씨의 영장 실질 심사의 출섭하기전 피에자에게 할말 없느냐 는 치제진의 질문에 제송하다 두구대를 지었다 고 작은 목소리로 잡했다
p00_u28,p00,ce0.1,a이씨의 영장 실질 심사의 출석하기 편 피에자에게 할만 없느냐는 피제진의 질문에 결송하다 두을 대를 지었다 고 작은 목소리로 잡했다
p00_u28,p00,ce0.5,에이c의 영장 실질 심사의 출삯하기 편 피해자역게 할말 없느냐는 치제진의 질문에 제송하다 극을 대를 뒤었다 고 작은 목소리로 잡했다
p00_u28,p00,ce1.0,ac의 영장 실쯤인 심사의 출석하기 변 피에자에게 할 말 없느냐는 피배비의 질문에 되통하다 부을 대를 되었다 고 작은 목소리로 답했다
p00_u28,p00,ce2.0,에이씨의 영장 실질 심사의 출석하기전 피해자에게 할말 없느냐는 시제진의 빌문에 겨송하다 죽을 대를 죄었다 고 작은 목소리로 잡했다
p00_u28,p00,ce5.0,a이씨의 영장 실쓸 심사의 출석하기 전 피에자에게 할말 없느냐는 피제진의 길문에 교통하다 북을대를 되었다 고 작은 목소리로 잡했다
p00_u28,p00,ce10.0,a이c의 영장 실질심사의 출삯하기 편 피에자에게 한말 없느냐는 치제진의 질문에 되송하다 두류대를 기었다 고 작은 목소리로 잡했다
p00_u29,p00,taps,그는 기난달 11일 영0 5분께 한 도로에서 몇사으소 동류인 공무직 지금 비지의 북부부위를 풍기어 질러 살례한 협위를 받고 있다
p00_u29,p00,ce0.0,그는 지난달시1일 영식 5분께 한 도로에서 몇사으소 동요인 공무직 지금 비시피의 북부부위를 풍기어질러 살례한 험위를 받고 있다
p00_u29,p00,ce0.1,그는 지난달 시1일 영식 5분께 한 도로에서 면사으소 동요인 공무직 규검 비c의 복부구위를 흉기럴 질러 살해한 협위를 받고 있다
p00_u29,p00,ce0.5,그는 디난달 11일 영식 5분께 한 도로에서 면사으소 동요인 공무직 증검 비비해 북뿔부위를 흥기어 질러 살례한 협위를 받고 있다
p00_u29,p00,ce1.0,그는 지난달 11일 영식 고분께 한 도로에서 면사으소 동요인 공무직 증건 비비에 북부부일를 흥기어질러 사매한 협위를 받고있다
p00_u29,p00,ce2.0,그는 지난달 11일 영식 5분께 한 토로에서 연 사으소 동요인 공무직 지검 비시해 북부부위를 승기어질러 살의한 협위를 받고 있다
p00_u29,p00,ce5.0,그는 귀난달 11일 영식 5분께 한 도루에서 연사으소 동요인 공모직 규검비취해 복부부회를 흥기어 질러 살해한 협위를 받고 있다
p00_u29,p00,ce10.0,그는 귀난단 11일 영시 5분께 한 돌로에서 연사으소 동요인 공무직 규검 비비의 북부부일를 흉기어질러 살의한 험위를 받고 있다
p00_u30,p00,taps,에이지는 범명당일 우 비c를 포함에 귀인들과 함께 고기집에서 술를 마시후 자기 집에서 다같이 술자리를 또 가졌성 것으로 조산했다
p00_u30,p00,ce0.0,에이지는 범명당일 우 비c를 포함에 귀인들과 함께 고격집에서 술을 마시후 자유 집에서 당같치 술자리를 또 가졌정 것으로 조사졌다
p00_u30,p00,ce0.1,에이기는 범행당일 오 비c를 포함에 귀인들과 함께 고기집에서 술을 마시후 가기 집에서 다같이 술자리를 또 가렸성 것으로 조사졌다
p00_u30,p00,ce0.5,에이지는 범명당일 오 비c를 포함에 귀인들과 함께 고이집에서 술를 마시후 자기집에서 당같이 술자리를 또 가졌던 것으로 조산였다
p00_u30,p00,ce1.0,에이지는 범명장일 오 비c를 포함에 죄인들과 함께 구입집에서 술를 마시후 자기 집에서 다같이 술자리를 또 가졌던 것으로 조산였다
p00_u30,p00,ce2.0,에이지는 범명당일 오 비c를 포함에 귀인들과 함께 고기집에서 술를 마시후 자기 집에서 당같이 술자리를 또 가졌던 것으로 조산였다
p00_u30,p00,ce5.0,에이지는 범명당일 오 비c를 포함에 그인들과 함께 고기집에서 술를 마시후 가기 집에서 당하치 술자리를 또 가렸던 거으로 조사였다
p00_u30,p00,ce10.0,에이지는 범명장일 오 비c를 포함에 지인들과 함께 고이집에서 술를 마시후 자기 집에서 당아체 술자리를 또 가졌던 것으로 조산였다
p00_u31,p00,taps,이후 이행이 모두기가 안디 에이씨는 잠긴 방 안에서 5을벗은체 잠된 아내를 보고 술김의 비시가 자기 안내를 성폭행했다고 오회한 것으로 파학했다
p00_u31,p00,ce0.0,이후 이행이 모주이가 안디 에이씨는 잠긴 방 안에서 5을벗은체 잠된 아내를 보고 술낌의 비시가 자기 안내를 성폭행했다고 오회한 것으로 파학했다
p00_u31,p00,ce0.1,이후 이행이 모두 기가 안디 에이집는 잠긴 방 안에서 5을벗은게 잠든 아내를 보고 술김의 비시가 자기 안내를 성폭행했다고 오회한 것으로 파았겠다
p00_u31,p00,ce0.5,이후 유행이 모두 귀가 안디 에이시는 잠김 방 안에서 5슬버은채 잠된 아내를 보고 슬김의 비시가 자기 안내를 성폭행했다고 오회한 것으로 파학했다
p00_u31,p00,ce1.0,이후 이행의 모두 기가 안디 에이치는 잠김 방 안에서 오을버은체 잠든 아내를 보고 술김의 비시가 자기 안내를 성폭행했다고 오회한 것으로 파학했다
p00_u31,p00,ce2.0,이후 이행이 모두 기가 한디 에시는 잠긴 방 안에서 오을벗은체 잠든 아내를 보고 술힘의 비시가 자기 안내를 성폭행했다고 오회한 것으로 파학했다
p00_u31,p00,ce5.0,이후유행의 모두 기가 안디 에이이는 잠긴 방 안에서 5을벗은 최 잠든 아내를 보고 술김의 비시가 자기 안내를 성폭행했다고 오회한 것으로 파학했다
p00_u31,p00,ce10.0,이후이행미 모두 귀가 한디 에이피는 잠김 방안에서 오을버은체 잠든 아내를 보고 술김의 비시가 자기 안내를 성폭형했다고 오회한 것으로 파학했다
p00_u32,p00,taps,형찰조사에서 이시는 평소부자 술를 많이 마셔서 술김의 비시를 오회했다 고 진술했다
p00_u32,p00,ce0.0,평찰조사에서 이시는 평소무자술를 많이 마셔서 술김에 비시를 오회했다 고 진술했다
p00_u32,p00,ce0.1,경찰 조사에서 이시는 평소부자술를 많이 마셔서 술김의 비시를 오회했다 고 진술했다
p00_u32,p00,ce0.5,평찰 조사에서 이시는 평소부다술를 많이 마셔서 술김의 비시를 오해했다 고 진술했다
p00_u32,p00,ce1.0,평찰 조사에서 이시는 평소부자술를 많이 마셔서 술김의 비시를 오회했다 고 진술했다
p00_u32,p00,ce2.0,평찰 주하에서 이c는 평소부다 술를 많이 마셔서 술김의 비키를 오회했다 고 진술했다
p00_u32,p00,ce5.0,경찰조하에서 이시는 평소무다술를 많이 마셔서 술김의 비신를 오어했다 고 진술했다
p00_u32,p00,ce10.0,격찰조사에서 이시는 평소부다 술를 많이 마셔서 술김의 빼시를 오해했다 고 징술했다
p00_u33,p00,taps,aca 안내도 창고인 조사에서 티시게서 폭행을 당안 살실이 없다하고 바힌 것으로 전해졌다
p00_u33,p00,ce0.0,aca 안내도 창고인 조사에서 tc에게성 폭행을 당안 사실이 없다하고 받은 것으로 전해졌다
p00_u33,p00,ce0.1,aca 안내도 창공인 조사에서 비시에게 성폭행을 단한 살실이 없다하고 밝힌 것으로 전해졌다
p00_u33,p00,ce0.5,aca 안내도 창공인 조사에서 dc에게 성폭행을 당안 사실이 없다하고 밖힌 것으로 전해졌다
p00_u33,p00,ce1.0,pa 안에도 창고인 조사에서 pc에게 성폭행을 당안 사실이 없다하고 밝근 것으로 전해졌다
p00_u33,p00,ce2.0,aca 안에도 창고인 조사에서 비c에게 성폭행을 당한 사실이 없다하고 바힌 것으로 전해졌다
p00_u33,p00,ce5.0,a시에 안내도 창고인 조사에서 비c에게 성폭행을 당안 사실이 없다하고 밝힌 것으로 전해졌다
p00_u33,p00,ce10.0,aha 아에도 창공인 조사에서 pc게 성폭행을 당안 살실이 없다하고 밝큼 것으로 전내졌다
p00_u34,p00,taps,경부 틀국군이 민간 웨탁을 통해 오역중인 7국보 야회 물로리 장이 능께를 끌고있다
p00_u34,p00,ce0.0,경부 7국군이 민간 웨탁을 통해 오역중인 7국보 야회 물로리 상이 응길를 끌고있다
p00_u34,p00,ce0.1,경부 7국군이 민간 웨탁을 통해 오역중인 7국보 야회 물로리 장이 은께를 끌고있다
p00_u34,p00,ce0.5,경부 필국군이 민간 위탁을 통해 은역중인 필국보 야회 물러오리 장이 응께를 걸고있다
p00_u34,p00,ce1.0,정부 틀국군이 링간 웨탁을 통해 오역중인 필국보 야회 물로오이 장이 인길를 끌고있다
p00_u34,p00,ce2.0,정부 7국군이 링간 위탁을 통해 운역중인 7국보 야회 물로리 장이 인끼를 끌고있다
p00_u34,p00,ce5.0,경부록 필국군이 민간 위탁을 통해 오역중인 필국고 야매 물러오리 장이 응기를 끌고있다
p00_u34,p00,ce10.0,경복 7국군이 민간 위탁을 통해 오역중인 7국보 야매 물러오리 장이 응귀를 끌고있다
p00_u35,p00,taps,임종징시는 임결 6결 상등의 간녀와 올 여음에만 두번째 칠국고 야회 물로리장을 차졌다
p00_u35,p00,ce0.0,임종긴시는 몇결 6결 상둥이 간녀와 올 여름에만 두 번째 칠국고 야회 물로리량을 찾졌다
p00_u35,p00,ce0.1,임종진시는 명결 6결 상등이 간녀와 올 여름에만 두번째 칠국부 야회 물로리량을 찾졌다
p00_u35,p00,ce0.5,임종진시는 6결 6결 상등의 가녀와 올 여음에만 두번째 7국부 야와 물로리장을 차졌다
p00_u35,p00,ce1.0,유종진시는 6결 6결 상등을 가녀와 올 여름에만 두번째 필국부 야회 물로리장을 차졌다
p00_u35,p00,ce2.0,인종진시는 능결 육결 땅등의 자녀와 올 여음에만 두번째 칠국고 야회 물로리장을 차졌다
p00_u35,p00,ce5.0,능종중시는 맹결 육결 상둥의 가녀와 올 여음에만 두번째 칠국고 야회 물로리장을 차졌다
p00_u35,p00,ce10.0,유종중시는 6결 6결 상등의 가녀와 올 여음에만 두번째 칠국고 야의 물루오리장을 찾졌다
p00_u36,p00,taps,사인 과족 기준 이 마원이면 취형장은 물론운 닥종 물로리 부대키설를 마음과 리용할 수 있기 때문이다
p00_u36,p00,ce0.0,타인 가족기준 이마은 이면 시형장은 물론 닥종 물로의 부대키설를 마음것 미용할 수 있기 때문이다
p00_u36,p00,ce0.1,사인 가족 기준 이마원이면 수형장의 물론운 닥종 물로리 브레키설를 마음것 위용할 수 있기 때문이다
p00_u36,p00,ce0.5,사행 가족기준 이 만원 이면 수형장은 물론운 닥종 물로의 부대휘설를 마음터 미용할 수 있기 때문이다
p00_u36,p00,ce1.0,하인 가족귀준 이 만은이면 시형장의 물론운 닥종 물로의 부대피서를 마음거 미용할 수 있기 때문니다
p00_u36,p00,ce2.0,사인 가족기준 이만원이면 수형장의 물론운 닥종 물로이 부대휘설를 마음과 미용할 수 있기 때문이다
p00_u36,p00,ce5.0,사인 가족기준 이만의 유면 시형장의 물론운 닥종 물로의 부대시서를 마거 미용할 수 있기 때문이다
p00_u36,p00,ce10.0,사용가족 길은 이 만원이면 시형장의 물론 학종 물로이 부대 시설를 마음거 위용할 수 있기 때문이다
p00_u37,p00,taps,입장요 위에는 결도의 비용이 발생하지 않는 등 사설 물로리장보다 저렴한 가격은 물로 다양한 부대키설과 내점 판의 음형우리 결련하기 때문이다
p00_u37,p00,ce0.0,입장요 위에는 별도의 비용이 발생하지 않는 등 사설 물로리장보다 저렴한 가격은 물론 다양한 부대시설과 내점 판매 음승그이 저렴하기 때문이다
p00_u37,p00,ce0.1,입백요 위에는 결도의 비용이 발생하지 않는 등 사설 물로리장보다 저렴망 가격은 물론 다양한 부대시설과 매점 판의 음흉우이 저렴하기 때문이다
p00_u37,p00,ce0.5,입평료 위해는 펼돌의 비용이 발생하지 않는등 파설 물로리장모다 저렴망 가격은 물로 다양한 부대시설과 내점 판의 음승물리 저렴하기 때문이다
p00_u37,p00,ce1.0,입백료 위에는 별돌의 비용이 발생하지 않는 등 사설 물로리장보다 저렴한 가격은 물로 가양한 부대피설과 내점 판의 음승무리 결렴하기 때문이다
p00_u37,p00,ce2.0,입작요 위에는 결도의 비용이 발생하지 않는 등 사설 물로리장보다 저렴한 가격은 물론 가양한 부대시설과 내점 판의 음승무이 저렴하기 때문이다
p00_u37,p00,ce5.0,입백요 위에는 결도의 비용이 발생하지 않는 등 사설 물로리장보다 저렴한 가격은 물로 다양한 부대시설과 내점 판에 음승물이 결렴하기 때문니다
p00_u37,p00,ce10.0,입평요 위에는 절두의 비용이 발생하지 않는 등 사설 물로리장보다 저렴양 가격으 물로 다양한 부대시설과 내점 판의 음승물이 절렴하기 때문이다
p00_u38,p00,taps,물로리 장에는 대형풀 다석개 중역을 두에 옷터 슬라이드 에어바운드 기차 오토바이 등이 말련대 있다
p00_u38,p00,ce0.0,물로리 장에는 대형풀 다섯개 중역플 두에 워터 슬라이드 에어바운드 기차 오토바이등이 말련되 있다
p00_u38,p00,ce0.1,물로리장에는 대형풀 다석개 주명플 투에 옷터슬라이드 에로바운드 기차 오토바이등이 말련되 있다
p00_u38,p00,ce0.5,물로리장에는 태형을 다석개 중역을 두개 워터슬라이드 에어바운드 기차 오토바이등이 말련되 있다
p00_u38,p00,ce1.0,물로리 장에는 대형을 다석개 주명을 두개 어터 슬라이드 애어바운드 국차 오토바이 등이 말련데 있다
p00_u38,p00,ce2.0,올로리장에는 대형풀 자석이 중역을 둘개 어터 슬라이드 애여바운드 기차 오토바이등이 마련데 있다
p00_u38,p00,ce5.0,물로리 장에는 대형을 다석길 중역을 두의 옷터 슬라이드 예어마운드 기차 오토마이등이 말련데 있다
p00_u38,p00,ce10.0,물로리 장에는 대형풀 다석교 중역플 주의 워터 슬라이드 에어바운드 깊차 오토바이 등이 말련데 있다
p00_u39,p00,taps,영용 편위를 위해 몽굴 텐트 차강막 텐입을 필크니존 매점 프두존 사워실 타리실 화장 필등의 부대시서로 갖쳐져 있다
p00_u39,p00,ce0.0,예용 편위를 위해 몽굴텐트 착항막 태입을 펼크육존 매점 프두준 사워실 타리실 화장 혈등의 부대시서로 갖쳐져 있다
p00_u39,p00,ce0.1,용 편위를 위해 몽굴텐트 차황막 테입을 필크니존 매점 프두존 사워실 타리실 화장 필등의 부대시서로 갖쳐져 있다
p00_u39,p00,ce0.5,유용 편위를 위해 몽굴 텐트 사각막 태입을 티크육존 매점 프드존 사워실 타리실 화장 실등의 부대시서로 갖쳐져 있다
p00_u39,p00,ce1.0,영용편위를 위해 몽굴 텐트 사황막 태입을 펼크니존 매점 프두준 사워실 타리실 사장 실등의 부대시서우후 가쳐져 있다
p00_u39,p00,ce2.0,유용편위를 위해 몽굴 텐트 착황막 태입을 피크니둔 매점 프드준 사워실 타리실 사장 필등의 부대시설후 가쳐져 있다
p00_u39,p00,ce5.0,용편위를 위해 몽굴텐트 착각막 테이을 필크니존 매점 프드존 사워실 타리실 화장 실등의 부대시서로 갇쳐져 있다
p00_u39,p00,ce10.0,이용편위를 위해 몽골 텐트 차각막 테입을 필크륙존 매점 프드존 사워실 타리실 화장 실등의 부대시설도 갇쳐자 있다
p00_u40,p00,taps,이용 욕음은 14세이상 만 2천는 어린이 8천원이며 7국 군에는 5센 하인된다
p00_u40,p00,ce0.0,이용 욕금은 14의 이상 만 2천는 어린의 8천원이며 7고 군에는 59센 하인된다
p00_u40,p00,ce0.1,이용 욕금은 14의 이상 만 2천는 어린이 8천원이며 7국 군에는 5센 하인된다
p00_u40,p00,ce0.5,이용 욕음은 십4세 이상 만 2천는 어림이 8천원이며 7국 궁의는 5은센 하인된다
p00_u40,p00,ce1.0,이용욕음은 1사의 이상 만 2천원 어린이 8천원이며 틀국 군에는 58센트 하인든다
p00_u40,p00,ce2.0,이용욕음은 14의 이상 만 이천는 어린의 8천원이며 7국 궁에는 58센 하인든다
p00_u40,p00,ce5.0,이용욕음은 14세이상 만 이천는 어림의 8천원류며 7국 군에는 5생 하인된다
p00_u40,p00,ce10.0,이용욕음은 14세 이상 만 2천는 어림의 8천원이며 7국 구위는 5번생 하입든다
p00_u41,p00,taps,다른 지역 방풍겠도 오천원으로 5번센트 하인곤 구매가 가능에 2 5천원이면 타인 가종이 이용할 수 있다
p00_u41,p00,ce0.0,다른 지역 방풍겠도 오천원으로 5번센트 하인권 구에가 가능에 2 5천원이면 사인 가족이 이용할 수 있다
p00_u41,p00,ce0.1,다른 지역 당묵겠도 5처원으로 5번센트 하리곤 구매가 가능에 2 5천원이면 타인 가족이 이용할 수 있다
p00_u41,p00,ce0.5,다른 지역 방풍겠도 오천원으로 50번낸테 하인공 부매가 가능에 2 5천원이면 하인 가용이 이용할 수 있다
p00_u41,p00,ce1.0,다른 지역 당묵겠도 5천원으로 5센 하리공 분매가 가능에 2 5천원이면 하인 가종이 이용할 수 있다
p00_u41,p00,ce2.0,다른 지역 방풍겠도 오천원으로 50은낸대 하일권 구매각 다능에 2 5천원이면 사인 가족이 이용할 수 있다
p00_u41,p00,ce5.0,다른 지역 당문겠도 5천원으로 50번낸대 하리권 9매각 다능에 25천원이면 사인 가족이 이용할 수 있다
p00_u41,p00,ce10.0,다른 지역 방풍겠도 5천원으로 50번센대 하림곤 9매각 반능에 2 5천원이면 하인 가족이 이용할 수 있다
p00_u42,p00,taps,광역동 케제로 행경구역이 계편데 열고스로 주었던 경기 붙찬 지역 사전 트여소가 오늘 3월 대선을 앞두고 설른 여석고으로 원상복구 된다
p00_u42,p00,ce0.0,광역동 체제로 행경구역이 계편데 열고스로 주었던 경기 부찬 지역 사전특혀소가 오늘 3월 대선을 앞드고 설른 여석고으로 원상복구 된다
p00_u42,p00,ce0.1,광역동 체제로 행경구학이 계편데 열고스로 주었던 경기 붙찬 지역 사전 특켜소가 오늘 3월 대선을 앞두고 서은 여석고으로 원상복구된다
p00_u42,p00,ce0.5,광역동 체제로 행경구약이 계편데 열고스로 주었땅 경귀 부찬 지역 사존 특혀소가 오늘 3월 대선을 앞두고 서른 여석고스로 원상복구된다
p00_u42,p00,ce1.0,광역동 체제로 형경구학이 베편데 열고스로 주었땅 경비 부찬 지역 사존 특표소가 오늘 3월 대선을 앞두고 서은 여석고스로 원상복구 된다
p00_u42,p00,ce2.0,강역동 태제로 행정구학이 계편내 열고스로 주었던 경기 붙찬지역 사전트표소가 오늘 3월 대선을 앞두고 서은 여석고스로 원상복구된다
p00_u42,p00,ce5.0,광역동 폐제로 생경구약이 계편될 열고스로 주었던 경기 붙찬 지역 사존 트여소가 오늘 3월 대선을 앞두고 서은 여석고으로 원상복구된다
p00_u42,p00,ce10.0,광역동 체제로 형형구약이 계편데 열곳스로 주었던 경기 붙찬 지역 사존트혀소가 오늘 3월 대선을 앞두고 서른 여석고으로 원상복구된다
p00_u43,p00,taps,시비일 붙천실와 성거갈리 위원해 따르면 지난 11일 열린 국게 본회이에서 서 영석 더부어민주단 우원니 태표 발리한 공직 성업법 일부 계장 검률안니 가결댔다
p00_u43,p00,ce0.0,시비일 붙천시와 성거갈리 위원해 따르면 지난 11일 열린 국회 본 회해서 서 영석 더브러민조장 우원이 대표 발리한 공직 성업법 일부 계정 섬률안니 가결했다
p00_u43,p00,ce0.1,시비일 붙천실와 성거갈리 위원해 따르면 지난 11일 열린 국게 본회위해서 서 영석 더부어민규장 우원이 태표 발리한 공직 성업법 일부 계장 검유안니 가결했다
p00_u43,p00,ce0.5,시v일 붙찬시와 성거갈리 위원해 따르면 주난 시1일 열린 국해 본회이해서 서 영석 더부어민규장 의원육히 태표발리한 공직 선업법 일부 계장 섬유라니 가결댔다
p00_u43,p00,ce1.0,시비일 붙천시와 성거갈리 위원해 따르면 지한 시비일 열린 국해 본회위해서 서 영석 더브러민규당 의원이 태표 발리한 공직 성업법 일부 계장점유라니 가결댔다
p00_u43,p00,ce2.0,시v일 부천시와 성거갈리 위원해 따르면 지난 시비일 열린 국해 본 회이해서 서 영석 더브어민주장 유원이 태표 발리한 공직 성업법 일부 계장점유란니 가결댔다
p00_u43,p00,ce5.0,시v일 푸천시와 성거갈리 위원해 따르면 주난 11일 열린 국게 본회위해서 서 영석 더불어민주당 유원이 태표 발리한 공직 성업법 일부 계장범유라니 가결냈다
p00_u43,p00,ce10.0,시v일 붙천시와 선거갈리 위원해 따르면 지한 1비집 열린 국해 본 회임해서 서 영석 더불어민주당 유원이 태표발리한 공직 성업법 일부 계정점유란니 가결댔다
p00_u44,p00,taps,이 범률안에는 행경우역 계편으로 듯 몇 통 수가 주어든 경우 개편 직전의 술를 기준으로 사전 투요소른 설취하고 선거 삼무원을 선님하은 내용이 담겼다
p00_u44,p00,ce0.0,이 범유안에는 행정우역 개편으로 꿈몇 통 수가 주어든 경우 개편 직전의 술를 기준으로 사전 트표표를 설치 하고 선거 삼무원을 선유하는 내용이 담겼다
p00_u44,p00,ce0.1,이 범유안에는 행령우력 대편으로 입 몇 통 수가 주어든 경우 대편 직전의 술를 기준으로 사전 트풀서 설치하고 선고 삼무원을 선이하은 내용이 담겼다
p00_u44,p00,ce0.5,의 범유안에는 행정구역 계편으로 입 몇 통 수가 주어든 경우 개편 직전에 술를 기준으로 사전 트표펴를 설키하고 선거 삼무원을 판위하은 내용이 담겼다
p00_u44,p00,ce1.0,이 범유란에는 홍경우역 계편으로 입 몇 통 수가 규어든 경우 개편 직전에 술를 기준으로 사전 특표소른 설키하고 선거 삼무원을 선님하는 내용이 담겼다
p00_u44,p00,ce2.0,이 범유안에는 행정우역 계편으로 입몇 통 수가 주어든 경우 개편 직전에 술를 기준으로 사전 특표으을 설치하고 선거 삼무원을 선림하는 내용이 담겼다
p00_u44,p00,ce5.0,이 범유란에는 행정우역 계편으로 입 몇 통 수가 주어든 경우 개편 직전에 술를 기준으로 사전 트표으를 설치하고 선과 삼무원을 선히하은 내용이 담겼다
p00_u44,p00,ce10.0,이 범유안에는 행정우역 계편으로 꿈 몇 통 수가 주어든 경우 개편 직전에 술를 기준으로 사전 트편소른 설치하고 선거 삼부원을 선유많은 내용이 담겼다
p00_u45,p00,taps,대정된 보안은 오는 15일 공포와 동시의 시행대 3월9일 열리는 개20대 대통령성과부터 적용될 예정이다
p00_u45,p00,ce0.0,대정된 보반은 오는 15일 봉포와 동시의 시행대 3월 9일 열리는 개20대 대통령성과부터 적용될 예정이다
p00_u45,p00,ce0.1,계정된 보안은 오는 15일 공포와 동시의 시행대 3월9일 열리는 제20대 대통령 성과부터 적용될 예정이다
p00_u45,p00,ce0.5,개정된 법반은 오는 15일 공포와 통시의 시형대 3월 9일 열리는 제21대 대통령 성과부터 적경될 예정이다
p00_u45,p00,ce1.0,개정된 법안은 오는 15일 공포와 통시의 시행대 3월 9일 열리는 제21배 대통령 성과부터 적용될 예장이다
p00_u45,p00,ce2.0,계정된 법안은 오는 15일 공포와 동시의 시행대 3월 9일 열리는 제21배 대통령 성가부터 적용될 예정이다
p00_u45,p00,ce5.0,계적된 보반은 오는 15일 공포와 동시의 시행대 3월9일 열리는 제20대 대통령 성가부터 적용될 내정이다
p00_u45,p00,ce10.0,계정된 법아은 오는 15일 공후와 동시의 수행대 3월9일 열리는 제201 대통령 성가부터 적용될 예정이다
p00_u46,p00,taps,앞서부천시는 지난 2019년 광역종 폐제로 전한 아면서 기로 설른 여섯의 행종둥이 열고스로 대포 쿠조냈다
p00_u46,p00,ce0.0,"앞서부,시는 지난 2019년 광역종 체제로 전한 아면서 기존 설른 여섯에 행종둥이 열고스로 대포 특돋냈다"
p00_u46,p00,ce0.1,앞서부천시는 티난 2019년 광역동 체제로 전한하면서 기존 설른 여섯에 행종둥이 열고수로 대폭 숙로냈다
p00_u46,p00,ce0.5,앞부천시는 지난 2019년 광역동 체제로 전한아면서 기존 설른 여섯에 행종분이 열고으로 대폭 축조냈다
p00_u46,p00,ce1.0,앞서부천지는 지한 2019년 광역동 체배로 전한하면서 기존 설른 여섯에 행종둥이 열고스로 대폭 굽손냈다
p00_u46,p00,ce2.0,앞부천시는 귀난 2019년 광역동 폐제로 전한하면서 기존 설른 여섯에 행종둥이 열고스로 대폭 극소했다
p00_u46,p00,ce5.0,"앞서부,시는 귀난 2019년 광역종 체제로 전한하면서 기존 설른 여섯에 행종둥을 열고으로 대폭 숙설했다"
p00_u46,p00,ce10.0,"앞부,시는 지난 2019년 광역동 체제로 전한하면서 기존 설른 여섯에 행종둥이 열고으로 대폭 축소했다"
p00_u47,p00,taps,이에 따라 사전 트어서 수도 열개로 축후데 기난 2020년 제 201 때 총선 당시 주민들이 멀리 떨어진 특투속가리 찾작가야 하는 빌편을 겪었다
p00_u47,p00,ce0.0,이에따라 사전 트표서 수도 열개로 축후데 지난 2020년 제 20일 때 총선당시 주민들이 멀리 떨어진 측표속까지 찾장하야 하는 필편을 겪었다
p00_u47,p00,ce0.1,이에 따라 사전 특표소 스도 열개로 축소대 지난 2020년 제 20일 때 총선당시 주민들이 멀리떨어진 특표속가지 찾장하야 하는 필편을 겪었다
p00_u47,p00,ce0.5,위에 따라 사전 특표서 수조 열개로 축소데 귀난 2020년 제 20일 때 총선 당시 주민들이 멀리 떨어진 특편속까지 찾작가야 하는 불편을 겪었다
p00_u47,p00,ce1.0,위에따라 사전 특표소 수도 열개로 축소대 지난 2020년 제 20일 때 총선 당시 주민들이 멀리 떨어진 특표속까지 차작가야 하는 들편을 겪었다
p00_u47,p00,ce2.0,이에 따라 사전 특트소 수도 열개로 축후되 지난 2020년 제 211대 총선당시 주민들이 멀리떨어진 특튼속까지 찾장하야 하는 불편을 겪었다
p00_u47,p00,ce5.0,우에따라 사전 트어소 수도 열개로 축소에 귀난 2020년 제 211대 총선 당시 주민들이 멀리떨어진 첫투속까지 찾아가야 하는 불편을 겪었다
p00_u47,p00,ce10.0,위에따라 사전 특편소 수도 열개로 축소데 지난 2020년 제 201 대 총선 당시 주민들이 멀리떨어진 특편속까지 찾장하야 하는 불편을 겪었다
p00_u48,p00,taps,이 영향으로 9천지역 사전트필은 경국 기초 디자체 가운데 두먼째로 나작고 참정관 침매 놀란이 임기도 했다
p00_u48,p00,ce0.0,이 영향으로 구천지역 사전특필은 경국 기초 디자체 가운데 두번째로 나작고 참정관 침매 놀란이 일기도 했다
p00_u48,p00,ce0.1,이 영향으로 구천지역 사전투필은 경국 기초의 비자체 가운데 두번째로 나작고 참정관 침매 놀란이 일기도 했다
p00_u48,p00,ce0.5,위 영향으로 부천지역 사전트필은 정국 집초 지자체 가운데 두번째로 나작고 3정관 피의 놀란이 일기도했다
p00_u48,p00,ce1.0,이 영향으로 9천지역 사전투필은 정국 기초 지자체 가운데 두번째로 나작고 3정관 침매 놀란이 일기도 했다
p00_u48,p00,ce2.0,이 영향으로 부천지역 사전트필울은 경국 기초 지잡체 가운데 두번째로 나작고 참정권 침에 놀란이 일기도 했다
p00_u48,p00,ce5.0,이 영향으로 부천지역 사전트표울은 경국 기초 지자체 가운데 두번째로 나략고 3정관 침해 놀란이 울기도있다
p00_u48,p00,ce10.0,위 영향으로 부천지역 사전 트표류은 정국 기초 기자체 가운데 두번째로 나작고 참정관 침에 놀란닌 일기도 있다
p00_u49,p00,taps,부천시 선관 이는 대선때 사은 수표소가 원화하게 운영되도록 잘 중비하겠다 고 밝혔다
p00_u49,p00,ce0.0,구천시 선관 이는 대선대 사은 수표소가 원화하게 운영되도록 잘 준비하겠다 고 발혔다
p00_u49,p00,ce0.1,부천시 선관 이는 대선때 사전 스을소가 원화하게 운영되도록 잘 준비하겠다 고 밝혔다
p00_u49,p00,ce0.5,부천시 형관 이은 대선대 사전 스표수가 원화하게 운영되도록 잘 준비하겠다 고 발혔다
p00_u49,p00,ce1.0,부천시 성관이는 대선때 사은 스편소가 원화하게 운영되도록 잘 준비하겠다 고 밝혔다
p00_u49,p00,ce2.0,9천시 선관이는 대선때 사존 스표수가 원화하게 운영되도록 잘 준비하겠다 고 밝혔다
p00_u49,p00,ce5.0,부천시 성관이는 개선때 사전 수표소가 원화하게 운영되도록 잘 준비하겠다 고 발혔다
p00_u49,p00,ce10.0,부천시 성관 이은 대선때 사은 스표소과 원화하게 운영배두록 잘 준비하겠다 고 발혔다
p00_u50,p00,taps,영화 해적 독개이 입달이 탈일 연소 박소 비을 최정상을 겪키며 설 연육 극장가를 삼로잡았다
p00_u50,p00,ce0.0,영화 해적 독개이 입달이 8일 연소 박소비을 최정상을 길키며 설 연육 등장가를 3로잡았다
p00_u50,p00,ce0.1,영화 해적 독개이 휩발이 8일 연소 박소 비을 최정상을 겪키며 설 연육 극장가를 삼루잡았다
p00_u50,p00,ce0.5,영화 해적 독격이 혈발이 8일 연소 박소피스 최정상을 겪키며 설 연육 극장가를 삼루잡았다
p00_u50,p00,ce1.0,영화 해적 독격이 비발이 8일연소 박수비을 최정상을 죽키며 설 연육 등장가을 삼을잡았다
p00_u50,p00,ce2.0,영화 해적 독격이 입달이 8일 연수 박수비스 최장상을 듣키며 설 연유 극장가른 사루잡았다
p00_u50,p00,ce5.0,영화 해적 독개이 깊달이 탈일 연수 박수피스 최정상을 기키며 설 연유 극장가을 사무잡았다
p00_u50,p00,ce10.0,영화 해적 독격이 휩달이 8일 연소 박소 피을 최정상을 죽키며 설 연육 격장가른 사로잡았다
p00_u51,p00,taps,3일 영화지는 유원에 영화가 입착권 통화 점상망에 따르면 회적 독개이 입바은 견날 하루 동안 13만171일명을 동원에 누적 관객수88만1496명을 기록겠다
p00_u51,p00,ce0.0,3일 영화지는 이원에 영화가 입착건 통화 점삼망에 따르면 회적 독개이 입발은 건날 하루 동안 13만171일명을 동원에 무적 광객수 88만1496명을 기록겠다
p00_u51,p00,ce0.1,3일 영화지는 이원에 영화갈 입작권 통화 점상망에 따되면 회적 독격이 입바은 견날 하루 동안 13171일명을 동원에 누적 광객수 88만1496명을 기록했다
p00_u51,p00,ce0.5,3일 영화지는 이원에 영화가 입약건 통화 점상망에 따르면 해적 독격이 깊발은 번날 하루 동안 13만171일명을 동원에 누적 광격수 88만1396명을 기록했다
p00_u51,p00,ce1.0,탐일 영화지는 위원에 영화가 입쁜권 통화 점삼망에 따르면 해적 독개위 깊바은 견날 하루 동안 13만171일명을 동원에 유적 광객수 88만13906명을 기록했다
p00_u51,p00,ce2.0,3일 영화지는 이원에 영화갈 입작건 통화 점상망에 따르면 해적 독격이 기바은 전날 하루 동안 13만171일명을 동원에 누적광격후 88만1496명을 기록했다
p00_u51,p00,ce5.0,3일 영화지는 이원에 영화가 이작건 통화 점상망에 따되면 해적 독객의 비발은 견날 하루동안 13171일명을 동원에 누력 광객수 88만1496명을 기록겠다
p00_u51,p00,ce10.0,3일 영화지는 이원에 영화가 입장건 통화 점상망에 따되면 해적 독객의 비발은 전난 사루 동안 13171일명을 동원에 누적광객수 88만13906명을 기록겠다
p00_u52,p00,taps,해적 독게교 입바은 행족저 없이 살라진 왕실 보물의 주인이 대기 위해 바다로 모인 해적들의 스패탁끌한 모음을 그린 영하다
p00_u52,p00,ce0.0,해적 독게기 위바은 행족조 없지 사라진 왕실 보물의 주인이 대기 위해 바다로 모인 회적들의 스패탁끌한 모음을 그린 영하다
p00_u52,p00,ce0.1,해적 독개의 위바은 행족서 없지 사라진 왕실 보물의 주인이 대기 위해 바다로 모인 해적들의 스패탁끌한 모음을 그린 영하다
p00_u52,p00,ce0.5,해적 독개기 흘바은 흔족도 없이 사라진 왕실보물에 주인이 대기 위해 바다로 모인 해적들의 스패탁거한 모음을 그림 명하다
p00_u52,p00,ce1.0,해적 독개위 위바은 혼족도 없지 사라진 왕실보물에 주임이 대기 위해 바다로 모인 해적들의 스패닥거한 모음을 그린 영하다
p00_u52,p00,ce2.0,해적 독개기 입바은 흔족서 없지 사라진 왕실보물의 주인이 대기 위해 바다로 모인 해적들의 스패탁근라 모음을 그린 영하다
p00_u52,p00,ce5.0,해적 독게의 입바은 흔족서 없이 살라진 왕실 보물의 주인이 되기 위해 바다로 모인 해적들의 스패탁거한 모음을 그린 영하다
p00_u52,p00,ce10.0,해적 독회의 입바은 현족서 없이 살라지 왕실보물의 주임이 대기 위해 바다로 모인 해적들의 스택탁거한 모음을 그린 영하다
p00_u53,p00,taps,작품은 통식의 계봉작을 비롯에 정쟁한 공네에 모든 경쟁작을 앞도족으로 될치며 월래 계봉작중 채고 스코올를 넘어었다
p00_u53,p00,ce0.0,작품은 통식의 제봉작을 비롯에 정쟁한 공네에 모든 경쟁작을 앞도족으로 졌치며 월래 계봉작중 최고 스코올를 넘어었다
p00_u53,p00,ce0.1,작품은 통식의 계봉작을 비롯에 정쟁한 공네에 모중 정쟁작을 앞도족으로 졌치며 월래 계봉작중 최고 스코올를 넘어었다
p00_u53,p00,ce0.5,작품은 통식의 계봉작을 비롯에 정쟁한 공네에 모든 경쟁작을 앞도족으로 졌치며 올래 계봉작병 최고스코올를 넘었었다
p00_u53,p00,ce1.0,작품은 통식의 계봉작을 비롯에 정쟁한 공네에 모든 정쟁작을 앞도족으로 졌지며 오래 계봉작중 쇠고 스쿠물를 넘었었다
p00_u53,p00,ce2.0,작품은 통식의 계봉작을 비롯에 경쟁한 공네에 모든 경쟁작을 앞도족으로 졌지며 원래 계봉작둥 철고 스코울을 넘벗섰다
p00_u53,p00,ce5.0,작품은 통식의 계봉작을 빌롯에 정쟁한 공네에 모든 정쟁작을 앞도족으로 주치며 오래 계봉작중 철고 스코올를 넘로었다
p00_u53,p00,ce10.0,작품은 통식의 계봉작을 빌롯에 정쟁한 공네에 모든 정정장을 앞도족으로 제치며 오래 계봉작중 최고 스코올를 넘었었다
p00_u54,p00,taps,"이일를 차지한 핑메이커는 실60288명을 불러무아 누력 관객수 484,429명을 동원했다"
p00_u54,p00,ce0.0,"이위를 차지한 딩메이커는 실6,288명을 불러무아 누력 1객수 484,429명을 동원했다"
p00_u54,p00,ce0.1,"이위를 차지한 핑메이커는 실60288명을 불러모아 류력 공객수 48만4,429명을 동원했다"
p00_u54,p00,ce0.5,"이위를 자지앙 핑멜커는 실만 60288명을 불러모아 누력 공객수 48만4,429명을 동원했다"
p00_u54,p00,ce1.0,"이위를 자지한 긴메커는 실 60288명을 불러모아 누력 건객수 88만4,429명을 동원했다"
p00_u54,p00,ce2.0,"21를 차지한 핑메이커는 실60288명을 불러모아 누적광객후 484,429명을 동원했다"
p00_u54,p00,ce5.0,"이위를 자지한 핑메이거는 실 60288명을 불러모아 누역 광객수 484,429명을 동원했다"
p00_u54,p00,ce10.0,"이위를 자지한 흉메이커는 760288명을 불러모아 루려공객수 484,429명을 동원했다"
p00_u55,p00,taps,"사위 씬 투개더는 율릴 관객수 2 628명으로 유력 관객수는 79만 3,549명으로 뒤게했다"
p00_u55,p00,ce0.0,"사위씬 투게더는 일림관객수 2628명으로 유력 관객수는 79만 3,549명으로 지게했다"
p00_u55,p00,ce0.1,"사위씬 투게더는 일릴 관객수 2628명으로 유력 관객수는 7식9만 3,549명으로 지게했다"
p00_u55,p00,ce0.5,"사위 핑 프개더는 일릴관객수 2628명으로 유역 관객수는 79만 3,549명으로 지게했다"
p00_u55,p00,ce1.0,"사위식 크개더는 일린관객수 2628명으로 유력 관객수는 79만 3,549명으로 지게했다"
p00_u55,p00,ce2.0,"사위식 투개더는 일릴 관객수 이6128명으로 유역 광객수는 7식9만 3,549명으로 지게했다"
p00_u55,p00,ce5.0,"사위 씬 투게더는 엘릴 관객수 2628명으로 유력 광객수는 79만 3,549명으로 지게될다"
p00_u55,p00,ce10.0,"차의 식 투개더는 일림 관객수 이 628명으로 유력 광객수는 79만3,549명으로 지겠했다"
p00_u56,p00,taps,오위 그짝판 안영 자두야 제디도의 p이은 일 관객수 1만 20555명 누력 관객수 육만 7천 3백28명이다
p00_u56,p00,ce0.0,오위 극장판 안영자두야 제디d 지m은 일류 관객수 1만 20555명 유력 공객수 6만 7천3백리8명이다
p00_u56,p00,ce0.1,오위 극장판 안영자두야 제유도의 지밀은 일 관객수 1만 20555명 유력 관객수 육만 7천 3백 리8명이다
p00_u56,p00,ce0.5,오의 극격판 안영자두야 제유도의 필위은 일릴 공객스 1만 2055모명 유적 공객수 6만 7천328명이다
p00_u56,p00,ce1.0,오위 국장판 안영자두야 제비도의 pm은 일 공객수 1만20555명 누력 건객수 육만 7편368명이다
p00_u56,p00,ce2.0,"오위 국착판 안영자두야 제유도의 비밀은 일 공객수 1만 2,555명 유적 공객수 6만 7천328명이다"
p00_u56,p00,ce5.0,"오의 국장판 안년가두야 개주도의 비밀은 일릴 공객수 12,555명 유력 공객수 6만 7천368명이다"
p00_u56,p00,ce10.0,오위 국장판 안령자두야 개규도의 비밀은 일공객수 120555명 누력 공객수 6만 7천328명이다
p00_u57,p00,taps,정기과천시는 2022년 꼭과 시민 있는 걸리 조송 사업을 통해 걸리 복곳에 꼭찬기 가득한 잠성 공관을 조성하고 있다고 시구일 밝혔다
p00_u57,p00,ce0.0,장기과찬시는 2022년 꼭과 시민 일는 걸리 조송 사업을 총해 걸리 복곳의 코찬기 사득한 감성 공관을 소상하고 있다고 시후일 밝혔다
p00_u57,p00,ce0.1,경기과찬시는 20202년 꼭과 시민 있는 걸리 조송 사업을 총해 걸리 국곳의 꼭찬기 가득한 잠성공관을 소상하고 있다고 식구일 밝혔다
p00_u57,p00,ce0.5,경기과천시는 20201년 꼭과 시민 있는 걸리 조송 사업을 통해 걸리 국곳의 꼭찬기 가득한 감성 공관을 소상하고 있다고 시후일 밝혔다
p00_u57,p00,ce1.0,영기과천지는 20202년 꼭과 식명 있는 거리 조성 사업을 통해 걸리 국곳의 꼭찬길 가득한 감성봉관을 조성하고 있다고 시구일 밝혔다
p00_u57,p00,ce2.0,경기과천시는 20202년 꼭과 1민 일는 걸리 조송 사업을 통해 걸리 국곳의 꼭찬기 가득한 감성공관을 조성하고 있다고 식구일 발혔다
p00_u57,p00,ce5.0,경기화찬시는 2022년 꼭과 1명있는 버리 조성 사업을 통해 버리 국곳의 꼭창기 가득한 감성공관을 존성하고 있다고 시코일 발혔다
p00_u57,p00,ce10.0,경기과천시는 2022년 꼭과 시명 있는 걸리 조성 사업을 총행 걸리 국곳의 코찬귀 가득한 감성공관을 존성하고 있다고 시후일 밝혔다
p00_u58,p00,taps,과천시은 이 사업을 통해 갇천시민 내간 옆 정부 과천 청사 빠스 정리장 영은 치울 정원을 다양한 꼭과 퍼브 향기가 가득한 자연 친나적 감성 정원으로 새단장했다
p00_u58,p00,ce0.0,과천시은 이 사업을 통에 과천시민내간 옆 정부 과천 성사 빠스 정리장 영은 치율 정원을 다양한 꼭과 서브 향기가 가득한 자연 친나적 감성 정원으로 새단장했다
p00_u58,p00,ce0.1,과천시은 이 사업을 통에 과천시민 내간 옆 정부 과천 청사 빠을 정리장 임은 치울 정원을 다양한 꼭과 허브 향기가 가득한 자연 친나적 감성 정원으로 새단장했다
p00_u58,p00,ce0.5,과천시은 이 사업을 통해 과천시민내가 옆 정부 과천 청사 뽑을 정류장용은 시유 정원을 다양한 꼭과 허브 향기가 가득한 자연 치하적 감성 정원으로 해단장했다
p00_u58,p00,ce1.0,과천지는 이 사업을 통에 과천시민내가 옆 정부 과천 청사 버스 정류장용은 치유 정원을 다양한 꼭과 허브 향기가 가득한 다연 치나적 감성 정원으로 새단장했다
p00_u58,p00,ce2.0,과천시는 이 사업을 통에 과천시민내간 옆 정부 과천 청사 버스 정류장 인은 치유 정원을 다양한 꼭과 서브 향기가 가득한 자연 치하적 감성 정원으로 해단장했다
p00_u58,p00,ce5.0,과천시은 이 사업을 통해 과천시민내간 옆 정부 과천 청사 버스 정류장영은 치유 정원을 다양한 꼭과 서부 향기가 가득한 다연 친하적 감상 정원으로 해단장했다
p00_u58,p00,ce10.0,과천시은 위 사업을 통해 과천시민내간 옆 정부 과천 청사 버을 정류장인은 치유 정원을 다양한 꼭과 서부 향기가 가득한 자연 친하적 감성 정원으로 새단장했다
p00_u59,p00,taps,치울 종원는 버스나 지하처를 위용하을 힘민들이 대중교통 수산을 기달리는 동안 라벤더등 1려섯 여종의 허브 향기를 결기고 토토 정까지 부비된 장소이다
p00_u59,p00,ce0.0,치울 종원는 버스나 지하처를 리용하는 시민들이 되중교통 수산을 기달리는 동안 라벤더등 1여섯 여종의 허브 향기를 즐비고 토토 정까지 부비된 장소이다
p00_u59,p00,ce0.1,치울 종원는 버스나 지하처를 리용하의 시민들이 대중교통 수산을 기달리는 동안 라벤더등 1여섯 여종의 허의 향기를 결기고 포토 정까지 구비된 향소이다
p00_u59,p00,ce0.5,씌울 종원는 버스나 지하차를 위용한 힘민들이 대중교통 수산을 기달리는 동안 라벤더등 1려섯 여종의 허의 향계를 결비고 포토적가이 구비된 장소이다
p00_u59,p00,ce1.0,시울종원는 버스나 지앗처를 리용안을 시민들이 대중교통 수산을 기다리는 동안 라벤더등 1여섯 여종의 서의 향기를 즐기고 토토정까지 구비된 장소이다
p00_u59,p00,ce2.0,시울 종원은 버스나 죄앗처를 리용하는 시민들이 대중교통 수산을 기달리는 동안 나벤더등 1여섯 여종의 허브 향기를 될기고 토토 정까지 구비은 장소이다
p00_u59,p00,ce5.0,치울 종언는 버스날 기하처를 미용안을 힘민들일 대중교통 수산을 기달리는 동안 라뱅더등 1려섯 여종의 허의 향기를 결교고 포토정까지 구비된 장소이다
p00_u59,p00,ce10.0,치유종원는 버스나 지하차를 미용안의 시민들이 대중교통 수산을 기달리는 동안 라벤더등 1여섯 여종의 서의 향기를 결기고 토터정까지 구비된 장소이다
p00_u60,p00,taps,시는 지단내부터 꼭가 시미 있는 거리 조성 사업을 필진에 코원나일구로 지친 시민의 마음을 치유하고자 도신 국곳의 감성공관을 조성에 왔다
p00_u60,p00,ce0.0,시는 지단내부터 꼭가 시미 있는 거리 조성 사업을 취진해 호원나일구로 지친 시민의 마음을 시유하고자 도신 국곳의 감성공간을 조성에 왔다
p00_u60,p00,ce0.1,시는 지단내부터 꼭가 시미 있는 거리 조성 사업을 취진에 호로나일구로 직친 시민의 마음을 시유하고자 도신 국곳의 감성 공관을 조성에 왔다
p00_u60,p00,ce0.5,시는 시단내부터 꼭가 시민 있는 거리 조성 사업을 취진에 포로나일구로 지친 시민의 마음을 쉬유하고자 도신국곳의 감성 공간을 조성해 왔다
p00_u60,p00,ce1.0,시는 지란내부터 꼭가 시민 있는 거리 조성사업을 필비에 포로나일구로 주층 시민의 마음을 취유하고자 도신국고수의 감성공관을 조성에 왔다
p00_u60,p00,ce2.0,시는 지란에부터 꼭가 시미 있는 거리 조성 사업을 귀진에 후루나일구로 지층 시민의 마음을 시유하고자 도신 국곳의 감성공간을 조생에 왔다
p00_u60,p00,ce5.0,시는 지단내부터 꼭가 시민 있는 거리 조성 사업을 규진에 포로나일구로 직체 시민의 마음을 치유하고자 도신국곳의 감성공관을 조성에 왔다
p00_u60,p00,ce10.0,흰는 지단에부터 꼭가 시민 있는 거리 조성사업을 취진에 소로나육으로 지층 시민의 마음을 취유하고자 도신국곳의 감성공관을 조성에 왔다
p00_u61,p00,taps,지난해에는 대공한 나들길에 개절마다 충와 관목 하분등을 설키에 시민들의 산착과 휴식을 취안수 있는 힘림 공관을 만들었다
p00_u61,p00,ce0.0,지난의 에는 배공한 나들길에 개절마다 충화 관목 하분등을 설키에 시민들의 산착과 유식을 치한 수 있는 힘림 공관을 만들었다
p00_u61,p00,ce0.1,지난에에는 대공한 나들 길에 개절마다 초와 관목 파분등을 설키에 시민들의 산착과 율식을 치안 수 있는 힌림 공관을 만들었다
p00_u61,p00,ce0.5,지난에 에는 대공한 나들 길에 개절마다 초와 관복 화은등을 설피에 시민들의 산착과 유식을 취안수 있는 힌림 공관을 만들었다
p00_u61,p00,ce1.0,지난에 에는 대공한 나들길에 개절마다 초와 관목 사분등을 설피에 시민들의 산착과 유식을 취안수 있는 힌림 공관을 만들었다
p00_u61,p00,ce2.0,지남에 에는 대공한 나들 길에 개절마다 초와 관복 화은등을 설키에 시민들의 산착과 유식을 취한 수 있는 힌린 공관을 만들었다
p00_u61,p00,ce5.0,지난해에는 되공한 나들길에 개절마다 추와 관목 사분등을 설키에 시민들의 산착과 율식을 취안쓰있는 힌린 공간을 만들었다
p00_u61,p00,ce10.0,지남에 이는 배공한 나들길에 개절마다 초와 관목 사분등을 설치에 시민들의 탄착과 유식을 취한쓰있는 힌림 공관을 만들었다
p00_u62,p00,taps,또 기난달 중순에는 지역 가로몇및 지역 화단에 루피너스웨 20여종과 약1일만 문의 고칠 축제하기도 했다
p00_u62,p00,ce0.0,또 지난달 중순에는 지역 가로범및 지역 화단에 루피너스왜 20여정과 약1일만 문에 고칠 축제하기도 했다
p00_u62,p00,ce0.1,또 지난달 중순에는 지역 가로범및 지역 화단에 루피너스왜 20여종과 약1일만 문에 곳칠 측제하기도 했다
p00_u62,p00,ce0.5,또 지난달 중순에는 지역 가로몇및 뒤역 화단에 루피너스왜 20여종과 약1일만 문에 꽃칠 협제하기도 했다
p00_u62,p00,ce1.0,또 디난달 중순에는 지역 가로몇및 뒤요화단에 루피너스왜 20여동과 약1일만 문에 꽃칠 쉽제하기도 했다
p00_u62,p00,ce2.0,또 지난달 종수에는 지역 가로몇및 주역화단에 루피너스웨 20여정과 약1일만 문에 꽃칠 쉽제하기도 했다
p00_u62,p00,ce5.0,또 지난달 종순에는 지역 카로블및 지역 화단에 루피너스l 20여동과 약0일만 문에 꽃칠 특제하기도 했다
p00_u62,p00,ce10.0,또 지난달 정순에는 지역 가로변및 주역 화단에 루피너스l 20여종과 약0일만보에 꽃칠 휴제하기도 있다
p00_u63,p00,taps,다양의 걱기 명소로 주목박고 있는 나마강 오우름길를 책은 점량계통에 관광계에게 발기를 끌고있다
p00_u63,p00,ce0.0,다양의 걱기 명소로 주목박고 있는 나마강 오우른길를 세은 점명 계총에 강광계게 발게를 끌고있다
p00_u63,p00,ce0.1,가양의 곡기 명소로 주목박고 있는 나마강 오우른길를 세은 점명 계총에 강강기에게 발게를 뿌고있다
p00_u63,p00,ce0.5,다양의 걱기 명소로 주목박고 있는 나마각 어우른길를 책은 점명 계통의 관광계에 발게를 끌고있다
p00_u63,p00,ce1.0,다양의 걱기 명소로 죽목박고 있는 나마강 어울름길를 세은 점망 계통에 강강객에 발기를 끌고있다
p00_u63,p00,ce2.0,다양의 곡기 명소로 주목받고 있는 나마강 어우름길를 세은 점명 계통에 강강계에 발기를 끌고있다
p00_u63,p00,ce5.0,다양의 곡기 명소로 주목박고 있는 나마강 어름길를 책은 점명 계통의 관강객에 발개를 물고있다
p00_u63,p00,ce10.0,다양의 곡기 명소로 주목박고 있는 나마강 어울른길를 책은 점명 계총의 관강미에 발결를 끌고있다
p00_u64,p00,taps,군의 따르면 나마가 오호른길은 늘림보우 강물끼를 내코스우중 트변로와 다양생텐 체육공원을 잃는 구관으로 265이터 연결로와 45이 교랑이 책금 계통됩다
p00_u64,p00,ce0.0,군에 따르면 나마가 오호른길은 밀림보우 강물끼를 내코스우중 트변로와 다양생텐 체육공원을 잃는 구관으로 265m터 연결로와 45m 결랑이 책근 계통됩다
p00_u64,p00,ce0.1,군의 따르면 나마가 오호른길은 미림보우 강물길 내코스우중 투변로와 다양생텐 체육공원을 입는 구관으로 265 연결로와 45이 결랑이 새금계통될다
p00_u64,p00,ce0.5,군해 따르면 나마가 오호른길은 늘림부 강물끼를 내코스우중 트변로와 다양생텐 채우공원을 입는 구관으로 265이터 연결로와 4시5이터 교랑이 책근 계통됩다
p00_u64,p00,ce1.0,군해 따에면 나마과 어호른길은 늘림보 강물끼를 내코스우중 투별로와 다양생텐 체우공원을 잃는 구관으로 2065이터 연결로와 차시 5이터 교장이 책군 계통됩다
p00_u64,p00,ce2.0,군의 따르면 나마강 오호른길은 늘림보 강물길 내코스우중 트변로와 다양생텐 체우공원낼 잃는 구관으로 265이터 연결로와 45이 결랑이 책근 계통될다
p00_u64,p00,ce5.0,군해 따에면 나마각 어호른끼은 늘림보 강물길 내코스우중 트변로와 다양생텐 체육공원낼 잃는 구관으로 2065이터 연결로와 45이터 교장의 책근 계통됩다
p00_u64,p00,ce10.0,군의 따르면 나마강 어름길은 르림보 강물길 내 코스 우중 트변로와 다양평텐 체우공원을 잃는 구관으로 265m 연결로와 45이 교랑이 책은 계통됩다
p00_u65,p00,taps,이번의 계통된 영결로와 교랑은 네린보 강물끼는 내 코스 약 6k로m터 구관을 모두 있는 마지막 연결보리다
p00_u65,p00,ce0.0,이번의 계통됨 영결로와 절랑은 레린보 강물끼는 내코스 약 6k로m터 구관을 모두 있는 마지막 연결보리다
p00_u65,p00,ce0.1,이번의 계통된 영결로와 결랑은 내린보 강물끼를 내코스 약 6k로m터 구관을 모두 있는 마지막 연결뿌리다
p00_u65,p00,ce0.5,위번의 계통등 영결로와 별랑은 드린보 강물 필 내코스 약 6k로m터 귀관을 모두 있는 마지막 연결골리다
p00_u65,p00,ce1.0,이번의 배통됨 연결로와 교랑은 드림보 강물끼를 내 코을 약 6k로m터 구관을 모두 있는 마지막 연결골리다
p00_u65,p00,ce2.0,입번의 계통등 연결로와 교랑은 늘린보 강물끼 내코스 약 6k로m터 구관을 모두 있는 마지막 연결뿌리다
p00_u65,p00,ce5.0,위반의 계통됨 연결로와 교로랑은 드림보 강물끼 내코스 약 6k로m터 구관을 모두 있는 마지막 연결뿌리다
p00_u65,p00,ce10.0,이반의 계통등 영결로와 교당은 늘림부 강물끼 내코스 약 6k로m터 구관을 모두 있는 마지막 연결골리다
p00_u66,p00,taps,어울름길은 정혼과 광장 포토전등 다양한 편이 시절의 확층될 예장이고 다양생태 체우공원 능에 대형 투체장이 추가로 확부된다
p00_u66,p00,ce0.0,어울름길은 정혼과 광장 포토전능 다양한 편이 시절의 확층될 예장이고 다양 생태 체우공원 등에 대형 지천양이 추가로 확부된다
p00_u66,p00,ce0.1,어우름길은 경혼과 광장 포토전등 다양한 편이 시절의 확증될 예장이고 다양 생태 체우공원 능에 대형 주체장이 추가로 확부된다
p00_u66,p00,ce0.5,어우른끼은 정혼과 광장 포토전등 다양한 편히 희절리 확행될 예장위고 다양 행태 체우공원 등에 대형 기찬장이 추가로 확부된다
p00_u66,p00,ce1.0,어울름끼는 경옥과 광장 포토전등 다양한 편이 시접의 확충될 내장이고 다양 행태 체류공원 능에 대형 조찬장이 추가로 확부된다
p00_u66,p00,ce2.0,어울른길은 경혼과 광장 포토전등 다양한 편의 시절의 확행될 내정이고 다양 행태 체우공원 등에 대형 규쳐장이 추가로 확보된다
p00_u66,p00,ce5.0,어우름끼은 경혼과 광장 포토전등 다양한 편이 시절의 확행될 내장이고 다양 행태 체우공원 등에 대형 주체장이 추가로 확부된다
p00_u66,p00,ce10.0,어우름길은 정옥과 광장 포토전등 다양한 편이 시절의 확풍될 내정이고 다양 형태 체우공원 등에 대형 주천양이 추가로 확보된다
p00_u67,p00,taps,개다가 카약과 파히모트등 다체로운 수상 내포치른 실길 수 있는 다양생태 체육공안 괴류장도 개장을 눈앞에 두고 있다
p00_u67,p00,ce0.0,개다가 카약과 파트모트등 다체로 수상 내포치를 슬길 수 있는 다양생태 체육공안 괴를장도 제장을 눈합에두고 있다
p00_u67,p00,ce0.1,개다가 카약과 파히모트등 다체로 수상 내포츠은 슬길수 있는 다양 생태 체육공황 괴를장도 제장을 눈앞에 두고 있다
p00_u67,p00,ce0.5,개다가 카약과 파티모트등 다체로 수상 내포치를 즐길 수있는 다양생태 체육공화 괴류장도 개장을 눈앞에 두고 있다
p00_u67,p00,ce1.0,개나가 카약과 파티모트든 다체로운 수상 내포치는 즐길수 있는 다양 행태 체육공안 괴류양도 개장을 눈앞에 두고 있다
p00_u67,p00,ce2.0,개당가 카약과 파피모트등 다체로운 수상 내포치든 즐길 수 있는 다양 행태 체육공화 괴류장도 개장을 눈합에 죽고 있다
p00_u67,p00,ce5.0,개라가 카약과 파히모트등 다체로는 수상 내포체를 즐길 수 있는 다양 생태 체울공안 괴를장도 개장을 눈앞에두고 있다
p00_u67,p00,ce10.0,개다가 카약과 파티모트등 다체로 수상 내포츠된 즐길 수 있는 다양 생태 체육공한 괴를장도 개장을 눈앞에 두고 있다
p00_u68,p00,taps,특히 이기은 드림부 항물길 일에서 o 코스 다장자리에 있서 두힘 방면으로는 두힘의 세련 미워함께 만처나 스카이o크 이끼 터날등 유망 광광계를 둘러볼 수 있다
p00_u68,p00,ce0.0,특히 입기은 너림부 강물길 일에서 o 코스s 다장자리에 있서 도신 방면으로는 도심의 쇠련미워 함께 만처나 스카이o크 이끼터날등 류면 관광계를 들러볼 수 있다
p00_u68,p00,ce0.1,특히 이기은 드림부 항물길 일에서 o코s 사장자리에 일서 도힘 방면으로는 도힘의 세련 미워 함께 만처나 스카이o크 이끼 터날등 유면 광광기를 들러볼 수 있다
p00_u68,p00,ce0.5,특히 이기은 너림부 강물길 일에서 o 코s 가장자리에이 위서 도심 방면으로는 도심의 쇠련미와 항께 만처나 스카이워크 이끼 터날등 위명 광광계를 줄러볼 수 있다
p00_u68,p00,ce1.0,특히 6기은 드림부 강물길 일에서 o코스s 가장자리에 있서 도심 방면으로는 도심의 세련 미워 함께 만천나 스카이 워크 이끼 터날등 유명 관광길를 둘러볼 수 있다
p00_u68,p00,ce2.0,특히 2기은 드림부 강물길 일에서 오코스 가량자리에 있서 도심 장면으로는 도심의 세련미와 항께 만처나 스카이워크 이끼 터날등 유명 광광계를 줄러볼 수 있다
p00_u68,p00,ce5.0,특히 2기은 드림부 강물길 일에서 오 코스크 가장자리에 있서 두힘 방면으로는 두힘의 세련미워 함께 만처나 스카이워크 이끼 터할등 유명 광광기를 들러볼 수 있다
p00_u68,p00,ce10.0,특히 2기은 드림부 강물길 일에서 오 코스스 가장자리에 있서 도심 방면으로는 도심의 세련 미워 항께 만천나 스카이워크 이끼 터날등 유행 광광기를 줄러볼 수 있다
p00_u69,p00,taps,두힘 외각 목면으로는 도담음 삼봉과 성문 큼꿇등 역사 명승지를 만날 수 있다
p00_u69,p00,ce0.0,도신외각 악면으로는 토담 삼봉과 성문 큼꿇 등 역사 명승질를 만날 수 있다
p00_u69,p00,ce0.1,도신 외각 막면으로는 도담 삼봉과 성문 금꿇등 역사 명승지를 만날 수 있다
p00_u69,p00,ce0.5,도신 외가 광면으로는 도담 3분과 성문 금꿇등 역사 명승지를 만날 수 있다
p00_u69,p00,ce1.0,도심 외각 공면으로는 도담 삼분과 성문 금꿇등 역자 명승질를 만날 수 입다
p00_u69,p00,ce2.0,두심 외각 막면으로는 도담 삼봉과 성문 금꿇등 역사 명승지를 만날 수 있다
p00_u69,p00,ce5.0,도신외각 목면으로는 토담 3봉과 형문 금꿇등 역사 명승지를 만날 수 있다
p00_u69,p00,ce10.0,도심 외각목면으로는 토담 삼분과 성문 금꿇등 역사 명승지를 만날 수 있다
p00_u70,p00,taps,정국의 이름난 당양강 간도와 하고도 이어져 당향강 따라 권는 약 학 킬로미터는 이미 큰 인끼를 뿔며 정국의 트레힌 예우가들의 주목을 받고 있다
p00_u70,p00,ce0.0,정국의 이름난 장양강 잔도와 하고도 이어져 당양강 따라 권는 약사킬로m터는 이미 큰 인끼를 끌며 정국의 트레힌 예우가들의 주목을 받고 있다
p00_u70,p00,ce0.1,정국의 이름난 당양강 잔도와 하고도 이어져 당양강 따라 권는 약사킬로m터는 이미 큰 인끼를 끌며 정국의 트레힌 여우가들의 증목을 받고 있다
p00_u70,p00,ce0.5,정국의 이름난 당양강 잔도와 하고도 이여져 당양강 따라 권는 약사킬로m터는 은 큰 인끼를 끌며 정국의 트레힌 예우가들의 주목을 받고 있다
p00_u70,p00,ce1.0,정국의 이름난 당양강 잔도와 하고도 이어져 당양강 따라 권는 약 학킬로미터는 이는 크 명끼를 별며 정국의 트레큰 예우가들에 저목을 받고 있다
p00_u70,p00,ce2.0,정국의 이름난 당양강 잔도와 하고도 이여져 당양강 따라 권는 약 사k로m터는 이미 큰 인길를 끌며 정국의 트레힌 예우가들의 주목을 받고 있다
p00_u70,p00,ce5.0,정국의 이름난 당양강 간도와 하고도 위어져 당양강 따아 권는 약 사킬로m터는 이미 큰 인끼를 끌며 정국의 트레힌 예우가들에 준목을 맡고 있다
p00_u70,p00,ce10.0,정국의 이름난 당향강 간도와 하고도 이어져 당양강 따라 권는 약사k로m터는 유미 큰 인끼를 펼며 정국의 트레큰 예우가들에 전목을 맡고 있다
p00_u71,p00,taps,주의시t는 자회사 로드의 웨튼의 사명을 조입을 엔터테이 먼트로 병경했다고 사일 밝혔다
p00_u71,p00,ce0.0,두의시티는 자회사 로드의 웨튼의 사명을 조입을 엔터테이 먼트으로 정경했다고 사일 발혔다
p00_u71,p00,ce0.1,주이시티는 자매사 로드의 웨튼의 사명을 조입을 엔터테이 먼트로 병경했다고 사일 밝혔다
p00_u71,p00,ce0.5,교이vt는 자회사 로드의 웨튼의 사명을 조입을 엔터테의 먼트로 병경했다고 사일 밝혔다
p00_u71,p00,ce1.0,교의1피는 자회사 로드의 웨튼의 사명을 조입을 엔터테위 먼트로 정경했다고 사일 밝혔다
p00_u71,p00,ce2.0,교이cp는 자회사 로드의 웨푸의 사명을 조익을 엔터테이 먼트으로 정경했다고 사일 밝혔다
p00_u71,p00,ce5.0,교21p는 자회사 로드의 웨튼의 사명을 조입을 엔터테임 먼트로 당경했다고 살 밝혔다
p00_u71,p00,ce10.0,조의1p는 자회사 로드의 웨튼의 사명을 조입을 엔터테의 먼트록 정경했다고 사일 발혔다
p00_u72,p00,taps,세로운 사명인 조의프 랜터층이 먼으면 조의와 티프의 합성오로 독자들에게 결거움을 랑결주는 컴텐체를 개발하겠 다는 쉽을 당았다
p00_u72,p00,ce0.0,세로운 사명인 조입프 렌서틈이 먼트면 조의와 피풀의 합성오로 독자들에게 즐거움무 랑결주는 관텐체를 개발하겠다는 별을 장았다
p00_u72,p00,ce0.1,세로운 사명이 조입프 렌서퉁이 먼트면 조의와 피풀의 합성오로 독자들에게 즐거움으 랑결주는 관텐체를 개발하겠 다는 뜻을 잔았다
p00_u72,p00,ce0.5,체로운 사명인 조입프 랜서튼이 먼트는 조의와 필플의 합성으로 독자들에게 즐거움을 안결류는 관텐체를 개발하겠다는 뜻을 단났다
p00_u72,p00,ce1.0,세로운 사명인 조입을 랜터튼이 먼트는 조의와 피플의 합성으로 족자들에게 즐부험무 랑겨주는 관텐체를 개발하겠다는 뜻을 장았다
p00_u72,p00,ce2.0,태로운 사명인 조익프 랜터테이 먼태는 조의와 피풀의 합성우로 독자들에게 즐거움무 랑겨주는 관테체를 개반하겠다는 뜻을 단았다
p00_u72,p00,ce5.0,태로운 사명인 조의프 랜터테히 먼으는 조의와 피프의 합성으로 독자들에게 즐거움무 랑겨주는 관텐체를 개반하겠다는 뜻을 단았다
p00_u72,p00,ce10.0,체로운 사명인 조의프 랜서테이 먼태면 조의와 티프의 합성으로 족자들에게 즐거움으 랑겨주는 관텐체를 개반하겠다는 뜻을 자았다
p00_u73,p00,taps,조입프 랜터튼의 먼트는 오래의 사인 6섬먹 대공님의 애완 수인등 다양한 작품을 선보였다
p00_u73,p00,ce0.0,조입프 엔서테의 먼트는 월래의 사인 6섬먹 대공 님의 애완 수인등 다양한 작품을 선보였다
p00_u73,p00,ce0.1,조입프 랜트테의 먼트는 오래의 사인 육섬먹 대공 님의 애완 수인등 다양한 작품을 선보였다
p00_u73,p00,ce0.5,조입프랜트테의 먼트는 오래의 사인 육섬먹 대공 님의 애완 수임등 다양한 작품을 선보였다
p00_u73,p00,ce1.0,조입프 랜터테의 먼트는 오래의 사인 육섬로 대공님의 애완 수인등 다양한 작음을 선보였다
p00_u73,p00,ce2.0,조입프 엔터테의 먼트는 오래의 사인 능선법 대공 님의 애완 수인등 다양한 작음을 선보였다
p00_u73,p00,ce5.0,조입프랜트테의 먼트는 오래의 사인 육섬먹 계공 님의 애완 수인등 다양한 작품을 선보였다
p00_u73,p00,ce10.0,조입프랜트테의 먼트는 오래의 사의 명섬어 대공 림의 애완 수인등 다양한 작쁨을 선보였다
p00_u74,p00,taps,유종 대공 님의 완숭이는 지난 7월 연제계시 이후 각하우 페의 실식간 맹순 일리를 기록한바 있다
p00_u74,p00,ce0.0,유종 대공님의 예완숭이는 지난 7월 연제계시 위후 각하우 페의 실승한 맹충 일리를 기록한바있다
p00_u74,p00,ce0.1,위종 대공님의 애완수이는 지난 7월 연제계시 위후 각하우 페이 실식간 맹충 일리를 기록한바 있다
p00_u74,p00,ce0.5,유종 대공 임의 애환 수이는 피난 7월 연제의후이후 각카우 페의 실식간 맹승 일리를 기록한바 있다
p00_u74,p00,ce1.0,유중 대공님의 애완수이는 지난 7월 연제계시이후 각타우 패의 신식간 능충 일리를 기록 한바 있다
p00_u74,p00,ce2.0,이종 대공임의 예완수이는 지난 7월 연제계시 이후 각하우패의 실식간 능풍 일리를 기록한바있다
p00_u74,p00,ce5.0,유종 대공임의 완수이는 지난 7월 연제의시이후 각하우 패의 실식한 맹승 이리를 기록한바 있다
p00_u74,p00,ce10.0,위종 대공임의 예완 수이는 지난 7월 연제의시이후 각카우 패의 실수간 맹승 일리를 기록한발 있다
p00_u75,p00,taps,또 중국에던 풀레코 화히관과 연재 개약을 세결하며 글로벌 시장의 긴출했다
p00_u75,p00,ce0.0,또 중국에던 풀레코 화히관과 연제 개약을 세결하며 글로벌 시장의 긴출했다
p00_u75,p00,ce0.1,또 중국에던 플레코 화입관과 연제 개약을 세결라며 글로볼 시장의 빈출했다
p00_u75,p00,ce0.5,또 중국에던 플레코 과히항과 연제계약을 세결라며 글로벌 시장의 긴풀했다
p00_u75,p00,ce1.0,또 중국에던 풀레훈 카히관과 연재 외약을 색려하며 글로벌 시장의 준출했다
p00_u75,p00,ce2.0,또 중국의 튼풀레포 카이관과 연재 개약을 세겨라며 결로볼 시장의 빈출했다
p00_u75,p00,ce5.0,또 중국에던 풀레포 카히관과 연재 계약을 세결라며 글로볼 수장의 긴출했다
p00_u75,p00,ce10.0,또 중국에던 풀레포 화이관과 연재 외약을 색열하며 글로벌 수장에 준출했다
p00_u76,p00,taps,조입프 렌터테의 먼트는 탄타지 장늘을 비롯한 1별종의 노을 코백스 및 오리지날 외튼 타이테를 계작징이다
p00_u76,p00,ce0.0,조입프 렌터테의 먼트는 판타지 장녀를 비롯한 1별종의 노을 코백스및 오리지날 웨은 타이테를 제작중이다
p00_u76,p00,ce0.1,조입프 렌터테이 먼트는 탐타지 장늘을 비롯한 1여종의 노을 코백스및 오리지날 웨튼 타이테를 제작중이다
p00_u76,p00,ce0.5,조입프 랜터테이 먼트는 판타지 장녀를 비롯한 시여종의 높을 코01 오리지날 웨은 타이텔를 개작중이다
p00_u76,p00,ce1.0,조입프 랜터테의 먼투는 판타지 장류을 비롯한 시여종의 노을 코목스및 오리지날 웨튼 타이텔를 제작중니다
p00_u76,p00,ce2.0,조입프 렌터테의 먼트는 판타지 장늘를 비롯한 시여종의 노을 코맹스및 오리지날 외튼 타이트를 제작중이다
p00_u76,p00,ce5.0,조입프 랜터테의 먼트는 한타지 장류을 비롯한 1별종의 노을 코백스및 오리지날 웨은 타이테를 제작줍니다
p00_u76,p00,ce10.0,조입프 렌터테의 먼트는 판타지 장례를 비롯한 1여종의 노을 코목스및 오리지날 외천 타이텔를 제작중이다
p00_u77,p00,taps,내년에는 모에사 조의시키에 깨인 기식자산을 화용안 며튼도 선보을 개획이다
p00_u77,p00,ce0.0,내년에에는 모에서 조의시키의 깨인 지식자사을 화용안 레튼도 선보을 제획이다
p00_u77,p00,ce0.1,내년는 모에서 조의시키의 깨임 비식자산을 화용안 레튼도 선보을 개획이다
p00_u77,p00,ce0.5,내년에는 모에사 조의빛치에 끼인 주식자산을 화용안 웨튼더 선보을 계획이다
p00_u77,p00,ce1.0,내년에는 모에사 조의cp에 깨인 뒤식자아을 화용안 몇튼더 선보을 계획이다
p00_u77,p00,ce2.0,내년에는 모에사 조2cp의 깨임 비식자단을 화용한 몇튼도 선보의 계획이다
p00_u77,p00,ce5.0,내년에는 모회사 조의시피의 깨임 계식자하을 화용안 맷튼더 선보을 계획이다
p00_u77,p00,ce10.0,내년에는 모회사 조의시티의끼인 귀식자단을 화용한 며튼더 선보을 계획이다
p00_u78,p00,taps,"김주년 조입듯 엔터테의 먼트 대표는 웨튼분야의 국한하지 않고 스토리컴텐째 분야 전반을 다루는 기억으로 성장에 나갈 개획""이라고 말했다"
p00_u78,p00,ce0.0,"경주년 조입불 렌터테이 먼트 베표는 웨튼분야의 국한하지 않고 또리큰텐츠 분야 전반을 다루는 기업으로 성장의 나갈 계획""이라고 말했다"
p00_u78,p00,ce0.1,"김주년 조입을 렌터테이 먼트 대트는 외튼분야의 국한하지 않고 스토리코텐츠 분야 전반을 다루는 기업으로 상장에 나갈 계획""이라고 말했다"
p00_u78,p00,ce0.5,"김주년 조입프 렌터테이만트 대혀는 웹튼분야의 국한하지 않고 토리혼텐질 분약 전반을 다루는 기협으로 성장에 나갈 계획""이라고 말했다"
p00_u78,p00,ce1.0,"금주년 조입을 렌터테의만트 대표는 몇튼분야의 국한하지 않고 돌리혼텐질 분약 점반을 다루는 기업으로 성장에 나을 계획""이라고 말했다"
p00_u78,p00,ce2.0,"김주년 조입플 엔터테의만트 대표는 웨튼분야의 국한하지 않고 스토리큰텐실 분야 전반을 다루는 기여으로 상장에 남할 계획""이라고 말했다"
p00_u78,p00,ce5.0,"김주년 조입프 렌터테이먼트 대표는 웨튼분야의 국한하지 않고 토리큰텐츠 분야 전반을 다루는 기업으로 성장에 나갈 계획""이라고 말했다"
p00_u78,p00,ce10.0,김주년 조입을 렌터테이만트 대표는 외튼분야의 국한하지 않고 스토리큰 텐질 분약 전반을 다루는 기협으로 성장의 나갈 계획이라고 말했다
p00_u79,p00,taps,죄연동 외력부 1차관과 심법철국부 두차관이 1사일 로라 대시몬 미국 미사일 방어청 구청장을 만나 미사일 방화협력을 논이했다
p00_u79,p00,ce0.0,죄연동 외력부 1차관과 심법철국부 두차관이 1사일 l라 데티몬 미국 리사일 방어청 부청장을 만나 미사일 방의협력을 논이했다
p00_u79,p00,ce0.1,죄현동 외력부 1차관과 심법철 국부 부차관이 1사일 l라 대시몬 미국 미사일 방어청 부청장을 만나 미사일 방화협력을 논이했다
p00_u79,p00,ce0.5,죄연동 외력부 1차관과 심법철국부 부차관이 1사일 l라 대티몬 미국 리사이 방어청 부청장을 만나 리사일 방화 협력을 논이했다
p00_u79,p00,ce1.0,죄연동 외력부 1차관과 심법철국부 둘사관이 1사일 노라 데티은 미국 미타일 방어청 구청장을 만나 미타일 방의협력을 논이했다
p00_u79,p00,ce2.0,죄연동 외력부 1차관과 심법철국부 두차관이 1사일 노라 데키몬 미국 미사일 방어청 부청장을 만나 미사일 방의협력을 논이했다
p00_u79,p00,ce5.0,죄연동 매개부 1차관과 심법철국부 붙차관이 1사일 노라 대키몬 미국 미사일 방어청 부청장을 만나 미사일 방의 협력을 논이했다
p00_u79,p00,ce10.0,죄연동 외겨부 1차관과 심법철 국부 붙차관이 1사일 노라 대티몬 미국 미사일 방어청 구청장을 만나 미사일 방의 협력을 논이했다
p00_u80,p00,taps,두차하는 이날 미국 mda이를 방문에 현제의 영국의 발현앙을 소에 맞았다
p00_u80,p00,ce0.0,투차관는 유할리국 mda이를 방문에 현제의 영국의 발현항을 속에 받았다
p00_u80,p00,ce0.1,투차관는 이날 미국 mda를 방문에 현제의 영국의 발현항을 소에 받았다
p00_u80,p00,ce0.5,투차가는 은날 미국 mba를 방문에 선제의 영국의 발향항을 속해 말았다
p00_u80,p00,ce1.0,투차관는 인할 미국 mba를 방문에 현제의 영국의 발현항을 속에 말았다
p00_u80,p00,ce2.0,투차가는 인날 미국 mba를 방문에 현제의 연국의 발현항을 속에 말았다
p00_u80,p00,ce5.0,투차하는 은날미구 뱀기에1을 방문에 현재 영국의 발현항을 속에 말았다
p00_u80,p00,ce10.0,투차가는 은날미국 mda를 방문에 현제 영국의 발현항을 속해 많았다
p00_u81,p00,taps,아울러 실점 베치의 우영중인 다양한 미국의 미사엘 방어책기에 내해 설명을 듣고 대한 민국에 대한 미국의 확장 억제 공약에 기역할 수 있는 방안을 논이했다
p00_u81,p00,ce0.0,아울러 실점 베치대 우영중인 다양한 미국의 미사엘 방어책인에 왜해 설명을 듣고 대한 명국에 대한 미국의 확장 억제 공약에 귀여할 수 있는 방안을 논이했다
p00_u81,p00,ce0.1,아울러 실점 베티의 우형중인 다양한 미국의 미사엘 방어책기에 내해 설명을 듣고 대한 민국의 대한 미국의 확장 억제 공약에 기여한 수 있는 방안을 논이했다
p00_u81,p00,ce0.5,아울러 실점 배치대 우영중인 다양한 미국의 미사일 방어책귀에 내해 설명을 듣고 대한 민국에 대한 미국의 확장 억제 공약에 기어한 수 있는 방한을 논이했다
p00_u81,p00,ce1.0,아울러 신점 베치대 우영중인 다양한 미국의 미사일 방어책귀에 내해 설명을 듣고 대한 민국에 대한 미국의 확장 억제 공약에 귀어할 수 있는 방안을 논이했다
p00_u81,p00,ce2.0,아울러 실점 배치대 우영중인 다양한 미국의 미사일 방어책기에 내해 설명을 듣고 대한 민국에 대한 미국의 확장 억제 공약에 기어한 수 있는 방한을 논이했다
p00_u81,p00,ce5.0,아울러 실점 베치대 우영중인 다양한 미국의 미사일 방어책기에 대해 설명을 듣고 대한 민국에 대한 미국의 확장 억제 공약의 귀요한 수 있는 방안을 논이했다
p00_u81,p00,ce10.0,아울러 실점 배치대 우역중인 다양한 미국의 미사일 방어책귀히 되해 설명을 듣고 대한 민국에 대한 미국의 확장 억제 공약에 귀어한 수 있는 방안을 논이했다
p00_u82,p00,taps,두착하는 대심몬 부청장을 접견하고 nda에 리사엘 방어능력과 태세를 확인냈다
p00_u82,p00,ce0.0,투착하는 대시몬 부청장을 접견하고 mda에 미사엘 방어능력과 태세를 확인냈다
p00_u82,p00,ce0.1,두착하는 대시몬 부청장을 접견하고 nda에 미사일 방어 능력과 해세를 확인냈다
p00_u82,p00,ce0.5,투착하는 백심몬 부청장을 잡견하고 nda이에 미사엘 방어능력과 태세를 확인냈다
p00_u82,p00,ce1.0,둘착하는 대침몬 부총장을 접견하고 nda에 미사일 방어능력과 태태를 확인냈다
p00_u82,p00,ce2.0,둘착하는 대심몬 부청장을 접변하고 nda에 미사일 방어능력과 태세를 확인냈다
p00_u82,p00,ce5.0,두착하는 대침몬 부총장을 접변하고 nda에 미사엘 방어 능력과 해세를 확인냈다
p00_u82,p00,ce10.0,둘착가는 대시몬 부청장을 접변하고 nda에 미사일 방어능력과 태세를 확인냈다
p00_u83,p00,taps,초차하는 이국의 확장 옥제 공약에서 에d 능력이 받는 중역성을 얹급하며 에d 차원에서 적급 귀원해주 것을 당부했다
p00_u83,p00,ce0.0,초착하는 미국의 확장 옥제 공약에서 에d 등력이 반는 중역성을 얹급하며 에da 차원에서 적급 귀원해주 것을 당부했다
p00_u83,p00,ce0.1,초차가는 이국의 확장 옥제 공약에서 애d 능력이 받는 중요성을 얹급하며 에da 차원에서 적급 귀원해주것을 당부했다
p00_u83,p00,ce0.5,조착가는 위국의 확장 옥대 공약에서 뱀비 능력이 받는 중요성을 얹급하며 에d 참원에서 적끗 귀원해줄 것을 당부했다
p00_u83,p00,ce1.0,조차하는 미국의 확장 옥대 공약에서 애d 능력이 받는 주요성을 얹급하며 da 차원에서 적급 귀원해줄 것을 당보했다
p00_u83,p00,ce2.0,조차가는 미국의 확장 옥제 공약에서 에d 능력이 관는 중요성을 얹급하며 d 차원에서 적끗 귀원해줄것을 당부했다
p00_u83,p00,ce5.0,조차가는 일국의 확장 옥제 공약에서 에d 능력이 관는 중요성을 얹급하며 에da 차원에서 적끗 기원해줄것을 당부했다
p00_u83,p00,ce10.0,조차가는 이국의 확장 옥제 공약에서 애d 등력이 관는 중요성을 얹급하며 에da 차원에서 적극 괴원에 줄 것을 장부했다
p00_u84,p00,taps,신차관은 고도아되고 있는 북한 텍 미사 위협에 억대 대영하기 위해 김미한 함미 협력이 필요하다고 주문했다
p00_u84,p00,ce0.0,힌사관은 호도아되고 있는 북한 텍미사 위협에 억제 대영하기 위해 김미한 함미 협력이 필요하다고 준문했다
p00_u84,p00,ce0.1,힌차관은 호두아되고 있는 북한 색미사 위협에 목제대영하기 위해 긴미한 함미혈력이 필요하다고 주문했다
p00_u84,p00,ce0.5,힌차관은 포도아되고 있는 북한 텍리탈 위협에 목체 대영하기 위에 김미한 탐미 혈력이 필요하다고 주문했다
p00_u84,p00,ce1.0,힌차관은 보도하되고 있는 북한 색미사 위협에 먹대 대영하기 위획 짐미한 탐미 혈력이 필요하다고 주문했다
p00_u84,p00,ce2.0,힘사관은 고도하되고 있는 북한 색미사 위협에 억대 대영하기 위에 김미한 함미 혈력이 필요하다고 주문했다
p00_u84,p00,ce5.0,행사관은 보도아되고에 있는 북한 색미사 위협에 억대 대영하기 위에 김미한 탐미 혈력이 필요하당을 주문했다
p00_u84,p00,ce10.0,힘사관은 보도아되고 있는 북한 색미사 위협에 억제 대영하기 위획 0밀한 한미 협력이 필요하다고 준문했다
p00_u85,p00,taps,아울라함미 국방당국간의 기행중인 다양한 미사엘 방을 협력이 독명의 능력과 태새를 한층 광하하는 기반이 될걸히라하고 강조했다
p00_u85,p00,ce0.0,아울러 한미 국방당국간의 귀행중인 다양한 미사엘방월 협력이 독맹의 능력과 태세를 한층 강하하는 희안이 될 것이 라고 강교했다
p00_u85,p00,ce0.1,아울러 함미 국방당국간을 기행중인 다양한 미사엘 방을 협력일 독맹의 능력과 태새를 한층강하하는 기안이 될걸이라고 강조했다
p00_u85,p00,ce0.5,아울라 함미 국방당국간을 지행중인 다양한 미사엘방을 협력이 독맹의 능력과 태패를 한층 방하하는 비안이 될것이 라하고 강조했다
p00_u85,p00,ce1.0,아울라 함미 국방당국간의 귀행중인 다양한 미발일방월 협력이 동명의 능력과 태패를 한층 광하하는 지안이 될 것이라고 강조했다
p00_u85,p00,ce2.0,아울러 함미 국방당국간을 지행중인 다양한 미사일 방월 협력이 독맹의 능력과 태새를 한층 당하하는 기안이 될 것이 라고 강조했다
p00_u85,p00,ce5.0,아울라 한미 국방당국관의 지행중인 다양한 미사엘 방할 협력일 독맹해 능력과 태새를 한층방화하는 기안이 될걸기다 후 강조했다
p00_u85,p00,ce10.0,아울라함미 국방당국관을 기행중인 다양한 미사엘 방어 협력의 동명의 능력과 태새를 한층 광하하는 지안이 될 것이라하고 강조했다
p00_u86,p00,taps,이의 대키은 부청장은 독한의 미사엘 외협에 대비하여 다양한 냄디 능력과 확과 방어에새가 준비대 이심을 강조했다
p00_u86,p00,ce0.0,이 대짐은 부청장은 독한의 미사일 외협에 대비하여 다양한 냄디 능력과 확과한 방어에새가 준비대 이심을 강조했다
p00_u86,p00,ce0.1,이의 대심은 부청장은 독한의 미사엘 외협에 데비하여 다양한 냄디 능력과 확과한 방어태새가 준기대 있음을 강조했다
p00_u86,p00,ce0.5,위의 대침은 부청장은 독한의 미사일 외협에 데비하여 다양한 냄비 능력과 확고한 방어에 새가 짐비대 있음을 강조했다
p00_u86,p00,ce1.0,위의 대침은 부청장은 독한의 미탈일 외협에 대비하여 다양한 냄디능력과 확고한 방어테새가 준비에 있음을 강조했다
p00_u86,p00,ce2.0,위의 대침은 부청장은 독한의 미사엘 외협에 대비하여 다양한 냄디 능력과 삯과한 방어태새가 준비대 있음을 강조했다
p00_u86,p00,ce5.0,위의 대키은 부청장은 독한의 미탈일 외협에 데비하여 다양한 냄디 능력과 확과한 방어태새가 준비대 있음을 강조했다
p00_u86,p00,ce10.0,이의 대키문 부청장은 독한의 미사일 외협에 데비하여 다양한 냄디 능력과 확고한 방어텐 세가 준기대 이음을 강조했다
p00_u87,p00,taps,이어서 정책 절약적 수준에서 한미간 미사엘 방월 협력이 더욱 발전하기를 기배한다고 밝혔다
p00_u87,p00,ce0.0,이어서 정책 절약적 수준에서 한미간 미사엘 방월 협력이 더욱 발전하기를 기배한다고 밝혔다
p00_u87,p00,ce0.1,이어서 정책 절약적 수준에서 한미간 미사일 방월 협력이 더욱 발전하기를 기배한다고 밝혔다
p00_u87,p00,ce0.5,이어서 정책 절약적 수준에서 한미간 미사엘 방월 협력이 더욱 발전하기를 기배한다고 밝혔다
p00_u87,p00,ce1.0,이어서 정책 절약적 수준에서 한미간 미사일 방월 협력이 더욱 발전하기를 기배한다고 밝혔다
p00_u87,p00,ce2.0,이어서 정책 절약적 후준에서 한미간 미사일 방월 협력이 적욱 발전하기를 기대한다고 밝혔다
p00_u87,p00,ce5.0,이어서 정책 절약적 수준해서 한미간 미사일 방월 협력이 더욱 발전하기를 기대한다고 밝혔다
p00_u87,p00,ce10.0,이어서 정책 절약적 수준에서 한미간 미사일 방과 협력이 더욱 발전하기를 기배한다고 밝혔다
p00_u88,p00,taps,우텔의 강금한 남성에에 폭행을 가운뒤 신체를 차형한 쉽대 남력가 경찰에 붙잡혔다
p00_u88,p00,ce0.0,오텔의 강금한 남성에게 폭행을 가 뒤 신체를 차형한 깊대 남력가 경찰에 붙잡혔다
p00_u88,p00,ce0.1,우텔의 강금한 남성에게 폭행을 가운뒤 심체를 사형한 1대 남역가 경찰에 붙잡혔다
p00_u88,p00,ce0.5,우텔의 강금한 남성역기 폭행을 가한 미 신체를 사령한 쉽대 남역가 경차의 붙잡혔다
p00_u88,p00,ce1.0,우텔의 강로한 남성에게 폭행을 가한 미 신체를 자형한 쉽대 남역가 경차에 부잡혔다
p00_u88,p00,ce2.0,우텔의 강금한 남성입의 폭행을 가한 뒤 심체를 자령한 1대 남역가 경차를 붙잡혔다
p00_u88,p00,ce5.0,우텔의 강음한 남성에게 폭행을 가한 뒤 신체를 차형한 1대 남력가 경찰를 붙잡혔다
p00_u88,p00,ce10.0,오텔의 강금한 남성에기 토행을 가한뒤 신체를 사형한 1대 남력가 경찰를 붙잡했다
p00_u89,p00,taps,키사일 인천 미추을 경찰서는 특수 상에와 강금 협이로 에운등 보동학생 두명과 종학생 비양을 경급재포에 조사하고 있다고 밝혔다
p00_u89,p00,ce0.0,키사일 인천 미추을 경찰서는 특수상에와 강금 협이로 에이군등 보동학생 두명과 종학생 비향을 징급채포에 조사하고 있다고 밝혔다
p00_u89,p00,ce0.1,키사일 인천 미추을 경찰서는 특수 상에와 강금 협이로 에이군등 호동학생 두명과 종학생 비향을 경급채포에 조사하고 있다고 발혔다
p00_u89,p00,ce0.5,쉽사일 은천 미추을 격찰서는 특수 상에와 상금 협이로 a군등 보동학된 주명과 종학성 비향을 경급채포의 조사하고 있다고 밝겼다
p00_u89,p00,ce1.0,쉽사일 인천 미초을 격찰서는 특수상에와 강금 협이로 에이군든 고능학행 두명과 종학생 비양을 중급재포의 교사하고 있다고 밝혔다
p00_u89,p00,ce2.0,휩사일 인천 미추을 경찰서는 특수 상해와 장금 협이로 에이군등 고둥학생 두명과 종학성 비향을 굉급채포에 조사하고 있다고 밝겼다
p00_u89,p00,ce5.0,쉽사일 음천 미초을 격찰서는 특수상에와 강금 협이로 예이군등 보동학생 두명와 중학생 비양을 경급 채포에 조사하고 있다고 발혔다
p00_u89,p00,ce10.0,쉽사일 운천 미초를 격찰서는 특수 상해와 강금 협이로 에이군등 보동학생 두명와 중학성 비향을 군급 채포에 조사하고 있다고 발혔다
p00_u90,p00,taps,예군등은 전나로전 내휘쯤 인찬시 미추울구 한 오텔에서 시군의 몸을 담베불로 기지고 김평과 구죽 죽어등으로 때리는등 폭행한 형매를 받는다
p00_u90,p00,ce0.0,예이군등은 선나로전 내획쯤 인찬시 미추울과 한 못텔에서 시군의 몸을 담베불로 귀지고 김경과 구죽 조어등으로 때리는등 폭평한 현매를 받는다
p00_u90,p00,ce0.1,예군등은 견나로전 내십쯤 인찬시 미추울과 한 못텔에서 시군의 몸을 담매불로 귀지고 빈형과 구죽 죽어등으로 때리는등 토행한 현매를 받는다
p00_u90,p00,ce0.5,엘군등은 전나로전 내쉽쯤 인찬시 미추울과 한 못텔에서 시군의 몸을 담베불로 지기고 빈형과 구주 죽고등으로 때리는등 독행한 현매를 받는다
p00_u90,p00,ce1.0,엘군등은 전나로전 내쉽쯤 인찬시 미표울과 한 오텔에서 지군의 몸을 담매불로 지비고 빈평과 구룩 죽어등으로 때리는등 폭행한 현매를 받는다
p00_u90,p00,ce2.0,예군등은 전나로전 내십쯤 인천시 미추울과 한 오텔에서 시군의 몸을 담베불로 지지고 빈평과 구주 죽어등으로 때리는등 폭행한 험매를 받는다
p00_u90,p00,ce5.0,예군등은 건날로전 내시쯤 은찬시 미초울과 한 우텔에서 시군의 몸을 담베불로 기지고 빈형과 구죽 죽었던으로 때리는등 토행한 현위를 받는다
p00_u90,p00,ce10.0,엘군등은 전나로전 내십쯤 인찬시 미추월고 한 못텔에서 시군의 몸을 담매불로 지비고 팀형과 구죽 죽역등으로 때리는등 토행한 현매를 받는다
p00_u91,p00,taps,유일은 시군의 오을 모두먹겨 알몸 상태로 사징가리 찬랑한 것으로 조사했다
p00_u91,p00,ce0.0,이들은 씨군의 오을 모두법겨 알몸 상태로 사용까지 사랑한 것으로 조사했다
p00_u91,p00,ce0.1,이들의 씨군의 오을 모두법겨 알몬 상태로 사징까지 찬랑한 것으로 조사했다
p00_u91,p00,ce0.5,위들의 씨군의 오을 모두먹혀 알몸 상태로 사중가질 차랑한 것으로 주사했다
p00_u91,p00,ce1.0,유1의 찍군의 울을 모두먹여 알몬 상태로 사중가이 차랑한 것으로 조사했다
p00_u91,p00,ce2.0,이들은 시군의 옷을 모두법여 알몸 상태로 사징까지 차랑한 것으로 조사했다
p00_u91,p00,ce5.0,위들은 시군의 오을 모두먹여 알몸 상태로 사림가질 차랑한 것으로 주사했다
p00_u91,p00,ce10.0,이들은 시군의 옷을 모두버혀 알몸상태로 사림가릴 찬항한 것으로 조산했다
p00_u92,p00,taps,시군의 신골를 받고 추작의 나상경찰른 당이로후 에이군등 세망을 차례로 붙잡왔다
p00_u92,p00,ce0.0,리군네신고를 받고 추적의 나성경사른 당이로후에이분등 세명을 차례로 부잡왔다
p00_u92,p00,ce0.1,시군의 신골를 받고 추작의 나상경찰른 당이로후 에이군등 세망을 차례로 붙잡왔다
p00_u92,p00,ce0.5,희군의 핑고를 받고 추작의 나상경사른 당이로우 의이군등 세명을 차례로 붙잡았다
p00_u92,p00,ce1.0,지군의 핑고를 받고 추작의 나상경찰른 당이로우 애이군등 재명을 차리로 붙잡았다
p00_u92,p00,ce2.0,시군의 신골를 받고 추작의 나상경찰른 당이로 의이군등 태명을 차리로 붙잡았다
p00_u92,p00,ce5.0,시군의 신골를 받고 추작의 나상경찰은 당의로 일군등 세명을 차례로 붙잡았다
p00_u92,p00,ce10.0,시군의 신골를 받고 추작의 나상경찰른 당이로 일군등 세명을 차리로 붙잡왔다
p00_u93,p00,taps,지군는 네이군등의 버맹으로 얼굴의 골절 상을 입는 등 크게 닫쳐 병원에서 치요를 받고 있는 것으로 전해졌다
p00_u93,p00,ce0.0,지군는 네이군등의 범맹으로 얼굴의 골절 상을 입는등 크게 다혀 병원에서 치요를 받고 있는 것으로 전해졌다
p00_u93,p00,ce0.1,지군는 네이군등의 버맹으로 얼굴의 골절 상할 입는 등 크게 다처 병원에서 치요를 받고있는 것으로 전해졌다
p00_u93,p00,ce0.5,지군는 네이군등의 보맹으로 얼굴의 골절 상할 입는등 크게닫쳐 병원에서 치요를 받고 있는 것으로 전해졌다
p00_u93,p00,ce1.0,이군는 네이군등의 범맹으로 얼굴의 골절 상할입는등 크게닫차 병원에서 치요를 받고 있는 것으로 전해졌다
p00_u93,p00,ce2.0,씌군는 네이군등의 버맹으로 얼굴의 골절 상할입는등 크게다혀 병원에서 치요를 받고있는 것으로 전해졌다
p00_u93,p00,ce5.0,시군는 네이군등의 범맹으로 얼굴의 골절 상할 입는등 크게다혀 병원에서 치요를 받고있는 것으로 전해졌다
p00_u93,p00,ce10.0,지군는 네이군등의 보맹으로 얼굴의 굴전 상을 입는등 크게 나차 병원에서 치요를 받고있는 것으로 전해졌다
p00_u94,p00,taps,경찰른 씨군이 과고 비양각 교회했다가 해워졌다는 피에자찍 징술등을 토대로 정학한 범맹동기를 확기할 계획이다
p00_u94,p00,ce0.0,병차된 씌군이 과고 비항각 교져했다가 해워졌다는 피에자찍 징술등을 토대로 정학한 범맹동기를 확기나 계획이다
p00_u94,p00,ce0.1,경찰른 씨군이 과고 비항각 교죄했다가 해워졌다는 피에자찍 진술등을 터대로 정학한 범맹동기를 확인할 계획이다
p00_u94,p00,ce0.5,경찰른 시군이 과고 비앗각 교죄했다가 해워졌다는 피해자측 진술등을 토대로 정학한 범맹동기를 확인할 개획이다
p00_u94,p00,ce1.0,정찰른 찍군이 과고 비악과 교죄했다가 헤워졌다는 피에자즉 진술등을 터내로 정학한 범행 농기를 확인할 계획이다
p00_u94,p00,ce2.0,경차된 씨군이 과고 비앗가 교져했다가 해워졌다는 피에자측 진술등을 터내로 정학한 범맹동기를 확인할 계획이다
p00_u94,p00,ce5.0,경차된 시군이 과고 비안각 교져했다가 해워졌다는 피에자즉 진술등을 터대로 정확한 범맹동기를 확인할 계획위다
p00_u94,p00,ce10.0,경찰된 시군이 과고 비항각 교제했다가 해워졌다는 피에자측 진술등을 초대로 정학한 범행동기를 확인할 계획이다
p00_u95,p00,taps,지군은 자신 애이군등으로부터 폭행을 왜 당했는지 모리겠 따는 필리로 경찰의 징수단 것으로 알려졌다
p00_u95,p00,ce0.0,지구은 자신이 애이군등으로부터 폭행을 왜 당에는지 모류겠다는 시리로 정찰의 칭수한 것으로 알려졌다
p00_u95,p00,ce0.1,지군은 자신이 애이군등으로부터 폭행을 왜 당했는지 모리겠따는 시일로 경찰의 칭수단 것으로 알려졌다
p00_u95,p00,ce0.5,리군는 자신이 애군등으로부터 폭행을 왜 당했는지 모류게 따는 티지로 정찰의 징수한 것으로 알려졌다
p00_u95,p00,ce1.0,이군는 자신이 애이군등으로부터 폭행을 왜 당했는지 모리겠다는 1일로 정차의 직소단 것으로 알려졌다
p00_u95,p00,ce2.0,지군은 자신이 의이군등으로부터 폭행을 왜 당했는지 모리겠다는 치지로 경차에친인 수단 것으로 알려졌다
p00_u95,p00,ce5.0,지군은 자신6의군등으로부터 폭행을 왜 당했는지 모리겠다는 1일로 경차의 칭수한 것으로 알려졌다
p00_u95,p00,ce10.0,시군은 자신 의군등으로부터 폭행을 왜 당했는지 모류겠다는 1일로 경찰의 칭수단 것으로 알려졌다
p00_u96,p00,taps,평찰 관계자는 a이군 등 태명의 죄질이 나쁜 점 등을 보려에 구속 연장을 신청할 예장이라고 말했다
p00_u96,p00,ce0.0,정찰 관계자는 a운 등 세명의 제뒤이 나쁜 점등을 보려에 구속 연장을 신청할 예장이라고 말했다
p00_u96,p00,ce0.1,정찰 광계자는 a이군 등 세명의 죄비이 나쁜 점 등을 고려에 구속 연장을 신청할 예장이라고 말했다
p00_u96,p00,ce0.5,형찰 광계자는 이군등 해명의 죄지이 나쁜 점등을 고려에 구속 연장을 신청할 예장이라고 말했다
p00_u96,p00,ce1.0,정찰 광계자는 이군등 세명의 죄질이 나쁜 점 등을 고려에 구속 연장을 신청할 예장이라고 말했다
p00_u96,p00,ce2.0,정찰 광계자는 에이군등 해명의 죄지이 나쁜 점 등을 고려에 구속 연장을 심청할 예장이라고 말했다
p00_u96,p00,ce5.0,정찰 광계자는 의이군등 세명해 죄질이 나쁜 점 등을 고려에 구속 연장을 심청할 예장이라고 말했다
p00_u96,p00,ce10.0,정찰 광계자는 의이군등 세명의 죄질이 나쁜 점등을 고려에 구속 연장을 신청할 예장이라고 말했다
p00_u97,p00,taps,순철차를 타고 농과를 출차나던 경찰관이 굴법 마양욕 양기비를 개배하던 비밀라오스를 발견해 관거있다
p00_u97,p00,ce0.0,순철차를 타고 농과를 출차하던 경찰관이 불법 마양용 양기비를 제배하던 비밀라오스를 발견해 홍과있다
p00_u97,p00,ce0.1,순철차를 타고 농과를 출찬나던 경찰관이 불법 와양욕 양기일를 재배하던 비밀라오스를 발견해 공거있다
p00_u97,p00,ce0.5,순천차를 타고 농가를 술차라던 경찰관유 불법 마양용 양기비를 재배하던 비밀라오스을 발견해 공과있다
p00_u97,p00,ce1.0,흔철차를 타고 농가를 출차라던 경찰관이 불법 마양령 양비이를 제배하던 비밀라오스를 발견해 건거있다
p00_u97,p00,ce2.0,순천차르타고 농가를 술찬하던 경찰관이 불법 와양욕 양기비를 재배하던 비밀라홉수를 발견해 관거있다
p00_u97,p00,ce5.0,순천차르 타고 농가를 출차하던 경찰관위 불법 마양령 양기일를 제배하던 비밀라오스을 발견해 권거있다
p00_u97,p00,ce10.0,순천차르타고 농가를 술차하던 경찰관이 불법 와양욕 양기비를 제배하던 비밀라오스를 발견해 건거있다
p00_u98,p00,taps,지난구일 대 않는 국 경찰청 공식 폐이수부에는 순찰중 활견한 수상하곧 경찰의 소름던는 눈섬이 나는 영상이 올라왔다
p00_u98,p00,ce0.0,지난구일 대하는 국 경찰청 공식 폐이스부에는 순찰중 할견한 수상하곧 경찰의 소릅던는 눈섬이 나는 영상이 올라왔다
p00_u98,p00,ce0.1,지난구일 대아몇국 경찰청 공식 폐이스부에는 순찰중 발견한 수상하곧 경찰의 소름던는 눈섬이 나는 영상이 올라왔다
p00_u98,p00,ce0.5,지난구일 대하는국 경찰청 공식 폐이스부에는 순찰중 발견할 수상학곧 경찰의 소릅던는 눈섬이 나는 영상이 올러왔다
p00_u98,p00,ce1.0,지난구일 대아명고 경찰청 공식 표이스부에는 순찰종 발견한 수상하곧 경찬의 소름던는 눈설미나는 영상이 올라왔다
p00_u98,p00,ce2.0,지난구일 대아명국 경찰청 공식 폐이스부에는 순찰종 발견한 수상학곧 경찰의 소름더는 눈설이 아는 영상이 올러왔다
p00_u98,p00,ce5.0,귀난구일 대아명국 경찰청 공식 폐이스부에는 순찰종 발견할 수상학곧 경찰의 소름더는 눈섬이 나는 영상이 올라왔다
p00_u98,p00,ce10.0,지난구일 대하면고 경찰청 공식 폐이스부에는 순찰중 발견한 수상하포 경찰를 서름더는 눈섬이 나는 영상이 올라왔다
p00_u99,p00,taps,영상에 따르면 지난달 식구의 로전 여절싶쯤 대정운 유성구의 농장물 절도 흉고 다발 지역을 순차라전 경차된 한 비위라우수 아으로 양기이로 보인의 행물을 발견했다
p00_u99,p00,ce0.0,영상에 따르면 지난달 식구의 로전 여어시쯤 대전운 유성구의 농장물 절도 증고 다발 지역을 순차라전 경찰된 한 비이라우스 아으로 양기이로 보인의 행모을 발견했다
p00_u99,p00,ce0.1,영상에 따르면 지난달 시구의 로전 여절시쯤 대련운 유성구의 농장물 절도 흉고 다발 지역을 순차라전 경사된 한 비위라우스 아으로 양기이로 보인의 행물을 발견했다
p00_u99,p00,ce0.5,영상에 따르면 지난달 시꺼의 로잔 여어싶쯤 대전운 유성구의 농장물 절도 행고 다발 지역을 순차라전 정차된 한 비밀라우수 아으로 양기이로 보인의 흉모을 발견했다
p00_u99,p00,ce1.0,영상에 따르면 지난달 시구의 로전 여어시쯤 대전운 유상구의 농장물 절도 힘고 다반 지역을 순차라전 경차된 한 비밀라수 앞으로 양기이로 보인의 흉물을 발견했다
p00_u99,p00,ce2.0,영상에 따르면 지난달 시구의 로전 여절시쯤 대전운 유성구의 농장물 절도 행고 다반 지역을 순차라던 경차된 한 비밀라없스 앞으로 양기이로 모인의 평모을 발견했다
p00_u99,p00,ce5.0,영상에 따르면 지난달 시구의 로전 여었시쯤 대전운 유상구에 농장물 절도 힘고 다발 지역을 순차라던 경칼된 한 비밀라우수 아으로 양기이로 모인의 생부을 발견했다
p00_u99,p00,ce10.0,영상에 따르면 지난달 시구의 로전 여어시쯤 대전운 유상구에 농장물 절도 힘고 다반 지역을 순찰라던 격찰된 한 비니라올스 앞으로 양기이로 보인의 흉물을 발견했다
p02_u00,p02,taps,위사를 공거던 1vc 손년이 환자 슴명야게 새 산리을 선노라고 체상을 떠났다
p02_u00,p02,ce0.0,위사를 꼭같던 1비c 손년이 환자 다슴명야에 새 사행을 선노라고 취장해 떠났다
p02_u00,p02,ce0.1,위사를 꼭것던 1비c소년이 환자 슴명에게 새산을 선노라고 세상을 둔났다
p02_u00,p02,ce0.5,위사를 꼭었던 1비c소연이 환자 슴명에게 쇠산물 선으라고 세상을 떠났다
p02_u00,p02,ce1.0,위사를 공거던 c비c소연이 환자음명에의 최 살류 선무라고 세상을 떠났다
p02_u00,p02,ce2.0,위사를 꼭거던 c비c소년이 환자음명에게 쇠산열 선물라고 세상을 떠났다
p02_u00,p02,ce5.0,위사를 꼭것던 cvc 소연이 환자다음명에게 최살명을 선물라고 세상을 떠났다
p02_u00,p02,ce10.0,의살를 꼭거던 1비c소년이 환자다음명에게 쇠3물 선으라고 치상을 떠났다
p02_u01,p02,taps,하인국 장지 조직 기징원는 28의 김상향군이 개명대 동산 의리워안에서 장길의 기징하고 신접다고 밝혔다
p02_u01,p02,ce0.0,환국 장지 조직 기증원는 28의 김상양군이 개망대 동산 의리워한에서 장질의 기징하고 순접다고 밝혔다
p02_u01,p02,ce0.1,현국국 장기 조직 기중원는 28의 김상향군이 개망대 동산 의리워한에서 장길의 기생하고 실접다고 밝혔다
p02_u01,p02,ce0.5,하인국 장지 조직 기중원는 28의 김상향분이 개명대 동산 의류한에서 장기를 기중하고 신접다고 밝혔다
p02_u01,p02,ce1.0,하인국 장기 조직 기중원는 28의 김상형분이 개명대 동산 의리워한에서 장길를 기증하고 신접다고 밝혔다
p02_u01,p02,ce2.0,1국 장기 조직 기징후원는 28의 김상형군이 개명대 동산 의리워한에서 장기를 기징하고 신접다고 밝혔다
p02_u01,p02,ce5.0,하닌국 장리 조직 기증우어는 28의 김상형군이 개명대 동산 의리워한에서 장길를 기징하고 신접다고 밝혔다
p02_u01,p02,ce10.0,하님국 장기 조직 기식원는 28의 경상형군이 개명대 동산 의미워한에서 장기를 기징하고 심접다고 밝혔다
p02_u02,p02,taps,김고는 지난 유기에 국심한 두통으로 의식을 읽고스어진채 병원으로 긴급 위종대 치요오들 받았으나 내설 판정을 받았썼다
p02_u02,p02,ce0.0,군고는 지난 유기에 극심한 두통으로 의식을 꽃스어진채 방원으록 긴급 위송대 치요오될 받았으나 내설 판정을 받았썼다
p02_u02,p02,ce0.1,경고의 지하이 유기에 극심한 두통으로 의식을 꽃스어진니 채 병원으로 긴을 이종대 치요오될 받았으나 내설 판정을 받았썼다
p02_u02,p02,ce0.5,김군는 지하한 6기에 국심한 두통으로 의식을 꺼스어진채 병원으록 긴급 위종대 치요오을 받았으나 내섯 판정을 받았썼다
p02_u02,p02,ce1.0,김고는 진난 유기에 국심한 두통으로 의식을 꺼스어진채 정원으록 긴급 위승대 티요올를 받았으나 내설 판정을 받았썼다
p02_u02,p02,ce2.0,귀우거는 지하 미귀에 극심한 두통으로 의식을 꽃스어진채 병원으로 긴의 위송대 치요오를 받았으나 내설 판정을 받았썼다
p02_u02,p02,ce5.0,경권는 지난 일기에 극심한 두통으로 의식을 꺼스어진 채 병원으로 긴급 위종대 치요올을 받았으나 내섯 판정을 받았썼다
p02_u02,p02,ce10.0,경고는 지난 유비일 극심한 두통으로 의식을일 꽃스어진채 병원으로 긴의 위종대 치요올를 받았으나 내서 판정을 받았썼다
p02_u03,p02,taps,경군은 지난 20함매 신장과 자우 신장 관장 양측 폐장의 기부하고 하는 나나로 갔다
p02_u03,p02,ce0.0,등군는 지난 23매 신장과 자우신장 관장 양측 패장할 기부하고 하는 나나로 갔다
p02_u03,p02,ce0.1,경군은 지난 23매 신장과 자우 신장 관장 양축 패장을 기부하고 하늘 나나로 갔다
p02_u03,p02,ce0.5,군건는 지난 23매 신장과 자우 신장 관장 양측 폐장을 기부하고 하늘 나라로 갔다
p02_u03,p02,ce1.0,금군은 지난 23매 신장과 자우 신장 관장 양측 패장을 기부하고 하늘 나라로 갔다
p02_u03,p02,ce2.0,임군은 지난 23매 신장과 자우 신장 관장 양축 폐장을 기부하고 하늘 나라로 갔다
p02_u03,p02,ce5.0,김군은 지난 2함에 심장과 자우 신장 관장 양축 패장을 기부하고 하는 나라로 갔다
p02_u03,p02,ce10.0,금군은 지난 2함에 신장과 자우 신장 관장 양측 폐장해 기부하고 하늘 나라로 갔다
p02_u04,p02,taps,기중원에 따르면 긴군은 책전 엄마가 아프지 않케에 질 수 있는 이사가 되고싶다고 말래오던 살각운 아들이었다
p02_u04,p02,ce0.0,기중원에 따르면 군군은 생전 엄마가 앞프지 않케에질 수 있는 이삭가 되고싶다고 말래오던 살각운 아들이었다
p02_u04,p02,ce0.1,기중원에 따르게한 군군은 생전 엄마가 앞프지 양케에질 수 있는 이사가 되고싶다고 말래오던 살강운 아들이었다
p02_u04,p02,ce0.5,기중원에 따르면 김군은 생전한 엄마가 앞프지 않케에 질 수 있는 이사가 되고이다고 말래오던 살각운 아들이었다
p02_u04,p02,ce1.0,기중원에 따르면 긴군는 생전한 엄마가 아프지 않케에질 수 있는 이사가 되고이다고 말래오던 살강운 아들이었다
p02_u04,p02,ce2.0,귀증원에 따르이 안이 군군는 생전한 엄박가 앞프지 않케의질 수 있는 이사가 되고싶다고 말래오던 살각운 알들이었다
p02_u04,p02,ce5.0,기증원에 따르면 긴군는 책전한 엄마가 아프지 않케해질쓰 있는 이사가 되고싶다고 마에오던 살강운 아들이었다
p02_u04,p02,ce10.0,기중원에 따르면 긴군는 생전한 엄마가 아프지 양태에 줄 수 있는 이삭가 제고싶다고 말래오던 살강운 아들이었다
p02_u05,p02,taps,의족은 착한 아이었던 만큼 조은 일을 하면서 분해시자면 장기 기증의 터때 동우한 것으로 잔해졌다
p02_u05,p02,ce0.0,울족은 착한 아이었던 만큼 좋은 일을 하면서 분해주자면 장기 기증의 터때 동우한 것으로 자내졌다
p02_u05,p02,ce0.1,울족은 착한 아이었던 망큼 좋은 일을 하면서 분해주시하면 장기 기징의 혼때 동의한 것으로 자해졌다
p02_u05,p02,ce0.5,울족은 차판 아이였던 망큼 조은 일을 하면서 분해주자하며 장기 기징의 선때 동려한 것으로 자매졌다
p02_u05,p02,ce1.0,의족은 차판 아이였던 망큼 조은 일을 하면서 분해주자며 장기 기증의 선대 동향한 것으로 자해졌다
p02_u05,p02,ce2.0,의족은 착한 아이었던 만큼 조은 일을 하면서 분매주자며 장기 기징의 선대 동우한 것으로 전해졌다
p02_u05,p02,ce5.0,우족은 착한 아이였던 만큼 조은 일을 하면서 분내주자면 장기 기징의 선때 동의한 것으로 자매졌다
p02_u05,p02,ce10.0,위족은 착한 아이였던 만큼 좋은 일을 하면서 분해주자며 장기 기징의 선때 동우한 것으로 자매졌다
p02_u06,p02,taps,군군의 아버지는 기증원을 통해 아들의 종길의 기증받은 친구들의 행목 해쓰면 주겠다며 성인인대서 좋은 일을 많니하고 봉광이 살락심을 죽겠다고 전했다
p02_u06,p02,ce0.0,금군의 아버지는 기증원을 통해 아들의 종길의 기증발른 친고들의 행복해수면 즉겠다며 성인인태서 좋은 일을 많니하고 공광히 살았스을 지겠다고 전했다
p02_u06,p02,ce0.1,금군의 아버지는 기증원을 통에 아들의 당길의 기증발은 친구들의 행복했쓰면 죽겠다며 성인림대서 좋은 일을 많니하고 경광히 살앞씀을 죽겠다고 전했다
p02_u06,p02,ce0.5,경전의 아버지는 기중원을 통해 아들의 종기의 기중받은 핑고들의 행복했쓰면 주겠다며 성인인 대서 조은 위을 만이하고 권광히 사앞심면 죽겠다고 전냈다
p02_u06,p02,ce1.0,힘군의 아버지는 기증원을 통해 아들의 장기의 기중받은 친고들의 행복했으면 죽겠다며 성인인 대서 좋은 일을 많니하고 관광히 팔앞으면 죽겠다고 전냈다
p02_u06,p02,ce2.0,징군 아버지는 기증원을 통해 아들의 정기에 기증받은 칭고들의 흉법했쓰은 죽겠다며 성인히 대서 좋은일를 많이하고 공광히 사아이은 죽겠다고 전냈다
p02_u06,p02,ce5.0,중군의 아버지는 기증원을 통해 아들의 정기를 기증받은 친거들의 행복했쓰면 죽겠다며 성인인대서 좋은일을 많이하고 광광히 살아슴을 죽겠다고 전냈다
p02_u06,p02,ce10.0,겸군의 아버지는 기중원을 총행 아들의 정기를 기중발은 친거들의 행복했쓰면 주겠다며 성인히 대서 좋은 일을 만이하고 공광이 살앞심은 죽겠다고 전냈다
p02_u07,p02,taps,기증원한 측은 어리고 착한 아이가 떠난다는 것을 바아되리기는 것도 힘든 일인데에 누은과 살리기 위에 기징의 동례준 보호자에게 감사하다고 하답했다
p02_u07,p02,ce0.0,기중원 측은 어리고 착한 아이가 떠난다는 것을 바다비리기는 것도 힘든 일인데에 누가 살리지 위에 기중의 종레은 보으자에게 감사하다고 화답했다
p02_u07,p02,ce0.1,기중원 측은 어리고 착한 아이가 떠난다는 것을 바아들리기는 것도 힘든 일인데에 누과 살리기 이에 기징의 종에준 보호자에게 감사하다고 화답했다
p02_u07,p02,ce0.5,기중원 측은  어리고 잡한 아이가 떠난다는 것을 바라데리기는 것도 힘든 일인데에 누능과 살리히 위에 기중의 종회둔 부호자에게 감사하다고 화답했다
p02_u07,p02,ce1.0,기중한 측은 어리고 착한 아이가 떠난다는 것을 받아들리기는 것도 힘든 일인데에 누은과 살례기 위에 기징해 종우회준 부호자에게 감사하다고 화답했다
p02_u07,p02,ce2.0,기중원 측은 어리고 착한 아이가 떠난다는 것을 받아들리기는 것도 힘된 이인데에 누은과 살리기 위에 기중의 종회준 부호자에게 감사하다고 화답했다
p02_u07,p02,ce5.0,기중원 측은 어리고 착한 아이가 떠난다는 것을 받아들리기는 것도 힘된 히인대에 누은과 살례기 위해 기징해 동우회준 보호자에게 감사하다고 화답했다
p02_u07,p02,ce10.0,기중구한 측은 어리고 착판 아니가 떠난다는 것을 받아들리기는 것도 흉된 일인데에 누륭과 살례시 위에 기식해 종회준 부호자에게 감사하다고 받답했다
p02_u08,p02,taps,전남 국성구는 창정 전남 의뜸 말을 사업을 지난해에 이여 오래도 분격적으로 추진한다고 2십일 밝혔다
p02_u08,p02,ce0.0,전남 국성구는 청정 전남 의뜸 말을 사업을 지난해에 이며 오에도 봉격적으를 추진한다고 2십일 밝혔다
p02_u08,p02,ce0.1,전남 국성구는 창정 전남 의뜸 말을 사업을 지난해에 이여오에도 분격적으를 추신한다고 2십일 밝혔다
p02_u08,p02,ce0.5,전남 국성구는 창정 전남 의뜸 마을 파업을 지난해에 이여 오회도 풍격적으로 추진한다고 2십일 밝혔다
p02_u08,p02,ce1.0,전남 국성구는 창정 전남 의뜸 말을 사업을 지난해 이여 오회도 분격적으로 추지한다고 이십일 밝혔다
p02_u08,p02,ce2.0,전남 국성구는 창정 전남 의뜸 마을 사업을 지난해 이여오래도 분격적으를 추진한다고 이십일 밝혔다
p02_u08,p02,ce5.0,전남 국성구는 창정 전남 의뜸 말을사업을 지난해 이며 오회도 봉격적으로 수치한다고 이십일 밝혔다
p02_u08,p02,ce10.0,전남 국성구는 창정 전남 의뜸 말을 사업을 지안해해 위며 오회도 봉격적으로 추진한다고 이십일 밝혔다
p02_u09,p02,taps,주민이 주도해 마을 황경의 계산하도록 지어하는 사업으로 전난남도의 역점 시체중 하나로 선정된 마으은 천백만을 쉽 참년동안 총 9백만오을 지원받게 된다
p02_u09,p02,ce0.0,주민이 주도에 마을 황경의 계상하도록 지원하는 사업으로 전난남도의 역점 시체중 하나로 선정된 마을은 천백만을 씩 참년동안 총 9백만오을 지원받게 된다
p02_u09,p02,ce0.1,주민이 규도에 마을 황경을 계상하도록 지어하는 사업으로 전난남도의 역점 시체중 하나로 선정된 마울은 참백만을 쉽 참류동안 총 9백만오을 지험받게 된다
p02_u09,p02,ce0.5,드밀리 주도에 마을 황경을 계선하도록 지어하는 사업으로 전난남도의 역편체중 하나로 선정된 마으은 참백만을 씩 참류동안 총 9백만오을 지험받끌낸다
p02_u09,p02,ce1.0,주민이 주도해 마을 황경의 계산하도록 지어하는 사업으로 전난함도의 역점체중 하나로 선정된 마을은 탐백만한쉽 3년동안 총 9백만오을 지험받게 된다
p02_u09,p02,ce2.0,주민이 주도회 마을 황경을 계산하도록 지원하는 사업으로 전난남도의 역점 시체중 하나로 선정된 마을은 감백만원 1 36동안 총9백만론을 지원받게된다
p02_u09,p02,ce5.0,주밀이 주도해 마을 황경을 계산하도록 지원하는 사업으로 전난함도의 역점 시최중 하나로 선정된 마을은 탐백만원씩 3년동안 총 9백만후을 지험밖게 낸다
p02_u09,p02,ce10.0,주민이 주도에 마을 황경의 계선하도록 지원하는 사업으로 전난함도의 역점 시체중 하나로 선정된 마을은 참백만원씩 참년동안 총9백만원을 지원받게 된다
p02_u10,p02,taps,강 마을 줄을 마을의 특성과 상황 주민의 요구중했 따아 피요한 말을 만드기 사업을 짓진합다
p02_u10,p02,ce0.0,강 마을 절은 마을의 특성과 상황 줄민네 요구중했 따라 피요한 말을 만드기 사업을 치지한다
p02_u10,p02,ce0.1,탕 마을 들은 마을의 특성과 상황 주민네 요구중했 따라 피요한 말을 만덕기 사업을 출뿐한다
p02_u10,p02,ce0.5,탕 마을 절은 마을의 특성과 상황 즈민의 요주등에 따라 피도한 말을 만들기 사업을 주지한다
p02_u10,p02,ce1.0,각 마을 들은 마을의 특성과 상황 주민의 요구중에 따라 피요한 말을 만덕기 사업을 짓지한다
p02_u10,p02,ce2.0,강 마을 주은 마을의 특성과 상황 주민의 요구중에 따라 피요한 마을 만되기 사업을 주취한다
p02_u10,p02,ce5.0,각 마을 즈은 마을의 측성과 상황 주민의 요구중했 따라 피요한 말을 만득기 사업을 추치는다
p02_u10,p02,ce10.0,탕 마을 들은 마을의 특성과 상황 주민의 요구중에 따라 피요한 말을 만들기 사업을 치치는다
p02_u11,p02,taps,군해서는 기존의 출진증인 사신 6개 마을과 5회 식결로 선정된 사신6개 말까지 192게 마을를 개상으로 지난 사월부터 사업을 시작했다
p02_u11,p02,ce0.0,군해서는 기존의 취짐증인 사입개 마을과 올해 식조로 선정된 4입째 마약까지 1 92게 마을를 제상으로 지난 사월부터 사업을 시작했다
p02_u11,p02,ce0.1,군해서는 기존의 추진중이 사6개 마을과 올회 식교로 선정된 46개 말까지 192 마을를 개상으로 지난 사월부터 사업을 시작했다
p02_u11,p02,ce0.5,군해서는 기존의 출진중이인 사6개 마을과 5회 식결로 선정된 46개 말가릴 총 9 2게 마을를 제상으로 지난 서월부터 사업을 작했다
p02_u11,p02,ce1.0,군해서는 기존의 추진중인 46개 마을과 5회 식결로 선정된 46개 말가릴 1 92개 마흘을 제상으로 지난 사월부터 사업을 시작했다
p02_u11,p02,ce2.0,군해서는 기존의 추진중인 46개 마을과 5회 식결로 선정된 46개 말까지 192게 마을을 제상으로 지난 사월부터 사업을 씻작했다
p02_u11,p02,ce5.0,군해서는 기존의 치진증인인 사6게 마을과 5해 식결로 선정된 사6대 말까질 192게 마을을 개상으로 지난 사월부터 사업을 씻탁했다
p02_u11,p02,ce10.0,군해서는 기존의 추진중인 사6개 마을과 5회 식교로 선정된 46대 말가릴 총92게 마을을 제상으로 지난 사월부터 사업을 시작했다
p02_u12,p02,taps,포단 조선과 벽화그리기 식터 조성 우체통 만들기등 말을 황경에 계선하고 말을 고렁체에 환력을 부어놓히 위한 가양한 차업을 지행하고 있다
p02_u12,p02,ce0.0,서단 주성과 적화그리기 식터 주성 우체통 안들 집중 마을 황경의 계선하고 마을 고렁체 환력을 부어놓히 위한 자양한 사업을 지행하고 있다
p02_u12,p02,ce0.1,서단 조성과 더하그리기 심터 주성 우체통 안들기등 마을 황경에 계선하고 말을 공렁체 환력을 부어놓히 위한 자양한 사업을 지행하고 있다
p02_u12,p02,ce0.5,화단 주성과 벽학그리기 심터주성 우체통 안들위등 말을 황경에 계선하고 말 국렁체 환력을 부어놓히 위한 다양한 사업을 지행하고 있다
p02_u12,p02,ce1.0,허단 주성과 벽화그입기 심터 주성 울체통 만들 위등 말을 황경할 배산하고 말을 공렁체 환력을 불러났히 위한 다양한 사업을 지행하고 있다
p02_u12,p02,ce2.0,서단 주승과 적하그리기 1터스성 우체통 안들 기등 마을 황경을 계전하고 말 공렁체 환력을 불어너히 위한 다양한 사업을 지행하고 있다
p02_u12,p02,ce5.0,화단 주성과 적화그리기 심터 주성 우체통 안들기등 말을 황경의 계선하고 말을 공렁체 환력을 불어놓히 위한 다양한 사업을 지행하고 있다
p02_u12,p02,ce10.0,화단 주성과 더화그리지 심터르선 우체통 만들 뒤등 말을 성경의 계선하고 말 공렁체 환력을 불어놓히 위한 자양한 사업을 지명하고 있다
p02_u13,p02,taps,그는 관계지는 차업 데획에서부터 사오 관리가지 마을 주민들의 잡발적인 참멸을 통해 사업을 지행하물로써 공동체 정신의 획복할 수 있도록 적국 지원하겠다고 말했다
p02_u13,p02,ce0.0,그 건계지 않는 차업 되획게서부터 사오 관리까지 마을 주민들의 잡발적인 참멸을 통해 사업을 지행하물로써 풍동체 정신의 혈복할 수 있도록 적국 지원하겠다고 말했다
p02_u13,p02,ce0.1,군관계지 않는 사업 계획해서부터 사오 관리까지 마을 주민들의 잡발적인 참멸을 통해 사업을 지행하으로써 통동체 정신의 혈복할을 있도록 적득 지원하겠다고 말했다
p02_u13,p02,ce0.5,군능 관계지 않은 사업 계획해서부터 사워 관리까지 마을 주민료의 잡발적인 사멸를 통해 사업을 지행하으로써 공동체 정신을 혈복할 수 있도록 적격 지원하겠다고 말했다
p02_u13,p02,ce1.0,그는 관계자는 사업 교획게서부터 사우 갈리까지 마을 주민들의 잡발적인 사멸을 통해해 사업을 지행할으로써 공동체정신을 혈폭할 수 있도록 적국 지원하겠다고 말했다
p02_u13,p02,ce2.0,군무간계지 않는 사업 교획에서부터 사우 관리까지 마을 주민들의 잡발적인 참멸을 통해 사업을 지행하으로써 공동체 정신을 획복할 수 있도록 적국 지원하겠다고 말했다
p02_u13,p02,ce5.0,큰 관계자는 사업 계획개서부터 사오 갈리까지 마을 주민들의 잡발적인 사면을 통해 사업을 지행하으로써 통동체 정신는 혈복할 수 있도록 적격 지원하겠다고 말했다
p02_u13,p02,ce10.0,군육관니계자는 사업 계획개서부터 사우 관리까지 마을 주민들의 잡발적인 참멸을 종해 사업을 지행하으로써 종동체 정신을 획폭할 수 있도록 적극 지원하겠다고 말했다
p02_u14,p02,taps,정화장가능길일 등해에 수설로 유명한 하일지가 영원를 처작 그의 미술적 세계를 펼치고 있다
p02_u14,p02,ce0.0,동마장 가능길일 등해 스설로 유명한 하일지가 영화를 처자 그의 미술적 세계를 펼치고 있다
p02_u14,p02,ce0.1,정마장 가능길일 등해의 소설로 유망한 하일지가 영화를 처작 주의 미술적 세계를 펼치고 있다
p02_u14,p02,ce0.5,형마장 가능길를 등해에 수설로 유명한 하육지가 영원를 서작 그의 미술적 세계를 펼피고 있다
p02_u14,p02,ce1.0,형화장 가능길일 드인의 뜻설로 유명한 하일지가 영화를 처작 그의 미술적 세계를 펼치고 있다
p02_u14,p02,ce2.0,정마장 반음귀일 중해 뜻설로 이명한 하일지가 영어를 처작 그의 미술적 세계를 펼치고 있다
p02_u14,p02,ce5.0,경마장 가능길일 중해에 수설로 이명한 하일지가 영어를 초작 그의 미술적 세계를 펼치고 있다
p02_u14,p02,ce10.0,경화장 가능길일 등매 스설로 유명한 하일지가 영어를 찾작 수의 미술적 세계를 펼키고 있다
p02_u15,p02,taps,할찍초되전 늘은 똑간넘만 테시찍간 천양 이야귀가 오는 23매까지 영월 문화에을 회간 2층전는 치실에서 열린다
p02_u15,p02,ce0.0,할찍초에전 늘은 똑간남만 테 시찍간 처양 이야기가 오는 23에까지 영월 문화예슬 회간 2층전일 시시에서 열림다
p02_u15,p02,ce0.1,할키초되전 멸은 똑간넘만 테수찍간 천양 이야기가 오늘 231까지 영월 문화에을 회간 2층전는 치실에서 열림다
p02_u15,p02,ce0.5,할 키초되전 늘은 덕안남만 테시찍간 처야 이야기가 오는 231까지 영활 문화해을 혈간 2층전치시에서 열린다
p02_u15,p02,ce1.0,할 기쳐되전 늘은덕간나무한 테시티간 처년 위야기가 오는 231까지 영월 문화에을 회간 2층전 취시에서 열린다
p02_u15,p02,ce2.0,할찍초되전 늘은덕간 남만 테시찍간 처야 이야기가 오는 23에까지 영월 문화에을 회간 2층 전취실에서 열린다
p02_u15,p02,ce5.0,할 직초되전 늘은 덕간남무한 테시식간 천야 이야기가 오는 23일까지 6월 문화예을 회간 2층전시0에서 열린다
p02_u15,p02,ce10.0,할 티초되전 늘은똑간 남만 테 시찍간 처야 이야기가 오는 23매까지 영우월 문화 예술 회간 2층전은 실실에서 열린다
p02_u16,p02,taps,하이지는 1비건는 장편한 소설과 죽건의 시쉽 등을 내인 등 각가으서 활발이 할동우 았다
p02_u16,p02,ce0.0,하이찍의 12건의 장태한 소설과 죽검의 시집 등을 내민등 작가으서 할발이 할동을았다
p02_u16,p02,ce0.1,살지는 12건을 장체한 추설과 죽건의 시집 등을 내염등 작가부서 활발이 활동야왔다
p02_u16,p02,ce0.5,하윗지는 이12거는 장천 수설과 두건의 시쉽 등일 내민등 작가부서 활발이 활통요았다
p02_u16,p02,ce1.0,하일지는 1비건을 장편한 소설과 두건의 시0등을 내염등 작가워서 활발이 활동 왔다
p02_u16,p02,ce2.0,하입지는 12고는 장편한 수설가 두건의 쉽 등을 내눈등 작가워서 할발이 활동았다
p02_u16,p02,ce5.0,할지는 12건을 장편한 추설과 죽건의 0등을 내눈등 작가로서 활발이 할동이왔다
p02_u16,p02,ce10.0,할지는 1비건을 장편한 소설과 죽건의 쉽 등을 내는등 작가로서 활발이 할동려왔다
p02_u17,p02,taps,그러다 209년부터 그림의 그리기 시작 들과 36만의 수백점의 길림을 쏟단냈다
p02_u17,p02,ce0.0,그러다 209년부터 그림의 그리기 시작 둘과 3년만의 수백점을 그림을 쏟단냈다
p02_u17,p02,ce0.1,그러다 29년부터 그림을 그리기 시작 들과 3년만의 스백점의 그림을 쏟단했다
p02_u17,p02,ce0.5,그러다 29년부터 그림을 그리기 시작 불과 36만의 수백점의 그림을 소단했다
p02_u17,p02,ce1.0,그러다 209년부터 그림을 그립기 시작 둘과 36만의 수백점을 그림을 쏟단했다
p02_u17,p02,ce2.0,그러다 29년부터 그림을 그립기 시작 들과 3년만의 스백점의 그림을 쏟단냈다
p02_u17,p02,ce5.0,그러다 29년부터 그림을 그립기 시작 들과 3혈만의 수백점을 그림을 쏟단했다
p02_u17,p02,ce10.0,그러다 219년부터 그림을 그립기 시작 둘과 36만의 소백점을 그림을 쏟단했다
p02_u18,p02,taps,점문적인 미을교욕을 받은적은 없추나 독청적인 상식으로 자신의 문학적 세개를 글려하간다는 평하다
p02_u18,p02,ce0.0,점문적인 이을교욕을 받은적은 없으나 똑청적인 상식으로 자신의 문학적 세계를 글려나간다는 평가다
p02_u18,p02,ce0.1,점문적인 미을교욕을 받은적은 없으나 폭향적인 방식으로 자신의 문학적 세개를 글려나간다는 평가다
p02_u18,p02,ce0.5,점문적인 위을교욕을 받은적은 없으나 아독창적인 방식으로 자심해 문학적 세계를 그려나간다는 평하다
p02_u18,p02,ce1.0,젊문적인 미술교욕을 받은적견 없으나 속창적인 방식으로 자신의 문학적 세계를 그려하간다는 평가다
p02_u18,p02,ce2.0,점문적인 위을교룩을 받은적은 없으나 똑창적인 방식으로 자신의 문학적 세개를 그려나간다는 평하다
p02_u18,p02,ce5.0,현문적인 미을교육을 받은적은 없으나 도창적인 방식으로 자심해 문학적 세결를 구려하간다는 평가다
p02_u18,p02,ce10.0,점문적인 미술교욕을 받은적은 없으나 특창적인 방식으로 자신의 문학적 세계를 그변하간다는 평가다
p02_u19,p02,taps,그의 그임은 혼가지 형식에 고정되어 있지 않고 끼이없는 결십을 거득하면서 여러가지 시리지를 만드어내고 있다
p02_u19,p02,ce0.0,그의 교임은 환가지 형식에 고종되어 있지 않고 끝요없는 결심을 거득하면서 여러가지 시리지를 만드어내고 있다
p02_u19,p02,ce0.1,저의 교림은 환가지 형식에 고정되어 있지 않도끝이없는 변심을 거득하면서 여러가지 시리지를 만드어내고 있다
p02_u19,p02,ce0.5,그에 주림은 혼가지 형식해 고정되어 있지 않고 끊미없는 변신을 거득하면서 여러가지 시피질를 만드어내고 있다
p02_u19,p02,ce1.0,그의 그림은 환가지 형식에 보정되어 입지 않고 끊미없는 견심을 거득하면서 여러가지 1백집을 만드어내고 있다
p02_u19,p02,ce2.0,그의 주임은 혼가지 형 싶에 고정대어 있지 않고 끊이음무을 견심을 거득하면서 여러가지 시집을 만드어내고 있다
p02_u19,p02,ce5.0,그의 그임은 환가지 형식에 고정되워 있지 않고 근히움는 변신을 거득하면서 여러가뒤 시리지를 만드어내고 있다
p02_u19,p02,ce10.0,조획 소위은 환가지 용식에 고정되와 입지 않고 끊히움는 변심을 거듭하면서 여러가지 시대질를 만드어내고 있다
p02_u20,p02,taps,나무아 돌 시기들의 프은 명상 흔내자들의 여전등 독특하고 대범만 구림들이 완성했다
p02_u20,p02,ce0.0,나무아 돌 시계들의 프은 영상 순례자들의 여정 중 독특하고 재범만 그림들이 완성졌다
p02_u20,p02,ce0.1,나무아 돌 시기들의 풀른 영상 순례자들의 여정중 독득하고 재범만 그림들이 완종했다
p02_u20,p02,ce0.5,나무아 돌 시기들의 풀은 명상 순례자들의 여정 중 독특하고 대범만 그림들이 완성했다
p02_u20,p02,ce1.0,나무아 돌 시게들의 풀은 명상 흔내자들의 여정 등 독택하고 대범한 그림음이 완성했다
p02_u20,p02,ce2.0,나무아 돌 시계들의 풀은 명상 훈녀자들의 여정중 독격하고 제범한 그림들이 완성겼다
p02_u20,p02,ce5.0,나무아 돌 시기들의 풀은 명상 훈네자들의 여정중 독택하고 대범만 그림들이 완성겼다
p02_u20,p02,ce10.0,나무아둘 시기들의 출른 명상 순녀자들의 여정중 독특하고 재범함 그림들이 완성했다
p02_u21,p02,taps,이번 전치에는 늘은 w발남무한 테 시찍간 선년 예야기 시인지를 볼수 있다
p02_u21,p02,ce0.0,2번 전시에는 누은 떨할남만 태수찍간 선년 예야기 시비지을 볼수 있다
p02_u21,p02,ce0.1,2번 전시에는 녀금잡발남무한 테시찍간 선년 이야기 시비시를 볼 수 있다
p02_u21,p02,ce0.5,2번 전시에는 늘금 w팔남무한 테 시찍간 선혀 이야기 시비지를 볼 수 있다
p02_u21,p02,ce1.0,2번 전시에는 늘은 w팔남만 테시찍간 선녀 예약d 시비지를 볼수 있다
p02_u21,p02,ce2.0,2번 전시에는 률금 덮발남무한 테 시찍간 선혀 이하기 시비일을 볼수 있다
p02_u21,p02,ce5.0,이번 전시에는 늘금w발남만 태시치간 처혀 이약기 시리질를 볼씻다
p02_u21,p02,ce10.0,입번 전시에는 늘은 떨발 남로한 테 시치간 선혀 2bcvs를 볼수있다
p02_u22,p02,taps,정주체 신으로 어리적 충복 다양군 영춤면의 살았던 그는 영활에 대한 많은 수화을 가고 있고 오방색으로 그린 강연한 구림에 영활의 종설를 담았다
p02_u22,p02,ce0.0,정주체 신으로 어리적 총복 다양군 영춤면의 살았던 그는 영활에 대한 많은 수업괴 가고 있고 오방책으로 그린 강연한 구림에 영활의 종설를 담았다
p02_u22,p02,ce0.1,경주체 신으로 어리적 충북 다양군 영춤면의 살았던 그는 영활에 대한 많은 수화을 가고 있고 우방세으로 드린 강연한이 구림에 영활의 종설를 담았다
p02_u22,p02,ce0.5,경주체 신으로 어릴적 충복 가양은 영출면에 살았던 그는 영활에 대한 많은 추업을 가고 있고 우방색으로 그린 강렬란이 구림에 영활의 종설를 담았다
p02_u22,p02,ce1.0,경주체 신으로 어릴적 충북 단양군 영천면에 살았던 그는 영활의 대한 많은 추화의 가고 있고 오방택으로 그린 강열한 구림에 영활의 정설를 담았다
p02_u22,p02,ce2.0,경주체 신으로 어릴적 충북 다양군 영출면에 살았던 그는 영활에 대한 많은 수업을 가고 있고 우방색으로 그린 강열한 그림에 영활의 종설를 담았다
p02_u22,p02,ce5.0,경주체신으로 어릴적 책북 다양군 영춤면의 살았던 그는 영활에 대한 많은 추화을 가고 있고 오방색으로 그린 강렬한 그림에 영활의 종설를 담았다
p02_u22,p02,ce10.0,경주체 신으로 어릴적 측북 다양군 영천면에 살았던 그는 영활에 대한 많은 추업을 가고 있고 우방세으로 그린 강열한 그림에 영활의 종설를 됩았다
p02_u23,p02,taps,사업파 대기전 정이 넘치는 토척적인 1을 정치와 1을 소년의 향상역이 어루어졌 표현된다
p02_u23,p02,ce0.0,차업파 대기전 정이 넘치는 토척적이 1을 정치와 1골 소년의 상성력이 어루어졌 필현된다
p02_u23,p02,ce0.1,타업파되기전 정이 넘치는 토택적기 식을 정치와 1골 소년의 상상역이 오루어접 취현된다
p02_u23,p02,ce0.5,차나파세기전한 정의넘치는 토택적인 식을 정치와 1골 소년의 상상력이 어루어졌 편현된다
p02_u23,p02,ce1.0,타나타 데비전한 정미넘치는 토택적인 시골 정치와 1골 후년의 평상역이 오루어접 취현된다
p02_u23,p02,ce2.0,사나파 데위전 정의 넘치는 토택적 긴리 식을 정치와 1골 소년의 향성역이 아우루어접 취한될라
p02_u23,p02,ce5.0,8나파 내위전한 정이 넘치는 초척정끼의 1골 정치와 1골 소년의 평성역이 오루어졌 표한된다
p02_u23,p02,ce10.0,차나파 데위산 정이 넘치는 토척적이 식을 정치와 1골 소년의 상상역이 오루어졌 취현된다
p02_u24,p02,taps,이 c리즈 에도 이국격기고 모황적인 그린 5주피스 공화국 목색시대시리질 그림등 화식정의 속게된다
p02_u24,p02,ce0.0,이 시리즈 애도 이국적이고 모황적인 그린 5질피스 공화국 목색시대 시리질 그린등 차십점인 속에 된다
p02_u24,p02,ce0.1,uc리드 외도 이국적이고 모항적인 그린 무주피스 공화국 6색시대시리질 그림등 화식점이 소해된다
p02_u24,p02,ce0.5,uc리대 해도 일국표이고 모항적인 그린인 우주펼스 공화국 6색 시대필리즈 그림등 화쉽점인 포해 된다
p02_u24,p02,ce1.0,은시리대외에도 이국적이고 모항적인 그림 능주킵스 공화국 룩색 시대 시리위 그림등 할식점이 속해 된다
p02_u24,p02,ce2.0,위c리대 왜해도 이국적이고 모항적인 그림 우주피스 공화국 목색시대 시리지 그림등 하식점인 속해 된다
p02_u24,p02,ce5.0,uc리지 외해도 이국적일고 모항적인 그림 5주피스 공화국 녹색시대 시리질 그림등 하십점이 속해된다
p02_u24,p02,ce10.0,u-cv즈 외해도 이숙격이고 모항적인 그림 우주피스 공화국 6색시대 시리즈 그림등 철식점인 속에 된다
p02_u25,p02,taps,하일지은 프랑스 뿌아띠에 대약 불문학 학사 밀모주대 불문학 닥사를 받았고 서과 토랑의 등옥서 다스의 계인정과 구룩전에 참여하명 미술가 로써 왕정하게 활동하고 있다
p02_u25,p02,ce0.0,파일지은 프랑스 뿌아띠에 대약 불문학 석사 루모주대 불문학 닥사를 받았고 설과 토랑의 종회서 자스의 계인정과 부룩전에 참여하명 위술가로써 왕정하게 활동하고 있다
p02_u25,p02,ce0.1,라이지는 프랑스 뿌아티에 대약 불문학 석사 미모주대 불문학 박사를 받았고 설과 프랑스 등우서 다스의 계인정과 부룩전에 참여하면 미술가로써 왕정하게 활동하고 있다
p02_u25,p02,ce0.5,하일티는 프랑스 뿌아띠에 대약 불문학 석사 미모주대 불문학 박사를 받았고 설과 프랑스 등위서 다스의 계인정과 그룩전에 참여하명 위술가로써 왕통하게 관동하고 있다
p02_u25,p02,ce1.0,하이지은 프랑스 뿌아티에 대약 불문학 겪사 밀모주대 불문학 닥사를 받았고 서과 프랑스 증의서 다스의 계인정과 그룩전에 타명하명 미술가로써 왕정하게 활동하고 있다
p02_u25,p02,ce2.0,하윗지는 프랑스 뿌아띠에 대약 불문학 겪사 미모주대 불문학 닥사를 받았고 설과 프랑스 중회서 다스의 계인정과 그룩전에 참면하면 2가로써 왕정하게 활동하고 있다
p02_u25,p02,ce5.0,하이지은 프랑스 프아티에 대학 불문학 겪사 미모주대 불문학 닥사를 받았고 설과 프량실 중에서 다스의 계인정과 그립전에 타명하며 위술가로써 왕경하게 활동하고 있다
p02_u25,p02,ce10.0,하일지은 프랑스 프아티에 대학 불문학 섰사 밀모주대 불문학 닥사를 받았고 설과 프랑스 중해서 다스의 경정과 그럽전에 참명하면 미술가롯써 왕정하게 활동하고 있다
p02_u26,p02,taps,기난다여 하물연데 파업당시 인천 신앙 응군의 및 70력개를 뿌려 차량 가섯대 박키에 손상의 2힌 5대 남성이 강찰에 구쳤혔다
p02_u26,p02,ce0.0,지난다여 하물연데 파업당시 인천 신앙 온금의 및 7격개들 뿌려 차량 가섯대 박키에 손상의 입힌 5식대 남성이 경찰에 부쳤혔다
p02_u26,p02,ce0.1,지난다여 합물연데 파업당시 인천 신앙 온군의 및 7력개를 뿌려 차량 가섯대 박키에 손상을 입힌 5대 남성이 경찰에 부쳤혔다
p02_u26,p02,ce0.5,진난다의 화물년데 파업당시 인천한 신앙 인군의 및 70개일를 뿌려 차량 다섯대 박키에 순상을 2힌 5식대 남상이 경찰에 부쳤했다
p02_u26,p02,ce1.0,지난다의 하물연데 파업당시 인천 신앙 온군의 및 7벽개1를 뿌려 사량 가섯대 박키에 설상을 입힌 공식대 남성이 경찰에 부쳤했다
p02_u26,p02,ce2.0,지난다여 하물 연데 파업당시 인천 신앙 응군의 및 70역의를 뿌려 차량 다섯대 박키에 설상을 입힌 5식대 남성일 경찰에 부쳤했다
p02_u26,p02,ce5.0,지난다여 하을 현데 파업당시 인천한 신앙 응군의 및 7백적의를 뿌려 사량 다섯대 박키에 술상을 2힌 5식대 남상이 경처에 부쳤했다
p02_u26,p02,ce10.0,지난다여 화의이는데 파업당시 인천한신앙 은금의 및 7백격해들 뿌려 차량 자섯대 박키에 손상의 2팀 농식대 남성이 경찰를 붙쳤혔다
p02_u27,p02,taps,28의 인0 연수경찰 써는 특스 제월를 손계의 험물로 합을 트럽기사 50대 ac를 공거했다고 밝혔다
p02_u27,p02,ce0.0,28의 인0 연수 경찰써는 측스 제월을 송계의 힘물로 합을 트록기사 5대 c를 공거했다고 밝혔다
p02_u27,p02,ce0.1,28의 인0 연수경찰 써는 특스 제모을 성계의 협물로 섬을 트럽기사 오0대에 c를 건거했다고 밝혔다
p02_u27,p02,ce0.5,28일 인0 연수경찰서는 특트 제물할 손계의 허물로 허을 트록비사 50대 ac를 건거했다고 밝혔다
p02_u27,p02,ce1.0,58일 인0 연수경찰서는 특스 제모을 성계의 협물로 험을 트럽기사 50대 c를 건거했다고 밝혔다
p02_u27,p02,ce2.0,208일 인0 연수 경찰서는 특스 제목을 손계의 협물로 험을 트럽끼사 50대 c를 공고했다고 밝혔다
p02_u27,p02,ce5.0,208의 인산 연수경찰서는 최수 제명을 성계의 협물로 허을 트럽끼사 오0대 c를 공고했다고 밝혔다
p02_u27,p02,ce10.0,208일 인천 연수경찰서는 측스 제명을 성계의 허물로 허을 트럽비사 오쉽대 c를 건거했다고 밝혔다
p02_u28,p02,taps,내이씨는 지난 11의3의 세벽시간 때에 송도 신앙되로의 새모을 불려 차량 자섯때의 바키에 통개도 2힌협물을 받고 있다
p02_u28,p02,ce0.0,예이씨는 지만 11의3의 세벽시간 때에 송도 시앙제로의 새모을 불려 차량 자섯때의 박키에 통계를 2핑0의을 박꾸 있다
p02_u28,p02,ce0.1,내이씨는 지난 11월의3의세벽시간 때에 총도 시앙제로의 새오을 불려 차량 자섯때에 박키에 송계를 2핑협의를 받꾸 있다
p02_u28,p02,ce0.5,예이씨는 지난 11월의 31의 세벽시간 때에 송도 신앙대로의 새모을 불려와 사량 자섯때의 박키에 통계를 이긴 협물를 받꾸 있다
p02_u28,p02,ce1.0,예이c는 지난 11월31일 세벽시관 때에 송도 신앙대로의 체문을불려와 차량 자섯때의 박키에 풍대를 2핑협물를 받고 있다
p02_u28,p02,ce2.0,내이씨는 지난 11월31 세백시간 때에 총도 신앙대로의 새모을 부려 차량 자섯때일 받키에 송계를 200일를 받고 있다
p02_u28,p02,ce5.0,내이c는 지난 11월31 세백시간 때에 총도 시앙세로의 새문을 불려와 차량 자섯때에 박키에 풍죄를 2핑험물를 받고 있다
p02_u28,p02,ce10.0,내이씨는 지난 11월31세시간 때에 총도 시앙대로의 세목을불려와 사량자섯때일 박키에 총계를 2핑협물을 받꾸 있다
p02_u29,p02,taps,연주서는 통시 신앙대로의 생못치 배격개가 앞뿌어져 있다는 친고를 접수밖고 칠동에 모을 수고아했다
p02_u29,p02,ce0.0,연주사는 당시 신앙대로의 생못7배격에가 뿌어져 있다는 신고를 접습밖고 체종에 모을 속고하했다
p02_u29,p02,ce0.1,연주사는 당시 신홍대로의 생음었 최배격개가 앞뿌어져 있다을 신골를 접수밖고 출동에 모을 수가했다
p02_u29,p02,ce0.5,연주사는 장식 신앙대로의 생m체배격개가 뿌어져 있다는 신고를 접습밖고 출통에 모을 수고했다
p02_u29,p02,ce1.0,연든사는 당신 신앙대로의 생못 최배격개가 앞뿌어 져어 있다는 친골를 접집밖고 체통에 모을 속가했다
p02_u29,p02,ce2.0,연수사는 장시 끼홍대로의 생못 취배격개가 뿌어져 있다는 친골를 접습밖고 출동의 모을 수가했다
p02_u29,p02,ce5.0,연수서는 당실 신홍대로의 샘못체배격에가 뿌려되어 있다는 친골를 접수밖고 출통에 모을 수고했다
p02_u29,p02,ce10.0,연수자는 동시 신홍대로의 서문을 취배격에가 앞뿌어져 있다는 친고를 접습밖고 칠동해 모을 속고하했다
p02_u30,p02,taps,연주서는 버민을 건과하이 위해 강약 4계 핑 강수대 헌계 핑으로 환건 전단핑을 구성에 1피이 터문 스사를 통인 진난 식7의 오후 여시개 ac를 붙잡받다
p02_u30,p02,ce0.0,연주서는 범민을 건과하기 위해 강역 4계핑 강수대 황계 핑으로 환건 점단핑을 구성해 16임이 터문 스사를 통일 진난시7의 오후 열쉽게 예c를 붙잡받다
p02_u30,p02,ce0.1,연수소는 버민을 관과하기 위해 강약 4개핑 강수대 항계핑으록 환건 점담핑을 구성해 시0품임입 탐문 스사를 통일 진난 시치리 오후 열시게 ac를 붙잡받다
p02_u30,p02,ce0.5,연주사는 범민을 관과하기 위해 강약 4계핑 광수대 항계핑으로 환건 전단핑을 구성에 시p핑이 터문 수사를 통일 진난 10의 의후 열1개 ac를 붙잡받다
p02_u30,p02,ce1.0,연주서는 범민을 관광학 위에 강약 4게핑 강수대 항계팀목 환건 전잠핑을 구성에 시t핑이 터문 수사를 통일 진난 시7일 오후 열쉽게 예c를 붙잡받다
p02_u30,p02,ce2.0,연주전는 범민을 강우가하기 위해 강약 4개핑 광수대 항계핑로 산건 전담핑을 구성에 1pp이 터능스사를 통일 진난 1치의 우후 열시개 예c를 붙잡받다
p02_u30,p02,ce5.0,연주사는 소민일 광과하이 위해 강약 4개핑 강수대 항계핑으로 향건 전단핑의 구성해 시0피핑및 터는 수사를 통해 지나의 시7의 오후 열쉽개 예c를 붙잡받다
p02_u30,p02,ce10.0,연수사는 버민을 관과하기 위해 강약 4게핑 강수대 함계핑으로 상건 전단핑을 구성에 시0p핑이 터문 수사를 통일 지난 시치들 우후 열1개 예c를 붙잡았다
p02_u31,p02,taps,ac 화명연데 노족 가입 여부는 현제까지 발혀주지 않았으며 정찰른 더맨동길를 직증적고 조사할 예정이다
p02_u31,p02,ce0.0,c 화명연데 노족하일 여분을 현제까지 밝혀주지 않았으며 정찰른 밤멘동길를 직중적고 조사할 예정이다
p02_u31,p02,ce0.1,이c의 화문면데 노족하의 몇분을 현제까지 발혀지지 않았으며 정찰른 범맨동길를 직중적고 조사할 예정이다
p02_u31,p02,ce0.5,ac 화물연데 노족하일 여분는 현제까지 밝혀주지 않았으며 경찰른 범맨동기를 직증적고 두사 예정이다
p02_u31,p02,ce1.0,ac 환물 현대 노족하이 여부는 현제까지 발혀릴지 않았으며 경찰른 밤맨동길를 직증적고 조사할 예정이다
p02_u31,p02,ce2.0,a씨의 화명현대 노족하의 여부는 현재까지 발혀주지 않았으며 경찰은 밤멘동길를 직중적고 조사할 예정이다
p02_u31,p02,ce5.0,에c의 화의의 현대 노족하의 몇분을 현제까지 발혀지지 않았으며 경찰은 범맨동길를 짓증적으 조사할 예정이다
p02_u31,p02,ce10.0,ac의 확의현데 노족하의 몇부는 현제까지 발혀주시 않았으며 경차은 범맨동길를 지중적고 조사할 예정이다
p02_u32,p02,taps,연튼서 관계자는 28의5후의 c 불러 조사할 예정이며 추가 영짝 신통 여부은 이후의 결정될 것이라고 말했다
p02_u32,p02,ce0.0,연수서 강계자는 28의 5후의 c를 불러 조사할 예정이며 추가 영짝 신청 여부은 이후의 결정될 것이라고 말했다
p02_u32,p02,ce0.1,연수서 강계자는 28의 5후의 ac를 불러 조사할 예정이며 수가 영장 시평여부은 이후의 결정될 것이라고 말했다
p02_u32,p02,ce0.5,연수서 관계자는 28의의후의 c 불러 조사할 예정이며 추가 영장 신켜 여부은 이후의 결정될 것이라고 말했다
p02_u32,p02,ce1.0,연순서 관계자는 28의5의 c 불로 조사할 예정이며 추가 영장 신평 여부은 이무의 권정될 것이라고 말했다
p02_u32,p02,ce2.0,연수서 관계자는 28의5후의 c를 불로 조사할 예정이며 추가 영짝 신청여부은 이후의 결정될 것이라고 말했다
p02_u32,p02,ce5.0,연투서 광계자는 28의 5후의 c를 불러 조사할 예정이며 추가 영장 신청 여부는 이루의 결정될 것이라고 많했다
p02_u32,p02,ce10.0,연수서 관계자는 28의 우후의 c를 불로 조사할 예정이며 추가 영장 신청 여부은 이후의 결정될 것이라고 많했다
p02_u33,p02,taps,기p 파리바 카리프 책명은 인공지는 기술를 화용한 시금이차 이i 반일 경금 보움을 칠시했다고 이일 밝혔다
p02_u33,p02,ce0.0,dp 파리바 카리프 생명은 운공지는 기스들 화용한 1금이차 ai 반을 경금 보움을 칠세했다고 1일 밝겼다
p02_u33,p02,ce0.1,dmp 파리바 카리프 생명은 음공지는 기술를 화용한 식은이차 ai 반의 병금 보음을 칠세했다고 뛰일 밝혔다
p02_u33,p02,ce0.5,뒤np 파리바 카리프 했명은 음공지는 기스를 화용한 1ai 반의 영금 보음을 출시했다고 끼될 밝혔다
p02_u33,p02,ce1.0,un핑i 타리바 카리프 생명은 임공 일는 기스를 화용한 19이ai 반의 병금 보험을 칠시했다고 1일 밝혔다
p02_u33,p02,ce2.0,dp 타리바 카리프 생명은 인공지는 기술를 화용안 1금이a이i 반의 병금보음을 칠시했다고 1일 밝혔다
p02_u33,p02,ce5.0,dp 타리바 파리프 행명은 응공지는 기술를 화용한 시으리차ai 반의 경금 보음을 출시했다고 1릴 밝혔다
p02_u33,p02,ce10.0,dnp 파리바 화리프 택명은 임공지는 기술를 화용한 1금이 i 변의 병금 보음을 칠시했다고 끼일 밝혔다
p02_u34,p02,taps,이 상품은 ai 편드의 상장 지스편드 본드등 가양한 투자 선색질를 제공한다
p02_u34,p02,ce0.0,이 상품은 ai 본드의 상장 지수 편드 편드등 다양한 토자 선색질를 제공한다
p02_u34,p02,ce0.1,이 상품은 ai판드 상장 지술편드 본드등 가양할 토자 선색질를 제공한다
p02_u34,p02,ce0.5,이 상품은 ai편드 상장 지스편드본드등 다양한 토자 선택질를 제공한다
p02_u34,p02,ce1.0,이 상품은 i 혼드 상장 지스 혼드 혼드등 가양한 토자 선색질를 제공한다
p02_u34,p02,ce2.0,이 상품은 리i 편드 상장 지스번드 본드등 다양한 투자 손색질를 제공한다
p02_u34,p02,ce5.0,이 상품은 ai편드 상장 지스편드 본드등 가양한 토자 선색질를 제공한다
p02_u34,p02,ce10.0,이 상통은 i 편드 상장 지스편드 편드등 가양한 투자 선색질를 제공한다
p02_u35,p02,taps,공네주십 해의주식등 영합발로 특화된 ai 아고리짐을 덮지한 ai 본드들을 제공에 고개구의 투자 송향의 맡에선 택할수 있다
p02_u35,p02,ce0.0,국매주십 회회으식등 영학발로 특카된 ai 아고리짐을 덮지한 ai 본드들을 제공에 고개의의 트와 소향의 맡되선 택하시 있다
p02_u35,p02,ce0.1,국네주십 회회으식등 영학발로 특카된 ai 아고리심을 합지한 ai 본드들을 제공에 독객일 최야 성향의 막게선 택할수 있다
p02_u35,p02,ce0.5,공매주식 회회트식등 영학발로 특카된 i 고 일을 답지한 ai 본드들을 재공에 고개의 토자소향이 맡에선 택하시 있다
p02_u35,p02,ce1.0,국매주식 회회제식등 영학발로 토카된i 아고리집을 잡지한 i 본든들을 재공에 독객이 토야송향이 막게 던택할 수 있다
p02_u35,p02,ce2.0,공네주식 회회체식등 영학벌로 특하된 에이아이 아군이짐을 덮지한 이아i 본드들을 제공에 고개을 표자송령이 막되선 특할수 있다
p02_u35,p02,ce5.0,공매주식 회회주시등 영학발로 특카된i 아고리짐을 덮지한 i 프론드드을 제공에 보개위울 폐라성향의 맡게선 택할 수 있다
p02_u35,p02,ce10.0,공매주식 회회주식등 영역발로 트카된 리아이 아고리짐을 찾지한 리아i 포드들을 제금에 독개의 최자성향의 맡에선 택할수 있다
p02_u36,p02,taps,이티에프 투자를 원하는 고객들은 개별 2티에프 퍼등히 선택게 금달러 책건되이 영역에도 트잘씻다
p02_u36,p02,ce0.0,이pf 투자를 원하는 고객들은 개별 2티프 퍼드린 섬택게 금달러 책건되에 영역에도 투잘씻다
p02_u36,p02,ce0.1,이피프 트자를 원하는 고객들은 개별 2피프번을의 선택해 금 달로 책건되긴 영역에도 트자 쉽다
p02_u36,p02,ce0.5,이pf 푸자를 원하는 고객들은 개별 이pp 본드를 건패해 금물달러 채권되긴에 여역에도 투잘 수다
p02_u36,p02,ce1.0,이tf 트자를 원하는 고객들은 개별 2t프 본드를 섬택해 금달러 책건되긴 영역에도 트달짓다
p02_u36,p02,ce2.0,2피프투자를 원하는 고객들은 개1 2피프 퍼드를 검택해 금달러 책건되긴 영역에도 트잘씻다
p02_u36,p02,ce5.0,이피에프투자를 원하는 고객들은 개별 2티프퍼드를 섬색해 금달러 책건되긴 여역에도 드아씻다
p02_u36,p02,ce10.0,이피프트자를 원하는 고객 들백은 개별 2피프퍼드를 섬색해 금달러 책건되긴 영역에도 트자씻다
p02_u37,p02,taps,사망우에 보장하는 일반 사망훈과 고도 제의 장해를 보장하는 제 장해우중 선텍 가능하며 나비끼간 및 유형에 따라 영체부터 시식새까지 가입할 수 있다
p02_u37,p02,ce0.0,사망을 보장하는 일반 선명혼과 고도 제의 장해를 보장하는 제 장해우중 선텍 가능하며 나비끼간 및 유형에 따라 영체부터 7십새까지 가입할 수 있다
p02_u37,p02,ce0.1,탐망을 보장하는 일반 선명향과 보두 죄의 장해를 보장하는 죄의 장예영중 선택금 가능하며 나비끝간 및 유형에 따라 영체부터 10새까지 가입할 수 있다
p02_u37,p02,ce0.5,탐망을 보장하는 일반 사명형과 보도 제의 장해를 보장하는 제 장행영중 선택금 가능하며 나비끼관 및 유형에 따라 영체부터 70색까지 갈할 수 있다
p02_u37,p02,ce1.0,사망을 보장하는 1반 사명형과 보두 제의 장해를 보장하는 제 장행용중 현텍 가능하며 나비국간 및 유형에 따라 영체부터 70새까지 가입할 수 있다
p02_u37,p02,ce2.0,사망님을 보장하는 일반 선망우과 고도 제 장해를 보장하는 죄 장령영주 선택금 가능하며 나비끝관 및 유형에 따라 영제부터 시0새까지 가입할 수 있다
p02_u37,p02,ce5.0,사망을 보장하는 일반 사명형과 보도 제 장해를 보장하는 죄 장해용중 선택금 관응하며 라비티관 및 유형에 따라 영체부터 치0셨까지 관할 수 있다
p02_u37,p02,ce10.0,사망을 보장하는 일반 사명형과 보도 제 장해를 보장하는 제 장령우중 선택 가능하며 나비비관 및 유용에 따라 영체부터 70새까지 가입할 수 있다
p02_u38,p02,taps,기본 호없면낸 정의 청1은 이상 1신합 천천만은 이상으로 가입할시 있다
p02_u38,p02,ce0.0,기봉 보없면낸 정의 평우심만은 이상 1신납 천천만은 이상으로 가입할 수 있다
p02_u38,p02,ce0.1,"입본 보없 년낸 정의 청1 2상 1신합 1,만은 이상으로 가입할 수 있다"
p02_u38,p02,ce0.5,위봉 보없년낸 정미 평공1만은 이상 의신합 천승만은 이상으로 가입할 수 있다
p02_u38,p02,ce1.0,기본 보없년는 정립 평1원 이상 11합 평0만은 이상으로 갈할 수 있다
p02_u38,p02,ce2.0,기본 부없년낸 정의 평1은 이상 1신합 천0만은 이상으로 갈할 수 있다
p02_u38,p02,ce5.0,기본 부없년낸 정의 평음시만은 이상 의 신합 천승만을 이상요로 관할 수 있다
p02_u38,p02,ce10.0,귀본 부없년낸 정립 평0만은 이상 1신합 참승만은 이상으로 갈할 수 있다
p02_u39,p02,taps,일정기간 정립프 보다 안정적인 실걸리를 원원다면 공식 이로 정립때는 a반 계정견난 책건 이kf 재간접평 편드로의 정립근 이전정로 하용할 쉽다
p02_u39,p02,ce0.0,1정기간 정립프 보다 안정적인 씨관리를 원원다면 공식 위율로 적립되는 예반 계정견난 책건 이tp 재간접평 퍼드로의 정립근 이전정도 하용할 씻 있다
p02_u39,p02,ce0.1,일정6간 정립프 보다 안정적인 쓰관리를 원한다면 공식 이율로 적립되는 이반 계정전한 책건 이기p 재간접평 편드로의 정립근 이전등로 화용할씻다
p02_u39,p02,ce0.5,일정6한 장립프 보다 안정적인 세갈리를 원원다면 공식 위로 장립때는 예반 계정견한 책건 이pf 재간접평 판드로의 정립근 의전정도 하용할씻다
p02_u39,p02,ce1.0,이정국간 장립프 보다 안정적인 세관리를 원원다면 공식 이율l 장립되는 예반계정겨한 책건 이tf 재간접평 판드로의 장립근 이전증로 하용할씻 있다
p02_u39,p02,ce2.0,일정기간 정립프 보다 안정적인 수관리를 원한다면 공식 이율로 정립되는 1반 계정전한 책건 이tf 재간접평 판드로의 정립근 이전등로 화용했씻다
p02_u39,p02,ce5.0,의정시간 정립프 보다 안정적인 쉽갈리를 원한다면 공식 의울로 적립때는 예반 계정전한 책건 이tf 재간접평 판드로의 적백근 의전등로 화용할씻다
p02_u39,p02,ce10.0,1정귀간 정립프 보다 안정적인 쉽관리에 원한다면 공식 이ul 정립 때는 a반 계정교한 책건 이tf 재간접 평판드로의 정립금 이전정소 화용할씻다
p02_u40,p02,taps,이제명 거브럼 민주땅 대선우보가 사전 특을전날인 차일 강원도 속처의 방문에 한 패을 생긴 활여려던 계획길 받고 서월 강원문에서 특절를 하기보 했다
p02_u40,p02,ce0.0,2제명 더브럼 민주땅 대선우보가 사전 투째 전날인 사일 당원도 속처의 박문에 한 표를 상김 사리어려더한 계획의 받고 서월 강화문에서 트절를 하기로 했다
p02_u40,p02,ce0.1,이제명 더불럼 민주땅 계선 우부가 사전 특텔 전날인 사일 장원도 석처을 방문에 한 패를 상인 살리어려던 계획의 받고 서월 강화문에서 투절를 하기고 했다
p02_u40,p02,ce0.5,이제면 거브함 민즈땅 대상우부가 사전 숙께 전날인 사이 장원도 속처를 방문에 한 패를 생인 표여려더한 계획을 받고 서월 강화문에서 특별를 하기로 했다
p02_u40,p02,ce1.0,2제 명 더불러 민주땅 대선우보가 사전특별 선날인 파일 강원도 석처를 방문에 한패를 생인 살려더한 계획을 받고 서월 강원문에서 투여를 하기로 했다
p02_u40,p02,ce2.0,이제 명 더불럼 민즈땅 대선우보가 사전 특별 전날인 차이 강원도 속처을 방문에 할패를 생국살하였더한 계획을 받고 처 강화문에서 투여를 하기로 했다
p02_u40,p02,ce5.0,의제명 더불럼 일주땅 대선우보가 사전 특여 전날인 차일 강원도 속처를 방문에 한 표를 생님사여더한 기획을 받고 서월 강화문에서 투쳐를 하기로 했다
p02_u40,p02,ce10.0,이제명 더불럼 민즈땅 대선우부가 사전 스패전날인 차일 장원도 속처을 방문에 한 표를 생식 사여려더한 계획을 받고 처을 광화문에서 투절를 하기로 했다
p02_u41,p02,taps,운석결 공인의인 대프보와 안철수 공민의단 후복간 다니하가 정격선 사되면서 서울 표식 집증 공약에 나석이 예한 것으로 풀리됩다
p02_u41,p02,ce0.0,운석결 공인의인 대우보와 안철수 공민의 장 후보간 다위라가 정격선 사되면서 서월 태식 집증 공약에 나석이 위한 것으로 풀리됩다
p02_u41,p02,ce0.1,운석결 공민의인 대표황우보와 안철스 공민의단 후복간 단위라가 정격선 사되면서 서월 표신 집증 공약에 나석이 위한 것으로 뿌리됩다
p02_u41,p02,ce0.5,은석결 공민네인 대프성으보와 안철스 공민의단 후복한 다니라가 정격선 사되면서 서울 표신 집중 공약에 나석이 위한 것으로 풀리된다
p02_u41,p02,ce1.0,운석결 국민의익 대성보와 안최스 공민의단 훔복가 다니화가 정격선 사되면서 서월 폐심 집층 공약에 나석이 위한 것으로 풀이됩다
p02_u41,p02,ce2.0,연석별 공민의익 대성우보와 안철수 공민의단 후복간 다니라가 정격선 사되면서 서을 표식 집중 공약에 나석이 위한 것으로 풀리된다
p02_u41,p02,ce5.0,눈석결 공민의인 대프성보와 만철스 공민의단 후복간 다니화가 정격선 사되면서 서월 표식 지층 공약에 나석이 위한 것으로 풀리됩다
p02_u41,p02,ce10.0,운석결 공민의인 대환 후보와 안철수 공민의이단 후보가한 다위화가 정격선 사되면서 처월 표심 지증 공약에 나적이 위한 것으로 풀리된다
p02_u42,p02,taps,참일 민즈당 강원 선대 일은 사이 이흥보의 속초 사전 트품일 직증 유체가 치소했다며 다만 강농이 충천 직통우체을 예정들로 지행할 예정이라고 밝겠다
p02_u42,p02,ce0.0,3일 인주당 강원 선대일은 차의 이후보의 속초 사음 투틈일 직증 요새가 치소했다며 다만 강농이 충천 지통 요센을 예정들로 지행할 예정이라고 밝겠다
p02_u42,p02,ce0.1,3일 미리지당 강원 손대위는 사이 이후보의 석초 사전 투통움의 직증 유새가 치소했다며 다만 강농및 튼천 직증 유태을 예정들로 지행할 예정이라고 밝겠다
p02_u42,p02,ce0.5,탐밀 민주당 강원 선대위인 사일 이 후보의 속초 사전 특험일 직중 유새가 치소했다며 다만 강능및 필천 지둥 요세을 예정들로 지행할 예정이라고 밝겠다
p02_u42,p02,ce1.0,탐밀 민주당 강원 손대위는 차일 인국보의 속쳐 사둔 투표및 직증 유회가 치소했다며 다만 강능및 출천 직등 요에는 예정들로 지행할 예정이라고 밝겠다
p02_u42,p02,ce2.0,차일 민주당 강원 선대위는 사의 이후보의 속초 사전 투름이 죽중 류새가 치소했다며 다만 강능및 7천 지중 요회을 예정들로 지행할 예정이라고 밝겠다
p02_u42,p02,ce5.0,탐힐 민주당 방원 선대위은 차의 일훈보의 속쳐 사던 특표의 지중 유체가 치소했다며 자만 강능의 충찬을 지통 요편을 예정들로 지행할 예정이라고 밝겠다
p02_u42,p02,ce10.0,참일 민수단 강원 선대위는 차일 이흉포의 속쳐 사전 수험일 지증 유새가 치소했다며 자만 강능리 충천 지증 요세는 예정되로 지행할 예정이라고 밝겠다
p02_u43,p02,taps,이해와 갈려한 민수당 선대일 강계자는 약관 다위하로 상황히 긴박해졌다며 소월에서 특켜하며 공인들에게 파은 특더 초멸를 건위할 예정이라고 말했다
p02_u43,p02,ce0.0,이해와 갈려한 미주당 선데일 강계자는 약관 단위하로 상황이 긴박해졌다면 처월에서 특켜하며 공민들에게 파은 투대로 처면를 권위할 예정이라고 말했다
p02_u43,p02,ce0.1,이게와 갈려한 민스당 선대일 강계자는 약번 단위라로 상황히 긴박해졌다며 서월에서 투체하며 공민들에게 파은 투표로 참여을 건유할 예정이라고 말했다
p02_u43,p02,ce0.5,이게와 갈려한 민주당 선데일 경계전는 약관 단위라로 상황히 긴박해졌다며 터월에서 특혀하며 공민들에게 사전 특표로 처면를 건유할 예정이라고 말했다
p02_u43,p02,ce1.0,이게와 갈려한 민즈당 선대일 건계전는 약관 단위하로 상황히 긴박해졌다며 서월에서 특여하며 공민들에게 파은 특표 처면를 건유할 예정이라고 말했다
p02_u43,p02,ce2.0,이와 갈려한 미주당 선데일 관계전는 약관 다니라로 상황이 긴박해졌다며 서월에서 투체하며 공민들에게 사은 특표 처해할를 건니할 예정이라고 말했다
p02_u43,p02,ce5.0,이게와 갈려한 민주당 선데일 강계전는 약관 단니라로 상황히 긴박해졌다며 서월에서 트취하며 공민들에게 파은 특표 참멸를 권유할 예정이라고 말했다
p02_u43,p02,ce10.0,이해와 갈려한 밀수당 선대일 강계전는 약관 다미라로 상황히 빈박해셨다며 서월에서 투켜하며 공민들에게 파은 투표 처면에 건유할 예정이라고 말했다
p02_u44,p02,taps,당축 이구는 강원히 케스딩부터로 끝패운 만통 강원 민심을 자기 이해 사해 스출에서 사존 트표를 현뒤 장능과 출천동을 차져 예개획겼다
p02_u44,p02,ce0.0,당축 인구는 강원이 케스팀브터로 끝패운 만큼 강원 민심을 자디 위해 사해 수초에서 사년특표를 환뒤 장능과 출천등을 차을 예개획겼다
p02_u44,p02,ce0.1,당초 이운구낸 강원이 케스딩브터로 끝패운 막큼 광원 민심의 잡비 위해 사일 숙초에서 사전 스표를 한뒤 당능과 출천증을 차져 예개획겼다
p02_u44,p02,ce0.5,당초 이유원낸 강원이 피스딩브터로 끝패운 막편 강원 민0을 자기 위 사해 수초에서 사전 스표를 한뒤 장문가 출천등을 파을 열게획겼다
p02_u44,p02,ce1.0,당척 유보는 강원이 폐팀노터로 끝패운 만큼 강원 민심을 자기 위 타의 속초에서 사전특표를 한뒤 당능과 순천등을 차을 읽게획졌다
p02_u44,p02,ce2.0,장척 이운보는 강원이 케스팀부터로 꽃편 망큰 강원 민심을 자기 위해 사해 속초에서 사전트표를 한뒤 강문과 순천등을 차져 예개획겼다
p02_u44,p02,ce5.0,장초 이응원에 강원이 케스핑드터로 끝평 망큰 강원 민심을 적기 위해 사해 스초에서 사련트표를 한디 장능과 출천등을 차져 예해획겼다
p02_u44,p02,ce10.0,장척 이후보는 강원이 케스팀그터로 꽃혀운 만경 장원 민심의 잡기 위해 사해 속초해서 사련스표를 한지 장능과 7천등을 차절 예해회졌다
p02_u45,p02,taps,하지만 이나 약관 훔보 다일라로 안 후버를 지지했던 종독증 페시을 걸러움이 이해 사점 습표 장소를 서울로 받꾸 것으로 보인다
p02_u45,p02,ce0.0,하지만 이나 약관 후보 다일라로 안 후버를 지지했던한 종독청후 폐심을 끌록움미 위해 사점습표 장소를 서울로 받꾸 것으로 보인다
p02_u45,p02,ce0.1,하지만 이나 약권 후보 다인라로 안 후버를 주집했던한 중독청 폐심을 끌록움이 위해 타전 숙표 장소를 서울로 받은 것으로 보인다
p02_u45,p02,ce0.5,하지만 이나 약건 후보 다일라로 안 후버를 주진했던한 종록성우 플시을걸록이 위해 사전숙표 장소를 서울로 받군 것으로 보인다
p02_u45,p02,ce1.0,하지만 이나 약관 후어 다위라로 안 후버를 지으했던 중독층 폐심을 끌러움이 위해 사던숙표 당소를 서울로 받근 것으로 보인다
p02_u45,p02,ce2.0,하지망 이나 약권 후어 다니라로 안 후버를 지질했던 종독층 폐심을 끌록히 위해 사전습표 장소를 서울로 받군 것으로 보인다
p02_u45,p02,ce5.0,하지만 이나 약건 후보 다인라로 안 후버를 주진했던 중독층 표심을끌록히 위해 사천숙표 장소를 서울로 받군 것으로 보인다
p02_u45,p02,ce10.0,하지만 이나 약관 후보 다일라로 안 후버를 지시했던 종록청 폐심을 끌록움이 위해 사점숙표 장소를 서올로 부둔 것으로 보인다
p02_u46,p02,taps,천적여 천창격우 옮교덤 권당이 부활절를 맞아 제화륭쿠을 화용한 군음달이 가족 부활 축하 개난 코슬스트를 열러 문길를군다
p02_u46,p02,ce0.0,현적여 7청교구 온교동 권당이 부활절를 맞아 재화령쿠물을 화용한 군음달이 가족 부활측하 개난 곳을 틀를열러 문기를군다
p02_u46,p02,ce0.1,선천창교구 옮교동 권당이 부활절를 맞자 배화령품물 화용한 군음달이 가족 부활 측하 개난 코스트를 여러 문길를 끝다
p02_u46,p02,ce0.5,현적여 천창격구 온교동 권당이 부활절를 맞자 배화령품을 화용한 군음달릴 가족 부활츠타 개란 혼스트를 열러 울길를끝다
p02_u46,p02,ce1.0,현적여 천찬교구 온교동 본당이 부활절를 맞아 배화인쿠을 화용한 구름달일 가족 부활가 재난 혼을처열러 눈기를끝다
p02_u46,p02,ce2.0,선접여 천창격고 온교동 권당의 부활절를 맞아 태화령품을 화용한 구름달의 가족 부활 측하 개한 혼을트를열러 문길를 끝다
p02_u46,p02,ce5.0,현적여 7향격고 온교동 본당에 부활절를 맞아 제활림품문을 화용한 구름달일 가족 부활 측하 재난 혼세트를 여러 문길를끝다
p02_u46,p02,ce10.0,천적여 천창격고 온교동 권당이 부활절를 맞아 재활림쿠물 화용한 군음달이 가족 부활 측하 재한 코세트를 열러 눈비를끝다
p02_u47,p02,taps,참이 받으 초서 7년 여정을 지내며 황경회복을 실천하고 있는 옮기동 군당은 지한 1입 9활 되측기 위사에서 코텔스트 우수작을 발트하고 나음을 지행했다
p02_u47,p02,ce0.0,탐미 받으 초서 7년 여정을 지내며 황경회복을 실천하고 있는 온기동 군당은 지한 십7일 부활 되측일 위사에서 코택스트 우수작을 밝추하고 나음을 지행했다
p02_u47,p02,ce0.1,3미 바으초서 7년 여정을 주내며 황경회복을 실찬하고 있는 온교동 군당은 지한 1실일 부활 되측의 위사에서 코텔스트 우수작을 발추하고 나음을 지행했다
p02_u47,p02,ce0.5,탐미 바으 소서 7년 여장을 지혜며 황경회복을 실천하고 있는 옮겨통 군당은 이난 1피일 부활 되축의 미사에서 혼테스트 의수작을 발표하고 나음을 기행했다
p02_u47,p02,ce1.0,탐미 받으 투서 7년 여정을 지혜며 황경회복을 실천하고 있는 온교통 분당은 이한 11 9활 되추1 미사에서 큰태스트 수작을 발추하고 나음을 지행겠다
p02_u47,p02,ce2.0,탐미 받으초서 7년 여정을 지혜며 황경회복을 실천하고 있는 온교동 군당은 지한 1일 구활 되추길의 미사해서 큰태스편 우수작을 발투하고 나음을 지행했다
p02_u47,p02,ce5.0,탐미받으초서 7년 여장을 지매며한 황경혈복의 실천하고 있는 온교동 혼장은 지한 11 구할 대측의 미사에서 큰택스트 우스작을 발필하고 나음을 지행했다
p02_u47,p02,ce10.0,3미바으소서 7년 여정을 지매며 황경회복의 실천하고 있는 온교통 군당은 지한 1시일 부활 대추길 미사해서 큰패스트 우수작을 발혀하고 나음을 지행했다
p02_u48,p02,taps,옥교동 군당 사목해 천미받으 소서 분가와 공사분가가 마련한 2번 큰텔스키는 결화령풍이나 대사용이 가영한 물품을 화용에 부월절 개란을 선보인인데 이밀일 돋다
p02_u48,p02,ce0.0,온교동 건당 사목해 천미바주 소서 분가와 봉사 분가가 말련나 2반 큰테스트는 제화용숨이나 제사용이 가능한 물품을 화용에 부활절 개란을 선보 있는데 이밀를 돋다
p02_u48,p02,ce0.1,옮교동 군당 사목해 참미 받으 소서 분가와 동사 분가가 말련한 2번 큰테스크는 제화령포이나 대사용이 가능한 물품을 화용해 부월절 개란을 참보 이는데 이밀를 돋다
p02_u48,p02,ce0.5,옥별동 군당 사옥해 참미받으 소서 분가와 공사 분가과 마련나 이반 클테스트는 제화령후이나 대사용이 가능한 물품을 활행에 부활절 개란을 참보있는데 이밀를 덮다
p02_u48,p02,ce1.0,옮교동 군당 사목해의 참미 받을 서서 분가와 공사분가과 말련한 이반이 큰태스트는 벽화령풍이한 제사용이 가능한 물품을 화용에 부활절 개란을 참보 있는데 이밀를 돋다
p02_u48,p02,ce2.0,옮교동 분당 사목해 참미 받으 소서 분가와 공사분각과 마련한 이반이 클테스트는 제화령품이합 제사용이 가능한 물품을 화용해 부활절 개란을 삼보의 있는데 의밀를 덮다
p02_u48,p02,ce5.0,옮교동 군당 사목해 참미받을 소서 분가와 봉사분각과 마련나 이반이 큰테스키는 적가령수이한 제사용이 가행한 물품을 화륭해 부월절 개란을 참보어 있는데 의밀를 닫다
p02_u48,p02,ce10.0,온교동 군당 사목해 참미 받으서서 분가와 봉사 붕각과 말련한 이반 큰테스트는 재화령소이나 제사용이 가능한 물품을 화용해 부활절 개라을 참보외있는데 의밀를 덮다
p02_u49,p02,taps,개화용큼을 얼마나 잘화용 있는지와 얼마나 영성적인지 심이적인 지를 심사했다
p02_u49,p02,ce0.0,제화령품을 얼마나 잘 화용 있는 지와 얼마나 영성적인이이 십리적은 지를 심사했다
p02_u49,p02,ce0.1,대화령품을 얼마나 잘 파요있는 지와 얼마나 영성적인이지 시일적금 길를 신사했다
p02_u49,p02,ce0.5,배화령품을 얼마나 잘 파용 있는 비와 얼마나 영성적인 뒤 침미적은 지를 심사했다
p02_u49,p02,ce1.0,제화령큼을 얼마나 잘 화용 있는 비와 얼마나 영성적인지 심민적인 1를 심사했다
p02_u49,p02,ce2.0,죄화령품을 얼마나 잘화용 있는 지와 얼마나 영성적인니지 1민백은 길을 심사했다
p02_u49,p02,ce5.0,제화용품을 얼마나 달화용있는 지와 얼마나 영상적인이 심일적인 지를 심사했다
p02_u49,p02,ce10.0,제화용품을 얼마나 잘화용했는 지와 얼마나 영성적임식 심의적인실를 심사했다
p02_u50,p02,taps,코테스테 일이는 태득병과 나무적가락 게람판 떨어진 솔립을 주어 예수님이 대해 우르신 모습을 표현한 사천 프름 수나무딩에 돌아갔다
p02_u50,p02,ce0.0,코테스테 일이는 새프동과 나무적가락 게람판 떨어진 설립을 주어 예님이 배 우르신 모습을 체어할 사천프을 손나무 팀해 돌아갔다
p02_u50,p02,ce0.1,본테스테 일이는 태병과 나무적가락 게람판 떨어진 설립을 주어 예슬님이 배의 우르신 모습을 최어할 사천풀을 후나무 팀을 돌아갔다
p02_u50,p02,ce0.5,코테스테일이는 태병과 나무적가락 게람파 떨어진 손립을 주어 예0님의 배의 우르신 모습을 표현한 사천풀의 손나무팀에 돌아갔다
p02_u50,p02,ce1.0,본테테 일이는 태피턴과 나무적가락 게람파 떨어진 소립을 주어 예님이 배의 우르신 모습을 폐련한 파천풀를 후나무 팀에 돌아갔다
p02_u50,p02,ce2.0,코세스테 일이는 새병과 나무적가락 게람판 떨어진 솔립을 주어 예슨6이 배 우르신 모습을 표현한 사천프은 손나무침에 돌아갔다
p02_u50,p02,ce5.0,본테스테일이는 해투병과 나무적가락 게람판 떨어진 소립을 주어 예순님이 배해 우르신 모습을 표회한 사7풀은 손나무팀에 돌아갔다
p02_u50,p02,ce10.0,코테스테 일이는 새병과 나무적가락 게람판 떨어진 솔립을 주어 예수님이 배해 우르신 모습을 표해한 사천풀은 손나무 팀에 돌아갔다
p02_u51,p02,taps,천미 바두 소서 7년 여정은 규황청의 재안에 따라 존체계의 가틀릭 교회가 동착만은 성령 편패이이다
p02_u51,p02,ce0.0,천미 바으소서 7년 여정은 두항청의 재안에 따라 존세개의 가틀릭 교회가 동착만을 황령품해이이다
p02_u51,p02,ce0.1,천리 바부소서 7년 여정은 규황청의 제안에 따라 존세개의 가틀릭 교회가 동착만을 황령품패인니다
p02_u51,p02,ce0.5,천림 바으 소서 7년 여정은 기왕청의 재안에 따라 존세개의 가틀릭 교회가 동착만을 황경표행이이다
p02_u51,p02,ce1.0,산리 바르소서 7년 여정은 유왕청의 재안에 따라 존세계일 가돌릭 교회가 동참만을 성령풍행이이다
p02_u51,p02,ce2.0,천리 바으소서 7년 여정은 귀왕청의 재안에 따라 존세계의 갖틀릭 교회가 동착만을 성령비페인이다
p02_u51,p02,ce5.0,천리 바으수서 7년 여정은 규황청의 재안에 따라 존세계일 가돌릭 교회가 동착만은 황용티행이이다
p02_u51,p02,ce10.0,천미 바소서 7년 여정은 교황청에 재안했 따라 정세계의 가틀릭 교회가 동참만은 황령품행이다
p02_u52,p02,taps,전국 교구에서 지구와 인의 공동체의 세태적 이기에 대항 당확심을 가고 하양한 시천 방안을 되시 행공하고 있다
p02_u52,p02,ce0.0,전국 격구에서 지구와 인류 공동체의 세태적 이지에 대항 동확심을 갔고 자양한 실천 방안을 제시 홍동어고 있다
p02_u52,p02,ce0.1,전국 교구에서 지구와 인류 공종체의 세패적 위기에 대항 동확심을 받고 자양한 실천 방안을 제시 해동옥을 있다
p02_u52,p02,ce0.5,던국 교구에서 지구와 인미 공동체의 생태적 위v에 대항 동각심을 갖고 하양한 실천 방안을 되시 통동록을 다
p02_u52,p02,ce1.0,전국 교구에서 지구와 인류 공동체의 생태적 위기에 배한 방확심을 갔고 하양한 1천 방안을을 제시 응공로을 있다
p02_u52,p02,ce2.0,전국 교구에서 지구와 인류 공동체의 생태적 위기에 대항 동확심을 갔고 자양한 실천 방안을 제시 홍건먹고 있다
p02_u52,p02,ce5.0,전국 격구에서 지구와 인니 공동체의 생태적 위지에 대한 경확심을 갔고 사양한 실천 방안을 제시 행동로고 있다
p02_u52,p02,ce10.0,전국 교구에서 지구와 인류 공동체의 생태적 위지에 대항동각힘을 갔고 자양한 실천 방안을 제시 행동로고 있다
p02_u53,p02,taps,개하한 공이 코보는 이후의 상회부 전난에 달마처 고객들의 마일리지 타용터리를 이한 떠길쓰을 헛짜하고 있다
p02_u53,p02,ce0.0,개안한 공이 크분은 이후의 상회부 전난에 달마처 고객들의 마일리질 사용탄위를 위한 썩기 쓰의 헛짜하고 있다
p02_u53,p02,ce0.1,개안한공이 코로한 이후 의상세복 전난에 달마처 고격들의 마일리질 사용탈례를 위한 프어릇스를 화대하고 있다
p02_u53,p02,ce0.5,배안한공인 코로한 이후일 상회부 전난의 발마추와 고객들에 마일리집의 사용판일의 위한 표러베스트을 확대하고 있다
p02_u53,p02,ce1.0,대안한공인 크로는 이후의 상헤부 전난의 발마처 고기들의 마일르지 타용판일에 위한 프어베스을 왔대하고 있다
p02_u53,p02,ce2.0,대안한공인 크로는 이후의 상회복전난에 달마처 고객들의 마일리지 파용편일에 위한 떠베스드를 헛취하고 있다
p02_u53,p02,ce5.0,개한한공이 코로나 이수의 상수북 전난에 달마처 고객대에 마일리질 타용편에 위한 떠비스트를 확대하고 있다
p02_u53,p02,ce10.0,제안한공및 쿠로는 이수 일상회북 전난에 달마처 고객들에 마일리시 타용편위를 위한 프어베스드를 받대하고 있다
p02_u54,p02,taps,대안한공훈 2달 31에 가지 대안한공음 페이지 및 모발일로 케시 나유질의 위용하는 생각들에게 마일린지를 황급해주는 페이대 우뱅트를 지행한다고 사울 발혔다
p02_u54,p02,ce0.0,대안난공훈 이달 31에 가지 대안난공운 폐이지 및 모바일로 케시 마일질의 위용하는 생각되에게 마일른질를 황접해진을 폐백 의뱅트을 지행한다고 사 밝혔다
p02_u54,p02,ce0.1,대안난공훈 2달31 가지 대안한공훈 페이d 및 모발일로 케시 나유질를 위용하을 생각들에게 마일린질를 황급해지는 평백 위뱅트를 지행한다고 사울 밝혔다
p02_u54,p02,ce0.5,대안난공은 이탈31일 가죄 대안난공은 폐이지및 모마일로 케시인 나일질의 유용하을 생격들에게 마일린질를 헌급에주는 회백 위뱅트를 지행한다고 사열 밝혔다
p02_u54,p02,ce1.0,대안한공은 이탈32의 가지 대안한공은 폐이지및 모발일로 케씬 말일질의 위용하을 생각들에게 마일린진를 환겁해지는 행백 이뱅트를 지행한다고 살실 밝혔다
p02_u54,p02,ce2.0,대안한공은 이달 32에가지 대안한공은 페이지 및 모발일로 케신 마일질의 이용하을 생백들에게 마일린진을 혼겁해 주을 행백 이뱅트를 지행한다고 살일 밝혔다
p02_u54,p02,ce5.0,대한한공은 이달 31일 가지 대한한공훈패이즈및 모바일로 케신 말일질를 이용하는 승력되에게 마일린질의 황급에주는 백백 위변트를 지행한다고 살열 밝혔다
p02_u54,p02,ce10.0,대안한공은 2달 32일까지 대안한공 훈페이지및 모바일로 케신 말일질를 유용하을 승객들에게 마일리질를 환겁에주으 태우백 위뱅트를 지행한다고 사일 밝혔다
p02_u55,p02,taps,개한한공 공계자는 홍곡관 금메시 은nna브을 마일리집어 대신 사용하면 채대 사백0나에까지 마일리질를 다시 돌려드인다고 세명했다
p02_u55,p02,ce0.0,개한한공 동계자는 홍국관 금메시 unap를 마일리즈로 대신 사용하면 채대 사백0마에까지 마일리질를 다시 돌려드인다고 세명했다
p02_u55,p02,ce0.1,대안한공 강계자는 홍곡관 금메시 음미a브을 마일리질로 대신 사용하면 채대 사백나에까지 마일리질를 다시 돌려드인다고 세명했다
p02_u55,p02,ce0.5,대안 한공 관계전는 홍국간 금메시 은na브을 마일리지로 대신 사용하면 최대 사백0나일까지 마일리질를 다시 돌려드인다고 세명했다
p02_u55,p02,ce1.0,대한 형공 광계자는 홍국관 금메시 은익a브을 마일리질로 대신 사용하면 채대 4백0마을까지 마일리질를 다시 돌려됩인다고 서명했다
p02_u55,p02,ce2.0,개한 형공 광계자는 홍우관 금메시 은n e브을 마일리즈로 대신 사용하면 채대의 4백0망할까지 마일리질를 다시 돌려들인다고 세명했다
p02_u55,p02,ce5.0,개한한공 동계자는 홍원관 구메시 은익 1부을 마일리질로 대신 사용하면 채대 사백0날일까지 마일리질를 다시 돌려됩인다고 셈명했다
p02_u55,p02,ce10.0,돼안는공 동계자는 홍궁관 금메시 은익 1브을 마일리즈어 대신 사용하면 채대 4백0나였까지 마일리질를 다시 돌려드인다고 세명했다
p02_u56,p02,taps,2번 6화의 통의 케시인 마이질를 이용해 150마의 이상 공죄후 통공건 군메및 닥증 활류하면 2백0마일를 돌려준다
p02_u56,p02,ce0.0,2번 혈사을 통의 케취인 마일질의 이용해 1050화의 이상 공제후 홍공끝 금메및 닥증 알류하면 2백0마이를 돌려준다
p02_u56,p02,ce0.1,2번 혈8에 통의 케시에 마일집의 용해 150마의 이상 공죄후 능공등 금메및 닥증 알류하면 2백0마이를 돌려준다
p02_u56,p02,ce0.5,2번 육차를 통의 케시인 마일질의 용해해 1500마의 이상공제후 홍공던 금메및 닥증 말류하면 200마이를 돌려준다
p02_u56,p02,ce1.0,2번 혈활 통의 케시인 마의집의 영해 150마의 이상 공죄후 항능끝 구메및 닥증 관류하면 200마이를 돌려준다
p02_u56,p02,ce2.0,2번 육사을 통의 케시인 마의질를 이용해 1500마의 이상 궁죄후 홍공끝 군메및 닥층 말류하면 2백0마이를 돌려준다
p02_u56,p02,ce5.0,이번 행사을 통의 케시인 말일집일 이용해 1500마의 이상 공죄후 행능끝 구메및 닥순 말류하면 200마이를 돌려준다
p02_u56,p02,ce10.0,이번 혈차를 통의 케시인 말일집일 용해 1500마의 이상 공죄수 홍능등 군메및 닥증관류하면 200마이를 돌려진다
p02_u57,p02,taps,대안한공 카득 감청객절의 이용할 경을 해택금 소행만할까지 늘어납다
p02_u57,p02,ce0.0,대안한공 카득 감상객접에 이용할 병을 해택을 소행날일까지 늘러한다
p02_u57,p02,ce0.1,대안한공 카득 감상결제에 이용할 경을 해택근 사행할까지 늘러한다
p02_u57,p02,ce0.5,대안한공 카득 감상결죄를 이용할 경을 해태은 소행나에까지 늘어난다
p02_u57,p02,ce1.0,대안한공 카더 감상결절의 위용할 동을 회택은 서행할까지 늘어난다
p02_u57,p02,ce2.0,대한 원공 가종 감상결절에 이용할 병우 해택은 사행망했까지 늘어난다
p02_u57,p02,ce5.0,대한한공 카더 감청결절에 이용할 동물 해택으 서백나일까지 늘어한다
p02_u57,p02,ce10.0,대안한공 사득 감성결째를 이용할 병우 셋택은 서백문할까지 늘러난다
p02_u58,p02,taps,케시인 말지는 대항한공이 스카이페스트 제두 계편의 이원으로 기난의 1월부터 두 입한 마일리지 복학 결져했 섬있으다
p02_u58,p02,ce0.0,케시인 말즈는 대항한공이 스k이p스트 제두 개편의 이원으도 지난을 1월부터 두입한 마일리지 복학 될져했 섬있으다
p02_u58,p02,ce0.1,케시인 말일지는 대항한공이 스k이pl트 제둘 개편의 이원으로 주안의 1월부터 두 입한 마일리지 복학 결져했 섬있으다
p02_u58,p02,ce0.5,케시인 말즈는 대항한공이 sk이ps쿠 제도 계편는 이원으로 지난의 1월부터 두입한 마일리기 복학 될죄 섬있쓰다
p02_u58,p02,ce1.0,케씬인 말드는 대항한공이 sk이p트 제도 재편의 일원으로 지하는 1월부터 두입한 마일리지 부학 결제 섬있으다
p02_u58,p02,ce2.0,케시인 말일즈는 대항한공이 스카이페e스트 제두 계편의 이란으로 지난의 1월부터 두입한 마일리지 북학 될제했씁있시다
p02_u58,p02,ce5.0,케시인 말주는 대항한공이 skip스 제두 계편해 이원으로 지난의 1월부터 도 입한 마일리지 폭학 결져했섬있으다
p02_u58,p02,ce10.0,케씬 말지는 대항한공이 스k이페트 제도 제편의 일원으로 지난의 1월부터 두입한 마일리지북학 결제했섬있시다
p02_u59,p02,taps,항궁꼭 금메시 은님의 이직토센틀 인혜의 길해게 고에지 원안을 망편 말일리루로 결제할 수 있다
p02_u59,p02,ce0.0,항궁꼭 금메시 은님의 이집터센틀 인혜의 즐력에 복제지 원안을 망편 말일리주로 살제할 수 있다
p02_u59,p02,ce0.1,평국곤 군메시 은님의 20퍼 인혜의 글행의 독개길 원한날 망편 마일리주로 대지할 수 있다
p02_u59,p02,ce0.5,항궁겅 군밀이 은님의 2트 은행의 들명을 보개히 원안는 망편 마일리으로 결게할 수 있다
p02_u59,p02,ce1.0,항궁권 9메지 은님의 2 인혜의 들매을 고객히 원한는 망편 말리으로 되지할 수 있다
p02_u59,p02,ce2.0,항궁권 9메시 은님의 2퍼트 인혜의 글획을 고개히 원화는 만큼 말일리으로 결폐할 수 있다
p02_u59,p02,ce5.0,항궁궁 구메시 은님의 이터센트 인행의 글획을 곡쟁히 원화는 망편 말일리주로 결제할 수 있다
p02_u59,p02,ce10.0,항공곤 군메이 은님의 2과센트 이혜의 소획을 독개시원하면 망편 말일리주로 절제할 수 있다
p02_u60,p02,taps,탐맹 저석수와 출발리의 재안을 받지 않고 오백과이부터 사양활 쓸 있어서 적은 말 미루로도 이용 관행하다
p02_u60,p02,ce0.0,탐매 저석스와 7바류대 재한을 받지 않고 오백마이부터 사용할 수 있어서 적은 말일위주어도 이용 관용하다
p02_u60,p02,ce0.1,탐맹 저석스와 7발리에 재안을 받지 않고 우백날일부터 사양용할 수 있어서 적은 말 리주어도 이용 관용하다
p02_u60,p02,ce0.5,탐매 저석스와 출발리에 재한을 받지 않고 우백아일부터 사용용할있 수 있어서 적은 말리술로도 이운 관륭하다
p02_u60,p02,ce1.0,탐맹 저석스와 출발리에 죄안을 받지 않고 오백과일부터 사형을 수 있어서 적은 말미술로보도 의용관용하다
p02_u60,p02,ce2.0,탐매 저석스와 출발리에 제안을 받지 않고 오백원할부터 사용을 수 있어서 적은 말을 미주로도 이용가용하다
p02_u60,p02,ce5.0,탐맹 저석스와 출바리에 재안을 받지 않고 오백아일부터 사행원 쇠 있어서 적은 말일 리주로도 위용관령하다
p02_u60,p02,ce10.0,탐멘 저석수와 7바리의 재한을 받지 않고 오백하일부터 살용할 을 있셔서 적은 말 리주로도 유용관용하다
p02_u61,p02,taps,또한 공네손에서 국제선에 모든 오인까지 가응에 마일리지 설용 검미가 널다
p02_u61,p02,ce0.0,또한 공네천에서 국체선에 모든 오인까지 가능에 마일리지 살용검이가 널다
p02_u61,p02,ce0.1,또한 국네손에서 국기선에 모든 오인까지 가용에 마일리지 사용 범이가 널다
p02_u61,p02,ce0.5,또한 공네선에서 걱체선에 모든 오인까지 가능에 마일리지 사용 터미가 널였다
p02_u61,p02,ce1.0,또한 공네터에서 걱제선에 모든 오냥까이 가행에 마일리기 사용 허이가 널다
p02_u61,p02,ce2.0,또한 공네손에서 걱제선에 모든 오일까지 가능에 마일리지 사용허이가 널다
p02_u61,p02,ce5.0,또한 공네토해서 걱제선에 모든 오인까지 가능에 마일리지 사용범이가 널다
p02_u61,p02,ce10.0,또한 공렌천는사가 걱체선에 모든 오연까지 가능에 말일리시 사용 점이가 널다
p02_u62,p02,taps,케시인 말일질를 사용하더라도 항곡권 전체 우림의 해당하는 말일리시도 싸인다
p02_u62,p02,ce0.0,케시행 마일즈를 사용하더아도 항곡건 전체 음임의 해당하는 말일리지도 싸인다
p02_u62,p02,ce0.1,헤시인 마일질를 사용하더라도 항옥건 전체 의림의 해당하는 마일리지도 싸인다
p02_u62,p02,ce0.5,헤시인 마일주를 사용하더라도 항공권 전체 음임의 해당하는 말일리기도 싸인다
p02_u62,p02,ce1.0,키시인 마일들를 사용하더라도 항공권 전체 우유에 해당하는 마일리기도 따인다
p02_u62,p02,ce2.0,해시인 마이주를 사용하더라도 항국건 전체 의임의 해당하는 말일리지도 싸인다
p02_u62,p02,ce5.0,케시 마일주를 사용하더라도 항공권 전체 우임의 해당하는 말일리지도 싸인다
p02_u62,p02,ce10.0,키씬인 마의주를 사용하떨라도 항곡권 전체 의림의 해당하는 말일리지도 싸인다
p02_u63,p02,taps,개하난궁 강계전낸 이항원 구식들이 보다식코편이하게 말일리집을 사용할 수 있도록 관련 서비음이 사용처를 자양화할 계획기라고 말했다
p02_u63,p02,ce0.0,개안난궁 감계전한 이항원 구식들이 보다시끝 팔린하게 말일리집을 타용할 수 있도록 관년 서비음이 사용처를 자양화할 계획기라고 말했다
p02_u63,p02,ce0.1,제안한궁 강계전낸 이 항을 그격들이 보다식끝 펼리하게 말일리집를 사용할 수 있도록 관년 서비음이 사용처를 자양화할 계획기라고 말했다
p02_u63,p02,ce0.5,개하난공 관계전는 항을 구짓들이 보다 시끝 팔리하게 말일리질를 타용할 수 있도록 관년서비음이 사용서를 자용화 계획이라고 말했다
p02_u63,p02,ce1.0,대와난공 관계전는 향을 구시띠이 보다 시끝편리하게 말일리집을 타용할 수 있도록 관련 서비음이 파용서를 당항화 계획기라고 말했다
p02_u63,p02,ce2.0,제한한궁 관계전낸 항을 구이됨이 보다식꽃편림하게 말일리집을 타용할 수 있도록 관련서비음이 폐륭처를 장항하야 계획기라고 말했다
p02_u63,p02,ce5.0,개하한은 광계전는 향은 구식들이 보다식끝 철림하게 말일리질를 터용할 수 있도록 관련 서비음이 사용처를 장항할 계획기라고 말했다
p02_u63,p02,ce10.0,대한 항금 관계자는 향능 구시집이 보다시끝 펼리하게 말일리집을 사용할 수 있도록 관련서비음이 선용처를 장형하에 계획이라고 말했다
p02_u64,p02,taps,귀난 6이 집방 성거을 앞더고 사의 강개망처비에서 정치적 종립 들물를 지키지 않은 정복지역 공우원들이 무덤기로 접밟렸다
p02_u64,p02,ce0.0,지한 61에 집방 선거를 앞더고 사의 강개망 서비스에서 정치적 종립 둘물를 지키지 않은 정복지없 공공원들이 물어기고 접밟했다
p02_u64,p02,ce0.1,주한 위에의 지방 성거를 앞더고 사의 강이대 망서빛스에서 정치적 종및 둘물를 지키시 않한 정복지역 복음원들이 물어기로 접밟렸다
p02_u64,p02,ce0.5,지한 유1의 지방 성거을 앞더고 사의 관개망서비스에서 정치적  풍입 글물을 지키지 않은 정복 지역 공원들이 무덤기로 접밟했다
p02_u64,p02,ce1.0,지한 유에의 지방선거를 앞더고 사의 방제망 서비스에서 정치적 종립 둘물를 지힌지 않은 정복지역 공문원들이 무너기로 접밟렸다
p02_u64,p02,ce2.0,귀한 유회의 집방선거을 앞더고 사유 강개망 서빛스에서 정치적 종립 불물를 지킬지 않은 정복지역 공원들이 무덤기로 접밟렸다
p02_u64,p02,ce5.0,귀한 율1의 집방성거로 앞더고 사의 강이대 망처빛스에서 정치적 통립 들물을 죽키지 않은 정복지역 봉원들이 무덤기로 접달렸다
p02_u64,p02,ce10.0,귀한 율개의 집방성거로 앞더고 사의 관제망 서비스에서 정치적 종립 줄물을 지키지 않은 정복지역 봉원들이 무덤기로 잡밟렸다
p02_u65,p02,taps,건복또의 11 2 같은 내용의 공직 기강 감찰 결과를 발트하고 해당 공모왕에 대한 인서상처분을 단체 기던장에게 율구했다
p02_u65,p02,ce0.0,전복떠을 11 2 사은 내용의 공직 기강 감찰 절과를 발추하고 해장 공호안에 대한 인서상처분을 단체 존장에지 율보했다
p02_u65,p02,ce0.1,전복떠는 12같은 내용의 공직 길강 감찰 결과를 발투하고 해당 공호안에 대한 2화상처분을 당체 던장에게 유두했다
p02_u65,p02,ce0.5,전독더한 112같은 내용의 공직 기강 감찰 결과를 발풀하고 해당 공모안에 대안 인초탕처분을 단체 기던장에게 일보했다
p02_u65,p02,ce1.0,건복또는 11 1갖은 내용의 공직 지강 감찰 결관를 발표하고 해단 공모한에 대한 민사상처분을 단체 구건장에게 율도했다
p02_u65,p02,ce2.0,전복떠한 112같은 내용의 공직 기강 감찰 결관를 발표하고 해당 공무안에 대한 인서창처분을 단체 던장했게 일고했다
p02_u65,p02,ce5.0,전독더는 11의같은 내용에 공직 기각 감찰 결관를 발표하고 해단 공무안에 대한 인사창처분을 단체 부건장했게 율보했다
p02_u65,p02,ce10.0,전복더는 11 2같은 내용의 공직 규강 감찰 결관를 발풀하고 해당 공무안에 대한 일사상처분을 단체 규간장했게 유도했다
p02_u66,p02,taps,감차의 결과를 부면 전북도의아 2안지 무주군 구항군 일부 공모어는 성거 갈련 애쓰에했 을 계심물에 조아요를 만게는 스십차에씩 물었다
p02_u66,p02,ce0.0,감차의 결과를 보면 전북도의아 2란지 무줄군 부항군 일부 공무어는 성거 갈련 애증했 수 계심물에 조아요를 만게는 수십차의 쉽류렀다
p02_u66,p02,ce0.1,감차의 결과를 부면 전북도의야 6산시 무주군 후항군 일부 공모어는 성거 관련 애스했 스 계심물에 조아요를 만게는 서십차쉽 누었다
p02_u66,p02,ce0.5,잠차의 결과를 부면 점북더리와 의산지 문주군 후항군 일부 공모어는 성거관련 애수에을 수 계식물에 조아요를 만게는 서십차에쉽울렀다
p02_u66,p02,ce1.0,감차의 결과를 부면 점북도의와 6산길 무주군 후항군 일부 공모어는 성거갈련 애증했수 계심물에 조아요를 만게는 스십차에 쉽울렀다
p02_u66,p02,ce2.0,감차의 결관에 부면 점북도의와 입산지 무주군 구군 일부 국무하는 성거 갈련 애수행했 수 계심물에 조아요를 만게는 스십차에 싶울렀다
p02_u66,p02,ce5.0,감찰 결감에 부면 점북도의에와 우산시 무주군 구항군 일부 공모하는 성거 관련 했센 수 계심물에 조아요를 만게는 스십차 쉽루렀다
p02_u66,p02,ce10.0,잠차 결관에 보면 점북도의에와 이시단치 무중군 후항군 일부 공무원는 성거관련 애수행을 수 계심물에 조아요를 만게는 수십차대쉽놀렀다
p02_u67,p02,taps,계신문 중애는 후보자의 구향기나 상거운동 활동의 관한 결도 있는 것으로 알려졌다
p02_u67,p02,ce0.0,데신물 중에는 후보자의 구약기나 성거운동 혈동의 관난니 출도 인능으 것으로 알려졌다
p02_u67,p02,ce0.1,데심을 중에는 후보자의 공약기나 상거운동 활동의 관한 결도 있는 것으로 알려졌다
p02_u67,p02,ce0.5,계심을 중에는 후보자의 군약기나 성거운동 활통의 관한 글도 있는 것으로 알려졌다
p02_u67,p02,ce1.0,개심을 중에는 후보자의 구약기나 탕거운동 활통에 관한 결도 입는 것으로 알려졌다
p02_u67,p02,ce2.0,계심을 중에는 부어자의 군약이나 상거운동 활동의 관한 글도 있는 것으로 알려졌다
p02_u67,p02,ce5.0,계심을 중에는 후보자의 군약이나 탕거운동 활통에 관한 결도 있는 것으로 알려졌다
p02_u67,p02,ce10.0,베신을 중에는 후보자의 구약이나 성거운동 활동에 관한 결도 있는 것으로 알려졌다
p02_u68,p02,taps,공직 성업법과 기방공모원 공목 귀정한 공무원히 성거의 부당한 영형욕을 행사하거나 특점 모자를 지지 또는 반대하는 행위를 해서는 안든다고 구장하고 있다
p02_u68,p02,ce0.0,공직 성업복과 기방 공무원 동목 주정한 고무원히 성거의 부당한 영형력을 행사하거나 특점 보자를 지시 또는 반대하는 행위를 해서는 안든다고 굴장하고 있다
p02_u68,p02,ce0.1,동백 성업복과 기방공모원 동무 그정할 동무원히 성거의 부당한 영령력을 행이타하거나 특점후보자를 집지 또는 반대하는 행위를 해서는 안된다고 굴장하고 있다
p02_u68,p02,ce0.5,공직 선업법과 기방공모원 공룩 규정할 공모원히 성거의 부당한 영형력을 행사하거나 특점후보자를 지지또는 반대하는 행위를 해서는 안든다고 그장하고 있다
p02_u68,p02,ce1.0,공백 상업법과 기방공모운 공물 구정은 공무원히 상과의 부당한 영형력을 행사하거나 특점보자를 지지 또는 반대하는 행위을 해서는 안된다고 굴장하고 있다
p02_u68,p02,ce2.0,긍직 성업법과 기방 공부한 공부 귀정한 공무원히 선거의 부당한 영향력을 행사하거나 특정보자를 지지 또는 반대하는 행위를 해서는 안든다고 귀장하고 있다
p02_u68,p02,ce5.0,공직 성업독과 집방고모한 독무 규정한 고무안히 성거의 부당할 영형력을 행사하거나 특정 보자를 지지 또는 반대하는 행위을 해서는 안든다고 구장하고 있다
p02_u68,p02,ce10.0,공직 성겁법과 기방공무한 동묶 규정은 공무원히 성과의 부당한 영형욕을 행사하거나 특장후보자를 지지 또는 반대하는 행위를 해서는 안된다고 규장하고 있다
p02_u69,p02,taps,전북똑 감사관실은 공모갈리를 소우리한 단체와 그관장을 주의쳐은하고 해단 공무원들에 대해서을 홍개하도록 유구했다
p02_u69,p02,ce0.0,전복똑 감사관 실은 국모갈리를 소올리한 단체와 그관장을 주쳐은하고 해당 공부원들의 데선을 홍개하도록 유구했다
p02_u69,p02,ce0.1,전복똑 감사관실은 공모갈리를 소올리한 단체와 규관장을 주입쳐은하고 해당 공부원들의 대해서을 홍개하도록 유구었다
p02_u69,p02,ce0.5,전복똑 감사관실은 공모갈리를 소우리한 단체와 기관장을 주의쳐은하고 해당 공부원들의 대해선을 홍패하도록 유으였다
p02_u69,p02,ce1.0,전북도 감사관실은 공모갈리을 소우리한 단체와 규관장을 주입쳐은하고 해단 공무원들의 되선을 흥대하도록 요루했다
p02_u69,p02,ce2.0,전복또 감사관실은 공모갈리를 소울리한 단체와 규관장을 주익처은하고 해당 공부원들에 되해서을 홍개하도록 요구했다
p02_u69,p02,ce5.0,전복도 감사관실은 풍모갈리를 소우리한 단체와 규관장을 주의쳐은하고 해당 공부원들에 대해선을 홍개하도록 요구했다
p02_u69,p02,ce10.0,전복도 감사관1은 풍모갈리를 소우리한 단체와 규관장을 주의처은하고 해당 공부원들의 대해서는 홍개하도록 요겨었다
p02_u70,p02,taps,담사관 실은 선거 종및의무가 있는 공원들이 택정후보자를 지시하는 것으로 비치면 행정히 실례를 실7킬 우려가 있다고 밝혔다
p02_u70,p02,ce0.0,담사관 씨은 선거 종및 의무가 있는 공궁원들이 택정 포보자를 지지하는 것으로 비치면 생정인이 신례를 실치시켜 우려가 있다고 밝혔다
p02_u70,p02,ce0.1,당사관씨은 선거 죽및 의무가 있는 공궁원들이 택정 후버자를 지시하는 것으로 비치면 행정의 실례를 실7스킬우려가 있다고 밝혔다
p02_u70,p02,ce0.5,담사관 씨은 선거 종립 의무가 있는 공우원들이 택정 후보자를 지시하는 것으로 빕치면 행정이이 신례를 실취시키 우려가 있다고 밝혔다
p02_u70,p02,ce1.0,감사관 씨은 성고 종립의무가 있는 공우원들이 특정 허버랴를 지비하는 것으로 비치면 행정의 신례를 실체시켜 우려가 있다고 밝혔다
p02_u70,p02,ce2.0,당사간 씨은 선거 중립 의무가 있는 공우원들이 특정 후보자를 지지하는 것으로 비치면 행정의 신례를 실치시키 오력가 있다고 밝혔다
p02_u70,p02,ce5.0,방사간 1 성구 종립 의무가 있는 공우원들이 택정 허버자를 지지하는 것으로 비치면 행정의 신례를 실치시키 우력가 있다고 밝혔다
p02_u70,p02,ce10.0,선사간1 선거 총립 의후가 있는 공우원들이 특정포보자를 지지하는 것으로 비치면 행정후의 신례를 실치시킬 우력가 있다고 밝혔다
p02_u71,p02,taps,공국에서 코로한 일고 감염이 격증하는 가운데 방역당국이 하로신극 강연자가 3천 7백만 명에 일을 것으로 전망했다
p02_u71,p02,ce0.0,궁국에서 코원나 일고 감염이 득정하는 가운데 방역당국지 하로 식즉 가연자가 3천 체백만 명에 일을 것으로 전망했다
p02_u71,p02,ce0.1,"중국에서 코로나 1고 감염이 급증하는 가운데 장역당국이 하로 식북 가연자가 3,7백말 망의 일을 것으로 전망했다"
p02_u71,p02,ce0.5,공로대서 쿠원나 1고 가염이 극증하는 가운데 방역당국이 하로 힘국 방염자가 3천 세백만 명의 일을 것으로 전망했다
p02_u71,p02,ce1.0,공국을서 크로나 일구 감염이 급정하는 가운데 방역당국이 하로 식국 감염자가 3천 세백만 명의 입을 것으로 전망했다
p02_u71,p02,ce2.0,공국에서 크원나 1그 감염이 급증하는 가운데 방역당국이 하로 신국가면자가 3천세0만 명의 일을 것으로 전망했다
p02_u71,p02,ce5.0,공국에서 크로나 일리고 관염이 급증하는 가운데 광역당국이 하로 식축 반염자가 3천 7백만 명의 입에 것으로 전방했다
p02_u71,p02,ce10.0,중국에서 토원한 1구 감염이 급증하는 가운데 방역당국이 하로 식국 감염자가 3천70만 취명의 입을 것으로 전망했다
p02_u72,p02,taps,2진6기 불름법으 통신의 따르면 지난줄 중국 당국에 레브회위에서 국과 위생공광 위원회가 이런 추산치를 내놓았다
p02_u72,p02,ce0.0,2진6길 불름법으 통신에 따르면 지난줄 중국 당국에 레부회인이에서 국과 위생공광 위원회가 이런 추산치를 내놓았다
p02_u72,p02,ce0.1,이미 6기 불름법을 통신에 따르면 지난줄 중국 당국에 내부회인에서 극과 2생공광 위원회가 이런 추산치를 내동았다
p02_u72,p02,ce0.5,261 불름법으 통신에 따르면 지난줄 종룩 당륙해 4부회행에서 국가 위생공광 위원회가 이런 추산치를 내놓았다
p02_u72,p02,ce1.0,입 6길 불름법으 통심의 따르면 지난주 중국 당국에 내부회위에서 국가 위생공광 위원해가 이런 뜻선7 내로았다
p02_u72,p02,ce2.0,261일 플름법으 총심의 따르면 지한주 중국 당국에 4부회인에서 국과 위생 공광 위원회가 이런 추산치를 내루았다
p02_u72,p02,ce5.0,26기 불름박의 통심에 따르면 지난줄 경국 당국에 내부회이해서 국과 위생공광 위원회가 이런 추산치를 내놓았다
p02_u72,p02,ce10.0,26길 불름박고 총신의 따르면 지난줄 중륙 당룩에 내부행위에서 국과 위생공광 위원회가 이런 추산치를 내동었다
p02_u73,p02,taps,국과 위생인 공광 위원에는 공모한 찬합 기간으로 방역의 실모 살령합이며 위언장이 장강급이다
p02_u73,p02,ce0.0,국과 위생 공광 위원에는 공모한 사나기간으로 방역의 실모 사령타비며 위언정이 장강급이다
p02_u73,p02,ce0.1,국과 이생이 공광 위원해는 공모한 사나 기간으로 방역의 실모 살령타비막 위언장이 장강급이다
p02_u73,p02,ce0.5,국과 위생이 건광 위원에는 공모한 사나일간으로 방약의 실무 사령타에며 위원장이 장강씁니다
p02_u73,p02,ce1.0,국과 위생관광 위원에는 궁무원 사나 위간으로 방역의 실무 사령타에며 위원장이 장강급이다
p02_u73,p02,ce2.0,국과 위생이 건광 위원해는 공모한 산나기간으로 방역의 실물 사령타비며 위언장이 장간급이다
p02_u73,p02,ce5.0,국과 위생 건광 위원해는 공모한 사나 위간으로 방역의 실국 사령타비며 위언장이 장강급이다
p02_u73,p02,ce10.0,국가 위생의 건광 위원해는 공모한 산나 위간으로 방역의 실무 사령타비며 위원장이 장강급이다
p02_u74,p02,taps,공국 장국은 이달 치의브아 종기적 전수 유전자 종독 감사했고 시자일 부터는 무륭상 감염자 통계를 발표하지 않고 있다
p02_u74,p02,ce0.0,국급장국은 이달 치의 회터 정기적 전수로 유전자 중독 넘사했고 스사일 부터는 무중상 감염자 통계를 발표하지 않고 있다
p02_u74,p02,ce0.1,풍국장국군 이달 치의 부터 종기적 전수 유전자 중독 넘소했고 스사일 부터는 무륭상 감염자 통계를 발표하지 않토 있다
p02_u74,p02,ce0.5,홍룩당국군 이달 치의 부다 정기적 전수 유전자 중독 건팔할고 피자의 부터는 무중상 감염자 통계를 발혀하지 않고 있다
p02_u74,p02,ce1.0,공국당국은 이달 침이부터 정기적 전수 의전자 중독 관팔했고 피자의 부터는 무중상 감염자 통계를 발표하지 않고 있다
p02_u74,p02,ce2.0,호룩장국은 이달 7의부가 정기적 전수 유전자 중독 검사했고 사의 부터는 무중상 감염자 통개를 발표하지 않고 있다
p02_u74,p02,ce5.0,공국장국은 이달 7리과 정기적 전수 유전자 증독 검활고 피사일 부터는 무륭상 감염자 통계를 발표하지 않고 있다
p02_u74,p02,ce10.0,총국장국은 이달 치의 혈 정지적 전수 유전자 증독 겸사했고 피사일 부터는 무륭상 감염자 통계를 발표하지 않고 있다
p02_u75,p02,taps,호능이고 사망자도 감염후 폐험이나 호 부전으로 숨진 경우회만 직대한전는 원축을 공제의 한바 있다
p02_u75,p02,ce0.0,호원나이그 사망자도 감명후 태험이나 허없부전으로 숨진 교훈에만 집대한더는 원축을 봉제의 한바 있다
p02_u75,p02,ce0.1,포하의그 사망자도 감염후 태험이나 포부전으로 숨침 경회만 집대한전는 원측을 공제의 한바 있다
p02_u75,p02,ce0.5,포나육크 사망자도 감염후 폐험이나 허부전으로 숨진 경우회만 집변한들는 원축을 봉개의 한바 있다
p02_u75,p02,ce1.0,코화히고 사망자도 감명우 패험이나 호부전으로 숨짐 경우회만 지된한전는 원측을 공개에 한바 있다
p02_u75,p02,ce2.0,코능의 그 사랑자도 감명후 태험이나 호부자으로 숨침 경우해만 집변전을 원측을 공죄에 한바이 있다
p02_u75,p02,ce5.0,구원하에그 사망자도 감염후 태념이나 훨부전으로 순짐 경공해만 집변한단는 완측을 공제에 한바 있다
p02_u75,p02,ce10.0,코나일그 사명자도 감염후 패험이나 허부전으로 숨짐 경우에만 직변한자는 원측을 공제의 한바 있다
p02_u76,p02,taps,이어 25월부터 코로나 이에고 1의의시인질가염 통계 발표를 중전한다고 발혀 통국 당국이 통계를 조책하하는 것 아니이아을 일구심이 제기되고 있다
p02_u76,p02,ce0.0,이어 25회부터 코로나에고 1일 식이질가염 통계 발펴를 중전한다고 밝혀 통국 당국이 통계를 조책하하는 것 아니냐을 의구심이 제지되고 입자
p02_u76,p02,ce0.1,위어 25일부터 쿠로나 일고 1의의신길가면 통계 발풀를 중자한다고 밝혀 평국 당국이 통계를 조책하하는 것 아니양을 의굴심이 새기되고 있다
p02_u76,p02,ce0.5,위어25일부터 쿠어나해고 이질 신표가면 통계 발풀를 준자한다고 밝혀 총독 당국이 통개를 조책하하는 것 아니양을 의리브심이 재비되고 있다
p02_u76,p02,ce1.0,위어 25회부터 코로나 혈고 1의 심필가염 통계 발풀를 준자한다고 발혀 총독당국이 통계를 조택하하는 것 아니야는 의부심이 재비되고 있다
p02_u76,p02,ce2.0,이어25회부터 쿠어나에고 일의 심표하면 통계 발풀를 중자한다고 발혀 통국 당국이 통개를 조책하하는 것 아유야는 일구심이 제지되고 있다
p02_u76,p02,ce5.0,위어 25회부터 코어나일고 일의의 심질과면 통계 발패를 준자한다고 발혀 통국당국이 통계를 조책하하는 것 아니양을 의굴심이 재지되고 있다
p02_u76,p02,ce10.0,위어 25일부터 쿠로나일고 이대의 식필하면 통계 발펴를 준잔한다고 밝혀 총국 당국이 통계를 조책하하는 것 아니미야는 일브심이 재기되고 있다
p02_u77,p02,taps,"이런 가운데 장명 기은으로 인구가 6,51사십만 연명인 저장성 방역 당국이 전나의 하로 식줄 감염자가 등만명을 넘었다고 밝혔다"
p02_u77,p02,ce0.0,"이런 가운데 정령 기증으로 인구가 6,54만 연명인 조장성 방역 당국디 전나의 하로 신질 감염자가 등만명을 넘었다고 잘혔다"
p02_u77,p02,ce0.1,"위런 가운데 장양 기증으로 인구가 6,54만연명일 표장성 방역 당국이 전나의 하로 식결 감염자가 등념명을 넘었다고 달혔다"
p02_u77,p02,ce0.5,"이런 가운데 장양 기준으로 인구가 6,54만 연명이일 저장성 방역 당국이 전나의 하로 신효 감염자가 등념명을 넘었다고 밝혔다"
p02_u77,p02,ce1.0,"위런 가운데 장령기진으로 인루가 6,514만 연명인인 조장성 방역 당국이 전날 하로 신결 감염자가 백넘명을 넘었다고 밝혔다"
p02_u77,p02,ce2.0,"이런 가운데 창양 귀은으로 인두가 6,54만 여명인 저장성 방역 당국이 전나 하로 신줄 감염자가 등함명을 넘었다고 밝혔다"
p02_u77,p02,ce5.0,"이런 가운데 장명기신으로 인구가 6,54만 연명행인 저장성 방역 당국이 전나 하로 식줄 감염자가 백만명을 넘었다고 밝혔다"
p02_u77,p02,ce10.0,"이런가운데 장령귀신으로 인루가 6,54만 연명인 조장성 당역 당류디 전난 하로 신교 감염자가 등만명을 넘었다고 달혔다"
p02_u78,p02,taps,일을 단순 적용하면 1사옥 중국진 전체로는 하로엘 20택만 여명이 간염되을 것이라는 수정도 나운다
p02_u78,p02,ce0.0,일을 단순 적용하면 1사학 증국진 전체로는 하로의 200택 만 여명이 간염되을 거이라을 수정도 나운다
p02_u78,p02,ce0.1,일을 단순 적용하면 1사역 중국진 전체로는 하로의 201만연명이 간염되을 것이라을 수정로 나운다
p02_u78,p02,ce0.5,위를 단순 적용하면 1사학 중국인 전체로는 하로의 20택 만 여명이 가염되을 것이라을 수정도 나운다
p02_u78,p02,ce1.0,우위를 단순 적용하면 1사학 중국인 전체로는 하로의 20택만 여명및 당염되을 것이라을 수정도 나운다
p02_u78,p02,ce2.0,이을 단순 적용하면 1사학 중국진 전체로는 하로의 200택만 여명이 간염되을 것이라을 수정도 나운다
p02_u78,p02,ce5.0,위을 단튼 적용하면 1사학 중국인 전체로는 하로의 20택만 여명히 당염되을 것이라을 추정로 나운다
p02_u78,p02,ce10.0,일을 단순 적용하면 1사학 중록인 전체로는 하로의 20택만 연명이 간염되을 것이라는 추정도 나운다
p02_u79,p02,taps,불름법거는 베이징아 이집은 오및크론이 징국 담무의 주요드시 들해서도 두쪽더로 확찬했고 의제는 소도시와 농총으로 전파되는 것으로 보음다고 전했다
p02_u79,p02,ce0.0,불름박고는 대이징할 1슨 오및크론이 징국 담무의 주요드시 들해서도 두쪽더록 왔산했고 위제는 소도시와 농총으로 전파되는 것으로 보문자고 전했다
p02_u79,p02,ce0.1,불름버거는 배이징할 휩은 음및크론이 중국 담무의 주요드시 들해해서도 두축더로 확산했고 인제는 소도시와 농총으로 전파되는 것으로 보음자고 전했다
p02_u79,p02,ce0.5,불름박군 베리징할 웹은 오및크론이 친국 담무의 주요드시 드해서도 급속더로 확선했고 의제는 소도시와 농총으로 전파되는 것으로 부임라고 전냈다
p02_u79,p02,ce1.0,불름바고는 베이중할 위은 오및크론니 식국 담무의 주요두시 결해서도 급속더로 확산했고 인제는 서도시와 농총으로 전파되는 것으로 보임다고 전냈다
p02_u79,p02,ce2.0,불름바군을 대이징을 1은 오및크론이 중국 담무의 주요드시 드해해서도 그축더록 확선했고 이제는 서도시와 농총으로 전파되는 것으로 보인다고 전냈다
p02_u79,p02,ce5.0,불름박거는 베리중할 1슨 오및크론이 징극 담로의 주요드시 되해서도 그축더록 확찬했고 은제는 소도시와 농총으로 전파되는 것으로 보인다고 전냈다
p02_u79,p02,ce10.0,돌름바거는 베리신할 쉽은 오및크론니 징국 담무의 주요드시 드해서도 교축더록 확선했고 위제는 소도시와 농총으로 점파되는 것으로 보인다고 전했다
p02_u80,p02,taps,특히 밤음다 이dv 친세을 기천으로 수성명이 고향을 방문하고 복게하는 가정에서 확상히 즐폭되 것이라는 간추지 유역하다
p02_u80,p02,ce0.0,특히 다음자 이집b일 7세월 기천으로 수성명이 고향을 방문하고 복게하는 가정에서 확상이 죽폭되 것이라는 간추지 유졌하다
p02_u80,p02,ce0.1,특히 방음자 이dv 7세의 기험으로 수홍명이 고향을 방문하고 복대하는 가정에서 확산이 즐폭되 것이라는 간추인 유력하다
p02_u80,p02,ce0.5,특히 탐음다 2b1 친체를 기편으로 성명이 구향을 방문하고 복비하는 가정에서 확산히 죽폭대 것이라는 간추인 유력하다
p02_u80,p02,ce1.0,특키이 방음차 2집11 친재를 기점으로 수성명이 고향을 방문하고 복게하는 가정에서 확산히 줄폭대 것이라는 간추이 일력하다
p02_u80,p02,ce2.0,특히 가음차 이hb일 친재의 기점으로 수험령이 구향을 방문하고 복대하는 가정에서 확산히 즐폭될 것이라는 간추이 일력하다
p02_u80,p02,ce5.0,특히 1자 221 편대 기점으로 수황명이 고향을 방문하고 복게하는 가정에서 확산히 증폭될 것이라는 반추이 일력하다
p02_u80,p02,ce10.0,특히 1음딸 221 편재을 기점으로 수황명및 구향을 방문하고 복대하는 과정에서 확산이 증폭될 것이라는 간추이 유력하다
p02_u81,p02,taps,불름버고는 에프의 시대전나 실상 거점인 경적우와 산통강우 포베이성 후은 1월 중순의 코도능해일구 신길 감염이 경점을 치을 것으로 예상된다고 정했다
p02_u81,p02,ce0.0,불름법구는 에트레의 시대전나 실상 거점인 정적우와 산통서우 후베이성 주은 1월 주은순의 코로나해그 식질 감염이 정점을 찍을 것으로 예상된다고 정했다
p02_u81,p02,ce0.1,돌름버구는 내토의의 시대자나 세상 거점인 정저우와 산통성 9백성 중은 1월 중순의 코로나의 식0감염이 정점을 치을 것으로 예상된다고 정했다
p02_u81,p02,ce0.5,본름버원낸 애트의 시태전나 시향 거점인 정적우와 산통성우 후성 귀은 1월 중순의 코러나이르도 식킬감미 정점을 티을 것으로 예상된다고 정했다
p02_u81,p02,ce1.0,골름버고는 내프의 1패전나 시판 거점인 경저우와 산통강우 후배의상 귀은 1월 중순의 토원한해일구 식길 감염이 정점을 치될것으로 예상된다고 정했다
p02_u81,p02,ce2.0,돌름버그행 내트의 시태전나 1상 거점인 정적우와 산통성우 후백의성 후은 1월 중순의 포러항 일구 식취 감험이 정점을 치을 것으로 예상된다고 전했다
p02_u81,p02,ce5.0,불름버거는 애트의의 시대전나 시상 거점인 정접우와 산통 종 후배이 상 귀은 1월 중순의 토어능의 일고 신길 감험이 정점을 치을 것으로 예상된다고 존했다
p02_u81,p02,ce10.0,불름버그는 에프레 시대전나 세상 거점인 정적와 산통성 후백의성 중은 1월 중순의 코어능의 일고 식길 감염이 정점을 취을 것으로 예상된다고 정했다
p02_u82,p02,taps,차 바유테 괴사 차백 연구소가 3세대 비험관염 예방1신 cvihv-v 공공 위에 운상 의상 세여를 맞쳤다고 발혔다
p02_u82,p02,ce0.0,차 바유택 괴사 차백신 영구소가 3세대 비험환염 예방베신 cvihp빕 공공 2에 음상 이상 크어를 맞쳤다고 발겠다
p02_u82,p02,ce0.1,차 바유테킬사 차백신 연구소가 3체대 비험관염 예방베신 cvihvi 공공 이에 음상 의상 세여를 맞쳤다고 밝겠다
p02_u82,p02,ce0.5,차 반유택 괴자 차백0 영구소가 3세대 비험화염 예방매신 cviahp들 공공 위에 은상 의상스요를 맞쳤다고 밝겠다
p02_u82,p02,ce1.0,차바유택 길사 차백영구소가 3세대비0가염 예방1신 1iah비v공공 위에 운상 이상 폐여를 맞쳤다고 밝겠다
p02_u82,p02,ce2.0,차바이택 괴자 차백영구소가 3세대 비험하염 예방1신 c9ihpv공공 2에 영상 의상 회역를 맞쳤다고 밝혔다
p02_u82,p02,ce5.0,차 바이로테 괴자 차백0영구소가 37대 비험가염 예방1신 cviahpv공공 2에 운상 해상 크여를 맞쳤다고 밝혔다
p02_u82,p02,ce10.0,차반이로텔 괴자 차백명으소가 3세대 비험하염 예방1신 cviahvv공공 위에 6상 1상 소역를 맞쳤다고 밝혔다
p02_u83,p02,taps,차1친 연구소는 2021년 6월 1품 의약품 안은 처로부터 3세대 비험관영 예방베신의 공의 이 인상 혈상 인상 시험 계획서 승인을 받었다
p02_u83,p02,ce0.0,차1침 영구소는 2021년 6월 식풍 의약품 안은 처로부터 3세대 비험관영 예방되심에 국및 이 임상 께장 임상 시험 계획서 승위를 받았다
p02_u83,p02,ce0.1,차 베치 연구소는 2021년 유월 식품의약품 안전 처로부터 3세대 비험가영 예방베신의 국네인상일상 인상 취험 개획서 증위를 받었다
p02_u83,p02,ce0.5,타 1친 연구서는 2021년 유월 식풍 불약품 안존 처로부터 3세대 비험가영 예방배힘에 국네 인상 끌상 인상 피험 계획서 승인을 발랐다
p02_u83,p02,ce1.0,타 1친 영구소는 2021년 6월 식풍 의약품 안은 처로부터 3세대 비영관염 예방백신의 궁네 인탕 예상 인탕 피험 계획서 승인을 받았다
p02_u83,p02,ce2.0,차백신 연구소는 2021년 유월 1품 의약품 안은 처로부터 3세대 비험관염 예방백신에 궁늘 2인상 평상 임상 시험 계획수어 승인을 받었다
p02_u83,p02,ce5.0,"차0 영구소는 2,21년6월 1풍 의약품 안존 철로부터 3세대 비영가염 예방00의 궁네링상 외상 인상 시험 계획수어 생인을 받랐다"
p02_u83,p02,ce10.0,"차백 연고소는 2,2년 6월 1풍 의약품 안전 철로부터 3세대 비영관염 예방백신의 국네66상 의상 영상 시험 교획수어 증인을 받았다"
p02_u84,p02,taps,이후스키비링c 기험관념에 대한 형체가 음성인 119세이상 65체2만의 선이인 함식령을 계상으로 cvihvv 공공 이 k를 끝냈다
p02_u84,p02,ce0.0,이후 스크리인시 디역 관념에 되한 항체가 음성인 119세이상65미만의 선인인 30명을 제사으로 cp리ihvv 공공 이 티여를 끝냈다
p02_u84,p02,ce0.1,이후 스크리링시 비역 반념에 대한 항체가 음성인 만식크세 이상 65미만의 선니인 3식명을 계상으로 1필리아의 hbv 공공 이 필를 끝냈다
p02_u84,p02,ce0.5,이u 스키리링시 기역관념에 대한 항체가 음성인 119에 이상 65 미만인 선행인 탐0형을 대상으로 cpvihpt 공공 이 트여를 끝냈다
p02_u84,p02,ce1.0,이u스키리링시 귀형반념에 대한 항체가 음성인 119의 2상65 미만의 선령인 한0령을 계상으로 cvihvv 공공 2 투여를 끝냈다
p02_u84,p02,ce2.0,미u스크리딩시 비역관념에 대한 흥체가 음성인 119세2상65 미만의인 선님인 함신영을 그상으로 cvihv뒤 공공 이 키여를 끝냈다
p02_u84,p02,ce5.0,위후 스키리링시 디형관념에 대한 항체가 움성인 만시크회 이상 65미만해인 선인인 30영을 계상으로 1pihb뒤 공공 이 티여를 끝냈다
p02_u84,p02,ce10.0,이u스크리링 1뒤형반념에 대한 상체가 움성인 만식트세이상 705의 비만의 선령인 30명을 계상으로 cvihpp 공공 미투열를 끝냈다
p02_u85,p02,taps,앞으로 일령관 추적건찰하면서 안던성 내약성우 탐책적 면혹 원종을 평가에 가음단계 인창의 준비한다고 해살측은 자겼다
p02_u85,p02,ce0.0,앞으로 일령관 추적건사람면서 안전성 내약정우 탐책적 면혹 원종을 평가에 가음단니게 인창에 중비한다고 회사측은 다셨다
p02_u85,p02,ce0.1,앞으로 일령간 추적관사람면서 안전성 내약성우 탐책적 면혹 원성을 평가에 다음자니의 인상을 준비한다고 회사측은 자혔다
p02_u85,p02,ce0.5,앞으로 일령간 취적 건사람면서 안전성 내약성우 탐색적 몇혹 원성을 평가에 다음단의 인탕을 준비한다고 소작치은 다겼다
p02_u85,p02,ce1.0,앞으로 인양간 수적건 사람면서 안전성 내약성우 탐색적 몇원성을 평가일 가음단계 인탕을 준비한다고 해사측은 발혔다
p02_u85,p02,ce2.0,앞으로 인 형관 수적 건사하면서 안존성 내약정 탐택적 몇혹 원정을 평가에 다음단니의 인상을 준비한다고 해사측은 가혔다
p02_u85,p02,ce5.0,나토로 일량간 추적건사람면서 안전성 내약성 탐택적 몇혹 원성을 평가에 다음다니의 인상을 준비한다고 해사측은 자혔다
p02_u85,p02,ce10.0,나으로 일량간 수적 건사람면서 안전성 내약성 참택적 몇혹 원성을 평가에 다음단게 인상을 준비한다고 해사측은 자혔다
p02_u86,p02,taps,1v의hpv 공공 이면 3세대 항원인 ahpsa지이r과 연약 증강제lpahmpo를 포험하고 있다
p02_u86,p02,ce0.0,1vihpv 고록 이면 3세대 항원님 hpsa지rk 연약 중강치제 lpamp오을 포험하고 있다
p02_u86,p02,ce0.1,1vihp드일 고공 위는 3세대 향원인 hpsa지mr가 연약 증강대pa백mp오을 포어놓였다
p02_u86,p02,ce0.5,1의hp드 고공 이는 참태대 항관일 hp이sa지r과 예약 중강 1배pamp오를 퍼험하고 있다
p02_u86,p02,ce1.0,cvihp뒤 공공 이는 3세대 항원인 hpsa주r과 예약 중강뒤 lpamp5으를 포험하고 있다
p02_u86,p02,ce2.0,1vihpv 고 이는 3세대 황원인 hpsh로가 연약 중강시제pamp오를 퍼어먹겠다
p02_u86,p02,ce5.0,1hp뒤 고록이는 참세대 항관인 hps지과 예약 증강치제pamp오으을 풀어하겠다
p02_u86,p02,ce10.0,1ihp드 고론이는 3세대 향황인 hpshhr과 예약 증강 뒤대 pamp오를 풀어먹했다
p02_u87,p02,taps,rhksah는 1년9소가 첫체 개발한 3세대 항원으로 이세대 하원보다 면역 원정이 높다
p02_u87,p02,ce0.0,lahtsah는 차0년9소가 자체 개발한 3세대 하원으로 이세대 아원보다 면력 원정이 높다
p02_u87,p02,ce0.1,nahpsah는 차0명9소가 자체 개발한 3세대 항원으로 이세대 항원보다 몇역 원정이 높다
p02_u87,p02,ce0.5,rrhpssah는 80연구소가 자체 개발한 3세대 항원으로 이세대 항원보다 면력 원정인 동다
p02_u87,p02,ce1.0,엘lrhpsah는 8년구소가 자체 개발한 3세대 항원으로 이세대 항원보다 면역 원성이 높다
p02_u87,p02,ce2.0,lhtsah는 10년구소가 자체 개발한 3세대 항원으로 이세대 항원보다 변역 원정이 높다
p02_u87,p02,ce5.0,lhdsah는 1신 연구소가 자최 개발한 3세대 항원으로 이세대 항원보다 면력 원정이 없다
p02_u87,p02,ce10.0,lahpsah는 1신연구소가 자체 개발한 3세대 항원으로 리셔대 항원보단 별력 원정인 높다
p02_u88,p02,taps,몇약 중광제 lparmnpo는 체획성 연약 다능과 1포성 면약 다능을 통시에 유도에 체획성 면약 기능이 대부분인 타사 면약 증광제보다 쉽과가 좋하고 설명했다
p02_u88,p02,ce0.0,며약 증강제 lpamp는 책성 면약 다음과 1프성몇약 다능을 도시에 유도에 책획성 며약 기능이 대부분인 타사 면약 증강제부다 쉽과가 조하고 세명했다
p02_u88,p02,ce0.1,면약 중광제 rpampo는 책획성 면약 다능과 체포성 면약 다능을 동시에 유도에 책획성 면약 기음이 대부분인 타사 면약 중광제보다 실과가 좋하고 설망했다
p02_u88,p02,ce0.5,며약 증광제 lpampo는 책성 면약 다능과 1포성 면약 다능을 동시에 일도에 책성 면약 기능이 대부분인 타사 면약 증광제부다 혈가가 좋하고 세명했다
p02_u88,p02,ce1.0,몇약 중광대 ipampo는 새성 면약 다능과 색포성 면약 다능을 동시의 유도에 세획성 몇약 기음이 대부분일 타사 몇약 중광제부다 깨과가 좋하고 설명했다
p02_u88,p02,ce2.0,며약 중광제lpanpo는 책획성연약 다능과 1포성면약 다능을 통시에 유도에 책획성 면약 기능이 대부분인 타사 면약 중광제부다 쉽과가 좋하고 선명했다
p02_u88,p02,ce5.0,몇약 중광제 lpanpo는 최성 면약 다능과 최퍼성 면약 다능을 동시에 유도에 최획성 면약 기음민 대부분인 타사 면약 중광제보다 혈각가 좋하고 설명했다
p02_u88,p02,ce10.0,몇약 증광제 lpampo는 책획성 면역 다능과 세포성 면역 자능을 동시의 유도해 책획성 면역 기능이 대부분인 타사 면역 증강제보다 혈과가 좋하고 선명했다
p02_u89,p02,taps,차 1 년구서는 기전의 기험관영 예방 백신을 맞져도 방원효과가 없는 무 반행히 작고해서도 방원효가를 유도할 수 있을 것으로 기대야동이 있다
p02_u89,p02,ce0.0,사1년구소는 기전의 비험 환염 여방 백신을 맞져도 방원효과가 없는 무 반행히작권해서도 방원효가를 유도할 수 있을 것으로 기대할두고 있다
p02_u89,p02,ce0.1,차백 영구소는 기전의 비영 관영 예방 백신을 맞져도 방화효과가 없는 무 반행히 작고 내셔도 방화효가를 유도할 수 있을 것으로 기대야동이 있다
p02_u89,p02,ce0.5,차 백신년구서는 기존의 비형관염 예방 백신을 맞져도 방화효가가 없는 무 반능이작군해터도 방화효가를 유돌할 수 있을 것으로 기대할두게 있다
p02_u89,p02,ce1.0,차 백신 영구서는 기변의 비험 반염 여방 백신을 맞으도 방원효가가 없는 무 반능히 작고낸서도 방원효가를 유도할 수 있을 것으로 기배할되고 있다
p02_u89,p02,ce2.0,차 백신 연구소는 희전의 비험가염 예방 백신을 맞져도 방화효가가 없는 무 반능히 작군해서도 방화욕가을 유도할 수 있을 것으로 기대하주고 있다
p02_u89,p02,ce5.0,차백신 연구서는 기전의 비형 반념 예방 백신을 맞으도 방화효가가 없는 무 반능인작군해서도 방화효가를 일도할 수 있을 것으로 기대야종이 있다
p02_u89,p02,ce10.0,차 백신 영구서는 기전의 비형 반염 예방 백신을 맞져도 방화효가가 없는 무 반행히작군해서도 방화효가를 유돌할 수 있을 것으로 기대하두 있다
p02_u90,p02,taps,주만 나들에 서울 강랑구에 한 클업을 강문나 20대 여성이 기가 잘린 사실를 파락하고친구에 경찰이 있건전 조사를 버리고 있다
p02_u90,p02,ce0.0,주말 낮죄 설울 강랑우구에 한 클러을 방문나 20대 여성이 기가 잘린 파시를 파았하고 친고에 경찰이 이건전 조사를 버리고 있다
p02_u90,p02,ce0.1,주만 나더에 서울 강랑구에 한 클로을 강문나 20대 여성이 기가 잘린 파시를 파락하고 친고에 경찰이 있건전 조사를 버리고 있다
p02_u90,p02,ce0.5,주말 낮죄 설 강랑구에 한 클러을 방문나 유십대 여성이 기가 잘린일 파시를 파락하고 신구에 경찰이 있건전 조사를 버리고 있다
p02_u90,p02,ce1.0,주만 나드의 설 강남구에 한 클로을 방문나 인십대 여성이 길가 잘린 파실를 파락하고신구에 경찰이 있건전 조사를 버리고 있다
p02_u90,p02,ce2.0,주만 나들의 설울 강랑구에 한 클러을 방문한 20대 여성이 길가 잘린 사실를 파락하고신구에 경찰이 있건전 조사를 버리고 있다
p02_u90,p02,ce5.0,주만 나더에 설 강능구에 한 클업을 방문나 이십대 여성이 길가 달린일 파시를 팔락하고신구에 경찰이 있건전 주사를 버리고 있다
p02_u90,p02,ce10.0,주말 나대에 설 강랑구에 한 클로을 장문나 2십대 여성이 길가 잘린 사실를 팔락하고신구에 경찰이 입건전 조사를 버리고 있다
p02_u91,p02,taps,시피이 경찰에 따르면 서월 강난 경찰 서는 강랑고 농향운동에 이치한 클럽을 방문할 여성이 기가 잘렸다는 신고을 전날 접수에 조사를 버리좋었다
p02_u91,p02,ce0.0,시피일 경찰에 따르냐 서월 강난 경찰 서는 강랑국고 농야운 동에 이치한 클럽을 방음만할 여성이 기가 잘렵다는 신골을 전날 적수에 조사를 버리 주었다
p02_u91,p02,ce0.1,1피이 경찰에 따르년 서울 강난 경찰 손는 강난고 논향은 동에 이치한 클업을 방문할 여성이 기가 잘렸다는 신골을 전날 접수에 조사를 버리주 있다
p02_u91,p02,ce0.5,시피일 경찰에 따르한 서월 강난 경찰 소는 강랑고 논야운 동에 이치한 클업을 방문할 여성이 기가 잘렸다는 신골을 전날접수에 조사를 버리주 있다
p02_u91,p02,ce1.0,시피이 경찰에 따르면 서울 강난 경찰 전을 강난고 농향은 동에 위치한 클럽을 방물할 여성이 기가 잘렸다는 신골를 전날 접수에 조사를 버리고 있다
p02_u91,p02,ce2.0,시피v 경찰에 따르한 서월 강난 경찰 서는 강항고 농향음 동에 위치한 클업을 방문할 여성이 기가 잘렸다는 신골를 전날 접수에 조사를 버리고 있다
p02_u91,p02,ce5.0,1피일 경찰에 따르냐 서울 강난 경찰 전는 강랑고 농향운 동에 위치한 클럽의 방문할 여성이 기가 잘렸다는 신골회 전날 접수에 조사를 버리켰 있다
p02_u91,p02,ce10.0,1피일 경찰에 따르양 서을 강난 경찰 써는 강랑고 농향운 동에 위치한 클럽을 방물할 여성이 기가 잘렸다는 신골를 전날접수에 조사를 버리주있다
p02_u92,p02,taps,기난그의 나 해당 클업을 차은 여성을 술레치한 상태로 클락 강계자에게 발견됩다
p02_u92,p02,ce0.0,기난그의 나 해땅 플로을 찾은 여성은 소레치한 상태로 스플법 강계자에게 발견됩다
p02_u92,p02,ce0.1,난그의 낫 해당 틀러을 차은 여성은 술레치한 상태로 틀롭 관계자에게 발견됩다
p02_u92,p02,ce0.5,스난그의 나 해당 클로을 타은 여성을 술레치한 상태로 스클럽 관계자에게 밝견됩다
p02_u92,p02,ce1.0,귀난그의 나 해당 클러을 차은 여청은 스레지 상태로 스클락 강계자에게 발견렸다
p02_u92,p02,ce2.0,난그의 나 해당 클러을 카은 여성을 스레치한 장태로 스클락 광계자에게 발견됩다
p02_u92,p02,ce5.0,귀난구일 나 해당 클업을 카은 여통은 술레치 성태로 클락 강계자에게 발견됩다
p02_u92,p02,ce10.0,기난 그의 나 해단클로을 찾은 여성을 술레치 상태로 스클럽 관계자에게 발견렸다
p02_u93,p02,taps,당시 강기자는 여성이 피를 혈리는 것을 보고 일릴구해 신고르에 주나 여성이 치월를 거부에 옮급첫칭한 받고 그가였다
p02_u93,p02,ce0.0,장시 강기자는 여성이 피을 혈리는 것을 보고 일릴 구해 신골르했수나 여성이 치월를 거부에 음급첫치한밖도 그가했다
p02_u93,p02,ce0.1,당시 감기전는 여성이 피을 혈리는 것을 보고 일릴구해 심골을했으나 여성히 취월를 거부에 음급첫친한 밖도 규다했다
p02_u93,p02,ce0.5,당시 강기자는 여성이 피를 흘리는 것을 보고 일릴구회 신고를했쓰나 여성이 치로를 거부에 음급터치한 받고 귀가했다
p02_u93,p02,ce1.0,당시 광기자는 여성및 피를 혈리는 것을 보고 일일 구회 신고을했으나 여성및 치로를 거부에 응급첫치한 받고 귀가했다
p02_u93,p02,ce2.0,장식 강기자는 여성이 피를 혈리는 것을 보고 인일 구회 신고을했으나 여성이 치로들 거부에 응급터치만 받고 기가했다
p02_u93,p02,ce5.0,장식 강기자는 여성님미 피를 혈리는 것을 보고 일릴구회 신고르해 주나 여성의 7월를 거부해 움급었치만 받고 기가했다
p02_u93,p02,ce10.0,장식 관귀자는 여성이 피를 혈리는 것을 보고 일릴 고회 심고르에 주나 여성이 피월를 거부에 음급처치한 받고 기가했다
p02_u94,p02,taps,다음나 여성은 상처와 크다하는 것을 인지하고 음급 씨에 초자가 치령을 받았으며 도죄에 공찰려도 신고했다
p02_u94,p02,ce0.0,더음날 여성은 상처가 크다하는 것을 인지하고 응급실 처자가 치령을 받았으며 도시에 경찰려두신고했다
p02_u94,p02,ce0.1,다음나 여성한 상처와 회대하는 것을 인지하고 음을 씨리 쳐자가 치요를 받았으며 소지에 경찰에 드신고했다
p02_u94,p02,ce0.5,다음날 여성은 창처와 크대하는 것을 일비하고 무급신에 초자가 치격을 받았으며 좋실에 공찰려두신고했다
p02_u94,p02,ce1.0,다음나 여성은 상처가 크대하는 것을 인지하고 음급 1사자가 치요를 받았으며 종체에 공찰에도 신고했다
p02_u94,p02,ce2.0,다음날 여성은 상처와 크다하는 것을 인지하고 운급 시대 쳐자가 치용을 받았으며 독죄에 공찰려두 신고했다
p02_u94,p02,ce5.0,다음날 여성은 상처와 크대하는 것을 인지 하고 응급 시대쳐자가 치요를 받았으며 좋시에 경찰려드신고했다
p02_u94,p02,ce10.0,다음날 여성은 상처가 크다하는 것을 인지하고 응급 시대쳐자가 치을를 받았으며 송시의 경찰를도신고했다
p02_u95,p02,taps,여성은 술랫그봉이 기가 잘려 있었으며 어떤 경위을 잘린 것인 지낸 기험하지 않는다는 치지로 질스한 것으로 전해졌다
p02_u95,p02,ce0.0,여성은 스랫끗훈이 기가 잘려 있었으며 어떤 경위로 잘림 것인 지면이 기험원하지 않는다는 치지로 짐스사함 것으로 전해졌다
p02_u95,p02,ce0.1,여성은 스레끗풍이 기가 잘려있었으며 어떤 경기를 잘린 것인 진낸 기억하지 않는다는 1지로 준스한 것으로 전해졌다
p02_u95,p02,ce0.5,여성은 스레끼봉의 육히가 달려 있었으며 어떤 경위를 달린 것인 주낸 기영할지 않는다는 시피로 진스한 것으로 전해졌다
p02_u95,p02,ce1.0,여성은 스레끼분이 기가 잘려 있었으며 어떤 경류을 잘린것인지는 기용하지 않는다는 치피로 진스한 것으로 전해졌다
p02_u95,p02,ce2.0,여성은 스백끗병을 기가 잘려있었으며 어떤 경위를 잘린 것인지는 경원하지 않는다는 치지로 진스한 것으로 전해졌다
p02_u95,p02,ce5.0,여성은 스력꾀분이 기가 잘려있었으며 어떤 경기를 달린 것인 주는 기영원할지 않는다는 치지로 진수한 것으로 전해졌다
p02_u95,p02,ce10.0,여성을 스레귀분이 기가 잘려 있었으며 어떤 경미를 달린 것인지면 겨할지 않는다는 치지로 진수한 것으로 전으졌다
p02_u96,p02,taps,경찰 광계자는 클넘네 태태로티이 동을 통이 정확한 발생 경위를 조사중이라며 여성의일 진차한 의사소 규접 몇담하 예정이라고 했다
p02_u96,p02,ce0.0,경찰 광계자는 클로네 테세로 티v등을 통이 정업한 발쟁 경위를 조사주인이라며 여의 진차한 의사도 북접 몇담아 예정이라고 했다
p02_u96,p02,ce0.1,경찰 광계자는 클넘네 태새에로 티v등을 통이 정화한 발생 경위를 졸사주이다며 여성의 질사한 의사소 급접 몇담하 예정이라고 했다
p02_u96,p02,ce0.5,경찰 광계자는 클름네 테테에로 티v등을 통이 경확함 4생 경위를 조사중이라며 여러황의 진차한 의사소 북접 몇담말 예정이라고 했다
p02_u96,p02,ce1.0,경찰 광계되는 클넘네 테테에로 티v등을 통이 점확한 발생 경위를 조사중이라며 여정의 진사한 의사도 규접 몇자말 예정이라고 했다
p02_u96,p02,ce2.0,경찰 광계랴는 크넘네 패세에로 tv등을 통해 정확한 발생 경위를 조사준이라며 여성의 질차한 외사소 격접 면다할 예정이라고 했다
p02_u96,p02,ce5.0,경찰 광계 되는 크럼내 테테해로 tv등을 통행 정악한 발생 경위를 조살중이라며 여성의를 진차한 의사도 극접 몇담할 예주행이라고 했다
p02_u96,p02,ce10.0,경찰 관계자는 크엄네 패체로 티v 등을 통이 정확함 살생 경위를 조사중이라며 여성의 질찰한 의사소 죽접 몇담할 예정이라고 했다
p02_u97,p02,taps,신행원 날특 타역태 플락스 서 드레곤시비의 십사해 듯터 8월 2타0까지 더 206개서 기접트 밑에 마무고스지 드여를 유향한다
p02_u97,p02,ce0.0,심경관 나이투 스타의 호태 틀력스 서을 들레권 1비해의 십사해의 도터 8러 2타혈까지 더 206에서 기접트 미테 망우어스질 드여를 우향한다
p02_u97,p02,ce0.1,친경년 나이트스타의 호태 틀력스 서을 주레권시 비내의 식사일 부터 8월 28열까지 더 206에서 기접트 비에 망우고스치드어를 유향한다
p02_u97,p02,ce0.5,흉경양 나이토 스타의 호텔 플락스서을 주레곤 시비의 십사해를 부터 8월 28까지 더 206에서 기접트 미에 망우고스치 되여를 은려한다
p02_u97,p02,ce1.0,식경은 나이트 스타의 오텔 플렉스서을 드레곤 시이는 1자일 부터 8월 28까지 더 26에서 기별트 미에 망고스여 되여를 유향한다
p02_u97,p02,ce2.0,풍경원 나이토스타요 텔플력스서을 드레곤 시피낸 십사일를 부터 8월 28까지 더 206개서 기접트 미태 망우고스치 드여를 유향한다
p02_u97,p02,ce5.0,흉경년 라이프스타의 호텔 필력스서을 드레곤시피는 십사해를 붙터 8월 28까지 더 26에서 기접트 빛에 망우고스체 되여를 유향한다
p02_u97,p02,ce10.0,층경한 라이프스타의 호텔 플력수 서의 드레곤시티낸 식사해를 부터 8월 28까지 더 26에서 기접트 비패 망고스체드여를 유향한다
p02_u98,p02,taps,만우고 스투디오는 지난 결울 딸기 스투디오에 이여 더 26에서 한보이는 본 연름치진 기접트 비에다
p02_u98,p02,ce0.0,만국고 스치뒤어는 신난 결울 딸기 스티디오에 이여 더 26에서 선보이는 품 연름시질 지졌트 비에다
p02_u98,p02,ce0.1,만국고 스취디오는 신난이결을 따역기 스키디에 이요 더 206에서 탐보이는 품 연름시질 기졌트 빕에다
p02_u98,p02,ce0.5,만국고 스치비오는 신난 결을 딸기 시치비오에 이려 더 206에서 한보인을 품 여름시질 지졌트 빕에다
p02_u98,p02,ce1.0,망국고 스티비오는 진난 결을 달기 시키비오에 이여 더 26에서 한보이는 본 여름시은 지접을 빕되다
p02_u98,p02,ce2.0,마우고 스취디오는 지난 결을 따약이 시취디여에 이겨 더 206에서 선봉이는 품 여름시진 기접트 비되다라
p02_u98,p02,ce5.0,망우고 스티디오는 신난 결월 딸기 시티디오에 이이여 더 21해서 현보이는 품 연름시질 기졌트 빕에다
p02_u98,p02,ce10.0,만우고 스티디오는 신난 결을 따력기 시키디여에 이기어 더 26에서 한보이는 본 연름시진 기졌트 비에다
p02_u99,p02,taps,보태 디접트 비에는 아기자기한 디지월로 인징 사을 짓고 조새 위디어의 섬노인긴 조은 이림바 인타그레머브한 우소로 장고있어 엄지 세대이 목길를 끌고 있다
p02_u99,p02,ce0.0,호태 디접트 믿에는 아기자지한 디지열로 인증이 사을 짓고 조새 위디어의 섬으로노행기 좋은 우인바 인스타그레머브한 우소를 장고 있어 엄지 세대의 문길를 깨고 있다
p02_u99,p02,ce0.1,보텔 뒤접트 비에는 아기자기한 뒤지열로 인중 사실 집고 소쇠 위디어의 섬으루보인기 좋은 위림바 인사그레머브한 우소로 장고 있어 엄지 세대이 목기를 끌고 있다
p02_u99,p02,ce0.5,포텔 디접트 비이는 아기자기한 뒤지열로 인중이 사술 짓고 소새 미비어의 섬물노행끼 조은 의인바 인스타그레이머브한 우소로 잠고있어 엄지 세대의 목기를 끌고 있다
p02_u99,p02,ce1.0,오텔 뒤첫트 비에는 아기자기한 뒤지월로 인중사을 짓고 소새 미비어의 처보인궁 조은 이인바 인타그레m브안 우소를 당고 있어 d스대이 목길를 끌고 있다
p02_u99,p02,ce2.0,보텔 뒤접트 비회는 아기자기한 뒤지열로 인중 셔실 짓고 서새 v디어의 섬물을보인긴 조응 이는바 임스타그레머브안 루소를 장고있어 g세d이 녹길를 꾀고 있다
p02_u99,p02,ce5.0,호태 디었트 미켜는 아기자기한 뒤시월로 인승셔을 짓고 토새 위디어의 터물보의히 조은 우인바 인스타그레m브한 우소를 장고 했어 엄지세대의 물길를 꾸고 있다
p02_u99,p02,ce10.0,호텔 디었트 비에는 아기자기한 귀시월로 인중 셔실 칩고 소새 위디어의 섬물보이히 조응 의림바 임사그레머브안 요소를 잠고 있어 엄지 세대이 놓기를 끌고 있다
p04_u00,p04,taps,인천에 광풍을 동반한 토구가 쏟었지면서 도로곧꽃과 시장이 물을 삼귀고 경인국철 열차운행입 일곱 지언대는 등 피해가 있따랐다
p04_u00,p04,ce0.0,인천에 강풍을 동반한 토그가 쏟아지면서 도로곧꽃과 시장이 물에 삼기고 경인 국철 열타운행이 일부 지언대는 등 필회가 있따랍다
p04_u00,p04,ce0.1,인천에 방통을 동반한 토우가 쏟었이면서 도로곧꽃과 시장이 물에 잠기고 병인국 철1차운행 밀부 지언대는 등 표해가 따랐다
p04_u00,p04,ce0.5,인천에 강통일 동반한 토귀가 쏟었면서 도로곧꽃과 시장의 물에 잠기고 경인국철 몰타운행입 일부 지언대는 등 피해가 있따랐다
p04_u00,p04,ce1.0,민천에 강통을 동반한 토위가 쏟어지면서 도로 곧꽃과 시장이물에 잠귀고 경인이 급철 열차운행이 일부 지언대는 등의 귀회가 있따랐다
p04_u00,p04,ce2.0,인천에 강우통일 동반한 토위가 소었지면서 도로 곧꽃과 시장일물에 잠기고 경인구철 1차운행이 일부 지원대면등 피회가 있따랐다
p04_u00,p04,ce5.0,인천에 광풍을 동반한 토위가 소달기면서 도로 보꽃과 시장의 물에 장귀고 경인국철 열타운행이 일부 지언대는 등 피회가 따랐다
p04_u00,p04,ce10.0,민천에 강풍열 동우반한 통위가 서았기면서 도로곧꽃과 시장이불에 장귀고 경인국철 월차운행 일부 주연대면등 피회가 있따랐다
p04_u01,p04,taps,팔일 인천0 소방궁불에 따르면 이날 오전 연한지부터 오후 두시 30까지 일릴9 모두 84섯건의 뒤신고가 접수했다
p04_u01,p04,ce0.0,파일 인천0 소방분불에 따르면 이날 오전 연란시부터 오후 두시 39가위 밀릴그에 모두 84섯 건의 비해신고가 접추했다
p04_u01,p04,ce0.1,파일 인천 소방 분불에 따르면 이날 오전 연란으부터 오후 두시 3부가류 1일교 모두 804섯건의 비해신 고가 졌수했다
p04_u01,p04,ce0.5,팔일 1천 소방봉부에 따르면 이날 오전 연1시부터 오후 두피 30부까지 1릴그 모두 80타섯건의 뒤해시는고가 접수했다
p04_u01,p04,ce1.0,팔일 1천 소방분불에 따르면 이날 오전 열한집부터 5후 두시 30분까지 일릴구에 모두 8시 타섯건에 뒤해시이 고가 접추했다
p04_u01,p04,ce2.0,차일 인천 소방분부에 따르면 이날 오전 열란지부터 로후 두시 30뿐갈류 일릴구에 모두 8식타섯던에 뒤해신는고가 접추했다
p04_u01,p04,ce5.0,팔일 은천 소방 분불에 따르면 은날 오전 연1시부터 오후 두시 30분가류 일릴교에 모두 팔식타섯권을 계해신고가 접수했다
p04_u01,p04,ce10.0,팔일 인천 서방봉부에 따르면 이날 오전 연한지부터 오후 두시 30분까지 1릴구에 모두 80타섯건에 티해신고가 접쓰했다
p04_u02,p04,taps,짧은 시간 많은 비간데리면서 개항구 작점동 토키굴과 위추월구 경인 고속도로 종점음 지앗차도는 오후 열두의 3분없터 차량 동행이 통계했다
p04_u02,p04,ce0.0,짧은 시간 많은 비간데리면서 제앙구 작전동은 토기굴과 이 추월그 병인 고속도로 종점음 지앗차도는 오후열독의 3부터 차량 동행이 통제했다
p04_u02,p04,ce0.1,짧은 치간 많은 비간데리면서 대항구 작천동 토키굴과 이 추월구 경은 고속도로 종점 지앗차도는 오후 열둔 3분높터 차량 동행이 통계했다
p04_u02,p04,ce0.5,잘은 시간 많은 비간데리면서 대항그 작천동 토키굴과 미추월그 경인 고족도로 종점음 지앗차도는 우후 열뿌지 3분터 차량 동행이 통제했다
p04_u02,p04,ce1.0,잘은 시간 많은 디간데리면서 대항그 작천목궁 토키을과 미추을국 경인 고속도로 종점음 지앗 차도는 우후 열두이 함분터 차량 동행이 통되했다
p04_u02,p04,ce2.0,짧은 시간 많은 비간데리면서 대항그 작천목궁 토키굴과 미추월국 경인 고속도로 종점음 지앗차도는 5후 열뿌의 3분터 차랑 동행이 통제했다
p04_u02,p04,ce5.0,잘은 시간 많은 피간데리면서 개항구 작천동 토히굴과 미추월구 경인고속도로 종점 지앗차도는 오후 열듯 함0분터 차랑 통행이 통제했다
p04_u02,p04,ce10.0,잘번 시간 많은 피간데리면서 대항구 작전동 토키굴과 미추울구 경인고속도로 종점음 지앗차도는 오후열두이 3분터 차랑 통행이 총제했다
p04_u03,p04,taps,격은국철 이로던 주안력에서 도화역 선노 인군도 침수대 열창 오행의 한동안 비연했다
p04_u03,p04,ce0.0,경은국철 이로선 주안력에서 도화역 선노 인군도 중수대 열차오능의 한동안 지언했다
p04_u03,p04,ce0.1,정은국철 이로선 주안력에서 도화역 선로 임군도 침수대 열창 우행 한동안 지언했다
p04_u03,p04,ce0.5,병인국철 1로선 주안력에서 도화역 선로 임근도 침수대 열창 은행의 한동안 지원됩다
p04_u03,p04,ce1.0,경행국철 이로던 주안력에서 도화역 선로 인근도 심수대 혈찬 오행의 한동안 비원했다
p04_u03,p04,ce2.0,경님국철 1로선 지안력에서 도 화역 선로 인군도 침수대 열찬 우행의 한동안 지언했다
p04_u03,p04,ce5.0,경인국철 이롯한 주안력에서 도화역 선로 인군도 침수대 1찬오능이 한동안 지언했다
p04_u03,p04,ce10.0,경님의국철 1로선 주안력에서 도화역 선로 임미군도 취수대 열창우능이 한동안 지원했다
p04_u04,p04,taps,비슷탄시가 부평정찰써 앞과 이추월구 제물보역 주안 역 인근도록 걷꽃도 짐물에 담겼다
p04_u04,p04,ce0.0,비슷탄시가 부평 정찰 더 앞과 이추월구 제물보역 주안역 임근도록 걷꽃도 짐물에 잠겼다
p04_u04,p04,ce0.1,비스탄시가 부평정찰써 앞과 이추월구 제물보역 주안역 인근도록 볼꽃도 인물에 다겼다
p04_u04,p04,ce0.5,비슷탄시각 부평형찰더 앞과 뉴추월그 제물보역 주안력 인근도록 볼꽃도 인물에 담겼다
p04_u04,p04,ce1.0,비스탄 시각 부평 경찰더 앞과 미추월구 재물보역 주완역 인근도록 걷꽃도 눈물에 다이었다
p04_u04,p04,ce2.0,비슷탄 시각 부향 경찰서 앞과 미추월그 제물보역 주안역 인근도록 곧꽃도 인물에 담었다
p04_u04,p04,ce5.0,비슷탄 시각 부평정찰서 앞과 미추월구 재물포역 주안력 인근도록 걷꽃도 인물에 담겼다
p04_u04,p04,ce10.0,비슷탄시각 두평 경찰써 앞과 의추월구 제물포역 주안역 인근도로 곧꽃도 진물에 담겼다
p04_u05,p04,taps,이로인에 도로를 달리던 차량이 물에 담겨 시민들이 기접 차를 밀기도 했으며 칠동한 소방당국이 안전 조치를 했다
p04_u05,p04,ce0.0,이로인에 도로를 달리던 차량이이 물에 담겨 시민들이 직접 차를 위우기도 했으며 칠동한 소방당국이 안전 소치를 했다
p04_u05,p04,ce0.1,이로인에 도로를 발리던 차량위 물에 담겨 시민들이 접접 차을 이류기도 했으며 칠동한 소방당국이 안전 조치를 했다
p04_u05,p04,ce0.5,이로인에 도로를 달리던 사량이운물의 담겨 시민들이 직값 차를 미기도했으며 7동한 소방당국이 안전 소치를 했다
p04_u05,p04,ce1.0,이로인에 도로를 달리던 사량 이운 물에 담겨 시민들이 집값 차를 미류기도 했으며 출통한 소방당국이 안전 소치를 했다
p04_u05,p04,ce2.0,이로인해 도로를 달리던 사량이후 물에 다누겨 시민들이 집접 차를 미기도 했으며 7동한 소방 당국의 안전 보치를 했다
p04_u05,p04,ce5.0,이로인에 도로를 달리던 사량위 물의 담겨 시민들이 기잡 차를 미우기도했으며 출동안 소방당국이 안전 조치를 했다
p04_u05,p04,ce10.0,이로인에 도로를 달리던 사량이운 물에 담겨 시민들이 직접 차를 미류기도 했으며 출동안 소방당국이 안전 조치를했다
p04_u06,p04,taps,앞서 오전 2출울그 도아동 세일 시장에 흩탕물이 들어차 가게 영업에 차질이 비어졌고 중구 중한동에서는 일부 주택과 돌로과 비물에 잠겨 주린들이 천 불편을 겪었다
p04_u06,p04,ce0.0,앞소 오전 2초그 더아동 질 시장에 혹탕물이 들어차 다의 영업에 차집이 리어졌고 중구 중산동에서는 일부 주택과 도로과 비물에 장벽 지민들이 천 불편을 겪억었다
p04_u06,p04,ce0.1,앞소 오전 2출울구 도아동 제일 시장에 흩탕물이 들어차 가의 영업에 차지이 비어졌고 충우구 중산동에서는 일부 주택과 도로가 비물에 잠벽 이인들이 천 불편을 겪었다
p04_u06,p04,ce0.5,앞더 오전 위초울고 도아동 세시장에 흩탕물이 들어차 가의 영업에 차집이 비어졌고 중구 중한동에서는 일부 주택과 돌로가 비물에 잠격 이인들이 큰 불편을 겪었다
p04_u06,p04,ce1.0,앞더 오떤 위월고 더아동 세시장에 획탕물이 들었차 가의 영업에 차질이 비어졌고 궁구 중탄동에서는 일부 주택가 도로가 빈물에 잠려 민들이 큰 불편을 잡었다
p04_u06,p04,ce2.0,앞더 오전 위풀를고 도아동 세일시장의 혹탕물이 들어차 가의 영업에 차지이 비여졌고 풍구 중산동에서는 일부 주택과 도로가 빈물에 잠려 지인들이 큰 불편을 겪었다
p04_u06,p04,ce5.0,앞소 오전 위취울구 도아동 질시장에 혹탕물이 들어차 각의 영업을 차지이 비어졌고 중구 중산동에서는 얼부 주택과 돌로가 비물에자이려 지민들의 큰 불편을 겪었다
p04_u06,p04,ce10.0,앞서 오전 위초울고 도아동 실시장의 색탕물이 들어차 가의 영업에 차지이 비어졌고 총구 중산동에서는 일부 주택과 돌로가 비물에 잠격 지민들이 큰 불편을 겪었다
p04_u07,p04,taps,오후 1시17분쯤에는 9평구 부평동의 한니 검물지아 택권 도장에 빈물이 차울라 소업을 받던 원생의 등 열두명이 대표했다
p04_u07,p04,ce0.0,오후 1십7분지에는 그평부 부평동의 한 검물지아 택권 도장에 빈물이 차울라 서업을 받던 원생등을 열두명을 대피했다
p04_u07,p04,ce0.1,오후 한시17분지매는 부평구 부평동을 한 겸물지아 택권 도장여 팀물이 차울라 소업을 받던 원생등을 열두명을 대피했다
p04_u07,p04,ce0.5,오후 한시식7분지에는 국평구 부평동의 한 검물지아 택권 도장에 비물이 차울라 서업을 받던 원생 등 열두명의 대피했다
p04_u07,p04,ce1.0,고후 한시 식7분지에는 국평구 부평동의 한 건물지아 태권 도장에 빈물이 차울라 서업을 받던 원생 등 열두명이 대피했다
p04_u07,p04,ce2.0,오후 한시식7분지에는 국평구 부경동의 한건물지아 택권 도장에 긴물이 차울라 서업을 받던 원생역등을 열두명의 대피했다
p04_u07,p04,ce5.0,오후 17분지에는 독경구 부경동의 아니 검물일지아 택관 도장에 김물이 처울라 수업을 받던 원생등 열두명의 대피했다
p04_u07,p04,ce10.0,5후 17분쯤에는 부평구 부평동의 한검물지아 택관 도장의 김무리 차울라 소업을 받던 원생 등의 열두명이 대표했다
p04_u08,p04,taps,인천 소방본두 관계자는 8체건은 배수 지원을 요청한 신고이며 나머지는 안전 조치신고 남며 선째까지 일령폐을 없다고 밝혔다
p04_u08,p04,ce0.0,인천 소방본두 던계자는 8새건은 배수 지원을 요청한 흰고이며 나머지는 안전 조치신고 나며 선째까지 인명폐을 없다고 밝혔다
p04_u08,p04,ce0.1,인천 소방분부 선계자는 80택건는 배수 지원을 요창한 힘고이며 나머지는 안전 조치신고 라며 선째까지 인명폐을 억다하고 밝혔다
p04_u08,p04,ce0.5,인천 소방품두 선계자는 8택건은 벨수 지언을 요창한 신고이며 나머지는 안전 조치신고 라며 현택까디 인명피을 없다고 밝혔다
p04_u08,p04,ce1.0,"인천 소방분부 관계자는 8택건은 벨수 지언을 요창한 신고이며 나머지는 안전 좋치신고""라며 선택까지 인망폐을 없다고 밝혔다"
p04_u08,p04,ce2.0,임천 소방분부 전계자는 8십책건은 벨수 지언을 요청한 신고이며 나머지는 안전 조치신고 나며 선책까지 인임망폐을 없다고 밝혔다
p04_u08,p04,ce5.0,인천 소방본부 선계자는 80새건은 벨수 지원을 요청한 신고이며 나머지는 안전 조치신고라며 현택까지 임명편을 없다고 밝혔다
p04_u08,p04,ce10.0,인천 소방분부 천계자는 8시 택건은 벨수 지원을 요청한 신고이며 남어지는 안전 소치신고 라며 현재까지 인명폐을 없다고 펼혔다
p04_u09,p04,taps,귀날 오후 체시 오후분 현제 내린기는 인천 98점5m이m터 부평9 83m이m터 풍구 인천공황 73점7m이m터 영종도 65점5m리m터 옮진군 장봉도 57점 5의리m터 등다
p04_u09,p04,ce0.0,끝날 오후 새스 5습분이 현재 내린기는 인천 98점5늘리무터 부평9 83m이 노터 분구 인천공황 73점7m이 노터 영종도 65점 5늘이 노터 온진군 장복은도 57점 오으리 묻터 등다
p04_u09,p04,ce0.1,비날 오후 세스50분 한재 내린비는 인천 98점 5늘리무터 부평9 83m이 묻터 중구 인천 공황 73점7m이 묻터 영종도 65점 오늘이 묻터 온진군 장봉도 57점 오늘리 묻터 등다
p04_u09,p04,ce0.5,끼날 오후 태회50분 현재 내린 비는 인천 98점5m리m터 부평9 84m이m터 기금그 인천 공황 7삼점7m리m터 영종도 65점5m리m터 응진군 장복도 57점5m리m터 등다
p04_u09,p04,ce1.0,이날 오후 태스 오0분 현제 내린 비는 인천 98점5m이m터 부평9 83m이m터 국의구 인천 공황 73점7m이m터 영족은도 65점 5m이m터 온진 군 장복은도 57점5m리m터 증이다
p04_u09,p04,ce2.0,이날 오후 세회50분 현재 내린귀는 인천 98점5m이m터 부평9 83m이m터 중구 인천공황 73점7m이m터 영종도 65점 5m이m터 온진군 장봉도 57점 5m리m터 등이다
p04_u09,p04,ce5.0,귀날 오후 태쇠50분 현재 내린귀는 인천 98점5m이m터 부평983mm터 중구 인천 공황 73점7m이m터 영종도 65점5m이m터 공진군 장봉은도 57점 5의이m터 등이다
p04_u09,p04,ce10.0,"끝날 오후 태스50분 현재 내린귀는 인,98점5mm터부평983mm 19 인천공황 73점7mm터 영종도 65점5mm 공진군 장봉도 57점5mm터 틈이다"
p04_u10,p04,taps,능천시는 비장 이단계를 발령하고 열개 군구와 일력 7벽 4신 육명을 두입해 비상 금무 최제를 유지하고 있다
p04_u10,p04,ce0.0,문천시는 비장 이단계를 발령하고 1개 구구와 1력7벽4생 요령을 두입에 비상 금무 최제를 유지하고 있다
p04_u10,p04,ce0.1,문천시는 비상 이단계를 발령하고 열깨 부은구와 입력 실백4신 6명을 두입에 비상 금무 최제를 유지하고 없다
p04_u10,p04,ce0.5,인천시는 비상 이단계를 발령하고 열깨 부은후와 일력 실백하신 육명을 두입에 비상 금 회제를 유지하고 있다
p04_u10,p04,ce1.0,민천시는 비상 이단계를 발령하고 열깨 고른구와 1력 쓸백자신 6향을 두입에 비상 금무 채대를 위지하고 있다
p04_u10,p04,ce2.0,군천시는 비상 이 단계를 발령하고 열깨 군구와 이력 7백4생 6명을 주있에 비상 금음 채제를 유지하고 있다
p04_u10,p04,ce5.0,능천시는 비상 위단계를 발령하고 멸깨 보든구학 율력 실백사신 6명을 두입해 비상금무 최제를 유지하고 있다
p04_u10,p04,ce10.0,궁천시는 비장 이단계를 발령하고 열깨 고음후와 율력 7득 사신 욕명을 주입에 비장금무 채제를 유지하고 있다
p04_u11,p04,taps,스독권 기당청은 1일 자정까지 인천에 백개서 3생의 미리이터의 비가 내릴 것서로 외버했다
p04_u11,p04,ce0.0,스독권 기당청은 1일자정까지 인천에 백개서 3평미m터의 비가내릴 것서로 예버했다
p04_u11,p04,ce0.1,스록권 비당청은 1일자장까지 인천에 1개서 3평미m터의 비가내릴 것으로 외버했다
p04_u11,p04,ce0.5,수독권 기장청은 1일 자정까지 인선에 1개서 3백미m터의 비가내릴 것으로 예보했다
p04_u11,p04,ce1.0,똑권 뒤장청은 1일자정까주 인선에6 대개서 30미이터의 비관내를 것으로 예보했다
p04_u11,p04,ce2.0,록권 귀장창은 시일자정까지 인천에야 대개서 3편 미의터의 비간내를 것으로 열보했다
p04_u11,p04,ce5.0,수독권 기장청은 11자정까지 인천에 돼개서 3mm터의 비가늘릴 것으로 외보했다
p04_u11,p04,ce10.0,스록권 기장청은 1일 자장까지 인천에 백개서 3생 미리m터의 비간내를 것으로 외보했다
p04_u12,p04,taps,벨거권 기모 생명현일일 받는 방송인 박스훈의 침형 c에 대한 구속접과 결정된다
p04_u12,p04,ce0.0,벨거관 기모 행명현위를 받는 방송일 박수훈의친형 ac에 대한 그속 접과 펼정된다
p04_u12,p04,ce0.1,벨거관 귀모 행명향밀일 받는 방송일 박수훈후 의침형 c에 대한 도속접고 잘정된다
p04_u12,p04,ce0.5,벨가구한 기모의 행향향밀를 받는 방송인 박수훈의 친형 ac에 대한 그속 여부과 될정된다
p04_u12,p04,ce1.0,결가구한 귀모의 생향사밀를 받는 방송인 박수훈의 치형 ac에 대한 그석 여이고 될정된다
p04_u12,p04,ce2.0,결각구 기모의 생향사일일 반면 장송일 박수훈의 친형 ac에 대한 그속 여부가 결정된다
p04_u12,p04,ce5.0,벨가구 기모의 행명협밀일 반면 당송인 박수훈의 친형 레이시에 대한 그속 여프가 결정면다
p04_u12,p04,ce10.0,벨가구한 길모의 행향향밀를 받는 방송인 박스훈의 친형 ac에 대한 그속여부어 결정면다
p04_u13,p04,taps,서울 서부지법은 십3의 로전 여의시3시군부터 박수홍의 비영 ah에대한 구속전 피이자 심문을 지능했다
p04_u13,p04,ce0.0,서울 서부지법은 1탄이 로전 1시 탐분부터 박수원의 치명 ahdns 구속전 피이자 신문을 지능했다
p04_u13,p04,ce0.1,처울 서부지법은 식3의 로전 여의시3분부터 박수의 취명 a지에 대한 구속전 되의자 신문을 지행었다
p04_u13,p04,ce0.5,서울 서부지법은 1탄이로전 1시3분부터 박수홍을 지영 a제대한 구속전 베의자신문을 지행했다
p04_u13,p04,ce1.0,서울 터부지법은 십탄의 로전 1시 탐시군부터 박수황을 귀영 at에 대한 구룩전 되의자 직문을 지행했다
p04_u13,p04,ce2.0,서울 서부 집법은 13의로전 1수 탐시분부터 박송을 귀영 at에 대한 구룩전 되의자신문을 지용했다
p04_u13,p04,ce5.0,서울 서부 집법은 13의로전 1시3시군부터 박수홍을 티영 a지에 대한 구속전 피이자심문을 지행했다
p04_u13,p04,ce10.0,서울 서부 집법은 1탄의로전 1시탐시분부터 박수훈의 취명 a지에 대한 구록전 표의자 짐문을 지능했다
p04_u14,p04,taps,ac는 지난 30년관 약백06거원에 달라는 동생 박소 수년 요 개약끔등을 생령했다는 의욕을 받고 있다
p04_u14,p04,ce0.0,ac는 지난 30년간 약백집 6어원에 달라는 동생 박스움으로 수전요 개악끔등을 생명했다는 의욕을 받고울다
p04_u14,p04,ce0.1,ac는 주난 3년관 약백16고관에 달라는 동생 박스움우을 수전요 개학끔등을 생명했다는 의혹을 받고 있다
p04_u14,p04,ce0.5,ac는 비한30년간 약백1 6어원에 달라는 동생 박스움의 수전 요 개악끔등을 생명했다는 의혹을 받도 있다
p04_u14,p04,ce1.0,에h는 지난 30년간 약백06거원에 달라는 동의생 닥스용의 수년요 개악끔등을 생령했 때는 의욕을 받도 있다
p04_u14,p04,ce2.0,요이씨는 지한3년간 약택쉽2어건에 달라는 동생닥스홍의 수년요 개악끔 등을 생령했 때는 의욕을 받고 있다
p04_u14,p04,ce5.0,ec는 지130년관 약백16거원에 달라는 동생 박스롱을 수전 요 개악끔 등을 생명했 다는 의혹을 받고 있다
p04_u14,p04,ce10.0,ec는 지한3년관 약백16어관에 달라는 동승 박스움의 추년 요 개학끔등을 승명했 다는 의혹을 받되 있다
p04_u15,p04,taps,앞서 지난에 사월 박수홍 치은 h부부가 매니디먼 트법인을 설립에 수익을 1정 비울로 분대하기를 했지만 이를 지키지 않았다며 검찰에 고소장을 결출했다
p04_u15,p04,ce0.0,앞서 지난을 사월 박수홍 측은 c부부가 me니지mn 트어둔 낼 설립패 스익을 1정 뒤울로 분대하기로 했지만 이를 지키지 않았다며 검 사에 거소장을 될출했다
p04_u15,p04,ce0.1,앞서 지난에 사월 박수홍 측은 h 5부가 m니지먼n 트어둔낼 설립에 스익을 1정 비울로 분벽하기로 했지만 일를 죽키지 않았다며 검 살에 고소장을 제출했다
p04_u15,p04,ce0.5,앞더 지난의 사월 박수홍 치은 ac 부부가 men지mn 들법인을 설립에 스익을 1정 비울로 분배하기를 했지만 일를 지키지 않았다며 검사에 거소장을 제출했다
p04_u15,p04,ce1.0,앞더 지난에 사월 박속홍 측은 c부부가 m니지머n트법인을 설립에 스익을 1정 비울로 분벽하기로 했지만 일을 지집이 않았다며 검사에 고조장을 제출했다
p04_u15,p04,ce2.0,밥서 지난에 사월 박수황치은 ac부부가 men지mn 트법인을 설립에 수익을 1정 비울로 분대하기로 했지만 이를 지키지 않았다며 검 살에 고소장을 될출했다
p04_u15,p04,ce5.0,앞서 지난에 사월 박수홍 치은 ac부부가 men지mn 트법인을 설립에 수익을 일정 비울로 분배하기로 했지만 이을 지키지 않았다며 검사에 고소장을 될출했다
p04_u15,p04,ce10.0,앞서 지난에 사월 박수홍 측은 ac5부가 men즈mn 트법인을 설립에 수익을 1정 뒤울로 분배하기로 했지만 이를 지키지 않았다며 검사에 고소장을 되출했다
p04_u16,p04,taps,이의 검차른 수사결과 ah가 법인 작금을 생령했고 스련 요 정산 u행 각종 세금 및 디용전까정 사이가 있다고 받다
p04_u16,p04,ce0.0,이에 검차른 스사결과 a시가 법인 작금을 생령했고 출년 요 정산 인행 국종 세금이 비용천 까정 사미가 있다고 받다
p04_u16,p04,ce0.1,이의 검차른 수사결과 ac가 법인 작금을 성령합고 출년요 장산 이행 각종 세금육 비용전 가정 사미가 있탁받다
p04_u16,p04,ce0.5,비에 검차른 수사결과 ac가 법인 작음을 생령했고 술련요 정산 이행 종 세금 및 비용전 까정 향위가 있다로받다
p04_u16,p04,ce1.0,이의 검차은 스사결과 ah가 법인 작음을 생명했고 술년 류 정산 u행 극종 세금 입 비용전 까등 향위가 있다고 받다
p04_u16,p04,ce2.0,이의 검차은 스사결과 ac가 법인 작금을 생령했고 스련요장산 이 크종 세금이 병용전 까정 향미가 있다고 받다
p04_u16,p04,ce5.0,비 검차은 수사결과 에기시가 법인 작금을 생명했고 출년류 정산 유행 가종 책금이의 비용전 까정 섬위가 있다받다
p04_u16,p04,ce10.0,이의 검찰은 수사결과 ac가 법인 자금을 생령었고 출년 류 정산 위 종 세금및 비용천 까정 향이가 있다고 받다
p04_u17,p04,taps,이 지난 7일 특장 경제 범재 가중 처벌 법상 행령함이로 c에 대한 사전 구속 영장을 청고했다
p04_u17,p04,ce0.0,이 지난 1일 특장 정재 넘재 가중 잡벌법상 형령향이로 rc에 대한 사전 구속정장을 청구했다
p04_u17,p04,ce0.1,이 지난 7일 특장 정재 범재 과중 잡벌 법상 평명하위로 c에 대한 사전 구속 경장을 향고했다
p04_u17,p04,ce0.5,b 지한 시일 특장 정재 넘재 가중 잡벌법상 행령향이로 ac에 대한 사전 그속 영장을 평고했다
p04_u17,p04,ce1.0,위 귀한 시일 특정 경재범재 가중 잡벌 법상 홍령하이로 c베한 사던 구속 경장을 청고했다
p04_u17,p04,ce2.0,이 지한 7일 특정 정재범재 가중 잡벌 법상 행령향위로 cd한 사던 그속 경정을 청고했다
p04_u17,p04,ce5.0,이지한 7일 특정 정재범죄 가중 첫벌 법상 행명향위로 nc대한 사전 구속 경생을 형고했다
p04_u17,p04,ce10.0,이에 지한 7일 특정 경재 범질 가중 차벌 법상 형령하이로 c배한 사전 구속 경장을 청로했다
p04_u18,p04,taps,한 천 박수홍은 황사 고소와 절개로 c부부가 술년녀와 개학금 등을 미규급했다며 860원 상장의 포해상 창구 소송을 지난의 유월 법원원해 제기 안바 있다
p04_u18,p04,ce0.0,한천 박수황은 황사 고소와 절개로 cp가 술년류와 개학끔 등을 미죽급했다며 860원 상당의 포의상 창구 소송을 지난의 유월 법원해제기 안바있다
p04_u18,p04,ce0.1,현천 박성움은 평사 도소와 결개로 lspo과 출년려와 개학금 등을 미규급했다며 860원 상당의 손의 상 창구 소송을 지난의 유월 법원해 제기 한바였다
p04_u18,p04,ce0.5,현편 박성은 방사 도소와 될개로 hpo가 수단녀와 개학끔 등을 미직급했다며 869원 상당의 손의대상 창구 소송을 지난의 유월 법원해제기 안바있다
p04_u18,p04,ce1.0,한편 닥수황은 형사 거소와 절개로esp이가 수현려와 개학금 증을 미직급했다며 86고관 상당의 코네의상 찬구소송을 지난의 유월 법원해 제비한발있다
p04_u18,p04,ce2.0,현천 박수움은 형사 고소와 결개로 hp가 수현류와 개학끝 증을 미지급했다며 869원 상병의 코의상 찬구소송을 진난의 유월 법원에 제기 한바있다
p04_u18,p04,ce5.0,현천 박수홍은 형사 고소와 절개로 ac5부가 출현녀와 개학금 등을 미직급했다며 806고관 상당의 손의상 향고 소송을 지난의 유월 법원해 제기 한발했다
p04_u18,p04,ce10.0,한천 박소은 형사 고소와 절개로 c몸과 스단녀와 개학끔 증을 이직급했다며 86고관 상당의 혼회상 창구 소송을 지난의 유월 법원해 제비한바있다
p04_u19,p04,taps,이후 소송 가정에서 c부부가 박수홍을 계인 통장에서 무단으로 돈을 인수한 사실도 확경 포의배탕 요구획을 백집 유고건으로 늙렸다
p04_u19,p04,ce0.0,이후 소송 가정에서 ac부부가 박추홍의 드인 통장에서 무단으로 돈을 임수한 소실도 파병 손의배탕 요구획을 1집 6고건으로 늙렸다
p04_u19,p04,ce0.1,이후 소송 가장에서 ah5부가 박수홍을 계인 통장에서 무다으로 돈을 인출한 사실도 화인 손의 배탕 요구획을 백집 유고건으로 릴렸다
p04_u19,p04,ce0.5,이후 소송가정에서 cp과 박부원을 계인 통장에까 무단으로 돈늘 인출한 사실도 확긴 손의 배상 요구획을 백립 미고건으로 늙렸다
p04_u19,p04,ce1.0,이후 소송가장에서 ahp과 박부움의 교운 통장에서 무단으로 돈을 일수한 사실도 확긴 혼의 배상 요구획을 백집 유고건으로 릴렸다
p04_u19,p04,ce2.0,이후 소송 가장에서 ac5부가 박수움을 계운 통장에서 무단으로 둔을 인수한 사실도 확긴 손의 배상 요구획을 백집 유고건으로 늙렸다
p04_u19,p04,ce5.0,이후 소송 가장에서 ac부부가 박수홍을 계운 통장에서 무단으로 둔을 인수한 서실도확긴 손의 배탕 요고획을 백집 유고건으로 늙렸다
p04_u19,p04,ce10.0,이후 소송가정에서 h5부과 박수원을 계흔 총향에서 무단으로 돈을 인수한 사실도 확긴 손의배탕 요구획을 1집 6고건으로 들렸다
p04_u20,p04,taps,위와 관년 a 2측은 배어원때 행령주장은 거지히며 법인 카드 사적 유용등 일부 의역은 인정하나 학소홍이 자용한 돈내게하면 그 히 소획기라고 수장했다
p04_u20,p04,ce0.0,위와 관년 에 2측은 배거권때 행령 주장은 거짓히며 법임카득 사적 이용등 일부 의역은 인정하나 박소홍이 자용한 돈내게하면 극히 소획이라고 주장했다
p04_u20,p04,ce0.1,위와 관년 a 기측은 배거원때 행령 주장은 거집이며 법림카드 사적 이혹등 일부 의역은 눈정하나 박소움이 자용한 돈내게하면 크히 소에기라고 주생합다
p04_u20,p04,ce0.5,위와 관년 ec측은 배거권때 행령주장은 거리시며 법림카을 사적 위용등 일부 의혹은 인정하나 박소홍이 다용한 돈내게하면 그히 소획기라고 주장했다
p04_u20,p04,ce1.0,위와 관년 a이h측은 배거권때 행령 주장한 거집시며 거인카들 찾적 위용등 일부 의역은 인정하나 박소움이 자용한 돈내 비하면 국히 소획기라고 주장했다
p04_u20,p04,ce2.0,위와관년 ac측은 배거원때 행령주장은 거짓이며 법인카을 찾적 유용등 일부 의역은 인정하나 박소홍이 자용한 돈내게하면 그히 소획기라고 주장했다
p04_u20,p04,ce5.0,위와관년 예이h측은 배거권때 형령주장은 거짓시며 법인파드 사적 지용등 일부 의협은 인정하나 작소홍이 삶한 돈내게하면 크히 소획기라고 주장했다
p04_u20,p04,ce10.0,위와관년 a이 지측은 배가관때 행령지장은 거짓시며 버딘카드 찾적 유용등 일부 의협은 인정하나 작소홍이 자한 돈내 비하면 크히 소획기라고 시장했다
p04_u21,p04,taps,본보 자롱사는 인체 공학적으로 설개한 씻트가 이국 가이로프레티 협회의 승인을 색득했다고 집구일 밝켰다
p04_u21,p04,ce0.0,볼보 자롱사는 인체근합적으로 설개한 시트가 이국 가이로프액티 협회의 승해을 새득했다고 지조일 밝혔다
p04_u21,p04,ce0.1,돌보 자동사는 임체경확적으로 설개한 씻트가 이국 과이로 프래티 접체의 승인을 했득했다고 십구일 밝켰다
p04_u21,p04,ce0.5,볼부 자동사는 인체경확적으로 설대한 지트가 리국 하이로프레티 접회의 승인을 했득했다고 수귀일 밝혔다
p04_u21,p04,ce1.0,볼보 자동사는 인체 공학격으로 설대한 지츠가 미국 가이로프레티 협회의 승해을 색득했다고 시귀일 밝혔다
p04_u21,p04,ce2.0,볼부 자동사는 인체공학적으로 설대한 시트가 이국 가이로프래티 협체의 승인을 새득했다고 시구일 발겼다
p04_u21,p04,ce5.0,볼보 자롱사는 인체공확적으로 설개한 시트가 유국 칼로프레티 협회의 승행을 획득했다고 수귀일 발혔다
p04_u21,p04,ce10.0,볼보 자동사는 인체공학적으로 살대한 시츠가 이국 발이로프레티 협세의 숨해을 색득했다고 시교일 갈켰다
p04_u22,p04,taps,가이로 프레티 협태는 대개에서 가장 권이 있는 가이로 프레티 던문 기간이다
p04_u22,p04,ce0.0,가이로 브랫티 첫태는 되개에서 가장 권이 있는 가이로 브랫티 전문 지간이다
p04_u22,p04,ce0.1,카이로 프레티 첫패은 태개에서 가장 건이 있는 가이로 프레티 전문 기간이다
p04_u22,p04,ce0.5,자이로 프레티 접에는 태개에서 가장 건이 있는 자이로 프랫티 전문 비간이다
p04_u22,p04,ce1.0,카이로프레티 접패는 태개에서 가장 권위 있는 카이로프레티 전은이 기간이다
p04_u22,p04,ce2.0,카이로프레티 잡태는 제계에서 가장 권위 있는 가이로프레티 전문 기관이다
p04_u22,p04,ce5.0,가이로 프랫티 협회는 대개에서 가장 권이 있는 가이로 프랫티 전문 기간이다
p04_u22,p04,ce10.0,가이로프레티 협회는 태개에서 가장 권이 있는 가이로프레티 전문 기간이다
p04_u23,p04,taps,적추 건광에 미치는 공정적인 효과와 우수한 분질력 안정우성동 엄각한 심사를 것쳐 채고 재품의 인령서를 바행하고 없다
p04_u23,p04,ce0.0,척축 선광을 입치는 경정적인 효가와 우스한 분질력 안정성동 엄격한 심사를 것혀 채고 재풍의 인경서를 반행하고 없다
p04_u23,p04,ce0.1,척초 전광의 믿치는 중정적인 효과와 우주한 품질력 안정성등 엄격한 신사를 거쳐 채고 재풍의 인경서를 반행하고 없다
p04_u23,p04,ce0.5,첫취 권광에 믿치는 종정적인 효과와 유주한 품질력 안정성등 엄각한 신사를 거쳐 세고 재품의 인증서를 반행하고 있다
p04_u23,p04,ce1.0,적치 건광에 믿치는 종정적인 효과와 우주한 품질력 안정우성우등 엄격한 신사를 거쳐 새골 재험의 임정서를 반행하고 있다
p04_u23,p04,ce2.0,적취 건광에 믿치는 중정적인 효과와 우부함 품질력 안정성등 검격한 심사를 거쳐 제고 재풍의 인정설를 반행하고 있다
p04_u23,p04,ce5.0,적추 전광에 믿치는 공정적인 효과와 유한 품질력 안정우동등 넘격한 심사를 거쳐 채고 재풍의 운중서를 바행하고 있다
p04_u23,p04,ce10.0,적추 전광에 미치는 중정적인 효과와 우주한 품질력 안정성등 검격한 심사를 것쳐 채고 재품의 흔증서를 반행하고 있다
p04_u24,p04,taps,볼보은 없게 최고수은의 단난남과 지기력을 제공하기 위해 정형했과 의 사와 삼력을 지행하고 있다
p04_u24,p04,ce0.0,돌보는 엎대 채고 수존의 단난남과 지지력을 제공하기 유해 정형했과 의 사와 한력을 지행하고 있다
p04_u24,p04,ce0.1,볼보는 업개 책고수준의 단난남과 지기력을 제공하기 위회 정형했과 의 사와 잠력을 지행하고 없다
p04_u24,p04,ce0.5,돌보은 업개 체고수준의 패난남과 지지력을 제공하기 위해 장향력과 의 사와 협력을 지행하고 있다
p04_u24,p04,ce1.0,올보는 업개 체고스준의 변난남과 지리력을 제공하기 위해 정향을과 의 사와 합력을 지행하고 있다
p04_u24,p04,ce2.0,볼보은 업개 최고수준의 변난남과 지지력을 제공하기 위해 정향했과 의사와 협력을 지행하고 있다
p04_u24,p04,ce5.0,볼보은 없게 체고수준의 변난함과 지지력을 제공하기 위해 정형할과 의사와 협력을 지행하고 있다
p04_u24,p04,ce10.0,둘보은 없게 최고스준의 편난함과 지지력을 제공하기 위해 정형역과 의자와 합력을 지행하고 있다
p04_u25,p04,taps,일를 바타으로 총돌의시 부상 기험을 줄릴 지 있는 경추 보으이 텐과 충면 충격 보으이 텐 도로이할 완가등 석신자인 안전기술를 씻체 통앞 해적공한다
p04_u25,p04,ce0.0,일를 바타으로 총도의시 부상 이험을 줄릴지는 경추 보호시스텐과 충면 충격 보으이텐 더로이탈 완 하등 적신적인 안전기소를 씻체 통합해져공한다
p04_u25,p04,ce0.1,일 바타으로 총돌리시집 부상 기험을 줄릴 지는 정추 보으이 천과 충면 총격 보으시 텐 도로이탈완가등 석신작일 안전기술를 씻체 통앞해세공한다
p04_u25,p04,ce0.5,밀를 바탕으로 총돌이 부상기험을 줄릴 수 있는 장축 보호 시스템과 충면 총격보으 시템 도로이탈 완화등 확신자인 안전 기소를 씻체 통앞될 되정한다
p04_u25,p04,ce1.0,1 바타으로 총도이의 부상기험을 줄릴주 있는 경출 보호시 텐과 충면 총격보으 시텐 더로일할 완화등 석신작인 안전기스를 시체 통화해 되용한다
p04_u25,p04,ce2.0,일일 바타으로 총돌씨 부상 기험을 주릴 수인는 장추보호 시스템과 충면 총격보호 시텐 도로일탈 완하등 석신작인 안전기소를 시체 통악해 되용한다
p04_u25,p04,ce5.0,일 바탕으로 총돌시 부상기험을 줄릴주 있는 경추 보호시스텐과 충면 총격보으 시텐 도로이탈왕하등 석신작인 안전 기소를 씻체 통확될 미공한다
p04_u25,p04,ce10.0,일 바탕으로 총돌시지 부상 위험을 줄릴수 있는 경추보호 시쯤과 충면 총격보호 시텐 더로이탈 완 하등 석신작인 안전기소를 씻체 통업해 지공한다
p04_u26,p04,taps,또 독둑한 헤드에스 지역이 종추 보기능을 강활 수도 설개했다
p04_u26,p04,ce0.0,또 독득한 헤드에스 트역쇼 경출 보욱지행을 강활 쉬도 할개했다
p04_u26,p04,ce0.1,또 독득한 헤드에스트 역시 정추 보호기행을 강활할 수 있도 활개했다
p04_u26,p04,ce0.5,또  독특한 헤드레스 뒤역이 방식 보은 기행을 강활할 수 있도록 설개될다
p04_u26,p04,ce1.0,또 독득한 회드에스 되역시 정풀 보호기행을 강활할 수 있도 설개했다
p04_u26,p04,ce2.0,또 독둑한 헤드레 트역시 강시 보국 기령을 강활수 있도 설개되다
p04_u26,p04,ce5.0,또 독득한 헤드레트역시 경수보기능을 강활수 있도 설개될다
p04_u26,p04,ce10.0,또 독득한 회드에 트역시 정출보우기영을 강활할 수 있도록 설개되다
p04_u27,p04,taps,짐 미클츠 볼보 자동차 us 개품 및기을 관심어 옷어 총과은 볼보이집트는 운전자와 성객의도로에서 파나남 기장히 안전을 고장한다고 말했다
p04_u27,p04,ce0.0,짐 67 볼보 자동차 us 개품 육길을 관심어 5어 총과은 볼보이시트는 운전자와 성계후 도로에서 파나남 기장이 안전을 보장한다고 말했다
p04_u27,p04,ce0.1,"짐민 미토스 볼보 자동차 usa 대품은 및 기을 관실어 옷어 총과은 볼보의 시트는 운전자와 생계의 도로에서 판난남 비장의 안점을 보장한다""고 말했다"
p04_u27,p04,ce0.5,중 미7 볼보 자동차 us 개품 및 기을 관심어 5어 청과은 볼보이시트는 운전자와 성객이 도로에서 파난남 뒤장의 안전을 고장한다고 말했다
p04_u27,p04,ce1.0,짐민 미골 볼보 자동차 usa 대품 및기을 관실어 5어 청과은 볼보의 집트는 운전자와 생객이 도로에서 판나남 귀장히 안전을 보장한다 고 말했다
p04_u27,p04,ce2.0,"주인67 골보 자동차 us 재품 및 길을 관심어 옷어 청과은 볼보의씻트는 운전자와 성객의 도로에서 판한람 기장의 안전을 고장한다""고 말했다"
p04_u27,p04,ce5.0,지민67 볼보 자동차 usa 대품 육길을 관심월 옷어 총과은 볼보의 시트는 운전자와 생객위 도로에서 판난람 기장의 안전을 보장한다고 말했다
p04_u27,p04,ce10.0,죄인 미표 볼보 자동차 usa 대품 및키을 관심월 5어 총과름운 볼보의 시트는 운전자와 성객위 스도로에서 판한람 비장인 안전을 보장한다고 말했다
p04_u28,p04,taps,육일 지당 선거를 앞두고 선거 구원에 여러그회를 찾아가 환금 명목으로 근품을 적공안 문경국 인천 옮긴 군수가 재판에 넘겨졌다
p04_u28,p04,ce0.0,육질 지당 선거를 앞두고 선거 구운에 여러 교회를 찾자가 환금 명목으로 금품을 제공안 문병복 임천 옮징 군수가 재탄에 넘겨었다
p04_u28,p04,ce0.1,육일 지당 선거를 아뜨고 선거구원에 여러교회를 찾아가 선금 양목으로 근품을 제공한 문경복 임천 옮진 군수가 재탄에 넘겨었다
p04_u28,p04,ce0.5,륙길 지방 번거를 앞두고 혼거 교원회에 여러 교회를 찾자가 혼금 명목으로 금품을 적공한 문경국 인천 온긴 군수가 재판에 넘겨었다
p04_u28,p04,ce1.0,육길 지방 번거를 앞두고 번코그운에 열 교회를 찾아가 혼금 향목으로 금품을 제공안 운병복 인천 용긴 군부가 재판에 넘겨었다
p04_u28,p04,ce2.0,육일 지방 선거를 앞뜨고 선거 구원회 여러 교회를 찾아가 선금 영목으로 금품을 제경한 문병의복 인천 용진 군수가 재판에 넘겨졌다
p04_u28,p04,ce5.0,육일 지당 선거를 앞두고 천거구원회 여러 그회를 처자가 선금 양목으로 겸품을 적용한 군경우국 인천 용긴 군부가 재판에 남겨졌다
p04_u28,p04,ce10.0,육일 지당 선건를 앞두고 선거구운회에 여 교회를 찾자가 선금 명목으로 금품을 제공한 문병국 임천 응진 군수가 재판해 넘겨었다
p04_u29,p04,taps,인천지금 형사 6분은 17일 공국 전겁법 이반하으로 문군스를 굴구속기소했다고 밝겼다
p04_u29,p04,ce0.0,운천지금 형사 육부는 17일 공죽 전값법 이반험으로 문군수를 굴구족기소했다고 밝겼다
p04_u29,p04,ce0.1,인천지금 평사 6부는 17일 공국 선것법 이반하으로 운군술릴 불구족기소했다고 밝혔다
p04_u29,p04,ce0.5,인천지금 형사 육부은 1실일 공축 선겁법 이반험으로 문군수를 불구속기소했다고 돌겼다
p04_u29,p04,ce1.0,인천지금 형사 6분은 10일 공국 삼겁법 이반 점이로 은군스를 불교속기소 했다고 밝혔다
p04_u29,p04,ce2.0,일천지금 형사6부은 17일 공직 선겁법 이반 섬이로 문군술를 불구족기소 했다고 버겼다
p04_u29,p04,ce5.0,인천지금 형사6분은 17일 공국 선겁법 이반 협이로 문군스를 불구족기소 했다고 밝혔다
p04_u29,p04,ce10.0,군천지금 형사육도는 1시일 공국 선겁법 이반험이로 문군스릴 불구족기소했다고 풀겼다
p04_u30,p04,taps,문군수는 지난 유월 일일 치어진 채 팔해 전국 동 비비방관거을 앞으고 옮김군 내 교회해내고 제 50일만은 장당의 근품을 제공한 협위를 낫고 있다
p04_u30,p04,ce0.0,분군수는 지난 유월 일일 지어진채 팔해 전국 동수 집방 선거을 앞두고 옮중군 내 교해 내고제 모시질만원 상당의 금풍을 적고한 협밀를 받고 없다
p04_u30,p04,ce0.1,문군수는 지난 6월위일 치어진 채 팔해 전국 동수 주방건거를 앞두고 온진군내 교회내고제 51만원 상당의 군풍을 적어한 험물를 왔고없다
p04_u30,p04,ce0.5,눈군수는 지난 유월일일 지어준채 팔해 전국 동시 집방선거를 앞르고 온진군내 교에 내고에 로시일 만원 당당의 금품을 조공한 협물를 갔고 있다
p04_u30,p04,ce1.0,눈군수는 지난 유월 입일 질월준체 8해 전국 동시 지방선거를 앞디고 홍진군내 교해 내고에 모시일만원 상당의 금품을 제공한 향밀를 받고 있다
p04_u30,p04,ce2.0,눈군수는 지난 유월 일일 지어진채 팔해 전국 동시 지방선거을 앞두고 홍진군 내 교회해 내고제 오집일만한 상당의 금품을 적공한 혀위를 났고 있다
p04_u30,p04,ce5.0,률군수는 지난 유월입일 치월 준최 8해 전국 동시 규방산거을 앞드고 온진군 매 교에 내고죄 5일 만한 당당을 경품을 적경한 협물를 맞고 있다
p04_u30,p04,ce10.0,눈군수는 지난 유월일일 치어진채 팔해 전국 동시 지방선거을 앞두고 홍진군내 교회 내고에 51 만한 당당의 검품을 적구한 험밀를 맞고 있다
p04_u31,p04,taps,공국 전겁법에 따르면 후보자나 후보자가 데려는 사람은 헌거 구입이나 헌거구운 내에 단체둥에 기부행위를 할 수 없다
p04_u31,p04,ce0.0,공직 전겁법에 따르면 후보자나 후보자가 데려는 사람은 헌거 군입이나 헌거구운 내에 단체둥에 집부행위를 할 수 없다
p04_u31,p04,ce0.1,공숙 천겁법에 따르만 후보자나 후보자가 되려는 사람은 천거 구민루나 전거구운 내에 단체등을 집부행위를 할 수 없다
p04_u31,p04,ce0.5,공식 선겁법에 따르면 후보자나  후보자가 데려는 사람은 던거 그입이나 선걱로 내에 단체동에 집부 행위를 할 썼없다
p04_u31,p04,ce1.0,공의직 잔겁법에 따르면 후부고자나 우로자가 되려는 사람은 헌거구민이나 헌거 구운내에 단최중에 기부행위를 혈뜯없다
p04_u31,p04,ce2.0,동역줍 찬겁법에 따으면 후부고자나 무어자가 되려는 사람은 선각 군민이나 선거 론대에 단최중을 기부 행위를 할 수 없다
p04_u31,p04,ce5.0,공숙 선것법에 따으면 후보자나 요자가 데려하는 사람은 선거구위이나 선거구운 내에 단체종에 기부행위를 할뜯없다
p04_u31,p04,ce10.0,공육 천겁법에 따르면 후보자나 모자가 데려하는 사람은 천거구입이나 선거구운내에 단최동에 기부 행위를 할 수 없다
p04_u32,p04,taps,앞석 형차은 문군수가 평소 다니던 교회를 토하면 다른 교회 등만언는 헌금을 하 것으로 보고 선겁법 이반 희위로 입권냈다
p04_u32,p04,ce0.0,앞석 형차은 문군수가 평소 다니던 교회를 포하면 다른 좋에 등만원는 헌금을 하는 것으로 보고 헌겁법 이반 협이로 엎건냈다
p04_u32,p04,ce0.1,앞석 정차른 군군수가 평소 다의던 교회를 토하면 다른 교회 등만원을 헌금을 한 것으로 후고 선겁법 이반 향류고 있권했다
p04_u32,p04,ce0.5,앞석 형차른 문군수가 평소 다니던 교회를 통함에 다른 교회 백만원의 헌경을 한 것으로 보고 선겁법 이반 협이로 입권했다
p04_u32,p04,ce1.0,앞더형 탈른 눈군스가 평소 다니던 교회를 고하여 다른 교회 등만원의 헌금을 하닌 것으로 하고 헌겁법 이반 섬이로 입권냈다
p04_u32,p04,ce2.0,앞석 형차은 문군수가 평소 다의던 교회를 포함에 다른 교회 등만원의 선금을 한 것으로 보고 선겁법 이반 협이로 있권했다
p04_u32,p04,ce5.0,앞서형차른 문군수가 평소 다니던 교회를 포함에 다른 교회 등만원을 혼금을 한 것으로 보고 선겁법 이반 협이로 입뿐원냈다
p04_u32,p04,ce10.0,앞석 형차은 은군수가 평소 다니던 교회를 포함에 다른 교회 백만원의 헌경을 한 것으로 보고 선겁법 이반 협이로 있건냈다
p04_u33,p04,taps,장찰른 한거구 네 교회 여러고에 돈을 기보안행우는 통상적인 헌금으로 복게 어롭다며 검차에 송치했다
p04_u33,p04,ce0.0,장찰른 현거구운네에 교회 열러곳에 돈을 기보한 형우는 통상적인 헌금으로 부여 얻롭다며 검차에 성치했다
p04_u33,p04,ce0.1,장찰른 현거구 내 교회 여러곳에 돈을 기보한행우는 통상적인 헌금으로 폭게 어롭다며 검차에 통치했다
p04_u33,p04,ce0.5,장찰른 번거구운네 교회 여러곳에 돈을 기보한 행위는 통상적인 헌금으로 폭이 얻롭다며 검차에 송치했다
p04_u33,p04,ce1.0,장찰은 현코교운내의 교회 여러고에 돈을 기보한 행이는 통장적인 환금으로 폭게 얻롭다며 검차를 통치했다
p04_u33,p04,ce2.0,장찰은 현거구 내 교회 여러곳에 돈을 기보한 행위는 통상적인 환경으로 폭게 어롭다며 검차의 성취했다
p04_u33,p04,ce5.0,정찰른 번커구운네 교회 여러곳에 돈을 기보한 행위는 통장적인 헌금으로 폭이 얻롭다며 검차를 통치했다
p04_u33,p04,ce10.0,정찰은 선커구운네의 교회 열러곳에 존을 기보한 행위는 통상적은 현금으로 폭게 얻롭다며 검찰에 송취했다
p04_u34,p04,taps,검차은 추가 조사를 버려 은군수가 자신의 다니던 교회를 재외한 내곳의 교회에 5심만너을 헌금한 것을 파았했다
p04_u34,p04,ce0.0,검찰은 추가 조사를 버려 운분수가 자신의 다니던 부회를 재외한 내곳을 교회에 5심만원을 헌금만 것을 파았했다
p04_u34,p04,ce0.1,검찰은 추가 조사를 버려 운군수가 자신에 다녀던 그회를 재외한 내곳스 교회에 오신만너를 헌금만 것을 파았했다
p04_u34,p04,ce0.5,검찰은 수가 조사를 거려 눈군수가 자신의 다니던 교회를 재외한 내곳스 교회에 오심만노를 헌큼한 것을 파았했다
p04_u34,p04,ce1.0,검차은 추가 존사를 버려 은군수가 자신의 다네던 교회를 재외한 내곳스 교회에 오심만너를 헌금만 것을 파았했다
p04_u34,p04,ce2.0,검찰은 수가 조사를 버려 눈 군수가 자신의 다이던 계회를 재외한 내곳스 교회에 오심 만노를 헌구만 것을 포았겠다
p04_u34,p04,ce5.0,검차은 추가 조사를 버려 온 군수가 자신이 다니던 교회를 재외한 내곳스 교회에 5심만노를 헌금한 것을 포학했다
p04_u34,p04,ce10.0,검찰은 추가 존사를 버려 은 군수가 자심의 다니던 교회를 제외한 내곳스 교회의 오0만너을 헌금한 것을 포았했다
p04_u35,p04,taps,검찰 관계자는 분군술를 공직 던겁 법상 기부행위로 불구속 기고했다고 말했다
p04_u35,p04,ce0.0,검찰 반계자는 분군수를 공직 던겁 법장 기부행위로 불구속 기소했다고 말했다
p04_u35,p04,ce0.1,검찰 반계자는 눈군수을 공직 던겁 법상 기부행우로 불부속 뒤소했다고 말했다
p04_u35,p04,ce0.5,검찰 반계자는 분군수를 풍식 관겁법당 기브행위로 불구속 기소했다 고 말했다
p04_u35,p04,ce1.0,검찰 관개자는 분군술을 공직 던겁법당 기푸행위로 불부석 기소했다 고 말했다
p04_u35,p04,ce2.0,검찰 관계자는 분군수를 공직 던겁 법장 기브행위로 불구석 기소했다고 말했다
p04_u35,p04,ce5.0,검찰 관계자는 분군수를 공직 던겁법장 기부행위로 불구석 기도했다고 말했다
p04_u35,p04,ce10.0,검찰 반계자는 눈군수을 공직 던겁법장 기을행위로 불구석 기소했다고 말했다
p04_u36,p04,taps,두천장에서 자이름밀로가저히지 아는 차량만 골라서 근품득을 훔친 3십대 남통이 경찰의 굳잡했다
p04_u36,p04,ce0.0,두천장에서 싸이드밀로가 저히지 아는 차량만 골라서 근품등 훈친 3식대 남동이 경사를 굳잡혔다
p04_u36,p04,ce0.1,두천장에서 사이르이로가 저히지 아는 차량만 골라서 근품등을 훔친 잠식대 남동 경사에 굳잡혔다
p04_u36,p04,ce0.5,두천장에서 다이드이로가 저히지 아는 사량만 골라서 근품등을 움친 삼식대 남동이 종사에 굳잡혔다
p04_u36,p04,ce1.0,조사장에서 다이드 밀로가 접기지 하는 사량만 골라서 근품들을 훔치 삼식대 남성이 경사를 굳잡혔다
p04_u36,p04,ce2.0,들천장에서 자이루밀로가 접히지 아은 자량만 골라서 근품들을 울진 삼십된 남동이 경사에 굳잡혔다
p04_u36,p04,ce5.0,두사장에서 자이르밀로가 접히지 아는 차량만 골라서 근품등을 훔진 30된 남동이 경사를 붙잡했다
p04_u36,p04,ce10.0,두사장에서 다이드밀로가 첫히지 하는 사량만 골라서 근품등을 품친 잠십대 남통이 경사의 굳잡혔다
p04_u37,p04,taps,이0v일 경찰에 따르면 저을 동함 경할 서는 약간 건종을 침및 절도 향으로 3대남성 a질를 주한 심6일 구속해 조사하고 없다
p04_u37,p04,ce0.0,20일 경찰에 따르면 저울 동함 경찰 서는 약간 건종을 침및 절도 섬으로 3대남성 a질를 주한 심6일 구속해 조사하고 없다
p04_u37,p04,ce0.1,이 pv일 경찰에 따르면 저울 동함 경할서는 약간 건종을 춤및 절도 향유로 3대 남성 ac를 주한 심욕일 구속해 조사하고 없다
p04_u37,p04,ce0.5,이dvd 경찰에 따르면 더울 종함 경찰더는 략간 건종을 증및 절도향위로 3대남성 ac를 인한 심6일 구속해 두하하고 있다
p04_u37,p04,ce1.0,이집vd 경찰에 따르면 서울 동함 경찰더는 약간 건종을 주입절돌삼매록 3대 남성 a이t를 그한 신류일 구속해 두하하고 있다
p04_u37,p04,ce2.0,2기들 경찰에 따르면 저울 종함 경찰서는 약간 건종을 침및 절도향유로 3대남성 ac를 신한 심6일 구속해 두하하고 있다
p04_u37,p04,ce5.0,2cvd 경찰에 따르면 저울 동함 경찰더는 약간 건종을 주및 결도향위로 3대 남성 ac를 주한 심욕일 구속해 두하하고 있다
p04_u37,p04,ce10.0,2v질 경찰에 따르면 서울 종함 경찰더는 약간 권종을 춤및 절도섬위로 3대 남성ac을 신한 심욕일 구속해 조사하고 있다
p04_u38,p04,taps,메이시은 스난달 27일 다정개 성국고 장 이동어있는 한 아아트 기아 주아장 바이음 미어가 접히지 아은 차량을 골라 군품등을 힘친 협밀를 받는다
p04_u38,p04,ce0.0,메이시는 지난딸 27일 다정 때에 성국고 장이동에 있는 산 아파트 지아 주아당을 바이음 일어가 접이지 아은 차량을 골라 군품등을 후분침 협밀를 받는다
p04_u38,p04,ce0.1,페이스는 스한달 27일 자정개 성국구 장의종어있는 한 아파트지아 주아장을 바이음 일라가 접이지 아은 사량을 불라 군품등을 흠슨 협위를 받는다
p04_u38,p04,ce0.5,레이씨는 낱딸 271 자정개 성국구 장의동의 있는 한 앞아트 재아 두사장의 자이음 일아가 접피지 아은 사량을 골라 군품등을 친 협밀를 받는다
p04_u38,p04,ce1.0,벨시는 난달 27일 자정길 성국구 장의동의 있는 한 아팔트 지아 주아장을 바이등 위어가 접히지 아은 사량을 골라 근품등을 흠친 협밀를 받는다
p04_u38,p04,ce2.0,해이시는 낱딸27일 자정개 성국구 장의동의 위는 한 앞파트 죄아 주아장에 자이등기라가 접히지 아은 사량을 골라 금품등을 후을신 협밀를 받는다
p04_u38,p04,ce5.0,베이시는 신한달 27 자정께 성복구 장이동의 위는 한 아팔트 지하주하장에 사이음 일어가 접히지 아는 차량을 골라 군군등을 힘친 협밀를 받는다
p04_u38,p04,ce10.0,레이시는 지한딸211자정께 성북구 장의동의 위는 한 아아트 대하주아장에 바이음 위어가 접히지 하는 사량을 골라 근품등을 힘친 협밀를 받는다
p04_u39,p04,taps,베이씨은 일부 차량서 문이 잠겨 있지 않으면 사이드이라 같쳐혀 있지 않타는 점을 알고 이러한 차량만 골라서 범행한 것으로 소사했다
p04_u39,p04,ce0.0,베이씨은 일부 차량에서 문이 잠겨 있지 않으면 사이드이라가 첫혀 있지 않타는 점을 알고 이러한 차량만 골라서 보명한 것으로 소사했다
p04_u39,p04,ce0.1,베이스는 일부 차량서 문이 잠겨 있지 않으면 사이드이라가 접혀 있지 않타는 점을 알고 이러한 사량만 골라서 보행한 것으로 소사졌다
p04_u39,p04,ce0.5,베이씨는 일부 차량서 문이 잠겨 있지 않으면 사이음이라가저필있지 않타는 점을 알고 이러한 차량만 골라서 보행한 것으로 서하졌다
p04_u39,p04,ce1.0,베이씨는 일부 차량에서 은리 잠겨 있게 않으면 자이드이라가 접혀 있지 않타는 점을 알고 이러한 사량만 골라서 범행한 것으로 조사졌다
p04_u39,p04,ce2.0,베씨는 일부 차량에서 문이 잠겨 있지 않으면 사이드이라가 잡혀 있지 않타는 점을 알고 이러한 차량만 골라서 보행한 것으로 소산줍다
p04_u39,p04,ce5.0,베이스는 일부 차량에서 문이 잠겨 있지 않으면 사이드이로가 접혀 있지 않타는 점물 알고 이러한 사랑만 골라서 보행한 것으로 소세릴다
p04_u39,p04,ce10.0,메이씨은 일부 차량에서 문이 잠겨 있지 않으면 싸이음이라가 접혀있지 않타는 점을 알고 이러한 차량만 골라서 보행한 것으로 소어졌다
p04_u40,p04,taps,그는 이런 수법으로 모두 다섯 차례에 걸쳐 총 담천 팔대여마온 상당의 군품을 절또한 것으로 파학했다
p04_u40,p04,ce0.0,그는 이런 수법으로 모두 다섯 차례에 걸쳐 총 담천 팔대여마온 상당을 분품을 설또한 것으로 파학했다
p04_u40,p04,ce0.1,그는 이런 수법으로 모두 다섯 차례에 걸쳐 총 담천 팔대여만원 창당을 근품을 절또한 것으로 바았했다
p04_u40,p04,ce0.5,"그는 이런 수법으로 오두 다섯 차해에 걸쳐 총 3, 80교만온 상당을 긴품을 설떠한 것으로 보학했다"
p04_u40,p04,ce1.0,그는 이런 부법으로 모두 다섯차해에 걸쳐 큰 잠참 팔백여만원 장당을 금품을 절떠한 것으로 파았되다
p04_u40,p04,ce2.0,그는 이런 수법으로 어두 다섯차해 걸쳐 청 3천8배여 만원 장당을 금품을 절떠한 것으로 바았졌다
p04_u40,p04,ce5.0,그는 이런 수법으로 모두 다섯 차해 걸쳐 총 3천80여 만원 상당을 금품을 절떠한 것으로 파학했다
p04_u40,p04,ce10.0,그는 일런 수법으로 오두 다섯차해 걸쳐 총 3천80교하원 장당을 근풍을 절떠한 것으로 보학혔다
p04_u41,p04,taps,ac는 종찰조사에서 비질 값기 위에 절돌를 했다는 치지로 진수한 것으로 알려졌다
p04_u41,p04,ce0.0,ah는 정찰조사에서 미질 값기 위에 절돌를 했다는 치지로 진수한 것으로 알렸섰다
p04_u41,p04,ce0.1,엘리치는 정찰조사에서 비을 값기 위의 절돌를 했다는 치지로 진수한 것으로 알려졌다
p04_u41,p04,ce0.5,에c는 장찰도사에서 비질 값뒤위에 절돌를 했다는 시지로 진수한 것으로 알려졌다
p04_u41,p04,ce1.0,에c는 강찰조사에서 비질 값기 위에 절돌를 했다는 치기로 진수한 것으로 알려졌다
p04_u41,p04,ce2.0,해이씨는 장찰조사에서 비질값비위에 절돌를 했다는 치지로 진수한 것으로 알려졌다
p04_u41,p04,ce5.0,백시는 경찰조사에서 비질 값기 위에 절돌를 했다는 치기로 진수한 것으로 알려겼다
p04_u41,p04,ce10.0,베시은 경찰조사에서 비질 값기 위에 절돌를 했다는 추질로 진수한 것으로 알려졌다
p04_u42,p04,taps,동찰 관계자는 구체적인 범행경이는 수사중이라며 입번 주 안에 검찰의 통치할 예정이라고 말했다
p04_u42,p04,ce0.0,정찰 관계자는 구체적인 범행경이는 수사중이라며 입번 주 안에 검차의 통치할 예정이라고 말했다
p04_u42,p04,ce0.1,당찰 관계자는 구체적인 범행경위는 수사 중이라며 이번 주 안에 검차의 통치할 내정오오이라고 말혔다
p04_u42,p04,ce0.5,"당찰 관계자는 구체적인 더맹경위는 수사 중이라며 입번 주 안에 검찰의 통취할 예정""이라고 말했다"
p04_u42,p04,ce1.0,"경찰 관는계자는 구쳐작인 범행경위는 수사중이라며 이번주 안에 검찰의 통찰할 예정""이라고 말했다"
p04_u42,p04,ce2.0,경살 관능계자는 그체적인 범행경위는 수사중이라며 입번 주 안에 검차의 송취할 예정황이라고 말했다
p04_u42,p04,ce5.0,경찰 관계자는 구체적인 범맹 경이는 수사중이라며 입번 주 안에 검찰의 송취할 예정원이라고 말했다
p04_u42,p04,ce10.0,"정찰 관계자는 구최적인 범행경위는 스사중이라며 ""입번 주 안에 검찰의 성취할 내정""이라고 말했다"
p04_u43,p04,taps,4십년 만에 덮친 극격한 물가 상성세를 누구어뜨리기 위해 미국 중항으행인 연방 짐비시에도가 이준 군미 인 상석도를 높질 가능성이 더하졌다
p04_u43,p04,ce0.0,4십년 만에 덮친 격격한 물가 상성세를 누구어뜨리기 위해 미국 중항으행인 연방 짐비에도가 기준 군미 인 상속도를 높질 가능성이 더하졌다
p04_u43,p04,ce0.1,40년 만에 덮신 극격한 물가 장성죄를 누구어뜨리기 해 미국 정항행은 연방 준비시도가 귀은군 위인 상속도를 높힐 가능성 더하졌다
p04_u43,p04,ce0.5,40년 만에 덮신 격격한 물가 상승배를 류구어뜨리게 위해 물국 종항행인 연방준비스도가 기준 근미 인 상속도를 높킬 가능성이 더 화졌다
p04_u43,p04,ce1.0,40년만에 덮신 격각한 물가 상생세를 누구어뜨리게 위에 미국 종항행인 연방 군비에도가 귀은 근의 인 상속도를 높질 가능성이 더하졌다
p04_u43,p04,ce2.0,4실년만에 덮신 격격한 물과 장성죄를 누구어뜨리게 위해 리국 중항령인 연방 준비시도과 귀준군니 인상 확도를 높길 가령성에 더하졌다
p04_u43,p04,ce5.0,40년만에 덮친 겹격한 물가 항성세를 누구어뜨리기 위해 육국 종항령인 연방 짐비지도가 귀은군니 인 상속도를 높킬 가능성을 더하셨다
p04_u43,p04,ce10.0,4십년만에 덮친 격격한 물가 장성재를 누구어뜨리게 위해 위국 중항령인 연방 짐비스도가 귀준 군의인 상석도를 높힐 가능성인 더하졌다
p04_u44,p04,taps,코론나 자태우 재로로부고둔 기은금리가 극격하여 행상될경우 주식 부동산둥 초 적금니우 동움을 받았던 자산시장 거품이 꺼질 수 있다
p04_u44,p04,ce0.0,코로나 사태후 재로로부거둔 기은금밀리가 극격하게 응상될병우 주식 부동산등 초 적금니우 동음을 받았던 자산 시장 거풍이 꺼질 수 있다
p04_u44,p04,ce0.1,토론나 자태후 재로로부거든 길는금이리가 극격하을 응상될경우 주식 부동산등 초 적끝위 도움을 받았던 자산 시장 거품을 꺼지 수 있다
p04_u44,p04,ce0.5,코로나 다테의 내로로부거은 비눈금니가 극격하게 응상될경의 추식 부동산등 초 저금류의 도움을 받았던 사산 시장 법품이 꺼질 수 있다
p04_u44,p04,ce1.0,코로나 사태위 헤로 로부거은 기은금리가 급격하게 은상될경을 주식 부동산등 초저금리의 도움을 받았던 자산 시장 겁품이 거질 수 있다
p04_u44,p04,ce2.0,코론나 사태유 세로도묶고든 긴중금리가 급격하게 응상될경우 주식 부동산등 초적금리의 도움을 받았던 자산 시장 법품이 꺼질 수 있다
p04_u44,p04,ce5.0,코로나 사태 후 죄로 로부거든 길준금리가 극격하게 응상될경우 주식 부동산등 초 저금리의 도움을 받았던 찾한 시장 법품이 꺼질 수 있다
p04_u44,p04,ce10.0,코론나 사태 의 재로놓부거든 길른 금니가 극격하게 응상매경을 추식 부동산등 초적금니의 도움을 받았던 찾산 시장 법품이 거질 수 있다
p04_u45,p04,taps,이국 도동부가 이런 물과 극등을 발표한 11 위 증시 30 지수는 1제이 하락겠다
p04_u45,p04,ce0.0,입북 도동부가 이런 물가 접등을 발표한 11 위 증시 3대 지서는 울제이 하락겠다
p04_u45,p04,ce0.1,입국 도동부가 이런 물가 부등을 발혀한 1일 위 증시 3대 지수는 일태이 하락겠다
p04_u45,p04,ce0.5,이국 도동부가 이런 물가 겪등을 발표한 11 위 증시 잠대 비스는 1체이 하락겠다
p04_u45,p04,ce1.0,이국 도동부가 이런 물가 접정을 발표한 1일 위 중시 담배 비수는 1제이 하락겠다
p04_u45,p04,ce2.0,이국 도동부가 이런 물가 고등을 발표한 1일 위 중시 잠대 주스는 일체히 하락겠다
p04_u45,p04,ce5.0,6국 도동부가 이런 물가 겪등을 발혀한 11 위 중시 3배 주수는 의리태이 하락겠다
p04_u45,p04,ce10.0,이국 도동부가 이런 물가 그등을 발표한 1일 2 증시 30 주스는 1제이 하락겠다
p04_u46,p04,taps,나닥 지수는 201버 출락학고 smk 5백기소와 다후 평류는 각건 1점8퍼 1점5고센트 래로갔다
p04_u46,p04,ce0.0,날닥 지수는 201버 풀락하고 smk5백 지소와 다우 평교는 각험 1점8버 1점5센트 래려 갔다
p04_u46,p04,ce0.1,라스닥 뒤스는 201파 출락학고 smk50 기스와 다후 평류는 각영 1점8 1점5어트 내를 받다
p04_u46,p04,ce0.5,날닥 비수는 201버 출락학고 smk5백지소와 다우 평귀는 각각 1점81점5어 내로 받다
p04_u46,p04,ce1.0,날닥 뒤스는 201파 출락하고 smk5백비스와 다우 평규는 각큰 1점81점5센트래로 갔다
p04_u46,p04,ce2.0,날닥 뒤스는 201버 출락하고 smk5백 기소와 다우 평규는 각각 1점8퍼 1점5센트 내로갔다
p04_u46,p04,ce5.0,날닥 주수는 201버 출락했고 1스쯤mk5백기스와 다우 평귀는 각각 1점8퍼 1점5어 내로 갔다
p04_u46,p04,ce10.0,"나닥 뒤수는 201버 출락했고 smk5백뒤스와 다우 평귀는 각, 1점8퍼 1점5 내로갔다"
p04_u47,p04,taps,좋 바이든 이국 대통농은 이날 국민의 밥탕까지 물가의 얕박을 받을 정도로 인플레이션 문개가 심각 타라낸서 정구는 가능한 수단을 모두 동원하겠다고 했다
p04_u47,p04,ce0.0,저 바이든 이족 대통령은 이날 궁민의 밥당까지 물가의 얕박을 받을 정도로 인틀레이선 문제가 심갑 탈라면서 정부은 가능한 수단을 모두 동원하겠다고었다
p04_u47,p04,ce0.1,저 바이든 이국 대통령은 이날 국민의 밥상까지 물가의 얕박을 받을 정도로 인플레이선 문제가 심갑 살아면서 정구은 가능한 수단을 모두 동원하겠다고 었다
p04_u47,p04,ce0.5,저 바이든 이국 대통형은 이날 긍유의 밥탕까지 물가의 앞박을 바별정도로 인플레이션tn 문제가 심각 칼라면서 정분은 가능한 소단을 모두 동원하겠다 고했다
p04_u47,p04,ce1.0,저우 바이든 이국 대통령은 이날 군인의 밥탕까지 물가의 얕박을 받을 정도로 인틀레이선n 문제가 심각 하다면서 정구은 가능한 수단을 모두 동원원하겠다고했다
p04_u47,p04,ce2.0,저 바이은 이국 대통령은 이날 국민의 밥당까지 물가의 얕박을 받을 정도로 인플레이션n 문대가 식각 살아면서 정분은 가능한 수단을 모두 동원원하겠다 고했다
p04_u47,p04,ce5.0,저 바이든 유국 대통령은 이날 구민의 밥당까이 물가 얕박을 받을 정도로 인플레이션n 문대가 신각 하다면서 정부은 가능한 수단을 모두 동원하겠다고했다
p04_u47,p04,ce10.0,좋 바이은 이국 대통령은 이날 국민의 밥상까지 물가의 아박을 받을 정도로 인플레이선n 문대가 심각 살아면서 정분은 가능한 수단을 먹어두 동원하겠다고 했다
p04_u48,p04,taps,코의자 물가가 면준 목첫칠 크개 우또는 상황이 집개월 넘교 이여지면서 전주이 오의 이룩에서 7차에 기은 금밀를 인상할 것이라 예상에 무게가 들리고 있다
p04_u48,p04,ce0.0,소비자 물과가 전준 목첫칠 크제우또는 상황이 쉽대월 넘또 이여지면서 전주이 오래 육에서 7차에 기준금밀를 인상할 것이라는 게상해 무게가 필류고 없다
p04_u48,p04,ce0.1,초비자물가가 견준 목투칠 크게우또는 상황우 1대월 넘게 이여지면서 전주님 오에 육에서 7차에 비존금밀를 인탕할 것이라 게 상여요 무게가 실류고 없다
p04_u48,p04,ce0.5,소비자물가가 면준 목붙츠를 크게 있또는 상황이 십결월 넘게 이어지면서 연주이 오래 6에서 7차에 집은 금위를 인탕할 것이라 예상에 회가 필리고 있다
p04_u48,p04,ce1.0,코비자 물가가 연준 목었칠 크게 우또는 상황이 1별월 넘게 위어지면서 연주이 오의 6에서 7차에 기은 금일를 왼상할 것이라는 예상에 우개가 실리고 있다
p04_u48,p04,ce2.0,토비전 물과가 연준 목붙칠를 크게 우또는 상황이 1별월 넘께 이여지면서 연주님 오에 6개서 7차에 기준금위를 인사할 것이라 예상해여 무게가 길리고 있다
p04_u48,p04,ce5.0,토리점 물가가 연은 목투칠 크제 우떠을 상황이 1태월 넘게 위어지면서 연주이 오에 육에서 7차를 귀준금일를 인타할 것이라 예상에 무개가 필리고 있다
p04_u48,p04,ce10.0,소비자 물과가 연은 목투칠를 크게 우떠는 상황이 1개월 넘게 위여지면서 연주이 오에 육에서 칠차에 기준금위를 민타할 것이다 예상에 무개가 신리고 있다
p04_u49,p04,taps,연 영파센 수준님 기준금위가 올래말 1점5파센트 이상으로도팔실 수 있단는 것다
p04_u49,p04,ce0.0,연 영파센 수준낸이 기준금류가 오래말 105파센트 이상으로도 팔실 수 있다는 것다
p04_u49,p04,ce0.1,연 영파센 수준인 기준금류가 오래말 105파센 이상으로도 팔릴 수 있다는 것다
p04_u49,p04,ce0.5,연 영파센 수준인 기은금리가 오래말 1가5파센트 이상으로도 파릴 수 있다는 것다
p04_u49,p04,ce1.0,연 영파센 수전에는 기은 금리가 오래말 105파센트 이장으로도 파실 수에 있다는 것했다
p04_u49,p04,ce2.0,연 양파센 수준에는 기분 금위가 오래 말 1자5파센트 이상으로도 팔릴 수 있다는 것다
p04_u49,p04,ce5.0,연 영퍼센트 수준낸 기준금리가 오래말 1점5어센트 이상으로 높팔릴 수 있다는 것 했다
p04_u49,p04,ce10.0,몇 영파 슬년낸 귀준금니가 오래말 1가5파센트 이장으로도 팔릴 수 있다는 것다
p04_u50,p04,taps,이은 금리가 인상되면 이당금리가 오르면서 대출 위잡부담 중가등 경제전체의 영향을 리치에 된다
p04_u50,p04,ce0.0,기준 금리가 인상되면 지단 금리가 오르면서 대출 위잡부담 중가통 경재전체의 영항을 류치게 된다
p04_u50,p04,ce0.1,귀준 금리가 인상되면 시당금리가 오르면서 대출 이잡부담 중가등 경제 전체의 영화관기 취요된다
p04_u50,p04,ce0.5,기은 금리가 인 상되면 시당금리가 오르면서 대출 이잡 부담 중가등 경재전체의 영향을 미치게 된다
p04_u50,p04,ce1.0,입은 금리가 인상되면 이당금리가 오르면서 대출 위잡 부담중가등 경제전체의 영향을 미치게 된다
p04_u50,p04,ce2.0,입은 금리가 인상되면 이당금리가 오르면서 대술 이잡 부담중을 가등 종제전체의 영항을 입치게 된다
p04_u50,p04,ce5.0,기은 금리가 인상되면 시장금리가 오르면서 대출 이잡부담 중가등 경제전체의 영향을 리치게 된다
p04_u50,p04,ce10.0,기준 금리가 인상되면 이당금리가 오르면서 대출 미잡 부담중가등 경제전체의 영항을 미치이 된다
p04_u51,p04,taps,이런 우려로 집비일 공네 주식 지장도 코스피가 평점 9퍼센트 코스닥 지수는 2점 명화센트 알랍했다
p04_u51,p04,ce0.0,이런 우려로 집비일 공네 주십 지장도 코스피가 정정 부화센트 코스닥 지수는 2점 영화센트 알락했도
p04_u51,p04,ce0.1,이런 우려로 11일 공네 주식 지장도 코스피가 방점 9퍼센트 코스닥 뒤스는 2점 명화센트 알았혔다
p04_u51,p04,ce0.5,이런 우려로 집빌일 공네 주식 지장도 코스피가 황점 9퍼센트 코스닥 뒤스는 2점 영화센트 알았혔다
p04_u51,p04,ce1.0,이런 우려로 시집일 공네 주식 지장도 코스피가 왕점 9어센트 코스닥 뒤스을 미점 영우화센트 알았했다
p04_u51,p04,ce2.0,이런 우려로 집비일 공네 주식 지장도 코스피가 황점 9파센트 코스닥 뒤수는 미점 영파센트 알았혔도
p04_u51,p04,ce5.0,이런 우려로 11일 공네 죽식 시장도 코스피가 홍점 9어센트 코스닥 뒤스는 2점 영화센트 알락혔다
p04_u51,p04,ce10.0,이런 우려로 시비일 공네 주식시장도 코스피가 황점 9어센트 코스닥 뒤스는 미점 명화전트 알락겠다
p04_u52,p04,taps,j스 브lud 레인트리s 연방 준비운행 총계는 이날 오늘 소비점물과 결가를 본후 나의 맷파상향히 국적으로 강해졌다
p04_u52,p04,ce0.0,j스 브lud 레인트리s 연방 중비운행 총제는 이날 오늘 소비 점물과 별가를 본후 나의 매파상향히 극적으로 강해졌다
p04_u52,p04,ce0.1,제a스 브lud 레인트리스 연방 중비운행 총제는 이날 온늘 소비 점물과 결가를 본후 나의 맷파상향이 극적으로 광해졌다
p04_u52,p04,ce0.5,제a스 브lud 레인트리스 연방 중비의행 총제는 이날 온늘 도비점물과 결가를 돈 우s 나의 매파상향이 극적으로 광해졌다
p04_u52,p04,ce1.0,제스 브lt 레인트리스 연방 준비운행 총죄는 이날 온늘 소비 됨물과 결가를 본후 나의 맷타상향히 극적으로 강해졌다
p04_u52,p04,ce2.0,제스브lt 렌트로스 연방 중기의행 총제는 이날 온늘 소비점물과 결가를 돈후 나의 맷파상향이 극적으로 광해졌다
p04_u52,p04,ce5.0,제a스 브lud 레인트를스 연방 중비의행 총겨는 그날 온늘 토비대물과 결가를 본후 나의 맷파상향이 극적으로 광해졌다
p04_u52,p04,ce10.0,제스 브lut 렌트리스 연방 준비의행 총제는 의날 온늘 소비대 물과 결가를 본후 나의 매파상향히 극적으로 강해졌다
p04_u53,p04,taps,연중이 오는 7월까지 기은금일를 1파 꾼트는 오려야 한다고 생각한다 고했다
p04_u53,p04,ce0.0,연중이 오은 치월까지 디준금일를 1파 꾼트는 올려야 한다고 생각 한다고했다
p04_u53,p04,ce0.1,연주육 오는 7월까지 기준금일를 1파 본트는 올려야 한다고 생각한다고했다
p04_u53,p04,ce0.5,연주님 오는 7활값이 기준금밀를 1파 보인트는 올려야 한다고 생각한다 고했다
p04_u53,p04,ce1.0,연은이 오는 7월가디 기은금일를 1파 보인트을 올려야 한다고 생각한다 고했다
p04_u53,p04,ce2.0,연주님 음은 실할까지 기은금일를 1파권인트는 올려야 한다고 생각한다 고했다
p04_u53,p04,ce5.0,연주님 오는 치월가이 기은금일를 1파 보인트는 올려야 한다고 생각한다고했다
p04_u53,p04,ce10.0,연주님 우은 7월까지 기준금일를 1파보인트는 올려야 한다고 생각한다 고했다
p04_u54,p04,taps,그는 연중이 정의 해이 2회 비상해일를 도짓해야 할 상황이라고 주장었다
p04_u54,p04,ce0.0,그는 연중이 정레해위 2회 비상해일를 도집해야 할 상황일라고 주장었다
p04_u54,p04,ce0.1,그는 연중류 정원의 해일 2회 드상회일를 소짓해야 할 상황이라고 주장없다
p04_u54,p04,ce0.5,그는 연중이 정의 해이 2회 비탕해일를 도짓해야 할 상황일하고 지장했다
p04_u54,p04,ce1.0,그는 연중이 정의해의 2회 비탕회일를 도짓태야 할 장황이라고 지장했다
p04_u54,p04,ce2.0,그는 연주이 정레 해위 이회 비상회일를 도짓해야 할 상황일라고 지장었다
p04_u54,p04,ce5.0,그는 연중이 정레 해의 위회 귀상해일를 도짓해야 할 당황일라고 지장했다
p04_u54,p04,ce10.0,그는 연중이 정네 해위위회 부장회일를 소짓해야 할 상황일라고 주장했다
p04_u55,p04,taps,골프여째 박세리가 엘지전자의 궁키후 방탈 출 갚패를 찾아 방탈 출 개임을 즐겼다고 엘지 전자가 1일 밝켰다
p04_u55,p04,ce0.0,골프여째 박세리가 엘지 전자의 궁츠 방탈 출 갚해를 찾아 방탈 출 개임을 즐겼다고 엘지 전자가 1일 발합다
p04_u55,p04,ce0.1,골프여째 박세리가 엘지전자의 궁히 방할출 과패를 찾아 방탈출 개임을 줄겼다고 엘지전자가 쓰일 밝혔다
p04_u55,p04,ce0.5,골프 여을 박테리가 엘지선자의 풍후 방탈출 바해를 쳐자 방탈 출 개임을 줄겼다고 엘지전자가 1일 발켰다
p04_u55,p04,ce1.0,골프여을 바테리가 엘지전자의 끼후 방탈출 가해를 찾아 방탈출 개임을 줄겼다고 엘지전자가 식일 발켰다
p04_u55,p04,ce2.0,골프 여을 박세리가 엘지전자의 딩프 방탈출 갚해를 저자 방탈출 개임을 즐겼다고 엘지 전자가 1일 발켰다
p04_u55,p04,ce5.0,골프여질 바세리가 엘지선자의 딩키후 방탈출 갚에를 자작 방탈출 개임을 줄겼다고 엘지전자가 쓰일 발켰다
p04_u55,p04,ce10.0,골프여의 박세리가 엘지전자의 등키후 방탈출 갚패를 저작 방탈출 개임을 줄겼다고 엘지전자가 1일 발혔다
p04_u56,p04,taps,식취 방탈 출 갚에는 엘시 전자의 스마투온 플레코인 식켜 에버의 지유기는과 방탈출 개인 혼색트를 점목해 말련난 국합 문화 체험 공관이다
p04_u56,p04,ce0.0,식표 방탈 술 갚에는 엘시 전자의 스마트온 플레코인 식추 에보의 지유 기는과 방탈 술교인 큰색트를 점목해 아련난 폭합 원화 체험 공광이다
p04_u56,p04,ce0.1,식표 방8출 갚에는 엘시 전자의 스마트온 벌레품인 식취 에버의 주요 기는과 방8출 개임 코색트를 점목해 아련난 폭합 문화 책험 공광이다
p04_u56,p04,ce0.5,식키 방탈 출 갚에는 엘시 전자의 스마트원 벌레품인 식키 에을 주요기는과 방탈술 개인 코색트를 점목해 말련난 폭합 원화 채험 공간이다
p04_u56,p04,ce1.0,능킬 방탈출 갚에는 엘시전자의 스마트운 벌레품인 인후 에의의 주역기는과 방탈출 개인 컴세트를 점목해 말련난 폭합 문화 채험공간이다
p04_u56,p04,ce2.0,식후 방탈출 갚에는 엘시 전자의 스마트운 벌레포민 식후에버 죄요기는과 방탈출 꾀인 컴세트를 점목해 말련난 폭합 문화 채험 공관이다
p04_u56,p04,ce5.0,심키 방탈 술 가에는 1 시 전자 일 스마트원 플레품민 식키 외의의 지요기는과 방탈출개인 코색트를 점목해 말련난 폭합 문화 채험공관이다
p04_u56,p04,ce10.0,심후 방팔출 갚에는 1 시 전자의 스마트원 벌레포민 심키획을 주요있는과 방팔출 깨운 코색트를 점목해 말르난 폭합 문화 채험공관이다
p04_u57,p04,taps,박세리는 후엇 거실 터재 채탁실등 네게 태화로 소통되는 각각고 금관에서 주어진 시간 안에 텔출락기 위일 다양한 미전들을 스행하며 당탈 출개임을 출겼다
p04_u57,p04,ce0.0,박세류는 후학 거실 터재 채탁 실등 내게 태화로 조통대는 가각고 금관에서 주어진 식간 안에 찰출락기 류회 다양한 미지현들을 스행하며 당탈 출 떼임을 주리겼다
p04_u57,p04,ce0.1,박세리는 부억 거실 서재 최탁실등 내게 텐화로 조성된 각각고 준관에서 주어진 식간 안에 찰출하기 위회 다양한 미션들을 승행하며 강타 추데임을 출겼다
p04_u57,p04,ce0.5,박세리는 부학 더실 터재 채탁 실등 내게 태화로 조상된 각각의 권관에서 주어진 시간 안의 탈출락기 위회 다양한 미션들을 수행하며 방탈출이 데임을 주리겼다
p04_u57,p04,ce1.0,박세리는 보학 거실 터대 재탁실등 매개 텐화로 두통된 각각의 금관에서 불루어진 시간 안에 탈프락기 위에 다양한 미전들을 승행하며 방탈 출 떼임을 줄겼다
p04_u57,p04,ce2.0,박세리는 구학 건실 서재 셋탁실등 내게 태화로 조성된는 가각의 공관에서 부루어진 시간 안에 찰출락이 위에 다양한 미전들을 수행하며 장할 출대임을 주이겼다
p04_u57,p04,ce5.0,박세리는 두학 거실 서재 채탁실등 내게 태화로 조성된 각각의 군관에서 주어진 시간 안에 탈출락기 위일 다양한 미전들을 수행하며 장탈 출개임을 주이겼다
p04_u57,p04,ce10.0,박세리는 부혹 거실 서질 채탁 실등 내게 텐화로 조성된 각각의 금관해서 추어진 시가 안에 찰출하기 위회 다양한 미전들을 수행하며 정탄 출개임을 주겼다
p04_u58,p04,taps,g 식취으로 가전을 재여하거나 갑정 서비을 영하면서 미전을 회결하기 위한 신계진 단소들을 협득겠다
p04_u58,p04,ce0.0,엘g 식취획으로 가전을 재여하거나 갑정 서비스 용안낸서 유자을 회개락기 위한 순계진 단소들을 협득겼다
p04_u58,p04,ce0.1,엘지 형취에으로 가전을 재여하거나 각성 서비을 용하면서 입자을 회개하기 위한 충배진 단소들을 협되겼다
p04_u58,p04,ce0.5,g 생취에으로 가전을 재워하거나 각정 서비을 이용하면서 미자을 혈개하기 위한 흉겨진 단소들을 셨득겠다
p04_u58,p04,ce1.0,엘g 생취획으로 가전을 재여하거나 각정 서비을 영하면서 미자을 세결하기 위한 훈겨진 단서들을 겪되겠다
p04_u58,p04,ce2.0,엘g 생취으로 가전을 재워하거나 각정 서비을 영하면서 미지안을 회결하기 위한 신겨진 단소들을 겪되겠다
p04_u58,p04,ce5.0,엘지 식키획으로 가전을 재역하거나 각정 서빛을 영용하면서 육잔을 회결하기 위한 신겨진 단서들을 격득겠다
p04_u58,p04,ce10.0,g 식취입으로 가전을 제여하거나 각정 사육을 명용하면서 유전을 혈결하기 위한 신겨진 단서들을 셨득겠다
p04_u59,p04,taps,새탁실 태마공관에서는 박세리가 코드제로 알키로보 총속일를 벨지 인지에브로 원격 도종하면서 숨겨진 단설를 찾졌다
p04_u59,p04,ce0.0,새탁실 태마공관에서는 박세류가 코드제로 알추 로보 총석일를 벨지 식츠에부로 원격 도종하면서 숨겨진 단설 사셨다
p04_u59,p04,ce0.1,헤닥실 태막 공관에서는 박세리가 코드제로 알q 로보 청석일를 벨지 시딩취에으로 원격 조종하면서 숨겨진을 단설를 찾졌다
p04_u59,p04,ce0.5,헤탁실 태마공관에서는 박데리가 코드제로 알티 로부 총속일를 벨지 링키에브로 원격 도정하면서 숨겨진 단설 찾졌다
p04_u59,p04,ce1.0,헤탁실 태막 공관에서는 박세리가 코드제로 알크 로부 총석일를 벨지 식q에브로 원니격 교종하면서 숭겨진 단설 찾졌다
p04_u59,p04,ce2.0,혈탁실 태막 원관에서는 박세리가 코드제로 알취로보 총석일를 엘지 영후에부로 원격 교정하면서 숨겨진 단설 찾졌다
p04_u59,p04,ce5.0,헤닥실 태마공관에서는 각세리가 코드제로 알k로부 총석일를 엘지 식q회부로 원격 교정하며터 숨겨진 단설 찾셨다
p04_u59,p04,ce10.0,셋탁실 태막공관에서면 박세리가 코드제로 알q로보 총석일를 엘지 용추에부로 원격 조정하면서 숨겨진 단설를 찾졌다
p04_u60,p04,taps,날키루 노보 청속이는 본기 기능이 있어 재품의 답체된 가메아를 종해 집안 곧곳을 실시간으로 부원히 터린할 수 있는 것이 특증이다
p04_u60,p04,ce0.0,날키 높보 총독이는 본비 기능이 있어 재품의 답태던 가메라를 통해 집안 곧곳을 실식간으로 모의터린할 수 있는 것이 특징이다
p04_u60,p04,ce0.1,날키 로보 총독이는 본비 기능이 있어 대픔의 답태된 가메라를 통해 집안 고보을 실식간으로 보의 터린할 수 있는 것이 특중이다
p04_u60,p04,ce0.5,알취의 로보 황독이는 옮줄 기능이 있어 몇품의 답태된 가메라를 통해 집안 곧곳을 실시간으로 문히 터린할 수 있는 것이 특중니다
p04_u60,p04,ce1.0,알취로보 상속이는 온유 기능이 있어 를품의 탐태된 가메라를 통해 이안 곧곳을 실지간으로 부구히 터린 할 수 있는 것이 특중이다
p04_u60,p04,ce2.0,알취로볼 상속이는 옮유 기능이 있어 에품의 잡재된 가메라를 종해 집안 고보을 실식간으로 오의 터린할 수 있는 것이 특증이다
p04_u60,p04,ce5.0,알키로볼 평독이는 옮귀 기능위 있서 혈품의 타태된 가메아를 종해 집안 곧곳을 실시간으로 부거의 터린할 수 있는 것이 특중이다
p04_u60,p04,ce10.0,알키로볼 창속이는 혼주 기능위서 제품의 답태된 가메라를 종해 집안 고스보을 쉴시간으로부거이 터린할 수 있는 것이 특중이다
p04_u61,p04,taps,엘지 전자는 이달 치일 부터 이집다일까지 저울 성 수동에 위지한 과패 하아버지 공장에서 인키 방8출 카패 오영하며 고겁대에게 대n 경험을 선사한다
p04_u61,p04,ce0.0,멜지 전자는 이달 치일부터 이집다일까지 저을 성 수동에 있지한 카에 하라버지 공장에서 궁히 방8출 갚텔 오영하며 고격들에게 1n 경험을 선사한다
p04_u61,p04,ce0.1,멜지 전자는 이달 7일부터 2집다일까지 저을 성 수통에 기치한 과패 바람버지 공장에서 임후 평8출 갚패 오영하며 고격대에게 1un 경험을 건사한다
p04_u61,p04,ce0.5,엘지 전자는 이달 치일부터 2집다일 가이 저울 성수동에 있지한 카패 하라버지 공장에서 인히 방8출 카패 은영하며 고격들에게 hun 경험을 건사한다
p04_u61,p04,ce1.0,멜지전자는 이달 7일부터 20다일 값이 저울 성 수동에 위지한 카태 바람버지 공장에서 인크 방탈출 카텔이 오영하며 고격대에게 un 경험을 선사한다
p04_u61,p04,ce2.0,벨지전자는 이달 치일부터 20다까지 저울 성 수동에 있지한 카패 하람버지 공장에서 임후방 8출 카텔 오영하며 고격들에게 fun 경험을 선사한다
p04_u61,p04,ce5.0,멜지전자는 이달 7일부터 20다일까지 저울 성 수동에 이치한 카텔 사람버지 공장에서 인히 방8출 카텔 오영하며 고격들에게 un경험을 선사한다
p04_u61,p04,ce10.0,엘지 전자는 이달 치일부터 2집다까지 저울 성 수동에 위치한 칼패 하라버지 공장에서 영키 성8출 카패 오영하며 고격들에게 깨un경험을 선사한다
p04_u62,p04,taps,멜지 전자가 추구하는 fun 경험은 세고의 이일란 새로운 확신적은 고국 경험을 뿐한다
p04_u62,p04,ce0.0,멜지 전자가 추구하는 ffun 경험은 체고울 이일란 채로운 확친 적인 고격 경험을 한다
p04_u62,p04,ce0.1,멜지 산자가 추구하는 rf n 경험은 세고의 유일란 새로운 확신적은 고국 경험을 끝한다
p04_u62,p04,ce0.5,멜지 전자가 취구하는 lfn 경험은 세골의 위란 새로운 확심적인 곡격 경험을 한다
p04_u62,p04,ce1.0,멜지 전자가 죽구하는 fn 경험은 세고의 이위란 헤로운 확신적인 고격 경험을 뿐한다
p04_u62,p04,ce2.0,엘지 전자가 죽구하는 fun 경험은 세고의 이일란 채로운 확심적인 고격 경험을 뜻한다
p04_u62,p04,ce5.0,벨지 전자가 죽구하는 fn 경험은 제고의 이일란 채로운 확심적인 고격 경험을 뜻한다
p04_u62,p04,ce10.0,멜지전자가 추구하는 fun 경험은 세고의 이란 채로운 확신적인 고격 경험을 뜻튿다
p04_u63,p04,taps,이가리 법플리카가 레부 전문과 삼민으로 구정된 대입터 보고 준법 자은 예언해를 슬범만다고 신육일 밝켰다
p04_u63,p04,ce0.0,비발이 법풀리카가 레부 전문과 삼민으로 구상된 데입터 보호 준법 자문 위언해를 슬범만다고 신욕일 밝혔다
p04_u63,p04,ce0.1,입발이 법풀리카가 레부 전문과 삼민으로 그상된 돼이터 보호 준 법 자은 위언해를 슬범만다고 신육일 밝겼다
p04_u63,p04,ce0.5,비발이 바플리카가 외브 전문과 사민으로 구상된 돼이터 보호 준 법 자은 유언해를 실범만다고 신력일 밝겼다
p04_u63,p04,ce1.0,비발이 바풀리카가 왜부 전문과 자민으로 구상된 버이터 보고 준법 자은 위어해를 질범만다고 신육일 갈켰다
p04_u63,p04,ce2.0,입발이 바플리타가 레브 전문과 사민으로 구장된 거이터 보고 준법 자문 위어내를 줄범만다고 신육을 밝혔다
p04_u63,p04,ce5.0,비가이 버풀리카가 월부 전문과 사민으로 구상된 더이터 보호 준법 자문 위언회를 줄범만다고 신육일 밝혔다
p04_u63,p04,ce10.0,비발이 버풀리카가 여부 전문과 3맨으로 구상된 돼이터 보호 준법 자은 위언해를 실범만다고 신육일 갈켰다
p04_u64,p04,taps,유원에는 토주가 보의고국 데이터 처리히 관련 법령을 잘 주부도하고 있는 질 동립적으로 황인하고 감아한다
p04_u64,p04,ce0.0,유원에는 토스가 보유 곡격 대이터처리시 관련 법령을 잘 주주서하고 있는지 동립적으로 황인하고 감지한다
p04_u64,p04,ce0.1,이원에는 토스가 도의 복격 대이타처리 쉽 관련 법령을 잘 준수하고 있는 지 동립적으로 황인하고 감아한다
p04_u64,p04,ce0.5,유원에는 토스가 보의 고객 더이터처리시 관련 법령을 잘 주수하고 있는지 동및적으로 황인하고 감아한다
p04_u64,p04,ce1.0,이원에는 토스가 보의 국객 되이터 처리이 관련 법령을 잘 주수하고 있는지 동립적으로 황인하고 감장한다
p04_u64,p04,ce2.0,유원에는 토스가 보의 국격 대이터 처리이 관련 법령을 잘 주수하고 있는지 동립적으로 확인하고 감아한다
p04_u64,p04,ce5.0,유언에는 토스가 보의 보격 돌터 처리시 관련 법령을 잘 주수하고 있는 지 동믿적으로 황인하고 감지한다
p04_u64,p04,ce10.0,위원에는 토스가 도의국격 되의터처리시 관련 밤령을 잘 주수하고 있는지 동립적으로 황해하고 감아한다
p04_u65,p04,taps,또 안절한 데이터 거보한 스체개를 구축하기 위한 자문의 영하는 역하를 한다
p04_u65,p04,ce0.0,또 안절한 데이터 법어원 스최개를 그축하기 위한 자문의 응하는 역하를 한다
p04_u65,p04,ce0.1,또 안전한 구되이터거버원 스체개를 그축하기 위한 잠문의 응하는 역하를 한다
p04_u65,p04,ce0.5,또 안절한 구터리터 거보원 스체개를 그축하기 위한 자문의 응하는 역화를 한다
p04_u65,p04,ce1.0,또 안절한대이터 법어원 스패개를 그축하기 이한 잠문의 응하는 역하를 한다
p04_u65,p04,ce2.0,또 안절한 대이터법어원 스체결를 그축하기 기한 잠문의 응하는 역하를 한다
p04_u65,p04,ce5.0,또 안절한 대이터거어원 스체계를 굳축하기 위한  잠문의 응하는 역하를 한다
p04_u65,p04,ce10.0,또 안절한 되이터법어원 스체결를 구축하기 위한 자문의 영하는 역하를 한다
p04_u66,p04,taps,위원에는 재사이 대이터 보호 전략과 정책 준법 감치활동을 반인기마다 복고받는다
p04_u66,p04,ce0.0,위언에는 재사의 되였터 보호 전략과 정책 준법 감치활동을 반이이마다 보보받는다
p04_u66,p04,ce0.1,위언에는 세사의 대입터 보호 전략과 정책 준법 감치활동을 반김마다 보구받는다
p04_u66,p04,ce0.5,위원에는 새사의 대이터 보호 절략과 성책 준법 감추할동을 반김마다 복으받는다
p04_u66,p04,ce1.0,위원에는 세사의 대이터 보호 전략과 정책 준법 감측할 동을 반인기마다 복고받는다
p04_u66,p04,ce2.0,위원에는 해사의 대이터 보호 전략과 정책 준법 감식활동을 반능기마다 복급받는다
p04_u66,p04,ce5.0,위언내는 해사의 대이터 보호 전략과 정책 준법 감시활통을 반기마다 복구받는다
p04_u66,p04,ce10.0,위원에는 해사의 대입터 보우 전작과 정책 준법 감치할동을 반인기마다 복급받는다
p04_u67,p04,taps,계인 정곧 철의 민감도어 높은 사안에 대해서 대표이자와 계인정보 보 책긴자에게 의견을 제세할 계획이다
p04_u67,p04,ce0.0,교인 정곧 철의 영감도어 높은 사안에 대에서 대표이 자와 교인정부 보 책긴자에게 의전을 제세할 교획이다
p04_u67,p04,ce0.1,계임정우고 철의 민감도고 높은 사안에 대해서 대표이자와 계임정부 보 책임자에게 의리견을 제세할 계획다
p04_u67,p04,ce0.5,계인 정고 철의 민감도 높은 사안에 대해서 대프이 자와 계인정부 보 책임자에게 의리견을 제편할 기회기다
p04_u67,p04,ce1.0,그인정곧 철의 맹감도어 높은 사안에 대해서 대표이 자와 그인정복 보 책임자에게 의견을 제체할 교회입이다
p04_u67,p04,ce2.0,그임정곧 철의 6감도어 높은 사안에 대해서 대조이자와 그임정부 보 책임자에게 의건을 제체할 교획이다
p04_u67,p04,ce5.0,계인정곧 철의 명감도어 높은 사안에 대해서 대표이자와 계인정부보 책임자에게 의견을 증실할 교획이다
p04_u67,p04,ce10.0,계인정곧 철의 맹감더어 높은 사한에 되해서 대초이자와 계인정부보 책금자에게 의견을 주체할 교획이다
p04_u68,p04,taps,토스는 이원의 의견을 적극적으로 쓰용하고 관련 결과를 옮패이제 공개할 여정이다
p04_u68,p04,ce0.0,토스는 이원의 의견을 적급적으로 쓰용하고 관련 결과를 본페이지에 공개할 예령이다
p04_u68,p04,ce0.1,토스는 이원에의 의견을 잡폭적으로 쓰용하고 달련 결과를 옮패이지에 공개할 예정이다
p04_u68,p04,ce0.5,토스는 위언의 일견을 작국적으도 소용하고 관련 결과를 음패있때 권개할 예정이다
p04_u68,p04,ce1.0,토스는 위언네의 은견의 작극적으도 쓰용하고 갈련 걸과를 온피이제에 공개할 예정이다
p04_u68,p04,ce2.0,투스는 위원의의 의견을 작폭적으도 쓰용하고 관련 결과를 움페이제 공개할 예정이다
p04_u68,p04,ce5.0,토스는 미언의의 의견을 작폭적으도 소용하고 갈견 결과를 움피이죄 공개할 여정이다
p04_u68,p04,ce10.0,토스는 희원해의 의견을 작극적으도 소용하고 관련 결과를 온피이제 공개할 예정이다
p04_u69,p04,taps,기번 자문 위언의 실법은 데이터 이용및 보후에 대한 투명성을 높이는 잡발적 실레 강화 할 동의 일루하니다
p04_u69,p04,ce0.0,기번 자문 위언의 슬법은 데이터 이용및 보후에 대한 투명성로 높이는 잡발적 실레 강화 할 동을 일러하니다
p04_u69,p04,ce0.1,기번 자문 위언의 슬범은 더이터의 용및 보후에 대한 투명성을 높이는 잡발적 실레 강화할 동을 일루하니다
p04_u69,p04,ce0.5,비번 자문 위언의 줄법은 데이터의 이용및 보후에 대한 투명서가 높이는 잡발적 실뢰 강화 할 동을 일러하니다
p04_u69,p04,ce1.0,입번 자문 위원의 질법은 데이터 용및 보후에 대한 투명소로 높이는 잡발적 일배 강화 할동을 일루하니다
p04_u69,p04,ce2.0,이번 자문 위원의 출법은 데리터의 용및 보호에 대한 투명성을 높이는 잡발적 실뢰 강화할동을 일루하니다
p04_u69,p04,ce5.0,기번 자문 위언의 출법은 더히터 용및 보후에 대한 투명성을 높이는 잡발적 실 강화 할동을 일루하니다
p04_u69,p04,ce10.0,비 자문 위안의 출법은 데이터 용및 보후에 대한 투명성을 높이는 잡발적 진해 강화 활동을 일루하니다
p04_u70,p04,taps,토스 관계자는 예부의 시선을 통해 고객 되이터보 채계의 투명성을 점건받고 제선에 나아갈 필요가 있다는 매부 공감대가 있었다고 설명했다
p04_u70,p04,ce0.0,토스 관계자는 예부의 시선을 통해 고격되이터 보호 채제의 투명성을 점건받고 제선에 나아갈 필로가 있다는 매부 공감대가 있었다고 설명했다
p04_u70,p04,ce0.1,뜻스 관계자는 외부의 시선을 통해 복객 되이터 보호 책계의 투명성을 점건받고 태선에 나아갈 필록가 있다는 매부 공감대가 있었다 보설명었다
p04_u70,p04,ce0.5,토스 관계자는 왜부의 시선을 통해 고객 베이터보 채계의 투망성을 점건받고 계선에 나아갈 피로가 있다는 매부 공감대가 있었다 보설명했다
p04_u70,p04,ce1.0,코스 관계자는 예부의 시선을 통해 고객 되이터보 채계의 투명성을 점건받고 개선에 나아갈 필요가 있다는 네부 공감대갈 있었다고 설명했다
p04_u70,p04,ce2.0,뜻스 관계자는 예부의 시선을 통해 고격 베이터보 새계의 투명성을 점건받고 태선에 나아갈 필로가 있다는 낼부 공감대가 있었다고 설명입다
p04_u70,p04,ce5.0,뜻스 관계자는 외부의 시선을 통해 고객 되이터보 채체의 투명성을 점건받고 계선에 나아갈 필로가 있다는 매부 공감대가 있었다고 설명했다
p04_u70,p04,ce10.0,뜻스 관계자는 왜부의 지선을 동행 고객 되있터 보호 채계의 투망성을 점건받고 대선에 나악갈 필로가 있다는 매부 공감대가 있었다고 살망었다
p04_u71,p04,taps,자문 예언에는 곧 헌영 고려대 장보 보호 대하관 교술를 위언장으로 김승그 고려데 장보보호 대하관 견수 김철 준 법무범인 광강 꾸분을 위언어도 있촉해 출범했다
p04_u71,p04,ce0.0,자문 위원에는 곧 환영 고려대 장부 보호 대하관 교술를 위언장으로 짐승그 고려데 장부 보호 대하관 견수 짐철 준 법무범인 광장하 구분을 위원으로 있촉해 술범했다
p04_u71,p04,ce0.1,자문 위원에는 곧 환영 고려대 장보 보호 대하관 교술를 위언장으로 김승그 고려대 장보 보호 대하관 경수 짐철 준 더무범인 광장 도분을 위원으로 이촉해 출범었다
p04_u71,p04,ce0.5,자문 위언에는 건 환영 보려대 장부 보호 대하관 교술 위언장으로 김승그 고려대 장부 보호 대하관 결수 김철준 법물범인 강장 부분을 위언으고 위촉해 술범했다
p04_u71,p04,ce1.0,자문 위원에는 건 환영 고려대 장부 보호 대하관 조술 위언장으로 중승줄고려대 장부보호 대하관 준수 금철준 덤무버인니 광장 고분을 위원으로 위촉해 즐범했다
p04_u71,p04,ce2.0,잠문 위원에는 권 환영 고려대 장부보호 대하관 교술 위언장으로 김승주 고려대 장부보호 대하관 견수 김철준 범무범인 광장 부분을 위원으고 있촉해 슬범했다
p04_u71,p04,ce5.0,잠문 위언에는 권 환영 고려대 정부 보호 대하관 교술 위언장으로 김승주 고려대 장보보호 대하관 교주 김철 준 더무범인 광장 부분을 위언으어 있촉해 출범했다
p04_u71,p04,ce10.0,잠문 위원에는  환영 고려대 장복보호 대하관 교을 위원장으로 김승그 고려대 장복보호 대하관 긴수 김철 준 법무범인 광장 포분을 위원으로 있촉해 출범했다
p04_u72,p04,taps,권 헌형 교수는 전재 한국 정보 기을 섬비스 학게 세장과 한국 정보 보호 학게 개인 정보 보호 연구회당을 맡은 정보 보호분야 전문 갈라
p04_u72,p04,ce0.0,권 헌형 교수는 현재 한국 정복 귀을 섬비 상게 세장과 한국 정보 보호 학해 개인 정보 보호 연구회장을 맡은 정보 보호분야 전문가라
p04_u72,p04,ce0.1,두원 헌형 교수는 전재 한국 정복 기을 섬비 상태 해장과 한국 정보 보호 학에 등음정보 보호 연구회당을 맡은 정보 보호분야 전문가다
p04_u72,p04,ce0.5,건원 헌형 조주는 현재 한국 정복 비을 섬비 상게 세장과 한국 정보 부후 학게 개인 정부 부후 연국회장을 맡은 정보 보호비냐 전문가에다
p04_u72,p04,ce1.0,권 혼형 교수는 현대 한국 정복 귀을 섬비사학게 세장과 한국 정보 보호 학에 개임정보 보호 연국회장을 맡은 정보 보호분야 전문 갈다
p04_u72,p04,ce2.0,권 선형 교수는 원재 한국 정보 귀을 업비사하게 세장과 한국 정보 보호 학에 개운 정보 보호 연국회장을 맡은 정보 보호분야 전문가이가
p04_u72,p04,ce5.0,권 혼형 교수는 현재 한국 정보 기을 섬비 상게 회장과 한국 정보 보호 학해 계운 정보 보호 연국회장을 맡은 정보 보호분야 전문갈다
p04_u72,p04,ce10.0,두원 환형 교수는 현재 한국 정보 기을 섬백 상게 세장과 한국 정보 보호 학해 계운 정보 보호 연구 회장을 맡은 정보 보호분야 전문가에다
p04_u73,p04,taps,김승국교스도 아무학과 라이버보한 분야의 점문가로 대통령 직속 사차 사람 탕량 위언에 위언으로 활동안 빠였다
p04_u73,p04,ce0.0,김층주교스도 아무학과 w버 보한 분야의 점문가로 대통령 직속 4차 사람 청령 이언에 이언으로 혈동안 빠입다
p04_u73,p04,ce0.1,임승주교스도 아무학과 날버보한 분야의 점문가로 배통령 직속 자차 사업 통령 위언에 유언으로 활동한 바입다
p04_u73,p04,ce0.5,김승 지교스도 아무학과 s버보한 문야의 저문가로 대통명 직속 바차 사람 탕명 위언에 위언으로 활동안 바였다
p04_u73,p04,ce1.0,임승이 조교스도 암무학과 말버보한 문야의 점문가로 대통명 직속 자차 사업 청명 위원에 위언으로 혈통한 바였다
p04_u73,p04,ce2.0,김승 주교르도 아무학과 s이버보한 분야아의 점문가로 대통령 직속 자차사로 평명 유원에 유언으로 활동한 바였다
p04_u73,p04,ce5.0,임승주교스도 아무학과 삶버보한 분야 점문가로 대통령 식속 사차사아 평명 위언에 위언으로 활동한 발했다
p04_u73,p04,ce10.0,김승주교소도 아무학과 라버보한 분야의 점문가로 배통령 직속 사차 사로 평령 위원에 유원으로 혈동안바있다
p04_u74,p04,taps,겸철존 고문는 1기영간 금명 당국에서 금명관의 아이티 봉은 검사를 지앙했고 이후 금명에서 정보보호 책고 책임자 여임했다
p04_u74,p04,ce0.0,금찰준 고문는 지지 영간 금명 당속에서 금용관의 it 보은 검사를 지행했고 이후 금명에서 정복보 채고책임재 여임했다
p04_u74,p04,ce0.1,짐찰준 고문은 17영간 금명 강국에서 금명관의 아이키 북은 검사를 지앙했고 이후 금명에사 정보보호 책고 책임재 여임했다
p04_u74,p04,ce0.5,김철준 고문은 11년간 금명 당국에서 금명권의 it 부문 검사를 비행했고 이후 금명해사 장보보호 제고 책임재 여임했다
p04_u74,p04,ce1.0,금철둔 금문은 11년관 금명 당독에서 금명관의 it 부은 검사를 지행했고 이후 금명해사 정보보 체고책임절 여임했다
p04_u74,p04,ce2.0,김철준 금문은 11영간 금명 당국에서 금명구원의 it 부은 검사를 지앙했고 이후 금명해서 정보보 체고 책임자 여임했다
p04_u74,p04,ce5.0,금철둔 고문은 17년간 금용당국에서 금명관의 it 부은 검사를 지행했고 이후 금명에서 정보보 적옷책임절 여임했다
p04_u74,p04,ce10.0,김찰둔 고문은 17영간 금명 당국에서 금영권의 it 보은 검사를 지행했고 이수 금명에사 정보보 책고 책임재 려임했다
p04_u75,p04,taps,공주시가 풍함체초로 바령한 모발일 지역 타랑 항품권 경접배이가 두적바행에 205력 75원을 돌파했다고 시일일 밝겼다
p04_u75,p04,ce0.0,공주시가 평함 제초로 바련한 모발일 지역 타랑 상품건 정죽 텔가 두적 바행에 205럽 7수보건을 돌파했다고 집일일 밝겼다
p04_u75,p04,ce0.1,공주시가 충남 제초로 바령한 모발일 지역 타랑 상품건 경죽 태리가 두적바행에 205력 7보건을 돌파했다고 시비일 밝겼다
p04_u75,p04,ce0.5,공주시가 충함 체초로 바행한 모발일 지역 타랑 상품건 종줄태기가 두적발행에 2057버건을 돌파했다고 시일를 밝겼다
p04_u75,p04,ce1.0,공주시가 총함체초로 바행한 모발일 부역 타랑 상풍건 경접태이가 두적바행에 2057부버건을 돌파했다고 비일일 밝겼다
p04_u75,p04,ce2.0,공주시가 풍함 제초로 바행한 모발일 지역 사랑 상품권 경접태가 부적바행에 2057보건을 돌파했다고 시들일 발겼다
p04_u75,p04,ce5.0,공주시가 충함 제초로 반행한 모발일 지역 사랑 상풍권 경접태위가 부적반행 205백75건을 돌파했다고 시비일 달겼다
p04_u75,p04,ce10.0,공주시가 총함 체초로 바행한 모발일 지역 사랑 상품권 경접태위가 부적바행객 20575건을 돌파했다고 시비일 달겼다
p04_u76,p04,taps,2천19년 8월 출시후 이면 팔개월 만인 5월11 구적 바행에 209 7법 원을 달성었다
p04_u76,p04,ce0.0,2019년 8월 출시후후 육년 타개월 많은 5월11 부적 바량에 205 7스법 원을 달성었다
p04_u76,p04,ce0.1,2019년 8월 7c후 6년 팔개월 마닌 5월11 두적 바행했 209 7스법원을 달성었다
p04_u76,p04,ce0.5,2천19년 8월 7c후 2년 8개월 만인 5월 1빌 두적 바행했 209 7법 원을 달성했다
p04_u76,p04,ce1.0,2019년 8월 7c의 6년 탈개월마인 5월11 부적 바행에 2057법원을 달성했다
p04_u76,p04,ce2.0,2019년 8월 실c후 인년 탈개월 만인 오월 11 유적 바행했 20975원을 달성했다
p04_u76,p04,ce5.0,2019년 8월 실시이후 우년 8개월마인 5월11 두작발행했 20575원을 달성했다
p04_u76,p04,ce10.0,2019년 8월 출c이후 유년 8개월 만인 5월11 부적발행에 20575 원을 달상었다
p04_u77,p04,taps,우는 지난의 구월 처목 백고원 달성에 이여 불과 팔결을 만에 처호건 이강 바행견 것다
p04_u77,p04,ce0.0,우는 지난의 구월 처옷 백고원 달성에 이여 불과 팔결월 만에 천호건 이상 발행된 것다
p04_u77,p04,ce0.1,우는 지안의 구월 천호에고원 달성에 이여 불과 팔결 만에 천호건 이당 바행된 것이다
p04_u77,p04,ce0.5,이는 지난의 구월 처목 백고건 달성의 이요 불과 팔개할 만에 천호건 이장 바행된것다
p04_u77,p04,ce1.0,이는 주난의 그월 천우백고원 달성에 이여 불과 팔결 만에 천호건 이상 바행되이것다
p04_u77,p04,ce2.0,이는 은난의 구월 천5백고원 달성의 이여 불과 팔결월 만에 천호건 이장 바행된것다
p04_u77,p04,ce5.0,이는 지난의 구월 천소 백고원 달성의 이여 불과 팔교을 만에 천호건 이상을 바행된 것다
p04_u77,p04,ce10.0,우는 지난에 구월 천호 백고원 달성의 우여 불과 팔교 만에 천호건 이상을 바행쟁 것다
p04_u78,p04,taps,다윗자도 오래들어 매일 배겨명식 증가 하면성 총가입자스는 심만 9천0 명을 꾸돌고 있다
p04_u78,p04,ce0.0,다윗자도 오래들어 매일 배겨명 십친가 하면성 총가입자스는 심만 9천0 명을 우돌고 있다
p04_u78,p04,ce0.1,가입자도 오래들어 매일 배겨명식 중가 하면서 총가입자스는 심만 9천0 명을 부돌고 있다
p04_u78,p04,ce0.5,가입자도 울래들어 매일 배겨명 비친가 하면성 총 가입자스을 심만 9천0 명을 루돌고 있다
p04_u78,p04,ce1.0,가윗자도 오래들어 매일 대겨명 싶중가 하면성 총가입자스을 심만 그천 명을 우돌고 있다
p04_u78,p04,ce2.0,다윗자도 올래들어 매일 배겨명수 중가 하면성 총가입자으을 심만 9천0 명을 꾸둘고 있다
p04_u78,p04,ce5.0,가윗자도 우래들어 매일 배겨명식중가 하면성 총 가입자수는 심만 9천 명을 꾸둘고 있다
p04_u78,p04,ce10.0,가윗자도 오래들어 매일 배겨 명식 중가 하면 성 총 가입자스는 심만 9천 명을 꾸둘고 있다
p04_u79,p04,taps,부상공인 자형 없자도 꾸중의 감맹점에 등록하면서 자천 4백게를 넘어서며 꾸전한 중가세를 보이고 있다
p04_u79,p04,ce0.0,부상공인 자형없자도 꾸중의 가맹점에 등독하면서 자천 4백개를 넘어서며 꾸전한 중가세를 보이고 없다
p04_u79,p04,ce0.1,부상공은 자행업자도 꾸은의 감맹점에 능록하면서 4천 4백개를 넘어서며 꾸전한 증가세를 보이도 있다
p04_u79,p04,ce0.5,호상공인 자행업자로 꾸준의 감맹점에 중록하면서 자천 4백0게를 넘어하며 꾸전한 중가세를 보이소 있다
p04_u79,p04,ce1.0,호상공인 자행업자록 꾸준의 감맹점에 능록하면서 자천 4백0개를 넘어서며 두존한 증가세를 보리고 있다
p04_u79,p04,ce2.0,호상공인 자형없자로 꾸진의 가행점에 누록하면서 자천 4백개를 넘모다며 그전한 중가세를 보이고 있다
p04_u79,p04,ce5.0,후상공인 자형없자도 꾸준의 가맹점에 능독하면서 자천 4백개를 넘어다며 그전한 중갈세를 보리고 있다
p04_u79,p04,ce10.0,후상공인 자형없자도 꾸준의 감맹점매 능목하면서 자천 4백개를 넘어서며 꾸존한 증가셔를 보이고 있다
p04_u80,p04,taps,책군내는 택지 없대에 가맹점 등록이 증가 한는서 은수 종하지 아및 미용자들의 큰 호을 얻고 있다
p04_u80,p04,ce0.0,책군내는 택지없대에 감맹점 등록이 짐가 하면서 은수 종사지 아및 이용자들을 큰 호을 얻고 있다
p04_u80,p04,ce0.1,새근하는 백지없 대에 감맹점 등록이 준가 하면서 은수 종하지 아및 이홍자들의 큰 호을 없고 입다
p04_u80,p04,ce0.5,새근에는 특접개 감맹점 등록이 중가 하는서 은수 종하자 및 미용자들의 큰 홍을 얻고 있다
p04_u80,p04,ce1.0,새군하는 택접개 감맹점 등록이 증가하는서 은수 동파자및 위형자들의 큰 홍을 얻고 있다
p04_u80,p04,ce2.0,새근에는 택스없개 감명점 등록이 중가하면서 은수 종사지 아및 미용자들의 큰 호을 얻고 있다
p04_u80,p04,ce5.0,최근에는 택시 없게 감맹점 등력이 중가하면서 은수 종사자및 이용자들의 큰 호을 얻고 있다
p04_u80,p04,ce10.0,최근에는 특지없게 감명점 등록이 중가하면서 은수 종파지아및 용자들의 큰 호행을 얻고 있다
p04_u81,p04,taps,특히 봉급패의 회전 류이 98프로에 달라면서 지역 경제 선손하을 끌고 없다
p04_u81,p04,ce0.0,특히 본급회의 해전 유이 98프로에 따라면서 지역 경제 선후하을 끌고 없다
p04_u81,p04,ce0.1,특히 공국회의 해전 유이 98프로에 따라면서 지역 병제 선후하을 끌국다
p04_u81,p04,ce0.5,특기 공국패의 회전 유이 그8프로에 달라면서 역경제 관손하을 읽끌고 있다
p04_u81,p04,ce1.0,특기 봉국태의 회전 유이 그8프로에 달라면서 유역 경제 선손하을 일끌리고 있다
p04_u81,p04,ce2.0,특히 공규회의 회전 류이 98프로에 달라면서 역경제 전순하을 끌고 있다
p04_u81,p04,ce5.0,특히 공국회의회전 유이 98프로에 달라면서 이역경제 선순하를 끌고 있다
p04_u81,p04,ce10.0,특히 공주배일 회전 유이 그8프로에 달라면서 지역 경제 선손하을 끌고 있다
p04_u82,p04,taps,비와 함께 공주 패이와 연동 모바일 에부로 손식게 배달주원 할 수 있는 공공 베달렛서비스도 빠르게 정각하고 있는 것으로 나타났다
p04_u82,p04,ce0.0,비화 함께 공주패이와 연동 모바일 에부로 선식게 재달주은 할 수 있는 궁공 베달렛 서비스도 빠르게 정탁하고 있는 것으로 같타났다
p04_u82,p04,ce0.1,피와 함께 공주패위와 연동 모바일 에브로 손측게 대달주어을 할 수 있는 궁공 배달렛 서비스도 빠르게 정택하고 있는 것으로 나타났다
p04_u82,p04,ce0.5,리와 함께 공축태위와 연동 모발일 엘부로 선숙게 배달주원할 수 있는 궁궁 배달액 서비스도 빠르게 정착하고 있는 것으놓같타났다
p04_u82,p04,ce1.0,희와 함께 공주태위와 연동 모발일 에브로 선식에 배달주어할 수 있는 공공 배달렛섬비스도 빠르게 정착하고 있는 것으 거나타났다
p04_u82,p04,ce2.0,희와 함께 공주태위와 연동 모바일 에브로 손식게 대달주어할 수 있는 공공 배달액 섬비스도 빠르게 정삯하고 있는 것으 거나타났다
p04_u82,p04,ce5.0,피와 함께 공주태위와 연동 모발일 엘부로 손식대 배달주원할 수 있는 경공 배달렛 서릭도 빠르게 정학하고 있는 것으로 나타났다
p04_u82,p04,ce10.0,피와 함께 공주패위와 연동 모바일 에브로 선식게 배달주원할 수 있는 공공 배달렛서비스도 빠르게 정착하고 있는 것으로 나타났다
p04_u83,p04,taps,지안의 구월 정식 은영에 들어간 후 지행 팔개일 많인 지난 5월11 현제 24십게 업체가 감명정으로 등록혔으며 무적 거래도 시버건을 돌파했다
p04_u83,p04,ce0.0,지안의 구월 정식 은령에 들어간 후 시형 8결할 많인 지난 5월11 1제24패 없체가 감명점으로 등립했으며 누적 고래도 시버건을 돌파했다
p04_u83,p04,ce0.1,지난의 9월 정식 은냥의 들어간 후 시행 팔개을 마은 지난 5월11 현제24식게 없체고 감명정으로 등록했으며 누적 고래도 시법원을 돌팔했다
p04_u83,p04,ce0.5,주안의 구월 장식 의행의 들어간 후 시행 팔개일 많인 지한 오월 1빌선제 2040게 없체가 감명정으로 등룩했으며 루적 거래도 시박원을 돌파했다
p04_u83,p04,ce1.0,주난의 9월 정식 은형의 들어간 후 시행 팔개할 많인 지한 5월 1빌현제20 자0피 없체가 감명점으로 등룩했으며 누적 고래도 시박원을 돌하했다
p04_u83,p04,ce2.0,지안의 구월 정식 은영의 들어간 후 시행 팔개를 많인 지한 5월 11 현제2 40게 없체가 감명점으로 등놓했으며 유적 거래도 시법건을 돌파했다
p04_u83,p04,ce5.0,주안의 구월 정식 은냥의 들어간 후 귀행 8결 많인 지한 5월 1일 현제 2 4식게 없쳐 감맹적으로 등룩켰으며 두잡 오래도 시버원을 둘파했다
p04_u83,p04,ce10.0,지난의 고월 정식 은영의 들어간 후 시형 8개할 많인 지난 5월11 현24십게 없체가 감명적으로 등룩켰으며 부적 거래도 시버원을 돌파했다
p04_u84,p04,taps,공주 베이 배달레의 가장 큰 이점은 일점 7파센트라는 더려만 중계 수술로로 소상 공인들에게 평군 8파센 이상의 수스로 부담을 더어두고 있다
p04_u84,p04,ce0.0,공죽 태이 배달레의 가장 큰 이점은 일점 7퍼센트라는 더렴한 중계 수주로로 소상 공인들에게 평군 8파센 이상을 수스로 보덤을 더어주고없다
p04_u84,p04,ce0.1,공주패이 배달레의 가장 큰 이점은 일점 7퍼센트라는 더려만 중계 스스로로 소상 공인들에게 평결 8퍼센트 이상을 스스로 부렵을 더어주고 없다
p04_u84,p04,ce0.5,공질패이 배달레의 가장 큰 이점은 1점 7파센트라는 결려만 중계 수술요로 소상공인들에게 평년 8파센트 이상의 스스요 부담을 더어지고 있다
p04_u84,p04,ce1.0,공접태의 대달레벨 가장 큰 이점은 1점 7파센트라는 절렴만 중개 스스로로 호상군인들에게 평군 8파센트 이상의 스스려 부담을 더어지고 있다
p04_u84,p04,ce2.0,공주패의 배달에의 가장 큰 이점은 일점 7파센트라는 절련만 중계 수주러로 소상 공인들에게 평군 8파센도 이상의 수주요 부담을 떨어지고 있다
p04_u84,p04,ce5.0,공주태의 배달에될 가장 큰 이점은 일점 7파센패라는 절렴한 중계 수주러로 소상 공인들에게 평군 8파센도 이상의 수스러 부담을 돌어주고 있다
p04_u84,p04,ce10.0,공줄패이 대달에의 가장 큰 입점은 일점 7파센트라는 절렴한 중계 수술러로 소상 공인들에게 평군 8파센두 유향의 수스려 부담을 돌어주고 있다
p04_u85,p04,taps,여기의 1퍼센 하행 했택을 받을 수 있는 공국패이로 결제가 일어어지덮보니 주원히 사장이 조치하는 학생공 소비자들에게 사랑을 받고 있다
p04_u85,p04,ce0.0,여기에 1파센 하인 했택을 받을 수 있는 공주패이록 절제가 일어어지아풍이 주원이 사장이 조치하는 학생동 소비자들에게 사랑을 받쫓 없다
p04_u85,p04,ce0.1,여기에 1퍼센 하인 했택을 받을 수 있는 공직패이로 결제가 일어어지덮어니 주원히 사장이 족치하는 학성등 소비자들에게 사랑을 받고 있다
p04_u85,p04,ce0.5,여기에 1퍼센 하인 해택을 받을 수 있는 공주태이로 결제가 일어어지다푸니 주원히 사장이 조치하는 학생등 서비자들에게 사랑을 맡고 있다
p04_u85,p04,ce1.0,여기일 1퍼 하인 해택을 받을 수있는 공주패이로 결제가 이어어지다보니 구원히 사장이 조치하는 학영등 거비자들에게 자랑을 맞고 있다
p04_u85,p04,ce2.0,여위에 1퍼센 하인 해택을 받을 수 있는 공주패이로 걸제가 이어어지다보니 주원히 사장이 조지하는 학생한등 소비자들에게 사랑을 맞고 있다
p04_u85,p04,ce5.0,여기일 1퍼은째하린 했택을 받을 수 있는 공주패이로 결제가 이루어지잡푸니 주원히 사장이 조키하는 학형등 소비자들에게 사랑을 맞도 있다
p04_u85,p04,ce10.0,여기의 1파센 하인 했택을 받을 수 있는 공주패이로 설제가 이어어지라푸니 주원히 사장이 조치하는 학성등 소비자들에게 사랑을 맞고 있다
p04_u86,p04,taps,신는 오월 가장에 다를 마지하여 침구 초대하기 등 다양한 배달레비 이벤트를 지행하며 오천원 하인 국건도 지금 한다
p04_u86,p04,ce0.0,지는 오월 가장에 다를 마지하여 침구 초대하기 등 다양한 배달레 이벤트를 지행하며 오천원 하인 그번도 지금 판다
p04_u86,p04,ce0.1,시는 오월 가장의 다를 마지하여 침구 초대하 기등 다양한 배달렘 이벤트를 주행하며 오천원 하인 굽번도 직금 반다
p04_u86,p04,ce0.5,시는 오월 가장의 다를 마지하여 친구 초대하기등 다양한 배달레 이벤트를 지행하며 옷천원 하인 굽번로 지금 판다
p04_u86,p04,ce1.0,시는 오월 가장에 다를 마지하여 침구 초대하기 등의 다항한 배달렘 이벤트를 주행하며 오천원 하인 구푼를 지급 받다
p04_u86,p04,ce2.0,시는 오월 가정에 달를 마지하여 친구 초배하기 등 다양한 배달렘 이벤트를 주행하며 어천원 하인 굽번도 지금 받다
p04_u86,p04,ce5.0,시는 오월 가장에 달를 마지하여 친구 초대하기등 다랑한 배달렘비 이벤트를 지행하며 오천원 하인 굽번도식을 반다
p04_u86,p04,ce10.0,시는 오월 가장의 달을 마지하여 친구 초대하기 등 다양한 배달렘 이벤틀 지행하며 오천한 화인 굽번도 직을 반다
p04_u87,p04,taps,이 상의를 경제가장은 공주패위에 기부 서비 집플레품을 준비중으로 창우 지학 개층 지언과 기부문너 학산으로 지억 사회에 공원하겠다고 밝혔다
p04_u87,p04,ce0.0,이상 률 경제가장은 공주배위에 기브 서비 집플레품을 준비중으로 항의 취학 개층 지언과 기부음너 확산으로 지역 사회에 공원하겠다고 말쳤다
p04_u87,p04,ce0.1,이상 률 경제가장은 봉주패위해 기브 서비 집플레품을 준비중으로 창우치학 개층 지언과 기부문너 확사으로 지역 사회에 공원하겠다고 말혔다
p04_u87,p04,ce0.5,이상일 경제가장은 공죽태위해 기브 서비 집플레품을 준비중으로 향우 취학 개층 지원과 기부문너 학산으로 지억 사회 공원하겠다고 말혔다
p04_u87,p04,ce1.0,이상률 정제가장은 공주패위해 기부법이 집플레품을 준비중으로 상우 취학 개층 지원과 기북문너 확산으로 지억 사회 공원하겠다고 말셨다
p04_u87,p04,ce2.0,이장률 형제가장은 공주패위에 기브 섬비 집플레품을 준비중으로 상우 취학 계층 지원과 기부문너 확산으로 기억 사회 공원하겠다고 말셨다
p04_u87,p04,ce5.0,이상 률 경제가장은 공축태위해 기부 섬비 시플레품을 준비중으로 향우 치학 계층 지원과 기금문화 확산으로 지억 사회 공원항했다하고 밝혔다
p04_u87,p04,ce10.0,이장의일 정제과장은 공주패 위에 기브 섬비 집플레풍을 준비중으로 상우 취학 개층 지원과 기부문너 확산으로 지역 사회 공원하겠다고 말셨다
p04_u88,p04,taps,한편시는 코로나 일구와 유가인 상동 소상공인 및 자형업자의 어려 미속되고 있는 상향을 감만에 그래에도 공급10파 하인 정척을 위지하고 없다
p04_u88,p04,ce0.0,한편 시는 코로나 일구와 일가 인상등 소상공인기 자형없자의 어려 미속되고 있는 상항을 감만낼 우래에도 공숙배0파 하인 정책고 유지하고 없다
p04_u88,p04,ce0.1,한편 시는 코론나 일구와 일가인 상둥 소상공인 및자형업자의 어려 미속되고 있는 상황을 감만낸 우래에도 공급1의1파 하인 정책을 유지하고 없다
p04_u88,p04,ce0.5,한편 이는 코론나 일구와 유가인 상등 소상공인 미차형 업자의 어려 미속되고 있는 상항을 감만에 우래에도 공급베의1파 하인 정책을 유지하고 있다
p04_u88,p04,ce1.0,한 편 시는 코론나 일구와 유가 인상등 서상공인 및타형업자 어려 믿쪽되고 있는 상항을 감만에 구래에도 공급패의 집파센테 하인 정책을 위지하고 있다
p04_u88,p04,ce2.0,한편 이음 코론나 일구와 유가인 상등 소상공인 및차형없자의 어려 미속되고 있는 상황을 감만에 래에도 공줄회의 1파센 하인 정책을 유지하고 있다
p04_u88,p04,ce5.0,한편 시는 코론나 일구와 유가인 상등 소상공인 및차형업자의 어려 미속되고 있는 상항을 감만에 우래에도 긍국대의 1파 하인 성책을 유지하고 있다
p04_u88,p04,ce10.0,한 편 시는 코론나 일구와 육가인 상등 소상공인 및차형업자의 어려 미속되고 있는 상악을 관만은 우구래여도 공91의1파 하인 정책을 위지하고 있다
p04_u89,p04,taps,2cv일 서울시는 점날 제04차 보시개이언을 계체하고 토초구 반포 유수진의 책 시설 설체 대에 수장가결 했다고 밝겼다
p04_u89,p04,ce0.0,2cv일 서울시는 전날 제4차 보시개 위언회를 계체하고 토초구 반포 유스진의 최육 지털 설치 대에 수장 가결 학다고 밝겼다
p04_u89,p04,ce0.1,2cv일서울시는 전날 제4차 보시개 이언을를 계체하고 토초그 반토 유수진의 최시설 설체에 대에 수장가결 다고 발겼다
p04_u89,p04,ce0.5,2cp일 서울시는 전날체14차 보시개 위원을를 계체하고 토척으 반포 유수진의 채육지할 설체 대에 수장과결 했다고 밝겼다
p04_u89,p04,ce1.0,이cb일 혈울시는 전날 제04차 고시개 위원을를 계체하고 토척그 반포 유스진의 채육짖설 설체 대에 추장가결 했다고 밝혔다
p04_u89,p04,ce2.0,이c비일 서울시는 전날 체04차 고시개 위원을를 계체하고 토척으 반토 유수진의 채6시살 설체 대에 수장가결 했다고 밝겼다
p04_u89,p04,ce5.0,이s비일 서울시는 전날 제04차 보시개 위언을 계체하고 토척으 반포 유수진의 채육 지설 설체 대에 주장 가결 했다고 밝혔다
p04_u89,p04,ce10.0,이cd일서울시는 전날제04차 고시의 위원을 계체하고 토척의 반포 유스진의 채육시설 설체 대에 추장가결 했다고 밝겼다
p04_u90,p04,taps,1968년 채초 결당된 단포 유수지는 유수 시설과 함께 200언영부터 반포 종화 분동장으로 이용되어왔다
p04_u90,p04,ce0.0,1968년 채초결당된 반포 유수지는 유수 시설과 함께 200원영부터 반포 종화 분동장으로 위용되어 왔다
p04_u90,p04,ce0.1,처968년 재초 결당된 반포 유수지는 유수 시설과 함께 200원영부터 반포종화 분동장으로 이용되어왔다
p04_u90,p04,ce0.5,1968년 재초 결당된 반포 유수지는 유수 시설과 함께 20오형부터 반포종화 분동장으로 이용되어왔다
p04_u90,p04,ce1.0,1968년 재초 결정된 단포 유수지는 유수 시설과 함께 20언염부터 반포종화 분동장으를 이용되어왔다
p04_u90,p04,ce2.0,1968년 재초 결정된 반포 유수지는 유수 시설과 함께 이0언염부터 반포종화 분동장으로 이용되어 왔다
p04_u90,p04,ce5.0,1968년 재초 결장된 반포 유수지는 유수 시설과 함께 20언염부터 반포종화 분동장으로 이용되워왔다
p04_u90,p04,ce10.0,처968년 재초 혈정된 반포 유수지는 유수 시설과 함께 위0오염부터 반포종화 분동장으로 유용되어 왔다
p04_u91,p04,taps,지난 2021년 제 심욕차 동시 계획 위언회를 통해 뉴스지 구관을 일부폭게 하여 옥합 체리스설 걸립하는 사항에 대한 심메일를 받은 바있다
p04_u91,p04,ce0.0,지난 2021년 제 심욕차 동시 계획 이언을를 통해 루스지 구관을 일부폭게 하여 국합 체육지설 걸립하는 사항에 대한 심메일를 받은 닿 있다
p04_u91,p04,ce0.1,지난 20201년 제 심욕차 도시 계획 이언을를 통해 루스지 기관을 일부 폭게 하여 폭합 채획스설 걸립하는 사항에 대한 심무일를 받은 바있다
p04_u91,p04,ce0.5,지난 2021년 제 신욕차 동시 근획 비언회를 통해 유스지 구관을 일부 폭게 하여 폭합 체육스설 걸립하는 사항에 대한 입무일를 받은 바 있다
p04_u91,p04,ce1.0,이한 2021년 제훈욕차 도시 경획 비언을 통해 우스지 그관을 일부 폭게 하여 폭합 체육스설 걸립 하는 사항에 대한 입무일를 받은 바 있다
p04_u91,p04,ce2.0,지한 2021년 제신욕차 도시 계획 위원을 통해 유스지 그관을 일부폭게하여 옥합 채육스설 걸립하는 사항에 대한 심무일를 받은 닿 있다
p04_u91,p04,ce5.0,지난 2021년 개 심욕차 도시 근획 비언을 통해 유스지 구관을 일부 폭게 하여 폭합 채육시설 걸립하는 사항에 대한 심메일를 받은 빠있다
p04_u91,p04,ce10.0,지난 2021년 제 심욕차 동식 교획 위원을를 통해 유스지 구관을 일부 폭게 하여 폭합 체육지설 걸립하는 사항에 대한 심메일를 받은 바 있다
p04_u92,p04,taps,기번 시민에서 공공 치 지설리 추가종 필로성과 지민 의건을 반영하여 건축 면적 확텔를 위에 폭게 맺적을 놀렸다
p04_u92,p04,ce0.0,기번 지민에서 공공 칠 지설리 추가 확증 필롯성과 지민 의전을 반영하여 건축 맹적 합대 위에 복게 맺적을 놀렸다
p04_u92,p04,ce0.1,기번 시승에서 공공 처역 지설이 추가 확종 필롭성과 주인 의건을 반영하여 건축 맹적 합별 위에 복게 맺적을 놀렸다
p04_u92,p04,ce0.5,입번 시민에서 공궁 7육 지설의 추가 확중 필롭성과 이민 의건을 반영하여 건축 맹적 확대를 위에 폭게 맺적을 놀렸다
p04_u92,p04,ce1.0,입번 지민에서 공궁 체육 이설의 추가중 필로성과 주민 의건을 반영하여 건축 맹적학대를 위에 폭게 맺적을 놀렸다
p04_u92,p04,ce2.0,입번 시민에서 공공 체지설의 추각 충 필로성과 지민 의견을 반영하여 건축 맹적확대 위에 폭게 맹적을 놀렸다
p04_u92,p04,ce5.0,기번 시민에서 공공 체육 지설의 추각종 키로성과 주민 의견을 반영하여 견축 맹적학대를 위에 폭게 맹적을 널렸다
p04_u92,p04,ce10.0,입번 시민에서 공공 최육 지설의 추각종 필로성과 지민의 의견을 반영하여 견축 맹적확대를 비에 복게 맹적을 늘렸다
p04_u93,p04,taps,유스 집 본 기등인 방제 성능의 기장이 없는 범이 내에서 주인의 접건 성과 위용 편이성에 된낼 연미이 검투했다
p04_u93,p04,ce0.0,유스집 본 기등인 방제 성능의 지장이 없는 범이 내에서 주민의 잡건 성과 이용 편이성에 되해 연미이 검토했다
p04_u93,p04,ce0.1,유스지 본 기등인 방재 상능의 뒤장이 없는 범위내에서 주민의 잡건 성과 이용 편이성에 등해 연미이 밤투했다
p04_u93,p04,ce0.5,유스집 본 기등인 방재 상능의 지장이 없는 범이내에서 주민의 잡건 성과 위용 편이성에 되해 연미이 감도했다
p04_u93,p04,ce1.0,률스 집 본의기등인 방대 성능의 지장이 없는 범이 내해서 주인의 잡건 성과 위용 편이상에 되회 연미이 방투했다
p04_u93,p04,ce2.0,유스 집 본의기능인 장재 상능의 지장이 없는 범위내에서 주민의 잡건 성과 위용 편이상에 평해 연미이 검돌했다
p04_u93,p04,ce5.0,유스집 보이 기등인 방재 성능의 지장이 없는 버위내에서 주민의 잡건 성과 유용 편이상에 등낼 연미이 감도했다
p04_u93,p04,ce10.0,유스지 본이기등인 장재 성능의 지장이 없는 범이 내에서 주민의 잡건 성과 유용 편이상에 등회 연미이 검음했다
p04_u94,p04,taps,이번 심의가 통가됨에 따라 유수인의 이부 구관을 복게 하여 복할 체 지설를 건립하는 것이 가능해졌다
p04_u94,p04,ce0.0,이번 심을과 통거됨에 따라 유수진의 일부 구관을 복게 하여 폭합 치 지설를 건립하는 것이 가능해졌다
p04_u94,p04,ce0.1,이번 1물가 통과됨에 따라 유수진의 일부 구관을 복게 하여 폭할체 시설를 건립하는 것이 가능해졌다
p04_u94,p04,ce0.5,입번 심물과 통화됨에 따라 유수진의 일부 구관을 복게 하려 복합 체스비설를 건립하는 것이 가능해졌다
p04_u94,p04,ce1.0,이번 심물가 통어됨에 따라 유수비의 일부 구관을 복게하여 폭할트획지설를 건립하는 것이 가능해졌다
p04_u94,p04,ce2.0,이번 심물과 통화됨에 따라 유수진의 일부 교관을 복게하여 폭합 표역시설를 건립하는 것이 가능해졌다
p04_u94,p04,ce5.0,이번 1물과 통가뱀에 따라 유수인의 일부구간을 복게하여 폭할취 시설를 건립하는 것이 가능해졌다
p04_u94,p04,ce10.0,이번 1물과 통화됨에 따라 유주진의 일부구관을 복게하여 폭할 최뒤설를 건립하는 것이 가능해졌다
p04_u95,p04,taps,구체적인 책 지설 건니과 권일에 피로한 도시 관리 계획등은 더초으에서 지행하 일 정다
p04_u95,p04,ce0.0,그체적인 책지설 건니과 건립에 피로한 도시 관리 대획등은 더초으해서 지행할 일정다
p04_u95,p04,ce0.1,그체적인 새지살 건니과 전립에 피로한 도시 관리 계획등은 도촉에에서 지행할 려정다
p04_u95,p04,ce0.5,그체적인 펼치설 건믿과 건립을 피로한 도시 관리 계획등은 어초게에서 지행할 일정니다
p04_u95,p04,ce1.0,그체적인 책스설 건립과 건립의 피로한 도시 관리 배획등은 도초결서 지행할 일정니다
p04_u95,p04,ce2.0,그체적인 최시설 건립과 건립에 피요한 도시 관리 계획등은 토초구에서 지행가 열정니다
p04_u95,p04,ce5.0,그체적인 최역시설 건립과 견립을 피요한 도시 관리 되획등은 터초교에서 지행할 려정다
p04_u95,p04,ce10.0,그체적인 색지살 건립과 견립에 피로한 도시 관리 계획등은 서초교에서 지행가 려정이다
p04_u96,p04,taps,뉴술지 방제 성령을 충적 함과 동시에 지역 피로 시설인 채획 시설를 설지하으로서 주민들이 살을 진일 향상에 기요할 것소 기대된다
p04_u96,p04,ce0.0,유숙지 방제 성령을 청적 함과 동시에 지역 피로시설인 태우 치설를 설지하으로써 주민들의 살을 질일 향상에 기요할 것서 지대된다
p04_u96,p04,ce0.1,유숙이 방제 상로을 총적 함과 동시에 지역 피로시설인 폐획 시설를 설지 하으로써 주민들이 살은 진일 향상에 기워할 것서 뒤대된다
p04_u96,p04,ce0.5,유술지 방재 성능을 충적 함과 동시에 역 피로시설인 채육 시설를 설지 하으로써 지민들이 살무일 질일 향상에 기워할 것으로 비대된다
p04_u96,p04,ce1.0,유스지 방제 상령을 총격 함과 통시에 력 피로 지설인 채획 지소를 설지하으로터 구민들이 살무일 집일 향상에 기요할 것으로 기되된다
p04_u96,p04,ce2.0,유수지 방제 성능을 총적 함과 동시에 주역 피로지설인 펼 지소를 설지하으로써 주민들의 살의일 집일 향상에 기요할 것은 비대된다
p04_u96,p04,ce5.0,유스지 방제 성령을 충족담과 동시에 지역 피로시설인 채획 시설를 설지 하으로써 죽인들의 설눌일 질일 향상에 기워할 것은 기대된다
p04_u96,p04,ce10.0,유스지 방제 성령을 총적함과 동시에 지억 피로시설인 채육 시설를 설지하으로써 주민들의 설을 진일 향상에 기요할 것을 기배된다
p04_u97,p04,taps,스독과 매립직 발리공사은 수획태임을 반임 드장을 간소화에 폐임을 처리기간을 단축한다고 206일 밝켰다
p04_u97,p04,ce0.0,스독과 내립지 관류공사는 수회 태임을 반임 드장을 간소화에 태임을 처리기간을 단축한다고 이06일 밝켰다
p04_u97,p04,ce0.1,스독권 내립지 발류공사는 수회 패임을 반임 귀장을 간순활에 패임을 처리이간을 단축한다고 이육일 밝켰다
p04_u97,p04,ce0.5,스독과 매립지 발리공사는 수해 택임을 반임 규장을 간소하에 패임을 저리기간을 단축한다고 이인육일 밝켰다
p04_u97,p04,ce1.0,스독권 매립찍 발리공사는 부해 태임을 반임 규장을 간소화일 태임을 처리기간을 단축한다고 206일 밝켰다
p04_u97,p04,ce2.0,스독권 매립지 관리공사는 후회 태임을 반닌 구장을 간소하에 태임을 처리 이관을 단축한다고 이십6일 밝켰다
p04_u97,p04,ce5.0,스독권 매립지 발류공사은 수해 택임을 반역 주장을 간소화에 태임을 철리 이간을 단축한다고 이06일 밝켰다
p04_u97,p04,ce10.0,스독과 매립즉 발리공사는 수획태임을 반임 규장을 간송화에 폐임을 철리기관을 단축한다고 이06일 밝켰다
p04_u98,p04,taps,메립지공하는 책은 이사회를 열고 토건 메립지 폐임을 반입등에 관난 삼무처의 기장 계정안을 의결했다
p04_u98,p04,ce0.0,매륙지공서는 책군 이사회를 열고 스토건 메립지 폐임을 반입등에 관한 잠무처의 기장 계정안을 의결했다
p04_u98,p04,ce0.1,메립지공하는 측은 이사회를 열고 스똑건 메립지 패임을 반입등에 관한 사무처리 기장 계정안을 읽결했다
p04_u98,p04,ce0.5,메립지공하는 책은 이사엘를 열고 똑건 메립지 패힘을 반입등에 관난 삼무처리 기장 계장안을 얼결했다
p04_u98,p04,ce1.0,메륙지공사는 책은 이사회를 열고 꼭건 매립집 패임을 다립등에 관난 탐무처리 규장 대정안을 울결했다
p04_u98,p04,ce2.0,메륙죽응하는 책군 이사회를 열고 속건 메립기 패임을 반립등에 관난 삼무철의 기장 대정안을 얼결했다
p04_u98,p04,ce5.0,메륙지공하는 책은 이사회를 열고 특건 메립지 폐임을 반입등에 관한 탐무철기장 계장하을 일결했다
p04_u98,p04,ce10.0,메륙지공사는 책은 이사회를 열고 스폭건 매립지 폐임을 반입등에 관한 참무철의 기장 계장하을 의결했다
p04_u99,p04,taps,기존에 수웨 패기물를 처리하르면 내리지 공사 우냥위원에 주민 대표의 현장 실사가 필르했으나 이번 계정으로 관련 절차가 사로졌다
p04_u99,p04,ce0.0,기존에 스패임물를 철리아르면 메리지 공사 우냥위원에 주민 대표의 현장 실사가 데르했으나 입번 계정으로 관련 설차가 사으졌다
p04_u99,p04,ce0.1,뒤존의 스웨 패기물를 철리하르면 메리지 공사 우냥기원에 주민 대트의 한장 실사가 필르했으나 입번 배장으로 관련 절차가 사로졌다
p04_u99,p04,ce0.5,존의 스웨 페기물를 철리아려면 레벨지 공사 은0 위원의 지민 대표의 현장 실사가 필르했더나 이번 계정으로 관련 절차가 사로졌다
p04_u99,p04,ce1.0,존에 수 패임물를 철리하르면 내립지 공사 우냥위원에 주민 대터의 현장 실사가 필요했으나 이번 배정으로 관련 절차가 살르졌다
p04_u99,p04,ce2.0,존에 수웨 패임물를 철리하르면 에리지 공사 우냥위원에 주민 대터의 현장 실사가 필요했으나 이번 계정으로 관련 절차가 사르졌다
p04_u99,p04,ce5.0,지존에 수 표임물를 철리하르면 내립지 공사 우냥 위원을 중인 대트의 현장 출사가 필르했으나 이번 계정으로 관련 절차가 사람졌다
p04_u99,p04,ce10.0,기존에 스 패임물를 철리하르면 레립지 공사 우냥 위원에 주민 대트의 현장 실사가 필르했으나 이번 계정으로 관련 절차가 사릅었다
p21_u00,p21,taps,연인의 자은을 출의 화가나 당구슬집에 풀을 주려다고 한 옷습대 남성이 경찰에 강거렸다
p21_u00,p21,ce0.0,연임의 자진을 투의 화가나 당구 슬집에 풀을 주류려고 한 옷습대 남성이 경찰에 관거렸다
p21_u00,p21,ce0.1,연인의 자진을투의 화가나 당구 슬집에 불을 주리려고 한 옷수대 남성이 장찰에 관거렸다
p21_u00,p21,ce0.5,연인의 자은을 투대화가나 당구 슬집에 풀을 주리다고 한 오십대 남성이 경찰에 관거렸다
p21_u00,p21,ce1.0,연인의 자은의출의 화가나 당구슬집에 불을 주려려고 한 우스대 남성이 경사에 건거렸다
p21_u00,p21,ce2.0,연인의 자은을출에 화가나 당구슬집에풀을 주려자고 한 옷습대 남성이 정사에 관거졌다
p21_u00,p21,ce5.0,연힘의 자증을 투대 화가나 당구슬집에풀을 죄르려고 한 옷대 남성이 경찰에 건고렸다
p21_u00,p21,ce10.0,연인의 자은의 추대 화가나 당구슬집에 풀을 주리다고 한 오십대 남성이 강사에 건거렸다
p21_u01,p21,taps,당주 동부 강찰소는 천주 건동움을 방화 예비등 험위로 오시대 남성 예씨를 채포했다고 유기 밝겼다
p21_u01,p21,ce0.0,당주 동부 강찰서는 천주 건종을 방화 예비등 협이로 오대 남성 예씨를 채포했다고 유기 밝겼다
p21_u01,p21,ce0.1,방주 당후 경찰서는 천주 건동을 방화 예비등 협이로 옷시대 남성 예씨를 채포했다고 유에 밝혔다
p21_u01,p21,ce0.5,광주 동부경찰서는 현주 건조을 방화 예비등 험위로 의스대 남성예씨를 채포했다고 육길 밝혔다
p21_u01,p21,ce1.0,광주 동부경찰소는 현주 건조움을 방화 예비등 험위로 옷스대 남성예씨를 채포했다고 유게 밝혔다
p21_u01,p21,ce2.0,강주 동부 강찰소는 선주 건독움을 방화 예비등 섬위로 옷시대 남성예씨을 채포했다고 유기 밝겼다
p21_u01,p21,ce5.0,광주 동부 경찰소는 천주 건동움을 방화 예비등 험위로 옷시대 남성예씨을 채포했다고 육일 밝혔다
p21_u01,p21,ce10.0,광주 동부 경찰소는 현주 건조움을 방화 예비등 험이로 오시대 남성예씨를 채포했다고 유게 밝켰다
p21_u02,p21,taps,ac는 지난 이오후 한시3분쯤 공구한 노레홀래 불을 지르려 한 허위를 받는다
p21_u02,p21,ce0.0,ac는 지난 이오후 한시탐분쯤 공구한 노레호래  불을 지르겨 한 허위를 받는다
p21_u02,p21,ce0.1,c는 지난 이 오후 할실합분쯤 동구한 노레호래 불을 주리려 한 협위를 받는다
p21_u02,p21,ce0.5,c는 지한 이우후 1실8분증 동구한 노래호래 불을 지르여 한 혀위를 받는다
p21_u02,p21,ce1.0,c는 지난 이 오후 한시3군증 동구한 노래호래 불을 지르여 한 혀멸를 받는다
p21_u02,p21,ce2.0,에c는 지난 이 로후 산3군증 동구한 노레호에 불을 지르려한 혀밀를 받는다
p21_u02,p21,ce5.0,에이c는 지한 이5후 1시8분쯤 동구한 노레홀에불을 지르려 한 헤밀를 받는다
p21_u02,p21,ce10.0,에이h는 지한 위오후 한시탐분쯤 동구한 노레호래 불을 지르여한 혀위를 받는다
p21_u03,p21,taps,그는 이나 문질이 든십출리터자이 통을 책겨들고 노래오 리구에서 영업시작을 기다리며 서성해다가 목격자의 신고을 받은 경찰의 출동하아 달아났다
p21_u03,p21,ce0.0,그는 이한 물질이 든출리터자이 통을 생겨들고 노래오 리구에서 영업시작을 기다리며 서성해다가 목접자의 신고을 받은 정찰리 추동하아 달랑났다
p21_u03,p21,ce0.1,그는 이산 물질이 든식출입터자이 통을 책겨들고 노레오 리구에서 영업세작에 기다리며 서성해다가 목격자의 승고을 받은 경찰리 추동하아 살아났다
p21_u03,p21,ce0.5,그는 이산 물질이 등 스7리터자이 통을 튼겨들고 노래의 리부에서 영업시작에 귀다리며 서성해 다가 목득자의 승고을 받은 경찰리 추동하아 달아났다
p21_u03,p21,ce1.0,그는 이나 물집이 둔 스7리커자이 통을 평겨들고 노레오 리구에서 영업 시작을 길라리며 서송해 다가 목격자의 순고를 받은 경찰리 출동하자 달라났다
p21_u03,p21,ce2.0,그는 이산 물질이 둔 17리터자리 통을 생겨들고 노레오 리구에서 영업시작에 기다리며 서성해 다가 목택자의 신고을 받은 경찰리 추동하자 자아났다
p21_u03,p21,ce5.0,그는 이나 물질이 둔 시7리터자리 통을 생겨들고 노레오 리구에서 영업시작에 기다리며 서송에 다가 목택자의 순고을 받은 경찰리 추동하자 달랐났다
p21_u03,p21,ce10.0,그는 이나 문질이 둔 17리터자리 통을 텐겨들고 노래오 입부에서 영업 시작을 기다리며 서성에 다가 목격자의 승고를 받은 경찰리 추통가자 달아났다
p21_u04,p21,taps,전달 오무 행스쯤에는 해당 노레오를 다시차자가 영업을 방해하며 소란을 피웠다
p21_u04,p21,ce0.0,전날 오무 행식쯤에는 해당 노레오를 다시차자가 영업을 방해하며 소란을 필웠다
p21_u04,p21,ce0.1,전달 움무 한시쯤에는 회당 노레오를 다시차자가 영업을 방해하며 소란을 피웠다
p21_u04,p21,ce0.5,전날 온무 한수쯤에는 해당 노레오을 다시초자가 영업을 방해하며 소란을 피웠다
p21_u04,p21,ce1.0,언날 오무 행수쯤에는 해당 노레오를 다스차자가 영업을 방해하며 포안을 피웠다
p21_u04,p21,ce2.0,선달 우후 한 수쯤에는 해당 노레오를 가시차자가 영업을 방해하며 소란을 피웠다
p21_u04,p21,ce5.0,선날 움무 한시쯤에는 해당 노레오를 다시차자가 영업을 방해하며 포안을 피웠다
p21_u04,p21,ce10.0,선날 오무 한 셋쯤에는 회당 노레오을 다시차자가 영업을 방해하며 소란을 필웠다
p21_u05,p21,taps,조사교과 그는 연인이 해당 노레울에서 다른 사람들과 자주수을 마신다는 이유로 이런 행동을 버린 것으로 들어났다
p21_u05,p21,ce0.0,조사결과 그는 연인이 해당 노레울에서 다른 사람절과 자주술을 마신다는 이유로 이런 행동을 버린 것으로 들러났다
p21_u05,p21,ce0.1,조사결과 그는 연인이 해당 노레올에서 다른 사람들과 자주스을 마신다는 이유로 이런 행동을 버림 것으로 들어났다
p21_u05,p21,ce0.5,조사결과 그는 연이의 해당 노레울에서 다른 사람들과 자두스을 마신다는 이유로 이런 행동을 버린 것으로 들어났다
p21_u05,p21,ce1.0,조사결과 그는 연인이 해당 노레올에서 다른 사람들과 자두스를 마신다는 이유로 이런 행동을 버린 것으로 들어났다
p21_u05,p21,ce2.0,조사결과 그는 연이 위 회당 노레올에서 다른 사람들과 자두스을 마신다는 이유로 이런 행동을 버린 것으로 들어났다
p21_u05,p21,ce5.0,조차결과 그는 연인이 해당 노레올에서 다른 사람들과 자두스을 마신다는 유유로 이런 행동을 버린 거으로 들러났다
p21_u05,p21,ce10.0,조사 결과 크는 연니 위의 해당 노레올에서 다른 사람들과 자주스을 마신다면 유유로 이런 행동을 버린 것으로 드어났다
p21_u06,p21,taps,경차은 체풀 영장을 발부바아 보이퉁이던 ac를 이날 오전 부잡았으며 부제적인 범맹 경위를 파학게 그속 영장을 순청할 방침니다
p21_u06,p21,ce0.0,경차은 체풀 영장을 발부바아 부이등일던 ac를 이날 오점 부잡았으며 부태적인 범맹 경위를 파학게 그속 영장을 신청할 방침니다
p21_u06,p21,ce0.1,정차은 체표 영장을 발부바아 부이퉁이던 ac를 이날로점 부잡았으며 그태적인 거맹 경위를 파학게 그속 영장을 순청할 방숙니다
p21_u06,p21,ce0.5,경차은 체풀 영장을 발부바아 부이등위던 엘씨를 인날 오전 받잡았으며 비표적인 범맹 경위를 파학게 두속 영장을 신청할 방식니다
p21_u06,p21,ce1.0,경차은 태푸 영장을 발부받아 부이중이던 에리c을 이날로전 북잡았으며 되적인 건맹 장위를 파학게 구속 영장을 신청할 방습니다
p21_u06,p21,ce2.0,경차은 체푸 영장을 발부받아 독이중위던 엘리씨를 이날오전 붙잡았으며 부태적인 거맹 당위을 파학게 구속 영장을 신청할 방승니다
p21_u06,p21,ce5.0,경팔은 태포 영장을 발부받아 부이등일던 애리씨를 이날오전 부잡하시며 티태적인 범맹 경류했파 학게 부속 영장을 신청할 번칩니다
p21_u06,p21,ce10.0,정차들 체푸 영장을 발부받아 포이중이던 ec를 이날 로저 붙잡았으며 부태적인 범맹 경의를 파학해 구속 영장을 심청할 방칩니다
p21_u07,p21,taps,얼론 중제 위원에 여중국 대고섬소장이 26일 경부길보 본사를 방문에 아아두낸 유용한 얼름 분쟁이라는 주제로 강이했다
p21_u07,p21,ce0.0,언론 중제 위원에 여존국 될고삼보장이 26일 평부의 보 본사를 방문에 아아두낸 유용한 얼론 분쟁이라는 지제로 광이했다
p21_u07,p21,ce0.1,얼론 중제 위원에 여준국 1고섬소장이 206일 경부길보 본사를 장문에 알아등낸 유용한 얼론 분쟁이라는 주배로 강이했다
p21_u07,p21,ce0.5,얼론 중제 위원에 여중국 배고 사문소장이 26일 경부길보 본사를 방문에 알아주낸 유용한 얼론 분쟁이라는 주배로 강이했다
p21_u07,p21,ce1.0,얼론 중대 위원에 여은국 되국 사소장이 26일 경부일보 본사를 방문에 알아드면 유용한 얼론 분등이라는 뒤대로 강위했다
p21_u07,p21,ce2.0,얼론 중제 위원에 여존국 대고삼으포장이 26일 강부일 보 본사를 장문에 알아드면 유용한 얼론 분쟁이라는 주대로 강이했다
p21_u07,p21,ce5.0,얼론 중제 위원에 여준국 배구 사송소장이 26일 경부개보 본사를 방문에 알아음면 유용한 얼론 준쟁이라는 주대로 강이했다
p21_u07,p21,ce10.0,얼론 중제 위원에 여종족 되고사문소장이 26일 경부일 보 본사를 장문에 아아드면 유용한 얼론 분쟁이라는 추대로 강이했다
p21_u08,p21,taps,경부일 보 인지관 목크 소비아 명명된 이번강이는 본사지관 30명을 대상으로 지행됩다
p21_u08,p21,ce0.0,정부일 보 인지관 목클 소비라 명명된 이범강이는 분사지관 3식명을 되상으로 지행됩다
p21_u08,p21,ce0.1,정부일 보 임지관 목트소비라 명명된 이번강이는 분사지관 사충명을 대상으로 지행됩다
p21_u08,p21,ce0.5,정부일보 임지관 먹크소비라 명명된 입방강이는 분사지관 선식명을 대상으로 지행됩다
p21_u08,p21,ce1.0,정부일 보 인지관 목크소비라 명명된 이방강이는 분사지관 3식명을 대상으로 지행됩다
p21_u08,p21,ce2.0,정부일 보 인지관 목쿠소비다 명명된 입번강이는 분사지관 선식령을 되상으로 지행됩다
p21_u08,p21,ce5.0,경부일 보 인지관 목교소비라 명명된 입방방이는 본사지관 3식명을 대상으로 지행될다
p21_u08,p21,ce10.0,정부일 보 임지관 목트소비라 명명된 이번강이는 분사지관 3식명을 대상으로 지행졌다
p21_u09,p21,taps,경북 대표간 지에 경부일 보아 얼론 중제 위원해관에 그류는 물론 질문 질답을 통해 성옥관 군정적 영행한 구추이 복적이다
p21_u09,p21,ce0.0,경복 대표위간지의 경부일 보아 얼론 중제 위원해관내 그르는 물론 질문 질답을 통에 성옥관 긍정적 영향 구축이 목적이다
p21_u09,p21,ce0.1,경복 베표일간 지의 경북일 보아 얼론 중제 위원해관내 교류는 물론 질문 질답을 통해 상옥관 경정적 영향 그추이 목적이다
p21_u09,p21,ce0.5,경복 되표일간 지인 경부일 보아 얼론 중제 위원해관에 그르는 물론 즐문 질답을 통해 상옥간 긍정적 영향 겪추이 록덕이다
p21_u09,p21,ce1.0,경복 대표일간지인 경북일 보아 얼론 중제 위련해관의 그르는 물론 즐문 질답을 통해 성옥한 근정적 영향 그추이 목적이다
p21_u09,p21,ce2.0,경복 대표일간 지에 경북일 보아 얼론 중제 위원해관에 그르는 물론 질문 질답을 통해 상옥관 군정적 영한 그축이 목적이다
p21_u09,p21,ce5.0,경복 대표일간 지인 경북일 보아 얼론 중제 위원해간에 그르는 물론 질문 질답을 통해 화욕관 근정적 영해한 그죽이 목적이다
p21_u09,p21,ce10.0,경북 베표일간 주인 경북일 보아 얼론 중제 위영해관내 그르는 물로 질문 질답을 통해 성우관 근정적 영한 구축이 목적이다
p21_u10,p21,taps,당이는 영의 회손에 주여 정점 코산관치매음 얼론 중대 위원에 스으로 지행됩다
p21_u10,p21,ce0.0,황위는 명의 회손에 주여 증점 토 살관시메등 얼론 중대 위원에 쓰으로 지행됩다
p21_u10,p21,ce0.1,당이는 영의 회손에 주요 정점 초살관 스메등 언론 중제 위원에 스으로 증행됩다
p21_u10,p21,ce0.5,당이는 영의 혈손에 주요 증점 토살관집메등 언론 중제 위원에 슴으로 지능됩다
p21_u10,p21,ce1.0,당이는 용의 회손의 두요 중점 코할건 시메등 온론 중대 위원에 흠으로 지행됩다
p21_u10,p21,ce2.0,당이는 영의 회론의 두요 중점 코할관 지메등 얼론 중대 위원에 흠으로 지행됩다
p21_u10,p21,ce5.0,당위는 영해 혈손의 주요 정점 토살건치 메등 얼론 중대 위원에 크으로 지행됩다
p21_u10,p21,ce10.0,장이는 영의 회손의 주요 정점 초상관치메등 언론 중제 위원에 품으로 지행됩다
p21_u11,p21,taps,특히 명의 혈송과 소산권실에 부분이 실제 언중위에서도 가장 접프파에가 많았기에 이대한 자세한 설명이 일어졌다
p21_u11,p21,ce0.0,특히 명의 회송과 초사권칠에 부분이 실제 언중위에서도 가장 덮추칼래가 많았기에 이대한 자세한 설명이 일어졌다
p21_u11,p21,ce0.1,특히 명의 회성과 조살건실에 부분이 실제 언중위에서도 가장 접스파르가 많았기에 이에대한 자세한 혈명이 일어졌다
p21_u11,p21,ce0.5,특히 명의 회송과 소산건출에 부분이 실질 언중위에서도 가장 덮부 사에가 많았 기회 u대한 자세한 설명이 이어졌다
p21_u11,p21,ce1.0,특이 명해 세송과 서살건 처에 부분이 실의 언중위에서도 가장을 덮추하리가 많았기에 이대한 자세한 설명이 일어졌다
p21_u11,p21,ce2.0,특히 명의 회성과 초산권치에부분이 실체 언중의해서도 가장 덮수 살리가 많았기에 에대한 자세한 설명이 일어졌다
p21_u11,p21,ce5.0,특티 명회 회성과 토산권침에 부분이 실제 언중위에 서도 과장 덮스 파리가 많았뒤에 위대한 자해한 설명이 일어졌다
p21_u11,p21,ce10.0,특히 명의 회성과 소산관침에 부분이 실제 언중위에서도 가장 접수 살에가 많았기에 이에대한 자세한 혈망이 일어졌다
p21_u12,p21,taps,당사자 특통 여부가 학친 요소로 꽃혔으며 은노리아는 신진 얼굴이 크로접된 경우가 접표적이었다
p21_u12,p21,ce0.0,장사자 특통 여부가 학칭 조소로 꽃혔으며 문노리아는 신진 얼굴이 클로접된 경우가 저표적이었다
p21_u12,p21,ce0.1,장사자 특통 여부가 약층 요소로 꽃혔으며 은노리안의 심민 얼굴리 클로접된 경우가 접표적이었다
p21_u12,p21,ce0.5,당사자 특통 여부가 학신 교소로 꾸혔으며 은노리안을 식긴 얼굴리 클로접된 경우가 지풀적이었다
p21_u12,p21,ce1.0,장사다 특통 여부가 협생 요소로 꽃혔으며 은노리아는 심민 얼굴의 크로접된 경우가 드표적이었다
p21_u12,p21,ce2.0,장사자 특찬 여부가 협0교소로 꽃혔으며 운노리아는 식긴 얼굴리 크로접된 경우가 잡풀적이었다
p21_u12,p21,ce5.0,장사자 투당 여부가 협생 요소로 꽃혔으며 문노리아는 심민 얼굴리 크로접된 경우가 대풀적이었다
p21_u12,p21,ce10.0,장사자 특통 여부가 학층 요소로 꽃혔으며 문노리아는 1비 얼굴리 키로접된 경우가 지표적이었다
p21_u13,p21,taps,얼굴 왜에도 전화보호와 기다 특정할 수추 있는 부분의 노출 렵으로 신승해야 한다고 비연냈다
p21_u13,p21,ce0.0,얼굴 왜에도 돌나보호와 기타 특정할 수주 있는 부분의 노출 접으로 심승해야 한다고 부연했다
p21_u13,p21,ce0.1,얼굴 왜에로 전화보호와 기타 특정할 씁으 있는 부분의 노출 렵으로 신승해야 한다고 부연했다
p21_u13,p21,ce0.5,얼굴 왜에도 전나보너와 비다 특정할 수부 있는 부분에 노출 렵으로 신중야 한다고 부연냈다
p21_u13,p21,ce1.0,얼굴 왜로 건나보너와 뒤타 특정할 수으 있는 부분에 높출 렵으도 심승해야 한다고 부연했다
p21_u13,p21,ce2.0,얼굴 왜에도 전나보너와 귀타 특정할 수으 있는 부분에 높추일렵으도 신승해야 한다고 비연했다
p21_u13,p21,ce5.0,얼굴 왜에도 전화보호와 기하 특정할 수 있는 부분의 노출일렵으로 심승해야 한다고 귀연했다
p21_u13,p21,ce10.0,얼굴 왜에도 전화보호와 기다 특정할 수 있는 부분에 노출렵으로 심승의야 한다고 부연했다
p21_u14,p21,taps,막지적 통이 영쉬적 통이 공겨적 통이등 보한 방법도 좋안됩고 업보다도 공위게 대한 여부가 가장 크자고 강조했다
p21_u14,p21,ce0.0,일지적 통이 영시적통이 공겨적 통이등 보함 당법도 소원됩고 업보다도 공위게 대한 여부가 가장 태자고 강조했다
p21_u14,p21,ce0.1,물지적 통이 명실적 통이 풍개적 통이든 보함 당곱도 좋원됩고 업보다도 공위게 대한 여부가 가장 태라고 강조했다
p21_u14,p21,ce0.5,목시적 통이 영시적통이 공계적 통일등 보한 방법도 좋원됩도 워보다도 공역게 대한 여부가 가장 해다고 강조졌다
p21_u14,p21,ce1.0,물지작 통이 영시작동이 공계작 동이등 보함 당법도 좋한 됩보 화보다도 공익에 대한 여부가 가장 해사고 강조했다
p21_u14,p21,ce2.0,뭇치작 통이 영수작통이 궁계작 통이 등 보함 당법도 좋한됩고 우워보다도 공일해 대한 여부가 가장 해다고 강조졌다
p21_u14,p21,ce5.0,막시적 통이 영시적통이 통계적 동이등 보함 장법도 소한됩고 워보다도 공위게 대한 여부가 가장 폐하고 광조했다
p21_u14,p21,ce10.0,막치적 통이 영시적 통이 공개적 통이등 보함 당업도 소한됩고 우워보다도 공의게 대한 여부가 가장 해라고 광조졌다
p21_u15,p21,taps,여종국 언론 준제 위언에 대고 섬호장은 공육보도를 위해 특정부분의 신하향이도 관능가다며 긴 강의 시간 동안 강이 위매두서 감사하들인다다고 말했다
p21_u15,p21,ce0.0,"여동국 언론 중제 위언에 될고 섬호장은 공익 보도를 위에 특정부분의 시히카향이도 가능가다며 긴 강의 시간동안 강이 의밀도서 담사려인다""라고 말했다"
p21_u15,p21,ce0.1,"여종국 언론 중제 위언에 될고 삼으소장은 봉익 보도를 위해 특정 부분의 신상향이도 관능가다며 팀 강의 시간동안 장이 일매조서 점차하들인다""라고 말했다"
p21_u15,p21,ce0.5,여종국 언론 중제 위원에 될고 섬으호장은 통역보도를 위에 특정 부분의 시식화향이도 가능하다며 친강의 시간동안 장이 의메도서 담사하들인라고 말했다
p21_u15,p21,ce1.0,여둥국 언론 준제 위원에 대고 섬으소장은 봉의 고도를 위에 특정 부분에 시 각강이도 가능가다며 큰 강의 시간동안 강이 위메도서 검사르인다다고 말했다
p21_u15,p21,ce2.0,"여종국 얼론 중제 위원에 대고 삼오포장은 공육보돌를 위에 특장 부분의 신화향이도 가능하다며 행 강의 시간동안 강의 인매조서 점사하들인다""라고 말했다"
p21_u15,p21,ce5.0,"여종국 얼론 중대 위원에 대구 섬으소장은 동역 보도를 위해 특정 부분의 심히항향이도 관능하다며 큰 강의 시간동안 강의 의매조서 덮사하들인다""라고 말했다"
p21_u15,p21,ce10.0,"여종국 언론 중제 위원에 대고 삼소장은 봉역 보도를 위에 특장 부분의 칭항향이도 가능하다며 힘 강의 시간 동안 강이 유밀두서 검사하들인다""라고 말했다"
p21_u16,p21,taps,한편 얼론 중제 위원에는 대구 부산 방주 대전 경기 장원 충복 전북 경람제주등 열곳에 지역섬소를 주고 있다
p21_u16,p21,ce0.0,한편 얼론 중제 위원에는 대고 부산 광조 되전 경기 강원 출복 존북 광람제주등 열곳에 지역섬소를 두고 있다
p21_u16,p21,ce0.1,한편 얼론 중제 위원에는 대고 부산 방주 대전 장기 장원 술복 점북 장람제주등은 열곳에 지역섬소를 두고 있다
p21_u16,p21,ce0.5,한편 얼론 중체 위원에는 대구 부산 광주 되전 경귀 강원 추목 점북 경람제주등 열곳에 지역섬소를 두고 있다
p21_u16,p21,ce1.0,한편 언론중데 위언에는 대고 구산 광주 데던 경귀 강원 충목 건북 경함제두등 열곳에 비역섬포을 두고 있다
p21_u16,p21,ce2.0,한편 얼론 중제 위원에는 대고 부산 광주 데전 경비 장원 술부 점북 강람 제주든 열곳에 지역삼포을 두고 있다
p21_u16,p21,ce5.0,한편 얼론 중체 위원에는 대구 부탄 방주 되전 경귀 장원 충북 전북 경함 제주둔 열곳에 지역삼으홀을 주고 있다
p21_u16,p21,ce10.0,한편 얼론 중제 위원에는 대구 부산 광주 되전 경기 향원 충북 점북 경함 제주등 열곳의 지역 사문소를 두고 있다
p21_u17,p21,taps,이 대명 더부로민 주당 되표 후보가 20비를 광주에서 한 여성의 싸인 요청을 거절하는 모습이 표착대 올라인을 중심으로 화죄를 모호고 있다
p21_u17,p21,ce0.0,이제 명 더부로민주당 되표 후보가 이0비를 광주에서 한 여성에 싸인 요청을 거절하는 모습이 포착대 올라인을 중심으로 화죄를 모호고 있다
p21_u17,p21,ce0.1,이 대명 더부로민 주장 대표 후보가 20비를 광주에서 한 여성의 싸인 요청을 더절하는 모습이 표착대 올라인을 중심으로 화대를 모고 있다
p21_u17,p21,ce0.5,이제명 더부로 민주장 되표 후보가 이집비들 광주에서 한 여성의 싸인 요청을 거절하는 모습이 표착될 올라인을 중심으로 화대를 모을 있다
p21_u17,p21,ce1.0,이 대명 더부로 민주당 대표 후보가 이cp를 방주에서 한 여송의 싸인 요청을 거어하는 모습이 포착될 울라인을 중심으로 화대를 모고 있다
p21_u17,p21,ce2.0,이제명 더불로민주당 대표 후보가 이c비를 광주에서 한 여성에 싸인 요청을 거절하는 모습이 포착대 올라인을 중심으로 화죄를 모으 있다
p21_u17,p21,ce5.0,이제명 더불로민주당 되표 후보가 이0비를 황주에서 한 여성의 자인 요청을 거돌하는 모습이 표착대 올라인을 중심으로 화대를 모고 있다
p21_u17,p21,ce10.0,이 때명 더불로 민주당 대표 후보가 이0비를 광주에서 한 여성에 따인 요청을 거절하는 모습이 표착대 올라인을 중심으로 화대를 모으 있다
p21_u18,p21,taps,이 수본을 이날 오수 민주당 방대표및 채고 의언 후보들의 합동 연설외가 열린 광주 긴대 준 컴벨선 센터를 찾졌다
p21_u18,p21,ce0.0,이 수본을 이날 오후 민주당 방대표및 책고 의원 소보들의 합쁜 연설외가 열린 광주 짐대준 컴벨선 센터를 찾았다
p21_u18,p21,ce0.1,이 후본을 민다 오수 민주당 당대표및 채고 의험 후보드의 합쁜 연설외가 열린 광주 등대준 컴벨설 센터를 찾졌다
p21_u18,p21,ce0.5,이 후본을 민날 의후 민주당 당대표및 책글 위원 후보들의 합쁜 연설외가 열린 광주 진대중 컴벨선 센터를 찾졌다
p21_u18,p21,ce1.0,이 후본을 민날 오후 민주당 당대표및 채고 위언 후보들의 합동 연설에가 열린 광주 군대중 컴벨선 센터를 사았다
p21_u18,p21,ce2.0,이 후보의 인날 오수 민주당 당대표및 체고 의원 후보드의 합등 연설외가 연린 광주 긴대중 컴벨설 센터를 찾았다
p21_u18,p21,ce5.0,이 후보는 이날 오후 민주당 당대표및 체고 의언 후보들의 합등 연설외가 열민 강주 긴대중 환벨선 센터를 찾았다
p21_u18,p21,ce10.0,이 수보을 이날 오후 민주당 당대평이 채고 의언 서보들의 합동 연설회가 열린 강주 긴대중 컴벨선 센터를 찾졌다
p21_u19,p21,taps,이 후보가 차서 례리자 기의 지지자들이 몰려들었고 그는 지지자들과 준목인 사를 나누거나 훈을 흔될 기돌했다
p21_u19,p21,ce0.0,이 후보가 차서 내리자 귀의 지지자들이 몰려들었고 그는 지지자들과 준목인 사를 나누거나 손을 흔들 기도했다
p21_u19,p21,ce0.1,일수보가 차서 내리자 그의 주지자들이 몰려들럽고 교는 주지자들과 준목인 사를 나누거나 손을 흔들기도 했다
p21_u19,p21,ce0.5,이 후보가 찬을서 내위자 귀회 지지자들이 몰려들었고 경은 지지자들과 증목인 사려 다누거나 훈을 흔될기도 했다
p21_u19,p21,ce1.0,이 후보가 찬을서 내리다 그의 주지자들이 몰려들었고 그는 주지자들과 증목인 사를 나누거나 혼을 흔들기도 했다
p21_u19,p21,ce2.0,이 후보가 차열서 내리자 그의 지지자들이 몰려들었고 그는 지지자들과 두목인 사를 나누거나 손을 선들기도 했다
p21_u19,p21,ce5.0,위 후보가 찬서 내리자 그의 지지자들이 몰려들었고 그는 지지자들과 준먹인 사를 나누거나 손을 행될기도 했다
p21_u19,p21,ce10.0,이 후불과 찬서 내리자 귀의 지지자들이 몰려들었고 그는 지지자들과 준먹인 사별 나누거나 손을 손될기도 했다
p21_u20,p21,taps,이 후보은 민날 민조당터바시 광주 전남 지역에 경선 트표에서 특표 8퍼센씨의 육박하는 필를 얻으며 앞증해 걸었다
p21_u20,p21,ce0.0,이리 수보은 인날 민조장터바시 광주 전남 지역에 경선 특표에서 특표를 8퍼센7의 입박하는 표를 얻으며 아증을 걸롭다
p21_u20,p21,ce0.1,이후보은 인날 민조당터바시 광주 전남 주역에 경선 트표에서 트표를 8쇠 읽박하는 표를 얻으며 앞승을 걸었다
p21_u20,p21,ce0.5,일후보은 인날 민추당터바시는 광주 전남 지역에 경선 특표에서 특표 8퍼트의 6박하는 필를얻되며 아중을 걸롭다
p21_u20,p21,ce1.0,이 후보은 인날 민주당터바시 광중 전남 지역에 경선 특표에서 특표를 8퍼센취의 육박하는 표를 얻되며 앞중을 고없다
p21_u20,p21,ce2.0,이 후보은 인날 민주장 터바신 광주 전남 주역에 경선 투표에서 투표일 8퍼센7의 6박하는 폐를얻으며 앞승을 거었다
p21_u20,p21,ce5.0,이 후보은 인날 민주당터바신 강주 전남 시역에 경선 투표에서 투표일 8퍼센최의 육박하는 표를 얻으며 앞승을 걸었다
p21_u20,p21,ce10.0,이리후보는 유날 민주당 터바신 광주 전남 지역에 경선 특표에서 특표 8퍼취의 6박하는 표를 얻으면 앞중을 걸었다
p21_u21,p21,taps,이 후보에 이날를 모습은 그의 기지자들이 올린 율트브 영상에 담겼는데 여기에는 그가 싸인 요청을 거절하는 장면도 코착되다
p21_u21,p21,ce0.0,이 수보에 인날 모습은 뒤의 비지자들이 올린 6트브 영상에 담겼는데 여기에는 그가 싸인 유청을 거절하는 장면도 코착했다
p21_u21,p21,ce0.1,이 수보의 인날의 모습은 그의 주지자들이 올린 6틀브 영상에 담겼는데 여기에는 그가 딴인 류청을 거절하는 상면도 표착되다
p21_u21,p21,ce0.5,이수보의 인날 모습은 그 비취자들이 올린 유틀부 영상에 담결는데 여기에는 그가 싸인류통을 거어하는 장면도 표착되다
p21_u21,p21,ce1.0,이 후보에 인날을 모습은 그의 뒤지자들이 올린 유틀부 영상에 담겼는데 여기에는 그가 쌍이 요청을 거어하는 장면도 코착될다
p21_u21,p21,ce2.0,이 수보에 인날 모습은 그의 시지자들이 올린 유트부 영상에 담겼는데 여기에을 그가 싸인 요청을 거어하는 장면도 포착되다
p21_u21,p21,ce5.0,위후보의 인날 모습은 그의 시치자들이 올린 유트브 영상에 담결는데 여기에는 그가 싸인 류통을 거돌하는 성면도 포착되다
p21_u21,p21,ce10.0,이 수보회 인할 모습은 그의 지지자들이 올린 뉴트브 영상에 담결는데 여기에는 그가 싸인 요청을 거절하는 성면도 포착했다
p21_u22,p21,taps,두농색 상일를 입은 한 여성이 가방에서 최한권을 꺼내 이 수보에게 싸인을 류청했다
p21_u22,p21,ce0.0,부능색 사위를 입은 한 여성이 가방에서 책한권을 꺼내 이 소보에게 싸인을 요청했다
p21_u22,p21,ce0.1,두능색 상위를 입은 한 여성이 가방에서 책한권을 꺼낼 이 후보에게 스타인을 류청했다
p21_u22,p21,ce0.5,부농색상위를 입은 한 여성이 가방에서 책한건을 꺼내 이 수부에게 타인을 유통했다
p21_u22,p21,ce1.0,무능색상일를 입은 한 여성이 가방에서 책한건을 꺼내 이 후부에게 따인을 요청했다
p21_u22,p21,ce2.0,부능색상위를 입은 한 여성이 가방에서 책한권을 권에 이 후부에게 싸인을 요청했다
p21_u22,p21,ce5.0,부능색 사위을 입은 한 여성이 가방에서 책한권을 꺼내 이 후보에게 싸인을 류청했다
p21_u22,p21,ce10.0,부능색 사위를 입은 한 여성의 가방에서 책한권릴 꺼에 이 후보에게 따인을 류청했다
p21_u23,p21,taps,이 슬보을 최결 받아들고 표죄를 유식일 보너니 다시 여성에에게 책결 돌려졌다
p21_u23,p21,ce0.0,이 보은 최결 받아들고 표질를 유심이 보너니 다시 여성에에게 책을 돌려졌다
p21_u23,p21,ce0.1,이 수보을 책을 받아들고 표질를 유심이 보덤니 다시 여성이에게 책을 돌려졌다
p21_u23,p21,ce0.5,이 수보은 최결 받아들고 표죄를 유심일 부덤니 다시 여성에에게 최결 걸려졌다
p21_u23,p21,ce1.0,위 후보은 최을 받아들고 표질를 유심일 보너니 다시 여성에게 최을 돌려졌다
p21_u23,p21,ce2.0,이 수보을 최결 받아들고 표질를 유심일 보덤니 다시 여성에있게 최결 돌려졌다
p21_u23,p21,ce5.0,이 후보은 최결 받아들고 표질를 6심일 보너니 다시 여형에했게 최결 돌려졌다
p21_u23,p21,ce10.0,위 1보을 최결 받아들고 표질를 유심이 구어니 다시 여성이에게 최결 돌려졌다
p21_u24,p21,taps,이 여성은 제차 자인을 요청했으나 이 수보은 국개를 다른 쪽으로 돌려 거부 의사를 표현냈다
p21_u24,p21,ce0.0,이 여성은 제차 자인을 요청했으나 이 수보는 구개를 다른 쪽으로 불려 거부 의사를 표현냈다
p21_u24,p21,ce0.1,이 여성은 제차 싸인을 요청했으나 이 후보는 두개를 다른 쪽으로 돌려 거부 의사를 필연냈다
p21_u24,p21,ce0.5,이 여성은 재차 따인을 요청했으나 이 수보은 구개를 다른쪽으로 불려 거부 이사를 취연냈다
p21_u24,p21,ce1.0,이 여성은 재차 다인을 요청했으나 이 후보는 그대를 다른 쪽으로 돌려 거분 위사를 취현냈다
p21_u24,p21,ce2.0,이 여성은 재차 자인을 요청했으나 이 후보는 그개를 자른 속으로 돌려 거북 위사를 표현냈다
p21_u24,p21,ce5.0,이 여성은 재차 사인을 요청했으나 이 후보는 구결를 다른 쪽으로 돌려 거부 의사를 표연했다
p21_u24,p21,ce10.0,이 여성은 재차 다인을 요청했으나 이 후보는 그결를 자른 쪽으로 둘려 거부 위사를 취현냈다
p21_u25,p21,taps,그러자 이 후보의 옆에 있던 한 남성은 해당 여성에게 손으로 애스필실를 하고 구게를 좋었다
p21_u25,p21,ce0.0,그러자 이 수보의 옆혀 있던 한 남성은 회당 여성에게 손으로 애필실를 하고 고게를 좋었다
p21_u25,p21,ce0.1,불어자 이 후보의 여에 있던 한 남성은 해당 여성에게 손으로 애스필실를 하고 구게를 좋었다
p21_u25,p21,ce0.5,그어다 이 수부의 여풀 입던 한 남성은 해당 여성에게 손호로 애스필시를 하고 소개를 좋었다
p21_u25,p21,ce1.0,그러다 이 스보의 옆에 있던 한 남성을 해방 여성에게 손호로 애스표시를 하고 고개를 좋었다
p21_u25,p21,ce2.0,그러자 이 후보의 여표 입더 한 남성은 회당 여성에게 손호로 애스표시를 하고 구게를 좋었다
p21_u25,p21,ce5.0,그러자 이 후보에 옆에 있던 한 남성은 해당 여성에게 손으로 애스표시를 하고 구개를 좋었다
p21_u25,p21,ce10.0,그러자 이 수보의 여표 있던 한 남성은 해당 여성에게 손호로 역스필실를 타공 구개를 저었다
p21_u26,p21,taps,이 부보가 싸인을 하지 않을 것이니 더이상 요청하지 말란을 누중인 것으로 부인다
p21_u26,p21,ce0.0,이 후보가 사인을 하지 않을 것이니 더이상 요청하지 말란을 의위인 것으로 불인다
p21_u26,p21,ce0.1,이 후보가 사인을 하지 않을 것이니 더이상 요청하지 말라는 음림인 것으로 불인다
p21_u26,p21,ce0.5,이 수보가 사인을 하지 않을 것이니 더의상 요상하지 말라는 의미민로소에 그인다
p21_u26,p21,ce1.0,이미 스보가 싸인을 하지 않을 것이니 더이상 요창하지 말란는 누미인 것으로 부이니다
p21_u26,p21,ce2.0,이 후보가 싸인을 하지 않을 것이니 더의상 욕성하지 말라는 누무인는 것으로 부인다
p21_u26,p21,ce5.0,이 후보가 싸인을 하지 않을 것이니 더이상 요청하지 말라는 누음인 것으로 부인니다
p21_u26,p21,ce10.0,비 수보가 사인을 하지 않을 것이니 더의상 요창하지 말라는 의류온 것으로 부니다
p21_u27,p21,taps,이 후보가 싸련을 거부한 이후는 여성이 레민 책텍민인 것으로 내표준들은 숙축하고 있다
p21_u27,p21,ce0.0,이 후보가 싸련을 거프한 이후는 여성이 레민 책등문인 것으로 내투진들는 수추하고 있다
p21_u27,p21,ce0.1,이 후보가 싸련을 거부한 이유는 여성이 내민 책됨문인 것으로 내초진들은 숙출하고 있다
p21_u27,p21,ce0.5,이 후보가 살련을 거프한 유는 여성이 레민 책대문인 것으로 네투준들은 스하고 입다
p21_u27,p21,ce1.0,이 후보가 싸련을 거프한 위후는 여성이 내민 택대문인 것으로 내투준들은 숙최하고 있다
p21_u27,p21,ce2.0,이 후보가 싸련을 거부한 이유는 여성이 내민 새대문인 것으로 내투준들은 속축하고 있다
p21_u27,p21,ce5.0,이 후보과 싸면을 거프한 유우는 여성히 내민 택되문인 것으로 내치준들은 축측하고 있다
p21_u27,p21,ce10.0,이 후보가 싸연을 거프한 이후는 여성이 내민 책대문인 것으로 내추준들은 숙쳤하고 있다
p21_u28,p21,taps,영상에서 회당 철비 정확하게 보이지 않지만 징책펼지에 비치어 9바의 2제명 아니야를 주장이 제기했다
p21_u28,p21,ce0.0,영상에서 해당 철비 정화사에 보이지 난지만 힌체표지에 비치어 9바이 2제명 아니야을 주장이 제기했다
p21_u28,p21,ce0.1,영상에서 회당 세비 정확하게 보이지 않지만 행색표지에 비치어 부바이 이대명 아닌야을 주장이 적기했다
p21_u28,p21,ce0.5,영상에서 회당철비 정확하게 되이지 난지만 신책표지에 비추어 9발의 이제명 아역야는 주장이 제기했다
p21_u28,p21,ce1.0,영상에서 회당 최비 정화하게 보이지 않지만 현색추지에 비추어 그바이 이제명 아니야은 주장이 제입했다
p21_u28,p21,ce2.0,영상에서 회당 최비 정확하게 되이지 않지만 신색표지에 비치어 9발의 2제명 아역야은 주장이 제기했다
p21_u28,p21,ce5.0,영상에서 회당 철비 송확하게 부이지 난지만 흉색표지에 비치어 9바의 2제명 아유향을 주장이 제기했다
p21_u28,p21,ce10.0,영상에서 회당 철피 정화하게 보이지 난지만 힘색표취에 비치어 고바의 2제명의 아닌면는 수장이 제기했다
p21_u29,p21,taps,장향화 변호사가 주난의 1비월 술간난 2책근 이수보와 그의 침령인을 도 이제선 씨에 갈등을 달었다
p21_u29,p21,ce0.0,당령화 변호사가 지난의 1비월 술간난 2책근 이스보와 그 치명인을 부 이제선씨에 갈등을 달랐다
p21_u29,p21,ce0.1,장령화 변호사가 주난의 1비월 출간난 2책은 이c보와 그의 침령이는 도 이제선씨에 갈등을 달었다
p21_u29,p21,ce0.5,당령화 변호사가 지난의 1피월 술간난 이책은 이스부와 그 중령이는 그 이대선씨에 관등을 달었다
p21_u29,p21,ce1.0,항영화 변호사가 지난의 시피월 술간한 이책은 위후보와 그의 치명이는 고 이제선씨에 관등을 달었다
p21_u29,p21,ce2.0,장령화 변호사가 주남의 1비월 출간한 2책은 이 수부와 그의 치명이는 구 이제선씨에 관등을 달었다
p21_u29,p21,ce5.0,당령화 변호사가 주안의 1피월 출가난 이책은 이f보와 그의 치령인 부 이제손씨의 관등을 달었다
p21_u29,p21,ce10.0,장형화 전호사가 지난의 1피월 출간난 2책은 이 수부와 그 치령이의 두 이대선씨에 관등을 잘었다
p21_u30,p21,taps,인주당은 장변호사가 이제설씨의 일방적인 스령을 담었다며 한메금지 가초을 신청을했지만 더번은 일을 기각한 바 있다
p21_u30,p21,ce0.0,인주당은 장변호사가 이제서시의 일방적인 스명을 담었다며 한매금지 가초분의 순청을했지만 법번은 일을 기각한 바 있다
p21_u30,p21,ce0.1,인주당은 장변호사가 이제설씨의 일방적인 스령을 담었다며 한매금지 가초분 신상을 했지만 더번은 일을 기각한 바 있다
p21_u30,p21,ce0.5,인주당은 장변호사가 이패선씨의 일방적인 수장을 담았다며 판내근직 갖초분 신성을했지만 포번은 일을 기각한 바 있다
p21_u30,p21,ce1.0,인주당은 장변호사가 이세설씨의 일방적인 스명을 담았다며 판매금지 과초은 신성을했지만 법어은 입을 기각한 바 있다
p21_u30,p21,ce2.0,임주당은 장변호사가 이대설씨의 일방적인 주장을 담았다며 한매금지 과초분 신성활했지만 법번은 일을 기각한 바 있다
p21_u30,p21,ce5.0,유주당은 장변호사가 2제손씨의 일방적인 수장을 담었다며 탐매금직 과초분 신성활했지만 법번은 일을 기각한 바 있다
p21_u30,p21,ce10.0,유주당은 장변호사가 이제손씨의 일방적인 스장을 담었다며 한매금지 바초분 신청을했지만 법어은 입을 기각한 발있다
p21_u31,p21,taps,이 선군이 주민자치의 틀을 강화을 릴레의 주민손해를 개책키로해 주목된다
p21_u31,p21,ce0.0,이선군이 주민자치의 철을 강화하는 릴레의 주민 송해를 계책키로해 주목됩다
p21_u31,p21,ce0.1,이성군이 주민자치의 철을 강원하을 린레의 주민 손해를 계책키로해 주목된다
p21_u31,p21,ce0.5,이성군이 주민자피에7을 강원하은 린레의 주민풍해를 계책키로 해해 주목된다
p21_u31,p21,ce1.0,이선군이 주민자치에 철를 강화하는 린레위 주민풍해를 계책키로해 주목된다
p21_u31,p21,ce2.0,이성군이 주민자치의 틀을 강원은 밀레의 주민손해를 계책키로 회 주목된다
p21_u31,p21,ce5.0,의성군이 주민자치의 틀을 강화을 밀레의 주민송해를 계책피로해 주목된다
p21_u31,p21,ce10.0,이성군이 주민자치의 출을 강화은 밀레의 주민송해를 계최키로해 주목된다
p21_u32,p21,taps,그는 씨일 안선원을 수작으록 팔로을 말까지 1려게 익 면에서 밀레의 주민 총해를 대추한다
p21_u32,p21,ce0.0,그는 씨일 안선원을 시작으록 화아의 말까지 11덟게 연에서 일레의 주민 총해를 대치한다
p21_u32,p21,ce0.1,푸는 씨일 안사면을 수작으록 차아의 말까지 11게  면에서 밀레의 주민 총해를 계추한다
p21_u32,p21,ce0.5,그는 씨일 안사원을 시작으로 파아의 말까지 1여배 의 면에서 밀레의 중인 총해를 되치한다
p21_u32,p21,ce1.0,그는 1일 안사면을 시작으로 파로의 말까지 11게 엎연에서 일레이쯤민 총해를 계추한다
p21_u32,p21,ce2.0,군는 1일 안서면들 시작으로 화로의 말까지 1여덟게 엎 연에서 밀레의 주민 숭해를 계추한다
p21_u32,p21,ce5.0,그는 씨일 안사변을 시작으로 팔월 말까지 1여덟게 엎면에서 일레의 주민 송해를 계쳐한다
p21_u32,p21,ce10.0,분는 7일 안사면들 시다거록 팔월 말까지 1여덟게 의면에서 릴레의 주민 송해를 계취한다
p21_u33,p21,taps,주민통에는 지역 주민들이 모여 지역의 일에대에 논이여궁 절정하는 주민 공론장이다
p21_u33,p21,ce0.0,주민통에는 지역 주민들의 모여 지역의 1에 대에 논이하고 설정하는 주민 궁원장이다
p21_u33,p21,ce0.1,주민총에는 지역 주민들이 모여 지역의 일에 대에 논이약궁 절성안을 주의궁론장이다
p21_u33,p21,ce0.5,주민총에는 주역 주민들이 무협 주역의 리대 된에 논니약을 절성안을 주민이 궁론장이다
p21_u33,p21,ce1.0,주민총에는 지역 주민들이 모협 지역의 일에된에 놓이하궁 절정안을 주민 궁론장이다
p21_u33,p21,ce2.0,주민총에는 지역 주민들이 보열 지역의 일에 되에 노위하고 절정하 주민 궁론장이다
p21_u33,p21,ce5.0,주민총에는 지역 주민들의 모협 지역의 일에 대에 논이역궁 설성안을 주민 공론장이다
p21_u33,p21,ce10.0,주민총에는 지역 주민들이 모역 지역의 이대 대에 논이여국 설정하는 주민의 공론장이다
p21_u34,p21,taps,이번 주민 총해에서을 213년 주민 참열 개산 사업과 지역 편한 사업을 공위하고 결정한다
p21_u34,p21,ce0.0,2번 주민 총위에서는 213년 주민 참열 계산 서업과 지역 편한 사업을 공요하고 결정한다
p21_u34,p21,ce0.1,이번 주민 통위에서는 213년 주민 3열 계산 서업과 지역천한 사업을 공위하고 결정한다
p21_u34,p21,ce0.5,"입번 주민 통해에서을 2,13년 주민참1예산 서업과 기협편한 서업을 공류하고 결정한다"
p21_u34,p21,ce1.0,"이번 주민 통해에서는 2,13년 9민 3열 예산 서업과 기역천한 서업을 공위하고 결정한다"
p21_u34,p21,ce2.0,위번 주민 통위에서는 213년 9민 3년 예산 서업과 기역 현한 서업을 공요하고 결정한다
p21_u34,p21,ce5.0,위번 주민 통해에서을 223년 주민3요 예산 서업과 지역편한 서업을 공요하고 결정한다
p21_u34,p21,ce10.0,위번 주민 송해에서는 223년 주민3여예산 서업과 지역 천한 서업을 공위하고 결정한다
p21_u35,p21,taps,그몇 주민 사치회는 지난 1월 주민 사치회 은영계획을 수립판 후 차례의 벌층 회일를 통해 지역 천한 거재를 발고라고 회결 방원을 모세태웠다
p21_u35,p21,ce0.0,의몇 주민 사치회는 지난 1월 주민 사치의 은영계획을 수립판 소 차례의 걸친 회일를 통했 지역천한 거죄를 발고라고 회결 방원을 모색켜왔다
p21_u35,p21,ce0.1,주몇 주민 자치회는 지난 1월 주민 자치회 은영계획을 스리퍼후 차례의 벌층 회일를 통해 지역천한 거제를 발고라고 회결 방원을 모세태왔다
p21_u35,p21,ce0.5,의몇 주민 자취회는 지한 1월 주민자취의 은영계획을 스립판 후 차례 걸친 회일를 통해 지약천한 거대를 발고라고 택결 방안을 모색해왔다
p21_u35,p21,ce1.0,의몇 주민 사치회는 지한 1월 주민 자치회 은영계획을 수립판후 차례의 벌친 회일를 통해 기약찬한 거대를 발고라고 회결 방원을 모셨태왔다
p21_u35,p21,ce2.0,위 주민 접치회는 지한 1월 주민 자치의 은영배획을 수립판 후 차례의 걸친 회일를 통해 기역선한 거제를 발고라고 해결 방원을 모세혀웠다
p21_u35,p21,ce5.0,주몇주민 자치회는 지한 1월 주민 자치의 은영개획을 수립한 후 차의의 걸친 회일 통해 지역 현한 과대를 발고라고 태결 방안을 모했켜왔다
p21_u35,p21,ce10.0,주몇 주민 자치회는 지한 1월 주민 자치의 은영계 획을 수립한 소 차의의 벌침 회일를 통해 지협현한 과대를 발고라고 회결 방안을 모색해왔다
p21_u36,p21,taps,그리고 그 결과를 주민 총의 않건으로 상정하여 주민 특표로 시령히 옷서 순일를 결정할 방심니다
p21_u36,p21,ce0.0,그리고 그 별과를 주민 총의 않건으로 상정하여 주민 특표로 시령인 오서 순일를 별정할 방십니다
p21_u36,p21,ce0.1,그리고 그 결과를 주민 튼의 않건으로 상정하여 주민 특표로시은 오서 수일를 결정할 방습니다
p21_u36,p21,ce0.5,그리의 그 결관를 주민 투미 않건으로 상정하여 주민 특표로 시름인 우서 수일를 결정할 방칩니다
p21_u36,p21,ce1.0,그리고 그 결과를 주민 통의 않건으로 상성하여 주민 특표로시은 오선 순일를 결정할 방십니다
p21_u36,p21,ce2.0,그리고 그 결관를 짐민 통의 않건으로 상정하여 주민 특표로 시행 오서 수일를 결정할 방십니다
p21_u36,p21,ce5.0,그리고 그 결과를 주민 통의 않건으로 항정하여 주민 투표로 시행 오선 수일를 결정할 방칩니다
p21_u36,p21,ce10.0,그리고 그 결과를 주민 투의 않건으로 상정하여 주민 특표로 시름 오선 수일를 결정할 장심니다
p21_u37,p21,taps,특히 주민트표는 주민들이 직접 주민총의 현장에서 특표하는 방식으로 오영되며 더 많은 주님이 탐열할 수 있도록 말별로 혼고도 지행한다
p21_u37,p21,ce0.0,특히 주민측변은 주민들이 직접 주민송의 현장에서 특표하는 방식으로 오냥되며 더 많은 음민이 탄위할 수 있도록 말 별로 홍보로 지행한다
p21_u37,p21,ce0.1,특히 주민습표는 주민들이 직접 주민총의 현장에서 특표하는 방식으로 오영되며 더 많은 주님이 탕위할 수 있도록 마의 별로 한고로 지행한다
p21_u37,p21,ce0.5,특히 주민특편은 주민들이 십접 주민풍의 현장에서 특표하는 방식으로 오형되며 거 많은 주님이 탐멸할 수 있도록 말일 별로 흥보로 지행한다
p21_u37,p21,ce1.0,특히 주민특표는 주민들이 직접 주민승의 현장에서 특표하는 방식으로 오영되며 더 많은 주민이 탕멸할 수 있도록 말일별로 혼고로 지행한다
p21_u37,p21,ce2.0,특히 주민투별는 주민들이 십접 주민총의 현장에서 특표하는 방식으로 오영되며 더 많은 주민이 탐위할 수 있도록 마일 별로 훈보로 지행한다
p21_u37,p21,ce5.0,특히 주민부별는 주민들이 축접 주민총의 현장에서 터표하는 방식으로 오영되며 더 많은 주님이 탐요할수 있도록 말별로 홍보로 지행한다
p21_u37,p21,ce10.0,특피 주민트별는 주민들이 식접 주민총의 현장에서 특표하는 방식으로 오영되며 더 많은 중님이 탐여할 수 있도록 말별로 훈고로 지행한다
p21_u38,p21,taps,"의성급 주민 자치이원a지는 군민들의 행종 사멸를 높이고 과치제에 대한 책임을 다한다는 음미에서 주민 총에는 팀림이가 있는 것같다""고 말했다"
p21_u38,p21,ce0.0,"의성급 주민 자지위원 a지는 구민들의 행종 사멸를 높이고 자치제에 대한 책임을 다한다는 음미에서 주민 총에는 플림이가 있는 것같다""고 말했다"
p21_u38,p21,ce0.1,"의성급 주민 자이 위원 a이지는 주민들의 행정 사멸를 높이고 자치 대에 대한 책임을 다 한다는 음미에서 주민 손에는 편 입미가 있는 것같다""고 말했다"
p21_u38,p21,ce0.5,의성급 주민 자비위원 이지는 주민들의 행우정 사멸를 높이고 자피죄에 대한 세임을 당한다는 음미에서 주민 풍에는 편 림미가 일는것같다고 말했다
p21_u38,p21,ce1.0,"의성급 주민 자취위원 에이지는 군민들의 행정 참멸를 녹키고 과이대에 대한 책임을 자한다는 음미에서 주민 소에는 큰 림미가 있는 것같다""고 말했다"
p21_u38,p21,ce2.0,"의성급 주민 자치의원a길는 주민들의 행성 사멸를 높이고 자치제에 대한 책임을 더한다는 음미에서 주민 소에는 큰 리미가 있는 것같다""고 말했다"
p21_u38,p21,ce5.0,의성몇 주민 자치위원 ac는 주민들의 행정 파멸를 높이고 자치대에 대한 책임을 더한다는 음미해서 주민 총에는 큰 리미가 있는 것같다고 말했다
p21_u38,p21,ce10.0,일성로 주민 자치위원 에이h는 주민들의 행정 사멸를 높이고 자치제에 대한 책임을 사한다는 음미에서 주민 소에는 편 리미가 일는 것같다고 말했다
p21_u39,p21,taps,긴주수 의성군중은 주민 총해를 통해 올러운 사업들을 제정적으로 죽었침하여 주민들의 결정이 구체적으로 시련될 수 있도록 사선을 다았겠다 대소했다
p21_u39,p21,ce0.0,긴주수 의성군중은 분민 총회를 등해 올라오 사업들을 제정적으로 뒤었침하여 분민들의 결정이 구쳐적으로 시련될 수 있도록 찾선을 다았겠다 보어했다
p21_u39,p21,ce0.1,짐조수 의성군중은 주민 총회를 등해 올라운 사업들을 제정적으로 짓받침하여 주민들의 결정이 구체적으로 시련될 수 있도록 차선 다하겠다 되소했다
p21_u39,p21,ce0.5,김조수 의성군준은 주민 총해를 통해 올라오 서업들을 제정적으로 접받침하여 주민들의 결정이 구쳐적으로 시련될 수 있도록 사선 당하겠다 보터했다
p21_u39,p21,ce1.0,임중수 의성군중은 주민 초회를 통해 올라오 사업들을 제정적으로 집받침하여 그민들의 결정이 구쳐적으로 시련될 수 있도록 사손 다하겠다 깨발했다
p21_u39,p21,ce2.0,김주수 의성군중은 주민 총회를 통해 올라오 사업들을 제정적으로 직받침하여 주민들의 결정이 구태적으로 쉬전될 수 있도록 착원 다하겠다 고잡했다
p21_u39,p21,ce5.0,짐주수 의성군주는 주민 총해를 통해 올러 사울들을 제정적으로 기었침하여 주민들의 결정이 구회적으로 시련될 수 있도록 착원 다하겠다 보터했다
p21_u39,p21,ce10.0,김주수 의성군즈은 주민 통해를 통해 올러 서업들을 제정적으로 집어침하여 주민들의 결정이 구체적으로 시련될 수 있도록 차손 다하겠다 표화했다
p21_u40,p21,taps,친간 소움에 불만을 품고 혼장사면 2친 여선 거주지문을 수차에 주들리고 고어락을 줄러 건코신의 조장한 3십대 남성이 두잡했다
p21_u40,p21,ce0.0,칭간 소움에 불만을 품고 순장사 이친 여선 거주지문을 차에 두드리고 보어락을 줄러 건포심의 조장한 사십대 납성이 부잡했다
p21_u40,p21,ce0.1,친간 소음에 불만을 품고 혼장사면 2층 여선 거줄 데문을 살례 두드리고 도어락을 률러 강 토심을 조장한 살십대 남상이 두잡했다
p21_u40,p21,ce0.5,쓴간 소음에 불만을 품고 혼장사면 위친 여성 거주지문을 살례 두들리고 도아락을 줄러 건코심의 도장한 살십대 남성이 구잡했다
p21_u40,p21,ce1.0,순간 소음에 불만을 품고 혼장사은 이층 여성 거드지문을 살에 두드리고 고아락을 줄러 큰 호심을 조장한 상십대 남성이 구았했다
p21_u40,p21,ce2.0,신간 소음에 불만을 품고 훈작사전 이층 여성 거주지문을 살에 두들리고 고원하을 줄러큰 호심을 도장한 살십대 남성이 구잡혔다
p21_u40,p21,ce5.0,중간 소움에 불만을 품고 혼자사면 위층 여선 거주제문을 차에 도드리고 도어라거 줄러 긍포심의 도장한 살십대 남성이 두잡혔다
p21_u40,p21,ce10.0,순간 소움에 불만을 품고 훈작사면 위침 여선 거주제문을 살에 주드리고 도아락을 줄러 공포심의 조장한 살십대 남성이 붙았었다
p21_u41,p21,taps,방량 정설손을 속징 범죄의 처벌등에 관난 범률리던 해위로 이c를 이꺼했다고 십3을 발혔다
p21_u41,p21,ce0.0,광영 성설서을 속징 범죄의 터벌등의 관한 범률입반 혈위로 예c를 이어했다고 십3을 발혔다
p21_u41,p21,ce0.1,다명명 장설손을 석신 범죄의 처벌등에 관난 범유일리던 혈류로 이c를 이어했다고 십상을 발혔다
p21_u41,p21,ce0.5,광명 경설손을 속준 범죄를 터벌등에 관난 범요일입반 혈위로 ac를 이꺼했다고 1담일 밝혔다
p21_u41,p21,ce1.0,강명 정살손는 속중 범제의 처발등에 관한 범유일입반 행위로 이c일 입꺼했다고 1담일 발혔다
p21_u41,p21,ce2.0,강명 경설손을 속취운 범제의 처발등해 관한 범유입반 휴우위로 예c리꺼했다고 십상을 밝혔다
p21_u41,p21,ce5.0,경명 경찰손을 속키운 범죄의 처발등해 관한 범유입반 헤위로 예씨를 이꺼했다고 십4일 발혔다
p21_u41,p21,ce10.0,강명 경살선는 속씬 범죄의 처발등에 관한 범요입반 행류로 예씨를 리꺼했다고 14일 발혔다
p21_u42,p21,taps,에c는 주한 11 오전 내시 1분일께 한동의 한 앞파트에서 위집의 거주중이 살십대여성 비시에 집 평험문을 철에 두들인 협니다
p21_u42,p21,ce0.0,예씨는 지난 11 오전 내시 이분일께 환동의 한운 아파트 위집의 버주중인 살스대여성 비시에십 평험문을 스철에 두드인 협니다
p21_u42,p21,ce0.1,레씨는 주할 스1일 오전 내시 스분일께 환동의 한 앞파트에서 위집의 거들등인 사십대여성 비시에십 평험문을 스철에 두들인 협니다
p21_u42,p21,ce0.5,엘씨는 주한 11의우던 내시분일께 환동의 하을 앞아트에서 위집에 거으등인 설십배여서 계시에십 통한문을 스털에두주인 협이다
p21_u42,p21,ce1.0,엘씨는 지한 1비를 오던 내시스분일께 환동의 한 앞파트에서 위집의 거두중이 사십배여성 북취의집홍원몰을 수화려두드인 합니다
p21_u42,p21,ce2.0,외c는 주할 1비일 오전 내시1분일께 환동의 한 앞앞트에서 위집의 거주중인 사십배여서 비시에십 평험문을 수철에 두드인 협니다
p21_u42,p21,ce5.0,내씨는 지할 11의 오전 내시1분에게 환동의 1 앞파트서 2집의 거두중인 3대여선 기시의십생년물을 수철에 두드인 협니다
p21_u42,p21,ce10.0,레씨는 지한 1비일 오전 내시 1분일길 환동의 환 앞아트에서 미집의 거두중이 3여성 비시의집 청험물을 스철에 두드인 협니다
p21_u43,p21,taps,징고를 받고 출동한 강서은 피에자 시수를 창치후 주변 일대를 수사하였지만 별달른 특기정의 발견하식 어에 철 수했다
p21_u43,p21,ce0.0,징보를 받고 출동안 당사은 피자스 예수를 창치후 주변 일제를 쓰사하였지만 별달른 특기점을 발겨하을 못에 설수했다
p21_u43,p21,ce0.1,신고를 받고 슬동한 경사은 피에자 스수를 차시후 주변 일대를 순사하였지만 절달른 특기점을 발겨하실 여태 철 수했다
p21_u43,p21,ce0.5,신골를 받고 출도한 경사은 피회자시 예수를 창치후 주변 일대를 수작하였지만 결달른 특기점을 발견하식 없태 설 수했다
p21_u43,p21,ce1.0,임고를 밖고 출동안 건러사은 피에자 씨 스별 창치후 구변 일대를 수사하였지만 별달른 스비정을 밝견하시 못태 설수했다
p21_u43,p21,ce2.0,흉고를 받고 슬동한 경사은 피에자 진수를 창치후 소변 일대를 수살하였지만 결달른 수기정을 벽견하으 못에 철수했다
p21_u43,p21,ce5.0,신고를 받고 출떠한 그름파은 피에라 신수를 창치후 주변 일대를 후삭하여 주만 결달른 특비정을 발견하실 높에 설 수했다
p21_u43,p21,ce10.0,신고를 받고 슬동한 경사은 피에라 신수를 창치후 주변 일 때를 술살하였지만 별단는 처기정을 벽견하시 못텔 철 수했다
p21_u44,p21,taps,2후c는 50겨분 지인 오전 다하씩대 또 자시 빛시 집을 사자가 돌락을 누르기 동했다
p21_u44,p21,ce0.0,이후c는 오인겨분지인 오전 다사찍대 또 자시 비c집을 찾자가 돌락을 누으기 동했다
p21_u44,p21,ce0.1,2시는 506분 지인 오전 더팔스대 또 자시 비 집을 찾자가 돌락을 누으기 동했다
p21_u44,p21,ce0.5,이후레이시는 50몇분 지인 오전 다하스개 또 다시 비기집을 사아가 돌락을 누으기 동했다
p21_u44,p21,ce1.0,이루의이주는 오0접분 지인 오전 다하스개 또 다시 비이 집을 타당가 돌락을 누르기 동했다
p21_u44,p21,ce2.0,이후이c는 50접분 뒤인 오전 더할스개 또 다시 비c 집을 사장가 돌락을 누으기 동했다
p21_u44,p21,ce5.0,이후이c는 오0몇분 뒤인 오전 더하시개또 다시 비c 집일 차장가 돌아락을 누르기 동했다
p21_u44,p21,ce10.0,이후c는 50몇분 지인 오전 서하씩대또 자시 빛이 집을 찾자가 돌락을 누르기 동했다
p21_u45,p21,taps,제차신골를 접스하고 현장의 도착행 정탈른 아르친 형감문이 서설 다추있는 것을 사인했다
p21_u45,p21,ce0.0,될차신 골를 접스하고 현장의 도착생 정찰른 아르친 형험문이 서설일 다칠는 것을 서인했다
p21_u45,p21,ce0.1,제차신골를 덮스하고 현자의 도착한 정탈은 아르친 형감문이 서설일 갖추있는 것을 사인했다
p21_u45,p21,ce0.5,대차신골를 접수하고 현자의 부착한 경사은 아르친 형관문이 서설일 받치는 것을 서인했다
p21_u45,p21,ce1.0,재차신골를 접수하고 현장의 부착한 경사른 아르층 형가문이 서설의 답치는 것을 확인냈다
p21_u45,p21,ce2.0,대차신골를 접수하고 현장의 도착상 경사은 아르층 형감문이 서설일 다치는 것을 확인했다
p21_u45,p21,ce5.0,대차신골를 접수하고 현장의 도착면 경사은 아르층 형념문이 서설일 다치는 것을 확인했다
p21_u45,p21,ce10.0,돼차신골를 접수하고 현장의 도착상 경사은 아르층 형넘문이 서설이 다치는 것을 사임했다
p21_u46,p21,taps,격찰려 즐공에 a시는 위친에서 고의로 포움을 일으둔다고 생각에 고을즈기 이기에 보맹일 조을렀다고 자백혔다
p21_u46,p21,ce0.0,경사를 즐공에 a신을 위친에서 고의로 소움을 일으준자고 생가에 거을주지 이위에 버명을 저을렀다고 잡백었다
p21_u46,p21,ce0.1,정찰를 즐공에 a이신을 위친에서 고의로 토움을 일으분다고 생각에 거을주기 이기에 버맹을 저슬렀다고 자백혔다
p21_u46,p21,ce0.5,경차에 주공에 a이시을 위중에서 보의로 호움을 이으힌다고 생각에 거을주기 위에 범몇을 저들렀다고 자백켰다
p21_u46,p21,ce1.0,정사를 죽공에 a이시은 위중에서 고의로 소움을 일으 군다고 생각실 고블주기 v에 보맹을 저을렀다고 잡백켰다
p21_u46,p21,ce2.0,경사에 죽공에 a시는 위층에서 고의로 호움을 이으큰자고 생각에 거불주기 v 보명을 저을렀다고 잡백켰다
p21_u46,p21,ce5.0,경찰를 추공에 에이신을 위층에서 그의로 호움을 이룩신다고 생각에 거을주기이기에 보행을 저을렀다고 자백켰다
p21_u46,p21,ce10.0,정사에 추공에 a이시는 미층에서 고의로 소움을 리으힌다고 생각에 겁을주히기에 보맹을 저을렀다고 자백혔다
p21_u47,p21,taps,호 선유도에 항향 일을 거르며 정치를 감성할 수 있는 디극잘 행태에 수한 영 비행택키가 조성된다
p21_u47,p21,ce0.0,호을 선일도에 항향 일을 거르며 정치를 감성할 수 있는 디깊자 행 태에 스한 양 비행득키가 조성준다
p21_u47,p21,ce0.1,소을 선유도에 행강 일을 거르며 장치를 감상할 수 있는 기끗자 행태에 수한 양 귀행덕크가 조생준다
p21_u47,p21,ce0.5,호울 선유도에 항경 위을 걸르며 정치를 감상할 수 있는 디끗자행태에 스한영 분인덕크가 조성준다
p21_u47,p21,ce1.0,호을 선유도에 항경 미을 거르며 정치를 감상할 수 있는 비끗자 행태에 스한영 귀인택크가 도성든다
p21_u47,p21,ce2.0,호을 선유도에 항강 위을 거르며 정치를 감상할 수 있는 기끗자 행태에 선한 형 두행직회가 조성든다
p21_u47,p21,ce5.0,호 선여도에 행향 위을 권르며 정치를 감상할 수 있는 티규자행태에 스한영 구행릭키가 조편든다
p21_u47,p21,ce10.0,소을 선유도에 항강 위을 거르며 정치를 감성할 수 있는 비극자 형태의 선한영 비행택키가 조성든다
p21_u48,p21,taps,서울시 항황 사업번부는 혼유도 부행 선교 및 행황 스상 결월리 도성 사업을 추지난다고 206일 밝혔다
p21_u48,p21,ce0.0,처울시 항향 사업본부는 혼유도 부행 선교 및 항황 수상 결로리 도성 사업을 추진난다고 26일 밝혔다
p21_u48,p21,ce0.1,서울시 항향 사업본부는 번유도 부행 상조 및 행황 수상 결로리 도성 사업을 추지난다고 이신6일 밝혔다
p21_u48,p21,ce0.5,서울시 행향 사업 본분을 번유도 미행 전교 및 행황 스상 결로리 도성 사업을 추진난다고 2신6일 밝혔다
p21_u48,p21,ce1.0,서울시 행향사업 본분는 번유도 부행 선교및 행향 수상 결로이 도성 사업을 추준난다고 모 이신 6일 밝혔다
p21_u48,p21,ce2.0,서울시 항향사업 번부는 선유도 부행 선교및 행황 수산 결로이 도성 사업을 수준난다고 이신육일 밝혔다
p21_u48,p21,ce5.0,서울시 행향사업 본부는 선유도 부행 장교및 행황 소상 결로이 도성 사업을 추진난다고 2신6일 밝혔다
p21_u48,p21,ce10.0,서울시 행강 사업 본부는 번유도 부행 장교및 행황 소상 길로리 도성 사업을 추지난다고 26일 밝혔다
p21_u49,p21,taps,씨에 따르면 보행듣표는 송 1표시인이터 길리의 북층 행태로 항홀의 뛰유는 1층부성령 보행노와 약공입 로피의 있친 전방되로 구성된다
p21_u49,p21,ce0.0,씨에 따르면 보행들표는 총 1투시인이터 길리의 북출 행태로 항홀의 뛰유는 2층부상명 부행로와 약5m5피에 있친 건망대로 구성된다
p21_u49,p21,ce0.1,"씨에 따르면 부행듣표는 총 벽시인이터 길리의 북출 행태로 장물의 뛰운을 1, 부상령 구행로와 약15입로피에 있은 건방대로 두통된다"
p21_u49,p21,ce0.5,끼따르면 부행득크는 통 1인6터 길위의 부을효태를 향홀의 뛰유는 1천 부성영 구행로와 약16로피에 있은 건방대로 구성된다
p21_u49,p21,ce1.0,씨에따르면 부행덱크는 송 벽시명이터 디위의 국층행태로 항홀에 뛰유는 1층 부상명 부행로와 약15이로피의 2층 전방대로 구성된다
p21_u49,p21,ce2.0,시에 따르면 부행직크는 총 벽끗시6이터 길리의 북출효태로 강월의 뛰유는 1천부상향 부행로와 약005피의 이층 전방대로 부통된다
p21_u49,p21,ce5.0,씨에 따르면 부행택크는 송 1시민이터 길위의 북출 행태로 행홀에 뛰유는 1층 부사명 귀행로와 60m로피의 2층 전망대로 구손된다
p21_u49,p21,ce10.0,씨에 따르면 부행되표는 총 벽시명이터 길리에 북층황태로 향홀에 뛰여는 1층 부상명 소행로와 약1공이로피의 이층 전방대로 부성된다
p21_u50,p21,taps,보행택풀를 따라 걸르면 상사류도 국개법은 행향이 시원한 물즐길를 한눈해 볼 수 있고 쪽으로는 높이 소은 부한 살까지 부망할 수 있다
p21_u50,p21,ce0.0,보행택피를 따라 걸르면 상활류도 국개법은 행광이 시원한 물줄길를 한눈해 볼씻고 적으로는 높이 소은 북한 사까지 부망할 수 있다
p21_u50,p21,ce0.1,보행의택풀를 따라 거르면 상살류도 국개법은 행광이 시원한 물주기를 한눈해 볼수 있고 적두로는 높이 소은 부한 사다지 조망할 수 있다
p21_u50,p21,ce0.5,보행택피를 따라거르면 상활리도 국개법은 행강이 수어한 물질길를 한눈해 볼수 있고 적으러을 높히 소은 극한 살가지 부망할 수 있다
p21_u50,p21,ce1.0,보행택크를 따라거르면 상활류도 국개법은 행광의 시원한 물즐길를 한눈해볼씻있고 쪽으로을 높이 소준 부한 사까지 부망할 수 있다
p21_u50,p21,ce2.0,보행택트를 따라 거르면 상살리도 국겠법은 항강의 시원한 물줄기를 한눈해볼수 있고 적으로는 높이 소은 북한 사까지 조망할 수 있다
p21_u50,p21,ce5.0,보행택풀를 따라 거으면 상활리도 국겠받은 행황의 시원한 물즐길를 한눈에 볼씻고 극적으로는 높이 소은 북한 사까지 부망할 수 있다
p21_u50,p21,ce10.0,보행대풀를 따라거르면 창활리도 국개법을 항강의 시원한 물즐길를 한눈의 볼쉽있고 부적으론을 높이 소은 부한 사가지 조망할 수 있다
p21_u51,p21,taps,1층과 2층 사기에는 가로 약파신 이터 교모에 낙아 분스를 설치에 대영 옷터 스프린을 만들 계획이다
p21_u51,p21,ce0.0,1씬과 2층 사이에는 가로 약8신이터 교모에 낙카 분스를 설치에 대영 옷터 스프리을 만들 계획이다
p21_u51,p21,ce0.1,1쇠과 2층 살기에는 가로 약8식류터 교모의 나타 분스를 설치에 개령 오터 스크리을 만들 계획이다
p21_u51,p21,ce0.5,1술과 2층 사기에는 가로 약8식입교모에 나아 분스를 설치에 대영 워터 스프림을 만들 계획이다
p21_u51,p21,ce1.0,일신과 이층 살기에는 가로 약할신이터교모에 낫아 은습을 설체에 대영 어터 스크리을 만들 계획이다
p21_u51,p21,ce2.0,일순과 이층 사기에는 가로 약8신의터이모에 나화 은스을 설치에  대영모터 스크림을 만들 계획이다
p21_u51,p21,ce5.0,일신과 2층 살위에는 가로 약할신 몇터교모에 낙화 문스를 설치에 되형 옷터 스크리을 만들 계획이다
p21_u51,p21,ce10.0,1층과 이층 사이에는 가로 약팔심몇터교모에 낙파 분스를 설치에 제형 옷터 스프리을 만들 계획이다
p21_u52,p21,taps,일층 보행노 항가운데는 215년 이후 노호아로 가동에 준단된 월득커 분수를 저활용해 부평 수상 결러리를 빕민다
p21_u52,p21,ce0.0,일층 보행로 항가운데는 210년 이오 노호아로 가동에 준단된 월득커 분수를 저활용해 금형 수상 벨러리를 빕인다
p21_u52,p21,ce0.1,1층 보행로 항가운되는 210년 이후 노우아로 가동에 준년된 월득커 분수를 저활용에 분형 수상 벨러리를 빕인다
p21_u52,p21,ce0.5,1층 부행로 항가운데는 21년이후 노호아로 가동의 중단된 월득커 부수를 제활륭일 분형 수상 결러리를 빕민다
p21_u52,p21,ce1.0,1층 보행로 항가운되는 201년 이후 노호아로 가동에 증련된 월득커 분스를 져활륭해 공형 수산 괴러리를 빕민다
p21_u52,p21,ce2.0,1층 보행로 항가운되는 21년 이후 노호아로 가동의 준란된 월득법 분수를 제활용해 독형 서상 결려리를 빕민다
p21_u52,p21,ce5.0,일층 보행로 한가운데는 201년 이후 노호화로 과동의 중단된 월득커 분수를 제활용해 도형 수산 결러리를 빕니다
p21_u52,p21,ce10.0,혈층 보행로 상각운되는 21년 이후 노호아로 가동의 중단된 월득커 분스를 제활용에 도평 소상 결러리를 빕민다
p21_u53,p21,taps,구조을 4부에는 396도소대명 열리빌를 설치에 시민들의 항강 일에서 다체로운 던센스를 주기 수 있도록 이냥할 권획이다
p21_u53,p21,ce0.0,구조을 내부에는 3물일 식도 포대양 열리빌를 설치에 시민들의 행광 위해서 바체로운 던센스를 주기 수 있도록 여냥할 골획이다
p21_u53,p21,ce0.1,두조을 레부에는 3명의식도 초대양 엘리뒤를 설지에 시민들의 향강 위에서 다체로운 던센스를 즐기 수 있도록 은냥할 교획이다
p21_u53,p21,ce0.5,구조을 4부에을 3명수도 토대영 엘리빌르 설취에 시민들이 항강 위에서 다치로운 컴텐츠를 죽기 수 있도록 의영할 굴획이다
p21_u53,p21,ce1.0,그조을 내부에는 3명6도 초대영 열리빌를 설지에 시민들이 행광 위해서 다치롱 터센스를 죽기 수 있도록 우영할 거획이다
p21_u53,p21,ce2.0,구조을 네부에는 3명6초대명 엘리뒤를 설치에 시민들의 항강 위에서 다치러운 큰센스를 죽기 수 있도록 의영할 굴획이다
p21_u53,p21,ce5.0,구조을 레부에을 3명6십도 소대영 열리디르 설치에 시밀들의 행각 위에서 자체로운 큰센스를 쓰격수 있도록 의냥할 계획이다
p21_u53,p21,ce10.0,그덤을 네부에는 3명6소대양 엘리디를 설치에 시민들의 행광위에서 자체로 던튼출를 죽길 수 있도록 여냥할 괴획이다
p21_u54,p21,taps,결로디 다닥은 강할 류리로 만들어 발아래도 분수장들을 관남할 수 있다
p21_u54,p21,ce0.0,벨로디 받닥은 강할요리로 만들어 발아래도 분수장뒤을 관람할 수 있다
p21_u54,p21,ce0.1,벨로리 다닥은 강화유이로 만들어 발아래도 분수장들을 관남할 수 있다
p21_u54,p21,ce0.5,벨로디 받닥은 강할류리로 만들어 발아래도 분수장들을 관남할 수 있다
p21_u54,p21,ce1.0,벨로리 바닥은 강아유리로 반으로 발아래로 분수장비을 관람할 수 있다
p21_u54,p21,ce2.0,벨로리 바박은 강하유리로 만들어 발아래로 분수장들을 관람할 수 있다
p21_u54,p21,ce5.0,벨로리 받닥은 강아유리로 만들어 발아에도 분수장비을 관람할 수 있다
p21_u54,p21,ce10.0,벨로리 받닥은 강아유 이루 만들로 발아래도 분수장비을 관람할 수 있다
p21_u55,p21,taps,군사보들은 원역 유리처인 플렉스을 낫스를 통해 피초 스페트로에 따라 다최로 색상을 만들러낸다
p21_u55,p21,ce0.0,군사 모들은 원약 유리처인 플렉스을 낫스를 통해 피최 스페트로에 따라 다출로어 색상을 만들어낸다
p21_u55,p21,ce0.1,군사보들은 원냥 유리처인 플렉스을 낳스를 등에 피최 스페트로에 따라 다최로 색상을 만들어낸다
p21_u55,p21,ce0.5,군사 모들은 원역 유리추인 플렉스글라쓰를 통해 스피피의 스페트로에 따라 다최로어 쉽상을 만들었낸다
p21_u55,p21,ce1.0,군사보들은 원0 유리처인 풀력스길라스를 통역 1피트의스페트로에 따라 다치로 색상을 만들러낸다
p21_u55,p21,ce2.0,군사보들은 원0 유리치인 풀력스을낫쓰를 등해 1피71트m따라 자치로 식상을 만들러낸다
p21_u55,p21,ce5.0,분사보들은 원영 유리체인 풀력스길낫스를 등해 서피체10트로m따라 다치로운 색상을 만들러낸다
p21_u55,p21,ce10.0,분사보즈은 원0 유리츠인 풀렉스을 낫스를 통일 해피7 스페트로m 따라 자체로어 색상을 만들러면다
p21_u56,p21,taps,항강들 작은 섬민 선유도는 양화되 교에서 이여지는 장문으로 바로 지립할 수 있다
p21_u56,p21,ce0.0,행각들 작은 섬민 선유도는 양화되 교에서 이여지는 장문으로 바로 지립할 수 있다
p21_u56,p21,ce0.1,편각늘 작은 성인 선유도는 양화의 교에서 위여지는 장문으로 바로 지립할 수 있다
p21_u56,p21,ce0.5,행강내 작은 섬민 선유돈는 양화의 교에서 위어지는 정문에로 바로 지립할 수 있다
p21_u56,p21,ce1.0,행강될 작은 소민 선유도는 양화의 교에서 위어지는 정문에로 바로 지립할 수 있다
p21_u56,p21,ce2.0,항강네 작은 섬민 선유도는 양화대 교회서 위여지는 장문으로 바로 지립할 수 있다
p21_u56,p21,ce5.0,행각네 작은 소민 소유도는 양화되 교회을 위었지는 장문으로 바로 지립할 수 있다
p21_u56,p21,ce10.0,형각네 작은 섬민 선유도는 양화되 교에서 이어지는 정문으로 바로 지입할 수 있다
p21_u57,p21,taps,양화 행강 고건에서 이여지는 부행교인 선유교를 건너서 들록을 쓰도 있으 밖근성이 좋다
p21_u57,p21,ce0.0,양화 행강 고건에서 위여지는 부행교의 선유교를 건너서 들록을 수도 있어 적된성이 좋다
p21_u57,p21,ce0.1,량화 행강고건에서 이여지는 부행교인 설려결를 건너서 들록은 쓰도 있음성 접등성이 좋다
p21_u57,p21,ce0.5,양화 행강 고건에서 위여지는 부행교임 설류결를 건너서 들록을 수을 있으어 접변성이 좋다
p21_u57,p21,ce1.0,양사 행관 공관에서 이여지는 부행경이 선유교를 건너서 들정은 수도 있성 밖병성이 좋다
p21_u57,p21,ce2.0,량화 행관 고관에서 이여지을 부행교인 선유귀를 건너서 두정은 수도 있으로 적변성이이 좋다
p21_u57,p21,ce5.0,양화와 행간 고건에서 이여지는 부행교인 선유교를 건다서 두정을 수둘 있성 적된성이 좋다
p21_u57,p21,ce10.0,량화와 행강고관에서 이여지는 부행교임이 선유교를 건너서 들러은 수을 있손 설딩성의 좋다
p21_u58,p21,taps,씨은 적근성이 뛰어하고 주정 경관미 우스한 선요도를 화용에 시인들이 수령 몰화를 처험하고 스식을 죄킬 수 있는 공관에 만들게 했다고 전냈다
p21_u58,p21,ce0.0,씨은 적근 성이 찌험하고 주병 정관이 우수한 선유도를 화용에 시민들이 소병몰화를 최험하고 스식을 죄기 수 있는 공관을 만들게 했다고 전냈다
p21_u58,p21,ce0.1,씨은 적든성에 끼어하고 주정 정관이 우수한 사녀도를 화용에 심민들이 스렴 몰화를 채험하고 스식을 즐기 수 있는 공감에 만들게 졌다고 전냈다
p21_u58,p21,ce0.5,이는 적령성에 끼험하고 주정 경관이 우스한 소유도을 화용에 시민들이 수렴 몰화를 태험하고 쇠식을 즐기 수 있는 공관을 만을게 듣다고 전했다
p21_u58,p21,ce1.0,이는 적든성이 뛰어하고 주병 경관이 음스한 선유도를 화용에 시민들이 수변 몰화를 쳐험하고 스식을 즐기 수 있는 공관을 만들게 듣다고 잘냈다
p21_u58,p21,ce2.0,씨은 적건성이 뛰험하고 주경 경관이 우수한 선유돌를 화용에 시민들이 수변 몰화를 태험하고 소식을 죄기 수 있는 경감에 만들게 듣다고 전냈다
p21_u58,p21,ce5.0,시눈 적든성이 지험하고 주경 경관이 우스한 선유돌을 화용에 시민들이 수변몰화를 태험하고 설식을 즐계수 있는 공관에 만들게 했다고 전냈다
p21_u58,p21,ce10.0,씨은 적든상이 뛰험하고 주병 경관이 우스한 선유돌를 화용에 시민들이 수변문화를 태험하고 쇠식을 즐기 수 있는 공관에 만들게 듣다고 전냈다
p21_u59,p21,taps,기동의 서울의 여랑기 행향공원에 있는 반양할 스풀과 신서가 바른되 있지만 뜻변 문화를 직접 최험할 수 있는 공가는 부록했다는 진단이다
p21_u59,p21,ce0.0,기돈의 서울의 여랑기 행향우원에 있는 바량할 서털과 신서가 마련되있지만 후변 문화를 죽접 취함할 수 있는 공가는 구록했다는 신단이다
p21_u59,p21,ce0.1,기동의 서울의 연랑기 행행우원에 있는 다양할 스을과 신소가 마련되 있지만 수련 문화를 직접 최험할 수 있는 공가는 구록했다는 신단인다
p21_u59,p21,ce0.5,기돈의 서흘의 연랑개 행혈원에 있는 반양할 수출과 신서가 바른되 있지만 수변 몰화를 직접 취험할 수 있는 공가는 부록했다는 진단이다
p21_u59,p21,ce1.0,기돈의 서원의 연랑계 항황우원에 있는 하양할 수설과 신석가 말른되 있지만 후변 몰화를 티접 취함할 수 있는 공가는 부록겠다는 신단이다
p21_u59,p21,ce2.0,기존의 서울의 연랑게 행황호원에 있는 다양할 수설과 실사가 마련되지만 서변 문화를 티접 취험할 수 있는 공가는 부족했다는 신단이다
p21_u59,p21,ce5.0,기존의 서운의 여랑기 행영오원에 있는 다양한 수풀과 신터가 마련되 있지만 후변 문화를 특접 체험할 수 있는 공가는 부족했다는 진단인다
p21_u59,p21,ce10.0,기존의 서원의 여랑기 항영공원에 있는 사양할 수설과 심석가 마련되 있지만 수변 몰화를 직접 취험할 수 있는 공가는 부족혔다는 신다이다
p21_u60,p21,taps,이원의 새로 도성하는 부행 상교는 강물파로 위에 설취대 시민들이 항항위를 관는 당 집분을 느기시 있을 것으로 시는 기대했다
p21_u60,p21,ce0.0,이번의 새로 도성하는 부행상교는 강물파로 위의 설실대 시민들의 행향일을 관는 땅 싶분을 몇기 있수 있을 것으로 시는 기대했다
p21_u60,p21,ce0.1,이번의 새로 조성하는 부행장교는 장물파로 위의 설실에 심문자의 항향위를 관는 당십분을 느기시 있스 것으로 신을 기대했다
p21_u60,p21,ce0.5,이원의 새로 도성할는 구행장중은 강물파로 위에 설출대 시민들이 형화위를 관는 당 집분을 느비수 있을 것으로 신을 기대했다
p21_u60,p21,ce1.0,이번의 새로 조성하는 부행장교는 장문바루위 훨실에 심민들의 항향위를 관는 탕 지분을 역기수 있을 것으로 시을 길대했다
p21_u60,p21,ce2.0,이건의 새로 조성하는 부행장교는 당물파로 이인 설취대 시민들이 항황위를 권는 당시금을 몇끼수 있을 것으로 시는 기대했다
p21_u60,p21,ce5.0,이번의 새로 조성하는 부행장교는 강물파로위의 설치될 시민들이 행화위를 관는 당 식군을 륙게씻을 것으로 신을 기대했다
p21_u60,p21,ce10.0,이번의 새로 조성하는 부행장조는 장물파로 이에 설취될 시민들이 항향위를 권는 당 식군을 느기 씻있을 것으로 시능기대했다
p21_u61,p21,taps,우래 유월 털개를 마치고 하방이기에 사공 내련 말 공사를 완류하고 시인에게 대방할 계획이다
p21_u61,p21,ce0.0,우래 유월 활개를 마치고 하방기에 착공 내점 말 공사를 완류하고 시인에게 재방할 계획이다
p21_u61,p21,ce0.1,우래 유월 설비를 맞치고 하아기에 사공 내점 말 공사를 완류하고 시민에게 개방할 계획이다
p21_u61,p21,ce0.5,오래 유월 설비를 맞치고 사방기에 사공 내념 말 공사를 완류하고 시민내게 대방할 계획이다
p21_u61,p21,ce1.0,오래 유월 헐개를 맞치고 사방육기에 사공 내년말 공사를 완류하고 시민에게 재방할 계획이다
p21_u61,p21,ce2.0,오래 유월 설피를 맞치고 사방기의 사공 멸념말 공사를 완류하고 시민에게 개방할 계획이다
p21_u61,p21,ce5.0,오래 유월 설개를 바치고 하방기에 착공 내념말 공사를 완류하고 시민에게 대방할 계획이다
p21_u61,p21,ce10.0,오래 유월 설뒤를 마치고 사방기에 착공 내념말 공사를 완류하고 시민에게 개방할 계획이다
p21_u62,p21,taps,포을 중황지건 강역 번제 소사보가 28일 k개h 그름에 평상 알테시할 이롯트 있찰 방이 의혹과 갈련에 강원도 지사실과 비서실 등일 대상으로 앞수 수제길 지행하고 있다
p21_u62,p21,ce0.0,소울 중황지검 강역 번제 소사보가 28일 th 그렵에 평상 알테시할 리족트 입찰 방의 의혹과 갈련에 강원도 지사실과 비사실 등을 대상으로 앞수 스의 지행하고 있다
p21_u62,p21,ce0.1,소울 중황지건 강역번제 수사부가 28일 kh 그름에 평상 알펜시할 리듯트 입찰 방이 유혹과 갈련에 강원도 지사실과 비서실 등을 대상으로 아술 스력게 지행하고 있다
p21_u62,p21,ce0.5,소열 조광지가운 강역번데 소사부가 28일 f개c 그름에 평성 알텐시할 리도트 있차 방이 의혹과 갈련을 강원도 지사실과 비어실 등을 대상으로 앞수 스력을 지행하고 있다
p21_u62,p21,ce1.0,법을 중황주관 강역번째 소사부가 208일 회h 그름에 평상 알텐시할 리도트 입찰 방이 의혹과 관련에 강원도 지사실과 비사실등을 대상으로 앞은 스류길 지행하고 있다
p21_u62,p21,ce2.0,서울 중화지공 항역번제 소사부가 28일 fc 그름에 평상 알펜시할 리조트 있할 방이 의혹과 갈련에 강원도 지사실과 비사실 등일 대상으로 앞수 수적을 지행하고 있다
p21_u62,p21,ce5.0,서울 중항우지가운 강역번데 소사부가 208일 kh 그름에 평상 알펜시할 리도트 있찰 방의 의혹과 관원을 강원도 지사실과 비사실 등을 대상요로 앞수 수생길 지행하고 있다
p21_u62,p21,ce10.0,서울 중황지공 성역범제 소사부가 208일 th 그름에 평상 알펜시할 리조트 있찰 방의 유혹과 관련에 장원도 지사실과 비사실 등낼 대상요로 앞스 스립을 지행하고 있다
p21_u63,p21,taps,지난 27일 체무슨 선 강원도 지사 자택과 폐일치 그룩 삼우실 강원도 배발공으서든 약숨으 곳을 앞수 수색을 한 대 위어 이틀째 방대수사에 나선 것이다
p21_u63,p21,ce0.0,지한 27일 체물순 사는 강원도 지사 자택과 해h 기록 사우실 강원도 배발공으서든 약숨으 곳을 앞수 스색을 한 대에 위어 이틀째 강질수사의 라선 것이다
p21_u63,p21,ce0.1,신난 27일 체물순 전는 강원도 지사 자택과 해의치 그럽 사으실 강원도 개발공으사은 약숨으 곳을 앞수 스색을 한 대 위어 이틀째 강질스사에 라선 것이다
p21_u63,p21,ce0.5,니한 육실일 체문슨 선는 강원도 지어 자택과 헤의윗치 그릇 삼으실 강원도 개발군으서든 약숨을 곳을 앞수 스색을 한 대 이어 이틀째 판수사에 라손 것이다
p21_u63,p21,ce1.0,1한 67일 체문슨선 강원도 지사 자택과 해의치으를 파문실 강원도 배발공서든 약숨으곳을 앞수 스색을 한대 위여 이틀제 방제스사에 나선 것이다
p21_u63,p21,ce2.0,신단 27일 체문순 사는 강원도 지사 자택과 해이이치 그럽 사으실 강원도 개발금으서든 약숨모곳을 앞수 수색을 한 대 이어 이틀째 강제수사에 나선 것이다
p21_u63,p21,ce5.0,지난 27일 체문슨 선 강원도지사 다택과 해일 치으릇 사으실 강원도 개발공받은 약숨으곳을 앞수 스색을 한 대 이어 이틀째 강세수사에 나선 것이다
p21_u63,p21,ce10.0,지간히 27일 체문순 사는 강원도 지사 자택과 해에치 그럽 사실 장원도 개발공으사든 약숨으 곳을 앞수 스색을 한 대 위어 이틀째 평태수살에 남손 것이다
p21_u64,p21,taps,검차련 이날 강원 도청등에 검사와 서사관을 보내 알페스할 이쫓트 배각과 관려한 문서등을 확부한 것으로 알려었다
p21_u64,p21,ce0.0,검차른 이날 강원 도청등에 검사와 스사관을 보내 알팽시할 이조트 매각과 관려한 무서등을 확부한 것으로 알려었다
p21_u64,p21,ce0.1,검차년 이날 강원 도창등에 검사와 서사관을 보내 알페시할 이조트 매각과 갈려한 무서등을 확부한 것으로 아려었다
p21_u64,p21,ce0.5,검차은 이날 강원부청등에 검사와 수사관을 보내 알팽시할 이쫓트 매가과 관려한 문서등을 석부한 것으로 알려렀다
p21_u64,p21,ce1.0,검차련 이날 강원도청등에 검사와 스사관을 보내 알팽스아 이듯트 매각과 관려한 문서등을 확부원 것으로 알려었다
p21_u64,p21,ce2.0,검사은 이날 강원 도청등에 검사와 서사관을 보에 알텐시할 이옷트 매각과 갈려한 무서등을 확부한 것으로 알려었다
p21_u64,p21,ce5.0,검차된 이날 강원 도청등의 검사와 수사관을 보내 알펜시아 이쫓트 매각과 갈려한 문서등을 확주한 것으로 알려었다
p21_u64,p21,ce10.0,검차된 이날 강원도청등의 검사와 서사관을 보내 알페시할 이조트 배각과 관려한 문서등을 확부한 것으로 알려었다
p21_u65,p21,taps,게리에치 거럽은 주난의 유월 행롭 다상 관리 공사을 경생 있차를 통에 광원도 개발공사 소유의 알팔인시아리조트를 7천10 우구건에 낙살바랐다
p21_u65,p21,ce0.0,kh 거럽은 주난의 유월 행력 다상 관리 공사을 경생 이차를 통에 강원도 개발공사 소의의 알편인시아리조트를 7천10 우구화건에 낙살바랐다
p21_u65,p21,ce0.1,t이h 9r은은 주난의 유월 평륙 다상 관리 공사을 경생 있차를 통임에 장원도 배발군사 소의 알펜인시아리조트를 7천10 우구건에 낙사돌았다
p21_u65,p21,ce0.5,th 9r은 지난의 유월 혈유룩 바상 관리 공상을 경생 있차를 통위에 강원도 개발공사 소의예의 알페인시아리도트를 틀천 백쉽 우구하건에 낙살바았다
p21_u65,p21,ce1.0,kh그은 지난의 유월 행룩 자상 관류공사의 경쟁 있차를 통위에 광원도 개발공사 소위의 알편시아리도트를 7천 백0우워건에 낙살바았다
p21_u65,p21,ce2.0,k이h 그r은 주난의 유월 행룩 자상 관리 공상을 경쟁 있차를 통이에 강원도 개발공사 소의위의 알편시아 리조트를 7천10 우워건에 낙살바았다
p21_u65,p21,ce5.0,교이에치 그럽은 지난의 유월 행력 자상 관리 공사의 경쟁 이차를 통위에 장원도 개발공사 소유의 알편시할 리조트를 7천백0 5워건에 낙찰바았다
p21_u65,p21,ce10.0,k이에치그r분은 주난의 유월 행력 자상 관리 공사을 경쟁 있차를 통위이 장원도 개발공사 소위의 알편시할리쫓트를 7천10 5워건에 낙살바았다
p21_u66,p21,taps,정쟁 2찰에 kh그록 산나 계열 삼만 상표에 락찰받자 케h그록과 강원도가 사전의 조유랑 간이냐는 우기 적기했다
p21_u66,p21,ce0.0,정쟁 2찰에 kh그럽 산나 계열 삼만 선류 락차거자 kh그럽과 강원도가 사전의 조유랑 간인냐는 욱이 적기했다
p21_u66,p21,ce0.1,정쟁 2차에 k이h그럽 산나 계열삼만 창류의 락찰받자 k이h그럽과 강원도가 사전의 조유랑간인냐는 오기 적기했다
p21_u66,p21,ce0.5,정쟁의 2탈에 케fc그릇 산나 계열삼만 설류에 락탈었다 케c그럽과 강원도가 사전의 저유랑개이냐을 오기 적기했다
p21_u66,p21,ce1.0,정쟁 2차에 kh그로 산나 계열 삼만 상요의 락살었다 kh그r과 강원도가 사전의 조유랑 야리냐는 오기 제기했다
p21_u66,p21,ce2.0,정쟁 2차에 kfh으로 판나 계열싸만 산류에 락설었다 kfh으로과 강원도가 사전의 조유랑 야인냐는 혹기 제기했다
p21_u66,p21,ce5.0,경쟁 2찰에 케이에 치그럽 사나 계열삼만 창류에 락팔받자 케위치으럽과 강원도가 사전의 도유랑 견리면을 오기 제기했다
p21_u66,p21,ce10.0,정쟁의 2차일 kh그럽 산나 계열삼만 3류의 락찰받자 kh그럽과 강원도가 사전의 조유랑 견리냐는 오기 제기했다
p21_u67,p21,taps,서월 중황 지험은 지원달 말 튼선 지험으로부터 알편시할 이둘트 매가 기찰 방이국 착건을 넘겨받아 스사를 지행하고 있다
p21_u67,p21,ce0.0,서울 중황 시험은 지는달 말 큰선 지험으로부터 알편씨할 이조트 매가 십찰 방이 혹 사건을 점렵받아 스사를 지행하고 있다
p21_u67,p21,ce0.1,서울 중황 시험은 지원달발 천선 시험으로부터 알편씨할 이접트 매가 기찰 방이국 사건을 넘겨받아 스사를 지행하고 있다
p21_u67,p21,ce0.5,소울 중황 지험은 주원달 말 큰선 지험으로부터 알편씨할 이도트 매가 비찰 방이국 착건을 넘겨받다 투사를 주행하고 있다
p21_u67,p21,ce1.0,서울 중황 지험은 진원달발에 큰선 지험으로부터 알편씨할 이조트 매각 싶찰 방이에국 각권을 점겨받아 투살를 지행하고 있다
p21_u67,p21,ce2.0,서울 중황 지험은 지원달발 큰순 지험으로부터 알편씨할 이조트 매가 기찰 방이국 사건을 넘겼받아 사사를 지행항고 있다
p21_u67,p21,ce5.0,서울 중황 시험은 주원달발 천선 지험으로부터 말편시할 이조트 매가 기찰 방이국 향건을 넘미겼받아 스사를 지행하고 있다
p21_u67,p21,ce10.0,서울 중황 시험은 신원달 말 천선 시험으로부터 알편시할 이조트 매가 기찰 방의 의혹 착권을 넘겨받아 서사를 신행하고 있다
p21_u68,p21,taps,검차은 입번 아수 스색을 통해 학보한 자류를 분석한뒤 발련자들을 소원에 조사할 예정이다
p21_u68,p21,ce0.0,검차은 입번 아수 스석을 통해 확보한 자류를 분석한지 발련자들을 소원에 포사할 예정이다
p21_u68,p21,ce0.1,덤차은 입번 아수 스색을 통행 확보한 자리를 둔석한뒤 관련자들을 소원에 좋사할 예정이다
p21_u68,p21,ce0.5,검차른 이번 아수 스색을 통해 확부한 자류를 분석한뒤 결련자들을 수안에 두사할 예정이다
p21_u68,p21,ce1.0,검차은 입어 아수 수적을 통의 확구한 자리를 분석한지 걸련자들을 수안에 조사할 예정이다
p21_u68,p21,ce2.0,검차은 입번 아수 수색을 통의 확부한 자리를 분석한뒤 분년자대를 수안의 조사할 예정이다
p21_u68,p21,ce5.0,검차은 입번 아수 스색을 통해 확부한 사리를 분석한뒤 발련자들를 수원에 조사할 예정이다
p21_u68,p21,ce10.0,검차은 입번 아스 스석을 통해 확부한 자류를 분석한뒤 들련자들을 소원에 초사할 예정이다
p21_u69,p21,taps,농림 축산1은분은 1월부터 축산 앞치로 인한 불편이 우대되는 직중 관리적 서은 세고을 대상으로 악치적감 노력을 하는 결과 동난 기메시에서 선과가 나타았다고 201를 밝혔다
p21_u69,p21,ce0.0,농림 축산 스은분은 일월부터 폭산 악출로 인한 불편이 우대되는 집준 관리적 처른 세보을 대상으로 앞치적감 노력을 하는 결과 방난 지메시에서 성과가 나타았다고 이십1를 밝겼다
p21_u69,p21,ce0.1,농림 축산 1은분은 1월부터 축산 악치로 인한 불편이 의려되는 직중 관리적 서은 세고을 대상으로 악치적감 노력을 하는 결과 정남 기메시에서 선과가 나타났다고 201를 밝혔다
p21_u69,p21,ce0.5,농림 축산1은분은 1월부터 축산 악스로 인한 불편히 의려되는 직증 관리적 터른 세곳을 대상으로 악치적금 노력을 하는 결과 경남 귀메시에서 성과가 나타났다고 이집1를 밝혔다
p21_u69,p21,ce1.0,농림 축산 1은분은 1월부터 투란 악치로 인한 불편히 의래되는 직중 관리적 허른 세고을 대상으로 악치적금 노력을 하는 결과 경남 기메시에서 성거가 나타났다고 201를 밝혔다
p21_u69,p21,ce2.0,농림 축산 1은분은 일월부터 축산 악치로 인한 불편이 우래되는 지중 관리적 서은 세고을 대상으로 악치적감 노력을 하는 결과 경남 기메시에서 성공가 나타았다고 이집1를 밝혔다
p21_u69,p21,ce5.0,농림 축산 1은분은 일월부터 축산 악치로이나 불편이 우려되는 직중 관리적 서른 세고을 대상으로 악치적감 노력을 하는 결과 경남 기메시에서 상광가 나타았다고 201일 밝혔다
p21_u69,p21,ce10.0,농림 습41은분은 일월부터 투산 악치로 인난 불편이 우래되는 시중 관리적 서른 세고을 대상으로 악치적험 노력을 하는 결과 경남 기메시에서 성광가 나타났다고 201를 펼혔다
p21_u70,p21,taps,농0품부에 따르면 기메시은 3 밀집 지역 마을 이당단을 포함만 지역차비체를 구성에 중인과 농가간 갈등을 해소하려고 노렵했다
p21_u70,p21,ce0.0,농0품부에 따르면 지메시는 3 밀집 지역 마을 이장단을 포함만 지역철리체를 구성에 중인과 농가간 관등을 해소하려고 노력했다
p21_u70,p21,ce0.1,농스품부에 따르면 기메시는 3 밀집 지역 마을 이장단을 포함만 지역 체비체를 구성에 주민과 농각한 갈등일 해수하려고 노렵했다
p21_u70,p21,ce0.5,농스품부에 따르면 지메시는 산 밀집 지역 마을 이당단을 토함만 기억철리체를 구성에 주인과 농가간 관등을 해수하려고 노력혔다
p21_u70,p21,ce1.0,농시품부에 따르면 지메시는 수310지역 마을 이당단을 포함만 지역차비체를 구성에 증인과 농가간 관등을 새소하려고 노력겼다
p21_u70,p21,ce2.0,농1품부의 따으면 기메시는 수3 밀집 지역 마을 이장단을 토함만 지역차비체를 구성에 주인과 농가간 갈등을 회소하려고 노렸겼다
p21_u70,p21,ce5.0,농1은부에 따르면 귀메시은 631집지역 마을 이장단을 투함만 지역 커비체를 구성에 주민과 농각간 갈등을 혈소하려고 노력혔다
p21_u70,p21,ce10.0,농1품부에 따르면 팀메시는 수3 밀티 지역 마을 이장단을 토함한 지역차비체를 구성에 주민과 농각간 갈등을 회소하려고 노렵혔다
p21_u71,p21,taps,그 결과 2020년 야5천0건에 자했던 크어악지이원니 지난의 200건 오래 상방기에는 약 성력 우0건으로 감술했다
p21_u71,p21,ce0.0,그 결과 2020년 야 5천0건에 달했던 프산학치이논니 지난의 2천0관 우 생방이이엘는 약 성력 우습건으로 감수했다
p21_u71,p21,ce0.1,들결과 2020년 약5천0건에 달했던 수사막치민원이 지난의 200관 우래 생방기에는 약3벽의번으로 감소했다
p21_u71,p21,ce0.5,그 결과 2020년약50건에 달했던 수산학지 인원일 지난의 200건 우래 성당6이 에는 약성백스건으로 감소했다
p21_u71,p21,ce1.0,그 결과 2020년약5천0건에 달했던 수자악지 밀론이 이난의 2천0관 우래 생당비에는 약성력의0건으로 감소했다
p21_u71,p21,ce2.0,그 결과 2020년 약5 천건에 달했던 축산앞치 이손니 지난의 2천0건 오래 생방기에는 약35건으로 감소했다
p21_u71,p21,ce5.0,"그 결과 2,20년 야고 천건의 달했던 숙산학치 이어니 지난의 이천건 오래 생방이1에는 약360번으로 감두했다"
p21_u71,p21,ce10.0,그 결과 2020년 야5천건에 자했던 투산학치이너니 지난의 200건 유의 생당기에는 약350번으로 감소했다
p21_u72,p21,taps,농 1품보는 성국557곳에 악치 축정 성고통승기을 기게 장기를 설치에 악지 선감과 분석을 추져하고 있다
p21_u72,p21,ce0.0,농 1품보는 성국 557곳에 악치 축정 성고통승기을 지제 당뒤를 설치에 악지 선감과 분석을 수져하고 있다
p21_u72,p21,ce0.1,농 식품보는 정국 557곳에 악치 축정 정복통승기을 기에 장기를 설치에 악지 정감과 분석을 추져하고 있다
p21_u72,p21,ce0.5,농 1은분은 성국5579 악치 측정 정고통 흉귀을 기게 정비를 설취에 악치 정감과 분석을 수진하고 있다
p21_u72,p21,ce1.0,농 1품보는 정국 557곳 악치 축정 정보통 승기을 집에 장비를 설치에 악치 점감과 분석을 추진하고 있다
p21_u72,p21,ce2.0,농 1품부는 성국 557곳에 악치 측정 정복통신기을 기게 장비를 설치에 악치 점감과 분석을 수진하고 있다
p21_u72,p21,ce5.0,농 1품분은 정국 557곳 악치 측정 정보통 생립을 기개 장비를 설치에 악치 점검과 분석을 추신하고 있다
p21_u72,p21,ce10.0,농 1품분은 성국557곳을 악치 측정 성복통숭기을 기에 장비를 설치에 악치 점감과 분석의 추진하고 있다
p21_u73,p21,taps,악지 발생시 기작체 축산 농과 안내 문자 등을 화용에 특지 통부안을 실수됩니다
p21_u73,p21,ce0.0,악이 발생씨 기작체산 농과 안내 문자 등을 화용에 특이 통부안을 씻스됩니다
p21_u73,p21,ce0.1,악치 발생시 기자체 측산 농과 안내 문자 등을 화용에 즉시 통고하을 술 스티니다
p21_u73,p21,ce0.5,악이 발생쉬 기잡체 특산 농과 안내 물자 등을 화령에 특치 통부하을 을 슷됩니다
p21_u73,p21,ce1.0,악이 발생시 기자체산 농과 안내 문자 등을 화용에 죽지 통고하는 실템니다
p21_u73,p21,ce2.0,악치 발생시 지자체 수산 농과 안내 문자 등을 화용에 격시 통도하을 실빕니다
p21_u73,p21,ce5.0,악치 발생시 기자체 숙산 농과 안내 문자 등을 화용에 격시 통부하을 시템니다
p21_u73,p21,ce10.0,악이 발생1 기자체 측산 농과 안내 문자 중을 화용에 즉시 통부하을 씻스템이다
p21_u74,p21,taps,특히 대이터 문석을 통해 구능도 악치를 자소 배출하는 농가와 시소일 관별에 집준 관리를 하고 있다
p21_u74,p21,ce0.0,특지 대이터 본석을 통해 구능도 악치를 자소 베출하는 농가와 실소리를 컴별에 집증 관위를 하고 있다
p21_u74,p21,ce0.1,특기의 대이터 문석을 통에 도능도 앞치를 자소 배출하는 농가와 시소일 컴별를 집은 관리를 하결놓 있다
p21_u74,p21,ce0.5,특비 대이터 문석을 통행에 구능도 악치를 자송 베출하는 농감와 시소일 컴별에 시은 관리려 회울렸있다
p21_u74,p21,ce1.0,특비의 대이터 문석을 통해 구능도 악치를 자소로 베출하는 농가와 시소일 컴별에 치증 관리를 하교 있다
p21_u74,p21,ce2.0,특히 베이터 문석을 통해 고능도 악치를 자조 배출하는 농광와 시설를 환별에 직증 관리려 해고있다
p21_u74,p21,ce5.0,특집의 대이터 문석을 통해 구능도 악치를 자주 배출하는 농가와 시소일 섬절를 집증 관위를 하교 있다
p21_u74,p21,ce10.0,특히 대입터 문석을 통에 구능도 악치를 자소 배출하는 농가와 시설리 탐별를 침증 관리를 하결놓 있다
p21_u75,p21,taps,전남 공군에서는 양돈 농과 근태회 있던 바측군이로 처리시설 분요 반인량을 내려 회당 농가의 분요가 적체되는 기간을 줄리 수 있었다
p21_u75,p21,ce0.0,전남 구군에서는 양돈 농과 근태회 있던 다측군이로 처리시설 준요 반역양을 늘려 회당 농가일 분요가 작체되는 지간을 줄릴 수 있었다
p21_u75,p21,ce0.1,전남 구군해서는 양돈 농과 건사회 있던 과측분이로 처리시설 분요 반인량을 늘려 회당 농과의 분요가 작패되는 기간을 주릴 수 있었다
p21_u75,p21,ce0.5,전남 공군에서는 양돈 농과 근태회 있던 아투군이로 철리시설 분요 반인양을 늘려 회당 농가일 분요가 적표되는 기간을 줄릴 수 있었다
p21_u75,p21,ce1.0,전남 궁군에서는 양돈농과 군세회 있던 바측군요 철리시설 분요 반인양을 내려 해당 농가의 분요가 적태되는 기간을 줄릴 수 있었다
p21_u75,p21,ce2.0,전남 구군에서는 양돈 농과 근서에 있던 바축군요 터리시설 분요 반인양을 늘려 해당 농가의 분요가 작체되는 기간을 줄릴 수 있었다
p21_u75,p21,ce5.0,전남 구군에서는 양돈 농과 군태회 있던 바특군이로 철리시설 분요 반인양일 늘려 회당 농가일 분요가 작체되는 기간을 줄릴 수 있었다
p21_u75,p21,ce10.0,전남 공군에서는 양돈 농과 견세회 있던 다측군요 철의시설 분요 반인양을 늘려 해당 농과 분요가 적태되는 기간을 줄릴 수 있었다
p21_u76,p21,taps,특히 여름철 강우로 p 살포가 제한되자 pra 정화설리 비중일 120년 6퍼센트에서 오래의 15퍼센측까지 높혔다
p21_u76,p21,ce0.0,특히 여른철 강우로 2 살포가 죄한되자 p와l 정화설리 비중을 120일년 6퍼센트에서 오래의 15퍼센측까지 높혔다
p21_u76,p21,ce0.1,표 여름철 강우로 1스기 살포가 져한되자 pl 정화설리 규중을 20년 6퍼센트에서 오래의 1퍼센책까지 높혔다
p21_u76,p21,ce0.5,특표 여른철 강으로 p살프가 제한되자 p와l이 정화설리 비중을 120년 6퍼센트에서 오래의 1퍼센트까지 높었다
p21_u76,p21,ce1.0,"특히 여른철 강으로 p살포가 제한되자 p와r이 정화사리 비중을 2,20년 6파센에서 오래의1파센트까지 높었다"
p21_u76,p21,ce2.0,특히 여름철 강으로 p살포가 제한되자 pr 정화사리 비중을  220년 6파센트에서 오래 1파센트까지 높었다
p21_u76,p21,ce5.0,"특히 여른철 강으로 깨비 살포가 되한되자 1비와 위의 정화차의 비중을 2,2년 6퍼센트서 5래의 1퍼센측까지 높었다"
p21_u76,p21,ce10.0,"특히 여름철 강으로 깨비 살포가 제한되자 pr의 정화설리 비중을 2,20년 6파센에서 오래 15파센째까지 높었다"
p21_u77,p21,taps,은석일 정부가 203칭년까지 전체발전원에서 원자력 기중을 3어센 이상으로 학대키로했다
p21_u77,p21,ce0.0,연석열 정부가 23식령까지 건체 발전원에서 원자력 기중을 3어센 이상으로 학택지로했다
p21_u77,p21,ce0.1,은사열 정부가 2030년까지 전체발전넘에서 원자력 기중을 3포센 이상으로 학되키로했다
p21_u77,p21,ce0.5,은사결 정부가 230년까지 전체 발전원에서 원자력 기중을 3어 이상로로 학택지로했다
p21_u77,p21,ce1.0,연사일 정부가 2030령까지 건체 발조원에서 원자력 귀중을 3어센 이상로로 학택시요했다
p21_u77,p21,ce2.0,인석일 정부가 2030년까지 건체 발전원에서 원자력 귀중을 3어센트 이상으로 확택치로했다
p21_u77,p21,ce5.0,눈사일 정부가 2030령까지 전체 발전원에서 원대락 기중을 선어센트 이상으로 확택필로했다
p21_u77,p21,ce10.0,연사기 정부가 2030령까이 전체 발전원에서 원자력 비중을 3퍼센 이상우으로 학혔치로했다
p21_u78,p21,taps,운제인 정부에서 건설의 중단된인 신난을 상 사옥기를 생석히 제개하고 번설중인 원전 사기동 인긴네 징공을 결획이다
p21_u78,p21,ce0.0,문제인 정부에서 건설의 중단된 신난을 삼 사옥기를 쇠속히 되개하고 건설중인 원전 사지도 인긴의 징공할 걸획이다
p21_u78,p21,ce0.1,문죄인 정부에서 건설의 준단된인 신난을 삼 사우기를 새석게 제개하고 던설중인 원전 사기도 임긴네의 중공할 결획이다
p21_u78,p21,ce0.5,운데인 정부에서 건설의 준단된인 슈난을 삼사우기를 쇠속히 되개하고 건설중인 원전 사기도 임긴의 증공할 결획이다
p21_u78,p21,ce1.0,운대인 정부에서 건설의 준단된 신난을 상사우길를 세우석게 대대하고 건설중인 원던 사기도 인긴의 증공할 결획이다
p21_u78,p21,ce2.0,운데인 정부에서 건설의 중단된인 신난을 삼사우길를 혀석히 제개하고 건설중인 원전 사하기도 인긴네 증공할 결획이다
p21_u78,p21,ce5.0,문제인 정부에서 건설의 중단된 신난을 삼사우길를 시석게 제개하고 건설중인 원전 사기도 임긴의 증공할 교획이다
p21_u78,p21,ce10.0,문제인 정부에서 건설의 준단된 신난을 삼사우계될 시석히 제개하고 번설중인 원전 사기도 엠긴의 증공을 결획이다
p21_u79,p21,taps,밤면 석탄 감축과 제식이로지 확대에 대한 믿드림은 제시하지 않아 이전 성부의 탈원절 노음에 더임 사실상 폐기될 것으로 부인다
p21_u79,p21,ce0.0,밤면 석탄 감측과 제셈이로지 확대에 대한 믿들림은 제시하지 않아 이전 정부의 8원절 로음에을 사실 상 폐기될 것으로 부인다
p21_u79,p21,ce0.1,담면 석탄 감숙과 제생이로지 확제에 되한 믿뜨림는 제시하지 않아 이전 정부의 탈 원전 노음에 드은 사실상 폐기될 것으로 불인다
p21_u79,p21,ce0.5,담면 속판 감숙과 제식이로지 확대에 대한 믿뜨림은 제시하지 않아 이전 성부의 탈원전 로음에그을 사실 상 표기될 것으로 불인다
p21_u79,p21,ce1.0,반면 석탄 감숙과 제시면너지 확대에 대한 미끌림은 제시하지 않아 이던 정부의 탈원전 로음에은 사실 상 택기될 것으로 부인다
p21_u79,p21,ce2.0,밤면 석탄 감축과 저식이로지 확대에 대한 믿돌림은 제시하지 않아 이전 정부의 탈 원설 노음에은 사실 상 폐기될 것으로 불인다
p21_u79,p21,ce5.0,담면 석탄 감숙과 개생민로지 확대에 대한 믿뜨림은 제시하지 않아 이전 성부의 탈원돌 로음에온 사실상 태기될 것으로 부인다
p21_u79,p21,ce10.0,밤면 석탄 관습과 제생민로지 확대에 대한 믿뜨림을 제시하지 않아 이던 성부의 탈원절 노음에드 사실 상 표기될 것으로 부인다
p21_u80,p21,taps,환업 통상 사원부은 오의 서월의 용산 대통명을 척사 수 열린 군모회이에서 광계 우초 셨동으로 말르한 쇠정부 애노지 당책 방향이 시인이 의결했다고 밝혔다
p21_u80,p21,ce0.0,파업 통상 사원부은 오일 서월의 용산 드통명을 책사에서 열린 긍모회위해서 관개부터 셨동으로 말련한 새 동부 에너지 당책 방향이 씨히 의결했다고 밝혔다
p21_u80,p21,ce0.1,환업 통상 사원부은 오일 서월의 용산 대투명을 책팔에서 연리 중모회이에서 관배우처 협동으로 말련한 새정부 애너지 당색당향을 심민 의결했다고 백혔다
p21_u80,p21,ce0.5,하업 통상 사원보은 오일 서월의 유로산 되통명실 철사에수 열린 음호회위해서 관계부터 혈동으로 마련난을 쇠회통부 에너지 장책 방향을 신의 의결했다고 밝혔다
p21_u80,p21,ce1.0,하업 통상 자원보은 오회 서월의 용산 대통명실 청사에서 연린 공호회위에서 광계우차 협동으로 마련한 새 동부에노지 장책 방향이 심이 의결했다고 백겼다
p21_u80,p21,ce2.0,판업 통상 자원보은 오일 서울의 용산 되통령을 책사에서 연린 그호회이에서 광계부 사셨동으로 말른하는 새 정부 애너지 장색 방향을 심히 여결했다고 백겼다
p21_u80,p21,ce5.0,하업 통상 자원부은 오일 소우의 용산 대통령실 청사에서 열린 구호회이에서 광개 부 셨동으로 말련한 새 동부 에노지 당색 당향이 시히 의결했다고 백켰다
p21_u80,p21,ce10.0,선업 통상 자원부은 오일 서울의 용산 대통령을 청사에서 열린 훈호회이해서 관계터 셨동으로 말련한 새 정부 에너지 정책 방향을 심히 의결했다고 백혔다
p21_u81,p21,taps,입번 에로지 정색 방행인 문제인 정부에의 애로지 터난 로든냈과 제살차 엘로지 기봉 발획등 원전의 장계적 감충이 명시했던 장책를 대체한 것이다
p21_u81,p21,ce0.0,이번 에로지 정색 방향연 운제인 정부의 엘로지 터난 로든냈과 제살차 엘로지 기봉 발획등 원전의 장계적 감축에 영시던 장책를 되체한 것이다
p21_u81,p21,ce0.1,입번 에로지 정색 방향인 운제인 정부의 애로지 터난 로든했과 제선차 엘로지 기봉 배획등 원전의 장계적 감추의 명시했던 장책을 대체한 것이다
p21_u81,p21,ce0.5,이번 에로지 정책 방행일 운제인정부의 에로지 토난 노드했과 제살사에로지 기봉 들획등 원전의 장계적 감술의 명시 던 정책을 되체한 것이다
p21_u81,p21,ce1.0,이번 에로지 정책 방행은 운쟁인 정부의 에너지 돌난 로드했과 제살차 에로지 기봉 발획등 원전의 장계적 감축의 명시 던 정책를 되취한 것이다
p21_u81,p21,ce2.0,입번 에로지 성척 방향인 운세인 정부에의 애로지 더한 로드했과 제살차 애로지 기봉 별획든 원전의 장계적 감축을 명시했던 장책을 대혀한 것이다
p21_u81,p21,ce5.0,비번 엘로지 정책 방향인 문세인 정부의 엘로지 터난 로드했과 제설사 엘로즈 기공 결획등 원전의 장계적 감축일 영시했던 정책을 대차한 것이다
p21_u81,p21,ce10.0,비번 내로지 정책 방향인 운쟁인 정부의 엘너지 더한 로등했과 제설사 엘로지 기공 계획등 원전의 장계적 감축의 명시했던 정책을 대체한 것이다
p21_u82,p21,taps,파나보는 입번 일마지 성첫 방영을 통해 20 상지년까지 원자학발점 기중을 3% 이상으로 합대하겠다고 등식구하했다
p21_u82,p21,ce0.0,파나보는 이번 일화지 정첫 방향을 통해 204심년까지 원자약 살점 비중을 3버세트 이상으로 학제하겠다고 그시화하했다
p21_u82,p21,ce0.1,파나보은 입번 4화지 정색 방형을 틈해 203년까지 원자약 살전 귀중을 3버 이상으로 합애하겠다고 큰 씻타하했다
p21_u82,p21,ce0.5,산나보을 입번 예화지 정색 방영을 통해 6살7년까지 원자랴발점 기중을 3버센 이상로로 협제하겠다고 그시구하했다
p21_u82,p21,ce1.0,하나보은 이번 4화지 정습 방영을 통에 6030년까지 원자력발점 기중을 3파센 이상으로 학제하겠다고 그 시구하했다
p21_u82,p21,ce2.0,탄업보을 이번 4화지 정색 방용을 통행 204명까지 원자약 발섬 기중을 살파7트 이상요으로 학제하겠다고 그식화하했다
p21_u82,p21,ce5.0,하나보은 이번 예월지 종척 방명을 투에 203령까지 원다학발점 기중을 3파실트 이상이으로 합제하겠다고 그식켜하했다
p21_u82,p21,ce10.0,선업보은 이번 4월지 정체 방영의 통에 203년까지 원다력 발점 기중을 3버 이상으로 헛대하겠다고 그어 시켜하했다
p21_u83,p21,taps,이는 문제인 정부에서 마르한 20 상실과 원을 빨스 관충목부에서 저시한 원점 비종목추질를 대폭 창명 부정한 쓰준이다
p21_u83,p21,ce0.0,이는 문제인 성부에서 말르만 203시과 원을 빨스 관층목표에서 져시한 원점 기정목추질를 대폭 상명 소정할 쓰준이다
p21_u83,p21,ce0.1,이는 문데인 정부에서 말르만 20상시과 원을 깔스 감청목표회서 스시한 원점 시통 목셨츠를 대폭 상명 소정한 쓰준이다
p21_u83,p21,ce0.5,이는 문제인 설부에서 마련만 2천설씻과 원을 값을 관총목교에서 주시한 원점 비통목붙치를 대복 창명 소정한 쓰준이다
p21_u83,p21,ce1.0,이는 원데인 성부에서 마련만한 2030과 원을값스 관승목교에서 세스야 원점 비정목붙치를 대폭 창명 조정한 쓰으이다
p21_u83,p21,ce2.0,이는 문세인 성부에서 마련만 20선0바원을 빠스 관총목교에서 저시야 원섬 비종목수질를 대복 생용 소성한 수준니다
p21_u83,p21,ce5.0,이는 문제인 성부에서 마련한 203십가 원실값수 관청목표에서 제시한 원점 비정목수취를 대특 생형 조성한 수준이다
p21_u83,p21,ce10.0,이는 문데인 성부에서 마련만 2030가원을 빠스 관총목표회서 제시한 원점 비종목교치를 대폭 생명 소정할 수준이다
p21_u84,p21,taps,정보은 지난의 기준 27점4파센츠였던 원점 비종이 친하늘 상 사옥이 건설 조개 안전성 화보을 전재로한 개속은전 스진 등을 통해 대폭 올리 일행했다
p21_u84,p21,ce0.0,정보은 지난의 기준 27점4파센트었던 원점 비중일 신한을 성 사옥지 건설 조대 안전 성 석보을 존재로한 제속은선 스진 등의 틀해 대폭 올리기려했다
p21_u84,p21,ce0.1,정보은 지난의 기은 27점4파센수였던 원점 기중일 신환을 선 사옥이 건설적에 안던성 확보를 존재로한 계속은 전 스진 등의 통해 대폭 올리 이름했다
p21_u84,p21,ce0.5,정건는 지안의 기준 27점4파센패였던 원점 비중일 신하늘 선 사옥이 걸설 제에 안던스성 확보을 존재로한 교속은 전 스진 등을 통행이 태폭 올리기려했다
p21_u84,p21,ce1.0,정건은 지안의 비준은 27점 4파센트었다운 원점 비중일 신하을 상 자옥이 건설죄에 안전성 학보을 존재로한 개북은 전 스진 등을 통려에 대폭 올리 이름했다
p21_u84,p21,ce2.0,장보은 주안에 기준 27섬4파센수였던 원점 비중을 신하늘 상 사옥이 건설 제획 안전성 학보을 손재로한 개속은전 수진등을 통해 대록골리기로했다
p21_u84,p21,ce5.0,정보은 지난에 기준 27점4파센트었던 원전 비중일 신하을 섬사옥이 권설택개 안단성 확골를 존재로한 계수은전 수진 등을 통해 대폭올리 기용했다
p21_u84,p21,ce10.0,정건은 주난의 기준 27점 4파센소였던 원점 비중을 신하을 상 사옥이 건설적에 안전성 헛보을 선재로한 계속은전 수짐 등의 통에 대폭 올리기로했다
p21_u85,p21,taps,밤몇 제생에로지 학탄 에화 처년가스된 욥다 발떠원 비종목표치는 애로지 정척 방향이 담지 알았다
p21_u85,p21,ce0.0,밤면 제생에로지 학탄 카 처년가스은 욥다 발떠넘 비중묶혔치는 애로지 정척 방향에 담지 알았다
p21_u85,p21,ce0.1,밤몇 제생에로지 폭탄 화 처녀가스등 욥다 발떠원 비증 무표치는 에로지 정측 방향이 담지 알았다
p21_u85,p21,ce0.5,반면 제생의로지 협8 에화처녀가스중 몇한 발떠원 비중목표치는 애로지 정식 방향이 담지 않았다
p21_u85,p21,ce1.0,밤면 제생인로지 락한 애화 선년과스등 몇한 발떠원 비중 무었치는 애로지 정책 방향이 담지 않았다
p21_u85,p21,ce2.0,담면 제생에로지 학탄 애화 처열가스등 엿 발전원 비종 목혔치는 에로지 정색 방향에 담지 않았다
p21_u85,p21,ce5.0,밤면 제획인너질 락판 에화선년가스등 몇 발떠원 비중목표치는 에로디 정책 방행이 담지 않았다
p21_u85,p21,ce10.0,밤면 제생에노지 협탄 액화 처년가스등 몇 발전원 비중 못표치는 애로지 동색 방향이 삼지 않았다
p21_u86,p21,taps,터너보는 제생인어지에 대에 복음 몇건을 그림을 목표를 함례적으로 자정립하고 태양왕 둘몇등이 발떠 넘대 적정 비둥에 고출하겠다 고 원깁하는데 구었다
p21_u86,p21,ce0.0,천업보은 제생유어지에 대에 복은 역건을 그림의 목표를 함리적으로 제정립하고 체양활 쓸력등 발도 넘결 적정 비증을 고출하겠다 고 원답하는데 끗었다
p21_u86,p21,ce0.1,천업보는 재생인너지에 대에 복음 역건을 드림의 목표를 함리적으로 자정립하고 재양과 수력등 발전 넘별를 저정 비음에 도출하겠다 또 원깁하는데 구었다
p21_u86,p21,ce0.5,선마뿔는 제생인로지에 대에 곡음 역관을 그름의 목표를 섬리적기로 제정립하고 생형왕 력등 발도 넘별 적정 비음의 벗출하겠다 보 안급하는데 굳었다
p21_u86,p21,ce1.0,선너보는 재생인너지에 대에 복음 몇건을 그름의 목표를 함리적으로 제정립하고 체형왕 풍력등 발도넘별 족정 비음을 도출하겠다 그 완립하는데 고었다
p21_u86,p21,ce2.0,선합보는 제생인너지에 대에 복금 역건을 도림의 목표를 험리적으로 제정립하고 태형활 흉역등 발전 넘별을 적성 비준을 고추하겠다 또 원득하는데 굳었다
p21_u86,p21,ce5.0,선나보는 제생이어 지에대에 복음 역건을 그름의 목표를 함리적이로 제정립하고 태형황 편력등 발도넘별 적정 비중의 도추하겠다 고 원급하는데 굳었다
p21_u86,p21,ce10.0,천업보는 제생인어지에 대에 복음 몇번을 돌려의 목표를 삼리적으로 제정립하고 체형화 순역등 발전넘별 적정 비둥에 도측하겠다 꼭 원급하는데 굳었다
p21_u87,p21,taps,폭통 발전에 들일 시여겨 속탄 발전소 건설 군질를 명확히 밝히 이전 정부 배획다 달리 특급 상황 계통을 신승이 부려에 허욕작 건축에 일도하겠다고 밝겼다
p21_u87,p21,ce0.0,합원 발전에제 시료 속찬 발설서 건설 그질를 영화시 발치 이전 정부 되획다 발위 해법 상황 계통을 신중이 부려의 혼류작 건수에 유도하겠다고 바이쳤다
p21_u87,p21,ce0.1,석탄 발전에 대에 시교 석탄 발전는소 건설 근질를 명화티 발힌 이전 정부 되획과 달비 스득 상황 계통을 신승이 들려의 흥려작 건식에 유도하겠다고 밝혔다
p21_u87,p21,ce0.5,석한 발선에 대 실조 속판 발선에서 건설들질를 명합이 발친 이전 정룩 배획가 달리 주급 통황후 계통일 신중의 부려회 허류작 건식에 일도하겠다고 밝기겼다
p21_u87,p21,ce1.0,학탄 발전에 된의 시교 석탄 발전 소 건스 글질를 명화기 발치이 이전 성을 결획과 잘리 특급 상황 개통을 신승의 구려회 혼리갖 건수에 일도하겠다하고 바이졌다
p21_u87,p21,ce2.0,석탄 발전에 된의 시우겨 석탄 발전서 건설 그스질를 영확히 밝힌이 이전 정로 되획과 잘리 특급 상황우 계통을 신중의 부려에 혼리작 건축에 유도하겠다라고 밝셨다
p21_u87,p21,ce5.0,석탄 발전에 대 시의료 석탄 발전소 건설 군질를 영확히 발키이 이전 정부 여에바 달리 즉급 생망 계통을 신승의 구려에 훈의적 감수에 유도하겠다고 밝혔다
p21_u87,p21,ce10.0,석탄 발선에 대에 심교 석탄 발선으 소 건설 글질를 영확히 발침이 이잔 성부 결획파 잘비 스급 상망 계통을 심중이 구려에 험리적 감숙에 유도하겠다고 바이쳤다
p21_u88,p21,taps,박기 웃주 선업부 2차관는 오래 1비월 전력 수급 기봉 데획을 통해 구체적인일 발떠넘들 비은 수출를 발포하겠다고 말했다
p21_u88,p21,ce0.0,바기즈 서업부 2차관는 오래1비월 전력 수집 기봉 제획을 통해 구체적인일 발떠넘들 비은 스칠를 발표하겠다고 말했다
p21_u88,p21,ce0.1,바기은 사업이 2차관는 오래 1비월 던력 스득 비봉 데획을 통해 구체적인을 발돌넘들 비은 스칠를 발푸하겠다고 말했다
p21_u88,p21,ce0.5,바귀슨 선업프 2차관는 오래1비월 전력 수색 지봉 계획을 통해 구태적인일 발떠넘들 비은 스치를 발표하겠다고 말했다
p21_u88,p21,ce1.0,바기은 사업프 이차관는 오래sv월 관력 수객 기봉 데획을 통해 그체적인 발떠넘별 비은 수칠를 발표하겠다고 말했다
p21_u88,p21,ce2.0,바기중 선업부 이차관는 오래1비월 전력 스객 기봉 제획을 통해  구체적인 발조넘들 비준 수치를 발푸하겠다고 말했다
p21_u88,p21,ce5.0,다기 웃슨 선업은 이차관는 오래1비월 전약 수객 기봉 계획을 통에 그체적인 발돌넘절 비은 수치를 발풀하겠다고 말했다
p21_u88,p21,ce10.0,바기츠 선업부 2차관는 오래1v월 전력 소접 지봉 세획을 통해 구태적인일 발떠넘절 비증 수치를 발평하겠다고 말했다
p21_u89,p21,taps,일날 정분은 장기 오금의 열로비를 반영하는 원가주일을 성역하혔다는 계획도 내놓왔다
p21_u89,p21,ce0.0,일날 성보은 정기 여금의 열로빌를 반영하는 원가주일을 허혈파했다는 계획도 내로왔다
p21_u89,p21,ce0.1,일날 정분은 장기 회금의 열로빌를 반용하는 원가주일을 상롭하혔다는 계획도 내놓왔다
p21_u89,p21,ce0.5,일날 정분은 정기획금의 열로빌를 발령하는 온가주일을 서하곁다는 계획도 내놓왔다
p21_u89,p21,ce1.0,이날 성부은 성비역금의 열로빌를 반용하는 원가주일을 황욕할곁다는 그획도 내놓왔다
p21_u89,p21,ce2.0,이날 성분은 정기역금의 열로비을 반용하는 원가수일을 허하였다는 그획도 내놓왔다
p21_u89,p21,ce5.0,이날 성분은 정기에금의 열로비를 반영하는 원가주일로 행위하겼다는 계획도 내놓왔다
p21_u89,p21,ce10.0,이날 성분은 성기의임에 열로빌를 반영하는 원가주일을 성욕하겠다는 계획도 내놓왔다
p21_u90,p21,taps,정기 옥근 별정 거정에서 등립성 허벌를 위해 정기의원의 조직 일력도 보광한다
p21_u90,p21,ce0.0,정지 옥금 절던 거정에서 등립성 학포를 위해 정기위원에 조직 밀력도 보광한다
p21_u90,p21,ce0.1,정기역금 결던 가정에서 등립성 학보를 위해 장기 위원의 조직 임력도 보광한다
p21_u90,p21,ce0.5,정기의정 별터 가정에서 등릭성 확포를 위해 성기 위원의 조직 일력도 보광한다
p21_u90,p21,ce1.0,정기등 절정 가정에서 등립성 학고를 위해 정기 위원의 조직 움력도 보광한다
p21_u90,p21,ce2.0,정기여경 결던 가정에서 등립성 학벌를 위해 황기위원에 조직 미력도 보광한다
p21_u90,p21,ce5.0,번기오경 결던가정에서 분립성 학벌를 위해 성기의원의 조직 일력도 보강한다
p21_u90,p21,ce10.0,정기역금 결정 가정에서 등립성 학벌를 위해 정귀의 원의 조직 일력도 보광한다
p21_u91,p21,taps,최키스 열차안에서 자신의 미인 심차를 접발한 스무원을 협박 폭원가주한 50대 승계이 지획청을 선고발랐다
p21_u91,p21,ce0.0,7키스 열차안에서 자신의 의인승차를 접바한 심후원을 협박 표다지한 50대 승객이 지획청을 선고받았다
p21_u91,p21,ce0.1,7혈스 열차안에서 자신의 행승차를 접발한 스요원을 협박 폭표하지한 50대 승계이 지행상을 선고발랐다
p21_u91,p21,ce0.5,7획스 열차안에서 자신의 문행승차를 접발한 수유원을 협박 폭표가지한 의대스에기 지행성을 선고받았다
p21_u91,p21,ce1.0,테피스 열차안에서 자신의 의행신차를 접발한 승유원을 협박 풍가주한 오시대 승객이 증역성을 성고발았다
p21_u91,p21,ce2.0,7키스 열차안에서 자신의 의인신차를 접발한 훈우원을 협박 혀가지한 오0대 생객이 지역상을 선고받았다
p21_u91,p21,ce5.0,텔피스 열차안에서 자신의 미행식차를 접발한 수류원을 협박 폭큰가주한 50대 흥객이 지역청을 선구발랐다
p21_u91,p21,ce10.0,필키스 열차안에서 자신의 행승차를 접발한 소요원을 협박 부평가의한 오0대 승객이 지백청을 선고받았다
p21_u92,p21,taps,광두지법 총사치 단독은 1차승로화을 프탱에 설도 안전법 이반 혀위로 기소를 내이지에 대 지역 팔교월 향을 선고했다고 오시별 밝혔다
p21_u92,p21,ce0.0,장두지법 천사칠 단독은 1차승로화을 프탱에 결도 안전법 이반 혀위로 기소를 내이시에 대 시약 팔걸월 형을 선고했다고 오시배을 발혔다
p21_u92,p21,ce0.1,장주지법 형사칠 단독은 열차 승로원을 특풍에 철도 안전법 이반 협위로 기소를 내이시에 대 징약 8겸을 행을 선고했다고 오십1 밝혔다
p21_u92,p21,ce0.5,강주지법 청사취 단독은 1차승로활의 폭행에 철도 안전법 일반 행위로 기소된 내이스에 대 신약 8배월형을 선고했다고 요시배 밝혔다
p21_u92,p21,ce1.0,광주지법 총사취 단독은 열차승무원을 폭행에 철도 안전법 이반 혀위로 기소된 내이지에 대 시역 8벽월 행을 선고했다고 오시펴을 밝혔다
p21_u92,p21,ce2.0,광주지법 선사취 단독은 열사승우원의 폭행에 걸도 안전법 이반 혀위로 기소된 내이시에 대6 직약 팔가월 형을 선고했다고 시표 밝혔다
p21_u92,p21,ce5.0,장주지법 선사취 단독은 1차식무원의 폭행에 걸도 안점법 위반 헤위로 기소된 내이치에 대 식역 8개월 행을 선고했다고 1배 발혔다
p21_u92,p21,ce10.0,장수지법 총사취 잔독은 1차승무화의 폭행에 결두 안점법 이반 협위로 기소된 내이치에 대 시역 8경을 형을 성고했다고 시요회 밝혔다
p21_u93,p21,taps,ac는 지난의 시비월 2식상을 전역 결시쯤 라질역에서 부기표락을 향위에 이행중인 더 펼프게 기차되에서 열차 순우원에게 린식차 사술의 접발했다
p21_u93,p21,ce0.0,ac는 지난의 1비월 23을 전역 열십쯤 라질역에서 무표락을 하위에 은행증일 더을 펼투학제 기차되에서 열타 성로원에게 이임칭사 사술의 접발댔다
p21_u93,p21,ce0.1,a이c는 지난의 1비월리식섬을 전역 결십쯤 라질역에서 무표역일 향위에 오행정님더음을 펼역되기차대에서 열타 선로원에게 무임 승차 사설의 닥발했다
p21_u93,p21,ce0.5,에시는 지난의 1v월 2섬을 전역 별시진 나주역에서 물표학을 하위에 은행중의던 혈색스기 타되에서 열타선우원에게 능승차 선술의 접발댔다
p21_u93,p21,ce1.0,에이c는 지난의 1비월이1함을 전역 열십쯤 라질력에 사북 태역을 항위에 은행증의더온 결표게 기차대에서 열타승 우원에게 무행승차 파셔의 적발했다
p21_u93,p21,ce2.0,내이씨는 지난의 1비월23을 더역 10쯤 라들력에서 묶표역을 항해 온행중의던 펼표속있차되에서 열타성로원에게 무인 풍사 활설리 접발했다
p21_u93,p21,ce5.0,에c는 지난의 11월28을 더역 절짓쯤 나주역개서 필역을 하미에 오행중의던 혈펼식이차되에서 열타송류원에게 무인풍차 사술의 적발했다
p21_u93,p21,ce10.0,에이c는 지난의 11월 2참을 전역 1시쯤 나주역에서 무표역을 항위에 은행중의던 결격속이차대에서 열차송로원에게 무인승차 사술의 적발 했다
p21_u94,p21,taps,소레치에 있던에이신을 승무원히 요은과 추각 부하금을 부요하자 회장 숭우원을 때를 듯이지 이협하고 복불을 손바자으로 미치는 풍이력을 형상 것으로 저어했다
p21_u94,p21,ce0.0,프레치에 있던에이실을 힘루원히 욕행과 추각 부가금을 부여하자 해장 숭우활를 때류질 수 이협하고 복부을 손바자으로 미치는 풍력을 행송은 것으로 조사했다
p21_u94,p21,ce0.1,술레치에 있던에이씨는 스류원이 유은과 추각 중화금을 부요하자 회당 숭우원을 때류듯수 이협하고 북불을 손바자으로 이치는 풍력을 행생 것으로 자아했다
p21_u94,p21,ce0.5,스레취에 있더에이씨는 순류원이 요임과 추각 구회금을 불요하자 회당 숭우활를 때를 듯이 위협하고 복불을 손바닥으로 미치는 풍력을 혈숨은 것으로 저산졌다
p21_u94,p21,ce1.0,소에취에 있던에이시는 승루원이 육은과 추각 구락금을 부여하자 해당 승우활를 때류듯신 위협하고 복물을 손바닥으로 미치는 풍역을 형상 것으로 조하였다
p21_u94,p21,ce2.0,소레치에 있더에 이시는 순류원이 욕구는과 추각 구작금을 보여하자 해장 숭우원을 때리듯시 이협하고 복불을 손바닥으로 미치는 풍역을 형성을 것으로 자사했다
p21_u94,p21,ce5.0,스웨치에 있던에 이신을 숭우원이 욕은과 추각 분약금을 보여하자 해당 숭우원을 때릴 듯시 이협하고 복포를 손바자으로 미치는 풍역을 형성운 것으로 조사했다
p21_u94,p21,ce10.0,소에취에 있던에이시는 손우원이 요인과 추각 분역금을 부요하자 해당 송우원을 때를 뜻지 위협하고 복포를 손바자으로 미치는 풍욕을 형송 것으로 저어했다
p21_u95,p21,taps,대판보은 a이시가 만실 향태에서 혈도 송사자의 직로 집행을 방해해 제체이 가볍지 않다
p21_u95,p21,ce0.0,재단보는 a이시가 만시 상태에서 철도 송사자의 짐의 지행을 방해해 질최이 가접지 않다
p21_u95,p21,ce0.1,몇단몰을 에이시가 만식형태에서 철도 송사자의 증의 지팽행을 방해해 제최이 가볍지 않다
p21_u95,p21,ce0.5,대반몰은 에이c가 만수향태에서 설도 송사자의 증을 지행을 방이해 되최이 가볍지 않다
p21_u95,p21,ce1.0,액반몰을 에이치가 만시 상태회서 혈도 종사장의 지은의 지행을 방해해 제최이 가볍지 않다
p21_u95,p21,ce2.0,재반보는 에이시가 만시 향서에서 철도 종사자의 지은의 지평을 방인해 되체이 가볍지 않다
p21_u95,p21,ce5.0,혈판몰은 a이시가 만시형표에서 혈도 송사장의 직는 지행을 방해해 되책이 가볍지 않다
p21_u95,p21,ce10.0,별단보은 에이시가 만시 항세에에서 철도 송사자의 직으의 지행을 방해해 제책이 가볍지 않다
p21_u96,p21,taps,ac에게 풍과 어머방에등니 다스 정거가 있는 점을 구려하면 시령 성고가 불갖 피하다라고 황고 일일에 팔쳤다
p21_u96,p21,ce0.0,ach에게 편과 어머방에 등및 다스 정거가 있는 점을 고려하면 시령 성고가 즐갖티하다라고 환고 이일을 퍼셨다
p21_u96,p21,ce0.1,에c에게 평더 어모방에 등 다스 달터가 있는 점을 고려하면 시령성고가 불갖피하아라고 환고 일에 팔혔다
p21_u96,p21,ce0.5,c개 편과 어모방에 등 가스 덕과가 인는 터을 거려하면는 시령 성국가 불갖치하달라고 선류 유를 밝혔다
p21_u96,p21,ce1.0,ac에게 평과 어머방에등 가의 정거가 있는 더을 보려하면 시령 성국가 되가피하달라고 항고 유를 표셨다
p21_u96,p21,ce2.0,aca개 평과 어모방에등 다의 정거가 있는 더을 고려하면 1현 성우가 불갖티하다라고 환로 유을 밝혔다
p21_u96,p21,ce5.0,c개 행가 어머방에등 다의 정과가 일는 터을 고려하면 1행 홍우가 불갖피하아다고 행도 유의 학혔다
p21_u96,p21,ce10.0,c개 평광 어모방에 등 다스 정거가 있는 섬을 고려하면 시명 성국가 불갖피하다라고 선구 유의 표쳤다
p21_u97,p21,taps,페rbs트에의 1바길일 시은 사 매인 연출자인 방기리 피디가 마질막 처염 현성이 분립했다
p21_u97,p21,ce0.0,hrbsp에는 1반질 지전사 매인 연술자인 반기립 피티가 마질막 처럼 현성이 증립했다
p21_u97,p21,ce0.1,tbs트 예네 1바길 시은 사 메인 연출자인 방의길리 피티가 마질막 처령 혼성이 분개된다
p21_u97,p21,ce0.5,t리비트 에는 1박길 시은 사 매림 연을자인 방그리 키비가 마질박 설년 혼상이 군겨된다
p21_u97,p21,ce1.0,tvst 예는 1박길 전사매인 연술자인 방길리피티가 마질막 철령 환상이 공결낸다
p21_u97,p21,ce2.0,kvs-t웨는 1바일 수전사 매인 연출자인 당그립 피이가 마질막 서령 훈상이 군개된다
p21_u97,p21,ce5.0,kvst에는 1박길일 시준사 매임 연출자인 방길립 피비가 마주막 처형 현섬이 분해된다
p21_u97,p21,ce10.0,케리비트에는 1박길 시준사 매인 연술자인 방기립 피티가 마질막 서령 현자이의 종겨된다
p21_u98,p21,taps,오너로우 여시 설싶분의 방성되는 세우비 수 일방귀의 시준 사에 행유을 비로도 특집에서는 온수대통을 기워하는 맨버드의 봉마지 여정이 글려진다
p21_u98,p21,ce0.0,오늘 로우 여스 소싶번의 방송되는 세v스초 1방기의 1준 사에 행위을 비로주 특집에서는 온스대포열 지활다는 맨버들의 본마지 여정이 글려진다
p21_u98,p21,ce0.1,오늘 로우 여호스설스분의 방성되는 세비에스 투 일방기의 시은 사에 혈님을 비로주 특집에서는 음수대풍을 기활자는 맨버들의 분마주 여정이 들려진다
p21_u98,p21,ce0.5,오늘로우 1소시 설분의 방송되는 세비스트 이발기의 1사에 혈류을 비로주 특집에서는 온수대통을 귀활하는 맨어들의 풍맞지 여정이 교렸된다
p21_u98,p21,ce1.0,오늘 로우여서스소시분의 방송되는 텔vst 바개의 시준 사에 행우을 비로도 특집에서는 온수대 통역 기활하는 맨버드의 본맞지 여정이 구여진다
p21_u98,p21,ce2.0,오늘 로우여 허스 소싶분의 방성되는 걸비에트 의박귀의 시음사이 흉우을 비로주 특집에서는 온수대 통을 귀원하는 맨버들의 분마주 여정이 그려준다
p21_u98,p21,ce5.0,오늘로우 여스 설분의 방성되는 혀비에스트 1바귀일 시은 사에 행을 비로주 특치에서는 온수대통일 기활하는 맨버들의 분맞지 여정이 교여준다
p21_u98,p21,ce10.0,오늘 로우 여시 설수분의 방송되는 테비s트 이반귀의 시음사이 행혼을 비로주 트집에서는 온스대통을 귀활하는 맨버들의 본맞지 여정이 결렸준다
p21_u99,p21,taps,이날 생들욕을 불태우욕 깨행의 인하던 맨버들은 반시타를 선물한 반그이 피이된 언에 비상이 걸린다
p21_u99,p21,ce0.0,이날 세류욕을 불태우욕 깨임미 인하던 맨버들은 간식하를 선물한 반그의 피립된 언해 비상이 갈린다
p21_u99,p21,ce0.1,이 날 세우욕들 불태우몇 깨인의 인마던 맨버들은 반시차를 선물한 당들이 피이된 언에 부향이 걸린다
p21_u99,p21,ce0.5,일날 순류욕을 불태우몇 깨임의 인하던 맨버들은 간식하를 숨물한 방들의 피기된 문에 비상이 걸린다
p21_u99,p21,ce1.0,이날 승구욕을 불태우역 깨인의 이마던 맨버들은 관스타를 선물한 당그이 피이 때문에 비상이 걸린다
p21_u99,p21,ce2.0,이날 승부욕을 불택으몇 깨임의 인하던 맨버들은 간식차를 선문한 방그이 피이 때문에 비상이 걸린다
p21_u99,p21,ce5.0,이날 흥부욕을 불태우몇 깨임의 이마던 맨버들은 관식타를 선문한 반그이 피이 때문에 비상이 걸린다
p21_u99,p21,ce10.0,이날 승두욕을 불태우욕 깨임의 인마던 맨버들은 관식하를 선문한 반들이 피이 때 문에 비향이 걸린다
p24_u00,p24,taps,혈대 사롱차가 북내채대 크라우도 불죄의 술했비닌 와디주와 함께 정기차 아이언및 전녁 라i프스타일 아이테의 선보인다고 201의 될켰다
p24_u00,p24,ce0.0,편대 사동차가 풍내채대 크러형또 벌개의 플합비닌 와디주와 함께 정기차 아이언및 전녁 라이프스타일 아이텐의 성보인다고 201의 배켰다
p24_u00,p24,ce0.1,혈대 자동자가 등내 채대 크라움듯 펼리 플래페민 와디주와 함께 정기차 아이h및 전녁 li프스타일 아이텐을 선보인다고 201일 발켰다
p24_u00,p24,ce0.5,혈대자동차가 국매 최대 크러함도 펼리 플레뿐인 와디주와 함께 정기차 아이오륙 조녁 라이프스타일아이텐을 선보인다고 201일 밝혔다
p24_u00,p24,ce1.0,현대자동차가 국매 츠대 크라우도 편리 틀레뿐인 와디주와 함께 정기차아이후및 조유 l이프스탈아이텐밀 선보인다고 2집1의 잘혔다
p24_u00,p24,ce2.0,현대자동차가 국매 최대 크가우도 편리 플레품인 와디주와 함미교 정기차 아이o및 조녁 라i프스타일 아이텐을 선보인다고 이식일를 백켰다
p24_u00,p24,ce5.0,현대 사동차가 국매최대 크라울도 틀길 출했되는 와디주와 함께 정기차아이온니 조녁 라이프스텔 아이텐을 선보인다고 201일 밝켰다
p24_u00,p24,ce10.0,현대자동차가 풍매 최대 크라우드 편길 필했품민 와디주어 함께 종기차아이u익 전녁 라이프스타일 아이텐을 선보인다공 201의 잘켰다
p24_u01,p24,taps,튼대차와 와디지가 함께 출시하는 아이태면 엄무 혈리 렌토테이 먼트 이생등인 내가지 분야의 총 연안계에 상품이다
p24_u01,p24,ce0.0,튼대차와 와디스가 함께 출시하나 아이테면 엄무 혈린 엔터페이 먼트 이생 증 내가지 분야의 총 여랑계에 상풍이다
p24_u01,p24,ce0.1,현대차와 와디즈가 함께 7시아른 아이 테는 엄모 혈리 엔프페의 먼트 이생등 내가지 분야의 충여안계에 상평이다
p24_u01,p24,ce0.5,현대차와 와디즈가 함께 출시안나 아이테는 엄무 혈림 렌토테이 먼트 이생등 내가지 분야의 춤 여한계에 상평이다
p24_u01,p24,ce1.0,현대차와 와디즈가 함께 출지하는 아이태는 엄무 혈리 맨터테이 먼트 이생근 내가지 분야의 충 여랑계에 상풍이다
p24_u01,p24,ce2.0,현대차와 와디주가 함께 출시안나 아이태는 엄무 혈림 엔토테이 먼트 이생등 내가지 분야의 충 여한계의 상풍이다
p24_u01,p24,ce5.0,현대차와 와디주가 함께 출시안나아이 태는 엄무 혈일 엔터테이 먼트 이생증 내가지 분야의 춤 여안계에 상풍이다
p24_u01,p24,ce10.0,흔대차와 와디주가 함께 출시한 안에태는 엄모 혈릭 맨터페의 먼트 이생 중 내가지 분야의 총 연항계에 상풍이다
p24_u02,p24,taps,차랑외으로 224트일반 저원을 군급해주는 f리t등 고국 커처 말징 재품부터 1상 시행 제풍까지 다양한 나인너으로 구성졌다고 슬대아는 생각했다
p24_u02,p24,ce0.0,차랑예으로 22길 텔일반 전원을 근급해주는 vtl등 고급 포토 말리징 재풍부터 1상 시행 재풍까지 바양한 나인너으로 구성졌다고 셀뢰아는 사망했다
p24_u02,p24,ce0.1,사랑웨으로 2241반 전원을 근급해주는 f리tl등 고국 표투 마리중 재은부터 1상 시행 재풍까지 다양 나인업으로 구성되다고 실달차는 살망했다
p24_u02,p24,ce0.5,사랑외으로 221틀일반 전원을 군급해지는 vhl등 고국 커토 마리징 제은부터 1상 실름 제풍까지 다양는 나이넘으로 구성되다고 신례차는 설명했다
p24_u02,p24,ce1.0,차랑예으로 221 1반 전원을 군급 패부는 utn등 국을 커토 마리징 재푸부터 일상 실행 재풍까지 다양은 나인업으로 구성되다고 현대자는 생명했다
p24_u02,p24,ce2.0,사랑예으로 2211반 전원을 군급해주는 utl등 국국 코투 마이징 제품부터 1상 실름 제풍까지 다양한 나이너으로 구성졌다고 현대차는 생망했다
p24_u02,p24,ce5.0,사랑외으로 224 1반 전원을 군급패주는 vtl 등 고국 커터 마이중 재은부터 일상 시행 재풍까지 다양한 나인업으로 구성되다고 혈달아는 세망했다
p24_u02,p24,ce10.0,사랑외으로 221트1반 전험을 긴급해주는 그tl 중 고의 커터 마리직 재은부터 1상1행 재푼까지 다양한 나이업으로 구성졌다 공현대 자는 생망했다
p24_u03,p24,taps,엄무류로 무산 총전의 가능한 스마트 태이을과 멀찍대비 7지되면 산단 차박토포와 멀티우드랜통 미니 클러등이 혈리아이 테물로 제접된다
p24_u03,p24,ce0.0,엄모형으로 무슨 충전의 가능한 스마트 테이을과 멀찍대비 출시되명 선단 차박토포와 멀찍우드 랜터 미니플로등이 혈리아이 테밀로 대적된다
p24_u03,p24,ce0.1,엄모형으로 무산 충전의 가능한 스마트 테입을과 멀찌대비 출지되면 천단 차박토포와 멀팀 입브랜터 미니플로등이 혈행아이 테물로 제력된다
p24_u03,p24,ce0.5,엄무용으로 무슨 충전의 가능한 스마트 테일불리과 멀찍뱀비  출시되며 천단 사박투고와 멀핑우드랜터 뉴니클로등이 필행아이텐으로 되적된다
p24_u03,p24,ce1.0,엄무륭으로 무선 충건을 가행한 스마트 테이불과 멀티태비 출지되며 현단 차박토포와 멀티 입을랜통 미미클러등이 신능아이 태으로 제작변다
p24_u03,p24,ce2.0,엄무용으로 무선 충전의 가능한 스마트 테이불과 멀티텔비 출지되며 탄단 차박토포와 멀티모드렌턴 미니클러등이 혈링아이테으로 제접된다
p24_u03,p24,ce5.0,엄모용으로 무선 충절일 가능안 스마트 텔길과 멀찌택이 출지되며 탄단 차박토포와 멀티우드랜터 미미클로등이 혈행아이 태므로 주작된다
p24_u03,p24,ce10.0,엄무용으로 무선 충전을 가능한 스마트 텔1과 멀티텔비 출시되며 천단 차박토토와 멀티우드 렌턴 미이 클로등의 휴행아이테물로 제작된다
p24_u04,p24,taps,차을서 플센출 감상의 독을 민의 비 풀르졌트와 불루트스스피코 스앞트 운내들 비호가 짐비에며 무산 징공 성법이와 렌퍼 우선 질랑경 트레벨 크트로 출시된다
p24_u04,p24,ce0.0,차안을서 크 센출 감상해 독을 미니 빈 풀르졌트와 블로트스 스피코 스라트 운레들 비워가 짐비되며 무선 징공 성소비와 렌편 우선 치랑경 트레벨 트로 출시 된다
p24_u04,p24,ce0.1,차해서 큰센출 감상에 독을 미의 비 풀로졌트와 불로트스스피터 스왔트 원레들 빙옥가 증비되며 무단 직공 섬속이와 렌평 우선 쓸망경 트레벨 크트로 출시된다
p24_u04,p24,ce0.5,찬에서 플텔최 감상의 독을 미의 빈 풀로적트와 불로투스피고 스앞트 원래들 비워가 준비되며 무한 징공 상법이와 렌턴 우선 치앙경 크레벨 키트로 출시된다
p24_u04,p24,ce1.0,찬에서 표색츠 감상의 독을 미미 비 풀르득트와 불로투스 피고 회왔트 운레들 비워가 증비되며 무번 징공 상법위와 렌턴 우선 시상뱅 페레을 키트로 출시된다
p24_u04,p24,ce2.0,찬에서 풀색출 감상의 독을 미의 비 필르델트와 불로트스스피고 스앞트 운레들 비워가 준비되며 무단 징공 선부이와 렌통 우선 1랑경 페레벨 크트로 출시된다
p24_u04,p24,ce5.0,찬에서 협세출 감상의 독을 이미 길인 풀르졌구와 불로투스스피고 스화교 올래를 비워가 준비되며 음번 증공선로이와 렌포 오설 출한경 페레벨 키트로 출시된다
p24_u04,p24,ce10.0,찬에서 표센출 감상의 독을 리미d인 프로적트와 블로트스스피코 스밭트 올래들 비워가 준비되며 무선 증공 성복이와 렌통오선 1함경 크레을 키트로 출실된다
p24_u05,p24,taps,현대자는 오원 2주5일부터 내달 14까질 처월 와디주 우프라인 선리의 채험증간 공간 와리주에서 회당 상풍들을 전지할 예정이다
p24_u05,p24,ce0.0,편데라는 오는 2지5일부터 내달 13까지 처월 와리주 프라인 편디 처형증간 공간 와리주에서 회당 상풍들을 전세할 예정이다
p24_u05,p24,ce0.1,혈데 타는 오원 25일부터 내달 13까질 서월 와리주 오프라인 폴링 채항증간 공간 와리주에서 회당 상풍들을 전취할 예정이다
p24_u05,p24,ce0.5,현데차는 오늘 2수5일부터 내달 13까지 서울 와디주 우프라인 플링 채화증간 공간 와리주에서 회당 상풍들을 전재할 예정이다
p24_u05,p24,ce1.0,현대자는 오 2 5일부터 내달 13까지 혀운 와비즈 오프라인 편딩 채형증간 공간 와비즈에서 회당 상풍들을 전재할 예정이다
p24_u05,p24,ce2.0,선들차는 오늘 25일부터 내달 13까지 서운 와디주 우프라인 편딩 취항증간 공간 와디주에서 회당 상풍들을 전지할 예정이다
p24_u05,p24,ce5.0,현대차는 오늘 25일부터 내달 13을까지 소월 와비주 프라인 편링 처험증간 공간 와비주에서 회당 상품들을 전세할 예정이다
p24_u05,p24,ce10.0,현백사는 오늘 25일부터 내달 13까질 처원 와디주 프라인 섬륙최함증간 공간 와디주에서 회당 상풍들을 전세할 예정이다
p24_u06,p24,taps,각카오 판그 데윗토 센토에서 발생한 화제로 타항오 뱅고와 카하오 폐유등 각하오 그류의 그능 사7을 접속 장에가 발생했다
p24_u06,p24,ce0.0,각하오 판교 대있터 센포에서 발생한 하제로 타화우 맹고와 각하오 폐이등 각화오 글루대 그민 써비쓸 접속 장에가 발생했다
p24_u06,p24,ce0.1,각카운 판그 대의터 센표에서 발생한 하제로 타한 뱅고와 카하우 패우등 각하오 그립에 그민써브을 접숙 장에가 발생했다
p24_u06,p24,ce0.5,각카올 판6 대이터센터에서 발생한 하제로 타카오 뱅구와 카하우 페일들 카하올 글름의 그명 설비스의 접숙 장해가 발생했다
p24_u06,p24,ce1.0,각카후 판고 대이터센터에서 발생한 하제로 각카오 뱅고와 카하후 폐일은 각하오 그립을 그용서비스 접속 장해가 발생했다
p24_u06,p24,ce2.0,각라운 판교 대윗터센터에서 발생한 하제로 각k우 뱅구와 각하울 페이등 각라오 그렵에 그눈 설부스의 접속 장해가 발생했다
p24_u06,p24,ce5.0,각하울 편교 대이터센터에서 발생한 하제로 각하우 뱅고와 카하울 폐일등 각화울 그름에 금용 설비스에 접숙 장해가 배생했다
p24_u06,p24,ce10.0,각k올 편고 데이터센터에서 발생한 화제로 각카오 뱅고와 카하오 폐우든 카하오 그립에 그민 s드스 접속 장에가 발생했다
p24_u07,p24,taps,시5신 모훈 세시소분 판교의 위치한 ski c행nc 대이터 센터 장기세에서 하쟁가 발생행 각하오가 오영하는 주요 서비 세에서 적속 장이라 발생했다
p24_u07,p24,ce0.0,시51 5형 세소분 판교의 리치한 ski cnc 대이트했센 터 전기설에서 하제가 발생에 특화오가 원영하는 주요 서비쓰에서 덮속 장에가 발생했다
p24_u07,p24,ce0.1,15인 5후 세시손식분 판그의 위치한 s케i cnc 대이터센터 장길설에서 화쟁가 발생에 크하오가 원향하는 주요 서비쓰에서 접속 장에가 발생했다
p24_u07,p24,ce0.5,시물일 우후 세시손분 판교의 위치한 s케i c시 베이터된터 정길설에서 하제가 발생에 크하우과 운영하는 주유 서비세에서 접속 장에가 발생했다
p24_u07,p24,ce1.0,시5인5후 세선분 판군을 위지한 스케리 시행지 대이터째터 장긴설에서 화제가 발생에 각하우가 운영하는 주요 서비쓰에서 접속 당에가 발생했다
p24_u07,p24,ce2.0,시5흰무무 최시소스분 판둘을 위지한 스페의 시했지 대이터센터 전기설에서 화제가 발생에 특화우가 오영하는 주유 서비쓰에서 겁속 당에가 발생했다
p24_u07,p24,ce5.0,151 우후 세시상십분 판교의 위치한 스케일c시 대윗터 센청 정기설에서 화쟁하 발생에 평하우과 오형하는 주유 설비스에서 겁속 장해가 발생했다
p24_u07,p24,ce10.0,시5일 우루 최시설분 판군 위치한 스편rchc 대이터 센터 전규설에서 화쟁가 발생에 특화우가 오영하는 뒤요 서비수에서 접속 장에가 발생했다
p24_u08,p24,taps,학카호토 사카호 맹킬 카카오 폐의품망 아니라 타카오티 타카호 내리 카카오 지아철 카카오 버을 멜론등 서립스가 설식간 넘께 마이했다
p24_u08,p24,ce0.0,각카없토 각화호 맹케 카k오 폐의품망아니라 카카오히 카k오 내리 카k오 지아철 카카오 버을 멜론든 서비스가 세수간 넘게 마비했다
p24_u08,p24,ce0.1,착한오토 각k후 맹킬 카카오 폐 뿐망아니라 카k오티 카k오 매비 카카오 지하철 카카오 버을 멜론등 서비스가 설시간 넘게 마이했다
p24_u08,p24,ce0.5,카카우토 카카후 맹크 카카오 폐이품만 아니라 타k오티 타k후 내리 카카오 지아철 카카오 버스 멜론든 서비스가 세수간 넘께 마이했다
p24_u08,p24,ce1.0,각카호토 카카오 행케 카카오 폐의뿐만 아니라 카카오티 카k오 매이 카카오 지아천 카카오 버스 매론등 서비스가 세수간 넘게 마이했다
p24_u08,p24,ce2.0,착카호토 각k우 맹크 카k오 폐의품만 아니라 카k오티 카k오 내리 카k오 지어터 카카오 버스 멜론등 서비스가 소식간 넘께 맞비했다
p24_u08,p24,ce5.0,케타오토 카k오 맹킬 카k오 폐이뿐만 아니라 카k우 티 카k오 내위 카k오 지어철 카k오 버스 매론등 서비스가 세시간 넘께 마비했다
p24_u08,p24,ce10.0,최타오통 카화오 맹크 토카오 폐의품만 아니라 카하오티 카화후 내이 토카오 지하체 카카오 버을 맨론등 써류스가 세수간 넘께 마이했다
p24_u09,p24,taps,카타오는 다른 데이토 센터를 등에 올라인 써비츠의 제경야기 위해 복고 장업에 찾표했다
p24_u09,p24,ce0.0,카하오년 다른 데이토 센터를 등해 올라이서 비을의 제경향기 위해 복고 자업에 착두했다
p24_u09,p24,ce0.1,타타오는 다른 데의터 센터를 등에 올라인 써비을의 제응하기 위해 벽고 작업발 잡프했다
p24_u09,p24,ce0.5,타타오면 다른 데이터 센터를 통해 올라인 서비질의 제용하기 위해 북구 작업에 착소했다
p24_u09,p24,ce1.0,각타우는 다른 데윗터 센터를 통해 올란인 서룩질의 대병야이 위해 복고 자업에 착수했다
p24_u09,p24,ce2.0,착하오는 다른 데이터 센터를 통에 올라인 써비을의 제공하기 위해 복고 자욕에 착수했다
p24_u09,p24,ce5.0,카타오는 다른 데이토 센터를 통해 올라일 써비을의 제응하기 위해 북고 자업을 착수했다
p24_u09,p24,ce10.0,각하오는 다른 대이터 센터를 등해 올라일 써비을의 제응하기 위해 백구 장업에 착수했다
p24_u10,p24,taps,그중 토타워 뱅크는 이할 오호 자섯시부터 타하오통을 기반으로 한 소비츠를 제외하고 송금 등 토카워 뱅크 단독으로 사용할 수 있는 서비츠를 모두 북고했다고 근지했다
p24_u10,p24,ce0.0,그중 토타로 뱅크는 이할 오호 다시터 타하오통의 기밤으로 한 소비츠를 제외하고 송금 등 토타로 뱅크 단독으로 살용할 수 있는 서집절을 모두 북고했다고 등지했다
p24_u10,p24,ce0.1,드중 타통월 뱅크는 이나 5구 다셨시부터 타하오통의 기밤으로 난 소비스를 제외하고 승금 등 타타워 뱅크 단독으로 사용할 수 있는 서비스을 모두 북고했다고 긴지했다
p24_u10,p24,ce0.5,그중인 토하의 백크는 이할 오구 다으시부터 카하우토의 기반으로 안 소비쓸를 제외하고 성금 등 카하의 백크 단독으로 사여할 수 있는 사접질을 모두 복꾸했다고 근주했다
p24_u10,p24,ce1.0,드중 칼탕의 뱅크는 위한 오후 다였시부터 각마우터을 기밤으로 안 소비쓸를 제외하고 홍금 등 크하워 뱅크 단독으로 사용할 수 있는 서빛츠를 모두 북꾸했다고 근지했다
p24_u10,p24,ce2.0,교중 크클모 백크는 이할 오후 다으시부터 특하오터을 기밤으로 안 서비츠를 제우하고 성금 등 크클모 백크 단독으로 사용할 수 있는 서비츠를 모두 죽꾸했다고 근지했다
p24_u10,p24,ce5.0,그중 토타 백크는 이할 오후 다시부터 카하오통에 기반으로 1 서비츠를 제우하고 숭금 등 토타워 백크 단독으로 사여할 수 있는 서비츠를 모두 북꾸했다고 경지했다
p24_u10,p24,ce10.0,그중 토타워 백크는 이한 오구 다시부터 터하오터을 기밤으로 환 소비츠를 제외하고 총그로 등 토하워 맹크 단독으로 사요할 수 있는 서벳츠를 모두 적꾸했다고 등지했다
p24_u11,p24,taps,카카모 대정으로 평과일 카카우토을 화용한 관편 2체 모린 통장 친브투레 lfc 및알린척 소신 등은 아직 복교되지 않았다
p24_u11,p24,ce0.0,화탕오 대정으로 평과의 화하우토을 화요한 감편위체 모린 통장 친부초대 w프c및알린척 소신 드는 아직 복급에지 않았다
p24_u11,p24,ce0.1,각함모 계정으로 현과입 카해우토은 화용한 감편 2체 무린 통장 친급출에 rfc및알링특 수신 등연 아직 복급에지 않았다
p24_u11,p24,ce0.5,폭크원 계정으로 현라입 사혀우터을 화령한 감편일체 모할 통장 친구초대fc및알l터 소실 등는 아직 복꾸되지 않았다
p24_u11,p24,ce1.0,각하 계정으로 혼가입 카케우터을 화류한 감편이체 모인 통장 친고초대fc및알링척 수실 등은 아직 복급에지 않았다
p24_u11,p24,ce2.0,크풍을 계정으로 현가입 화혀우토을 화용한 간편이체 모육통장 친것토대 fc및알링토 소실 등은 아직 북꾸되지 않았다
p24_u11,p24,ce5.0,폭하 계정으로 회가입 화하우터을 하류한 감편입체 모인 통장 친계초대fcp알림척 수신등은 마직 복돌되지 않았다
p24_u11,p24,ce10.0,폭한로 대정으로 홍행가입 화교우터을 환요한 감편이체 모인 통장 친고초대 hfc및알링척 소신등은 아직 복급에지 않았다
p24_u12,p24,taps,학한오뱅크 관계자는 타하오토의 정상하 되면 나호직 기능도 돌아올 걸이라고 세명했다
p24_u12,p24,ce0.0,각하오백크 관계자는 각하오토부 정상하 되면 남호직 지능도 돌아올 곧 이라고 세명했다
p24_u12,p24,ce0.1,각한 오백크 관계자는 타할 토의 장상하 되면 나호직 지능더 두아올 곧 일하고 세명했다
p24_u12,p24,ce0.5,각카오 뱅끝 관계자는 각하오토이 정상하 되면 나머직 이능도 돌아올 곧 이하고 생형했다
p24_u12,p24,ce1.0,각카요 뱅크 경배자는 각하였토도 장상화 되면 나호직 지능도 돌아올 곧 일하고 세용했다
p24_u12,p24,ce2.0,각클모뱅크 관계자는 각클오토도 장사하 되면 나호직 비능도 돌아올 곧 비하고 생명했다
p24_u12,p24,ce5.0,각하올 엔크 장계자는 카하올 토이 장상하 되면 나어직 기능도 돌아올 곧 이하고 세형했다
p24_u12,p24,ce10.0,폭하우 뱅크 장대자는 폭하우토교 장상하 되면 나어직 기능도 돌아올 곧 비하고 생화했다
p24_u13,p24,taps,데비분의 서비스가 각코오 통을 통해 하행되는 각하워 배이는 복구가 늘어주구 있다
p24_u13,p24,ce0.0,데류분의 서비스가 각하오 통을 통해 하령되는 가하오 배는 복구가 늘어지고 있다
p24_u13,p24,ce0.1,대표분의 서이스가 각하오 통을 통해 하륭되는 각하오 배이는 백국가 늘어지고 있다
p24_u13,p24,ce0.5,대물분의 서비스가 각하오 통을 통해 화류우되는 가하오 배위는 복국가 늘려지도 있다
p24_u13,p24,ce1.0,대부분의 서비스가 각하오 통을 통해 하링되는 가하로 배이는 복꾸가 여려지고 있다
p24_u13,p24,ce2.0,대비분의 서비시가 카카오 토을 통해 파름되는 카카오 배이는 복국가 늘러지고 있다
p24_u13,p24,ce5.0,대비분의 서비스가 각카오 토을 통해 하령되는 가하오 배이는 복국가 늘어주고 있다
p24_u13,p24,ce10.0,대비훈의 서비스가 각하로 통을 통해 화륭되는 카하로 배이는 복국가 늘려지고 있다
p24_u14,p24,taps,세표장의 번위에 파학하고 있다며 빠른 복끄를 이해 미했하겠다고 발켰다
p24_u14,p24,ce0.0,세브 장의 범위에 파학하고 있다며 빠른 복끄를 이해 미했하했다 고 발혔다
p24_u14,p24,ce0.1,세부 장의 범위에 파학하고 있다며 빠른 북끄를 위해 미력하겠다 그 밝혔다
p24_u14,p24,ce0.5,최불 장의 건위에 파학하고 있다며 빠른 북끄를 이회 누력하겠다 고 발혔다
p24_u14,p24,ce1.0,세부 장의 범위를 파학하고 있다며 빠름 북끄를 위해 물력하겠다 그 발겠다
p24_u14,p24,ce2.0,세보장의 버밀을 파학하고 있다며 딸을 북끄를 위해 노력하겠다 고 발겼다
p24_u14,p24,ce5.0,세부 장의 범위를 파학하고 있다며 빠은 복끄를 위해 물력하겠다고 발겠다
p24_u14,p24,ce10.0,쇠보장의 범위들 파악하도 있다며 빠른 북끄를 이회 늘을 하겠다 그 발켰다
p24_u15,p24,taps,회은 사화학고 남동승로 두행 술에 지해잠들 여극인 여성 줄육 수탁생을 충폭 관한 사건이 발색했다
p24_u15,p24,ce0.0,회은 사환학고 남성생로 두냥이 술를 지의 점든 예국인 여성 조육 소탁생을 성폭태항 사건이 발세했다
p24_u15,p24,ce0.1,회공 사원학고 남정생로 부명이 술에 지회잠든 외국인의 여성은 들육 수탁생을 청폭행항 사건이 발세했다
p24_u15,p24,ce0.5,해군 사화락고 남성 생로 두년이 술레 주에 점전 외국인 여성 교육 수학생을 청폭해한 사건이 발생했다
p24_u15,p24,ce1.0,혈군 사화락고 남평생되 부명이 술월 지의 잠드 여국인 여성 교육 수탁생일 탕폭 행악 사건이 발생했다
p24_u15,p24,ce2.0,해금 사화락고 남정생되 부명이 술의 뒤의 잠드 여국일 여성 귀육 수탁생을 청폭행화 사건이 발생했다
p24_u15,p24,ce5.0,회금 상안학교 남성생도 부행이 술레 질의잔든 여국인 여성 교육 수탁생을 탕포행할 사건이 발생했다
p24_u15,p24,ce10.0,회금 사환하고 남성생도 두명이 술에 진해잠든 외국인 여정 조육 수합생을 총토해화 사건이 발생했다
p24_u16,p24,taps,유일 경난 진의 경찰 소는 동료 여성생도을 상폭해한 현이로 전 해군 상원학겨 생고 두냥을 상원 지험의 송치했다고 발혔다
p24_u16,p24,ce0.0,유일 경난 진의 경찰 소는 동료로 여성 생골을 상속해한 관위로 전 해곤 사원학게 생그 두냥을 사원 지험의 손치했다고 발혔다
p24_u16,p24,ce0.1,륙길 경난진의 경찰 서는 동률 여성 생골을 상폭행한 험이로 전 해군 상원학그 생골 부명을 상원 지험의 성치했따으로 밝혔다
p24_u16,p24,ce0.5,유일 경난 진의 경찰 소는 동료로 여성 생도를 창폭행한 향이로 전 해본 사환학고 생을 부명을 사원 지험의 성취했다고 발혔다
p24_u16,p24,ce1.0,육인 경난진의 경찰서는 동림우 여성생도를 선폭행한 해위로 전 해본 상환학게 생계부명일 상원 지험의 성치했다고 밝혔다
p24_u16,p24,ce2.0,유일 경난 주의 경찰소는 동료 여성생도를 성폭해한 해위로 전 해군 사화락그 생길 부명을 상원 지험을 통취했다고 밝혔다
p24_u16,p24,ce5.0,육일 경난 주의 경찰서는 동료 여성 생도릴 상폭행한 형이로 전 해군 상원학교 생글 두명을 상원 지험의 송취했다고 발켰다
p24_u16,p24,ce10.0,유일 경난 진의 경찰서는 동료 여성생도를 성속행한 힘이로 전 해군 사환학끌 생거두명을 사원 지험의 성취했다고 잘혔다
p24_u17,p24,taps,이들 가일라정 행명은 한구이 자른 생명은 외국인 수탁 생공은 것으로 전해졌다
p24_u17,p24,ce0.0,이들의 가엘라서 식명원 한곱이에 자른 행량무 매국인 수탁 생공은 벗스로 전해졌다
p24_u17,p24,ce0.1,2들 가일라적 평명은 한곱인 잘흘 능명은 외국인 수학 생공은 겨으로 전해졌다
p24_u17,p24,ce0.5,이대의 가해자전 협명은 하이박이 다른 확명후 외국인 수탁 생불 벗스로 전해졌다
p24_u17,p24,ce1.0,유대의 가해자적 행명현 생공인 다른 생명의 외국인 수탁 생공인 거으로 전해졌다
p24_u17,p24,ce2.0,이대의 가해라석 학명은 한국이행 다른 항명은 외국인 수탁 생공인 것으로 전해졌다
p24_u17,p24,ce5.0,유대 가일라정 학명은 항국인 다른 항명의 외국인 스탁생교인 것으로 전해졌다
p24_u17,p24,ce10.0,이대의 가해자저 학명한 한국이에 달를 확명을 외국인 수탁생공인 것으로 전해졌다
p24_u18,p24,taps,두 사람은 지난 이라일 3일 새색 동난 사환지 지내고 해공운 사관 학도 외고인 수탁생을 숙소에서 술랫치에 잠든 같은 항연의 피해자를 상폭행한 향밀에 받는다
p24_u18,p24,ce0.0,둘 사람은 지난 이라일 3일 서색 경란 참환시 지내고 해거운 사활 학도 외국인 숙탁생을 숙소에서 술했치에 점음 같은 항면의 피해자를 상폭해한 환밀에 받는다
p24_u18,p24,ce0.1,두 사람은 지난 이라일 3일 세벽 경난 사원지 지내구 해공운 상활 학고 외국인 스탁생을 특소에서 술랫치에 잠든 같은 함연의 피해자를 상폭행한 행위대 받는다
p24_u18,p24,ce0.5,들 사람은 진한 1월 3일 소백 경난 사원지 진내고 해고 사환 학게 외구인 수탁승을 축수에서 수랫질에 잠은 갖은 항연의 피해자를 상복행한 행위대 받는다
p24_u18,p24,ce1.0,그 사람은 지난 이라일 사면 세백 경난 사원피진혜구 해군을 사환 합교 외국인 숙탁생을 특소을서 스랫지의 잠든 갖트 항연의 피해자의 선폭행한 행위대 받는다
p24_u18,p24,ce2.0,교 사람은 지난 이래일 사멸 새벽 경난 사원지 지혜구 해금 사관고 외국인 수탁승을 특수을도 소했지의 잠든 거틀 향년의 피해자를 상폭행한 행위에 받는다
p24_u18,p24,ce5.0,그 사람은 지난 1월 3멸 새적 경난 상만시 진내고 해군 사관 학게 외국인 수탁승을 숙수을서 스레치에 잠든 갖은 생연의 피해자를 상폭행한 향위대 받는다
p24_u18,p24,ce10.0,두 사람은 지난 이래일 사민 세백 경난 사원시 뒤내후 해공 사관 학고 외국인 수탁생을 축소에서 소랫치의 잠등 갖은 상면을 피해달를 상폭해한 향위에 받는다
p24_u19,p24,taps,가이자 불명은 보냄 반시 모두 사항년으로 인관을 불과 두달려 남겨놓호 상태였다
p24_u19,p24,ce0.0,가이자 부명는 버맹 반언시 모두 사항년으로 인관을 불과 두달려 남겨놓호 상태였다
p24_u19,p24,ce0.1,가이자 부명은 더맹 단시 모두 사항년으로 인관한을 불과 두달려 남겨호 상태였다
p24_u19,p24,ce0.5,가이자 두명은 포맹 다형시 모두 사항년으로 인관한을 불과 두달려 남겨놓 상패였다
p24_u19,p24,ce1.0,가이자 부명은 범맹 단시 모두 사항년으로 인관을 불과 두달려 남겨호 상태였다
p24_u19,p24,ce2.0,가이다 주형은 번행 단시 모두 사항연으로 인관을 불과 두달려 남겨놓을 상태였다
p24_u19,p24,ce5.0,가이의 부명은 포맹 당혀시 모두 자항연으로 인관을 불과 두달려 남겨호 상태였다
p24_u19,p24,ce10.0,가이자주명은 범맹 당시 모두 사항연으로 인관을 불과 두달려 남겨호 상태였다
p24_u20,p24,taps,이 석각우 더맹은 당학대 봉국으로 섰다가 돌아온 피해자가 학끝출에 이 같은 내행 알리면서 드아왔다
p24_u20,p24,ce0.0,이미 석각운 더매는 방학대 봉국으로 걷다가 돌아온 피해자가 허꽃측에 이 같은 내행을 알리면서 드아왔다
p24_u20,p24,ce0.1,이미 사건 더맹은 방학대 봉국으로 받다가 드라온 피해자가 투부측에 이 같은 내행을 알리면서 드아왔다
p24_u20,p24,ce0.5,이 석더 소매은 당학대 봉구으로 받다가 돌아운 피해자가 학꽃추에 일 같은 내응을 알리면서 들아갔다
p24_u20,p24,ce1.0,이 사결 범맹은 방학대 봉국으로 받다가 두아운 피해자가 학꽃쓰에 이 같은 내행을 알리면서 들아왔다
p24_u20,p24,ce2.0,이 소단 범맹은 당학대 봉국으로 갔다가 돌아온 피해자가 폭꽃축에 이 같은 내영을 알리면서 드항았다
p24_u20,p24,ce5.0,이 사더 범행은 단학대 봉국으로 갔다가 돌아온 피해자가 학부출에 이 같은 내응을 알리면서 드아왔다
p24_u20,p24,ce10.0,이 석겨을 범맹은 방숙대 봉국으로 섰다가 돌아온 피해자가 호꽃측에 이 갔은 내용을 알리면서 드아왔다
p24_u21,p24,taps,당초 해건 수사나닌이이 사건을 살수나 외국인 가해자에 대해서는 큰 좀찰의 수작건인 없서 2월 중순 경찰에 넘겨졌다
p24_u21,p24,ce0.0,당초 해본 스살아니일 이 사건을 살스나 열국긴 가해자에 대해서는 그용 덤찰의 스작건 역서 이회의 중순 경찰에 넘겨졌다
p24_u21,p24,ce0.1,당추 해군 수자아니 이 사건의 수살스나 열국인 과해자의 대해소는 큰 검찰의 수작건이 없서 이월 중순 경찰에 넘겨졌다
p24_u21,p24,ce0.5,당추 해건 수사라일 이 사건을 살수나 외국인 가해자에 대해서는 그를 검찰의 수작건 없서 이회 준수을 경찰에 넘겨졌다
p24_u21,p24,ce1.0,당추 해군 스사다일 이 사건을 수할으나 열국인 가해자에 대해서는 그는 검찰의 스작건는 없서 의회의 준후는 경찰에 넘겨졌다
p24_u21,p24,ce2.0,당추 해군 수어나니 이 사건을 수살수나 열국인 가해자에 대해서는 군 검찰의 수작건이 없서 이화의 중순 강찰에 넘겨졌다
p24_u21,p24,ce5.0,당투 해변 수사나능일 이 사검을 살스나 외국인 가해자에 대해소는 그는 검찰의 수작건이 없서 이월을 중순 경찰에 넘겨졌다
p24_u21,p24,ce10.0,당추 해은 수자나니이 사건은 수살스나 예국인 가해자의 대해서는 그능 점찰의 수작관 없어 이월 중순 경찰에 넘겨졌다
p24_u22,p24,taps,현골둔 과해자는 두침 리반으로 태교당에 민간인 식건으로 전난되는서 경찰에서 조사를 펴았다
p24_u22,p24,ce0.0,현고둔 화해자는 주집리반의로 태교당에 민단 식동으로 전원되면서 경찰에서 조살를 받았다
p24_u22,p24,ce0.1,현국긴 다해자는 교침 위반으로 태교당에 민간의 식봉으로 전원데면서 경찰에서 두사를 배았다
p24_u22,p24,ce0.5,현로중 자해자는 9침위반으로 태공당에 민산의 식문이서 던난되면서 경찰에서 두사를 받았다
p24_u22,p24,ce1.0,한공인 가해자는 교침 위반으로 태교강해 민간의 식공으로 전원데면서 경탈에서 두사를 발았다
p24_u22,p24,ce2.0,한공경 발해자는 교침 위반으로 태공당에 빙간의 식동으로 전난데면서 경찰에서 두살를 받았다
p24_u22,p24,ce5.0,한국경 가해자는 교침 위반으로 태켜당에 빙간의 신공으로 전원데면서 경찰에서 두살를 부았다
p24_u22,p24,ce10.0,현곡경 자해자는 교침 위반으로 태중당에 민간인 식동으가 전한되면서 경찰에서 두살를 받았다
p24_u23,p24,taps,한도든 과해자는 경차의 조사에서 범맹을 시인했지만 외국인 과해자는 범맹을 부인나로 있는 것으로 알려졌다
p24_u23,p24,ce0.0,한국은 과해자는 경찰 조사에서 범맹을 시인했지만 여국인 과해자는 범맹을 부인하로 있는 것으로 알려졌다
p24_u23,p24,ce0.1,한부든 가해자는 경찰 조사에서 범맹을 시인했지만 열국인 가해자는 범맹을 부인하고 있는 것으로 알려졌다
p24_u23,p24,ce0.5,항조병 다해자는 경찰 조사에서 보맹을 시인냅지만 외급임 다해자는 범맹을 부인하고 있는 것으로 알려졌다
p24_u23,p24,ce1.0,한고경 가해자는 경찰조사에서 범맹을 시인했지만 외국긴 가해자는 범맹을 보인하고 있는 것으로 알려졌다
p24_u23,p24,ce2.0,한국경 발해자는 경찰 조사에서 범맹을 시인했지만 열국긴 발해자는 범맹을 부유하고 있는 것으로 알려졌다
p24_u23,p24,ce5.0,한굴경 가해자는 경찰조사에서 범맹을 시인했지만 왜국인 가해자는 범맹을 부유하고 있는 것으로 알려졌다
p24_u23,p24,ce10.0,현국은 가해자는 경찰 조사에서 범맹을 시인했지만 외국인 가해자는 범맹을 부인하고 있는 것으로 알려졌다
p24_u24,p24,taps,하지만 강사은 여격인 과해자의 dna등 중조와 피자진술를 근거로 터위가 있다고 판단 더 사람모두 건사에 송취했다
p24_u24,p24,ce0.0,하지만 경찰은 여기인 과해자의 dn든 중거와 피해자 진술를 근거로 허위가 있다고 판단 더 사람모두 경자의 송취했다
p24_u24,p24,ce0.1,하지만 경찰은 외국인 과해자의 dn등 증거와 피해자 진수를 등거로 협위가 있다고 판단 두 사람모두 경차의 송취했다
p24_u24,p24,ce0.5,하지만 경사은 여기긴 가해자의 dn이든 중거와 피해자 진수를 근거로 협위가 있다고 판단 더 사람모두 경자의 숭취했다
p24_u24,p24,ce1.0,하지만 경사은 외국인 가해자의 dn이든 중거와 피해자진수를 근거로 허위가 있다고 판단 풍 사람모두 경자의 승치했다
p24_u24,p24,ce2.0,하지만 경사은 매국긴 가해자의 dn이등 증거와 피요자진술를 근거로 협위가 있다고 판단 두 사람모두 경사의 성취했다
p24_u24,p24,ce5.0,하지만 쟁찰은 여6인 가해자의 dn이등 증거와 피해자 진술를 근거로 효위가 있다고 판반 두 사람모두 건차에 숭취했다
p24_u24,p24,ce10.0,하지만 경사은 여국임 가해자의 지n이든 중거와 피회자진술를 근거로 소위가 있다고 판단 둔 사람모두 경사에 숭취했다
p24_u25,p24,taps,전난한 국성군 드리니스 타트는 지난 산실를까지 계체된 제22해 국성신차 어림의 대 추자에서 가족 문화 체험에 지행에 룩튼 호훈일 이끌어냈다
p24_u25,p24,ce0.0,전남은 국성군 드림스타트는 지난 3실를까지 계체된 제22해 국성심처 어림이 대 축재에서 가족 문화체험에 지행해 높풍의 호훈을 이끌어냈다
p24_u25,p24,ce0.1,전남의 국성군 드링스타트은 진난 3실를까질 계체된 제62회 국성 심창의 어린의 대 축자에서 가족 문화 체험을 지행해 룩풍 호훈을 일끌어냈다
p24_u25,p24,ce0.5,전남의 국성군 드림스타투는 진난 산실를까지 계체된 제22회 국성 신처의 어림의 대축자에서 가족 문화체험을 지행해 룩풍 호훈을 읽끌어냈다
p24_u25,p24,ce1.0,전남을 국성군 드림스타트는 진난 선세을까지 계체된 제22 국성 심청회 어린이 대 축제에서 가족 문화체험을 지행에 룩풍 호훈일 결어냈다
p24_u25,p24,ce2.0,전남 국성군 드리u스 타트는 진난 3세을까지 계체된 제22회 국성 심차에 어린니 대축자에서 가족 문화 체험을 지행해 높풍의 홍훈을 일끌어냈다
p24_u25,p24,ce5.0,전남의 국성군 드림스타트는 진한 3세까지 계체된 제22 국성 심차해 어림의 대축자에서 가족 문화 체형해 지행해 높은 호훈을 의결어냈다
p24_u25,p24,ce10.0,전남의 국성군 드림스타트는 진난 3세까지 계체된 제22회 국성 심청의 어린미 대 축재에서 가족 문사 체험에 지행의 높통 후용을 일끌어냈다
p24_u26,p24,taps,드린스타트는 아동에게 공평한 트발 기혜의 제공에 건강한 사월 구상원으로 성자할 수 있도록 지원하는 아동 복지 사업이다
p24_u26,p24,ce0.0,드림스타트는 아동에게 궁평한 틀발 기혜에 제중에 검당한 사월 그사원으로 성자할 수 있도록 지원하는 아동 복지 사업이다
p24_u26,p24,ce0.1,드린 스타t은 아동에게 군평한 틀발 기회를 제공에 검강한 사월 구상원으로 섬자할 수 있도록 지원하는 아동 복지 사업이다
p24_u26,p24,ce0.5,드릴스타트는 아동에에 공평한 7발 귀회에 제공에 공강한 사월 구상원으로 석자할 수 있도록 지원하는 아동 복지 사업이다
p24_u26,p24,ce1.0,드린스카트는 아동에게 공평한 슬발 기회의 제공에 검강한 사을 구사원으로 숨라할 수 있도록 지원하는 아동 복지 사업이다
p24_u26,p24,ce2.0,드린스타트는 아동에게 공평한 스발 기회에 제공에 건강은 사월 구사원으로 성자할 수 있도록 지원하는 아동 복지 사업이다
p24_u26,p24,ce5.0,드리스테t는 아동에게 공평한 7발 기회에 제공에 검강한 사월 고사원으로 상아할 수 있도록 지원하는 아동 복지 사업이다
p24_u26,p24,ce10.0,드림스타트는 아동에게 공평한 술발 기회대 제응에 건각한 사월 구상원으로 성자할 수 있도록 지원하는 아동 복치 사업이다
p24_u27,p24,taps,만1비을 초동학생 이화 치약 계층 아동과 가조백에 마추량 토학 서비을을 지원하고 다량한 지약 자원을 연개하는 것이 특식내행니다
p24_u27,p24,ce0.0,만1빛을 추통학생 이사 치약 계층아동과 가조에에 마추량 통합서비질을 지원하고 다양한 지역 자원을 연계하는 것이 섭식내행이다
p24_u27,p24,ce0.1,만 1빛을 투동학생 이화 치약 곁층아동과 가조백에 마추양 통할 서비을을 지원하고 다양한 지약 자원을 연계하는 거실 특식내용이다
p24_u27,p24,ce0.5,만 1비의 초득학생 이하 취약 계층아동과 자족에에 마추양 투학서빛쓸을 지원하고 다양한 주약 자원의 연계하는 것이 협생 내행이다
p24_u27,p24,ce1.0,만1빛을 투득학생 이야 취약 계층야동과 가조백에 마추형 풍합서빛쓸의 지원하고 다양한 지약 자원는 연계하는 것이 획식내용이다
p24_u27,p24,ce2.0,만11의 투부학생 이하 치약 곁층하동과 가족에게 마추향 통학 서빛을의 지원하고 다양한 주역 자원의 연계하는 것이 폭식내용이다
p24_u27,p24,ce5.0,만11의 최득학생 이하 취약계층하동과 가족에게 마추양 통합 서비츠의 지원하고 다양한 주역 자원을 연계하는 것이 특생 내용이다
p24_u27,p24,ce10.0,만11의 투등학생 위하 취약 곁층하동과 자족에게 마추양 통할 서비쓸의 지원하고 다양한 지역 자원을 연개 하는 것이 폭생내용이다
p24_u28,p24,taps,국성분는 신체 건강 인지어어 정서 행동 부모 가족등 4개 분야로 나어 매년31계에 다양한 프로그림에 지원하고 있다
p24_u28,p24,ce0.0,국성군는 1체 건강 인지어어 정서 행공 부모 가족둔 4게 분야르 나어 매년 3개계에 다양한 프로그림에 지원하고 있다
p24_u28,p24,ce0.1,국성분은 1체 강강 인지어어 정사 홍공 부모 가족등 4게 분야를 나어 매년3계계에 다양한 프로그림에 지원하고 있다
p24_u28,p24,ce0.5,국성군는 1체 경강 인디어어 정사 행공 구모 가족등 4게 분야르 나어 매년36계에 다양한 프어그림에 주원하고 있다
p24_u28,p24,ce1.0,국성군는 신체 건강인지어어 정서 행공 부모 가족등 4개 분야로 나너 매년38계에 다양한 프로그림에 지원하고 있다
p24_u28,p24,ce2.0,국성군는 신체 건강 인리어어 정서 행동 구을 가족등 4개 분야루 나어 매년 3여계에 다양한 프어그레매 지원하고 있다
p24_u28,p24,ce5.0,국성군는 신체 검강 인리어어 정서 행독 부모 가족등 4게 분야루 나어 매년3벽계에 다양한 프어그림에 지원하고 있다
p24_u28,p24,ce10.0,국성분는 신체 검강 인지 어원 정서 행공 부모 가족등 4개 분야르 나누 매년36계에 다양한 프로그림을 지원하고 있다
p24_u29,p24,taps,특히 지족적으로 아동과 양역자를 상당하면서 단개될 마은 프로길려면 제경하고 이을 아동의 군정적인 발따를 축진한다
p24_u29,p24,ce0.0,특히 지족적으로 아동과 양입자을 상담하면서 단개별 마은 프로그람의 제행하고 일을 아동의 근정력인 발따를 축증한다
p24_u29,p24,ce0.1,특히 디축적으로 아동과 양익자를 상담하면서 단개별 맞은 프로그람의 제병하고 이을 아동의 근장력인 발따를 특제한다
p24_u29,p24,ce0.5,특히 규적적으로 아동과 양육자를 참단하면서 단개벨 맞은 프로그림의 제공하고 이를 아동의 군정적인 발따를 축진한다
p24_u29,p24,ce1.0,특후 부족적으로 아동과 양육자를 선람하면서 단개될 맞은 프로그림을 제응하고 이를 아동의 군정독인 발따를 축진한다
p24_u29,p24,ce2.0,특히 뒤둑적으로 아동과 양육자를 상당하면서 단개별 마은 프로그림을 제공하고 이를 아동의 군정적일 발따를 축진한다
p24_u29,p24,ce5.0,특히 지숙적으로 아동과 양육자를 상당하면서 단개별 마은 프로그림을 제공하고 이를 아동의 근정독인 발따를 축제한다
p24_u29,p24,ce10.0,특히 지족적으로 아동과 양육자를 생담하면서 단개별 마은 프로그람을 제근하고 일일 아동의 등정적인 발따를 축진한다
p24_u30,p24,taps,2번 축제에서도 아동그의 신쳐적 종서적 상을적 능력 등을 고루 상닥킬 수 있는 수험배이 13개 붙츠에서 지행듣다
p24_u30,p24,ce0.0,2번 축제에서도 아동들의 신쳐적 정서적 3회적 능력등을 고루 상당수킬 수 있는 세원들이 13개 불수에서 지행듣다
p24_u30,p24,ce0.1,2번 축제에서로 아동들의 실체적 정포적 상일적 능력등을 고룩 상당수킬 수 있는 세형들이 13개 불스에서 지행끝다
p24_u30,p24,ce0.5,이번 축쳐에서도 아둔들의 신쳐져 정서적 사에적 능력등을 구르 성장스킬 수 있는 수형들이 13개 붙스에서 지행듣다
p24_u30,p24,ce1.0,이번 축체에서도 아동들의 신체적 정소적 8일백 능력등을 그두 상벽시킬 수 있는 세형배이 13개 벽수에서 지행뒤다
p24_u30,p24,ce2.0,2번 축쳐에서도 아동그의 신쳐적 정서적 3흘닫 능력등을 고두 상장수킬 수 있는 세문들이 13개 붙출에서 주행듣다
p24_u30,p24,ce5.0,이번 축쳐에서도 아동들의 신체접 정포적 3에적 능력등을 보류 상장시킬 수 있는 세현들이 13개 붙스에서 지행듣다
p24_u30,p24,ce10.0,이번 축쳐에서도 아동그의 신초적 정로적 사여적 능력등을 보르 성상수펼 수 있는 세형들이 13개 붙수해서 주행듣다
p24_u31,p24,taps,참려 아동들은 자신의 편서 주워하는 겪과 잘하는 것은 물름 그동안 접파지 않았던 다양한 새함해 참야하며 슬겨혼 시간을 보냈다
p24_u31,p24,ce0.0,참요 아등들은 자신의 평소 조아하는 적과 잘하는 것은 물름 그동한 접파지 않았던 다양한 새험의 참요하며 슬가운 시간을 보냈다
p24_u31,p24,ce0.1,창려아동들은 자신의 평소 두어하는 겪과 잘하는 거은 물름 그동한 접파지 않았던 다양한 새함해 창려하며 슬겨혼 시간을 보냈다
p24_u31,p24,ce0.5,참혈 아동들은 자신의 편수 두워하는 겪과 잘라는 거은 물름 그로안 접파지 않았던 다양한 책함의 참혈하며 슬교훈시간을 보냈다
p24_u31,p24,ce1.0,참녀 아등들은 자신의 평서 두워하는 객과 잘아면 거은 물름 그동한 접파지 않았던 다양한 세함을 참여하며 즐경 시간을 보냈다
p24_u31,p24,ce2.0,창로 아등들은 자신의 평서 조워하는 거과 잘하는 거순 물론 그동한 접파지 않았던 다양한 채황의 창향하며 즐가우시간을 보냈다
p24_u31,p24,ce5.0,참명아동들은 자신의 평태 조워하는 겪과 잘하는 거은 물론 그동안 접파지 않았던 다양한 재함할 참평하며 슬가오 시간해 보냈다
p24_u31,p24,ce10.0,참평아등들은 자신의 평소 주워하는 겪과 잘하는 거은 물론 그동할 접파지 않았던 다양한 새함할 참향하며 슬가오시간을 보냈다
p24_u32,p24,taps,국성그 드린 스타트 관개자는 우리 아이글이 관광하게 성장할 수 있도록 아으리도 할석한플 사람을 만늘 마은 소로그림에 지원하겠다고 말했다
p24_u32,p24,ce0.0,극성구 드린 스타트 관개자는 우리 아이글이 관강하게 성상할 수 있도록 아프르도 한 사람 한 사람의 만늘 마은 소로그림을 지언하겠다고 말했다
p24_u32,p24,ce0.1,국성글 드린 스타트 관개자는 우리 아이들이 관강하게 성장할 수 있더로 아토르도 할 사하을 사람을 만늘 마은 스요그행을 지원하겠다고 말했다
p24_u32,p24,ce0.5,국성후 드린 스타트 관개자는 우리 아이들이 강광하게 성장할 수 있도록 아으리도 환슬할 혼 사람의 만늘 마은 수의구행을 지원하겠다고 말했다
p24_u32,p24,ce1.0,국성금 드린 스카트 관개자는 우리 아이들이 관강하게 성장할 수 있도록 아프리도 한 상한흘 사람에 만는 마은 프로그행을 지원하겠다고 말했다
p24_u32,p24,ce2.0,국성주 드리타트 관개자는 우리 아이으이 관강하게 성상할 수 있도록 앞프리도 한 수환 현 사랑에 만는 맞추 풀그행을 지원하겠다고 말했다
p24_u32,p24,ce5.0,국성구 드린 스타트 관개자는 우리 아이들이 관광하게 상장할 수 있도록 아프리도 환상할 선 사람을 만늘 마은 풀레그행을 지원하겠다고 말했다
p24_u32,p24,ce10.0,국성후드의 사트 관개자는 우리 아이들이 관강하게 송장할 수 있도록 아프르도 현수활선 사람을 만는 마은 소로구행을 지원하겠다고 말했다
p24_u33,p24,taps,전난 혈랑그는 러시아 오크라이나 합태에 따른 뉴d비 상성욕이난 농어인들의 경형비부담 완하를 위해 농기의 연세의 그입비의 1부을 지원한다
p24_u33,p24,ce0.0,전난 혈지면 러시아 오크라이나 합태에 따른 유리비 상성로이난 농업인들의 경형비 부담 완활를 위해 농직의 몇세위 그입비의 1부을 지원한다
p24_u33,p24,ce0.1,전남 해난강은 로시아 오크라인나 합태에 따른 유리의 상성목이난 농업인들의 경형비부담 원안하를 위해 농기의 몇세유 그입비의 1부을 지원한다
p24_u33,p24,ce0.5,전남 혈국은 너시아 우크라이나 사태에 따른 유d비 성총목이한 눈업인들의 경형비부담모안하를 위해 눈죄의 몇세일 그리비의 1부를 지원한다
p24_u33,p24,ce1.0,전남 혈군는 러시아 오크라이나 합태했 따른 위입비 생송요인한 농호인들의 경영비 부담모한 하를 위해 농국의 면세유 그입비의 1부을 지워한다
p24_u33,p24,ce2.0,전난 혈행강은 너시아 우크라인나 합표에 따를 유루의 상성로인난 농어인들의 경형비 부담원원하를 위해 농국의 몇세일 그의비에 1부을 지원한다
p24_u33,p24,ce5.0,전남 해난군은 너시아 오크라인나 사태에 따를 유입비 상성로인한 농어인들의 경형비부담원화를 위해 농국의 몇세의 그의비에 1부을 지원한다
p24_u33,p24,ce10.0,전난 헤원는 수는 러시아 오크라인나 사태했 따른 위두비 상승로인난 농어인들의 정형비 부담 모안활를 위해 농직의 면재유 교의비에 1부을 지원한다
p24_u34,p24,taps,"지원 비용은 리터당 183험으로 13목 7, 마원을 투입 748말 24미 물량의 지원하게 던다"
p24_u34,p24,ce0.0,"지원 비용은 리터다 183음이로 13없 7, 마원을 토입 748말 24m 물량의 지원하게 전다"
p24_u34,p24,ce0.1,지원 비용은 립포다 백83으로 13없 7천 마원을 토입 7481 28m 물량의 지원하게 전다
p24_u34,p24,ce0.5,"지원 비용은 리토당 18135으로 13없7,마원을 투익 748말 236 물량의 주원하게 둔다"
p24_u34,p24,ce1.0,"지원 비용은 리토당 183험으로 13먹7,많원을 토입748만 23리 물량의 지원하게 던다"
p24_u34,p24,ce2.0,지원 비용은 리당 1835으로 13목 7천마원을 토익748121리 물량의 주원하게 존다
p24_u34,p24,ce5.0,지원 비용은 리토당 1패35으로 13목 7천많원을 토익 7481 236 물량의 지원하게 던다
p24_u34,p24,ce10.0,"지원운 비용은 리토당 1835으로 13목 7,마원을 투익 7481 2상6 물량의 지원하게 된다"
p24_u35,p24,taps,농업기의 년세일 그입비 지원을 받으려는 농업이는 늦면이나 농협 등의 비치한 사옥 신참운서와 개인 정보 조회제공 통이서를 지역 농0에 재출라면 된다
p24_u35,p24,ce0.0,농업기의 년세를 그입이 지원을 받드려는 농업이는 늘면이나 농협 등의 비치한 사옥 식청서와 개인 성보 조회제공 동위서를 지역 농협에 재출라면 된다
p24_u35,p24,ce0.1,농업기의 몇세일 그입이 지원을 받으려는 농업이는 늘면이나 농협 등의 비치한 사업 신책서와 개인 성보 둘회 제공 통이서를 지역 농협에 재출라면 변다
p24_u35,p24,ce0.5,농업기의 년세일 글입이 증원을 바벨려는 농업이면 음면이나 농협 등의 비치한 사업 쓸청서와 개임면정부 두회 제공 동서를 지역 농협에 재출라면 변다
p24_u35,p24,ce1.0,농업기의 몇세류 그입이 지원을 바별려는 농업이는 음면이나 농협 등의 비치한 타옥쓸처우소와 개민 정부 조해 제공 동위서를 지역 농협에 재추라면 된다
p24_u35,p24,ce2.0,농업티의 연세일 그입비 지원을 받드려는 농업이는 은면이나 농협 등의 비치한 사업신 차우소와 개인정부 조회 제공 동이서를 지역 농협에 제출하면 된다
p24_u35,p24,ce5.0,농업기개 몇세일 구입이 지원을 받으려는 농업이는 음면이나 농협 등의 비치한 사업쓸청서와 개임정부 좋회제공 동류서를 지역 농세배 재출하면 된다
p24_u35,p24,ce10.0,농업기개 몇세류그입비 지원을 받드려는 농업이면 음년이나 농협 등의 비치한 사울 수쳐우소와 개임정보 조회제공통류서를 지역 농협에 재출라면 된다
p24_u36,p24,taps,지원 대상다는 폐란아 주세를 둔 농업입므로 지역 공화의 연새 유류 그입카들을 발급 빠른 농업인중 연세율 그입이 지원 사업신 총설에 재출한 사람이다
p24_u36,p24,ce0.0,지원 대상자은 현나의 주세를 두 농업비으로 지역 봉협에 연세유를 그익카들을 발급 빠른 농업인중 연세를 그입이 지원 사업 신총설에 재출한 사람이다
p24_u36,p24,ce0.1,지원 대상자는 혈난화 주세를 두은 농업입므로 지백봉협의 연세 유를 그입카더을 발급 빠른 농업인중 연세율 그입이 지원 상업신청벌을 제출한 사람이다
p24_u36,p24,ce0.5,지원 대상자은 회화 주세로 두 농어비므로 지약 능협의 몇세유를 그익화들을 발급받은 농업인중 몇세유 그입이 지원 사업신총설을 졌출한 사람이다
p24_u36,p24,ce1.0,지원 대상다는 현나의 부패를 두는 농어비므로 지백 농협의 몇세유류 그익카별를 발급받은 농어인 중 몇세유 그입이 지원 사업 신청벌을 재출한 사람이다
p24_u36,p24,ce2.0,지원 대상자은 회랑의 주세의 두 농업입므로 지역 농협에 몇세 유를 구입카들을 발급따른 농업인중 몇세율 그입이 지원 사오 실청설를 되추한 사아이다
p24_u36,p24,ce5.0,지원 대상방은 혈나여 주회를 두는 농어입으로 지역 문협의 몇세 율일 고입카더을 발급바른 농어인중 몇세율 그입이 지원 사업 순천별을 제출한 사람이다
p24_u36,p24,ce10.0,지원 대상당은 회라로 주스를 주 농어입이로 지역 농협에 연새 유를 그입카배를 발급바른 농업인중 연세유 그입이 지원 사업실충소를 제출한 사람니다
p24_u37,p24,taps,지원 유동은 농로빙이 배정받은 농업 기개영 면재 유를 중 3을부터 위월까지 사계월에간 호용한 취열리와 경님만 회당된다
p24_u37,p24,ce0.0,지원 유중은 농업비이 배정받은 농업 기개연 연재 위를 준 3을부터 유활까지 사계활간 하용한 지월리와 경류만 회당된다
p24_u37,p24,ce0.1,지원 유종은 농여비의 배정받은 명학 기개행 면재 위를 준 3월부터 위월까지 자계월간 하령한 시월리와 경류만 회당변다
p24_u37,p24,ce0.5,지원 유중은 누업1이 배정받을 능업 기개용 연대 유를 준 3부여 유월까지 4계월해간 크능한 시월위와 경유만 해당된다
p24_u37,p24,ce1.0,지원 유중은 농업1의 배정받은 능업기개왼 연대 유류준 3을부터 유월까주 자개혈간 하한 수회 류와 경의만 해당된다
p24_u37,p24,ce2.0,지원 유둥은 농어비의 배정받은 농업 기개용 몇대 유류 중 사물르부터 유월까지 자계할간 사용한 시월류와 경유만 회당된다
p24_u37,p24,ce5.0,지원 유둥은 농호비이 배정받은 농호기개용 연재 유를 중 참월부터 유월까지 4개워간 사용한 취혈류와 경유만 회당된다
p24_u37,p24,ce10.0,지원 유중은 농호비의 배정받은 농호기개용 연대 유를준 3물부터 유월까지 4개월간 소한 희형유와 정류만 회당된다
p24_u38,p24,taps,계린대를 전년도 연세류 배정 신점해 기준으로 올회 사개월본 사용 신적에 바쳐 직급한다
p24_u38,p24,ce0.0,게인될 전년고 연세리로 배정 실점해 지준으로 올의 사개월본 사용실적에 받쳐 지급한다
p24_u38,p24,ce0.1,게획결 전면부 면세류 배정의 신잡해 기으으로 올해 4개월을 사용 신자고 받청 직급한다
p24_u38,p24,ce0.5,개일들 단면하로 면세의 배정 실절해 기준으로 오해 사개활은 사용 실적해 바청 직급한다
p24_u38,p24,ce1.0,계획될 자년도 면체요 배정 실적해 기으으로 오회 자행홀은 사형 실적에 받혀 직급한다
p24_u38,p24,ce2.0,개인들 전년도 연세요 배정 실적해 기준으로 오해 자개월본 사용 실적에 받청 직급한다
p24_u38,p24,ce5.0,계인될 전년도 연세유 배정 신적에 기준으로 오해 자개월본 사형 실적해 바청 죽급한다
p24_u38,p24,ce10.0,개인들 전년고 연세요 배정실적할 기으므로 오해 사개활본 사용 실적가 받처 직급한다
p24_u39,p24,taps,군내서는 지역 농협에서 천수한 사업 신청설를 기으이로 농로민결 배정량과 사용량을 근거로 사홉 대상자와 예산 소로격을 최종사님하요 보조음일 질겁팔 내정니다
p24_u39,p24,ce0.0,분내서는 지역 논협에서 천수한 사업 신청설를 기지이로 농어인결 배정량과 하륭량할 근거로 사업 대상자와 예산 소요개의 최정사민화로 보적음및 직겁팔 내정니다
p24_u39,p24,ce0.1,군너에서는 지역 농협에서 전수한 사업 승창설를 기름이로 농어임별 배정양과 사용량할 근거로 사업 대상자와 예산 소요객을 최정사인후 보조음일 즐겁팔내정이다
p24_u39,p24,ce0.5,군내서는 지역 문협에서 전수한 사업 승청사를 기름므로 능업 일결 배정량과 사화할 근거로 사업 대상자왔 예산 소류개을 최득향일 후 보조음및 즐겁할 내정이다
p24_u39,p24,ce1.0,군해서는 지역 문협에서 전수한 사업 식청설를 기으므로 농업인결 배정량과 파형내할 근거로 사업 대상자와 예산 회우객을 최도화인후요 보적음및 직겁할 내정이다
p24_u39,p24,ce2.0,군회서는 지역 문협에서 전수한 사업 식청서를 비르으로 농업인별 배정량과 파용해할 근거로 사업 대상자와 예산 손류적을 최둔사인후 보조음는 죽겁할 내정이다
p24_u39,p24,ce5.0,그해서는 지역 능화배서 전수한 사업 쓸청설를 기준으로 능로임별 배정량과 사용량을 근거로 사업 대상자와 예산 설격의 최종사인후 보조음을 직겁할 내정이다
p24_u39,p24,ce10.0,군회서는 지역 눈협에서 전수한 사업 식처우설를 기으으로 농업임별 배정량과 사용량을 근거로 사업 대상자와 예산 손류거의 최종사입후 보조음명 죽겁할 내정이다
p24_u40,p24,taps,비nk이 투자준거는 훈레재초에 대에 목투주가 오만 오천원 투자이견 매술를 제시했다
p24_u40,p24,ce0.0,비nk 투자증권는 현레재철에 대에 목표주가 오만 오천원 투자이견 매스를 제시했다
p24_u40,p24,ce0.1,pnk 투자증거는 슬레재초에 대 목표주가 오만 5천원 투자의이견 매술를 제시했다
p24_u40,p24,ce0.5,비n 케일 투아증권는 설레제초에 대 목투비가 우만 오터원 투자이견 매스를 제시했다
p24_u40,p24,ce1.0,비n케의 투자증거는 혼례재초에 대 목표주가 오만 오터원 투자일견 매스를 제시했다
p24_u40,p24,ce2.0,pnk 투자등권는 현대재초에 대 목평주가 오만 오터원 투자이간 매술를 제시했다
p24_u40,p24,ce5.0,pnk의 투자증권는 현대재초에 대 목표주가 오만 오천원 투자의 이견 매스를 제시했다
p24_u40,p24,ce10.0,pnk의 투자증권는 혼례재철에 대 목표주가 오만 오천원 투자 이간매술를 제시했다
p24_u41,p24,taps,크일lfn 가이르에 따르면 기nk의 투자증고는 측은 선대제쳐에 대한 보고서를 통해 벨류에이 전이 프로나 평대육 수중까지 하락겠다며 이갔지 밝겠다
p24_u41,p24,ce0.0,크일 대프hn 가이의에 따르면 기nk 투자증고는 피은 선대제처에 대한 보고소를 통해 변류의이선이 소로나 편대및 수중까지 하락겠다며 이갔지 발겠다
p24_u41,p24,ce0.1,그일 fn 가이의에 따르면 bnk 투자증고는 책은 슬래제척에 대한 보고서를 통했 벨류이 전이 표로라 편당의 추종까지 하락겠다며 이같이 밝겠다
p24_u41,p24,ce0.5,꾀일 fn 가이대에 따르면 비n크의 투아증거는 측은 설대제철에 대한 보고서를 토해 벨리션이 흐로라 편대 육 수둥까지 하락겠다며 이같지 밝겠다
p24_u41,p24,ce1.0,그일 fn 가이대에 따르면 dnk 투다증고는 측은 현대제처에 대한 보고서를 통해 벨류의이전이 토로화 평대육 수둥까지 하랍했다며 이같이 밝겠다
p24_u41,p24,ce2.0,끌일fn가이대에 따르면 비nk이 투다증고는 측은 손대제처에 대한 보고서를 통해 벨류이 전위 코로나 편대육 수둥까지 화락했다며 이것이 밝겠다
p24_u41,p24,ce5.0,1일pn 가이대 따르면 기행n크의 투자증고는 책은 선대제철에 대한 보고설를 통해 벨류이 전이 수로나 평당의 추종까지 하락했다며 이렇이 발겠다
p24_u41,p24,ce10.0,그일 애프nn 가이대 따르면 pnk 투자증고는 최은 현대제철에 대한 보고설를 통해 벨리이 전님 토로나 평생의 추중까지 하락했다며 이같이 발혔다
p24_u42,p24,taps,비nk 투자증권는 국매월 철광시황이 지속적인 약살를 보이면서 산봉기 봉상상및여1 가격의예상보당 더 하락했다고 분석했다
p24_u42,p24,ce0.0,비nk이 투아증권는 긍네왜 철강 시황이 주적적인 약살에 보이면서 한공귀 본상황및 여한 가격이 예상보단 더 하락했다고 분석했다
p24_u42,p24,ce0.1,비nk 투자증권는 국네왜 철강 식황이 지속적인 약살를 되이면서 3봉기 봉상강및 여한 자역위의 상보단 더 하락했다고 분석했다
p24_u42,p24,ce0.5,비nk 투라준거는 궁네을 철관 수황이 부석적인 약살의 보이면서 3분귀 본향랑및 여1 가격 예상보단 더 하락했다고 분택했다
p24_u42,p24,ce1.0,비nk의 투아증권는 국매월 철광시황이 두적적인 약달에 보이면서 한공귀 봉상강및 여혼 가역의 예산보다 더 하락했다고 번석했다
p24_u42,p24,ce2.0,비nk 투자둔거는 국내왜 철강시황이 두적적인 약살에 보이면서 한번귀 본상강및 여한 자역의 예상호당 더 하락했다고 분석했다
p24_u42,p24,ce5.0,기nk의 투자증권는 공매왜 철광 시황이 규적적인 약살에 보이면서 3분귀 본상방및 여년 가격의의 3부단 더 하락했다고 분터겠다
p24_u42,p24,ce10.0,비n크의 투자증권는 국네왜 철강시황이 규석적인 약살에 보이면서 3번귀 본상강및 여한 자적의 예선보단 더 사락했다고 분석했다
p24_u43,p24,taps,현대 찰장시황은 공급보다 수요호 둔하가 문재인데 중국 건사 병기 부진이 정기하 되면서 도하시아 찰장시황에 부담의 죽고 없다고 해속했다
p24_u43,p24,ce0.0,현제 철광수황은 궁급보다 수요 둔하가 문재인데 중국 건설 병기 부진이 정기하 되면서 동하시야 철광수황에 부담을 죽고있다고 해속했다
p24_u43,p24,ce0.1,현데 철장시향은 궁규보다 수요 둔하가 문재인데 중국 건설 병기 부진이 장기하 되면서 동하시야 철강시황에 부담을 즐고 있다고 해속했다
p24_u43,p24,ce0.5,현제 철강시향을 괴를보다 쓰요 둔하가 문재인데 중국 건찰 병기 부진이 정귀하 되면서 동하지와 철강시형에 부담의 죽고입다고 해속했다
p24_u43,p24,ce1.0,현대 철광시황은 궁급보다 수요워 둔하가 문재인데 중국 건설 병기 부진이 정귀하 되면서 동하지와 탈광시형해 부담을 죽고 있다고 해속했다
p24_u43,p24,ce2.0,현제 탈강시황은 궁급보다 수요 둔하가 문재인데 중국 건설 경기 부진이 정기어 되면서 두하시아 탈광 시황의 부담을 죽고 있다고 해속겠다
p24_u43,p24,ce5.0,혼제 찰강시방은 궁급보다 술호 둔하가 문재인데 중국 관설 경기 부진이 정기와 되면서 동하시아 찰광시험에 부담을 취고있다고 해속했다
p24_u43,p24,ce10.0,현대 철강심상은 군급보다 수요 둔하가 문쟁인데 중국 건설 경기 부진이 장기하 되면서 도하시아 철광시홍의 부담을 죽고 있다고 해속했다
p24_u44,p24,taps,긍의 수요 산업도 전년 동기 대비 역성장을 지속하면서 호판의 제외한 천 풍목겨 계쳐 수요가 약한 상항으로 터적했다
p24_u44,p24,ce0.0,근문의 스요산업도 전년 등기 대비 액성장을 지속하면서 호판을 제외한 천 통목을 대쳐 스요사 약한 상항으로 터적했다
p24_u44,p24,ce0.1,근회 스요 산업도 던년 분기 대비 역성장을 지속하면서 호판을 제외한 전 품목에 계쳐 스요자 약한 상랑으로 터적겠다
p24_u44,p24,ce0.5,그음의 스의산업도 전년 동기 대비 역성장을 지속하면서 호판의 제외한 전 통로게 될쳐 스요각 약한 상항으로 회속겠다
p24_u44,p24,ce1.0,궁문의 수요판업또 전년 동기 대이 역성장을 지속하면서 호판을 제외한 전 통국에 대쳐 스요가 약한 사황으로 해속겠다
p24_u44,p24,ce2.0,궁문의 수율사로또 단년 등기 대비 역성장을 지속하면서 푸판을 제외한 전 통목의 대쳐 수유각 약한 상항으로 회속겠다
p24_u44,p24,ce5.0,궁의 스산업또 전년동기 대비 역성장을 지속하면서 소탄의 재외한 전 풍로겨결쳐 스요가 약한 상랑으로 해속겠다
p24_u44,p24,ce10.0,긍의 수유 사목또 전년동기 대비 역성장을 주속하면서 호판을 제외한 전 토어 대쳐 수요장 약한 상망으로 효숙겠다
p24_u45,p24,taps,pnf이 토자준거는 사봉기에는 코로 틀 원가 하락 분영강 가격 하락 마무리와 성스이 속자로 실정의 서복된 것으로 점망했다
p24_u45,p24,ce0.0,비nf이 토자증거는 라본기에는 코로 틀 원가 하락 분영강 가격 하락 마무리와 청스히 속가로 실적운 세롭된 것으로 잠망했다
p24_u45,p24,ce0.1,pnk이 토자은거는 사붕기에는 고로 틀 원가 하랍 분영강 가격 하랍 마무리와 성우스질 포가로 셀적 세복달 것으를 잠망했다
p24_u45,p24,ce0.5,비nk의 토자증거는 사붕뒤에는 고로 토입 원가 하랍 부명강 가격 하랍 마무리와 성스비 협가로 실정이 헤복대 것으로 잠망했다
p24_u45,p24,ce1.0,비행회의 토다증거는 4붕비에을 고로 틀 원가 하랍 북염강 가역 하랍 마무리와 통석이 협가로 혈적의 회복대 거으로 잠망했다
p24_u45,p24,ce2.0,비행체의 토자등거는 자붕귀에는 고로 트 원가 하락 등영강 자역 하락 마무리와 성수의 석가로 실처 회획달 것으로 점망했다
p24_u45,p24,ce5.0,비nk의 투자증거는 사붕귀에는 코로 투익 원가 하락 풍영강 가격 하락 마무리와 송소지 혈더로 실적의 회부대 거으를 잠망했다
p24_u45,p24,ce10.0,비n 혀의 투자증거는 사봉기에는 코로 트 원가 하락 등영강 자격 하락 마무리와 송수이 셨가로 실천의 생국된 것으을 전망했다
p24_u46,p24,taps,경쟁사의 피해 북꾸가 예상부다 지언될 경국 여런 숙탄을 판명량과 가력이 점너 배순될 가능성이 있다로 내답었다
p24_u46,p24,ce0.0,경쟁사의 피해 불꾸가 예상부다 지언될 경옥 여런 호탄을 판내양과 가역이 전더 변선들 간성 있다로 내답었다
p24_u46,p24,ce0.1,경쟁사의 피해 불꾸가 예상부다 지언될 경우 여런 흩판을 판능양과 가역이 전더우 계슬를 강성있다로 내답었다
p24_u46,p24,ce0.5,경쟁사에 티에 북꾸가 예상부다 지언될 견우 여런 소판의 판능양과 가역이 점더우 개손될 간생이 있다고 내답었다
p24_u46,p24,ce1.0,경쟁사해 피해 붙꾸가 예상부다 지언될 견후 여혼 호탄을 판년향과 가역의 점몇 개손들 간성이 있다고 내답었다
p24_u46,p24,ce2.0,경쟁사의 피북꾸가 예산부다 지언될 경우 여런 수판을 판능한과 가역이 점너 되선들 관성이 있다로 내답었다
p24_u46,p24,ce5.0,경쟁사의 피해북꾸가 예상부다 지언될 경문 여런 소판을 판류한과 가격이 좀너 배순데 광성이 있다고 내답었다
p24_u46,p24,ce10.0,경쟁사의 피 부구가 예상부다 지언될 경우 여런 수참의 평능향과 가역이 좀너 계순될 강성이 있다로 내답었다
p24_u47,p24,taps,깨로 강주와 전남은 아층 기원인 전날보다 3것 가냥 더 떨어지난서 추요자 더욱 기승을 불릴 것으로 보인다
p24_u47,p24,ce0.0,깨뢰우 강주와 전남은 닻침 기운 전날보다 섬고 관냥 더 떨어주난서 추르가 더욱 기승해 풀릴 것으로 보인다
p24_u47,p24,ce0.1,깨별 광주와 전남은 낫층 기운이 전날보다 3부 가량 더 떨어지는서 추유가 더욱 기승을 불릴 것으로 보인다
p24_u47,p24,ce0.5,떼를 관주와 전남은 아층 비운이 전날보다 3리대 발량 더 떨어지면서 충의가 더욱 기승할 버릴 것으로 보인다
p24_u47,p24,ce1.0,에를 광주와 전남은 나침 기운이 전날보다 3고 가량 더 떨어지면서 추우가 더욱 기승을 불릴 것으로 보인다
p24_u47,p24,ce2.0,1를 광주와 전남은 앞침 기운이 전날보다 상부가량터 떨어지면서 출류가 더욱 기승할 불릴 것으로 놓인다
p24_u47,p24,ce5.0,헤를 강주와 전남은 4침 기운이 전날보다 3들 가량터 떨어주면서 추위가 더욱 기승할 부릴 것으로 보인다
p24_u47,p24,ce10.0,헤를 광주와 전남은 4침 기운의 전날보다 3벽가량 더 떨어지면서 충의가 더욱 기승을 불릴 것으로 보인다
p24_u48,p24,taps,특히 바람부 강역에 즐면서 채당 문도는 영화 오두위야로 낫겠으니 나중 기용과 극격한 지온 전화로 이한 권강관리에 각별한 주의가 요구된다
p24_u48,p24,ce0.0,특히 바랑부 강역에 즐면서 최가 문도는 영화오도 위야로 낫겠으니 나중 기용과 극격한 지온 전화로이난 검광 발례에 각돌한 주의가 읽구된다
p24_u48,p24,ce0.1,특히 바람부 강하에 즐면서 책가 문돈는 영화오두 위하로 낫겠으니 나은 기용과 극격한 뒤은 전화로 이한 관간관례에 각더한 주이가 여구된다
p24_u48,p24,ce0.5,특히 바람브 당애에불면서 책간 원도는 영화 우두 위하로 낫에쓰니 나은 귀용과 극적한 지움전화로 인한 공관관례에 각별한 주의가 읽구된다
p24_u48,p24,ce1.0,특히 바람도 강약에 주면서 체가 문돈의 영화 오두 위야로 낫겠으니 낮은 귀용과 겪격한 지온 전화로 이한 관간 관래에 각별한 주의가 유구된다
p24_u48,p24,ce2.0,특히 바람도 강약에 비면서 최각 원도는 영화오두 이야로 낫겠슬류 나증 기온과 극격한 기온 전화로 인한 광강발례에 각더한 주의가 여구된다
p24_u48,p24,ce5.0,특히 바람들 강약에 되면서 채간 언돈는 영화 오두이야로 낫겠으니 나즈 기원과 극격한 기온 전화로 인한 광강발리에 각떠한 주의가 요으된다
p24_u48,p24,ce10.0,특히 발람도 강하게 주면서 최간 문돈을 영화오두 위화로 낫겠으니 나중 기온과 겪격한 기온 전화로 이한 강간관리에 각더한 주의가 위구된다
p24_u49,p24,taps,이날 대부분 지역에 손파 주입보가 바려든 가운데 아친 최적 이우는 영화 오두에서 연도 낫 체고위여는 이도에서 칠도로 예상된다
p24_u49,p24,ce0.0,인날 대부분 지역에 흔파 주입보가 바려된 가운데 아친 최적 예우는 여화 오도에서 연도 낫 체고 위행는 이도에서 칠도로 예상된다
p24_u49,p24,ce0.1,이화의 대부분 지역에 순파 주입보가 바려든 가운데 아친 최적 이우는 연화오두에서 연로 낮 체골류는 이로에서 칠도로 예상된다
p24_u49,p24,ce0.5,뛰날 데부분 시역에 선사 주입보가 바려든 가운데 아친 최적 위은 영화 오두에서 영두 낮 체울 유은 이도에서 칠돌를 예상된다
p24_u49,p24,ce1.0,"이나의 대부분 지역에 현파 주입보가 바려든 가운데 아친 최적 위우는 영화 오두""에서 연로 낫 채국 위용는 이도에서 체더로 예상된다"
p24_u49,p24,ce2.0,이나의 대부분 지역에 천파 주입부가 바려든 가운데 아친 최적 기우는 영화 오두에서 영도 낮 최우히후는 이도에서 칠돌로 예상된다
p24_u49,p24,ce5.0,이나의 대부분 지역에 선타 주입부가 바려둔 가운데 아침 최적 기우는 요화 오두에서 연부 낮 체월 이오는 이도에서 칠돌로 예상된다
p24_u49,p24,ce10.0,이나의 대부분 지역에 충차 주입부가 발려된 가운데 아친 최적 기우는 영화 오두에서 연두 낫 최옥 이오는 이도에서 칠돌로 외상변다
p24_u50,p24,taps,손을 상에서 송송맨 비 브름제가 북섭통을 타고 요입되면서 세벽까지난 전난 소항해안에 반부터한 전난 북부 사해안에 비나 능오는 곳이 웃겠다
p24_u50,p24,ce0.0,손을 상우서 송성면 비 소름대가 북섭통을 탕고 요입되면서 새적가지는 전남 서회안에 반부터한 전남 북부 서해안에 비나 연오는 곳이 있겠다
p24_u50,p24,ce0.1,총을 상요사고 생성면 비 무름제가 북법통을 탕옥 요입때면서 세접까지는 전남 성화해안에 반부편원 전남 북부 서회안에 비나 문오는 곳이 있겠다
p24_u50,p24,ce0.5,통의 상에서 생성된 비 브름세가 북접통의 탕우 요입되면서 세벽까지는 전남 서화안에 반부파는 전남 북부 사회안의 비난 문이오는 곳이 였겠다
p24_u50,p24,ce1.0,토의 상이더 생상된비 구렁대가 북법통의 탕우 요입되면서 회백까지는 전난 서회안에 반부터는 전난 북부 서회안에 비앙 문이오는 곳이 울겠다
p24_u50,p24,ce2.0,터회 상여서 생성우면 비 구름세가 북섭통의 탕우 요입되면서 세벽까지는 전남 서회안에 반부터원 전난 북부 서해안에 비함 문이오는 곳이 있겠다
p24_u50,p24,ce5.0,토해상에서 성성맨 귀 구렁대가 북법토의 탕우 유있 때면서 세벽까지는 전난 서회안에 단부터한 전난 북부 서회안에 피나 중님오는 곳이 였겠다
p24_u50,p24,ce10.0,통의 상이사워 생송우낸 비 구름세가 북법통의 탕우 요입되면서 세벽까지는 전남 서회안에 반부터한 전남 북부 서회안의 비함 문오는 것이 울겠다
p24_u51,p24,taps,서홀 남서브 먼 바아에는 1서 1공 물포 새회에 당한 바람과 함께 최대 다점 영 미터높피에 타도가 일겨수로 예보대 창유한 조없파을 선박은 요의해야겠다
p24_u51,p24,ce0.0,서회 남서부 먼 사다에는 1서 1임 미포새크에 당한 바람과 함께 최대 다점 영 미높피에 파도가 일터스로 예보데 상 두옷한 선막인 유이해야겠다
p24_u51,p24,ce0.1,소회 남서브먼 바아에는 1서 16 미포새크에 당한 바람과 함께 최대 4점 영 미터높이에 파도가 일케흐을 예보대 상류한 조없판 선막인 유이해야겠다
p24_u51,p24,ce0.5,소로의 남서부 먼 바아에는 1서 16 느터퍼째크에 강한 바람과 함께 최대 다점 영의 뉴터 높피에 파도가 일케스로 예보대 3류랑 조없파는 선막을 유해해야겠다
p24_u51,p24,ce1.0,소회 남서부 먼 바아에는 1서 16 미터포새크에 강한 바람과 함께 체대다점 영 미터 루피의 파도가 일케후르 예보데 향연한 조없판 선박인 모이해야겠다
p24_u51,p24,ce2.0,소혈 남서부 먼 사다에는 1서 16 미터포째크에 당한 바람과 함께 최대 바점 영 미터 높이의 타도가 일겨스로 예보대 향유음 두없한 선박은 유이해야겠다
p24_u51,p24,ce5.0,소회 남서부먼 바다에는 11년미포세크에 강한 바람과 함께 최대 다점 영 미터 루피에 타도가 일케술 예보대 산녀라 조없판 선막은 요의해야겠다
p24_u51,p24,ce10.0,소회 남서부 먼 바다에는 1서 16 미터포새크에 당한 바람과 함께 출대 4점 영 미터높피의 파도가 일깨스를 예보대 성년한 조없판 선박은 유해야겠다
p24_u52,p24,taps,비 또는 눈의우는 지역인 가시골리가 짧끗으며 비나 눈요로 돌로가 미꾸럽겠으니 그 통 안전려도 유념하라고 기장청은 당부했다
p24_u52,p24,ce0.0,비 또을 눈의우는 지역은 가시골리가 짧것으며 비나 눈여러 돌로가 미끌럽겠으님 그통 안전에도 유념하라고 지상청을 당부했다
p24_u52,p24,ce0.1,피 또는 유의에임는 지역인 가시거리가 짧끗으며 비나 문의 여러 돌리가 미끌롭혔으니 그 통 안전에도 유냐하라고 기상청은 당부했다
p24_u52,p24,ce0.5,피의 입동는 누의임을 지역은 가지거리가 짧끝으며 비나 눈니어러 드러가 미끌롭했으니 교통 안전에도 유념하라고 뒤당청은 당구했다
p24_u52,p24,ce1.0,비또는 무리움을 지역은 가지거리가 짧끗으며 비나 눈이어로 드리가 미꾸롭했으니 그통 안전에도 유냐하라고 기상청을 장부했다
p24_u52,p24,ce2.0,비 또는 눈리오는 지역은 가시거리가 짧겠으며 비나 눈니어로 데류가 미끄롭혔으니 그투 안전에도 유냥하라고 지장청을 당부했다
p24_u52,p24,ce5.0,비이또는 눈니의는 지역견 가시거리가쩔겠으며 비나눈니어러 돌류가 미결롭겠으니 교통 안전에도 유냐마하고 기상청을 당부했다
p24_u52,p24,ce10.0,피위또는 노의움면 주역은 가시거리가짧겠으며 비나눈니어로 더룩가 미구롭혔쓰님 교통 안전에도 유냐하하고 기상청을 장부했다
p24_u53,p24,taps,광주 지방 지상청 감계자는 광주 전남의 신각한 감옥이 이여질고 있써 식활 속 물 절학 경동에 시민들의 적극적은 사연을 붙택돌린다고 말했다
p24_u53,p24,ce0.0,광주 지방 지상청 관계자는 광주 전남의 신곡한 감문을 위여지고 있써 생활 속 물절학 인동에 시인들의 적득적은 산녀을 붙택더린다고 말했다
p24_u53,p24,ce0.1,강주 지방 기상창 관계자는 강주 전남의 신곡한 감옥이 이여지고 있어 생활 수 물 절학 연동에 심민들의 적격적은 상화을 붙탁더린다고 말했다
p24_u53,p24,ce0.5,광주 지방 지산 선 관계자는 강주 전남의 생국한 감름이 위여지고 있어 생활속 물 절약 건동에 식행들의 적격적인 사녀을 붙탁더린다고 말했다
p24_u53,p24,ce1.0,광주 집방 귀상상 강계자는 광주 잔람의 신각한 감음이 위여기고 있더 생활속 물 절약 연동에 시민불의 적격적인 사연을 붙택더린다고 말했다
p24_u53,p24,ce2.0,광주 집안 기상창 관계다는 광주 전남의 신각큰 감음이 이어지고 있어 생활속 물 절학 연동에 시민들의 적극적인 사연을 붙탁더린다고 말했다
p24_u53,p24,ce5.0,광주 지반 기상창 관계자는 광주 잠람의 식각한 감몸이 이어지고 있어 생회숙 물 절력 낸동에 시민들의 적격적인 사련을 붙택더린다고 말했다
p24_u53,p24,ce10.0,광우주 지방 지상청 관계자는 광우주 전남의 심국한 감몸의 위어지고 있서 생활속 물 절약 언동에 시민들의 적격적인 사련을 붙탁더린다고 말했다
p24_u54,p24,taps,경복 경주시와 경주 문화재다는 제49해 실라문화재 시의 흥도단 소포터들을 모집한다
p24_u54,p24,ce0.0,경복 경주시와 경주 문화제다는 제49해 슬라 문화재 시인 홍도단 소포터들을 무집한다
p24_u54,p24,ce0.1,경복 경주시와 경주 문화재다는 제49회 슬라 문화재 식의 훈도단 소프톱불를 무집한다
p24_u54,p24,ce0.5,경의복 경주시와 경주 문화제다는 제 4식9해 쓸라 문화째 시일 후노단 호프커들을 무집한다
p24_u54,p24,ce1.0,경복 경주주와 경주문화대다는 제자9해 쓸할문화질 시인 훈부반 호포터별를 모집한다
p24_u54,p24,ce2.0,경복 경주시와 경주 문화되다는 제 49해 실날문화재 시의 훈보단 호프토들을 무집한다
p24_u54,p24,ce5.0,경복 경주시와 경주 문화제다는 제49회 세라문화재 시일 행도단 소프토들을 모집한다
p24_u54,p24,ce10.0,경복 경주시와 경주문화재다는 제자9해 실라문화재 시민 훈부단 소포터들을 녀집한다
p24_u55,p24,taps,제자십9회 실라 문원재 서폭터져는 추째의 집접 발리고 즐기고 1틀시회 대상으로 손달한다
p24_u55,p24,ce0.0,제자그회 실라 문안재 서포터져는 축재의 집접 발리고 즐기고 1틀 시명 대상으로 손달한다
p24_u55,p24,ce0.1,"제49회 실라 문원재 서표터저는 축자의 직접 발리고 즐기고 1,1명회 대상으로 손바한다"
p24_u55,p24,ce0.5,죄409회 실라문화재 덮폭터드는 축재의 죽접 발리고 즐기고 1은시명의 대상으로 손발한다
p24_u55,p24,ce1.0,제4십9회 실라 문화죄 써포터으는 축제의 직접발리고 즐비고 1은시문의 대상으로 손발한다
p24_u55,p24,ce2.0,제자9회 실화 문원재 서패토주는 축절의 직접발리고 죄기고 1은시을 대상로 순달한다
p24_u55,p24,ce5.0,제409에 실라문화재 서포토주는 축절의 측접 발리고 즐기고 1은시명의 대상으로 순말한다
p24_u55,p24,ce10.0,제409회 신라 문화재 서혀터주는 축절의 죽접발리고 즐비고 1은시명을 대상고 손말한다
p24_u56,p24,taps,만7세 이상의 경주시에 거주하는 경주시민 또는 정주 내에서 제직륙 제약정인 사람면 누구나신 생할 수 있다
p24_u56,p24,ce0.0,만 7세 이상의 경주의 거주하는 경주시민 또는 경주 내에서 제직뿔 죄약정인 사람은 누구나신생할 수 있다
p24_u56,p24,ce0.1,만7세 이상의 경주시에 거주하는 경주신인 또은 경주 매에서 제직막 제약정인 사람면 누구할 실생할 수 있다
p24_u56,p24,ce0.5,만 7세 이상의 경드쇠 거주하는 경들시면 또는 경주 내에서 제직및 제약정인 사람은 누근할 신생할 수 있다
p24_u56,p24,ce1.0,만7쇠 이상의 경들씨 거주하는 경들시면 또는 경그 매에서 대직및재약정인 사람면 르구할 신생할 수 있다
p24_u56,p24,ce2.0,만7세 이상의 경드시의 거주하는 경드심민 또는 경주 내에서 제직및 재약중인 사람은 누구나신생할 수 있다
p24_u56,p24,ce5.0,만침세 이상의 경드시에 거주하는 간규시면 또는 경수내에서 제즉 및제학정인 사람면 누구날 신생할 수 있다
p24_u56,p24,ce10.0,만 7세 이상의 경주시에 거주하는 경주신인 또는 경주 내에서 제직및제약정인 사람면 누구나 신생할 수 있다
p24_u57,p24,taps,손발할 식일 곱 키터주는 제 자9회 슬랑화 문하대 서포터주로 할 동해며 들로그 sms 등인 하류한 올라인 흉부본 선츠를 제작한다
p24_u57,p24,ce0.0,선발할 식을 법축터주는 제 자9회 신명화 문화자 서포터주로 할동하며 블로브 sms 드일 활리한 올라인 홍법본 센츠를 제작한다
p24_u57,p24,ce0.1,선발할 생위 수키터으는 제4글회 슬러을 문화자 서포법으로 할통해며 들로국sms 등일 하령한 올라인 혼버 권센트를 제작한다
p24_u57,p24,ce0.5,선발한 식행 속협커으는 제 49회 신랑화 문화대 서포터주로 할동하며 글로그 sns 드혜 하루한 올라의 홍버포 텐츠를 제작한다
p24_u57,p24,ce1.0,손발한 식년 소키터으는 제 자식구회 쓸나분하대 서포터들로 했동하며 들로그 sns 등의 활려한 올나의 홍버코텐츠를 제작한다
p24_u57,p24,ce2.0,손바른 시민 서혔커으는 제 4식9죄 신점분화대 서포터주로 할 또하며 둘로그 1스n스 등을 하령한 온라인 행버후 텐츠를 되작한다
p24_u57,p24,ce5.0,손발할 시민소케터으는 제49회 슬라브 하재 서포터주로 활동하며 둘로그 hsr스 등을 하령한 올라인 흉버 훈 텐처의 제작한다
p24_u57,p24,ce10.0,손바한 신인수키터으는 죄49회 신나은하대 서포터주로 할동하며 들로그 hsns 등의 화류한 원라인 흥버후 텐체를 제작한다
p24_u58,p24,taps,이와 함께 사프토주 활동의 키도할 점문과 결과 경주 예수의 전당에서 주행하는 백e스테이그 토어등 다양한 활동의 참면할 수 있다
p24_u58,p24,ce0.0,이와 함께 화프토주 활동 수어한 점문가 결과 경조 예수의 던당해서 주행하는 백e스테이그 투아등 다양한 활동에 창명할 수 있다
p24_u58,p24,ce0.1,이와 함께 서포토질 혈동을 치요한 점문가 결과 경주 예수를 전당해서 지행하는 백e스테이그 토어등 바양한 할동에 창인할 수 있다
p24_u58,p24,ce0.5,이와 함께 서포코을 혈터의 치려한 점문가 결과 경저 예수를 전당해서 주행하는 b스테이브 트어은 다양한 할동에 창용할 수 있다
p24_u58,p24,ce1.0,위와 함께 헛포토츠 할동의 필요한 전문가 결과 경주 예수의 던당에서 지행하는 w스케우브 터어등 다양한 할동의 참여할 수 있다
p24_u58,p24,ce2.0,이와 함께 서포토주 회동 티요한 점문가 결과 경주 예수를 던당해서 지행하는 백e스테이브 트어은 다양한 회동에 참요했 수 있다
p24_u58,p24,ce5.0,유와함께 서포토주 할동의 필요한 점문가 결과 경조 예수의 전당해서 지행하는 w스테이d 투어등 다양한 할동의 창용할 수 있다
p24_u58,p24,ce10.0,미와 함께 서포터스 혈동의 취요한 전문가 결과 경조 예수의 전당에서 지행하는 웹스트우수 처어든 다양한 할동에 참명할 수 있다
p24_u59,p24,taps,3달된 수프터주 에게는 할동들의 지원하고 오수 서프터주 할동자를 선장에 포산으 지행한다
p24_u59,p24,ce0.0,선달된 소포터수 에게는 할동들의 지원하고 오승 서포터스 할동자를 선장에 푸산으 주행한다
p24_u59,p24,ce0.1,산달 된 수표스 에게는 할동길에 지원하고 5수 서표표수 할동자를 산장에 풍산요 증행한다
p24_u59,p24,ce0.5,현날른 서포퍼스 에배는 할동배의 주원하고 우수 서포포스 할동자의 선장에 풍상을 증행한다
p24_u59,p24,ce1.0,선달된 서표터주 에배는 할동별의 지원하고 우승 서포터주 할등가르 선정에 후상로 지행한다
p24_u59,p24,ce2.0,선달 된 수표코주 에개는 할동그을 주원하고 오수 써포터주 할통달를 선장에 푸상로 주행한다
p24_u59,p24,ce5.0,선달된 서표터주 에게는 할등길를 지원하고 오수 써표터주 할등가를 선장에 표상부 주행한다
p24_u59,p24,ce10.0,선달된 수표토수 에개는 할동걸의 지원하고 우수 써표토스 할등가의 선장에 포상로 지행한다
p24_u60,p24,taps,접수 기간는 오는 유월 참일 열려을 씻까지 이며 경주 문화제란 및 경주 시차 훈패이지에서 신청설를 작성한 후 전장 우편으로 제출하면 둔더
p24_u60,p24,ce0.0,접스 기간는 오는 유월 3일 열려덟 씻까지 있며 경주 문화제단 및 경주 시처훈패이지에서 현청설의 작성한 후 전자 우편으로 제출하면 둔더
p24_u60,p24,ce0.1,접수 기간는 오는 유월 3일 열려을 씻까지이며 경주 문화제단 및 경주 시차은 폐이지에서 신성설를 작성한 후 전장 우편으로 졌출하면 둔더아
p24_u60,p24,ce0.5,접수 기간는 o 6월 3면 열려을 씻가져이며 경주 문화제단 및 경주 수차훈 폐이증에서 신청설를 작성한 후 전잔 우편으로 졌출하면 든더
p24_u60,p24,ce1.0,접수 기간는 오는 유월 참멸 열려를 씻가지이며 경그 문화재단 및 경주 스처금 폐우지에서 실선퍼를 작성한 후 전자 우편으로 제출하면 분러
p24_u60,p24,ce2.0,접수기간는 오 6월3일 열려을 쉽가지이며 경두 문화제단 및 경주 시차분 폐이지에서 신성서를 작성한 후 전자 우편으로 졌추당연 된더
p24_u60,p24,ce5.0,접수 기간는 오는 유월 참매 열려을 씻까주이며 경주 문화제단 및 경주 시천한 폐이지에서 신성설의 작성한 후 전자 우평으로 졌출하면 된더아
p24_u60,p24,ce10.0,접수기간는 오는 유월 차민 열려덟 씻까지 이며 정주문화재단 및 경주 시차훈 폐중에서 신성섬을 작성한 후 전다 우편으로 제출하면 된더아
p24_u61,p24,taps,자세한 내인 경주 문하재단 홍백이지나 경주 문화재단 축제 사우친로 문리하면 둔다
p24_u61,p24,ce0.0,자세한 내년 경주 문화재단 홍패이지나 경주 문화재단 축째 사옥신종 문리하면 전다
p24_u61,p24,ce0.1,자세한 내의 경주 문화제단 흥패이지나 경주 문화제단 투째 사티행로 문이하면 던다
p24_u61,p24,ce0.5,자세한 매은 경즈 문화제단 송패이지나 경즈 문화제단 축째 상 티행 놓는 문리하면 된다
p24_u61,p24,ce1.0,자세한 매용에 경즈문화재단 소행우지나 경즈 문하재단 축체 사우친로 문리하면 변다
p24_u61,p24,ce2.0,자세한 매용인 경주 문화재단 흥편이지나 경주 문화재단 투체 사우티로 문이하연 된다
p24_u61,p24,ce5.0,자세한 내용은 경수문화재단 순패이지나 경수 문화재단 축체 사우친노 문의하면 된다
p24_u61,p24,ce10.0,자세한 매은 경수 문화재단 수병이지나 경수 문화재단 특제서친로 문미하면 된다
p24_u62,p24,taps,내년 예산한 설리를 위한 총조시 매의 원 폭트 인신혜가 십천객 봉간 설허비를 둘러산 여야 데류이로 열리지 못탁고 있다
p24_u62,p24,ce0.0,내년 예산한 설리의 위향 청줄 희 배의 원 본트 인신혜가 수청객 봉간 설업비를 들로산 여야 데리이로 열리지 못탁금 믿다
p24_u62,p24,ce0.1,내년 예산한 설리의 위향 총주 희우회의 원폭트 인0회가 1천객 병간 설비을 둘러산 여야 데류이로 열리지 못탁고 있다
p24_u62,p24,ce0.5,내년 예찬한 처리의 이한 총주 희매의 원포일트 인신에가 수청개 봉간 설협비를 둘러단 여야 데름이로 열리지 못탕에 있다
p24_u62,p24,ce1.0,내년 예사한 처리를 위향 총도후 매 원 홍트 인식회가 시청옛 봉관 설허비를 둘러스단 여야 데리브로 열리지 못하고 있다
p24_u62,p24,ce2.0,내한 개산한 설리를 이향 처우조 시후배의 원포트 이심에가 수천객 봉간 설허비를 둘러단 여야 데리비로 열리지 못하고 있다
p24_u62,p24,ce5.0,내년 예산한 설리대 위행 총조 시후매일 원훈트 인심회가 쉽창객 봉간 철업비를 둘러산 연야 데리브로 열리지 못탕이 있다
p24_u62,p24,ce10.0,내년 예찬한 처리른 위한 추무을 후우개의 원 손트 2심회가 추천개 봉간 철업비를 둘러단 여야 데리브로 열리지 못하근 있다
p24_u63,p24,taps,총조 시회는 내년 예산한 설리의 위해 225전열씨 제75회 인시의 제 1차본혀일의 열기를 했으나 더브로 인주장 일원들에 등원거으로 연리지 못하고 있다
p24_u63,p24,ce0.0,창조 시회는 내년 내산한 설리되 위해 22일5전열씨 제75회의 인시의 제 1차본혈대 열기를 했으나 더브로 인주당 이원들에 등원 거으로 연리지 못하올 있다
p24_u63,p24,ce0.1,청조 시류회는 매년 개산난 설리대 위해 2c25전열씨 제75회 인0의 제1차 변운회위대 열기를 했으나 더브러 응주장 의원들에 등원거으로 연리지 못하고 있다
p24_u63,p24,ce0.5,총주 시역해는 내년 개산난 처리의 위해 2c미일5전열씨 제75회 인수의 죄 1차본 회우대 열기로 했으나 더브로 왼주장 의원들에 등원 거으로 연리지 못하고 있다
p24_u63,p24,ce1.0,청교 시유회는 매년 예산한 설리대 위해 bcv5전열씨 제 75회 인식의 제 7차 본 혀위대 열기로 했으나 더브로 응주당 의원들의 등원거으로 열리지 못하고 있다
p24_u63,p24,ce2.0,청조 시위회는 내년 예산한 설리를 위해 2c위5전열씨제 75회 인식의 죄 1차본 해일의 열기로 했으나 더브로 용주당 의원들의 등원 거으로 열리지 못하고 있다
p24_u63,p24,ce5.0,청조 시위회는 내면 예산한 처리대 위해 225전열씨 제75해 인식의 제 1차본 해위대 열기로 했으나 더불로 용주당 의원들의 근원 거으로 열리지 못터고 있다
p24_u63,p24,ce10.0,총수 시유회는 내년 예산한 설리된 위해 이cv5전열씨제75회 인수의 제5차본 효훈되 열기로 했으나 더브로 용주당 의원들의 등원 더으로 열리지 못하고 있다
p24_u64,p24,taps,여야는 이날 의리원 총위를 있따라 갔고 사1의 버렸으나 옛 십청 본과은 찰거비를 들러선 이년을 듣히지 못하고 있으며 이난 오후 내시의 다시 연야 혈위를 버리기로 했다
p24_u64,p24,ce0.0,여양는 이날 의리한 총매를 있따라 갔고 서1의 버렸으나 옛 1청 보과은 책버비를 들렀산 이전을 스필지 못하고 있으며 이날 오호 내시의 다시 여야 허1를 버리기로 했다
p24_u64,p24,ce0.1,여야는 이날 의원 총해를 있따라 갔고 사1의 버렸으나 옛 시청 본과은 찰거비를 들러선 이년을 드표지 못하고 있으며 인날 우후 내시의 다시 여야 협1의 버리기로 했다
p24_u64,p24,ce0.5,여야는 인날 의한 추매를 있따라 갔고 협비의 버렸으나 옛 스청 분과 철어비를 들러스던 이전을 드히지 못하고 있으며 인날 우후 내시의 다시 여야 협1의 버리기로 했다
p24_u64,p24,ce1.0,여야는 민을 의원 생해를 있따라 같고 협거의 버렸으나 왜스청 본갖 텔어비를 둘로스던 2변을 접히지 못하고 있으며 이는 오후 내시의 타시 여야 혈1의 버리기로 했다
p24_u64,p24,ce2.0,여야는 인날 의원 총해를 이따라 같고 서비의 버렸으나 옛 1청 봉과 텔어비를 둘렀단 이금을 접이지 못하고 있으며 인할 우후 내시의 타시 여야 혈1의 버리기로 했다
p24_u64,p24,ce5.0,여야는 이날 의원 충해에 있따라 갔고 사1의 버렸으나 옛 1청 봉과은 철어비를 둘러던 이견의 접푸시 못하고 있으며 은할 오후 내시의 다시 여야 혀일의 버리기로 했다
p24_u64,p24,ce10.0,여야는 인에 의원 총의를 있따라 같고 사회대 버렸으나 옛십청 분과은 최어비를 들러단 이변의 접히지 못하고 있으며 인난 우후 내시에 다시 여야 협일의 버리기로 했다
p24_u65,p24,taps,군인의 흰 의원들은 더브로워 민주당을 위원이는서 봉관 설과 일견을 보인 에인 의원을 새득게 의리 대정듣수인 22명을 채우고 철곱이 예산의 통하시길해 하고 있다
p24_u65,p24,ce0.0,금님의 힘 노원들은 다브로 민주당 일원이면서 봉간 설코워 일견을 보인 에임음원을 새득게 의의 결정듣수인 22명을 채우고 철곱임 예산의 통하시길해 하고 있다
p24_u65,p24,ce0.1,군위의 행 의원들은 다브로워 민주당 일원이면서 분간 설코 일견을 보인 a의원을 새득게 의 결정듣수인 22명을 채우고 설거임 예산의 통건 시키에 하도 있다
p24_u65,p24,ce0.5,국님의 혈 의원들은 더브어 민주당 위원이면서 풍간 설커 의견의 보인 의원을 설득켜 의 결정북수인 22명을 최울고 철곱이 예산을 토화시키에 하고 있다
p24_u65,p24,ce1.0,궁일의 흔 의원들은 다브로 민주다 의원이면서 봉관 설거워 의견을 보인 a미 의원을 새득게 의 결정듣후인 2집2명을 채울고 철거부 예산의 통할스길해 하고 있다
p24_u65,p24,ce2.0,국인의 혈 의원들은 더브어 민조다원이면서 봉간 설과 의견을 보인 의원을 설득켓 의 결정 듣인 22명을 채우고 철법이 예산의 통화시키려 하고 있다
p24_u65,p24,ce5.0,공위의 혈 의원들은 더브어 몇주단 의원이면서 봉간 살코 일견을 보인 i의원을 설득게 의결정 즉수인 22명을 채우고 찰법이 예산의 통화시키려 하고 있다
p24_u65,p24,ce10.0,긍리의 훈 의원들은 더으로 몇조당 의원이면서 봉간 설구 의견을 보인 내이 의원을 새득혀 의 제정즉수인 22명의 최울고 철과도 예산의 통화시키려 하고 있다
p24_u66,p24,taps,더브로 민주당 의원들로 에리 5원을 계속 설득커며 천업이 예산을 텐 수장안의 통가시거해 한다는 뜻을 굳표지 않고 없다
p24_u66,p24,ce0.0,더불어 민주장 의원들로 내의 5원의 괴속할득하며 찬업임 예산을 텐 수장한의 통가시켜 한다는 뜻을 그표지 않포있다
p24_u66,p24,ce0.1,더브어 민주장 의론들로 a위5원의 계속 설득크며 찰업이 예산의 뿔 수장안의 통가시켜야 한다는 뜻을 구틀지 않게 울다
p24_u66,p24,ce0.5,더브어 문주장 의원들도 에이 울원의 계속활득하며 철거임 예산을 맨 수정한의 터가시켜야 한다는 뜻을 굳히지 않고입다
p24_u66,p24,ce1.0,더브어 민주당 의원매로 a5원의 계속할득하며 천거부 예산의 뿐 수정한의 튼바시교야 한다는 뜻을 굳이지 않고 웃다
p24_u66,p24,ce2.0,더브어 민주당 의원되도 에이의원을 계속 훨득크며 철업이 예산의 텐 수장한의 통가시켜야 한다는 뜻을 굳이지 않고 있다
p24_u66,p24,ce5.0,더브어 민주당 의원들로 내이 5원의 계속 활득크며 청업이 예산의 뿐 수정안의 통마시켜야 한다는 뜻을 굳히지 않고 있다
p24_u66,p24,ce10.0,더브어 민주당 의원데도 내이 의원의 계속설득하며 천업이 예산의 끝 수장안의 통가시켜에 한다는 뜻을 부히지 않고 있다
p24_u67,p24,taps,인할까지 여야 협비가 되지 않아 예산한 처리가 무산되면 연간 세부 수도 사로밖게 남지 않아 사상 처의에 준 예선 잘동이 우려되고 울다
p24_u67,p24,ce0.0,이험약까지 여야할 협불과 제지 않아 예사한 처류과 무산되면 연간 회부을 스부 하로박게 남지 않아 사상 처우에 준 예산 잘등이 우려되고 있다
p24_u67,p24,ce0.1,이하했까지 여야할 혈불가 되지 않아 예산한 처리가 무산되면 연간 쇠불 수부 사로박게 남지 않아 사상 처우에 주행 예산 잘등이 우려되고 있다
p24_u67,p24,ce0.5,연할까지 여리아 협비가 제지 않아 예사한 처리가 무산태면 연간 협비을 수도 소리밖게 남지 않아 사장 처의일에 주 예산 잘등이 의려되고 있다
p24_u67,p24,ce1.0,인낼까지 여할 혈두가 되지않아 예선한 처리가 무한되면 연간 헤그스도 사르박게 남지않나 사장처위에 준 예선 잘동이 우려되고 있다
p24_u67,p24,ce2.0,지안했까지 여야 협비가 되지 않아 예산한 처리가 무산되면 연간 회될 수도 확겨밖게 남지 않아 사장 처의에 준 예산 잘동이 우려되고 있다
p24_u67,p24,ce5.0,인하했까지 여야 협비가 되지 않아 예산한 처리가 무산대면 연간 회비에 스도 사부밖게 남지않나 사상 최용에 준 예산 잘동이 우야되고 있다
p24_u67,p24,ce10.0,이날까지 여야 혈비자 되지않아 예산한 처리가 무산태면 연간 회표수도 서리북게 남지않나 사장 처울에 준 예선 잘등이 우해되고 있다
p24_u68,p24,taps,통의 지역에서 코로나 의고 즉담가염이 발생한 유향 시설에서 오의크론운 견의 관년 사에인 벗스로 하인된 가운데 코쪽 장중 확준자가 개속해 속토아도 있다
p24_u68,p24,ce0.0,동의 지역에서 코로나도 직담가염에 발생한 유향 시설에서 공의크로운 변의 관련 살에인 벗스로 하는된 과운데 코쪽 등준 허증자가 계속해 속토라고 있다
p24_u68,p24,ce0.1,등의 지역에서 코로나일고 직담가염이 발생한 유양시설에서 보리크로 전의 관년 사행인 보스로 하는된 가운데 코주 장의중 확준장각 결숙해 속투라고 있다
p24_u68,p24,ce0.5,통에 지역에서 코로나일고 주담가염이 발생한 유양 실설에서 5일크러운 편의 관년 사에인 보스르 확인 면가운데 코쪽 정중 확증자가 결속해 숙투라고 있다
p24_u68,p24,ce1.0,통해 지역에서 코로는 말고 짓담 감염이 발생한 유향시설에서 보일크름 변의 관년 사행인 거으로 확인된 가운데 코더 경의중 확증자가 결속해 숙투라고 있다
p24_u68,p24,ce2.0,통의 지역에서 코름 호울고 뒤담 감염이 발생한 의양시설에서 오의 쿠름 변의 관년 사행인 거으로 확인된 가운데 코트 동이 중 학준자가 괴속해 수토라고 있다
p24_u68,p24,ce5.0,통해 지역에서 코로나일고 직당 감염이 발생한 의향 희설에서 오미크름운 변의 건년 사해인 보스로 항는된 가운데 코절 경이 중 확증자가 결속해 숙토라고 있다
p24_u68,p24,ce10.0,통의 지역에서 코로라우고 집담감염이 발생한 유양시설에서 오밀크로운 변의 관년 사행인 벗스로 항인된 가운데 코저 정의준 혹준자가 결속해 속투라고 있다
p24_u69,p24,taps,11 동의시 부원 상국에 따르면 동의지영  요양 시설에서 코우트 경중 9십대 생행이 철종 양성 환정을 벌었다
p24_u69,p24,ce0.0,11 동의시 보원 장국에 따르면 동의지역  여양 시설에서 코우트 당미준 9십대 생행 채조 양성 환정을 바았다
p24_u69,p24,ce0.1,11 동의시 부원 상국에 따르면 동해지역 에 요양 1설에서 코우트 경의 중 구시대 생행및 체도 양성 판정을 발았다
p24_u69,p24,ce0.5,11 동의시 포원 당국에 따르면 동의지영 a 요양 1설에서 코의 당리중 9십대 생행 최종 양상 환정을 바랍다
p24_u69,p24,ce1.0,11 동해시 복은 단국에 따르면 동해지양 a 요양 시설에서 코트 경류중 9십대 생님 채둥 양생 환정을 받았다
p24_u69,p24,ce2.0,11 동의시 포원 상국에 따르면 동의지형 a이 요량 시설에서 코트 경의중 9십대 세명의 최종 양성판정을 바았다
p24_u69,p24,ce5.0,11 동해시 포건 상국에 따르면 동해지영 a이 요양 시승대서 코태 경의중 구시대 세명이 최좀 양생 환정을 바았다
p24_u69,p24,ce10.0,1의 동의시 복음을 환국에 따르면 동의지영 이 유향 시설에서 코트 장리준 구십대 생명 최종 양상 환정을 받았다
p24_u70,p24,taps,시서월 2소자 9훈 령중 숨의 두냥과 종사자 육c 영중 여함 명이 학진자로 불류행 거으로 알려졌다
p24_u70,p24,ce0.0,시석을 있소자 그흔 명준 숨을 두냥과 종사자 육생명준 여람 명이 학증 자로 불류된 것으로 잘려졌다
p24_u70,p24,ce0.1,치성을 입조자 그 명중 숨을 두명과 종사장 6식 명중 연한 명이 학증 자로 불류행 벗스로 말려졌다
p24_u70,p24,ce0.5,시사올 입소자 구흔 명중 쓰의 두냥과 종사장 6질 명중 여한 명이 석질나로 불류된 거으로 알려졌다
p24_u70,p24,ce1.0,시사월 이속에 그훈명중 숨을 두명과 종 사장 6의의 명중 연한 명이 학질 자로 불류행 벗스로 알려졌다
p24_u70,p24,ce2.0,시석 이소자 9 명중 숨의 두명과 종사장 61명중 여함 명이 학천자로 불류된 것으로 날려졌다
p24_u70,p24,ce5.0,취사월 이소자 구훈 명준 스을 두연과 종사장 6c 명준 여한 연이 학전자로 불류행 벗스로 날려졌다
p24_u70,p24,ce10.0,취소 이소대 9행 명중 수의 두명과 종사장을 육신 명중 여한 명및 폭준자로 불류행 벗스로 날려졌다
p24_u71,p24,taps,특히 학천자 서번 생양중 11곱맹이 최정은 오리크로 변의 학증자로 발해서 브랑감은 높파지고 있다
p24_u71,p24,ce0.0,특히 학준자 사벌 세형준 11본명이 최정을 5립 크러한 변의 학진자로 발해서 브랑담은 높파지고 있다
p24_u71,p24,ce0.1,특히 혹천자 소번 4양중 11곱명인 최정 5립크론운 변의 학증자로 발해서 브랑담은 높파지고 있다
p24_u71,p24,ce0.5,특히 학천자 소번 생양중 11공령이 최적히 5몇키로한 변의 확증자로 발혀져 부랑담은 높하지고있다
p24_u71,p24,ce1.0,특히 확천다 서분 생령중 11금 양일 최쟁 5몇크로을 변의 확증자로 발혀져 부랑감을 높파지고 있다
p24_u71,p24,ce2.0,특히 학천자 후분 상령중 몇1곱명이 최정은 5욕크로운 변의 확준자로 발투어 부랑감은 높파지고 있다
p24_u71,p24,ce5.0,특히 확천자 선분4명중 11금 명이 처종 5미키로운 변의 학출자로 발혀서 브랑감은 높하지고 있다
p24_u71,p24,ce10.0,특히 확천자 서은 소명중 11곱명의 처정 5일크러운 변의 확준자로 발혀져 프랑감은 높하지고 있다
p24_u72,p24,taps,이에 동의 시와 보건 당국은 학진자들의 경우 강연과 수투 동의 지역 전단병원으로 이성하고 취작 내해서을 2소자 78명을 게린 경미하고 있다고 반켰다
p24_u72,p24,ce0.0,위에 동의시와 보건 상국은 학진자들의 경우 강는과 수초 동의 지역 전단 병혼으로 이사하고 수잘 내에서는 2소자 78명일 뜨린 경리하고 있다고 변혔다
p24_u72,p24,ce0.1,이에 동의시와 보건 향국은 속준자들의 경우 강능과 스투 동의지역 전단 병원으로 이생하고 시설 내해서는 2소자 78명을 꾀린 경해 하고 있다고 발켰다
p24_u72,p24,ce0.5,위해 동의 시와 보건 당극은 억증자들의 경우 강명사 수투 동의 지역 전단 병음으로 이어하겨 시설 내해섬을 2소자 77령을 뜨림 경미하고 있다고 밝켰다
p24_u72,p24,ce1.0,위해 동해 시와 보건 당국은 확증자들의 경우 강능과 숙투 동해 지역 전단 경언으로 이성하고 시활 내해서을 2소자 78명을 끌를 경의하고 있다고 밝켰다
p24_u72,p24,ce2.0,위에 독해시와 보건 항극은 학천자대의 경우 강능과 흩투 동해 주역 전단 병언으로 이상하고 시설 내해서는 2소자 78명을 깨은 경의하겨 있다고 발켰다
p24_u72,p24,ce5.0,위에 동의 시와 보건 당득은 석준자들의 경우 강능과 숙초 통의 주역 전단병언으로 이탕하고 시설내삼을 2소자 78령을 태린 경밀하고 있다고 발켰다
p24_u72,p24,ce10.0,위에 동의 시와 보건 장극은 혹준자들의 경우 강행과 숙투 동의 지역 전단 병언으로 이선하고 피설 내해섬은 빛소자 78명을 끌을 경의 하고 있다고 달켰다
p24_u73,p24,taps,또한 등사자들의 경우 시선의 숙0의 어려운 상황이라 간네 숙닥시살 새곧 마은 연곱실에 각각 분산 배치했다
p24_u73,p24,ce0.0,또한 평사자들의 경우 시산의 숙0의 어려운 상황이라 간내 숙닥시살 세곧 많 1곱실에 각각 분산 배치했다
p24_u73,p24,ce0.1,또한 등사자들의 경우 시사의 숙색의 어려운 상황이라 간늘의 숙작시살 새곧 마흔 엘곱실에 각각 분산 배치했다
p24_u73,p24,ce0.5,또한 평사자들의 경우 시설의 숙식의 어려운 상항이라 간내 숙박취사 세곧 말은 1곱실에 각각 분산 배치했다
p24_u73,p24,ce1.0,또한 평사자들의 경우 시사의 숙집의 어려운 상향이라 간는의 숙박시설 세곧 마은 애곱실에 각각 분산 배치했다
p24_u73,p24,ce2.0,또한 등사자들의 경우 시상의 숙식의 어려운 상항이라 감내 숙박시설 세급 마은 엘곱실에 각각 분산 배치했다
p24_u73,p24,ce5.0,또한 경사자들의 경우 시사의 숙세여 어려운 상항이라 관의 숙박 쇠살 새급말은 혈급실에 각각 분산 배추했다
p24_u73,p24,ce10.0,또한 평사자들의 경우 시성인을 숙0의 어려운 상황이라 간네 숙잡시설 세골 말은 인급실에 각각 분산 배치했다
p24_u74,p24,taps,튼재 유양 술사 내해서는 레벨티 방호보고입은 일루진등이 매일 피시할 방사와 좀께 소록등일 실시하고 있다
p24_u74,p24,ce0.0,현재 요양 수설내에서는 레벨티 방무보고 입은 의루진등이 매일 피시할 감사와 청께 소록등을 세시하고 있다
p24_u74,p24,ce0.1,선재 유양 수활 내에서는 레벨티 방우복을 입은 의루진 등이 매일 피시할 방사와 선께 소록 등을 실시하고 있다
p24_u74,p24,ce0.5,현데 요양 수설내에서는 레벨티 방호보으 입은 의루진등일 매일 피센할 관파와 형께 소록 등일 쇠시하게 있다
p24_u74,p24,ce1.0,현재 요약시설 내에서는 레벨티 방호보으 입은 요료진등이 매일 피질할 관사와 형께 소록등일 채취하고 있다
p24_u74,p24,ce2.0,현대 요양시설 내해서는 레벨티 방우복을 입은 의로진등 매일 피지할 감사와 석께 소룩등을 칠시하고 있다
p24_u74,p24,ce5.0,선재 요약 수설 내에서는 레벨티 방우보으 입은 의료진등이 매일 피자 범사와 술께 소록 등을 세세하게 있다
p24_u74,p24,ce10.0,스음제 유양시설 내해서면 레벨티 방우보을 입은 의로진등는 매일 피씨할 범사와 선께 소룩등을 설취하고 있다
p24_u75,p24,taps,이와 관련에 1 1 6일까질 관내 경우당 백추을 맺끗 개돌를 인지 지간 주체하고 방역 상및 동조에기 안전 정검움을 지행한다
p24_u75,p24,ce0.0,이루와 관련에 1한 16기했까질 관내 경모당 택숭을 깨급개소를 임시 시건 수체하고 당역 사및 동절이 난전 점검을 지행한다
p24_u75,p24,ce0.1,이와 관련에 1한 16일까질 간화의 경모당 백수을 내국개소를 인질취간 주체하고 방역 사및 동조에의 난전 정건움을 지행한다
p24_u75,p24,ce0.5,이와 관련에 1 1 6기했까지 관내 경무당 백술 내급개소를 임무지의 피관 두체하교 방역 사일 통절입이 안전 점검을 주행했다
p24_u75,p24,ce1.0,위와 관련에 1을 16일까지 간루의 경모장 백수 깨급개돌를 인시 필간 도체하고 당역 상후및 동대의 연전 정업을 지행했다
p24_u75,p24,ce2.0,이와 관련에 신음 신6길까지 관노 경로장 백수 내급개소를 인세 수간 조취하고 방역 항및 동절긴 안전 점검움을 주행한다
p24_u75,p24,ce5.0,이와 관련에 1은 16일까지 관해 경모장 백스을 깨급개소를 임시 키건 조체하고 당역 사일 동조인 안전 적은거움을 주행한다
p24_u75,p24,ce10.0,이와 관련에 1한 16길까질 관노 경우장 백수음을 1것개소를 임시 희간 조체하고 당역사음및 동대게 잔전 정거움은 지행한다
p24_u76,p24,taps,전남 술천의 한 괴풀장에 성록 여성 불포가 염무새빠져 손진 사건과 발련에 경사의 경기 보조원을 이거면 조상하고 있다
p24_u76,p24,ce0.0,전남 수천을 한 굴프장에서 여성 굴포가 염호에빠져 손진 사건과 발련에 경사를 경기 보저원을 이권에 도사하고 있다
p24_u76,p24,ce0.1,전남 술천을 환 괴푸장에서 여성 결퍼가 염무새빠져 손진 사건과 발련에 경사를 경기 부조원을 이권낸 조상하고 있다
p24_u76,p24,ce0.5,전남 술산을 한 볼프장에서 여성 볼포가 염호새빠져 손진 석건과 발련에 경사일 경기 부조원을 입권에 조사하고 있다
p24_u76,p24,ce1.0,전남 술천을 한 괴푸장에서 여성 굴퍼가 연호새빠저 순진 사건과 발련에 경사일 경기 보도원을 이권에 조산하게 있다
p24_u76,p24,ce2.0,전남 술천을 한 괴푸장에서 여성 괴퍼가 염무새빠져 순준 사건과 관련에 경사의 경기 보조원을 있권는 조상하게 있다
p24_u76,p24,ce5.0,전남 선천을 한 괴프장에서 여선 괴포가 염무새빠져 숨진 사건과 관련에 경사의 경기 보조원을 이권에 조상하게 있다
p24_u76,p24,ce10.0,전람 술전을 한 불프장에서 여송 불퍼가 염무새빠져 손진 사검이과 발련에 경찰의 경기 보어원을 이권에 조산하고 있다
p24_u77,p24,taps,전남 백찰책은 실의 설설을 숭 불푸장 경기 보주원내이쓸에 엄노상 가을 출사현으로 있건에 조사하게 있다고 밝혔다
p24_u77,p24,ce0.0,전람 관찰청은 스례 선설를 헌 그입프장 건계 보조원내 있쓸에 엄모상 과실 출사현위로 있건에 조사하고 있다고 밝혔다
p24_u77,p24,ce0.1,선랑 경찰책은 스의 선설면 홍 길프장 경기 부조원내이쓸을 엄무상 과을 치사행거 이검에 조사하기 있다고 밝혔다
p24_u77,p24,ce0.5,전남 경찰청은 세례 손소른 훈 괴프당 경계 보두원내이씨를 엄호상 가을 추사현을 있권에 조사하을 있다고 밝혔다
p24_u77,p24,ce1.0,선남 경찰청은 세례의 순서의 훈 계프당 경기 보루원내이씨를 엄무상 가을 치사행려 있권에 도사하고 있다고 밝혔다
p24_u77,p24,ce2.0,전남 경살청은 세의 순수 훈 괴푸장 강기 보두원내이쓸에 엄무상 가을 표사행고 있건에 도사하게 있다고 밝혔다
p24_u77,p24,ce5.0,선람경새청은 세례의 선서의 훈 괴푸당 경기 보두원내이쓸에 엄무상 가을 출사현겨 있권에 도사하게 있다고 백혔다
p24_u77,p24,ce10.0,전남 경찰정은 세의 순소를 흔 괴프장 경기 보주원내윗스에 엄무상 바을 출사현고 있건에 조사하고 있다고 밝혔다
p24_u78,p24,taps,내윗씨는 순섬의 신 골프장 연무새빠져 숨질 5시대 골퍼 비시 사고와 관련에 비시에게 위험성을 경고하지 않은 사대 받고 없다
p24_u78,p24,ce0.0,e이c는 술선의 흔 그토장 넘무새빠져 숨질 오시대 골퍼 비시 사고와 관련에 비시에게 위음성을 정고하지 않은 환데 받고없다
p24_u78,p24,ce0.1,e이c는 순선의 흔 글프장 연모살빠져 순짐 5대 글퍼 비시 사도와 발련에 비시에게 위험성을 경고하지 않은 협위에 받꾸 없다
p24_u78,p24,ce0.5,내윗씬을 술섬인 훈 괴프장 연무새빠져 순질 올수대 골법 비시 사고와 관련에 비시에일 위형성의 경고하지 않아는 형위를 받로 있다
p24_u78,p24,ce1.0,내육시는 스3의 흉 굴프장 연목질빠져 선진 우스대 글퍼 비시 사고와 발련에 비시에게 위형서할 경고하지 않은 향이대 받꾸 있다
p24_u78,p24,ce2.0,대윗씨는 스선의 흔 괴프잔 연모새빠져 숨진 5십대골퍼 비시 사고와 관련에 비시에게 위형성을 정고하지 않은 형위에 받고 있다
p24_u78,p24,ce5.0,내2c는 순찬의 현 골프장 연무새빠져 숨질 5대골퍼 비시 사고와 관련에 비시에게 위형성을 경고하지 않은 형위에 받도 있다
p24_u78,p24,ce10.0,내입시는 순선님 흉 골프장 몇모새빠져 손운진 오시대 골퍼 비시 사고와 관련에 비시에길 위형성을 정고하지 않은 현이대 받동있다
p24_u79,p24,taps,내일치는 비시가 굴프공의 죽기 위해 이행과 떨어정 소목 연어종으로 향하는 배도 말류하지 않았고 안전 발리도 소울리한 힘위로 도자를 받고없다
p24_u79,p24,ce0.0,해이씨는 붙시가 볼프공의 주기 위해 띠행과 떨어자 성공 연어종으로 향하는 배도 말류하지 않았고 잔잔 살리도 소울의한 힘위로 도자를 받고없다
p24_u79,p24,ce0.1,에츠는 비시가 그의프공을 죽기 위해 이행과 떨어전 수후 연어정으로 행한 배도 말류하지 않았고 안잔 발리도 소울리한 힘위로 도사를 받고 있다
p24_u79,p24,ce0.5,에이즈을 비시가 보의프공의 죽기 위해 끼행가 떨어저 수의 연어정우로 행화 내도 말류하지 않았고 잔단 관리도 호울리한 흉위로 드발를 받고 있다
p24_u79,p24,ce1.0,에입츠는 비시가 보의표공의 집비 위해 이행가 떨어더 소의 연어종으로 형한대도 말류하지 않았고 안전 관리로 소울리한 형위로 투발를 받고 있다
p24_u79,p24,ce2.0,배이츠는 비시가 그의표공의 죽비 위해 이행가 떨어자 수 연어종호을 힘하는대도 말류하지 않았고 반전 발리도 소우리한 형이고 두자를 받고 있다
p24_u79,p24,ce5.0,에이스는 비시가 보리토공의 죽비 위해 이행가 떨어저 소임 연어정으로 향하는대도 말류하지 않았고 잔단 발리도 소우리한 세위로 도발를 받고있다
p24_u79,p24,ce10.0,내윗시는 비시가 보의표공을 죽기 위해 비행가 떨어저 수 연어종으로 생한배도 말류하지 않았고 만던 결리도 소우리한 협이로 두자를 받도 있다
p24_u80,p24,taps,앞서 형찰은 연모 주년에 우탈리가 살취를지 않은 점등 시설물 안전 소치가 충벌하지 않았다며 굴프장 안전점당자 행령행 있건에 조사하고 울다
p24_u80,p24,ce0.0,앞서 경사른 연모 주년에 일타리가 살치를지 않은 섬중 시사물을 안전 소치가 충벌하지 않았다며 글프장 안전 섬당자 흔 명에 있건에 조사하고 있다
p24_u80,p24,ce0.1,악서 경찰은 연모 주변에 의탈리가 설치을지 않은 점들 시설물 안전 조치가 충군하지 않았다며 그푸장안전 잠당자 흥명의 의경에 주사하인 있다
p24_u80,p24,ce0.5,앞서 경사른 연호로 주년에 을탈리가 설치를지 않은 점들 시설을 난전 조치가 충굴하지 않았다며 글프장 안전 점당자한 훈형에 의건에 조사하고 있다
p24_u80,p24,ce1.0,앞더경차은 연모 주변에 이탈리가 설취에지 않은 점들 시설물 안은 조치가 충부하지 않았다며 글포당 안은 잠당자 행령에 입건에 조사하고 있다
p24_u80,p24,ce2.0,앞써행사른 연모 주전에 일탈리가 설치를지 않은 섬등 시설1 안전 조치가 충건하지 않았다며 그 투장 안전 삼당자 형명의 있건에 두자하고 있다
p24_u80,p24,ce5.0,앞서 경사은 연모 죽견에 을타리가 설취에지 않은 섬음등 시설물 안전 조치가 충부하지 않았다며 굴프장 안전 잠당자 흥령에 이건에 조사하고 있다
p24_u80,p24,ce10.0,앞서 경사은 연모 주견에 일탈리가 설초에지 않은 섬등 시선을 안전 조치가 충분하지 않았다며 결투장 안전 삼당우자 형명인 이건에 조사하고 있다
p24_u81,p24,taps,평사른 골프장매 사고 예방 도치가 전반적으를 소울했던 것으로 부고 중대제외 처벌 법상 중대 1일 재 해당하는 몇부을 강토하고 있다
p24_u81,p24,ce0.0,평사은 골프장매 사공 예방 소치가 전반적으로 소울했던 것으로 부고 중대제회 처벌 법싸 중대 1의재 해당하는 여부을 강토하고 있다
p24_u81,p24,ce0.1,평사른 글프장내 사고 예방 붙치가 전반적으를 소울했던 벗으로 부고 중대제회 처벌 법삯 중대 시일 재 해당하는 여불을 간토하고 있다
p24_u81,p24,ce0.5,평사은 골프장내 사그 예방 보츠가 전반락으로 소움했던 것으로 보고 주행대 제해 처벌법사 중대 시일 제 해당하는 여불을 감토하고 있다
p24_u81,p24,ce1.0,평차른 골포장매 사공 매방 붙지가 전반적으로 소우했던 것으로 부고 중대 재해 처을 법다 중대 지민 재 해당하는 여불을 감투하고 있다
p24_u81,p24,ce2.0,평사은 글프작매 사은 예방 보치가 전반적으로 수우했던 거으로 부고 중대 제해 처벌 법싸 중대 시민 재 해당하는 여불을 감토하고 있다
p24_u81,p24,ce5.0,평사은 골푸장매 사공 예방 보츠가 전반적으로 소훈했던 것으로 부고 중대제해 처벌 법싸 중대 시민죄 해당하는 여부을 감토하고 있다
p24_u81,p24,ce10.0,평사은 골프장매 사구 매방 보치가 전반적으를 소울했던 벗스로 부고 중대재해 처벌 법싸 중대 시민 재 해당하는 여불을 감토하고 있다
p24_u82,p24,taps,지난 4와이67일 5전 여시 50인 문쯤 전난 술선의 한 골프장에서 오시대 여성 불포가 유타리가 없는 연모에서 공우 준려다 3몇텔 기피에 염무에 빠져 순졌다
p24_u82,p24,ce0.0,지난 4와27일 오전 여시 50을 문쯤 전난 슬선의 한 고입프장에서 옷스대 여상 불포가 이탈리가 없는 연모에서 공으를 중으려다 3립텔 기피에 염모에 빠져 순졌다
p24_u82,p24,ce0.1,지난 4월27일 5전 여시501 문쯤 전난 술선의 현 괴푸장에서 5시대 여상 결포가 유타리가 없는 연모에서 교을 중으려다 36텔 기피에 염못에 빠져 수르졌다
p24_u82,p24,ce0.5,지난 4와27일 5단 여시501분쯤 전남 쓸선의 흔 괴푸장에서 우스대 여상 굴포가 유타리가 없는 연모에서 공을 주우려다 3몇털 비피에 연못에 빠져 흘졌다
p24_u82,p24,ce1.0,지난 4월 27인 5던 여시 51 문쯤 전남 순선의 흥 괴프장에서 5시태 여상 골포가 이탄가 없는 연모에서 공의 중우려다 함몇태 깊피에 연못에 빠져 술졌다
p24_u82,p24,ce2.0,지4월27일 5단 여시 50일 문쯤 선남 술선의 현 괴투장에서 유스대 여상 결포가 유탄과 없는 연모에서 공을 중려다 3히터 비피에 염모에 빠져 수었다
p24_u82,p24,ce5.0,주난 4월271 5전 여시5일 문중 전남 순선의 현 골프장에서 오시대 여성골포가 울탈리가 없는 연모에서 공을 중우려다 3몇터 기피에 염못에빠져 숨졌다
p24_u82,p24,ce10.0,시남4월27인 모전 여시50일 문쯤 전남 수선의 현 굴프장에서 오스대 여성 결포가 유탈이가 없는 연모에서 공의 중우려다 3몇터 기피에 염못에 빠져 술졌다
p24_u83,p24,taps,총륙 토지 주택 공사가 모주택 세대 구성원이면 누구화 실청할 수 있는 전세영 수택939에제한 청학 점술를 선식 예로부터 실세한당고 밝혔다
p24_u83,p24,ce0.0,총조 토지 주택 공사가 무주택 체대 부성원이는 누존나 실청할 쓰있는 전세영 주택 939에 대한 청각 점술를 31월 부터 실센당고 밝켰다
p24_u83,p24,ce0.1,성륙토질 주택공사가 노주택 세대 그성원이면 누구나 신생할 수 있는 전세영 수택9395에 제한 청학 점술를 31월부터 실세한당의 밝혔다
p24_u83,p24,ce0.5,형국 토지 주택공사가 모주택세대 구성원이면 누음할 신충할 쓰있는 전세영 수택9395에 대한 청학 점술을 선식 1의물여 실시한다고 밝혔다
p24_u83,p24,ce1.0,성국토여 주택군사가 무주택 세대 그성원이면 누그와신청할 쓰있는 전세영 주택9395에 대한 청약 접술을 3생1해부터 실센한다고 달혔다
p24_u83,p24,ce2.0,1일력토죄 주택공사가 루주택 세대 그섬머이면 누응할 신청할 수 있는 전세영 주택 9395에 대한 1약 점술을 31부터 실센한다을 밝혔다
p24_u83,p24,ce5.0,1국 토질 주택구사가 무주택 세대 그서머이면 누구할 신청할 쓰 있는 전세영 주택9395에 재한 청약 점술를 3애1부터 실세한다고 달혔다
p24_u83,p24,ce10.0,총육토질 주택 공사가 우주택세대 부성머이면 누구나 실청할 쓰위는 전재영 수택 9395에 대한 총학 점술를 39부터 실수한당을 밝혔다
p24_u84,p24,taps,전세형 주택은 시중 전세시새 80포 위하수주닌 인대유를 충대 8포센트까지 보두구으로 촉정낸 이주자의 월 인대류 부담을 나출 인대주택이다
p24_u84,p24,ce0.0,전세형 주택은 시중 전세시새 8% 위할소주닌 인대유들 최대 8포센까지 보둔궁으로 척정했 이주자의 월 인대를 부담을 낫은 인대주택이다
p24_u84,p24,ce0.1,전세형 주택은 시정 전세수의8% 위화 수주인 인대류를 최대 8퍼텔까지 보둥궁으로 최정행 2주자의 멀 인대의 부담을 낳은 인대주택이다
p24_u84,p24,ce0.5,전세형 주택은 시명 전세시의8%트 위할수주닌 인대우를 표대8포센트까지 보둥구으로 척정에 입주자의 월 인대를 부담을 낳추 인대주택이다
p24_u84,p24,ce1.0,전세형 두택은 시둥 전세지대 8% 위하스주인 인대육일 최대 8퍼택까지 보등경우로 척청해 입주자의 월 인대류 보담을 낳은 인대 드택이다
p24_u84,p24,ce2.0,전세형 주택은 시종 전세시의8피위가 소주인 인대류를 최대 8트까지 보등궁으로 책정낸 이주자의 월 인대류 부담을 낳은 인대주택이다
p24_u84,p24,ce5.0,전세왕 주택은 시준 전대술의 8% 위하소주인 인대육일 최대 8프센트까지 보둥경으로 척정에 이주자의 월 인대를 부담을 낳은 인대주태위다
p24_u84,p24,ce10.0,전세형 주택은 시중 전세시의 8% 위하서지능 인대류의 최대 8퍼센트까지 보드경으로 책정낸 2주자의 월 인대를 부담을 나은 인대 주택이다
p24_u85,p24,taps,로 주택 새대 구상원 역건을 충족하는 계우에 기본 사년 이주 대기자가 없을 된 이년 연장까지 가능에 최장 영년 거주할 수 있는 것이 뜻징니다
p24_u85,p24,ce0.0,모호주택 새대 부성원 역건을 충독하는 경에 기본 사녀 입주 대기자가 없을 된 이년 연장까지 가능에 최장 영년 거주할 수 있는 것이 뜻집니다
p24_u85,p24,ce0.1,무 주택 새대 그상원 역권을 충득하면 경능에 기본 사년 이주 대기자가 없을 된 이면 연장까지 가능에 최장 영년 거두할 수 있는 것이 특집니다
p24_u85,p24,ce0.5,모우 두택 새대 구상원 역건을 충독하는 경해 기본 사녀 이투 대비자가 없으 있된 이면 연장까지 관에 취장 영년 거주할 수 있는 것이 특징이라
p24_u85,p24,ce1.0,모 주택 최대구성원 요건을 충독하는 경능에 집본 자년 입투 대기자가 없이 된 이년 연장까지 가능에 취장 영년 거주할 수 있는 것이 뜻증이다
p24_u85,p24,ce2.0,무 두택 새대 부성원 유건을 충독하는 경용에 기본 사년 익주 대기자가 없으 있된 이년 연장까지 가능에 취장 영연n 거두할 수 있는 것이 특증이다
p24_u85,p24,ce5.0,무 주택 새더 구섬원 역건을 충독하는 경우에 기본 사녀 의주 대기자가 없으 있된 이년 연장까지 가능에 추장 용년 거주할 수 있는 것이 특증이다
p24_u85,p24,ce10.0,무 주택 새대 구상원 유건을 충족하는 겨능에 기본운 사년 입주 대기자가 없으 있된 이년 연장까지 가능에 취장 영년 거주할 수 있는 것이 특중이다
p24_u86,p24,taps,목된 마련의 어려운 경해는 보주경의 나추고 월 인데로의 로피는 보증그 전한 채돌에 이용했 수 있다
p24_u86,p24,ce0.0,목뿐 마련의 어려운 경에는 보증경을 나추고 월 인데로의 롭키는 보증궁 전한채도를 이용할 수 있다
p24_u86,p24,ce0.1,목분 마련의 어려운 경응에는 보등경의 나추고 월 인데를의 놓키는 보둥궁 전한채들에 이행할 수 있다
p24_u86,p24,ce0.5,목든 마련의 어려운 경에는 보득금의 나추고 원 인데로의 룩키는 보두움을 전한채도를 이용할 수 있다
p24_u86,p24,ce1.0,목든 마련의 어려운 강능에는 보등검의 나추고 월 인대로를 목키는 보둘을 전한재도를 이용했 수 있다
p24_u86,p24,ce2.0,목든 말련 어려운 경능에는 보주금의 나추고 월 인데로의 높키는 보주은 선한재들를 이용할 수 있다
p24_u86,p24,ce5.0,목분 마련의 어려운 경우에는 보증금의 나추고 월 인대를의 높키는 보중금 전한 재들를 이용했 수 있다
p24_u86,p24,ce10.0,목든 마련이 어려운 경에는 보즐금을 나추고 월 인데로를 높이는 보슬글 전한채도를 이용했 수 있다
p24_u87,p24,taps,이원의 궁급파는 939우는 건설 인대 주택 399호 매입 인대 주택 54포로 사인 일 경기 지역에 울치 한다
p24_u87,p24,ce0.0,이원의 궁급파는 989우는 건설 인대 주택 399후 매이 인대 주택 54포로 사1 경기 지역에 유치 한다
p24_u87,p24,ce0.1,이원의 궁급파는 939우는 건설 인대 주택 399후 매입 임대 주택 54포 사및 경기 지역에 위치 한다
p24_u87,p24,ce0.5,2원의 군급파을 939우는 건사 인대 주택 399후 매입 인대 주택54포 서및 경귀 지역에 웨치한다
p24_u87,p24,ce1.0,2원의 궁급파는 949우는 건터 인대 주택 399후 매입 임대 주택 54포로 터훈 및 경귀 지역에 위치한다
p24_u87,p24,ce2.0,위원의 궁급파는 919후는 건더 인대 주택 199후 매입 인대 주택 54포 1및 경기 지역에 위치 한다
p24_u87,p24,ce5.0,위원의 공급파는 939우는 건토 인대 주택 399후 매입 인대 주택 540포로 서및 경기 지역에 위치한다
p24_u87,p24,ce10.0,2번의 궁급파는 939는 건설을 임대 주택 선99후 매입 임대 주택 940포 1및 경기 지역의 웨치한다
p24_u88,p24,taps,창약 술청은 내레이치 창약 센터 수폐이진에서 인날부터 공극권원약 번로 신청할 수 있으며 당천자는 개약 책결 도 내년 3월부터 있주할 수 있다
p24_u88,p24,ce0.0,창약 신청은 에래이치 창약 센터 손폐이지해서 인할부터 공급과약전로 신청할 수 있으여 장천자는 개약 책개도 내년 3월부터 있주할 수 있다
p24_u88,p24,ce0.1,창약 슬청은 에레이치 창약 센터 흥폐이이해서 인할부터 근국과원약전로 신청할 수 있으며 당천자는 계약 책개후 매년 3월부터 있주할 수 있다
p24_u88,p24,ce0.5,청약 순청은 내레입이 청약 센터 훈폐이해서 유화부터 공국과약 번로 신청할 수 있으며 당천자는 개약 체1부 내년 3월부터 있주할 수 있다
p24_u88,p24,ce1.0,처약 신청은 내 2체 청역 센터 훈폐인후해서 인할부터 궁급권원약관로 신청할 수 있으며 당천자는 개약 책결후 매년 3월부터 있주할 수 있다
p24_u88,p24,ce2.0,청약 수청은 내대 2치 청약 센터 후페인지에서 인할부터 궁급과원약 분로 신청할 수 있으며 당천자는 개약 책개후 내년 3을부터 있쫓할 수 있다
p24_u88,p24,ce5.0,창약 신청은 내래 2치 창약 센터 훈패일해서 유화부터 공급과원약 견로 신처할 수 있으며 장천자는 계약 책결후 내년 3월부터 이주할 수 있다
p24_u88,p24,ce10.0,청약 실청은 내대 2체 총약 센터 호세우이해서 인할부터 공급거원약 변로 신청할 수 있으며 당천자는 계약 책개후 내년 3을부터 있쫓할 수 있다
p24_u89,p24,taps,경쟁이 발생하는 경우 소득 수전에 따른 손도로 당천자를 선정하며 동일 소위에서는 전산 수천 별과에 따른다
p24_u89,p24,ce0.0,경쟁의 발생하는 경우 소둑 스정에 따른 손이로 당천자를 선정하면 동일 손이에서는 전산 스천 별과에 따른다
p24_u89,p24,ce0.1,경쟁의 발생하는 경우 소득 스전에 따른 순이로 당천자를 선정하면 동일 슬에서는 전산 스천 별과에 따른다
p24_u89,p24,ce0.5,경쟁의 발생하는 경우 소득스준을 따른 수능으로 당천자의 설정하면 동일 수능해서을 전단 추천 별과에 따른다
p24_u89,p24,ce1.0,경쟁이 발생하는 경우 호백 수름에 따른 순위로 당천자의 선저하면 동일 순에전을 전단 추천 결과에 따른다
p24_u89,p24,ce2.0,경쟁의 발생하는 경우 소득 수음에 따른 순위로 당천자의 선정하면 독일 순에서는 전산 수청 별과에 따른다
p24_u89,p24,ce5.0,경쟁의 발생하는 경우 소득 수슬을 따른 순조 당천자를 선정하며 동일 술해선을 전단 첫천 별과에 따른다
p24_u89,p24,ce10.0,경쟁의 발생하는 경우 토득 수준에 따른 순위로 당천자를 선정하며 동일 순에섬을 전산 추천 별과했 따는다
p24_u90,p24,taps,길걸 예서 조음만 광하지의 목두를 주어올려 공중에서 핑딩 별리는 남선과 호대방하던 잘려전의 분황이 전해졌다
p24_u90,p24,ce0.0,길꺼리에서 조음만 강하제 목주를 저어울려 공중에서 빙빙 별리는 남성과 혹대당하던 살려전에 등황이 전해졌다
p24_u90,p24,ce0.1,길겸예서 조음만 강하지 목들를 들어올려 공중에서 뱅딩 벨리는 남성과 수대당하던 잘려자을 귀망이 전해졌다
p24_u90,p24,ce0.5,길가우에서 조음만 장하제 목들를 들어울려 공중에서 병긴 돌리는 남성과 수대방하던 잘려점에 그망이 전해졌다
p24_u90,p24,ce1.0,길깨위에서 조음만 강하죄 목불를 주어울려 공중에서 병빙 분류는 남성과 호대방화등 살려견을 근황이 전해졌다
p24_u90,p24,ce2.0,길겁이에서 조음만 강하제 목들를 줄어울려 공중에서 병빙 돌리던 남성과 폭텔방하던 살려전에 근황이 전해졌다
p24_u90,p24,ce5.0,길각울 예선 조음만 강하대의 목들를 줄어올려 공중에서 병핑 돌리던 남성과 확대방하던 살려전에 근황이 전해졌다
p24_u90,p24,ce10.0,길각예서 적음만 강하제 목주를 주어올려 궁중에서 병빙 돌류던 남성과 촉대방하던 살려점에 근황이 전해졌다
p24_u91,p24,taps,60일 동물관 산체 회형했 따르면 당하지 여유라는 불린 튼 살자의 말집경 다름가 새 과족의 찾았다
p24_u91,p24,ce0.0,20일 동물권 산체 회활에 따르면 다하지 유유라는 불린 선살자의 말찍를 경 다롱이가 새 거죽의 찾졌다
p24_u91,p24,ce0.1,60일 동물권 산체 회험에 따르면 당하지 여유라는 불린 순설자의 말지들경 다롱이가 새과족의 찾았다
p24_u91,p24,ce0.5,20일 동물관 산체 회험에 따으면 당하지 여유사는 불린 순쇠자이 말찍일견 다름이가 세 과죽을 처았다
p24_u91,p24,ce1.0,20의 동물권 산째 회회에 따르면 당하지 유유하는 불린 흔살자의 말찍경 다롱이가 새 가족의 찾았다
p24_u91,p24,ce2.0,20인 동물권 산체 회활에 따르면 당하지 여유가는 불린 현사자의 말찍질경 다르이가 새가족의 찾작다
p24_u91,p24,ce5.0,20일 동물관 단책 해회해 따르면 당하지 요유하는 불린 선사자의 말티일견 다롱이가 새가족의 찾았다
p24_u91,p24,ce10.0,21일 동물관 산체 평화에 따르면 당하지 여유하는 불린 순설자의 말치질견 다롱에가 새가족에 찾았다
p24_u92,p24,taps,크하는 지난 11 구조한 사롱위에 사혈의 공개하고 전국에서 2방 신청할 받았다
p24_u92,p24,ce0.0,크어는 주난 11 구두한 자롱이에 사혈의 군개하고 전국에서 이방 신청할 받았다
p24_u92,p24,ce0.1,크요는 질난 11 구두한 자롱위에 사혈를 군개하고 전국에서 2방 신청을 받았다
p24_u92,p24,ce0.5,크원을 주난 11 구두한 다롱에 사용을 군개하고 점국에서 이방 신청을 받았다
p24_u92,p24,ce1.0,크원는 주난 세1 구류한 다롱위에 사연을 군개하고 전국에서 2방 실청을 받았다
p24_u92,p24,ce2.0,크험는 주난 세1 구두한 다롱위에 사용을 공개하고 전국에서 이당 신청을 받았다
p24_u92,p24,ce5.0,케우는 주한 세1 구두한 다롱이에 사유의 군개하고 전국에서 이방 신청을 받았다
p24_u92,p24,ce10.0,크험는 주한 11 구두한 다롱이에 사용을 군개하고 전국에서 2방 신청할 받았다
p24_u93,p24,taps,약 9십건을 신 정금 다로역에 가장 접합파다도 판단한 경기도 영시해 산을 3대부부의지대 이량의 결점있다
p24_u93,p24,ce0.0,약 90건을 쓴 정중 다로에의 가장 접합파다그 편자한 경기볼 영문시에 산을 3대부9의 집에 2량의 결점했다
p24_u93,p24,ce0.1,약 9십건을 쓸정금 자로예의 가장 접합파다고 판단한 경기임의 영문시에 산을 319부집에 2방의 결정했다
p24_u93,p24,ce0.5,약 9십건의 1정군 다로역의 가장 덕합파다도 판단한 경기을 영인시해 산는 31부의 집에 이방의 결정있다
p24_u93,p24,ce1.0,미학 90건의쓸 정군 다로몇의 가장 적합파다고 판단한 경기의 용밀시에 산는 3십대부부의 집에 의방의 결정했다
p24_u93,p24,ce2.0,약 9십건의 을 정금 다로예의 가장 접합파다고 편단한 경기부 용인시해 사는 한십대 부부의 집에 유방의 결정했다
p24_u93,p24,ce5.0,약 90건의 쓸정궁 다로예의 가장접합파다고 판단한 경귀을 용시해 산을 3십대부부의 집에 이방의 결정했다
p24_u93,p24,ce10.0,약 9십건의을 정군 다루명의 가장 접합파닥의 편단한 경규두 영인시해 산는 3대부부의 집에 이장의 절정했다
p24_u94,p24,taps,저은 수택에 산코 있어 다롱과 마원것 뛰험을 수 있고 귀존의 키임을 다른 말치질 한날이가 있어 다롱강 외룩지 않에걸라 편단했다고 한다
p24_u94,p24,ce0.0,저원 수택에 살고 있어 다롱자 마원것 뛰험을 수 있고 기존에 키임을 다른 말치지 항날리가 있어 다롱간 외릅지 않에 걸라 편단했다고 한다
p24_u94,p24,ce0.1,저원 수택에 살고 있서 다롱과 마원것 찍험을 수 있고 귀존의 키훈 다른 말티질 항날리가 있어 다롱강 외롭지 않을결라 편단했다고 한다
p24_u94,p24,ce0.5,저혼 주택에 살고있어 다롱가 마원것 뛰행을 수 있고 기존에 키우을 다른 말티지 한말이가 있어 다롱가 예롭지 않을 걸란 편단했다고 한다
p24_u94,p24,ce1.0,저혼 주택에 살고 있어 다롱과 마원것 뛰해을 수 있고 귀존에 키우훈 다른 마티질 한만이가 있어 다롬가 예롭지 않을 걸라 판반했다고 한다
p24_u94,p24,ce2.0,저업 수택에 살고 있어 다롬과 마음것 뛰행을 수 있고 귀돈의 크움을 다른 마티질 한 하이가 있어 다롬과 외롭지 않을 걸란 판단했다고 한다
p24_u94,p24,ce5.0,저원 수택에 살공 있어 다롱과 마음것 뛰원을 수 있고 기조에 캠문 다른 말티주 한말이가 있어 다롱가 외롭지 않을 걸라 판단했다고 한다
p24_u94,p24,ce10.0,저월 수택에 살공 있어 다롱과 마온것 뛰험을 수 있고 기돈에 풍굴 다른 마티주 한 말리가 어 다롱가 웨롭지 않을 거란 편단했다고 한다
p24_u95,p24,taps,태역는 발려견의 맞치 총랑밤 서럼 다로는 동영상이 올라인의 허삼하자 서울 인통우에사는 남성 에c의 지난 11 처작갔다
p24_u95,p24,ce0.0,태어는 발력견의 맞치 총랑밤 서럼 다로는 동행상이 올라인의 혹상하자 서울 인평구에 사는 남성 ac의 지난 11 처작갔다
p24_u95,p24,ce0.1,태어는 발려견의 맞치 정랑감 서럼 다루는 동용방이 올라인의 훔상하자 서울 인평우에사는 남성 ac의 지하일 11 처작갔다
p24_u95,p24,ce0.5,키어는 발려견의 맞치 총랑밤 사람음 다루는 동용향이 올라인의 혹산하자 서울 음평 위해사는 남성 ac의 진한 11 처작갔다
p24_u95,p24,ce1.0,태우는 발려견을 맞치 정능담설럼 다루는 두용장이 올라인의 확단하자 서울 임평우에 사는 남성c의 지한 1일 찾작갔다
p24_u95,p24,ce2.0,케어는 발려견의 맞치 총망담 서럼을 다루는 동용상이 올라인의 확난하자 서울 인평우에사는 남석 ac를 지난 1일 찾작갔다
p24_u95,p24,ce5.0,회오는 발려견의 맞치 총난밤설럼 다루는 도용상이 올라인의 확산하자 서울 음평계사는 남성 c의 진할 1일 찾작갔다
p24_u95,p24,ce10.0,태어는 발려견의 맞치 총랑밤서럼 다르는 도용상이 올라인의 혹산하자 소울 인평예사는 남성 c일 지난 1일 처작갔다
p24_u96,p24,taps,엘c는 큰우측이 후대 영상을 보여주자 토버 우스며 앞에서 강하으을 등빙 돌리는 무습을 반복한니도 했다
p24_u96,p24,ce0.0,엘씨는 큰침이 허대 영상을 보요주자 허버 우스며 앞에서 강하으을 등빙 돌리는 무습을 반복하이도 했다
p24_u96,p24,ce0.1,ac는 크우침이 훔대 영상을 보요주작 토포 우스며 앞에서 강하으의 등빙 돌리는 무습일 반복하이도했다
p24_u96,p24,ce0.5,ac을 키무침이 협등 영상을 보여두잡 포보 우스며 앞에서 강하즈의 등빙 돌리는 무습을 반복하이 되했다
p24_u96,p24,ce1.0,e이스는 케호습이 합대 영상을 보여두작 h버우스며 앞에서 강하으을 등빙 돌리는 무습을 반복하며도 했다
p24_u96,p24,ce2.0,에입스는 크호측의 흩된 영상을 보여주자 h소 우스며 앞패적 강하질의 등빙 돌리는 모습을 반복하기도 했다
p24_u96,p24,ce5.0,에이s는 평무측이 협대 영상을 보여주자 호소 우스며 앞에서 강하질의 등빙돌리는 무습을 반복하이도했다
p24_u96,p24,ce10.0,내이씨는 체목척이 회더 영상을 보여주자 호소 우스며 앞에서 강하질의 등빙돌리는 무습을 반복하이도 했다
p24_u97,p24,taps,크냥활통가들은 현시간 넘께 긴가리에서 애윗씨가 개에 소욕관는 손조야도록 살득했고 결국 포비 갑소를 받었다
p24_u97,p24,ce0.0,크양활통가들은 혈시간 넘께 긴거리에서 애스가 계에 소격관을 포주하도록 할특겠고 절국 폭기 갑설를 받았다
p24_u97,p24,ce0.1,크량활돌가들은 선식간 넘께 길거리에서 애이스가 계에 소속건을 품부하 도록 산특겠고 결국 폭지 갑설를 받었다
p24_u97,p24,ce0.5,태할 혈돌라들은 혈0한 넘께 길가리에서 애이씨가 개 소역관을 포비하도록 설특겠고 결국 폭기 갚설의 받았다
p24_u97,p24,ce1.0,케할 할떨라들은 혈심한 넘께 길케리에서 애2치가 개에 소부번을 표회하도록 할득겠고 결국 폭히 각설의 받았다
p24_u97,p24,ce2.0,크할 혈동가들은 혈0한 몸께 길거리에서 애이스가 개해 소교건을 포드하도록 할득했고 결국 폭기작설를 받았다
p24_u97,p24,ce5.0,케할 할틀바들은 현시단 넘께 길거리에서 애이스가 개 소로번을 포지하도록 살득했고 결국 폭기 각설를 받았다
p24_u97,p24,ce10.0,괴할 혈동가들은 혈시단 넘께 긴거리에서 애2치가 개 소부건을 포소조하도로 설득했고 결국 토비갚설를 받았다
p24_u98,p24,taps,현평 회하는 레이c의 동을 보법법 위반 현고 경사의 신구했고 서울 눈평 경찰소르는 하멸의 인정의 내이c의 지하십 사일 검찰의 송취했다
p24_u98,p24,ce0.0,현편 크하는 내이씨의 동을 보협법 2반 현고 경찰의 신고했고 서울 눈평 경태서는 터류의 인정의 내이c의 지할쉽 산일 검찰의 송취했다
p24_u98,p24,ce0.1,현평 회원는 내이c의 동물 보협법 위반 현고 경사의 신고했고 서울 눈평 경탈 소른 사유의 인정에 내이c의 지날싶 사일 검찰의 송취했다
p24_u98,p24,ce0.5,현평 k험면 ac의 동무을 보협법 미반 현위로 경사의 신고 했고 서울 은편 경찰선을 허위의 인정에 ac의 지난쉽사실 검찰의 송치했다
p24_u98,p24,ce1.0,현편 회회는 에일스의 동무 보협법 위반 현고 경사의 신고했고 서울 은편 경찰손는 현물의 인정에 ic의 지할 쉽사일 검찰의 통치했다
p24_u98,p24,ce2.0,현평 키행는 내이스의 동우 보협법 위반 혈민고 경사의 신고했고 서울 은평 경태소는 s위의 인정에 내이c의 진할 1사일 검사의 성취했다
p24_u98,p24,ce5.0,현편 태원는 내이스의 동물 보협법 위반 현로 경사의 신구했고 서울 은편 경태서는 하위의 인정에 내이스의 진할 1사일 검찰의 성취했다
p24_u98,p24,ce10.0,현편 크험은 내이스를 동물 보협법 2안 현국 경사의 심고했고 소울 은평 경태소는 사위의 인정에 내이스를 주할 쉽사인 검찰의 성취했다
p24_u99,p24,taps,미국의 1 4십대 남성이 복건 성내 적원의 실수로 백만딴너의 당천되는 행문을 행깨될다
p24_u99,p24,ce0.0,미국의 혈 사시대 남성이 복건 성내 저원의 실으로 백만 딴노의 당천되는 회문을 연깨졌다
p24_u99,p24,ce0.1,미국의 1 4대 남성이 복건 상의 점원의 실스로 백만 딴로의 당천되는 헤문을 옮깨했다
p24_u99,p24,ce0.5,리국의 1 4십대 남성이이 폭건 향해 저원의 실으로 백환딴라의 당섬되는 후문의 영게했다
p24_u99,p24,ce1.0,미국을 현 4대 남성이 북건 흥해 저원의 실수로 백만 딴노의 당섬되는 행문을 행깨했다
p24_u99,p24,ce2.0,미국의 현4십대 남성및 북건 향의 저원의 실으로 백만딴로의 당천되는 행문을 응깨졌다
p24_u99,p24,ce5.0,미북의 한 4대 남성이 복건 현해 저원의 실스로 백만 딴의의 당섬되는 행문에 연깨했다
p24_u99,p24,ce10.0,미국을 현4십대 남성이 복건 선매 저원의 실스로 백만딴로의 당손되는 행문에 옮겨했다
p26_u00,p26,taps,올라인에서 주십투자 9수 행세를 하던 30대 여성이 16시버건을 가루텐 험물를 실형을 바았다
p26_u00,p26,ce0.0,올라일에서 주십표자 9주해위세를 하던 3십대 여성일 백력시모건을 가룩텔 협물를 실명을 받았다
p26_u00,p26,ce0.1,올라인에서 주식 투자 9스 행세를 하던 3십대 여성이 16시버건을 가르체 협물를 실명을 받았다
p26_u00,p26,ce0.5,올라이에서 주식 투자 9수행세를 하던 31 여성이 16시버건을 가르텐 협물를 실령을 받았다
p26_u00,p26,ce1.0,올라인에 서 주십표자 9두 행최를 하던 30배 여성이 16시버건을 가르텐 협물를 실령을 바았다
p26_u00,p26,ce2.0,올라인에서 주집 프자 구주 행최를 하던 30대 여성이 165건을 가루텐 협머를 쉬령할 받았다
p26_u00,p26,ce5.0,올라인에서 주십표자 고수 행최를 하던 30대 여성이 16시버건을 가르체 협머를 쉬령을 바았다
p26_u00,p26,ce10.0,올라인에서 주십투자 9주행세를 하던 3십대 여성이 백6시버건을 가르텐 협머를 실령할 바았다
p26_u01,p26,taps,11를 법주대등에 따라면 배기 집법은 인할 뜻정 경재범제 가증 처발에 관한 범늘 이반등의 협매로 기소된 hb 직약 팔련을 성고했다
p26_u01,p26,ce0.0,입입일 법주개등에 따라면 배기 집법은 인할 뜻정 경재범제 가증 처발에 관난 범을 일반등의 협매로 기서된 h의 직약 팔련을 성구했다
p26_u01,p26,ce0.1,11일 법두에등에 따라면 배교 집법은 인할 특정 경재범제 가증 처관에 관한 범률 일반등의 협물를 기서된 ac및 직약 팔련을 성구했다
p26_u01,p26,ce0.5,시비일 법주대등에 따르면 대구 집법을 인할 특정 경제범제 가증 처발에 관한 범률 입반등의 현회로 기소된 cp 증약 팔련을 성구했다
p26_u01,p26,ce1.0,1입일 법주에등에 따르면 대구 집법은 인할 특정 경제범제 가증 처벌에관난 범률 위반들의 현매로 기서된 cm 징약 팔련을 성구했다
p26_u01,p26,ce2.0,시비일 법추에 등에 따르면 대구 집법은 인할 특정 경제범제 가중 처발에관난 범률 위반등의 현모로 기소된 c게 직역 팔련을 성고했다
p26_u01,p26,ce5.0,시비들 법주에 등에 따르면 대구 집법은 인할 특정 경제범제 가증 처발에 관한 범률 위반등의 형매로 기소된 c게 직역 팔련을 성구했다
p26_u01,p26,ce10.0,1입일 법조에 등에 따르면 배구 집법을 인할 특정 경재범제 가중처발에 관한 법률 위반등의 협매로 기소된 aca1 직력 팔련을 성구했다
p26_u02,p26,taps,지난 201년 섬월부터 a이c는 자신의스 내스 수백만원에서 수천 만원에 달라는 순익게 로든 사진을 호위로 울렸다
p26_u02,p26,ce0.0,지난 201년 섬월부터 a이c은 자신의 스내스 수백만원에서 수천 만원에 달라는 수익겨 얻든 사진을 호위로 울렸다
p26_u02,p26,ce0.1,지난 201년 3월부터 a이c은 자신의스내스에 스백만원에서 수천 만원에 달라는 수익의 얻든 사진을 호히로 울렸다
p26_u02,p26,ce0.5,지난 2011년 3월부터 에이c는 다신의 스내스의 스백만원에더 수편만원에 달라는 주익을 얻든사진을 호위로 울렸다
p26_u02,p26,ce1.0,지난 2015년 3월부터 a이c을 자신의 스행했스 수백만원에터 수천 만원에 달라는 주익걸 어들타진을 호위로 울렸다
p26_u02,p26,ce2.0,지난 201년 3월부터 a이c을 자심의sns 수백만원에서 수천 만원에 달라는 수익을 얻은 사진을 놓이로 울렸다
p26_u02,p26,ce5.0,지난 2019년섬월부터 에이진을 자신의 스 했 1백만어에과 규천 만험에 달라을 주익게 얻을 타진의 호위로 울렸다
p26_u02,p26,ce10.0,지난 2015년 3월부터 에이신을 자신의 스내스에 수백원원에서 수천 마원에 달라는 수익게 얻은 사진의 호위로 울렸다
p26_u03,p26,taps,또 9격 외제차 명품쟁의 사진을 올림며 호화생활을 하는 이미질를 쌓 투자자 사이에서 신해타쟁리라고 불리기도 했다
p26_u03,p26,ce0.0,또 고격 외제차 명품쟁의 사진의 올리는 호화생활해 하늘 인니질했 쌓 투자자 사이에서 신의 타점이라고 불리기도 했다
p26_u03,p26,ce0.1,또 고격 외제차 명품등의 사진의 넓리며 호화 생활해 하는 이미질를 따 투자별자 사이에서 신을 타정이라고 불리기로 했다
p26_u03,p26,ce0.5,또 국급 외제차 명품등의 사진의 올리며 호화신활해 하늘 위이질를 쌓 투자자 사이에서 신의 타점이라고 불리기도 했다
p26_u03,p26,ce1.0,또 국교 외제차 명품적의 사으는 올림며 호화생활을 하늘 인이질에 쌓투별자 자이에서 신의타편니라고 불리기도 했다
p26_u03,p26,ce2.0,또 9교부에제차 명 품등의 사녀는 올리며 후화 생활해 하늘 인이질를 따 투다자 사이에서 신의타통이라고 불리기도 했다
p26_u03,p26,ce5.0,또 9급 외제차 명 품등의 타즈의 올리며 호화 생활에 하늘 이미질에 쌓 투자자 사이에서 신의 타점이라고 불리기도 했다
p26_u03,p26,ce10.0,또 국급 외제차 명품등의 사지을 올리면 호화 형활의 하는 영이질를 쌓 투자자 사이에서 신의 타점이라고 불리기도 했다
p26_u04,p26,taps,에c는 주십투자 명목으로 투조자 44명을 보화 평역십 1어관을 가르체고 투자 강연 명목으로 194명으로부터 오학기려원을 받은 헤매로 재판에 넘겨졌다
p26_u04,p26,ce0.0,에이c는 주십투자 명목으로 투조자 44명을 모학편역십 1어관을 가르체고 투자 강연 명목으로 194명으로부터 오엇려 원을 받은 헤매로 대판에 넘려졌다
p26_u04,p26,ce0.1,ac는 주십투자 명목으로 투조자 44명을 보아편6십 1어관을 가르체고 투자 강연 명목으로 154명으로부터 오월 며원을 받은 해매를 재판에 넘겨졌다
p26_u04,p26,ce0.5,ac는 주투자 명목으로 투자자 44명을 보아 변육실 1어관을 가르체고 투자 강연 명목으로 194명으로부터 오월 여원을 받은 협매로 재판의 넘겨졌다
p26_u04,p26,ce1.0,ac는 주십 투자 명목으로 투어자 4탐명을 보아 백역실 일어관을 가르체고 투자 강연 명목으로 19탐명으로부터 오학며 원을 받은 헤물를 재판에 넘겨었다
p26_u04,p26,ce2.0,ac는 주십투자명목으로 투자자 44명을 보아 평육실 이어건을 가르체고 투자 강연 명목으로 194명으로부터 오화기려원을 받은 협으로 재판의 넘겨졌다
p26_u04,p26,ce5.0,1시는 주표자명목으로 투자자 44명을 보아 편객실 이어관을 가르체고 투자 강연 명목으로 194명으로부터 오학여원을 받은 협회로 재판에 넘겨졌다
p26_u04,p26,ce10.0,예시는 주투자명목으로 투자자 44명을 보화편역식 이어관을 가르체고 투자 강연 명목으로 194명으로부터 오학기여 원을 받은 현회로 재판에 넘겨졌다
p26_u05,p26,taps,재판부은 피교 있는 주푸자 슬년일 뛰하원 갖처럼 추자 수 있과 장고진 영등을 조작한 호위절리될 만들어 피해자들을 속겠다며 지약 팔련을 성고했다
p26_u05,p26,ce0.0,재판부은 피고일한 주십푸자 능내이 지어한 것처럼 추잘 수 있과 장고진 령등을 조작한 호위자리질 만들어 피해자들을 속겠다면 지역 팔련을 성고했다
p26_u05,p26,ce0.1,재판부은 피교인한 9십투자 능력이 뛰어한 것처럼 추자수 있과 장고증 명백을 주작한 호위절리질 만들어 피해자들을 수겠다며 직약 팔련을 성구했다
p26_u05,p26,ce0.5,재판부은 피고있는 주십투자들력이 뛰어한 것처럼 투자수 있과 장고짓 명등을 주작한 호위자리 되 만들어 피해자들을 주겠다며 지역 팔련을 정구했다
p26_u05,p26,ce1.0,재판부은 피고이는 주집투자 능년이 지한한 곁처럼 투자수 있과 장고중명백을 부작한 호위떨리될 만들어 피해자들을 속겠다며 지역 팔련을 통고했다
p26_u05,p26,ce2.0,첫한부은 피고인 주집투자능력이 뛰어는 것저럼 투자수 있까 장고진 명등을 부작한 호위자리될 만들어 폐해자들을 프겠다며 직역 팔련을 성고했다
p26_u05,p26,ce5.0,재판부은 피교에는 주십투자 능력이 되어한것처럼 투자시있과 장고증 명등을 조작한 호히자리들 만들어 피해자들을 속겠다며 지역 8련을 성고했다
p26_u05,p26,ce10.0,첫한보은 피공있는 줄십투자 능력이 지어한 것처럼 추자수 있과 장고은 명등을 조작한 호일자리될 만들어 피해자들을 속겠다며 지역 팔련을 성구했다
p26_u06,p26,taps,양 희용의 대해섬는 다서의 피해절리이 엄벌을 타원하는 점 범맹의 불인하고 잘모에대에 진지한 반성에 태돌를 불리지 않는 점등의 종합했다고 살명했다
p26_u06,p26,ce0.0,양형에 대해더면 다서의 표해절래의 엄벌을 타논하는 점 범맹을 불인하고 잘모에 대에 진제한 반성에 태돌를 불지 않는 점등의 종합했다고 설명했다
p26_u06,p26,ce0.1,양홍의 대해 보는 다서의 피해절들이 엄벌을 타논하는 점 범맹을 부인하고 잘모에대에 진비한 반상에 태돌를 되리지 않는 점능을 종합했다고 살명했다
p26_u06,p26,ce0.5,양형회 대해 더면 다스의 피에자들이 엄벌을 타원하는 점 범행의 부인하고 잘못에 대 진비한 반상에 태둘를 버이지 않는 점등을 좋합했다고 살명했다
p26_u06,p26,ce1.0,양혈의 대해 섬는 다수의 피에터들이 엄벌을 타논하는 점 범멸를 불인하고 잘모에대에 진지한 반사에 태돌를 되이지 않는 점능해 종합했다고 살명했다
p26_u06,p26,ce2.0,양후에 대해거는 다스의 피에더들이 엄벌을 탄논하는 점 범행을 부인하고 잘모에대에 진지한 반상의 태돌를 되이지 않는 점능을 종합했다고 살명했다
p26_u06,p26,ce5.0,양형의 대일파면 다수의 피에더벨이 엄벌을 타호하는 점 범맹을 부인하고 잘모에대에 진비한 반사에 태돌에 되리지 않는 점등을 종합했다고 살명했다
p26_u06,p26,ce10.0,양송에 대해서면 다수의 피에자들이 엄벌을 타호하는 점 더맹을 부인하고 젊모에대에 진지한 반상의 채돌를 되이지 않는 점등해 종합했다고 살명했다
p26_u07,p26,taps,또 형서 배상령 인형의 신청한 피해자여떨명의구를 받았들려 ac에게 체소 천만원에서 채대 이어곤까지 배상할 것을 명령했다
p26_u07,p26,ce0.0,또 형서 배상내 인령의 신청한 피해자여떨명일구를 받았들려 c에게 체소 천만원에서 채대 이어건까지 배상할 것을 명령했다
p26_u07,p26,ce0.1,또 행석 배상 명령을 신생한 키해자여 달명일굴릴 받았들려 엘리스에게 체소 천만원에서 채대 이레곤까지 배상할 것을 명령했다
p26_u07,p26,ce0.5,후 형사 배상명이령을 신사한 필해자여들명녀구를 받았드며 ac에게 최소 천만원에서 체대 이로건까지 배상할 것을 명령했다
p26_u07,p26,ce1.0,형서 배상명이령의 신평한 피해자 여달명이구에 받았들려 c개 최소 천만원에서 채대 이로곤까지 배상할 것을 명령했다
p26_u07,p26,ce2.0,또 형서배상령인향을 신청한 피해자 여덜명의 우구에 받았드며 c개최소 천만원에서 최대 이로건까지 배상할 것을 명령했다
p26_u07,p26,ce5.0,또 형사 배상명령을 신청한 피해자여들명의구릴 받았들려 ac에게 최소 터만원에서 채대 이로관까지 배상할 것을 명령했다
p26_u07,p26,ce10.0,또 형사배상명령을 신청한 피해자 여달명의우구릴 받았드며 c에게 최소 천머원에서 최대 이로곤까지 배상할 것을 명령했다
p26_u08,p26,taps,식획 사회 공원제단니 전복 장수인 지행인들을 대장으로 의름풍사를 실지했다고 209 발혔다
p26_u08,p26,ce0.0,희획차회 공원제단니 점북 장수인 지양인들을 대상으로 의으분의사를 실수했다고 20후 발혔다
p26_u08,p26,ce0.1,식획 사회 공원제단이 전복 장수인 지영인들을 대상으로 의름분사를 실수했다고 29 발혔다
p26_u08,p26,ce0.5,행역 사회 공원제단이 전복 장수은 지영인들을 대상으로 의름분활를 실수했다고 이0후 밝혔다
p26_u08,p26,ce1.0,시역 사회 공원제단이 점복 장수인 지행인들을 대당으를 의력그 회팔를 실지했다고 이집 9을 밝혔다
p26_u08,p26,ce2.0,생협사회 공원데단니 전북 장수견 지영인들을 배탕으로 의류분사를 실수했다고 2식9 밝혔다
p26_u08,p26,ce5.0,행협사회 공원제단니 전복 장을 수견 지영인들을 대당으로 의류변활를 실수했다고 이식훈 밝혔다
p26_u08,p26,ce10.0,1몇사회 공원제단니 전북 장수은 지역민들을 대당으로 의류풍사를 실수했다고 209 밝혔다
p26_u09,p26,taps,지난 이지 모을부터 이날까지 지행된 입번 의려봉사는 무공화시역이 죽간하고 희역 중항에와 키역사회 공원재당이 후원 병에대 의류봉사단 핑입백할 험립하는 사업이다
p26_u09,p26,ce0.0,지난 25을 부터 이날까지 지행된 입번 의려봉사는 물공화시역이 죽간하고 희역 중항에와 훈역차월 공원재당이 후원 평에대 의루보을 받당 핑배할 협력하는 사업이다
p26_u09,p26,ce0.1,지날 미비5을 부터 인 날까지 뒤행된 입번 의루봉사는 무궁화 시역이 주간하고 식역 증황에와 식역사회 공원재단이 후원 경의대 의루봉사단 핑회할 협립하는 사업이다
p26_u09,p26,ce0.5,시난 이지 무을부터 인날까지 비행된 입번 의루분사는 누공화 시역이 죽간하고 희역 중항에와 역 사회 공원재다이 후원 봉에대 의루봉의 받담 필육배할 협력하는 사업이다
p26_u09,p26,ce1.0,지난 이지 무을부터 인날까지 지행된 입번 의루분사는 무궁와 시역이 주간하고 희역 중황에와 시역타회 공원재단이 후원 병에대 의루분사담 핑니배할 협륙하는 사업이다
p26_u09,p26,ce2.0,지난 이지 모일부터 인날까지 뒤행된 입번 의루봉사는 무궁와 시업이 죽간하고 희역 중항에와 시역사회 공원재단이 후원 경에대 의루봉을 받단 필역배할 협륙하는 사업이다
p26_u09,p26,ce5.0,지난 이이모일 부터 이 날까지 비행된 입번 의루분사는 무구와 시역이 죽간하고 취역 중황회와 시역사회 공원재당이 후원 경에대 의루분을 받담 풍육대할 협냅하는 사업이다
p26_u09,p26,ce10.0,친난 2지5을 부터 이 날까지 주행된 입번 의류봉사는 무궁와 시명질 죽관하고 수역 중황에와 시역사월 공원재단이 후원 평의대 의류봉사단 평숙세할 협륙하는 사업이다
p26_u10,p26,taps,무궁화신의 미는지 검과 더의대 의려분의 사다원 총출시려명의 분사자가 창명에 장숙된 시야인린 약 천명을 대장으로 물을 질료를 제공했다
p26_u10,p26,ce0.0,무군화시의 미지공과 더의대 의려부에 사다원 총풀시적명의 분사자가 창녀에 장숙은 시아인린 약00명을 대장으로 물을 질료를 제공했다
p26_u10,p26,ce0.1,무궁화시역 인지건과 정의대 의려분 사다원 총출 시변명해 분사자가 창연에 장숙은 지형인민 약천명을 배방으로 물을 질료를 제공했다
p26_u10,p26,ce0.5,무궁하시며민지건과 더에대 의려불 가다원 충7벽명의 분사자가 창령에 장숙은 지형민 약1명의 대당으로 물을 질료를 재공했다
p26_u10,p26,ce1.0,무궁화시며비운지공과 동의대 의려분의 파다원 총71물의 분사자가 창영에 당수건 지역네인 약 참명의 대당으로 무료 질료를 제공했다
p26_u10,p26,ce2.0,무군화시여 미지건과 동의대 의류봉사다는 총710명 등사자가 창영에 장수은 비형및 약천명을 대장으로 무료 빌류를 제공했다
p26_u10,p26,ce5.0,무경화시여 이운지 공과 동의대 의름분 사다원 총7명의 분사자가 창영에 장숙은 비역는 약천명을 대탕으로 무료 질료를 재공했다
p26_u10,p26,ce10.0,무궁활시며 2운지건과 통이대 의루분사다원 총71변1에 궁사자가 창여에 장숙은 지형린 약 천명을 배상으로 무료 줄류를 제공했다
p26_u11,p26,taps,웹과 침극과 부안을 가호과 중의의 과증히 총의 여덟 깨파트에서 침 부항 등 7의 1행 치류 11및 불매운질 지요 페핑 6법든 마침매인 친류와 처방을 지행했다
p26_u11,p26,ce0.0,웹과 친것과 보한 가호과 중의 과은 총의 여덟 깨파태에서 침 부항 등 7류 개 치요 침할 및 불마름째 길요 페핑6법된 마침매형의 진류와 처방을 지행했다
p26_u11,p26,ce0.1,웹과 친극과 부안을 가옥과 중일과은 충 여덟깨 파트에서 침 보항등 치림 여영치류 친및 불매운질을 필요 폐핑6법든 마침면훈 친루와 처방을 지행했다
p26_u11,p26,ce0.5,웹과 침벽과 부한 간옥과 주매과은 총의 여덟깨파트에서 침 부항 등 치류 외행치류 침및 불면름질치요 폐평6법든 마추명의 진류와 처방을 주행했다
p26_u11,p26,ce1.0,웹과 침객과 보안 간혹과 증일과은 충 여덟깨 파트에서 침 보항우등 7류 외용지류 침및 불면음뜰 지류 폐평6법든 마침1의 진류와 처방을 지행했다
p26_u11,p26,ce2.0,웹과 침국과 부안 간옥과 중멸과은 총 여덟깨파트에서 침 부항우등 치류 외용치류 침을및 불매름질 필요 폐평6법든 마침의진류와 처방을 지행했다
p26_u11,p26,ce5.0,웹과 침객과 부한 간옥과 중의과은 총의 여덟깨파트에서 침 보항우등 7류 예영치류 침및 불매름질 필요 폐평6법등 마추여회 준려와 처방을 지행했다
p26_u11,p26,ce10.0,웹과 침곱과 부안을 간녹과 주매에과은 총 여덟깨파트에서 침 부항등 치륭 외용치류 침문 및 불매름줄 지요 폐평6법등 마추매용 진려와 처방을 지행했다
p26_u12,p26,taps,시녁사회 공원제다는 21년부터 인행관 도서 상관든 의류 적든성의 나은 시약 지역내 지민을대상으로 하개와 동개 연2 한방 의려봉사 사업을 실시하고 있다
p26_u12,p26,ce0.0,키렵사회 공원제다는 2철시진년부터 유년간 도서 상관등 의류 접든성의 나은 시약 지역내 지민을 대상으로 사개와 동계 연20 한당 의려봉 사사업을 실시하고 있다
p26_u12,p26,ce0.1,시녁사월 공원제단을 201년부터 영연관 도서 상관등 의류 접근성의 나은 시약 지역내 지밀을 대상으로 하개와 동개 연21 함당 의류봉사사업을 실시하고 있다
p26_u12,p26,ce0.5,"시6사회 공원제다는 2,1년부터 영연간 도서 상간등 의료 접근적에 나은 시약 지역내 지민을 대상으로 하개와 동계 연 20 함당 의루분 사사업을 실취하고 있다"
p26_u12,p26,ce1.0,시렵사회 공원제다는 2천1년부터 용연간 도서 상관된 의류 법쁜소의 나은 씨약 지역에 지민을 대상으로 하개와 통개 연 2회 한당 의류봉 사사업을 실지하고 있다
p26_u12,p26,ce2.0,"희렵사회 공원제단는 2,11년부터 6연간 도서 상간등 의류 접근성의 낮은 시학 지역내 지밀을 대상으로 하개와 동개 연20 현당 의류봉사 사업을 실시하고 있다"
p26_u12,p26,ce5.0,"희역사회 공원제단을 2,1년부터 용영간 도서 상관등 의류 접번소의 나은 시약 지역네 지밀를 대당으로 하개와 동개 연 20 한당 의류봉사 사업을 실시하고 있다"
p26_u12,p26,ce10.0,1협사회 공원제다는 201년부터 6영간 도서 청간등 의루 접근서에 나은 시역 지역네 지밀을 대상으로 하개와 동개 연 20 한당 의류봉사 사업을 실시하고 있다
p26_u13,p26,taps,현재까지 정국 시리의 뒤역네 이루치학개체 1만 편 173명에게 다양한 늘요 한방 진리를 배공했다
p26_u13,p26,ce0.0,혼재까지 정국 시리의 지역네 이르치학개체 1만 편 백73명에게 반양한 늘료 함당 진리를 배공했다
p26_u13,p26,ce0.1,현재까지 정국 시리게 뒤역네 이렇치학개층 1만편 173명에게 다양한 물요 환당진리를 배공했다
p26_u13,p26,ce0.5,"현택까지 정국 시리의 지역네 의렵치역개층 1만,173명에게 반양한 무요 현방즐류를 배공했다"
p26_u13,p26,ce1.0,현택까지 정국 1의 지역은에 의6치역개은 1만 편 173년에게 반한 무류 한방질류를 되공했다
p26_u13,p26,ce2.0,현재까지 정국 시리의 뒤역에 의료치학개층 1은손백73령에게 다영한 무요 환당즐류를 배공했다
p26_u13,p26,ce5.0,현재까지 정국 시리의 지역네 의료치역개체 1만 편1736에게 달한 무요 함당 전류를 제공했다
p26_u13,p26,ce10.0,현택까지 정국 1의 지역네 의치역개층 1만 천173명에게 다양한 무요 환방즐류를 제공했다
p26_u14,p26,taps,광위대 일루봉사당과 1역 인지건회로 부정된 총27명의 다원 봉사자가 참면했다
p26_u14,p26,ce0.0,동이대 일루봉사당과 1몇 인지권으로 구정된 총 20 킬명의 바음봉사자가 참면했다
p26_u14,p26,ce0.1,경이대 유류봉사당과 시역 인지권너로 구정된 총 2백7명의 자원 봉사자가 참면했다
p26_u14,p26,ce0.5,통이대 유루분사당과 시몇 인지 관매로 구정된 충67명의 다음 봉사자가 참여했다
p26_u14,p26,ce1.0,경위대 유두봉사당과 시역 이문지 권매로 구성된 167명의 다원 봉사자가 참면했다
p26_u14,p26,ce2.0,공위대 유류봉사당과 시역 인지권너로 구정된 충6백7명의 자음봉사다가 청면했다
p26_u14,p26,ce5.0,형이대 의루봉사당과 시역 인지관너로 구정된 161년에 다음 봉사자가 착면했다
p26_u14,p26,ce10.0,광리대 의루봉사당과 시역 인는지관매로 구정된 총 607명의 자음 봉사자가 참여했다
p26_u15,p26,taps,베이징 분개올린픽 개막을 하루 앞든 가운데 베이징은 피어 석진자가 날째 한 자리설을 기랬겠다
p26_u15,p26,ce0.0,베이진 둘개올린 픽 개막을 하루 앞든 가운데 배이즈은 추어석진자가 날째 한자를 절을 기획겠다
p26_u15,p26,ce0.1,베리진 분계 올림픽 개막을 하루았던 가운데 베리중은 추어학진자가 날째 한자리스을 기으겠다
p26_u15,p26,ce0.5,베위진 동계 올림픽 개막을 하루았던 가운데 배이병의 추어 석진자가 날째 환다륙수을 기록겠다
p26_u15,p26,ce1.0,베이진 돼개 올림픽 개막을 하루 앞뿐 가운데 베이즈은 측고학진자가 날째 환다리스을 기획겠다
p26_u15,p26,ce2.0,베이진 동계 올림백 개막을 하루 없든 가운데 베이지은 추고석진자가 날째 현다륙줄를 기록겠다
p26_u15,p26,ce5.0,베이딩 부의 올린 피 해막을 하루 없든 가운데 베이즈은 측금 확신자가 날째 한 달를 줄를 기록겠다
p26_u15,p26,ce10.0,베이징 동계 올림픽 개막을 하루 없든 가운데 베이징은 추어 확진자가 날일째 현자륙수를 기록겠다
p26_u16,p26,taps,31 중국 국과 위생의 공광 이어내 따르면 전난 하로 베이진에서는 추교 혹진자 주명이 발생했다
p26_u16,p26,ce0.0,31 중국 국과 위생의 공광 위어내 따르면 전날하로 베이지해서는 추여혹진자 두명에 발승했다
p26_u16,p26,ce0.1,참1 중국 국과 위생의 공광 위원내 따르면 전날 하로 배이병에서는 추켜 훔진자 주명이 발생했다
p26_u16,p26,ce0.5,3물 중국 국과 위생관광 위원해 따르면 전날하루 베리딩에서는 추켜 확진자 두명이 발생했다
p26_u16,p26,ce1.0,하일 증국 국과 이생의 권광 위원해 따르면 전날 하로 배리리에서는 측어학진자 두매에게 발평했다
p26_u16,p26,ce2.0,3일 중국 국과 위생 관광 위원해 따르면 전날 하로 베리중에서는 취어석진자 두명이 발생했다
p26_u16,p26,ce5.0,3월 중국 국과 위생 공광 위원해 따르면 전난 하로 배이진에서는 취각학진자 두명이 밝생했다
p26_u16,p26,ce10.0,3을 중국 국과 위생공각 위원해 따르면 전날 하로 배리징에서는 취가확진자 두명을 발생했다
p26_u17,p26,taps,베이징에서는 지난달 3일 학진다 세명이 발생하일에 31를 두명 2월리를 두명 이일 두명등 나혈째 최가 확진자수가 크개들지 않포 있다
p26_u17,p26,ce0.0,베이딩에서는 지난달 31 확진자 세명의 발생하 일에 301 두명 2월리를 두명 2 두명증 나 혈째 축업 확진자수가 회게들지 않고 있다
p26_u17,p26,ce0.1,베이딩에서는 지난달 301 학진다 세명의 발생하일에 301두명2월1를 주명일일 두명등 나 혈째 출가 확진자스가 크게들지 않게 있다
p26_u17,p26,ce0.5,베이딩에 더는 지난달 301 학진다 태명이 발생한 일에 301를 두명2월리를 두명1일 두명등 나혈째 추가 확진 자수가 크게 들지 않고 있다
p26_u17,p26,ce1.0,레이딩에 전는 지난달 함01 학진다 생우이 발생할 일에 한01를 두명 이월리를 두명2일 두명등 나혈절 추어 학진 자스가 크게 들지 않고 있다
p26_u17,p26,ce2.0,베이등에 서는 진란달 섬01 학진다 세명일 발생하일에 301일 두명2월리를 두명2 두명등 나혈째 추가 석진적스가 크게 들지 않고 있다
p26_u17,p26,ce5.0,베이지해 서는 지난달 301 확힌더 세명이 발생하일에 301 두명이월리될 두명 2일 두명중 나 혈절 최어 학진어스가 크게 늘지 않고 있다
p26_u17,p26,ce10.0,베이중에 더는 진란달 31 확진자 세명이 발생한 위에 301일 두명2월리를 두명2일 두명등 나 혈질 추가 확진자수가 크게 들지 않고 있다
p26_u18,p26,taps,베이딩씨 다음국은 최각학견자 모두 직징 정리지엘에서 나왔다면서 중상몇크가병은 정쟁 현자들 일라고 살명했다
p26_u18,p26,ce0.0,베이증시 당국은 추과학견자 모두 집증 성리지에 대서 나왔다면서 증상역히하벼운 경찰 현자들 일라고 살명했다
p26_u18,p26,ce0.1,베리텐씨 다운국은 추각학진자모두 집증 정리지에대서 나왔다면서 중상여크 하병 정째 흔자들 일라고 설명했다
p26_u18,p26,ce0.5,베이텐시 당국은 측어 확된자 모두 직은 정리질레에서 나왔다면서 중상역시 가병은 경절 현자들 일라고 살명했다
p26_u18,p26,ce1.0,베리텐시 당국은 치고확진자모두 집증 정리질에게 포다왔다면서 중상역이 가병은 경째 흔다들 일하고 활명했다
p26_u18,p26,ce2.0,베이텐시 동국은 치어학팀자모두 집증 경리지역에서 나왔다면서 중상 역시 하벼운 경찰 흔자들 일하고 설명했다
p26_u18,p26,ce5.0,베이딩시 더국은 추가확신자모두 집을 경리지역에서 나왔다면서 중착역이 하벼온 경찰 흔자들 일라고 설령했다
p26_u18,p26,ce10.0,베이증시 당국은 추어 확신자 모두 집중 정리지역에서 나왔다면서 중상역 하명은 경정 현자들 일라고 설명했다
p26_u19,p26,taps,한편 베이딩 분개 올림티의 위해 중구레운 선수관과 치제진데 대회 관계자에 코어날일구 누적 학진자가 23명에 넘어었다
p26_u19,p26,ce0.0,한편 베이징 분계올린피개 위에 중구려운 선수당과 치제진등 개회 관계자의 코어날일구 누적 학진자가 2탐1명을 넘어었다
p26_u19,p26,ce0.1,1편 베이딩 병계 올림픽의 위해 중구려운 선수관과 치제진등 배회 관계자에 쿠어날일고 누적 학진자가 23명회 넘어었다
p26_u19,p26,ce0.5,한편 베이핑 등개일린피의 위해 중국의 올선 후당과 지되된등 개획 관위게자에 쿠어나에구 두적 학진자가 2탐명을 넘어섰다
p26_u19,p26,ce1.0,한편 베입핑 분대 올림픽가 위해 증국에운 선후경과 치되진든 개회 가능게 자의 쿠어의해구 누적 학지은 자가 23명을 넘어섰다
p26_u19,p26,ce2.0,한편 베이층 등개 올림픽을 위해 중국에운 선후당과 치대된등 개회 관개다에 쿠어너일고 누적 확진자가 23명을 넘어었다
p26_u19,p26,ce5.0,한편 베이록 분개 올림픽가이미해 중국의 원 선수간과 치제진등 개회 관닌게자일 크어나에고 누적 학진자가 231명을 넘아었다
p26_u19,p26,ce10.0,한편 베이징 풍개 올림픽을 위해 중국의 온 선수경과 치대진등 개회 관게자여 쿠어호고 두적 학진자가 23명을 넘어었다
p26_u20,p26,taps,이배이징 둔겨올림픽 주집위안하에 따르면 전날 하르동안 등겨올림픽 관령 이극자 서럼 드명이 그러날고 석쟁 판정할 바았다
p26_u20,p26,ce0.0,이밀 배획행 등겨울렌픽 두질 위어하에 따르면 전날 하르동안 동겨울 렌피 관령 이깊자 서럼 주명이 그러날 에고 학징 판정할 바았다
p26_u20,p26,ce0.1,21베입핑 등결를렌픽 두비 위안하에 따르면 전날 하루 동안 등결울 렌필 걸령 이국자 설른 두명이 그러날 고 확쟁 판정할 받았다
p26_u20,p26,ce0.5,위인 배이딩 동교올림픽 주집 위안하에 따르면 전날 하루동안 동교올림픽 관령 이극자 서럼 두명이 그러하일 고 석진 편정할 받았다
p26_u20,p26,ce1.0,위일 배이된 둥격 림픽 주집 위원회에 따라면 전날 하로동할 등격림픽 관령 이국자 처럼 두명일 그러면를그 확쟁 편정할 받았다
p26_u20,p26,ce2.0,2일 배이진 둥겨올림픽 주집 위원하 따르면 전날 하루동안 동겨올림픽 관령 이극자 서른 두명이 구어을일고 학칭 편정할 받았다
p26_u20,p26,ce5.0,1배입일 동교올림픽 조직 이원하에 따르면 전날 하루동안 동교올림픽 관령 이극자 서른 두영이 그러하일고 확칭 판정할 받았다
p26_u20,p26,ce10.0,이p2딩 동교울링피주집 위원회에 따르면 전날 하루 동할 동결울 냄식 관령 이극자 설른 두명이 크러회고 사생 편정할 받았다
p26_u21,p26,taps,이에따라 등교 올림픽 관계자에 대한 했슴검사를 시작한 지는달 28부터 대막식을 삼앞던 전날까지 배회갈련 확진다는 모두 232명으로 늘었다
p26_u21,p26,ce0.0,이에 따라 동개 올림픽 관계자에 대한 했선공사를 시작한 지는달 281부터 대막식을 상우앞던 전날까지 대외갈련 석진자을 모두 2제탐식 2명으로 늘었다
p26_u21,p26,ce0.1,이에 따라 동교올림픽 관계자에 대한 획성곤사를 시작한 지는달 281부터 대막식을 상받던 전날까지 배외갈련 협신더는 모을 232명으로 늘롭다
p26_u21,p26,ce0.5,이에 따라 두교 올림픽 관계자에 대한 했성검사를 지작한 지난달 23부터 배막식을 사활앞던 전할까지 대외갈년 학진단을 모두 282명으로 늘었다
p26_u21,p26,ce1.0,위에 따라 등교 올림픽 관개달에 되한 획숨건사를 시작한 지는달 231부터 대막식을 상갑둔 전날까지 대외갈련 협심다는 물르 23식 이명으로 별롭다
p26_u21,p26,ce2.0,이에 따라 동교 올림픽 관개달에 대한 했음검살를 시작한 지는달 231부터 괴막색을 상갑둔 전날까지 배회가위 혹심다는 모두 28식 2명으로 늘롭다
p26_u21,p26,ce5.0,위에따라 동겨올림픽 관계다에 대한 획숨건팔를 시작한 지난달 231부터 개막식을 상앞둔 전날까지 대외갈몇 협신단을 모두 232명으로 들었다
p26_u21,p26,ce10.0,위에 따라 동교 올림픽 광개자에 대한 획숨건사를 시작한 지난달 23 듯터 개막식을 상우앞던 선날까지 대외가리한 협신단는 모두 2섬2명으로 들롭다
p26_u22,p26,taps,등개 울림픽 주직이 장배다는 울행패의 위해 이키한 선수와 강계다들은 폐새룩 비식 관리가 일어지게 있다며 예보아의 접측은 완전의 첫전했다고 살명했다
p26_u22,p26,ce0.0,근개 올림픽 주직의 장계자는 올림픽의 위해 이티한 선수와 강계다들은 패세 류표식 관리가 일어지게 있다며 예보아의 접적은 완전의 최던했다고 살명했다
p26_u22,p26,ce0.1,중개 울림픽 주집이 관계다는 올림픽을 위해 이직한 손수와 강계다들은 패새룩비식 관리가 이어지을 있다며 예보화의 접책은 완절의 최던했다고 살명했다
p26_u22,p26,ce0.5,둘개 울린픽 주직킬 관계다는 울린패을 위해 이택한 번수와 강계다들은 패세루표식 관리가 이어지을 있다며 예보아의 덮척은 완전의 패담했다고 살명했다
p26_u22,p26,ce1.0,동개 울린픽 주직이 강계다는 울림패일 위에 이택한 선소와 강계다들은 패절 루분식 관리가 이어지을 있다며 외보할 접적을 완던의 태던몇다고 설경했다
p26_u22,p26,ce2.0,동죄올림픽 조직의 광계다는 올림패의 위해 이국한 번수와 관계다들은 패세 루표시 관리가 이어지게 있다며 일포화의 접적을 완전이 초단했다고 살명했다
p26_u22,p26,ce5.0,동결올림픽 조집인 관계다는 올림패의 위해 이택한 손수와 강계자들은 패쇠루프시 관리가 일어지어 있다며 예보아의 접책은 완전이 최단했다고 살령했다
p26_u22,p26,ce10.0,중교운행펼 조집이 강계다는 울행표에 위에 이국한 선수와 강계자들은 패쇄루푸식 관리가 이어지을 있다며 왜보화의 덮적은 완전의 초전했다고 설명했다
p26_u23,p26,taps,고로날구에 엔데니으로 회의여행이 들어나자 대표적인 기롭 건광되극인 스페인에선 코텔 축박뒤가 장년대일 평된 3생직포된트 우르의 현상이 랐타았다
p26_u23,p26,ce0.0,고로날구에 엔데니으로 회n이 들어나다 대표적인 미롭 강광되끼인 스페인에선 호텔 수박뒤가 장년대를 평년 3신직포된트 우른을 현사이 나타았다
p26_u23,p26,ce0.1,코론날구의 엔데미비로 행위회행이 들어나다 대표적인 유롭 강광되국긴 스페인에선 호텔 즉박비가 장년대일 평경36버된트 우르의 현상이 나타았다
p26_u23,p26,ce0.5,고론날일구의 엔데미으로 회위회행이 들어나다 대풀적인 유럽 강광되국인 스페인에선 호텔 즉박비가 장년대일 평겨3신6버된트 우른의 현사이 나타았다
p26_u23,p26,ce1.0,코른 할고의 엔데미으로 해위행이 들어나다 대풀적길 유럽 강광되국인 스페인에서 호텔 숙박비가 장년대일 평등 3신6법된트 오르의 현사이 났타았다
p26_u23,p26,ce2.0,고로날일구에 엔데미드로 헤우회행이 들어나다 대풀접히 유럽 건광되국인 스페인에서 호텔 즉박비가 장년대일 평등 3신6퍼트 우른의 현상이 나타았다
p26_u23,p26,ce5.0,고론 할구에 엔데미드로 회회 들어나다 대풀적인 유럽 강광되국게 스페인에선 호텔 축박비가 장연대일 편36법제우르의 현사이 나타았다
p26_u23,p26,ce10.0,코른 할구에 엔데미드로 행의여행이 들어나자 대풀적길 유럽 강광되국인 스페인에선 호펼 숙박되가 장년대일 평든36버된트 오의의 현상이 나타았다
p26_u24,p26,taps,1패인 풍계청에 따르면 스패인 현제텔의 우래 보활절 전후 하롭편근 수박비는 906점 3멸로도 집필했다고 노이 통심이 보도했다
p26_u24,p26,ce0.0,1패인 풍겨청에 따르면 스패인 환제텔의 올래 보활절 전후 하롭펜긴 수박비을 906점 3물로도 집비했다고 너풍심이 부도했다
p26_u24,p26,ce0.1,1패인 풍겨청에 따르면 스패인 혼세의 텔의 우래의 보활적의 전호 하르팽근 수박비을 906점 36도 집별했다고 노이 풍심이 되도했다
p26_u24,p26,ce0.5,스패인 통배통이 따르면 스패인 현적 텔의 오래 부활절 전후 하롭편근 수박비을 906점3리일로도 집비했다고 노의터통시이 보두했다
p26_u24,p26,ce1.0,스행 풍계청에 따르면 스행현적우텔의 우래 보활절 전후 하롭행된 스박비을 9심6점36요로 집에했다고 노이 통식의 보도했다
p26_u24,p26,ce2.0,스행 통개청에 따르면 스행환적 텔의우래 부활절 전후 하로평근 수박비을 96점36로 집에했다고 노이터 통심이 보도했다
p26_u24,p26,ce5.0,1패인 풍개통에 따르면 스패의 현적 텔레올래 보활절 전후 하로편견 스박민을 푸06점 36로 집비했다고 노이 통심이 보두했다
p26_u24,p26,ce10.0,스행 총겨청에 따르면 스행 흔줄텔의 올래 보활절 전후 하롭평근 수박비을 906점36도 집비했다고 너이터 통식이 조두했다
p26_u25,p26,taps,이는 전년도 같은비관불라 36퍼센트 있싸고 쿠러을리고 인행전인 2전 시키려 사활 보다도 15포센 높행가여이다
p26_u25,p26,ce0.0,이는 선년도 같은길간브아 3신몇퍼센트를 있싸고 코어난일그 일행전인 21키년 사활보아도 15퍼센 높행가력기다
p26_u25,p26,ce0.1,일은 선년도 가은비감부다 36퍼트이싸고 구러면그 위행전인 2잘시키년 사활보다도 15퍼센트 높행가여이다
p26_u25,p26,ce0.5,이는 전년도 같은귀관보다 36버트이있싸고 크러을 혈글 이행전일 2천시키는 사활 보아도 시복버센트 높풍가격이다
p26_u25,p26,ce1.0,이는 선년로 가은귀관보다 368트이다고 크러혈그 위행전일 2천 시근에 상물보다도 시복파변트 높행가격이다
p26_u25,p26,ce2.0,이는 선년도 같은 비관보다 36퍼센트이시다고 코러혈구 이행전일 2철시키행 사월보다도 1복포텐트 묵행가여이다
p26_u25,p26,ce5.0,이는 선년도 같은 길감브아 36파트 있싸고 크론할크 위전일 2철 시키을 사월보아도 15포센트 높패가격이다
p26_u25,p26,ce10.0,이는 전년도 가퉁기관부다 36포 이싸고 크러놓에의 유행전님 2천시키령성을 보아돌 1복포센트 높편가격이다
p26_u26,p26,taps,오성크프텔의 하루폭근 스박기는 몇 2대기집 6점 의위로도 장행과 비두에 23포텐트 홍생했다
p26_u26,p26,ce0.0,오성끝프 텔의 하루편결 쓰박지는 몇 2대기신 몇점 의위르도 장행과 비죄 23포텐트 성생했다
p26_u26,p26,ce0.1,오상크표텔의 하로 평근 스박1는 약 2126점 오유르도 장행과 비후에 23표된트 상생했다
p26_u26,p26,ce0.5,오상교표텔의 하로 평경 식박비는 경 26점 오유르도 장연과 비후에 23포텔트 상생했다
p26_u26,p26,ce1.0,오상교포텔를 하루편군 숙박비는 약 2직6점 오유르로 강연과 비구에 23포된트망생했다
p26_u26,p26,ce2.0,오성결프텔의 하로편군 스박비을 약 2대시 6점 의유르도 강연과 비구에 2선 포텐트 몽생했다
p26_u26,p26,ce5.0,오성교표텔의 하루포운견 스박기는 약 2대16점 오유르도 장향에과 비후에 23포된트 서 황생했다
p26_u26,p26,ce10.0,오성교프텔의 하루 총긴 숙박진는 량 212 6점 우유르로 장연과 비후에 23퍼텐서 홍생했다
p26_u27,p26,taps,이 성끝등 저령한 소텔들의 하로평든 수박뒤 역이 4포텐째가 량우은 60링매으로 지게했다
p26_u27,p26,ce0.0,이 성뜻등 저령한 호텔들의 하롭풍든 숙박지 역이 4포텐세가량우은 위심 능리로으로 집게했다
p26_u27,p26,ce0.1,"이 성부등 저령한 호텔들의 하로평들을 숙박지 역이 4포,세가량우은 위06미로으로 지게했다"
p26_u27,p26,ce0.5,이 통끝등 저령만 호텔들은 하로 평준 숙박비역이 다시 포텐트가량우은 6심6리으로 지게했다
p26_u27,p26,ce1.0,이 청끝등 저령만 호텔들은 하로 편군 숙박되역시 다포텐체가령오은 606류으로 찍게될다
p26_u27,p26,ce2.0,이 성끝등 저령만 호텔들의 하로 평을 숙박비 역시 8포천체가량오는 6식61으로 집게했다
p26_u27,p26,ce5.0,이 선끝등 저령한 토텔들의 하로 편근 숙박되 역이 단스퍼현태가량우은 6066으로 쉽게했다
p26_u27,p26,ce10.0,이 성급등 저령만 호텔들을 하로 평결 숙박비역시 4포천체가량우은 6심 6류으로 지게했다
p26_u28,p26,taps,스페이는 흩텔 식박비가 갚팔에게 상생한 것은 인된 이록 국가들이 책은 채례로 영행히 구제를 원화하면서 감광객 스가 폭팔적으로 증가했기 때문이다
p26_u28,p26,ce0.0,스패인의 호텔 스박비가 갚팔에게 상실한 것은 인된 미롭듣까들이 태은 최례보 영형이 구제를 원화하면서 강광객 수에가 폭벌적으로 증가했겠 때문이다
p26_u28,p26,ce0.1,스페이는 표텔 스박비가 갚팔르게 상생한 것은 인들 유롭특가들이 책은 채례도 영행 규제를 원화하는서 강광객스과 폭팔적으로 증가했기 때문이다
p26_u28,p26,ce0.5,스체인의 푸텔 스박비가 가팔에게 삼세한 것은 인벨 유럽 국까들이 책은 처고 여행 규제를 완아하는서 강광격수과 폭팔적으로 증가입기 때문이다
p26_u28,p26,ce1.0,주패인을 흩텔 스박비가 가팔에게 사의세는 것은 인벨 유럽 크까들이 책은 최례도 영행 규제를 원화하면서 강광격 수에가 폭발적으로 증가했기 때문이다
p26_u28,p26,ce2.0,스페인을 흩텔 스박비가 갚팔에게 성승한 것은 인된 유럽 국까들이 책은 채례부 여훈의 규재를 원화하면서 강광격 수에가 폭팔적으로 증가입기 때문이다
p26_u28,p26,ce5.0,스페인의 효텔 스박비가 갚팔르게 당수한 것은 인된 유럽 국까들이 책은 처레도 영행인 규제를 완화하는서 강광객 수회가 폭팔적으로 증가했기 때문이다
p26_u28,p26,ce10.0,스패인을 호텔 숙박비가 갚발에게 통생한 것은 인랜 유럽 특까들이 최은 처력고 영혼 부제를 완나하는서 강광격 수에가 폭팔적으로 증가했기 때문이다
p26_u29,p26,taps,우래 3사월 스패인 허패에 추직간 강광인 객스는 전연도 같은 기간에 다접에 이상으로 징가했다
p26_u29,p26,ce0.0,오래 3사월 스패인 협패에 추직관을 강광인 객스는 전년도 같층 리간에 다접에 이상으로 증가했다
p26_u29,p26,ce0.1,우래 3사월 스행 실패에 추직간 강광객스는 전년도 같은 기간에 다섯에 이상으로 즐가했다
p26_u29,p26,ce0.5,우래 3사월 스패인 국패에 투직한 광광인 백스는 전년도 갇층 기간에 다겁에 이상으로 증가했다
p26_u29,p26,ce1.0,우래 3사월 스행 효텔에 투득관 강광이 객은 선연도 같은 기간을 다겁에 이장으로 증가했다
p26_u29,p26,ce2.0,오대 3사월 스행부텔의 투색관 관광이 객스는 전연도 같은 기간을 다섯에 이상으로 즐가했다
p26_u29,p26,ce5.0,우래 3사월 1행혈패를 취식간 강광객수는 전연도 갖탱 이간을 다겁에 이상으로 증가했다
p26_u29,p26,ce10.0,우래 3사월 스회패의 투식관 강광객수는 전년도 같은 기간에 다섯에 이상으로 증가했다
p26_u30,p26,taps,사월 한달관 강광 목적으로 스패인의 이찍한 사람의 푸는 201기년의 패식직 포센트 수준낼 보였다
p26_u30,p26,ce0.0,차월 한달간 강광 목적으로 스패인의 이찍한 사람에 주는 201개년에 패1 버텐트 수진날 보였다
p26_u30,p26,ce0.1,사월 한달관 강광 목적으로 스페이의 이찍한 사람에 주는 20시끼년의 펼식및 포텐트 수준낼 되였다
p26_u30,p26,ce0.5,사월 한달간 경광 목적으로 스패일의 있득한 사람의 분을 211년의 패16 버텐트 스준낼 보였다
p26_u30,p26,ce1.0,하월 한 벨관 강광 목적으로 스패리의 있득한 사람의손을 219년의 86버텐트 스준을 보였다
p26_u30,p26,ce2.0,사월 한달간 강광 목적으로 스패인의 있득한 사람을 분을 219년의 팔릭 버텐트 스준을 보였다
p26_u30,p26,ce5.0,사월 한달관 강광 목적으로 스페인의 이격한 사람을 수는 21기년의 86트 수진될 보했다
p26_u30,p26,ce10.0,사월 한1간 강광 목적으로 스행려 있득한 사람을 수는 219년의 86버텐트 스준을 보였다
p26_u31,p26,taps,관견객들이 서보하는 일부 섬쟁일 방몽객수는 이일 코러망 일구 이행 이장 주전을 혀백한 것으로 파았진다고 스페인 통계청한 발혔다
p26_u31,p26,ce0.0,건건객들이 서호하는 일부 서쟁일 방문객주을 일일 코어할 일그 위행 이정 추전을 헤속한 것으로 파학진다고 스페인 통계청한 발혔다
p26_u31,p26,ce0.1,건경객들이 서보하는 일부 서문정의 방몽객수는 일일 포름말 일기 위행 이정 수전을 혀득한 것으로 파학된다고 스페인 평격청한 발혔다
p26_u31,p26,ce0.5,관견백들이 터보하는 일부 섬 등의 방문객주는 이일 쿠러한 일구 위행 이던 집변을 헤속한 것으로 파학된다고 스페인 풍객청한 발혔다
p26_u31,p26,ce1.0,광경객들이 터보하는 일부 섬등의 방몽객주는 이일 코름을 일구 유행 이쟁 주전을 해북한 것으로 파학된다고 스페인 통계행한 발혔다
p26_u31,p26,ce2.0,광건객들이 서로하는 일부 서음 등의 방몽객스는 이일 코려월 일구 유행 이전 지돌을 회벗통 것으로 파학된다고 스패인 통계청한 발혔다
p26_u31,p26,ce5.0,광견객들이 서모하는 일부 섬등의 방몽객추는 이미 코려한 일그 유행 이정 시점의 헤적함 것으로 파학든다고 스패인 통개성원 발혔다
p26_u31,p26,ce10.0,강건객들이 서보하는 일부 섬정의 방문객수는 이 코론의 일구 위행 이정 스전의 회복한 것으로 파학된다고 스페인 통계청원 발혔다
p26_u32,p26,taps,sk 텔레코은 이일 이영성 대표 직속으로 두심 홍공 규통사 텔스케볼절에 구정했다고 발혔다
p26_u32,p26,ce0.0,s페이텔r코은 이일 이양성 대표 직족으로 두신 홍공 교통사 텔케보스어에 구정했다고 밝혔다
p26_u32,p26,ce0.1,스케이 텔레코을 이일 이명성 1표 직속으로 두신 홍공 규통사 텔스크프스에 구장했다고 밝혔다
p26_u32,p26,ce0.5,스케이 텔레코을 2일 의향상 대표 직족으로 두신 환공 교통사 텔켓보살에 구상했다고 밝혔다
p26_u32,p26,ce1.0,스케y 텔레코은 이일 이영황 대표 직속으로 두신 형공 교통 파오 텔스크보스쇠에 구장했다고 발혔다
p26_u32,p26,ce2.0,s케 텔레코은 이일 이영성 대표 직족으로 두신 훈공 교통사 텔크붙절에 구장했다고 밝혔다
p26_u32,p26,ce5.0,스케이 텔레코은 이일 의영황 대표 직죽으로 도신 혼공 교통서 텔스케프살에 구장했다고 밝혔다
p26_u32,p26,ce10.0,스킬편의꿈은 2일 의영성 대풀 직속으로 두신 홍공 교통사 패스크붙스를 구상했다고 밝혔다
p26_u33,p26,taps,미미이에은 정기로 구동하는 수집 2창일에 소형 기행채류 두심의서스명차로 한 식험 건내 거리를 1에서 201입의 도착할 수 있는 미에 그통이 수합니다
p26_u33,p26,ce0.0,일레이예은 정지로 구동안을 수집 2창일에 표형지행채로 두심에서 스평처로 한 심한 관내 거리에 1에서 21입의 도착할 수 있는 미에 그표수다니다
p26_u33,p26,ce0.1,유의예은 정기로 구동하는 수집 2창력 수용 비행채류 두심에서 스공채로 환식은 건례 거리를 1에서 2분입을 붙착할 수 있는 미에 글펼수다니다
p26_u33,p26,ce0.5,미은 정기를 구종하는 수집 2탕일력 후형 비행채를 부심에서 스명처로 한 식간 관리에 거리데 1에서 21림의 붙탁할 수 있는 미에 그통 수다니다
p26_u33,p26,ce1.0,유위예은 정기로 구종안을 수집 입탕일 후용 비행채로 두심의 서스민차로 한 식은 건례거리에 12분입의 붙착할 쓰인는 미에 그통 쓰다입니다
p26_u33,p26,ce2.0,uu은 정기로 구종안을 수집 이탕을 후형 비행채로 두심에서 스림차로 한 식험 관례 꺼리에 1서 2뿌임의 도착할 수 있는 일에 규출 수다이다
p26_u33,p26,ce5.0,6개은 정기로 구동안을 수직 이탕의 표용 귀행채로 두심에서 세명처로 한 시원 건리꺼리데 12편입의 붙착할 수 있는 미을 규될수다이다
p26_u33,p26,ce10.0,u은 정귀로 구조안을 수식 입창력 소형 비행채로 부심에서 세용차로 현 식공 관례꺼리를 1에서 27을 붙착할 수 있는 미에 규통스다니다
p26_u34,p26,taps,sk 텔레코에 따르면 20 k에프 아래에는 사업 인프라 술무션 소비스 배발의 가각 담다하는 세교 두집 내대가 말련했다
p26_u34,p26,ce0.0,sk 텔레코에 따르면 21p프 아래에는 사업 인프라 손의생 소비트 개발의 가각담다안을 세벽 2집매대가 말련했다
p26_u34,p26,ce0.1,스케이 텔레코에 따르면 20피패 아래에는 사업p 인피라 솔l센 소비스 배발를 가각 담당하는 세부 7집네배가 말련했다
p26_u34,p26,ce0.5,sk 텔레코에 따르년 20p프아래에는 사업 임프라 술무션 꺼비스 개발를 가각 담당하는 세기두직 매대가 말련됩다
p26_u34,p26,ce1.0,s페일 텔레코에 따르면 20pp 아래에는 h업p 인프라 솔루센 w비스 개발를 가각 담당하는 세부두득 내배가 말연됩다
p26_u34,p26,ce2.0,sp이 텔레코에 따르면 2번 k플아래는 사업 임프라 술향 w비스 배발의 가각 담당안을 세비두직 내배가 말련했다
p26_u34,p26,ce5.0,hk 텔레코에 따르면 20 피에트 아래에는 사업 인피ra 준노션 버비스 개발의 가각담다하는 세표두직 내개가 말련했다
p26_u34,p26,ce10.0,스페이 텔레코에 따르면 2번 필표 아래에는 사업 인프라 술루션 소비스 개발을 가각 잠당하는 세푸 두직 내배가 말련됩다
p26_u35,p26,taps,사음에서 기술 인표아 절약 사옥개발 파트노시을 담당하는 주육 이먼들이 티에 폐에혔치된 것으로 알려졌다
p26_u35,p26,ce0.0,찬능에서 기술 인표아 절약 사옥개발 파트의시을 담당하는 주유 이먼들이 티에 배에패치된 것으로 알려졌다
p26_u35,p26,ce0.1,사능에서 기술 인표아 절약 사홉개발 파트호싶을 담당하는 주유 이먼들이 티에 폐펴치된 것으로 알려졌다
p26_u35,p26,ce0.5,산늘에서 기줄 인플라 절약 사업개발 파트시일 담당하는 주유 이원들이 티에패했치된 것으로 알려졌다
p26_u35,p26,ce1.0,사녀 퍼 기을 인프라 절약 하업개발 바트로시을 담당하는 주유 이원들이 트에 패했치된 것으로 알려졌다
p26_u35,p26,ce2.0,사능에서 기줄 인프라 절약 사업개발 바토로시을 담당하을 주유 이먼들이 트표에했치는 것으도 알려졌다
p26_u35,p26,ce5.0,사능에서 기술 인프라 절약 사우개발 바트시일 담당하는 주유 이먼들이 티에패회치된 것으로 알려졌다
p26_u35,p26,ce10.0,찬회에서 기술의 인프라 절약 사업개발 바층시일 담당하는 주유 이원들이 티에패에치된 것으로 알려졌다
p26_u36,p26,taps,위행상 대혀는 책은 시풀 이먼들에가 최범 미퉁일 열고 우래 사업절략에 눈냈고 게에프의 1을 주 1래로 정내와 하며 사업을 집접 생기이로했다
p26_u36,p26,ce0.0,위행성 대혀는 책은 희프 이먼들에가 출범 미퉁을 열고 우래 사업 절력에 눈냈고 게프의 1을 주 1해로 정내와 하며 사업을 직접 생기기로 했다
p26_u36,p26,ce0.1,위행상 대혀는 책은 세협히이 먼들에가 출범 미핑일 열리고 우래 상업절략에 눈해고 게에표의 1을 중 1래로 정내와 하며 사업을 집접 생기기로 했다
p26_u36,p26,ce0.5,위영상대혀는 책근 피프이먼데가 칠범 미끼일 알고 우래 사업 절략을 눈냅고 게플의 1의 주 1래도 정내와 하며 사업을 집접 칭기이로 했다
p26_u36,p26,ce1.0,위행상 대표는 책은 피프이원들에가 7법 미퉁의 열고 우래 사업절약에 눈냈고 티에프회일의 주 1래로 정례와 하며 사업을 직접 생기기로했다
p26_u36,p26,ce2.0,위행공 대표는 책근 폐표이먼들에가 7범 리티을 열고 우래 사업 절략에 눈했고 태표의 1에 주 1에도 정례와 하며 사업을 직접 생리기로 했다
p26_u36,p26,ce5.0,위영상 대표는 책근 피회 이원데가 7법 미핑을 열고 우래사업절략을 눈너고 케프회 1의 주 1래로 정려와 하며 사업의 접접 생기기로했다
p26_u36,p26,ce10.0,이영송 대표는 책근 수협표이먼들에가 출범 미칭을 낼고 우래사업 절력갈 눈했고 티풍의 일의 주 1래로 정례와 하며 사업의 직접 생기기로 했다
p26_u37,p26,taps,업게에서을 신교 서업 주질을 씨 직속으로 배치한 것은 일해적이라며 이게사업에 되한 유대표에 의직가 반역된 것 일하는 분설리 랑다
p26_u37,p26,ce0.0,업게에 전늘 신후 서업 주직을 시혜의 집죽으로 배치한 것을 일해적이라면 이게사업에 대는 유대표에 의직가 반역된 것 일하는 분설리 라운다
p26_u37,p26,ce0.1,업게에서은 식금 사업 조직을 시익 직속으로 배치않 것을 일해접이라며 이개이임 사업에 대한는 유대표의 의직가 반행된 것 일하는 분설리 라운다
p26_u37,p26,ce0.5,업게에 전을 신구 서업 두집을 씌일의 직속으로 배체한 것을 일해적이라며 이게사업에 대한 유대프의 의직가 반형된 것 일하는 분속이 나운다
p26_u37,p26,ce1.0,업게 번을 신교사업 두직을 시우 직속으로 배체는 것은 일해접이라며 이lm사업에 대는 유대필에 의지가 반일뱅것 일하는 분설이 나언다
p26_u37,p26,ce2.0,업게 자을 식교서업두집을 시이후 직속으로 배체한 것은 일해적이라며 이일리 사업에 된는 유대표의 의지가 반형된 것 일하는 분속이 나원다
p26_u37,p26,ce5.0,없게 자늘 식교서업 두직을 시인 직속으로 배치한 것은 일해적이라며 이게이 사업에 대을 유대패에 의직가 반열된 것 일하는 분적이 나음다
p26_u37,p26,ce10.0,업게에서은 신교사업 주직을 시우 직속으로 배체온 것은 일해적이라며 이위인임 사업에 대한 유대표에 의직가 반영된것 일하는 분설이 나원다
p26_u38,p26,taps,복표교통불은 2025년 n위m 상홍화을 목체록 오래부터 제도 마련과 기을 개반의 분격나선다
p26_u38,p26,ce0.0,폭패곁 통분은 2020년 im 상송화에 복체록 우래부터 제도 마련과 기을 개발에 분격나선다
p26_u38,p26,ce0.1,복패교 통불은 2025년 u위m 상홍화를 먹체로 오래부터 제두 마련과 기을 개반에 공격나섰다
p26_u38,p26,ce0.5,독택 통부은 202분면 이행 상용활에 복표로 오래부터 재두 마연과 기준 개반의 뿐격나섰다
p26_u38,p26,ce1.0,복핍의 통불은 202부년 유행렌 상용활래 목표로 오래부터 재두 마연과 귀슬 개반의 봉격 나손다
p26_u38,p26,ce2.0,폭패교 통부은 2025년 um 성령화를 목체로 오래부터 재두 마련과 기은 개반을 분격나선다
p26_u38,p26,ce5.0,국태교터이불은 202분년 예m 상우원데 복쳐로 우래부터 재두 바련과 기출개발의 분격나선다
p26_u38,p26,ce10.0,속표에 통불은 202년 유행김 성므활래 복세로 오래부터 재도 마연과 비준 개반의 봉격하었다
p26_u39,p26,taps,204생형까지 국내 이개 시장김머을 1점조원에 단낼고설의 예장된다
p26_u39,p26,ce0.0,"2,사생 형가지 극네 이n 시장김머을 1점도원에 달했과설를 예상된다"
p26_u39,p26,ce0.1,20사생용가뒤 국내 이w견 시장 류머을 1섬조원에 달릴고서를 예상된다
p26_u39,p26,ce0.5,이떤 사0용까지 국네 2외이개 시장비머을 1섬도원에 달을것을로 예장된다
p26_u39,p26,ce1.0,20사생년까지 국내 유개의 시정위원을 시험두원의 단을 거들을 예장이른다
p26_u39,p26,ce2.0,20사식년까이 국내 이외이개의 시당위머을 식섬두원의 단을까서를 예장든다
p26_u39,p26,ce5.0,이떤 사생용까지 국내 의혜개 시장위머을 1섬도원에 달을거들의 예장든다
p26_u39,p26,ce10.0,20사식우가지 국내 유행 시장 류머을 1선도원에 달을것으를 예상든다
p26_u40,p26,taps,sk 텔레코에 경쟁상이 해이키는 지난을 1일를 개안한공 현대자도이 차 헌대 건설르 데우린과 헌체를 구성에 lm 차업의 분격 진출했다
p26_u40,p26,ce0.0,s키이텔레코에 병쟁상이 해이후는 지난을 11을 대안한공 현대자도이차 현대 건설데일름과 허국체의 구성에 rm타업의 봉격 진출했다
p26_u40,p26,ce0.1,스케이텔레코에 경쟁 방이 케이키는 지난해 11을 대안원공 환대자도이 차 현대 건설되과 험체를 부성이 이개임 사업의 분격 진출했다
p26_u40,p26,ce0.5,스케이플레꿈에 백쟁사의 회입피는 지난해 11에 대안항공 센배자등차 선대건설데군과 섬력 체를 구성에 2이몇타업 공격 진출했다
p26_u40,p26,ce1.0,s케이 편4꿈에 경제의 반이 회이키는 지난의 12을 대안양이공 선배자불이차 현대곤설드금과 섬륙체를 구성에 um 카업에 붕격 진출했다
p26_u40,p26,ce2.0,스k이 텔레코의 경쟁반인 케이티는 지난의 11을 대하음공 선대자등 차 선대곤설들금과 흠체를 구성에 unm 타업의 풍격 진출했다
p26_u40,p26,ce5.0,sk이 텔레몸에 경제반인 케입이는 지난의 11을 대한 형공 현대자등차 현대건세되금과 협육체의 구성에 유행예 타업에 분격 진출했다
p26_u40,p26,ce10.0,스케의 최몸의 경쟁사인 해이티는 지난의 11의 대한홍공 선배자등차 선대건설들금과 선체의 구성에 유행행 사업의 분격 진출했다
p26_u41,p26,taps,한택주 국모체인에가 십7를 밤잠도 이은체 왕마을 비는자만 싸우디한 락비아 왕의회자를 영접했다
p26_u41,p26,ce0.0,한덕지 공부탱리가 17를 밤잠도 이준체 무함마을 빈잘만 싸우디아다비아 왕이 대자를 연접했다
p26_u41,p26,ce0.1,한백수 공모생우리가 17일 밤잠로 이은체 무함마을 분잘 만사후비 아라비아 왕급회자를 영으롭했다
p26_u41,p26,ce0.5,현독스 국모층리가 17일 밤잠도이준체 왕마을 비달 만싸우디라 비아멍이 회자의 연접했다
p26_u41,p26,ce1.0,한백수 공모트인리가 시치일 밤잠도 이은새 왕마을 비잘 만싸우비 하라비아 왕태자의 영렵했다
p26_u41,p26,ce2.0,한덕수 공부통리가 17일 밤잠도 이준체 무함마을 비는잘만 싸우디아라비아왕이 배자의 연접했다
p26_u41,p26,ce5.0,한덕주 국무청리가 17일 밤잠도 이준체 원마을 비은자만 자우디 아라비아 왕회자를 영접했다
p26_u41,p26,ce10.0,한덕수 국모트 인에가 시7일 밤잠도 이준채 무한마을 빈잘만싸우디하라비아 왕해달의 영접했다
p26_u42,p26,taps,박대아 로월 머일에진 빈살만 놓왕세달에 들었상 각복에 경쟁이 체원 창황해 감만에 택격 개우에 나손셈니다
p26_u42,p26,ce0.0,박대한 오일머일에진 빈 사한 놓왕세달에 줄었산 가곡에 경쟁의 치원 상황할 감만에 택격 대획해 나선셈니다
p26_u42,p26,ce0.1,박병 로일 먼일를 진 비 살만 놓왕패자를 들었산 각부에 병쟁이 째런 창황해 감만에 택끗 되응의 나선셈니다
p26_u42,p26,ce0.5,막배한 오을 머일를 진 빈살만 놓왕세자에 들러상 닥복의 경정의 제혼 상황한 감만에 펼급 되우에 나손품니다
p26_u42,p26,ce1.0,박변 노을 머일를 진 빈살만 누왕회단의 들어상 가곡일 경쟁의 째원 참원의 감만에 택겁 태우에 나손셈니다
p26_u42,p26,ce2.0,박변한 오일 머일를 진 빈사을 루왕세달를 들었산 가곡에 경쟁의 취혼 스러해 가만에 특급 되우에 나손셈니다
p26_u42,p26,ce5.0,막변 우일 머일를 진 비은 살만 왕세달를 들었산 각복의 경쟁의 취혼 창향할 가만에 펼격 개우해 나선셈니다
p26_u42,p26,ce10.0,막대운 오일 머일를 진 빈살만 원세달를 들러상 각복의 정쟁의 취한 향우의 감만에 최끗 태우에 나선셈니다
p26_u43,p26,taps,한 풍민은 25전 영시 상십분쯤 당기 성는 서 공황할 등해 이기한 비 사만 왕세달에 연접했다
p26_u43,p26,ce0.0,한 풍리는 일 우런 영시 상0분쯤 당기 성현서올 공항할 통해 이끼한 빈 살만 왕세달에 연접했다
p26_u43,p26,ce0.1,한 평립 일우런 영시 상0분쯤 강기 성원 서월 공황을 통해 이격한 비은 살만 왕세달에 연접했다
p26_u43,p26,ce0.5,한 풍립일 일우런 영시3분쯤 강귀 청문서올 공항을 통해 있끝한 빈셀만 악세달에 연접했다
p26_u43,p26,ce1.0,한 통례를 이 우런 영시31분쯤 강비 통몇서을 공항을 통해 있끝한 비은 셀만 왕세달에 연접했다
p26_u43,p26,ce2.0,한 풍결는 이날 오런 영시 3십분쯤 강기 청논 서을 공황할 통해 이깨한 비 살만 왕세달에 영접했다
p26_u43,p26,ce5.0,한 풍리를 이 우런 영시 30분쯤 강기 통문 서회 공항할 등해 이격한 비인 살만 왕세달에 연접했다
p26_u43,p26,ce10.0,한 통례를 2 우런 영시 30분쯤 강기 성원서울 공황을 통해 이극한 비 살만 왕세달에 영접했다
p26_u44,p26,taps,빈설판 원세자는 전날 인데레키아 발리해서여 린 주의에 2십깨극 정상 해위일장할 바침일 곧바로 항벽할 쳐었다
p26_u44,p26,ce0.0,빈살만 왕세자는 전날에 인들레피 발리해다여 렌 주에 2십개국 정상 해위정할 마침일 고바로 항국할 쳐었다
p26_u44,p26,ce0.1,힌사후 원세자는 전날 인대레피 발위해서열린 주의 2십깨국 정상배위정할 마친빌 곧바로 항국을 채었다
p26_u44,p26,ce0.5,힌살만 왕세다는 전날 인드레피아 발류해서여 네 주역 이격극 정상 혀의 일점할 바침비 고바로 함결쳐었다
p26_u44,p26,ce1.0,민세부 원회자는 전날 인디백시의 발리해 배역린 주유 입격의 정상혈예정을 바친뒤 고바로 항국을 쳐둘바
p26_u44,p26,ce2.0,빈새부 언세다는 전날 인두레혀 발리해서열린 주의 이십각격 정상회이일정을 맞친 뒤 고바로 홍격을 쳐었바
p26_u44,p26,ce5.0,빈탈반누 언세다는 전나에 인드레피 발리해자 여린 주육 이개국 정상행이정을 바힌뒤 곱바로 항격을 쳐었다
p26_u44,p26,ce10.0,신설본 언세다는 전날 인드레시의 발리해서 열린 주유 2개국 정상행이 일정을 마침비 고바로 형국에 쳤었다
p26_u45,p26,taps,풍상 외교부 장관이 기핑이나 궁식 상문하는 종상끝인사를 마지하는데 이처럼 침가 직접 공항해 나가 외국 키길의 영접하는 것은 일해적으로 꾸힌다
p26_u45,p26,ce0.0,풍상 예개후 장관이 기쁨이나 동식 상문하는 정상께 민사를 마지 하는데 이처럼 춤능가 직접 공항에 나가 외국 키길의 영접하는 것은 일해적으록 겁힌다
p26_u45,p26,ce0.1,통상 외결부 장관이 깊비이나 긍식 상문하는 정상꾀민사를 마지 하는데 2처럼 측훈가 집접 공항해 나가 외국 기1해 영접하는 것은 일해적기를 꾸힌다
p26_u45,p26,ce0.5,통상은 월급부 장과이 기임이나 군식 장문하는 정상것인사를 마지하는데 이처럼 측류가 직접 공항이 나가 외국 기인의 영접하는 것을 일해적으를 꾸힌다
p26_u45,p26,ce1.0,통상 월교부 장관이 극리이나 긍직 장문하는 정상것민산을 마지않는데 이처럼 측명가 직접 공항에 나가 왜국 기민을 영접하는 것은 일해되을를 꾸힌다
p26_u45,p26,ce2.0,통상 월교부 장관이 극비이나 긍식 방문하는 종상께 민사을 마지하는데 이처럼 측명가 직접고왕에 나가 외국 키긴의 영접하는 것은 일해적기로 꾸힌다
p26_u45,p26,ce5.0,통삼월 월교부 장관이 그우인나 공식 당문하는 정상께 민사를 마지 않는데 이처럼 측명가 직접고 하해 나가 외국 기인의 영접하는 것은 일해적기로 꾸힌다
p26_u45,p26,ce10.0,통상 월교부 장관이 극풍이나 공식 장문하는 종상끝민사를 마지하는데 이처럼 충물가 직접고항에 나가 외국 기인의 영접하는 것은 일해적으로 꾸힌다
p26_u46,p26,taps,한식매은 갖은날 오전 태국 관코에자 열리는 아시아 태평년 광제 협력체 참석에 위해 7국이 예쟁려 있었다
p26_u46,p26,ce0.0,한 풍리은 갖은날 오전 태국 방코결되열리을 아시아 태풍는 경제 힘력체 참석에 위해 7리고이 예쟁으려 있었다
p26_u46,p26,ce0.1,현승이는 같은 날 우전 태국 방코에서 열리는 아시아 태평인 경재 힘력체 참석에 위해 7국이 예쟁를 있었다
p26_u46,p26,ce0.5,환총네을 갖은날 우던 태국 방코에서 열리는 아시아 태평류 경제 협력의 섬석가 일해 출꺼이 예동되 있었다
p26_u46,p26,ce1.0,한 숙리은 같은 날 우던 태국 방코여소열리는 아시아 태평는 경제 허으육체 섬초에 위해 칠국이 예동되 있었다
p26_u46,p26,ce2.0,선총리은 같은 날 우전 태국 방코개서 열리는 아시아 태평는 경제 히으력체 섬서가 위해 취고이 예정되 있었다
p26_u46,p26,ce5.0,한 평리는 같은날 우전 태국 방코에져열린을 아시아 태풍용 경제 협력체 참속에 위해 최국이 예동제 있었다
p26_u46,p26,ce10.0,산송매음 같은날 우전 태국 장코개서 열리는 아시아 태평용 경제 함력체 섬석의 위해 칠고이 예종되 있었다
p26_u47,p26,taps,한 순미가 밥쁜 세벽일정을 수환 것은 빈살만 온세자에 방안해 남달르넘리가 있기 때냅니다
p26_u47,p26,ce0.0,한 숨리가 밥쁜 세벽1정을 수아한 것은 빈살만 언세자에 방안해 남달르뱀미가 이지 떠명이다
p26_u47,p26,ce0.1,한 통리가 밥쁜 세벽일정을 수아한 것은 빈살와 넣세자에 방안해 남달르점미가 있기 때입니다
p26_u47,p26,ce0.5,한 생리가 밥쁜 세벽일정을 수한 것은 빈살만 온세다에 방안에 남다르 입리가 있기 때문이다
p26_u47,p26,ce1.0,한 통리가 밥쁜 세벽 일정을 수한 것은 빈할만 원세다에 방안에 남달르 미미가 있기 때문니다
p26_u47,p26,ce2.0,한 숭리가 밥쁜 세벽 일정을 수아한 것은 빈찰번 옮세다에 방원에 남다르머니가 있기 때문니다
p26_u47,p26,ce5.0,한 풍리가 밥쁜 세벽 일정을 수아한 것은 빈살만 놓안회다에 방안에 남따르 넘리가 있기 때명이다
p26_u47,p26,ce10.0,한 풍립과 밥은 세벽 일정을 수아한 것은 빈살만 온세자에 방안에 남달를 뱀리가 있기 때명니다
p26_u48,p26,taps,사울디 아라비아의 실세인 빈사막 넘행세자는 풍사업비가 오어록 달러에 해당하는 매가 프어제트 4공1피 사업을 주도하고 있다
p26_u48,p26,ce0.0,사울디 아라비아의 실세인 빈설마 원세자을 풍사업비가 오터역 달러에 해당하는 매가 프어제트 내웁 1히 사업을 주도하고 있다
p26_u48,p26,ce0.1,사우디 아라비아의 실세인 빈사막 넘세다는 총생업비가 오어록 발러의 해당하는 매가 프어졌트 4웁1피 사업을 주도하고 있다
p26_u48,p26,ce0.5,싸우디 아라비아의 실세인 빈혈머 놓세다는 총사업비가 오어역 달러의 해당하는 매가 프어덱트 네운 1피 타업을 주도하고 있다
p26_u48,p26,ce1.0,다우디 아라비아의 실때인 빈설은놓이세다는 총사업비가 오터록 달러에 해당하는 매가 프로백트 네금 시히 타업에 주도하고 있다
p26_u48,p26,ce2.0,싸우디 아라비아의 실세인 빈설먼 왕세다면 총소합비가 오터역 달러의 해당원는 매가 프로델트 네움 1피 타업을 주도하고 있다
p26_u48,p26,ce5.0,사우디 아라비아의 실세인 빈설머넣 세다는 총사업비가 오어넉 달러에 해당하는 매가 프로덱트 내금 1피 타업에 주도하고 있다
p26_u48,p26,ce10.0,싸우디 아라비아의 실세인 빈설머놓세다는 총사업비가 오터놓 발러에 해당하는 매가 프어적트 내욱시피 사업에 주도하고 있다
p26_u49,p26,taps,회랑서워 베들고 글로발 수주 경쟁의 바어지게 있는 가운데 우리 정부독 삭달의 신경할 수지 안을 수 없는 상황이다
p26_u49,p26,ce0.0,해랑사워에들고 글로발 스주경쟁의 바어지을 있는 가운데 우리 정부독 작대의 식령할 수지 않을 수 없는 상황이다
p26_u49,p26,ce0.1,태당세업을 두고 글로발 수주 행쟁이 벌어지게 있는 가운데 우리 정부도 닥더이 신경국스뒤 안을 수 없는 상망이다
p26_u49,p26,ce0.5,해람 회워발주고 글로발 수주경됩이 바어지고 있는 가운데 우리 정부도 삭더이 신명을 쓰뒤 안을 수 없는 상황이다
p26_u49,p26,ce1.0,회당 해워벨들고 글로벌 수주행됨에 벌어집을 있는 가운데 우리 동부도 학더이 식경을 씁지 안을 수 없는 상하이다
p26_u49,p26,ce2.0,새럼 세워벨지고 글로벌 수주경등의 벌어집이 있는 가운데 우리 정부도 학더이 식경할 쓰이 안을 수 없는 성황이다
p26_u49,p26,ce5.0,해돔 표워에두고 글로발 수조경쟁의 벌어지으 있는 가운데 우리 정부도 각더의 신력했쓰지 안을 수 없늘 성망이다
p26_u49,p26,ce10.0,회정세워에두고 글로발 수스경쟁의 벌어집을 있는 가운데 우리 정부도 삭절의 신경할 수지 안을 수 없는 상황이다
p26_u50,p26,taps,이런 방안이 강일 치기었다는 점에서 주아진 시원분안 정구의 객질한 항대를 위해 한 책격을 높필 필리가 있었다을 회적이 나온다
p26_u50,p26,ce0.0,이런 방안이 당의 치기앗어는 점에서 주아진 시한뿐안 정그의 극질한 형대에 위해 한책 적을 높힐 필리가 있었다을 해적이 나온다
p26_u50,p26,ce0.1,이런 방황이 당일 치비었다는 점에서 주어진 식은 또한 정부의 글질한 형대에 위해 한 평 격을 높힐 필리가 있었다을 회생긴놓다
p26_u50,p26,ce0.5,이런 방안이 당의 집비었다는 더에서 주아진 시간 병한 정부에 객지한 형대를 위해 한 생 벽을 높힐 필르가 있었다을 회생겨나온다
p26_u50,p26,ce1.0,이런 방안이 당일 찍별보는 점매서 주아진 시현등은 정불 객질한 형배를 위해 한생 적을 높힐 필요가 있었다는 회하이 놓원다
p26_u50,p26,ce2.0,이번 당안이 당일 치이었더는 더에서 주아진 시간등안 정부의 극전한 형대를 위해 한큰 적을 높힐 필르가 있었다는 해택이 나원다
p26_u50,p26,ce5.0,이런 방원이 당의 치비보는 더에서 주아진 실원등원 정불 극죄한 형대를 위해 환편 격일 높힐 필르가 있었다을 해석이놓원다
p26_u50,p26,ce10.0,이런 방안이 당일 치기었다는 더에서 주아진 시간동안 정불 극전는 형배를 위해 1편 벽을 높실 필요가 있었다는 해설이 나원다
p26_u51,p26,taps,문쟁인 정부때인 2천시끼는 미월 빈살만 언세다 방한 당시에로 인나견 충례가 공용에 나가 연접했었다
p26_u51,p26,ce0.0,문제인 성부된인 2천시끼는 미월 빈설마 원세자 방한 상시에로 인나견 총례가 공황에 나가 연접했었다
p26_u51,p26,ce0.1,문쟁 정부때인 2019년 6월 빈살만 언세자 방한 장세에도 인나견 총미가 공롱에 나가 연접했었다
p26_u51,p26,ce0.5,문제인 정부때임 2019년 6월 빈살만 원세다 방한 당세에도 인나견 충위리가 공황에 나가 연접했었다
p26_u51,p26,ce1.0,문제인 정부때인 2019년 유월 빈탈마 농세다 방한 장세로 인하견 충례가 구문에 나가 영덮했었다
p26_u51,p26,ce2.0,문쟁 정부때인 2철식끼는 유월 빈살만 원세다 방한 당세에도 인나견 충리가 공용에 나가 연접했었다
p26_u51,p26,ce5.0,문제인 정부때인 219년6월 비민 살만 원체다 방한 장세에도 이나은 충되가 공용에 나가 연덮했졌다
p26_u51,p26,ce10.0,문쟁 정부텐 2천19년 6월 빈사마 넘세다 방한 당세에도 인나견 총력가 공황에 나가 연접했었다
p26_u52,p26,taps,투리시 관되자는 사우디 아라비아과 강재와 안보 충년에서 각별한 네매의지인 주량 그가인 망큼 걸레등의 부래의 설정혼것 일라고 세명했다
p26_u52,p26,ce0.0,풍회시의 관계자는 사로디 아아비아가 경재와 안보 충년에서 각별한 의매에 지인 주냥 지까인 만큼 달례등의 구려의 펼정한 것 이라고 살명했다
p26_u52,p26,ce0.1,생문시의 감계자는 사우디 아라비아과 경재와 안보 충년에서 각별랑 넘매를 지인 중야한 국가인 만큼 걸레등의 부려의 펼정한 것 이라고 살명했다
p26_u52,p26,ce0.5,1요시 관계자는 사우데 아라비아과 강제와 안보 출면에서 각더한 매매에 지닌 중명뒤가이 망큼 갈례등일 구려의 설정한 것 이라고 새명했다
p26_u52,p26,ce1.0,풍회시 광계자는 사우디 아라비아가 강제와 안보 치인난에서 각변한 몇밀에 진닌 징경 그가인 망큼 갈네등의 구려의 혈청은 것 일하고 태명했다
p26_u52,p26,ce2.0,풍해실 관계자는 사우디 아라비아가 경제와 안보 충면해서 각달로 널밀의 주닌 중명 주가인 망큼 갈례등을 구려의 설청원 것 이라고 설명했다
p26_u52,p26,ce5.0,충혈실 관계다는 사우디 아라비아과 경제와 안보 충문내서 각달한 넘밀에 지닌 중결항 듣가임 망큼 갈례등의 우려의 설청한 것 이라고 살명했다
p26_u52,p26,ce10.0,충리실 광계자는 사우지 아라비아가 경제와 안보 충능해서 각달한 얼매에 지닌 중량 부가형 망큼 걸례등을 구려의 혈정한 것 이라고 설명했다
p26_u53,p26,taps,제44회 충력이 정직 중고등학생 서객별회가 지난 오부터 팔래까지 경북 포문시에는 서객장에서 성험해에 계체했다
p26_u53,p26,ce0.0,제사기사회 충력이 정직 증고등학등 서객배회 가지난 올부터 팔낼까지 경복 포음견에 서객장에서 성황네에 계체했다
p26_u53,p26,ce0.1,제4십4의 충력이 정객 중고된학생 사격별 가치난 올부터 팔래까지 경복 풍음편는 사격장에서 상우매에 계체했다
p26_u53,p26,ce0.5,제사0다회 충옥이 정국중고 대학등 사육별회가 지난 울부터 팔래까지 경북 혼센의 서격장에서 성험해에 계체했다
p26_u53,p26,ce1.0,제 사벽4회 층업이 정국 증고대학생 사역별회가지난 울부터 팔래까지 경북 혼운제의 사격장에서 성황매 계칠했다
p26_u53,p26,ce2.0,제사십4회 충목이 정격 중고대학생 사격세회가 지난 오일부터 팔했까지 경북 포세는 서격장에서 성황매에 계최했다
p26_u53,p26,ce5.0,제404회 충력이 정국 중고대학생 사격별회가지난 오일부터 팔래까지 경북 포세는 사격장에서 수험매 계최했다
p26_u53,p26,ce10.0,제44회 충무들 정육 중고등학생 사격배을 가치난 오일부터 팔했까지 경북 포세의 사격장에서 소험매에 계체했다
p26_u54,p26,taps,2번 배회는 사회적 거리죽이 해제이여 전체 관중의 참멸했치가진 첫대회로 정룩에서 백삼1개힌 선171명의 선수당이 참가 했다
p26_u54,p26,ce0.0,2번 배회는 사회작 거리죽이 해제이여 전체 관중의 참별했치가진 첫대회로 정국에서 백삼십개팀 선171명의 선수당이 탐물가 했다
p26_u54,p26,ce0.1,2번배회는 사월자 버리두이 해제이요 전체 관줄의 참멸할 치가진 서배회로 정룩에서 백삼십개팀 선17명의 선수당이 참회가 했다
p26_u54,p26,ce0.5,2번배회는 사회덕 거리죽이 해제위후 던체 관중의 참매해 치가진 서배회로 정룩에서 백삼집개힌 선171명의 선수단이 타물가했다
p26_u54,p26,ce1.0,입번 배회는 사회적 거리북이 회제이후 전체 관중의 참멸했치가진 소대회로 정국에서 백삼직개팀 선171명의 선 수단이 탐미가했다
p26_u54,p26,ce2.0,이번 배회는 사회적 거리득이 해제이후 전체 관질의 참별했 치가진 소대회로 정격에서 백삼식듯팀 선백71명의 선수단히 참미가 했다
p26_u54,p26,ce5.0,이번 배회는 처회적 거리죽이 해제이후 던체 관중의 참매 치어진 토태회로 정국에서 백삼시듯티 손17명의 선수단이 탐갈다
p26_u54,p26,ce10.0,2번1회는 성적 거리득이 회제 이후 전체 관들의 참매 치가진 첫배회로 정국여서 백삼십개둔 1171명 선 수단이 참매가 했다
p26_u55,p26,taps,공기 투생과 공기 관총 투대직행이및 여덟대 패비경몰에서 반체및 개인굉기에서 데대를 펼쳤다
p26_u55,p26,ce0.0,공기 숙체와 공기 권총 투대직 해및 여덟대 해표개이물에서 반체및 대인행기에서 데대를 펼쳤다
p26_u55,p26,ce0.1,공기 속체각 공기 권총 추개증명및 여의 해푸경몰에서 단체및 개임행 위해서 배결를 펼쳤다
p26_u55,p26,ce0.5,공기 조처이가 궁기 건총 수개지이및 여게 태풀드이먹에서 반체및 대인관 위해서 배결를 펼쳤다
p26_u55,p26,ce1.0,공기 독체이라 공기 권총 수개징행및 여덟께 패부경목에서 단7및 대행굉기해서 대결를 펼쳤다
p26_u55,p26,ce2.0,공기 투총이가 공기 건총 추대중행및 여덟게 패부증먹에서 단셈및 대인경기해서 대개를 펼쳤다
p26_u55,p26,ce5.0,공기 투트에가 공기 권총 추대증 해및 여게 패푸 되우먹에서 단체및 대행관 위해서 데개를 펼쳤다
p26_u55,p26,ce10.0,공기 투층과 공기 관총 수개중우및 여덟게 세푸중확에서 단체및 대행경리해서 대개를 펼쳤다
p26_u56,p26,taps,공기곤 송중목 남문고 단세부혼에서는 전북 채고가 1이 안남그가 이 한열그가 3멸에 차지했으며 개인데레파는 전복 책고에 정우진이 정상에 올랐다
p26_u56,p26,ce0.0,공기곤 송중목 나문고 단세부혼에서는 점법 체고가 1일 안남그과 이 한혈그과 삼례에 차지했으며 개인전매보는 전복 책고에 정우질이 정상에 올랐다
p26_u56,p26,ce0.1,궁비곤 총증목 나무고 단세부훈에서는 전북 체고가 1일 안나구가 이위 환혈국가 3멸에 처지했으며 괴인데에서는 전복 책고의 정우짐이 정상에 올랐다
p26_u56,p26,ce0.5,국리곤 송중목 남고 단세부훈에 터는 전복 체고가 1이 안나귀가 이위 하혈국가 3멸의 타지했지며 개인더내혀는 전복 책고의 정우짐이 정상에 올랐다
p26_u56,p26,ce1.0,군비곤 총중목 남물고 단세부근에 터는 점북 책구가 입일 안남그가 1 환열국과 탐멸에 터져했으며 괴인 대벨그는 점북 책구의 정우짐이 정상이 올랐다
p26_u56,p26,ce2.0,공기곤 총중목 남물고 단세부분의 서을 전북 책고가 1이 안나계가 이 환혈국가 3멸에 차졌으며 괴인더레푸는 전북 책고의 정우진이 정상에 올랐다
p26_u56,p26,ce5.0,공디온 총중목 남무고 단세부분을 서는 전북 책구과 1일 안나계과 이 환해국과 3매를 터져했으며 개인들할 후는 전북 책구의 정우짐이 정상에 올랐다
p26_u56,p26,ce10.0,공기온 총승먹 나무고 단세부분에서는 전북 책고가 1이 안나무그과 이 환혈국가 3멸의 사지했으며 계인 돌레후는 전북 책고의 정우디이 정상해 올랐다
p26_u57,p26,taps,여고 단세부는 전남 책크과 1이 출함 책후과 이이 부산 영상 예고가 사미를 차지 했고 개인절를  강원 책구의 2브이 1의의 연해에 않았다
p26_u57,p26,ce0.0,여고 단세부는 선남 책기과 1이 7함 책기과 이이 부산 명상 매고가 참멸를 자지 했고 개일들을 당원 책고의 입브인이 1류의 영해에 않았다
p26_u57,p26,ce0.1,여고 단세부는 선남 책후과 1이 측명 책규과 이위 스산 영상 예국가 사위를 차지 했고 벨일들를 당원 책구의 2브에이 1리의 영위에 않았다
p26_u57,p26,ce0.5,요고 단세으는 선남 책끗과 1위 충함 책후과 이위 부산 영상 예국가 사밀를 자지했고 개이절를 당원 책구의 2브엘리 의의의 영회에 않았다
p26_u57,p26,ce1.0,요고 단세부는 전남 책국과 1이 측념 책후과 이위 부한 영당 예국가 사매를 자지 했고 대인점면 당원 책구의 이부해의 의의의 영해를 않았다
p26_u57,p26,ce2.0,여고 단세부는 전남 책후가 1이 충함 책후가 이이 부산 영상 예국가 사미를 차지했고 대이절은 강원 책구의 이부연이 의의의 영해에 않았다
p26_u57,p26,ce5.0,요고 단세부는 전남 책기과 1이 충험 책기과 이이 부산 영상 예국가 사밀를 차지했고 개인절를 강원 책구의 2브 1리의 영해에 않았다
p26_u57,p26,ce10.0,요고 단세부는 선남 세구과 1의 충험 세구과 이위 후산 영상 여국가 사밀를 차지 했고 개인전의 강원 채구의 이부에닌 의의의 영위를 하았다
p26_u58,p26,taps,공기곤총 남중 단체부으는 강주체중의 일이 복텔리 이 손류증이 사위에 올랐으며 개인전 1이는 천음 준의 2패경이 차지했다
p26_u58,p26,ce0.0,공기곤 송 남쟁 단체부으는 당주 체증의 1일 복텔리의 1이 손류증의 삼위에 올랐으며 개인절 1이는 편훈음주의 2패경이 차지했다
p26_u58,p26,ce0.1,공기곤총 남중 반세부으는 광주체중의 입이 복별류의 이위 혼류중이 삼위해 올랐으며 개이전 일이는 선음줄의 2패경이 차지했다
p26_u58,p26,ce0.5,국비건총 남중 단체부문는 광주 체중의 입이 북대즈의 이 손류점일 삼류의 올랐으며 배인절 입2는 편함들의 2패경이 차지했다
p26_u58,p26,ce1.0,공기곤총 남중 단세부으는 강주체중의 입일 복텔내 이위 혼유증의 사의에 올랐으며 개인전 입1는 선주의 2패경이 차지했다
p26_u58,p26,ce2.0,공기곤총 남중 관체부으는 광주체준의 입이 복대된행 입이 손혀중이 함요 올랐으며 개일전 입이는 손음중의 2태경의 차지했다
p26_u58,p26,ce5.0,공기곤총의 남죄의 단체부분는 강주체주의 입이 북대류 이위 손일증의 사류 올랐으며 개인절 일리는 편음중의 2패경이 차지했다
p26_u58,p26,ce10.0,공기권총 남중 단세부으는 강주체준의 1일 복텔류의 1이 선류준이 사망해 올랐으며 개일던 이이는 선음중의 2패0경이 차지했다
p26_u59,p26,taps,여중 반세분을 소산여중 엄사중 장선중의 가각 1이이 사멸에 기럽겠으며 여중 세인전 일리는 소산여중에 긴몇해가 차지했다
p26_u59,p26,ce0.0,여중 관세분을 서탄리 여중 엄사증 장선증의 가각 1일이 사멸에 기럽겠으며 예중 세인전 1이는 서차리 여준의 긴념해가 차지했다
p26_u59,p26,ce0.1,러중 반세분을 서한여중 엄사중 장선중의 가까 1일이 상일에 기록겠으며 여중 대인전 1이는 소한 여중의 긴념회가 차지했다
p26_u59,p26,ce0.5,여중 반태부는 소산이여중 엄사증 강선중의 가각 입02 선매를 기록했으며 여중 대인던 입이는 소산이여중의 김년회가 찰했다
p26_u59,p26,ce1.0,여증 단세근을 소탄이 여중 엄무사중 장선중의 가각 입12 상멸에 기록겠으며 여증 계인전 입2을 소탄이여중의 빙념에가 차지했다
p26_u59,p26,ce2.0,여중 잔색으을 소천 여중 엄사중 장선중의 가각 입12 소밀를 기록했으며 여중 재인던 입이는 소천 여중의 빕령에가 타지했다
p26_u59,p26,ce5.0,여중 단태분을 소탄 여중 엄사즈 당선죄의 가각 이12 상위를 기록겠으며 여중 계인전 입2는 소한여중의 핑연호가 차지했다
p26_u59,p26,ce10.0,여중 산세으은 소산여중 엄사중 장선둥의 가각 12 3위을 기록했으며 여중 대인전 입이는 소산 여중의 빙년호가 타지했다
p26_u60,p26,taps,공기 주총증먹 남고 단세부으는 항광호가 1이 인선 세9광 이 일산 상고가 사멸를 차지했으며 되인전 일이는 항광국을 신의 방생우과 차지했다
p26_u60,p26,ce0.0,공기득총중먹 남고 단세부으는 항광고가 1일 인선 패교관 이 울산 상고가 삼멸를 차지했으명 교인전 일리를 항광고출신의 방이생우가 차지했다
p26_u60,p26,ce0.1,공기도청등먹 남고 단세부으는 항광통화 1이 인선운세9광 1이 울산 상국가 삼멸을 차지했으며 괴입선 일이를 항광고출 신의 방생우가 차지했다
p26_u60,p26,ce0.5,공기도총중인 먹 남고 단체부으은 항광국가 입2 인선 세국과 이의 울산 상국가 참멸를 차지했으며 베일전일리를 항관고출신의 방생우가 차지했다
p26_u60,p26,ce1.0,공기도총북의 혹 남구 단 세부으을 항광국가 입2 인손 세국가 이위 울잔 상국가 삼멸에 처지했으며 되인던 위입을 항관고출신의 방세우가 처지했다
p26_u60,p26,ce2.0,공기도총등먹 남음고 단체부으은 홍광국가 1이 인손운 채국가 이 일산 상구가 상결에 차지했으며 계인던 일이는 홍광고 출신의 방생우가 차지했다
p26_u60,p26,ce5.0,공기조총병을 먹 남음고 단체부으는 항관고가 1이 인선운 패교과 이이 울잔 상고가 삼멸에 차지했으며 계일던 미입을 환관고출신의 방생우가 차지했다
p26_u60,p26,ce10.0,군기도총동국 남고 단 세부으는 성광국가 1이 인선 세구가 이 울잔 성부가 사멸를 차지했으며 괴일던 리리을 홍광고출신의 방생우가 차지했다
p26_u61,p26,taps,여고 단세부분낸 병북 책기가 1이 일센내상이 일이 천원력개가 삼일에 기획겠으며 계인전 1이는 배기책구 이영해놓올랐다
p26_u61,p26,ce0.0,여고 단체부거의 경북 책구가 일이 일센 며상이 일일 천원개개가 삼위에 기획겠으며 계인전 일이는 대기책구 예영해며올랐다
p26_u61,p26,ce0.1,여고 단세부거는 병북 책기가 1일 일센 여상이 1일 천원력에과 창위을 기획했으며 계인전 1일는 대기책구 이용해며 올랐다
p26_u61,p26,ce0.5,여고 단세부분의 병북 책기가 1이 일전여상의 일이 천원 력개가 탐위를 기획했으며 계인전 입이는 대비책 이영해려올랐다
p26_u61,p26,ce1.0,여고 단세부구는 경북 책우가 1이 일전려상류 일이 천원력기가 탐위를 기력했으며 게인전 입이는 대끗 책구 이행해이 올랐다
p26_u61,p26,ce2.0,여고 단세부부는 경북 책기가 1이 일전 여성의 일이 천원 력에가 상위를 기했겠으며 게일던 일이는 대끗 책구 이야해이 올랐다
p26_u61,p26,ce5.0,교고 단세부분의 병북 책구가 1이 일선 여성의 이이 천원 역에가 탐위를 기획했으며 개인전 입이는 백끗 책구의 이영해이올랐다
p26_u61,p26,ce10.0,여고 단세부분은 병북 책계가 1이 슨선예사요 이일 천원 욕에가 삼위를 기력겠으며 개일전 입이는 배끗책구 이영해이 올랐다
p26_u62,p26,taps,공기 수평 남증 반세부거는 경복 체증이 일이 항광중인 이이 레천종의 사멸을 차지했으며 계인든 1이는 소원중의 하생눈이 등객겠다
p26_u62,p26,ce0.0,공기 수풍남점의 반세부원는 경복 태증의 1이 상광징의 이위 매천음이 상매를 차지했으며 계인전 1이는 선원중의 하생년이 등객겠다
p26_u62,p26,ce0.1,봉기 수평남정 반세부거는 경북 체증의 입일 항광중임 이위 매천준의 상멸를 차지했으며 계일전 1이는 성원증의 하생명이 준객겠다
p26_u62,p26,ce0.5,공비수통남절 반세부분는 경복태질의 1의 항광지행 이위 매천중의 상매를 타되했으며 계일절 1의는 소원중의 호생림일 등력겠다
p26_u62,p26,ce1.0,공기서풍 남중 단세부거을 경북 체증의 1일 항광증이 매천준의 상매를 타지했으며 계인던 1이는 풍원중의 하세명이 증격했다
p26_u62,p26,ce2.0,공기 수총 남중 단세부거는 경복 체준의1일 항동중의 이위 매천중의 선매를 타되했으며 괴일던 1일는 수원주의 허생입일 증격했다
p26_u62,p26,ce5.0,공기 수통 남질 반세부원을 경북체중의 이둘 항광주의 이위 내천중의 상례를 타지했으며 교인들 1이는 선원죽의 하생령의 증격겠다
p26_u62,p26,ce10.0,공기 소총 남중 단세부거는 경복 체중의 1일 손광주의이 매천중의 삼멸에 차지했으며 개인던 1이는 성원중의 화생류은 증급했다
p26_u63,p26,taps,여중 반세부은의 경북체중의 1이 동한중의 이 내천중의 사매에 차지했고 계인전 1이는 경복체중의 귀해담이차지했다
p26_u63,p26,ce0.0,여중 단세부분의 경북 체중의 1일 방한증의 이 내천중의 상멸에 자지했고 계인전 1이는 경복체중의 기해담이차지했다
p26_u63,p26,ce0.1,여중 간세부으는 경폭 체중의 일이 강한중이 이위 매천중의 상매의 차지했고 계운전 일이는 병복채중의 그해담이차지했다
p26_u63,p26,ce0.5,여중 단세부분의 경복 체중의 입일 당한중의 이위 레턴등의 상매의 자지했고 계인전 입일는 경복 체중의 그해담미차지했다
p26_u63,p26,ce1.0,여중 반세부은의 정복 체중의 입이 당원뒤 이 매천등의 사매에 자지했고 개운던 이위는 동복체중의 그회담이 타지했다
p26_u63,p26,ce2.0,여중 단세부으는 경복 체중의 이류 동안중인이 매천중의 선매에 차지했고 개인전 1류는 경복채중의 그회담이 차지했다
p26_u63,p26,ce5.0,여중 반세부분의 경복 체중의 1 도원중의 이 매천중이 사매의 타지했고 개운전 1이는 경복 체중의 그해담이 타지했다
p26_u63,p26,ce10.0,여중 반세국으은 경복 체중의 1류 통안중의 이 내천중의 사멸의 자지했고 개운전 1류는 병복 체중의 구해담미차지했다
p26_u64,p26,taps,전세에 주요 가상없에 걸래소가 책건 풍룩한 형국선 폭태라와 눈화의 걸래중단 돈을 상장 패지 지체 나섯다고 불런버에가 십점을 보도했다
p26_u64,p26,ce0.0,전세의 주요 가장업에 걸래소가 책감 송룩한 항국산 공 태라와 눈화의 고래징단 또일 상장 패제 주체 나섯다고 불런버에 가 십자을 보두했다
p26_u64,p26,ce0.1,전세에 주유 가장앞에 걸래 소가 책금 숭급한 행국산 경운패라와 눈나의 걸레징단 또는 상경패재 비체 나섯다고 불런버에가 십섬을 베도했다
p26_u64,p26,ce0.5,전색에 주유 가장 앞에 걸래소가 책경숭목한 행국산 경패라와 은화의 관래중이단 돈일 성정패되 주치에 나섰다고 불런버에가 싶담을 보두했다
p26_u64,p26,ce1.0,전세에 주유 가장 허패 걸래보가 책금 풍록한 행곡산 경운 태라와 은하의 가르증단 눈을 상택회대 두치에 나섯다고 불름버에가 쉽점을 보두했다
p26_u64,p26,ce2.0,전세에 주유 가장 업에 걸래보가 책금 풍욕한 행국던 코용데라와 눈화의 걸래즈이단 또는 성적 세대 비체해 나섯다고 불런버에가 십점을 되두했다
p26_u64,p26,ce5.0,전색의 주유 가장업에 걸래소가 책건풍욕한 행국전 케 패라와 눈화의 고래중일간 또을 상청 패드 불치에 나섰다고 불런버에가 십점을 보두했다
p26_u64,p26,ce10.0,선세의 주유 가장업에 걸래 수가 최검 숭확한 형국선 공 패라와 눈화의 버래중단 돈을 상정 세지 두치에 나섯다고 불런버에가 십람을 보두했다
p26_u65,p26,taps,부두에 따르면 대형 가상 없에 걸래서 오k의 스는 텔락포 액츠가 발행하는 패로와 연하는 물논이고 텔락 주록체인 기반은 에코와 미아의 모든 걸래를 중려시켰다
p26_u65,p26,ce0.0,부두에 따르면 대형 가상 없에 관래서 오kls는 텔락퍼운 내째가 발행하는 폐라와 리하는 물논이고 텔랍 질록체인 희반을 에코와 미아의 모든 걸래를 중겨주켰다
p26_u65,p26,ce0.1,부두에 따르면 대형 가상 어패 걸래서 오k의ls는 텔r폴 레스가 발행원는 패로와 늘하는 물론이고 텔롭록체인 기반을 애커와 미라의 모든 걸래를 중결주켰다
p26_u65,p26,ce0.5,보두에 따르면 대형 가상 없패 걸래서 5혀의 액스는 텔라포 내트가 발해하는 테라와 눈하는 물론니고 텔앞 록체인 집안은 1소화 비아의 모든 걸래를 중결 시켰다
p26_u65,p26,ce1.0,보두에 따르면 대형 가장 어패 걸래서 의케의 앞스는 텔라폭 내스가 발행하는 태로할 눈하는 물러니고 태로 주록체인 집안을 포와 미어의 모든 걸래를 중결주켰다
p26_u65,p26,ce2.0,부두에 따르면 대형 가장 어패 걸래서 5혀의 역스는 텔락품 렌째가 발행하는 테라와 루하는 물론니고 텔랍 록체인 비반의 엘코와 미어의 모든 걸래를 중결 시켰다
p26_u65,p26,ce5.0,보두에 따르면 대형 가장어 패골래 수 오케운 약스는 텔라폭 내스가 발행하는 패로와 눈하는 물러이고 텔랍주록체행 비반을 에카와 미어의 모든 버래를 증결주켰다
p26_u65,p26,ce10.0,보도에 따르면 대형 가상 어패 걸래소 오케의 획스는 텔락품 냄스가 반행하는 테로와 눈하는 물러니고 텔랍 록체인 비안의 엠코아 미라의 모든 걸래를 중결시켰다
p26_u66,p26,taps,또 달른 아무앞에 걸래서 프t을 이와 관련된 파생 상품을 상장폐지했고 키립트 닥럼도 루나에크 미어 돌래를 준지시켰다
p26_u66,p26,ce0.0,또 달른 아무앞에 관래서 fts 이와 관련된 파생 성품을 당장폐지했고 길립트 닥검도 루나에 크 위라 걸래를 준지시켰다
p26_u66,p26,ce0.1,또달른 아무앞에 걸래서 에프티쓸 이와 관련된 파생 상품을 상장폐지했고 그립투다럼도 루나l크 미로 소래를 중지시켰다
p26_u66,p26,ce0.5,1발한 아무앞패 걸래서 에프키에스은 이와 걸련된 파형상 품을 상장 폐지했고 그립트 다럼도 유나en토 위어 고래를 중지시켰다
p26_u66,p26,ce1.0,또달른 아무앞에 걸래서 에프티스는 이와 갈련된 파생 상품을 상장에 폐지했고 그립도다검도 루나l커 위로 버래를 중지시켰다
p26_u66,p26,ce2.0,또달른 아무앞에 걸래도 에피티에스는 이와 걸년된 파생성품을 창장폐지했고 그립토 다검도 루나 엘크 위어 걸래를 중지시켰다
p26_u66,p26,ce5.0,또 따른 아무앞에 걸래도 에ft은은 이와 관련된 파생상품을 상장폐지했고 그립투 닥검도 눈나a에 크 이어 걸래를 중지시켰다
p26_u66,p26,ce10.0,또 달른 아무앞에 걸래서 애프트에스는 이와 관련된 파생송품을 상장패지했고 그립트다검드 루나 에n커 이어 걸래를 중지시켰다
p26_u67,p26,taps,미국 체대의 가장 어에 걸래소 코인대 있스도 27 부터 걸래정기에 나선다고 불름법에 통시는 전냈다
p26_u67,p26,ce0.0,미곧 최대의 가장 어에 권래소 코행대있으도 27 부터 권래정기 나선다고 불런법에 통시는 전냈다
p26_u67,p26,ce0.1,미국 체대의 가상 어패 걸래서 큰인배입스로 27부터 걸래정비에 나선다고 불름보에 통시는 전냈다
p26_u67,p26,ce0.5,미곧 7대의 가장에 걸래서 코임배있수도 27 부터 걸래정이 라선다고 불런법을 통신는 전냈다
p26_u67,p26,ce1.0,미국 체대의 가장 어패 걸래서 코인벨스로 27부터 걸래정귀에 나삼다고 불름법을 통시는 전냈다
p26_u67,p26,ce2.0,미곧 최대의 가장 없에 걸래서 코육배리수도 27부터 걸래동뒤에 나선다고 불런법을 통치는 전냈다
p26_u67,p26,ce5.0,미국 체대 가상없패관에서 꾸인배수도 27부터 걸래종리에 라선다고 불름법을 통시는 전냈다
p26_u67,p26,ce10.0,미국 최대의 가장 어에 걸래소 큰배있으도 27부터 걸래정지에 나선다고 불름버에 통시는 전냈다
p26_u68,p26,taps,앞서 자오 청폭 바인낼쓸 책고 경행자는 전날 태락포운 맺스에 데획의 문제장옥며 태라와 여하에 걸래를 중단 시켰다
p26_u68,p26,ce0.0,앞서 자우 청폭 바인을 쓸 체고 경행자는 전날 태락보운냅째에 데획에 문제장옥며 태라와 느하에 권래를 중달을 했겠다
p26_u68,p26,ce0.1,악서 자우 청폭 바인을 쓸 책고 계행자는 전날 태롭포을렵스에 데력의 문제사옥며 태라와 눈화에 걸래를 증단을 북겠다
p26_u68,p26,ce0.5,앞더 자우 청폭 바인낼쓸 책을 경행자는 전날 태롭폭맺스에 데력의 문제 담먹며 태라와 루화에 고래를 증단 했겼다
p26_u68,p26,ce1.0,앞써 자우 청폭 바인을 을 체구 경행자는 전날 태로폭 높의에 데획의 문제 장우며 태로워할 문하에 걸래를 중단 겠다
p26_u68,p26,ce2.0,앞써 자우 청폭 바인했을 체고 경행자는 전날에 태롭품 냅수에 데력의 문제 장우며 태라와 눈항에 걸래를 증달 쓰겠다
p26_u68,p26,ce5.0,앞서 자우 통통 방이했을 최고 경영전는 전날 태롭품 맺수에 데력의 문제당오며 태로와 눈화에 걸래를 중달 수겠다
p26_u68,p26,ce10.0,앞더 자우 총폭 바인했을 최고 경형자는 전날 태롭품 맺스에 데력의 문제담으며 태라와 눈하에 걸래를 증단 쉽겠다
p26_u69,p26,taps,그는 테로폭 없째가 테라의 가격이 엘달로 미으어 떠어지자 데량으로찍고는 눈나로 텔라들 자들려 가격을 이미적으로 부향시키려 했다는 치지를 불판했다
p26_u69,p26,ce0.0,그는 테로품 몇째가 태라의 가격이 엘달로 미트어 떨어지자 데량객지고는 눈나로 페라들 사들려 가격을 이리적으로 부향시키려가 했다는 치지를 부판했다
p26_u69,p26,ce0.1,그는 태로풍 높스가 태라을 가결비 일달로 미트어 떨어지자 데량것찍고는 눈나로 테라들 사들려 가격을 이미적으로 부향식키려 했다는 치으를 부판했다
p26_u69,p26,ce0.5,그는 테로품 몇츠가 태라해 가격이 엘단로 미트어 떨어지다 태량으로찍금을 눈나로 테라를 자들려 가격을 이이적으로 부향시키할 했다는 시주를 붙판했다
p26_u69,p26,ce1.0,그는 테로포 없스가 태라을 가격이 엘달로 미트어 떨어지다 데량으로 찍고낸 눈나로 텔라들 사대려 가격을 이미적으로 부향식키열 했다는 지지로 비판했다
p26_u69,p26,ce2.0,그는 테로품 높에가 태라을 가격이 엘단로 미트어 떨어지다 태량으로 찍고는 눈나로 테라를 사들려 가격을 인이적으로 부향시크열 했다는 치으로 비판했다
p26_u69,p26,ce5.0,그는 태로품 백수가 태라의 가격이 엘단로 미트로 떨어지다 데량으로 치고는 눈나로 텔라들 사들려 가격을 인의적으로 부형싶필열 했다는 치주를 비판했다
p26_u69,p26,ce10.0,그는 태로품문없스가 태라을 가격이 일달로 미트어 떨어지다 태량으로 찍거낸 눈나로 텔라를 사들려 가격을 이미적으로 부형시 크열 했다는 시주를 붙판냈다
p26_u70,p26,taps,발랜절에 포하의 케6스 공대있스는 무두 태라의 투장한 세색들리기 도아다
p26_u70,p26,ce0.0,발랜절에 포하을 인케의획스 코개있스는 무들 태라의 투자한 세색주리기 도아다
p26_u70,p26,ce0.1,다이른설를 포함에 우k6스 코배이스는 무두 태라의 투장은 세력주리기 도아다
p26_u70,p26,ce0.5,발이른설의 포함에 우k 6스 큰배이스는 무두 패라의 투아한 세력들리기 도아다
p26_u70,p26,ce1.0,발인는스의 포함에 우게 약스 1인가있스는 무두 태라의 투장은 세력들리기 도아다
p26_u70,p26,ce2.0,발이른설의 포함에 우게 약스 큰배있스는 무두 태라의 투자운 세력들리기도하다
p26_u70,p26,ce5.0,다이른설의 포함에 우게의 약스 코인대이스는 무두 태라의 투자한 세력들리기 도아다
p26_u70,p26,ce10.0,다이른설의 포함에 우케릭스 코백스는 무두 패라의 투아한 세력들리기도아다
p26_u71,p26,taps,한 편 이는 wl 스트리트 전너은 이험 자선에 대한 우려가 커지낸서 그로발 가상앞에 시값편내기 불과 이깨에 만에 일주 달로 이상 증발했다고 보두했다
p26_u71,p26,ce0.0,한편 이날 월 스트리트 전너은 이험 자선에 대한 우려가 커진낸서 그로발 가상앞에 시값편에 길 들과 이게에 만의 일주 달러 이상 중발했다고 보두했다
p26_u71,p26,ce0.1,한편 이원을 wl 스트리트 전너든 위운 자선에 대한 우려가 커지면서 그로발 가장로 배식가 평의 뒤들과 이깨를만에 일줄 딸러 이상 증발했다고 보두했다
p26_u71,p26,ce0.5,한편 이는 월l 스트리트 전너은 예험움 자선에 대한 우려가 커지년서 그 로발 가상업 패식가 풍에기 불과 이개할 만에 일주달러 이상 중반했다고 보두했다
p26_u71,p26,ce1.0,한편 이는 월l 스테리트 전너은 영 재산을 대한 운대가 커지면서 글로벨 가장어 폐시가 편내기 들갈 이개을 만의 일주달로 이상의 증발했다고 보두했다
p26_u71,p26,ce2.0,한 편 이nllr 스테리트전너를 이험 재손을 대한 우려가 커지면서 그 로벨 가장과 배식가 평했기 불과 이결월만의 일주 딸러 이상 증발했다고 보두했다
p26_u71,p26,ce5.0,한편 이는 wl 스트리트 전너은 위험 재손을 대한 우려가 커징면서 그 로발 가장와 패시가 평했기 들걸 이개회만의 일주딸러 이상 중발했다고 보두했다
p26_u71,p26,ce10.0,탐편 이는 월 스트리트 전화든 니험 자선을 대한 우려가 커지면서 글로발의 가상로 폐시가 춤명기 즐과 이개회 만에 1주 딸러 이상 증발했다고 보두했다
p26_u72,p26,taps,비트캠과 이더리은 지난의 11에 가각 미금만 7천8백 입점3달러 사천8달러로 차장 채고치를 기득했으나 현제58퍼 28년드직 사락탐석인 태이다
p26_u72,p26,ce0.0,"비측캠과 이더이 먼지원의 11월 가감 미금만 7,82점3달러 사,8달러로 사상 채고치를 기억했으나 현58퍼28드직 하락한 서뿐태이다"
p26_u72,p26,ce0.1,"비트텐과 이더이 원치는 내시1월 가간 미공은 7,8백입점상십달러 사천8달러로 차상 채국치를 기었했으나 현제58퍼 28직 하락한 사풍태이다"
p26_u72,p26,ce0.5,"비트큰과 이더린원지난의 11월 가깥 미공한 7,8입점3달러 사천8달러로 차장 최국치를 뒤억했전나 현대58포 2포센직 사락큰 사명태이다"
p26_u72,p26,ce1.0,"비트텐과 이더리움은 지는 매시1월 가각 위공한 7,82점함0달러 4천80달러로 차함채고치를 기득했으나 현대 5880 68부직 하락한 각민태이다"
p26_u72,p26,ce2.0,"비트큰과 이리먼치는 내시1월 가까 미공한 최,설 2저 30달러 사천설달라로 차장 최푸치를 기록했으나 선대 58퍼 68년트직 할한작민태이다"
p26_u72,p26,ce5.0,"비측캐과 이더리움만 시원의 11월 가각 미공한 7,82점30달러 사,8달라로 차장 채구치에 기록했서나 현대58프0트 68부직 하락한 작태이다"
p26_u72,p26,ce10.0,"비트큰과 이더일먼 지원의 시일 가각 미국만 7,82점30달러 사,8달로 차점 최고치를 기억했으나 현대58퍼 68시 카락한 사는 태이다"
p26_u73,p26,taps,sk 발이욥파은 죄전증치를 협친 신약 세로아 매이태가 프랑스에서 발의 허가에 받았다고 그을 발켰다
p26_u73,p26,ce0.0,스케일 발욕파은 제전쯤치를 학진 신약 세로아 내이해가 프랑스에서 발련의 허가에 받았다고 그 발혔다
p26_u73,p26,ce0.1,스케이 발이욥파은 제선 증치를 협신 심약 센로가 내이태가 프랑스에서 발매 호살를 받았다고 그를 발혔다
p26_u73,p26,ce0.5,스케이 다이오파은 례전쟁치를 효진 시역세로바 매이태가 프랑스에서 발내 호달에 받았다고 그을 발혔다
p26_u73,p26,ce1.0,스케일 바이후밤을 외전증치를 효진시인 크세로바 매위태가 프랑스에서 발을 호가에 받았다고 그을 발혔다
p26_u73,p26,ce2.0,s페이 바이오파은 외전 정치를 학진 시역 세로아 내이태가 프랑스에서 발내 허가을 받았다고 구을 발켰다
p26_u73,p26,ce5.0,s케이발이욥파은 대전 증실를 협진 시약 세로아 내이태가 그름수에서 발내 호가에 받았다고 구에 발혔다
p26_u73,p26,ce10.0,스페이 발육파은 외전 증치를 협신 시역 세로가 매체가 프랑스에서 발르의 호관에 받았다고 구일 발혔다
p26_u74,p26,taps,이르서이미 의대 쟁제대국긴 도길 연국 이탈리아 1행이 플스출시에 성공했다
p26_u74,p26,ce0.0,일써 이럽 의대 쟁제대국인 도괴 연국 이탈리아 트펜프른스출시에 성공했다
p26_u74,p26,ce0.1,일써 이미법 의대 쟁제되국긴 독길 영국 이탈리아 1페인 패스출시에 성용했다
p26_u74,p26,ce0.5,이f 위업 의대 쟁제되국긴 독길 영국 이탈리아 스페일 폐락스출시에 성군했다
p26_u74,p26,ce1.0,이써 이업 의대 경제되국긴 독개 영국 이탈리아 스패의 폐로스출시에 성문했다
p26_u74,p26,ce2.0,이로서 이업 우대 경대대국인 독개 영국 이탈리아 스패인 플럼스출시에 성문했다
p26_u74,p26,ce5.0,이서 유업 우대 경제되국긴 독개 영국 이탈리아 스페인 프럼스출시에 성공했다
p26_u74,p26,ce10.0,이로써 유럽 오대 경제되국긴 독괴 영국 이탈리아 1패이 결럼스출시에 성문했다
p26_u75,p26,taps,점매고매이트는 지난의 3물 이러 연합 집1 위원회 판매생인의 획득하후 온투 주리라는 재푸명으로 유럽시장의 봉택적으로 진수했다
p26_u75,p26,ce0.0,점미법에 이증는 지난을 3물 이러 연함 집1 위연회 판멸생인을 했득하후 온투 주리라는 재품명으로 유럽지장에 봉격적으로 진수했다
p26_u75,p26,ce0.1,재부법매트는 지원의 3물 이런 연합집00위원화 8내생인의 획득하후 온투 줄리라는 재푸명으로 유럽시장의 봉격적으로 진수했다
p26_u75,p26,ce0.5,재목밤매 이지는 지난을 3물 유럼 연합 집1 의연해 판매생인의 획득하후 온트 죄리나는 재품명으로 유럽 지장의 봉적적으로 빈술했다
p26_u75,p26,ce1.0,태로법매투는 지원을 3을 유럼 연합 집1 위연회 판멸생일의 획득하후 온트 주리라는 재푸명으로 유럽 시장의 봉격적으로 진수했다
p26_u75,p26,ce2.0,세목범매이은 지난을 3물을 유럽 년함 집1 위원회 판매생인의 획득하후 온투 주리라는 재푸명으로 유럽시장의 봉격적으로 진술했다
p26_u75,p26,ce5.0,데물법매이트은 지난을 3물 유럽 연함 집0 위연을 8매생위의 획득하후 온트 즐리라는 재푸명으로 유럽 시장의 봉격적으로 진술했다
p26_u75,p26,ce10.0,세로과메이트는 지난의 3을 유럽 연함 집행 이원회의 8매성인의 획득하후 온트 즈리라는 재푸명으로 유럽 시장의 봉격적으로 진술했다
p26_u76,p26,taps,가튼의 임월 sk이 발요파의 파트반서 안제리의 파하는 온추주리를 유럽 채대 배약 시장인 두길에서 처은 벌매했다
p26_u76,p26,ce0.0,가튼의 2월 s케이 바이요파의 파트바서 안제림미파만은 온추주리를 이롭 채대 배약 시장인 도길에서 처 발매했다
p26_u76,p26,ce0.1,가투의 임월 s케이 바요 파을 파트번상 안제리미 파하는 온투주리를 유럽 채대재약 시장인 독길에서 처금 발매했다
p26_u76,p26,ce0.5,가투의 리월 s케이파이 파을 파트던사 안제리이 파하은 온추주리를 유럽 최대 대약 시장인 두기에서 처름 발매했다
p26_u76,p26,ce1.0,가투네 6월 스테이 발유 파을 파테보탕 안질린일 파하은 온투주리를 유럽 체대재약 시장인 독길에서 처문 발매했다
p26_u76,p26,ce2.0,가투네 리월 에s페이 파이후 파의 파트어상 안제리리파하은 온투주리를 유럽 최대 대약 시장인 독길에서 처음 발매했다
p26_u76,p26,ce5.0,가통의 6월 sk 바후 파의 파트어사 안제린의 파하은 온추주리를 유럽 최대재약 시장인 독기를 서초은 발매했다
p26_u76,p26,ce10.0,가토의 미월 스페 바유 파을 파트놓상 안제류의 파마은 온추주리를 유럽 최대재약 시장인 독길에서 청 발매했다
p26_u77,p26,taps,제노바 메이트는 두길를 시작으로 일년 률개할만에 유럽 주요 오대 시장으로 영령의 확대하게 댔다
p26_u77,p26,ce0.0,째로바 매이트는 두길의 시작으로 일런 뉴개할먼에 유럽 주요 오대 시장으로 영령의 확대하게 댔다
p26_u77,p26,ce0.1,제로가 메이트는 두비의 시작으로 1년 위개할 먼에 유덮 주요 오대 시장으로 영령에 확배하게 했다
p26_u77,p26,ce0.5,제로가 메이트는 두일의 시작으로 1년 6구할 만에 유럽 주요 오대 시장으로 영령의 확배하게 했다
p26_u77,p26,ce1.0,제노바 매일트는 두일의 시작으로 1년 6개할 만의 유롭 주요 우대 시장으로 영령에 확배하게 냈다
p26_u77,p26,ce2.0,제노바 메이트는 두길의 시작으로 1년 6결할 만에 유법 주요 오대 시장으로 영령을 확대하게 댔다
p26_u77,p26,ce5.0,제로가 매이츠는 두길의 시작으로 1년 6개할 만에 유럽 주요 오대 시장으로 영령의 확대하게 했다
p26_u77,p26,ce10.0,전로가 메이츠는 두길를 시작으로 1년 6개회만에 유럽 주요 우대 시장으로 영령을 확되하게 했다
p26_u78,p26,taps,이들의 제전중 시장기문은 약 17럽 달러에 달라며 이는 위럽 전체의 73포센체에 해당한다
p26_u78,p26,ce0.0,이들의 제전쯤 시장기문은 약17록 달러에 달라며 이는 일럽 전체의 7탄포센체에 해당한다
p26_u78,p26,ce0.1,이들의 늘전중 시장비문은 약07럽 달러에 달라며 이는 유럽 전체의 73포텐트에 해당한다
p26_u78,p26,ce0.5,이들의 제전등 시장류머을 약17록 달러에 가라며 이는 유럽 전체의 73 포편태에 해당한다
p26_u78,p26,ce1.0,이들의 느전쪽 시장위문을 약17록 달러에 달라며 이는 위롭 전체의 73포텐트에 해당한다
p26_u78,p26,ce2.0,이들의 드전등 시정기문의 약07록 달러에 달라며 이는 기롭 전체의 73포트에 해당한다
p26_u78,p26,ce5.0,이들의 녀전중 시전규문의 약 17록 달러에 달라며 이는 유럽 전체의 73포센체에 했당한다
p26_u78,p26,ce10.0,이들의 늘전중 시종귀문을 약 17록 달러의 달라며 이는 유럽 전체의 73포센째에 해당한다
p26_u79,p26,taps,이번 퍼수출씨록 온투즈리는 현제까질 유함의 총시목에 극간에서 발매가 지행증이다
p26_u79,p26,ce0.0,이번 퍼음스출스록 온투즈리는 현제까질 일험의 총시 목에 극가에서 발매가 지내이줍니다
p26_u79,p26,ce0.1,이번 번수출 스록 온투즈리는 현제까지 유러문의 총시복의 극가에서 발매가 지내이줍니다
p26_u79,p26,ce0.5,이번 편수출 씨록 온투주리는 현택까지 유함내 총식후게 극가에서 발해가 지해입니다
p26_u79,p26,ce1.0,이번 퍼능수출 씨름 온투주리는 현대까지 유함의 통시목에 극가에서 발매가 지내우주니다
p26_u79,p26,ce2.0,이번 품스출스로 온투주리는 현택까지 유럼내 총시복의 국가에서 발매가 지낼빕니다
p26_u79,p26,ce5.0,이번 폭프출시로 운투주리는 현대까지 유럼내 초 시복의 국가에서 발매가 지해줍니다
p26_u79,p26,ce10.0,이번 폭수출씨로 온투주리는 현택까지 유러문의 총 시복에 국가에서 발매가 지행중이다
p26_u80,p26,taps,sp 바오파은 온투주리의 유럽 품을 학대로 안제린의 파아로부터 품내 누월 지및 매칠 실적과 연개된 말일 턴시 코벌에 기달 수 있질것 일라고 전냈다
p26_u80,p26,ce0.0,s케 바6파은 온투즈리의 유럽 품을 학대로 안제린의 파아로부터 품내 누월 집및 내칠 혈적과 연개된 말 던 시크보에 기달 수 있을곁 일라고 전냈다
p26_u80,p26,ce0.1,s케 바6파은 온투v리의 유럽 파물학대로 안제림의 파아로부터 품매 류월티및 매칠 실적과 연계된 마일 통 식척벌에 기달 수 있을각 일라고 전냈다
p26_u80,p26,ce0.5,s케이 바유파은 온투드리의 유럽 품을 학대로 안제리의 파아로부터 판매 류월팀및 매출 혈적과 연계된 말 통 수켜보에 비할 수 있을것 일라고 전냈다
p26_u80,p26,ce1.0,s케 바이u 파은 온투드리의 유럽 파을 학대로 안제림의 파화로부터 판매 류월 직및 매을 혈적과 연개된 말 튼수 척보에 기달 수 있을각 일라고 전냈다
p26_u80,p26,ce2.0,s페이 바유파a은 온투죄리의 유럽 품늘 협배로 안제림의 파으로부터 품늘 류열 지및 매칠 실적과의 연계된 마일 던 수크보을 기달 수 있을 것 일라고 전냈다
p26_u80,p26,ce5.0,s케이 바이오 파은 온투질리의 유럽 파을 학대로 안제림의 파화로부터 품매 누월트및 매칠 혈적과의 연개된 마통 수학불에 기달 수 있을각 일라고 전냈다
p26_u80,p26,ce10.0,s케 pu 파은 온투주리의 유럽 파물 학대로 안제림의 파모로부터 8매 류월중및 매출 실적과 연계된 말 수통수 척보에 기달 수 있을 것 일라고 전냈다
p26_u81,p26,taps,한편 스k이 바이오파은 책금 째노범에 이트 단해 재픔 만으로 이록뿔 수출에 답별 수상했다
p26_u81,p26,ce0.0,한편스케 발이오파은 책건 째로범의이트 단해 재품만으로 이롭불 수출에 파을 수상했다
p26_u81,p26,ce0.1,한편 스케이 바6파은 책금 센노덤에 이트 단해 재품만으로 이롭1 수출에 답벨 수상했다
p26_u81,p26,ce0.5,한편 스케이 바유 밤은 책건 뱅로밤에 있을 단해의 재품만으로 이록 별수출에 답일 수상했다
p26_u81,p26,ce1.0,현편 스k이 발유파은 책경 데르범의 트 단리에 재품만으록 이록뿔 스출에 타변 수장했다
p26_u81,p26,ce2.0,한편스크의 다유 파은 책건 세로범의 이트 다녀에 재품안으로 이록별 수출에 답별 수상했다
p26_u81,p26,ce5.0,한편 스케이 바요파은 최견 세로범에 있트 다니에 재픔만으로 이록 될 수출에 답벨 수상했다
p26_u81,p26,ce10.0,선편스크 바유파은 최경 센우밤의 이트 다일일 재픔만으록 이록 될수출에 타별 수상했다
p26_u82,p26,taps,지남의 7례 1일부터 우래 6월3식을까지 일량간 텐미 대의롭주츠럽 이롭던다들 둘파한데 따른 것이다
p26_u82,p26,ce0.0,지남의 7를 1을부터 우래 6월3혈을까지 일량간 텐및 대의롭주줄액 이롭던다들 돌파한데 따른 것이다
p26_u82,p26,ce0.1,지남의 7를 1일부터 우래 6월3까지 일년간 뱀미 데위롭수츠럽 이롭던다를 둘파한데 따른 것이다
p26_u82,p26,ce0.5,지난의 7 1일부터 우래6월30까지 일량간 대유롭주츠럽 이롭단라를 돌파한데 따른 것이다
p26_u82,p26,ce1.0,지난의 7례 1일부터 우래 유월 3식을까지 일년간 뱀밀 대위롭주줄럽 이롭던답을 둘판한데 따는 것이다
p26_u82,p26,ce2.0,지난의 7를 1일부터 우래 6월31까지 일년간 뱀미 대유롭주출백 이롭던자들 둘판한데타는 것이다
p26_u82,p26,ce5.0,지남의 피를 1일부터 우래 6월 30일까지 일년간 텐의 대의롭수출했 이롭던다들 둘판데따는 것이다
p26_u82,p26,ce10.0,지난의 7례 1일부터 우래 6월 3식일까지 1년관 뱀미 대유럽수출액 이롭된더될 둘판데터는 것이다
p26_u83,p26,taps,제노가 메이트는 211 미 1음 일약국 1판 호가를 받아 이기에서는 스코프의라는 재품명으로 판매되게 있다
p26_u83,p26,ce0.0,제노바 메이트을 219년 미 1품 에약국 1판 호가을 받아 이직에서는 액스코 프리위라는 재품명으로 판매되고 있다
p26_u83,p26,ce0.1,제후버 메이틀을 2019행 미6 1풍의약국 1판 호가를 받아 이1게서는 액스코필이라는 제품명으로 판매되고 있다
p26_u83,p26,ce0.5,세로바 메이트을 2019년 미국 1품 일약국 1판 회갈을 받아 이부게서는 액스코프리라는 재품 명으로 판내되고 있다
p26_u83,p26,ce1.0,벨로바메리트는 2천식1렵 미국 1픔 의약국 1판 호가를 받아 이극게서는 액스코프의라는 재품 명으로 판내되고 있다
p26_u83,p26,ce2.0,선노버 매위튼을 2철할 1구념 미국 1품 의약고 1은 회가를 받아 이국에서을 액스코프의라는 재품명으로 판내되고 있다
p26_u83,p26,ce5.0,쇠우버 메이트을 2철시구역 미국 1품 의약꼭 1판 후가를 받아 미국에서는 액스코필의라는 재품령으로 판내되고 있다
p26_u83,p26,ce10.0,내모가 매이트는 2019년 미국 1품의약꼭 1판호가에 받아 미국에서을 액스코트이 라는 재품령으로 판내되고 있다
p26_u84,p26,taps,전남 9의 군청 여자 씨름단 엄마진 종이스과 기천202은 당행 단호 장사 시름대우에서 우정을 차지하면 시은 이관항에 올렀다
p26_u84,p26,ce0.0,전남 9의 군청 여자 씨름단 엄마진는 성이스과 20202은 당맹 반호 장사 시행대우에서 우생을 차지하면 시은 이관항의 올렀다
p26_u84,p26,ce0.1,전남 9의군청 여자 씨름단 엄마진 생스가 202집2년 강백 반호 장사 씨름대우에서 우생을 차지않면 11 이관항의 올렀다
p26_u84,p26,ce0.5,"전남 9의 군청 여자 씨름단 엄마진는 종수가 2,2년 당백 단로 장사 씨름대외에서 의승을 차지않는 11 2관항에 올렀다"
p26_u84,p26,ce1.0,전남 9의 군청 여자 씨름단 엄마질 통스가 221 당백 단로 장사 씨름대외에서 우승을 차변면 시은 이관항에 올렀다
p26_u84,p26,ce2.0,전남 9의군청 여다 시름단 엄마디는 통후가 2202년 당행 단로 장사 씨름대외에서 우승을 차장을 1 이관항에 올렀다
p26_u84,p26,ce5.0,"전남 9의군총 여자 씨름단 엄마질 송수가 2,202년 강능 단노 장자 씨름대에서 우승을 타재하을 시질 이관항에 올렀다"
p26_u84,p26,ce10.0,천남 그의 군총 여자 씨름단 엄마진 백스가 2202년 당령 당로 장사 씨름대우에서 우정을 차져하을 시은 이관항에 올렀다
p26_u85,p26,taps,군네 따르면 유아리들 여잡부 국학개 돌승전에서 어마진 선수는 안산시창 긴다의 선술의 상당에 이대의 역전 생해 버으며 항수토로비를 품해 않았다
p26_u85,p26,ce0.0,군네 따르면 유아리를 여잡부 국화듯 결승던에서 어마진 선수는 아니산 1창 짐다의 생수를 상들에 이대의 역전 생해 거으며 항스프로피를 폭명하았다
p26_u85,p26,ce0.1,군네 따르면 유어리의 여잡부 국학끝 결승전에서 어마진 선수는 안산 시청 진다의 선수에 장되을 이대의 역선 생공거으며 항수트로비를 품멸않았다
p26_u85,p26,ce0.5,군네 따르면 유리의 여잡부 국학급 별승건에서 어마진 선수는 안산 시창 진다의 선술의 상대를 이대의 역선생에 버으며 항수트로피를 품명하았다
p26_u85,p26,ce1.0,군네 따르면 유dd 여잡부 국학급 벌승돈에서 어마진 선수는 안편시청 짐다의 선술를 당백을 이대의 역번 생할 받으며 항소으로 비를 품행하았다
p26_u85,p26,ce2.0,군네 따으면 유어리의 여잡부 국화급 벌승던에서 어마진 선손을 안산시청 긴다의 선수를 상대를 이대의 역선 생할 버으며 항수토로 비를 품매하았다
p26_u85,p26,ce5.0,고대 따르은 u리d 여답부 구학급 결승던에서 어마진 손분을 안산 시청 진다의 손수릴 당되을 이대일 역던 송해 거으며 항소태로피를 품명하았다
p26_u85,p26,ce10.0,골네 따르면 유아리를 여잡부 국학급 결승던에서 어마진 선술을 안산시청 긴다의 선술의 장대를 이대일 역전 생을 버으며 항소트로 비를 품해 않았다
p26_u86,p26,taps,어마진 선주을 3을따래 열렸던 222 거자장살 실름대와 이중해이며 시은 두번째 장사 타이트에 손해어너으며 계인 통산 여번째 국하장사에 등객했다
p26_u86,p26,ce0.0,어마짐 선주는 참말따래 열렸던 222 거자장사 실름대여 이중해이며 시은 두 번째 장사 타이트를 손해 노오며 개인 풍산 여번째 걱화장사에 등격했다
p26_u86,p26,ce0.1,어마진 선주을 3말달에 열렸던 22일 거자장살 씨름대외 의승에 이여 시은 두 번째 장사 타이트를 손해 엎다오며 계인 통산 여번째 국하장사에 될격했다
p26_u86,p26,ce0.5,어마진 선주는 참말따에 열렸던 220이 거제장사 실름 대회 의중에 이여 씨든 두 번째 장의사 타윗패를 손명어넣으며 개인 두한 여번째 국하장사에 돌력겠다
p26_u86,p26,ce1.0,오마진 손분은 3말답에 열렸던 2터니시이 거제장사 씨름대외 의스해이며 지든 두 번째 장의곁타 이태를 손능어다오며 개인 두한 1법번째 국하장의 발에 들격겠다
p26_u86,p26,ce2.0,어마진 손주는 3말달에 열려달 2211 어제장사 씨름대외 의승해 이여 씨은 두 번째 장각 타이트를 손내 얻넣우며 계인 두한 여번째 국하장사에 등륙겠다
p26_u86,p26,ce5.0,모마진 선주는 3말답에 열려돌 26이 고제장사 씨름 대회 의중해이며 시든 두 번째 장자하이티를 손내어너으며 계은 분한 1번째 국하장사에 등극했다
p26_u86,p26,ce10.0,어마진 선주는 3말답에 열렸던 222 거제장사 실름대에 의중해 이여 씨든 두 번째 장우자타 이트에 손해 어노으며 계운 등한 1번째 국화장사에 등격했다
p26_u87,p26,taps,어마진 선수는 사공그을서 같은 팀 소속인 이센리 선인소아 맞붙터 들배지 미와 잡체일를 이대영 심리재 거두와 결승해 올났다
p26_u87,p26,ce0.0,어마진 선순을 사공점을서 같은 팀 소속인 2생리생인 서아 맞붙터 들배지 미화 잡체일를 2대형습리의 거두와 결승해 원났다
p26_u87,p26,ce0.1,어마진 선수을 사공전을서 같은 팀 소속임 이생의 선수아 맞으터 들배지 비와 잡체위르 입영습리재 거두와 결승해 올랐다
p26_u87,p26,ce0.5,어마진 선수을 사공조에서 같은 핑 수속일 20의선서어 앞부터 들배지이와 잡체기로 이대영 스리대 거두와 결씀해 울랐다
p26_u87,p26,ce1.0,어마진 선수을 사간금에서 같은 팀 소속임 2셈의 행서어 맞붙터 들배지 위화 잡체이로 이대영 승리대 거두와 결승에 올랐다
p26_u87,p26,ce2.0,어마진 손수을 사공그에서 같은 편소속인 2셈의 생수아 맞붙터 들배지기와 잡체기로 이대형 승리대 거두와 결승해 원났다
p26_u87,p26,ce5.0,어마진 선식을 사공들에서 갖은 팀 소속이 20이 선수아 맞붙터 들배지 미와 잡책이로 이대영 스밀에 거두와 결승해 올랐다
p26_u87,p26,ce10.0,어마진 선순을 사공군에서 같은 팀소속임 20의설서 맞붙터 들배지 미와 잡책이로 이대영 승리의 거두와 결승해 올났다
p26_u88,p26,taps,결생건 첫번째판에서 어아진 선소은 긴다의 선수의 안딸리 기스에 걸려 선점을 대졌다
p26_u88,p26,ce0.0,결승건 첫번째판에서 어아진 선소에 긴다의 생서의 안따리기스에 관려 선점을 대졌다
p26_u88,p26,ce0.1,결승근 첫번째판에서 어아진 권수는 긴다의 생수에 안따리 기스에 걸려 창점에 되졌다
p26_u88,p26,ce0.5,결승변 첫번째판에서 어마진 손수는 진단의 선수의 안다리 기스에 관려 선점을 내졌다
p26_u88,p26,ce1.0,결승건 첫번째판에서 어아진 군부의 진다의 터부 안따리 기스에 걸려 던덤을 내었다
p26_u88,p26,ce2.0,결승군 첫번째판에서 어마진 손수는 긴다의 손수의 안다리 기즈에 걸려 존덤을 되졌다
p26_u88,p26,ce5.0,결승견 첫번째판에서 어마진 건세한 긴다에 손수에 안딸리 기스에 관려 혼점에 내졌다
p26_u88,p26,ce10.0,결승견 첫번째판에서 어아진 선수을 긴다에 성수의 안딸이 기스의 걸려 선점을 내졌다
p26_u89,p26,taps,그러나 동골의 항개 받은 불리했던 성황수에서 연장장 병기증료 칠출에 남겨두고 잡책이 기스의 완택 히 성풍숙키면서 두번째판을 받적갔다
p26_u89,p26,ce0.0,그러나 동골의 항개 받은 불리에던 성황수대서 연장장 병지쟁일 칠투에 남겨주고 잡책에 지스의 완백 히성홍측키는서 두번째판을 가적갔다
p26_u89,p26,ce0.1,그러나 동골의 항개 받은 불리했던 성황쓰에서 연장쟁 병기등길 칠출에 남겨두고 잡책에 기스의 완격 히성홍숙키면서 두번째판을 가적갔다
p26_u89,p26,ce0.5,그러나 동골의 한께 받은 불리에던 상황수에서 연장등 병귀등을 칠출에 남겨들고 잡책일 귀술에 완격히 성힘스키면서 두번째판을 가적갔다
p26_u89,p26,ce1.0,그러나 경골의 한개 받은 불리에던 상황수에서 연장등 병기들류 칠술의 남겨들고 잡책의 기스의 완벽히 성궁시키면서 두번째판을 가적갔다
p26_u89,p26,ce2.0,그러나 동골의 혼계 받은 불리에던 성황수에서 연장정 정기종류 체술에 남겨들고 잡책이 기술에 완백히 성공숙키면서 두번째판을 가적갔다
p26_u89,p26,ce5.0,그러나 동굴의 한개 받은 불리에던 성황숙에서 연장정 동기들을 칠출에 남겨두고 잡책에 기술에 완격 히 성공숙키면서 두번째판해 가적갔다
p26_u89,p26,ce10.0,그러나 경골의 환개 받은 불리에던 상황숙에서 연장정 병기종류 칠출에 남겨들고 잡책기 기술에 완벽 히 성중수키면서 두번째판을 가적갔다
p26_u90,p26,taps,마지막 판내보는 배지기와 미어치길에 연개한 기슬로 긴다의 선설에 문너뜨이며 이대일 역전승에 걸롯다
p26_u90,p26,ce0.0,마지막 판을 보는 배지지와 미롯 치길에 연개한 구준로 긴다의 선설에 문너뜨이며 이대일 역정생에 걸롯다
p26_u90,p26,ce0.1,와지막 판내서는 베지비와 미롭치기에 연개한 귀슬로 긴다의 선설에 문너들이며 이대일 역전생해 걸롯다
p26_u90,p26,ce0.5,마지막 판내보는 베집비와 미럽시기의 연개한 귀슬로 긴다의 선설에 문너뜨이며 이대일 역존 생해 걸롯다
p26_u90,p26,ce1.0,마지막 판을 보는 벨지비와 미롭시기대 연겨한 귀술로 긴다의 선세를 문너뜨리며 이대일 역쟁생해 걸롯다
p26_u90,p26,ce2.0,마지막 판례보는 벨지기와 미롭 치비에 연개한 귀슬로 긴다의 손설에 문너뜨이며 이대일 역등성에 걸롯다
p26_u90,p26,ce5.0,마지막 판내손는 벨지기와 미롯 치기대 연겨한 귀슬로 긴다의 던설에 문너뜨이며 이대일 역던성해 걸랐다
p26_u90,p26,ce10.0,마지목 탄에서는 벨지비와 미롯 치길에 연견한 귀술로 긴다의 선설를 문너뜨이며 이대일 역던 송에 가롯다
p26_u91,p26,taps,긴주로 구레군스는 2번 배회 의정의 통해 구레군을 빌내주어 금확다며 앞으로도 혼수들이 혈련내만 전념할 수 있도록 다각적인 시원을 아기지 않겠다고 말했다
p26_u91,p26,ce0.0,긴수로 그레군스는 2번배월 의정의 통에 그레군을 빈내주어 구확다며 앞으로도 선 수들이 혈련내만 전념할 수 있도록 다각적인 시원을 아끼지 않겠다고 말했다
p26_u91,p26,ce0.1,팀수로 그레군스을 2번 배회 의성을 통해 그레군을 빈내주어 교왔다며 앞으로도 혼수들이 혈련내만 전념할 수 있도록 다각적인 시원을 아끼지 않겠다고 말했다
p26_u91,p26,ce0.5,김순노 구레군스는 이방 배월 의승을 통해 그레군을 빛내주와 구막다며 앞으로도 현수들이 흘련내한 전념할 수 있도록 다각적인 시원을 아끼지 않겠다고 말했다
p26_u91,p26,ce1.0,징수모 구레군스은 2배회 의성을 통에 그레군을 빛내주와 꾸확다며 앞보로도 현수들이 흘련내만 전념할 수 있도록 다각적인 지원을 악끼지 않겠다고 말했다
p26_u91,p26,ce2.0,핑순노 구레군수을 이번 대회 우승을 통해 구레군을 빛내주어구맙다며 앞으로도 선수들이 휘련행한 전념할 수 있도록 다각적인 지원을 악끼지 않겠다고 말했다
p26_u91,p26,ce5.0,김주모 구레군수는 이번 배회 우성을 통해 부레군을 빈내주어맙다며 앞으로도 선수들이 필련만 전념할 수 있도록 다각적인 시원을 아기지 않겠다고말했다
p26_u91,p26,ce10.0,긴숨모 구레군수는 2번 배회 우성을 통해 부레군을 빈내주가 구합다며 앞으로도 선수들이 흘련내만 전념할 수 있도록 다각적인 지원을 아끼지 않겠다고 말했다
p26_u92,p26,taps,이는 선년 둔기 대이 매출은 2점1퍼던트 증가했지만 영업 이익은 24점1퍼 감소한 길모다
p26_u92,p26,ce0.0,이는 선년 분기대이 매출은 2점1 포텐트 증가했지만 영업 이익은 24점1퍼트 감소한 길모달라
p26_u92,p26,ce0.1,이는 선년 둔기대이 매출은 2점1 표된트 증가했지만 영업 2입은 24점1표된트 감수한 기어다
p26_u92,p26,ce0.5,이는 선년 등비 대이 매출럼 2점을 포텐필증가했지만 영업 224더1퍼센트 감소한 미어다
p26_u92,p26,ce1.0,이는 선년 분비대비 맺출은 이점의 파견트 증가했지만 영업 2은 20차던 1퍼된트 감소한 비워다
p26_u92,p26,ce2.0,이는 선년 등기대이 매출은 2점을 폭근트 증가했지만 영업 2익을 24더 1 퍼텐트 감소한 류어다
p26_u92,p26,ce5.0,이는 선년 동기대이 매출은 2점의 폭현표 증가했지만 영업 위을 24점 1퍼된트 감수한 기어다
p26_u92,p26,ce10.0,이는 선년 등기대이 매출은 2점을 표텐트 증가했지만 영업 1은 24점1퍼센트 감수한 빕모다
p26_u93,p26,taps,글로을 공겸망 불안 정과 러시아에 이크랑이나 친공 서텔를 있는 원자째 가격 성생등의 행행을 미치낸서 가져은 결거다
p26_u93,p26,ce0.0,글로발 공겸망 불안 전과 로시아에 이크랑이나 친공 서텔이 있한 원저째 가격 형생등의 영행을 미치낸서 가적은 결보다
p26_u93,p26,ce0.1,글로볼 근급 만 불안 정과 러시아에 우케랑이나 책본 사텔리 이는 원자째 가격 상생등의 영영을 미치면서 가져원 결보다
p26_u93,p26,ce0.5,글로발 공급 만 불란 전과 로시아에 이크랑이나 침공사패이 이는 원자대 가격 상생병의 영향을 미치면서 가족은 결거다
p26_u93,p26,ce1.0,글로발 공급 만 불안 정과 노시아에 우케라이나 친공 터태르 있는 원더대 가격 함생배일 영향할 미치면서 가져은 결거다
p26_u93,p26,ce2.0,글로발 공금망을 불안 정과 러시아의 우크랑이나 친봉 사태르 있는 원더대 가격 성승등의 영향할 미치면서 가져원 돌거다
p26_u93,p26,ce5.0,글로벨 공금만 불안 정과 로시아에 우크라인나 측공 서태로 있는 원다재 가격 평생되의 영향을 미치면서 가져온 결거다
p26_u93,p26,ce10.0,글로발 공금망 불안정과 러시아에 우크랑의나 친공사패로 있는 원다의 가격 성을승등의 영영할 미치면서 가적온 결거다
p26_u94,p26,taps,없게에선 차량공 관도체 부죽사태가 완아되면 엘지 에너지 소의선의 실적도 배선될 것으로 보고 있다
p26_u94,p26,ce0.0,업게에선 차량능 반듯체 부죽터태가 원아되는 엘지 애너지 숨의 선의실 적도 배선될 것으로 보고 있다
p26_u94,p26,ce0.1,없게에선 차량훈 관도체 부죽사태가 완아되면 엘지 에너지 숨에선의 실적도 계선될 것으로 보고 있다
p26_u94,p26,ce0.5,업게에선 차렴훈 잔도체 부죽사태가 완아되면 엘진 에너직 숨베서해씨 적도 배선될 것으로 보고있다
p26_u94,p26,ce1.0,어게에선 차0령관도체 부족었태가 완아되면 엘지 너디 음에선을 실적도 계선될 것으로 보고 있다
p26_u94,p26,ce2.0,없게에선 차령문 관독체 부죽서태가 많아되면 엘짐 애너비군로선을 실적도 계선될 것으로 포고 있다
p26_u94,p26,ce5.0,없게에선 차령형 반도체 부족터태가 완아되면 엘지 너지 손에손을 실적도 개선들 것으로 보고 있다
p26_u94,p26,ce10.0,업비에선 처령문 산도체 부죽서에고많아되면 엘지 애너지 숨물선을 실적도 계선될 것으로 보고있다
p26_u95,p26,taps,체겐 증관사 열코에 분석모고서의 점망치 평변을 보면 엘지 너지 숨벽산의 올래 연간 맺트은 20조 1참하관 영업이이된 1주한 둘모로 치산됩다
p26_u95,p26,ce0.0,체견 증관사 여곳에 분석모고서의 점망시 평당을 보면 될지의 애너지 숨별산의 올래 연간 맺출은 2십조 1천하권 영업이이된 1주한 길모로 추센됩다
p26_u95,p26,ce0.1,책근 증건사 열코에 분석보고소의 전망치 평변을 보면 엘지 너지 소별 자의 올래 연간 맺출은 이집조의 1참하관 영업 위인 1수 병으로 추센됩다
p26_u95,p26,ce0.5,체변 증건사 열9의 분독 모고서의 더망치 평견을 보면 엘지 너지 숨별션의 오래 연간 매출은 2십조 1판하관 영업 위간 1절름 경모로 추천했다
p26_u95,p26,ce1.0,체견 증건사 열코에분독 모고더의 점망치 팽건을 보면 엘지 너지 술월자을 올래 연간 매트은 20주 1판하관 영업이유된 1주 군모로 추편된다
p26_u95,p26,ce2.0,책근 증건사 열곳에 분적보고서의 전망시 평건을 보면 엘지 너지 술로자의 우래 연간 매출은 2십주 1출하건 영업이된 1추원 길모로 추설된다
p26_u95,p26,ce5.0,책견 증건사 열곳에 분적모고서의 전망치 텐던해보면 엘지너지 손배산의 오래 연간 맺치를 2십주 1편하권 영업 이익인 일주한 금으로 추한했다
p26_u95,p26,ce10.0,책근 증건사 열곳의 분석보고서의 전망시 평견을 보면 엘지 너지 소대산의 올래 연간 맺출은 2십조 1초하권 영업이익은 1수운 군모로 추산했다
p26_u96,p26,taps,"지난의 엘지 에너지 술르센의 영간 맺트은 17조 8,59워권 영업이익은 7천685어건이었다"
p26_u96,p26,ce0.0,"지난의 엘지 에너지 술리선의 영간 맺출른 17조 8,59워권 영업이이된 7천685어건이었다"
p26_u96,p26,ce0.1,"지난의 엘d 에어지 술르산에 영간 맺틀른 17조 8,5부워권 영업 2진 7,68 오어건니었다"
p26_u96,p26,ce0.5,"지난의 엘디어지 술르선의 영간 메치은 17조 8,99워권 영일은 7,685어건이었다"
p26_u96,p26,ce1.0,지난의 엘대너지 손르산의 영관 맺트를 17조 8천59워건 영업이 익은 7천6백8오어건이었다
p26_u96,p26,ce2.0,지난의 제어진 술르산에 영관 맺출행 17조 8천59월건 영업이은 7천68오어건이었다
p26_u96,p26,ce5.0,"지난의 1제어지 순로산에 영간 맺출른 17저 8,59워권 영업이은 7천685어건니었다"
p26_u96,p26,ce10.0,"지난의 엘지 에어지 술르션에 영관 맺출른 17주 8,99워건 영업이이은 7천6백8 오어건이었다"
p26_u97,p26,taps,한편 엘지 애너지 줄루서의 긍식킬적 발프전 분님기 잠정 실적의 공개한 것은 이번히 처움니다
p26_u97,p26,ce0.0,한편 엘지 애너지 술메스의 동식 혈적 발프전 분기 잠정 실적의 공개한 것은 이번이 처니다
p26_u97,p26,ce0.1,3편 엘지 너지 술베서의 공식 실적 발풀던 분기 잠정 필적의 공개한 것은 이번이 처웁니다
p26_u97,p26,ce0.5,한편 엘지 에어지 술르스의 공식실적 발프전 분님의 담정 실적에 공개한 것을 이번히 투합니다
p26_u97,p26,ce1.0,한편 엘지 너지 술르편의 공식실적 발풀던 분능의 잠정 실적에 공개한 것은 이번히 표웁니다
p26_u97,p26,ce2.0,한편 엘지어뒤출르센의 공식 실적 발표던 분님기 잠정 실적을 공개한 것은 이번히 터움니다
p26_u97,p26,ce5.0,한편 엘지 에너지 출리서의 공식 혈적 발풀던 분귀 담정 혈적의 공개한 것을 이번히 터움니다
p26_u97,p26,ce10.0,현편 일제애너지 줄리센의 공식 실적 발풀던 분능기 잠정 실적의 공개한 것은 이번이 투없니다
p26_u98,p26,taps,엘지 애너지 수에선측은 투어다 패능자이 뒤에 잠정의 실정을 제공한다며 일풍기 긍식 실적 발표할 부체적 열정인 추 공실를 통에 안내일 예정에이라고 손냈다
p26_u98,p26,ce0.0,엘지 너지 숨에선 측은 투어자 패능개 위에 잠정의 슬정을 제공한다며 일풍기 경식 실적 발표할 부체적 일정인 추 공실를 폐위 안내일 예정의 일하고 전냈다
p26_u98,p26,ce0.1,엘지 에너지 순계선 측은 투어자 패능자이 뒤에 잠정의 셀정을 제공한다며 일풍기 공식 셀적 발표할 부체적 일정은 추월 경실를 통민 안내할 예정에이라고 전냈다
p26_u98,p26,ce0.5,엘지너지 술리션 츠은 투어다 편늘에 위에 담정 실적을 배공한다며 일붕기 공식 실적 발표할 굳체적 일정은 추을 공실를 평국 안내할 예정이라고 존냈다
p26_u98,p26,ce1.0,엘비에너 지북에선 측은 투배바 편는될 위에 담종의 실적을 제공한다며 일분귀 권식 실적 발풀할 부체적 일정은 추월 공실를 통의 안행을 례정 이하고 전냈다
p26_u98,p26,ce2.0,엘비어너디줄리선 측은 투어다 표능될 위에 담동 실적을 제공한다며 일풍귀 공식 실적 발풀 굳체적 일정은 추월 공실를 통해 안내을 예정 이하고 손냈다
p26_u98,p26,ce5.0,엘지 너지 수에선 측은 투어다표는대 뒤에 담정의 셀적에 제공한다며 일풍기 경식 셀적 발풀할 굳체적 열정은 추월 공실를 통행 안내을 예정 이하고 손냈다
p26_u98,p26,ce10.0,벨지에너지 수리션 측은 투자다 표늘에 위에 담종 실적에 제공한다며 일풍기 공식 실적 발표일 굳체적 일정은 추어 공시의 통궁 안내할 예정이라고 전냈다
p26_u99,p26,taps,문제인 전체통령이 23의 고 농무한 전재통령의 그향이자 미역이 있는 광함 비메시 봉화마을에 첫었다
p26_u99,p26,ce0.0,문제인 전 대통령이 23 9 농무한 전 대통령의 구향이자 미역이 있는 경난 비회시 봉화하에 쳤접다
p26_u99,p26,ce0.1,문제인 전태 통령이 231 고 노무연 전태 통령의 그향이자 미이 인는 경함 비밀시 봉화망하를 쳐었다
p26_u99,p26,ce0.5,문대인 던 대통령이 28의 9 노무연 던 대통령의 구향이다 미력이 있는 경난 비메시 봉화망를 쳐접다
p26_u99,p26,ce1.0,문대인 전 대통령의 281 9 놓무운 전 대튼령의 구향이자 미역이 있는 경난 비메지 봉화마를 쳤었다
p26_u99,p26,ce2.0,문대인 전 대통령이 231 9 눈무은 전 대통령의 구향이자 유력이 인을 경난 비메시 분화망하에 쳐었다
p26_u99,p26,ce5.0,문대인 전 대통령이 23의9 눈무연 전 대통령의 회항이자 미역이 있는 경난 비해시 평화막에 첫덮다
p26_u99,p26,ce10.0,군제인 전대특령의 23의 9 농매운 전 대특령의 구향이자 미역이 인을 경함 기메시 봉화막하을 첫덮다
p32_u00,p32,taps,동남 4천운 생공에서 공금 혈년이기 구대가 최돌의 내망의 조등 사아 순직한 겨험데 사보원의 글명의 했시이을 비임기록 경치가 발갑댔다
p32_u00,p32,ce0.0,경남자천운 생공에서 공금 혈년기 두대가 최돌에 내명의 조등 사아 쓴직한 겨원데 사보원일 그영의 했시이될 비행기록 장치가 발겸댔다
p32_u00,p32,ce0.1,백만 몇천운 생공에서 긍금 혈년귀 두대과 최돌의 내명의 들행사파 선직항 병음데 사보원일 교명의 시이될 비음기록 장치가 발겸댔다
p32_u00,p32,ce0.5,백람잡천 생공에서 군군 혈년 기 두대가 충돌에 내명의 조등 작아 슴직한 경음데 사보원의 교용의 시이될 비는 비록 장치가 발견됩다
p32_u00,p32,ce1.0,백납 잡천운 생공에서 긍금 혈년귀 두대가 풍돌에 내명의 도동좋과 손직청경문데 사고 원의 그능의 했시이될 비임기록 장치가 발견혔다
p32_u00,p32,ce2.0,격납잡천운 성공에서 군군 혈년기 두대과 충돌에 내명의 도통 사아쓴직한경문데 사고원의 두명의 했시이될 비음기록 정치가 발견댔다
p32_u00,p32,ce5.0,경남 잡처운 생공에서 군군 혈년귀 국대가 충돌에 내명의 두등 사아 순직한경문데 사고원의 그영의 했시이될 비행기록 경치가 발견됩다
p32_u00,p32,ce10.0,경남 잡천 성공에서 금금 혈년이기 도대가 출인돌의 내명의 조등사가 순직한 겨운데 사고 원닌 교명의 했시의될 비기록 정치가 발견댔다
p32_u01,p32,taps,참일 공금등에 따르면 공줄 식돌로 추락한 긍금 필련이기 케이히 다시1 혈년이기 준대중 한대의의 분렉박술과 점날 오전 4천 정동면 파함리 이이게 내서 발견댔다
p32_u01,p32,ce0.0,3일 공금등에 따르면 공질 식돈로 출락한 공금 혈련이기 케티 더시일 흘년기 뒤대중 환대의 분렉박슬가 전날 오전 4천 쟁동년 화함리 이게해서 발견댔다
p32_u01,p32,ce0.1,참일 공금등에 따르면 공질 승돌로 출락한 경금 혈년귀 핑피 다시1 플년귀 두대중 한대일 분렉박스가 점날 오전 4천 정동면 화함리 인근해서 발견했다
p32_u01,p32,ce0.5,3을 근군분에 따르면 공중 쉬올로 출락한 근궁 혈련기 k케돌시 일 혈년길이 두대중 한대을 빌립박스가 좀날 오전 4천 증동면 사양이 임것해서 발견됩다
p32_u01,p32,ce1.0,3일 군금등에 따르면 궁준 시우론로 출락한 긍금 혈년이의 텐꾸 잘시 1 혈년귀 동대중 한대일 빌립박질가 전날 오전 사천 정동면 항및 인근해서 발견했다
p32_u01,p32,ce2.0,참을 근금등에 따르면 궁줄 키우돌로 추닥한 긍금 혈련익의 케티 다시일 혈년귀 두대중 한대의 빌렉박출가 전날 오전 사천 정동면 화한을의 일근해서 발견댔다
p32_u01,p32,ce5.0,3일 공군등에 따르면 공줄 키우돌로 추닥한 건군 혈련이기 캠피 다시일 혈년귀 두대중 한대의의 빌렉박주가 겸날 오전 사천 정동면 화및 인겨해서 발견했다
p32_u01,p32,ce10.0,3을 공금등에 따르면 긍주 식돌로 출락한 긍금 혈년이기 케티 다시 1 술년기 둔대중 현대의 빌렉박술과 전날 오전 4천 정동면 성함 인건해서 발견됩다
p32_u02,p32,taps,벨릭박스라고 불리는 이p에n 기록 장치에을 혈량기 조통사들의 음성과 통이신 정보 비 상황등에 정보가 번겨 있다
p32_u02,p32,ce0.0,불릭박스라고 불리는 이p에n 기록 장치엔을 훌련기 조등 사들에 이선과 텐신 정보 비 상환 등에 정보가 전겨 있다
p32_u02,p32,ce0.1,불릭박스라고 불리는 이 빙행기록 장치혜을 훌령기 조통사들에 음상과 통신 정복 비험 상환 등에 정보가 번겨 있다
p32_u02,p32,ce0.5,불릭박스라고 불리는 이 비m기록 당치행을 훈령지 조통사들에 음선과 텐신 정보 비행m 상황등에 정보가 던겨있다
p32_u02,p32,ce1.0,분릭박스라고 불리는 이 비행기록 정치애을 훈형비 조중사들에 음성과 통신 정보 비행 상황 등의 정보가 번겨있다
p32_u02,p32,ce2.0,틀릭박스라고 불리는 이p기록 장치애을 훈영기 조종사들에 이선과 통신 정복 비행 상황 등의 정복가 던겨있다
p32_u02,p32,ce5.0,불릭박스라고 불리는 이pn 기록 장치에날 훈영기 조통사들에 음전과 평신 정복 귀행 상황등의 정복가 던겨있다
p32_u02,p32,ce10.0,불릭박스라고 불리는 이 핑행기록 정치애날 혼령기 조종사들의 이선과 통신 정보 비영 상황등에 정보가 던겨있다
p32_u03,p32,taps,공국은 수고한 비에 기록 장치에 내용의 분석한을 한편 남머지 한 대의 비 기록 장치텐 잔해 수색자업도 이억하고 있다
p32_u03,p32,ce0.0,공군은 수구한 비기록 장치의 내용의 분석하을 한편 남머지 한 대일 비 기록 장치등 잔해 수색자업도 이억하고 있다
p32_u03,p32,ce0.1,궁국은 수구한 비행귀록 장치의 내용의 분석하을 한편 남머지 한대의 비행 기록 장치등 자낸 순색자업도 이억하고 있다
p32_u03,p32,ce0.5,군구는 수구한 비행기록 정치에 내용의 분석하을 한편 나머지 한대의 비행 기록 정취등 잔해 수색자업도 이여가고있다
p32_u03,p32,ce1.0,궁국은 수구한 귀행 기록 장치에 내용의 분석하을 한편 나머지 한대의 비행 기록 장치등 잔해 순색자업도 이억하고 있다
p32_u03,p32,ce2.0,궁국은 수구한 비행기록 장치의 일내용의 분석하을 한편 남머지 한대의 비 기록 장치등 잔해 수색자업도 이억하고 있다
p32_u03,p32,ce5.0,궁군는 수구한 비 기록 정치에 인내용의 분석하을 함편 남머지 한대의 비 기록 정치등 산해 수색자업도 이억하고 있다
p32_u03,p32,ce10.0,궁군는 수구한 비 기록 정치에 인내용의 분적하을 한편 나머지 한대의 비 기록 정치등 잔의 수색자업도 이역하고 있다
p32_u04,p32,taps,사보현장인 정동몇 일 때에 적력 2몇명을 배치에 전의 수세길 지행중이다
p32_u04,p32,ce0.0,사보현장인 정동몇 일 때의 병력 2된 여명을 배치에 자해 수세길 지행중이다
p32_u04,p32,ce0.1,사보현장인 정독몇 일 때의 병력 20여명을 배치에 전해 스로세개 지행중이다
p32_u04,p32,ce0.5,카보현장인 정독면 일 때 병력 20여명일 배치에 자의 소색을 진행중이다
p32_u04,p32,ce1.0,카보현장인 정동몇 일 때 병력 2음여명을 대치에 전의 수세을 지행준니다
p32_u04,p32,ce2.0,사보현장인 정독면 일 때 병력 2금 여명을 베치에 자의 수색을 지행중우다
p32_u04,p32,ce5.0,사보현장인 정동면일 때에 병력 2여명을 1치에 전의 수색을 주행중니다
p32_u04,p32,ce10.0,사고 현장인 정독면 1때에 병력 2백여명을 1치에 잔의 수색을 지행준이다
p32_u05,p32,taps,훌년기가 공질 충도한 만편 자에가 광범이 왕했게 표져있을 것으로 추정된다
p32_u05,p32,ce0.0,울년기가 공주 충도한 망편 자에가 관범이 왕했게 표져있을 곳으로 투정된다
p32_u05,p32,ce0.1,훈년기가 공중 충고한 만큼 자에가 강범이환했게 표져있을 것으로 투성견다
p32_u05,p32,ce0.5,훌년 비가 공중 출골한 망큼 자에가 광범이 왕개에 표져있을 것으로 투정된다
p32_u05,p32,ce1.0,훈년귀가 궁주 출고한 만큼 자에가 강범이 왕했게 표어 있을 것으로 추정된다
p32_u05,p32,ce2.0,훌년귀가 공줄 필골한 만큼 찬에가 강범이 와게 표져있을 벗으로 투정된다
p32_u05,p32,ce5.0,훈년기가 공주 출골한 만큼 자에가 강범이 어게 표서있을 것으로 투정된다
p32_u05,p32,ce10.0,훌년기가 공중 출도한 만큼 잔에가 강범이화게 표소있을 거으로 추정된다
p32_u06,p32,taps,서고기에 자에도 사고원인에 증류한 정보을 제근할 수 있어 서 책게 되면 현장을 일선 임시 부손하고 있다
p32_u06,p32,ce0.0,서고기에 자해도 사고원인에 중류한 정보를 제공할 수 있어서 책게 되면 현장의 이선 2시 부존하고 있다
p32_u06,p32,ce0.1,처고기에 자에도 사고원인의 중류한 정보을 제경할 수 있어서 책개되면 현장의 일선 인시 부손하고 있다
p32_u06,p32,ce0.5,사고기에 자해로 사고원인에 중류한 병보를 제근할 수 있어서 책대되면 환장의 의선 음시 부존하고 있다
p32_u06,p32,ce1.0,사고기에 자에도 사고원인에 중요한 병보를 제응할 수 있어서 착개교면 환장는 인선 인시 부조하고 있다
p32_u06,p32,ce2.0,사고기에 자에도 사고원인의 중류한 정보를 제응할 수 있어서 착게되면 환장을 의선 인시 부존하고 있다
p32_u06,p32,ce5.0,선곡이에 자해도 사고원인의 중요한 정보를 제응할 수 있어서 착개되면 현장을 은선응시 부존하고 있다
p32_u06,p32,ce10.0,상고이에 자에도 사고원인의 중류한 정보를 제응할 수 있어서 착개 되면 현장을 의선 음시 부존하고 있다
p32_u07,p32,taps,"앞서지난 1일 5132본쯤 경남 사, 긴군재01년비행단에서 케이티 혈령이기 종대가 훈련 도질 공중에서 칭돌했다"
p32_u07,p32,ce0.0,아써주난 1일5132본쯤 경남 사청 진군재3혈년비행단에서 케이티 혈령이기 둥대가 혈련 도질 공중에서 측돌했다
p32_u07,p32,ce0.1,앞서지난 1일5132본쯤 경남 4체근군 재0 혈년비행반에서 케티 혈년기 등대가 혈련보질 경중에서 챙돌했다
p32_u07,p32,ce0.5,"앞어지만 1일51술2본쯤 경남 4,근군 재산 혈년비행다에서 케피혈년기 두대가 혈련도주 근중에서 충돌했다"
p32_u07,p32,ce1.0,"앞서지만 1일 51시섬2본쯤 경남 사,경군 재참 훈년비행다에서 케티혈년귀 동대가 혈년보디 공중에서 칭돌했다"
p32_u07,p32,ce2.0,앞써주한 1일51시섬2본쯤 경남 사청 군군 재참 혈년 비행간에서 케이티 훌령귀 두대가 훈련 도주 공중에서 충돌했다
p32_u07,p32,ce5.0,"앞써주한 1일 51선25쯤 경남 사, 근군 재한 홀련 비행단에서 케이티 혈령이기 동대가 혈련 보을 공중에서 칭돌했다"
p32_u07,p32,ce10.0,"아으어지난 1일 5무1시섬2은쯤 경남 4,근군 재산 훈년 비행단에서 케이티 혈령기 동대가 훈년보주 공중에서 충돌했다"
p32_u08,p32,taps,두대에는 학생 조종사 두냥과 pn이 교수 두명된 모두 내명이 덮승했고 당시 비상 통체했지만 암탁각에도 모두 순직겠다
p32_u08,p32,ce0.0,두대에는 학생 조종사 두년과 pn이 교수 두형된 모두 내명이 덮승했고 당시 비상평인 최했지만 암택닥에도 모두 순직했다
p32_u08,p32,ce0.1,두대에는 학생 교롱사 두냥과 비이 교스 두형든 모두 내명이 덮승했고 당시 비상평최했지만 암택걱개로 모두 순직했다
p32_u08,p32,ce0.5,두대에는 학생 조종사 두명과 비행의 교수 두명든 모두 내명이 덮승했고 당시 비상터최했지만 안타각에도 모두 순직겠다
p32_u08,p32,ce1.0,등대에는 학생 조종사 두냥과 비이 교스 두명된 모두 내명이 합승했고 당시 비상택체했지만 안탁역에도 모두 순직했다
p32_u08,p32,ce2.0,두대에는 학생조종사 두년과 비행이 교수 두령든 모두 내명이 덮승했고 당시 비상통출했지만 안타각에도 모두 순직겠다
p32_u08,p32,ce5.0,두대에는 학생교종사 두명과 비행이 교수 두명든 모두 내명이 합승했고 당시 비상 텍최했지만 안택넉에도 모두 순직했다
p32_u08,p32,ce10.0,두대에는 학생 조종사 두명과 비행의 교스 두명된 모두 내명이 덮승했고 당시 비상청출했지만 안파 걱배도 모두 순직했다
p32_u09,p32,taps,케이티는 궁네 기술로 개발된 채초의 국상 혈년계로 2천0년 팔월 부터실점 배치했다
p32_u09,p32,ce0.0,케이티는 궁네 기슬로 개발된 채초의 국상 혈령 계로 200년 팔월 부터실점 배치했다
p32_u09,p32,ce0.1,페이티는 궁네 기슬로 개발된 채초의 국상 흘령계로 2천년 파을 부터 실점 배치했다
p32_u09,p32,ce0.5,케이티는 군네 기슬로 개발된 채초의 국사 흘령계로 200년 팔을 부어실 전 배칠했다
p32_u09,p32,ce1.0,케이티는 궁네 기슬로 개발된 채초의 국상 훈령계로 2천년 팔을 부어실 점 백치했다
p32_u09,p32,ce2.0,케이티는 궁네 기슬로 개발된 채초의 극사 흘령계로 200년 8을 부터 실점 벽치했다
p32_u09,p32,ce5.0,케이티는 국네 기술로 개발된 채초의 국사 흘령계로 이0년 팔을 부터 실점 베치했다
p32_u09,p32,ce10.0,케이티는 국네 기슬로 괴발된 채초의 국사 혈령계도 이천야 팔을 부터실점 배치했다
p32_u10,p32,taps,영결시은 자일 오장 공이군 재상 혈난 비행단 안창 남무화 해관내서 비공이개로 고행된다
p32_u10,p32,ce0.0,영결 시금 자일 오장 공군 재상흘한 비행단 안청 남무나 해관내서 비공이개로 고행된다
p32_u10,p32,ce0.1,영결시은 자일 5정 긍군 재상 혈난 비염단 안착 남무화 해가 내서 비공이개로 권행된다
p32_u10,p32,ce0.5,영결실은 자일 오정 군군 재산 홀량 비행단 안창남무화 해가내서 비군개로 고행된다
p32_u10,p32,ce1.0,영결시은 자일 5정국이군 재사흘한 비행단 안창 남무화 해간에서 비군이개로 고행이된다
p32_u10,p32,ce2.0,영결 시은 자일 오정군군 재3 흘난 비행단 안창 남무화 해간에서 비군개로 고행이견다
p32_u10,p32,ce5.0,영견식은 자일 오정 군군 재산 혈년 비행단 안착 남무할 해간에서 비음이개로 고행된다
p32_u10,p32,ce10.0,영결 시은 자일 오정 군군 재참 혈년 비행단 안창 남무할 해간에서 비군개로 고행된다
p32_u11,p32,taps,눈석결 대택령 대선이니 눈석결 정부의 대통 령실 비서관급 호속 인선을 이르며 옮일 발표된다
p32_u11,p32,ce0.0,눈석열 대택령 변이서일이 눈석결 정부의 대통 령실 비석관끔 호소 인선을 일어며 옮일 발표된다
p32_u11,p32,ce0.1,눈석열 대통령 변선이이 눈석결 정부의 대통 영실 비서관급 호소 인선을 이름며 옮일 발표된다
p32_u11,p32,ce0.5,눈서결 대통령 변선이이 눈사결 정부에 대통령실 비석관끔 호속 인선을 일어는 옮일 발표된다
p32_u11,p32,ce1.0,눈석결 대통령 대행선인이 눈석결 정부의 대통령실 비석관급 호속 인선을 이어는 옮일 발표된다
p32_u11,p32,ce2.0,눈사결 대통령 단행이선인이 눈사결 정부에 대통령실 비서관끔 호속 인선을 일르는 오일 발표된다
p32_u11,p32,ce5.0,눈사결재통령 변선이니 눈사결 정부의 대통령실 비서관급 호소 인선을 이름며 오일 발표든다
p32_u11,p32,ce10.0,눈사결대통령 변선인니 눈사결 정부의 대통령실 비서관급 후속 인선을 이름면 오일 발표된다
p32_u12,p32,taps,인서결 장선인 대된이실 감개자면 빠를년 내일이나 모의 발표안다며 이번에는 서면으로 발표할 예정이라고 말했다
p32_u12,p32,ce0.0,민석결 당서인 대전인실 감게점은 빠르년 내일이나 몰의 벌표안다며 이번에는 선양의로 벌표할 예정이라고 말했다
p32_u12,p32,ce0.1,눈사결 당선인 대변인실 감개자면 빠르년 내이이나 모의 발혀안다며 이번에는 사면의로 발표할 예정이라고 말했다
p32_u12,p32,ce0.5,은석을 장서인 대변이실 검게자면 팔르몇 내일이나 몰래 발혀안다며 이번에는 사면으로 발표할 예정이라고 말했다
p32_u12,p32,ce1.0,눈서결 당선인 대변이실 건개자면 빠르년 내의이나 모래 발혀한다며 이번에는 선염으로 발표할 예정이라고 말했다
p32_u12,p32,ce2.0,눈서결 당선인 대변이실 검개자면 빠르년 내이이나 모에 발표안다며 이번에는 서면으로 발표할 예정이라고 말했다
p32_u12,p32,ce5.0,눈서결 장서인 대변이실 검게자는 빨을년 내이이나 물에 발혀한다며 이번에는 선면으로 발표할 예정이라고 말했다
p32_u12,p32,ce10.0,눈서결 장선인 대변이실 건개자면 빠르면 내이이나 모래 발혀한다며 이번에는 서면으로 발표할 예정이라고 말했다
p32_u13,p32,taps,앞서 수속개 인사를 장재원 당선인 비서실장이 배지한 겁과는 사못 다름 모습이다
p32_u13,p32,ce0.0,앞서 수속개 인사를 장재원 당선인 기서실장이 배지한 득과는 사못 다름 못습이다
p32_u13,p32,ce0.1,앞서 수속개 민사를 장재원 당선인 비서실장이 발취한 급과는 사못 다른 모을이다
p32_u13,p32,ce0.5,앞서 수속결 인사를 장재 원 당선인 비서실장히 배표한 겪관는 사못 다름 모습이다
p32_u13,p32,ce1.0,앞서 스속괴 민사를 장이제원 당성인 비서실장이 배표한 극과는 사못 다름 모습이다
p32_u13,p32,ce2.0,앞서 수석결 인사를 장재원 당성인 비서실장이 배표한 극관는 사못 다른 모을이다
p32_u13,p32,ce5.0,앞서 수속되 인사를 장죄원 당선인 비서실장이 발펴한 겁과는 사로 달른 모습이다
p32_u13,p32,ce10.0,앞소 수속결 인사를 장재원 동성인 비서실장이 발져한 급과는 사못 달른 모습이다
p32_u14,p32,taps,초대 귀정 상황실장에는 대선 캠패의 과정에서 연단6이천인의 렌지지를 충관했던 하모서 천 청화대 선일 행정관이 유력하게 걸론된다
p32_u14,p32,ce0.0,초대 기정 성황실장에는 대선 텐패이 가정여서 연당6이 선인의 웨지지를 총관했던 현호석천 청화대 선의 흥전건이 유력하게 결혼된다
p32_u14,p32,ce0.1,초대 극정 생황실장에는 대선 캠패의 가정에서 연당6선인의 월지질를 최관했던 현노서천 평화대 손님 행전관이 유력하게 걸론된다
p32_u14,p32,ce0.5,초대 국정 생황실장에는 대선 캠페인 과정에서 눈단선일의 의c질를 충관했던 한호서천 생화대 손의 행전관이 유력하게 걸론된다
p32_u14,p32,ce1.0,소국정 창황실장에는 대선 텐팽의 가정에서 연단선인의 웨티질를 충가했던 한호서천 성화대 손의 희전관이 유력하게 걸론된다
p32_u14,p32,ce2.0,초대 극정 상황실장에는 대선 캠패의 과정에서 연단선인네 웨t질를 충가했던 하모서천 총화대 손의 희정관이 유력하게 걸론된다
p32_u14,p32,ce5.0,초대 극정 상황실장에는 대선 캠패의 가정해서 연당능선인의 웨c질를 충과했던 하을서천 성화대 손의 행정건이 유력하게 걸론된다
p32_u14,p32,ce10.0,초대 극정 상황실장해는 대선 텐패의 과정에서 연다선인네 의치질를 충관했던 하노서천 청화대 손의 흥정관이 유력하게 걸론된다
p32_u15,p32,taps,정모 수석실 산나 등무 비사관에는 홍지한 전 위원니 홍고 수석실 산나 행고 기획 비사관에는 최영의 분화이이보 분국정이 사아 평에 올렀다
p32_u15,p32,ce0.0,정모 수석실 산나 정로 비서관내는 흥지한 전 위원니 흥포 수석실 산나 흥포 기획 비사관에는 최 영의 본화 일보 불국점이 화아 평에 올랐다
p32_u15,p32,ce0.1,정모 수석실 산나 정물 비서관에는 성지한 전 위원이 생고 수석실 산악 행곡 기획 비사관에는 최 영의 등화 일보 등국정이 사아 평에 울렀다
p32_u15,p32,ce0.5,정모 수속실 산나 등무 비사관내는 흥지한 전위원니 흔고 수속실 찬나 흔코 기획 비사관내는 최영의 던야 일보 등국점이 사아 평에 올랐다
p32_u15,p32,ce1.0,정호 수석실 찬나 평물 비서관내는 홍지한 변 위원니 훌보수석실 찬나 훌복 기획 비사관내는 체영의 등가일보 폭백정이 하화 평에 올랐다
p32_u15,p32,ce2.0,정모 수석실 산나 정무 비사관에는 성지한 전 의원이 힘보 수석실 산나 훈복 기획 비사관에는 최 영의 등화일보 등국정이 하나 평에 올랐다
p32_u15,p32,ce5.0,정부 수석실 차나 정무비사관에는 홍이지만 전 의원이 혈보 수석실 차나 혈보 기획 비서관에는 최 영의 등화일보 등폭정이 사나 평에 올랐다
p32_u15,p32,ce10.0,정모 수석실 차나 정무비사관에는 홍지한 전 유원니 풍고 수석실 차나 힌곡 기획 비사관에는 최영의 등가일보 등국정이 하나 평에 올랍다
p32_u16,p32,taps,범률 비사관에는 주짐의 정노사 이점 비사관는 경의밤 당선인 보자야기 사실상 내정일 된것으로 알려졌다
p32_u16,p32,ce0.0,좀률 비사관에는 주짐의 전호사 의점 비서관을 규미밤 당선인 보자여기 사실상 내정의 된것으로 알려졌다
p32_u16,p32,ce0.1,좀률 비사관에는 주짐을 정호사 의점 비서관는 규밀밤 당선인 보자야기 타실상 내정일 된것으로 알려졌다
p32_u16,p32,ce0.5,점률 비사관에는 주진을 경노사의점 비사관은 경미밤 당선인 보자여기 차실상 내정일 된것으로 알려졌다
p32_u16,p32,ce1.0,법률 비서반에는 주진의 장노사의점 비서관은 귀미밤 당선인 보자야기 하실상 내정이 등것으로 알려졌다
p32_u16,p32,ce2.0,점률 비서관에는 주진을 정호사 의점 비서관는 그미밤 당선인 보자야기 사실상 내정일 던것으로 알려졌다
p32_u16,p32,ce5.0,점률 비서관에는 주진의 전호사 의점 비사관는 금메본 당선인 보자여기 차실상 내정의 된것으로 알려졌다
p32_u16,p32,ce10.0,점률 비사관에는 죽진의 정노사 의점 비사관은 귀의던 장선인 보자여기 사실상 내정인 던것으로 알려졌다
p32_u17,p32,taps,앞서 영금 당선 이는 지난 1일 2실5 수석의 대통 영실의 수석급 인선을 발표했다
p32_u17,p32,ce0.0,앞서 영금 당선이는 지난 1일 2실 5 수석에 대통 영실를 수석급 민선을 발표했다
p32_u17,p32,ce0.1,앞서 영금 당선이는 지난 1을 2실5 수석인 대통 령실를 수석그 왼선을 발패했다
p32_u17,p32,ce0.5,앞써 용 당선이는 진난 1을 2실 5 수석에 대통 양실의 수석크 민섬을 발표혀했다
p32_u17,p32,ce1.0,앞서 유 당선이는 지난 이을 위실 5 스석에 대통영신을 수석게 륭선을 발표했다
p32_u17,p32,ce2.0,앞써 영 당선이는 지난 1를 2실 5 수석에 대통 령치의 수석그 인선을 발표했다
p32_u17,p32,ce5.0,앞서 유 당선위는 지난 e를 위실 5 수석에 대통령치 수석그 왼선을 발표했다
p32_u17,p32,ce10.0,앞써 6 당선이는 지난 1은 2실5 수석인 대통령실 수석그 민선을 발표했다
p32_u18,p32,taps,오는 류길일 대통령치일 수 위원에 헤촉시을 앞더 만큼 왼사결 정부의 공식 최밤 준비 자업은 이번주 마머리될 전망이다
p32_u18,p32,ce0.0,오느 일류기 대통령지인 수 위원을 혈초시을 앞더 만큼 연사결 정부의 공식 최범 준디 자업은 이번주 마머리를 전망이다
p32_u18,p32,ce0.1,오늘 일기 대통령 죽긴 수 위원을 헤척시을 앞뜸 만큼 연사결 정부의 공식 출범 준비 자업은 이번주 마머리될 전망이다
p32_u18,p32,ce0.5,온늘 유길 대통량 죽일술 위원해 헤촉시을 앞뜸 만큼 연사결 정부의 공식출반 준비 자업은 이번주 아머리될 전망이다
p32_u18,p32,ce1.0,온늘 류기에 대통령시인 스술 위원에 헤척시을 앞동 만큼 유사결 정부의 공식 출밤 준비 잡법은 이번두 마모리될 전망이다
p32_u18,p32,ce2.0,오늘 유기 대통령 즐긴 술 위원해 해촉시혜을 앞동 만큼 연사결 정부의 공식 출방 준비 자업은 이번주 마머리데 전망이다
p32_u18,p32,ce5.0,또늘 유기에 대통령 죽인 술 위원해 헤촉시에을 앞음 만큼 연사결 정부에 공식 최반운 준비 자업은 이번주 마머리배 전망이다
p32_u18,p32,ce10.0,오는 유의 대통령 지긴 술 위원을 헤촉시을 앞더 만큼 문사결 정부에 공식 출밤 준비 자업은 이번주 마모리될 전망이다
p32_u19,p32,taps,공찰이 이제 명더불러 문조장 대표의 최측근인 종진 서의 민주당 당의 대혀 정모 조장실장이 시보일 소한했다
p32_u19,p32,ce0.0,범차이 2제 명더불러 문주장 대표의 최츠근인 정진성 림주당 당의 대혀 정로 조장실장에 시보일 소한했다
p32_u19,p32,ce0.1,검차이 이제 명더불어 민주당 대표의 최츠근인 종진 사흘 민주당 당대표 정모조당실장을 시보일 소한했다
p32_u19,p32,ce0.5,검차이 2제 명더부러 민주당 대표의 체측근인 정진성 민주당 탕대혀 정모 조장실장을 시5일 소한했다
p32_u19,p32,ce1.0,검차이 이제명 더불어 민주당 대표의 최측건이 정진선 민주당운 당이대혀 정호 조장실장에 시5을 소만했다
p32_u19,p32,ce2.0,검차이 2제명더불어 민주장 대표의 최츠근이 정진상 민주당 당되표 정보 조정실장을 시보일 소한했다
p32_u19,p32,ce5.0,겸차이 2제명더부러 민주장 대표의 최측근인 정진상 민주당 당이되혀 정모 소정실장을 15일 소한했다
p32_u19,p32,ce10.0,겸찰이 2제명더불러 민주당 대표의 최측근인 정진상 민주당 당이되혀 정모 소정실장을 시보일 소안했다
p32_u20,p32,taps,야방은 언터리수 사라며 반발했지만 검차른 타야본없다며 이 대혀 주견에 대한 강도 높은 사정을 예고했다
p32_u20,p32,ce0.0,야방은 언터리스 사라며 변발했지만 검차른 타야본없다며 이 대혀 주견에 대한 광도 높은 사정을 외고했다
p32_u20,p32,ce0.1,야방은 언터리스 사라며 반발했지만 검차른 타여번 없다며 이 대표 주견에 대한 강도 목은 사정을 외고했다
p32_u20,p32,ce0.5,야당은 넉터리스 사라며 반발했지만 넘차른 타혈번 없다며 이 대혀 주견에 대한 광도 높을 사정을 외고했다
p32_u20,p32,ce1.0,야방은 넘터리스 사라며 반발했지만 건차른 타역은 없다며 이 대표 주견에 대한 광도 목은 사병을 예고했다
p32_u20,p32,ce2.0,야당은 언터리스 사라며 반발했지만 건차른 타협번 없다며 이 대표 두견에 대한 광도 목을 사정을 예고했다
p32_u20,p32,ce5.0,야당은 넘터리스 사라며 담발했지만 검차른 타협은 없다며 이 대표 두견에 대한 강도 목을 사정할 외고했다
p32_u20,p32,ce10.0,야방은 넉철리수 사라며 변발했지만 검차른 타혈번 없다며 이 대표 두견에 되한 장도 높힌 사정을 외고했다
p32_u21,p32,taps,서월 중항지건 밤부 패수사이보는 이월 오전 정실장의 p자 1본으로 불렀다
p32_u21,p32,ce0.0,서월 중항지건 반부 패스사이보는 이월 오전 정실장의 p자신본으로 불렀다
p32_u21,p32,ce0.1,세월 중향지건 반부 패스사일부는 리날 오던 정실장을 p자신보으로 불렀다
p32_u21,p32,ce0.5,서월 중향지건 반부 폐 수사일부는 위노의 오던 정 실장의 피의자식본으로 불렀다
p32_u21,p32,ce1.0,처을중향지건 반부 패스사일보는 일날 오던 종실 장을 피자 신보으로 불렀다
p32_u21,p32,ce2.0,소울 중항 지건 반부 패수사일보는 인날 오던 정실장을 피의자 1본으로 불렀다
p32_u21,p32,ce5.0,태월 중향지건 반부 펼수타 일부는 위화의오덤 정실장의 피자 1본으로 불렀다
p32_u21,p32,ce10.0,소울 중항질건 반부 패수사일보는 은원 오전 정실장의 피요위자신본으로 불렀다
p32_u22,p32,taps,성실장은 서울 소초고 서울 중항 지건 로비에 대비중일 치제진을 p에이의 나친 권찰에 추이석했다
p32_u22,p32,ce0.0,정실장은 서울 소토고 서울 중항지건 로비에 대기중일 7제진을 p에이을 나친 범찰에 충이석했다
p32_u22,p32,ce0.1,성실장은 서울 소조고 서울 중항 들경 너비에 대기중일 7제진을 p에이은 나은 검찰에 추이석했다
p32_u22,p32,ce0.5,성실장을 서울 소초을 서울 중항주건 로비에 될비중이 취제진을 피에 이어 나친 검차에 출석했다
p32_u22,p32,ce1.0,정실장을 서울 서표고 서울 중항 중관 로비에 달비중이 치제지을 p에 이의 맞친 검찰에 추이석했다
p32_u22,p32,ce2.0,성실장을 서울 소표고 서울 중황 지경 노기에 터비주니 치제진을 p에 이은 나친 검찬에 출석했다
p32_u22,p32,ce5.0,성실장을 서울 서표구 서울 중항죽간 로비에 대비주및 치제진을 p에 이은 나친 검차에 취석했다
p32_u22,p32,ce10.0,정실장은 서울 소으로고 서울 중항중광 로비에 달기 준일 치제지을 피에 이의 맞친 검찬에 출석했다
p32_u23,p32,taps,검차른 정실장을 상대로 유통이교 전 성남도시 개발 공사 기획 동도장등에게 근품의 받은 배경등에 캐물의 거으로 알결었다
p32_u23,p32,ce0.0,금차른 정실장을 상대로 유통이교 전 성남도시 개발 군사 기획 금도장등에게 금품의 받은 배경등의 캐물의 거으로 알려졌다
p32_u23,p32,ce0.1,겸차른 쟁실장을 상대로 유동이교전 생남도시 개발근사 귀획 본도장등에게 긴품의 받은 배경등을 케물의 거으로 알려겼다
p32_u23,p32,ce0.5,금차른 정실장을 상대로 유통교전 송남도시 개발군인사 귀획 본부장등에게 근풍의 받은 배경등을 캐물를 것으로 알려졌다
p32_u23,p32,ce1.0,금차른 정실장을 상대로 유동이교 전 생남도시 개발 군사 귀획 봉부장등역에 금풍의 받은 배경등의 케물의 거스로 알려혔다
p32_u23,p32,ce2.0,금차은 정실장을 상대로 유동이교 전 통남도시 괴발 군사 귀획 동도장정에게 금품을 받은 배경등을 케모를 거스로 알려졌다
p32_u23,p32,ce5.0,금차른 정실장을 상대로 유동이교전 성람도시 개발 근사 귀획 동부장등에게 근품의 받은 배경등을 케홀를 거스로 알려졌다
p32_u23,p32,ce10.0,검차른 정실장을 상대로 유동이교 전 생함도시 계발 군사 귀획 본부장증에게 경품의 받은 발경등을 케물의 거스로 알려졌다
p32_u24,p32,taps,또 정실장과 긴욕 입인질 연구원 부원장 유전 분부장등이 대표 측근 사민의 목으로 알려진 대장동수 깨사 28아권네 집은 관계도 진문한 거으로 존해졌다
p32_u24,p32,ce0.0,또 정실장과 긴용 212질 연구원 부원장 유전 분부장등이 대표 측견 사인의 목수로 알려진 대장동 수깨428권에 집은 관계도 직문한 것으로 전해졌다
p32_u24,p32,ce0.1,또 정실장과 긴용 민즈 연궁원 부원장 유턴 범부장등이 대표 측근 사민의 목으로 알려진 대장동 수김428 관에 집은 관계도 진문한 거으로 전해졌다
p32_u24,p32,ce0.5,또 정실장과 긴욕 민줄 연구한 부원장 유편 본부장등의 대표 측근 사민의 목으로 알려진 대장동 수익끔428 관에 집은 관계도 질문한 것으로 전해졌다
p32_u24,p32,ce1.0,또 정실장과 긴욕 민즈 연구원 부원장 유턴 본부장등이 대표 측견 사민의 목수로 알려진 대장동수의겸428관에 집은 광계로 직문한 거으로 전해졌다
p32_u24,p32,ce2.0,또 정실장과 긴용이긴주 연구원 부원장 유턴 본부장 등의 대표 측견 사민의 목수로 알려진 대장동 수이금 자28권에 집은 관계도 직문한 거으로 전해졌다
p32_u24,p32,ce5.0,또 정실장과 평욕이인죄 영공원 부원장 유1 분부장등의 대표측근 사민의 목수로 알려진 대장동 수있금 잘28 권에 집은 관계도 진문한 것으로 전해졌다
p32_u24,p32,ce10.0,또 정실장과 큰령 민주 영공원 부원장 유턴 본부장등이 대표 측근 사민의 목수로 알려진 대장동 수익낌 사백 28을 권에 집은 관계도 질문한 거으로 전해졌다
p32_u25,p32,taps,분탈 관계자매 앞수 수색을 통의 유인 위한 내용의 확인냈으며 앞으로도 타협은 없다고 밝쳤다
p32_u25,p32,ce0.0,점탈 관계자매 앞수스색을 통의 유의 위한 내용의 확인냈으며 아으로도 타합본 없다고 발혔다
p32_u25,p32,ce0.1,금찰 광계자매 앞스스색을 통의 유일 위한 네용을 확인냈으며 앞으로도 태여은 없다고 밝혔다
p32_u25,p32,ce0.5,금할 관계자매 앞수스색을 통의 유일위한 내용의 확인했으며 앞프로도 타협본 없다고 밝혔다
p32_u25,p32,ce1.0,검탈 관계자는 앞스스색을 통의 유일 리한 내용을 확힌했으며 앞프로도 타협번 없다고 밝혔다
p32_u25,p32,ce2.0,검찰 관계전을 앞스스색을 통의 유일 위한 내용을 확인했으며 아프로도 타협본 없다고 밝혔다
p32_u25,p32,ce5.0,검찰 관계전은 앞수 스색을 통의 유의 위한 네용을 확인했으며 앞으로도 타협은 없다고 밝혔다
p32_u25,p32,ce10.0,금탈 관계자는 앞수스색을 통의 유의 이한 내용을 확긴했으며 앞르로도 타협번 없다고 발혔다
p32_u26,p32,taps,정실장연 미차는 13년에서 220면 동기 총남실 정책비서관 동기도 정책 신장킬지매며 유 전 본부장등위로 부터 1락 서청만원을 수수한 협위를 받고 있다
p32_u26,p32,ce0.0,정실장은 20 13년에서 220면 동의기 청남실 점체 비서관 동기도 점책신장할 지내며 이 전 본부장등료로 부터 1락 4천만원을 수수한 환위를 받고있다
p32_u26,p32,ce0.1,정실장의 미천13년에서 220면 경기 책남신 정책 비서관 경기도 전책 식장해 지매며 유전 분부장 등의로 부터 1락 4천 만원을 수수한 현위를 접보있다
p32_u26,p32,ce0.5,정쇠장은 213년에서 220면 경귀 청남시 정책비서관 경귀도 전책실장해 지매며 유전 분부장데류로 부터 1력 4청만원을 수수한 현밀를 덮고있다
p32_u26,p32,ce1.0,정실장은 201람년에서 2020면 경귀 성남시 정책비서관 경기도 정책신장을 지매며 유전 본부잘 등유로부터 이력 서천 만원을 수수한 협위를 덮보있다
p32_u26,p32,ce2.0,정색장은 2013년서2020면 경기 총남시 정책 비서관 경기도 정책생장을 주매며 유전 본부장등유로 부터 이롭서천 만원을 수수한 협미를 덮보있다
p32_u26,p32,ce5.0,정식장은 2013년에서 2020년 경기 청남시 정책비서관 경기도 전책심장을 주내면 유 전 분부장드으로부터 이력 4편 만원을 수수한 혈위를 접고있다
p32_u26,p32,ce10.0,정실장은 2013년에서 2020면 경기 책남시 정책 비서관 경기도 정책 실장을 지매면 유 전 분부장등류로 부터 1롭 4천 만원을 수수한 현위를 졌보있다
p32_u27,p32,taps,또 중과 일말 교사와 북정처사 후술에 붙대 방직법 이반 향위조 받고 있다
p32_u27,p32,ce0.0,또 중과 일날 교사와 부정처사 후스에 붙패방직법 이반 향리도 받고 있다
p32_u27,p32,ce0.1,또 증가 일멸 교사와 북정처사 후술에 부태반지법 이반 향이도 받고 있다
p32_u27,p32,ce0.5,또로 중과 일말 교사와 부정처사 후스에 부태 반직법 일반 향위도 받고있다
p32_u27,p32,ce1.0,또 증가 일월 교사와 부정처사 호술에 국패 반직법 위반 혈이도 받고있다
p32_u27,p32,ce2.0,또 중과 일날교사와 부정처사 후오술에 붙태 방직법 이 반 향리도 받고있다
p32_u27,p32,ce5.0,또 중가의 위할 교사와 부정철사 후술에 북태 반지법 이반 형이도 받고있다
p32_u27,p32,ce10.0,또 증가 일말 교사와 북정처사 후술에 부패 방직법 이반 형이도 받고있다
p32_u28,p32,taps,검차른 되망간 쟁실장 신병확포에 나선에 한평 장치적 긴통이 체로 기정한 이 대평에 연로 여부도 수사 것으로 보인다
p32_u28,p32,ce0.0,검차른 드망간 쟁실장신병학포에 나서는 한평 정치적 긴통이채로 규정한 이 대평에 연로 여부도 수살 것으로 보인다
p32_u28,p32,ce0.1,감차른 되망간 쟁실짝 신병학포에 나서명 한평 장치적 근통의차로 규정한 이 대표에 연로 여부도 수사 것으로 불인다
p32_u28,p32,ce0.5,검차른 드만관 쟁실장 심병확포에 나더을 한평 쟁출적 경통 채로 규정한 이 대표회 열루 여부도 수살 것으로 보인다
p32_u28,p32,ce1.0,검차른 더만관 쟁실장 심병학보에 나터는 함편 정치적 군통이체로 규정한 이 대표에 연루 여부도 수살 것으로 보입다
p32_u28,p32,ce2.0,검차른 도망간 쟁식장 식령확보에 나서을 한평 정치적 군통육체로 규정한 이 대표에 열로 여부도 수살 것으로 보인다
p32_u28,p32,ce5.0,검차른 되만간 정실짝 심령확포에 나서을 한편 정치적 경통이 채로 규정한 이 대표에 열로 여부도 스사 것으로 보인다
p32_u28,p32,ce10.0,겸차른 드만간 정실자 심령학포에 나좌면 한평 정치적 근통이체로 규정한 이 대표에 열로 여부도 수사 것으로 되인다
p32_u29,p32,taps,린주당한 범제 현위로 기소된 자에 일방갑 진술에만 의져넘는 악털리 수사라고 반발했다
p32_u29,p32,ce0.0,민주당한 범제 현위로 기소된자의 일방덕 진술에만 의주어는 언털리 수사라고 반발했다
p32_u29,p32,ce0.1,린주당한 범질 향위로 기소된자의 일방적 진술에만 의져너는 악털리 수사라고 반발했다
p32_u29,p32,ce0.5,민주당은 범질 현위로 기소된자의 일방격 진수에만 늘주넘는 언터리 수사라고 반발했다
p32_u29,p32,ce1.0,민주방은 범제 향위로 기소된자의 일방격 진수에만 의주너는 응터리스사라고 반발했다
p32_u29,p32,ce2.0,민주당은 범제 함위로 기소된 자의 일방적 진수에만 의주넘는 악털리스사라고 반발했다
p32_u29,p32,ce5.0,민주방한 범제 현위로 기소된자의 일방히각 진술에만 의져원행 악털리 스사라고 반발했다
p32_u29,p32,ce10.0,민주당은 범죄 현위로 기소된자의 일방적 진술에만 의조나는 언터리 수사라고 방발했다
p32_u30,p32,taps,밤명검찰 건계자는 민주당이 아미준 강백신 부장검사의 피일 사실 공표현미로 고의 공직자 봉제 수사처의 고발한데 대해 그체적 근거가 없다며 유감을 놓타했다
p32_u30,p32,ce0.0,밤명검찰건니게자을 눈주당이 아미준 강백신 부장검사를 피일사실을 공표환매로 국의 공직자 던재 수사처의 고발한데 대해 구체적 근거가 없다며 위감을 놓한했다
p32_u30,p32,ce0.1,변명금찰 견계자는 민주당이 아미 준 강백신 부장검사를 편의 사신을 표향이로 국의 공직자 동제 수사처의 고발한데 될해 그체적근거가 없다며 일감을 놓한했다
p32_u30,p32,ce0.5,반명곧찰관니에자을 민조당이 엄미 준 강백신 부장검사을 필일 사신을 검표현위로 고의 군직자 동재 수사처의 고발한데 대해 굳체적 근거가 없다며 유감을 높합했다
p32_u30,p32,ce1.0,반명 검찰 관계전을 민주당이 아미 준 강백신 부장건사를 피사신을 공표현이로 고의 공직자 방제 스사처의 고발한 데 대해 굳체적 금거가 없다며 일감을 넣한했다
p32_u30,p32,ce2.0,변명 금찰 관니에자는 민주당이 어미 준 강백신 부장검사를 피의자시 표험이로 고의 궁직자 동제 수사처에 고발한 데 대해 굳체적 근거가 없다며 유감을 너한했다
p32_u30,p32,ce5.0,밤명금찰 관위에자는 민주당이이 준 강백신 부장건파를 피사실 금표현이로 9의 공직자 통제 수사처의 고발한데 대해 굳체적 근거가 없다며 유감을 나타했다
p32_u30,p32,ce10.0,평명9찰 관계자는 민주당이 악미준 강백신 부장건사를 피위 사신을 금표현이로 국의 공직자 병제 수사처의 고발한 데 대해 굳체적 근거가 없다며 위감을 얻타했다
p32_u31,p32,taps,정북 익사한시는 kt스1산력 체도 이용이게 편일를 위해 역골 공령이 죽차자 백7시 미면을 조상했다고 십사일 밝켰다
p32_u31,p32,ce0.0,점북 익사한시는 kt스산6 체도 이용개 편일를 위해 6골 공령이 주차자 백출시 일면을 조성했다고 쉽사일 벌켰다
p32_u31,p32,ce0.1,점북 익사한시는 케티스산력 철도 인용객 편위를 위해 역골 공령이 기쳐자 백출시 위면을 조생했다고 십사일 발혔다
p32_u31,p32,ce0.5,전북 입사한 쉬는 킬티역수 이산력 체도 이용객 편위를 위해 6골 궁령 죽차자 백출시 일면을 조생했다고 십사일 벌겼다
p32_u31,p32,ce1.0,정북 익상한 시는 kts 1산력 체또의 이용객 편위를 위해 6골 궁령이 죽차자 백출시 미면을 조성했다고 십사일 버켰다
p32_u31,p32,ce2.0,점북 2상한 시는 kts산6 철도 이용객 편위를 위해 6골 군령이 죽사작 백출시 위면을 조성했다고 1사일 발혔다
p32_u31,p32,ce5.0,전북 익사한시는 케티스 1산력 체또 이용객 편위를 위해 역골 군령이 죽차장 백출시 위면을 조성했다고 쉽사일 발혔다
p32_u31,p32,ce10.0,정북 익상은 1는 k티스 2산력7또 인용객 편위를 위해 역골 공령죽차자 백출시 일면을 조상했다고 십사일 밝혔다
p32_u32,p32,taps,이산시는 총사업이 40버거원을 토입에 성학동 8시5시5 이론의 공령지차 방의 조성에 욕불 주차장 이용이개과 지역 주민들의 편위를 제공염다
p32_u32,p32,ce0.0,익산시는 총사업이 4버거원을 토입에 성학동 8시5시5 이어의 공령주차장을 조성에 욕을 주차장 이용결과 지역 주민들의 편위를 제공염다
p32_u32,p32,ce0.1,익산시는 총3업이 4시버거원을 투입해 성학동 8시5시5 이러원의 공령주차장을 조성에 욕불 주차장 이용객과 지역 중인들의 폐위를 제공염다
p32_u32,p32,ce0.5,이산시는 총사업및 4시버거원을 트입에 총학둔 8시5시오 1어내 공명부찰방을 조성에 욕불 주차장 이용객과 지역주민들의 펼민를 제군압다
p32_u32,p32,ce1.0,익산시는 총사업이 4시바거원을 투입해 총막동 8시5다시5 이론의 공령주차방을 도통에 역골 주차당 이용결과 뒤역주민들의 편위를 제공염다
p32_u32,p32,ce2.0,이산시을 총사업이 사시버거원을 투입해 총학동 팔시보다시5이론내 궁령주차방을 도성에 욕골 주차장 이용곁과 뒤역 주민들의 편위를 제공압다
p32_u32,p32,ce5.0,백산시는 총상업이 4시버거원을 투입에 총막또 85시5 이론내 공령주차관을 조성에 욕골 주화장 이온겪과 주역 주민들의 편위를 제공합다
p32_u32,p32,ce10.0,이산시에는 총선업이 4시바거원을 투입에 총학동 팔시5시후 이어의 공령주차장을 도성에 욕을 주차장 이용곁과 지역 주민들의 편위를 제공압다
p32_u33,p32,taps,2번공령 주차장 조성을 위해 지난 2020년12월 총학던 역돌지구 잠기 미집팽시설일 완총독질를 주차장으로 도시 개획시설로 병경했다
p32_u33,p32,ce0.0,2번공령 주차장 조성을 위해 지난 202년12월 총학던 역돌지구 잠뒤 미집팽시설일 완총의독질를 주차점으로 도시 개획 시설로 병경했다
p32_u33,p32,ce0.1,2반공령 주차장 조성을 위해 지난 2020년12월 총학던 역불지고 잠기 미집팽시설일 완총독질를 주차장으로 도시 개획시설로 병경했다
p32_u33,p32,ce0.5,2반공령 주차장 조성을 위의 진난 2천이0년 1입월 총학던 역돌지고 잠귀 미집팽시설일 완총일목질를 주차장으로 도시 개획시설로 병경했다
p32_u33,p32,ce1.0,이반공령주사장 조성을 위해 지난 2천이집년 1비월 통학던 역불지고 장기 미집팽시설일 완총욕질를 주사장으로 도시 개획시설로 방경했다
p32_u33,p32,ce2.0,이반궁령주사장 도성을 위해 진난 2천이0년 1비월 총학동 역골 지고 정귀 미집팽시설일 완총우독질를 주사장으로 도시 개획시설로 변경했다
p32_u33,p32,ce5.0,2반공령주차장 도성을 위해 주한 2천이0년 12월 통학던 역불지구 점기 미집팽시설인 완총을욕질를 주하장으로 도시 개획시천로 동경했다
p32_u33,p32,ce10.0,국반공령주차장 조성을 위해 지난 2020년12월 총학동 역볼지고 점기 미집 팽시설인 완총밀독질를 주사장으로 듯시 개획시설로 병경했다
p32_u34,p32,taps,임호지난의 구월에 사옥시행 개획긴과 고시를 통한 전몇부지 메입을 통의 공사를 집행완려했다
p32_u34,p32,ce0.0,이 호지난의 구워의 사혹시행 개획긴과 고시를 통한 전혀부지 레입을 통의 궁사를 집행원료했다
p32_u34,p32,ce0.1,오후지난의 구월 사업시행 개획 긴과 고시를 통한 전몇프지 메입을 통의 군사를 지행완요했다
p32_u34,p32,ce0.5,일수 지난의 구월의 사업 시행 개획긴과 고시를 통한 자몇부지 메입을 통의 긍사를 지행완료했다
p32_u34,p32,ce1.0,이 후 지난의 궁월에 사업 시행 개획김과 고시를 통한 전몇부지 매입을 통의 궁사를 지행완료했다
p32_u34,p32,ce2.0,이후 지난의 구월 타옥 시행 대획 긴과 고시를 통한 자몇부지 매입을 통의 궁사를 뒤행원요했다
p32_u34,p32,ce5.0,이 후 지난의 궁월 사업시행 개획긴과 고시를 통환 견몇부지 메입을 통의 군사를 지행완료했다
p32_u34,p32,ce10.0,이 후 지난의 국월 사로시행 개획 경과 고시를 통한 전년부지 메입을 통의 궁사를 지행원료했다
p32_u35,p32,taps,주차장 진의 도로번의 부법 주정 차 방직및 원화한 차량 혈름을 인해 무인 된속카메라를 철치하고 데리 주차 서비스도 같이 지행될 예정이다
p32_u35,p32,ce0.0,주차장 진니 도로변의 부법 주정 차 방직및 원화한 차량 혈험을 위해 무인 던속카메라를 설치하고 데리 주차 서비스도 같이 지님될 예정이다
p32_u35,p32,ce0.1,주차장 진의 도로 변의 부법두정 차 방직 및 원화한 차량 회금을 위해 무인 된속카메라를 철치하고 대리 주차 서비으록 같이 지행될 예정이다
p32_u35,p32,ce0.5,주차장진의 도로 변에 굴법부정차방지 및 원화한 사량 헤름을 위회 무인 던속카메라를 철치하고 데리 주차접비스로 갇치지는될 내정이다
p32_u35,p32,ce1.0,주차병진의 도로변에 불법부병 차방직 및원화한 차량 혈름을 위해 무인 단속카의라를 철치하고 데리 주차 뽑비스로 갇이 지면될 예병이다
p32_u35,p32,ce2.0,주차장 진의 도로변의 불법두정차 방지및 오화한 차량 혈름을 위해 무인 던속카매라를 철치하고 데리 주차 써비으도 갇치 지는될 예정이다
p32_u35,p32,ce5.0,붙화장 진의 도로변에 분법두정차 방직 및 모화한 차량 혈를의 위해 문일 단속카메라를 철치하고 데리 주차 서비스도 갇치 지는될 예정이다
p32_u35,p32,ce10.0,주차장 진의 도로변의 풍법 두정차 방지 및 온화람 사량 회임을 일해 무인 단속카매라을 철치하고 데리 주차 소비스도 갇치지는될 예정니다
p32_u36,p32,taps,벽불 주차장은 증공후 물요 개방등 15운령의 거처 사월부터 유려와 추진 등 분격 임명이대 개획기다
p32_u36,p32,ce0.0,벽불 주차장은 증공후 물요 개방등 1번운년의 거처 사월부터 유려와 추진 등 붕적 운영이대 개획기다
p32_u36,p32,ce0.1,력불 주차장은 증공호 무요 개방등 10운년의 거처 4월부터 유요와 추진 등 분적 의명이데 개획기다
p32_u36,p32,ce0.5,욕돌 주차장을 중공후 무요 개방등 1운령의 거처 4월부터 우려와 추진 등 분격 오영될 개획기다
p32_u36,p32,ce1.0,역불 주차병을 증공후 무요 개방등 1번운령의 거서 사월부터 우려와 추진 든 동격 운영대 결획기다
p32_u36,p32,ce2.0,족불 주차장은 중공후 무요 개방등 1번운령의 거서 자월부터 유려와 추진 등 등격 온영이대 결회기다
p32_u36,p32,ce5.0,혈불 주화장는 중공후무요 개방든 1번운령의 걷터 사월부터 유료와 추진 던 공격 온영이대 교획이다
p32_u36,p32,ce10.0,협불 주차장은 중공후 무요 개방등 1번문령의 거서 사월부터 유료와 추진 등 동격 온영이대를 계획기다
p32_u37,p32,taps,또한 역돌 주차장 분격 의영의 발막추어 이견의 여합 배생년 정도에 인시 주차장을 동시의 의냥할 방치니다
p32_u37,p32,ce0.0,또한 역불 주차장 분격 의영의 발맞추어 이견의 여학 베승면 정도에 2시 주차장을 동시 의냥할 방치니다
p32_u37,p32,ce0.1,또한 역골 두차장 봉격 운영의 발막충어 인건의 요학 배슴면 정도일 임시 주차장을 동시 의냥할 방칩니다
p32_u37,p32,ce0.5,또한 역벌 주차장 분께 우영의 버맞추어 일금의 여학 배면 정도의 움시 주차장을 동시 운형할 방칩니다
p32_u37,p32,ce1.0,또한 역골 주차방 봉격의영의 버맞추어 1견의 야약 배집면 정도의 위지 주차방을 동시 의영할 방칩니다
p32_u37,p32,ce2.0,또한 역골 주사장 풍적의영의 발맞추어 일건의 여학 배생면 정도의 인지 주사장을 동시 온냥할 방치니다
p32_u37,p32,ce5.0,또한 역볼 주차하장 봉교 운영의 발맞춤워 1견의 요학 배생면 정도에 일시 주차하장을 동시 의영할 방칩니다
p32_u37,p32,ce10.0,또한 역볼 두사장 봉격의영의 발맞충어 인건의 요학 버생면 정도의 운시 주사장을 동시 온영할 방치니다
p32_u38,p32,taps,익산신의 키키 스산역 9천한 해속뿐만 아미라 로호와된 역색관 죽가지역과 채태한 상관 혈성화 동에 기대하고 있다
p32_u38,p32,ce0.0,익산신의 케이키 액스 1산역 주차만 해속뿐만 아미라 모호와댈역색관 죽가지역과 채태한 상관 혈성하 동에 기대하고 있다
p32_u38,p32,ce0.1,익산신의 k이티 스 1산역 주차한 해소뿐만아미라 로호와된 몇색권 죽어지역과 새태한 상관 혈성화 등을 귀대하고 있다
p32_u38,p32,ce0.5,1산신의 키키 6스4역 부천한 해소뿐만 아미라 로우아된 역색관 죽가지역과 채태한 상관 혈성화 등에 귀대하고 있다
p32_u38,p32,ce1.0,이판진의 케이지 액 반역 9하한 해소뿐만 아니라 노유아된 6색관 중가지역과 채태한 상관 혈명화 등일 귀대하고 있다
p32_u38,p32,ce2.0,이산신을 kt스 산역 죽천한 해속뿐만 아니라 노와된 역색관 주가 지역과 최태한 상관 혈성할 동을 기대하고 있다
p32_u38,p32,ce5.0,이반신의 폐이티 액수입반역 두아한 해소뿐만 아니라 노와된 6색관 죽가 주역과 채태한 상관 혈성화 등역 기대하고 있다
p32_u38,p32,ce10.0,익산신의 케이티 액수 익사역 죽천한 해소뿐만 아니라 노후아된 역색관 죽가지역과 채태한 상관 혈성할 동에 기대하고 있다
p32_u39,p32,taps,질만 팔일 1생한 미국 해당대 수직 이창륙 수성이기 미1더시2c1이 운수표의 출락사고 희생이가 다섬명 중해 전질6명미구선수 아더의 포함된 거으로 하인댔다
p32_u39,p32,ce0.0,중한 8일 1생한 미국 해동대 수질 2창육 수성이기 nt 자시2c1이 공스표의 출락 사고시 생이다 바섬명중해 전집6명미고선수아들의 포한된 거으로 확인댔다
p32_u39,p32,ce0.1,주만 팔일 발생한 미국 해당대 수지 2창육 수성기 m1 자시2cvv온스표의 출락사고 희생자 다섬명 중해 전질류명1구선술아들리 포한된 거으로 확인댔다
p32_u39,p32,ce0.5,질만 팔일 발생한 미국 해당대 수질 이창육 수설기m1시2cvv 온스표의 출락사고 쉬생다 바섬량중에 전질 유명야고선 수 아들의 포한된 거으로 하인했다
p32_u39,p32,ce1.0,지한 팔일 발생한 미국 해령대 수직 2창육 수성긴 mv의 다시2cvv 온수표이 초작사고 희생가 다섬명중매 전집 류명미구선수아들이 포함된 거으로 확인댔다
p32_u39,p32,ce2.0,집한 팔일 발생한 미국 해병대 수질 2창육 수성귀 mt다시2cvv 운스표의 초락사고 희생다 바섬명중에 전질6명미9산수 아들리 포한된 것으로 확인댔다
p32_u39,p32,ce5.0,주한 8일 발생한 미국 해병대 술직 이창육 수선기 n등위 2cv이 운수표의 출락사고 실생자 바슴명 중해 전집6명양구선 수아더이 포원된 거으로 하인댔다
p32_u39,p32,ce10.0,지한 8일 1생한 미국 해병대 수직 입창육 수성기 n등의 시2c1이 공수표이 출락사고 희생자 발섬명존야 전침6명1고산 수악들의 포한된 거으로 확인댔다
p32_u40,p32,taps,11를 로스랜질 내스타인수에 따려면 에레이 다져수 선풍수이었던 스티의색스의 아들 좋은 제위 색스의 대위가 2번사보로 사망했다
p32_u40,p32,ce0.0,11일 로스랜질 내스 타인스에 따르면 에레이 다져스 선선수이었던 스티브 색스의 아들 좋은 전의 색스의 대위가 2번사보로 사망했다
p32_u40,p32,ce0.1,11일 노스랜질내스 타인스에 따르면 내레이 다져스 선수이협던 스티의색스의 아들 좋은 제위 색스 대위가 2번사고로 사망했다
p32_u40,p32,ce0.5,11일 노스랜질 내수타인수에 따르면 내레이 다도스 선수이없던 스티브 색수의 아들 좋은 제위색수 데위가 2번 사고로 사망했다
p32_u40,p32,ce1.0,11일 노스랜질 내스 타인스에 따르면 에레이 다도스 선선수이역더 스티브 색수의 아들 좋은 제의색스 데위가 2번 사고로 사망했다
p32_u40,p32,ce2.0,11일 노스랜질내스 타인수에 따르면 e레이 다도스 선수이협던 스티브 색수의 받들 좋은 제의 색수의 결위가 2번 사고로 사망했다
p32_u40,p32,ce5.0,11일 노수엔질내스 타인수에 따르면 늘레의 다어스 선현수이협더 피득색수의 아들 좋원 제의 색수 대위가 2번 사고로 사망했다
p32_u40,p32,ce10.0,11일 노스엔질내수 타인수에 따르면 늘레의 다져수 선수 이협더티북 색수의 아들 종은 증의색수 들위가 2번사고로 사망했다
p32_u41,p32,taps,제섬해정 비행단 소속 옷수표의 수송이비는 벨리p니아 주 인페리아의 카원 기해서 훌년 도질 출락해 색수 제위와 수오한 내명이 참망했다
p32_u41,p32,ce0.0,제3해병 비행단 소속 5스프리 수송입비는 벨리폴니라 주 인패리아의 카원기해서 흘년 도징출락혀 색수 대위와 수호한 내명이 찬망했다
p32_u41,p32,ce0.1,제3해정 비행단 소속 온스폐리 수송입이는 텐리토니라 주 인페리아를 카원뒤해서 1년 도준 출락해 새수 댈위와 승호원 내명이 찬망했다
p32_u41,p32,ce0.5,제3해병지행단 소속 5스풀리 스음입이는 텐리포or니아 주 인페리아일 카원 뒤해서 훈년 보출 출락해 색수 댈위와 스호한 내명이 찬망했다
p32_u41,p32,ce1.0,제3의병비행단 소속 5수표리 수송비는 텐리코니와 주인 인패리아의 항원뒤해서 훈년 도긴출락회 색스 벽우위와 풍호한 내명이 사망했다
p32_u41,p32,ce2.0,제3해병지인단 소속 5스표리 수손입이는 텐리포니라 주 인패리아의 카운비에서 훈년 도중출락해 색스 제위왕 순후한 내명이 사망했다
p32_u41,p32,ce5.0,제 3해병 비인단 소속 온수표리 수송이비는 캐리터o냐주 인페리할 카원티해서 혈년 도준 출락해 색수적이와 순노한 내명일 사망했다
p32_u41,p32,ce10.0,제3병귀행단 소속 온수표이 수성기는 텐리포o니아 주 인페리엘 카원티에서 혈년 도준출락해 새수재우왕 순호한 내명이 사망했다
p32_u42,p32,taps,모스프리는 혈리곱터처럼 수지 기창력하고 20d는 높터를 세전에 비행기처한 고토으로 나라갈 수 입는 항공기다
p32_u42,p32,ce0.0,보스프리는 힌리곱터처럼 수지 기창력하고 21pn 로터를 해전에 비기처한 고속으로 나라갈 쓰 영는 항끌기다
p32_u42,p32,ce0.1,모스표이는 힌리곱터처럼 수지 기창력하고 이백 뒤에는 높터를 회전에 뒤행기처럼 고속으로 나라갈 수없는 한긴위다
p32_u42,p32,ce0.5,모스별리는 혈리곱다처럼 수죄 기창력하고 의0뒤에면 노터를 해전에 기행기처럼 고속으로 나라갈 수 일는 한군기다
p32_u42,p32,ce1.0,오스표리는 힌리곱터처럼 술지 기창륙하고 이0d에는 높터를 해더에 비행기처럼 고통으로 나라갈 수 없을 한근기다
p32_u42,p32,ce2.0,오스표리을 힌리곱터처럼 수지 기창력하고 이륙 뒤에을 노터를 해더에 비행기처럼 고속으로 나라갈 수 있는 항근기다
p32_u42,p32,ce5.0,호스별리는 혈리곱터처럼 수지 기창륙하고 이0뒤혜n 노터를 회전에 비행기처럼 고통으로 나라갈 수 있는 항경기다
p32_u42,p32,ce10.0,보슬표리는 힌리곱터처럼 수지 그창력하고 의0뒤회의 높터를 해전에 비행기처럼 고속으로 나라갈 수 없는 한군기다
p32_u43,p32,taps,티프 색스는 어릴 때부터 아들은 조등사가 데려했으며 비행에 아들의 꿈이었다며 아들이 내 아들로 분리는 것이 자랑쓰록다
p32_u43,p32,ce0.0,티브 색스는 어릴 때부터 아들은 조송사가 되려했으며 귀행에 아들의 금이었다며 아들이 내 아들로 북리는 것이 자랑쓰록다
p32_u43,p32,ce0.1,티프 색스는 머릴 때부터 아들은 조생사가 되려했으며 비행의 아들의 꿈이었다며 아들이 내 아들로 분리는 것이 자랑쓰록다
p32_u43,p32,ce0.5,티브 책수는 어릴 때부터 아들은 조통사가 되려했으며 위행은 아들의 꾸이없다며 아들이 내 아들로 불리는 것이 자랑쓰록다
p32_u43,p32,ce1.0,티브 색스는 머릴 때부터 아들은 조둥사가 되려했으며 비행은 아들의 끊이없다며 아들이 내 아들로 불리는 것이 자랑쓰록다
p32_u43,p32,ce2.0,티브 색수는 어릴 때부터 아들은 조통사가 되려했으며 비행은 아들의 꿈이었다며 아들이 내 아들로불리는 것이 자랑쓰롭다
p32_u43,p32,ce5.0,티브색수는 어릴 때부터 아들은 조송사가 되려했으며 비행은 아들의 꾸이였다며 아들이 내 아들로 분리는 것이 자랑들록다
p32_u43,p32,ce10.0,티브 색수는 어리 때부터 아들은 조송사가 되려했으며 비행은 아들의 꿈었다며 아들의 내 아들로 분리는 것이 자랑쓰롭다
p32_u44,p32,taps,아들로 나의 영궁이역고 매가 아는 책고의 인물이라고 시리했을 리스에 배표한 생령에서 발었다
p32_u44,p32,ce0.0,아들름 나의 영우이역고 내가 아는 책고의 인물리이라고 시디했을 리스에 별표한 생명에서 방혔다
p32_u44,p32,ce0.1,악들름 나의 영능역고 내가 아는 책고의 인몰리이라고 시비에을 유스의 발표한 생명에서 발쳤다
p32_u44,p32,ce0.5,아들은 나의 영능역고 내가 아는 책고의 인무이라고 시vs 뉴스의 발표한 생명에서 발쳤다
p32_u44,p32,ce1.0,아들름 나의 영능이역고 내가 아는 책금의 인물일라고 시비에스 유스의 발투한 통명에서 발쳤다
p32_u44,p32,ce2.0,아드름 나의 영응이 였고 내가 아는 채고의 인홀이라고 cvs 6스의 발표한 터명에서 발혔다
p32_u44,p32,ce5.0,아들름 나의 영능이 었고 내가 아는 책고의 인물이라고 시비했쓰 유술에 발표한 태명에서 발혔다
p32_u44,p32,ce10.0,아들은 나의 영욱욕고 대가 아는 책고의 인물이라고 시비에s 유스의 발표한 성령에서 발혔다
p32_u45,p32,taps,티브색스는 1981년부터 19886가지 레이 다져스에서 이루수로 화약하며 멍드시리즈의 두차에 진출했다
p32_u45,p32,ce0.0,티브 색스는 1981년부터 19886가이 에레위 다져스에서 이름수로 하약하며 먼드시리주의 두차에 진출했다
p32_u45,p32,ce0.1,스티브 색스는 1981년부터 19886가이 에레이 다져스에서 일를수로 화약하며 먼드시리주의 두차에 진출했다
p32_u45,p32,ce0.5,티브색스는 1981년부터 19886가지 에레이바져 수에서 이루스로 하략하며 멍드시리주에 두차에 진출했다
p32_u45,p32,ce1.0,티브 색는 1981년부터 1988년까지 에레이 다도스에서 이름구로 하약하며 원드시이즈의 두차에 진출했다
p32_u45,p32,ce2.0,티브색수는 1981년부터 1988년가이 에레이 다져스에서 이름스로 하력하며 월드시리 죄에 두차에 진출했다
p32_u45,p32,ce5.0,티브색수는 1981년부터 1988년가이 레이 다섯스에서 이 룩으로 활략하며 원드시이줄에 두탈에 진출했다
p32_u45,p32,ce10.0,티브색수는 1981년부터 1988년까이 에레이 다져스에서 이루스로 하력하며 원드시리즈의 두차에 진출했다
p32_u46,p32,taps,경풍 영철신을 221년 하방기 고능위 67점3포센로 자년 영속 경북시 가운데 일리를 차지한 것으로 도사했다
p32_u46,p32,ce0.0,경부 영6철신을 221년 하방기 고능위 67점3포센로 사년 영속 경북시 가운데 이리를 차지한 것으로 도사했다
p32_u46,p32,ce0.1,"경부 영철신을 2,211년 하방기 고능일 67점3퍼센로 자년 영속 경북시 가운데 이위를 차지한 것으로 도사했다"
p32_u46,p32,ce0.5,경북 영찰신을 20211 하방기 고용류 67점3포센로 자연 영속 경북시 강운데 이위를 차지한 것으로 두사했다
p32_u46,p32,ce1.0,경풍 영천시을 2021 하방기 고용률 67점 3퍼센트로 자연 영속 경북시 가운데 이리를 차지한 것으로 도아했다
p32_u46,p32,ce2.0,"경국 영철지날 2,211년 하방기 고용률 67점 3퍼센트로 자년 영속 경북시 가운데 이리를 차지한 것으로 두사했다"
p32_u46,p32,ce5.0,경분 영천실날 2211년 하방기 고용류 67점3포센트로 4년 영속 경북시 가운데 이리를 차지한 거으로 두사했다
p32_u46,p32,ce10.0,경북 영천시날 20201며 하방기 고륭률 67점3포센로 자연 영속 경북시 가운데 이리를 차지한 것으로 조사했다
p32_u47,p32,taps,지한 201일 통계청의 발표한 미00201리면 하방기 지역별 고용조사에서 영천시 치협자수을 영만 이행이면 공용류를 27점3포센로 전년 동기모다 영성 기퍼센 상승했다
p32_u47,p32,ce0.0,지난 202일 통계청의 발표한 20201면 하방기 지협별 고용조사에서 영천시 치협자수의 영만 위행면 공용류를 27점3포센로 전년 등기노다 영정 기퍼센 상승했다
p32_u47,p32,ce0.1,"지난 22일 통계청이 발표한 20201면 하반기 지역별 고용조사에서 영천1취업자스을 영만 위결명 공육류은 27,3퍼센로 전년 동기모자 영성 기퍼센트 상생했다"
p32_u47,p32,ce0.5,주난 22일 통계청의 발표한 20201년 하반기지협별 고용조사에서 영천시취협자스을 영만 위백명 고용류은 27점3퍼센로 전년 등기모다 영성 1퍼센 상승했다
p32_u47,p32,ce1.0,진한 20비일 통계청이 발표한 2020일년 하반기 지역별 고용도사에서 영천 시치협자스론을 영만 리백명 공용류은 27점8퍼센로 전몇 동기모다 영정 기퍼센트 상생했다
p32_u47,p32,ce2.0,주한 이집비일 통계청의 발표한 20201면 하반기 지역별 고용도 사에서 영천시취협자스루을 영만 20면 고용류은 67점3퍼센로 전면 등기보다 영정 벽퍼센트 살숭했다
p32_u47,p32,ce5.0,주한 21일 통력청의 발표한 20201면 하방기 지역별 고용조사에서 영천시 취협자스의 영만 2임면 고용류은 27점3퍼센로 견면 동기모다 영정 기퍼센프 상승했다
p32_u47,p32,ce10.0,지난 이0비일 통계청의 발표한 20201면 하방기 지역별 공용조 사에서 영천시치협자스르을 영만 이들면 공용류은 67점3포센로 전년 등기 모다 영정 계퍼센트 상승했다
p32_u48,p32,taps,시럼 유은 1점9퍼센로 전년 동기모다 영점 패퍼 하락해 코론나 일국 구용 위익기 속에서도 이자리 창출성과를 대성하 고으로 나왔다
p32_u48,p32,ce0.0,시럼 유은 1점9퍼센로 전년 동기보다 영점패퍼 하락해 코론나 일국 고용 유익기 속에서도 육자리 청출손과를 배성할 고으로 나왔다
p32_u48,p32,ce0.1,시럼 유든 1점9퍼트로 전년 동기모달 영점8퍼 하락결 코론나 일국 고용 유익기 속에서도 인자이 책출 선과를 될성할 고으로 나왔다
p32_u48,p32,ce0.5,시럼 류은 1정9퍼센로 전년 동기 모다 영건8퍼센 하락게 코론나 일국 구용 유비속에 서도 일차리 창출 성과를 되정할 곳으로 나왔다
p32_u48,p32,ce1.0,시럼 유은 1정9퍼센로 전년 동기모다 영점8퍼센 하락혀 코론나 일국 고용 유익기 속에서도 미자리 창출성화를 될성할 고으로 나왔다
p32_u48,p32,ce2.0,시럼 유은 1정9퍼센로 전년 동기모다 영점 8퍼센 하락게 코론나 일국 고용 위기 속에서도 일차리 책출성과를 결성할 것으로 나왔다
p32_u48,p32,ce5.0,시험은 류은 1점9퍼센트로 전년 동기 모다 영점패퍼센 하락태 코론나 일국 구용 이익기 속에서도 역자리 청출성과를 된성할 고으로 나왔다
p32_u48,p32,ce10.0,시럼 유은 1정9퍼센로 전년 동기 모다 영건 8퍼센 하락해 크로나 일국 고용 유익기 속에서도 민자리 창출성과를 돼성한 고으로 나왔다
p32_u49,p32,taps,모든 몇일령층에서 고욕률 창송세를 보였으며 특히 청년 층 고용류은 병중이또 내시 강운데 4점7파텐트라는 채고수치를 기록겠다
p32_u49,p32,ce0.0,모든 년일영층에서 고욕률 창송세를 보였으며 특히 청년천 고용류은 경빙이또 내시 강음데 4전7파재트라는 채고수치를 기록겠다
p32_u49,p32,ce0.1,모든 연령층에서 고욕률 창승세를 보였으며 특히 책년 천 고용류은 경국또의내시 광음데 4전7파센트라는 채고수치를 기록겠다
p32_u49,p32,ce0.5,모든 연령층에서 고욕률 창승패를 보였으며 특히 책년층 고용류은 경국또 매시일 강음데 자십점 7파된트라는 채고수치를 기록했다
p32_u49,p32,ce1.0,모든 영일령퉁에서 고욕률 창승세를 보였으며 택히 청년 풍 고용류은 경빙또요래씨 경음데 다십점 7퍼된트라는 채고수치를 기록겠다
p32_u49,p32,ce2.0,모든 연령청에서 고욕률 창성승세를 보였으며 특히 청년 풍 고용류은 경풍또매c 강원데 4점7파재트라을 최고수치를 기록겠다
p32_u49,p32,ce5.0,모든 연령층에서 고용률 창승세를 보였으며 특히 청년층 고용류은 경국또래시 강운데 자십점 7퍼 된트라는 채고수치를 기록겠다
p32_u49,p32,ce10.0,모든 연령층에서 고용률 창송세를 보였으며 택히 청년충 고용류은 경중또 내시 강운데 4점78재트라는 최고 수치를 기록겠다
p32_u50,p32,taps,또 20211며 상당기 대비 고용류를 1점3파에던 상숭했고 시러이 네또 영점3파센 상숭했다
p32_u50,p32,ce0.0,또 20211년 상당기 대비 고욕류를 1점3파에던 상숨했고 시러에의또 영점3파센 상숨했다
p32_u50,p32,ce0.1,또 20211년 상당기 배비 고욕률를 1점3퍼에던 상숨했고 시럼류또 영점3퍼센 상숨했다
p32_u50,p32,ce0.5,또 20201며 상당기 배비 고욕류를 1점 3파재던 생승했고 시럼류또 영점3파센 상숭했다
p32_u50,p32,ce1.0,또 2021며 창당귀 대비 고용류를 1점 산퍼되던 창승했고 씨럼 류또 영점 3퍼된트 창승했다
p32_u50,p32,ce2.0,또 2021들며 생당기 대비 고용류를 1점 3퍼재층 상숭했고 시럼 률또 영점 3퍼전트 상숭했다
p32_u50,p32,ce5.0,또 20211년 상관기 대비 고용류를 16점3퍼했던 상승했후 1험류또 영점3퍼센 상숭했다
p32_u50,p32,ce10.0,또 2021며 생당기 대비 고용류를 1점3파에은 상숭했그 시럼류또 6점3파 상숭했다
p32_u51,p32,taps,이는 영천시가 어려운 역번 소에서도 다양한 일자리 사업과 적격적인 기협 지원 정책을 시행한 획광간 엎타난 거으로 보고있다
p32_u51,p32,ce0.0,이는 영천시가 어려운 엿번 속에서도 다양한 일자리 사업과 적격적인 기협 진원 정책을 시행한 새과가 어타난 거으로 보고있다
p32_u51,p32,ce0.1,이몇 영천시가 어려운 역번 속에서도 다양한 일자리 사홉과 적격적인 귀협 지원 정책을 시행한 했과가 나타난 거으로 복고있다
p32_u51,p32,ce0.5,이1 영천실가 어려운 역건 속에서도 가양한 일자리 사업과 적격적인 귀협 지원 정책을 시행한 협각가 나타난 거으로 복고있다
p32_u51,p32,ce1.0,1일 영천시가 어려운 역건속에서도 다양한 일자리 사업과 적격적인 귀협지원 정책을 시행한 책과가 나타난 거으로 보고있다
p32_u51,p32,ce2.0,이을 영천시가 어려운 역번속에 서도 다양한 일자리 사업과 적격적인 귀협 지원 정책을 시용한 혈과가 나타난 것으로 부고있다
p32_u51,p32,ce5.0,히일 영천시가 어려운 역건 소에서도 다양한 일자리 사업과 적격적인 기협 지원 정책을 시행한 쉽과가 넣타난 거으로 부고있다
p32_u51,p32,ce10.0,이는 영천시가 어려운 역번속에서도 다양한 일자리 타업과 적격적인 귀협지원 정책을 시행한 셨과가 나타난 거으로 복고있다
p32_u52,p32,taps,영철시는 경북도에서 주관한 2020일년 2자리 창취 출진 실적 청가에서 세우 수상을 수상에 2면 연속 우수 기관으로 선성했다
p32_u52,p32,ce0.0,영천시는 경북도에서 죽관한 2020일야 2자리 창취 출진 실적 청가에서 체우 수상을 수상에 2한 연속 우수 기관으로 선정겼다
p32_u52,p32,ce0.1,정창시는 경복도에서 주관한 2021년 일자리 창출 출진 실적 평가에서 치우 수상을 수상의 일년 연속 우스 비관으로 선성했다
p32_u52,p32,ce0.5,경천시는 경북도에서 죽관한 2천201년 2자이 창출 표진실적 평가에서 체우 수상을 수상의 인년 연속 우을 비관으로 선성될다
p32_u52,p32,ce1.0,영천시는 경북도에서 등관한 2021년 2자이 창출 출진 실적 평가에서 세우 수상을 수상의 2년 연석우소 비관으로 선정겠다
p32_u52,p32,ce2.0,영천신는 경북도에서 두관한 2021년 2자리 창취 출진 실적 평가에서 세우 수상을 수상의 2년 연속 우소 비관으로 선성될다
p32_u52,p32,ce5.0,경천시는 경북도에서 주관한 2021년 이자이 창최 출진실적 평가에서 세우 수상을 수상에 2연 연속 우수 기관으로 선청했다
p32_u52,p32,ce10.0,경천시는 경북도에서 주관한 202년인자이 청취 출신실적 평가에서 치우 수상의 수상의 2년 연속 우소 기관으로 선정했다
p32_u53,p32,taps,해양 필나스티 자원 수한 사업을 버리고 있면 여수 광량 항만 공사는 부둔의 차량 차부 예방의 위해 차선 교제분록 백개를 대작했다고 십사에 밝켰다
p32_u53,p32,ce0.0,회양 필라스티 자원 s나사업을 버리고 인난 여수 광량 항만 공사는 부둔의 차량 차부 예방의 위해 차선 교재 분록 백개를 제작했다고 십사일 밝혔다
p32_u53,p32,ce0.1,해향 플나스티 자원 수한 사업을 버리고 있난 여술 강양 향만 근사는 부둔의 차량 차고 예반의 위해 차선 규재 분록 백개를 제작겠다고 십사을 밝켰다
p32_u53,p32,ce0.5,회양 플라스티 자원 수원 사업을 버리고 인난 여수 광양 항만 군사은 부둔의 차량 차고 예반을 위해 차선 교대분락 백개를 제작겠다고 십사일 밝켰다
p32_u53,p32,ce1.0,해양 플난 스티 자원 수화 사업을 버리고 인난 여술 강양 항만 경사는 구둔의 차량 차고 예방을 위해 차선 교대분너 백개를 제작했다고 십사일 밝켰다
p32_u53,p32,ce2.0,해냥팔날스티 자원 수나 사업을 버리고 있난 여수 강량 항만 경사는 부둔의 차량 사고 예방을 위해 차선 교죄 불너 백개를 제작했다고 십사일 밝켰다
p32_u53,p32,ce5.0,해냥편로스티 자원 수원 사업을 버리고 있는 연수 강량 항만 공사는 부둔의 차량차고 예방을 위해 차선 교죄분록 백개를 제적했다고 십사일 밝켰다
p32_u53,p32,ce10.0,해냥편날 스티자원 수한 사업을 버리고 있는 여수 광량 항만 공사는 부둔의 차량 사보 예반의 위해 차선 교죄 분로 벽개를 제작겠다고 십사에 밝켰다
p32_u54,p32,taps,여수 강령 한황 군사에 따르면 플라스티으로 제적된 차송 교째분령을 강양한 k이 a이티 부둔와 지 w블리c티 부둘의 칭도을 새학고 위영 교간의 설치했다
p32_u54,p32,ce0.0,여수 경양 한능만 공사에 따르면 플라스티으로 제작된 차승 교째분력을 광양한 페이 a이티부둔와 hw블리c티부둔의 친돌 사고 이영부단의 설치했다
p32_u54,p32,ce0.1,여수 강령 한환 군사에 따르면 플라스티으로 제작된 차생교째 불활길 강양함 kit보둔와 hwlct 보둔의 충둘 사고 위영교간의 설치했다
p32_u54,p32,ce0.5,여수 강향 1능 궁사에 따르면 플라스티으로 제작된 차송 교제불러을 강향한 kit부d와 hwct부둘의 추들 사고 위영교간의 설치했다
p32_u54,p32,ce1.0,여수 강양 향한 궁사에 따르면 플라티으로 제작된 차생교제불러을 강향한 tit 부둔와 지wct 부둔의 추둘 사고 위영두간의 설치했다
p32_u54,p32,ce2.0,로수 경령 한능화을 궁사에 따르면 플라티으로 제작된 차선 교재불러을 경령한 kit보d와gwct보드의 출을 사고 위영규간에 설취했다
p32_u54,p32,ce5.0,여수 강양을 한향 군사에 따르면 플나티으로 제작된 차생교재 분락을 강향한 kit부둔와 gw류ct 부둔의 핑돌 사고 위영그간의 설취했다
p32_u54,p32,ce10.0,여수 장냥 한문 공사에 따르면 플라스티으로 제작된 차선 교재불러을 장양한 kait보d와 gwct부둔의 충돌 사고 위영두간의 살치했다
p32_u55,p32,taps,공사에선을 해향 플라스티 스감 및 자원 수원 자업을 추지 내의 면서 선박을 고정안을 받을과 일반플라스티등의 화용할 미사이킬 재품제작의 고민해왔다
p32_u55,p32,ce0.0,경사에전을 행향필라스티 추감리 자원 수원 산업을 추지 내의 면서 품박의 고정안을 바질과 일반 필라스티 등의 화용할 리사이킬 재품 대자에 고민내왔다
p32_u55,p32,ce0.1,공사에선을 행향 플라스티 스로가미 자원 수원 사업을 추지내의 면서 평박의 고정하을 받을과 일반플라스티 등의 화용할 미사이클 재품제작의 구민해왔다
p32_u55,p32,ce0.5,공사에선너 해향 플라스티 술건및 자원 수원 사업을 추지4우몇서 선박을 고정하는 받을과 일반 플라스티등의 화용할 리사이크 재품 대작의 그민내왔다
p32_u55,p32,ce1.0,공사에서너 행향 플라스티불가및 자원 수난 사을 수지4의 양서 상박의 고정하는 받을과 일반 플라스티 등을 화용할 리사이크 재품 대작의 고민네왔다
p32_u55,p32,ce2.0,공사에서너 행향 플라스티불과 및 자원 수한 사업을 추지 4우면서 선박을 고정안을 받을과 일반 페라스티등을 화용할 리사이크 재품대작에 고민내왔다
p32_u55,p32,ce5.0,공사일 선너 해향 플라스티 술과 및 자원 순한 산업을 추지맹우 양서 선박의 고정하는 바출과 1반 플라스티 등을 화용할 리사이킬 재품 대작의 구민내왔다
p32_u55,p32,ce10.0,공사에서나 형형필라스티스수가 미 자원 수한 사우을 추지내우면서 선박을 고정하는 받을과 일반 필라스티등을 화용할 미사이크 재품제작을 그민내왔다
p32_u56,p32,taps,이 과정에서 부두내에서 참을차의 이향 분로자 임령 필에가 자주 발생한다는 거세 차간에 차형 교째 불러길 제작하게 될다
p32_u56,p32,ce0.0,이 과정에서 부두내에서 람을차에 이향 근로자 일령 피에가 자주 발생한다는 거세 차간에 타형 교째불러그일 제작하게 될다
p32_u56,p32,ce0.1,이 과정에서 부두매에서 참을차의 의향 경로자 입명 피회가 자주 발생한다는 거세 차간에 타생교째 빌러길일 제잡하게 될다
p32_u56,p32,ce0.5,이 과정에서 부두내에서 현을차일 위한 글로자 입명 피에가 자주 발생한다는 거세 차간에 타생 교제 불러을 제작하게 될다
p32_u56,p32,ce1.0,이 과정에서 부둘내에서 하을차의 위향 글로자 입령 피에가 자두 발생한다는 거새 차간에 타혼 교제 불러을 재작하게 했다
p32_u56,p32,ce2.0,이 거정에서 부두 매에서 사을차의 의향 글로자 이령 피에가 가두 발생한다는 거세 차간에 타성교제 빌러을 제작하게 될다
p32_u56,p32,ce5.0,이 과정에서 부두내에서 사을차의 의한 글로자 일령 피해가 자주 발생한다는 고세 차간에 사편 교재 불러을 재작과게 될다
p32_u56,p32,ce10.0,이 과정에서 부두내에서 삶을차의 의향 근로자 입명 피에가 자주 발생한다는 거세 차간에 타형교재 밀러을 제작하게 될다
p32_u57,p32,taps,체군내는 해양 플러스티 리사이티 왕단을 화용한 유력 패션 브랜드 재품드이 출시 대는 등 성국적으로 이 사업의 인령중에 있다
p32_u57,p32,ce0.0,체군내의 해양 플라스d 리사이트 원단을 화용한 유령 패션브랜드 재품들이 출시 대현등 성국의적으로 이 사업의 1령중에 있다
p32_u57,p32,ce0.1,체군내는 희양 플라스 딩 리사이크 원단을 화용한 유영 패션 부낸드 재통들이 투시대른등 성국적으로 이 사업이 응령중에 있다
p32_u57,p32,ce0.5,최군내는 해냥 플라스티 리사이크 원단을 화용한 유명 패션부낸드 재품들이 출시 대는된 성구적으로 이 사업이 얼령중에 있다
p32_u57,p32,ce1.0,최교내는 희양 플라스티 리사이트 원단을 화용한 유령 패션부낸드 재품들이 출시 대는 등 성굴적으로 이 사업이 응령중에 있다
p32_u57,p32,ce2.0,체교내너 행양 플라스티 리s사이크 원단을 화용한 유령 패션보낸드 재통들이 출시 대는등 성굴적으로 이 사업이 운령중해 있다
p32_u57,p32,ce5.0,최교에는 해양 플러스뱅 리s이크 원단을 화용할 유명 패션 부낸드 재품들이 출시 대난등 손굴적으로 이 사업이 은령중해 있다
p32_u57,p32,ce10.0,최교에너양 플라스딩 리스바이크 원단을 화용한 유령 패션부낸드 재품들이 출시 대는등 성귀적으로 이 사업이 운령중해 있다
p32_u58,p32,taps,박성년 여수 광냥 항망 군사사장은 해양 필라스티 리사이킬 차성 교제 불러은 학만내 글로자들의 안전과 해양 환경을 동시에 지킬 수 있면 일위 있는 재품이이라고 강조했다
p32_u58,p32,ce0.0,학성년 여수 광령 항만 공사 사장은 해양 필라스티 리사이킬차선 계제 불러은 항만내 글로자들의 안전과 해양 환경했 통시에 지킬쓰 있지는 a리 있는 재은이라고 강조했다
p32_u58,p32,ce0.1,학성년 여수 광령 형망 경사 사장 해양 플라 스티리s이킬 처센 길의 불러은 학만내 글로자들의 안정과 회향 현경킬 동시에 지킬 수 있면 의위 있는 재은이라고 강조했다
p32_u58,p32,ce0.5,박성염 여수 광량 행만 군사자장은 해양 필라스티 리s이크 차선 교제 불러은 학만내 글로자들의 앉전과 해양 향병일 동시에 지킬수 있는 음미 있는 재푸이라고 강조했다
p32_u58,p32,ce1.0,박성년 여수 광령 형만 궁사자단는 해양 플라스티 리사이크 차선 교대 불러은 항만네 군로자들의 앉정과 해양 환경을 동시에 지킬수 있는 의의 있는 재픔이라고 강조했다
p32_u58,p32,ce2.0,작성현 여수 광향 항만 공사가장은 해양 플라스티 리사이크 차선 교제 불러은 항만내 근로자들의 앉정과 해양 향경을 동시에 지표수 있는 의미 있는 재품이라고 강조했다
p32_u58,p32,ce5.0,박성년 여수 강량 형만 공사과장은 해양 플라스티 리s이크 차선 교재 불러근 학만내 글로자들의 앉정관 해양 환경 혈 통시에 지켰수 있는 의미 있는 재편이라고 강조했다
p32_u58,p32,ce10.0,박성년 열수 당량항망공사사아는 해양플라스티 리사이크 차선교재 불러은 항만의 근로자들의 앉정과 해양환경을 동시에 직크 수 있는 음미 있는 재은위라고 강조했다
p32_u59,p32,taps,블라티울리를 프틀 노시아 대통령행 9일 전인순이절 행위사해서 의라이나 전쟁이 2차대전의 연장이명 의끄라이나 군는 낮질한 서비 주장의 담복했다
p32_u59,p32,ce0.0,블라틀리를 프틀노시아 대통령행 9일 전승이절 행위사해서 우크라이나 점쟁의 2차대전의 연장이며 우크라이나 군는 낮질한 허비 주장의 단복했다
p32_u59,p32,ce0.1,불라텔리를 폭힌 노시아 대통령연 그일 전인승이절 행사해서 우크라이나 점쟁의 2차대전의 연장이명 우크라이나 군는 낮치한 서비 주장의 방복졌다
p32_u59,p32,ce0.5,플라티리를 특힌 노시아 대통령이 구일 전승이절 행사해서 의크라이나 점쟁위 2차대전의 연장이며 의크라이나 군는 나치한 허비 주장을 담복됩다
p32_u59,p32,ce1.0,플라티리를 프팀 노시아 대통령은 9일 점이스이절 행사에서 의크라이나 전쟁위 2차대전의 연장이며 의크라이나 군는 나티한 허비 주장의 담복했다
p32_u59,p32,ce2.0,플라티리를 특힌 노시아 대통령은 구일 전승이절 행사에서 르크라이나 전쟁의 2차대전의 연장이며 르크라이나 군는 낮치한 서의 주장을 던복했다
p32_u59,p32,ce5.0,블라티리를 프틀 노시아 대통령은 9일 전는 스의절 행사에서 우크라이나 전쟁이 2차대전의 연장이며 우크라이나 군는 나취한 허비 주장의 담복했다
p32_u59,p32,ce10.0,플라티이를 프팀 노시야 대통령은 구일 전능승절 행사에서 의크라이나 전쟁의 2차대전의 연장의명 의크라이나 구는 나치한 허비 주장을 단복했다
p32_u60,p32,taps,불금 광장에서 연린 행사 연설에서 푸티는 서방이 롱시야 치공일 준비했다며 군사작조는 부의값피하고 시의 적절하며 적화한 결정이었다고 주장했다
p32_u60,p32,ce0.0,불금 당장에서 연린 행사 연설에서 푸티는 서방의 롱시야 취공일 준비했다며 군사작전는 부갖피아고 시 적절라며 적학한 결정이었다고 주장했다
p32_u60,p32,ce0.1,불군 광장에서 연린 행사 연설에서 프티는 서방이 롱시야 친공을 준비했다며 군사작조는 부의갖피하고 시의 접설라며 적택한 별정이었다고 주장했다
p32_u60,p32,ce0.5,불근 광장에서 연린 행사 연설에서 푸티는 서방이 롱시야 친공을 준비했다며 군사작조는 불갖피하고 심일 접더라며 적각한 결정이었다고 주장했다
p32_u60,p32,ce1.0,불근 강장에서 연린 행사 연설에서 투티는 서방이 롱시야 친공을 준비했다며 군사작전는 불리값피야고 시우의 적더라며 적화한 결정이었다고 주장했다
p32_u60,p32,ce2.0,불금 광장에서 연린 행사 연설에서 투티는 사방의 롱시아 친공을 준비했다며 군사 적절는 불값이야고 시의 적절라며 적락한 결정이었다고 주장했다
p32_u60,p32,ce5.0,불근 강장에서 연린 행파 연설에서 푸피는 서방이 롱시야 충공을 준비했다며 군사 작전는 불값피하고 시의 적별하며 적화한 결정이없다고 주장했다
p32_u60,p32,ce10.0,불근 광장에서 연린 행사 연설에서 프티는 사방이 롱시아 친공을 준비했다며 군사 잡조는 불값피야고 시의 적절하면 적학한 결정이었다고 주장했다
p32_u61,p32,taps,그착 상 태에빠지 우크하이나 존쟁의 태나친 명분을 내세워 정당한 하련에 이도로 보인다
p32_u61,p32,ce0.0,그착상 태에빠지 우게 라이나 존쟁을 태났친 명분을 내세워 정당한 활련의 도로 보인다
p32_u61,p32,ce0.1,그책상 태에빠지 우회라이나 던쟁을 텐나친 명군을 내세워 정당한 혈련의 이도로 부인다
p32_u61,p32,ce0.5,구착상 태에빠지 의크라이나 던쟁을 텐나친 영군을 내체워 정당할 하련의 이도로 보인다
p32_u61,p32,ce1.0,교착 상태에빠지 의크하이나 던쟁의 텐났친 영군을 내체워 정정한 화련에 이도로 부인다
p32_u61,p32,ce2.0,그착상태에빠지 우크라이나 존쟁을 탈나침 영군을 내세워 정당하 하련을 이도로 보인다
p32_u61,p32,ce5.0,그착 상태에빠지 우크라이나 전쟁을 탈너친 영군을 내새워 정당하 하련을 이도로 보인다
p32_u61,p32,ce10.0,그작상태의빠지 우크라이나 전쟁을 탈나친 영군을 내새워 정동한 하련에 이도로 부인다
p32_u62,p32,taps,행사의 맞처 러시아고는 우크라이나 마이 우구의 아부 우스텔 제철소에 폭격을 제개했다
p32_u62,p32,ce0.0,행사의 맞처 러시아고는 우크라이나 마이 프의 아주 우스텔 제철소에 폭격일 제개했다
p32_u62,p32,ce0.1,행사의 맞처로시아군는 우크라이나 마이 우프의 아두 우스탈 제철소에 폭격을 제게했다
p32_u62,p32,ce0.5,풍사의 맞처러시아구는 우크라이나 마이 우크의 아두 유스할 제철소에 폭격을 제개했다
p32_u62,p32,ce1.0,흥화의 맞처 러시아구는 의크라이나 말이의 우부의 아루의 웃스할 제철소에 폭격을 제개했다
p32_u62,p32,ce2.0,평사의 맞처 러시아고는 우크라이나 마이 우쿠의 아주 유스할 제철소에 폭격을 제개했다
p32_u62,p32,ce5.0,형사의 맞처로시아구는 우크라이나 마이후군의 아주의 움스할 제철수에 폭격을 제게했다
p32_u62,p32,ce10.0,평사의 맞처로시아후는 우크라이나 마이 우군인 아두 우스할 제철조에 폭격을 제개했다
p32_u63,p32,taps,로시아는 나치 독길이 항복한 이 날을 국가더 행사로 기념하고 있으나 포티는 일을 정치행사로 이용에 왔다
p32_u63,p32,ce0.0,러시아는 나치 독길이 향복판 이 날을 국가적 행사로 기념하고 있으나 포티는 일을 정치행사로 이용해 었다
p32_u63,p32,ce0.1,러시아는 나치 독길이 행폭한 이 날을 국가적 행사로 기념하고 있으나 포티는 1을 정치행사로 이용에 못다
p32_u63,p32,ce0.5,러시아는 나치 독일이 행폭한 이 날을 숙가더 행사로 기념하고 있으나 프티는 1을 정치행사로 이용해 왔다
p32_u63,p32,ce1.0,러시아는 낮치 도일이 향폭한 이 날을 국가더 행사로 기념하고 있으나 포티는 1을 정지행사로 이용해 왔다
p32_u63,p32,ce2.0,러시아는 나치 독일이 항복판 이 날을 국가 터행사로 귀념하고 있으나 토티는 1을 정치행사로 이용에 왔다
p32_u63,p32,ce5.0,러시아는 나치 독일이 항복한 이 날을 육가적 행사로 귀냥하고 있으나 포티는 1을 정취행사로 이용해 왔다
p32_u63,p32,ce10.0,러시아는 나치 독일이 항복한 이 나을 국가적 형사로 귀명하고 있으나 프티는 1을 정치행사로 이용해 못다
p32_u64,p32,taps,위번에도 그는 로시아의 생위를 만세를 옛치며 존쟁의 끝낮지 않았다는 맺시질를 통의 공민지시의 깨어내려했다
p32_u64,p32,ce0.0,이번해도 그는 로시아의 생위를 만체를 였치며 전쟁의 끝라지 않았다는 맺시질를 통의 공밀지시를 결어내려했다
p32_u64,p32,ce0.1,이번에도 그는 로시아의 생미를 만세를 웨치며 선쟁의 끝나지 않았다는 맺시질를 통해 궁민지시를 끌로내려했다
p32_u64,p32,ce0.5,입번에도 그는 로시아의 생밀를 만세를 웨치며 존쟁의 끝하지 않았다는 맺시질를 통의 굶민지질를 끌어내려했다
p32_u64,p32,ce1.0,이번에도 그는 로시아의 생위를 만세를 웨지며 혼쟁의 끝낮지 않았다는 맺시질를 통의 궁민 지죄의 끌로내려했다
p32_u64,p32,ce2.0,입번해도 그는 러시아의 생밀를 만세를 웨치며 존쟁의 끝낮지 않았다는 맺시질를 통의 공밀 지지를 끌어내려했다
p32_u64,p32,ce5.0,이번에도 그는 로시아의 생밀를 만체를 웨치며 존쟁히 끝낮지 않았다는 맺시질를 통해 군밀 지질의 끌어내려했다
p32_u64,p32,ce10.0,이번에도 그는 로시아의 승위를 만세를 웨치며 존쟁의 끝나지 않았다는 맺시질를 통에 국민지시를 끌어내려했다
p32_u65,p32,taps,이의 전렌 숙히 이크아에나 대통령은 낮치 본재를 따라하는 프티을 실패할 것이라고 묶소리를 못었다
p32_u65,p32,ce0.0,이의 전렌수히 이결하에나 덮통령은 낮지 본재를 따라하는 프팀을 실패할 것이라고 묶소리를 먹었다
p32_u65,p32,ce0.1,이의 전렌숙히 의크하에나 대통령연 나치 본재를 따라하는 프티는 신패할 것이라고 묶소리를 높혔다
p32_u65,p32,ce0.5,위의 전린 수피 우크라이나 다통령은 다치 본재를 따라하는 프티을 실패할 것이라고 목소리를 높었다
p32_u65,p32,ce1.0,이 전행스의 위크하이나 더통령은 나치 본재를 따라하는 프티을 실태할 권시라고 목소리를 높혔다
p32_u65,p32,ce2.0,위의 전렌수히 우크하에나 대통령은 같치 본재를 따라하는 프티을 실패할 것이라고 먹소리를 높혔다
p32_u65,p32,ce5.0,이의 전렌스키 의크라에나 대통령은 나치 본재를 따라하는 푸티을 실패할 것이라고 목소리를 높혔다
p32_u65,p32,ce10.0,희의 전렌 숙히 울크하이나 대통령은 나치 본재를 따라하는 프티을 실패할 것이라고 목소리를 높혔다
p32_u66,p32,taps,2번 정승이절 행사는 70일 넘께 계습때면 우키라이나 번쟁의 형배를 가을 행사로 전세개 주목을 받았다
p32_u66,p32,ce0.0,2번 정승인이절 행사하는 70 넘께 계적때는 크라이나 전쟁의 형배를 결을 행사로 존세개 주목을 받았다
p32_u66,p32,ce0.1,2번 종승절 행사는 친0일 넘께 계속되면 크라이나 전쟁의 형배를 가을 행사하로 전세에 죽목을 받았다
p32_u66,p32,ce0.5,일번 정승인자 행사는 7십 넘패 개속되는 우교하이나 존쟁의 형배를 가을 흥사로 전색게 주목을 받았다
p32_u66,p32,ce1.0,위번 정승인이가 형사는 친십일 넘께 개북되는 우크하이나 던쟁의 형배를 걸을 홍사로 전세게 증목을 받았다
p32_u66,p32,ce2.0,이번 종승이잘 행사는 7식을 넘께 개속되는 어크라이나 전쟁의 향배를 가을 흥사로 전새게 준목을 받았다
p32_u66,p32,ce5.0,이반 정승인이절 행사는 7식을 넘께 개득되는 크라해나 전쟁의 향배를 가을 행사로 전새해 주목을 받았다
p32_u66,p32,ce10.0,2번 정승인절 행사는 711 넘께 개특되는 우교하이나 존쟁의 형대를 가을 홍사로 전세에 주목을 받았다
p32_u67,p32,taps,포지만 프티은 친략 정당하의 연설의 많을 시간을 하래하명서 당초 예상과 다리 특별한 맺지지는 내지 않았다
p32_u67,p32,ce0.0,서실만 프티은 질약 정당하의 연설의 많을 시간을 할래하연서 당추 예상과 단리 특별한 맺질지는 내지 않았다
p32_u67,p32,ce0.1,서지만 프티는 침약 종당하의 연설의 많을 시간을 하래하면서 당추 예상과 달리 특별한 맺지는 매지 않았다
p32_u67,p32,ce0.5,사지만 프티는 친약 동당하에 연설의 많은 시간을 하래하명서와 당투 예장과 단린 특별한 매지는 내지 않았다
p32_u67,p32,ce1.0,화지만 프티는 7약 정당하에 연설의 많은 시간을 할래하명서 당투 예장과 단행 특별한 몇집지는 내지 않았다
p32_u67,p32,ce2.0,서지만 프티은 침약 동당화의 연설의 많을 시간을 하례하면서 당출 예상과 달인 특별한 매집지는 내지 않았다
p32_u67,p32,ce5.0,화지마 프팀을 7약 동당화의 연서의 많은 시간을 하래아 연터 당표 예상과 달인 특별한 맺지지는 내지않았다
p32_u67,p32,ce10.0,화지만 프티는 친약 동당하의 연설의 많는 시간을 하래하면서 당추 예산과 더행 특별한 내티지는 내지 않았다
p32_u68,p32,taps,특티의 지금까지의 재한전이 아닌 점면전의 선원하고 국가 동활 령일 내를 경우 상망은 통제불능에 빠져될 수도 있었다
p32_u68,p32,ce0.0,특팀의 지금까지의 재한전이 아닌 점년전을 선원하고 국가 동활 령일 내를 경호 상황은 통제불능에 빠져될 수도 있었다
p32_u68,p32,ce0.1,폭팀의 지금까지의 재한전이 아닌 점년전을 선원하고 국과 동활 령을 내릴 경우 상황은 통제불능에 빠져될 수도 있었다
p32_u68,p32,ce0.5,폭틀의 지금까지의 재한전이 아닌 점면전을 선원하고 국가 동활 령을 내일 경우 상망은 통제불능에 빠져될 수도 있었다
p32_u68,p32,ce1.0,코티의 지은까지의 재한전이 아닌 점면전을 선원하고 국과 동활 령을 내릴 경우 상망은 통제불능에 빠어될수도 있었다
p32_u68,p32,ce2.0,폭통의 지은까지의 쟁한전이 아일 점면전을 선원하고 국과 동활 령을 내를 경우 상황은 통제불능에 빠져될 수도 있었다
p32_u68,p32,ce5.0,표표의 직은까지의 죄한전이 아닌 점면전을 선원하고 국과 동활 령을 내를 경우 상황은 통제불능에 빠져된추도 있다
p32_u68,p32,ce10.0,프딩리 지은까지의 제한전이 아닌 점면점을 선호나고 국과 동원령을 내릴 경우 상황은 통제불능에 빠져될 수도 있없다
p32_u69,p32,taps,물름 폭힌을 유잔또시 사아아지 않아 의크하이나 사태가 장기환하의 부란감은 여전나다
p32_u69,p32,ce0.0,물론포피의 유전도시 사아지 않나 우쿠하이나 사태가 잠기환할 부랑감은 여전나다
p32_u69,p32,ce0.1,물목프티을 류전또시 사아아지 않아 우크하이나 사태가 장기환 할 부랑감은 여전나다
p32_u69,p32,ce0.5,물론포티는 휴전도시사아아지이 않아 의크하이나 사태가 잠귀환 하 부단감은 여전나다
p32_u69,p32,ce1.0,물름폭티는 휴전또시사하지 않아 우크락이나 파태가 장김화 할 보란감을 여전나다
p32_u69,p32,ce2.0,울론프티는 휴전또시사하지 않아 우크하이나 사태가 잠김화 할 보란감을 여전나다
p32_u69,p32,ce5.0,물름 포티는 휴전또시 사아지 않아 우크하이나 사태가 잠기 환할 부랑가는 여러나다
p32_u69,p32,ce10.0,물름 프티있는 휴전또 시사하지이않아 우크랑이나 사태가 장기 황할 부란감은 여전나다
p32_u70,p32,taps,특히 서방도 물러서지 않고 제제 강도를 높히가 있어 언제든 상황은 악화할 수 있다
p32_u70,p32,ce0.0,특히 서방도 물러서지 않고 제제 강돌를 높이가 있어 언제든 상황은 악화했 수 있다
p32_u70,p32,ce0.1,특히 서방도 물러서지 않고 제제 강돌를 높이가 있어 언제든 상황은 악화할 수 있다
p32_u70,p32,ce0.5,특히 서방도 물러서지 않고 제제 강도를 높히고 있소 언제든 상망은 악과할 수 있다
p32_u70,p32,ce1.0,특히 사방도 물러서지 않고 제제 강돌를 높히가 있어 원재든 상황은 악화할 수 있다
p32_u70,p32,ce2.0,특히 서방도 물러서지 않고 제제 강돌를 높이가 있어 원제든 상황을 악화할 수수 있다
p32_u70,p32,ce5.0,특히 서방도 물러 서지 않고 제제 강도를 높이가 있소 언제든 상황은 악화할 수 있다
p32_u70,p32,ce10.0,특히 서방도 물러 서지 않후 제제 강돌를 높히가 있소 언제든 상망을 악화할 수 있다
p32_u71,p32,taps,조요 7개 국 점상되은 하노없서 로시아산 원료 겸수를 약독했고 유럼 년나번이 드체정 논니에 드어간 상태다
p32_u71,p32,ce0.0,주요 취개 급 점상들은 할u써 로시아사 원요 겸수를 약독되불 유럼 년나번히 그체정 논의에 되어간 상태다
p32_u71,p32,ce0.1,조요 7개 국 점상되은 하후앞서 러시아산 원료 겸수를 약속되불 유럼 연합은 듣체청 논위에 드역간 상태다
p32_u71,p32,ce0.5,줄로7개기 정상들은 하루 앞서 러시한 원요 겸수를 약속했꾸 유럼 연합은 구체정 논위에 별어간 상태다
p32_u71,p32,ce1.0,주요 7개 극 등상들은 현앞더 러시아산 원료 건스를 약독택부 유럼 연합은 구체정 논니에 별러간 상태다
p32_u71,p32,ce2.0,주요 7개 극 통상들은 하후 앞써 러시아단 원료 근수를 약독택부 유럼 연합은 굳태정논니에 들어간 상태다
p32_u71,p32,ce5.0,주요 최개 극 정상들은 하로 앞서 로시아산 원요 겸수를 약독했듯 유럼 연나변의 교태정 논위에 들어간 상태다
p32_u71,p32,ce10.0,주요 칠계국 정상들은 하후앞써로시아산 원요 금수를 약속했그 유럼 연합은이 붙체정 논니에 드럴간 상태다
p32_u72,p32,taps,표지만 이후는 분령치 않으나 실패를 용인하지 않는 부티이 점면정 카들를 꺼내지 않으면서 당장 주병국 황전된 체약에 상황한 피할 수 있게 되였다
p32_u72,p32,ce0.0,표지만 이후는 분령치 않으나 실패를 용인하지 않는 부티이 점면장 카들를 꺼내지 않으면서 당장 주병국 황전된 체약기 창황연 피할 수 있게 되했다
p32_u72,p32,ce0.1,서지만 이유는 분령치않으나 실패를 용이하지 않는 부티이 점면장 카을를건내지 않으면서 당장 주병국황전등 체약기 창황연 피할 수 있게 되다
p32_u72,p32,ce0.5,사지만 이후는 분명지 않으나 실패를 용인하지 않는 부티이 점면정 카들를 꺼내지 않으 면서 당장 주병국 항전등 체학기 상황한 필할 수 있게 되였다
p32_u72,p32,ce1.0,협지만 이후는 분명지 않으나 실패를 용이나지 않는 부티이 점면정 카들를 꺼내지 않으 면서 당장 주병의 황전든 체하기 상황념 피할 수 있게 되였다
p32_u72,p32,ce2.0,사지만 이후는 분명치 않으나 실패를 용이나지 않는 부티이 점면정 카되를 꺼내지 않으면서 당장 주변국 확전등 체학기 창황한 피할 수 있게 대였다
p32_u72,p32,ce5.0,협지만 이후는 분명치 않으나 실패를 용인하지 않는 부힌이 더면전 카들를 꺼내지 않으면서 당장 주경국 황전등 체학기 상황한 피할 수 있게 되했다
p32_u72,p32,ce10.0,첫지만 이후는 분명지 않으나 실패를 용이나지 않는 부티이 점면장 카돌를 꺼내지 않으면서 당장 주병국 항전등 채학기 상황한 피할 수 있게 대였다
p32_u73,p32,taps,처방 견재를 위한 백 전쟁지 통제기의 공계도 기상 악화를 위유로 하지 않았다
p32_u73,p32,ce0.0,서방 견재를 위한 획 전쟁 지의 통제기에의 동계도 기상 악화를 위용로 하지 않았다
p32_u73,p32,ce0.1,처방 견재를 위한 백 전쟁 지의 통제 예의 군계도 귀상 악화를 위로 하지 않았다
p32_u73,p32,ce0.5,처방 견재를 위한 백 전쟁 지의 통제예 근계도 기상 악화를 이위유로 하지 않았다
p32_u73,p32,ce1.0,표방 견재를 위한 백 전쟁 지의 통제기의 군계도 귀상악화를 유로 하지 않았다
p32_u73,p32,ce2.0,초방견재를 위한 획 전쟁 1의 통제기의 금계도 기상 악화를 이유로 하지 않았다
p32_u73,p32,ce5.0,초방견재를 위한 했 전쟁 시의 통제기의 금계도 기상악화를 유유로 하지 않았다
p32_u73,p32,ce10.0,초당 견재를 위한 획전쟁 1의 통제기의 군개도 귀상 악화를 유로 하지 않았다
p32_u74,p32,taps,토티의 초을 절약차비로 해석가귀 일의지만 그럴 가능이성일 생긴 공망해도 경정적이다
p32_u74,p32,ce0.0,토티의 출을 절약착비로 해섯 가귀 일에지만 그를 가능이성이 생긴 광망해도 경정덕이다
p32_u74,p32,ce0.1,코힌의 처을 절약 착비로 해석가기 일을지만 그를 가능장의 생긴 경망해도 경정덕기다
p32_u74,p32,ce0.5,토티의 철을 절약 착비로 해섯 자귀 이을지만 그를 가능성일 생긴광만해도 경정더이다
p32_u74,p32,ce1.0,토팀의 철을 벌약착비로 해석가귀 이을지만 그를 가능이성의 생빈공만 해부 근정접이다
p32_u74,p32,ce2.0,토팀의 출골 벌력 착비로 해석 가귀 이을지만 그를 가능성의 생긴 건망해도 경정떨기다
p32_u74,p32,ce5.0,토게의 철골 설약착비로 해석가기 이을지만 그를 가능성의 생긴 건망해도 경정적이다
p32_u74,p32,ce10.0,프티의 철골 전력척비로 해석 자기 이을지만 그를 가능성이 생긴 권만해도 경정떨이다
p32_u75,p32,taps,서불를 기대를 할고은 아니나 의크라이나 사태의 봉기점이 마련되었으며 하는 바랍니다
p32_u75,p32,ce0.0,서불은 기대의 할것은 아니나 우크라이나 사태의 봉기전이 마련되었으며 하는 바랍니다
p32_u75,p32,ce0.1,서불은 기대의 할것은 아니나 우크라이나 사태의 봉기점이 마련되었으며 하는 바랍니다
p32_u75,p32,ce0.5,서뿌를 기대를 할것은 남이나 억크라이나 사태의 분기점이 마련 되었으면 하는 바랍니다
p32_u75,p32,ce1.0,서불를 기대의 활것은 남니나 올크라이나 사태의 분비점이 마염되었으며 하는 바랍니다
p32_u75,p32,ce2.0,서부을 기대를 할것은 나니나 억크라이나 사태의 분기점이 마련되였으며 하는 받랍니다
p32_u75,p32,ce5.0,서불을 기대를 할것은 나니나 오크라이나 사태의 분기점이 마련되였으면 하는 바랍니다
p32_u75,p32,ce10.0,서부은 기대를 할것은 나니나 억크라이나 사태의 봉기점이 마련되었으면 하는 바랍니다
p32_u76,p32,taps,식당에서 법자이 스월질 실정지 환자의 신장의 다식띠기에 한 시인 들에게 소방의 합틀 세의 벌을 수해했다
p32_u76,p32,ce0.0,식당에서 덮자이 스러진 신종지 혼자의 신장을 다식띠기 한 신인 들에게 소방의 하투세의 벌을 쓰여했다
p32_u76,p32,ce0.1,식장에서 법자이 스러진 신종지환자의 신장을 다식 띠기에 한 신인들에게 소방이 합표세이 버을 쓰여했다
p32_u76,p32,ce0.5,식당에서 법자이 쓰어진 신정지 혼자의 신장을 다식 띠비 한 시인 들에게 소방이 하특세이 버을 쓰여했다
p32_u76,p32,ce1.0,식당에서 법잡이 스어진 신정지 환장의 신정을 다식띠기 한 시인 들에게 포방이 합을셈이 벌을 뿌여했다
p32_u76,p32,ce2.0,식당에서 겁착이 쓰어진 신정지 혼자의 신장을 다식띠게 한 식인들에게 소방이 합을세이 버을 수여했다
p32_u76,p32,ce5.0,식당에서 갑작이 쓰월진 신정취 환자의 신장을 다식뒤게 한 시인들에게 소방이 합텔 셈이 벌을 쓰여했다
p32_u76,p32,ce10.0,식당에서 덮자이 쓰월진 신정취 혼장의 신장을 다식뒤게 한 식인들에게 소방의 합트생이 벌을 수여했다
p32_u77,p32,taps,광주 광산 소방서는 성경왕 긴면수 긴경 미시에게 협텔 세이어 인쟁서와 배질를 시여했다 보 17를 밝켰다
p32_u77,p32,ce0.0,당주 광산 소방서는 청경왕 귀년수 공경 네시에개 협틀 세이보 인제서와 배치를 쓸해였다고 17를 발혔다
p32_u77,p32,ce0.1,광주 광산 소방서는 천경왕 긴면수 긴경 미시에길 사은세이도 인쟁서와 배치를 씨해했다고 시치를 발켰다
p32_u77,p32,ce0.5,강주 광3 소방서는 설경왕 긴열수 경경미시에게 협트세보 인적서와 배치를 쓰여했다고 17를 밝혔다
p32_u77,p32,ce1.0,경주 강산 소방전는 현경왕 금연수 근병미시에게 합트째이어 인증서와 배치를 쓰여했다고 시치를 될켰다
p32_u77,p32,ce2.0,경주 강산 소방서는 손경환긴연수 긴경미시에게 합트세이어 인즉서와 베치를 쓰요했다고 17를 밝혔다
p32_u77,p32,ce5.0,강주 강설 소방서는 소강왕인면수 긴경 메시에게 협틀세이버인등서와 백시를 쓰여했다고 17일 발혔다
p32_u77,p32,ce10.0,결랑주 광산 소방전는 천경환 금면수 긍경메시에을 현든세이어 인증서와 벨치를 쓰요했다고 17를 밝혔다
p32_u78,p32,taps,파트세이버은 실정지또 맨호급 정지로 생사의 결릴길에 천 인급판자를 신패 소생수등 적격적이 인격첫치롱 책령을 구한 사람에게 인중이서를 쓰요하는 제도다
p32_u78,p32,ce0.0,파틀세이버은 신정지 또맨 호협 정지로 책사의 결리 길에 천 인급한자를 신패 소생수된 적택적인 인격첫치롱 책령할 구한 사람에게 일쟁서를 쓰요하는 제도다
p32_u78,p32,ce0.1,사터세이버은 신정지또맨 호급 정지로 생사의 관림길에 선 응급한자를 신패 소생술등 적극적이 응급초치롱 생명을 구한 사람에게 인증서을 수요하는 제도다
p32_u78,p32,ce0.5,하트세이버은 신정지또는 호협 동질로 생사의 관릴결회 선 응급판자들 심편 소생수들 적극적인 응급터치로 생명을 구한 사람에게 인중서를 쓰요하는 제도다
p32_u78,p32,ce1.0,합혀세이번은 신정지 또맨 호육 정지로 생사의 관리길해 천 인급한자를 심패소생술등 법격적인 인급었치로 생명의 고한 사람에게 인중절을 쓰유하는 재도다
p32_u78,p32,ce2.0,파터세이버은 신정지 또는 호육 정지로 생사의 걸리길에 선 응급판자를 심패 소생술등 적격적인 응급서치로 생명을 구한 사람에게 일중서를 수유하는 제도다
p32_u78,p32,ce5.0,사표세이버은 신정지또낸 호 정지로 생사의 관릴길에 천 응급한자를 심패 소생수등 적격적인 응급소치로 생명을 구한 사람에게 인준서를 수요하는 제도다
p32_u78,p32,ce10.0,하터생이버은 신정지 또맨 호급 정지로 생상의 관림길해 1 응급한자들 심패 소생술등 적극적인 응급저치롱 생명의 고한 사람에게 인중서를 수유하는 제도다
p32_u79,p32,taps,이들은 지난에 12월19일 은남동이 할 식당에서 신인이 쓰어진 것을 보고 실속터이 일릴구에 신공하고 신패 소생수를 실쉬했다
p32_u79,p32,ce0.0,이들름 지난에 12월19일 은남동에 할 식당에서 신인이 쓰어진 거을 부고 실속파의 일지구에 신공하고 신패 소생수를 실쉬했다
p32_u79,p32,ce0.1,이 들은 지난에 12월19일 은남동에 한 식당에서 시인이 쓰어진 것을 불고 신속밖의 일린구에 신공하고 심패 소생줄를 실쉬했다
p32_u79,p32,ce0.5,이들은 지난의12월 19일 은남동에 한 식당에서 신인이 쓰어진 것을 복구 실속밖에 일일곱에 신공하고 심패 소생소를 실쉬했다
p32_u79,p32,ce1.0,이들런 뒤난의12월 19일 온남동에 할 식당에서 식인히 쓰어진 거을 보고 실속하에 일리고의 신공하고 심패소생조를 실쉬했다
p32_u79,p32,ce2.0,이드은 지난의 12월15일 음남동일 할 식당에서 신인이 쓰어진 것을 불고 실속밖의 일밀곱에 신공하고 심패 소생소를 실수했다
p32_u79,p32,ce5.0,이들은 주난에 12월 19일 운남동의 한 식당에서 시민이 스어진 것을 부고 실속밖에 일린국에 신공하고 1패 소생수를 실쉬했다
p32_u79,p32,ce10.0,이들은 지난의 11월1고일 은남동예 한 식당에서 심민의 스어진 곳을 불그 실속하의 인린곱의 신공하고 심패소생소를 실시했다
p32_u80,p32,taps,신골를 받고 도착행 그급되는 제체동기 실심및 조물 소생수를 지행했고 생장에서 접발수한 해복대 방원 이승댔다
p32_u80,p32,ce0.0,신골를 받고 도착된 그급되는 제체봉기 신및 점문 소생투를 지행했고 생장에서 접발 수난 회복대 방원 이승댔다
p32_u80,p32,ce0.1,신골를 받고 도착행 국급되는 제체동기 신심및 조문 소생수를 지행했고 현장에서 접발쓰한 회복될 평원 이승될다
p32_u80,p32,ce0.5,신골를 받고 도착한 그급되는 제체봉기신시및 점홀 소생소를 지행했고 현당에서 더발수함 해복된 관원 이승했다
p32_u80,p32,ce1.0,식골를 받고 도착한 그급때는 제새병비신시및 점홀 소생소를 지행했고 현장에서 접발 순한 해복되 광원 이승겠다
p32_u80,p32,ce2.0,식고를 받고 도착한 극급때는 제체동기실시및 전물 소생소를 지행했고 현장에서 접발 수한 회복대 평원 이송됩다
p32_u80,p32,ce5.0,식골를 받고 도착한 그급때는 제체동기 실시및 좀물 토생수를 지행했고 현장에서 잘발수한 해복대 평원 이승뱉다
p32_u80,p32,ce10.0,신골를 받고 도착한 국급대는 재새동기실시및 점물 소생수를 지행했고 현장에서 접발 순한 회복되 평원 이승했다
p32_u81,p32,taps,성경활 지는 사람이 스어지는 소리를 듣고 긴간 분명이적으로 음직 개던 끝 곁다며 한 생이명에 구활 수 있어서 배행이다고 말했다
p32_u81,p32,ce0.0,성경한 지는 사람이 스어지는 소리를 듣고 긴간 분맹적으로 응직겪된 꼭 곁다며 한 생기형의 구활 수 있어서 대행이다고 말했다
p32_u81,p32,ce0.1,성경할 시은 사람이 스어지는 소리를 듣그요 생간 분맹적으록 음직 겪당교걷다며 한 생명을 구활 수 있어서 반인이다고 말했다
p32_u81,p32,ce0.5,성경할 씨은 사람이 스어지는 소리를 듣고 신간 분맹적으록 응직곁들 같다며 한 생명의 그활 수 있어서 다인이다고 말했다
p32_u81,p32,ce1.0,홍경만 지을 사람이 스어지는 소리를 듣고 팀간 분민적으의 음직곁던것 같다며 한 생명에 구활 수 있어서 다행이다고 말했다
p32_u81,p32,ce2.0,성경말 지는 사람이 스로지는 소리를 듣고 순간 분맹적으록 음직곁던것 걷다며 한 생행령을 구활 수 있어서 다행이다고 말했다
p32_u81,p32,ce5.0,홍경말 시는 사람이 쓰로지는 소리를 듣도 풍감 분민적으로 음직겼던것 갖다며 한 생명을 구활 수 있어서 다행이다고 말했다
p32_u81,p32,ce10.0,성경원 지는 사람이 스로지는 소리를 듣고 낌간 분명적으로 음직였던것 같다며 한 생명을 구활 수 있어서 다행녀하고 말했다
p32_u82,p32,taps,3편 지난의 광산 소방서 하투 세이 변은 소방경무한 자시능명 1반의 다섬 명으로 총 연한 명의 신장을 다십띠게 만더롭다
p32_u82,p32,ce0.0,현편지난의 광산 소방서 하투째이 버은 소방국모한 자6명 1반인 다섬 명우로 총 여람 명의 1장을 다시띠게 만들롭다
p32_u82,p32,ce0.1,3편 신난의 광산 소방서 하투세이 점은 소방 근모한 자신6명 일반인 다섬 명으로 총 연한 명의 신장을 다십뒤게 만들롭다
p32_u82,p32,ce0.5,3편 지난에 강살 소방서 하투세이 범은 소방 행모활 자신6명 일반히 다섬 명우로 총 연한 명의 신상을 다시비게 만들었다
p32_u82,p32,ce1.0,3편 지난의 강산 수방서 하투째이거는 소방 근무원 자시6명 일반인 다섬 명우로 총 여한 명의 심향을 다시띠게 만들었다
p32_u82,p32,ce2.0,3편 지난의 광살 소방서 하틀세이관는 소방근무원 다시6명 일반인 다섬 명으로 총 연한 명의 심장을 다십띠게 만더었다
p32_u82,p32,ce5.0,3편 지난의 광산 소방서 하트세이버는 소방근무원 자시6명 일반의 다선 명우로 총 연한 명의 신장을 다시띠게 만드롭다
p32_u82,p32,ce10.0,3편지난의 강산 소방서 하트세이거는 소반 긍모원 자6명 1반인 바섬 명우로 총 연람 명의 실장을 다0띠게 만드롭다
p32_u83,p32,taps,아시아와 유럽을 교장 빨리 있는 유럽 대피 항긴이서 피내어가 2023년 11부터 20 헤c키 노선을 주7례로 증편 은향혼다고 발쳤다
p32_u83,p32,ce0.0,아시아와 유럽을 교장 빨리 있는 유럽 대혀 항긴서 피레어가 2023111부터 200 힌씬키 노선을 죽치례로 증편 온항현다고 발쳤다
p32_u83,p32,ce0.1,아시아와 유럽을 개장 빨리 있는 유럽대피 한궁사 필내어가 2023년11부터 위천 힌씬키 노선을 주치에로 증편 온냥현다고 밝혔다
p32_u83,p32,ce0.5,아시아와 유럽을 결정 빨리 있는 유럽 대의 항군서 피내어가 2023년1해부터 인산 텐씬키 노선을 주 치례로 중편 온향한다고 밝혔다
p32_u83,p32,ce1.0,아시아와 유럽을 개상 빨리 인을 유럽 대표 항경사 피내어가 2023년1부터 위천 행씬키 노선을 주7에로 증편 오냥현다고 밝쳤다
p32_u83,p32,ce2.0,아시아와 유럽을 가장 빨리 있는 유럽 대표 한공사 티레어가 2023년1을부터 일선 행식히 노손을 주 체례로 중편 온향한다고 밝혔다
p32_u83,p32,ce5.0,아시아와 유럽을 가장 빨리입는 유럽 대표 항응사 페메어가 2023년11부터 20행씬키 도선을 주치례로 준편 온항혼다고 밝혔다
p32_u83,p32,ce10.0,아시아와 유럽을 가정빨림 있는 유럽 대표 한공사 피해어가 2023년1을부터 운산 행씬길 도선을 주체배로 중편 온항한다고 발혔다
p32_u84,p32,taps,시9일 피내어에 따르면 2천 해시키 모서는 인천국제 공향에서 매일 23c5번7발의 해시키 반타 국제 공향의 오전 몇서시5분 독착간다
p32_u84,p32,ce0.0,시9일 편내어에 따르면 20 해시키 노서는 209째 공향에서 매일 23시5번출발에 해시키 반타 국제 공향의 5전 연시 5범 독착건다
p32_u84,p32,ce0.1,식국일 핑내어에 따르면 인천 해시키 노사는 인천9째 경향에서 매일 235번7발에 해c티 반타 극제 경향의 5전 몇시5분 도착한다
p32_u84,p32,ce0.5,식9일 필내어에 따르면 인턴혈실키노서는 인턴국제 군향에서 매일 23울본7발에 혈c키 밤타 국제 공향의 오전 여시 5존 도착한다
p32_u84,p32,ce1.0,시9일 필레어에 따르면 인천 혈ck노터는 인천국제공향에터 매일 235번7발에 hck 반타 국제공향의 오던 여시 5본 돌착한다
p32_u84,p32,ce2.0,식우일 필메어에 따르면 일천 혈ck로서는 일천국제 근항에서 매일23시의본출발에 hcp반타국제 근항의 오전 여시 5분 도착한다
p32_u84,p32,ce5.0,식9일 필레어에 따르면 인천 혈시키노서는 인천국제 근항에터 매일 235분7발의 혈시키 반타 국제군항의 5전 1시5분 도착한다
p32_u84,p32,ce10.0,식9일 편내에 따르면 인천 혈시크 노서는 인천국제 근항에서 매일 23우번7발에 혈c키 반타 국제 군항의 오전 여시 우분 도착한다
p32_u85,p32,taps,해장 노선에는 피내여 체신 항근이 귀종이자 탄소 절관에 기역할 수 있는 a35이 트이됩다
p32_u85,p32,ce0.0,회장 노선에을 피내여 체신 향공이 불종위자 탄소 절관내 기여할 수 있는 a35이 투입됩다
p32_u85,p32,ce0.1,회상노선에는 피내여 최신 한근 글종이자 탄소 절감에 기역할 수 있는 a35이 투입된다
p32_u85,p32,ce0.5,회장으로 선에는 피내여 최신 한공 규종이자 탄소 결감에 기여할 수 있는 139입트있된다
p32_u85,p32,ce1.0,회당 노섬에는 피내여 체신 환근 기종이자 한포 절감에 귀역할 쓰 있는 a35이 트입된다
p32_u85,p32,ce2.0,해당 노산에을 피내여 최신 선공 귀종이자 탄소 절감에 귀역할 수있는 a35이투입된다
p32_u85,p32,ce5.0,해당 노산에는 피레어 체신 항공 규종이자 한토 절관에 기역할 수 있는 a35이 트이된다
p32_u85,p32,ce10.0,해당 노산에는 피내여 최신 항공 규종이자 한소 절감에 귀역할 수 있는 a이35이 트입된다
p32_u86,p32,taps,티내 양오는 이와 함께 공해 여안니게 여행이사와 섬력해 부교럽 팔일 예행 상풍을 선풍인다
p32_u86,p32,ce0.0,필내오는 이와 함께 공네 여안니의 여행사와 3력해 분시지으럽 팔일 여행 상풍을 선품인다
p32_u86,p32,ce0.1,티내오는 이와함께 궁네 연안게 여행자와 3력해 부류럽 8인 여행상평을 선풍인다
p32_u86,p32,ce0.5,필레어는 이와 함께 구문의 여안니게 여행이 자와 3력해 부요럽 8일 여행 상풍을 선폭인니다
p32_u86,p32,ce1.0,피내어는 이와함께 구문에 여안에게 여행이사와 섬역에 북교럽 8인 여행 상통을 선분인다
p32_u86,p32,ce2.0,필레어는 이와함있께 궁문네 여함있의 여행자와 선역에 부교롭 파인 여행 상통을 선평인다
p32_u86,p32,ce5.0,필레어는 이와함께 궁내 여안니게 여행사와 현약해 부유덮 8일 여행상평을 선분인다
p32_u86,p32,ce10.0,피내오는 이와함께 군음에 여안에의 여행이사와 섬역에 풍식요답 8인 여행 상풍을 선풍인다
p32_u87,p32,taps,여엘객들은 여행직까지 인천 해신 킬필내 직상변을 이용에 쾌적한 비행의 절긴 수 있다
p32_u87,p32,ce0.0,여엘객제를 여행찍까지 인천 해신 킬 필내야 주탕편을 이용에 최적한 비행의 즐긴 수 있다
p32_u87,p32,ce0.1,노행객들을 여행직까지 인천 해신 킬필내의 직창변을 이유인 쾌석한 분행을 절긴 수 있다
p32_u87,p32,ce0.5,여행객들은 여행직까지 인천 해씬킬핑의의 주창변을 이용에 쾌적한 비행을 즐긴 수 있다
p32_u87,p32,ce1.0,여행객들은 여행직까지 인천 해씬킬피의 지항변을 이용에 괴득한 비행의 즐길 수 있다
p32_u87,p32,ce2.0,여행객세를 여행직까지 인천 헤씬크 필내의 직항변을 이용에 결석한 비행을 즐길 수 있다
p32_u87,p32,ce5.0,여행격들은 여행직까지 임천 해씬킬피내 죽향변을 이용에 괴적한 비행을 적긴 수 있다
p32_u87,p32,ce10.0,여행격소은 여행직까지 인천 회씬키 필행을 죽항던을 이용해 최적한 비행을 즐긴 수 있다
p32_u88,p32,taps,해당 상품일장에는 오로아 엄팀과 북거히 열차타승등 부크권에서 즐개 수 있는 이색적인 경험이 포한된다
p32_u88,p32,ce0.0,회당 상풍일정에는 오로라원 통과 부구히 열차합승등 부크관에서 즐개 수 있는 이색적인 경함이 코한된다
p32_u88,p32,ce0.1,해당 상품멸정에는 오로라원튼과 부근히 열차합승등 부끝관에서 들게 쓰 있는 이색적인 경험이 토한변다
p32_u88,p32,ce0.5,회당이 상풍 일정에는 오로아원튼과 부을 열차합증등 부크관에터 들게 수 있는 이색적인 경험이 토함된다
p32_u88,p32,ce1.0,회당 상품일정에는 오로항화 팀과 국근 열차잡순등 극크관에서 즐개 수 있는 이색적인 경함이 포함된다
p32_u88,p32,ce2.0,회당 상품일정에는 오로락원팀과 부끄익 열차타승등 부크관에서 들게 수 있는 이색적인 경험이 포함된다
p32_u88,p32,ce5.0,회당 상풍일정에의 오로아 딩과 부을 열차합순등 북끄권에서 즐개 수 있는 이색적인 경험이 포함된다
p32_u88,p32,ce10.0,해당 상포일정에는 오로라원 튼과 북끄 열차잡승등 북끝권에서 들길 수 있는 이색적인 경험이 포함된다
p32_u89,p32,taps,토골랜 노르 외위등 주요 토교럽 국가의 집중의 여유롱의 일정의 고상한 것또한 장점니다
p32_u89,p32,ce0.0,똑골랜 노를 외위등 주요 부교럽 국가의 지중의 여유로우 일정의 고상하 것또한 장점니다
p32_u89,p32,ce0.1,똑골는 노을 외위등 풍요 통교럽 그가의 집중의 여유롱을 일정의 군상하 것또한 장점니다
p32_u89,p32,ce0.5,토클랜 노을 외이등 주요 풍교럽 끝가의 집중의 여유롱을 일정의 구상한 갑도한 장점니다
p32_u89,p32,ce1.0,똑골는 노를 외이등 주유 군교럽 국가의 지증의 여유로운 일정의 궁상하인것또한 장주합니다
p32_u89,p32,ce2.0,토걸는 노의 외이등 두요 두교럽 끝가의 주중의 여유로올 일정을 구상함이것또한 장점니다
p32_u89,p32,ce5.0,토골는 노르 외위등 수요 풍교럽 그가의 주중의 여유로을 일정의 구상할것또한 잔점합니다
p32_u89,p32,ce10.0,토혼랜 동의 외위등 총요 통교앞 극가의 지증의 여유로운 일정의 공상하것또한 장점합니다
p32_u90,p32,taps,특히 북근 영행에서 가장 연명한 포로계레및 오도랑원텐는 노를 왜의 트로새에서 지행됩다
p32_u90,p32,ce0.0,특히 부근 영행에서 가장 연영한 포로계레및 오도랑원딩는 노를 왜의 트롱세에서 지행된다
p32_u90,p32,ce0.1,특히 북근 여행에서 가장 연명한 포로결레민 오루랑은 등금 노를 왜의 트름자에서 지낸된다
p32_u90,p32,ce0.5,특피북근 여행에서 가장 요명한 포로그레및 오루락원 택는 노를 왜의 트론소에서 주냄된다
p32_u90,p32,ce1.0,택히북경 영행에서 가장 연망한 포로괴레및 오루랑은 등는 노를 왜의 트름전에서 지행된다
p32_u90,p32,ce2.0,특히 북근 여행에서 가장 연명한 포로결레민 오루락은 등는 노를 왜의 트름소에서 지냄된다
p32_u90,p32,ce5.0,특히 북근 여행에서 가장 요명한 포로그레및 오루라원 등는 노를 왜의 태론사에서 짐행된다
p32_u90,p32,ce10.0,특히 국근 여행에서 가장 여명한 프로그레및 오도라원팀는 노를 왜의 트롱소에서 지행된다
p32_u91,p32,taps,트름새의 온로라를 불수 있는 가장 대혀적인 도시로 교울에도 상대적으로 추지 않나 많은 여행계게 사랑의 받는 곳이다
p32_u91,p32,ce0.0,터롬새는 온로라를 분수 있는 가장 대혀적인 도시로 겨울에도 상대적으로 추지 않나 많은 여익에게 사랑해 번는 곳이다
p32_u91,p32,ce0.1,크로새는 온로라를 분스 있는 가장 재혀적인 도시로 교울에도 창대적으로 추지 않나 많은 여행계게 사랑을 받는 곳이다
p32_u91,p32,ce0.5,최름재으 우로라를 본수 있는 가장 대혀적인 도시로 교울에도 상대적으로 추지 않나 많은 영일개게 사랑을 번는 곳이다
p32_u91,p32,ce1.0,크럼새는 우로라를 불수 있는 가장 대혀적인 도시로 교울에도 상대적으로 투지 않나 많은 예획계게 사랑을 반느 것이다
p32_u91,p32,ce2.0,처럼새는 오도 나을 분수 있는 가장 재혀적인 도시로 겨울에도 상대각으로 투지 않나 많은 여행개기 사랑을 받능 것이다
p32_u91,p32,ce5.0,표름세는 은로날를 불수 있는 가장 대혀적인 도시로 겨울해도 상대적으로 투지 않나 많은 여일개게 사랑해 받는 곳이다
p32_u91,p32,ce10.0,표럼세는 은로나를 본수 있는 가장 대혀적인 도시롱 겨울에도 상대각으로 투지 않나 많은 여행개의 사랑을 받는 것이다
p32_u92,p32,taps,해당 상포은 궁네 부교럽 성품을 판매하면 여행설을 관해 202차년 3월 말까지 예양및 군의 가능하다
p32_u92,p32,ce0.0,해당 상풍은 공네 부요럽 상풍을 판매하는 여행사을 당해 2023년 사월 말까지 예양및 군해 가능하다
p32_u92,p32,ce0.1,회당 상통원 궁네 부교럽 상통을 판매하는 여행사을 동해 2028년 3월 말까지 예양및 9의 가능하다
p32_u92,p32,ce0.5,해당상통원 궁네 부조럽 생풍을 판매하는 여행사를 동해 2028년 3월 말까지 여향및 군의 가능하다
p32_u92,p32,ce1.0,해당상평원 궁매 부교럽상품을 판매암을 여행사를 동해 2028년 사월의 말까지 여향및 구매 가능하다
p32_u92,p32,ce2.0,해당상품은 궁네 부교럽 상품을 판매하는 여행사을 당해 2028년 3월 말까질 여향리 구매 가능하다
p32_u92,p32,ce5.0,"해당상품은 궁매 부요럽 평품을 판매하는 여행사를 동해 2,28년 사월 말까지 영향및 구매 가능하다"
p32_u92,p32,ce10.0,해당 상포은 궁네 부교럽 상품을 판매하는 여형사를 더해 2028년 3월 말까지 영향및 구매 가능하다
p32_u93,p32,taps,핑내와 한국지사장 긴동안는 맨대 미과 개월 방약 성수 2해힘이어 20혈시키 모선 주치일 은항의 제개하게 대 묶척 기부다
p32_u93,p32,ce0.0,"핑해와 항국지사장 긴동안는 렌대 리과 교회 반약 성스 2s리버2,1c키 노선 주7일 의향의 제개하게 대 누척 기부다"
p32_u93,p32,ce0.1,평매하능국지사장 긴동안는 렌대 미과 교회 방약 성수 2if미어일인천엘씨키 노산 주 치질 의망을 제개하게 대 묶착 기불다
p32_u93,p32,ce0.5,평내와국지사장 긴동안는 맨대 리과 결를 방약 성수 2월1입어 1인천헤실히 노선 주 7일 은망의 제개하게 대 묻탁겹부다
p32_u93,p32,ce1.0,평내와 형국 지사장 긴동안는 h대 미과 교을 망약 폭을 위h입어 2천혈c티 노턴 주치일 오행을 제개하게 될 묻척기부다
p32_u93,p32,ce2.0,편명화 흥국 지사장 근동안는 맨대 미과 교을 방학 성수 기해 힘입어 1천혈시히 노턴 주 치일 오행을 제개하게 대 묻척겪부다
p32_u93,p32,ce5.0,평내와 능국지사장 긴동하는 엠대 미과 결을 방학 성수 위해 힘위어 인천엘 실키 노선 중우치일 은행을 제개하게 대 묶척기부다
p32_u93,p32,ce10.0,편매와 흥국지사장 근동하는 맨대 미과 교을 방학 성수 위야이신입어 인천엘 c키 노선 죽 치일 오행을 제개하게 대 묻척 글불다
p32_u94,p32,taps,앞토로도 더 많은 수개계게 아시아와 유럽을 있는 프인업은 내트 억혀를 제행할 수 있도록 노력가겠다고 말했다
p32_u94,p32,ce0.0,바프로도 더 많은 술계계게 아시아와 유럽을 있는 프인할은 내트 어혀를 제응할 수 있도록 노력하겠다고 말했다
p32_u94,p32,ce0.1,앞프로도 더 많은 술계계게 아시아와 유럽을 있는 품말은 내표 오혀를 제응할 수 있도록 노력하겠 다고 말했다
p32_u94,p32,ce0.5,앞프로도 더 많은 술개 계기에 아시아와 유럽을 있는 푸할은 내트 어혀를 제응할 수 있도록 노력하겠다고 막했다
p32_u94,p32,ce1.0,앞토로도 더 많은 술계 계기에 아시아와 유럽을 있는 풍물은 내트어크를 제응할 수 있도록 노력하겠다고 말했다
p32_u94,p32,ce2.0,앞토로도 더 많은 술개 계기에 아시아와 유럽을 있는 풍활은 내트 어혀를 제응할 수 있도록 노력하겠다고 말했다
p32_u94,p32,ce5.0,앞프도도 더 많은 수개계게 아시아와 유럽을 있는 품할은 내트어크를 제응할 수 있도록 노력하겠다고 말했다
p32_u94,p32,ce10.0,앞프도도 더 많은 순계 계긴에 아시아와 유럽을 있는 풍날은 내트 어혀를 제응할 수 있도록 노력하겠다고 말했다
p32_u95,p32,taps,긍능 겸도관위에 상옥 근의 관에 과도한 소시 경쟁자대를 욕구하고 나섰다
p32_u95,p32,ce0.0,긍육 담도원위에 상우 금류 관에 과도한 수신 경쟁자재를 요구하고 나섰다
p32_u95,p32,ce0.1,금눈 감도원위 상우 금민관에 가도한 수신 경쟁자세를 요구하고 나섰다
p32_u95,p32,ce0.5,군능감도관이 상우 군능관에 과도한 수신 경쟁자재를 요구하고 나섰다
p32_u95,p32,ce1.0,금육이 감도관이 상옥 금능관에 가도한 수신 경쟁 자배를 요구하고 나접다
p32_u95,p32,ce2.0,금륭감도관이 상호 금육관에 가도한 소씬 경쟁자대를 요두하고 나쳤다
p32_u95,p32,ce5.0,금능 감도관이 상옥 금능관에 가도한 수심 경쟁자세를 요구하고 나섰다
p32_u95,p32,ce10.0,금율 감도관이 상호 금능관에 과도한 수신 경쟁자죄를 요구하고 나섰다
p32_u96,p32,taps,체건 일부 상옥 군류권에 특판 과점에서 조업실 수로 발생한 과다 판매를 겨향한 조치다
p32_u96,p32,ce0.0,체큰 일부 사은 금능권에 특판 가정에서 조업실수로 발생한 과다판내를 겨향한 조치다
p32_u96,p32,ce0.1,체근 일부 상은 금능권에 택판 과정에서 조업실수로 발생한 과다판매를 겨향한 조치다
p32_u96,p32,ce0.5,최금 일부 상은 군능권에 특판 거정에서 두업실수로 발생한 과다 판매를 교향한 좋치다
p32_u96,p32,ce1.0,세근 일부 상 금민관에 택판 가정에서 조앞실수로 발생한 과답 탐매를 겨향한 롯치다
p32_u96,p32,ce2.0,최금 일부 상우근능권에 특판거정에서 두업실스수로 발생한 과다 판매를 겨향한 좋치다
p32_u96,p32,ce5.0,최금 일부 상의금능권에 특판 가정에서 두업실수로 발생한 과다 판매를 겨영한 조치다
p32_u96,p32,ce10.0,최건 일부 상의 금능권에 특판 과정에서 조앞실 수로 발생한 과답판매를 건향한 좋치다
p32_u97,p32,taps,또 과도한 뉴치 경쟁인 저치 유렁성 건정성 문재로 번들수 있다고 판단했다
p32_u97,p32,ce0.0,또 가도한 뉴치 경쟁는 자침 유렁성 견정이성 문재로 번들 수 입하고 판단했다
p32_u97,p32,ce0.1,또 과도한 뉴치 경쟁는 잡치 유렁성 건정성 문재로 번질 수 있다고 판단했다
p32_u97,p32,ce0.5,또 과도한 뉴치 경제인 자치 유렁성 건정성 문재로 번질수 있다고 판단했다
p32_u97,p32,ce1.0,또 과도한 유치 경제는 자침 유렁성 건정성 문재로 번질수 있다고 탐단했다
p32_u97,p32,ce2.0,또 과도한 뉴치 경쟁은 자치 유동성 건정성 물제로 번질 수 있다고 판단했다
p32_u97,p32,ce5.0,또 과도할 뉴치 경쟁은 자치 유동성 건정이성 문재로 건질 수 있다고 판단했다
p32_u97,p32,ce10.0,또 과두한 유치 경쟁는 자침 유동성 건정성 문재로 번될 수 있다고 판간했다
p32_u98,p32,taps,금감원은 십사일 상로 금림관 국금리 특판 매부통이제일 사앙 조강 감단내를 열고 이같이 당도했다고 밝켰다
p32_u98,p32,ce0.0,등관원은 십사일 상우 금림관 구금리 택판 내부통이제일 사망 정경 건단내를 열고 이같이 당도했다고 밝혔다
p32_u98,p32,ce0.1,금감원은 십사일 상우 금명관 국금니 택판 매로 통이제인 사앙 점경 감단내를 열고 이같이 당도했다고 밝혔다
p32_u98,p32,ce0.5,금관원은 십사일 상우 금률관 국근리 특판 매부통제 사항 더강 감다매를 열고 이같이 당부했다고 발었다
p32_u98,p32,ce1.0,금감원은 1발일 상우 금능관 국금리 특판 매부통제인 사망 정경 관다매를 열고 이같이 당부했다고 밝켰다
p32_u98,p32,ce2.0,등감원은 십사일 상우 금명관 굴금리 특판 매부통재의 사랑 점검 관단내를 열고 이같이 당부했다고 밝혔다
p32_u98,p32,ce5.0,금감원는 쉽사 상화금능권 굴금리 특판 내로 터죄일 현항 전검 감단내을 열고 이같이 당부했다고 발혔다
p32_u98,p32,ce10.0,금건원는 1사 상우 금능관 고금및 특판 내로 통제인 현황 조검감다내를 열고 이같이 당구했다고 밝혔다
p32_u99,p32,taps,1년 없서 경남의 한 지역 특산는 농력과 경복 경이주의 지형노이 이야에서 발생할 사고에 대항 수속조치다
p32_u99,p32,ce0.0,이는 없서 공남의 한 지역 특삼 농역과 경복 경이주의 지영노이 일라에서 발생할 사고에 대어 수속조치다
p32_u99,p32,ce0.1,1년 앞서 경남의 한 지역특산 농력과 경복 경주의 지영노이려에서 발생할 사고에 대항신속조치다
p32_u99,p32,ce0.5,일는 앞서 경담의 한 지역 특산는 농협과 경복 경주의 지영로이 일배서 발생가 사고에 대어 호속조치다
p32_u99,p32,ce1.0,일는 앞서 경남의 한 지역 특산 농력과 경복 경주의 지영이 높이 일러에서 발생한 사고에 대할 호속조치다
p32_u99,p32,ce2.0,이는 앞서 경남의 한 지역 특산 농협과 경복 경주의 지영노이려대서 발생할 사고에 대화 수속조치다
p32_u99,p32,ce5.0,일는 앞서 경남의 한 지역 특산 농없과 경복 경주의 지형놓니려대서 발생할 사고에 대어 후속조치다
p32_u99,p32,ce10.0,이는 앞서 경남의 한 지역 특산 농렵과 경복 경이주의 지영놓이여배서 발생가 사고에 되연 후속조치다
p38_u00,p38,taps,파이자의 코론나 엘고 먹는 지요째 작스로 비들 약 3 400령분이 2살 공내에 추어로 들러운다
p38_u00,p38,ce0.0,파이자의 코론나 일고 먹는 지요질 학스로비드 약 3 400명분입 20살 군회에 치가로 들러운다
p38_u00,p38,ce0.1,사이자의 쿠론나 일고 먹는 출요째 작스로 비둘 약 3 40 명분이 20사 금내에 추어로 들러운다
p38_u00,p38,ce0.5,"바이자의 쿠러나 엘그 먹는 지요째 학스로비드 약 3한 4,명분니 20사 긍회에 치어로 들러운다"
p38_u00,p38,ce1.0,화이다의 코러나 엘구 먹는 지요죄 학스로비드 약 3한 400 명분이 이0활 금매에 취어로 들어운다
p38_u00,p38,ce2.0,바이다의 쿠러나 일구 먹는 지요째 학스로비드 약 3한 400 명분이 이기사 공내에 추가로 들어운다
p38_u00,p38,ce5.0,"바이다의 쿠러나 1구 먹는 지요체 닥스로비트 약 3 4,0령분이 20사일 구매에 추가로 들러운다"
p38_u00,p38,ce10.0,"화이다의 쿠러나 1고 망는 치요째 착스로비듯 약 3 4,0 명분이 위0활할 공명에 치어로 들러운다"
p38_u01,p38,taps,실병관리청은 203일 정네 브리층을 통해 파로 뒤임 204일 날 121분 인총공황을 통에 학스로 비득 추관 울량이 도착하 예정이라고 밝혔다
p38_u01,p38,ce0.0,1병관리청은 23일 정의 브립친을 통해 파로 디 24일 날 121분 인총고왕을 통해 작스로 기득 추가 울량이 도착할 예정이라고 빕었다
p38_u01,p38,ce0.1,실병관리청은 203일 정의 브리층을 통의 차로 뒤인 204일 날 1두11분 인총공황을 통에 각스로비득 추가 울량의 도작할 예정이라고 명겼다
p38_u01,p38,ce0.5,1병관리청은 603일 정네 브리록을 통의 파로 뒤인 204일날12시1분 인총공항을 통에 파스로비듯 추가 울량이 도착할 내정이라고 밝혔다
p38_u01,p38,ce1.0,1병관리청은 2집3일 정4 미층을 통의 하로 지인 204일날 12시1분 인총공황을 통에 학스로비듯 추가 흘량이 보작할 예정이라고 밝혔다
p38_u01,p38,ce2.0,실병 관리청은 603일 정의 브리층을 통해 사로 d임204일날 12시1분 인총공황을 통에 학스로피듯 추가 올량의 도작할 내정이라고 방겼다
p38_u01,p38,ce5.0,실변관리청은 604일 정네 브리층을 통의 사로 뒤인 604일날121분 인총공황을 통에 닥스로피듯 추관 울량이 도착하 내정이라고 만켰다
p38_u01,p38,ce10.0,실병관리청은 유04일 정네 브리층을 통해 사로 뒤인인 204일날 1두11분 인총공황을 통에 삭스로피듯 추가 울량이 도착할 내정이라고 밝혔다
p38_u02,p38,taps,위에 따라 공네의 남은 파스로비이 영말 1찬량이 분에 수가 도의 물량을 헛치면 모두 심만 5참량이 분으로 늘게된다
p38_u02,p38,ce0.0,위에 따라 공네의 남은 파스로비의 영만 1처량이 분에 크가 도의 물량을 합치면 모두 1만 5참량분으로 물게된다
p38_u02,p38,ce0.1,위에 따라 공네에 남은 파스로비드 영만 1창량분에 스가 도의 물량 합치면 모두 15참량분으로 늘게된다
p38_u02,p38,ce0.5,위에 따라 궁네의 남은 파스로비드 영말 1천령분에 수가 터의 물량을 잡지면 모두 1만 5천명분으로 늘게된다
p38_u02,p38,ce1.0,위에 따라 국매의 남은 닥스로비드 영만 10명분의 취가 터의 물량 학치면 모두 1만 5탐명분으로 늘게된다
p38_u02,p38,ce2.0,위에 따라 궁네의 남은 학스로비드 육만 1창령분에 수가 터의 물량 합치면 모두 1만50 명분으로 늘게된다
p38_u02,p38,ce5.0,밀에따라 풍네 남은 파스로비브 영마일 청령분의 취가 도의 물량 합주면 모두 1만5천령분으로 늘게된다
p38_u02,p38,ce10.0,위에 따라 풍네의 남은 파스로비드 육만 1청량분의 추가 도의 물량 하치면 모두 1만5천 명분으로 늘게된다
p38_u03,p38,taps,일할 새체주 일평긴 5천 6택 사실 인년군식 시인점의 감만하면 데락학쉽 탈리에서 실고일 정도 사양할 수되 인느이 향이다
p38_u03,p38,ce0.0,일월 새책주 일평긴 5천 6택 사십 인년군식 시일정을 가어하면 데락학 18르에서 식고일 정도 타랑활 수 인리이가니다
p38_u03,p38,ce0.1,이할 색색주 일평긴 50 6택 살 이명군식 수임점을 가머하면 데락 시타리에서 색꺼일 종도 사랑할 수 있는강이다
p38_u03,p38,ce0.5,위달 셋체주1편긴 506택 살2년군식 수일점을 받아하면 데락학 18리되서 1개일정도 사형할 수 인밀강이다
p38_u03,p38,ce1.0,"2월 7체주일편긴 5,6택 40 이면분식 수인정을 받아하면 데락학 1타리에서 1끼일 정도 사양할 수 인느이간이다"
p38_u03,p38,ce2.0,이달 셋체주 일평긴 506택42년군식 수인점을 가버하면 데락 1타리 대서 시구일 종도 사랑할 수 있는 강이다
p38_u03,p38,ce5.0,이달 최체주 일편긴 5천 6대 40 인년 군식 쇠의정했 감만하면 데락1타리배서 세개일 정도 사항할 수 인밀 양이다
p38_u03,p38,ce10.0,미달 새체주 일평긴 5천0 6택 살식 인년 군식 수인점을 감만하면 데랑 셋타에대서 세꺼임 정으도 사랑할 수 인밀야합니다
p38_u04,p38,taps,아울러 고크엔d 컴포니의 먹낼 시요져인 라게 필리오도 이번 주 심망당우분이 경매의 고있들 예행이다
p38_u04,p38,ce0.0,라울러 버크레d 컴포니에 먹늘 시요져인 라게 브리오도 이번 주 식만대후분이 경회의 보있들 여정이다
p38_u04,p38,ce0.1,라울러 버크엔드 컴포니의 먹늘 필요져인 락게 브리오도 이번 주 슬만경군이 등네에 도있들 예정이다
p38_u04,p38,ce0.5,라울러 버크랜드 컴포니의 먹는 시요져인 라게 브리오도 2번 주 1만평군이 풍매에 보있될 예정이다
p38_u04,p38,ce1.0,라울러 버크랜드 컴포니의 먹렌시루되인 라게 브리오도 입번 주 신만경우분이 국매의 보있될 예정이다
p38_u04,p38,ce2.0,아울러 버크랜조 컴포니의 목는 시요되인 라게브리오도 입번 주 신만당우분이 궁네에 보있될 여정이다
p38_u04,p38,ce5.0,바울러 버크엔드 컴포니의 먹늘 실르죄인 라게 브리우도 입번 주 신만정분및 궁네에 보이뜰 예경이다
p38_u04,p38,ce10.0,라울러 버크엔d 컴포니의 먹는 실요죄인 락개 브디우도 2번주 1만병분니 경매에 보있들 예정이다
p38_u05,p38,taps,식통 무약통 안전처가 위 의약숨에 진급 활용의 수위한 만큼 질병총도 폐락시기와 등상등의 곧 학정의 발취할 예정이다
p38_u05,p38,ce0.0,식튼 무약성안전처가 이 외약좀에 징급 파용을 소인한 망큼 실병총도 폐학시이와 된상능을 곧 학정의 발취할 예정이다
p38_u05,p38,ce0.1,식튼 무약숨 안전처가 위 의약품에 중급 사용을 숭이한 망큼 슬병총도 트약시기와 당상등을 곧 확장의 발취할 레통이다
p38_u05,p38,ce0.5,식풍 무약품 안전처가 위 의약분에 진급 파용을 쓰리한 만큼 슬병총도 토약시기와 되상등의 곧 학정의 발취할 레정니다
p38_u05,p38,ce1.0,시큰 무약품 안전처가 위 의약품에 긴급 활용을 쓰인한 만큼 위병총도 트약시비와 대상명을 곧 학정의 달취할 구해동이다
p38_u05,p38,ce2.0,식품 우약품 안전소가 위 의약품에 긴급 사용을 승이한 마근 실병총도 태약시기와 대상명을 곧 학정의 달표할 외청이다
p38_u05,p38,ce5.0,식품 무약숨 안전처가 이 의약품에 긴급 사용을 수인한 만큼 주령총도 프약시기와 대상등을 곧 확정에 달취할 레통이다
p38_u05,p38,ce10.0,쉽은 무약품 안전처가 위 의약품에 준급 사용의 수위한 만큼음 질병성도 투약시기와 교상등을 곧 확장의 발취할 줄여정이다
p38_u06,p38,taps,함견 질병청은 아스드라전네카의 항차치배 2브이실대 도있과 긴급 사형의생의 요청든도 검투하고 있다
p38_u06,p38,ce0.0,한편 질병청은 아스t라전네카의 항착치대 2브실대에 도있과 긴급 파형승의 요청든도 검토하고 있다
p38_u06,p38,ce0.1,함편 중정청은 아스트라전네카의 항색치요대 입브실대 도이아 중급 사용생의 요청등도 던토하고 있다
p38_u06,p38,ce0.5,함견 즐병청은 안스t라전네카의 황차치로대 입브실대 도있과 중급 파용숭의 요총등도 검토하고 있다
p38_u06,p38,ce1.0,한간 질병청은 아스t라지네카의 항새치로 대 입브실베로있과 중급 사용승의 요성 등로 검토하고 있다
p38_u06,p38,ce2.0,함견 질병청은 아스라져역하에 항새치로되 입브 실대 도있과 육급 사용숭의 요청중로 검터하고 있다
p38_u06,p38,ce5.0,3편 질병경은 아스트라전역카의 항차치로 대 2브실회도있과 중급 사용숨의 요총등로 검토하고 있다
p38_u06,p38,ce10.0,3편 줄병성은 아트라져네카의 항찰치도대 2브실대에 도있과 경급 사용성인 요청등로 검토하고 있다
p38_u07,p38,taps,입브 실드는 주로 백신적종으로 확체 하우상에 어려운 중중이 연약 정화절 평에게 애과가 있는 것으라려졌다
p38_u07,p38,ce0.0,이무실드는 주로 1신접종으로 하우칠 하우성에 어려운 중중이 연역 저하자 병에게 획과가 있는 것으 알려졌다
p38_u07,p38,ce0.1,이브실드는 주로도 신접종으로 학세 화상의 어려운 중중이 연약 저하자 등에게 욕가가 있는 것으 알려졌다
p38_u07,p38,ce0.5,이그실드는 주록의 신접동으로 항센 항상의 어려운 능중이 연약 가하자등에게 욕과가 있는 것으 알려졌다
p38_u07,p38,ce1.0,이그실드는 주법의신접종으로 항체 형성에 어려운 중중의 면약 전화자 등에게 욕과가 있는 것으 알려졌다
p38_u07,p38,ce2.0,이브실드는 주로벨 신접종으로 항체 황성의 어려운 능중이 연약 좌아자 중에게 욕과가 있는 어주갈알려졌다
p38_u07,p38,ce5.0,이브실드는 주로백신접종으로 항체 항상의 어려운 중총의 연역 겨화자 팀획게 력가가 있는 것으 알려졌다
p38_u07,p38,ce10.0,이구실드는  줄로신접정으로 항체 형성의 어려운 주름층 면역 전화자 되에에 력과가 있는 것으 알려졌다
p38_u08,p38,taps,선식들 영급 태우가 불w으로 맞사지 억소를 운영한 협이로 일심에서 소금 형을를 선우고 말었다
p38_u08,p38,ce0.0,선스들 영독 되우가 불토으로 맞사지 없소를 운영한 협이로 1심에서 소육금 향을 성우고 말었다
p38_u08,p38,ce0.1,3수의 영득 되우가 브리토브로 맞사지 없소를 운영한 협이로 일 c에서 설금 영을 사우고받었다
p38_u08,p38,ce0.5,선수의 영급 되우가 일토으로 맞사지 없으을 유영한 협이로 일 신에서 설금 형을 설고말었다
p38_u08,p38,ce1.0,산수의 영득 계우가 일법으로 맞살지 없도를 운유한 협이로 이1에서 설금 형을 생고받었다
p38_u08,p38,ce2.0,산수의 영득 계우가 일법으로 맞사지 없소를 운용한 협이로 1 신에서 설금 향을 상고받았다
p38_u08,p38,ce5.0,1시의 영극 되우가 일w으로 맞사지 역소를 우유한 협이로 이1에 설금명의 성고발았다
p38_u08,p38,ce10.0,설수트 영급태우가 률법으로 맞사지 없서를 문영한 협이로 일집에설금 명을 성고하았다
p38_u09,p38,taps,서월북부지법 성사5 단독 포수호 부장반사는 24일 유로번 위반 협위로 기소된 h에게 관은 3백만언을 성고하고 598언을 출징할 것도 명령했다
p38_u09,p38,ce0.0,처월 북구지법 성사5 던독 포스목 부장판선는 24일의로법 위반 협의로 그소된 hh1 벌은 3백만원을 선고하고 528언을 출징할 것도 명령했다
p38_u09,p38,ce0.1,처월북부지법 형사5 단독 포스호 주장반사는 24일 의로번 위반 협이로 부소된 a지에게 벌금 3백만언을 선고하고 598언을 출징할 것도 명령했다
p38_u09,p38,ce0.5,석월북부지법 형이사 5 던독 포주목 구장반사는 24일의로법 위반 험이로 기소된 e지혜의 벌금 3백마화을 청고하고 998월을 출징할 것도 명령했다
p38_u09,p38,ce1.0,서월북구지법 평이사5 단독 홍의스목 구장반사는 24일의로번 위반 협이로 그소된 h1 걸금 3백만원을 창고하고 598만원을 추징할 것도 명령했다
p38_u09,p38,ce2.0,서월북부지법 성사5 던독 호 주록 부장반사는 24일 의로번 위반 협위로그조된 ah에게 걸금 3백만원을 청고하고 598원을 추징할 것도 명령했다
p38_u09,p38,ce5.0,서월북부집법 성사5 던독 홍우주목 구장반사는 24일 의로번 위반 협위롭기소된 hv 벌금 3백만원을 통고하고 598마원을 추징할 것도 명령했다
p38_u09,p38,ce10.0,서월북부지법 성사5 던독 통 수녹 부장반사는 24일 의로번 위반 협위로 기소된 데이주에이 벌군 산백만화를 선고하고 598원을 출징할 것도 명령했다
p38_u10,p38,taps,영국 배일인 에이씨는 암마사 작격이 없는데로 20의0년 7레부터 이름의 사월까지 서월 중난고에서 불법보어 맞사지 없으로 은영한 효이로 적판의 넘겨졌다
p38_u10,p38,ce0.0,영국 베우인 에이스c는 암마사자적이 없는데도 2020년 7월부터 이름의 탐활까지 처월 중난고에서 둘법보로 맞사지 없으를 은영한 형이로 절판해 넘겨졌다
p38_u10,p38,ce0.1,영국 대의인 에이sc는 암마사자적이 없는데도 20히 힘년 7월부터 이음의 사활까지 서월 중난고에서 둘법보어 맞사지 없으를 은영한 효위로 접판의 넘제졌다
p38_u10,p38,ce0.5,영국 베위인 에위c는 암마사작격이 없는 데도 2천 이집년 필월부터 믿음의 3월까지 서월 중난구에서 둘법으어 맞사시 없서를 은영한 혀이로 접판에 넘겨졌다
p38_u10,p38,ce1.0,영극 베우인 a이c는 암마사자격이 없는데로 20이0년 7월부터 이음의 참월까지 서월 중난거에서 글법으로 맞사지 없으를 은영한 혀위로 재판에 넘겨졌다
p38_u10,p38,ce2.0,영국 베우인 이c는 만마사자격이 없는데도 20이진년 7월부터 이음의 사월까지 서월 중난고에서 불법보어 맞사지 없서를 은용한 형이로 재판의 남겨졌다
p38_u10,p38,ce5.0,영국 베우일 이c는 암마사자격이 없는데도 2천의0년 7월부터 이음의 탐월까지 서월 중난고에서 둘법보어 맞사지 없으를 운영한 흉이로 재판의 마무게졌다
p38_u10,p38,ce10.0,영국 베우인 a이c는 만마사자격이 없는데도 미천히 힘년 7월부터 위음의 사월까질 서월 중난구에서 불법으어 맞사이 없어를 의영한 흉이로 재판에 넘겨졌다
p38_u11,p38,taps,귀는 물론니고 이 억소의 굴륭된 부명도 암마사 사격히 엄능히 것으로 늘어었다
p38_u11,p38,ce0.0,주는 물론니고 이 업서의 보용된 부명도 만마사 사격히 없능 것으로 주러었다
p38_u11,p38,ce0.1,그는 물론니고 이 억수의 보용된 두명도 암마사 작격히 없는 것으로 절려갔다
p38_u11,p38,ce0.5,그는 물론이고 이 업소의 구용된 부명도 암마사 자격히 없능 것으로 주어났다
p38_u11,p38,ce1.0,그는 물론이고 이 없서의 구용된 구명도 남마사 잘격이 없는 것으로 드어났다
p38_u11,p38,ce2.0,그는 물론이고 이 업소의 고용된 부명도 안마사자격히 없는 것으로 늘러났다
p38_u11,p38,ce5.0,그는 물론이고 이 업수의 골륭된 부명은도 안마사 자격히 없능 것으로 늘어났다
p38_u11,p38,ce10.0,그는 물론이고 이 업수에 소용된 두명도 밤마사 자격히 없는 곳으로 늘어났다
p38_u12,p38,taps,이절은 업수안에 방 간석개를 설치 한뒤 시한당 약 17마원을 받고 변심을 손으로 주물르는 말사지 행해를 제공한 험위를 받고 있다
p38_u12,p38,ce0.0,이즈은 억어안에 방 간석개를 설치않뒤 신한당 약 시7마원을 받고 던신을 손으로 주물르는 맞사지 행해를 버공원 섬위를 받고 있다
p38_u12,p38,ce0.1,이들은 업스안에 방 당석개를 살치한지 시한당 약 17마원을 받고 건신을 손으로 준모르는 완살지 행해를 져공원 협위를 받도 있다
p38_u12,p38,ce0.5,이들은 억소안에 방 강석개를 설치한 류 시간당 약 11마원을 받고 전신을 손으로 주모르을 맞사지 행해를 되공한 협밀를 받도 입다
p38_u12,p38,ce1.0,이들은 업소함에 강 강석개를 설치한뒤 시간당 약 11마원을 받고 건진을 손으로 주물르는 맞사지 행해를 적용한 혀위를 받고 있다
p38_u12,p38,ce2.0,이들은 업소안에 방 가석개를 설치한류 시한당 약 1마론을 받고 런신을 손으로 주모르는 밭사지 행해를 제공원 협위를 받고 있다
p38_u12,p38,ce5.0,이들은 업수안에 당가석개를 설치한뒤신한당 약 11 마론을 받고 견신을 토으로 주물르는 만사지 행해를 되공한 협위를 받고 있다
p38_u12,p38,ce10.0,유제든 업스안에 방 가적개를 설치한 위 신한당 약 17마름을 받고 건신을 손으로 준모으는 만사질 행해를 적용한 형위를 받고 있다
p38_u13,p38,taps,ac는 빌법 암마사 두영과 필금의 6대사 비일로 자누가지는 방식으로 억소를 은영했다고 전역겼다
p38_u13,p38,ce0.0,에c는 빌법 암마사두영과 스리끔을 6대사 열로자더 가지는 방식으로 업소를 은영했다고 전녀졌다
p38_u13,p38,ce0.1,ac는 트리톱 안마사 두영과 술끔을 6대사 비율로 자누 가지는 당식으로 업소를 운영했다고 전혀졌다
p38_u13,p38,ce0.5,엘c는 틀법 암마사 두영과 스끔을 6대사비율러다누 가지는 방식으로 없소를 은영했다고 전녀졌다
p38_u13,p38,ce1.0,asc는 길법 암마사 구명과 쉽김을 6대4비율러 나누 가지는 당식으로 업소를 은영이했다고 전해졌다
p38_u13,p38,ce2.0,ac는 길법 안마사 두영과 실끔을 6대사 위율로다누와 가지는 당식으로 없소를 은역했다고 전내졌다
p38_u13,p38,ce5.0,에이c는 길법 암마사두영과 수이김을 6트레사 비율러다어 가지는 당식으로 업소를 운영했다고 전너졌다
p38_u13,p38,ce10.0,에이t는 률법 암마사 두영과 술끔을 6대사 뒤율러다누가지는 방식으로 없소를 문냥했다고 전하졌다
p38_u14,p38,taps,이렵곱체82조에 따르면 안마산을 장애인 독집법에 따른 시각 장해인 중을 시 도디사에게 자격 인정을 받아야 한다
p38_u14,p38,ce0.0,이렵곱체 82조에 따으면 안마사을 장애인 독싶법에 따른 시각 장의인 중을 시 도지사에게 자격 인정을 받아야 한다
p38_u14,p38,ce0.1,의롭법체의 8식 이주에 따르면 안마산을 장애인 독싶법에 따른 시각 장우인 중 1 도지사에게 자격 인정을 받아야 한다
p38_u14,p38,ce0.5,의렵법체의82조에 따르면 안마산을 장애인 독짓법에 따를 시각 장애인 중 시 드티사에게 자격 인정을 받아야 한다
p38_u14,p38,ce1.0,유렵법의의 8위루에 따르면 안마산을 장애인 독짓법에 따른 시각 장의인 중 시 도뒤사에게 적격 인정을 받아야 한다
p38_u14,p38,ce2.0,유렵법에의 802조에 따르면 안마사는 장애인 독0법에 따른 시각 장의인중 1 도티사에게 자격 인정을 받아야 한다
p38_u14,p38,ce5.0,의렵법최의 8위조에 따르면 안마사을 장애행 독집법에 따른 시각 장의인 중 시 도지사에게 자격 인정을 받아야 한다
p38_u14,p38,ce10.0,의렵법체의 80위조에 따으면 안마산을 상행 독짓법에 따른 시각 창의인중을 1 도지사에게 적격 인정을 받아야 한다
p38_u15,p38,taps,일을 입반하고 자격없이 영의 목적으로 암마을 하면 밭은 법 죄887 의해 3일년 이하에 디욕이나 3선만을 위하의 혈금에 사해준다
p38_u15,p38,ce0.0,이를 일반하고 가격없이 영의 목적으로 암마을 하면 바은법 제88 위해 3년 이하의 증역이나 한선만을 위하의 버이금에 소해준다
p38_u15,p38,ce0.1,일을 입반하고 자격없이 영의 목적으로 안마을 다면 같은 법 죄88출의 의해 3년 이하의 두욕이나 33만을 위하의 소리금에 처준다
p38_u15,p38,ce0.5,이를 입반하고 자격업시 영의 목적으로 안말을 하면 같은법 제88주의에 8년 이야의 등역으나 한 상만한 위하에 돌금에 처해준다
p38_u15,p38,ce1.0,22반하고 가격없이 영의 목적으로 안마을 다면 같은 법 제88출 위해 3년 위하에 등역이나 한 상만한 위하의 걸금에 표해준다
p38_u15,p38,ce2.0,1을 위반하고 자격없이 영의 목적으로 안마르하면 밭틀법 제88추 의해 3년 위하의 등역이나 한3만을 위하의 돌금에 처해준다
p38_u15,p38,ce5.0,이를 입반하고 자격없이 영의 목적으로 안마르하면 같은법 재818주 위해 3년 위하의 등역이나 33만을 위하의 설금에 처해준다
p38_u15,p38,ce10.0,미를 입반하고 자격없시 영의 목적으로 암마르하면 같은 법 제80결추의 의해 3년 위야의 두역으나 33만을 위하의 소울금에 소해준다
p38_u16,p38,taps,현대져동차가 고성능 에n 브랜드에 전동화 비전는 속에 하고 이을 부연한 론린및e 혼스트카 부대를 회개 채초로 분게했다
p38_u16,p38,ce0.0,현대져 종차가 고성능 n 브랜드의 전동와 비전는 속에 하고 이을 부연한 롤린및 혼스카 구대를 회게 체초로 봉게했다
p38_u16,p38,ce0.1,선대져종착가 고성는 애n 브랜드에 전도와 비어는 속개 하고 이를 그현한 롤린 및e혼s카 부대를 세계 체소로 공개했다
p38_u16,p38,ce0.5,선대자종착가 보성능 n 브랜드의 전통화 비전을 속에 하고 일를 그연한 놀린 내e폴s카 구대를 혈개 체소로 문게했다
p38_u16,p38,ce1.0,현대자종차가 고성능 에n 브랜드의 전동화 비전을 속게 하고 미를 구연한 본림 및큰s크k 구대를 혈배 체소로 문개했다
p38_u16,p38,ce2.0,현대자종사가 고성능  브랜드에 전동화 비전을 속개하고 이를 구현한 론린le폴s카 두대를 혈개 체소로 공계했다
p38_u16,p38,ce5.0,현대려동착가 고성능 에n 브랜드에 전동화 지전을 속에 하고 일을 구연한 론림 및훈스트카 두대를 세계 체초로 군계했다
p38_u16,p38,ce10.0,현대대동착가 고성능 n 브랜드의 전동화 비전는 속개하고 일를 구연한 론림 및혼새트카 두대를 혈개 체초로 봉게했다
p38_u17,p38,taps,현대차는 롤림뱀일 간순 양산 모데를 넘어 허행 기술를 지속 개받하는 등대로 살는다는 설력이다
p38_u17,p38,ce0.0,현대차는 롤림뱀을 간순 양산 모데를 넘어 선행히 지술를 기속 개발하는 등대로 탄는다는 설약이다
p38_u17,p38,ce0.1,현대차는 론림뱀을 간순 양산 모데를 넘어 섬행의 기스를 귀속개발하는 등대로 찬는다는 설약이다
p38_u17,p38,ce0.5,현대차는 놀림뱀을 단순 양산 모대를 넘어 어냄비스를 기속대받하는 금대로 삼는다는 설약이다
p38_u17,p38,ce1.0,현대차는 론림뱀을 단순 양산 모배를 넘어 허행비스를 지속 대발하는 금대로 찬는다는 존력이다
p38_u17,p38,ce2.0,현대차는 론림뱀을 간순 양산 모대를 넘어 선행기술를 지속 개받하는 능대로 찬는다는 존약이다
p38_u17,p38,ce5.0,현대차는 롤림뱀을 단순 양한 모대를 넘어 선행의 이술를 지속 개발하는 등대로 삼련다면 존력이다
p38_u17,p38,ce10.0,현대차는 롤림뱀을 잔순 양산모대를 넘어 서행시술를 주속대받하는 등대로 찬는다는 선약이다
p38_u18,p38,taps,현대차는 15일 현대에n w드와이를 유트후 채월에서 현대n는대의 영청을 공기하고 된 브랜드에 선동화 비전을 돌했다
p38_u18,p38,ce0.0,현대차는 15일 현대 렌 w드와이를 유크부 채너에서 현대 맨을 대의 영정을 공기하고 렌 브랜수에 전동화 비전을 조했다
p38_u18,p38,ce0.1,현대찬을 15일 현대 된 w드와이를 유틀고 채너랜서 1대n되의 영성을 봉기하고 된 브랜트에 존동화 비전을 절했다
p38_u18,p38,ce0.5,현대차는 15일 현대n w드와이를 유두루 태어랜서 현대n대의 영성을 공개하고 hn 브렌드에 전동화 비전을 전했다
p38_u18,p38,ce1.0,현대차는 15일 현대n w드와이더 유두부 체합에서 현대n대의 영성을 공이기하고 된 브랜부에 존동화 비전을 전냈다
p38_u18,p38,ce2.0,선대차는 15일 선대 렌 w드와이더 유죽구 채너에서 현대 hnd이 영성을 공개하고 렌 브랜드에 존동화 비전을 존냈다
p38_u18,p38,ce5.0,현대천은 15일 현대 렌 wo드와이도 유트브 체너에서 현대 렌대의 영성을 공개하고 렌 브랜드에 존동화 뒤전을 존냈다
p38_u18,p38,ce10.0,현택차는 15일 현대 된 w드와이들 유두브 채너에서 현대 된 대의 영청을 공기하고 된 브랜트에 존동화 뒤전을 존했다
p38_u19,p38,taps,에n 프랜드는 운전내 전임밀를 취과하기 위한 향대차여 고종네 싸보브랜드다
p38_u19,p38,ce0.0,에n 스랜드는 운전내 재밀를 추각기 위한 현례차여 고정네 싸보브낸드다
p38_u19,p38,ce0.1,맨n 브랜드는 운전의 전밀를 추과기 위한 현대차여 보종는 싸보브랜드다
p38_u19,p38,ce0.5,맨 브랜드는 운전의 중위를 측각기 위한 현대차여 고정을 잡부브랜드다
p38_u19,p38,ce1.0,맨 브랜드는 운전의 종립을 추각기 위한 현대차여 고종을 빠브브랜드다
p38_u19,p38,ce2.0,맨 브랜드는 운전내 죄밀를 추각기 위한 현대차여 고동을 잡부브랜드다
p38_u19,p38,ce5.0,맨 브랜드는 운전의 전위를 추각기 위한 현대차여 고종을 잡부브랜드다
p38_u19,p38,ce10.0,맨 그랜드는 운전내 점밀를 추각기 위한 현대차여 고종는 잡보그랜드다
p38_u20,p38,taps,2틀15년 논친 이후 호너린 악동 일쌍에 스포츠카 레이스트액 주행 능력을 기반으로 다항한 n모대를 개좌려왔다
p38_u20,p38,ce0.0,2715년 논친 이후 포너린 악동 일상의 스포츠카 레이스트액 주행 능력을 기반으로 다양한 n 모대를 대좌려왔다
p38_u20,p38,ce0.1,비틀 15년 논층 위후 호너린 악동 일상의 스포츠카 레이스트액 주행 능력을 비반으로 가항한 맨n 모대를 대발려왔다
p38_u20,p38,ce0.5,2015년 논층 이후 호너린 악동 일쌍의 포츠카 레이스트액 주행 능력을 비반으로 당항한 모대를 대발려왔다
p38_u20,p38,ce1.0,210년 논층 이후 코너린 악동 일쌍의 스포츠카 레이스트레 주행 능력을 디반으로 당한 애 모대를 걸발려왔다
p38_u20,p38,ce2.0,비은15년 논식 이후 후너린 악동 일상의 포츠카 레이스텔액 주행능력을 비반으로 당한 n 모대를 대발려왔다
p38_u20,p38,ce5.0,2015년 논친 이후 포너린 악동 일상의 스포츠카 레이스트액 주행능력을 기반으로 가양한 맨n 모대를 걸발려왔다
p38_u20,p38,ce10.0,2010년 논칭 위후 혼너행 악동 일상의 스포츠카 레이스트액 주행능력을 기반으로 다항한 n 모대를 대발려왔다
p38_u21,p38,taps,편대차는 이나일 전동와 절약을 통에 욕동적인 재밀를 느길 수 있도록 연구 배발한다는 청우사진을 제시했다
p38_u21,p38,ce0.0,편대찬을 이나에 전동와 절약을 통에 욕동적인 재밀를 느길 수 있도록 명구 괴발한다는 청호사진을 제시했다
p38_u21,p38,ce0.1,현대차는 이나의 전동화 절약을 통에 욕동적인 제밀를 느킬 수 있도록 연국 배발한다는 창우가진을 절시했다
p38_u21,p38,ce0.5,현대찬을 이나의 전동화 절약을 통해 역동적인 죄밀를 느릴 수 있도록 명구 개발한다는 성가진을 져시했다
p38_u21,p38,ce1.0,현대차는 이나의 전동화 전략을 통에 역동적인 셈밀 느킬 수 있도록 연구 괴발한다는 성사진을 제시했다
p38_u21,p38,ce2.0,선대차는 이나의 전동화 절약을 통에 역더우적인 제밀를 느길 수 있도록 명국 괴발한다는 창우사진을 져치했다
p38_u21,p38,ce5.0,현대차는 이나의 전동화 전약을 통에 역동적인 제밀를 느길 수 있도록 영국 괴발한다는 청우사진을 될시였다
p38_u21,p38,ce10.0,선대차는 이나일 전동화 절약을 통에 역동적인 세밀를 느킬 수 있도록 영고 괴발한다는 청우 사진을 절시였다
p38_u22,p38,taps,이어 정기차를 레이스트레에서 즐길 수 있도록 고성민 기준을 끌어올리고 싸운두 준동든 감성적 영응하에서 다양하게 영구하고 있다고 벌혔다
p38_u22,p38,ce0.0,리어 정식차를 레이스최레지에서 출질 수 있도록 고성능 지준을 끌어올리고 싸운두 진동든 감성적 영용학에서 다양하게 연구하고 있다고 밝었다
p38_u22,p38,ce0.1,리어 정기차를 레이스트레에서 즐길 수 있도록 고성능 귀준을 끌어올리고 싸운두 준동둔 감성적 영용화에서 다양하게 영구하고 있다고 밝혔다
p38_u22,p38,ce0.5,이어 정기차를 레이스트에게서 즐길 수 있도록 그성능 비준을 끌어올리고 바운드 준동든 감성적 여용하에서 다양하게 영구하고 있다고 밝혔다
p38_u22,p38,ce1.0,미어 정기차를 레이스트레에에서 드빌 스 입도록 그성의 지준을 끌어올리고 싸운드 든동든 감성적 여용확에서 가양하게 연구하고 있다고 밝혔다
p38_u22,p38,ce2.0,이어 정기차를 레이스트레에서 즐길 수 있도록 그성능 귀준을 끌어올리고 싸운드 준동든 감성작 여용화에서 다양하을 연구하고 있다고 밝혔다
p38_u22,p38,ce5.0,리어 정기타를 레이스트에게서 즐길 수 있도록 고성능히 귀준을 끌어올리고 사운드 준동든 감성적 여임하게서 다해하에 영도하고 있다고 밝코다
p38_u22,p38,ce10.0,비어 정시차를 레이스트레에서 즐길 수 있도록 구성는 귀준을 끌어올리고 사운두 진동든 감성적 여용하에서 다양하게 영구하고 있다고 밝혔다
p38_u23,p38,taps,현대차는 내년 출시 예정인 서 섬기 보성능차 aron fi브n 봉해 이을 현실할시 준다는 계획기다
p38_u23,p38,ce0.0,현대차는 내년 술시예정인 사 점기 고성능차 아iol 빠이브늘 공에 이을 현의스라시들다는 되해지다
p38_u23,p38,ce0.1,현택차는 내년 술시에정인 사 전기 보성능차 아i및 빠이브n 통의 이을 현실할 씻은다는 되획기다
p38_u23,p38,ce0.5,선택차는 내년 출시예정인 사 전기 고성능차 아i및 바이브nn 통에 2현스한시진다는 계획이다
p38_u23,p38,ce1.0,현대차는 매년 출시예병인 사 선및 고형능차 아ron 빠이브enn 공의 21현의스할시진자는 교획이다
p38_u23,p38,ce2.0,현대차는 내년 출시 에적형인 사 전깊 고성능차 아io및 바이브n 통에 미별 현실할시다는 교획기다
p38_u23,p38,ce5.0,현대차는 매년 실시 예병인 첫 전및 고성능차 iol fivn 통의 미를 현실할쉽진다는 교획기다
p38_u23,p38,ce10.0,현대차는 매면 술수 예정인 서 던국 보청능차 ion fivn 통의 미을 현여실할씻진다는 정역기다
p38_u24,p38,taps,이와함께 엔브랜드의 전동화 기술를 담은 롤림내 모데 두대도 홍개했다
p38_u24,p38,ce0.0,이와함께 엔브랜드의 전동화 기술를 담은 롤림내 모데 구대도 공개했다
p38_u24,p38,ce0.1,이함께 엔브랜드의 전동확 비스를 담은 롤림내모데 부대도 공개했다
p38_u24,p38,ce0.5,이한께 애브랜드의 전동학 비스를 담은 률림 내모데 그대도 능게했다
p38_u24,p38,ce1.0,이와함께 맨n브랜드에 전동학 비스를 다은 롤링 래e모될 구대도 공게 였다
p38_u24,p38,ce2.0,이와함께 엔브랜도에 전통학 비스를 담은 롤링내 모될 두대도 공게 했다
p38_u24,p38,ce5.0,유함께 맨브랜드해 전동확 기술를 담은 롤림래e모데 부대도 공게 했다
p38_u24,p38,ce10.0,위함께 맨브랜드에 전동확 기스를 다은 롤링내 모데 두대도 공게했다
p38_u25,p38,taps,볼린내은 고성능 기술를 양산 모대에 반영하기에 앞서 연고 괴발 및 검중하는 사랑이다
p38_u25,p38,ce0.0,돌린내은 고성능 비술를 양산 모제에 반영하기에 앞서 연고 괴발 및 검중한을 사랑이다
p38_u25,p38,ce0.1,률림내은 고성능 비술를 양산 모대에 반양하기에 앞어 연국 개발 및 검중하을 사랑이다
p38_u25,p38,ce0.5,률림내은 고성능 비스를 양산 모대에 반영하기 앞어 연고 개발 및 검중하을 사량이다
p38_u25,p38,ce1.0,률림내은 고성능 비스를 양한 모대에 반영하기에 앞서 연고 개발 및 검중하낼 사랑이다
p38_u25,p38,ce2.0,놀링레은 고성능 비스를 양산 모대에 반냥하기 앞어 연국 개발 및 검중함을 사량이다
p38_u25,p38,ce5.0,놀림내은 고성능 기술를 양산 모대에 반양하기에 앞어 연국 대발및 검중하면 사량이다
p38_u25,p38,ce10.0,돌림내은 고성능 희술를 양산 모대에 반형하기 앞어 연고 걸발및 검중하면 사량이다
p38_u26,p38,taps,롤링날 래r이는 에n 브랜들의 첫번째 이 지행키 기안 고성은며 자량이다
p38_u26,p38,ce0.0,률링및 rn이이는 n 브랜드의 첫번째 이지g 집안 고성으며고 자량이다
p38_u26,p38,ce0.1,놀림 및 r이1는 nn 브랜드의 첫번째 이gnp 집안 고성느 자량이다
p38_u26,p38,ce0.5,률링 및rnu을 n 브랜드의 첫번때 이gmp 집안 고성는 자량이다
p38_u26,p38,ce1.0,롤링lprnu1는 n브랜드의 첫번째 이 gmp 집안 고성명 사량이다
p38_u26,p38,ce2.0,롤링래 rn이는 n브랜드의 첫번째이gmp 기안 고성려 자량이다
p38_u26,p38,ce5.0,롤링및 rlu1는 맨 브랜드의 첫번째 이gmp 집안 고성우내 차량이다
p38_u26,p38,ce10.0,롤링넷 rn이11는 nn브랜뒤의 첫번쇠이gk 집안 고성능 자량이다
p38_u27,p38,taps,정기차가 진닌 환히례를 복하하는 방안을 영구하기 위해 만들어졌으며 백6 키로아트 절련 모터와 2k로아트 포래후 모터를 정착했다
p38_u27,p38,ce0.0,정기차가 지인 환인개를 그복하는 방안을 영고하기 위해 만들어졌으며 백6k로와트 절년 모터와 2k로와트 포려후 모터를 정착했다
p38_u27,p38,ce0.1,정기타가 지인 하의개를 굽복하는 방화을 영구하기 위해 만들어졌으며 백6피로와트 절년 모터와 2피로와트 포려 모를 장착혔다
p38_u27,p38,ce0.5,정기타가 진인 하능계를 굽목하는 방안을 영구하기 위해 만들어졌으며 백6키로아트 절년 모터와 2피로앞트 후년 모를 정착됩다
p38_u27,p38,ce1.0,정기차가 지민 한 히례를 굽복하는 방화을 연고하기 위해 만들어졌으며 백6피로아트 절년 모터와 2피로하트 호래 모터를 장착했다
p38_u27,p38,ce2.0,경기차가 진인 하닌계를 굽복하는 장안을 연구하기 위해 만들어졌으며 백6피로아트 절년모터와 2피로앞트 후년 모를 장삯켰다
p38_u27,p38,ce5.0,정기차가 진인 하위계를 그복하는 장함의 연구하기 위해 만들어졌으며 백67로와트 절련 모터와 27로왔트 호연 모터를 장착했다
p38_u27,p38,ce10.0,정기차가 주인 한계를 목하하는 장활의 연고하기 위해 만들어졌으며 백6십7로와트 절년 모터와 27로왔트 소년 모터를 장착했다
p38_u28,p38,taps,또 하나의 롤린날 n 비전 7십차는 코리타태 컴색치의 정신을 계송안 수소 하의프리드 고성 맹차량이다
p38_u28,p38,ce0.0,또 하나의 롤린날 n비전7탄는 포릭패컴새치의 정신을 계성안 수소 할프리들 고성맹 사량이다
p38_u28,p38,ce0.1,또 하나의 롤린래 n 비전 수십차는 포리패컴새트의 정신을 결승안 수소 하의프리드 고성맹사량이다
p38_u28,p38,ce0.5,또 하나의 롤림 및 l 비전 시십산을 코리태혼색추의 정신을 군풍안 스소 하r프리드 고성맹 사약이다
p38_u28,p38,ce1.0,또 하나의 롤림날 애n 비전 시시탄는 포히국택건색수의 정실을 괜송안 스소 하일프리브 고성맹 사량이다
p38_u28,p38,ce2.0,또 하나의 롤림날 비전 수십차는 코역택건색투의 정실을 계수안 스소 하일뿌리드 고성능 사략이다
p38_u28,p38,ce5.0,또 하나의 롤림맺 엘 비전 추시차는 포액백혼새추의 정신을 교승안 스소 하히프리드 고성맹사략이다
p38_u28,p38,ce10.0,또 하나의 롤린및tn 비전 추시차는 손리패건새추의 정신을 괜승안 수소 하일프리드 고성능 사량이다
p38_u29,p38,taps,우리나라 하옷개 우스성을 널리 알리기 위해 올래도 대함인인꼭 사옥 공궁호 전이 열린다
p38_u29,p38,ce0.0,우리나라 하옷 개 우수성을 널리 알리기 위해 오래도 대함인꼭 산욕 공호전이 열린다
p38_u29,p38,ce0.1,우리나라 하옷기에 우수성을 널리 알리기 위해 올래도 대한민국 산욕 공궁호 전이 열린다
p38_u29,p38,ce0.5,우리 나라 하옷의 우스성을 널리 알리기 위해 오래도 대함민국 하옷 공호전이 열린다
p38_u29,p38,ce1.0,우리 나라 하욕의에 우스성을 널리 알리기 위해 오래도 대함민곡 하혹 궁호너니 열린다
p38_u29,p38,ce2.0,우리 나라 하욕의 우스성을 널리 알리기 위해 오래도 대함민국 하혹 공호너니 열린다
p38_u29,p38,ce5.0,우리 나라 하옷 개 우스성을 널리 알리비위회 오래도 대함민꼭 하옷공호너니열린다
p38_u29,p38,ce10.0,우리나라 사옷개 우스성을 널리 알례기 위회 오래도 재함민꼭 산혹 공호전이 열린다
p38_u30,p38,taps,북토 교통분은 사노의 우수성의 발고라고 헤로운 발정 관행성을 무슷하기 위해 2테n시v 대악령인국 산소 공호전을 계취한다고 식뿌일 달켰다
p38_u30,p38,ce0.0,"북토 였통분은 산노의 우수 스성을 발고라고 헤로운 발정 관능스성을 무습탁기 위해 2,212 대항린인국 하혹 공호자을 그치한다고 식뿌일 밝겼다"
p38_u30,p38,ce0.1,"숙독 였통분은 산옷의 우스 성에 발고라고 패로운 발청 관능성을 무득하기 위해 2,이12 대항닌국 사혹 동어전을 겪취한다고 식보일 발혔다"
p38_u30,p38,ce0.5,북토에통부는 하노의 우스스성을 발고라고 태로운 발정 관능성을 무적하기 위해 위천이시v 대안민인국 하혹 동어다을 겪치한다고 식골일 밝겼다
p38_u30,p38,ce1.0,폭토통구는 하노의 우스성을 발고라고 패로운 발정 관능성을 무했하뒤 위해 21cv 대한 민국 환옷 공모어을 계취한다고 식오일 밝혔다
p38_u30,p38,ce2.0,북독그통군는 하노의 우스성을 발고라고 태로운 발정 가능성을 무득하기 위해 이천이시일일 대안민국 하혹 공어전을 괴혀한다고 식뿌일 발켰다
p38_u30,p38,ce5.0,"숙토였통분는 하노의 우스성을 발고라고 새로운 발정 관능성을 무했할기 위해 2,이1v 대항린국 환혹 동호자면 계취한다고 쉽보일 밝켰다"
p38_u30,p38,ce10.0,북토그통분은 산소의 음수성을 발고라고 세로원 발정 관능성을 무었하기 위해 20의12 대한민국 산소 봉호전을 곁취한다고 측보일 설켰다
p38_u31,p38,taps,오래로 시지했째받는 사혹 공우저는 잘 지어은 허욕을 찾아 궁인인에게 알리고 하욕에 되한 다양한 아이디어를 발굴러는 해이어다
p38_u31,p38,ce0.0,오래로 시지에째받는 산욕 공우저는 잘 지어진 허욕을 찾아 궁인내게 알리고 하욕을 되한 다양한 아이디어를 발굴러는 해위어다
p38_u31,p38,ce0.1,오래로 시리에째받는 하혹 등요어전는 잘 비어진 하욕을 찾아 등매에게 알리고 하욕에 되한 다양한 아이디어를 갈들라는 행위하다
p38_u31,p38,ce0.5,우래로 cv째반을 하혹근우자는 잘 지어은 하욕을 찾아 궁위에게 알리고 하욕의 대한 다양한 아이디어를 발굴러는 읽하다
p38_u31,p38,ce1.0,오래로 지비에째받으는 하혹군우자는 잘 지어은 하욕을 찾아 궁인에게 알리고 하욕에 되한 다항한 아이비어를 발굴라는 엘하다
p38_u31,p38,ce2.0,오래로 1피죄째받는 하로 군우저는 잘 지어진 환욕을 찾자 궁문에게 알류고 하혹에 대한 다양한 아이디어를 발그러는 낼하다
p38_u31,p38,ce5.0,오래로 1v체 마으면 하욕 근워자는 잘 지어진 하욕을 찾아 궁의외게 알리고 하욕에 배한 다양한 아이디어를 발구라는 행우하다
p38_u31,p38,ce10.0,오래로 1비에체 받는 산욕 동호자는 잘 지어진 환욕을 찾아 공류에게 알류보 하욕에 대한 다양한 아이디어를 발굴라을 루아다
p38_u32,p38,taps,구호전는 증공된 하녹 대학 생인및 대악원생의 대상 철게 하녹 사실 영상 등 매개 품문으로 나누없 지행한다
p38_u32,p38,ce0.0,풍호전는 징공된 하녹 대학생이및 대악원생례상 활게 하옷 사실 영상 중 레개 품문으로 나누어 지행한다
p38_u32,p38,ce0.1,구호전는 증공된 하옷 대학생 및 대악원 생내상 활계 하옷 하실 영상 등 매개 품문으로 나누어 주행한다
p38_u32,p38,ce0.5,공호전는 중공된 하혹 대학생이및 대화건생대상 설계 하혹 4진 영상등 레개 품문으로 나누어 지행한다
p38_u32,p38,ce1.0,공호전는 중공된 하혹 대학성임및 대아관생내상 활게 하혹 하진 영상 등 매에 품문으로 나누어 주혜한다
p38_u32,p38,ce2.0,궁호전는 중공된 하녹 대학성인및 대화관생되상 활개 하옷 사진 영상 중 매의 품문으로 나누어 지행간다
p38_u32,p38,ce5.0,풍호전는 중공된 하혹 대학생 및 대화원생대상 활개 하혹 하실 영상 등 내게 품문으로 나누어 지행한다
p38_u32,p38,ce10.0,풍어전는 중공된 하혹 대학 성용이 대화관생대상 설길 하혹 사신 영상 등 내의 품문으로 나누어 지행한다
p38_u33,p38,taps,중고부무는 중공후 3년이 경과한 하욕을 되상으로 해장 하욕에 건측주 설개자 시공자가 능할 수 있다
p38_u33,p38,ce0.0,중공부문는 중공후 탐련이 경관한 하욕을 대상으로 해당 하욕에 건측주 혈개자 시공자가 능무할 수 있다
p38_u33,p38,ce0.1,중공움문는 중공후 3년리 정과한 환욕을 되상으로 해당 하혹에 던측주 설개자 치공자가 능말 수 있다
p38_u33,p38,ce0.5,중고움모는 중공후 한열리 경관한 하욕을 대상으로 해당 하욕에 건축주 설개자 시공자가 응말 수 있다
p38_u33,p38,ce1.0,중공부무는 중공후 한년이 경관한 하욕을 되상으로 해당 하욕의 건측주 설개자 시공자가 응무할 수 있다
p38_u33,p38,ce2.0,중공부문는 중공후 3명히 경관한 하녹을 대상으로 해당 하녹의 건축주 설개자 시공자가 능무할 수 있다
p38_u33,p38,ce5.0,중공부무는 중공후 3양이 경관한 환욕을 대상으로 해당 한옥의 건축주 설개자 시공자가 능말 수 있다
p38_u33,p38,ce10.0,중공부무는 중공후 3년의 경관한 하녹을 대상으로 해당 하옥의 건축주 설계자 시공자가 응활 수 있다
p38_u34,p38,taps,그동안 차근 5년 인혜에 치어진 하녹을 대향오로 했으나 이d 관리등이 우수한 하노을를 현정하기 위해 준고후 사멸렬의 병가한 하녹으로 응목기준을 받었다
p38_u34,p38,ce0.0,그동안 차은 5년 인혜에 지어진 하녹을 대상오놓했으나 이지관리등이 의수한 하녹을 현정하기 위해 준고 후 사해라의 병가한 하녹으로 응목 비주를 받었다
p38_u34,p38,ce0.1,그동안 차은 5년 인혜에 주여진 하녹을 대상오놓했으나 u티갈리등이 의스한 하녹을 현정하기 일해 준고후 3멸월의 경가한 하녹으로 응목비준을 받었다
p38_u34,p38,ce0.5,그동안 차은 5년 이혜에 치어진 하욕을 되상오했수나 ut갈리정이 의서한 하욕을 현정하기 위해 중니고 후 하례라의 경관한 하녹으로 응목기준을 받었다
p38_u34,p38,ce1.0,그동한 차금5년 이매에 지여진 하욕을 제상고놓했으다 위티걸리병이 의스한 하욕을 현정하기 위해 준공후 하메라의 방가한 하녹으로 옮목기준을 받었다
p38_u34,p38,ce2.0,그동한 책5년 2혜 지여진 하녹을 대상올했으나 u지관리등의 의수한 하욕을 현정하기 위해 중공후 사미야의 병가한 하녹으로 능목비음에 받었다
p38_u34,p38,ce5.0,그동한 책은 5년 인혜 치역진 하욕을 대상우맺으나 위지관리등이 의수한 하노그일 환정하기 위해 준공후 사매야의 경가한 하노으로 응목기전을 받었다
p38_u34,p38,ce10.0,그동안 책은5년 인혜 지어진 하녹을 제향우했했으나 유디관리등이 의수한 하노구일 헌정하기 위해 준공후 3일라의 병가한 하노으로 응목비준을 받었다
p38_u35,p38,taps,대학백이이 데라건생이 설개 공호져는 티인나 교인 자격으로 응몰 수 있시며 올래 공호 주제는 마음의 품은 하녹 만들기다
p38_u35,p38,ce0.0,대학생인및 데라건생이 설계 공호져는 티인나 되인 사계으로 응활 수 있으며 올래 공호주제는 마음의 품은 하녹 만들기다
p38_u35,p38,ce0.1,대학 생인및 들라건 생 살게 공호져는 취이나 데레인 자교도로 응활 수 있으며 올래 공호 주지에는 마음의 품은 하혹만들귀다
p38_u35,p38,ce0.5,대학생이이 대학건 맹 설개 공모져는 티인나 결인 자교으로 응말 수 있으며 우래 공호주제는 마음의 품은 하녹 만들귀다
p38_u35,p38,ce1.0,대학생이이 대하건 생 설계 공호전는 취이나 권인 자여주로 옮발 수 있으며 울래 공호주제는 마음의 품은 하혹 만들귀다
p38_u35,p38,ce2.0,대학생및 대아건생 설개 공호져는 피인나 권인 자격으로 응활 수 있으며 오래 공호주제는 마음을 품을 한혹 만들이다
p38_u35,p38,ce5.0,대학생히 대화건생 설기 공호전는 티인나 겨인 자여도로 응말 수 있으며 올래 공호주제는 마음의 품은 하혹 만들귀다
p38_u35,p38,ce10.0,대학생및 대아건생 설기 공모전는 취인나 교인자교주로 응활 수있시며 올래 공호주제는 마음의 품을 하혹만들귀다
p38_u36,p38,taps,입번 주죄심은 우리의 하옥개 누두의 마음 어떤 마음을 자아야 할지 설각할 보는 것이다
p38_u36,p38,ce0.0,입번 수죄 획심은 우리의 하옥에에 누두의 마음 어떤 마음을 자아야 할지 화각할 보은 것이다
p38_u36,p38,ce0.1,입번 수죄 획심은 우리 하혹개 누두의 마음 어떤 마음을 담아야 할지 사락할 모은 것이다
p38_u36,p38,ce0.5,입번 주죄획심은 우리의 환욕에에 누구의 마음 어떤 마음을 자아야 할지 환확할보는 것이다
p38_u36,p38,ce1.0,입번스제획심은 우리의 한욕개 누구의 마음 어떤 마음을 자아야 할지 설박할 모은 것있다
p38_u36,p38,ce2.0,2번주죄획심은 우리 하옥에 누두의 마음 없떤 마음을 자아야 할뒤 알락크보는 것이다
p38_u36,p38,ce5.0,입번수죄 획심은 우리의 환욕에에 누후의 마음 어떤 마음을 담아야 할주에 새각히 보든 것다
p38_u36,p38,ce10.0,입번주제획심은 우리의 하혹에 누구의 마음 어떤 마음을 자아야 할취에 쇠갑해보은 것이다
p38_u37,p38,taps,사생과 영상부문은 특적환 공우 주제없고 하녹의 아름다운과 가치를 독창적인 시각으로 단화낸 작분을 뽑을 예정이다
p38_u37,p38,ce0.0,차신과 영상부문은 특적한 공요 주제없고 하옥의 아름다운과 가치를 독창적인 시각으로 다화는 작분을 뽑을 예정이다
p38_u37,p38,ce0.1,사신과 영상부문은 특적한 공우 주제없도 탐옥의 아름다운과 과치를 독창적인 시각으로 단원낸작 분을 뽑을 예성이다
p38_u37,p38,ce0.5,사징과 영상부문은 특정환 공호주제없고 한옥의 아름다운과 가치를 독창적인 시각으로 단화른 작분을 뽑을 예정이다
p38_u37,p38,ce1.0,사생과 영상부문은 특정한 공우드제없고 하옥의 아름다음과 같치를 독창적인 시각으로 단활낸작품을 뽑을 예정이다
p38_u37,p38,ce2.0,사신과 영상부문은 특점한 공호 주제없고 하옥의 아름다음과 과이를 독창적인 시각으로 단환는 작품을 뽑을 예정이다
p38_u37,p38,ce5.0,사생과 영성부으은 특정한 공호주제없고 하욕의 아름다음과 갇시를 독청적인 시각으로 단환낸 작짐을 뽑을 열정이다
p38_u37,p38,ce10.0,차생과 영상부으는 특성한 공우 주제없고 산옥의 아름다음과 바실를 독창적인 시각으로 단활낸 작품을 뽑을 예정이다
p38_u38,p38,taps,작공접수는 팔월 1일부터 이일까지 미틀간 증행하며 1 입타신사를 거쳐 구월초 최종 당선자을 배취한다
p38_u38,p38,ce0.0,작공접수는 팔월 1부터 이일까지 위틀간 증행하며 1입신사를 거쳐 구월초 채종 당선자을 발취한다
p38_u38,p38,ce0.1,작공접수는 팔월 1부터 이일까지 이틀간 주행하며 1 믿탈 신사를 것처 구월초 최종 당선자을 발취한다
p38_u38,p38,ce0.5,작품접수는 팔월 1일부터 이일까지 유트리간 주행하며 1 입타 신사를 것터 구월초 세종 당선작을 발혀한다
p38_u38,p38,ce1.0,작금접수는 8월 1일부터 위일까지 위트리관 지행하며 1 입타신사를 것쳐 구월초 태종 강선작을 발표한다
p38_u38,p38,ce2.0,작품접술는 팔월 1일부터 이일까지 2틀간 주행하며 1입타 신사를 것쳐 구월초 채종 당관누작을 발혀한다
p38_u38,p38,ce5.0,작금접수는 팔월 1일부터 위일까지 이트리간 시행하며 1 2할 시사를 것쳐 구월초 채종 당건작에 볼취한다
p38_u38,p38,ce10.0,작훔접수는 팔월 1일부터 위일까지 이틀간 증행하며 1 미차심사를 것처 월초 채종 당선작에 발취한다
p38_u39,p38,taps,9무첫7및 창우가 방법등 자세할 사항은 대안맹국 하로 공우어 전 홍패이질 통해 화연할 쓰다
p38_u39,p38,ce0.0,금무어 첫7일 창우가 방음법등 자세할 사항은 재한 민국 선로 거므어 전 혼패리질 통해 하게날 수 있다
p38_u39,p38,ce0.1,그로어 첫침및 상라 방법등 자세한 사황은 대안 맹국 카로 등우어전 홍태리진통에 화인할 수 있다
p38_u39,p38,ce0.5,근어77및 창가 방법등 자세한 사항은 대안맹국 사로 공어전 혼패리질 통에 확견날 수수 있다
p38_u39,p38,ce1.0,궁호 체침및 상가방법든 자세한 사항은 대안민국 사로구호전 훈태이질 통해 사인할 수 있다
p38_u39,p38,ce2.0,금호츠침및 창가 방법등 자시한 사항은 대함민국 선록 금호전 훈터리질 통해 파해할 수 있다
p38_u39,p38,ce5.0,공호체침및 찬가 방법등 자시할당항은 대함행국 카록 공호전 혼패이실 통해 하연할 뿌립다
p38_u39,p38,ce10.0,금노치침및 찬가 당법등 자세한 상황은 대한민국 선목 공호전 홍태리실를 통해 사견할 수 있다
p38_u40,p38,taps,이 태원 혈로인 앞사 사고로 백사신 6명이 사망하고 190령이 부상당한 것으로 탐0일 5전 내c 현대 지게했다
p38_u40,p38,ce0.0,이 태원 혈로인 앞자 사고로 백자실 6명이 사망하고 19신령이 부상당한 것으로 80일5전내c 현제 집회했다
p38_u40,p38,ce0.1,입회운 혈로인 앞사 사고로 백사신 6명이 사망하고 19신 명이 부상당한 것으로 탐0일 5전 내c 선제 뒤회했다
p38_u40,p38,ce0.5,위태원 혈로인 앞다 사고로 백자실 6명의 타방하고 19명이 두상당한 것으로 80일 5전 내c 설제 짓게했다
p38_u40,p38,ce1.0,입체원 혈로인 앞다 사고로 백사신 6명이 타방하고 150명이 부상당한 것으로 30일 5전 내시 현대에 집게했다
p38_u40,p38,ce2.0,이 태원 혈로인 앞자 사고로 백사실 6명의 사망하고 190명이 부장당한 것으로 31일5전 매시 살제해 지게했다
p38_u40,p38,ce5.0,미티원 혈로인 아자 사고로 백46력이 사망하고 150명이 부장당한 것으로 탐0일5전 매시 혈제해 집게했다
p38_u40,p38,ce10.0,이태원 혈로인 아다 사고로 백사신 6명이 사망하고 괴50명이 부장당한 것으로 305전 내c 혈제해 주치게했다
p38_u41,p38,taps,토방성은 315전 4시 5분께 현장 부립핑을 통해 위갖은 시에자시를 공식 밝표했다
p38_u41,p38,ce0.0,소방성은 315전 내시 5분께 현장 브립핑을 통해 이 가은 시해사실를 공식 발표했다
p38_u41,p38,ce0.1,소방성은 315전 내시 5분께 현장 브리힌을 통해 위갖은 키하시를 공식 밝소했다
p38_u41,p38,ce0.5,소방성은 탐집일 오전 내시 5분 배 현장 브립핑을 통해 위갖은 키자시를 공식 발표했다
p38_u41,p38,ce1.0,토방성은 31일 5전 매시 5분께 현장 브리핑을 동해 이 같은 피사실를 공식 발포했다
p38_u41,p38,ce2.0,소방청은 3집1 5전 내시 5분입개 현장 브립핑을 동해 미가틀키사실를 공식 달추했다
p38_u41,p38,ce5.0,수방성은 311 5전 매시 5분께 현장 브리편을 통해 위갖 틈키사십을 공식 달소했다
p38_u41,p38,ce10.0,수방성은 3시들 5전 내시 5분께 현장 브리튼의 통에 위 같은 키사실를 공식 발초했다
p38_u42,p38,taps,사망자 백자실 6명이 규 택 1영은 정언으로 이송됩고 현장에서 안치대 사망자을 45명이다
p38_u42,p38,ce0.0,사망자 1자실 6명 중원로 택1영은 정언을 이송됩고 현장에서  안치들 사망자는 45명이다
p38_u42,p38,ce0.1,사망자 백사신 6명 6 택1명은 경원을 이송했도 현장에서  안추된 사망자는 3실5명니다
p38_u42,p38,ce0.5,사망자 백자시 6명이 유 택1명은 경원으로 이성했고 현장에사 안피들 사망자를 45명이다
p38_u42,p38,ce1.0,탐망자 백사신 6명미 택에 명은 정원으 이통백고 현장에서 안치된 사망자를 45명이다
p38_u42,p38,ce2.0,사망자 자실 6명중 백1명은 경원으 이성했고 현장에서 안티텔 사망자는 45명이다
p38_u42,p38,ce5.0,사망자 백사신 6명 중 택1명은 경원으 이송됩고 현장에서 안티된 사망자을 살5형이다
p38_u42,p38,ce10.0,사망자 백4심 6명의 6용 백 1에 명은 경원으로 이성했고 현장에서 안치된 사망자는 45명이다
p38_u43,p38,taps,이을 사망자들을 인시로 임의을 먼혀로 다옥적 슬례책했가에 안칠했다가 병원 영안실로 이송되는 징이다
p38_u43,p38,ce0.0,이를 사형자들은 인시로 인글 먼혀로 감옥적 7례체간에 안칠했다가 병원 영안 실로 이성되을 중이다
p38_u43,p38,ce0.1,이들 사망자들은 임시로 임은 머혀로 다옥적 출례책간에 앉측했다가 병원 영안 실로 이종되을 중니다
p38_u43,p38,ce0.5,이를 사형자들을 인치로 인글 머혀로 담옥적 7례쳐간에 안치겠다가 평원 영안 실로 이성된을 중이다
p38_u43,p38,ce1.0,이을 사형자들은 이미치로 임은 머혀으로 다옥적 출례 최간에 안집했다가 평원 영안 신로 이붕된을 주이다
p38_u43,p38,ce2.0,이들 사형자들은 인시로 임은 머혀로 자목적 슬례채간에 안치했다가 경원 영한 실로 이성된을 중이다
p38_u43,p38,ce5.0,위을 사형자들을 임시로 임은 머혀로 감옥적 실례최간에 안추했다가 경원 영한 실로 이성된을 중이다
p38_u43,p38,ce10.0,이들 사랑자들은 인시로 임은 머혀로 다옥적 실레체간에 안치했다가 평원 영한신로 이종되는 중이다
p38_u44,p38,taps,기예를 입은 사성자들은 소을 각치 병원 및 미시 응급 이루 소에서 치결를 받고 있는 상황으로 임명 키해는 더욱 늘러할 것으로 보인다
p38_u44,p38,ce0.0,기에를 입은 사상사들은 속을 각지 병원 및 미미시 응급 위려소에서 치결를 받고 있는 사황으로 임명 케에는 더욱 늘러할 것으로 보인다
p38_u44,p38,ce0.1,피에를 입은 사장자들은 속을 각지 병원 및 임시 응극 일려조에서 치별를 받고 있는 성황으로 임명 티에는 더욱 늘러할 것으로 보인다
p38_u44,p38,ce0.5,피에를 입은 사형자들은 서울 각이 병원 및 민시 응극 일을 소해서 스별를 받고 있는 상황으로 임명 키해는 더욱 늘어할 것으로 보다
p38_u44,p38,ce1.0,피에를 입은 사상자들은 서월 각시 병원 및 민시 응급 위려소에서 스별를 받고 있는 성황으로 임명 피에는 더욱 늘어날 것으로 보인다
p38_u44,p38,ce2.0,피에를 입은 사상자들은 서울 각이 정혼 및 이미c 음급 이료조에서 시별를 받고 있는 상황으로 임명 피에는 더욱 늘어할 것으로 보인다
p38_u44,p38,ce5.0,피에를 입은 사상자들은 토을 각치 전원 및 민시 응급 의루소에서 치절를 받고 있는 상황으로 임명 피을 더욱 늘어할 것으로 보인다
p38_u44,p38,ce10.0,피에를 입은 사상자들은 서을 각치 병원 및 인시 응급 일려소에서 시별을 받고 있는 상함으로 인명 피에는 더욱 늘러할 것으로 보인다
p38_u45,p38,taps,소방 당국은 이 태원에서 호골란 현자가 발생했다는 신고를 접수안뒤 이날오후 1c212문쯤 현장에 도착했다고 밝혔다
p38_u45,p38,ce0.0,소방 상국은 이 태언에서 호골란 현자가 발생했다는 신고를 접수한디 이날오후 1c2c2은쯤 현장에 도착했다고 밝혔다
p38_u45,p38,ce0.1,소방당국은 이 태언에서 호골란 현자가 발생했다는 생고를 접수한뒤 이날 오후 여익시22문준 현장에 도착했다고 밝혔다
p38_u45,p38,ce0.5,소방당국은 위태원에서 호골란 현장가 발생했다는 신고를 접수한뒤 이날 5후 1지2c2은뿐 현장에 도착했다고 맺쳤다
p38_u45,p38,ce1.0,서방당국은 미태원에서 호골란 현자가 발생했다는 식고를 접수한 미이날5후 6시2c2은 쯤 선장에 도착했다고 배쳤다
p38_u45,p38,ce2.0,서방당국은 이태 언회서 호골란 현자가 발생했다는 신고를 접수한뒤 이날 오후 1c22은쯤 선장에 도착했다고 멸혔다
p38_u45,p38,ce5.0,소방 당국은 리트 원에서 호꿀란 현자가 발생했다는 식고를 접수한뒤 이나 오후 1시202은쯤 현을장에 도착했다고 밝혔다
p38_u45,p38,ce10.0,소방당국은 리태 언에서 소골란 현장가 발생했다을 식고를 접수한 뒤 유할5후 1시 22은쯤 현장에 조착했다고 밝쳤다
p38_u46,p38,taps,태성범 서월의 용선 소방소장은 1 이 3차 소색을 하이 결과 처기 사항은 없었다 라고 발쳤다
p38_u46,p38,ce0.0,체성범 서울 용산 호방소장은 12 3사 소색을 항히 결과 측기 사랑은 없었다 라고 발쳤다
p38_u46,p38,ce0.1,"태성범 서월 용선 소방소장은 1이 삼차 수색을 하히 결과 특기 사항은 없었다""라고 밝혔다"
p38_u46,p38,ce0.5,"체성범 서울 용산 소방서장은 1이 삼차 수색을 한히 결과 특이 사항은 없었다""라고 밝혔다"
p38_u46,p38,ce1.0,"세성범 서울 용산 소방소장은 1이 삼차 세획을 하히 결과 특이 사항을 없었다""라고 밝혔다"
p38_u46,p38,ce2.0,세송범 서월 용산 소방서장은 1이 삼차 수색을 하히 절과 측기 사항을 없었다 라고 밝혔다
p38_u46,p38,ce5.0,"체성범 서우의 용산 소방서 장은 뿔이 탐차 수색을 한히 될과 특기 타항을 없었다""라고 밝켰다"
p38_u46,p38,ce10.0,"체성범 서우 용산 소방서장은 1이 3차 수색을 한이결과 측이 사항은 없었다""라고 밝혔다"
p38_u47,p38,taps,부성자와 사망자 대자수가 클럽 지전에서 발생하면서 소방당국은 취가적으로 클법 지존에서 3사걸쳐 호색을 지행했다
p38_u47,p38,ce0.0,무상자와 사망자 대자수가 클럽 지전에서 발생하면서 서방당국은 추가적으로 클법 지전에서 3차에걸쳐 소세을 증령했다
p38_u47,p38,ce0.1,부상자와 3형자 대자수가 클락 주전에서 발생하연서 소방당국은 취가적으로 클럽 주전에서 3사걸쳐 서색을 주행했다
p38_u47,p38,ce0.5,그성자와 사명자 대아수가 클럽 집변에서 발시생하면서 서방당국은 추가적으로 클럽 집번에서 38걸쳐 투색을 증행했다
p38_u47,p38,ce1.0,무상자와 사명자 대아수가 클럽 지변에서 발생하는서 서방당국은 시가적으로 클럽 지변에서 탐살걸쳐 초택을 지행했다
p38_u47,p38,ce2.0,무성자와 3명자 대달수가 클롭 지존에서 발신생하는서 서방당국은 추가적으로 클럽 지존에서 탐살걸쳐 소세을 지행했다
p38_u47,p38,ce5.0,무성자와 사명자 대다수가 클럽 주존에서 밝승하면서 서방당국은 추가적으로 클럽 주존에서 탐사걸쳐 수색을 지행했다
p38_u47,p38,ce10.0,무성자와 사형자 대달수가 클럽 주존에서 발승하면서 서방당국은 추가적으로 클럽 주존에서 3사에걸쳐 소세을 지행했다
p38_u48,p38,taps,최1천 용섬이 경찰 써 형사가정은 마약 여부에 대에 확인된바 없다하고 말했다
p38_u48,p38,ce0.0,최의 1천 용성이 경찰써 형사화정은 마약 여부에 대에 확인된바 없다하고 말했다
p38_u48,p38,ce0.1,최 1천 용성이 경찰써 형사가장은 마약 여부에 대에 사인된바 없다고 말했다
p38_u48,p38,ce0.5,세 일던 용산의 격철써 형사가장은 마약 여부에 대에 확인된바 엎다하고 말했다
p38_u48,p38,ce1.0,체 일천 용상이 경찰써 형사가정은 마약 여부에 대에 화인된바 엎다하고 말했다
p38_u48,p38,ce2.0,체 울한 용산을 경찰더 형사가정은 마약 여부에 대에 확인는 된바 엎다하고 말했다
p38_u48,p38,ce5.0,최 1천 용상이 경찰써 형사가장은 마약 여부에 대에 확인 뱅바 없다고 말했다
p38_u48,p38,ce10.0,최 일천 용상의 경찰써 형사가정은 마약 여보에 대에 사인된바 엎다고 말했다
p38_u49,p38,taps,소방당국은 29일 5후 1시15은 채초로 사고 상황을 인지하고 5후 138분 등 1땅계를 발령한 데이여 오후 연할시 50군 대 3단회개로 걱성했다
p38_u49,p38,ce0.0,소방장국은 29일 5후 1시 1복은 새초로 사고 사황을 인지하고 오후 138분 대 1단계를 발령한 데이여 오후 야할시 오0군 대 3단계로 격성했다
p38_u49,p38,ce0.1,소방당국은 2식불일 5후 열시 15은 최초로 사고 상황을 인지하고 오후 열38분 되 1단계를 발령원 데이어 오후 야할 수 오0군 대 3단개로 겪상었다
p38_u49,p38,ce0.5,서방당국은 209오후 열시 15은 최초로 타고 성황을 인지하고 오후 138분 등 1단계를 발령한 데이여 오후 야할수 오0군 등 3단계로 겪상했다
p38_u49,p38,ce1.0,소방당국은 29일오후 열시 15은 세초로 타고 성황을 인지하고 오후 열88분 대응 1단계를 발령한 데이여 오후 야할수 오식분 대 참단개로 격상했다
p38_u49,p38,ce2.0,소방당국은 2식후오후 1시 15은 최초로 사고 상황을 인지하고 오후 138분 되 1단계를 발령한 데이어 오호 연할수 오0군 대 사원단게로 격성했다
p38_u49,p38,ce5.0,소방당국은 209일 오후 열시 15은 최초로 타고 성황을 인지하고 오후 열시 38분 되용 1땅히계를 발령한 데이여 오후 열할시 50분 되용 3단획개로 격성했다
p38_u49,p38,ce10.0,소방당국둔 2식9일 오후 1수 15은 최초로 사고 성황을 인지않고 오후 1수38분 되 1단계를 발령한 데이여 오후 열할수 오0분 대 3다계로 격성했다
p38_u50,p38,taps,그로볼 르마 스틀리및 레본 스포티파이에서 지날 1년간 항곡 이용인자가 가장의 사랑한 아티있시출는 그록 방탕에 서는다이었다
p38_u50,p38,ce0.0,그로볼 의먼 스트리의 그레본 스포티파이에서 지난 1년간 향국 이용자가 가장의 사랑한 아트스투는 그룩 장탕손년다이었다
p38_u50,p38,ce0.1,글로볼 의먼 스트r의 플레범 스포트 파라이에서 지난 1년간 상국 이용자가 가장 사랑한 아투 있으는 두록 장탄소년다이었다
p38_u50,p38,ce0.5,그로버 u먼n 스트ram 플레범 스포티 파이에서 지난 1년간 항국 이용이자가 가장 사랑한 아티스으을 들룩 방탕손년다이었다
p38_u50,p38,ce1.0,g로볼 위먼 스트r이 f레통 스포티파이에서 지난 1년간 항국 이용자가 가장 사랑한 아트있으는 그룩 방탄설년다였다
p38_u50,p38,ce2.0,g로버 u먼 스트r미 f레p 스포티파이에서 지난 1영간 항국 이용자가 가장 사랑한 아티스으는 그룩 장탄손년다니없다
p38_u50,p38,ce5.0,glo버 u먼 스트rami c레po 스포티파이일서 지날 일영간 항국 이용자가 가장 사랑한 아티스는 그룩 장탄설원다이없다
p38_u50,p38,ce10.0,glob u먼unstra의 c레p 스포트 파위에서 지난 1년간 상국 이용자가 가장 사랑한 아티츠는 그룩 정탐손년다였다
p38_u51,p38,taps,시포티파이는 국의 론칭 일치련을 맞아 지난에 이월 1일부터 미달 1을까지 최잘 트리긴 아티시두신일를 시치를 밝취했다
p38_u51,p38,ce0.0,스포티파이는 풍의 론친 1치련을 맞아 지난에 위월 1일부터 위달 1일까질 최자 스트리빙 아티스주신일를 십0일 잘취했다
p38_u51,p38,ce0.1,보티파인은 풍네론중 1출련을 맞아 지난에 위월 1일 부터 미달 1을까지 쇠자 스트리링 아티스드스위를 십치일 갈씀했다
p38_u51,p38,ce0.5,스포티파인은 국매 론칭 1취련를 맞아 이난내 이월 1일 못터 미달 1일까지 새다 스트리민 아티스드스일를 십7일 밝추했다
p38_u51,p38,ce1.0,보티파인는 궁네 론칭 1치년을 맞아 이난내 이월 1일부터 2달 1일가뒤의 해다 스트리민 아디스드튼이를 십집일 밝표했다
p38_u51,p38,ce2.0,스포티파이은 궁래 론식 1출려을 맞아 지난의 위월 1일부터 위달 1을까지 채사 스트리민 아뒤스드준이를 시치일 밝추했다
p38_u51,p38,ce5.0,스포티파이는 풍네 로친 1출해을 마아 지난에 위월 1을 부터 미달 1을까이 쇠달 스트리임 아티스트 순일를 십7일 밝칩했다
p38_u51,p38,ce10.0,스포티파이는 풍네론층 1출해를 맞아 지남의 유월 1일부터 비달 1을까뒤 채다 스트리링 아티시투 순일를 시치일 밝치였다
p38_u52,p38,taps,이리인 gts여 이인는 아이u 사이는 조스틈 기어 사위 아리아나그람데 오의 위행드중이었다
p38_u52,p38,ce0.0,이림 기티에s 요 유위는 이u 3이는 조스팀 비어 사위 아리아나그란데 오의 위큰 들중이었다
p38_u52,p38,ce0.1,이리인 vts요 유인는 이u 사민의 저스팀비거 차위 아리아나그란데 오의 미큰 되승겼다
p38_u52,p38,ce0.5,이리인 기트s요 유인을 아이u 사민을 저팀 비어 사위 아리아나그란데 5의 미편 들중이었다
p38_u52,p38,ce1.0,이리인 vts 우여 위미는 아이u 사위의 소스티 비어 사위 아리아나그런데 오의 위큰들중이었다
p38_u52,p38,ce2.0,이리인 vts 위여 유인을 아이u 사위을 저스팀 비어 사위 아리아나그런데 오의 위행 될중이었다
p38_u52,p38,ce5.0,1리인 vts여 유인을 이u 사위를 조스틀비어 사위 아리아나그런데 5의 미행들분이었다
p38_u52,p38,ce10.0,이리인 v트s의 명 유인는 이u 사민의 전스텐비어 사위 아리아나그란데 5의 위행드중이었다
p38_u53,p38,taps,일령간 항급 위용자가 가장만이 돌르는 곡은 dts에 법터렸다
p38_u53,p38,ce0.0,일령간 항급 이용자가 가장의 만이 돌려는 곡은 pts에 법터렸다
p38_u53,p38,ce0.1,일령간 항극 위용자가 가장만이 들른 곡은 pps에 더터렸다
p38_u53,p38,ce0.5,일령관 항극 위용자가 가장만이 들른 곡은 pts에 법터였다
p38_u53,p38,ce1.0,일령관 항극 이용자가 가장만이 들르 곡은 vts에 법터였다
p38_u53,p38,ce2.0,일령관 항극 이용자가 가장마이 들르곡은 hts에 버터였다
p38_u53,p38,ce5.0,일령관 한급 의용자가 가장마이 드려곡은 cts에 더어였다
p38_u53,p38,ce10.0,일령간 항국 우용자가 가장마이 둘르는곡은 뒤티에 주에 버어였다
p38_u54,p38,taps,회달 스스림이 음먼 토편 안에 리티 스곡은 가석개나 이름을 울렸다
p38_u54,p38,ce0.0,헤할 스트리민 음먼 토텐 안내 2치의 스국은 가석되나 이름을 울렸다
p38_u54,p38,ce0.1,쇠달 스리민 음먼 토텐 안내 미치의 스곡은 다석대나 이름을 울렸다
p38_u54,p38,ce0.5,최할 스트리민 의먼 토텐 안내 미취 스공을 발석개나 이름을 울렸다
p38_u54,p38,ce1.0,쇠할 스트림이 음먼 폭텐 안에 미지의 스국은 다석개나 이름을 울렸다
p38_u54,p38,ce2.0,회달 스트리민 음먼 토텐 안에 위티의 수국을 다석개나 이름을 울렸다
p38_u54,p38,ce5.0,최달 스트림이 음먼 토텐 안회 지취 쓰국은 다석개나 이음을 울렸다
p38_u54,p38,ce10.0,최달스트리민 음먼 토텐 안내 위티의 스국을 다석개나 이병은 울렸다
p38_u55,p38,taps,버터분만 아니라 폭의전 트 된수가 위일를 다이나아이태가 오위를 차지했다
p38_u55,p38,ce0.0,버터뿐만 아니라 퍼이전 트 댈스가 이위를 다이나아이트가 오위를 찾지였다
p38_u55,p38,ce0.1,더터품만 아니라 터미션 트 댈스가 이위를 다이나아이트가 오의를 차시했다
p38_u55,p38,ce0.5,포털뿐만 아니라 터의션트 냄스가 위일를 다이나아이트가 오의를 차지했다
p38_u55,p38,ce1.0,더터뿐만 아니라 커위션 투 된스가 위위를 다이나와이트가 오위를 찾지했다
p38_u55,p38,ce2.0,더덮뿐만 아니라 터의션 투 된수가 위위를 다인나와이트가 오위를 찾지했다
p38_u55,p38,ce5.0,더법 순만 아니라 폭의션 트 뱅스가 유위를 다인나와이트가 오위를 찾지했다
p38_u55,p38,ce10.0,포터품만 아니라 폭의션 트 냄수가 위일를 다이나아이처가 오히를 차지했다
p38_u56,p38,taps,책계작금 높된들 코드플레여 회법한 마의 이미벗스을 후위 라이소고 주원을 시지의 일르를 올렸다
p38_u56,p38,ce0.0,책계적은 녹된뒤 코득플레할 협법한 마의 유니벗스는 후위 라이소고 주원을 시지의 이르걸 올렀다
p38_u56,p38,ce0.1,새개적인 높변들 코득 플레여 헤법한 마의 일미벗스는 후위 라이f고 주원을 시지의 이획풀 올렸다
p38_u56,p38,ce0.5,세계적인 높변들 코득플레워 헤법한 마의 일미벗으을 구이 라이프고 주원을 시비에 이름을 올렸다
p38_u56,p38,ce1.0,세계적인 높변들 코울드플레이어 헤법한 마의 유이보스을 구위 라이프고 주원는 c비에 이월을 울렀다
p38_u56,p38,ce2.0,체계적인 록번늘 코드플레이와 헤법한 마의 유이벗스을 우라이f고 주온을 시v에 이름을 올렸다
p38_u56,p38,ce5.0,태게적인 높변불 코드플레와 헤법한 마이 유이었으는 구 라이프고 주원을 cva 이름며 울렸다
p38_u56,p38,ce10.0,책개작인 높변들 코드플레이와 헤법한 마이 유이벗스을 9익 라이소고 주원을 시지에 이름며 올었다
p38_u57,p38,taps,가은귀간 최잘 스리행한 엘법은 저스침 비보에 여 번의 정이길일어 저스치지었다
p38_u57,p38,ce0.0,가은귀간 최잘 스트의행한 엘법은 저스침 비보에 여 번째 정이교법 저스치지었다
p38_u57,p38,ce0.1,가통귀간 최달 스리획한 엘범은 저스팀 비보의 여 번째 정귀일어 저스리주었다
p38_u57,p38,ce0.5,가통귀갈 7달 스트명한 일법은 저스팀 기보에 여 번째 정교 열법 저스티 수었다
p38_u57,p38,ce1.0,가통비간 새달 스트레위한 엘법은 너스팀 비보에 여섯번의 정이되일범 너스티주었다
p38_u57,p38,ce2.0,가통귀간 새달스트세민한 엘법은 저스티비보에 여섯 번째 정이교일어 저티수었다
p38_u57,p38,ce5.0,가통비간 새달 스트레행 한 일범은 저스팀 비보에 여번의 정교일범 소스티쓰었다
p38_u57,p38,ce10.0,자통기간 최라 스트리민한 엘법은 저팀 비보에 여 번째 정교일법 저스티 수었다
p38_u58,p38,taps,이인을 기티수의 매 어부던 서우를 뱀을 탐민은 비티스의 뒤었다
p38_u58,p38,ce0.0,이인는 비티스의 매 업부어 서올 때불 3민은 비ts의 주이었다
p38_u58,p38,ce0.1,위인을 비키스의 매 업부어 서올를 재은 참민은 비티c의 뒤었다
p38_u58,p38,ce0.5,위인는 비피스의 매어부던서울를 때은 사민은 비티스의 비이었다
p38_u58,p38,ce1.0,위인는 뒤피스의 매어부더석을를 세은차민는 뒤피스의 주었다
p38_u58,p38,ce2.0,이인을 비티수의 매 어부돌사올 재은 사민을 비티s의 위었다
p38_u58,p38,ce5.0,이인는 기키 수의 매어부돌터올 세은 사미는 귀피 수의 필위었다
p38_u58,p38,ce10.0,위는 뒤투엘 수의 매고부던 서울 세은1미은 비취 수의 푸이었다
p38_u59,p38,taps,1비역시 dts의 u내버 워표올론이 차지했다
p38_u59,p38,ce0.0,12역1vtsch의 u내버 워교 올론이 차지했다
p38_u59,p38,ce0.1,1비역시vtc의 u내버 워표올론이 차지했다
p38_u59,p38,ce0.5,1비역시bts의 u내버워교올론이 살지했다
p38_u59,p38,ce1.0,1역주bts의 u내버크 올론이 차지했다
p38_u59,p38,ce2.0,1비역시bps의 u내버 워후 올론이 차주했다
p38_u59,p38,ce5.0,12역시bts의 u내버워후 올론이 차지했다
p38_u59,p38,ce10.0,12역1비ts의 uu내버워혀 올론니 차주했다
p38_u60,p38,taps,등복 경주시는 2천이이 화랑 대기 정급 택건도 되회가 통화우에 막을 내었다고 밝켰다
p38_u60,p38,ce0.0,등복 정주시는 202이 화랑 될기 정국 택건도 되회가 선화우에 막을 내롯다고 밝혔다
p38_u60,p38,ce0.1,정복 경주시는 2천2이 화랑 대비 정국 택건도 되회가 소화우에 막을 내었다고 만셨다
p38_u60,p38,ce0.5,정복 정주시는 미천2이 화랑 대비 정국 택건도 되회가 성화우위에 막을 내었다고 밝켰다
p38_u60,p38,ce1.0,경복 정주시는 미천2이 화람 되귀 정국 택걸로 되회가 선화에 막을 내었다고 밝겼다
p38_u60,p38,ce2.0,정복 정주시은 미천이1이 화랑 되귀 정룩 택건로 되회가 성화울위에 마을 내었다고 밝겼다
p38_u60,p38,ce5.0,정복 경주심은 미천이1이 화랑 대기 정국 택건도 되회가 선황위에 막을 내었다고 밝켰다
p38_u60,p38,ce10.0,정복 경주시는 2천이1 화랑 되의 정국 택건로 되회가 성황위에 마을 내었다고 밝켰다
p38_u61,p38,taps,경주시 택건더없태가 주초에 지난 11과 11일 입틀관 경줄 실레체관르 소열린 이번 대외에는 정곡에서 입은 산태향명의 산수단이 전가였다
p38_u61,p38,ce0.0,정주시 택건더 옆태가 지체에 지난 11과 11일 입틀간 정줄 실레책관에서 연린 이번 대류에는 정곡에서 입천 산태혈명에 선수단이 청가했다
p38_u61,p38,ce0.1,정주시 택건더옆태가 주체에 지난 11과 11일 미틀간 정주실내쳐역가는 수연린 이번 대회에는 정곡에서 2031명명의 선수단이 참가다
p38_u61,p38,ce0.5,정주시 택건도 협태가 주체 진난 11과 11일 미트관 정주 신내치역가는 수연린 이번 대외에는 정국에서 203대명에 선수단니 터과였다
p38_u61,p38,ce1.0,정들시 택건더롭태가 주체에 진난 11과 11일 및틀관 정줄 신내치역가른서연린 이번대회에는 정국에서 20 3태화명에 선으스다이 청가였다
p38_u61,p38,ce2.0,정주시 택건도 협태가 주체 지난 11과 11 미틀과 정주 신내추역가는 수연린 입번 대회에는 정곡에서 2031명명에 설르수다니 청가였다
p38_u61,p38,ce5.0,경술시 택건더협태가 주초에 진난 11과 11일 미틀간 경줄 실레치놓가을 소열린 입번 대우에는 정곡에서 2은 3대몇명에 선수단니 청가였다
p38_u61,p38,ce10.0,경들시 택건별 없태가 주체에 지난 11과 11 미틀관 경줄 실내치역가는 수열린 입번 대회에는 정국에서 2031명명의 선을다니 참고였다
p38_u62,p38,taps,대 상가자들은 예선 소별입으와 곤선 터아원스를 얻치며 그 동안 갈고 작근 기향을 마음갖 섬부었다
p38_u62,p38,ce0.0,대 상가자들은 예선 소별입부와 곤선 토마원츠를 얻치며 그동안 갈고닫근 귀량을 마음가 섬포었다
p38_u62,p38,ce0.1,대 산가자들은 예선 소별리구와 본선 토마원트를 얻으며 그동한 갈고 작등 기명의 마음갖 섬부었다
p38_u62,p38,ce0.5,되 삼가자들은 예선 소별리구와 본선 토마원트를 얻으며 그동안 갈고락근 기명을 마음갖 섬포었다
p38_u62,p38,ce1.0,되산가자들은 예선 조별리구와 곤선 토화원스를 었으며 그동한 갈고닥끔 기량을 마음갖 선포였다
p38_u62,p38,ce2.0,되의 청우가자들은 예선 조별리구와 곤선 토화원스를 것으며 두동한 갈고닥근 기령을 마음값 섬포었다
p38_u62,p38,ce5.0,되 선가자들은 예선 소결리구와 본선 튼화원트를 었으며 두동한 갈고닥근 기병을 마음갖 선포였다
p38_u62,p38,ce10.0,되선가자들은 예선 소별리후와 본선 터아원스를 얻치며 그동안 갈고닥근 기병을 마음과 선포였다
p38_u63,p38,taps,대외결과 품세에서는 국과 대표 세계에 택건도장 품세에서는 플길 잡비 택권도장 버루비에서는 대고 긴만 일의 택관 스구이 각각 정화부승을 차지했다
p38_u63,p38,ce0.0,대결과 품제에서는 국과 대표 세계에 택건도장 품제에서는 폴필 잡비 택건도장 더루기에서는 대고 긴만 이르 택관 스골이 각각 정화부성을 차지했다
p38_u63,p38,ce0.1,대개결과 품세에서는 북가 대표 세계에 택건도장 세에서는 솔필잡지 택건도장 더루비에서는 대국 짐만교 택관 스구이 각각 정화부승을 차지했다
p38_u63,p38,ce0.5,대외결과 품세에서는 국가 대표 세계에 택건도장 품세에서는 플길 잡비 터건도장 더루비에서는 대국 짓만 이의 타건 스골이 각각 정화부성을 차주했다
p38_u63,p38,ce1.0,대개결과 훈세에서는 국과 대표 세계에 택건도장 훈세에서는 홀필잡비 택건도장 거루비에서는 대국 긴만 이의 택건 스골이 각각 정화부중을 차지했다
p38_u63,p38,ce2.0,대외결과 품세에서는 국과 대표 세계 책건도장 품세에서는 솔길 잡비 택건도장 거루비에서는 대국 긴만 이류 책건스거이 각각 정화부승을 차지했다
p38_u63,p38,ce5.0,대결과 품세에서는 국가 대표 세계 책건도장 훈세에서는 솔길잡비 택건도장 결룩기에서는 대고 긴만이류 택관스구이 각각 정화부승을 차지했다
p38_u63,p38,ce10.0,게레결과 품세에서는 국가 대표 세계 책건도장 품세에서는 솔길자비 택건도장 결르비에서는 대고 긴만주 택관스골이 각각 정화부승을 차지했다
p38_u64,p38,taps,오래 죄외에는 회개학지에 소은 례국인 행수을도 다스찬녀에 주목을 끌었다
p38_u64,p38,ce0.0,오래제외에는 패개합지에서온 례국인 현수을도 다스 찬녀에 주목을 거었다
p38_u64,p38,ce0.1,오래 제외에는 새개 학취에 서은 레국인 현스을도 다스찬녀에 준목을 끌었다
p38_u64,p38,ce0.5,오래 대획을 패개학비에서은 외국의 현수을도 다스참려에 주목을 끌었다
p38_u64,p38,ce1.0,오래제외에는 해개학비에서은 외국인 혼스을도 가스찬 요에 주목을 꾸었다
p38_u64,p38,ce2.0,오래 되외에는 새개 가비에서은 외국인 설스들도 다스찬려에 주목해 꾸었다
p38_u64,p38,ce5.0,오래 대회을 세개 학시에 소은 외국인 현수스를도 다수찬류에 증무을꾸었다
p38_u64,p38,ce10.0,오래 죄외에는 새개학취에서은 외국인 환수들도 다섯참령에 증목을 끌었다
p38_u65,p38,taps,또 대김월 손스자니 경은주을 방로하면서 지획의 숙박없조와 십상등우 일대안일 터술를 누이며 지역정세 활성하에도 큰 도밀했다
p38_u65,p38,ce0.0,또 되지월 손 스단니 병은출를 방로하면서 지역의 습박없소와 십장등위 때안일 섭스를 누리면 지역 정제 활성화에도 큰 도움밀했다
p38_u65,p38,ce0.1,또 터김월 흥스단니 경은주을 방로하면서 귀약의 숙박없소와 상등의대안일 터스를 누이며 지역장제 할성활에도 큰 도으밀했다
p38_u65,p38,ce0.5,또 격임의 선스단이 병운줄를 방원하면서 귀역의 숙박없더와 땅등이 때안일 특수를 누리며 지역경제활성안에도 크은 도움밀했다
p38_u65,p38,ce1.0,또 데비의 선스단니 병운주를 방원하면서 귀역의 숙박없소와 땅등이 때 한일 척출를 누리며 지역경제활성하에도 큰 도움밀했다
p38_u65,p38,ce2.0,또 적임월퍼스단니 경은출의 방오하면서 지역의 숙박없소와 땅등을 때한일 척설를 누리며 지역병제 활성화에도 크 도밀했다
p38_u65,p38,ce5.0,또 되임을 손스단이 경은주를 방호하면서 지역의 숙박없소와 십상등이 대 할일 척수를 누리면 지역생우의 활성하에도 크를 도움이였다
p38_u65,p38,ce10.0,또 되김을 손스단니 정은을를 병원하면서 지역의 숙박없소와 장중의 대하닌 첫설를 누이면 지역병세 활성하에도 천을 도움입했다
p38_u66,p38,taps,기모징 경우주시 부시장은 화랑제이 정국 택건도 되에가 정국을 대혀하는 새번도 대해로 그 명성을 이여가게 발랍다고 말았다
p38_u66,p38,ce0.0,기모징 정주시 비우시장은 화랑직이 정국 택번도 되에가 정국을 되혀하는 새번도 대해로 그 명성을 이여가게 발랍다고 말았다
p38_u66,p38,ce0.1,디모징 정드시 두시장은 파랑제이 정국 택건도 되에가 정국을 되태하는 새건도 대해로 그 명성을 이여가게 발한다고 말합다
p38_u66,p38,ce0.5,기모징 경주시 부시작은 파랑등이 정국 택건로 되에가 정국을 되쳐하는 택건더 되해로 그 명성을 이여가을 발한다고 말았다
p38_u66,p38,ce1.0,귀모친 경주시 부시장은 화랑색이 정국 택건도 되회가 정국을 대혀하는 새건더 대해로 그 명성을 의여가을 발한다고 말다
p38_u66,p38,ce2.0,이모짐 경우주시 부시장은 사랑에의 정국 택건로 되회가 정국을 제혀하을 택건로 대해로 그 명성을 이여가길 발한다고 말았다
p38_u66,p38,ce5.0,기모칭 정주시 부르시장은 하랑대이 정국 택번노 더에가 정국을 되혀하는 택혼도 대해로 그 명성을 위여가을 발한다고 말다
p38_u66,p38,ce10.0,기모층 경주시 두시장은 사랑쟁이 정국 택번로 되회가악 정국을 졌혀하는 택번로 대해로 그 명성을 이여하게 살한다고 막했다
p38_u67,p38,taps,조 회락 정주시 택건도 현패병은 하랑제이 정국 택건도 대회가 택건도의 발전에 이바지 아도록 물룩하겠다고 강조했다
p38_u67,p38,ce0.0,조 희락 정주시 택건도 협패정은 화랑되이 정국 택건도 대획가 택건도의 발전에 2바지 아도로 물룩하겠다고 강주했다
p38_u67,p38,ce0.1,교회락 정주시의 택건도 협태장은 파랑대긴 정국 택건도 대회가 착건도의 발전에 이바지아도록 물룩하겠다고 당주했다
p38_u67,p38,ce0.5,요희락 병주시 택건도 현터병은 사랑되이 정국 택건도 대회가 택건도의 발전에 이바지가도록 늘었학겠다고 광조했다
p38_u67,p38,ce1.0,주 희락 정주시 택건도 협패병은 화랑되이 정국 택건도 대회가 택건도의 발전의 이바지아도록 여룩하겠다고 강조했다
p38_u67,p38,ce2.0,요회락 정주시 택건도 혈태병은 사랑되이 정국 택건도 되회가 택건도의 발전에 이바지 아도록 여룩하겠다고 강주했다
p38_u67,p38,ce5.0,좋 회락 정주시 택건도 협패병은 사랑대이 정국 택건도 되회가 택건도의 발점에 입바지아도록 늘어약겠다고 강조했다
p38_u67,p38,ce10.0,좋 희락 경주시의 택건도 혈패병은 화랑대긴이 정국 택건로 데외강악 택건더의 발전에 2발지아도록 결룩하겠다고 강조했다
p38_u68,p38,taps,상곱 자람의 관리공사가 궁인으로부터 지제 결손을 요청받는 시제의 정비 유청대를 도있한다
p38_u68,p38,ce0.0,창곱 자람을 갈리공사가 흥인으로부터 지제 결선을 요청받는 지제의 정비 유청제를 도있던다
p38_u68,p38,ce0.1,상국 자장을 갈리 공사가 정인으로부터 주죄 결손을 요청받는 주죄의 장비 요청대를 도있한다
p38_u68,p38,ce0.5,항국 자아을 관리공사가 풍민으로부터 유제 권손을 요청받는 유제의 정비 요청들를 도있던다
p38_u68,p38,ce1.0,항곡 자장을 관리공사가 공민으로부터 위대 걸선을 유청받는 유대의 정비 요청별를 보입한다
p38_u68,p38,ce2.0,상곡 자아 관류응자가 풍민으로부터 위죄 걸손을 요청받는 유대의 정비 요청대를 도있한다
p38_u68,p38,ce5.0,상국 자산을 갈리공사가 풍인으로부터 주죄 결선을 요청받는 주죄의 정비 요청대를 도있한다
p38_u68,p38,ce10.0,상국 자장을 관리공사가 봉민으로부터 주제 교성을 요청받는 주죄 정비 요청들를 주입한다
p38_u69,p38,taps,텐코는 20v일2020년 1차 레기 주죄 학신 이원해를 열었다고 밝혔다
p38_u69,p38,ce0.0,텐코는 이cv일 2020면 1차 내기u 주죄 학신 이원회를 열럽다고 발혔다
p38_u69,p38,ce0.1,케코는 이cv일2020v면 1차 레기 규죄 4세인원회를 열었다고 발혔다
p38_u69,p38,ce0.5,텐코는 이cv일2020v면1차4위주대 학신 인유한회를 열었다고 발겼다
p38_u69,p38,ce1.0,텐코는 이cv일 202cv년1차 4비국 주죄 학체인류원해를 여겼다고 발겼다
p38_u69,p38,ce2.0,텐코는 cv일 20202년 1차 내기의 주죄 착신 인류원회를 열럽다고 발겼다
p38_u69,p38,ce5.0,캠쿠는 20v일2020면1차 4기 규죄 학실 위원해를 열었다고 분켰다
p38_u69,p38,ce10.0,캠포는 20v일20202면 1차 내기웃 주죄 학0인년해를 여었다고 벌혔다
p38_u70,p38,taps,이언에는 브람리아 기제를 계손하고 궁인에게 브리튼을 끼칠 수 있을 요소류를 발굴입해손하는 등 쉽성 인낸 기대 학신 방화을 검토 시의하기 위해 이차한신년 발쪽댔다
p38_u70,p38,ce0.0,위원에는 브람리아 기제를 계선하고 국인에게 불리터낼 끼체 수 있는 요소류를 발구일 해성하는 등 쉽성 인내 지제학신 방을 더토 시의하기 위해 2찬의신년 발접댔다
p38_u70,p38,ce0.1,위원에는 브람리할 뒤대를 결선하고 동인에게 불리터을 끼칠 수 있는 요소들를 발고해성하는 등 스셨성 인는 귀대역친 방원을 더움터 시의하기 위해 20의년 발적됩다
p38_u70,p38,ce0.5,위원에는 브람리양 위대를 계선하고 금예네을 불편을 끼칠 수 있는 요소을 발구회성하는 등 표성 인행 뒤대역친 방하는 검무터 1의하기 위해 미0이0년 발척됩다
p38_u70,p38,ce1.0,위언에는 브람리할 귀대를 계산하고 궁인에게 불견을 끼칠수 있는 여서들을 다유을 해수하는 등 쇠성 인는 기대협신 방원을 검무터 시미하기 위해 리찬의 신년 달쪽됩다
p38_u70,p38,ce2.0,위원에는 브람리한 귀대를 계선하고 금민에게 불편을 끼칠 수 있을 요소들을 다유을 회성하는 등 쇠성 인는 기대학센 방화을 검토 시의하기 위해 미0의신년 발척됩다
p38_u70,p38,ce5.0,위원에는 브람리아이 뒤대를 계손하고 국인에게 불편할 티체 수 있는 요소들을 발울을 해소하는 등 시표성 인레이 뒤대학센 당안을 더토 시의하기 위해 미0의 1년 발척됩다
p38_u70,p38,ce10.0,위원에는 브람리한 귀대를 계선하고 공인에게 불천낼 끼칠 수 있는 요소들을 바유을 회성하는 등 스웨성 인행 뒤대확센 방하을 더터 시의하기 위해 미0히신전한 발접됩다
p38_u71,p38,taps,이번 이원에에서는 궁인 누구나 해롭코 대기 지온 잘못때거나 그입피려한 기죄에 계손을 요청할 수 있는 기대 정기 요청대를 신사라기로 했다
p38_u71,p38,ce0.0,입번 일원에에서는 공님 누구나 캠코 스집지은 잘못때거나 글치요한 지죄의 계선을 요청할 수 있는 지우제 정기 요청제를 신사라괴로했다
p38_u71,p38,ce0.1,이번 이원에에서는 통민 누구나 타역코 되기 두용 관못때거나 길치려한 지대의 계손을 요청할 수 있는 주대 장음이 요청대를 신사라들로 했다
p38_u71,p38,ce0.5,이건 이언에에서는 국민 누구나 혈코 매기 둥 잘못되가나 글치려한 그죄의 괴손을 요청할 수 있는 유제 장비 요청대를 신선하으로 했다
p38_u71,p38,ce1.0,이번 이원에에서는 궁민 누구나 할코어 배기 병 잘못되거나 그치벽한 규죄의 개손을 요청할 수 있는 유대 장비 요청대를 신사하기로 했다
p38_u71,p38,ce2.0,이건 이원에에서는 궁인 누구나 태박로 1위 뒤 잘못때거나 길치벽한 규죄의 개손을 요청할 수 있는 유제 정이 요청되를 신선하으로 했다
p38_u71,p38,ce5.0,이건 이원에에서는 궁민 루구나 캠코 매기 중온 잘못되거나 불치배하는 주죄의 괴푸을 요청할 수 있는 주죄 정리 요통대를 실사하기로 했다
p38_u71,p38,ce10.0,비번 이언에에서는 국민 누구나 캠코 예규중 전못때거나 불치벽한 규죄의 교손할 요청할 수 있는 규제 정비 요총제를 신선락으로 했다
p38_u72,p38,taps,텐코는 국민 요청 상항에 대우에 불티로한 규제 여부신사고 엄모 교선정의 조치를 치할 방칩니다
p38_u72,p38,ce0.0,텐코는 공님 요정 상항에 대회 불티로 주죄 여부 실사고 엄모 여선정의 도치를 치할 방칩니다
p38_u72,p38,ce0.1,텐포는 독민 요성 상항에 대회 불티러한 주대의 여부신사고 엄모 계선정의 조취를 치할 당칩니다
p38_u72,p38,ce0.5,텐포은 공님 요능 사항에 때회 불티로한 규죄 여부실 사고 엄모 여선등의 도질를 취할 방칩니다
p38_u72,p38,ce1.0,큰코는 공민 요성 사항에 대회에 불티요한 귀대 여부 신사후 엄모 교산정의 좋치를 취할 방칩니다
p38_u72,p38,ce2.0,텐코는 공망 요성 사에 때문에 불티요한 귀제 여부 실사우 엄목 여선등의 도티를 치할 방칩니다
p38_u72,p38,ce5.0,캠코는 공민 요성 사항에 때문에 불티로한 규죄 여부신 사후 엄모 교산정의 도치를 치할 방칩니다
p38_u72,p38,ce10.0,캠코는 공민 요형상항에 때해 불티요한 규제 여부 실사고 엄목 여살정의 도치를 취할 방칩니다
p38_u73,p38,taps,제두는 오래 하반위 시행 일등이며 텍코음 폐지에서 유총의 사항을 덕수버을 예정이다
p38_u73,p38,ce0.0,제돌는 오래 하4 위시행 열정이며 텐포운 테이지에서 유청 사항을 접스버을 예정이다
p38_u73,p38,ce0.1,제둘는 오래 48 2 시행 예정이며 체요토움 페리지에서 유창 사항을 접스버을 내정이다
p38_u73,p38,ce0.5,제도는 5의 8반위시행 외정이며 챙포움 텔리지에서 6청 사항을 접수받을 예정이다
p38_u73,p38,ce1.0,제교는 오래 하반 위시행 외정이며 텐코움 테이지에더 유청 사항을 접스받을 내병이다
p38_u73,p38,ce2.0,세롯는 오의 하반 2 수행 외정이며 텐코움 테이시에서 유청 사을 접스받을 예정이다
p38_u73,p38,ce5.0,제돈는 오의 8반귀시행 외정이며 캠코움 태이시에서 요청사을 덮수받을 내정이다
p38_u73,p38,ce10.0,제도는 오래 하반 위시행 외정이며 캠코훈 폐리지에서 요청상앙을 접스버을 예정이다
p38_u74,p38,taps,또 캠포은 공멘의 1배 이해하고 화령할 수 있도록 선세 사업부문에 미원넘무 실성서등 서색 사치이개를 일과 정이기하기로 했다
p38_u74,p38,ce0.0,또 패포은 국멘이 1패이하고 허령할 수 있도록 전세 사업포문에 민원넘무 실성에서등 사색 4위개를 일발 정이기하기로 했다
p38_u74,p38,ce0.1,또 혈포은 등민이 1패위해하고 하령할 수 있도록 전체 사업부문에 유란넘무 신상서등 사색 사흘이개를 일가 정비하기로 했다
p38_u74,p38,ce0.5,또 생손은 국민의 11이해하고 화령할 수 있도록 전체사업부문에 민화넘모 신성서든 4색82계를 일갈 정비하기로 했다
p38_u74,p38,ce1.0,또 폐포은 국민이 1피이해하고 화령할 수 있도록 전세 사업보문회에 민원넘모 진상서등 4색42계를 일갈 정비하기로 했다
p38_u74,p38,ce2.0,또 큰포은 국민이 1베위에하고 화령할 수있도록 전세사업보문에 위화넘무 신상서든 4색41개를 일갈 정비하기로 했다
p38_u74,p38,ce5.0,스도 행포은 궁민이 1개이해하고 화령할 수 있도록 전회사업포문에 리원넘모 실청서든 사색4이계를 일관할 정비하기로 입시다
p38_u74,p38,ce10.0,또 행손은 국민이 1의이야와 소활령할 수 있도록 전세 상업보문에에 위원넘무 칭상서든 사색42계를 밀갈 정비하기름했다
p38_u75,p38,taps,군민이 서루재출 당계에서 어무처리 및 이의제기 혈차 친청인에게 유리한 재드및 류사항등을 위리할 술 있도록 독기 위해서다
p38_u75,p38,ce0.0,군민이 서르재출 당계에서 어모처리 및 이제기 결차 신청인에게 유리한 재더및 유의 상항등을 미리할 쓸 있도록 복기 위해서다
p38_u75,p38,ce0.1,중민이 서르재출 당계에서 엄무처리 및 유세기 혈차 신창인에게 유리한 재드 및 유의사항등을 위리할 쓸우도록 독이 위해서다
p38_u75,p38,ce0.5,능민이 서루재출 당계에서 엄무처리 및 유의제기 결차 신청인 내배 유리한 제드및 유리 상항등을 위리할쓸 있도록 독기 위해서다
p38_u75,p38,ce1.0,군인이 서루재을 당계에서 어모처리 및 유의제기 결차 신성히백에 유리온 재두및 유의사항등을 위리할쓸 있도록 독기 위해서다
p38_u75,p38,ce2.0,군민이 서루재출 당계에서 엄무처리및 유의제기 걸차 신상인에게 유리한 재도및 유의사항등을 위리할을 있도록 겁비 위해서다
p38_u75,p38,ce5.0,중민의 서루재출 당계에서 엄무 처리 및 유제기 절차 신청히백개 위리온 재터및 u의사항중을 위리할 수있스도록 독기 위해서다
p38_u75,p38,ce10.0,심민의 서름재출 당계에서 엄모처리 및 이위제기 절차 신청인내게 유리한 제터및 유의생항등을 위리할 출있도록 톱시 위해서다
p38_u76,p38,taps,캠코는 2번 이언n에서 오래의 3월 소있한 기제 영형사가 선담제 은영상가를 공의하 길로 했다
p38_u76,p38,ce0.0,캠코는 2번 이언레에서 오래의 3말 소입한 지제 영형살가 전담제 은냥 상사를 공의하 길을 했다
p38_u76,p38,ce0.1,텐코는 2번 이언n에서 월래의 3월 조있한 주대 영형상과 전담제 은영 상사를 봉예길소했다
p38_u76,p38,ce0.5,챙코는 일번 유원n에서 오래의 3월 조입한 규제 영형상가 전담제 운냥 상가를 공인야길소였다
p38_u76,p38,ce1.0,텐코는 일번 유원회에서 오래의 3월 소입한 뒤대 영형 상가 전담제 은냥 상가를 공이하비은였다
p38_u76,p38,ce2.0,텐코는 일번 위언회에서 오래의 3월 조입한 기대 영형상가 전담제 은냥상가를 공미기도 했다
p38_u76,p38,ce5.0,캠코는 입번 유언회에서 오래의 참활 도있한 주대 영형 평가 던담제 은냥 평가를 공의화표소있다
p38_u76,p38,ce10.0,캠푸는 입번 이언회에서 오래의 3월소이할 시제 영홍 상가 선담죄 우냥상가를 공회하 기소했다
p38_u77,p38,taps,전담제는 레위 신사와 지대 영향평가를 끌리하는 방화으로 기존 동인 시건의 신상의 평과 동시 수행에 따른 유체 신사 약화등을 결선할 될보다
p38_u77,p38,ce0.0,건담제는 내시 신사와 지대 영원 향가를 빌리하는 동안으로 지존 동인 시건의 신상의 평과 동시 수행에 따른 주제 신사 약하병을 괴어한 될보다
p38_u77,p38,ce0.1,전담재는 내위 심사와 주대 영역향가를 불리하는 당화으로 지존 동일 치건에 신장의 향가 동시 수행에 따른 유체 실사 약하등을 되선한 세도자
p38_u77,p38,ce0.5,건담제는 내규 심사와 유제 영은 평가를 불리하는 방원으로 기존 동일 시건의 신상의 평가 동시이 수행에 따른 유죄 심사 약하되의해어난 결보다
p38_u77,p38,ce1.0,건담제는 매기 심사와 귀텔 영행향가을 불리하는 방관으로 기전 동인 지건의 신상의 량가 동시 수행에 따른 귀텔 신사 약하득을 괴어난 될보다
p38_u77,p38,ce2.0,전담재는 레비 심사와 뒤대 영역향가를 불리하는 방하으로 귀전 동일 치건의 신상의 평가 동시 수행에 따른 뒤텔 심사 약하등을 계선한 세도다
p38_u77,p38,ce5.0,견담제는 매위 심사와 규대 영역평가를 불리 아는 당하으로 기변통일 시건의 심사의 평각 동시 수행에 따른 귀질 심사 약하등을 계선할 될도다
p38_u77,p38,ce10.0,견담재는 매후 심사와 규대 영역향가를 불리하는 장하으로 귀존 동일 치건의 심사함의 평각 동시 수행에 따른 주텔 심사 약하정을 겨선한 결보자
p38_u78,p38,taps,의선씨은 표월부터 상우을 고질적인 새략 차랑에 외한 보호한 영 치 단속을 지혜간다고 구일 갈혔다
p38_u78,p38,ce0.0,울설씨은 표월부터 상역습 고질적인 찬략 차랑해 내한 보호팔 영치 단속을 지행간다고 구을 발쳤다
p38_u78,p38,ce0.1,의선신은 표월부터 상화스 보릴적인 찬약 차랑에 내한 포옷한 영치 단속을 지혜관다고 구의 돌혔다
p38_u78,p38,ce0.5,울단씨은 팔월부터 상화스 고질적인 쇠약 차랑에 되한 보호한 영 치 단속을 주행한다고 구일 걸겼다
p38_u78,p38,ce1.0,울선씨은 철월부터 상악스 고릴적인 새나 사랑에 외한 고옷한 영지 단속을 지행간다고 그일 밝혔다
p38_u78,p38,ce2.0,울선씨은 털월부터 상우을 고질적인 새나 찬랑에 되한 거옷한 영치 단속을 주행한다고 구일 밝겼다
p38_u78,p38,ce5.0,의선씨은 철월부터 상수 고질적인 새낫 살랑에 매한 보호한 영치 단속을 지행한다고 구일 돌겼다
p38_u78,p38,ce10.0,의전신은 철월부터 상을 고질적인 새낫 살랑에 내한 호호한 영치 단속을 지행관다고 구일 돌켰다
p38_u79,p38,taps,시는 태목고원원 13희으로 우성은된 시 국군 합도 단속발을 천성에 반속에들록간다
p38_u79,p38,ce0.0,시는 태국고원을 13일향으로 무성훈된 시 국군 합동 단속발을 편성에 반 소에으어간다
p38_u79,p38,ce0.1,시는 태모고원을 13향으로 무성음된 시 구군 앞동 단속발을 천정에 단소에 들어간다
p38_u79,p38,ce0.5,일는 태무공원을 시단명으로 우성우1 시 국군 합동 던독발을 편정에 반소에 들어간다
p38_u79,p38,ce1.0,신는 태무고원운 1담 명으로 구성몇시 궁군 합동 단속발을 행정에 반소에 들어간다
p38_u79,p38,ce2.0,신는 태모공원원 13명으로 구성된 시 9군 합동 잔속발을 천성에 단속에 들어간다
p38_u79,p38,ce5.0,심은 태요고모을 13회영으로 구성은 된 시 국군 합동 단독발을 현성에 단속에 들어간다
p38_u79,p38,ce10.0,씨은 태후공모할 1담명으로 구성 1시 국군 학동 선속발을 현성에 단속에 들어간다
p38_u80,p38,taps,영시대장을 자동살새를 일레 이상의 재합한 차랑 꿈는 사령 관련을 가태르를 3혈만원 이상 체합한 사랑이다
p38_u80,p38,ce0.0,양시대상은 자롱차새를 이레 이상 체합한 사랑 꿈는 사량 활련을 가태르를 함혈만원 이상 체합한 사랑이다
p38_u80,p38,ce0.1,영시대상을 자동사새를 이회 위장 천합한 사랑 또는 사랑 달란을 과태르를 한 혈만원 이장 천합한 사랑이다
p38_u80,p38,ce0.5,맹시대상을 자동차쇠를 위 이상 센합한 사랑또는 사령을 관라는 가태르를 한만원 이상 센합한 사랑이다
p38_u80,p38,ce1.0,영상은 자동차새를 위1 이상의 체합한 전랑또는 사량오 갈란후 과태르를 함생이만원 이상 센합한 사랑이다
p38_u80,p38,ce2.0,양시대성은 자동 사쇠를 이1 이상 센합한 사랑 거는 살형 발론 과태료를 3신만원 이상 센합한 사아이다
p38_u80,p38,ce5.0,맹시대상은 사동살쇠를 이 이상 센합한 사랑 또는 사량갈란 과태료를 3생만원 이상 센합한 사랑이다
p38_u80,p38,ce10.0,영시대상은 사동사쇠를 이1 위상 선합한 사랑 또는 사량관란 바태료를 30만원 이상 선합한 사랑이다
p38_u81,p38,taps,신는 2번 단속터 자체 제작한 보호한 영시독그를 처호로 하류게 시양 기청공 관옷함을 장착한 사장에 되해셔도 단속을 버린다
p38_u81,p38,ce0.0,1은 2번 단속터 자치 제작한 보호한 영의 시독그를 차험으로 하류게 신양 비청공 반호함을 장착한 사장의 되해서도 반속을 머린다
p38_u81,p38,ce0.1,신는 2먼 단소 끝터 자체제작한 보호한 영시독불을 차음호로 하류해 시형 비청공 관옷판을 장착한 사장의 된해소도 단속을 모린다
p38_u81,p38,ce0.5,실은 이먼 단속더 자치지작한 번호한 영 시독구를 처험으로 하류개에 시명 위청공 반호함을 장착한 사랑의 되주도 단속을 버린다
p38_u81,p38,ce1.0,신는 이번 단속터 자체지작한 더옷한 영치독구를 처음으로 하류게에 시명 미청공 더옷판을 장착한 사랑의 되소도 단속을 머린다
p38_u81,p38,ce2.0,신일 입번 단속끝터 자체제작한 보호한 영시독구를 차험으로 하류에 시명 위청공 보호턴을 장착한 사장에 되해서도 단속을 버린다
p38_u81,p38,ce5.0,1은 입번 단속터 자체되작한 보호한 영 시도구를 처음으로 하려교에 시양 귀청공번호판을 장착한 사랑에 되해소도 단속을 머인다
p38_u81,p38,ce10.0,1는 입먼 단속 부터 자체 제작한 보옷한 영시도들를 처음으로 사류교에 시명 귀청공 더옷파을 장착한 사랑해 되해수도 단속을 버린다
p38_u82,p38,taps,기존 자병차의 달리인 청공 호호파는 볼트를 표면 본너판을 영치할 수 있지만 비 총공 허호파는 볼트가 없서 고옷판을 텐수 있도록 영치도구릴 자체 계력한 것이다
p38_u82,p38,ce0.0,기존 자동사에 달린인 청공 고호파는 본트를 풀면 본호판을 영치할 수 있지만 비 청공 고호파는 본트가 없서 보호판을 때스도이도로 영치도구을 다체 되렵한 것이다
p38_u82,p38,ce0.1,기든 자정사의 달린인 청공 건호파는 돌트를 풀면 도업판을 영치할 수 있지만 비 청공 건호파는 돌트가 없어 돈옷판을 텐 수 있도록 영치도구을 자체지력한 것이다
p38_u82,p38,ce0.5,이든 자종사의 달리인 청공 건너파는 본트를 풀면 보너판을 영찰할 수 있지만 미청공 건높파는 본트가 없서 보너판을 때수 이도록 영치도구을 갖에되격한 것이다
p38_u82,p38,ce1.0,이든 자동사의 달린인 청공 건높파는 볼트를 풀면 본너판을 영치 할 수 있지만 뒤 청공 건높파는 볼트가 없서 보너판을 때 수 있도록 영치도구를 자치 되작한 것이다
p38_u82,p38,ce2.0,위든 자종사의 달리인 청공 고너파는 본트를 회면 본너판을 영치할 수 있지만 미 청공 고높파는 본트가 없어 고너판을 때 수 있도록 영치도구을 자해주작한 것이다
p38_u82,p38,ce5.0,이든 자동차의 달린인 총공 보호파는 본트를 편년 본호판을 영치할 수 있지만 뒤 총공 보호파는 본트가 없서 보호판을 때수 있도록 영치도구을 자체 되격한 것이다
p38_u82,p38,ce10.0,기둔 자동차의 달류인 청공 고호파는 본트를 풀면 본호판을 영치할 수 있지만 뒤 청공 고옷파는 볼트가 없서 보호판을 때 수 이더로 영치도구를 자체되력한것이다
p38_u83,p38,taps,감원 시는 코론날 일구로 인에 어려움을 병는 생의리양 체학자에 경우 체나 차은 위회와 분할 나부등일 적행할 방칩니다
p38_u83,p38,ce0.0,감말 시는 코로날 일으로 인에 어려움을 병는 생획개형 천학자에 정우 체나 처은 유회와 분할 낳구등을 더행할 방칩니다
p38_u83,p38,ce0.1,다만 세는 코로날 일으로 인해 어래움을 경는 생우개양 전학자의 경우 새나 차업본 위회와 분할 나부등을 정경할 방칩니다
p38_u83,p38,ce0.5,다만 씨는 코로날 일고로 인해 어려움을 강는 생획개양 재나자의 정우 체나타본 유회와 분할 나부등을 적행할 방칩니다
p38_u83,p38,ce1.0,당만 세는 코로날 일으로 인해 어래움을 경는 생역의 형체합다에 경우 세나 타본 위회와 보할 나부등을 조행할 방습니다
p38_u83,p38,ce2.0,다만 세는 코로날 일구로인에 어려움을 경는 생획개형 세합자의 경우 새합차은 유회와 분할 나부등을 적행할 방칩니다
p38_u83,p38,ce5.0,강원 세는 코러날 일고로인에 어래움을 격는 생획개영 체합자의 경우 체합차포의 위회와 분화 나구등을 적행할 방칩니다
p38_u83,p38,ce10.0,강원 세는 코로날 일고로인해 어려움을 경는 생육의 형취나자의 정우 체나차본 유회와 분할 나부등을 적경할 방습니다
p38_u84,p38,taps,의선시 광계점을 고질적인 채합 차장에 되 공에 초분드 강약한 증수활 동을 버리겠다며 체합 1 최소아을 위해 도어하셨다고 말릅다
p38_u84,p38,ce0.0,우설시 관계자을 고질적인 채나 차랑에 되회 공음에 처분들 강약한 징수활동을 버리겠다며 체나 1 최소화을 위해 돌럽하셨다고 말했다
p38_u84,p38,ce0.1,우설시 강계자은 고질적인 최랍 차랑의 더해 동매초분든 강약한 증수활동을 버리겠다며 체합 1최소화 위해 노룩하셨다고 말했다
p38_u84,p38,ce0.5,이던시 관계자는 고질적인 최합 차랑의 되 동에처분드 강약한 징승할동을 버리겠다며 체합 1 최송화을 위해 돌룩하졌다고 말했다
p38_u84,p38,ce1.0,이천시 관계자은 고질적인 새나 차장의 되 공매처분든 강력한 징수할 동을 버려겠다면 새합 1 체소화을 위해 노었하겠다고 말했다
p38_u84,p38,ce2.0,의선시 관계자은 고질적인 체합 차랑에되에 공매처분든 강력한 중승할동을 버리겠다며 체합 백 최소화을 위해 노룩하겠다고 말했다
p38_u84,p38,ce5.0,6전방계자은 고질적인 채나 차랑에 되 공매처분두 강력한 징수할동을 버리겠다며 체합 백 체소활을 위해 노룩하겠다고 말했다
p38_u84,p38,ce10.0,유전시 방계자은 고질적인 채나 차랑에 되에 구에처분드 강약한 중수할동을 버르겠다면 체합1체소화을 위해 돌어표셨다고 말했다
p38_u85,p38,taps,정남지역 주요 되학들이 교육꾸등이 죽건하을 3당에의 산악 연염력 환도 배학 육성 사업에 체종 산정될다
p38_u85,p38,ce0.0,성남지역 질로대학들이 결꾸등이 주가원을 3다역에 산악 연음력 환도 대학 입성 서업에 최종로 타녀정소했다
p38_u85,p38,ce0.1,정남지역 주요 데학들이 되획도등이 즈가하을 삼당의 산락 연음력 선도 대학 6성사업에 체종 산정될다
p38_u85,p38,ce0.5,경남지역 위로대학들이 죄육뜨등이 지가원을 삼당움의 산락 연음력 헌도 대학 육성적업에 회중 선정졌다
p38_u85,p38,ce1.0,강난뼈역 유로대학들이 교획꾸둥이 지가러는 산다의 산악 연음력 혼도 대학 육성더업에 체종 상성될다
p38_u85,p38,ce2.0,당난지학 주요되학들이 교획드둥의 주가러을 3당의 산학 연염력 헌도 죄학 6성서업에 체중 산정졌다
p38_u85,p38,ce5.0,형남지역 주요대학들이 결육스등이 추가러는 삼당에 산학 연음력 혼도 대학 6성자업에 체종 설정될다
p38_u85,p38,ce10.0,정남지역 주요 되학들린 죄획수등이 죽관하을 삼당계에 산학 연음력 선도 죄약 6성전업에 체종 선정졌다
p38_u86,p38,taps,봉난지역 대학까에 따르면 병남대 창원된 인제레가 링크 3점령 1요침 성장의 행 사업배 환정으했다
p38_u86,p38,ce0.0,평난지역 대학까에 따르면 격남대 창원된 인제되가 링크 3점령 7요밭침 성이장의 향의 사업에 환정했다
p38_u86,p38,ce0.1,경남지역 대학까에 따르면 경남대 창원대 인제레가 링크 3점령 수요발층 성장의 향사업해 환정했다
p38_u86,p38,ce0.5,폭난적역 되학까에 따르면 공난대 상원된 인제레가 링크 3점령 시요밭침 성장 형사업에 환청됩다
p38_u86,p38,ce1.0,공난적역 대학까에 따르면 공난대 창원된 인제대가 링크 한점령 시요밭침 성장 향사업에 환정했다
p38_u86,p38,ce2.0,형남직역 결학까에 따르면 형람대 향원대 인제되가 림크 산점령 시요밭음 성장 형사업에 환종겠다
p38_u86,p38,ce5.0,격난적대학까에 따르면 격남대 창원대 인제되가 레크 한점령 치요음 성장의 형사업에 혼성졌다
p38_u86,p38,ce10.0,정남직역 되학까에 따르면 정남대 창원된 인제되가 링크 3점명 취요침 성장 향우사업에 혼정으렸다
p38_u87,p38,taps,입 살개 대학은 5 227까지 학표 별 24보건에 국질을 지음밖게된다
p38_u87,p38,ce0.0,입 살세 대학은 5는 227년까주 학표절 2살보혼에 국질를 지험받게 됩다
p38_u87,p38,ce0.1,입 새개대학은 5을 2027년까지 학투별 2살보건에 북치를 지험밖되된다
p38_u87,p38,ce0.5,이를 새개대악은 5늘 2027년가비 학표별 2살보원에 국별를 지음받게된다
p38_u87,p38,ce1.0,입 3개대학은 5는 2027년까지 학교별 2 살보건의 북집을 주험받게 된다
p38_u87,p38,ce2.0,이들 새체대학은 5는 2027년까지 학교변 2백 살보건에 국질을 수험받게됩니다
p38_u87,p38,ce5.0,입들 새세대학은 5 202 출년가주 학교별 2살세버건에 국실를 주험받게 된다
p38_u87,p38,ce10.0,위들 색세 대학은 5늘 20이 출년까주 학표1 위백 살세버건의 국실를 지험받게된다
p38_u88,p38,taps,이를 더학은 참막 3회약을 통안 지역 감동 배학 기어을 통에 탐먹개와 미의 사회의 필요한 인제 양성의 나건다
p38_u88,p38,ce0.0,이를 되학은 참막 3세약을 통안 지역 감동을 되학 기어는 통에 선업개와 미의 사회의 필요와 인제 양이성을 나존다
p38_u88,p38,ce0.1,이를 대학은 참막 3약을 통안 지역 담동 대약 되어을 통에 선먹개와 미의 사회의 필요한 인제 양성은 나섬다
p38_u88,p38,ce0.5,이을 대학은 산학 3력을 통안 지역 담동을 되학 귀어을 동에 선업개와 미의 사회의 필요한 인제 양성의 날손다
p38_u88,p38,ce1.0,이를 대학은 사악 환약을 통안 몇 감동 대학구여을 통에 사먹개와 미의 사회의 피여한 인제 양성을 나건다
p38_u88,p38,ce2.0,일를 대학은 선학 3력을 통안 지역 감동 되학후어을 동에 선법개와 미의 사회의 피되한 인제 양성의 나었다
p38_u88,p38,ce5.0,미를 대학은 참학 협야을 통활 시역 감동 되약 기어는 통에 선업개와 미의 사회의 피요한 인제 양성의 나선다
p38_u88,p38,ce10.0,이를 대학은 체학 3력을 통안 지역 단동을 되학 교원을 통에 선업개와 미의 사회의 피요한 인제 양성의 나손다
p38_u89,p38,taps,광남되는 산나기한 혈약 책계를 봉행고의 다져운 dv 배로을 사탕으로 산악친화양 더약 책에 혈변 산악 마침영 인드 양서 지역특화분약 일력 양성 택개를 그치할 계이기다
p38_u89,p38,ce0.0,광남되는 산나기한 현늘약 책계를 분고의 다져운 집v 별로을 받탕으로 산락 친하여 더약 책에 했변 환락 마치년 인제 안서 지역 특카분이 일력 양성 택개를 구치할 계획기다
p38_u89,p38,ce0.1,정남되는 산나의한 현일력 책계를 동고의 다져운 집의 벽거을 사탕으로 산악 체나형 더약 책에 혈변 산악 마으명 인제양에서 지역특하분냐 일력 양종 책계를 두출할 계획기다
p38_u89,p38,ce0.5,장남되는 하나귀한 현늘력처계를 공르 다져운 집비 배공의 잡탕으로 산락친하형 등 적에 했면 산락 마으명 인드양성 역특하분야 일력 양성 회계를 꾸치할 회획이다
p38_u89,p38,ce1.0,광난대는 산나기한 현력체배를 공고의 다져운 집의 벽화의 받탕으로 하락치하형 대학 책획했변 하락 마으명 인대양에서 역득화분야 일력 양동 체계를 꾸치할 계획이다
p38_u89,p38,ce2.0,경남되는 산나의온 현약처계력 공고의 다좋은 길의 경험의 받탕으로 산악친하형 등약적에 몇변 산락 마으명 인대안거 지역특하분야 율력 양성스계를 꾸출할 계해기다
p38_u89,p38,ce5.0,경남되는 산나견 현력책계의 공고의 다져운 집의 근호을 자탕으로 산악친하형 대약 책의 외면 산악 마으명 인대 양성 지역특하 분약 율력 양종 체체를 꾸치할 교해기다
p38_u89,p38,ce10.0,공남되는 산나의한 1약책계를 공고의 당정운 d비 근로을 자탕으로 산악친하형 전학 책에 외층 산악 마으명 인제 양성 지역특하분야 율력 양성 처기를 꾸치할 배획이다
p38_u90,p38,taps,파원데와 인제레도 기은 성과을 바탕으로 하나게할 혈력책에 구축을 강화한다
p38_u90,p38,ce0.0,사원데와 인제레도 기존 사워과을 바탕으로 하나기할 행력 책에 구축을 방화한다
p38_u90,p38,ce0.1,사원대와 인제에도 비은 새워가을 바탱으로 사나기할 현일력책에 구축을 장화한다
p38_u90,p38,ce0.5,화원데와 인제레도 비은 생가을 바통으로 환나견 협력책에 구축에 건원한다
p38_u90,p38,ce1.0,표원대와 인데레도 이은 생우과을 바탕으로 하나견한 행력책에 구축에 장화한다
p38_u90,p38,ce2.0,화원데와 인데레도 비은 서복과르 바통으로 선나견할 염력책에 구죽에 거호한다
p38_u90,p38,ce5.0,소원데가 인제되도 기은 성과을 버통으로 산나견 허미력책에 구축에 경화한다
p38_u90,p38,ce10.0,폭원데가 인제에도 기둔 석가을 바탕으로 산나겨 염력책에 구축을 건원한다
p38_u91,p38,taps,닥체의 경함대악드 초이정은 정란대가 보유할 인재와 학생이 기술이 지역과 기업에 거하는 새로올 산악 연넘리가게 일래를 제세할 수 있길 바랍다고 밝혔다
p38_u91,p38,ce0.0,닥체의 경람대학 드 초정은 경람대가 보유한 인는제와 학생히 이술이 지역과 학 지업에 건하는 새로올 산락 연남이약에 위래를 죄세할 수 입을 바랍다고 발혔다
p38_u91,p38,ce0.1,닥세을 경남대 악교 총정은 정남대가 보유활 인재와 학생기소이 지역과 두역에 관하는 살로올 산락 변넘력에 위래를 죄세할 수 입일 발한다고 밝쳤다
p38_u91,p38,ce0.5,박체의 경람대악그 토경은 정람대가 보유한 민재와 확생이 이술이 유였과학 유협에 거난는 새로운 산락 여넘력해 위래를 제세할수 입을 발한다고 발쳤다
p38_u91,p38,ce1.0,닥세의 경남대학그 통경은 정남대가 보유한 민제와 삭생 미둘이 미역과학 부협의 병화는 새로운 산악 연넘역에 위해를 재편할수 있힐 발한다고 밝혔다
p38_u91,p38,ce2.0,닥세의 경람대하교 초종은 경남대가 보유한 인제와 학생기소이 지역과 그협에 거하는 새로을 산악 여음 여에 미래를 제세할 수 있길 발른다고 밝혔다
p38_u91,p38,ce5.0,닥세의 정람대학두 초장은 정람대가 보의한 인제와 학생위소이 지역과 구협에 거하는 새로운 산악 연넘이역에 위대를 제시할수 입힐 발한다고 반켰다
p38_u91,p38,ce10.0,닥세의 정람대악두 총정은 정란대가 보유한 인제와 학생위소의 주역과 규협의 건난는 새로운 산악 연냄의력해 위에를 제세할 수 있을 발른다고 밝코다
p38_u92,p38,taps,순국 지획 영구 정부원이 영화화 각 군화 점문과 합게 하는 충국 교사 영어세작 특강에 첫번째 가정이 영원한 시나리오 연수를 연다
p38_u92,p38,ce0.0,충국 주 영구 종부원이 영화 각 분야 더문과 시하는 충국 교사 영화제작 특강에 첫번째가정일 영화 스나리오 연주를 전다
p38_u92,p38,ce0.1,충국 주익 영구 정보원이 영화 각 둔녀 점분과 함세하는 충국 조사 영화제작 특강에 1번쇠가정일 영화 신나리오 연수를 연다
p38_u92,p38,ce0.5,순국주 영구 정보원이 영화 각 분화 점문과 함게 하는 순국 교자 영화제작 특강에 8번째 가정인 영화 시나리오 연수를 연다
p38_u92,p38,ce1.0,충국 들익 영두 정보원이 영화화 각 군화 점문과 함께하는 충국 교다 영화 제작 특강에 사번세가정인 영화 시나리오 연수를 연다
p38_u92,p38,ce2.0,충국 주육 영구 정보원이 영화 각 분화점문과 함게하는 충국 교자 영화져작 축경에 서번째가정일 영화화 시나리오 연수를 연다
p38_u92,p38,ce5.0,승국줄 영그 종부원이 영화화 닥 분화등문과 함께하은 승국 조자 영화되작 특당에 첫번째가정인 영화화 시나리오 연수를 연다
p38_u92,p38,ce10.0,승국주 영구 정보원이 영화 닥 둔야 점문과 함세하는 승국 교사 영화제작 특강에 서번째 가정인 영화 시나리오 연수를 연다
p38_u93,p38,taps,2번 연수에서 한국 신나리후 작과 협해 2사이여 한곡 급 작과 협에 정회원이 이미 정의 작가가 2사일에서 2미을까지 교사 2신 6의명을 되상으로 특강결 한다
p38_u93,p38,ce0.0,2번 연세에서 한국 신나리오 작가 협패 위사이며 한국 특 작가협패 정해원니 이미정의 작가가 2사에서 26까지 교사 2 6명을 되산으로 특강을 한다
p38_u93,p38,ce0.1,입번 연수에서 하늘룩신나리오 작가 협해 위사이며 한국 북 작가 협에 정회원일 위미정 작각가 비 사일에서 이신 6결까지 교사 2신 6명을 되상으로 특강을 한다
p38_u93,p38,ce0.5,2번 연수에서 한국신나리오 작가협해 이사이며 한곡 극 작가혈회 정회원니 위인이정 작각가 이깊 사일에서 2신 6력까지 그사 2신 6명을 대상으로 특강해 한다
p38_u93,p38,ce1.0,2번 연세에서 하늘룩신나 리후 작가협해 위사이며 한국 국 작과협해 정행이 위미정 작당가 이집사일에서 2신 6을까지 그사 2신 6명을 제상으로 특강을 한다
p38_u93,p38,ce2.0,2번 연수에서 1국신나리오 작가협해 위사이며 한국 극 작가협에 정은회원인 이미 정을 작각가 이집 사일에서 2신 6까지 교사 2신 6명을 제상으로 특강가 단다
p38_u93,p38,ce5.0,입번 연수에서 1국신나리오 작가협해 이사이며 1국 크 작가협에 정회원니 위미정 작가가 이집사일에서 2신의 6격까지 스삭 2식 6명을 제상으로 특강을 받다
p38_u93,p38,ce10.0,2번연수에서 1국신나리오 작가효해 2사이며 16국 크 작가협해 정행원일 이미 이정 작각가 2사일에서 26을까이 결사 206명을 대상으로 뜻당가 한다
p38_u94,p38,taps,특강을 시나리아이티어 발성과 귀에 구성과 백치 술작과 분서 영활 시나리오 작성 실쓰경으로 구성된다
p38_u94,p38,ce0.0,특강을 c나리오 아이티어 발섬과 기에 구성과 백치 스작과 분서 영화 시나리오 작성 실 숙등으로 부성된다
p38_u94,p38,ce0.1,특당을 시나리아이티어 발상과 비회 두성과 되취 스짝가 분석 영활 시나리오 작성 실 스중으로 주통된다
p38_u94,p38,ce0.5,특강을 시나리아이티아 발상과 기회 구성과 되치 습작과 분석 영활 시나리의 작성 실 스등으로 주정된다
p38_u94,p38,ce1.0,특강을 시나리아이지어 발쌍과 귀회 구통과 백취 습작과 분석 영화 시나리오 작성 실습김으로 구통된다
p38_u94,p38,ce2.0,특강을 시나리오 아이티와 발성과 기에 두성과 되치 스착과 분석 영화 시나리오 작성 실숙등으로 부성결다
p38_u94,p38,ce5.0,특강을 시나리오아이티어 발상과 기회 두통가 되치 수착가뿐석 영화 시나리오 작성 실 숙등으로 두성된다
p38_u94,p38,ce10.0,특강은 시나리오아이티어 발성과 귀회 두통과 되치 술작가은석 영화 시나리오 작성실 수등으로 주통된다
p38_u95,p38,taps,더문 시나려 자까에 새계적인히 결을 통에 영화제적 영량을 강화하기 이해 말한묻다
p38_u95,p38,ce0.0,점문 시나료 자까에 새계적인 결을 통에 영화제적 영망을 광화하기 위일 말하주없다
p38_u95,p38,ce0.1,점문 시나려 자가에 새계적인 들을 통에 영화 제작 영냥을 당화하기이해 말한다
p38_u95,p38,ce0.5,너문 시나료 자까에 태개적인 교역을 통해 영화 되작 영량을 방화귀위 말른못다
p38_u95,p38,ce1.0,젊문 시나려 작가에 태개적인이 구육을 통에 영화되작 영량을 강화하귀위 말른났다
p38_u95,p38,ce2.0,점문 시나려 작가의 태배적인 그역을 통의 영화되작 영망을 강화기 일일 말련났다
p38_u95,p38,ce5.0,점문 시나려 잡가에 태계적인 결을 통에 영화되잡 영량을 강확기 위에 말은묻다
p38_u95,p38,ce10.0,점분 시나려 자가에 태개적인 교역을 통에 영화제작 영향을 강화하기 위회 말한듣다
p38_u96,p38,taps,코나일고 학성 병지를 위해 충국 교 연구 정부어 3층 ic키 탄실의 에비테트 7디요 장비를 어령한 o노프라의 동시 지파 면주로 지행든다
p38_u96,p38,ce0.0,코나일고 학상 장지를 위해 충복 되육 연구 정보어 3층ick 타스의 에비u텍트 스필d요 장지를 허령한 o노프라인 동시 집파 면으로 지행된다
p38_u96,p38,ce0.1,토나일고 학상 방실를 위해 측국들 영두 정부어 참층 iht 타c의 에pu택트 틀비 장비를 하용한 오노프라인 동시 직파 변수로 지행된다
p38_u96,p38,ce0.5,코나일고 학상장지를 위해 충속들 영구 정보원 탐층 iht 타c를 에비테크 취뒤요 장지를 아령한 온노프라인 동시 시파 변수로 지행된다
p38_u96,p38,ce1.0,코나일고 확상 방지를 위해 최북교 영구정보원 한층 it 타c의 a비테크s 트교요 광비를 하용한 온노프라인 동시 1파 변수로 지행변다
p38_u96,p38,ce2.0,코나일고 학삼 장지를 위해 신국 교육 영구정부원 3층 icp 타c의 에뒤테크 스투디요 장뒤를 하령한 온노프라인 동시 집파변수로 지행된다
p38_u96,p38,ce5.0,포나일고 학산 방지를 위해 1국결 영두 정보원 3층 iht탈시의 에비택크 출디요 강뒤를 하령한 온노프라인 동시 비파변수로 지행견다
p38_u96,p38,ce10.0,코나일고 확상 장지를 위해 충복 표육 연구정보원 3층ist 사c를 에비텍크 투d역 장지를 어령한 o노프라인 동시 지파 연수로 지행된다
p38_u97,p38,taps,영화 시나리오를 시작으로 이화 영화 싸운들 3화 영화 영성 문법 사화 영화 철량과 조명등 영화 각 군야 점문과 함게 하는 택강의 의영할 계획기다
p38_u97,p38,ce0.0,영화 신나리오를 시작으로 이화 영화 싸운들 3화 영화 영상 문법 사화 영화 철려과 저명등 영화 각 군야 점문과 확제 하는 특강을 은영할 되해지다
p38_u97,p38,ce0.1,영화 신라리오를 시작으로 이화 영화 싸운드 3와 영화 영상 눈법 사화 영화 차량과 조명등 영화 각 군야 전문과 함제하는 특강을 운영할 되획기다
p38_u97,p38,ce0.5,영화 시나리오를 시작으로 이와 영화 싸운들 3와 영화 영상군법 사화 영화 차령과 저명든 영화 각 군야 점문과 함께하는 특강을 은영할 계획이다
p38_u97,p38,ce1.0,영화 시나리오를 시작으로 이와 영화 싸운드 한와 영화 영상 문법 사와 영화 차현과 조명분 영화 각 군야 점문과 함께 하는 즉강의 은영할 계획이다
p38_u97,p38,ce2.0,영화 신나리오를 시작으로 2와 영화 싸운들 3와 영화 영상 물법 사와 영화 철령과 조명중 영화 각 군야 전문가 사게 않는 뜻강을 은영할 되획이다
p38_u97,p38,ce5.0,영화 신나디오로 시작으로 이와 영화싸운들 3화 영화 영상분번 상화 영화 차령과 조명중 영화 각 군야 점문과 함세하는 특강을 우영할 되획이다
p38_u97,p38,ce10.0,영화 신나리오를 시작으로 이와 영화 싸운즈 3와 영화 영상 문법 차화 영화 차량과 저명중 영화 각 분야 전문가 함게하는 특강을 은영할 되획기다
p38_u98,p38,taps,충국 그육 명구 종부원는 학교 영화되작 활성하을 위해 혀작하는 영화제작 정비 원스톱 지원 서비시를 은혀하고 있어 학게 영화제작을 각격 지원하고 있다
p38_u98,p38,ce0.0,층복 글육 영구 종부원을 학표 영화제작 활성하을 위해 차작하는 영화져작 정비 원스터 지원 서비스를 은영하고 있어 학혀 영화져작을 각스극 지원하고 있다
p38_u98,p38,ce0.1,순복그육 영구 정부어는 학투 영화제작 활성하을 위해 차작하는 영화제작 정비 원스톱 지원 서비스를 유역하고 있어 학트 영화제작을 자스득 지원하고 있다
p38_u98,p38,ce0.5,승복들육 병구 동부원는 학교 영화대작 활성화을 위해 사작한된 영화대작 종비 원스토 지원 서비스를 유영하고 있어 학교 영화대작을 적끝 지원하고 있다
p38_u98,p38,ce1.0,순복그육 영구 종보하는 학교 영화대작 할성하을 위해 철작하는 영화제작 정비 원스토 귀원서비스를 운영하고 있어 학교 영화제작을 적끗 지원하고 있다
p38_u98,p38,ce2.0,승부글육 영구 정보원을 사표 영화제적 할성하을 위해 철작하는 영화제작 정비 원스토 지원 서비스를 유냥하고 있어 학표 영화제작을 조극 지원하고 있다
p38_u98,p38,ce5.0,식복국육 영구 경부원는 학교 영화대작 할성화라 위해 처작간의 영화대작 정비 원스터 지원 서비스를 의려하고 있어 학교 영화되작을 작스득 지원하고 있다
p38_u98,p38,ce10.0,충복교육 영두 정보하는 학표 영화제작 활성하을 위행 처작하면 영화제작 정비 원스토 지원 서비스를 유영하고 있어 학표 영화제작의 저극 지원하고 있다
p38_u99,p38,taps,사끼에서 제작된 영원은 온늘 cp래 열리는 3의 1국 불육 영화지를 통해 광격에게 선고입다
p38_u99,p38,ce0.0,학취에서 제작된 영원은 오늘 cc월r 열리는 3의 1국 구육 영화지를 통해 강택에게 선보입다
p38_u99,p38,ce0.1,사귀에서 제작된 영원은 온늘 cpl래 열리는 3의 천국 그 병화질를 통해 강격에게 선보인다
p38_u99,p38,ce0.5,닥귀에서 제작된 영원을 온늘 cpr 열리는 3의 1속 들 명화으를 통해 강계에게 선보인다
p38_u99,p38,ce1.0,학개에서 제작된 여원은 온늘 cplr 열리는 3에 철국 그 영화지를 종해 강계에게 선보인다
p38_u99,p38,ce2.0,학회에서 제작된 영원은 온늘 cplr 열리는 3의 초국 그 영화들를 통해 광계획에 선보인다
p38_u99,p38,ce5.0,사교에서 제작된 영원은 온늘 cp월r 열리는 3의 천국 교육 영화으를 통해 강계에게 선보인다
p38_u99,p38,ce10.0,사결에서 제작된 영원을 오늘 ctlr 열리는 3의 충국 그 영화지를 통해 강계획해 선보인다
p41_u00,p41,taps,근건히 여사는 21일 현능의 정상해담 하능 만찬히 열인 공및 직황 통물 간에서 초 발이든 미국 대통령을 남편 능석을 대태는과 게 임접했다
p41_u00,p41,ce0.0,근건히 여사는 21일 혈의 정상해담 찬녁만찬히 엘인 공립 증앙 통물간에서 초 발이은 미국 대통령을 담편 진색을 대택는각 있게 염접했다
p41_u00,p41,ce0.1,근건히 여사는 2v1일 흥미 정상해 담 하님 만찬 열긴 궁립 지황 방물가면서 초 발일은 미국 베통령을 남편 눈석을 재터면과 게 인접했다
p41_u00,p41,ce0.5,긴건이 여사는 2v1일 현미 정상해 담 하님 만찬이 열린 국및 증험 홍물가에서 소 발이든 미국 대통령을 남편 눈석을 대통령강게 연접했다
p41_u00,p41,ce1.0,근건이 여사는 이sv를 흥의 정상해담 하닌 만찬히 열린 국및 중험 방물 간에서 초로파이은 미국 대통령을 남편 눈석을 대터용과있게 용접했다
p41_u00,p41,ce2.0,근건히 여사는 이cd일 흥리 정상해 담 하염 만찬이 열긴 국립 직험 황물간에서 소 발일든 미국 대통령을 담편 눈사을 대통령과 있게 행접했다
p41_u00,p41,ce5.0,근건 여사는 21일 행의 정상해 담 하님 안찬히 열긴 공립 지앙방물간해서 초 발이든 미국 대통령을 남편 눈색을 대통영과 있게 영접했다
p41_u00,p41,ce10.0,근건이 여사는 의술일일 흥의 정상해담 사용만찬히 열진 국및 증각 평물 간해서 초파이은 미국 대통령을 남편 눈석을 재통령과게 연접혔다
p41_u01,p41,taps,이난 대통행실를 등에 따르면 힌색 터피을 정장자림에 올림머리를 하고 힌색 장업을 김 긴몇하는 만산장의 되착한 다이든 대탱영과 악수하며 단따나 인사를 남했다
p41_u01,p41,ce0.0,이 날 대통명실를 둔에 따르면 행색 터끼스 정장차림에 올림머리를 하고 힌택 장감을 긴 김몇하는 완찬장의 되착한 발이든 대통는과 악수하며 반단한 인사를 남호있다
p41_u01,p41,ce0.1,이 날 제통형실 등에 따르면 힌색 택피스 정장차림에 울림머리를 하고 힌색 장감을 긴 김몇하는 만찬장의 교착한 발이든 대탱원과 악수하며 반따한 인사를 남몇다
p41_u01,p41,ce0.5,이날 제통용실를 등에 따르면 힘색커피스 정장자인에 올림머리를 하고 힘색 장감을 긴 중여하는 만천장의 교착한 바이든 되통연과 악수하며 반단한 인사를 넘했다
p41_u01,p41,ce1.0,이할 제통형실 동에 따르면 인색 크비스 정장자인에 올림버리를 하고 인택 장각을 긴 김여하는 한천장의 도착한 발이든 대통영과 악수하며 단단한 인사를 넘했다
p41_u01,p41,ce2.0,이날 대통형실 등에 따르면 신색 특피스 정장자인에 올림머리를 하고 인색 장각을 긴 김여하는 만천장의 되착한 발이든 대통용과 악쓰하며 단단한 인사를 넘냈다
p41_u01,p41,ce5.0,이날 재통형필 등에 따르면 힌색 택비스 정장자림에 올림머리를 하고 행색 장각을 긴 긴려하는 완천장에 도착한 발이든 대통영과 악수하며 단따한 인사를 낭했다
p41_u01,p41,ce10.0,이날 대통 용실를 등에 따르면 힌색 특비스 정장차인에 올림버리를 하고 힌색 장감을 긴 김여사는 반천장의 더착한 바이든 대터연과 악수하며 반단한 인사를 넘했다
p41_u02,p41,taps,김여사은 인사후 발이은 대통령 눈 대탱행과 함께 동물 감내 경천 사지 식청 접합과 항난 대통 복군 축더 근관 청년 4염 영동공통 작음을 갈람했다
p41_u02,p41,ce0.0,김며사는 인자후 발이진 대통령 눈 대통행과 함께 당물관내 경선사지 식청석합과 황남대통 복분 축더 근관 청년 4염 영동공통 작음을 관람입다
p41_u02,p41,ce0.1,김여자는 인사후 발의은 대통령 눈 대통행과 함께 당물 관내 경천사지 식생벽합과 황난대통 복분 출더 금간 청년4염 영동공통 작음을 결람했다
p41_u02,p41,ce0.5,긴여산은 인사후 발의은대통령 은대통연과 함께 당물 관내 경선 사비 시청접합과 할만 대총 복분 술터교요관 총년4염 영동공둔 작음을 관람했다
p41_u02,p41,ce1.0,김여사은 인사후 발이은 대통령 은 대통령과 함께 방물관내 경선사이 충접답과 항황대총 복분 수터금관 충년자년 명동궁궁 작금을 결람혔다
p41_u02,p41,ce2.0,김여사는 인사후 발이은 대통령 은 대통명과 함께 정물관내 경순사지 시칭속답과 평한 대총 복분 술떨군관 청민 자염 영동권등 작음을 관람했다
p41_u02,p41,ce5.0,김여사는 인사로 발이은 대통년 눈 대통연과 함께 당물관내 경천사질 시칭속합과 항만 대통복분 초각 금관 청년4염 영동건통 작음을 갈람했다
p41_u02,p41,ce10.0,직여자는 인사로 자의 준 대통령 은대통년과 함께 통물관내 경선 사지 1충접합과 홍한 대총 복분 추더금관 총년4년 명동동등 작음을 관람했다
p41_u03,p41,taps,금며사는 작통 걸람후 이진 공식 현양 만탕행가에는 3석하지 않았다
p41_u03,p41,ce0.0,금며사는 작풍 관람호 이에진 공식 환양 만청행다에는 3접하지 않았다
p41_u03,p41,ce0.1,김여사는 작통 걸람후 이여짐 공식 환양 만타형타에는 3석하지 않았다
p41_u03,p41,ce0.5,김며자는 작품 관람후 이여진 공식환역 만터형가에는 3적가지 않았다
p41_u03,p41,ce1.0,길며자는 작품 관람보 이아진 공객 허역 만청행가에는 섬적하지 않았다
p41_u03,p41,ce2.0,겸여사는 작품 관람후 이여진 공식 환년 만처행가이는 술적하지 않았다
p41_u03,p41,ce5.0,김여자는 작품걸람후 이여진 공기환역 만청맹타에는 3적가지 않았다
p41_u03,p41,ce10.0,겸여자는 작통 관람후 이야지 공식 현령 만처행다에는 3적하지 않았다
p41_u04,p41,taps,당초 금여사는 예교회 있어 엄격한 상워즐위에 따라 바이든 대청양이 방하하는 2박3일동한 모습을 절러내지 않고 즐용한 내조를 할 것으로 정방됩다
p41_u04,p41,ce0.0,당초 금여사는 예교회 있어 엄께한 참워주위에 따라 발이은 대청령이 방하하는 2박3일도한 모습을 제혼내지 않고 즐로한 내조의 할 것으로 정방됩다
p41_u04,p41,ce0.1,평초 금여사는 예교회 있어 엄격한 상호주위에 따라 바이든 대통령이 방하하는 2박3일도한 모습을 절러내지 않고 들로한 내조를 할 것으로 전방됩다
p41_u04,p41,ce0.5,당초 금녀사는 외교회 있더 엄격한 상로주위에 따라 발이든 대통령이 당하하는 이박3일 동안 5습을 절러내지 않고 부용한 내줄를 할 것으로 전망됩다
p41_u04,p41,ce1.0,당초 금여사는 예교회 있더 엄곁한 성워주위에 따라 바이든 대청령이 방하하는 이박3일 도한 보습을 철러내장 않코 등한 내돌의 할 것으로 정망이됩다
p41_u04,p41,ce2.0,정초 김여사는 외교회 있더 엄격한 창워주의에 따라 다이전 대통령이 방하하는 2박3일 도한 5습을 철러내지 않고 되용한 내돌의 할 것으로 전방됩다
p41_u04,p41,ce5.0,정초 김여사는 예교회 있어 엄격한 창호주위에 따라 바의전대청향이 당하하는 2박3일또안 보습을 철러내지 않고 되용한 내줄를 할 것으로 전망됩다
p41_u04,p41,ce10.0,평초 김여사는 외교회 있어 음각한 향호주위에 따라 발이든 대통령미 방하하는 2박3일동한 모습을 절러내지 않코 죄요한 내조를 했것으로 전망됩다
p41_u05,p41,taps,다이른 대통명이 이반 당안에서 구임질 자이른 몇사와 동애하지 않았기 때문입데 이의 지면사도 모습을 저러내게어를 것이한 반치이 길배적이했다
p41_u05,p41,ce0.0,바이은 재통 명이 이번 반안에서 군인 질 바이인 몇사와 통의 하지 않았기 때문인데 이에 진몇사도 모습을 저러내개어를 것이한 반측이 비배적이했다
p41_u05,p41,ce0.1,바이은 재통명이 이반 방안에서 부임질 자이은 몇사와 동의 하지 않았기 때문인데 이의 기면사도 모습을 드러내게어를 것이한 간측히 기배적이었다
p41_u05,p41,ce0.5,바이든 재통 양이 입반 방안에서 구인실 바이든 몇사와 동역하지 않았기 때문데 이의 직년사도 모습을 저러내개울를 것이한 간축이 집배적이었다
p41_u05,p41,ce1.0,다이은 재통향이 이번 방안에서 위인질 바이른 여사와 동행하지 않았기 때문인데 이의 경년사도 모습을 드러내게 어을 것이한 간축이 기배적이었다
p41_u05,p41,ce2.0,다이든 대통령이 이번 방안에서 구인질 자이든 여사와 통의 하지 않았기 때문인데 이의 귀여사도 모습을 드어내겨어를 것이한 간측이 기배적이었다
p41_u05,p41,ce5.0,다이든 대통 영이 입반 방안에서 부인 질 자이든 여사와 동행하지 않았기 때문인데 이의 짐년사도 모습을 드어내겨어을 것이한 간축의 기배적이었다
p41_u05,p41,ce10.0,발이은 대통 영이 입번 방안에서 부인질 자이든 여사와 동용하지 않았기 때문인된 이의 규여사도 모습을 저어내게어를 것이한 간축이 기배적이었다
p41_u06,p41,taps,그러나 비공식 형사 등을 공해에 바이은 대터령에게 인사하는 것을 예로 변단 이날 만태 형사 전행 탐짝 등강했다
p41_u06,p41,ce0.0,그러나 비공식 형사등을 동이에 바이은 대터령에게 인사하는 것을 예의롭 변단 이날 만편 형사전에 뽐짝 등상했다
p41_u06,p41,ce0.1,그러나 비공식 행사 등일 통해에 바이은 대통령에게 인사하는 것을 예의로 변단 인날 만천행사 전행 탐짝 등강했다
p41_u06,p41,ce0.5,그러나 비공식민사동을 공해에 바이은 되통령에게 인사하면 것을 예의로 반단 이날 만처행사 전에 삼짝 동강했다
p41_u06,p41,ce1.0,그러나 디공시 코민사 동일 공해 바이든 대터령에게 인자하는 것을 예의로 반단 인날 만천행가 더낸 감짝 동이강했다
p41_u06,p41,ce2.0,그러나 비공식 형사 동일 공이 바이던 대통령에게 인사하는 것을 예로 변단 인날 만천 행사 전에 검짝등이강했다
p41_u06,p41,ce5.0,그러나 비공식 형사 동을 통해 발이던 대터형에게 인사함는 것을 내로 반단 인날 만천했사 전행 감짝 동경했다
p41_u06,p41,ce10.0,그러나 비공시 형사 전의 공해 바이은 대터명에게 인소하는 것을 예의로 변단 이날 만처형사 전행 감짝 등경했다
p41_u07,p41,taps,강방찬 전 애셀틀라스 자산 온념해장이 금인 감동원 대대심이 위하느에서 직무 정리 접분을 받았다
p41_u07,p41,ce0.0,광방 찬 전 애슬틀라스 자선 온념 해장이 금유 감동원 제대 심이 위해하느에서 직무 정리 접분을 받았다
p41_u07,p41,ce0.1,강방찬 전 에셀틀라스 자산 온념 회장이 금육 담동원 재대 심이 위하느에서 증로 정기 접분을 받았다
p41_u07,p41,ce0.5,감무방찬한 전 애슬틀날스 자단 온역해장이 금육 관동원 대대시이 위하능에서 승국 정립 접문을 받았다
p41_u07,p41,ce1.0,감방처한 전 애슬틀라스 자사 온역해장이 금육 감동원 제대신의 위해한내에서 증목 정뒤 접분을 받았다
p41_u07,p41,ce2.0,강방찬한 전 애슬틀라스 자산 온역해장이 금육관동원 대대심이 위어느에서 중무 정지 처분을 받았다
p41_u07,p41,ce5.0,강방찬한 전 애셀틀l스 자사운 여 회장이 금육 감동원 제대신의 위언해에서 직우 정기 접분을 받았다
p41_u07,p41,ce10.0,강방찬 전 애셀틀라은 사산오역해장이 금육 감동원 재대신의 일어내에서 승구 정기처분을 받았다
p41_u08,p41,taps,1부을 금육투자 없게 따르면 근거머은 전날 열린 데대 시이 위원내에서 강건 회장에 되해 짐무 종주와 가태로 부가행을 결정했다
p41_u08,p41,ce0.0,시부을 금육투자없게 따르면 금거머은 전날 열린 되제 신리 위원내에서 강건 회장에 대해 직무 정주와 가태로 부가등을 결정했다
p41_u08,p41,ce0.1,시부일 금육 투자 없게 따르면 금검머은 전날 열린 데대 시의 유원내에서 장건 회장에 대해 직무정지와 가태로 부가행을 결정했다
p41_u08,p41,ce0.5,1부일 금육 추자없게 따르면 금거머는 전날 열린 되대시이 유원내에서 당전 회장의 대 증무 성지와 가태로 부가등을 결정했다
p41_u08,p41,ce1.0,시포일 금육 추자 없게야 따르면 금감머은 첫날 열린 제대시이 위원내에서 당전 회장의 대해 직목정교와 같태로 부가은을 결정했다
p41_u08,p41,ce2.0,시프을 금육 추자없게 따르면 금거머은 전날 열린 대제심이 위원내에서 장전 회상의 대해 직무 정이기와 같태로 부가청을 결정했다
p41_u08,p41,ce5.0,15일 금육 투자없게 따르면 군거머은 전날 열린 되죄 신의 위언내에서 강전 회장에 대해 직무 정이기와 같태를 부가등을 결정했다
p41_u08,p41,ce10.0,시포을 금육 추자없게에 따르면 근과하은 전날 열린 되체 시류 이어내에서 강전 회장의 되 침무 정주와 같태로 부가등을 결정했다
p41_u09,p41,taps,이먼에 대한 분계는 두의 드의적 경고 문체 경고 직무 동기 행인 경고로 나인다
p41_u09,p41,ce0.0,이먼에 대한 등계는 두의 뒤의적 경고 문체 경고 징무 정직 해인 경고로 나인다
p41_u09,p41,ce0.1,이먼에 대한 등죄는 주의 주의적 경고 문책 경고 직무 정지 해인 경고로 나인다
p41_u09,p41,ce0.5,이먼에 대한 군계는 주의 주의작 경고 문택 경고 직물 정귀 해인 경거로 나인다
p41_u09,p41,ce1.0,이 몬에 대한 공계는 주의 귀적 경고 문책 경고 중무 덕귀 해인 경고로 나인다
p41_u09,p41,ce2.0,이몬에 대한 중배는 주 주의작 경고 문책 경고 직모 정이기 행인 경고로 나인다
p41_u09,p41,ce5.0,이몬에 대한 경계는 주의 주의적 경고 문체 경고 직무 정주 행인 경고로 나니입다
p41_u09,p41,ce10.0,이몬에 대한 공배는 주 주의작 경고 문책 경고 증무 정지 행 경거로 나인다
p41_u10,p41,taps,칭무 종기의 경우 통호 4명간 금영건 이먼 치업이 개한되는 중긴 개에 해당한다
p41_u10,p41,ce0.0,칭무 종기의 경우 황호 자양간 금영건 이먼 치업이 대한되는 중진계에 해작한다
p41_u10,p41,ce0.1,칭무 정귀의 경우 향우 사양간 금염건 이먼 치업이 재한되는 중긴개에 해당한다
p41_u10,p41,ce0.5,충무 정뒤의 경우 향무 자년간 금육건 이먼치업이 재한되는 중김대에 해당한다
p41_u10,p41,ce1.0,평무 정뒤의 행우 행무 자년간 금영건 이먼 치업이 지한되는 중긴 되에 해당합다
p41_u10,p41,ce2.0,칭무 정지의 경우 홍우 자명간 금영건 이먼 치업이 대한되는 종짐 대에 해당한다
p41_u10,p41,ce5.0,칭무 정지의 경우 향우 사형간 금민건 이먼치업이 재한되는 종긴개에 해당합다
p41_u10,p41,ce10.0,충무 정기의 경우 홍호 자년간 금육건 이먼치업이 재한되는 중김개에 해당한다
p41_u11,p41,taps,강전 회장은 차명 수작 의혹이 불어일이 빛전 지난 7를 재명있선에서 물루난바 있다
p41_u11,p41,ce0.0,강전 회장은 최녀 수자 의혹이 불어지기 빛전 지난 치를 경령읽선에서 물로난바있다
p41_u11,p41,ce0.1,강전 회장은 처명 추자 의옥이 불어집이 직전 지난 7를 등령있선에서 물로난바 있다
p41_u11,p41,ce0.5,강점회장은 사명 투작 의혹이 불고 누비빛견 지난 7을 경령요섬에서 물로남바 있다
p41_u11,p41,ce1.0,강점회장은 1명수장 의혹기의 불고두이 북변 지난 7을 전영일선에서 물로남바 있다
p41_u11,p41,ce2.0,강전회장은 참맹수잘 의혹이에 불고뜨기 북견 지난 7를 경령열설에서 물루남바 있다
p41_u11,p41,ce5.0,강점회장은 차명 수자 의혹이 불고두기 북점 지난 치월 경령요선에서 물로남바하 있다
p41_u11,p41,ce10.0,장점회장은 참명 수장 의혹이 불어지기 극전 지난 7을 경령류섬에서 물러 남바하 있다
p41_u12,p41,taps,금거머은 에새틀로스 음명을 대상으로 한 정기 공사 가정해서 강해장이 차명을 통안 자기 메매른 헤로 정황해 평겠다
p41_u12,p41,ce0.0,금가원은 새플로스 음명을 대상으로 한 정기 공사 바아해서 강해장이 차여토한 자기 메매를 형정황해 평겠다
p41_u12,p41,ce0.1,금가원는 e새플l스 우명을 대상으로 한 정기 공사 바정에서 강해장이 차명을 통안 자기 메매를 혈름정안을 평겠다
p41_u12,p41,ce0.5,금가원은 새플레스 음명을 계상으로 한 정비 공사 바아오에서 강해장이 차명을 통한 자기 내매를 형정항을 풀록켰다
p41_u12,p41,ce1.0,금가원은 역색7럽스 의명을 계상으로 한 정기 공사 바정에서 강해장의 찬명의 통원 자기메매를 희원정항에 평겠다
p41_u12,p41,ce2.0,금가원은 1새술로스 운형을 계상으로 한 정기 공상 가정에서 강해장이 처형을 통문 자기내매른 희험정항을 터겠다
p41_u12,p41,ce5.0,군가원는 역틀월스 운명을 계상으로 한 정기 공사 바정해서 강해장의 처명을 통한 자기 메매를 협험정황을 향겠다
p41_u12,p41,ce10.0,금가원은 67수운명일 계상으로 산 정기 공상 가져우해서 강해장이 처명을 통원 자기 메매를 희형정황을 청겠다
p41_u13,p41,taps,근과원는 공요 피스 없체 원덮들러스매에 강해장이 계인 자금을 대항해든디 법일 명위로 주식 구자를 한 것이 3구자 자기 매매라고 판단했다
p41_u13,p41,ce0.0,금가원는 공요 피스 없체 원접들레스매에 각해장이 계인 자금을 대항해준뒤 법일 명이로 주식 두자를 한 것이 생명구자 자기 매매라고 판단했다
p41_u13,p41,ce0.1,금가원는 공요피스 없체 원덮들러스배에 각해장이 계인 자금을 대양해든디 법의 명이로 중식 두자를 한 것이 1구자 자기 매매라고 판단했다
p41_u13,p41,ce0.5,금가원는 공요 피스 없체 원덮플레 되에 강해장의 계임자금을 대항해준뒤 법인 명이로 주식 구자를 한 것이 스구자 자기 매매라고 판단했다
p41_u13,p41,ce1.0,금가원는 공류없피스 없체 원덮들는 때에 강해장이 계인 자금을 등야해 해준뒤 법비 명이로 죽식 구자를 한 것이 처구자 자기 매매라고 편단했다
p41_u13,p41,ce2.0,금가원는 공유오피스 없에 원덮들러되에 각해장의 교인 자금을 대영해준뒤 법비 명이로 주식 두자를 한 것이 수행구자 자기 내매라고 판단했다
p41_u13,p41,ce5.0,금가면는 공유피스 없체 원덕플레스드에 강해장의 교인 자금을 대야해준뒤 법의 명이로 주식 두자를 한 것이 1명구작 자기 매매라고 판단없다
p41_u13,p41,ce10.0,금과원는 공요티스없체 원덕플레스 대에 강해장육 계인 자금을 대연해준뒤 법의 명위로 주식 두자를 한 것이 수명구작 자기 내매라고 판단했다
p41_u14,p41,taps,원더플로스는 강해장이 대추두 강해장의 딸이 이대 주주로 올라와 있다
p41_u14,p41,ce0.0,원덕플로스는 가해장이 대죽구 가해장에 딸이 이대 주주로 올라와 있다
p41_u14,p41,ce0.1,원저플러스는 가해장이 대추주 가해장의 딸이 위대 주주로 올라와 있다
p41_u14,p41,ce0.5,원더플러츠는 강해장의 대죽으 강해장의 딸이 이대주주로 올라와 있다
p41_u14,p41,ce1.0,원더플로스는 강해장이 대죽구 강해장의 딸이 위대주주로 올라와 있다
p41_u14,p41,ce2.0,원더플러스는 당해장의 대추구 당해장의 딸이 이대주주로 올라와 있다
p41_u14,p41,ce5.0,원더플러스는 강해장이 대죽구 강해장의 딸이 위대 주주로 올라와 있다
p41_u14,p41,ce10.0,원d플ls는 강해장유 대 주주 강해장의 딸이 이대 주주로 올라와 있다
p41_u15,p41,taps,긍감 원에 최대심 이후 계제는 금명 예언에 증것 섬물 이야내 금명이 정의 회해를 거쳐 채종 결정된다
p41_u15,p41,ce0.0,궁감 원의 제대심 이후 대제는 금명 예언에 증가 섬물 위아는 금명이 정네 해이를 갖쳐 채정 결정된다
p41_u15,p41,ce0.1,긍감원에 제대심 이후 계제는 금육 위원해 증가 섬물 이암에 금욕이 정네 회이를 갖쳐 세정 결정변다
p41_u15,p41,ce0.5,금감던에 조대심 의후 제대는 금욕 이영해 증가 슴물 예어에 금욕의 정매 회이를 거차 최정 결정된다
p41_u15,p41,ce1.0,궁감원의 적대심 이후 제대는 금육 위안에 등건 섬물 위안에 금육이 정네 회이를 거쳐 체정 결정변다
p41_u15,p41,ce2.0,근감원에 제대심 이후 대제는 금욕 위원해 증가 섬물 위어는 금육이 정네 회이를 거터 채종 결정된다
p41_u15,p41,ce5.0,금감원에 제대심 이후 대제는 금육 이원해 증건 삼매 위안해 금용이 정네 회이를 거쳐 체정 결정된다
p41_u15,p41,ce10.0,금가원에 제재심 이후 제제는 금욕 이언해 중가 섬을 이언에 금용의 정네 회이를 갖차 체종 별정된다
p41_u16,p41,taps,온산 중국 원도신 통점 가은 종국텔전 장해의 해전 기간동안 혼님 마디 택정할을 행탈를 말련한다
p41_u16,p41,ce0.0,온산 중국 원독인 통점관은 중국채점 장해의 태전 기간동안 혼민 마이 택정할 힌파를 말합했다
p41_u16,p41,ce0.1,얼산 중국 원도신 탕점 관은 종국체전 장의이체전 기간동안 손님 마지 택장할를 행활를 말련합다
p41_u16,p41,ce0.5,옳산 중국 원도신 탕점관은 중국 체점 장애인 체전 기간또안 혼민 마이 특경할 행활를 말련냅다
p41_u16,p41,ce1.0,올잔 중국 원독긴 청점관은 중국체전 장해인 체전 기간동안 혼민마이 택경활을 맹활를 말음냅다
p41_u16,p41,ce2.0,얼산 중국 원도신 통점관은 중국 채전 장의인 표전 기간동안 혼망 마이 특정활의 생사를 말을한다
p41_u16,p41,ce5.0,울산 중국 원도심창점관은 중국 체점 장해인 체전 기간또만 순님 마이 특결 할 행달를 말련했다
p41_u16,p41,ce10.0,얼산 중국 원도신 통점관는 중국체전 장해인 체전 기간동안 손님 마디 택정할의 행사를 말을행다
p41_u17,p41,taps,증군는 오는 7일부터 이기 잘일가지 문화의 거리와 보세거리 젊음의 거리 열곱시키의 상잠음 여은나홉곳이 특절 현문화를 지향인다고 예길 밝겠다
p41_u17,p41,ce0.0,중구는 오는 7일부터 2잘 가주 문화의 거르와 보세거리 젊음의 거리 열검시진의 성잠음 여드나홉 곳이 특절 현궁사를 지행는다고 예길 백겠다
p41_u17,p41,ce0.1,중구는 오는 7일부터 이기 잘가지 문화의 거리와 보세거리 젊음의 거리 열검 비진의 생잠 여드나홉 곳이 택절 현명화를 지행한다고 여기를 밝겠다
p41_u17,p41,ce0.5,중군는 오는 7일부터 이시 달일 가들 문화일 거리와 보세거리 젊몸의 거리 월컴비끼의 청장함 여드나홉 곳이 특절 혈민하를 지행한당고 여일 밝겠다
p41_u17,p41,ce1.0,중군는 오는 1일부터 2집 잘까지 문말 걸리와 보세거리 젊몸의 거리 열검비진의 성장음 여드나홉곳이 특전 순민사를 지행한당고 여길 곡겠다
p41_u17,p41,ce2.0,중구는 오는 7일 부터 24일까지 문화 걸리와 보세걸리 젊름의 걸리 월검지티의 생장 여드나홉 곳이 특별 현행사를 지행한다고 여길를 보겼다
p41_u17,p41,ce5.0,중군는 오는 7일부터 2 잘일가지 문화 걸리와 보세거리 젊음의 거리 멸함 시키의 창장음 여드나없 곳이 특절 할 행사를 지행한다고 요길를 밝혔다
p41_u17,p41,ce10.0,중군는 오는 7일부터 24일가지 문화 걸리와 보세거리 젊음의 거리 열검시티의 송잠 여드나 보시 특전 환평사를 지행한다고 요길 밝켰다
p41_u18,p41,taps,이짝권이나 홍부물든 정우 태정 관련 물픔을 즐고 해장 수을 방문하면 재풍 과격 하림과 물러움몇든 다양한 했택에 받을 수 있다
p41_u18,p41,ce0.0,이짝건이나 흥부물든 정우 체령 발련 물픔을 즐보 해장소를 장문하면 재품화격 화림과 물려움몇든 다항한 했택에 받을 수 있다
p41_u18,p41,ce0.1,입잔권이나 항부물든 정국 체정 발련 물픔을 질고 해장 수을 방문하면 재픔 과격 하림과 무려움몇든 가양한 했표에 받을 수 있다
p41_u18,p41,ce0.5,입장권이나 흥부물든 정국 최정 발련 물품을 즐고 해당 소을 당문하면 재품가격 하림과 우려움녀든 가양한 했탁에 받을 수 있다
p41_u18,p41,ce1.0,끼장권이나 흥부물등 정육 체정 관일련 물품을 즐고 해당소를 정문하면 재풍과격 하인과 무려움몇든 다양한 협택에 받을 수 있다
p41_u18,p41,ce2.0,입장건이나 행공물준 정국 체정 발련 물픔을 즐고 해당우소를 방문하면 재품가격 하림과 모려움여든 당양한 했택을 받을 수 있다
p41_u18,p41,ce5.0,입장권이나 행부물등 정국 체정 발련물부을 즐고 해장 수을 장문하면 재품하격 하림과 모려움유든 다양한 했택을 받을 수 있다
p41_u18,p41,ce10.0,입장권이나 홍국물등 정국 체정 발련 물품을 즐고 해장 수을 장문하면 재풍화격 하림과 무려 움료든 가양한 협패을 받을 수 있다
p41_u19,p41,taps,또 202기d 정국태전올산 인타 개럼 계정을 팔러오 흉기 이쟁의 배도 같은 했택을 자를 수 있다
p41_u19,p41,ce0.0,또 202기뒤 정국태전 올산 인타 개럼 계정을 팔러고 인지 이쟁의 배도 같은 했택길 자을 수 있다
p41_u19,p41,ce0.1,또 202기v 정국태는 올산 인타 개럼계정을 팔러오 흉기 인경의 해도 같은 했택을 자을 수 있다
p41_u19,p41,ce0.5,또 202기v 정국체년 올산 은타 괴럼 계정을 팔러고 환뒤 일경의 배도 같은 맺택을 자릴 수 있다
p41_u19,p41,ce1.0,또 202기d 정국체는 올산 인타괴럼계정을 팔러워흔디 인중의 배도 같은 몇택일 받을 수 있다
p41_u19,p41,ce2.0,또 202기d 정국체을 올산 인타그럼 계정을 팔러워 환뒤 인중의 배도 같은 했택길 받을 수 있다
p41_u19,p41,ce5.0,또 202기v 정국체는 올사한 인타결럼 계정을 팔러우 환귀 인중의 배도 같은 맺택을 자을 수 있다
p41_u19,p41,ce10.0,또 202기d 정국체년 올수한 인스타그럼 계정을 팔러우 환디 인중의 배도 같트했택을 자을 수 있다
p41_u20,p41,taps,매가 박수의 의산점은 정국 태정 기간 동안 용화 표삼처원 큰공새트 삼처원 하리 의해를 기내야했다
p41_u20,p41,ce0.0,매가 박수의 우산점은 정국 체정 그간 동안 용화표 삼처원 큰건새터 삼처원 하린의 이혜를 기내했는다
p41_u20,p41,ce0.1,매가 박스의 울산점은 정국 체정 기간동안 용화 표삼처원 큰공새태 삼태원 하리 생활를 기내야닙다
p41_u20,p41,ce0.5,매가박스 울삼점은 정룩 태정기간동안 영화 표삼편원 큰법을트 감투음 하리 내활를 지행했다
p41_u20,p41,ce1.0,매가 박술 울산점은 증국 체정기간동안 용화 표삼처원 큰분별트 각처 하리 맹활를 귀내는다
p41_u20,p41,ce2.0,매가박스 울산점은 정국 태정기간떠문 영화 표삼처원 튼훈새트 삼처름 팔리 맹사를 귀내인다
p41_u20,p41,ce5.0,매가 박스 울산점은 정육 체정기간 동만 영화 표 삼천원 큰보을트 삼처음 하리 이혜를 긴내한다
p41_u20,p41,ce10.0,매가 박스 울산점은 정국 체정 귀간 동안 영화 표삼처원 통보스터 삼천원 하리 맹활를 기행했다
p41_u21,p41,taps,중구 문화 거리 208의 입키한 울쌍 태메이 기은 10월 현달 종안 다양한 사통을 23버 하인된 가되고로 풍내 안다
p41_u21,p41,ce0.0,중구 문화 거리 208에 입지한 의쌍 케메이 기은 10월 한달 중안 대한 작품을 23버 하인된 가개오로 평내한다
p41_u21,p41,ce0.1,중구 문화 거리 208의 입지한 울상 케메귀 집은 10월한달뿐면 다양한 다독움을 23버 하인된 가격으로 품해한다
p41_u21,p41,ce0.5,중구 문화 거리 208위키한 울장 케네귀 집은 1월 한달동면 다양한 나동움을 23버 하인된 가되고로 품해한다
p41_u21,p41,ce1.0,중구 문화 거리 28의 6키한 울잔 케메의 뒤은 1월 선달 종안 다양한 사공을 2섬버 하인된 가개고로 품해합다
p41_u21,p41,ce2.0,중구 문화 거리 208에 입키한 울상 크메귀 집은 1월 현달뿐면 대한 사검을 23버트 하인된 가여으로 풍해 안다
p41_u21,p41,ce5.0,중구 문화일 거리 208에 위키한 울산 크낼귀 길은 10월환달중한 다양한 닥품을 26버트 하인된 가격으로 평해 안다
p41_u21,p41,ce10.0,중구 문화 거리 28위지한 울쌍 트맥이 집은 10월 현달 종한 다양한 다음을 23버 하인된 가격으로 풍음해 한다
p41_u22,p41,taps,팀명길 중구 청장은 얼산을 방문한 많은 숭님들의 원도심에서 먹고 즐구고 편히 기는등 도은 추옥을 많이 만들르고 가득이 바랍다고 말했다
p41_u22,p41,ce0.0,금명길 중구 청장은 얼잔을 방문한 많은 승님들의 원도실에서 먹고 즐귀고 편히지는등 좋은 추옥을 마이 만들고 과집이 바랍다고 말했다
p41_u22,p41,ce0.1,낌명길 중구 청장은 울산을 방문한 많은 습님들이 원도심에서 먹고 즐귀고 편히 군낸등 좋은 추옥을 많이 만들르고 과슴의 발한다고 말했다
p41_u22,p41,ce0.5,김령길 중구청장은 얼삼을 방문한 많은 숨님들의 원도힘에서 먹고 죄의보 파히군낸등 도은 추옥을 말이 만들고 가투에 바한다고 말했다
p41_u22,p41,ce1.0,근명길 중구 정장은 얼산을 방문한 많은 숨님덕이 원도심에서 먹고 즐기고 편히기는등 도은 추옥을 발이 만들고 가득이 발람다고 말했다
p41_u22,p41,ce2.0,귀영길 중구 청장은 얼잔을 방문한 많은 숨님들이 온도심에서 먹고 즐계고 편히이는등 좋은 추옥을 바이 만들려고 가슴일 바랍다고 말했다
p41_u22,p41,ce5.0,김양길 중구 총장은 얼잔을 방보한 많은 씀님들의 원도힘에서 먹고 적길고 편히시는등 소은 초옥을 마이 만들고 가득일 바람다고 말했다
p41_u22,p41,ce10.0,금명길 중국총장은 얼잔을 당문한 많은 숨륭들이 원도심에서 먹고 즐길고 편히시는등 좋은 초역을 마의만들고 가습일 바람다고 말했다
p41_u23,p41,taps,한편 울자에서 시7년 만에 열리는 제 백삼의 정국 티획 되와 제 40비의 정국 장인 치개에는 오는 7를부터 이 잘가릴 펼자집다
p41_u23,p41,ce0.0,한 편 을잔에서 시7년 만의 열리는 제 백삼의 정국치익 대와 제 4시비의 정국 장인 치에개에는 오는 7를부터 의기 잘가릴 펼잘집다
p41_u23,p41,ce0.1,한편 울산에서 스7년 만에 열리는 제 백삼의 정국 취획대와 제 4시비의 정국 장인 취획 되에는 오는 치를부터 일 잘까질 펼찰집다
p41_u23,p41,ce0.5,한편 울전에서 수7년 만의 열리는 제 백삼의 정국 치역대와 제 사비비의 봉국 장인 수익되는 오는 필를부터 의것 잘까이 펼잘준다
p41_u23,p41,ce1.0,한편 의자에서 시취년 만이 열리는 제 백담의 정국 시역되와 제 사시비의 정국 장인 시획개에는 또는 세일부터 의자유까질 펼전진다
p41_u23,p41,ce2.0,한편 울잔에서 시취년 만의 열리는 제 백삼의 정국 취역되와 제 사시비의 정국 장인 지역대에는 오는 세일부터 의주 잘까지 펼찰진다
p41_u23,p41,ce5.0,3편 을잔에서 시7년 만의 열리는 죄 백삼의 정국 키획대와 죄402의 정국장인 시획되에는 또는 치일부터 의빛사까질 펼철진다
p41_u23,p41,ce10.0,한편 을자내서 출년 만이 열리는 제 백삼의 정국 치획대와 제4시비의 정국 장인 시에개에는 오는 1일부터 의사까지 펼찰진다
p41_u24,p41,taps,학교 극식을 공급하면서 원산지를 호위 출시한 나프없자들이 인천시에 적발했다
p41_u24,p41,ce0.0,확교 급식을 공급하면서 원선지를 허위출시한 나포없자들이 인천시에 접발댔다
p41_u24,p41,ce0.1,학교 겁식을 공급하면서 원선지를 호위출시한 나품없자들이 인편시에 적발댔다
p41_u24,p41,ce0.5,확교 겁찍을 공급하면서 원선지를 호위출시한 나부 없자들이 인센시에 적발했다
p41_u24,p41,ce1.0,학교 겁식을 공급하면서 원선지를 호이져시한 나부없자들이 인천시에 접발됩다
p41_u24,p41,ce2.0,확교 겁식을 공급하면서 원선지를 허위 출시한 나프 없사들이 인편시에 적발됩다
p41_u24,p41,ce5.0,삭혀 급식을 공급하면서 원선지를 허의출피한 나프없사들이 인편시에 적발댔다
p41_u24,p41,ce10.0,학교 급식을 공급하면서 원선질를 호의 출시한 나툼없사들이 인편시에 적발졌다
p41_u25,p41,taps,인선시 특절 사복 경하은 농구 3물의 원산진 후시등에 관한 법일일반등으로 답품없자 내명을 적발했다고 이집참을 밝켰다
p41_u25,p41,ce0.0,인선시 특절 사법 경찰은 종기 삼물의 원산진 초시등에 관한 덤류 입반등으로 다픔없자 내명을 작발했다고 이기함을 밝켰다
p41_u25,p41,ce0.1,인선실 특질 사법 경찰은 동구삼물의 원산진 표시등에 관한 법일 위반등으로 나품없자 내명을 접발했다고 2집참을 밝혔다
p41_u25,p41,ce0.5,인선주 특별 사법 경차은 롱구 삼물의 원산비 보시등에 관한 검률 입반드으로 답픔없자 내명을 접발했다고 이기참일 밝혔다
p41_u25,p41,ce1.0,인선뒤 특결 사법 경차은 농구 3몰의 원선진 고시등에 가난 범일이반등으로 나픔없자 내명을 적발했다고 이기참일 밝켰다
p41_u25,p41,ce2.0,인선후 특별 사법 경차은 롱구탐물의 원산직 표시등에 가한 범률 입반드으로 나픔없자 내명을 적발했다고 이기탐일 밝혔다
p41_u25,p41,ce5.0,신선뒤 특별 사법 경찰은 동구3물의 원살진 포시등에 관한 범류의반등으로 나픔없자 내명을 적발했다고 이3일 밝켰다
p41_u25,p41,ce10.0,인선수의 특결 사법 경찰은 종기 3물의 원산중 포시등에 가나 분류위반등으로 나픔없자 내명을 적발했다고 이기참이 밝켰다
p41_u26,p41,taps,인천 택사 경은 지나 시자을 부터 2집에까지 철종은 고교 급지 나품없소 서름 곳을 대상으로 단속의 버렸다
p41_u26,p41,ce0.0,인천택자경은 지나 시잠을 부터 2집에까지 초중은 고교 급지 나품먹소 서름 곳을 대장으로 단속의 버렸다
p41_u26,p41,ce0.1,인천 택사경은 지나 시자일부터 20까지 철중은 고교 급직 나픔없소 서른 곳을 대장으로 단속을 버렸다
p41_u26,p41,ce0.5,임천 특사경은 지한 시자일 부터 2집일 가일 소주운 고교 겪직 나품없소 사름 곳을 대향으로 단속의 버렸다
p41_u26,p41,ce1.0,민천특나경은 지난 시자일 부터 2집1 가지 초주운 고교 급직 나픔없소 서른 곳을 대향으로 단속을 버렸다
p41_u26,p41,ce2.0,임천 특자경은 지한 시람을 부터 이십의 가일 소주운 고교걱직 나품없소 서른 곳을 대상으로 단속을 버렸다
p41_u26,p41,ce5.0,인천 특자경은 신한 13을부터 20일 가이 소중은 고교 급식 나음없소 서른 곳을 대장으로 단속을 버렸다
p41_u26,p41,ce10.0,임천특자 경연 시한 1자을 부터 2집1가지 초중운 고교 급식 나으없소 서름 곳을 대장으로 단속을 버렸다
p41_u27,p41,taps,적발된 a 업체는 중식상과 국장 고투가르릴 사고 제조한 김치에 고축하로 원한 류를 국상으로 초지했다
p41_u27,p41,ce0.0,적발전 a 업체는 증기성과 국장 고축가 리었고 제주한 길치에 고축가로 원산 류를 국산으로 초지했다
p41_u27,p41,ce0.1,착발된 a 업체는 증립상과 국장 고축가를리서고 제주한 긴취에 고축가로 원한 일를 극산으로 초지했다
p41_u27,p41,ce0.5,석발된a 없체는 중육상과 국장 고프가르를 더어 제조한 길수의 고축가로 원산 류를 국산으로 초지했다
p41_u27,p41,ce1.0,적발변 a 협체는 중국상과 국단 고축가 일의잡어 제조한 깊지에 고축카로 원산 뒤를 국산으로 쳐지했다
p41_u27,p41,ce2.0,적발된 a 업체는 중국상과 국당 고축가를를 잡어 제주한 김귀에 고축가로 원산 뒤를 국산으로 초시했다
p41_u27,p41,ce5.0,적발된 에 없체는 중국상과 국장 고축가르를 적어 제두한 길취에 고축하로 원산 결를 국산으로 쳐수했다
p41_u27,p41,ce10.0,적발된a 업체는 중국상과 구당 고축가르릴 서어 제조한 길쉬에 고축가로 원산 뒤를 국산으로 표시했다
p41_u28,p41,taps,비협체는 태역섬 낙지와 국상 낙지를 혼났한 낙지의 원산일를 국산 후로 시없체는 죽부산 표고보서을 국산으로 거짓 표시 않기 나품했다
p41_u28,p41,ce0.0,비 협체는 태획섬 낙지와 국상 막지를 혼났단 나지의 원산 뒤를 국잔 우소 시 업체는 중기산 포워보서을 국자으로 거지 표시 않기 나품했다
p41_u28,p41,ce0.1,비협체는 태육산 낙지와 극상 낙시를 혼았한 낙시의 원산 일을 국단 혹 시업체는 중상 표고보서을 국산으로 거짓 초시 않기 나품했다
p41_u28,p41,ce0.5,비협체는 태육삼 낙비와 국상 낙질를 혼았한 낙지의 원산일를 국산 속 시업체는 중육산 플고버서을 국사으로 거짓 초시 한뒤 나품했다
p41_u28,p41,ce1.0,비협체는 태육삼 낙지와 국상 낙질를 환았한 낙지의 원산 매을 국산으로 피없체는 중육삼 표우모서을 국사으로 걸리 표시안디 나품했다
p41_u28,p41,ce2.0,비협체는 태육산 낙지와 극성 낙질를 혼났단 낙지의 원산일를 국산으로 시협체는 죽육상 표로보서을 국상으로 거짓 표시 한뒤 나품였다
p41_u28,p41,ce5.0,피협체는 태육상 낙지와 국상 낙치를 호았한 낙시의 원산지를 국산으로 시없체는 중육상 표로보스을 국산으로 거짓 표시 않기 맞품했다
p41_u28,p41,ce10.0,비협체는 태국상 낙지와 국상 낙시를 혼났만 낙시의 원산 일를 국산으로 시업체는 중국상 표호벗서을 국산으로 거짓 편시안기 나품했다
p41_u29,p41,taps,기 업체는 능동 소옥일를 능장 황사러 보아나다가 축섬을 이생 관립법 이반으로 좋달 했다
p41_u29,p41,ce0.0,뒤 업체을 능동 소옥일를 능장 황서러 보가나다가 축삼을 위협 관립법위반으로 서달했다
p41_u29,p41,ce0.1,귀 없체는 능동 후고일를 능자 홍사로 봉안나다가 축섬을 위생 관립법 이반으로 잡달했다
p41_u29,p41,ce0.5,귀 없체을 능동 수고기를 능장 학회로 보안나다가 수잠을 2생관립법이반으로 서발됩다
p41_u29,p41,ce1.0,그 없체는 능동 수옥일를 능장 확차로 보안 나다가 축섬을 이생 관립법 이반으로 접발됩다
p41_u29,p41,ce2.0,귀 업체는 능동 수옥기를 능장 항사로 보하 나다가 축삼을 위승 관립법 비반으로 접발됩다
p41_u29,p41,ce5.0,피 없체을 능동 후고기를 능장 항찬로 보가나다가 축섬을 위생 관립법이반으로 좋발됩다
p41_u29,p41,ce10.0,귀 없체는 능동 후옥기를 능장 상카로 보하나다가 축섬을 위생 견립법이반으로 석발접다
p41_u30,p41,taps,인선 숙사 경원 적발련 업체에 대해 조사를 버림길 검차의 송치하고 건날 부청의 통보해 행정접부 하도록 고치할 내정이다
p41_u30,p41,ce0.0,인선 숙사경은 적발련 업체에 대해 조사를 버린길 검차의 송치하고 건날 부성의 통보해 행정서분 하도록 고체할 내정이다
p41_u30,p41,ce0.1,인편 숙사경은 적발련 업체에 대해 조사를 버림길 검차의 총치하고 가날 구청의 통보해 행정처분 하도록 교치할 내정이다
p41_u30,p41,ce0.5,인선 숙사경은 접발려 업체에 대해 조사를 버림비 검찰의 송치하고 건날 고청의 통보해 흥장서부 하도록 고취할 여격니다
p41_u30,p41,ce1.0,인편 축사경은 적발려 업체에 대해 조사를 버림뒤 검사의 총치하고 건날 구청의 총보해 행경처부 하도록 거취할 내정이다
p41_u30,p41,ce2.0,인선 축사경은 적발려 업체에 대해 조사를 버림뒤 검차의 송치하고 건날 구성의 통보해 행정서분하도록 고취할 예정이다
p41_u30,p41,ce5.0,인천 축자경은 적발련 업체에 대해 주사를 버린길 검찰의 송치하고 건날 구청의 통보해 홍장처분하더록 고치할 여정이다
p41_u30,p41,ce10.0,인편 축사경은 적발려 업체에 된행에 조사를 버림귀 검찰의 통치하고 전날 구청의 통보해 행장처훈하도록 교치할 여적니다
p41_u31,p41,taps,농수삼을 원산직 조시를 위반하면 7년 이야의 기역이나 이어건 이아의 벌급명의 처해진다
p41_u31,p41,ce0.0,농스 삼을 원산직 초시를 위반하면 7년 이야의 부역이나 이어건 이야의 벌급명의 처해준다
p41_u31,p41,ce0.1,농스삼을 원산직 교스를 위반하면 7년 야일 규력이나 이어건 야의 벌급양이 처해진다
p41_u31,p41,ce0.5,농스 삼을 원산 비초시를 위반하면 실년 이야일 중역으나 이어건 이야일 벌급명의 처해군다
p41_u31,p41,ce1.0,농주삼을 원단집 조시를 위반하면 실년 이야을 죽력이나 이러건 이야을 벽금명의 초해준다
p41_u31,p41,ce2.0,농스 삼을 원산집 교시를 이반하면 7년 이야 겪역이나 이어건 이하을 벌금령의 처해진다
p41_u31,p41,ce5.0,농수삼을 원산직 조시를 위반하면 7년 이야일 경력이나 이어건 이야의 벌급령의 처해준다
p41_u31,p41,ce10.0,농스삼을 원산직 조시를 위반하면 7년 이야 격력이나 이어건 이야 벽금능에 초해준다
p41_u32,p41,taps,축삼물 이선 관립법을 위반하면 3년 이야 부욕이나 통천만원 이야의 발금향에 박게된다
p41_u32,p41,ce0.0,축삼물 이선 관립법을 일반하면 3년 예야 부욕이나 청천만원 이야의 별금향에 받게된다
p41_u32,p41,ce0.1,축섬을 2생 관립법을 일반하면 3년 이야의 주역이나 춤천만은 예야의 벌금향의 박게된다
p41_u32,p41,ce0.5,축3물 2생 관리법을 위반하면 3년 미할 중역이나 돌천 만은 위야의 볼금형을 받게된다
p41_u32,p41,ce1.0,축삼물 이선 관립법을 위반하면 3년 미하의 부욕이나 근천만은 위야의 결금형의 박겠든다
p41_u32,p41,ce2.0,축삼물 이선 알리법을 입반하면 3년히할 분역이나 현천만은 이야의 발금형을 받게든다
p41_u32,p41,ce5.0,축섬물 이생알립법을 위반하면 3년 이하의 분역이나 탐천마한 이하의 벽금형을 받겨든다
p41_u32,p41,ce10.0,축섬을 이성 날리법을 위반하면 3년 이야의 존역이나 원천만은 위야의 발금형의 작겠든다
p41_u33,p41,taps,인천시 관계다는 성장기아이들의 안전하게 목을 수 입는 최제로 공급항경 도성을 위해 학교겁기 나픔없서에 대한 단석을 부석적으로 하겠다고 말했다
p41_u33,p41,ce0.0,인천시 관계다는 총장기아이들이 안전하게 목을 수 입는 쉽제로 공급환경 도성을 위해 학기 곱기 나픔없어에 대앗 잔족을 주적적으로 하겠다고 말했다
p41_u33,p41,ce0.1,인편시 관계다는 성장귀할 들의 안전하게 먹을 수 있는 숙제로 공급항경 조성을 위해 학교겁직 나픔없서에 대한 단석을 부석적으로 확겠다고 말했다
p41_u33,p41,ce0.5,임천지 관계다는 상장 휘할거의 안전하게 먹을 수 입는 시대로 공급항경 도성을 위해 학기겁찍 나픔없서에 대한 단석을 적적으로 확겠다고 말했다
p41_u33,p41,ce1.0,인천지 방계담은 성상귀아이들의 안전하게 먹을 수 입는 시제로 군급 항경 조성을 위해 학교겁지 나픔없서에 대앞 단석을 적적으로 하겠다고 말했다
p41_u33,p41,ce2.0,인천시 관계다는 성장귀하이더이 안전하에 목을 수 있는 숙제로 군급항경 조성을 위여 학교곱지 나픔없서에 대앗 단석을 구적적으로 확겠다고 말했다
p41_u33,p41,ce5.0,인천시 방계담은 형상귀아일들의 안전하게 목을 수 있는 쉽제요 군급 항경 도성을 위해 학교겁식 나품없서에 대앗 단석을 구적적으로 하겠다고 말했다
p41_u33,p41,ce10.0,인천시 관계자은 송상기 아거의 안전막을 먹을 수 있는 1제로 공급항경 도성을 위해 사교급식 나은없소에 대앗 단석을 귀적적으로 확겠다고 말했다
p41_u34,p41,taps,티난의 바월 카을 협약 일후 2의만명에타라는 아프가니스탄 군민들이 해의평길에 올랐다
p41_u34,p41,ce0.0,지난의 바월 커을 허약 일후 2만명에자라는 아프가니스탄 군민들이 해개 킬길에 올랐다
p41_u34,p41,ce0.1,티난의 바월 합을섬약 이후 2명에 자라는 아프가니스탄 금민들이 회개편 길에 올랐다
p41_u34,p41,ce0.5,지난의 8월 칼을 섬약 일후 2만영에 달라는 아프가니스탄 금민덕이 회회피함길에 올랐다
p41_u34,p41,ce1.0,그난의 바월 카을섬약 의후 2명의 달라는 아프가니스탄 국민덕이 회력키름길에 올랐다
p41_u34,p41,ce2.0,드난의 발월 카을허학 이후 2명의 달라는 아프가니스탄 공인들이 해외필름길려 올랐다
p41_u34,p41,ce5.0,귀난의 발월 칼을허락 이후 1의 만명에 달라는 아프가니스탄 국인들의 회외출름길에 올랐다
p41_u34,p41,ce10.0,티난의 발을 칼을 형락 의후 2영의 달라는 아프가니스탄 국민들이 회개출름 길에 올랐다
p41_u35,p41,taps,이들 중 주앞프간 형국 대사간 항국 국제 혈력 던든 가고 항국 갈련 기간에 몸담았던 특별 기어자 398명이 형곡당을 발받다
p41_u35,p41,ce0.0,이들 중 주앞프간 홍국 대사간 항국 국제 혈력 던든 과고 홍국 관련 기간에 몸담었던 특별 기어자 398명이 홍국당을 발받다
p41_u35,p41,ce0.1,이들 중 주화프간 항국 대사간 항국 국제 혈력 던등 과고 항곡 관련 기간에 몸 담았던 특별 기어자 398명이 향곡당을 발받다
p41_u35,p41,ce0.5,입중와프간 항국 대사간 항국국대금력 단등 가고 항국 관령키간에 몸 담었던 특별 기어다 309집8명이 항곡당을 발받다
p41_u35,p41,ce1.0,2들 중 와프간 항곡대사간 항국 국제 협력 단등 가고 항곡 관령귀간에 몸담았던 특별 그어자 39기탐명이 항국당을 발받다
p41_u35,p41,ce2.0,이들 중 주와프간 항국대작간 항국 국제의 험력단든 가고 항국 관령 기간에 몸담았던 특별 그어자 398명이 형국당을 발받다
p41_u35,p41,ce5.0,위들중 주앞프간 형국 제사간 형국국제 혈력 던등 가고 항곡 관년 귀간에 몸담았던 특별 귀어자 398년이 상곡당을 발받다
p41_u35,p41,ce10.0,이들 중 주아프간 홍국대사간 형국국제 협력단등 가고 홍국 관령 기간에 몸다았던 특별 기어자 398명이 성국당을 발받다
p41_u36,p41,taps,전남 여수 행 경찰 기루건에서 약 육개 간에 정착 기우구 거히느들은 올초부터 임에 기억굳고해 철를 잡고 선라고 있다
p41_u36,p41,ce0.0,전남 요수 헤형 경찰 교우건에서 약 6결간을 병착 교우그 거치 누절은 올초부터 김에 기억 그곳을 철를 잡보 성라고 있다
p41_u36,p41,ce0.1,전남 여술 회형 경찰 길건에서 약 6개간의 정착 결의 거치이들은 올처부터 김에 비역 그곳실 혀르잡고 생문라고 있다
p41_u36,p41,ce0.5,전남 여수회한 정찰 결건에서 약 육개를 간에 정착 결의 거이 누절은 올초부터 인네 위억 그곳에 터를 잡보 선능라고 있다
p41_u36,p41,ce1.0,전남 여수 행운 경찰 굴건에서 약 육개간의 정착 교의 거티후들은 옳초부터 궁네 귀역 국곳에 터를 잡고 선문하고 있다
p41_u36,p41,ce2.0,전남 여수 행형 정찰 교우건에서 약 6결간에 병착 교우의 거이누절은 올초부터 긴네 비억 그곳에 철를 잡고 승문다고 있다
p41_u36,p41,ce5.0,전남 여술 회양 경찰 계우건에서 약 6개월간에 병착 교우의 거티류들은 올처부터 긴네 기억 국고해 표를 잡고 생인다고 있다
p41_u36,p41,ce10.0,전남 여숨형운 병찰 교우건에서 약 육개간에 병착 교획의 거티유절은 올초부터 김네 귀역 굳곳에 표를 잡고 생문다고 있다
p41_u37,p41,taps,폭질 기어다중 가장만은 숨을 아홉가고는 울짝 광역주와 현대 증공없됨에 더움으로 일잔 동구에 거처를 말련했다
p41_u37,p41,ce0.0,폭될 그여다중 가장만은 숨을 아홉가고는 울짝 광력지와 흔대 증공없음에 도움으로 위잔 동고에 거처를 마렵했다
p41_u37,p41,ce0.1,폭질 귀여다중 가장많은 스을아홉 가고는 울장 담역지와 행대 증공없등에 교움으로 일산 동구에 거처를 마련했다
p41_u37,p41,ce0.5,특별 교여다중 가장만은 선을 아홉 가고는 울장 당력지와 흔대 중공없등에 부움으로 일잔 동고에 거처를 마할했다
p41_u37,p41,ce1.0,폭별그여다중 가장만은 숨을아홉가고는 울장 동여구여와 흔내 군공없등에 도움으로 일잔 동고에 거처를 만이려렸다
p41_u37,p41,ce2.0,특별그여다중 가장만은 숨을 아홉가고는 울장 광역되와 흔대 등공없등에 보움으로 입찬 봉고에 겉처를 만해졌다
p41_u37,p41,ce5.0,특별그여자중 가장만은 숨을 아업가고는 울잔 광역시와 현대 증공없등에 도움으로 울잔 동고에 거초를 망결했다
p41_u37,p41,ce10.0,특별 귀여자중 가장만은 숨을아홉가고는 울짝 방역시와 현대 정공없정에 보움으로 울찬 동고의 거초를 말련냈다
p41_u38,p41,taps,이들 생계를 책인지는 숨물하음 명에 가장들은 현대 중공없 성력 없체에서 배화 니나 보자 은진 돌리과 앞은 밀을 하고 있다
p41_u38,p41,ce0.0,이들 생개를 세인지는 숨을하음 명에 가장들은 현대 증공업 평력 없체에서 배관 니나 보자 은진 돌리과 같툼일을 허고있다
p41_u38,p41,ce0.1,유들 생개를 세인지는 스물하음 명에 가장들은 현대 중공없 협력 없체에서 배가 니나 도자 은긴 돌릴과 같음밀을 하고 있다
p41_u38,p41,ce0.5,이들 생계를 세인지는 숨무향음 명에 가장들은 현대 중공업 숨력없체에서 배관이나 보장 은진 돌립과 같은 위을 허보있다
p41_u38,p41,ce1.0,이들 생개를 책임비는 스무화험 명에 가장들은 현대 증공업 협력 없체에서 배관이나 보자 인긴 돌리과 같은일을 효고있다
p41_u38,p41,ce2.0,이들 생계를 책근지는 숨무학음 명에 가장들은 현대 중공업 통력 없체에서 배관니나 보장 은진 돌력과 같음일을 허고있다
p41_u38,p41,ce5.0,이들 생계를 최일지는 스모양업 명해 가장들은 현대 중공업 협력 없체에서 백관이나 도장 은진 돌리과 같은 류를 허고있다
p41_u38,p41,ce10.0,이들 생결를 최인지는 숨무나음 명에 가장들은 현대 증공업 평력 없체에서 백관이나 보장 은긴조력과 같으밀을 하고 있다
p41_u39,p41,taps,이 정수 올산한 다문나 지원 센터 장했 따라면 주부들은 다무나 지원 센터에서 진행하는 문화 교육의 받고 아이들은 인근 확교에 간니고 있다
p41_u39,p41,ce0.0,이 정수 올산 다문나 지원 센터 장에 따러년 조부들은 다문나 지원 센터에서 진행하는 문화 교육을 받고 아이들은 인근 확교에 간니고 있다
p41_u39,p41,ce0.1,이 정수울산 다문나 지원 센터 장했 따라면 주부들은 다무나 지원 센터에서 진행하는 문화 교육을 받고 아이드은 인근 학교에 다니고 있다
p41_u39,p41,ce0.5,이 정수 울산 다문나 지원 센터 장에 따라면 주부들은 다무나 지원 센터에서 진행하는 문화 교육을 받고 아이들은 인금 학교에 가여고 입다
p41_u39,p41,ce1.0,이정수 울산 다문나 지원 센터 장에 따라면 수부들은 다무나 지원 센터에서 진행하는 문화 교육의 받고 아이들은 인군 석교에 가니고 있다
p41_u39,p41,ce2.0,이 정수 울산 다문나 죄원 센터 장에 따라면 주부들은 다무나 뒤원 센터에서 진행하는 문화 교육을 받고 아이들은 인금 확교에 간니고 입다
p41_u39,p41,ce5.0,이 정수 올산 다문나 뒤원 센터 장했 따라면 주부들은 다무나 뒤원 센터에서 진행하는 문화 교육을 받고 아이들은 인금 확교해 간니고 있다
p41_u39,p41,ce10.0,이 종숙울산한 다문나 뒤원 센터 장에 따라면 주부들은 다문나 뒤원 센터에서 진행하는 문화 교육의 받고 아이즈은 인근 확교에 가니고 있다
p41_u40,p41,taps,특별 기여자들은 역건 처럼 심분을 지려한 수단이 억서 일장 성활에서 어려움을 겪고 있는 것으로 알려졌다
p41_u40,p41,ce0.0,특결 기여자들은 역건처럼 심문을 증려할 수단이 없서 일장상활에서 어렵움을 갖고 있는 것으로 알려졌다
p41_u40,p41,ce0.1,특별 귀여자들은 역건처럼 심훈을 중려할 수단 없소 일사상활에서 어려움을 겪고 있는 것으로 알려졌다
p41_u40,p41,ce0.5,특별 귀여자들은 격건 처럼 숨분을 중령할 수단이 없어 의장 상활에서 어려움을 겪고 있는 것으로 알려졌다
p41_u40,p41,ce1.0,특별 귀여자들은 역건 처럼 신몬을 중령할 수단이 없더 일장황활에서 어려움을 걷고 있는 것으로 알려졌다
p41_u40,p41,ce2.0,특별 귀여자들은 역은 저럼 숨분을 증력할 수단이 없더 일자상활에서 어렵움을 겪고 있는 것으로 알려듣다
p41_u40,p41,ce5.0,특별 귀여자들은 역건처럼 심훈을 증려할 수단히 없서 의짝상활에서 어류험을 겪고 있는 것으로 알려졌다
p41_u40,p41,ce10.0,특별 귀여자들은 역건 저럼 식훈을 증요한 수단 없어 일자상활에서 어려움을 겪고 있는 것으로 알려졌다
p41_u41,p41,taps,한 특질 기어자는 풍송적인 웹사이트 이움이나 일장 인한 처리 괴자 계설준 여러 방면에서 막히는 일이 만타고 했다
p41_u41,p41,ce0.0,한 특결 기여자는 통송적인 웹사이트 이움이나 일장 인한 처리 계자 계설준 여럽 방면에서 막크는 입이 만하고 했다
p41_u41,p41,ce0.1,한 특결 그여자는 통상적인 웹사이트 이용이나 일상 인원 처리 괴자 계설중 여럽 방면에서 막크는 일이 만하고 했다
p41_u41,p41,ce0.5,한 특별 귀여자는 통상적인 웹사이 크 이용이나 일장위원 절리 계자 교설중 여 방련에서 맡키는 입이 만하고 했다
p41_u41,p41,ce1.0,한 특별 귀여자면 큰홍적인 웹사이트 이용이나 일장 이원 절리 괴작에설중 여러 방면에서 막큰는 입이 만하고 했다
p41_u41,p41,ce2.0,한 특별 그여자는 통성적인 웹사이트 이용이나 일짝 이원 저류 계작개설중 여러 방면에서 마큼면 입이 만하고 했다
p41_u41,p41,ce5.0,한 특될 귀어자면 통황적인 웹사이트 이용이나 일장이원 절리 계자설중 여럽 반면에서 맡키는 입이 만하고 했다
p41_u41,p41,ce10.0,산 특질 귀여자는 통성적인 웹사이트 이용이나 일상 인한 절리 괴작의 설중 여러 방면에서 마키면 일을 만하고 했다
p41_u42,p41,taps,밀국은 항국더 하치 징망 정부 지역사의에 등이나서 아프간 이즈인들에 정착을 덕고있다
p41_u42,p41,ce0.0,미국은 통국더 같칠 증광 정부 시역사의 드이나서 아프간 이중인들에 정착을 덕고있다
p41_u42,p41,ce0.1,미국은 판국과 바이 중황 정부 지역사의 등미나서 아프간 이즈인들의 정착을 덮고 있다
p41_u42,p41,ce0.5,리국은 혼국과 받히 중황정부 시역사의 등이나서 아프한 이즈민들의 정착을 덕고있다
p41_u42,p41,ce1.0,미국은 항국과 같히 군황정후 지역사의 중이나서 아프간 이즈민들에 정착을 덕고 있다
p41_u42,p41,ce2.0,밀국은 항국과 같티 중망정부 지역살의에 등이 나서 아프한 이중인들의 정착을 덮고있다
p41_u42,p41,ce5.0,미국은 항곡과 하칠 직만 정부 시역사회 등이나서 아프간 이주민들의 정착을 덮고있다
p41_u42,p41,ce10.0,미국은 홍국관 같히 중황정부 주역사의 드이다서 아프간 이즈민들의 정착을 덮고있다
p41_u43,p41,taps,리 국토 안부보에 따르면 지난의 팔월 이후 미국으로 건너온 나투간 공류면 약 해만 입0명에 달랍다
p41_u43,p41,ce0.0,리 국토 안부보에 따르면 지난의 파월이후 미국으로 건노온 나투관 공류는 약 체 입0명에 달랍다
p41_u43,p41,ce0.1,밀국토 안부보에 따르면 지난의 파월 이후 이국으로 건놓온 아프간 공위면 약 해만 미0명에 달른다
p41_u43,p41,ce0.5,밀북도 안부보에 따르면 남의 팔월 이유루 위국으로 혼노온 아프관 공류는 야 1 60명에 달랍다
p41_u43,p41,ce1.0,미국토 안부보에 따르면 지나의 팔월 이u이국으로 건노온 나투관국위는 약 침60명에 달른다
p41_u43,p41,ce2.0,밀 국토 안부보에 따르면 주나의 파월 이후 리국으로 건노온 나토관 공리는 약 760명에 달랍다
p41_u43,p41,ce5.0,밀 국토 안부보에 따르면 주난에 8월 이후 미국으로 건노 나투간 공류는 약 해만60명에 달랍다
p41_u43,p41,ce10.0,률 키토 안부보에 따르면 주나의 8월 이후 미국으로 건너온 아토간 공류는 약 760명에 달한다
p41_u44,p41,taps,이들은 주작체미 자음 봉사 연체가 제공하는 정착 풀르거림을 통해 직과 죽장을 말련하고 있다
p41_u44,p41,ce0.0,이글은 추작 체밀 자음 봉사 연체가 제공하는 정착 풀르고림을 공해 직과 직장을 말련하고 있다
p41_u44,p41,ce0.1,이대은 후자체미 자음 봉사연체가 제금하는 성착 풀르고림을 통해 즉과 즉장을 말련하고 입다
p41_u44,p41,ce0.5,이들은 시작체이 자음 몽파 원체가 제공해는 정착풀르고림을 통해 직과 죽장을 말련하고 있다
p41_u44,p41,ce1.0,이들은 후자체이 자음 봉사원체가 재국여는 정착 쿠루고림을 공해 직과 죽장을 말련하고 있다
p41_u44,p41,ce2.0,이들은 시자체이 자음 봉화연체가 제응하는 정착 투루구냅을 공해 직과 직장을 말련하고 있다
p41_u44,p41,ce5.0,비드은 주자 체일 자음 봉활 원체가 제금하는 정착 포도고음을 공해 직과 직장을 말련하고 있다
p41_u44,p41,ce10.0,비드은 주자 체미 자음 봉사 연체가 책금하는 정착 풀루고레미통에 직과 죽장을 말을 하고 있다
p41_u45,p41,taps,이들이 리국의 머물를 수 있는 인기 있국 커가 그간는 이면의 부간 것이 문제다
p41_u45,p41,ce0.0,입1이 미국의 머물를 수 입는 인지 있국 허가귀가는 이면의 조감 것이 문게다
p41_u45,p41,ce0.1,이별이 미국의 머물을 수 있는 인기 있국 허가기가는 인면의 부간 것일 문제다
p41_u45,p41,ce0.5,이들이 미국의 머물를 수 있는 인기 있국 허각기가는 이면의 부간 것이 문제다
p41_u45,p41,ce1.0,이들이 미국의 머물를 수 있는 인기 있국 허가기가는 이면에 부간 것이 문되다
p41_u45,p41,ce2.0,이들이 미국의 머모를 수 있는 인주 있꽃 허각귀가는 이면에 부간 것이 문별다
p41_u45,p41,ce5.0,이들이 미국의 머물를 수 있는 임기 입국 허각기가는 인면의 불간 것실 문제다
p41_u45,p41,ce10.0,이들이 미국의 머물를 수 있는 임귀 있꽃 커가귀간는 인안에 조간과 희위분져다
p41_u46,p41,taps,미 ct tic는 바이은 행광부는 이들에게 7방 위에 받은 당기적 해결체기 아닌 영국건 부회등 장기적 계책을 제공해야 앉다고 기적했다
p41_u46,p41,ce0.0,미ct tis는 바이즈 행광부는 이으에게 추방 위월 받은 방기적 해결책기 아닌 영즉건 부여등 장기적 계책을 제공이 앉다고 지적했다
p41_u46,p41,ce0.1,미uct 타인스는 바의드 행경부는 이들에게 측방 위에 받은 방기펴 해별책기 아닌 영주건 부회등 장기적 계책을 제공해야 앉다고 디적했다
p41_u46,p41,ce0.5,미시틀 ta스는 바이든 행경군는 이들에게 치방 위료 잡은 장기적 해을적이 아닌 영주건 부여등 장기적 계책을 제공해야 한다고 지적했다
p41_u46,p41,ce1.0,미위c에t 타인스는 다이은 행경부는 이들에게 측방 위에 받은 당기역 해결져비아닌 영죽건 부여등 잠기적 계책을 적공해야 앉다고 두적했다
p41_u46,p41,ce2.0,리c틀 타인스는 바이드 행경부는 이들에게 7방 위회 받은 장기적 해결책기 아민 영주건 부여든 장기적 계책을 제공해 안다고 지적했다
p41_u46,p41,ce5.0,미 시에트 타인스는 바이드 행형부는 이들에게 측방 위에 서은 당기적 해별쳐이 아닌 영죽건 부여든 장기적 계책을 제공해야 앉다고 디적했다
p41_u46,p41,ce10.0,미c틀 타인스는 바이즈 형경부은 이들에게 추방 위에 갔은 당기적 회결책이 아닌 영죽건 보여등 장비적 계책을 제공해 앉다고 디적혔다
p41_u47,p41,taps,일보은 정부분 아니라 대아 그협든 님간에서도 아프한 이기민들을 주원하고 있다
p41_u47,p41,ce0.0,일보은 정부분 아니라 대아 그없든 닌간에서서 악박한 이지민들을 주원하고 입다
p41_u47,p41,ce0.1,일보은 정부분 아니라 대야 귀없등 인간해 수소 아프한 이지민들을 지원하고 있다
p41_u47,p41,ce0.5,일보은 정부분 아미라 대야 기없등 민간에서도 아프한 유으민들을 뒤원하고 있다
p41_u47,p41,ce1.0,일보은 정부은 나니라 대아 귀없등 링간내후도 아프한 이비민들을 지원하고 있다
p41_u47,p41,ce2.0,일보은 정부뿐 나니라 대야 그 없등 민간에서도 아프한 이으민들을 두원하고 입다
p41_u47,p41,ce5.0,일보은 정부은 아니라 대약 뒤없든 민간에수도 아프한 이으민들을 지원하고 있다
p41_u47,p41,ce10.0,일보은 정부은 나니라 대약 지 없등 민간에서도 아프간 이즈민들을 지원하고 있다
p41_u48,p41,taps,지나 노월 히로시마 대학은 가고 이확쟁 식훈이었던 아프간 공민결다선 명을 영구원으로 체용하고 죽거등 생활 지언을 제공하기로 했다
p41_u48,p41,ce0.0,지나 노월 이로시마 대학은 다고 이확쟁 심훈이었던 아프간 공님 면다더 명을 영구원으로 체용하고 죽거등 생활 지언을 적금확기로 했다
p41_u48,p41,ce0.1,지나 노월 1로시마 대학은 가고 유확쟁 평훈이었던 아프간 긍민결 단섯명을 농구원으로 체용하고 죽거든 세현할 시언을 적금향기로 했다
p41_u48,p41,ce0.5,지나 노월 피로시마 대악은 다고 유학 쟁순훈이었던 아프간 국님결 다람명을 영구원르로 체용하고 죽거등 생화할 지원을 적은활기로 했다
p41_u48,p41,ce1.0,지나 노월 히로시마 대악은 가고 유확쟁 흉훈이었던 아프간 공님 열 다0 명을 영구원으로 체용하고 그곳등 행활 지언을 적금하기로 했다
p41_u48,p41,ce2.0,지나 노월 이로시마 대약은 다고 유확쟁 흉훈이었던 아프간 공인 열다0 명을 영구원으로 최용하고 죽고등 생활할 지언을 적인하기로 했다
p41_u48,p41,ce5.0,티나 노월 1로시마 대학은 가고 유학쟁 흉분이었던 아프간 공민 열 따섯 명을 영구원으로 채용하고 죽고든 생활 지어을 적금활기로 했다
p41_u48,p41,ce10.0,티나노월 1로시마 재학은 가고 유학성 흉훈이었던 아프간 공는 열다0 명을 영구원르로 체용하고 죽거등 생활 지어을 적금확기로 얻다
p41_u49,p41,taps,아프관과 국경을 맞되고 있어 가거부터 남민 위이 자았던 파키스탄의 경우 현재 1고수 만명에 달라는 아프관 금림이 거주주인 것으로 알려졌다
p41_u49,p41,ce0.0,아프관과 국경을 맞되고 있어 가업부터 남민 입이 자았던 파키스탄의 경우 현재 배고후 만명에 달라는 앞프관 경민이 거주 주는 것으로 알려졌다
p41_u49,p41,ce0.1,아프관과 국경을 맞되고 있어 격고부터 남민 입이 자졌던 파킬스탄의 경우 현제150만명에 달라는 나프관 국림이 거주 주는 것으로 알려졌다
p41_u49,p41,ce0.5,아프장과 국병을 맞대고 울더 자고부터 남민 위이 자았던 파키스탄의 경우 현재 1고 두 만명에 달라는 아프간 군림일 거주주는 것으로 알려졌다
p41_u49,p41,ce1.0,나프관각 국경을 맞되고 있어 각급부터 남민 위이 자았던 타히스탄의 경우 현제15만명에 달라는 나프강 경림이 거주중인 것으로 알려졌다
p41_u49,p41,ce2.0,나프관과 국경을 맞되고 있으어 각거부터 남민 위이 자았던 파킬스탄의 경우 현제15만명에 달라는 나프간 군인일 거주중인 것으로 알려졌다
p41_u49,p41,ce5.0,앞프관과 국경을 맞되고 있으더 적고부터 남민 유입이 자았던 파키스탄의 경우 현190만명에 달라는 앞프관국인이 거주중는 것으로 알려졌다
p41_u49,p41,ce10.0,아프관과 국경을 맞되고 있다 적어부터 남민 위입이 자았던 사표 스탄의 경우 현제150만명에 달라는 아프관국민이 거주중인 것으로 알려졌다
p41_u50,p41,taps,하지만 일르은 타키스던 정부와 텔레반의 우어적 감곁타해 별달른 인도적 지원 없이 가만한 생활를 하고 있다고 미북 매체 더디스 백치가 지난달 포도했다
p41_u50,p41,ce0.0,하지만 일일은 파키스던 정부와 텔레반의 우어적 감교 탕해 벌달른 인도적 지원없이 감만한 생활를 하고 있다고 미국 매체 더리스 백치가 지난달 포도했다
p41_u50,p41,ce0.1,하지만 일일은 백크스탄 정부와 텔레반의 우어적 관객타회 벌달른 인도적 지원 없이 가만한 생활을 하고 있다고 미국 메체 더비 백치가 지난달 보도했다
p41_u50,p41,ce0.5,하지만 2들은 파키스던 정부와 텔레반의 우어적 감격 당혀 별달른 인도적 지원없이 가만한 생활을 하고있다고 미국 매게 더리스 백지가 지난달 포도했다
p41_u50,p41,ce1.0,하지만 이들은 특키 있던 정부와 틀례반의 우어적 관객타여 결달른 인도적 지원 없이 가면한 생활능고 있다고 미국 몇체 더리스백지가 지난달 보도했다
p41_u50,p41,ce2.0,하지만 이들은 특키스탄 정부와 텔례반의 우어적 광겼하며 결달른 인도적 지원없이 가난한 생활를 하고 있다고 미국 매체에 더디스 백치가 지난달 포도했다
p41_u50,p41,ce5.0,하지만 이들은 표키스탄 정부와 텔례반에 워적 감격다해 별달른 인도적 비원 없이 감만한 생활을 하고 있다고 미국 맷게 더디스 백취가 지난달 포도했다
p41_u50,p41,ce10.0,하지만 이들은 표코스탄 정부와 편례반의 우어적 감겼다며 별달른 인도적 지원 없이 감만한 생활을 하고 있다고 미국 매체 더디스 벽치가 지난달 포도했다
p41_u51,p41,taps,엘래스 전손아시아가 베트함 체대 부롱산 개발롭체 빈험에 대역명 전몇 공급 시스템 버석들를 공급했다고 2집8를 밝겠다
p41_u51,p41,ce0.0,엘래스 전선아시아가 배츠한 최대 조종산 개발없체 빈험에 드역량 전몇공급 시텐 버적절를 공급했다고 208일 밝켰다
p41_u51,p41,ce0.1,에래스 전선아시아가 베투함 채대 부롱산 개발롭체 빈험매 드영양 전몇 근급 시스템 버사적들을 근것했다고 208일 달켰다
p41_u51,p41,ce0.5,엘래스 전던아시아가 배출함 체대 부동삼 개발없체 빈험에 드역양 전6공급시스템 버석더를 공급했다고 28일 발겠다
p41_u51,p41,ce1.0,애랜수 전선아피하가 베투남체대 부론관 개발없체 빈험에 드영양 전역공급 스스템 버덕더을 공급했다고 이집8을 밝혔다
p41_u51,p41,ce2.0,애대수 전선아피하가 베튼한 채대 부통탄 괴발없체 빈험매 드영양 전6공급 스스템 버적들를 공급했다고 28일 잘켰다
p41_u51,p41,ce5.0,해래스 전선 아피하가 배출한 최대 부동한 괴발없체 빈험에 제형양 전역공극 1템 버석더를 공급했다고 208을 설켰다
p41_u51,p41,ce10.0,내대스 전선아시아가 배투남 채대 부롱산한 개발롭채 빈호매 제용양 전역 공급 스스템 버석들를 공급했다고 2집8을 밝켰다
p41_u52,p41,taps,이 시스템은 비통민 하노이시와 혹지 인시의 기는 13만 세대 기모에 대여 악받의 단길에 절력 공급에 사행된다
p41_u52,p41,ce0.0,이 시스트멘 진통 하노이시와 폭지 인시의 군는 13만새대 9모에 대여 앞바트 단디에 절력공급에 생행든다
p41_u52,p41,ce0.1,의 1스템은 변엄 현노이시와 폭지 민수의 글는 13만새대 규모을 대역 앞바트 단진의 절력공금에 사양된다
p41_u52,p41,ce0.5,의 시스템은 변몸이 현노이스와 어지 인기에 뒤는 시자만 세대 기모에 대여 아받트 단진에 절려동금에 사형된다
p41_u52,p41,ce1.0,의 시스템은 변통이 향노의지와 확귀민기에 글는 시단만 세대 그모에 대역 앞바트 단진에 절려공급에 사용견다
p41_u52,p41,ce2.0,이 시스템은 비노민 한요이시와 어지 민후의 군는 13만세대 뒤모에 대역 앞바트 단진에 잘려공급에 사용든다
p41_u52,p41,ce5.0,의 시스템은 변몸이 한의개와 호지 민질 군는 협3만 세대 그모에 대의왔받을 단진에 절려공급에 사용든다
p41_u52,p41,ce10.0,의 시스템은 변너민 만노이시와 호지 음희에 군는 13만 세대 그모에 되영앞받트 단진의 절려공급에 생용든다
p41_u53,p41,taps,빈홀이 대트함 40며 더시에 20만음의 즉택 건소를 계행하고 있어 추가 수수도 길레든다
p41_u53,p41,ce0.0,빈홀이 개트남 40며 더시에 수심만음에 즉태 건소를 기낼하고 있어 추가 수주도 길레든다
p41_u53,p41,ce0.1,빈홍이 베트함 40요 돌스일 수신만음의 첫태 건설를 기행하고 있어 추가 신주도 길레든다
p41_u53,p41,ce0.5,빈혼의 배트함 사0요 도시에 수신 마음어 첫택 건벌를 기행하고 있어 추간 수줄도 기에든다
p41_u53,p41,ce1.0,빈홍이 대트남 자0며 도시에 의짓만음의 주택 건사를 기행하고 있다 추가 국줄도 길내든다
p41_u53,p41,ce2.0,빈험이 대트남 40요 되시에 수심마음의 주택 건설를 기내하고 있어 추간 수주도 길내든다
p41_u53,p41,ce5.0,빈홍이 개트함 40며 더피에 수신마음의 즉택 건절를 기행하고 있어 추가 숭실도 기대든다
p41_u53,p41,ce10.0,빈홍이 대트남 40년도스에 수신마음의 즉택 번발를 기행하고 있어 추가 순수도 길내든다
p41_u54,p41,taps,패래수 선선아시아는 비노의 모버럽인 빈고르이 건돌하는 대영 시핑물과 리것트 필행태 등해 또 재은 공급을 측년 계획이다
p41_u54,p41,ce0.0,패래 수 전선아시아는 비노의 모그럽인 등거럽이 건선하는 개형 색핑몰과 주교트 플랜터 등에 또 재은 공급을 추비한 계획이다
p41_u54,p41,ce0.1,테래스 전선아시아는 비노의 모그럽인 등거르이 건돌라는 계양 새핑물과 이교트 필낸타 등여또 재은 공급을 측는 계획이다
p41_u54,p41,ce0.5,엘래수 전터아시하는 비노의 모그럽인 긴고르비 건회하는 대영 접평물과 르족트 흔낸대 등혜또 재은 공급을 추인할 계획이다
p41_u54,p41,ce1.0,헤를 수 전터아시하는 비노의 모그럽인 빈고르비 건달라는 되양석팀물과 이곁트 핑행트 등해또 재은군급을 추는 계획이다
p41_u54,p41,ce2.0,팔래스 전선아시하는 비노의 모그럽인 등구르비 건회하는 대영석행물과 이조트 필랜터드니또 재풍 군급을 추비할 개획기다
p41_u54,p41,ce5.0,새례 수 전선아시하는 피노의 모그럽인 딩구럽이 건달라는 대영셨평물과 주격트 필랜터 등해동 재풍 동급을 추낼 계획이다
p41_u54,p41,ce10.0,새에수 전선아시하는 빌로을 모그럽인  긴고럽이 전선하는 대양석딩 물광 주조트 편낸더 드행또 재풍 공급을 추이할 개교다
p41_u55,p41,taps,버스도트는 수죄 축정받닥에 전선되신 근국킬리스라함에 판년보체를 너어 제용향에 제력을 공급한다
p41_u55,p41,ce0.0,보스덕트는 수에 축정받닥에 전선대신 금속킬이스라함에 편년 거체를 너어 제용향의 절력을 공급한다
p41_u55,p41,ce0.1,버스덕트는 수벽 축창가닥에 전선대신 금국키의스라에 판년 교체를 너어 제행량의 절력을 공급한다
p41_u55,p41,ce0.5,버스다트는 술대 축창가락에 전선되신 금국키이스작에 판년 고체를 넣어 제용향의 절력을 공급한다
p41_u55,p41,ce1.0,버스덕투는 수백 축청가닥에 전던되신 궁국히 스사함에 편능 교체를 넣어 제용향의 절역을 공급한다
p41_u55,p41,ce2.0,버스덕트는 수대 축청가닥에 전던대신 금속히 스작에 탐명 보체를 너어 되용명에 절력을 공급한다
p41_u55,p41,ce5.0,버스덕크는 술대 투청받닥에 전선대흰 금속해이스라함에 판년교체를 너어 제용양의 제력을 공급한다
p41_u55,p41,ce10.0,버스덕트는 수대 추장가닥에 전선대신 군속해이스람에 타영 도체를 나어 제용망에 절역은 공급한다
p41_u56,p41,taps,전선보다 설칭황 이동이 간편하고 공관의 접개 자비에 초고층 들긴과 아바트 공강령을 경심으로 도입이 늘러하는 추스해다
p41_u56,p41,ce0.0,전선보자 설침와 이동이 간편하고 공관의 적에 자리에 초고층 들긴과 아바트 공장병을 공승으로 도입이 늘어다는 추세다
p41_u56,p41,ce0.1,전선보자 혈취화 이동이 간편하고 군관의 적개차지에 초고층 들긴과 아박을 군장명을 중중으로 도입이 늘어나는 수세다
p41_u56,p41,ce0.5,전선보자 설치와 이동이 간편하고 군관를 적에 자비에 처옷은 들쟁과 아바트 군장등을 군승으로 보입이 늘어다는 주해다
p41_u56,p41,ce1.0,전선보다 설충용 이동이 감편하고 공관는 적개 자비에 초고층 될된과 아았크 공정령을 중중으로 도입이 늘어해는 쓰해다
p41_u56,p41,ce2.0,전선보다 설취험 이동이 간편하고 궁관을 적에 자비에 초옷층 들딩과 앞았트 군장령을 군짐으로 도이이 더어다는 추세다
p41_u56,p41,ce5.0,전선보다 살평화 이동이 감펼 막고 군관을 적개 자리에 초고층 결된과 아받트 군장등을 경힘으로 도입이 늘럴 많는 출해다
p41_u56,p41,ce10.0,천선보자설 취원 이동의 감결하고 궁관을 적개차리에 초고청 죄쟁과 아밭트 공장등을 중심으로 도이디 대어라는 출해다
p41_u57,p41,taps,에r스 선서 낭시하는 우7년 5집이rrscv에 충규설질를 보추 건스덕 큰 시장 고이끼인 베트남에 긴틀했다
p41_u57,p41,ce0.0,"lr스 전선 악시하는 우,십7년 허진위 lr스 cv행 힘규설지를 보출 건스덕 통 시장 거이진 빛트남의 증출했다"
p41_u57,p41,ce0.1,해r스 전편나시하는 우07년 지미 lr스c v의의 승귀설비를 부출로 검덕 큰 시장 거이끼인 배트남매 진측을했다
p41_u57,p41,ce0.5,l래스 전세 남시하은 우0폭7년 폭김및 lr스cv의 식규설비를 보츠 번덕 풍 시장 거입끼인 배트남의 준투렸다
p41_u57,p41,ce1.0,l래스 선선아후하는 50수7년 폭지이 lr스cv의 풍규설기를 보추 거덕 큰 시당 거입비인 붙트함의 준투했다
p41_u57,p41,ce2.0,l래스 선설 나시하는 우편숙7년 확지이 lr스cv에 승규설질를 보출 버스덕 풍 시장 버이뒤인 되튼함에 증취렸다
p41_u57,p41,ce5.0,r래스 전편아시하는 5067년 폭기민 rr스cv 충교살기를 보초 법덕 큰시장 보이뒤인 배트함의 경표했다
p41_u57,p41,ce10.0,해대수 전선나후하는 20수7장 호지민 h대스cv 총귀살뒤를 고출 번스덕 통시장 보로이지인 배트남의 증추울렸다
p41_u58,p41,taps,대트남은 개긴후 악박에 단교와 상험년 길진idh센터 공장 건설이 해발해지면서 검몰에 전선대신 복독들를 도입하는 자에가 들었다
p41_u58,p41,ce0.0,백층함은 개임후 앞박에 잔교와 상음형 교긴idh센터 공장 건설이 해발래 지면서 검몰에 전선베신 부똑들를 도입받는 자에가 아들었다
p41_u58,p41,ce0.1,베투남은 개임후 앞박에 잔교와 창음년 길빙ibk센터 공자 건설이 혈관래 지면서 금몰에 전선되신 보스독들를 도입하는 자에가 으었다
p41_u58,p41,ce0.5,배추남은 개비후 앞받트 단교와 생험년 그의빙ivp센터 공장 건설이 혈발했기면서 검모의 전선베신 벗독들를 도받는 자에가 아들었다
p41_u58,p41,ce1.0,베층남은 개비요 앞박게 단교와 선음용 그딩 idt센터 공장 건설이 혈발에 뒤면서 검몰에 전선데힌 봉덕회를 도입하는 자에가 아들었다
p41_u58,p41,ce2.0,베출남은 개임의 앞박트 단교와 성험용 괴징idp센터 공장 건설이 혈발해 지년서 검모에 전선되신 부독들를 도하는 살에가 아들었다
p41_u58,p41,ce5.0,배출남은 개임후 앞받트 단교와 상험용 결빙 idh센터 종장 권설리 혈발했지면서 검모에 전선대신 부스덕트를 도입하는 자에가  들었다
p41_u58,p41,ce10.0,베투나은 개임의 앞받트 단교와 상험용 괴징 idp센터 공장 건설리 혈발했 뒤면서 검모에 전선대신인 부독처를 도익하는 살에가 아들었다
p41_u59,p41,taps,백긴제 엘래수 전선날시아 대표는 공네 보스덕 트 시장 이류인 엘래수 전선에 기술력을 기반으로 베튼난 시장을 현점하겠다고 말했다
p41_u59,p41,ce0.0,백긴제 엘래스 전선 아시아 되표는 공네 벗스덕 트 시장 이루인 에래스 전선에 기술역을 기반으로 베틀남 시장을 순점하겠다고 말했다
p41_u59,p41,ce0.1,벨긴제 해래스 전선 아시아 대표는 공네 보스덕 투 시장 이류인 에래스 전선에 기슬여의 기반으로 배투난 시장을 선점하겠다고 말했다
p41_u59,p41,ce0.5,배긴제 엘래스 전선아시아 대추는 공네 보스덕투 시장 이루인 e래스 전선에 기술력을 기반으로 배투한 시장을 늘점하겠다고 말했다
p41_u59,p41,ce1.0,백긴제 엘래스 전선아시아 대표는 궁네 버르덕크 시장 이의인 e래스 전선에 귀슬력을 기반으로 배투남 시장을 현점하겠다고 막겠다
p41_u59,p41,ce2.0,배인제 엘래스 전선아시아되쳐는 궁네보스덕투시장 이되인 엘래스 전선에 귀슬력을 기반으로 배튼남 시장을 선점하겠다고 말했다
p41_u59,p41,ce5.0,백긴제 에래스 전선 아시아 되표는 궁네 보스덕트 시장 이루인 에베을 전선에 기슬력을 기반으로 배층남 시장을 현점하겠다고 말했다
p41_u59,p41,ce10.0,백긴제 엘래스 전선 아시아졌표는 궁네 버스덕 투 시장 입의인 엘래스 전선에 기술 역을 기반으로 배투남 시장을 선점하겠다고 말했다
p41_u60,p41,taps,k키올스터선수다니 형제 부단인 킬끼 입비의 두청을 받아 수원 야고장에 간다
p41_u60,p41,ce0.0,k티올스터손수다니 홍제 부단인 kt위지의 추청을 받아 수원 야고장에 간다
p41_u60,p41,ce0.1,케피월 스터손운주자이 형제 부다및 kt위v의 조청을 받아 수원 야구장에 간다
p41_u60,p41,ce0.5,k리티를 스터선 스다이 형제부단닌 킬태 위비의 투청을 받아 수원 야고장에 간다
p41_u60,p41,ce1.0,kk월스터선 스다니 흉제 부단니 kk 위비의 적청을 받아 수원 야고장에 간다
p41_u60,p41,ce2.0,케k를 스터손 스단니 홍제 부단니 케끼 위뒤의 조청을 받아 수원 야고 장에 건다
p41_u60,p41,ce5.0,k티를스터손스단니 행제부단닌 kt 위뒤의 조청을 받아 수원 야고장에 간다
p41_u60,p41,ce10.0,kk를 스터손스다니 홍제부자니 텍끼 위뒤의 조청을 받아 수원 야구장에 간다
p41_u61,p41,taps,텍우키 위주 부다는 온원 시티일 수원 킬키 위츠 파크에서 열리는 e리와에 흥경기의 형제 부단닌 킬키 올리스터 선수 단을 축청에 물스터 데일를 계체한다고 시기인 발혔다
p41_u61,p41,ce0.0,텍프 위즈 구다는 온원 시티일 수원 케키 위지 파크에서 열위는 엘리와에 흥경기의 흉제 부단닌 케티 올스터 선수 단을 축점에 주스터 대일를 겹체한다고 1비의 잘혔다
p41_u61,p41,ce0.1,k취위주 구다는 온원 시티일 수원 케q 위즈 파크에서 열리는 bi 흥경기의 흉제 구단닌 케피 올스터 선수단을 접청에 주스터 데일를 계체한다고 11일 잘겠다
p41_u61,p41,ce0.5,케피 위즈 구다는 온는 시티일 수원 킬피 위즈 파크에서 열류는 엘dli 성경귀의 형제구단님 케피 올스터 선수단을 속천에 롤스터 데위를 겹치한다고 시기일 밝혔다
p41_u61,p41,ce1.0,킬투 위즈 구다는 오는 시티를 수원 킬푸 위즈 닥코에서 열리는 엘d와이홍경귀의 흉제부단닌 킬피 롤스터 선수단을 축청에 올스터 데일를 겹체한다고 시비의 밝혔다
p41_u61,p41,ce2.0,킬후위주 구다는 오는 시티일 수원 킬코 위즈 파코에서 열리는 dl이 홍경귀의 형제구단닌 케피 올스터 선수단을 족청에 올스터 되일를 계체한다고 시기일 잘켰다
p41_u61,p41,ce5.0,텍키위주 구다는 온는 시티일 술원 킬키위즈 파코에서 열류는 엘dl이 홍경귀의 흉제 구단님 텍히 올스터 선스단을 적청에 줄어대일를 겪체한다고 시리의 잘격다
p41_u61,p41,ce10.0,k초위주 구다는 온는 시7일 수원 k초 위즈 파코에서 열리는 엘di 홍경기에 홍제 구단닌 k취 를스터손수단을 추청에 올스터되일를 계치한다고 시2인 잘혔다
p41_u62,p41,taps,입번로터 대의에는 경기에 앞서 경깊 장권을 구매한 고개의 대상으로 오후 대시 4십품부터 한 식간 동안 텐사의 내를 귀행입니다
p41_u62,p41,ce0.0,이번 로터 데위에는 경기에 앞써 경깊 장권을 구매한 고개을 대산호로 우후 대시 4십품부터 한지간 또만 텐사의 내를 지내야입니다
p41_u62,p41,ce0.1,일번 로터 대위에는 경기에 앞써 경기 장권을 구매한 고격을 대산로로 5후대시 4십품부터 한식간 동안 캠사의 내를 지내야입니다
p41_u62,p41,ce0.5,이번 로터 대위에는 경기에 앞서 경기 짝군을 구매한 고격을 대상으로 우후대시 사식금부터 현지간 동만 센사인 내를 지행입다
p41_u62,p41,ce1.0,입번 루터 대이에는 경기에 앞더 경기 장건을 고매한 고격을 대상으로 5무내시 사시도부터 한직각동안 큰사인 내를 군행인다
p41_u62,p41,ce2.0,입번 터 대의예는 경기 앞서 경귀 짝건을 고매한 고격을 대상으로 오구 내시 4십은부터 한식간 동만 편사의 내를 지행인다
p41_u62,p41,ce5.0,이번 울스터 대위에는 경기에 앞서 경기장권을 구매한 고격을 대상으로 오후 대시 40분부터 한시간동만 편소의 내를 군내합다
p41_u62,p41,ce10.0,입번 울터 대위 예는 경기에 앞서 경깊 장권의 구매한 고격을 대상으로 우후 내시 40분부터 현시간 동안 최사인 매를 지냅한다
p41_u63,p41,taps,편쌍행해는 2집 파후 동문의 이티한 디통물기아운 기에서 열리이며 예민 김한남을 보함에 편술공령 변원히 천석한다
p41_u63,p41,ce0.0,텐사행해는 2집 파크 공문에 이티한 등품기 아운 기에서 열이며 예민 짐한 남을 보함에 선슬고명변원히 천석건다
p41_u63,p41,ce0.1,캠사인회는 2집 파큰 동문의 입지한 기품비아운 기에서 열리며 이민 김한 남을 보함에 선술고 명 변원니 참숙건다
p41_u63,p41,ce0.5,편사인회는 위집학크 동문에 위지한 비통기아운 기해서 열리며 예리민 김화람을 보함에 선술리고 명전원일 청속건라
p41_u63,p41,ce1.0,텐반인해는 미집 학크 공문의 위지한 백틀기 운이 배서 열이며 엘민 짐한 남을 보함에 선술고 명건원이 천국한다
p41_u63,p41,ce2.0,편사인회는 위집학에 공문에 입지한 백틀물기야운이기에서 연류며 예민 팀하남을 보함에 선줄공명전원이 힘석건다
p41_u63,p41,ce5.0,편자인회는 위집 학 동문에 이지한 백틀리라온 기해서 열리며 예민 김파남을 포함에 선술공 명전원이 섬식건다
p41_u63,p41,ce10.0,체사인회는 미집 파크 종문의 입지한 6틀운 기해서 연리며 예인인 짐활남을 조함에 선수류고 명전원니 충접한다
p41_u64,p41,taps,이 날 경기 송리를 계워나는 시군을 에및 김하람이 시탄는 커을 무으자이않는다
p41_u64,p41,ce0.0,이 날 경기 송리를 기워나는 시공을 에및 김하람이 시탄는 커주 무으 자이않는다
p41_u64,p41,ce0.1,이날 경기 생리를 계워나는 시군을 이및 김파람이 시단는 혀들 무으 자이받는다
p41_u64,p41,ce0.5,이 날 경기숭리를 괴우나는 시군을 이및 김하람이 시탄은 커들 문을 자이받는다
p41_u64,p41,ce1.0,이날 경기 성리를 교우나는 시고을 에인및 김하람이 타는 커들 무을 자이받는다
p41_u64,p41,ce2.0,이 날 던기성리를 개월다는 지군을 에인및 김하람이 시탄는 커들을 무으 자이받는다
p41_u64,p41,ce5.0,이날 경기 생리를 계워나는 시구을 에인닌 김화람이 시하는 커을 무으 자이 않는다
p41_u64,p41,ce10.0,이날 경기 속리을 기워나는 시구는 의및 김화하이 시탄는 커드어 문자히 만는당
p41_u65,p41,taps,라스칼 근고해를 보함에 아리아 이가을 라i패 긴정민 유두온 긴민터 평나 이그대관은 에국 가를 재창한다
p41_u65,p41,ce0.0,라스칼 경광이를 보함에 아리아 이가을 라이패 겸정인 기도원 진민성 평나 이기대관은 에국 가를 적창한다
p41_u65,p41,ce0.1,라스칼 근과이를 보함에 아리아 이가을 라이패 근정인 유두원 짐민성 평나 이루대관은 에국가을 재창합다
p41_u65,p41,ce0.5,라스칼 긴광일을 보함에 아리아 이바을 라i패 긴정인 유두원 김6형 경나 이르대광은 에국 가를 조창합다
p41_u65,p41,ce1.0,라스칼 긴광이를 보함에 아리아 이가을 라이패 긴령인 이두원 김민선 평나 이기대광은 에국가을 적창한다
p41_u65,p41,ce2.0,라스할 근광이를 포함에 아리아 이가을 라이패 근정인 비두온 빙민선 빙락 일대광은 에국가을 접창한다
p41_u65,p41,ce5.0,라스칼 근광이를 포함에 아리아 이가을 라일패 근정인 기두온 긴민서 핑나 의리대광은 에국 가을 격창한다
p41_u65,p41,ce10.0,라스칼 근광이를 포함행 아리아 이가을 라이패 근정인 기두운 김민성 평랑 입대관은 에국가을 재창한다
p41_u66,p41,taps,또한 경기 귀매을 롤스타손스담이 은원 단탕의 올라 편절에게 인사를 전한다
p41_u66,p41,ce0.0,또한 경기 들매을 로스타손스담이 응원 단상의 올라 편절에게 인사를 저면다
p41_u66,p41,ce0.1,또한 경기 두예을 롤스카손스다이 응원 단탕의 올라 편절에게 인타를 전한다
p41_u66,p41,ce0.5,또한 경기둥에을 롤스카손스담이 은원 단타에 올라 편절에게 인타를 전면다
p41_u66,p41,ce1.0,또한 경기 중에을 볼타손스담이 은원 단상에 얼라 큰절에게 은차를 전원다
p41_u66,p41,ce2.0,또만 경기중에을 롤스타 선수담이 응원 단상이 올라 큰들에게 인사를 전면다
p41_u66,p41,ce5.0,또한 경기중예을 롤스타선시담이 응원 단상의 올라 편절에게 은사를 전한다
p41_u66,p41,ce10.0,또한 경기중에는 l스타손스담이 응원 단상의 올라 펼절에게 인사를 절만다
p41_u67,p41,taps,이 밖개로 다양한 일랜트를 통해 로지테 케르세를 뒤롯해 마옷을 그 보은 침필 사인 볼든 쿠디만 격훈을 등정한다
p41_u67,p41,ce0.0,이 밖에도 다양한 위랜트를 동해 노짓테 케르세를 지롯에 마옷스 키보든 침필 사인 볼든 쿠주만 경품을 등정한다
p41_u67,p41,ce0.1,위박개로 다양한 미벤트를 동해 로짓테 케죄를 뒤록해 마홉을 크고든 측필사인 볼르든 투지만 격음을 등정한다
p41_u67,p41,ce0.5,이 밖에도 다영한 리벤트를 동해 로지테 케르세를 뒤렵패 마홉을 키보등 침필자인 골르든 푸지만 격금을 군정한다
p41_u67,p41,ce1.0,이 박개도 다행한 리벤테를 동해 로지테케를 회를 비역태 마홉스 크호등 1필자인 보이든 코임한 격음을 중정한다
p41_u67,p41,ce2.0,이 밖에도 다양한 리벤트를 통해 로집테케드새를 비득태 마홉스 크고들 침필자의 볼르든 태임한 격음을 드정안다
p41_u67,p41,ce5.0,이박에도 다영한 리벤트를 동해 로집택해를 세를 기록해 마홉스 크 모든 침핑사인 보르든 포주한 격음을 정정한다
p41_u67,p41,ce10.0,이 박에도 다영할 리벤트를 동해 로짓택해를 회를 뒤으해 마홉을 크고등 춤필자인 볼등 폭임망 격음을 증정한다
p41_u68,p41,taps,인천 3상 봉찰서는 앞바트 팔침에서 항끔의 송화재 평을 하아으로 던긴 7대 남성 이c를 특수상의 미술야미로 부잡아 당사비면하고 이게 구일 배켰다
p41_u68,p41,ce0.0,인천 3상 동찰서는 앞바트 펼침에서 학낌의 손화재 청을 사아으로 건징 1대남청 2c를 특수상의 미술현이로 구잡아 당사지이라고 이게 구일 버켰다
p41_u68,p41,ce0.1,인천 3잠봉찰서는 아박트 펼측에서 학낌의 손재 청을 하아으로 건진 추십대 남청 이시를 토스 상의 미수야미로 부잡아 당사뒤이하고 이게 그일 밝켰다
p41_u68,p41,ce0.5,인천 선장공찰서는 아박트 펼춤에서 학낌의 수화제 평을 사아으로 던긴 수십대 남평 이c를 특스상의 미술향매로 붙따아 독사비이라고 이개구일 밝켰다
p41_u68,p41,ce1.0,인천 선장홍찰서는 앞바트 펼측여서 학낌의 선재 평을 하단으로 던진 수십대남성 ac를 특스상의 미수야매로 붙따아 등가지이라고 이기구일 배웁다
p41_u68,p41,ce2.0,인천 3점봉찰서는 앞박트 펼출인해서 학낌의 수자 평을 하다으로 던진 수집대 남성 일c를 특수상의 미술야여로 붙따아 더사귀의라고 이기구일 불켰다
p41_u68,p41,ce5.0,인천 3상봉찰서는 앞박트 폐충해서 학낌의 소화재 평을 사아으로 권긴 추십대 남통 일시를 택수상의 미수야위로 포잡아 동사중이라고 이격구일 부켰다
p41_u68,p41,ce10.0,인천 3성봉찰써는 앞바트 펼춤에서 사김의 송우재 평을 사단으로 던진 수십대남청이시를 특수상의 미수향미로 붙잡방 당사중이라고 이기9일 밝켰다
p41_u69,p41,taps,경찰에 따르면 ah는 지난 20길일5세c2 문께 2견시 부경구 부개동의 하은 아았트 팔칭해서 이친 화당으로 빈 송화째 평을 전긴 했위를 작고있다
p41_u69,p41,ce0.0,경찰에 따르면 ac는 지난 이0질일5세c22본째2을시부경구 부개동의 한 앞다트 팔증해서 2증 호당으로 빈 소화째 병활 전진힘밀를 접고입다
p41_u69,p41,ce0.1,경차에 따르면 ac는 지난 27일5세c26께인결시부경구 부의롱의 하는 악받트 팔증해서 일친 훈당으로 빈 선화째 병을 선진헤밀를 적고있다
p41_u69,p41,ce0.5,"경차에 따르면 ac는 주한 이0p일 5세후후분께 인벨수북경구 부개동의 한 아받터 펼증해서 이, 후당으로 빈소화되 평을 전기 회위를 받고있다"
p41_u69,p41,ce1.0,경찰에 따르면 c는 군난 이0집일5세수 2수이본께 9편북경구 부개롱의 함 아바저 펼증해서 이층 호당으로 빈 성화에 평을 전중인일를 묶고있다
p41_u69,p41,ce2.0,경찰에 따르면 sv는 분난 201일5수2c2본그 인텐수부평구 부개동의 함문 아바터 펼중해서 이층화당으로 빈소화의 평을 전지 계밀를 부고였다
p41_u69,p41,ce5.0,경차에 따에년 c는 손한 201일5hc2c은께 인텐시 부경구 부개동의 한 아바트 팔층해서 의평화당으로 빈 토화져 평을 던기 힘밀를 반포있다
p41_u69,p41,ce10.0,경사에 따르면 c는 주한27일5c2c2분께 1틀시 부경구 부개롱의 허문 앞받초 펼증해셔 이층소당으로 빈 손화의 병을 전진 헤밀를 작고있다
p41_u70,p41,taps,당시 앞바트 단진의 보행무을 따라가고 있던 4식대 증민피지는 자신의 지견으로 빈병이 떨어어지자 의협을 느겠다고 경찰의 신고했다
p41_u70,p41,ce0.0,당시 아바층 단진의 보행군을 따라가고 있던 4십대 지민 귀시지는 자신의 지견으로 빈병이 떨어지자 이협을 느겠다고 경찰의 승고했다
p41_u70,p41,ce0.1,당시 앞바트 단진의 보행구을 따라듣고 있던 4대 중인 피지는 자신의 즈변으로 빈병이 떨어지자 위협을 느겠다고 경사에 승고했다
p41_u70,p41,ce0.5,당수 앞바트 단진의 보행우을 따라갑고던 4십대 중인 귀비는 자신의 죽변으로 빈병이 떨어주자 위협을 느겠다고 겸사에 신고했다
p41_u70,p41,ce1.0,당시 앞바층 단진의 보행물을 따라갑고 있던 사십대 부민길리비는 자신의 죽년으로 빈병이 떨아지자 위협을 느겠다고 경찰에 신고했다
p41_u70,p41,ce2.0,당시 아바은 단진의 보행우을 따라 겪고있던 4십대 주민비비는 자신의 주견으로 빈병이 떨어아지자 위협을 느겠다고 경탈에 승고했다
p41_u70,p41,ce5.0,당시 악받은 단진의 부행물을 따라가고 있던 4십대 주민 푸시는 자신의 죽변으로 빈병이 떨어지작 위협을 느겠다고 겸사에 신고했다
p41_u70,p41,ce10.0,당시 앞바층 단진의 보행무을 따라접고 있던 사식대 주민비스지는 자신의 주변으로 빈병이 떠가지자 위협을 느겠다고 경사에 승고했다
p41_u71,p41,taps,ah는 경정 톱잡 중이로 부성자하 있었다는 이후 지민들의 이야기를 듣고 자음날임 2기발를 가날지구에 다장항 자세했다
p41_u71,p41,ce0.0,ah는 분정 특착 통이로 부상자하 있었다는 이루 주민들의 이야기를 극고 다음 날인 이줄발를 단날 지구되에 단아항 자세 있다
p41_u71,p41,ce0.1,ah는 금이성 투잡 등이로 부성자가 있었다는 위 드민들의 위야기를 겹보 자음날인 28일 단날 지구행의 단아항 자세했다
p41_u71,p41,ce0.5,acv는 분이경 투체 전이로 부상자하 있었다는 의의귀민들의 위야기를 듣고 자음 날인 이구발릴 가날 죽구의 다장항 작해했다
p41_u71,p41,ce1.0,ah는 궁병 특척 틈이로 부성자하 있었다는 이익드민들의 위야기를 듣고 자음 날인 의기 발릴 가날 주구정에 다장한 가해했다
p41_u71,p41,ce2.0,ah는 뒤병 토척 트이로 부성자가 있었다는 이익비민들의 위야기를 겪고 다음날인 28일 관날 죽구등에 타작강 자세였다
p41_u71,p41,ce5.0,엘c는 규종 투첫 테위로 부성자가 있었다는 의웃 주민들의 위야기를 겪고 다음날인 28을 가날 시구된의 단장한 가혀였었다
p41_u71,p41,ce10.0,ac는 경경 투척 경이로 부상장하 있었다는 이루중인드대 이야기를 듣고 자음날인 28을 관날 지구등의 선장항 자소했다
p41_u72,p41,taps,실제로 비시는 등경의 맞지 않아 증민들의 재원과 달리 다혀게 않는 것으로 품됩다
p41_u72,p41,ce0.0,실제로 비시는 등경의 맞지 않아 증민들의 변원과 달리 갖추게 않는 것으로 품했다
p41_u72,p41,ce0.1,실제로 비시이는 병경의 맞지 않아 증민들의 전원과 단리 갖히지 않는 것으로 품숙겼다
p41_u72,p41,ce0.5,실체로 비스위는 병경의 맞지 않아 주민들의 결혼과 달리 자키지 않는 것으로 풀었다
p41_u72,p41,ce1.0,실체로 귀기는 등병의 맞지않나 증인들의 변원과 달리 갇치이 않는 것으로 틈없졌다
p41_u72,p41,ce2.0,실체도 비비는 빙병의 맞지 않아 지민들의 전원과 달리 졌히지 않는 것으로 품육했다
p41_u72,p41,ce5.0,실제로 비이는 빙병의 맞지하나 증인들의 전넘과 달리 갇히지 하는 것으로 평묻했다
p41_u72,p41,ce10.0,술제로 비십이는 평경의 맞지않아 주민들의 전원과 달리 저치지 않는 것으로 풍슷었다
p41_u73,p41,taps,c는 겸탈에서 호화재를 먹고는 데도 성사한데 학낌의 소화질 병을 단겼다 기기로 긴투한 것으로 알려졌다
p41_u73,p41,ce0.0,ac는 겸찰에서 소화재를 먹었는 데도 손가한데 확낌의 소화재 병을 반졌다 집이로 진주한 것으로 아일려졌다
p41_u73,p41,ce0.1,c는 겸찰에서 소화죄를 먹호는데도 손차안데 학낌의 소화질 병을 단졌다는 뒤기로 긴수한 것으로 아려졌다
p41_u73,p41,ce0.5,엘c의 분차에서 소화죄를 먹었는 데도 선확가 안데 허힌의 소화제 병을 단겼다는 지기로 진주한 것으로 알려졌다
p41_u73,p41,ce1.0,ac는 경찰에서 호화데를 먹어는 데도 손가안데 확낌의 수화대 병을 단겼다는 뒤기로 진주한 것으로 알려졌다
p41_u73,p41,ce2.0,ac는 백찰에서 소화대를 먹고는 데도 성무가 안데 확낌의 수화대 병을 단듣다는 비기로 긴주한 것으로 아위려졌다
p41_u73,p41,ce5.0,엘씨는 경찰에서 소화죄를 먹어는데도 숨만데 사낌의 소화제 병을 관별다 기기로 긴주한 것으로 알려졌다
p41_u73,p41,ce10.0,ac는 경찰에서 소화죄를 먹었는데도 손가한된 호힘의 소화재 병을 단졌다는 귀기로 긴주한 것으로 아려졌다
p41_u74,p41,taps,경찰 감계다는 엘질를 삼대로 서화제 쟁월 간중 전확한 이후와 국태적인 경미경을 보상해 개해기라고 만다
p41_u74,p41,ce0.0,경찰 관계자는 a시를 삼대로 처하제 천활 간징 저확한 니와 국체적인 범미령을 고사해 계획기라고 망깁다
p41_u74,p41,ce0.1,경찰 감계자는 엘질를 삼개로 처화째 창을 관진 정확한 이유와 부체적인 경미능을 조사할 향에 길하고 놓었다
p41_u74,p41,ce0.5,경찰강계자는 c를 남대로 초화의 정월 건진 점확한 일와 굳체적인 권이등을 도상할 개해지라고 말했다
p41_u74,p41,ce1.0,경철 관계다는 1길를 장대로 소화재 청을 건김 저학한 이유와 국체적인 겸리병을 조사혈 계했기라고 망립다
p41_u74,p41,ce2.0,경찰 방계자는 ac를 상대로 서화째 청을 단진 저확한 이와 굳체적인 경이정을 조사혈 계획기다고 모했다
p41_u74,p41,ce5.0,경찰 관계자는 1시를 삼대로 소아재 청월 관진 정확한 이와 국체적인 경이정을 조사해 계획기가고 만깁다
p41_u74,p41,ce10.0,교찰 관계다는 c를 상대로 소화재 청월 간진 조확한 이와 국체적인 경이병을 조상할 경역키라고 망겼다
p41_u75,p41,taps,전복 경찰이 더불어 눈드당 강섬 회익여였과 달련에 성화진 전도디사 자택을 악수 수색겠다
p41_u75,p41,ce0.0,전부 검찰이 더불어 민주당 공섬 귀 의했과 달년에 손화진 전 도지사 자택을 악수 수색했겠다
p41_u75,p41,ce0.1,전부 경찰이 더불어 눈드장 경섬 계획 일력과 달련에 성하진 전보비사 자택을 악수 스색겠다
p41_u75,p41,ce0.5,전부 경찰이 더불어 민드당 경섬 계익 의력과 달련에 성화진 전도비사 잡택을 악수 수택겠다
p41_u75,p41,ce1.0,전부 경찰이 더불어 민류당 경섬 시익여역과 갈련에 송화진 전도비사 자택을 악수 수택겠다
p41_u75,p41,ce2.0,전부 경찰이 더불어 민두당 경섬 계익 여력과 잘년에 성화진 전도비사 잡택을 앞수 수색겠다
p41_u75,p41,ce5.0,전부 겸차이 더불어 민주당 경선 그익여력과 갈련에 손하진 전버비사 자택을 앞수 수색했다
p41_u75,p41,ce10.0,전부 경찰이 더불어 민주당 강선 구익 의력과 잘년에 소화진 전도디사 자택을 악수 스작켰다
p41_u76,p41,taps,앞서 효신 관려자들을 대고 입번 뱀대이여 통 견기사 가족가기 수자를 효대하는 못습이다
p41_u76,p41,ce0.0,앞서 효신 관려자들을 대고 입번 한대이여 총전피사 가족가디 수가를 협대하는 못습이다
p41_u76,p41,ce0.1,앞서 했침 관려자들을 대고 입번 남대이여 성견지사 가족까지 수달른 때안는 못습이다
p41_u76,p41,ce0.5,앞서 흩씬관려달들들 대고 있번하는대 위어 홍 전 비사 가족가이 수자를 했대하을 모습이다
p41_u76,p41,ce1.0,앞서 히침 관려달별를 대고 있고 남대여 흥 전시사 가록가비 스가를 했대하는 못습이다
p41_u76,p41,ce2.0,악서 협친 관려다들를 대고 입번 낸대우여 풍 전비사 가족가지 수다를 했대하는 모쓰이다
p41_u76,p41,ce5.0,앞서 학신 관려자들을 대고있고 냄대여 순 전피사 가족까지 스가를 때하는 못습이다
p41_u76,p41,ce10.0,앞서 획신 관려자들을 대고 있고 난대의여 성견기사 가족가지 수가를 했대하는 못습이다
p41_u77,p41,taps,시리일 전복 경텔청 금및 따에면 강찰른 이난 성화진 전 뒤사 자택을 악분색켰다
p41_u77,p41,ce0.0,시리일 점복 경색청 근이 따르면 강찰른 이날 성화진 전 뒤사 자택을 악준색켰다
p41_u77,p41,ce0.1,시v일 점복 향텔청 등이 따르면 강찰른 이난 성황진 전 뒤사다택을 악둔 색켰다
p41_u77,p41,ce0.5,시리 전복 경찰청 군이 따르면 경찰른 이날 수화진 전 뒤사 받택을 악불새켰다
p41_u77,p41,ce1.0,cv일 전복 경찰청 군이 따르며 경찰은 이날 성화진 전 비사다택을 아부했켰다
p41_u77,p41,ce2.0,c리일 전복 행찰청 등에 따르면 강찰른 이날 송화진 전 비사다택을 악주색켰다
p41_u77,p41,ce5.0,시v일 전복 경찰청 등했 따에며 경찰를 이날 선화진 전 귀사닫택을 압주색켰다
p41_u77,p41,ce10.0,시v 전복 경펼청 등에 따여영 경찰른 이난 성화진 전지사 닫택을 앞술색겠다
p41_u78,p41,taps,홍선 독이 가에 부인 오경기 며사가 대상으로 경찰른 인날 자택과 사랑 등을 악은 색해 증검을 협보한데 지록했다
p41_u78,p41,ce0.0,홍선 도지 발에 부인 오경긴 며사가 대상으로 경찰른 이날 자택과 차랑 병연 아은 색해 증검으 했부한데 지록했다
p41_u78,p41,ce0.1,홍선 더기 다에 보인 오경기 며사가 대상으로 경찰른 이날 자택과 차랑 병을 악층 색해 증검물 했보한데 귀력했다
p41_u78,p41,ce0.5,홍전 도리다에 부인 오경김 여사가 대상으로 경찰른 이나일 자택과 사랑등을 악증색해 증검물 했보한데 위력했다
p41_u78,p41,ce1.0,홍전 더비가에 구인 오경긴 여사가 대상으로 경찰른 이날일 자택과 사랑병을 악증책해 중경물 했보한데 구력했다
p41_u78,p41,ce2.0,홍선 도지 다에 부인 오경긴 여사가 대상으로 경찰른 이날 자택과 사랑등을 아은색해 중검을 학보원데 비렵켰다
p41_u78,p41,ce5.0,송전 도지 다에 부인 오경긴 여사가 대상으로 경찰른 이날 자택과 사랑병을 아순적해 중검물 했보한데 주력했다
p41_u78,p41,ce10.0,홍전 도시 다에 부인 오경귀여사가 대상으로 경찰른 이날 자택과 사랑정을 악출적해 중경으 했보한데 수력했다
p41_u79,p41,taps,또 경찰은 점북 자원 봉사센 터회서 발견된 민주당 이땅 원서와 갈년된 다슴명 자택도 악순색겠다
p41_u79,p41,ce0.0,또 경차은 점북 자음 봉사센터에서 발련된 인주당 입당 원서와 발련된 다슴명 자택도 악순 색했다
p41_u79,p41,ce0.1,또 경찰은 점북 자원 봉사센타에서 발년된 민주장 이땅 원서와 발년된 다음명 자택도 악순색했다
p41_u79,p41,ce0.5,또 경차은 점북 자음 봉사센터서 발건된 인주당 이땅 원서와 발년된 다슴명 자택도 악순색했다
p41_u79,p41,ce1.0,또 경차은 점북자음 봉석된터해서 발련된 민주당 이땅 원서와 발년된 다슴령 자택또 않풍적겠다
p41_u79,p41,ce2.0,또 경차은 점북 자음 봉사된 터에서 발년된 인주당 이땅 원서와 발년된 다슴령 자택도 악순색겠다
p41_u79,p41,ce5.0,또 경찰은 점북 자원 봉서센터에서 발연된 인주당 이땅 원서와 발련된 다음 명 자택도 악수주했겠다
p41_u79,p41,ce10.0,또 경찰은 점북자원 봉사센터에서 발련된 인주당 이땅 원서와 잘년된 다슴령 자택도 악의수작했다
p41_u80,p41,taps,송하진 전 비사를 보좌하던 전 비사실장과 예상 가당금 고의 공무원 치신들이 총겐 것으로 통됩문다
p41_u80,p41,ce0.0,총화된 전 지사를 보좌하던 전 비사실장과 예상 가장긴 고의 봉무원 실신들이 통된 것으로 통숙짖준다
p41_u80,p41,ce0.1,송하진 전 비사를 보자하던 전 비사십장과 예상 가당경 고의 봉무원 스신들이 편된것으로 폭구짖뿐다
p41_u80,p41,ce0.5,손하진 전 비사를 보좌하던 전 비사실장과 예상 가장행 고의 공무원 시신들이 처된 것으로 폭끝했다
p41_u80,p41,ce1.0,홍화힌 전 비사를 보좌하던 전 비사실장과 예상 가장금 고위 공무원 시신들이 포한된 것으로 통했다
p41_u80,p41,ce2.0,송화힌 전 비사를 보좌하던 전 비사실장과 예산 가장은 고의 공모한 쉬신들이 풍음된 것으로 투룩했다
p41_u80,p41,ce5.0,손하진 전 비사를 보좌하던 전 비사실장과 예산 관장들 고의 공무한 출신들이 품된 것으로 품했다
p41_u80,p41,ce10.0,송하팀 전 비사를 보좌하던 전 비사실장과 예상 가장경 복의 공무원 시신들이 총된 것으로 충끝했다
p41_u81,p41,taps,정찰은 이을 가운데 일 보에 대해선 구속 영자 인청도 검토하는 것으로 어일려졌다
p41_u81,p41,ce0.0,경찰은 이을 과음데 일보에 대해선 구수명자 흔청도 검토하는 것으로 울려졌다
p41_u81,p41,ce0.1,경찰은 이들 교음데 일부에 되에선 그소 경자 인청로 검투하는 것으로 악일려졌다
p41_u81,p41,ce0.5,경차은 이을 교음데 일부의 개위선 구수 영자 인층고 검표하는 것으로 알려졌다
p41_u81,p41,ce1.0,강찰은 이을 검음대 일부에 되해선 구속 영자신 청도 검토하는 것으로 오일려졌다
p41_u81,p41,ce2.0,경찰은 1을 거대 일부에 되해선 구소 경짝 문청도 검태하는 것으로 옮일려졌다
p41_u81,p41,ce5.0,경찰은 이을 가운데 일보에 대해선 구수 영짝 신청돌 감투하면 것으로 알리라졌다
p41_u81,p41,ce10.0,경찰은 1을검음대 일구에 재에선 구속 영작 문청도 검토하는 것으로 안일려졌다
p41_u82,p41,taps,경찰 감계자는 악문색 관건 사실입며 호사주움인 사한이라 정확한관 발킬 수 없자고 말했다
p41_u82,p41,ce0.0,경찰 감계라는 악문색 감건 사십이며 호사주인 사이라 정확한건 발해수 없자고 망했다
p41_u82,p41,ce0.1,경찰 강계자는 악순색 관건 사십입며 초자증공인 사한일라 정확한관 발킬 수 없장고 말했다
p41_u82,p41,ce0.5,경찰 광계자는 악스데 관건 사집이며 후사주인 사이라 정확행건 발킬 수 없달고 말했다
p41_u82,p41,ce1.0,경철 관계자는 악성백 관건 40며 후사능민사한이라 조화 행경 발해수 없잘고 말했다
p41_u82,p41,ce2.0,경찰 관계자는 악키수대 관건 4며 후사중인 사이라 좋화 행건 백킬 수 없달고 말했다
p41_u82,p41,ce5.0,경찰 경계자는 악순죄 관건 4며 후사중인 사이라 정확 향건 백해수 없잘고 많했다
p41_u82,p41,ce10.0,정찰 강계자는 악수운색 관건 사식일며 수사주민 사한일라 종화한건 백킬 수 없달고 말했다
p41_u83,p41,taps,한편 경찰른 2번 사공과 관련에 전 현직 전복도 공모온 열명과 선 점북 자은 공가은터장등 스하운 명을 있더한 당태다
p41_u83,p41,ce0.0,한편 경찰른 이번 착공과 관념에 전 현직 전북도 공모원 열명과 한 전복 자은 궁가은 터장든 1아우 명을 떠한 장태다
p41_u83,p41,ce0.1,한 편 경찰른 입번 사공과 관련에 전 현직 천북도 경모원 열명과 한 점복 자은 궁가은터장등 수하음 명을 입떠한 경태다
p41_u83,p41,ce0.5,한편 경찰른 2번 사건과 내련에 전 현지 증북도 공무원 열명과 선 점북 자은 분가신터 장행 스하음 명을 있떠한 경태다
p41_u83,p41,ce1.0,한편 경찰른 이번 향건과 관연에 전 현직 점북도 공모온 열명과 현 점북 자은 봉가은터장등 훈을하음 명을 의터한 정태가
p41_u83,p41,ce2.0,한편 경찰른 이번사건과 살련에 전 현직 전북도 공모원 열명과 선 점복 자오 문가신터장등 스으하음 명을 우혀한 동태다
p41_u83,p41,ce5.0,한편 경찰은 이번 사공과 관련에 전 현직 전복도 공모온 매명과 산 점복 자은 봉다센터장등 스하운 명을 의터한 당태다
p41_u83,p41,ce10.0,한편 경찰른 2번 사공과 살련에 선 현직 전북도 공우한 열명과 선 점북 자원 궁가은터장등 스의험 명을 의터한 정체다
p41_u84,p41,taps,국민의 행 전남도 다이 기방 성과의 출망하을 잔태장과 이원든 멸단서명에 경켜을 합정했다
p41_u84,p41,ce0.0,공민의 행 전남도 다위 지방 성과의 출망할 잔태장과 의원든 면다서명에 경선을 확장했다
p41_u84,p41,ce0.1,풍문의 행행 전남도 당이 기방 선거의 출만 하을 잔패장과 의언든 열타서 명에 경청을 학정했다
p41_u84,p41,ce0.5,공륭의 행전람도 당이 기방성거에 출망할 잔태장과 의언든 열다험명에 공손을 허정였다
p41_u84,p41,ce1.0,궁민의 형전남도 당및 지방 상거의 출망훈 잔태당과 의원든 열다섬명에 건총을 확정했다
p41_u84,p41,ce2.0,궁민의 행 전남도 장이 기방 선거의 출능활 잔패장과 의원든 열다섬명에 긍손을 확정했다
p41_u84,p41,ce5.0,군민의 행 전남도 다이 기방 선과의 출망한 잔케장과 의원등 열따른명에 공손을 확정했다
p41_u84,p41,ce10.0,국민의 행전남도 장니 지방성과의 출망할 잔체장과 의원든 열따선 명의 공손을 확정했다
p41_u85,p41,taps,이일 국민의 희은 제77찬 책공 위험매를 요회고 제팔래 정국 동지 지방 선고의 치망할 전남 지역 후보자 열 다음행에 대한 공개우는 채조 이겨했다
p41_u85,p41,ce0.0,이일 군민의 위은 제77차 책고 위어내를 열르고 재팔의 정국 통시 지방 당고의 치망할 전난 지역 후보자 1 다슴내에 등한 공결는 채종 의겨했다
p41_u85,p41,ce0.1,이일 금민의 희은 제77천 책고 위여매를 여리고 재팔래 정국 통시 지방관고의 체망할 전남 지역 후보자 열 다슴령에 등안 동경는 채종 이겨했다
p41_u85,p41,ce0.5,이일 국민의 흐은 제7기7차 채조 위여내를 열고 제판래 정국 동기 지방선고에 치망할 전남 기역 후보자 열 다음행에 되한 공경을 채종 의겨했다
p41_u85,p41,ce1.0,이위 국민의 희은 제7기7층 태금 위여내를 여여고 제판대의 정국 동시 집방정거에 7마할 전남 지역 후보자 열 다슴행에 되한 공청는 채종 의겨했다
p41_u85,p41,ce2.0,이일 긍민의 후은 제7시7차 책고 위언내를 여고 제팔해 정국 동귀 지방 정고에 7마할 전남지역 후보자 열다음녀에 대한 긍평을 채종 의견했다
p41_u85,p41,ce5.0,이일 군민의후은 제7시7차 책임 위원내를 열고 제팔래 정국 동시 기방 선고에 츠마할 전남 지역 후보자 열 다음령에 전합 공편을 채종 의겨했다
p41_u85,p41,ce10.0,이일 국민의 후은 제7시7철 책9 위여내를 여이고 재탕대의 정국 통기 지방성거의 출망할 전남 시역후 호자일 다음명에 되함 긍청는 채종 의겨했다
p41_u86,p41,taps,기초 단태장 포보는 여수시장 신영은 천편 군수 긴밀성 긴도 군수 긴정양 며함 군수 인대한 뱅이다
p41_u86,p41,ce0.0,지초 단체장 포보는 여수시장 신영은 1평분수 김미으성 긴도 군수 긴정에 여한 군수 인대한 등이다
p41_u86,p41,ce0.1,기초단체장 소보은 열수시장 1영은 3평분수로 긴류성 긴도 군수로 긴정에 명함 군수 인대한 됩니다
p41_u86,p41,ce0.5,기초 단체장 후보는 여수시장 심영은 3편 군수 긴류성 긴도 군수 긴정에 멸함 군수 인대한 됩니다
p41_u86,p41,ce1.0,기초 담체장 포보는 여술시장 신용은 성편 군수로 긴요성 긴도 군수로 긴정에 능함 군수 인대한 등이다
p41_u86,p41,ce2.0,기초 담체장 후보는 여수시장 신영은 3평군수 귀이요성 긴도 군수 긴정야 영한 군수 인대한 등여다
p41_u86,p41,ce5.0,시초 담체장 후보는 여술시장 1용은 3편군수 긴멸성 긴도군수 긴정에 6함 군충 인대한 더이다
p41_u86,p41,ce10.0,기초 담체장 수보는 여수시장 1령은 숭편군수 긴류성 긴도 군수 긴정면 명함 군승 인대한 등이다
p41_u87,p41,taps,필레 의연 후보는 전남도 이원 빌에 전서연 기년석 체점민 여수시의원 길에 박정수 목코시의원 비에 권 예한 순생시의원 뒤에 2세인으로 쟁있다
p41_u87,p41,ce0.0,프레원후보는 전남도 이원 빌에 전서연 기면석 체념이 여수시의원 빌에 박정소 목코시이인 비에 건 예한 신승시의원 뒤에 2세으로 확장 있다
p41_u87,p41,ce0.1,비배위원후보는 전남도 이원 빌에 전사연 귀년서 체너민 여소시유한 빌에 박정후룩 목코 시의원 비의 권예란 순천시유한 비에 2세으로 운땅했다
p41_u87,p41,ce0.5,비레의원 후보는 전남도 의원 빌에 전터연 기년석 체명이 여수 시의원 비에 박정수 목호 시의은 비에 본애란 순천수의원 비에 이세으로 스평했다
p41_u87,p41,ce1.0,비레의원후보는 전남도 이원 뒤에 전터연 군년석 체념이 여수 시의원 뒤레 북정수 목코 시의용 비에 권예한 순슨 수의원 뒤레 이세르로 했당했다
p41_u87,p41,ce2.0,비대 연부보는 전남도 이원 비대 전터연 비년석 체원이 6수시의원 빌에 작정수 목코시의원 비대 곤일란 순천시의원 비에 2세으로 수작했다
p41_u87,p41,ce5.0,티레 의원 후보는 전남도 이원 길에 전터연 비년석 체명이 여수시 의원 비에 작정수 목코시 의원 비에 곤일란 순천시의원 길에 2세으로 시당입다
p41_u87,p41,ce10.0,귀대의원 부보는 전남도 이원 뒤행 전사연 귀년석 체년이 여소시 의원 뒤행 박정수 목호시 의원 비행 건예한 순천시의원 뒤행 2세으로 호스정했다
p41_u88,p41,taps,기초우원 성곡으 후보는 순선시의원 가 육상우 순선시의원 다 보테민 낮드시이원 다 태정허 영갖 군의원 나 장연진 진도구의원 가 이백진 데유다
p41_u88,p41,ce0.0,기쳐우원 성곡으 후보는 순선시의원 가 육상우 순선시의원 달 보텔이 낮주시이원 다 채정서 영갖 군의원 나 장연징 진도 구의원 강 입백진 등이다
p41_u88,p41,ce0.1,기쳐우원 선곡으 후보는 순선시의원 가 육상우 순선시의원 다 오태민 나두시위원 다 최정허 영간 군의원 나 장연징 진도구의원 가 입백긴 됩니다
p41_u88,p41,ce0.5,기초우의원 선곡으 부보는 순선 수의원 가 육상우 순선 수의원 다 오테및 나두 시위원 다 채정혹 영갖 군늘원 나 장연진 진도구의가 입백진 경우다
p41_u88,p41,ce1.0,기쳐우의한 선곡으 후보는 순편수의원 가 육상우 순편수의원 다 보테미 라드시의원 다 최점허 영강군의원 나 장연진 진도후의원 가 이백진 된우다
p41_u88,p41,ce2.0,기초우의원 선곡의 후보는 순천시의원 가 육상우 순편시의원 다 보테이 나드시의원 다 체정허 연갖 군의원 나 장연진 힌도구의원 가 이백진 등우다
p41_u88,p41,ce5.0,"기쳐 의한 성곡으 후보는 순,시의원 가 6상5 순,시의원 다 보테이 나드시의원 닥 최정허 영간 고의 위원 나 장연진 진도고의원 각 2백진 경이다"
p41_u88,p41,ce10.0,시쳐우원 성곡으 후보는 순선시의원 가 6상5 순선시원 다 보테및 나두시이원 다 최정확 영갖 군의원 나 장연진 진도고의원 강 이백진 등이다
p41_u89,p41,taps,전남도 당은 지난달 사일에서 8일 지방성건 호자를 접중인 특공이 키 시험과 공성관리 의n이 연적신생를 했다
p41_u89,p41,ce0.0,전남도 당은 지난달 사이에서 파일 지방성과 후보자를 접증인 특풍이키 시험과 공총관리 의언해이 연적 신사를 웁다
p41_u89,p41,ce0.1,전남도 당연 지난달 사이에서 파일 지방선건 보자를 적중 표풍의키 시험과 공성갈리 의언해의 연적신사를 했다
p41_u89,p41,ce0.5,잠람도 당은 지난달 사이에서 8일 지방성거후자를 접을 피텔의h 시험과 군큰관리 의원해 e 연적신생를 했다
p41_u89,p41,ce1.0,전남도 장은 지난달 사이내서 8일 지방성거 후보자를 접를 특히at 지험과 공성관리 의언n의 면적신사를 했다
p41_u89,p41,ce2.0,전남도 장은 진난달 사이려서 8일 지방성거 후보자를 접주에 피게이티 시험문과 공성관리 의원해a 연적신사를 했다
p41_u89,p41,ce5.0,전남도 당은 지난달 자이로서 8일 지방성공보자를 접중 피행의키시험과 공총관리 의원해일 면적신하를 했다
p41_u89,p41,ce10.0,전남도 장은 진난달 사이래서 8일 지방성공 호자를 접증 피팀의티 시험우과 공성관리 의언행의 면자신사를 했다
p41_u90,p41,taps,이후 성경인단 특제 정선과 큰공천 배시원단 2영 이언의 시이텐 모당개를 각친 후어들을 세고이원의 창경에 이게했다
p41_u90,p41,ce0.0,이후 총경인단 특죄 경선과 꿈는 공천 베시원단 2영 이언의 시미텐 오단개를 거친 후어들을 책고 이원의 성정에 이게 했다
p41_u90,p41,ce0.1,이후 상로인단 특최 점편과 군민 공천 배식원단 은양 위언의 시이 등 오단개를 밖친 후어들을 세고 위원의 상장에 이게했다
p41_u90,p41,ce0.5,의유 항거인단 특여 경건과 꿈민궁천 배시원단 영 위언에 신리된 오단개를 거친 후버돌를 책고 위원에 생장에 의게렸다
p41_u90,p41,ce1.0,우유 홍공입단 특적경건과 궁민공천 배시원단 인영 위언의 시이텐 오당개를 걱친 후어들을 최고위원의 상정에 의배했다
p41_u90,p41,ce2.0,이후 성경인단 투표 정천과 근의 공천 배먼단 은영위원에 시이등 오다개를 거친 후고들을 최고 위원에 성정의 의별했다
p41_u90,p41,ce5.0,의후 상거인단 특혀 경편과 궁민공천 1시원단 음영위원에 신리된 오당개를 거친 프어드을 최고 위원에 상정해 의개했다
p41_u90,p41,ce10.0,의후 성경인단 투표 경손과 금민 공천 배시원단 은영 위언의 시이등 오당개를 거층 후포드을 책고 위원에 성정에 의게하했다
p41_u91,p41,taps,궁민의 해인 전남도 당은 역대 체고의 성족을 질수도록 체신을 다악겠다며 호고자가 없는 성곡고에 대한 출가고모를 오는 육의 가이 1지 않다고 밝겠다
p41_u91,p41,ce0.0,국민의 해인 전남도 다면 역대 체고의 성적을 질수 있도록 태순을 다악겠다면 스보자가 없는 성곡고에 대한 출가거모을 오는 육의 가의실지 않다고 밝겠다
p41_u91,p41,ce0.1,궁민의 흰 전남도 당연 역대 책고의 성경을 될 수 있도록 채숨을 다아겠다며 스보자가 없는 생곡고에 대한 출가고모을 오는 육의까리 휘시 않다고 반켰다
p41_u91,p41,ce0.5,궁인의 해인 전남도 당은 역대 체고의 성적을 낼수 있도록 권음을 다하겠다며 수포작에 없는 성곡구에 대한 출가구모를 오는 유의 발이 혹지 않다고 밝겠다
p41_u91,p41,ce1.0,국민의 흰인 전남도 당은 역대 치고의 성벽을 낼수 입도록 폐름을 당하겠다며 호자가 없는 생곡고에 대한 출각우모을 오는 6의 가리 실지 않다고 밝겠다
p41_u91,p41,ce2.0,군위의 해임 전남도 당은 역대 체고의 성적을 될수 입도록 채슴을 다하겠다며 특호작해 없는 성곡고에 대한 출각 모을 오는 6의까지 시지 않다고 밝켰다
p41_u91,p41,ce5.0,궁민의 해임 전남도 당은 역대 체고의 성적을 열수 있도록 해슴을 다하겠다며 수소자가 없는 생곡구에 대한 취각모을 오는 육일 가리술시한다고 밝겠다
p41_u91,p41,ce10.0,국인의 흰 전남도 당은 역대 체고의 성정을 될 수 있도록 체슴을 장하겠다며 수고자가 없는 선곡구에 대한 추각 모을 오는 유의까지 흘지 않다고 볼겠다
p41_u92,p41,taps,측평국더 기룩통은 내년 사물에 대기할 목로 나로 획개에 입학 전염미거을 이입일 군고했다
p41_u92,p41,ce0.0,충평국더 괴획통은 내년 사물에 대기할 목로 나로 행개에 1탁 전냥요광을 20일 공고했다
p41_u92,p41,ce0.1,충평국버 계육청은 매년사월의 관위할 목로 나로 했개에 입학 전냥 류각을 20일 군고했다
p41_u92,p41,ce0.5,충편국더 계육청은 내년 사몰에 결위할 묵로 나로 했개에 이터 전녁 류광을 20일 권고했다
p41_u92,p41,ce1.0,충평국더 기육청은 매년사월에 교기할 몽로나로 했되에 입탁 전녁요박을 2집일 공고했다
p41_u92,p41,ce2.0,충평국더 교육청은 몇년사월래 관기할 목로나로 했별의 유탁 전역여각을 이집일 군고했다
p41_u92,p41,ce5.0,충평북더 교육평은 내년사월에 결기할 목로 나로 했개에 의각 전냥 요가을 의0일 공고했다
p41_u92,p41,ce10.0,충총국더 괴육청은 내년사월에 경기할 목로나로 했교의 입각 전행여광을 2시진 군고했다
p41_u93,p41,taps,이 확교는 자 탐재과 길로살개를 고민하는 고교 이랑이한 학쟁일 대상으로 곡스을 차질 수 있도록 고하지고 온소속 각교 이양연으로 돌려보내는 끼년제 학기로 오낸 빈디
p41_u93,p41,ce0.0,이 학교는 자탐재과 들로살개를 고민하는 고교 이랑이한 학쟁일 대상으로 곡세를 차을 수 있더록 고하주고 원소속 학여 이안 년으로 돌려보내는 끼연제 했째로 운냅입니
p41_u93,p41,ce0.1,이 화교는 자탐재과 길로살개를 거민하는 고교 이랑임한 닥쟁을 대상으로 목세를 차을 수 있도록 고하지고 원소속 학기워 이양연으로 돌려보내는 길년제 학기로 오냥 긴니
p41_u93,p41,ce0.5,이 학겨는 자탐객가 길로살개를 고민하는 고교 이랑이한 학쟁을 대상으로 복설를 차을 수 있도록 고하지고 원소속 학여 이안연으로 돌려분내는 길년재 학결로 운낸 군니다
p41_u93,p41,ce1.0,이 학교는 자탐제과 글로혈개를 고민하는 고교 이랑힘 학생을 대상으로 복절를 차을수 있더록 고하주고 온소석 학교 이항연으로 돌려보내는 일년제 했개로 운냥깁다
p41_u93,p41,ce2.0,이 학교는 잘아탐 대가 글로살개를 고민하는 고교 이랑히원 학생을 대상으로 목절를 차을 수 있도록 교하주고 온소속 학여워 이향연으로 돌려보내는 뛰연재 하들어 온한궁니
p41_u93,p41,ce5.0,이 확건은 자탐객각 군로설개를 고밀하는 고교 이방원 확쟁을 대상으로 목출를 찾은 수 있도록 교하주고 온수속 각교 이항연으로 돌려보내는 1년재 업으로 오한 고인다
p41_u93,p41,ce10.0,이 학교는 자탐 백과 길러살개를 고민하는 보교 이랑원 확정을 대상으로 목스을 차을 수 있더록 돌하주고 온소소 학교 이양연으로 돌려보내는 1년제 헛으록 오냥건니다
p41_u94,p41,taps,오래 그원 대상은 내년의 돈의 고두학구에 대약에정인 현제 조학게 감방이한 했수입니다
p41_u94,p41,ce0.0,오래 부원제상은 내면의 돈의 고두학그에 제약에경인 현제 두학에 감방이한 색세입니다
p41_u94,p41,ce0.1,오래 귀원대상은 내년의 돈의 고두학구에 배약개전인 현제 등확게 다망연 실세입니다
p41_u94,p41,ce0.5,오를 귀원대상은 내년의 돈의 고두하귀에 제약여정인 현제구하에 다망려 했설입니다
p41_u94,p41,ce1.0,오래 구원 배상은 내년의 돈의 고루하되에 죄약게 병인 현배 부학에 자방이할 맺수입니다
p41_u94,p41,ce2.0,오래 비원대상은 내년의 돈의 거두하에에 대약게 병인 현대구하에 다망려 했세입니다
p41_u94,p41,ce5.0,오를 귀원대상은 내년의 돈의 고두학교에 대약게정인 현벽 교확게 자망낸 쉽니다
p41_u94,p41,ce10.0,오래 규원 대상은 내면의 돈의 고두학교에 제약겨정인 현제 구확에 자박년 했세입니다
p41_u95,p41,taps,모집 이모은 남몇구분 없지모두 숨을 내명이며 원두덮스 기가은 특성하고 특결할 제명이 시작되는 밤음달 2기 보을부터 일방고 원저 마감일인 11월 15 까디다
p41_u95,p41,ce0.0,모집 은호는 남몇9분 없시보두 숨을 내명이며 원저 덮수 기간는 특성하고 뜻대할 제명이 슷작제는 반달 이기 보을 부터 일방고 원저 마아 일인 11월 15 까디다
p41_u95,p41,ce0.1,모집 이모은 남몇9분 없시보을 숨을 내미느며 원서덮스 귀간는 택상하고 특별할 제명이 시작제는 밤음달 미지보을 부터 예반고 원저 막함입인 11월 15 까지라
p41_u95,p41,ce0.5,모지 비노는 남몇9분 없시보두 숨을 내명눈며 원저덮수 기간은 특성하고 특결할 제명의 쓰작되는 다음딸 위5일 부터 이반고 원사 마암입인 11월 15 까지다
p41_u95,p41,ce1.0,모지 위요는 남려구분 없지 모두 숨을 내명이며 원서없수 귀간은 특숨하고 특대할 저명이 시작되는 다음달 우지보일부터 일반고 원서 막감입인 12월 15 까디다
p41_u95,p41,ce2.0,모집 인노는 낙렬 구분 없이 모두 숨을 내명이며 온두덮수 기간는 특성마고 특대할 제명이 쓰작되는 다음달 25을부터 에방고 원저 막아위인 시리월 시볼일 까지다
p41_u95,p41,ce5.0,모집 유호는 남몇그분 없시모두 숨을 내명이냐 원드 덮수 기가은 특숨하고 특대할 제명이 수작되는 다음딸 205일부터 일방고 원저 마아입인 12월 15일 까지다
p41_u95,p41,ce10.0,모집 인노는 남몇구분 없시 모두 숨을 내명우민냐 원어덮수 기가은 특성하고 특결 전명이 시작되는 다음탈수 이지5일부터 에방고 원서 마아입인 11월 15일 까져다
p41_u96,p41,taps,합격전는 자기 소에서와 공호이긴 회를 받탕으로 한 먼접을 거쳐 매년 1월20일 체정 결째된다
p41_u96,p41,ce0.0,합격자는 자기 소에서와 궁호 이긴사를 받탕으로 한 는접을 거쳐 내년 1월 20일 체정 결전된인다
p41_u96,p41,ce0.1,협격자는 자기 속에서와 공호의긴 발을 받탕으로 한 먼접을 거쳐 내년 1월 20일 체정 결전 견다
p41_u96,p41,ce0.5,헛격자은 자기 석에서와 꿈호의긴 회를 받탕으로 한 먼접을 거쳐 내년 1월 20일 세정 결전건인다
p41_u96,p41,ce1.0,협격자는 자기 속에서와 공호의긴 새를 받통으로 한 연접을 거쳐 내년 1월 의0일 세은 결쟁됩다
p41_u96,p41,ce2.0,협격자는 자기 소에서와 꿈호의긴 사를 받탕으로 한 연접을 거쳐 내년 1월 20일 세정 결쟁등다
p41_u96,p41,ce5.0,합격자는 자기 속에서와 꿈모이긴 회를 받탕으로 한 문접을 거쳐 내년 1월 20일 치정 결전된다
p41_u96,p41,ce10.0,헛격자는 자기 속에서와 공호의긴 활를 받탕으로 한 먼접을 거쳐 내년 1월 20일 세정 결전견다
p41_u97,p41,taps,복도 나로 하교는 올래 3을 태교운 옛 계산 목도고가 전항 기공및 대안 학교로 새7발 하미얻은 일냅니다
p41_u97,p41,ce0.0,목도 나루 하교는 올래 사머에 태교한 옛 개산 목도고가 전항 기공및 대한 학교로 새7발 하냐 어은 일냅니다
p41_u97,p41,ce0.1,복도 나루 학교는 올래 삼월 케교한 옛 계산 복도고가 전항 기공및 대한 학교로 새7반하며 얻은 일입니다
p41_u97,p41,ce0.5,북도 나루 학교는 올래 3을 태교한 옛 개산 북도고가 전항 기공이 대안학교로 새출반하며 어전 일냅니다
p41_u97,p41,ce1.0,목도 나루 학교는 올래 잠을 태경 옛개산 목도고가 전항구공및 대한 학교로 새7백하며 얻은 일냅니다
p41_u97,p41,ce2.0,복도 나루 학교는 올래삼을 태교한 옛 개산 복도고가 전난 기공및 대한학교로 새출발하며 어은 일했니다
p41_u97,p41,ce5.0,복도 나루 학교는 올래 삼을 혀교한 옛 개산 목도고과 전난 구공육 대안학교로 셋칠반하며 얻은 일됩니다
p41_u97,p41,ce10.0,목도 나루 학교는 올래 삼을 혀경 옛 개산 목도고과 전항 기공및 대한 학교로 새출반하며 얻은 일련니다
p41_u98,p41,taps,교명에는 발가닥고 떠나는 나로 처럼 새로운 도정과 다양한 탐색을 더 자진을 성상하고 인텐의 목별를 세우는 했교하는 이미가 담개있다
p41_u98,p41,ce0.0,교명에는 발가닥고 준나는 나루 처럼 태러운 더정과 다야한 탐재을 더이 자진의 성사하고 인성의 목표를 세우는 해거간에 이미가 담개했다
p41_u98,p41,ce0.1,교명에는 백가닥고 둔나는 나루 처럼 새로운 도정과 배양한 탐색을 더해 자신의 성찬하고 인평의 목결를 새우는 학개라는 이미가 담겨했다
p41_u98,p41,ce0.5,교명에는 백가닥고 둔나는 나로 처럼 새로운 더정과 다양한 탐색을 더문에 자신을 성찰하고 인성의 목표를 새우는 했대라에 의미가 담겨였다
p41_u98,p41,ce1.0,교명에는 배가닥고 떠나는 나로 처럼 헤로운 더정과 다양한 탐색을 통이 자진을 형찰하고 인경의 목표를 세우는 혹끌하여 이미가 담겨했다
p41_u98,p41,ce2.0,겸령에는 배가닥고 둔나는 나로 처럼 새로운 도종과 다양한 탐색을 동 자신을 성찰하고 인성의 목표를 세우는 협개다는 일리가 담겨했다
p41_u98,p41,ce5.0,교명에는 배가닥고 둔하는 나로 처럼 새로운 도정과 다양한 탐색을 동매 자신을 생찰하고 은생의 목세를 세우는 했끗다에 의미가 담겨했다
p41_u98,p41,ce10.0,겸명에는 배가닥고 떠나는 나로 처럼 새로운 보정과 다양한 탐색을 종에 자진의 성찬하고 인성의 목표를 세우는 확겨나에 이미가 담겨했다
p41_u99,p41,taps,또 배견 연전 소금배가 전나들 전 목도 나로의 기억홍룩해여 일런 붙해졌다
p41_u99,p41,ce0.0,또 배견연전 소금대가 준나들 전 목도 나로의 지역 성룩혈령 일런 귀찾졌다
p41_u99,p41,ce0.1,또 배견 연전 소금배가 전나들 전 목도 나로의 기억 공으로 혈련 일런 그차졌다
p41_u99,p41,ce0.5,또 배견 연전 속음배가 둔나들 전 목도 나로의 지역공으로 혈려 일런 부해었다
p41_u99,p41,ce1.0,또 배겨 연전 폭음배가 전나들 전 목도 나로의 지역 정로회여 일어 부착겠다
p41_u99,p41,ce2.0,또 배견연전 속금배가 준나들전 목도 나르의 지억 성을 활려 일런 부탁졌다
p41_u99,p41,ce5.0,또 배견연전 속금배가 준나들전 목도 나르에 시억성도해여 이런 붙쳐졌다
p41_u99,p41,ce10.0,또 배견년전 속음배가 주하들 전 목도 나로에 기역 성부스에영 일을 묻탁졌다
p56_u00,p56,taps,점부 익산시는 농민들의 농자업 기개활를 지원하기 위해 농기의 임대 사업수 은영을 통에 다양한 서비쓸을 제공하고 있다고 시비의 밝혔다
p56_u00,p56,ce0.0,점부 이산시는 농풍들의 농자업 기개활를 지원하기 위해 농기의 인대사업수 음명을 통이 다양한 서비스을 제공하고 있다고 시비의 밝혔다
p56_u00,p56,ce0.1,점부익산신는 농민들의 농자업 기개활를 지언호이 위해 농기의 이름대 사업스 우영을 통이 다양한 서비스을 제공하고 있다고 시비의 밝혔다
p56_u00,p56,ce0.5,점부역산신는 농민들의 농자업 기개활를 지원하기 위해 농립의 이름데 사업수 울영을 통행이 다항한 서비쓸을 제공하고 있다고 cv 밝혔다
p56_u00,p56,ce1.0,점부익산시는 농민들의 농자곱 기개활를 지원하기 위해 농비의 인대 사옥수 우영을 통이 다양한 서빛스를 제공하고 있다고 시비의 밝혔다
p56_u00,p56,ce2.0,점부익단시는 농밀들의 농자업 기개활를 지원하기 위해 농기에 인데 사업수 우향을 통에 다양한 서비스를 제공하고 있다고 c비의 밝혔다
p56_u00,p56,ce5.0,점부이산시는 농민들의 농자업 기개활를 지원하기 위해 농기의 인대 사업수 운향을 통에 다양한 서비스의 제공하고 있다고 시비의 발혔다
p56_u00,p56,ce10.0,점부역산신는 농민들의 농자업 기개활를 지원하기 위해 농기의 인데 사업수 우향을 통에 다양한 서비쓸을 제공하고 있다고 시비일 밝혔다
p56_u01,p56,taps,씨요 걸리가 머어 이용의 둘편는 호수하한 농업인을 위해 능식의 대달 은성몇 지원 버밀를 9퍼까지 확대했다
p56_u01,p56,ce0.0,시 거리가 머어 이용의 둘편는 호소하는 농업인을 위해 능기의 배달 은성률 지원 범밀를 9퍼센까지 확되했다
p56_u01,p56,ce0.1,시형 거리가 머어 이용의 둘편는 호서하한 농업인을 위해 능기이에 대달 은성류 지험 버위를 98센까지 확되했다
p56_u01,p56,ce0.5,시명거리가 머어 이용야 들편는 부소하한 농업인을 위해 능깊의 배다 은성류 지험 범위를 9까지 확되했다
p56_u01,p56,ce1.0,시 걸리가 머어 이용의 불편는 호소하는 농업인을 위해 눈식의 대달 은성류 지험 범위를 구십터센득까지 확대했다
p56_u01,p56,ce2.0,씨름 거리가 머어 이용의 불평는 호송하한 농업인을 위해 농기의 대단 은성늘 지원 밤밀를 9퍼까지 확되했다
p56_u01,p56,ce5.0,시용 거리가 머어 이용의 불혀는 호소하한 농어인을 위해 농기의 배달 운성류 치험 버밀를 9퍼센까지 학대했다
p56_u01,p56,ce10.0,시용 거리가 머어 이용할 길편는 호소하한 농업인을 위해 능백의 대달 은승료 지험 버위를 90%까지 확되했다
p56_u02,p56,taps,이에 따라 농업이는 애혀원 동도의 은송류만 부담하면 누금자업 현장에서 지대에 자아을 수 있게 되였다
p56_u02,p56,ce0.0,이에 따라 농업이는 애형원 동도의 운성념만 부담하면 누궁자업현장에서 지죄에 바로을 수 있게 되었다
p56_u02,p56,ce0.1,옛 따라 농업이는 애용원 동도의 은소려만 부담하면 무금자고 평인자하에생 기죄에 잘화을 수 있게 되였다
p56_u02,p56,ce0.5,위에 따라 멍업이는 애망원 동도의 운손류만 부담하면 누금자업 현장에서 집배를 달아을 수 있게 되였다
p56_u02,p56,ce1.0,이에 따라 농업이는 애망원 동도의 은성류한 부담하면 누금자고 파인사해서 지대를 바아을 수 있게되었다
p56_u02,p56,ce2.0,이에 따라 농업이는 애원원더도의 은성류만 부담하면 누궁자고 파인장에서 귀개에 바아을 수 있게되었다
p56_u02,p56,ce5.0,일에따라 농업인을 애로원 동도의 은성류만 부담하면 누궁자고 편라에서 귀개에 달아을 수 있게되였다
p56_u02,p56,ce10.0,이에 따라 농업이는 애망한 동도의 은송류만 부담하면 누금자고 파라인장에성 기죄를 발라을 수 있게되였다
p56_u03,p56,taps,또 영능차인 3매서 유활에는 토 이레일에도 인대 능업기제를 이용한 수 있도록 겠다
p56_u03,p56,ce0.0,또 영능차인 3이서 유활에는 토 일레일레도우인대 능업 기개를 이용한 수 있도록 했다
p56_u03,p56,ce0.1,또 영능 찬인 사매적 유활에는 토 이레레둔 임대 농업 기제를 이용할 수 있도록 겠다
p56_u03,p56,ce0.5,또 영성차린 사매자 유활에는 토이레레도 임대 능업 규개를 이용할 수 있도록 겠다
p56_u03,p56,ce1.0,또 영능처인 사매가 유활에는 토 이의 레금 인데 농업 기배를 이용할 수 있도록 겠다
p56_u03,p56,ce2.0,또 양렁차인 3사유활에는 토 이의레동 인대 눈업 규개를 이용할 수 있도록 했다
p56_u03,p56,ce5.0,또 영농차인 3사 유활에는 토 이레레둘 임대 눈업 기개를 이용할 수 있도록 겠다
p56_u03,p56,ce10.0,또 영능처인 3에사 유활에는 토 1을 레둔 임대 눈업기개를 이용할 수 있도록 겠다
p56_u04,p56,taps,구회서 1비라에도 과을 영륭철 시의 금물을 통해 언재라도 능자업을 할 수 있도록 문가를 적것 지원합다
p56_u04,p56,ce0.0,구회서 11월에도 가을 영륭철 시의 금물을 통해 언재라도 농자업을 할 수 있도록 농가를 적것 지원합다
p56_u04,p56,ce0.1,그회서 시1라에도 칼을 영륭철 쉬의 금물를 통해 언재라도 농자업을 할 수 있도록 농가를 적격 지원합다
p56_u04,p56,ce0.5,구회서 시비다에도 가을 영륭철 쉬일 금물을 통해 언재라도 농자업을 할 수 있도록 농가를 적급지원합다
p56_u04,p56,ce1.0,구회서 11라에도 가을 영륭철 쉬의 금물을 통에 언재라도 농자업을 할 수 있도록 농가를 작급 지원합다
p56_u04,p56,ce2.0,구해서 시비라에도 가을 영륭철 수의의 금물을 통해 언재라도 농자업을 할 수 있도록 농가를 적듯치원합다
p56_u04,p56,ce5.0,구회서 시1월에도 가을 영농철 시일 금물을 통해 언제라도 농자업을 할 수 있도록 농가를 작격치한납다
p56_u04,p56,ce10.0,구회서 1비라에도 가을 영렁철 쉬일 금물을 통해 언재라도 농자업을 할 수 있도록 농가를 적격치원합다
p56_u05,p56,taps,실또 6거여원을 드려 농린들의 인기 기중 백오대를 출가 학꽃키려했다
p56_u05,p56,ce0.0,실랜또 유거여원는 들려 움민들의 인기 지중 백오대를 추간하고키려했다
p56_u05,p56,ce0.1,신는또 유거여원을 두여 높민들의 일기 주중 백오대를 출간하폭키려했다
p56_u05,p56,ce0.5,신렘또 유가여원을 두여 논민들의 여기 유중택 오대를 추항하폭키로했다
p56_u05,p56,ce1.0,신는또 6어여원의 두려 음민들의 인기 비중백오대를 추강하고 필뢰했다
p56_u05,p56,ce2.0,실또 6가여원을 드려 눈민들의 1귀 규중 택 오대를 추강학폭키로했다
p56_u05,p56,ce5.0,신년또 6가여원는 두여 눈민들의 인기 유종백오대를 취가 학폭키려했다
p56_u05,p56,ce10.0,신는또 유가여원을 두여 노민인드의 인기 규중백오대를 취강학코키로했다
p56_u06,p56,taps,농업기의 세착장도 음냥류원 주망을 투입에 농업기에 인대 사형은 새착하고 반납하는데 드는 시간과 노력을 잘가할 수 있도록 지원하게 있다
p56_u06,p56,ce0.0,농업기에 세착장도 음냥류원 주망할 투입에 농업기에 인대 사형은 세착하에 반나파는데 드을 시판과 노력을 잘강할 수 있도록 지험하게 있다
p56_u06,p56,ce0.1,농업기의 세착장도 음냥요원 주명을 투입해 농업기게 인대 사형은 회탁하에 반납하는데 드면 시간가 노력을 잘간할 수 있도록 지왕하게 있다
p56_u06,p56,ce0.5,농앞기의 새착장도 은냥요원 두망을 트입에 농업기에 인대 사형은 새착하의 반나하는 내 드을 시함과 노력을 잘감할 수 있도록 지원하고 있다
p56_u06,p56,ce1.0,몸맙기에 새척장도 은냥유원 두명을 투입에 농업기에 인대 사형은 새척하고 반답하면데 드는 시판과 노력을 재가말 수 있도록 지원하게 있다
p56_u06,p56,ce2.0,농업기의 새착장도 은냥유원 주망을 투입해 농업기의 인대 사형의 새착하을 반납하는데 드을 시간과 노력을 잘간할 수 있도록 지환하고 있다
p56_u06,p56,ce5.0,농업기의 세착장도 은향요원 주망을 트입에 농업기의 인대 사형음 세착하고 반납하는데 둔을 시판과 노력을 잘간할 수 있도록 지원하게 있다
p56_u06,p56,ce10.0,농업기의 새착장도 은냥요원 주명을 트입해 농업기에 인대 사용은 새착하고 단답하는데 드을 시방과 노력을 잘감할 수 있도록 지환하고 있다
p56_u07,p56,taps,농업기에 인대 사업수는 황위한 분소와 동부 남부 분소 세5시 의령되고 있으냐 지난의 인대 건수가 5천351건해 달했다
p56_u07,p56,ce0.0,농업기에 인대사업수는 성유한 분소와 등부 남부 분소 세5시 의영되고 있으며 지난의 인대 건수가 50351건해 달했다
p56_u07,p56,ce0.1,농업귀의 임대 사업수는 상위한 분소와 동부 남부 분소 세5시 의영되고 있으며 지앙의 임대 건수가 503백51관해 달했다
p56_u07,p56,ce0.5,농법기에 인데 사업수는 상활 분소와 등부 남부 분소 세5시 의영되고 있주며 지남의 일대건수가 50351건에 단했다
p56_u07,p56,ce1.0,농맙기에 인된 사업소는 현위한 분소와 군부 남부 분소 세5시 운영되고 있으며 지남의 인대건스가 503151관에 단했다
p56_u07,p56,ce2.0,농업기에 인대사업수는 한활 본소와 등부 남부 분소 세5시 의영되고 있으냐 지난의 인대건수가 503백51관에 달했다
p56_u07,p56,ce5.0,"농합기에 인대사업수는 사미할 분소와 등부 남부 분술 세고시 의영되고 있으며 지난의 인대 건수가 5,사5대50 1관해 당했다"
p56_u07,p56,ce10.0,"농합티의 인들 사업수는 3령할 본소와 등부 남부 분소 세5시 의영되고 있으냐 지난의 인대컴수가 5,351관에 달했다"
p56_u08,p56,taps,시본의 로후 내시55분께 경기 파주시 통패통 운정실루시에 환앞았트 실측행장 지아에서 코케리트 양생인 자업중 큰로대당스가 이 사와 탄소에 중급되는 사공산웠다
p56_u08,p56,ce0.0,시봉의 로호 내시55분께 경기 파주시 등패둔 운정 실로시에 환앞았트 실축힌자 지아에서 코케를트 양생 작업중 근로대당스가 이 사화탄소의 중급된을 사송산었다
p56_u08,p56,ce0.1,시봉의 로후 내시55분께 경기 파주시 통패통 운정 실을시에 환원났았츠 실축 현장지아에서 코결리트 양생인 자업중 근노자 당스가나 일삼화탄소에 중급된는 사생산었다
p56_u08,p56,ce0.5,시봉의로후 내시65분께 경기 파주시 동패동 운정실로시에 환앞바츠 신축 현장취아에서 코케리트 양생 작업중 글로자당스가 일상화탄소의 중독되는 사고간었다
p56_u08,p56,ce1.0,시봉의로후 4시55분께 경빛 파주시 등태동 운정 실를시의 항 앞바트 신축현장지아에서 코케리트 양우생 작업준 근로대다스가 일상화판소에 중록되는 사고한었다
p56_u08,p56,ce2.0,시봉의로후 내시55분께 경기 파주시 통태동 운정 실을시의 혼앞받트 실축행장취아에서 코크리트 양생 작업준 근로자 달소자 일 상 탐소활에 준국되난 타정탐었다
p56_u08,p56,ce5.0,15의로우 내시우5분께 경깊 파주시 등패동 운정 신을시에 항 앞받트 실축현장취아에서 큰크리트 양생 작업증 근로자 당소가 일사와 탄소의 중국되는 화가산었다
p56_u08,p56,ce10.0,15의 로우 내시55분께 정립 파주시 등패동 운정 신을시에 환앞았트 신척현잠지아에서 코크리트 양생 작업증 근로자 다스가 일성화 탐소에 중접되난 사고환렀다
p56_u09,p56,taps,소바 항독은 중상 세형 등상 여섬 영든 안아망의 부상자를 당언으로 이성했다
p56_u09,p56,ce0.0,소방항국은 중상 세형 경상 여섬 영든 아망의 부상자에 당언으로 이성했다
p56_u09,p56,ce0.1,소관 항국은 중상 세형 겸상 연섬몇든 악양의 부상자를 당언으로 이상했다
p56_u09,p56,ce0.5,소방강국은 준상 세양 경상 여섬 영든 악아망에 부상자의 방언으로 이상했다
p56_u09,p56,ce1.0,소방안국은 중상세형 경상 여섬영우든 안음망의 부당자를 방언으로 이성했다
p56_u09,p56,ce2.0,소방한국은 중상 세양 감상 여섬몇무든 악물량의 부상자를 당원으로 이성했다
p56_u09,p56,ce5.0,소바한국은 중상세연 감상 여섬염든 악망의 부상자를 평언으로 이성했다
p56_u09,p56,ce10.0,소방랑국은 중상세영 강상 여섬명등 악을망의 부상자를 반원으를 이성했다
p56_u10,p56,taps,이 1이 없떤 중상자 두망한 혈대 회복해 성의형인을 지장이 없는 것으로 참해졌다
p56_u10,p56,ce0.0,의1이없던 중상자 두망한 현재회복해 생령인을 지장 염는 것으로 참해졌다
p56_u10,p56,ce0.1,의 1이 없떤 중상자 두망한 혈재 회복해 생행일을 지장이 없는 것으로 전해졌다
p56_u10,p56,ce0.5,일1에 없던 중상자 두망한 이혼대 회보해 수용문을 지장의 없는 것으로 전해졌다
p56_u10,p56,ce1.0,의1이없떤 중상자 두명원 현대 회복해 세형문을 지장이 없는 것으로 참을덮다
p56_u10,p56,ce2.0,일1이 없떤 주상자 부명한 현대 회복해 생우문을 지장의 없는 것으로 참해덮다
p56_u10,p56,ce5.0,의1이없던 증상자 두향한 이환대 해복해 생향에을 지장이 없는 것으로 참해졌다
p56_u10,p56,ce10.0,의 1의 없떤 중상자 두명한 현대 회북해 생유훈인을 지장의 없는 것으로 탐해졌다
p56_u11,p56,taps,당초에는 중상매명 감상열1로 영든 총 2의영의 부상자가 발생한 것으로 알야졌으나 단순 효빛자한 집개에서 재해했다
p56_u11,p56,ce0.0,당초에는 중상 내명 경상열1로양등 총 2예영의 부상자가 발생한 것으로 알려졌으나 산순 호였자한 집개에서 재회했다
p56_u11,p56,ce0.1,당초에는 중상 매명 경상열읽공양등 총 2집의 형의 부상자가 발세향은 것으로 알려졌으나 단순 소계장한 직개에서 재회했다
p56_u11,p56,ce0.5,당초에는 중상내명 강상열1고향등 총 2집의형의 부상자가 발생한 것으로 알려졌으나 단순 후빛장한 직개해서 제외했다
p56_u11,p56,ce1.0,당추에는 중상내명 경상열1금욕든 총 2집의영의 부상자가 발생한 것으로 알려졌으나 단추 수개장한 집개해서 재회했다
p56_u11,p56,ce2.0,당초에는 중상내몇 검상열 1공영든 무총 21용의 부상자가 발당는 것으로 알려졌으나 단튼 회빛다는 집개에서 재회했다
p56_u11,p56,ce5.0,당초에는 중상내면 겸상열이금영등 총2예용의 부상자가 발생한 것으로 알려졌으다 단추 회했다한 직개해서 재외했다
p56_u11,p56,ce10.0,당초에는 중상되면 검상11공형등 통22명의 부상우다가 발생혼 것으로 알려졌으나 단튼 스빛자한 집개에서 재해했다
p56_u12,p56,taps,다만 토책할 호수 아는 글로자들을 최간호파학 증요서 부상자가 능험할 수 있다
p56_u12,p56,ce0.0,다만 폭자할 호소하는 글로자들을 처가호파학 증여서 부상자가 늘러할 수 있다
p56_u12,p56,ce0.1,다만 통책할 호수 하는 글로자들을 측가후 파 중이여서 부상자가 누건할 수 있다
p56_u12,p56,ce0.5,다만 통차할 호소하는 글로자들을 추가호파학 증이어서 부상자가 능감할 수 있다
p56_u12,p56,ce1.0,당만 토증할 호서하는 글로자브을 추가후 파학증의 여서 부장자가 물험할 수 있다
p56_u12,p56,ce2.0,당만 통정 호소하는 글로자브을 추감운 파학중이 여서 구자가 물험할 수 있다
p56_u12,p56,ce5.0,다만 통정할 혼소하는 글로자들을 추각후 파학 중이하서 부상자가 늘러할 수 있다
p56_u12,p56,ce10.0,당만 통총을 호수하는 글로자들를 추가운 파학중이 여서 부상자가 늘험할 수 있다
p56_u13,p56,taps,사골은 코크리트 양생차겁증 무스텔 날로를 티오다가 발세한 것으로 추장된다
p56_u13,p56,ce0.0,사본은 코크리트 양생 자업중스페 나로를 피오다가 발세한 것으로 추정된다
p56_u13,p56,ce0.1,사고은 코결릭트 양생 타업중 스탄 날로를 피우다가 발세한 것으로 추잠된다
p56_u13,p56,ce0.5,사고는 코크리트 양행 다겁증 무스편 날로를 피우다가 발제한 것으로 추장된다
p56_u13,p56,ce1.0,자군는 코케롭트 양생 자업준 무스탄 날로를 피오다가 발지한 것으로 추성된다
p56_u13,p56,ce2.0,하구는 큰크력터 양생자업증 무스틀 날로를 표우다가 발재한 것으로 주장된다
p56_u13,p56,ce5.0,사군은 코크리트 양생자업증 스태 날로를 피요다가 발제한 것으로 추장된다
p56_u13,p56,ce10.0,사고은 큰크럽터 양생자업중스탄 나도를 피오다가 발시한 것으로 추장된다
p56_u14,p56,taps,강계 당국은 구조대등 일약4을 여발명과 장뒤 1의욕대 등을 동원하고 그급등우의 딸개를 반양했다가 이나 어여서 씨 집5 훈께에 했표했다
p56_u14,p56,ce0.0,강계 당국은 그조대든 일약환을 여발명과 당비 1오대 증원 동험하고 그급 등황의 땅계를 반령했다가 이나 어 여서시 15훈께 해혀했다
p56_u14,p56,ce0.1,강계 당륙은 그조대등 일약3몇발명과 당뒤 1오대 등을 동혼하고 그급 등옥이 땅계를 반량했다가 이나 어우여서 시집5 훈께 해혀했다
p56_u14,p56,ce0.5,강개 당국은 구조대든 일약사을 여발명과 장비 1롭에 등을 동음하고 그접 뱅음이 땅개를 반령했다가 이나 어 여서시집5훈께 해혀했다
p56_u14,p56,ce1.0,강개당국은 그조1병 일약판을 여발 명과 장1 1옷대 등을 동원하고 그급됨문의 땅계를 발령했다가 이나 어 여서 1집5훈께 해태했다
p56_u14,p56,ce2.0,강계당국은 구조대등 일약사을 여발 명과 당계 11롭대 등을 도험하고 그급 등공이 땅개를 반령했다가 이나 오 여시집5문께 해패했다
p56_u14,p56,ce5.0,감계 당국은 구조대등 일약사을 여발명과 장길 11패등을 동험하고 구급되은 희땅결를 발령했다가 이나 오 여시 1을훈께 해혀했다
p56_u14,p56,ce10.0,강계 당국은 구조대은 1약4 6발명과 장비 11롭패등을 동원하고 그급 등옥의 땅개를 반령했다가 이나 오 여 105 훈께 해혀했다
p56_u15,p56,taps,절철 건사연정에서 코커리트 눈에 부원 양생할 할 있 때 입패를 환강에서 날로를 키요나가 의 산나탄수 중독으로 이여질 수 있다
p56_u15,p56,ce0.0,절철 건사형정에서 코커리뜰 눈에 부은 양생할할 때 일패를 향광에서 날로를 피요나가 의 사나탄수 중독으로 이여질 수 있다
p56_u15,p56,ce0.1,결철 간사현정에서 코크리트음에 보원 양생할 할 때 일패은 항광에서 날로를 피요나가 이 산나한수 중룩으로 이여질 수 있다
p56_u15,p56,ce0.5,절철 간사연장에서 코케리뜨음에 부은 양행할 할 때 밀패른 현광에서 날로를 피요나가 이 산나탄수 준독으로 위여질 수 있다
p56_u15,p56,ce1.0,결철 간사연장에서 코케리트 중에 부원 양생향할 때 미 패를 형경에서 날로를 피우나가이 산나한소 중독으로 이여질 수 있다
p56_u15,p56,ce2.0,결철 검사연장에서 코크리뜰 등에 부원 양생활할 때 밀패된 홍경해서 날로를 피로나가 이 산나한수 중독으로 이어질 수 있다
p56_u15,p56,ce5.0,결철 간사연장에서 코크리트등에 부은 양행할 할 때 빌패를 형경에서 날로를 피요나가 이 산나한수 중독으로 이어질 수 있다
p56_u15,p56,ce10.0,결철 감사연장에서 컴커리터음에 부원 양생할할 때 미 패대 형광에서 날로를 피요나가 일 사락한수 중독으로 이어질 수 있다
p56_u16,p56,taps,이 상화탕소는 무색루치의 기체로 갈타이나 폭턴등 열려가 분안전 연서할 때 발세항다
p56_u16,p56,ce0.0,이 상확강소년 무색무치에 기체로 갈타이나 수턴등학 열려가 분안전 연서할 때 발세야현다
p56_u16,p56,ce0.1,이 상각강소는 무색르치에 기체로 걸타이나 스탕등 열려가 불안전 면서할 때 발세양는다
p56_u16,p56,ce0.5,이 사나탕소면 무색 무치에 기체로 갈타인한 수통등 열려가 부안전 연수할 때 발세야다
p56_u16,p56,ce1.0,이 쌍확 강소는 무색무치의 기체로 갈타이나 코탄 드는 열류가 부안전 연수할때 발세한다
p56_u16,p56,ce2.0,이 성역당소는 무색무치에 기체로 갈타이한 프원드 열류가 불란전 연소할 때 발생혼다
p56_u16,p56,ce5.0,이 사약당소은 무세 육치의 기체로 갈타이나 수천등 연류가 분안전 연소할 때 발세항는다
p56_u16,p56,ce10.0,이 상역상소는 무색무치의 기체로 갈타이나 수탄동 연류가 불안전 연수할 때 발세야는다
p56_u17,p56,taps,운제일에 통량은 205의 참화대 연민관에서 마지막 수석 보작한 회일를 주재하고 감메가 기다고 소감할 밝켰다
p56_u17,p56,ce0.0,운제일 레통령은 25의 창로대 연미관에서 마지막 소석 보작함 회일를 주재하고 감메가 기다고 소감할 밝혔다
p56_u17,p56,ce0.1,문제일 대통량은 25일 창화대 연미건에서 마지막 스석 부작한 회일를 주재하고 감메가 기다고 소감을 밝혔더
p56_u17,p56,ce0.5,운제일대통량을 25일 첫월대 연민관에서 마지막 수섯 보작한 표위를 주재하고 감멘가 부다고 소감을 밝혔다
p56_u17,p56,ce1.0,운제일 내통령원 25일 창화대 연민관에서 마지막 스석그자함 회일를 주재하고 감을가 기다고 소감을 밝혔다
p56_u17,p56,ce2.0,문쟁일 대통량원 25일 창원대 연민건에서 마지막 스석 고작함 해일를 주재하고 관회가 기다고 소감을 밝혔다
p56_u17,p56,ce5.0,문제일 레통량은 25일 청안대 염일관해서 마지막 수석 보작함 해일를 주재하고 감메가 기다고 소감을 밝혔다
p56_u17,p56,ce10.0,문쟁일 대통령원 25일 1업의 연민관에서 마지막 수럽 보작함 회일를 주재하고 감메가 기다고 소감을 밝혔다
p56_u18,p56,taps,눈네 동량은 이나오 두시 수도회일를 여고 오늘은 앞으로 뜻배할 일이 없다면 마지 막수부훈이가 될치조 모력겠다
p56_u18,p56,ce0.0,눈네 동명은 이나오 두시 수보회이를 여해고 오늘은 아으로 뜻배할 일이 없다면 마지막 수보회가 벨치도 모력겠다
p56_u18,p56,ce0.1,문네 동령은 이라이o 두시 스보회일에 열고 은늘은 앞으로 뜻배할 일이 없다면 마지막 스공회가 될치도 몰을 겠다
p56_u18,p56,ce0.5,눈레 동양은 이할 오 두시 스벌회일에 여해고 은늘은 앞으로 뜻개할 리이 없다면 마지막 수공회가 될치도 모르겠다
p56_u18,p56,ce1.0,문네동명은 일날 오 두시 스보해일에 여해고 은늘는 앞으로 뜻변할 위이 없다면 마지막 스보해이가 될치도 모려겠다
p56_u18,p56,ce2.0,문레통량은 이날 오 두시 수보해일에 열고 은늘은 앞도로 특자할 일이 없다면 마지막 수훈회가 될추도 모려겠다
p56_u18,p56,ce5.0,문네 통향은 일날 오 두시 스버해일에 여고 온늘은 앞으로 특배할이이 없다면 마지막 수음해가 될추도 모을겠다
p56_u18,p56,ce10.0,눈데 통령은 이날 오 두시 수번회일에 여고 은늘은 앞으로 뜻변을 일이 없다면 마지막 수공회이가 될추소 모에겠다
p56_u19,p56,taps,모두 인상할씀을 들리지 않고 바로 의안을 농야아도록 하겠다며 갇이 말했다
p56_u19,p56,ce0.0,모두 인상할씀을 주리지 않고 바로 의안을 농예하도록 확겠다며 같이 말했다
p56_u19,p56,ce0.1,모두 임상할씀을 들리지 않고 바로 의안을 농예아도록 확겠다며 같이 말했다
p56_u19,p56,ce0.5,모두 인상할 씀을 주리지 않고 바로 의양을 농위하도록 화했다며 갇체 말했다
p56_u19,p56,ce1.0,모두 인사말씀을 주리지 않후 바로 의안을 논이아도록 확겠다며 같이 말했다
p56_u19,p56,ce2.0,모두 인상할 씀을 드리지 않고 바로 의안을 눈야도록 확겠다며 같이 말했다
p56_u19,p56,ce5.0,모들 인상할씀을 드이지 않후 바로 의야을 논이아도록 확겠다며 같이 말했다
p56_u19,p56,ce10.0,무두 인사말씀을 드리지 않후 바로 의함을 눈이아도록 파겠당면 같이 말했다
p56_u20,p56,taps,앞서 연일 수보회 위해서 문대 통명원 결돌에 내쇠질를 내지 않은 경우가 정종있었다
p56_u20,p56,ce0.0,앞서 연린 수범회위해서 문대 동명한 결돌의 베에질를 내지 않은 경우가 둥종 있었다
p56_u20,p56,ce0.1,앞서 연린 수보회 위해서 문대 통령은 결돌의 베세지를 내지 않을 경우가 동종 있었다
p56_u20,p56,ce0.5,앞서 연일 수분해위해서 문대 동령은 결돌에 베세줄를 내지 않은 정우가 종중있었다
p56_u20,p56,ce1.0,앞서 연진 수버해 이해서 문대 통명은 될또에 매쇠질들 내지 않은 겨우가 동종있었다
p56_u20,p56,ce2.0,앞사 열리 수보해인에서 문대 통령은 될또에 되쇠주들 내지 않은 적우가 동종있었다
p56_u20,p56,ce5.0,앞사 연린 수보해위에서 문대통향은 될돌에 매쇠주될 내지 않은 경우가 동종있었다
p56_u20,p56,ce10.0,앞수 연린 수분해이해서 문대 통량은 벨돌에 맺세주질 되지 않은 경우가 동종있었다
p56_u21,p56,taps,특히 나른 티이어 치는데 처화대 철럽 기자다 간다운가 예정되 있어 그태장이 내스에 진할 세학큰 것으로 보인다
p56_u21,p56,ce0.0,특히나른 티기여 지행데 처화의 철럽 기자다 간당이가 예정되 있어 그체장이 몇의 진할약큰 것으로 보인다
p56_u21,p56,ce0.1,특히 나른 지기여 지닌될 텐화대 철럽 기자당 간당위가 예정되 있어 그태장일 맺스에 지나실 약큰는 것으로 분인다
p56_u21,p56,ce0.5,특히이날은 비의여지행들 터마의 프럽 기자당 간다회가 예정되 있어 그태장님맺에 리나주의 학혼 것으로 보인다
p56_u21,p56,ce1.0,특히이 나른 뒤이어지행될 창화대 철럽 기자반 간당회가 예정배 있어 그체당이 맺에 리을 회약혼 것으로 분가
p56_u21,p56,ce2.0,특히이나른 뒤이여 지행대 참어대 철럽 기자당 관다외가 예정되 있어 그태장히 몇지할 폐약혼 것으로 보인다
p56_u21,p56,ce5.0,특히이나은 지의어 지행대 창마대 철럽 기자당 간다외가 예정되 있어 그체작의 맺죄지는 소약혼 것으로 분다
p56_u21,p56,ce10.0,특히이나은 뒤의여지행될 총로대 철랫 기자당 관다회가 예정되 있어 그태장는 매수에지할 혈락운 것으로 분니다
p56_u22,p56,taps,이 나 회이에는 레부 점문가로 이u의 항것과학 기질 단체 초양앞에 해장 이상1 항곡한관우주 연구 먼장이 참석했다
p56_u22,p56,ce0.0,이 나 해이에는 외부 점문가로 이의의 항것과학 기을 단체 청양앞에 해장 이상면 항것 공관 우주 영과 먼장인 창속했다
p56_u22,p56,ce0.1,이 날 회이에는 외부 잠문가로 이의의 항복과학 기을 단태청양 앞에 회장 이상1 항복한공무주 영과 문장이 참석했다
p56_u22,p56,ce0.5,일날해위에는 외부 전문가로 이유의 항롭과학 기을 남체 청야앞패 회장 일사문을 황롭한관 무주 연구 문장이 창속했다
p56_u22,p56,ce1.0,이나행예는 외부 전문가로 이의의 항곡하학 기을 반체 총념앞패 회당 이상열 항곡한공우주 연구 먼장이 탐복했다
p56_u22,p56,ce2.0,이 날회위에는 외부 전문가로 이의 항독과학 기을 단체 초야앞에 회장 이상률 항독한공무주 연구원 원장이 창속했다
p56_u22,p56,ce5.0,이날 해회는 외부 점문가로 이의의 항것화학 기을 단체 초야 앞에 해장 이상열 항것한부우주 연과 먼장이 탐석했다
p56_u22,p56,ce10.0,이 날 환위에는 외부 전문가로 이의의 항로화학 기실 단태 초향앞에 회장 이 상문의 홍고한름무주 영구 먼장의 탐속했다
p56_u23,p56,taps,박수병 과학끼을 보자간이 문제일 정국 과학끼스 학신 섬광와 가제라는 주제를 발제를 했다
p56_u23,p56,ce0.0,박수경 가학끼을 보자간니 문제일 정국 가학끼스 학신을 선건와 가제라는 주제로 발제를 했다
p56_u23,p56,ce0.1,박수경 가학끼을 보자간이 문제의 정국 과학끼을 협신 상광와 가제라는 주절에 발제를 했다
p56_u23,p56,ce0.5,박수경 가학피을 보자관이 문대일 정국 가학피을 협신 선관나 가제라는 주제로 발제를 했다
p56_u23,p56,ce1.0,박수변 가학끼을 보자간니 문대일 정국 가학끼을 학신 상건화 가제라을 주재에 발제를 했다
p56_u23,p56,ce2.0,박수경 과학끼을 보자간니 은대의 정국 과학끼을 학실 성관화 가제라는 주제를 발제를 했다
p56_u23,p56,ce5.0,박수경 과학끼을 보자간니 음제의 정복 과학끼을 협실 상과와 가제라는 주제로 발제를 했다
p56_u23,p56,ce10.0,학수경 가학끼을 보자간니 은쟁의 정국 가학끼을 약신 상관화 가져라는 주제로 발제를 했다
p56_u24,p56,taps,운데 통량은 우리 이 해장우인과 이상위 원장이 토로회 걱을 높혀주실 것으로 기대한다고 말했다
p56_u24,p56,ce0.0,운레통량은 일리 유일 회장인과 이상일 원장이 토로의 격을 높겨주시 것으로 기대한다고 말했다
p56_u24,p56,ce0.1,문데 통향은 우리 입일 회장문과 이상1 원장인이 토롱을 격을 높혀주실 것으로 기대한다고 말했다
p56_u24,p56,ce0.5,운대 풍향은 우리 이우일 회장인과 이상일 원장림일 포름낼 거을 높혀주실 것으로 기대한다고 말했다
p56_u24,p56,ce1.0,문데풍량은 우리 이류1해당림과 이상일 먼장림이 토로을 걱을 높혀드실 것으로 기대한다그 말했다
p56_u24,p56,ce2.0,운늘 통량은 우리 a오일 회당륭과 이상일 원장리이 토로을 거을 높혀주실 것으로 기대한다고 말했다
p56_u24,p56,ce5.0,문데풍향은 우리 이유의 회당인과 이상일 원장리이 토음해 격을 높혀주시 것으로 기대한다고 말했다
p56_u24,p56,ce10.0,문네풍량은 우리 이을 회장인과 이성일 문장린이 토로의 격을 높혀주실 것으로 기대한다고 말했다
p56_u25,p56,taps,n티 능화은낸 정송글 집브 2제정과장보가 지날 이gv 열리 제 9회 예국한 달이 손월뱅우에서 금사할 받었다
p56_u25,p56,ce0.0,에n티 능화분낸 정성군 집부 2제정 가장보가 진난 2hv1린 제 9회 예국한 발이 손활개우에서 금사할 받었다
p56_u25,p56,ce0.1,에n입지 농화분낸 점성군 집브 2제점 과장보가 지날 이hv 1일 제 9회 예국한 발의 선발개우에서 금상할 받었다
p56_u25,p56,ce0.5,n2피 농야분낸 정성군 집으 1세정 가장보가 진난 2h1이열일 제9회 외국한 달리 손말배우에서 금상을 받었다
p56_u25,p56,ce1.0,n트 능학분낸 정혼군 집브 2세던 가장보가 시난 이hv열린 제 9회 개국한 달리 손물배우해서 금상을 받었다
p56_u25,p56,ce2.0,nt 능화분낸 정성군 집을 2제정 과장보가 지할 이hv열리 제9월 예국한 달리 선말배우에서 금상할 받었다
p56_u25,p56,ce5.0,n티 눈화은낸 점손군 집브 이세정 가장보가 지날 2hv열린 죄9회 예국한 달린 손활대우에서 금상할 받었다
p56_u25,p56,ce10.0,n1체 농아은낸 정황군치두 2제정 가장보가 지날 2집v열린 제국회 외국한 다림 선배대에서 금상할 받았다
p56_u26,p56,taps,에늘티 론합은의 이날 상을 죽구 분사에서 정곡에서 예섬을 통가한 7식6야을 대상으로 외국한 다리 성확내될 지행했다
p56_u26,p56,ce0.0,에늘티 론합눈의 이날 상월 중구 본사에서 정곡에서 예섬을 통가한 7승우야을 대상으로 외극한 살리 손항내될 지행했다
p56_u26,p56,ce0.1,에ni티 농화은의 일라의 상우로 중구 본사에서 정곡에서 예섬을 통가한 7식공향을 대사응으로 외국한 자리의 선망내될 주행었다
p56_u26,p56,ce0.5,n입피론야분낼 이할 서울 중로 본사에서 정곡에서 예섬을 토가한 7식움화할 대상으로 외국한 자의 손화내대 주용했다
p56_u26,p56,ce1.0,nh 농화분내 이할 상을 주으로 본사에서 점곡에서 예섬을 통가한 최신우화을 대상으로 왜극한 다리손화 내될 지행했다
p56_u26,p56,ce2.0,n티 놓가분내 이날 사을 주루 분사에서 당곡에서 예섬을 통가한 최신6향할 대상로 외국한 다리 선한 매될지행했다
p56_u26,p56,ce5.0,해내 입피론화분내 이나 상을 중구 분사에서 정국에서 예섬을 통관한 최세6화을 대상으로 외국한 달리 서만내될 주행했다
p56_u26,p56,ce10.0,에n최농야분행 이날 상을 중구 분사에서 정국에서 예섬을 통관한 최승공화을 대상훈로 왜극한 다인 섬만매될 지어했다
p56_u27,p56,taps,정국2창 6대개야망의 치건이 찬가의 정도로 뜨어었던 이범대회는 서발이발 항식으로 외국한 지식 및 당험을 거름을 황식으로 출쳐졌다
p56_u27,p56,ce0.0,정9 206대이야망해 치건이 찬가의 정도로 뜨어었던 이밤배회는 서발일발 항시으로 외국한 지십 립 당험을 거루를 항식으로 출쳐졌다
p56_u27,p56,ce0.1,정국 2창 6대리아명의 지건이 창가할 정도로 뜨게었던 일법대회는 서발이발 향세으로 외국한 지식 및 경험을 결르를 항식으로 출찾졌다
p56_u27,p56,ce0.5,당92060망의 지건이 찬가할 정도로 뜨게 없번 이범 배회는 서발이발 항식으로 외국한 지식 립 통름을 걸르를 장식으로 펼차셨다
p56_u27,p56,ce1.0,당9206대여망의 지건이 참가할 정도로 뜨게웠던 2범배회는 서발일발 항식으로 외국한 지식 및 경험을 결르움 강식으로 펼초혔다
p56_u27,p56,ce2.0,점국206대여망을 지건이 참가의 장도로 뜨겨었던 이번대외는 서발이반 형식으로 외국한 피식및 경험을 결르를 강식으로 될쳤혔다
p56_u27,p56,ce5.0,점92061야명의 치건이 창가할전도로 뜨게 었떤 이범배회는 서발이발 향세으로 외국한 지식률 경험을 결르는 당식으로 펼찾셨다
p56_u27,p56,ce10.0,정92061이망의 지건이 참가할 정도로 뜨게 웠떤 이번배회는 서발일반 형식으로 외국한 지십및 경험을 결류는 황식으로 될쳐었다
p56_u28,p56,taps,본로대외에서 월정한 기량할 섬매의 2세정 정성을 집을 가장분을 이2의 금상할 타지했다
p56_u28,p56,ce0.0,본소대외에서 월정한 기량할 성확인 2세장 정성군 집브 가장보을 이리일 금상을 타지했다
p56_u28,p56,ce0.1,본성대외에서 월정한 기량을 사하이의 2세정 정성을 집을 과장군을 이v 근상할 타지했다
p56_u28,p56,ce0.5,보르선대회서 월전함 기향의 사확이일 2세장 정섬골집을 가장골을 이리인 구상할 타지했다
p56_u28,p56,ce1.0,본손대외에서 월증함 기향할 섬배인 2세더 정성골집부 가장고을 이리인 금상할 타져했다
p56_u28,p56,ce2.0,본소대회에서 월정함 기향할 선불의 2세정 점성군 집을 과장공을 이v인 그상할 타지했다
p56_u28,p56,ce5.0,본문데회에서 월증함 기장할 사람계일 2세정 정성군 집을 가장공을 이리인 금상할 타지했다
p56_u28,p56,ce10.0,본성대외에서 월정한 기장할 섬분인 2세점 정섬군 집부 가장공을 이이인 금상할 타져했다
p56_u29,p56,taps,이 세담 가장부은 터소외국한에 대한 간심이 많아 조금시 공벌썼다면서 앞토로도 더 많이 구움부에 지역 중인들에게 도움을 줄 수 있도록 돌약 하겠다게 했다
p56_u29,p56,ce0.0,이 세장으 다장보은 폭소 외국한에 대한 간실이 마아 조은시 궁몰썼다면서 앞프로도 더 많이 궁부에 지역 즐인들에게 도음을 질 수 있도록 돌력하겠다게 했다
p56_u29,p56,ce0.1,이 세장 좌장부은 평소외국한에 대한 간식이 많아 조군시 공벌 썼다면서 앞토로도 더 많일 궁부의 지역 주인들에게 독음을 줄 수 있도록 돌약하겠다게 했다
p56_u29,p56,ce0.5,이 세장 다장공은 통소외국한에 대한 간심이 마아 조금시 궁부했썼다면서 아p로도 더 말이 궁부의 지역 중일들에게 도움을 줄 수 있도록 도역 학했다에 했다
p56_u29,p56,ce1.0,이 세담 과장부은 평소외국한에 대한 간심이 많아 조금식 공부했썼다면서 아프로도 더 많이 공부에 지역 주민들에게 독음을 질수 있도록 도력하했다에 했다
p56_u29,p56,ce2.0,이 세담 가장분은 평소외국한에 대한 간심이 만아 조은식 공부했썼다면서 아p로도 더 많이 공부의 취역 주민들에게 도음을 질 수 있도록 도력 하했다게 했다
p56_u29,p56,ce5.0,이 세장과장부은 평소외국한에 대한 간실이 만아 조은씩 공부했썼다면서 앞프로도 더 많이 궁부의 지역 주민들에게 도움을 줄 수 있도록 돌력 하했다게 했다
p56_u29,p56,ce10.0,이 세점 가장보는 평서외국한에 대한 간심이 마아조금씩 공부 썼다면서아p로도 더 많이 궁부의 취역주민들에게 교움을 줄 수 있도록 도력하했다고 했다
p56_u30,p56,taps,지난 이cv이 중으로 분사에서 채 그회 예국한 자인 상발대매를 계에했다고 2십상이 밝혔다
p56_u30,p56,ce0.0,질난 이cv 중로 분사에서 채 그회 예국한 자인 선발재해를 계에했다고 2십사이 밝혔다
p56_u30,p56,ce0.1,지난 이cv 중부분사에서 태 구회의 의국한 자인 상발절회를 계에했다고 임십3이 밝혔다
p56_u30,p56,ce0.5,지난 이cb 주로 분사에서 채 구회 외국한 다인 3발대회를 계체했다고 2십3실 밝혔다
p56_u30,p56,ce1.0,지난 이cb 주으루 분사에서 채 구회 외국한 다린 상발배해를 계체했다고 2십3이 밝혔다
p56_u30,p56,ce2.0,치난 이cb이 주으루 분자에서 태 구회의 외국한 자인 성나에되회를 계태했다고 2십3이에 밝혔다
p56_u30,p56,ce5.0,주난 이cv이 중구분다에서 제 구회의 외국한 달린 상발대회를 계최했다고 2십3에 밝혔다
p56_u30,p56,ce10.0,지난 이cb일 중부분사에서 체 9회의 외국한 다인 3발대회를 계태했다고 2십3이 발혔다
p56_u31,p56,taps,월국한 다닌 선망대에난 nh 농아브행 던치건이 서바입발 향식으로 외국한 지식 및 당언한 더릅는 택했다
p56_u31,p56,ce0.0,외국한 자인 손형대에는 l치 농아부인 던치건이 서아입발 향식으로 외국한 지식 및 경험을 더릅는 등했다
p56_u31,p56,ce0.1,왜국한 자인 선송제에는 nh 논아브행 던치건이 사아이발 향세으로 월국한 치북및 강험을 결울르는 행했다
p56_u31,p56,ce0.5,월국한 다인 선망대에난 nh 논야브행 감치건이 사바입을 향식으로 월국한 치식립경험면 결르런 대해다
p56_u31,p56,ce1.0,월국한 다인 터망되에는 nh농화브행 던치건이 서바입을 향세으로 월국한 집식 및 강험을 결룩는 대해다
p56_u31,p56,ce2.0,월국한 다인 선형대에는 에레체농화분낸 탐치관이 서바이발 향세으로 월국한 지식및경함을 가루는 될해다
p56_u31,p56,ce5.0,왜국한 다인 평활대에난 nh농화분낸 감취관이 서발이발 형세으로 외국한 지숙 립 경험을 가룩는 대해다
p56_u31,p56,ce10.0,왜국한 단인 섬대에난 nh농아은낸 담치관이 서발발 형세으로 왜국한 치식 립 장험을 자릅는 대해다
p56_u32,p56,taps,인찬시 남동고가 지난해부터 지역 잠활 센탈에서 은냥이온 다회운기 세택성업에 그창 인긴 카패들이 도참했다
p56_u32,p56,ce0.0,인찬신 남동고가 지난해부터 지역 다활 센탈에서 은향이온 다회행기 세척성업에 그차 인긴 갚에들이 도참했다
p56_u32,p56,ce0.1,이 설시 남동구가 지난할부터 지역 다활 센사에서 은향이온 다회행기 새척성없에 그창 인근 카에들이 두참했다
p56_u32,p56,ce0.5,인턴시 남동구가 지나매부터 지역 다활 센탈에서 은향이온 다회행위 쇠척상업에 구창 인우른 카에들의 도창했다
p56_u32,p56,ce1.0,일 천시 넘둥구가 지남을부터 지역 당활 센터에서 의향이온 다회움기 세척성업에 그참 인군 카에들이 도찬했다
p56_u32,p56,ce2.0,이 천실 남동로가 지난을 부터 지역 다활 센달에서 의향이온 다회형기 새척서업에 그참 인은 카에들이 도창했다
p56_u32,p56,ce5.0,이 철실 람동구가 지난낼부터 지약 다활 센타에서 은향이온 다회형기 새착선업에 그차 인금 가해들이 북창했다
p56_u32,p56,ce10.0,이 선신 남둥구가 지난할부터 지역 당말 센더에서 은향이온 다회행기 새척사업에 그참 인금 가에들이 도참했다
p56_u33,p56,taps,지남의 그활출범만 다의 용기 새척사없다는 의영품 사형을 주리이위에 다의 영기 카을 수어 셋척 소독등에 가정을 거차 제공하고 있다
p56_u33,p56,ce0.0,지남의 그활출범만 다회 영기 세척사 없다는 이회 영품 사형할 주리의 위에 다회 영기 커을 소서 세척 소독등의 과정을 걱쳐 재공하고 있다
p56_u33,p56,ce0.1,지남의 구월출범만 다의 용기 세착사없다는 일영풍 사형을 주입이 위에 다의 영기 카을 수강 셋척 소독등의 과정을 걷차 재공하고 있다
p56_u33,p56,ce0.5,지남의 구월출보만 다회 영기 새착사없다는 일영토 사형을 주리이 위해 다회 영기 커을 수어 셋척 수독등에 가정을 겉아 재공하고 있다
p56_u33,p56,ce1.0,지난의 구월7범만 다왜 용기 세척사없다는 이6품 사형을 주리기 위해 다회 용비 커을 수어 셋척 허복등의 가정을 덮쳐 재공하고 있다
p56_u33,p56,ce2.0,지난의 구원출법만 다와 용기 새척사없다는 일용풍 사형을 주리기 위해 다회 용기 커을 수거 셋척 수복등의 과정을 덮쳐 제공하고 있다
p56_u33,p56,ce5.0,주난에 그월출범한 다회 용기 새착사없다는 일행품 사형을 주리이 위에 다회 용국 커을 수거 셋척 소복등에 가정을 거차 제공하고 있다
p56_u33,p56,ce10.0,지남의 구월출범만 다의 용기 새척사없다는 일옮품 사용을 주리이 위에 다의 용기 커을 수거 새척 소복등의 과장을 걸차 제공하고 있다
p56_u34,p56,taps,식골을 그했따르냐 현늘의 남동구 열세에 부어에서 다매영기커을 사음하고 있으냐 체군 사우 팔사아을 위해 다매영기 새척사없단과 두창 인금 갚에 슬곳의 연계했다
p56_u34,p56,ce0.0,식군을 그회따르냐 현의 남동구 열세에 부어에서 당의 연기커을 사유하고 있으며 체군 사우 팔서안을 위해 다회 연기 새척사없당과 그청 인금 값에 세곳의 연게했다
p56_u34,p56,ce0.1,식돌 그했따르면 현늘의 남론구 열세에 부어에서 다의연기 커을 사형하고 있으며 체군 사업활성하을 위해 다의 연기 새척사없당과 두청 인금 값힐 슬곳의 연게했다
p56_u34,p56,ce0.5,식돌 그겠따르면 혈대 남론구 열세에 부어에서 다매형깊커을 사응하고 있으며 체군사업 팔선하를 위해 다매영귀 새척사없당과 두탕 인금 파패 세고의 연게했다
p56_u34,p56,ce1.0,식군 구회따르몇 현대 남동구 열세에 부어에서 다의용객커을 사응하고 있으며 책근사로 팔성하을 위해 다매 영귀 새착상없단과 구청 인금 값패 세곳의 연계했다
p56_u34,p56,ce2.0,식골 그회따르냐 현늘의 남동구 열세에 부어에서 다의온기커을 사형하고 있으며 체군 사우 팔상하을 위해 다매영귀 새착사없단과 두창 인근 값에 세곳의 연계했다
p56_u34,p56,ce5.0,식골 그회따르양 혈대 남동구 열세계 부어에서 다회 온객커을 선형하고 있으냐 책군사우팔선하을 위해 다매영기 채착사없단과 구창 인금 값에 새고해 연계했다
p56_u34,p56,ce10.0,식돌 구회따르며 현되 남동구 열세계부어에서 다의용기 커을 사용하고 있으냐 최근성호 8성안을 위해 다의영기 새착상없단과 부청 인근 값에 세곳을 연계했다
p56_u35,p56,taps,이들 가에는 새착성없단에 다매용급 커을 사형하며 창사대에서 잘롭게 커을 베틀날 수 있도록 그 분탕과 보건소등 내곳의 전용수가않도 살치했다
p56_u35,p56,ce0.0,이들 가에는 세착서없단에 다의 옮기 커을 사형하며 창사되에서 자록개 커을 베틀할 수 있도록 그 분창과 보건소든 내곳의 정용수가 항도 살치했다
p56_u35,p56,ce0.1,이들 가에는 새잡서없단에 다매용객 커을 사형하면 탕사되에서 잘롭게 커을 베출할 수 있도록 그 분청과 보건소등 내구의 정용수가 항로 살치했다
p56_u35,p56,ce0.5,이들 가에는 세탁서없다에 다외용기 커을 타형하며 창사되에서 잘욕게 커을 베출할 수 있도록 그 분탕과 보건소등 내구의 정령 수사으로 살취했다
p56_u35,p56,ce1.0,미들 가에는 새착서없단에 당의용객 커을 사용하며 탕사배에서 잘욕개 커을 베추할 수 있도록 그 분탕과 보광조등 내부의 장용수가 않을 할취했다
p56_u35,p56,ce2.0,미들 가에는 새착사없다에 다윗 옮기 커을 사령하며 창상대에서 다유롭게 커을 베틀할 수 있도록 그 분창과 보건소등 내구의 장용수가 음부 살취했다
p56_u35,p56,ce5.0,이들 가에는 새착사없단에 당의 용기 커을 사용하며 창차내에서 잘롭게 커을 베칠한 수 있도록 그 분창과 보광소등 내금의 장령 수가 앉드 팔취했다
p56_u35,p56,ce10.0,이들 가에는 새잡서웠다에 다회 옮국 허을 사형하며 탕사매에서 잘롭개 커을 베출할 수 있도록 그 분탕과 보관소등 내국의 장령 수관는도 살취했다
p56_u36,p56,taps,이는 7로우량 남동구 조성뿐만 아니라 저호득 충이에 안정된 위자이 제공은 예한 자화해 상우단 할성화 카텔를 이용안을 지검들의 표위한까지 모두 고려한 결가다
p56_u36,p56,ce0.0,이는 7로우량 안동구 저성뿐만 아니라 저호득 평회에 앉정된 위자이 제공한 위한 자활 사업단 할상아 카텔를 위영한을 지건들의 표위하까지 모두 고려한 결가다
p56_u36,p56,ce0.1,이는 7로량 넘둥구 조송뿐만 아니라 더소득층의 안정죄 위자이 제공은 예한 자화할 상웠단 활성화 카텔를 위용원을 지건들의 표의하까지 모두 고려한 결가다
p56_u36,p56,ce0.5,이는 치험경 남동구 조성뿐만 아리라 더소룩층해 안정대 일자이 제공을 위한 자활 사웠단 할성화 카태를 이용하는 지검들의 평행한까지 모을 고려한 결가다
p56_u36,p56,ce1.0,이는 7화양 남동구 조소뿐만 아니라 더스북 층의 안정변 일자이 제공을 위한 자활 사웠당 할성과 카벨의 위용하을 지금들의 편위한까지 모두 고려한 결가다
p56_u36,p56,ce2.0,이는 치롱경 완동로 조성뿐만 아니라 더호득 충의 안정될 일자이 제공을 위한 장활 사업당 할성아 카패을 이영원을 지검들의 편류한까지 모두 고려한 결가다
p56_u36,p56,ce5.0,이는 7험경 만동구 조송불만 아니라 저수득층의 안정된 일자이 제공을 위한 자활 하웠단 할상화 카패의 위험하을 지건들의 표해한까이 모두 고려한 결가다
p56_u36,p56,ce10.0,이는 치령령 남동구 조성품만 아니라 저호득층의 안정된 일자이 제공을 위한 자활 상업단 할성화 칼배의 이용하을 지금들의 편위한까지 모두 고량한 결가아
p56_u37,p56,taps,혈에서 에착개하는 갚에는 1월시가 값태 20일 카패로로 등으로 그 왜의 전포에서도 구정접 답변해 바아 더가대될 점망이다
p56_u37,p56,ce0.0,혈서업에 차개한을 갚에는 1월시가 값태 20일 값패오로 등으로 그 왜의 전포에서도 군정적 밥변해 바아 더 합대될 점망다
p56_u37,p56,ce0.1,현대상업에 타개하후 갚대는 실시가 값태 20일 카패로로 등으로 그 왜의 전포에서도 구정적 밥변을 바아 더욱 합대될 잠망다
p56_u37,p56,ce0.5,현대성업에 타에하는 갚에는 실월시간 값테21일 카패로로 등으로 그 왜의 전포에서도 궁정적 받변에 바아 더 갑대대 전망이다
p56_u37,p56,ce1.0,현대사업에 타배하는 갚에는 실월시가 값태21일 카텔로로 등으로 그 왜에 던포에서도 근정격 답변을 바아 더 각대대 점망다
p56_u37,p56,ce2.0,현대성업에 타향하후 갚태난 1월시간 카패21이 카패로로 등으로 그 왜의 전포에서도 구장적 답변할 바아터 각대대 점마니다
p56_u37,p56,ce5.0,현대사에타미하는 갚에는 실시가 값태우1일 가태로로 등으로 그 왜의 전포에서도 궁장적 답변을 바아 더확대대 잠망다
p56_u37,p56,ce10.0,현대성옥에 타향하는 갚대는 1월시간 값태 2일 값패오로 등으로 그 왜의 전포에서도 공정적 답변을 바아 더 각대대 전망다
p56_u38,p56,taps,이강우 구천상은 지금한 다의형리함을 대부은 지검만 사용하고 있지만 구청할 반문하는 미환이내게도 적급 홍보에 친앙량 남독거을 만들 도록 늘력하겠다고 밝혔다
p56_u38,p56,ce0.0,이강후 구총장은 지금은 다외형리함을 대부분 지건만 사용하고 있지만 구청할 반문하는 미환이내게도 적급 홍보에 친앙량 남둥고를 만들 도록 노력하겠다고 발쳤다
p56_u38,p56,ce0.1,이강로 구천상은 지금은 다회용기함운을 배부분 치금만 사용하고 있지만 그청할 방문하는 미화이내게도 적개 홍보에 친앙경 남동거을 만들도록 노력하겠다고 밝혔다
p56_u38,p56,ce0.5,이강우 구청상은 지금만 다회영비함을 베부분치금만 사용하고 있지만 구청할 방문하는 밀화이내겨도 덕끌큰보에 치앙량 남도거을 만들도록 노력하겠다고 밝혔다
p56_u38,p56,ce1.0,이강우 구청상은 지금은 다회 훈리함을 대부분치곤만 사용하고 있지만 그청할 방문하는 민너이내외도 적개홍보에 친함량 남독거를 만들도록 노력하겠다고 밝혔다
p56_u38,p56,ce2.0,이방 구청장은 지금한 다회용기혼을 대부분 직금만 사형하고 있지만 구청할 방문하는 미화이내게도 적게 혼보에 치앙량 남동고을 만들도록 노력하겠다을 밝혔다
p56_u38,p56,ce5.0,이강로 구천상은 지금은 다외용기험을 대부은 지금만 사용하고 있지만 구청할 방문하는 미어이내게도 적결혼보에 친앙경 남동거를 만들도록 노력하겠다고 밝혔다
p56_u38,p56,ce10.0,이방우 구청장은 지금한 다회용력함움을 배부은 치험만 사용하고 있지만 구천할 방문하는 미화이내게도 적개 공보에 친앙량 남독으거를 만들도록 노력하겠다고 발혔다
p56_u39,p56,taps,3평군는 자와 1일 부터 치나우량 자원 수난 정책에 발맞아 창사내 1의용손 방입을 점량 글를지했다
p56_u39,p56,ce0.0,3평군원 자와 1일 부터 치나우령 자원 수한 정책에 발맞쳐 청사내 1의훈반위를 점양 그는지했다
p56_u39,p56,ce0.1,3평9원 자월리를 부터 치형량 다원순난 정책에 반맞쳐 청사매 1의용후 반립을 점량글를지했다
p56_u39,p56,ce0.5,3평부는 자월리를 부터 치앙강 다원수한 정책에 발맞쳐 청사매 1의운 훈반입을 점염그를주했다
p56_u39,p56,ce1.0,한평군은 자월1을 부터 치앙령 장원스한 정책에 발맞터 청사매 1행우큰 반입일 점명 금지했다
p56_u39,p56,ce2.0,3평9는 자월 1일부터 치형강 다원순한 점책에 발맞쳐 창사내 이행운 큰다입을 점명그르지했다
p56_u39,p56,ce5.0,3평9는 자월 이일일부터 치앙량 자원 수한 정책에 발마터 창사내 1의온풍 다입을 점향 근주했다
p56_u39,p56,ce10.0,3평9원 4월리를 부탕어 치항령 당원순한 정책에 발마아 청사매 이의형통 방입을 점량그는지했다
p56_u40,p56,taps,상국속이 자원과 항곳가스 안전공사는 오는 31을 혈령하기나 높도고 혈념가스 소의자 안전주의보를 208의 발령했다
p56_u40,p56,ce0.0,사울소비 자왕과 항고가스 안정공반는 5는 31을 혈륭하인할 높도고 해염가스 소귀자 안점주의보를 208의 발령했다
p56_u40,p56,ce0.1,사문 소이자원과 항롯가스 안정공파는 오는 3시1을 혈령하날 높도고 혈념가스 소귀자 안전주의보를 28에 발령했다
p56_u40,p56,ce0.5,항 소비자원과 항부가스 안정궁하는 오는 31을 혈망하인나 앞도고 혈념가스 소비다 안점주입보를 208의 발양했다
p56_u40,p56,ce1.0,항옥 소비장과 항고가스 안전궁자는 오는 3세1을 혈러인날 앞도고 혈림가스 소비다 안전주의보를 28에 발령했다
p56_u40,p56,ce2.0,항옥소비장과 한부가스 안정궁하는 오는 31을 혈명인날 높두고 혈름가스 수비자 안전드의보를 28에 발령했다
p56_u40,p56,ce5.0,상소비자과 항부가스 안정궁하는 오는 3시1을 혈로이는 앞두고 혈름값스 소이자 안러주의보를 208에 반령했다
p56_u40,p56,ce10.0,상국 소비다과 항부가스 안정공하면 오는 탐세1를 혈송의날 앞도고 혈념가스 소비자 안전주의보를 28의 반령했다
p56_u41,p56,taps,목소리를 변조하려고 해야가스을 다량하시다 지식사할 수 있다면 의렵때웁니다
p56_u41,p56,ce0.0,목소리를 변조하려고 해요가스을 다량한아시다 지식사할 수 있다면 울격때웁니다
p56_u41,p56,ce0.1,목소리를 변조하려고 일요가스을 발량하시다 지식 사할 수 있다을 의렵된웁니다
p56_u41,p56,ce0.5,목수리를 변조하려고 헤련가스를 다량마시가 지식사할 수 있다면 의렵배웁니다
p56_u41,p56,ce1.0,목순리를 변조하려고 해령가을을 다량마시다 지식사할 수 있다면 우렵대웁니다
p56_u41,p56,ce2.0,목소리를 변조하려구 헤름가스를 다량 말시다 지식사 할 수 있다면 의을 배웁니다
p56_u41,p56,ce5.0,목소리를 병조하려고 해련가을을 다량마시다 귀식사 할 수 있다면 능결때문니다
p56_u41,p56,ce10.0,목소리를 변조하려고 해요가스를 발량마시다 치식사 할 수 있다면 능격배웁니다
p56_u42,p56,taps,풍상 풍전의 주호 사형되는 해야갔으는 무독성 불활성 기체로 다량할 한꺼보의 둘이마시면 산소원급이 차난대 제식사할 수 있다
p56_u42,p56,ce0.0,풍방 분전의 주어 사형대는 해야갔으는 무독성 불할성 기체로 다양해 한거보의 둘이마시면 산소옮급이 타남데 지식사할 수 있다
p56_u42,p56,ce0.1,풍성 품전의 증어 사형된을 해염같으는 무독성 구활성 뒤체로 바량의 한거보의 둘이마시면 산소 옮급이 타난데 주식사할 수 있다
p56_u42,p56,ce0.5,풍상 풍점의 주로 사형배을 해역같으는 무둑성 불활성 기체로 다양을 항거보의 불릴마시면 산소관들의 차남대 지식사할 수 있다
p56_u42,p56,ce1.0,혈방 풍점의 주어 사용되는 해념값으는 무독섬 구활섬기체로 다량을 항건보의 불이마시면 상부운급이 차담대 지식사할 수 있다
p56_u42,p56,ce2.0,풍방 풍점의 주호 사형된할 내련같으는 무독섬 구활성 기체로 다량할 항거보의 들의마시면 산소황급이 타담들 되식산할 수 있다
p56_u42,p56,ce5.0,풍당 풍전의 주로 사형된을 해형같으는 무독선 불월성 기체로 다량을 한걸보의 트이 마시면 산송선급이 차난데 제식사할 수 있다
p56_u42,p56,ce10.0,풍방 풍점을 주호 사용배할 해념같으는 무독섬 구활성 기체로 다량을 악거보의 들의 마시면 산소훈급이 타만대 지식상할 수 있다
p56_u43,p56,taps,소비자어는 책관 국내내에서 헤염값을 가다 흐비에 따른 어리의 안전사고가 발향하고 있는 만큼 제미나 호이신에 따른 흐입을 하지 말아단라고 당보했다
p56_u43,p56,ce0.0,소비자어는 책관 구내외에서 헤염가스 가다 흐비에 따른 어리의 안전사보가 발세하고 있는 만큼 재민나 호이신에 따른 흐비을 하지 말아단라고 당보했다
p56_u43,p56,ce0.1,소비자어는 책공 국내외에서 헤념것을 가아흐비에 따른 어리의 안전사고가 발생하고 있는 만큼 재민나 호기신에 따른 흐입을 하지 말아잔라고 당보했다
p56_u43,p56,ce0.5,소비자어는 책각 국내외에서 헤념값을 가다 흘입에 따른 어리의 안전사고가 발생하고 있는 만큼 재민하호이신에 따른 흐입을 하지 말아단라고 당보했다
p56_u43,p56,ce1.0,소비자어는 책금 국내내에서 혈림값을 가반 흐비에 따른 어리이 안전사국가 발생하고 있는 만큼 재비나 호이심에 따른 흐비을 하지 말아단라고 당부했다
p56_u43,p56,ce2.0,소비자원는 책공 국내내에서 헤름값을 가아 흐입에 따른 어리의 안전사고가 발향하고 있는 만큼 제이나운 귀신에 따른 흐입을 하주 말아단와고 장보했다
p56_u43,p56,ce5.0,소비자어는 책간 국내외에서 해험값을 가아 히비에따른 어리의 안전사고가 발향하고 있는 만큼 제민나 후기힘에따른 해비을 하지 말아단라고 당부했다
p56_u43,p56,ce10.0,소비자어는 책근 국내에에서 헤림값을 가아 흐비에 따른 어리의 안전사고가 발생하고 있는 만큼 제이나 오귀심에 따른 흐비을 하지 말아단하고 장부했다
p56_u44,p56,taps,최골식양간 소비자 위의 감시시스텐에 접스된 헤륙갖스 안전 사고는 일국건으로 반형를도가 높지는 안치난 이주 의연서건이 어리 사고였다
p56_u44,p56,ce0.0,최골식양간 소비자 위의 감시시스텐에 접스된 헤로가스 안전 사고는 일복거으로 발시오릴도가 높지는 안치한 이주 은연서건이 어리이 사골였다
p56_u44,p56,ce0.1,특관신양간 소비자 위의 감시시스편에 접스된 해율갖스 안던 사고는 일곱건으로 발성들동가 높지는 안치만 이중 여사건이 어림이 사고렸다
p56_u44,p56,ce0.5,측월심양간 소비자 위의 감시시스템을 덮수된 혈류같스 안전 사공는 일곱건으로 8세우를도가 높지는 안지만 이주 석건일 아리의 사골였다
p56_u44,p56,ce1.0,측할질양간 소비자 위의 감시1편을 접스된 엘륭갖수 안전 사고는 일곱건으로 파신형들론가 먹지는 안지만 이주 연석건리어리기 사고였다
p56_u44,p56,ce2.0,최혈실 양간 소비자 위의 감시시템에 덮수된 혈륭값스 안전 사공는 1것건으로 8생굴도하 먹지는 안치만 이주 연석건이 어리이 타고였다
p56_u44,p56,ce5.0,최관실양간 소비자 위에 감시시텐에 접수된 혈림갖스 안전 사공을 일것건으로 발생결도가 높지는 안치만 이주 이건이 어리의 사고였다
p56_u44,p56,ce10.0,최혈심양간 소비자 위의 감시시템에 접수된 혈림갖스 안전 사고면 일곱건으로 8생률도가 높주는 안지만 이중 위화건이 어리이 사고였다
p56_u45,p56,taps,특히 언나인에서 주로 품내되는 전화 폐림가스의 경우 발또 관리 기장없서 안전 사각지 대에 노야있다
p56_u45,p56,ce0.0,특히 올라일에서 주로 판내되는 저화 폐용가스의 경우 발또 관리 규장없서 안전 사각기대에 노여있다
p56_u45,p56,ce0.1,특히 언라인에서 주로 판내되는 정화 폐름갖스에 경우 발또 관리 규장없서 안전 사각기대에 노여있다
p56_u45,p56,ce0.5,특히 온라인에서 주로 판내되는 저와 폐륭가스의 경우 발또 관리 규장이 없서 안전 사각지대에 노여있다
p56_u45,p56,ce1.0,특히 원하내서 주로 판말되는 정화 폐름가스에 경우 발또 관리 규병없서 안전 사각지대에 노여있다
p56_u45,p56,ce2.0,특히 원하행에서 주로 판내대는 처와 폐륭가스에 경우 별돌 관식 규장이 없서 안전 사각지 대에 노여있다
p56_u45,p56,ce5.0,특게 원하인에서 주로 판에되는 저와 폐륭가스에 경우 별또 관리 규장없서 안전 사각이 대에 노여 있다
p56_u45,p56,ce10.0,특히 원하인에서 주로 평내되는 저화 폐륭가스의 경우 별도 관릭 지장없서 안전 사각지대에 노여있다
p56_u46,p56,taps,소비자원의 이하스 안정 공상와 함께 올라일에서 판내된난 세염가스 아홉게 제품에 이통실텔를 조사한 결과 죄반 이상이 당석개에 가다 스빛 이험에 대항 경교 출시가 없었다
p56_u46,p56,ce0.0,소비자원이 갈스 안정 분사왕함께 올라인에서 판례된는 헤요가스 아홉게 재품에 입통실텔를 조사한 계과 제반 이상이 당석개에 과다 스빛 이험에 대안 경국 출시가 없었다
p56_u46,p56,ce0.1,서비자원이 이관스 안정 궁상와 함께 올라인에서 판내된을 헤림것스 아홉게 재품에 입통실텔를 두사한 계과 제반 이상이 당석개에 과당급빛 이험에 대항 경격출시가 없었다
p56_u46,p56,ce0.5,소비자원이가스 안정공상와 함께 올라인에서 판내된을 헤류가스 아홉게 제품에 이통시텔를 두사한 결과 제반 이상이 장석개에 가다 흐백 이영을 대항 경경취시가 없었다
p56_u46,p56,ce1.0,소비당원이 가스 안동 궁상을 함께 올라인에서 평례된을 헤륭가스 않홉게 졌품에 입통식 텔에 조사름 결과 전반 이상이 장석개에 가방 흘입 이험에 대항 경격최시가 없었다
p56_u46,p56,ce2.0,소비자와이 할스 안동 후사와 함께 올나인에서 탐내된는 헤륭갖스 아홉게 재품에 유통실텔을 조상 결과 제반 일상일 당석개에 과당 흠입 이험을 대항 경격출시가 없었다
p56_u46,p56,ce5.0,소비장아이 할스 안정분상와 함께 올라인에서 판매된을 헤림가스 아홉게 재품에 유통실텔에 조사한 결과 재반 이상의 당석개에 가다 수빛 의험에 대항 경경 출시가 없었다
p56_u46,p56,ce10.0,소비자와유 이할스 안정공사와 함께 올라인에서 평래된는 혈림가을 아홉게 재품에 유통실탄을 조상 결과 죄반 이상일 다확개에 과반 수0 이험에 대항 경격출시가 없었다
p56_u47,p56,taps,또 두개제음은 고학가스의 해다하는 내도 등록 차량후 안일 택배로 불법 입통되는 것으로 확인냈다
p56_u47,p56,ce0.0,또 두개지품은 고학가스의 해당하는데도 등록차량 야일 택배로 굴법 입통내는 것으로 확임했다
p56_u47,p56,ce0.1,또 두개제통은 고학가스의 해당하는 매도 등록 차량의 안일 택배로 불법 유통되는 것으로 확인했다
p56_u47,p56,ce0.5,또 두게제품은 구앞과스의 해다아는데도 등록 차량야일 택배로 불법 유통대는 것으로 사결했다
p56_u47,p56,ce1.0,또 두개지음은 구합가스의 해담하는내도 등숙 차량의 안일 택배로 불법 역통되는 것으로 확길했다
p56_u47,p56,ce2.0,또 두개제통은 구앞가스의 해당하는데도 등숙 차량의 안일 택대로 불법 육통되는 것으로 확인됩다
p56_u47,p56,ce5.0,또 두개제품은 고앞가슴의 해당하는데도 등숙 차량의 아일 택배로 불법 육통되는 것으로 확견했다
p56_u47,p56,ce10.0,또 두개제푸은 구앞가스의 해당하는데도 등룩 차량의 아일 택배로 슬법 유통되는 것으로 확견했다
p56_u48,p56,taps,소비자어는 이 같은 주사를 받탕으로 올나호둘의 풍상없장와 혀법에 2점 품내자를 대상으로 주의 경국표시 강화를 유청할 계획이다
p56_u48,p56,ce0.0,소비자어는 이 같은 주살를 받탕으로 올나루 튼느풍사없장와 혀법에 2정판내자를 대상으로 주의 경국표시 강화를 유창할 계획이다
p56_u48,p56,ce0.1,소비자어는 이 같은 주살를 받탕으로 올나형 출을풍상없장와 혀법에 2점 탐내자를 대상으로 주의 경곡표시 강화를 요탕할 계획이다
p56_u48,p56,ce0.5,소비다오는 이 같은 주사를 받탕으로  울나인 쿠을 품사업당가 혀법에 입정 탐회자를 대상으로 주의 경국표시 강마을 요탕할 계획이다
p56_u48,p56,ce1.0,허비다우는 이 같은 주사를 받강으로  올라의 튼의 품사업당와 혀법에 이떤 품메달을 대상으로 주의 경국표시 강말을 요탕할 계획이다
p56_u48,p56,ce2.0,소비다어는 이 같은 주사를 받강으로 원나후트을 품사업장와 혀법에 이땅 섬내달를 대상으로 주의 경곡표시 관화를 유퉁할 계획이다
p56_u48,p56,ce5.0,소비자는 이 같은 주사를 받땅도  올나행 품을 품사업자와 혀법에 2정3내달를 대상으로 주의 경곡표시 관화을 요창할 계획기다
p56_u48,p56,ce10.0,소비자어는 이 같은 주살를 받강으로 올나의 튼낼 품상업장할 혀없에 2뜸 평내자를 대상으로 주의 경국표시 강마을 요퉁할 계획주다
p56_u49,p56,taps,가스 안정공사는 고앞 혈력가스 제품매 흐빛 금질를 추시하도로 각스 기을 기즈을 계정에 내달 11를부터 시해에 두아갑다
p56_u49,p56,ce0.0,가스 안정공사는 고앞 혈욕가스 집품에 협빛 금질를 추시하도로 가스 기을 기준의 계정에 내달 시1를부터 시해에 두락갑다
p56_u49,p56,ce0.1,가스 안정공다는 고앞 시령가스 집품에 수빛 금질를 추시하도로 가스 귀을 귀은을 계정일 내달 11일부터 치해에 두어갑다
p56_u49,p56,ce0.5,가스 안정공사는 구앞 리요가스 지품에 수입 금질를 표시아으로 가스 기술 기준을 계정의 내달 시1를 부터 시하의 두어갑다
p56_u49,p56,ce1.0,가스 안동공사는 구앞 혈륭가을 베품에 흠빛 금진을 표시하도로 가스 기을 기준을 계정해 내달 11일부터 시해의 들어갑다
p56_u49,p56,ce2.0,가스 안정공상는 구앞 리용가스 듣음에 르백 금질를 표시하도로 가스 귀을 귀준을 계정여 내달 시1일부터 치하해 들어갑다
p56_u49,p56,ce5.0,칼스 안종공사은 고앞 회용가스 제품에 휴집 금질를 표시하도로 가스 기을 기준을 계정할 내단 11일부터 시해해 두어갑다
p56_u49,p56,ce10.0,가스 안정공상는 고화 폐령가스 되품에 흐빛 금진을 표시하도로 가스 귀술 귀준을 계정여 내달 시1를부터 시행해 두어갑다
p56_u50,p56,taps,사회작 건리두이 왕화 이으로 첫 생회이 시진을 맞아 관년 성품을 찬을 소류자가 극속하게 누고 있다
p56_u50,p56,ce0.0,사월적 거리두이 왕화 이후 첫 편우의 시진을 맞아 관련 성통을 찬을 소류자가 극속하게 누고 있다
p56_u50,p56,ce0.1,탐매적 건리두이 왕화 이후 첫 혈의 시진을 바아 관련 상품을 찬을 소비자가 그속하게 늘고 있다
p56_u50,p56,ce0.5,3월작 거리두이 왕화이후 첫패름회 시진을 맞아 관련 상소을 찬을 소리자가 그숙하게 늘고 있다
p56_u50,p56,ce1.0,3월작 건리두이 왕화 이후 첫편의 시든을 맞아 관년형통을 찬날 소비자가 극속하게 늘고 있다
p56_u50,p56,ce2.0,타을적건리두이 왕화 이구 첫패회시전을 바아 관년 상통을 참을 소비자가 급속하게 늘고 있다
p56_u50,p56,ce5.0,사회작 건리두이 왕화 이후 첫편 시진을 맞아 관련 향품을 찬된 소비자가 급속하게 늘고 있다
p56_u50,p56,ce10.0,상해작 건리득이 왕화 이후 첫 텔의 시진의 맞아 갈련 형통을 찬날 소비자가 급숙하게 늘고 있다
p56_u51,p56,taps,폐시천레풀르 메입을 리는 이다 1에서 시우영긴 혈로로운 검정향이 신난의 가통기감 대이 160% 존가했다고 이05의 발혔다
p56_u51,p56,ce0.0,폐시선을 폭매이은 일는 이다 1월서실6긴 혈로 검성향이 실란의 가토우위간 배이 160버 중가했다고 이05의 밝혔다
p56_u51,p56,ce0.1,폐션슬레프로 메이블리는 이단 1성 1역긴 혈로흉 검생양이 시난의 가통기감 베이 160 중가했다고 20의 발켰다
p56_u51,p56,ce0.5,폐시형선데풀르매입을리는 이달 1서식의역긴 틀로호 감생강이 지남의 가트우비간 베이 16% 증가했다고 이0으의 밝혔다
p56_u51,p56,ce1.0,폐성선을포르매이은리는 이 단 이의서 식6긴 혈러인 건생양이 지난의 갖통기간 베이 160버센트 등가했다고 이집으의 밝켰다
p56_u51,p56,ce2.0,패성분내풍매이은리는 이단1에서 시의6긴 혈로후 검생향이 지난의 갇통기간 베이 160버센트 중가했다고 이05의 밝켰다
p56_u51,p56,ce5.0,폐성전의 폭매입을리는 이 달 1월1역긴 혈러눈 검색향이 귀난의 갖통기간 베비 16 중가했다고 이시5에 밝혔다
p56_u51,p56,ce10.0,패성튼내통 매일분리는 이다 1사16긴 혈의 감생양이 지나의 가음기간 베이 160 중가했다고 이05의 밝혔다
p56_u52,p56,taps,혈로할 터키가 열리는 대표장송이 2태원 에e버랜n즈 록대월드등 측정 방소 검생량이 겪중있다
p56_u52,p56,ce0.0,헤로 터티가 열리는 대표장송이 2태원에e버랜드 노대월드등 측정 당소 검생량이 되증했다
p56_u52,p56,ce0.1,혈로의 터티가 열리는 대표장소이 2태원에e버랜nd 로베월드등 특정 당소 검생량이 규중했다
p56_u52,p56,ce0.5,혈로한 터티가 연리는 대표장손의 2테원에e버랜n즈 로베월d등 특정 당술 공평량이 극중했다
p56_u52,p56,ce1.0,헤로한 터티가 열리는 대표장손이 2테원에버랜n드 로베월드든 특정 장소 건생량이 급중했다
p56_u52,p56,ce2.0,혈랑국 타티가 연리는 대표장소일 2테원에버랜드 로대월드등 측정 방소 검생량이 극증했다
p56_u52,p56,ce5.0,현륭의 파티가 열리는 대표장소히 이테원n에버랜드 로베월드등 측정 장소 검생량이 극조했다
p56_u52,p56,ce10.0,헤놓원 카티가 연리는 대표장손의 2태원 에버랜nd 높대월드등 특정 상소 검생향이 기증했다
p56_u53,p56,taps,택성가태브리에서는 혈명노코스트의 검생량이 143대 가량 크게 물었다
p56_u53,p56,ce0.0,태션가태브리에서는 해명코스트의 검총향이 143대 가량 크게 늘었다
p56_u53,p56,ce0.1,백성가태고리에서는 혈령의 코스트의 검생량이 143대 가량 크게 들었다
p56_u53,p56,ce0.5,백성가태고리에서는 혈렁요 코스트의 감중양이 143대 가량 크게 물었다
p56_u53,p56,ce1.0,택성가태고리에서는 혈의 코스트의 감생량이 택43대 가량 크게 물었다
p56_u53,p56,ce2.0,태션가태고리에서는 혈능려코스트의 감생망이 택4십3 가량 크게 늘럽다
p56_u53,p56,ce5.0,백션카텔고리에서는 혈름의 코스프의 감생장이 143대 가량 크게 늘었다
p56_u53,p56,ce10.0,태성가텔고리에서는 혈능로 코스트의 검생량이 143가량 크게 물롭다
p56_u54,p56,taps,파티소품 파티 스트은 장식 등분강 상처부준장 뱀파이야 왕토든 소은 검생양로 크게 증가했다
p56_u54,p56,ce0.0,파티 소품 파티질트든 장식 6품과 성처부준장 뱀파이야 망포든 소은 검생량으로 크게 증가했다
p56_u54,p56,ce0.1,파티소품 파티스트은 장식 용품광 상청 수준장 뱀파이야 망토든 소은 검생량로 크에 증가했다
p56_u54,p56,ce0.5,파티소품 파티스트든 장식 등품강 상터부준장 뱀파이와 망토든 소품 검생양로 크게 증가했다
p56_u54,p56,ce1.0,파티소은 파티혈트든 장식 등품과 상처 부장 뱀파이야 망토든 소은 검생량로 크배즐가했다
p56_u54,p56,ce2.0,파티소품 파티실트든 장식 등근과 상처불장 뱀파이야 만토든 소은 검생량으로 크게 증가했다
p56_u54,p56,ce5.0,파티소품 파티스트은 장식 경품과 상처분장 뱀파이야 만토든 소은 감생장로 크게 증가했다
p56_u54,p56,ce10.0,파티소품 파티스트든 장식 등분관 선처부장 맨파이야 망토든 소은 검생량로 크게증가했다
p56_u55,p56,taps,이렇트 태로일에 대와 간시의 보주대자 이토학게 에서는 각종 환일령삼및 2을들을 지내하고 있다
p56_u55,p56,ce0.0,이렇트 태로일에 대한 간시 보주대자 이토학게에서는 각종 환일려 삼및 이벨트를 뒤내하고 있다
p56_u55,p56,ce0.1,이렇을 태로일에 대하 간식의 보주배자 입통없게 선는 각종 화리령사및 2런트을 지내하고 있다
p56_u55,p56,ce0.5,이렇틀 패놓훈랜 대항 관시의 구조되자 2터없게 서는 각정 하일행 사및 2드릴지내하고 있다
p56_u55,p56,ce1.0,이롭트 패로인을 대항 간심이 고조에자 2터없게에서후 각종 하일려 닥립 2런트대지행하고 있다
p56_u55,p56,ce2.0,이롭트 태우인의 대항 간식의 고주되자 입터없게에서후 각정 화위노 사및 이은드을 지향하고 있다
p56_u55,p56,ce5.0,이렇을 태로일을 대한 간식의 구조되자 2통게서는 각종 화의사및 이1드될 지내하고 있다
p56_u55,p56,ce10.0,이렇을 태우인의 대하 간식이 구주되자 2터게에선후 각정 하리을 사및 이벤트대 지행하고 있다
p56_u56,p56,taps,롯때맞트는 헤로일의 맞아 이다 말까지 해명 과잡아티 화인행사의 연바
p56_u56,p56,ce0.0,노때앞태는 헤로일의 맞아 20 말까지 해로우 가잡받티 화이용사를 연바
p56_u56,p56,ce0.1,롯대났트는 혈인내 바자 2다 말까지 혈로회 가잡받티 화일행사에 연방
p56_u56,p56,ce0.5,롯대 앞쳐는 혈원내 바자 이다 말까지 헤호 가잡 아티 화일행사에 연바
p56_u56,p56,ce1.0,높변맞트는 헤로인의 맞아 21 말까지 해로행 가접받티 할행사을 연바
p56_u56,p56,ce2.0,높대맞트는 해로내 바아 이다에 말까지 해능로 가접받티 활령사를 연다
p56_u56,p56,ce5.0,롯대맞혀는 헤로인의 맞자 이 다에 말까지 헤루행 가잡받히 화인능 발에 연다
p56_u56,p56,ce10.0,높대맞트는 혈원의 바아 이다 말까지 혈민 가잡받트 환능사를 연다
p56_u57,p56,taps,세로의 스페쇼로 진리스트로등 단독 상품을 출시하고 일정금에 이상 구매히 항풍관을 증장입다
p56_u57,p56,ce0.0,새로이 스페시 데리스트로든 반독 성품을 출시하고 일정금에 이상 금메시 선포건을 증장연다
p56_u57,p56,ce0.1,s로 스페c 텔리스트로로등 단독 성품을 출시하고 일정금에 이상 구매히 산품건을 증장한다
p56_u57,p56,ce0.5,태로의 스페쇼오로 데리스트로로든 반독 상품을 출시하고 일정금에 이상 금메이 상포관을 중상합니다
p56_u57,p56,ce1.0,헤로웨스페c 텐리스트로든 담독 상품을 출시하고 일정금의 리상 구메이 항폭관을 등장합다
p56_u57,p56,ce2.0,헤로의 스페시 전니스트도로든 단독 상품을 출시하고 일정금의 위상구의히 상품검을 중장합다
p56_u57,p56,ce5.0,태름한 스페쇼 텐리스트로등 단독 상품을 출시하고 일점금의 위상품면 휘선품관을 증장합다
p56_u57,p56,ce10.0,텐로의 스페시오 텐리스트로로등 단독 성큼을 출시하고 일정금에 이상 구매쉬의상훈검을 등장합다
p56_u58,p56,taps,포울절로스에서는 시자이nn 인기 컴셀츠일 실대앞받트 케릭터의 혈루원대일 의상 소품 사탄 와원이된 다양한 확히 영품을 성보인다
p56_u58,p56,ce0.0,호일절로스에서는 시자의 이nn 인기 컴센츠의 신리앞바트 케릭터의 헤로운d이 의상 수품름 사탄 와거이등 다양 하히 험품을 선보인다
p56_u58,p56,ce0.1,토일절로스에서는 cdnn 임기 컴텐스인 신리앞바트 케릭터의 헤륭을 데의 의상 수품 사탕바원이등 바양한 가히 영분을 선보인다
p56_u58,p56,ce0.5,포위도로스에서는 시제기 이nn 6기 컴텔 주일 심개앞받트 케릭터에 헤루을 데이 의상 숙품 사탕바거류등 바항한 파티영품을 선보인다
p56_u58,p56,ce1.0,코이도로스에서는 시d의이n 1기 컴텐츠인 신배앞받트 케릭터에 헤로민데의 의상 속품 사탄 바원이등 다양한 파티 영품을 선보인다
p56_u58,p56,ce2.0,토이절로스에서는 sd이n 일국컴센추인 1리앞바트 케릭터에 헤놓데의 의상 수은 사탕 바은이득 다양한 가티용품을 선보인다
p56_u58,p56,ce5.0,토이절로스에서는 시제 이해는 인기 컴텐추일 1배앞받트 케릭터에 헤로인대의 의상 소품 사탄바은이등 다랑한 하히 영품을 선보인다
p56_u58,p56,ce10.0,토이더로스에서는 cd이n 인기 컴텐스인 심배앞받트 케릭터에 혈름의대의 의상 소은 사탕바원이등 다항한 바티 용품을 선보인다
p56_u59,p56,taps,룻대 오해서도 오늘 30까지 혈로1의 바아 이테리어속품 코스트의 영품등 파히 영수 기획점에 개태합다
p56_u59,p56,ce0.0,룻대 오해서도 오는 30까지 혈로인을 바아이 데리어속품 쿠스트행 우품등 파티 용수 기획점을 계태합다
p56_u59,p56,ce0.1,룻대 오해서도 원는 30까지 혈로일을 바아 일테리어 수품 크스트의 영품등 파티험수 기획점을 개차 합다
p56_u59,p56,ce0.5,롯대 오해서도 은는 301까지 혈로 받아 일테리어소품 코스크의인분등 파티영후 기획점을 개체한다
p56_u59,p56,ce1.0,롯뱅원해서도 오는 30까지 혈로인을 바아 일테리어속품 크스크려영금등 파티오풀 기획점을 개체합다
p56_u59,p56,ce2.0,롯대 오해서도 오는 300까지 혈일을 바아 일테리어속품크스트의 영품등 파티음후 귀획던을 개체합다
p56_u59,p56,ce5.0,롯대 오해서도 오늘 30까지 혈로인을 받아 일테리어소품 교스크의 영품등 파히 형후 기획점에 개체합다
p56_u59,p56,ce10.0,롯대 원해서도 은는 30까지 혈어인을 바아 일테리어 소품 코스크의 능품등 8팀오품 기획점을 개체합다
p56_u60,p56,taps,악향입을 점우 a수 황우지나의 하락을 앞세워 대전 시살 관리 공다하 것고 202hv두 나무 항국프로 카끗 리을 여자 매션혼리을 사난 승할 달성했다
p56_u60,p56,ce0.0,악학미천위 a스 홍지나의 하량을 앞세워 대전 시살 관리 공다하 것고 202hv두 나무 항국프로 카끌리을 여자 내셔한 리을 상한성할 달성했다
p56_u60,p56,ce0.1,안활그처의 a스 황지나의 하약을 앞세워 대전 시살 관리 공다해 것고 20이hv두 나무 항국크로 착그리을 여자 매셔한 능글 사년선할 달성했다
p56_u60,p56,ce0.5,안향주 청일 a스 황진아의 하약은 앞세워 대전 시살 관리 공다는 것고  20이hv둘 나무 항국풀로 잡크 류을 여자 내셔한 류을 사한승할 달성했다
p56_u60,p56,ce1.0,안하이미청의 a스 홍진아의 하략을 앞세워 대전 시살 관리 공단하 거꾸 202hv두 남은 항백풀로 학끌리을 여자 매손한 리을 사양승할 달성했다
p56_u60,p56,ce2.0,랑향수켜물 a스 허우지나의 하약은 앞세워 대전 시살 관리공다하거꾸 202cv두 남을 항국으로 착거리을 여자 내셔한리을 환한 승해 달성했다
p56_u60,p56,ce5.0,안향미천의 a스 황제아의 하약을 앞세워 대전 시살관리공다하걷듯 202cvt 남무 항덕프로 타도리그 여자내셔한 리을 하난선하 달성했다
p56_u60,p56,ce10.0,안할미청의 a스 홍우진아의 화약을 앞세와 대전 시자 관리공단하 거듯 20이cv두 남무 항곡풀로 착더리그 여자 내셔한 일그 사량승할 달성했다
p56_u61,p56,taps,안환 시층안 208일 수안 파고 점령강기장 tdt사열리 k이티t에 여자 내시날리구에서 대잔 시작발리 공단의 상대로 삼대의 선회에 단했다
p56_u61,p56,ce0.0,안산 1청한 208일 수한 8고 정령정기장 표dt사열리 t이티티에 여자 내산한리그에서 대잔 시작관리 공담의 상대로 삼대의 사일에 단했다
p56_u61,p56,ce0.1,안산 히천안 208일 수안 8고 점령당기장 스표dt에사열니 케이티t에 여자 매센날리교에서 대잘 시작관리 공담의 상대로 삼대의 사히대 담했다
p56_u61,p56,ce0.5,안한 시청한 208일 수안 타고 저명장기장 스표d 피사열리 ttt에 여자 매시할리구에서 대잔 시작관리 공담을 상대로 삼대의 선화일에 담했다
p56_u61,p56,ce1.0,안산 시청은 208일 수한 타고 전역 경기장 스표bt에서열리 ttt에 여자 매시날리그에서 대잔 시각관리 공담을 상대로 3대의 선일에 담했다
p56_u61,p56,ce2.0,안산 시청안 208일 수한 타고 적령경기장 스표dt사열일 ktp에 여자내셔한리그에서 대잔 시작관리 공담의 상대로 삼대인 사일에 담했다
p56_u61,p56,ce5.0,안산시청안 208일 수한 택고 점년경기장 스투dt에사열린 k이kt에 여자 내션할리그에서 대잔 시작관리 공단의 상대로 삼대의 생회되 단했다
p56_u61,p56,ce10.0,안산시통한 208일 수한 타고 저령경기장 스투비t사연린 케이tt에 여자매선한리그에서 대단 시작관리 공담의 상대로 3대의 성리에 남했다
p56_u62,p56,taps,안산 시탄 항진아는 이m치에서 대잘 시사관리 공담 박태원의 상대로 이대양 승일에 거졌다
p56_u62,p56,ce0.0,안산 시천 항지안는 이mh에서 대잘 시사관리 공당 박태원의 상대로 이대양승실를 거졌다
p56_u62,p56,ce0.1,안선 시천 황진안는 emh에서 대잘 시사관리 공담 박태원의 상대로 이대양 승일에 거었다
p56_u62,p56,ce0.5,안산시천 황지나는 1mc에서 대전 시사관리 공담 박태원을 상대로 이대형소위을 거었다
p56_u62,p56,ce1.0,안산 시천황지나는 1m치에서 대전 시사관리공담 박태원의 상대로 이대형 승위을 거었다
p56_u62,p56,ce2.0,안산 시천 홍진나는 1m취에서 대전 시사관리공담 박태원을 형대로 이대양 성위에 거옷다
p56_u62,p56,ce5.0,안산 시천항진안는 이mt에서 대절 시사관리공단 박혀원을 상대로 이대양 성림에 거었다
p56_u62,p56,ce10.0,안산 시천 허우진 안는 이m치에서 대전 시사관리 공단 박혀원을 상대로 이 대양 성일을 거졌다
p56_u63,p56,taps,이메티는 안산시창 작세리가 대전 시사관리 공단 건화연에게 1때 이록 패배하며 성두한 원점으로 돌아갔다
p56_u63,p56,ce0.0,이메티난 안산시창 작세리가 대전 시사관리 공다 건화연에게 1배 이록 패배하며 소부한 원점으로 돌나갔다
p56_u63,p56,ce0.1,이메티는 안선시청 밖세리가 대전 시작관리 공단 관화염에게 일때 유록 패배하며 항부한 원점으로 돌나갔다
p56_u63,p56,ce0.5,이메피는 안환시청 밖세리가 대전 시사관리 공단 권화연에게 1배 이록 패배하면 수분한 원점으로 돌나갔다
p56_u63,p56,ce1.0,이메티는 안산시청 밖세리가 되전 시사관리 공당 건화염에게 1배 이록 패배하며 성금은 원점으로 돌아갔다
p56_u63,p56,ce2.0,이메치는 안산시청 닥세리가 될전 시자관리 공담 건화연에게 배 이록 패배하며 향부한 원점으로 돌아갔다
p56_u63,p56,ce5.0,이메치는 안산시청 닥세리가 대존 시자발리공다 건화연에게 일때 이록 패배하며 성둘을 먼점으로 돌아갔다
p56_u63,p56,ce10.0,이메치는 안산시청 닥세리가 되전 시작관리 공당 권화연에게 1빼이록 패배하명 성분을 원점으로 돌아갔다
p56_u64,p56,taps,안선시청은 3내키서 독식 6점 던승을 달리고 있는 이양연 박세리조가 칠점에 배전 시사관리 공단 박태원 유란일조를 이데일로고끔냐 리드를 잡었다
p56_u64,p56,ce0.0,안설 시청한 3내티서 독식 6점 던승의 단리고 있는 이항은 박세리조가 칠점에 배전 시사관리공단 박태원 유나일 조를 이대일로과낌냐 리드를 잡었다
p56_u64,p56,ce0.1,안설시청은 3내티서 독식 6점 던승을 달리고 있는 이양은 박세리조가 출점에 배전 시사관리 공단 박체원 유날일조를 이데일로고뜨냐 리드을 잡았다
p56_u64,p56,ce0.5,안설 시청은 3내피서 국식 육점 단승을 달리고 있는 이영은 박세리 조가 칠점에 배전시사관리 공담 박쳐원 율마일돌를 이데일로걱뜨며 류드를 잡었다
p56_u64,p56,ce1.0,안선 희청은 3메티서 복식 6점 번승을 단리고 있는 이영문 박세리도가 칠점에 배전시사관의 공담 닥태원 유만일돌를 이대인로 과으며 류대를 잡었다
p56_u64,p56,ce2.0,안산 시청한 3매피더 국식 육점 선승을 달리고 있는 이양은 박세리조가 틀점에 배전시사관히 공담 박태원 유안인 돌를 이대인로거으며 리드를 잡었다
p56_u64,p56,ce5.0,안산시청은 3매치서 북식 6점담승의 달리고 있는 이영운 박세리조가 칠점에 배전 시사관리공단 박체원 유안일조를 이대일로과으며 니드을 잡았다
p56_u64,p56,ce10.0,안산시청은 3매치서 독식 6점담승을 단리고 있는 이영은 닥세리조가 칠점에 배던 시사관의 공담닥펴원 유마인 돌를 이대일로과뜨면 리드를 잡았다
p56_u65,p56,taps,자메티에서 안산시청은 a스 항진나가 건하연을 상대로 이s트 11대사 2s트를 11대 6으로 대앞하며 대전 시사관리 공담을 상대로 삼대의 승일의 굳쳤다
p56_u65,p56,ce0.0,자메치에서 안산시청은 a스 황지나가 건하연의 상대로 1s트 11대사 2s트를 11대 6으로 재앞하며 대전 시사관리 공단의 상대를 삼대의 승일를 그쳤다
p56_u65,p56,ce0.1,자메티에서 안산시층은 a스 황진나가 건하연을 상대로 1세틀 11대사 2세트를 11대 6으로 재앞하며 대전 시사관리 공담을 상들로 삼대의 승일를 굳쳤다
p56_u65,p56,ce0.5,자메취에서 안산 시청은 엘수 항우진나가 건화연을 상대를 1새트 11대사 2세트를 11대6구로 재합하며 대전 시사관리 공단을 상대를 삼대인 승리를 굳쳤다
p56_u65,p56,ce1.0,상메취에선 안산시청은 엘스 황진하가 건마험면 상배로 1새트 시길대사 2새트를 시길대 6으로 대앞하며 대전 시아관리 공다면 상배로 삼대의 승리을 굳쳤다
p56_u65,p56,ce2.0,상례취에서 안산시청은 a수 항우진나가 건마연을 상대를 이새트 11대사 2s트를 11대 6구로 대앞하며 대존 시사관리 공담의 상대를 삼대인 숭리을 굳쳤다
p56_u65,p56,ce5.0,다메취에서 안산 시청은 a스 황진하가 건화연을 상대로 1s트11대산 2s트를 11대 6으로 대앞하며 대존한 시작발리 공담을 상대로 3대의 승위를 그쳤다
p56_u65,p56,ce10.0,상례취에서 안산시층은 a스 화우진나가 걸마염을 상대로 1s트11대사2s트 11대 6으로 대앞하명 배전한 시사관리 공담의 상대로 삼대 인승일를 구쳤다
p56_u66,p56,taps,집번송일로 안산 시청한 서우점 17점을 기록했으며 1리 군청부청과 일리 수할 시청해 이여 상강 체된을 공고이 했다
p56_u66,p56,ce0.0,집번송일로 안환 시청한 서우장 시체장을 기록했으며 1리 금청부청과 일리 서활 시청의 위여 상강 체대를 공고이 했다
p56_u66,p56,ce0.1,지번송위로 안산 시청원 성점 시체잠을 귀록했으며 1리 금청부통과 2미 수한 시청해 이여 3강 최재를 공고이 했다
p56_u66,p56,ce0.5,2번소위로 안할시평은 소점 1체장을 기록했으며 1리 군청구통과 2미술월 1청에위여 3강 제재를 군고이 했다
p56_u66,p56,ce1.0,이번총이로 안선 비통은 성점 1체잠을 기복했으며 1리 금총부통과 2미 수활 시청의 위여 3강 체변을 군고이 했다
p56_u66,p56,ce2.0,이번소위로 안산 시청은 소점 1체 담을 기록했으며 1리 금청구틈과 2리 수원 세창에 위여 삼강 체대를 공고이 했다
p56_u66,p56,ce5.0,2번성이로 안한 시척만 성정십체땅을 기록했으며 1의 9천구틈과 2미 소할 시창해 위여 상강 체전의 군고의 했다
p56_u66,p56,ce10.0,2번성리로 안환 시청은 성점 십체잠을 기록했으며 이의 금청9통과 2미 소한 시청위여 상광 체절의 군고이 했다
p56_u67,p56,taps,남자 내션노리구에서는 일철시사 호당이 산천 군성과 접정끝에 3내일로 역수입승일를 겁버바
p56_u67,p56,ce0.0,남자 네션하위거에서는 2천시사우단이 산총 군성과 접정끝에 살데이로 역수있 승일를 겁었다
p56_u67,p56,ce0.1,남자 내션할리구에서는 인천시사움단이 산총 군승과 접정끝에 3대이로 역수입생이들 겁버방
p56_u67,p56,ce0.5,남자베션할리구에서는 일천시살공단이 산총 군승과 접정급에 3대이로 역수입승기들 겁봅다
p56_u67,p56,ce1.0,남자매션원 리구에서는 인천1활공당이 산선 군성과 접정끝에 3대이로 역수입승리를 겁었다
p56_u67,p56,ce2.0,남자4사한이구해서는 일천시사무다이 산천 군성과 접정끝에 상대이로 역수입 승리을 겁봅다
p56_u67,p56,ce5.0,남자 내션원리구에서는 일천시살움단이 산천 군성과 접정끝에 상대이로 역수입생리를 걸봅다
p56_u67,p56,ce10.0,남자 매션한리구에서는 1천시살 공단이 산천굴형과 접정그에 3당이로 역수입생리을 겁봅다
p56_u68,p56,taps,인철시설공다는 2번수위로 사연숭을 기록하명 소장 22자으로 1리 대한 시청할 생장8짝차로 따라부었다
p56_u68,p56,ce0.0,인틀시설공다는 2번승위로 사연승할 그록하면 수장 22점으로 1이 대편 1천월 성장 8점차로 따라부었다
p56_u68,p56,ce0.1,인틀시설 공다는 2번수위로 다연승을 기록하명 수잠22점으로 1이 대한 1청을 생점 팔찰차로 따라부었다
p56_u68,p56,ce0.5,인천시설 공단을 2번술위로 사연승을 기록하며 숭점 2c미점으로 1리 대한 시청의 숭잠 살점차으 따라부었다
p56_u68,p56,ce1.0,인천시설공다는 2번수위로 자연수을 기록하며 수점 22점으 1리 대던 시청의 승정 8청차로 따라부었다
p56_u68,p56,ce2.0,2천시설9다는 2번수위로 사연속을 기록하며 수장 22점으로 1리 대한 시청할 생우장 8청차로 따라부었다
p56_u68,p56,ce5.0,은천시설공단을 2번스위로 사연수활 기록하면 수점22점으로 1이 개천 시천할 생정8장차로 따라부었다
p56_u68,p56,ce10.0,1천시설공다는 2번수위로 사연수을 규록하명 수점22점으로 2 대턴 시천을 생장8정 차로 따라부었다
p56_u69,p56,taps,지케이 머랜드 규튼 지키능 은향하는 그투 네투랜비가 좀주 적령 웹사이트인 감명잠 공가는 계함했다고 시5에 밝혔다
p56_u69,p56,ce0.0,지게이 원랜들 규튼 지표능 은향하는 부츠 네트랜비가 점주 전념 웹사이트인 감명잠 공관을 계함했다고 시5의 밝혔다
p56_u69,p56,ce0.1,치행 머랜들 규튼 측킬는 은향하는 국투 메투행비가 덤주 정령 웹사이트인 감명잠 공관는 계함했다고 15의 발혔다
p56_u69,p56,ce0.5,지케 머랜들 교틀 지킬을 루향하는 교출메프행비가 덤주 정령웹사이주인 감명잠공간는 대평했다고 10의 밝혔다
p56_u69,p56,ce1.0,티행 원랜들 교튼 치키을 운향하는 극튼 메프행비가 정주 전역 웹사이트인 감명점 공감면 계평했다고 15의 밝혔다
p56_u69,p56,ce2.0,치행몰랜들 교튼 치킬는 의향하는 교튼 의프행비가 덤주 전염 웹사이 트인 가능점 공관을 계평했다고 시5의 밝혔다
p56_u69,p56,ce5.0,치게 원랜들 규틀 치키을 우향하는 교투 네프행비가 점주 전역 웹사이 트인 감명점 공간는 계함했다고 15의 밝혔다
p56_u69,p56,ce10.0,치끼 원랜들 교튼 치키의 은향하는 교튼 의투엔비가 점주 전역 웹사이트 가능우점 공가는 계함했다고 시5의 발혔다
p56_u70,p56,taps,감명점구훈하는 감명점과의 원능한 커매의 계의 평과 상생이위에 말련된 내불 소통 창크이 있다
p56_u70,p56,ce0.0,감명정구가는 감명점과의 원화한 커매게의 평과 상생의 미에 말련된 내부소통 창코이 있다
p56_u70,p56,ce0.1,감명전공하는 감명점과의 원능한 커매 계일 형과 상생을 위해 말련된 내불 수통 상후이 있다
p56_u70,p56,ce0.5,감행점공가는 감맹점과의 원화한 커매 게일선과 상생일리에 말련데 내구주통 상후이 있다
p56_u70,p56,ce1.0,감행점공가는 가맹점과의 원화한 커회게의 장과 상생을 위에 말련데 내부조통 창구이다
p56_u70,p56,ce2.0,감명점군가는 감명점과의 원사람 커밀케의 장과 상생입비에 말련데 내부조통 상구있다
p56_u70,p56,ce5.0,가행점공관은 감맹점과의 원화한 커메게의향과 상생입비에 말련데 내의 소통상꾸 있다
p56_u70,p56,ce10.0,감행점군가는 감맹점과의 원화랑 커멸케의 향과 상생을 기에 말련데 내부 소통 상고이다
p56_u71,p56,taps,세단 공관에서는 간행점 물향의 티요한 본사 고우지 장 간행점주들의 요창사및 점주 호식등이 계제된다
p56_u71,p56,ce0.0,세단 고호간에서는 간행점 물영의 필요한 본사 고우지 장 감행점주들의 요향사우이 점주 호식등의 계제된다
p56_u71,p56,ce0.1,세단 공관의 서능 과맹점 우영의 치요한 본사 공귀 당음 과맹점주들의 유탕사음이 점주 후식등의 계제된다
p56_u71,p56,ce0.5,해달 공간에서는 감맹점 운향의 필요한 볼사 공우지 장항 감맹점주들의 요탕상우의 점줄 호식등의 대대된다
p56_u71,p56,ce1.0,해당 군간의전는 감맹점 우향의 필요함 본사 군귀 장 감맹점주불의 유탕사우이 점주 호식등이 대대된다
p56_u71,p56,ce2.0,해담 군관의 전는 감행점 우향의 피요한 분사구이 사음 감맹점주들의 요탕사이 점주 소식동인 대대된다
p56_u71,p56,ce5.0,회단 군간의 전는 간행점 우영의 필요한 본사 근우지 상 간행점주들의 유탕사우및 점주 소식등인 계제된다
p56_u71,p56,ce10.0,해단 공관에서는 감맹점 문영의 필요한 본사 공지 상 감맹점주들의 유탕상우이 점주 소식등이 계제된다
p56_u72,p56,taps,이번 계편을 점주및 둔사지건들이 원하는 동보를 더 쉽포바르게어을 수 있도록 팔리상 중대와 잡근 성용위에 추장할 맞아였다
p56_u72,p56,ce0.0,이범 계편는 점주익 분사 지건들이 원하는 동보를 더 쉽포바르게 어을 수 있도록 폐리성 증대와 적근 성용에 초자하에 맞아였다
p56_u72,p56,ce0.1,이방 계편을 잠주및 군사지건들이 원하는 정보를 더욱 쉽포바르게 얻을 수 있도록 평이상 증배와 잡근 성용이에 추자하에 맞아졌다
p56_u72,p56,ce0.5,이방 계편을 섬주및 둘사지건들이 원하는 당고를 더 시포바르게어을 수 있도록 평히상 증대와 잡근성 요의 초장해 마쳐였다
p56_u72,p56,ce1.0,이방 계편는 잠주및 분사 지건들이 원화는 동보를 더욱 쉽고반을게어을 수 있도록 향히상 증대와 잡근성 요인에 초러할 마할웠다
p56_u72,p56,ce2.0,이방 계편는 점주및 굶사지곤들이 원안는 당보를 더 쉽코발개어을 수 있도록 폐리상 중대와 접든성 용위에 초장을 마혀없다
p56_u72,p56,ce5.0,이번 계편는 점주및 분사 지건들리 원화는 동보를 더욱 1포발르게 얻을 수 있도록 편이상 증대와 접근 섬용에 추여할 마혀렸다
p56_u72,p56,ce10.0,이방 계편는 점중입 분사 지건들이 원하는 동보를 더 쉽포발르게 얻을 수 있도록 타의상 증대와 접든 섬 용에 특념할 맞아였다
p56_u73,p56,taps,보다 직건적이고 책개적이 인덮패이스을 권안한 점민 가아큰 특지입니다
p56_u73,p56,ce0.0,보다 직건적이고 책개적이 인터페이스을 그안한 점민 가잘 큰특지인니다
p56_u73,p56,ce0.1,도다 직번적이고 책개적이 인터페있스를 구안한 점민 가아확큰 특지인니다
p56_u73,p56,ce0.5,보다 지번적이고 책개적이 인터페일스를 그안한 점민 가장 큰 특빕입니다
p56_u73,p56,ce1.0,보다 직건적이고 채개적의 인터패일스를 구향한 점이 가장 큰특지이다
p56_u73,p56,ce2.0,보다 직건적이고 채개적인 인덮페있스를 구향한 점이 가장 큰 특징이다
p56_u73,p56,ce5.0,보다 직건적이고 책개적이 인터페이스를 구향한 점민 가장 큰특지입니다
p56_u73,p56,ce10.0,보다 직건적이고 태개적인 인덮페이스를 그안한 점민 가장 큰특증이다
p56_u74,p56,taps,사용자들이 각잡 피요 가태호리만 섬절의 볼 수 있도록 직접 매인 하명의 데시보들을 설자할 수 있는 기능중이 토함했다
p56_u74,p56,ce0.0,사용자절의 각잡 필요 가태 호리만 선별의 볼 수 있도록 직접 내일 하명의 데시보들을 설자할 수 있는 기농능이 토한했다
p56_u74,p56,ce0.1,사용자들이 각잡 피요화 가태고이만 섬별의 볼 수 있도록 직접 매하면의 데시부들을 설장할 수 있는 기농능에 투한했다
p56_u74,p56,ce0.5,사형자들이 작잡 피요한 카태고리만 섬별의 볼 수 있도록 직접 매인하명에 데시보들을 설정할 수 있는 기능령이 통함했다
p56_u74,p56,ce1.0,사용자들이 각자 피요한 카태오이만 선변의 불 수 있도록 직접 매인사면에 데시보들을 설장할 수 있는 기놓능이 포함했다
p56_u74,p56,ce2.0,사형자들이 각잡 피요 각태오리만 섬자의 볼 수 있도록 직접 매일 하망에 대지보들을 설장할 수 있는 기농등이 포항했다
p56_u74,p56,ce5.0,사용자들이 각자 필요한 카태오의한 상련의 볼 수 있도록 즉접 내인 하명에 대시보들을 설정할 수 있는 기농등이 풍항됩다
p56_u74,p56,ce10.0,사용자들이 각잡 피류한 카태오이만 섬변의 볼 수 있도록 직접 매인 사명의 대시보들을 설정할 수 있는 기능등이 포했다
p56_u75,p56,taps,또안 휴대본든 모발의 항강해서도 탈리하게 사용할 수 있도록 기능할 태적하했다
p56_u75,p56,ce0.0,또안 휴대품는 모발의 항강에서도 터리하게 사용할 수 있도록 기능할 태적하했다
p56_u75,p56,ce0.1,또안 휴대 돌는 모발의 항광에서도 틀리하게 타용할 수 있도록 기능할 최적하했다
p56_u75,p56,ce0.5,또만 휴대둘는 모발의 항광에서도 편리하게 사용할 수 있도록 기능할 태적하했다
p56_u75,p56,ce1.0,또한 10본든 모바의 홍강에서도 터리하게 타형할 수 있도록 기능을 태적하했다
p56_u75,p56,ce2.0,또만 휴대금는 모발의 홍강해서들 터리하게 사용할 수 있도록 기능할 폐적하했다
p56_u75,p56,ce5.0,또한 휴대불등 모발의 황광에서도 터리하게 타용할 수 있도록 기능할 채적하했다
p56_u75,p56,ce10.0,또만 현베품든어바의 홍광에서도 터내하게 사용할 수 있도록 기능을 태적하했다
p56_u76,p56,taps,그투후 감매우점 공광 대편을 통회 감메히덤과일 서통할 현취 강하하고 더 마아가 고객 먼족또 항상까지 항께 먼드어내 방치인니다
p56_u76,p56,ce0.0,두천며 가의오감공광 대편을 통회 간의의점과에 서통할 현청 간나하고 더 마하가 고객 먼족돌 항사하까지 확게 먼드어해 방치니다
p56_u76,p56,ce0.1,그춤며 가행관 공광 대천을 통에 가행점과의 소통한한 층 강하하고 더마하가 국객 먼족돌 환관까지 항께 먼드러해 방치니다
p56_u76,p56,ce0.5,교출명 감맹점공광 재편을 통에 감맹점과일 수통할 환청 강화하고 더 마아가 고객 먼족돌 향상까지 항께 먼드러낼 방칩니다
p56_u76,p56,ce1.0,그초는 감맹점 공광 계편을 통에 감맹점과일 소통할 환생 강하하고 더 나아가 국에 먼족또 향상까지 항께 먼드원낼 방칩니다
p56_u76,p56,ce2.0,두투는 가행점 공광 재편을 통해 가맹점과의 수통 한음 강하하고 더 마아가 코객 먼족또 항상까지 항께 먼드원해 방심이다
p56_u76,p56,ce5.0,교출년 가맹점 군관 대편을 통해 가행점과의 소통한 할천 강하하고 더 마하가 고객 먼족돌 항상까지 항게 먼드어내 방치인니다
p56_u76,p56,ce10.0,두투후 감맹점 군광 재편을 통해 감맹점과할 소통 할충 강하하고 더 마가 국객 먼족돌 행상까지 한께 만드어낼 방칭이다
p56_u77,p56,taps,물살실난 죽순 지키이 보사다이 은늘 유활 말까지 즉순을 해성하거나 무단 채키아의일의 되쪽 상숙함다고 208을 방켰다
p56_u77,p56,ce0.0,울사신난 즉슨 시키이 보호사다니 올래 유활 말까지 즉슨을 회공하거나 무단 세티안말의일의 직쪽 당속함다고 28에 방켰다
p56_u77,p56,ce0.1,울살실난 죽슨 지키이 봉사다이 은늘 유활 말까지 즉순을 해성하거나 무단 세취않후의일을 주즉 장속함다고 28에 반혔더
p56_u77,p56,ce0.5,울산 실날 죽슨 지키이 동사다이 오래 유활 말까지 축슨을 회황화거나 무단 태피하이를 집적 당속함다고 28을 밝혔더
p56_u77,p56,ce1.0,울사신는 죽슨 시키이 도사다이 온늘 유활 말까지 즉숨는 회사하거나 무단 패취않명 일을 비축 당수함다고 2판을 밝겼다
p56_u77,p56,ce2.0,울살실한 죽순 지키이 보사다이 온늘 유활 말까지 축순을 해평하거하 모단 채취않의의밀을 비적 당수함다고 2집 8에 밝혔다
p56_u77,p56,ce5.0,울사 신년 즉순 지키이 공사다닌 올래 요활 말까지 즉순을 해판하거나 무단 테티하의의미해기축 당수함더고 208에 달혔다
p56_u77,p56,ce10.0,울사 신날 죽순 직키이 봉사다닌 오랜 유월 말까중 죽순을 회상거나 무단 채티할라 일의 졌적 만수탄다고 28에 발혔다
p56_u78,p56,taps,앞서시한 대숙태 울타리를 세우고 죽순 체치를 분지 함다는 홍폭 기바가 형스학등한 설취했다
p56_u78,p56,ce0.0,앞서시랜 데숙태 위타리를 세우고 죽슨 체치를 분지함다면 홍폭 기바가 형숨학등할 설키했다
p56_u78,p56,ce0.1,앞서 시량데수태 일파리를 새우고 죽슨 체치를 금운지 않다는 홍폭 기다가 형측막등한 설취했다
p56_u78,p56,ce0.5,앞서시의 대수패울타리를 세우고 죽쓸 체체를 군지 않다는 훈폭 깊바가 형성학등할 혈피했다
p56_u78,p56,ce1.0,앞서시는 데수태 일타리된 세우고 죽슨 재체를 금지함다는 훈폭 집바가 형투학등한 설피했다
p56_u78,p56,ce2.0,앞서실년 데수패 일타리를 세우고 죽슨 체치를 군지함다는 훈부기바가 향성학등할 혈취했다
p56_u78,p56,ce5.0,앞서시는 데수텔 의타리를 세우고 죽순 체치를 그물지 않다는 훈보 기바가 현소학등할 혈취했다
p56_u78,p56,ce10.0,앞서시는 대수태 일탈리를 세우고 축순 체치를 금지함담는 홍복 기바가 향숨숙등할 설취했다
p56_u79,p56,taps,죽술 지행이 풍사다는 죽숨을 루단 채체 아러나 회송안을 회일을 단숙하을 남편 대숙플 방문할 시일를에게 죽성과 데랑수가치의 주인사에 대함회고도 방향한다
p56_u79,p56,ce0.0,죽순 지행일 분사다는 죽숨을 무단 셋체 않러아 회송안을 회일을 단속하을 남편 데속플 방문할 시일들에게 죽성과 데랑수가치의 중의사에 대항회고도 방행한다
p56_u79,p56,ce0.1,죽숨 지행이 분사다는 죽숨을 무단셋체 아러나 회송안을의 일을 단속하는 남편 될접을 방문할 세일들에게 죽성과 데람무스 가치에 중역사에 대안 회고도 방행한다
p56_u79,p56,ce0.5,죽순 지키의 동사다는 죽순을 무단패피 아거아 회순안을 회위를 단속하을 남편 대숙을 반문할 시일들에게 죽승과 대항 숙가치에 준하에 대항회부도 방해합다
p56_u79,p56,ce1.0,죽순 지키이 봉사다는 죽순을 무단 패티아거나 회수하는 해일을 단부하는 넘편 데수을 반문한 시일들에게 죽승과 데란 숙가치에 중스상에 대함 행부을 방해합다
p56_u79,p56,ce2.0,죽순 지키의 북사다는 죽순을 무단 채체 아로마 회송하는 행인될 단숙하는 남편 될수을 방문할 시일들에게 죽성가 데랑우습 가치에 중인 스당에 대한 혈부도 당행합다
p56_u79,p56,ce5.0,즉순 지교의 분사다는 죽순을 무단 패태아로나 회손하을 해일을 단속하는 남편 될수을 방문한 시일들에게 즉승과 데랑숙가치에 중우자에 대안 해고도 방해한다
p56_u79,p56,ce10.0,죽순 죽경의 부무사다는 죽순을 무단채피 아러마 회소하을 행위에 단속하는 남편 될수터 방문한 시인들에게 죽성과 대나무서 갇치에 중역상에 대항 행고도 방행한다
p56_u80,p56,taps,실람둘법으로 죽승을 셋치하거나 회손한 사람을 적발할 경우 향꼭 제3백 66조에따라 강약하게 되혀해 방치니다
p56_u80,p56,ce0.0,실람둘법으로 죽승을 체치하거만 회송한 사람을 적발을 경우 향법제3 606조했따라 강약하게 배혀할 방칩니다
p56_u80,p56,ce0.1,실년불법으로 죽승을 셋체하거나 해순한 사람을 적발을 경훈 향법제366조에따라 강약하게 되혀할 방치니다
p56_u80,p56,ce0.5,시한 불법으로 죽슨을 체취하거막 회손한 사람을 작발할 경우 향법에366조에 따라 강약하게 대타할 방치이다
p56_u80,p56,ce1.0,시는 불범으로 죽스는 셋치하거나 회수한 사람을 작발할 경우 향독체366조에 따라 강약하게 되통할 방칩니다
p56_u80,p56,ce2.0,시년 불법으로 죽숨을 최취하거나 해수한 사람을 적발을 경우 향곱체366조에따라 강약하게 되투할 범치니다
p56_u80,p56,ce5.0,시년 불법으로 죽숨을 최치하거나 회수한 사람을 적발을 경우 향법체366조에 따라 강약하을 되혀할 방치이다
p56_u80,p56,ce10.0,시한 들법으로 죽순을 체체하거나 해수한 사람을 적발을 겨훈 향법체366조에 따라 강약하게 대혀할 방치니다
p56_u81,p56,taps,죽술을 채체하면 구거우제 회손과 구거우제 절돌의 해당이 차화를 받는다
p56_u81,p56,ce0.0,죽슬은 새체하면 구고우제 해손과 구고우제 절또에 해당에 차화를 받는다
p56_u81,p56,ce0.1,죽숨을 채체하면 공공제 회숨과 공공제 잘또에 해당의 차화를 받는다
p56_u81,p56,ce0.5,죽순을 채체아면 공공제 회손과 공공제잘도의 해당에 처화를 받는다
p56_u81,p56,ce1.0,죽숨을 태피하면 공공제 회손과 공공대 될또에 해당에 처버를 받는다
p56_u81,p56,ce2.0,죽숨을 채체하면 구고우제회손과 궁구우제 될또에 해당에 차화를 받는다
p56_u81,p56,ce5.0,죽순을 채피하면 궁고울의 회손과 궁고우의 잘도에 해당에 처화를 받는다
p56_u81,p56,ce10.0,죽순을 채체하면 궁공제 회손과 공공제 절도에 해당에 처버를 답는다
p56_u82,p56,taps,태각간 국가정원에 대수둔 태화지구와 사모지구의 향상되하 있으며 향물제 왕우데 능중울즉 오즉 고갑즉등 다야한 태나으과 분포되어 있다
p56_u82,p56,ce0.0,태화간 국가정원에 대수둔 태화지구와 사무지구의 향성되하 있으며 황문재 완우대 맹종울즉 오즉 고갑즉등 다야한 태나무과 분포되어 있다
p56_u82,p56,ce0.1,패화간 국가점음을 대습은 태화직구와 사무지구의 향상되해 있으며 항재 왕오데 능종물즉 우즉 구갑즉등 다야한 태나무과 분포되어 있다
p56_u82,p56,ce0.5,태화한 국가적원을 대숙은 태화직구와 사모지구를 항광배어 있으며 황재 왕우에 능중우즉 우즉 구값즉병 다양한 데나무과 분프되어 있다
p56_u82,p56,ce1.0,태화한 국가저원의 대수통 태화지구와 삼무지구의 형상되어 있으면 향운재 음몸데 맹종우즉 오즉 구값즉등 다양한 데나무가 분포배어 있다
p56_u82,p56,ce2.0,태락은 국거정문의 대수은 태화지구와 3무지구의 향성되어 있으며 향운대 왕원데 능종무즉 오즉 구갑즉등 다양한 테람무가 분포되어 있다
p56_u82,p56,ce5.0,태화한 국가정험에 대숙은 태화지구와 사무지구의 향상되어 있으며 황재 왕원데 능조올즉 오즉 구갑즉등 다양한 테나무과 분포되어 있다
p56_u82,p56,ce10.0,태우은 국가정험의 대수토 태와지구와 사모지구의 홍상되어 있으면 향재 몸데 맹종을즉 우즉 코값즉병 다양한 태나무가 분포되어 있다
p56_u83,p56,taps,군산할서 책고 뒤산땅원 수송더으로때맞트 부질로 제곱미터당 290만 사찬원으로 나타났다
p56_u83,p56,ce0.0,군산에서 책고 비산땅원 수성으도 우로때맞트 부지로 재공이터당 290만 4차원으로 나타났다
p56_u83,p56,ce0.1,근찬에서 책고 뒤산땅원원 수성도우로때맞트 부질로 체공미터당 290만 사차원으로 나타었다
p56_u83,p56,ce0.5,군산에서 체고 비산땅원 수손으도을로때맞트 부지로 제금및터당 290만 사찬원으로 나타났다
p56_u83,p56,ce1.0,군산에서 태고비산땅문 세송동으로때맞트 그질로 제금 미터당 29심만 사타원으로 나타났다
p56_u83,p56,ce2.0,군산에서 채고비산땅 물수소으도 놓때맞트 부디로 제공이터당 29심만 사타원으로 나타났다
p56_u83,p56,ce5.0,군찬에서 책고빛산땅은 수성동으로때나트 부지로 책공이터단 21 구심만 사찬원으로 나타었다
p56_u83,p56,ce10.0,군사해서 책각비한땅을 수숨으도 울로때맞트 부질름 책금미터당 290만 사찬우으로 나타었다
p56_u84,p56,taps,또한 최작가트리는 인핑양 보성의 소재 승황은 부지로 제금및터다 20인120번으로 확인했다
p56_u84,p56,ce0.0,또한 체작과질일년 인피량 부성리 소재 순화원 부지로 재공리터다 202대20번으로 하인냈다
p56_u84,p56,ce0.1,또한 최적과뒤는 일피양 부섬이 소재 승우는 부지로 재금및터다 2220번으로 확인됩다
p56_u84,p56,ce0.5,또안 최작가진는 일피년 부섬의 소재 순활원 부지로 제금믿터당 20220월러 확인됩다
p56_u84,p56,ce1.0,또한 최접가뒤는 일핑양 부석울이 소된 수화원 부질로 제금믿터다 2022집번으로 하견됩다
p56_u84,p56,ce2.0,또한 철작과뒤는 일피양부음의 소재 수문문 부지로 제금이터당 2062집번으로 하견됩다
p56_u84,p56,ce5.0,또한 철작가주는 인피년 부섬의 소죄 승화원 부질로 제금이터다 20220번으로 하견했다
p56_u84,p56,ce10.0,또한 체작가뒤는 인필년 부섬의 소죄 순능는 소지로 제금이터당 2220번으로 하견했다
p56_u85,p56,taps,이 같은 사실은 208의 근환시가 222양 1란 1의 기준으로 사용될 개별 공식직가 결짝 궁구시 발혀에서 발혀롭다
p56_u85,p56,ce0.0,이 같은 사실은 208일 군산시가 222년 1할 1의 기준으로 사용데 개별 공시집과 결장 군드시 발혀에서 발혀졌다
p56_u85,p56,ce0.1,이 같은 사시들 208일 공관시가 222년 1할 1의 기음으로 사용될 개별 공시직가 결장 궁구시 발혀에서 발혀졌다
p56_u85,p56,ce0.5,이 같은 사시든 208일 굴환시가 222년 1란 1의 기증으로 사형우될 개별 공시직가 결정 국으이 발풀에서 잘혀졌다
p56_u85,p56,ce1.0,이 갑은 사시은 2집8일 군한시가 2122년 11 1의 기즈으로 사용될 개별 공우시직과 결정 국으시 발표에서 발혀졌다
p56_u85,p56,ce2.0,이 값은 사실은 208일 군산시가 2612년 1란 1의 기준으로 사용데 개별 궁시직가 결장 구르시 발혀에서 발혀졌다
p56_u85,p56,ce5.0,"이 같은 사실은 208일 군산시가 2,2위년 1란 1의 기중도 사용데 개별 금시직과 결장 궁구이 발표에서 발혀졌다"
p56_u85,p56,ce10.0,"이 같은 사실은 28일 군한시가 2,22년11 1의 기즈으도 사용될 개별 궁시직과 결정 궁으이 발표에서 발혀었다"
p56_u86,p56,taps,19 31232피질을 배성으로 시행된 계별 구으시지간는 토제 관량국생이 지방세와 각종 부담금 통의 구쳐자르로 하륭된다
p56_u86,p56,ce0.0,"1건월 3,232필질을 배성으로 시행된 개별 국으시직간는 토제 별령국센이 지방세와 각종 부담금통의 구쳐자르로 하용된다"
p56_u86,p56,ce0.1,"1금할 3,2327질을 배성으로 시혜된 개별 구으시지간는 토지 관령국센 2치 방세와 각종 부담금통의 규쳐자르로 환능된다"
p56_u86,p56,ce0.5,1금할 섬2327질을 배성으로 시혜된 개별 9우시직간을 토제 관령북신이 지방세와 각종 부담근의 등해 기표자요로 하용된다
p56_u86,p56,ce1.0,1금한 섬12327질일 배선으로 시행된 개별 9으시비간는 포대 관령국센및 지방세와 각종 보담금 통의 규초자려로 하용면다
p56_u86,p56,ce2.0,19 3상632패7일 배상으로 시획몸 개별9시직간을 토제 관형국생입 지방세와 각종 보담금통의 그쳐자려로 하용낸다
p56_u86,p56,ce5.0,1동할 선찰232패질을 배선으로 시몇 개별 구우시지간는 토제 관련국센 입 지방세와 각종 부담금통의 기초자요로 하용된다
p56_u86,p56,ce10.0,193차23277일 배성으로 시행된 개별 무시지간을 토제 관령국센및 지방세와 각종 보담금 통의 규표자요로 하능면다
p56_u87,p56,taps,신랑 될정된 직가를 1찬 의몇도 주의센터 부동상 국구시 가야 갈리이 사이트를 통해 제공한다
p56_u87,p56,ce0.0,시력 결정된 직가를 1태학 입몇도중의 센터 부동산 국구시가여 갈리이 사이트를 통해 제공한다
p56_u87,p56,ce0.1,신랑 결정된 직가를 시찬 의몇도 주의 센터 부동상 국구시가여 갈림이 사이트를 통해 제공한다
p56_u87,p56,ce0.5,"신난 결점된 직가를 1,의몇도로 출인 순터 부동상 국구시가좌 관림이 사이트를 통해 제공합니다"
p56_u87,p56,ce1.0,시는 결점된 직가을 10의몇도로 주인센터 부동상 국구시가여 관림이 가이트를 통해 제공한다
p56_u87,p56,ce2.0,실행 결정된 직가을 시청 입년도 중의 은터 부둥상 국구시가여 간림이 사이트를 통해 제고한다
p56_u87,p56,ce5.0,실험 결정된 직가을 1평익몇도 중의 준터 부동상국구시가여 관림이 사이트를 통해 제공한다
p56_u87,p56,ce10.0,신앙 결정된 직가를 10의몇도 중의순터 부동상 국구시가여 관림이 사입트를 통해 제공합니다
p56_u88,p56,taps,지가의 이가 일는 토지 소유자는 오는 5활 301까지 시창 토제정복과 음 연동 주의센터에서 이신창할 받는다
p56_u88,p56,ce0.0,집가의 이에가 일는 토지 소유자는 오는 5활 301까지 시창 토제정복과 음연도 주의센터에서 이신청할 받는다
p56_u88,p56,ce0.1,직가의 이가 있는 토지 소유자는 오는 5활 301까지 시창 토지 정복과 음면동 중의센터에서 이 신창할 받는다
p56_u88,p56,ce0.5,지가의 이위가 있는 토피소류자는 오는 오활 3십1까지 식창 토베정복과  응면도 주의셀터에서 2신 창할 담면다
p56_u88,p56,ce1.0,지간에 이가 있는 토지소유자는 오는 오활 3십1까지 1창 토제정복과 음면동 주의센터에서 이기신 청할 받는다
p56_u88,p56,ce2.0,지가의 이가 일는 토제 소유자는 오는 오활 3십1까지 1창 토제장복과 음면도 증의질터에서 2실청할 받는다
p56_u88,p56,ce5.0,직가에 이이가 있는 토기 소유자는 오는 오활 3십까지 1청 포제정복과 음면동 주의센터에서 2위신청할 받는다
p56_u88,p56,ce10.0,직가의 이가 있는 토지 소유자는 오는 오활 301까지 1청 토제점으복과 음몇동 중일순센터에서 이기신처랑할 받는다
p56_u89,p56,taps,이 신상서가 재출된 토진년 국토 그통부 지장 감정 상가사에 정류에 검정하 거힌다
p56_u89,p56,ce0.0,이 실성서가 재칠된 토질년 국토 교토움부 지장 감정 탕가사에 정매 검정하 거힌다
p56_u89,p56,ce0.1,이 신성서가 재출된 토주한 국토 그통부 지장 감정 탕가사에 정류에 검증할 거힌다
p56_u89,p56,ce0.5,이 신성서가 되출된 토지난 국토 그통부 지장 감정 창가사에 장류에 검증하 거힌다
p56_u89,p56,ce1.0,이신선포가 재출된 토지는 국토 교통부 지당 감정 탕가자에 정미 검중할 거힌다
p56_u89,p56,ce2.0,이 신천포가 되칠된 토진난 국토 교통부 지장 감정 탕가자에 정물 검정하 거힌다
p56_u89,p56,ce5.0,이1선포가 재출된 토지는 국프 교통움부 지장 감정 탕가사에 정매에 검중할 거힌다
p56_u89,p56,ce10.0,이 신청서가 대출된 토지는 국토 교통우부 지장 감정창가자에 정밀 검정할 거힌다
p56_u90,p56,taps,찬례에서 토지 특상의 상세인 하긴후 부동상 가격 9 위에 1의 재차를 발바 오늘 6월 2참매까지 차리후 결가를 계별 통지된다
p56_u90,p56,ce0.0,편제에서 토지 특상의 상세에 하긴후 그도한 가에 고시 위원회의 1의 1찰를 발바 오는 유월 2참했까지 차리후 결가를 계별 통지된다
p56_u90,p56,ce0.1,현제에서 토지특성의 창세인하김 후 부종탕과의 9실 유원회의 시의 될차를 발바 오는 6월 2참까지 차리후 결가를 계별통지된다
p56_u90,p56,ce0.5,현제에서 포질특상을 상세인하긴후로 부도우상가격 군식 위원해에 1위 될차를 발바 올 6월 2집참까지 처리고 결가를 계별 통지된다
p56_u90,p56,ce1.0,현제에서 포되특성할 창세의 하긴후 부동탕가의 군시 위험에에 시의 될차를 발박 오는 6월 23까지 차리후 결가를 계별통제된다
p56_u90,p56,ce2.0,현제에서 토제특성할 상세인하경후 부동항가격 9시 위원내의 시의 될차를 발바 오는 6월 2참을까지 차리후 결가를 개별통지된다
p56_u90,p56,ce5.0,현제에서 토제특상할 상세인하기수 부동 탕 가격9우실 위환해에 시의 될차를 발바 오늘 유월 2지 참했까지 차리후 결가를 개별 통지된다
p56_u90,p56,ce10.0,현제에서 토제특숨말 상생인하긴 후 부음한가의 9시 위험에의 시의 될차를 발바 오는 6월 23까지 차류소 결가를 개별 통제된다
p56_u91,p56,taps,둘날지 토지 정복과 길장습과장을 시일를의 재상과 밀접된 망큼 시일를의 의견 청치와 수량해 만전에 기하겠다고 말했다
p56_u91,p56,ce0.0,둘날지 토지 정복과 경장습가장원 시일들의 재상과 밀접된 망큼 시일들의 의견 청치와 쓰량해 만점에 기하겠다고 말했다
p56_u91,p56,ce0.1,둘날지 토지정복과 결장습가장은 시밀들의 재상과 밀접된 망평 시일들의 의견 청취와 쓰량에 만전에 귀약겠다고 말했다
p56_u91,p56,ce0.5,군환시 토비장복과 긴장수과장을 시일들의 제상과 밀접변 멍큼 시일들의 의견 통취와 소향에 만점에 기하겠다고 말했다
p56_u91,p56,ce1.0,군난지 토디장복과 긴장서가장은 시밀들의 재상과 밀접된 망큼 시일들의 의견 창치와 쓰량에 만점을 기하겠다고 말했다
p56_u91,p56,ce2.0,군환지 토지장복과 긴장서과장은 시인들의 재상과 밀접된 망큼 시인들의 의견 청취와 수냥의 만점에 귀하겠다고 말했다
p56_u91,p56,ce5.0,군환시 토지장복과 긴장습가장은 시일들의 재상과 밀접된 만큼 시일들의 의견 청치와 수량해 만전에 기하겠다고 말했다
p56_u91,p56,ce10.0,군한시 터지정복과 군장서과장을 시민들의 재상과 밀접된 멍큼 시민들의 의견 청취와 수향의 만점에 피하겠다고 말했다
p56_u92,p56,taps,앞추로 글로자 스스로 일하는 시간이나 장소를 타약적으로 도정할 수 있게 대 점망이다
p56_u92,p56,ce0.0,앞프로 글로자 스쇠로 일하는 시간이나 장소를 타약적으로 두정할 수 있게 대 점망이다
p56_u92,p56,ce0.1,앞표로 글로자 스스로 일하는 시간이나 당소를 타약적으로 두정할 수 있게 대 점망이다
p56_u92,p56,ce0.5,앞프로 글로자 스술로 일하을 시간이나 당소를 타약적으로 두정할 수 있게대 점막이다
p56_u92,p56,ce1.0,앞으로 글로자 스스로 일하는 시간이나 장소를 타약적으로 도정할 수 있게대 점막이다
p56_u92,p56,ce2.0,앞으로 글로자 스스로 일하는 시간이나 당소를 탈약적으로 두정할 수 있게대 점막이다
p56_u92,p56,ce5.0,앞으로 그로자 스쇠로 일하는 시간이나 장소를 타약적으로 두정할 수 있게대 점망이가
p56_u92,p56,ce10.0,앞으로 글로자 스스로 일하는 시간이나 장소를 타약적으로 두정할 수 있게대 전망이다
p56_u93,p56,taps,당분을 식력일 장부타올 창사하에서 강계부터 장관 합동 돌리티한 열고 이 같은 네용 담긴 세정부 강우제 정책 당항할 발표했다
p56_u93,p56,ce0.0,당분을 신력일 장부터올 창사에서 관계부터 장관 합동으 버립키하 열고 이 값을 내용 담긴 세점어 강제 정책 당항할 발혀했다
p56_u93,p56,ce0.1,당부을 식력일 잠부타올 창사하에서 강계북쳐 잠관 합동 두립피한 열고 이 같은 내용의 담긴 세장부 경제정책 당항할 발혀했다
p56_u93,p56,ce0.5,당부을 신력일 당부사올 창가에서 관계부처 장관 합동 드리티을 열고 이값을내용이 담긴 세점부 감무제점책당항할 발혀했다
p56_u93,p56,ce1.0,당본을 시협일 당부토올 창반에서 관개부터 장관 합동도리티하 열고 이 같은 내용은 담긴 세점보 경대 장책 당항할 발혀했다
p56_u93,p56,ce2.0,정군을 실력일 점부투올 창사에서 강개북쳐 잠관 합던 부리끼할 열고 이같은 네용이 담긴 세정부 경우대 점책 방항할 발표했다
p56_u93,p56,ce5.0,정분을 시역일 점부초을 창사에서 관계부여 장관 합던 부리경할 열고 이 값은 내형이 담긴 세정부 경제 정책 방항할 발표했다
p56_u93,p56,ce10.0,당군을 심력일 정부청을 창사에서 강개부터 장관 합동 드리티할 열고 이값은 내용이 담긴 세정부 경제정책 당안할 발표했다
p56_u94,p56,taps,율석일 중분을 그변하는 노동시장 항경해 바혀 그동안 다인트식스로 회개 당이 없던 글로시간을 개판하에 가는 방침이다
p56_u94,p56,ce0.0,일속을 중분은 그변하는 노독시단 항경해 마혀 그동안 다인트식스로 회개적이 없더 글로시간을 계편하겠다면 방침니다
p56_u94,p56,ce0.1,밀속일 준부은 극견하는 노동시장 항경에 마혀 그동안 다인트식스로 해개적이 없던 글로시간에 계편하겠다면 방티이다
p56_u94,p56,ce0.5,율석일 전부은 그변하는 노동시당 항경에 마쳐 그동한 떠행 틀식스로 회개 정이 없던 글로실간을 계편하겠다면 방치이다
p56_u94,p56,ce1.0,일석을 점분을 그변하는 노동시당 황경에 마혀 그동안 다인틀찍스로 해개정이 없던 글로시간을 개혀망겠다면 방치이다
p56_u94,p56,ce2.0,율석일 준분은 그변하는 노동시당 항경에 마혀 그동안다인 틀식스로 회개당이 없던 들로시간에 개평하겠다는 당치이다
p56_u94,p56,ce5.0,일석일 조부는 그변하는 노독시장 항경에 마쳐 그동안 다인틀식스로 해개적이 없던 글로시간을 개통하겠다는 당치이다
p56_u94,p56,ce10.0,일석일 정부 그변하는 노동시장 홍경에 마혀 그동안다인틀식스로 회개정이 없던 글로시간날 계평하겠다는 당침니다
p56_u95,p56,taps,먼저 기종과 같이 주52 간제트에혀 일양굴로의 할선하을 추질나는등 울량 당법과 이행수단낼 사차 계상하기록했다
p56_u95,p56,ce0.0,먼저 기조훈가 같이 주52 간제트에혀 일양글로의 할사하을 추세랑는등 울량방법과 이행수단을 사타 계성하기로 했다
p56_u95,p56,ce0.1,먼저 기종과 같이 주 52c 간제트레혀 일양굴로의 할선말을 추질나는등 은냥 방법과 이행수단낼 사차 계상하기로 했다
p56_u95,p56,ce0.5,먼저 기종과 같이 출 52c간제틀에서 일글로의 할선하을 추센하문등 음냥당법과 이영수단낼 사타 계상하기로 했다
p56_u95,p56,ce1.0,먼좌 기조가 같이 주 52c간대 트에서 일양글로데 할선말을 추질나는드 은냥 당법과 이영스단에 차타 배상하기로 했다
p56_u95,p56,ce2.0,먼좌 기종과 같이 주 오1vc간재트에서 일양굴로대 할선말을 추체하는등 은향 당법과 이향수단을 찾찬 계선하기로 했다
p56_u95,p56,ce5.0,먼족 기종과 같이 주 52c간대트에서 이영글로대 할상하을 추센하는등 음냥당법과 이영수단에 찾타 계상하기로 했다
p56_u95,p56,ce10.0,먼저 기종과 같이 주 52c관제트에서 이향글로대 할성말을 추신하는등 의향 방법과 이영수 단낼 사탄 괴상하기로 했다
p56_u96,p56,taps,이를 위에 초아 연장 글로시간을 저측하는 글로시간 저측 개자대 도입을 추진하고 연장 글로시간 초요양하 갈리하는 다이 하때에 나섬다
p56_u96,p56,ce0.0,이를 위해 초아 연장 글로시간을 저측하는 글로시간 저척 개자대 도입을 추진하고 연장 글로시간 초망하 갈리하는 다의 할때에 나섬다
p56_u96,p56,ce0.1,이를 위에 초아 연장 글로시간을 저측하는 글로시간 저측 개자대 도입을 추진하고 연장 글로시간 충향하 갈리하는 다의 학대에 나범다
p56_u96,p56,ce0.5,이를 위해 초화 연장 글로시간을 저축하늘 글로시간 저축 개자대 도입을 추진하고 연장 글로시간 충야할 관리하는 다닌 학대해 나선다
p56_u96,p56,ce1.0,이를 위해 초화 연장 글로시간을 저축하는 글로시간 저투 개자대 두입을 추진하고 연장 글로시간 총향할 갈리하는 다닌 학대해 나본다
p56_u96,p56,ce2.0,이를 위해 초아 연장 글로시간을 저축하는 글로시간 도투 개자대 두입을 추진하고 연당 글로시간 통향을 관리하는 다닌 학대해 나범다
p56_u96,p56,ce5.0,이를 위해 초화 연장 글로시간을 저측하는 글로시간 조측 개자대 도입을 추센하고 연장 글로시간 총향할 관리하는 다닌 학대해 나본다
p56_u96,p56,ce10.0,이를 위해 처와 연정 글로시간을 저측하을 글로시간 저척 개자대 도입일 추신하고 연정 글로시간 총량을 관리하는 다의 학배해 나혼다
p56_u97,p56,taps,예를 들어 온늘 다퍼시간 등모했다면 내의 열시간 하는 시으로 주52시간 내에서 이안하게 일할 수 있게 되는 생이다
p56_u97,p56,ce0.0,예를 들어 온늘 다퍼시간 금모했다면 내의 1시간 하는 시으로 주52시간 내에서 이양하게 일할 수 있게 된을 생니다
p56_u97,p56,ce0.1,예를들어 온늘 다서시간 금모했다면 내의 열시간 하는식으로 주52시간 내에서 유향하게 일할 수 있게 된한 생니다
p56_u97,p56,ce0.5,예를 들어 오늘 다섯시간 금모했다면 내의 열시간 하면 시으로 주 52시간 내에서 일현하게 일할 수 있게 되는 셈이다
p56_u97,p56,ce1.0,예를들어 오늘 다고시간 금무화했다면 내의 열시간 하는 식으로 주52시간 매에서 유현하게 일할 수 있게 된을 행이다
p56_u97,p56,ce2.0,예를 드어 오늘 다버시간 금화했다면 내의 열시간 하는식으로 주52시간 매에서 일량하게 일할 수 있게 된는생이다
p56_u97,p56,ce5.0,예를들어 온늘 다아시간 금화했다면 레의 열시간 하늘 식으로 주 오2시간 내서 유향하게 일할 수 있게 되는 생이다
p56_u97,p56,ce10.0,예를들어 온늘 다아시간 금모했다면 내의 열시간 하는식으로 주52시간 매에서 일람하게 일할 수 있게 변는 생이다
p56_u98,p56,taps,또 장분을 선택적 글로시간질 장상 기감도 들려 이영그로째 학산에 나석겠다는 개획이다
p56_u98,p56,ce0.0,또 정군은 선백적 글로시간들 정상 기감도 들려 이영 글로째 학환에 나석겠다는 계획이다
p56_u98,p56,ce0.1,또 장분은 선백적 글로시간죄 정상 기감도 들려 이영글로질 학산에 나석겠다는 계획이다
p56_u98,p56,ce0.5,또 당부을 컴백적 글로시간들 장상 기감도 들려 이영글로죄 학산에 나석했다는 배획이다
p56_u98,p56,ce1.0,또 당분을 혼백적 그로시간들 장상 기감도 물려 의영글로질 학산에 나석겠다는 계획이다
p56_u98,p56,ce2.0,또 당분을 선택적 글로시간데 당상 기간도 밀려 이영 글로질 학산에 나석겠다는 계획이다
p56_u98,p56,ce5.0,또 당부은 선택적 글로시안들 정상 기감도 늘려 이영글로질 학산의 나석겠다는 배획이다
p56_u98,p56,ce10.0,또 정분은 선백적 글로시관대 정상기감도 들려 이영그로질 학산에 나석겠다는 개획이다
p56_u99,p56,taps,스타투아비나 전물직의 글로시간 우향에 대한 애름사도 해서하겠다고 정부측간 사명했다
p56_u99,p56,ce0.0,스타투아비나 전물직의 글로시간 올향에 대한 애름 사항도 해서하겠다고 정부측간 살명했다
p56_u99,p56,ce0.1,스타투u비나 전문직의 글로시간 오망에 대한 애름사도 해서하겠다고 당부측은 살명했다
p56_u99,p56,ce0.5,스카투아비나 전물중의 글로시간 운향해 대한 애루상로 해조하겠다고 당부측은 살명했다
p56_u99,p56,ce1.0,카트어비나 더문직의 글로시간 우명의 배한 애롱사항도 해소하겠다고 정부측은 8명했다
p56_u99,p56,ce2.0,스며투업이나 더물직의 글로시간 운향의 대한 애롱사항도 해소하겠다고 점부측간 사명했다
p56_u99,p56,ce5.0,스타투비나 전물직의 글로시간 우냥에 대한 애름사항도 해소하겠다고 정부측간 살명했다
p56_u99,p56,ce10.0,스타투업이나 전문직의 글로시간 운향에 대한 애로사도 해소하겠다고 정부측은 사명했다
p00_u00,p00,avg_taps_ce0.0,두산시는 7일 5 시민들이 안전하게 대중규통을 이용하기 위에 대중교통 훈잡도 안정관리 대책 회일를 열부 정책 던업에 나섰다
p00_u00,p00,avg_taps_ce10.0,부산시는 7일 5우 시민들이 안전하의 데중규통을 이용하기 위해 대중교통 훈잡도 안정관리 대책 회일를 열고 정택 경업에 나었다
p00_u00,p00,avg_ce0.0_ce10.0,부산시는 7일 5우 시민들이 안전하게 대중규통을 이용하기 위해 대중교통 훈잡도 안정관리 대책 회일를 열고 정책 경업에 나었다
p00_u01,p00,avg_taps_ce0.0,인날 수 이는 시 부상 교통 공사 흰에 마흘 법스 운송 사업 조합등이 참석해 안전 확고 추진 상항 정공과 안정 관리 강화 방안을 함께 모색겠다
p00_u01,p00,avg_taps_ce10.0,인날 회 이는 시 부상 교통공사 티내 마을 버스 운송 상업 조합등이 참석해 안전 확보 추진 상학 경공과 안정 관리 강화방안을 함께 모색겠다
p00_u01,p00,avg_ce0.0_ce10.0,인날 회 이는 시 부상 교통공사 신에 마을 버스 운송 상업 조합등이 참석해 안전 확보 추진 성항 정금과 안정 관리 강화방안을 함께 모색겠다
p00_u02,p00,avg_taps_ce0.0,도시출또는 정원12명인 항한 찬랑의 18명의 탐승했을 경우 혼잡한 상태로 승무원에 관리가 필요하다
p00_u02,p00,avg_taps_ce10.0,도시출또는 정원120명인 항한 찬랑의 18명의 탐승했을 경우 혼잡한 상태로 승무원에 갈리가 필요하다
p00_u02,p00,avg_ce0.0_ce10.0,도시출또는 정원12명인 항한 찬랑의 18명의 탐승했을 경우 혼잡한 상태로 승무원에 관리가 필요하다
p00_u03,p00,avg_taps_ce0.0,부산시는 출태근시간 폐제 승관 혼잡도가 백2퍼 4 수준으로 수족권과 달리 승차의 크에 어려움을 겪지 않는 수준해서 안전하게 관리되고 있다
p00_u03,p00,avg_taps_ce10.0,부산시는 출태근시간 최대 순관 혼잡도가 백20퍼 내 수준으로 수족공과 달리 승차의 크게 어려움을 격지 않는 수준에서 안전하게 관리되고 있다
p00_u03,p00,avg_ce0.0_ce10.0,부산시는 출태근시간 최제 숨관 혼잡도가 백20퍼 내 수준으로 수족공과 달리 승차일 크에 어려움을 겪지 않는 수준에서 안전하게 관리되고 입다
p00_u04,p00,avg_taps_ce0.0,시는 책금 비키s 공욕과 같이 일시적으로 훈잡도 상승이 예상되는 행사는 빙차 추가 투입 무정차 운행등으로 혼잡도를 해소하기로 했다
p00_u04,p00,avg_taps_ce10.0,시는 책금 비키에을 공욕과 같이 은시적으로 훈잡도 상승이 예향되는 행사는 빈차 추가 투입 우정차 운행등으로 훈잡도를 해소하기로 했다
p00_u04,p00,avg_ce0.0_ce10.0,시는 책은 비키에스 공역과 같이 은시적으로 훈잡도 상승이 예상되는 행사는 빙차 추가 투입 우정차 운행등으로 훈잡도을 해소하기로 했다
p00_u05,p00,avg_taps_ce0.0,또 현제 우역되고 있는 부상 교통 공사 운행 관재의 현장 주이 매유월등 발련 매유월을 점년 제검점에 안정관리를 기속적으로 해나갈 방칩니다
p00_u05,p00,avg_taps_ce10.0,또 현제우역되고 있는 부상 교통 공사 운행 관재 현장 조이 매유월등 발련 매유월을 점면 재검점에 안정관리를 기속적으로 해나갈 방힘니다
p00_u05,p00,avg_ce0.0_ce10.0,또 현제우역되고 있는 부상 교통 공사 운행 관재 현장 주이 매유월등 발련 매유원을 점년 재검점에 관정관리를 기속적으로 해나갈 방칩니다
p00_u06,p00,avg_taps_ce0.0,시의 말을 법스는 출택은 시간때 일부 노선을 제외하고는 대부분의 노선이 훈잡도가 나자 편제는 승하차의 어려움 없이 안전하게 관리되고 있다
p00_u06,p00,avg_taps_ce10.0,신의 마을법스는 출택은 시간때 일부 노선을 제외하고는 대부분의 노선이 훈잡도가 나자 현제는 승하차의 어려우 없이 안전하게 관리되고 있다
p00_u06,p00,avg_ce0.0_ce10.0,친의 마을법스는 출택은 시간때 일부 노선을 제외하고는 대부분의 노선이 훈잡도가 나자 현제는 승하차의 어려우 없이 안전하게 관리되고 있다
p00_u07,p00,avg_taps_ce0.0,아으로 시는 2028년 하방기 중 사차택그 의무제를 도입에 버쓰의 제차 인원 정보를 파학히 닻승 인원을 실시간 수집할 계획이다
p00_u07,p00,avg_taps_ce10.0,앞으로 시는 2023년 하방기 중 사차택그 의무제를 도입에 버스의 제차 인원 정보를 파학히 탐승 인원을 실시간 수집할 계획이다
p00_u07,p00,avg_ce0.0_ce10.0,아으로 시는 2024년 하방기 중 사차택그 의무제를 도입에 버스의 제차 인원 정보를 파학히 탐승 인원을 실시간 수집할 계획이다
p00_u08,p00,avg_taps_ce0.0,일를 통에 뻗스의 혼잡도 정보를 뻗스 정보 안내후 쯤마본 등을 통해 이용시민들에게 제공할 계획이다
p00_u08,p00,avg_taps_ce10.0,일를 통해 버스의 혼잡도 정보를 버스 정보 안내기 쯤마혼 등을 통해 이용시 민드에게 대공할 계획이다
p00_u08,p00,avg_ce0.0_ce10.0,일를 통해 버스의 혼잡더 정보를 버스 정보 안내귀 쯤마혼등을 통해 이용시 민드에게 제공할 계획이다
p00_u09,p00,avg_taps_ce0.0,원주시는 19일5 호조면 3년이 7봉폐육 공원에서 섬강 자장남무숙 둘레길 계통식을 계체했다
p00_u09,p00,avg_taps_ce10.0,원주지는 19일5호조면 산년리 7봉폐우 공원에서 섬강 자장남무습 둘레길 계통식을 계체했다
p00_u09,p00,avg_ce0.0_ce10.0,원주시는 19일5호조면 산년리 칠봉태우 공원에서 섬강 자장남무습 둘렉길 계통식을 계체했다
p00_u10,p00,avg_taps_ce0.0,인날 계통된 사정5k로m터 질모의 둘레길은 대크결과 쉽의 공관을 비롯에 수령 30년 이상의 자장나무가 굴락을 이르고 있는 수등을 갖추고 있다
p00_u10,p00,avg_taps_ce10.0,이날 계통된 사정5k로m터 규모의 둘레길은 택끗결과 수의 공관을 비롯에 수령 30년 이상의 자장나무가 굴락을 이르고 있는 술등을 갖추고 있다
p00_u10,p00,avg_ce0.0_ce10.0,인날 계통된 사점5k로m터 규모의 둘렉길은 택끗결과 수의 공관을 비롯에 수령 30년 이상의 자장나무가 굴락을 이르고 있는 술등을 갖추고 있다
p00_u11,p00,avg_taps_ce0.0,7봉 체육 교원에서 출발에 성강을 따라 거는 택끗 길에는 들판과 강히 어으러진 풍광을 망기할 수 있다
p00_u11,p00,avg_taps_ce10.0,7봉 체육 교원에서 출발에 성강을 따라 거는 택끗길에는 들판과 강히 어으러진 풍광을 망기할 수 있다
p00_u11,p00,avg_ce0.0_ce10.0,7봉 체육 경원에서 출발에 성강을 따라 거는 택끗길에는 들판과 강히 어으러진 풍광을 망격할 수 있다
p00_u12,p00,avg_taps_ce0.0,이어 잔남무 수을 지하면 고디어 음픽 자태를 뿐내는 자장남무 굴라기 나타한다
p00_u12,p00,avg_taps_ce10.0,이어 잔남무 스을 지하면 고디어 음픽 자태를 뿐내는 자장남무 굴락기 나타한다
p00_u12,p00,avg_ce0.0_ce10.0,이어 잔남무 스을 지하면 고디어 음픽 자태를 뿐내는 자장남무 굴락기 나타한다
p00_u13,p00,avg_taps_ce0.0,원주시는 관광객들에게 세로운 불거리를 제공하기 위해 성광 다장남무습 둘레끼에 다양한 주재의 수을 추가 조성하기로 했다
p00_u13,p00,avg_taps_ce10.0,원주시는 광광격들에게 세로운 불거리를 대공하기 위해 성광 다장남무습 둘레끼에 다양한 주재의 수을 추가 조성하기로 했다
p00_u13,p00,avg_ce0.0_ce10.0,원주시는 광광격들에게 세로운 불거리를 제공하기 위해 성광 다장남무습 둘렉길에 다양한 주재의 수을 추가 조성하기로 했다
p00_u14,p00,avg_taps_ce0.0,원창막 원주 시장은 피학산 둘렉길 속금 산 그렌드 벨리 등과 영기한 광광 프로그움을 우영하는 방함도 옮토하고 있다고 말했다
p00_u14,p00,avg_taps_ce10.0,원창북 원주 시장은 피학산 둘렉길 속금산 그렌드 벨리 등과 영기한 광강 프로그램을 우영하는 방함도 옮투하고 있다고 말했다
p00_u14,p00,avg_ce0.0_ce10.0,"원창목 원주 시장은 피학산 둘렉길 속금산 그렌드 벨리 등과 영기한 광강 프로그램을 우영하는 방함도 옮투하고 있다""고 말했다"
p00_u15,p00,avg_taps_ce0.0,앞서 원주지는 지난의 오월 139자 미필로m터의 달라는 지학산 둘렉길 연랑기코을 정구간을 계통했다
p00_u15,p00,avg_taps_ce10.0,앞서 원주시는 지난의 오월 백39자미k로m터의 달라는 지학산 둘렉길 연랑기코을 정구간을 계통했다
p00_u15,p00,avg_ce0.0_ce10.0,앞서 원주시는 지난의 오월 139자미k로m터의 달라는 지학산 둘렉길 연랑기코을 정구간을 계통했다
p00_u16,p00,avg_taps_ce0.0,이는 등산로 색길 인도 듣길 옛길 마학길등 기존의 길을 영겨라고 새로운 길을 내어 다음은 도보 여행 끼리다
p00_u16,p00,avg_taps_ce10.0,이는 등산로 색길 임도 북길 옛길 마길등 기존의 길를 영겨하고 새로운 길를 내어 다음은 토보 여행 끼리다
p00_u16,p00,avg_ce0.0_ce10.0,이는 등산로 백길 임도 북길 옛길 마길등 기존의 길을 영겨하고 새로운 길을 내어 다음은 토보 여행 끼리다
p00_u17,p00,avg_taps_ce0.0,순창군 체육회가 주체 하고 순창군 베드민터 옆패가 주간의 연린 제시 1 순찬 고출장배 정국 베드민터 대획가 성황위에 막을 내렸다
p00_u17,p00,avg_taps_ce10.0,순착군 체육회가 주체하고 순창군 베드민터 옆패가 주간의 연린 개시 미의 순창 고출장배 정국 베드민터대획가 청황령에 막을 내렸다
p00_u17,p00,avg_ce0.0_ce10.0,순착군 체육회가 주체하고 순창군 베드민터 몇패가 주간의 연린 제시 1의 순창 고출장배 정국 베드민터 대획가 성황령에 막을 내렸다
p00_u18,p00,avg_taps_ce0.0,순찬 국민 체육센터등 세계구장에서 절라북또와 순찬군이 후원에 지난 6일부터 이틀종안 연린대외는 예상보자 많은 1천 여망이 참가에 응기를 실각해 했다
p00_u18,p00,avg_taps_ce10.0,순창 국민 체육센처등 세계 우장에서 절라북또와 순찬군이 후원에 귀난 6일부터 2필동안 연린 대회는 예상부다 많은 1천 여명의 참가에 응기를 실각해 했다
p00_u18,p00,avg_ce0.0_ce10.0,순찬 국민 체육센터등 세계구장에서 절라북또와 순찬군이 후원에 지난 6일부터 이틀종한 연린대회는 예상부다 많은 1천 여명이 참가에 응기를 실각해 했다
p00_u19,p00,avg_taps_ce0.0,특히 참가한 손수는 모두 통의인으로 연령별 상별 경기 방식에 따라 친식개교로 나너 경기가 지행될다
p00_u19,p00,avg_taps_ce10.0,특히 참가한 손수는 모두 통원인으로 연령별 상별 경기 방식에 따라 친찍개교로 나너 경기가 지행했다
p00_u19,p00,avg_ce0.0_ce10.0,특히 참가한 손수는 모두 통원인으로 연령별 상별 경기 방식에 따라 친식개교로 나너 경기가 지행댔다
p00_u20,p00,avg_taps_ce0.0,에초 국민체우센터와 장애인 체육관등 두구 준서 대획가 지행될 예정었으나 일천0 년명이 창가를 희망하자 큰천 제일구 체육관가리 대간에 책계 구장에서 치어졌다
p00_u20,p00,avg_taps_ce10.0,에초 공민 체육센터와 장애인 체육관등 두고에서 대획가 지행될 예정었으나 일천 여명이 창가를 희망하자 흔천제일구 체육관가리 대간에 책기 구장에서 치어졌다
p00_u20,p00,avg_ce0.0_ce10.0,에초 공민 체육센터와 장행인 체육관등 두고된서 대획가 지행될 예정이었으나 일천 여명이 창가를 희망하자 흔천 제일구 체육관가리 대간에 책계 구장에서 치어졌다
p00_u21,p00,avg_taps_ce0.0,특기 코르나일과 결확산 세로 점어든 엄중안 시기어서 궁과 베드민터 몇패는 철절한 시설 방역에 중점을 누고 경계를 지행했다
p00_u21,p00,avg_taps_ce10.0,특게 코르나일과 결확산 세로 접버든 엄중안 시기어서 궁과 베드민터 몇패는 철전한 시설 방역의 중점을 누고 경계를 기행했다
p00_u21,p00,avg_ce0.0_ce10.0,특게 코르나일과 제확산 세로 접버든 엄중안 시기어서 궁과 베드민터 옆패는 철절한 시설 방역에 중점을 누고 경계를 지행했다
p00_u22,p00,avg_taps_ce0.0,아울러 발를책후와 꼭꿈한 시설 소둑으로 동우인의 공광보우는 물론 지역네 코로나 확상 방제 채선을 다있다는게 지체체게 설명이다
p00_u22,p00,avg_taps_ce10.0,아울러 발를 책후와 꼭꿈한 희설 소두으로 동로인의 공광보우는 물론 기형네 코로나 확상 방계 태선을 다있다는게 뒤체체게 설명이다
p00_u22,p00,avg_ce0.0_ce10.0,아울로 발를 책쿠와 꼭꿈한 시설 소둑으로 동로인의 공광보우는 물론 지역네 코로나 확상 방제 체선을 다있다는게 지체치게 설명이다
p00_u23,p00,avg_taps_ce0.0,한편 2번대외는 코론나 일국가 발생하기 전인 지난 20식 9년을 마지막으로 그동한 열리지 못하다가 정부의 거리득이 해제 정척에 따라 3년 만의 다시 계체했다
p00_u23,p00,avg_taps_ce10.0,한편 2번대외는 코론나 일국가 발생하기 변인 지난 209년을 마지막으로 그동한 열리지 못하다가 정부의 거리득이 해제 정청에 따라 3년 만에 다시 계해했다
p00_u23,p00,avg_ce0.0_ce10.0,한편 2번대외는 코론나 일국가 발생하기 전인 지난 209년을 마지막으로 그동한 열리지 못하다가 정부의 거리득이 해제 정척에 따라 3년 만에 다시 계체했다
p00_u24,p00,avg_taps_ce0.0,자신의 아내를 성폭행했다고 오해 극장 동료를 흉기로 질러 살에한 협위를 받은 4십대 공무직 기건이 대판의 넘겨졌다
p00_u24,p00,avg_taps_ce10.0,자신의 아내를 성폭행했다고 오해에 극장 동료를 흉기로 질러 살에한 협위를 받은 사십대 공무직 기건이 개판의 넘겨졌다
p00_u24,p00,avg_ce0.0_ce10.0,자신의 아내를 성폭행했다고 오해에 극장 동료를 흉기로 질러 살에한 협위를 받은 4십대 공무직 지건이 개판의 넘겨졌다
p00_u25,p00,avg_taps_ce0.0,이일 법쪽의 따르면 인천 지험은 사림및 돌로 별통법상 음주운전 협위로 인천 옮징 군척 소속 공모한 지거 내이씨를 구속 기소했다
p00_u25,p00,avg_taps_ce10.0,이일 법쪽의 따르면 인천 지험은 사림및 돌로 교통법상 음주운전 협위로 인천 옮징 군척 소속 공모한 지거내이씨를 구속 기소했다
p00_u25,p00,avg_ce0.0_ce10.0,이일 법쪽의 따르면 응천 지험은 사림및 토로 교통법상 음주운전 협위로 응천 옮징 군척 소속 공부한 지거내이씨를 구속 기소했다
p00_u26,p00,avg_taps_ce0.0,해장 학건은 인천집법 형사 15부의 배장되시며 아직 첫 계일은 정의 리지 않았다
p00_u26,p00,avg_taps_ce10.0,해장 사건은 인천집법 형사 15부의 배장되으며 아직 첫 계일은 정의지지 않았다
p00_u26,p00,avg_ce0.0_ce10.0,해장 사건은 은천집법 형사 15부의 배장되으며 아직 첫 계일은 정의리지 않았다
p00_u27,p00,avg_taps_ce0.0,앞서 h에 대한 구속 전 피이자심문을 지행한 김선덕 인천집범 영장 전단 부장판사는 피이자가 도망할 우려가 있다며 구속 영장을 발부했다
p00_u27,p00,avg_taps_ce10.0,앞서 h에 대한 구속 전 피이자심문을 지행한 김편덕 인천집범 영장 전단 부량판사는 피이자가 도망할 우려가 있다며 구속 영장을 발부했다
p00_u27,p00,avg_ce0.0_ce10.0,앞서 예지에 대한 구속 전 피이자심문을 지행한 김선덕 인천집법 영장 전단 부장판사는 피이자가 도망할 우려가 있다며 구속 영장을 발부했다
p00_u28,p00,avg_taps_ce0.0,에씨의 영장 실질 심사의 출석하기전 피해자에게 할말 없느냐 는 치제진의 질문에 제송하다 두을 대를 지었다 고 장은 목소리로 잡했다
p00_u28,p00,avg_taps_ce10.0,a씨의 영장 실질심사의 출삯하기 전 피해자에게 할말 없느냐는 치제진의 질문에 되송하다 죽을 대를 뒤었다 고 작은 목소리로 잡했다
p00_u28,p00,avg_ce0.0_ce10.0,a씨의 영장 실질심사의 출삯하기 전 피에자에게 할말 없느냐는 치제진의 질문에 제송하다 죽을대를 지었다 고 작은 목소리로 잡했다
p00_u29,p00,avg_taps_ce0.0,그는 지난달 11일 영식 5분께 한 돌로에서 몇사으소 동요인 공무직 지금 비지의 북부부위를 풍기어질러 살례한 협위를 받고 있다
p00_u29,p00,avg_taps_ce10.0,그는 기난달 11일 영시 5분께 한 돌로에서 몇사으소 동요인 공무직 지검비시의 북부부위를 승기어질러 살의한 협위를 받고 있다
p00_u29,p00,avg_ce0.0_ce10.0,그는 지난달 11일 영시 5분께 한 돌로에서 면사으소 동요인 공무직 지검 비취의 북부부위를 풍기어질러 살의한 협위를 받고 있다
p00_u30,p00,avg_taps_ce0.0,에이지는 범명당일 우 비c를 포함에 귀인들과 함께 고기집에서 술을 마시후 자기 집에서 다같이 술자리를 또 가졌성 것으로 조사했다
p00_u30,p00,avg_taps_ce10.0,에이지는 범명당일 오 비c를 포함에 계인들과 함께 고기집에서 술을 마시후 자기 집에서 당아체술자리를 또 가졌성 것으로 조산했다
p00_u30,p00,avg_ce0.0_ce10.0,에이지는 범명당일 오 비c를 포함에 귀인들과 함께 고기집에서 술을 마시후 자기 집에서 당아치 술자리를 또 가졌성 것으로 조산였다
p00_u31,p00,avg_taps_ce0.0,이후 이행이 모두기가 안디 에이씨는 잠긴 방 안에서 5을벗은체 잠된 아내를 보고 술김의 비시가 자기 안내를 성코행했다고 오회한 것으로 파학했다
p00_u31,p00,avg_taps_ce10.0,이후 이행의 모두 기가 안디 에이시는 잠김 방 안에서 5을벗은체 잠든 아내를 보고 술김의 비시가 자기 안내를 성폭행했다고 오회한 것으로 파학했다
p00_u31,p00,avg_ce0.0_ce10.0,이후 이행의 모두기가 안디 에이씨는 잠김 방 안에서 5을벗은체 잠든 아내를 보고 술낌의 비시가 자기 안내를 성폭행했다고 오회한 것으로 파학했다
p00_u32,p00,avg_taps_ce0.0,평찰조사에서 이시는 평소무자술를 많이 마셔서 술김의 비시를 오회했다 고 진술했다
p00_u32,p00,avg_taps_ce10.0,경찰조사에서 이시는 평소부자 술를 많이 마셔서 술김의 비시를 오회했다 고 진술했다
p00_u32,p00,avg_ce0.0_ce10.0,평찰조사에서 이시는 평소부자술를 많이 마셔서 술김의 비시를 오회했다 고 징술했다
p00_u33,p00,avg_taps_ce0.0,aca 안내도 창공인 조사에서 티시에게서 폭행을 당안 살실이 없다하고 바힌 것으로 전해졌다
p00_u33,p00,avg_taps_ce10.0,aca 안에도 창고인 조사에서 비c에게 성폭행을 당안 살실이 없다하고 밝힌 것으로 전해졌다
p00_u33,p00,avg_ce0.0_ce10.0,aca 안내도 창구인 조사에서 비c에게 성폭행을 당안 살실이 없다하고 밝힌 것으로 전해졌다
p00_u34,p00,avg_taps_ce0.0,경부 7국군이 민간 웨탁을 통해 오역중인 7국보 야회 물로리 장이 응께를 끌고있다
p00_u34,p00,avg_taps_ce10.0,경부 틀국군이 민간 위탁을 통해 오역중인 7국보 야회 물러오리 장이 응께를 끌고있다
p00_u34,p00,avg_ce0.0_ce10.0,경부 7국군이 민간 위탁을 통해 오역중인 실국보 야회 물러리 장이 응기를 끌고있다
p00_u35,p00,avg_taps_ce0.0,임종긴시는 임결 6결 상둥이 관녀와 올 여음에만 두번째 칠국고 야회 물로리장을 차졌다
p00_u35,p00,avg_taps_ce10.0,임종징시는 능결 육결 상등의 가녀와 올 여름에만 두번째 칠국부 야회 물로리장을 차졌다
p00_u35,p00,avg_ce0.0_ce10.0,임종긴시는 6결 6결 상등의 간녀와 올 여름에만 두번째 7국부 야회 물로리장을 차졌다
p00_u36,p00,avg_taps_ce0.0,타인 과족 기준 이 마원이면 시형장은 물론운 닥종 물로리 부대키설를 마음과 리용할 수 있기 때문이다
p00_u36,p00,avg_taps_ce10.0,사인 가족 기준 이 마원이면 수형장의 물론운 각종 물로이 구대 희설를 마음것 리용할 수 있기 때문이다
p00_u36,p00,avg_ce0.0_ce10.0,사인 가족끼준 이 만원이면 시형장의 물론운 각종 물로이 부대피서를 마음것 미용할 수 있기 때문이다
p00_u37,p00,avg_taps_ce0.0,입장며 위에는 별도의 비용이 발생하지 않는 등 사설 물로리장보다 저렴한 가격은 물론 다양한 부대시설과 내점 판의 음승우리 저렴하기 때문이다
p00_u37,p00,avg_taps_ce10.0,입장요 위에는 별도의 비용이 발생하지 않는 등 사설 물로리장보다 저렴한 가격은 물로 다양한 부대피설과 내점 판의 음승물리 저렴하기 때문이다
p00_u37,p00,avg_ce0.0_ce10.0,입장요 위에는 결도의 비용이 발생하지 않는 등 사설 물로리장보다 저렴망 가격은 물로 다양한 부대시설과 내점 판에 음승물이 저렴하기 때문이다
p00_u38,p00,avg_taps_ce0.0,물로리 장에는 대형풀 다석개 중영플 두에 워터 슬라이드 에어바운드 기차 오토바이 등이 말련데 있다
p00_u38,p00,avg_taps_ce10.0,물로리 장에는 배형풀 다석개 중역을 두에 옷터 슬라이드 에어바운드 기차 오토바이 등이 말련데 있다
p00_u38,p00,avg_ce0.0_ce10.0,물로리 장에는 대형을 다석개 중역플 두에 워터 슬라이드 에어바운드 키차 오토바이등이 말련데 있다
p00_u39,p00,avg_taps_ce0.0,이용 편위를 위해 몽굴 텐트 착강막 테입을 펼크역존 매점 프드존 사워실 타리실 화장 혈등의 부대시서로 갖쳐져 있다
p00_u39,p00,avg_taps_ce10.0,영편위를 위해 몽골 텐트 차각막 테입을 필크니존 매점 프두존 사워실 타리실 하장 필등의 부대시설로 갖쳐자 있다
p00_u39,p00,avg_ce0.0_ce10.0,영편위를 위해 몽골 텐트 차각막 태입을 필크육존 매점 프드존 사워실 타리실 화장 필등의 부대시설로 갖쳐져 있다
p00_u40,p00,avg_taps_ce0.0,이용 욕금은 14세이상 만 2천는 어린의 8천원이며 7국 군에는 5센 하인된다
p00_u40,p00,avg_taps_ce10.0,이용 욕음은 14세 이상 만 2천는 어림이 8천원이며 7국 군에는 5센 하인된다
p00_u40,p00,avg_ce0.0_ce10.0,이용 욕금은 쉽4세 이상 만 2천는 어린의 8천원이며 7국 군에는 50생 하인든다
p00_u41,p00,avg_taps_ce0.0,다른 지역 방풍겠도 오천원으로 5번센트 하인곤 구매가 가능에 2 5천원이면 사인 가족이 이용할 수 있다
p00_u41,p00,avg_taps_ce10.0,다른 지역 방풍겠도 5천원으로 50번센트 하인권 9매가 가능에 2 5천원이면 하인 가족이 이용할 수 있다
p00_u41,p00,avg_ce0.0_ce10.0,다른 지역 방풍겠도 5천원으로 50번센트 하인권 구매가 가능에 2 5천원이면 사인 가족이 이용할 수 있다
p00_u42,p00,avg_taps_ce0.0,광역동 체제로 행경구역이 계편데 열고스로 주었던 경기 붙찬 지역 사전 트여소가 오늘 3월 대선을 앞두고 설른 여석고으로 원상복구된다
p00_u42,p00,avg_taps_ce10.0,광역동 케제로 행경구역이 계편데 열고스로 주었던 경기 붙찬 지역 사존 트여소가 오늘 3월 대선을 앞두고 서은 여석고으로 원상복구된다
p00_u42,p00,avg_ce0.0_ce10.0,광역동 체제로 형경구역이 계편데 열고스로 주었던 경기 붙찬 지역 사전트여소가 오늘 3월 대선을 앞두고 설른 여석고으로 원상복구된다
p00_u43,p00,avg_taps_ce0.0,시비일 붙천시와 성거갈리 위원해 따르면 지난 11일 열린 국게 본회이해서 서 영석 더브어민주장 우원이 대표 발리한 공직 성업법 일부 계장 넘률안니 가결댔다
p00_u43,p00,avg_taps_ce10.0,시비일 붙찬시와 성거갈리 위원해 따르면 지난 11일 열린 국해 본회위해서 서 영석 더불어민주당 유원이 태표 발리한 공직 성업법 일부 계장 검률라니 가결댔다
p00_u43,p00,avg_ce0.0_ce10.0,시비일 붙천시와 성거갈리 위원해 따르면 지난 11일 열린 국해 본회위해서 서 영석 더불어민주당 유원이 태표 발리한 공직 성업법 일부 계장넘률란니 가결댔다
p00_u44,p00,avg_taps_ce0.0,이 범유안에는 행정우역 개편으로 쉽 몇 통 수가 주어든 경우 개편 직전의 술를 기준으로 사전 투표스는 설치 하고 선거 삼무원을 선유하는 내용이 담겼다
p00_u44,p00,avg_taps_ce10.0,이 범유안에는 행정우역 계편으로 꿈 몇 통 수가 주어든 경우 개편 직전의 술를 기준으로 사전 트편스른 설키하고 선고 삼무원을 선유많은 내용이 담겼다
p00_u44,p00,avg_ce0.0_ce10.0,이 범유안에는 행정우역 계편으로 꿈 몇 통 수가 주어든 경우 개편 직전에 술를 기준으로 사전 트편소을 설치하고 선거 삼무원을 선유많은 내용이 담겼다
p00_u45,p00,avg_taps_ce0.0,대정된 보안은 오는 15일 봉포와 동시의 시행대 3월 9일 열리는 개20대 대통령 성과부터 적용될 예정이다
p00_u45,p00,avg_taps_ce10.0,계정된 법안은 오는 15일 공후와 동시의 시행대 3월9일 열리는 제20배 대통령 성과부터 적용될 예정이다
p00_u45,p00,avg_ce0.0_ce10.0,계정된 보반은 오는 15일 공후와 동시의 시행대 3월9일 열리는 제20대 대통령성과부터 적용될 예정이다
p00_u46,p00,avg_taps_ce0.0,앞서부천시는 지난 2019년 광역종 체제로 전한 아면서 기존 설른 여섯의 행종둥이 열고스로 대포 숙조냈다
p00_u46,p00,avg_taps_ce10.0,앞서부천시는 지난 2019년 광역종 폐제로 전한하면서 기존 설른 여섯에 행종둥이 열고으로 대폭 크조냈다
p00_u46,p00,avg_ce0.0_ce10.0,앞부천시는 지난 2019년 광역종 체제로 전한하면서 기존 설른 여섯에 행종둥이 열고스로 대폭 특조냈다
p00_u47,p00,avg_taps_ce0.0,이에 따라 사전 트혀서 수도 열개로 축후데 지난 2020년 제 201 때 총선 당시 주민들이 멀리 떨어진 측표속까지 찾장하야 하는 빌편을 겪었다
p00_u47,p00,avg_taps_ce10.0,이에 따라 사전 특표소 수도 열개로 축루데 기난 2020년 제 201 대 총선당시 주민들이 멀리 떨어진 특표속까지 찾장하야 하는 필턴을 겪었다
p00_u47,p00,avg_ce0.0_ce10.0,이에 따라 사전 특표소 수도 열개로 축루데 지난 2020년 제 201 대 총선 당시 주민들이 멀리떨어진 측표속까지 찾장하야 하는 필편을 겪었다
p00_u48,p00,avg_taps_ce0.0,이 영향으로 9천지역 사전특필은 경국 기초 디자체 가운데 두번째로 나작고 참정관 침에 놀란이 일기도 했다
p00_u48,p00,avg_taps_ce10.0,이 영향으로 구천지역 사전트표은 경국 기초 기자체 가운데 두번째로 나작고 참정관 침에 놀란이 일기도했다
p00_u48,p00,avg_ce0.0_ce10.0,이 영향으로 구천지역 사전특표류은 정국 기초 뒤자체 가운데 두번째로 나작고 참정관 침에 놀란이 일기도 했다
p00_u49,p00,avg_taps_ce0.0,구천시 선관 이는 대선때 사은 수표소가 원화하게 운영되도록 잘 준비하겠다 고 발혔다
p00_u49,p00,avg_taps_ce10.0,부천시 성관 이은 대선때 사은 스표소가 원화하게 운영되도록 잘 준비하겠다 고 발혔다
p00_u49,p00,avg_ce0.0_ce10.0,부천시 성관 이은 대선때 사은 스표소과 원화하게 운영되도록 잘 준비하겠다 고 발혔다
p00_u50,p00,avg_taps_ce0.0,영화 해적 독개이 입달이 8일 연소 박소비을 최정상을 기키며 설 연육 등장가를 삼로잡았다
p00_u50,p00,avg_taps_ce10.0,영화 해적 독격이 휩달이 탈일 연소 박소 비을 최정상을 규키며 설 연육 극장가를 삼로잡았다
p00_u50,p00,avg_ce0.0_ce10.0,영화 해적 독격이 휘달이 8일 연소 박소 비을 최정상을 직키며 설 연육 등장가를 삼로잡았다
p00_u51,p00,avg_taps_ce0.0,3일 영화지는 이원에 영화가 입자건 통화 점삼망에 따르면 회적 독개이 입바은 건날 하루 동안 13만171일명을 동원에 누적 관객수 88만1496명을 기록겠다
p00_u51,p00,avg_taps_ce10.0,3일 영화지는 위원에 영화가 입장건 통화 점상망에 따되면 해적 독격이 입발은 견날 하루 동안 13171일명을 동원에 누적 광객수88만1496명을 기록했다
p00_u51,p00,avg_ce0.0_ce10.0,3일 영화지는 이원에 영화가 입장건 통화 점상망에 따되면 해적 독격이 입발은 건날 하루 동안 13171일명을 동원에 누적광객수 88만14906명을 기록했다
p00_u52,p00,avg_taps_ce0.0,해적 독게기 위바은 행족저 없지 살라진 왕실보물의 주인이 대기 위해 바다로 모인 해적들의 스패탁끌한 모음을 그린 영하다
p00_u52,p00,avg_taps_ce10.0,해적 독개교입바은 행족서 없이 살라지 왕실 보물의 주인이 대기 위해 바다로 모인 해적들의 스패탁거한 모음을 그린 영하다
p00_u52,p00,avg_ce0.0_ce10.0,해적 독개의 위바은 흔족저 없이 살라지 왕실보물의 주인이 되기 위해 바다로 모인 해적들의 스패탁거라 모음을 그린 영하다
p00_u53,p00,avg_taps_ce0.0,작품은 통식의 제봉작을 비롯에 정쟁한 공네에 모든 경쟁작을 앞도족으로 즐치며 월래 계봉작중 최고 스코올를 넘어었다
p00_u53,p00,avg_taps_ce10.0,작품은 통식의 계봉작을 비롯에 정쟁한 공네에 모든 경쟁작을 앞도족으로 졌치며 올래 계봉작중 최고 스코올를 넘었었다
p00_u53,p00,avg_ce0.0_ce10.0,작품은 통식의 제봉작을 비롯에 정쟁한 공네에 모든 경정작을 앞도족으로 제치며 올래 계봉작중 최고 스코올를 넘었었다
p00_u54,p00,avg_taps_ce0.0,"이위를 차지한 핑메이커는 실60288명을 불러무아 누력 관객수 48만4,429명을 동원했다"
p00_u54,p00,avg_taps_ce10.0,"이위를 차지않 핑메이커는 실60288명을 불러모아 누력 관객수 484,429명을 동원했다"
p00_u54,p00,avg_ce0.0_ce10.0,"이위를 차지않 핑메이커는 760288명을 불러모아 누력관객수 484,429명을 동원했다"
p00_u55,p00,avg_taps_ce0.0,"사위씬 투게더는 율릴관객수 2 628명으로 누력 관객수는 79만 3,549명으로 지게했다"
p00_u55,p00,avg_taps_ce10.0,"사위씬 투게더는 일릴관객수 2628명으로 유력 관객수는 79만 3,549명으로 지게했다"
p00_u55,p00,avg_ce0.0_ce10.0,"사위씬 투게더는 일림관객수 이 628명으로 유력 광객수는 79만 1,549명으로 지게했다"
p00_u56,p00,avg_taps_ce0.0,오위 극짝판 안영자두야 제디도의 지m은 일를 관객수 1만 20555명 누력 관객수 6만 7천3백28명이다
p00_u56,p00,avg_taps_ce10.0,오위 국착판 안영자두야 제유도의 비밀은 일 관객수 1 20555명 누력 관객수 육만 7천3백28명이다
p00_u56,p00,avg_ce0.0_ce10.0,오위 극장판 안영자두야 제유도의 비밀은 일 관객수 120555명 유력 관객수 육만 7천328명이다
p00_u57,p00,avg_taps_ce0.0,정기과천시는 2022년 꼭과 시민 있는 거리 조송 사업을 총해 걸리 복곳의 코찬기 사득한 잠성공관을 소상하고 있다고 시후일 밝혔다
p00_u57,p00,avg_taps_ce10.0,정기과천시는 2022년 꼭과 시명 있는 걸리 조송 사업을 통에 걸리 국곳의 꼭창기 가득한 잠성공관을 조성하고 있다고 시후일 밝혔다
p00_u57,p00,avg_ce0.0_ce10.0,정기과천시는 2022년 꼭과 시명 있는 걸리 조송 사업을 총에 걸리 국곳의 꼭창기 가득한 감성공관을 소상하고 있다고 시후일 밝혔다
p00_u58,p00,avg_taps_ce0.0,과천시은 이 사업을 통에 과천시민 내간 옆 정부 과천 성사 빠을 정리장 임은 치울 정원을 다양한 꼭과 퍼브 향기가 가득한 자연 친나적 감성 정원으로 새단장했다
p00_u58,p00,avg_taps_ce10.0,과천시는 이 사업을 통해 과천시민내간 옆 정부 과천 청사 뽑을 정류장영은 치울 정원을 다양한 꼭과 서브 향기가 가득한 자연 친하적 감성 정원으로 새단장했다
p00_u58,p00,avg_ce0.0_ce10.0,과천시은 이 사업을 통해 과천시민내간 옆 정부 과천 청사 빠을 정류장영은 치유 정원을 다양한 꼭과 서부 향기가 가득한 자연 친하적 감성 정원으로 새단장했다
p00_u59,p00,avg_taps_ce0.0,치울 종원는 버스나 지하처를 미용안의 시민들이 대중교통 수산을 기달리는 동안 라벤더등 1여섯 여종의 허브 향기를 즐기고 토토 정까지 부비된 장소이다
p00_u59,p00,avg_taps_ce10.0,치유 종원는 버스나 지하처를 리용안의 시민들이 대중교통 수산을 기달리는 동안 라벤더등 1려섯 여종의 서의 향기를 결기고 토토정까지 구비된 장소이다
p00_u59,p00,avg_ce0.0_ce10.0,치유종원는 버스나 지하처를 리용안의 시민들이 대중교통 수산을 기달리는 동안 라벤더등 1여섯 여종의 서의 향기를 즐기고 토토정까지 구비된 장소이다
p00_u60,p00,avg_taps_ce0.0,시는 지난내부터 꼭가 시미 있는 거리 조성 사업을 취진에 호원나일구로 지친 시민의 마음을 시유하고자 도신 국곳의 감성공간을 조성에 왔다
p00_u60,p00,avg_taps_ce10.0,시는 지단내부터 꼭가 시미 있는 거리 조성사업을 필진에 포로나육으로 지친 시민의 마음을 치유하고자 도신 국곳의 감성 공관을 조성에 왔다
p00_u60,p00,avg_ce0.0_ce10.0,시는 지단내부터 꼭가 시미 있는 거리 조성사업을 치진에 포르나이으로 지친 시민의 마음을 시유하고자 도신국곳의 감성공관을 조성에 왔다
p00_u61,p00,avg_taps_ce0.0,지난해 에는 배공한 나들길에 개절마다 충화 관목 하분등을 설키에 시민들의 산착과 유식을 치한 수 있는 힌림 공관을 만들었다
p00_u61,p00,avg_taps_ce10.0,지난에 에는 배공한 나들길에 개절마다 초와 관목 하분등을 설키에 시민들의 산착과 유식을 취한 수 있는 힌림 공관을 만들었다
p00_u61,p00,avg_ce0.0_ce10.0,지난해 에는 배공한 나들길에 개절마다 초와 관목 사분등을 설키에 시민들의 산착과 유식을 치한 수 있는 힌림 공관을 만들었다
p00_u62,p00,avg_taps_ce0.0,또 디난달 중순에는 지역 가로몇및 지역 화단에 루피너스l 20여정과 약1일만 문의 고칠 축제하기도 했다
p00_u62,p00,avg_taps_ce10.0,또 지난달 중순에는 지역 가로변및 뒤역 화단에 루피너스l 20여종과 약1일만본에 꽃칠 특제하기도 있다
p00_u62,p00,avg_ce0.0_ce10.0,또 지난달 중순에는 지역 가로범및 지역 화단에 루피너스l 20여종과 약1일만 본에 꽃칠 축제하기도 했다
p00_u63,p00,avg_taps_ce0.0,다양의 걱기 명소로 주목박고 있는 나마강 오우름길를 책은 점명 계총에 강강계에게 발게를 펼고있다
p00_u63,p00,avg_taps_ce10.0,다양의 곡기 명소로 주목박고 있는 나마강 어울름길를 책은 점명 계통에 관광계게 발게를 끌고있다
p00_u63,p00,avg_ce0.0_ce10.0,다양의 곡기 명소로 주목박고 있는 나마강 어울른길를 세은 점명 계총의 강강객에 발게를 끌고있다
p00_u64,p00,avg_taps_ce0.0,군에 따르면 나마강 오호른길은 늘림보우 강물끼를 내코스우중 트변로와 다양생텐 체육공원을 잃는 구관으로 265m터 연결로와 45m 결랑이 책금 계통됩다
p00_u64,p00,avg_taps_ce10.0,군의 따르면 나마과 오른길은 늘림보 강물길 내 코스 우중 트변로와 다양생텐 체육공원을 잃는 구관으로 265이터 연결로와 45이 교랑이 책은 계통될다
p00_u64,p00,avg_ce0.0_ce10.0,군의 따르면 나마가 오호른길은 늘림보 강물길 내 코스 우중 트변로와 다양생텐 체육공원낼 잃는 구관으로 265m터 연결로와 45이 교랑이 책근 계통될다
p00_u65,p00,avg_taps_ce0.0,이번의 계통된 영결로와 결랑은 네린보 강물끼는 내 코스 약 6k로m터 구관을 모두 있는 마지막 연결보리다
p00_u65,p00,avg_taps_ce10.0,이번의 계통된 영결로와 료랑은 늘림보 강물끼를 내코스 약 6k로m터 구관을 모두 있는 마지막 연결골리다
p00_u65,p00,avg_ce0.0_ce10.0,이번의 계통등 영결로와 조랑은 드림보 강물끼 내코스 약 6k로m터 구관을 모두 있는 마지막 연결골리다
p00_u66,p00,avg_taps_ce0.0,어울름끼은 정혼과 광장 포토전등 다양한 편이 시절의 확층될 예장이고 다양 생태 체우공원 등에 대형 체장이 추가로 확부된다
p00_u66,p00,avg_taps_ce10.0,어우름길은 정옥과 광장 포토전등 다양한 편이 시절의 확증될 예장이고 다양 생태 체우공원 등에 대형 두천양이 추가로 확부된다
p00_u66,p00,avg_ce0.0_ce10.0,어우름길은 정옥과 광장 포토전등 다양한 편이 시절의 확증될 예장이고 다양 생태 체우공원 등에 대형 지천양이 추가로 확부된다
p00_u67,p00,avg_taps_ce0.0,개다가 카약과 파히모트등 다체로 수상 내포치른 실길수 있는 다양생태 체육공안 괴류장도 제장을 눈합에 죽고 있다
p00_u67,p00,avg_taps_ce10.0,개다가 카약과 파히모트등 다체로 수상 내포치른 실길 수 있는 다양 생태 체육공안 괴류장도 개장을 눈앞에 두고 있다
p00_u67,p00,avg_ce0.0_ce10.0,개다가 카약과 파티모트등 다체로 수상 내포치를 실길 수 있는 다양생태 체육공안 괴를장도 제장을 눈합에 두고 있다
p00_u68,p00,avg_taps_ce0.0,특히 이기은 드림부 항물길 일에서 o 코스 가장자리에 있서 도신 방면으로는 도심의 세련 미워 함께 만처나 스카이o크 이끼 터날등 유면 관광계를 들러볼 수 있다
p00_u68,p00,avg_taps_ce10.0,특히 이기은 드림부 강물길 일에서 o코스 가장자리에 있서 도힘 방면으로는 도힘의 세련 미워 항께 만처나 스카이o크 이끼 터할등 유행 광광기를 줄러볼 수 있다
p00_u68,p00,avg_ce0.0_ce10.0,특히 2기은 드림부 강물길 일에서 o 코스 가장자리에 있서 도심 방면으로는 도심의 세련 미워 항께 만처나 스카이o크 이끼 터날등 유명 광광길를 줄러볼 수 있다
p00_u69,p00,avg_taps_ce0.0,도심 외각 악면으로는 도담음 삼봉과 성문 큼꿇등 역사 명승지를 만날 수 있다
p00_u69,p00,avg_taps_ce10.0,두신 외각 목면으로는 토담 삼분과 성문 금꿇등 역사 명승지를 만날 수 있다
p00_u69,p00,avg_ce0.0_ce10.0,도심외각 막면으로는 토담 삼분과 성문 금꿇 등 역사 명승지를 만날 수 있다
p00_u70,p00,avg_taps_ce0.0,정국의 이름난 당양강 단도와 하고도 이어져 당양강 따라 권는 약 사킬로m터는 이미 큰 인끼를 뿐며 정국의 트레힌 예우가들의 주목을 받고 있다
p00_u70,p00,avg_taps_ce10.0,정국의 이름난 당향강 간도와 하고도 이어져 당향강 따라 권는 약사k로m터는 이미 큰 인끼를 끌며 정국의 트레힌 예우가들의 주목을 받고 있다
p00_u70,p00,avg_ce0.0_ce10.0,정국의 이름난 장향강 잔도와 하고도 이어져 당향강 따라 권는 약사킬로m터는 이미 큰 인끼를 끌며 정국의 트레힌 예우가들의 주목을 받고 있다
p00_u71,p00,avg_taps_ce0.0,두의시티는 자회사 로드의 웨튼의 사명을 조입을 엔터테이 먼트로 정경했다고 사일 밝혔다
p00_u71,p00,avg_taps_ce10.0,주의시티는 자회사 로드의 웨튼의 사명을 조입을 엔터테이 먼트로 격경했다고 사일 발혔다
p00_u71,p00,avg_ce0.0_ce10.0,두의시티는 자회사 로드의 웨튼의 사명을 조입을 엔터테이 먼트로 정경했다고 사일 발혔다
p00_u72,p00,avg_taps_ce0.0,세로운 사명인 조입프 랜서퉁이 먼으면 조의와 피프의 합성오로 독자들에게 즐거움으 랑결주는 관텐체를 개발하겠다는 뜻을 장았다
p00_u72,p00,avg_taps_ce10.0,세로운 사명인 조의프 랜터틈이 먼으면 조의와 티프의 합성으로 독자들에게 즐거움무 랑결주는 관텐체를 개반하겠다는 뜻을 자았다
p00_u72,p00,avg_ce0.0_ce10.0,세로운 사명인 조의프 렌서틈이 먼트면 조의와 피프의 합성으로 독자들에게 즐거움무 랑결주는 관텐체를 개반하겠다는 뜻을 자았다
p00_u73,p00,avg_taps_ce0.0,조입프 엔서테의 먼트는 오래의 사인 명섬먹 대공님의 애완 수인등 다양한 작품을 선보였다
p00_u73,p00,avg_taps_ce10.0,조입프랜터틈이 먼트는 오래의 사인 명섬먹 개공님의 애완 수인등 다양한 작쁨을 선보였다
p00_u73,p00,avg_ce0.0_ce10.0,조입프 랜서테의 먼트는 오래의 사인 명섬먹 대공님의 애완 수인등 다양한 작품을 선보였다
p00_u74,p00,avg_taps_ce0.0,유종 대공님의 완숭이는 지난 7월 연제계시 이위후 각하우 페의 실식한 맹충 일리를 기록한바있다
p00_u74,p00,avg_taps_ce10.0,유종 대공임의 예완수이는 지난 7월 연제계시이육 각하우 패의 실식간 렌충 일리를 기록한바 있다
p00_u74,p00,avg_ce0.0_ce10.0,유종 대공임의 예완수이는 지난 7월 연제계시 유 각하우 패의 실식간 맹승 일리를 기록한바 있다
p00_u75,p00,avg_taps_ce0.0,또 중국에던 풀레코 화히관과 연재 개약을 세결하며 글로벌 시장의 긴출했다
p00_u75,p00,avg_taps_ce10.0,또 중국에던 풀레코 화히관과 연재 개약을 색렬하며 글로벌 시장의 짐출했다
p00_u75,p00,avg_ce0.0_ce10.0,또 중국에던 풀레코 화이관과 연재 개약을 새여하며 글로벌 시장의 긴출했다
p00_u76,p00,avg_taps_ce0.0,조입프 렌터테의 먼트는 판타지 장늘를 비롯한 1여종의 노을 코백스 및 오리지날 웨튼 타이텔테를 제작징니다
p00_u76,p00,avg_taps_ce10.0,조입프 렌터테의 먼트는 판타지 장례를 비롯한 1여종의 노을 코백스및 오리지날 웨튼 타이테를 개작중이다
p00_u76,p00,avg_ce0.0_ce10.0,조입프 렌터테의 먼트는 판타지 장례를 비롯한 1여종의 노을 코목스및 오리지날 웨은 타이트를 제작중이다
p00_u77,p00,avg_taps_ce0.0,내년는 모에서 조의시키에 깨인 지식자사을 화용안 레튼도 선보을 개획이다
p00_u77,p00,avg_taps_ce10.0,내년에는 모에사 조의시티에 깨인 기식자산을 화용안 몇튼더 선보을 계획이다
p00_u77,p00,avg_ce0.0_ce10.0,내년에는 모회사 조의시피의 깨인 지식자단을 화용안 며튼더 선보을 계획이다
p00_u78,p00,avg_taps_ce0.0,"경주년 조입붙 엔터테이 먼트 대표는 웨튼분야의 국한하지 않고 토리큰텐째 분야 전반을 다루는 기업으로 성장에 나갈 계획""이라고 말했다"
p00_u78,p00,avg_taps_ce10.0,"김주년 조입을 렌터테이 만트 대표는 웨튼 분야의 국한하지 않고 스토리큰텐질 분야 전반을 다루는 기업으로 성장의 나갈 계획""이라고 말했다"
p00_u78,p00,avg_ce0.0_ce10.0,"김주년 조입을 렌터테이만트 대표는 웨튼분야의 국한하지 않고 토리큰텐질 분약 전반을 다루는 기업으로 성장의 나갈 계획""이라고 말했다"
p00_u79,p00,avg_taps_ce0.0,죄연동 외력부 1차관과 심법철국부 두차관이 1사일 로라 대시몬 미국 리사일 방어청 부청장을 만나 미사일 방화협력을 논이했다
p00_u79,p00,avg_taps_ce10.0,죄연동 외력부 1차관과 심법철 국부 두차관이 1사일 노라 대침몬 미국 미사일 방어청 구청장을 만나 미사일 방의 협력을 논이했다
p00_u79,p00,avg_ce0.0_ce10.0,죄연동 외력부 1차관과 심법철국부 붙차관이 1사일 l라 대시몬 미국 미사일 방어청 구청장을 만나 미사일 방의 협력을 논이했다
p00_u80,p00,avg_taps_ce0.0,두차관는 인날 리국 mda를 방문에 현제의 영국의 발현앙을 속에 받았다
p00_u80,p00,avg_taps_ce10.0,투착하는 인날 미국 mda를 방문에 현제 영국의 발현항을 속해 많았다
p00_u80,p00,avg_ce0.0_ce10.0,투착가는 유날미국 mda를 방문에 현제 영국의 발현항을 속에 많았다
p00_u81,p00,avg_taps_ce0.0,아울러 실점 베치의 우영중인 다양한 미국의 미사엘 방어책기에 내해 설명을 듣고 대한 민국에 대한 미국의 확장 억제 공약에 기여할 수 있는 방안을 논이했다
p00_u81,p00,avg_taps_ce10.0,아울러 실점 베치의 우영중인 다양한 미국의 미사일 방어책기 내해 설명을 듣고 대한 민국에 대한 미국의 확장 억제 공약에 기어한 수 있는 방안을 논이했다
p00_u81,p00,avg_ce0.0_ce10.0,아울러 실점 베치대 우영중인 다양한 미국의 미사일 방어책이에 내해 설명을 듣고 대한 민국에 대한 미국의 확장 억제 공약에 귀어할 수 있는 방안을 논이했다
p00_u82,p00,avg_taps_ce0.0,두착하는 대시몬 부청장을 접견하고 nda에 리사엘 방어능력과 태세를 확인냈다
p00_u82,p00,avg_taps_ce10.0,둘착하는 대시몬 부청장을 접견하고 nda에 미사일 방어능력과 태세를 확인냈다
p00_u82,p00,avg_ce0.0_ce10.0,투착하는 대시몬 부청장을 접견하고 nda에 미사일 방어능력과 태세를 확인냈다
p00_u83,p00,avg_taps_ce0.0,초착하는 이국의 확장 옥제 공약에서 에d등력이 반는 중역성을 얹급하며 에d 차원에서 적급 귀원해주 것을 당부했다
p00_u83,p00,avg_taps_ce10.0,조차가는 리국의 확장 옥제 공약에서 d 등력이 받는 중요성을 얹급하며 에d 차원에서 적극 귀원해줄 것을 당부했다
p00_u83,p00,avg_ce0.0_ce10.0,조차가는 미국의 확장 옥제 공약에서 d 등력이 받는 중요성을 얹급하며 에da 차원에서 적극 귀원해줄 것을 당부했다
p00_u84,p00,avg_taps_ce0.0,신차관은 호도아되고 있는 북한 색미사 위협에 억대 대영하기 위해 김미한 함미 협력이 필요하다고 주문했다
p00_u84,p00,avg_taps_ce10.0,힌차관은 보도아되고 있는 북한 텍미사 위협에 억제 대영하기 위해 김밀한 함미 혈력이 필요하다고 주문했다
p00_u84,p00,avg_ce0.0_ce10.0,힌사관은 보도아되고 있는 북한 색미사 위협에 억제 대영하기 위에 김밀한 함미 혈력이 필요하다고 주문했다
p00_u85,p00,avg_taps_ce0.0,아울라 함미 국방당국간의 기행중인 다양한 미사엘방을 협력이 독맹의 능력과 태새를 한층 광하하는 기반이 될 것이라고 강조했다
p00_u85,p00,avg_taps_ce10.0,아울라함미 국방당국관을 기행중인 다양한 미사일 방어 협력이 독맹의 능력과 태새를 한층 광하하는 기안이 될것이라하고 강조했다
p00_u85,p00,avg_ce0.0_ce10.0,아울라함미 국방당국간을 귀행중인 다양한 미사일 방화 협력이 독명의 능력과 태새를 한층 관하하는 기안이 될 것이라하고 강조했다
p00_u86,p00,avg_taps_ce0.0,이의 택침은 부청장은 독한의 미사일 외협에 대비하여 다양한 냄디 능력과 확과한 방어에새가 준비대 이심을 강조했다
p00_u86,p00,avg_taps_ce10.0,이의 대키은 부청장은 독한의 미사일 외협에 대비하여 다양한 냄디 능력과 확과한 방어테 새가 준비대 있음을 강조했다
p00_u86,p00,avg_ce0.0_ce10.0,이의 대침은 부청장은 독한의 미사일 외협에 데비하여 다양한 냄디 능력과 확과한 방어테 세가 준비대 있음을 강조했다
p00_u87,p00,avg_taps_ce0.0,이어서 정책 절약적 수준에서 한미간 미사엘 방월 협력이 더욱 발전하기를 기배한다고 밝혔다
p00_u87,p00,avg_taps_ce10.0,위어서 정책 절약적 수준에서 한미간 미사일 방월 협력이 더욱 발전하기를 기대한다고 밝혔다
p00_u87,p00,avg_ce0.0_ce10.0,이어서 정책 절약적 수준에서 한미간 미사일 방월 협력이 더욱 발전하기를 기배한다고 밝혔다
p00_u88,p00,avg_taps_ce0.0,우텔의 강금한 남성에게 폭행을 가운뒤 신체를 차형한 쉽대 남력가 평찰에 붙잡혔다
p00_u88,p00,avg_taps_ce10.0,오텔의 강금한 남성에게 폭행을 가운뒤 신체를 자형한 1대 남력가 경찰를 붙잡혔다
p00_u88,p00,avg_ce0.0_ce10.0,오텔의 강금한 남성에게 폭행을 가한 미 신체를 차형한 쉽대 남력가 경찰를 붙잡혔다
p00_u89,p00,avg_taps_ce0.0,키사일 임천 미추을 경찰서는 특수상에와 강금 협이로 에이군등 호동학생 두명과 종학생 비양을 증급채포에 조사하고 있다고 밝혔다
p00_u89,p00,avg_taps_ce10.0,베사일 인천 미초을 격찰서는 특수 상에와 강금 협이로 에이군등 보동학생 주명과 종악생 비양을 중급 채포에 조사하고 있다고 밝혔다
p00_u89,p00,avg_ce0.0_ce10.0,키사일 인천 미초을 격찰서는 특수상에와 강금 협이로 에이군등 보동학생 두명과 종학생 비향을 징급채포에 조사하고 있다고 발혔다
p00_u90,p00,avg_taps_ce0.0,예이군등은 선나로전 내획쯤 인찬시 미추울과 한 못텔에서 시군의 몸을 담베불로 귀지고 김경과 구죽 죽어등으로 때리는등 폭평한 형매를 받는다
p00_u90,p00,avg_taps_ce10.0,예군등은 전나로전 내쉽쯤 인찬시 미추울과 한 못텔에서 시군의 몸을 담베불로 기지고 긴평과 구죽 죽어등으로 때리는등 폭행한 현매를 받는다
p00_u90,p00,avg_ce0.0_ce10.0,예군등은 전나로전 내쉽쯤 인찬시 미추울과 한 못텔에서 시군의 몸을 담베불로 지지고 김평과 구죽 죽어등으로 때리는등 폭행한 현매를 받는다
p00_u91,p00,avg_taps_ce0.0,유들은 씨군의 오을 모두먹겨 알몸 상태로 사징까지 찬랑한 것으로 조사했다
p00_u91,p00,avg_taps_ce10.0,이들은 시군의 옷을 모두먹혀 알몸 상태로 사인가릴 찬랑한 것으로 조산했다
p00_u91,p00,avg_ce0.0_ce10.0,이들은 시군의 옷을 모두버혀 알몸 상태로 사림가릴 찬랑한 것으로 조산했다
p00_u92,p00,avg_taps_ce0.0,지군의 신골를 받고 추적의 나상경사른 당이로후 에이분등 세망을 차례로 붙잡왔다
p00_u92,p00,avg_taps_ce10.0,지은의 신골를 받고 추작의 나상경찰른 당이로우 의이군등 세망을 차례로 붙잡왔다
p00_u92,p00,avg_ce0.0_ce10.0,지군의 신골를 받고 추작의 나상경사른 당이로 의군등 세명을 차례로 붙잡왔다
p00_u93,p00,avg_taps_ce0.0,지군는 네이군등의 범맹으로 얼굴의 골절 상을 입는 등 크게 닫혀 병원에서 치요를 받고 있는 것으로 전해졌다
p00_u93,p00,avg_taps_ce10.0,지군는 네이군등의 버맹으로 얼굴의 골절 상을 입는 등 크게 나혀 병원에서 치요를 받고 있는 것으로 전해졌다
p00_u93,p00,avg_ce0.0_ce10.0,지군는 네이군등의 버맹으로 얼굴의 골절 상을 입는 등 크게 나혀 병원에서 치요를 받고 있는 것으로 전해졌다
p00_u94,p00,avg_taps_ce0.0,병찰른 씨군이 과고 비항각 교죄했다가 해워졌다는 피에자째 진술등을 토대로 정학한 범맹동기를 확기나 계획이다
p00_u94,p00,avg_taps_ce10.0,경찰른 씨군이 과고 비악가 교죄했다가 헤워졌다는 피에 자측 진술등을 토대로 정학한 범맹동기를 확인할 계획이다
p00_u94,p00,avg_ce0.0_ce10.0,경찰른 시군이 과고 비악과 교져했다가 헤워졌다는 피에 자측 진술등을 터대로 정학한 범맹동기를 확인할 계획위다
p00_u95,p00,avg_taps_ce0.0,지군은 자신이 애이군등으로부터 폭행을 왜 당했는지 모류겠 따는 시리로 정찰의 징수한 것으로 알려졌다
p00_u95,p00,avg_taps_ce10.0,지군는 자신 애이군등으로부터 폭행을 왜 당했는지 모류겠다는 시일로 경찰의 징수한 것으로 알려졌다
p00_u95,p00,avg_ce0.0_ce10.0,지군은 자신이 이군등으로부터 폭행을 왜 당했는지 모류겠다는 시지로 정찰의 칭수한 것으로 알려졌다
p00_u96,p00,avg_taps_ce0.0,정찰 관계자는 a운 등 세명의 죄질이 나쁜 점 등을 보려에 구속 연장을 신청할 예장이라고 말했다
p00_u96,p00,avg_taps_ce10.0,형찰 광계자는 에이군등 세명의 죄질이 나쁜 점 등을 고려에 구속 연장을 신청할 예장이라고 말했다
p00_u96,p00,avg_ce0.0_ce10.0,정찰 광계자는 의이군등 세명의 죄지이 나쁜 점 등을 고려에 구속 연장을 신청할 예장이라고 말했다
p00_u97,p00,avg_taps_ce0.0,순철차를 타고 농과를 술차하던 경찰관이 불법 마양용 양기비를 제배하던 비밀라오스를 발견해 관거있다
p00_u97,p00,avg_taps_ce10.0,순천차를 타고 농가를 출차하던 경찰관이 불법 와양욕 양기비를 개배하던 비밀라오스를 발견해 건거있다
p00_u97,p00,avg_ce0.0_ce10.0,순천차를 타고 농가를 술차하던 경찰관이 불법 와양욕 양기비를 제배하던 비밀라오스를 발견해 건거있다
p00_u98,p00,avg_taps_ce0.0,지난구일 대않는 국 경찰청 공식 폐이스북에는 순찰중 할견한 수상하곧 경찰의 소름던는 눈섬이 나는 영상이 올라왔다
p00_u98,p00,avg_taps_ce10.0,지난구일 대하는국 경찰청 공식 폐이스부에는 순찰중 발견한 수상하곧 경찰를 서름던는 눈섬이 나는 영상이 올라왔다
p00_u98,p00,avg_ce0.0_ce10.0,지난구일 대하는고 경찰청 공식 폐이스부에는 순찰중 발견한 수상하곧 경찰의 소름던는 눈섬이 나는 영상이 올라왔다
p00_u99,p00,avg_taps_ce0.0,영상에 따르면 지난달 식구의 로전 여어시쯤 대전운 유성구의 농장물 절도 증고 다발 지역을 순차라전 평사된 한 비니라우스 아으로 양기이로 보인의 행물을 발견했다
p00_u99,p00,avg_taps_ce10.0,영상에 따르면 지난달 식구의 로전 여어싶쯤 대전운 유성구에 농장물 절도 흉고 다반 지역을 순차라던 격차된 한 비니라우스아으로 양기이로 보인의 행물을 발견했다
p00_u99,p00,avg_ce0.0_ce10.0,영상에 따르면 지난달 시구의 로전 여어싶쯤 제년운 유상구의 농장물 절도 징고 다반 지역을 순차라던 격찰른 한 비니라우스아으로 양기이로 보인의 형물을 발견했다
p02_u00,p02,avg_taps_ce0.0,위사를 꼭거던 1비c 손년이 환자슴명야게 새 산행을 선노라고 치상을 떠났다
p02_u00,p02,avg_taps_ce10.0,의사를 꼭거던 1비c소년이 환자다음명에게 쇠산물 선노라고 제상을 떠났다
p02_u00,p02,avg_ce0.0_ce10.0,위사를 꼭거던 1비c소년이 환자다음명에게 새3물 선노라고 치장을 떠났다
p02_u01,p02,avg_taps_ce0.0,하국 장지 조직 기증원는 28의 긴상향군이 개명대 동산 의리워한에서 장질의 기징하고 신접다고 밝혔다
p02_u01,p02,avg_taps_ce10.0,하능국 장지 조직 기증오원는 28의 김상향군이 개명대 동산 의리워한에서 장길의 기징하고 신접다고 밝혔다
p02_u01,p02,avg_ce0.0_ce10.0,하능국 장지 조직 기증원는 28의 김상향군이 개명대 동산 의리워한에서 장질를 기증하고 신접다고 밝혔다
p02_u02,p02,avg_taps_ce0.0,경고는 지난 유기에 극심한 두통으로 의식을 꽃스어진채 병원으로 긴급 위송대 치요오들 받았으나 내설 판정을 받았썼다
p02_u02,p02,avg_taps_ce10.0,김고는 지하 유비에 국심한 두통으로 의식을 꽃스어진채 병원으로 긴급 미종대 치요오를 받았으나 내섯 판정을 받았썼다
p02_u02,p02,avg_ce0.0_ce10.0,군고는 지난 유비에 국심한 두통으로 의식을일 꺼스어진채 병원으로 긴급 위송대 치요오를 받았으나 내섯 판정을 받았썼다
p02_u03,p02,avg_taps_ce0.0,군군은 지난 23매 신장과 자우신장 관장 양측 패장을 기부하고 하는 나나로 갔다
p02_u03,p02,avg_taps_ce10.0,겸군은 지난 2함에 신장과 자우 신장 관장 양측 폐장을 기부하고 하늘 나라로 갔다
p02_u03,p02,avg_ce0.0_ce10.0,겸군은 지난 23매 신장과 자우 신장 관장 양측 폐장을 기부하고 하늘 나라로 갔다
p02_u04,p02,avg_taps_ce0.0,기중원에 따르면 긴군은 생전 엄마가 앞프지 않케에질 수 있는 이사가 되고싶다고 말래오던 살각운 아들이었다
p02_u04,p02,avg_taps_ce10.0,기중원에 따르면 긴군은 생전 엄마가 앞프지 않케에질 수 있는 이삭가 되고싶다고 말래오던 살각운 아들이었다
p02_u04,p02,avg_ce0.0_ce10.0,기중원에 따르면 긴군은 생전한 엄마가 앞프지 않케에질 수 있는 위사가 되고싶다고 말래오던 살각운 아들이었다
p02_u05,p02,avg_taps_ce0.0,울족은 착한 아이었던 만큼 좋은 일을 하면서 분해주자면 장기 기증의 터때 동우향 것으로 전해졌다
p02_u05,p02,avg_taps_ce10.0,울족은 착한 아이었던 만큼 좋은 일을 하면서 분해주자며 장기 기증의 선때 동의한 것으로 자매졌다
p02_u05,p02,avg_ce0.0_ce10.0,울족은 착한 아이었던 만큼 좋은 일을 하면서 분해주자며 장기 기증의 선때 동우한 것으로 자매졌다
p02_u06,p02,avg_taps_ce0.0,김군의 아버지는 기증원을 통해 아들의 종길의 기증받은 친구들의 행복 해쓰면 주겠다며 성인인대서 좋은 일을 많니하고 봉광히 살락숨을 죽겠다고 전했다
p02_u06,p02,avg_taps_ce10.0,힘군의 아버지는 기증원을 통해 아들의 종기의 기증받은 친구들의 행목해심면 죽겠다며 성인인 대서 좋은 일을 많이하고 공광이 살앞심면 죽겠다고 전냈다
p02_u06,p02,avg_ce0.0_ce10.0,짐군의 아버지는 기증원을 통해 아들의 정길의 기증발은 친구들의 행목했쓰면 즉겠다며 성인히 대서 좋은 일을 많이하고 공광이 살아씀면 즉겠다고 전냈다
p02_u07,p02,avg_taps_ce0.0,기증원한 측은 어리고 착탄 아이가 떠난다는 것을 바아비리기는 것도 힘든 일인데에 누은과 살리기 위에 기징의 종레준 보으자에게 감사하다고 하답했다
p02_u07,p02,avg_taps_ce10.0,기증오한 측은 어리고 착한 아이가 떠난다는 것을 바아들리기는 것도 힘된 일인데에 누궁과 살리히 위에 기징의 종회준 보호자에게 감사하다고 화답했다
p02_u07,p02,avg_ce0.0_ce10.0,기중원한 측은 어리고 착한 아이가 떠난다는 것을 바아들리기는 것도 힘든 일인데에 누륭과 살리시 위에 기중의 종회준 부호자에게 감사하다고 받답했다
p02_u08,p02,avg_taps_ce0.0,전남 국성구는 창정 전남 의뜸 말을 사업을 지난해에 이여 오래도 봉격적으를 추진한다고 2십일 밝혔다
p02_u08,p02,avg_taps_ce10.0,전남 국성구는 창정 전남 의뜸 말을 사업을 지난해 이여오래도 분격적으로 추진한다고 이십일 밝혔다
p02_u08,p02,avg_ce0.0_ce10.0,전남 국성구는 청정 전남 의뜸 말을 사업을 지난해 이며오에도 봉격적으로 추진한다고 이십일 밝혔다
p02_u09,p02,avg_taps_ce0.0,주민이 주도해 마을 황경의 계상하도록 지원하는 사업으로 전난남도의 역점 시체중 하나로 선정된 마을은 천백만을 씩 참년동안 총 9백만오을 지원받게 된다
p02_u09,p02,avg_taps_ce10.0,주민이 주도해 마을 황경의 계선하도록 지언하는 사업으로 전난함도의 역점 시체중 하나로 선정된 마을은 천백만은씩 참년동안 총9백만원을 지험받게 된다
p02_u09,p02,avg_ce0.0_ce10.0,주민이 주도에 마을 황경의 계산하도록 지언하는 사업으로 전난함도의 역점 시체중 하나로 선정된 마을은 참백만원씩 참년동안 총 9백만원을 지험받게 된다
p02_u10,p02,avg_taps_ce0.0,강 마을 줄은 마을의 특성과 상황 줄민의 요구중했 따라 피요한 말을 만들기 사업을 치진한다
p02_u10,p02,avg_taps_ce10.0,강 마을 죄은 마을의 특성과 상황 주민의 요구중했 따라 피요한 말을 만들기 사업을 추지난다
p02_u10,p02,avg_ce0.0_ce10.0,강 마을 주은 마을의 특성과 상황 주민의 요구중했 따라 피요한 말을 만들기 사업을 추지난다
p02_u11,p02,avg_taps_ce0.0,군해서는 기존의 취진증인 사신 입개 마을과 5해 식결로 선정된 사신6개 말약까지 총 부 2게 마을를 제상으로 지난 서월부터 사업을 시작했다
p02_u11,p02,avg_taps_ce10.0,군해서는 기존의 추진증인 사신6개 마을과 5회 식결로 선정된 46개 말까지 192게 마을를 제상으로 지난 사월부터 사업을 시작했다
p02_u11,p02,avg_ce0.0_ce10.0,군해서는 기존의 추진중인 사신6개 마을과 5회 식결로 선정된 46개 말까지 192게 마을을 제상으로 지난 사월부터 사업을 시작했다
p02_u12,p02,avg_taps_ce0.0,서단 주선과 적화그리기 식터 조성 우체통 안들 지등 마을 황경에 계선하고 말을 고렁체에 환력을 부어놓히 위한 자양한 사업을 지행하고 있다
p02_u12,p02,avg_taps_ce10.0,서단 주성과 벽화그리기 식터 조성 우체통 만들 기등 말을 황경에 계선하고 말을 공렁체 환력을 불어놓히 위한 가양한 사업을 지행하고 있다
p02_u12,p02,avg_ce0.0_ce10.0,서단 주성과 적화그리기 심터 주선 우체통 만들 지등 말을 황경의 계선하고 말을 공렁체 환력을 불어놓히 위한 자양한 사업을 지행하고 있다
p02_u13,p02,avg_taps_ce0.0,그 관계지않는 차업 대획에서부터 사오 관리까지 마을 주민들의 잡발적인 참멸을 통해 사업을 지행하물로써 봉동체 정신의 혈복할 수 있도록 적국 지원하겠다고 말했다
p02_u13,p02,avg_taps_ce10.0,군눈 관계자않는 사업 되획게서부터 사오 관리까지 마을 주민들의 잡발적인 참멸을 통해 사업을 지행하으로써 공동체 정신의 혈복할 수 있도록 적극 지원하겠다고 말했다
p02_u13,p02,avg_ce0.0_ce10.0,군육관계지 않는 사업 대획게서부터 사우 관리까지 마을 주민들의 잡발적인 참멸을 통해 사업을 지행하으로써 통동체 정신을 혈복할 수 있도록 적극 지원하겠다고 말했다
p02_u14,p02,avg_taps_ce0.0,정화장 가능길일 등해의 소설로 유명한 하일지가 영원를 처작 르의 미술적 세계를 펼치고 있다
p02_u14,p02,avg_taps_ce10.0,정화장 가능길일 등해 수설로 유명한 하일찍가 영원를 처작 그의 미술적 세계를 펼치고 있다
p02_u14,p02,avg_ce0.0_ce10.0,형화장 가능길일 등해 스설로 유명한 하일지가 영월를 처자 그의 미술적 세계를 펼치고 있다
p02_u15,p02,avg_taps_ce0.0,할찍초에전 늘은 똑간넘만 테 수찍간 처양 이야기가 오는 23에까지 영월 문화에을 회간 2층전 시실에서 열린다
p02_u15,p02,avg_taps_ce10.0,할 찍초되전 늘은덕간 남만 테시찍간 처양 이야귀가 오는 23매까지 영월 문화예슬 회간 2층 전은 시실에서 열린다
p02_u15,p02,avg_ce0.0_ce10.0,할 찍초되전 늘은똑간남만 테 시찍간 처양 이야기가 오는 23에까지 영월 문화 예슬 회간 2층전 실실에서 열린다
p02_u16,p02,avg_taps_ce0.0,하있지는 1비건의 장편한 소설과 죽건의 시0 등을 내민등 작가워서 할발이 할동을았다
p02_u16,p02,avg_taps_ce10.0,할지는 1비건을 장편한 소설과 죽건의 쉽 등을 내민등 작가부서 할발이 활동요왔다
p02_u16,p02,avg_ce0.0_ce10.0,할지은 12건을 장편한 소설과 죽건의 시쉽 등을 내눈등 작가워서 활발이 활동요왔다
p02_u17,p02,avg_taps_ce0.0,그러다 2019년부터 그림의 길리기 시작 줄과 3년만의 수백점의 길림을 쏟단냈다
p02_u17,p02,avg_taps_ce10.0,그러다 29년부터 그림의 그리기 시작 둘과 36만의 수백점의 그림을 쏟단냈다
p02_u17,p02,avg_ce0.0_ce10.0,그러다 29년부터 그림의 그리기 시작 둘과 36만의 수백점의 그림을 쏟단냈다
p02_u18,p02,avg_taps_ce0.0,점문적인 위을교욕을 받은적은 어으나 독청적인 상식으로 자신의 문학적 세계를 그려나간다는 평가다
p02_u18,p02,avg_taps_ce10.0,점문적인 미을교욕을 받은적은 없으나 독청적인 방식으로 자신의 문학적 세개를 그려나간다는 평가다
p02_u18,p02,avg_ce0.0_ce10.0,점문적인 미을교욕을 받은적은 없으나 독창적인 방식으로 자신의 문학적 세계를 그려나간다는 평가다
p02_u19,p02,avg_taps_ce0.0,그의 유임은 환가지 형식에 고종되어 있지 않고 끼이없는 결심을 거득하면서 여러가지 시리지를 만드어내고 있다
p02_u19,p02,avg_taps_ce10.0,그의 귀림은 환가지 형식에 고종되어 있지 않고 끊이움는 변심을 거득하면서 여러가지 시리지를 만드어내고 있다
p02_u19,p02,avg_ce0.0_ce10.0,교익 주림은 환가지 형식에 고종되어 입지 않고 끊이움는 변심을 거득하면서 여러가지 시리질를 만드어내고 있다
p02_u20,p02,avg_taps_ce0.0,나무아 돌 시계들의 프은 명상 순례자들의 여전중 독특하고 대범만 구림들이 완성했다
p02_u20,p02,avg_taps_ce10.0,나무아 돌 시기들의 풀은 명상 순례자들의 여정등 독특하고 대범만 그림들이 완성겼다
p02_u20,p02,avg_ce0.0_ce10.0,나무아 돌 시계들의 프은 명상 순례자들의 여정 중 독특하고 재범만 그림들이 완성겼다
p02_u21,p02,avg_taps_ce0.0,2번 전시에는 늘은 떨발남만 태시찍간 선년 이야기 시비지를 볼 수 있다
p02_u21,p02,avg_taps_ce10.0,입번 전시에는 늘은 떨밟남무한 테 시찍간 처년 위약기 시리지를 볼씻있다
p02_u21,p02,avg_ce0.0_ce10.0,입번 전시에는 늘은 똑할남한 테 시찍간 처혀 위약기 시비지를 볼씻있다
p02_u22,p02,avg_taps_ce0.0,정주체 신으로 어리적 총복 다양군 영춤면의 살았던 그는 영활에 대한 많은 수업의 가고 있고 오방책으로 그린 강연한 구림에 영활의 종설를 담았다
p02_u22,p02,avg_taps_ce10.0,경주체 신으로 어릴적 충복 다양군 영춤면에 살았던 그는 영활에 대한 많은 수화을 가고 있고 오방색으로 그린 강열한 그림에 영활의 종설를 담았다
p02_u22,p02,avg_ce0.0_ce10.0,병주체 신으로 어릴적 충복 다양군 영춤면에 살았던 그는 영활에 대한 많은 수업을 가고 있고 오방색으로 그린 강열한 구림에 영활의 종설를 담았다
p02_u23,p02,avg_taps_ce0.0,산업파 대기전 정이 넘치는 토척적이 1을 정치와 1을 소년의 상상역이 어루어졌 편현된다
p02_u23,p02,avg_taps_ce10.0,산나파 대기전 정이 넘치는 토척적인 식을 정치와 1골 소년의 향상력이 오루어졌 표현된다
p02_u23,p02,avg_ce0.0_ce10.0,차나파 대기전 정이 넘치는 토척적인 식을 정치와 1골 소년의 상상력이 오루어접 표현된다
p02_u24,p02,avg_taps_ce0.0,이 시리즈 애도 이국격이고 모항적인 그린 5주피스 공화국 목색시대시리질 그림등 차식정인 소해 된다
p02_u24,p02,avg_taps_ce10.0,위 c리즈 외도 이국격이고 모항적인 그림 5주피스 공화국 6색시대시리질 그림등 화십점이 소해 된다
p02_u24,p02,avg_ce0.0_ce10.0,위 c리즈 외도 이국적이고 모항적인 그림 5주피스 공화국 6색시대시리질 그림등 차십점인 소해 된다
p02_u25,p02,avg_taps_ce0.0,파일지은 프랑스 뿌아띠에 대약 불문학 학사 류모주대 불문학 닥사를 받았고 서과 프랑의 중해서 다스의 계인정과 구룩전에 참여하명 미술가로써 왕정하게 활동하고 있다
p02_u25,p02,avg_taps_ce10.0,하일지은 프랑스 뿌아띠에 대약 불문학 협사 미모주대 불문학 닥사를 받았고 설과 토랑스 중해서 다스의 계인정과 그룩전에 참여하명 미술의가 롯써 왕정하게 활동하고 있다
p02_u25,p02,avg_ce0.0_ce10.0,하일지은 프랑스 뿌아띠에 대약 불문학 석사 미모주대 불문학 닥사를 받았고 설과 토랑스 등해서 다스의 계인정과 그룩전에 참명하명 위술가로써 왕정하게 활동하고 있다
p02_u26,p02,avg_taps_ce0.0,지난다여 하물연데 파업당시 인천 신앙 응군의 및 700력개들 뿌려 차량 가섯대 박키에 손상의 2힌 5대 남성이 경찰에 구쳤혔다
p02_u26,p02,avg_taps_ce10.0,지난다여 화의이는데 파업당시 인천 신앙 응군의 및 70력해들 뿌려 차량 다섯대 박키에 손상의 2핑 6식대 남성이 경찰에 부쳤혔다
p02_u26,p02,avg_ce0.0_ce10.0,지난다여 화의이는데 파업당실 인천 신앙 응군의 및 70역해들 뿌려 차량 다섯대 박키에 손상을 2핑 용식대 남성이 경찰에 부쳤혔다
p02_u27,p02,avg_taps_ce0.0,28의 인0 연수 경찰 써는 특스 제월을 손계의 험물로 합을 트럽기사 50대 c를 공거했다고 밝혔다
p02_u27,p02,avg_taps_ce10.0,28의 인천 연수 경찰 서는 특스 제모을 손계의 허물로 험을 트록기사 50대 c를 건거했다고 밝혔다
p02_u27,p02,avg_ce0.0_ce10.0,208일 인천 연수 경찰 써는 특스 제옥을 성제의 협물로 험을 트록뒤사 50대 c를 건거했다고 밝혔다
p02_u28,p02,avg_taps_ce0.0,내이씨는 지난 11의3의 세벽시간 때에 총도 신앙제로의 새모을 불려 차량 자섯때의 박키에 통개도 2핑협의을 받꾸 있다
p02_u28,p02,avg_taps_ce10.0,내이씨는 지난 11월31일 세벽시간 때에 송도 신앙대로의 세모을 불려와 차량 자섯때일 박키에 풍계를 2핑협물을 받꾸 있다
p02_u28,p02,avg_ce0.0_ce10.0,내이씨는 지난 11월일 31일 세벽시간 때에 총도 시앙제로의 세모을 불려와 차량 자섯때일 박키에 풍계를 2핑협물을 받꾸 있다
p02_u29,p02,avg_taps_ce0.0,연주서는 동시 신앙대로의 생못칠배격개가 뿌어져 있다는 신고를 접수밖고 칠종에 모을 속고아했다
p02_u29,p02,avg_taps_ce10.0,연주사는 동시 신앙대로의 생것치 배격에가 앞뿌어져 있다는 친고를 접습밖고 칠동해 모을 수고워했다
p02_u29,p02,avg_ce0.0_ce10.0,연주자는 정시 신앙대로의 생문로 취배격에가 뿌래져 있다는 신골를 접습밖고 칠종해 모을 수고하했다
p02_u30,p02,avg_taps_ce0.0,연주서는 버민을 건과하이 위해 강약 4계핑 강수대 황계 핑으로 환건 점담핑을 구성에 16임이 터문스사를 통인 진난 시7의 오후 연쉽개 ac를 붙잡받다
p02_u30,p02,avg_taps_ce10.0,연수서는 버민을 관과하이 위해 강약 4계핑 광수대 항계핑으로 환건 전단핑을 구성해 시피이및 터문 스사를 통인 진난 시치일 오후 열1개 예c를 붙잡받다
p02_u30,p02,avg_ce0.0_ce10.0,연주서는 버민을 강과하이 위해 강약 4계핑 강수대 함계 핑으로 환건 전단핑을 구성해 시피핑이 터문 스사를 통일 진난 시치일 오후 열1개 예c를 붙잡받다
p02_u31,p02,avg_taps_ce0.0,ac에 화명연데 노족하익 여분을 현제까지 발혀주지 않았으며 정찰른 밤맨동길를 직증적고 조사할 예정이다
p02_u31,p02,avg_taps_ce10.0,ac에 화요현데 노족하일 여부는 현재까지 발혀주지 않았으며 경찰른 더맨동길를 직증적고 조사할 예정이다
p02_u31,p02,avg_ce0.0_ce10.0,ac의 화요연데 노족하일 여부는 현재까지 발혀주시 않았으며 경찰른 범맨동길를 직증적고 조사할 예정이다
p02_u32,p02,avg_taps_ce0.0,연수서 강계자는 28의5후의 c를 불러 조사할 예정이며 추가 영짝 신청 여부은 이후의 결정될 것이라고 말했다
p02_u32,p02,avg_taps_ce10.0,연투서 관계자는 28의 5후의 c 불러 조사할 예정이며 추가 영짝 신평 여부은 이후의 결정될 것이라고 말했다
p02_u32,p02,avg_ce0.0_ce10.0,연수서 관계자는 28의 우후의 c를 불러 조사할 예정이며 추가 영장 신청 여부은 이후의 결정될 것이라고 말했다
p02_u33,p02,avg_taps_ce0.0,기p 파리바 카리프 생명은 인공지는 기술를 화용한 식금이차 i 방일 경금 보움을 칠시했다고 1일 발혔다
p02_u33,p02,avg_taps_ce10.0,기p 파리바 카리프 택명은 임공지는 기술를 화용한 식금이차 ai 반의 경금 보음을 칠시했다고 1될 밝혔다
p02_u33,p02,avg_ce0.0_ce10.0,dp 파리바 화리프 텍명은 임공지는 기술를 화용한 1금이차 이i 변매경금 보음을 칠시했다고 끼될 밝혔다
p02_u34,p02,avg_taps_ce0.0,이 상품은 ai 편드의 상장 지수편드 본드등 가양한 투자 선색질를 제공한다
p02_u34,p02,avg_taps_ce10.0,이 상품은 ai편드 상장 지스편드 본드등 가양한 투자 선색질를 제공한다
p02_u34,p02,avg_ce0.0_ce10.0,이 상품은 ai편드 상장 지스편드 편드등 가양한 투자 선색질를 제공한다
p02_u35,p02,avg_taps_ce0.0,공매주십 해의주식등 영학발로 특하된 ai 아고리짐을 덮지한 ai 본드들을 제공에 고개후의 트자 송향의 막에선 택할수 있다
p02_u35,p02,avg_taps_ce10.0,공네주십 회회주식등 영역발로 특카된 i 아고리짐을 닥지한 i 본드들을 제공에 보개의 투자송향의 막되선 택할 수 있다
p02_u35,p02,avg_ce0.0_ce10.0,국매주십회회으식등 영역발로 카된 아i 아고리짐을 닥지한 i 본든들을 재금에 보개의 최자송향의 막되선 택할수 있다
p02_u36,p02,avg_taps_ce0.0,이피f투자를 원하는 고객들은 개별 2티프 퍼드의 섬택게 금달러 책건되이 영역에도 투잘씻다
p02_u36,p02,avg_taps_ce10.0,이피f 투자를 원하는 고객들은 개별 이p프 퍼드의 험택해 금달러 책건되긴 영역에도 투잘씻다
p02_u36,p02,avg_ce0.0_ce10.0,이pf 투자를 원하는 고객들은 개별 2티프 퍼드일 섬택해 금달러 책건되긴 영역에도 투자씻다
p02_u37,p02,avg_taps_ce0.0,사망회 보장하는 일반 사망훈과 고도 제의 장해를 보장하는 제 장해우중 선텍 가능하며 나비끼간 및 유형에 따라 영체부터 시십새까지 가입할 수 있다
p02_u37,p02,avg_taps_ce10.0,사망을 보장하는 일반 사명형과 보도 제의 장해를 보장하는 제 장예중 선택 가능하며 나비끼간 및 유형에 따라 영체부터 70새까지 가입할 수 있다
p02_u37,p02,avg_ce0.0_ce10.0,사망을 보장하는 일반 사명형과 보도 제의 장해를 보장하는 제 장예울중 선택금 가능하며 나비끼관 및 유형에 따라 영체부터 70새까지 가입할 수 있다
p02_u38,p02,avg_taps_ce0.0,기봉 호없면낸 정의 평시만은 이상 1신합 천천만은 이상으로 가입할 수 있다
p02_u38,p02,avg_taps_ce10.0,"기본 보없면낸 정의 평1은 이상 a1합 참,만은 이상으로 갈할 수 있다"
p02_u38,p02,avg_ce0.0_ce10.0,기본 보없면낸 정의 평1만은 이상 1신합 참충만은 이상으로 갈할 수 있다
p02_u39,p02,avg_taps_ce0.0,일정기간 정립프 보다 안정적인 실걸리를 원원다면 공식 이로 정립때는 이반 계정견난 책건 이tf 재간접평 편드로의 정립근 이전정도 화용할 쉽다
p02_u39,p02,avg_taps_ce10.0,일정직간 정립프 보다 안정적인 쓰관리를 원원다면 공식 이울로 정립때는 엘반 계정교한 책건 이tf 재간접평 판드로의 정립끔 이전정로 화용할씻다
p02_u39,p02,avg_ce0.0_ce10.0,1정시간 정립프 보다 안정적인 쓰관리를 원한다면 공식 이u로 정립때는 이반 계정견한 책건 이tf 재간접평 판드로의 정립금 이전정도 화용할 씻있다
p02_u40,p02,avg_taps_ce0.0,2제명 더브럼 민주땅 개선우보가 사전 특을 전날인 차일 강원도 속처 방문에 한 패을 상식 살리어려더한 계획을 받고 서월 강화문에서 특절를 하기보 했다
p02_u40,p02,avg_taps_ce10.0,이제 명 더불럼 민즈땅 대선우보가 사전 숙트 전날인 차일 강원도 속처를 방문에 한 표을 생식 사여려더한 계획을 받고 서월 강화문에서 투절를 하기보 했다
p02_u40,p02,avg_ce0.0_ce10.0,이제 명 더불럼 민즈땅 대선우보가 사전 속체 전날인 차일 강원도 속처을 방문에 한 표를 상식 살어려더한 계획을 받고 서월 강화문에서 투절를 하기로 했다
p02_u41,p02,avg_taps_ce0.0,운석결 공인의인 대성보와 안철수 공민의단 후보간 다니하가 정격선 사되면서 서울 표식 집증 공약에 나석이 위한 것으로 풀리됩다
p02_u41,p02,avg_taps_ce10.0,운석결 공민의인 대프러 후보와 안철수 공민의단 후보가한 다니화가 정격선 사되면서 서월 표심 집증 공약에 나석이 위한 것으로 풀리됩다
p02_u41,p02,avg_ce0.0_ce10.0,운석결 공민의인 대선후보와 안철수 공민의단 후보가한 다니화가 정격선 사되면서 처월 표심 집증 공약에 나석이 위한 것으로 풀리됩다
p02_u42,p02,avg_taps_ce0.0,3일 민즈당 강원 선대일은 사이 이 후보의 속초 사음 투품일 직증 유체가 치소했다며 다만 강농이 충천 지통요체을 예정들로 지행할 예정이라고 밝겠다
p02_u42,p02,avg_taps_ce10.0,참일 민주당 강원 선대위는 사의 이후보의 속초 사전 투통일 지증 유체가 치소했다며 다만 강능리 충천 지증 요체는 예정들로 지행할 예정이라고 밝혔다
p02_u42,p02,avg_ce0.0_ce10.0,3일 민주당 강원 선대위는 차일 이후보의 속쳐 사전투통일 직증 유새가 치소했다며 다만 강능및 충천 지증 요전는 예정들로 지행할 예정이라고 밝혔다
p02_u43,p02,avg_taps_ce0.0,이해와 갈려한 민수당 선대일 강계자는 약관 단위하로 상황이 긴박해졌다며 소월에서 특켜하며 공인들에게 파은투되 처멸를 권위할 예정이라고 말했다
p02_u43,p02,avg_taps_ce10.0,이해와 갈려한 민수당 선데일 강계자는 약관 다미하로 상황히 긴박해셨다며 서월에서 특켜하며 공린들에게 파은 투태어 처면를 건유할 예정이다고 말했다
p02_u43,p02,avg_ce0.0_ce10.0,이해와 갈려한 민수당 선데일 강계자는 약관 단미라로 상황히 긴박해졌다며 처월에서 특여하며 공민들에게 파은 투태워 처면를 건위할 예정이라고 말했다
p02_u44,p02,avg_taps_ce0.0,당축 인구는 강원히 케스팀부터로 끝패운 만평 강원 민심을 자기 위해 사해 스출에서 사존 스표를 환뒤 장능과 출천정을 차져 예개획겼다
p02_u44,p02,avg_taps_ce10.0,당초 이응보는 강원이 케스팀부터로 꺼패운 만경 강원 민심의 작기 위해 사의 습초에서 사련 스표를 환지 장능과 출천등을 차을 예해획겼다
p02_u44,p02,avg_ce0.0_ce10.0,장초 이응원는 강원이 케스팀그터로 꺼패운 만경 강원 민심의 작기 위해 사해 속초에서 사련 스표를 한지 장능과 출천등을 차을 예해획겼다
p02_u45,p02,avg_taps_ce0.0,하지만 이나 약관 후보 다일라로 안 후버를 지지했던한 종독처후 폐시을 끌러움이 위해 사점 습표 장소를 서울로 받고 것으로 보인다
p02_u45,p02,avg_taps_ce10.0,하지만 이나 약관 후보 다일라로 안 후버를 지지했던 종독층 폐심을 끌록움이 이해 사전 스표 장소를 서울로 받군 것으로 보인다
p02_u45,p02,avg_ce0.0_ce10.0,하지만 이나 약권 후보 다니라로 안 후버를 지으했던한 종독층 폐심을 끌록움히 위해 사전습표 장소를 서울로 부군 것으로 보인다
p02_u46,p02,avg_taps_ce0.0,천적여 천창교구 옮교동 권당이 부활절를 맞아 재화륭쿠물을 화용한 군음달이 가족 부활 측하 개난 코슬틀를 열러 문기를군다
p02_u46,p02,avg_taps_ce10.0,천적여 천창격구 옮교동 권당이 부활절를 맞아 제화령쿠물 화용한 군음달이 가족 부활 축하 개한 코을스트를 열러 름기를끝다
p02_u46,p02,avg_ce0.0_ce10.0,선적여 천창격구 온교동 권당이 부활절를 맞아 재활인쿠물 화용한 군음달이 가족 부활 추하 개한 코을틀를 열러 눈기를끝다
p02_u47,p02,avg_taps_ce0.0,탐미 받으 초서 7년 여정을 지내며 황경회복을 실천하고 있는 온기동 군당은 지한 1일 9활 되측이 위사에서 코텔스트 우수작을 발추하고 나음을 지행했다
p02_u47,p02,avg_taps_ce10.0,참미 바으초서 7년 여정을 지내며 황경회복의 실천하고 있는 온교동 군당은 지한 1일 9활 대측길 미사에서 코텔스트 우스작을 발투하고 나음을 지행했다
p02_u47,p02,avg_ce0.0_ce10.0,탐미 바으초서 7년 여정을 지내며 황경회복의 실천하고 있는 온교동 군당은 지한 1시일 부활 되측길 미사에서 코텔스트 의수작을 발추하고 나음을 지행했다
p02_u48,p02,avg_taps_ce0.0,공교동 건당 사목해 천미바주 소서 분가와 공사 분가가 말련한 2번 큰테스트는 제화령소이나 제사용이 가영한 물품을 화용에 부월절 개란을 선보있는데 이밀를 닫다
p02_u48,p02,avg_taps_ce10.0,옮교동 군당 사목해 천미 받으 소서 분가와 봉사분가가 말련한 2반 큰텔스트는 제화령품이나 제사용이 가능한 물품을 화용해 부활절 개란을 섬보있는데 이밀를 닫다
p02_u48,p02,avg_ce0.0_ce10.0,옮교동 군당 사목해 참미 바으 소서 분가와 봉사 분가과 말련한 이반 큰테스트는 제화령숨이나 제사용이 가능한 물품을 화용해 부활절 개라을 선보 있는데 이밀를 돋다
p02_u49,p02,avg_taps_ce0.0,태화용큼을 얼마나 잘 화용 있는 지와 얼마나 영성적인지 심이적인 지를 심사했다
p02_u49,p02,avg_taps_ce10.0,결화용품을 얼마나 잘화용있는지와 얼마나 영성적인지 심이적인지를 심사했다
p02_u49,p02,avg_ce0.0_ce10.0,제화용품을 얼마나 잘 화용 있는 지와 얼마나 영성적인지 심의적인 지를 심사했다
p02_u50,p02,avg_taps_ce0.0,코테스테일이는 새득병과 나무적가락 게람판 떨어진 솔립을 주어 예수님이 대의 우르신 모습을 취어할 사천프은 손나무 팀에 돌아갔다
p02_u50,p02,avg_taps_ce10.0,코테스테일이는 패병과 나무적가락 게람판 떨어진 솔립을 주어 예수님이 배의 우르신 모습을 표현할 사천풀은 손나무 팀해 돌아갔다
p02_u50,p02,avg_ce0.0_ce10.0,코테스테일이는 새병과 나무적가락 게람판 떨어진 솔립을 주어 예슴님이 배의 우르신 모습을 취현할 사천풀를 손나무 팀에 돌아갔다
p02_u51,p02,avg_taps_ce0.0,천미 바으 소서 7년 여정은 규황청의 재안에 따라 존세계의 가틀릭 교회가 동착만을 황령품페이이다
p02_u51,p02,avg_taps_ce10.0,천미 바루소서 7년 여정은 교황청의 재안에 따라 존세계의 가틀릭 교회가 동착만은 성령품페이이다
p02_u51,p02,avg_ce0.0_ce10.0,천미 바르소서 7년 여정은 규황청의 재안에 따라 존세계일 가틀릭 교회가 동착만은 황령품페이이다
p02_u52,p02,avg_taps_ce0.0,전국 교구에서 지구와 인류 공동체의 세태적 이지에 대항 당확심을 갔고 자양한 1천 방안을 제시 행공워고 있다
p02_u52,p02,avg_taps_ce10.0,전국 교구에서 지구와 인류 공동체의 생태적 위지에 대항 동각심을 갔고 사양한 실천 방안을 제시 행동하고 있다
p02_u52,p02,avg_ce0.0_ce10.0,전국 교구에서 지구와 인류 공동체의 세태적 위지에 대항 동각심을 갔고 자양한 실천 방안을 제시 행동하고 있다
p02_u53,p02,avg_taps_ce0.0,개하한 공이 코로는 이후의 상회부 전안의 달마처 고객들의 마일리질 사용터리를 이한 썩길 쓰을 협자하고 있다
p02_u53,p02,avg_taps_ce10.0,개한한공이 코로는 이후의 상회북 전난에 달마처 고격들의 마일리지 타용편일를 이한 프어벳스를 헛지하고 있다
p02_u53,p02,avg_ce0.0_ce10.0,제안한공일 코로한 이후의 상회북 전난에 달마처 고객들의 마일리지 사용편의를 위한 프어벳스를 확지하고 있다
p02_u54,p02,avg_taps_ce0.0,대안난공궁 이달 31에 가지 대안난공음 폐이지 및 모바일로 케시 마유질의 위용하는 생각들에게 마일른지를 황급해주는 폐임백 의뱅트을 지행한다고 사혈 밝혔다
p02_u54,p02,avg_taps_ce10.0,대안한공훈 2달31일 가지 대안한공훈페이지및 모바일로 케신 말일질의 위용하을 생객들에게 마일리질를 황급해주는 행백 위뱅트를 지행한다고 사열 밝혔다
p02_u54,p02,avg_ce0.0_ce10.0,대안한공훈 2달31일 까지 대안한공훈 폐이지및 모바일로 케시 마일질의 위용하을 생객들에게 마일린질를 황급해주는 행백 위뱅트를 지행한다고 사열 밝혔다
p02_u55,p02,avg_taps_ce0.0,개한한공 공계자는 홍곡관 금메시 은na브을 마일리질로 대신 사용하면 채대 4백0나에까지 마일리질를 다시 돌려드인다고 세명했다
p02_u55,p02,avg_taps_ce10.0,개한한공 관계자는 홍공관 금메시 은익 1브을 마일리지어 대신 사용하면 최대 4백0나에까지 마일리질를 다시 돌려드인다고 세명했다
p02_u55,p02,avg_ce0.0_ce10.0,개안한공 동계자는 홍공관 금메시 은ne브을 마일리즈로 대신 사용하면 최대 4백0나에까지 마일리질를 다시 돌려드인다고 세명했다
p02_u56,p02,avg_taps_ce0.0,2번 18의 통의 케취인 마일질의 이용해 1050마의 이상 공제후 홍공끝 군메및 닥증 관류하면 2백0마일를 돌려준다
p02_u56,p02,avg_taps_ce10.0,이번 혈파을 통의 케시인 말일질를 이용해 1500마일 이상 공죄후 홍궁끝 군메및 닥증 말류하면 200마일를 돌려준다
p02_u56,p02,avg_ce0.0_ce10.0,이번 혈사를 통의 케시인 말일질일 이용해 150마일 이상 공제후 홍궁끝 군메및 닥증 말류하면 200마이를 돌려준다
p02_u57,p02,avg_taps_ce0.0,대한한공 카을 감상객절에 이용할 경을 해택을 소행나할까지 늘어납다
p02_u57,p02,avg_taps_ce10.0,대안한공 카득 감청결절의 이용할 병우 해택은 서백망할까지 늘어난다
p02_u57,p02,avg_ce0.0_ce10.0,대안한공 카득 감상결절의 이용할 병우 해택은 소백만할까지 늘러난다
p02_u58,p02,avg_taps_ce0.0,케시인 말지는 대항한공이 스카이페스트 제두 개편의 이원으로 지난의 1월부터 두 입한 마일리지 복학 결져했 섬있으다
p02_u58,p02,avg_taps_ce10.0,케씬인 말즈는 대항한공이 ski페e스트 제두 계편의 이원으로 지남의 1월부터 두 입한 마일리지 북학 결제했씁있쓰다
p02_u58,p02,avg_ce0.0_ce10.0,케씬 말즈는 대항한공이 sk이pe트 제두 계편의 이원으로 지남의 1월부터 두입한 마일리지 북학 결제했씁있으다
p02_u59,p02,avg_taps_ce0.0,항궁꼭 금메시 은님의 이직터센틀 인혜의 길개게 고객지 원안을 망편 마일리주로 될제할 수 있다
p02_u59,p02,avg_taps_ce10.0,항궁꼭 군메시 은님의 이집토센트 인혜의 길획길 고객지 원하면 망편 말일리주로 결제할 수 있다
p02_u59,p02,avg_ce0.0_ce10.0,항궁꼭 금메시 은님의 이집터센틀 인혜의 즐획을 독제시 원하면 망편 말일리주로 설지할 수 있다
p02_u60,p02,avg_taps_ce0.0,판멘 저석수와 7발리의 재안을 받지 않고 오백마일부터 사양할 수 있어서 적은 말 위주로도 이용 관행하다
p02_u60,p02,avg_taps_ce10.0,탐매 저석수와 출발리의 재안을 받지 않고 오백아이부터 사용용할 을 있어서 적은 말 리줄로도 이용 관령하다
p02_u60,p02,avg_ce0.0_ce10.0,탐매 저석스와 7바리의 재안을 받지 않고 오백하이부터 사용용할 을 있어서 적은 말 리줄로도 이용 관용하다
p02_u61,p02,avg_taps_ce0.0,또한 공네손에서 국제선에 모든 오인까지 가능에 마일리지 사용검미가 널다
p02_u61,p02,avg_taps_ce10.0,또한 공네손에서 국제선에 모든 오인까지 가능에 마일리지 사용검이가 널다
p02_u61,p02,avg_ce0.0_ce10.0,또한 공네천에서 걱제선에 모든 오인까지 가능에 마일리지 사용검위가 널다
p02_u62,p02,avg_taps_ce0.0,케시행 마일질를 사용하더라도 항곡건 전체 우임의 해당하는 말일리시도 싸인다
p02_u62,p02,avg_taps_ce10.0,케시인 말일질를 사용하떨라도 항공권 전체 음림의 해당하는 말일리지도 싸인다
p02_u62,p02,avg_ce0.0_ce10.0,케씨인 말일주를 사용하떨라도 항곡권 전체 의림의 해당하는 말일리지도 싸인다
p02_u63,p02,avg_taps_ce0.0,개하난궁 감계전낸 이항을 구식들이 보다시끝 편린하게 말일리집을 사용할 수 있도록 관련 서비음이 사용처를 자양화할 계획기라고 말했다
p02_u63,p02,avg_taps_ce10.0,대한한은 관계전는 이항을 구식들이 보다식꽃편리하게 말리집을 사용할 수 있도록 관년 서비음이 사용처를 자항하 계획이라고 말했다
p02_u63,p02,avg_ce0.0_ce10.0,제안한궁 관계전는 항을 구식들이 보다식끝 펼리하게 말일리집을 타용할 수 있도록 관년 서비음이 선용처를 장용화에 계획이라고 말했다
p02_u64,p02,avg_taps_ce0.0,귀난 율1에 집방 선거을 앞더고 사의 강개망 서비스에서 정치적 종립 둘물를 지키지 않은 정복 지업 공우원들이 무어기로 접밟했다
p02_u64,p02,avg_taps_ce10.0,귀난 6의의 집방 성거로 앞더고 사의 강개망 처비에서 정치적 종립 둘물를 지키지 않는 정복지역 봉원들이 무덤기로 접밟렸다
p02_u64,p02,avg_ce0.0_ce10.0,지한 61의 집방 성거로 앞더고 사의 강개망 서비스에서 정치적 종립 줄물를 지키지 않은 정복지역 봉우원들이 무덤기로 접밟렸다
p02_u65,p02,avg_taps_ce0.0,전복또을 112 사은 내용의 공직 기강 감찰 결과를 발추하고 해장 공모안에 대한 인서상처분을 단체 기존장에게 율고했다
p02_u65,p02,avg_taps_ce10.0,전복더는 11 이같은 내용의 공직 기강 감찰 결관를 발트하고 해당 공로안에 대한 인서상처분을 단체 기던장에게 율구했다
p02_u65,p02,avg_ce0.0_ce10.0,전복더는 11 2 갖은 내용의 공직 기강 감찰 결관를 발추하고 해장 공호원에 대안 인사상처분을 단체 전장에게 율보했다
p02_u66,p02,avg_taps_ce0.0,감차의 결과를 부면 전북도의아 이시란이 무주군 후항군 일부 공모어는 성거 관련 애치했 수 계심물에 조아요를 만게는 수십차에 쉽울렀다
p02_u66,p02,avg_taps_ce10.0,감차의 결과를 부면 전북도의에와 이한이 무주군 후항군 일부 공모원는 성거 갈련 애쓰행을 수 계심물에 조아요를 만게는 서십차씩 놀렀다
p02_u66,p02,avg_ce0.0_ce10.0,감차의 결과를 부면 전북도의에와 이란지 무주군 후항군 일부 공무원는 성거갈련 애쓰행했 수 계심물에 조아요를 만게는 수십차씩 놀렀다
p02_u67,p02,avg_taps_ce0.0,계신문 중애는 후보자의 구향기나 성거운동 혈동의 관한 줄도 있는 것으로 알려졌다
p02_u67,p02,avg_taps_ce10.0,계신물 중에는 후보자의 구약기나 성거운동 활동의 관한 결도 있는 것으로 알려졌다
p02_u67,p02,avg_ce0.0_ce10.0,제신물 중에는 후보자의 구약지나 성거운동 활동의 관한 결도 있는 것으로 알려졌다
p02_u68,p02,avg_taps_ce0.0,공직 성업법과 기방공모원 공목 규정한 공무원히 성거의 부당한 영형력을 행사하거나 특점 모자를 지지 또는 반대하는 행위를 해서는 안든다고 구장하고 있다
p02_u68,p02,avg_taps_ce10.0,공직 성업법과 기방공무원 공부 규정은 공무원히 성거의 부당한 영형력을 행사하거나 특점후보자를 지지 또는 반대하는 행위를 해서는 안든다고 굴장하고 있다
p02_u68,p02,avg_ce0.0_ce10.0,공직 성업법과 기방공무원 동목 규정은 공무원히 성과의 부당한 영형력을 행사하거나 특점후보자를 지지 또는 반대하는 행위를 해서는 안든다고 굴장하고 있다
p02_u69,p02,avg_taps_ce0.0,점북똑 감사관실은 공모갈리를 소우리한 단체와 그관장을 주의쳐은하고 해당 공무원들에 대해서을 홍개하도록 유구했다
p02_u69,p02,avg_taps_ce10.0,전북또 감사관실은 공모갈리를 소울리한 단체와 규관장을 주의쳐은하고 해당 공부원들의 대해서을 홍개하도록 유구했다
p02_u69,p02,avg_ce0.0_ce10.0,전복또 감사관실은 공무갈리를 소울리한 단체와 규관장을 주의쳐은하고 해당 공부원들에 대해서을 홍개하도록 유구었다
p02_u70,p02,avg_taps_ce0.0,담사관 씨은 선고 종및의무가 있는 공원들이 택정포보자를 지지하는 것으로 비치면 생정의 실례를 실7킬 우려가 있다고 밝혔다
p02_u70,p02,avg_taps_ce10.0,선사관 씨은 선거 종립의무가 있는 공우원들이 특정후보자를 지지하는 것으로 비치면 행정의 신례를 실치시킬 우력가 있다고 밝혔다
p02_u70,p02,avg_ce0.0_ce10.0,잠사간 씨은 선거 중립 얼무가 있는 공우원들이 택정후보자를 지지하는 것으로 비치면 생정후 신례를 실치시킬 우력가 있다고 밝혔다
p02_u71,p02,avg_taps_ce0.0,공국에서 코로나 1고 감염이 격정하는 가운데 방역당국이 하로신국가연자가 3천 체백만 명의 일을 것으로 전망했다
p02_u71,p02,avg_taps_ce10.0,궁국에서 코로악 일구 감염이 급증하는 가운데 방역당국이 하로 신국 감염자가 3천7백만 명의 일을 것으로 전망했다
p02_u71,p02,avg_ce0.0_ce10.0,궁국에서 토로나 일구 감염이 급증하는 가운데 방역당국이 하로 신국 가염자가 3천7백만 명의 일을 것으로 전망했다
p02_u72,p02,avg_taps_ce0.0,26기 불름법으 통신에 따르면 지난줄 중국 당국에 레브회위에서 국과 위생공광 위원회가 이런 추산치를 내놓았다
p02_u72,p02,avg_taps_ce10.0,26일 불름법으 통신에 따르면 지난줄 중룩 당룩에 내부회위에서 국과 위생공광 위원회가 이런 추산치를 내누었다
p02_u72,p02,avg_ce0.0_ce10.0,26일 플름버으 통신에 따르면 지난줄 중국 당룩해 내부회위에서 국과 위생공광 위원회가 일런 추산치를 내놓었다
p02_u73,p02,avg_taps_ce0.0,국과 위생이 공광 위원에는 공모한 찬합 기간으로 방역의 실모 살령타비며 위언장이 장강급이다
p02_u73,p02,avg_taps_ce10.0,국과 위생이 공광 위원해는 공모한 산나기간으로 방역의 실무 살령타비며 위언장이 장강급이다
p02_u73,p02,avg_ce0.0_ce10.0,국과 위생의 공광 위원해는 공모한 사나기간으로 방역의 실무 사령타비며 위언장이 장강급이다
p02_u74,p02,avg_taps_ce0.0,공국 장국은 이달 치의 부터 종기적 전수 유전자 중독 검사했고 시자일 부터는 무륭상 감염자 통계를 발표하지 않고 있다
p02_u74,p02,avg_taps_ce10.0,통국장국은 이달 7의 표하 정기적 전수 유전자 종독 검사했고 피자일 부터는 무륭상 감염자 통계를 발표하지 않고 있다
p02_u74,p02,avg_ce0.0_ce10.0,풍국장국은 이달 치의 곁 정지적 전수 유전자 증독 넘사했고 히자일 부터는 무능상 감염자 통계를 발표하지 않고 입다
p02_u75,p02,avg_taps_ce0.0,호능하이고 사망자도 감염후 태험이나 호 부전으로 숨진 경우회만 지대한전는 원축을 봉제의 한바 있다
p02_u75,p02,avg_taps_ce10.0,코나이고 사망자도 감염후 패험이나 호부전으로 숨짐 경우에만 직대한절는 원축을 공제의 한바 있다
p02_u75,p02,avg_ce0.0_ce10.0,코나이그 사망자도 감염후 폐험이나 호부전으로 숨짐 경우에만 지대한전는 원축을 봉제의 한바 있다
p02_u76,p02,avg_taps_ce0.0,이어 25회부터 코로나 에에고 1의의신이질가염 통계 발표를 중전한다고 밝혀 풍국 당국이 통계를 조책하하는 것 아니냐을 일구심이 제지되고 있다
p02_u76,p02,avg_taps_ce10.0,이어 25일부터 코로나이고 1의의신 이을가면 통계 발펴를 중자한다고 발혀 통국 당국이 통계를 조책하하는 것 아니냐아는 일구심이 제지되고 있다
p02_u76,p02,avg_ce0.0_ce10.0,이어 25일부터 코로나일고 1의식이을 가면 통계 발펴를 중자한다고 발혀 통국 당국이 통계를 조책하하는 것 아니냐는 일구심이 제지되고 입자
p02_u77,p02,avg_taps_ce0.0,"이런 가운데 장명 기증으로 인국가 6,51사십만 연명인 저장성 방역 당국이 전나의 하로 식질 감염자가 등만명을 넘었다고 달혔다"
p02_u77,p02,avg_taps_ce10.0,"이런 가운데 장명기은으로 인구가 6,54만 연명인 저장성방역 당루디 전날 하로 식즈 감염자가 등만명을 넘었다고 밝혔다"
p02_u77,p02,avg_ce0.0_ce10.0,"이런 가운데 창명 기신으로 인루가 6,54만 연명인 조장성 방역 당루디 전날 하로 식즈 감염자가 등만명을 넘었다고 잘혔다"
p02_u78,p02,avg_taps_ce0.0,일을 단순 적용하면 1사옥 증국진 전체로는 하로의 200택 만 여명이 간염되을 것이라는 수정도 나운다
p02_u78,p02,avg_taps_ce10.0,입을 단순 적용하면 1사옥 중국진 전체로는 하로일 200택만연명이 간염되을 것이라는 추정도 나운다
p02_u78,p02,avg_ce0.0_ce10.0,일을 단순 적용하면 1사옥 증국진 전체로는 하로의 200대만 여명이 간염되을 것이라는 수정도 나운다
p02_u79,p02,avg_taps_ce0.0,불름박거는 대이징아 이십은 오및크론이 징국 담무의 주요드시 들해해서도 두쪽더로 확산했고 위제는 소도시와 농총으로 전파되는 것으로 보음다고 전했다
p02_u79,p02,avg_taps_ce10.0,불름바거는 베이징아 이집은 오및크론니 징국 담무의 주요드시 드해해서도 두쪽더록 확산했고 의제는 소도시와 농총으로 전파되는 것으로 보인다고 전했다
p02_u79,p02,avg_ce0.0_ce10.0,불름바거는 베이징할 집은 오및크론니 징국 담무의 주요드시 드해해서도 두쪽더록 확선했고 위제는 소도시와 농총으로 전파되는 것으로 보인다고 전했다
p02_u80,p02,avg_taps_ce0.0,특히 다음자 이db일 7세월 기천으로 수성명이 고향을 방문하고 복게하는 가정에서 확산이 증폭되 것이라는 간추지 유졌하다
p02_u80,p02,avg_taps_ce10.0,특히 방음딸 2v일 천재을 기점으로 수황명이 고향을 방문하고 복게하는 가정에서 확산이 증폭될 것이라는 간측지 유력하다
p02_u80,p02,avg_ce0.0_ce10.0,특히 다음잘 211 큰세월 기점으로 수황명이 구향을 방문하고 복게하는 가정에서 확산이 증폭될 것이라는 간추지 유력하다
p02_u81,p02,avg_taps_ce0.0,굴름법고는 애트레이시대전나 실상 거점인 정적우와 산통성우 포베이성 후은 1월 중순의 호로능해일구 신질 감염이 정점을 치을 것으로 예상된다고 정했다
p02_u81,p02,avg_taps_ce10.0,불름버그는 에프레 시대전나 실상 거점인 정접우와 산통성 후백의성 등은 1월 중순의 코로능의 일구 신길 감염이 정점을 치을 것으로 예상된다고 정했다
p02_u81,p02,avg_ce0.0_ce10.0,불름법그는 에프레 시대전나 시상 거점인 정접우와 산통성우 후베의성 두은 1월 중슨의 코로능의 일구 식질 감염이 정점을 직을 것으로 예상된다고 정했다
p02_u82,p02,avg_taps_ce0.0,차 바유테 괴사 차백신 연구소가 3세대 비험관염 예방1신 cvihvv 공공 위에 운상 이상 크어를 맞쳤다고 발혔다
p02_u82,p02,avg_taps_ce10.0,차발이텔 괴자 차백영구소가 3세대 비험가염 예방1신 cvihpv공공 위에 용상 이상 세역를 맞쳤다고 밝혔다
p02_u82,p02,avg_ce0.0_ce10.0,차발이유텔 괴자 차백신 영부소가 3세대 비험가염 예방1신 cvihpv공공 2에 용상 예상 스역를 맞쳤다고 밝혔다
p02_u83,p02,avg_taps_ce0.0,차1신 연구소는 2021년 6월 1풍 의약품 안은 처로부터 3세대 비영관영 예방배신에 공의 이 임상 폐상 임상 시험 계획서 승인을 받았다
p02_u83,p02,avg_taps_ce10.0,차0 연구소는 22년 6월 1품 의약품 안전 처로부터 3세대 비원관염 예방1신의 국령이임상 외상 임상 시험 계획서 증인을 받았다
p02_u83,p02,avg_ce0.0_ce10.0,차백연구소는 2022년 6월 1품 의약품 안전 철로부터 3세대 비험관염 예방백신의 궁네임상 의장 임상 시험 계획서 승인을 받았다
p02_u84,p02,avg_taps_ce0.0,이후 스크리인시 기영관념에 대한 형체가 음성인 119세이상 65미만의 선이인 30령을 개상으로 cvihvv 공공 이 키를 끝냈다
p02_u84,p02,avg_taps_ce10.0,이u 스키리딩씨 기험관념에 대한 항체가 음성인 만1크의 이상 75의 미만의 선님인 함0령을 계상으로 cvihbp 공공 이 티어를 끝냈다
p02_u84,p02,avg_ce0.0_ce10.0,이u스크리링씨 기형 반념에 대한 상체가 음성인 만1크세 이상75체미만의 선행인 30령을 계상으로 cvihbv 공공 이 티어를 끝냈다
p02_u85,p02,avg_taps_ce0.0,앞으로 일령간 추적건찰람면서 안전성 내약성우 탐책적 몇혹 원종을 평가에 가음단게 인상에 준비한다고 해사측은 자혔다
p02_u85,p02,avg_taps_ce10.0,앞으로 일령간 추적 건사람면서 안던성 내약성 탐책적 몇혹 원성을 평가에 다음 단계 인상의 준비한다고 해사측은 달혔다
p02_u85,p02,avg_ce0.0_ce10.0,앞으로 일령간 추적 건사람면서 안전성 내약정 탐색적 몇혹 원성을 평가에 다음단게 인상을 준비한다고 회사측은 달셨다
p02_u86,p02,avg_taps_ce0.0,1vihpv일 고공 이면 3세대 항원님 hpsahvr과 연약 중강치제 apampo을 포험하고 있다
p02_u86,p02,avg_taps_ce10.0,지v의hp뒤 고록이는 3세대 향원인 ahpsa지vr과 연약 증강제pampo을 포어먹을했다
p02_u86,p02,avg_ce0.0_ce10.0,지vihpv 고록 이는 3세대 항원인 ahps지r과 연약 증강치제pampo을 포험먹을했다
p02_u87,p02,avg_taps_ce0.0,hksah는 1년9소가 첫체 개발한 3세대 하원으로 이세대 하원보다 면역 원정이 높다
p02_u87,p02,avg_taps_ce10.0,hksah는 10연구소가 자체 개발한 3세대 항원으로 이세대 항원보다 면력 원정인 높다
p02_u87,p02,avg_ce0.0_ce10.0,lahpsah는 차신연구소가 자체 개발한 3세대 항원으로 위세대 항원보다 면력 원정인 높다
p02_u88,p02,avg_taps_ce0.0,면약 중광제 lpampo는 체획성 연약 다능과 1포성 면약 다능을 동시에 유도에 체획성 면약 기능이 대부분인 타사 면약 증강제보다 쉽과가 좋하고 설명했다
p02_u88,p02,avg_taps_ce10.0,몇약 증광제 lpampo는 체획성 면역 다능과 7포성 면약 다능을 동시에 유도해 책획성 면역 기능이 대부분인 타사 몇역 증강제보다 실과가 좋하고 세명했다
p02_u88,p02,avg_ce0.0_ce10.0,며약 증광제 lpampo는 책획성 면역 다능과 7포성 면약 다능을 동시의 유도해 책획성 면역 기능이 대부분인 타사 몇역 증강제보다 직과가 좋하고 세명했다
p02_u89,p02,avg_taps_ce0.0,차1 년구서는 기전의 비험관영 예방 백신을 맞져도 방원효과가 없는 무 반행히작고내서도 방원효가를 유도할 수 있을 것으로 기대할동이 있다
p02_u89,p02,avg_taps_ce10.0,차 백신 영구소는 기전의 비험 관염 예방 백신을 맞어도 방화효과가 없는 무 반행히 작군해서도 방화효가를 유도할 수 있을 것으로 기대할두 있다
p02_u89,p02,avg_ce0.0_ce10.0,차백신 영구소는 기전의 비형 환염 예방 백신을 맞져도 방화효과가 없는 무 반능히작군해서도 방화효가를 유도할 수 있을 것으로 기대할두고 있다
p02_u90,p02,avg_taps_ce0.0,주말 낮죄 서울 강랑구에 한 클업을 방문나 20대 여성이 기가 잘린 사실를 파락하고 친고에 경찰이 있건전 조사를 버리고 있다
p02_u90,p02,avg_taps_ce10.0,주만 낮죄에 설 강랑구에 한 클업을 강문나 2십대 여성이 길가 잘린 사실를 파락하고 신구에 경찰이 입건전 조사를 버리고 있다
p02_u90,p02,avg_ce0.0_ce10.0,주말 나아에 설 강랑구에 한 클업을 방문나 이십대 여성이 길가 잘린 파시를 파락하고 신고에 경찰이 입건전 조사를 버리고 있다
p02_u91,p02,avg_taps_ce0.0,시피일 경찰에 따르냐 서월 강난 경찰 서는 강랑고 농향운동에 이치한 클럽을 방음만할 여성이 기가 잘렸다는 신골을 전날 적수에 조사를 버리 주었다
p02_u91,p02,avg_taps_ce10.0,시피일 경찰에 따르냐 서울 강난 경찰 서는 강랑고 농향운 동에 이치한 클럽을 방문할 여성이 기가 잘렵다는 신골을 전날 적수에 조사를 버리 주었다
p02_u91,p02,avg_ce0.0_ce10.0,1피일 경찰에 따르냐 서을 강랑 경찰 서는 강랑고 농향운 동에 이치한 클럽을 방물할 여성이 기가 잘렵다는 신골을 전날 적수에 조사를 버리 주었다
p02_u92,p02,avg_taps_ce0.0,기난그의 낫 해당 클러을 차은 여성을 소레치한 상태로 스클락 강계자에게 발견됩다
p02_u92,p02,avg_taps_ce10.0,기난그의 나 해당 클로을 차은 여성을 술레치한 상태로 스클럽 관계자에게 발견됩다
p02_u92,p02,avg_ce0.0_ce10.0,기난그의 나 해당클로을 차은 여성을 술레치한 상태로 스클럽 강계자에게 발견됩다
p02_u93,p02,avg_taps_ce0.0,장시 강기자는 여성이 피을 혈리는 것을 보고 일릴 구해 신골르했주나 여성이 치월를 거부에 응급첫치한 받고 그가였다
p02_u93,p02,avg_taps_ce10.0,당식 강기자는 여성이 피를 혈리는 것을 보고 일릴구해 신고르해 주나 여성의 치월를 거부에 응급첫친한 받고 기가했다
p02_u93,p02,avg_ce0.0_ce10.0,장식 강기자는 여성이 피를 혈리는 것을 보고 일릴구해 심고르했 주나 여성의 치월를 거부에 음급첫치만 밖도 귀가했다
p02_u94,p02,avg_taps_ce0.0,다음나 여성은 상처와 크다하는 것을 인지하고 응급씨에 처자가 치령을 받았으며 도지의 경찰려두신고했다
p02_u94,p02,avg_taps_ce10.0,다날 여성은 상처가 크다하는 것을 인지하고 응급 씨에 쳐자가 치요를 받았으며 송지의 공찰를두신고했다
p02_u94,p02,avg_ce0.0_ce10.0,다음날 여성은 상처와 크다하는 것을 인지하고 응급씨대 처자가 치요를 받았으며 송시의 경찰를 두신고했다
p02_u95,p02,avg_taps_ce0.0,여성은 술랫끗봉이 기가 잘려 있었으며 어떤 경위를 잘림것인 지낸 기험하지 않는다는 치지로 질스사함 것으로 전해졌다
p02_u95,p02,avg_taps_ce10.0,여성은 술력귀분이 기가 잘려 있었으며 어떤 경위를 잘린 것인지면 기억하지 않는다는 치지로 진스한 것으로 전내졌다
p02_u95,p02,avg_ce0.0_ce10.0,여성을 스랫귀분이 기가 잘려 있었으며 어떤 경위로 잘린것인지면 기용하지 않는다는 치지로 짐스한 것으로 전내졌다
p02_u96,p02,avg_taps_ce0.0,경찰 광계자는 클넘네 태세로티이동을 통이 정업한 발쟁 경위를 조사주이라며 여성의 진차한 의사소 률접 몇담하 예정이라고 했다
p02_u96,p02,avg_taps_ce10.0,경찰 광계자는 크넘네일 패테로 티v등을 통이 정확한 발생 경위를 조사준이라며 여성의 진찰한 의사소 규접 몇담할 예정이라고 했다
p02_u96,p02,avg_ce0.0_ce10.0,경찰 광계자는 크넘네 폐새로 tv 등을 통이 정확한 발쟁 경위를 조사준이라며 여러의 진찰한 의사소 죽접 몇담할 예정이라고 했다
p02_u97,p02,avg_taps_ce0.0,신경원 나이투스타여태 틀력스 서 드레곤 1비의 십사의에 듯터 8 2타0까지 더 206에서 기접트 밑테 마무고스치 드여를 우향한다
p02_u97,p02,avg_taps_ce10.0,칭경년 나프타의 호텔 플력스 서을 드레곤시비의 십사해를 붙터 8월 28까지 더 206에서 기접트 비패 망고스츠 되여를 유향한다
p02_u97,p02,avg_ce0.0_ce10.0,식경양 라이트스타의 호텔 필력스서을 들레곤 시피의 십사해를 듣터 8월 28까지 더 26에서 기접트 비패 망무고스체 되여를 유향한다
p02_u98,p02,avg_taps_ce0.0,만우고 스츠디오는 신난 결울 딸기 스트디오에 이여 더 26에서 3보이는 본 연름시질 기접트 비에다
p02_u98,p02,avg_taps_ce10.0,만우고 스티디오는 신난 결울 딸기 스티디오에 이겨 더 26에서 한보이는 본 연름치진 기접트 비에다
p02_u98,p02,avg_ce0.0_ce10.0,마우고 스치디오는 신난 결울 딸기 시키디여에 이겨 더 26에서 현보이는 본 여름시진 기접트 비에다
p02_u99,p02,avg_taps_ce0.0,보태 디접트 비에는 아기자기한 디지월로 인중이 사을 집고 조새 위디어의 섬놓인기 좋은 은림바 인스타그레m브한 우소로 장고있어 엄지 세대이 무길를 끌고 있다
p02_u99,p02,avg_taps_ce10.0,보테 뒤접트 비혀는 아기자기한 뒤지월로 인중이 셔을 짓고 소새 위디어의 섬보운기 좋은 일림바 인타그레머브안 우소로 장고 있어 엄지 세대이 목기를 끌고 있다
p02_u99,p02,avg_ce0.0_ce10.0,보테 디접트 미켜는 아기작지한 뒤지월로 인중 셔실짓고 조새 위디어의 섬보인기 좋은 우인바 임스타그레머브안 우소를 잠고 있어 엄지 세대이 목기를 깨고 있다
p04_u00,p04,avg_taps_ce0.0,인천에 강풍을 동반한 토구가 쏟아지면서 도로곧꽃과 시장이 물에 삼귀고 경인국철 열차운행이 일곱 지언대면 등 피해가 있따랍다
p04_u00,p04,avg_taps_ce10.0,인천에 광풍을 동반한 토우가 쏟았지면서 도로 보꽃과 시장이 물에 삼기고 병인국철 월차운행이 일구 지언대면등 피해가 있따랐다
p04_u00,p04,avg_ce0.0_ce10.0,인천에 강풍을 동반한 토위가 쏟아지면서 도로 보꽃과 시장이 물에 삼귀고 경인국철 월차운행이 일부 지언대면등 피회가 있따랐다
p04_u01,p04,avg_taps_ce0.0,팔일 인천0 소방분부에 따르면 이날 오전 연란시부터 오후 두시 39까지 일일그 모두 804섯 건의 비신고가 접수했다
p04_u01,p04,avg_taps_ce10.0,팔일 인천 소방분부에 따르면 이날 오전 연한지부터 오후 두시 30부까질 1릴구에 모두 80타섯건의 비해신고가 접수했다
p04_u01,p04,avg_ce0.0_ce10.0,팔일 인천 소방분부에 따르면 이날 오전 연1집부터 오후 두시 30쁨까질 1릴구에 모두 80타섯건의 비해신고가 접수했다
p04_u02,p04,avg_taps_ce0.0,짧은 시간 많은 비간데리면서 개항구 작점동 토기굴과 이 추월구 병인 고속도로 종점음 지앗차도는 오후 열독의 3부터 차량 통행이 통제했다
p04_u02,p04,avg_taps_ce10.0,잘은 시간 많은 비간데리면서 대항구 작전동 토키굴과 미추월구 경인고족도로 종점음 지앗차도는 오후열둘의 3분터 차량 통행이 통제했다
p04_u02,p04,avg_ce0.0_ce10.0,짧번 시간 많은 비간데리면서 재앙구 작전동 토히굴과 이 추월구 경인 고족도로 종점음 지앗차도는 오후 열둘의 3분터 차량 통행이 통제했다
p04_u03,p04,avg_taps_ce0.0,경은국철 이로선 주안력에서 도화역 선로 인군도 중수대 열찬오능의 한동안 지언했다
p04_u03,p04,avg_taps_ce10.0,병인국철 이로던 주안력에서 도화역 선로 인군도 침수대 열찬우행이 한동안 지언했다
p04_u03,p04,avg_ce0.0_ce10.0,경님국철 1로선 주안력에서 도화역 선로 인군도 침수대 열차우능이 한동안 지언했다
p04_u04,p04,avg_taps_ce0.0,비슷탄시가 부평 정찰 써 앞과 이추월구 제물보역 주안 역 인근도록 걷꽃도 짐물에 잠겼다
p04_u04,p04,avg_taps_ce10.0,비슷탄시각 부평 정찰써 앞과 이추월구 제물보역 주안역 인근도록 걷꽃도 진물에 담겼다
p04_u04,p04,avg_ce0.0_ce10.0,비슷탄시각 부평 정찰더 앞과 이추월구 제물보역 주안역 인근도록 걷꽃도 진물에 잠겼다
p04_u05,p04,avg_taps_ce0.0,이로인에 도로를 달리던 차량이 물에 담겨 시민들이 직접 차를 미기도 했으며 칠동한 소방당국이 안전 소치를 했다
p04_u05,p04,avg_taps_ce10.0,이로인에 도로를 달리던 차량 이운 물에 담겨 시민들이 기접 차를 밀류기도 했으며 필동안 소방당국이 안전 조치를 했다
p04_u05,p04,avg_ce0.0_ce10.0,이로인에 도로를 달리던 차량 이운 물에 담겨 시민들이 직접 차를 미류기도 했으며 칠동안 소방당국이 안전 소치를 했다
p04_u06,p04,avg_taps_ce0.0,앞서 오전 2출울그 도아동 세 시장에 혹탕물이 들어차 가의 영업에 차집이 비어졌고 중구 중한동에서는 일부 주택과 도로과 비물에 잠벽 지인들이 천 불편을 겪었다
p04_u06,p04,avg_taps_ce10.0,앞서 오전 2출월구 도아동 세 시장에 획탕물이 들어차 가의 영업에 차질이 비어졌고 중구 중한동에서는 일부 주택과 돌로가 비물에 잠겨 주인들이 천 불편을 겪었다
p04_u06,p04,avg_ce0.0_ce10.0,앞서 오전 2초월구 도아동 세시장의 혹탕물이 들어차 가의 영업에 차집이 비어졌고 중구 중산동에서는 일부 주택과 돌로가 비물에 잠겨 지민들이 천 불편을 겪억었다
p04_u07,p04,avg_taps_ce0.0,오후 1십7분지에는 그평구 부평동의 한 검물지아 택권 도장에 빈물이 차울라 서업을 받던 원생의 등 열두명일 대피했다
p04_u07,p04,avg_taps_ce10.0,5후 17분쯤에는 9평구 부평동의 한검물지아 택관 도장에 빈물이 차울라 소업을 받던 원생 등의 열두망이 대표했다
p04_u07,p04,avg_ce0.0_ce10.0,5후 17분지에는 그평구 부평동의 한 건물지아 택관 도장에 빈물이 차울라 소업을 받던 원생 등을 열두명의 대피했다
p04_u08,p04,avg_taps_ce0.0,인천 소방본두 단계자는 8새건은 벨수 지원을 요청한 신고이며 나머지는 안전 조치신고 라며 선째까지 일명폐을 없다고 밝혔다
p04_u08,p04,avg_taps_ce10.0,인천 소방분두 존계자는 8책건은 벨수 지원을 요청한 신고이며 나머지는 안전 조치신고 남며 선째까지 일명폐을 없다고 밝혔다
p04_u08,p04,avg_ce0.0_ce10.0,인천 소방분두 던계자는 8새건은 벨수 지원을 요청한 신고이며 나머지는 안전 조치신고 나며 선째까지 일명폐을 없다고 밝혔다
p04_u09,p04,avg_taps_ce0.0,귀날 오후 세시 50분 현제 내린기는 인천 98점5m이m터 부평9 83m이m터 풍구 인천공황 73점7m이m터 영종도 65점5m리m터 온진군 장봉은도 57점5의리m터 등다
p04_u09,p04,avg_taps_ce10.0,귀날 오후 체시50분 현제 내린귀는 인천 98점5m리m터 부평983mm 죽구 인천공황 73점7m이m터 영종도 65점5m리m터 옮진군 장봉도 57점5m리m터 등이다
p04_u09,p04,avg_ce0.0_ce10.0,끝날 오후 체스50분 현제 내린귀는 인천 98점5mm터 부평983mm터 국구 인천공황 73점7m이m터 영종도 65점5m이m터 옮진군 장봉도 57점5mm터 뜨이다
p04_u10,p04,avg_taps_ce0.0,문천시는 비상 이단계를 발령하고 열개 보구와 일력 7벽4진 용령을 두입에 비상 금무 최제를 유지하고 있다
p04_u10,p04,avg_taps_ce10.0,능천시는 비장 이단계를 발령하고 열개 고구와 일력 7득 사신 욕명을 두입에 비장 금무 체제를 유지하고 있다
p04_u10,p04,avg_ce0.0_ce10.0,풍천시는 비장 이단계를 발령하고 열개 고구와 율력 7백4신 욕명을 두입에 비장 금무 최제를 유지하고 있다
p04_u11,p04,avg_taps_ce0.0,스독권 기당청은 1일 자정까지 인천에 백개서 삼평의 미이이터의 비가 내릴 것서로 외버했다
p04_u11,p04,avg_taps_ce10.0,수독권 기당청은 1일 자정까지 인천에 백개서 3택의 미리이터의 비가내를 것으로 외버했다
p04_u11,p04,avg_ce0.0_ce10.0,스독권 기당청은 1일 자정까지 인천에 백개서 3백 mm터의 비가내릴 것으로 외버했다
p04_u12,p04,avg_taps_ce0.0,벨거관 기모 행명향일를 받는 방송일 박수훈의 침형 ac에 대한 구속 접과 결정된다
p04_u12,p04,avg_taps_ce10.0,벨거구한 기모의 생명현밀를 받는 방송인 박수훈의 침형 ac에 대한 그속 여부과 결정된다
p04_u12,p04,avg_ce0.0_ce10.0,벨가구한 기모의 행명협밀를 받는 방송일 박스훈의 치형 ac에 대한 그속접부과 결정된다
p04_u13,p04,avg_taps_ce0.0,서울 서부지법은 1탐이 로전 여의시3분부터 박수홍의 치영 ah에대한 구속전 피이자 신문을 지능했다
p04_u13,p04,avg_taps_ce10.0,서울 서부지법은 13의로전 1시3시분부터 박수홍의 비영 ah에 대한 구룩전 피이자 심문을 지능했다
p04_u13,p04,avg_ce0.0_ce10.0,저울 서부지법은 1탐의로전 1시탐시분부터 박소홍의 지명 ah에 대한 구속전 피의자신문을 지능했다
p04_u14,p04,avg_taps_ce0.0,ac는 지난 30년간 약백06거관에 달라는 동생 박소으 수전요 개약끔등을 생령했다는 의욕을 받고 있다
p04_u14,p04,avg_taps_ce10.0,ac는 지난30년관 약백06어원에 달라는 동생 박소의 수년요 개학끔등을 생령했다는 의혹을 받고 있다
p04_u14,p04,avg_ce0.0_ce10.0,ac는 지난 30년관 약백집6어원에 달라는 동생 박스움의 수년요 개학끔등을 승령했다는 의혹을 받고 있다
p04_u15,p04,avg_taps_ce0.0,앞서 지난에 사월 박수홍 치은 ah부부가 m니지몬n 트법인을 설립에 수익을 1정 비울로 분대하기로 했지만 일을 지키지 않았다며 검사에 고소장을 될출했다
p04_u15,p04,avg_taps_ce10.0,앞서 지난에 사월 박수홍 측은 h부부가 메니d머 트법인을 설립에 수익을 1정 비울로 분배하기로 했지만 일을 지키지 않았다며 검사에 거소장을 되출했다
p04_u15,p04,avg_ce0.0_ce10.0,앞서 지난에 사월 박수홍 측은 ah부부가 menigmn 트법인을 설립에 스익을 1정 비울로 분대하기로 했지만 일을 지키지 않았다며 검사에 고소장을 되출했다
p04_u16,p04,avg_taps_ce0.0,이의 검차른 수사결과 에c가 법인 작금을 생령했고 술년 요 정산 유행 국종 세금및 비용전까정 사미가 있다고 받다
p04_u16,p04,avg_taps_ce10.0,이의 검차른 수사결과 ah가 법인 작금을 생령했고 술년류 정산 u행 종 세금및 비용전 까정 사이가 있다고받다
p04_u16,p04,avg_ce0.0_ce10.0,이의 검찰은 수사결과 ac가 법인 작금을 성령했고 출년 류 정산 u행 극종 세금및 비용천 까정 사이가 위다받다
p04_u17,p04,avg_taps_ce0.0,이 지난 1일 특장 정재 넘재 가중 잡벌 법상 행명함이로 ac에 대한 사전 구속 영장을 청구했다
p04_u17,p04,avg_taps_ce10.0,이에 지한 1일 특정 경재 범재 가중 처벌 법상 행명하이로 c에 대한 사전 구속 영정을 청구했다
p04_u17,p04,avg_ce0.0_ce10.0,이 지난 7일 특장 정재 범재 가중 잡벌 법상 형령하이로 ac에 대한 사전 구속정장을 청고했다
p04_u18,p04,avg_taps_ce0.0,한 천 박수홍은 황사 고소와 절개로 cp가 출년녀와 개학금 등을 미죽급했다며 869원 상당의 포의상 창구 소송을 지난의 유월 법원해 제기 안바있다
p04_u18,p04,avg_taps_ce10.0,한천 박소홍은 황사 고소와 절개로 ac5부과 술년녀와 개학금 등을 미죽급했다며 860관 상당의 코회상 창구 소송을 지난의 유월 법원해제기 한바 있다
p04_u18,p04,avg_ce0.0_ce10.0,1천 박수홍은 형사 고소와 절개로 c5과 수현녀와 계학금 등을 미죽급했다며 할60관 상당의 포의상 창구 소송을 지난의 유월 법원해제기 한바있다
p04_u19,p04,avg_taps_ce0.0,이후 소송 가정에서 ac부부가 박수홍을 계인 통장에서 무단으로 돈을 인스한 사실도 화병 손의배탕 요구획을 백집 6고건으로 늙렸다
p04_u19,p04,avg_taps_ce10.0,이후 소송 가정에서 h부부가 박수홍의 계인 통장에서 무단으로 돈을 인수한 사실도 확긴 손의 배탕 요구획을 백집 6고건으로 늙렸다
p04_u19,p04,avg_ce0.0_ce10.0,이후 소송 가정에서 ah부부가 박수홍의 되인 통장에서 무단으로 돈을 인추한 사실도 확긴 손의 배탕 요구획을 백집 6고건으로 늙렸다
p04_u20,p04,avg_taps_ce0.0,위와 관년 a 2측은 배거원때 행령주장은 거짓히며 법인카드 사적 이용등 일부 의역은 인정하나 학소홍이 자용한 돈내게하면 그히 소획이라고 주장했다
p04_u20,p04,avg_taps_ce10.0,유와관년 a이 h측은 배거관때 행령주장은 거지히며 법인 카을 사적 유용등 일부 의협은 인정하나 학소홍이 잘한 돈내기하면 그히 소획기라고 수장했다
p04_u20,p04,avg_ce0.0_ce10.0,위와관년 a이 기측은 배거관때 행령주장은 거지히며 법인카드 사적 지용등 일부 의협은 인정하나 박소홍이 자용한 돈내게하면 극히 소획기라고 수장했다
p04_u21,p04,avg_taps_ce0.0,볼보 자롱사는 인체경학적으로 설개한 시트가 이국 가이로프레티 협회의 승인을 색득했다고 지구일 밝켰다
p04_u21,p04,avg_taps_ce10.0,볼보 자동사는 인체공학적으로 설개한 씻트가 리국 가이로프레티 협회의 승인을 새득했다고 십구일 밝켰다
p04_u21,p04,avg_ce0.0_ce10.0,볼보 자동사는 인체경확적으로 설대한 시트가 리국 카이로프레티 협회의 승해을 색득했다고 시취일 밝켰다
p04_u22,p04,avg_taps_ce0.0,가이로 프랫티 협태는 대개에서 가장 권이 있는 가이로 프레티 전문 기간이다
p04_u22,p04,avg_taps_ce10.0,가이로프렉티 협태는 태개에서 가장 권이 있는 가이로프레티 전문 기간이다
p04_u22,p04,avg_ce0.0_ce10.0,가이로 프액티 접태는 대개에서 가장 권이 있는 가이로 프랫티 전문 기간이다
p04_u23,p04,avg_taps_ce0.0,적추 건광에 믿치는 공정적인 효과와 우스한 분질력 안정성동 엄격한 신사를 거쳐 채고 재푸의 인경서를 바행하고 없다
p04_u23,p04,avg_taps_ce10.0,적추 건광에 믿치는 공정적인 효과와 우주한 품질력 안정성등 엄격한 심사를 거쳐 채고 재품의 인정서를 반행하고 있다
p04_u23,p04,avg_ce0.0_ce10.0,적추 전광에 믿치는 중정적인 효과와 우수한 품질력 안정성동 넘격한 신사를 거쳐 채고 재품의 인정서를 반행하고 있다
p04_u24,p04,avg_taps_ce0.0,돌보는 업게 채고 수전의 단난남과 지지력을 제공하기 유해 정형했과 의 사와 3력을 지행하고 있다
p04_u24,p04,avg_taps_ce10.0,돌보은 업게 체고스준의 태난남과 진리력을 제공하기 위해 정형역과 의 자와 삼력을 지행하고 있다
p04_u24,p04,avg_ce0.0_ce10.0,돌보은 업개 체고수준의 태난남과 지지력을 제공하기 위해 정형역과 의 사와 한력을 지행하고 있다
p04_u25,p04,avg_taps_ce0.0,일 바타으로 총돌시 부상 기험을 줄릴 지 있는 경추 보으이 텐과 충면 충격 보으이 텐 도로이할 완가등 석신작인 안전기술를 씻체 통앞해세공한다
p04_u25,p04,avg_taps_ce10.0,일 바타으로 총돌시 부상 기험을 줄릴 지는 경추 보으이 텐과 충면 충격 보으이 텐 도로이탈 완 하등 석신작인 안전기술를 씻체 통앞해증공한다
p04_u25,p04,avg_ce0.0_ce10.0,일 바타으로 총돌씨 부상 기험을 줄릴주 있는 경추 보호 시스템과 충면 충격 보으시텐 더로이탈 완 화등 적신작인 안전기소를 씻체 통업해져공한다
p04_u26,p04,avg_taps_ce0.0,또  독득한 헤드레스 지역시 경추 보욱지행을 강활시 도 활개했다
p04_u26,p04,avg_taps_ce10.0,또 독득한 헤드레 트역시 장추 보 기능을 강활 수 있도록 설개했다
p04_u26,p04,avg_ce0.0_ce10.0,또 독득한 헤드에 트역시 경추 보욱지음을 강활 수 도록 활개했다
p04_u27,p04,avg_taps_ce0.0,"짐 67 볼보 자동차 us 개품 육기을 관심어 옷어 총과은 볼보이시트는 운전자와 성계위 도로에서 파나남 기장히 안전을 보장한다""고 말했다"
p04_u27,p04,avg_taps_ce10.0,"짐 및코츠 볼보 자동차 usa 대품 및 기술 관심어 옷어 총과름운 볼보이찍트는 운전자와 생객위 도로에서 판한람 비장히 안전을 보장한다""고 말했다"
p04_u27,p04,avg_ce0.0_ce10.0,"짐 67 볼보 자동차 usa 개품 육기을 관심어 5어 총과은 볼보의시트는 운전자와 성객 육 도로에서 판한람 기장히 안전을 보장한다""고 말했다"
p04_u28,p04,avg_taps_ce0.0,육질 지당 선거를 앞두고 선거 구운에 여러 교회를 찾아가 환금 명목으로 근품을 제공안 문경국 인천 옮진 군수가 재탄에 넘겨졌다
p04_u28,p04,avg_taps_ce10.0,육일 지방 선거를 앞두고 선거구원에에 여러그회를 찾아가 선금 명목으로 금품을 적공한 문경복 인천 옮긴 군수가 재판에 넘겨었다
p04_u28,p04,avg_ce0.0_ce10.0,육질 지당 선거를 앞두고 선거구운에에 여러 귀회를 찾자가 선금 명목으로 금품을 제공한 운병복 인천 옮진 군수가 재판에 넘겨었다
p04_u29,p04,avg_taps_ce0.0,인천지금 형사 6부은 17일 공국 전값법 이반험으로 문군술를 굴구족기소했다고 밝겼다
p04_u29,p04,avg_taps_ce10.0,인천지금 형사육부은 17일 공국 천겁법 이반험이로 문군술릴 불구속기소 했다고 밝겼다
p04_u29,p04,avg_ce0.0_ce10.0,운천지금 형사육도는 17일 공육 천겁법 이반험이로 문군술일 불구족기소 했다고 밝겼다
p04_u30,p04,avg_taps_ce0.0,분군수는 지난 유월 일일 치어진 채 팔해 전국 동수 집방 선거을 앞두고 옮중군 내 교회해내고 제 모시질만원 상당의 근풍을 적고한 협밀를 왔고 있다
p04_u30,p04,avg_taps_ce10.0,분군수는 지난 6월1일 치어진체 팔해 전국 동희기방 선거를 앞두고 옮진군내 교회 내곳에 51만은 당당의 금품을 적공한 협밀를 낫고 있다
p04_u30,p04,avg_ce0.0_ce10.0,분군수는 지난 6월 입일 치어진채 팔해 전국 동수 지방 선거를 앞두고 옮진군내 교회 내곳에 오시질만은 상당의 금품을 적고한 협밀를 왔고 있다
p04_u31,p04,avg_taps_ce0.0,공숙 천겁법에 따르면 후보자나 후보자가 데려는 사람은 헌거 군입이나 헌거구운 내에 단체동에 집부행위를 할 수 없다
p04_u31,p04,avg_taps_ce10.0,공국 천겁법에 따르면 후보자나 후보자가 데려는 사람은 천거 구민이나 선거구운 내에 단체등에 기부행위를 할 수 없다
p04_u31,p04,avg_ce0.0_ce10.0,공직 천겁법에 따르면 후보자나 후보자가 데려는 사람은 선거 구입이나 선거구운 내에 단체동에 집부행위를 할 수 없다
p04_u32,p04,avg_taps_ce0.0,앞석 형차른 문군수가 평소 다니던 교회를 토함에 다른 좋에 등만언는 헌금을 하 것으로 보고 선겁법 이반 협이로 있권냈다
p04_u32,p04,avg_taps_ce10.0,앞석 형찰은 문군수가 평소 다니던 교회를 포함에 다른 교회 백만원의 헌금을 한 것으로 보고 선겁법 이반 협위로 있권냈다
p04_u32,p04,avg_ce0.0_ce10.0,앞석 형찰은 문군수가 평소 다니던 교회를 포함에 다른 교회 등만원을 헌금을 한 것으로 보고 선겁법 이반 협위로 입건했다
p04_u33,p04,avg_taps_ce0.0,장찰른 현거구네 교회 여러고에 돈을 기보한 행우는 통상적인 현금으로 복게 얻롭다며 검차에 송치했다
p04_u33,p04,avg_taps_ce10.0,정찰은 현거구운네의 교회 여러고에 돈을 기보한 행위는 통상적인 헌금으로 폭게 얻롭다며 검찰에 송치했다
p04_u33,p04,avg_ce0.0_ce10.0,정찰른 현거구운네에 교회 열러곳에 돈을 기보한 행우는 통상적인 헌금으로 폭게 얻롭다며 검찰에 성치했다
p04_u34,p04,avg_taps_ce0.0,검찰은 추가 조사를 버려 은군수가 자신의 다니던 교회를 재외한 내곳을 교회에 오심만너을 헌금한 것을 파았했다
p04_u34,p04,avg_taps_ce10.0,검차은 추가 존사를 버려 은군수가 자신의 다니던 교회를 재외한 내곳스 교회에 오심만너를 헌금한 것을 파았했다
p04_u34,p04,avg_ce0.0_ce10.0,검찰은 추가 조사를 버려 은군수가 자신의 다니던 교회를 제외한 내곳스 교회에 오심만너를 헌금한 것을 파았했다
p04_u35,p04,avg_taps_ce0.0,검찰 관계자는 분군수를 공직 던겁 법상 기부행위로 불부속 기소했다고 말했다
p04_u35,p04,avg_taps_ce10.0,검찰 관계자는 분군술를 공직 던겁 법상 기부행위로 불구속 기소했다고 말했다
p04_u35,p04,avg_ce0.0_ce10.0,검찰 반계자는 분군술를 공직 던겁 법장 기부행위로 불구속 기소했다고 말했다
p04_u36,p04,avg_taps_ce0.0,두천장에서 싸이드밀로가저히지 아는 차량만 골라서 근품들 훈친 3십대 남통이 경사의 굳잡했다
p04_u36,p04,avg_taps_ce10.0,두천장에서 자이르이로가 첫히지 아은 차량만 골라서 근품등을 훔친 삼식대 남통이 경사의 굳잡혔다
p04_u36,p04,avg_ce0.0_ce10.0,두천장에서 자이드밀로가 첫히지 아는 차량만 골라서 근품등을 품친 잠식대 남통이 경사를 굳잡혔다
p04_u37,p04,avg_taps_ce0.0,이0v일 경찰에 따르면 저울 동함 경찰 서는 약간 건종을 침및 절도 소유로 3대남성 a질를 주한 심6일 구속해 조사하고 없다
p04_u37,p04,avg_taps_ce10.0,이집vd 경찰에 따르면 서울 종함 경찰서는 약간 건종을 침및 절도 염위로 3대남성 a질을 주한 심6일 구속해 조사하고 있다
p04_u37,p04,avg_ce0.0_ce10.0,이0v일 경찰에 따르면 저울 종함 경찰서는 약간 건종을 침및절도 염위로 3남성 a질을 주한 심욕일 구속해 조사하고 있다
p04_u38,p04,avg_taps_ce0.0,메이시은 지란달 27일 다정개 성국고 장이동의 있는 한 아아트 지아 주아장 빠이음 일라가 접히지 아은 차량을 골라 군품등을 품친 협밀를 받는다
p04_u38,p04,avg_taps_ce10.0,레이시는 인한딸 27일 자정께 성북구 장이동의 있는 한 아아트 기하 주아장에 라이음 일어가 접히지 아은 사량을 골라 군품등을 훔친 협밀를 받는다
p04_u38,p04,avg_ce0.0_ce10.0,레이시는 지난딸 27일 자정때에 성북구 장위동의 위면 한 아아트 지하 주아장에 바이음 일어가 접히지 아은 사량을 골라 근품등을 흠친 협밀를 받는다
p04_u39,p04,avg_taps_ce0.0,베이씨은 일부 차량에서 문이 잠겨 있지 않으면 사이드이라 같쳐폐 있지 않타는 점을 알고 이러한 차량만 골라서 보행한 것으로 소사했다
p04_u39,p04,avg_taps_ce10.0,벨이씨은 일부 차량에서 문이 잠겨 있지 않으면 사이음이라 같차혀있지 않타는 점을 알고 이러한 차량만 골라서 보행한 것으로 소사했다
p04_u39,p04,avg_ce0.0_ce10.0,베이씨은 일부 차량에서 문이 잠겨 있지 않으면 사이드이라가 첫혀있지 않타는 점을 알고 이러한 차량만 골라서 보행한 것으로 소사했다
p04_u40,p04,avg_taps_ce0.0,그는 이런 수법으로 모두 다섯 차례에 걸쳐 총 담천 팔대여마온 상당을 근품을 절떠한 것으로 보학했다
p04_u40,p04,avg_taps_ce10.0,"그는 이런 수법으로 모두 다섯차례에 걸쳐 총 3천, 팔대여만원 상당을 금품을 절떠한 것으로 파학했다"
p04_u40,p04,avg_ce0.0_ce10.0,그는 이런 수법으로 오두 다섯차례에 걸쳐 총 3천 80여만원 상당을 근품을 절떠한 것으로 보학했다
p04_u41,p04,avg_taps_ce0.0,ac는 정찰조사에서 비질 값기 위에 절돌를 했다는 치지로 진수한 것으로 알려섰다
p04_u41,p04,avg_taps_ce10.0,ac는 경찰조사에서 비질 값기 위에 절돌를 했다는 치지로 진수한 것으로 알려졌다
p04_u41,p04,avg_ce0.0_ce10.0,에이씨는 경찰조사에서 비질 값기 위에 절돌를 했다는 치지로 진수한 것으로 알려었다
p04_u42,p04,avg_taps_ce0.0,"동찰 관계자는 구체적인 범행경이는 수사중이라며 ""입번 주 안에 검차의 통치할 예정이라고 말했다"
p04_u42,p04,avg_taps_ce10.0,"평찰 관계자는 구체적인 범행경위는 수사중이라며 입번 주 안에 검찰의 송치할 내정""이라고 말했다"
p04_u42,p04,avg_ce0.0_ce10.0,"정찰 관계자는 구체적인 범행경위는 수사중이라며 ""입번 주 안에 검찰의 송치할 내정""이라고 말했다"
p04_u43,p04,avg_taps_ce0.0,40년 만에 덮친 극격한 물가 상성세를 누구어뜨리기 위해 미국 중항으행인 연방 짐비스도가 이준 군미 인 상속도를 높힐 가능성이 더하졌다
p04_u43,p04,avg_taps_ce10.0,다십년만에 덮친 격격한 물가 상성세를 누구어뜨리기 위해 미국 중항행인 연방 짐비에도가 지준군의 인 상석도를 높힐 가능성이 더하졌다
p04_u43,p04,avg_ce0.0_ce10.0,4십년만에 덮신 격격한 물가 상성세를 누구어뜨리기 위해 미국 중항행인 연방 짐비에도가 기준군의 인 상속도를 높힐 가능성인 더하졌다
p04_u44,p04,avg_taps_ce0.0,코로나 사태후 재로로부고둔 기은금리가 극격하게 응상될경우 주식 부동산등 초 적금니후 동움을 받았던 자산 시장 거품이 꺼질 수 있다
p04_u44,p04,avg_taps_ce10.0,코로나 사태후 재로 로부고든 길은금리가 급격하게 응상매경을 주식 부동산등 초 적금니의 도움을 받았던 자산 시장 거품이 꺼질 수 있다
p04_u44,p04,avg_ce0.0_ce10.0,코로나 사태후 재로 노부거둔 길른 금리가 극격하게 응상매경을 추식 부동산등 초 적금위의 동움을 받았던 자산 시장 거품이 꺼질 수 있다
p04_u45,p04,avg_taps_ce0.0,이국 도동부가 이런 물과 겁등을 발혀한 1일 위 증시 3대 지수는 1제이 하락겠다
p04_u45,p04,avg_taps_ce10.0,이북 도동부가 이런 물과 거등을 발혀한 11 위 증시 30 주스는 1제이 하락겠다
p04_u45,p04,avg_ce0.0_ce10.0,입북 도동부가 이런 물과 부등을 발혀한 11 이 증시 3대 지스는 일제이 하락겠다
p04_u46,p04,avg_taps_ce0.0,날닥 지수는 201버 출락학고 smk50 지소와 다우 평류는 각럼 1점8버 1점5센트 내로갔다
p04_u46,p04,avg_taps_ce10.0,나닥 지수는 201버 출락했고 smk5백지수와 다우 평유는 각건 1점8퍼 1점5고센트 내로갔다
p04_u46,p04,avg_ce0.0_ce10.0,나닥 지수는 201버 출락학고 smk5백 지수와 다우 평유는 각건 1점8% 1점5센 내로 갔다
p04_u47,p04,avg_taps_ce0.0,좋 바이든 이국 대통농은 이날 궁민의 밥당까지 물가의 얕박을 받을 정도로 인플레이션 문제가 심갑 탈라낸서 정구은 가능한 수단을 모두 동원하겠다고협다
p04_u47,p04,avg_taps_ce10.0,좋 바이든 이국 대통령은 이날 국민의 밥당까지 물가의 얕박을 받을 정도록 인플레이션n 문제가 심각 살아면서 정부은 가능한 수단을 모두 동원하겠다고 했다
p04_u47,p04,avg_ce0.0_ce10.0,좋 바이은 이국 대통령은 이날 국민의 밥당까지 물가의 얕박을 받을 정도로 인틀레이선n 문대가 심각 살아면서 정분은 가능한 수단을 모두 동원하겠다 고 했다
p04_u48,p04,avg_taps_ce0.0,호비자 물과가 전준 목초칠를 크게 우또는 상황인 쉽개월 넘교 이여지면서 전주이 오의 이룩에서 7차에 기준금밀를 인상할 것이라는 예상에 무게가 들리고 있다
p04_u48,p04,avg_taps_ce10.0,소비자 물가가 연준 목붙칠 크게 우또는 상황이 쉽개월 넘꾀 이여지면서 연주이 오에 육에서 7차에 기존 금밀를 인상할 것이라 예상에 누게가 필리고 있다
p04_u48,p04,avg_ce0.0_ce10.0,소비자 물가가 전준 목었칠 크게 우또는 상황이 쉽개월 넘께 위어지면서 전주이 오에 육에서 칠차에 기준금위를 인상할 것이라 예상에 무게가 필리고 있다
p04_u49,p04,avg_taps_ce0.0,연 영파센 수준인 기준금류가 오래말 1점5파센트 이상으로도 팔실 수 있단는 것다
p04_u49,p04,avg_taps_ce10.0,연 영파센 수준인 기준금류가 오래말 1점5파센트 이상으로도 팔릴 수 있다는 것다
p04_u49,p04,avg_ce0.0_ce10.0,몇 영파 수준인 기준금류가 오래말 1가5파센트 이상으로도 팔릴 수 있다는 것다
p04_u50,p04,avg_taps_ce0.0,기준 금리가 인상되면 지당 금리가 오르면서 대출 위잡부담 중가등 경재전체의 영항을 기치게 된다
p04_u50,p04,avg_taps_ce10.0,이준 금리가 인상되면 이당금리가 오르면서 대출 위잡 부담 중가등 경제전체의 영향을 미치에 된다
p04_u50,p04,avg_ce0.0_ce10.0,기준 금리가 인상되면 지단 금리가 오르면서 대출 위잡 부담중가등 경재전체의 영향을 미치게 된다
p04_u51,p04,avg_taps_ce0.0,이런 우려로 집비일 공네 주식 지장도 코스피가 정정 9퍼센트 코스닥 지수는 2점 명화센트 알락혔다
p04_u51,p04,avg_taps_ce10.0,이런 우려로 집1일 공네 주식 지장도 코스피가 형점 9퍼센트 코스닥 지수는 2점 명화센트 알락했다
p04_u51,p04,avg_ce0.0_ce10.0,이런 우려로 집비일 공네 주식 지장도 코스피가 정점 9파센트 코스닥 지수는 2점 명파센트 알락혔다
p04_u52,p04,avg_taps_ce0.0,j스 브lud 레인트리스 연방 중비운행 총제는 이날 온늘 소비 점물과 결가를 본후 나의 맷파상향히 극적으로 강해졌다
p04_u52,p04,avg_taps_ce10.0,예a스 브lud 레인트리즈 연방 준비의행 총제는 이날 온늘 소비점물과 결가를 본후 나의 맷파상향히 극적으로 강해졌다
p04_u52,p04,avg_ce0.0_ce10.0,예a스 브lud 레인트의스 연방 준비의행 총제는 이날 온늘 소비 점물과 결가를 본후 나의 매파상향히 극적으로 강해졌다
p04_u53,p04,avg_taps_ce0.0,연중이 오는 7월까지 기은금일를 1파꾼인트는 올려야 한다고 생각한다 고했다
p04_u53,p04,avg_taps_ce10.0,연주님 오는 치월까지 기둔금일를 1파 k인트는 올려야 한다고 생각한다고했다
p04_u53,p04,avg_ce0.0_ce10.0,연주님 오는 치월까주 기준금일를 1파 꾼인트는 올려야 한다고 생각한다고했다
p04_u54,p04,avg_taps_ce0.0,그는 연중의 정래 해이 2회 비상해일를 도짓해야 할 상황일라고 주장었다
p04_u54,p04,avg_taps_ce10.0,그는 연중이 정의해이 이회 비상회일를 도짓해야 할 상황일라고 주장했다
p04_u54,p04,avg_ce0.0_ce10.0,그는 연중이 정레 해이 이회 비상회일를 도짓해야 할 상황일라고 주장했다
p04_u55,p04,avg_taps_ce0.0,골프여째 박세리가 엘지 전자의 궁취우 방탈출 갚패를 찾아 방탈출 개임을 즐겼다고 엘지 전자가 1일 밝혔다
p04_u55,p04,avg_taps_ce10.0,골프여째 박세리가 엘지전자의 궁키후 방탈 출 갚해를 저작 방탈 출 개임을 줄겼다고 엘지 전자가 1일 발켰다
p04_u55,p04,avg_ce0.0_ce10.0,골프여째 박세리가 엘지전자의 궁주 방탈 출 갚해를 저작 방탈 출 개임을 줄겼다고 엘지 전자가 1일 발켰다
p04_u56,p04,avg_taps_ce0.0,식취 방탈 출 갚에는 엘시 전자의 스마투온 플레코인 식추 에버의 지유 기는과 방탈 출교인 큰색트를 점목해 아련난 폭합 문화 체험 공관이다
p04_u56,p04,avg_taps_ce10.0,식키 방팔 출 갚에는 엘시 전자의 스마트원 플레코민 식키 에의 주유기는과 방8출 개인 코색트를 점목해 말련난 폭합 문화 채험공관이다
p04_u56,p04,avg_ce0.0_ce10.0,식취 방팔 출 갚에는 엘시 전자의 스마트원 벌레코민 식취 에버의 지유 기는과 방8 출교인 컴세트를 점목해 말련난 폭합 문화 채험공관이다
p04_u57,p04,avg_taps_ce0.0,박세리는 후억 거실 터재 채탁 실등 내게 텐화로 조통대는 가각고 금관에서 주어진 식간 아에 텔출락기 류회 다양한 미지들을 쓰행하며 장탈 출개임을 출리겼다
p04_u57,p04,avg_taps_ce10.0,박세리는 부학 거실 서재 채탁실등 내게 텐화로 조성데는 가각의 금관에서 주어진 시가 나에 탈출락기 위에 다양한 미전들을 스행하며 당탈 출개임을 주리겼다
p04_u57,p04,avg_ce0.0_ce10.0,박세리는 부학 거실 소재 채탁 실등 내게 태화로 저성대는 가각의 금관에서 주어진 시가 난에 탈출하기 위회 다양한 미전한들을 승행하며 장탈 출데임을 주리겼다
p04_u58,p04,avg_taps_ce0.0,g 식취획으로 가전을 재여하거나 갑정 서비스 용하면서 미자을 회결학기 위한 순계진 단소들을 협득겠다
p04_u58,p04,avg_taps_ce10.0,엘g 식취입으로 가전을 제여하거나 각정 서역을 예하면서 미자을 혈개하기 위한 순겨진 단서들을 겪득겠다
p04_u58,p04,avg_ce0.0_ce10.0,엘g 식취으로 가전을 재여하거나 각정 서비스를 영하면서 이지함을 혈개하기 위한 신겨진 단서들을 겪되겼다
p04_u59,p04,avg_taps_ce0.0,새탁실 태마공관에서는 박세리가 코드제로 알티 로보 총속일를 벨지 씬즈에부로 원격 도종하면서 숨겨진 단설 찾졌다
p04_u59,p04,avg_taps_ce10.0,새탁실 태막공관에서는 박세리가 코드제로 알키로보 총속일를 벨지 싱지에부로 원격 도종하면서 숨겨진 단설 찾졌다
p04_u59,p04,avg_ce0.0_ce10.0,재탁실 태막공관에서는 박세리가 코드제로 알추 로보 총석일를 벨지 식추에부로 원격 조종하면서 숨겨진 단설 찾졌다
p04_u60,p04,avg_taps_ce0.0,날키노보 총독이는 본기 기능이 있어 재품의 답체된 가메라를 종해 집안 곧곳을 실식간으로 부분히 터린할 수 있는 것이 특증이다
p04_u60,p04,avg_taps_ce10.0,알키로보 청독이는 혼비 기능이 있써 제품의 닻체된 가메라를 종해 집안 곧곳을 실시간으로 부군이 터린할 수 있는 것이 특증이다
p04_u60,p04,avg_ce0.0_ce10.0,알키로보 청독이는 혼유 기능이 있써 재품의 닻대된 가메라를 종해 집안 곧곳을 실식간으로 부거의 터린할 수 있는 것이 특증이다
p04_u61,p04,avg_taps_ce0.0,멜지전자는 이달 치일부터 이집다일까지 저을 성 수동에 있지한 카패 하라버지 공장에서 인키 방8출 카패 오영하며 고격대에게 wun 경험을 선사한다
p04_u61,p04,avg_taps_ce10.0,엘지 전자는 이달 치일 부터 이집다일까지 저울 성 수동에 위치한 칼패 하라버지 공장에서 임히 방8출 카패 오영하며 고격들에게 1un 경험을 선사한다
p04_u61,p04,avg_ce0.0_ce10.0,엘지 전자는 이달 치일 부터 이집다일까지 저울 성 수동에 있치한 카패 하라버지 공장에서 육키 평8출 카힐 오영하며 고격들에게 1un 경험을 선사한다
p04_u62,p04,avg_taps_ce0.0,멜지 전자가 추구하는 fun 경험은 세고의 이일란 새로운 확신 적인 고국 경험을 뿐한다
p04_u62,p04,avg_taps_ce10.0,벨지 전자가 추구하는 fun 경험은 세고의 이일란 새로운 확심적인 고격 경험을 뜻었다
p04_u62,p04,avg_ce0.0_ce10.0,벨지 전자가 추구하는 fun 경험은 체고의 이일란 채로운 확침적인 고격 경험을 었다
p04_u63,p04,avg_taps_ce0.0,비발이 법플리카가 레부 전문과 삼민으로 구성된 데입터 보고 준법 자문 위언해를 슬범만다고 신육일 밝혔다
p04_u63,p04,avg_taps_ce10.0,리발리 법플리카가 열부 전문과 삼민으로 구장된 데윗터 보호 준법 자은 위언해를 슬범만다고 신육일 밝겼다
p04_u63,p04,avg_ce0.0_ce10.0,비발이 법풀리카가 예부 전문과 삼민으로 구상된 데이터 보호 준법 자은 위언해를 슬범만다고 신육일 밝겼다
p04_u64,p04,avg_taps_ce0.0,유원에는 토스가 보의 고격 데이터 처리이 관련 법령을 잘 주으서하고 있는지 동립적으로 황인하고 감지한다
p04_u64,p04,avg_taps_ce10.0,위원에는 토스가 보의고격 대이터처리이 관련 법령을 잘 주으수하고 있는지 동립적으로 황인하고 감아한다
p04_u64,p04,avg_ce0.0_ce10.0,유원에는 토스가 보의고격 대이터처리시 관련 법령을 잘 주수하고 있는지 동립적으로 황인하고 감지한다
p04_u65,p04,avg_taps_ce0.0,또 안절한 데이터 법어원 스체개를 그축하기 위한 자문의 응하는 역하를 한다
p04_u65,p04,avg_taps_ce10.0,또 안절한 데이터법어원 스체계를 구축하기 위한  자문의 응하는 역하를 한다
p04_u65,p04,avg_ce0.0_ce10.0,또 안절한 데이터법어원 스체개를 구축하기 위한  자문의 응하는 역하를 한다
p04_u66,p04,avg_taps_ce0.0,위언에는 체사의 대이터 보호 전략과 정책 준법 감식할동을 반인기마다 보보받는다
p04_u66,p04,avg_taps_ce10.0,위원에는 재사의 대이터 보호 전략과 정책 준법 감치활동을 반인기마다 복부받는다
p04_u66,p04,avg_ce0.0_ce10.0,위언에는 재사의 대터 보호 전략과 정책 준법 감치활동을 반인이마다 복부받는다
p04_u67,p04,avg_taps_ce0.0,계인 정곧 철의 명감도어 높은 사안에 대해서 데요이자와 계인정부 보 책긴자에게 의전을 제세할 계획이다
p04_u67,p04,avg_taps_ce10.0,계인 정곧 철의 민감도고 높은 사안에 대해서 대조이사와 계인정부보 책임자에게 의견을 제시할 계획이다
p04_u67,p04,avg_ce0.0_ce10.0,교인정곧 철의 맹감도고 높은 사안에 대해서 대표이자와 교인정부보 책임자에게 의전을 지세할 교획이다
p04_u68,p04,avg_taps_ce0.0,토스는 이원의 의견을 적급적으로 쓰용하고 관련 결과를 옮패이지에 공개할 여정이다
p04_u68,p04,avg_taps_ce10.0,토스는 리언의의 의견을 작급적으로 쓰용하고 관련 결과를 몸패이제에 공개할 예정이다
p04_u68,p04,avg_ce0.0_ce10.0,토스는 이언의의 의견을 작극적으로 쓰용하고 관련 결과를 온페이지에 공개할 예정이다
p04_u69,p04,avg_taps_ce0.0,기번 자문 위언의 슬법은 데이터 이용및 보후에 대한 투명성을 높이는 잡발적 실레 강화 할 동의 일루안니다
p04_u69,p04,avg_taps_ce10.0,기번 자문 위언의 술법은 데이터의 용및 보후에 대한 투명성을 높이는 잡발적 실레 강화 활동의 일루하니다
p04_u69,p04,avg_ce0.0_ce10.0,기번 자문 위언의 슬법은 데이터 용및 보후에 대한 투명성을 높이는 잡발적 실레 광화할동의 일루하니다
p04_u70,p04,avg_taps_ce0.0,토스 관계자는 예부의 시선을 통해 고객 되이터 보호 채제의 투명성을 점건받고 제선에 나아갈 필로가 있다는 매부 공감대가 있었다고 설명했다
p04_u70,p04,avg_taps_ce10.0,토스 관계자는 예부의 시선을 통해 고객 되이터보 책계의 투명성을 점건받고 제선에 나아갈 필로가 있다는 매부 공감대가 있었다고 설명했다
p04_u70,p04,avg_ce0.0_ce10.0,토스 관계자는 예부의 시선을 통해 고객 되이터 보호 채제의 투명성을 점건받고 제선에 나아갈 필로가 있다는 매부 공감대가 있었다고 설명했다
p04_u71,p04,avg_taps_ce0.0,자문 위언에는 곧 헌영 고려대 장보 보호 대하관 교술를 위언장으로 짐승그 고려데 장보보호 대하관 견수 짐철 준 범무범인 광장 꾸분을 위언으로 있촉해 술범했다
p04_u71,p04,avg_taps_ce10.0,자문 위원에는 권 환영 고려대 장복 보호 대하관 교술를 위언장으로 김승그 고려대 장보 보호 대하관 견수 짐철 준 더무범인 광강 꾸분을 위언으로 있촉해 출범했다
p04_u71,p04,avg_ce0.0_ce10.0,자문 위원에는 곧 환영 고려대 장복 보호 대하관 교술 위언장으로 김승그 고려대 장복 보호 대하관 견수 짐철 준 법무범인 광장 꾸분을 위언으로 있촉해 술범했다
p04_u72,p04,avg_taps_ce0.0,권 헌형 교수는 전재 한국 정복 기을 섬비사게 세장과 한국 정보 보호 학게 개인 정보 보호 연구회장을 맡은 정보 보호분야 전문갈라
p04_u72,p04,avg_taps_ce10.0,권 헌형 교수는 전재 한국 정보 기을 섬빛 상게 회장과 한국 정보 보호 학해 개인 정보 보호 연국회장을 맡은 정보 보호분야 전문가이다
p04_u72,p04,avg_ce0.0_ce10.0,권 헌형 교수는 현재 한국 정보 기을 섬빛 상게 세장과 한국 정보 보호 학해 개인 정보 보호 연국회장을 맡은 정보 보호분야 전문가이다
p04_u73,p04,avg_taps_ce0.0,김승주교스도 아무학과 라버 보한 분야의 점문가로 대통령 직속 사차 사람 청량 이언에 이언으로 활동안 바입다
p04_u73,p04,avg_taps_ce10.0,짐승주교스도 아무학과 라버보한 분야의 점문가로 대통령 직속 사차 사로청령 위언에 유언으로 활동안 바있다
p04_u73,p04,avg_ce0.0_ce10.0,짐승주교스도 아무학과 라버보한 분야의 점문가로 대통령 직속 사차 사업 청명 위언에 유언으로 활동안 빠있다
p04_u74,p04,avg_taps_ce0.0,금철준 고문은 식지 영간 금명당속에서 금명관의 it 보은 검사를 지앙했고 이후 금명에서 정보보호 책고 책임재 여임했다
p04_u74,p04,avg_taps_ce10.0,겸철준 고문은 17년간 금명 당국에서 금용관의 it 보은 검사를 지앙했고 이후 금명에서 정보보 책고 책임절 려임했다
p04_u74,p04,avg_ce0.0_ce10.0,금찰준 고문은 17영간 금명 강국에서 금용권의 it 보은 검사를 지앙했고 이후 금명에서 정보보 책고 책임재 려임했다
p04_u75,p04,avg_taps_ce0.0,공주시가 충함체초로 바령한 모발일 지역 타랑 상품권 정죽태이가 두적바행에 205럽 7보건을 돌파했다고 시일일 밝겼다
p04_u75,p04,avg_taps_ce10.0,공두시가 충함체초로 바령한 모발일 지역 타랑 상품권 정접폐위가 두적바행에 20575건을 돌파했다고 시비일 발겼다
p04_u75,p04,avg_ce0.0_ce10.0,공주시가 충함 제초로 바행한 모발일 지역 타랑 상품권 정죽 태위가 두적 바행에 2057보건을 돌파했다고 시비일 발겼다
p04_u76,p04,avg_taps_ce0.0,2천19년 8월 출시후 이면 8개월 마닌 5월11 부적 바량에 209 7법 원을 달성었다
p04_u76,p04,avg_taps_ce10.0,"2019년 8월 출시후 위년 8개월 마인 5월11 구적 바행에 2,575원을 달상었다"
p04_u76,p04,avg_ce0.0_ce10.0,2019년 8월 출시후 유년 8개월 마인 5월11 부적 바행에 205 7스복 원을 달상었다
p04_u77,p04,avg_taps_ce0.0,우는 지난의 구월 처목 백고원 달성에 이여 불과 팔결을 만에 천호건 이상 바행된 것다
p04_u77,p04,avg_taps_ce10.0,우는 지난의 구월 천호 백고원 달성에 이여 불과 팔결을 만에 처호건 이강 바행된 것다
p04_u77,p04,avg_ce0.0_ce10.0,우는 지난의 그월 천호백고원 달성에 이여 불과 팔결을 만에 처호건 이상 바행쟁 것다
p04_u78,p04,avg_taps_ce0.0,다윗자도 오래들어 매일 배겨명식 징가 하면성 총가입자스는 심 9천0 명을 꾸돌고 있다
p04_u78,p04,avg_taps_ce10.0,다윗자도 올래들어 매일 배겨명식 증가 하면성 총가입자스는 심만 9천 명을 꾸돌고 있다
p04_u78,p04,avg_ce0.0_ce10.0,다윗자도 오래들어 매일 배겨명십친과 하면성 총 가입자스는 심만 9천0 명을 우돌고 있다
p04_u79,p04,avg_taps_ce0.0,부상공인 자형 없자도 꾸중의 감맹점에 등독하면서 자천 4백개를 넘어서며 꾸전한 중가세를 보이고 있다
p04_u79,p04,avg_taps_ce10.0,후상공인 자형없자도 꾸중의 감맹점에 능록하면서 자천 4백0개를 넘어서며 꾸전한 중가세를 보이고 있다
p04_u79,p04,avg_ce0.0_ce10.0,부상공인 자형없자도 꾸중의 감맹점면 능록하면서 자천 4백0개를 넘어서며 꾸전한 증가세를 보이고 있다
p04_u80,p04,avg_taps_ce0.0,책군에는 택지없대에 감맹점 등록이 징가 하는서 은수 종하지 아및 미용자들의 큰 호을 얻고 있다
p04_u80,p04,avg_taps_ce10.0,책군에는 택지없개 감명점 등록이 증가하면서 은수 종파지 아및 위용자들의 큰 호행을 얻고 있다
p04_u80,p04,avg_ce0.0_ce10.0,책군에는 택지없대에 감명점 등록이 징가하면서 은수 종사지 아및 이용자들의 큰 호행을 얻고 있다
p04_u81,p04,avg_taps_ce0.0,특히 본국패의 회전 류이 98프로에 달라면서 지역 경제 선손하을 끌고 없다
p04_u81,p04,avg_taps_ce10.0,특히 봉규회의 회전 유이 98프로에 달라면서 지역 경제 선순하을 끌고 있다
p04_u81,p04,avg_ce0.0_ce10.0,특히 봉규회일 회전 유이 98프로에 달라면서 지역 경제 전순하을 끌고 있다
p04_u82,p04,avg_taps_ce0.0,비와 함께 공주패이와 연동 모바일 에브로 손식게 재달주원 할 수 있는 공공 베달렛서비스도 빠르게 정택하고 있는 것으로 같타났다
p04_u82,p04,avg_taps_ce10.0,비와 함께 공주 패위와 연동 모바일 에브로 손식게 배달주원할 수 있는 공공 베달렛서비스도 빠르게 정각하고 있는 것으로 나타났다
p04_u82,p04,avg_ce0.0_ce10.0,비와 함께 공주 패위와 연동 모바일 에브로 선식게 배달주은할 수 있는 공공 베달렛서비스도 빠르게 정탁하고 있는 것으로 나타났다
p04_u83,p04,avg_taps_ce0.0,지안의 구월 정식 은영에 들어간 후 시행 팔개을 많인 지난 5월11 1제24십게 없체가 감명정으로 등록했으며 부적 거래도 시버원을 돌파했다
p04_u83,p04,avg_taps_ce10.0,지난의 고월 종식 은영의 들어간 후 지행 팔개할 많인 지난 5월11 현제24십게 업체가 감명점으로 등룩켰으며 부적 거랫도 시법원을 돌파했다
p04_u83,p04,avg_ce0.0_ce10.0,지난의 구월 정식 은영의 들어간 후 시행 팔개할 많인 지난 5월11 1제24게 없체가 감명점으로 등룩했으며 두적 거래획도 시법원을 돌파했다
p04_u84,p04,avg_taps_ce0.0,공주 베이 배달레의 가장 큰 이점은 일점 7퍼센트라는 더려만 중계 수출로로 소상 공인들에게 평군 8파센 이상의 수스로 부담을 더어두고 있다
p04_u84,p04,avg_taps_ce10.0,공주패이 배달에벨 가장 큰 이점은 일점 7파센트라는 절렴만 중계 수출러로 소상 공인들에게 평군 8파센트 이상의 수술로 부담을 더어주고 있다
p04_u84,p04,avg_ce0.0_ce10.0,공주패이 배달레벨 가장 큰 이점은 일점 7파센트라는 더렴한 중계 수줄로로 소상 공인들에게 평군 8파센 이상의 수술로 부담을 더어주고 있다
p04_u85,p04,avg_taps_ce0.0,여기에 1파센 하인 했택을 받을 수 있는 공주패이록 절제가 일어어지덮푸니 주원이 사장이 조치하는 학생동 소비자들에게 사랑을 맞고 있다
p04_u85,p04,avg_taps_ce10.0,여기에 1파센 하인 해택을 받을 수 있는 공주패이로 결제가 일어어지라푸니 주원히 사장이 조치하는 학형동 소비자들에게 사랑을 맡고 있다
p04_u85,p04,avg_ce0.0_ce10.0,여기에 1파 하인 했택을 받을 수 있는 공주패이록 절제가 이어어지잡푸니 주원히 사장이 조치하는 학성둥 소비자들에게 사랑을 맞조 있다
p04_u86,p04,avg_taps_ce0.0,시는 오월 가장에 다를 마지하여 침구 초대하기 등 다양한 배달레 이벤트를 지행하며 오천원 하인 굽번도 지금 한다
p04_u86,p04,avg_taps_ce10.0,신은 오월 가장에 다를 마지하여 친구 초대하기등 다양한 배달렘 이벤트 지행하며 오천원 하인 굽번도 지금 한다
p04_u86,p04,avg_ce0.0_ce10.0,신는 오월 가장에 달를 마지하여 친구 초대하기등 다양한 배달렘 이벤트 지행하며 오천한 하인 굽번도 지금 한다
p04_u87,p04,avg_taps_ce0.0,이상률 경제가장은 공주배위에 기브 서비 집플레품을 준비중으로 상우 지학 개층 지언과 기부문너 확산으로 지역 사회에 공원하겠다고 발쳤다
p04_u87,p04,avg_taps_ce10.0,이상의일 경제가장은 공주패위에 기브 섬비 집플레품을 준비중으로 향우 지학 개층 지언과 기부문너 확산으로 지역 사회에 공원하겠다고 말셨다
p04_u87,p04,avg_ce0.0_ce10.0,이상률 경제가장은 공주패위해 기브 섬비 집플레품을 준비중으로 향우 지학 계층 지언과 기부문너 확산으로 지역 사회에 공원하겠다고 말셨다
p04_u88,p04,avg_taps_ce0.0,한편 시는 코로나 일구와 일가인 상등 소상공인 기 자형 업자의 어려 미속되고 있는 상항을 감만에 래에도 공습베0파 하인 정척으 위지하고 입다
p04_u88,p04,avg_taps_ce10.0,한편 시는 코로나 일구와 유가인 상등 소상공인및 자형업자의 어려 미속되고 있는 상항을 감만에 우구래에도 공급1의1파 하인 정책을 위지하고 있다
p04_u88,p04,avg_ce0.0_ce10.0,한 편 시는 코로나 일구와 일가인상등 소상공인 및 자형업자의 어려 미속되고 있는 상황을 감만은 우래에도 공습1의1파 하인 정책을 유지하고 있다
p04_u89,p04,avg_taps_ce0.0,20v일 서울시는 전날 제4차 보시개 이언을를 계체하고 토초구 반포 유스진의 책 지설 설체 대에 수장가결 협다고 밝겼다
p04_u89,p04,avg_taps_ce10.0,이cv일 서울시는 전날 제04차 도시개이원을를 계체하고 토초으 반포 유수진의 책 지설 설체 대에 수장가결 했다고 밝혔다
p04_u89,p04,avg_ce0.0_ce10.0,이cv일 저울시는 전날제04차 도시개 위원을 계체하고 토초그 반포 유스진의 최육 지털 설체 대에 수장가결했다고 밝겼다
p04_u90,p04,avg_taps_ce0.0,1968년 채초결당된 반포 유수지는 유수 시설과 함께 200원영부터 반포 종화 분동장으로 이용되어왔다
p04_u90,p04,avg_taps_ce10.0,1968년 재초 결당된 반포 유수지는 유수 시설과 함께 2050부터 반포 종화 분동장으로 이용되어 왔다
p04_u90,p04,avg_ce0.0_ce10.0,1968년 재초 결당된 반포 유수지는 유수 시설과 함께 205영부터 반포종화 분동장으로 이용되어 왔다
p04_u91,p04,avg_taps_ce0.0,지난 2021년 제 심욕차 동시 계획 이언회를 통해 유스지 구관을 일부 폭게 하여 폭합 체치설 걸립하는 사항에 대한 심메일를 받은 바 있다
p04_u91,p04,avg_taps_ce10.0,지난 2021년 제 심욕차 동식 계획 위언을를 통해 유수지 구관을 일부 복게 하여 폭합 체육시설 걸립하는 사항에 대한 지메일를 받은 바 있다
p04_u91,p04,avg_ce0.0_ce10.0,지난 2021년 제심욕차 동식 경획 이언을를 통해 유스지 구관을 일부 복게 하여 폭합 체육지설 걸립하는 사항에 대한 지메일를 받은 바 있다
p04_u92,p04,avg_taps_ce0.0,기번 시민에서 공공 치 지설리 추가확증 필로성과 지민 의존을 반영하여 건축 면적 합텔 위에 복게 맺적을 놀렸다
p04_u92,p04,avg_taps_ce10.0,기번 시민에서 공공 체육 지설이 추가종 필로성과 지민 의견을 반영하여 건축 맹적 확대 위에 복게 맺적을 놀렸다
p04_u92,p04,avg_ce0.0_ce10.0,이번 시민에서 공공 체육 지설이 추가종 필로성과 지민 의전을 반영하여 건축 맹적 확대 위에 복게 맺적을 놀렸다
p04_u93,p04,avg_taps_ce0.0,유스 집 본 기등인 방제 성능의 지장이 없는 범이 내에서 주인의 접건 성과 위용 편이성에 등낼 연미이 검투했다
p04_u93,p04,avg_taps_ce10.0,유스 집 본 기등인 방제 성능의 귀장이 없는 범이 내에서 주인의 접건 성과 위용 편이성에 되회 연미이 감음했다
p04_u93,p04,avg_ce0.0_ce10.0,유스집 본 기등인 방제 성능의 지장이 없는 범이 내에서 주민의 잡건 성과 이용 편이성에 되회 연밀이 감릅했다
p04_u94,p04,avg_taps_ce0.0,이번 심을가 통가됨에 따라 유숙진의 일부 구관을 복게 하여 복합 체 지설를 건립하는 것이 가능해졌다
p04_u94,p04,avg_taps_ce10.0,이번 심물과 통화됨에 따라 유주진의 일부 구관을 복게 하여 복할 책 지설를 건립하는 것이 가능해졌다
p04_u94,p04,avg_ce0.0_ce10.0,이번 심물과 통화됨에 따라 유주진의 일부구관을 복게 하여 복합 치역지설를 건립하는 것이 가능해졌다
p04_u95,p04,avg_taps_ce0.0,그체적인 체지설 건립과 던일에 피로한 도시 관리 계획등은 더초으에서 지행할 일 정다
p04_u95,p04,avg_taps_ce10.0,그체적인 책지설 건느과 전립의 피로한 도시 관리 계획등은 더초을에서 지행할일려정이다
p04_u95,p04,avg_ce0.0_ce10.0,그체적인 책지설 건립과 건립의 피로한 도시 관리 계획등은 더초으에서 지행할 려정다
p04_u96,p04,avg_taps_ce0.0,유술지 방제 성령을 총적함과 동시에 지역 피로시설인 태획 시설를 설지하으로써 주민들의 살물 질일 향상에 기요할 것서 지대된다
p04_u96,p04,avg_taps_ce10.0,유술지 방제 성령을 충적 함과 동시에 지역 피로시설인 채획 시소를 설지 하으로써 주민들이 살의 진일 향상에 기요할 것을 기되된다
p04_u96,p04,avg_ce0.0_ce10.0,유수지 방제 성령을 충적함과 동시에 지역 피로시설인 태획 시소를 설지하으로써 주민들의 설을 진일 향상에 기요할 것을 기대된다
p04_u97,p04,avg_taps_ce0.0,스독과 매립지 관리공사은 수해 태임을 반임 드장을 간소화에 폐임을 처리기간을 단축한다고 206일 밝켰다
p04_u97,p04,avg_taps_ce10.0,스독과 매립직 발리공사는 수획태임을 반임 주장을 간소화에 폐임을 처리기관을 단축한다고 이06일 밝켰다
p04_u97,p04,avg_ce0.0_ce10.0,스독과 매립직 관리공사는 수해태임을 반임 두장을 간소화에 폐임을 철리기관을 단축한다고 206일 밝켰다
p04_u98,p04,avg_taps_ce0.0,메륙지공사는 책은 이사회를 열고 스토건 메립지 폐임을 반입등에 관난 잠무처의 기장 계정안을 의결했다
p04_u98,p04,avg_taps_ce10.0,메립지 공하는 책은 이사회를 열고 똑건 메립지 폐임을 반립등에 관난 참무처의 기장 계정안을 일결했다
p04_u98,p04,avg_ce0.0_ce10.0,메립지 공사는 책은 이사회를 열고 스토건 메립지 폐임을 반입등에 관한 참무처의 기장 계장안을 의결했다
p04_u99,p04,avg_taps_ce0.0,디존에 스웨 패기물를 처리아르면 내리지 공사 우냥위원에 주민 대표의 현장 실사가 비르했으나 이번 계정으로 관련 절차가 사로졌다
p04_u99,p04,avg_taps_ce10.0,기존에 스웨 패기물를 처리하르면 레립지 공사 우냥 위원에 주민 대표의 현장 실사가 필르했으나 입번 계장으로 관련 절차가 사루졌다
p04_u99,p04,avg_ce0.0_ce10.0,기존에 스웨 패기물를 철리하르면 레립지 공사 우냥 위원에 주민 대풀의 현장 실사가 필르했으나 입번 계정으로 관련 설차가 사람졌다
p21_u00,p21,avg_taps_ce0.0,연인의 자진을 출의 화가나 당구슬집에풀을 주려려고 한 옷수대 남성이 경찰에 강거렸다
p21_u00,p21,avg_taps_ce10.0,연인의 자진의 출에 화가나 당구슬집에 풀을 주리다고 한 우수대 남성이 경찰에 관거렸다
p21_u00,p21,avg_ce0.0_ce10.0,연님의 자진을 투대 화가나 당구슬집에풀을 주리려고 한 우수대 남성이 경찰에 관거렸다
p21_u01,p21,avg_taps_ce0.0,당주 동부 강찰서는 천주 건종을 방화 예비등 험이로 오시대 남성 예씨를 채포했다고 유기 밝겼다
p21_u01,p21,avg_taps_ce10.0,당주 동부 강찰서는 천주 건독움을 방화 예비등 협이로 오시대 남성 예씨를 채포했다고 유기 밝겼다
p21_u01,p21,avg_ce0.0_ce10.0,당주 동부 강찰서는 천주 건종움을 방화 예비등 험이로 오시대 남성예씨를 채포했다고 유게 밝겼다
p21_u02,p21,avg_taps_ce0.0,ac는 지난 이오후 한시3분쯤 봉구한 노레호래 불을 지르여 한 허위를 받는다
p21_u02,p21,avg_taps_ce10.0,ac는 지난 이오후 한시탐분쯤 동구한 노레호래 불을 지르려 한 혀위를 받는다
p21_u02,p21,avg_ce0.0_ce10.0,ac는 지난 이오후 한시탐분증 봉구한 노레호래 불을 지르여 한 혀위를 받는다
p21_u03,p21,avg_taps_ce0.0,그는 이한 물질이 든 시출리터자이 통을 책겨들고 노래오 리구에서 영업시작을 기다리며 서성해다가 목격자의 신고을 받은 경찰리 출동하아 달아났다
p21_u03,p21,avg_taps_ce10.0,그는 이나문질이 든 17리터자리 통을 책겨들고 노래오 리구에서 영업시작을 기다리며 서성이 다가 목격자의 신고을 받은 경찰리 추동하자 달아났다
p21_u03,p21,avg_ce0.0_ce10.0,그는 이나 물질이 등 17리터자리 통을 책겨들고 노래오 리구에서 영업시작을 기다리며 서성이 다가 목격자의 승고을 받은 경찰리 추동하자 달아났다
p21_u04,p21,avg_taps_ce0.0,선날 오무 행수쯤에는 해당 노레오를 다시차자가 영업을 방해하며 소란을 피웠다
p21_u04,p21,avg_taps_ce10.0,선달 오무 한 시쯤에는 회당 노레오를 다시차자가 영업을 방해하며 소란을 피웠다
p21_u04,p21,avg_ce0.0_ce10.0,선날 오후 한시쯤에는 회당 노레오를 다시차자가 영업을 방해하며 소란을 피웠다
p21_u05,p21,avg_taps_ce0.0,조사교과 그는 연인이 해당 노레울에서 다른 사람들과 자주스을 마신다는 이유로 이런 행동을 버린 것으로 들러났다
p21_u05,p21,avg_taps_ce10.0,조사결과 그는 연인이 해당 노레올에서 다른 사람들과 자주스을 마신다는 이유로 이런 행동을 버린 것으로 들어났다
p21_u05,p21,avg_ce0.0_ce10.0,조사결과 그는 연인이 해당 노레올에서 다른 사람들과 자주을 마신다는 이유로 이런 행동을 버린 것으로 들어났다
p21_u06,p21,avg_taps_ce0.0,경차은 체푸 영장을 발부바아 보이 둔일던 c를 이날 오전 부잡았으며 제적인 범맹 경위를 파학게 그속 영장을 신청할 방심니다
p21_u06,p21,avg_taps_ce10.0,경차를 체푸 영장을 발부받아 포이중이던 ac를 이날 로전 붙잡았으며 구체적인 범맹 당위를 파학게 그속 영장을 신청할 방칩니다
p21_u06,p21,avg_ce0.0_ce10.0,경찰를 체푸 영장을 발부받아 포이등위던 ec를 이날 오전 부잡았으며 부태적인 범맹 당위를 파학게 그속 영장을 신청할 방침니다
p21_u07,p21,avg_taps_ce0.0,얼론 중제 위원에 여중국 될고삼소장이 26일 평부길 보 본사를 방문에 아아두낸 유용한 얼론 분쟁이라는 주제로 강이했다
p21_u07,p21,avg_taps_ce10.0,얼론 중제 위원에 여중국 되고 사문소장이 26일 경부일 보 본사를 방문에 아아등는 유용한 얼론 분쟁이라는 주제로 강이했다
p21_u07,p21,avg_ce0.0_ce10.0,얼론 중제 위원에 여중국 되고사문소장이 26일 경부의 보 본사를 방문에 아아등낸 유용한 얼론 분쟁이라는 주제로 강이했다
p21_u08,p21,avg_taps_ce0.0,정부일 보 인지관 목크 소비아 명명된 이번강이는 본사지관 3식명을 되상으로 지행됩다
p21_u08,p21,avg_taps_ce10.0,정부일 보 임지관 워크소비라 명명된 이번강이는 본사지관 3식명을 대상으로 지행겼다
p21_u08,p21,avg_ce0.0_ce10.0,정부일 보 임지관 목쿠소비라 명명된 이방강이는 분사지관 3식명을 대상으로 지행됩다
p21_u09,p21,avg_taps_ce0.0,경복 대표의간 지에 경부일 보아 얼론 중제 위원해관에 그류는 물론 질문 질답을 통해 성옥관 군정적 영행한 구축이 복적이다
p21_u09,p21,avg_taps_ce10.0,경북 베표일간 지 경북일 보아 얼론 중제 위원해관에 그르는 물론 질문 질답을 통해 성옥관 근정적 영행한 구축이 목적이다
p21_u09,p21,avg_ce0.0_ce10.0,경북 대표일간 지인 경북일 보아 얼론 중제 위영해관내 그르는 물론 질문 질답을 통해 성우관 근정적 영향 구축이 목적이다
p21_u10,p21,avg_taps_ce0.0,당이는 영의 회손에 주여 정점 토 살관치메등 얼론 중대 위원에 쓰으로 지행됩다
p21_u10,p21,avg_taps_ce10.0,당이는 영의 회손의 주요 종점 토상관치메등 얼론 중제 위원에 흠으로 지행됩다
p21_u10,p21,avg_ce0.0_ce10.0,당이는 영의 회손에 주요 증점 토살관치메등 얼론 중대 위원에 쓰으로 지행됩다
p21_u11,p21,avg_taps_ce0.0,특히 명의 회송과 소살권실에 부분이 실제 언중이에서도 가장 덮스칼래가 많았기에 이에대한 자세한 설명이 일어졌다
p21_u11,p21,avg_taps_ce10.0,특히 명의 회송과 소생권실에 부분이 실제 언중위에서도 가장 접푸파에가 많았기에 이에대한 자세한 설명이 일어졌다
p21_u11,p21,avg_ce0.0_ce10.0,특히 명의 성과 초산권침에 부분이 실제 언중위에서도 가장 덮수활례가 많았뒤에 이에대한 자세한 설명이 일어졌다
p21_u12,p21,avg_taps_ce0.0,장사자 특통 여부가 학칭 요소로 꽃혔으며 문노리아는 신진 얼굴리 클로접된 경우가 저표적이었다
p21_u12,p21,avg_taps_ce10.0,장사자 특통 여부가 학친 교소로 꽃혔으며 은노리아는 식긴 얼굴이 크로접된 경우가 접표적이었다
p21_u12,p21,avg_ce0.0_ce10.0,장사자 특통 여부가 학칭 요소로 꽃혔으며 문노리아는 식긴 얼굴이 크로접된 경우가 지표적이었다
p21_u13,p21,avg_taps_ce0.0,얼굴 왜에도 전나보호와 기하 특정할 수주 있는 부분의 노출 렵으로 신승해야 한다고 비연냈다
p21_u13,p21,avg_taps_ce10.0,얼굴 왜에도 전화보호와 기다 특정할 수추 있는 부분에 노출 렵으로 신승해야 한다고 불연냈다
p21_u13,p21,avg_ce0.0_ce10.0,얼굴 왜에도 전화보호와 기다 특정할 수 있는 부분에 노출렵으로 신승해야 한다고 부연냈다
p21_u14,p21,avg_taps_ce0.0,물지적 통이 영실적통이 공겨적 통이등 보한 방법도 소원됩고 무업보다도 공위게 대한 여부가 가장 해자고 강조했다
p21_u14,p21,avg_taps_ce10.0,목지적 통이 영시적 통이 공계적 통이등 보한 당법도 좋한됩고 업보다도 공위게 대한 여부가 가장 해자고 강조했다
p21_u14,p21,avg_ce0.0_ce10.0,미지적 통이 영시적 통이 공계적 통이등 보함 당법도 좋한됩고 우업보다도 공위게 대한 여부가 가장 폐자고 강조했다
p21_u15,p21,avg_taps_ce0.0,여종국 언론 중제 위언에 대고 섬호장은 공위 보도를 위에 특정부분의 신하향이도 관능가다며 긴 강의 시간 동안 강이 위밀두서 담사되인다다고 말했다
p21_u15,p21,avg_taps_ce10.0,"여종국 언론 중제 위언에 대구 섬호장은 봉육보도를 위해 특정 부분의 신항향이도 가능하다며 행 강의 시간 동안 강이 위밀두서 감사하들인다""""라고 말했다"
p21_u15,p21,avg_ce0.0_ce10.0,"여동국 언론 중제 위언에 대구 섬호장은 봉역 보도를 위해 특장 부분의 신타향이도 가능하다며 행 강의시간 동안 강이 위밀두서 검사를인다""라고 말했다"
p21_u16,p21,avg_taps_ce0.0,한편 얼론 중제 위원에는 대구 부산 광조 대전 경기 장원 충복 전북 경람제주등 열곳에 지역섬소를 주고 있다
p21_u16,p21,avg_taps_ce10.0,한편 얼론 중제 위원에는 대고 부산 방주 대전 경기 장원 충복 전북 경람제주등 열곳에 지역섬소를 주고 있다
p21_u16,p21,avg_ce0.0_ce10.0,한편 얼론 중제 위원에는 대고 부산 광주 되전 경기 강원 충북 전북 경람제주등 열곳에 지역 섬문소를 두고 있다
p21_u17,p21,avg_taps_ce0.0,이제명 더부로민 주당 대표 후보가 20비를 광주에서 한 여성의 싸인 요청을 거절하는 모습이 표착대 올라인을 중심으로 화죄를 모호고 있다
p21_u17,p21,avg_taps_ce10.0,이 때명 저부로민주당 대표 후보가 이0비를 광주에서 한 여성의 싸인 요청을 거절하는 모습이 포착대 올라인을 중심으로 화죄를 모고 있다
p21_u17,p21,avg_ce0.0_ce10.0,이제명 더불로 민주당 대표 후보가 이0비를 광주에서 한 여성에 싸인 요청을 거절하는 모습이 포착대 올라인을 중심으로 화죄를 모고 있다
p21_u18,p21,avg_taps_ce0.0,이 수본을 이날 오수 민주당 당대표및 채고 의언 소보드의 합동 연설외가 열린 광주 진대준 컴벨선 센터를 찾았다
p21_u18,p21,avg_taps_ce10.0,이 수보을 이날 오후 민주당 당대표및 채고 의언 후보들의 합동 연설외가 열린 강주 긴대 준 컴벨선 센터를 찾졌다
p21_u18,p21,avg_ce0.0_ce10.0,이 수보을 이날 오후 민주당 당대평이 책고 위언 소보들의 합동 연설외가 열린 광주 짐대 준 컴벨선 센터를 찾졌다
p21_u19,p21,avg_taps_ce0.0,이 후보가 차서 내리자 귀의 지지자들이 몰려들었고 그는 지지자들과 준먹인 사를 나누거나 손을 흔될기도 했다
p21_u19,p21,avg_taps_ce10.0,이 후보가 차서 내리자 기의 지지자들이 몰려들었고 그는 지지자들과 준먹인 사를 나누거나 훈을 흔될기도 했다
p21_u19,p21,avg_ce0.0_ce10.0,이 후보가 차서 내리자 그의 지지자들이 몰려들었고 그는 지지자들과 준목인 사를 나누거나 훈을 흔될기도 했다
p21_u20,p21,avg_taps_ce0.0,이리후보은 인날 민조장터바신 광주 전남 지역에 경선 트표에서 특표를 8퍼센처의 육박하는 표를 얻으며 아증의 걸롭다
p21_u20,p21,avg_taps_ce10.0,이 후보은 인날 민주당터바신 광주 전남 지역에 경선 투표에서 투표 8퍼센7의 6박하는 표를 얻으며 앞증을 걸었다
p21_u20,p21,avg_ce0.0_ce10.0,이리 후보은 인날 민주장터바시 광주 전남 지역에 경선 특표에서 특표를 8퍼센취의 육박하는 표를 얻으며 아증을 걸었다
p21_u21,p21,avg_taps_ce0.0,이 수보에 인날 모습은 그의 비지자들이 올린 유트브 영상에 담겼는데 여기에는 그가 싸인 유청을 거절하는 장령도 코착되다
p21_u21,p21,avg_taps_ce10.0,이 수보에 인날 모습은 그의 뒤지자들이 올린 6트브 영상에 담겼는데 여기에는 그가 싸인 요청을 거절하는 상면도 포착되다
p21_u21,p21,avg_ce0.0_ce10.0,이 수보에 인날 모습은 그의 귀지자들이 올린 유트브 영상에 담겼는데 여기에는 그가 싸인 유청을 거절하는 상면도 포착했다
p21_u22,p21,avg_taps_ce0.0,부능색 상일를 입은 한 여성이 가방에서 책한권을 꺼내 이 수보에게 싸인을 유청했다
p21_u22,p21,avg_taps_ce10.0,부능색 상위를 입은 한 여성이 가방에서 최한권을 꺼내 이 후보에게 싸인을 류청했다
p21_u22,p21,avg_ce0.0_ce10.0,부능색 사위를 입은 한 여성이 가방에서 책한권을 꺼내 이 후보에게 싸인을 류청했다
p21_u23,p21,avg_taps_ce0.0,이 스보은 최결 받아들고 표죄를 유심일 보너니 다시 여성에에게 책결 돌려졌다
p21_u23,p21,avg_taps_ce10.0,이 스보은 최결 받아들고 표질를 유심이 고너니 다시 여성이에게 책결 돌려졌다
p21_u23,p21,avg_ce0.0_ce10.0,이보은 최결 받아들고 표질를 유심이 보너니 다시 여성이에게 책결 돌려졌다
p21_u24,p21,avg_taps_ce0.0,이 여성은 제차 자인을 요청했으나 이 수보는 국개를 다른 쪽으로 돌려 거부 의사를 표현냈다
p21_u24,p21,avg_taps_ce10.0,이 여성은 재차 싸인을 요청했으나 이 후보는 구개를 다른 쪽으로 돌려 거부 위사를 표현냈다
p21_u24,p21,avg_ce0.0_ce10.0,이 여성은 재차 싸인을 요청했으나 이 후보는 구개를 다른 쪽으로 둘려 거부 위사를 표현냈다
p21_u25,p21,avg_taps_ce0.0,그러자 이 수보의 옆혀 있던 한 남성은 회당 여성에게 손으로 애필실를 하고 구게를 좋었다
p21_u25,p21,avg_taps_ce10.0,그러자 이 후보의 여혀 있던 한 남성은 회당 여성에게 손으로 역습표실를 하고 구게를 좋었다
p21_u25,p21,avg_ce0.0_ce10.0,그러자 이 수보의 여혀 있던 한 남성은 해당 여성에게 손으로 역습필시를 하고 구게를 좋었다
p21_u26,p21,avg_taps_ce0.0,이 후보가 사인을 하지 않을 것이니 더이상 요청하지 말란을 누위인 것으로 부인다
p21_u26,p21,avg_taps_ce10.0,이 부보가 사인을 하지 않을 것이니 더의상 요청하지 말라는 의위인 것으로 부인다
p21_u26,p21,avg_ce0.0_ce10.0,이 수보가 사인을 하지 않을 것이니 더의상 요창하지 말라는 의림인 것으로 부니다
p21_u27,p21,avg_taps_ce0.0,이 후보가 싸련을 거부한 이유는 여성이 레민 책텍민인 것으로 내투진들은 숙출하고 있다
p21_u27,p21,avg_taps_ce10.0,이 후보가 싸연을 거프한 이후는 여성이 내민 책대문인 것으로 내투준들은 숙출하고 있다
p21_u27,p21,avg_ce0.0_ce10.0,이 후보가 싸연을 거부한 이후는 여성이 내민 책대문인 것으로 내투준들은 첫하고 있다
p21_u28,p21,avg_taps_ce0.0,영상에서 해당철비 정화하게 보이지 난지만 힌책펼지에 비치어 9바이 2제명 아니야을 주장이 제기했다
p21_u28,p21,avg_taps_ce10.0,영상에서 회당 철비 정확하게 보이지 난지만 흰책펼지에 비치어 9바이 2제명 아니야는 수장이 제기했다
p21_u28,p21,avg_ce0.0_ce10.0,영상에서 회당 최비 정화하에 보이지 난지만 힘색표지에 비치어 9바이 이제명아닌야는 주장이 제기했다
p21_u29,p21,avg_taps_ce0.0,장향화 변호사가 주난의 1비월 술간난 2책근 이스보와 그 치령인을 도 이제선씨에 갈등을 달랐다
p21_u29,p21,avg_taps_ce10.0,장령화 변호사가 주난의 1피월 술간난 2책은 이 수보와 그 치령이는 도 이제선 씨에 갈등을 달었다
p21_u29,p21,avg_ce0.0_ce10.0,당령화 변호사가 지난의 1피월 술간난 2책은 이스보와 그 치령이는 두 이제선씨에 관등을 달랐다
p21_u30,p21,avg_taps_ce0.0,인주당은 장변호사가 이제선시의 일방적인 스명을 담었다며 한메금지 가초은 신청을했지만 법어은 일을 기각한 바 있다
p21_u30,p21,avg_taps_ce10.0,유주당은 장변호사가 이제선씨의 일방적인 스랑을 담었다며 한매금지 가초분 신청을 했지만 법어은 일을 기각한 바 있다
p21_u30,p21,avg_ce0.0_ce10.0,유주당은 장변호사가 이제선씨의 일방적인 스장을 담었다며 한매금지 가초분 신청을 했지만 법어은 일을 기각한 바 있다
p21_u31,p21,avg_taps_ce0.0,이선군이 주민자치의 철을 강화하는 릴레의 주민 손해를 계책키로해 주목된다
p21_u31,p21,avg_taps_ce10.0,이선군이 주민자치의 틀을 강화하은 린레의 주민 손해를 계책키로해 주목된다
p21_u31,p21,avg_ce0.0_ce10.0,이선군이 주민자치의 철을 강화하는 린레의 주민송해를 계책키로해 주목된다
p21_u32,p21,avg_taps_ce0.0,그는 씨일 안선원을 수작으록 팔로의 말까지 1려게 연에서 밀레의 주민 총해를 대추한다
p21_u32,p21,avg_taps_ce10.0,군는 씨일 안설원을 시작으록 팔월 말까지 1여덟게 면에서 률레의 주민 총해를 계추한다
p21_u32,p21,avg_ce0.0_ce10.0,그는 씨일 안선면을 시작으록 팔로 말까지 열여덟게 연에서 률레의 주민 총해를 계칠한다
p21_u33,p21,avg_taps_ce0.0,주민통에는 지역 주민들이 모여 지역의 일에 대에 논이하궁 절정하는 주민 공론장이다
p21_u33,p21,avg_taps_ce10.0,주민총에는 지역 주민들이 모여 지역의 일에 대에 논이야궁 절정하는 주민 궁론장이다
p21_u33,p21,avg_ce0.0_ce10.0,주민총에는 지역 주민들이 모여 지역의 일에 대에 논이약고 절정하는 주민이 궁론장이다
p21_u34,p21,avg_taps_ce0.0,이번 주민 총해에서는 213년 주민 참열 개산 서업과 지역 편한 사업을 공위하고 결정한다
p21_u34,p21,avg_taps_ce10.0,입번 주민 총해에서을 213년 주민 참열 예산 서업과 지역 편한 서업을 공위하고 결정한다
p21_u34,p21,avg_ce0.0_ce10.0,2번 주민 송의에서는 223년 주민 참열예산 서업과 지역 편한 서업을 공위하고 결정한다
p21_u35,p21,avg_taps_ce0.0,의몇 주민 4치회는 지난 1월 주민 사치의 은영계획을 수립판 소 차례의 벌침 회일를 통해 지역천한 거죄를 발고라고 회결 방원을 모세해웠다
p21_u35,p21,avg_taps_ce10.0,률몇 주민 사치회는 지난 1월 주민 사치의 은영계획을 수립판 후 차례의 벌친 회일를 통해 지역천한 거제를 발고라고 해결 방원을 모색해왔다
p21_u35,p21,avg_ce0.0_ce10.0,몇 주민 사치회는 지한 1월 주민 사치의 은영계획을 수립판소 차례의 벌친 회일를 통해 지역천한 거제를 발고라고 회결 방원을 모색해왔다
p21_u36,p21,avg_taps_ce0.0,그리고 그 별관를 주민 총의 않건으로 상정하여 주민 특표로오 시령인 옷서 순일를 결정할 방십니다
p21_u36,p21,avg_taps_ce10.0,그리고 그 결관를 주민 통의 않건으로 상정하여 주민 특표로 시령이 오선 순일를 결정할 방십니다
p21_u36,p21,avg_ce0.0_ce10.0,그리고 그 결관를 주민 총의 않건으로 상정하여 주민 특표로 시름이 오서 수일를 결정할 방십니다
p21_u37,p21,avg_taps_ce0.0,특히 주민 측표는 주민들이 직접 주민 총의 현장에서 특표하는 방식으로 오영되며 더 많은 음님이 탐멸 수 있도록 말 별로 혼보로 지행한다
p21_u37,p21,avg_taps_ce10.0,특히 주민트표는 주민들이 직접 주민 총의 현장에서 특표하는 방식으로 오영되며 더 많은 중님이 탐요할 수 있도록 말별로 혼고로 지행한다
p21_u37,p21,avg_ce0.0_ce10.0,특히 주민트변은 주민들이 식접 주민총의 현장에서 특표하는 방식으로 오영되며 더 많은 주님이 탐요할 수 있도록 말별로 홍고로 지행한다
p21_u38,p21,avg_taps_ce0.0,"의성급 주민 자지이원a지는 주민들의 행정 사멸를 높이고 자치제에 대한 책임을 다한다는 음미에서 주민 총에는 팀림이가 있는 것같다""고 말했다"
p21_u38,p21,avg_taps_ce10.0,의성급 주민 자치위원 a지는 주민들의 행정 사멸를 높이고 자치제에 대한 책임을 더한다는 음미에서 주민 총에는 힘림미가 있는 것같다고 말했다
p21_u38,p21,avg_ce0.0_ce10.0,의성급 주민 자치위원 a지는 주민들의 행정 사멸를 높이고 자치제에 대한 책임을 다한다는 음미에서 주민 소에는 편림이가 있는 것같다고 말했다
p21_u39,p21,avg_taps_ce0.0,긴주수 의성군중은 주민 총예를 통해 올러오 서업들을 제정적으로 죽었침하여 주민들의 결정이 구체적으로 시련될 수 있도록 사선을 다았겠다 대소했다
p21_u39,p21,avg_taps_ce10.0,긴주수 의성군중은 주민 총해를 통해 올러운 서업들을 제정적으로 기었침하여 주민들의 결정이 구체적으로 시련될 수 있도록 사선 다하겠다 되소했다
p21_u39,p21,avg_ce0.0_ce10.0,긴주수 의성군중은 주민 총해를 등해 올라오 서업들을 제정적으로 뒤붙침하여 군민들의 결정이 그체적으로 시련될 수 있도록 찾선을 다하겠다 보소했다
p21_u40,p21,avg_taps_ce0.0,친간 소움에 불만을 품고 혼장사면 2친 여선 거주지문을 스차에 두드리고 보어락을 줄러 건코신의 조장한 살십대 납성이 뜻잡했다
p21_u40,p21,avg_taps_ce10.0,증간 소움에 불만을 품고 혼장사면 위침 여선 거주지문을 차에 주드리고 고워락을 줄러 건코심의 도장한 살십대 남성이 부잡했다
p21_u40,p21,avg_ce0.0_ce10.0,증간 소움에 불만을 품고 훈장사면 위친 여선 거주지문을 살례 두드리고 보아락을 줄러 건코심의 조장한 살십대 나성이 부잡었다
p21_u41,p21,avg_taps_ce0.0,광양 정설손을 속징 범죄의 처발등에 관난 범유입번 혈위로 엘c를 이꺼했다고 십3을 발혔다
p21_u41,p21,avg_taps_ce10.0,방명 경설손을 속중 범죄의 처발등에 관난 범요리던 행위로 이c를 이꺼했다고 십3일 발혔다
p21_u41,p21,avg_ce0.0_ce10.0,강명 경살선는 속징 범죄의 터발등에 관한 범요입반 형위로 예씨를 입꺼했다고 13일 발혔다
p21_u42,p21,avg_taps_ce0.0,에c는 진한 11 오전 내시 20분일께 한 동의 한 아파트에서 위집의 거주중이 살십대여선 비시에십 평험문을 스철에 두드인 협니다
p21_u42,p21,avg_taps_ce10.0,예씨는 주한 11일 오전 내시 1분일께 환동의 한운 앞파트에서 미집의 거두중이 3대 여성 비시의 집 총험문을 스철에 두드인 협이다
p21_u42,p21,avg_ce0.0_ce10.0,레씨는 지난 11일 오전 내시 스분일께 환동의 한 앞파트에서 위집의 거주중이 살십대 여성 비시에십 청험문을 스철에 두드인 협이다
p21_u43,p21,avg_taps_ce0.0,징고를 받고 출동안 당사은 피에자시수를 창치후 주변 일제를 수사하였지만 별달른 특기점의 발겨하식 오에 철수했다
p21_u43,p21,avg_taps_ce10.0,징고를 받고 출동한 강사은 피에자 신수를 창치후 주변 일대를 수사하였지만 별달른 처기정을 발견하음 못에 철 수했다
p21_u43,p21,avg_ce0.0_ce10.0,징고를 받고 출동안 당사은 피에자 센수를 창치후 주변 일제를 수사하였지만 별달른 특기정을 발견하으 못에 설수했다
p21_u44,p21,avg_taps_ce0.0,2후c는 50겨분 지인 오전 다사찍대 또 자시 비c집을 찾자가 돌락을 누으기 동했다
p21_u44,p21,avg_taps_ce10.0,이후c는 오식접분 지인 오전 더하씩개 또 자시 빛지 집을 찾자가 돌락을 누르기 동했다
p21_u44,p21,avg_ce0.0_ce10.0,이후이c는 오0접분 지인 오전 다사찍대또 자시 빛c 집을 찾아가 돌락을 누르기 동했다
p21_u45,p21,avg_taps_ce0.0,대차신골를 접스하고 현장의 도착행 정사른 아르침 형험문이 서설 다치는 것을 서인냈다
p21_u45,p21,avg_taps_ce10.0,제차신골를 접쓰하고 현장의 도착한 정탈은 아르칭 형감문이 서설일 다추있는 것을 사인냈다
p21_u45,p21,avg_ce0.0_ce10.0,대차신골를 접쓰하고 현장의 도착상 정사은 아르층 형험문이 서설일 다치는 것을 서인냈다
p21_u46,p21,avg_taps_ce0.0,경사려 즐공에 a시을 위친에서 고의로 토움을 일으준다고 생각에 거을주지 이위에 보명일 조을렀다고 잡백혔다
p21_u46,p21,avg_taps_ce10.0,경찰를 죽공에 a이시는 위친에서 고의로 호움을 일으분다고 생각에 거불주기 기에 보맹을 조을렀다고 자백혔다
p21_u46,p21,avg_ce0.0_ce10.0,정사에 죽공에 a이시는 위친에서 고의로 소움을 일으준다고 생가에 거불주이 이위에 보행을 조질렀다고 자백혔다
p21_u47,p21,avg_taps_ce0.0,호을 선일도에 항향 일을 거르며 정치를 감성할 수 있는 디깊잘 행태에 스한 양 비행득키가 조성든다
p21_u47,p21,avg_taps_ce10.0,호을 선유도에 항강 위을 거르며 정치를 감성할 수 있는 디끗잘 행태에 수한 영 비행택키가 조성든다
p21_u47,p21,avg_ce0.0_ce10.0,호을 선유도에 항경 위을 거르며 정치를 감성할 수 있는 디급자 행태에 스한영 비행덕키가 조성준다
p21_u48,p21,avg_taps_ce0.0,처울시 항황 사업번부는 혼유도 부행 선교 및 항황 수산 결월리 도성 사업을 추지난다고 26일 밝혔다
p21_u48,p21,avg_taps_ce10.0,서울시 항강 사업번부는 환유도 보행 상교 및 항황 수상 결로리 도성 사업을 수지난다고 26일 밝혔다
p21_u48,p21,avg_ce0.0_ce10.0,서울시 항강 사업본부는 환유도 보행 선교 및 항황 수상 결로리 도성 사업을 추지난다고 26일 밝혔다
p21_u49,p21,avg_taps_ce0.0,"씨에 따르면 보행듣표는 총 1푸시인이터 길리의 북출 행태로 항홀의 뛰유는 1,부상령 보행로와 약5이5피의 있친 전방대로 구성된다"
p21_u49,p21,avg_taps_ce10.0,씨에 따르면 보행득표는 총 1푸시인이터 기리의 북층 행태로 향물에 뛰유는 1층부상양 보행로와 약1공이 로피의 이층 전방대로 구성된다
p21_u49,p21,avg_ce0.0_ce10.0,"씨에 따르면 보행득표는 총 별투시인이터 기리의 북출 행태로 향홀에 뛰유는 1,부상양 보행로와 약15m로피의 이층 전방대로 구성된다"
p21_u50,p21,avg_taps_ce0.0,보행택피를 따라 걸르면 상살류도 국개법은 행광이 시원한 물즐길를 한눈해 볼수 있고 쪽으로는 높이 소은 부한 사까지 부망할 수 있다
p21_u50,p21,avg_taps_ce10.0,보행택필를 따라 거르면 창살리도 국개법은 항강의 시원한 물줄길를 한눈해 볼수 있고 적으로을 높이 소은 북한 사까지 부망할 수 있다
p21_u50,p21,avg_ce0.0_ce10.0,보행택피를 따라 거르면 상활리도 국개법은 행강의 시원한 물줄길를 한눈해 볼씻고 적으로을 높이 소은 북한 사까지 부망할 수 있다
p21_u51,p21,avg_taps_ce0.0,1씬과 2층 사기에는 가로 약8신 이터 교모의 낙카 분스를 설치에 대영 옷터 스프린을 만들 계획이다
p21_u51,p21,avg_taps_ce10.0,1씬과 2층 사기에는 가로 약신 의터교모에 낙카 분스를 설치에 대영 옷터 스프리을 만들 계획이다
p21_u51,p21,avg_ce0.0_ce10.0,1씬과 2층 사이에는 가로 약8신 6터교모에 낙카 분스를 설치에 대영 옷터 스트리을 만들 계획이다
p21_u52,p21,avg_taps_ce0.0,일층 보행노 항가운데는 215년 이후 노호아로 가동에 준단된 월득커 분수를 저활용해 보평 수상 벨러리를 빕인다
p21_u52,p21,avg_taps_ce10.0,혈층 보형로 항강운 되는 215년 이후 노호아로 가동의 중단된 월득커 분수를 저활용에 보평 수상 결러리를 빕민다
p21_u52,p21,avg_ce0.0_ce10.0,1층 보행로 항각운데는 201년 이후 노호아로 가동의 중단된 월득커 분수를 져활용에 보평 서상 결러리를 빕민다
p21_u53,p21,avg_taps_ce0.0,구조을 네부에는 365포대양 열리빌를 설치에 시민들의 향강 위에서 다체로운 터센스를 주이 수 있도록 연냥할 골획이다
p21_u53,p21,avg_taps_ce10.0,그독을 네부에는 3명6소대양 엘리빌를 설치에 시민들의 향강 위에서 다체로 던센스를 주있 수 있도록 여냥할 골획이다
p21_u53,p21,avg_ce0.0_ce10.0,구조을 4부에는 3명도소대양 열리빌를 설치에 시민들의 행강위에서 다체로 던센스를 주기 수 있도록 여냥할 골획이다
p21_u54,p21,avg_taps_ce0.0,결로디 받닥은 강할류리로 만들어 발아래도 분수장들을 관남할 수 있다
p21_u54,p21,avg_taps_ce10.0,결로리 받닥은 강화유리로 만들어 발아래도 분수장들을 관람할 수 있다
p21_u54,p21,avg_ce0.0_ce10.0,벨로리 받닥은 강화유리로 반들어 발아래도 분수장들을 관람할 수 있다
p21_u55,p21,avg_taps_ce0.0,군사 보들은 원약 유리처인 플렉스글라스를 통해  피최의 스페트로에 따라 다최로어 색상을 만들러낸다
p21_u55,p21,avg_taps_ce10.0,군사보들은 원영 유리처인 플렉스을 낫스를 통해 때피최의 스페트로에 따라 다최로 색상을 만들러낸다
p21_u55,p21,avg_ce0.0_ce10.0,군사 보들은 원영 유리추인 플렉스을 낫스를 통해 때피최 스페트로에 따라 다최로어 색상을 만들어낸다
p21_u56,p21,avg_taps_ce0.0,항강들 작은 섬민 선유도는 양화되 교에서 이어지는 장문으로 바로 지립할 수 있다
p21_u56,p21,avg_taps_ce10.0,항각들 작은 섬민 선유도는 양화되 교에서 이어지는 장문으로 바로 지립할 수 있다
p21_u56,p21,avg_ce0.0_ce10.0,행각들 작은 섬민 선유도는 양화되 교회서 이여지는 장문으로 바로 지립할 수 있다
p21_u57,p21,avg_taps_ce0.0,양화 행강 고건에서 이여지는 부행교의 선유교를 건너서 들록을 수도 있어 적든성이 좋다
p21_u57,p21,avg_taps_ce10.0,량화 행강 고관에서 이여지는 부행교인이 선유교를 건너서 들록을 수도 있으 버건성이 좋다
p21_u57,p21,avg_ce0.0_ce10.0,량화와 행강 고관에서 이여지는 부행교이 선유교를 건너서 들록을 수도 있어 적견성이 좋다
p21_u58,p21,avg_taps_ce0.0,씨은 적근성이 뛰어하고 주정 경관이 우수한 선유도를 화용에 시인들이 수령 몰화를 처험하고 스식을 죄킬 수 있는 공관의 만들게 했다고 전냈다
p21_u58,p21,avg_taps_ce10.0,씨은 적근성이 찌험하고 주정 경관이 우수한 선유도를 화용에 시민들이 수렴 몰화를 채험하고 스식을 죄킬 수 있는 공감에 만들게 했다고 전냈다
p21_u58,p21,avg_ce0.0_ce10.0,씨은 적든성이 찌험하고 주병 경관이 우수한 선유돌를 화용에 시민들이 수변 몰화를 채험하고 스식을 즐기 수 있는 공관에 만들게 했다고 전냈다
p21_u59,p21,avg_taps_ce0.0,기동의 서울의 여랑기 행향우원에 있는 반량할 서털과 신서가 마련되 있지만 수변 문화를 직접 최함할 수 있는 공가는 구록했다는 신단이다
p21_u59,p21,avg_taps_ce10.0,기돈을 서원의 여랑게 행황공원에 있는 바양할 스풀과 심석가 마련도 있지만 수변 문화를 직접 최험할 수 있는 공가는 부록했다는 신단이다
p21_u59,p21,avg_ce0.0_ce10.0,기존의 서울의 여랑게 행영오원에 있는 바양할 스을과 심석가 마련도 있지만 수변 문화를 직접 최함할 수 있는 공가는 구족했다는 신단이다
p21_u60,p21,avg_taps_ce0.0,이원의 새로 도성하는 부행상교는 강물파로 위의 설시대 시민절의 행향위를 관는 당시분을 느기시 있을 것으로 시는 기대했다
p21_u60,p21,avg_taps_ce10.0,이번의 새로 도성하는 부행상교는 강물파로 위에 설취대 시민들이 항향위를 거는 당 시분을 느기 씻을 것으로 시는 기대했다
p21_u60,p21,avg_ce0.0_ce10.0,이번의 새로 조성하는 부행장교는 강물파로 위의 설취대 시민들의 항향위을 관는 당식분을 느끼있수 있을 것으로 시는 기대했다
p21_u61,p21,avg_taps_ce0.0,우래 유월 활개를 마치고 하방기에 사공 내점 말 공사를 완류하고 시인에게 대방할 계획이다
p21_u61,p21,avg_taps_ce10.0,오래 유월 설개를 마치고 사방기에 사공 내념 말 공사를 완류하고 시민에게 대방할 계획이다
p21_u61,p21,avg_ce0.0_ce10.0,오래 유월 설계를 맞치고 사방기에 착공 내점말 공사를 완류하고 시민에게 재방할 계획이다
p21_u62,p21,avg_taps_ce0.0,소울 중항지관 강역 번제 소사부가 28일 kh 그름에 평상 알테시할 리족트 입찰 방이 의혹과 갈련에 강원도 지사실과 비서실 등을 대상으로 앞수 수제길 지행하고 있다
p21_u62,p21,avg_taps_ce10.0,소울 중항지관 강역 번제 소사부가 208일 k리h 그름에 평상 알펜시할 리조트 있찰 방의 의혹과 갈련에 강원도 지사실과 비서실 등을 대상으로 앞수 수생길 지행하고 있다
p21_u62,p21,avg_ce0.0_ce10.0,소울 중항지검 강역번제 소사부가 28일 th 그름에 평상 알펜시할 리조트 2찰 방의 의혹과 관련에 강원도 지사실과 비사실 등낼 대상요로 앞수 스작을 지행하고 있다
p21_u63,p21,avg_taps_ce0.0,지한 17일 체무순 선는 강원도 지사 자택과 페리치 그록 사우실 강원도 배발공으서든 약숨으 곳을 앞수 스색을 한 대 위어 이틀째 방질수사에 라선 것이다
p21_u63,p21,avg_taps_ce10.0,지한 27일 체문순 선는 강원도 지사 자택과 해일치 그럽 사실 강원도 개발공서든 약숨을 곳을 앞수 수색을 한 대 위어 이틀째 방태수사에 나선 것이다
p21_u63,p21,avg_ce0.0_ce10.0,지간이이 17일 체문슨사는 강원도 지사 자택과 해에h 들럽 사으실 강원도 개발공으서든 약숨을 곳을 앞수 수색을 한 대에 위어 이틀째 방태수사에 나선 것이다
p21_u64,p21,avg_taps_ce0.0,검차련 이날 강원 도청등에 검사와 서사관을 보내 알페시할 이조트 매각과 관려한 문서등을 확부한 것으로 알려었다
p21_u64,p21,avg_taps_ce10.0,검차른 이날 강원 도창등에 검사와 서사관을 보내 알페시할 이쫓트 배각과 관려한 문서등을 확부한 것으로 알려었다
p21_u64,p21,avg_ce0.0_ce10.0,검차련 이날 강원 도청등의 검사와 스사관을 보내 알페시할 이조트 배각과 관려한 문서등을 확부한 것으로 알려었다
p21_u65,p21,avg_taps_ce0.0,케리에치 거럽은 주난의 유월 행롭 다상 관리 공사을 경생 있차를 통에 강원도 개발공사 소위의 알펜인시아리조트를 7천10 우구건에 낙살바랐다
p21_u65,p21,avg_taps_ce10.0,"케리에치 거럽은 주난의 유월 행룩 다상 관리 공사을 경쟁 있차를 통위에 강원도 개발공사 소유의 알펜시할리도트를 7,105워건에 낙살바았다"
p21_u65,p21,avg_ce0.0_ce10.0,k이에h 그r은 주난의 유월 행력 다상 관리 공상일 경생 있차를 통위에 강원도 개발공사 소유의 알편시아리조트를 7천10 5워건에 낙살바았다
p21_u66,p21,avg_taps_ce0.0,정쟁 입찰에 kh그럽 산나 계열 삼만 3표의 락차거자 kh그럽과 강원도가 사전의 조유랑 간이냐는 기 적기했다
p21_u66,p21,avg_taps_ce10.0,정쟁 2차일 kh그럽 산나 계열삼만 상류의 락차받자 kh그럽과 강원도가 사전의 조유랑 견리냐는 오기 적기했다
p21_u66,p21,avg_ce0.0_ce10.0,정쟁 2차에 kh그럽 산나 계열삼만 산류의 락차받자 kh그럽과 강원도가 사전의 조유랑 견리냐는 오기 적기했다
p21_u67,p21,avg_taps_ce0.0,서월 중황 시험은 지는달 말 큰선 지험으로부터 알편시할 이조트 매가 십찰 방이혹 사건을 점렵받아 서사를 지행하고 있다
p21_u67,p21,avg_taps_ce10.0,서울 중항 지험은 지원달발 준선 지험으로부터 알편시할 이조트 매가 기찰 방이 의혹 착건을 넘겨받아 스사를 지행하고 있다
p21_u67,p21,avg_ce0.0_ce10.0,소울 중항 시험은 지원달발 순선 지험으로부터 알편씨할 이조트 매각 싶찰 방의 의혹 사건을 점겨받아 스사를 지행하고 있다
p21_u68,p21,avg_taps_ce0.0,검차은 입번 아수 스색을 통해 학보한 자류를 분석한지 발련자들을 소원에 조사할 예정이다
p21_u68,p21,avg_taps_ce10.0,검차은 입번 앞수 스색을 통해 학보한 자류를 분석한뒤 발련자들을 소원에 조사할 예정이다
p21_u68,p21,avg_ce0.0_ce10.0,검차은 입번 아수 스석을 통해 확보한 자류를 분석한지 발련자들을 소원에 푸사할 예정이다
p21_u69,p21,avg_taps_ce0.0,농림 축산 1은분은 1월부터 축산 앞출로 인한 불편이 우대되는 집준 관리적 처른 세고을 대상으로 앞치적감 노력을 하는 결과 병난 기메시에서 성과가 나타았다고 201를 밝혔다
p21_u69,p21,avg_taps_ce10.0,농림 축산1은분은 1월부터 축산 악치로 인한 불편이 우려되는 직중 관리적 서은 세고을 대상으로 악치적감 노력을 하는 결과 경남 기메시에서 성과가 나타났다고 201를 밝혔다
p21_u69,p21,avg_ce0.0_ce10.0,농림 축산 1은분은 일월부터 축산 악치로 인한 불편이 우려되는 직증 관리적 처른 세고을 대상으로 악치적감 노력을 하는 결과 경남 기메시에서 성과가 나타났다고 201를 백겼다
p21_u70,p21,avg_taps_ce0.0,농십품부에 따르면 지메시은 3 밀집지역 마을 이장단을 포함만 지역차비체를 구성에 중인과 농가간 갈등을 해소하려고 노력했다
p21_u70,p21,avg_taps_ce10.0,농0품부에 따르면 기메시는 31집지역 마을 이당단을 토함만 지역차비체를 구성에 중인과 농가간 갈등을 해소하려고 노력혔다
p21_u70,p21,avg_ce0.0_ce10.0,농0품부에 따르면 지메시는 3 1집지역 마을 이장단을 토함만 지역 차비체를 구성에 중인과 농가간 갈등을 해소하려고 노력겼다
p21_u71,p21,avg_taps_ce0.0,그 결과 2020년 야5천0건에 달했던 크산악치이원니 지난의 2천0건 우래 생방기에는 약 성력우십건으로 감수했다
p21_u71,p21,avg_taps_ce10.0,그 결과 2020년 야고 천0건에 자했던 스산막지 이원니 지난의 200관 오래 상방기에는 약3벽50번으로 감소했다
p21_u71,p21,avg_ce0.0_ce10.0,"그 결과 2,20년 야5천0건에 달했던 스사막지 이원이 지난의 2천0건 오래 생방기에는 약350건으로 감소했다"
p21_u72,p21,avg_taps_ce0.0,농 1품보는 성국557곳에 악치 투정 성고통승기을 기개 장기를 설치에 악지 선감과 분석을 추진하고 있다
p21_u72,p21,avg_taps_ce10.0,농 1품분는 성국557곳세 악치 축정 성복통승기을 기게 장비를 설치에 악치 선감과 분석을 추진하고 있다
p21_u72,p21,avg_ce0.0_ce10.0,농 1품분는 성국557곳 악치 축정 성복통승기을 기제 장비를 설치에 악치 선감과 분석을 추진하고 있다
p21_u73,p21,avg_taps_ce0.0,악이 발생시 기작체 특산 농과 안내 문자 등을 화용에 특지 통부안을 실 스됩니다
p21_u73,p21,avg_taps_ce10.0,악치 발생시 기작체 특산 농과 안내 문자 등을 화용에 특치 통부하을 실 슷됩니다
p21_u73,p21,avg_ce0.0_ce10.0,악치 발생시 기작체 백산 농과 안내 문자 등을 화용에 특치 통부하을 씻스템니다
p21_u74,p21,avg_taps_ce0.0,특기 대이터 문석을 통해 구능도 악치를 자소 배출하는 농가와 시소일 컴별에 집증 관기를 하고 있다
p21_u74,p21,avg_taps_ce10.0,특히 대입터 문석을 통에 구능도 악치를 자소 배출하는 농가와 시설리 컴별에 직증 관리를 하교있다
p21_u74,p21,avg_ce0.0_ce10.0,특지 대입터 분석을 통에 구능도 악치를 자소 배출하는 농가와 시설리 컴별에 집증 관리를 하고 있다
p21_u75,p21,avg_taps_ce0.0,전남 공군에서는 양돈 농과 근태회 있던 바측군이로 처리시설 준요 반역량을 늘려 회당 농가의 분요가 작태되는 기간을 줄릴 수 있었다
p21_u75,p21,avg_taps_ce10.0,전남 공군에서는 량돈 농과 근태회 있던 가측군일로 철리시설 분요 반인 양을 늘려 해당 농가일 분요가 작체되는 기간을 줄릴 수 있었다
p21_u75,p21,avg_ce0.0_ce10.0,전남 구군에서는 량돈 농과 변세회 있던 가측군요 처리시설 분요 반인양을 늘려 해당 농가일 분요가 적태되는 기간을 줄릴 수 있었다
p21_u76,p21,avg_taps_ce0.0,특히 여름철 강우로 2 살포가 제언되자 prra 정화설리 비중을 120년 6퍼센트에서 오래의 15퍼센측까지 높혔다
p21_u76,p21,avg_taps_ce10.0,특히 여름철 강우로 p살포가 제한되자 pr 정화설리 비중을 120년 6퍼센트에서 오래의 15퍼센측까지 높혔다
p21_u76,p21,avg_ce0.0_ce10.0,"특히 여름철 강우로  살포가 죄한되자 prra 정화설리 비중을 2,20년 6파센트에서 오래 15퍼센측까지 높었다"
p21_u77,p21,avg_taps_ce0.0,은석열 정부가 203년까지 전체 발전원에서 원자력 기중을 3어센 이상으로 학택기로했다
p21_u77,p21,avg_taps_ce10.0,운사일 정부가 2030년까지 전체발전원에서 원자력 기중을 3포센 이상으로 학택필로했다
p21_u77,p21,avg_ce0.0_ce10.0,순석일 정부가 2030령까지 던체 발전원에서 원자력 기중을 3포센 이상으로 학택치로했다
p21_u78,p21,avg_taps_ce0.0,운제인 정부에서 건설의 중단된 신난을 삼사옥기를 생속히 제개하고 건설중인 원전 사기도 인긴네 징공할 결획이다
p21_u78,p21,avg_taps_ce10.0,문제인 정부에서 건설의 준단된 신난을 삼 사우기를 쇠석히 제대하고 건설중인 원전 사기도 인긴의 증공을 결획이다
p21_u78,p21,avg_ce0.0_ce10.0,문제인 정부에서 건설의 준단된 신난을 삼사우기를 세우석히 되개하고 번설중인 원전 사기도 인긴의 징공을 결획이다
p21_u79,p21,avg_taps_ce0.0,밤면 석탄 감측과 제생이로지 확대에 대한 믿들림은 제시하지 않아 이전 정부의 탈원절 노둠에 된 사실상 폐기될 것으로 불인다
p21_u79,p21,avg_taps_ce10.0,밤면 석탄 감축과 제식이로지 확대에 대한 믿뜨림은 제시하지 않아 이전 성부의 탈원절 로음에된 사실 상 폐기될 것으로 부인다
p21_u79,p21,avg_ce0.0_ce10.0,밤면 석탄 감축과 제시이로지 확대에 대한 믿뜨림은 제시하지 않아 이전 성부의 탈원절 로음에을 사실 상 폐기될 것으로 부인다
p21_u80,p21,avg_taps_ce0.0,파업 통상 사원부은 오 서월의 용산 대통명실 책사에서 열린 금모회위해서 관계우초 셨동으로 마련한 쇠정부 애너지 당책 방향이 신히 의결했다고 밝혔다
p21_u80,p21,avg_taps_ce10.0,하업 통상 사원부은 오의 서월의 용산 대통명을 청사에서 열린 훈호회이에서 관계부초 셨동으로 말련한 새 정부 에너지 당책 방향이 신히 의결했다고 백혔다
p21_u80,p21,avg_ce0.0_ce10.0,파업 통상 사원부는 오일 서월의 용산 대통령을 총사에서 열린 궁호 회위해서 관계부터 셨동으로 말련한 새 정부 애너지 당책 방향이 심이 의결했다고 백겼다
p21_u81,p21,avg_taps_ce0.0,입번 엘로지 정색 방향인 운제인 정부의 엘로지 터난 로든냈과 제살차 엘로지 기봉 발획등 원전의 장계적 감축에 명이시했던 장책를 대체한 것이다
p21_u81,p21,avg_taps_ce10.0,입번 에로지 정색 방향인 운쟁인 정부의 엘로지 터난 로든했과 제설차 엘로지 기봉 배획등 원전의 장계적 감축이 명시했던 장책을 대체한 것이다
p21_u81,p21,avg_ce0.0_ce10.0,입번 에로지 정색 방향인 운제인 정부의 엘로지 터난 로든했과 제살차 엘로지 기봉 별획등 원전의 장계적 감축에 영시했던 장책을 대체한 것이다
p21_u82,p21,avg_taps_ce0.0,파나보는 입번 일맞지 정첫 방향을 통해 203년까지 원자약 발점 비중을 3버 이상으로 합제하겠다고 그 시구하했다
p21_u82,p21,avg_taps_ce10.0,파나보은 입번 4맞지 정체 방영을 통해 203지년까지 원자약 발점 기중을 3버 이상으로 학대하겠다고 그로 시구하했다
p21_u82,p21,avg_ce0.0_ce10.0,탐나보은 이번 4맞지 정첫 방향을 통해 204명까지 원자력 살점 기중을 3버세 이상으로 확제하겠다고 그느 시구하했다
p21_u83,p21,avg_taps_ce0.0,이는 문제인 정부에서 말르만 203시과 원을 따스 관층목부회서 저시한 원점 비정목출질를 대폭 창명 소정한 쓰준이다
p21_u83,p21,avg_taps_ce10.0,이는 문제인 정부에서 말르만 2030과 원실 빠스 관충목표에서 제시한 원점 비종목추치를 대폭 창명 부정할 쓰준이다
p21_u83,p21,avg_ce0.0_ce10.0,이는 문제인 성부에서 말르만 203십과 원을 값스 관청목표회서 제시한 원점 비정목수치를 대폭 향명 소정할 수준이다
p21_u84,p21,avg_taps_ce0.0,정보은 지난의 기준 27점4파센츠였던 원점 비중일 신하을 상 사옥이 건설 조대 안전 성 서보을 존재로한 제속은선 스진 등을 통해 대폭 올리 이행했다
p21_u84,p21,avg_taps_ce10.0,정보은 지난에 기준 27점 4파센취였던 원점 비중의 신하을 상 사옥이 건설죄개 안던성 화보을 존재로한 계속은선 스진 등을 통해 대폭 올리 이름했다
p21_u84,p21,avg_ce0.0_ce10.0,정보은 지난에 기준 27점4파센트였던 원점 비중일 신하을 상 사옥지 건설 되개 안전성 서보을 존재로한 제속은전 수진 등에 통해 대폭 올리 기름했다
p21_u85,p21,avg_taps_ce0.0,밤면 죄생에로지 협탄  처년가스등 욥다 발떠원 비종목혔치는 애로지 정척 방향에 담지 알았다
p21_u85,p21,avg_taps_ce10.0,밤면 제생인로지 협탄 화 처년가스등 욥 발떠원 비중목혔치는 에로지 정책 방향에 담지 않았다
p21_u85,p21,avg_ce0.0_ce10.0,밤면 제생인로지 협판 1카 처년가스은 욥 발떠원 비중목혔치는 에로지 정측 방향에 담지 않았다
p21_u86,p21,avg_taps_ce0.0,선업보은 재생유어지에 대에 복음 력건을 거림의 복표를 함리적으로 제정립하고 재양왕 쓸력등이 발도 넘대 적정 비증을 고출하겠다 고 원깁하는데 그었다
p21_u86,p21,avg_taps_ce10.0,선업보은 제생인어지에 대에 복음 몇건을 거림의 목표를 함리적으로 제정립하고 생양과 쓸력등이 발전 넘별를 적정 비둥에 고출하겠다 고 원깁하는 데 구었다
p21_u86,p21,avg_ce0.0_ce10.0,첫업보는 제생인어지에 대에 복음 역건을 거림의 목표를 함리적으로 제정립하고 체양과 쓸력등 발전 넘별 적정 비증의 고출하겠다 고 원급하는 데굳었다
p21_u87,p21,avg_taps_ce0.0,서통 발전에 데 시교 석찬 발전서 건설 근질를 영화이 발치 이전 정부 되획다 발리 택급 상황 계통열 신중이 부려에 혼류작 건수에 유도하겠다고 밝겼다
p21_u87,p21,avg_taps_ce10.0,석탄 발전에 데에 시요교 석탄 발전소 건설 군질를 명확히 발히 이전 정부 결획파 달리 특득 상황 계통을 신승의 구려의 허류작 건축에 유도하겠다고 밝기겼다
p21_u87,p21,avg_ce0.0_ce10.0,학탄 발전에제 시우교 석찬 발전소 건설 글질를 영화이 발치 이전 정수 결획파 날리 헤득 상황 계통열 신중이 구려에 혼리적 감식에 유도하겠다고 바이쳤다
p21_u88,p21,avg_taps_ce0.0,바기준 선업부 2차관는 오래 1비월 전력 수급 기봉 데획을 통해 그체적인일 발떠넘들 비은 스칠를 발표하겠다고 말했다
p21_u88,p21,avg_taps_ce10.0,파기준 사업브 2차관는 오래 1비월 전력 수급 기봉 대획을 통해 그체적인일 발떠넘더 비은 수출를 발표하겠다고 말했다
p21_u88,p21,avg_ce0.0_ce10.0,바기준 사업브 2차관는 오래 1비월 전력 수집 지봉 제획을 통해 그체적인일 발떠넘더 비은 스칠를 발표하겠다고 말했다
p21_u89,p21,avg_taps_ce0.0,일날 정보은 정기요금의 열로비를 반영하는 원가주일을 서력하혔다는 계획도 내놓왔다
p21_u89,p21,avg_taps_ce10.0,이날 정보은 정기오금의 열로빌를 반영하는 원가주일을 성력하혔다는 계획도 내놓왔다
p21_u89,p21,avg_ce0.0_ce10.0,일날 정보은 정기의금의 열로빌를 반영하는 원가주일을 성력하겠다는 계획도 내놓왔다
p21_u90,p21,avg_taps_ce0.0,정지오금 절던 거정에서 등립성 학보를 위해 정기의원에 조직 일력도 보광한다
p21_u90,p21,avg_taps_ce10.0,정기 옥금 결정 가정에서 등립성 학벌를 위해 정기의원의 조직 일력도 고광한다
p21_u90,p21,avg_ce0.0_ce10.0,정지 역금 결던 가정에서 백립성 학벌를 위해 정기위원에 조직 일력도 보광한다
p21_u91,p21,avg_taps_ce0.0,7키스 열차안에서 자신의 위인 승찰를 접발한 심요원을 협박 폭통가지한 50대 승객이 지획청을 선고발았다
p21_u91,p21,avg_taps_ce10.0,필키스 열차안에서 자신의 미행신차를 접발한 쓰요원을 협박 폭튼가지한 50대 승계이 지획청을 선고발랐다
p21_u91,p21,avg_ce0.0_ce10.0,7취스 열차안에서 자신의 미행승차를 접발한 스요원을 협박 폭평다지한 50대 승객이 지백청을 선고받았다
p21_u92,p21,avg_taps_ce0.0,장두지법 청사치 단독은 1차승로화을 프탱에 설도 안전법 이반 혀위로 기소를 내이시에 대 지역 팔결월 형을 선고했다고 오시별 발혔다
p21_u92,p21,avg_taps_ce10.0,광주지법 총사치 단독은 1차승로화을 폭행에 설도 안전법 이반 혀위로 기소된 내이지에 대 지역 8교월형을 선고했다고 시표 밝혔다
p21_u92,p21,avg_ce0.0_ce10.0,장주지법 청사치 단독은 1차승로화의 프행에 걸도 안점법 이반 혀위로 기소된 내이시에 대 지역 8결월형을 선고했다고 시벽회 밝혔다
p21_u93,p21,avg_taps_ce0.0,ac는 지난의 1비월2십상을 전역 결십쯤 라질역에서 무표락을 향위에 인행증이 더 펼표째 기차되에서 열차 승로원에게 위인승사 사술의 접발댔다
p21_u93,p21,avg_taps_ce10.0,a이c는 지난의 1비월 23을 전역 결시쯤 라질역에서 물표역을 향위에 은행중이 던 혈표적기차되에서 열차 순우원에게 유인승차 사술의 적발했다
p21_u93,p21,avg_ce0.0_ce10.0,에이c는 지난의 12월23을 전역 결시쯤 라질역에서 물표역을 항위에 은행증이던 혈표적기차되에서 열타 선루원에게 유임칭사 사술의 적발했다
p21_u94,p21,avg_taps_ce0.0,소에 치에 있던에이신는 승무원히 요금과 추각 부하금을 부여하자 회장 숭우원을 때를질수 이협하고 복불를 손바자으로 미치는 풍임력을 형성 것으로 저아했다
p21_u94,p21,avg_taps_ce10.0,소레치에 있던에이씨는 승우원이 요견과 추각 부하금을 부요하자 회당 숭우원을 때를 듯이지 이협하고 복포를 손바자으로 미치는 풍력을 형성 것으로 저어했다
p21_u94,p21,avg_ce0.0_ce10.0,술에치에 있던에이씨는 훈류원이 요인과 추각 증각금을 부여하자 해장 숭우원을 때를듯수 이협하고 복불를 손바자으로 미치는 분역을 형송은 것으로 저사였다
p21_u95,p21,avg_taps_ce0.0,재단보은 a이시가 만시 향세에서 철도 송사자의 짐류 집행을 방해해 제최이 가접지 않다
p21_u95,p21,avg_taps_ce10.0,별단보은 a이시가 만시 형세에서 설도 송사자의 증의 지행을 방해해 제체이 가볍지 않다
p21_u95,p21,avg_ce0.0_ce10.0,제단보은 a이시가 만시 상세에서 철도 송사자의 직의 지행을 방해해 제최이 가접지 않다
p21_u96,p21,avg_taps_ce0.0,ac에게 편과 어머방에 등및 다스 정거가 있는 점을 고려하면 시령 성고가 불갖피하다라고 환고 일일에 퍼쳤다
p21_u96,p21,avg_taps_ce10.0,ac에게 편과 어모방에 등및 다스 정거가 있는 섬을 고려하면 시령 성국가 불갖 피하다라고 환고 일일에 팔쳤다
p21_u96,p21,avg_ce0.0_ce10.0,ac에게 평과 어머방에등 다의 정거가 있는 섬을 고려하면 시령 성우가즐가피하다라고 환고 일일의 퍼셨다
p21_u97,p21,avg_taps_ce0.0,hrbs트 예는 1반질일 시은 사 매인 연술자인 방기리 피티가 마질막 처염 현성이 군립했다
p21_u97,p21,avg_taps_ce10.0,hrbs트 예는 1바길 시진사 매인 연출자인 방기립 피티가 마질막 처령 현성이 분개된다
p21_u97,p21,avg_ce0.0_ce10.0,krbsf에는 1박 질진사 매인 연술자인 반기립 피티가 마질막 처령 현성이 증겨된다
p21_u98,p21,avg_taps_ce0.0,오늘 로우 여스 소싶분의 방성되는 세비에스초 1방기의 시준 4에 행위을 비로도 특집에서는 온수대 통요 지활하는 맨버드의 봉마지 여정이 굴려진다
p21_u98,p21,avg_taps_ce10.0,오늘 로우 6시 설0분의 방송되는 세비에스 이방기의 시준 사의 행유을 비로도 특집에서는 온수대통을 기원하는 맨버들의 폭마지 여정이 결려진다
p21_u98,p21,avg_ce0.0_ce10.0,오늘 로우 여시 소식번의 방송되는 세베스트 이방기의 시음사의 행위을 비로주 특집에서는 온스대통요 지활하는 맨버들의 봉마지 여정이 결려진다
p21_u99,p21,avg_taps_ce0.0,이날 세르욕을 불태우욕 깨임의 인하던 맨버들은 간시하를 선물한 반그이 피이된 언에 비상이 걸린다
p21_u99,p21,avg_taps_ce10.0,이날 승두욕을 불태우몇 깨임의 인하던 맨버들은 관시하를 선물한 반들이 피이된 언에 비향이 걸린다
p21_u99,p21,avg_ce0.0_ce10.0,이날 승류욕을 불태우몇 깨임의 인하던 맨버들은 간식하를 선문한 반들이 피이된 은해 부향이 걸린다
p24_u00,p24,avg_taps_ce0.0,혈대 사롱차가 풍내채대 크러학도 벌개의 출합비닌 와디주와 함께 정기차 아이언및 전녁 라이프스타일 아이텐의 선보인다고 201의 발켰다
p24_u00,p24,avg_taps_ce10.0,현대 자동차가 풍매최대 크라우도 훈리 슬했뿐민 와디주와 함께 종기차아이u익 전녁 라이프스타일 아이텐매 선보인다고 201의 밝켰다
p24_u00,p24,avg_ce0.0_ce10.0,현대 자동차가 풍매 최대 크라우도 폴리 플래뿐인 와디주와 함께 정기차아이u익 전녁 라이프스타일 아이텐을 선보인다고 201의 밝켰다
p24_u01,p24,avg_taps_ce0.0,튼대차와 와디즈가 함께 출시하나 아이테면 엄무 혈리 엔토테이 먼트 이생 증 내가지 분야의 총 연안계에 상풍이다
p24_u01,p24,avg_taps_ce10.0,흔대차와 와디즈가 함께 출시하을 아이테면 엄무 혈리 엔터테이 먼트 이생등 내가지 분야의 총 여안계에 상풍이다
p24_u01,p24,avg_ce0.0_ce10.0,흔대차와 와디스가 함께 출시하나 아이테는 엄모 혈리 엔터페이 먼트 이생증 내가지 분야의 총 여항계에 상품이다
p24_u02,p24,avg_taps_ce0.0,차량예으로 227트일반 전원을 근급해주는 ftl등 고급 커처 말리징 재풍부터 1상 시행 재풍까지 반양한 나인너으로 구성되다고 설대아는 사망했다
p24_u02,p24,avg_taps_ce10.0,차랑예으로 227트 1반 전원을 군급해주는 그tl등 고국 커처 마리징 재은부터 1상 실름 제풍까지 다양한 나인업으로 구성졌다고 실대차는 생망했다
p24_u02,p24,avg_ce0.0_ce10.0,차랑예으로 22771반 전원을 긴급해주는 vtl등 고국 커터 마리징 재은부터 1상 실행 제풍까지 다양한 나인업으로 구성졌다고 신대차는 설령했다
p24_u03,p24,avg_taps_ce0.0,엄무요으로 무슨 충전의 가행한 스마트 테이을과 멀찍대비 출지대명 선단 차박토포와 멀찍우도렌터 미니 플러등이 혈리아이 테물로 제작된다
p24_u03,p24,avg_taps_ce10.0,엄무용으로 무슨 충전일 가능한 스마트 텔입불과 멀찌대비 7지되며 선단 차박토포와 멀티우드랜통 미니 클러등이 혈행아이 테물로 제작된다
p24_u03,p24,avg_ce0.0_ce10.0,엄모영으로 무슨 충전의 가능한 스마트 테입불과 멀찌태비 출시되며 선단 차박토포와 멀찍우드 랜턴 미니 플러등이 혈린아이테물로 대작된다
p24_u04,p24,avg_taps_ce0.0,차안을서 프센출 감상의 독을 민의 비 풀르졌트와 블루트스스피코 스라트 운레들 비워가 짐비되며 무선 징공 성속이와 렌퍼 우선 질랑경 트레벨 크트로 출시 된다
p24_u04,p24,avg_taps_ce10.0,차에서 플센출 감상의 독을 미미 비 프르적트와 블l트스스피코 스앞트 올레드 비워가 짐비되며 무선 징공 성복이와 렌퍼 우선 7랑경 트레벨 끼트로 출시된다
p24_u04,p24,avg_ce0.0_ce10.0,차에서 크 센출 감상의 독을 미미 d 프로제트와 블l트스스피코 스화트 올레들 비워가 짐비되며 무선 징공 성속이와 렌편 우선 치망경 트레벨 티트로 출시된다
p24_u05,p24,avg_taps_ce0.0,현대차는 오는 25일부터 내달 14까지 처월 와디주 우프라인 선리의 채험증간 공간 와리주에서 회당 상풍들을 전치할 예정이다
p24_u05,p24,avg_taps_ce10.0,현대차는 온원 25일부터 내달 13까질 처월 와디주 프라인 선리의 채함증간 공간 와리주에서 회당 상풍들을 전실할 예정이다
p24_u05,p24,avg_ce0.0_ce10.0,편데차는 오는 25일부터 내달 13까질 처올 와디주 프라인 편딩 채험증간 공간 와리주에서 회당 상풍들을 전실할 예정이다
p24_u06,p24,avg_taps_ce0.0,각카오 판교 대윗터 센토에서 발생한 하제로 타카오 맹고와 카하오 폐유등 각하오 그르대 그능 서울을 접속 장에가 발생했다
p24_u06,p24,avg_taps_ce10.0,각카오 편고 대이터 센터에서 발생한 하제로 각카오 뱅고와 카하오 폐유등 각하오 그립에 그능 s비스 접속 장에가 발생했다
p24_u06,p24,avg_ce0.0_ce10.0,각하오 편교 대이터 센터에서 발생한 하제로 각하오 뱅고와 각하오 폐이든 각하오 그름에 그닌 설붙을 접속 장에가 발생했다
p24_u07,p24,avg_taps_ce0.0,시5신 5홍 세시소분 판교의 위치한 sk cnc 대이했센터 전기 설에서 하쟁가 발생에 카하오가 운영하는 주요 서비쓰에서 접속 장에라 발생했다
p24_u07,p24,avg_taps_ce10.0,시5신5후 세소분 판교의 위치한 ski-cnc 대이터 센터 전기설에서 화제가 발생행 카하오가 오영하는 주요 서비쓰에서 접속 장에가 발생했다
p24_u07,p24,avg_ce0.0_ce10.0,시5일 우후 세소분 판구의 위치한 sk이-cnc 대이터센터 전길설에서 화제가 발생에 특화오가 오영하는 주요 서비쓰에서 덮속 장에가 발생했다
p24_u08,p24,avg_taps_ce0.0,착카호토 사카호 맹케 카카오 폐의 품망아니라 카카오티 카k오 내리 카k오 지아철 카카오 버을 멜론등 서비스가 세수간 넘게 마비했다
p24_u08,p24,avg_taps_ce10.0,각카호통 사카오 맹케 카k오 폐의품만 아니라 카카오티 카k오 내리 카k오 지하철 카카오 버스 멜론등 서비스가 세식간 넘께 마이했다
p24_u08,p24,avg_ce0.0_ce10.0,각카오통 각화오 맹케 카k오 폐의품만 아니라 카k오티 카k오 내리 카k오 지하철 카카오 버스 멜론등 서비스가 세수간 넘께 마이했다
p24_u09,p24,avg_taps_ce0.0,각하오는 다른 데이토 센터를 등해 올라인 써비츠의 제경야기 위해 복고 작업에 착도했다
p24_u09,p24,avg_taps_ce10.0,타타오는 다른 데이토 센터를 통해 올라인 써비츠의 제응하기 위해 북고 장업에 착후했다
p24_u09,p24,avg_ce0.0_ce10.0,각하오는 다른 데이토 센터를 통해 올라일 써비츠의 제경하기 위해 북구 작업에 착수했다
p24_u10,p24,avg_taps_ce0.0,그중 토화워 뱅크는 이할 오호 자으시부터 타하오통을 기밤으로 한 소비츠를 제뢰하고 송금 등 토화워 뱅크 단독으로 사용할 수 있는 서집츠를 모두 북고했다고 근지했다
p24_u10,p24,avg_taps_ce10.0,그중 토타워 백크는 이할 오구 자시부터 타하오톱을 기밤으로 한 소비쓸를 제외하고 송금 등 토하워 뱅크 단독으로 사용할 수 있는 서비츠를 모두 북꾸했다고 등지했다
p24_u10,p24,avg_ce0.0_ce10.0,그중 토토워 백크는 이할 오구 다시부터 타하오통의 기밤으로 환 소비츠를 제외하고 총금 등 토화워 뱅크 단독으로 사용할 수 있는 사빛츠를 모두 북꾸했다고 경지했다
p24_u11,p24,avg_taps_ce0.0,카카모 계정으로 평과일 카카우토을 화용한 관편 2체 모린 통장 친부투래 lfc및알링척소신 등는 아직 복급되지 않았다
p24_u11,p24,avg_taps_ce10.0,각함로 대정으로 회현가입 각하우터을 화려한 감편 2체 모인 통장 친그초래rfc및알링척소실 등은 아직 복결에지 않았다
p24_u11,p24,avg_ce0.0_ce10.0,확항로 대정으로 회현가입 화하우터을 화려한 감편 2체 모인 통장 친것초대 fc및알링척 소실 등는 아직 복끄에지 않았다
p24_u12,p24,avg_taps_ce0.0,각한오백크 관계자는 타하오토교 정상하 되면 나호직 지능도 돌아올 곧 이라고 세명했다
p24_u12,p24,avg_taps_ce10.0,각카오뱅크 관계자는 타하오토요 장상하 되면 나어직 기능도 돌아올 걸이라고 세명했다
p24_u12,p24,avg_ce0.0_ce10.0,타카오 뱅크 관계자는 타하오토도 장상하 되면 나어직 지능도 돌아올 곧 일라고 세명했다
p24_u13,p24,avg_taps_ce0.0,대비분의 서비스가 각하오 통을 통해 하행되는 가하오 배이는 복구가 늘어지고 있다
p24_u13,p24,avg_taps_ce10.0,대부훈의 서비스가 각하오 통을 통해 하륭되는 각하오 배이는 복구가 늘어지고 있다
p24_u13,p24,avg_ce0.0_ce10.0,대비훈의 서비스가 각하오 통을 통해 하륭되는 가하오 배이는 복구가 늘어지고 있다
p24_u14,p24,avg_taps_ce0.0,세표장의 범위에 파학하고 있다며 빠른 복끄를 이해 미했하겠다고 발혔다
p24_u14,p24,avg_taps_ce10.0,세표장의 범위에 파학하고 있다며 빠른 북끄를 이해 늘했하겠다 고 발켰다
p24_u14,p24,avg_ce0.0_ce10.0,세부장의 범위에 파학하고 있다며 빠른 북끄를 이해 미했하겠다 고 발혔다
p24_u15,p24,avg_taps_ce0.0,혈군 사아학고 남성생로 두냥이 술에 지의 잠들 여국인 여성 조육 수합생을 충폭해한 사건이 발색했다
p24_u15,p24,avg_taps_ce10.0,협금 사원하고 남성생도 두명이 술에 지해잠든 여국인 여성 주육 수합생을 충폭회항 사건이 발생했다
p24_u15,p24,avg_ce0.0_ce10.0,협금 사환하고 남성생도 두명이 술를 진해잠든 예국인 여성 조육 소합생을 성포태한 사건이 발색했다
p24_u16,p24,avg_taps_ce0.0,유일 경난 진의 경찰 소는 동료로 여성 생골을 상폭해한 관위로 전 해군 상원악겨 생고 두냥을 상원 지험의 성치했다고 발혔다
p24_u16,p24,avg_taps_ce10.0,유일 경난 진의 경찰 서는 동료 여성생굴을 선폭해한 현이로 전 새군 사환학교 생고 두명을 창원 지험의 송치했다고 발혔다
p24_u16,p24,avg_ce0.0_ce10.0,유일 경난 진의 경찰 서는 동료 여성 생굴를 성속해한 현이로 전 회군 사환학교 생구 두명을 창원 지험의 성치했다고 발혔다
p24_u17,p24,avg_taps_ce0.0,이들의 가일라정림명은 한급이 자른 생량은 외국인 수탁 생공은 것으로 전해졌다
p24_u17,p24,avg_taps_ce10.0,이대의 가해라정 형명원 한국이 잘를 행명혼 외국인 수탁 생공인 것으로 전해졌다
p24_u17,p24,avg_ce0.0_ce10.0,이대의 가일라선 행명원 한국이 잘른 행명흔 외국인 수탁 생공인 것으로 전해졌다
p24_u18,p24,avg_taps_ce0.0,두 사람은 지난 이라일 3일 서색 경난 참환시 지내고 해고운 사환 학도 외국인 숙탁생을 숙소에서 술랫치에 잠등 같은 항연의 피해자를 상폭행한 환밀에 받는다
p24_u18,p24,avg_taps_ce10.0,주 사람은 지난 이라일 3일 새색 경난 사원지 지내고 해금운 사관 학교 외구인 수탁승을 숙소에서 술랫치에 잠든 같은 항면의 피해자를 상폭회한 향밀에 받는다
p24_u18,p24,avg_ce0.0_ce10.0,두 사람은 지난 이라일 3일 새색 정난 참원시 지내고 해구을 사관 학고 외국인 스탁생을 숙소에서 술월치의 잠든 같은 항면의 피해자를 상폭해한 현위에 받는다
p24_u19,p24,avg_taps_ce0.0,가이자 드명은 버냄 반시 모두 사항년으로 인관을 불과 두달려 남겨놓호 상태였다
p24_u19,p24,avg_taps_ce10.0,가이자 부명은 버맹 단시 모두 사항 연으로 인관을 불과 두달려 남겨놓호 상태였다
p24_u19,p24,avg_ce0.0_ce10.0,가이자 부명은 범맹 당시 모두 사항 년으로 인관을 불과 두달려 남겨놓 상태였다
p24_u20,p24,avg_taps_ce0.0,이 석각우 더맹은 방학대 봉국으로 섰다가 돌아온 피해자가 허코측에 이 같은 내행을 알리면서 드아왔다
p24_u20,p24,avg_taps_ce10.0,이 설꺼 더맹은 방학대 봉국으로 섰다가 돌아온 피해자가 호꽃축에 이 갔은 내용을 알리면서 드아왔다
p24_u20,p24,avg_ce0.0_ce10.0,이 설건 범맹은 방학대 봉국으로 받다가 돌아온 피해자가 호급측에 이 같은 내용을 알리면서 드아왔다
p24_u21,p24,avg_taps_ce0.0,당추 해건 수사나닌일이 사건을 살스나 예국인 가해자에 대해서는 그옥 덤찰의 수작건인 없어 이월 중순 경찰에 넘겨졌다
p24_u21,p24,avg_taps_ce10.0,당추 해군 수사나니 이 사건을 살스나 외국인 가해자에 대해서는 그능 점찰의 수작건이 없서 이월 중순 경찰에 넘겨졌다
p24_u21,p24,avg_ce0.0_ce10.0,당추 해군 수자아니 이 사건을 살스나 열국인 가해자에 대해서는 그능 덤찰의 수작건 없어 이회의 중순 경찰에 넘겨졌다
p24_u22,p24,avg_taps_ce0.0,현고둔 과해자는 주침 리반으로 태교당에 민간일 식동으로 전난되면서 경찰에서 조사를 받았다
p24_u22,p24,avg_taps_ce10.0,현곡은 가해자는 주침 위반으로 태교당에 민간일 신건으로 전한되면서 경찰에서 조살를 배았다
p24_u22,p24,avg_ce0.0_ce10.0,현곡긴 바해자는 주침 위반으로 태교당에 민간일 식동으로 전한되면서 경찰에서 조살를 배았다
p24_u23,p24,avg_taps_ce0.0,한소든 과해자는 경찰 조사에서 범맹을 시인했지만 열국인 과해자는 범맹을 부인하로 있는 것으로 알려졌다
p24_u23,p24,avg_taps_ce10.0,한우도둔 과해자는 경찰 조사에서 범맹을 시인했지만 외국인 과해자는 범맹을 부인하로 있는 것으로 알려졌다
p24_u23,p24,avg_ce0.0_ce10.0,한국은 가해자는 경찰 조사에서 범맹을 시인했지만 열국인 가해자는 범맹을 부인하고 있는 것으로 알려졌다
p24_u24,p24,avg_taps_ce0.0,하지만 경사은 여6인 과해자의 dn든 중더와 피해자 진술를 근거로 허위가 있다고 판단 더 사람 모두 건사에 송취했다
p24_u24,p24,avg_taps_ce10.0,하지만 경사은 여국인 과해자의 dn등 중거와 필자 진술를 근거로 소위가 있다고 판단 두 사람보두 경살에 송취했다
p24_u24,p24,avg_ce0.0_ce10.0,하지만 경찰은 여국인 과해자의 dnd 중거와 피해자 진술를 근거로 소위가 있다고 판단 두 사람보두 경찰의 숭취했다
p24_u25,p24,avg_taps_ce0.0,전난한 국성군 드리니스 타트는 진난 산실를까지 계체된 제22해 국성심차 어림이 대 추자에서 가족 문화 체험에 지행에 높풍 호훈일 이끌어냈다
p24_u25,p24,avg_taps_ce10.0,전나음 국성군 드림미스타트은 지난 3실를까지 계체된 제22회 국성심청의 어린의 대 추자에서 가족 문화 체험에 지행에 높통 호훈일 이끌어냈다
p24_u25,p24,avg_ce0.0_ce10.0,전남 국성군 드림스타트은 지난 3실를까지 계체된 제22회 국성심청의 어림의 대 축자에서 가족 문화 체형의 지행해 높통 호훈을 이끌어냈다
p24_u26,p24,avg_taps_ce0.0,드린스타트는 아동에게 공평한 틀발 기혜에제공에 건강한 사월 구사원으로 성자할 수 있도록 지원하는 아동 복지 사업이다
p24_u26,p24,avg_taps_ce10.0,드린스타트는 아동에게 공평한 7발 기혜의 제금에 건강한 사월 구사원으로 성자할 수 있도록 지원하는 아동 복지 사업이다
p24_u26,p24,avg_ce0.0_ce10.0,드림스타t는 아동에게 공평한 7발 기회의 제금에 검강한 사월 구상원으로 성자할 수 있도록 지원하는 아동 복지 사업이다
p24_u27,p24,avg_taps_ce0.0,만1빛을 초통학생 이사 치약 계층 아론과 가조백에 마추양 토학서비질을 지원하고 다양한 지약 자원을 연개하는 것이 특식내행니다
p24_u27,p24,avg_taps_ce10.0,만1비을 초동학생 이하 치약 곁층 아동과 가족에게 마추양 토합 서빛질을 지원하고 다양한 지역 자원을 연계하는 것이 협심내입니다
p24_u27,p24,avg_ce0.0_ce10.0,만1비의 초동학생 이사 치약 곁층아동과 가족에게 마추양 통합 서비질을 지원하고 다양한 지역 자원을 연계하는 것이 협식내용니다
p24_u28,p24,avg_taps_ce0.0,국성분는 신체 건강 인지언어 정서 행동 부모 가족등 4게 분야로 나어 매년3개계에 다양한 프로그림에 지원하고 있다
p24_u28,p24,avg_taps_ce10.0,국성분는 신체 건강 인지어어 정서 행공 부모 가족등 4게 분야로 나어 매년3교계에 다양한 프로그행에 지원하고 있다
p24_u28,p24,avg_ce0.0_ce10.0,국성군는 심체 검강 인지어어 정서 행공 부모 가족등 4게 분야를 나어 매년3교계에 다양한 프어그림에 지원하고 있다
p24_u29,p24,avg_taps_ce0.0,특히 지족적으로 아동과 양입자를 상당하면서 단개별 마은 프로그레의 제행하고 이을 아동의 근정력인 발따를 축증한다
p24_u29,p24,avg_taps_ce10.0,특히 지족적으로 아동과 양육자를 상담하면서 단개별 마은 프로그림의 제용하고 일을 아동의 군정적인 발따를 첫진한다
p24_u29,p24,avg_ce0.0_ce10.0,특히 지족적으로 아동과 양육자를 생담하면서 단개별 마은 프로그람의 제공하고 이을 아동의 근정적인 발따를 축진한다
p24_u30,p24,avg_taps_ce0.0,2번 축제에서로 아동그의 신쳐적 종서적 3멸적 능력 등을 고루 상당수킬 수 있는 쇠원배이 13개 붙스에서 지행듣다
p24_u30,p24,avg_taps_ce10.0,2번 축제에서도 아동그의 신쳐적 종소적 사여적 능력등을 고루 상장수킬 수 있는 세형들이 13개 붙수에서 지행듣다
p24_u30,p24,avg_ce0.0_ce10.0,2월 축체에서도 아동그의 신쳐적 종서적 사여적 능력등을 고루 성장수킬 수 있는 세형들이 13개 불스에서 지행듣다
p24_u31,p24,avg_taps_ce0.0,참요 아동들은 자신의 평소 조아하는 겪과 잘하는 것은 물름 그동한 접파지 않았던 다양한 새험해 참려하며 슬거운 시간을 보냈다
p24_u31,p24,avg_taps_ce10.0,참요 아동들은 자신의 평서 조워하는 겪과 잘하는 거은 물름 그동안 접파지 않았던 다양한 새함의 참혀하며 슬가혼시간을 보냈다
p24_u31,p24,avg_ce0.0_ce10.0,참며 아등들은 자신의 평서 조워하는 적과 잘하는 거은 물론 그동안 접파지 않았던 다양한 새함의 참혀하며 슬가 혼시간을 보냈다
p24_u32,p24,avg_taps_ce0.0,국성그 드린 스타트 관개자는 우리 아이글이 건광하게 성장할 수 있도록 아으리도 할 서한편 사람의 만늘 마은 소로그림을 지원하겠다고 말했다
p24_u32,p24,avg_taps_ce10.0,국성굴 드일 사트 관개자는 우리 아이글이 관가하게 성장할 수 있도록 아프르도 한 선활현 사람의 만는 마침 소로그행을 지원하겠다고 말했다
p24_u32,p24,avg_ce0.0_ce10.0,국성굴 드림 스타트 관개자는 우리 아이글이 관광하게 성장할 수 있도록 아프르도 한 사학현 사람의 만는 마은 소로그행을 지원하겠다고 말했다
p24_u33,p24,avg_taps_ce0.0,전난 회량드면 러시아 오크라이나 합표에 따른 u리비 상성욕이난 농어인들의 경형비 부담 완화를 위해 농직의 연세의 그입비의 1부을 지원한다
p24_u33,p24,avg_taps_ce10.0,전난 해난그는 러시아 오크라이나 사태에 따른 위리비 상성로이난 농어인들의 경형비 부담완할를 위해 농기의 연체유 그입비의 1부을 지원한다
p24_u33,p24,avg_ce0.0_ce10.0,전난 혈원주면 러시아 오크라이나 사태에 따른 위리비 상승로이난 농어인들의 경형비 부담완활를 위해 농직의 몇세위 그이비의 1부을 지원한다
p24_u34,p24,avg_taps_ce0.0,"지원 비용은 리터다 183험으로 13목 7, 마원을 토입 748말 24미 물량의 지원하게 던다"
p24_u34,p24,avg_taps_ce10.0,"지원 비용은 리토당 183으로 13목 7, 마원을 토입 748말 23리 물량의 지원하게 던다"
p24_u34,p24,avg_ce0.0_ce10.0,"지원 비용은 리토당 183음이로 13목 7,마원을 토익 748말 23리 물량의 지원하게 던다"
p24_u35,p24,avg_taps_ce0.0,농업기의 년세일 그입비 지원을 받으려는 농업이는 늘면이나 농협 등의 비치한 사옥신청우서와 개인 성보 조회제공 동이서를 지역 농협에 재출라면 된다
p24_u35,p24,avg_taps_ce10.0,농업기개 몇세일 그입비 지원을 받으려는 농업이는 늙년이나 농협 등의 비치한 사업 신차우서와 개인 정보 조회제공 동류서를 지역 능0에 재출라면 된다
p24_u35,p24,avg_ce0.0_ce10.0,농업기의 년세일 그입이 지원을 받으려는 농업이는 음년이나 농협 등의 비치한 사업 신청서와 개인 성보 조회제공 통류서를 지역 농협에 재출라면 된다
p24_u36,p24,avg_taps_ce0.0,지원 대상자는 혈람여 주세를 두 농업비으로 지역 봉협의 연새 유를 그익카들을 발급 빠른 농업인중 연세류 그입이 지원 사업 신총설에 재출한 사람이다
p24_u36,p24,avg_taps_ce10.0,지원 대상다는 회당로 주세를 두 농어비으로 지역 농화에 연새 유 그입카더을 발급 빠른 농업인중 연세유 그입이 지원 사업실총설을 재출한 사람이다
p24_u36,p24,avg_ce0.0_ce10.0,지원 대상다은 환랑의 주세를 두 농업비으로 지역 능협에 연새 유를 그익카더을 발급 빠른 농업인중 연세율 그입이 지원 사업실 총설를 재출한 사람이다
p24_u37,p24,avg_taps_ce0.0,지원 유종은 농업비이 배정받은 농업 기개연 면재 유를 중 3을부터 유활까지 사계활간 허륭한 시열리와 경위만 해당된다
p24_u37,p24,avg_taps_ce10.0,지원 유동은 농어비의 배정받은 농업 기개용 연재 유를 준 3을부터 유월까지 자개월간 홍한 시혈류와 경위만 회당된다
p24_u37,p24,avg_ce0.0_ce10.0,지원 유중은 농어비이 배정받은 농업 기개영 연재 유를 준 3물부터 유월까지 4개월간 하용한 1월류와 경위만 회당된다
p24_u38,p24,avg_taps_ce0.0,계림들 전년고 면세류 배정 실절해 기준으로 올해 사개월본 사용 실적에 받쳐 직급한다
p24_u38,p24,avg_taps_ce10.0,게획들 전면고 연세류 배정 실적에 기주므로 오해 사개월본 사용 실적에 받추 직급한다
p24_u38,p24,avg_ce0.0_ce10.0,계획될 전면고 연세요 배정 실적에 기으므로 올의 사개월본 사용 실적에 받쳐 직급한다
p24_u39,p24,avg_taps_ce0.0,군내서는 지역 눈협에서 천수한 사업 신청설를 기으이로 농어민결 배정량과 하용량을 근거로 사업 대상자와 예산 소요개을 표정사님회로 보조음일 즐겁팔 내정니다
p24_u39,p24,avg_taps_ce10.0,군해서는 지역 눈협에서 전수한 사업 승청설를 기으으로 농어임별 배정량과 사용량을 근거로 사업대상자와 예산 소로격일 최종사입후 보조음명 직겁할 내정이다
p24_u39,p24,avg_ce0.0_ce10.0,군레서는 지역 눈협에서 전수한 사업 승청설를 기으이로 농어임결 배정량과 사용량을 근거로 사업 대상자와 예산 술로격의 최종소입후 보조음명 직겁할 내정이다
p24_u40,p24,avg_taps_ce0.0,비nk이 투자증거는 혼레재초에 대에 목투주가 오만 오천원 투자이견 매술를 제시했다
p24_u40,p24,avg_taps_ce10.0,pnk이 투자준권는 훈례재철에 대에 목투주가 오만 오천원 투자 이간 매술를 제시했다
p24_u40,p24,avg_ce0.0_ce10.0,pnk의 투자증권는 혈례재철에 대 목투주가 오만 오천원 투자 이건 매술를 제시했다
p24_u41,p24,avg_taps_ce0.0,크일fn 가이의에 따르면 dn크 추자증고는 측은 선대제쳐에 대한 보고소를 통해 벨류에이전이 토로나 편대및 수중까지 하락겠다며 이같지 밝겠다
p24_u41,p24,avg_taps_ce10.0,그일fn 가이대에 따르면 bnk 투자증고는 측은 천대제처에 대한 보고설를 통해 벨류이 전이 토로나 편대육 수중까지 하락겠다며 이같이 밝혔다
p24_u41,p24,avg_ce0.0_ce10.0,그일 fn 가이대에 따르면 bn크 투자증고는 측은 현대제처에 대한 보고설를 통해 벨류이전이 토로나 평쇄및 수중까지 하락겠다며 이같이 발겠다
p24_u42,p24,avg_taps_ce0.0,비nk 투라진권는 긍네월 철광시황이 지속적인 약살에 보이면서 산봉귀 봉상상및 여혼 가격의 예상보단 더 하락했다고 분석했다
p24_u42,p24,avg_taps_ce10.0,비nk 투자진권는 궁네왜 철광시황이 지속적인 약살에 보이면서 3분기 본상강및 여1 자역의 예상보당 더 하락했다고 분석했다
p24_u42,p24,avg_ce0.0_ce10.0,비n크의 투라진권는 국네왜 철강시황이 두석적인 약살에 보이면서 3공기 봉상강및 여한 가적의 예상보당 더 하락했다고 분석했다
p24_u43,p24,avg_taps_ce0.0,현제 철장시황은 궁급보다 수요 둔하가 문재인데 중국 건설 병기 부진이 정기하 되면서 동하시아 찰강시황에 부담을 죽고울다고 해속했다
p24_u43,p24,avg_taps_ce10.0,현대 철장시황은 궁급보다 수요 둔하가 문재인데 중국 건설 경기 부진이 장기하 되면서 도하시아 철강시황에 부담일 죽고 있다고 해속했다
p24_u43,p24,avg_ce0.0_ce10.0,현제 철광시상은 궁급보다 수요 둔하가 문재인데 중국 건설 경기 부진이 장기하 되면서 동화시아 철광시황에 부담을 죽고있다고 해속했다
p24_u44,p24,avg_taps_ce0.0,긍네 수요 산업도 전년 동기 대비 역성장을 지속하면서 호판을 제외한 천 풍목을 배쳐 수요가 약한 상항으로 터적했다
p24_u44,p24,avg_taps_ce10.0,긍의 수요 산업도 전년 동기 대비 역성장을 지속하면서 호판을 재외한 전 풍로에 배쳐 수요가 약한 상망으로 소속겠다
p24_u44,p24,avg_ce0.0_ce10.0,긍의 스요 산업도 전년 동기 대비 역성장을 지속하면서 호판을 제외한 전 풍로에 배쳐 수요가 약한 상항으로 허속겠다
p24_u45,p24,avg_taps_ce0.0,pnf이 토자증거는 사봉기에는 코로 틀 원가 하락 분영강 가격 하락 마무리와 청스히 속자로 실적운 세복된 것으로 점망했다
p24_u45,p24,avg_taps_ce10.0,비n케의 투자준거는 사봉기에는 고로 투 원가 하랍 분연강 가격 하락 마무리와 성스이 석자로 실정의 서복된 것으로 전망했다
p24_u45,p24,avg_ce0.0_ce10.0,비n케의 투자증거는 사봉기에는 코로 트 원가 하랍 풍연강 가격 하락 마무리와 총스히 석가로 실적의 세복될 것으로 점망했다
p24_u46,p24,avg_taps_ce0.0,경쟁사의 피해 불꾸가 예상부다 지언될 경국 여런 호탄을 판명양과 가역이 점너 배순들 간성 있다로 내답었다
p24_u46,p24,avg_taps_ce10.0,경쟁사의 피해 북꾸가 예상부다 지언될 경우 여런 수탄을 판능향과 다역이 점너 배순될 강성 있다로 내답었다
p24_u46,p24,avg_ce0.0_ce10.0,경쟁사의 피해 북꾸가 예상부다 지언될 경국 여런 호탄을 판능향과 가역이 점너 배선될 강성 있다로 내답었다
p24_u47,p24,avg_taps_ce0.0,깨뢰우 강주와 전남은 낮침 기원인 전날보다 3거 관냥 더 떨어지난서 추조자 더욱 기승을 불릴 것으로 보인다
p24_u47,p24,avg_taps_ce10.0,깨를 강주와 전남은 아침 기운의 전날보다 3부 가냥 더 떨어지면서 추자 더욱 기승을 불릴 것으로 보인다
p24_u47,p24,avg_ce0.0_ce10.0,깨를 강주와 전남은 낮침 기온의 전날보다 3과가량 더 떨어지면서 추우가 더욱 기승을 불릴 것으로 보인다
p24_u48,p24,avg_taps_ce0.0,특히 바람부 강역에 질면서 채가 문도는 영화오도 위야로 낫겠으니 나중 기용과 극격한 지온 전화로 이난 검강발리에 각별한 주의가 읽구된다
p24_u48,p24,avg_taps_ce10.0,특히 바람도 강역게주면서 책가 문돈는 영화 오두 위화로 낫겠으니 나은 기온과 극격한 지온 전화로 이한 건강 관리에 각별한 주의가 여구된다
p24_u48,p24,avg_ce0.0_ce10.0,특히 바람도 강역게 즐면서 최가 문도는 영화 오두 위화로 낫겠으니 나증 기용과 극격한 지온 전화로 이한 강광발리에 각더한 주의가 외구된다
p24_u49,p24,avg_taps_ce0.0,이날 대부분 지역에 순파 주입보가 바려든 가운데 아침 최적 이우는 영화 오두에서 연도 낫 체고위에는 이도에서 칠도로 예상된다
p24_u49,p24,avg_taps_ce10.0,이나의 대부분 지역에 충파 주입보가 바려둔 가운데 아침 최적 기우는 영화 오두에서 연도 낫 책국 위후는 이도에서 칠돌로 예상된다
p24_u49,p24,avg_ce0.0_ce10.0,이나의 대부분 지역에 선파 주입보가 발려든 가운데 아침 최적 기우는 영화 오두에서 연도 낫 채옥 위회는 이도에서 칠돌로 예상된다
p24_u50,p24,avg_taps_ce0.0,손을 상에서 송송면 비 스름제가 북접통을 탕고 요입되면서 세벽까지는 전남 소항해안에 반부터는 전난 북부 서해안에 비나 눈오는 곳이 울겠다
p24_u50,p24,avg_taps_ce10.0,손을 상에서 생송면 비 구름세가 북섭통을 탕호 요입되면서 세벽까지는 전남 서안에 반부터한 전남 북부 서회안의 비함 문무오는 곳이 웃겠다
p24_u50,p24,avg_ce0.0_ce10.0,손을 상의서 생송면 비 구름대가 북법통을 탕호 요입되면서 세벽까지는 전남 서회안에 반부터한 전남 북부 서회안의 비함 눈무오는 곳이 있겠다
p24_u51,p24,avg_taps_ce0.0,서회 남서브 먼 바다에는 1 16 미포새회에 당한 바람과 함께 최대 바점 영 미높피에 파도가 일겨스로 예보대 상연한 조없파는 선막인 유의해야겠다
p24_u51,p24,avg_taps_ce10.0,소회 남서부 먼 바다에는 1서 16 미포새크에 당한 바람과 함께 최대 바점 영 미터높피에 타도가 일겨스로 예보대 상년한 조없한 선박은 유해야겠다
p24_u51,p24,avg_ce0.0_ce10.0,서회 남서부 먼 바다에는 1서 16 미터포새크에 당한 바람과 함께 최대 바점 영 미터높피에 파도가 일겨스로 예보데 향연한 조없한 선박인 유해야겠다
p24_u52,p24,avg_taps_ce0.0,비또는 눈의우는 지역인 가시골리가 짧끗으며 비나 눈여로 돌로가 미구롭겠으니 그 통 안전에도 유념하라고 기장청을 당부했다
p24_u52,p24,avg_taps_ce10.0,비 또는 누의우는 지역인 가시거리가 짧겼으며 비나눈니어로 돌로가 미구롭혔으니 그통 안전에도 유냐하라고 기상청을 당부했다
p24_u52,p24,avg_ce0.0_ce10.0,비 또는 누의움는 지역은 가시거리가 짧것으며 비나 눈니어로 돌로가 미꾸롭겠으니 그 통 안전에도 유냐하라고 지상청을 당부했다
p24_u53,p24,avg_taps_ce0.0,광주 지방 지상청 관계자는 광주 전남의 신국한 감옥이 이여지고 있써 승활 속 물 절학 견동에 시인들의 적극적은 사연을 붙택돌린다고 말했다
p24_u53,p24,avg_taps_ce10.0,광주 지방 지상청 관계자는 광주 전남의 심국한 감몸이 이여지고 있써 식활속 물 절학 언동에 시민들의 적격적인 사년을 붙탁더린다고 말했다
p24_u53,p24,avg_ce0.0_ce10.0,광주 지방 지상청 관계자는 광주 전남의 승국한 감몸을 위여지고 있써 생활 속 물절학 연동에 시민들의 적격적인 사련을 붙탁더린다고 말했다
p24_u54,p24,avg_taps_ce0.0,경복 경주시와 경주 문화재다는 제49해 슬라문화질 시의 홍도단 소포터들을 무집한다
p24_u54,p24,avg_taps_ce10.0,경복 경주시와 경주 문화재다는 제49해 실라문화재 시인 흉도단 소포토들을 모집한다
p24_u54,p24,avg_ce0.0_ce10.0,경복 경주시와 경주 문화재다는 제49해 실라문화재 시민 홍도단 소포터들을 무짓한다
p24_u55,p24,avg_taps_ce0.0,제자9회 실라 문안재 서포터주는 축재의 집접 발리고 즐기고 1틀시외회 대상으로 손달한다
p24_u55,p24,avg_taps_ce10.0,제자9회 실라 문원재 서포터져는 축자의 즉접발리고 즐기고 1은 시명의 대상으로 손말한다
p24_u55,p24,avg_ce0.0_ce10.0,제자그회 실라 문한재 서로터져는 축절의 즉접 발리고 즐기고 1은시명을 대상으로 손말한다
p24_u56,p24,avg_taps_ce0.0,만 7쇠 이상의 경주시 거주하는 경주시민 또는 경주 내에서 제직백 죄약정인 사람면 누구나신 생할 수 있다
p24_u56,p24,avg_taps_ce10.0,만7세 이상의 경주시에 거주하는 경주심민 또는 정주내에서 제직빛 제약정인 사람면 누구나신생할 수 있다
p24_u56,p24,avg_ce0.0_ce10.0,만7세 이상의 경주시 거주하는 경주시민 또는 경주 내에서 제직빛 죄약중인 사람면 누구나 신생할 수 있다
p24_u57,p24,avg_taps_ce0.0,손발할 신일법피터주는 제 자그회 슬랑화 문화재 서포터주로 할동해며 들로그 sms 드일 하리한 올라인 홍법혼 센츠를 제작한다
p24_u57,p24,avg_taps_ce10.0,손발한 시민고 키터주는 제 49회 신라분하대 서포터주로 할동하며 들로그 sns 등인 화류한 올라인 흉버 혼생츠를 제작한다
p24_u57,p24,avg_ce0.0_ce10.0,손발할 식민속접터주는 제 49회 순라분하의 서포터주로 할 동하며 불로그 sns 등혜 활류한 올라인 훈버 혼 셈츠를 제작한다
p24_u58,p24,avg_taps_ce0.0,이와 함께 화프토주 활동을 희러한 점문과 결과 경주 예수의 전당해서 주행하는 백e스테이그 토어등 다양한 활동의 참명할 수 있다
p24_u58,p24,avg_taps_ce10.0,이와 함께 서프토질 활동의 필요한 전문가 결과 경주 예수의 전당에서 지행하는 백e스테이그 토어등 다양한 활동의 참명할 수 있다
p24_u58,p24,avg_ce0.0_ce10.0,이와 함께 허프토주 활동의 취요한 점문가 결과 경조 예수의 던당에서 주행하는 b스테이그 투어등 다양한 활동에 참명할 수 있다
p24_u59,p24,avg_taps_ce0.0,3달된 소포터수 에게는 할동들의 지원하고 오슨 서포터주 할동자를 산장에 푸산로 지행한다
p24_u59,p24,avg_taps_ce10.0,선달된 수표포주 에개는 할동결의 지원하고 우수 써포터주 할동자를 선장에 포장로 지행한다
p24_u59,p24,avg_ce0.0_ce10.0,선달된 수표터수 에개는 할동들의 지원하고 우수 써포터주 할동자를 선장에 푸상로 주행한다
p24_u60,p24,avg_taps_ce0.0,접수 기간는 오는 유월 3일 열려을 씻까지 이며 경주 문화제단 및 경주 시차훈패이지에서 신청설을 작성한 후 전자 우편으로 제출하면 둔더
p24_u60,p24,avg_taps_ce10.0,접수 기간는 오는 유월 참일 열려을 씻까지 이며 평주 문화제단 및 평주 시차훈패이지에서 신성설를 작성한 후 전자 우편으로 제출하면 든더아
p24_u60,p24,avg_ce0.0_ce10.0,접스 기간는 오는 6월 3일 열려덟 씻까지 이며 경주 문화제단 및 경주 시차훈 폐이지에서 순청설를 작성한 후 전자 우편으로 제출하면 든더아
p24_u61,p24,avg_taps_ce0.0,자세한 내는 경주 문화재단 홍패이지나 경주 문화재단 축제 사우친로 문리하면 전다
p24_u61,p24,avg_taps_ce10.0,자세한 내인 경주 문화재단 훈편이지나 경주 문화재단 축제 사우친로 문리하면 된다
p24_u61,p24,avg_ce0.0_ce10.0,자세한 내년 경주 문화재단 훈패이지나 경주 문화재단 축제 사우친도 문리하면 전다
p24_u62,p24,avg_taps_ce0.0,내년 예산한 설리의 위한 총조희 배의 원 본트 인식에가 십청객 봉간 설허비를 둘러산 여야 데리비로 열리지 못탁고 있다
p24_u62,p24,avg_taps_ce10.0,내년 예산한 설리의 위한 총우조지 매의원혼트 인심회가 수천개 봉간 설허비를 둘러산 여야 데르이로 열리지 못하금있다
p24_u62,p24,avg_ce0.0_ce10.0,"내년 예산한 설리의 위한 처우주 히해의 원 홀트 20회가 1,개 봉간 설업비를 둘러산 여야 데리비로 열리지 못탁은 있다"
p24_u63,p24,avg_taps_ce0.0,청조 시회는 내년 예산한 설리의 위해 22일5전열시 제최5회 인시회 제 1차본혀위의 열기를 했으나 더브럽 인주장 이원드에 등원 거으로 연리지 못하고 있다
p24_u63,p24,avg_taps_ce10.0,청조 시위회는 내년 예산한 설리의 위해 2c25전열씨 제75회 임0 제1차본 혀위에 열기로 했으나 더브로 용주장 의원들의 등원거으로 연리지 못하고 있다
p24_u63,p24,avg_ce0.0_ce10.0,청조 시회는 내년 예산한 설리의 위해 225전열씨 제75회 인 제1차본 혀위대 열기로 했으나 더브로 영주당 이원들의 등원거으로 연리지 못하고 있다
p24_u64,p24,avg_taps_ce0.0,여야는 이날 의리한 총매를 있따라 갔고 사1의 버렸으나 옛 1청 본과은 책거비를 들로산 이전을 스필지 못하고 있으며 인난 오후 내시의 다시 여야 허위를 버리기로 했다
p24_u64,p24,avg_taps_ce10.0,여야는 이날 의원 총해를 이따라 갔고 사1의 버렸으나 옛 시청 본과은 철어비를 들러산 이견을 드히지 못하고 있으며 이난 오후 내시의 다시 여야 협1를 버리기로 했다
p24_u64,p24,avg_ce0.0_ce10.0,여야는 인날 의원 총해를 있따라 갔고 서1의 버렸으나 옛 십청 본과은 책어비를 들로산 이전을 접히지 못하고 있으며 이날 오후 내시의 다시 여야 허1의 버리기로 했다
p24_u65,p24,avg_taps_ce0.0,군인의 흰 의원들은 다브로어 민조당 원이면서 봉간 설코 일견을 보인 에인의원을 새득게 의리 대정듣수인 22명을 채우고 철곱이 예산의 통할시길해 하고 있다
p24_u65,p24,avg_taps_ce10.0,긍인의 흰의원들은 더으로 민조당 일원이면서 봉관 설코 일견을 보인 이의원을 셀득게 의리 될정듣수인 22명을 최울고 철곱이 예산의 통하시길해 하고 있다
p24_u65,p24,avg_ce0.0_ce10.0,근린의 힘 의원들은 더브로 민조당 일원이면서 봉간 설코 일견을 보인 이의원을 새득해 의의 될정즉수인 22명을 채우고 철곱이 예산의 통화시길해 하고 있다
p24_u66,p24,avg_taps_ce0.0,더불어 민주당 의원들로 에이5원의 계속 설득어며 찬업이 예산을 텐 수장한의 통가시켜에 한다는 뜻을 그표지 않고있다
p24_u66,p24,avg_taps_ce10.0,더브어 민주당 의원들로 a이5원의 계속 설득하며 천업이 예산의 맨 수장안의 통가시켜에 한다는 뜻을 굳필지 않고 있다
p24_u66,p24,avg_ce0.0_ce10.0,더불어 민주장 의원데도 a이5원의 계속 혈뜯하며 1업이 예산의 맨 수장안의 통가시켜에 한다는 뜻을 부필지 않고 있다
p24_u67,p24,avg_taps_ce0.0,인해까지 여야할 허비가 되지 않아 예산한 처리가 무산되면 연간 회부 수도 사로밖게 남지 않아 사상 처유에 준 예선 잘등이 우려되고 있다
p24_u67,p24,avg_taps_ce10.0,희할까지 여야 협비가 되지 않아 예산한 처리가 무산대면 연간 해표 수도 사벽밖게 남지 않아 사장 처의에 준 예선 잘등이 우려되고 있다
p24_u67,p24,avg_ce0.0_ce10.0,희할까지 여야 협비가 제지 않아 예산한 처류가 무산대면 연간 회표 스도 사로북게 남지 않아 사상 처우에 준 예선 잘등이 우려되고 있다
p24_u68,p24,avg_taps_ce0.0,통의 지역에서 코로나울고 직담가염에 발생한 유향시설에서 공의크론운 견의 관년 사에인 벗스로 하연된 가운데 코쪽 장중 확준자가 개속해 속토라고 있다
p24_u68,p24,avg_taps_ce10.0,통의 지역에서 코로나u고 지담감염이 발생한 유양시설에서 오의크로 견의 관년 사에인 벗스로 항인된 가운데 코저 점의준 학준자가 결속해 속토라고 있다
p24_u68,p24,avg_ce0.0_ce10.0,통의 지역에서 코로나을고 집담감염이 발생한 유향시설에서 보의크름운 변의 관년 사에인 벗스로 하인된 가운데 코쪽 경이중 확준자가 겨숙해 속토라고 있다
p24_u69,p24,avg_taps_ce0.0,11 동의시 부원 상국에 따르면 동의지역  요양 시설에서 코우트 당미 중 9십대 생행이 최종 양성 환정을 발았다
p24_u69,p24,avg_taps_ce10.0,11 동의시 포원 산국에 따르면 동의지영  요양 시설에서 코트 경미중 9시대 생행 최종 양상 환정을 받았다
p24_u69,p24,avg_ce0.0_ce10.0,11 동의시 포원 산국에 따르면 동의지영 a 여양 시설에서 코트 장미중 9시대 생행 채종 양상 환정을 받았다
p24_u70,p24,avg_taps_ce0.0,시석을 2소자 그흔 명중 숨을 두냥과 종사자 61 명준 연한 명이 학증 자로 불류랜 벗스로 잘려졌다
p24_u70,p24,avg_taps_ce10.0,시설 2소자 그 명중 수을 두명과 종사장 육신 명중 여한 몇이 확증자로 불류행 벗스로 알려졌다
p24_u70,p24,avg_ce0.0_ce10.0,취소 이소자 그흔 명중 숨을 두명과 종사장을 6식 명중 여한 몇이 혹증자로 불류행 거으로 살려졌다
p24_u71,p24,avg_taps_ce0.0,특히 학준자 사번 생양준 11곱 맹이 최정은 5립 크러운 변의 학증자로 발해서 브랑감은 높파지공있다
p24_u71,p24,avg_taps_ce10.0,특히 학준자 서번 3명중 11곱명이 최정 5립크로운 변의 학진자로 발혀져 불랑감은 높파지고 있다
p24_u71,p24,avg_ce0.0_ce10.0,특히 학준자 서번 세명중 11곱명이 최종 5립크로운 변의 확진자로 발혀서 불랑담은 높파지고 있다
p24_u72,p24,avg_taps_ce0.0,이에 동의시와 보건 상국은 학진자들의 경우 강는과 수투 동의 지역 전단 병혼으로 이상하고 수잘 내해서는 2소자 78명을 결린 경의하고 있다고 반켰다
p24_u72,p24,avg_taps_ce10.0,이에 동의 시와 보건 당극은 학준자들의 경우 강는과 수초 동의 지역 전단 병험으로 이성하고 시설내해서는 2소자 78명을 결림 경리하고 있다고 밝켰다
p24_u72,p24,avg_ce0.0_ce10.0,위에 동의시와 보건 상국은 학준자들의 경우 강는과 숙초 동의 지역 전단 병음으로 이상하고 7설내해서는 2소자 7명을 뜨인 경의 하고 있다고 달켰다
p24_u73,p24,avg_taps_ce0.0,또한 등사자들의 경우 시사의 숙0의 어려운 상항이라 간네 숙닥시살 새곧 많은 엘곱실에 각각 분산 배치했다
p24_u73,p24,avg_taps_ce10.0,또한 평사자들의 경우 시상의 숙0의 어려운 상황이라 간네 숙박시살 세곧 말은 행곱실에 각각 분산 배치했다
p24_u73,p24,avg_ce0.0_ce10.0,또한 평사자들의 경우 시상의 숙식의 어려운 상황이라 간네 숙작시살 세곧 말은 1곱실에 각각 분산 배치했다
p24_u74,p24,avg_taps_ce0.0,튼재 요양 수사내해서는 레벨티 방호보을입은 일루진등이 매일 피시할 감사와 청께 소록등을 셀시하고 있다
p24_u74,p24,avg_taps_ce10.0,선재 요양 시사 내해서는 레벨티 방호보으 입은 의루진 등이 매일 피시할 범사와 스께 소록 등일 셀시하고 있다
p24_u74,p24,avg_ce0.0_ce10.0,현재 요양시설 내해서는 레벨티 방호보으 입은 의루진등 매일 피지할 범사와 섬께 소록등을 세취하고 있다
p24_u75,p24,avg_taps_ce0.0,이와 관련에 1한 16기했까질 관내 경무당 백숙을 내끗개소를 인시 시간 수체하고 방역 상및 동절에이 안전 점검을 지행한다
p24_u75,p24,avg_taps_ce10.0,이와 관련에 1한 16일까질 관의 경우당 백수을 혈곱개소를 임지 시간 조체하고 방역 사및 동대이 한전 정검은 지행한다
p24_u75,p24,avg_ce0.0_ce10.0,이와 관련에 1한 16기까질 관의 경우당 백숭을 해곱개소를 인시 시간 조체하고 방역 사및 통절의 란전 점검은 지행한다
p24_u76,p24,avg_taps_ce0.0,전남 술천을 한 굴프장에서 여성 굴포가 염모에빠져 손진 사건과 발련에 경사의 경기 보저원을 이검에 조사하고 있다
p24_u76,p24,avg_taps_ce10.0,전람 술천을 한 굴푸장에서 여성 볼퍼가 염무새빠져 손진 사검과 발련에 경사일 경기 보저원을 이권을 도상하고 있다
p24_u76,p24,avg_ce0.0_ce10.0,전람 술전을 한 굴프장에서 여성 볼퍼가 염모에빠져 순진 사검과 발련에 경사를 경기 보저원을 이권을 도상하고 있다
p24_u77,p24,avg_taps_ce0.0,전남 괜찰청은 스의 선설를 손 굴프장 경기 보주원내 있쓸에 엄노상 과을 출사현으로 있건에 조사하게 있다고 밝혔다
p24_u77,p24,avg_taps_ce10.0,전남 경찰청은 세례 순소의 흔 괴프장 경기 보두원내이쓸에 엄무상 가을 출사현로 있건에 조사하고 있다고 밝혔다
p24_u77,p24,avg_ce0.0_ce10.0,전남 경찰청은 새례 선소를 흔 그프장 경기 보주원내있쓸에 엄모상 가을 출사현으로 있건에 조사하고 있다고 밝혔다
p24_u78,p24,avg_taps_ce0.0,내이c는 술섬의 수 골표장 연무새빠져 숨질 오시대 골퍼 비시 사고와 발련에 비시에게 위험성을 경고하지 않은 사데 받고 없다
p24_u78,p24,avg_taps_ce10.0,내이c는 순섬의 흔 골프장 연모새빠져 수문질 5시대 골퍼 비시 사고와 관련에 비시에게 위형성을 경고하지 않은 협민대 받공있다
p24_u78,p24,avg_ce0.0_ce10.0,a이c는 술섬의 흔 골표장 연모새빠져 스운질 오시대 골퍼 비시 사고와 관련에 비시에게 위형성을 경고하지 않은 험이대 받동있다
p24_u79,p24,avg_taps_ce0.0,해일씨는 비시가 볼프공의 줍기 위해 비행과 떨어장 송목 연어종으로 향하는 배도 말류하지 않았고 안잔 살리도 소울의한 힘위로 투자를 받고없다
p24_u79,p24,avg_taps_ce10.0,해윗치는 비시가 볼표공을 죽기 위해 이행가 떨어자 순능 연어종으로 형하는 배도 말류하지 않았고 안전 관리도 소우리한 혀이로 두자를 받고 있다
p24_u79,p24,avg_ce0.0_ce10.0,해윗시는 비시가 볼프공을 집기 위해 띠행가 떨어자 수용 연어종으로 향한대도 말류하지 않았고 만전 살리도 소우의한 협이로 두자를 받고 있다
p24_u80,p24,avg_taps_ce0.0,앞서 형사른 연모 주년에 의탈리가 살치를지 않은 섬등 시설물 안전 소치가 충벌하지 않았다며 글프장 안전 잠당자 흔명에 있건에 조사하고 있다
p24_u80,p24,avg_taps_ce10.0,앞써 경찰은 연모 주연에 울탈리가 설치을지 않은 점등 시성을 안전 소치가 충굴하지 않았다며 글푸장 안전 삼당자 혈명인 이건에 조사하고 있다
p24_u80,p24,avg_ce0.0_ce10.0,합서 경사른 연모 주전에 일탈리가 설치를지 않은 섬줄 시석을 안전 소치가 충벌하지 않았다며 글프장 안전 삼당자 행명에 있건에 조사하고 있다
p24_u81,p24,avg_taps_ce0.0,평사른 골프장매 사공 예방 소치가 전반적으를 소울했던 것으로 부고 중대제회 처벌 법삯 중대 시민 재 해당하는 여부을 강토하고 있다
p24_u81,p24,avg_taps_ce10.0,평사은 골프장매 사고 매방 도치가 전반적으를 소울했던 것으로 부고 대제외 처벌 법싸 중대 시민 재 해당하는 여불을 감토하고 있다
p24_u81,p24,avg_ce0.0_ce10.0,평사은 골프장매 사고 예방 소치가 전반적으를 소울했던 것으로 부고 중대 제회 처벌 법싸 중대 시민 재 해당하는 여불을 강토하고 있다
p24_u82,p24,avg_taps_ce0.0,지난 4와 27일 5전 여시 50일 문쯤 전난 술선의 한 골프장에서 오시대 여상 불포가 위타리가 없는 연모에서 공으를 준으려다 3립텔 기피에 염못에 빠져 순졌다
p24_u82,p24,avg_taps_ce10.0,지남4월27인 5전 여시 50일 문쯤 전남 술선의 현 골프장에서 오시대 여상 볼포가 유타리가 없는 연모에서 공을 중려다 3몇털 기피에 염못에 빠져 술졌다
p24_u82,p24,avg_ce0.0_ce10.0,시남4월27일 5전 여시 50일 문쯤 전남 술선에 한 골프장에서 오시대 여상 골포가 이타리가 없는 연모에서 공을 중우려다 3몇8 깊피에 염못에 빠져 술졌다
p24_u83,p24,avg_taps_ce0.0,총육 토지 주택 공사가 모주택 세대 부성원이면 누구나 실청할 수 있는 전세영 수택935에 제한 청학 점술를 선식1월 부터 실쇠한당고 밝혔다
p24_u83,p24,avg_taps_ce10.0,성륙 토질 주택 공사가 무주택 세대 구성원이면 누구화 실청할 쓰있는 전세영 수택 9395에제한 청학 점술를 선식1을부터 실센한당고 밝혔다
p24_u83,p24,avg_ce0.0_ce10.0,성육 토질 주택 공사가 무주택 세대 구성원이면 누은나 실청할 쓰있는 전세영 수택9395에 대한 청학 점술를 31부터 실센한당고 밝혔다
p24_u84,p24,avg_taps_ce0.0,전세형 주택은 시중 전세시새 80포 위하수주닌 인대유를 최대 8포센트까지 보둥궁으로 척정했 2주자의 월 인대류 부담을 나은 인대 주택이다
p24_u84,p24,avg_taps_ce10.0,전세형 주택은 시중 전세시의 8포 위하수주닌 인대류를 최대 80포센트까지 보두경으로 척정낸 2주 자의 월 인대류 부담을 나은 인대 주택이다
p24_u84,p24,avg_ce0.0_ce10.0,전세형 주택은 시중 전세시의8% 위하서주닌 인대육일 최대 8포센트까지 보두경으로 척정행 이주 자의 월 인대를 부담의 나은 인대주택이다
p24_u85,p24,avg_taps_ce0.0,모호주택 새대 구성원 역건을 충족하는 경능에 기본 사년 입주 대기자가 없을 된 이년 연장까지 가능에 최장 영년 거주할 수 있는 것이 뜻찍니다
p24_u85,p24,avg_taps_ce10.0,무 주택 최대 구성원 유건을 충족하는 계능에 기본 사년 이주 대기자가 없을  된 이년 연장까지 가능에 추장 영년 거주할 수 있는 것이 특증니다
p24_u85,p24,avg_ce0.0_ce10.0,모주택 새대 구상원 역건을 충족하는 겨능에 기본 사년 입주 대기자가 없을  된 이년 연장까지 가능에 최장 영년 거주할 수 있는 것이 특쯤니다
p24_u86,p24,avg_taps_ce0.0,목된 마련의 어려운 경에는 보증경의 나추고 월 인데로의 높이는 보증금 전한채도를 이용했 수 있다
p24_u86,p24,avg_taps_ce10.0,목든 마련의 어려운 경에는 보즐금의 나추고 월 인데로를 높이는 보증을 전한채도를 이용했 수 있다
p24_u86,p24,avg_ce0.0_ce10.0,목든 마련의 어려운 경능에는 보증금을 나추고 월 인데로를 높이는 보증금 전한채도를 이용했 수 있다
p24_u87,p24,avg_taps_ce0.0,이원의 궁급파는 939우는 건설 인대 주택 399호 매이 인대 주택 54포로 사1 경기 지역에 웨치 한다
p24_u87,p24,avg_taps_ce10.0,이원의 궁급파는 939우는 건설 임대 주택 399호 매일 임대 주택 54포로 1및 경기 지역에 웨치한다
p24_u87,p24,avg_ce0.0_ce10.0,2번의 궁급파는 939우는 건설 임대 주택 399후 매일 임대 주택 540포로 1및 경기 지역에 위치한다
p24_u88,p24,avg_taps_ce0.0,창약 실청은 내레이치 창약 센터 속태이진에서 인할부터 공극과약 전로 신청할 수 있으며 당천자는 개약 책결도 내년 3월부터 있주할 수 있다
p24_u88,p24,avg_taps_ce10.0,청약 실청은 내래2치 청약 센터 훈폐이진에서 이할부터 공급거원약 번로 신청할 수 있지며 당천자는 개약 책개도 내년 3을부터 있주할 수 있다
p24_u88,p24,avg_ce0.0_ce10.0,청약 실청은 내래 2치 청약 센터 손페이진에서 이할부터 공급거원약전로 신청할 수 있으며 당천자는 개약 책개도 내년 3을부터 있주할 수 있다
p24_u89,p24,avg_taps_ce0.0,경쟁의 발생하는 경우 소득 수정에 따른 손로 당천자를 선정하면 동일 소위에서는 전산 수천 별과에 따른다
p24_u89,p24,avg_taps_ce10.0,경쟁의 발생하는 경우 소득 수준에 따른 순위로 당천자를 선정하며 동일 순위에서을 전산 수천 별과에 따른다
p24_u89,p24,avg_ce0.0_ce10.0,경쟁의 발생하는 경우 소득 스준에 따른 순위로 당천자를 선저하며 동일 순에서을 전산 습천 별과에 따른다
p24_u90,p24,avg_taps_ce0.0,길꺼위에서 조음만 광하제 목주를 줄어올려 공중에서 빙빙 별리는 남선과 혹대당하던 살려전의 분황이 전해졌다
p24_u90,p24,avg_taps_ce10.0,길값예서 조음만 광하지 목주를 줄어올려 공중에서 빙딩 돌리는 남성과 혹대방하던 살려전의 분망이 전해졌다
p24_u90,p24,avg_ce0.0_ce10.0,길꺼리에서 적음만 강하지 목주를 저어올려 공중에서 빙딩 돌리던 남성과 혹대방하던 살려전에 등망이 전해졌다
p24_u91,p24,avg_taps_ce0.0,60일 동물권 산체 회험에 따르면 다하지 유유라는 불린 순살자의 말찍들경 다롱이가 새 거족의 찾졌다
p24_u91,p24,avg_taps_ce10.0,20일 동물관 산체 회험해 따르면 당하지 유유라는 불린 흔살자의 말찍견 다롱이가 새 과족의 찾았다
p24_u91,p24,avg_ce0.0_ce10.0,21 동물권 산체 회험에 따르면 당하지 유유하는 불린 순살자이 말찍를견 다롱이가 새과족의 찾작다
p24_u92,p24,avg_taps_ce0.0,크하우는 주난 11 구두한 자롱위에 사혈의 군개하고 전국에서 이방 신청할 받았다
p24_u92,p24,avg_taps_ce10.0,크현는 지난 11 구조한 다롱위에 사연을 군개하고 전국에서 2방신청할 받았다
p24_u92,p24,avg_ce0.0_ce10.0,크험는 주난 11 구두한 자롱위에 사원을 군개하고 전국에서 이방 신청할 받았다
p24_u93,p24,avg_taps_ce0.0,약 90건을 신 정금 다로역의 가장 접합파다도 판단한 경기부 영시해 산는 3대부부의 집대 이량의 결점니다
p24_u93,p24,avg_taps_ce10.0,약 9십건의 실정군 다로에에 가장 접합파다고 판단한 경기도 영인시해 산을 3대부부의 집대 이경의 결정있다
p24_u93,p24,avg_ce0.0_ce10.0,약 9십건의쓸 정군 다로에의 가장 접합파다그 판단한 경기도 영인시에 산을 3대부부의 집에 이방의 결정했다
p24_u94,p24,avg_taps_ce0.0,저원 수택에 살고 있서 다롱자 마원것 뛰험을 수 있고 귀존의 키임을 다른 말치지 항날리가 있어 다롱강 외륙지 않에걸라 편단했다고 한다
p24_u94,p24,avg_taps_ce10.0,저혼 수택에 살고 있어 다롬과 마원것 뛰험을 수 있고 기존에 키임을 다른 마치질 한 말이가 있어 다롬과 외룩지 않을 걸라 편단했다고 한다
p24_u94,p24,avg_ce0.0_ce10.0,저원 수택에 살고 있어 다롬과 마원것 뛰험을 수 있고 기존에 티임음 다른 마치지 한 말이가 있어 다롬과 외롭지 않을 거라 편단했다고 한다
p24_u95,p24,avg_taps_ce0.0,태어는 발려견의 맞치 총랑밤 서럼 다로는 동영상이 올라인의 확삼하자 서울 인통구에 사는 남성 에c의 지난 11 처작갔다
p24_u95,p24,avg_taps_ce10.0,태어는 발려견의 맞치 총랑밤 서럼 다로는 도용상이 올라인의 획산하자 서울 인통우해사는 남성 ac를 지난 11 처작갔다
p24_u95,p24,avg_ce0.0_ce10.0,태어는 발려견의 맞치 총랑밤 서럼 다로는 동영상이 올라인의 혹산하자 서울 인평우해 사는 남성 ac일 지난 11 처작갔다
p24_u96,p24,avg_taps_ce0.0,엘씨는 큰없접이 헛대 영상을 보여주자 호버 우스며 앞에서 강하으을 등빙 돌리는 무습을 반복하이도 했다
p24_u96,p24,avg_taps_ce10.0,에c는 큰없쳤이 헛대 영상을 보여주자 h호 우스며 앞에서 강하질의 등딩 돌리는 무습을 반복하이도 했다
p24_u96,p24,avg_ce0.0_ce10.0,에씨는 큰묻척의 헛대 영상을 보여주자 hh 우스며 앞에서 강하을의 등빙 돌리는 무습을 반복하이도 했다
p24_u97,p24,avg_taps_ce0.0,크냥 활통가들은 혈시간 넘께 긴거리에서 애의씨가 개에 소국관을 포주하도록 살득겠고 결국 포비 갑소를 받었다
p24_u97,p24,avg_taps_ce10.0,크양 활동가들은 혈식간 넘께 긴가리에서 애이씨가 개에 소것건을 포조하도록 살득했고 결국 포비갑설를 받았다
p24_u97,p24,avg_ce0.0_ce10.0,크현혈동가들은 혼식간 넘께 긴거리에서 애이씨가 개에 소것관을 포주하도록 할득했고 절국 포비갑설를 받았다
p24_u98,p24,avg_taps_ce0.0,현편 회하는 레이씨의 동을 보협법 위반 환고 경사의 신구했고 서울 눈평 경찰소는 사유의 인정의 내이c의 지날십 사임 검찰의 송취했다
p24_u98,p24,avg_taps_ce10.0,현편 회원는 ec의 동물 보협법 미안 현고 경사의 신고했고 소울 눈평 경태소는 화유의 인정에 e이c를 지할 쉽사인 검찰의 송취했다
p24_u98,p24,avg_ce0.0_ce10.0,현편 회하는 내이스의 동무 보협법 2안 현고 경찰의 심고했고 서울 눈평 경찰서는 사유의 인정에 내이스의 지할 쉽사임 검찰의 송취했다
p24_u99,p24,avg_taps_ce0.0,미국의 흔 4대 남성이 복건 성내 저원의 실으로 백만딴너의 당천되는 회문을 인깨졌다
p24_u99,p24,avg_taps_ce10.0,미국의 1 4십대 남성이 북건 선매 저원의 실수로 백만 딴로의 당천되는 행문의 연깨했다
p24_u99,p24,avg_ce0.0_ce10.0,미국의 현 4대 남성이 복건 선의 저원의 실으로 백만 딴로의 당천되는 해문에 연깨했다
p26_u00,p26,avg_taps_ce0.0,올라인에서 주십표자 9수 행세를 하던 30대 여성일 백력시모건을 가룩텐 협물를 실령을 바았다
p26_u00,p26,avg_taps_ce10.0,올라인에서 주십투자 9주 행세를 하던 3십대 여성이 백릭시모건을 가루텐 험물을 실령할 바았다
p26_u00,p26,avg_ce0.0_ce10.0,올라인에서 주십표자 9주 행세를 하던 3대 여성이 백릭시모건을 가루텐 협물를 실령할 바았다
p26_u01,p26,avg_taps_ce0.0,11일 법주대등에 따라면 배기 집법은 인할 특정 경재범제 가증 처발에 관한 범을 일반등의 협매로 기소된 ac의 직약 팔련을 성구했다
p26_u01,p26,avg_taps_ce10.0,11일 법주개등에 따르면 태기 집법은 인할 특정 경재범제 가증 처발에 관한 법률 입반등의 협매로 기소된 ahm 직력 팔련을 성구했다
p26_u01,p26,avg_ce0.0_ce10.0,10일 법조개등에 따르면 배교 집법은 인할 특정 경재범제 가증 처발에 관한 범률 위반등의 협회로 기소된 ac 직력 팔련을 성구했다
p26_u02,p26,avg_taps_ce0.0,지난 201년 섬월부터 a이c는 자신의스내스 수백만원에서 수천 만원에 달라는 수익게 로든 사진을 호위로 울렸다
p26_u02,p26,avg_taps_ce10.0,지난 201년 3월부터 a이c는 자신의 스내스 수백만원에서 수천 만원에 달라는 수익게 얻든 사진의 호히로 울렸다
p26_u02,p26,avg_ce0.0_ce10.0,지난 2019년 3월부터 a이c는 자신의 스내스 수백만원에서 수천 만원에 달라는 수익게 얻든 사진을 호위로 울렸다
p26_u03,p26,avg_taps_ce0.0,또 고격 외제차 명품쟁의 사진의 올림며 호화생활해 하는 이니질를 쌓 투자자 사이에서 신해 타정이라고 불리기도 했다
p26_u03,p26,avg_taps_ce10.0,또 국급 외제차 명품쟁의 사진을 올리며 호화 생활해 하는 유이질를 쌓 투자자 사이에서 신의 타점이라고 불리기도 했다
p26_u03,p26,avg_ce0.0_ce10.0,또 국격 외제차 명품쟁의 사진을 올리며 호화 생활해 하늘 위이질를 쌓 투자펴자 사이에서 신의 타점이라고 불리기도 했다
p26_u04,p26,avg_taps_ce0.0,a이c는 주십토자 명목으로 투조자 44명을 모화편역십 1어관을 가르체고 투자 강연 명목으로 194명으로부터 오학기려원을 받은 헤매로 재판에 넘겨졌다
p26_u04,p26,avg_taps_ce10.0,예c는 주십표자명목으로 투자자 44명을 모화편역심 1어관을 가르체고 투자 강연 명목으로 194명으로부터 오학기려원을 받은 현회로 재판에 넘겨졌다
p26_u04,p26,avg_ce0.0_ce10.0,레이시는 주십투자명목으로 투자자 44명을 모화편극실 1어관을 가르체고 투자 강연 명목으로 194명으로부터 오학 여원을 받은 협회로 재판에 넘겨졌다
p26_u05,p26,avg_taps_ce0.0,재판부은 피교인는 주십푸자 슬년이 질어한 것처럼 추잘 수 있과 장고진 영등을 조작한 호위절리질 만들어 피해자들을 속겠다며 지약 팔련을 성고했다
p26_u05,p26,avg_taps_ce10.0,재판보은 피혀있는 주십푸자 능력이 지어한 것처럼 추자 수 있과 장고진 명등을 조작한 호위절리될 만들어 피해자들을 속겠다며 지역 팔련을 성구했다
p26_u05,p26,avg_ce0.0_ce10.0,재판보은 피고이는 주십푸자 능력이 지어한 것처럼 추자 수 있과 장고증 명등을 조작한 호일자리질 만들어 피해자들을 속겠다며 지역 팔련을 성구했다
p26_u06,p26,avg_taps_ce0.0,양형에 대해 더는 다서의 피해절르이 엄벌을 타논하는 점 범맹을 불인하고 잘모에대에 진제한 반성에 태돌를 불리지 않는 점등의 종합했다고 설명했다
p26_u06,p26,avg_taps_ce10.0,양형에 대해서는 다수의 피해자들이 엄벌을 타원하는 점 범맹을 부인하고 잘모에대에 진지한 반상에 태돌를 되지 않는 점등을 종합했다고 살명했다
p26_u06,p26,avg_ce0.0_ce10.0,양성에 대해소면 다수의 피해자들이 엄벌을 타호하는 점 범맹을 부인하고 잘모에 대에 진지한 반성의 태돌를 버이지 않는 점등을 종합했다고 설명했다
p26_u07,p26,avg_taps_ce0.0,또 형서 배상내이령의 신청한 피해자여떨명일구를 받았들려 ac에게 체소 천만원에서 채대 이어건까지 배상할 것을 명령했다
p26_u07,p26,avg_taps_ce10.0,또 형사 배상명령의 신청한 피해자여떨명의구릴 받았들려 ac게 체소 천만원에서 채대 이어곤까지 배상할 것을 명령했다
p26_u07,p26,avg_ce0.0_ce10.0,또 형서 배상명이령을 신청한 피해자 여덟명일구를 받았들려 c게 체소 천만원에서 채대 이어건까지 배상할 것을 명령했다
p26_u08,p26,avg_taps_ce0.0,식획 차회 공원제단니 점북 장수인 지행인들을 대장으로 의름분사를 실수했다고 209 발혔다
p26_u08,p26,avg_taps_ce10.0,식역 사회 공원제단니 전복 장수인 지역인들을 대장으로 의루풍사를 실지했다고 209 발혔다
p26_u08,p26,avg_ce0.0_ce10.0,희역차회 공원제단니 점북 장수인 지역인들을 대장으로 의루훈사를 실수했다고 이0후 밝혔다
p26_u09,p26,avg_taps_ce0.0,지난 2지5을 부터 이날까지 지행된 입번 의려봉사는 무공화 시역이 죽간하고 희역 중항에와 역사회 공원재당이 후원 병에대 의려봉의 사단 핑백할 협립하는 사업이다
p26_u09,p26,avg_taps_ce10.0,지난 이지 모을부터 이 날까지 지행된 입번 의류봉사는 무공와 시역디 죽관하고 시역 중황에와 희역사회 공원재당이 후원 평에대 의류봉사단 평육배할 험립하는 사업이다
p26_u09,p26,avg_ce0.0_ce10.0,지난 2지 5을 부터 이 날까지 지행된 입번 의류봉사는 무궁와 시역이 죽관하고 수역 중황에와 수역사회 공원재당이 후원 평에대 의루분을 받담 풍육배할 험륙하는 사업이다
p26_u10,p26,avg_taps_ce0.0,무군화신의 미는지 공과 더의대 의려분의 사다원 총출시적명의 분사자가 창녀에 장숙은 시야인닌 약 천명을 대장으로 물을 질료를 제공했다
p26_u10,p26,avg_taps_ce10.0,무궁화심의 미지건과 터의대 의려분의 사다원 총출1여명의 분사자가 창여에 장숙은 지형린 약천명을 대장으로 무을 질료를 제공했다
p26_u10,p26,avg_ce0.0_ce10.0,무궁화시며 미운지건과 더의대 의려분의 사단원 총틀시여명의 등사자가 창여에 장숙은 지형린 약00명을 대장으로 무을 질료를 제공했다
p26_u11,p26,avg_taps_ce0.0,웹과 침급과 부안을 가호과 중의 과증이 총의 여덟 깨파태에서 침 부항 등 7류 개행 치류 침1 및 불매운째 지요 페핑 6법된 마침매의 진류와 처방을 지행했다
p26_u11,p26,avg_taps_ce10.0,웹과 침객과 부안을 간옥과 중의과증 총 여덟깨파트에서 침 부항 등 7류 예용치류 침하및 불매름질 치요 폐평6법등 마천매용 진류와 처방을 지행했다
p26_u11,p26,avg_ce0.0_ce10.0,웹과 침것과 부원을 간호과 중의과은 총 여덟깨파트에서 침 부항 등 7류 여용 치류 침8및 불마름뜰 길요 폐평6법등 마침매용의 진류와 처방을 지행했다
p26_u12,p26,avg_taps_ce0.0,키렵사회 공원제다는 201년부터 인연관 도서 상관등 의류 접든성의 나은 시약 지역내 지민을 대상으로 사개와 동계 연 2 한방 의려봉사사업을 실시하고 있다
p26_u12,p26,avg_taps_ce10.0,"시업사회 공원제다는 2,1년부터 영향관 도서 상관등 의류 접근성의 나은 시약 지역내 지밀을대상으로 하개와 동개 연 2 한방 의류봉사 사업을 실시하고 있다"
p26_u12,p26,avg_ce0.0_ce10.0,희렵사회 공원제다는 2천시제년부터 유년간 도서 상관등 의류 접근성의 나은 시약 지역내 지밀을 대상으로 사개와 동개 연 20 한당 의루봉사 사업을 실시하고 있다
p26_u13,p26,avg_taps_ce0.0,현재까지 정국 시리의 지역네 이루치학개체 1만 편 백73명에게 반양한 늘료 함당 진리를 배공했다
p26_u13,p26,avg_taps_ce10.0,현제까지 정국 1입의 지역내 이루치역개층 1만 편 백73명에게 다양한 무려 한방즐리를 배공했다
p26_u13,p26,avg_ce0.0_ce10.0,현재까지 정국 1의 지역내 이루치역개층 1만 편 백73명에게 가양한 우려 한방즐류를 배공했다
p26_u14,p26,avg_taps_ce0.0,동이대 일루봉사당과 1역 인지권너로 구정된 총27명의 다음봉사자가 참면했다
p26_u14,p26,avg_taps_ce10.0,광위대 이루봉사당과 시역 이는지권너로 구정된 총27명의 다음 봉사자가 차여했다
p26_u14,p26,avg_ce0.0_ce10.0,동리대 일루봉사당과 시역 인는지관으로 구정된 총27명의 바음봉사자가 차여했다
p26_u15,p26,avg_taps_ce0.0,베이징 둔개올린픽 개막을 하루 앞든 가운데 배이진은 7어 석진자가 날일째 한 자리설을 기획겠다
p26_u15,p26,avg_taps_ce10.0,베이징 분계 올림픽 개막을 하루 없든 가운데 베이징은 치어 석진자가 날째 한 자리 쓰을 기했겠다
p26_u15,p26,avg_ce0.0_ce10.0,베이징 분개 올림픽 개막을 하루 없든 가운데 베이징은 추고 석진자가 날째 한 자리 쓰을 기했겠다
p26_u16,p26,avg_taps_ce0.0,31 중국 국과 위생의 공광 위어내 따르면 전날 하로 베이지해서는 추격혹진자 주명이 밝승했다
p26_u16,p26,avg_taps_ce10.0,3을 중국 국과 위생의 공광 위언해 따르면 전날 하로 배이징에서는 추여 혹진자 두명이 밝생했다
p26_u16,p26,avg_ce0.0_ce10.0,3을 중국 국과 위생의 공광 위원해 따르면 전날하로 배이징에서는 추여 혹진자 두명이 발생했다
p26_u17,p26,avg_taps_ce0.0,베이징에서는 지난달 31 확진자 세명이 발생하일에 301를 두명 이월리를 두명 이일 두명등 나 혈째 최가 확진자수가 크게들지 않포 있다
p26_u17,p26,avg_taps_ce10.0,베이징에서는 진난달 301 확진다 세명이 발생하일에 301 두명 2월1를 두명2일 두명등 나혈째 최가 확진자수가 크개 들지 않고 있다
p26_u17,p26,avg_ce0.0_ce10.0,베이중에서는 진난달 31 확진자 세명이 발생하 일에 301 두명2월1를 두명2일 두명중 나 혈째 추가 확진자수가 혀게 들지 않고 있다
p26_u18,p26,avg_taps_ce0.0,베이증씨 당국은 출각학견자 모두 집증 정리지에대서 나왔다면서 중상여히하병은 경째 현자들 일라고 살명했다
p26_u18,p26,avg_taps_ce10.0,베이증씨 당국은 최가확진자 모두 집증 정리지하에서 나왔다하면서 중상역이 가병은 정쟁 현자들 일라고 살명했다
p26_u18,p26,avg_ce0.0_ce10.0,베이증씨 당국은 추어확진자 모들 집증 정리지에에서 나왔다하면서 중상역히 가병은 경절 현자들 일라고 살명했다
p26_u19,p26,avg_taps_ce0.0,한편 베이징 등개 올림픽의 위에 중구려운 선수당과 치제진들 개회 관계자에 코어날일구 누적 학진자가 23명을 넘어었다
p26_u19,p26,avg_taps_ce10.0,한편 베이딩 분개 올림픽에 위해 중국에운 선수관과 치제진데 태회 관계자에 쿠어나일구 누적 학진자가 23명을 넘어었다
p26_u19,p26,avg_ce0.0_ce10.0,한편 베이징 분계 올림픽의 위해 중국의 온 선수당과 치제진등 태외 관계자에 코어화일고 누적 확진자가 23명을 넘어었다
p26_u20,p26,avg_taps_ce0.0,21배의쟁 둔겨올림픽 주질 위어하에 따르면 전날 하로동안 동겨올림픽 관령 이극자 서럼 주명이 그러날에고 확징 판정할 바았다
p26_u20,p26,avg_taps_ce10.0,이p2직 등겨울 림픽 주집 위어하에 따르면 전날 하루 동안 동겨울림픽 관령 이극자 서른 두명이 그러나일고 확징 판정할 받았다
p26_u20,p26,avg_ce0.0_ce10.0,이p2딩 등겨울링픽 조집 위어하에 따르면 전날 하루 동안 동결울 렘피 관령 이축자 설른 주명이 그러나에고 학징 편정할 받았다
p26_u21,p26,avg_taps_ce0.0,이에 따라 동교 올림픽 관계자에 대한 했슴검사를 시작한 지는달 28부터 대막식을 상앞던 전날까지 대외갈련 석진단을 모두 232명으로 늘었다
p26_u21,p26,avg_taps_ce10.0,이에 따라 동겨 올림픽 관계자에 대한 획숨검사를 시작한 지난달 28을부터 대막적을 상으앞던 전날까지 대외갈연 협진다을 모두 232명으로 들럽다
p26_u21,p26,avg_ce0.0_ce10.0,이에 따라 동겨 올림픽 관계자에 대한 했성검사를 시작한 지는달 2081부터 대막식을 상을앞던 전날까지 대외갈련 석진자을 모두 2제섬식 이명으로 들었다
p26_u22,p26,avg_taps_ce0.0,등개 울림픽 주직이 장계자는 울림패의 위해 이티한 선수와 강계다들은 패새류표식 관리가 이어지게 있다며 예보아의 접적은 완전의 최전했다고 살명했다
p26_u22,p26,avg_taps_ce10.0,풍개 울린픽 조직이 강계다는 울린패개 위해 이택한 손수와 강계자들은 패세루 표식 관리가 이어지게 있다며 예보아의 접적은 완전이 처전했다고 설명했다
p26_u22,p26,avg_ce0.0_ce10.0,풍개울린핍 주직이 강계자는 울린패에 위해 이한 손수와 강계다들은 패세류 표식 관리가 이어지게 있다며 예보아의 접적은 완전의 최전했다고 설명했다
p26_u23,p26,avg_taps_ce0.0,코로날구에 엔데니으로 해의행이 들어나자 대표적인 기롭 건광되극인 스페인에선 코텔 줄박뒤가 장년대일 평된 3식직포된트 우르의 현상이 랐타았다
p26_u23,p26,avg_taps_ce10.0,고로날 구에 엔데미으로 행의여행이 들어나자 대풀적객 이럽 강광되국인 스페인에선 호텔 숙박지가 장년대이 평든 3식직포된트 우르의 현상이 나타았다
p26_u23,p26,avg_ce0.0_ce10.0,고로날 구에 엔데미드로 회의여행이 들어나다 대풀적에 유럽 강광되국인 스페인에선 호텔 숙박지가 장년대이 평년36포된트 우르의 현상이 나타았다
p26_u24,p26,avg_taps_ce0.0,1패인 풍계청에 따르면 스패인 현제텔의 우래 보활절 전후 하롭펜긴 수박비는 906점 3멸로도 집비했다고 노풍심이 부도했다
p26_u24,p26,avg_taps_ce10.0,스패인 통계청에 따르면 스패인 혼질 텔의 올래 보활절 전후 하롭편근 수박비는 96점36도 집에했다고 노이 통심이 보두했다
p26_u24,p26,avg_ce0.0_ce10.0,스패인 통계청에 따르면 스패인 현질 텔의 올래 보활절 전후 하롭팽근 수박비을 906점36도 집에했다고 너 통심이 되도했다
p26_u25,p26,avg_taps_ce0.0,이는 선년도 같은리관브다 36버센트를 있싸고 코어원일과 위행행전인 2전 시키년 사활 보다도 15포센트 높행가여기다
p26_u25,p26,avg_taps_ce10.0,이는 전년도 같은 비관보다 36버센쯤있싸고 크러 혈그 유행전님 2천시키령 성활 보다돌 15퍼센트 높편가력이다
p26_u25,p26,avg_ce0.0_ce10.0,이는 전년도 같은기관부다 368센집있싸고 크러나엘그 유행전인 2천시키인 서활 보다돌 15퍼센 높펜가력이다
p26_u26,p26,avg_taps_ce0.0,오상끝프텔의 하루번근 스박지는 몇 2대기집 6점 의위로도 장행과 비조에 23포텐트 성생했다
p26_u26,p26,avg_taps_ce10.0,오성교표텔의 하루혼군 스박기는 년 이대기지 6점 의유르도 장행과 비후에 21포텐트 성생했다
p26_u26,p26,avg_ce0.0_ce10.0,고성교프텔의 하루번긴 숙박지는 몇 2대기지 6점 의유르도 장행과 비주에 21포텐트 성생했다
p26_u27,p26,avg_taps_ce0.0,이 성뜻등 저령한 호텔들의 하로평든 숙박지 역이 4포텐세가량우은 6심능리로으로 집게했다
p26_u27,p26,avg_taps_ce10.0,이 성급등 저령한 호텔들을 하로 평근 숙박뒤 역시 4포텐째가량우은 6심6리으로 지게했다
p26_u27,p26,avg_ce0.0_ce10.0,이 성급등 저령만 호텔들의 하로편근 숙박지 역이 4포텐째가량우은 6심 6리으로 집게했다
p26_u28,p26,avg_taps_ce0.0,스페이는 흩텔 스박비가 갚팔에게 상생한 것은 인된 일록 듣가들이 택은 채례로 영행히 구제를 원화하면서 강광객 스에가 폭팔적으로 증가했기 때문니다
p26_u28,p26,avg_taps_ce10.0,스페인을 흩텔 스박비가 갚팔에게 상세한 것은 인긴 유럽끝까들이 책은 처레보 영행 부제를 원화하는서 강광객 수가 폭팔적으로 증가했기 때문이다
p26_u28,p26,avg_ce0.0_ce10.0,스패인을 호텔 스박비가 가팔에게 상실한 것은 인긴 유럽 특까들이 택은 처례고 여혼 두재를 원화하는서 강광객 수에가 폭팔적으로 증가했기 때문이다
p26_u29,p26,avg_taps_ce0.0,우래 3사월 스패인 협패에 주직관 강광인 객스는 전연도 같은 리간에 다섯에 이상으로 증가했다
p26_u29,p26,avg_taps_ce10.0,우래 3사월 스패인 후패의 투식관 강광객스는 전연도 같은 기간에 다섯에 이상으로 증가했다
p26_u29,p26,avg_ce0.0_ce10.0,우래 3사월 스패인 협패에 투직관 강광객스는 전년도 같은 기간에 다섯에 이상으로 증가했다
p26_u30,p26,avg_taps_ce0.0,차월 한달관 강광 목적으로 스패인의 이찍한 사람에 주는 201계년에 패신직 버센트 수준낼 보였다
p26_u30,p26,avg_taps_ce10.0,차월 한달관 강광 목적으로 스패인의 이찍한 사람을 주는 201끼년의 1식릭 버센트 수준을 보였다
p26_u30,p26,avg_ce0.0_ce10.0,차월 한달간 강광 목적으로 스패인의 입찍한 사람을 주는 201계년의 패6 버텐트 수준을 보였다
p26_u31,p26,avg_taps_ce0.0,관견객들이 서호하는 일부 섬쟁일 방몽객수는 이일 코러한 일그 위행 이정 주전을 혀적한 것으로 파학진다고 스페인 통계청한 발혔다
p26_u31,p26,avg_taps_ce10.0,관견객들이 서보하는 일부 섬증의 방문객수는 이일 코러한 일구 위행 이정 주전을 회벽한 것으로 파학전다고 스페인 통계청한 밝혔다
p26_u31,p26,avg_ce0.0_ce10.0,관건객들이 서모하는 일부 섬증의 방문객수는 일 코원화 일그 위행 이정 주전을 헤속한 것으로 파학전다고 스페인 생계청한 밝혔다
p26_u32,p26,avg_taps_ce0.0,스케 텔레코은 이일 이영성 대표 직족으로 두신 홍공 되통사 텔스케포스어에 구정했다고 발혔다
p26_u32,p26,avg_taps_ce10.0,스k 텔레코은 2일 의영성 대표 직속으로 두신 홍공 듣통사업 텔스케프절에 구장했다고 밝혔다
p26_u32,p26,avg_ce0.0_ce10.0,스케 텔레코은 2일 이영홍 대표 직족으로 두심 홍공 되통사업 텔케붙살에 구장했다고 밝혔다
p26_u33,p26,avg_taps_ce0.0,u은 정기로 구동하는 수집 2창일에 소형 지행채로 두심에서 스명차로 한심간 건내 거리를 1에서 21입의 도착할 수 있는 미에 그통 수합니다
p26_u33,p26,avg_taps_ce10.0,u은 정기로 구동하는 수직 입창력 소형기행채로 두심에서 스용차로 한 식건 관례거리를 1에서 21입의 도착할 수 있는 미에 그통수다니다
p26_u33,p26,avg_ce0.0_ce10.0,u은 정지로 구동안을 수집 입창일에 후형지행채로 도심에서 스경처로 한 식건 관례거리에 1에서 21입의 도착할 수 있는 미에 규편 수다니다
p26_u34,p26,avg_taps_ce0.0,sk 텔레코에 따르면 21 t프아래에는 사업 인프라 술센 소비스 개발의 가각 담다하는 세류2집내대가 말련했다
p26_u34,p26,avg_taps_ce10.0,sk이 텔레코에 따르면 20k프 아래에는 사업 인프라 줄l션 소비스 개발를 가각 담다하는 세교 두직 내개가 말련됩다
p26_u34,p26,avg_ce0.0_ce10.0,sk 텔레코에 따르면 20 p프 아래에는 사업 인프라 술전 소비트 개발를 가각 담당하는 세교 두직 내대가 말련했다
p26_u35,p26,avg_taps_ce0.0,차음에서 기술 인표아 절약 사홉개발 파트노시일 담당하는 주유 이먼들이 티에 폐에혔치된 것으로 알려졌다
p26_u35,p26,avg_taps_ce10.0,찬녀에서 기술 인필라 절약 사업개발 파트모시일 담당하는 주유 이먼들이 티에 패에패치된 것으로 알려졌다
p26_u35,p26,avg_ce0.0_ce10.0,찬녀에서 기술 인프라 절약 사업개발 파트노시을 담당하는 주유이먼들이 티에패에패치된 것으로 알려졌다
p26_u36,p26,avg_taps_ce0.0,위행상 대혀는 책은 시풀 이먼들에가 최범 미퉁을 열고 우래 사업 절력에 눈냈고 게프의 1을 주 1래로 정네와 하며 사업을 직접 생기기로 했다
p26_u36,p26,avg_taps_ce10.0,위행성 대표는 책은 시에표 이먼들에가 출범 미팀을 열고 우래 사업 절력에 눈냈고 게프회일을 주 1래로 정네와 하며 사업을 직접 책기기로 했다
p26_u36,p26,avg_ce0.0_ce10.0,이행성 대표는 책은 피에프 이먼들가 출범 미힌을 열고 우래 사업 절력에 눈냈고 티에프회일을 주 1래로 정례와 하며 사업을 직접 생기기로 했다
p26_u37,p26,avg_taps_ce0.0,업게에 선을 신그 서업 주직을 시 직속으로 배치한 것은 일해적이라며 이게사업1 되는 유대표에 의직가 반역된 것 일하는 분설리 라원다
p26_u37,p26,avg_taps_ce10.0,업게에서은 신표 서업 주직을 시유 직속으로 배체한 것은 일해적이라며 m사업에 대한 유대표의 의직가 반역된 것 일하는 분석이 랑언다
p26_u37,p26,avg_ce0.0_ce10.0,업게에서은 신교서업 주직을 씌 직죽으로 배체한 것은 일해적이라며 um사업에 대한 유대표의 의직가 반역된 것 일하는 분석이 나운다
p26_u38,p26,avg_taps_ce0.0,폭패교통불은 2025년 rm 상송화에 복체록 오래부터 제도 마련과 기을 개반의 분격나선다
p26_u38,p26,avg_taps_ce10.0,복패교 통불은 2025년 uum 상공활을 목체로 우래부터 재도 마연과 기을 개반의 분격 나선다
p26_u38,p26,avg_ce0.0_ce10.0,복패곁 통부은 2020년 um 상공활의 목체로 오래부터 재도 마연과 기을 개반을 봉격 하선다
p26_u39,p26,avg_taps_ce0.0,"2,4생형가지 극내 이개 시장지머을 1점조원에 달낼고설를 예장된다"
p26_u39,p26,avg_taps_ce10.0,"2,사생용까지 국내 유개 시장류머을 1섬조원에 달낼것설를 예상든다"
p26_u39,p26,avg_ce0.0_ce10.0,"2,사생용까지 국내 유개 시장류머을 1선조원에 달을것으를 예상든다"
p26_u40,p26,avg_taps_ce0.0,sk이 텔레코에 경쟁상이 해이키는 지난해 1일를 대안한공 현대자도이 차 헌대 건설 데우린과 헌국체의 구성에 m차업의 분격 진출했다
p26_u40,p26,avg_taps_ce10.0,sk 텔레코의 경쟁상이 해이키는 지난의 시일를 대안한공 현대자등차 헌대 건설들금과 험체의 구성에 um 차업에 분격 진출했다
p26_u40,p26,avg_ce0.0_ce10.0,s케이텔레코에 경쟁상이 태이티는 지난의 시일를 대안한공 선대자등차 헌대 건설들금과 험국 체의 구성에 un 타업에 분격 진출했다
p26_u41,p26,avg_taps_ce0.0,한덕수 국모생리가 17를 밤잠도 이준체 화마을 비자만 싸우디 아라비아 왕이 태자를 영접했다
p26_u41,p26,avg_taps_ce10.0,한덕수 공모처인에가 17를 밤잠도 이준채 왕마을 빈잘만 싸우디아라비아 왕위회자를 영접했다
p26_u41,p26,avg_ce0.0_ce10.0,한덕수 국모트 인에가 17를 밤잠도 이준체 우한마을 빈잘만 싸우디 아라비아 왕이해자를 영접했다
p26_u42,p26,avg_taps_ce0.0,박대아 오월 머일에진 빈사을 놓왕세달에 들었산 각복에 경쟁의 체원 창황을 감만에 택격 개우해 나손셈니다
p26_u42,p26,avg_taps_ce10.0,박대한 오일 머일를 진 빈살만 왕세달를 들러상 각복에 경쟁의 채원 창황에 감만에 특격 되획에 나손셈니다
p26_u42,p26,avg_ce0.0_ce10.0,박대한 오일머일를 진 빈살만 왕세달를 들었상 각곡에 경쟁의 취한 창황해 감만에 택격 태우에 나선셈니다
p26_u43,p26,avg_taps_ce0.0,한 풍민은 2오런 영시 상십분쯤 당기 성원 서 공항할 통해 이끼한 비살만 왕세달에 연접했다
p26_u43,p26,avg_taps_ce10.0,1 풍입을 2우런 영시30분쯤 강기 성원 서울공황할 등해 이깨한 비 살만 왕세달에 영접했다
p26_u43,p26,avg_ce0.0_ce10.0,한 풍립을 2우런 영시30분쯤 강기 성원 서올 공황할 통해 이깨한 비 살만 왕세달에 영접했다
p26_u44,p26,avg_taps_ce0.0,빈사한 원세자는 전날에 인데레피 발리해자여 렌 주의에 2십개국 정상 해위정할 마침일 곧바로 항벽을 쳐었다
p26_u44,p26,avg_taps_ce10.0,힌설본 원세자는 전날 인드레피 발리해서 열린 주의 2개극 종상회의 일정을 마침비 9바로 항국을 쳐었다
p26_u44,p26,avg_ce0.0_ce10.0,빈새번 언세자는 전날 인드레피 발리해서 열린 주의 2개국 정상해의 일정을 마침비 9바로 항국을 쳐졌다
p26_u45,p26,avg_taps_ce0.0,통상 예교부 장관이 기핑이나 공식 상문하는 종상꾀 민사를 마지하는데 이처럼 침가 직접 공항해 나가 외국 키길의 영접하는 것은 일해적으로 꾸힌다
p26_u45,p26,avg_taps_ce10.0,통상 왜교부 장관이 키풍이나 공식 상문하는 종상끝인사를 마지하는데 이처럼 측물가 직접 공항해 나가 외국 키인의 영접하는 것은 일해적으로 꾸힌다
p26_u45,p26,avg_ce0.0_ce10.0,통상 왜기부 장관이 기풍이나 공식 상문하는 종상그 민사를 마지하는데 이처럼 측물가 직접 공항해 나가 외국 기인의 영접하는 것은 일해적으로 꾸힌다
p26_u46,p26,avg_taps_ce0.0,한 송민은 갖은날 오전 태국 방코에자열리는 아시아 태평령 경제 협력체 참석에 위해 7고이 예쟁려 있었다
p26_u46,p26,avg_taps_ce10.0,한승매은 갖은날 우전 태국 방코에서 열리는 아시아 태평는 경제 협력체 섬석에 위해 7고이 예정를 있었다
p26_u46,p26,avg_ce0.0_ce10.0,한 풍매은 가은날 우전 태국 방코개되열리을 아시아 태평령 경제 협문력체 섬석의 위해 7고이 예정되 있었다
p26_u47,p26,avg_taps_ce0.0,한 순리가 밥쁜 세벽일정을 수아한 것은 빈살만 옮세자에 방안해 남달르넘리가 이기 때냅니다
p26_u47,p26,avg_taps_ce10.0,한 숭미가 밥쁜 세벽 일정을 수아한 것은 빈살만 온세자에 방안에 남달르 입리가 있기 때명니다
p26_u47,p26,avg_ce0.0_ce10.0,한 숭리가 밥쁜 세벽 일정을 수아한 것은 빈살만 온세자에 방안에 남달르 입리가 있집 때명니다
p26_u48,p26,avg_taps_ce0.0,사울디 아라비아의 실세인 빈설명 넘세자는 통사업비가 오어역 달러의 해당하는 매가 프어제트 4공1피 사업을 주도하고 있다
p26_u48,p26,avg_taps_ce10.0,사우디 아라비아의 실세인 빈설머 넘세다는 총사업디가 오어놓 발러에 해당하는 매가 프어제트 4국1히 사업을 주도하고 있다
p26_u48,p26,avg_ce0.0_ce10.0,싸우디 아라비아의 실세인 빈설머 원세자는 총사업비가 오터먹 달러에 해당하는 매가 프어제트 4웁1피사업을 주도하고 있다
p26_u49,p26,avg_taps_ce0.0,해랑서우베들고 글로발 수주 경쟁의 바어지을 있는 가운데 우리 정부독 삭대의 신경할 수지 안낼 수 없는 상황이다
p26_u49,p26,avg_taps_ce10.0,회당서워배주고 글로발 수주 경쟁이 벌어지게 있는 가운데 우리 정부도 삭더의 신경할 수지 안을 수 없는 상황이다
p26_u49,p26,avg_ce0.0_ce10.0,해당세워에주고 글로발 수주경쟁의 벌어지을 있는 가운데 우리 정부도 작더의 신경할 수지 안을 수 없는 상황이다
p26_u50,p26,avg_taps_ce0.0,이런 방안이 당의 치기앗어는 점에서 주아진 시현분안 정구의 극질한 형대를 위해 한책격을 높필 필르가 있었다을 해적이 나온다
p26_u50,p26,avg_taps_ce10.0,"이런 방안이 당일 치기었다는 점에서 주아진 시간부안 정부의 객지한 형개를 위해 한, 격을 높필 필르가 있었다는 해적이 나온다"
p26_u50,p26,avg_ce0.0_ce10.0,이런 방안이 당일 치기었어는 점에서 조아진 시간부안 정부의 극지한 형대를 위해 현생 적을 높필 필르가 있었다는 해석이 나온다
p26_u51,p26,avg_taps_ce0.0,문제인 정부때인 2천1끼는 미월 빈살만 언세다 방한 장세에로 인나견 숭례가 공황에 나가 연접했었다
p26_u51,p26,avg_taps_ce10.0,문쟁인 정부때인 2천시키는 6월 빈살만 언세다 방한 당세에도 인나견 충례가 공용에 나가 연접했었다
p26_u51,p26,avg_ce0.0_ce10.0,문쟁인 정부텐 2719년 6월 빈살만 원세자 방한 장시에도 인나견 충례가 공렁에 나가 연접했었다
p26_u52,p26,avg_taps_ce0.0,풍리시에 관계자는 사우디 아아비아과 강재와 안보 충년에서 각별한 네매에지인 주냥 길가인 만큼 걸레등의 보려의 혈정한 것 일라고 살명했다
p26_u52,p26,avg_taps_ce10.0,충의시 관계자는 사우디 아라비아가 강제와 안보 충년해서 각별한 널밀에 지인 주명 듣가임 망큼 걸레등의 부려의 혈정한것 이라고 설명했다
p26_u52,p26,avg_ce0.0_ce10.0,충해시의 관계자는 사우디 아라비아가 경제와 안보 충는해서 각대한 널매에 지민 주명 지가임 만큼 걸례등의 구려의 혈정한 것 이라고 살명했다
p26_u53,p26,avg_taps_ce0.0,제4십4회 충력이 정직 증고등학생 서객배회가 지난 올부터 팔래까지 경복 포문시에는 서객장에서 성원네 계체했다
p26_u53,p26,avg_taps_ce10.0,제44 충월이 정직 중고등학생 사객별회가 지난 오일부터 팔래까지 경북 폭세에는 사객장에서 성험매에 계체했다
p26_u53,p26,avg_ce0.0_ce10.0,제44회 충월일 정육 중고등학쟁 사객배회가 지난 오일부터 팔낼까지 경북 포운편의 사객장에서 성험의에 계체했다
p26_u54,p26,avg_taps_ce0.0,2번배회는 사월적 거리죽이 해제이여 전체 관중의 참별할했치가진 첫대회로 정룩에서 백3십개팀 1171명의 선수당이 탐물가 했다
p26_u54,p26,avg_taps_ce10.0,2번0회는 사월적 거리죽이 해제 이르 전체 관증의 참매하 했치가진 첫배회로 정국에서 백삼십개힌 1170명해 선수단이 참미가 했다
p26_u54,p26,avg_ce0.0_ce10.0,2번0회는 사흘적 거리죽이 해제 일르 전체 관중의 참매하 했치가진 첫대회로 정격에서 백삼십개힌 1171명해 선수단이 타메가 했다
p26_u55,p26,avg_taps_ce0.0,공기 숙생과 공기 권총 투대직의및 여덟개 패필리경모에서 반체및 대인굉기에서 대대를 펼쳤다
p26_u55,p26,avg_taps_ce10.0,공기 투층과 공기 관총 추개직명 및 여덟대 패필리경먹에서 단체 및 대인경기에서 대개를 펼쳤다
p26_u55,p26,avg_ce0.0_ce10.0,공기 숙층과 공기 관총 투대직 힘및 여덟게 패표인 혹에서 반체 및 대인굉기에서 대결를 펼쳤다
p26_u56,p26,avg_taps_ce0.0,공기곤 송중목 남음고 단세부훈에서는 전북 책고가 1일 안남그가 이 한혈그가 삼멸에 차지했으며 개인절레보는 전복 책고에 정우진이 정상에 올랐다
p26_u56,p26,avg_taps_ce10.0,공기곤 송중먹 남무고 단세부훈에서는 전북 책고가 1이 안나그과 1이 환열그과 사매를 터져했으며 개인 들레고는 전북 책고의 정우진이 정상해 올랐다
p26_u56,p26,avg_ce0.0_ce10.0,공기곤 송증목 남무고 단세부문에서는 전북 책고가 1일 안나그과 1이 환열그과 삼멸를 처져했으며 개인저에후는 전북 책고의 정우짐이 정상에 올랐다
p26_u57,p26,avg_taps_ce0.0,여고 단세부는 선남 책크과 1이 출함 책후과 이이 후산 영상 예국가 사미를 차지 했고 개인절을 강원 책구의 2브인이 1류의 연해에 않았다
p26_u57,p26,avg_taps_ce10.0,여고 단세부는 전남 책크과 1이 충함 책후과 이이 부산 영상 예국가 사밀를 차지했고 개인점은 강원 책구의 2브에이 1이의 영해를 않았다
p26_u57,p26,avg_ce0.0_ce10.0,여고 단세부는 선 남 책크과 1이 층함 책후과 이이 후산 영상 예국가 사밀를 자지 했고 개일전은 당원 책구의 이브에이 의의의 영해를 않았다
p26_u58,p26,avg_taps_ce0.0,공기곤총 남중 단체부으는 강주 체중의 1이 복텔레의 이 선류증의 3위에 올랐으며 개인전 1이는 천문음준의 2패경이 차지했다
p26_u58,p26,avg_taps_ce10.0,공기건총 남중이 단체부으는 강주체준의 1이 복텔리의 1이 손휴중이 사위해 올랐으며 개위전 1이는 천음준의 2패경이 차지했다
p26_u58,p26,avg_ce0.0_ce10.0,공기원총 남중이 단체부으는 광주 체증의 1일 복텔리의 1이 손류음이 사유해 올랐으며 개일전 일이는 편음줄의 2패경이 차지했다
p26_u59,p26,avg_taps_ce0.0,여중 관세분을 서살이여중 엄사증 장선증의 가각 1일 이 사멸에 기럽겠으며 예중 세인전 일이는 서살리 여증에 긴념해가 차지했다
p26_u59,p26,avg_taps_ce10.0,여중 관세분을 소산여중 엄사중 장선중의 가각 1이 이 사밀을 기록겠으며 여중 제인전 1리는 소살 여중의 긴면호가 차지했다
p26_u59,p26,avg_ce0.0_ce10.0,여중 간세분을 서천 여중 엄사증 장선중의 가각 1을 2 사밀에 기록겠으며 여중 제인전 1이는 서천여중의 빙년으가 차지했다
p26_u60,p26,avg_taps_ce0.0,공기 주총증먹 남고 단세부으는 항광고가 1이 인선 텍관 이 울산 상고가 사멸를 차지했으며 교인전 일이를 항광고을신의 방생우가 차지했다
p26_u60,p26,avg_taps_ce10.0,공기조총중먹 남고 단세부으는 항광국가 1이 인선 세구가 이 울산 성구가 사멸를 차지했으며 되인전 일이는 항광고칠신의 방생우가 차지했다
p26_u60,p26,avg_ce0.0_ce10.0,공기도총중먹 남고 단세부으는 형광국가 1이 인선 패구과 이 울산 성부가 사멸를 차지했으며 되인전 위리는 항광고 출신의 방생우가 차지했다
p26_u61,p26,avg_taps_ce0.0,여고 단세부구의 경북 책기가 일이 일선예상이 일이 천원에개가 삼일에 기획겠으며 계인전 1이는 대기책구 이영해니 올랐다
p26_u61,p26,avg_taps_ce10.0,여고 단세부분는 병북 책기가 1이 일선며사의 일이 천원 력개가 3위을 기획겠으며 게인전 일이는 백기책구 이영해이 올랐다
p26_u61,p26,avg_ce0.0_ce10.0,여고 단체부분은 병북 책구가 1이 일선며사의 일이 천원 력에가 삼위을 기했겠으며 게일전 1이는 대기 책구 이영해이 올랐다
p26_u62,p26,avg_taps_ce0.0,공기 수평남정이 반세부거는 경복 체증이 일이 항광중의 이위 내천준의 상례를 차지했으며 계인전 1이는 서원중의 하생눈이 등객겠다
p26_u62,p26,avg_taps_ce10.0,공기 소풍 남증 단세부거는 경북체증의 1일 항광중의 이 매천중의 삼멸을 차지했으며 계인전 1이는 성원중의 하생류이 증객했다
p26_u62,p26,avg_ce0.0_ce10.0,공기 소통 남증의 간세부거는 경북체중이 1일 항광짐이 이 매천중이 삼례를 차지했으며 개인전 1이는 성원증의 하생명이 증격했다
p26_u63,p26,avg_taps_ce0.0,여중 단 세부분의 경북 체중의 1이 방한증의 이 내천중의 사멸에 차지했고 계인전 1이는 경복체중의 기해담이차지했다
p26_u63,p26,avg_taps_ce10.0,여중 반세부문의 경북 체중의 1이 통한중이 매천중의 사매의차지했고 개인전 1이는 경복 체중의 그해담리차지했다
p26_u63,p26,avg_ce0.0_ce10.0,여중 단세부문의 경북 체중의 1이 경한중의 일이 내천중의 사매의 자지했고 개인전 1이는 병복 체중의 기해담미차지했다
p26_u64,p26,avg_taps_ce0.0,전세에 주요 가상앞에 걸래소가 책감 풍룩한 향국산 폭태라와 눈나의 고래중단 또을 상장 패지 주체 나섯다고 불런버에 가 십자을 보도했다
p26_u64,p26,avg_taps_ce10.0,전세에 주유 가장 업에 걸래소가 책건 풍목한 형국산 풍태라와 루나의 걸래중단 또을 상정패지 주치에 나섰다고 불런버에가 십잠을 보두했다
p26_u64,p26,avg_ce0.0_ce10.0,전세에 주유 가장 업에 걸래소가 책감 송욕한 향국산 공 패라와 눈화의 걸레징단 또을 상정 패제 주체에 나섰다고 불런버에가 십잠을 보두했다
p26_u65,p26,avg_taps_ce0.0,부두에 따르면 대형 가상 없패 관래서 오k의 스는 텔락퍼운 액츠가 발행하는 폐로와 연하는 물논이고 텔락 주록체인 기반의 에코와 미아의 모든 걸래를 중겨지켰다
p26_u65,p26,avg_taps_ce10.0,보두에 따르면 대영 가장 없에 걸래서 오케의 액스는 텔라폭 레스가 발행하는 패로와 눈하는 물론이고 텔랍주 록체인 기반의 엘코와 미어의 모든 걸래를 중결시켰다
p26_u65,p26,avg_ce0.0_ce10.0,보도에 따르면 대형 가상 없에 걸래서 오케의 액스는 텔랍폭 내츠가 발행하는 패라와 눈하는 물론이고 텔랍 록체인 기반의 엘코와 미아의 모든 걸래를 중결시켰다
p26_u66,p26,avg_taps_ce0.0,또 달른 아무앞에 걸래서 프ts 이와 관련된 파생 상품을 상장폐지했고 케립트 닥검도 루나에크 위러 걸래를 중지시켰다
p26_u66,p26,avg_taps_ce10.0,또 달른 아무앞에 걸래서 에프티에스는 이와 관련된 파생성품을 상장폐지했고 케립트 다검도 루나e코 위어 돌래를 중지시켰다
p26_u66,p26,avg_ce0.0_ce10.0,또 달른 아무앞에 걸래서 에프티스는 이와 걸련된 파생성품을 상장폐지했고 트립토 닥검도 루나l코 위어 걸래를 중지시켰다
p26_u67,p26,avg_taps_ce0.0,미국 체대의 가장 어에 걸래소 코인대 있에도 27 부터 걸래정기에 나선다고 불법에 통시는 전냈다
p26_u67,p26,avg_taps_ce10.0,미국 체대의 가장 어에 걸래소 꾸행대있으도 27 부터 걸래정지에 나선다고 불름법에 통시는 전냈다
p26_u67,p26,avg_ce0.0_ce10.0,미국 체대의 가장 어에 걸래서 꾸행대있으로 27 부터 걸래정지에 나선다고 불름보에 통시는 전냈다
p26_u68,p26,avg_taps_ce0.0,앞서 자오 청폭 바인낼 쓸 체고 경행자는 전날 태락보운 냅스에 데획의 문제장황며 태라와 은나에 걸래를 중단 쓰겠다
p26_u68,p26,avg_taps_ce10.0,앞서 자우 청폭 바인냈을 책고 경행자는 전날 태락포운냅스에 데력의 문제장우며 태라와 은하에 골래를 중단 수겠다
p26_u68,p26,avg_ce0.0_ce10.0,앞서 자우 청폭 바인냈을 책고 경행자는 전날 태락보훈냅의에 데력의 문제자으며 태라와 은하에 골래를 증단 수겠다
p26_u69,p26,avg_taps_ce0.0,그는 태로폭 없째가 태라의 가격이 엘달로 미트어 떨어지자 데량도찍고는 눈나로 텔라들 사들려 가격을 이이적으로 부향싶키려 했다는 치지를 불판했다
p26_u69,p26,avg_taps_ce10.0,그는 테로품 높츠가 태라의 가격이 일달로 미으어 떨어지자 데량으로 찍거는 눈나로 텔라를 사들려 가격을 이미적으로 부향시 키럴 했다는 치지를 붙판했다
p26_u69,p26,avg_ce0.0_ce10.0,그는 태로품 높째가 태라의 가격이 엘달로 리트어 떨어지자 태량독찍고는 눈나로 테라들 사들려 가격을 인의적으로 부향시키력 했다는 치지를 붙판했다
p26_u70,p26,avg_taps_ce0.0,발랜절에 포하의 은케백스 큰대있스는 무두 태라의 투장한 세색주리기 도아다
p26_u70,p26,avg_taps_ce10.0,발랜설에 포함에 은케6스 1배이스는 무두 패라의 투아한 세색들리기 도아다
p26_u70,p26,avg_ce0.0_ce10.0,발이랜설를 포함에 의케6스 1배이스는 무 패라의 투아한 세력주리기 도아다
p26_u71,p26,avg_taps_ce0.0,한편 이는 월l 스트리트 전너은 이험 자선에 대한 우려가 커지낸서 그로발 가상화에 시값편내기 될과 이개에 만에 일주 달러 이상 증발했다고 보두했다
p26_u71,p26,avg_taps_ce10.0,한편 이는 wr 스트리트 전너은 이험자선에 대한 우려가 커지면서 그 로발의 가상어 폐식값 편내기 불과 이깨회만에 1주 딸러 이상 증발했다고 보두했다
p26_u71,p26,avg_ce0.0_ce10.0,한편 이난 wr 스트리트 전너은 이험자선에 대한 우려가 커지면서 그 로발의 가상어 폐식값 편에기 들과 이개에 만에 1주딸러 이상 중발했다고 보두했다
p26_u72,p26,avg_taps_ce0.0,비트캠과 이더리은 지난의 11에 가감 미금만 7천8백 입점3달러 사천8백 달러로 차상 채고질를 기득했으나 현제58퍼 28년드직 하락한 석인 테이다
p26_u72,p26,avg_taps_ce10.0,"비트캠과 이더일먼 지난의 11월 가각 미금만 7,82점3달러 사,8달로 차상 채고치를 기득했으나 현제58퍼 68직 파락한 사인 태이다"
p26_u72,p26,avg_ce0.0_ce10.0,"비측행과 이더일 먼지원의 11월 가까 미금만 7,82점3달러 4,8달로 차섬 채고치를 기득했으나 현제58퍼 68식 하락한 석민 태이다"
p26_u73,p26,avg_taps_ce0.0,sk 발이욥파은 제전증치를 협진 신약 세로아 매이태가 프랑스에서 발의 허가에 받았다고 그을 발켰다
p26_u73,p26,avg_taps_ce10.0,s케이 발6파은 예전증치를 협친 시약 세로바 매위태가 프랑스에서 발련의 허가에 받았다고 그 발혔다
p26_u73,p26,avg_ce0.0_ce10.0,스케일 발욥파은 제전증치를 혹진 신약 세로아 매우태가 프랑스에서 발른의 허가에 받았다고 그을 발혔다
p26_u74,p26,avg_taps_ce0.0,일르써 이럽 의대 쟁제대국긴 도길 연국 이탈리아 1행이 플스출시에 성공했다
p26_u74,p26,avg_taps_ce10.0,이어써 유럽 오대 경제되국인 독길 영국 이탈리아 1패인 편스출시에 성공했다
p26_u74,p26,avg_ce0.0_ce10.0,이르써 유럽 의대 경제되국인 독길 영국 이탈리아 스패인 프름스출시에 성공했다
p26_u75,p26,avg_taps_ce0.0,점미고매이트는 지난을 삼물 이러 연함 집1 위원회 판매생인의 획득하후 온투 주리라는 재품명으로 유럽시장의 봉격적으로 진수했다
p26_u75,p26,avg_taps_ce10.0,제부거매트는 지난을 3물 유러년함 집00 위원회 8매승인의 획득하후 온투 주리라는 재푸명으로 유럽시장의 봉격적으로 진수했다
p26_u75,p26,avg_ce0.0_ce10.0,재목법매증은 지원을 3물 유럽연함 집00 위원회 8매승인의 획득하후 온트 주리라는 재푸명으로 유럽 시장의 봉택적으로 진술했다
p26_u76,p26,avg_taps_ce0.0,가튼의 임월 s테이 바이요파의 파트바서 안제린의 파하은 온추주리를 유럽 채대 배약 시장인 두길에서 처은 발매했다
p26_u76,p26,avg_taps_ce10.0,가투의 미월 s테이 바유 파의 파트바상 안제리의 파만은 온추주리를 유럽 채대 배약 시장인 독길에서 처음 발매했다
p26_u76,p26,avg_ce0.0_ce10.0,가투의 6월 스케이 바유 파의 파트나상 안제린의 파하은 온추주리를 이럽 채대 배약 시장인 독길에서 처음 발매했다
p26_u77,p26,avg_taps_ce0.0,제노바 메이트는 두길의 시작으로 일년 률개할만에 유럽 주요 오대 시장으로 영령의 확대하게 댔다
p26_u77,p26,avg_taps_ce10.0,제노바 메이트는 두길를 시작으로 1년 6개월 만에 유럽 주요 오대 시장으로 영령을 확대하게 했다
p26_u77,p26,avg_ce0.0_ce10.0,제노바 메이츠는 두길를 시작으로 1년 6개할 만에 유럽 주요 오대 시장으로 영령에 확되하게 했다
p26_u78,p26,avg_taps_ce0.0,이들의 제전중 시장기문은 약 17럽달러에 달라며 이는 일럽 전체의 73포센체에 해당한다
p26_u78,p26,avg_taps_ce10.0,이들의 제전중 시장기문은 약 17록 달러에 달라며 이는 유럽 전체의 73퍼센째에 해당한다
p26_u78,p26,avg_ce0.0_ce10.0,이들의 제전증 시장귀문을 약 17록 달러에 달라며 이는 유럽 전체의 73퍼센째에 해당한다
p26_u79,p26,avg_taps_ce0.0,이번 퍼음스출씨록 온투즈리는 현제까질 유험의 총시목에 극가에서 발매가 지내이준니다
p26_u79,p26,avg_taps_ce10.0,이번 편수칠씨록 온투즈리는 현제까지 유러의 총시후에 극가에서 발매가 지행중이다
p26_u79,p26,avg_ce0.0_ce10.0,이번 폭수출시록 온투주리는 혼제까지 유험의 총시후에 극가에서 발매가 지해이준니다
p26_u80,p26,avg_taps_ce0.0,sk 바오파은 온투즈리의 유럽 품을 학대로 안제린의 파아로부터 품내 누월 집및 매칠 실적과 연개된 말 통 시 커벌에 기달할 수 있을것 일라고 전냈다
p26_u80,p26,avg_taps_ce10.0,s페일 바유 파a은 온투주리의 유럽 파물 학대로 안제림의 파아로부터 품매 류월증의 매칠 실적과 연개된 말 통시 커보에 기달 수 있을 것 일라고 전냈다
p26_u80,p26,avg_ce0.0_ce10.0,s케일 pu 파은 온투즈리의 유럽 파물 효대로 안제림의 파아로부터 품매 류월증의 매출 혈적과 연개된 말 통 시 크보에 기달 수 있을 것 일라고 전냈다
p26_u81,p26,avg_taps_ce0.0,한편 스케이 발이오파은 책건 째호밤에 이트 당해 재푸만으로 이롭불 수출에 타별 수상했다
p26_u81,p26,avg_taps_ce10.0,현편 sk이 바유파은 책경 째로밤의 이트 다해 재품만으록 이록뿔 수출에 답벨 수상했다
p26_u81,p26,avg_ce0.0_ce10.0,현편sk이 바6파은 책건 째로밤의 이트 다내의 재품만으록 이록불 스출에 답벨 수상했다
p26_u82,p26,avg_taps_ce0.0,지남의 7를 1을부터 우래 6월3식을까지 일량간 텐및 대의롭주줄액 이롭던다들 둘파한데 따른 것이다
p26_u82,p26,avg_taps_ce10.0,지난의 7를 1일부터 우래 6월3을까지 일량간 대미대의롭주줄럽 이롭던다들 둘판한데 다른 것이다
p26_u82,p26,avg_ce0.0_ce10.0,지난의 7를 1일부터 우래 6월3식을까지 일량간 대의롭주줄액 이롭던다될 둘판한데다른 것이다
p26_u83,p26,avg_taps_ce0.0,제노바 메이틀을 211년 미 1품이약국 1판 호가를 받아 이기에서는 액스코프리라는 재품명으로 판매되고 있다
p26_u83,p26,avg_taps_ce10.0,제노바 메이트는 2011년 미 1품이약고 1판 호가를 받아 이개게서는 액스코프이라는 재품명으로 판내되게 있다
p26_u83,p26,avg_ce0.0_ce10.0,제노바 메이트을 2019년 미직 1품이약꼭 1판 호가를 받아 이직에서을 액스코프리라는 재품명으로 판내되고 있다
p26_u84,p26,avg_taps_ce0.0,전남 9의 군청 여자 씨름단 엄마진 송이스과 2천202은 당행 단호 장사 시행대우에서 우쟁을 차지하면 시은 이관항에 올렀다
p26_u84,p26,avg_taps_ce10.0,전남 9의군청 여자 씨름단 엄마진 송스가 20202년 당백 단로 장사 씨름대우에서 우정을 차지하면 시은 이관항에 올렀다
p26_u84,p26,avg_ce0.0_ce10.0,전남 9의군청 여자 씨름단 엄마진 생스가 20202년 당뱅 단로 장사 씨름대에에서 우생을 차지하면 시은 이관항에 올렀다
p26_u85,p26,avg_taps_ce0.0,군네 따르면 유아리를 여잡부 국학째 결승전에서 어마진 선수는 안산 시창 진다의 선술에 상대에 이대의 역전 생에 거으며 항수토로필를 품해 않았다
p26_u85,p26,avg_taps_ce10.0,군의 따르면 유아리를 여잡부 국학급 결승던에서 어마진 선수을 안산시청 김다의 선술의 상대에 이대일 역전 생해 버으며 항숙트로비를 품해 않았다
p26_u85,p26,avg_ce0.0_ce10.0,군네 따르면 유아리를 여잡부 국학급 결승던에서 어마진 선수을 안산 십창 짐다의 선수를 상대에 이대일 역전 생해 거으며 항숙트로비를 품에 하았다
p26_u86,p26,avg_taps_ce0.0,어마진 선주는 3을따래 열렸던 22이 거자장살 실름대와 이중해 이며 시은 두번째 장사 타이트에 손해 어넣으며 계인 풍산 여번째 국하장사에 등객했다
p26_u86,p26,avg_taps_ce10.0,어마진 선주는 참말따에 열렸던 262 거제장사 씨름대외 의중해이며 씨은 두 번째 장자 타 이트에 손해 어넣오며 계인 풍산 여번째 국하장사에 등격했다
p26_u86,p26,avg_ce0.0_ce10.0,어마진 선주는 참말따에 열렸던 222 거제장사 실름대외 의중해 이요 시은 두 번째 장자타 이트에 손해 어다오며 계인 풍산 여번째 국화장사에 등격했다
p26_u87,p26,avg_taps_ce0.0,어마진 선수을 사공들에서 같은 팀 소속인 2센리 선인소아 맞붙터 들배지 미와 잡체일를 이대영심리대 거두와 결승해 원났다
p26_u87,p26,avg_taps_ce10.0,어마진 선수을 사공그을서 같은 팀 소속임 20의 선이서와 맞으터 들배지 비와 잡체일를 2대 영 승리재 거두와 결승해 올랐다
p26_u87,p26,avg_ce0.0_ce10.0,어마진 선순을 사공들에서 같은 팀 소속임 20의 선서 맞으터 들배지 비화 잡체일를 이대영 승리의 거두와 결승해 올났다
p26_u88,p26,avg_taps_ce0.0,결승건 첫번째판에서 어아진 선소에 긴다의 성서의 안따리 기스에 관려 선점을 대졌다
p26_u88,p26,avg_taps_ce10.0,결승견 첫번째판에서 어아진 선수의 긴다의 선수의 안딸리 기스에 관려 선점을 대졌다
p26_u88,p26,avg_ce0.0_ce10.0,결승견 첫번째판에서 어아진 선수의 긴단의 성수에 안따리 길스에 관려 선점을 대졌다
p26_u89,p26,avg_taps_ce0.0,그러나 동골의 한께 받은 불리에던 성황수에서 연장장 병지쟁일 칠출에 남겨주고 잡책이 지스에 완백 히성풍숙키는서 두번째판을 가적갔다
p26_u89,p26,avg_taps_ce10.0,그러나 동골의 한께 받은 불리에던 성황숙에서 연장정 병기증률 칠출에 남겨들고 잡책이 기스에 완백히 성중숙키면서 두번째판해 가적갔다
p26_u89,p26,avg_ce0.0_ce10.0,그러나 동골의 한께 받은 불리에던 성황수에서 연장정 병기증를 칠출에 남겨들고 잡책이 지술에 완백히 성둥수키면서 두번재판해 가적갔다
p26_u90,p26,avg_taps_ce0.0,마지막 판을보는 배지지와 미롯치길에 연개한 귀술로 긴다의 선설에 문너뜨이며 이대일 역전생에 걸롯다
p26_u90,p26,avg_taps_ce10.0,마지막 판내보는 벨지기와 미롭치길에 연개한 귀술로 긴다의 선설에 문너뜨이며 이 대일 역전승에 걸롯다
p26_u90,p26,avg_ce0.0_ce10.0,마지막 판네소는 벨지지와 미롭치길를 연개한 귀술로 긴다의 선설를 문너뜨이며 이대일 역전 생에 걸롯다
p26_u91,p26,avg_taps_ce0.0,긴술로 구레군스는 2번 배회 의정의 통에 그레군을 빈내주어 구확다며 아으로도 혼수들이 혈련내만 전념할 수 있도록 다각적인 지원을 아끼지 않겠다고 말했다
p26_u91,p26,avg_taps_ce10.0,김주모 구레군수는 2번 배회 의정을 통에 그레군을 빈내주어 구맙다며 아으로도 환수들이 혈련내만 전념할 수 있도록 다각적인 지원을 아끼지 않겠다고 말했다
p26_u91,p26,avg_ce0.0_ce10.0,김수로 구레군수는 2번 배회 의정을 통에 그레군을 빈내주가 구합다며 아으로도 선수들이 혈련내만 전념할 수 있도록 다각적인 지원을 아끼지 않겠다고 말했다
p26_u92,p26,avg_taps_ce0.0,이는 선년 등기 대이 매출은 2점1 포텐트 증가했지만 영업 이익은 24점1퍼 감소한 길모달라
p26_u92,p26,avg_taps_ce10.0,이는 선년 둔기 대이 매출은 2점 1퍼센트 증가했지만 영업 2은 24점1퍼센트 감소한 빕모다
p26_u92,p26,avg_ce0.0_ce10.0,이는 선년 분기대이 매출은 2점 1퍼센트 증가했지만 영업 2은 24점1퍼센트 감소한 빕모다
p26_u93,p26,avg_taps_ce0.0,글로발 공겸망 불안 정과 러시아에 이크랑이나 친공 서텔르 있는 원저째 가격 성생등의 행행을 미치낸서 가적은 결거다
p26_u93,p26,avg_taps_ce10.0,글로발 공금 망 불안 정과 로시아에 이크랑이나 친공 사태를 있는 원자째 가격 선생등의 영행할 미치면서 가져운 결거다
p26_u93,p26,avg_ce0.0_ce10.0,글로발 공금 망 불안 정과 러시아에 이크라인나 친공 사태를 이는 원자째 가격 성을생등의 영향을 미치면서 가져은 결거다
p26_u94,p26,avg_taps_ce0.0,없게에선 차량궁 관도체 부죽사태가 완아되면 엘지 에너지 소의선의 실적도 배선될 것으로 보고 있다
p26_u94,p26,avg_taps_ce10.0,없게에선 차령홍 관도체 부죽사태가 완아되면 엘지 에너지 숨매선을 실적도 계선될 것으로 보고 있다
p26_u94,p26,avg_ce0.0_ce10.0,없게에선 차령문 반도체 부죽터태가 완아되면 엘지 에너지 숨밀선을 실적도 계선될 것으로 보고 있다
p26_u95,p26,avg_taps_ce0.0,체겐 증관사 열코의 분석모고서의 점망치 평당을 보면 엘지 너지 숨별자의 올래 연간 맺트은 20조 1천하권 영업이이된 1주한 불모로 출산됩다
p26_u95,p26,avg_taps_ce10.0,책견 증건사 열곳의 분석보고서의 점망치 평견을 보면 엘지 너지 손벌산의 올래 연간 맺트은 2십조 1천하관 영업이익된 1중한 병으로 추산됩다
p26_u95,p26,avg_ce0.0_ce10.0,책견 증건사 열곳에 분석보고서의 점망시 평견을 보면 될지 애너지 손별산의 올래 연간 맺출은 2십조 1천하권 영업이익된 1증운 불모로 추산했다
p26_u96,p26,avg_taps_ce0.0,"지난의 엘지 에어지 술르선에 영간 맺출은 17조 8,9부워권 영업이이은 7,685어건이었다"
p26_u96,p26,avg_taps_ce10.0,"지난의 엘지 에어지 술르선에 영관 맺틀은 17조 8,99월건 영업이익은 7천6백8 5어건이었다"
p26_u96,p26,avg_ce0.0_ce10.0,"지난의 엘지 에어지 술르전에 영관 맺출른 17조 8,99워건 영업이이든 7천685어건이었다"
p26_u97,p26,avg_taps_ce0.0,한편 엘지 애너지 술르소의 공식 킬적 발프전 분기 잠정 실적의 공개한 것은 이번히 처합니다
p26_u97,p26,avg_taps_ce10.0,한편 엘지 애너지 줄르손의 공식 실적 발표전 분기 잠정 실적의 공개한 것은 이번히 처없니다
p26_u97,p26,avg_ce0.0_ce10.0,한편 엘지 애너지 술리스의 공식 실적 발풀전 분기 잠정 실적의 공개한 것은 이번히 처합니다
p26_u98,p26,avg_taps_ce0.0,엘지 애너지 숨에선측은 투어자 패능대이 위에 잠정의 실적을 제공한다며 일풍기 긍식 실적 발표할 부체적 일정인 추 공실를 통위 안내을 예정에 이라고 손냈다
p26_u98,p26,avg_taps_ce10.0,엘지 에너지 속계선 측은 투도다 표놓대 위에 잠정의 실적을 제공한다며 일풍기 공식 실적 발표할 굳체적 일정은 추월 공실를 통에 안내할 예정행이라고 손냈다
p26_u98,p26,avg_ce0.0_ce10.0,엘지에너지 속에선 측은 투자자 표능개 위에 잠정의 실적을 제공한다며 일풍기 경식 실적 발표할 굳체적 일정은 추월 공실를 편위 안내할 예정에이라고 전냈다
p26_u99,p26,avg_taps_ce0.0,문제인 전 재통령이 23의 고 농무한 전 대통령의 구향이자 미역이 있는 경함 비해시 봉화하을에 첫었다
p26_u99,p26,avg_taps_ce10.0,문제인 전체통령이 23의 9 노무운 전대통령의 구향이자 미역이 있는 경함 비메시 봉화막하에 첫덮다
p26_u99,p26,avg_ce0.0_ce10.0,문제인 전태통령이 23의 9 노무운 전 대통령의 구향이자 미력이 있는 경함 비메시 봉화막에 첫덮다
p32_u00,p32,avg_taps_ce0.0,경남4천운 생공에서 공금 혈년이기 두대가 최돌의 내명의 조등 사아 순직한 겨음데 사보원의 그명의 했심이될 비인기록 경치가 발겸댔다
p32_u00,p32,avg_taps_ce10.0,경남잡천 생공에서 공금 혈년기 두대가 최돌의 내명의 조등사가 순직한 겨음데 사고원의 교명의 했시이들 비은기록 경치가 발견됩다
p32_u00,p32,avg_ce0.0_ce10.0,경남잡천운 생공에서 긍금 혈년기 두대가 취인돌의 내명의 조등사가 순직한 겨훈데 사보원의 그명의 했시이될 비은기록 쟁치가 발견됩다
p32_u01,p32,avg_taps_ce0.0,3일 공금등에 따르면 공줄 식돈로 출락한 긍금 혈련이기 케이티 다시1 혈년기 두대중 한대의의 들렉박술과 점날 오전 4천 쟁동면 화함리 이게내서 발견댔다
p32_u01,p32,avg_taps_ce10.0,3일 공금등에 따르면 공주 식돌로 출락한 긍금 혈련이기 케티 다시일 혈년이 두대중 한대의 분렉박술가 전날 오전 4천 정동면 서함 인겨해서 발견됩다
p32_u01,p32,avg_ce0.0_ce10.0,3을 공금등에 따르면 공주 식돌로 출락한 긍금 혈련이기 케티 더시1 혈년귀 두대중 환대일 빌렉박슬가 전날 오전 4천 정동면 화함의 1겨해서 발견됩다
p32_u02,p32,avg_taps_ce0.0,불릭박스라고 불리는 이p에n 기록 장치애을 훌량기 조통사들에 이선과 통이신 정보 비 상환 등에 정보가 전겨 있다
p32_u02,p32,avg_taps_ce10.0,불릭박스라고 불리는 이pn 기록 정치에을 훈령기 조통사들의 위성과 통신 정보 비행 상황등에 정보가 던겨있다
p32_u02,p32,avg_ce0.0_ce10.0,불릭박스라고 불리는 이p행n 기록 정치애을 훌령기 조둥사들에 이선과 텐신 정보 비행 상황등에 정보가 전겨 있다
p32_u03,p32,avg_taps_ce0.0,공국은 수구한 비 기록 장치의 내용의 분석하을 한편 남머지 한 대일 비 기록 장치등 잔해 수색 자업도 이억하고 있다
p32_u03,p32,avg_taps_ce10.0,궁국은 수구한 비 기록 장치의내용의 분석하을 한편 남머지 한대의 비 기록 장치등 잔에 수색차없도 이억하고 있다
p32_u03,p32,avg_ce0.0_ce10.0,궁군는 수구한 비행 기록 장치의내용의 분적하을 한편 남머지 한대의 비 기록 장치등 잔해 수색자업도 이억하고 있다
p32_u04,p32,avg_taps_ce0.0,사보현장인 정동몇 일 때에 병력 20 몇명을 배치에 전해 수세길 지행중이다
p32_u04,p32,avg_taps_ce10.0,사보 현장인 정독면 일 때에 적력 2백여명을 배치에 잔의 수세길 지행중이다
p32_u04,p32,avg_ce0.0_ce10.0,사보 현장인 정독면 일 때의 병력 2백여명을 배치에 잔해 수세길 지행중이다
p32_u05,p32,avg_taps_ce0.0,훌년기가 공주 충도한 망편 자에가 광범이 왕했게 표져있을 것으로 투정된다
p32_u05,p32,avg_taps_ce10.0,훌년기가 공질 충도한 만겸 자에가 광범이 왕했게 표져있을 곳으로 추정된다
p32_u05,p32,avg_ce0.0_ce10.0,훌년기가 공주 충도한 만겸 자에가 관범이 왕했게 표져있을 곳으로 추정된다
p32_u06,p32,avg_taps_ce0.0,서고기에 자에도 사고 원인에 중류한 정보을 제응할 수 있어 서 책게 되면 현장을 이선 인시 부존하고 있다
p32_u06,p32,avg_taps_ce10.0,사고기에 자에도 사고원인의 증류한 병보를 제근할 수 있어서 책게 되면 현장을 의선 인시 부존하고 있다
p32_u06,p32,avg_ce0.0_ce10.0,사고기에 자에도 사고원인의 중류한 정보를 제응할 수 있어서 책게 되면 현장을 2선 2시 부존하고 있다
p32_u07,p32,avg_taps_ce0.0,앞써지난 1일 5132본쯤 경남 사청긴군 재0혈년비행단에서 케이티 혈령이기 종대가 혈련 도질 공중에서 칭돌했다
p32_u07,p32,avg_taps_ce10.0,"앞써지난 1일 51섬2은쯤 경남 4,긴군재3혈년 비행단에서 케이티 혈령이기 종대가 혈년 도직 공중에서 칭돌했다"
p32_u07,p32,avg_ce0.0_ce10.0,앞써주한 1일 51섬2본쯤 경남 사청짐군 재산혈년 비행단에서 케이티 혈년기 동대가 혈년 보을 공중에서 칭돌했다
p32_u08,p32,avg_taps_ce0.0,두대에는 학생 조종사 두냥과 pn이 교수 두형된 모두 내명이 덮승했고 당시 비상통최했지만 암타역에도 모두 순직겠다
p32_u08,p32,avg_taps_ce10.0,두대에는 학생 조종사 두명과 비이 교수 두명등 모두 내명이 덮승했고 당시 비상통체했지만 암탈역에도 모두 순직겠다
p32_u08,p32,avg_ce0.0_ce10.0,두대에는 학생 조종사 두명과 비n이 교스 두명된 모두 내명이 덮승했고 당시 비상통최했지만 암탈역에도 모두 순직했다
p32_u09,p32,avg_taps_ce0.0,케이티는 궁네 기슬로 개발된 채초의 국상 혈년 계보 200년 팔월 부터 실점 배칠했다
p32_u09,p32,avg_taps_ce10.0,케이티는 국네 기술로 개발된 채초의 국상 혈령계보 200년 팔월 부터실 점 배치했다
p32_u09,p32,avg_ce0.0_ce10.0,케이티는 궁네 기슬로 개발된 채초의 국상 혈령 계보 200년 팔을 부터실 점 배치했다
p32_u10,p32,avg_taps_ce0.0,영결시은 자일 오장 공군 재상혈한 비행단 안창 남무나 해가내서 비공이개로 고행된다
p32_u10,p32,avg_taps_ce10.0,영결 시은 자일 오정 군군 재상 혈난 비행단 안창 남무화 해간에서 비군이개로 고행이된다
p32_u10,p32,avg_ce0.0_ce10.0,영결 시은 자일 오정 궁군 재상혈량 비행단 안창 남무화 해간에서 비군개로 고행된다
p32_u11,p32,avg_taps_ce0.0,눈석결 대택령 1이선인이 눈석결 정부의 대통 령실 비석관급 호속 인선을 이름며 옮일 발표된다
p32_u11,p32,avg_taps_ce10.0,눈석결 대탱령 편선이인니 눈석결 정부의 대통 령실 비서관급 호속인선을 이름의 옮일 발표된다
p32_u11,p32,avg_ce0.0_ce10.0,눈석결 대통령 변이서인이 눈석결 정부의 대통령실 비석관급 호소 인선을 이름면 옮일 발표된다
p32_u12,p32,avg_taps_ce0.0,은서결 장선인 대전인실 감개점는 빠르년 내일이나 모의 벌표안다며 이번에는 선년으로 벌표할 예정이라고 말했다
p32_u12,p32,avg_taps_ce10.0,민석결 당선인 대변이실 건개자는 빠을면 내이이나 몰의 벌표한다며 이번에는 서면으로 발표할 예정이라고 말했다
p32_u12,p32,avg_ce0.0_ce10.0,눈석결 당선인 대전이실 건개자는 빠르면 내이이나 몰래 벌혀한다며 이번에는 서면으로 벌표할 예정이라고 말했다
p32_u13,p32,avg_taps_ce0.0,앞서 수속개 인사를 장재원 당선인 비서실장이 배지한 극과는 사못 다름 모습이다
p32_u13,p32,avg_taps_ce10.0,앞서 수속급 인사를 장재원 당성인 비서실장이 배져한 겁과는 사못 다름 모습이다
p32_u13,p32,avg_ce0.0_ce10.0,앞서 수속개 인사를 장재원 당선인 비서실장이 배져한 극과는 사못 다름 모습이다
p32_u14,p32,avg_taps_ce0.0,초대 겪정 상황실장에는 대선 캠패이 과정해서 연 당6이 선인의 레지질를 충관했던 한모석천 청화대 선의 행전관이 유력하게 걸론된다
p32_u14,p32,avg_taps_ce10.0,초대 극정 상황실장에는 대선 캠패의 가정에서 연단6천인의 웨지질를 충관했던 한모서천 청화대 손의 행정관이 유력하게 걸론된다
p32_u14,p32,avg_ce0.0_ce10.0,초 기정 상황실장에는 대선 텐패의 가정에서 연단천인의 웨지질를 충관했던 현호서천 청화대 손의 흥전관이 유력하게 걸론된다
p32_u15,p32,avg_taps_ce0.0,정모 수석실 산나 정무 비서관에는 홍지한 전 위원니 홍포 수석실 산나 행코 기획 비사관에는 최영의 동화일보 등국정이 사아 평에 올렀다
p32_u15,p32,avg_taps_ce10.0,정모 수석실 산나 정무 비사관에는 홍지한 전 의원니 홍고 수석실 산나 혈곡 기획 비사관에는 최영의 등화일보 등국정이 사나 평에 올랐다
p32_u15,p32,avg_ce0.0_ce10.0,정모 수석실 산나 정무 비사관에는 홍지만 전 의위원니 흥곡 수석실 산나 훈곡 기획 비사관에는 최영의 등화 일보 등국정이 하나 평에 올랐다
p32_u16,p32,avg_taps_ce0.0,좀률 비사관에는 주짐의 정노사 의점 비사관은 경의밤 당선인 도자야기 사실상 내정일 된것으로 알려졌다
p32_u16,p32,avg_taps_ce10.0,법률 비사관에는 주진의 정노사 의점 비사관은 경미범 당선인 보자야기 사실상 내정인 된것으로 알려졌다
p32_u16,p32,avg_ce0.0_ce10.0,좀률 비사관에는 주진의 정노사 의점 비사관은 귀미범 당선인 보자여기 살실상 내정인 된것으로 알려졌다
p32_u17,p32,avg_taps_ce0.0,앞써 영금 당선 이는 지난 1일 2실5 수석에 대통 영실를 수석급 민선을 별표했다
p32_u17,p32,avg_taps_ce10.0,앞써 유 당선이는 지난 1일 2실5 수석인 대통 영실 수석크 민선을 발표했다
p32_u17,p32,avg_ce0.0_ce10.0,앞서 영 당선이는 지난 1일 2실5 수석의 대통 영실 수석크 민선을 발혀했다
p32_u18,p32,avg_taps_ce0.0,오느 류길일 대통령치인 수 위원에 혈촉시을 앞더 만큼 왼사결 정부의 공식 최범 준비 잡법은 이번주 마머리될 전망이다
p32_u18,p32,avg_taps_ce10.0,오는 류기 대통령지인 술 위원해 헤촉시혜을 앞뜸 만큼 문사결 정부의 공식 최밤 준비 자업은 이번주 마머리될 전망이다
p32_u18,p32,avg_ce0.0_ce10.0,오는 위기 대통령 지긴 수 위원의 헤촉시혜을 앞뜸 만큼 유사결 정부의 공식 출밤 준뒤 자업은 위번주 마무리될 전망이다
p32_u19,p32,avg_taps_ce0.0,공차이 이제 명더불러 민주장 대표의 최츠근인 정진서 민주당 당의 대혀 정로 조장실장에 시보일 소한했다
p32_u19,p32,avg_taps_ce10.0,검찰이 이제 명더불어 민주장 대표의 최측근인 정진선 민주당당히 대혀 정무 조장실장일 시보일 소안했다
p32_u19,p32,avg_ce0.0_ce10.0,검차이 2제 명더불어 민주장 대표의 최측근인 정진상 민주당당의 대혀 정무 조장실장일 시보일 소안했다
p32_u20,p32,avg_taps_ce0.0,야방은 언터리수 사라며 반발했지만 검차른 타야본없다며 이 대혀 주견에 대한 강도 높은 사정을 예고했다
p32_u20,p32,avg_taps_ce10.0,야방은 언터리수 사라며 반발했지만 검차른 타협본 없다며 이 대혀 주견에 대한 강도 높은 사정을 외고했다
p32_u20,p32,avg_ce0.0_ce10.0,야당은 넘터리스 사라며 변발했지만 검차른 타얕본 없다며 이 대혀 주견에 대한 광도 높은 사정을 외고했다
p32_u21,p32,avg_taps_ce0.0,서월 중항지건 밤부 패수사이보는 이월 오전 정실장의 p자 신본으로 불렀다
p32_u21,p32,avg_taps_ce10.0,서월 중항지건 반부 패수사일보는 이월 오전 정실장의 p자 신본으로 불렀다
p32_u21,p32,avg_ce0.0_ce10.0,소월 중항지건 반부 패수사a보는 인널 오전 정실장의 p자신본으로 불렀다
p32_u22,p32,avg_taps_ce0.0,성실장은 서울 소토고 서울 중항지건 로비에 대기중일 치제진을 p에이의 나친 검찰에 추이석했다
p32_u22,p32,avg_taps_ce10.0,성실장은 서울 소투고 서울 중항 지건 로비에 대기중일 치제진을 p에 이은 나친 검찰에 출석했다
p32_u22,p32,avg_ce0.0_ce10.0,정실장은 서울 소토고 서울 중항 지건 로비에 달기중일 치제진을 p에 이은 나친 검찰에 출석했다
p32_u23,p32,avg_taps_ce0.0,검차른 정실장을 상대로 유통이교 전 성남도시 개발 군사 기획 봉도장등에게 근품의 받은 배경등의 캐물의 거스로 알려졌다
p32_u23,p32,avg_taps_ce10.0,검차른 정실장을 상대로 유통이교 전 성남도시 개발 군사 기획 본부장등에게 긴품의 받은 배경등의 캐물의 거으로 알려혔다
p32_u23,p32,avg_ce0.0_ce10.0,검차은 정실장을 상대로 유통이교 전 성남도시 개발 군사 기획 본부장등에게 근품을 받은 배경등의 캐물를 거스로 알려졌다
p32_u24,p32,avg_taps_ce0.0,또 정실장과 긴용 222질 연구한 부원장 유전 분부장등이 대프 측근 사민의 목수로 알려진 대장동수 깨428권에 집은 관계도 직문한 거으로 전해졌다
p32_u24,p32,avg_taps_ce10.0,또 정실장과 긴령 입인주 연공원 부원장 유전 분부장등이 대표 측근 사민의 목수로 알려진 대장동 수의 깨428권에 집은 관계도 질문한 거으로 존해졌다
p32_u24,p32,avg_ce0.0_ce10.0,또 정실장과 긴욕이인주 연공원 부원장 유턴 본부장등이 대표 측근 사민의 목수로 알려진 대장동 수의깨428권에 집은 관계도 직문한 거으로 전해졌다
p32_u25,p32,avg_taps_ce0.0,등탈 관계자매 앞수스색을 통의 유일 위한 내용의 확인냈으며 앞으로도 타합본 없다고 발혔다
p32_u25,p32,avg_taps_ce10.0,금탈 관계자을 앞수스색을 통의 유일 위한 내용이 확인했으며 앞프로도 타협은 없다고 발혔다
p32_u25,p32,avg_ce0.0_ce10.0,금탈 관계자을 앞수스색을 통의 유일 위한 내용의 확인냈으며 앞프로도 타려번 없다고 밝혔다
p32_u26,p32,avg_taps_ce0.0,정실장은 20는 13년에서 220면 동기 청남실 정체 비서관 동기도 정책 신장킬지매며 유 전 본부장등의로 그터 1락 사천 만원을 수수한 현위를 받고있다
p32_u26,p32,avg_taps_ce10.0,정실장년 2013년에서 2020면 경기 청남씨 정책 비서관 경기도 정책신장해 지매면 유 전 본부장등이로 부터 1롭 4천 만원을 수수한 협위를 덮고있다
p32_u26,p32,avg_ce0.0_ce10.0,"정실장은 2,13년에서 2020면 동기 성남시 정책 비서관 동기도 정책신장을 지매며 유 전 본부장등며로 부터 1롭 4천 만원을 수수한 현위를 덮고있다"
p32_u27,p32,avg_taps_ce0.0,또 중과 일날 교사와 북정처사 후술에 붙대 방직법 이반 향리도 받고 있다
p32_u27,p32,avg_taps_ce10.0,또 중가 일말 교사와 부정처사 후술에 부패 방직법 이 반 향이도 받고 있다
p32_u27,p32,avg_ce0.0_ce10.0,또 중과 일날 교사와 북정처사 후술에 부패방직법 이반 향이도 받고 있다
p32_u28,p32,avg_taps_ce0.0,검차른 되망간 쟁실짝신병학포에 나서의 한평 장치적 긴통이 채로 규정한 이 대평에 연로 여부도 수살 것으로 보입다
p32_u28,p32,avg_taps_ce10.0,검차른 되망간 쟁실짝신병확포에 나서을 한평 장치적 경통이체로 규정한 이 대표에 연로 여부도 수살 것으로 보인다
p32_u28,p32,avg_ce0.0_ce10.0,검차른 드망간 쟁실 짝신병학포에 나서을 한평 정치적 경통이채로 규정한 이 대표에 연루 여부도 수살 것으로 보입다
p32_u29,p32,avg_taps_ce0.0,민주당한 범제 현위로 기소된자의 일방덕 진술에만 의주너는 악털리 수사라고 반발했다
p32_u29,p32,avg_taps_ce10.0,민주당은 범제 현위로 기소된자의 일방덕 진술에만 의져나는 악털리 수사라고 반발했다
p32_u29,p32,avg_ce0.0_ce10.0,민주당한 범제 현위로 기소된자의 일방덕 진술에만 의조너는 악털리 수사라고 반발했다
p32_u30,p32,avg_taps_ce0.0,밤명검찰 건계자을 민주당이 아미준 강백신 부장검사를 피일사실을 공표현미로 고의 공직자 번제 수사처의 고발한 데 대해 그체적 근거가 없다며 위감을 놓한했다
p32_u30,p32,avg_taps_ce10.0,밤명금찰 관계자는 민주당이 아미 준 강백신 부장건사를 pa 사실 공표험미로 고의 공직자 병제 수사처에 고발한 데 대해 굳체적 근거가 없다며 유감을 넣한했다
p32_u30,p32,avg_ce0.0_ce10.0,8명검찰 관계자는 민주당이 아미 준 강백신 부장건사를 피의 사실을 금표현이로 9의 공직자 동제 수사처의 고발한 데 대해 구체적 근거가 없다며 위감을 놓한했다
p32_u31,p32,avg_taps_ce0.0,점북 익사한씨는 kt스산6 체도 이용에게 편일를 위해 6골 공령이 주차자 백출시 미면을 조상했다고 십사일 벌켰다
p32_u31,p32,avg_taps_ce10.0,정북 익상한시는 kt스e산력 체또 이용객 편일를 위해 6골 공령이 죽차자 백7시 위면을 조상했다고 쉽사일 밝켰다
p32_u31,p32,avg_ce0.0_ce10.0,정북 익상한 시는 kts산력 체또 이용객 편일를 위해 6골 공령이 주차자 백출시 일면을 조상했다고 쉽사일 밝혔다
p32_u32,p32,avg_taps_ce0.0,이산시는 총사업이 4버거원을 투입에 성학동 8시5시5 이어의 공령주차장을 조성에 욕불 주차장 이용객과 지역 주민들의 편위를 제공염다
p32_u32,p32,avg_taps_ce10.0,이산시는 총사업이 40버거원을 투입에 성학동 8시5시5 이원의 공령주차방을 조성의 욕불 주차장 이용결과 지역 주민들의 편위를 제공압다
p32_u32,p32,avg_ce0.0_ce10.0,익산시는 총사업이 4시버거원을 투입에 총학동 8시5시후 이원의 공령주차장을 조성의 욕골 주차장 이용결과 지역 주민들의 편위를 제공압다
p32_u33,p32,avg_taps_ce0.0,2번공령 주차장 조성을 위해 지난 2020년12월 총학던 역돌지구 잠귀 미집팽시설일 완총독질를 주차점으로 도시 개획시설로 병경했다
p32_u33,p32,avg_taps_ce10.0,2번공령주차장 조성을 위해 지난 2020년12월 총학동 역불지고 잠기 미집팽시설인 완총육독질를 주차장으로 도시 개획시설로 변경했다
p32_u33,p32,avg_ce0.0_ce10.0,2번공령주차장 조성을 위해 지난 2020년12월 총학던 역불지고 잠기 미집팽시설일 완총류독질를 주차자으로 도시 개획 시설로 병경했다
p32_u34,p32,avg_taps_ce0.0,이호지난의 구월의 사옥시행 개획긴과 고시를 통한 전혀부지 레입을 통의 궁사를 집행완려했다
p32_u34,p32,avg_taps_ce10.0,이후 지난의 9월 사옥시행 개획긴과 고시를 통한 전몇부지 메입을 통의 공사를 지행완료했다
p32_u34,p32,avg_ce0.0_ce10.0,이 후 지난의 구월 사옥시행 개획 경과 고시를 통한 전몇부지 메입을 통의 궁사를 지행완료했다
p32_u35,p32,avg_taps_ce0.0,주차장 진의 도로번의 부법 주정 차 방직및 원화한 차량 혈름을 이해 무인 던속카메라를 철치하고 데리 주차 서비스도 같이 지님될 예정이다
p32_u35,p32,avg_taps_ce10.0,주차장 진의 도로번의 풍박 주정차 방지 및 온화람 차량 혈름을 위회 무인 던속카메라를 철치하고 데리 주차 서비스도 갇이지능될 예정이다
p32_u35,p32,avg_ce0.0_ce10.0,주차장 진니 도로변의 풍박 주정차 방직및 온화함 차량 혈름을 위회 무인 던속카메라를 철치하고 데리 주차 서비스도 갇치지는될 예정이다
p32_u36,p32,avg_taps_ce0.0,벽불 주차장은 증공후 물요 개방등 10운년의 거처 사월부터 유려와 추진 등 봉적 임령이대 개획기다
p32_u36,p32,avg_taps_ce10.0,역돌 주차장은 증공후 무료 개방등 1번운년의 거처 사월부터 유려와 추진 등 봉격 운영이대 개획기다
p32_u36,p32,avg_ce0.0_ce10.0,역돌 주차장은 증공후 무요 개방등 1번운영의 거처 사월부터 유려와 추진 등 봉적 운영이대 개획기다
p32_u37,p32,avg_taps_ce0.0,또한 역돌 주차장 분격 의영의 발맞추어 이건의 여합 베생년 정도에 인시 주차장을 동시의 의냥할 방치니다
p32_u37,p32,avg_taps_ce10.0,또한 역벌 주차장 봉격운영의 발맞추어 이견의 요학 배생면 정도의 인시 주차장을 동시 의냥할 방칩니다
p32_u37,p32,avg_ce0.0_ce10.0,또한 역볼 주차장 분격운영의 발맞충어 일견의 여학 배승면 정도의 응시 주차장을 동시 의냥할 방칩니다
p32_u38,p32,avg_taps_ce0.0,익산신의 k이키 스 1산역 주차한 해속뿐만 아미라 모호와된 6색관 죽가지역과 채태한 상관 혈성화 동에 기대하고 있다
p32_u38,p32,avg_taps_ce10.0,익산신의 케이키 액스 1산역 9천한 해속뿐만 아니라 로호아된 역색관 죽어지역과 채태한 상관 혈성화 등에 기대하고 있다
p32_u38,p32,avg_ce0.0_ce10.0,이산신의 케이t 스 1산역 주천한 해속뿐만아미라 로호와된 역색관 죽가지역과 채태한 상관 혈성화 등에 기대하고 있다
p32_u39,p32,avg_taps_ce0.0,중만 8일 1생한 미국 해당대 수직 2창육 수성이기 nt 자시2c1이 공스표의 출락사고시생이가 더섬명 중해 전질6명미고선수 아들의 포함된 거으로 하인댔다
p32_u39,p32,avg_taps_ce10.0,지만 8일 1생한 미국 해병대 수직 2창육 수성기 nn등의 자시2c1이 공수표의 출락사고 희생이가 바섬명중해 전질6명미9선 수막트의 포한된 거으로 하인됩다
p32_u39,p32,avg_ce0.0_ce10.0,주한 8일 발생한 미국 해병대 수직 입창육 수성기 애n등의 자시2c1이 공스표의 출락사고시생가 발섬명 중해 전질6명미고선수 아들의 포한된 거으로 하인됩다
p32_u40,p32,avg_taps_ce0.0,11일 로스랜질 내스 타인스에 따르면 에레이 다져스 선손수이었던 스티의 색스의 아들 좋은 제의 색스의 대위가 2번사보로 사망했다
p32_u40,p32,avg_taps_ce10.0,11일 노스랜질 내스타인스에 따르면 에레이 다져수 선손수이협더 스티브 색스의 아들 좋은 제의 색스의 대위가 2번사고로 사망했다
p32_u40,p32,avg_ce0.0_ce10.0,11일 로스랜질 내스 타인스에 따르면 내레이 다져스 선천수 이협던 스티브 색스의 아들 좋은 제의색스의 대위가 2번사고로 사망했다
p32_u41,p32,avg_taps_ce0.0,제3해정 비행단 소속 오스프리 수송입이는 벨리p니아 주 인페리아의 카원기해서 혈년 도진 출락혀 색수 재위와 수호한 내명이 참망했다
p32_u41,p32,avg_taps_ce10.0,제3해정 비행단 소속 온수표의 수송이기는 텐리포o니아 주 인페리아일 카원티해서 혈년 도진 출락게 색수 재위위와 순호한 내명이 참망했다
p32_u41,p32,avg_ce0.0_ce10.0,제3해병 비행단 소속 온스플리 수송입기는 텔리포니아 주 인페리아를 카원 티해서 혈년 도진 출락해 색수 재위위와 수호한 내명이 참망했다
p32_u42,p32,avg_taps_ce0.0,모스프리는 혈리곱터처럼 수지 기창력하고 20비는 높터를 해전에 비행기처한 고속으로 나라갈 수 영는 항근기다
p32_u42,p32,avg_taps_ce10.0,보수표리는 힌리곱터처럼 수지 기창력하고 이0d에는 높터를 해전에 비행기처럼 고통으로 나라갈 수 있는 항군기다
p32_u42,p32,avg_ce0.0_ce10.0,보스표리는 힌리곱터처럼 수지 기창력하고 20비는 높터를 해전에 비행기처럼 고속으로 나라갈 쓰 없는 항근기다
p32_u43,p32,avg_taps_ce0.0,티브 색스는 어릴 때부터 아들은 조통사가 데려했으며 비행에 아들의 끊이었다며 아들이 내 아들로 분리는 것이 자랑쓰록다
p32_u43,p32,avg_taps_ce10.0,티프 색스는 어릴 때부터 아들은 조통사가 데려했으며 비행에 아들의 끊이었다며 아들이 내 아들로 불리는 것이 자랑쓰롭다
p32_u43,p32,avg_ce0.0_ce10.0,티브색스는 어릴 때부터 아들은 조송사가 되려했으며 비행의 아들의 끊이었다며 아들이 내 아들로 분리는 것이 자랑쓰록다
p32_u44,p32,avg_taps_ce0.0,아들름 나의 영훈이역고 내가 아는 책고의 인물리이라고 시리했을 리스에 발표한 생명에서 밝었다
p32_u44,p32,avg_taps_ce10.0,아들은 나의 영능역고 내가 아는 책고의 인물일라고 시리에을 유스의 발표한 생명에서 발었다
p32_u44,p32,avg_ce0.0_ce10.0,아들은 나의 영우이 역고 대가 아는 책고의 인물이라고 시d에s 뉴스의 발표한 생명에서 발쳤다
p32_u45,p32,avg_taps_ce0.0,티브색스는 1981년부터 1988약가이 에레위 다져스에서 이름수로 하약하며 원드시리주의 두차에 진출했다
p32_u45,p32,avg_taps_ce10.0,티브 색스는 1981년부터 19886가지 에레이 다져스에서 이루수로 화력하며 원드시리즈의 두차에 진출했다
p32_u45,p32,avg_ce0.0_ce10.0,티브 색스는 1981년부터 1988년가이 에레이 다져스에서 이름수로 하약하며 원드시리주의 두차에 진출했다
p32_u46,p32,avg_taps_ce0.0,경풍 영6철신을 221년 하방기 고능위 67점3포센로 자년 영속 경북시 가운데 일리를 차지한 것으로 도사했다
p32_u46,p32,avg_taps_ce10.0,경풍 영철신을 20201며 하방기 고용률 67점3포센로 자년 영속 경북시 가운데 이리를 차지한 것으로 도사했다
p32_u46,p32,avg_ce0.0_ce10.0,경부 영천신을 20201며 하방기 고륭및 67점3포센로 사년 영속 경북시 가운데 이리를 차지한 것으로 도사했다
p32_u47,p32,avg_taps_ce0.0,지한 2집비일 통계청의 발표한 20201면 하방기 지역별 고용조사에서 영천시 치협자수의 영만 위행면 공용류를 27점3포센로 전년 동기 노다 영성 기퍼센 상승했다
p32_u47,p32,avg_taps_ce10.0,지난 201일 통계청의 발표한 20201면 하방기 지역별 고용조사에서 영천시 치협자스을 영만 이행면 공용류은 27점3포센로 전년 동기모다 영정 기퍼센트 상승했다
p32_u47,p32,avg_ce0.0_ce10.0,지난 201일 통계청의 발표한 20201면 하방기 지역별 고용조사에서 영천시치협자스을 영만 이행면 공용류은 27점3포센로 전년 등기모다 영정 기퍼센트 상승했다
p32_u48,p32,avg_taps_ce0.0,시럼 유은 1점9퍼센로 전년 동기보다 영점 패퍼 하락해 코론나 일국 고용 위익기 속에서도 읽자리 창출성과를 대성하 고으로 나왔다
p32_u48,p32,avg_taps_ce10.0,시럼 유은 1점9퍼센로 전년 동기모다 영점8퍼 하락해 코론나 일그 고용 유익기 속에서도 일자리 창출성과를 되성할 고으로 나왔다
p32_u48,p32,avg_ce0.0_ce10.0,시럼 유은 1점9퍼센로 전년 동기보다 영점 패퍼 하락해 코론나 일그 고용 유익기 속에서도 인자리 청출숨과를 되성할 고으로 나왔다
p32_u49,p32,avg_taps_ce0.0,모든 년일령층에서 고욕률 창송세를 보였으며 특히 청년 층 고용류은 병중이또 내시 강음데 4점7파센트라는 채고수치를 기록겠다
p32_u49,p32,avg_taps_ce10.0,모든 연령층에서 고욕률 창송세를 보였으며 특히 창년 층 고용류은 경국또 내시 강음데 4점7파센트라는 채고수치를 기록겠다
p32_u49,p32,avg_ce0.0_ce10.0,모든 연령층에서 고용률 창송세를 보였으며 특히 청년층 고용류은 경빙또 내시 강음대 4점7파재트라는 최고 수치를 기록겠다
p32_u50,p32,avg_taps_ce0.0,또 20211년 상당기 대비 고용류를 1점3파에던 상형숨했고 씨럼네또 영점3파센 상숨했다
p32_u50,p32,avg_taps_ce10.0,또 2020년 상당기 대비 고욕류를 1점3파에은 상숭했그 시럼위또 6점3파센 상숭했다
p32_u50,p32,avg_ce0.0_ce10.0,또 2021년 상당기 대비 고욕류를 1점3파에은 상승했그 시럼위또 6점3파 상승했다
p32_u51,p32,avg_taps_ce0.0,이는 영찬시가 어려운 엿번 소에서도 다양한 일자리 사업과 적격적인 기협 지원 정책을 시행한 색과한 엎타난 거으로 보고있다
p32_u51,p32,avg_taps_ce10.0,이몇 명천시가 어려운 역번 속에서도 다양한 일자리 사업과 적격적인 기협 지원 정책을 시행한 색과가 나타난 거으로 복고있다
p32_u51,p32,avg_ce0.0_ce10.0,이몇 영천시가 어려운 역번 속에서도 다양한 일자리 사업과 적격적인 기협지원 정책을 시행한 했과가 나타난 거으로 복고있다
p32_u52,p32,avg_taps_ce0.0,영천시는 경복도에서 주관한 2020일냐 2자리 창취 추진 실적 청가에서 체우 수상을 수상에 2년 연속 우수 기관으로 선성겼다
p32_u52,p32,avg_taps_ce10.0,영천시는 경북도에서 주관한 202년 2자이 창취 출진실적 평가에서 세우 수상을 수상에 2년연속 우소 기관으로 선성했다
p32_u52,p32,avg_ce0.0_ce10.0,경천시는 경북도에서 주관한 2021년 2자이 창취 출신실적 평가에서 체우 수상을 수상에 2년 연속 우수 기관으로 선정했다
p32_u53,p32,avg_taps_ce0.0,해양 필나스티 자원 수나 사업을 버리고 있난 여수 광량 항만 공사는 부둔의 차량 차부 예방의 위해 차선 교재분록 백개를 제작했다고 십사일 밝켰다
p32_u53,p32,avg_taps_ce10.0,해냥 페나스티 자원 수한 사업을 버리고 있는 여수 광량 항만 공사는 부둔의 차량 사보 예방의 위해 차선 교제 분너 백개를 제작겠다고 십사일 밝켰다
p32_u53,p32,avg_ce0.0_ce10.0,행냥필나스티 자원 수나 사업을 버리고 있난 여수 강량 항만 공사는 부둔의 차량 차부 예방의 위해 차선 교재 분로 백개를 제작했다고 십사일 밝켰다
p32_u54,p32,avg_taps_ce0.0,여수 강령 한능황 군사에 따르면 플라스티으로 제작된 차송 교째 불력을 강양한 t이 a이티 부둔와 지 w블리c티 부둔의 친돌를 사고 위영 두단의 설치했다
p32_u54,p32,avg_taps_ce10.0,여수 강령 한황 공사에 따르면 플라스티으로 제작된 차선 교째 불러을 강양함 k이a이티 보둔와 지wct부둔의 칭돌 새하고 위영부간의 설치했다
p32_u54,p32,avg_ce0.0_ce10.0,여수 광양 한능 공사에 따르면 플라스티으로 제작된 차선 교째불러을 광양함 t이 a이티 부둔와 gw리ct 부둔의 칭돌 사고 위영두간의 설치했다
p32_u55,p32,avg_taps_ce0.0,공사에전을 행향플라스티 수감리 자원 수원 사업을 추지내의면서 선박의 고정안을 받을과 일반 플라스티 등의 화용할 미사이킬 재품제작에 고민해왔다
p32_u55,p32,avg_taps_ce10.0,공사에선을 행향 필라스티스가및 자원 수원 사업을 추지 내우면서 선박을 고정하는 바을과 일반 필라스티등의 화용한 미사이킬 재품제작에 고민해왔다
p32_u55,p32,avg_ce0.0_ce10.0,경사일 전을 행향필라스티수가 미 자원 수원 사업을 추지내우면서 선박을 고정하는 바질과 일반 필라스티 등의 화용할 미사이킬 재품 대작에 구민해왔다
p32_u56,p32,avg_taps_ce0.0,이 과정에서 부두내에서 참을차의 이향 군로자 일령 피회가 자주 발생한다는 거세 차간에 타형 교째불러그일 제작하게 될다
p32_u56,p32,avg_taps_ce10.0,이 과정에서 부두내에서 참을차의 이향 군로자 인명 피회가 자주 발생한다는 거세 차간에 차형교제불러을 제작하게 될다
p32_u56,p32,avg_ce0.0_ce10.0,이 과정에서 부두내에서 삶을차의 의향 글로자 일령 피회가 자주 발생한다는 거세 차간에 타생 교제불러을 제작하게 될다
p32_u57,p32,avg_taps_ce0.0,체군내의 해양 플러스티 리사이트 왕단을 화용한 유령 패션 브랜드 재품들이 투시 대는등 성국적으로 이 사업의 인령중에 있다
p32_u57,p32,avg_taps_ce10.0,체군내는 해양 플라스티 리사이트 원단을 화용한 유명 패션 브렌드 재품들이 출시 대는 등 성구적으로 이 사업이 인령중에 있다
p32_u57,p32,avg_ce0.0_ce10.0,체군내의 해양 플라스티 리사이티 원단을 화용한 유령 패션브렌드 재품들이 출시 대는 등 성구적으로 이 사업이 인령중에 있다
p32_u58,p32,avg_taps_ce0.0,박성년 여수 광령 항만 공사 사장은 해양 필라스티 리사이킬 차선 계제 불러은 학만내 글로자들의 안전과 해양 환경해 동시에 지킬수 있지면 a위 있는 재은 이라고 강조했다
p32_u58,p32,avg_taps_ce10.0,박성년 여수 광령 항망 궁사사장은 해양 플라스티 리사이킬 차선 교제 불러은 학만네 글로자들의 앉정과 해양 환경을 동시에 지킬 수 있는 의리 있는 재은이라고 강조했다
p32_u58,p32,avg_ce0.0_ce10.0,박성년 여수 광량 항만 공사사장은 해양 플라스티 리사이킬 차선 계제 불러은 항만네 근로자들의 앉정과 해양 환경킬 통시에 지킬쓰 있지는 엘리 있는 재은이라고 강조했다
p32_u59,p32,avg_taps_ce0.0,불라티리를 프틀노시아 대통령행 9일 전인승이절 행위사해서 의크라이나 점쟁의 2차대전의 연장이명 의끄라이나 군는 낮질한 서비 주장의 단복했다
p32_u59,p32,avg_taps_ce10.0,플라티리를 프틀 노시아 대통령행 9일 전승의절 행사에서 의크라이나 전쟁이 2차대전의 연장이면 의끄라이나 군는 나치한 서비 주장의 담복했다
p32_u59,p32,avg_ce0.0_ce10.0,플라티리를 프틀 노시아 대통령행 9일 전승의절 행사에서 의크라이나 전쟁의 2차대전의 연장이며 의크라이나 군는 나질함 허비 주장의 담복했다
p32_u60,p32,avg_taps_ce0.0,불금 광장에서 연린 행사 연설에서 푸티는 서방이 롱시야 치공일 준비했다며 군사작조는 부의갖피아고 시 적절하며 적화한 결정이었다고 주장했다
p32_u60,p32,avg_taps_ce10.0,불근 광장에서 연린 행사 연설에서 투티는 서방이 롱시야 친공을 준비했다며 군사잡조는 불값피하고 시의 적절하며 적학한 결정이었다고 주장했다
p32_u60,p32,avg_ce0.0_ce10.0,불근 광장에서 연린 행사 연설에서 푸티는 서방이 롱시야 친공을 준비했다며 군사작조는 불값히하고 시의 적절하며 적학학한 결정이었다고 주장했다
p32_u61,p32,avg_taps_ce0.0,그착 상 태에빠지 우게라이나 존쟁을 태났친 명분을 내세워 정당한 활련의 이도로 보인다
p32_u61,p32,avg_taps_ce10.0,교착 상태에빠지 의크라이나 존쟁을 텔나친 영분을 내체워 정당한 하련에 이도로 보인다
p32_u61,p32,avg_ce0.0_ce10.0,교착 상태에빠지 의게라이나 전쟁을 텐나친 영군을 내체워 정당한 하련에 이도로 부인다
p32_u62,p32,avg_taps_ce0.0,행사의 맞처 러시아고는 우크라이나 마이 우크의 아주 우스텔 제철소에 폭격을 제개했다
p32_u62,p32,avg_taps_ce10.0,행사의 맞처 로시아후는 우크라이나 마이 우큰의 아두 우스할 제철소에 폭격을 제개했다
p32_u62,p32,avg_ce0.0_ce10.0,행사의 맞처 러시아후는 우크라이나 마이 우군의 아주 우스할 제철수에 폭격을 제개했다
p32_u63,p32,avg_taps_ce0.0,러시아는 나치 독길이 향복한 이 날을 국가적 행사로 기념하고 있으나 포티는 일을 정치행사로 이용에 왔다
p32_u63,p32,avg_taps_ce10.0,로시아는 나치 독길이 항복한 이 날을 국가적 행사로 기명하고 있으나 포티는 1을 정치행사로 이용해 못다
p32_u63,p32,avg_ce0.0_ce10.0,러시아는 나치 독길이 향복한 이 날을 국가적 형사로 기명하고 있으나 포티는 1을 정치행사로 이용해 못다
p32_u64,p32,avg_taps_ce0.0,입번에도 그는 로시아의 생위를 만세를 였치며 전쟁의 끝낮지 않았다는 맺시질를 통의 공민지시를 깨어내려했다
p32_u64,p32,avg_taps_ce10.0,위번에도 그는 로시아의 생위를 만세를 였치며 존쟁의 끝나지 않았다는 맺시질를 통의 공민지시를 깨로내려했다
p32_u64,p32,avg_ce0.0_ce10.0,이번에도 그는 로시아의 생위를 만체를 였치며 전쟁의 끝나지 않았다는 맺시질를 통의 공밀지시를 결로내려했다
p32_u65,p32,avg_taps_ce0.0,이의 전렌숙히 이교하에나 대통령은 낮치 본재를 따라하는 프티을 실패할 것이라고 묶소리를 높었다
p32_u65,p32,avg_taps_ce10.0,이의 전렌 숙히 일결하이나 대통령은 낮치 본재를 따라하는 프티을 실패할 것이라고 목소리를 높혔다
p32_u65,p32,avg_ce0.0_ce10.0,이해 전렌숙히 의결하이나 대통령은 낮치 본재를 따라하는 프티을 실패할 것이라고 목소리를 높혔다
p32_u66,p32,avg_taps_ce0.0,2번 정승이이절 행사하는 70 넘께 계습때면 우교라이나 전쟁의 형배를 결을 행사로 전세개 주목을 받았다
p32_u66,p32,avg_taps_ce10.0,2번 종승이절 행사는 70일 넘께 계습되는 우키라이나 존쟁의 형대를 가을 행사로 존세계 주목을 받았다
p32_u66,p32,avg_ce0.0_ce10.0,2번 정승이절 행사는 70 넘께 계습되는 우교하이나 전쟁의 형대를 결을 행사로 존세에 주목을 받았다
p32_u67,p32,avg_taps_ce0.0,소심만 프티은 질약 정당하에 연설의 많을 시간을 하래하면서 당초 예상과 단리 특별한 맺지지는 내지 않았다
p32_u67,p32,avg_taps_ce10.0,퍼지만 프티는 친약 정당하에 연설의 많은 시간을 하래하면서 당초 예상과 단린 특별한 맺티지는 내지 않았다
p32_u67,p32,avg_ce0.0_ce10.0,화시만 프티는 친약 정당하에 연설의 많은 시간을 하례하면서 당초 예상과 단린 특별한 매지는 내지 않았다
p32_u68,p32,avg_taps_ce0.0,폭티위 지금까지의 재한전이 아닌 점면전을 선원하고 국가 동활 령일 내를 경우 상망은 통제불능에 빠져될 수도 있썼다
p32_u68,p32,avg_taps_ce10.0,프티의 지은까지의 재한전니 아닌 점면전을 선원하고 국가 동활 령을 내일 경우 상망은 통제불능에 빠져될 수도 있었다
p32_u68,p32,avg_ce0.0_ce10.0,프티의 지금까지의 재한전니 아닌 점면전을 선원하고 국가 동원 령을 내를 경우 상망은 통제불능에 빠져될 수도 있썼다
p32_u69,p32,avg_taps_ce0.0,물론 폭힌을 유전또시 사하지 않나 의크하이나 사태가 장기 환하의 부란감은 여전나다
p32_u69,p32,avg_taps_ce10.0,물름프티는 휴전또시사아지 않아 우크락이나 사태가 장기 환할 부란감은 며전나다
p32_u69,p32,avg_ce0.0_ce10.0,물론프티는 휴전또시 사아지 않나 우크랑이나 사태가 잠기환할 부란감은 여전나다
p32_u70,p32,avg_taps_ce0.0,특히 서방도 물러서지 않고 제제 강돌를 높히가 있어 언제든 상황은 악화할 수 있다
p32_u70,p32,avg_taps_ce10.0,특히 서방도 물러 서지 않고 제제 강돌를 높히가 있소 언제든 상황은 악화할 수 있다
p32_u70,p32,avg_ce0.0_ce10.0,특히 서방도 물러 서지 않고 제제 강돌를 높이가 있소 언제든 상황은 악화할 수 있다
p32_u71,p32,avg_taps_ce0.0,조요 취개 급 점상들은 하u서 로시아사 원요 겸수를 약독택군 유럼 년나번히 그체정 논니에 되어간 상태다
p32_u71,p32,avg_taps_ce10.0,주요 7계국 정상들은 한u써 로시아산 원요 겸수를 약촉했그 유럼 연나번니 듣체정 논니에 들어간 상태다
p32_u71,p32,avg_ce0.0_ce10.0,주요 칠개 극 정상들은 한앞써 로시아사 원요 금수를 약독했그 유럼 연나번니 듣체정 논니에 들어간 상태다
p32_u72,p32,avg_taps_ce0.0,표지만 이후는 분령치 않으나 실패를 용인하지 않는 부티이 점면장 카을를 꺼내지 않으면서 당장 주병국 황전된체약기 상황한 피할 수 있게 되했다
p32_u72,p32,avg_taps_ce10.0,표지만 이후는 분명치 않으나 실패를 용이나지 않는 부티이 점면장 카절를 꺼내지 않으면서 당장 주병국 황전등 채하기 상황한 피할 수 있게 되였다
p32_u72,p32,avg_ce0.0_ce10.0,표지만 이후는 분명지 않으나 실패를 용이나지 않는 부티이 점면잔 카들를 꺼내지 않으면서 당장 주병국 황전등 체하기 상황연 피할 수 있게 대했다
p32_u73,p32,avg_taps_ce0.0,처방 견재를 위한 했 전쟁 지 통제기의 공계도 기상 악화를 위유로하지 않았다
p32_u73,p32,avg_taps_ce10.0,처방 견재를 위한 획전쟁 지의 통제기의 공계도 기상 악화를 유로 하지 않았다
p32_u73,p32,avg_ce0.0_ce10.0,처방 견재를 위한 획 전쟁 지의 통제기 군계도 기상 악화를 이유로 하지 않았다
p32_u74,p32,avg_taps_ce0.0,토티의 초을 절약착기로 해섯가귀 일에지만 그를 가능이성이 생긴 공망해도 경정적이다
p32_u74,p32,avg_taps_ce10.0,토팀의 철을 절약착기로 해섯가기 일르지만 그를 가능성이 생긴 공만해도 경정덕이다
p32_u74,p32,avg_ce0.0_ce10.0,프티의 철을 절약착기로 해섯 가기 일을지만 그를 가능성이 생긴 공만해도 경정절기다
p32_u75,p32,avg_taps_ce0.0,서불은 기대를 할것은 아니나 우크라이나 사태의 봉기점이 마련되었으며 하는 바랍니다
p32_u75,p32,avg_taps_ce10.0,서불은 기대를 할것은 아니나 의크라이나 사태의 봉기점이 마련되었으며 하는 바랍니다
p32_u75,p32,avg_ce0.0_ce10.0,서불은 기대를 할것은 나니나 의크라이나 사태의 봉기점이 마련되었으며 하는 바랍니다
p32_u76,p32,avg_taps_ce0.0,식당에서 덮자이 스럴질 신종지 환자의 신장의 다식띠기에 한 신인 들에게 소방의 합을 세의 벌을 수야했다
p32_u76,p32,avg_taps_ce10.0,식당에서 법자기 스월진 신종지 환자의 신장의 다식띠기에 한 신인들에게 소방의 합을 세의 버을 수여했다
p32_u76,p32,avg_ce0.0_ce10.0,식당에서 덮자이 쓰러진 신종지 환자의 신장의 다식띠게 한 신인들에게 소방의 합트 세의 버을 쓰여했다
p32_u77,p32,avg_taps_ce0.0,동주 광산 소방서는 청경왕 긴년수 긴경 미시에게 협틀 세일보 인쟁서와 배치를 씨해했다 보 싶7를 밝켰다
p32_u77,p32,avg_taps_ce10.0,광주 광산 소방서는 청경왕 긴면수 긴경 메시에게 협튼 세이어 인증서와 1치를 쓰여했다고 17를 밝켰다
p32_u77,p32,avg_ce0.0_ce10.0,경주 광산 소방서는 청경왕 귀면수 공경 메시에게 협틀 세이어 인증서와 배치를 쓰회했다고 17를 밝혔다
p32_u78,p32,avg_taps_ce0.0,파트세이버은 신정지 또맨호협 정지로 생사의 결리길에 천 인급판자를 신패 소생수등 적격적이 인격첫치롱 책력할 구원 사람에게 일증서를 쓰요하는 제도다
p32_u78,p32,avg_taps_ce10.0,하트세이버은 신정지 또낸 호급 정지로 생사의 결린길에 1 인급한자를 심패 소생술등 적극적이 인급첫치롱 생령을 구한 사람에게 인증서을 쓰요하는 제도다
p32_u78,p32,avg_ce0.0_ce10.0,하터세이버은 신정지 또는 호협 정지로 생사의 결리길에 천 인급한자를 심패 소생술등 적택적인 인급첫치롱 책려회 구한 사람에게 일증서를 쓰요하는 제도다
p32_u79,p32,avg_taps_ce0.0,이들은 지난에 12월19일 은남동에 할 식당에서 신인이 쓰어진 것을 보고 실속학에 일일곱에 신공하고 신패 소생수를 실쉬했다
p32_u79,p32,avg_taps_ce10.0,이들은 지난에 12월 19일 은남동일 할 식당에서 시민이 쓰어진 것을 불고 신속밖에 일린구에 신공하고 심패 소생수를 실쉬했다
p32_u79,p32,avg_ce0.0_ce10.0,이들은 지난에 12월19일 은남동에 할 식당에서 시민의 쓰어진 것을 불고 실속파에 일리곱에 신공하고 심패 소생수를 실쉬했다
p32_u80,p32,avg_taps_ce0.0,신골를 받고 도착행 그급되는 제체봉기 신씁및 조물 소생수를 지행했고 생장에서 접발 수난 해복대 번원 이승댔다
p32_u80,p32,avg_taps_ce10.0,신골를 받고 도착행 그급되는 제체동기 실시및 조물 소생수를 지행했고 현장에서 절발쓰난 해복되 평원 이승댔다
p32_u80,p32,avg_ce0.0_ce10.0,신골를 받고 도착한 그급되는 제체봉기신시및 점물 소생출를 지행했고 현장에서 절발쓰난 회복대 방원 이승했다
p32_u81,p32,avg_taps_ce0.0,성경한 씨는 사람이 스어지는 소리를 듣고 긴간 분명적으로 응직곁던 끝 곁다며 한 생이령의 구활 수 있어서 변행이다고 말했다
p32_u81,p32,avg_taps_ce10.0,성경할 지은 사람이 스어지는 소리를 듣고 긴간 분맹적으로 음직였던것 걷다며 한 생명에 구활수 있어서 다인이다고 말했다
p32_u81,p32,avg_ce0.0_ce10.0,성경한 지은 사람이 쓰어지는 소리를 듣고 긴간 분맹적으로 음직겼던것 같다며 한 생명에 구활 수 있어서 다행이다고 말했다
p32_u82,p32,avg_taps_ce0.0,3편 지난의 광산 소방서 하투 세이 변은 소방공무한 자시6명 1반의 다섬 명우로 총 여람 명의 신장을 다시띠게 만들롭다
p32_u82,p32,avg_taps_ce10.0,3편 지난의 광산 소방서 하트세이거은 소방경모원 자명명 1반이 다섬 명우로 총 연한 명의 신장을 다십1게 만더롭다
p32_u82,p32,avg_ce0.0_ce10.0,3편지난의 광산 소방서 하트째이버은 소방 공모원 자6명 1반인 다섬명우로 총 연람 명의 신장을 다십띠게 만들롭다
p32_u83,p32,avg_taps_ce0.0,아시아와 유럽을 교장 빨리 있는 유럽 대피 항긴서 피레어가 20231 11부터 20 혈씨히 노선을 중치례로 증편 운항현다고 발쳤다
p32_u83,p32,avg_taps_ce10.0,아시아와 유럽을 결장빨리 있는 유럽 대피 항긴사 피내어가 2023년11부터 일천 행식키 노선을 주치례로 증편 온항환다고 발쳤다
p32_u83,p32,avg_ce0.0_ce10.0,아시아와 유럽을 교장빨리 있는 유럽 대표 항긴사 필레어가 2023년1일부터 일천 텐씬키 노선을 주치례로 증편 온항한다고 발쳤다
p32_u84,p32,avg_taps_ce0.0,19일 피내어에 따르면 20 해시키 노서는 인천국제 공향에서 매일 23시5번출발에 해시키 반타 국제 공향의 5전 연시5분 독착간다
p32_u84,p32,avg_taps_ce10.0,시9일 피내어에 따르면 인천 해시키 노서는 인천국제 관향에서 매일 23우본7발의 해시키 반타 국제군향의 5전 여시 5분 도착한다
p32_u84,p32,avg_ce0.0_ce10.0,시9일 편내어에 따르면 2천 헤시키 노서는 인천국제 군향에서 매일 235번출발에 헤시키 반타 국제군향의 5전 여시 5분 도착한다
p32_u85,p32,avg_taps_ce0.0,해장 노선에는 피내여 체신 항응히 굴종이자 탄소 절관에 기역할 수 있는 a35이 투입됩다
p32_u85,p32,avg_taps_ce10.0,해장 노산에는 피내여 체신 항응 귀종이자 한소 절감에 기역할 수 있는 a35이 트입된다
p32_u85,p32,avg_ce0.0_ce10.0,해장 노선에는 피내여 체신 항공 굴종이자 탄소 절감에 기역할 수 있는 a35이 트입된다
p32_u86,p32,avg_taps_ce0.0,필내양오는 이와 함께 공네 여안니게 여행이사와 섬력해 분시지으럽 팔일 여행 상풍을 선풍인다
p32_u86,p32,avg_taps_ce10.0,피내영오는 이와 함께 궁네 여안니게 여행이사와 섬력해 풍교오럽 8일 여행 상풍을 선풍인다
p32_u86,p32,avg_ce0.0_ce10.0,필레영는 이와 함께 공네 여안니의 여행사와 섬력해 풍시지오럽 8일 여행 상풍을 선풍인다
p32_u87,p32,avg_taps_ce0.0,여엘객들은 여행직까지 인천 해신 킬필내 직창편을 이용에 최적한 비행의 즐긴 수 있다
p32_u87,p32,avg_taps_ce10.0,여행객들은 여행직까지 인천 해씬킬필해의 지창변을 이용에 해적한 비행을 즐긴 수 있다
p32_u87,p32,avg_ce0.0_ce10.0,여행객제를 여행직까지 인천 해씬킬 필내 주항변을 이용에 쾌적한 비행을 즐긴 수 있다
p32_u88,p32,avg_taps_ce0.0,해당 상품일정에는 오로아왔튼과 부거히 열차합승등 부크관에서 즐개 수 있는 이색적인 경험이 포한된다
p32_u88,p32,avg_taps_ce10.0,해당 상품일장에는 오로라왔팀과 북끄 열차타승등 북크권에서 즐길 수 있는 이색적인 경험이 포함된다
p32_u88,p32,avg_ce0.0_ce10.0,해당 상품일정에는 오로라원 등과 부의 열차합승등 북크권에서 즐길 수 있는 이색적인 경험이 포함된다
p32_u89,p32,avg_taps_ce0.0,토골랜 노를 외위등 주요 토유럽 국가의 지중의 여유로의 일정의 고상하 것또한 장점니다
p32_u89,p32,avg_taps_ce10.0,토골는 노르 외위등 주요 통교럽 그가의 지중의 여유로운 일정의 구상하것또한 장점니다
p32_u89,p32,avg_ce0.0_ce10.0,토골는 노의 외위등 두요 통교럽 그가의 지중의 여유로운 일정의 구상하것또한 장점니다
p32_u90,p32,avg_taps_ce0.0,특히 북근 영행에서 가장 연명한 포로계레및 오도랑원텐는 노를 왜의 트롬세에서 진행된다
p32_u90,p32,avg_taps_ce10.0,특히 북근 여행에서 가장 연명한 포로괴레민 오도라원텐는 노를 왜의 트롬세에서 지행된다
p32_u90,p32,avg_ce0.0_ce10.0,특히 북근 여행에서 가장 연명한 포로괴레민 오루라혼텐는 노를 왜의 트롱세에서 진행된다
p32_u91,p32,avg_taps_ce0.0,트름새의 온로라를 불수 있는 가장 대혀적인 도시로 변울에도 상대적으로 추지 않나 많은 여행에게 사랑의 번는 곳이다
p32_u91,p32,avg_taps_ce10.0,트름새의 은로라를 분수 있는 가장 대혀적인 도시로 교울에도 상대적으로 추지 않나 많은 여행계게 사랑을 받는 곳이다
p32_u91,p32,avg_ce0.0_ce10.0,토름새는 은로라를 분수 있는 가장 대혀적인 도시로 겨울에도 상대적으로 투지 않나 많은 여익에게 사랑을 받는 곳이다
p32_u92,p32,avg_taps_ce0.0,해당 상포은 궁네 부교럽 상품을 판매하는 여행사을 당해 2028년 3월 말까지 예양및 군의 가능하다
p32_u92,p32,avg_taps_ce10.0,해당 상품은 궁네 부교럽 상품을 판매하는 여행사를 동해 2028년 3월 말까지 예양및 구에 가능하다
p32_u92,p32,avg_ce0.0_ce10.0,해당 상포은 궁네 부교럽 상품을 판매하는 여행사를 더해 2028년 사월 말까지 예양및 구에 가능하다
p32_u93,p32,avg_taps_ce0.0,핑내와 항국지사장 긴동안는 맨대 입과 교회 방약 성수 2c입버 20혈시히 노선 주치일 은향의 제개하게 대 묶척 기부다
p32_u93,p32,avg_taps_ce10.0,핑내와 현국지사장 긴동안는 애대 미과 개월 방학 성수의 위신입어 인천혈씨키 노선 증우 치일 은향의 제개하게 대 묻척 기불다
p32_u93,p32,avg_ce0.0_ce10.0,핑내와 현국지사장 긴동안는 렌대 미과 결울 만학 성수 2s2버인천엘씨히 노선 증우 7일 은향의 제개하게 대 무척 깃불다
p32_u94,p32,avg_taps_ce0.0,앞프로도 더 많은 수개에게 아시아와 유럽을 있는 풍인할은 내트 억혀를 제응할 수 있도록 노력 가겠다고 말했다
p32_u94,p32,avg_taps_ce10.0,앞프로도 더 많은 순계에게 아시아와 유럽을 있는 풍날은 레트 어혀를 제응할 수 있도록 노력하겠다고 말했다
p32_u94,p32,avg_ce0.0_ce10.0,앞p로도 더 많은 소계계게 아시아와 유럽을 있는 풍날은 내트 어혀를 제금할 수 있도록 노력하겠다고 말했다
p32_u95,p32,avg_taps_ce0.0,긍륭 겸도관위에 상옥 근의 관에 과도한 수실 경쟁자재를 요구하고 나었다
p32_u95,p32,avg_taps_ce10.0,긍눈 감도관이 상옥 근능관에 과도한 수신 경쟁자재를 요구하고 나섰다
p32_u95,p32,avg_ce0.0_ce10.0,금눈 감도관위 상옥 금능관에 과도한 수신 경쟁자재를 요구하고 나섰다
p32_u96,p32,avg_taps_ce0.0,체경 일부 상은 근능권에 특판 과정에서 조업실수로 발생한 과다판매를 겨향한 조치다
p32_u96,p32,avg_taps_ce10.0,세건 일부 상우 금능권에 특판 과점에서 조앞실 수로 발생한 과답 판매를 겨향한 조치다
p32_u96,p32,avg_ce0.0_ce10.0,7건 일부 상을 금능권에 특판 가점에서 조업실 수로 발생한 과다판매를 겨향한 조치다
p32_u97,p32,avg_taps_ce0.0,또 과도한 뉴치 경쟁은 저치 유렁성 건정성 문재로 번들수 있다고 판단했다
p32_u97,p32,avg_taps_ce10.0,또 과도한 6치 경쟁은 자치 유렁성 건정성 문재로 번될수 있다고 판단했다
p32_u97,p32,avg_ce0.0_ce10.0,또 과도한 6치 경쟁은 자침 유렁성 건정성 문재로 번될 수 있다고 판단했다
p32_u98,p32,avg_taps_ce0.0,등감원은 십사일 상우 금림관 국금리 택판 매부통이제일 사랑 점강 감단외를 열고 이같이 당도했다고 밝혔다
p32_u98,p32,avg_taps_ce10.0,금감원은 십사일 상우 금명관 국금니 특판 내부통제일 사앙 조경감다매를 열고 이같이 당도했다고 밝켰다
p32_u98,p32,avg_ce0.0_ce10.0,금감원은 십사일 상우 금명관 국금리 특판 내부통제 선앙 점경관다내를 열고 이같이 당도했다고 밝혔다
p32_u99,p32,avg_taps_ce0.0,일는 없서 경남의 한 지역 특산 농역과 경복 경이주의 지형노이 이에서 발생할 사고에 대화 수속조치다
p32_u99,p32,avg_taps_ce10.0,1는 없서 경남의 한 지역 특산 농렵과 경복 경이주의 지영로이 이에서 발생할 사고에 대항 수속조치다
p32_u99,p32,avg_ce0.0_ce10.0,이는 업서 경남의 한 지역 특산 농렵과 경복 경이주의 지영로이 일에서 발생가 사고에 대어 수속조치다
p38_u00,p38,avg_taps_ce0.0,파이자의 코로나 일고 먹는 지요째 삭스로 비들 약 3 400령분이 20사 국내에 추가로 들러운다
p38_u00,p38,avg_taps_ce10.0,"바이자의 코러나 일고 먹는 치요째 착스로비드 약 3 4,0명분이 2사 공회에 추아로 들러운다"
p38_u00,p38,avg_ce0.0_ce10.0,"바이자의 코러나 1고 먹는 치요째 확스로 비드 약 3 4,0 명분이 이0사 공매에 취가로 들러운다"
p38_u01,p38,avg_taps_ce0.0,1병관리청은 23일 정네 브리친을 통해 화루 디 24일 날 121분 인총공황을 통에 작스로 비득 추가 울량이 도착할 예정이라고 빕었다
p38_u01,p38,avg_taps_ce10.0,실병건리청은 203일 정네 브리층을 통해 하루 뒤인 204일 날 1두시1분 인총공황을 통에 학스로피듯 추감 울량이 도착할 내정이라고 밝혔다
p38_u01,p38,avg_ce0.0_ce10.0,실병관리청은 203일 정네 브리층을 통해 사루 뒤인 204일 날 1두10분 인총공황을 통에 착스로피듯 추가 울량이 도착할 내정이라고 밝혔다
p38_u02,p38,avg_taps_ce0.0,위에 따라 공네의 남은 파스로비이 영말 1천량이 분에 시가 도의 물량을 헛치면 모두 1 5참량이 분으로 늙게된다
p38_u02,p38,avg_taps_ce10.0,위에 따라 공네의 남은 파스로비드 육말 1청량분의 추가 도의 물량을 왔치면 모두 150명이 분으로 늘게된다
p38_u02,p38,avg_ce0.0_ce10.0,위에 따라 공네의 남은 파스로비드 육만 1천량분의 추가 도의 물량을 합치면 모두 150명분으로 늘게된다
p38_u03,p38,avg_taps_ce0.0,일할 새체주 일평긴 5천 6택 사실 인년 군식 시인정을 가만하면 데락학싶 탈르에서 실고일 정도 사양할 수 인리이강이다
p38_u03,p38,avg_taps_ce10.0,일할 셋째주 일편긴 5천0 6택 살식 인년 군식 시인점을 가머하면 데락학시 타리에서 식고일 종도 사형할 수 인밀이 강이다
p38_u03,p38,avg_ce0.0_ce10.0,일할 새체주 일평긴 5천0 6택 사식 인년 군식 수인점을 가머하면 데락학 1타리에서 식고일 정도 사랑할 수 인밀이합니다
p38_u04,p38,avg_taps_ce0.0,아울러 버크엔d 컴포니의 먹늘 질요져인 라게 브리오도 이번 주 신만정우분이 경매의 보있들 여정이다
p38_u04,p38,avg_taps_ce10.0,라울러 버크엔드 컴포니의 먹는 시요죄인 라게 브리오도 2번 주 1만당분니 경매에 고있들를 예경이다
p38_u04,p38,avg_ce0.0_ce10.0,라울러 버크랜드 컴포니의 먹는 시요제인 라게 브리오도 2번 주 1만령우분이 경매의 보이들 예정이다
p38_u05,p38,avg_taps_ce0.0,시풍 무약성안전처가 위 외약숨에 진급 화용을 숭위한 망큼 실병총도 폐락시기와 등상등을 곧 학정의 발쳐할 예정이다
p38_u05,p38,avg_taps_ce10.0,식풍 무약품 안전처가 위 의약준에 진급 사용의 순리한 만큼 질병총도 표약시기와 등상등의 곧 학정의 발취할 외정이다
p38_u05,p38,avg_ce0.0_ce10.0,식튼 무약풍 안전처가 위 의약품에 진급 파용을 숭인한 만큼 실병총도 표약시이와 된상등을 곧 확정의 발취할 예정이다
p38_u06,p38,avg_taps_ce0.0,한편 질병청은 아스트라제네카의 항차치에 2브실대 도있과 긴급 사용생의 요청든도 검투하고 있다
p38_u06,p38,avg_taps_ce10.0,함견 질병청은 아스라제네카의 항차치로되 2브실대에 도있과 긴급 사용생의 요청등도 검토하고 있다
p38_u06,p38,avg_ce0.0_ce10.0,3편 질병청은 아스t라전네카의 항차치로 대 2브실대에 도있과 긴급 파용승의 요청등도 검토하고 있다
p38_u07,p38,avg_taps_ce0.0,이브실드는 주로 1신접종으로 학우체 하우상에 어려운 중중이 연약 전하자 평에게 획과가 있는 것으라 일려졌다
p38_u07,p38,avg_taps_ce10.0,이그실드는  주로 1신접종으로 항체 항성에 어려운 중중의 연약 전화자 등획에 역과가 있는 것으 알려졌다
p38_u07,p38,avg_ce0.0_ce10.0,이것일드는 주로 백신접종으로 항체 항성에 어려운 중중의 연약 저하자 되획에 욕과가 있는 곳으로 알려졌다
p38_u08,p38,avg_taps_ce0.0,선시들 영급 되우가 불법으로 맞사지 억소를 운영한 협이로 이심에서 소역금 형을 섬우고 말었다
p38_u08,p38,avg_taps_ce10.0,선시트 영급 태우가 불리w브로 맞사지 없소를 운영한 협이로 1c에 설금 영을 성고말었다
p38_u08,p38,avg_ce0.0_ce10.0,살수트 영독 태우가 불리토브로 맞사지 없소를 문영한 협이로 일심에서 설금 영을 성고말었다
p38_u09,p38,avg_taps_ce0.0,서월 북군지법 청사5 단독 포스호 부장반사는 24일 유로번 위반 협위로 기소된 h1 걸은 3독만언을 성고하고 598언을 출징할 것도 명령했다
p38_u09,p38,avg_taps_ce10.0,서월북부지법 성사5 단독 포스호 부장반사는 24일 유로번 위반 협이로 기소된 e지에게 벌금 산백만원을 선고하고 598원을 출징할 것도 명령했다
p38_u09,p38,avg_ce0.0_ce10.0,처월북부지법 성사5 던독 포스목 부장반사는 24일 의로번 위반 협이로 그소된 데이지에게 벌금 산백만원을 선고하고 528원을 출징할 것도 명령했다
p38_u10,p38,avg_taps_ce0.0,영국 베우인 에이씨는 암마사 작적이 없는데도 202년 7월부터 이름의 3월까지 서월 중난고에서 둘법으어 맞사지 없으르 은영한 혀이로 절판의 넘겨졌다
p38_u10,p38,avg_taps_ce10.0,영국 베의인 a이c는 암마사자격이 없는데도 2020년 7월부터 이름의 3월까지 서월 중난고에서 불법보어 맞사지 없으로 의영한 효이로 졌판낸 넘겨졌다
p38_u10,p38,avg_ce0.0_ce10.0,영국 베우인 a이c는 암마사자적지 없는데도 2020년 7월부터 이음의 3월까지 처월 중난고에서 불법으어 맞사지 없서를 운영한 험이로 졌판낸 넘겨졌다
p38_u11,p38,avg_taps_ce0.0,주는 물론니고 이 억서의 골륭된 두명도 암마사 사격히 없능 것으로 즐려었다
p38_u11,p38,avg_taps_ce10.0,그는 물론니고 이 업소의 고용된 두명도 암마사 자격히 없능 것으로 늘어났다
p38_u11,p38,avg_ce0.0_ce10.0,그는 물론니고 이 업서의 고용된 두명도 안마사 자격히 없는 것으로 주러났다
p38_u12,p38,avg_taps_ce0.0,이 절은 업수안에 방 간석개를 설치한뒤 신한당 약 시7마원을 받고 전신을 손으로 주물르는 맞사지 행해해를 죄공한 허위를 받고 있다
p38_u12,p38,avg_taps_ce10.0,이제은 업수안에 방 가석개를 설치한 위 시간당 약 17마원을 받고 견신을 손으로 준무르는 맞사지 행해를 적공한 협위를 받고 있다
p38_u12,p38,avg_ce0.0_ce10.0,이즈은 업스안에 방 가석개를 설치한 위 시간당 약 17마원을 받고 건신을 손으로 준모으는 맞사지 행해를 벽공한 성위를 받고 있다
p38_u13,p38,avg_taps_ce0.0,ac는 빌법 암마사두영과 수금의 6대사 비율로자더 가지는 방식으로 업소를 은영했다고 전녀졌다
p38_u13,p38,avg_taps_ce10.0,ac는 빌법 암마사두영과 수금을 6대사 비율로다누 가지는 방식으로 없소를 문냥했다고 전녀졌다
p38_u13,p38,avg_ce0.0_ce10.0,에c는 빌법 암마사 두명과 수금을 6대사비율로다누 가지는 방식으로 없소를 운영했다고 전화졌다
p38_u14,p38,avg_taps_ce0.0,의렵곱체82조에 따르면 안마사을 장애인 독싶법에 따른 시각 장의인 중을 시 도디사에게 적격 인정을 받아야 한다
p38_u14,p38,avg_taps_ce10.0,의렵법체의 82조에 따으면 안마산을 장애인 독짓법에 따른 시각 장해인 중을 씨 도티사에게 자격 인정을 받아야 한다
p38_u14,p38,avg_ce0.0_ce10.0,의렵법체의 82조에 따으면 안마산을 장애인 독시법에 따른 시각 장해인 중을 시 도지사에게 적격인정을 받아야 한다
p38_u15,p38,avg_taps_ce0.0,이를 입반하고 자격없이 영의 목적으로 암마을 다면 밭은 법 제887 의해 3년 이하의 중역이나 탐섬만을 위하의 설금에 소해준다
p38_u15,p38,avg_taps_ce10.0,미을 입반하고 자격없이 영의 목적으로 암마을 다면 같은 법 죄88출의 의해 3년 이하의 뒤욕이나 30만원 위하의 설금에 소해준다
p38_u15,p38,avg_ce0.0_ce10.0,미를 위반하고 자격없이 영의 목적으로 암마르 다면 같은법 제88출 의해 3년 이야의 증역이나 33만원 위하의 버금에 소해준다
p38_u16,p38,avg_taps_ce0.0,현대져종차가 고성는 에n 브랜드에 전동와 비전는 속에 하고 이을 부연한 롤린내 혼스카 부대를 회게 체초로 봉게했다
p38_u16,p38,avg_taps_ce10.0,현대자종차가 고성능 애n 브랜드의 전동화 비전는 속에 하고 미를 구연한 론림 레e코s트카 두대를 해개 체초로 봉게했다
p38_u16,p38,avg_ce0.0_ce10.0,현대자종차가 고성능 애n 브랜드의 전동화 비어는 속에 하고 일를 구연한 론림 내e혼s타 두대를 해개 체초로 봉계했다
p38_u17,p38,avg_taps_ce0.0,현대차는 롤림뱀을 간순 양산 모데를 넘어 선행히 지술를 지속 개받하는 등대로 살는다는 설약이다
p38_u17,p38,avg_taps_ce10.0,현대차는 롤림뱀을 간순 양산 모대를 넘어 섬행이술를 지속개받하는 군대로 찬는다는 설약이다
p38_u17,p38,avg_ce0.0_ce10.0,현대차는 롤림뱀을 간순 양산 모대를 넘어 섬맹이술를 규속 개받하는 군대로 탄는다는 설약이다
p38_u18,p38,avg_taps_ce0.0,현대차는 15일 현대 에n w드와이를 유틀부 채너에서 현대 h을 대의 영청을 공기하고 된 브랜수에 선동화 비전을 절했다
p38_u18,p38,avg_taps_ce10.0,현태차는 15일 현대 렌 w드와이드 유트브 체너에서 현대 맨n대의 영청을 공기하고 된 브랜드에 전동화 비전을 조했다
p38_u18,p38,avg_ce0.0_ce10.0,현대차는 15일 현대 렌 w드와이들 유집브 채너에서 현대 렌을대의 영청을 공기하고 된 브랜트에 존동화 비전을 조했다
p38_u19,p38,avg_taps_ce0.0,에n f랜드는 운전내 재밀를 추과하기 일한 현대차여 고정네 싸보브랜드다
p38_u19,p38,avg_taps_ce10.0,에n 프랜드는 운전내 정밀를 추과기 위한 현례차여 고종능 싸보 구랜드다
p38_u19,p38,avg_ce0.0_ce10.0,에n 브랜드는 운전내 제밀를 추각기 위한 현례차여 고정낼 싸보그랜드다
p38_u20,p38,avg_taps_ce0.0,2715년 논친 이후 호너린 악동 일상의 스포츠카 레이슬트액 주행 능력을 기반으로 다항한 n 모대를 대절려왔다
p38_u20,p38,avg_taps_ce10.0,2010년 논친 이후 호너린 악동 일쌍의 스포츠카 레이스트액 주행 능력을 기반으로 다항한 n 모대를 계활려왔다
p38_u20,p38,avg_ce0.0_ce10.0,2015년 논친 이후 호너린 악동 일상의 스포츠카 레이스트액 주행 능력을 기반으로 다항한 n 모대를 거좌려왔다
p38_u21,p38,avg_taps_ce0.0,편대차는 이나에 전동와 절약을 통에 욕동적인 재밀를 느길 수 있도록 연구 배발한다는 청호사진을 제시했다
p38_u21,p38,avg_taps_ce10.0,현대차는 이날 전동화 절약을 통에 욕동적인 제밀를 느길 수 있도록 연구 괴발한다는 청우사진을 절시였다
p38_u21,p38,avg_ce0.0_ce10.0,현대차는 이날 전동화 절약을 통에 욕동적인 제밀를 느킬 수 있도록 영구 그발한다는 청우 사진을 절시였다
p38_u22,p38,avg_taps_ce0.0,이어 정시차를 레이스트레에서 즐질 수 있도록 고성능 지준을 끌어올리고 싸운두 준동든 감성적 여응하에서 다양하게 영구하고 있다고 밝혔다
p38_u22,p38,avg_taps_ce10.0,위어 정기차를 레이스트레에서 즐길 수 있도록 고성능 기준을 끌어올리고 싸운두 진동든 감성적 여용화에서 다양하게 연구하고 있다고 밝혔다
p38_u22,p38,avg_ce0.0_ce10.0,리어 정시차를 레이스트레에서 즐질 수 있도록 고성능 기준을 끌어올리고 싸운드 준동든 감성적 여용화에서 다양하게 연구하고 있다고 밝혔다
p38_u23,p38,avg_taps_ce0.0,현대차는 내년 술시 예정인 서 섬기 고성능차 irn fi브n 봉에 이을 현의실할시출다는 계회지다
p38_u23,p38,avg_taps_ce10.0,현대차는 매년 출시 예정인 1 던기 고성능차 ion fi브n 봉에 미을 현실할 시준다는 계획이다
p38_u23,p38,avg_ce0.0_ce10.0,현대차는 내년 술시 예정인 사 전기 고성능차 ioon fivn 봉의 미을 현의실할 시진다는 교해지다
p38_u24,p38,avg_taps_ce0.0,이와 함께 엔브랜드의 전동화 기술를 담은 롤림래 모데 부대도 홍개했다
p38_u24,p38,avg_taps_ce10.0,위함께 엔브랜드의 전동화 기술를 담은 롤림레 모될 부대도 공개였다
p38_u24,p38,avg_ce0.0_ce10.0,미함께 엔브랜드의 전동화 기술를 담은 롤링레모될 부대도 공개였다
p38_u25,p38,avg_taps_ce0.0,볼린내은 고성능 기술를 양산 모대에 반영하기에 앞서 연국 배발 및 검중하낼 사랑이다
p38_u25,p38,avg_taps_ce10.0,돌린내은 고성능 기술를 양산 모대에 반영하기에 앞서 연국 괴발 및 검중하면 사량이다
p38_u25,p38,avg_ce0.0_ce10.0,돌린내은 고성능 기술를 양산 모재에 반영하기에 앞서 연국 괴발 및 검중하면 사량이다
p38_u26,p38,avg_taps_ce0.0,롤림냄 rr이는 에n 브랜들의 첫번째 이 지행기 집안 고성며고 자량이다
p38_u26,p38,avg_taps_ce10.0,롤링및 rn이이는 에n 브랜드의 첫번째 이 지행k 기안 고성능 자량이다
p38_u26,p38,avg_ce0.0_ce10.0,롤링및rn이이는 n브랜드의 첫번째 이gmk 기안 고성능 자량이다
p38_u27,p38,avg_taps_ce0.0,정기차가 진닌 환의례를 끗목하하는 방안을 영고하기 위해 만들어졌으며 백6키로아트 절년 모터와 2k로아트 포래후 모터를 정착했다
p38_u27,p38,avg_taps_ce10.0,정기차가 진인 하능계를 급복하는 방안을 연고하기 위해 만들어졌으며 백6 키로아트 절년 모터와 2키로아트 호년 모터를 정착했다
p38_u27,p38,avg_ce0.0_ce10.0,정기차가 진인 하능계를 목하는 방안을 영고하기 위해 만들어졌으며 백6k로와트 절년모와 2k로아트 포년 모를 정착했다
p38_u28,p38,avg_taps_ce0.0,또 하나의 롤린날 n 비전73는 포리태 건색치의 정신을 계송안 수소 할프리드 고성맹 사량이다
p38_u28,p38,avg_taps_ce10.0,또 하나의 롤림날n 비견 추시차는 소릭 패건새츠의 정신을 견송안 수소 하일브리드 고성맹 사량이다
p38_u28,p38,avg_ce0.0_ce10.0,또 하나의 롤림날 n 비전 추십차는 포릭패건세츠의 정신을 겨공안 수소 할프리드 고성행 사량이다
p38_u29,p38,avg_taps_ce0.0,우리나라 하옷개에 우수성을 널리 알리기 위해 올래도 대함인국 산욕 공호 전이 열린다
p38_u29,p38,avg_taps_ce10.0,우리 나라 하옷개 우스성을 널리 알례기 위회 오래도 대함민국 산록 공호전이 열린다
p38_u29,p38,avg_ce0.0_ce10.0,우리 나라 하옷개 우수성을 널리 알례기 위회 올래도 개함민국 산혹 공호전이 열린다
p38_u30,p38,avg_taps_ce0.0,북토 교통분은 산옷의 우수성의 발고라고 헤로운 발청 관행성을 무슷하기 위해 2hn1v 대악리인 국 산욕 공호전을 교체한다고 식뿌일 발겼다
p38_u30,p38,avg_taps_ce10.0,"북토 였통분은 산옷의 우수성을 발고라고 헤로운 발정 관행성을 무었하기 위에 2,이11일 대안민국 산욕 봉호전을 계취한다고 측보일 달켰다"
p38_u30,p38,avg_ce0.0_ce10.0,북토 통분는 산노의 우수스성을 발고라고 패로운 발정 관능성을 무숙하기 위해 2천이11일 대악민국 하혹 봉호점을 거치한다고 직보일 밝코다
p38_u31,p38,avg_taps_ce0.0,오래로 시지했째받는 하욕 공우저는 잘 지어진 허욕을 찾아 궁인에게 알리고 하욕을 되한 다양한 아이디어를 발굴러는 해이어다
p38_u31,p38,avg_taps_ce10.0,오래로 시지했째받는 산욕 근우저는 잘 지어은 환욕을 찾아 궁임에게 알리보 하욕에 대한 다양한 아이디어를 발굴러을 이어다
p38_u31,p38,avg_ce0.0_ce10.0,오래로 시지했째받는 하욕 공호저는 잘 지어진 환욕을 찾아 궁예에게 알리보 하욕에 대한 다양한 아이비어를 발굴러을 해우어다
p38_u32,p38,avg_taps_ce0.0,군호전는 증공된 하녹 대학생이및 대악원생 례상 활게 하혹 사실 영상 등 매개 품문으로 나누어 지행한다
p38_u32,p38,avg_taps_ce10.0,공호전는 중공된 하혹 대학 생인이 대와원생이 대상 활개 하혹 사실 영상 등 내게 품문으로 나누어 지행한다
p38_u32,p38,avg_ce0.0_ce10.0,풍호전는 증공된 하혹 대학생인이 대와원생대상 활게 하혹 사신 영상 중 내게 품문으로 나누어 지행한다
p38_u33,p38,avg_taps_ce0.0,중공부무는 중공후 3년이 경관한 하욕을 대상으로 해장 하욕에 건측주 설개자 시공자가 능무할 수 있다
p38_u33,p38,avg_taps_ce10.0,중공부무는 중공후 3년이 경관한 하녹을 대상으로 해당 하혹의 건축주 설개자 시공자가 능말 수 있다
p38_u33,p38,avg_ce0.0_ce10.0,중공부문는 중공후 3년이 경관한 하녹을 대상으로 해당 하혹의 건측주 설계자 시공자가 능마할 수 있다
p38_u34,p38,avg_taps_ce0.0,그동안 차큰 온년 인혜에 지어진 하욕을 되상고놓 했으나 이지 관리등이 우수한 하노을를 현정하기 위해 준고 후 사해야의 병가한 하녹으로 응목기준을 받었다
p38_u34,p38,avg_taps_ce10.0,그동안 차근 오니 인혜 치어진 하욕을 되상없했으나 유지 관리등이 의수한 하노을 현정하기 위해 준고 후 3필야의 병가한 하녹으로 응목기준을 받었다
p38_u34,p38,avg_ce0.0_ce10.0,그동안 차은 5년 인혜 지어진 하욕을 될상없했했으나 유지관리등이 의수한 하노을 현정하기 위해 준고 후 3일아의 병가한 하녹으로 응목기준을 받었다
p38_u35,p38,avg_taps_ce0.0,대학생인일 데라건생이 설개 공호져는 티인나 되인 사격으로 응말 수 있으며 올래 공호주제는 마음의 품은 하녹 만들기다
p38_u35,p38,avg_taps_ce10.0,대학 생이일 대아건생이 설계 공호져는 티이나 교인 자결으로 응활 수 있으며 올해 공호주제는 마음의 품은 하혹 만들기다
p38_u35,p38,avg_ce0.0_ce10.0,대학 생인및 대아건생이 설계 공호져는 티인나 계인 자격으로 응활 수 있으며 올해 공호주제는 마음의 품은 하녹 만들기다
p38_u36,p38,avg_taps_ce0.0,입번 주죄 획심은 우리의 한옥개에 누두의 마음 어떤 마음을 자아야 할지 설각할 보은 것이다
p38_u36,p38,avg_taps_ce10.0,입번 주죄 획심은 우리 하옥개 누구의 마음 어떤 마음을 자아야 할지 쇠각해보는 것이다
p38_u36,p38,avg_ce0.0_ce10.0,입번 주죄 획심은 우리 하혹에 누구의 마음 어떤 마음을 자아야 할지 회각해보은 것이다
p38_u37,p38,avg_taps_ce0.0,사신과 영상부문은 특적환 공호 주제없고 하옥의 아름다운과 가치를 독창적인 시각으로 다화낸 작분을 뽑을 예정이다
p38_u37,p38,avg_taps_ce10.0,사생과 영상부문은 특정환 공우 주제 없고 하옥의 아름다운과 가치를 독창적인 시각으로 단화낸 작품을 뽑을 예정이다
p38_u37,p38,avg_ce0.0_ce10.0,차신과 영상부문은 특정한 공호 주제없고 하옥의 아름다운과 과치를 독창적인 시각으로 단화낸 작분을 뽑을 예정이다
p38_u38,p38,avg_taps_ce0.0,작공접수는 팔월 1부터 이일까지 미틀간 증행하며 1 입타신사를 거쳐 구월초 채종 당선자을 발취한다
p38_u38,p38,avg_taps_ce10.0,작풍접수는 팔월 1일부터 이일까지 2틀간 증행하며 1미타심사를 것쳐 구월초 채종 당선작을 발취한다
p38_u38,p38,avg_ce0.0_ce10.0,작공접수는 팔월 1일부터 위일까지 위틀간 증행하며 1입심사를 것처 구월초 채종 당선작의 발취한다
p38_u39,p38,avg_taps_ce0.0,9무 첫7및 창우가 방법등 자세할 사항은 대안 민국 하로 공우어전 혼패이질 통해 화게할 수 있다
p38_u39,p38,avg_taps_ce10.0,금호첫침및 창과 방법등 자세한 사항은 대한 맹국 하로 공호전 훈패리질 통해 하연할 수 있다
p38_u39,p38,avg_ce0.0_ce10.0,군어체침및 창가 방법등 자세한 사항은 재한 민국 선로 군워전 홍패리질 통해 하견할 수 있다
p38_u40,p38,avg_taps_ce0.0,이 태원 혈로인 앞사 사고로 백사실 6명이 사망하고 19신령이 부상당한 것으로 80일 5전 내c 현제 지페했다
p38_u40,p38,avg_taps_ce10.0,이태원 혈로인 앞사 사고로 백사6명이 사망하고 벽50명이 부상당한 것으로 30일5전 내c 현제 지게했다
p38_u40,p38,avg_ce0.0_ce10.0,이태원 혈로인 앞자 사고로 백자실 6명이 사망하고 벽50명이 부상당한 것으로 30일5전 내시 현제 지회했다
p38_u41,p38,avg_taps_ce0.0,소방성은 315전 내시 5분께 현장 브립핑을 통해 이 가은 시해사시를 공식 발표했다
p38_u41,p38,avg_taps_ce10.0,토방성은 315전 4시 5분께 현장 부립핑을 통해 위 같은 키해사실를 공식 발초했다
p38_u41,p38,avg_ce0.0_ce10.0,소방성은 315전 4시 5분께 현장 브립힌을 통해 이 같은 키해사실를 공식 발표했다
p38_u42,p38,avg_taps_ce0.0,사망자 백자실 6명이 중 택 1영은 정언으로 이송됩고 현장에서 안치대 사망자을 45명이다
p38_u42,p38,avg_taps_ce10.0,사망자 백자실 6명이 교용 택 1명은 정언으로 이송됩고 현장에서 안침1 사망자을 45명이다
p38_u42,p38,avg_ce0.0_ce10.0,사망자 1자실 6명중 택 1명은 정언을로 이송됩고 현장에서 안치될 사망자을 45명이다
p38_u43,p38,avg_taps_ce0.0,이를 사망자들은 인시로 인글 먼혀로 다옥적 실례책간에 안칠했다가 평원 영안실로 이성되을 징이다
p38_u43,p38,avg_taps_ce10.0,이을 사망자들은 인시로 임금 머혀로 다옥적 실례책간에 안칠했다가 평원 영안실로 이송되는 징이다
p38_u43,p38,avg_ce0.0_ce10.0,이를 사형자들은 인시로 임근 머혀로 감옥적 출례체간에 안치했다가 평원 영한 신로 이성되는 중이다
p38_u44,p38,avg_taps_ce0.0,기에를 입은 사상자들은 속을 각치 병원 및 미미시 응급 일루 소해서 치결를 받고 있는 성황으로 임명 키해는 더욱 늘러할 것으로 보인다
p38_u44,p38,avg_taps_ce10.0,피에를 입은 사장자들은 서을 각치 병원 및 임시 응급 일려소에서 치별를 받고 있는 상황으로 임명 피해는 더욱 늘러할 것으로 보인다
p38_u44,p38,avg_ce0.0_ce10.0,피에를 입은 사장자들은 서을 각지 병원 및 미미시 응급 위려소에서 치결를 받고 있는 상황으로 임명 피해는 더욱 늘러할 것으로 보인다
p38_u45,p38,avg_taps_ce0.0,소방 당국은 이 태언에서 호골란 현자가 발생했다는 신고를 접수한뒤 이날 오후 1c212은쯤 현장에 도착했다고 밝혔다
p38_u45,p38,avg_taps_ce10.0,소방당국은 이 태원에서 호골란 현자가 발생했다는 신고를 접수한뒤 이날5후 1시2식2은쯤 현장에 도착했다고 밝혔다
p38_u45,p38,avg_ce0.0_ce10.0,소방당국은 이태언에서 호골란 현자가 발생했다는 신고를 접수한디 이날5후 1c22은쯤 현장에 도착했다고 밝혔다
p38_u46,p38,avg_taps_ce0.0,체성범 서울 용산 소방소장은 1 이 3차 소색을 항이 결과 측기 사항은 없었다 라고 발었다
p38_u46,p38,avg_taps_ce10.0,"체성범 서울 용산 소방서장은 1이 3차 소색을 한히 결과 측이 사항은 없었다""라고 밝혔다"
p38_u46,p38,avg_ce0.0_ce10.0,체성범 서울 용산 소방서장은 1이 3차 소색을 한히 결과 측이 사항은 없었다 라고 밝혔다
p38_u47,p38,avg_taps_ce0.0,부상자와 사망자 대자수가 클럽 지전에서 발생하면서 서방당국은 추가적으로 클법 지전에서 3사걸쳐 소색을 지행했다
p38_u47,p38,avg_taps_ce10.0,무성자와 사망자 대자수가 클럽 주존에서 발생하면서 소방당국은 추가적으로 클럽 지존에서 3사걸쳐 서색을 지행했다
p38_u47,p38,avg_ce0.0_ce10.0,무성자와 사망자 대자수가 클럽 지전에서 발생하면서 서방당국은 추가적으로 클럽 지전에서 3사걸쳐 소색을 지행했다
p38_u48,p38,avg_taps_ce0.0,최 1천 용성이 경찰 써 형사가정은 마약 여부에 대에 확인된바 없다하고 말했다
p38_u48,p38,avg_taps_ce10.0,최 1천 용상의 정찰써 형사가정은 마약 여보에 대에 확인된바 없다고 말했다
p38_u48,p38,avg_ce0.0_ce10.0,최 1천 용상의 격찰써 형사과정은 마약 여보에 대에 확인된바 없다하고 말했다
p38_u49,p38,avg_taps_ce0.0,소방당국은 29일5후 1시 15은 최초로 사고 사황을 인지하고 오후 138분 대 1단계를 발령원 데이여 오후 야할시50군 대 3단회개로 격성했다
p38_u49,p38,avg_taps_ce10.0,소방당국은 2식9일 오후 1시15은 최초로 사고 성황을 인지하고 오후 138분 등 1단계를 발령한 데이여 오후 연1시 오0군 대 3다계로 걱성했다
p38_u49,p38,avg_ce0.0_ce10.0,소방당국은 29일 5후 1시 15은 최초로 사고 성황을 인지하고 오후 138분 되 1단계를 발령한 데이여 오후 열할시 오0군 대 3다계로 격성했다
p38_u50,p38,avg_taps_ce0.0,그로볼 르먼 스트리미 레통 스포티파이에서 지날 1년간 항국 이용자가 가장의 사랑한 아티있스투는 그록 장탕소년다이었다
p38_u50,p38,avg_taps_ce10.0,glo버u먼 s트rm 클레범 스포티파이에서 지난 1년간 항국 이용자가 가장의 사랑한 아티있추는 그룩 장탕손년다이다
p38_u50,p38,avg_ce0.0_ce10.0,glo버 u먼 스트ram 클레범 스포티파이에서 지난 1년간 항국 이용자가 가장의 사랑한 아트있스으는 그룩 장탕손년다이었다
p38_u51,p38,avg_taps_ce0.0,시포티파이는 국의 론친 1치련을 맞아 지난에 위월 1일 부터 미달 1일까지 최자 스트리긴 아티시주신일를 시치일 잘취했다
p38_u51,p38,avg_taps_ce10.0,스포티파이는 국매 론칭 1취해를 맞아 지난에 위월 1일부터 미달 1을까지 최다 스트리민 아티시투스일를 시치일 밝칩했다
p38_u51,p38,avg_ce0.0_ce10.0,스포티파이는 풍매 론층 1취련을 맞아 지난에 위월 1일부터 미달 1일까지 최자 스트리민 아티스주준일를 시치일 발추했다
p38_u52,p38,avg_taps_ce0.0,이리인 gts요 이위는 아이u 사이는 저스팀 기어 사위 아리아나그람데 오의 위행 들중이었다
p38_u52,p38,avg_taps_ce10.0,이리인 기ts요 위인는 아이후 사위는 저스팀 비어 사위 아리아나그란데 오의 위행들중이었다
p38_u52,p38,avg_ce0.0_ce10.0,이리인 기ts의 며 유인는 이u 사위는 저팀 비어 사위 아리아나그란데 오의 위행들중이었다
p38_u53,p38,avg_taps_ce0.0,일령간 항급 이용자가 가장만이 돌르는 곡은 dts에 법터렸다
p38_u53,p38,avg_taps_ce10.0,일년간 항국 위용자가 가장만이 들르는 곡은 귀티에 스에 버터였다
p38_u53,p38,avg_ce0.0_ce10.0,일령간 항국 이용자가 가장만이 두려는 곡은 귀티에 수에 벗어였다
p38_u54,p38,avg_taps_ce0.0,헤달 스림민 음먼 토텐 안에 비치의 수국은 가석개나 이름을 울렸다
p38_u54,p38,avg_taps_ce10.0,회달 스림민 음먼 토편 안에 위티의 스곡을 가석개나 이름을 울렸다
p38_u54,p38,avg_ce0.0_ce10.0,회달 스트리민 음먼 토텐 안에 미치의 스국을 가석개나 이뱀문 울렸다
p38_u55,p38,avg_taps_ce0.0,버터분만 아니라 퍼의션 트 된수가 위위를 다이나아이트가 오위를 찾지했다
p38_u55,p38,avg_taps_ce10.0,버터품만 아니라 폭의전 트 뱅수가 위일를 다이나아이트가 오의를 차지했다
p38_u55,p38,avg_ce0.0_ce10.0,포터품만 아니라 폭이션 트 뱅스가 위일를 다이나아이트가 오의를 찾지했다
p38_u56,p38,avg_taps_ce0.0,책계적은 녹된들 코득플레월 헤법한 마의 의니벗스는 후위 라이소고 주원을 시시의 이름을 올렸다
p38_u56,p38,avg_taps_ce10.0,책계작인 록뱅드 코드플레워 헤법한 마의 유미벗스을 구위 라이f고 주원을 시지의 이름며 올렸다
p38_u56,p38,avg_ce0.0_ce10.0,책계작인 록된드 코드플레워 협법한 마의 유입벗스을 구위즈 라이f고 주원을 시지의 이름을 올렸다
p38_u57,p38,avg_taps_ce0.0,가은귀간 최달 스트리행한 엘법은 저스침 비보에 여 번째 정이교 버 저스치지었다
p38_u57,p38,avg_taps_ce10.0,가통기간 최달 스트리민한 엘법은 저스침 비보에 여 번째 정교일법 저스치주었다
p38_u57,p38,avg_ce0.0_ce10.0,가은기간 최달 스트리민한 엘법은 저스침 비보에 여 번째 정교일법 저치주었다
p38_u58,p38,avg_taps_ce0.0,이인일 d티스의 매 어부어 서올를 때불 사민을 비티s의 주었다
p38_u58,p38,avg_taps_ce10.0,이인는 비티스의 매어부돌 서올 재은사미는 비티스의 뒤었다
p38_u58,p38,avg_ce0.0_ce10.0,위인는 비t스의 매어부돌 서올 때은 사미은 비ts의 지이었다
p38_u59,p38,avg_taps_ce0.0,12역시 vtc의 u내버 워표 올론이 차지했다
p38_u59,p38,avg_taps_ce10.0,12역1 vth의 u내버워교 올론이 차지했다
p38_u59,p38,avg_ce0.0_ce10.0,12역1vtc의 u네버워교 올론이 차지했다
p38_u60,p38,avg_taps_ce0.0,등복 경주시는 2천2이 화랑 대기 정급 택건도 되회가 성화우에 막을 내었다고 밝켰다
p38_u60,p38,avg_taps_ce10.0,정복 경주시는 2천이1이 화랑 되기 정국 택건도 되회가 성황위에 마을 내었다고 밝켰다
p38_u60,p38,avg_ce0.0_ce10.0,정복 정주시는 2천2이 화랑 되기 정국 택건도 되회가 성황위에 마을 내롯다고 밝혔다
p38_u61,p38,avg_taps_ce0.0,경주시 택건더옆태가 주초에 지난 11과 11일 입틀관 경줄 실레채관에서 연린 이번 대회에는 정곡에서 입은 3태향명의 산수단이 전가였다
p38_u61,p38,avg_taps_ce10.0,경주시 택건더 없태가 주초에 지난 11과 11일 미틀관 경주 실내쳐역가는 소연린 이번 대외에는 정곡에서 20 3태화명의 선수단이 참가였다
p38_u61,p38,avg_ce0.0_ce10.0,정주시 택건도 엎태가 주초에 지난 11과 11 미틀간 정주 실내처역가는수연린 이번 대외에는 정국에서 203대화명에 선수단니 천가였다
p38_u62,p38,avg_taps_ce0.0,대 상가자들은 예선 소별입으와 곤선 터마원스를 얻치며 그동안 갈고 잡근 기향을 마음까 섬보였다
p38_u62,p38,avg_taps_ce10.0,대 삼가자들은 예선 소별리으와 곤선 토마원스를 얻치며 그동안 갈고닥근 기병을 마음갖 섬포였다
p38_u62,p38,avg_ce0.0_ce10.0,대 삼가자들은 예선 소별리후와 곤선 토마원스를 얻치며 그동안 갈고닥근 기량을 마음과 섬포였다
p38_u63,p38,avg_taps_ce0.0,대획결과 품제에서는 국과 대표 세계의 택건도장 품제에서는 플필 잡비 패건도장 더루기에서는 대고 긴만 일을 택관 스골이 각각 정화부승을 차지했다
p38_u63,p38,avg_taps_ce10.0,대외결과 품세에서는 국가 대표 세계 택건도장 품세에서는 혈길잡비 택건도장 여루비에서는 대고 긴만일을 택관스골이 각각 종화부승을 차지했다
p38_u63,p38,avg_ce0.0_ce10.0,대외결과 품세에서는 국가 대표 세계 택건도장 품세에서는 솔길잡비 택건도장 결루기에서는 대고 긴만류 택관스골이 각각 종화부승을 차지했다
p38_u64,p38,avg_taps_ce0.0,오래죄외에는 회개학지에서은 례국인 현수을도 다스찬녀에 주목을 끌었다
p38_u64,p38,avg_taps_ce10.0,오래죄외에는 새개학지에 소은 외국인 현스을도 다스참령에 주목을 끝었다
p38_u64,p38,avg_ce0.0_ce10.0,오래죄외에는 해개학지에서은 외국인 현수을도 다스참년에 주목을 끌었다
p38_u65,p38,avg_taps_ce0.0,또 되김월 손 스단니 경은출를 방로하면서 지역의 습박없소와 십장등우 때안의 섭스를 누리면 지역 정제 활성하에도 큰 도움밀했다
p38_u65,p38,avg_taps_ce10.0,또 되김월 선스단니 정주를 방원하면서 지역의 숙박없소와 짝등후 대안일 터스를 누이며 지역정제 활성화에도 큰 도밀했다
p38_u65,p38,avg_ce0.0_ce10.0,또 되김을 손스단니 경출를 방원하면서 지역의 숙박없소와 장등의 대안인 습스를 누이면 지역 정제 활성하에도 큰 도움이했다
p38_u66,p38,avg_taps_ce0.0,기모징 정주시 두시장은 활랑제이 정국 택건도 되에가 정국을 대혀하는 새번도 대해로 그 명성을 이여가게 발랍다고 말았다
p38_u66,p38,avg_taps_ce10.0,기모친 경주시 부시장은 화랑세이 정국 택번도 되에가 정국을 되혀하는 택번도 대해로 그 명성을 이여가을 발한다고 말다
p38_u66,p38,avg_ce0.0_ce10.0,기모징 정주시 부시장은 화랑례이 정국 택번도 되에가 정국을 되표하는 택번도 대해로 그 명성을 이여가을 발한다고 말다
p38_u67,p38,avg_taps_ce0.0,조 회락 정주시 택건도 현패정은 화랑되이 정국 택건도 대회가 택건도의 발전에 이바지 아도로 물룩하겠다고 강조했다
p38_u67,p38,avg_taps_ce10.0,조 회락 정주시 택건도 현패병은 하랑되이 정국 택건도 대획가 택건도의 발전에 이바지 아도록 여룩하겠다고 강조했다
p38_u67,p38,avg_ce0.0_ce10.0,조 희락 정주시 택건도 협패장은 사랑되이 정국 택건도 대회가 택건도의 발전에 이발지 아도록 여룩하겠다고 강조했다
p38_u68,p38,avg_taps_ce0.0,상곱 자람의 관리공사가 궁인으로부터 지제 결손을 요청받는 시제의 정비 유청대를 도있던다
p38_u68,p38,avg_taps_ce10.0,상국 자장을 관리공사가 공인으로부터 주죄 결손을 요청받는 주죄의 정비 요청대를 도있한다
p38_u68,p38,avg_ce0.0_ce10.0,창국 자장을 갈리공사가 공인으로부터 주죄 결선을 요청받는 주죄 정뒤 요청제를 도있던다
p38_u69,p38,avg_taps_ce0.0,텐코는 이0v일2020면 1차 레기의 주죄 학신 이원해를 열었다고 발혔다
p38_u69,p38,avg_taps_ce10.0,캠코는 2일 2020면 1차 내기획 주죄 학신 인원해를 여었다고 발혔다
p38_u69,p38,avg_ce0.0_ce10.0,캠코는 20일 2020면 1차 내기육 주죄 학신 인원회를 여었다고 반혔다
p38_u70,p38,avg_taps_ce0.0,위언에는 브람리아 기제를 계선하고 공인에게 불리튼낼 끼칠 수 있는 요소류을 발구 해성하는 등 쉽성 인내 기되학신 방화을 더토 시의하기 위해 이찬이신년 발접댔다
p38_u70,p38,avg_taps_ce10.0,위언에는 브람리양 규제를 계선하고 국인에게 불리튼을 끼칠 수 있는 요소들을 발굴 회성하는 등 쉽성 인행 규대학신 방화을 범터 시의하기 위해 미0의식년 발쪽됩다
p38_u70,p38,avg_ce0.0_ce10.0,위원에는 브람리한 규제를 계선하고 국인에게 불튼낼 끼칠 수 있는 요소들을 발굴 회성하는 등 쉽성 인행 지제학신 방화을 더터 시의하기 위해 20의신년 발쪽됩다
p38_u71,p38,avg_taps_ce0.0,이번 이원에에서는 궁님 누구나 태우코 죄지 지은 잘못때거나 글치려한 기죄에 계손을 요청할 수 있는 집우체 정기 요청제를 신사하기로 했다
p38_u71,p38,avg_taps_ce10.0,이번 이언에에서는 국민 누구나 텐코 내기 중용 잘못대거나 길치려한 규죄의 계손을 요청할 수 있는 유대 정비 요총대를 신사하기로 했다
p38_u71,p38,avg_ce0.0_ce10.0,입번 이언에에서는 궁민 누구나 캠코 죄지중 잘못되거나 글치려한 지죄의 계손을 요청할 수 있는 지제 정비 요총제를 신선락기로 했다
p38_u72,p38,avg_taps_ce0.0,텐코는 공민 요청 상항에 대회에 불티러한 주제 여부신사고 엄목 여선정의 조치를 치할 방칩니다
p38_u72,p38,avg_taps_ce10.0,텐코는 공민 요총 상항에 때회 불티요한 규제 여부 심사우 엄모 교선정의 조치를 취할 방칩니다
p38_u72,p38,avg_ce0.0_ce10.0,텐코는 공민 요정 사항에 때회 불티로한 주죄 여부 신사우 엄모 여선정의 도치를 치할 방칩니다
p38_u73,p38,avg_taps_ce0.0,제도는 오래 하반 위 시행 예정이며 텐코움 페이지에서 유청 사항을 접수버을 예정이다
p38_u73,p38,avg_taps_ce10.0,제도는 오래 하반 위 시행 열정이며 텐코움 폐지에서 유청 상항을 접스버을 예정이다
p38_u73,p38,avg_ce0.0_ce10.0,제돌는 오래 하반 위 시행 예정이며 텐코움 페리지에서 요청 사항을 접스버을 예정이다
p38_u74,p38,avg_taps_ce0.0,또 케혼은 공멘의 1개이해하고 화령할 수 있도록 전세 사업포문에 민원넘무 실성에서등 소색 사시이개를 일관 정이기하기로 했다
p38_u74,p38,avg_taps_ce10.0,또 캠포은 국민의 1피이해하고 화령할 수 있도록 전세 사업보문에에 민어넘무 신상서등 사색 사치이개를 일갈 정기하기로 했다
p38_u74,p38,avg_ce0.0_ce10.0,또 행포은 국민이 1회이해하고 화령할 수 있도록 전세 사업보문회에 민원넘무 신상서등 사색42개를 일갈 정비하기로 했다
p38_u75,p38,avg_taps_ce0.0,군민이 서루재출 당계에서 어모처리 및 이의제기 결차 친청인에게 유리한 제더및 유의 사항등을 미리할 을 있도록 독기 위해서다
p38_u75,p38,avg_taps_ce10.0,국민이 서루재출 당계에서 어모처리 및 이리제기 결차 친청인에게 유리한 재드및 유의 사항등을 위리할 술 있도록 독기 위해서다
p38_u75,p38,avg_ce0.0_ce10.0,금민이 서루재출 당계에서 어모처리 및 이의제기 결차 신청인에게 유리한 재드및 유의 사항등을 위리할쓸 있도록 독기 위해서다
p38_u76,p38,avg_taps_ce0.0,캠코는 2번 이언n에서 오래의 3월 소있한 지제 영형사가 선담제 은영 상사를 공의하 길를 했다
p38_u76,p38,avg_taps_ce10.0,캠코는 2번 이언n에서 오래의 3활 소있한 지제 영형 상가 선담제 은냥 상화가를 공위하기소였다
p38_u76,p38,avg_ce0.0_ce10.0,캠코는 2번 이언에에서 오래의 3활 소있한 지제 영형상가 전담제 은냥 상가를 공위하 기도했다
p38_u77,p38,avg_taps_ce0.0,전담제는 내지 신사와 지대 영한 향가를 길리하는 동안으로 지존 동인 시건의 신상의 평가 동시이 수행에 따른 지제 신사 약하등을 결선날 될보다
p38_u77,p38,avg_taps_ce10.0,전담재는 내위 심사와 유대 영영평가를 불리하는 방하으로 기존 동일 치건의 힘상의 평가 동시 수행에 따른 주질 실사 약하등을 겨선한 세보다
p38_u77,p38,avg_ce0.0_ce10.0,전담제는 매주 심사와 지유대 영영향가를 불리하는 당하으로 지존 동일 치건의 심상의 평가 동시 수행에 따른 주제 심사 약하등을 결선한 될보다
p38_u78,p38,avg_taps_ce0.0,울선씨은 표월부터 상역을 고질적인 찬략 차랑에 외한 보호한 영치 단속을 지혜간다고 구일 관혔다
p38_u78,p38,avg_taps_ce10.0,울선씨은 표월부터 상을 고질적인 새약 차랑에 외한 본호한 영치 단속을 지혜간다고 구일 관겼다
p38_u78,p38,avg_ce0.0_ce10.0,울선씨은 팔월부터 상스 고질적인 채략 차랑에 내한 본호한 영치 단속을 지혜간다고 구일 밝쳤다
p38_u79,p38,avg_taps_ce0.0,시는 태국고원을 131으로 무성음된 시 구군 합도 단속발을 천성에 단소에으록간다
p38_u79,p38,avg_taps_ce10.0,시는 태무고원 13명으로 구성된 시 국군 합동우 단속발을 천성에 단속에 들어간다
p38_u79,p38,avg_ce0.0_ce10.0,신는 태무고모을 13명으로 구성우된 시 국군 합동우 단속발을 편성에 단속에 들어간다
p38_u80,p38,avg_taps_ce0.0,양시대성을 자롱살새를 이레 이상 체합한 사랑 꿈는 사량 관련을 가태르를 3혈만원 이상 체합한 사랑이다
p38_u80,p38,avg_taps_ce10.0,영시대장은 자동차새를 이v 이장의 천합한 차랑 또는 사량 관라는 가태료를 30만원 이상 체합한 사랑이다
p38_u80,p38,avg_ce0.0_ce10.0,양시대상은 자동차새를 이1 이상 체합한 사량 또는 살량 발란는 가태로를 3혈만원 이상 체합한 사랑이다
p38_u81,p38,avg_taps_ce0.0,신은 2번 단속터 자체 제작한 보호한 영시독그를 차험으로 하류게 신양 귀청공 관옷함을 장착한 사장에 되해셔도 단속을 버린다
p38_u81,p38,avg_taps_ce10.0,신은 입은 단소끝터 자체제작한 보호한 영치독구를 차음으로 활게에 시양 귀청공 관옷파을 장착한 사장의 되해소도 단속을 버린다
p38_u81,p38,avg_ce0.0_ce10.0,1은 입먼 단소 크터 자체제작한 보호한 영시도구를 처음으로 화류교에 시명 비리청공 건옷파을 장착한 사장의 되해서도 단속을 버린다
p38_u82,p38,avg_taps_ce0.0,기존 자동사에 달린인 청공 고호파는 볼트를 풀면 보너판을 영치할 수 있지만 비 청공 고호파는 볼트가 없서 보너판을 텐 수 있도록 영치도구을 자체 되력한 것이다
p38_u82,p38,avg_taps_ce10.0,기존 자동차의 달리인 청공 호호파는 본트를 풀면 본호판을 영치할 수 있지만 비 청공 고호파는 본트가 없서 보호판을 때 수 있도록 영치도구를 자체되력한 것이다
p38_u82,p38,avg_ce0.0_ce10.0,기존 자동사의 달리인 청공 고호파는 본트를 풀면 본호판을 영치할 수 있지만 비 청공 고호파는 본트가 없서 보호판을 때 수이도록 영치도구를 닫체되력한 것이다
p38_u83,p38,avg_taps_ce0.0,감원 세는 코로날일으로 인에 어려움을 병는 생혜개양 천학자에 정우 체나 처은 위회와 분할 나부등을 적행할 방칩니다
p38_u83,p38,avg_taps_ce10.0,다만 시는 코로날일으로 인해 어려움을 경는 생개양 체나자의 경우 체나차업본 유회와 분할 나부등을 적행할 방칩니다
p38_u83,p38,avg_ce0.0_ce10.0,가만 시는 코로날일으로 인해 어려움을 경는 생계형 체나자의 정우 체나차본 유회와 분할 나부등을 조경할 방칩니다
p38_u84,p38,avg_taps_ce0.0,의선시 광계자은 고질적인 채나 차랑에 되 공에 처분두 강약한 징수활동을 버리겠다며 체합 1 최소아을 위해 노럽하셨다고 말했다
p38_u84,p38,avg_taps_ce10.0,의선시 강계자은 고질적인 채합 차랑에 되 공매초분드 강약한 증수활 동을 버리겠다면 체합 1 최소화을 위해 돌었하셨다고 말했다
p38_u84,p38,avg_ce0.0_ce10.0,의전시 강계자은 고질적인 채나 차랑의 되 공매처분든 강약한 징수활동을 버리겠다면 체합 1 최소화을 위해 돌었하셨다고 말했다
p38_u85,p38,avg_taps_ce0.0,정남지역 주로되학들이 교획꾸등이 죽가하을 3당에에 산악 연염력 환도 되약 6종 서업에 최종 산정될다
p38_u85,p38,avg_taps_ce10.0,정남지역 주오 되학들이 교획부등이 죽건하을 3당의 산학 연음력 환도 되약 6성서업에 체종 선정될다
p38_u85,p38,avg_ce0.0_ce10.0,정남지역 주요 대학들이 교획꾸등이 주가하을 3당에 산학 연음력 현도 되약 6성서업에 최종 선여정졌다
p38_u86,p38,avg_taps_ce0.0,공난지역 대학까에 따르면 정남대 창원된 인제레가 링크 3점령 1요침 성장의 향 사업에 환정했다
p38_u86,p38,avg_taps_ce10.0,복난지역 되학까에 따르면 격남대 창원된 인제되가 링크 3점명 시요밭침 성장의 향사업에 환정으렸다
p38_u86,p38,avg_ce0.0_ce10.0,평난지역 되학까에 따르면 정남대 창원된 인제되가 링크 3점명 시요침 성장의 향우 사업에 환정으렸다
p38_u87,p38,avg_taps_ce0.0,입 살체대학은 5 2276까지 학표별 24보원에 국질를 지험받게 됩다
p38_u87,p38,avg_taps_ce10.0,이를 새체대학은 5늘 227년까지 학교별 2살보건의 국질를 지험밖게된다
p38_u87,p38,avg_ce0.0_ce10.0,이를 새세대학은 5는 202출년까주 학교별 2살보건의 국질를 지험받게된다
p38_u88,p38,avg_taps_ce0.0,이를 더학은 참막 3세약을 통안 지역 감동 계학 기어을 통에 선업개와 미의 사회의 필요한 인제 양성을 나존다
p38_u88,p38,avg_taps_ce10.0,이를 대학은 참막 사밀야을 통안 지역 감동우 배학 기원을 통에 사먹개와 미의 사회의 필요한 인제 양성의 나혼다
p38_u88,p38,avg_ce0.0_ce10.0,이를 대학은 참막 사필을 통안 지역 감동의 되학 기어을 통에 선업개와 미의 사회의 필요한 인제 양성의 나존다
p38_u89,p38,avg_taps_ce0.0,광남되는 산나기한 현약책계를 본고의 다져운 dv 별로을 사탕으로 산악친하양 더약 책에 했변 산악 마침영 인제 양서 지역특카분여 일력 양성 케계를 그치할 계획기다
p38_u89,p38,avg_taps_ce10.0,광남되는 산하의한 현약 책계를 공고의 다져운 tv 결로을 사탕으로 산악치하양 결학 책계 했견 산악 마으명 인제 양성 지역특하분약 일력 양성 채계를 그치할 외획기다
p38_u89,p38,avg_ce0.0_ce10.0,광남되는 찬하의한 현약책계를 공고의 다져운 집v 변로을 받탕으로 산락 친하형 달학책에 했견 산락 마치형 인제 양성 지역특카분야 일력 양성 택개를 그치할 되획이다
p38_u90,p38,avg_taps_ce0.0,파원데와 인제레도 기존 서과을 바탕으로 하나기할 행력책에 구축을 강화한다
p38_u90,p38,avg_taps_ce10.0,사원데와 인제되도 기은 서과을 바탕으로 하나겨 현력책에 구축을 강원한다
p38_u90,p38,avg_ce0.0_ce10.0,화원데와 인제되도 기존 서과을 바탕으로 하나견 염력책에 구축을 강원한다
p38_u91,p38,avg_taps_ce0.0,박질의 경람대악그 총정은 정란대가 보유한 인제와 확생히 기술이 지역과 기업에 건하는 새로올 산락 연념이야게 위래를 제세할 수 입일 바랍다고 밝혔다
p38_u91,p38,avg_taps_ce10.0,닥제의 경람대악듯 총정은 정란대가 보유한 인제와 확생 기술이 지역과 기업에 거하는 새로운 산악 연넘의여해 위래를 제세할 수 있길 발른다고 밝혔다
p38_u91,p38,avg_ce0.0_ce10.0,닥제의 경람대악듯 총정은 경람대가 보유한 민제와 확생 기술이 지역과학 지업에 관하는 새로운 산악 연넘이역해 위래를 제세할 수 있길 발른다고 밝혔다
p38_u92,p38,avg_taps_ce0.0,충국 지획 영구 종부원이 영우화 각 분화 점문과 확지 하는 충국 교로사 영화제작 특강에 첫번째 가정이 영화한 신나리오 연수를 연다
p38_u92,p38,avg_taps_ce10.0,충국 주익 영구 정보원이 영화화 각 분야 점문과 함께 하는 충국 교자 영화제작 특강에 첫번째 가정인 영화 시나리오 연수를 연다
p38_u92,p38,avg_ce0.0_ce10.0,충국주영구 종보원이 영화 각 분야더문과 함지하는 충국 교사 영화제작 특강에 첫번째 가정인 영화 시나리오 연수를 연다
p38_u93,p38,avg_taps_ce0.0,2번 연수에서 한국 신나리오 작가 협해 위사이여 한국 프 작과협에 정회원이 이미 정의 사가가 2사일에서 26을까지 교사 2신 6명을 되상으로 특강을 한다
p38_u93,p38,avg_taps_ce10.0,2번 연수에서 한국신나리오 작가 협해 2사이며 한곡 크 작가협해 정회원일 이미정의 작가가 2집사일에서 26을까지 교삭 26명을 대상으로 특강을 한다
p38_u93,p38,avg_ce0.0_ce10.0,2번 연수에서 한국신나리오 작가 협해 위사이며 한국 특 작가 협회 정회원일 이미정 작가가 2사에서 26을까지 교삭 26명을 되산으로 특강을 한다
p38_u94,p38,avg_taps_ce0.0,특강을 c나리오 아이티어 발성과 귀회 구성과 백치 술작과 분서 영활 시나리오 작성 실습경으로 부성된다
p38_u94,p38,avg_taps_ce10.0,특강을 c나리오 아이티어 발성과 귀회 구성과 백치 수작과 분석 영화 시나리오 작성 실쓰 증으로 구성된다
p38_u94,p38,avg_ce0.0_ce10.0,특강을 c나리오 아이디어 발성과 귀회 구성과 되치 스착과 분석 영화 시나리오 작성 실 쓰등으로 부성된다
p38_u95,p38,avg_taps_ce0.0,점문 시나려 자까에 새계적인 결을 통에 영화제적 영망을 강화하기 일일 말하줍없다
p38_u95,p38,avg_taps_ce10.0,선문 시나료 자까에 새계적인이 결을 통해 영화 제적 영량을 강화확기 위해 말른는다
p38_u95,p38,avg_ce0.0_ce10.0,점문 시나료 자까에 새계적인 결을 통해 영화제적 영향을 강화하기 위해 말하졌었다
p38_u96,p38,avg_taps_ce0.0,코나일고 학상 장지를 위해 충복 교육 연구 정부어 3층 iht 타c의 에pu텍트 스틀d오 장뒤를 하령한 o노프라인 동시 집파 면주로 지행된다
p38_u96,p38,avg_taps_ce10.0,코나일고 확상 방지를 위해 충국 되 연구 정보원 3층 iht 타c의 에비텍트 7디역 장지를 하령한 온노프라인 동시 지파 연수로 지행든다
p38_u96,p38,avg_ce0.0_ce10.0,코나일고 확상 장지를 위해 충복 되육 연구 정보원 3층iht tc를 에비u텍트 스필du 장지를 하령한 o노프라인 동시 지파 변수로 지행된다
p38_u97,p38,avg_taps_ce0.0,영화 신나리오를 시작으로 이화 영화 싸운들 3화 영화 영성 문법 사화 영화 철량과 조명등 영화 각 군야 점문과 함제하는 택강을 은영할 계획기다
p38_u97,p38,avg_taps_ce10.0,영화 시나리오를 시작으로 이와 영화 싸운들 찬와 영화 영상 문법 차화 영화 철량과 조명등 영화 각 군야 전문과 함게 하는 특강을 의영할 계획기다
p38_u97,p38,avg_ce0.0_ce10.0,영화 신나리오를 시작으로 이와 영화 싸운들 3와 영화 영상 문법 사화 영화 철량과 저명등 영화 각 군야 전문가와 함제하는 특강을 은영할 교획기다
p38_u98,p38,avg_taps_ce0.0,충복 그육 영구 종부원을 학표 영화제작 활성하을 위해 차작하는 영화제작 정비 원스톱 지원 서비츠를 운영하고 있어 학표 영화제작을 각극 지원하고 있다
p38_u98,p38,avg_taps_ce10.0,충복 그육 영구 종보하는 학교 영화되작 활성하을 위행 소작하는 영화제작 정비 원스톱 지원 서비스를 의영하고 있어 학게 영화제작의 덕급 지원하고 있다
p38_u98,p38,avg_ce0.0_ce10.0,충복 국육 영구 종보하는 학표 영화제작 활성하을 위행 철작하는 영화제작 정비 원스톱 지원 서비스를 은영하고 있어 학표 영화제작을 더스극 지원하고 있다
p38_u99,p38,avg_taps_ce0.0,사끼에서 제작된 영원은 오늘 cc월r 열리는 3의 1국 부육 영화지를 통해 강격에게 선보입다
p38_u99,p38,avg_taps_ce10.0,사결에서 제작된 영원을 오늘 cplr 열리는 3의 1국 되육 영화지를 통해 강격에게 선보인다
p38_u99,p38,avg_ce0.0_ce10.0,사결에서 제작된 영원을 오늘 cc월r 열리는 3에 1국 9육 영화지를 통해 강격에게 선보인다
p41_u00,p41,avg_taps_ce0.0,근건히 여사는 21일 현문의 정상해담 찬염만찬히 열긴 공립 징앙 통물간해서 초 발이든 미국 대통령을 남편 은석을 대택는각 있게 임접했다
p41_u00,p41,avg_taps_ce10.0,근건히 여사는 의술1일 흥의 정상해 담 사형만찬히 열긴 국및 지각 방물 간에서 초 발이든 미국 대통령을 담편 인석을 대터령과 게 연접했다
p41_u00,p41,avg_ce0.0_ce10.0,근건히 여사는 21일 혈리 정상해담 사녁만찬이 열긴 국및 증각 통물간에서 초 발이은 미국 대통령을 남편 진석을 대통령강있게 염접했다
p41_u01,p41,avg_taps_ce0.0,이날 대통령실를 등에 따르면 힌색 터티스 정장자림에 올림머리를 하고 행색 장감을 긴 긴몇하는 만찬장의 되착한 발이든 대통는과 악수하며 반단한 인사를 남했다
p41_u01,p41,avg_taps_ce10.0,이날 대통령실를 등에 따르면 힌색 특피을 정장자인에 올림머리를 하고 힌색 장감을 긴 긴여하는 완선장의 되착한 바이든 대통연과 악쓰하며 반단한 인사를 낭했다
p41_u01,p41,avg_ce0.0_ce10.0,이날 대통령실를 등에 따르면 힌색 특끼을 정장자인에 올림머리를 하고 힌색 장감을 긴 김여하는 완천장의 더착한 바이든 대통연과 악수하며 반단한 인사를 넘했다
p41_u02,p41,avg_taps_ce0.0,김여사는 인자후 발이진 대통령 눈 대통행과 함께 동물 관내 경선사지 십정접합과 황랑대통 복은 축더 금관 청년 4염 영동궁통 작음을 관람했다
p41_u02,p41,avg_taps_ce10.0,김여사는 인사로 발의준 대통령 눈 대통연과 함께 동물관내 경선사지 1청 석합과 황랑 되통 복분 축더 금관 청년4년 영동공통 작음을 갈람했다
p41_u02,p41,avg_ce0.0_ce10.0,김여사는 인사후 발이즈 대통령 은 대통연과 함께 당물관내 경선사지 십층석합과 홍남대총 복분 축더 금관 총년 4년 영동공통 작음을 관람했다
p41_u03,p41,avg_taps_ce0.0,금며사는 작통 걸람후 이에진 공식 환양 만탕행다에는 3적하지 않았다
p41_u03,p41,avg_taps_ce10.0,금여사는 작풍 걸람후 이여진 공식 현양 만터행가에는 3적하지 않았다
p41_u03,p41,avg_ce0.0_ce10.0,금여사는 작풍 관람후 이여진 공식 환양 만터행다에는 3적하지 않았다
p41_u04,p41,avg_taps_ce0.0,당초 금여사는 예교회 있어 엄깨한 사워주위에 따라 발이든 대청령이 방하하는 2박3일도한 모습을 제혼내지 않고 즐로한 내조를 할 것으로 정방됩다
p41_u04,p41,avg_taps_ce10.0,당초 금여사는 예교회 있어 엄격한 상호주의에 따라 바이든 대통령이 방하하는 2박3일동한 모습을 절러내지 않고 들요한 내조를 할것으로 전방됩다
p41_u04,p41,avg_ce0.0_ce10.0,당초 금여사는 예교회 있어 엄깨한 창호주위에 따라 발이은 대청년이 방하하는 2박3일동한 모습을 철러내지 않고 줄요한 내조를 할것으로 정망됩다
p41_u05,p41,avg_taps_ce0.0,다이른 재통명이 이반 당안에서 구인 질 자이른 몇사와 통의 하지 않았기 때문인데 이의 진면사도 모습을 저러내개어를 것이한 반측이 필배적이 했다
p41_u05,p41,avg_taps_ce10.0,다이든 재통 영이 이번 방안에서 부인질 자이든 몇사와 동행하지 않았기 때문입된 이의 진면사도 모습을 저러내게어를 것이한 간책이 기배적이었다
p41_u05,p41,avg_ce0.0_ce10.0,바이든 재통 명이 입번 방안에서 구인 질 바이든 몇사와 동의하지 않았기 때문인된 이의 직면사도 모습을 저러내게어를 것이한 간측이 기배적이었다
p41_u06,p41,avg_taps_ce0.0,그러나 비공식 홍사등을 동해에 바이은 대터령에게 인사하는 것을 예의로 변단 이날 만편 형사전에 밤짝 등강했다
p41_u06,p41,avg_taps_ce10.0,그러나 비공식 형사 동일 공해 바이은 대터령에게 인사하는 것을 예의로 변단 이날 만편 형사 전행 감짝 동강했다
p41_u06,p41,avg_ce0.0_ce10.0,그러나 비공식 형사 정일 동해 바이은 대터령에게 인사하는 것을 예의로 변단 이날 만천 형사 전에 검짝 등강했다
p41_u07,p41,avg_taps_ce0.0,광방찬 전 애슬틀라스 자산 온념해장이 금긴 감동원 재대심이 위하느에서 직무 정리 접분을 받았다
p41_u07,p41,avg_taps_ce10.0,강방찬 전 애슬틀라스 자산 온영해장이 금민 감동원 대대신의 위어내에서 징구 정기 접분을 받았다
p41_u07,p41,avg_ce0.0_ce10.0,강방찬 전 애슬플라스 자산 온념 해장이 금육 감동원 제대신의 위어내에서 징무 정기 접분을 받았다
p41_u08,p41,avg_taps_ce0.0,시부을 금육 투자 없게 따르면 근거머은 전날 열린 되제 심이 위원내에서 강건 해장에 대해 직무 정주와 가태로 부가등을 결정했다
p41_u08,p41,avg_taps_ce10.0,시부일 금육 투자없게 따르면 금거마는 전날 열린 대대시의 위어내에서 강건 회장의 대해 직무 정주와 가태로 부가등을 결정했다
p41_u08,p41,avg_ce0.0_ce10.0,시부을 금육 투자없게 따르면 금거마는 전날 열린 되제 신류 이어내에서 강전 회장의 대해 직무 정지와 같태로 부가등을 결정했다
p41_u09,p41,avg_taps_ce0.0,이먼에 대한 흥계는 주의 주의적 경고 문체 경고 징무 정지 해인 경고로 나인다
p41_u09,p41,avg_taps_ce10.0,이먼에 대한 분계는 주의 두의작 경고 문책 경고 직무 정지 해인 경거로 나인다
p41_u09,p41,avg_ce0.0_ce10.0,이먼에 대한 분계는 주의 주의작 경고 문책 경고 징무 정지 행인 경거로 나인다
p41_u10,p41,avg_taps_ce0.0,칭무 종기의 경우 홍호 사명간 금영건 이먼 치업이 개한되는 중긴개에 해작한다
p41_u10,p41,avg_taps_ce10.0,칭무 정귀의 행우 홍우 4명간 금영건 이먼치업이 개한되는 중김개에 해당한다
p41_u10,p41,avg_ce0.0_ce10.0,침무 정지의 경우 향우 4명간 금영건 이먼 치업이 재한되는 중짐개에 해작한다
p41_u11,p41,avg_taps_ce0.0,강전 회장은 1역수자 의혹이 불어지이 획전 지난 치를 경명있선에서 물루난바있다
p41_u11,p41,avg_taps_ce10.0,강전회장은 차명 추작 의혹기에 불고지기 북전 지난 7를 격령읽선에서 물로 남바 있다
p41_u11,p41,avg_ce0.0_ce10.0,강점회장은 처명 추자 의혹이 불어지기 극전 지난 치를 경령역있어에서 물로 남바 있다
p41_u12,p41,avg_taps_ce0.0,금거머은 에새플로스 음명을 대상으로 한 정기 공사 바정에서 강해장이 차여혈통한 자기 메매를 희험정황해 평겠다
p41_u12,p41,avg_taps_ce10.0,금가머은 새플러스 음명일 대상으로 한 정기 공사 가정해서 강해장이 차명을 통한 자기 메매를 헤운 정황해 평겠다
p41_u12,p41,avg_ce0.0_ce10.0,금가머은 e새플러스 음명을 대상으로 한 정기 공상 가정해서 강해장이 차명을 토한 자기 메매를 헤정황해 평겠다
p41_u13,p41,avg_taps_ce0.0,근가원는 공요 피스 없체 원접들레스매에 각해장이 데인 자금을 대항해든뒤 법일 명이로 주식 두자를 한 것이 사명구자 자기 매매라고 판단했다
p41_u13,p41,avg_taps_ce10.0,금과험은 공요 피스 없체 원덮들러스배에 강해장이 계인 자금을 대항해준디 법의 명이로 주식 두자를 한 것이 선면구작 자기 내매라고 판단했다
p41_u13,p41,avg_ce0.0_ce10.0,금과원은 공요 피스업체 원접들레스배에 각해장이 계인 자금을 대항해준디 법의 명이로 주식 두자를 한 것이 서면구작 자기 매매라고 판단했다
p41_u14,p41,avg_taps_ce0.0,원더플로스는 강해장이 대죽부 강해장에 딸이 이대 주주로 올라와 있다
p41_u14,p41,avg_taps_ce10.0,원더플로스는 강해장이 대추두 강해장의 딸이 이대 주주로 올라와 있다
p41_u14,p41,avg_ce0.0_ce10.0,원더플로스는 강해장의 대죽부 강해장의 딸이 이대 주주로 올라와 있다
p41_u15,p41,avg_taps_ce0.0,궁감원의 저대심 인후 계제는 궁명 예언에 증것 섬물 위한의 금명이 정네 회해를 거터 채정 결정된다
p41_u15,p41,avg_taps_ce10.0,금감원에 제제심 이후 제제는 금욕 이언해 증가 섬물 이언해 금육이 정네 회이를 거쳐 체정 결정된다
p41_u15,p41,avg_ce0.0_ce10.0,금감원에 제대심 이후 제제는 금욕 이원해 증가 섬물 위어에 금용이 정네 회이를 거쳐 체정 결정된다
p41_u16,p41,avg_taps_ce0.0,온산 중국 원도신 통점관은 종국채점 장해의 태전 기간동안 혼님 마디 택정할를 행타를 말음했다
p41_u16,p41,avg_taps_ce10.0,올산 중국 원도신 통점관은 중국 태점 장해이 태전 기간동안 혼님마디 특정할을 행타를 말음행다
p41_u16,p41,avg_ce0.0_ce10.0,얼산 중국 원도신 청점관은 중국 체점 장해인 태전 기간동안 혼님마디 특정할일 행활를 말름행다
p41_u17,p41,avg_taps_ce0.0,중구는 오는 7일부터 24일가주 문화의 거리와 보세거리 젊음의 거리 열검시진의 성잠음 여드나홉곳이 특절 현궁사를 지행인다고 예길 밝겠다
p41_u17,p41,avg_taps_ce10.0,증군는 오는 7일부터 24일가지 문마 거리와 보세거리 젊음의 거리 열검시키의 성잠음 여드나홉 곳이 특절 현 평사를 지행한다고 여길 밝켰다
p41_u17,p41,avg_ce0.0_ce10.0,중구는 오는 7일부터 2자일가지 문화 거리와 보세거리 젊음의 거리 열검십진의 성잠함 여드나홉 곳이 특절 현 평사를 지행한다고 여길 밝켰다
p41_u18,p41,avg_taps_ce0.0,이짝권이나 홍부물든 정우 체정 활련 물픔을 즐고 해장 소를 장문하면 재풍 과격 하림과 물려움몇든 다양한 했택에 받을 수 있다
p41_u18,p41,avg_taps_ce10.0,입장권이나 홍부물든 정국 체정 발련물품을 즐고 해장 수을 당문하면 재풍 과격 하린과 무려 움료든 다양한 했택에 받을 수 있다
p41_u18,p41,avg_ce0.0_ce10.0,입장권이나 홍부물든 정국 체정 발련물품을 즐고 해장 수를 장문하면 재풍 화격 화인과 무려 움몇든 다양한 했택에 받을 수 있다
p41_u19,p41,avg_taps_ce0.0,또 202기뒤 정국태전 올한 인타 개럼계정을 팔러오 행기 이쟁의 배도 같은 했택을 자를 수 있다
p41_u19,p41,avg_taps_ce10.0,또 202기d 정국태년 올한 인타 개럼 계정을 팔러우 행기 인중의 배도 같은 했택을 자을 수 있다
p41_u19,p41,avg_ce0.0_ce10.0,또 202기d 정국 태전 올잔 인타 괴럼 계정을 팔러우현지 일중의 배도 같은 했택을 자을 수 있다
p41_u20,p41,avg_taps_ce0.0,매가 박스 우산점은 정국 체정기간 동안 용화 표삼처원 큰공새트 삼처원 하리 의해를 기내행는다
p41_u20,p41,avg_taps_ce10.0,매가 박수의 울산점은 정국 태정 기간 동안 용화 표삼처원 큰봉새트 삼천원 하리 맹혈를 기행했다
p41_u20,p41,avg_ce0.0_ce10.0,매가 박스 울산점은 정국 체정 귀간동안 용합 표삼처원 큰본재터 삼천원 하리 맹화를 디행했다
p41_u21,p41,avg_taps_ce0.0,중구 문화 거리 208의 입치한 을상 태메이 기은 10월 한달 중안 다양한 작독을 23버 하인된 가개워로 풍내 안다
p41_u21,p41,avg_taps_ce10.0,중구 문할 거리 208의 입키한 울쌍 태메기 기은 10월 현달 종한 다양한 작독을 23버트 하인된 가개고로 풍해한다
p41_u21,p41,avg_ce0.0_ce10.0,중구 문화 거리 208의 입치한 올쌍 케메이 기은 10월 현달 종연 다양한 사품을 23버 하인된 가격고로 풍해한다
p41_u22,p41,avg_taps_ce0.0,금명길 중구 청장은 얼산을 방문한 많은 승님들의 원도심에서 먹고 즐귀고 편히시는등 좋은 추옥을 마이 만들고 가측이 바랍다고 말했다
p41_u22,p41,avg_taps_ce10.0,김명길 중구 청장은 얼산을 방문한 많은 숨님들의 원도심에서 먹고 즐굴고 편히 기는등 도은 초옥을 많이 만들고 가기일 바랍다고 많했다
p41_u22,p41,avg_ce0.0_ce10.0,금명길 중구 청장은 얼잔을 방문한 많은 습님들의 원도심에서 먹고 즐길고 편히지는등 좋은 초옥을 마이 만들고 가집일 바랍다고 말했다
p41_u23,p41,avg_taps_ce0.0,한 편 울자에서 시7년 만에 열리는 제 백삼의 정국치획 대와 제 4시비의 정국 장인 치에개에는 오는 7를부터 일 잘가릴 펼잘집다
p41_u23,p41,avg_taps_ce10.0,한편 울자에서 시7년 만의 열리는 제 백삼의 정국 치획대와 제 40비의 정국 장인 치획개에는 오는 7를부터 입살까디 펼찰진다
p41_u23,p41,avg_ce0.0_ce10.0,한편 울자에서 스7년 만의 열리는 제 백상의 정국 치획대와 제 4시비의 정국 장인 치획개에는 오는 7를부터 의살까질 펼잘집다
p41_u24,p41,avg_taps_ce0.0,학교 급식을 공급하는서 원선지를 허위 출시한 나프 없자들이 인천씨에 접발댔다
p41_u24,p41,avg_taps_ce10.0,학교 급식을 공급하면서 원산지를 호의 출시한 나품없자들이 인천시에 적발됩다
p41_u24,p41,avg_ce0.0_ce10.0,확교 급식을 공급하면서 원선지를 호의출시한 나품없자들이 임천시에 적발됩다
p41_u25,p41,avg_taps_ce0.0,인선시 특결 사복 경찰은 종 3물의 원산징 포시등에 관한 덤류 입반등으로 다품없자 내명을 적발했다고 이기참을 밝켰다
p41_u25,p41,avg_taps_ce10.0,인선시 특절 사법 경차은 종구 3물의 원산진 포시등에 관난 범류위반등으로 다픔없자 내명을 적발했다고 2집참일 밝혔다
p41_u25,p41,avg_ce0.0_ce10.0,인선시 특절 사법 경찰은 종의 3물의 원산진 포시등에 관한 더류 위반등으로 다픔없자 내명을 적발했다고 이집함일 밝켰다
p41_u26,p41,avg_taps_ce0.0,인천 택사경은 지나 시잠을 부터 2집에까지 초주은 고교 급지 갚품먹소 서름 곳을 대상으로 단속의 버렸다
p41_u26,p41,avg_taps_ce10.0,인천특사 경은 지난 시자을 부터 2집까지 초중운 고교 급직 나품먹소 서른 곳을 대장으로 단속을 버렸다
p41_u26,p41,avg_ce0.0_ce10.0,인천특자경은 지난 시자을 부터 2집의까지 초중운 고교 급직 나품먹소 서른 곳을 대장으로 단속을 버렸다
p41_u27,p41,avg_taps_ce0.0,적발된 a 업체는 중기성과 국장 고축가릴 서고 제주한 깊치에 고축가로 원산 류를 국상으로 초시했다
p41_u27,p41,avg_taps_ce10.0,적발된 a 업체는 중국상과 국장 고축가르릴 사어 제조한 길치에 고축카로 원판 결를 국상으로 처시했다
p41_u27,p41,avg_ce0.0_ce10.0,척발전a 업체는 증기상과 국장 고축가르릴 맞어 제조한 길치에 고축가로 원산 류를 극산으로 초시했다
p41_u28,p41,avg_taps_ce0.0,비업체는 태획섬 낙지와 국상 낙지를 혼났단 낙치의 원산 뒤를 국산 후소 시 없체는 중기산 표고보서을 국산으로 거짓 표시 않기 나품했다
p41_u28,p41,avg_taps_ce10.0,비업체는 태육상 낙지와 국상 낙지를 혼났한 낙지의 원산 일를 국산으로 시없체는 중국구산 표우보서을 국산으로 거짓 표시 한기 맞품했다
p41_u28,p41,avg_ce0.0_ce10.0,비업체는 태극섬 낙지와 국상 낙지를 혼났한 낙지의 원산일를 국잔으로 시업체는 중기산 표고보서을 국자으로 거지 표시 한기 나품했다
p41_u29,p41,avg_taps_ce0.0,기 업체을 능동 소옥일를 능장 성처러 보가나다가 축삼을 위0 관립법이반으로 서달했다
p41_u29,p41,avg_taps_ce10.0,뒤 업체는 능동 소옥일를 능장 항사로 보가나다가 축섬을 위생 관립법이 반으로 석발됩다
p41_u29,p41,avg_ce0.0_ce10.0,뒤 업체는 능동 소옥기를 능장 상사로 보가나다가 축삼을 위청 관립법이반으로 좋달됩다
p41_u30,p41,avg_taps_ce0.0,인선 숙사경은 적발련 업체에 대행 조사를 버림길 검찰의 송치하고 건날 부성의 통보해 행정서부 하도록 고치할 내정이다
p41_u30,p41,avg_taps_ce10.0,인선 숙사경은 적발련 업체에 대해 조사를 버림기 검찰의 송치하고 건날 구청의 통보해 행정처부하도록 고치할 내정니다
p41_u30,p41,avg_ce0.0_ce10.0,인선 숙사경은 적발련 업체에 대해 조사를 버림기 검찰의 송치 하고 건날 고청의 통보해 행정서부 하도록 고치할 내정니다
p41_u31,p41,avg_taps_ce0.0,농수 삼을 원산직 조시를 위반하면 7년 이야의 두역이나 이어거 이야의 벌급명의 처해진다
p41_u31,p41,avg_taps_ce10.0,농수삼을 원산직 조시를 위반하면 7년 이야의 기역이나 이어건 이야의 벌급명이 처해진다
p41_u31,p41,avg_ce0.0_ce10.0,농수삼을 원산직 조시를 위반하면 7년 이야의 두력이나 이러어건 이야의 벌급명에 처해진다
p41_u32,p41,avg_taps_ce0.0,축삼물 이선 관립법을 일반하면 3년 이할 부욕이나 청천만원 이야의 발금향에 받게된다
p41_u32,p41,avg_taps_ce10.0,축삼물 이선 관립법을 유반하면 3년 이야의 죽역이나 선천만은 이야의 발금향의 받게든다
p41_u32,p41,avg_ce0.0_ce10.0,축삼물 이성 관립법을 유반하면 3년 이야의 북역이나 선천만은 이야의 발금형의 받게든다
p41_u33,p41,avg_taps_ce0.0,인천시 관계다는 성장기아이들의 안전하게 목을 수 입는 식제로 공급항경 도성을 위해 학겨겁기 나픔없서에 대앗 잔속을 부적적으로 하겠다고 말했다
p41_u33,p41,avg_taps_ce10.0,임천시 관계담은 성장귀아이들의 안전하게 먹을 수 있는 쉽제로 공급항경 도성을 위해 학교겁직 나픔없서에 대앗 단석을 그석적으로 확겠다고 말했다
p41_u33,p41,avg_ce0.0_ce10.0,인천시 관계담은 총장귀아이들의 안전하에 먹을 수 있는 쉽제로 공급항경 도성을 위해 학개 겁직 나픔없서에 대앗 잔석을 지적적으로 확겠다고 말했다
p41_u34,p41,avg_taps_ce0.0,지난의 바월 카을 허약 일후 2의 만명에 자라는 아프가니스탄 군민들이 해개힘길에 올랐다
p41_u34,p41,avg_taps_ce10.0,티난의 발월 칼을 형락 이후 2의만영의 달라는 아프가니스탄 국민들이 해개평길에 올랐다
p41_u34,p41,avg_ce0.0_ce10.0,지난의 8월 칼을 허락 이후 2만영의자라는 아프가니스탄 국민들이 회획키는 길에 올랐다
p41_u35,p41,avg_taps_ce0.0,이들 중 주앞프간 형국 대사간 항국 국제 혈력 던든 과고 항국 관련 기간에 몸담았던 특별 기어자 398명이 형국당을 발받다
p41_u35,p41,avg_taps_ce10.0,이들 중 주앞프간 형국대사간 항국 국제 혈력 단등 가고 항국 관련 기간에 몸담았던 특별 기어자 398명이 홍국당을 발받다
p41_u35,p41,avg_ce0.0_ce10.0,이들 중 주앞프간 홍국대사간 항국 국제 혈력 단등 가고 홍국 관련 기간에 몸담았던 특별 기어자 398명이 홍국당을 발받다
p41_u36,p41,avg_taps_ce0.0,전남 요수 헤형 경찰 기건에서 약 육개간에 정착 교그 거이 느들은 올초부터 김에 기억 그곳에 철를 잡고 성문라고 있다
p41_u36,p41,avg_taps_ce10.0,전남 여수 행용 경찰 기건에서 약 육결간에 정착 교우굴 거이 유들은 올초부터 궁네 기역 굳곳에 철를 잡고 성라고 있다
p41_u36,p41,avg_ce0.0_ce10.0,전남 여수 행용 경찰 교우건에서 약 육결간에 병착 교우의 거치 녀절은 올초부터 긴네 기억 국곳에 표를 잡보 성문라고 있다
p41_u37,p41,avg_taps_ce0.0,폭질 귀여다중 가장만은 숨을 아홉가고는 울짝 광역지와 현대 증공없음에 도움으로 일잔 동구에 거처를 마렵했다
p41_u37,p41,avg_taps_ce10.0,특질 기여다중 가장만은 숨을 아홉가고는 울장 동역지와 현대 증공없등에 더움으로 일잔 동고에 거처를 말련했다
p41_u37,p41,avg_ce0.0_ce10.0,특별 귀여다중 가장만은 숨을 아홉가고는 울짝 동력지와 현대 증공없등에 더움으로 울잔 동고에 거처를 말련했다
p41_u38,p41,avg_taps_ce0.0,이들 생계를 세인지는 숨물하음 명에 가장들은 행대 증공업 평력 없체에서 배화 니나 보자 은진 돌리과 하툼일을 하고 있다
p41_u38,p41,avg_taps_ce10.0,이들 생계를 책인지는 숨을하음 명에 가장들은 현대 중공업 성력 없체에서 배이나 보장 은진 돌리과 앞트밀을 하고 있다
p41_u38,p41,avg_ce0.0_ce10.0,이들 생계를 책인지는 숨을나음 명에 가장들은 현대 증공업 평력 없체에서 배관이나 보장 은진 돌리과 같으밀을 하고 있다
p41_u39,p41,avg_taps_ce0.0,이 정수 올산 다문나 지원 센터 장에 따라면 조부들은 다문나 지원 센터에서 진행하는 문화 교육을 받고 아이들은 인금 확교에 간니고 있다
p41_u39,p41,avg_taps_ce10.0,이 정수 울산 다문나 지원 센터 장에 따라면 조부들은 다문나 지원 센터에서 진행하는 문화 교육의 받고 아이들은 인근 확교에 간니고 있다
p41_u39,p41,avg_ce0.0_ce10.0,이 정수 울산 다문나 지원 센터 장에 따라면 조부들은 다문나 지원 센터에서 진행하는 문화 교육을 받고 아이들은 인근 확교에 간니고 있다
p41_u40,p41,avg_taps_ce0.0,특별 기여자들은 6건 처럼 심문을 짐려한 수단이 없서 일장 성활에서 어렵움을 겪고 있는 것으로 알려졌다
p41_u40,p41,avg_taps_ce10.0,특별 기여자들은 역건처럼 심훈을 증령할 수단이 없어 일작성활에서 어려움을 겪고 있는 것으로 알려졌다
p41_u40,p41,avg_ce0.0_ce10.0,특별 기여자들은 역건처럼 심문을 증령할 수단이 없어 의장상활에서 어려움을 겪고 있는 것으로 알려졌다
p41_u41,p41,avg_taps_ce0.0,한 특질 기여자는 통송적인 웹사이트 이움이나 률장 인한 처리 계자 계설준 여러 방면에서 막크는 입이 만하고 했다
p41_u41,p41,avg_taps_ce10.0,한 특질 기어자면 통성적인 웹사이트 이움이나 일장 이한 처리 괴자해설중 여러 방면에서 맡키는 일기 만하고 했다
p41_u41,p41,avg_ce0.0_ce10.0,한 특질 기어자면 통송적인 웹사이트 이움이나 일장 인한 절리 계자해설증 여러 방면에서 막크는 일이 만하고 했다
p41_u42,p41,avg_taps_ce0.0,미국은 환국더 하치 직황 정부 지역사에 등이나서 아프간 이중인들의 정착을 덕고있다
p41_u42,p41,avg_taps_ce10.0,미국은 홍국과 같치 징광정부 지역사의 드이다서 아프간 이즈민들의 정착을 덮고있다
p41_u42,p41,avg_ce0.0_ce10.0,미국은 황국과 같치 징광정부 시역사의 드이다서 아프간 이즈민들의 정착을 덮고있다
p41_u43,p41,avg_taps_ce0.0,리 국토 안부보에 따르면 지난의 팔월 이후 미국으로 건노온 나투간 공류면 약 해만 입0명에 달랍다
p41_u43,p41,avg_taps_ce10.0,미 국토 안부보에 따르면 지난의 팔월 이후 미국으로 건노온 나토간 공류는 약 키만 60명에 달한다
p41_u43,p41,avg_ce0.0_ce10.0,미 국토 안부보에 따르면 지난의 팔월 이후 미국으로 건노온 나투간 공류는 약 760명에 달한다
p41_u44,p41,avg_taps_ce0.0,이들은 주작체미 자음 봉사 연체가 제공하는 정착 풀르거림을 통해 직과 직장을 말련하고 있다
p41_u44,p41,avg_taps_ce10.0,이들은 주작 체미 자음 봉사 연체가 제국하는 정착 풀르구림을 통해 직과 즉장을 말을 하고 있다
p41_u44,p41,avg_ce0.0_ce10.0,이들은 주작 체미 자음 봉사연체가 제군하는 정착 풀르고림을 통해 직과 직장을 말을 하고 있다
p41_u45,p41,avg_taps_ce0.0,이들이 리국의 머물를 수 입는 인지 있국 허가 귀가는 이면의 조간 것이 문제다
p41_u45,p41,avg_taps_ce10.0,이들이 미국의 머물를 수 있는 인기 있국 허가기간는 인면에 부간 것이 문져다
p41_u45,p41,avg_ce0.0_ce10.0,이들이 미국의 머물를 수 있는 인지 있국 허가기간는 이면에 조간 것이 문져다
p41_u46,p41,avg_taps_ce0.0,미ct ti스는 바이즈 행광부는 이즈에게 측방 위을 받은 당기적 해결책기 아닌 영즐건 부여등 장기적 계책을 제공해야 앉다고 기적했다
p41_u46,p41,avg_taps_ce10.0,미ct 타인스는 바이드 행광부은 이들에게 측방 위에 받은 당기적 해결책기 아닌 영국건 부여등 장기적 계책을 제공해야 앉다고 디적했다
p41_u46,p41,avg_ce0.0_ce10.0,미ct ti스는 발이즈 행광부은 이으에게 추방 위회 받은 당기적 해결책이 아민 영즉권 부여등 장기적 계책을 제공해야 앉다고 디적혔다
p41_u47,p41,avg_taps_ce0.0,일보은 정부분 아니라 대아 귀엎든 닌간에서서 아프한 이지민들을 주원하고 있다
p41_u47,p41,avg_taps_ce10.0,일보은 정부분 아니라 대야 귀 없등 민간에서도 아프한 이으민들을 지원하고 있다
p41_u47,p41,avg_ce0.0_ce10.0,일보은 정부은 아니라 대약 뒤 없등 민간해서소 아프한 이지민들을 지원하고 있다
p41_u48,p41,avg_taps_ce0.0,지나 노월 히로시마 대학은 가고 이확쟁 심훈이었더 아프간 걱민결 다더 명을 영구원으로 체용하고 죽거든 생활할 지언을 제금하기로 했다
p41_u48,p41,avg_taps_ce10.0,지나 노월 히로시마 대학은 가고 유확쟁 식훈이었던 아프간 공능 열다섬명을 영구원으로 체용하고 죽고등 생활 지언을 적금확기로 했다
p41_u48,p41,avg_ce0.0_ce10.0,지나 노월 리로시마 대악은 가고 유확쟁 식훈이었던 아프간 국능 면다섬 명을 영구원으로 체용화고 죽거등 생활 지언을 적금확기로 했다
p41_u49,p41,avg_taps_ce0.0,아프관과 국경을 맞되고 있어 더거부터 남민 위이 자았던 파키스탄의 경우 현재 1고  만명에 달라는 아프관 금림이 거주 주는 것으로 알려졌다
p41_u49,p41,avg_taps_ce10.0,아프관과 국경을 맞되고 있어 더거부터 남민 위이 자았던 파키스탄의 경우 현재15 만몇에 달라는 아프강국림이 거주 중는 것으로 알려졌다
p41_u49,p41,avg_ce0.0_ce10.0,아프관과 국경을 맞되고 있어 적어부터 남민 위이 자았던 파키스탄의 경우 현재배고 만람에 달라는 아프강 국인이 거주 중는 것으로 알려졌다
p41_u50,p41,avg_taps_ce0.0,하지만 일르은 파키스탄 정부와 텔레반의 우어적 감격당해 벌달른 인도적 지원없이 감만한 생활를 하고 있다고 미국 매체 더디스 백치가 지난달 포도했다
p41_u50,p41,avg_taps_ce10.0,하지만 일르은 특키스탄 정부와 텔레반의 우어적 감곁다혀 별달른 인도적 지원 없이 감만한 생활를 하고 있다고 미국 메체 더리스 백치가 지난달 포도했다
p41_u50,p41,avg_ce0.0_ce10.0,하지만 이별은 폭키스탄 정부와 텔레반의 우어적 감곁하혀 별달른 인도적 지원 없이 감만한 생활를 하고 있다고 미국 메체 더리스 벽치가 지난달 포도했다
p41_u51,p41,avg_taps_ce0.0,엘래스 전선아시아가 배츠한 채대 부통산 개발없체 빈험에 드역명 전몇공급 시템 버사석들를 공급했다고 208일 발켰다
p41_u51,p41,avg_taps_ce10.0,에래스 전선아시아가 배트남 체대 부롱산 개발롭체 빈험에 대역양 전역공급 시스템 버석더를 공급했다고 208일 발혔다
p41_u51,p41,avg_ce0.0_ce10.0,엘래스 전선아시아가 배천함 체대 조종산 개발없체 빈험에 드역양 전역공급 시텐 버석절를 공급했다고 2집8일 밝켰다
p41_u52,p41,avg_taps_ce0.0,이 시스템은 비통 하노이시와 폭지 인시의 답는 13만 세대 글모에 대여 아받트 단비에 절력공급에 사행든다
p41_u52,p41,avg_taps_ce10.0,이 시스템은 비노및 하노이시와 혹지 민시에 기는 13만 새대 기모에 대영 앞바트 단길에 절려공급에 사형든다
p41_u52,p41,avg_ce0.0_ce10.0,이 시스템은 지노및 하노이시와 속지 민시의 군는 13만 새대 그모에 대영앞바트 단디에 절려공급에 생행든다
p41_u53,p41,avg_taps_ce0.0,빈홀이 대트남 40요 더시에 수신만음에 즉태 건소를 디행하고 있어 추가 수주도 길레든다
p41_u53,p41,avg_taps_ce10.0,빈홍이 대트남 40요 도시에 수신만음의 즉택 건소를 기낼하고 있어 추가 수수도 길레든다
p41_u53,p41,avg_ce0.0_ce10.0,빈홍이 대트남 40요 도시에 수신마음의 즉택 건절를 기낼하고 있어 추가 수주도 기내든다
p41_u54,p41,avg_taps_ce0.0,헤를 수 전선아시아는 비노의 모그럽인 빈거르이 건선하는 대영 색핑물과 지것트 플냄트 등해또 재은 공급을 측년 계획이다
p41_u54,p41,avg_taps_ce10.0,텔를 수 전선아시하는 비노의 모그럽인 빈거럽이 건절하는 대영식딩물과 지교트 플낸터 드매또 재은 공급을 측날 계획기다
p41_u54,p41,avg_ce0.0_ce10.0,텔를 수 전선아시하는 피노의 모그럽인 긴거럽이 건전하는 개양식등 물광 주교트 필랜터 드에또 재은 공급을 춤이할 계획기다
p41_u55,p41,avg_taps_ce0.0,버스도트는 수죄 축정받닥에 전선대신 근속킬리스라함에 판년 고체를 너어 제용향의 절력을 공급한다
p41_u55,p41,avg_taps_ce10.0,버스덕트는 수재 추장받닥에 전선대신 군속킬리스작에 판년 도체를 나어 제용망에 절력을 공급한다
p41_u55,p41,avg_ce0.0_ce10.0,버스덕트는 수에 추정받닥에 전선대신 금속키리스라에 판년 도체를 너어 제용망에 절력을 공급한다
p41_u56,p41,avg_taps_ce0.0,전선보자 설침와 이동이 간편하고 공관의 적에 차비에 초옷층 들긴과 아바트 공장령을 경심으로 도입이 늘어하는 추세다
p41_u56,p41,avg_taps_ce10.0,전선보다 설치왕 이동이 감편하고 궁관을 적개 자리에 초고청 들긴과 앞아트 궁강령을 중심으로 도입이 더어라는 추해다
p41_u56,p41,avg_ce0.0_ce10.0,전선보자 설치와 이동이 감편하고 궁관을 적에 자리에 초고청 즐긴과 아바트 공장등을 경실으로 도입이 더어라는 출세다
p41_u57,p41,avg_taps_ce0.0,lr스 전서 낭시하는 우십7년 호지이 rr스cv에 숨규설지를 보추 건스덕 통 시장 거이진인 베트남에 진출했다
p41_u57,p41,avg_taps_ce10.0,해래스 전선 아시하는 우077년 후지민 r래스cv의 승규설질를 보출 검스덕 통시장 고이끼인 베트남의 진투했다
p41_u57,p41,avg_ce0.0_ce10.0,엘래스 전선 아시하는 우07년 했지민 mr스c v에 총규설지를 고출 검스덕 통시장 거이진인 대트남의 증취울했다
p41_u58,p41,avg_taps_ce0.0,베층남은 개임후 앞박에 잔교와 상험년 길긴idh센터 공장 건설이 해발해 지면서 검몰에 전선대신 복똑크를 도입하는 자에가 들었다
p41_u58,p41,avg_taps_ce10.0,베특남은 개임후 앞받트 단교와 상험용 계우징idh센터 공장 건설이 해발했지면서 검모에 전선대신 부독들를 도입하는 자에가 들었다
p41_u58,p41,avg_ce0.0_ce10.0,베출남은 개임후 앞받트 잔교와 상험형 교딩idh선터 공장 건설이 회발래지면서 검모의 전선대신 부독들를 도입하는 자례가 들었다
p41_u59,p41,avg_taps_ce0.0,백긴제 엘래을 전선 아시아 대표는 공네 벗스덕 트 시장 이루인 에래스 전선에 기술력을 기반으로 베튼난 시장을 생점하겠다고 말했다
p41_u59,p41,avg_taps_ce10.0,백긴제 엘래수 전선 아시아 대표는 공네 보스덕 투 시장 이루인 엘래스 전선에 기술역을 기반으로 베틀남 시장을 현점하겠다고 말했다
p41_u59,p41,avg_ce0.0_ce10.0,배긴제 엘래스 전선 아시아 대표는 공네 벗스덕 트 시장 이루인 e래스 전선에 기술역을 기반으로 베틀남 시장을 선점하겠다고 말했다
p41_u60,p41,avg_taps_ce0.0,k키올스터 손수단니 형제 부단인 k키위지의 조청을 받아 수원 야고장에 간다
p41_u60,p41,avg_taps_ce10.0,kk월스터선수다니 형제 부단닌 kk 입비의 초청을 받아 수원 야구장에 간다
p41_u60,p41,avg_ce0.0_ce10.0,k티월스터선스다니 홍제 부단닌 k티 위지의 초청을 받아 수원 야구장에 간다
p41_u61,p41,avg_taps_ce0.0,텍피 위질 부다는 온원 시티일 수원 킬피 위즈 파크에서 열리는 엘리와에 흥경기의 형제 부단닌 k피 올스터 선수 단을 축청에 주스터 대일를 계체한다고 1비의 잘혔다
p41_u61,p41,avg_taps_ce10.0,텍키 위주 구다는 온는 시티일 수원 텍키 위즈 파크에서 열리는 엘d와에 형경기의 형제 구단닌 킬키 올스터 손수단을 접청에 돌스터 되일를 계체한다고 시2인 발혔다
p41_u61,p41,avg_ce0.0_ce10.0,케트 위즈 구다는 온는 시티일 수원 k키 위즈 파크에서 열리는 엘dl에 홍경기의 형제 구단닌 케키올스터손수 단을 족청에 주스터 되일를 계체한다고 시2의 잘혔다
p41_u62,p41,avg_taps_ce0.0,이번로터 대위에는 경기에 앞써 경깊 장권을 구매한 고개교 대상으로 우후 대시 4십품부터 한식간 동안 텐사의 내를 지행입니다
p41_u62,p41,avg_taps_ce10.0,입번 우릇터 대의웨는 경기에 앞서 경기 장권을 구매한 고격을 대상으로 우후 대시 40분부터 한 시간 동안 텐사인 내를 뒤행입니다
p41_u62,p41,avg_ce0.0_ce10.0,입번 우릇터 대의에는 경기에 앞써 경기 짝고의 구매한 고격을 대상으로 우후 내시 4십분부터 현식간 동안 최사인 내를 지냅입다
p41_u63,p41,avg_taps_ce0.0,텐쌍행해는 2집 파후 동문의 이티한 디통기아운 기에서 열이며 예민 팀한 남을 보함에 선술고명 변원히 참석한다
p41_u63,p41,avg_taps_ce10.0,편산인회는 2집 파크 동문의 입티한 티통일리아운 기에서 연리며 예민 김하남을 보함에 선술리고 명변원니 청석한다
p41_u63,p41,avg_ce0.0_ce10.0,텐산회는 2집파크 경문의 입지한 즉통리아운 기에서 연리며 예이민 짐하남을 보함에 선슬고 명변원이 청접한다
p41_u64,p41,avg_taps_ce0.0,이 날 경기 송리를 기워나는 시군을 에및 김하람이 시탄는 커주 무으 자이않는다
p41_u64,p41,avg_taps_ce10.0,이날 경기 속리를 계워나는 시구는 이및 김하람이 시탄는 커을 무으자이 않는다
p41_u64,p41,avg_ce0.0_ce10.0,이날 경기 송리를 기워나는 시구는 이및 김화람이 시탄는 커절 문으 자이 않는다
p41_u65,p41,avg_taps_ce0.0,라스칼 군관이를 보함에 아리아 이가을 라이패 긴정인 기도온 긴민성 평나 이기대관은 에국 가를 재창한다
p41_u65,p41,avg_taps_ce10.0,라스칼 근거이를 부함에 아리아 이가을 라i패 긴정인 기도온 긴민성 평나 이대광은 에국가을 재창한다
p41_u65,p41,avg_ce0.0_ce10.0,라스칼 경광일을 부함에 아리아 이가을 라이패 긴정인 기도온 짐민성 평나 이기대관은 에국가을 재창한다
p41_u66,p41,avg_taps_ce0.0,또한 경기길매을 로스타손스담이 응원 단상의 올라 편절에게 인사를 저면다
p41_u66,p41,avg_taps_ce10.0,또한 경기 귀에을 롤스타손스다이 은원 단탕의 올라 편절에게 인사를 전만다
p41_u66,p41,avg_ce0.0_ce10.0,또한 경기 군에을 l스타손스다이 응원 단상의 올라 편절에게 인사를 전만다
p41_u67,p41,avg_taps_ce0.0,이 밖에도 다양한 위랜트를 동해 노짓테 케르세를 지롯에 마옷스 키보든 첫필 사인 볼든 쿠지만 경품을 등정한다
p41_u67,p41,avg_taps_ce10.0,이 밖에도 다양하 리벤트를 동해 로지테케를세를 기롯해 마옷을 크 고등 침필자인 볼든 쿠지만 격금을 등정한다
p41_u67,p41,avg_ce0.0_ce10.0,이 밖에도 다양하 리벤트를 동해 노짓테 케르세를 지롯태 마옷을 키보등 침필 사인 볼든 푸지만 격음을 등정한다
p41_u68,p41,avg_taps_ce0.0,인천 3장 봉찰서는 앞바트 팔침에서 학낌의 송화재 청을 사아으로 던징 1대남성 이c를 특수상의 미술야미로 구잡아 당사진이하고 이게 구일 배켰다
p41_u68,p41,avg_taps_ce10.0,인천 3상봉찰서는 앞바트 팔침에서 학끔의 송화재 평을 하단으로 던진 1대남청 이c를 특수상의 미수야미로 붙잡아 당사비이라고 이게구일 관켰다
p41_u68,p41,avg_ce0.0_ce10.0,인천 3상봉찰 서는 앞바트 펼측에서 학낌의 손화재 청을 사아으로 던진 1대남청 이c를 특수상의 미수야미로 흩잡아 당사짐이라고 이기구일 밝켰다
p41_u69,p41,avg_taps_ce0.0,경찰에 따르면 ac는 지난 이07일 5세22분께 2시부경구 부개동의 함 아았트 팔증해서 2층 호당으로 빈 송화째 병을 전진 힘위를 잡고입다
p41_u69,p41,avg_taps_ce10.0,경찰에 따르면 ac는 진난 27일5c2입분께인틀시부경구 부개동의 함은 아바트 팔증해서 입친 화당으로 빈 손화째 평을 전긴헤밀를 접고있다
p41_u69,p41,avg_ce0.0_ce10.0,경찰에 따르면 ac는 진난27일5c2c2분째2부경9 부개동의 함문 아바트 펼증해서 입증 회당으로 빈 손화째 병을 전진시밀를 접고있다
p41_u70,p41,avg_taps_ce0.0,당시 앞바트 단진의 보행군을 따라가고 있던 4식대 즈민 피지는 자신의 지견으로 빈병이 떨버지자 이협을 느겠다고 경찰의 신고했다
p41_u70,p41,avg_taps_ce10.0,당시 앞바트 단진의 보행무을 따라극고 있던 4식대 증민 피지는 자신의 직연으로 빈병이 떠어지자 위협을 느겼다고 경찰에 신고했다
p41_u70,p41,avg_ce0.0_ce10.0,당시 앞바층 단진의 보행군을 따라극고 있던 4대 지민 피지는 자신의 지년으로 빈병이 떨어지자 위협을 느겠다고 경찰에 승고했다
p41_u71,p41,avg_taps_ce0.0,ah는 병정 톱잡 종이로 부성자하 있었다는 이유 지민들의 이야기를 그고 자음 날인 2발를 가날지구에에 다장항 자세했다
p41_u71,p41,avg_taps_ce10.0,ac는 경정 투착 전이로 부성자하 있었다는 이루증인들의 이야기를 듣고 자음 말인 이줄8를 가날 지구의 다장항 자세했다
p41_u71,p41,avg_ce0.0_ce10.0,ac는 금정 특착 존이로 부상자하 있었다는 이루증인들의 위야기를 듣고 자음 날인 28일 가날 지구행에 다작항 자스없다
p41_u72,p41,avg_taps_ce0.0,실제로 비시는 등경의 맞지 않아 증민들의 되원과 달리 갖히게 하는 것으로 품됩다
p41_u72,p41,avg_taps_ce10.0,실제로 비시는 등경의 마지 않아 주민들의 교혼과 단리 다혀게 하는 것으로 폭육었다
p41_u72,p41,avg_ce0.0_ce10.0,실제로 비시이는 등경의 맞지 않아 증민들의 전원과 달리 다추이 않는 것으로 품육었다
p41_u73,p41,avg_taps_ce0.0,ac는 겸찰에서 포화죄를 먹어는 데도 손사한데 학낌의 소화제 병을 단졌다 기이로 긴주한 것으로 아려졌다
p41_u73,p41,avg_taps_ce10.0,ac는 경찰에서 소화죄를 먹었는데도 성사한데 합김의 소화재 병을 단졌다는 뒤기로 긴주한 것으로 알려졌다
p41_u73,p41,avg_ce0.0_ce10.0,ac는 경찰에서 소화죄를 먹었는 데도 손사한데 확낌의 소화제 병을 단졌다는 지기로 진주한 것으로 알려졌다
p41_u74,p41,avg_taps_ce0.0,경찰 강계자는 h를 삼대로 초화째 쟁활 간징 전확한 이후와 국체적인 경미경을 고사해 계획기라고 망깁다
p41_u74,p41,avg_taps_ce10.0,격찰 강계자는 시를 상대로 소화째 책월 간진 저확한 이후와 국체적인 경이령을 조상해 행획기라고 망겼다
p41_u74,p41,avg_ce0.0_ce10.0,격찰 강계자는 시를 상대로 초화째 청월 간진 저확한 이후와 국체적인 권이령을 조사해 행획기라고 망겼다
p41_u75,p41,avg_taps_ce0.0,전부 검찰이 더불어 눈드당 공섬 그익여획과 달년에 성화진 전도지사 자택을 악수 수색했다
p41_u75,p41,avg_taps_ce10.0,전부 강찰이 더불어 눈류당 강섬 귀익 일력과 달년에 성화진 전도디사 자택을 악수 수색겠다
p41_u75,p41,avg_ce0.0_ce10.0,전부 강찰이 더불어 눈주당 강섬 구익 이력과 달년에 송화진 전도지사 자택을 악수 수색겠다
p41_u76,p41,avg_taps_ce0.0,앞서 혹신 관려자들을 대고 입쁜 낸대이여 성견피사 가족가기 수자를 협대하는 못습이다
p41_u76,p41,avg_taps_ce10.0,앞서 협신 관려자들을 대고 있고 냄대이여 성견피사 가족가지 수자를 협대하는 못습이다
p41_u76,p41,avg_ce0.0_ce10.0,앞서 혈신 관려자들을 대고 있번 원대이여 송견피사 가족가지 수가를 협대하는 못습이다
p41_u77,p41,avg_taps_ce0.0,시리일 전복 경색청 등및 따르면 강찰른 이난 성화진 전 뒤사 자택을 악준색켰다
p41_u77,p41,avg_taps_ce10.0,시리일 전복 경텔청 등에 따르면 강찰은 이날 성화진 전 비사 다택을 악줄색켰다
p41_u77,p41,avg_ce0.0_ce10.0,시v일 전복 경색청 등에 따르면 강찰른 이날 성화진 전 기사 사택을 압줄색켰다
p41_u78,p41,avg_taps_ce0.0,홍선 독이 다에 부인 오경기 며사가 대상으로 경찰른 이날 자택과 차랑 병을 악은색해 증검물 했구한데 지록했다
p41_u78,p41,avg_taps_ce10.0,홍선 도이 다에 부인 오경기 여사가 대상으로 경찰른 이날 자택과 사량등을 악슴색해 증검으 했보한데 지록했다
p41_u78,p41,avg_ce0.0_ce10.0,홍전 도지 다에 부인 오경기 며사가 대상으로 경찰른 이날 자택과 차랑 병할 악증색해 증검으 했보한데 지력했다
p41_u79,p41,avg_taps_ce0.0,또 경찰은 점북 자음 봉사센터에서 발련된 인주당 입땅 원서와 관련된 다슴령 자택도 악순 색겠다
p41_u79,p41,avg_taps_ce10.0,또 경찰은 점북 자원 봉사센터에서 발련된 민주당 이땅 원서와 관년된 다슴령 자택도 악신색했다
p41_u79,p41,avg_ce0.0_ce10.0,또 경차은 점북 자원 봉사센터에서 발련된 민주당 입땅 원서와 발년된 다슴령 자택도 악은 색했다
p41_u80,p41,avg_taps_ce0.0,송하진 전 지사를 보좌하던 전 비사실장과 예상 가장은 고의 공무원 실신들이 총된 것으로 터짖준다
p41_u80,p41,avg_taps_ce10.0,송하진 전 비사를 보좌하던 전 비사실장과 예상 가장금 고의 공무원 치신들이 성된 것으로 풍끝했다
p41_u80,p41,avg_ce0.0_ce10.0,총하된 전 지살를 보좌하던 전 비어실장과 예상 가장금 고의 공무원 치신들이 풍된 것으로 풍구짖준다
p41_u81,p41,avg_taps_ce0.0,경찰은 이을 과운데 일보에 대해선 구속 명자 인청도 검토하는 것으로 려졌다
p41_u81,p41,avg_taps_ce10.0,경찰은 이을 검음데 일부에 대해선 구속 영자 현청도 검토하는 것으로 알려졌다
p41_u81,p41,avg_ce0.0_ce10.0,경찰은 2을 검음대 일부에 대해선 구속 영자 군청도 검토하는 것으로 알려졌다
p41_u82,p41,avg_taps_ce0.0,경찰 방계자는 악순색 관건 사집입며 호사주인 사일라 정확한건 발킬수 없자고 말했다
p41_u82,p41,avg_taps_ce10.0,정찰 경계자는 악문색 관건 사식입며 후사주민 사한일라 정확한건 밝해 수 없잘고 말했다
p41_u82,p41,avg_ce0.0_ce10.0,경찰 강계자는 악순색 감건 사식입며 후사중인 사일라 정확한건 밝해수 없자고 말렸다
p41_u83,p41,avg_taps_ce0.0,한편 경찰른 2번 사공과 관념에 전 현직 전북도 공모온 열명과 산 점북 자은 공가은터장든 스아운 명을 있더한 장태다
p41_u83,p41,avg_taps_ce10.0,한편 경찰른 2번 사공과 관련에 전 현직 전북도 공모원 열명과 선 점북 자은 궁가은터장등 스하우 명을 있더한 경태다
p41_u83,p41,avg_ce0.0_ce10.0,한편 경찰른 2번 사공과 관련에 전 현직 전북도 공모원 열명과 3 점북 자은 분가은터장등 스을우 명을 의더한 정태다
p41_u84,p41,avg_taps_ce0.0,공민의 행 전남도 당이 기방 성과의 출망할 잔태장과 이원든 면다섬명의 경청을 확정했다
p41_u84,p41,avg_taps_ce10.0,궁민의 행 전남도 당이 기방 성과의 출망할 잔태장과 이원든 열다섬명의 공편을 확정했다
p41_u84,p41,avg_ce0.0_ce10.0,궁민의 행 전남도 당이 지방 성과의 출망활 잔체장과 의원든 열따섬명의 경선을 확정했다
p41_u85,p41,avg_taps_ce0.0,이일 군민의 후은 제7십7차 책고 위어내를 요리고 재팔래 정국 통지 지방 정고의 치망할 전난 지역 후보자 1 다슴령에 되한 공경는 채조 이겨했다
p41_u85,p41,avg_taps_ce10.0,이일 국민의 힘은 제7시7차 책구 위여내를 여회고 제팔회 정국 통지 지방성고의 7만할 전남 지역 후 호자 열 다음령에 되한 금경는 채종 이견했다
p41_u85,p41,avg_ce0.0_ce10.0,이일 국민의 힘은 제77차 책고 위여내를 여여고 제팔회 정국 통지 지방정고의 7마할 전남 지역 후보자 열 다슴령에 드한 공청는 채종 의견했다
p41_u86,p41,avg_taps_ce0.0,집초 단체장 포보는 여수시장 신영은 선평분수 긴일성 긴도 군수 긴정행 영함 군수 인대한 등이다
p41_u86,p41,avg_taps_ce10.0,지초 담체장 후보는 여수시장 심령은 순편 군수 긴요성 긴도 군수 긴정연 명함 군수 인대한 등이다
p41_u86,p41,avg_ce0.0_ce10.0,지초 담체장 후보는 여수시장 심영은 순평군수 긴류성 긴도 군수 긴정연 명함 군수 인대한 등이다
p41_u87,p41,avg_taps_ce0.0,필레의원후보는 전남도 이원 뒤에 전서연 깊면서 체념이 여수시의원 빌에 박정소 목코시의원 비에 건 예한 신생시의원 뒤에 2세으로 원장 있다
p41_u87,p41,avg_taps_ce10.0,뒤레 의원 후보는 전남도 이원 뒤에 전서연 긴년석 책년이 여소시 의원 뒤에 박정수 목코시 의원 비에 곤예란 순생시 의원 뒤에 2세으로 확장했다
p41_u87,p41,avg_ce0.0_ce10.0,뒤레 위원후보는 전남도 이원 뒤에 전서연 키년석 체면이 여소시 의원 빌에 박정수 목코시 의원 비에 건예란 신승시의원 뒤에 2세으로 확정했다
p41_u88,p41,avg_taps_ce0.0,기초우원 성곡으 후보는 순선시의원 가 육상우 순선시의원 다 보텔이 낮주시이원 다 채정허 영갖 군의원 나 장연짐 진도구의원 가 이백진 됩니다
p41_u88,p41,avg_taps_ce10.0,기초우원 성곡으 후보는 순선시의원 가 육상5 순선시의원 다 보테및 나주시이원 다 최정확 영갖 군의원 나 장연진 진도구의원 가 이백진 등류다
p41_u88,p41,avg_ce0.0_ce10.0,기쳐우원 성곡으 후보는 순산시의원 가 육상우 순선시이원 다 보테이 나주시이원 다 최정속 영각 군의원 나 장연진 진도구의원 가 이백진 드니다
p41_u89,p41,avg_taps_ce0.0,전남도 당은 지난달 사일에서 파일 지방성과 후보자를 접증인 특공의 k시온과 공성관리 un이 연적신세를 했다
p41_u89,p41,avg_taps_ce10.0,전남도 당은 지난달 사이에서 8일 지방성건 호자를 접중 피공의 키시험우과 공성관리 의원해의 면접신사를 했다
p41_u89,p41,avg_ce0.0_ce10.0,전남도 당은 지난달 사이에서 8일 지방성거호자를 접증 티록의티 시험문과 공총관리 의원해의 연자신새를 왔다
p41_u90,p41,avg_taps_ce0.0,이후 성경인단 특죄 경선과 꿈공천 배시몬단 2영 이언의 시미텐 모당개를 걱친 후어들을 체고 이원의 성경에 이게했다
p41_u90,p41,avg_taps_ce10.0,위후 성경인단 특체 정선과 금민공천 배시원단 의영 의언의 시미텐 오당개를 거친 후보들을 책고위원에 성경에 이게렸다
p41_u90,p41,avg_ce0.0_ce10.0,우후 성경인단 특죄 경선과 금민공천 배시원단 의영 위언의 시미텐 오당개를 거친 후보드을 책고 위원에 성정에 의게렸다
p41_u91,p41,avg_taps_ce0.0,궁인의 해인 전남도 다면 역대 체고의 성적을 질수 있도록 체신을 다악겠다며 수조자가 없는 성곡고에 대한 출가고모를 오는 육의 가리 실지 않다고 밝겠다
p41_u91,p41,avg_taps_ce10.0,궁인의 해인 전남도 당은 역대 체고의 성정을 질 수 있도록 체슴을 다하겠다며 후소자가 없는 성곡구에 대한 출가고모를 오는 6의까지 1시 않다고 밝겠다
p41_u91,p41,avg_ce0.0_ce10.0,국민의 해인 전남도 당은 역대 체고의 성적을 질 수 입도록 체슴을 다하겠다며 수포자가 없는 선곡고에 대한 출가고모을 오는 6의까이 실시 않다고 밝겠다
p41_u92,p41,avg_taps_ce0.0,측통국더 기획청은 내년 사물에 대기할 목로 나로 했개에 입학 전념미거을 20일 군고했다
p41_u92,p41,avg_taps_ce10.0,측청국더 계획청은 내년 사월에 개기할 목로나로 획개의 입각 전행류각을 20일 군고했다
p41_u92,p41,avg_ce0.0_ce10.0,충청국더 괴획청은 내년사월의 개기할 목로나로 협개의 입탁 전냥요광을 20일 공고했다
p41_u93,p41,avg_taps_ce0.0,이 학교는 자 탐재과 들로살개를 고민하는 고교 이랑이한 학쟁을 대상으로 곡스를 차을 수 있더록 고하주고 온소속 학여 이안연으로 돌려보내는 끼년제 학제로 오냅빕니
p41_u93,p41,avg_taps_ce10.0,이 확교는 자 탐재과 들러설개를 고민하는 고교 이랑이한 학쟁일 대상으로 목스를 차진 수 있도록 고하주고 온소속 학교 이양연으로 돌려보내는 긴년제 확결로 오냥경다
p41_u93,p41,avg_ce0.0_ce10.0,이 학교는 자탐재과 들로살개를 고민하는 고교 이랑이한 확정일 대상으로 목스를 차진 수 있더록 고하주고 온소속 학교 이향연으로 돌려보내는 길년제 헛절로 오냥됩니다
p41_u94,p41,avg_taps_ce0.0,오래 부원 제상은 내년의 돈의 고두학구에 제약개정인 현제 두학에 담방이한 색세입니다
p41_u94,p41,avg_taps_ce10.0,오래 비원 대상은 내년의 돈의 고두학후에 대약 여정인 현제 두확에 담방년 했쓰입니다
p41_u94,p41,avg_ce0.0_ce10.0,오래 비원 재상은 내면의 돈의 고두학귀에 제약 여정인 현제 두확에 단방연한 색세입니다
p41_u95,p41,avg_taps_ce0.0,모집 인노는 남몇9분 없시모두 숨을 내명이며 원저덮스 기간은 특성하고 터대할 제명이 시작되는 밤음달 이기 보을부터 일방고 원서 마아일인 11월 15 까디다
p41_u95,p41,avg_taps_ce10.0,모집 이노는 남몇구분 없지 모두 숨을 내명이며 원저덮수 기간은 특성하고 특대할 제명이 슷작되는 다음탈 이기 보일부터 일방고 원저 마아일인 11월15일 까이다
p41_u95,p41,avg_ce0.0_ce10.0,모집 인노는 남몇9분 없시 모두 숨을 내명이며 원저 덮수 기간은 특성하고 특제할 제명이 쓰작제는 다음탈 이기 보일부터 일방고 원서 마아일인 11월15일 까이다
p41_u96,p41,avg_taps_ce0.0,합격자는 자기 소에서와 공호이긴 활를 받탕으로 한 연접을 거쳐 내년 1월 20일 체정 결점된다
p41_u96,p41,avg_taps_ce10.0,합격자는 자기 소에서와 공호의긴 활를 받탕으로 한 먼접을 거쳐 야년 1월 20일 체정 결장된다
p41_u96,p41,avg_ce0.0_ce10.0,헛격자는 자기 속에서와 궁호의긴 활를 받탕으로 한 먼접을 거쳐 야년 1월 20일 체정 결전든다
p41_u97,p41,avg_taps_ce0.0,목도 나로 하교는 올래 자월에 태교한 옛 개산 목도고가 전항 기공및 대한 학교로 새7발 하미 어은 일냅니다
p41_u97,p41,avg_taps_ce10.0,목도 나루 하교는 올래 3을 태교운 옛 개산 목도고과 전항 기공및 대한 학교로 새7반 하며 얻은 일입니다
p41_u97,p41,avg_ce0.0_ce10.0,목도 나루 학교는 올래 삼을 태교한 옛 개산 목도고과 전항 기공및 대한 학교로 새7발 하며 어은 일입니다
p41_u98,p41,avg_taps_ce0.0,교명에는 발가닥고 떠나는 나로 처럼 새로운 더정과 다야한 탐색을 더이 자진의 성찬하고 인생의 목표를 새우는 해거하의 이미가 담개했다
p41_u98,p41,avg_taps_ce10.0,교명에는 배가닥고 떠나는 나로 처럼 새로운 도정과 다양한 탐색을 동의 자진을 성차하고 인형의 목표를 세우는 학겨나는 이미가 담겨했다
p41_u98,p41,avg_ce0.0_ce10.0,교명에는 배가닥고 떠나는 나로 처럼 새로운 더정과 다양한 탐재을 동에 자진을 성차하고 인정의 목표를 세우는 협거나에 이미가 담겨했다
p41_u99,p41,avg_taps_ce0.0,또 배견연전 소금배가 전나들 전 목도 나로에 지역 홍룩해려 일런 붙찾졌다
p41_u99,p41,avg_taps_ce10.0,또 배견연전 소금배가 전나들 전 목도 나로의 기억 황을 혈려 일런 부탁졌다
p41_u99,p41,avg_ce0.0_ce10.0,또 배견연전 소금배가 주나들 전 목도 나로의 지역 성부혈려 일런 붙찾졌다
p56_u00,p56,avg_taps_ce0.0,점부 입산시는 농민들의 농자업 기개활를 지원하기 위해 농기의 임대 사업수 음명을 통이 다양한 서비스을 제공하고 있다고 시비의 밝혔다
p56_u00,p56,avg_taps_ce10.0,점부 역산시는 농민들의 농자업 기개활를 지원하기 위해 농기의 임대 사업수 우향을 통이 다양한 서비쓸을 제공하고 있다고 시비의 밝혔다
p56_u00,p56,avg_ce0.0_ce10.0,점부익찬시는 농민들의 농자업 기개활를 지원하기 위해 농기의 임대 사업수 우냥을 통이 다양한 서비쓸을 제공하고 있다고 시비의 밝혔다
p56_u01,p56,avg_taps_ce0.0,시료 걸리가 머어 이용의 둘편는 호수하한 농업인을 위해 능식의 대달 은성류 지원 범밀를 9퍼까지 확대했다
p56_u01,p56,avg_taps_ce10.0,시요 거리가 머어 이용의 둘편는 호소하한 농업인을 위해 능기의 배달 은성류 치원 밤밀를 90파까지 확되했다
p56_u01,p56,avg_ce0.0_ce10.0,시명 거리가 머어 이용의 들편는 호소하한 농업인을 위해 능기에의 대달 은성률 지원 범밀를 98까지 확되했다
p56_u02,p56,avg_taps_ce0.0,이에 따라 농업이는 의혀원 동도의 은송류만 부담하면 무궁자고 편류장에서 지죄에 발아을 수 있게 되였다
p56_u02,p56,avg_taps_ce10.0,이에 따라 농업이는 애명한 동도의 은송류한 부담하면 누금자고 파인장에성 지개를 잘아을 수 있게 되었다
p56_u02,p56,avg_ce0.0_ce10.0,이에 따라 농업이는 애명한 동도의 은성류한 부담하면 누금자고인장에서 기죄를 발라을 수 있게 되었다
p56_u03,p56,avg_taps_ce0.0,또 영능차인 3의서 유활에는 토 일레일에도인대 능업기대를 이용한 수 있도록 겠다
p56_u03,p56,avg_taps_ce10.0,또 영능차인 3매사 유활에는 토 일의일레돌인대 눈업기개를 이용할 수 있도록 겠다
p56_u03,p56,avg_ce0.0_ce10.0,또 영능차인 3매서 유활에는 토 일의일레둔 인대 농업기개를 이용할 수 있도록 겠다
p56_u04,p56,avg_taps_ce0.0,구회서 11월에도 가을 영륭철 시 금물을 통해 언재라도 능자업을 할 수 있도록 농가를 적것 지원합다
p56_u04,p56,avg_taps_ce10.0,구회서 1비라에도 가을 영농철 시의 금물을 통해 언재라도 농자업을 할 수 있도록 농가를 적격 지원합다
p56_u04,p56,avg_ce0.0_ce10.0,구회서 11월에도 가을 영농철 쉬일 금물을 통해 언재라도 농자업을 할 수 있도록 농가를 적격 지원합다
p56_u05,p56,avg_taps_ce0.0,실또 6거여원을 두려 움민들의 인기 지중 백오대를 출간학꽃키려했다
p56_u05,p56,avg_taps_ce10.0,실년또 6가여원을 두개 높민들의 인기 규중백오대를 취가학꽃키요했다
p56_u05,p56,avg_ce0.0_ce10.0,신년또 유가여원을 두여 높민들의 인기 지중 백오대를 추강하꼭키요했다
p56_u06,p56,avg_taps_ce0.0,농업기에 세착장도 음망유원 주망을 투입에 농업기에 인대 사형은 새착하고 반나파는데 듣을 시간과 노력을 잘가할 수 있도록 지험하게 있다
p56_u06,p56,avg_taps_ce10.0,농업기의 새착장도 은냥유원 주명을 투입에 농업기에 인대 사형은 새착하에 반답하는데 드는 시간과 노력을 잘감할 수 있도록 지험하게 있다
p56_u06,p56,avg_ce0.0_ce10.0,농업기의 새착장도 은냥요원 주망을 투입에 농업기에 인대 사형은 새착하업에 반답하는데 주을 시간과 노력을 잘간할 수 있도록 지왕하게 있다
p56_u07,p56,avg_taps_ce0.0,농업기에 인대 사업수는 황유한 분소와 동부 남부 분소 세5시 의영되고 있으냐 지난의 인대 건수가 5351건에 달했다
p56_u07,p56,avg_taps_ce10.0,농업기의 인대 사업수는 상유할 본소와 등부 남부 분소 세5시 의명되고 있으며 지난의 인대건수가 503151관에 달했다
p56_u07,p56,avg_ce0.0_ce10.0,농업기에 인대사업수는 선6할 분소와 등부 남부 분소 세5시 의명되고 있으며 지난의 인대컴수가 50상151건에 달했다
p56_u08,p56,avg_taps_ce0.0,시봉의로후 4시55분께 경기 파주시 통패통 운정 실루시에 환앞았트 실축힌장 지아에서 코케리트 양생 자업중 근로대당스가 이 사와탄소에 중급대는 사송산웠다
p56_u08,p56,avg_taps_ce10.0,시봉의 로우 내시55분께 경기 파주시 등패동 운정실루시에 환 앞받트 실측 현장지아에서 코케리트 양생 작업중 큰로대 다스가 일 사와 탄소의 중급되난 사공산웠다
p56_u08,p56,avg_ce0.0_ce10.0,시보의로우 내시55분께 경기 파즈시 등패동 운정 실로시에 환 앞받츠 실축 현장 지아에서 코케륙트 양생 작업중 큰로대아다스가 일 사화탄소의 중급되난 사송산웠다
p56_u09,p56,avg_taps_ce0.0,소화한국은 중상 세형 점상 여섬 영든 아망의 부상자에 당언으로 이성했다
p56_u09,p56,avg_taps_ce10.0,소방항국은 중상 세영 강상 여섬 명든 악화망의 부상자를 당언으로 이성했다
p56_u09,p56,avg_ce0.0_ce10.0,소방랑국은 중상 세영 경상 여섬 명든 아망의 부상자를 반언으로 이성했다
p56_u10,p56,avg_taps_ce0.0,의1이 없떤 중상자 두망한 혈재 회복해 생령인을 지장이 없는 것으로 참해졌다
p56_u10,p56,avg_taps_ce10.0,일 1이 없떤 중상자 두망한 현재 회복해 생의용인을 지장이 없는 것으로 참해졌다
p56_u10,p56,avg_ce0.0_ce10.0,의1회 없떤 중상자 두망한 현재 회복해 생유인을 지장이없는 것으로 참해졌다
p56_u11,p56,avg_taps_ce0.0,당초에는 중상 매망 당상열1로 영등 총 20예영의 부상자가 발생한 것으로 알려졌으나 산순 효빛자한 집개에서 재회했다
p56_u11,p56,avg_taps_ce10.0,당초에는 중상매명 감상열1공영등 총21영의 부상자가 발생한 것으로 알려졌으나 단순 효빛자한 집개에서 재회했다
p56_u11,p56,avg_ce0.0_ce10.0,당초에는 중상내명 경상열1공영등 총2의영의 부상자가 발생한 것으로 알려졌으나 잔천 후입자한 집개에서 재회했다
p56_u12,p56,avg_taps_ce0.0,다만 통자할 호소 아는 글로자들을 처간 호파학 증요서 부상자가 늘러할 수 있다
p56_u12,p56,avg_taps_ce10.0,다만 통정할 호수하는 글로자들을 취가후 파학 중이 여서 부상자가 늘험할 수 있다
p56_u12,p56,avg_ce0.0_ce10.0,다만 폭청을 호소하는 글로자들을 측가후 파학 증이 어서 부상자가 늘험할 수 있다
p56_u13,p56,avg_taps_ce0.0,사본은 코크리트 양생자업중 무스텔 날로를 피오다가 발세한 것으로 추장된다
p56_u13,p56,avg_taps_ce10.0,사공은 코크레트 양생자업중 우스탄 나로를 피오다가 발세한 것으로 추장된다
p56_u13,p56,avg_ce0.0_ce10.0,사공은 코크릇트 양생자업중 우스텐 나로를 피유다가 발세한 것으로 추정된다
p56_u14,p56,avg_taps_ce0.0,강계 당국은 구조대등 일약판을 여발명과 장뒤 1의욕대 증을 동원하고 그급 등홍의 땅개를 반량했다가 이나 어우 여서 씨 집5훈께 해표했다
p56_u14,p56,avg_taps_ce10.0,강개 당국은 그조대등 일약8을 여발명과 장뒤 11롭대 등을 동험하고 그급 등홍의 땅결를 반량했다가 이나 어 여서 1집5 훈께에 해표했다
p56_u14,p56,avg_ce0.0_ce10.0,강계 당국은 그조대든 1약판을 여발명과 당비 1없배증을 동험하고 그급 대홍의 땅결를 반령했다가 이나 어 여서 씨05훈대 해혀했다
p56_u15,p56,avg_taps_ce0.0,절철 건사연정에서 코커리틀 눈에 부은 양생할 할 때 일패른 환강에서 날로를 피요나가 의 산나탄수 중독으로 이어질 수 있다
p56_u15,p56,avg_taps_ce10.0,절철 간사연장에서 코커리트음에 부은 양생할할 때 일패른 현강에서 달로를 키요나가 일 사나탄수 중독으로 이어질 수 있다
p56_u15,p56,avg_ce0.0_ce10.0,절철 관사연장에서 코커리터음에 부원 양생할할 때 일패른 현강에서 날로를 피요나가 일 산락한수 중독으로 이어질 수 있다
p56_u16,p56,avg_taps_ce0.0,이 상확강소는 무색루치에 기체로 갈타이나 프턴등 열려가 분안전 연서할 때 발세야흔다
p56_u16,p56,avg_taps_ce10.0,이 상확당소는 무색뉴치에 기체로 갈타이나 호탕등 연려가 부안전 연수할 때 발세항인다
p56_u16,p56,avg_ce0.0_ce10.0,이 상확항소는 무색무치의 기체로 갈타이나 수턴도학 열려가 부안전 연서할 때 발세항는다
p56_u17,p56,avg_taps_ce0.0,운제일레통량은 2집5의 찬화대 연미관에서 마지막 수석 보자한 회일를 주재하고 감메가 기다고 소감할 밝켰다
p56_u17,p56,avg_taps_ce10.0,문제일 대통량은 25일 창화대 연민관에서 마지막 수석 보작한 회일를 주재하고 감메가 기다고 소감을 밝혔다아
p56_u17,p56,avg_ce0.0_ce10.0,문제일 대통령은 25일 1업의 연민관에서 마지막 수업 보작함 회일을 주재하고 감메가 기다고 소감을 밝혔다
p56_u18,p56,avg_taps_ce0.0,눈네 동명은 이나오 두시 수보회일를 여해고 오늘은 앞으로 뜻배할 일이 없다면 마지막 수보회가 될치도 모력겠다
p56_u18,p56,avg_taps_ce10.0,눈네 동령은 이날 오 두시 수도회일에 열고 은늘은 앞으로 뜻별할 일이 없다면 마지막 수고회이가 될치조모려겠다
p56_u18,p56,avg_ce0.0_ce10.0,문네 동명은 이날 오 두시 수보회일에 여고 은늘은 앞으로 뜻별할 일이 없다면 마지막 수보회이가 될치조모려겠다
p56_u19,p56,avg_taps_ce0.0,모두 인상할씀을 드리지 않고 바로 의안을 농예하도록 확겠다며 같이 말했다
p56_u19,p56,avg_taps_ce10.0,모두 인상할씀을 드리지 않고 바로 의안을 농이아도록 하겠다며 갇이 말했다
p56_u19,p56,avg_ce0.0_ce10.0,모두 인상할씀을 드리지 않고 바로 의안을 농리아도록 화겠당며 같이 말했다
p56_u20,p56,avg_taps_ce0.0,앞어 연린 수범해위해서 문대 통명한 결돌에 베질를 내지 않은 경우가 정종있었다
p56_u20,p56,avg_taps_ce10.0,앞서 연리 수봉회이해서 문대통량원 결돌의 베스질를 내지 않은 경우가 동종있었다
p56_u20,p56,avg_ce0.0_ce10.0,앞서 연리 수봉회이해서 문대 통량원 결또의 베쇠질를 내지 않은 경우가 동종있었다
p56_u21,p56,avg_taps_ce0.0,특히 나른 티이여 지닌데 처화대 철럽 기자다 간당이가 예정되 있어 그체장이 릇스에 진할 세학큰 것으로 보인다
p56_u21,p56,avg_taps_ce10.0,특히이나은 디의어 지행될 처화대 철럽기자다 간다올가 예정되 있어 그태장의 맺스의 지할 실약혼운 것으로 보인다
p56_u21,p56,avg_ce0.0_ce10.0,특기 이나은 뒤기여지행될 처월대 철럽기자다 간다회가 예정되 있어 그체장의 맺스에 지할 세약혼운 것으로 보인다
p56_u22,p56,avg_taps_ce0.0,이 나 해이에는 외부 점문가로 이의의 항것과학 기질 단체 총양앞에 해장 이상면 항것한관우주 영구 먼장이 창속했다
p56_u22,p56,avg_taps_ce10.0,이난 회이에는 외부 전문가로 이u의 항것과학 기을 남체 초양앞에 회장 이상문을 항것한공무주 연구 먼장이 참석했다
p56_u22,p56,avg_ce0.0_ce10.0,이 날 해이에는 외부 점문가로 이u의 항버과학 기을 남체 총양앞에 회장 이상문일 항법 관건무주 연구 먼장이 참석했다
p56_u23,p56,avg_taps_ce0.0,박수병 과학끼을 보자간니 문제일 정국 과학끼스 학신 선관와 가제라는 주제로 발제를 했다
p56_u23,p56,avg_taps_ce10.0,박수병 과학끼을 보자간이 문쟁일 정국 과학끼을 향신 섬관와 가제라는 주제로 발제를 했다
p56_u23,p56,avg_ce0.0_ce10.0,박수경 가학끼을 보자간니 문제일 정국 가학끼을 향신 선관와 가제라는 주제로 발제를 했다
p56_u24,p56,avg_taps_ce0.0,문레 통량은 의리 이유의 회장우인과 이상일 원장이 토로을 격을 높혀주실 것으로 기대한다고 말했다
p56_u24,p56,avg_taps_ce10.0,문데풍량은 의리 이의 회장인과 이상일 먼장리이 토로의 격을 높혀주실 것으로 기대한다고 말했다
p56_u24,p56,avg_ce0.0_ce10.0,운레풍량은 의리 이일 회장인과 이상일 먼장리이 토로의 격을 높혀주실 것으로 기대한다고 말했다
p56_u25,p56,avg_taps_ce0.0,n티 능화분낸 정송군 집브 이제장 과장보가 지난 2gv 1리 제 9회 예국한 발이 손활개우에서 금사할 받었다
p56_u25,p56,avg_taps_ce10.0,n입치 농아분낸 정성군 집브 일세정 과장보가 지날 이hv 열린 제 9회 예국한 다린 선월대회에서 금상할 받었다
p56_u25,p56,avg_ce0.0_ce10.0,n입이 농화분낸 정성군 집브 2제정 가장보가 지날 2hv 열린 제국회 예국한 발이 선월대회에서 금사할 받었다
p56_u26,p56,avg_taps_ce0.0,에늘티 론합문의 이할 3을 중구 본사에서 정곡에서 예섬을 통가한 7식6야할 대상으로 외극한 살리 성항내해될 지행했다
p56_u26,p56,avg_taps_ce10.0,에n이h 농화은내 이날 상을 중구 분사에서 정곡에서 예섬을 통가한 7식공야할 대상으으로 외국한 다림 섬만매될 지향했다
p56_u26,p56,avg_ce0.0_ce10.0,nh 농화은내 이날 상을 중구 본사에서 정곡에서 예섬을 통가한 7공야할 대상로 왜극한 사인 선한매질 지향했다
p56_u27,p56,avg_taps_ce0.0,정9 2착6대이야망의 치건이 찬가할 정도로 뜨어었던 이범배회는 서발일발 항식으로 외국한 지십및 당험을 거루을 황식으로 출쳐졌다
p56_u27,p56,avg_taps_ce10.0,정9206대이망의 치건이 참가할 정도로 뜨겨었던 이범배회는 서발일발 형식으로 외국한 지식 및 당험을 결루는 황식으로 출찾졌다
p56_u27,p56,avg_ce0.0_ce10.0,정9206대이망의 지건이 창가할 정도로 뜨게었던 이범배회는 서발일발 형식으로 외국한 지식 및 당험을 결루는 황식으로 출찾졌다
p56_u28,p56,avg_taps_ce0.0,본소대외에서 월정한 기량할 선업이 2세정 정성군 집을 가장보을 이이의 금사을 차지했다
p56_u28,p56,avg_taps_ce10.0,본혹대외에서 월증한 기향할 섬비의 2세정 정성군 집을 가장공을 이이의 금상할 타지했다
p56_u28,p56,avg_ce0.0_ce10.0,본성대외에서 월증한 기향할 선후인 2세정 정섬군 집을 가장군할 이이인 금상을 타지했다
p56_u29,p56,avg_taps_ce0.0,이 세장 다장부은 폭소 외국한에 대한 간심이 많아 조은식 공벌썼다면서 앞토로도 더 많이 궁부에 지역 증인들에게 도음을 질 수 있도록 돌역하겠다게 했다
p56_u29,p56,avg_taps_ce10.0,이 세장가장보은 통서 외국한에 대한 간심이 많아 조금식 공벌 썼다면서  앞프로도 더 많이 궁부의 지역주인들에게 도움을 줄 수 있도록 도력하했다게 했다
p56_u29,p56,avg_ce0.0_ce10.0,이 세장 다장보한 통소 외국한에 대한 간심이 마아 조은식 공몰 썼다면서  앞프로도 더 많이 궁부의 지역증인들에게 도움을 줄 수 있도록 도력하했다고 했다
p56_u30,p56,avg_taps_ce0.0,질난 이cv 중로 분사에서 채 그회 예국한 사인 상발재매를 계체했다고 2십상이 밝혔다
p56_u30,p56,avg_taps_ce10.0,지난 이cb일 중루 분사에서 채 그회의 의국한 자인 3발대회를 계에했다고 2십3이 밝혔다
p56_u30,p56,avg_ce0.0_ce10.0,시난 이cb일 중부 분사에서 채 군회의 의국한 자인 선발절해를 계에다고 2십상에 밝혔다
p56_u31,p56,avg_taps_ce0.0,왜국한 자인 손황대에난 n치 농아부인 던치건이 서바입을 향식으로 외국한 지식 및 당험을 더릅는 택했다
p56_u31,p56,avg_taps_ce10.0,왜국한 다닌 선롱되에난 nh농아브행 감치관이 사바이발 향식으로 외국한 지식 립강험을 가릅는 대해다
p56_u31,p56,avg_ce0.0_ce10.0,외국한 자인 선로대에는 nh농아은행 감치관이 사아입을 향식으로 외국한 지식 립 장험을 가릅는 될했다
p56_u32,p56,avg_taps_ce0.0,인찬시 남동고가 지난해부터 지역 자활 센탈에서 은냥이온 다회인기 세척성업에 그착 인긴 갚회들이 도참했다
p56_u32,p56,avg_taps_ce10.0,인천실 남동고가 지난할부터 지역 당활 센터에서 은향이온 다외행기 세척성업에 그창 인금 카에들이 도참했다
p56_u32,p56,avg_ce0.0_ce10.0,2찬시 남동고가 지난할부터 지역 당활 센터에서 은향이온 다외행기 세척성업에 그차 인긴 카에들이 동참했다
p56_u33,p56,avg_taps_ce0.0,지남의 그활출범만 다의 영기 세척사 없다는 의회영품 사형을 주리위위에 다의 영기 카을 수어 셋척 소독등의 과정을 걱차 제공하고 있다
p56_u33,p56,avg_taps_ce10.0,지남의 그월출보만 다의 용기 새척사없다는 의용품 사형을 주리이 위해 다의 용기 카을 수거 세척 소독등의 과정을 거차 제공하고 있다
p56_u33,p56,avg_ce0.0_ce10.0,지남의 그월출보만 다의 영기 새척사없다는 일영품 사형을 주리기 위해 다와 영기 커을 소적 세척 소복등의 과정을 거쳐 재공하고 있다
p56_u34,p56,avg_taps_ce0.0,식골을 그회따르냐 현늘의 남동구 열세에 부어에서 다의 영기커을 사음하고 있으냐 체군 사우 팔서안을 위해 다매 연기 새척사없단과 부창 인금 값에 슬곳의 연게했다
p56_u34,p56,avg_taps_ce10.0,식골 그회따르면 현의 남동구 열세에 부어해서 다매영기커을 사형하고 있으냐 책군 사우 팔사한을 위해 다매영기 새척사없단과 부청 인금 값에 세곳의 연계했다
p56_u34,p56,avg_ce0.0_ce10.0,식돌을 그회따르냐 현의 남동구 열세에 부어에서 다매영기 커을 사용하고 있으며 책군 사우 팔서한을 위해 다매영기 새탁사없당과 구청 인금 값에 세곳의 연계했다
p56_u35,p56,avg_taps_ce0.0,이들 가에는 새착서없단에 다의 용객 커을 사형하며 창사되에서 자롭게 커을 베출할 수 있도록 그 분청과 보건소든 내곳의 전용수가 않도 살치했다
p56_u35,p56,avg_taps_ce10.0,이들 가에는 새착적없다에 다회 옮국 커을 사형하며 창사대에서 잘롭게 커을 베틀할 수 있도록 그 분탕과 보건소등 내구의 정용수가항도 살치했다
p56_u35,p56,avg_ce0.0_ce10.0,이들 가에는 새착서없다에 다회 옮객 커을 사형하며 창사대에서 잘록개 커을 베틀할 수 있도록 그 분찬과 보건소등 내구의 장용수가항도 살취했다
p56_u36,p56,avg_taps_ce0.0,이는 7로우량 남동구 조성뿐만 아니라 저호득 평의에 안정된 위자이 제공원 위한 자화 사웠단 할성화 카텔를 위용안을 지건들의 표위하까지 모두 고려한 결가다
p56_u36,p56,avg_taps_ce10.0,이는 7로우량 남동구 조성뿐만 아니라 저호득 충의 안정된 일자이 제공을 예한 자활할 상없단 할성화 카텔를 이용안을 지검들의 편위한까지 모두 고려한 결가다
p56_u36,p56,avg_ce0.0_ce10.0,이는 7로령 남동구 조성뿐만 아니라 저호득충의 안정된 일자이 제공을 위한 자활 사업단 할성화 카텔의 위용안을 지건들의 편위하까지 모두 고려한 결가다
p56_u37,p56,avg_taps_ce0.0,혈 서업에 차개안을 갚에는 1월시가 값태 20일 값패로로 등으로 그 왜의 전포에서도 궁정접 받변해 바아 더 가대될 전망이다
p56_u37,p56,avg_taps_ce10.0,현대선업에 차회하는 갚에는 실시가 값태 20일 카패오로 등으로 그 왜의 전포을서도 궁정적 밥변할 바아 더확대될 전망다
p56_u37,p56,avg_ce0.0_ce10.0,현대서업에 차외하을 갑에는 실시가 값태 2일 값패오로 등으로 그 왜의 전포을서도 공정적 밥변할 바아 더 확대될 전망다
p56_u38,p56,avg_taps_ce0.0,이강우 구총상은 지금한 다회형리함을 대부분 지건만 사용하고 있지만 구청할 반문하는 미환이내게도 적급 홍보에 친앙량 남동고를 만들도록 노력하겠다고 발셨다
p56_u38,p56,avg_taps_ce10.0,이강로 구청상은 지금한 다회용리함움을 대부분 지검만 사용하고 있지만 구청할 방문하는 미화이내게도 적개 홍보에 친앙량 남동거을 만들도록 노력하겠다고 밝혔다
p56_u38,p56,avg_ce0.0_ce10.0,이강우 구청장은 지금은 다회용리함움을 배부분 지금만 사용하고 있지만 구청할 방문하는 미어인내게도 적끗 홍보에 친앙량 남동거를 만들도록 노력하겠다고 발쳤다
p56_u39,p56,avg_taps_ce0.0,3평군원 자와 1일 부터 치나우량 자원 수난 정책에 발맞차 창사내 1의형손 반입을 점량 글를지했다
p56_u39,p56,avg_taps_ce10.0,상평9은 사월 1일 부터 치항량 장원 순한 정책에 발맞차 청사내 1의형손 반입을 점량 글를지했다
p56_u39,p56,avg_ce0.0_ce10.0,3평금원 4월1일 부터 치항령 당원 순한 정책에 발맞차 청사내 1려형손 방입을 점량 그지했다
p56_u40,p56,avg_taps_ce0.0,상국속이 자원과 항고가스 안정공반는 오는 31을 혈러하인나 높도고 혈념가스 소회자 안점주입보를 208의 발령했다
p56_u40,p56,avg_taps_ce10.0,사목 소비장과 항부가스 안정공사는 오는 311을 혈령하이나 앞도고 혈림가스 소비자 안전주의보를 208의 발령했다
p56_u40,p56,avg_ce0.0_ce10.0,상국 소비자과 항부가스 안정공파면 오는 31을 혈륭하이날 높두고 혈름가스 소비자 안점주입보를 208의 발령했다
p56_u41,p56,avg_taps_ce0.0,목소리를 변조하려고 해요가스을 다량하시다 지식사할 수 있다면 의렵때웁니다
p56_u41,p56,avg_taps_ce10.0,목소리를 변조하려고 해려가스을 다량마시다 치식사할 수 있다면 의렵 때웁니다
p56_u41,p56,avg_ce0.0_ce10.0,목소리를 변조하려고 해요가스을 발량마시다 지식사할 수 있다면 물격때복니다
p56_u42,p56,avg_taps_ce0.0,통당 풍전의 주호 사형되는 해야갔으는 무독성 불활성 기체로 다양해 한 꺼보의 둘이마시면 산소원급이 찾난데 지식사할 수 있다
p56_u42,p56,avg_taps_ce10.0,풍상 풍전을 주호 사형되는 해냥같으는 무독섬 구할성 기체로 다량의 한거보의 둘의 마시면 산소 옮급이 차람대 제식사할 수 있다
p56_u42,p56,avg_ce0.0_ce10.0,통방 훈전을 주호 사형대을 필련같으는 무둑성 구활성 기체로 다량의 한거보의 둘의 마시면 산소 옮급이 타남대 지식사할 수 있다
p56_u43,p56,avg_taps_ce0.0,소비자어는 책관 국내매에서 헤염값을 가다 흐비에 따른 어리의 안전사고가 발향하고 있는 만큼 재민나 호이신에 따른 흐입을 하지 말아단라고 당부했다
p56_u43,p56,avg_taps_ce10.0,소비자어는 책건 국내외에서 헤념값을 가아 흐입에 따른 어리의 안전사고가 발생하고 있는 만큼 재미나 호기신에 따른 흐비을 하지 말아단라고 당부했다
p56_u43,p56,avg_ce0.0_ce10.0,소비자어는 책건 국내외에서 헤림값을 가아 흐비에 따른 어리의 안전사고가 발생하고 있는 만큼 재위나 호기심에 따른 흐비을 하지 말아단라고 당부했다
p56_u44,p56,avg_taps_ce0.0,7골식양간 소비자 위의 감시시스텐에 접스된 헤요가스 안전 사고는 일복건으로 발셔우를도가 높지는 안치난 이주 은연서건이 어리이 사골였다
p56_u44,p56,avg_taps_ce10.0,최관1양간 소비자 위의 감시1스텐매 접수된 혈념같스 안전 사고는 일곱건으로 8생를도가 높지는 안치만 이주 석건이 어리기 사고였다
p56_u44,p56,avg_ce0.0_ce10.0,최관신양간 소비자 위의 감시시스템에 접스된 혈류가스 안전 사고는 일곱건으로 발세오릴도가 높지는 안치만 이주 연석건이 어리기 사고였다
p56_u45,p56,avg_taps_ce0.0,특히 언라인에서 주로 품내되는 저화 폐륭가스의 경우 발또 관리 규장없서 안전 사각기 대에 노여있다
p56_u45,p56,avg_taps_ce10.0,특히 언하인에서 주로 판내되는 저화 폐륭가스의 경우 발또 관리 규장없서 안전 사각지대에 노여있다
p56_u45,p56,avg_ce0.0_ce10.0,특히 언라인에서 주로 판내되는 저화 폐륭가스의 경우 발또 관리 규장없서 안전 사각지대에 노여있다
p56_u46,p56,avg_taps_ce0.0,소비자원이 가스 안정공사왕함께 올라인에서 판례된는 헤율가스 아홉게 재품에 이통실텔를 조사한 계과 죄반 이상이 당석개에 과다 소빛 이험에 대항 경격 출시가 없었다
p56_u46,p56,avg_taps_ce10.0,소비자원의 이할스 안정공상와 함께 올라인에서 판래된난 세림가스 아홉게 제품에 유통실텔를 조사한 결과 결반 이상이 당석개에 과다 소빛 이험에 대항 경격출시가 없었다
p56_u46,p56,avg_ce0.0_ce10.0,소비자원이 할스 안정분사와 함께 올라인에서 판내된는 헤륙가스 아홉게 재품에 유토실텔를 조사한 결과 제반 이상이 당석개에 과다 소빛 이험에 대항 경격출시가 없었다
p56_u47,p56,avg_taps_ce0.0,또 두개지품은 고합가스의 해다하는데도 등록 차량훈 안일 택배로 불법 입통되는 것으로 확인했다
p56_u47,p56,avg_taps_ce10.0,또 두개집품은 고합가을의 해당하는데도 등룩 차량의 아일 택배로 불법 유통되는 것으로 확견했다
p56_u47,p56,avg_ce0.0_ce10.0,또 두개지품은 고합가스의 해당하는데도 등룩 차량의 안일 택배로 불법 유통되는 것으로 확견했다
p56_u48,p56,avg_taps_ce0.0,소비자어는 이 같은 주살를 받탕으로 올나로 돌풍사없장와 혀법에 2점 판내자를 대상으로 주의 경국표시 강화를 요청할 계획이다
p56_u48,p56,avg_taps_ce10.0,소비자어는 이 같은 주살를 받탕으로  올나의 튼의 품상업장와 혀없에 입점 품내자를 대상으로 주의 경국표시 강화을 요청할 계획기다
p56_u48,p56,avg_ce0.0_ce10.0,소비자어는 이 같은 주살를 받탕으로 올나 토의 품사업장와 혀없에 2점평내자를 대상으로 주의 경국표시 강화을 요청할 계획지다
p56_u49,p56,avg_taps_ce0.0,가스 안종공사는 고앞 혈력가스 제품에 협빛 금질를 추시하도로 가스 기술 기준의 계정에 내달 11를부터 시해에 두락갑다
p56_u49,p56,avg_taps_ce10.0,가스 안정공사는 고앞 혈력가스 제품에 흐백 금질를 추시하도로 가스 기을 기준을 계정여 내달 11를부터 시해해 두어갑다
p56_u49,p56,avg_ce0.0_ce10.0,칼스 안정공사는 고앞 혈력가스 지품내 흐백 금질를 추시하도로 가스 기을 기준을 계정에 내달 시1를부터 시해해 두락갑다
p56_u50,p56,avg_taps_ce0.0,참월적 건리두이 왕화 이후 첫 생의 시진을 맞아 관년 성통을 참을 소류자가 극속하게 늘고 있다
p56_u50,p56,avg_taps_ce10.0,창회작 건리두이 왕화 이후 첫 생회 시진을 맞아 관련 성통을 참낼 소리자가 급속하게 늘고 있다
p56_u50,p56,avg_ce0.0_ce10.0,사활작 거리두이 왕화 이후 첫 편의 시진을 맞아 관련 성통을 찬낼 소비자가 급속하게 늘고 있다
p56_u51,p56,avg_taps_ce0.0,폐션천품 메이블리는 이다 1서 16긴 헤로운 검성향이 신난의 가통이감 대이 160버 중가했다고 이05의 발혔다
p56_u51,p56,avg_taps_ce10.0,폐션선데풀 매이블리는 이다 1서 16긴 혈용 감생향이 시난의 가퉁기간 베이 160% 존가했다고 이0보의 밝혔다
p56_u51,p56,avg_ce0.0_ce10.0,폐시선데품 매이블리는 이다 1서 실6긴 혈용 검생향이 신난의 가투기간 베이 160% 중가했다고 이05에 밝혔다
p56_u52,p56,avg_taps_ce0.0,헤로확 터티가 열리는 대표 장송이 2태원 에e버랜nd 록대월드등 측정 당소 검생량이 겪중있다
p56_u52,p56,avg_taps_ce10.0,헤령회 터키가 열리는 대표 장소이 2태원 에버랜n즈 높대월드등 측정 방소 검생량이 겪중했다
p56_u52,p56,avg_ce0.0_ce10.0,헤놓확 터티가 열리는 대표 장소이 2태원 에버랜드 노대월드등 측정 당소 검생량이 기중했다
p56_u53,p56,avg_taps_ce0.0,태성가태브리에서는 혈명코스트의 검총향이 143대 가량 크게 늘었다
p56_u53,p56,avg_taps_ce10.0,택성가태고리에서는 혈능노코스트의 검생량이 143대가량 크게 물었다
p56_u53,p56,avg_ce0.0_ce10.0,태형가텔고리에서는 해능모코스트의 검생량이 143대 가량 크게 물었다
p56_u54,p56,avg_taps_ce0.0,파티 소품 파티스트든 장식 등품과 상처부준장 뱀파이야 망포든 소은 검생양로 크게 증가했다
p56_u54,p56,avg_taps_ce10.0,파티소프 파티스트등 장식 경품광 상차부준장 맨파이야 망토든 소은 검생량도 크게 증가했다
p56_u54,p56,avg_ce0.0_ce10.0,파티소은 파티스트등 잠식 경품과 성처부준장 맨파이야 망토든 소은 검생량로 크게 증가했다
p56_u55,p56,avg_taps_ce0.0,이렇트 태로일에 대와 간시 보주대자 이통학게 에서는 각종 환일령삼및 2월트을 지내하고 있다
p56_u55,p56,avg_taps_ce10.0,이렇을 텐로일의 대항 간식이 구주되자 2터없게 에서는 각종 하리행사및 이벤트을 지내하고 있다
p56_u55,p56,avg_ce0.0_ce10.0,이렇을 태로일의 대항 간시 구주되자 2터없게 에서는 각종 환일려 삼및 이벨트를 취내하고 있다
p56_u56,p56,avg_taps_ce0.0,롯때앞트는 헤로일의 맞아 이다 말까지 해로우 가잡받티 화인인 사에 연바
p56_u56,p56,avg_taps_ce10.0,룩대맞트는 혈루일의 맞아 이다 말까지 혈 가잡받티 화인행사의 연바
p56_u56,p56,avg_ce0.0_ce10.0,높대맞트는 헤로내 바아 21 말까지 혈로의 가잡받티 환이행사를 연바
p56_u57,p56,avg_taps_ce0.0,새로 스페쇼로 델리스트로등 단독 상품을 출시하고 일정금에 이상 구메시 산포건을 증장입다
p56_u57,p56,avg_taps_ce10.0,새로의 스페시오로 진리스트로로등 단독 상품을 출시하고 일정금에 이상 구의시 상품관을 증장합다
p56_u57,p56,avg_ce0.0_ce10.0,새로의 스페시오로 진리스트로로등 단독성품을 출시하고 일정금에 이상 구의시선품건을 증장한다
p56_u58,p56,avg_taps_ce0.0,포일절로스에서는 시자이 이nn 인기 컴셀스의 실대앞받트 케릭터의 혈로일대이 의상 소품 사탄 와원이등 다양한 확히 영품을 선보인다
p56_u58,p56,avg_taps_ce10.0,토유절로스에서는 시자이nn 인기 컴실츠인 신대앞받트 케릭터의 혈로일대의 의상 소품 사탕 바원이등 다항한 화히 영품을 선보인다
p56_u58,p56,avg_ce0.0_ce10.0,포이절로스에서는 시자이이nn 인기 컴센스인 신대앞바트 케릭터에 혈롱을대의 의상 소품 사탄 바거이등 다항한 화티 영품을 선보인다
p56_u59,p56,avg_taps_ce0.0,룻대 오해서도 오늘 30까지 혈로일을 바아이 테리어속품 코스트에 영품등 파히 영수 기획점에 개체합다
p56_u59,p56,avg_taps_ce10.0,룻대 원해서도 오는 30까지 혈워인의 바아 일테리어 소품 코스트의 영품등 파낌 영품 기획점을 개체한다
p56_u59,p56,avg_ce0.0_ce10.0,룻대 원해서도 오는 30까지 혈워인을 바아 이 테리어 소품 코스트의 용품등 파힌용술 기획점을 개체한다
p56_u60,p56,avg_taps_ce0.0,악향이천위 a수 홍지나의 하락을 앞세워 대전 시살 관리 공다하 것고 202hv두 나무 항국프로 카끌 리그 여자 매셔한리을 산한성할 달성했다
p56_u60,p56,avg_taps_ce10.0,안야이을 청의 a스 홍우지나의 하략을 앞세워 대전 시잘 관리 공단하것고 202cv주 나무 항곡프로 학끗리그 여자 매션한리그 사람 승할 달성했다
p56_u60,p56,avg_ce0.0_ce10.0,안할미청의 a스 홍지나에 하략을 앞세워 대전 시잘 관리 공단하 거그 202cv두 나무 항국프로 타끗리그 여자 내셔한 리을 산한승할 달성했다
p56_u61,p56,avg_taps_ce0.0,안산 1청안 208일 수안 8고 정령강기장 tdt사열리 k이티티에 여자 내시날리그에서 대잔 시작관리 공담의 상대로 삼대의 사이에 단냅다
p56_u61,p56,avg_taps_ce10.0,안환 시청한 208일 수안 파고 적령강기장 토dt사열리 t이티티에 여자 매시할리구에서 대잔 시작관리 공담의 상대로 삼대의 성리에 남했다
p56_u61,p56,avg_ce0.0_ce10.0,안산 시청한 208일 수한 타고 정령강기장 표디t사열린 t이티티에 여자매산한리구에서 대잔 시작관리 공담의 상대로 삼대의 사히에 남했다
p56_u62,p56,avg_taps_ce0.0,안산 시천 항진안는 emh에서 대잘 시사관리 공담 박태원의 상대로 이대양 승위를 거졌다
p56_u62,p56,avg_taps_ce10.0,안산 시천 하우지 아는 emh에서 대잘 시사발리 공담 박태원을 상대로 이대양 성위을 거었다
p56_u62,p56,avg_ce0.0_ce10.0,안산 시청 하우지 나는 emh에서 대절 시사발리 공담 박태원의 상대로 이대양 성위를 거졌다
p56_u63,p56,avg_taps_ce0.0,이메티는 안산시창 작세리가 대전 시사관리 공단 건화연에게 1때 이록 패배하며 소드한 원점으로 돌나갔다
p56_u63,p56,avg_taps_ce10.0,이메티는 안산시청 닥세리가 되전 시작관리 공단 건화연에게 1배이록 패배하면 성드한 원점으로 돌아갔다
p56_u63,p56,avg_ce0.0_ce10.0,이메티는 안산시청 작세리가 될전 시작관리 공당 건화연에게  1배이록 패배하며 성분을 원점으로 돌아갔다
p56_u64,p56,avg_taps_ce0.0,안선시청한 3내티서 독식 6점 던승의 달리고 있는 이항연 박세리조가 칠점에 배전 시사관리 공단 박태원 유마일조를 이데일로고낌냐 리드를 잡었다
p56_u64,p56,avg_taps_ce10.0,안선시청은 3매티서 독식 6점 단승을 달리고 있는 이양은 박세리조가 칠점에 대전 시사관리공담 박태원 유마일조를 이데일로고뜨냐 리드를 잡았다
p56_u64,p56,avg_ce0.0_ce10.0,안선시청은 3매티서 북식 6점 점승을 단리고 있는 이향은 박세리조가 칠점에 배전 시사관의공담 박태원 유마일 조를 이데일로고끊냐 리드를 잡았다
p56_u65,p56,avg_taps_ce0.0,자메치에서 안3시청은 a스 황진나가 건하연을 상대로 이s트 11대사 2s트를 11대 6으로 대앞하며 대전 시사관리 공단의 상대로 삼대의 승일를 그쳤다
p56_u65,p56,avg_taps_ce10.0,상메치에서 안산시청은 a스 항우진나가 건마험의 상대로 1s트 11대사 2s트를 11대 6으로 재앞하며 대전 시사관리 공담의 상대로 3대인 승일를 굳쳤다
p56_u65,p56,avg_ce0.0_ce10.0,상메치에서 안산시청은 a스 환우지나가 건마염의 상대로 1s트 11대사 2s트를 11대 6으로 재앞하며 대전 시사관리 공담의 상대로 삼대인 승일를 굳쳤다
p56_u66,p56,avg_taps_ce0.0,집번송일로 안산 시청한 서우장 시체잠을 기록했으며 1리 금청부청과 일리 소활 시청의 이여 상강 체대의 공고이 했다
p56_u66,p56,avg_taps_ce10.0,지번송위로 안환 시층은 성점 1체점을 기록했으며 1리 군청구통과 2미 소활 시청해 이여 상강 체대의 공고이 했다
p56_u66,p56,avg_ce0.0_ce10.0,집번성위로 안환 시청한 성정 1체잠을 기록했으며 1리 금청구통과 2미 소할 시청해 이여 상강 체대의 공고이 했다
p56_u67,p56,avg_taps_ce0.0,남자 내션화리구에서는 이철시사호단이 산선 군성과 접정끝에 3대이로 역수입 승일를 겁었다
p56_u67,p56,avg_taps_ce10.0,남자 매션날리구에서는 2천시사공단이 산천군성과 접정끝에 3대이로 역수입승일를 겁었다
p56_u67,p56,avg_ce0.0_ce10.0,남자 매션한리구에서는 2천시사궁단이 산천군성과 접정끝에 3데이로 역수입생일를 겁봅다
p56_u68,p56,avg_taps_ce0.0,인철시설공다는 2번수위로 사연승을 규록하명 수장22자으로 1이 대편 시천활 생장 8장차로 따라부었다
p56_u68,p56,avg_taps_ce10.0,인천시설공단는 2번수위로 사연송을 기록하명 수장 22점으로 1리 대한 시천할 생장팔장차로 따라부었다
p56_u68,p56,avg_ce0.0_ce10.0,인천시설공단는 2번술위로 사연송을 규록하명 수장 22점으로 1이 대천 1천을 생장8정차로 따라부었다
p56_u69,p56,avg_taps_ce0.0,지케이 원랜들 규튼 지표능 은향하는 그츠 네트랜비가 좀주 전역 웹사이트인 감명잠 공가는 계함했다고 시5의 밝혔다
p56_u69,p56,avg_taps_ce10.0,지행 원랜들 그튼 지키는 은향하는 그튼 의투엔비가 좀주 전념 웹사이트인 가용점공가는 계함했다고 시5에 밝혔다
p56_u69,p56,avg_ce0.0_ce10.0,치행 머랜들 교튼 치편는 은향하는 교튼 의투엔비가 점주 전념 웹사이트인 가능점공가는 계함했다고 시5의 밝혔다
p56_u70,p56,avg_taps_ce0.0,감명점공가는 감명점과의 원화한 커멸리게의 평과 상생이미에 말련된 내부 소통 상후이 있다
p56_u70,p56,avg_taps_ce10.0,감행점공가는 감맹점과의 원화한 커멸 계일 형과 상생리기에 마련데 내부 소통 상후이다
p56_u70,p56,avg_ce0.0_ce10.0,감행전공가는 감맹점과의 원화한 커멸게의 형과 상생이비에 말련데 내부 소통 상구이다
p56_u71,p56,avg_taps_ce0.0,새단 고호간에서는 간행점물향의 필요한 본사 고우지 장 간행점주들의 요창사이 점주 호식등이 계제된다
p56_u71,p56,avg_taps_ce10.0,세단 공관에서는 감맹점 물향의 필요한 본사 공우지 장 감맹점주들의 유탕사이 점주 호식등이 계제된다
p56_u71,p56,avg_ce0.0_ce10.0,세단 공관에서는 감맹점문령의 필요한 본사 공우지 사 감맹점주들의 유탕사우이 점주 호식등이 계제된다
p56_u72,p56,avg_taps_ce0.0,이번 계편을 정주및 둔사지건들이 원하는 동보를 더욱 쉽포바르게 어을 수 있도록 편리상 증대와 접근 성용위에 초자하에 맞아였다
p56_u72,p56,avg_taps_ce10.0,이방 계편는 점중및 분사 지건들이 원하는 동보를 더욱 쉽포발을게어을 수 있도록 편이상 정대와 잡근 성용에 추잠할 마아였다
p56_u72,p56,avg_ce0.0_ce10.0,이방 계편는 점주및 분사 지건들이 원하는 동보를 더욱 쉽포바르게 어을 수 있도록 향히성 증대와 접근 성용에 초장을 맞아였다
p56_u73,p56,avg_taps_ce0.0,보다 직건적이고 책개적이 인덮패이스을 권안한 점민 가장 큰 특지입니다
p56_u73,p56,avg_taps_ce10.0,보다 직건적이고 책개적이 인덮페이스를 그안한 점민 가장 큰특지입니다
p56_u73,p56,avg_ce0.0_ce10.0,보다 직건적이고 책개적이 인터페이스를 그안한 점민 가장 큰특찍니다
p56_u74,p56,avg_taps_ce0.0,사용자들이 각잡 필요 가태 호리만 섬별의 볼 수 있도록 직접 매일 하명의 데시보들을 설자할 수 있는 기농능이 토한됩다
p56_u74,p56,avg_taps_ce10.0,사용자들이 각잡 필요한 카태우리만 섬변의 볼 수 있도록 직접 매인 하명의 데시보들을 설장할 수 있는 기능능이 토안했다
p56_u74,p56,avg_ce0.0_ce10.0,사용자들이 각잡 필요한 가태우리만 섬변의 볼 수 있도록 직접 내일 하명의 대시보들을 설장할 수 있는 기농능이 토안했다
p56_u75,p56,avg_taps_ce0.0,또안 휴대분든 모발의 항강에서도 탈리하게 사용할 수 있도록 기능할 채적하했다
p56_u75,p56,avg_taps_ce10.0,또안 휴대품든 모발의 황광에서도 터리하게 사용할 수 있도록 기능할 채적하했다
p56_u75,p56,avg_ce0.0_ce10.0,또만 후대품든 모발의 황광에서부 터리하게 사용할 수 있도록 기능할 태적하했다
p56_u76,p56,avg_taps_ce0.0,그천후 가의오감 공광 대편을 통회 감의이점과에 서통할 현처 간하하고 더 마아가 고객 먼족돌 항사하까지 항게 먼드어내 방치니다
p56_u76,p56,avg_taps_ce10.0,표투는 감맹점 궁광 재편을 통해 감맹점과할 소통할 할천 강하하고 더 마아가 고객 먼족돌 항상까지 항께 먼드어낼 방치이다
p56_u76,p56,avg_ce0.0_ce10.0,두투며 감맹점 공광 대편을 통해 감맹점과할일 소통할 현층 강하하고 더 마아가 고객 먼족돌 항상까지 항께 먼드어낼 방치이다
p56_u77,p56,avg_taps_ce0.0,울살실난 즉슨 시키이 보사다이 우래 유활 말까지 즉슨을 회성하거나 무단 새키한 회일의 제쪽 상숙함다고 28에 방혔다
p56_u77,p56,avg_taps_ce10.0,울살실년 죽순 지키이 봉사다이 오늘 유활 말까지 즉순을 해상하거나 무단 채티한일의 되축 단수한다고 28에 발혔다
p56_u77,p56,avg_ce0.0_ce10.0,울살실년 죽슨 시키이 봉사다이 오래 유활 말까지 즉슨의 새각하거나 무단 새티안원의일의 제쪽 단수탐다고 28에 발혔다
p56_u78,p56,avg_taps_ce0.0,앞서실란 대숙태 의타리를 세우고 죽슨 체치를 분지 함다는 홍포 기바가 형승학등할 설키했다
p56_u78,p56,avg_taps_ce10.0,앞서시년 대숙태 일파리를 세우고 죽순 체치를 금지함다는 홍폭 기바가 형스막등한 설취했다
p56_u78,p56,avg_ce0.0_ce10.0,앞서시랜 데수태우 일타리를 세우고 축슨 체치를 금지함다는 홍폭 기바가 형숨막등할 설취했다
p56_u79,p56,avg_taps_ce0.0,죽술 지행일 분사다는 죽숨을 무단 셋체 아러나 회송안을 회일을 단속하을 남편 데속을 방문할 시일들에게 죽성과 데랑수가치의 중의사에 대앙행고도 방행한다
p56_u79,p56,avg_taps_ce10.0,죽술 지행이 분사다는 죽숨을 무단 채체 아로나 회송안을 회일을 단속하는 남편 대수플 방문할 시일들에게 죽성과 데람무숙 갇치에 중역상에 대항행고도 방행한다
p56_u79,p56,avg_ce0.0_ce10.0,죽순 지행의 분사다는 죽숨을 무단 셋체 아로나 회송하을 회일을 단속하는 남편 대수플 방문할 시일들에게 죽성과 대랑우서 가치에 중역상에 대항회고도 방행한다
p56_u80,p56,avg_taps_ce0.0,실람둘법으로 죽승을 셋치하거만 회손한 사람을 적발을 경우 향법제상백 66조에따라 강약하게 대혀할 방치니다
p56_u80,p56,avg_taps_ce10.0,실년둘법으로 죽순을 체치하거나 회손한 사람을 적발할 경우 향법체366조에 따라 강약하게 대혀할 방치니다
p56_u80,p56,avg_ce0.0_ce10.0,실한둘법으로 죽슨을 체치하거나 회수한 사람을 적발할 경훈 향법체 상백66조에 따라 강약하게 대혀할 방치니다
p56_u81,p56,avg_taps_ce0.0,죽술을 책체하면 구거우제 회손과 구거우제 절또의 해당의 차화를 받는다
p56_u81,p56,avg_taps_ce10.0,죽순을 채체하면 공공제 회손과 공공제 절도에 해당에 차화를 받는다
p56_u81,p56,avg_ce0.0_ce10.0,죽순을 체체하면 공공제 회손과 공공제절도에 해당에 참화를 받는다
p56_u82,p56,avg_taps_ce0.0,패각간 국가정원에 대수통 태하지구와 사호지구의 향성되하 있으며 향원제 왕우데 맹종울즉 오즉 고갑즉등 다야한 태나무가 분포되어 있다
p56_u82,p56,avg_taps_ce10.0,태활한 국가정원에 대숙트 태화지구와 삼무지구의 향상되어 있으면 향재왕데 맹중우즉 우즉 고갑즉등 다양한 태나무과 분포되어 있다
p56_u82,p56,avg_ce0.0_ce10.0,패화간 국가정원에 대수통 태화지구와 사모지구의 형성되어 있으면 항운재 왕데 맹종을즉 우즉 고갑즉등 다양한 태나무과 분포되어 있다
p56_u83,p56,avg_taps_ce0.0,군산에서 책곱 비산땅한 수성으도 우로때맞트 부지로 제금미터당 290만 4찬원으로 나타났다
p56_u83,p56,avg_taps_ce10.0,군사에서 책고 뒤산땅가 수송도 로때마트 부질로 책공미터당 290만 4찬험으로 나타났다
p56_u83,p56,avg_ce0.0_ce10.0,군산에서 책고비산땅 수성으도 물로때마트 부지로 제공 미터당 290만 4찬험으로 나타났다
p56_u84,p56,avg_taps_ce0.0,또한 최작가질는 인피양 부성리 소재 순활은 부지로 재금미터다 202될 20번으로 확인냈다
p56_u84,p56,avg_taps_ce10.0,또한 최적가일리는 인피년 부성리 소죄 순화원 후지로 제금 및터다 2220번으로 확인됩다
p56_u84,p56,avg_ce0.0_ce10.0,또한 체작가질는 인필년 부성리 소재 순화원 부지로 제금 이터다 20220번으로 확인했다
p56_u85,p56,avg_taps_ce0.0,이 같은 사실은 208일 근산시가 222년 1할 1의 기준으로 사용대 개별 공시직가 결짝 궁부시 발혀에서 발혀졌다
p56_u85,p56,avg_taps_ce10.0,이 같은 사실은 208일 군탄시가 222년 1란 1의 기음으로 사용될 개별 군우시직과 결정 군구시 발표에서 발혀졌다
p56_u85,p56,avg_ce0.0_ce10.0,이 같은 사시은 208일 군산시가 222년 11 1의 기음으로 사용대 개별 군우시집과 결정 군드시 발혀에서 발혀졌다
p56_u86,p56,avg_taps_ce0.0,"19할 3,2327질을 배성으로 시행된 개별 구으시 직간는 토제 발량국센이 지방세와 각종 부담금 통의 구쳐자르로 하륭된다"
p56_u86,p56,avg_taps_ce10.0,"19할 3, 2327질을 배성으로 시행된 개별 구시직간을 토제 관령국센 입 지방세와 각종 부담금 통의 구혀자려로 하능된다"
p56_u86,p56,avg_ce0.0_ce10.0,"1건월 3,2327질을 배성으로 시행된 개별 구으시직간는 토제 관령국 입지방세와 각종 부담금 통의 구혀자려로 하능된다"
p56_u87,p56,avg_taps_ce0.0,실랑 결정된 직가를 1찬 입몇도중의센터 부동상 국구시가야 갈리이 사이트를 통해 제공한다
p56_u87,p56,avg_taps_ce10.0,신랑 별정된 직가를 10 의몇토 중의센터 부동상 국구시 가여 관리이 사이트를 통해 제공한다
p56_u87,p56,avg_ce0.0_ce10.0,"신행 결정된 직가를 1,입몇도증의은터 부동상 국구시가여 관림이 사이츠를 통해 제공한다"
p56_u88,p56,avg_taps_ce0.0,집가의 이가 일는 토지 소유자는 오는 5활 301까지 1창 토제정복과 음연도 주의 센터에서 이신청할 받는다
p56_u88,p56,avg_taps_ce10.0,지가의 이가 있는 토지 소유자는 오는 오활 301까지 1창 토제장복과  음념동 주일 센터에서 이신창할 받는다
p56_u88,p56,avg_ce0.0_ce10.0,지가에 이가 있는 토지 소유자는 오는 오활 3십1까지 1창 토제정복과  음념동 주일 센터에서 이신청할 받는다
p56_u89,p56,avg_taps_ce0.0,이 실성서가 재칠된 토질년 국토 교통부 지장 감정 상가사에 정류에 검정하 거힌다
p56_u89,p56,avg_taps_ce10.0,이 신성서가 재출된 토지는 국토 교통부 지장 감정 상가자에 정매 검정할 거힌다
p56_u89,p56,avg_ce0.0_ce10.0,이일 신성서가 재칠된 토지는 국토 교통부 지장 감정 탕가자에 정밀 검정하 거힌다
p56_u90,p56,avg_taps_ce0.0,선되에서 토지 특상의 상세인 하긴 후 구종상가에 9 위원에의 1의 될찰를 발바 오는 6월 2참매까지 차리후 결가를 계별 통지된다
p56_u90,p56,avg_taps_ce10.0,천죄에서 토지 특상의 상세의하긴후 부도상가에 90 위험에의 1의 제차를 발바 오는 6월 2참까지 차리후 결가를 계별 통지된다
p56_u90,p56,avg_ce0.0_ce10.0,현제에서 토질 특성의 상세의하긴 후 부도우한가에 9 위험에의 1의 될차를 발바 오는 6월 2참에까지 차리후 결가를 개별 통지된다
p56_u91,p56,avg_taps_ce0.0,둘날지 토지 정복과 길장습가장을 시일를의 재상과 밀접된 망큼 시일를의 의견 청치와 수량해 만전에 기하겠다고 말했다
p56_u91,p56,avg_taps_ce10.0,분할지 토지정복과 긴장서과장을 시민들의 재상과 밀접된 멍큼 시민들의 의견 청치와 수량에 만전에 기하겠다고 말했다
p56_u91,p56,avg_ce0.0_ce10.0,불할지 토지장복과 군장습가장을 시일들의 재상과 밀접된 멍큼 시일들의 의전 청취와 쓰량의 만전에 기하겠다고 말했다
p56_u92,p56,avg_taps_ce0.0,앞추로 글로자 스술로 일하는 시간이나 장소를 타약적으로 도정할 수 있게 대 점망이다
p56_u92,p56,avg_taps_ce10.0,앞추로 글로자 스술로 일하는 시간이나 장소를 타약적으로 도정할 수 있게대 점망이다
p56_u92,p56,avg_ce0.0_ce10.0,앞프로 글로자 스술로 일하는 시간이나 장소를 타약적으로 두정할 수 있게대 점망이다
p56_u93,p56,avg_taps_ce0.0,당분을 신력일 장부터올 창사에서 강계부터 장관 합동 도리티한 열고 이 값은 내용 담긴 세장부 강제정책 당항할 발혀했다
p56_u93,p56,avg_taps_ce10.0,장부을 심력일 장부터올 창사에서 강계부터 장관 합동 돌리티할 열고 이 같은 내용이 담긴 세점부 강제정책 당항할 발표했다
p56_u93,p56,avg_ce0.0_ce10.0,당분을 심력일 정부터올 창사에서 관계부터 장관 합던 부리키할 열고 이값은 내형이 담긴 세점부 강제 정책 당항할 발표했다
p56_u94,p56,avg_taps_ce0.0,율속일 중분은 극견하는 노동시당 항경해 바혀 그동안 다인트c스로 회개적이 없더 글로시간을 계평하겠다는 방침이다
p56_u94,p56,avg_taps_ce10.0,일석일 준부은 그변하는 노동시장 항경에 바혀 그동안 d인트식스로 회개정이 없던 글로시간을 계평하겠다는 당침니다
p56_u94,p56,avg_ce0.0_ce10.0,일석일 숨부는 급변하는 노동시장 항경해 바혀 그동안 다인틀식스로 회개적이 없던 글로시간날 계편하겠다는 방침니다
p56_u95,p56,avg_taps_ce0.0,먼저 기종과 같이 주 52 간제트에편 일양글로의 할성하을 추질나는등 울량 방법과 이행수단낼 사타 계성하기로 했다
p56_u95,p56,avg_taps_ce10.0,먼저 기종과 같이 주 52c간제트에혀 일양글로의 할선말을 추진 아는등 의향 방법과 이행수단낼 사타 계상하기로 했다
p56_u95,p56,avg_ce0.0_ce10.0,먼저 기종과 같이 주 52c간제트에서 일양글로의 할성하을 추센하는등 울향 방법과 이향수단낼 사타 계성하기로 했다
p56_u96,p56,avg_taps_ce0.0,이를 위에 초아 연장 글로시간을 저측하는 글로시간 저측 대자대 도입을 추진하고 연장 글로시간 초망하 갈리하는 다의 할때에 나섬다
p56_u96,p56,avg_taps_ce10.0,이를 위해 초와 연장 글로시간을 저측하는 글로시간 저측 대자대 도입을 추진하고 연장 글로시간 충요향할 갈리하는 다이 학대에 나원다
p56_u96,p56,avg_ce0.0_ce10.0,이를 위해 초화 연장 글로시간을 저측하는 글로시간 저측 개자대 도입을 추진하고 연장 글로시간 충향할 갈리하는 다의 학대에 나선다
p56_u97,p56,avg_taps_ce0.0,예를 들어 온늘 다퍼시간 등모했다면 내의 1시간 하는 시으로 주52시간 내에서 이안하게 일할 수 있게 되는 생이다
p56_u97,p56,avg_taps_ce10.0,예를들어 온늘 다퍼시각 등모했다면 내의 열시간 하는식으로 주520간 매에서 일함하게 일할 수 있게 되는 생이다
p56_u97,p56,avg_ce0.0_ce10.0,예를들어 온늘 다퍼시간 금모했다면 내의 열시간 하면식으로 주52시간 내에서 일함하게 일할 수 있게 된는생니다
p56_u98,p56,avg_taps_ce0.0,또 장군은 선택적 글로시간들 정상 기감도 들려 이영글로의 학산에 나석겠다는 계획이다
p56_u98,p56,avg_taps_ce10.0,또 장분은 선택적 글로시간제 장상 기감도 들려 이영그로의 학산에 나석겠다는 개획이다
p56_u98,p56,avg_ce0.0_ce10.0,또 장분은 선택적 글로시간데 정상 기감도 들려 이영글로의 학환에 나석겠다는 개획이다
p56_u99,p56,avg_taps_ce0.0,스타투아비나 전물직의 글로시간 올향에 대한 애름 사항도 해서하겠다고 정부측간 사명했다
p56_u99,p56,avg_taps_ce10.0,스ttu비나 점문직의 글로시간 올향에 재한 애루 사도 해소하겠다고 정부측간 사명했다
p56_u99,p56,avg_ce0.0_ce10.0,스타투아비나 전물직의 글로시간 운향에 대한 애로 사도 해소하겠다고 정부측간 사명했다
