language,speaker_id,sentence_id,reference,A_pretrained,B_full_ft,C_adapter,D_lora
korean,p00,u00,부산시는 칠 일 오후 시민들이 안전하게 대중교통을 이용하기 위해 대중교통 혼잡도 안전관리 대책회의를 열고 정책 점검에 나섰다,0.1159,0.058,0.058,0.0435
korean,p00,u01,이날 회의는 시 부산교통공사 시내마을버스운송사업조합 등이 참석해 안전 확보 추진상황 점검과 안전관리 강화 방안을 함께 모색했다,0.3714,0.0571,0.1286,0.1286
korean,p00,u02,도시철도는 정원 백 이십 명인 한 칸 차량에 백 팔십 명이 탑승했을 경우 혼잡한 상태로 승무원의 관리가 필요하다,0.3226,0.0323,0.0968,0.0484
korean,p00,u03,부산시는 출퇴근 시간 최대 순간 혼잡도가 백 이십 퍼센트 내외 수준으로 수도권과 달리 승차에 크게 어려움을 겪지 않는 수준에서 안전하게 관리되고 있다,0.1928,0.0723,0.0723,0.0482
korean,p00,u04,시는 최근 비티에스 공연과 같이 일시적으로 혼잡도 상승이 예상되는 행사는 빈 차 추가투입 무정차 운행 등으로 혼잡도를 해소하기로 했다,0.1892,0.0405,0.0405,0.0676
korean,p00,u05,또 현재 운영되고 있는 부산교통공사 운행관제 현장조치 매뉴얼 등 관련 매뉴얼을 전면 재점검에 안전관리를 지속적으로 해나갈 방침이다,0.125,0.0833,0.0833,0.1111
korean,p00,u06,시내마을버스는 출퇴근 시간대 일부 노선을 제외하고는 대부분의 노선이 혼잡도가 낮아 현재는 승하차에 어려움 없이 안전하게 관리되고 있다,0.2162,0.0811,0.0811,0.0811
korean,p00,u07,앞으로 시는 이천 이십 삼 년 하반기 중 하차태그 의무제를 도입해 버스 내 재차 인원 정보를 파악해 탑승 인원을 실시간 수집할 계획이다,0.2533,0.04,0.0267,0.04
korean,p00,u08,이를 통해 버스 내 혼잡도 정보를 버스정보안내기 스마트폰 등을 통해 이용 시민들에게 제공할 계획이다,0.2545,0.0364,0.0364,0.0909
korean,p00,u09,원주시는 십 구 일 오후 호저면 산현리 칠봉 체육공원에서 섬강 자작나무 숲 둘레길 개통식을 개최했다,0.5818,0.1273,0.1091,0.2182
korean,p00,u10,이날 개통된 사 점 오 키로미터 규모의 둘레길은 데크길과 휴게공간을 비롯해 수령 삼십 년 이상의 자작나무가 군락을 이루고 있는 숲 등을 갖추고 있다,0.3171,0.061,0.0488,0.0488
korean,p00,u11,칠봉 체육공원에서 출발해 섬강을 따라 걷는 데크길에서는 들판과 강이 어우러진 풍광을 만끽할 수 있다,0.2182,0.1636,0.1636,0.1636
korean,p00,u12,이어 잣나무 숲을 지나면 곧이어 은빛 자태를 뽐내는 자작나무 군락이 나타난다,0.3571,0.2143,0.2143,0.2619
korean,p00,u13,원주시는 관광객들에게 새로운 볼거리를 제공하기 위해 섬강 자작나무 숲 둘레길에 다양한 주제의 숲을 추가 조성하기로 했다,0.303,0.1818,0.1515,0.0758
korean,p00,u14,원창묵 원주시장은 치악산 둘레 길 소금산 그랜드밸리 등과 연계한 관광 프로그램을 운영하는 방안도 검토하고 있다고 말했다,0.3333,0.0909,0.0758,0.1212
korean,p00,u15,앞서 원주시는 지난해 오 월 백 삼십 구 점 이 키로미터에 달하는 치악산 둘레 길 열 한 개 코스 전 구간을 개통했다,0.5231,0.0615,0.1077,0.1846
korean,p00,u16,이는 등산로 샛길 임도 둑길 옛길 마을 길 등 기존의 길을 연결하고 새로운 길을 내어 다듬은 도보 여행길이다,0.2667,0.1333,0.0833,0.1333
korean,p00,u17,순창군체육회가 주최하고 순창군배드민턴협회가 주관해 열린 제 십 일 회 순창 고추장 배 전국배드민턴대회가 성황리에 막을 내렸다,0.3188,0.087,0.1739,0.1739
korean,p00,u18,순창국민체육센터 등 세 개 구장에서 전라북도와 순창군이 후원해 지난 육 일부터 이틀 동안 열린 대회는 예상보다 많은 일 천 여명이 참가해 인기를 실감케 했다,0.2184,0.069,0.092,0.0805
korean,p00,u19,특히 참가한 선수는 모두 동호인으로 연령별 성별 경기방식에 따라 칠십 개조로 나눠 경기가 진행됐다,0.2593,0.0185,0.0556,0.037
korean,p00,u20,애초 국민체육센터와 장애인체육관 등 이 곳에서 대회가 진행될 예정이었으나 일 천 여명이 참가를 희망하자 순창제일고 체육관까지 대관해 세 개 구장에서 치러졌다,0.2529,0.1264,0.1149,0.1379
korean,p00,u21,특히 코로나 일구 재확산세로 접어든 엄중한 시기여서 군과 배드민턴협회는 철저한 시설방역에 중점을 두고 경기를 진행했다,0.2923,0.0615,0.0462,0.1077
korean,p00,u22,아울러 발열 체크와 꼼꼼한 시설소독으로 동호인의 건강보호는 물론 지역 내 코로나 확산 방지에 최선을 다했다는 게 주최 측의 설명이다,0.137,0.0685,0.1096,0.0822
korean,p00,u23,한편 이번 대회는 코로나 일구가 발생하기 전인 지난 이천 십 구 년을 마지막으로 그동안 열리지 못하다가 정부의 거리두기 해제 정책에 따라 삼 년 만에 다시 개최됐다,0.1868,0.0,0.0,0.033
korean,p00,u24,자신의 아내를 성폭행했다고 오해해 직장 동료를 흉기로 찔러 살해한 혐의를 받는 사십 대 공무직 직원이 재판에 넘겨졌다,0.1846,0.0462,0.0462,0.0308
korean,p00,u25,이 일 법조계에 따르면 인천지검은 살인 및 도로교통법상 음주 운전 혐의로 인천 옹진군청 소속 공무직 직원 에이 씨를 구속기소했다,0.493,0.0563,0.0986,0.0845
korean,p00,u26,해당 사건은 인천지법 형사십오부에 배당됐으며 아직 첫 기일은 정해지지 않았다,0.3095,0.0952,0.0714,0.1905
korean,p00,u27,앞서 에이 씨에 대한 구속 전 피의자 심문을 진행한 김현덕 인천지법 영장전담 부장판사는 피의자가 도망할 우려가 있다며 구속영장을 발부했다,0.2632,0.0789,0.0395,0.0526
korean,p00,u28,에이 씨는 영장실질심사에 출석하기 전 피해자에게 할 말 없느냐는 취재진의 질문에 죄송하다 죽을 죄를 지었다고 작은 목소리로 답했다,0.25,0.0972,0.0694,0.1389
korean,p00,u29,그는 지난달 십 이 일 영 시 오 분께 한 도로에서 면사무소 동료인 공무직 직원 비 씨의 복부 부위를 흉기로 찔러 살해한 혐의를 받고 있다,0.2857,0.0649,0.1039,0.1558
korean,p00,u30,에이 씨는 범행 당일 오후 비 씨를 포함해 지인들과 함께 고깃집에서 술을 마신 후 자기 집에서 다 같이 술자리를 또 가졌던 것으로 조사됐다,0.2078,0.0519,0.0649,0.0909
korean,p00,u31,이후 일행이 모두 귀가한 뒤 에이 씨는 잠긴 방 안에서 옷을 벗은 채 잠든 아내를 보고 술김에 비 씨가 자기 아내를 성폭행했다고 오해한 것으로 파악됐다,0.1667,0.0476,0.1071,0.0714
korean,p00,u32,경찰 조사에서 에이 씨는 평소보다 술을 많이 마셔서 술김에 비 씨를 오해했다고 진술했다,0.2917,0.0,0.0208,0.2917
korean,p00,u33,에이 씨의 아내도 참고인 조사에서 비 씨에게 성폭행을 당한 사실이 없다고 밝힌 것으로 전해졌다,0.4423,0.0192,0.0192,0.0769
korean,p00,u34,경북 칠곡군이 민간 위탁을 통해 운영 중인 칠곡보 야외 물놀이장이 인기를 끌고 있다,0.3696,0.0652,0.087,0.087
korean,p00,u35,임종진 씨는 민결윤결 쌍둥이 자녀와 올여름에만 두 번째 칠곡보 야외 물놀이장을 찾았다,0.2979,0.1489,0.1702,0.1064
korean,p00,u36,사 인 가족 기준 이 만 원이면 수영장은 물론 각종 물놀이 부대시설을 마음껏 이용할 수 있기 때문이다,0.2679,0.0536,0.1071,0.1071
korean,p00,u37,입장료 이외는 별도의 비용이 발생하지 않는 등 사설 물놀이장 보다 저렴한 가격은 물론 다양한 부대시설과 매점 판매 음식물이 저렴하기 때문이다,0.1282,0.1154,0.1282,0.1154
korean,p00,u38,물놀이장에는 대형 풀 다섯 개 중형 풀 두 개 워터슬라이드 에어바운드 기차 오토바이 등이 마련돼 있다,0.2679,0.0357,0.0536,0.0357
korean,p00,u39,이용 편의를 위해 몽골텐트 차광막 테이블 피크닉 존 매점 푸드 존 샤워실 탈의실 화장실 등의 부대시설도 갖춰져 있다,0.3281,0.1094,0.125,0.125
korean,p00,u40,이용 요금은 십 사 세 이상 일만 이천 원 어린이 팔천 원이며 칠곡군민은 오십 퍼센트 할인된다,0.5385,0.1731,0.1154,0.1923
korean,p00,u41,다른 지역 방문객도 오천 원으로 오십 퍼센트 할인권 구매가 가능해 이만 오천 원이면 사 인 가족이 이용할 수 있다,0.381,0.0317,0.0476,0.0952
korean,p00,u42,광역동 체제로 행정구역이 개편돼 열 곳으로 줄었던 경기 부천지역 사전투표소가 오는 삼 월 대선을 앞두고 서른 여섯 곳으로 원상복구된다,0.3378,0.0946,0.0946,0.1081
korean,p00,u43,십 이 일 부천시와 선거관리위원회에 따르면 지난 십 일 일 열린 국회 본회의에서 서영석 더불어민주당 의원이 대표 발의한 공직선거법 일부 개정 법률안이 가결됐다,0.1818,0.0114,0.0227,0.0341
korean,p00,u44,이 법률안에는 행정구역 개편으로 읍 면 동 수가 줄어든 경우 개편 직전의 수를 기준으로 사전투표소를 설치하고 선거 사무원을 선임하는 내용이 담겼다,0.1358,0.037,0.0494,0.0617
korean,p00,u45,개정된 법안은 오는 십 오 일 공포와 동시에 시행돼 삼 월 구 일 열리는 제 이십 대 대통령 선거부터 적용될 예정이다,0.3692,0.0,0.0154,0.0154
korean,p00,u46,앞서 부천시는 지난 이천 십 구 년 광역동 체제로 전환하면서 기존 서른 여섯 개 행정동이 열 곳으로 대폭 축소됐다,0.4603,0.0317,0.0952,0.0794
korean,p00,u47,이에 따라 사전투표소 수도 열 개로 축소돼 지난 이천 이십 년 제 이십 일 대 총선 당시 주민들이 멀리 떨어진 투표소까지 찾아가야 하는 불편을 겪었다,0.2048,0.0,0.012,0.0
korean,p00,u48,이 영향으로 부천지역 사전투표율은 전국 기초 지자체 가운데 두 번째로 낮았고 참정권 침해 논란이 일기도 했다,0.1833,0.15,0.1167,0.1667
korean,p00,u49,부천시 선관위는 대선 때 사전투표소가 원활하게 운영되도록 잘 준비하겠다고 밝혔다,0.2727,0.0909,0.0455,0.1818
korean,p00,u50,영화 해적 도깨비 깃발이 팔 일 연속 박스 오피스 최정상을 지키며 설 연휴 극장가를 사로잡았다,0.3077,0.1538,0.1923,0.25
korean,p00,u51,삼 일 영화 진흥 위원회 영화관 입장권 통합 전산망에 따르면 해적 도깨비 깃발은 전날 하루 동안 십 삼 만 천 칠백 십 일 명을 동원해 누적 관객수 팔십팔 만천사백구십육 명을 기록했다,0.4314,0.1471,0.1078,0.1765
korean,p00,u52,해적 도깨비 깃발은 흔적도 없이 사라진 왕실 보물의 주인이 되기 위해 바다로 모인 해적들의 스펙터클한 모험을 그린 영화다,0.194,0.0896,0.1045,0.1493
korean,p00,u53,작품은 동시기 개봉작을 비롯해 쟁쟁한 국내외 모든 경쟁작을 압도적으로 제치며 올해 개봉작 중 최고 스코어를 넘어섰다,0.1562,0.125,0.1094,0.1719
korean,p00,u54,이 위를 차지한 킹메이커는 칠만 육천 이백 팔십 팔 명을 불러모아 누적 관객수 사십 팔 만 사천 사백 이십 구 명을 동원했다,0.6812,0.0435,0.1014,0.087
korean,p00,u55,사 위 씽투게더는 일일 관객수 이만 육백 이십 팔 명으로 누적 관객수는 칠십 구 만 삼천 오백 사십 구 명으로 집계됐다,0.7424,0.1061,0.0758,0.1364
korean,p00,u56,오 위 극장판 안녕 자두야 제주도의 비밀은 일일 관객수 일만 이천 오백 오십 오 명 누적 관객수 육만 칠천 삼백 이십 팔 명이다,0.7183,0.1549,0.1408,0.1549
korean,p00,u57,경기 과천시는 이천 이십 이 년 꽃과 쉼이 있는 거리 조성 사업을 통해 거리 곳곳에 꽃향기 가득한 감성 공간을 조성하고 있다고 십 구 일 밝혔다,0.325,0.05,0.0375,0.1375
korean,p00,u58,과천시는 이 사업을 통해 과천시민회관 옆 정부과천청사 버스정류장 인근 치유정원을 다양한 꽃과 허브 향기가 가득한 자연친화적 감성정원으로 새단장했다,0.1975,0.1111,0.1111,0.1111
korean,p00,u59,치유정원은 버스나 지하철을 이용하는 시민들이 대중교통수단을 기다리는 동안 라벤더 등 열 여섯 여종의 허브 향기를 즐기고 포토존까지 구비된 장소이다,0.2716,0.0617,0.0494,0.0494
korean,p00,u60,시는 지난해부터 꽃과 쉼이 있는 거리 조성사업을 추진해 코로나 일구로 지친 시민의 마음을 치유하고자 도심 곳곳에 감성공간을 조성해 왔다,0.28,0.0667,0.0667,0.1467
korean,p00,u61,지난해에는 대공원 나들길에 계절마다 초화 관목 화분 등을 설치해 시민들이 산책과 휴식을 취할 수 있는 힐링공간을 만들었다,0.2239,0.0448,0.0896,0.1045
korean,p00,u62,또 지난달 중순에는 지역 가로변 및 주요 화단에 루피너스 외 이십 여종과 약 십 일 만 본의 꽃을 식재하기도 했다,0.381,0.1429,0.1746,0.127
korean,p00,u63,단양의 걷기 명소로 주목받고 있는 남한강 어우름길이 최근 전면 개통해 관광객의 발길을 끌고 있다,0.2453,0.1509,0.0943,0.1887
korean,p00,u64,군에 따르면 남한강 어우름길은 느림보 강물길 네 코스 중 수변로와 단양 생태 체육공원을 잇는 구간으로 이백 육십 오 미터 연결로와 사십 오 미터 교량이 최근 개통됐다,0.5109,0.1413,0.1413,0.2065
korean,p00,u65,이번에 개통된 연결로와 교량은 느림보 강물길 네 코스 약 육 킬로미터 구간을 모두 잇는 마지막 연결고리다,0.6034,0.1379,0.1724,0.1034
korean,p00,u66,어우름길은 정원과 광장 포토존 등 다양한 편의시설이 확충될 예정이고 단양 생태 체육공원 등의 대형 주차장이 추가로 확보된다,0.3088,0.1618,0.1618,0.2647
korean,p00,u67,게다가 카약과 파티 보트 등 다채로운 수상 레포츠를 즐길 수 있는 단양 생태 체육공원 계류장도 개장을 눈앞에 두고 있다,0.2273,0.1515,0.1212,0.0909
korean,p00,u68,특히 이 길은 느림보 강물길 일 에서 오 코스 가장자리에 있어 도심 방면으로는 도심의 세련미와 함께 만천하스카이워크 이끼터널 등 유명 관광지를 둘러볼 수 있다,0.2841,0.1136,0.1477,0.1591
korean,p00,u69,도심 외곽 방면으로는 도담삼봉과 석문 금굴 등 역사 명승지를 만날 수 있다,0.3415,0.0976,0.2195,0.2195
korean,p00,u70,전국에 이름난 단양강잔도하고도 이어져 단양강 따라 걷는 약 사 키로미터는 이미 큰 인기를 끌며 전국의 트레킹 애호가들의 주목을 받고 있다,0.2632,0.1842,0.1579,0.1579
korean,p00,u71,조이시티는 자회사 로드비웹툰의 사명을 조이플 엔터테인먼트로 변경했다고 사 일 밝혔다,0.1739,0.1304,0.1087,0.1304
korean,p00,u72,새로운 사명인 조이플 엔터테인먼트는 조이와 피플의 합성어로 독자들에게 즐거움을 안겨주는 콘텐츠를 개발하겠다는 뜻을 담았다,0.2836,0.0746,0.1045,0.0746
korean,p00,u73,조이플 엔터테인먼트는 올해 샤이닝 썸머 대공님의 애완 수인 등 다양한 작품을 선보였다,0.234,0.1489,0.1064,0.1064
korean,p00,u74,이 중 대공님의 애완 수인은 지난 칠 월 연재 개시 이후 카카오페이지 실시간 랭킹 일 위를 기록한 바 있다,0.4068,0.1525,0.1525,0.2203
korean,p00,u75,또 중국 웹툰 플랫폼 콰이칸과 연재 계약을 체결하며 글로벌 시장에 진출했다,0.1707,0.1463,0.0976,0.1463
korean,p00,u76,조이플 엔터테인먼트는 판타지 장르를 비롯한 십 여종의 노블코믹스 및 오리지널 웹툰 타이틀을 제작 중이다,0.2807,0.1228,0.1053,0.1404
korean,p00,u77,내년에는 모회사 조이시티의 게임 지식 자산를 활용한 웹툰도 선보일 계획이다,0.2439,0.1707,0.1707,0.1463
korean,p00,u78,김준현 조이플 엔터테인먼트 대표는 웹툰 분야에 국한하지 않고 스토리 콘텐츠 분야 전반을 다루는 기업으로 성장해나갈 계획이라고 말했다,0.1096,0.0822,0.1233,0.1233
korean,p00,u79,조현동 외교부 일 차관과 신범철 국방부차관이 십 사 일 로라 데시몬 미국 미사일방어청 부청장을 만나 미사일 방어 협력을 논의했다,0.2535,0.1268,0.1268,0.1268
korean,p00,u80,두 차관은 이날 미국 엠디에이를 방문해 현재의 연구개발 현황을 소개 받았다,0.5122,0.3171,0.122,0.3171
korean,p00,u81,아울러 실전배치돼 운용 중인 다양한 미국의 미사일방어체계에 대해 설명을 듣고 대한민국에 대한 미국의 확장억제 공약에 기여할 수 있는 방안을 논의했다,0.1951,0.0854,0.061,0.0732
korean,p00,u82,두 차관은 데시몬 부청장을 접견하고 엠디에이의 미사일방어 능력과 태세를 확인했다,0.3409,0.2955,0.2273,0.2727
korean,p00,u83,조 차관은 미국의 확장억제 공약에서 엠디 능력이 갖는 중요성을 언급하며 엠디에이 차원에서 적극 지원해 줄 것을 당부했다,0.2424,0.1364,0.1515,0.1667
korean,p00,u84,신 차관은 고도화되고 있는 북한 핵미사일 위협에 억제대응하기 위해 긴밀한 한미 협력이 필요하다고 주문했다,0.2586,0.0862,0.1379,0.1724
korean,p00,u85,아울러 한미 국방당국 간에 진행 중인 다양한 미사일방어 협력이 동맹의 능력과 태세를 한층 강화하는 기반이 될 것이라고 강조했다,0.2429,0.0714,0.0714,0.0571
korean,p00,u86,이에 데시몬 부청장은 북한의 미사일 위협에 대비하여 다양한 엠디 능력과 확고한 방어태세가 준비돼 있음을 강조했다,0.4355,0.2097,0.1774,0.3226
korean,p00,u87,이어서 정책전략적 수준에서 한미 간 미사일방어 협력이 더욱 발전하기를 기대한다고 밝혔다,0.2083,0.0625,0.1042,0.1458
korean,p00,u88,모텔에 감금한 남성에게 폭행을 가한 뒤 신체를 촬영한 십 대 남녀가 경찰에 붙잡혔다,0.5,0.0652,0.087,0.1087
korean,p00,u89,십 사 일 인천 미추홀 경찰서는 특수상해와 감금 혐의로 에이 군 등 고등학생 이 명과 중학생 비 양을 긴급 체포해 조사하고 있다고 밝혔다,0.4079,0.0789,0.0921,0.1711
korean,p00,u90,에이 군 등은 전날 오전 사 시쯤 인천시 미추홀구 한 모텔에서 씨 군의 몸을 담뱃불로 지지고 빈 병과 구둣주걱 등으로 때리는 등 폭행한 혐의를 받는다,0.3855,0.1687,0.0964,0.1807
korean,p00,u91,이들은 씨 군의 옷을 모두 벗겨 알몸 상태로 사진까지 촬영한 것으로 조사됐다,0.4762,0.0,0.1429,0.119
korean,p00,u92,씨 군의 신고를 받고 추적에 나선 경찰은 당일 오후 에이 군 등 세 명을 차례로 붙잡았다,0.3265,0.0408,0.102,0.1224
korean,p00,u93,씨 군은 에이 군 등의 범행으로 얼굴에 골절상을 입는 등 크게 다쳐 병원에서 치료를 받고 있는 것으로 전해졌다,0.2295,0.0164,0.0,0.082
korean,p00,u94,경찰은 씨 군이 과거 비 양과 교제했다가 헤어졌다는 피의자 측 진술 등을 토대로 정확한 범행 동기를 확인할 계획이다,0.2969,0.1094,0.0938,0.1094
korean,p00,u95,씨 군은 자신이 에이 군 등으로부터 폭행을 왜 당했는지 모르겠다는 취지로 경찰에 진술한 것으로 알려졌다,0.1754,0.1053,0.1228,0.1228
korean,p00,u96,경찰 관계자는 에이 군 등 세 명의 죄질이 나쁜 점 등을 고려해 구속영장을 신청할 예정이라고 말했다,0.2364,0.0545,0.0545,0.0727
korean,p00,u97,순찰차를 타고 농가를 순찰하던 경찰관이 불법 마약용 양귀비를 재배하던 비닐하우스를 발견해 검거했다,0.4815,0.1481,0.1667,0.2222
korean,p00,u98,지난 구 일 대한민국 경찰청 공식 페이스북에는 순찰 중 발견한 수상한 꽃 경찰의 소름 돋는 눈썰미라는 영상이 올라왔다,0.4923,0.1077,0.1077,0.1385
korean,p00,u99,영상에 따르면 지난달 십 구 일 오전 팔 시쯤 대전 유성구의 농작물 절도 신고 다발지역을 순찰하던 경찰은 한 비닐하우스 앞으로 양귀비로 보이는 식물을 발견했다,0.25,0.1023,0.0568,0.0909
korean,p02,u00,의사를 꿈꿨던 십 이 세 소년이 환자 다섯 명에게 새 삶을 선물하고 세상을 떠났다,0.4222,0.0889,0.1111,0.1556
korean,p02,u01,한국 장기 조직 기증원은 이십 팔 일 김상현군이 계명대 동산 의료원에서 장기를 기증하고 숨졌다고 밝혔다,0.3509,0.1228,0.1053,0.1579
korean,p02,u02,김군은 지난 육 일 극심한 두통으로 의식을 잃고 쓰러진 채 병원으로 긴급 이송돼 치료를 받았으나 뇌사 판정을 받았었다,0.3846,0.0923,0.1077,0.1385
korean,p02,u03,김군은 지난 이십 삼 일 심장과 좌우 신장 간장 양측 폐장을 기부하고 하늘나라로 갔다,0.2979,0.1702,0.1915,0.1915
korean,p02,u04,기증원에 따르면 김군은 생전 엄마가 아프지 않게 해 줄 수 있는 의사가 되고 싶다고 말해오던 살가운 아들이었다,0.2623,0.0492,0.0492,0.0656
korean,p02,u05,유족은 착한 아이였던 만큼 좋은 일을 하면서 보내주자며 장기 기증에 선뜻 동의한 것으로 전해졌다,0.3396,0.1698,0.0755,0.1132
korean,p02,u06,김군의 아버지는 기증원을 통해 아들의 장기를 기증받은 친구들이 행복했으면 좋겠다며 성인이 돼서 좋은 일을 많이 하고 건강히 살았으면 좋겠다고 전했다,0.122,0.0488,0.0366,0.061
korean,p02,u07,기증원 측은 어리고 착한 아이가 떠난다는 것을 받아들이는 것도 힘든 일인데 누군가 살리기 위해 기증에 동의해준 보호자에게 감사하다고 화답했다,0.1667,0.0513,0.0641,0.0513
korean,p02,u08,전남 곡성군은 청정 전남 으뜸 마을 사업을 지난해에 이어 올해도 본격적으로 추진한다고 이십 일 밝혔다,0.3571,0.125,0.125,0.2321
korean,p02,u09,주민이 주도해 마을 환경을 개선하도록 지원하는 사업으로 전라남도의 역점 시책 중 하나로 선정된 마을은 삼백 만원씩 삼 년 동안 총 구백 만원을 지원받게 된다,0.2529,0.046,0.069,0.0805
korean,p02,u10,각 마을들은 마을의 특성과 상황 주민의 요구 등에 따라 필요한 마을 만들기 사업을 추진한다,0.14,0.06,0.04,0.1
korean,p02,u11,군에서는 기존에 추진 중인 마흔 여섯 개 마을과 올해 신규로 선정된 마흔 여섯 개 마을까지 총 아흔 두 개 마을을 대상으로 지난 사 월부터 사업을 시작했다,0.4302,0.1395,0.1744,0.1512
korean,p02,u12,화단 조성과 벽화 그리기 쉼터 조성 우체통 만들기 등 마을 환경을 개선하고 마을 공동체에 활력을 불어넣기 위한 다양한 사업을 진행하고 있다,0.1948,0.1429,0.1039,0.1429
korean,p02,u13,군 관계자는 사업 계획에서부터 사후 관리까지 마을 주민들의 자발적인 참여를 통해 사업을 진행함으로써 공동체 정신을 회복할 수 있도록 적극 지원하겠다고 말했다,0.069,0.046,0.046,0.0345
korean,p02,u14,경마장 가는 길 등의 소설로 유명한 하일지가 영월을 찾아 그의 미술적 세계를 펼치고 있다,0.3265,0.1224,0.1429,0.102
korean,p02,u15,하일지 초대전 늙은 떡갈나무한테 시집간 처녀 이야기가 오는 이십 삼 일까지 영월 문화 예술 회관 이 층 전시실에서 열린다,0.5373,0.2985,0.1493,0.2239
korean,p02,u16,하일지는 십 이 권의 장편 소설과 두 권의 시집 등을 내는 등 작가로서 활발히 활동해왔다,0.6735,0.3673,0.1633,0.2653
korean,p02,u17,그러다 이천 십 구 년부터 그림을 그리기 시작 불과 삼 년 만에 수백 점의 그림을 쏟아냈다,0.62,0.08,0.1,0.08
korean,p02,u18,전문적인 미술 교육을 받은 적은 없으나 독창적인 방식으로 자신의 문학적 세계를 그려나간다는 평가다,0.1481,0.037,0.037,0.0741
korean,p02,u19,그의 그림은 한 가지 형식에 고정되어 있지 않고 끊임없는 변신을 거듭하면서 여러 가지 시리즈를 만들어내고 있다,0.541,0.082,0.1311,0.1311
korean,p02,u20,나무와 돌 시계들의 푸른 명상 순례자들의 여정 등 독특하고 대범한 그림들이 완성됐다,0.1957,0.0435,0.2174,0.0217
korean,p02,u21,이번 전시에는 늙은 떡갈나무한테 시집간 처녀 이야기 시리즈를 볼 수 있다,0.45,0.175,0.15,0.15
korean,p02,u22,경주 출신으로 어릴 적 충북 단양군 영춘면에 살았던 그는 영월에 대한 많은 추억을 갖고 있고 오방색으로 그린 강렬한 그림에 영월의 정서를 담았다,0.15,0.0625,0.1,0.0625
korean,p02,u23,산업화 되기 전 정이 넘치는 토속적인 시골 정취와 시골 소년의 상상력이 어우러져 표현된다,0.3673,0.1224,0.2041,0.2449
korean,p02,u24,이 시리즈 외에도 이국적이고 몽환적인 그림 우주피스 공화국 녹색시대 시리즈 그림 등 팔십 점이 소개된다,0.4211,0.1228,0.1404,0.1228
korean,p02,u25,하일지는 프랑스 쁘와티에 대학 불문학 석사 리모주대 불문학 박사를 받았고 서울과 프랑스 등에서 다수의 개인전과 그룹전에 참여하며 미술가로서 왕성하게 활동하고 있다,0.3222,0.1222,0.1444,0.1333
korean,p02,u26,지난달 화물연대 파업 당시 인천신항 인근에 못 칠백 여개를 뿌려 차량 다섯 대 바퀴에 손상을 입힌 오십 대 남성이 경찰에 붙잡혔다,0.4306,0.1111,0.1111,0.25
korean,p02,u27,이십 팔 일 인천 연수경찰서는 특수재물손괴 혐의로 화물트럭기사 오십 대 에이 씨를 검거했다고 밝혔다,0.5273,0.0909,0.0909,0.1455
korean,p02,u28,에이 씨는 지난 십 일 월 삼십 일 새벽시간대에 송도 신항대로에 쇠못을 뿌려 차량 다섯 대의 바퀴에 손괴를 입힌 혐의를 받고있다,0.4789,0.1549,0.2113,0.2394
korean,p02,u29,연수서는 당시 신항대로에 쇠못 칠백 여개가 뿌려져있다는 신고를 접수받고 출동해 못을 수거했다,0.4902,0.2157,0.2157,0.2549
korean,p02,u30,연수서는 범인을 검거하기 위해 강력 네 개팀 광수대 한 개팀으로 사건전담팀을구성해 씨씨티브이 및 탐문 수사를 통해 지난 십 칠 일 오후 열 시께 에이 씨를 붙잡았다,0.4945,0.1868,0.2418,0.2088
korean,p02,u31,에이 씨의 화물연대 노조 가입 여부는 현재까지 밝혀지지 않았으며 경찰은 범행 동기를 집중적으로 조사할 예정이다,0.377,0.0328,0.0,0.0492
korean,p02,u32,연수서 관계자는 이십 팔 일 오후에 에이 씨를 불러 조사할 예정이며 추가 영장 신청 여부는 이후에 결정될 것 이라고 말했다,0.2794,0.0294,0.0147,0.0294
korean,p02,u33,비엔피파리바 카디프생명은 인공지능 기술을 활용한 시그니처 에이아이 변액 연금 보험을 출시했다고 일 일 밝혔다,0.4,0.25,0.15,0.25
korean,p02,u34,이 상품은 에이아이 펀드 상장 지수 펀드 펀드 등 다양한 투자 선택지를 제공한다,0.5227,0.0227,0.0227,0.0455
korean,p02,u35,국내 주식 해외 주식 등 영역별로 특화된 에이아이 알고리즘을 탑재한 에이아이 펀드들을 제공해 고객이 투자 성향에 맞게 선택할 수 있다,0.2973,0.0676,0.1486,0.0811
korean,p02,u36,이티에프 투자를 원하는 고객들은 개별 이티에프 펀드를 선택해 금 달러 채권 등의 영역에도 투자할 수 있다,0.7241,0.069,0.1034,0.069
korean,p02,u37,사망을 보장하는 일반사망형과 고도 재해 장해를 보장하는 재해 장해형 중 선택이 가능하며 납입기간 및 유형에 따라 영 세부터 칠십 세까지 가입할 수 있다,0.3452,0.119,0.1429,0.1905
korean,p02,u38,기본 보험료는 적립형 십 만 원 이상 일시납 삼천 만 원 이상으로 가입할 수 있다,0.5111,0.2222,0.2,0.1778
korean,p02,u39,일정기간 적립 후 보다 안정적인 수익 관리를 원한다면 공시 이율로 적립되는 일반 계정 전환 채권이티에프재간접형 펀드로의 적립금 이전 등도 활용할 수 있다,0.4824,0.2,0.1529,0.2353
korean,p02,u40,이재명 더불어민주당 대선후보가 사전투표 첫날인 사 일 강원도 속초를 방문해 한 표를 행사하려던 계획을 바꿔 서울 광화문에서 투표를 하기로 했다,0.4177,0.1392,0.1013,0.1266
korean,p02,u41,윤석열 국민의힘 대선후보와 안철수 국민의당 후보 간 단일화가 전격 성사되면서 서울 표심 집중 공략에 나서기 위한 것으로 풀이된다,0.1408,0.0563,0.1127,0.0704
korean,p02,u42,삼 일 민주당 강원 선대위는 사 일 이 후보의 속초 사전투표 및 집중유세가 취소됐다며 다만 강릉 및 춘천 집중유세는 예정대로 진행할 예정이라고 밝혔다,0.3253,0.0843,0.1084,0.0964
korean,p02,u43,이와 관련 민주당 선대위 관계자는 야권 단일화로 상황이 긴박해졌다며 서울에서 투표하며 국민들에게 사전투표 참여를 권유할 예정이라고 말했다,0.3684,0.0263,0.0921,0.1053
korean,p02,u44,당초 이 후보는 강원이 캐스팅보터로 꼽혀온 만큼 강원민심을 잡기 위해 사 일 속초에서 사전투표를 한 뒤 강릉과 춘천 등을 찾을 계획이었다,0.5526,0.0921,0.1842,0.1842
korean,p02,u45,하지만 이날 야권 후보 단일화로 안 후보를 지지했던 중도층 표심을 끌어오기 위해 사전투표 장소를 서울로 바꾼 것으로 보인다,0.2794,0.0588,0.0441,0.0588
korean,p02,u46,천주교 춘천교구 운교동 본당이 부활절을 맞아 재활용품을 활용한 구름다리 가족 부활 축하 계란 콘테스트를 열어 눈길을 끈다,0.403,0.194,0.1045,0.2836
korean,p02,u47,찬미받으소서 칠 년 여정을 지내며 환경회복을 실천하고 있는 운교동 본당은 지난 십 칠 일 부활대축일 미사에서 콘테스트 우수작을 발표하고 나눔을 진행했다,0.3333,0.0952,0.0714,0.131
korean,p02,u48,운교동 본당 사목회 찬미받으소서분과와 봉사분과가 마련한 이번 콘테스트는 재활용품이나 재사용이 가능한 물품을 활용해 부활절 계란을 선보이는 데 의미를 뒀다,0.3647,0.1647,0.1176,0.2824
korean,p02,u49,재활용품을 얼마나 잘 활용했는지와 얼마나 영성적인지 심미적인지를 심사했다,0.225,0.15,0.15,0.1
korean,p02,u50,콘테스트 일 위는 페트병과 나무젓가락 계란판 떨어진 솔잎을 주워 예수님이 배에 오르신 모습을 표현한 사철 푸른 소나무 팀에 돌아갔다,0.5205,0.1918,0.1096,0.1644
korean,p02,u51,찬미받으소서 칠 년 여정은 교황청의 제안에 따라 전 세계의 가톨릭교회가 동참하는 환경 캠페인이다,0.434,0.2075,0.283,0.1509
korean,p02,u52,전국 교구에서 지구와 인류 공동체의 생태적 위기에 대한 경각심을 갖고 다양한 실천방안을 제시 행동하고 있다,0.2712,0.0678,0.0508,0.0678
korean,p02,u53,대한항공이 코로나 이후 일상 회복 전환에 발맞춰 고객들의 마일리지 사용 편의를 위한 서비스를 확대하고 있다,0.3898,0.1186,0.0678,0.1017
korean,p02,u54,대한항공은 이달 삼십 일 일까지 대한항공 홈페이지 및 모바일로 캐시 앤 마일즈를 이용하는 승객들에게 마일리지를 환급해주는 페이백 이벤트를 진행한다고 사 일 밝혔다,0.3111,0.0778,0.0778,0.1
korean,p02,u55,대한항공 관계자는 항공권 구매 시 운임 일부를 마일리지로 대신 사용하면 최대 사백 마일까지 마일리지를 다시 돌려드린다고 설명했다,0.3521,0.1408,0.0563,0.1831
korean,p02,u56,이번 행사를 통해 캐시 앤 마일즈를 이용해 천 오백 마일 이상 공제 후 항공권 구매 및 탑승 완료하면 이백 마일을 돌려준다,0.4412,0.1618,0.1912,0.1912
korean,p02,u57,대한항공 카드 간편결제를 이용할 경우 혜택은 사백 마일까지 늘어난다,0.3514,0.1351,0.2703,0.2162
korean,p02,u58,캐시 앤 마일즈는 대한항공이 스카이패스 제도 개편의 일환으로 지난해 일 월부터 도입한 마일리지 복합 결제 서비스다,0.4762,0.2698,0.1746,0.2698
korean,p02,u59,항공권 구매 시 운임의 이십 퍼센트 이내의 금액을 고객이 원하는 만큼 마일리지로 결제할 수 있다,0.5283,0.1698,0.1698,0.1887
korean,p02,u60,판매 좌석수와 출발일에 제한을 받지 않고 오백 마일부터 사용할 수 있어서 적은 마일리지로도 이용 가능하다,0.3621,0.1724,0.1379,0.1724
korean,p02,u61,또한 국내선에서 국제선의 모든 운임까지 가능해 마일리지 사용범위가 넓다,0.2564,0.0513,0.1026,0.0513
korean,p02,u62,캐시 앤 마일즈를 사용하더라도 항공권 전체 운임에 해당하는 마일리지도 쌓인다,0.3571,0.1905,0.1905,0.2381
korean,p02,u63,대한항공 관계자는 향후 고객들이 보다 쉽고 편리하게 마일리지를 사용할 수 있도록 관련 서비스 및 사용처를 다양화 할 계획이라고 말했다,0.2973,0.1216,0.0946,0.1892
korean,p02,u64,지난 육 일 지방 선거를 앞두고 사회 관계망 서비스에서 정치적 중립의무를 지키지 않은 전북지역 공무원들이 무더기로 적발됐다,0.3971,0.1324,0.1912,0.2059
korean,p02,u65,전북도는 십 일 이 같은 내용의 공직 기강 감찰 결과를 발표하고 해당 공무원에 대한 인사상 처분을 단체기관장에게 요구했다,0.2537,0.1194,0.1045,0.0746
korean,p02,u66,감찰 결과를 보면 전북도의회와 익산시 무주군 부안군 일부 공무원은 선거 관련 에스엔에스 게시물에 좋아요를 많게는 수십 차례씩 눌렀다,0.3562,0.0822,0.1644,0.1781
korean,p02,u67,게시물 중에는 후보자의 공약이나 선거 운동 활동에 관한 글도 있는 것으로 알려졌다,0.3111,0.0667,0.1111,0.0889
korean,p02,u68,공직선거법과 지방공무원 복무규정은 공무원이 선거에 부당한 영향력을 행사하거나 특정 후보자를 지지 또는 반대하는 행위를 해서는 안 된다고 규정하고 있다,0.2289,0.1084,0.0843,0.1205
korean,p02,u69,전북도 감사관실은 복무 관리를 소홀히 한 단체와 기관장을 주의 처분하고 해당 공무원들에 대해서는 훈계하도록 요구했다,0.25,0.1094,0.0938,0.1406
korean,p02,u70,감사관실은 선거 중립 의무가 있는 공무원들이 특정 후보자를 지지하는 것으로 비치면 행정의 신뢰를 실추시킬 우려가 있다고 밝혔다,0.2143,0.0714,0.1,0.0857
korean,p02,u71,중국에서 코로나 일구 감염이 급증하는 가운데 방역당국이 하루 신규 감염자가 삼천 칠백 만 명에 이를 것으로 전망했다,0.4688,0.0781,0.0312,0.1094
korean,p02,u72,이십 육 일 블룸버그 통신에 따르면 지난주 중국 당국의 내부 회의에서 국가위생건강위원회가 이런 추산치를 내놓았다,0.2097,0.0484,0.0484,0.0484
korean,p02,u73,국가위생건강위원회는 국무원 산하 기관으로 방역의 실무 사령탑이며 위원장이 장관급이다,0.4348,0.0217,0.1087,0.1304
korean,p02,u74,중국 당국은 이달 칠 일부터 정기적 전수 유전자증폭 검사했고 십 사 일부터는 무증상 감염자 통계를 발표하지 않고 있다,0.3385,0.0769,0.0923,0.0923
korean,p02,u75,코로나 일구 사망자도 감염 후 폐렴이나 호흡부전으로 숨진 경우만 집계한다는 원칙을 공개한 바 있다,0.3889,0.1111,0.1111,0.2222
korean,p02,u76,이어 이십 오 일부터 코로나일구 일일 신규 감염 통계 발표를 중단한다고 밝혀 중국 당국이 통계를 조작하는 것 아니냐는 의구심이 제기되고 있다,0.2564,0.0513,0.0128,0.1282
korean,p02,u77,이런 가운데 작년 기준으로 인구가 육천 오백 사십 만 여명인 저장성 방역 당국이 전날 하루 신규 감염자가 백 만 명을 넘었다고 밝혔다,0.3784,0.0676,0.0676,0.1351
korean,p02,u78,이를 단순 적용하면 십 사 억 중국인 전체로는 하루에 이천 백 만 여명이 감염됐을 것이라는 추정도 나온다,0.4483,0.0517,0.0517,0.0517
korean,p02,u79,블룸버그는 베이징을 휩쓴 오미크론이 중국 남부의 주요 도시들에서도 급속도로 확산했고 이제는 소도시와 농촌으로 전파되는 것으로 보인다고 전했다,0.3077,0.0897,0.0897,0.1154
korean,p02,u80,특히 다음 달 이십 이 일 춘제를 기점으로 수억 명이 고향을 방문하고 복귀하는 과정에서 확산이 증폭될 것이라는 관측이 유력하다,0.3714,0.0857,0.1,0.1571
korean,p02,u81,블룸버그는 애플의 휴대전화 생산 거점인 정저우와 산둥성 후베이성 등은 일 월 중순에 코로나 일구 신규 감염이 정점을 찍을 것으로 예상된다고 전했다,0.5309,0.0864,0.1358,0.1975
korean,p02,u82,차바이오텍 계열사 차백신연구소가 삼 세대 비형 간염 예방백신 씨브이아이에이치비브이공공이의 임상 일상 투여를 마쳤다고 밝혔다,0.4853,0.2794,0.2794,0.3088
korean,p02,u83,차백신연구소는 이천 이십 일 년 육 월 식품 의약품 안전처로부터 삼 세대 비형 간염 예방 백신의 국내 임상 일상 임상 시험 계획서 승인을 받았다,0.5,0.1875,0.25,0.2125
korean,p02,u84,이후 스크리닝 시 비형 간염에 대한 항체가 음성인 만 십 구 세 이상 육십 오 세 미만의 성인 삼십 명을 대상으로 씨브이아이에이치비브이공공이 투여를 끝냈다,0.4302,0.2326,0.2093,0.3023
korean,p02,u85,앞으로 일 년 간 추적 관찰하면서 안전성 내약성 탐색적 면역원성을 평가해 다음 단계 임상을 준비한다고 회사 측은 밝혔다,0.3182,0.0758,0.1364,0.1212
korean,p02,u86,씨브이아이에이치비브이공공이는 삼 세대 항원인 엘에이치비에스에이지와 면역증강제 엘피에이엠피오를 포함하고 있다,0.7627,0.4746,1.0,0.4915
korean,p02,u87,엘에이치비에스에이지는 차백신연구소가 자체 개발한 삼 세대 항원으로 이 세대 항원보다 면역원성이 높다,0.3455,0.1636,0.2,0.1818
korean,p02,u88,면역증강제 엘피에이엠피오는 체액성 면역반응과 세포성 면역반응을 동시에 유도해 체액성 면역기능이 대부분인 타사 면역증강제보다 효과가 좋다고 설명했다,0.3333,0.1358,0.1605,0.1358
korean,p02,u89,차백신연구소는 기존의 비형 간염 예방 백신을 맞아도 방어효과가 없는 무반응자군에서도 방어효과를 유도할 수 있을 것으로 기대하고 있다,0.589,0.1096,0.1233,0.1096
korean,p02,u90,주말 낮에 서울 강남구의 한 클럽을 방문한 이십 대 여성이 귀가 잘린 사실을 파악하고 신고해 경찰이 입건 전 조사를 벌이고 있다,0.2394,0.0141,0.0,0.0423
korean,p02,u91,십 일 일 경찰에 따르면 서울 강남경찰서는 강남구 논현동에 위치한 클럽을 방문한 여성이 귀가 잘렸다는 신고를 전날 접수해 조사를 벌이고 있다,0.3205,0.0385,0.0385,0.0769
korean,p02,u92,지난 구 일 낮 해당 클럽을 찾은 여성은 술에 취한 상태로 클럽 관계자에게 발견됐다,0.3696,0.0652,0.0435,0.1739
korean,p02,u93,당시 관계자는 여성이 피를 흘리는 것을 보고 일일구에 신고를 했으나 여성이 치료를 거부해 응급 처치만 받고 귀가했다,0.3594,0.0625,0.0938,0.125
korean,p02,u94,다음날 여성은 상처가 크다는 것을 인지하고 응급실에 찾아가 치료를 받았으며 동시에 경찰에도 신고했다,1.0,0.0182,0.0909,0.0364
korean,p02,u95,여성은 술에 깨보니 귀가 잘려 있었으며 어떤 경위로 잘린 것인지는 기억나지 않는다는 취지로 진술한 것으로 전해졌다,0.2698,0.254,0.127,0.2222
korean,p02,u96,경찰 관계자는 클럽 내 폐쇄 회로 티비 등을 통해 정확한 발생 경위를 조사 중이라며 여성을 진찰한 의사도 직접 면담할 예정이라고 했다,0.2703,0.0541,0.0676,0.1216
korean,p02,u97,신개념 라이프스타일 호텔플렉스 서울드래곤시티는 십 사 일부터 팔 월 이십 팔 일까지 티에이치이 이십 육에서 디저트 뷔페 망고 스튜디오를 운영한다,0.4875,0.1375,0.2,0.1625
korean,p02,u98,망고 스튜디오는 지난겨울 딸기 스튜디오에 이어 티에이치이 이십육에서 선보이는 봄여름 시즌 디저트 뷔페다,0.4035,0.193,0.193,0.193
korean,p02,u99,호텔 디저트 뷔페는 아기자기한 비주얼로 인증샷을 찍고 소셜미디어에 선보이기 좋은 이른바 인스타그래머블한 요소를 담고 있어 엠지세대의 눈길을 끌고 있다,0.506,0.2048,0.2169,0.2289
korean,p04,u00,인천에 강풍을 동반한 폭우가 쏟아지면서 도로 곳곳과 시장이 물에 잠기고 경인국철 열차 운행이 일부 지연되는 등 피해가 잇따랐다,0.3857,0.1,0.1571,0.2
korean,p04,u01,팔 일 인천 소방본부에 따르면 이날 오전 십일 시부터 오후 두 시 삼십 분까지 백십구 에 모두 팔십오 건의 피해 신고가 접수됐다,0.3803,0.1972,0.1408,0.1831
korean,p04,u02,짧은 시간 많은 비가 내리면서 계양구 작전동 토끼굴과 미추홀구 경인 고속 도로 종점 지하 차도는 오후 열 두 시 삼십 분 부터 차량 통행이 통제됐다,0.4268,0.122,0.0854,0.1341
korean,p04,u03,경인국철 일 호선 주안역에서 도화역 선로 인근도 침수돼 열차 운행이 한동안 지연됐다,0.5652,0.2174,0.1957,0.1957
korean,p04,u04,비슷한 시각 부평 경찰서 앞과 미추홀구 제물포역 주안역 인근 도로 곳곳도 빗물에 잠겼다,0.5833,0.2708,0.2083,0.2083
korean,p04,u05,이로 인해 도로를 달리던 차량이 물에 잠겨 시민들이 직접 차를 밀기도 했으며 출동한 소방당국이 안전 조치를 했다,0.371,0.1129,0.0484,0.1129
korean,p04,u06,앞서 오전 미추홀구 도화동 제일시장에 흙탕물이 들어차 가게 영업에 차질이 빚어졌고 중구 중산동에서는 일부 주택과 도로가 빗물에 잠겨 주민들이 큰 불편을 겪었다,0.3295,0.0682,0.1705,0.1023
korean,p04,u07,오후 한 시 십 칠 분쯤에는 부평구 부평동의 한 건물 지하 태권도장에 빗물이 차올라 수업을 받던 원생 등 열 두 명이 대피 했다,0.4225,0.1268,0.1268,0.0986
korean,p04,u08,인천 소방본부 관계자는 팔십 세 건은 배수 지원을 요청한 신고이며 나머지는 안전 조치 신고라며 현재까지 인명 피해는 없다고 밝혔다,0.3194,0.0972,0.0833,0.0694
korean,p04,u09,이날 오후 세 시 오십 분 현재 내린 비는 인천 구십 팔 점 오 밀리미터 부평구 팔십 삼 밀리미터 중구 인천공항 칠십 삼 점 칠 밀리미터 영종도 육십 오 점 오 밀리미터 옹진군 장봉도 오십 칠 점 오 밀리미터 등이다,0.7583,0.1,0.0833,0.125
korean,p04,u10,인천시는 비상 이 단계를 발령하고 열 개 군구와 인력 칠백 사십 육 명을 투입해 비상 근무 체제를 유지하고 있다,0.4516,0.1774,0.0645,0.2097
korean,p04,u11,수도권기상청은 십 일 자정까지 인천에 백 에서 삼백 밀리미터의 비가 내릴 것으로 예보했다,0.3878,0.1224,0.1633,0.1837
korean,p04,u12,백 억 원 규모의 횡령 혐의를 받는 방송인 박수홍의 친형 에이 씨에 대한 구속 여부가 결정된다,0.5962,0.0192,0.1154,0.3077
korean,p04,u13,서울서부지법은 십 삼 일 오전 열 시 삼십 분부터 박수홍의 친형 에이 씨에 대한 구속 전 피의자 심문을 진행했다,0.4839,0.1452,0.1129,0.129
korean,p04,u14,에이 씨는 지난 삼십 년간 약 백 십 육 억원에 달하는 동생 박수홍의 출연료 계약금 등을 횡령했다는 의혹을 받고 있다,0.3538,0.0615,0.0923,0.1538
korean,p04,u15,앞서 지난해 사 월 박수홍 측은 에이 씨 부부가 매니지먼트 법인을 설립해 수익을 일정 비율로 분배하기로 했지만 이를 지키지 않았다며 검찰에 고소장을 제출했다,0.2529,0.046,0.0805,0.092
korean,p04,u16,이에 검찰은 수사 결과 에이 씨가 법인 자금을 횡령했고 출연료 정산 미이행 각종 세금 및 비용 전가 등 혐의가 있다고 봤다,0.3676,0.0294,0.1029,0.1471
korean,p04,u17,이에 지난 칠 일 특정 경제 범죄 가중 처벌법상 횡령 혐의로 에이 씨에 대한 사전 구속 영장을 청구했다,0.4211,0.0526,0.1053,0.1754
korean,p04,u18,한편 박수홍은 형사 고소와 별개로 에이 씨 부부가 출연료와 계약금 등을 미지급했다며 팔십 육 억 원 상당의 손해 배상 청구 소송을 지난해 육 월 법원에 제기한 바 있다,0.4086,0.1183,0.129,0.1613
korean,p04,u19,이후 소송 과정에서 에이 씨 부부가 박수홍의 개인 통장에서 무단으로 돈을 인출한 사실도 확인 손해 배상 요구액을 백 십 육 억원으로 늘렸다,0.3117,0.0649,0.1039,0.0909
korean,p04,u20,이와 관련 에이 씨 측은 백 억 원대 횡령 주장은 거짓이며 법인카드 사적 유용 등 일부 의혹은 인정하나 박수홍이 사용한 돈에 비하면 극히 소액이라고 주장했다,0.4023,0.1034,0.1379,0.2184
korean,p04,u21,볼보 자동차는 인체공학적으로 설계한 시트가 미국 카이로프랙틱 협회의 승인을 획득했다고 십 구 일 밝혔다,0.4386,0.0877,0.0877,0.1228
korean,p04,u22,카이로프랙틱 협회는 세계에서 가장 권위 있는 카이로프랙틱 전문기관이다,0.5526,0.2368,0.1579,0.0789
korean,p04,u23,척추 건강에 미치는 긍정적인 효과와 우수한 품질력 안전성 등 엄격한 심사를 거쳐 최고 제품에 인증서를 발행하고 있다,0.3125,0.125,0.1094,0.1719
korean,p04,u24,볼보는 업계 최고 수준의 편안함과 지지력을 제공하기 위해 정형외과 의사와 협력을 진행하고 있다,0.2115,0.0192,0.0769,0.0769
korean,p04,u25,이를 바탕으로 충돌 시 부상 위험을 줄일 수 있는 경추보호 시스템과 측면 충격 보호시스템 도로 이탈 완화 등 혁신적인 안전 기술을 시트에 통합해 제공한다,0.2706,0.1412,0.1647,0.1529
korean,p04,u26,또 독특한 헤드레스트 역시 경추 보호 기능을 강화할 수 있도록 설계됐다,0.5897,0.1538,0.0769,0.2308
korean,p04,u27,짐 니콜스 볼보 자동차 유에스에이 제품 및 기술 컨슈머 오퍼 총괄은 볼보의 시트는 운전자와 승객이 도로에서 편안함 디자인 안전을 보장한다고 말했다,0.3951,0.1728,0.1728,0.1605
korean,p04,u28,육 일 지방선거를 앞두고 선거구 내 여러 교회를 찾아가 헌금 명목으로 금품을 제공한 문경복 인천 옹진 군수가 재판에 넘겨졌다,0.3333,0.1449,0.1449,0.1884
korean,p04,u29,인천지검 형사 육 부는 십 칠 일 공직 선거법 위반 혐의로 문 군수를 불구속기소 했다고 밝혔다,0.4423,0.1346,0.1731,0.1731
korean,p04,u30,문 군수는 지난 육 월 일 일 치러진 제 팔 회 전국 동시 지방 선거를 앞두고 옹진군 내 교회 네 곳에 오십 일 만 원 상당의 금품을 제공한 혐의를 받고 있다,0.3864,0.1364,0.1818,0.2614
korean,p04,u31,공직 선거법에 따르면 후보자나 후보자가 되려는 사람은 선거구민이나 선거구 내 단체 등에 기부행위를 할 수 없다,0.3115,0.1803,0.2295,0.1475
korean,p04,u32,앞서 경찰은 문 군수가 평소 다니던 교회를 포함해 다른 교회에 백 만 원의 헌금을 한 것으로 보고 선거법 위반 혐의로 입건했다,0.3,0.1,0.0857,0.1571
korean,p04,u33,경찰은 선거구 내 교회 여러 곳에 돈을 기부한 행위는 통상적인 헌금으로 보기 어렵다며 검찰에 송치했다,0.4464,0.1607,0.1964,0.1429
korean,p04,u34,검찰은 추가 조사를 벌여 문 군수가 자신이 다니던 교회를 제외한 네 곳의 교회에 오십 만 원을 헌금한 것을 파악했다,0.4375,0.125,0.125,0.1562
korean,p04,u35,검찰 관계자는 문 군수를 공직선거법상 기부행위로 불구속기소 했다고 말했다,0.475,0.15,0.15,0.325
korean,p04,u36,주차장에서 사이드 미러가 접히지 않은 차량만 골라서 금품 등을 훔친 삼십 대 남성이 경찰에 붙잡혔다,0.3091,0.1273,0.0727,0.1273
korean,p04,u37,이십 일 일 경찰에 따르면 서울 종암경찰서는 야간건조물침입절도 혐의로 삼십 대 남성 에이 씨를 지난 십 육 일 구속해 조사하고 있다,0.4384,0.1096,0.0822,0.0959
korean,p04,u38,에이 씨는 지난달 이십 칠 일 자정께 성북구 장위동에 있는 한 아파트 지하주차장에 사이드 미러가 접히지 않은 차량을 골라 금품 등을 훔친 혐의를 받는다,0.3333,0.119,0.1786,0.1071
korean,p04,u39,에이 씨는 일부 차량에서 문이 잠겨있지 않으면 사이드 미러가 접혀 있지 않다는 점을 알고 이러한 차량만 골라서 범행한 것으로 조사됐다,0.2568,0.0541,0.1081,0.0676
korean,p04,u40,그는 이런 수법으로 모두 다섯 차례에 걸쳐 총 삼천 팔백 여 만 원 상당의 금품을 절도한 것으로 파악됐다,0.3793,0.069,0.0862,0.1034
korean,p04,u41,에이 씨는 경찰 조사에서 빚을 갚기 위해 절도를 했다는 취지로 진술한 것으로 알려졌다,0.617,0.0213,0.0426,0.1277
korean,p04,u42,경찰 관계자는 구체적인 범행 경위는 수사 중이라며 이번 주 안에 검찰에 송치할 예정이라고 말했다,0.1321,0.0189,0.0189,0.0189
korean,p04,u43,사십 년 만에 덮친 급격한 물가 상승세를 누그러뜨리기 위해 미국 중앙은행인 연방준비제도가 기준금리 인상 속도를 높일 가능성이 더 커졌다,0.72,0.1333,0.1333,0.2
korean,p04,u44,코로나 사태 이후 제로로 묶어둔 기준금리가 급격하게 인상될 경우 주식 부동산 등 초저금리의 도움을 받았던 자산 시장 거품이 꺼질 수 있다,0.4211,0.1184,0.1579,0.2368
korean,p04,u45,미국 노동부가 이런 물가 급등을 발표한 십 일 미 증시 삼 대 지수는 일제히 하락했다,0.7021,0.1489,0.0,0.2128
korean,p04,u46,나스닥 지수는 이 점 일 퍼센트 추락했고 SP오백 지수와 다우 평균은 각각 일 점 팔 퍼센트 일 점 오 퍼센트 내려갔다,0.697,0.1515,0.1515,0.2121
korean,p04,u47,조 바이든 미 대통령은 이날 국민의 밥상까지 물가에 압박을 받을 정도로 인플레이션 문제가 심각하다면서 정부는 가능한 수단을 모두 동원하겠다고 했다,0.1605,0.0617,0.0617,0.1605
korean,p04,u48,소비자물가가 연준 목표치를 크게 웃도는 상황이 십 개월 넘게 이어지면서 연준이 올해 육에서 칠 차례 기준금리를 인상할 것이라는 예상에 무게가 실리고 있다,0.2706,0.0588,0.0588,0.0941
korean,p04,u49,연 영 퍼센트 수준인 기준금리가 올해 말 일 점 오 퍼센트 이상으로 높아질 수 있다는 것이다,0.549,0.0196,0.0392,0.0588
korean,p04,u50,기준금리가 인상되면 시장 금리가 오르면서 대출 이자 부담 증가 등 경제 전체에 영향을 미치게 된다,0.3519,0.0556,0.2037,0.0741
korean,p04,u51,이런 우려로 십 일 일 국내 주식시장도 코스피가 영 점 구 퍼센트 코스닥 지수는 이 점 영 퍼센트 하락했다,0.6102,0.0508,0.1356,0.1186
korean,p04,u52,제임스 불러드 세인트루이스 연방준비은행 총재는 이날 오늘 소비자물가 결과를 본 후 나의 매파 성향이 극적으로 강해졌다,0.4,0.2154,0.2462,0.2923
korean,p04,u53,연준이 오는 칠 월까지 기준금리를 일 퍼센트 포인트는 올려야 한다고 생각한다고 했다,0.4348,0.0652,0.1304,0.0652
korean,p04,u54,그는 연준이 정례 회의 이외에 비상 회의를 소집해야 할 상황이라고 주장했다,0.3659,0.1707,0.1707,0.1707
korean,p04,u55,골프 여제 박세리가 엘지전자의 띵큐 방탈출 카페를 찾아 방탈출 게임을 즐겼다고 엘지전자가 십 일 밝혔다,0.4211,0.0877,0.1053,0.1053
korean,p04,u56,씽큐 방탈출 카페는 엘지전자의 스마트홈 플랫폼인 씽큐 앱의 주요 기능과 방탈출 게임 콘셉트를 접목해 마련한 복합문화체험공간이다,0.7286,0.1714,0.2286,0.2143
korean,p04,u57,박세리는 부엌 거실 서재 세탁실 등 네 개 테마로 조성된 각각의 공간에서 주어진 시간 안에 탈출하기 위해 다양한 미션들을 수행하며 방탈출 게임을 즐겼다,0.369,0.0714,0.0714,0.0952
korean,p04,u58,엘지 씽큐 앱으로 가전을 제어하거나 각종 서비스를 이용하면서 미션을 해결하기 위한 숨겨진 단서들을 획득했다,0.3051,0.0508,0.1356,0.0847
korean,p04,u59,세탁실 테마공간에서는 박세리가 코드제로 알 큐 로봇청소기를 엘지 씽큐 앱으로 원격 조종하면서 숨겨진 단서를 찾았다,0.3651,0.1429,0.1746,0.2222
korean,p04,u60,알 큐 로봇청소기는 홈뷰 기능이 있어 제품에 탑재된 카메라를 통해 집안 곳곳을 실시간으로 모니터링 할 수 있는 것이 특징이다,0.4928,0.0725,0.1014,0.087
korean,p04,u61,엘지전자는 이달 칠 일부터 이십 사 일까지 서울 성수동에 위치한 카페 할아버지공장에서 씽큐 방탈출 카페를 운영하며 고객들에게 에프유엔 경험을 선사한다,0.4699,0.0843,0.1084,0.1205
korean,p04,u62,엘지전자가 추구하는 에프유엔 경험은 최고의 유일한 새로운 혁신적인 고객경험을 뜻한다,0.3261,0.1304,0.1739,0.0652
korean,p04,u63,비바리퍼블리카가 외부 전문가 삼 인으로 구성된 데이터보호 준법 자문위원회를 출범한다고 십 육 일 밝혔다,0.386,0.1228,0.0877,0.1754
korean,p04,u64,위원회는 토스가 보유 고객 데이터 처리 시 관련 법령을 잘 준수하고 있는지 독립적으로 확인하고 감시한다,0.386,0.1579,0.2281,0.2105
korean,p04,u65,또 안전한 데이터 거버넌스 체계를 구축하기 위한 자문에 응하는 역할을 한다,0.2683,0.0244,0.0488,0.0244
korean,p04,u66,위원회는 회사의 데이터 보호 전략과 정책 준법 감시 활동을 반기마다 보고받는다,0.3488,0.1163,0.1628,0.0465
korean,p04,u67,개인 정보 처리 민감도가 높은 사안에 대해서 대표이사와 개인정보보호책임자에게 의견을 제시할 계획이다,0.1636,0.0727,0.0545,0.0545
korean,p04,u68,토스는 위원회의 의견을 적극적으로 수용하고 관련 결과를 홈페이지에 공개할 예정이다,0.4222,0.0,0.0444,0.0
korean,p04,u69,이번 자문위원회 출범은 데이터 이용 및 보호에 대한 투명성을 높이는 자발적 신뢰 강화 활동의 일환이다,0.2321,0.0714,0.0893,0.0893
korean,p04,u70,토스 관계자는 외부의 시선을 통해 고객 데이터 보호 체계의 투명성을 점검받고 개선해 나아갈 필요가 있다는 내부 공감대가 있었다고 설명했다,0.25,0.0526,0.0395,0.0789
korean,p04,u71,자문위원회는 권헌영 고려대 정보보호대학원 교수를 위원장으로 김승주 고려대 정보보호대학원 교수 김철준 법무 법인 광장 고문을 위원으로 위촉해 출범했다,0.4878,0.1951,0.1707,0.2073
korean,p04,u72,권헌영 교수는 현재 한국 정보기술서비스학회 회장과 한국정보보호학회 개인정보보호 연구회장을 맡은 정보보호 분야 전문가다,0.3538,0.0308,0.0615,0.2
korean,p04,u73,김승주 교수도 암호학과 사이버보안 분야의 전문가로 대통령 직속 사 차산업혁명위원회 위원으로 활동한 바 있다,0.3559,0.1186,0.1695,0.2203
korean,p04,u74,김철준 고문은 십 칠 년간 금융 당국에서 금융권의 아이티부문 검사를 진행했고 이후 금융회사 정보보호 최고책임자를 역임했다,0.3433,0.0597,0.1493,0.1194
korean,p04,u75,공주시가 충남 최초로 발행한 모바일 지역사랑상품권 공주페이가 누적 발행액 이천 오백 칠십 억 원을 돌파했다고 십 일 일 밝혔다,0.5286,0.2286,0.1429,0.2286
korean,p04,u76,이천 십 구 년 팔 월 출시 이후 이 년 팔 개월만인 오 월 십 일 누적 발행액 이천 오백 칠십 억 원을 달성했다,0.6508,0.1111,0.0794,0.1429
korean,p04,u77,이는 지난해 구 월 천 오백 억 원 달성에 이어 불과 팔 개월 만에 천 억 원 이상 발행된 것이다,0.463,0.037,0.0926,0.0741
korean,p04,u78,가입자도 올해 들어 매일 백 여명씩 증가하면서 총가입자 수는 십 만 구천 명을 웃돌고 있다,0.36,0.12,0.14,0.14
korean,p04,u79,소상공인자영업자도 꾸준히 가맹점에 등록하면서 사천 사백 개를 넘어서며 꾸준한 증가세를 보이고 있다,0.463,0.1852,0.0926,0.1852
korean,p04,u80,최근에는 택시업계에 가맹점 등록이 증가하면서 운수종사자 및 이용자들의 큰 호응을 얻고 있다,0.6,0.16,0.08,0.18
korean,p04,u81,특히 공주페이 회전율이 구십 팔 프로에 달하면서 지역경제 선순환을 이끌고 있다,0.4651,0.186,0.2558,0.186
korean,p04,u82,이와 함께 공주페이와 연동 모바일 앱으로 손쉽게 배달주문을 할 수 있는 공공배달앱 서비스도 빠르게 정착하고 있는 것으로 나타났다,0.2676,0.0704,0.0986,0.0563
korean,p04,u83,지난해 구 월 정식 운영에 들어간 후 시행 팔 개월 만인 지난 오 월 십 일 현재 이백 사십 개 업체가 가맹점으로 등록했으며 누적 거래액도 십 억 원을 돌파했다,0.382,0.0562,0.0562,0.0449
korean,p04,u84,공주페이 배달앱의 가장 큰 이점은 일 점 칠 퍼센트라는 저렴한 중개 수수료로 소상공인들에게 평균 팔 퍼센트 이상의 수수료 부담을 덜어주고 있다,0.5063,0.1139,0.1266,0.1646
korean,p04,u85,여기에 십 퍼센트 할인 혜택을 받을 수 있는 공주페이로 결제가 이뤄지다 보니 주머니 사정이 좋지 않은 학생 등 소비자들에게 사랑을 받고 있다,0.2692,0.0513,0.2179,0.0385
korean,p04,u86,시는 오 월 가정의 달을 맞이하여 친구 초대하기 등 다양한 배달앱 이벤트를 진행하며 오 천 원 할인 쿠폰도 지급한다,0.375,0.125,0.1094,0.1562
korean,p04,u87,이상률 경제과장은 공주페이에 기부 서비스 플랫폼을 준비 중으로 향후 취약계층 지원과 기부문화 확산으로 지역사회에 공헌하겠다고 밝혔다,0.3425,0.1644,0.137,0.2192
korean,p04,u88,한편 시는 코로나 일구와 유가 인상 등 소상공인 및 자영업자의 어려움이 지속되고 있는 상황을 감안해 올해에도 공주페이 십 퍼센트 할인 정책을 유지하고 있다,0.4651,0.1279,0.0814,0.1628
korean,p04,u89,이십 이 일 서울시는 전날 제 십 사 차 도시계획위원회를 개최하고 서초구 반포 유수지 내 체육시설 설치에 대해 수정가결했다고 밝혔다,0.3973,0.0959,0.137,0.1644
korean,p04,u90,천 구백 육십 팔 년 최초 결정된 반포 유수지는 유수 시설과 함께 이천 오 년부터 반포 종합 운동장으로 이용되어 왔다,0.3538,0.0462,0.0462,0.0462
korean,p04,u91,지난 이천 이십 일 년 제 십 육 차 도시계획위원회를 통해 유수지 구간을 일부 복개하여 복합 체육 시설 건립하는 사항에 대한 심의를 받은 바 있다,0.4198,0.1235,0.1852,0.1852
korean,p04,u92,이번 심의에서 공공체육시설의 추가 확충 필요성과 주민의견을 반영하여 건축면적 확대를 위해 복개 면적을 늘렸다,0.4333,0.1,0.1333,0.1833
korean,p04,u93,유수지 본 기능인 방재 성능에 지장이 없는 범위 내에서 주민의 접근성과 이용편의성에 대해 면밀히 검토했다,0.3448,0.1207,0.1552,0.2241
korean,p04,u94,이번 심의가 통과됨에 따라 유수지 내 일부 구간을 복개하여 복합 체육시설을 건립하는 것이 가능해졌다,0.3091,0.2364,0.2364,0.2545
korean,p04,u95,구체적인 체육시설 건립과 건립에 필요한 도시관리계획 등은 서초구에서 진행할 예정이다,0.5435,0.1739,0.1304,0.3043
korean,p04,u96,유수지 방재 성능을 충족함과 동시에 지역 필요시설인 체육시설을 설치함으로써 주민들의 삶의 질 향상에 기여할 것으로 기대된다,0.3382,0.0735,0.1324,0.1471
korean,p04,u97,수도권매립지관리공사는 수해 폐기물 반입 규정을 간소화해 폐기물 처리 기간을 단축한다고 이십 육 일 밝혔다,0.3621,0.1379,0.1552,0.1379
korean,p04,u98,매립지공사는 최근 이사회를 열고 수도권매립지 폐기물 반입 등에 관한 사무처리규정 개정안을 의결했다,0.2778,0.1667,0.1667,0.1667
korean,p04,u99,기존에 수해 폐기물을 처리하려면 매립지공사 운영위원회 주민대표의 현장 실사가 필요했으나 이번 개정으로 관련 절차가 사라졌다,0.25,0.1176,0.1029,0.1618
korean,p21,u00,연인의 잦은 외출에 화가나 단골 술집에 불을 지르려고 한 오십 대 남성이 경찰에 검거됐다,0.449,0.2245,0.1633,0.2857
korean,p21,u01,광주 동부경찰서는 현주 건조물 방화 예비 등 혐의로 오십 대 남성 에이 씨를 체포했다고 육 일 밝혔다,0.4821,0.0536,0.0179,0.1786
korean,p21,u02,에이 씨는 지난 이 일 오후 한 시 삼십 분쯤 동구 한 노래홀에 불을 지르려 한 혐의를 받는다,0.3846,0.0769,0.0385,0.0385
korean,p21,u03,그는 인화 물질이 든 십 칠 리터짜리 통을 챙겨 들고 노래홀 입구에서 영업 시작을 기다리며 서성이다가 목격자의 신고를 받은 경찰이 출동하자 달아났다,0.378,0.1098,0.1463,0.1463
korean,p21,u04,전날 오후 한 시쯤에는 해당 노래홀을 다시 찾아가 영업을 방해하며 소란을 피웠다,0.0909,0.0682,0.1136,0.0682
korean,p21,u05,조사 결과 그는 연인이 해당 노래홀에서 다른 사람들과 자주 술을 마신다는 이유로 이런 행동을 벌인 것으로 드러낫다,0.2698,0.0476,0.0476,0.0794
korean,p21,u06,경찰은 체포영장을 발부받아 도피 중이던 에이 씨를 이날 오전 붙잡았으며 구체적인 범행 경위를 파악해 구속영장을 신청할 방침이다,0.4,0.0857,0.1571,0.0857
korean,p21,u07,언론중재위원회 여종국 대구사무소장이 이십 육 일 경북일보 본사를 방문해 알아두면 유용한 언론분쟁이라는 주제로 강의했다,0.4,0.0615,0.0923,0.1538
korean,p21,u08,경북일보 임직원 워크숍이라 명명된 이번 강의는 본사 직원 삼십 명을 대상으로 진행됐다,0.5106,0.1277,0.1702,0.1489
korean,p21,u09,경북 대표 일간지인 경북일보와 언론중재위원회 간의 교류는 물론 질문질답을 통해 상호 간 긍정적 영향 구축이 목적이다,0.3281,0.1562,0.1719,0.1562
korean,p21,u10,강의는 명예훼손의 주요 쟁점 초상권 침해 등 언론중재위원회 순으로 진행됐다,0.4146,0.1707,0.122,0.2683
korean,p21,u11,특히 명예훼손과 초상권 침해 부분이 실제 언중위에서도 가장 접수 사례가 많았기에 이에 대한 자세한 설명이 이뤄졌다,0.2698,0.127,0.1111,0.1111
korean,p21,u12,당사자 특정 여부가 핵심 요소로 꼽혔으며 물놀이하는 시민 얼굴이 클로즈업된 경우가 대표적이었다,0.4808,0.1346,0.1538,0.2308
korean,p21,u13,얼굴 외에도 전화번호와 기타 특정할 수 있는 부분의 노출 여부도 신중해야 한다고 부연했다,0.2653,0.1429,0.1429,0.1429
korean,p21,u14,묵시적 동의 명시적 동의 공개적 동의 등 보완 방법도 조언됐고 무엇보다도 공익에 대한 여부가 가장 크다고 강조됐다,0.4603,0.1111,0.0952,0.1111
korean,p21,u15,여종국 언론중재위원회 대구사무소장은 공익 보도를 위해 특정 부분의 심화 강의도 가능하다며 긴 강의 시간 동안 강의에 임해줘서 감사드린다라고 말했다,0.321,0.1975,0.1481,0.1728
korean,p21,u16,한편 언론중재위원회는 대구 부산 광주 대전 경기 강원 충북 전북 경남 제주 등 열 곳의 지역사무소를 두고 있다,0.5082,0.0328,0.0328,0.0984
korean,p21,u17,이재명 더불어민주당 대표 후보가 이십 일 일 광주에서 한 여성의 사인 요청을 거절하는 모습이 포착돼 온라인을 중심으로 화제를 모으고 있다,0.1842,0.0658,0.0526,0.0395
korean,p21,u18,이 후보는 이날 오후 민주당 당대표 및 최고위원 후보들의 합동연설회가 열린 광주 김대중컨벤션센터를 찾았다,0.3621,0.0517,0.069,0.069
korean,p21,u19,이 후보가 차에서 내리자 그의 지지자들이 몰려들었고 그는 지지자들과 주먹 인사를 나누거나 손을 흔들기도 했다,0.25,0.0333,0.0167,0.0333
korean,p21,u20,이 후보는 이날 민주당 텃밭인 광주전남 지역의 경선 투표에서 득표율 팔십 퍼센트에 육박하는 표를 얻으며 압승을 거뒀다,0.5077,0.1538,0.1231,0.1231
korean,p21,u21,이 후보의 이날 모습은 그의 지지자들이 올린 유튜브 영상에 담겼는데 여기에는 그가 사인 요청을 거절하는 장면도 포착됐다,0.2273,0.0758,0.0606,0.1212
korean,p21,u22,분홍색 상의를 입은 한 여성이 가방에서 책 한 권을 꺼내 이 후보에게 사인을 요청했다,0.2128,0.0213,0.0638,0.0
korean,p21,u23,이 후보는 책을 받아들고 표지를 유심히 보더니 다시 여성에게 책을 돌려줬다,0.3171,0.0244,0.0,0.0
korean,p21,u24,이 여성은 재차 사인을 요청했으나 이 후보는 고개를 다른 쪽으로 돌려 거부 의사를 표현했다,0.12,0.08,0.06,0.1
korean,p21,u25,그러자 이 후보의 옆에 있던 한 남성은 해당 여성에게 손으로 엑스 표시를 하고 고개를 저었다,0.2549,0.098,0.0196,0.2157
korean,p21,u26,이 후보가 사인을 하지 않을 것이니 더 이상 요청하지 말라는 의미인 것으로 보인다,0.3556,0.0222,0.0889,0.0889
korean,p21,u27,이 후보가 사인을 거부한 이유는 여성이 내민 책 때문인 것으로 네티즌들은 추측하고 있다,0.2917,0.125,0.1042,0.125
korean,p21,u28,영상에서 해당 책이 정확하게 보이진 않지만 흰색 표지에 비추어 굿바이 이재명 아니냐는 주장이 제기됐다,0.4107,0.0536,0.0536,0.125
korean,p21,u29,장영하 변호사가 지난해 십 이 월 출간한 이 책은 이 후보와 그의 친형인 고 이재선 씨의 갈등을 다뤘다,0.4211,0.0526,0.0175,0.1404
korean,p21,u30,민주당은 장 변호사가 이재선 씨의 일방적인 주장을 담았다며 판매금지 가처분 신청을 했지만 법원은 이를 기각한 바 있다,0.3846,0.0,0.0769,0.1231
korean,p21,u31,의성군이 주민자치의 틀을 강화하는 릴레이 주민총회를 개최키로 해 주목된다,0.35,0.075,0.05,0.125
korean,p21,u32,군은 칠 일 안사면을 시작으로 팔 월 말까지 열 여덟 개 읍면에서 릴레이 주민총회를 개최한다,0.451,0.1765,0.1569,0.2157
korean,p21,u33,주민총회는 지역주민이 모여 지역의 일에 대해 논의하고 결정하는 주민 공론장이다,0.2093,0.1163,0.0698,0.1163
korean,p21,u34,이번 주민총회에서는 이천 이십 삼 년 주민참여예산사업과 지역 현안 사업을 공유하고 결정한다,0.48,0.08,0.12,0.2
korean,p21,u35,읍면 주민 자치회는 지난 일 월 주민 자치회 운영계획을 수립한 후 수차례에 걸친 회의를 통해 지역 현안 과제를 발굴하고 해결방안을 모색해 왔다,0.2911,0.1266,0.0886,0.1646
korean,p21,u36,그리고 그 결과를 주민총회 안건으로 상정하여 주민투표로 실행 우선순위를 결정할 방침이다,0.4167,0.1875,0.125,0.1667
korean,p21,u37,특히 주민투표는 주민들이 직접 주민총회 현장에서 투표하는 방식으로 운영되며 더 많은 주민이 참여할 수 있도록 마을별로 홍보도 진행한다,0.2432,0.1081,0.0405,0.1081
korean,p21,u38,의성읍 주민자치위원 에이 씨는 주민들의 행정참여를 높이고 자치제에 대한 책임을 다 한다는 의미에서 주민총회는 큰 의미가 있는 것 같다고 말했다,0.1899,0.0886,0.0633,0.0759
korean,p21,u39,김주수 의성군수는 주민총회를 통해 올라온 사업들을 재정적으로 뒷받침하여 주민들의 결정이 구체적으로 실현될 수 있도록 최선을 다하겠다고 전했다,0.2564,0.0641,0.0897,0.1026
korean,p21,u40,층간소음에 불만을 품고 혼자 사는 위층 여성 거주지 문을 수차례 두드리고 도어락을 눌러 공포심을 조장한 삼십 대 남성이 붙잡혔다,0.3944,0.1268,0.1831,0.169
korean,p21,u41,광명경찰서는 스토킹범죄의 처벌 등에 관한 법률 위반 혐의로 에이 씨를 입건했다고 십 삼 일 밝혔다,0.537,0.0926,0.1481,0.1667
korean,p21,u42,에이 씨는 지난 십일 일 오전 네 시 십 분께 하안동의 한 아파트에서 위집에 거주 중인 삼십 대 여성 비 씨의 집 현관문을 수차례 두드린 혐의다,0.4625,0.1125,0.1625,0.1875
korean,p21,u43,신고를 받고 출동한 경찰은 피해자 진술을 청취 후 주변 일대를 수색하였지만 별 다른 특이점을 발견하지 못해 철수했다,0.6094,0.1719,0.0781,0.25
korean,p21,u44,이후 에이 씨는 오십 여분 뒤인 오전 다섯 시께 또 다시 비 씨 집을 찾아가 도어락을 누르기도 했다,0.4909,0.0727,0.1273,0.2364
korean,p21,u45,재차 신고를 접수하고 현장에 도착한 경찰은 아래층 현관문이 서서히 닫히는 것을 확인했다,0.25,0.125,0.1042,0.1042
korean,p21,u46,경찰의 추궁에 에이 씨는 위층에서 고의로 소음을 일으킨다고 생각해 겁을 주기 위해 범행을 저질렀다고 자백했다,0.4667,0.1667,0.1833,0.2333
korean,p21,u47,서울 선유도에 한강 위를 걸으며 정취를 감상할 수 있는 디귿자 형태의 순환형 보행 데크가 조성된다,0.3333,0.2407,0.2593,0.2222
korean,p21,u48,서울시 한강사업본부는 선유도 보행 잔교 및 한강 수상갤러리 조성사업을 추진한다고 이십 육 일 밝혔다,0.4182,0.1636,0.1818,0.1636
korean,p21,u49,시에 따르면 보행 데크는 총 백 구십 이 미터 길이의 복층 형태로 강물에 띄우는 일 층 부상형 보행로와 약 십 오 미터 높이의 이 층 전망대로 구성된다,0.5833,0.2262,0.2381,0.25
korean,p21,u50,보행 데크를 따라 걸으면 상하류로 곧게 뻗은 한강의 시원한 물줄기를 한눈에 볼 수 있고 북쪽으로는 높이 솟은 북한산까지 조망할 수 있다,0.4,0.2933,0.2,0.3067
korean,p21,u51,일 층과 이 층 사이에는 가로 약 팔십 미터 규모의 낙하 분수를 설치해 대형 워터스크린을 만들 계획이다,0.3509,0.0175,0.0877,0.0877
korean,p21,u52,일 층 보행로 한가운데에는 이천 십 오 년 이후 노후화로 가동이 중단된 월드컵분수를 재활용해 돔형 수상 갤러리를 꾸민다,0.5152,0.197,0.1515,0.2576
korean,p21,u53,구조물 내부에는 삼백 육십 도 초대형 엘이디를 설치해 시민들이 한강 위에서 다채로운 콘텐츠를 즐길 수 있도록 운영할 계획이다,0.2609,0.058,0.1449,0.1304
korean,p21,u54,갤러리 바닥은 강화유리로 만들어 발 아래로 분수 장비를 관람할 수 있다,0.2564,0.1026,0.1026,0.0256
korean,p21,u55,분사 노즐은 원형 유리체인 플랙스 글라스를 통해 햇빛의 스펙트럼에 따라 다채로운 색상을 만들어낸다,0.2222,0.2222,0.2037,0.2037
korean,p21,u56,한강 내 작은 섬인 선유도는 양화대교에서 이어지는 정문으로 바로 진입할 수 있다,0.25,0.0909,0.0455,0.1136
korean,p21,u57,양화 한강 공원에서 이어지는 보행교인 선유교를 건너서 들어갈 수도 있어 접근성이 좋다,0.2979,0.1277,0.0851,0.1277
korean,p21,u58,시는 접근성이 뛰어나고 주변 경관이 우수한 선유도를 활용해 시민들이 수변 문화를 체험하고 휴식을 즐길 수 있는 공간을 만들게 됐다고 전했다,0.3896,0.1039,0.1169,0.1558
korean,p21,u59,기존의 서울 내 열 한 개 한강공원에는 다양한 시설과 쉼터가 마련돼 있지만 수변 문화를 직접 체험할 수 있는 공간은 부족했다는 진단이다,0.3733,0.1867,0.1467,0.1733
korean,p21,u60,이번에 새로 조성하는 보행 잔교는 강물 바로 위에 설치돼 시민들이 한강 위를 걷는 듯한 기분을 느낄 수 있을 것으로 시는 기대했다,0.2917,0.1389,0.1944,0.1389
korean,p21,u61,올해 육 월 설계를 마치고 하반기에 착공 내년 말 공사를 완료하고 시민에게 개방할 계획이다,0.3,0.06,0.08,0.14
korean,p21,u62,서울중앙지검 강력범죄수사부가 이십 팔 일 케이에이치그룹의 평창 알펜시아 리조트 입찰 방해 의혹과 관련해 강원도지사실과 비서실 등을 대상으로 압수수색을 진행하고 있다,0.4615,0.0659,0.0879,0.1538
korean,p21,u63,지난 이십 칠 일 최문순 전 강원도지사 자택과 케이에이치그룹 사무실 강원도개발공사 등 약 이십 곳을 압수수색을 한 데 이어 이틀째 강제수사에 나선 것이다,0.3647,0.0941,0.1059,0.2706
korean,p21,u64,검찰은 이날 강원도청 등에 검사와 수사관을 보내 알펜시아 리조트 매각과 관련한 문서 등을 확보한 것으로 알려졌다,0.371,0.0645,0.0806,0.0484
korean,p21,u65,케이에이치그룹은 지난해 육 월 한국자산관리공사의 경쟁 입찰을 통해 강원도개발공사 소유의 알펜시아 리조트를 칠천 백 십 오 억원에 낙찰받았다,0.3506,0.1169,0.1169,0.1818
korean,p21,u66,경쟁 입찰에 케이에이치그룹 산하 계열사만 참여해 낙찰받자 케이에이치그룹과 강원도가 사전에 조율한 게 아니냐는 의혹이 제기됐다,0.5652,0.0435,0.2029,0.1594
korean,p21,u67,서울중앙지검은 지난달 말 춘천지검으로부터 알펜시아 리조트 매각 입찰 방해 의혹 사건을 넘겨받아 수사를 진행하고 있다,0.375,0.0938,0.1562,0.125
korean,p21,u68,검찰은 이번 압수수색을 통해 확보한 자료를 분석한 뒤 관련자들을 소환해 조사할 예정이다,0.2292,0.0417,0.0417,0.0625
korean,p21,u69,농림축산식품부는 일 월부터 축산악취로 인한 불편이 우려되는 집중관리지역 삼십 삼 곳을 대상으로 악취 저감 노력을 한 결과 경남 김해시에서 성과가 나타났다고 이십일 일 밝혔다,0.4271,0.0833,0.0938,0.2292
korean,p21,u70,농식품부에 따르면 김해시는 축산 밀집 지역 마을 이장단을 포함한 지역협의체를 구성해 주민과 농가 간 갈등을 해소하려고 노력했다,0.3714,0.1571,0.0857,0.1
korean,p21,u71,그 결과 이천 이십 년 약 오천 건에 달했던 축산악취 민원이 지난해 이천 건 올해 상반기에는 약 삼백 오십 건으로 감소했다,0.4853,0.1029,0.0735,0.1176
korean,p21,u72,농식품부는 전국 오백 오십 칠 곳에 악취측정 정보통신기술 기계장비를 설치해 악취 점검과 분석을 추진하고 있다,0.4667,0.05,0.1333,0.1667
korean,p21,u73,악취 발생 시 지자체 축산농가 안내문자 등을 활용해 즉시 통보하는 시스템이다,0.3333,0.0714,0.119,0.119
korean,p21,u74,특히 데이터 분석을 통해 고농도 악취를 자주 배출하는 농가와 시설을 선별해 집중 관리를 하고 있다,0.2222,0.0741,0.0741,0.0741
korean,p21,u75,전남 고흥군에서는 양돈농가 근처에 있던 가축분뇨 처리시설 분뇨 반입량을 늘려 해당 농가에 분뇨가 적체되는 기간을 줄일 수 있었다,0.3803,0.1549,0.1549,0.2113
korean,p21,u76,특히 여름철 강우로 액비 살포가 제한되자 액비화 외의 정화처리 비중을 이천 이십 년 영 퍼센트에서 올해 십 오 퍼센트까지 높였다,0.4789,0.0845,0.1549,0.0704
korean,p21,u77,윤석열 정부가 이천 삼십 년까지 전체 발전원에서 원자력 비중을 삼십 퍼센트 이상으로 확대키로 했다,0.463,0.037,0.037,0.0741
korean,p21,u78,문재인 정부에서 건설이 중단된 신한울 삼 사 호기를 신속히 재개하고 건설 중인 원전 사 기도 임기 내 준공할 계획이다,0.3538,0.1385,0.0923,0.1692
korean,p21,u79,반면 석탄 감축과 재생에너지 확대에 대한 밑그림은 제시하지 않아 이전 정부의 탈원전 로드맵은 사실상 폐기될 것으로 보인다,0.2836,0.0299,0.1045,0.209
korean,p21,u80,산업통상자원부는 오 일 서울 용산 대통령실 청사에서 열린 국무 회의에서 관계부처 합동으로 마련한 새정부 에너지정책 방향을 심의의결했다고 밝혔다,0.4177,0.2025,0.1772,0.2658
korean,p21,u81,이번 에너지정책 방향은 문재인 정부의 에너지전환 로드맵과 제삼 차 에너지기본계획 등 원전의 단계적 감축을 명시했던 정책을 대체한 것이다,0.2933,0.1733,0.12,0.1867
korean,p21,u82,산업부는 이번 에너지정책 방향을 통해 이천 삼십 년까지 원자력발전 비중을 삼십 퍼센트 이상으로 확대하겠다고 공식화했다,0.4308,0.0615,0.0462,0.0615
korean,p21,u83,이는 문재인 정부에서 마련한 이천 삼십 국가온실가스감축목표에서 제시한 원전 비중 목표치를 대폭 상향 조정한 수준이다,0.6406,0.2031,0.1719,0.25
korean,p21,u84,정부는 지난해 기준 이십 칠 점 사 퍼센트였던 원전 비중을 신한울 삼 사 호기 건설 재개 안전성 확보를 전제로 한 계속운전 추진 등을 통해 대폭 올리기로 했다,0.5114,0.125,0.125,0.1705
korean,p21,u85,반면 재생에너지 석탄 액화천연가스 등 여타 발전원 비중 목표치는 에너지정책 방향에 담지 않았다,0.4615,0.1731,0.1731,0.25
korean,p21,u86,산업부는 재생에너지에 대해 보급여건을 고려해 목표를 합리적으로 재정립하고 태양광풍력 등 발전원별 적정 비중을 도출하겠다고 언급하는 데 그쳤다,0.4744,0.1538,0.1795,0.2436
korean,p21,u87,석탄발전에 대해 신규 석탄발전소 건설 금지를 명확히 밝힌 이전 정부 계획과 달리 수급상황계통을 신중히 고려해 합리적 감축을 유도하겠다고 밝혔다,0.5443,0.2532,0.2405,0.3165
korean,p21,u88,박일준 산업부 이 차관은 올해 십 이 월 전력수급기본계획을 통해 구체적인 발전원별 비중 수치를 발표하겠다고 말했다,0.4762,0.1429,0.1587,0.1905
korean,p21,u89,이날 정부는 전기요금에 연료비를 반영하는 원가주의를 확립하겠다는 계획도 내놓았다,0.3636,0.1591,0.0682,0.1364
korean,p21,u90,전기요금 결정 과정에서 독립성 확보를 위해 전기위원회 조직인력도 보강한다,0.775,0.1,0.175,0.125
korean,p21,u91,케이티엑스 열차 안에서 자신의 무임승차를 적발한 승무원을 협박 폭행까지 한 오십 대 승객이 징역형을 선고받았다,0.3279,0.1803,0.1311,0.2295
korean,p21,u92,광주지법 형사칠 단독 은 열차 승무원을 폭행해 철도안전법 위반 혐의로 기소된 에이 씨에 대해 징역 팔 개월 형을 선고했다고 십 이 일 밝혔다,0.5513,0.1154,0.0897,0.141
korean,p21,u93,에이 씨는 지난해 십 이 월 이십 삼 일 저녁 열 시쯤 나주역에서 목포역을 향해 운행 중이던 케이티엑스 기차 내에서 열차 승무원에게 무임승차 사실이 적발됐다,0.5057,0.1379,0.1724,0.1954
korean,p21,u94,술에 취해 있던 에이 씨는 승무원이 요금과 추가 부과금을 부여하자 해당 승무원을 때릴 듯이 위협하고 복부를 손바닥으로 밀치는 폭력을 행사한 것으로 조사됐다,0.3256,0.1512,0.1395,0.1744
korean,p21,u95,재판부는 에이 씨가 만취 상태에서 철도 종사자의 직무 집행을 방해해 죄책이 가볍지 않다,0.4583,0.125,0.125,0.2083
korean,p21,u96,에이 씨에게 폭행과 업무방해 등 다수의 전과가 있는 점을 고려하면 실형 선고가 불가피하다라고 선고 이유를 밝혔다,0.4516,0.1129,0.1129,0.1613
korean,p21,u97,케이비에스 투 예능 일 박 이 일 시즌 사 메인 연출자인 방글이 피디가 마지막 촬영 현장이 공개된다,0.5455,0.0909,0.1818,0.2364
korean,p21,u98,오늘 오후 여섯 시 삼십 분에 방송되는 케이비에스 투 일 박 이 일 시즌 사 의 행운을 빌어줘 특집에서는 운수 대통을 기원하는 멤버들의 봄맞이 여정이 그려진다,0.3409,0.0682,0.1705,0.1818
korean,p21,u99,이날 승부욕을 불태우며 게임에 임하던 멤버들은 간식 차를 선물한 방글이 피디 때문에 비상에 걸린다,0.5,0.1296,0.1111,0.1481
korean,p24,u00,현대자동차가 국내 최대 크라우드 펀딩 플랫폼인 와디즈와 함께 전기차 아이오닉 전용 라이프스타일 아이템을 선보인다고 이십 일 일 밝혔다,0.6622,0.3108,0.2162,0.3514
korean,p24,u01,현대차와 와디즈가 함께 출시하는 아이템은 업무 힐링 엔터테인먼트 위생 등 네 가지 분야의 총 열 한 개의 상품이다,0.6825,0.0952,0.0476,0.2698
korean,p24,u02,차량 외부로 이백 이십 볼트 일반 전원을 공급해주는 브이 투 엘 등 고급 커스터마이징 제품부터 일상 실용제품까지 다양한 라인업으로 구성됐다고 현대차는 설명했다,0.5227,0.2273,0.1818,0.2614
korean,p24,u03,업무용으로 무선 충전이 가능한 스마트 테이블과 멀티탭이 출시되며 삼 단 차박 토퍼와 멀티무드 랜턴 미니 쿨러 등이 힐링 아이템으로 제작된다,0.7662,0.2338,0.1688,0.3247
korean,p24,u04,차 안에서 콘텐츠 감상을 도울 미니 빔 프로젝트와 블루투스 스피커 스마트 올레드 뷰어가 준비되며 무선 진공 청소기와 랜턴 우선 친환경 트래블 키트도 출시된다,0.6437,0.1839,0.1494,0.2989
korean,p24,u05,현대차는 오는 이십 오 일부터 내달 십 삼 일까지 서울 와디즈 오프라인 펀딩 체험 공간 공간 와디즈에서 해당 상품들을 전시할 예정이다,0.4324,0.0541,0.0676,0.0676
korean,p24,u06,카카오 판교 데이터센터에서 발생한 화재로 카카오뱅크와 카카오페이 등 카카오그룹의 금융 서비스에 접속 장애가 발생했다,0.7344,0.1875,0.2188,0.5312
korean,p24,u07,십 오 일 오후 세 시 삼십 분 판교에 위치한 에스케이 씨앤씨 데이터센터 전기시설에서 화재가 발생해 카카오가 운영하는 주요 서비스에서 접속 장애가 발생했다,0.7558,0.1395,0.1279,0.2093
korean,p24,u08,카카오톡 카카오뱅크 카카오페이뿐만 아니라 카카오티 카카오내비 카카오지하철 카카오버스 멜론 등 서비스가 세 시간 넘게 마비됐다,0.7101,0.2029,0.2029,0.3913
korean,p24,u09,카카오는 다른 데이터센터를 통해 온라인 서비스를 제공하기 위해 복구 작업에 착수했다,0.7174,0.1522,0.087,0.2174
korean,p24,u10,그 중 카카오뱅크는 이날 오후 오 시부터 카카오톡을 기반으로 한 서비스를 제외하고 송금 등 카카오뱅크 단독으로 사용할 수 있는 서비스를 모두 복구했다고 공지했다,0.5393,0.2135,0.2135,0.3146
korean,p24,u11,카카오계정으로 회원가입 카카오톡을 활용한 간편이체 모임통장 친구초대 앱푸시 및 알림톡 수신 등은 아직 복구되지 않았다,0.7077,0.4154,0.3385,0.5538
korean,p24,u12,카카오뱅크 관계자는 카카오톡이 정상화되면 나머지 기능도 돌아올 것이라고 설명했다,0.5455,0.2727,0.1591,0.2955
korean,p24,u13,대부분의 서비스가 카카오톡을 통해 활용되는 카카오페이는 복구가 늦어지고 있다,0.7381,0.0952,0.0476,0.3095
korean,p24,u14,세부 장애 범위를 파악하고 있다며 빠른 복구를 위해 노력하겠다고 밝혔다,0.5641,0.1282,0.1538,0.3077
korean,p24,u15,해군사관학교 남성 생도 두 명이 술에 취해 잠든 외국인 여성 교육 수탁생을 성폭행한 사건이 발생했다,0.8364,0.3273,0.2727,0.4364
korean,p24,u16,육 일 경남 진해 경찰서는 동료 여성 생도를 성폭행한 혐의로 전 해군사관학교 생도 두 명을 창원지검에 송치했다고 밝혔다,0.7727,0.3788,0.2273,0.4545
korean,p24,u17,이들 가해자 중 일 명은 한국인 다른 일 명은 외국인 수탁생도인 것으로 전해졌다,0.7045,0.0909,0.1364,0.2955
korean,p24,u18,두 사람은 지난 일 월 삼 일 새벽 경남 창원시 진해구 해군사관학교 외국인 수탁생 숙소에서 술에 취해 잠든 같은 학년의 피해자를 성폭행한 혐의를 받는다,0.6786,0.2857,0.1071,0.381
korean,p24,u19,가해자 두 명은 범행 당시 모두 사 학년으로 임관을 불과 두 달여 남겨놓은 상태였다,0.7174,0.1739,0.1087,0.3478
korean,p24,u20,이 사건 범행은 방학 때 본국으로 갔다가 돌아온 피해자가 학교 측에 이 같은 내용을 알리면서 드러났다,0.5357,0.1786,0.0893,0.3036
korean,p24,u21,당초 해군수사단이 이 사건을 수사했으나 외국인 가해자에 대해서는 군검찰이 수사권이 없어 이 월 중순 경찰에 넘겨졌다,0.5312,0.1094,0.125,0.1719
korean,p24,u22,한국인 가해자는 교칙 위반으로 퇴교당해 민간인 신분으로 전환되면서 경찰에서 조사를 받았다,0.3878,0.2449,0.1429,0.2449
korean,p24,u23,한국인 가해자는 경찰 조사에서 범행을 시인했지만 외국인 가해자는 범행을 부인하고 있는 것으로 알려졌다,0.375,0.0893,0.0,0.1071
korean,p24,u24,하지만 경찰은 외국인 가해자의 디엔에이 등 증거와 피해자 진술을 근거로 혐의가 있다고 판단 두 사람 모두 검찰에 송치했다,0.5672,0.1493,0.0746,0.1642
korean,p24,u25,전남 곡성군 드림스타트는 지난 삼십 일까지 개최된 제 이십 이 회 곡성 심청 어린이 대축제에서 가족 문화 체험을 진행해 높은 호응을 이끌어냈다,0.481,0.0759,0.0633,0.2278
korean,p24,u26,드림스타트는 아동에게 공평한 출발 기회를 제공해 건강한 사회구성원으로 성장할 수 있도록 지원하는 아동 복지 사업이다,0.2812,0.0625,0.0781,0.0938
korean,p24,u27,만 십 이 세 초등학생 이하 취약 계층 아동과 가족에게 맞춤형 통합서비스를 지원하고 다양한 지역 자원을 연계하는 것이 핵심 내용이다,0.6164,0.2055,0.1644,0.274
korean,p24,u28,곡성군은 신체건강 인지언어 정서행동 부모가족 등 네 개 분야로 나눠 매년 삼십 여 개의 다양한 프로그램을 지원하고 있다,0.5,0.1364,0.1061,0.2727
korean,p24,u29,특히 지속적으로 아동과 양육자를 상담하면서 단계별 맞춤 프로그램을 제공하고 이를 아동의 긍정적인 발달을 촉진한다,0.2742,0.0645,0.129,0.0968
korean,p24,u30,이번 축제에서도 아동들의 신체적 정서적 사회적 능력 등을 고루 성장시킬 수 있는 체험들이 십 삼 개 부스에서 진행됐다,0.5231,0.1692,0.1385,0.1692
korean,p24,u31,참여 아동들은 자신이 평소 좋아하는 것과 잘하는 것은 물론 그동안 접하지 않았던 다양한 체험에 참여하며 즐거운 시간을 보냈다,0.3333,0.1739,0.087,0.1449
korean,p24,u32,곡성군드림스타트 관계자는 우리 아이들이 건강하게 성장할 수 있도록 앞으로도 한 사람 한 사람에 맞는 맞춤 프로그램을 지원하겠다고 말했다,0.56,0.2267,0.24,0.2533
korean,p24,u33,전남 해남군은 러시아우크라이나 사태에 따른 유류비 상승으로 인한 농업인들의 경영비 부담 완화를 위해 농기계 면세유 구입비의 일부를 지원한다,0.4675,0.1558,0.1948,0.2468
korean,p24,u34,지원비용은 리터당 백 팔십 삼 원으로 십 삼 억 칠천 만 원을 투입 칠백 사십 팔 만 이백 삼십 리터 물량을 지원하게 된다,0.9265,0.0735,0.1029,0.1471
korean,p24,u35,농업기계 면세유 구입비 지원을 받으려는 농업인은 읍면이나 농협 등에 비치한 사업신청서와 개인정보 조회 제공 동의서를 지역농협에 제출하면 된다,0.5897,0.1282,0.1282,0.1923
korean,p24,u36,지원 대상자는 해남에 주소를 둔 농업인으로 지역농협의 면세유류 구입카드를 발급받은 농업인 중 면세유 구입비 지원사업 신청서를 제출한 사람이다,0.5897,0.1795,0.1667,0.2692
korean,p24,u37,지원 유종은 농업인이 배정받은 농업기계용 면세유류 중 삼 월부터 육 월까지 사 개월간 사용한 휘발유와 경유만 해당된다,0.6,0.1846,0.1692,0.3231
korean,p24,u38,개인별 전년도 면세유 배정실적을 기준으로 올해 사 개월분 사용실적에 맞춰 지급한다,0.6,0.1778,0.2222,0.2222
korean,p24,u39,군에서는 지역농협에서 접수한 사업신청서를 기준으로 농업인별 배정량과 사용량을 근거로 사업 대상자와 예산 소요액을 최종 확인 후 보조금을 지급할 예정이다,0.619,0.131,0.1667,0.25
korean,p24,u40,비엔케이투자증권은 현대제철에 대해 목표주가 오 만 오천 원 투자의견 매수를 제시했다,0.7174,0.1304,0.1522,0.1739
korean,p24,u41,일 일 에프엔가이드에 따르면 비엔케이투자증권은 최근 현대제철에 대한 보고서를 통해 밸류에이션이 코로나 팬데믹 수준까지 하락했다며 이같이 밝혔다,0.6835,0.2025,0.2025,0.3544
korean,p24,u42,비엔케이투자증권은 국내외 철강 시황이 지속적인 약세를 보이면서 삼 분기 봉형강 및 열연 가격이 예상보다 더 하락했다고 분석했다,0.6,0.2286,0.2429,0.3286
korean,p24,u43,현재 철강 시황은 공급보다 수요 둔화가 문제인데 중국 건설 경기 부진이 장기화되면서 동아시아 철강 시황에 부담을 주고 있다고 해석했다,0.5135,0.1486,0.1081,0.2432
korean,p24,u44,국내 수요 산업도 전년 동기 대비 역성장을 지속하면서 후판을 제외한 전 품목에 걸쳐 수요가 약한 상황으로 해석했다,0.5556,0.2698,0.1587,0.3492
korean,p24,u45,비엔케이투자증권은 사 분기에는 고로 투입 원가 하락 봉형강 가격 하락 마무리와 성수기 효과로 실적이 회복될 것으로 전망했다,1.0,0.25,0.1912,0.3235
korean,p24,u46,경쟁사의 피해복구가 예상보다 지연될 경우 열연 후판의 판매량과 가격이 좀 더 개선될 가능성도 있다고 내다봤다,0.6333,0.25,0.1667,0.3333
korean,p24,u47,일 일 광주와 전남은 아침 기온이 전날보다 삼 도 가량 더 떨어지면서 추위가 더욱 기승을 부릴 것으로 보인다,0.35,0.0833,0.0833,0.15
korean,p24,u48,특히 바람도 강하게 불면서 체감온도는 영하 오 도 이하로 낮겠으니 낮은 기온과 급격한 기온 변화로 인한 건강관리에 각별한 주의가 요구된다,0.6316,0.1711,0.1184,0.2368
korean,p24,u49,이날 대부분 지역에 한파주의보가 발효된 가운데 아침 최저 기온은 영하 오 도에서 영 도 낮 최고 기온은 이 도에서 칠 도로 예상된다,0.5205,0.0959,0.1233,0.2192
korean,p24,u50,서해상에서 생성된 비구름대가 북서풍을 타고 유입되면서 새벽까지는 전남 서해안에 밤부터는 전남 북부 서해안에 비나 눈이 오는 곳이 있겠다,0.7467,0.1867,0.2533,0.4
korean,p24,u51,서해 남서부 먼 바다에는 십 에서 십 육 미터 퍼 세크의 강한 바람과 함께 최대 사 점 영 미터 높이의 파도가 일 것으로 예보돼 항해나 조업하는 선박은 유의해야겠다,0.5934,0.2088,0.1978,0.4505
korean,p24,u52,비 또는 눈이 오는 지역은 가시거리가 짧겠으며 비나 눈이 얼어 도로가 미끄럽겠으니 교통안전에도 유념하라고 기상청은 당부했다,0.8382,0.1618,0.1765,0.2941
korean,p24,u53,광주지방기상청 관계자는 광주전남에 심각한 가뭄이 이어지고 있어 생활 속 물절약 운동에 시민들의 적극적인 참여를 부탁드린다고 말했다,0.5,0.1528,0.2083,0.25
korean,p24,u54,경북 경주시와 경주문화재단은 제 사십 구 회 신라문화제 시민홍보단 서포터즈를 모집한다,0.6596,0.234,0.2979,0.234
korean,p24,u55,제 사십 구 회 신라문화제 서포터즈는 축제를 직접 알리고 즐기고 싶은 시민을 대상으로 선발한다,0.6731,0.1731,0.1923,0.2885
korean,p24,u56,만 칠 세 이상의 경주시에 거주하는 경주시민 또는 경주 내에서 재직 및 재학 중인 사람은 누구나 신청할 수 있다,0.5484,0.0645,0.1452,0.2903
korean,p24,u57,선발한 시민 서포터즈는 제 사십 구 회 신라문화제 서포터즈로 활동하며 블로그 에스엔에스 등을 활용한 온라인 홍보 콘텐츠를 제작한다,0.8333,0.2083,0.2639,0.3611
korean,p24,u58,이와 함께 서포터즈 활동에 필요한 전문가 교육과 경주예술의전당에서 진행하는 백스테이지 투어 등 다양한 활동에 참여할 수 있다,0.4203,0.1449,0.087,0.1594
korean,p24,u59,선발된 서포터즈에게는 활동비를 지원하고 우수 서포터즈 활동자를 선정해 포상도 진행한다,0.5106,0.1702,0.1915,0.3191
korean,p24,u60,접수기간은 오는 육 월 삼 일 열 여덟 시까지이며 경주문화재단 및 경주시청 홈페이지에서 신청서를 작성한 후 전자우편으로 제출하면 된다,0.5405,0.1351,0.1351,0.2027
korean,p24,u61,자세한 내용은 경주문화재단 홈페이지나 경주문화재단 축제사업팀로 문의하면 된다,0.619,0.2857,0.1429,0.2857
korean,p24,u62,내년 예산안 처리를 위한 청주시의회의 원포인트 임시회가 시청 옛 본관 철거비를 둘러싼 여야 대립으로 열리지 못하고 있다,0.5152,0.1818,0.2576,0.3485
korean,p24,u63,청주시의회는 내년 예산안 처리를 위해 이십 이 일 오전 열 시 제 칠십 오 회 임시회 제 일 차 본회의를 열기로 했으나 더불어민주당 의원들의 등원거부로 열지 못하고 있다,0.5532,0.0851,0.0851,0.2128
korean,p24,u64,여야는 이날 의원총회를 잇따라 갖고 협의를 벌였으나 옛 시청 본관 철거비를 둘러싼 이견을 좁히지 못하고 있으며 이날 오후 네 시에 다시 여야 협의를 벌이기로 했다,0.6,0.2,0.1,0.2667
korean,p24,u65,국민의 힘 의원들은 더불어민주당 의원이면서 본관철거 의견을 보인 에이 의원을 설득해 의결 정족수인 이십 이 명을 채우고 철거비 예산을 통과시키려 하고 있다,0.4535,0.1628,0.2093,0.2209
korean,p24,u66,더불어민주당 의원들도 에이 의원을 계속 설득하며 철거비 예산을 뺀 수정안을 통과시켜야 한다는 뜻을 굽히지 않고 있다,0.4219,0.1562,0.125,0.2656
korean,p24,u67,이날까지 여야협의가 되지 않아 예산안 처리가 무산되면 연간 회기 일수도 하루밖에 남지 않아 사상 초유의 준예산 발동이 우려되고 있다,0.6301,0.2329,0.2329,0.2603
korean,p24,u68,동해지역에서 코로나 일구 집단감염이 발생한 요양시설에서 오미크론 변이 관련 사례인 것으로 확인된 가운데 코호트 격리 중 확진자가 계속해 속출하고 있다,0.6627,0.0602,0.1807,0.3133
korean,p24,u69,십 일 동해시 보건당국에 따르면 동해지역 에이 요양시설에서 코호트 격리 중 구십 대 세 명이 최종 양성 판정을 받았다,0.7077,0.1692,0.1385,0.2615
korean,p24,u70,시설 입소자 구십 명 중 스물 두 명과 종사자 육십 명 중 열 한 명이 확진자로 분류된 것으로 알려졌다,0.7018,0.1754,0.0526,0.1579
korean,p24,u71,특히 확진자 서른 세 명 중 열 일곱 명이 최종 오미크론 변이 확진자로 밝혀져 불안감은 높아지고 있다,0.5179,0.0714,0.0714,0.3036
korean,p24,u72,이에 동해시와 보건당국은 확진자들의 경우 강릉과 속초 동해지역 전담병원으로 이송하고 시설 내에서는 입소자 칠십 팔 명을 일 인 격리하고 있다고 밝혔다,0.5542,0.1205,0.0964,0.2651
korean,p24,u73,또한 종사자들의 경우 시설 내 숙식이 어려운 상황이라 관내 숙박시설 세 곳 마흔 일곱 실에 각각 분산 배치했다,0.5738,0.0984,0.082,0.1803
korean,p24,u74,현재 요양시설 내에서는 레벨 디 방호복을 입은 의료진 등이 매일 피씨알검사와 함께 소독 등을 실시하고 있다,0.678,0.1525,0.1186,0.2034
korean,p24,u75,이와 관련해 시는 십 육 일까지 관내 경로당 백 스물 일곱 개소를 임시 휴관조치하고 방역사항 및 동절기 안전점검을 진행한다,0.6324,0.2059,0.2059,0.3382
korean,p24,u76,전남 순천의 한 골프장에서 여성 골퍼가 연못에 빠져 숨진 사건과 관련해 경찰이 경기 보조원를 입건해 조사하고 있다,0.4444,0.1746,0.1111,0.2222
korean,p24,u77,전남경찰청은 칠 일 순천의 한 골프장 경기 보조원 에이 씨를 업무상과실치사 혐의로 입건해 조사하고 있다고 밝혔다,0.7097,0.2097,0.1935,0.3387
korean,p24,u78,에이 씨는 순천의 한 골프장 연못에 빠져 숨진 오십 대 골퍼 비 씨 사고와 관련해 비 씨에게 위험성을 경고하지 않은 혐의를 받고 있다,0.7297,0.1622,0.1081,0.2973
korean,p24,u79,에이 씨는 비 씨가 골프공을 줍기 위해 일행과 떨어져 홀로 연못 쪽으로 향하는데도 만류하지 않았고 안전 관리도 소홀히 한 혐의로 조사를 받고 있다,0.5679,0.2469,0.2716,0.3457
korean,p24,u80,앞서 경찰은 연못 주변에 울타리가 설치되지 않은 점 등 시설물 안전 조치가 충분하지 않았다며 골프장 안전 담당자 한 명을 입건해 조사하고 있다,0.3797,0.2025,0.1519,0.2405
korean,p24,u81,경찰은 골프장 내 사고 예방 조치가 전반적으로 소홀했던 것으로 보고 중대재해처벌법상 중대시민재해에 해당하는 여부를 검토하고 있다,0.6338,0.169,0.1549,0.338
korean,p24,u82,지난 사 월 이십 칠 일 오전 여덟 시 오십 일 분쯤 전남 순천의 한 골프장에서 오십 대 여성 골퍼가 울타리가 없는 연못에서 공을 주우려다 삼 미터 깊이의 연못에 빠져 숨졌다,0.4948,0.0825,0.0619,0.1856
korean,p24,u83,한국토지주택공사가 무주택 세대 구성원이면 누구나 신청할 수 있는 전세형 주택 구백 삼십 구 호에 대한 청약 접수를 삼십 일 일부터 실시한다고 밝혔다,0.6951,0.1341,0.122,0.2439
korean,p24,u84,전세형 주택은 시중 전세 시세 팔십 퍼센트 이하 수준인 임대료를 최대 팔십 퍼센트까지 보증금으로 책정해 입주자의 월 임대료 부담을 낮춘 임대주택이다,0.5854,0.122,0.0854,0.2561
korean,p24,u85,무주택 세대 구성원 요건을 충족하는 경우에 기본 사 년 입주 대기자가 없을 땐 이 년 연장까지 가능해 최장 육 년 거주할 수 있는 것이 특징이다,0.55,0.0875,0.075,0.2625
korean,p24,u86,목돈 마련이 어려운 경우에는 보증금을 낮추고 월 임대료를 높이는 보증금 전환제도를 이용할 수 있다,0.5185,0.1481,0.1111,0.2593
korean,p24,u87,이번에 공급하는 구백 삼십 구 호는 건설임대주택 삼백 구십 구 호 매입임대주택 오백 사십 호로 서울 및 경기 지역에 위치한다,1.0,0.1159,0.0725,0.1159
korean,p24,u88,청약신청은 엘에이치청약센터 홈페이지에서 이날부터 공급권역별로 신청 할 수 있으며 당첨자는 계약 체결 후 내년 삼 월부터 입주할 수 있다,0.4533,0.1067,0.1067,0.2933
korean,p24,u89,경쟁이 발생하는 경우 소득수준에 따른 순위로 당첨자를 선정하며 동일 순위에서는 전산 추첨결과에 따른다,0.5179,0.0893,0.1964,0.2321
korean,p24,u90,길거리에서 조그마한 강아지의 목줄을 들어 올려 공중에서 빙빙 돌리던 남성과 학대당하던 반려견의 근황이 전해졌다,0.6066,0.2131,0.2131,0.3115
korean,p24,u91,이십 일 동물권단체 케어에 따르면 강아지 요요라는 불린 한 살짜리 말티즈견 다롱이가 새 가족을 찾았다,0.6786,0.1429,0.1071,0.4107
korean,p24,u92,케어는 지난 십 일 구조한 다롱이의 사연을 공개하고 전국에서 입양 신청을 받았다,0.5,0.1818,0.25,0.2955
korean,p24,u93,약 구십 건의 신청 중 다롱이에게 가장 적합하다고 판단한 경기도 용인시에 사는 삼십 대 부부의 집에 입양을 결정했다,0.6719,0.2031,0.2812,0.3125
korean,p24,u94,전원주택에 살고 있어 다롱이가 마음껏 뛰어놀 수 있고 기존에 키우는 다른 말티즈 한 마리가 있어 다롱이가 외롭지 않을 거라 판단했다고 한다,0.5195,0.1299,0.1688,0.1818
korean,p24,u95,케어는 반려견을 마치 장난감처럼 다루는 동영상이 온라인에 확산하자 서울 은평구에 사는 남성 에이 씨를 지난 십 일 찾아갔다,0.5735,0.0441,0.0441,0.1912
korean,p24,u96,에이 씨는 케어 측이 학대 영상을 보여주자 허허 웃으며 앞에서 강아지를 빙빙 돌리는 모습을 반복하기도 했다,0.5085,0.1017,0.0678,0.2542
korean,p24,u97,케어 활동가들은 한 시간 넘게 길거리에서 에이 씨가 개의 소유권을 포기하도록 설득했고 결국 포기 각서를 받았다,1.0,0.2459,0.1475,0.2951
korean,p24,u98,한편 케어는 에이 씨를 동물보호법 위반 혐의로 경찰에 신고했고 서울 은평경찰서는 혐의를 인정해 에이 씨를 지난 십 사 일 검찰에 송치했다,0.6974,0.0789,0.1316,0.1447
korean,p24,u99,미국의 한 사십 대 남성이 복권 판매 점원의 실수로 백 만 달러에 당첨되는 행운을 안게 됐다,0.549,0.2157,0.1176,0.3333
korean,p26,u00,온라인에서 주식 투자 고수 행세를 하던 삼십 대 여성이 백 육십 억 원을 가로챈 혐의로 실형을 받았다,0.5893,0.1964,0.125,0.2857
korean,p26,u01,십 일 일 법조계 등에 따르면 대구지법은 이날 특정 경제 범죄 가중 처벌에 관한 법률 위반 등의 혐의로 기소된 에이 씨에게 징역 팔 년을 선고했다,1.0,0.0864,0.1111,0.3333
korean,p26,u02,지난 이천 십 오 년 삼 월부터 에이 씨는 자신의 에스엔에스에 수백 만 원에서 수천 만 원에 달하는 수익을 얻은 사진을 허위로 올렸다,0.6351,0.1486,0.1351,0.4054
korean,p26,u03,또 고급 외제차 명품 등의 사진을 올리며 호화생활을 하는 이미지를 쌓아 투자자 사이에서 신의 타점이라고 불리기도 했다,0.5385,0.1385,0.1077,0.3077
korean,p26,u04,에이 씨는 주식 투자 명목으로 투자자 사십 사 명을 모아 백 육십 일 억 원을 가로채고 투자 강연 명목으로 백 오십 사 명으로부터 오 억 여원을 받은 혐의로 재판에 넘겨졌다,0.5521,0.1771,0.125,0.2083
korean,p26,u05,재판부는 피고인은 주식 투자 능력이 뛰어난 것처럼 투자 수익과 잔고 증명 등을 조작한 허위 자료를 만들어 피해자들을 속였다며 징역 팔 년을 선고했다,0.7439,0.1707,0.061,0.3902
korean,p26,u06,양형에 대해서는 다수의 피해자들이 엄벌을 탄원하는 점 범행을 부인하고 잘못에 대해 진지한 반성의 태도를 보이지 않는 점 등을 종합했다고 설명했다,0.575,0.1,0.0375,0.25
korean,p26,u07,또 형사배상명령을 신청한 피해자 여덟 명의 요구를 받아들여 에이 씨에게 최소 천 만 원에서 최대 일 억 원까지 배상할 것을 명령했다,0.6027,0.2192,0.137,0.3562
korean,p26,u08,신협사회공헌재단이 전북 장수군 지역민들을 대상으로 의료봉사를 실시했다고 이십 구 일 밝혔다,0.54,0.18,0.14,0.32
korean,p26,u09,지난 이십 오 일부터 이날까지 진행된 이번 의료봉사는 무궁화신협이 주관하고 신협중앙회와 신협사회공헌재단이 후원 경희대 의료봉사단 피닉스가 협력하는 사업이다,0.6744,0.1628,0.1744,0.3372
korean,p26,u10,무궁화신협 임직원과 경희대 의료봉사단원 총 칠십 여명의 봉사자가 참여해 장수군 지역민 약 천 명을 대상으로 무료 진료를 제공했다,0.7183,0.2676,0.2113,0.2676
korean,p26,u11,외과 침구과 보안간호과 주민과 등 총 여덟 개 파트에서 침부항뜸 치료 외용 치료 치매 및 불면증 치료 테이핑 요법 등 맞춤형 진료와 처방을 진행했다,0.7805,0.4268,0.3049,0.4634
korean,p26,u12,신협사회공헌재단은 이천 십 오 년부터 육 년간 도서산간 등 의료 접근성이 낮은 취약지역 내 주민을 대상으로 하계와 동계 연 이 회 한방의료봉사 사업을 실시하고 있다,0.6154,0.1648,0.1758,0.3077
korean,p26,u13,현재까지 전국 십 이 개 지역 내 의료 취약계층 일 만천백칠십삼 명에게 다양한 무료 한방진료를 제공했다,0.7895,0.2982,0.2632,0.4211
korean,p26,u14,경희대 의료봉사단과 신협 임직원으로 구성된 총 육백 칠 명의 자원봉사자가 참여했다,0.6,0.1111,0.0667,0.3111
korean,p26,u15,베이징 동계 올림픽 개막을 하루 앞둔 가운데 베이징은 추가 확진자가 나흘째 한 자릿수를 기록했다,0.434,0.2264,0.1509,0.3774
korean,p26,u16,삼 일 중국 국가위생건강위원회에 따르면 전날 하루 베이징에서는 추가 확진자 두 명이 발생했다,0.7059,0.0196,0.0196,0.1373
korean,p26,u17,베이징에서는 지난달 삼십 일 확진자 세 명이 발생한 이래 삼십 일 일 두 명 이 월 일 일 두 명 이 일 두 명 등 나흘째 추가 확진자 수가 크게 늘지 않고 있다,0.6222,0.0556,0.0778,0.2333
korean,p26,u18,베이징시 당국은 추가 확진자 모두 집중 격리 지역에서 나왔다면서 증상 역시 가벼운 경증 환자들이라고 설명했다,0.7333,0.1,0.1167,0.3833
korean,p26,u19,한편 베이징 동계올림픽을 위해 중국에 온 선수단과 취재진 등 대회 관계자의 코로나 일구 누적 확진자가 이백 삼십 명을 넘어섰다,0.7857,0.1857,0.1286,0.5571
korean,p26,u20,이 일 베이징 동계올림픽 조직위원회에 따르면 전날 하루 동안 동계올림픽 관련 입국자 서른 두 명이 코로나일구 확진 판정을 받았다,0.8873,0.1972,0.1549,0.3521
korean,p26,u21,이에 따라 동계올림픽 관계자에 대한 핵산 검사를 시작한 지난달 이십 삼 일부터 개막식을 사흘 앞둔 전날까지 대회 관련 확진자는 모두 이백 삼십 이 명으로 늘었다,0.7191,0.1685,0.1124,0.3034
korean,p26,u22,동계올림픽 조직위 관계자는 올림픽을 위해 입국한 선수와 관계자들은 폐쇄루프식 관리가 이뤄지고 있다며 외부와의 접촉은 완전히 차단됐다고 설명했다,0.6076,0.2785,0.2278,0.3165
korean,p26,u23,코로나 일구의 엔데믹으로 해외여행이 늘어나자 대표적인 유럽 관광 대국인 스페인에선 호텔 숙박비가 작년 대비 평균 삼십 육 퍼센트 오르는 현상이 나타났다,0.8452,0.1667,0.2738,0.4167
korean,p26,u24,스페인 통계청에 따르면 스페인 현지 호텔의 올해 부활절 전후 하루 평균 숙박비는 구십 육 점 삼 유로로 집계됐다고 로이터 통신이 보도했다,0.8026,0.2895,0.1711,0.3684
korean,p26,u25,이는 전년도 같은 기간보다 삼십 육 퍼센트 비싸고 코로나 일구 유행 전인 이천 십 구 년 사 월보다도 십 오 퍼센트 높은 가격이다,0.6667,0.0833,0.125,0.3056
korean,p26,u26,오 성급 호텔의 하루 평균 숙박비는 약 이백 이십 육 점 오 유로로 작년과 비교해 이십 삼 퍼센트 상승했다,0.8305,0.2373,0.1695,0.3559
korean,p26,u27,이 성급 등 저렴한 호텔들의 하루 평균 숙박비 역시 사십 퍼센트가량 오른 육십 육 유로으로 집계됐다,0.7818,0.2182,0.1636,0.4545
korean,p26,u28,스페인의 호텔 숙박비가 가파르게 상승한 것은 인근 유럽 국가들이 최근 차례로 여행 규제를 완화하면서 관광객 수요가 폭발적으로 증가했기 때문이다,0.6203,0.1392,0.1392,0.2152
korean,p26,u29,올해 삼 사 월 스페인 호텔에 투숙한 관광객 수는 전년도 같은 기간의 다섯 배 이상으로 증가했다,0.6226,0.2075,0.1887,0.434
korean,p26,u30,사 월 한 달간 관광 목적으로 스페인에 입국한 사람의 수는 이천 십 구 년의 팔십 육 퍼센트 수준을 보였다,0.7458,0.1695,0.1695,0.2034
korean,p26,u31,관광객들이 선호하는 일부 섬 등의 방문객 수는 이미 코로나 일구 유행 이전 수준을 회복한 것으로 파악된다고 스페인 통계청은 밝혔다,0.7639,0.2361,0.1111,0.3194
korean,p26,u32,에스케이텔레콤은 이 일 유영상 대표 직속으로 도심항공교통 사업 태스크포스를 구성했다고 밝혔다,0.9412,0.2745,0.4118,0.4706
korean,p26,u33,유에이엠은 전기로 구동하는 수직 이착륙 소형 비행체로 도심에서 승용차로 한 시간 걸릴 거리를 십 에서 이십 분이면 도착할 수 있는 미래 교통수단이다,0.7927,0.378,0.2561,0.3659
korean,p26,u34,에스케이텔레콤에 따르면 이번 티에프 아래에는 사업 인프라 솔루션 서비스 개발을 각각 담당하는 세부 조직 네 개가 마련됐다,0.7164,0.1045,0.194,0.3134
korean,p26,u35,사내에서 기술인프라 전략 사업 개발 파트너십을 담당하는 주요 임원들이 티에프에 배치된 것으로 알려졌다,1.0,0.1964,0.2143,0.375
korean,p26,u36,유영상 대표는 최근 티에프 임원들과 출범 미팅을 열고 올해 사업 전략을 논의했고 티에프 회의를 주 일 회로 정례화하며 사업을 직접 챙기기로 했다,0.7375,0.25,0.1375,0.3875
korean,p26,u37,업계에서는 신규 사업 조직을 씨이오 직속으로 배치한 것은 이례적이라며 유에이엠 사업에 대한 유 대표의 의지가 반영된 것이라는 분석이 나온다,0.6623,0.1169,0.1948,0.3377
korean,p26,u38,국토교통부는 이천 이십 오 년 유에이엠 상용화를 목표로 올해부터 제도 마련과 기술 개발에 본격 나선다,0.7857,0.4464,0.3036,0.5
korean,p26,u39,이천 사십 년까지 국내 유에이엠 시장 규모는 십 삼 조원에 달할 것으로 예상된다,0.7955,0.2727,0.3182,0.4545
korean,p26,u40,에스케이텔레콤의 경쟁사인 케이티는 지난해 십 일 월 대한항공 현대자동차 현대건설 등과 협력체를 구성해 유에이엠 사업에 본격 진출했다,0.9315,0.3973,0.3151,0.4932
korean,p26,u41,한덕수 국무총리가 십 칠 일 밤잠도 잊은 채 무함마드 빈 살만 사우디아라비아 왕세자를 영접했다,0.9038,0.5577,0.4231,0.5769
korean,p26,u42,막대한 오일머니를 쥔 빈 살만 왕세자를 둘러싼 각국의 경쟁이 치열한 상황을 감안해 특급 대우에 나선 셈이다,0.7288,0.339,0.339,0.4237
korean,p26,u43,한 총리는 이날 오전 영 시 삼십 분쯤 경기 성남 서울공항을 통해 입국한 빈 살만 왕세자를 영접했다,0.7636,0.2545,0.3091,0.5273
korean,p26,u44,빈 살만 왕세자는 전날 인도네시아 발리에서 열린 주요 이십 개국 정상회의 일정을 마친 뒤 곧바로 한국을 찾았다,0.7377,0.3934,0.2295,0.4426
korean,p26,u45,통상 외교부 장관이 국빈이나 공식 방문하는 정상급 인사를 맞이하는데 이처럼 총리가 직접 공항에 나가 외국 귀빈을 영접하는 것은 이례적으로 꼽힌다,0.6125,0.2625,0.175,0.3625
korean,p26,u46,한 총리는 같은 날 오전 태국 방콕에서 열리는 아시아 태평아 경제 협력체 참석을 위해 출국이 예정돼 있었다,1.0,0.2373,0.1864,0.4237
korean,p26,u47,한 총리가 바쁜 새벽 일정을 소화한 것은 빈 살만 왕세자의 방한에 남다른 의미가 있기 때문이다,0.7885,0.4231,0.2885,0.5385
korean,p26,u48,사우디아라비아의 실세인 빈 살만 왕세자는 총사업비가 오천 억 달러에 달하는 메가 프로젝트 네옴시티 사업을 주도하고 있다,0.7121,0.3182,0.2727,0.4242
korean,p26,u49,해당 사업을 두고 글로벌 수주 경쟁이 벌어지고 있는 가운데 우리 정부도 각별히 신경을 쓰지 않을 수 없는 상황이다,0.4921,0.1111,0.0952,0.1746
korean,p26,u50,이번 방한이 당일치기였다는 점에서 주어진 시간 동안 정부의 극진한 환대를 위해 한층 격을 높일 필요가 있었다는 해석이 나온다,0.7681,0.4203,0.3188,0.4783
korean,p26,u51,문재인 정부 때인 이천 십 구 년 육 월 빈 살만 왕세자 방한 당시에도 이낙연 총리가 공항에 나가 영접했었다,0.7333,0.2,0.1833,0.45
korean,p26,u52,총리실 관계자는 사우디아라비아가 경제와 안보 측면에서 각별한 의미를 지닌 중요한 국가인 만큼 관례 등을 고려해 결정한 것이라고 설명했다,0.7467,0.24,0.3467,0.5067
korean,p26,u53,제 사십 사 회 충무기 전국 중고등학생 사격대회가 지난 오 일부터 팔 일까지 경북 포항 실내 사격장에서 성황리에 개최됐다,0.791,0.2836,0.3582,0.597
korean,p26,u54,이번 대회는 사회적 거리두기 해제 이후 전체 관중이 참여해 치러진 첫 대회로 전국에서 백 삼십 개 팀 천 백 칠십 명의 선수단이 참가했다,1.0,0.1579,0.1974,0.4211
korean,p26,u55,공기 소총과 공기 권총 두 개 종목 및 여덟 개 세부종목에서 단체 및 개인경기에서 대결을 펼쳤다,0.6604,0.434,0.1887,0.5094
korean,p26,u56,공기 권총 종목 남고 단체부문에서는 전북체고가 일 위 안남고가 이 위 환일고가 삼 위를 차지했으며 개인전에서는 전북체고의 정우진이 정상에 올랐다,0.775,0.4375,0.425,0.55
korean,p26,u57,여고 단체부는 전남체고가 일 위 충남체고가 이 위 부산영상예고가 삼 위를 차지했고 개인전은 강원체고의 이보은이 일 위의 영예를 안았다,0.7838,0.3919,0.3649,1.0
korean,p26,u58,공기 권총 남중 단체부문은 광주체중이 일 위 복대중이 이 위 선유중이 삼 위에 올랐으며 개인전 일 위는 천남중의 이태경이 차지했다,0.8472,0.5556,0.3611,0.6528
korean,p26,u59,여중 단체부는 서산여중 엄사중 정선중이 각각 일 위 이 위 삼 위를 기록했으며 여중 개인전 일 위는 서산여중의 김연우가 차지했다,1.0,0.493,0.3803,0.5211
korean,p26,u60,공기소총 종목 남고 단체부문은 한광고가 일 위 인천체고가 이 위 울산상고가 삼 위를 차지했으며 개인전 일 위는 한광고 출신의 방승호가 차지했다,0.8987,0.443,0.4051,0.557
korean,p26,u61,여고 단체부문은 경북체고가 일 위 울산여상이 이 위 천안여고가 삼 위를 기록했으며 개인전 일 위는 대구체고의 이영은이 올랐다,0.7246,0.4203,0.3623,0.4203
korean,p26,u62,공기 소총 남중 단체부문은 경북체중이 일 위 한광중이 이 위 매천중이 삼 위를 차지했으며 개인전 일 위는 성원중의 하세민이 등극했다,0.9041,0.4932,0.4247,0.5342
korean,p26,u63,여중 단체부문은 경북체중이 일 위 동원중이 이 위 매천중이 삼 위를 차지했고 개인전 일 위는 경북체중의 구예담이 차지했다,1.0,0.3284,0.3582,0.5821
korean,p26,u64,전 세계 주요 가상 화폐 거래소가 최근 폭락한 한국산 코인 테라와 루나의 거래 중단 또는 상장 폐지 조치에 나섰다고 블룸버그가 십 삼 일 보도했다,0.7778,0.2716,0.3457,0.3704
korean,p26,u65,보도에 따르면 대형 가상 화폐 거래소 오케이엑스는 테라폼랩스가 발행하는 테라와 루나는 물론이고 테라 블록체인 기반의 앵커와 미러의 모든 거래를 종료시켰다,0.6941,0.4,0.2235,0.3882
korean,p26,u66,또 다른 암호 화폐 거래소 에프티엑스는 이와 관련된 파생 상품을 상장 폐지했고 크립토닷컴도 루나 앵커 미러 거래를 중지시켰다,1.0,0.3768,0.2464,0.5797
korean,p26,u67,미국 최대의 가상 화폐 거래소 코인베이스도 이십 칠 일부터 거래 정지에 나선다고 블룸버그 통신은 전했다,0.5614,0.1579,0.2456,0.2632
korean,p26,u68,앞서 자오창펑 바이낸스 최고 경영자는 전날 테라폼랩스의 대응을 문제삼으며 테라와 루나의 거래를 중단시켰다,0.7759,0.3276,0.3276,0.6207
korean,p26,u69,그는 테라폼랩스가 테라의 가격이 일 달러 밑으로 떨어지자 대량으로 찍어낸 루나로 테라를 사들여 가격을 인위적으로 부양시키려했다는 취지로 비판했다,0.725,0.3125,0.2125,0.45
korean,p26,u70,바이낸스를 포함해 오케이엑스 코인베이스는 모두 테라에 투자한 세력들이기도 하다,0.9302,0.3721,0.3721,0.6279
korean,p26,u71,한편 이날 월스트리트저널은 위험 자산에 대한 우려가 커지면서 글로벌 가상 화폐 시가 총액이 불과 육 개월만에 일 조 달러 이상 증발했다고 보도했다,0.5185,0.2346,0.2593,0.2963
korean,p26,u72,비트코인과 이더리움은 지난해 십 일 월 각각 육만 칠천 팔백 이 점 삼 공 달러 사천 팔백 달러로 사상 최고치를 기록했으나 현재 오십 팔 퍼센트 육십 퍼센트씩 하락한 상태다,0.7188,0.2188,0.1667,0.2708
korean,p26,u73,에스케이바이오팜은 뇌전증 치료 혁신 신약 세노바메이트가 프랑스에서 발매 허가를 받았다고 구 일 밝혔다,1.0,0.3571,0.3929,0.5536
korean,p26,u74,이로써 유럽 오 대 경제대국인 독일 영국 이탈리아 스페인 프랑스 출시에 성공했다,0.7273,0.1136,0.1364,0.2045
korean,p26,u75,세노바메이트는 지난해 삼 월 유럽연합 집행위원회의 판매 승인을 획득한 후 온투즈리라는 제품명으로 유럽 시장에 본격적으로 진출했다,1.0,0.2394,0.2676,0.3239
korean,p26,u76,같은 해 육 월 에스케이바이오팜의 파트너사 안젤리니파마는 온투즈리를 유럽 최대 제약 시장인 독일에서 처음 발매했다,0.7937,0.2857,0.2857,0.5238
korean,p26,u77,세노바메이트는 독일을 시작으로 일 년 육 개월 만에 유럽 주요 오 대 시장으로 영역을 확대하게 됐다,0.6182,0.1818,0.1455,0.2909
korean,p26,u78,이들의 뇌전증 시장 규모는 약 십 칠 억달러에 달하며 이는 유럽 전체의 칠십 삼 퍼센트에 해당한다,0.7593,0.2037,0.1667,0.4444
korean,p26,u79,이번 프랑스 출시로 온투즈리는 현재까지 유럽 내 총 십 오 개 국가에서 발매가 진행 중이다,0.66,0.26,0.08,0.4
korean,p26,u80,에스케이바이오팜은 온투즈리의 유럽 판매 확대로 안젤리니파마로부터 판매 로열티 및 매출 실적과 연계된 마일스톤 수익 확보를 기대할 수 있을 것이라고 전했다,0.7765,0.3529,0.2588,0.4824
korean,p26,u81,한편 에스케이바이오팜은 최근 세노바메이트 단일 제품만으로 일 억 불 수출의 탑을 수상했다,0.8571,0.3061,0.2857,0.5102
korean,p26,u82,지난해 칠 월 일 일부터 올해 육 월 삼십 일까지 일 년간 대미 대유럽 수출액 일 억 달러를 돌파한 데 따른 것이다,0.5781,0.125,0.0469,0.3125
korean,p26,u83,세노바메이트는 이천십구 년 미국 식품의약국 시판 허가를 받아 미국에서는 엑스코프리라는 제품명으로 판매되고 있다,0.8033,0.3115,0.2131,0.4098
korean,p26,u84,전남 구례군청 여자 씨름단 엄하진 선수가 이천 이십 이 년 강릉 단오장사 씨름대회에서 우승을 차지하며 시즌 이 관왕에 올랐다,0.7391,0.3188,0.2754,0.4638
korean,p26,u85,군에 따르면 육 월 일 일 여자부 국화급 결승전에서 엄하진 선수는 안산시청 김다혜 선수를 상대로 이 대 일 역전승을 거두며 황소 트로피를 품에 안았다,0.7108,0.4819,0.3494,0.5663
korean,p26,u86,엄하진 선수는 삼 월 달에 열렸던 이천 이십 이 거제장사 씨름대회 우승에 이어 시즌 두 번째 장사 타이틀을 손에 넣으며 개인통산 여섯 번째 국화장사에 등극했다,0.7841,0.2386,0.2614,0.5114
korean,p26,u87,엄하진 선수는 사 강전에서 같은 팀 소속인 이세미 선수와 맞붙어 들배지기와 잡채기로 이 대 영 승리를 거두어 결승에 올랐다,0.7206,0.4559,0.3382,0.5
korean,p26,u88,결승전 첫 번째 판에서 엄하진 선수는 김다혜 선수의 안다리 기술에 걸려 선점을 내줬다,0.6383,0.1702,0.1702,0.4681
korean,p26,u89,그러나 경고를 한 개 받은 불리했던 상황 속에서 연장전 경기종료 칠 초를 남겨두고 잡채기 기술을 완벽히 성공시키면서 두 번째 판을 가져갔다,0.5844,0.1818,0.1429,0.2078
korean,p26,u90,마지막 판에서는 배지기와 밀어치기를 연계한 기술로 김다혜 선수를 무너뜨리며 이 대 일 역전승을 거뒀다,0.5714,0.2679,0.1071,0.4464
korean,p26,u91,김순호 구례군수는 이번 대회 우승을 통해 구례군을 빛내주어 고맙다며 앞으로도 선수들이 훈련에만 전념할 수 있도록 다각적인 지원을 아끼지 않겠다고 말했다,0.6905,0.1905,0.1429,0.3929
korean,p26,u92,이는 전년 동기 대비 매출은 이 점 일 퍼센트 증가했지만 영업이익은 이십 사 점 일 퍼센트 감소한 규모다,0.7241,0.0345,0.1207,0.2241
korean,p26,u93,글로벌 공급망 불안정과 러시아의 우크라이나 침공 사태로 인한 원자재 가격 상승 등이 영향을 미치면서 가져온 결과다,0.5238,0.2063,0.127,0.381
korean,p26,u94,업계에선 차량용 반도체 부족 사태가 완화되면 엘지에너지솔루션의 실적도 개선될 것으로 보고 있다,1.0,0.2692,0.2308,0.3269
korean,p26,u95,최근 증권사 열 곳의 분석 보고서의 전망치 평균을 보면 엘지에너지솔루션의 올해 연간 매출은 이십 조 천 억 원 영업 이익은 일 조 원 규모로 추산됐다,0.7952,0.241,0.2289,0.3976
korean,p26,u96,지난해 엘지에너지솔루션의 연간 매출은 십 칠 조 팔천 오백 십 구 억 원 영업이익은 칠천 육백 팔십 오 억 원이었다,0.8125,0.2031,0.2812,0.375
korean,p26,u97,한편 엘지에너지솔루션이 공식 실적 발표 전 분기 잠정 실적을 공개한 것은 이번이 처음이다,0.6735,0.102,0.1837,0.4082
korean,p26,u98,엘지에너지솔루션 측은 투자자 편의를 위해 잠정 실적을 제공한다며 일 분기 공식 실적 발표의 구체적 일정은 추후 공시를 통해 안내할 예정이라고 전했다,0.8049,0.3415,0.2195,0.5
korean,p26,u99,문재인 전 대통령이 이십 삼 일 고 노무현 전 대통령의 고향이자 묘역이 있는 경남 김해시 봉하마을을 찾았다,0.6271,0.339,0.2203,0.5085
korean,p32,u00,경남 사천 상공에서 공군 훈련기 두 대가 충돌해 네 명의 조종사가 순직한 가운데 사고 원인 규명의 핵심이 될 비행 기록 장치가 발견됐다,0.6667,0.1867,0.2667,0.32
korean,p32,u01,삼 일 공군 등에 따르면 공중 충돌로 추락한 공군 훈련기 케이티 다시 일 훈련기 두 대 중 한 대의 블랙박스가 전날 오전 사천 정동면 화암리 인근에서 발견됐다,0.6023,0.1364,0.2045,0.2386
korean,p32,u02,블랙박스라고 불리는 이 비행 기록 장치에는 훈련기 조종사들의 음성과 통신 정보 비행 상황 등의 정보가 담겨 있다,0.629,0.0968,0.0968,0.2097
korean,p32,u03,공군은 수거한 비행 기록 장치의 내용을 분석하는 한편 나머지 한 대의 비행 기록 장치 등 잔해 수색 작업도 이어가고 있다,0.5672,0.1194,0.1194,0.2687
korean,p32,u04,사고 현장인 정동면 일대에 병력 이백 여명을 배치해 잔해 수색을 진행 중이다,0.4762,0.2619,0.0952,0.3095
korean,p32,u05,훈련기가 공중 충돌한 만큼 잔해가 광범위하게 퍼져 있을 것으로 추정된다,0.6154,0.2821,0.1795,0.359
korean,p32,u06,사고기의 잔해도 사고 원인의 중요한 정보를 제공할 수 있어서 찾게 되면 현장을 우선 임시 보존하고 있다,0.3333,0.0526,0.1053,0.1579
korean,p32,u07,앞서 지난 일 일 오후 한 시 삼십 이 분쯤 경남 사천 공군 제 삼 훈련비행단에서 케이티 훈련기 두 대가 훈련 도중 공중에서 충돌했다,0.5676,0.1757,0.1081,0.2432
korean,p32,u08,두 대에는 학생 조종사 두 명과 비행 교수 두 명 등 모두 네 명이 탑승했고 당시 비상 탈출했지만 안타깝게도 모두 순직했다,0.7206,0.1176,0.1176,0.1765
korean,p32,u09,케이티는 국내 기술로 개발된 최초의 국산 훈련기로 이천 년 팔 월부터 실전 배치됐다,0.4783,0.0435,0.1522,0.087
korean,p32,u10,영결식은 사 일 오전 공군 제 삼 훈련 비행단 안창남문화회관에서 비공개로 거행된다,0.8,0.1556,0.2222,0.2889
korean,p32,u11,윤석열 대통령 당선인이 윤석열 정부의 대통령실 비서관급 후속 인선을 이르면 오 일 발표된다,0.58,0.18,0.26,0.24
korean,p32,u12,윤석열 당선인 대변인실 관계자는 빠르면 내일이나 모레 발표한다며 이번에는 서면으로 발표할 예정이라고 말했다,0.4237,0.0339,0.0678,0.2203
korean,p32,u13,앞서 수석급 인사를 장제원 당선인 비서실장이 발표한 것과는 사뭇 다른 모습이다,0.4884,0.2558,0.0698,0.2558
korean,p32,u14,초대 국정상황실장에는 대선 캠페인 과정에서 윤 당선인의 메시지를 총괄했던 한오섭 전 청와대 선임행정관이 유력하게 거론된다,0.5075,0.1642,0.1493,0.3284
korean,p32,u15,정무수석실 산하 정무비서관에는 홍지만 전 의원이 홍보수석실 산하 홍보기획비서관에는 최영해 동아일보 부국장이 하마평에 올랐다,0.5147,0.2941,0.3088,0.3088
korean,p32,u16,법률비서관에는 주진우 변호사 의전비서관은 김일범 당선인 보좌역이 사실상 내정된 것으로 알려졌다,0.8269,0.2692,0.1923,0.3269
korean,p32,u17,앞서 윤 당선인은 지난 일 일 이 실 오 수석의 대통령실 수석급 인선을 발표했다,0.5909,0.1591,0.1136,0.1818
korean,p32,u18,오는 육 일 대통령직인수위원회 해촉식을 앞둔 만큼 윤석열 정부의 공식 출범 준비 작업은 이번 주 마무리될 전망이다,0.5079,0.0794,0.1587,0.1746
korean,p32,u19,검찰이 이재명 더불어민주당 대표의 최측근인 정진상 민주당 당대표 정무조정실장을 십 오 일 소환했다,0.3148,0.1111,0.1111,0.2037
korean,p32,u20,야당은 엉터리 수사라며 반발했지만 검찰은 타협은 없다며 이 대표 주변에 대한 강도 높은 사정을 예고했다,0.5439,0.1053,0.1228,0.2105
korean,p32,u21,서울중앙지검 반부패수사 일 부는 이날 오전 정 실장을 피의자 신분으로 불렀다,0.5952,0.0714,0.1429,0.1429
korean,p32,u22,정 실장은 서울 서초구 서울중앙지검 로비에 대기 중인 취재진을 피해 이른 아침 검찰에 출석했다,0.4808,0.2692,0.1538,0.2308
korean,p32,u23,검찰은 정 실장을 상대로 유동규 전 성남도시개발공사 기획본부장 등에게 금품을 받은 배경 등을 캐물은 것으로 알려졌다,0.4219,0.0625,0.125,0.0938
korean,p32,u24,또 정 실장과 김용 민주연구원 부원장 유 전 본부장 등 이 대표 측근 삼 인의 몫으로 알려진 대장동 수익금 사백 이십 팔 억 원의 지분 관계도 질문한 것으로 전해졌다,0.5,0.0652,0.0761,0.1304
korean,p32,u25,검찰 관계자는 압수 수색을 통해 유의미한 내용을 확인했으며 앞으로도 타협은 없다고 밝혔다,0.5102,0.102,0.102,0.102
korean,p32,u26,정 실장은 이천 십 삼 에서 이천 이십 년 경기 성남시 정책비서관 경기도 정책실장을 지내며 유 전 본부장 등으로부터 일 억 사천 만 원을 수수한 혐의를 받고 있다,0.6889,0.0889,0.1222,0.1889
korean,p32,u27,또 증거 인멸 교사와 부정처사후수뢰 부패방지법 위반 혐의도 받고 있다,0.4737,0.3158,0.3158,0.2632
korean,p32,u28,검찰은 조만간 정 실장 신병 확보에 나서는 한편 정치적 공동체로 규정한 이 대표의 연루 여부도 수사할 것으로 보인다,0.5312,0.1719,0.1875,0.2188
korean,p32,u29,민주당은 범죄 혐의로 기소된 자의 일방적 진술에만 의존하는 엉터리 수사라고 반발했다,0.7391,0.1304,0.1087,0.2174
korean,p32,u30,반면 검찰 관계자는 민주당이 엄희준 강백신 부장검사를 피의사실 공표 혐의로 고위공직자범죄수사처에 고발한 데 대해 구체적 근거가 없다며 유감을 나타냈다,0.7108,0.1446,0.1446,0.3133
korean,p32,u31,전북 익산시는 케이티엑스 익산역 철도 이용객 편의를 위해 역골 공영주차장 백 칠십 이 면을 조성했다고 십 사 일 밝혔다,0.6515,0.1364,0.0909,0.1515
korean,p32,u32,익산시는 총사업비 사십 억 원을 투입해 송학동 팔십 오 다시 오 일원에 공영주차장을 조성해 역골 주차장 이용객과 지역 주민들의 편의를 제공한다,0.6076,0.1519,0.1519,0.1519
korean,p32,u33,이번 공영주차장 조성을 위해 지난 이천 이십 년 십 이 월 송학동 역골지구 장기미집행 시설인 완충 녹지를 주차장으로 도시 계획 시설로 변경했다,0.6329,0.2025,0.1392,0.2025
korean,p32,u34,이후 지난해 구 월 사업시행계획인가 고시를 통한 잔여 부지 매입을 통해 공사를 진행완료했다,0.54,0.18,0.22,0.2
korean,p32,u35,주차장 진입 도로변의 불법 주정차 방지 및 원활한 차량 흐름을 위해 무인단속카메라를 설치하고 대리주차 서비스도 같이 진행될 예정이다,0.5479,0.1233,0.1781,0.3151
korean,p32,u36,역골 주차장은 준공 후 무료 개방 등 시범 운영을 거쳐 사 월부터 유료화 추진 등 본격 운영될 계획이다,0.6842,0.2105,0.193,0.3509
korean,p32,u37,또한 역골 주차장 본격 운영에 발맞추어 인근에 약 백 면 정도의 임시 주차장을 동시 운영할 방침이다,0.6,0.3818,0.2909,0.4182
korean,p32,u38,익산시는 케이티엑스 익산역 주차난 해소뿐만 아니라 노후화된 역세권 주거 지역과 쇠퇴한 상권 활성화 등을 기대하고 있다,0.7846,0.1385,0.1385,0.3385
korean,p32,u39,지난 팔 일 발생한 미국 해병대 수직 이착륙 수송기 엠브이 다시 이십 이 비 오스프리 추락 사고 희생자 다섯 명 중에 전직 유명 야구 선수 아들이 포함된 것으로 확인됐다,0.5426,0.1383,0.1489,0.2234
korean,p32,u40,십 일 일 로스앤젤레스타임스에 따르면 엘에이 다저스 선수이었던 스티브 색스의 아들 존 제이 색스 대위가 이번 사고로 사망했다,0.5362,0.1594,0.2319,0.2899
korean,p32,u41,제 삼 해병 비행단 소속 오스프리 수송기는 캘리포니아주 임페리얼 카운티에서 훈련 도중 추락해 색스 대위와 승무원 네 명이 사망했다,0.5,0.1667,0.1667,0.3472
korean,p32,u42,오스프리는 헬리콥터처럼 수직 이착륙하고 이륙 뒤에는 로터를 회전해 비행기처럼 고속으로 날아갈 수 있는 항공기다,0.5246,0.1475,0.1803,0.2787
korean,p32,u43,스티브 색스는 어릴 때부터 아들은 조종사가 되려 했으며 비행은 아들의 꿈이었다며 아들이 내 아들로 불리는 것이 자랑스럽다,0.2985,0.0448,0.0746,0.0746
korean,p32,u44,아들은 나의 영웅이었고 내가 아는 최고의 인물이라고 씨비에스 뉴스에 발표한 성명에서 밝혔다,0.62,0.18,0.16,0.12
korean,p32,u45,스티브 색스는 펀 구백 팔십 일 년부터 천 구백 팔십 팔 년까지 엘에이 다저스에서 이 루수로 활약하며 월드시리즈에 두 차례 진출했다,0.6575,0.0959,0.1233,0.1096
korean,p32,u46,경북 영천시는 이천 이십 일 년 하반기 고용률 육십 칠 점 삼 퍼센트로 사 년 연속 경북 시 가운데 일 위를 차지한 것으로 조사됐다,0.6986,0.1233,0.0822,0.2603
korean,p32,u47,지난 이십 이 일 통계청이 발표한 이천 이십 일 년 하반기 지역별 고용조사에서 영천시 취업자 수는 육만 이백 명 고용률은 육십 칠 점 삼 퍼센트로 전년 동기보다 영 점 구 퍼센트 상승했다,0.5673,0.0865,0.0577,0.2115
korean,p32,u48,실업률은 일 점 구 퍼센트로 전년 동기보다 영 점 팔 퍼센트 하락해 코로나 일구 고용 위기 속에서도 일자리 창출 성과를 달성한 것으로 나왔다,0.6923,0.0385,0.0897,0.1282
korean,p32,u49,모든 연령층에서 고용률 상승세를 보였으며 특히 청년층 고용률은 경북도 내 시 가운데 사십 점 칠 퍼센트라는 최고 수치를 기록했다,0.3099,0.0563,0.0986,0.0845
korean,p32,u50,또 이천 이십 일 년 상반기 대비 고용률은 일 점 삼 퍼센트 상승했고 실업률도 영 점 삼 퍼센트 상승했다,1.0,0.1724,0.1207,0.2931
korean,p32,u51,이는 영천시가 어려운 여건 속에서도 다양한 일자리 사업과 적극적인 기업 지원 정책을 시행한 효과가 나타난 것으로 보고 있다,0.5588,0.0147,0.0147,0.0735
korean,p32,u52,영천시는 경북도에서 주관한 이천 이십 일 년 일자리 창출 추진 실적 평가에서 최우수상을 수상해 이 년 연속 우수기관으로 선정됐다,0.6901,0.1408,0.2113,0.2676
korean,p32,u53,해양 플라스틱 자원 순환 사업을 벌이고 있는 여수광양항만공사는 부두 내 차량 사고 예방을 위해 차선 규제 블럭 백 개를 제작했다고 십 사 일 밝혔다,0.5976,0.1829,0.1463,0.2683
korean,p32,u54,여수광양항만공사에 따르면 플라스틱으로 제작된 차선 규제 블럭을 광양항 케이아이티 부두와 지더블유씨티 부두 내 충돌 사고 위험 구간에 설치했다,0.6795,0.4231,0.359,0.3846
korean,p32,u55,공사에서는 해양 플라스틱 수거 및 자원 순환 사업을 추진해오면서 선박을 고정하는 밧줄과 일반 플라스틱 등을 활용한 리사이클 제품 제작을 고민해 왔다,1.0,0.122,0.0976,0.1463
korean,p32,u56,이 과정에서 부두 내에서 화물차에 의한 근로자 인명 피해가 자주 발생한다는 것에 착안해 차선 규제 블럭을 제작하게 됐다,0.3939,0.1667,0.1667,0.2424
korean,p32,u57,최근에는 해양 플라스틱 리사이클 원단을 활용한 유명 패션 브랜드 제품들이 출시되는 등 성공적으로 이 사업이 운영 중에 있다,0.4559,0.0294,0.1176,0.1471
korean,p32,u58,박성현 여수광양항만공사 사장은 해양 플라스틱 리사이클 차선 규제 블럭은 항만 내 근로자들의 안전과 해양 환경을 동시에 지킬 수 있는 의미있는 제품이라고 강조했다,0.7528,0.1348,0.2022,0.236
korean,p32,u59,블라디미르 푸틴 러시아 대통령은 구 일 전승절 행사에서 우크라이나 전쟁이 이 차 대전의 연장이며 우크라이나군은 나치란 허위 주장을 반복했다,0.5195,0.1299,0.1688,0.2597
korean,p32,u60,붉은광장에서 열린 행사 연설에서 푸틴은 서방이 러시아 침공을 준비했다며 군사작전은 불가피하고 시의적절하며 적확한 결정이었다고 주장했다,0.6081,0.1757,0.1622,0.2297
korean,p32,u61,교착 상태에 빠진 우크라이나 전쟁을 탈나치 명분을 내세워 정당화하려는 의도로 보인다,0.8043,0.2174,0.3043,0.413
korean,p32,u62,행사에 맞춰 러시아군은 우크라이나 마리우폴의 아조우스탈 제철소에 폭격을 재개했다,0.7045,0.1818,0.0909,0.25
korean,p32,u63,러시아는 나치 독일이 항복한 이날을 국가적 행사로 기념하고 있으나 푸틴은 이를 정치 행사로 이용해 왔다,0.4737,0.1579,0.2105,0.1228
korean,p32,u64,이번에도 그는 러시아에 승리를 만세를 외치며 전쟁이 끝나지 않았다는 메시지를 통해 국민 지지를 끌어내려 했다,0.4667,0.0333,0.1167,0.1167
korean,p32,u65,이에 젤렌스키 우크라이나 대통령은 나치 범죄를 따라 하는 푸틴은 실패할 것이라고 목소리를 높였다,0.4528,0.1321,0.1132,0.2264
korean,p32,u66,이번 전승절 행사는 칠십 일 넘게 계속되는 우크라이나 전쟁의 향배를 가를 행사로 전 세계 주목을 받았다,0.4737,0.1228,0.1228,0.193
korean,p32,u67,하지만 푸틴은 침략 정당화에 연설의 많은 시간을 할애하면서 당초 예상과 달리 특별한 메시지는 내지 않았다,0.569,0.2414,0.1897,0.3276
korean,p32,u68,푸틴이 지금까지의 제한전이 아닌 전면전을 선언하고 국가동원령을 내릴 경우 상황은 통제 불능에 빠져들 수도 있었다,0.4839,0.0968,0.0806,0.2097
korean,p32,u69,물론 푸틴은 휴전도 시사하지 않아 우크라이나 사태가 장기화할 불안감은 여전하다,0.5349,0.186,0.186,0.1628
korean,p32,u70,특히 서방도 물러서지 않고 제재 강도를 높이고 있어 언제든 상황은 악화할 수 있다,0.2,0.0889,0.0889,0.1111
korean,p32,u71,주요 칠 개국 정상들은 하루 앞서 러시아산 원유 금수를 약속했고 유럽연합은 구체적 논의에 들어간 상태다,0.6491,0.1228,0.1579,0.2632
korean,p32,u72,하지만 이유는 분명치 않으나 실패를 용인하지 않는 푸틴이 전면전 카드를 꺼내지 않으면서 당장 주변국 확전 등 최악의 상황은 피할 수 있게 됐다,0.3924,0.1013,0.0886,0.1772
korean,p32,u73,서방 견제를 위한 핵 전쟁 지휘통제기의 공개도 기상악화를 이유로 하지 않았다,0.3571,0.0714,0.2857,0.1429
korean,p32,u74,푸틴의 출구 전략 찾기로 해석하기엔 이르지만 그럴 가능성이 생긴 것만 해도 긍정적이다,0.5319,0.2979,0.2766,0.3404
korean,p32,u75,섣부른 기대를 할 것은 아니나 우크라이나 사태의 분기점이 마련되었으면 하는 바람이다,0.4348,0.2609,0.1304,0.3913
korean,p32,u76,식당에서 갑자기 쓰러진 심정지 환자의 심장을 다시 뛰게 한 시민들에게 소방이 하트세이버를 수여했다,0.5,0.2407,0.2593,0.2407
korean,p32,u77,광주 광산소방서는 성경환 김현수 김경민 씨에게 하트세이버 인증서와 배지를 수여했다고 십 칠 일 밝혔다,0.5,0.1607,0.2321,0.3393
korean,p32,u78,하트세이버는 심정지 또는 호흡 정지로 생사의 갈림길에 선 응급 환자를 심폐 소생술 등 적극적인 응급 처치로 생명을 구한 사람에게 인증서를 수여하는 제도다,0.6118,0.2,0.2235,0.3412
korean,p32,u79,이들은 지난해 십 이 월 십구 일 운남동의 한 식당에서 시민이 쓰러진 것을 보고 신속하게 일일구 에 신고하고 심폐 소생술을 실시했다,0.6986,0.1233,0.0685,0.3014
korean,p32,u80,신고를 받고 도착한 구급대는 제세동기 실시 및 전문 소생술을 진행했고 현장에서 자발순환회복 돼 병원 이송됐다,0.7333,0.15,0.1667,0.25
korean,p32,u81,성경환 씨는 사람이 쓰러지는 소리를 듣고 순간 본능적으로 움직였던 것 같다며 한 생명을 구할 수 있어서 다행이다고 말했다,0.8209,0.1642,0.1493,0.2239
korean,p32,u82,한편 지난해 광산 소방서 하트세이버는 소방 공무원 사십 육 명 일반인 다섯 명으로 총 열 한 명의 심장을 다시 뛰게 만들었다,0.5797,0.1884,0.1304,0.2464
korean,p32,u83,아시아와 유럽을 가장 빨리 잇는 유럽 대표 항공사 핀에어가 이천 이십 삼 년 일 월부터 인천 헬싱키 노선을 주 칠 회로 증편 운항한다고 밝혔다,0.557,0.2152,0.1646,0.2658
korean,p32,u84,십 구 일 핀에어에 따르면 인천 헬싱키 노선은 인천 국제공항에서 매일 이십 삼 시 오 분 출발해 헬싱키 반타 국제공항에 오전 여섯 시 오 분 도착한다,0.6747,0.0964,0.0964,0.2048
korean,p32,u85,해당 노선에는 핀에어 최신 항공 기종이자 탄소 절감에 기여할 수 있는 에이 삼백 오십 이 투입된다,1.0,0.1111,0.1111,0.3333
korean,p32,u86,핀에어는 이와 함께 국내 열 한 개 여행사와 협력해 북유럽 팔 일 여행 상품을 선보인다,0.8125,0.0625,0.1667,0.2292
korean,p32,u87,여행객들은 여행지까지 인천 헬싱키 핀에어 직항편을 이용해 쾌적한 비행을 즐길 수 있다,0.617,0.1702,0.1277,0.2128
korean,p32,u88,해당 상품 일정에는 오로라 헌팅과 북극 열차 탑승 등 북극권에서 즐길 수 있는 이색적인 경험이 포함된다,0.5439,0.1053,0.1579,0.1404
korean,p32,u89,스톡홀름 노르웨이 등 주요 북유럽 국가에 집중해 여유로운 일정을 구성한 것 또한 장점이다,0.5306,0.2857,0.2245,0.2449
korean,p32,u90,특히 북극 여행에서 가장 유명한 프로그램인 오로라 헌팅은 노르웨이 트롬쇠에서 진행된다,0.7234,0.1064,0.1489,0.1915
korean,p32,u91,트롬쇠는 오로라를 볼 수 있는 가장 대표적인 도시로 겨울에도 상대적으로 춥지 않아 많은 여행객의 사랑을 받는 곳이다,0.375,0.0781,0.0625,0.1562
korean,p32,u92,해당 상품은 국내 북유럽 상품을 판매하는 여행사를 통해 이천 이십 삼 년 삼 월 말까지 예약 및 구매 가능하다,0.7869,0.1311,0.2295,0.2459
korean,p32,u93,핀에어 한국 지사장 김동환은 앤데믹과 겨울 방학 성수기에 힘입어 인천 헬싱키 노선 주 칠 일 운항을 재개하게 돼 무척 기쁘다,0.7101,0.4493,0.3913,0.5652
korean,p32,u94,앞으로도 더 많은 승객에게 아시아와 유럽을 잇는 폭 넓은 네트워크를 제공할 수 있도록 노력하겠다고 말했다,0.4828,0.069,0.0862,0.1207
korean,p32,u95,금융 감독원이 상호금융권의 과도한 수신 경쟁 자제를 요구하고 나섰다,0.5405,0.1351,0.1081,0.3243
korean,p32,u96,최근 일부 상호금융권의 특판 과정에서 조합 실수로 발생한 과다 판매를 겨냥한 조치다,0.587,0.1304,0.1739,0.3043
korean,p32,u97,또 과도한 유치 경쟁은 자칫 유동성 건전성 문제로 번질 수 있다고 판단했다,0.3415,0.0732,0.0976,0.0976
korean,p32,u98,금감원은 십 사 일 상호금융권 고금리 특판 내부통제 현황 점검 간담회를 열고 이같이 당부했다고 밝혔다,0.625,0.3393,0.3036,0.4286
korean,p32,u99,이는 앞서 경남의 한 지역 축산 농협과 경북 경주의 지역 농협에서 발생한 사고에 대한 후속 조치다,0.5556,0.0741,0.1481,0.2778
korean,p38,u00,화이자의 코로나 일구 먹는 치료제 팍스로비드 약 사만 사천 명 분이 이십 사 일 국내에 추가로 들어온다,0.4035,0.0351,0.0877,0.193
korean,p38,u01,질병관리청은 이십 삼 일 정례 브리핑을 통해 하루 뒤인 이십 사 일 낮 열 두 시 십 분 인천 공항을 통해 팍스로비드 추가 물량이 도착할 예정이라고 밝혔다,0.3837,0.1047,0.093,0.1047
korean,p38,u02,이에 따라 국내에 남은 팍스로비드 육만 일천 명 분에 추가 도입 물량을 합치면 모두 십만 오천 명 분으로 늘게 된다,0.3906,0.0781,0.0625,0.0625
korean,p38,u03,이달 셋째 주 일평균 오천 육백 사십 이 명 분씩 쓰인 점을 감안하면 대략 십 팔 일에서 십 구 일 정도 사용할 수 있는 양이다,0.5634,0.169,0.1408,0.169
korean,p38,u04,아울러 머크앤드컴퍼니의 먹는 치료제인 라게브리오도 이번 주 십 만 명 분이 국내에 도입될 예정이다,0.5,0.1296,0.1667,0.1481
korean,p38,u05,식품 의약품 안전처가 이 의약품의 긴급 사용을 승인한 만큼 질병청도 투약 시기와 대상 등을 곧 확정해 발표할 예정이다,0.3538,0.0154,0.0462,0.1231
korean,p38,u06,한편 질병청은 아스트라제네카의 항체 치료제 이부실드의 도입과 긴급 사용 승인 요청 등도 검토하고 있다,0.2679,0.0893,0.125,0.1786
korean,p38,u07,이부실드는 주로 백신 접종으로 항체 형성이 어려운 중증 면역저하자 등에게 효과가 있는 것으로 알려졌다,0.4643,0.1071,0.1071,0.1429
korean,p38,u08,삼십 대 연극배우가 불법으로 마사지 업소를 운영한 혐의로 일 심에서 벌금형을 선고받았다,0.2708,0.1458,0.1042,0.1458
korean,p38,u09,서울북부지법 형사 오 단독 홍순욱 부장판사는 이십 사 일 의료법 위반 혐의로 기소된 에이 씨에게 벌금 삼백 만 원을 선고하고 오백 구십 팔 만 원원을 추징할 것도 명령했다,1.0,0.0737,0.0842,0.1474
korean,p38,u10,연극배우인 에이 씨는 안마사 자격이 없는데도 이천 이십 년 칠 월부터 이듬해 삼 월까지 서울 중랑구에서 불법으로 마사지 업소를 운영한 혐의로 재판에 넘겨졌다,0.4598,0.0575,0.1149,0.1954
korean,p38,u11,그는 물론이고 이 업소에 고용된 두 명도 안마사 자격이 없는 것으로 드러났다,0.2143,0.0714,0.0952,0.119
korean,p38,u12,이들은 업소 안에 방 다섯 개를 설치한 뒤 시간당 약 십 일 만원을 받고 전신을 손으로 주무르는 마사지 행위를 제공한 혐의를 받고 있다,0.3867,0.0133,0.0667,0.04
korean,p38,u13,에이 씨는 불법 안마사 두 명과 수익금을 육 대 사 비율로 나눠 가지는 방식으로 업소를 운영했다고 전해졌다,0.3729,0.1186,0.1186,0.1525
korean,p38,u14,의료법 제 팔십 이 조에 따르면 안마사는 장애인 복지법에 따른 시각 장애인 중 시도지사에게 자격 인정을 받아야 한다,0.2812,0.0469,0.125,0.0312
korean,p38,u15,이를 위반하고 자격 없이 영리 목적으로 안마를 하면 같은 법 제 팔십 팔 조에 의해 삼 년 이하의 징역이나 삼천 만 원 이하의 벌금에 처해진다,0.2278,0.1013,0.1392,0.1519
korean,p38,u16,현대자동차가 고성능 엔 브랜드의 전동화 비전을 소개하고 이를 구현한 롤링랩 콘셉트카 두 대를 세계 최초로 공개했다,0.2698,0.0635,0.1111,0.1429
korean,p38,u17,현대차는 롤링랩을 단순 양산모델을 넘어 선행 기술을 지속 개발하는 등대로 삼는다는 전략이다,0.14,0.12,0.04,0.2
korean,p38,u18,현대차는 십 오 일 현대 엔 월드와이드 유튜브 채널에서 현대 엔 데이 영상을 공개하고 엔 브랜드의 전동화 비전을 전했다,0.2424,0.0909,0.1364,0.0758
korean,p38,u19,엔 브랜드는 운전의 재미를 추구하기 위한 현대차의 고성능 서브 브랜드다,0.2051,0.0256,0.1026,0.1026
korean,p38,u20,이천 십 오 년 론칭 이후 코너링 악동 일상의 스포츠카 레이스 트랙 주행능력을 기반으로 다양한 엔 모델을 개발해왔다,0.2656,0.0312,0.0312,0.1406
korean,p38,u21,현대차는 이날 전동화 전략을 통해 역동적인 재미를 느낄 수 있도록 연구개발한다는 청사진을 제시했다,0.2407,0.0185,0.0926,0.037
korean,p38,u22,이어 전기차를 레이스 트랙에서 즐길 수 있도록 고성능 기준을 끌어올리고 사운드진동 등 감성적 영역에서 다양하게 연구하고 있다고 밝혔다,0.1757,0.0135,0.027,0.027
korean,p38,u23,현대차는 내년 출시 예정인 첫 전기 고성능차 아이오닉 파이브 엔을 통해 이를 현실화 시킨다는 계획이다,0.3571,0.1071,0.125,0.1071
korean,p38,u24,이와 함께 엔 브랜드의 전동화 기술을 담은 롤링랩 모델 두 대도 공개했다,0.25,0.05,0.025,0.075
korean,p38,u25,롤링랩은 고성능 기술을 양산 모델에 반영하기에 앞서 연구 개발 및 검증하는 차량이다,0.2391,0.0435,0.0435,0.087
korean,p38,u26,롤링랩 알엔 이 이 이는 엔 브랜드의 첫번째 이쥐엠피 기반 고성능 차량이다,0.4146,0.2195,0.2439,0.2927
korean,p38,u27,전기차가 지닌 한계를 극복하는 방안을 연구하기 위해 만들어졌으며 백 육십 킬로와트 전륜 모터와 이백 칠십 킬로와트 후륜 모터를 장착했다,0.3867,0.0267,0.1867,0.16
korean,p38,u28,또 하나의 롤링랩 엔 비전 칠십 사는 포니 쿠페 콘셉트의 정신을 계승한 수소 하이브리드 고성능 차량이다,0.4912,0.2281,0.2281,0.2456
korean,p38,u29,우리나라 한옥의 우수성을 널리 알리기 위해 올해도 대한민국 한옥 공모전이 열린다,0.1364,0.0682,0.0909,0.1136
korean,p38,u30,국토교통부는 한옥의 우수성을 발굴하고 새로운 발전 가능성을 모색하기 위해 이천 이십 이 대한민국 한옥 공모전을 개최한다고 십 구 일 밝혔다,0.5065,0.1299,0.1299,0.1558
korean,p38,u31,올해로 십 이 회째를 맞는 한옥 공모전은 잘 지어진 한옥을 찾아 국민에게 알리고 한옥에 대한 다양한 아이디어를 발굴하는 행사다,0.2,0.2571,0.1143,0.2143
korean,p38,u32,공모전은 준공된 한옥 대학생 및 대학원생 대상 설계 한옥 사진 영상 등 네 개 부문으로 나누어 진행한다,0.3158,0.0702,0.0175,0.1053
korean,p38,u33,준공부문은 준공 후 삼 년이 경과한 한옥을 대상으로 해당 한옥의 건축주 설계자 시공자가 응모할 수 있다,0.3684,0.0702,0.1053,0.1404
korean,p38,u34,그동안 최근 오 년 이내에 지어진 한옥을 대상으로 했으나 유지 관리 등이 우수한 한옥을 선정하기 위해 준공 후 삼 년이 경과한 한옥으로 응모 기준을 바꿨다,0.2674,0.0814,0.093,0.093
korean,p38,u35,대학생 및 대학원생 설계 공모전은 팀이나 개인 자격으로 응모할 수 있으며 올해 공모 주제는 마음을 품은 한옥 만들기다,0.3231,0.1077,0.1077,0.1692
korean,p38,u36,이번 주제의 핵심은 우리 한옥에 누구의 마음 어떤 마음을 담아야 할지 생각해 보는 것이다,0.1429,0.1429,0.0816,0.1837
korean,p38,u37,사진과 영상 부문은 특정한 공모 주제가 없고 한옥의 아름다움과 가치를 독창적인 시각으로 담아낸 작품을 뽑을 예정이다,0.125,0.0,0.0156,0.0312
korean,p38,u38,작품 접수는 팔 월 일 일부터 이 일까지 이틀간 진행하며 일 이 차 심사를 거쳐 구 월초 최종 당선작을 발표한다,0.2903,0.0323,0.0968,0.0645
korean,p38,u39,공모지침 및 참가방법 등 자세한 사항은 대한민국 한옥 공모전 홈페이지를 통해 확인할 수 있다,0.3922,0.1569,0.1961,0.2941
korean,p38,u40,이태원 핼러윈 압사 사고로 백 사십 육 명이 사망하고 백 오십 명이 부상당한 것으로 삼십 일 오전 네 시 현재 집계됐다,0.4242,0.0606,0.0606,0.1061
korean,p38,u41,소방청은 삼십 일 오전 네 시 오 분께 현장 브리핑을 통해 이 같은 피해 사실을 공식 발표했다,0.4808,0.1923,0.1154,0.1538
korean,p38,u42,사망자 백사십육 명 중 백 일 명은 병원으로 이송됐고 현장에서 안치된 사망자는 사십 오 명이다,0.3654,0.0769,0.0769,0.0769
korean,p38,u43,이들 사망자들은 임시로 인근 원효로 다목적 실내 체육관에 안치됐다가 병원 영안실로 이송되는 중이다,0.2778,0.1481,0.2037,0.1852
korean,p38,u44,피해를 입은 사상자들은 서울 각지 병원 및 임시 응급 의료소에서 치료를 받고 있는 상황으로 인명 피해는 더욱 늘어날 것으로 보인다,0.4028,0.0694,0.0833,0.0972
korean,p38,u45,소방당국은 이태원에서 호흡 곤란 환자가 발생했다는 신고를 접수한 뒤 이날 오후 열 시 이십 이 분쯤 현장에 도착했다고 밝혔다,0.2029,0.029,0.029,0.0435
korean,p38,u46,최성범 서울 용산 소방서장은 일 이 삼 차 수색을 한 결과 특이 사항은 없었다라고 밝혔다,0.3469,0.0816,0.0612,0.102
korean,p38,u47,부상자와 사망자 대다수가 클럽 주변에서 발생하면서 소방당국은 추가적으로 클럽 주변에서 삼 차에 걸쳐 수색을 진행했다,0.2969,0.125,0.0781,0.1562
korean,p38,u48,최을천 용산 경찰서 형사과장은 마약 여부에 대해 확인된 바 없다고 말했다,0.225,0.1,0.1,0.125
korean,p38,u49,소방당국은 이십 구 일 오후 열 시 십 오 분 최초로 사고 상황을 인지하고 오후 열 시 삼십 팔 분 대응 일 단계를 발령한 데 이어 오후 열 한 시 오십 분 대응 삼 단계로 격상했다,0.4752,0.0099,0.0495,0.0594
korean,p38,u50,글로벌 음원 스트리밍 플랫폼 스포티파이에서 지난 일 년간 한국 이용자가 가장 사랑한 아티스트는 그룹 방탄소년단이었다,0.1094,0.0469,0.0469,0.0156
korean,p38,u51,스포티파이는 국내 론칭 일 주년을 맞아 지난해 이 월 일 일부터 이달 일 일까지 최다 스트리밍 아티스트 순위를 십 칠 일 발표했다,0.375,0.0556,0.0278,0.0556
korean,p38,u52,일 위인 비티에스에 이어 이 위는 아이유 삼 위 저스틴 비버 사 위 아리아나 그란데 오 위 위켄드 등이었다,0.661,0.2542,0.2373,0.2712
korean,p38,u53,일 년간 한국 이용자가 가장 많이 들은 곡은 비티에스의 버터였다,0.3429,0.0857,0.0857,0.0571
korean,p38,u54,최다 스트리밍 음원 톱 십 안에 비티에스의 곡은 다섯 개나 이름을 올렸다,0.475,0.15,0.05,0.1
korean,p38,u55,버터뿐만 아니라 퍼미션 투 댄스가 이 위를 다이너마이트가 오 위를 차지했다,0.3659,0.1707,0.1951,0.1707
korean,p38,u56,세계적인 록밴드 콜드플레이와 협업한 마이 유니버스는 구 위 라이프 고즈 온은 십 위에 이름을 올렸다,0.3091,0.2909,0.3091,0.3091
korean,p38,u57,같은 기간 최다 스트리밍한 앨범은 저스틴 비버의 여섯 번째 정규 앨범 저스티스였다,0.3556,0.1556,0.0222,0.1556
korean,p38,u58,이 위는 비티에스의 맵 오브 더 서울 세븐 삼 위는 비티에스의 비였다,0.9737,0.1053,0.0789,0.2105
korean,p38,u59,십 위 역시 비티에스의 유 네버 워크 얼론이 차지했다,0.7241,0.2069,0.2414,0.3448
korean,p38,u60,경북 경주시는 이천 이십 이 화랑대기 전국 태권도 대회가 성황리에 막을 내렸다고 밝혔다,0.5625,0.0417,0.0625,0.1667
korean,p38,u61,경주시 태권도협회가 주최해 지난 십 일과 십 일 일 이틀간 경주 실내 체육관에서 열린 이번 대회에는 전국에서 이천 삼백 여명의 선수단이 참가했다,0.4875,0.1125,0.1375,0.1875
korean,p38,u62,대회 참가자들은 예선 조별 리그와 본선 토너먼트를 거치며 그동안 갈고닦은 기량을 마음껏 선보였다,0.434,0.1698,0.1321,0.2642
korean,p38,u63,대회 결과 품새에서는 국가대표세계태권도장 품새에서는 솔길잡이태권도장 겨루기에서는 대구 김만규태권스쿨이 각각 종합 우승을 차지했다,0.5493,0.338,0.2254,0.3239
korean,p38,u64,올해 대회에는 세계 각지에서 온 외국인 선수들도 다수 참여해 주목을 끌었다,0.5366,0.122,0.1463,0.1707
korean,p38,u65,또 대규모 선수단이 경주를 방문하면서 지역의 숙박 업소와 식당 등이 때 아닌 특수를 누리며 지역 경제 활성화에도 큰 도움이 됐다,0.3662,0.0704,0.0704,0.1127
korean,p38,u66,김호진 경주시 부시장은 화랑대기 전국 태권도 대회가 전국을 대표하는 태권도 대회로 그 명성을 이어가길 바란다고 말했다,0.4615,0.1231,0.2,0.2
korean,p38,u67,조희락 경주시 태권도협회장은 화랑대기 전국 태권도 대회가 태권도의 발전에 이바지하도록 노력하겠다고 강조했다,0.2542,0.1356,0.1525,0.1864
korean,p38,u68,한국 자산 관리 공사가 국민으로부터 규제 개선을 요청받는 규제 정비 요청제를 도입한다,0.3191,0.1277,0.0638,0.2128
korean,p38,u69,캠코는 이십 이 일 이천 이십 이 년 일 차 내규 규제 혁신 위원회를 열었다고 밝혔다,0.5745,0.1064,0.1277,0.1702
korean,p38,u70,위원회는 불합리한 규제를 개선하고 국민에게 불편을 끼칠 수 있는 요소들을 발굴 해소하는 등 실효성 있는 규제 혁신 방안을 검토 심의하기 위해 이천 이십 년 발족됐다,0.4835,0.1538,0.1978,0.2198
korean,p38,u71,이번 위원회에서는 국민 누구나 캠코 내규 중 잘못되거나 불필요한 규제의 개선을 요청할 수 있는 규제 정비 요청제를 신설하기로 했다,0.1806,0.0694,0.0694,0.1111
korean,p38,u72,캠코는 국민 요청 사항에 대해 불필요한 규제 여부 심사 후 업무 개선 등의 조치를 취할 방침이다,0.3208,0.0189,0.0377,0.0377
korean,p38,u73,제도는 올해 하반기 시행 예정이며 캠코 홈페이지에서 요청 사항을 접수받을 예정이다,0.3778,0.0222,0.0222,0.0667
korean,p38,u74,또 캠코는 국민이 쉽게 이해하고 활용할 수 있도록 전체 사업 부문의 민원 업무 신청서 등 서식 사십 이 개를 일괄 정비하기로 했다,0.4306,0.1389,0.2222,0.2361
korean,p38,u75,국민이 서류 제출 단계에서 업무 처리 및 이의 제기 절차 신청인에게 유리한 제도 및 유의 사항 등을 미리 알 수 있도록 돕기 위해서다,0.4189,0.1216,0.1216,0.1622
korean,p38,u76,캠코는 이번 위원회에서 올해 삼 월 도입한 규제 영향 평가 전담제 운영 성과를 공유하기도 했다,0.3269,0.1346,0.1346,0.1731
korean,p38,u77,전담제는 내규 심사와 규제 영향 평가를 분리하는 방안으로 기존 동일 직원의 심사 및 평가 동시 수행에 따른 규제 심사 약화 등을 개선한 제도다,0.2911,0.0886,0.0759,0.1899
korean,p38,u78,울산시는 팔 월부터 상습 고질적인 체납 차량에 대한 번호판 영치 단속을 진행한다고 구 일 밝혔다,0.3019,0.1321,0.0755,0.1887
korean,p38,u79,시는 세무 공무원 십 삼 명으로 구성된 시 구군 합동 단속반을 편성해 단속에 들어간다,0.4468,0.1702,0.1277,0.2128
korean,p38,u80,영치 대상은 자동차세를 이 회 이상 체납한 차량 또는 차량 관련 과태료를 삼십 만 원 이상 체납한 차량이다,0.5254,0.1017,0.1017,0.1864
korean,p38,u81,시는 이번 단속부터 자체 제작한 번호판 영치 도구를 처음으로 활용해 신형 비천공 번호판을 장착한 차량에 대해서도 단속을 벌인다,0.3286,0.1286,0.1286,0.1429
korean,p38,u82,기존 자동차에 달린 천공 번호판은 볼트를 풀면 번호판을 영치할 수 있지만 비천공 번호판은 볼트가 없어 번호판을 뗄 수 있도록 영치 도구를 자체 제작한 것이다,0.1264,0.0345,0.069,0.069
korean,p38,u83,다만 시는 코로나 일구로 인해 어려움을 겪는 생계형 체납자의 경우 체납 처분 유예와 분할 납부 등을 적용할 방침이다,0.4531,0.0469,0.0625,0.0938
korean,p38,u84,울산시 관계자는 고질적인 체납 차량에 대해 공매 처분 등 강력한 징수 활동을 벌이겠다며 체납액 최소화를 위해 노력하겠다고 말했다,0.2958,0.1127,0.0845,0.2113
korean,p38,u85,경남 지역 주요 대학들이 교육부 등이 주관하는 삼 단계 산학연 협력 선도 대학 육성 사업에 최종 선정됐다,0.3448,0.0517,0.1207,0.0862
korean,p38,u86,경남 지역 대학가에 따르면 경남대 창원대 인제대가 링크 삼 점 영 수요 맞춤 성장형 사업에 선정됐다,0.3818,0.1273,0.0364,0.0909
korean,p38,u87,이들 세 개 대학은 오는 이천 이십 칠 년까지 학교별 이백 사십 억 원의 국비를 지원받게 된다,0.4808,0.1154,0.1731,0.1154
korean,p38,u88,이들 대학은 산학 협력을 통한 지역 감동 대학 구현을 통해 산업계와 미래 사회에 필요한 인재 양성에 나선다,0.4407,0.1864,0.1864,0.2203
korean,p38,u89,경남대는 산학연 협력 체계를 공고히 다져온 디비 경험을 바탕으로 산학 친화형 대학 체계 개편 산학 맞춤형 인재 양성 지역 특화 분야 인력 양성 체계를 구축할 계획이다,0.5,0.2283,0.2391,0.3261
korean,p38,u90,창원대와 인제대도 기존 성과를 바탕으로 산학연 협력 체계 구축을 강화한다,0.45,0.125,0.25,0.275
korean,p38,u91,박재규 경남대학교 총장은 경남대가 보유한 인재와 혁신 기술이 지역과 기업이 원하는 새로운 산학연 협력의 미래를 제시할 수 있길 바란다고 밝혔다,0.3038,0.1013,0.1392,0.1139
korean,p38,u92,충북교육연구정보원이 영화 각 분야 전문가와 함께하는 충북 교사 영화 제작 특강의 첫 번째 과정인 영화 시나리오 연수를 연다,0.3088,0.1618,0.1765,0.1471
korean,p38,u93,이번 연수에서 한국 시나리오 작가협회 이사이며 한국 극작가협회 정회원인 이미정 작가가 이십 사 일에서 이십 육 일까지 교사 이십 육 명을 대상으로 특강을 한다,0.4318,0.1023,0.0795,0.1023
korean,p38,u94,특강은 시나리오 아이디어 발상과 기획 구성과 배치 습작과 분석 영화 시나리오 작성 실습 등으로 구성된다,0.1754,0.0702,0.0702,0.0526
korean,p38,u95,전문 시나리오 작가의 체계적인 교육을 통해 영화 제작 역량을 강화하기 위해 마련됐다,0.587,0.2174,0.1739,0.2826
korean,p38,u96,코로나 일구 확산 방지를 위해 충북교육연구정보원 삼 층 아이씨티사 실의 에듀테크 스튜디오 장비를 활용한 온오프라인 동시 집합 연수로 진행된다,0.4487,0.1667,0.1795,0.3205
korean,p38,u97,영화 시나리오를 시작으로 이 화 영화 사운드 삼 화 영화 영상 문법 사 화 영화 촬영과 조명 등 영화 각 분야 전문가와 함께하는 특강을 운영할 계획이다,0.2262,0.0476,0.0714,0.119
korean,p38,u98,충북교육연구정보원은 학교 영화 제작 활성화를 위해 찾아가는 영화 제작 장비 원스톱 지원 서비스를 운영하고 있어 학교 영화 제작을 적극 지원하고 있다,0.2073,0.122,0.061,0.1585
korean,p38,u99,학교에서 제작된 영화는 오는 십 이 월에 열리는 삼 회 충북 교육 영화제를 통해 관객에게 선보인다,0.4444,0.1111,0.1296,0.1296
korean,p41,u00,김건희 여사는 이십 일 일 한미 정상회담 환영 만찬이 열린 국립중앙박물관에서 조 바이든 미국 대통령을 남편 윤석열 대통령과 함께 영접했다,0.7237,0.1184,0.1184,0.25
korean,p41,u01,이날 대통령실 등에 따르면 흰색 투피스 정장 차림에 올림머리를 하고 흰색 장갑을 낀 김 여사는 만찬장에 도착한 바이든 대통령과 악수하며 간단한 인사를 나눴다,0.5977,0.2299,0.1149,0.2759
korean,p41,u02,김 여사는 인사 후 바이든 대통령 윤 대통령과 함께 박물관 내 경천사지 십 층 석탑과 황남대총 복분 출토 금관 청년 사 년 명동종 등 작품을 관람했다,0.6627,0.1325,0.1566,0.2771
korean,p41,u03,김 여사는 작품 관람 후 이어진 공식 환영 만찬 행사에는 참석하지 않았다,0.625,0.05,0.05,0.325
korean,p41,u04,당초 김 여사는 외교에 있어 엄격한 상호 주의에 따라 바이든 대통령이 방한하는 이 박 삼 일 동안 모습을 드러내지 않고 조용한 내조를 할 것으로 전망됐다,0.3647,0.0941,0.0941,0.1294
korean,p41,u05,바이든 대통령이 이번 방한에서 부인 질 바이든 여사와 동행하지 않았기 때문인데 이에 김 여사도 모습을 드러내기 어려울 것이란 관측이 지배적이었다,0.575,0.2125,0.1875,0.15
korean,p41,u06,그러나 비공식 행사등를 통해 바이든 대통령에게 인사하는 것을 예의로 판단 이날 만찬 행사 전에 깜짝 등장했다,0.6333,0.1667,0.1833,0.25
korean,p41,u07,강방천 전 에셋플러스자산운용 회장이 금융 감독원 제재 심의 위원회에서 직무 정지 처분을 받았다,0.4038,0.3269,0.25,0.3077
korean,p41,u08,십 오 일 금융 투자 업계에 따르면 금감원은 전날 열린 제재 심의 위원회에서 강 전 회장에 대해 직무 정지와 과태료 부과 등을 결정했다,0.4933,0.1733,0.24,0.2533
korean,p41,u09,임원에 대한 징계는 주의 주의적 경고 문책 경고 직무 정지 해임 권고로 나뉜다,0.5814,0.3023,0.2558,0.2791
korean,p41,u10,직무 정지의 경우 향후 사 년간 금융권 임원 취업이 제한되는 중징계에 해당한다,0.7442,0.0698,0.0698,0.3256
korean,p41,u11,강 전 회장은 차명 투자 의혹이 불거지기 직전 지난 칠 월 경영 일선에서 물러난 바 있다,0.3673,0.2041,0.2653,0.2245
korean,p41,u12,금감원은 에셋플러스운용을 대상으로 한 정기 검사 과정에서 강 회장이 차명을 통한 자기 매매를 해 온 정황을 파악했다,0.5156,0.25,0.1562,0.3125
korean,p41,u13,금감원은 공유오피스 업체 원더플러스에 강 회장이 개인 자금을 대여해준 뒤 법인 명의로 주식 투자를 한 것이 차명 투자 자기 매매라고 판단했다,0.4103,0.1923,0.1923,0.1538
korean,p41,u14,원더플러스는 강 회장이 대주주 강 회장의 딸이 이 대 주주로 올라와 있다,0.425,0.25,0.25,0.275
korean,p41,u15,금감원의 제재심 이후 제재는 금융 위원회 증권 선물 위원회 금융위 정례 회의를 거쳐 최종 결정된다,0.5185,0.1667,0.2407,0.2593
korean,p41,u16,울산 중구 원도심 상점가는 전국체전 장애인체전 기간 동안 손님 맞이 특별 할인 행사를 마련한다,0.5962,0.3077,0.25,0.3462
korean,p41,u17,중구는 오는 칠 일부터 이십 사 일까지 문화의 거리와 보세 거리 젊음의 거리 웰컴시티 내 상점 팔십 구 곳이 특별 할인 행사를 진행한다고 육 일 밝혔다,0.6905,0.2143,0.2143,0.369
korean,p41,u18,입장권이나 홍보물 등 전국체전 관련 물품을 들고 해당 업소를 방문하면 제품 가격 할인과 무료 음료 등 다양한 혜택을 받을 수 있다,0.4167,0.1667,0.1389,0.1806
korean,p41,u19,또 이천 이십 이 전국체전 울산 인스타그램 계정을 팔로우 한 뒤 인증을 해도 같은 혜택을 받을 수 있다,0.4912,0.1228,0.0702,0.2105
korean,p41,u20,메가박스 울산점은 전국체전 기간 동안 영화표 삼 천원 콤보 세트 삼 천원 할인 행사를 진행한다,0.6346,0.2115,0.25,0.3462
korean,p41,u21,중구 문화의 거리 이십 팔에 위치한 울산큰애기집은 시 월 한 달 동안 다양한 상품을 이십 삼십 퍼센트 할인된 가격으로 판매한다,0.4571,0.1429,0.1714,0.2
korean,p41,u22,김영길 중구청장은 울산을 방문한 많은 손님들이 원도심에서 먹고 즐기고 편히 쉬는 등 좋은 추억을 많이 만들고 가시길 바란다고 말했다,0.3562,0.137,0.0959,0.1781
korean,p41,u23,한편 울산에서 십 칠 년 만에 열리는 제 백 삼 회 전국 체육 대회와 제 사십 이 회 전국 장애인 체육 대회는 오는 칠 일부터 이십 사 일까지 펼쳐진다,0.5119,0.25,0.1786,0.2143
korean,p41,u24,학교 급식을 공급하면서 원산지를 허위 표시한 납품업자들이 인천시에 적발됐다,0.439,0.1707,0.1951,0.1951
korean,p41,u25,인천시 특별 사법 경찰은 농수산물의 원산지 표시 등에 관한 법률 위반 등으로 납품업자 네 명을 적발했다고 이십 삼 일 밝혔다,0.3623,0.1014,0.1159,0.2174
korean,p41,u26,인천 특사경은 지난 십 삼 일부터 이십 일까지 초중고교 급식 납품업소 삼십 곳을 대상으로 단속을 벌였다,0.4035,0.0702,0.1053,0.2281
korean,p41,u27,적발된 에이 업체는 중국산과 국산 고춧가루를 섞어 제조한 김치의 고춧가루 원산지를 국산으로 표시했다,0.5455,0.0909,0.3091,0.2545
korean,p41,u28,비 업체는 태국산 낙지와 국산 낙지를 혼합한 낙지의 원산지를 국산으로 씨 업체는 중국산 표고버섯을 국산으로 거짓 표시한 뒤 납품했다,0.4932,0.1233,0.1644,0.3288
korean,p41,u29,디 업체는 냉동 소고기를 냉장 상태로 보관하다가 축산물 위생 관리법 위반으로 적발됐다,0.5106,0.1915,0.2553,0.2553
korean,p41,u30,인천 특사경은 적발된 업체에 대해 조사를 벌인 뒤 검찰에 송치하고 관할구청에 통보해 행정 처분 하도록 조치할 예정이다,0.3692,0.1385,0.1538,0.2154
korean,p41,u31,농수산물 원산지 표시를 위반하면 칠 년 이하의 징역이나 일 억 원 이하의 벌금형에 처해진다,0.46,0.16,0.06,0.18
korean,p41,u32,축산물 위생 관리법을 위반하면 삼 년 이하의 징역이나 삼천 만 원 이하의 벌금형을 받게 된다,0.4118,0.1373,0.2157,0.1765
korean,p41,u33,인천시 관계자는 성장기 아이들이 안전하게 먹을 수 있는 식재료 공급환경 조성을 위해 학교 급식 납품업소에 대한 단속을 지속적으로 하겠다고 말했다,0.2625,0.15,0.175,0.1625
korean,p41,u34,지난해 팔 월 카불 함락 이후 이백 만 명에 달하는 아프가니스탄 국민들이 해외 피란길에 올랐다,0.5,0.1538,0.2308,0.25
korean,p41,u35,이들 중 주아프간 한국 대사관 한국 국제 협력단 등 과거 한국 관련 기관에 몸담았던 특별 기여자 삼백 구십 일 명이 한국 땅을 밟았다,0.3649,0.1486,0.1622,0.1486
korean,p41,u36,전남 여수 해양 경찰 교육원에서 약 육 개월간의 정착 교육을 거친 이들은 올 초부터 국내 지역 곳곳에 터를 잡고 생활하고 있다,0.4143,0.1571,0.1857,0.2857
korean,p41,u37,특별 기여자 중 가장 많은 이십 구 가구는 울산광역시와 현대중공업 등의 도움으로 울산 동구에 거처를 마련했다,0.5,0.25,0.2167,0.3167
korean,p41,u38,이들 생계를 책임지는 이십 구 명의 가장들은 현대중공업 협력 업체에서 배관이나 도장 엔진 조립과 같은 일을 하고 있다,0.4154,0.2154,0.2308,0.2769
korean,p41,u39,이정숙 울산 다문화 지원 센터장에 따르면 주부들은 다문화 지원 센터에서 진행하는 문화 교육을 받고 아이들은 인근 학교에 다니고 있다,0.3014,0.1233,0.0411,0.2055
korean,p41,u40,특별 기여자들은 여권처럼 신분을 증명할 수단이 없어 일상 생활에서 어려움을 겪고 있는 것으로 알려졌다,0.125,0.0179,0.0714,0.0179
korean,p41,u41,한 특별 기여자는 통상적인 웹 사이트 이용이나 일상 민원 처리 계좌 개설 등 여러 방면에서 막히는 일이 많다고 했다,0.4688,0.0938,0.1562,0.1719
korean,p41,u42,미국은 한국과 같이 중앙 정부 지역 사회 등이 나서 아프간 이주민들의 정착을 돕고 있다,0.6875,0.2292,0.0833,0.1875
korean,p41,u43,미 국토안보부에 따르면 지난해 팔 월 이후 미국으로 건너온 아프간 국민은 약 칠만 육천 명에 달한다,0.4,0.0909,0.0545,0.0545
korean,p41,u44,이들은 지자체 및 자원 봉사 단체가 제공하는 정착 프로그램을 통해 집과 직장을 마련하고 있다,0.4314,0.1569,0.1569,0.1569
korean,p41,u45,이들이 미국에 머무를 수 있는 임시 입국 허가 기간은 이 년에 불과한 것이 문제다,0.6667,0.0889,0.1111,0.1333
korean,p41,u46,미 시애틀타임스는 바이든 행정부는 이들에게 추방 유예 같은 단기적 해결책이 아닌 영주권 부여 등 장기적 대책을 제공해야 한다고 지적했다,0.6533,0.2,0.1467,0.2133
korean,p41,u47,일본은 정부뿐 아니라 대학 기업 등 민간에서도 아프간 이주민들을 지원하고 있다,0.3488,0.2791,0.2093,0.3023
korean,p41,u48,지난 오 월 히로시마대학은 과거 유학생 신분이었던 아프간 국민 열 다섯 명을 연구원으로 채용하고 주거 등 생활 지원을 제공하기로 했다,0.4459,0.1622,0.1216,0.2162
korean,p41,u49,아프간과 국경을 맞대고 있어 과거부터 난민 유입이 잦았던 파키스탄의 경우 현재 백 오십 만 명에 달하는 아프간 국민이 거주 중인 것으로 알려졌다,0.4875,0.075,0.1375,0.175
korean,p41,u50,하지만 이들은 파키스탄 정부와 탈레반의 우호적 관계 탓에 별다른 인도적 지원 없이 가난한 생활을 하고 있다고 미국 매체 더디스패치가 지난달 보도했다,0.3537,0.2073,0.2561,0.2073
korean,p41,u51,엘에스전선아시아가 베트남 최대 부동산 개발 업체 빈홈에 대용량 전력 공급 시스템 버스덕트를 공급했다고 이십팔 일 밝혔다,0.4545,0.1212,0.1515,0.2273
korean,p41,u52,이 시스템은 빈홈이 하노이시와 호찌민시에 짓는 십 삼 만 세대 규모의 대형 아파트 단지 내 전력 공급에 사용된다,0.629,0.1613,0.1613,0.3387
korean,p41,u53,빈홈이 베트남 사십 여 도시에 수십 만 호의 주택 건설을 진행하고 있어 추가 수주도 기대된다,0.4902,0.098,0.0784,0.1765
korean,p41,u54,엘에스전선아시아는 빈홈의 모그룹인 빈그룹이 건설하는 대형 쇼핑몰과 리조트 플랜트 등에도 제품 공급을 추진할 계획이다,0.6875,0.3125,0.25,0.2344
korean,p41,u55,버스덕트는 수백 수천 가닥의 전선 대신 금속 케이스 안에 판형 도체를 넣어 대용량의 전력을 공급한다,0.3455,0.2545,0.2364,0.2545
korean,p41,u56,전선보다 설치와 이동이 간편하고 공간을 적게 차지해 초고층 빌딩과 아파트 공장 등을 중심으로 도입이 늘어나는 추세다,0.6406,0.2344,0.2344,0.3281
korean,p41,u57,엘에스전선아시아는 이천 십 칠 년 호찌민 엘에스씨브이에 신규 설비를 구축 버스덕트 시장 도입기인 베트남에 진출했다,0.6349,0.3333,0.3333,0.3651
korean,p41,u58,베트남은 대규모 아파트 단지와 상업용 빌딩 아이디씨 센터 공장 건설이 활발해지면서 건물에 전선 대신 버스덕트를 도입하는 사례가 늘었다,0.5676,0.2432,0.2432,0.2838
korean,p41,u59,백인재 엘에스전선아시아 대표는 국내 버스덕트 시장 일 위인 엘에스전선의 기술력을 기반으로 베트남 시장을 선점하겠다고 말했다,0.5294,0.1765,0.1176,0.2353
korean,p41,u60,케이티 롤스터 선수단이 형제구단이 케이티 위즈의 초청을 받아 수원 야구장에 간다,0.5682,0.2045,0.1818,0.3182
korean,p41,u61,케이티 위즈 구단은 오는 십 칠 일 수원 케이티 위즈파크에서 열리는 엘지와의 홈경기에 형제 구단인 케이티 롤스터 선수단을 초청해 롤스터 데이를 개최한다고 십 이 일 밝혔다,0.6211,0.1684,0.1368,0.2526
korean,p41,u62,이번 롤스터 데이에는 경기에 앞서 경기 입장권을 구매한 고객을 대상으로 오후 네 시 사십 분부터 한 시간 동안 팬 사인회를 진행한다,0.6575,0.1096,0.1918,0.2603
korean,p41,u63,팬 사인회는 위즈파크 동문에 위치한 빅토리 라운지에서 열리며 에이밍 김하람을 포함해 선수 일곱 명 전원이 참석한다,0.7778,0.3016,0.1111,0.3651
korean,p41,u64,이날 경기 승리를 기원하는 시구는 에이밍 김하람이 시타는 커즈 문우찬이 맡는다,0.6279,0.2791,0.2093,0.2791
korean,p41,u65,라스칼 김광희를 포함해 아리아 이가을 라이프 김정민 기드온 김민성 빅라 이대광은 애국가를 제창한다,0.6111,0.2778,0.2037,0.3704
korean,p41,u66,또한 경기 중에는 롤스터 선수단이 응원 단상에 올라 팬들에게 인사를 전한다,0.5122,0.2195,0.1463,0.2683
korean,p41,u67,이밖에도 다양한 이벤트를 통해 로지텍 헤드셋을 비롯해 마우스 키보드 친필 사인볼 등 푸짐한 경품을 증정한다,0.7797,0.2881,0.2034,0.3898
korean,p41,u68,인천 삼산 경찰서는 아파트 팔 층에서 홧김에 소화제 병을 화단으로 던진 칠십 대 남성 에이 씨를 특수 상해 미수 혐의로 붙잡아 조사 중이라고 이십 구 일 밝혔다,0.5843,0.2247,0.2472,0.3258
korean,p41,u69,경찰에 따르면 에이 씨는 지난 이십 칠 일 오후 세 시 이십 이 분께 인천시 부평구 부개동의 한 아파트 팔 층에서 일 층 화단으로 빈 소화제 병을 던진 혐의를 받고 있다,0.5426,0.2128,0.117,0.266
korean,p41,u70,당시 아파트 단지 내 보행로를 따라 걷고 있던 사십 대 주민 비 씨는 자신의 주변으로 빈 병이 떨어지자 위협을 느꼈다고 경찰에 신고했다,0.44,0.08,0.04,0.2133
korean,p41,u71,에이 씨는 빈 병 투척 행위로 부상자가 있었다는 이웃 주민들의 이야기를 듣고 다음 날인 이십 팔 일 관할 지구대에 찾아가 자수했다,0.6111,0.25,0.2083,0.2361
korean,p41,u72,실제로 비 씨는 빈 병에 맞지 않아 주민들의 전언과 달리 다치지 않은 것으로 파악됐다,0.4468,0.234,0.234,0.2979
korean,p41,u73,에이 씨는 경찰에서 소화제를 먹었는데도 소화가 안 돼 홧김에 소화제 병을 던졌다는 취지로 진술한 것으로 알려졌다,0.5323,0.1129,0.129,0.1129
korean,p41,u74,경찰 관계자는 에이 씨를 상대로 소화제 병을 던진 정확한 이유와 구체적인 경위 등을 조사할 계획이라고 말했다,0.7333,0.1667,0.0833,0.25
korean,p41,u75,전북 경찰이 더불어민주당 경선 개입 의혹과 관련해 송하진 전 도지사 자택을 압수수색했다,0.5,0.125,0.1667,0.1458
korean,p41,u76,앞서 핵심 관련자들을 대거 입건한 데 이어 송 전 지사 가족까지 수사를 확대하는 모습이다,0.7347,0.2041,0.2449,0.3878
korean,p41,u77,십 이 일 전북 경찰청 등에 따르면 경찰은 이날 송하진 전 지사 자택을 압수수색했다,0.4348,0.1304,0.1957,0.1522
korean,p41,u78,송 전 도지사의 부인 오경진 여사가 대상으로 경찰은 이날 자택과 차량 등을 압수 수색 해 증거물을 확보하는데 주력했다,0.4769,0.3077,0.2308,0.3538
korean,p41,u79,또 경찰은 전북 자원 봉사 센터에서 발견된 민주당 입당 원서와 관련된 다섯 명 자택도 압수수색했다,0.4815,0.1481,0.1481,0.2222
korean,p41,u80,송하진 전 지사를 보좌하던 전 비서실장과 예산 과장 등 고위 공무원 출신들이 포함된 것으로 파악된다,0.4545,0.1455,0.2182,0.2909
korean,p41,u81,경찰은 이들 가운데 일부에 대해선 구속 영장 신청도 검토하는 것으로 알려졌다,1.0,0.2143,0.1429,0.381
korean,p41,u82,경찰 관계자는 압수수색한 건 사실이며 수사 중인 사안이라 정확한 건 밝힐 수 없다고 말했다,0.5,0.22,0.22,0.18
korean,p41,u83,한편 경찰은 이번 사건과 관련해 전현직 전북도 공무원 열 명과 현 전북 자원 봉사 센터장 등 스물 아홉 명을 입건한 상태다,0.6324,0.1618,0.1912,0.2941
korean,p41,u84,국민의힘 전남도당이 지방선거에 출마할 단체장과 의원 등 열 다섯 명의 공천을 확정했다,0.7021,0.2128,0.234,0.3617
korean,p41,u85,이 일 국민의 힘은 제 칠십 칠 차 최고 위원회을 열고 제 팔 회 전국 동시 지방 선거에 출마할 전남지역 후보자 열 다섯 명에 대한 공천을 최종 의결했다,0.6706,0.2,0.1059,0.2471
korean,p41,u86,기초 단체장 후보는 여수시장 신용운 함평군수 김유성 진도군수 김정연 영암군수 임대현 등이다,0.7,0.3,0.18,0.32
korean,p41,u87,비례 의원 후보는 전남도의원 비례 전서현 김현석 채명희 여수시의원 비례 박정숙 목포시의원 비례 권애란 순천시의원 비례 이세은 으로 확정했다,0.8052,0.2338,0.2727,0.3896
korean,p41,u88,기초 의원 선거구 후보는 순천시의원 가 육상욱 순천시의원 바 오태민 나주시의원 다 최정석 영광군의원 나 장연진 진도군의원 가 이백진 등이다,0.5974,0.2597,0.2468,0.3247
korean,p41,u89,전남도당은 지난달 사 일에서 팔 일 지방 선거 후보자를 접수해 피피에이티시험과 공천 관리 위원회의 면접 심사를 했다,1.0,0.1562,0.2188,0.2969
korean,p41,u90,이후 선거인단 투표 경선과 국민 공천 배심원단 운영 위원회 심의 등 오 단계를 거친 후보들을 최고 위원회에 상정해 의결했다,0.7059,0.2941,0.2206,0.3529
korean,p41,u91,국민의힘 전남도당은 역대 최고의 성적을 낼 수 있도록 최선을 다하겠다며 후보자가 없는 선거구에 대한 추가 공모를 오는 육 일까지 실시한다고 밝혔다,0.5926,0.0988,0.1235,0.1728
korean,p41,u92,충청북도 교육청은 내년 삼 월에 개교할 목도나루학교의 입학 전형 요강을 이십 일 공고했다,0.7755,0.449,0.3469,0.4694
korean,p41,u93,이 학교는 자아 탐색과 진로설계를 고민하는 고교 일 학년 학생을 대상으로 목표를 찾을 수 있도록 도와주고 원소속 학교 이 학년으로 돌려보내는 일 년제 학교로 운영된다,0.5326,0.3261,0.2391,0.3696
korean,p41,u94,올해 지원 대상은 내년에 도내 고등학교에 재학 예정인 현재 중학교 삼 학년 학생이다,0.6304,0.2826,0.2391,0.4565
korean,p41,u95,모집 인원은 남녀 구분 없이 모두 이십 사 명이며 원서 접수 기간은 특성화고 특별전형이 시작되는 다음달 이십 오 일부터 일반고 원서 마감일인 십 이 월 십 오 일까지다,0.5699,0.1398,0.1935,0.2581
korean,p41,u96,합격자는 자기소개서와 학부모 의견서를 바탕으로 한 면접을 거쳐 내년 일 월 이십 일 최종 결정된다,0.7407,0.2963,0.2037,0.2963
korean,p41,u97,목도나루학교는 올해 삼 월 폐교한 옛 괴산 목도고가 전환기 공립 대안 학교로 새출발하며 얻은 이름이다,0.7857,0.2679,0.3571,0.375
korean,p41,u98,교명에는 배가 닿고 떠나는 나루처럼 새로운 도전과 다양한 탐색을 통해 자신을 성찰하고 인생의 목표를 세우는 학교라는 의미가 담겨 있다,0.2703,0.1216,0.1216,0.1486
korean,p41,u99,또 백 여년 전 소금 배가 드나들던 목도 나루의 지역성도 살려 이름 붙여졌다,0.7619,0.5,0.4048,0.5238
korean,p56,u00,전북 익산시는 농민들의 농작업 기계화를 지원하기 위해 농기계 임대 사업소 운영을 통해 다양한 서비스를 제공하고 있다고 십 이 일 밝혔다,0.5067,0.08,0.04,0.1333
korean,p56,u01,시는 거리가 멀어 이용에 불편을 호소하는 농업인을 위해 농기계 배달 운송료 지원 범위를 구십 퍼센트까지 확대했다,0.5161,0.129,0.0806,0.2258
korean,p56,u02,이에 따라 농업인은 일 만원 정도의 운송료만 부담하면 농작업 현장에서 기계를 받아 쓸 수 있게 되었다,0.6786,0.3036,0.2143,0.3929
korean,p56,u03,또 영농철인 삼 에서 육 월에는 토일요일에도 임대 농업 기계를 이용할 수 있도록 했다,0.5106,0.2979,0.2979,0.3191
korean,p56,u04,구 에서 십 일 월에도 가을 영농철 휴일 근무를 통해 언제라도 농작업을 할 수 있도록 농가를 적극 지원한다,0.3559,0.0508,0.0508,0.0339
korean,p56,u05,시는 또 육 억 여원을 들여 농민들의 인기 기종 백 오 대를 추가 확보키로 했다,0.5455,0.1591,0.1818,0.3182
korean,p56,u06,농업 기계 세척장도 운영 요원 이 명을 투입해 농업 기계 임대 사용 후 세척하고 반납하는데 드는 시간과 노력을 절감할 수 있도록 지원하고 있다,0.6203,0.1013,0.1392,0.1899
korean,p56,u07,농업기계 임대사업소는 함열 본소와 동부 남부 분소 세 곳이 운영되고 있으며 지난해 임대 건수가 오천 삼백 오십 일 건에 달했다,0.6286,0.1429,0.1286,0.2429
korean,p56,u08,십 오 일 오후 네 시 오십 오 분께 경기 파주시 동패동 운정 신도시의 한 아파트 신축 현장 지하에서 콘크리트 양생 작업 중 근로자 다수가 일산화탄소에 중독되는 사고가 났다,0.7292,0.125,0.1771,0.2188
korean,p56,u09,소방 당국은 중상 세 명 경상 여섯 명 등 아홉 명의 부상자를 병원으로 이송했다,0.5909,0.2273,0.2045,0.3409
korean,p56,u10,의식이 없던 중상자 두 명은 현재 회복해 생명에는 지장이 없는 것으로 전해졌다,0.5814,0.2093,0.1395,0.1628
korean,p56,u11,당초에는 중상 네 명 경상 열 일곱 명 등 총 이십 일 명의 부상자가 발생한 것으로 알려졌으나 단순 흡입자는 집계에서 제외됐다,0.5714,0.2286,0.1286,0.3143
korean,p56,u12,다만 통증을 호소하는 근로자들을 추가로 파악 중이어서 부상자가 늘어날 수 있다,0.3488,0.1163,0.093,0.186
korean,p56,u13,사고는 콘크리트 양생 작업 중 숯탄 난로를 피우다가 발생한 것으로 추정된다,0.5122,0.1463,0.1463,0.3659
korean,p56,u14,관계 당국은 구조대 등 인력 서른 여덟 명과 장비 열 일곱 대 등을 동원하고 구급 대응 일 단계를 발령했다가 이날 오후 여섯 시 십 오 분께 해제했다,0.7952,0.1446,0.2289,0.2771
korean,p56,u15,겨울철 건설 현장에서 콘크리트 등의 보온 양생을 할 때 밀폐된 환경에서 난로를 피우다가 일산화탄소 중독으로 이어질 수 있다,0.5,0.0882,0.1029,0.2059
korean,p56,u16,일산화탄소는 무색무취의 기체로 갈탄이나 숯탄 등 연료가 불완전 연소할 때 발생한다,0.4222,0.2222,0.2889,0.2222
korean,p56,u17,문재인 대통령은 이십 오 일 청와대 여민관에서 마지막 수석 보좌관 회의를 주재하고 감회가 깊다고 소감을 밝혔다,0.6557,0.1148,0.082,0.2131
korean,p56,u18,문 대통령은 이날 오후 두 시 수보회의를 열고 오늘은 앞으로 특별한 일이 없다면 마지막 수보회의가 될지도 모르겠다,0.4762,0.1429,0.2381,0.254
korean,p56,u19,모두 인사 말씀을 드리지 않고 바로 의안을 논의하도록 하겠다며 같히 말했다,0.439,0.0488,0.0732,0.2195
korean,p56,u20,앞서 열린 수보회의에서 문 대통령은 별도의 메시지를 내지 않은 경우가 종종 있었다,0.4667,0.1556,0.2,0.2889
korean,p56,u21,특히 이날은 뒤이어 진행될 청와대 출입 기자단 간담회가 예정돼 있어 구체적인 메시지는 생략한 것으로 보인다,0.5085,0.2542,0.1525,0.3051
korean,p56,u22,이날 회의에는 외부 전문가로 이우일 한국과학기술단체 총연합회 회장 이상률 한국 항공 우주 연구원 원장이 참석했다,0.4032,0.1129,0.129,0.2097
korean,p56,u23,박수경 과학기술보좌관이 문재인 정부 과학 기술 혁신 성과와 과제라는 주제로 발제를 했다,0.6042,0.2708,0.1667,0.25
korean,p56,u24,문 대통령은 우리 이우일 회장님과 이상률 원장님이 토론의 격을 높여주실 것으로 기대한다고 말했다,0.7925,0.1698,0.1132,0.3585
korean,p56,u25,엔에이치농협은행 정선군지부 이세정 과장보가 지난 이십 이 일 열린 제 구 회 외국환 달인 선발 대회에서 금상을 받았다,0.8308,0.2308,0.1385,0.4462
korean,p56,u26,엔에이치농협은행 이날 서울 중구 본사에서 전국에서 예선을 통과한 칠십 육 명을 대상으로 외국환 달인 선발 대회를 진행했다,0.6866,0.3134,0.2388,0.3881
korean,p56,u27,전국 이천 육백 여명의 직원이 참가 할 정도로 뜨거웠던 이번 대회는 서바이벌 형식으로 외국환 지식 및 경험을 겨루는 방식으로 펼쳐졌다,0.5946,0.1081,0.1622,0.2568
korean,p56,u28,본선 대회에서 월등한 기량을 선보인 이세정 정선군지부 과장보는 이 위인 금상을 차지했다,0.9167,0.375,0.1875,0.4167
korean,p56,u29,이세정 과장보는 평소 외국환에 대한 관심이 많아 조금씩 공부했었다면서 앞으로도 더 많이 공부해 지역 주민들에게 도움을 줄 수 있도록 노력하겠다고 했다,0.5181,0.0602,0.0964,0.0482
korean,p56,u30,지난 이십이 일 중구 본사에서 제구 회 외국환 달인 선발대회를 개최했다고 이십삼 일 밝혔다,0.66,0.18,0.22,0.24
korean,p56,u31,외국환 달인 선발 대회는 엔에이치농협은행 전 직원이 서바이벌 형식으로 외국환 지식 및 경험을 겨루는 대회다,0.6949,0.2712,0.3729,0.4407
korean,p56,u32,인천시 남동구가 지난해부터 지역 자활 센터에서 운영해 온 다회용기 세척 사업에 구청 인근 카페들이 동참했다,0.6949,0.1356,0.1695,0.3051
korean,p56,u33,지난해 구 월 출범한 다회용기 세척 사업단는 일회용품 사용을 줄이기 위해 다회용기 컵을 수거 세척 소독 등의 과정을 거쳐 제공하고 있다,0.5467,0.1867,0.2,0.2933
korean,p56,u34,십 구 일 구에 따르면 현재 남동구 열 세 개 부서에서 다회용기 컵을 사용하고 있으며 최근 사업 활성화를 위해 다회용기 세척 사업단과 구청 인근 카페 세 곳을 연계했다,0.6452,0.1398,0.1398,0.3441
korean,p56,u35,이들 카페는 세척 사업단의 다회용기 컵을 사용하며 청사 내에서 자유롭게 컵을 배출할 수 있도록 구 본청과 보건소 등 사 곳에 전용 수거함도 설치했다,0.7073,0.122,0.2805,0.2561
korean,p56,u36,이는 친환경 남동구 조성뿐만 아니라 저소득층의 안정된 일자리 제공을 위한 자활 사업단 활성화 카페를 이용하는 직원들의 편리함까지 모두 고려한 결과다,0.6829,0.1463,0.1829,0.2561
korean,p56,u37,현재 사업에 참여하는 카페는 쉬는 시간 카페 이십 일 카페 로로 등으로 그 외의 점포에서도 긍정적 답변을 받아 더욱 확대될 전망이다,0.6575,0.1644,0.1507,0.274
korean,p56,u38,이강호 구청장은 지금은 다회용기 컵을 대부분 직원만 사용하고 있지만 구청을 방문하는 민원인에게도 적극 홍보해 친환경 남동구를 만들도록 노력하겠다고 밝혔다,0.4941,0.1176,0.1294,0.2
korean,p56,u39,한편 구는 사 월 일 일부터 친환경 자원 순환 정책에 발맞춰 청사 내 일회용품 반입을 전면 금지했다,0.7091,0.4,0.3091,0.4909
korean,p56,u40,한국 소비자원과 한국 가스 안전 공사는 오는 삼십 일 일 핼러윈을 앞두고 헬륨 가스 소비자 안전 주의보를 이십 팔 일 발령했다,0.7143,0.2429,0.2429,0.2714
korean,p56,u41,목소리를 변조하려고 헬륨 가스를 다량 마시다 질식사할 수 있다는 우려 때문이다,0.5116,0.3256,0.2326,0.3488
korean,p56,u42,풍선 충전에 주로 사용되는 헬륨 가스는 무독성 불활성 기체로 다량을 한꺼번에 들이마시면 산소 공급이 차단돼 질식사할 수 있다,0.4348,0.2174,0.2174,0.2754
korean,p56,u43,소비자원은 최근 국내외에서 헬륨 가스 과다 흡입에 따른 어린이 안전 사고가 발생하고 있는 만큼 재미나 호기심에 따른 흡입을 하지 말아 달라고 당부했다,0.506,0.1205,0.1687,0.2048
korean,p56,u44,최근 십 년간 소비자위해감시시스템에 접수된 헬륨 가스 안전 사고는 일곱 건으로 발생 빈도가 높지는 않지만 이 중 여섯 건이 어린이 사고였다,0.5714,0.1039,0.1558,0.1818
korean,p56,u45,특히 온라인에서 주로 판매되는 저압 헬륨 가스의 경우 별도 관리 규정이 없어 안전 사각지대에 놓여있다,0.2679,0.0714,0.125,0.125
korean,p56,u46,소비자원이 가스 안전 공사와 함께 온라인에서 판매되는 헬륨 가스 아홉 개 제품의 유통 실태를 조사한 결과 절반 이상인 다섯 개에 과다 흡입 위험에 대한 경고 표시가 없었다,0.5474,0.1789,0.1895,0.2
korean,p56,u47,또 두 개 제품은 고압 가스에 해당하는데도 등록 차량이 아닌 택배로 불법 유통되는 것으로 확인됐다,0.4444,0.0556,0.0556,0.1111
korean,p56,u48,소비자원은 이같은 조사를 바탕으로 온라인 플랫폼 사업자와 협업해 입점 판매자를 대상으로 주의 경고 표시 강화를 요청할 계획이다,0.4571,0.1,0.0571,0.1
korean,p56,u49,가스 안전 공사는 고압 헬륨 가스 제품에 흡입 금지를 표시하도록 가스 기술 기준을 개정해 내달 십 일 일부터 시행에 들어간다,0.4348,0.1304,0.1304,0.1594
korean,p56,u50,사회적 거리두기 완화 이후 첫 핼러윈 시즌을 맞아 관련 상품을 찾는 소비자가 급속하게 늘고 있다,0.3396,0.0755,0.0377,0.0943
korean,p56,u51,패션 플랫폼 에이블리는 이달 일 일에서 십 육 일 핼러윈 검색량이 지난해 같은 기간 대비 백 육십 퍼센트 증가했다고 이십 오 일 밝혔다,0.5333,0.2133,0.1467,0.2133
korean,p56,u52,핼러윈 파티가 열리는 대표 장소인 이태원 에버랜드 롯데월드 등 특정 장소 검색량이 급증했다,0.34,0.16,0.18,0.16
korean,p56,u53,패션 카테고리에서는 핼러윈 코스프레 검색량이 백 사십 삼 배가량 크게 늘었다,0.4286,0.1905,0.1905,0.119
korean,p56,u54,파티 소품 파티 세트 등 장식용품과 상처 분장 뱀파이어 망토 등 소품 검색량도 크게 증가했다,0.5294,0.2353,0.1765,0.1569
korean,p56,u55,이렇듯 핼러윈에 대한 관심이 고조되자 유통업계에서는 각종 할인 행사 및 이벤트를 진행하고 있다,0.5577,0.25,0.2308,0.2885
korean,p56,u56,롯데마트는 핼러윈을 맞아 이달 말까지 핼러윈 과자 파티 할인 행사를 연다,0.575,0.275,0.35,0.25
korean,p56,u57,핼러윈 스페쇼우 젤리스트로우 등 단독 상품을 출시하고 일정 금액 이상 구매 시 상품권을 증정한다,0.6981,0.1509,0.2075,0.2264
korean,p56,u58,토이저러스에서는 씨제이 이엔엠 인기 콘텐츠인 신비아파트 캐릭터의 핼러윈데이 의상 소품 사탕 바구니 등 다양한 파티 용품을 선보인다,0.5972,0.1528,0.25,0.3194
korean,p56,u59,롯데온에서도 오는 삼십 일까지 핼러윈을 맞아 인테리어 소품 코스프레 용품 등 파티 용품 기획전을 개최한다,0.6034,0.1379,0.1379,0.2069
korean,p56,u60,안산시청이 에이스 황지나의 활약을 앞세워 대전 시설 관리 공단을 꺾고 이천 이십 이 두나무 한국 프로 탁구 리그 여자 내셔널 리그 삼 연승을 달성했다,0.5904,0.2289,0.241,0.2892
korean,p56,u61,안산시청은 이십 팔 일 수원 탁구 전용 경기장 스튜디오 티에서 열린 케이티티엘 여자 내셔널 리그에서 대전 시설 관리 공단을 상대로 삼 대 일 승리를 따냈다,0.5581,0.2442,0.1628,0.3953
korean,p56,u62,안산시청 황지나는 일 매치에서 대전 시설 관리 공단 박채원을 상대로 이 대 영 승리를 거뒀다,0.5098,0.3137,0.3137,0.3725
korean,p56,u63,이 매치는 안산시청 박세리가 대전 시설 관리 공단 권아현에게 일 대 이로 패배하며 승부는 원점으로 돌아갔다,0.5085,0.1864,0.1864,0.2712
korean,p56,u64,안산시청은 삼 매치서 복식 육 전 전승을 달리고 있는 이영은 박세리 조가 출전해 대전 시설 관리 공단 박채원 윤아린 조를 이 대 일로 꺾으며 리드를 잡았다,0.5116,0.2326,0.2209,0.2674
korean,p56,u65,사 매치에서 안산시청은 에이스 황지나가 권아현을 상대로 일 세트 십 일 대 사 이 세트를 십 일 대 육으로 제압하며 대전 시설 관리 공단을 상대로 삼 대 일 승리를 굳혔다,0.5579,0.1684,0.1684,0.2105
korean,p56,u66,이번 승리로 안산시청은 승점 십 칠 점을 기록했으며 일 위 금천구청과 이 위 수원시청에 이어 삼 강 체제를 공고히 했다,0.6515,0.1515,0.2727,0.3788
korean,p56,u67,남자 내셔널 리그에서는 인천 시설 공단이 산청군청과 접전 끝에 삼 대 이로 역스윕 승리를 거뒀다,0.7736,0.3396,0.3774,0.4717
korean,p56,u68,인천 시설 공단은 이번 승리로 사 연승을 기록하며 승점 이십 이 점으로 일 위 제천시청을 승점 팔 점 차로 따라붙었다,0.6154,0.1231,0.2,0.2154
korean,p56,u69,치킨 브랜드 교촌치킨을 운영하는 교촌에프앤비가 점주 전용 웹사이트인 가맹점 공간을 개편했다고 십 오 일 밝혔다,0.6393,0.1967,0.1967,0.3443
korean,p56,u70,가맹점 공간은 가맹점과의 원활한 커뮤니케이션과 상생을 위해 마련된 내부 소통 창구이다,0.6596,0.2128,0.234,0.3404
korean,p56,u71,해당 공간에서는 가맹점 운영에 필요한 본사 공지 사항 가맹점주들의 요청 사항 및 점주 소식 등이 게재된다,0.5862,0.1897,0.1897,0.2759
korean,p56,u72,이번 개편은 점주 및 본사 직원들이 원하는 정보를 더욱 쉽고 빠르게 얻을 수 있도록 편의성 증대와 접근성 용이에 초점을 맞춰졌다,0.4648,0.2254,0.2394,0.3099
korean,p56,u73,보다 직관적이고 체계적인 인터페이스룰 구현한 점이 가장 큰 특징이다,0.9459,0.1081,0.2162,0.1622
korean,p56,u74,사용자들이 각자 필요한 카테고리만 선별해 볼 수 있도록 직접 메인 화면의 대시보드를 설정 할 수 있는 기능 등이 포함됐다,0.3881,0.0746,0.1791,0.2985
korean,p56,u75,또한 휴대폰 등 모바일 환경에서도 편리하게 사용 할 수 있도록 기능을 최적화했다,0.2727,0.0682,0.0227,0.1136
korean,p56,u76,교촌은 가맹점 공간 개편을 통해 가맹점과의 소통을 한층 강화하고 더 나아가 고객 만족도 향상까지 함께 만들어낼 방침이다,0.7879,0.1818,0.1818,0.3485
korean,p56,u77,울산시는 죽순 지킴이 봉사단이 오는 육 월 말까지 죽순을 훼손하거나 무단 채취하는 행위를 집중 단속한다고 이십 팔 일 밝혔다,0.6812,0.4348,0.3188,0.4928
korean,p56,u78,앞서 시는 대숲에 울타리를 세우고 죽순 채취를 금지한다는 홍보 깃발과 현수막 등을 설치했다,0.76,0.34,0.3,0.42
korean,p56,u79,죽순 지킴이 봉사단은 죽순을 무단 채취하거나 훼손하는 행위를 단속하는 한편 대숲을 방문한 시민들에게 죽순과 대나무숲 가치의 중요성에 대한 홍보도 병행한다,0.6353,0.2353,0.2235,0.3059
korean,p56,u80,시는 불법으로 죽순을 채취하거나 훼손한 사람을 적발할 경우 형법 제 삼백 육십 육 조에 따라 강력하게 대처할 방침이다,0.4923,0.1692,0.1385,0.1846
korean,p56,u81,죽순을 채취하면 공공재 훼손과 공공재 절도에 해당해 처벌을 받는다,0.6667,0.1111,0.1389,0.3056
korean,p56,u82,태화강 국가정원의 대숲은 태화지구와 삼호지구에 형성되어 있으며 현재 왕대 맹종죽 오죽 구갑죽 등 다양한 대나무가 분포되어 있다,0.4857,0.3429,0.2286,0.3286
korean,p56,u83,군산에서 최고 비싼 땅은 수송동 롯데마트 부지로 제곱미터당 이백 구십 만 사천 원으로 나타났다,0.4231,0.1154,0.0769,0.1923
korean,p56,u84,또한 최저가지는 임피면 보석리 소재 승화원 부지로 제곱미터당 이천 이백 이십 원으로 확인됐다,0.6667,0.2353,0.2549,0.2745
korean,p56,u85,이같은 사실은 이십 팔 일 군산시가 이천 이십 이 년 일 월 일 일 기준으로 사용될 개별 공시 지가 결정 공시 발표에서 밝혀졌다,0.5634,0.0986,0.169,0.1408
korean,p56,u86,십 구 만 삼천 이백 삼십 이 필지를 대상으로 시행된 개별 공시 지가는 토지 관련 국세 및 지방세와 각종 부담금 등의 기초 자료로 활용된다,0.5714,0.1299,0.1039,0.2468
korean,p56,u87,시는 결정된 지가를 시청 읍면동 주민 센터 부동산 공시 가격 알리미 사이트를 통해 제공한다,0.62,0.22,0.26,0.28
korean,p56,u88,지가에 이의가 있는 토지 소유자는 오는 오 월 삼십 일까지 시청 토지 정보과 읍면동 주민 센터에서 이의신청을 받는다,0.5156,0.0625,0.1094,0.1406
korean,p56,u89,이의 신청서가 제출된 토지는 국토 교통부 지정 감정 평가사의 정밀 검증을 거친다,0.75,0.1364,0.2727,0.1591
korean,p56,u90,현지에서 토지 특성을 상세히 확인 후 부동산 가격 공시 위원회의 심의 절차를 밟아 오는 육 월 이십 삼 일까지 처리 후 결과를 개별 통지된다,0.6538,0.1667,0.1795,0.3205
korean,p56,u91,군산시 토지 정보과 김장섭 과장은 시민들의 재산과 밀접된 만큼 시민들의 의견 청취와 수렴에 만전을 기하겠다고 말했다,0.5312,0.2031,0.1094,0.2344
korean,p56,u92,앞으로 근로자 스스로 일하는 시간이나 장소를 탄력적으로 조정할 수 있게 될 전망이다,0.3478,0.0435,0.0,0.0435
korean,p56,u93,정부는 십 육 일 정부 서울 청사에서 관계 부처 장관 합동 브리핑을 열고 이같은 내용이 담긴 새정부 경제 정책 방향을 발표했다,0.5429,0.1571,0.1714,0.2714
korean,p56,u94,윤석열 정부는 급변하는 노동 시장 환경에 맞춰 그동안 나인 투 식스로 획일적이었던 근로 시간을 개편하겠다는 방침이다,0.7344,0.2031,0.1406,0.1719
korean,p56,u95,먼저 기존과 같이 주 오십 이 시간제 틀에서 유연 근로제 활성화를 추진하는 등 운용 방법과 이행 수단을 차차 개선하기로 했다,0.5797,0.1594,0.1159,0.2754
korean,p56,u96,이를 위해 초과 연장 근로 시간을 저축하는 근로 시간 저축 계좌제 도입을 추진하고 연장 근로 시간 총량을 관리하는 단위 확대에 나선다,0.5135,0.2432,0.0946,0.2703
korean,p56,u97,예를 들어 오늘 다섯 시간 근무했다면 내일 열 시간 하는 식으로 주 오십 이 시간 내에서 유연하게 일할 수 있게 되는 셈이다,0.3768,0.058,0.058,0.087
korean,p56,u98,또 정부는 선택적 근로 시간제 정산 기간도 늘려 유연 근로제 확산에 나서겠다는 계획이다,0.6042,0.1667,0.2083,0.3125
korean,p56,u99,스타트업이나 전문직의 근로 시간 운영에 대한 애로 사항도 해소하겠다고 정부 측은 설명했다,0.6531,0.1837,0.1837,0.2857
french,gvsTumIuO1,7805,cela aurait supposé mettre un terme a l'isolationnisme américain qui était encore très populaire,0.4792,0.3125,0.4062,0.4271
french,gvsTumIuO1,7808,la soif intervient dans le maintien de la balance hydrique,0.431,0.1897,0.2241,0.1897
french,Gw-9o1i7nY,5013,un bureau mondial est établi a londres,0.6842,0.6053,0.7632,0.7632
french,6ft7Ezz5sQ,20690,la plupart des métros roulent sur des rails classiques a écartement standard,0.7895,0.7368,0.7368,0.75
french,chc_pimJ0Z,23271,avant même leur première rencontre avec les européens certains peuples avaient déja été anéantis,0.3125,0.1979,0.5417,0.2083
french,3OxxtNhkuv,16315,ici de gaulle mobilise toutes ces composantes afin de soulever le peuple français,0.1481,0.1111,0.0741,0.1605
french,sNt2CPV1iq,19146,naivement il accepte de se faire photographier lors de la remise du chèque,0.6351,0.5135,0.6081,0.4865
french,G47ONLSoe8,29159,puis il est nommé sous secrétaire d'état aux affaires étrangères,0.875,0.7812,0.5469,0.6875
french,e97ki3c8DL,33159,il commence alors a travailler en tant que peintre,0.06,0.12,0.06,0.12
french,sNt2CPV1iq,19184,sa surface blanche permet une bonne perception des nuances,0.3966,0.4828,0.3448,0.431
french,u5rOEWmzeT,27284,ses activités toujours liées a la musique jazz allaient de la radio a l'édition,0.2152,0.1899,0.0759,0.1646
french,u5rOEWmzeT,27294,leurs cultures est assez exigeante,0.1471,0.1176,0.0882,0.0882
french,u5rOEWmzeT,27334,il écrit plusieurs scénarios qu'il tente de vendre sans succès,0.1452,0.0161,0.0161,0.0161
french,5eh1ULfUPE,11091,il obtint alors une récompense de deuxième classe,0.8163,0.449,0.9184,0.6939
french,G47ONLSoe8,29133,cette thérapie ne contient par ailleurs aucune substance chimique ou ingrédient actif,0.8706,0.6941,0.5294,0.3647
french,5eh1ULfUPE,11131,le couturier saisit le gout celtisant de l'époque et se fait styliste,0.6957,0.6957,0.6957,0.5217
french,Ds2mE5UGnZ,803,presque toute la population mexicaine parle le castillan,0.0714,0.0357,0.0714,0.0357
french,e97ki3c8DL,33167,les variables aléatoires sont très utilisées en théorie des probabilités et en statistiques,0.0659,0.011,0.1758,0.011
french,gvsTumIuO1,7887,la place paul bert accueille les courses de vaches lors des fêtes de bayonne,0.1711,0.3816,0.5,0.5
french,gvsTumIuO1,7874,plusieurs centrales électriques jalonnent le cours de la rivière,0.4531,0.3906,0.7344,0.6094
french,Gw-9o1i7nY,5068,celle ci entrave toute future expansion des nabatéens,0.3019,0.3019,0.3585,0.3396
french,3OxxtNhkuv,16249,bagarreur il se sent la vocation de guerrier,0.2727,0.25,0.1364,0.2955
french,chc_pimJ0Z,23350,la croissance organique s'oppose a la croissance externe qui se fait par fusion acquisition,0.2418,0.2418,0.2527,0.3736
french,ZKoFaz9Mrj,8203,cependant la puissance économique américaine est concurrencée par de nombreux pays,0.7073,0.1463,0.7561,0.3902
french,g5TFstLFyq,2547,au cours de la période ptolémaique il fut associé par les grecs a apollon,0.1644,0.1644,0.2055,0.2329
french,sNt2CPV1iq,19088,elle comprend espèces réparties en une dizaine de genres,0.6071,0.3393,0.5,0.3393
french,chc_pimJ0Z,23307,la région encore peu urbanisée est réputée pour la beauté de ses paysages,0.4247,0.4658,0.3973,0.411
french,Ds2mE5UGnZ,785,plusieurs objets mathématiques développent d'autres aspects de la notion,0.0278,0.0139,0.1111,0.0278
french,chc_pimJ0Z,23285,marie est étudiante joue au basket et travaille dans la station service de son père,0.4578,0.4578,0.4458,0.5422
french,chc_pimJ0Z,23376,ils devinrent rapidement populaires et furent a l'origine du concept de qualité totale,0.4302,0.2674,0.3488,0.3605
french,0d3yVC7C9M,338,il dit avoir été libéré par le docteur ferdière,0.0638,0.0426,0.1915,0.0213
french,Ds2mE5UGnZ,847,il possède de cotes très découpées le long de l'océan atlantique,0.2969,0.1406,0.125,0.3281
french,ll30-whTFY,22501,elle est immédiatement absorbée,0.871,0.6452,0.8065,0.5161
french,sNt2CPV1iq,19082,aurore décide de tout quitter et de venir a paris ou elle devient mannequin,0.4667,0.2667,0.44,0.3067
french,r2eK3YXjAU,21981,les noms connus et prestigieux sont en fait des marques commerciales,0.9706,0.5,0.7353,0.7353
french,Ds2mE5UGnZ,767,le propriétaire peut personnaliser la plaque de son automobile en échange d'une taxe,0.131,0.1905,0.0714,0.0952
french,yP5TS6EloW,10042,cependant l'angoisse de benjamin se précise peu a peu,1.0,0.8302,0.6981,0.9434
french,ll30-whTFY,22346,les antibiotiques sont inefficaces contre les maladies virales,0.3548,0.1935,0.3871,0.8387
french,u5rOEWmzeT,27310,certaines études tendent a montrer que le capital risque est favorable a la croissance économique,0.0722,0.0722,0.1546,0.134
french,r2eK3YXjAU,22050,a ce moment de la journée même en été il fait froid,1.0,0.7647,0.7843,0.6667
french,yP5TS6EloW,9917,en passant a travers ces auras il arrive a connaitre leurs émotions,0.5522,0.7463,0.7015,0.8358
french,n-0_tPnwIy,26824,cette relation prit fin lors de son brusque changement d'allégeance politique,0.7792,0.5974,0.6494,0.7532
french,r2eK3YXjAU,22027,les prises de vues s'effectuent normalement a peu près de niveau,0.625,0.7031,0.7188,0.6719
french,e97ki3c8DL,33330,celle ci souhaitait pouvoir porter ses voitures a bras d'homme,0.2258,0.2097,0.4194,0.1774
french,6ft7Ezz5sQ,20609,le rouergue était intégré a l'apanage du duc d'anjou,0.7692,0.8077,0.9808,0.8077
french,UnuvxPW6Pc,3535,elle désigne parfois des aspects esthétiques dans la littérature,0.0312,0.0156,0.1094,0.0156
french,UnuvxPW6Pc,3479,on écrit ainsi trois ampères deux teslas,0.4,0.275,0.275,0.175
french,e97ki3c8DL,33223,cette plaque donne cependant les couleurs de l'écu,0.14,0.18,0.36,0.16
french,chc_pimJ0Z,23426,le mal a deux aspects il peut être actif ou passif péché ou souffrance,0.5714,0.5571,0.5,0.6286
french,pUaQKQSh7E,17041,l'homogénéité des roches varie en fonction des minéraux,0.3091,0.2182,0.4909,0.2182
french,Ds2mE5UGnZ,818,moyennant redevance ceux ci y louaient des boutiques pour exercer leur commerce,0.2911,0.1772,0.1646,0.1772
french,ll30-whTFY,22443,l'état peut sanctionner les entreprises qui ne respecteraient pas les textes rappelés précédemment,0.3163,0.2959,0.3776,0.3878
french,n-0_tPnwIy,26951,l'urbanisme berchemois est très peu tourné vers l'industrie,0.9661,0.7627,0.7966,0.8305
french,5eh1ULfUPE,11132,il en portera le deuil mélancolique toute sa vie,0.75,0.7083,0.6667,0.6667
french,ll30-whTFY,22500,le sera marqué par une multiplication du nombre de manufactures de faience en france,0.7619,0.381,0.5714,0.5595
french,IrXN65uF2D,18645,il fit de nombreuses recherches sur la vertu nutritive de différentes substances,1.0,0.625,0.475,0.6875
french,yP5TS6EloW,9988,ceci fournit une définition possible de la fonction exponentielle a partir du logarithme,0.5455,0.6023,0.6932,0.5795
french,6ft7Ezz5sQ,20695,la consoude est utilisée comme engrais végétal en agriculture biologique,0.6111,0.7222,1.0,1.0
french,IrXN65uF2D,18504,son siège social est situé a paris,0.9118,0.7059,0.6176,0.6471
french,e97ki3c8DL,33278,des règles de sécurité sont a respecter lors de leurs utilisations,0.0455,0.0455,0.1818,0.0606
french,IrXN65uF2D,18505,il apporte son soutien a la diplomatie scientifique de la france,0.875,0.4219,0.5,0.5
french,g5TFstLFyq,2552,c'est le cas par exemple de certains grands prêtres des temples,0.0317,0.127,0.0952,0.1587
french,pUaQKQSh7E,17059,on peut également lier vers des sites n'utilisant pas de système wiki,0.1014,0.1159,0.2319,0.087
french,pUaQKQSh7E,17056,les apiacées sont principalement des plantes herbacées annuelles souvent odorantes parfois bisannuelles ou vivaces,0.2982,0.2105,0.2895,0.2895
french,r2eK3YXjAU,22125,la commune se trouve dans l'arrondissement d'épernay du département de la marne,0.7089,0.7089,0.5443,0.6835
french,ll30-whTFY,22507,on les utilise en addition a des argiles dont on veut augmenter la plasticité,0.4675,0.3506,0.6753,0.7403
french,UnuvxPW6Pc,3460,il convient de noter qu'aucun des trois n'a eu officiellement le titre de shogun,0.2,0.0875,0.0875,0.075
french,IrXN65uF2D,18649,cette affaire d'espionnage a lieu durant la guerre froide,0.7544,0.807,0.7368,0.7719
french,chc_pimJ0Z,23374,pas de bonus vidéo,0.1667,0.2222,0.9444,0.1667
french,pUaQKQSh7E,16957,ce sont donc des signes d'un climat chaud qui perdurera pendant toute la période,0.2125,0.05,0.175,0.025
french,r2eK3YXjAU,22098,il aurait pu consulter une source montrant ce drapeau et le reproduire par erreur,0.8765,0.7901,0.6543,0.7901
french,Ds2mE5UGnZ,840,la défaite de celui ci par sylla lucullus puis pompée rendit l'archipel a rome,0.5,0.3333,0.3974,0.3974
french,chc_pimJ0Z,23397,celle ci femme libre et audacieuse intimide baptiste qui n'ose pas lui déclarer son amour,0.5393,0.4831,0.6966,0.6067
french,u5rOEWmzeT,27220,en raison de leur photosensibilité les chlorines sont utilisées comme photosensibilisant en photochimiothérapie,0.2162,0.0631,0.0721,0.0721
french,pUaQKQSh7E,16952,les taureaux de combat sont sélectionnés pour leur combativité,0.1129,0.0484,0.0484,0.0968
french,n-0_tPnwIy,26932,dans ces limites leurs pouvoirs s'exercent en permanence,0.8036,0.8036,0.8393,0.7857
french,6ft7Ezz5sQ,20722,édouard traversant un pays vide doit se contenter de ses réserves,0.8308,0.4462,0.2462,0.7077
french,pUaQKQSh7E,17074,cette source d'énergie appelée énergie solaire est a la base de la vie,0.0571,0.1571,0.1571,0.1
french,3OxxtNhkuv,16293,ses travaux étaient orientés vers les applications médicales hygiéniques agricoles et industrielles,0.2525,0.0606,0.2828,0.1313
french,0d3yVC7C9M,369,dans l'aire inca on pratiquait une offrande a pachamama la terre mère,0.3188,0.2464,0.3043,0.2464
french,0d3yVC7C9M,371,voici les codes et leur prononciation,0.0811,0.0811,0.1892,0.1081
french,Ds2mE5UGnZ,783,si elles se recoupent parfois elles sont souvent distantes et se contredisent ponctuellement,0.1196,0.0652,0.0326,0.0435
french,3OxxtNhkuv,16358,a ce titre la sonde spatiale se trouve toujours dans le système solaire,0.2394,0.0845,0.2394,0.0845
french,e97ki3c8DL,33239,elle inclut également de nombreux spectacles de rue,0.0392,0.098,0.2549,0.0392
french,u5rOEWmzeT,27317,le concept était ambitieux et innovant,0.2105,0.0526,0.0789,0.0526
french,3OxxtNhkuv,16397,certaines espèces sont cultivées comme plantes ornementales,0.1525,0.1186,0.1525,0.0847
french,sNt2CPV1iq,19107,il y recevait souvent ses amis acteurs et cinéastes,1.0,0.7843,0.6667,0.7647
french,3OxxtNhkuv,16259,l'étrangeté de son comportement plonge la cour dans la perplexité,0.3692,0.1231,0.4923,0.2923
french,0d3yVC7C9M,336,fournier est mort sans avoir eu d'enfant,0.35,0.15,0.125,0.25
french,chc_pimJ0Z,23272,elle se veut très fortement adaptable aux spécificités de chaque projet,0.1408,0.1268,0.169,0.1549
french,n-0_tPnwIy,26959,ses couleurs sont le jaune et le bleu,0.7297,0.7568,0.7297,0.8108
french,n-0_tPnwIy,26921,les secteurs d'applications sont nombreux,0.878,0.8537,0.7073,0.8049
french,6ft7Ezz5sQ,20765,les auteurs participant a cet album ont été retenus par une petite commission d'auteurs,0.6092,0.4598,0.5287,0.4023
french,ZKoFaz9Mrj,8140,il est le président de la communauté d'agglomération de chalons en champagne,0.5526,0.4868,0.4211,0.5263
french,IrXN65uF2D,18648,ces organes peuvent créer des groupes de travail chargés d'examiner des questions particulières,0.7158,0.7789,0.7579,0.8316
french,e97ki3c8DL,33284,l'excommunication pouvait être prononcée par le pape un concile ou un évêque,0.0921,0.0395,0.1711,0.0526
french,ll30-whTFY,22333,il s'agit la d'une synecdoque particularisante,0.8043,0.7609,1.0,0.6739
french,yP5TS6EloW,9992,il comprend cinq conseillers d'état élus pour quatre ans,0.7143,0.8036,0.9286,0.7679
french,ll30-whTFY,22445,les brevets sont un frein a l'innovation,0.775,0.7,0.875,0.85
french,ZKoFaz9Mrj,8173,il figure parmi les outils généralement recommandés,0.8039,1.0,1.0,0.7843
french,0d3yVC7C9M,379,l'agnosticisme n'est donc pas antithéiste,0.0976,0.1463,0.0976,0.0732
french,3OxxtNhkuv,16295,c'est une supergéante de couleur rouge orangé froide et bien apparente a l'oeil nu,0.2683,0.2683,0.2439,0.2439
french,ll30-whTFY,22373,malgré cela son nom figure au générique,0.7949,0.7179,0.7949,0.7179
french,yP5TS6EloW,10027,ça résume toute sa vie,0.9091,0.6364,0.8182,0.8636
french,u5rOEWmzeT,27394,les paroisses peuvent être regroupées en vicariat forain,0.2321,0.25,0.25,0.1429
french,3OxxtNhkuv,16357,elle est ainsi l'artefact humain le plus loin de la terre jamais envoyé,0.2254,0.0986,0.3099,0.1549
french,3OxxtNhkuv,16244,une exploitation agricole y subsiste encore,0.5349,0.1628,0.7209,0.2326
french,u5rOEWmzeT,27231,le mimosa le plus répandu vit pratiquement a l'état sauvage par massifs étendus,0.3418,0.1139,0.2152,0.0886
french,r2eK3YXjAU,22053,il importe de garder un fond lourd pour assurer stabilité et résonance vibratoire,1.0,0.4198,0.4444,0.6173
french,ZKoFaz9Mrj,8178,la viande de gnou est très appréciée des peuples autochtones,0.6333,0.3333,0.4833,0.6
french,3OxxtNhkuv,16289,le bananier contrairement aux apparences n'est pas un arbre mais une plante herbacée,0.131,0.119,0.3333,0.0357
french,u5rOEWmzeT,27338,ces animaux ont ensuite été largement exploités par l'homme pour divers usages,0.1154,0.2051,0.1538,0.1795
french,IrXN65uF2D,18622,les templiers inventèrent ainsi le bon de dépot,0.7234,0.7447,0.6383,0.6383
french,chc_pimJ0Z,23372,son dernier manuscrit n'a pas été retrouvé,0.8333,0.6429,0.8571,0.5238
french,sNt2CPV1iq,19160,elle est la première femme iranienne a recevoir ce prix,0.8909,0.7636,0.6545,0.8364
french,6ft7Ezz5sQ,20726,il dessert une ou plusieurs salles avant d'arriver dans la chambre funéraire,0.5263,0.5,0.7368,0.6842
french,Ds2mE5UGnZ,740,il existe aussi des mentions concernant charlemagne dans les écrits historiques du byzantin théophane,0.2277,0.1782,0.3663,0.1881
french,gvsTumIuO1,7853,il décide de lui pardonner et demande sa réintégration au sein de l'hopital,0.24,0.2,0.1867,0.3333
french,n-0_tPnwIy,26903,sa fille anne est devenue médecin son fils marc pilote tous ont l'air heureux,0.7403,0.7922,0.7403,0.7143
french,chc_pimJ0Z,23326,les techniciens et les acteurs sur le film sont en participation,0.5156,0.1719,0.1875,0.1719
french,3OxxtNhkuv,16264,cette hypothèse s'est rapidement révélée incorrecte mais le nom est resté,0.274,0.0411,0.1644,0.3151
french,chc_pimJ0Z,23414,le critère d'éligibilité concerne surtout la nationalité du réalisateur et de la production,0.4505,0.2857,0.3626,0.4066
french,IrXN65uF2D,18556,sa densité de peuplement est insuffisante pour la rechercher spécifiquement,0.72,0.4533,0.44,0.6267
french,r2eK3YXjAU,22051,les premiers prisonniers sont des opposants politiques polonais socialistes ou communistes pour la plupart,0.7547,0.6604,0.6604,0.7075
french,Ds2mE5UGnZ,810,elles sont perforées au centre et polies a l'endos,0.2,0.16,0.28,0.22
french,n-0_tPnwIy,26983,avant de décéder frédéric guillaume proclame qu'il voit en frédéric son digne successeur,0.7159,1.0,1.0,1.0
french,Gw-9o1i7nY,5017,le site de poisy fut occupé très tot dès l'époque gallo romaine,0.4286,0.3968,0.5238,0.381
french,ll30-whTFY,22460,seule la belgique fit exception a cette règle,0.7556,0.5333,0.6222,0.7333
french,yP5TS6EloW,10058,toutefois ce redressement est partiel,0.8108,0.5676,0.973,0.8649
french,chc_pimJ0Z,23332,elle aboutit sur plusieurs motions,0.4706,0.6471,0.7941,0.6471
french,IrXN65uF2D,18590,aucune de ces deux théories n'a recours aux forces,0.7,0.6,0.62,0.66
french,ll30-whTFY,22389,la justice est une vertu et non une règle,0.3902,0.6585,0.7317,0.4146
french,Ds2mE5UGnZ,768,enfin la cuisine californienne est une cuisine légère et naturelle,0.0758,0.0758,0.0303,0.0758
french,gvsTumIuO1,7780,la prise de position d'adair turner a relancé le débat sur la taxe tobin,0.5694,0.5139,0.75,0.5972
french,chc_pimJ0Z,23310,le film se termine par un plan sur un rayon vert,0.1667,0.2708,0.3958,0.4583
french,5eh1ULfUPE,11149,un biotope et la biocénose qu'il accueille forment un écosystème caractéristique,1.0,0.6625,0.6,0.8375
french,n-0_tPnwIy,26936,la plupart de ces inscriptions sont très courtes et difficilement compréhensibles,0.7654,0.716,0.7778,0.8642
french,3OxxtNhkuv,16331,beaucoup d'entre eux doivent livrer en une semaine plus de vingt planches,1.0,0.1781,0.3836,0.1781
french,IrXN65uF2D,18607,pourtant la encore les événements concernant son règne restent en général inconnus,0.7073,0.7073,0.6585,0.7317
french,Gw-9o1i7nY,5103,en périphérie de l'hypercentre se sont développés des centres commerciaux,0.274,0.1233,0.3425,0.0959
french,ZKoFaz9Mrj,8207,on peut y voir le prélude a ce qui va devenir la gauche plurielle,0.8615,0.4,0.6308,0.6308
french,0d3yVC7C9M,419,la partie est du territoire se trouvait alors dans le comté de rouen,0.0588,0.0294,0.1176,0.0294
french,n-0_tPnwIy,26869,un nouveau système d'antennes est installé pour supporter les systèmes radios et radars,0.5287,0.6782,0.5977,0.7126
french,0d3yVC7C9M,304,mais sa perception se fait de plus en plus grande avec le temps,0.0317,0.0317,0.0794,0.0159
french,G47ONLSoe8,29056,a la veille de la permutation il tenait saint priest en jarez pour l'église de lyon,0.506,0.4337,0.4096,0.4337
french,chc_pimJ0Z,23346,la chute des oestrogènes postnatales permet la lactation,0.6786,0.6607,0.8214,0.75
french,5eh1ULfUPE,11099,son père aurait accueilli nombre de proscrits et d'exilés,0.7544,0.6667,0.7544,0.5965
french,yP5TS6EloW,10037,est dit libre un être qui est principe de ses actes,0.7647,0.6471,0.8039,0.6471
french,e97ki3c8DL,33321,elle réalisera un doublé facile au mans avant de se retirer définitivement,0.1081,0.0946,0.0541,0.0946
french,pUaQKQSh7E,17079,l'ensemble de ces décisions conduit au point de vue exprimé,0.5254,0.2881,0.3898,0.322
french,u5rOEWmzeT,27399,le film n'a pas le même impact que son prédécesseur,0.3333,0.1373,0.2745,0.1373
french,pUaQKQSh7E,16994,a l'extinction de la dynastie locale il fut réuni a la couronne de france,0.2603,0.0685,0.1233,0.2466
french,IrXN65uF2D,18519,c'est une famille subcosmopolite,0.9688,0.7188,0.9375,0.75
french,yP5TS6EloW,10000,le canton est composé de sept communes et n'est pas divisé en districts,1.0,0.8028,0.5493,0.6761
french,e97ki3c8DL,33109,mais elle va l'inciter a poursuivre a cause d'un talent inattendu,0.0923,0.0462,0.1077,0.0615
french,ll30-whTFY,22439,il convoite la fonction de président de la commission européenne,0.5,0.4062,0.7344,0.4688
french,ll30-whTFY,22483,l'industrie de la meunerie y ajoute des additifs afin de modifier sa qualité,0.9605,0.8158,0.8684,1.0
french,G47ONLSoe8,29047,jésuite ayant fait voeu d'obéissance il ne faillit jamais a ses voeux,0.5797,0.6377,0.5942,0.4928
french,u5rOEWmzeT,27234,elle est largement représentée en amérique du sud,0.0816,0.0612,0.2653,0.0408
french,r2eK3YXjAU,22004,ce cycle permet d'expliquer le phénomène de l'apparition de l'ozone,0.9104,0.5821,0.9403,0.6119
french,6ft7Ezz5sQ,20696,mais les tableaux impressionnistes n'atteignent encore que des prix médiocres,0.5195,0.6494,0.4545,0.6494
french,Gw-9o1i7nY,5080,il a également détruit une partie de son oeuvre,0.2128,0.1064,0.1277,0.234
french,Ds2mE5UGnZ,765,les communes urbaines multipolarisées n'appartiennent pas spécifiquement a une seule aire urbaine,0.1856,0.0825,0.2887,0.0825
french,Ds2mE5UGnZ,808,les processeurs des débuts étaient conçus spécifiquement pour un ordinateur d'un type donné,0.022,0.0769,0.0769,0.0659
french,e97ki3c8DL,33240,les artistes invités sont aussi bien des musiciens locaux que de grandes vedettes internationales,0.1856,0.0309,0.0206,0.0206
french,3OxxtNhkuv,16326,son frère jean sera pianiste,0.4643,0.25,0.4643,0.0714
french,G47ONLSoe8,29195,marcel arnaud est pressenti un temps pour devenir maire,0.8727,0.5455,0.8182,0.7636
french,UnuvxPW6Pc,3523,la course a généralement lieu début septembre,0.0444,0.0222,0.0444,0.0222
french,n-0_tPnwIy,26905,ce sont des arbres et des arbustes a feuilles alternes des régions tropicales,1.0,0.7143,0.7792,0.7922
french,chc_pimJ0Z,23482,dans ce dernier cas il sera accompagné de confiture de fruits rouges,0.5441,0.25,0.2794,0.6765
french,e97ki3c8DL,33175,il souhaitait que cette cité servit de port et de centre politique,0.0758,0.0303,0.1212,0.0909
french,Gw-9o1i7nY,5073,le père d'alfred et de laure est le parrain de gustave flaubert,0.5079,0.2698,0.3492,0.4286
french,5eh1ULfUPE,11087,devenu un écrivain reconnu influent et riche france s'engage en faveur de nombreuses causes,0.8571,0.7363,0.8791,0.6703
french,u5rOEWmzeT,27359,ces populations amérindiennes se livraient a l'agriculture et a la pêche,0.1389,0.125,0.1667,0.0556
french,e97ki3c8DL,33277,par définition plus une solution contient d'ions oxonium plus elle est acide,0.25,0.1974,0.5132,0.3421
french,6ft7Ezz5sQ,20701,l'entreprise a été plusieurs fois rachetée,0.9524,0.7619,0.7619,0.881
french,e97ki3c8DL,33128,le joueur débute généralement une partie avec un robot de combat le commandeur,0.0769,0.0385,0.0769,0.2051
french,ll30-whTFY,22461,celle ci permettant par la suite la transition vers le socialisme,0.3385,0.0154,0.5846,0.2308
french,ll30-whTFY,22450,la palynologie est l'étude scientifique des pollens,0.2353,0.2745,0.5686,0.2941
french,6ft7Ezz5sQ,20763,hors collection on trouve également quelques ouvrages d'art et un recueil de textes,0.7711,0.7108,0.5783,0.5542
french,Gw-9o1i7nY,5031,ces ménages ne sont pas tous égaux en nombre d'individus,0.4464,0.4464,0.3929,0.4107
french,e97ki3c8DL,33267,le parti n'a en revanche pas réussi a présenter de listes dans d'autres pays,0.1711,0.0395,0.1711,0.0526
french,e97ki3c8DL,33184,peu d'organistes eux mêmes pianistes en sont conscients,0.2545,0.0727,0.2545,0.2364
french,UnuvxPW6Pc,3477,il attire l'attention du milliardaire ross perot qui investit massivement dans la société,0.1236,0.0899,0.1348,0.0562
french,IrXN65uF2D,18609,le maintien de cette culture a un impact indéniable sur le paysage,0.7879,0.5303,0.5909,0.5152
french,IrXN65uF2D,18605,a certains endroits l'eure fut doublée par un canal tel celui qui traverse maintenon,0.7262,0.8095,0.7143,0.6667
french,ll30-whTFY,22480,en octobre de la même année il retourne a paris pour préparer l'école normale,0.4286,0.3377,0.7403,0.5325
french,ll30-whTFY,22498,les anches sont classées par dureté ou force,0.4318,0.4545,0.5,0.5
french,e97ki3c8DL,33142,ces derniers n'en sont plus repartis,0.2778,0.0556,0.0556,0.0556
french,3OxxtNhkuv,16313,il passe alors par une longue période de doute et de remise en question,0.1972,0.0704,0.1549,0.0704
french,0d3yVC7C9M,305,l'une des conséquences est qu'il n'existe pas de compétition dans cet art martial,0.1358,0.0864,0.1235,0.0864
french,chc_pimJ0Z,23402,il devra alors impérativement le signaler aux secours lors de l'appel,0.4348,0.4348,0.6667,0.5652
french,g5TFstLFyq,2600,la notion de médiatif s'apparente a celles de modalité épistémique et d'évidentialité,0.1294,0.1412,0.0941,0.1294
french,chc_pimJ0Z,23358,les cartes et les personnages pourront d'ailleurs être considérés comme laids,0.3766,0.1818,0.7532,0.2338
french,e97ki3c8DL,33215,il est inhumé au cimetière sainte marie au havre,0.5625,0.2917,0.25,0.4583
french,3OxxtNhkuv,16269,les combats continuent avec intensité pendant trois mois,0.4286,0.1429,0.0357,0.1429
french,0d3yVC7C9M,287,l'apogée de la société a donc été de courte durée sur le territoire hexagonal,0.0909,0.0779,0.1299,0.0649
french,e97ki3c8DL,33169,les jeunes feuilles sont de couleurs vertes a reflets dorés,0.2373,0.2034,0.3898,0.1525
french,6ft7Ezz5sQ,20742,les hittites maitrisèrent les deux modes de graphisme,0.7358,0.6604,0.8113,0.717
french,Gw-9o1i7nY,5108,des fêtes patronales appelées vogues sont organisées traditionnellement chaque année dans chaque village,0.0769,0.0769,0.2692,0.0962
french,Gw-9o1i7nY,5126,il est séparé du reste de laeken par le domaine royal,0.3208,0.2075,0.1321,0.1887
french,5eh1ULfUPE,11154,les habitations ou les batiments commerciaux ne le dressent que dans de rares cas,0.7407,0.7654,0.6296,0.6543
french,u5rOEWmzeT,27393,a l'exercice de ce pouvoir les fidèles laics peuvent coopérer selon le droit,0.0658,0.0526,0.25,0.0658
french,G47ONLSoe8,29114,la fin de l'ouvrage laisse le lecteur dans l'expectative,0.375,0.625,0.5893,0.4821
french,Gw-9o1i7nY,5127,après le départ des autrichiens le chateau resta a l'abandon,0.35,0.2833,0.3167,0.2167
french,pUaQKQSh7E,17013,sonimage sera condamnée par la suite pour ces faits,0.3137,0.2941,0.1176,0.2549
french,6ft7Ezz5sQ,20683,contrairement au tramway le trolleybus ne nécessite pas de voie propre,0.7429,0.8,0.8571,0.7857
french,G47ONLSoe8,29176,la touche finale de la tour était l'antenne de diffusion en acier,0.4154,0.3692,0.3538,0.4462
french,yP5TS6EloW,9925,dégageant progressivement une structure gigantesque elle se rend compte qu'il s'agit d'un vaisseau extraterrestre,0.7345,0.6637,0.6549,0.5929
french,G47ONLSoe8,29089,les premiers colons espagnols souffrirent de l'humidité et des moustiques,0.2603,0.2877,0.274,0.3562
french,5eh1ULfUPE,11105,elle est située près des frontières biélorusse et lituanienne,0.8197,0.7541,0.6885,0.9836
french,n-0_tPnwIy,26830,je le réprouve,0.9286,0.6429,1.0,0.6429
french,IrXN65uF2D,18543,l'univers de l'intelligence économique étant très vaste il englobe parfois des réalités très différentes,0.8077,0.7885,1.0,0.6538
french,6ft7Ezz5sQ,20749,mais il affectionne particulièrement les barres rocheuses des endroits souvent difficiles d'accès voire dangereux,0.5752,0.531,0.6903,0.7345
french,chc_pimJ0Z,23282,ce facteur est d'autant plus grand que le projet est important,0.4355,0.3065,0.3226,0.3226
french,yP5TS6EloW,10053,ses parents sont forcés a l'exil,0.75,0.8438,0.8125,0.6875
french,yP5TS6EloW,10052,ils y possèdent alors des offices de judicature,0.6596,0.6809,0.7234,0.8723
french,pUaQKQSh7E,17073,une panne générale plonge le québec dans le noir pendant plus de neuf heures,0.2763,0.1711,0.6579,0.2632
french,e97ki3c8DL,33340,leur niveau de collaboration et de développement organisationnel varie,0.0571,0.0571,0.1143,0.1143
french,n-0_tPnwIy,26973,la dynastie des antonins succède aux flaviens,0.8222,1.0,0.7778,0.8444
french,0d3yVC7C9M,435,le gouvernement est une démocratie parlementaire,0.0417,0.0417,0.0208,0.0417
french,G47ONLSoe8,29127,un véritable contre la montre est engagé ce qui provoque parfois des tensions vite dissipées,0.5543,0.6413,0.4565,0.4891
french,chc_pimJ0Z,23416,il utilise le décor naturel supprime les gesticulations et les péripéties,0.3699,0.3014,0.4247,0.411
french,ll30-whTFY,22371,il disserte devant ses médecins sur la fille initiale qui l'a transformé en nympholepte,0.3448,0.4828,0.6667,0.4253
french,g5TFstLFyq,2568,il est possible ensuite d'observer le panorama durant la descente,0.2308,0.0154,0.0308,0.0154
french,G47ONLSoe8,29106,sa vitrine complète parfaitement la découverte du site gallo romain,0.5075,0.5224,0.2985,0.4478
french,Gw-9o1i7nY,5087,cancre il se dit victime d'une dysorthographie enfantine,0.5714,0.3214,0.4286,0.5
french,r2eK3YXjAU,22071,elle ne permet donc pas de quantifier la force des piments,0.7759,0.7759,0.7241,0.7759
french,u5rOEWmzeT,27357,entre mai et novembre les pluies d'orage sont fréquentes dans l'ile,0.2239,0.1194,0.1791,0.1045
french,3OxxtNhkuv,16420,il se joue sur un terrain hexagonal et rassemble trois équipes pour un ballon,0.2208,0.1558,0.2857,0.2078
french,u5rOEWmzeT,27276,ce sont les colonies agricoles et maritimes pénitentiaires pour mineurs véritables écoles du crime,0.1633,0.1837,0.102,0.102
french,e97ki3c8DL,33165,ce dynamisme profite aux campagnes,0.5,0.0882,0.2059,0.1765
french,0d3yVC7C9M,294,voir section risques d'impact avec la terre,0.0465,0.0465,0.0698,0.0465
french,g5TFstLFyq,2499,claude lefort est l'exécuteur testamentaire de son oeuvre,0.2281,0.2456,0.3158,0.1579
french,6ft7Ezz5sQ,20649,la croute est jaune paille,0.7692,0.6538,0.6538,0.4231
french,3OxxtNhkuv,16368,les observations démentirent cette hypothèse,0.0909,0.2045,0.3636,0.1364
french,ll30-whTFY,22481,ce n'était pas de simples fortins mais des camps romains abritant une légion romaine,0.5952,0.5476,0.5476,0.5
french,n-0_tPnwIy,26904,pourtant derrière ce tableau familial idyllique se cache un mystère,0.806,0.7761,0.8358,0.806
french,r2eK3YXjAU,21992,des hélices traditionnelles sont installées en remplacement,1.0,0.5424,0.4237,0.5424
french,u5rOEWmzeT,27351,ses habitants sont appelés les coupaux,0.2105,0.2105,0.3684,0.1842
french,IrXN65uF2D,18677,il est cependant aisé de produire de jeunes avocatiers par semis,0.5625,0.6875,0.6562,0.6875
french,r2eK3YXjAU,22047,de très nombreux arrangements d'oeuvres classiques étaient également proposés aux amateurs,0.8222,0.6778,0.8111,0.6889
french,u5rOEWmzeT,27298,ses premiers longs métrages passent inaperçus ou sont mal reçus,0.3175,0.1111,0.4444,0.1905
french,IrXN65uF2D,18638,ces fruits produisent des graines albuminées ou exalbuminées contenant un petit embryon,0.977,0.8391,0.7931,0.7356
french,pUaQKQSh7E,17071,les étoiles autres que le soleil peuvent aussi développer une couronne,0.3571,0.1429,0.2571,0.3286
french,pUaQKQSh7E,16954,les populations mondiales sont en chute rapide,0.3043,0.2609,0.4348,0.2826
french,yP5TS6EloW,10038,il est inhumé a varennes sur amance,1.0,1.0,1.0,0.7714
french,G47ONLSoe8,28999,le paquet explose et tue ce dernier blesse l'autre agent ainsi que quatre voyageurs,0.4458,0.4458,0.3614,0.3373
french,0d3yVC7C9M,381,il s'agit d'une modification du code morse originel plus tard appelé code morse américain,0.0562,0.1461,0.0112,0.1348
french,e97ki3c8DL,33342,un aérodrome dessert l'ile,0.6538,0.6154,0.6923,0.6154
french,r2eK3YXjAU,21982,il a pratiquement disparu d'europe occidentale en raison de la graphiose,0.7639,0.5694,0.6806,0.625
french,n-0_tPnwIy,26893,plus grand festival du genre il invite des humoristes du monde entier,0.7101,0.6232,0.8116,0.8116
french,ll30-whTFY,22370,cette vision lui rappelle son amour de jeunesse,0.4681,0.6809,0.8723,0.4255
french,chc_pimJ0Z,23375,le troisième et dernier générique est une variante du premier,0.6066,0.6393,0.6066,0.7049
french,chc_pimJ0Z,23393,on y trouve notamment une oubliette,0.6,0.5714,0.7429,0.6286
french,0d3yVC7C9M,437,les boys band visent essentiellement un public jeune,0.0769,0.0769,0.0769,0.0769
french,G47ONLSoe8,29110,ses tournées minutieusement préparées obtiennent bientot un grand succès,0.6667,0.3889,0.2778,0.3333
french,0d3yVC7C9M,387,a hanovre il découvre notamment sa culture en ligne qui augmente sa productivité,0.1,0.1125,0.1,0.1
french,n-0_tPnwIy,26834,le couplage quadrupolaire est mesuré comme la séparation entre ces deux pics,0.8421,0.8684,0.8421,0.7895
french,r2eK3YXjAU,22095,dans le grand désert subsistent des stations d'étude désaffectées vestiges des premières colonisations,0.7843,0.7255,0.6373,0.6765
french,pUaQKQSh7E,17049,elles ne peuvent être nourries avec aucun aliment transgénique,0.2419,0.0645,0.2258,0.0968
french,n-0_tPnwIy,26915,plus souvent on observe une forme de polyandrie sexuelle dans une monogamie sociale,0.9157,0.7229,0.6747,0.7349
french,n-0_tPnwIy,26862,ils deviennent alors localement responsables de l'entretien des rues et probablement d'autres taches,1.0,0.69,0.71,0.74
french,gvsTumIuO1,7851,c'est une société individualiste,0.0625,0.0625,0.0312,0.0625
french,UnuvxPW6Pc,3529,doté d'un grand pouvoir il mène une vie de sage sur le mont kailash,0.0597,0.1642,0.209,0.1194
french,0d3yVC7C9M,324,rares différences d'écologie entre les nymphes et les adultes,0.1475,0.1311,0.1148,0.082
french,g5TFstLFyq,2562,juridiquement les écoles maternelles ne sont pas des établissements publics autonomes,0.0588,0.0588,0.0824,0.0471
french,0d3yVC7C9M,438,bien utiliser les baguettes demande une certaine pratique,0.0351,0.0175,0.2632,0.0
french,r2eK3YXjAU,22018,le miroir plan est rigoureusement stigmatique,1.0,0.8,1.0,0.9333
french,u5rOEWmzeT,27239,seul le théatre l'intéresse,0.2963,0.1481,0.1852,0.4074
french,UnuvxPW6Pc,3518,durant la seconde guerre mondiale le réseau ferré est gravement endommagé,0.137,0.1233,0.1644,0.1233
french,n-0_tPnwIy,26840,une hative modification de leur plan initial mène les alliés au désastre,0.875,0.8333,0.7778,0.8472
french,G47ONLSoe8,29026,subjugués les alains se seraient alors retirés,0.7609,0.8478,0.587,0.7826
french,Ds2mE5UGnZ,729,la victoire resta au parti de la cour qui s'y installa provisoirement,0.029,0.058,0.058,0.0435
french,0d3yVC7C9M,425,sa préfecture est marseille qui est aussi le chef lieu de la région provence alpes cote d'azur,0.1809,0.1596,0.1915,0.1702
french,G47ONLSoe8,29172,cet ouvrage publié dans la série noire lui ouvre les portes de la notoriété,0.56,0.56,0.6533,0.6
french,pUaQKQSh7E,17014,l'intrigue criminelle qui constitue la trame du film est traitée avec désinvolture,0.4146,0.1951,0.5732,0.3049
french,3OxxtNhkuv,16276,a sa mort il est remplacé dans ces fonctions par hervé faye,0.2712,0.2373,0.2034,0.2881
french,6ft7Ezz5sQ,20772,selon l'organisation le brésil est le troisième exportateur de ressources naturelles dans le monde,1.0,0.7245,0.7551,0.5714
french,6ft7Ezz5sQ,20678,elles varient selon leur activité,1.0,0.697,0.7879,0.7576
french,u5rOEWmzeT,27271,son journal original fut agrémenté de plusieurs autres carnets de notes et feuilles volantes,0.25,0.1957,0.1848,0.2174
french,gvsTumIuO1,7879,le palais beaumont est un centre de congrès situé a pau,0.5091,0.3455,0.3636,0.2182
french,6ft7Ezz5sQ,20624,on définit ainsi les actions du groupe sur ce fichier,0.6415,0.5094,0.6415,0.6415
french,gvsTumIuO1,7806,les mécanismes qui régissent la soif ne sont pas parfaitement connus,0.1029,0.1176,0.0882,0.0441
french,3OxxtNhkuv,16405,tout a été fait,0.8,0.6,0.1333,0.9333
french,r2eK3YXjAU,22083,pour lui la notion d'énoncé analytique est mal définie,1.0,1.0,0.7963,0.7963
french,gvsTumIuO1,7788,ils errent sur les routes de californie en travaillant comme saisonniers dans des ranchs,0.5682,0.3409,0.6364,0.4318
french,chc_pimJ0Z,23447,en réalité il cherche a retrouver la trace de sa soeur madeleine mystérieusement disparue,0.5281,0.3258,0.6854,0.5393
french,u5rOEWmzeT,27382,il a notamment porté sur la région parisienne,0.3778,0.0667,0.1778,0.4222
french,IrXN65uF2D,18676,la production de fruits est réduite en sols salins,0.56,0.58,0.56,0.6
french,pUaQKQSh7E,16990,elle tournera par la suite moins régulièrement,0.1957,0.0652,0.2826,0.0652
french,6ft7Ezz5sQ,20784,l'aridité présente de fortes implications hydrologiques édaphiques et géomorphologiques,0.8391,0.7931,0.7931,0.7931
french,n-0_tPnwIy,26856,après eux la censure disparut en tant que magistrature,0.8148,0.8333,1.0,0.7963
french,gvsTumIuO1,7881,la ville compte plusieurs complexes cinématographiques,0.463,0.2037,0.1667,0.1667
french,e97ki3c8DL,33296,la phase de tir voit l'apparition du tir au jugé et du tir sélectif,0.0746,0.0149,0.0299,0.0149
french,e97ki3c8DL,33255,c'est un temple dorique,0.8261,0.2609,0.4783,0.6957
french,e97ki3c8DL,33155,son architecture très particulière répond au but de l'existence du musée,0.1667,0.0278,0.0417,0.0278
french,6ft7Ezz5sQ,20622,les groupes servent a rassembler des utilisateurs afin de leur attribuer des droits communs,0.6813,0.4725,0.6923,0.7143
french,n-0_tPnwIy,26942,c'est le principe originel de l'art martial,0.8605,0.7907,0.7674,0.5814
french,UnuvxPW6Pc,3530,ces deux dieux de la fureur rassemblent autour d'eux des fidèles qui les imitent,0.05,0.025,0.0875,0.0125
french,3OxxtNhkuv,16371,parfois les personnes semblaient avoir préféré des partenaires ayant la même maladie mentale,0.0543,0.0761,0.1087,0.0543
french,chc_pimJ0Z,23352,donc ces deux activités n'ont pas besoin de se situer dans le même espace,0.726,0.3014,0.411,0.2466
french,g5TFstLFyq,2576,on l'émet jusqu'a ce qu'une station cotière réponde,0.2157,0.1176,0.1961,0.1373
french,6ft7Ezz5sQ,20641,un changement d'armure arrive par exemple a l'occasion d'une modulation,1.0,0.507,0.8028,0.6761
french,gvsTumIuO1,7768,elle est en cours d'évaluation au centre langley,0.3125,0.3958,0.6458,0.3958
french,r2eK3YXjAU,22085,le lendemain matin son mal le reprit avec plus de force,1.0,0.8364,0.9636,0.8909
french,gvsTumIuO1,7767,de nombreuses personnes continuent a croire qu'américa movil fait partie de telmex,0.8049,0.4878,0.5,0.3537
french,gvsTumIuO1,7886,c'est rue des faures qu'aurait été inventée la première baionnette,0.2727,0.4394,0.4242,0.3939
french,pUaQKQSh7E,16971,une certaine représentativité doit être respectée dans l'élection des membres du conseil,0.0568,0.1023,0.0341,0.1023
french,chc_pimJ0Z,23449,ils peuvent être aussi cylindriques et allongés parfois sur plusieurs mètres selon les espèces,0.3404,0.3617,0.5213,0.4149
french,0d3yVC7C9M,319,l'anarchiste bob black estime ainsi que le libre échange ne peut exister sans état,0.1829,0.1951,0.2317,0.1951
french,u5rOEWmzeT,27216,sa réflexion sur le statut des singularités en est le témoin,0.1167,0.2333,0.25,0.2833
french,0d3yVC7C9M,378,ces religions sont les premières visées par la pensée de l'agnosticisme,0.0282,0.0141,0.0563,0.0141
french,n-0_tPnwIy,26914,par extension ce terme a aussi été employé en botanique et en biologie,0.8286,0.6714,0.9857,0.7429
french,pUaQKQSh7E,17038,plus les grains sont ronds plus le sable s'écoule facilement,0.3667,0.15,0.4833,0.3833
french,u5rOEWmzeT,27339,ses domaines d'enseignement sont le tourisme la gastronomie et l'hotellerie,0.3467,0.2133,0.4133,0.3467
french,Gw-9o1i7nY,5052,ces expériences ouvrent une voie supplémentaire pour réparer les neurones altérés dans le cerveau,0.3299,0.0825,0.1856,0.1443
french,0d3yVC7C9M,439,les bahamas reçoivent surtout des visiteurs venus des états unis,0.1719,0.0781,0.2188,0.1562
french,3OxxtNhkuv,16364,quant a ses idées politiques elles se rapprochaient plutot du gaullisme,0.3662,0.1831,0.4648,0.2958
french,u5rOEWmzeT,27273,la fondation collecte l'argent pour le donner a des causes qui lui semblent louables,0.2738,0.1667,0.119,0.1905
french,G47ONLSoe8,28990,ses habitants sont appelés les feytiacois,0.8293,0.7073,0.561,0.9024
french,UnuvxPW6Pc,3496,ils desservent les villes de tokyo osaka nagoya fukuoka ou encore sapporo,0.1918,0.137,0.2192,0.2466
french,G47ONLSoe8,29136,la ligne en fourche comporte huit stations,0.5238,0.4286,0.4286,0.4048
french,6ft7Ezz5sQ,20769,elle est toutefois traversée de débats internes,0.8085,0.8723,0.6596,0.8298
french,yP5TS6EloW,10022,nommé raid courrier sud ce raid rend hommage a saint exupéry,0.8167,0.7333,0.8,0.75
french,IrXN65uF2D,18547,on le trouve beaucoup plus rarement dans les lacs et les étangs,0.8095,0.5714,0.6032,0.7143
french,0d3yVC7C9M,368,cette parenté existe parce que le totem est souvent assimilé a un ancêtre,0.0411,0.1781,0.1644,0.0548
french,6ft7Ezz5sQ,20699,leur nombre n'est pas connu exactement,1.0,0.6579,0.8158,0.7895
french,ll30-whTFY,22467,il a entre autres adopté de nouveaux statuts et élu un nouveau comité central,0.4026,1.0,0.7532,0.8571
french,6ft7Ezz5sQ,20643,toute cette partie de la population est systématiquement assassinée,0.1642,0.194,0.209,0.2537
french,ll30-whTFY,22474,l'activité s'effectue seul ou en équipe,0.5897,0.5128,0.6923,0.5128
french,chc_pimJ0Z,23371,sur le plan politique paul nizan cherche sa voie,0.4792,0.3958,0.3333,0.3333
french,r2eK3YXjAU,22073,sans prédation les piments sont plus doux,0.8537,0.8293,0.8537,0.7317
french,yP5TS6EloW,9930,seules les géantes gazeuses et vénus ne sont pas habitées,0.7368,0.6491,0.8421,0.6667
french,5eh1ULfUPE,11080,l'ouverture serait donc une condition nécessaire pour devenir un format libre,0.8831,0.7143,0.7532,0.6623
french,r2eK3YXjAU,21983,aucun traitement n'a réussi a en venir a bout,0.9333,0.6222,0.7333,0.6889
french,3OxxtNhkuv,16336,les feuilles persistantes d'un vert brillant de forme elliptiques ont un pétiole court,0.2209,0.1047,0.1628,0.2209
french,e97ki3c8DL,33319,ce canton est organisé autour de dampierre sur salon dans l'arrondissement de vesoul,0.1667,0.119,0.1071,0.1071
french,n-0_tPnwIy,26852,les contestataires sont condamnés et emprisonnés,0.8542,0.5208,0.6667,0.75
french,u5rOEWmzeT,27240,seize d'entre eux sont tués donnant un nouveau tour a la révolution,0.4776,0.1791,0.0597,0.2388
french,Ds2mE5UGnZ,829,cependant cette dictature adopte un comportement paradoxal,0.0517,0.0517,0.0172,0.1552
french,G47ONLSoe8,29168,les hivers sont froids mais la neige est rare,0.7556,0.7111,0.4222,0.6889
french,ll30-whTFY,22504,l'objet obtenu dit dégourdi de porcelaine est fragile et poreux,0.9206,0.8254,0.8254,1.0
french,chc_pimJ0Z,23351,a sa mort un culte local lui est voué et sa vie est rédigée,0.678,0.4407,0.2203,0.4068
french,6ft7Ezz5sQ,20664,l'expérimentation a lieu dans la ville de strasbourg,1.0,0.8654,0.5962,0.8462
french,G47ONLSoe8,29118,d'abord ouvrier mécanicien puis libraire c'est une figure marquante du mouvement libertaire français,0.75,0.65,0.52,0.74
french,n-0_tPnwIy,26858,quelques charges de préteurs sont plus spécialisées,0.7843,0.7451,0.6275,0.9608
french,IrXN65uF2D,18614,martot est située dans la plaine alluviale de la seine entre elbeuf et val de reuil,0.5663,0.5542,0.5422,0.8193
french,UnuvxPW6Pc,3442,le thésaurus est utile pour trouver des termes avec des significations similaires,0.0617,0.0494,0.0617,0.0494
french,u5rOEWmzeT,27302,la ville est engagée dans des activités de solidarité internationale et de coopération décentralisée,0.09,0.06,0.15,0.03
french,gvsTumIuO1,7850,son expérience a été menée en secret,0.5,0.3056,0.6944,0.5
french,chc_pimJ0Z,23390,ses habitants sont fiers de faire partie de la plus ancienne région des états unis,0.061,0.1585,0.3293,0.1829
french,6ft7Ezz5sQ,20620,l'exploitation du classeur et de son contenu peut alors s'effectuer en utilisant des objets,1.0,0.3736,0.6264,0.5604
french,r2eK3YXjAU,22041,en réalité son corps n'a jamais été identifié avec certitude,0.8333,1.0,0.7833,0.8667
french,r2eK3YXjAU,22123,ce cursus le prédestinait visiblement a la photographie,0.9455,0.7091,0.6545,0.8727
french,ll30-whTFY,22390,le squelette est assis pour toujours avec nous a la table de la fête,0.7353,0.6765,0.6765,0.8971
french,e97ki3c8DL,33114,certains écossais estiment cependant qu'elle aurait du être placée dans un endroit moins symbolique,0.1717,0.1111,0.1414,0.1616
french,r2eK3YXjAU,22056,a l'époque aucun d'entre eux n'avait été identifié comme tueur en série,0.9014,0.6901,0.831,0.6338
french,n-0_tPnwIy,26884,boyer est l'un des noms de famille les plus répandus a la réunion,0.7231,0.7846,0.8769,0.7538
french,ll30-whTFY,22368,les farines de seigle sont les plus riches en ferments,0.3889,0.4074,0.3148,0.4074
french,IrXN65uF2D,18561,ceci fait partie de l'argument utilisé dans l'hypothèse de la terre rare,0.5417,0.4722,0.6389,0.5694
french,e97ki3c8DL,33349,ils n'auraient réellement vécu ensemble que quelques semaines,0.1639,0.1639,0.1639,0.1639
french,yP5TS6EloW,10029,ça représente une belle cargaison d'expériences et de souvenirs l'age d'un homme,0.675,0.6625,0.675,0.7
french,chc_pimJ0Z,23436,il vient d'assassiner son quatrième truand,0.8333,0.6429,0.6429,0.7143
french,e97ki3c8DL,33260,ceci par opposition a l'arrangement et a la fantaisie sur des thèmes donnés,0.1733,0.16,0.12,0.1867
french,Ds2mE5UGnZ,764,ses prises de position personnelles entrant peu dans une logique de parti,0.0548,0.0548,0.1233,0.0548
french,3OxxtNhkuv,16328,certains ont émis l'hypothèse qu'un amas de mini météorites aurait pu augmenter la température,0.2979,0.2979,0.2553,0.2553
french,Ds2mE5UGnZ,827,liu xin et yang xiong en sont deux exemples représentatifs,0.3103,0.1552,0.2931,0.1552
french,UnuvxPW6Pc,3458,chaque niveau du gouvernement gérait son propre système de taxation,0.0597,0.0448,0.0597,0.0448
french,IrXN65uF2D,18537,un signal émission ou réception est donc composé de deux fils en mode différentiel,0.8049,0.7561,0.7439,0.7317
french,6ft7Ezz5sQ,20718,cette méthode pourrait réduire les prétraitements chimiques polluants consommateurs d'eau et générateurs d'effluents,0.75,0.5086,1.0,0.7845
french,ll30-whTFY,22343,seuls les examens complémentaires peuvent confirmer le diagnostic étiologique,0.7792,0.6104,0.4935,0.6364
french,n-0_tPnwIy,26883,ils travailleront de concert signant certains clichés de leurs deux noms,0.8194,0.6806,0.7361,0.8194
french,chc_pimJ0Z,23463,des dizaines d'autres épisodes avaient également été envisagés,0.4516,0.3065,0.1452,0.0161
french,0d3yVC7C9M,429,le domaine pharmaceutique profite également des avancées en chimie organique,0.0263,0.0132,0.0263,0.0132
french,sNt2CPV1iq,19128,il tente de lui parler mais elle est rejointe par son compagnon christian,0.8356,0.6849,0.8493,0.589
french,e97ki3c8DL,33282,le semis sous couvert de céréales ou tournesol est possible au printemps,0.4306,0.1806,0.2361,0.1806
french,ll30-whTFY,22503,la porcelaine n'est pas issue d'une argile naturelle,0.6731,0.5769,0.5769,0.7115
french,n-0_tPnwIy,26850,les sources sur la hiérarchie nordique étant peu nombreuse l'obtention d'informations fiables est complexe,1.0,0.717,0.6792,0.6226
french,e97ki3c8DL,33352,on remarquera qu'outre ses talents de rédacteur victor adolphe sera aussi un excellent cartographe,0.1122,0.1224,0.0714,0.0612
french,G47ONLSoe8,29116,son soutien aux indépendantistes algériens lui vaut des procès intentés par l'état français,0.3626,0.6484,0.5055,0.6703
french,e97ki3c8DL,33338,quelques uns savent très bien que j'ai la main lourde et qu'elle peut frapper fort,0.3537,0.378,0.378,0.3171
french,e97ki3c8DL,33286,le mécanisme de capture lui même aurait pu être de deux ordres,0.0484,0.0484,0.0484,0.0806
french,n-0_tPnwIy,26882,c'est dans ce contexte que va naitre la mission héliographique,0.7258,0.9194,0.6452,0.7581
french,ZKoFaz9Mrj,8174,l'arabe est la langue officielle d'oman,0.4359,0.4103,0.5641,0.359
french,chc_pimJ0Z,23291,les wagons sont généralement spécialisés dans le transport d'un type de marchandise,0.4578,0.4578,0.5301,0.4096
french,3OxxtNhkuv,16237,on procéda a la réorganisation des paroisses,0.3182,0.2273,0.1818,0.3182
french,pUaQKQSh7E,17005,elle est centripète dans les racines et centrifuge dans les tiges,0.2462,0.1077,0.3846,0.3385
french,ll30-whTFY,22415,la libération se solde par l'assassinat de son père,0.0588,0.4706,0.5882,0.4314
french,Gw-9o1i7nY,5095,octogénaire et très malade il demande la grace de pouvoir mourir a rome,0.5634,0.7042,0.9296,0.8732
french,chc_pimJ0Z,23429,les deux films sont cependant des déceptions critiques et commerciales,0.4429,0.2429,0.4286,0.4
french,yP5TS6EloW,9934,la racine de ce tas est donc la valeur maximale du tableau,1.0,1.0,0.6897,0.9828
french,yP5TS6EloW,10028,elle s'est faite lentement la maturité qui est sienne,0.5472,0.717,0.8868,0.6981
french,e97ki3c8DL,33341,en italie l'association a pris corps dans les milieux universitaires,0.1618,0.1029,0.1471,0.1618
french,UnuvxPW6Pc,3429,la suisse est habituellement divisée en trois grandes zones géographiques,0.0274,0.0274,0.1096,0.0137
french,G47ONLSoe8,29055,leur domaine s'étendait jusqu'a pélussin bourg argental et malleval,0.7015,0.3881,0.5373,0.4478
french,3OxxtNhkuv,16415,le haut des coteaux et le plateau sont recouverts de bois,0.3684,0.0877,0.0702,0.1228
french,Gw-9o1i7nY,5106,c'est alors l'occasion de leur remettre une cocarde signe distinctif correspondant a leur age,0.1935,0.1505,0.4624,0.3226
french,6ft7Ezz5sQ,20777,diminuer les arrosages quand les nouveaux pseudo bulbes sont matures,1.0,0.7647,0.7647,0.6912
french,ll30-whTFY,22356,la protection des femmes enceintes et des très jeunes enfants doit être particulièrement renforcée,0.1735,0.3265,0.1837,0.4082
french,6ft7Ezz5sQ,20665,exceptionnellement les enfants peuvent en être victimes,0.5818,0.5273,0.7455,0.5455
french,IrXN65uF2D,18616,ce ruisseau passait a l'origine dans les douves de la muraille médiévale,0.8333,0.7639,0.8333,0.7917
french,gvsTumIuO1,7763,il attaque limoges et cahors en ravageant tout le pays s'attaquant même au clergé,0.5679,0.4938,0.8765,0.716
french,Gw-9o1i7nY,5130,dammers dissout ensuite le groupe pour se concentrer sur son action politique,0.2208,0.2727,0.4026,0.2987
french,e97ki3c8DL,33172,cette forme permet de donner au poème une musicalité particulière très typée,0.1447,0.0658,0.1579,0.0658
french,IrXN65uF2D,18523,la plupart des autres machines virtuelles sont a base de piles,0.6935,0.5484,0.6129,0.7581
french,3OxxtNhkuv,16275,toutes ces oeuvres font partie du répertoire des grands pianistes de concert,0.2237,0.1053,0.1184,0.1053
french,3OxxtNhkuv,16245,ce dernier n'obtint toutefois pas le soutien des autorités lausannoises,0.1408,0.1831,0.2535,0.0986
french,3OxxtNhkuv,16403,des règles harmoniques existent et sont destinées a cadrer les réalisations,0.1867,0.04,0.0133,0.0267
french,ll30-whTFY,22438,cet ouvrage est accessible librement en ligne,0.4889,0.8,1.0,0.7778
french,u5rOEWmzeT,27247,un des producteurs a alors révélé la véritable identité du personnage principal,0.1266,0.0506,0.1266,0.1139
french,sNt2CPV1iq,19113,la guerre du gaz est finie,0.6923,1.0,0.9615,0.6154
french,n-0_tPnwIy,26931,ils étaient assistés des édiles plébéiens,1.0,0.9024,0.6341,0.8537
french,u5rOEWmzeT,27362,il se fait hospitaliser croyant être victime d'une crise cardiaque,0.0455,0.0606,0.303,0.0606
french,chc_pimJ0Z,23428,a évreux un lycée général et technologique ainsi qu'une avenue portent son nom,0.7179,0.4487,0.6026,0.4359
french,u5rOEWmzeT,27322,elle fut d'ailleurs la première artiste noire a recevoir cette récompense,0.2055,0.0822,0.1781,0.137
french,e97ki3c8DL,33137,il s'agit d'un chignon a pointes bouclées avec des guiches,0.4483,0.3276,0.3793,0.3793
french,3OxxtNhkuv,16342,elle est surtout connue pour ses produits laitiers,0.26,0.16,0.3,0.26
french,0d3yVC7C9M,386,on a plus récemment fait la même découverte avec les gorilles,0.0164,0.0492,0.0984,0.0164
french,G47ONLSoe8,29030,cette radiation va se poursuivre au cours des millions d'années qui suivront,0.5,0.3289,0.2632,0.3553
french,e97ki3c8DL,33119,la liste ne prétend pas être exhaustive,0.0513,0.0513,0.0513,0.2821
french,r2eK3YXjAU,22118,il est l'ainé d'une famille de quatre enfants,0.6444,0.7333,0.7333,0.7111
french,3OxxtNhkuv,16370,le thérapeute doit s'abstenir de tout jugement moral envers ces patients,0.0972,0.1528,0.2778,0.1806
french,6ft7Ezz5sQ,20779,les chartreux aident a cacher hommes et matériel,0.75,0.5417,0.625,0.6667
french,6ft7Ezz5sQ,20785,elle a comme langues officielles le français et l'anglais,0.7368,0.7193,0.7544,0.7368
french,u5rOEWmzeT,27265,le budget est dépassé,0.0952,0.0476,0.1905,0.0476
french,e97ki3c8DL,33131,pour engranger celle ci le joueur doit construire des cristaux en leur centre,0.1429,0.0909,0.1039,0.1818
french,yP5TS6EloW,10016,il devient avocat puis journaliste,0.7941,0.9412,0.7353,0.7353
french,sNt2CPV1iq,19188,sur cette surface le stylet gère la pression et le mouvement,0.3333,0.4,0.35,0.3167
french,0d3yVC7C9M,289,polysémique le terme anarchie s'entend sous des acceptions non seulement différentes mais absolument contradictoires,0.0517,0.0431,0.0517,0.0259
french,Ds2mE5UGnZ,835,le chef ou savant religieux est appelé mufti 'alim ou encore cheikh,0.2985,0.2239,0.2537,0.2687
french,r2eK3YXjAU,22090,ils deviennent alors amis intimes et perfectionnent leur technique de jeu ensemble,0.9268,0.6707,1.0,0.6707
french,0d3yVC7C9M,436,parmi les fêtes hindoues principales on trouve le durga puja et la sarasvati puja,0.2346,0.1975,0.1852,0.1852
french,sNt2CPV1iq,19207,ils peuvent provoquer une paralysie des membres inférieurs pendant quelques jours,0.963,0.7037,0.7654,0.8148
french,sNt2CPV1iq,19126,si l'amplitude de tangage est forte la trainée additionnelle peut être très importante,0.593,0.6512,0.407,0.593
french,3OxxtNhkuv,16373,le niveau de capacité ou d'incapacité peut varier dans différents domaines de la vie,0.1667,0.0238,0.2143,0.0714
french,Gw-9o1i7nY,5105,la commune dispose de nombreux espaces culturels,0.3542,0.3542,0.2292,0.3125
french,chc_pimJ0Z,23486,le premier règlement du concours ne comporte aucune disposition sur l'emploi des langues,0.3636,0.3182,0.4205,0.3523
french,6ft7Ezz5sQ,20741,le dernier rapport serait prêt mais sa publication a été plusieurs fois reportée,0.375,0.6875,0.7375,0.7125
french,pUaQKQSh7E,16944,le but est de mélanger autant que possible le tableau,0.3019,0.0189,0.1509,0.0943
french,n-0_tPnwIy,26875,il doit au minimum offrir une protection contre les effets mortels d'une explosion nucléaire,0.8152,0.7174,0.7391,0.7065
french,n-0_tPnwIy,26898,amateur de musique légère il apprécie particulièrement les chansons françaises,0.7179,0.7436,0.8205,0.7821
french,Gw-9o1i7nY,5020,son nom vient d'aram une ancienne région du centre de la syrie,0.5,0.2581,0.3226,0.2903
french,u5rOEWmzeT,27331,l'équivalent du risque phytosanitaire dans le monde animal est le risque zoosanitaire,0.2118,0.0588,0.2471,0.0824
french,g5TFstLFyq,2597,tout jeune il assiste a la guerre civile finlandaise a helsinki,0.1587,0.2698,0.3016,0.3016
french,ll30-whTFY,22395,comme tout capital il donne un pouvoir a son détenteur,0.9074,0.8148,0.6667,0.7593
french,ll30-whTFY,22464,l'action se déroule en europe médiévale et s'attache a parler de tolérance aux enfants,0.3605,0.6047,0.6163,0.5698
french,Gw-9o1i7nY,5016,il met particulièrement l'accent sur la promotion de la condition féminine,0.3243,0.1351,0.1486,0.1216
french,6ft7Ezz5sQ,20692,on les rencontre surtout en europe et en afrique du nord,0.7857,0.7679,0.8214,0.7679
french,Gw-9o1i7nY,5086,sa scolarité fut désastreuse,0.8571,0.8929,0.9643,0.8571
french,G47ONLSoe8,29015,sont cités les scénaristes dont c'est l'activité principale,0.3051,0.661,0.3559,0.3559
french,chc_pimJ0Z,23373,il rédige notamment des articles sur la politique étrangère et des critiques littéraires,0.4091,0.2273,0.4432,0.2955
french,r2eK3YXjAU,22046,elle est connue par exemple comme l'instrument d'accompagnement privilégié de la chanson napolitaine,1.0,0.77,0.78,0.72
french,e97ki3c8DL,33328,aussi une usine est inaugurée dans ce pays,0.4048,0.0476,0.3571,0.0714
french,3OxxtNhkuv,16332,sa surface est plutot rouge indiquant la présence de composés carbonés,0.1,0.1857,0.2,0.3143
french,u5rOEWmzeT,27316,a l'intérieur étaient maintenues des zones de calme la circulation automobile s'effectuant en périphérie,0.2981,0.1635,0.2788,0.1154
french,IrXN65uF2D,18621,inversement la location de nefs templières a des marchands occidentaux était pratiquée,0.7791,0.7558,0.7326,0.8721
french,chc_pimJ0Z,23341,la statue monumentale en bronze doré représentant le roi en orant,0.4615,0.3231,0.2154,0.3692
french,e97ki3c8DL,33220,les discordes entre chefs éclatèrent alors au grand jour,0.3929,0.25,0.25,0.1607
french,gvsTumIuO1,7812,s'avérant insuffisamment rentable elle a été arrêtée,0.3077,0.7692,0.8462,0.6538
french,0d3yVC7C9M,316,il est aussi l'auteur d'autres travaux importants en théorie des nombres,0.0278,0.0833,0.1528,0.0278
french,0d3yVC7C9M,390,leur métabolisme peut être aérobie ou anaérobie,0.2766,0.2979,0.3191,0.2979
french,e97ki3c8DL,33138,les hommes sikhs rassemblent leurs cheveux en un chignon au sommet du crane,0.2933,0.3067,0.2667,0.3467
french,IrXN65uF2D,18600,les ombles chevalier constituent une ressource économique importante pour les êtres humains,0.5824,0.3077,0.5275,0.5055
french,UnuvxPW6Pc,3531,mais ni l'un ni l'autre ne purent atteindre l'extrémité de la colonne incandescente,0.0602,0.0482,0.0843,0.0482
french,u5rOEWmzeT,27306,cette fonction étant discontinue elle n'est pas dérivable au sens habituel,0.0405,0.1081,0.3243,0.1351
french,r2eK3YXjAU,21988,pour certains le jambage s'oppose a la hampe,0.9091,0.7727,0.6818,0.8182
french,G47ONLSoe8,29068,marseille a ainsi un statut privilégié,0.7895,0.6579,0.7895,0.5263
french,r2eK3YXjAU,22035,les espagnols apportèrent les premiers instruments a cordes dans l'archipel,0.7333,0.68,0.6933,0.5733
french,Gw-9o1i7nY,5074,cette sobriété s'applique aussi aux descriptions rompant ainsi fortement avec l'écriture balzacienne,0.36,0.35,0.36,0.24
french,chc_pimJ0Z,23320,plante de pleine lumière sur substrats acides ou humides,0.6607,0.5893,0.5,0.6607
french,sNt2CPV1iq,19081,il récompense une oeuvre de langue française écrite en prose ou en vers,0.7465,0.5775,0.5352,0.4789
french,6ft7Ezz5sQ,20786,les états eux sont exclus de la compétence consultative,0.7091,0.7455,1.0,0.7636
french,ZKoFaz9Mrj,8177,les tailles et les poids mentionnés ci après correspondent aux deux espèces de gnous,0.5357,0.4286,0.6667,0.7024
french,sNt2CPV1iq,19134,certains nitrures tel le nitrure de niobium sont supraconducteurs,0.6308,0.4154,0.5077,0.5231
french,Ds2mE5UGnZ,739,le solde des échanges est négatif et l'écart entre importations et exportations se creuse,0.1461,0.236,0.1348,0.1685
french,UnuvxPW6Pc,3451,les affaires militaires étaient également dirigées par le gouvernement civil,0.0263,0.0132,0.0395,0.0132
french,ZKoFaz9Mrj,8151,il siège également au sein du conseil d'orientation d'oséo,0.3276,0.1552,0.7931,0.4138
french,ll30-whTFY,22386,le démotique est une simplification du hiératique lui même simplification des hiéroglyphes,0.6778,0.4,1.0,0.5889
french,e97ki3c8DL,33118,il s'agit du quatrième gouvernement de georges pompidou,0.1273,0.1455,0.3091,0.1091
french,5eh1ULfUPE,11141,en conséquence cette planète subit les mêmes changements saisonniers,0.8676,0.3529,0.6324,0.4118
french,5eh1ULfUPE,11082,son règne voit se succéder deux impératrices,1.0,0.7955,0.7955,0.7955
french,r2eK3YXjAU,21984,cette convention traduit un effort d'unification sans précédent dans le domaine des brevets d'invention,1.0,0.8641,0.5437,0.6602
french,Ds2mE5UGnZ,777,les trois communes urbaines multipolarisées n'appartiennent pas spécifiquement a une seule aire urbaine,0.3204,0.1068,0.2621,0.1068
french,e97ki3c8DL,33290,une partie importante concerne les crimes et les peines,0.3455,0.1091,0.0182,0.1818
french,ZKoFaz9Mrj,8235,dès le premier tour il est élu député de la sixième circonscription de maine et loire,0.4588,0.7294,0.6118,0.6471
french,gvsTumIuO1,7871,la forme francisée s'explique par une agglutination de l'article,0.1562,0.1875,0.2812,0.1719
french,IrXN65uF2D,18512,de plus il a édité un livre sur la maladie de la peste,0.6852,0.6296,0.7593,0.8333
french,G47ONLSoe8,29025,la population en profite pour les tuer tous,0.0465,0.1395,0.3256,0.2558
french,G47ONLSoe8,29059,la fermentation des intrants produit aussi un résidu plus ou moins visqueux nommé digestat,1.0,0.4111,0.4667,0.4222
french,chc_pimJ0Z,23270,seule l'équipe de développement intervient,0.4762,0.0714,0.2619,0.0714
french,0d3yVC7C9M,403,l'action du film se déroule a amsterdam et est de type science fiction,0.1714,0.1143,0.1571,0.1571
french,ll30-whTFY,22447,la ville est située a l'est de la région,0.075,0.275,0.425,0.25
french,Gw-9o1i7nY,5055,le logiciel est un standard industriel sur le marché des serveurs,0.3231,0.0615,0.2154,0.2462
french,6ft7Ezz5sQ,20716,les grumeaux sont récupérés grace a une étamine le tout sera suspendu pour égouttage,0.631,0.8929,0.8929,0.7143
french,G47ONLSoe8,29182,de plus elles nécessitent souvent un aménagement spécial des théatres,0.5942,0.3768,0.4203,0.3623
french,0d3yVC7C9M,413,il arrive souvent qu'un non terminal puisse se définir de plusieurs façons,0.0811,0.0405,0.027,0.0676
french,e97ki3c8DL,33211,voir aussi la liste des ministres français des postes et télécommunications,0.1733,0.1467,0.12,0.1067
french,0d3yVC7C9M,376,il permet de controler les transactions éventuelles avec le serveur de transaction microsoft,0.087,0.087,0.1304,0.0978
french,IrXN65uF2D,18530,les inflorescences sont toujours des cymes unipares scorpioides,0.619,0.4127,1.0,0.9048
french,n-0_tPnwIy,26963,ce choix esthétique crée un décalage entre l'image et le son,0.9333,0.75,0.7,0.75
french,r2eK3YXjAU,21998,il décide alors de regrouper une trentaine d'enfants sourds pour les instruire,0.6667,0.6026,0.6026,0.5513
french,G47ONLSoe8,29134,parfaitement inoffensives celles ci ont pourtant le désavantage d'être inesthétiques,0.5595,0.3214,0.4167,0.4167
french,yP5TS6EloW,9928,mais ces éléments sont contestés par beaucoup d'analystes journalistes,0.5714,0.7714,0.4286,0.7429
french,G47ONLSoe8,29124,en revanche s'il n'a jamais peint il est amateur de peinture moderne,0.6471,0.5441,0.6176,0.8529
french,ZKoFaz9Mrj,8108,il exerçait la profession de chirurgien dentiste,0.4583,0.5208,0.3958,0.5208
french,n-0_tPnwIy,26986,le sous sol de la brie est constituée de marnes et de calcaires siliceux,0.8194,0.6806,0.8889,0.625
french,pUaQKQSh7E,17093,christine donne chez elle des leçons de violon,0.3261,0.1304,0.7174,0.3913
french,u5rOEWmzeT,27396,le monde est vieux et fatigué violent et barbare,0.1458,0.2917,0.4792,0.1042
french,G47ONLSoe8,29083,il passa toute son enfance a bourville qui lui inspira son surnom,0.4923,0.4615,0.4615,0.5077
french,u5rOEWmzeT,27197,elle a depuis été organisée chaque année a divers endroits,0.2931,0.0345,0.3448,0.0345
french,IrXN65uF2D,18603,il arrive parfois que de jeunes brochets mordent au ver,0.7636,1.0,0.8909,0.8182
french,G47ONLSoe8,29180,le navet fut progressivement remplacé par une citrouille,0.6071,0.2679,0.375,0.3929
french,r2eK3YXjAU,22078,il a développé une critique radicale de la métaphysique spéculative,1.0,0.7463,0.7761,0.6567
french,G47ONLSoe8,29145,elle est en quelque sorte un pouvoir qui facilite l'effort,0.7414,0.4483,0.4655,0.7586
french,u5rOEWmzeT,27233,la viande rouge présente différentes teintes selon son état de cuisson et de conservation,0.0449,0.0225,0.0899,0.0449
french,ll30-whTFY,22489,une terre fortement chargée cuit a température plus basse,0.807,0.7018,0.9123,0.8246
french,pUaQKQSh7E,17061,le pédicelle est souvent articulé juste en dessous de l'ovaire,0.2419,0.1613,0.1935,0.3065
french,e97ki3c8DL,33162,des gens vont et viennent,0.24,0.08,0.36,0.08
french,pUaQKQSh7E,17017,dans ce glossaire tous les espaces sont supposés topologiques,0.1803,0.0656,0.2295,0.0492
french,gvsTumIuO1,7890,c'est la fin du royaume thuringien,0.3235,0.3235,0.6176,0.3235
french,6ft7Ezz5sQ,20669,ci dessous la liste des iles principales,0.6,0.5,0.625,0.475
french,G47ONLSoe8,29160,il ne poursuivra plus ensuite de recherches sur l'hybridation,0.7541,0.6393,0.6066,0.6557
french,UnuvxPW6Pc,3501,la loi municipale a toutefois tendance a marginaliser l'opposition,0.0455,0.0455,0.0455,0.0455
french,chc_pimJ0Z,23281,ailleurs les marées peuvent atteindre de marnage,0.5,0.6042,0.6458,0.7292
french,n-0_tPnwIy,26952,une alternance de frises et de tableaux art nouveau décore tous les étages,0.8243,0.6081,0.6216,0.7432
french,r2eK3YXjAU,22016,le cycle du carbone dépend du climat et réciproquement,0.7963,0.8519,0.7222,0.6481
french,g5TFstLFyq,2511,madrid va se défendre contre les attaques rebelles pendant de nombreux mois,0.1733,0.08,0.08,0.0667
french,pUaQKQSh7E,16991,voir l'image ci contre,0.9545,0.4091,0.7273,0.6364
french,n-0_tPnwIy,26836,depuis ils étudient quel itinéraire moins risqué ils pourraient lui faire prendre,0.7407,0.7284,0.8148,0.6667
french,Gw-9o1i7nY,5077,l'accueil fut réservé mais certains le considèrent comme un chef d'oeuvre,0.4384,0.3014,0.4384,0.4247
french,r2eK3YXjAU,22109,les producteurs n'avaient donc qu'un intérêt très limité dans cette innovation,1.0,0.8205,1.0,0.7179
french,Gw-9o1i7nY,5027,les flamands font coincider région et communauté,0.4375,0.1458,0.1458,0.0833
french,G47ONLSoe8,29032,c'est donc le point par rapport auquel la masse est uniformément répartie,0.7123,0.4247,0.5616,0.589
french,u5rOEWmzeT,27263,chaque joueur place ses pions sur les cases de couleur foncée,0.3607,0.2295,0.1803,0.2951
french,3OxxtNhkuv,16365,il est par la suite parfois comparé a l'acteur durant sa présidence,0.3582,0.2687,0.4328,0.3731
french,IrXN65uF2D,18586,il est renfloué après beaucoup d'efforts,0.75,0.8,0.775,0.75
french,IrXN65uF2D,18667,cette branche de la géographie est donc par définition une science sociale,1.0,0.4595,0.5541,0.6351
french,Ds2mE5UGnZ,754,la statue de notre dame de sous terre est livrée aux flammes,0.1833,0.2,0.1667,0.1667
french,G47ONLSoe8,29107,un moulin et une fruitière participent a l'industrie de la commune,0.5152,0.7576,0.5152,0.5455
french,G47ONLSoe8,29016,l'oeuvre peut aussi être sonore,0.871,0.7419,0.6452,1.0
french,chc_pimJ0Z,23437,il n'en sera pas tenu compte,0.4643,0.3214,0.5714,0.3929
french,IrXN65uF2D,18500,il est membre de la section portugaise du mouvement européen,0.75,0.4667,0.5333,0.4667
french,u5rOEWmzeT,27252,ces auréoles sédimentaires sont délimitées les unes des autres par des coteaux les cuestas,0.2111,0.1444,0.1444,0.1111
french,r2eK3YXjAU,22093,pendant ce temps les aéronefs sont basés a pontoise,0.9216,0.7059,0.8627,0.8431
french,3OxxtNhkuv,16311,mais aussi de dresser une carte gravitationnelle,0.0208,0.0208,0.0208,0.0625
french,3OxxtNhkuv,16394,cette fibre très légère a pour caractéristique son imperméabilité et son imputrescibilité,0.6742,0.1348,0.2584,0.1573
french,pUaQKQSh7E,17011,d'une part l'ame prophétise d'elle même du fait de ses affinités avec les dieux,0.1646,0.0633,0.1772,0.0506
french,G47ONLSoe8,29067,ces éléments sont responsables entre autres de la destruction de la couche d'ozone,0.2439,0.439,0.3415,0.3902
french,3OxxtNhkuv,16246,ce lieu de culte a été construit sur deux étages,0.1875,0.1875,0.3333,0.25
french,6ft7Ezz5sQ,20768,un incendie se déclare dans l'usine et des responsables ouvriers sont désignés,0.7564,0.8205,0.8718,0.7692
french,chc_pimJ0Z,23343,certaines d'entre elles sont spectaculaires,0.7209,0.6047,0.7907,0.7209
french,u5rOEWmzeT,27203,leurs deux albums ont été intégralement composés et enregistrés en une semaine chacun,0.0,0.0118,0.0588,0.0118
french,G47ONLSoe8,29179,certaines personnes utilisent des effets sonores et de la fumée pour ajouter de l'ambiance,0.2333,0.1778,0.2889,0.1778
french,3OxxtNhkuv,16266,le problème est alors que la densité de flux reçue est très faible,0.1212,0.0758,0.3333,0.1818
french,UnuvxPW6Pc,3515,depuis lors la science fiction est un genre riche et diversifié,0.0476,0.0635,0.0952,0.0317
french,yP5TS6EloW,10046,il n'a jamais eu d'entraineur,0.931,0.7931,0.7241,0.6897
french,ZKoFaz9Mrj,8198,chacune de leurs branchies possède une ouverture propre,0.4727,0.6,0.7273,0.6545
french,IrXN65uF2D,18598,en général l'omble chevalier ressemble aux autres membres de la famille des salmonidés,0.7093,0.7558,0.8023,0.7907
french,pUaQKQSh7E,17095,on ne voit que ses jambes et le violon,0.5263,0.0,0.2632,0.2105
french,5eh1ULfUPE,11121,il a été l'un des premiers américains a faire fortune dans la littérature,0.8082,0.6849,0.7397,0.9863
french,IrXN65uF2D,18577,en cas de délivrance le brevet est publié,0.8293,0.7317,0.7805,0.7561
french,r2eK3YXjAU,22023,tout peut se faire de manière transparente pour un utilisateur non averti,1.0,0.5479,0.7671,0.7945
french,G47ONLSoe8,29138,son utilisation militaire n'est jamais celle qu'elle aurait du être,0.6418,0.7612,0.6418,0.6567
french,IrXN65uF2D,18575,aucune subvention nationale ni communautaire n'est perçue,0.807,0.8246,0.807,0.7544
french,e97ki3c8DL,33252,il est formellement identifié par le patron du cirque,0.0377,0.0377,0.0377,0.0189
french,u5rOEWmzeT,27336,il apprécie par exemple le bois tendre et gorgé de sève du baobab,0.1692,0.1846,0.3231,0.2
french,Gw-9o1i7nY,5094,cette politique papale de napoléon combine les questions religieuses et diplomatiques,0.3059,0.1059,0.1412,0.1176
french,3OxxtNhkuv,16321,c'est une commune limitrophe avec le département du lot,0.2364,0.1818,0.1273,0.1636
french,G47ONLSoe8,29048,deux de ses frères meurent lors de cette guerre,0.766,0.6383,0.383,0.7234
french,ll30-whTFY,22354,pour être efficace le traitement doit être administré au stade précoce de la maladie,0.131,0.25,0.4048,0.1548
french,r2eK3YXjAU,22112,c'est la ville la plus peuplée de l'état,0.7,0.75,0.675,0.575
french,chc_pimJ0Z,23385,sur ce modèle il utilise l'alchimie pour préparer les remèdes,0.3115,0.7213,0.6885,0.9344
french,G47ONLSoe8,29181,le terme désigne également par extension dans le langage courant un film musical,0.45,0.6125,0.75,0.5875
french,chc_pimJ0Z,23317,les carburants peuvent être d'origines organiques synthétiques ou fossiles,0.3784,0.1622,0.527,0.4865
french,e97ki3c8DL,33310,résistant et évadé a deux reprises il commence sa carrière après guerre dans les journaux,0.0899,0.0899,0.1798,0.0562
french,chc_pimJ0Z,23469,il était composé d'un petit bureau et d'une salle d'attente,0.4237,0.0169,0.1695,0.1695
french,pUaQKQSh7E,17030,la croissance démographique est assez faible et les différences entre régions moins marquées,0.2717,0.2065,0.1522,0.2065
french,G47ONLSoe8,29146,une question qui vient a l'esprit c'est de savoir comment se forme une habitude,0.1899,0.2025,0.0759,0.3544
french,chc_pimJ0Z,23401,l'action de secours est tenue légalement de respecter les libertés individuelles,0.2125,0.3,0.4875,0.1375
french,r2eK3YXjAU,22066,il considère le roman comme stérile et malhonnête par rapport a la réalité,1.0,0.7703,0.7568,0.8514
french,IrXN65uF2D,18551,il arrive que la brème s'hybride avec le gardon ou la brème bordelière,1.0,0.7714,0.6714,1.0
french,3OxxtNhkuv,16402,la grande pédale peut se superposer avec une strette ou avec des divertissements,0.1875,0.05,0.0375,0.125
french,IrXN65uF2D,18606,les témoignages archéologiques ne confirment que très partiellement cela,0.9306,0.9306,0.7222,0.7222
french,0d3yVC7C9M,340,elle assure que les produits en vente sont comparables,0.1296,0.0,0.1667,0.0
french,3OxxtNhkuv,16306,il fait éditer ses premières compositions par son père,0.3889,0.0556,0.3519,0.0
french,5eh1ULfUPE,11148,les limites spatiales et temporelles d'une biocénose sont celles des populations homogènes qu'elles décrivent,0.578,0.5413,0.7064,0.6606
french,e97ki3c8DL,33339,il s'agit principalement de fédérations de groupes locaux composés d'ingénieurs et d'élèves ingénieurs,0.0294,0.049,0.0392,0.098
french,ZKoFaz9Mrj,8222,il est le père d'alix cazenave et de fabien cazenave,0.7885,1.0,0.9808,0.5769
french,G47ONLSoe8,29022,la résolution a été approuvée a l'unanimité,0.4884,0.3488,0.3953,0.4419
french,G47ONLSoe8,29153,elle remet profondément cette conception en question,0.8269,0.6731,1.0,0.6923
french,gvsTumIuO1,7889,les apollinaire écartés du pouvoir comptent évidemment sur le retour des wisigoths,0.5366,0.1829,0.2073,0.378
french,e97ki3c8DL,33235,il était sobre dans son alimentation et vécu chastement,0.3091,0.1636,0.3818,0.1273
french,Gw-9o1i7nY,5065,cette scène une fois finie sera la scène vue par les utilisateurs finaux,0.3056,0.4028,0.0972,0.2222
french,Ds2mE5UGnZ,749,le donjon du chateau pouvait être complètement isolé des autres défenses,0.0417,0.0417,0.0972,0.1389
french,yP5TS6EloW,10031,ça ne fit même pas de bruit a cause du sable,0.7955,0.75,0.8182,0.5909
french,gvsTumIuO1,7781,elles se veulent des mesures pragmatiques liées aux dysfonctionnements des changes flottants,0.337,0.3478,0.3043,0.3804
french,IrXN65uF2D,18587,la trainée de forme est minimale quand l'écoulement n'est pas décollé,0.7391,0.7681,0.7826,0.8116
french,ll30-whTFY,22425,les producteurs utilisent exclusivement des ingrédients viticoles,0.7692,0.6615,0.8154,0.9077
french,gvsTumIuO1,7869,avant l'établissement des chemins de fer le lot était une très importante voie navigable,0.3636,0.2955,0.5795,0.4545
french,3OxxtNhkuv,16346,une vingtaine de galaxies naines orbitent autour de la galaxie d'andromède,0.3784,0.1351,0.473,0.2568
french,G47ONLSoe8,28994,le territoire communal est traversé par la rivière la vienne,0.8,0.5333,0.6,0.4667
french,ZKoFaz9Mrj,8112,il est vice président du groupe d'études sur le problème du tibet de assemblée nationale,0.6591,0.1364,0.3068,0.3068
french,ZKoFaz9Mrj,8141,il est marié et père de deux enfants,0.2778,0.2778,0.2222,0.2778
french,gvsTumIuO1,7790,écrivain béhavioriste steinbeck décrit avec beaucoup de précision et d'objectivité,0.2927,0.2683,0.7927,0.3659
french,sNt2CPV1iq,19099,plus le jour choisi approchait plus on l'invitait a réessayer,0.5246,0.7213,0.7541,0.9508
french,0d3yVC7C9M,415,cette forme de description est par exemple parfaitement appropriée a l'écriture de compilateurs,0.0316,0.0316,0.0526,0.0316
french,yP5TS6EloW,9981,le quart des habitants revendique l'appartenance au catholicisme romain,0.8592,0.7465,0.9155,0.8873
french,n-0_tPnwIy,26934,la variante danoise est très similaire,0.8684,0.8421,0.6053,0.7895
french,3OxxtNhkuv,16318,celui ci est accusé de détournement de fonds a son profit personnel ce qu'il nie,0.55,0.15,0.2625,0.25
french,ZKoFaz9Mrj,8150,il est principalement impliqué sur les questions financières,0.2833,0.25,0.1333,0.25
french,pUaQKQSh7E,17047,ce massif est constitué de roches sédimentaires plissées lors de l'orogénèse alpine,0.1446,0.1807,0.1446,0.1205
french,r2eK3YXjAU,22088,le matériau a pour particularité d'être dur,0.7907,0.8837,0.9767,1.0
french,u5rOEWmzeT,27214,les pyrroles sont les composants les plus importants parmi ceux possédant un cycle aromatique,0.0215,0.0323,0.1935,0.0108
french,gvsTumIuO1,7843,les femmes rejoignent le temple de la déesse,0.6364,0.4773,0.3636,0.4773
french,ll30-whTFY,22401,on sait surtout que ce fut un nom d'artiste,0.6512,0.2558,0.7907,0.7442
french,ZKoFaz9Mrj,8130,il est alors le député français ayant siégé le plus longtemps a l'assemblée nationale,0.3529,0.2588,0.3765,0.3882
french,Gw-9o1i7nY,5063,de même les implémentations varient selon les stratégies et les besoins des différents navigateurs,0.051,0.0306,0.1224,0.0612
french,UnuvxPW6Pc,3526,en ce sens elle soutient l'école de tauromachie de la ville,0.1017,0.0508,0.0847,0.0678
french,r2eK3YXjAU,21977,on parle alors de chromosome constitué de deux chromatides,0.6552,0.6724,0.5862,0.5862
french,3OxxtNhkuv,16303,cela conduit a des tensions croissantes avec les habitants de ces colonies,0.1351,0.1486,0.2838,0.1216
french,sNt2CPV1iq,19085,son origine serait inconnue,0.9259,0.3333,0.7778,0.5185
french,3OxxtNhkuv,16391,les faits de langues concernant les prononciations dialectales seront cependant signalés,0.1477,0.1023,0.2159,0.0795
french,6ft7Ezz5sQ,20675,cependant le critère principal dans la typologie des bibliothèques est celui de leur fonction,0.5914,0.8387,0.8172,0.7527
french,6ft7Ezz5sQ,20613,ce sont les mêmes sons les phonèmes,0.5714,0.8,0.6,0.6571
french,6ft7Ezz5sQ,20731,les cantons peuvent légiférer dans ce domaine,0.6667,0.8444,0.7556,0.8
french,UnuvxPW6Pc,3428,un certain nombre de domaines sont ainsi gérés uniquement au niveau cantonal,0.0921,0.0658,0.0658,0.1184
french,g5TFstLFyq,2529,de nombreuses études démontrent que les algues constituent d'efficaces bioindicateurs,0.1412,0.1059,0.2824,0.0941
french,3OxxtNhkuv,16337,il a été largement introduit en amérique et en asie tropicale,0.9016,0.1148,0.3279,0.1148
french,Gw-9o1i7nY,5023,la grammaire basque est d'une originalité radicale,1.0,0.58,0.68,0.54
french,e97ki3c8DL,33154,ce batiment est chargé de symbolisme,0.0833,0.0833,0.1944,0.0833
french,n-0_tPnwIy,26911,elle offre un aperçu et un échantillon de l'oeuvre de l'artiste,0.9524,0.7143,0.5556,0.746
french,yP5TS6EloW,10043,pendant l'occupation il a été reçu a maintes reprises par le maréchal,0.7391,0.7681,0.7826,0.7681
french,IrXN65uF2D,18643,il était enfin membre correspondant associé de l'institut de france,0.9701,0.7612,0.4776,0.7612
french,sNt2CPV1iq,19120,la guirlande est alors laissée a la merci des éléments et symbolise des messages,0.675,0.6625,0.7125,0.575
french,ll30-whTFY,22463,un univers se déclinera désormais en livres pour la jeunesse et autres produits dérivés,0.4713,0.6782,0.7816,0.6092
french,g5TFstLFyq,2587,elles peuvent parfois cependant l'être par un utilisateur expérimenté éventuellement avec un matériel spécial,0.1468,0.1101,0.2018,0.1101
french,u5rOEWmzeT,27207,le statoréacteur souffre en effet d'un défaut majeur celui de ne pouvoir décoller seul,0.2558,0.3372,0.4651,0.2791
french,UnuvxPW6Pc,3538,ainsi la proportion de mangas dans les magazines augmente,0.0,0.0175,0.0351,0.0175
french,ll30-whTFY,22488,un petit clavier est intégré a l'unité centrale,0.5957,0.6383,0.5957,0.8723
french,yP5TS6EloW,10005,plus de la moitié des habitants du canton revendiquent l'appartenance au catholicisme romain,0.8696,0.7065,0.7174,0.9348
french,UnuvxPW6Pc,3514,ils appartiennent cependant a une époque qui voit fleurir de nombreux romans d'anticipation scientifique,0.1538,0.0577,0.0769,0.0577
french,3OxxtNhkuv,16361,la fraise est donc un polyakène,0.1935,0.2581,0.2903,0.0645
french,chc_pimJ0Z,23329,disparue de sa vie depuis des mois peut être des années,0.6364,0.5273,0.7455,0.4
french,gvsTumIuO1,7894,un gouverneur assure la direction du royaume,0.5,0.8409,1.0,1.0
french,0d3yVC7C9M,426,les trois principaux sites touristiques sont marseille aix en provence et arles,0.2025,0.1519,0.1519,0.2532
french,e97ki3c8DL,33176,c'est ainsi que l'on peut aussi parler de divisibilité dans un anneau de polynomes,0.0488,0.0366,0.0366,0.0366
french,gvsTumIuO1,7852,elle va proposer d'enquêter sur la mort de samuel fincher,0.5263,0.7895,0.7368,0.6667
french,ll30-whTFY,22388,fondamentalement la justice est polymorphe dépendant des époques et des civilisations,0.4588,0.4588,0.7176,0.5647
french,6ft7Ezz5sQ,20647,il est composé de tous les partis politiques des iles,0.6792,0.5849,0.4717,0.6226
french,UnuvxPW6Pc,3449,paul valéry est un invité fréquent des mardis mallarméens,0.1053,0.0526,0.1228,0.0526
french,6ft7Ezz5sQ,20616,deux des dimensions de la poutre sont petites par rapport a la troisième,0.5972,0.6944,0.6111,0.625
french,e97ki3c8DL,33261,il est dirigé par un président et secondé par un secrétaire pour le législatif,0.0897,0.0641,0.1154,0.0641
french,gvsTumIuO1,7895,ils se voient ensuite accorder l'accès a toutes les villes occupées par les ostrogoths,0.3023,0.3721,0.407,0.3488
french,sNt2CPV1iq,19084,aurore devient top model,0.7917,0.9167,1.0,1.0
french,Ds2mE5UGnZ,804,les premières oeuvres cinématographiques datent du début du siècle,0.0606,0.0758,0.0606,0.0303
french,yP5TS6EloW,9920,c'est aussi un constructeur universel,0.3784,0.6216,0.5946,0.5946
french,6ft7Ezz5sQ,20780,les méandres sont parfois longs et tortueux,0.907,0.6047,0.7674,0.6279
french,gvsTumIuO1,7911,le logo actuel reprend les couleurs des armoiries,0.5306,0.2041,0.3265,0.1224
french,n-0_tPnwIy,26866,il a des moteurs turbocompressés et une capacité en carburant accrue,1.0,0.7794,0.7647,0.8235
french,3OxxtNhkuv,16286,utilisez la fonction de recherche de votre navigateur pour vérifier leur présence éventuelle,0.1848,0.0652,0.0652,0.1087
french,e97ki3c8DL,33146,elle peut donc avoir également un role dissuasif pour éviter des révoltes,0.0685,0.0685,0.0411,0.0411
french,G47ONLSoe8,29075,c'est grace a l'implantation de l'église catholique que l'art baroque se propage en europe,0.4222,0.3333,0.3444,0.3667
french,ll30-whTFY,22340,selon lui toute autre forme tend a se confondre avec la comparaison,0.403,0.5821,0.8507,0.3433
french,chc_pimJ0Z,23434,l'industrie a cherché a développer les meilleures méthodes pour améliorer la qualité,0.1548,0.0238,0.6905,0.5357
french,G47ONLSoe8,29148,historiquement on trouve très peu de femmes chefs d'orchestre,0.7377,0.7705,0.6721,0.6557
french,Gw-9o1i7nY,5034,la saint léger est par ailleurs devenue la fête patronale de la commune d'oyonnax,0.3333,0.1481,0.4938,0.1852
french,sNt2CPV1iq,19131,elle reçoit également une nomination a l'oscar de la meilleure actrice,0.7429,0.5143,0.6429,0.6714
french,gvsTumIuO1,7795,au cours de la seconde guerre mondiale il servit dans les transmissions en birmanie,0.4096,0.2771,0.2771,0.5422
french,u5rOEWmzeT,27254,cette attaque ne durera qu'une heure mais aurait pu paralyser l'ensemble du réseau internet,0.022,0.1429,0.1648,0.033
french,r2eK3YXjAU,22115,l'interface qui est présentée a l'utilisateur est nommée interface utilisateur,0.7308,0.7051,0.5513,0.6154
french,ZKoFaz9Mrj,8192,son suppléant est jean pierre romero maire de port vendres,0.7241,0.7414,0.7414,0.7069
french,6ft7Ezz5sQ,20738,la pépinière consiste en la production d'espèces ligneuses arbres et arbustes d'ornement ou non,0.6105,0.5684,0.5579,0.5158
french,ll30-whTFY,22403,l'empereur pensait écarter ferdinand de la succession,0.3019,0.283,0.9245,0.2642
french,e97ki3c8DL,33178,ceci conduit a définir la notion d'éléments associés dans un anneau,0.1045,0.0448,0.2836,0.0299
french,chc_pimJ0Z,23400,en effet dans des pays comme les états unis cette responsabilité est très forte,0.3291,0.2405,0.4304,0.2785
french,u5rOEWmzeT,27346,la encore l'application de cet idéal n'a pas été considérée comme une réussite,0.0897,0.1154,0.0769,0.0641
french,r2eK3YXjAU,22116,cette dernière nécessite également des protocoles strictement définis afin d'éviter les conflits,1.0,0.7604,0.7708,0.7292
french,n-0_tPnwIy,26961,c'est la commune la plus prospère de bruxelles,0.8261,0.7391,0.5652,0.7391
french,G47ONLSoe8,28988,dès qu'il fut baptisé jésus sortit de l'eau,0.5116,0.3256,0.5581,0.3488
french,ZKoFaz9Mrj,8233,il est membre de la commission de la défense,0.5909,0.2273,0.5909,0.5227
french,6ft7Ezz5sQ,20709,il n'en est rien,1.0,0.8125,0.6875,1.0
french,chc_pimJ0Z,23292,on en distingue plusieurs types avec une grande variété de formes,0.1077,0.1385,0.2308,0.1385
french,n-0_tPnwIy,26923,ainsi la circulation des trains ne fut pas interrompue,0.7963,0.7037,0.8148,0.7593
french,UnuvxPW6Pc,3534,il commence sa vie active en concevant des périphériques pour ordinateur,0.0417,0.0278,0.0278,0.0278
french,sNt2CPV1iq,19136,ce qui fut fait,0.8,0.9333,0.8,0.8
french,ll30-whTFY,22510,ce référent était situé environ plus bas que le référent actuel,0.4127,0.5397,0.6984,0.619
french,r2eK3YXjAU,22006,les spectateurs disposent de cinq tribunes,0.6905,0.4048,0.4762,0.7143
french,UnuvxPW6Pc,3490,la seine traversait alors une vaste pénéplaine de nature argileuse sous un climat subtropical,0.0753,0.0645,0.086,0.0645
french,pUaQKQSh7E,16950,ses oreilles sont larges et particulièrement mobiles,0.3077,0.2115,0.4615,0.0769
french,u5rOEWmzeT,27347,le principal point d'achoppement est celui des conditions de la détention,0.0959,0.0822,0.0685,0.0822
french,r2eK3YXjAU,22110,la semelle de certains fers a repasser est en téflon,0.7115,0.7692,0.5577,0.8077
french,ll30-whTFY,22336,il s'enfuit en courant du ministère et décide de se lancer dans l'écriture,0.3784,0.7432,0.8243,0.7027
french,ll30-whTFY,22496,plus besoin dès lors de correcteurs liquides peu pratiques et malpropres,0.4861,0.7083,0.6944,0.6667
french,yP5TS6EloW,9910,cette définition est la seule acceptée par le bureau international des poids et mesures,0.4713,1.0,0.5747,0.7011
french,Ds2mE5UGnZ,722,ces éditeurs ne font aucune réclamation de copyright sur leur propre édition,0.0263,0.0658,0.0526,0.0526
french,chc_pimJ0Z,23273,il ne retournera chez son père qu'a l'age de dix ans,0.6731,0.5962,0.6538,0.5962
french,u5rOEWmzeT,27358,ils connaissaient également la poterie,0.1842,0.1053,0.1579,0.1579
french,r2eK3YXjAU,22042,le manche est fretté,1.0,0.7,0.95,0.75
french,Ds2mE5UGnZ,788,cette opération peut être considérée de manière générique comme un traitement de surface,0.0455,0.0455,0.0682,0.0682
french,ll30-whTFY,22338,il existe des religieuses bénédictines,0.7632,0.6579,0.8158,1.0
french,ZKoFaz9Mrj,8163,elle est élue a la chambre de commerce de meaux,0.6809,0.5319,0.6596,0.6383
french,Gw-9o1i7nY,5090,le support doit être homogène poreux et inerte,0.8478,0.8478,0.8696,0.7174
french,UnuvxPW6Pc,3443,des termes liés par synonymie sont des synonymes,0.3333,0.0625,0.0208,0.0625
french,ZKoFaz9Mrj,8102,la famille vit a ravine des cabris quartier de la commune de saint pierre,0.5068,0.5479,0.6986,0.726
french,n-0_tPnwIy,26982,la présence de ces derniers est effectivement attestée par l'archéologie,0.7361,0.7361,0.7083,1.0
french,e97ki3c8DL,33256,élevage ovin et caprin,0.8182,1.0,1.0,1.0
french,pUaQKQSh7E,16982,il va s'en servir pour identifier la machine interne,0.0577,0.0,0.0769,0.0
french,3OxxtNhkuv,16343,le quatuor a cordes familial s'étoffe,0.5676,0.2432,0.4054,0.2703
french,sNt2CPV1iq,19119,treize hommes en commission sont chargés d'une nouvelle législation,0.7463,1.0,0.791,0.6866
french,3OxxtNhkuv,16378,parmi les emprunts on peut distinguer des catégories selon leur degré d'assimilation,0.1905,0.1429,0.2619,0.1786
french,G47ONLSoe8,29066,la fécondation des fleurs est assurée par les abeilles,0.3519,0.1481,0.3704,0.1852
french,ll30-whTFY,22335,plus tard martine lui annonce leur rupture par téléphone,0.75,0.7857,0.7143,0.8214
french,IrXN65uF2D,18549,il forme des bancs qui peuvent parfois se mélanger avec des bancs de gardons,0.9868,0.6316,0.7105,0.6842
french,chc_pimJ0Z,23455,le prétendant descend ensuite a limoges ou il réussit a s'emparer du trésor ducal,0.3827,0.2099,0.3951,0.2222
french,pUaQKQSh7E,17008,il dure huit ans,0.4375,0.125,0.375,0.0625
french,IrXN65uF2D,18503,des croisières sont également proposées a certaines dates,0.6316,0.7193,0.7544,0.9649
french,ZKoFaz9Mrj,8161,il considère qu'une loi est nécessaire pour fermer la centrale nucléaire de fessenheim,0.6395,0.3837,0.5581,0.6395
french,n-0_tPnwIy,26970,les garçons décident alors de la venger en allant tabasser les coupables eux mêmes,0.9024,0.7073,0.7073,0.8171
french,UnuvxPW6Pc,3488,elle enchainera sans grand succès de petits roles au cinéma pendant une dizaine d'années,0.0682,0.1023,0.1477,0.0795
french,5eh1ULfUPE,11135,cette notion s'étend aux entiers relatifs grace aux propriétés de la division euclidienne,0.8989,0.6854,0.9101,0.6966
french,u5rOEWmzeT,27337,ce sont tous de très grands animaux dotés d'une trompe caractéristique,0.1429,0.0571,0.0857,0.0714
french,IrXN65uF2D,18664,elle a un frère et deux demi frères,0.7714,0.7143,0.7429,0.6857
french,IrXN65uF2D,18672,c'est un langage de programmation orienté prototype,0.4314,0.6667,0.7843,0.8235
french,u5rOEWmzeT,27333,il désigne donc robert lacoste,0.6,0.1333,0.2,0.1
french,Ds2mE5UGnZ,848,il s'agit en fait d'une station a but médical,0.1778,0.2222,0.2,0.2222
french,u5rOEWmzeT,27219,il devait exercer ce mandat parlementaire pendant dix ans,0.1404,0.0351,0.1053,0.0175
french,G47ONLSoe8,29143,socratique il est critique envers la religion traditionnelle,0.3167,0.4667,0.25,0.4333
french,ZKoFaz9Mrj,8220,le député plaide sa bonne foi,1.0,0.3793,0.7931,0.4138
french,e97ki3c8DL,33222,un assez grand pourcentage de la population est de confession musulmane,0.1972,0.0845,0.1127,0.0423
french,6ft7Ezz5sQ,20707,le contrat social intervient pour garantir ces droits naturels pour assurer leur sauvegarde,0.7253,0.8132,1.0,0.7253
french,ZKoFaz9Mrj,8193,pour cause de cumul des mandats il doit quitter le conseil régional,0.6716,0.5821,0.7313,0.6716
french,yP5TS6EloW,9975,cette demi vie moléculaire dépend de la température,1.0,0.8627,0.9608,0.8235
french,sNt2CPV1iq,19103,il peut être précédé par une phase d'hermaphrodisme successif,1.0,0.6885,0.7705,0.7049
french,gvsTumIuO1,7860,son nom est intégré a celui de quatre départements français,0.2203,0.2034,0.2034,0.1864
french,pUaQKQSh7E,17004,les cultures vivrières sont quasiment inexistantes,0.38,0.2,0.2,0.26
french,yP5TS6EloW,9938,sujet qu'il théorise ensuite dans un article pour la revue europe,0.7231,0.7077,0.9077,0.8462
french,ll30-whTFY,22393,ses dernières années furent consacrées a concilier les protestants et les catholiques,0.3765,0.5882,0.4118,0.5529
french,3OxxtNhkuv,16330,on demande généralement aux mangaka une très grande productivité,0.3594,0.2812,0.6406,0.375
french,UnuvxPW6Pc,3456,ils étaient responsables des finances du shogunat,0.1837,0.1837,0.1837,0.0816
french,e97ki3c8DL,33302,il s'installe a paris pour poursuivre ses études de psychologie,0.0635,0.0476,0.0635,0.0476
french,IrXN65uF2D,18542,les secteurs militaires et civils communiquent beaucoup plus qu'en europe,0.8219,0.7808,0.9315,0.6164
french,0d3yVC7C9M,391,ces archées sont cependant incapables de fixer le carbone contrairement aux organismes photosynthétiques,0.0577,0.0481,0.0577,0.0481
french,0d3yVC7C9M,374,a chaque intervalle est associée une sous porteuse qui donne un signal modulé,0.0909,0.0649,0.0779,0.0649
french,G47ONLSoe8,29123,son succès est controversé dans la presse,0.7805,0.9024,0.9024,0.7805
french,Ds2mE5UGnZ,776,les deux communes urbaines multipolarisées n'appartiennent pas spécifiquement a une seule aire urbaine,0.0686,0.0686,0.2157,0.0686
french,ll30-whTFY,22381,ce système permet donc aux fichiers d'avoir une taille considérable,0.4776,0.4478,0.5224,0.4478
french,n-0_tPnwIy,26871,mais par la suite ils seront souvent reconstruits et modifiés,1.0,0.8852,0.9016,0.8361
french,IrXN65uF2D,18593,elle implique le recours a l'interprétation,0.7674,1.0,0.8605,0.8837
french,IrXN65uF2D,18651,pour ces deux derniers leur collaboration avec la justice a été prise en compte,0.7468,0.6582,0.7595,0.6835
french,IrXN65uF2D,18640,la distance ainsi établie n'empêche pas l'intervention divine,1.0,0.6557,0.6066,0.7049
french,IrXN65uF2D,18668,comme tous les phénomènes géographiques les faits étudiés par la géographie humaine sont cartographiés,0.7549,0.7157,1.0,1.0
french,3OxxtNhkuv,16234,une fois achetée cette carte peut être recréditée y compris via internet,0.1944,0.0694,0.0556,0.1111
french,G47ONLSoe8,29035,cependant la migration est a l'origine de flux de gènes,0.4364,0.4364,0.5455,0.4
french,6ft7Ezz5sQ,20698,véritable testament politique religieux et humain ils ont une grande valeur documentaire,0.75,0.9773,0.5341,0.6818
french,chc_pimJ0Z,23298,cette chanson rencontre le succès au hit parade et sort également en version anglaise,0.4588,0.3647,0.4471,0.5059
french,gvsTumIuO1,7798,a l'heure actuelle ils constituent les troupes de cérémonie de divers pays,0.1892,0.0405,0.4459,0.0405
french,pUaQKQSh7E,17072,puis les électrons protons et ions accélèrent lors du stade impulsif,0.3971,0.1765,0.2647,0.3824
french,Ds2mE5UGnZ,809,c'est l'épaisseur de cette couche qui détermine la profondeur des creux,0.2394,0.0845,0.0282,0.169
french,pUaQKQSh7E,16976,chacun des nombres représente un octet,0.5263,0.4737,0.7105,0.3947
french,g5TFstLFyq,2577,mayday est utilisé lorsque des vies humaines sont en danger,0.2542,0.2203,0.1864,0.2542
french,G47ONLSoe8,29027,en complément le campus reçoit d'autres étudiants de mai a fin juin,0.5075,0.4179,0.2687,0.3731
french,Ds2mE5UGnZ,791,utilisé en particulier pour protéger les rivets d'assemblage en aéronautique,0.0395,0.0263,0.0658,0.0395
french,Ds2mE5UGnZ,839,elles sont données par les constructeurs,0.0,0.025,0.05,0.025
french,G47ONLSoe8,29078,il participe a l'expansion coloniale notamment avec la conquête de madagascar,0.3766,0.1818,0.0909,0.2597
french,yP5TS6EloW,9914,après l'avoir adopté elle retourne aux états unis et mène des recherches sur cet enfant,0.6322,0.4828,0.6897,0.5517
french,gvsTumIuO1,7815,l'album sera le dernier,0.087,0.4348,0.4783,0.4783
french,chc_pimJ0Z,23366,si le premier est un succès commercial leur sortie provoque une controverse,0.2133,0.4133,0.4,0.4667
french,3OxxtNhkuv,16267,la guerre américaine d'indochine ne fut jamais déclarée,1.0,0.1273,0.2364,0.2909
french,0d3yVC7C9M,422,la cigogne blanche est l'oiseau emblématique de l'alsace,0.0893,0.1429,0.2321,0.0893
french,Gw-9o1i7nY,5117,neuf autres travaillaient comme avocats ou juges,0.375,0.3125,0.375,0.3125
french,gvsTumIuO1,7844,plus tard cet amour de la gloire personnelle sera transformé,0.45,0.3167,0.2167,0.4
french,3OxxtNhkuv,16400,outre les double et triple fugues il existe d'autres types de fugues,0.6471,0.1324,0.4265,0.2206
french,G47ONLSoe8,29043,c'est un pèlerinage local encore vivant,0.641,0.8205,0.4103,0.6154
french,chc_pimJ0Z,23340,les prophètes et prédicateurs sont alors détenteurs d'un pouvoir important dans les cours princières,0.68,0.77,0.62,0.7
french,r2eK3YXjAU,22120,de même pour l'ensemble du site,0.7742,0.8387,0.7419,0.871
french,chc_pimJ0Z,23411,il n'a pas d'enfant,0.6842,0.6842,0.0526,0.6316
french,0d3yVC7C9M,398,une première dans le royaume,0.3214,0.0357,0.6786,0.1786
french,5eh1ULfUPE,11129,il faut cependant relativiser cet engagement,1.0,0.8409,1.0,0.5909
french,G47ONLSoe8,29105,la source continua a jouer un role important dans les cultes de la cité,0.2676,0.1408,0.2817,0.2394
french,3OxxtNhkuv,16310,nous ne donnerons ici que quelques exemples,0.4186,0.2558,0.4419,0.2791
french,n-0_tPnwIy,26900,le patronyme est également très présent dans le département des vosges,0.8714,0.7143,0.7286,0.7286
french,n-0_tPnwIy,26826,la vie du roi est très ritualisée,0.7576,0.6667,0.6364,0.8182
french,pUaQKQSh7E,17082,toutefois certains systèmes de numération peuvent être beaucoup plus limités,0.4737,0.0658,0.3684,0.1711
french,e97ki3c8DL,33207,cela lui prend dix ans,0.3636,0.0909,0.6818,0.4545
french,chc_pimJ0Z,23474,a l'échéance un intérêt est a constater,0.8718,0.3333,0.7692,0.8718
french,g5TFstLFyq,2501,des copies de la règle espagnole seront effectuées pour la france et l'allemagne,0.0625,0.0375,0.1875,0.025
french,e97ki3c8DL,33227,ils proposent un certain nombre de méthodes écrites par le développeur,0.0714,0.0714,0.0714,0.0714
french,yP5TS6EloW,9993,le canton est situé dans le nord est de la suisse,0.6531,0.3673,0.6327,0.2653
french,chc_pimJ0Z,23309,des zones d'habitation sont réhabilitées,0.575,0.375,0.4,0.5
french,ll30-whTFY,22490,le biscuit ainsi décoré est trempé dans des bains d'émail,0.2807,0.2281,0.2807,0.7544
french,u5rOEWmzeT,27282,ceux ci sont remarquablement semblables a l'arbalète médiévale postérieure,0.1622,0.1892,0.2162,0.2973
french,e97ki3c8DL,33205,peu de choses sont connues a propos du harald historique,0.125,0.125,0.2143,0.125
french,ll30-whTFY,22374,ce scénario sera publié quelques années plus tard,0.9388,0.7755,0.8776,0.7755
french,ZKoFaz9Mrj,8146,elle est également vice présidente du groupe d'études sur la démographie et la population,0.5618,0.2472,0.4382,0.5843
french,yP5TS6EloW,10009,la fièvre peut être associée a des frissons myalgies malaise général céphalées,0.859,0.7821,0.8205,0.7821
french,pUaQKQSh7E,16981,cela implique de connaitre le format du protocole,0.0612,0.2245,0.0612,0.102
french,6ft7Ezz5sQ,20655,ce volcan a donné son nom a la province dans laquelle il est localisé,0.7536,0.6812,0.6232,0.6522
french,u5rOEWmzeT,27332,il inventa une méthode pour galvaniser le métal qu'utilisa alors l'armée a cuba,0.1392,0.1266,0.1899,0.1392
french,u5rOEWmzeT,27291,a la suite de ce soulèvement gouverna seul l'angleterre sans passer par ses conseillers,0.2759,0.1609,0.3678,0.1609
french,Ds2mE5UGnZ,760,la défaite de la droite met fin a l'expérience ministérielle de corinne lepage,0.141,0.1282,0.141,0.1667
french,sNt2CPV1iq,19205,l'électrolocalisation de l'ornithorynque est la plus sensible de celles de tous les monotrèmes,0.5106,0.6383,0.7234,0.5426
french,5eh1ULfUPE,11114,dans ce cas la base est unique,0.9667,0.5333,0.7,0.6333
french,6ft7Ezz5sQ,20755,la commune dispose d'un plan local d'urbanisme,1.0,1.0,0.6304,0.7826
french,ll30-whTFY,22505,la stéatite ou la chaux furent également incorporées dans certaines compositions,0.65,0.3125,0.4625,0.3
french,ll30-whTFY,22396,et son utilisation diffuse dans d'autres secteurs en se popularisant,0.4559,0.4706,0.6618,0.6765
french,chc_pimJ0Z,23488,la surprise du personnage qu'on ne connaissait pas,0.38,0.44,0.82,0.48
french,n-0_tPnwIy,26859,ces affaires sont réparties entre les deux préteurs puis les trois,0.803,0.8182,0.697,0.7727
french,e97ki3c8DL,33324,des carrosseries fermées apparaissent cadillac étant le premier constructeur américain a en proposer,0.19,0.16,0.19,0.23
french,e97ki3c8DL,33273,coupez en premier les fleurs fanées puis les feuilles quand votre plante devient touffue,0.1705,0.0795,0.1591,0.2273
french,pUaQKQSh7E,17012,il peut aussi travailler d'une manière autonome,0.1277,0.0,0.0638,0.0
french,e97ki3c8DL,33279,par contre l'acide sulfurique est extrêmement corrosif et provoque de graves brulures,0.0941,0.0941,0.1647,0.0941
french,0d3yVC7C9M,431,les africains au brésil ont réussi a préserver un patrimoine culturel maigre,0.0658,0.0658,0.0658,0.0658
french,6ft7Ezz5sQ,20656,ainsi seul un jeu réduit d'instructions était réellement utilisé dans beaucoup de programmes,0.9457,0.3804,1.0,0.6087
french,chc_pimJ0Z,23327,ces travaux contribuent a l'histoire de l'arminianisme,0.6667,0.5741,0.7222,0.7222
french,pUaQKQSh7E,17026,les députés sont élus pour un mandat de quatre ans,0.48,0.14,0.2,0.02
french,e97ki3c8DL,33306,le ministre peut également saisir le conseil sur des questions disciplinaires,0.026,0.039,0.026,0.013
french,e97ki3c8DL,33254,cette observation explique a elle seule l'absence de vestiges des maisons médiévales démantelées,0.1458,0.1562,0.1667,0.1667
french,e97ki3c8DL,33219,cette clause ne fut toutefois guère suivie d'effets,0.0392,0.1765,0.1961,0.1765
french,yP5TS6EloW,9991,les travailleurs frontaliers occupent principalement le secteur secondaire de même que le tertiaire,0.6667,0.6061,0.4949,0.6061
french,G47ONLSoe8,29076,l'angleterre reste très réfractaire la france également,1.0,0.6,0.5455,0.8364
french,gvsTumIuO1,7912,le port de pêche affronte la raréfaction des poissons,0.4151,0.6038,0.6604,0.6226
french,ll30-whTFY,22456,ces programmes sont composés de courts métrages et d'un moyen métrage ou d'épisodes de série,0.3043,0.3261,0.4565,0.3696
french,5eh1ULfUPE,11151,le pays exploite aussi le sel,0.6552,0.7241,0.4828,0.8621
french,Ds2mE5UGnZ,735,l'hymne de cette coupe du monde de football a été composé par vangelis,0.1429,0.2,0.2143,0.2571
french,n-0_tPnwIy,26860,leur fonction primitive était liée a l'administration urbaine de rome,0.7826,0.7391,0.7826,0.7826
french,r2eK3YXjAU,22048,ce multi instrumentiste joue également de la mandoline a trois manches,0.7857,0.7714,0.5571,0.6
french,r2eK3YXjAU,22001,la science qui étudie le cycle de l'eau est l'hydrologie,0.7321,0.7143,0.8571,0.7679
french,e97ki3c8DL,33224,ce type de rente est conceptuellement équivalent a celui des rentes issues d'un monopole,0.0682,0.0682,0.0795,0.0455
french,e97ki3c8DL,33216,ces groupes peuvent aussi être classés en tant que sludge atmosphérique ou sludge mélodique,0.2527,0.011,0.022,0.011
french,e97ki3c8DL,33238,celui qui publie les messages et ceux qui les reçoivent ne se connaissent pas,0.0779,0.0909,0.0909,0.0779
french,sNt2CPV1iq,19161,il n'est donc pas possible de noter ces musiques a l'aide de ce solfège,0.7042,0.507,0.5634,0.7746
french,u5rOEWmzeT,27206,on peut distinguer contraintes génératrices et contraintes transformatrices,0.4,0.28,0.1067,0.36
french,Gw-9o1i7nY,5067,il s'agit d'une roche cohérente,0.9355,0.0323,0.1935,0.2903
french,ll30-whTFY,22369,il s'agit donc plutot au final d'une panification a la levure,0.1475,0.1475,0.5738,0.2295
french,sNt2CPV1iq,19110,le programme est varié,0.7727,0.4091,0.9091,0.8182
french,ll30-whTFY,22518,les solides ont une faible dilatation et une faible compressibilité,0.791,0.7164,0.7463,0.8507
french,e97ki3c8DL,33253,les terres de cette commune sont cultivées en lavandes et lavandins,0.1493,0.194,0.1493,0.0448
french,6ft7Ezz5sQ,20627,l'ensemble des arboretums constitue un patrimoine naturel d'essences ligneuses forestières ou non,1.0,0.5258,0.6598,0.567
french,G47ONLSoe8,29054,d'autre part les crues peuvent être importantes et sont assez fréquentes,0.3333,0.6111,0.3472,0.5417
french,e97ki3c8DL,33269,les joueurs ont également la possibilité de créer leur propre catcheur,0.0429,0.0857,0.1143,0.0429
french,Ds2mE5UGnZ,723,elle a le statut juridique d'agence indépendante du gouvernement des états unis,0.0886,0.0633,0.0633,0.0633
french,G47ONLSoe8,29101,quant au sexe male tranché il tomba sur terre et engendra un amandier,0.8116,0.7536,0.5507,0.6087
french,UnuvxPW6Pc,3471,le sahara contient plusieurs milieux secs,0.4878,0.2439,0.3171,0.1951
french,G47ONLSoe8,29001,les fonctions sont toutefois dépendantes de la localisation et de la version du logiciel,0.5682,0.2727,0.4205,0.3295
french,G47ONLSoe8,29103,le prix du baril de pétrole brut en subit les répercussions,0.7966,0.7797,0.7966,0.8644
french,r2eK3YXjAU,22087,ce poste n'étant pas renouvelé il envisage un temps une émigration vers les états unis,0.7093,0.8256,0.7326,0.6512
french,chc_pimJ0Z,23383,des machines de guerre ont été reconstituées grandeur nature,0.2167,0.0667,0.05,0.2
french,g5TFstLFyq,2556,son chef lieu est toulouse qui est aussi le chef lieu du département de la haute garonne,0.2273,0.1932,0.1818,0.1591
french,gvsTumIuO1,7784,elle est dénoncée notamment par robert mundell,1.0,0.6957,0.7826,0.6739
french,6ft7Ezz5sQ,20617,la structure des polymères est reliée aux propriétés thermomécaniques,0.6667,0.9855,0.6232,0.8116
french,Ds2mE5UGnZ,775,la vienne est située dans la région nouvelle aquitaine,0.1667,0.1111,0.1296,0.1481
french,chc_pimJ0Z,23348,il a aussi été une figure importante de la décentralisation théatrale,0.2754,0.1594,0.2464,0.3478
french,0d3yVC7C9M,405,ces anticorps peuvent être utilisés dans une variété de techniques analytiques et préparatives,0.0957,0.0106,0.0745,0.0106
french,3OxxtNhkuv,16317,les américains fournissant la majorité des hommes et du matériel le chef sera américain,0.1839,0.1724,0.2184,0.2299
french,e97ki3c8DL,33133,comme son titre l'indique cette émission consiste a empêcher l'invité de prendre la parole,0.0778,0.0444,0.0889,0.0444
french,pUaQKQSh7E,17010,les stoiciens défendent le panpsychisme,0.8974,0.5641,0.5128,0.4615
french,ZKoFaz9Mrj,8106,il reste cette fois ci conseiller municipal pendant toute la mandature,0.7,0.3143,0.4143,0.2571
french,ll30-whTFY,22353,ces effets indésirables sont heureusement réversibles après l'arrêt du traitement,0.1975,0.1975,0.3827,0.4198
french,ll30-whTFY,22452,la commune abrite deux chateaux,0.3871,0.4194,0.8065,0.5161
french,0d3yVC7C9M,442,la mousson océanique et chargée d'humidité souffle d'avril a novembre du sud ouest,0.2317,0.2073,0.1341,0.1098
french,UnuvxPW6Pc,3493,la confrontation finale entre les deux hommes clot cette partie,0.1587,0.0317,0.0317,0.0317
french,u5rOEWmzeT,27211,elle sert a accélérer les gaz jusqu'a la vitesse du son,0.0727,0.0364,0.1455,0.0364
french,n-0_tPnwIy,26902,il retrouve sa famille,1.0,0.7273,1.0,0.8636
french,n-0_tPnwIy,26847,cette dette énorme provient essentiellement de la guerre d'indépendance des états unis,1.0,0.6628,0.7674,0.6977
french,0d3yVC7C9M,302,la figure de rousseau joua en l'occurrence un role essentiel dans l'oeuvre du poète,0.0843,0.0843,0.1325,0.0843
french,3OxxtNhkuv,16382,le monde des comics est alors plus complexe et plus sombre,0.3276,0.2069,0.2931,0.3103
french,gvsTumIuO1,7862,la rivière présente des fluctuations de débit saisonnières,0.5862,0.931,0.5172,0.5
french,gvsTumIuO1,7913,lorient est le siège de la chambre de commerce et d'industrie du morbihan,0.3288,0.9863,0.4247,0.1507
french,6ft7Ezz5sQ,20630,c'est donc l'endroit idéal pour commencer l'ascension de ces montagnes,0.5429,0.4286,0.5,0.6
french,n-0_tPnwIy,26855,leur fonction les amène également a surveiller les moeurs,0.7544,0.8421,0.8421,0.7018
french,ll30-whTFY,22514,la presse souligne également la diversité et la qualité des modes de jeu disponibles,0.4286,0.0476,0.5476,0.1786
french,ll30-whTFY,22451,la fécondation se fait dans le cas contraire le tube arrivant jusqu'a l'oosphère,0.3,0.375,0.65,0.3375
french,G47ONLSoe8,29010,cela offre de plus grandes performances aux bases de données et aux applications transactionnelles,0.1531,0.1735,0.1122,0.3878
french,g5TFstLFyq,2538,ses symboles sont les serpents en particulier les non venimeux,0.1129,0.1613,0.2419,0.0968
french,chc_pimJ0Z,23286,joseph est un chauffeur de taxi un peu paumé,0.4545,0.4091,0.4773,0.2727
french,3OxxtNhkuv,16235,la floraison a lieu dans l'eau qui assure la pollinisation,0.1034,0.0517,0.069,0.2241
french,u5rOEWmzeT,27372,le coeur du chiisme est dans ce massacre,0.175,0.325,0.175,0.375
french,Gw-9o1i7nY,5088,l'électrophorèse permet de séparer et d'identifier les protéines presentes dans les liquides organiques,0.0874,0.068,0.0777,0.0291
french,sNt2CPV1iq,19186,elle a l'avantage d'être facile a nettoyer et a gratter,0.5818,0.4545,0.7455,0.6727
french,g5TFstLFyq,2566,des grèves et occupations d'usine spontanées se multiplient,0.1017,0.0847,0.1017,0.0847
french,3OxxtNhkuv,16280,la première dame l'épouse du chef de l'état en titre,0.4423,0.2308,0.1923,0.2115
french,e97ki3c8DL,33231,son architecture est aussi marquée par la dissociation de l'enveloppe et de la structure,0.0227,0.0227,0.0227,0.0227
french,u5rOEWmzeT,27266,elle est créée par des entrepreneurs anglais,0.0455,0.0227,0.0455,0.0227
french,ZKoFaz9Mrj,8134,pour successeur a l'assemblée nationale il soutient activement'''' la candidature de ségolène royal,0.4848,0.4545,0.6566,0.6667
french,pUaQKQSh7E,16995,internet devient un moyen incontournable d'échanger des données,0.2381,0.0317,0.2381,0.0317
french,n-0_tPnwIy,26922,la commission européenne gérera le projet avec comme contractant principal l'agence spatiale européenne,0.7087,0.5922,0.7476,0.8641
french,sNt2CPV1iq,19220,ce sont des plantes herbacées xérophytes de l'ouest de l'australie,0.8788,0.9242,0.6818,0.6667
french,G47ONLSoe8,29120,par la suite un petit séminaire pour le diocèse de paris s'y installa,0.8841,0.8551,0.5072,0.7101
french,n-0_tPnwIy,26972,vespasien est le seul a rester au pouvoir,0.8537,0.7317,0.7317,0.6585
french,IrXN65uF2D,18559,la grande gravité de jupiter entraine la comète vers la planète,0.8254,0.6508,0.6508,0.7778
french,u5rOEWmzeT,27374,elle est vice présidente de la commission de l'industrie de la recherche et de l'énergie,0.0795,0.0455,0.1136,0.0341
french,ll30-whTFY,22418,lorsque paul frappe son fils gabrielle refuse de coucher avec lui,0.7692,0.6769,1.0,0.7077
french,u5rOEWmzeT,27225,elles ont un thème a caractère universel d'intérêt et d'actualité pour l'ensemble de l'humanité,0.0421,0.0211,0.1474,0.0737
french,Ds2mE5UGnZ,751,on les appelle des transcompilateurs ou bien encore par anglicisme des transpileurs ou transpilateurs,0.0792,0.0396,0.1386,0.0495
french,3OxxtNhkuv,16380,comprendre ce devenir c'est le saisir conceptuellement de l'intérieur,0.2464,0.0435,0.029,0.0435
french,n-0_tPnwIy,26971,sa thèse principale porte sur la fluorescence de la vapeur de mercure,0.8696,0.7246,0.7101,0.7826
french,0d3yVC7C9M,342,la luminosité d'une source dans une certaine direction est son intensité lumineuse,0.0122,0.0122,0.1951,0.0122
french,G47ONLSoe8,29121,la commune compte de nombreux équipements sportifs,0.78,0.78,0.7,0.86
french,3OxxtNhkuv,16256,cependant ces effets sont rarement dangereux pour la vie,0.1071,0.125,0.1429,0.1071
french,ZKoFaz9Mrj,8242,économiste et universitaire,0.6667,0.4815,0.3333,0.3704
french,3OxxtNhkuv,16329,son éditeur peut lui demander de poursuivre ou arrêter la création,0.3182,0.0909,0.1212,0.0909
french,ZKoFaz9Mrj,8145,elle est mariée et mère de trois enfants,0.725,0.725,0.675,0.675
french,IrXN65uF2D,18646,il suggéra d'abord de faire un jardin militaire puis un jardin public,0.6522,0.8406,0.9275,0.7826
french,chc_pimJ0Z,23380,dans les épisodes de la série on ne compte au total que deux morts,0.4242,0.3939,0.4697,0.3333
french,ZKoFaz9Mrj,8126,il est également président de la commission des finances de la ville de marseille,0.5062,0.0864,0.4074,0.6543
french,0d3yVC7C9M,349,d'autres archées peuvent croitre dans des conditions très acides ou alcalines,0.0909,0.0909,0.1558,0.1429
french,u5rOEWmzeT,27288,les cinq baraques en pierre ne sont pas encore construites,0.0517,0.0,0.0345,0.0172
french,chc_pimJ0Z,23388,ces derniers espéraient en effet récupérer des richesses déposées sur les corps,0.519,0.6456,0.6456,0.7089
french,ZKoFaz9Mrj,8100,elle est accusée de racisme anti blanc pour le ton de ses propos,0.6406,0.4375,0.6094,0.8594
french,yP5TS6EloW,9950,ses domaines de prédilection sont la science fiction et la fantasy,0.6061,0.8485,0.8485,0.5758
french,0d3yVC7C9M,411,l'un et l'autre présentent de nombreux sujets d'intérêt,0.2,0.0182,0.1636,0.0727
french,chc_pimJ0Z,23365,sans incidence sur le coup ce contrat a des conséquences désastreuses par la suite,0.5732,0.2073,0.1341,0.2439
french,sNt2CPV1iq,19204,elle dispose des américaines en finale,0.6579,0.5263,0.7895,0.5
french,e97ki3c8DL,33126,les ignames sont une culture importante dans le monde,0.0943,0.1698,0.1132,0.1509
french,n-0_tPnwIy,26981,la série est adaptée en dessin animé en film et en deux jeux vidéo,0.7121,0.697,0.7576,0.6818
french,6ft7Ezz5sQ,20719,le bois de chauffage est utilisé a large échelle,0.5208,0.3958,0.5,0.3333
french,IrXN65uF2D,18534,a cette charge utile viennent s'ajouter les données de routage et autres métadonnées,0.6548,0.7143,0.6905,1.0
french,G47ONLSoe8,29188,mais il ne s'agissait pas non plus de démocraties libérales,0.7966,0.5763,0.339,0.5254
french,r2eK3YXjAU,22114,une interface humain machine permet des échanges entre un humain et une machine,0.7595,0.7342,0.6709,0.6962
french,sNt2CPV1iq,19169,mon toupet est dans ta main,0.8519,0.9259,0.8519,0.5926
french,gvsTumIuO1,7842,il a échoué parce qu'il ne pouvait qu'échouer,0.5333,0.0444,0.0889,0.0889
french,ZKoFaz9Mrj,8169,cette taxe est cependant repoussée d'année en année pour des raisons techniques,0.7342,0.481,0.5316,0.4177
french,pUaQKQSh7E,17053,aujourd'hui elle constitue la figure centrale sur la place du marché de la ville,0.0375,0.075,0.075,0.1
french,UnuvxPW6Pc,3517,a cette occasion une nouvelle organisation sera mise en place,0.0492,0.0492,0.0164,0.0328
french,u5rOEWmzeT,27262,capturer ou immobiliser les pièces de son adversaire,0.1538,0.0192,0.0192,0.0962
french,6ft7Ezz5sQ,20614,pour modifier cet élément nous pouvons intervenir sur l'une ou l'autre de ces caractéristiques,0.6915,0.2128,0.2872,0.7128
french,G47ONLSoe8,29108,musiques et danses durent trois jours et trois nuits,0.7115,0.7115,0.5577,0.5962
french,ll30-whTFY,22344,elle se transmet plus rarement par morsure,0.4762,0.3333,0.4048,0.5
french,ll30-whTFY,22392,sa mère sombre dans la folie,0.9643,0.5714,0.7143,0.9286
french,ll30-whTFY,22413,son héritage politique au pakistan reste considérable,0.8302,0.4717,0.8491,1.0
french,pUaQKQSh7E,17094,elle porte un étui a violon,0.2593,0.1852,0.2963,0.1852
french,sNt2CPV1iq,19142,plus tard il acquit une maison dans l'arrière pays provençal,0.7667,0.75,0.8167,0.85
french,chc_pimJ0Z,23450,les nouvelles pousses se développent également aux dépens de ces réserves,0.2877,0.1096,0.1507,0.4247
french,G47ONLSoe8,29031,c'est donc une notion physique et mécanique,0.3256,0.0,0.0233,0.0
french,sNt2CPV1iq,19211,toutefois en ce qui concerne le coeur l'échographie cardiaque est l'examen d'imagerie de référence,0.5306,0.5816,0.5816,0.6122
french,3OxxtNhkuv,16334,la base du limbe est parfois transformée en domaties myrmécophiles,0.4697,0.2727,0.3182,0.2727
french,sNt2CPV1iq,19175,l'utilisation de fréquences moins élevées augmente sensiblement la portée des stations de base,0.2234,0.0851,0.3085,0.1064
french,ll30-whTFY,22486,le périphérique d'affichage est un écran de télévision ordinaire connecté via une prise péritel,0.4211,0.3474,0.3579,0.2632
french,u5rOEWmzeT,27313,au sein des temples la tradition varie,0.1842,0.1053,0.2632,0.1579
french,e97ki3c8DL,33234,il s'agit la sans aucun doute de son oeuvre majeure,0.1176,0.098,0.1569,0.1569
french,u5rOEWmzeT,27401,c'est un des lieux les plus visités de la région de forcalquier,0.1746,0.1905,0.3175,0.1746
french,e97ki3c8DL,33168,elle permet en outre de déterminer l'additivité d'une loi,0.2807,0.1053,0.4035,0.2105
french,ZKoFaz9Mrj,8180,elle n'est raisonnablement applicable que pour de petits nombres,1.0,0.7656,0.75,0.7344
french,5eh1ULfUPE,11139,cette motion est refusée en assemblée générale,0.7391,0.6304,0.8478,0.5435
french,ZKoFaz9Mrj,8197,la réalité étant telle ou telle sa décision est la seule logique,0.4531,0.4531,0.4844,0.5625
french,chc_pimJ0Z,23430,sa mère catholique fervente est issue d'une riche famille d'industriels lyonnais,1.0,0.5375,0.5125,0.4125
french,e97ki3c8DL,33194,en revanche le canal devient un point de passage stratégique pour le pétrole,0.0658,0.0395,0.0658,0.0395
french,n-0_tPnwIy,26880,cette image du plan focal est observée grace a un dispositif optique appelé oculaire,1.0,1.0,0.9643,0.9286
french,3OxxtNhkuv,16406,les arrêts de bus ne sont pas toujours très visibles,0.2692,0.1731,0.1923,0.2308
french,Gw-9o1i7nY,5084,monet est devenu entre temps une personnalité respectée de tous,0.3016,0.0317,0.1111,0.0317
french,6ft7Ezz5sQ,20711,adopté il deviendra aussi agile qu'eux,0.7895,0.5526,0.7368,0.6579
french,g5TFstLFyq,2522,ils sont ensuite opposés sur leur vision de descartes,0.0566,0.1132,0.0755,0.0755
french,3OxxtNhkuv,16320,dès le début cette offensive allemande est un échec,0.3137,0.2941,0.2745,0.2353
french,n-0_tPnwIy,26890,la définition dépend de l'ouvrage consulté,1.0,0.881,0.9524,0.9762
french,G47ONLSoe8,29002,dans les premiers tableurs ces relations étaient en deux dimensions représentées par une grille,0.4842,0.2211,0.4,0.4526
french,gvsTumIuO1,7835,la littérature favorise dans l'entre deux guerres l'expression du courant indépendantiste,0.2697,0.0562,0.1461,0.1236
french,yP5TS6EloW,9999,le canton est bordé au nord par le lac de constance et le rhin,0.7097,0.6613,0.7581,0.7742
french,ZKoFaz9Mrj,8093,membre du parti socialiste,0.4231,0.5,0.3077,0.5
french,UnuvxPW6Pc,3482,ce conflit fut le plus couteux en vies humaines de toute l'histoire de l'humanité,0.1235,0.0617,0.0988,0.0494
french,r2eK3YXjAU,22049,c'est une enclave mémorielle perpétuelle sur le territoire polonais,0.6866,0.7164,0.6716,0.6269
french,ll30-whTFY,22412,elle conserve les spécificités citées plus haut mais propose des règles profondément remaniées,1.0,1.0,0.8191,0.734
french,G47ONLSoe8,29161,le concept de l'hérédité par mélange est réfuté,1.0,0.3617,0.5319,0.2766
french,u5rOEWmzeT,27274,des difficultés de tous ordres compromettent bientot l'oeuvre du colonisateur,0.1558,0.0519,0.0649,0.0779
french,chc_pimJ0Z,23277,ainsi la trajectoire des électrons est un polygone de forme quasiment circulaire,0.4625,0.5125,0.2625,0.4
french,chc_pimJ0Z,23493,ce critère renseigne sur la rentabilité d'un investissement,0.9153,0.4576,0.678,0.4407
french,yP5TS6EloW,9989,c'est donc une mesure utile tant en économie qu'en calcul d'erreur,0.7273,0.7424,0.7121,0.7576
french,5eh1ULfUPE,11118,l'utilisateur peut alors préciser manuellement les paramètres de démarrage,0.7703,0.8108,0.7297,0.7703
french,sNt2CPV1iq,19208,les résultats des tests radars démentent toute possibilité de cavités cachées,0.7792,0.4026,0.3766,0.6234
french,Gw-9o1i7nY,5032,en moins de vingt ans le nombre d'habitants double également,0.7667,1.0,0.85,0.8333
french,5eh1ULfUPE,11086,l'histoire est un thème qui revient souvent dans ses oeuvres,0.65,0.4167,0.7833,0.5667
french,ll30-whTFY,22436,émile reynaud les appelle des pantomimes lumineuses,0.6078,0.6667,0.8039,0.7255
french,ZKoFaz9Mrj,8187,il a été doyen de la faculté de médecine de saint étienne,0.8246,0.7193,0.5088,0.5965
french,gvsTumIuO1,7870,c'est la deuxième rivière la plus longue entièrement en france après la marne,0.2338,0.3247,0.4675,0.4416
french,chc_pimJ0Z,23274,elle exprime une aspiration farouche a la liberté spirituelle esthétique et politique,0.3882,0.3529,0.5647,0.5059
french,ZKoFaz9Mrj,8160,cet amendement est finalement invalidé par le conseil constitutionnel,0.6667,0.3913,0.3478,0.5072
french,r2eK3YXjAU,22055,les tueurs en série ont une forte individualité et chaque cas est particulier,0.7143,0.7143,0.6883,0.5455
french,Gw-9o1i7nY,5033,oyonnax est une ville sportive,0.7667,0.7667,0.8333,0.6
french,gvsTumIuO1,7778,le trafic ordinaire a conséquemment ralenti allant même jusqu'a s'arrêter complètement dans certains cas,0.7404,0.2981,0.3077,0.5962
french,G47ONLSoe8,29117,l'hebdomadaire ne reparait plus,1.0,0.9677,1.0,0.9032
french,sNt2CPV1iq,19202,dans cette deuxième enceinte nulle combustion n'était possible et une souris y mourait asphyxiée,0.4479,0.2917,0.4896,0.3021
french,3OxxtNhkuv,16284,la différence n'est pas claire,0.6333,0.2,0.3333,0.0667
french,6ft7Ezz5sQ,20708,elles ne sont pas génétiquement regroupées mais proviennent de divers chromosomes,0.7284,0.4444,0.6296,0.7037
french,ll30-whTFY,22469,elle remonte sans doute a la nuit des temps,0.6512,0.5814,0.7674,0.6279
french,ll30-whTFY,22366,le climat prédominant est semi aride très chaud et sec,0.3333,0.3889,0.3519,0.4815
french,r2eK3YXjAU,22096,le sable soulevé peut ainsi détruire toute machine prise dans la tempête,0.7083,0.6944,0.6111,0.6806
french,u5rOEWmzeT,27330,il cherche a mettre en avant l'injustice qu'il a du endurer,0.0847,0.0678,0.1525,0.0678
french,3OxxtNhkuv,16247,c'est a cette époque qu'est apparue la première charte d'affranchissement,0.2877,0.2877,0.2603,0.2603
french,n-0_tPnwIy,26977,ses parents se séparent,0.7826,1.0,1.0,0.7826
french,ll30-whTFY,22351,la maladie peut parfois entrainer l'exclusion sociale des personnes touchées,0.2763,0.25,0.5395,0.6447
french,ll30-whTFY,22391,en revanche la gymnastique et l'équitation ne le passionnent guère,0.4091,0.4242,0.803,0.8485
french,chc_pimJ0Z,23295,leur forme peut alors être très différente de la forme ronde usuelle,0.4559,0.1471,0.5441,0.4412
french,e97ki3c8DL,33166,condrieu pratique les joutes de la méthode lyonnaise,0.25,0.2692,0.3462,0.1731
french,Ds2mE5UGnZ,728,il demande aux chefs de l'aristocratie de défendre les régions menacées,0.0563,0.1549,0.1831,0.169
french,n-0_tPnwIy,26918,l'école de munich s'est inspirée de sa peinture d'histoire,0.8103,0.7069,0.7414,0.7414
french,Ds2mE5UGnZ,734,la tunisie et plus encore la russie sont deux déceptions,0.0893,0.0714,0.1429,0.1607
french,e97ki3c8DL,33318,les communes qui le composaient sont réunies au canton d'apt,0.2833,0.1833,0.1667,0.1833
french,yP5TS6EloW,10030,il était né de ces lourdes hardes cette réussite de charme et de grace,0.7286,0.6714,0.6857,0.6714
french,Gw-9o1i7nY,5066,une autre évolution fut réalisée avec les logiciels de dessin,0.3279,0.1803,0.2295,0.1639
french,r2eK3YXjAU,22052,avec le mridang c'est le membranophone le plus complexe qui soit,1.0,0.7188,0.9375,0.7344
french,3OxxtNhkuv,16408,elle a fait l'objet d'une rénovation complète,0.2667,0.2222,0.2889,0.3556
french,G47ONLSoe8,29131,daniel auteuil jouant au théatre ce soir la est absent lors de la cérémonie,0.8,0.5467,0.7333,0.72
french,r2eK3YXjAU,22075,ce système réalise la cinématique de l'orientation du satellite via des volants d'inertie,0.7978,0.618,0.6854,0.5506
french,6ft7Ezz5sQ,20704,la ville est alors pillée et les archives détruites,0.6667,0.7647,0.6078,0.7255
french,n-0_tPnwIy,26899,il a ensuite disparu comme prénom pour devenir un patronyme,0.7627,0.7627,0.8983,0.7797
french,u5rOEWmzeT,27305,le terme est la fonction de transfert du système dans le domaine temporel,0.1096,0.0822,0.0822,0.0822
french,5eh1ULfUPE,11119,peu après toute éventualité de reformation est exclue,0.9245,0.7358,1.0,0.6226
french,6ft7Ezz5sQ,20640,dans ce deuxième cas l'ensemble des altérations constitutives peut inclure des bécarres,0.5057,0.4483,0.3678,0.5402
french,Gw-9o1i7nY,5056,d'autres licences proches comme celle de solaris permettent également des flux de code,0.314,0.1163,0.1628,0.1628
french,ZKoFaz9Mrj,8238,jean paul charié est le père de deux enfants romain et anne carole,0.4697,0.5,0.7273,0.5909
french,ZKoFaz9Mrj,8164,un appel est interjeté près du conseil d'état,0.4,0.3333,0.4444,0.5111
french,u5rOEWmzeT,27335,cette dernière participe également au montage,0.0889,0.1778,0.4222,0.1111
french,chc_pimJ0Z,23470,la demande augmentant le terminal a grandi petit a petit,0.4107,0.3036,0.3571,0.2679
french,6ft7Ezz5sQ,20619,les plastiques a la différence des polymères naturels sont peu dégradables et mal biodégradés,0.7957,0.7957,0.7957,0.7312
french,e97ki3c8DL,33308,il y a peu de jours de grand vent,0.4242,0.6364,0.697,0.7273
french,g5TFstLFyq,2571,il y annonce avec une certaine emphase le déclin de l'ère du papier,0.194,0.0896,0.2687,0.0896
french,pUaQKQSh7E,17000,la zone des antilles est sujette au développement de cyclones,0.2787,0.0984,0.1311,0.3443
french,ll30-whTFY,22387,il est d'inspiration divine mais pas religieux,0.2391,0.4783,0.5435,0.5
french,ll30-whTFY,22416,gabrielle rêve de mettre son mari dans un combat de boxe,0.125,0.3393,0.9464,0.3393
french,chc_pimJ0Z,23339,on en connait une quarantaine d'espèces,0.6667,0.2051,0.6923,0.5641
french,6ft7Ezz5sQ,20697,le père de camille scandalisé par cette mésalliance lui coupe les vivres,0.6806,0.7778,0.7778,0.5972
french,gvsTumIuO1,7838,un certain nombre de mesures concerne l'internet,0.4375,0.3125,0.3333,0.3958
french,sNt2CPV1iq,19193,les origines de dampierre sur salon sont très anciennes,0.4182,0.4545,0.2182,0.3455
french,5eh1ULfUPE,11115,ce style d'écriture s'est ensuite largement répandu dans le hip hop français,0.8026,0.7368,0.5132,0.6316
french,pUaQKQSh7E,17078,sous l'occupation il participa a un réseau de résistance,0.0893,0.1429,0.0893,0.0714
french,3OxxtNhkuv,16301,il pourrait donc abuser de son pouvoir et lui voler sa vertu,0.2,0.0667,0.1333,0.1
french,r2eK3YXjAU,21978,on qualifie ce processus de semi conservateur,0.7778,0.7333,0.9778,0.7111
french,3OxxtNhkuv,16323,une école d'été littéraire internationale accueille également des étudiants pour une plus courte durée,0.5098,0.2549,0.6863,0.3824
french,ll30-whTFY,22377,a la fin du festival on procède a l'élection du meilleur chanteur,0.3077,0.3846,0.4769,0.4923
french,e97ki3c8DL,33303,la plupart de ses livres ont été traduits en arabe certains par l'auteur lui même,0.1111,0.1358,0.1111,0.1852
french,3OxxtNhkuv,16288,cette définition ne fut pas adoptée,0.2286,0.1143,0.1429,0.1143
french,gvsTumIuO1,7818,les deux projets passent cependant inaperçus,0.25,0.2273,0.1818,0.3409
french,3OxxtNhkuv,16347,les autres satellites sont de petites galaxies elliptiques naines ou des galaxies naines sphéroidales,0.3267,0.0891,0.2376,0.1386
french,chc_pimJ0Z,23283,tous ces services sont réutilisés pour accéder aux données centrales en temps réel,0.2073,0.1341,0.1341,0.2561
french,5eh1ULfUPE,11085,les controles possèdent tous des attributs et des gestionnaires d'événements associés,0.5059,0.5647,0.5647,0.4471
french,pUaQKQSh7E,17065,l'étiquette indique un numéro ainsi que l'organisme certificateur,0.4308,0.0,0.2615,0.2
french,sNt2CPV1iq,19106,le communiqué réaffirme l'intégration du doctorat comme troisième cycle d'études,0.5,0.7625,0.7375,0.625
french,e97ki3c8DL,33315,quelques critiques ont été émises au niveau de l'accent des personnages principaux,0.0122,0.0244,0.0854,0.0244
french,3OxxtNhkuv,16418,mais ce sera le coup de grace,0.4138,0.1724,0.1724,0.3448
french,u5rOEWmzeT,27350,l'arrondissement n'a en fait ni moyens propres ni budget,0.375,0.0536,0.3571,0.1964
french,IrXN65uF2D,18673,ses entrevues empreintes de convivialité et de finesse l'ont rendu célèbre,0.7838,1.0,0.6892,0.8243
french,r2eK3YXjAU,22129,ils multipliaient par deux d'une ligne a l'autre et cochaient en regard,0.7606,0.6901,0.7042,1.0
french,r2eK3YXjAU,22057,culte catholique en l'église saint martin,1.0,0.561,0.6341,0.561
french,Ds2mE5UGnZ,755,l'orgue est installé sur la façade occidentale,0.1522,0.1739,0.1957,0.2826
french,G47ONLSoe8,29155,ils nichent sur les arbres ou sur les rochers et falaises,0.7018,0.614,0.5614,0.614
french,n-0_tPnwIy,26835,idéalement l'isotope parent doit avoir une demi vie convenable pour la durée de l'expérience,1.0,1.0,0.7609,0.7717
french,n-0_tPnwIy,26844,elle tient un sablier et a pour armes une faux ainsi que deux pistolets,0.7042,0.7465,0.6338,0.8028
french,0d3yVC7C9M,406,cette membrane peut alors être sondée avec des solutions d'anticorps,0.1324,0.0588,0.1176,0.1029
french,6ft7Ezz5sQ,20684,rien ne subsiste de l'architecture coloniale a cause des incendies,0.6061,0.4242,0.5152,0.7576
french,ll30-whTFY,22477,cela permet d'avoir des repères pour semer ou planter,0.5849,0.3962,0.7547,0.4906
french,UnuvxPW6Pc,3435,depuis la chute du nazisme pour les néonazis c'est un signe de reconnaissance discret,0.1059,0.1059,0.1529,0.1294
french,u5rOEWmzeT,27223,elles sont internationales par le fait que plusieurs états y participent,0.0278,0.0,0.2083,0.0
french,6ft7Ezz5sQ,20758,menu en est le président,1.0,0.75,0.7917,1.0
french,ZKoFaz9Mrj,8087,ces propos déclenchent une vive polémique,0.7805,0.7561,0.5854,0.6341
french,n-0_tPnwIy,26962,doux et douces sont aussi des noms de lieu,0.8095,0.6429,0.5476,0.619
french,3OxxtNhkuv,16424,ces ondes peuvent atteindre de grandes altitudes largement supérieures a celle du relief générateur,0.1414,0.0404,0.1919,0.0303
french,u5rOEWmzeT,27383,la roue motrice est la roue avant sur laquelle sont attachées des pédales,0.0685,0.0137,0.0274,0.0274
french,yP5TS6EloW,9946,le gouvernement lui a décerné la croix de guerre a titre posthume,0.7692,0.6923,0.7231,0.7385
french,g5TFstLFyq,2518,la presse francophone partage en général des avis très positifs,0.0317,0.0317,0.0317,0.0317
french,ZKoFaz9Mrj,8139,gilles bourdouleix est le beau frère de christian prudhomme directeur du tour de france,0.5632,0.3103,0.4253,0.4253
french,sNt2CPV1iq,19177,c'est sur cette partie que se trouvent les papilles,0.2745,0.1176,0.2157,0.2157
french,u5rOEWmzeT,27342,les poursuites ne font pas référence a son role comme instigateur ou organisateur,0.2099,0.1605,0.1852,0.1481
french,sNt2CPV1iq,19216,leur emblème était la croix de lorraine,0.641,0.6923,0.7179,0.7692
french,IrXN65uF2D,18528,l'impératif est un mode grammatical exprimant une injonction,0.8333,0.6833,0.75,1.0
french,e97ki3c8DL,33233,désormais il est possible de les générer dynamiquement,0.0741,0.0741,0.0556,0.037
french,pUaQKQSh7E,17007,en l'espace de quelques années il fut dépouillé de ses provinces les plus riches,0.125,0.1,0.275,0.075
french,gvsTumIuO1,7857,les poils des mammifères ont des fonctions très diverses,0.1071,0.3036,0.2857,0.3036
french,6ft7Ezz5sQ,20761,cette disposition est spécifique au parc national des écrins,0.5833,0.2333,0.85,0.35
french,e97ki3c8DL,33281,cette durée est souvent raccourcie en culture intensive,0.2182,0.2,0.3273,0.2
french,e97ki3c8DL,33307,il s'agit d'un dépot d'hydrocarbures,0.1667,0.1389,0.3056,0.1667
french,yP5TS6EloW,9942,a condition que les rétroactions soient positives,0.7347,0.6735,0.7755,0.7347
french,pUaQKQSh7E,17035,c'est le plus grand lac situé entièrement sur le territoire suisse,0.0303,0.0152,0.0303,0.0
french,r2eK3YXjAU,22014,plusieurs hypothèses ont été mentionnées a cet égard,0.7885,0.8077,0.9615,0.9038
french,ll30-whTFY,22491,après quelques minutes de prise l'excédent de barbotine est vidé,0.875,0.5,0.4688,0.5469
french,chc_pimJ0Z,23475,la lettre est un outil essentiel pour structurer son discours lors d'un entretien d'embauche,0.7174,0.4022,0.6196,0.6304
french,e97ki3c8DL,33150,staline fit arrêter deux de ses fils,0.3889,0.3333,0.3611,0.1944
french,g5TFstLFyq,2595,reprise a paris en novembre elle y obtient un vif succès,0.0714,0.0893,0.3393,0.0357
french,ll30-whTFY,22433,le caractère monophylétique du groupe semble confirmé par les études moléculaires,0.6543,0.6049,0.8272,0.5309
french,chc_pimJ0Z,23381,c'est aussi le siège du gouvernement et une ville universitaire,0.3492,0.1746,0.1905,0.2063
french,IrXN65uF2D,18521,le procédé par lequel du code est rendu impénétrable est appelé offuscation ou obscurcissement,1.0,0.6915,0.6596,1.0
french,6ft7Ezz5sQ,20714,la lecture a l'écran étant plus difficile cet aspect est pourtant essentiel,0.84,0.7467,0.5067,0.8133
french,sNt2CPV1iq,19121,ceci est notre prière,0.5714,0.7143,0.8095,0.381
french,g5TFstLFyq,2531,pour l'instant le pays conserve son statut de membre associé,0.05,0.05,0.05,0.0333
french,0d3yVC7C9M,329,dans les langues ergatives cette fonction peut être assumée par le cas absolutif,0.0125,0.0,0.025,0.025
french,0d3yVC7C9M,441,certaines de ces iles sont privées parfois a louer ou a vendre,0.2581,0.2581,0.1935,0.2258
french,ZKoFaz9Mrj,8099,ils ont pour suppléants christophe cabri et marie catherine prévot,0.7576,0.697,0.6667,0.8939
french,6ft7Ezz5sQ,20736,le maraichage consiste en la production de plantes potagères,0.4333,0.45,0.6,0.55
french,u5rOEWmzeT,27377,ce sont des rongeurs traditionnellement chassés pour leur viande et consommés localement,0.1364,0.0455,0.1023,0.1023
french,n-0_tPnwIy,26851,la ségrégation raciale était une réalité bien avant l'établissement de l'union d'afrique du sud,1.0,0.8211,0.7579,0.7684
french,Ds2mE5UGnZ,724,dès lors les affrontements changent et s'étendent partout dans le monde,0.2254,0.2817,0.2958,0.1972
french,ZKoFaz9Mrj,8115,la ligne suivie par l'observatoire de la laicité lui est également reprochée,0.1974,0.3158,0.3026,0.2763
french,u5rOEWmzeT,27208,les statoréacteurs sont exclusivement utilisés en aéronautique notamment pour la propulsion de missiles,0.3689,0.0388,0.0971,0.0291
french,3OxxtNhkuv,16300,cette dernière comprenant qu'il compte dormir près d'elle craint pour son honneur,0.642,0.3333,0.284,0.2346
french,G47ONLSoe8,29191,c'est aussi un prénom féminin dans les pays anglophones,0.6727,0.4364,0.2727,0.4
french,IrXN65uF2D,18663,il suit le gouvernement a vichy et adhère a la révolution nationale,0.791,0.7015,0.8657,0.8806
french,6ft7Ezz5sQ,20720,bien que ne s'étant jamais revus par la suite ils ne divorcent jamais,0.6522,0.4638,0.6667,0.5942
french,6ft7Ezz5sQ,20636,quito dispose de plusieurs réseaux de bus de trolleybus quadrillant la ville,0.5,0.8289,0.7105,0.8158
french,chc_pimJ0Z,23441,ces dernières sont effectivement des dépenses mais sont considérées comme un investissement,0.4835,0.2857,0.1648,0.3846
french,u5rOEWmzeT,27387,il a donc une consistance probablement matérielle mais sans qu'on puisse déterminer sa forme,0.0326,0.0109,0.163,0.0109
french,yP5TS6EloW,10003,ses habitants se nomment les vaudois et vaudoises,0.8163,0.6122,0.8163,0.7143
french,pUaQKQSh7E,16959,du point de vue du climat l'uniformité qui régnait a l'époque primaire a disparu,0.0875,0.075,0.1125,0.0875
french,gvsTumIuO1,7910,la ville de poitiers a une ancienne tradition universitaire,0.1525,0.6441,1.0,0.6441
french,6ft7Ezz5sQ,20694,en france et en allemagne seul son usage externe est autorisé,1.0,0.5246,0.623,0.4754
french,g5TFstLFyq,2583,en ce sens son culte se rapproche de la déesse celtique brigit,0.2419,0.1452,0.2581,0.2097
french,6ft7Ezz5sQ,20676,la licence du produit reste inchangée,0.8649,0.5405,0.4865,0.7027
french,Gw-9o1i7nY,5025,les enfants sont donc rapidement parfaitement bilingues,0.4182,0.3636,0.4364,0.1636
french,yP5TS6EloW,10048,il reste quelques ilots de résistance,0.8919,0.8378,0.5135,0.8108
french,sNt2CPV1iq,19164,les inégalités régionales s'accroissent donc surtout aux dépens de l'afrique noire,0.3415,0.3171,0.3537,0.3171
french,6ft7Ezz5sQ,20680,au dela on utilisera le terme de midibus,0.525,0.625,0.625,0.8
french,gvsTumIuO1,7800,il est composé de représentants plénipotentiaires nommés par les gouvernements des pays membres,0.4632,0.4211,0.6316,0.6632
french,r2eK3YXjAU,21975,c'est un système de réchauffement particulier utilisé quotidiennement la ou l'électricité est facilement disponible,0.8435,0.6696,0.8522,0.6435
french,e97ki3c8DL,33262,la commune compte également plusieurs exploitations agricoles dispersées,0.0833,0.0833,0.25,0.0694
french,chc_pimJ0Z,23413,ils sont élus a vie par cooptation,1.0,0.4412,0.6765,0.5294
french,G47ONLSoe8,29099,il adopte comme démarche méthodologique principale la vision de l'attaquant,0.6267,0.4267,0.2267,0.3733
french,e97ki3c8DL,33243,l'équipement des pratiquants comprend l'équipement individuel et l'équipement collectif,0.023,0.023,0.069,0.1954
french,G47ONLSoe8,29175,ils peuvent être a controles manuels ou hydrauliques,0.5769,0.6154,0.5,0.6346
french,Ds2mE5UGnZ,736,l'arabie saoudite quitte la compétition en n'ayant inscrit aucun point ni marqué aucun but,0.5333,0.2889,0.3,0.2667
french,u5rOEWmzeT,27201,le choix du diamètre d'un axe est très important,0.0833,0.0833,0.0208,0.0833
french,u5rOEWmzeT,27256,sous l'influence de son ainé charles il dessine énormément et très tot,0.2571,0.1857,0.2143,0.1714
french,pUaQKQSh7E,17044,pour des raisons purement juridiques sa requête ne peut aboutir,0.1111,0.0476,0.0794,0.0476
french,ll30-whTFY,22432,la monophylie des deutérostomiens est l'hypothèse actuellement en vigueur mais elle reste a confirmer,0.505,0.7525,0.5941,0.6733
french,Gw-9o1i7nY,5049,toute la surface du campus est construite,0.4146,0.1463,0.2195,0.3415
french,Ds2mE5UGnZ,797,cependant avoir une bonne arme n'est utile que si le tir est maitrisé,0.058,0.0435,0.1304,0.029
french,gvsTumIuO1,7828,la vienne possède de très nombreux affluents et sous affluents,0.3065,0.2097,0.4355,0.3871
french,chc_pimJ0Z,23468,comme souvent il faut lier littérature et histoire,0.32,0.18,0.1,0.34
french,IrXN65uF2D,18535,la norme prévoit la possibilité de plusieurs jeux de caractères,0.9048,0.746,0.8254,0.7937
french,ZKoFaz9Mrj,8188,il fait partie du groupe socialiste,1.0,0.0571,0.2,0.2571
french,6ft7Ezz5sQ,20632,les feuilles de cette famille sont opposées simples ou composées pennées sans stipules,0.4419,0.2442,0.5233,0.4535
french,n-0_tPnwIy,26979,l'irak fait pression sur ces deux nations pour effacer les dettes mais elles refusent,0.7529,0.7294,0.7647,0.6941
french,Gw-9o1i7nY,5129,le groupe a également expérimenté ce qu'on pourrait appeler du reggae psychédélique,0.1205,0.1807,0.1084,0.1807
french,e97ki3c8DL,33200,il est difficile de retracer son évolution exacte,0.0408,0.0408,0.0816,0.0408
french,Ds2mE5UGnZ,802,le carélien était classé autrefois parmi les dialectes du finnois,0.3692,0.1692,0.2923,0.1692
french,6ft7Ezz5sQ,20671,elle réunit en plus des libéraux et nationalistes allemands des français et des polonais,0.6477,0.9091,0.7614,0.7727
french,Ds2mE5UGnZ,831,le concile est matériellement empêché de se poursuivre,0.0556,0.0556,0.1296,0.037
french,ll30-whTFY,22375,la violence de certaines scènes est atténuée etc,0.3958,0.375,0.4792,0.5
french,IrXN65uF2D,18574,des codes équivalents existent dans chaque pays,0.766,0.4468,0.8723,0.7234
french,n-0_tPnwIy,26912,la ferme dans laquelle il résidait est en cours de rénovation,0.8689,0.6721,0.7869,0.9344
french,pUaQKQSh7E,17023,en représentation monochrome il est symbolisé par un quadrillage de hachures horizontales et verticales,0.2039,0.1165,0.2621,0.1262
french,3OxxtNhkuv,16412,le reste du tournoi doit être retransmis par des stations terrestres,0.1324,0.0294,0.2941,0.0294
french,r2eK3YXjAU,22063,tous deux travaillent leur droit,0.7188,0.8438,0.7812,0.875
french,UnuvxPW6Pc,3436,il n'est pas exclu que leur utilisation puisse parfois devenir inconsciente,0.2,0.0667,0.0933,0.1067
french,IrXN65uF2D,18636,elles sont dotées de l'autonomie administrative sous l'autorité d'un préfet,0.7733,0.72,0.7067,0.68
french,e97ki3c8DL,33201,capitaines du vol pour le lièvre,0.0938,0.2188,0.125,0.1875
french,ll30-whTFY,22441,voir listes des conventions de l'organisation internationale de travail,0.2113,0.1972,0.1408,0.2676
french,6ft7Ezz5sQ,20615,cependant comme le démontre la chronologie ce changement s'est fait sur une longue période,0.7111,0.4889,0.6444,0.8556
french,0d3yVC7C9M,402,la libération du code source a donné un élan important au développement du logiciel,0.0723,0.0602,0.0843,0.0482
french,G47ONLSoe8,29037,mais la migration peut également avoir des avantages contre la prédation,0.3611,0.8611,0.2778,0.25
french,0d3yVC7C9M,296,l'albanais a été interdit durant l'occupation ottomane,0.0926,0.1852,0.0926,0.0741
french,3OxxtNhkuv,16312,il meurt le lendemain a l'hopital,0.3636,0.1212,0.1818,0.1515
french,r2eK3YXjAU,21990,la question se pose,0.8947,0.7895,1.0,1.0
french,Gw-9o1i7nY,5112,en général seule l'holoenzyme est catalytiquement fonctionnelle,0.4762,0.2222,0.2381,0.2381
french,sNt2CPV1iq,19087,c'est une manière de hiérarchiser les péchés,0.8636,0.7727,0.4091,0.4545
french,ZKoFaz9Mrj,8119,pour lui cette particularité nuit en effet au développement économique de ce département,0.1932,0.1023,0.4432,0.2159
french,sNt2CPV1iq,19109,l'évaluation s'effectue au moyen d'un controle continu tout au long des deux ans,0.4875,0.5375,0.375,0.6875
french,IrXN65uF2D,18576,l'office européen des brevets est complètement autonome financièrement,0.7857,0.5714,0.5857,0.7286
french,3OxxtNhkuv,16307,contraint a cette réalité il l'abandonne,0.725,0.1,0.075,0.1
french,ZKoFaz9Mrj,8096,il est aussi impliqué dans le milieu associatif et sportif,0.6724,0.0345,0.0862,0.3103
french,3OxxtNhkuv,16395,elle est constituée par les poils fins et soyeux recouvrant les graines,0.2676,0.1549,0.2394,0.1831
french,chc_pimJ0Z,23266,il s'agit d'édifices saisonniers en raison de la fonte du matériau,0.3333,0.1818,0.2424,0.2879
french,UnuvxPW6Pc,3472,ils sont réalisés par des passionnés souvent en équipe,0.0185,0.0185,0.0926,0.0926
french,ZKoFaz9Mrj,8183,ils axent la rédaction sur l'idée de connaissance entre son utilisation et son évolution,0.2841,0.1023,0.3977,0.4545
french,n-0_tPnwIy,26879,la focalisation consiste a obtenir une image nette d'un objet,1.0,0.9016,0.8525,0.9344
french,5eh1ULfUPE,11128,la il partage la vie quotidienne des moines et se prépare a devenir oblat,0.7397,0.7534,0.5479,0.7123
french,gvsTumIuO1,7791,les fortifications de la ville sont améliorées et renforcées au fil des siècles,0.2658,0.0253,0.2025,0.0506
french,G47ONLSoe8,29190,il distingue l'anarchisme de la démocratie par la recherche de consensus,0.75,0.4861,0.2778,0.7222
french,pUaQKQSh7E,17052,a la même époque il doit travailler pour pouvoir financer ses études,0.0441,0.0441,0.0294,0.0294
french,Ds2mE5UGnZ,771,le calcul n'est toutefois en soi pas compliqué,0.1087,0.0652,0.087,0.3261
french,ZKoFaz9Mrj,8101,son père est un petit planteur sa mère est femme au foyer,0.5614,0.3509,0.4035,0.2807
french,u5rOEWmzeT,27378,auparavant aucun transit n'avait été observé,0.2273,0.0909,0.25,0.5909
french,UnuvxPW6Pc,3483,l'état indépendant de croatie devient un satellite de l'allemagne nazie,0.0845,0.0845,0.1127,0.0986
french,6ft7Ezz5sQ,20659,la voix est éraillée le parler est lent et monotone,0.8824,0.6863,0.8235,0.7255
french,chc_pimJ0Z,23459,le premier titre apparait a l'écran le second est lu par une voix off,0.5362,0.3768,0.7101,0.4058
french,G47ONLSoe8,29104,les protections au titre des sites et de la faune,0.5306,0.449,0.551,0.449
french,6ft7Ezz5sQ,20775,les hybrides horticoles présentent souvent un labelle bien développé,0.9853,0.6324,0.7353,0.5441
french,ZKoFaz9Mrj,8094,signe de la continuité il devient alors son suppléant,0.7736,0.434,0.3585,0.5472
french,gvsTumIuO1,7772,on a également découvert de l'oxygène ionisé en surface de la bulle,0.8657,0.5224,0.4478,0.6866
french,3OxxtNhkuv,16232,les stomates sont anomocytiques sur l'avers des feuilles émergées hydropotes présents sur le revers,0.1313,0.0707,0.101,0.101
french,chc_pimJ0Z,23467,le sentiment premier qui guide les nouveaux romanciers est donc le renouveau,0.5658,0.2368,0.2632,0.4342
french,u5rOEWmzeT,27314,pratiquement tous proposent une inscription gratuite,0.1923,0.0769,0.1731,0.1346
french,G47ONLSoe8,29158,l'accusé n'en est pas moins condamné a mort et guillotiné,0.807,0.6316,0.7018,0.7018
french,0d3yVC7C9M,421,le territoire régional est divisé entre les diocèses de bayeux lisieux coutances avranches et séez,0.2551,0.2347,0.2653,0.2449
french,ll30-whTFY,22440,dans l'hindouisme et le jainisme les termes de moksha et nirvana sont utilisés,0.7308,0.8333,0.8205,0.8077
french,6ft7Ezz5sQ,20732,en outre presque chaque land demande un ou deux exemplaires pour sa bibliothèque régionale,0.8111,0.7333,0.6556,0.6778
french,UnuvxPW6Pc,3465,la nature de cet objet n'est pas certaine,0.0488,0.0244,0.0488,0.0244
french,UnuvxPW6Pc,3511,d'importants enjeux économiques sont désormais liés a ce sport,0.0484,0.0323,0.0484,0.0161
french,r2eK3YXjAU,21989,le cinéma stars et ses cinq salles projette parfois des films d'art et essai,0.7368,0.6447,0.5,0.5921
french,e97ki3c8DL,33289,elle se manifeste principalement dans l'apparition de la peine compensatoire,0.0263,0.1053,0.25,0.1184
french,g5TFstLFyq,2545,sa tête est coiffée d'un ruban enserrant deux hautes plumes,0.1695,0.1864,0.2203,0.3559
french,e97ki3c8DL,33170,sensible a l'oxydation c'est un vin a boire jeune,0.3265,0.2857,0.3265,0.2245
french,G47ONLSoe8,29014,scénariste est un métier indépendant,0.75,0.4444,0.6389,0.3611
french,gvsTumIuO1,7877,le titulaire du siège archiépiscopal est traditionnellement le chancelier du roi de bourgogne,0.1935,0.1075,0.2151,0.3011
french,e97ki3c8DL,33185,il faut que le doigt passe entre les feintes,0.0455,0.0455,0.1364,0.1818
french,n-0_tPnwIy,26950,c'est le plus ancien monument de la commune,0.6744,0.8837,0.6977,0.6744
french,sNt2CPV1iq,19206,c'est une tache difficile et qui a connu peu de succès depuis cette époque,0.4054,0.6622,0.6351,0.9459
french,UnuvxPW6Pc,3464,certaines facettes de l'oryctérope le rapprochent des humains et inspirent la révérence,0.1609,0.1034,0.1264,0.092
french,G47ONLSoe8,29142,il fut l'un des principaux responsables des massacres commis par la tyrannie,0.4868,0.5395,0.5658,0.5789
french,u5rOEWmzeT,27367,c'est un système de jeu a compétences,0.1622,0.0811,0.1081,0.0811
french,3OxxtNhkuv,16411,en effet la surface en gazon rend les déplacements en fauteuil roulant plus compliqués,0.2442,0.0581,0.2326,0.0698
french,3OxxtNhkuv,16388,mais bach souhaite quitter cette ville ou il s'ennuie,0.4528,0.434,0.4528,0.3962
french,6ft7Ezz5sQ,20712,père fils et mère voient se croiser souvent leurs chemins au gré des aventures,0.5769,0.5897,0.7179,0.5641
french,IrXN65uF2D,18626,il n'a pas su expliquer scientifiquement l'efficacité de ce procédé qu'on appela l'appertisation,0.8958,0.5417,0.6042,0.6667
french,n-0_tPnwIy,26930,on ignore de même le nombre de questeurs en charge chaque année,1.0,0.6984,0.7778,1.0
french,ZKoFaz9Mrj,8176,la langue officielle est l'arabe mais les minorités parlent leur propre langue,0.7564,0.8718,0.6795,0.8077
french,yP5TS6EloW,9977,ainsi la population ignore la présence de vie extraterrestre au sein de notre planète,0.6588,0.4588,0.4706,0.6118
french,ZKoFaz9Mrj,8104,il est membre du groupe d'études sur le problème du tibet de assemblée nationale,0.4375,0.175,0.3375,0.35
french,G47ONLSoe8,29130,une nouvelle capitale siège du conseil supérieur de la colonie devait être construite,0.6353,0.1647,0.3176,0.5059
french,ZKoFaz9Mrj,8229,professeur de mathématiques de profession il est maitre de conférences a l'université de poitiers,0.6392,0.2165,0.3093,0.2474
french,yP5TS6EloW,9971,deux scénarios seront portés a l'écran,0.8158,0.8684,0.9737,0.8684
french,sNt2CPV1iq,19192,cette peinture participait de la même esthétique bucolique que ses écrits poétiques,0.3855,0.3855,0.3855,0.3373
french,e97ki3c8DL,33130,ces derniers n'utilisent pas de batiments pour fabriquer de nouvelles unités,0.1711,0.0263,0.1447,0.1316
french,0d3yVC7C9M,433,l'activité agricole y est en expansion et cause une importante déforestation,0.0526,0.0263,0.0526,0.0132
french,6ft7Ezz5sQ,20667,le but essentiel d'un traitement est la diminution du risque de fractures,0.5479,0.3562,0.5479,0.4658
french,ll30-whTFY,22484,le frottement des meules de pierre aboutit marginalement a un effritement du matériau,0.3882,0.3176,0.6235,0.4353
french,G47ONLSoe8,29057,l'été la randonnée permet une découverte du parc,1.0,0.5417,0.3958,0.6667
french,u5rOEWmzeT,27376,élevés également près des habitations ils sont souvent considérés comme des animaux de basse cour,0.0928,0.0103,0.1134,0.0619
french,6ft7Ezz5sQ,20639,ces altérations correspondent a la tonalité principale des mesures suivant la clé,0.5926,0.3086,0.4568,0.4198
french,u5rOEWmzeT,27354,manzat est batie sur un site peuplé dès le néolithique,0.4074,0.2778,0.5556,0.4444
french,g5TFstLFyq,2591,certains désaccords deviennent même très difficiles a gérer,0.2712,0.0339,0.3559,0.0169
french,IrXN65uF2D,18656,pour l'essentiel la politique française de normalisation se construit aux niveaux européen et international,0.5421,0.4206,0.4112,0.5888
french,IrXN65uF2D,18536,les données sont élaborées sous forme de paquets,0.8333,0.6875,0.75,0.7917
french,gvsTumIuO1,7803,les états unis entrent alors dans une période d'isolationnisme,0.4032,0.6129,0.4194,0.5968
french,pUaQKQSh7E,17033,il met a disposition différentes données concernant ces rivières,0.1406,0.0469,0.2656,0.2656
french,gvsTumIuO1,7837,le site est en cours de suppression pour non conformité,0.2909,0.2,0.5091,0.3818
french,yP5TS6EloW,10025,saint exupéry venait d'avoir trente ans,1.0,0.8718,1.0,0.8718
french,IrXN65uF2D,18589,en physique force et énergie sont deux manières différentes de modéliser les phénomènes,0.8046,0.7586,0.7816,0.7126
french,IrXN65uF2D,18662,le pacte germano soviétique ne le surprend pas,0.8478,0.7826,0.8913,0.8043
french,e97ki3c8DL,33313,c'est le cas par exemple des adaptations de grands classiques de la littérature,0.0253,0.0506,0.0759,0.0506
french,G47ONLSoe8,29163,des ponts sont construits sur le strymon par des détachements d'éclaireurs perses,0.5062,0.6543,0.4691,0.5185
french,0d3yVC7C9M,393,ces puits permettent l'irrigation d'oasis vastes mais locales,0.2295,0.2295,0.2459,0.2295
french,pUaQKQSh7E,17024,cela désignait initialement sa fourrure noire et brillante,0.3103,0.0862,0.1379,0.1724
french,e97ki3c8DL,33144,vauban a fait construire de nombreuses citadelles,0.1633,0.1837,0.1633,0.1633
french,n-0_tPnwIy,26843,les inhibiteurs irréversibles réagissent généralement avec l'enzyme et la modifient chimiquement,0.8125,0.7292,0.7292,0.6979
french,Ds2mE5UGnZ,832,le précédent concile celui de trente s'était clos trois siècles auparavant,0.2838,0.1892,0.2162,0.2297
french,0d3yVC7C9M,412,des lignes nocturnes fonctionnent les vendredis et samedis et aussi lors des fêtes importantes,0.1277,0.0638,0.0426,0.0957
french,ZKoFaz9Mrj,8121,agrégé d'histoire il a été enseignant en histoire géographie en collège et lycée,0.7,0.3,0.55,0.4875
french,e97ki3c8DL,33275,et donc plus il se dissout dans l'eau,0.2432,0.0541,0.1622,0.2703
french,G47ONLSoe8,29086,dans ce cadre les français gardent l'avantage et gagnent du terrain,0.6567,0.6567,0.5224,0.7612
french,G47ONLSoe8,29097,il y a un petit arrêt dans les mouvements sur les comptes pairs,0.5238,0.5397,0.6349,0.5714
french,chc_pimJ0Z,23472,le financier peut demander a l'emprunteur des garanties de divers ordres,0.5139,0.2083,0.2778,0.2778
french,6ft7Ezz5sQ,20705,au moyen age la croyance en dieu inspire l'organisation politique et sociale,0.5132,0.4868,0.6053,0.3684
french,e97ki3c8DL,33347,la surface de l'astéroide est très peu connue,0.2,0.0667,0.0667,0.0667
french,Gw-9o1i7nY,5076,les dettes qu'elle contracte vont ruiner sa famille et vont causer sa mort,0.527,0.3784,0.1216,0.3514
french,6ft7Ezz5sQ,20660,plusieurs manifestations contre la violence l'insécurité et l'immigration comorienne ont lieu,0.6882,0.7957,0.6344,0.6344
french,r2eK3YXjAU,21980,ces marques peuvent s'appliquer a un seul cultivar ou a des ensembles de cultivars,0.7195,0.5732,0.5732,0.8049
french,n-0_tPnwIy,26876,il convient de distinguer deux formes d'irradiations consécutives aux explosions nucléaires,0.9231,0.7582,0.8462,0.7143
french,IrXN65uF2D,18515,plantes d'aspect divers herbacées ou ligneuses a feuilles alternes ou opposées généralement sans stipules,0.7429,0.6952,0.7048,0.7238
french,Ds2mE5UGnZ,811,ce procédé permet de prévenir les erreurs de transmission,0.0877,0.0175,0.0877,0.0702
french,3OxxtNhkuv,16233,l'aérenchyme est présent dans tous les organes,0.3043,0.2609,0.8043,0.2826
french,n-0_tPnwIy,26838,cela se révèle une erreur fatale,0.9688,0.9688,0.9375,0.9688
french,6ft7Ezz5sQ,20782,sécheresse ne doit pas être confondu avec aridité,0.8367,0.7959,0.7959,0.7959
french,r2eK3YXjAU,22013,l'archipel dispose de sa propre monnaie la livre mannoise,0.7544,0.7018,0.7895,0.6842
french,6ft7Ezz5sQ,20652,nota bene les personnalités ayant été seulement anti roi sont en jaune,0.7286,0.8,0.5,0.6857
french,r2eK3YXjAU,22119,après la libération il reprend son travail et s'intéresse a la formation des nébuleuses,0.8506,0.7701,0.8276,0.8966
french,u5rOEWmzeT,27195,la question est donc de comparer des résultats et d'analyser leurs différences,0.1795,0.0128,0.0769,0.0256
french,sNt2CPV1iq,19217,les charges de jurés charpentiers et maçons étaient donc de véritables offices,0.5641,0.4103,0.5897,0.4103
french,ll30-whTFY,22367,le levain fut pendant longtemps la seule manière de faire lever le pain,0.0704,0.1408,0.2958,0.0704
french,5eh1ULfUPE,11107,les factorielles ont de nombreuses applications en théorie des nombres,0.8143,0.6571,0.6143,0.7143
french,ZKoFaz9Mrj,8210,il est avocat et maitre de conférences a institut d'études politiques de paris,0.7436,0.4615,0.7692,0.5513
french,ZKoFaz9Mrj,8221,elle est membre de la commission des affaires culturelles familiales et sociales,0.3625,0.4,0.7125,0.5375
french,UnuvxPW6Pc,3427,elle est géographiquement divisée entre les alpes le plateau suisse et le jura,0.0769,0.0897,0.1154,0.0769
french,u5rOEWmzeT,27361,les autres étudiants du groupe réalisent des films assez classiques sur le tournage,0.1205,0.012,0.0241,0.0361
french,G47ONLSoe8,29166,seul le chateau de sedan et les casernes militaires sont conservés,0.4394,0.6061,0.5909,0.6667
french,pUaQKQSh7E,17051,ils deviendront alors inséparables,0.4412,0.3529,0.4706,0.2941
french,e97ki3c8DL,33232,les tiges sont rondes ou anguleuses,0.2571,0.3143,0.6,0.3429
french,5eh1ULfUPE,11143,il fait un scandale et interrompt la pièce,0.8333,0.6429,0.619,0.5714
french,Ds2mE5UGnZ,796,la plupart des comètes viennent du nuage de oort autour du système solaire,0.0676,0.027,0.0405,0.1081
french,UnuvxPW6Pc,3448,c'est par manet qu'il rencontre ensuite zola,0.0227,0.1591,0.0909,0.1591
french,Gw-9o1i7nY,5014,la structure de chaque région est très semblable a la structure mondiale,0.2222,0.3333,0.4167,0.3194
french,pUaQKQSh7E,16987,il est alors rayé du barreau et arrêté,0.5526,0.3158,0.6842,0.3421
french,g5TFstLFyq,2551,la déesse porte souvent le sceptre floral des déesses,0.0943,0.4151,0.1509,0.1321
french,3OxxtNhkuv,16367,ils possèdent des orbites fortement elliptiques et inclinées par rapport au plan de l'écliptique,0.4896,0.1042,0.1146,0.1667
french,ll30-whTFY,22372,plusieurs sociétés revendiquent le titre de créateur du premier logiciel antivirus,0.3293,0.3537,0.561,0.4756
french,e97ki3c8DL,33274,les bords du lac salé étaient couverts de carbonate de sodium,0.2295,0.0656,0.1803,0.2951
french,5eh1ULfUPE,11153,le patriotisme y est enseigné comme étant vertueux aux enfants japonais,0.7324,0.6056,0.8451,0.7183
french,n-0_tPnwIy,26888,il a tracé de ses maitres des portraits caustiques,0.78,0.66,0.7,0.66
french,e97ki3c8DL,33311,licence incomplète car il ne parvient jamais a décrocher le certificat de psychologie,0.0588,0.0824,0.1882,0.1765
french,gvsTumIuO1,7807,boire a sa soif serait très nettement suffisant,0.7234,0.5957,0.3191,0.7447
french,g5TFstLFyq,2550,dans la triade de thèbes elle est la mère de khonsou et l'épouse d'amon,0.2254,0.169,0.2254,0.169
french,Gw-9o1i7nY,5051,sandy et kristen cohen y étaient étudiants et se sont rencontrés la bas,0.3521,0.338,0.3944,0.4085
french,0d3yVC7C9M,327,des négociations commencent,0.0741,0.037,0.037,0.0
french,chc_pimJ0Z,23355,le role de l'allemagne a longtemps été sous évalué et fait encore l'objet de controverses,0.3483,0.2472,0.4157,0.2809
french,g5TFstLFyq,2574,il s'ensuit une meilleure paramétrisation des équations,0.1273,0.1455,0.1455,0.1455
french,Gw-9o1i7nY,5053,elles ont ainsi un role dans la plasticité neuronale,0.4808,0.5577,0.6154,0.4615
french,gvsTumIuO1,7872,ses travaux portent principalement sur la logique et la topologie algébrique,0.2105,0.0263,0.2368,0.3421
french,r2eK3YXjAU,22070,ils sont souvent surexploités et maltraités par la direction et leurs horaires pitoyables,0.764,1.0,0.6517,0.6404
french,3OxxtNhkuv,16372,de nombreux nouveaux types de diagnostics concernant les troubles psychiatriques sont souvent proposés,0.2353,0.0686,0.1569,0.0098
french,6ft7Ezz5sQ,20673,il existe également des bibliothèques régionales dans certains pays,0.4776,0.403,0.2687,0.4328
french,yP5TS6EloW,9962,il poursuit aujourd'hui ses activités dans la peinture et le dessin,0.5522,0.7015,0.6567,0.7164
french,ZKoFaz9Mrj,8171,le secteur est en mutation depuis quelques années,0.4286,0.7143,0.7959,0.7347
french,g5TFstLFyq,2508,celle ci sera écrasée a l'issue d'une répression sanglante par les troupes du régime versaillais,0.0625,0.0833,0.1354,0.0833
french,yP5TS6EloW,10033,avec le changement de régime les objectifs s'inversent,0.7037,0.7407,0.6111,0.7407
french,n-0_tPnwIy,26919,c'est lors de ce concert qu'ils se déguisent pour la première fois,0.6818,0.5455,0.3636,0.6515
french,ll30-whTFY,22406,les six premières semaines de la saison régulière sont annulées,0.6984,0.2381,0.6667,0.254
french,0d3yVC7C9M,303,elle lui propose même de se marier avec lui,0.0465,0.0465,0.0233,0.0465
french,yP5TS6EloW,9956,sa prose correspond assez peu aux critères des éditeurs de science fiction du moment,0.6786,0.7976,0.7619,0.7738
french,6ft7Ezz5sQ,20702,de nombreux professionnels participent a cette publication,0.5517,0.2069,0.2931,0.4828
french,ll30-whTFY,22437,son objectif était d'illustrer sa thèse sur le paradoxe de l'auto amendement,0.4737,0.5395,0.75,0.6053
french,chc_pimJ0Z,23422,il ne mentionna cependant pas les tensions ou les violences raciales,0.3088,0.3382,0.5147,0.3382
french,e97ki3c8DL,33125,ce sont des plantes grimpantes volubiles souvent dioiques,0.3158,0.0702,0.1228,0.0702
french,G47ONLSoe8,29040,a coté de l'écriture carrée une écriture cursive a également été adoptée,0.6806,0.6806,0.5556,0.7083
french,pUaQKQSh7E,16956,lorsqu'ils sont vaincus ils se rangent du coté de leur adversaire gagnant,0.1096,0.0822,0.3288,0.0685
french,chc_pimJ0Z,23278,ainsi les particules de la bouffée restent groupées,0.1176,0.098,0.5686,0.1176
french,n-0_tPnwIy,26827,il est celui autour duquel le monde s'ordonne c'est a dire le royaume,0.7101,0.6377,0.7971,0.6812
french,G47ONLSoe8,29147,il règle par ailleurs l'équilibre des diverses masses sonores de l'orchestre,0.6316,0.6316,0.6842,0.9079
french,0d3yVC7C9M,417,le musée des beaux arts de dijon est également important,0.2143,0.1786,0.1607,0.1607
french,n-0_tPnwIy,26897,la différenciation porte sur le contexte du locuteur,0.9808,0.6346,0.5769,0.8077
french,5eh1ULfUPE,11126,ce tableau a pour cadre la propriété de l'éditeur,0.6531,0.9388,0.8367,1.0
french,gvsTumIuO1,7789,george le rejoint bientot armé du revolver qu'il a volé a un autre employé,0.6351,0.5541,0.6486,0.8108
french,ll30-whTFY,22442,ce comité se réunit trimestriellement et autant de fois que cela est nécessaire,0.3544,0.2405,0.3418,0.2025
french,3OxxtNhkuv,16349,la radioastronomie est une branche récente de l'astronomie,0.8103,0.2586,0.1207,0.2759
french,gvsTumIuO1,7802,il se réunit régulièrement une fois par an,0.7143,0.619,0.9048,0.7619
french,6ft7Ezz5sQ,20717,on parle alors de bioénergie,0.75,0.6786,0.7143,0.7143
french,3OxxtNhkuv,16375,c'est seulement dans les documents des recensements de croatie qu'on peut trouver ce terme,0.3333,0.1222,0.1444,0.1111
french,pUaQKQSh7E,16977,le bol alimentaire sera alors prêt pour la digestion,0.1154,0.0,0.0577,0.0
french,sNt2CPV1iq,19115,le combat durera jusqu'au mardi matin,1.0,0.7297,0.8649,0.8108
french,0d3yVC7C9M,407,c'est la révolution brabançonne,0.1613,0.1613,0.129,0.1613
french,Gw-9o1i7nY,5128,au moyen age laeken faisait partie de la cuve de bruxelles,0.3793,0.2759,0.431,0.3103
french,e97ki3c8DL,33288,plus la surface est vieille plus le nombre de cratères qu'elle comporte est élevé,0.1481,0.0741,0.1852,0.1111
french,e97ki3c8DL,33244,alors que dans les pays qualifiés de fascistes il n'y en a jamais eu,0.0735,0.1324,0.1618,0.1324
french,ZKoFaz9Mrj,8184,ensemble ils améliorent la proposition de départ et la matérialisent,0.3824,0.3676,0.4118,0.3382
french,r2eK3YXjAU,22105,cette vision post traumatique provoque une controverse dépassant le cadre de l'art numérique,1.0,0.7065,0.8261,0.7609
french,ZKoFaz9Mrj,8211,bernard carayon est membre du collectif parlementaire de la droite populaire,0.7105,0.5789,0.8026,0.8684
french,Ds2mE5UGnZ,725,en deux occasions les américains pensèrent l'avoir identifié,0.1167,0.4167,0.4,0.25
french,IrXN65uF2D,18650,la réponse positive arrive,0.8462,0.9615,0.5769,0.8077
french,ll30-whTFY,22471,les tacos se mangent généralement sans couverts avec les doigts,0.2698,0.2857,0.7302,0.4127
french,UnuvxPW6Pc,3500,les minorités sont généralement représentées surtout a l'issue d'un second tour,0.2025,0.1139,0.2278,0.1139
french,n-0_tPnwIy,26958,les deux figures féminines centrales incarnent respectivement le souvenir glorieux et l'hommage aux morts,0.8381,1.0,0.7905,0.7048
french,IrXN65uF2D,18514,ce sont des arbustes présents des zones froides aux régions sub tropicales,0.5405,0.5135,0.4324,0.4865
french,ZKoFaz9Mrj,8232,il est apparenté au groupe socialiste radical et citoyen dont il est vice président,0.5904,0.4217,0.6145,0.6627
french,IrXN65uF2D,18568,la couronne britannique était représentée dans chaque état par un résident,0.7973,0.7297,0.7027,0.8649
french,g5TFstLFyq,2580,il est naturellement présent dans l'atmosphère terrestre,0.125,0.125,0.3036,0.1071
french,Ds2mE5UGnZ,732,dans ce cas on parle aussi de métropole,0.0769,0.0769,0.0769,0.0769
french,Ds2mE5UGnZ,812,l'index est un excellent moyen de repérer ces informations rapidement,0.029,0.029,0.058,0.0145
french,e97ki3c8DL,33214,tandis que sur l'image de droite le placage de relief est bien présent,0.0286,0.0571,0.2429,0.0857
french,6ft7Ezz5sQ,20689,mais sa participation aurait couté beaucoup trop cher,0.8302,0.3019,0.5094,0.3396
french,pUaQKQSh7E,16993,on édite peu dans cette langue,0.4333,0.5,0.3333,0.2
french,r2eK3YXjAU,22031,ce projet est basé sur une répétition sérielle homogène,0.7636,0.2909,0.6909,0.5273
french,ll30-whTFY,22516,l'arbre généalogique ci dessous présente les parentés entre ces trois familles,0.6538,0.5,0.4744,0.6026
french,n-0_tPnwIy,26917,certains guides accueillent de la publicité présentée clairement en tant que telle,0.7317,0.6829,0.6463,1.0
french,e97ki3c8DL,33113,dans l'action ces derniers la laissèrent tomber et elle se brisa en deux morceaux,0.1728,0.1481,0.2222,0.1728
french,e97ki3c8DL,33199,la plupart des images manquantes se trouvaient sur les deux tympans,0.1493,0.0299,0.2388,0.0299
french,3OxxtNhkuv,16353,elle affirme en outre qu'elle n'avait pas l'intention de retourner un jour sur l'ile,0.2262,0.2024,0.5357,0.2738
french,ZKoFaz9Mrj,8199,ils ont aussi une paire d'évents,0.6875,0.7812,0.6562,0.75
french,IrXN65uF2D,18591,un de leurs arguments est que les forces sont imperceptibles,0.7833,0.5833,0.7667,0.7
french,6ft7Ezz5sQ,20778,il s'essaie alors a de petits boulots qu'il n'arrive pas a garder bien longtemps,0.85,0.7375,0.65,0.7625
french,ll30-whTFY,22334,a ne pas confondre avec l'ellipse,0.3636,0.303,0.8182,0.6061
french,yP5TS6EloW,9957,et chez lui la science fiction n'est jamais très éloignée du fantastique ou de l'étrange,0.7955,0.6477,0.7159,0.7045
french,6ft7Ezz5sQ,20604,sa famille tire son nom du chateau d'o a mortrée,0.7708,0.7083,0.7292,0.9375
french,sNt2CPV1iq,19201,il y perdra sa liberté puis sa vie,1.0,1.0,1.0,1.0
french,3OxxtNhkuv,16271,en chimie l'énergie de vaporisation est généralement exprimée en kilojoules par mole,0.4405,0.2857,0.2381,0.2738
french,yP5TS6EloW,9913,toutes les pièces de l'échiquier géant sont comme lui des prisonniers sortis des camps,0.5116,0.5465,0.4302,0.5814
french,0d3yVC7C9M,290,pour eux l'ordre nait de la liberté tandis que les pouvoirs engendrent le désordre,0.1585,0.1585,0.0732,0.1463
french,UnuvxPW6Pc,3433,en français ce phénomène est un peu plus rare,0.0667,0.0222,0.0444,0.0222
french,u5rOEWmzeT,27196,dans ce cas on ne parlera pas tant d'une erreur que d'une variante dialectale,0.1558,0.013,0.1948,0.0
french,yP5TS6EloW,10019,on dénoue les poignées de main comme des amarres les dernières,1.0,0.7258,0.7258,0.6774
french,ZKoFaz9Mrj,8231,gérard charasse est chargé de mission d'inspection de l'enseignement technique désormais retraité,0.6598,0.3814,0.4227,0.268
french,gvsTumIuO1,7858,le role de protection thermique semble mineur,0.5778,0.4889,0.4444,0.8444
french,Ds2mE5UGnZ,828,il existe traditionnellement plusieurs types de musiques selon les cultures en corée,0.0476,0.0476,0.0595,0.0476
french,G47ONLSoe8,29018,le niveau dépend de facteurs individuels aussi,0.6522,0.2391,0.6304,0.4565
french,6ft7Ezz5sQ,20781,c'est l'activité sportive la plus pratiquée dans le massif,0.8276,0.7586,0.8793,0.5862
french,u5rOEWmzeT,27315,de nombreuses extensions ont été publiées,0.0,0.0,0.1463,0.1951
french,pUaQKQSh7E,17063,dès sa création le statut de cet organisme présenta une originalité,0.2687,0.0896,0.1642,0.0299
french,pUaQKQSh7E,17031,les zones de dépeuplement touchent principalement des zones agricoles,0.3043,0.1594,0.1304,0.0435
french,0d3yVC7C9M,320,les anarcho capitalistes défendent l'égalité en droit et non l'égalité sociale,0.0513,0.0897,0.0897,0.0897
french,6ft7Ezz5sQ,20651,fort de cette expérience il quitte l'angleterre pour un poste d'assistant électricien a malte,0.7634,0.7097,0.6667,0.6774
french,0d3yVC7C9M,322,plusieurs espèces sont donc utilisées comme agents de controle biologique de ces ravageurs,0.0667,0.1667,0.1222,0.1444
french,u5rOEWmzeT,27352,le bourg de charbonnières les varennes est également doté d'une église et d'une école,0.3059,0.2,0.1882,0.1412
french,gvsTumIuO1,7836,en novembre un soulèvement est lancé en cochinchine,0.5882,0.4314,0.6667,0.4706
french,pUaQKQSh7E,16945,l'alimentation des ruminants est constituée de tiges feuilles graines et racines de nombreuses plantes,0.1961,0.0686,0.1078,0.0588
french,5eh1ULfUPE,11109,cependant des systèmes a diffusion plus restreinte ne sont pas touchés proportionnellement,0.7111,0.7,0.5778,0.5889
french,UnuvxPW6Pc,3438,cette vérification se fait généralement de façon tacite par une utilisation progressive,0.023,0.0115,0.023,0.0115
french,Ds2mE5UGnZ,726,sous les rois mérovingiens l'unique monnaie existante était en or,0.3692,0.0923,0.4462,0.2154
french,ZKoFaz9Mrj,8107,c'est claude de ganay qui lui succède,0.5405,0.6486,0.7297,0.4865
french,UnuvxPW6Pc,3516,elle est ancrée dans son temps et ses problématiques tout en restant oeuvre d'évasion,0.0941,0.0941,0.0941,0.0824
french,Gw-9o1i7nY,5122,ainsi que d'autres avancés en matière d'immigration de patrimoine et d'habitation,0.4198,0.1975,0.5802,0.2222
french,e97ki3c8DL,33348,la famille était protestante en dépit des origines juives de la mère bavaroise,0.1026,0.1667,0.1667,0.1154
french,5eh1ULfUPE,11079,l'interopérabilité laisse le choix du logiciel pour utiliser le document libre,0.7436,0.6282,0.8205,0.6667
french,yP5TS6EloW,9923,cependant ce monde féerique est aussi terriblement dangereux,0.7833,0.8,0.75,0.75
french,u5rOEWmzeT,27255,le flux est alors multiplié par le nombre d'hotes composant le réseau,0.1739,0.1304,0.1304,0.1014
french,r2eK3YXjAU,22022,c'est a cette première acception du terme que réfèrent les exemples ci dessous,0.6795,0.6282,0.6795,0.5513
french,IrXN65uF2D,18647,son siège est situé a genève en suisse,0.9474,0.6579,0.6316,0.5263
french,e97ki3c8DL,33230,il accepte ce poste a la condition qu'il puisse réaménager le campus de l'université,0.0833,0.1071,0.0595,0.0714
french,chc_pimJ0Z,23453,cette musique se chante autant en français cadien qu'en anglais ou en créole louisianais,0.7159,0.4773,0.4886,0.4659
french,5eh1ULfUPE,11092,sa réclusion le pousse a la réflexion puis a l'écriture,0.7091,0.6909,0.6545,0.8
french,Gw-9o1i7nY,5043,elle fait partie de l'agglomération du grand genève,0.5882,0.3137,0.3529,0.6275
french,yP5TS6EloW,9931,aux deux extrémités se trouvent des demi sphères appelées hémisphères nord et sud,0.5679,0.6914,0.6914,0.7531
french,r2eK3YXjAU,22094,dans le désert soufflent régulièrement de grandes tempêtes de sable extrêmement violentes,1.0,0.5506,0.4944,0.6067
french,yP5TS6EloW,9924,les senteurs sont plus fortes et tout y est plus clair,0.7593,0.537,0.7593,0.5185
french,IrXN65uF2D,18525,ce nom fut ensuite adopté pour un projet au but similaire,0.7895,0.7895,0.6316,0.7895
french,gvsTumIuO1,7822,la surpêche a notamment décimé les harengs et les morues,0.25,0.3393,0.5893,0.2857
french,3OxxtNhkuv,16335,l'androcée isostémone est composé d'étamines alternipétales aux anthères a déhiscence longitudinale,0.3939,0.2424,0.3232,0.2222
french,IrXN65uF2D,18570,ces conventions n'établissent pas un nouveau corps de règles applicables,0.8056,0.7083,0.7639,0.8333
french,6ft7Ezz5sQ,20725,elle contient encore le sarcophage du roi,0.7805,0.5122,0.6585,0.7073
french,chc_pimJ0Z,23410,ils leur proposent alors de les remplacer pour le spectacle de la kermesse,0.5676,0.6216,0.6216,0.7568
french,IrXN65uF2D,18624,ils sont libérés en échange de prisonniers anglais,1.0,0.84,0.78,0.78
french,r2eK3YXjAU,22079,en angleterre le positivisme toucha aussi bien les milieux ouvriers que religieux,1.0,0.7407,0.7654,0.642
french,G47ONLSoe8,29185,gamme dans laquelle l'octave est divisée en sept notes principales,0.5152,0.6515,0.6515,0.4545
french,pUaQKQSh7E,17009,il ne reçoit que de maigres renforts occidentaux de ses créanciers génois et vénitiens,0.2791,0.2674,0.4186,0.186
french,n-0_tPnwIy,26853,les joueurs sont suspendus a leur retour en nouvelle zélande,0.9833,0.8167,0.8667,0.7667
french,5eh1ULfUPE,11152,ils enregistrent un disque en public comprenant l'intégralité des sonates,0.6575,0.6575,0.6986,0.7945
french,3OxxtNhkuv,16291,ces hybrides peuvent être diploides mais le plus souvent ils sont triploides,0.0789,0.0526,0.1053,0.0395
french,chc_pimJ0Z,23476,bergerac possède une antenne de la chambre de commerce et d'industrie de la dordogne,0.4286,0.369,0.2976,0.5595
french,3OxxtNhkuv,16386,ce serait le cas de l'univers ouvert,0.3056,0.1111,0.3056,0.2222
french,Ds2mE5UGnZ,837,cela fonctionne sur le principe de la cage de faraday,0.1132,0.0943,0.1509,0.0755
french,pUaQKQSh7E,17090,christine déclare que sabine est la jeune soeur de xavier,0.2456,0.2105,0.193,0.1579
french,sNt2CPV1iq,19112,les deux musiciens restèrent d'ailleurs très amis,0.3673,0.7959,0.8367,0.6735
french,IrXN65uF2D,18545,il y a toujours une douleur qui vient me le rappeler,0.7692,0.4615,0.6154,0.7692
french,u5rOEWmzeT,27290,le camp est finalement mis en quarantaine et les baraques brulées,0.1385,0.0308,0.0769,0.1077
french,0d3yVC7C9M,385,les australopithèques devaient faire face a un défi particulier en vivant dans la savane,0.1023,0.1023,0.1364,0.1136
french,sNt2CPV1iq,19101,on peut aussi se déterminer en étudiant l'histologie des gonades,1.0,0.6562,0.625,0.7812
french,u5rOEWmzeT,27386,l'existence du monstre est finalement une pure hypothèse dans la tête d'un seul personnage,0.1667,0.0778,0.1111,0.1
french,u5rOEWmzeT,27218,en même temps et après les autres pays le demandent,0.1569,0.0196,0.1765,0.0
french,ll30-whTFY,22449,et d'autres pollens exotiques et parfois allergènes sont présents dans l'air,0.1184,0.1316,0.6711,0.5
french,Gw-9o1i7nY,5048,elle constitue l'entrée de la vallée de l'arve,0.5217,0.3696,0.6522,0.7174
french,yP5TS6EloW,10023,il faut en effet se rappeler ces débuts,0.641,0.7179,0.7692,0.641
french,pUaQKQSh7E,17092,colette se rend chez sabine et croise christine dans l'escalier,0.2381,0.2222,0.1429,0.2222
french,r2eK3YXjAU,22097,elle évolue ensuite vers une abstraction géométrique riche et colorée,0.7536,0.6377,0.6667,0.7391
french,sNt2CPV1iq,19156,une confusion s'est établie dans la littérature populaire a propos de ces deux géométries,0.3258,0.2921,0.5843,0.236
french,n-0_tPnwIy,26937,l'opération consistait d'ailleurs a les remplacer par du soja traditionnel,0.8243,0.8108,0.7568,0.7973
french,Gw-9o1i7nY,5097,fils d'un modeste chirurgien avait reçu son éducation chez les jésuites,0.4507,0.3803,0.3803,0.1831
french,ZKoFaz9Mrj,8202,le sud de la californie profite d'un climat méditerranéen favorable aux activités nautiques,0.6264,0.5824,0.6703,0.6484
french,pUaQKQSh7E,17034,en quelques semaines les écrevisses indigènes peuvent ainsi être éliminées,0.1216,0.0946,0.1757,0.1622
french,6ft7Ezz5sQ,20606,cousin d'un autre mignon jacques de caylus,0.8571,0.8571,0.9048,0.7857
french,chc_pimJ0Z,23314,le système de base est le suivant,0.0606,0.0303,0.0909,0.0303
french,ZKoFaz9Mrj,8239,il fait de domont un laboratoire de gestion urbaine et de conduite de projets,0.4935,0.4675,0.3247,0.3636
french,pUaQKQSh7E,16974,il dit également travailler a l'élaboration de nouvelles compositions pour le groupe,0.119,0.1071,0.0357,0.131
french,u5rOEWmzeT,27402,l'observatoire resta longtemps le plus important d'europe,0.3158,0.2105,0.2982,0.0877
french,UnuvxPW6Pc,3505,les insurrections et les guerres entre les nations européennes marquent ce siècle,0.1605,0.1605,0.1605,0.1605
french,g5TFstLFyq,2555,surveillance de la qualité de l'air en région midi pyrénées,0.3729,0.2203,0.3898,0.2712
french,r2eK3YXjAU,22011,la graphiose affecte toutes les espèces d'ormes américaines et européennes,0.6622,0.5541,0.7297,0.6622
french,ll30-whTFY,22434,le décor apparait ainsi légèrement en transparence dans la matière des personnages,0.5,0.2805,0.6951,0.4878
french,chc_pimJ0Z,23367,il compose un livre a partir de tous ses souvenirs,0.34,0.16,0.5,0.38
french,r2eK3YXjAU,22103,l'homme ne ferait qu'un avec l'univers,0.6579,0.7895,0.8421,0.7368
french,e97ki3c8DL,33189,seuls sept autres entraineurs dirigent l'équipe pendant plus de deux ans de suite,0.1481,0.0494,0.2593,0.0494
french,6ft7Ezz5sQ,20783,une région aride peut connaitre des épisodes de sécheresse,0.7931,0.6552,0.7586,0.8103
french,G47ONLSoe8,28997,pour cela trois cent trente mètres de tunnel sont construits pour rejoindre l'ancien tracé,1.0,0.5333,0.5222,0.7
french,ZKoFaz9Mrj,8117,il est président de l'office parlementaire d'évaluation des choix scientifiques et technologiques,0.2062,0.0619,0.2062,0.268
french,r2eK3YXjAU,22086,ses ouvrages ne sont pas nombreux,0.8182,0.9394,0.7576,0.7273
french,ll30-whTFY,22459,suivent quelques campagnes de lutte contre les éléments jugés contre révolutionnaires,0.5176,0.5294,0.6706,0.6353
french,n-0_tPnwIy,26892,notamment puisque l'expérimentation ne serait pas possible en sciences humaines,0.6329,0.6456,0.5949,0.6203
french,yP5TS6EloW,10021,un jour il rencontre geneviève celle ci est mariée,0.82,0.72,0.76,0.8
french,6ft7Ezz5sQ,20605,le caractère de semble démentir cette allégation,0.6042,0.6875,0.7917,0.8125
french,r2eK3YXjAU,22072,l'utilisation de techniques chimiques comme la chromatographie permet d'apporter une réponse objective,0.8824,0.7549,0.7647,0.9216
french,5eh1ULfUPE,11113,autrement dit c'est un magma associatif et unifère c'est a dire un demi groupe unifère,0.7326,0.6744,0.7558,0.814
french,gvsTumIuO1,7823,ces couloirs pourraient avoir été formés par les cours d'eau pendant la dernière glaciation,0.4615,0.0879,0.4396,0.4945
french,u5rOEWmzeT,27243,une démonstration directe de ce résultat est donnée ci dessous,0.129,0.0323,0.1452,0.1129
french,chc_pimJ0Z,23398,se sentant humilié il jure de se venger,0.5385,0.4359,0.5128,0.5385
french,IrXN65uF2D,18520,nombre de genres sont alors passés d'une famille a l'autre,0.7759,0.5862,0.6379,0.7586
french,u5rOEWmzeT,27210,la combustion se déroule idéalement en couches parallèles,0.1404,0.0526,0.0877,0.0526
french,3OxxtNhkuv,16260,la seconde durerait plusieurs années,0.75,0.25,0.5,0.2778
french,e97ki3c8DL,33250,ce sont des créatures de dieu,0.1379,0.1379,0.1034,0.1379
french,n-0_tPnwIy,26861,l'édilité curule fut néanmoins ouverte rapidement aux plébéiens,0.7619,0.746,0.6825,0.7143
french,pUaQKQSh7E,16970,la conférence a lieu normalement une fois par an au mois de septembre,0.2029,0.058,0.058,0.058
french,chc_pimJ0Z,23431,il se fait plus rare au cinéma se concentrant sur les planches,0.4839,0.5645,0.5323,0.5
french,e97ki3c8DL,33333,tout le reste de la gamme est absent,0.0556,0.0556,0.1111,0.0278
french,G47ONLSoe8,29126,il arrive aussi que les essais des interprètes soient enregistrés a leur insu,0.5844,0.6104,0.5844,0.7403
french,e97ki3c8DL,33236,elle abrite une collection d'art privée,0.3333,0.3333,0.2821,0.3333
french,u5rOEWmzeT,27279,mais leur role n'est pas toujours limité a cela,0.0851,0.0638,0.234,0.0426
french,e97ki3c8DL,33111,les courriels gérés par les messageries électroniques peuvent véhiculer des métadonnées,0.1149,0.1149,0.2299,0.1609
french,g5TFstLFyq,2539,ses couleurs sont le noir et le jaune,0.1622,0.1892,0.1892,0.027
french,gvsTumIuO1,7824,cette forme peut être divisée en quatre parties,0.1064,0.0426,0.617,0.0426
french,ll30-whTFY,22382,les inodes sont créés lors de la création du système de fichiers,0.3125,0.1562,0.4062,0.1875
french,u5rOEWmzeT,27384,ce sont ces dernières qui motivent l'apparition du grand bi,0.1186,0.1017,0.1017,0.1017
french,pUaQKQSh7E,17043,il semble que la base soit une cristobalite présentant d'importantes anomalies de structures cristalline,0.0673,0.0673,0.2115,0.0865
french,yP5TS6EloW,9949,son oeuvre est traduite en anglais allemand espagnol italien russe et roumain,0.7922,0.6623,0.6234,0.7273
french,0d3yVC7C9M,423,de quoi passer une bonne journée en famille et de mêler plaisir et pédagogie,0.1842,0.1711,0.2237,0.1711
french,0d3yVC7C9M,307,les outils d'évaluation prennent différentes formes dans leur construction et approches,0.023,0.023,0.046,0.023
french,Ds2mE5UGnZ,733,c'est le role des protocoles de cette couche,0.0682,0.0682,0.0682,0.0682
french,3OxxtNhkuv,16305,dans le cas des systèmes lune planète cette forme allongée est instable,0.4648,0.2113,0.3803,0.1268
french,ll30-whTFY,22414,les bandits cherchent a la violenter,0.3611,0.1667,0.4444,0.25
french,3OxxtNhkuv,16366,elle ressemble par conséquent davantage a un tore qu'a une ceinture,0.2239,0.2239,0.5075,0.4925
french,g5TFstLFyq,2586,tests dits de biodisponibilité sur patients volontaires et d'efficacité sur patients volontaires,0.0625,0.0521,0.1354,0.0521
french,yP5TS6EloW,9933,l'idée qui sous tend cet algorithme consiste a voir le tableau comme un arbre binaire,0.6588,0.6941,0.7529,0.6235
french,Ds2mE5UGnZ,806,un processeur construit en un seul circuit intégré est un microprocesseur,0.0411,0.0137,0.0685,0.0137
french,G47ONLSoe8,29152,il n'existe pas de traitement de fond de la maladie,0.7059,0.549,0.2745,0.4314
french,chc_pimJ0Z,23344,cette hormone a été identifiée plus tard comme étant la dopamine,0.8125,0.7656,0.4531,0.3906
french,pUaQKQSh7E,16973,certains regrettent les albums précédents d'autres regrettent simplement l'évolution musicale du groupe,0.0291,0.0291,0.0777,0.0097
french,u5rOEWmzeT,27355,le nom de manzat est probablement d'origine très ancienne prélatine,0.3582,0.1493,0.2239,0.1493
french,3OxxtNhkuv,16261,différents mélanges commerciaux peuvent être principalement caractérisés par leur degré de chloration,0.0198,0.0,0.2376,0.0099
french,Ds2mE5UGnZ,770,les pondérations varient d'une société a l'autre en fonction de sa capitalisation flottante,0.033,0.033,0.0769,0.033
french,Ds2mE5UGnZ,781,c'est une technologie récente permettant d'isoler les cellules tumorales circulantes présentes dans le sang,0.0187,0.0093,0.0654,0.0187
french,chc_pimJ0Z,23462,la seconde piste cyclable récemment construite utilise l'ancienne route de l'étang du grec,0.5,0.3667,0.4,0.3889
french,pUaQKQSh7E,17058,ces raccourcis varient en fonction de la matrice wiki utilisée,0.2742,0.2742,0.3548,0.1613
french,u5rOEWmzeT,27268,les souris transgéniques sont devenues plus grosses que les souris normales,0.1867,0.0533,0.16,0.1067
french,r2eK3YXjAU,21985,ce sont principalement des processus fermentaires qui sont concernés,0.9118,0.3971,0.6029,0.7794
french,pUaQKQSh7E,17002,mais l'exubérance des marchés masque les faiblesses de l'agriculture guadeloupéenne,0.2289,0.1566,0.1446,0.1566
french,ZKoFaz9Mrj,8133,il parle occitan limousin,0.6,1.0,0.64,0.68
french,G47ONLSoe8,29192,la largeur d'une raie est donc une indication de la température de l'étoile observée,0.6667,0.7262,0.9405,0.6667
french,IrXN65uF2D,18564,ce fait est invérifiable et largement mis en doute par les historiens arabes,0.8289,0.7368,0.6184,0.6053
french,yP5TS6EloW,9937,a court d'argent celui ci cherche a vendre maisons,0.88,0.78,0.76,0.68
french,r2eK3YXjAU,22019,les images réelles peuvent être produites par des lentilles convergentes ou des miroirs concaves,0.8125,0.6771,0.5417,0.7188
french,e97ki3c8DL,33304,il est nommé par le président de la république sur proposition du premier ministre,0.0488,0.0488,0.0366,0.0488
french,u5rOEWmzeT,27264,depuis aucun autre humain n'a pu battre le logiciel,0.2745,0.0784,0.098,0.0784
french,pUaQKQSh7E,16962,le crétacé est généralement divisé en deux époques appelées crétacé inférieur et supérieur,0.3111,0.3111,0.3667,0.2333
french,r2eK3YXjAU,22074,leur combinaison est réalisée par des techniques de traitement et de restauration d'image avancées,0.7857,0.6735,0.6735,0.6531
french,n-0_tPnwIy,26966,un arboretum et un parcours nature doivent être aménagés,1.0,0.8393,0.9286,0.7679
french,ZKoFaz9Mrj,8234,marié hervé de charette a quatre enfants,0.6,0.65,0.45,0.625
french,6ft7Ezz5sQ,20670,les rivages aplanis ne sont pas forcément très faciles d'accès entre rochers et mangroves,0.7079,0.6854,0.7865,0.6742
french,pUaQKQSh7E,17062,les feuilles souvent très grandes et alternes sont groupées a l'extrémité des rameaux,0.1412,0.1176,0.1176,0.1176
french,chc_pimJ0Z,23483,il peut être aussi utilisé pour faire des sauces particulièrement pour le gibier,0.2625,0.1125,0.2875,0.3125
french,yP5TS6EloW,9998,la langue officielle du canton est l'italien,0.8409,0.8864,0.7273,0.8864
french,G47ONLSoe8,29003,elle consent a cette union a la condition qu'elle ne soit jamais consommée sexuellement,0.3448,0.2069,0.2184,0.1839
french,0d3yVC7C9M,335,il commence a publier quelques poèmes essais ou contes qui connaissent quelque succès,0.2,0.2235,0.1647,0.1412
french,IrXN65uF2D,18558,les flancs sont clairs et le ventre est blanc,0.7111,0.6889,0.7111,0.6222
french,G47ONLSoe8,29165,il a utilisé et manoeuvré ses troupes comme au début du siècle,0.4194,0.4677,0.3226,0.4839
french,UnuvxPW6Pc,3499,a ce jour plusieurs systèmes sont en vigueur ou proposés,0.0536,0.0357,0.0179,0.0357
french,0d3yVC7C9M,313,cette technique doit être appliquée avec précautions parce qu'elle s'appuie sur des hypothèses,0.0851,0.0213,0.0851,0.0213
french,ll30-whTFY,22362,les étamines sont très nombreuses,0.9091,0.7576,0.7273,0.7879
french,0d3yVC7C9M,355,elle est associée au démon babai,0.25,0.0625,0.125,0.0938
french,n-0_tPnwIy,26926,le vin comme le soma védique est censé aider a conquérir l'immortalité,1.0,0.9429,0.8714,0.9286
french,IrXN65uF2D,18661,les programmes système le sont implicitement,0.75,0.3409,0.2727,0.4773
french,IrXN65uF2D,18529,le sujet pronominal n'apparait normalement pas,0.7609,0.6957,0.6522,0.7826
french,u5rOEWmzeT,27261,style a trois stigmates très dilatés pétaloides,0.3404,0.2979,0.383,0.1277
french,ZKoFaz9Mrj,8182,cependant on conjecture qu'il existe une infinité de nombres premiers de wolstenholme,0.6706,0.7176,0.8471,0.6471
french,6ft7Ezz5sQ,20754,le titre était lié a l'homme et non a ses terres,0.7708,0.7708,0.7083,0.7083
french,n-0_tPnwIy,26909,elles sont entretenues et conservées le plus longtemps possible,0.7619,0.746,0.746,0.746
french,gvsTumIuO1,7898,avec clotaire il prend pampelune puis fait le siège de saragosse,0.3281,0.2812,0.5,0.2656
french,chc_pimJ0Z,23313,par contre le système permettant de gérer les pouvoirs psioniques a été largement retravaillé,0.3978,0.2043,0.3226,0.2366
french,r2eK3YXjAU,21999,elle est cependant en formation par les associations de langue des signes mondiales,0.6867,0.5904,0.5904,0.5904
french,ll30-whTFY,22444,l'oeuvre peut ainsi évoluer tout au long de sa diffusion,0.9107,0.4107,0.4821,0.7143
french,6ft7Ezz5sQ,20730,abritant la basilique saint françois la ville accueille régulièrement de nombreux pèlerins,0.8333,0.7444,0.7,0.7111
french,UnuvxPW6Pc,3440,le mouvement sur la table est reproduit a l'écran,0.0612,0.0408,0.0204,0.0408
french,5eh1ULfUPE,11101,après la guerre il s'éloigne de l'allemagne,0.6744,0.6977,0.6977,0.6279
french,chc_pimJ0Z,23424,elle est aussi utilisée en réassurance,0.5,0.0526,0.4211,0.4737
french,e97ki3c8DL,33259,c'est pourquoi elle fut fortifiée dès la haute antiquité,0.1071,0.1071,0.1429,0.1786
french,yP5TS6EloW,10026,face a la solitude il assume cette signification,0.7917,0.7708,0.8333,0.9167
french,ll30-whTFY,22400,il était conservé dans des conteneurs métalliques étanches,0.1379,0.1897,0.9138,0.2069
french,5eh1ULfUPE,11140,le roman et de l'écrivain,0.76,0.6,0.88,0.68
french,6ft7Ezz5sQ,20713,d'un point de vue administratif le faux latin traditionnel a l'avantage d'être neutre,0.6353,0.6235,0.6118,0.7765
french,Ds2mE5UGnZ,815,enfin il existe une église adventiste du septième jour dans le bas de venoix,0.1579,0.0658,0.0526,0.0526
french,yP5TS6EloW,10012,certaines firmes poursuivirent leur recherches sur des mécaniques solides mais aussi légères que possible,0.6762,0.5619,0.7143,0.6571
french,IrXN65uF2D,18631,c'est sa dernière vraie comédie musicale,0.775,0.75,0.7,0.825
french,u5rOEWmzeT,27235,a partir de la c'est la légende qui entre en jeu,0.2917,0.125,0.0417,0.125
french,e97ki3c8DL,33298,très rapidement l'étoile passera a la fusion du carbone puis a celle de l'oxygène,0.1481,0.1235,0.1111,0.1358
french,g5TFstLFyq,2546,on en a fait l'époux d'une divinité solaire tjenenet dame du ciel,0.3385,0.2923,0.4769,0.4615
french,pUaQKQSh7E,16949,toutefois son cou est moins long et plus épais que celui de la girafe,0.2174,0.058,0.1449,0.2464
french,ZKoFaz9Mrj,8181,d'autres démonstrations de l'infinité des nombres premiers ont été données,0.5676,0.4865,0.3784,0.6622
french,0d3yVC7C9M,343,ce bruit devient important pour les champs électriques élevés au voisinage de l'effet d'avalanche,0.2062,0.1031,0.1134,0.0928
french,gvsTumIuO1,7849,on dit de lui que c'est un monstre et un paria,0.587,0.7174,0.5652,0.7391
french,chc_pimJ0Z,23276,l'anneau de stockage n'est pas parfaitement circulaire,0.3889,0.3889,0.537,0.5926
french,r2eK3YXjAU,22076,chacune de ces nations dispose d'un accès a l'image proportionnel a sa participation financière,0.9263,0.6737,0.8526,0.8526
french,u5rOEWmzeT,27308,leurs prises de participation peuvent être unilatérales ou croisées,0.0746,0.1493,0.1343,0.0448
french,chc_pimJ0Z,23406,ils ne peuvent être honorés sans outrager les victimes de la collaboration,0.5135,0.3784,0.4865,0.4595
french,gvsTumIuO1,7854,il jouait aux échecs tous les dimanches avec un collègue de travail,0.5075,0.403,0.3433,0.3134
french,gvsTumIuO1,7855,la pression exercée sur le sein peut également amener la femme a atteindre l'orgasme,0.119,0.1429,0.1667,0.131
french,e97ki3c8DL,33354,l'opuscule est analysé par certains historiens comme léniniste et avant gardiste ou bolchevisant,0.2292,0.2188,0.125,0.1667
french,pUaQKQSh7E,16947,le besoin alimentaire se calcule en fonction des besoins du ruminant et des bactéries,0.1059,0.0706,0.0706,0.0588
french,u5rOEWmzeT,27366,les critères diagnostiques ont été établis par une conférence de consensus,0.027,0.0405,0.2027,0.1622
french,3OxxtNhkuv,16392,ces différences se retrouvent dans les différents cours et vidéos en ligne disponibles,0.2907,0.1047,0.1628,0.186
french,sNt2CPV1iq,19105,ces sommets se sont produits au moins une fois tous les deux ans,0.5312,0.6406,0.6094,0.7031
french,chc_pimJ0Z,23325,le film n'a jamais été réalisé,0.0667,0.7333,0.8,0.2333
french,e97ki3c8DL,33329,les chiffres correspondent au segment du modèle,0.1702,0.0213,0.234,0.1489
french,yP5TS6EloW,9922,un bloc de quatre cellules est la plus petite structure stable possible,0.6479,0.5915,0.662,0.662
french,g5TFstLFyq,2541,elle est assistée de rénénoutet déesse de l'allaitement des enfants,0.1493,0.1045,0.403,0.2537
french,Ds2mE5UGnZ,718,pour fonder la colorimétrie il faut établir la sensibilité spectrale des cones,0.1026,0.0641,0.1154,0.1026
french,5eh1ULfUPE,11103,il étudia au lycée condorcet,1.0,1.0,1.0,1.0
french,sNt2CPV1iq,19117,il part l'année même avec cinquante compagnons et soixante dix paysans,0.6571,0.4857,0.5714,0.3429
french,3OxxtNhkuv,16390,les capsules des fruits parfois ailées contiennent des poils fins,0.5538,0.1692,0.1077,0.2154
french,yP5TS6EloW,10056,l'édit de fontainebleau rend le baptême catholique obligatoire,1.0,0.7581,0.7258,0.7742
french,ZKoFaz9Mrj,8109,les zones piétonnes sont multipliées,0.6944,0.5833,0.75,0.6667
french,UnuvxPW6Pc,3459,leurs successeurs contribuèrent a l'apparition d'une relative tranquillité lors de l'ère tokugawa,0.1649,0.1753,0.2268,0.1546
french,ll30-whTFY,22424,ainsi c'est le mout seul qui donne les aromes,0.7333,0.5778,0.6222,0.5333
french,G47ONLSoe8,28995,l'église date de l'époque romane,0.5312,0.6562,0.5312,0.8438
french,sNt2CPV1iq,19097,on lui proposait d'évaluer les progrès réalisés depuis quelques jours,0.7681,0.3913,0.6377,0.7246
french,3OxxtNhkuv,16383,dès la fin de la guerre ces héros n'ayant plus d'ennemis disparaissent,0.0714,0.0429,0.1,0.1857
french,0d3yVC7C9M,286,axel waldemar gallén nait a pori dans une famille suédophone,0.3,0.2833,0.35,0.3
french,3OxxtNhkuv,16285,certaines entrées sont classées sous une autre entrée,0.434,0.1509,0.5283,0.3585
french,ll30-whTFY,22394,toutefois le concept a fait depuis l'objet de critiques,0.8545,0.4909,0.4909,0.5091
french,sNt2CPV1iq,19135,ainsi les oxydes d'azote ne sont pas des nitrures d'oxygène,0.6271,0.5085,0.4915,0.7288
french,UnuvxPW6Pc,3445,elle permet de diminuer la sensibilité aux interférences,0.0893,0.0179,0.0893,0.0179
french,Ds2mE5UGnZ,772,c'est une langue a part entière et qui connait sa propre évolution,0.1364,0.0909,0.1667,0.1061
french,ZKoFaz9Mrj,8218,je n'ai aucune subvention du département,0.9,0.6,0.55,0.75
french,3OxxtNhkuv,16416,avec ça il aura une base,0.125,0.25,0.2083,0.3333
french,g5TFstLFyq,2506,malheureuse en grand prix la diatto sera pourtant une voiture rapide et fiable,0.2051,0.0769,0.1026,0.0769
french,chc_pimJ0Z,23302,la période d'incubation est de deux a six jours parfois plus,0.3333,0.3167,0.2333,0.3167
french,Gw-9o1i7nY,5075,le sens des affaires joint a son talent lui apporte la richesse,0.4603,0.2063,0.4286,0.2698
french,IrXN65uF2D,18639,mais cette solitude devient un signe de supériorité de privilège divin,1.0,0.8571,0.7143,0.7857
french,3OxxtNhkuv,16369,un bon nombre de paranoiaques restent sans suivi car ils ne demandent aucune thérapeutique,0.5222,0.0889,0.1667,0.1111
french,e97ki3c8DL,33356,les moines latins font appel au pape en lui demandant d'informer l'empereur,0.1733,0.2133,0.1867,0.2
french,u5rOEWmzeT,27389,l'approche de ces êtres artificiels change aussi selon les cultures d'une même époque,0.2588,0.2118,0.2471,0.3294
french,Ds2mE5UGnZ,761,elle appelle a voter pour françois hollande dès le premier tour,0.1111,0.0794,0.1429,0.0794
french,yP5TS6EloW,9959,son grand père pierre édouard renard était également haut magistrat ainsi que maire d'épernay,0.7634,0.7204,0.6559,0.8495
french,Ds2mE5UGnZ,766,les républicains attaquent violemment ce courant et l'accusent d'être communiste,0.025,0.0625,0.2375,0.0125
french,chc_pimJ0Z,23316,le sommet se déroule en deux phases,0.2286,0.0571,0.3429,0.1143
french,pUaQKQSh7E,17003,chaque année l'ile doit importer environ de fruits et de légumes,0.1875,0.0938,0.1562,0.0781
french,yP5TS6EloW,10068,une folie meurtrière s'empare de tout le royaume,1.0,0.8333,0.7083,0.8958
french,pUaQKQSh7E,17091,christine donne des cours de violon au conservatoire antoine a écrit un roman,0.4935,0.2338,0.4805,0.3247
french,yP5TS6EloW,10054,après mure réflexion le conseil du roi se prononce en faveur de la révocation,0.8442,0.8052,1.0,0.7532
french,chc_pimJ0Z,23370,sur le territoire de la commune se situe la réserve naturelle nationale de py,0.4286,0.3636,0.3766,0.5065
french,IrXN65uF2D,18527,ce mode exprime une injonction,0.7333,0.8333,0.7333,0.6
french,6ft7Ezz5sQ,20710,chez ces mutants la barrière hémato spermatique est déficiente,0.8226,0.6129,0.4677,0.5968
french,gvsTumIuO1,7861,d'autre part les crues peuvent être assez importantes,0.4151,0.5472,0.434,0.2453
french,e97ki3c8DL,33316,philosophe communiste il s'intéresse au matérialisme,0.0962,0.1538,0.1731,0.1346
french,pUaQKQSh7E,16961,les omnivores insectes et charognards survivent mieux a cette extinction,0.625,0.4861,0.4722,0.5556
french,ZKoFaz9Mrj,8143,il fait partie du groupe socialiste radical et citoyen,0.1296,0.0926,0.037,0.1852
french,yP5TS6EloW,9921,il se déplace de verticalement et de horizontalement toutes les générations,0.5733,0.6,0.92,0.6933
french,g5TFstLFyq,2530,le rejet dans l'environnement en fin d'utilisation doit être évité et ces métaux recyclés,0.0337,0.0337,0.0674,0.1011
french,Ds2mE5UGnZ,720,l'histoire du nom utilisé pour l'entrée est un peu complexe,0.0847,0.0678,0.0339,0.0847
french,G47ONLSoe8,29024,en représailles les mongols massacrent alors tous les habitants,0.8095,0.8413,0.6984,0.7143
french,yP5TS6EloW,10011,il s'intéresse aussi a la couverture des marteaux,0.7143,1.0,0.7755,0.7551
french,6ft7Ezz5sQ,20621,seul le résultat affiché est inexact,0.4722,1.0,0.6944,0.6389
french,sNt2CPV1iq,19200,ses activités scientifiques ses publications ainsi que son esprit critique indisposent l'église,0.3684,0.3053,0.2632,0.2737
french,0d3yVC7C9M,321,les espèces de ce genre sont prédatrices,0.075,0.05,0.225,0.05
french,r2eK3YXjAU,22003,au contraire plus le processus est rapide plus les phénomènes d'érosion seront marqués,0.7093,0.6977,0.5698,0.6744
french,ll30-whTFY,22337,cette institution existe toujours sous la forme du lycée saint benoit,0.2319,0.3333,0.5217,0.5942
french,5eh1ULfUPE,11146,l'algorithme indiqué s'applique cependant sans aucune modification aux entiers relatifs,1.0,0.8391,0.8161,0.6782
french,n-0_tPnwIy,26896,ces emplois sont plus médiatiques que réels,1.0,0.7907,0.7209,0.9767
french,Ds2mE5UGnZ,845,les langues officielles sont le français et l'anglais,0.1509,0.0755,0.1509,0.1887
french,ll30-whTFY,22398,il jaugeait tonneaux,0.8,0.7,0.65,0.75
french,gvsTumIuO1,7831,la plupart des écoles de musique enseignent ces quatre clefs,0.1833,0.2833,0.35,0.2167
french,yP5TS6EloW,9974,la demi vie est différente de la durée de vie moyenne,0.9057,0.6226,0.566,0.6792
french,Gw-9o1i7nY,5011,le dernier brouillon de la norme est disponible sur wiscorpcom,0.2097,0.2258,0.2903,0.2097
french,6ft7Ezz5sQ,20691,a la suite de cet accident des mesures de sécurité strictes sont prises,0.4225,0.3521,0.493,0.2817
french,IrXN65uF2D,18573,la réception des dépêches au directoire fait ensuite l'objet d'un procès verbal,0.5949,0.6582,0.557,0.7342
french,ZKoFaz9Mrj,8240,il créera un logement de ce type a domont une initiative qui restera isolée,0.6133,0.5467,0.6667,0.7333
french,ll30-whTFY,22458,des écosystèmes suspendus complexes se constituent ainsi au fil du temps,0.375,0.4444,0.4583,0.5139
french,gvsTumIuO1,7821,les eaux de la mer du nord sont différentes des autres,0.3148,0.0556,0.2778,0.1667
french,yP5TS6EloW,10004,par la suite de nombreuses formations s'offrent a eux,0.7358,0.8868,0.8302,0.9245
french,r2eK3YXjAU,22126,guise mit en déroute les protestants capturant philippe de mornay parmi d'autres,0.75,0.675,0.6125,0.6875
french,6ft7Ezz5sQ,20773,il est aussi poursuivi a plusieurs reprises par la justice brésilienne,0.6571,0.5143,0.8286,0.8
french,ll30-whTFY,22466,au niveau européen il obtient son premier eurodéputé,0.4231,0.75,0.9615,0.7885
french,IrXN65uF2D,18653,la même année il décrit les positions de la planète mars,0.625,0.4286,0.7321,0.625
french,ll30-whTFY,22520,elle pourra également revenir chercher son conducteur le moment venu,0.9118,0.7059,0.8676,0.6471
french,n-0_tPnwIy,26839,les français en particulier forment une ou deux colonnes et attaquent a la baionnette,0.7529,0.7412,0.6588,0.7176
french,Ds2mE5UGnZ,824,les vantaux aujourd'hui disparus avaient été réalisés par le menuisier ambroise perret,0.3837,0.1744,0.2442,0.186
french,sNt2CPV1iq,19127,c'est cette dernière qui est a l'origine du tangage,0.6471,0.6471,0.7059,0.4706
french,ZKoFaz9Mrj,8118,il a de plus été membre de la commission d'enquête sur l'affaire dite d'outreau,0.6203,0.4051,0.5063,0.3291
french,0d3yVC7C9M,314,cependant personne n'a la moindre piste de travail pour la démontrer,0.0441,0.2353,0.1029,0.0147
french,r2eK3YXjAU,22012,le scolyte vecteur se reproduit sur les arbres mourants,0.7091,0.9455,0.6727,0.6727
french,n-0_tPnwIy,26925,temporairement des ouvertures sont effectuées dans la structure pour permettre l'aération du pont,0.8247,0.7835,0.7938,0.6804
french,Gw-9o1i7nY,5111,ricketts meurt dans un accident de voiture,0.7619,0.2619,0.381,0.2143
french,IrXN65uF2D,18630,ce sont des gamopétales tétracycliques,1.0,0.8684,0.8158,0.8684
french,0d3yVC7C9M,389,sa tombe est régulièrement entretenue par certaines sociétés de pharmaciens,0.16,0.1733,0.16,0.12
french,gvsTumIuO1,7797,le kevlar est un composant bien connu de certains gilets et masques pare balles,0.4937,0.6456,0.3165,0.7975
french,G47ONLSoe8,29011,son père était caissier a la banque d'angleterre,0.5833,0.8333,0.625,0.8333
french,IrXN65uF2D,18670,l'école nationale des ponts et chaussées devient un établissement d'application de l'école polytechnique,1.0,0.7596,0.8654,0.6827
french,IrXN65uF2D,18655,après la construction de la route le tourisme se développa,0.9655,0.6897,0.7414,0.8621
french,6ft7Ezz5sQ,20603,le théatre forum est une des formes du théatre de l'opprimé,0.7797,1.0,0.7458,0.6949
french,IrXN65uF2D,18596,c'est la forme normalement employée pour convoquer un concile et en publier ses décrets,0.7126,0.8506,0.7011,1.0
french,G47ONLSoe8,29150,les complications rénales sont les causes principales de décès,0.3387,0.3387,0.4516,0.3387
french,IrXN65uF2D,18552,cette remise en suspension augmente la densité de la masse d'eau en chlorophylle,0.95,0.7,0.675,0.8
french,Gw-9o1i7nY,5101,très lié a sa famille le nouveau pontife romain était connu pour son népotisme,0.3718,0.2564,0.5128,0.3462
french,chc_pimJ0Z,23454,le roi est bien sur favorable a son neveu,0.2195,0.1951,0.6341,0.1951
french,Ds2mE5UGnZ,833,sur les mille évêques invités les trois quarts sont présents,0.1167,0.0667,0.0833,0.0667
french,ll30-whTFY,22428,la date de fin de leur règne est celle de leur accession a l'empire,0.1045,0.3134,0.1791,0.1642
french,pUaQKQSh7E,17028,certains déclarent vouloir changer la politique de discrimination anti arabes en israel,0.1149,0.2184,0.2184,0.2184
french,G47ONLSoe8,29139,dès lors le lieu devient le cadre d'une émission télévisée,0.2759,0.4138,0.2931,0.3103
french,chc_pimJ0Z,23353,l'exigence de flexibilité caractéristique du post fordisme s'est traduite par l'externalisation de nombreuses activités,0.1765,0.1681,0.3109,0.1597
french,gvsTumIuO1,7896,ainsi ceux ci violent systématiquement les lieux sacrés,0.3455,0.3091,0.3273,0.4182
french,6ft7Ezz5sQ,20759,au sommaire de ce numéro figurent les futurs fondateurs de l'association,0.7917,0.5556,0.7778,0.7361
french,6ft7Ezz5sQ,20774,chacune d'elles est autonome tant du point de vue financier qu'opérationnel,0.76,0.7467,0.7733,0.6533
french,IrXN65uF2D,18560,les observateurs voient ensuite apparaitre une énorme tache noire après le premier impact,0.9775,0.7528,0.6404,1.0
french,0d3yVC7C9M,308,elle intègre de façon englobante les concepts de résilience d'adaptation de flexibilité,0.023,0.0115,0.023,0.023
french,e97ki3c8DL,33351,il avait connu son père,0.087,0.087,0.087,0.087
french,chc_pimJ0Z,23306,il participait lui même aux secours et donc il approchait les malades,0.2319,0.2319,0.5217,0.3478
french,3OxxtNhkuv,16251,plusieurs objets situés sur la commune d'aubonne sont répertoriés comme biens culturels d'importance nationale,0.2364,0.0545,0.1182,0.0455
french,r2eK3YXjAU,21996,l'accent circonflexe sert principalement a deux usages,1.0,0.8519,0.7778,1.0
french,g5TFstLFyq,2532,actuellement le mercosur permet la libre circulation des citoyens,0.0769,0.0923,0.1077,0.1077
french,sNt2CPV1iq,19155,elle a même été longtemps considérée comme l'archétype du raisonnement logico déductif,0.5698,0.4767,0.5,0.6047
french,e97ki3c8DL,33160,peu importante en france mais forte en europe orientale,0.1818,0.1636,0.1636,0.1455
french,n-0_tPnwIy,26941,les académies de lyon caen et paris proposent des formations et sont centres d'examen,0.9412,0.7059,0.6706,0.6588
french,ZKoFaz9Mrj,8128,depuis lors et jusqu'a son décès il est adjoint au maire de chateauneuf sur charente,0.5119,0.381,0.2738,0.2738
french,u5rOEWmzeT,27311,le prix des consoles de jeu n'a pas augmenté significativement avec le temps,0.0,0.0263,0.1316,0.0395
french,e97ki3c8DL,33120,une fois cuits on peut les consommer soit en vinaigrette soit en omelette,0.1096,0.0274,0.0822,0.0959
french,3OxxtNhkuv,16350,un radiotélescope est constitué principalement d'un collecteur et d'un détecteur,0.7125,0.2,0.075,0.6375
french,G47ONLSoe8,29093,au corps législatif seul thiers est opposé a cette démarche,0.7458,0.5424,0.4915,0.4576
french,gvsTumIuO1,7801,ses fonctions sont toutes liées a l'objectif de libre échange dans la sous région andine,0.4545,0.0909,0.1705,0.1705
french,g5TFstLFyq,2561,le personnel enseignant ainsi que les aides éducateurs et assistants d'éducation dépendent de l'éducation nationale,0.0696,0.0696,0.0696,0.0609
french,3OxxtNhkuv,16396,il est filé au cambodge pour faire du tissu,0.5814,0.1628,0.186,0.5116
french,n-0_tPnwIy,26968,le problème de la drogue sera quant a lui évoqué a deux reprises,0.625,0.7031,0.7969,0.6562
french,IrXN65uF2D,18571,on peut citer la chambre de commerce international qui siège a paris,0.8235,0.7059,0.5,0.7353
french,IrXN65uF2D,18583,l'assassinat de l'archiduc galvanise les partis bellicistes,0.8475,1.0,1.0,0.8305
french,r2eK3YXjAU,22122,ses capacités d'enfouissement et de destruction sont très importantes,0.9275,0.8261,0.6377,0.6957
french,0d3yVC7C9M,428,l'enjeu est alors souvent la différence entre biologie et physique,0.1061,0.0152,0.2879,0.0152
french,UnuvxPW6Pc,3533,un hommage secret a été caché sur toutes les nintendo switch,0.0667,0.1,0.1,0.0833
french,6ft7Ezz5sQ,20681,a l'inverse l'énergie consommée est proportionnellement plus importante pour le déplacement,0.8791,0.7582,0.6923,0.7143
french,Gw-9o1i7nY,5114,l'enzyme elle même restaure leur état initial au cours du cycle de la réaction,0.2436,0.2051,0.1667,0.1538
french,u5rOEWmzeT,27303,la commune édite un magazine municipal mensuel,0.3043,0.3696,0.2826,0.3696
french,sNt2CPV1iq,19189,l'utilisation de la tablette graphique traditionnelle se situe entre les deux,0.2208,0.1429,0.3636,0.2468
french,IrXN65uF2D,18666,le supplément fut annulé,0.6667,0.75,0.625,0.6667
french,6ft7Ezz5sQ,20668,celle ci est donc étagée suivant l'altitude,0.8837,0.5349,0.5581,0.8372
french,3OxxtNhkuv,16231,présence de laticifères non ramifiés,0.5,0.4444,0.4167,0.3889
french,6ft7Ezz5sQ,20752,l'érosion leur fait perdre l'altitude d'un centimètre par an en moyenne,0.831,0.8451,0.8169,0.7746
french,ZKoFaz9Mrj,8195,sur cette base très légère ils étaient admis sous le diagnostic de schizophrénie,0.6,0.55,0.575,0.65
french,e97ki3c8DL,33112,les logiciels libres utilisent comme tous les logiciels des métadonnées,0.1268,0.0845,0.1831,0.0845
french,chc_pimJ0Z,23301,dans les épidémies humaines c'est la puce de l'homme qui prend le relais,0.4028,0.3056,0.5,0.3889
french,Gw-9o1i7nY,5100,nombre d'entre eux moururent en prison et plusieurs furent exécutés,0.4478,0.2537,0.4776,0.2985
french,G47ONLSoe8,28993,la commune de panazol possède trois zones d'activités économiques sur son territoire,0.3095,0.3214,0.2619,0.4524
french,chc_pimJ0Z,23269,ces récits sont estimés en points relatifs sans unité,0.7358,0.5283,0.5283,0.4906
french,yP5TS6EloW,10050,le terme de trois mois étant écoulé fit sommer charles emmanuel de se déclarer,0.6667,0.9103,0.641,0.7436
french,ZKoFaz9Mrj,8147,elle perd au second tour face au candidat centriste et maire sortant bruno joncour,0.7073,0.4024,0.4268,0.6341
french,3OxxtNhkuv,16272,en chimie on exprime généralement cette grandeur en kilojoules par mole,0.7183,0.2958,0.5775,0.5352
french,6ft7Ezz5sQ,20700,la dénonciation anonyme était une pratique courante,0.902,1.0,0.8627,0.902
french,ll30-whTFY,22468,on ne peut dire avec précision a quand remonte la technique du papier découpé,0.5325,0.4156,0.5584,0.3766
french,r2eK3YXjAU,22058,a renouvelé aussi le bel exemple de ses vertus patriotiques,1.0,0.8305,0.9661,0.8475
french,G47ONLSoe8,29051,des détecteurs de gaz ultra sensibles permettent de localiser sans difficulté les points d'épanchement,0.5392,0.3039,0.4412,0.3824
french,G47ONLSoe8,29125,il séjourne aussi chaque hiver en floride,1.0,0.7073,0.878,0.6341
french,chc_pimJ0Z,23324,le texte est donné la veille ou parfois le jour du tournage,0.5254,0.4407,0.5932,0.4746
french,0d3yVC7C9M,432,la région est la plus pauvre du brésil,0.0789,0.0526,0.0526,0.0263
french,g5TFstLFyq,2579,les hydrates de méthanes immergés fondent en libérant des chapelets de bulles,0.1948,0.1558,0.1688,0.1558
french,6ft7Ezz5sQ,20723,progressivement les armures évoluent pour être moins vulnérables aux flèches,0.6053,0.8158,0.6711,0.6579
french,e97ki3c8DL,33158,cette classification fait consensus,0.3714,0.0571,0.4857,0.2857
french,gvsTumIuO1,7816,la chanson est reléguée a la deuxième place,0.3023,0.1395,0.6047,0.1395
french,6ft7Ezz5sQ,20693,la grande consoude contient des alcaloides pyrrolizidiniques hépatotoxiques,0.8933,0.7333,0.6533,0.7333
french,yP5TS6EloW,9915,elle découvre alors qu'une transfusion sanguine semble améliorer au moins temporairement son état,0.7526,0.7113,1.0,0.7423
french,r2eK3YXjAU,22128,mais celle ci pouvait varier en fonction de la complexité de l'opération,0.8333,0.7917,0.75,0.75
french,IrXN65uF2D,18623,l'acte de mariage est le premier document ou figure sa nouvelle identité,0.9722,0.8472,0.6806,0.8056
french,sNt2CPV1iq,19176,celles ci sont dans de nombreux cas surévaluées,0.6383,0.5319,0.5532,0.5106
french,u5rOEWmzeT,27299,et le film est un des plus grands succès du cinéma français,0.1356,0.0339,0.0508,0.0169
french,r2eK3YXjAU,22034,cet ensemble urbain est considéré comme le coeur démographique et politique du japon,1.0,0.6667,1.0,0.8571
french,G47ONLSoe8,29036,les raisons pour lesquelles la migration est affectée par la prédation sont nombreuses,0.5116,0.4302,0.3953,0.5349
french,ll30-whTFY,22352,le virus se transmet par contact avec des urines ou excréments de cet animal,0.4474,0.2895,0.5263,0.1711
french,G47ONLSoe8,29077,mais la presse aurait surenchéri,0.5,0.9375,0.6562,0.5938
french,pUaQKQSh7E,16992,les petites ruelles et placettes ont été rénovées ou sont en cours de rénovation,0.1125,0.05,0.0625,0.0625
french,chc_pimJ0Z,23303,ce début est rapide voire brutal,0.5625,0.5625,0.7188,0.5312
french,Ds2mE5UGnZ,830,les hivers sont relativement secs,0.0606,0.0303,0.0606,0.0303
french,g5TFstLFyq,2517,on ressent l'histoire de hollywood sur cette route,0.06,0.06,0.04,0.02
french,u5rOEWmzeT,27222,toutes ces suppressions sont des amuissements,0.1333,0.0667,0.1333,0.0889
french,ZKoFaz9Mrj,8148,elle fait partie du groupe socialiste radical et citoyen,0.6964,0.1429,0.1786,0.0893
french,3OxxtNhkuv,16362,les fraises se développent a partir du réceptacle charnu des fleurs,0.1493,0.2239,0.2985,0.3284
french,UnuvxPW6Pc,3434,la politique internationale est donc riche en sigles,0.0769,0.0577,0.0577,0.0192
french,r2eK3YXjAU,21976,deux fourches de réplication sont ainsi créées délimitant l'oeil de réplication,0.7595,0.8734,0.7215,0.7722
french,G47ONLSoe8,29071,ils connaissent malgré cela un grand succès public et critique,0.6452,0.371,0.4194,0.4032
french,UnuvxPW6Pc,3494,par la suite il réalise plusieurs épisodes toujours en qualité d'assistant réalisateur,0.1395,0.093,0.093,0.1047
french,Ds2mE5UGnZ,793,son réseau hexagonal compact est déformé par allongement expliquant une anisotropie des propriétés cristallines,0.0721,0.0811,0.0631,0.045
french,ZKoFaz9Mrj,8152,pendant sa mandature la ville connait un nouvel essor autour du stade de france,0.4684,0.4937,0.6076,0.6329
french,Ds2mE5UGnZ,779,dans certains cas l'apparition d'un cancer a une composante héréditaire,0.1127,0.1127,0.1408,0.1127
french,e97ki3c8DL,33327,il ne faut donc pas confondre les deux termes,0.0889,0.0444,0.1333,0.0444
french,e97ki3c8DL,33195,c'est la fin de la politique de la canonnière,0.0889,0.0889,0.1333,0.0889
french,pUaQKQSh7E,16996,il symbolise plus généralement le mépris porté par l'aristocratie envers le peuple,0.0244,0.0854,0.1098,0.1098
french,5eh1ULfUPE,11090,le style de l'auteure n'apparait pas aisé a identifier,0.7407,0.9074,0.7222,0.8704
french,e97ki3c8DL,33183,le troisième maillot de l'équipe est dans les couleurs officielles du club,0.027,0.0135,0.027,0.0135
french,ll30-whTFY,22384,la taille de bloc dépend du microprocesseur utilisé,0.5294,0.2941,0.6863,0.2941
french,Ds2mE5UGnZ,738,il peut donc y avoir cohabitation entre républicains et démocrates au sein de l'exécutif,0.0909,0.0455,0.0909,0.1023
french,6ft7Ezz5sQ,20610,jacques est le cousin d'un autre mignon henri de saint sulpice,1.0,0.5161,0.6452,0.6774
french,3OxxtNhkuv,16290,son fruit est grenu et n'est pas comestible,0.6977,0.5116,0.4651,0.6047
french,chc_pimJ0Z,23297,en externe par des campagnes de presse ou de l'événementiel,0.3729,0.1864,0.339,0.3898
french,sNt2CPV1iq,19091,des investisseurs chinois devraient s'y installer,0.6735,0.0612,0.551,0.2857
french,3OxxtNhkuv,16333,les rubiacées ont en effet généralement des feuilles opposées décussées simples entières,0.6705,0.3636,0.3182,0.3295
french,chc_pimJ0Z,23345,le prélèvement sanguin s'effectue par une ponction veineuse en général au pli du coude,0.6512,0.5349,0.593,0.5
french,0d3yVC7C9M,298,l'obligatif présente un passé et un parfait,0.1395,0.0233,0.0465,0.0465
french,ZKoFaz9Mrj,8082,in extremis françois baroin soutient françois fillon lors de la manifestation du trocadéro,0.5667,0.5111,0.6111,0.8
french,r2eK3YXjAU,22111,il protégea ensuite son invention en déposant plusieurs brevets,0.8571,0.6825,0.8571,0.9048
french,G47ONLSoe8,29177,un guide accompagne la promenade qui dure environ une demi heure,0.6875,0.4844,0.6562,0.6719
french,u5rOEWmzeT,27287,pendant le refroidissement il existe aussi un gradient de température mais de sens contraire,0.0978,0.0652,0.1196,0.0326
french,pUaQKQSh7E,16999,la guadeloupe bénéficie d'un climat tropical tempéré par les influences maritimes et les alizés,0.2421,0.0842,0.2316,0.2105
french,pUaQKQSh7E,16943,l'algorithme avait vraisemblablement fait l'objet d'une rétro ingénierie,0.4167,0.4722,0.4167,0.4028
french,Ds2mE5UGnZ,817,cette académie était alors une des plus prestigieuses de france,0.3175,0.0476,0.2698,0.1111
french,chc_pimJ0Z,23492,christophe est simple visiteur isabelle fait de la figuration,0.623,0.5902,0.6066,0.5246
french,5eh1ULfUPE,11106,les juifs sont regroupés dans un ghetto,0.7692,0.7436,1.0,0.7949
french,IrXN65uF2D,18665,quand le conflit devient ouvert chacune recrute des mercenaires,0.873,0.9841,1.0,0.6984
french,6ft7Ezz5sQ,20686,les bombardements nucléaires en temps de guerre sont repris dans les catastrophes militaires,0.7826,0.6957,0.6957,0.7065
french,chc_pimJ0Z,23415,après des études classiques au lycée charlemagne il se dirige vers le journalisme,0.5556,0.4568,0.6667,0.5556
french,gvsTumIuO1,7916,cette sous section présente la situation des finances communales de montbéliard,0.3418,0.1013,0.2152,0.2152
french,e97ki3c8DL,33218,la rupture entre les dirigeants révolutionnaires était consommée,0.0312,0.0312,0.0312,0.0312
french,Gw-9o1i7nY,5022,toutefois le judéo araméen était différent par les caractères et par la grammaire,0.321,0.2346,0.1481,0.2099
french,gvsTumIuO1,7796,kahn considérait que cette politique était intenable parce qu'elle était simpliste et potentiellement instable,0.2455,0.3091,0.3364,0.2182
french,r2eK3YXjAU,22127,très souvent cette décomposition s'effectuait suivant les puissances de deux,0.6974,0.1184,0.25,0.1053
french,ll30-whTFY,22522,a ce niveau le conducteur peut déléguer la conduite dans des situations précises,0.55,0.2875,0.6,0.3
french,gvsTumIuO1,7829,serpentant entre aixe sur vienne et saint junien elle est alors longée par la voie ferrée limoges angoulême,0.4953,0.2897,0.5514,0.3832
french,g5TFstLFyq,2599,le médiatif est parfois appelé mode oblique,0.3023,0.2326,0.186,0.2558
french,gvsTumIuO1,7880,la section paloise est un club phare dans le domaine,0.3654,0.3654,0.2885,0.5769
french,e97ki3c8DL,33353,les groupes d'asnières louise michel et de bordeaux sont exclus,0.3651,0.2857,0.2698,0.2857
french,UnuvxPW6Pc,3491,la seine se jette dans la manche entre le havre et honfleur,0.2542,0.2203,0.2712,0.1864
french,yP5TS6EloW,10001,dans les autres directions il est limité par des chaines de montagnes,0.4928,0.8406,0.6522,0.7246
french,sNt2CPV1iq,19118,l'ordre des dominicains est un ordre religieux qu'il connait et qui l'apprécie,0.5256,0.2308,0.3333,0.4231
french,e97ki3c8DL,33191,guy est alors suspecté et mis sous surveillance par la police,0.0328,0.0984,0.0656,0.0164
french,IrXN65uF2D,18674,insectes crustacés et zooplancton,0.8485,0.697,0.9091,0.7576
french,sNt2CPV1iq,19159,elle est la première femme a avoir exercé la fonction de juge en iran,0.5362,0.6087,0.8696,0.5362
french,IrXN65uF2D,18524,le projet a commencé comme un poisson d'avril,0.8222,0.8,0.8444,0.9778
french,r2eK3YXjAU,22026,l'énergie en jeu est donc bien faible comparativement a d'autres énergies renouvelables par exemple,0.7677,0.8384,1.0,0.7071
french,sNt2CPV1iq,19083,sa mère restée a soissons meurt quelques années après,0.7736,0.4717,0.6604,0.4528
french,r2eK3YXjAU,22131,il n'y eut aucun tué lors de la libération de la ville,0.4815,0.5741,0.7407,0.7963
french,3OxxtNhkuv,16282,il constitue également un role social,0.2973,0.2162,0.1892,0.2162
french,n-0_tPnwIy,26947,les expositions de grande qualité s'accompagnent de concerts et de conférences,1.0,0.7179,0.7051,0.7821
french,n-0_tPnwIy,26989,il ordonne immédiatement le renforcement des défenses,1.0,0.7547,0.7736,0.6981
french,0d3yVC7C9M,367,ce qu'il est convenu d'appeler animisme est présent dans d'autres civilisations,0.1646,0.2025,0.0,0.2658
french,3OxxtNhkuv,16359,le chloroplaste a été découvert au cours de recherches scientifiques menée sur des plantes,0.2333,0.1111,0.2,0.1
french,n-0_tPnwIy,26828,le ministérial existait également en france,0.7674,1.0,0.8372,1.0
french,g5TFstLFyq,2512,il fait ainsi de la ville la capitale du royaume d'espagne,0.069,0.0345,0.0345,0.0517
french,ll30-whTFY,22409,dans le paganisme les dieux sont des éléments des forces et des puissances immanentes,0.2706,0.3529,0.4588,0.3294
french,r2eK3YXjAU,22100,j'ai quitté la maison en emportant une boite avec tous mes trésors,0.7879,0.6364,0.6212,0.6364
french,e97ki3c8DL,33345,ces souverains sont connus jusque la comme seigneurs de la place,0.1094,0.0781,0.2969,0.0469
french,Ds2mE5UGnZ,762,elle est apparentée au groupe socialiste,0.05,0.05,0.05,0.05
french,ll30-whTFY,22511,le hautbois est équipé d'une anche double en roseau ou plastique,0.5469,0.375,0.5625,0.4375
french,n-0_tPnwIy,26863,l'appareil est prévu pour dépasser toutes les caractéristiques de conception,1.0,0.8553,0.6842,1.0
french,pUaQKQSh7E,16951,les boeufs sont des taureaux castrés,0.3889,0.3056,0.3611,0.3056
french,r2eK3YXjAU,22077,le cercle existait de manière informelle déja avant la première guerre mondiale,0.7342,0.8101,0.6329,0.7468
french,chc_pimJ0Z,23287,joseph est chauffeur de taxi et apprend que sa fiancée marie est enceinte,0.6575,0.6849,0.7123,0.6438
french,gvsTumIuO1,7868,il publie une grande partie de ses oeuvres chez afternoon,0.8421,0.4035,0.5789,0.5614
french,3OxxtNhkuv,16414,c'est l'activité dominante,0.4615,0.1538,0.2308,0.7308
french,u5rOEWmzeT,27348,une quatrième vision de la prison comme lieu de rééducation est enfin apparue,0.1948,0.013,0.1039,0.013
french,3OxxtNhkuv,16273,il a reçu de nombreuses distinctions et propositions pour devenir membre d'honneur,0.2439,0.0244,0.0732,0.0244
french,ll30-whTFY,22472,c'est dans la couche application que se situent la plupart des programmes réseau,0.5625,0.4375,0.4125,0.5375
french,n-0_tPnwIy,26984,il y a sans doute une part de légende dans cette anecdote,0.8246,0.5789,0.6491,0.7193
french,r2eK3YXjAU,22099,mais il n'est pas sur que le journaliste ait assisté a la scène,0.8413,0.5079,0.6032,0.6984
french,G47ONLSoe8,29085,mais des renforts allemands arrivent en fin d'après midi,0.7857,0.6607,0.5893,0.7321
french,ll30-whTFY,22435,l'opérateur mouline en même temps les deux bobines il n'y a pas d'autres mécaniques,0.3735,0.241,0.5663,0.253
french,ll30-whTFY,22487,son clavier est a membrane plastique,0.6667,0.4167,0.7222,0.6667
french,0d3yVC7C9M,306,les mêmes principes qui forment la base des deux pratiques,0.0,0.0,0.0172,0.0
french,UnuvxPW6Pc,3473,il peut aussi être gratuit ou payant,0.0556,0.0278,0.0556,0.0278
french,g5TFstLFyq,2528,certains métaux lourds toxiques et neurotoxiques comptent parmi les premiers suspects,0.0941,0.0706,0.0353,0.0588
french,gvsTumIuO1,7888,on entrevoit donc un thierry qui semble avoir plus de relief que ses frères,0.1733,0.2133,0.4933,0.3333
french,ZKoFaz9Mrj,8083,du a sa mort il est membre du conseil constitutionnel,0.566,0.5472,0.6226,0.5283
french,pUaQKQSh7E,16953,sa femelle est la vache et leur petit est le veau,0.0816,0.0,0.4082,0.0
french,yP5TS6EloW,9940,il se fait réformer du service militaire après désertion,0.5,0.4464,0.5714,0.625
french,gvsTumIuO1,7773,cette pression est assez forte pour tuer des petits poissons,0.1667,0.0333,0.1333,0.1
french,ll30-whTFY,22493,il est également utilisé comme antidiarrhéique,0.5435,0.3043,0.9565,0.2174
french,3OxxtNhkuv,16417,vous pourriez l'avoir en liquide,0.4375,0.4062,0.7188,0.3125
french,u5rOEWmzeT,27375,elle siège au sein du groupe du parti socialiste européen,0.3333,0.1404,0.0702,0.1228
french,G47ONLSoe8,29113,l'identité culturelle de la station s'est construite avec le temps,0.5455,0.0606,0.1061,0.4242
french,G47ONLSoe8,29098,le travail consistant a déterminer la position de l'épicentre du séisme s'appelle localisation,0.2766,0.1702,0.1596,0.0638
french,sNt2CPV1iq,19195,de plus aucun délai de numérotation n'est nécessaire,0.6346,0.3269,0.7692,0.6154
french,0d3yVC7C9M,331,arthur honegger fut aussi l'auteur d'oratorios,0.2826,0.1739,0.3478,0.1739
french,sNt2CPV1iq,19154,a ce titre il est chargé de l'organisation du travail forcé,0.4915,0.3559,0.4915,0.339
french,pUaQKQSh7E,17022,la femelle met bas une fois par an en avril,0.3488,0.2093,0.3023,0.2326
french,e97ki3c8DL,33173,le nombre de quatrains est illimité mais doit être supérieur a six,0.2727,0.0909,0.197,0.2273
french,IrXN65uF2D,18533,des sociétés ont dédié intégralement leurs activités a ce moyen de communication,0.825,0.8125,0.6125,0.575
french,5eh1ULfUPE,11097,c'est de l'enfance qu'il se réclame la comparant a une plaque hypersensible,0.84,0.8133,0.7733,0.76
french,sNt2CPV1iq,19218,l'organisation de paris servit de modèle a d'autres villes,0.7931,0.4483,0.6552,0.4138
french,gvsTumIuO1,7875,il quitte finalement les formes jurassiennes au niveau de la localité d'osselle,0.3291,0.2405,0.3291,0.4557
french,pUaQKQSh7E,16965,l'autruche africaine est aujourd'hui le plus grand oiseau vivant,0.2344,0.1094,0.2812,0.1875
french,ll30-whTFY,22430,l'ensemble est toutefois l'un des exemples les plus importants de l'architecture moderne en allemagne,0.4455,0.1485,0.2772,0.1683
french,r2eK3YXjAU,21987,le film représente l'inde aux oscar du meilleur film en langue étrangère,0.8056,0.6806,0.6667,0.8056
french,pUaQKQSh7E,17048,la sélection effectuée sur cette race a considérablement amélioré sa productivité,0.037,0.0247,0.0247,0.0247
french,sNt2CPV1iq,19198,le cathéter implanté dans la cavité péritonéale est une porte d'entrée propice aux germes,0.573,0.427,0.6404,0.5843
french,chc_pimJ0Z,23444,éloquence de la tribune,0.8696,0.6522,0.8261,1.0
french,yP5TS6EloW,9948,mais en réalité cette oeuvre va bien au dela de l'étude de la science fiction,0.6104,0.5584,0.7143,0.5844
french,0d3yVC7C9M,310,le livre semble tenir la rosée pour un élixir,0.0889,0.0889,0.1111,0.0667
french,e97ki3c8DL,33271,de nouvelles espèces sont décrites chaque année,0.234,0.2553,0.2766,0.2553
french,0d3yVC7C9M,370,les faits religieux prétendent donner des clés pour comprendre le monde,0.0704,0.0704,0.0141,0.0141
french,6ft7Ezz5sQ,20648,les stagiaires et vacataires sont exploités sous le regard amusé des employés réguliers,0.7816,0.7241,0.6782,0.6782
french,n-0_tPnwIy,26832,il est inhumé en gironde,0.7917,0.75,0.75,0.7917
french,pUaQKQSh7E,17077,pour la terre c'est donc la densité de flux énergétique au sommet de l'atmosphère,0.0617,0.0494,0.037,0.0494
french,IrXN65uF2D,18599,le poisson est cuit quand la chair est opaque,0.7556,0.6889,0.7333,0.8444
french,6ft7Ezz5sQ,20650,il est produit uniquement en automne,0.7222,0.7778,0.5278,0.7222
french,u5rOEWmzeT,27278,certains critiques d'art ont vu dans ses oeuvres un signe avant coureur de l'impressionnisme,0.2174,0.1196,0.1848,0.25
french,g5TFstLFyq,2543,divinité de la fertilité et de la reproduction,0.1957,0.087,0.087,0.1087
french,e97ki3c8DL,33129,seul le premier niveau de ces usines peut être construit par le commandeur,0.1351,0.1486,0.0946,0.0811
french,Ds2mE5UGnZ,786,en géométrie un carré est un polygone régulier a quatre cotés,0.1639,0.1475,0.1639,0.1967
french,ll30-whTFY,22470,comme plus tard chez le photographe le commanditaire d'une silhouette prend la pose,0.4096,0.3735,0.6747,0.3976
french,yP5TS6EloW,9986,les communes y sont libres de spécifier leurs propres langues officielles,0.6849,0.3973,0.7397,0.6164
french,yP5TS6EloW,9909,le litre est défini comme étant un nom spécial pour le décimètre cube,0.7101,0.4638,0.5797,0.5217
french,sNt2CPV1iq,19133,vu sa grande dureté il entre également dans la fabrication d'abrasifs a usage industriel,0.6136,0.8182,0.625,0.6364
french,3OxxtNhkuv,16384,on ne peut pas changer l'un sans changer l'autre,0.4792,0.5,0.4792,0.2708
french,6ft7Ezz5sQ,20608,le roi lui offre également la terre et seigneurie de limours,0.7833,0.55,0.55,0.6167
french,sNt2CPV1iq,19151,jean rochefort commence sa carrière au théatre a l'age de vingt trois ans,0.8356,0.7123,0.6301,0.7945
french,G47ONLSoe8,29080,du coté du public le film reçoit un très bon accueil,0.8654,0.7885,0.4231,0.9423
french,chc_pimJ0Z,23404,le succès est toujours considérable,0.8857,0.0286,0.6857,0.7714
french,IrXN65uF2D,18541,champagne est aussi un nom de famille de descendance française,0.7903,0.7903,0.7581,0.5806
french,n-0_tPnwIy,26901,appelé aux armes en albanie il y part avec le grade de lieutenant,0.8,1.0,0.9385,1.0
french,chc_pimJ0Z,23442,la révolution française marque la fin de la fonction de sénéchal,0.625,0.6094,0.5781,0.9062
french,ZKoFaz9Mrj,8170,l'assainissement est majoritairement assuré par des systèmes autonomes ou semi collectifs,0.5618,0.7079,0.6629,0.6854
french,Ds2mE5UGnZ,836,parmi les deux clergés on trouve des prêtres et des diacres,0.1864,0.1864,0.1356,0.2712
french,IrXN65uF2D,18581,a l'inverse les états avaient conservé leurs propres tribunaux sous l'autorité de leur dirigeant,0.7396,0.9479,0.75,1.0
french,chc_pimJ0Z,23405,c'est la vente de ces plaques qui a fait leur fortune,0.5849,0.434,0.5283,0.3962
french,6ft7Ezz5sQ,20654,il existe une autre voie par la face nord ouest plus directe mais non balisée,0.6234,0.3766,0.6104,0.4805
french,e97ki3c8DL,33336,les immatriculations n'ont ensuite jamais cessé de baisser,0.0517,0.0172,0.0345,0.0172
french,G47ONLSoe8,29170,on affine l'encadrement en augmentant le nombre de cotés des polygones,0.5714,0.5429,0.3857,0.5714
french,chc_pimJ0Z,23379,les épisodes sont en général construits sur des schémas très semblables,0.4648,0.1549,0.2535,0.1972
french,chc_pimJ0Z,23490,il faut surtout aussi être capable de prévoir le taux d'actualisation,0.3623,0.1594,0.3333,0.1014
french,u5rOEWmzeT,27283,ils sont nombreux d'autant plus qu'ils interviennent souvent au cours de la flexion,0.012,0.012,0.0482,0.1205
french,yP5TS6EloW,9916,ainsi un bleu disparait il en quelques heures après une transfusion,0.6269,0.4328,0.5373,0.7463
french,ZKoFaz9Mrj,8122,il est membre du parti socialiste,0.2424,0.2121,0.2121,0.2121
french,0d3yVC7C9M,334,avec sa compagnie il participe ensuite a plusieurs combats meurtriers autour de verdun,0.0581,0.1395,0.0698,0.1977
french,6ft7Ezz5sQ,20672,leurs raisons d'être est d'inciter les états voisins a rejoindre le système douanier prussien,0.6882,0.5591,0.6667,0.6989
french,3OxxtNhkuv,16377,celle ci correspond en français a l'adjectif utilisé en tant que nom,0.5735,0.0588,0.2941,0.1176
french,UnuvxPW6Pc,3421,un grand nombre de plats peuvent être regroupés dans la famille des soupes,0.0,0.027,0.0405,0.0135
french,UnuvxPW6Pc,3537,la spiritualité n'est pas limitée a une démarche conceptuelle ou dogmatique,0.04,0.04,0.04,0.0267
french,g5TFstLFyq,2593,toutefois certains contemporains voient en elle la fille de madeleine,0.3188,0.3333,0.3623,0.4203
french,IrXN65uF2D,18588,l'épaisseur ou le fluide est ralenti s'appelle la couche limite,0.8889,0.6667,0.7143,0.7778
french,G47ONLSoe8,29044,les nancéiens qui ont eu cette statue n'en veulent pas,0.5556,0.7407,0.7037,0.6111
french,0d3yVC7C9M,300,il n'y a pas de genre grammatical féminin ou masculin en arménien,0.2154,0.1077,0.0923,0.1692
french,n-0_tPnwIy,26978,le terme a fait florès et fut repris a différentes époques,0.9483,0.8448,0.7414,0.7759
french,Gw-9o1i7nY,5044,enfin elle est rattachée a la quatrième circonscription de la haute savoie,0.4189,0.5811,0.3784,0.4054
french,IrXN65uF2D,18579,le conseil d'état a distingué selon la nature de l'acte attaqué réglementaire ou individuel,0.7143,0.6154,0.6923,0.6154
french,pUaQKQSh7E,16978,les troupeaux néozélandais étaient gardés comme en angleterre dans des exploitations cloturées sans bergers,0.2523,0.1495,0.2056,0.1776
french,6ft7Ezz5sQ,20750,pris en trop grande quantité il provoquera des réactions convulsivantes ou hallucinogènes,1.0,0.8202,1.0,0.9663
french,u5rOEWmzeT,27215,le noyau corrine constitue le motif structurel de base des corrinoides,0.0857,0.0571,0.0714,0.0429
french,chc_pimJ0Z,23489,il faut être capable de prévoir les ventes et les charges liées au projet,0.5068,0.3014,0.3425,0.2466
french,yP5TS6EloW,9965,en france elle a notamment reçu le grand prix de l'imaginaire,0.8033,0.8033,0.7541,0.8361
french,pUaQKQSh7E,17037,ils s'accumulent alors pour former des plages des dunes,0.2364,0.3273,0.2364,0.3091
french,pUaQKQSh7E,17042,la silice est aussi l'un des meilleurs isolants électriques qui existe,0.2429,0.1,0.2714,0.1429
french,e97ki3c8DL,33190,il évoque également sa propre relation problématique a son père,0.0635,0.0476,0.0476,0.0159
french,e97ki3c8DL,33177,la notion de divisibilité est liée a la notion d'idéal d'un anneau,0.1515,0.1515,0.2576,0.1515
french,G47ONLSoe8,29009,seules dix connexions simultanées a un partage de fichiers sont autorisées a tout moment,0.7159,0.75,0.5682,0.5795
french,yP5TS6EloW,9952,le décès de ce dernier aura arrêté cette initiative au troisième volume,0.8451,0.7465,0.7746,0.7465
french,pUaQKQSh7E,16948,en effet son habitat est de plus en plus restreint,0.58,0.04,0.54,0.58
french,Gw-9o1i7nY,5028,la revendication d'une plus grande autonomie pour la wallonie ne s'arrête pas la,0.4875,0.1375,0.45,0.4
french,IrXN65uF2D,18620,devant cette commission ils réitérèrent leurs aveux,0.7451,0.7255,0.7059,0.8431
french,r2eK3YXjAU,22068,cet accord applique les principes du système commercial aux droits de propriété intellectuelle,0.766,0.6809,0.7447,0.9362
french,e97ki3c8DL,33115,certaines espèces sont unicellulaires,0.1081,0.1081,0.2432,0.1081
french,g5TFstLFyq,2578,c'est l'hydrocarbure le plus simple et le premier terme de la famille des alcanes,0.0494,0.037,0.2469,0.0988
french,ll30-whTFY,22408,leur statut est donc équivalent a celui des êtres humains,0.4035,0.1579,0.6491,0.2982
french,pUaQKQSh7E,17069,la couronne solaire est la couche la plus externe de l'atmosphère du soleil,0.16,0.08,0.0267,0.1067
french,chc_pimJ0Z,23357,d'autres normes existent également en europe ou au canada,0.2456,0.5789,0.807,0.6667
french,G47ONLSoe8,29039,le théorème du viriel est très utilisé en dynamique galactique,0.5161,0.2581,0.8548,0.6613
french,0d3yVC7C9M,394,l'arabie saoudite détient les deuxièmes plus importantes réserves prouvées de pétrole au monde,0.1915,0.0851,0.1383,0.1277
french,IrXN65uF2D,18601,les gros spécimens représentent un réel défi,0.7727,0.6136,0.8864,0.7273
french,ll30-whTFY,22502,la décoration des faiences se fait par décor au pinceau ou par impression,0.4247,0.3014,0.3288,0.4795
french,Gw-9o1i7nY,5062,cette implémentation anticipée menée par chris wilson ne correspond pas a la spécification finale,0.2371,0.1237,0.134,0.1443
french,n-0_tPnwIy,26872,pour utiliser des armes nucléaires un certain nombre de modifications s'imposèrent,1.0,0.7561,0.7927,0.7805
french,u5rOEWmzeT,27329,ils ne peuvent être délivrés qu'a cette fin,0.1628,0.1395,0.3256,0.1395
french,e97ki3c8DL,33117,le thalle ne forme pas un vrai mycélium,0.2051,0.2051,0.4615,0.2051
french,IrXN65uF2D,18629,c'est une voie de synthèse des esters,0.6757,0.6216,0.5946,0.4595
french,G47ONLSoe8,29061,un système d'analyse d'images astronomiques en a résulté,0.625,0.7321,0.6071,0.6607
french,IrXN65uF2D,18513,il est également professeur de grec et de latin,1.0,0.8085,0.5319,0.8511
french,sNt2CPV1iq,19219,c'est a cet édit que la communauté des couturières de paris doit son existence,0.359,0.4615,0.5128,0.3974
french,Gw-9o1i7nY,5069,on utilise souvent du marbre et du granit des anciens temples nabatéens et romains,0.378,0.3049,0.4024,0.378
french,u5rOEWmzeT,27397,certains personnages de donjon font directement référence a des personnalités du monde de l'édition,0.0606,0.0303,0.0606,0.0606
french,Gw-9o1i7nY,5121,neuf villes ont également un statut de ville mais sont incorporés,0.3538,0.1846,0.3692,0.2615
french,IrXN65uF2D,18592,elles regroupent les compétences innées ou acquises les savoir faire et les expériences de l'individu,0.7129,0.6436,0.7327,0.7525
french,g5TFstLFyq,2584,ces formes doivent être stériles apyrogènes et parfois isotoniques,0.0909,0.0455,0.0909,0.0455
french,pUaQKQSh7E,16983,les données fournies par ces équipements sont consultées sur place,0.1515,0.0303,0.0303,0.0909
french,pUaQKQSh7E,17057,la protandrie favorise la fécondation croisée,0.4,0.2,0.6444,0.5111
french,ZKoFaz9Mrj,8212,il est originaire du lieu dit la gaye sur la commune de carbes,1.0,0.4677,0.7097,0.5645
french,5eh1ULfUPE,11120,malgré cela il n'a jamais été changé,0.8333,0.9722,0.8056,0.9167
french,u5rOEWmzeT,27213,le pyrrole est un composé aromatique qui possède une réactivité différente du benzène,0.2118,0.1294,0.0824,0.2235
french,Gw-9o1i7nY,5029,la directive cadre sur l'eau peine également a concrétiser ses objectifs,0.5,0.2083,0.2917,0.25
french,gvsTumIuO1,7769,certaines affirment avoir mis en évidence la production d'hélium,0.3438,0.2031,0.5312,0.3125
french,yP5TS6EloW,10006,dans la région la plupart des collines sont préservées comme espaces naturels,0.7662,0.7532,0.7273,0.8312
french,0d3yVC7C9M,345,cette distorsion est provoquée par un défaut de linéarité de l'amplificateur,0.0921,0.0263,0.0658,0.0395
french,0d3yVC7C9M,357,elle est représentée sous la forme d'un homme momifié,0.0377,0.0189,0.1509,0.0189
french,0d3yVC7C9M,323,en général ubiquistes certaines espèces tendent a préférer des plantes particulières,0.119,0.1429,0.1429,0.1429
french,u5rOEWmzeT,27277,les galères furent le premier système pénitentiaire organisé a l'échelle de l'ensemble du royaume,0.1546,0.0722,0.1959,0.0722
french,6ft7Ezz5sQ,20646,il ne s'agit donc ni d'un département ni d'une région,0.8491,0.6981,0.8679,0.8113
french,sNt2CPV1iq,19089,elles sont impliquées dans des fonctions biologiques tels que les pleurs,0.25,0.3194,0.4583,0.1667
french,gvsTumIuO1,7876,il se déroule sur quatre jours durant le mois de juin,0.283,0.1321,0.0943,0.3396
french,G47ONLSoe8,28991,cette communauté exista jusqu'a la révolution,0.5556,0.0889,0.4889,0.3333
french,sNt2CPV1iq,19212,cette division se fait au niveau de la thoracique,0.4898,0.1633,0.2449,0.3265
french,pUaQKQSh7E,17084,mais en france il n'y avait pas de pape,0.3077,0.2051,0.2564,0.1538
french,gvsTumIuO1,7811,elle trouva les disques qui prouvaient qu'il était l'un des auteurs,0.1045,0.0448,0.1642,0.0448
french,r2eK3YXjAU,22008,un nouveau pont autoroutier enjambant la rivière est présentement a l'étude,0.68,0.5867,0.6133,0.6533
french,Ds2mE5UGnZ,807,dans les processeurs plus récents un microprogramme est souvent utilisé pour l'interprétation,0.129,0.1398,0.129,0.1398
french,3OxxtNhkuv,16423,il était donc nécessaire de préciser son emplacement aux endroits ou il apparaissait,0.2619,0.119,0.0952,0.119
french,Gw-9o1i7nY,5040,elle s'occupe également de la protection des animaux,0.4423,0.4808,0.5192,0.5769
french,ll30-whTFY,22448,après la seconde guerre mondiale les batiments qui avaient entièrement brulé furent reconstruits,0.2917,0.3021,0.6146,0.2604
french,ll30-whTFY,22523,ils remportèrent la victoire mais durent se retirer faute de troupes assez nombreuses,0.6353,0.6353,0.6588,0.6118
french,3OxxtNhkuv,16344,le cinéma taiwanais est également marqué par l'influence japonaise,0.4242,0.1061,0.2121,0.0152
french,3OxxtNhkuv,16339,ils parcouraient les villes et se déplaçaient de foire en foire,0.4762,0.2381,0.3333,0.3016
french,UnuvxPW6Pc,3431,salt lake city porte la marque des mormons fondateurs de la ville,0.1077,0.1385,0.1692,0.1846
french,r2eK3YXjAU,22029,cet effet sera aussi influencé par le cadrage,1.0,0.8222,0.7333,0.7333
french,chc_pimJ0Z,23452,il y a finalement des communautés rurales,0.6829,0.5854,0.7805,0.4146
french,ll30-whTFY,22513,la encore donne carte blanche a l'imagination des compositeurs,0.2903,0.3065,0.6129,0.5323
french,r2eK3YXjAU,22007,a cela s'ajoute un hommage littéraire,1.0,0.973,0.8919,1.0
french,chc_pimJ0Z,23471,les architectures sont devenues de plus en plus complexes,0.6491,0.386,0.2105,0.4912
french,r2eK3YXjAU,22020,un écran derrière la loupe ne permet pas d'obtenir une image,0.7833,0.7167,0.7333,0.7833
french,e97ki3c8DL,33299,les théories actuelles prédisent que la plupart d'entre elles finiront en supernova,0.0482,0.0361,0.0843,0.0843
french,Gw-9o1i7nY,5078,leur correspondance témoigne de cette proximité,0.3617,0.3191,0.1277,0.4468
french,6ft7Ezz5sQ,20687,les catastrophes climatiques sont essentiellement l'effet de ces systèmes sur l'environnement humain,0.57,0.24,0.28,0.48
french,3OxxtNhkuv,16265,les pulsars sont en général plus facilement observables en radio,0.0625,0.0625,0.0469,0.0469
french,5eh1ULfUPE,11130,le premier recueil en un volume de ses pièces est imprimé,0.8246,0.4737,1.0,0.4386
french,0d3yVC7C9M,404,l'électrophorèse est un des principaux outils de biologie moléculaire,0.0725,0.1594,0.3478,0.1449
french,3OxxtNhkuv,16319,la décision est prise car les premiers navires doivent partir dans la nuit,0.1892,0.1216,0.6486,0.1892
french,e97ki3c8DL,33151,elle utilise un principe similaire a l'optique active,0.0566,0.0566,0.0566,0.0566
french,pUaQKQSh7E,17018,un brossage quotidien donne une croute orangée,0.2391,0.0217,0.2174,0.0217
french,sNt2CPV1iq,19098,il perd alors l'équilibre et l'on peut ainsi facilement l'attraper,0.803,0.6818,0.6364,0.6061
french,G47ONLSoe8,29017,l'un de ces inhibiteurs est le fomépizole,0.6585,0.7073,0.561,0.439
french,n-0_tPnwIy,26916,ses guides verts apparus après la première guerre mondiale sont toujours édités,0.7595,0.8101,0.9241,0.7975
french,IrXN65uF2D,18532,seules les applications signées peuvent accéder aux fonctionnalités critiques du téléphone,0.8333,0.6889,0.6556,0.8
french,Ds2mE5UGnZ,730,le grand chatelet était une des principales prisons de paris,0.25,0.1,0.25,0.2333
french,0d3yVC7C9M,350,les gènes archéens dans les génomes eucaryotes pourraient également provenir de transfert horizontal,0.13,0.11,0.17,0.1
french,5eh1ULfUPE,11096,les colonnes d'hercule sont les supports des armoiries de l'espagne,0.4627,0.4627,0.5522,0.4478
french,sNt2CPV1iq,19137,le terme le complète sur les aspects logiciels,0.7391,0.6957,0.6957,0.7174
french,sNt2CPV1iq,19093,le caractère complet n'est pas vérifié en général,1.0,0.6939,0.7755,0.6531
french,0d3yVC7C9M,330,outre ce sens principal l'accusatif peut également assurer différentes fonctions selon les langues,0.0306,0.0102,0.0306,0.0204
french,gvsTumIuO1,7859,les cheveux sont les poils poussant sur la tête des êtres humains,0.1385,0.2,0.2769,0.3385
french,e97ki3c8DL,33157,dans l'industrie les ouvriers fraiseurs qualifiés effectuent fréquemment des travaux de tournage complémentaires,0.1161,0.0714,0.0893,0.0357
french,u5rOEWmzeT,27318,de plus l'énoncé donne un majorant de l'erreur,0.3696,0.3261,0.4565,0.3696
french,3OxxtNhkuv,16281,les deux sont premières dames,0.2414,0.1034,0.2069,0.1379
french,Gw-9o1i7nY,5116,l'enclave est incluse dans l'union européenne,0.6889,0.4889,0.7556,0.4889
french,ZKoFaz9Mrj,8127,conformément aux conclusions de son rapport la demande est rejetée,0.5606,0.1667,0.4242,0.2424
french,chc_pimJ0Z,23280,cette vitesse détermine le décalage des horaires de pleine mer en différents lieux,0.4878,0.2561,0.561,0.3293
french,u5rOEWmzeT,27385,en cas d'incident il pouvait ainsi être projeté par dessus la roue avant,0.1389,0.0556,0.2361,0.0833
french,u5rOEWmzeT,27327,il les combat notamment en leur envoyant des loups,0.32,0.46,0.22,0.54
french,ZKoFaz9Mrj,8081,il devient alors le benjamin des ministres,0.6905,0.6905,0.7619,0.6667
french,IrXN65uF2D,18641,une tradition locale attribue la fondation du village a un seigneur de rougemont le chateau,1.0,0.7692,0.5385,1.0
french,chc_pimJ0Z,23333,des collaborations horizontales se structurent notamment autour des mêmes thématiques,0.1412,0.2118,0.4235,0.2235
french,chc_pimJ0Z,23480,en outre la préoccupation de l'europe n'était plus aux croisades,0.5312,0.6094,0.4219,0.6094
french,r2eK3YXjAU,22017,les êtres vivants échangent de carbone avec l'atmosphère,0.8036,0.8929,0.8214,0.6429
french,n-0_tPnwIy,26906,elle s'investit alors au théatre,0.875,0.6562,0.75,0.8125
french,n-0_tPnwIy,26955,ces trois espaces sont inclus dans l'enceinte de la maison communale,0.5441,0.75,0.5735,1.0
french,sNt2CPV1iq,19095,aussi dénommée légende contemporaine elle se rapproche de la rumeur ou du canular,0.4444,0.4691,0.3951,0.6914
french,chc_pimJ0Z,23296,il semble en effet très déconseillé d'agir ainsi le jour de l'épreuve,0.4783,0.2319,0.2029,0.1884
french,0d3yVC7C9M,348,les cables de lyon deviennent une filiale d'alcatel,0.1961,0.2157,0.2353,0.2157
french,e97ki3c8DL,33110,ce groupe de projet a travaillé pour la commission européenne,0.0656,0.0656,0.0492,0.0656
french,IrXN65uF2D,18585,pour cette raison il éprouve une vive hostilité vis a vis de la hongrie,0.9014,0.6197,0.5493,0.5493
french,r2eK3YXjAU,21991,parmi les personnes tuées sont des soldats,1.0,0.619,0.4286,0.6429
french,G47ONLSoe8,29178,elle appartient aussi a la fédération des grandes tours du monde,0.6875,0.2188,0.5625,0.3281
french,sNt2CPV1iq,19172,on les prépare actuellement par synthèse lors de la production de l'acide nitrique,0.1829,0.2317,0.4878,0.3902
french,6ft7Ezz5sQ,20771,l'agriculture se structura donc autour de grandes cultures de rentes et d'exportation,0.4235,0.4,0.4588,0.6353
french,u5rOEWmzeT,27309,si le fonds réalise d'énormes profits leur retour de souscription augmentera en proportion,0.1778,0.2111,0.2111,0.1444
french,u5rOEWmzeT,27238,ils sont représentés par deux sièges au parlement,0.1633,0.0408,0.2245,0.0408
french,IrXN65uF2D,18517,ces deux familles ont émigré,0.6786,0.6429,0.75,0.4643
french,sNt2CPV1iq,19086,les péchés capitaux correspondent aux vices dont découlent tous les péchés,0.6892,0.2838,0.3784,0.1892
french,Ds2mE5UGnZ,813,a partir de ces informations on est en mesure de construire notre cote,0.0857,0.0857,0.0857,0.1286
french,n-0_tPnwIy,26945,le musée organise régulièrement des expositions temporaires et dispose d'un centre de documentation,1.0,0.6768,0.899,0.7172
french,Ds2mE5UGnZ,790,ce traitement est utilisé en particulier en aéronautique pour protéger les rivets d'assemblage,0.0213,0.0213,0.0745,0.0532
french,u5rOEWmzeT,27202,ce groupe parallèle ne s'est produit en concert que quatre fois,0.2063,0.0635,0.1746,0.127
french,u5rOEWmzeT,27270,l'eure possède sept jardins remarquables,0.3,0.175,0.425,0.225
french,G47ONLSoe8,29053,c'est un affluent direct du rhone en rive droite,0.6667,0.625,0.5833,0.5833
french,e97ki3c8DL,33294,deux adaptations cinématographiques s'en sont fortement inspirées,0.1538,0.0769,0.3385,0.0615
french,e97ki3c8DL,33337,il passe une grande partie de sa vie en prison,0.1957,0.1522,0.1087,0.1087
french,ZKoFaz9Mrj,8162,elle épouse denys brunel futur directeur général de grande distribution monoprix,0.725,0.775,0.55,0.6375
french,6ft7Ezz5sQ,20760,il est d'ailleurs conseiller a la rédaction du mensuel,0.8889,0.7963,0.8333,0.6667
french,6ft7Ezz5sQ,20628,cela s'incarne par ses nombreuses prises de position et engagements politiques,0.641,0.5256,0.5128,0.5513
french,r2eK3YXjAU,21997,c'est le cas dans la transcription par exemple de l'arabe ou du sanskrit,0.8472,0.4722,0.4444,0.6111
french,pUaQKQSh7E,17086,le site est apparu dans un bon nombre de films,0.4348,0.1522,0.3913,0.4348
french,Gw-9o1i7nY,5079,il a notamment réalisé une série de toiles ayant pour motif la montagne sainte victoire,0.3448,0.2069,0.1954,0.2414
french,UnuvxPW6Pc,3484,selon cet accord ces privatisations sont irréversibles,0.0741,0.0741,0.1667,0.0741
french,ll30-whTFY,22485,les journaux anarchistes lui sont alors peu favorables,0.8519,0.4815,0.3148,0.7407
french,G47ONLSoe8,29189,la science politique moderne a donc établi une catégorie intermédiaire par défaut,0.7284,0.7037,0.3951,0.5802
french,IrXN65uF2D,18628,les vitamines sont aussi affectées en fonction de leur nature,0.4918,0.541,0.4754,0.7377
french,sNt2CPV1iq,19173,cette propriété est utilisée pour gonfler brutalement les coussins gonflables de sécurité des automobiles,0.3905,0.2286,0.4952,0.3619
french,yP5TS6EloW,10018,il a volé dès son plus jeune age,0.625,0.6875,0.7188,0.7812
french,e97ki3c8DL,33241,par fort débit ils nécessitent une bonne maitrise de la nage en eau vive,0.1944,0.1667,0.2083,0.2222
french,Ds2mE5UGnZ,841,les vénitiens administrèrent directement le reste,0.5102,0.2449,0.3469,0.5714
french,G47ONLSoe8,29135,plusieurs stations de la ligne possèdent une décoration culturelle thématique originale,0.7701,0.4253,0.3908,0.4368
french,3OxxtNhkuv,16410,la troisième manche est jouée sous la forme d'un super tie break,0.4219,0.2656,0.2656,0.2656
french,chc_pimJ0Z,23418,a l'intérieur tous les voyageurs sont morts,0.3023,0.2326,0.6977,0.2791
french,Gw-9o1i7nY,5119,parmi eux c'est oginski général de l'armée lituanienne qui apparait au premier rang,0.4699,0.2771,0.506,0.2771
french,0d3yVC7C9M,416,a ces deux fortes croissances la bourgogne n'oppose qu'une stagnation,0.0435,0.058,0.0435,0.0435
french,chc_pimJ0Z,23419,quelques jours plus tard le car est retrouvé au fond d'un lac,0.4426,0.5902,0.5082,0.5738
french,5eh1ULfUPE,11094,style rythmé et imbroglios absurdes sont la marque de fabrique de ses romans,0.6974,0.7237,0.8026,0.7632
french,e97ki3c8DL,33209,d'autres falleras sont élues pour représenter leur quartier,0.2373,0.2034,0.2881,0.339
french,n-0_tPnwIy,26944,un échantillon de maitres flamands et quelques représentants d'écoles étrangères complètent cet ensemble,0.7692,0.8269,0.75,0.7115
french,n-0_tPnwIy,26976,pour gagner sa vie il se fait embaucher comme artiste dans un cabaret,0.7681,0.7391,0.7826,1.0
french,n-0_tPnwIy,26949,il a fait partie des musées royaux des beaux arts de belgique,0.8033,1.0,0.8361,0.6721
french,3OxxtNhkuv,16345,elle est due au faible éclat des étoiles et aux turbulences dans l'atmosphère,0.1688,0.039,0.3506,0.1688
french,gvsTumIuO1,7891,sa capitale est reims,0.381,0.8095,0.9048,0.3333
french,u5rOEWmzeT,27241,cette élection du président de la république au suffrage universel est donc durablement rejetée,0.1368,0.0105,0.0316,0.0105
french,G47ONLSoe8,29174,ce qui restait sur la route était piétiné,0.2683,0.8293,0.8537,0.6585
french,ZKoFaz9Mrj,8191,ce complexe comprend actuellement plusieurs accélérateurs linéaires et circulaires,0.7561,0.7927,0.7805,0.7561
french,e97ki3c8DL,33204,sa mère est poétesse,0.1,0.05,0.1,0.05
french,sNt2CPV1iq,19104,depuis il s'est entré dans la langue courante,0.6222,0.6,0.3333,0.6444
french,gvsTumIuO1,7827,elle se jette en aval dans la loire a candes saint martin,0.7193,0.3509,0.6667,0.5439
french,pUaQKQSh7E,17066,la température atteint un minimum puis réaugmente,0.2653,0.1429,0.0816,0.1633
french,0d3yVC7C9M,288,la transcription des tonèmes suit le procédé ci dessous,0.1273,0.0182,0.1636,0.0364
french,r2eK3YXjAU,22021,plus récemment le terme est parfois employé pour désigner le récit interactif,0.8961,0.8701,0.7532,0.7662
french,Ds2mE5UGnZ,821,le terme provient d'israelson et west ainsi que de frank veihmeyer et arthur hendrickson,0.3295,0.25,0.3068,0.2273
french,G47ONLSoe8,29109,chacun dort ou il peut y compris a la belle étoile,0.88,0.72,0.66,0.76
french,r2eK3YXjAU,22064,charles tombe alors amoureux de florence mais paul en fait sa maitresse,0.7183,0.7324,0.7324,0.7183
french,sNt2CPV1iq,19108,ce sera leur unique collaboration,0.9697,1.0,0.8788,1.0
french,5eh1ULfUPE,11081,peu après son accession au pouvoir son frère se rebelle contre lui,0.9545,0.6667,0.6667,0.7273
french,gvsTumIuO1,7909,les ducs d'aquitaine y construisent leur chateau et aliénor d'aquitaine y réside régulièrement,0.6596,0.5213,0.5,0.5106
french,u5rOEWmzeT,27249,ce phénomène est illustré dans le paragraphe suivant,0.3462,0.3462,0.4615,0.3462
french,ZKoFaz9Mrj,8200,leur tube digestif possède une valve spiralée,0.8,0.5778,0.7333,0.8
french,gvsTumIuO1,7771,l'explication théorique de ce phénomène reste aujourd'hui sujet d'étude,0.3521,0.2958,0.4648,0.2394
french,Gw-9o1i7nY,5058,on appelle cet endroit un noeud de ranvier,0.2143,0.3571,0.5714,0.4286
french,3OxxtNhkuv,16254,le droit des conflits armés n'interdit pas la ruse ou la diversion,0.4242,0.1818,0.0909,0.2121
french,sNt2CPV1iq,19140,cette distinction est en relation avec la façon dont la profession est réglementée,0.3902,0.2317,0.3293,0.3049
french,ZKoFaz9Mrj,8206,il est difficile de préciser la chronologie de ce changement profond de société,0.2152,0.2785,0.1899,0.519
french,u5rOEWmzeT,27368,le succès public et la reconnaissance critique tardent cependant a venir,0.2222,0.0972,0.0694,0.1111
french,ll30-whTFY,22380,plus tard une extension a été ajoutée permettant de journaliser le système de fichiers,0.4186,0.4302,0.4651,0.6744
french,chc_pimJ0Z,23323,le lendemain l'ingénieur aborde la jeune femme blonde françoise,0.6349,0.4286,0.2698,0.619
french,r2eK3YXjAU,22000,l'alphabet dactylologique pour la main gauche,0.7778,0.7778,0.7778,0.8444
french,u5rOEWmzeT,27250,le hasard n'intervient pas,0.3077,0.3077,0.3077,0.3462
french,r2eK3YXjAU,21994,chaque membre chaque état y dispose d'une voix,0.8696,0.7826,0.9565,0.8261
french,u5rOEWmzeT,27360,son activité est entrecoupée de séjours dans des cliniques psychiatriques,0.3836,0.0959,0.1644,0.2055
french,IrXN65uF2D,18669,le corps devient le principal responsable des travaux publics,0.6721,0.4262,0.3607,0.541
french,sNt2CPV1iq,19114,la bolivie est un pays enclavé,0.7667,1.0,0.7667,1.0
french,e97ki3c8DL,33331,la production est presque entièrement destinée a l'armée française,0.3636,0.0455,0.1364,0.0455
french,u5rOEWmzeT,27323,la personne qui produit le chant est appelée chanteur,0.1887,0.0943,0.283,0.0755
french,6ft7Ezz5sQ,20740,pourtant la mission doit remettre chaque année un rapport d'activité au premier ministre,0.6136,0.7614,0.7386,0.6705
french,r2eK3YXjAU,22039,donc les ilots sont les espaces contenus entre les voies,0.8036,0.75,0.6429,0.8036
french,u5rOEWmzeT,27344,la construction de la narration se fait par le dialogue,0.0364,0.0182,0.3091,0.0182
french,u5rOEWmzeT,27228,les saxons sont considérés a l'époque comme des barbares et des guerriers intraitables,0.1395,0.1163,0.0814,0.0814
french,ZKoFaz9Mrj,8132,sa suppléante est annick morizio vice présidente du conseil général de la haute vienne,0.3837,0.3372,0.8488,0.4186
french,Gw-9o1i7nY,5018,il y a également une bibliothèque située juste a coté de l'école de musique,0.32,0.08,0.08,0.04
french,yP5TS6EloW,10066,ses relations avec sont alors au plus bas,0.878,0.8537,0.7317,0.7073
french,ll30-whTFY,22508,lors de l'établissement de ce réseau aucune mesure de gravité n'avait été prise,0.3924,0.4937,0.2532,0.6582
french,IrXN65uF2D,18526,ces mammifères se nourrissent en abondance de divers poissons et notamment de morues,1.0,0.7262,0.8095,0.9286
french,5eh1ULfUPE,11112,c'est un ensemble muni d'une loi de composition interne associative et d'un élément neutre,0.4778,0.5444,0.4333,0.5556
french,u5rOEWmzeT,27381,espaces cultivés et batis se fondent plus ou moins dans la vie urbaine,0.1,0.0714,0.3,0.0857
french,yP5TS6EloW,9954,ce livre remporte le prestigieux prix hugo,0.7381,0.6429,0.5952,0.7857
french,3OxxtNhkuv,16338,le caféier est sensible a l'alternance biennale en particulier l'arabica,0.4583,0.0972,0.1667,0.1389
french,3OxxtNhkuv,16279,il est également a l'origine du patronyme berg,0.3043,0.2609,0.3043,0.2174
french,0d3yVC7C9M,400,les partis politiques et les syndicats ne sont pas autorisés,0.0333,0.0167,0.05,0.0167
french,chc_pimJ0Z,23361,cette société fabriquait du matériel de navigation,0.84,0.8,0.96,0.56
french,u5rOEWmzeT,27286,de cette façon on obtient le durcissement,0.0,0.0,0.0244,0.0
french,G47ONLSoe8,29033,c'est une caractéristique intrinsèque,0.8108,0.4595,0.2162,0.5405
french,3OxxtNhkuv,16401,néanmoins la forme de ses fugues présente encore certains archaismes,0.5,0.2059,0.25,0.2647
french,yP5TS6EloW,10064,jamais un aussi grand appareil de forces n'avait été déployé en vue d'un siège,0.6667,0.6026,1.0,0.7692
french,5eh1ULfUPE,11116,il reçoit une réponse du président de l'époque jacques chirac,0.5738,0.6557,0.4918,0.7377
french,chc_pimJ0Z,23439,dans la plupart des iles on a retrouvé des signes rupestres,0.3559,0.2034,0.6441,0.4237
french,yP5TS6EloW,9944,cela fait aussi l'objet de recherches dans le domaine de l'immunologie,0.6,0.4,0.7571,0.4429
french,G47ONLSoe8,29023,dans le premier cas il n'y a plus réellement de figure,0.537,0.4074,0.7222,0.3333
french,r2eK3YXjAU,22091,chaque base de données vise donc des ensembles d'applications dans certaines plages d'échelles,1.0,0.7021,0.617,0.6702
french,pUaQKQSh7E,16975,sa syntaxe ressemble au pascal,0.4,0.0333,0.5667,0.0333
french,Ds2mE5UGnZ,763,elle siège dès lors dans l'opposition,0.4595,0.4054,0.4595,0.4324
french,yP5TS6EloW,9973,il n'a pas eu d'enfant,0.7727,0.7727,0.7727,0.7727
french,ll30-whTFY,22355,ce qui conduit a d'autres explications pas forcément incompatibles avec la théorie officielle,0.1828,0.0753,0.2688,0.0323
french,ll30-whTFY,22421,la pagination vient s'ajouter a la segmentation,0.3191,0.5957,0.7872,0.3617
french,5eh1ULfUPE,11093,son oeuvre a un remarquable pouvoir de suggestion,0.898,0.7959,0.8367,0.8571
french,yP5TS6EloW,9969,cette nouvelle peut paraitre aujourd'hui datée,0.7174,0.8478,0.8043,0.7826
french,0d3yVC7C9M,401,blender devient alors le composant standard d'un écosystème qui va en faire une référence,0.1348,0.0787,0.0787,0.0337
french,0d3yVC7C9M,418,le peuplement de la bourgogne est peu dense et inégalement réparti,0.0758,0.0909,0.1212,0.0303
french,sNt2CPV1iq,19209,pendant une douzaine d'années il découvre une trentaine de sépultures d'importances diverses,0.413,0.4891,0.5761,0.4891
french,Gw-9o1i7nY,5019,ce lieu est ainsi un point clé de la série,0.5,0.2143,0.3095,0.381
french,ZKoFaz9Mrj,8156,il est veuf et père de trois enfants,0.6667,0.4722,0.5278,0.6111
french,n-0_tPnwIy,26975,les effectifs pour un territoire si étendu sont excessivement faibles,0.8551,0.7971,0.7971,0.8406
french,ZKoFaz9Mrj,8144,il en est membre du bureau,1.0,0.7692,0.6923,0.6923
french,Gw-9o1i7nY,5091,il se tient proche des anciennes puissances coloniales sur le plan diplomatique,0.1139,0.0253,0.038,0.0506
french,e97ki3c8DL,33245,ce partenariat porte également sur le domaine de la voiture électrique,0.0857,0.0857,0.0286,0.1143
french,Ds2mE5UGnZ,822,la chambre est également ornée de scènes de chasses de compiègne et fontainebleau,0.1481,0.1605,0.2222,0.1111
french,6ft7Ezz5sQ,20644,le pays est alors divisé en trois régions disposant d'une large autonomie,0.8356,1.0,0.8356,0.7808
french,gvsTumIuO1,7899,ils avaient respectivement dix et sept ans,0.2857,0.0476,0.0476,0.119
french,0d3yVC7C9M,297,l'albanais est langue officielle en albanie au kosovo et en macédoine du nord,0.1169,0.0649,0.1558,0.1818
french,G47ONLSoe8,29186,cette gamme présente la particularité de ne pas comprendre l'intervalle de quinte juste,0.5862,0.4253,0.4713,0.6092
french,sNt2CPV1iq,19157,il existe des espaces non euclidiens a trois dimensions,0.5273,0.4545,0.4182,0.3091
french,r2eK3YXjAU,22054,le mode opératoire et la signature des tueurs sont deux éléments distincts,0.7703,0.7568,0.5676,0.6757
french,6ft7Ezz5sQ,20706,l'objectif de la vie en société est la recherche du bien commun,0.3968,0.619,0.5873,0.5714
french,ZKoFaz9Mrj,8136,il devient adjoint aux finances au cours de ce premier mandat municipal,0.5775,0.2113,0.2535,0.5493
french,chc_pimJ0Z,23432,c'est cependant une mesure très peu appréciée jusque dans son propre parti,0.6892,0.3784,0.7568,0.2703
french,ll30-whTFY,22423,il pille ainsi le patrimoine polonais pour meubler et décorer ses résidences,0.7105,0.5921,0.6184,0.6316
french,chc_pimJ0Z,23446,plusieurs cafés dans le monde ont donc ouvert sous ce nom,0.6842,0.2105,0.2807,0.5088
french,UnuvxPW6Pc,3510,sony découvre des failles exposant les données personnelles des utilisateurs,0.1053,0.0263,0.0526,0.0395
french,6ft7Ezz5sQ,20751,dans les alpes du sud elles sont généralement désordonnées et dépourvues de vallées profondes,0.7527,0.6882,0.828,0.6129
french,0d3yVC7C9M,356,c'est la divinité protectrice du foie des morts,0.0851,0.0213,0.0426,0.0213
french,G47ONLSoe8,29049,il est le plus ancien connu,0.8519,0.6667,0.5185,0.4444
french,6ft7Ezz5sQ,20662,son architecture dissocie l'application de la politique d'accès et sa définition,0.3625,0.35,0.4375,0.425
french,5eh1ULfUPE,11110,les joueurs ne connaissent pas l'emplacement du programme adverse,0.8769,0.4769,0.9077,0.8462
french,u5rOEWmzeT,27285,a ce moment on assiste a une contraction volumique importante,0.0656,0.0492,0.0492,0.0492
french,0d3yVC7C9M,434,depuis lors le bangladesh est a nouveau une démocratie parlementaire,0.1471,0.1765,0.1324,0.1912
french,e97ki3c8DL,33136,son père l'appelait jacques car il aurait préféré avoir un garçon,0.1077,0.2308,0.3231,0.1077
french,3OxxtNhkuv,16325,elle a adopté des procédures de sélection présentées comme plus démocratisées méritocratiques et internationales,0.2054,0.0268,0.3482,0.2321
french,chc_pimJ0Z,23337,on les rencontre en général dans les sous bois,0.6739,0.5435,0.7609,0.7826
french,ll30-whTFY,22341,l'antonomase et l'adynaton sont des périphrases,0.7872,0.8936,0.8936,0.766
french,u5rOEWmzeT,27404,il comprend six bandes verticales la sixième étant une combinaison des cinq autres couleurs,0.3297,0.2088,0.1648,0.1758
french,0d3yVC7C9M,292,ils sont bien plus petits que les planètes et très peu lumineux,0.0317,0.0,0.0794,0.0
french,ll30-whTFY,22405,les vainqueurs des demi finales de conférence s'affrontent en finale de conférence,0.2805,0.1098,0.0976,0.1829
french,chc_pimJ0Z,23369,en effet a chaque instant elle est dans un espace égal a elle même,0.5152,0.3182,0.5,0.3485
french,pUaQKQSh7E,17081,par l'étymologie et le sens on peut donc en rapprocher le terme voisin d'énumération,0.3095,0.2381,0.2738,0.1786
french,Gw-9o1i7nY,5042,il fonctionne sur diverses plates formes matérielles et sous différents systèmes d'exploitation,0.1789,0.2737,0.4842,0.3789
french,3OxxtNhkuv,16258,la mastication et l'ingestion provoquent généralement de légers symptomes,0.3425,0.2055,0.2329,0.2192
french,ll30-whTFY,22364,ils se cassent facilement quand on cherche a les enlever,0.2143,0.3929,0.4107,0.1786
french,sNt2CPV1iq,19123,l'état de la mer est a l'origine de ce phénomène,0.7292,0.6875,1.0,0.7292
french,u5rOEWmzeT,27269,une église est construite a l'endroit même ou est retrouvé son tombeau,0.1857,0.1857,0.1857,0.1571
french,5eh1ULfUPE,11134,sous le directoire et le consulat le terme n'est plus utilisé,0.8197,0.8197,0.6393,0.7541
french,0d3yVC7C9M,372,cette éligibilité peut être vérifiée sur les sites web des fournisseurs d'accès,0.1266,0.1266,0.1266,0.1266
french,e97ki3c8DL,33181,cette méthode couvre la plupart des polluants a divers degrés,0.4918,0.2459,0.3607,0.5082
french,e97ki3c8DL,33186,dans l'orgue et l'harmonium les queues sont toutes d'égale largeur,0.2576,0.1818,0.303,0.1364
french,G47ONLSoe8,29144,et d'ou tombent les pluies sur la terre assoiffée,0.5714,0.5102,0.6122,0.4898
french,3OxxtNhkuv,16413,on ignore s'il s'agit du premier mariage d'antoine,0.2,0.14,0.22,0.14
french,Ds2mE5UGnZ,826,leurs idées seront reprises par le courant néo confucianiste,0.0667,0.0833,0.1,0.0833
french,UnuvxPW6Pc,3498,a l'inverse des trois autres grandes iles du japon shikoku ne contient aucun volcan,0.0964,0.0964,0.0964,0.0723
french,yP5TS6EloW,9994,l'économie était autrefois fondée sur le textile,0.5833,0.6875,0.8958,0.8958
french,yP5TS6EloW,10032,de gros travaux d'aménagement et d'assainissement sont entrepris,0.7656,0.7031,0.5156,0.7344
french,yP5TS6EloW,9979,la langue officielle du canton est l'allemand,0.8667,0.7333,0.7111,0.8
french,pUaQKQSh7E,17021,en été son pelage est brun foncé au dessus et blanc en dessous,0.4032,0.2097,0.2581,0.2258
french,n-0_tPnwIy,26870,dans le même temps l'arrivée des missiles rend les tourelles inutiles,0.8261,0.7536,0.6812,0.7536
french,g5TFstLFyq,2585,elle est menée sur des volontaires sains,0.125,0.125,0.125,0.275
french,yP5TS6EloW,10035,un acte est dit véritablement libre lorsqu'il nait d'un principe intérieur,1.0,0.7703,1.0,1.0
french,G47ONLSoe8,28989,une certaine partie est regroupée dans l'alliance baptiste mondiale,0.3731,0.3284,0.3881,0.6866
french,IrXN65uF2D,18634,le régime de la spécialité législative est ainsi maintenu,0.7719,0.5263,0.4737,0.5614
french,chc_pimJ0Z,23461,entre eux deux le coup de foudre est immédiat,0.7556,0.3778,0.3778,0.6
french,G47ONLSoe8,29197,le parti unique ne doit finalement sa victoire qu'au retrait de l'opposition,0.5789,0.3553,0.5789,0.6053
french,e97ki3c8DL,33206,le monument les épées sur les rochers commémore sa victoire,0.2034,0.2203,0.2203,0.1695
french,3OxxtNhkuv,16419,le film reçu un accueil mitigé de la part des critiques,0.4545,0.1636,0.2545,0.0727
french,UnuvxPW6Pc,3506,la révolution industrielle participe également de ce sentiment de vivre dans une société nouvelle,0.0309,0.0206,0.0206,0.0103
french,UnuvxPW6Pc,3480,dans le même décret la convention nationale prévoit la création d'étalons pour le mètre,0.1034,0.1034,0.1034,0.0805
french,Gw-9o1i7nY,5024,le basque est aussi parlé dans sa diaspora,0.3333,0.1905,0.1429,0.2619
french,gvsTumIuO1,7840,il est sage,0.7273,0.9091,0.7273,1.0
french,g5TFstLFyq,2581,les progrès technologiques c'est a dire l'action précèderaient toujours la conscience humaine,0.2366,0.1183,0.1398,0.1183
french,g5TFstLFyq,2502,la précision des mesures constitue une préoccupation majeure des géodésiens depuis le siècle,0.0978,0.0978,0.0435,0.1087
french,u5rOEWmzeT,27390,avec l'obtention de la nationalité saoudienne,0.2444,0.1556,0.7111,0.2222
french,u5rOEWmzeT,27237,ces départements ont été remplacés par un nouveau découpage régional du pays,0.1184,0.0921,0.1053,0.0132
french,G47ONLSoe8,29072,le territoire communal se trouve au dessus du bassin houiller de la loire,0.7123,0.6027,0.3836,0.5342
french,n-0_tPnwIy,26938,elle rencontre deux hommes qui vont changer sa vie,0.76,0.8,0.8,0.76
french,sNt2CPV1iq,19090,chateauroux a été précédée dans l'histoire par déols,0.6923,0.6346,0.6346,0.7115
french,ZKoFaz9Mrj,8129,alain bocquet commence sa vie professionnelle comme éducateur spécialisé,0.5278,0.2639,0.25,0.2639
french,r2eK3YXjAU,22113,la firme y a toujours son siège social,0.7632,0.7895,0.7105,0.7368
french,n-0_tPnwIy,26924,le pont est la propriété de la compagnie ferroviaire canadien national,1.0,0.7286,0.8286,0.7714
french,n-0_tPnwIy,26848,leur régiment a rejoint la cause populaire,1.0,0.8095,1.0,0.6667
french,n-0_tPnwIy,26910,cependant de nos jours il s'agit de deux types de bières très différentes,1.0,0.6986,0.6438,0.9726
french,sNt2CPV1iq,19178,pour cette raison l'orthodontie fonctionnelle lui accorde une place centrale,0.3684,0.5526,0.5263,0.5
french,chc_pimJ0Z,23305,la ville est desservie par un aéroport international,0.4038,0.4615,0.7115,0.3462
french,sNt2CPV1iq,19181,un sommier est un registre financier sur lequel sont inscrites chronologiquement les sommes reçues,0.4592,0.4592,0.5102,0.5612
french,pUaQKQSh7E,17054,événement culturel d'importance en allemagne il attire souvent près de trois millions de visiteurs,0.2347,0.102,0.0408,0.102
french,Ds2mE5UGnZ,721,la version imprimée est disponible et est publiée chaque milieu d'année,0.0282,0.0282,0.1268,0.0141
french,gvsTumIuO1,7873,il reçoit la loue son principal affluent puis l'orain,0.566,0.3396,0.6981,0.434
french,sNt2CPV1iq,19153,elle lance des imprécations contre richard et contre toutes les autres personnes présentes,0.2111,0.1889,0.3,0.1889
french,n-0_tPnwIy,26928,on ignore combien de temps ils ont conservé cette attribution,0.8033,0.8525,0.8033,0.7213
french,pUaQKQSh7E,17029,le premier la composition de musique ancienne en incorporant une instrumentation rock,0.2,0.1765,0.3765,0.2353
french,0d3yVC7C9M,325,la femelle hiberne le male l'imite parfois,0.2619,0.0952,0.2381,0.0952
french,e97ki3c8DL,33293,on ne connait pas avec certitude les circonstances de l'abandon du chateau,0.0541,0.0405,0.0676,0.0405
french,Ds2mE5UGnZ,844,celui ci aussi appelé nelumbo 'oga' est un cultivar d'une espèce fossile de lotus d'orient,0.2444,0.1333,0.2444,0.1889
french,n-0_tPnwIy,26887,ce type de catholique existe il ne faut pas le nier,0.6667,0.7255,0.7451,0.6471
french,pUaQKQSh7E,16988,ce fut le combat le plus tragique de l'histoire polonaise,0.0351,0.0175,0.4737,0.0351
french,gvsTumIuO1,7804,les états unis reviennent aux affaires du monde,1.0,0.5319,0.7234,0.7447
french,IrXN65uF2D,18657,elle valorise dans ces instances les positions nationales,1.0,0.6491,0.9298,0.5088
french,3OxxtNhkuv,16363,elles permettent d'obtenir des fruits plus gros et plus fermes,0.3871,0.2419,0.1129,0.3548
french,UnuvxPW6Pc,3481,certaines opérations de bombardement de villes ont causé de nombreuses victimes civiles,0.0575,0.0575,0.0575,0.0575
french,G47ONLSoe8,29119,il a toujours été regardé comme la clef de paris,0.6875,0.6458,0.7708,0.375
french,yP5TS6EloW,9929,d'abord hors du système le vaisseau s'approche rapidement du soleil,0.6567,0.7015,0.6567,0.7313
french,5eh1ULfUPE,11125,cependant les plaintes déposées contre x n'ont pas été jugées recevables,0.9028,0.75,0.875,0.7222
french,pUaQKQSh7E,17080,il s'agit en quelque sorte d'une numérotation,0.0,0.0,0.0444,0.0
french,ZKoFaz9Mrj,8241,il multiplie les initiatives pour faire croitre l'apprentissage sur le territoire francilien,0.4783,0.087,0.5,0.1848
french,r2eK3YXjAU,22080,les états unis ont été influencés a travers le positivisme anglais,1.0,0.697,0.6818,0.8485
french,pUaQKQSh7E,16968,selon la loi tous les citoyens israéliens sont soumis a la conscription,0.169,0.0986,0.0986,0.0845
french,sNt2CPV1iq,19139,la baisse du cout du matériel informatique s'accompagnait d'une augmentation du cout du logiciel,0.7812,0.8125,0.5729,0.8333
french,ll30-whTFY,22383,ces blocs fonctionnent selon un système d'indirection,1.0,0.6038,0.7736,0.8302
french,5eh1ULfUPE,11144,cela met le sultan dans une rage folle et enclenche la guerre,0.6885,0.7377,0.7377,0.7377
french,G47ONLSoe8,29020,la direction de l'intonation existe a chaque niveau de hauteur,0.371,0.2097,0.1613,0.2419
french,5eh1ULfUPE,11147,mais seulement dans certains cas,0.75,0.6875,0.6875,0.75
french,ZKoFaz9Mrj,8092,il est également membre du conseil de l'europe,0.6957,0.3913,0.6739,0.8043
french,G47ONLSoe8,28996,un cippe funéraire gallo romain se situe devant l'entrée de l'église,0.4706,0.5588,0.7059,0.5588
french,Ds2mE5UGnZ,842,vespasien le constitua en province romaine,0.2857,0.2381,0.381,0.4048
french,sNt2CPV1iq,19138,d'autres universités canadiennes ont suivi cet exemple,0.9074,0.7963,0.8889,0.7963
french,gvsTumIuO1,7813,lors de la saison estivale les températures peuvent alors grimper en flèche,0.4133,0.1733,0.4,0.2533
french,IrXN65uF2D,18675,elle se défait en gros flocons,0.6667,0.7333,0.9333,0.7
french,e97ki3c8DL,33193,cependant une partie d'entre eux est abattue par les batteries égyptiennes,0.1622,0.0405,0.027,0.0946
french,ZKoFaz9Mrj,8125,il est responsable aux cotés de sandrine bonnaire des sujets culture média,0.5,0.2973,0.3378,0.3243
french,u5rOEWmzeT,27328,l'époque était également marquée par une forte croissance économique du japon,0.2468,0.026,0.1688,0.039
french,e97ki3c8DL,33121,la pulpe rapée était appliquée localement,0.1463,0.0488,0.2195,0.0488
french,gvsTumIuO1,7845,loin d'égaler achille au combat il est vaincu mais sauvé par poséidon,0.5942,0.6957,0.6522,0.5797
french,0d3yVC7C9M,312,élie de cortone gérard de crémone roger bacon jean de roquetaillade sont des franciscains,0.3483,0.236,0.2022,0.2247
french,e97ki3c8DL,33301,il enseigne ensuite la philosophie au maroc,0.0698,0.1395,0.2326,0.1395
french,sNt2CPV1iq,19210,il effectue des recherches sur la théorie des supercordes,0.5439,0.2982,0.6491,0.2105
french,n-0_tPnwIy,26948,la peinture des anciens pays bas constitue la majeure partie de la collection,1.0,0.8182,0.7662,0.7403
french,yP5TS6EloW,10045,les jours sont peut être égaux pour une horloge mais pas pour un homme,0.7,0.6857,0.7571,0.8143
french,u5rOEWmzeT,27341,le procès a lieu en deux temps,0.3333,0.1333,0.3333,0.2333
french,gvsTumIuO1,7830,de nos jours la clef indique uniquement une zone particulière de l'étendue des hauteurs,0.2644,0.1609,0.0805,0.1034
french,0d3yVC7C9M,293,les quatre nouveaux corps sont alors considérés comme de véritables planètes,0.1974,0.0132,0.0658,0.0132
french,n-0_tPnwIy,26885,un baron est le seigneur d'une baronnie,0.8205,0.7949,0.8462,0.9744
french,6ft7Ezz5sQ,20658,le crétinisme dit sporadique est l'aboutissement d'une hypothyroidie congénitale non détectée et non traitée,0.787,0.6759,0.6852,1.0
french,ZKoFaz9Mrj,8228,depuis charles ceccaldi raynaud s'oppose a sa fille,0.7647,0.6863,0.7843,0.6863
french,e97ki3c8DL,33153,cependant la plupart des autres puissances en particulier la grande bretagne lui sont hostiles,0.117,0.117,0.117,0.117
french,sNt2CPV1iq,19180,on parle alors d'un sommier d'ordres,0.7222,0.75,0.7778,0.8056
french,ll30-whTFY,22482,l'amande coeur du grain de blé est moulue pour obtenir la farine blanche,0.8194,0.7083,0.7917,0.7639
french,6ft7Ezz5sQ,20638,le projet est mené en coopération avec la municipalité,0.6111,0.5185,0.4074,0.8704
french,ll30-whTFY,22495,seulement des engrenages des leviers des ressorts des articulations,0.4925,0.3731,0.4478,0.4328
french,5eh1ULfUPE,11127,sous la pression de ses supérieurs hiérarchiques il cesse sa collaboration,0.5541,0.5405,0.7162,0.4865
french,e97ki3c8DL,33163,le ministère du développement économique et du plan est de ce fait supprimé,0.1467,0.1467,0.2533,0.1467
french,e97ki3c8DL,33179,ils sont nombreux et de court moyen ou long terme,0.1837,0.1224,0.1224,0.0816
french,6ft7Ezz5sQ,20633,mais l'intérêt économique de l'olivier l'emporte dans les civilisations méditerranéennes antiques ou agro pastorales,0.7241,0.5517,0.569,0.6466
french,G47ONLSoe8,29005,il est reconnu en tant qu'auteur après sa mort prématurée,0.6842,0.6316,0.4737,0.7368
french,UnuvxPW6Pc,3426,seuls les prêtres peuvent y accéder,0.0571,0.0286,0.0857,0.4857
french,g5TFstLFyq,2567,le mont fuji est actuellement classé actif avec un faible risque éruptif,0.1806,0.1389,0.1389,0.1111
french,3OxxtNhkuv,16241,la commune est située a l'écart des grands axes de circulation,0.2581,0.0323,0.129,0.0323
french,ll30-whTFY,22429,il brula pendant deux jours et seuls les murs extérieurs résistèrent au feu,0.6133,0.6267,0.4667,0.6533
french,6ft7Ezz5sQ,20733,le dépot légal se fait a la bibliothèque de genève,0.84,0.88,0.78,0.62
french,G47ONLSoe8,29094,la piscine municipale accueille également les associations sportives les scolaires et le grand public,0.2673,0.297,0.2871,0.3762
french,ZKoFaz9Mrj,8244,la démarche proposée par le rapporteur michel charzat est originale et fructueuse,0.3457,0.3333,0.358,0.3704
french,UnuvxPW6Pc,3423,souvent l'eau de cuisson était consommée séparément des denrées solides ou des légumes pilés,0.1304,0.0978,0.0761,0.0652
french,n-0_tPnwIy,26946,celui ci fait des musées royaux d'art et d'histoire une institution scientifique de premier plan,0.7396,0.8125,0.75,0.7812
french,ZKoFaz9Mrj,8149,après ses études il rejoint air france a new york,0.5306,0.3469,0.3469,0.2041
french,ll30-whTFY,22475,dans cette profession les contrats saisonniers sont fréquents,0.5574,0.5902,0.7049,0.7705
french,ZKoFaz9Mrj,8116,il était professeur de lettres au lycée polyvalent de morteau,0.3934,0.1475,0.2787,0.2623
french,UnuvxPW6Pc,3486,la notion demeure intuitive et surtout opératoire,0.0408,0.102,0.102,0.102
french,r2eK3YXjAU,22030,la trame de la ville est par conséquent a angle droit,0.7736,0.8679,0.7358,0.717
french,e97ki3c8DL,33249,le décret sur la croisade est le dernier du concile,0.0392,0.0392,0.0392,0.0392
french,G47ONLSoe8,29082,ces systèmes sont conçus pour être utilisés sur des machines dites de format tablette,0.5647,0.1294,0.3059,0.3647
french,Gw-9o1i7nY,5046,les frontaliers sont alors suisses,0.5882,0.4706,0.2059,0.2941
french,3OxxtNhkuv,16387,ce détail de l'histoire est toujours vivant aujourd'hui,0.1636,0.0364,0.0545,0.0545
french,3OxxtNhkuv,16292,joueurs qui n'ont jamais dépassé le stade des demi finales,0.3448,0.1552,0.3276,0.1552
french,Ds2mE5UGnZ,794,les comètes se distinguent des astéroides autres petits corps par l'activité de leur noyau,0.1,0.1,0.1556,0.1333
french,6ft7Ezz5sQ,20645,très légèrement piquant a la dégustation,1.0,0.875,0.475,0.8
french,6ft7Ezz5sQ,20635,les meilleures saisons sont de décembre a janvier et de juillet a aout,0.8429,0.6857,0.6429,0.7714
french,6ft7Ezz5sQ,20642,les hostilités feront plus d'un million de morts notamment du fait de la famine,0.6962,0.7848,0.7215,0.6456
french,yP5TS6EloW,10049,les premiers renforts sont attendus deux jours plus tard,0.75,0.75,0.7857,0.7857
french,G47ONLSoe8,29156,sa couleur d'identification au sein du groupe de télévision public est le jaune,0.4684,0.443,0.2785,0.3165
french,e97ki3c8DL,33344,enfin la colline est peu a peu aplanie pour les finitions,0.2105,0.0526,0.0702,0.0702
french,Ds2mE5UGnZ,820,il put donner une apparence monumentale en accord avec les gouts architecturaux de l'époque,0.1538,0.0659,0.1758,0.0769
french,G47ONLSoe8,29041,la vie associative a un role important dans l'animation de la commune,0.8551,0.7536,0.5217,0.7826
french,5eh1ULfUPE,11150,il y a autoréférence lorsqu'un signe se réfère a lui même,0.8947,0.7018,0.7719,0.8947
french,0d3yVC7C9M,315,peter sarnak avait lui aussi été mis dans le secret,0.0588,0.0392,0.1373,0.0392
french,e97ki3c8DL,33297,ce sont généralement des étoiles de la séquence principale qui fusionnent leur hydrogène,0.0682,0.0682,0.0795,0.0227
french,u5rOEWmzeT,27251,le bassin parisien est la plus grande région naturelle de france,0.2031,0.1875,0.25,0.0312
french,e97ki3c8DL,33248,gisèle se sent murée frustrée de tous ceux et de tout ce qu'elle aime,0.2029,0.1739,0.4783,0.1594
french,IrXN65uF2D,18627,c'est de son nom que vient le terme pasteurisation,0.62,0.38,0.66,0.7
french,g5TFstLFyq,2509,la saleté de la ville de marseille est souvent dénoncée et débattue,0.0448,0.0448,0.0896,0.0448
french,ll30-whTFY,22347,l'enfance est une période ou les défenses immunologiques se constituent progressivement,0.3333,0.2299,0.5977,0.046
french,UnuvxPW6Pc,3528,sous la dynastie des abbadides la cité connait une période d'apogée culturelle,0.359,0.2308,0.3077,0.2436
french,e97ki3c8DL,33272,son parfum peut également provoquer migraine et allergie,0.3214,0.2143,0.4464,0.3036
french,pUaQKQSh7E,17045,la famille bernard était juive peu croyante mais attachée aux fêtes traditionnelles,0.1807,0.2169,0.2169,0.1687
french,n-0_tPnwIy,26960,elle accueille l'important marché dominical,0.7907,0.8372,0.7674,0.814
french,sNt2CPV1iq,19185,elle est facile a nettoyer mais fragile d'utilisation,0.6415,0.4528,0.7736,0.3774
french,chc_pimJ0Z,23435,l'histoire du management de la qualité s'inscrit dans l'histoire du management,0.3846,0.0,0.2179,0.1667
french,UnuvxPW6Pc,3470,les hamadas sont les plateaux rocheux tabulaires limités par des falaises,0.137,0.1233,0.1233,0.0959
french,e97ki3c8DL,33295,après qu'un joueur a terminé les cinq phases c'est au tour du joueur adverse,0.1711,0.0789,0.0921,0.0658
french,r2eK3YXjAU,22036,il semble être l'ancêtre du tiple d'amérique latine,1.0,0.6078,0.6471,0.7059
french,yP5TS6EloW,10065,pourtant aucun auteur n'est mentionné,0.7027,0.7568,0.6757,0.7568
french,ZKoFaz9Mrj,8185,ce programme propose une interface plus simple et commence a pénétrer le monde scientifique,0.6813,0.0989,0.5714,0.7363
french,gvsTumIuO1,7794,kahn est né d'un couple de tailleurs juifs originaires d'europe centrale,0.3889,0.3472,0.3056,0.3889
french,ZKoFaz9Mrj,8213,son suppléant arnaud richard lui succède a l'assemblée nationale,0.7969,0.8125,0.6875,0.6875
french,r2eK3YXjAU,22067,la ville est restée un important noeud de communications,0.7321,0.8393,0.8036,0.8214
french,UnuvxPW6Pc,3425,leur caractère est ambigu comme la nature elle même,0.1569,0.1765,0.2745,0.0784
french,ZKoFaz9Mrj,8153,au sein du parti communiste il fait partie du mouvement des refondateurs,0.5139,0.2917,0.4583,0.9028
french,ll30-whTFY,22345,aucun signe n'indique qu'une transmission d'homme a homme est possible,0.7429,0.4429,0.5714,0.5286
french,u5rOEWmzeT,27340,son célèbre restaurant d'application le berceau des sens nourrit l'image d'excellence de l'école,0.3229,0.0417,0.25,0.0938
french,e97ki3c8DL,33123,il s'agit du deuxième gouvernement de georges pompidou,0.3704,0.2593,0.2963,0.2593
french,yP5TS6EloW,9985,ces différences de relief déterminent également le climat,0.9298,0.7544,0.7719,0.6842
french,gvsTumIuO1,7893,il laisse son royaume a son fils thibaut qu'il avait eu de deoteria,0.6716,0.4328,0.597,0.6119
french,0d3yVC7C9M,380,mais la plupart des agnostiques y sont totalement indifférents,0.0484,0.129,0.0484,0.1129
french,e97ki3c8DL,33198,les efforts de restauration de l'édifice sont renforcés et continuent a ce jour,0.1519,0.0633,0.0886,0.0253
french,pUaQKQSh7E,17050,le maillage urbain du quartier garde la trace de ce passé,0.0702,0.0702,0.1053,0.0877
french,r2eK3YXjAU,22069,elles ne sont presque jamais en cuisine pendants plus d'un jour,0.7778,0.6667,1.0,0.6667
french,gvsTumIuO1,7765,leur offre était la plus grande,0.9355,0.871,0.7742,1.0
french,r2eK3YXjAU,22033,il mourut cinq années plus tard,0.8065,0.6774,0.7742,0.8065
french,n-0_tPnwIy,26854,la censure est la seule magistrature romaine qui n'autorise pas la réélection,1.0,0.7792,0.7013,0.7662
french,r2eK3YXjAU,22130,elle est la deuxième commune la plus peuplée du canton après genève,0.8507,0.8806,0.7015,0.7612
french,IrXN65uF2D,18501,certains responsables politiques jugent cependant ce délai bien trop court,0.8378,0.527,0.6757,0.4595
french,n-0_tPnwIy,26873,il est possible d'utiliser un parachute pour réduire la distance d'atterrissage,0.7342,0.6962,0.7975,0.7342
french,gvsTumIuO1,7839,l'ouverture d'une ligne internet est soumise a l'autorisation des autorités de l'ile,0.2976,0.3452,0.7262,0.5119
french,u5rOEWmzeT,27272,les irritations que l'on devine dans le journal avaient complètement disparu par les circonstances,0.051,0.0408,0.1429,0.0612
french,chc_pimJ0Z,23425,le conflit se transforme alors en une guerre civile,0.8235,0.4118,0.5294,0.7059
french,0d3yVC7C9M,364,l'égypte grace a l'or nubien est la première puissance financière du monde,0.2297,0.1081,0.0811,0.0676
french,3OxxtNhkuv,16355,on nomme cet état globule obscur,0.75,0.4375,0.9688,0.5938
french,e97ki3c8DL,33171,les deux thèmes sont liés par cette fuite irrémédiable l'un étant l'allégorie de l'autre,0.1136,0.1364,0.1477,0.0909
french,yP5TS6EloW,9967,il continue d'écrire également beaucoup de nouvelles,0.8462,0.7308,0.75,0.7692
french,G47ONLSoe8,29045,il a jeté l'étincelle sur la poudrière,0.5,0.4211,0.6316,0.2895
french,0d3yVC7C9M,295,sur cette base on a pu clairement démontrer le caractère indo européen particulier de l'albanais,0.1458,0.0938,0.1042,0.1562
french,IrXN65uF2D,18569,les usages comblent les difficultés dues a l'absence d'harmonie entre les droits nationaux,0.7333,0.6889,0.7,0.6667
french,5eh1ULfUPE,11083,a cette époque la peste reparut,0.5161,1.0,0.9355,0.7097
french,G47ONLSoe8,29164,ce syndicat mixte regroupait dix collectivités locales du nord est de la bourgogne franche comté,0.7917,0.4583,0.4167,0.6562
french,g5TFstLFyq,2569,les femmes par exemple du fait de la menstruation sont considérées comme impures,0.1,0.025,0.025,0.1125
french,IrXN65uF2D,18539,mailly champagne est connu pour son champagne et sa carrière pédagogique,0.75,0.8056,0.4306,0.7778
french,r2eK3YXjAU,22062,les semences étant toujours les mêmes ils craignent que la biodiversité soit justement défavorisée,0.8367,0.7959,0.6429,1.0
french,5eh1ULfUPE,11133,adolescent il pratique de nombreux sports tels que le football,0.8065,0.5484,0.8065,0.5968
french,ll30-whTFY,22417,il la trompe et retrouve sa maitresse non loin du domicile conjugal,0.7164,0.7313,0.6866,0.597
french,n-0_tPnwIy,26969,on a les tristan et yseult qu'on mérite,0.8205,0.6923,0.6667,0.7436
french,e97ki3c8DL,33312,les téléfilms sont désormais tournés en vidéo numérique,0.0364,0.0364,0.1636,0.0182
french,3OxxtNhkuv,16404,le contrepoint est plus ancien que l'harmonie tonale,0.1731,0.1538,0.2692,0.2115
french,n-0_tPnwIy,26877,cette espèce anciennement faisait partie de la famille des capparacées,1.0,0.8571,0.8714,0.7857
french,n-0_tPnwIy,26985,il est cependant probable que frédéric ait essentiellement appris l'art de la dissimulation,0.7143,0.6923,0.6154,0.7582
french,chc_pimJ0Z,23290,dans le jargon ferroviaire on distingue habituellement deux grands types de véhicules remorqués,0.3895,0.2,0.2211,0.1895
french,ZKoFaz9Mrj,8091,serge machepy a fait appel a son tour de la sentence du tribunal,0.7031,0.5312,0.8125,0.6875
french,Ds2mE5UGnZ,792,ainsi comme le strontium le cadmium interagit avec le calcium des os,0.1471,0.25,0.2353,0.4118
french,Gw-9o1i7nY,5070,il les laisse informer l'état major malgré son grade supérieur,0.7581,0.5,0.7419,0.5484
french,yP5TS6EloW,10002,peu a peu elles deviendront les communes modernes d'aujourd'hui,0.7619,0.6032,0.7143,1.0
french,ZKoFaz9Mrj,8194,il est membre du groupe d'études sur la question du tibet de assemblée nationale,0.7375,0.6875,0.725,0.7
french,G47ONLSoe8,29042,structure de détente et de loisirs il est aussi largement fréquenté par les scolaires,0.1059,0.1176,0.3294,0.2471
french,r2eK3YXjAU,22061,toutefois ce modèle des trois vagues ne s'applique qu'assez artificiellement a la france,0.7614,0.7045,0.6477,0.7045
french,e97ki3c8DL,33135,elle est ensuite confrontée aux conséquences d'une cuite dont elle n'a aucun souvenir,0.0235,0.0235,0.0235,0.0235
french,G47ONLSoe8,29169,ne sont constructibles que certains nombres algébriques,0.5636,0.5273,0.6,0.4364
french,0d3yVC7C9M,427,la population est principalement urbaine,0.025,0.0,0.0,0.025
french,sNt2CPV1iq,19129,il recevra la croix de guerre pour ce fait d'armes,0.66,0.76,0.62,0.96
french,IrXN65uF2D,18566,il fut donc par la suite longtemps considéré comme le premier roi mérovingien,0.8701,0.7273,0.7532,0.8961
french,6ft7Ezz5sQ,20688,ce terme désigne la zone d'ombre qu'ont les pilotes d'avion lorsqu'ils se posent,0.65,0.65,0.6625,0.675
french,u5rOEWmzeT,27296,il propose de l'iconographie sur des spectacles de théatre danse cirque et marionnettes,0.1034,0.1839,0.2069,0.1264
french,n-0_tPnwIy,26845,il y acheta une bastide dans laquelle il installa une salle de cinéma,0.7101,0.7536,0.7101,0.6232
french,6ft7Ezz5sQ,20661,divisée en deux ilots mayotte est difficile d'accès,0.7255,0.7647,0.8431,0.8235
french,pUaQKQSh7E,17089,le gouvernement qui a parfois pu participer a son élaboration l'exécute,0.2535,0.1549,0.169,0.2394
french,IrXN65uF2D,18658,elle est la dernière branche de l'armée américaine a avoir été formée,1.0,1.0,0.8261,0.8261
french,UnuvxPW6Pc,3469,ils évoluent en fonction des vents dominants,0.0455,0.0227,0.1136,0.0
french,G47ONLSoe8,29102,c'est la première découverte commercialement significative au moyen orient,0.3243,0.0946,0.1216,0.2297
french,IrXN65uF2D,18619,les fermes traditionnelles sont parfois entourées de haies d'arbres,0.9254,0.4328,0.5672,0.4925
french,u5rOEWmzeT,27312,c'est l'époque des polémiques publiques sur le contenu de certains jeux,0.1127,0.1127,0.338,0.2113
french,g5TFstLFyq,2521,il dira plus tard que celle ci est radicalement incompatible avec la philosophie,0.0375,0.025,0.0375,0.0375
french,5eh1ULfUPE,11100,la même année il devient commandeur de la légion d'honneur,0.8448,0.6897,0.7759,0.7069
french,3OxxtNhkuv,16398,l'agriculture occupe une place importante dans l'économie rurale de la province,0.5823,0.038,0.4304,0.2025
french,sNt2CPV1iq,19165,les couvre feux prolongés empêchaient également un accès normal a l'eau,0.7183,0.493,0.5211,0.5493
french,UnuvxPW6Pc,3485,pour autant le statut du service public n'émerge pas encore,0.1017,0.1695,0.3051,0.1695
french,6ft7Ezz5sQ,20762,la réglementation peut dépendre d'un parc a l'autre,0.8824,0.6471,0.9412,0.8824
french,IrXN65uF2D,18540,pour les sunnites la fonction est élective,0.5714,0.5714,0.6905,0.6667
french,3OxxtNhkuv,16274,les lettres échangées perdent de leur passion,0.0444,0.0444,0.1778,0.0444
french,ZKoFaz9Mrj,8190,un prolongement de la ligne sur le territoire français est en projet,0.6618,0.4118,0.5441,0.4412
french,Ds2mE5UGnZ,800,il s'agit d'une comète a courte période,0.3077,0.0769,0.0769,0.0769
french,e97ki3c8DL,33196,elle est morte le lendemain des suites de ses blessures,0.3818,0.3091,0.4,0.4
french,chc_pimJ0Z,23334,mais sa véritable passion est de jouer sur les planches,0.5636,0.3636,0.5091,0.4364
french,chc_pimJ0Z,23328,julien retrouve marie,0.8095,0.7619,0.8571,0.6667
french,sNt2CPV1iq,19183,l'indignation de la communauté internationale a ralenti cette répression,0.5556,0.3056,0.2639,0.4444
french,UnuvxPW6Pc,3441,la poussière s'introduit progressivement sur la roue codeuse chargée de détecter la rotation,0.163,0.0543,0.0978,0.0652
french,yP5TS6EloW,9951,s'il retombe dans ses travers de mercenaire de l'édition le marché deviendra caduc,0.6951,0.8659,1.0,0.7195
french,sNt2CPV1iq,19102,voici quelques hermaphrodites connus ou supposés,0.75,0.5,0.8958,0.8542
french,gvsTumIuO1,7770,cependant quelques scientifiques français tel jean paul bibérian a marseille s'engagèrent sur cette voie,0.4712,0.4135,0.5288,0.4615
french,chc_pimJ0Z,23389,la succession est organisée rapidement,0.4211,0.7105,0.8421,0.9211
french,chc_pimJ0Z,23304,elles seront libérées le lendemain matin,0.5,0.175,0.25,0.55
french,sNt2CPV1iq,19096,c'est donc une borne supérieure sur la sécurité du système,0.431,0.2241,0.3103,0.569
french,pUaQKQSh7E,17016,ce glossaire est divisé en deux parties,0.1026,0.1026,0.1538,0.0513
french,chc_pimJ0Z,23378,par conséquent aucune preuve indiquant que l'agence tous risques agissait sur ordre n'existe,0.5109,0.3696,0.4891,0.337
french,G47ONLSoe8,29111,il décide de rompre avec le milieu d'ou il est issu,0.8235,0.7451,0.2745,0.6078
french,r2eK3YXjAU,22005,contrairement aux épreuves actuelles le ski de fond est couru avant le saut,0.88,0.6533,0.64,1.0
french,ll30-whTFY,22431,ces conditions posées de nouvelles règles peuvent être créées modifiées ou annulées,0.7108,0.5422,0.5783,0.6386
french,ZKoFaz9Mrj,8217,antoine carré le remplace donc automatiquement a l'assemblée nationale,0.6429,0.6429,0.6286,0.7429
french,g5TFstLFyq,2537,sa tête est le plus souvent coiffée du serre tête,0.2449,0.102,0.102,0.102
french,G47ONLSoe8,29193,le radar peut donc être adapté pour utiliser ce principe,0.4643,0.3929,0.4286,0.4286
french,6ft7Ezz5sQ,20776,les oncidium demandent une lumière vive sans soleil direct aux heures chaudes,0.7792,0.7403,0.5844,0.6883
french,gvsTumIuO1,7901,erwin strauss auteur du livre éponyme a été interviewé dans le cadre du film,0.6447,0.1842,0.3684,0.4868
french,IrXN65uF2D,18502,il fut a sa construction le paquebot a plus fort tonnage du monde,0.6615,0.4923,0.4,0.5538
french,r2eK3YXjAU,22132,la couleur verte peut dans certains cas être associée au coté tribord,1.0,0.7681,0.7536,0.6232
french,r2eK3YXjAU,22032,ces dessins animés ont continué leur diffusion durant les dernières décennies,1.0,0.8442,0.7532,0.7013
french,G47ONLSoe8,29087,on y retrouve des lichens et mousses recouvrant le sol durant tout l'été,0.3056,0.3056,0.2083,0.2361
french,3OxxtNhkuv,16393,en dialectal les timbres sont profondément altérés,0.28,0.12,0.26,0.1
french,e97ki3c8DL,33140,il est possible que cela ait une origine similaire,0.0,0.04,0.2,0.0
french,yP5TS6EloW,9961,mais c'est dans l'écriture de fiction qu'il obtient ses premiers succès,0.6197,0.6901,0.662,0.6479
french,g5TFstLFyq,2592,après une tournée couronnée de succès le trio réfléchit a son quatrième album,0.0519,0.0519,0.4416,0.0519
french,e97ki3c8DL,33325,le logo symbolisait un volcan,0.1724,0.069,0.1724,0.1379
french,Gw-9o1i7nY,5038,l'actrice a failli aller jusqu'au procès,1.0,0.175,0.775,0.5
french,Ds2mE5UGnZ,816,caen est parfois considérée comme la ville de la culture en normandie,0.1884,0.1014,0.1159,0.2174
french,pUaQKQSh7E,16979,a ce moment les animaux se regroupent et se couchent pour ruminer,0.2,0.1231,0.0769,0.0923
french,u5rOEWmzeT,27224,leur thème ont un caractère précis et spécialisé au contraire des expositions universelles,0.1,0.0667,0.1111,0.0556
french,n-0_tPnwIy,26929,ces questeurs ne faisaient ensuite pas carrière et demeuraient chez eux,0.7324,0.7465,0.7606,0.7324
french,ZKoFaz9Mrj,8209,la débacle du parti socialiste lors de ces élections lui est en partie imputée,0.3205,0.3462,0.4744,0.2949
french,u5rOEWmzeT,27395,elle est notamment chargée de la diplomatie du saint siège,0.069,0.0862,0.1897,0.069
french,ll30-whTFY,22427,une telle orbite est appelée orbite héliosynchrone,0.78,0.6,0.7,0.7
french,0d3yVC7C9M,373,il manque donc un segment dans les données utilisateur reçues par le destinataire,0.037,0.0864,0.1111,0.1111
french,n-0_tPnwIy,26908,elle n'est pas conditionnée en bouteille et on n'en trouve que dans certains cafés,0.8537,0.7561,0.7927,0.7195
french,u5rOEWmzeT,27267,souvent mais pas toujours le transgène provient d'une espèce différente de celle du receveur,0.1304,0.1087,0.0978,0.1413
french,g5TFstLFyq,2560,avant d'entrer a la mano negra les différents membres évoluent dans différents groupes,0.186,0.093,0.1279,0.0698
french,Ds2mE5UGnZ,789,il consiste a déposer une couche de cadmium par électrolyse,0.322,0.2373,0.3559,0.3051
french,r2eK3YXjAU,22038,les principales avenues forment des structures qui coordonnent l'expansion des ilots,0.5952,0.5952,0.7143,0.4286
french,yP5TS6EloW,9966,on la considère politiquement comme marquée a gauche,0.7692,0.8077,0.5962,0.8269
french,e97ki3c8DL,33145,elle est naturellement l'endroit ou siège la garnison et parfois l'autorité politique,0.1294,0.1529,0.2235,0.1412
french,ll30-whTFY,22339,la compréhension de la métaphore exige des apprentissages hors du langage,0.0274,0.0137,0.6301,0.0137
french,G47ONLSoe8,29112,face a cette mobilisation massive et constante le pouvoir cède,0.9194,0.3065,0.2903,0.4516
french,6ft7Ezz5sQ,20679,les autobus les plus courants peuvent transporter environ cent personnes,0.6667,0.5,0.5833,0.625
french,G47ONLSoe8,29100,le cycle ingénieur dure trois années,0.9444,0.3611,0.5556,0.4722
french,pUaQKQSh7E,17019,il peut aussi se consommer avec un vin blanc doux,0.2857,0.1837,0.1429,0.2041
french,3OxxtNhkuv,16255,comme pour le crime contre l'humanité le génocide n'est pas l'apanage des nazis,0.6835,0.1519,0.2532,0.3544
french,Ds2mE5UGnZ,838,l'épaisseur de cette pellicule diminue quand la fréquence augmente,0.3788,0.1061,0.0909,0.0303
french,chc_pimJ0Z,23335,le couple divorcera,0.7895,1.0,0.8947,1.0
french,n-0_tPnwIy,26865,le dimanche un sténographe est embauché pour taper une copie propre de la documentation,0.7241,0.7586,0.8276,0.8851
french,0d3yVC7C9M,375,c'est une technologie logicielle destinée a créer des sites web dynamiques,0.0541,0.027,0.1892,0.0405
french,e97ki3c8DL,33332,elle ne sera jamais produite,0.0714,0.0714,0.1071,0.0714
french,5eh1ULfUPE,11104,la presse est unanime a lui rendre hommage,0.7143,0.5952,0.6667,0.6429
french,IrXN65uF2D,18613,le déversoir qui y est construit marque la limite départementale,0.9531,0.5781,0.6094,0.875
french,pUaQKQSh7E,17087,sans cet enregistrement les actes royaux ne sont pas applicables,0.0469,0.0469,0.2969,0.0781
french,ll30-whTFY,22478,les élites carolingiennes résultent de la fusion des aristocraties de diverses origines,0.2529,0.6322,0.7701,0.4598
french,3OxxtNhkuv,16356,d'autres structures associées aux étoiles jeunes comme les jets ont été imagées,0.1139,0.0886,0.1266,0.3038
french,0d3yVC7C9M,408,les évènements de bruxelles suscitent les appétits des puissances,0.2,0.0769,0.1846,0.0769
french,gvsTumIuO1,7848,de son coté ulysse retrouve laerte son vieux père et s'en fait reconnaitre,0.4459,0.5,0.473,0.4459
french,G47ONLSoe8,29090,la rédaction se trouve a rome,1.0,0.931,0.6207,0.8276
french,3OxxtNhkuv,16257,dans de rares cas les tissus exposés présentent un oedème,0.3333,0.0702,0.3333,0.1053
french,n-0_tPnwIy,26868,l'opération nocturne a basse altitude est extrêmement dangereuse et affecte négativement ses membres d'équipage,1.0,0.7387,0.8288,0.8018
french,u5rOEWmzeT,27343,d'autre part l'activité doit être sans risque pour les joueurs et préserver l'environnement,0.033,0.1538,0.2198,0.033
french,yP5TS6EloW,10063,l'impression achevée sous forme de feuilles est livrées en ballots,0.7727,0.7727,0.697,0.7424
french,ll30-whTFY,22420,elle est la seule femme a avoir reçu le césar du meilleur réalisateur,0.3043,0.2464,0.2899,0.5072
french,sNt2CPV1iq,19094,son existence est bien plus profonde,0.0556,0.0556,0.3333,0.3611
french,G47ONLSoe8,29149,malgré cette précaution des accidents peuvent se produire,0.8246,0.2456,0.1228,0.7368
french,Ds2mE5UGnZ,798,le mode multijoueur quant a lui est la copie conforme du jeu original,0.1159,0.058,0.087,0.0725
french,sNt2CPV1iq,19100,ainsi par exemple fumer,0.7391,0.4783,0.6522,0.3043
french,ZKoFaz9Mrj,8077,il a été membre du comité consultatif national d'éthique,0.9286,0.625,0.6429,0.5893
french,e97ki3c8DL,33164,de ces fortifications ne subsiste qu'une tour du chateau qui domine la ville,0.1711,0.1316,0.1579,0.1316
french,0d3yVC7C9M,396,la nouvelle institution instruit les demandes et délivre les licences d'investissement,0.093,0.0233,0.0465,0.0233
french,u5rOEWmzeT,27246,victime d'amnésie il est incapable de dire qui il est,0.1698,0.1132,0.1887,0.283
french,r2eK3YXjAU,21995,il a le pouvoir d'approuver la nomination du secrétaire général adjoint,1.0,0.6338,0.5211,0.8028
french,Ds2mE5UGnZ,748,les couvertures d'ardoise sont posées au crochet,0.0833,0.1042,0.0833,0.1042
french,IrXN65uF2D,18608,lisieux en était alors la capitale,1.0,0.7059,0.5882,0.5294
french,0d3yVC7C9M,309,cet engagement se structure autour de valeurs renvoyant a l'éthique et a l'équité,0.037,0.0494,0.0494,0.0494
french,e97ki3c8DL,33161,la ballerine s'éprend du voleur,0.2903,0.1613,0.4194,0.2581
french,0d3yVC7C9M,337,déja on préconise l'électricité pour le soigner,0.0426,0.1277,0.1702,0.0213
french,Ds2mE5UGnZ,801,ce passage est également mentionné dans la chronique anglo saxonne,0.0909,0.0909,0.1515,0.0909
french,chc_pimJ0Z,23466,le nouveau roman veut renouveler le genre romanesque qui date de l'antiquité,0.4868,0.4474,0.4605,0.4605
french,gvsTumIuO1,7902,une liste même provisoire peut faciliter les recherches,0.5455,0.3273,0.3636,0.3455
french,u5rOEWmzeT,27369,mais la seconde attaque lui fut fatale,0.1579,0.1316,0.1842,0.1316
french,n-0_tPnwIy,26829,certains ministériaux atteignirent un haut rang,0.9574,0.8085,0.7021,1.0
french,Ds2mE5UGnZ,787,elle est en pratique toujours réalisée par un circuit électronique spécifique,0.026,0.026,0.0,0.026
french,u5rOEWmzeT,27205,il est ainsi considéré comme un modéré,0.1316,0.0526,0.1053,0.0263
french,3OxxtNhkuv,16327,l'orbite de ce satellite doit encore être calculée,0.18,0.06,0.08,0.02
french,Ds2mE5UGnZ,747,de nos jours elle abrite les collections des ateliers monduit,0.2459,0.2295,0.2787,0.1967
french,u5rOEWmzeT,27248,la stratégie optimale consiste alors a se déplacer d'une position gagnante a l'autre,0.0476,0.0476,0.0476,0.0357
french,chc_pimJ0Z,23377,il devient professeur auxiliaire a l'université de tokyo ou il poursuit ses recherches,0.1977,0.4186,0.3837,0.3256
french,6ft7Ezz5sQ,20766,l'acteur est alors au sommet de sa gloire ne subissant aucun échec,0.8636,0.7121,0.7424,0.7879
french,Gw-9o1i7nY,5015,des statuts viennent compléter la création de l'association mondiale,0.5,0.1029,0.3824,0.2353
french,ZKoFaz9Mrj,8179,les gnous sont plutot sédentaires sauf si la nourriture devient insuffisante,0.6447,0.3684,0.3026,0.6316
french,sNt2CPV1iq,19166,on trouve donc le sextolet a la place de deux temps binaires consécutifs,0.5694,0.625,0.5972,0.625
french,ll30-whTFY,22517,certains solides résultent de plusieurs sortes de liaisons,0.6207,0.6207,0.5862,0.6724
french,ll30-whTFY,22399,après vingt minutes maximum plus personne ne bougeait,0.434,0.4906,0.717,0.717
french,r2eK3YXjAU,22108,parfois ses photos semblent imparfaites car elles peuvent être floues ou surexposées,1.0,0.5,1.0,0.7381
french,gvsTumIuO1,7918,un nombre est écrit a l'aide de chiffres,0.5,0.8,0.575,0.625
french,r2eK3YXjAU,22043,en bolivie l'encordage n'est pas systématisé,1.0,0.7045,0.75,0.7955
french,chc_pimJ0Z,23384,le corps invisible insaisissable est son esprit,0.4043,0.234,0.3617,0.2128
french,G47ONLSoe8,29140,la construction des décors est arrêtée a cause de l'arrivée de tempêtes hivernales,0.4878,0.4268,0.3537,0.4146
french,pUaQKQSh7E,17036,une particule individuelle est appelée grain de sable,0.1698,0.1132,0.1132,0.1132
french,Gw-9o1i7nY,5104,la chapelle de la vierge et les stalles sont aussi décorées avec maitrise,0.2055,0.1918,0.3699,0.2466
french,e97ki3c8DL,33355,s'ensuit une dizaine d'années de traversée du désert,0.3077,0.1923,0.2692,0.1923
french,IrXN65uF2D,18544,l'intelligence économique ne se résume pas a la veille,0.7037,0.8889,0.6296,0.7593
french,UnuvxPW6Pc,3504,cette cure lui fournit un matériel clinique notamment dans l'étude de la névrose obsessionnelle,0.0947,0.0632,0.1158,0.0526
french,yP5TS6EloW,10020,il jouit de cette énergie si condensée,0.4474,0.5263,0.7105,0.6053
french,0d3yVC7C9M,420,elle prend pour cadre des départements existants,0.0208,0.1042,0.1458,0.0208
french,e97ki3c8DL,33156,l'outil classiquement utilisé est la fraise,0.186,0.0465,0.1163,0.3023
french,gvsTumIuO1,7775,on ne peut parler de photon en tant que particule qu'au moment de l'interaction,0.3418,0.2532,0.3544,0.3544
french,ll30-whTFY,22407,les hommes doivent se les concilier par des rituels de toute nature,0.5224,0.597,0.6418,0.5075
french,Ds2mE5UGnZ,780,il y a d'autres événements qui restent a identifier,0.0588,0.0588,0.0588,0.0588
french,yP5TS6EloW,9964,il eut en tout sept enfants,0.8148,0.7407,0.8148,0.7407
french,pUaQKQSh7E,17015,il travaille ensuite a la fois a paris et en suisse,0.2353,0.2353,0.1569,0.2745
french,6ft7Ezz5sQ,20764,ce livre a été édité par l'association,1.0,0.7105,0.7368,0.8421
french,sNt2CPV1iq,19203,il provoquait l'allumage de l'ampoule témoin grace a un interrupteur,0.5588,0.4118,0.3382,0.4118
french,UnuvxPW6Pc,3468,ils sont au coeur même de shinjuku pour la construction d'après guerre,0.1714,0.0429,0.2714,0.0714
french,r2eK3YXjAU,22082,il est possible de parler du discours sans se perdre dans la métaphysique,0.8082,0.5342,0.7397,0.4795
french,pUaQKQSh7E,16986,il doit être fixé au sol,0.0,0.0417,0.0,0.0
french,6ft7Ezz5sQ,20715,au pakistan et dans l'inde c'est du lait cru de bufflonne qui est employé,0.9178,0.726,0.7123,0.6712
french,IrXN65uF2D,18580,l'étape suivante est la transposition,0.8378,0.3514,0.1892,0.2703
french,0d3yVC7C9M,388,il s'intéresse a la conservation des farines du vin et des produits laitiers,0.0526,0.0526,0.0395,0.0789
french,pUaQKQSh7E,17088,il a surtout des fonctions de cour de justice pour régler les différends,0.0556,0.0556,0.0556,0.0278
french,ll30-whTFY,22348,cela explique le nombre important de maladies qui s'attaquent aux enfants,0.3699,0.3425,0.5068,0.3288
french,Ds2mE5UGnZ,741,certains de ces monuments reprennent le plan hexagonal des églises d'orient,0.04,0.04,0.1067,0.04
french,yP5TS6EloW,10041,cette reconstruction se fait cependant majoritairement en rupture avec la scolastique,0.7529,0.6706,0.8471,0.6824
french,n-0_tPnwIy,26954,l'entrée s'effectue a l'intersection de la rue saint vincent et de l'avenue champ de repos,1.0,0.6111,0.7,0.6778
french,ll30-whTFY,22454,une fête médiévale y est organisée quelques fois,0.375,0.3542,0.7708,0.5833
french,n-0_tPnwIy,26988,l'arrière des cotes est aussi protégé,1.0,0.8108,0.7568,0.9189
french,3OxxtNhkuv,16242,la destination prit aussi de l'importance pour les sports d'hiver,0.3385,0.0769,0.1231,0.1692
french,3OxxtNhkuv,16287,les images qu'elle envoie depuis sont d'une précision inégalée,0.4032,0.1129,0.0806,0.0323
french,e97ki3c8DL,33322,beaucoup étaient fortunés et ils avaient souvent un passé militaire,0.0896,0.0299,0.0149,0.0299
french,n-0_tPnwIy,26965,une colonie de hérons cendrés y a élu domicile,1.0,0.8043,0.9565,0.7609
french,3OxxtNhkuv,16263,elle héberge la compagnie de fusiliers vétérans,0.4894,0.1064,0.3404,0.1277
french,IrXN65uF2D,18644,c'est lui qui forma le premier établissement des soupes populaires qui portèrent son nom,0.7273,0.6705,0.7273,0.7614
french,IrXN65uF2D,18516,un corridor reliait alors directement les cuisines et le corps central du logis,0.7848,0.7089,0.7215,0.7468
french,6ft7Ezz5sQ,20745,le fonctionnement de la confédération établi par les articles sera un échec,0.8,0.44,0.64,0.6
french,sNt2CPV1iq,19215,la grande majorité choisira d'être rapatriée en france,0.3148,0.3704,0.8519,0.6852
french,r2eK3YXjAU,22102,je me suis réfugiée dans un jardin public,0.8293,0.8049,0.8049,0.7561
french,yP5TS6EloW,9935,il suffit d'inverser les opérateurs de comparaison pour obtenir un tri dans l'ordre décroissant,0.3474,0.6632,1.0,0.7368
french,gvsTumIuO1,7882,cette zone se compose notamment des coteaux du vignoble de jurançon,0.8358,0.403,0.3433,0.6119
french,yP5TS6EloW,10057,la sortie d'italie de l'espagne est définitive,0.6957,0.5217,0.5,0.5652
french,u5rOEWmzeT,27280,il existait aussi un modèle peut être expérimental d'arbalète portative lance grenades,0.2791,0.2093,0.2093,0.186
french,G47ONLSoe8,29137,les incidents qu'ils soient techniques ou causés par les voyageurs y sont particulièrement nombreux,0.3535,0.202,0.2626,0.2323
french,r2eK3YXjAU,22081,cette doctrine présente quelquefois des variantes d'un pays a un autre,0.9286,0.7857,0.7,0.5857
french,chc_pimJ0Z,23299,jean venait la pour se reposer,0.3,0.2667,0.3333,0.3
french,yP5TS6EloW,9927,beaucoup de scientifiques et étudiants manquent de connaissances linguistiques pour un échange international,0.713,0.5556,0.6574,0.5833
french,e97ki3c8DL,33346,c'est le second astéroide découvert,0.2571,0.0857,0.0857,0.0857
french,e97ki3c8DL,33143,elles ne tardent pas a se regrouper,0.1714,0.2,0.1714,0.2286
french,gvsTumIuO1,7864,le mascaret de la dordogne est très connu et constitue une attraction,0.1884,0.4928,0.6957,0.3333
french,u5rOEWmzeT,27388,dans chaque univers le robot a une place différente,0.4706,0.098,0.3529,0.1373
french,ll30-whTFY,22410,on le voit ensuite dans de nombreux seconds roles,0.6939,0.4898,0.6735,0.6735
french,sNt2CPV1iq,19174,ils sont présents aux états unis et au canada,0.4444,0.4667,0.7556,0.3111
french,Ds2mE5UGnZ,737,les plantes herbacées indigènes en californie sont en majorité des plantes vivaces,0.0366,0.0366,0.0488,0.0244
french,3OxxtNhkuv,16243,son exploitation n'est pour le moment pas autorisée,0.2157,0.0392,0.0784,0.0392
french,g5TFstLFyq,2536,on peut également l'associer a l'ouroboros,0.1905,0.1429,0.2381,0.0952
french,e97ki3c8DL,33180,on remplace la terre enlevée par de la terre saine prélevée ailleurs,0.0294,0.0147,0.0588,0.0147
french,e97ki3c8DL,33148,des fresques des stucs et des décors en marbre polychrome sont ajoutés,0.1429,0.1,0.1714,0.0429
french,n-0_tPnwIy,26881,c'est le cas par exemple de la photographie et de la microscopie,0.8438,0.7656,0.6719,1.0
french,Ds2mE5UGnZ,774,une communication est gravée dans un contexte,0.0444,0.0444,0.1556,0.0444
french,u5rOEWmzeT,27257,a l'origine l'opéra ballet ne comptait que deux entrées,0.3091,0.1818,0.3636,0.2
french,Gw-9o1i7nY,5085,des tournées ont lieu aussi en italie,0.1622,0.1081,0.6216,0.1351
french,IrXN65uF2D,18660,donc en réalité seuls les programmes d'application sont réellement utilisés par les utilisateurs,1.0,0.75,0.8333,0.7604
french,ZKoFaz9Mrj,8167,parallèlement a ces enjeux nationaux yves bur s'implique fortement dans les relations franco allemandes,0.7379,0.5922,0.6117,0.5922
french,gvsTumIuO1,7833,toutefois le téléchargement du code source est permis pour révision par les pairs,0.3086,0.2716,0.6296,0.4568
french,e97ki3c8DL,33300,il correspond alors a l'ancien comté de nice,0.1591,0.0909,0.1136,0.1364
french,0d3yVC7C9M,430,l'éthologie quant a elle étudie le comportement animal dans le milieu naturel,0.1429,0.0909,0.0649,0.0649
french,0d3yVC7C9M,352,le sarcophage du roi n'a jamais été retrouvé jusqu'a ce jour,0.0167,0.0167,0.0833,0.0333
french,UnuvxPW6Pc,3487,en france micky sébastian est la voix française régulière de sharon stone,0.1781,0.1644,0.1918,0.1918
french,ll30-whTFY,22515,il était l'un des fidèles les plus proches de charles martel,0.2333,0.4667,0.4,0.2833
french,sNt2CPV1iq,19196,les avantages de ce traitement sont a la fois médicaux et sociaux,0.4769,0.3692,0.4462,0.5846
french,ll30-whTFY,22457,l'épiphytisme désigne l'ensemble des caractères d'un taxon rendant possible sa vie en épiphyte,0.5,0.3511,0.6277,0.383
french,Gw-9o1i7nY,5089,le champ électrique est fourni par un générateur de courant continu,0.1791,0.1642,0.791,0.6567
french,ZKoFaz9Mrj,8159,françois brottes soutient le maintien d'un service public de l'énergie,0.7286,0.3,0.3857,0.8
french,pUaQKQSh7E,17020,en hiver sa fourrure est blanche et le bout de sa queue reste noire,0.1194,0.1194,0.0597,0.0746
french,gvsTumIuO1,7832,il s'agit d'une octaviation permanente,0.7368,0.1053,0.0526,0.3158
french,G47ONLSoe8,29021,c'est une ville de l'agglomération de limoges sur la vienne,0.6441,0.5424,0.5593,0.4237
french,G47ONLSoe8,29006,plus de personnes sont mortes en une nuit,0.8049,0.7561,0.7561,0.8049
french,yP5TS6EloW,10060,il faut donc l'éliminer,0.8261,0.6522,0.7826,0.7826
french,gvsTumIuO1,7856,les kératinocytes durcissent pour constituer la tige pilaire puis meurent,0.2877,0.2192,0.4795,0.3014
french,sNt2CPV1iq,19194,cette méthode est plus adaptée a la transmission des données,0.5333,0.5167,0.6167,0.6667
french,e97ki3c8DL,33335,le logo représentait l'emblème du dieu du commerce des voyages et des messagers,0.1772,0.1646,0.1519,0.1013
french,yP5TS6EloW,9972,sa carrière militaire aura une influence sur son oeuvre,0.6545,0.6909,0.6727,0.7455
french,sNt2CPV1iq,19167,il arrive fréquemment que le sextolet occupe un temps binaire unique,0.7059,0.6618,0.7353,0.7353
french,G47ONLSoe8,29079,c'est entouré de sa famille et de son médecin qu'il serait mort,0.7778,0.4921,0.2381,0.5556
french,gvsTumIuO1,7917,les meubles les plus riches comportaient des colonnes torsadées pleines ou évidées,0.4878,0.4756,0.4512,0.5244
french,gvsTumIuO1,7841,spinoza était considéré jusque la comme un hérétique par les autorités rabbiniques de toutes tendances,0.4412,0.5686,0.3922,0.451
french,ZKoFaz9Mrj,8086,bartolone puis mitterrand réussissent a gagner la sympathie des ouvriers,0.5139,0.4306,0.7222,0.2917
french,ll30-whTFY,22506,l'argile était extrait en cubes rugueux d'environ de chaque coté,0.5469,0.4062,0.7188,0.7344
french,3OxxtNhkuv,16341,il en reste malgré tout y compris officiellement,0.3125,0.0625,0.4167,0.0625
french,6ft7Ezz5sQ,20729,dans cette région les populations se sédentarisent et quelques foyers de domestication agricole apparaissent,0.5833,0.5648,0.713,0.6111
french,gvsTumIuO1,7820,il y évolue aux cotés de audrey fleurot et michèle laroque,0.6207,0.6379,0.8103,0.8793
french,6ft7Ezz5sQ,20724,souvent d'ailleurs par ceux qui avaient participé a la construction de la tombe,0.3671,0.3671,0.481,0.519
french,sNt2CPV1iq,19187,les informations collectées sont codées pour être interprétées par des logiciels d'infographie optimisés,0.2019,0.0865,0.3462,0.125
french,3OxxtNhkuv,16308,les avis diffèrent sur la réalité de son militantisme,0.3208,0.283,0.434,0.283
french,chc_pimJ0Z,23387,l'église des saints apotres est alors déja en mauvais état,0.3621,0.3276,0.4828,0.3276
french,e97ki3c8DL,33251,il est interdit d'en vendre et d'en proposer de nouvelles sans autorisation du pape,0.0723,0.0361,0.0361,0.0361
french,UnuvxPW6Pc,3521,les trois meilleures équipes de chaque groupe jouent ensuite pour la coupe,0.2297,0.027,0.027,0.1216
french,G47ONLSoe8,29038,il relie les moyennes temporelles de ses énergies cinétique et potentielle,0.5946,0.473,0.3649,0.5676
french,yP5TS6EloW,10040,il fut très tot initié a la philosophie,0.7949,0.3846,0.8718,0.359
french,0d3yVC7C9M,328,le royaume est alors constitué de trois entités,0.0426,0.0426,0.0213,0.0213
french,r2eK3YXjAU,22028,une prise de vue plongeante ou en plongée provoquera un effet d'écrasement,1.0,0.7973,0.7838,0.7568
french,6ft7Ezz5sQ,20767,claude de saint vincent en devient l'administrateur délégué,0.9661,0.6102,0.6441,0.7458
french,u5rOEWmzeT,27200,l'horlogerie utilise beaucoup les axes,0.2368,0.2368,0.3684,0.2895
french,chc_pimJ0Z,23420,tout le monde est soupçonné,0.7037,0.6296,0.5926,0.7037
french,Ds2mE5UGnZ,719,on réduit un peu les couleurs saturées que l'on peut afficher,0.0164,0.0,0.082,0.0164
french,gvsTumIuO1,7878,a l'extérieur se trouvait un quartier d'artisans,0.5625,0.375,0.2083,0.4583
french,6ft7Ezz5sQ,20756,la ville édifiée sur un promontoire est bordée de vignes d'oliviers et de garrigue,0.7439,0.8171,0.7683,0.6585
french,3OxxtNhkuv,16270,il appartient a une famille fortunée de genève,0.1522,0.1087,0.2609,0.1522
french,e97ki3c8DL,33149,sa collection s'augmente également de collections constituées par d'autres achetées ou confisquées,0.1122,0.1429,0.0918,0.1327
french,chc_pimJ0Z,23464,il se consacre ensuite a la littérature,0.3333,0.2821,0.2564,0.3077
french,n-0_tPnwIy,26841,en enzymologie les inhibiteurs sont très utilisés pour déterminer le mécanisme d'action d'une enzyme,0.61,0.56,0.7,0.64
french,6ft7Ezz5sQ,20747,son moteur principal est électrique,0.8286,1.0,1.0,0.6857
french,u5rOEWmzeT,27349,le personnel permanent de paris a le statut de fonctionnaires,0.0492,0.0492,0.0492,0.0492
french,gvsTumIuO1,7776,dans ses publications le bio chimiste rené wurmser a aussi utilisé le terme,0.6933,0.2,0.3333,0.3333
french,UnuvxPW6Pc,3457,elle fut aussi chargée de l'administration des cérémonies a l'intérieur du chateau d'edo,0.0568,0.0568,0.0909,0.0795
french,pUaQKQSh7E,16984,ces travaux concernent le plus souvent les ouvrages en basse tension,0.4118,0.3235,0.2941,0.3235
french,sNt2CPV1iq,19132,ce fauteuil était resté vacant pendant dix ans,0.5217,0.6087,0.8478,0.7391
french,Ds2mE5UGnZ,799,le tir est la base du jeu et conditionne donc directement l'efficacité du joueur,0.025,0.05,0.2375,0.0375
french,pUaQKQSh7E,16963,il ne comprend plus que la famille des struthionidae et deux espèces vivantes,0.1948,0.1688,0.2987,0.1558
french,sNt2CPV1iq,19213,l'artère pulmonaire droite passe sous la crosse de l'aorte,0.7586,0.7414,0.8103,0.8621
french,gvsTumIuO1,7814,la ville se prépare a la guerre après la déclaration de guerre de l'autriche,0.1579,0.1842,0.1579,0.1316
french,sNt2CPV1iq,19148,on la croit folle,0.7059,0.8235,0.7647,0.7647
french,gvsTumIuO1,7825,en outre sont recensés vacants et servant de résidences secondaires ou occasionnelles,0.4706,0.4471,0.3765,0.3529
french,Ds2mE5UGnZ,805,on parle désormais de trésor humain vivant,0.119,0.119,0.119,0.119
french,ll30-whTFY,22361,ils cernent rapidement le village et installent une mitrailleuse dans le clocher,0.225,0.325,0.45,0.35
french,e97ki3c8DL,33212,cette fête de trois jours eut un succès sans précédant,0.3333,0.1667,0.2222,0.0741
french,ll30-whTFY,22462,les critiques sont une nouvelle fois excellentes,0.1042,0.3125,0.9167,0.5625
french,G47ONLSoe8,28986,pendant la révolution la paroisse devient une commune,0.2453,0.4151,0.6604,0.3962
french,G47ONLSoe8,29141,il est aussi le seul a avoir été nommé deux fois a titre posthume,0.6615,0.4923,0.4769,0.5385
french,6ft7Ezz5sQ,20739,c'est un message binaire qui permet de concaténer des collections,0.9385,0.7846,0.6923,0.7385
french,ll30-whTFY,22350,les gènes suspects peuvent être identifiés grace a plusieurs méthodes,0.1739,0.2319,0.3478,0.5942
french,6ft7Ezz5sQ,20618,plusieurs chercheurs s'intéressent a la biodégradation du plastique par des microorganismes,1.0,0.5714,0.6044,0.6593
french,3OxxtNhkuv,16381,néanmoins ce sont les super héros et les animaux humanisés qui dominent le marché,0.4691,0.0617,0.4568,0.2099
french,IrXN65uF2D,18582,enfin les monarques pouvaient recevoir des grades honorifiques de l'armée des indes,0.8916,0.747,0.8193,0.7108
french,u5rOEWmzeT,27230,ce lieu rassemble alors le butin des razzias saxonnes,0.1887,0.2264,0.1321,0.2264
french,UnuvxPW6Pc,3446,a la réception on détecte le signal par un transformateur ou un amplificateur différentiel,0.0222,0.0111,0.0333,0.0111
french,ll30-whTFY,22358,voir préfixe binaire,0.85,0.8,0.75,0.7
french,yP5TS6EloW,9919,elle a un père violent qui la bat régulièrement,0.7234,0.6596,0.7447,0.8085
french,Ds2mE5UGnZ,727,avec l'avènement des carolingiens une nouvelle monnaie fit son apparition celle en argent,0.2921,0.3933,0.2921,0.3258
french,e97ki3c8DL,33124,les ignames se consomment cuites braisées ou frites,0.6275,0.2353,0.2549,0.7059
french,Gw-9o1i7nY,5096,cette question fait l'objet de discussions de la part des historiens des religions,0.1585,0.0366,0.1341,0.0976
french,gvsTumIuO1,7817,un mois plus tard ils étaient devenus un couple,0.7234,0.6596,0.7234,0.5957
french,3OxxtNhkuv,16376,il le fait a partir de la langue parlée,0.0769,0.0769,0.1795,0.0769
french,G47ONLSoe8,29007,produit en europe son succès commercial est limité aux états unis,0.2923,0.3077,0.5077,0.2769
french,sNt2CPV1iq,19080,le goncourt des lycéens est décerné quelques jours après le prix goncourt,0.726,0.4247,0.6575,0.9041
french,r2eK3YXjAU,21993,il a a sa tête un président et un vice président élus pour trois ans,0.5147,0.5147,0.7059,0.5294
french,chc_pimJ0Z,23321,dépressions marécageuses en montagne,0.3889,0.1667,0.3333,0.2778
french,n-0_tPnwIy,26987,la brie champenoise plus crayeuse est toutefois bien moins fertile que la brie française,0.6932,0.5341,0.5795,0.6364
french,ll30-whTFY,22379,cette route a en outre privé les pironchampions et d'une partie d'un bois,0.5616,0.5479,0.5753,0.6164
french,IrXN65uF2D,18562,sa morphologie verbale est étonnamment complexe d'autant plus que la langue est ergative,0.8182,0.6818,0.6932,0.6477
french,3OxxtNhkuv,16351,pour contourner cette limitation quelques radiotélescopes a collecteur fixe ont été construits,0.3191,0.1489,0.117,0.1702
french,g5TFstLFyq,2500,le langage implique d'abord une activité intentionnelle qui passe par le corps propre,0.0235,0.0235,0.1059,0.0118
french,3OxxtNhkuv,16236,au moyen age elle fait partie du duché de savoie,0.2292,0.2708,0.2083,0.2083
french,5eh1ULfUPE,11142,douze gardiens protègent les douze portails a la fin de chaque rayon,0.7794,0.6029,0.75,0.6765
french,ll30-whTFY,22519,la plupart des solides sont des cristaux,0.15,0.325,0.325,0.225
french,u5rOEWmzeT,27391,il a un fils prénommé cyril,0.3333,0.1111,0.1481,0.1111
french,ZKoFaz9Mrj,8138,il change d'avis la semaine suivante,0.3889,0.1389,0.5278,0.2222
french,6ft7Ezz5sQ,20744,leurs intérêts en particulier commerciaux sont divergents,0.6842,0.7368,0.9649,0.8772
french,ZKoFaz9Mrj,8111,marié avec annick perrault et père de trois enfants,0.5294,0.5294,0.8824,0.6275
french,g5TFstLFyq,2554,elle avait également un temple a memphis,0.175,0.15,0.65,0.125
french,e97ki3c8DL,33187,la séquence entière constitue un condensé de l'art et du génie du réalisateur,0.1688,0.1169,0.1818,0.1429
french,gvsTumIuO1,7799,tout leur équipement était donc tourné vers la légèreté,0.6909,0.5273,0.7818,0.2182
french,chc_pimJ0Z,23394,l'entrée du donjon était protégée par une herse et un assommoir dans la souricière,0.2561,0.4634,0.3902,0.3415
french,Ds2mE5UGnZ,742,l'enseignement existait bien avant lui,0.1579,0.1842,0.2632,0.1842
french,e97ki3c8DL,33221,il contient plusieurs centaines d'espèces valides,0.0612,0.0408,0.0612,0.0204
french,yP5TS6EloW,9943,tout comportement possède une composante génétique et héréditaire,0.7077,0.7385,0.8154,0.8769
french,0d3yVC7C9M,351,d'autres groupes ont été provisoirement créés,0.2222,0.0,0.2222,0.0
french,Gw-9o1i7nY,5064,on obtenait ainsi un visuel sur ordinateur proche de la version finale sur papier,1.0,0.037,0.1975,0.0494
french,r2eK3YXjAU,22002,l'eau de l'hydrosphère chauffée par le rayonnement solaire s'évapore,0.75,0.6324,0.75,0.7353
french,IrXN65uF2D,18546,en parallèle le duo publie des romans,0.8108,0.6757,0.7568,0.7027
french,sNt2CPV1iq,19197,ce liquide sera ensuite évacué après un temps de contact déterminé,0.4848,0.2424,0.3333,0.197
french,g5TFstLFyq,2520,l'homme n'est pas un être pour la mort même s'il est un être mortel,0.0299,0.0299,0.0299,0.0299
french,UnuvxPW6Pc,3520,cette dernière a néanmoins transféré la plupart de ses activités a l'étranger,0.1688,0.0909,0.0909,0.0779
french,e97ki3c8DL,33122,il s'agit du troisième gouvernement de georges pompidou,0.4545,0.2727,0.2182,0.2909
french,Ds2mE5UGnZ,782,on ne sait pas si cela a un rapport avec la monnaie fictive,0.1356,0.1186,0.0339,0.1186
french,ZKoFaz9Mrj,8223,la chine et l'italie ont aussi une industrie du cachemire développée,0.7059,0.4559,0.4118,0.6029
french,u5rOEWmzeT,27365,l'aide d'une ergothérapeute permet de faciliter les gestes de la vie quotidienne,0.0875,0.075,0.2125,0.1375
french,u5rOEWmzeT,27380,c'est alors une stratégie de survie ou la place des femmes est très importante,0.1538,0.1282,0.0641,0.1154
french,Gw-9o1i7nY,5060,les cellules de schwann enrobent les axones des fibres nerveuses du système nerveux périphérique,0.3438,0.1562,0.375,0.1875
french,Ds2mE5UGnZ,745,différentes méthodes permettent d'acquérir les bases de l'espéranto,0.0299,0.0299,0.209,0.0149
french,u5rOEWmzeT,27212,ses dimensions dépendent du couple d'ergols et du type d'injecteurs,0.0448,0.0896,0.0597,0.0299
french,Gw-9o1i7nY,5113,la biosynthèse de ces coenzymes est souvent complexe faisant intervenir plus d'une dizaine d'étapes,0.3333,0.202,0.2626,0.2424
french,pUaQKQSh7E,17046,mais il n'aura pas le temps de le publier rongé déja par la maladie,0.2687,0.194,0.1343,0.2388
french,3OxxtNhkuv,16278,parallèlement il mène aussi une vie politique,0.3111,0.2444,0.3556,0.3778
french,n-0_tPnwIy,26857,les autres préteurs ont un rang moins élevé et administrent leur province,0.7534,0.7671,0.6301,0.6986
french,chc_pimJ0Z,23311,elle va chercher en vain une alternative qui la satisfasse,0.431,0.3966,0.5517,0.3448
french,e97ki3c8DL,33334,les deux hommes se connaissent depuis longtemps,0.0851,0.0426,0.0426,0.0638
french,IrXN65uF2D,18511,le limbe est entier ou légèrement incisé mais rarement lobé ou imparipenné,0.7162,0.7297,0.9324,0.9459
french,G47ONLSoe8,29095,un vaste parc et une ferme très ancienne jouxtent l'édifice,0.8644,0.7288,0.3559,0.4407
french,chc_pimJ0Z,23409,sa filmographie est remarquable par son éclectisme et le choix réfléchi des réalisateurs,0.7614,0.6818,0.8295,0.8523
french,sNt2CPV1iq,19158,tout petit déja sa mère l'emmenait régulièrement assister a des représentations théatrales,0.6333,0.5,0.4444,0.5889
french,r2eK3YXjAU,22009,la langue officielle est l'anglais,0.8529,0.7647,0.6471,0.7353
french,UnuvxPW6Pc,3478,il reste alors peu d'étapes avant l'achèvement du système métrique actuel,0.0137,0.0685,0.0685,0.0137
french,r2eK3YXjAU,22065,son oeuvre connait alors un succès croissant en france et en allemagne,0.7286,0.5571,0.5857,0.7143
french,pUaQKQSh7E,17040,les roches poreuses comme le grès permettent a l'eau de s'infiltrer,0.1791,0.1194,0.2537,0.1343
french,IrXN65uF2D,18578,un suivi rapproché de la transposition est assuré par la commission européenne,0.8333,0.6538,0.641,0.6667
french,6ft7Ezz5sQ,20743,le congrès accepte la proposition,0.7576,0.5152,0.8182,0.5758
french,ZKoFaz9Mrj,8158,durant son mandat elle a notamment permis la création d'un ordre national des infirmiers,0.5227,0.3523,0.4886,0.375
french,r2eK3YXjAU,22037,leurs sonorités sont très proches,0.8485,0.7879,0.8485,0.7879
french,chc_pimJ0Z,23294,on peut démontrer que la sphère est une surface non développable,0.1406,0.0469,0.0938,0.0469
french,e97ki3c8DL,33326,sa position devient cependant de plus en plus fragile,0.0189,0.0189,0.0755,0.0189
french,u5rOEWmzeT,27363,en découvrant le premier montage du film lucas est en état de choc,0.0758,0.1364,0.197,0.197
french,e97ki3c8DL,33343,ces deux sculptures renseignent la encore sur l'apparence du grand bouddha original,0.1566,0.1205,0.3012,0.1205
french,n-0_tPnwIy,26940,en france sainte catherine est la patronne des modistes,0.7818,0.6727,0.7455,0.6545
french,u5rOEWmzeT,27324,une soixantaine de sociétés d'investissement sont actives en france,0.2985,0.0597,0.2239,0.0896
french,Gw-9o1i7nY,5037,georges pompidou est atteint de la maladie de waldenstrom,0.7895,0.6667,0.7193,0.7719
french,G47ONLSoe8,29063,il s'est investi parallèlement dans son exploitation a des fins astrophysiques,0.3462,0.2179,0.2949,0.5
french,chc_pimJ0Z,23433,la presse parisienne lui fait alors une réputation flatteuse de détermination,0.4286,0.5714,0.6883,0.7403
french,pUaQKQSh7E,17064,organisme privé doté d'une personnalité civile il fut chargé d'un service public,0.1125,0.1375,0.0375,0.125
french,n-0_tPnwIy,26831,il est notamment a l'origine de la création de l'université de technologie de compiègne,0.8506,0.6782,0.8161,0.7356
french,3OxxtNhkuv,16324,les actions sociales des normaliens sont fédérées par l'action sociale étudiante,0.1125,0.0375,0.1,0.0875
french,yP5TS6EloW,9941,de cette union naissent neuf enfants,0.8333,0.6111,0.8611,0.75
french,g5TFstLFyq,2565,on a critiqué ensuite cette évolution jugée souvent trop permissive,0.209,0.1194,0.1343,0.194
french,ZKoFaz9Mrj,8201,la situation de l'emploi s'est dégradée,0.7436,0.2821,0.359,0.4359
french,Gw-9o1i7nY,5021,on estime que jésus de nazareth a prêché en araméen,0.4902,0.1961,0.451,0.5294
french,0d3yVC7C9M,424,autrefois disparue elle est désormais protégée et fait partie intégrante du paysage,0.0482,0.0241,0.0361,0.0723
french,G47ONLSoe8,29028,l'albumen peut être plus ou moins développé dans la graine,1.0,0.7586,0.6724,0.7069
french,r2eK3YXjAU,22044,dernièrement elle s'était recentrée sur le théatre,0.8,0.7,0.74,0.7
french,chc_pimJ0Z,23448,de forme diverses les pseudobulbes sont généralement globulaires ou ovoides parfois comprimés latéralement,0.566,0.3396,0.3396,0.3019
french,e97ki3c8DL,33152,l'optique adaptative permet une amélioration de l'imagerie rétinienne,0.0725,0.029,0.1739,0.0145
french,sNt2CPV1iq,19171,les nitrites alcalins sont solubles dans l'eau et hygroscopiques,0.5156,0.3594,0.4531,0.4219
french,0d3yVC7C9M,346,cette société choisit l'anglais comme langue de travail internationale,0.0429,0.0286,0.1714,0.0286
french,G47ONLSoe8,29171,malgré quelques passages en radio et a la télé le succès leur échappe,0.6957,0.5217,0.5362,0.5797
french,ll30-whTFY,22473,il se nomme services on peut le lire avec le bloc notes,0.3636,0.4364,0.7636,0.6182
french,pUaQKQSh7E,17001,tous ces cours d'eau sont situés sur l'ile de basse terre,0.2632,0.2807,0.2456,0.2632
french,pUaQKQSh7E,17083,en italie si,0.6667,0.3333,0.3333,0.3333
french,pUaQKQSh7E,17025,ces différents métiers lui font découvrir son talent pour l'écriture,0.0441,0.0294,0.0294,0.0294
french,Gw-9o1i7nY,5045,la paroisse de sales est dédiée aux saints ferréol forruce,0.4828,0.4138,0.3793,0.4655
french,pUaQKQSh7E,17097,antoine lui n'en est pas si sur,0.4516,0.3226,0.1935,0.2258
french,yP5TS6EloW,9912,le talent donne alors un pouvoir absolu sur autrui,0.78,0.88,0.78,0.7
french,G47ONLSoe8,29069,bien entendu il serait vain de chercher des frontières précises a ce territoire,0.5316,0.5443,0.5443,0.3924
french,n-0_tPnwIy,26956,une carte reprenant les propositions citoyennes a été créée,0.8305,0.9661,1.0,0.7458
french,3OxxtNhkuv,16385,or l'incertitude sur la précision des mesures de distance en astronomie reste importante,0.2045,0.1705,0.1136,0.1477
french,chc_pimJ0Z,23359,le jeu repose sur un principe original,0.8421,0.7368,0.7105,0.3684
french,G47ONLSoe8,29029,elle provient d'une transformation de l'ovule fécondé,0.4717,0.4906,0.6038,0.5283
french,UnuvxPW6Pc,3519,en contrepartie la société doit rétablir son équilibre financier,0.1094,0.1719,0.1094,0.1094
french,ll30-whTFY,22422,l'album est meilleur mais le succès n'est toujours pas au rendez vous,0.087,1.0,0.7246,0.7971
french,5eh1ULfUPE,11137,de nouveaux sites sont ouverts en italie et au brésil,0.6415,0.4906,0.717,0.5283
french,g5TFstLFyq,2598,le non médiatif au contraire indique que le locuteur s'implique dans l'assertion,0.15,0.075,0.1125,0.0875
french,chc_pimJ0Z,23491,mais il existe de nombreuses exceptions a cette règle,0.6792,0.6226,0.6038,0.4906
french,chc_pimJ0Z,23423,cette loi est un outil fondamental en gestion de la qualité,0.8136,0.2203,0.2542,0.339
french,g5TFstLFyq,2527,mandacou est une commune créée a la révolution,0.1087,0.0652,0.087,0.0652
french,e97ki3c8DL,33192,mais ce n'est pas le père mais bruno qui est la,0.0851,0.0851,0.5957,0.0638
french,u5rOEWmzeT,27258,le livre jeu est donc une forme de littérature écrite,0.0566,0.0377,0.0755,0.0377
french,e97ki3c8DL,33257,on y accède depuis bonnieux en suivant la direction de lourmarin,0.1562,0.1719,0.2188,0.1875
french,G47ONLSoe8,29064,les fruits sont portés par des grappes pendantes,0.5417,0.6458,0.4167,0.6042
french,UnuvxPW6Pc,3422,la soupe la plus répandue est celle des cuissons au bouillon,0.1833,0.1333,0.0333,0.1667
french,ll30-whTFY,22349,il est ainsi habituel d'entendre les termes ou par exemple,0.1897,0.5,0.7414,0.3793
french,u5rOEWmzeT,27275,ceux ci se distinguent des camps de concentration et du goulag,0.1129,0.129,0.1129,0.1129
french,e97ki3c8DL,33258,l'ensemble de ces formes sont des variantes locales en provence,0.0317,0.0317,0.0794,0.0159
french,sNt2CPV1iq,19162,il s'évade la même année déguisé en ouvrier avant de rallier l'angleterre,0.5342,0.6027,0.7123,0.5342
french,5eh1ULfUPE,11102,les ouvrages des frères goncourt appartiennent au courant du naturalisme,0.5139,0.5,0.7778,0.9583
french,pUaQKQSh7E,17075,en fonction de l'endroit ou l'on se situe sur terre cette part varie fortement,0.3205,0.2436,0.2949,0.1538
french,chc_pimJ0Z,23487,la surprise de parler a jésus,0.4828,0.3103,0.3448,0.3448
french,6ft7Ezz5sQ,20674,d'autres espaces ouverts ou non au public peuvent s'ajouter,0.6102,0.7627,0.7119,0.7288
french,u5rOEWmzeT,27403,l'usage du drapeau arc en ciel est une tradition ancienne commune a de nombreuses cultures,0.1111,0.2,0.3556,0.1111
french,r2eK3YXjAU,21974,les fours de poterie ont une conception différente des autres fours,0.5224,0.3881,0.5821,0.4179
french,3OxxtNhkuv,16240,ce passage principal est emprunté depuis l'antiquité,0.4423,0.1154,0.0385,0.4038
french,gvsTumIuO1,7762,clovis se retira a bordeaux mais fut attaqué par sigulf un officier de sigebert,0.6456,0.3797,0.4937,0.2911
french,u5rOEWmzeT,27400,en été des expositions grand public y sont présentées,0.1887,0.0755,0.3962,0.1698
french,G47ONLSoe8,29096,thiers alors ceinturée de couvents attire les jeunes gens et les dons,1.0,0.8696,0.7826,0.7246
french,G47ONLSoe8,29088,mais la grande source de l'économie locale reste les subventions du gouvernement fédéral,0.6364,0.5568,0.5909,0.4659
french,ll30-whTFY,22453,il est en cours de restauration,0.4839,0.5484,1.0,0.5806
french,3OxxtNhkuv,16389,leurs feuilles souvent lobées sont réunies a l'extrémité des branches épaisses,0.4103,0.1795,0.3974,0.1538
french,Gw-9o1i7nY,5012,cette ressemblance voulue vise a faciliter l'apprentissage et la lecture,0.2361,0.2222,0.4583,0.2222
french,IrXN65uF2D,18548,elle a une nageoire caudale allongée aux écailles argentées,0.9153,0.8136,1.0,0.8136
french,chc_pimJ0Z,23318,un moteur hydraulique est ainsi couplé a un moteur essence classique,0.75,0.5294,0.4265,0.4706
french,5eh1ULfUPE,11084,cependant ceci ralentit généralement l'exécution des programmes car cela ajoute une couche supplémentaire d'interprétation,0.5984,0.418,0.4508,0.4754
french,6ft7Ezz5sQ,20757,le cylindre est remplacé plus tard par une galette de cire durcie après enregistrement,0.7558,0.8256,0.907,0.8721
french,Gw-9o1i7nY,5092,les dissensions internes provoquent l'éclatement de la fédération du mali,0.3973,0.0959,0.1918,0.1918
french,e97ki3c8DL,33208,toute la ville participe,0.25,0.4167,0.2917,0.2917
french,u5rOEWmzeT,27236,il devint prêtre a l'age de trente ans,0.3158,0.4737,0.4211,0.3684
french,chc_pimJ0Z,23443,son relief est principalement constitué d'un plateau aux terrains sablonneux siliceux ou calcaires,0.6224,0.3367,0.3571,0.5918
french,e97ki3c8DL,33242,autre facteur l'inconscience des dangers liés au terrain,0.1964,0.1429,0.1964,0.125
french,5eh1ULfUPE,11111,c'est l'acte de naissance de la programmation des virus,0.9091,0.6182,0.6545,0.7455
french,chc_pimJ0Z,23465,les films qu'il a réalisés ensuite oscillent entre érotisme et sado masochisme,0.5513,0.6667,0.5256,0.4615
french,n-0_tPnwIy,26964,la charge utile représente la quantité d'électricité maximale supportée par ce réseau électrique,0.8333,0.5938,0.5521,0.6875
french,pUaQKQSh7E,17067,les plantes de cette famille sont pour la plupart herbacées et annuelles,0.0694,0.1667,0.1667,0.1389
french,yP5TS6EloW,10039,cette période sera l'apogée de sa carrière,0.6667,1.0,0.8571,0.9762
french,3OxxtNhkuv,16296,d'abord le dome comprenant le tambour avec sa colonnade la coupole et le lanternon,0.2073,0.1463,0.3049,0.2439
french,ll30-whTFY,22357,ils sont étroitement apparentés et entrainent les mêmes signes cliniques,0.6667,0.5556,0.3472,0.4028
french,UnuvxPW6Pc,3462,santiago accueille aujourd'hui un nombre croissant de théatres de restaurants et de centres commerciaux,0.2039,0.0388,0.0583,0.0874
french,IrXN65uF2D,18604,c'est un affluent direct de la seine en rive gauche,0.8235,0.6667,0.4902,0.7059
french,g5TFstLFyq,2535,il est un symbole de protection et de régénération,0.04,0.04,0.06,0.02
french,yP5TS6EloW,9976,il vécut a alexandrie,0.9524,1.0,1.0,1.0
french,5eh1ULfUPE,11098,rares sont ses romans qui ne font pas directement référence a sa propre enfance,0.7595,0.7848,0.6329,0.8481
french,u5rOEWmzeT,27373,elle figure en septième position,0.0625,0.0312,0.0625,0.0312
french,u5rOEWmzeT,27253,il est limité a l'est par le massif hercynien des vosges,0.1607,0.1786,0.1429,0.1786
french,ll30-whTFY,22479,les nobles francs avaient une façon différente de nommer les personnes,0.4286,0.1143,0.2571,0.3571
french,pUaQKQSh7E,16972,des clauses imposant une diversité géographique sont également stipulés dans les statuts,0.125,0.1023,0.0909,0.1136
french,ll30-whTFY,22476,la formation en alternance est également une possibilité,0.25,0.3929,0.8393,0.4107
french,3OxxtNhkuv,16348,il s'ensuit que les deux galaxies vont se rencontrer d'ici environ quatre milliards d'années,0.163,0.0543,0.3152,0.087
french,n-0_tPnwIy,26886,il ne pouvait pas faire autrement,0.8485,0.7273,0.7576,0.7576
french,chc_pimJ0Z,23279,les marées terrestres sont capables de déclencher des tremblements de terre de forte magnitude,0.3191,0.2553,0.2234,0.3085
french,3OxxtNhkuv,16360,la chlorophylle se trouve dans la membrane des thylakoides,0.3793,0.1034,0.2241,0.1207
french,0d3yVC7C9M,344,son principal effet est de diminuer le gain du système,0.0926,0.0185,0.2037,0.0926
french,sNt2CPV1iq,19170,il termine sa vie comme supérieur de missions étrangères,0.8214,0.75,0.8571,0.8929
french,IrXN65uF2D,18597,une constitution apostolique prend par exemple souvent la forme d'une bulle,0.9333,0.5467,1.0,0.6667
french,G47ONLSoe8,29157,la nouvelle société est autonome et possède son propre président directeur général,0.7561,0.6098,0.0854,0.7927
french,pUaQKQSh7E,17096,peu a peu antoine lassé par sa conquête exotique est très malheureux,0.2059,0.1324,0.2794,0.0882
french,ll30-whTFY,22376,quatre de ces tons comportent une laryngalisation,0.7143,0.449,0.898,0.7959
french,6ft7Ezz5sQ,20703,la partie située au sud a ensuite servi d'emplacement au chateau féodal,0.662,0.7324,0.9296,0.831
french,u5rOEWmzeT,27379,les résultats défièrent les attentes théoriques de plusieurs façons,0.1791,0.0746,0.1642,0.0448
french,Gw-9o1i7nY,5057,les développeurs sont dispersés dans le monde entier,0.1154,0.0385,0.0962,0.0192
french,G47ONLSoe8,29154,cependant ce groupe était paraphylétique,0.675,0.3,0.2,0.4
french,u5rOEWmzeT,27259,ces possibilités renvoient a d'autres paragraphes qui développent les conséquences des choix du lecteur,0.068,0.068,0.068,0.0583
french,G47ONLSoe8,29050,des phéniciens cette technique serait passée aux grecs et aux étrusques puis aux romains,0.4659,0.4886,0.4886,0.4091
french,pUaQKQSh7E,16955,elle ressemble en cela a la queue des cétacés,0.2667,0.2889,0.2222,0.2889
french,3OxxtNhkuv,16309,de plus des geysers d'eau ont été détectés a sa surface,0.3091,0.3091,0.3273,0.2909
french,n-0_tPnwIy,26823,elle s'est prononcée en faveur du mariage gai et du droit a l'avortement,0.7222,0.8472,0.7083,0.8194
french,r2eK3YXjAU,22121,sa survenue est toujours brutale,0.7188,0.625,0.75,0.7812
french,yP5TS6EloW,9970,elle ne sera pas publiée,1.0,0.8333,0.7917,1.0
french,yP5TS6EloW,9908,la nuit il commence a écrire des pièces en un acte,0.74,0.74,0.76,0.62
french,IrXN65uF2D,18510,les nervures sont peu apparentes,1.0,0.8438,0.6562,0.8125
french,Ds2mE5UGnZ,823,des bustes ornent les niches de la façade intérieure,0.2115,0.0769,0.3654,0.2692
french,Ds2mE5UGnZ,846,différents groupes socioculturels sont représentés au sein de la population camerounaise,0.1136,0.0341,0.0909,0.1136
french,u5rOEWmzeT,27217,de son premier mariage avec lucile il a deux enfants gilles et anne,0.7463,0.0896,0.209,0.0597
french,G47ONLSoe8,29122,le tout premier album vinyle contient des titres qui n'ont pas été réédités,0.6667,0.5333,0.7333,0.7067
french,pUaQKQSh7E,17039,un bloc de roche constitue un rocher,0.3889,0.3333,0.3056,0.3889
french,6ft7Ezz5sQ,20685,les assaillants prirent des femmes comme concubines,0.8039,0.6275,0.6863,0.7451
french,chc_pimJ0Z,23399,le tournage est également brièvement interrompu par les événements de la libération,0.3373,0.241,0.4578,0.4819
french,r2eK3YXjAU,22025,la foudre provoque également des parasites électromagnétiques qui perturbent les télécommunications,1.0,0.4242,0.7172,0.4848
french,g5TFstLFyq,2564,c'est l'objet de ce référendum,0.5333,0.5333,0.4,0.0333
french,3OxxtNhkuv,16304,cette nouvelle vision rejette dorénavant l'exportation de matières premières,0.1447,0.0921,0.1316,0.0789
french,0d3yVC7C9M,392,john philby l'un des premiers européens a le traverser et a le décrire,0.0857,0.1143,0.1571,0.1143
french,ZKoFaz9Mrj,8103,il est membre de la commission des lois,0.6923,0.7692,0.7692,0.7692
french,r2eK3YXjAU,22117,elle a une durée de vie quasi illimitée,1.0,0.8462,0.6923,0.8205
french,G47ONLSoe8,29062,ses travaux de recherche ont porté sur différents thèmes liés a l'imagerie astronomique,0.5402,0.5517,0.6322,0.7241
french,3OxxtNhkuv,16421,dans un dictionnaire arabe classique les entrées sont triées par racines,0.3611,0.0556,0.1667,0.0556
french,ll30-whTFY,22378,utilisé pour la récitation des mantras,1.0,0.8947,0.8158,0.8684
french,u5rOEWmzeT,27326,de grands réseaux sont en effet nécessaires pour commercialiser ces produits d'épargne défiscalisés,0.101,0.1414,0.2525,0.2626
french,chc_pimJ0Z,23322,rare et localisée,1.0,0.9412,1.0,1.0
french,Gw-9o1i7nY,5102,il fit arrêter les jésuites du portugal et de ses colonies,0.2759,0.1897,0.3276,0.1897
french,e97ki3c8DL,33225,le monopole ne se distingue alors plus de la situation de concurrence,0.1014,0.2029,0.087,0.2174
french,u5rOEWmzeT,27293,cette céréale est apparue a la même époque que l'engrain et l'amidonnier,0.3611,0.3194,0.4028,0.3889
french,6ft7Ezz5sQ,20748,le système ne fut pas un succès,0.9677,0.6452,0.6129,0.6129
french,u5rOEWmzeT,27321,la ville de vincennes lui a décerné la médaille d'honneur de la ville,0.0725,0.1594,0.1594,0.1739
french,G47ONLSoe8,28987,ils ne s'engagent pas dans l'armée,0.7353,0.7647,0.6176,0.6176
french,6ft7Ezz5sQ,20653,pour marquer la différence avec le royaume de france on l'appelle royaume teutonique,0.7738,0.6429,0.7619,0.619
french,sNt2CPV1iq,19179,les pressions développées par la langue sur les dents sont capables de les déplacer,0.506,0.5181,0.506,0.5181
french,gvsTumIuO1,7863,aujourd'hui seule la dordogne maritime a conservé un trafic notable,0.3582,0.3284,0.6119,0.6119
french,yP5TS6EloW,9953,il s'agit d'un roman paysan qui marque la rupture avec la science fiction,1.0,0.7808,0.7534,1.0
french,n-0_tPnwIy,26939,les clients sont les particuliers les théatres et le cinéma,0.8305,0.7288,1.0,0.7458
french,e97ki3c8DL,33213,sur la première image a gauche la sphère semble lisse,0.1698,0.1887,0.1698,0.1509
french,sNt2CPV1iq,19130,grande lectrice d'oeuvres théatrales elle se joint a une petite troupe amateur de remiremont,1.0,0.6522,0.7065,0.6957
french,yP5TS6EloW,9945,il en reste membre toute sa vie,0.5484,0.6774,0.6452,1.0
french,r2eK3YXjAU,22084,il fut inhumé dans le cimetière saint eustache,1.0,1.0,0.587,0.7609
french,yP5TS6EloW,10017,d'ailleurs cet aspect excentrique de son oeuvre lui attire l'intérêt des surréalistes,0.8235,0.6941,0.7529,0.6824
french,IrXN65uF2D,18507,ce dernier imagina un pylone métallique supportant les plaques de cuivre martelées et fixées,1.0,0.7391,0.8261,0.663
french,chc_pimJ0Z,23412,a la fin du conflit il fait carrière dans le cinéma,0.7843,0.4706,0.4314,0.4706
french,G47ONLSoe8,29196,six territoires néerlandais des caraibes se trouvent en dehors,0.6774,0.5806,0.7581,0.7258
french,r2eK3YXjAU,22101,je me suis réfugiée en france pour échapper a ce deuil,0.7778,0.7407,0.6111,0.7407
french,u5rOEWmzeT,27392,jacques françois revient rapidement en france ou il se consacre alors davantage au théatre,0.1333,0.0556,0.1778,0.1667
french,r2eK3YXjAU,21986,le film s'avère être un succès au box office indien et a l'international,0.8333,0.6667,0.7222,0.7778
french,chc_pimJ0Z,23336,on la rencontre sur des pelouses rases,0.5,0.6842,0.6579,0.6316
french,5eh1ULfUPE,11123,plusieurs de ses livres évoquent le sud des états unis,0.7593,0.6667,0.8519,0.7963
french,UnuvxPW6Pc,3513,l'islam au sénégal est connu pour sa tolérance et son ouverture a l'altérité,0.0526,0.0526,0.0395,0.0395
french,chc_pimJ0Z,23391,si bien que les habitants ont plutot délaissé l'agriculture pendant l'époque coloniale,0.4884,0.186,0.5465,0.4767
french,u5rOEWmzeT,27242,nombre de catholiques se rallient également,0.1395,0.0233,0.2791,0.0
french,yP5TS6EloW,9978,les sièges restants sont attribués en proportion de la population de chaque commune,0.5181,0.6506,0.5422,0.9157
french,UnuvxPW6Pc,3525,a ses débuts aux jeux paralympiques de heidelberg il ne remporte pas de médaille,0.1875,0.1625,0.6,0.175
french,ll30-whTFY,22455,la compagnie assure également la distribution en salles de courts et moyens métrages d'animation,0.1562,0.0938,0.6146,0.125
french,r2eK3YXjAU,22107,les conseillers municipaux sont élus pour une période de cinq ans,0.9231,0.6154,0.8154,0.6
french,Ds2mE5UGnZ,731,on résolut d'en faire le siège et de s'en emparer par la force,0.129,0.0323,0.1129,0.0484
french,e97ki3c8DL,33323,durant hésite encore,0.9,0.45,0.75,0.6
french,pUaQKQSh7E,17068,parfois un ou plusieurs pétales sont tendus en éperon ou gonflés a la base,0.1622,0.1622,0.1757,0.1622
french,ll30-whTFY,22497,elle est obtenue par un usinage ou estampage précis,1.0,0.8431,0.6078,0.6667
french,Gw-9o1i7nY,5026,il est encore très utilisé de nos jours en mongolie ainsi qu'au touva,0.3623,0.2464,0.3478,0.1449
french,6ft7Ezz5sQ,20753,elles sont des massifs montagneux allochtones de la partie externe de l'arc alpin,0.7531,0.6296,0.6543,0.7531
french,u5rOEWmzeT,27370,une position qui lui a valu d'être boycotté dans de nombreux pays arabes,0.25,0.125,0.6111,0.2639
french,G47ONLSoe8,29173,les déplacements en montagne étaient également très problématiques,0.4697,0.3939,0.3939,0.5909
french,5eh1ULfUPE,11124,son père est inspecteur vétérinaire,1.0,0.8,0.8571,0.9429
french,0d3yVC7C9M,299,on trouvera ci après quelques caractéristiques grammaticales générales de l'arménien,0.131,0.1429,0.1786,0.1429
french,r2eK3YXjAU,22089,la séparation effective du groupe survient quelques mois plus tard,0.8939,0.4394,0.7424,0.7576
french,G47ONLSoe8,29129,cet ensemble a été complété par un équipement social construit en plein centre bourg,0.8929,0.5833,0.25,0.4286
french,pUaQKQSh7E,16967,la population de poissons explose durant le dévonien,0.2115,0.1154,0.0769,0.2308
french,0d3yVC7C9M,399,ses membres sont nommés pour quatre ans par le roi,0.16,0.04,0.04,0.02
french,n-0_tPnwIy,26927,il est le dieu de l'ordre primordial,0.8333,0.8333,0.8889,0.6667
french,u5rOEWmzeT,27281,contrairement au gastrophète l'arbalète dispose d'un système avec une détente,0.2208,0.1948,0.1688,0.1948
french,pUaQKQSh7E,16985,le transport de puissances importantes sur de longues distances nécessite des tensions élevées,0.1064,0.0532,0.3511,0.0957
french,IrXN65uF2D,18565,cela choque une grande partie de l'élite qui désire un état moderne et indépendant,0.7073,0.6585,0.5122,1.0
french,3OxxtNhkuv,16379,la négation est toujours partielle,0.1176,0.1176,0.1176,0.2059
french,pUaQKQSh7E,16997,immédiatement exposée elle domine la galerie dans laquelle elle se trouve,0.0274,0.0411,0.0548,0.0137
french,u5rOEWmzeT,27297,il propose des sources précieuses pour l'histoire des sciences,0.0806,0.0645,0.0968,0.0161
french,pUaQKQSh7E,17076,elle est majeure pour la vie sur terre,0.1842,0.0789,0.0789,0.0
french,u5rOEWmzeT,27199,il s'orientera vers la musique électronique et expérimentale,0.2833,0.0167,0.4333,0.2333
french,pUaQKQSh7E,17070,du fait de sa température élevée ce plasma émet notamment du rayonnement dans l'extrême ultraviolet,0.2424,0.1515,0.2121,0.1616
french,3OxxtNhkuv,16314,l'appel suscite souvent l'émotion et présente une direction a emprunter,0.3099,0.1549,0.3099,0.1127
french,n-0_tPnwIy,26894,trois ans plus tard les premières apparitions extérieures sont faites sur la rue saint denis,1.0,0.6522,0.7609,0.6196
french,n-0_tPnwIy,26825,elle a siégé au conseil d'administration de plusieurs organismes au canada et aux états unis,1.0,0.8261,0.7174,0.7174
french,3OxxtNhkuv,16262,le trafic aérien s'effectue a partir de l'aéroport auxerre branches,0.1642,0.1642,0.2537,0.1642
french,e97ki3c8DL,33139,le chignon était la coiffure réservée aux servantes,0.1569,0.1176,0.1569,0.1569
french,sNt2CPV1iq,19147,dans le même temps notre homme achète une collection de faux diamants,0.4638,0.3043,0.5652,0.4203
french,yP5TS6EloW,9987,elle représente une variation instantanée relative,0.62,0.82,0.76,0.9
french,ZKoFaz9Mrj,8219,il est néanmoins élu le vice président de la métropole,0.3889,0.7778,0.7963,0.7963
french,ll30-whTFY,22411,parmi les victimes on dénombre un taux élevé de pneumonies asphyxiantes,0.5634,0.5493,0.5775,0.7183
french,n-0_tPnwIy,26957,l'idée est de maintenir ou d'améliorer le maillage bleu au sein de la commune,1.0,0.6494,0.7403,1.0
french,sNt2CPV1iq,19191,il développa les procédés dans l'emploi de la seule encre noire pour peindre,0.4342,0.3158,0.5658,0.3289
french,IrXN65uF2D,18652,les radioamateurs utilisent ce phénomène pour réaliser des liaisons expérimentales a grande distance,0.98,0.79,0.64,0.67
french,ll30-whTFY,22363,les feuilles ont une forme conique et ont seulement quelques millimètres de long,0.2125,0.175,0.7625,0.45
french,n-0_tPnwIy,26846,c'est toutefois le cinéma qui va lui apporter une immense popularité,0.9265,0.7353,0.6471,0.9265
french,3OxxtNhkuv,16239,la commune est principalement dépendante du tourisme en particulier de son domaine skiable,0.2556,0.1667,0.1667,0.1889
french,G47ONLSoe8,29194,les deux personnages étant en froid et ayant des convictions opposées,0.1884,0.5797,0.2754,0.4783
french,ll30-whTFY,22360,berceau de la famille de cardaillac,0.4286,0.5429,0.5429,0.4857
french,Ds2mE5UGnZ,743,les clubs et associations d'espéranto sont un autre vecteur d'apprentissage de l'espéranto,0.1222,0.1,0.1,0.1
french,n-0_tPnwIy,26974,il rétablit a rome l'hérédité de son titre dans la tradition césarienne,1.0,0.8592,0.7606,0.8169
french,pUaQKQSh7E,17027,les huissiers assurent l'ordre a l'intérieur du parlement,0.1053,0.1053,0.4035,0.1053
french,chc_pimJ0Z,23440,ce ratio indique la capacité de l'entreprise a rembourser ses dettes,0.8676,0.4559,0.2794,0.5147
french,6ft7Ezz5sQ,20634,les fruits peuvent être aussi confits ou conservés en saumure,0.1475,0.4098,0.6393,0.5574
french,u5rOEWmzeT,27307,le prototype est la distribution de dirac,0.439,0.0488,0.3659,0.0976
french,3OxxtNhkuv,16298,il permet de résoudre de façon pérenne les problèmes structurels de l'édifice,0.1299,0.026,0.2208,0.039
french,G47ONLSoe8,29058,leurs conditions de stockage doivent être controlées pour limiter la déperdition de matière organique,0.3861,0.5842,0.3168,0.4554
french,u5rOEWmzeT,27325,on peut les classer en quatre familles,0.6316,0.1316,0.5263,0.3947
french,pUaQKQSh7E,16966,il s'achève par une extinction massive,0.2368,0.1579,0.4211,0.2632
french,yP5TS6EloW,10047,son frère patrick a repris l'équipe,0.9714,0.8857,0.8,0.9429
french,chc_pimJ0Z,23438,la décision devient effective un an plus tard,0.8444,0.7556,0.7778,0.7778
french,n-0_tPnwIy,26913,l'importance de l'industrie dans la commune a permis de conserver une fiscalité très modérée,0.7391,0.7826,0.5761,0.8043
french,Gw-9o1i7nY,5059,caractéristique d'un corps gras elle est blanche et brillante dans des conditions physiologiques normales,0.0952,0.1429,0.1048,0.1333
french,0d3yVC7C9M,377,cet objet permet la gestion des erreurs,0.0,0.0,0.0513,0.0
french,6ft7Ezz5sQ,20602,il en est de même pour certaines versions languedociennes de la chichoumeille,0.5714,0.4545,0.3766,0.5195
french,sNt2CPV1iq,19163,en france la révolution enclenche une évolution dans la conception de la pauvreté,0.1111,0.1111,0.1975,0.0988
french,n-0_tPnwIy,26943,le but principal du coup est donc de briser ce solide,0.9057,0.8679,0.8302,1.0
french,sNt2CPV1iq,19152,richard s'ouvre un chemin vers le trone en assassinant frère neveux femme,0.9041,0.6027,0.6849,0.6027
french,sNt2CPV1iq,19214,des fonds sont également disponibles aux archives du ministère des affaires étrangères,0.314,0.2442,0.314,0.3488
french,e97ki3c8DL,33285,contrairement a la suspense ces effets sont indivisibles,0.2143,0.0893,0.25,0.1429
french,n-0_tPnwIy,26990,au total soldats alliés ont trouvé la mort face aux fortifications du mur,0.7534,0.8082,0.8767,0.9315
french,e97ki3c8DL,33291,a la condamnation divine se substitue la réparation si possible convenue entre les parties,0.1222,0.0444,0.0333,0.0333
french,3OxxtNhkuv,16283,chacune est réglementée par la loi et a son propre code de déontologie,0.4286,0.3429,0.2143,0.4286
french,u5rOEWmzeT,27364,les individus souffrant de ce syndrome peuvent exposer plusieurs signes et symptomes,0.3452,0.2381,0.2024,0.2262
french,sNt2CPV1iq,19122,la vitesse angulaire de cette rotation est aussi appelée taux de roulis,0.3803,0.3099,0.4648,0.3099
french,Gw-9o1i7nY,5107,la bresse possède son propre style en termes de mobilier,0.1071,0.25,0.3571,0.3214
french,g5TFstLFyq,2601,la morphologie est l'étude des morphèmes,0.425,0.075,0.2,0.225
french,0d3yVC7C9M,397,des discriminations subsistent notamment en matière fiscale,0.0339,0.0678,0.1017,0.0339
french,yP5TS6EloW,10008,il comprend des communes appartenant a la suisse la france et l'allemagne,0.7671,0.6712,0.6575,0.7671
french,e97ki3c8DL,33210,le jeu se veut décalé,0.1905,0.1429,0.2381,0.1429
french,3OxxtNhkuv,16277,il y fera établir un catalogue de fondamentales,0.0638,0.0213,0.0851,0.2128
french,IrXN65uF2D,18563,l'esprit et les principes sont très proches de la tragédie lyrique,0.6515,0.4394,0.3485,0.5758
french,yP5TS6EloW,9980,il s'agit du canton le moins peuplé de suisse,0.7333,0.8889,0.8444,0.8667
french,G47ONLSoe8,29167,ils manquent de munitions plient sous les obus percutants et la chaleur des incendies,0.6,0.7294,0.6471,0.5059
french,IrXN65uF2D,18617,son cours connait d'importants changements de direction dus aux formes armorico varisques du relief,1.0,0.8182,0.7879,0.8788
french,gvsTumIuO1,7819,le film est un flop critique et commercial,0.5952,0.0714,0.2857,0.0714
french,ll30-whTFY,22492,ils sont aussi utilisés comme pigments,0.6842,0.7105,0.8158,0.8421
french,UnuvxPW6Pc,3474,comme les fanzines les webzines sont souvent thématiques,0.1071,0.125,0.1429,0.1607
french,G47ONLSoe8,29060,deux petites zones artisanales ont été aménagées pendant les deux dernières décennies,0.4706,0.2706,0.2235,0.1529
french,Gw-9o1i7nY,5039,elle en partage aussi l'affiche avec pierre richard,0.5294,0.7059,0.8431,0.7059
french,gvsTumIuO1,7900,l'affaire est toujours en cours,0.4516,0.7742,0.7742,0.5806
french,IrXN65uF2D,18594,la construction de base de connaissances est une tache difficilement automatisable,0.6098,0.3902,0.4268,0.6585
french,gvsTumIuO1,7915,la ville est arrosée par l'allan et la lizaine,0.2826,0.3261,0.413,0.413
french,r2eK3YXjAU,22106,la réalisation d'un quartier comme celui ci demande énormément de temps et d'investissement,1.0,0.6923,0.6813,0.7802
french,u5rOEWmzeT,27204,ceci explique la modification du nom du groupe pour ce nouveau disque,0.1014,0.0,0.0145,0.0
french,u5rOEWmzeT,27245,dans une autre variante le gagnant est celui qui prend la dernière allumette,0.1184,0.0526,0.0921,0.0526
french,0d3yVC7C9M,384,jusqu'a aujourd'hui les découvertes de fossiles d'hominines pré homo ont eu lieu exclusivement en afrique,0.1143,0.1524,0.2667,0.1714
french,e97ki3c8DL,33317,ils auront un fils michel,0.12,0.12,0.12,0.12
french,yP5TS6EloW,9958,les moments vécus comme soldat et prisonnier de guerre ont influencé son oeuvre,0.8228,0.7595,0.7722,0.7848
french,Gw-9o1i7nY,5030,les habitants d'épagny sont nommés les épaniens et les épaniennes,0.4154,0.3385,0.3077,0.5846
french,IrXN65uF2D,18595,on en distingue de plusieurs sortes selon leur destination,0.7414,0.6552,0.5862,0.6552
french,n-0_tPnwIy,26889,en mathématiques il n'y a pas de définition communément admise,1.0,0.7742,0.6452,0.6935
french,e97ki3c8DL,33197,il se déclare par ailleurs royaliste,0.0556,0.0556,0.0556,0.0556
french,Gw-9o1i7nY,5050,la meilleure formation est celle de football américain,0.1296,0.037,0.0185,0.1852
french,6ft7Ezz5sQ,20612,le graphème est la plus petite entité d'un système d'écriture,0.3934,0.1803,0.4426,0.4918
french,sNt2CPV1iq,19182,les participants étudient des séquences de livres en petits groupes aidés par un tuteur,0.3678,0.1494,0.1839,0.2069
french,ZKoFaz9Mrj,8175,la principale ville située a l'intérieur des terres est nizwa ancienne capitale du sultanat,0.4835,0.4176,0.4835,0.3516
french,chc_pimJ0Z,23319,les biocarburants ou agrocarburants sont des carburants produits a partir de la biomasse,0.3977,0.2159,0.4659,0.3977
french,3OxxtNhkuv,16409,il est bati tout en longueur et orné d'une belle façade renaissance,0.4627,0.2388,0.5075,0.4478
french,IrXN65uF2D,18625,l'année suivante il obtient sa révocation,0.7073,0.9268,0.5366,0.7805
french,e97ki3c8DL,33350,les interactions se font hors caméra,0.1944,0.1944,0.0278,0.1667
french,gvsTumIuO1,7785,il a la capacité de se dupliquer une fois qu'il a été exécuté,0.1803,0.0656,0.459,0.0656
french,G47ONLSoe8,29132,certaines formes peuvent se développer a la suite d'un traumatisme articulaire,0.3077,0.3333,0.3846,0.4231
french,IrXN65uF2D,18611,les conditions de la réaction sont similaires a celles de l'alkylation présentée ci dessus,0.6778,0.5333,0.5778,0.5444
french,0d3yVC7C9M,410,il en résulte un retour en force des autrichiens,0.2917,0.2083,0.2708,0.2292
french,n-0_tPnwIy,26842,cette inhibition peut être réversible ou irréversible,0.7736,0.8302,1.0,0.7925
french,IrXN65uF2D,18572,ce premier dépot s'appelle le dépot prioritaire et sa date la date de priorité,0.9487,0.5,0.7564,0.6923
french,e97ki3c8DL,33226,ils n'eurent pas d'enfant,0.36,0.24,0.36,0.2
french,5eh1ULfUPE,11155,cependant le concert est annulé a cause de problèmes de sécurité,0.6562,0.6719,0.7812,0.6719
french,e97ki3c8DL,33217,mal lui en prit,0.2,0.4,0.6667,0.2667
french,ll30-whTFY,22499,une anche doit être un peu jouée avant de donner un bon son,0.8305,0.678,0.661,0.7119
french,UnuvxPW6Pc,3439,pendant plusieurs décennies les souris étaient des trackballs inversées,0.0845,0.0563,0.1127,0.0423
french,5eh1ULfUPE,11136,soient trois entiers naturels non nuls,0.7632,0.7368,0.7632,0.8158
french,gvsTumIuO1,7774,comme pour les autres particules élémentaires il a une dualité onde particule,0.3506,0.0779,0.0779,0.0779
french,chc_pimJ0Z,23421,les démocrates répondirent avec leurs représentants les plus influents,0.4714,0.3857,0.2857,0.4143
french,ZKoFaz9Mrj,8186,il est un politicien mexicain,1.0,0.6897,0.8621,0.6552
french,sNt2CPV1iq,19124,s'il s'incline d'un coté seulement on dit qu'il gite,1.0,0.7308,0.7115,0.7308
french,0d3yVC7C9M,291,ces formulations ne se retrouvent toutefois plus chez les anarchistes actuels,0.1558,0.0779,0.1429,0.0909
french,6ft7Ezz5sQ,20623,pour les fichiers l'utilisation est tout autre,0.3913,0.413,0.5652,1.0
french,Gw-9o1i7nY,5041,ceci le rend vulnérable aux attaques par analyseur de paquets,0.623,0.3934,0.5902,0.5574
french,IrXN65uF2D,18550,les brèmes grandissent moins vite quand leur teneur en métaux lourds augmente,0.7792,0.7273,0.7532,0.7273
french,yP5TS6EloW,10007,la population est en majorité germanophone et protestante,0.7719,0.7018,0.7544,0.7895
french,IrXN65uF2D,18612,contrairement au cas de l'alkylation il ne peut pas y avoir d'acylations multiples,0.8293,0.5976,0.5854,0.6829
french,IrXN65uF2D,18554,l'hiver il vit au ralenti et s'enfouit dans la vase,0.7451,0.6667,0.7255,0.7059
french,IrXN65uF2D,18584,son père est le jeune frère des empereurs françois joseph d'autriche et maximilien du mexique,0.914,0.8065,0.7204,0.7419
french,sNt2CPV1iq,19145,avant de devenir acteur il étudie la médecine puis il entre au conservatoire,0.8684,0.8553,0.8421,0.8421
french,IrXN65uF2D,18518,coté jardin la façade est la plus grande du marais,0.7,0.74,0.78,0.76
french,e97ki3c8DL,33203,en réalité il est un passionné des casse têtes,0.1522,0.1522,0.5435,0.2391
french,pUaQKQSh7E,16980,il est également utilisé de façon similaire dans des réseaux privés virtuels,0.0789,0.0263,0.0395,0.0263
french,yP5TS6EloW,9995,auparavant le canton comptait six districts,1.0,0.8605,0.907,0.8372
french,g5TFstLFyq,2573,ensuite c'est l'étude des phénomènes météorologiques,0.0577,0.0577,0.0385,0.0385
french,6ft7Ezz5sQ,20629,il y effectue un discours de réception sur le décor symboliste,0.5161,0.2581,0.6129,0.2903
french,6ft7Ezz5sQ,20746,la trajectoire d'entrée en station est souple et sans a coups,0.6721,0.7049,0.6393,0.7213
french,r2eK3YXjAU,22010,un des premiers symptomes est une déformation de l'écorce des branches de l'orme adulte,0.6897,0.6437,0.6897,0.5287
french,ll30-whTFY,22446,ils ralentissent la recherche découragent la collaboration et retardent les percées,0.1928,0.2771,0.8313,0.3735
french,0d3yVC7C9M,361,il devient alors végétarien et commence a pratiquer le yoga,0.0508,0.0339,0.0508,0.0339
french,sNt2CPV1iq,19149,cette rencontre agit comme un coup de foudre,0.7727,0.7955,0.75,0.8636
french,ZKoFaz9Mrj,8172,progressivement les missionnaires chrétiens vont arriver a proscrire cette pratique,0.747,0.5181,0.506,0.6988
french,6ft7Ezz5sQ,20626,le film convainc moyennement la critique mais fonctionne très bien au box office,0.8125,0.4,0.725,0.4375
french,pUaQKQSh7E,17032,il existe aussi de nombreux lacs artificiels a vocation hydroélectrique,0.2535,0.1831,0.1408,0.1831
french,3OxxtNhkuv,16253,elle est aussi ancienne que le droit de la guerre,0.1224,0.0408,1.0,0.0408
french,ll30-whTFY,22402,nous étions fascinés par sa voix,0.0938,0.9062,0.7812,0.5
french,G47ONLSoe8,29046,mais la famille royale le déteste,0.5455,0.697,0.5455,0.697
french,sNt2CPV1iq,19116,il fut aussi traducteur de littérature surtout anglaise,1.0,0.3091,0.5818,0.3273
french,sNt2CPV1iq,19125,en aéronautique il est commandé par une poussée ou une traction sur le manche,0.4805,0.2727,0.5584,0.5584
french,n-0_tPnwIy,26907,c'est sous cette forme que le lambic était autrefois majoritairement consommé,0.8831,0.6234,0.7922,0.7792
french,g5TFstLFyq,2544,min est sans doute une des divinités les plus anciennes de l'égypte,0.0746,0.0896,0.0896,0.0746
french,g5TFstLFyq,2542,son discours influera sur le jugement final,0.0465,0.0698,0.1163,0.0465
french,e97ki3c8DL,33247,elle essaie de la réinsérer dans la vie,0.3077,0.3077,0.3077,0.3077
french,UnuvxPW6Pc,3452,cependant la contrainte sur l'armée et les finances avait affaibli considérablement le bakufu,0.1075,0.0968,0.1398,0.0968
french,ll30-whTFY,22426,plusieurs fois arrêté il réussit a cacher sa véritable identité et a s'évader,0.2987,0.6494,0.6623,0.5974
french,e97ki3c8DL,33320,elle comporte une trentaine de dates dans plusieurs pays d'europe,0.0462,0.0923,0.0462,0.1231
french,pUaQKQSh7E,16998,par conséquent certains détails deviennent aujourd'hui très difficiles a distinguer,0.1928,0.0482,0.241,0.0482
french,0d3yVC7C9M,366,ce droit ne peut être détourné par des musiciens ce qui authentifie son unicité,0.0759,0.0759,0.0253,0.038
french,0d3yVC7C9M,341,le cartel s'opposait a l'établissement d'une telle norme,0.1071,0.1964,0.2857,0.0893
french,UnuvxPW6Pc,3536,certaines sont contemplatives d'autres plus pratiques,0.1509,0.0377,0.0377,0.0
french,ZKoFaz9Mrj,8137,il a depuis été réélu a chaque élection municipale,0.46,0.2,0.32,0.4
french,6ft7Ezz5sQ,20666,l'ostéoporose est fréquente après un alitement prolongé,0.8545,0.7091,0.5818,0.6364
french,chc_pimJ0Z,23408,sa défiance naturelle vis a vis du théatre n'est cependant pas qu'anecdotique,0.5974,0.5974,0.4935,0.6753
french,gvsTumIuO1,7786,le ver est conçu pour se copier d'un ordinateur a un autre automatiquement,0.4189,0.3784,0.3243,0.5541
french,chc_pimJ0Z,23331,l'épiscopat français ne reste pas sans réagir,0.3333,0.2222,0.5333,0.4667
french,n-0_tPnwIy,26953,les vingt cinq dernières années ne connaissent pas d'augmentation importante de la démographie,1.0,0.9362,0.9362,0.8511
french,G47ONLSoe8,29019,les types d'intonation qui les expriment sont considérés comme fondamentaux,0.4,0.3467,0.2267,0.6933
french,e97ki3c8DL,33141,ainsi les cairns deviendraient de plus en plus grands,0.0943,0.1132,0.0943,0.0755
french,ZKoFaz9Mrj,8113,a cette occasion il permet la régularisation des sans papiers,0.4262,0.3607,0.3443,0.5082
french,chc_pimJ0Z,23267,l'empire romain les utilise notamment comme relais pour ses armées,0.3939,0.2576,0.2879,0.4242
french,ZKoFaz9Mrj,8189,ces pays et organisations participent aux couts de fonctionnement des expériences auxquelles ils participent,0.3333,0.037,0.3889,0.0556
french,sNt2CPV1iq,19141,c'est le début d'une nouvelle carrière,0.7368,0.4474,0.5263,0.3947
french,0d3yVC7C9M,333,il est enterré avec son épouse a paris au cimetière saint vincent,0.1692,0.0923,0.2615,0.1231
french,6ft7Ezz5sQ,20663,l'industrie automobile et les industries connexes sont alors appelées a une profonde évolution,0.883,0.5,0.5106,0.5638
french,Ds2mE5UGnZ,752,la génération de code et l'édition de liens constituent la partie finale,0.0417,0.0417,0.0417,0.0556
french,e97ki3c8DL,33127,son père un puissant homme d'affaires n'est jamais la,0.3019,0.3019,0.434,0.3585
french,n-0_tPnwIy,26891,il pense qu'a terme ces deux domaines n'en formeront plus qu'un seul,0.8088,0.6765,0.7206,0.7794
french,n-0_tPnwIy,26874,plus un abri est enterré profondément plus il protège des rayonnements,1.0,0.8286,0.7714,1.0
french,sNt2CPV1iq,19143,celui ci cependant ne lui donne jamais sa chance en tant qu'acteur,0.5,0.4394,0.5455,0.4394
french,Gw-9o1i7nY,5098,même marie thérèse son dernier espoir supprimait l'ordre en autriche,0.6324,0.5735,0.6912,0.5735
french,u5rOEWmzeT,27345,ces méthodes ont été les premières utilisée,0.0698,0.0465,0.186,0.0465
french,gvsTumIuO1,7914,le lieu conservera ce nom qui deviendra lorient,0.1702,0.2553,0.4681,0.5957
french,g5TFstLFyq,2559,c'est surtout le symbole de la main noire qui leur plut,0.2,0.2182,0.3091,0.2182
french,G47ONLSoe8,29008,cependant le bureau a distance administratif est disponible,0.4915,0.2203,0.2542,0.4407
french,ll30-whTFY,22397,le matériau de construction était le fer,0.3,0.375,0.575,0.475
french,G47ONLSoe8,29183,la salle étant également dans certains cas aussi décorée aux couleurs du spectacle,0.7073,0.3171,0.4634,0.5122
french,e97ki3c8DL,33237,dans le modèle publication abonnement des entités s'inscrivent sur un topic pour recevoir des messages,0.0686,0.0294,0.0588,0.0294
french,chc_pimJ0Z,23445,le risque d'embrasement était réel,0.7353,0.2941,0.3235,0.8824
french,gvsTumIuO1,7810,les fichiers légitimes sont donc perdus,0.4359,0.6154,0.7692,0.7692
french,3OxxtNhkuv,16316,toutefois le vote des droits civiques ne se fit pas sans difficulté,0.194,0.1642,0.4627,0.2388
french,G47ONLSoe8,29065,les chinois ont cultivé le litchi depuis des siècles développant de nombreux cultivars,0.5814,0.1279,0.2907,0.2558
french,n-0_tPnwIy,26895,différentes pièces de théatre a saveur humoristique sont présentées,0.806,0.8657,0.5821,0.7313
french,3OxxtNhkuv,16340,ce chanteur vit de l'argent que ses auditeurs lui donnent,0.1228,0.0702,0.193,0.0526
french,r2eK3YXjAU,22015,par opposition les données en différé sont transmises après un laps de temps déterminé,0.7674,0.5698,0.4535,0.6163
french,gvsTumIuO1,7787,les données qui sont corrompues ou détruites par un ver informatique sont généralement irrécupérables,0.198,0.2178,0.3663,0.297
french,ll30-whTFY,22365,son climat est tropical,1.0,0.8261,0.8696,1.0
french,pUaQKQSh7E,17085,sunnites ils reconnaissaient l'autorité du calife abbasside de bagdad dont ils étaient les vassaux,0.1837,0.1429,0.1122,0.1327
french,3OxxtNhkuv,16294,ses panaches atteignent une taille impressionnante équivalente a la taille du système solaire entier,0.38,0.16,0.34,0.29
french,u5rOEWmzeT,27221,les métaplasmes sont décrits en détail dans les articles qui leur sont consacrés,0.0375,0.025,0.0125,0.0125
french,sNt2CPV1iq,19144,du coup elle s'est sentie inutile de trop,0.6585,0.7073,0.439,0.561
french,yP5TS6EloW,9968,ce qui explique également que son genre de prédilection soit la nouvelle,0.7361,0.7083,0.6667,0.7361
french,G47ONLSoe8,29012,elles servent a illustrer et doivent donc rester rudimentaires devenant autrement vite illisibles,0.701,0.5876,0.4021,0.6082
french,3OxxtNhkuv,16425,dans le cas contraire des points sont déduits,0.5556,0.2889,0.1778,0.2667
french,6ft7Ezz5sQ,20737,l'arboriculture fruitière consiste en la production de fruits de bouches,0.5694,0.7083,1.0,0.6389
french,n-0_tPnwIy,26864,ces lanceurs permettent d'emporter des bombes intelligentes qui étaient jusqu'alors accrochées sous les ailes,0.7523,0.7523,0.6606,0.7156
french,u5rOEWmzeT,27244,la méthode repose sur le système binaire,0.125,0.0,0.025,0.15
french,3OxxtNhkuv,16268,elle était constituée par le canada la pologne et l'inde,0.2679,0.1071,0.125,0.2321
french,gvsTumIuO1,7777,sa propagation fut foudroyante,1.0,0.4333,1.0,1.0
french,n-0_tPnwIy,26878,il peut parfois être synonyme de concentration,0.8696,0.8261,0.913,0.8261
french,ZKoFaz9Mrj,8208,son bilan est très critiqué notamment au sein du parti,0.7778,0.9074,1.0,1.0
french,G47ONLSoe8,29013,il est celui qui a introduit la notion du surplus dans la science économique,0.3816,0.3289,0.2763,0.4079
french,3OxxtNhkuv,16248,elle était alors la plus petite ville de l'histoire a avoir remporté ces jeux,0.1688,0.0909,0.0909,0.0779
french,pUaQKQSh7E,17006,cette différence permet de distinguer une racine d'une tige,0.2203,0.1186,0.1017,0.1017
french,ll30-whTFY,22494,les premières machines étaient entièrement mécaniques sans processeur sans électricité,0.4186,0.3256,0.407,0.5116
french,g5TFstLFyq,2553,autrement dit celui qui doit gouverner la cité c'est l'homme qui agit avec sagesse,0.0732,0.0244,0.1341,0.0244
french,g5TFstLFyq,2590,le départ de la chanteuse shara nelson n'arrange pas les choses,0.1905,0.1587,0.4603,0.1905
french,ll30-whTFY,22404,un même entraineur ne peut exercer cette fonction deux années consécutives,0.2432,0.3378,0.3649,0.3378
french,UnuvxPW6Pc,3432,la rue située immédiatement au sud du temple s'appelle south temple street,0.1216,0.1216,0.0946,0.2027
french,Ds2mE5UGnZ,773,la communication est aussi une forme de manipulation,0.0385,0.0192,0.0385,0.0385
french,ll30-whTFY,22509,les hauteurs ainsi dérivées sont appelées hauteurs orthométriques normales,0.527,0.4189,0.7027,0.7838
french,chc_pimJ0Z,23315,il a adopté une déclaration de principes et un plan d'action,0.2333,0.0667,0.1667,0.0833
french,ZKoFaz9Mrj,8135,il est président du bureau du conseil national de la mer et des littoraux,0.2329,0.3151,0.3562,0.2329
french,0d3yVC7C9M,332,au duo mère fils se joint parfois un ami d'arthur également violoniste,0.2429,0.1714,0.1571,0.2286
french,g5TFstLFyq,2540,elle est le fondement de tout édifice et le lit de briques de l'accouchement,0.1053,0.0789,0.3684,0.0526
french,ZKoFaz9Mrj,8120,il se déclare hostile au mariage homosexuel,0.9302,0.7209,0.7674,0.7209
french,r2eK3YXjAU,22060,de manière générale un ukulélé acoustique peut être facilement équipé d'un capteur piézoélectrique,0.7551,0.7653,0.7245,0.9796
french,3OxxtNhkuv,16399,la province affiche l'un des plus hauts niveaux d'inégalité de chine,0.1912,0.0735,0.1324,0.1029
french,ZKoFaz9Mrj,8205,le rapport mandal est très critiqué a sa publication,1.0,0.5769,0.6538,0.9808
french,yP5TS6EloW,10067,malgré la victoire du duc de guise a dormans sur l'avant garde doit s'incliner,0.641,0.7179,1.0,0.7179
french,Gw-9o1i7nY,5036,il commence sa scolarité a albi ou son père a été nommé,0.7818,0.4727,0.5455,0.6909
french,Gw-9o1i7nY,5099,il admire particulièrement les mathématiques,0.5455,0.3636,0.5,0.4773
french,sNt2CPV1iq,19168,la section suivant le tableau présente quelques uns de ces noms supplémentaires,0.481,0.2658,0.2785,0.3291
french,chc_pimJ0Z,23362,chacun mourra non pas suivant sa faute mais conformément a sa personnalité,0.4324,0.3243,0.3919,0.1892
french,ZKoFaz9Mrj,8157,a ce titre les juges ont demandé la levée de son immunité parlementaire,0.3239,0.169,0.338,0.1127
french,sNt2CPV1iq,19190,robert temple suppose qu'une sorte de taraud était utilisée dans ces systèmes,0.3896,0.5195,0.4286,0.4545
french,6ft7Ezz5sQ,20637,il est le plus grand parc de la ville de quito,0.4565,0.5217,0.2826,0.6739
french,e97ki3c8DL,33314,chaque téléfilm forme une histoire complète indépendante avec des personnages et acteurs non récurrents,0.1553,0.0777,0.2233,0.068
french,6ft7Ezz5sQ,20677,il est ainsi possible d'auditer certains utilisateurs ou groupes les opérations de montage etc,0.8191,0.5426,0.7979,0.7766
