speaker_id,sentence_id,reference,pre_clean,ft_clean,pre_white_snr+20,ft_white_snr+20,pre_white_snr+10,ft_white_snr+10,pre_white_snr+5,ft_white_snr+5,pre_white_snr+0,ft_white_snr+0,pre_white_snr-5,ft_white_snr-5,pre_pink_snr+20,ft_pink_snr+20,pre_pink_snr+10,ft_pink_snr+10,pre_pink_snr+5,ft_pink_snr+5,pre_pink_snr+0,ft_pink_snr+0,pre_pink_snr-5,ft_pink_snr-5
p26,u00,온라인에서 주식 투자 고수 행세를 하던 삼십 대 여성이 백 육십 억 원을 가로챈 혐의로 실형을 받았다,0.5893,0.1964,0.7143,0.2143,0.8214,0.25,0.8036,0.4643,6.8571,0.5536,0.8393,0.5893,0.75,0.2679,0.7143,0.3393,0.75,0.3571,0.8036,0.5357,0.8214,0.7857
p26,u01,십 일 일 법조계 등에 따르면 대구지법은 이날 특정 경제 범죄 가중 처벌에 관한 법률 위반 등의 혐의로 기소된 에이 씨에게 징역 팔 년을 선고했다,2.6543,0.0864,0.6914,0.2346,0.6914,0.3704,0.7654,0.5309,0.8025,0.5926,3.0617,0.7284,0.6914,0.2346,0.7037,0.321,0.7654,0.4938,0.8889,0.5926,0.8272,0.7654
p26,u02,지난 이천 십 오 년 삼 월부터 에이 씨는 자신의 에스엔에스에 수백 만 원에서 수천 만 원에 달하는 수익을 얻은 사진을 허위로 올렸다,0.6351,0.1486,0.7162,0.3919,3.6081,0.5135,5.2838,0.5,5.7297,0.5946,5.7162,0.6757,0.6486,0.2838,0.9459,0.4054,3.8784,0.473,11.6216,0.5946,0.8784,0.5946
p26,u03,또 고급 외제차 명품 등의 사진을 올리며 호화생활을 하는 이미지를 쌓아 투자자 사이에서 신의 타점이라고 불리기도 했다,0.5385,0.1385,0.6769,0.2154,0.7231,0.4615,0.8462,0.4308,3.2462,0.5385,5.3231,0.7385,0.5231,0.1846,5.3846,0.2923,3.2,0.3846,0.9231,0.6769,4.6769,0.6923
p26,u04,에이 씨는 주식 투자 명목으로 투자자 사십 사 명을 모아 백 육십 일 억 원을 가로채고 투자 강연 명목으로 백 오십 사 명으로부터 오 억 여원을 받은 혐의로 재판에 넘겨졌다,0.5521,0.1771,0.6354,0.1562,0.6458,0.2396,0.7708,0.3542,0.7083,0.5417,2.7812,0.6146,0.6458,0.2396,0.6458,0.1979,0.75,0.3333,0.7292,0.5625,2.8021,2.25
p26,u05,재판부는 피고인은 주식 투자 능력이 뛰어난 것처럼 투자 수익과 잔고 증명 등을 조작한 허위 자료를 만들어 피해자들을 속였다며 징역 팔 년을 선고했다,0.7439,0.1707,0.6341,0.2073,0.6341,0.3537,0.8537,0.4024,0.9024,0.5732,4.2805,0.7317,0.6585,0.1951,0.7317,0.3415,3.378,0.378,0.7927,0.5,0.8049,0.6707
p26,u06,양형에 대해서는 다수의 피해자들이 엄벌을 탄원하는 점 범행을 부인하고 잘못에 대해 진지한 반성의 태도를 보이지 않는 점 등을 종합했다고 설명했다,0.575,0.1,0.575,0.1875,0.7375,0.3,0.9125,0.975,2.8875,0.525,0.7375,0.675,0.5125,0.2875,0.675,0.3375,0.8,0.45,3.7875,0.5375,0.975,0.675
p26,u07,또 형사배상명령을 신청한 피해자 여덟 명의 요구를 받아들여 에이 씨에게 최소 천 만 원에서 최대 일 억 원까지 배상할 것을 명령했다,0.6027,0.2192,0.6575,0.2329,5.0137,0.3562,0.8219,0.411,3.8082,0.7123,0.8767,0.7671,0.6575,0.2055,0.7808,0.3425,0.8356,0.4521,5.137,0.6575,3.8082,0.8219
p26,u08,신협사회공헌재단이 전북 장수군 지역민들을 대상으로 의료봉사를 실시했다고 이십 구 일 밝혔다,0.54,0.18,0.66,0.3,0.74,0.42,0.74,0.36,0.9,0.6,4.5,0.68,0.78,0.28,0.68,0.34,0.82,0.4,0.86,0.62,0.86,0.86
p26,u09,지난 이십 오 일부터 이날까지 진행된 이번 의료봉사는 무궁화신협이 주관하고 신협중앙회와 신협사회공헌재단이 후원 경희대 의료봉사단 피닉스가 협력하는 사업이다,0.6744,0.1628,0.6628,0.3023,0.7791,0.3953,3.5233,0.5,3.0233,0.7326,4.3605,0.8023,0.814,0.2907,0.7209,0.314,3.2326,0.5,3.1395,0.6047,2.4651,0.8256
p26,u10,무궁화신협 임직원과 경희대 의료봉사단원 총 칠십 여명의 봉사자가 참여해 장수군 지역민 약 천 명을 대상으로 무료 진료를 제공했다,0.7183,0.2676,0.6761,0.3944,0.7183,0.507,0.7606,0.5352,0.8169,0.6197,4.169,0.7324,0.6901,0.2958,0.8028,0.5634,0.7324,0.507,0.8592,0.5493,4.507,0.6338
p26,u11,외과 침구과 보안간호과 주민과 등 총 여덟 개 파트에서 침부항뜸 치료 외용 치료 치매 및 불면증 치료 테이핑 요법 등 맞춤형 진료와 처방을 진행했다,0.7805,0.4268,3.7561,0.4634,3.8293,0.6098,4.5,0.5976,5.7317,0.8415,3.3659,0.7317,3.6829,0.4268,3.6098,0.4756,3.8415,0.5976,3.4024,0.6341,4.0854,3.8049
p26,u12,신협사회공헌재단은 이천 십 오 년부터 육 년간 도서산간 등 의료 접근성이 낮은 취약지역 내 주민을 대상으로 하계와 동계 연 이 회 한방의료봉사 사업을 실시하고 있다,0.6154,0.1648,0.7253,0.1758,0.7802,0.3297,0.8681,0.4505,3.3956,0.6154,3.0,0.7582,0.6703,0.1648,0.7363,0.3736,0.8571,0.4505,0.7692,0.5824,2.9341,0.8352
p26,u13,현재까지 전국 십 이 개 지역 내 의료 취약계층 일 만천백칠십삼 명에게 다양한 무료 한방진료를 제공했다,0.7895,0.2982,0.8246,0.4561,0.8421,0.5789,0.807,0.6491,4.2982,0.7368,0.8596,0.8421,0.7193,0.4386,0.807,0.5088,0.807,0.7193,0.8596,0.7719,4.9474,4.7193
p26,u14,경희대 의료봉사단과 신협 임직원으로 구성된 총 육백 칠 명의 자원봉사자가 참여했다,0.6,0.1111,0.7333,0.3556,0.8667,0.4444,0.8444,0.4444,0.8222,0.6,0.8444,0.7111,0.8444,0.3111,0.9778,0.3556,0.8667,0.4444,0.7333,0.7333,5.0222,0.7111
p26,u15,베이징 동계 올림픽 개막을 하루 앞둔 가운데 베이징은 추가 확진자가 나흘째 한 자릿수를 기록했다,0.434,0.2264,0.6792,0.283,0.717,0.5283,0.6981,0.5283,0.8491,0.5849,6.1509,0.7547,0.5849,0.3019,0.7358,0.434,0.7925,0.5472,0.8113,0.6415,0.7736,0.7358
p26,u16,삼 일 중국 국가위생건강위원회에 따르면 전날 하루 베이징에서는 추가 확진자 두 명이 발생했다,0.7059,0.0196,0.8431,0.0784,0.7451,0.2549,0.8431,0.4314,0.8431,0.7059,0.8627,0.7059,0.6863,0.0196,0.7451,0.2157,0.902,0.1373,0.8235,0.6667,0.8235,0.7843
p26,u17,베이징에서는 지난달 삼십 일 확진자 세 명이 발생한 이래 삼십 일 일 두 명 이 월 일 일 두 명 이 일 두 명 등 나흘째 추가 확진자 수가 크게 늘지 않고 있다,0.6222,0.0556,0.7111,0.0889,0.8556,0.2667,2.1222,0.4444,2.9556,0.6,2.8333,0.7333,0.7444,0.0889,2.1889,0.1778,2.9667,0.4667,2.7333,0.6,0.9111,0.7
p26,u18,베이징시 당국은 추가 확진자 모두 집중 격리 지역에서 나왔다면서 증상 역시 가벼운 경증 환자들이라고 설명했다,0.7333,0.1,0.75,0.1333,0.7,0.25,0.7833,0.45,0.8,0.6,0.9167,0.7167,0.7167,0.1667,0.7667,0.3,0.7167,0.4333,0.9,0.5833,0.8833,0.7167
p26,u19,한편 베이징 동계올림픽을 위해 중국에 온 선수단과 취재진 등 대회 관계자의 코로나 일구 누적 확진자가 이백 삼십 명을 넘어섰다,0.7857,0.1857,0.7857,0.3143,0.7857,0.4571,0.7857,0.5571,0.8,0.7143,3.3,0.7714,0.8,0.4143,0.8143,0.4429,0.7571,0.4857,0.8,0.6286,0.8857,0.7571
p26,u20,이 일 베이징 동계올림픽 조직위원회에 따르면 전날 하루 동안 동계올림픽 관련 입국자 서른 두 명이 코로나일구 확진 판정을 받았다,0.8873,0.1972,0.7746,0.1831,0.7887,0.5211,0.7746,0.6056,3.9296,0.7606,3.9155,0.7606,3.7746,0.2535,0.8028,0.3944,0.8592,0.5211,7.1268,0.6901,0.8732,4.8451
p26,u21,이에 따라 동계올림픽 관계자에 대한 핵산 검사를 시작한 지난달 이십 삼 일부터 개막식을 사흘 앞둔 전날까지 대회 관련 확진자는 모두 이백 삼십 이 명으로 늘었다,0.7191,0.1685,0.6742,0.2022,0.9888,0.4494,2.8427,0.5955,0.8876,0.6292,3.191,0.7303,0.6966,0.191,0.7191,0.3258,0.7865,0.5506,3.3483,0.6854,0.8652,0.7753
p26,u22,동계올림픽 조직위 관계자는 올림픽을 위해 입국한 선수와 관계자들은 폐쇄루프식 관리가 이뤄지고 있다며 외부와의 접촉은 완전히 차단됐다고 설명했다,0.6076,0.2785,0.8861,0.3291,3.7342,0.5063,0.8354,0.519,4.6835,0.6835,0.8354,0.7342,0.6076,0.2658,2.6456,0.5063,0.962,0.5823,3.5443,0.6709,0.8987,0.8354
p26,u23,코로나 일구의 엔데믹으로 해외여행이 늘어나자 대표적인 유럽 관광 대국인 스페인에선 호텔 숙박비가 작년 대비 평균 삼십 육 퍼센트 오르는 현상이 나타났다,0.8452,0.1667,0.6905,0.3095,3.2976,0.5,0.881,0.5952,0.881,0.6786,0.881,2.9762,3.25,0.2381,3.2976,0.3929,3.2262,0.5238,0.8452,0.6905,0.8929,0.7381
p26,u24,스페인 통계청에 따르면 스페인 현지 호텔의 올해 부활절 전후 하루 평균 숙박비는 구십 육 점 삼 유로로 집계됐다고 로이터 통신이 보도했다,0.8026,0.2895,4.6053,0.5526,0.8289,0.5395,4.0789,0.5395,0.7895,0.7632,0.7895,0.8421,4.6711,0.4342,0.8816,0.4868,3.8684,0.6184,3.6711,0.8158,3.6447,0.8026
p26,u25,이는 전년도 같은 기간보다 삼십 육 퍼센트 비싸고 코로나 일구 유행 전인 이천 십 구 년 사 월보다도 십 오 퍼센트 높은 가격이다,0.6667,0.0833,0.6944,0.3611,0.75,0.5139,0.8333,0.5556,0.7917,0.6667,0.8194,0.6806,0.6528,0.1944,0.8056,0.3333,0.8333,0.5833,0.7917,0.7083,2.8194,0.7222
p26,u26,오 성급 호텔의 하루 평균 숙박비는 약 이백 이십 육 점 오 유로로 작년과 비교해 이십 삼 퍼센트 상승했다,0.8305,0.2373,0.7627,0.3729,0.7966,0.5424,5.4068,0.7119,2.2034,0.7458,4.5085,3.678,0.8305,0.3559,0.7627,0.5254,0.8305,0.5932,0.8983,0.7119,5.0,0.7458
p26,u27,이 성급 등 저렴한 호텔들의 하루 평균 숙박비 역시 사십 퍼센트가량 오른 육십 육 유로으로 집계됐다,0.7818,0.2182,0.7273,0.3636,0.8364,0.5455,0.8,0.6182,0.8727,0.6727,0.8545,0.8,0.8727,0.3455,0.7818,0.6727,0.8545,3.8182,0.8,0.6364,0.9455,0.8364
p26,u28,스페인의 호텔 숙박비가 가파르게 상승한 것은 인근 유럽 국가들이 최근 차례로 여행 규제를 완화하면서 관광객 수요가 폭발적으로 증가했기 때문이다,0.6203,0.1392,0.7215,0.3418,0.6835,0.3924,0.7468,0.6076,0.8101,0.6709,0.8608,0.7342,0.7848,0.3291,4.0253,0.4304,0.7848,0.4304,2.8734,0.4937,5.3797,0.7975
p26,u29,올해 삼 사 월 스페인 호텔에 투숙한 관광객 수는 전년도 같은 기간의 다섯 배 이상으로 증가했다,0.6226,0.2075,0.6604,0.283,0.9057,0.3585,0.9811,0.4528,0.8113,0.7547,0.9811,0.8302,0.7358,0.3208,0.8113,0.3774,0.8302,0.3396,0.9623,0.566,0.8113,5.0
p26,u30,사 월 한 달간 관광 목적으로 스페인에 입국한 사람의 수는 이천 십 구 년의 팔십 육 퍼센트 수준을 보였다,0.7458,0.1695,0.7119,0.2034,0.7627,0.3729,5.2373,0.5593,0.7797,0.5254,0.7966,0.678,0.6441,0.1864,0.7458,0.3729,0.6271,0.3898,0.7966,0.5763,0.8983,4.9831
p26,u31,관광객들이 선호하는 일부 섬 등의 방문객 수는 이미 코로나 일구 유행 이전 수준을 회복한 것으로 파악된다고 스페인 통계청은 밝혔다,0.7639,0.2361,0.8194,0.2361,3.9861,0.4583,5.9722,0.5556,0.8333,0.5556,3.9167,0.7917,0.8472,0.3472,5.8472,0.4028,4.4028,0.6111,5.875,0.75,0.8889,0.7639
p26,u32,에스케이텔레콤은 이 일 유영상 대표 직속으로 도심항공교통 사업 태스크포스를 구성했다고 밝혔다,0.9412,0.2745,0.902,0.4902,9.098,0.6863,1.2549,0.7843,6.0392,0.8039,5.3137,0.8431,8.4706,0.5294,5.2745,0.5098,6.3529,0.6471,1.0196,0.7451,0.8627,0.8431
p26,u33,유에이엠은 전기로 구동하는 수직 이착륙 소형 비행체로 도심에서 승용차로 한 시간 걸릴 거리를 십 에서 이십 분이면 도착할 수 있는 미래 교통수단이다,0.7927,0.378,0.7683,0.378,0.9024,0.5854,1.2317,0.6341,2.7073,0.8049,0.8537,0.7317,0.7195,0.378,0.8171,0.4634,0.8537,0.5244,0.8537,0.7561,0.8537,0.8049
p26,u34,에스케이텔레콤에 따르면 이번 티에프 아래에는 사업 인프라 솔루션 서비스 개발을 각각 담당하는 세부 조직 네 개가 마련됐다,0.7164,0.1045,0.8209,0.2388,0.8657,0.4776,0.8657,0.5672,3.6119,0.597,4.4478,0.6866,0.8657,0.194,0.8657,0.5224,0.8657,0.5075,0.8657,0.6567,4.8358,0.6716
p26,u35,사내에서 기술인프라 전략 사업 개발 파트너십을 담당하는 주요 임원들이 티에프에 배치된 것으로 알려졌다,5.0893,0.1964,0.8214,0.3929,0.8929,0.4464,0.8393,0.7143,0.8214,0.5536,4.7857,0.8214,0.8393,0.3214,0.8929,0.4643,0.8929,0.5,0.8214,0.6786,0.9107,0.75
p26,u36,유영상 대표는 최근 티에프 임원들과 출범 미팅을 열고 올해 사업 전략을 논의했고 티에프 회의를 주 일 회로 정례화하며 사업을 직접 챙기기로 했다,0.7375,0.25,0.775,0.4625,0.8125,0.45,0.8375,0.55,0.925,0.6,6.0125,0.7,0.7875,0.3125,0.7625,0.4375,0.7875,0.5,0.8875,0.675,3.425,0.75
p26,u37,업계에서는 신규 사업 조직을 씨이오 직속으로 배치한 것은 이례적이라며 유에이엠 사업에 대한 유 대표의 의지가 반영된 것이라는 분석이 나온다,0.6623,0.1169,0.6623,0.3117,0.6104,0.3896,0.9221,0.5844,3.4026,0.5714,3.3766,3.0909,0.6364,0.2597,0.6623,0.3117,3.1429,0.4026,3.8182,0.6623,0.7403,0.7273
p26,u38,국토교통부는 이천 이십 오 년 유에이엠 상용화를 목표로 올해부터 제도 마련과 기술 개발에 본격 나선다,0.7857,0.4464,0.875,0.3929,0.8393,0.7143,0.7679,0.6786,0.75,0.75,0.9107,0.7857,0.8393,0.4643,0.7857,0.5893,5.2143,0.6607,5.2857,0.7321,0.9821,0.75
p26,u39,이천 사십 년까지 국내 유에이엠 시장 규모는 십 삼 조원에 달할 것으로 예상된다,0.7955,0.2727,0.7955,0.4773,0.8864,0.6136,0.8182,0.5909,5.9318,0.7045,4.7955,0.7727,0.8182,0.4091,0.9091,0.4318,0.7955,0.5455,11.3409,0.8409,0.7727,0.75
p26,u40,에스케이텔레콤의 경쟁사인 케이티는 지난해 십 일 월 대한항공 현대자동차 현대건설 등과 협력체를 구성해 유에이엠 사업에 본격 진출했다,0.9315,0.3973,0.9041,0.4795,3.9726,0.6301,4.0411,0.7945,0.8219,0.7671,4.3425,0.7945,0.9041,0.5479,3.8493,0.589,3.8219,0.7397,0.863,0.7808,0.8356,0.8356
p26,u41,한덕수 국무총리가 십 칠 일 밤잠도 잊은 채 무함마드 빈 살만 사우디아라비아 왕세자를 영접했다,0.9038,0.5577,0.7692,0.5962,0.8269,0.6538,0.8462,0.7115,0.8654,0.7115,0.8077,0.8077,0.7692,0.5962,0.9038,0.6923,0.7885,0.7308,0.8654,0.7308,0.7885,0.8269
p26,u42,막대한 오일머니를 쥔 빈 살만 왕세자를 둘러싼 각국의 경쟁이 치열한 상황을 감안해 특급 대우에 나선 셈이다,0.7288,0.339,0.7627,0.4576,0.7627,0.5763,1.4915,0.5763,0.8475,0.6949,0.8136,0.7288,0.7288,0.4237,0.7627,0.4407,2.0678,0.6271,4.7627,0.7288,0.8136,0.8136
p26,u43,한 총리는 이날 오전 영 시 삼십 분쯤 경기 성남 서울공항을 통해 입국한 빈 살만 왕세자를 영접했다,0.7636,0.2545,0.7818,0.4,0.8364,0.4727,5.5091,0.5818,0.8364,0.7091,0.8545,0.7636,0.8,0.2727,0.8545,0.5455,0.8,0.5636,0.8,0.6545,0.8909,5.2909
p26,u44,빈 살만 왕세자는 전날 인도네시아 발리에서 열린 주요 이십 개국 정상회의 일정을 마친 뒤 곧바로 한국을 찾았다,0.7377,0.3934,0.7869,0.5082,0.7869,0.5246,0.8033,0.6066,0.8033,0.7213,0.9016,0.7869,0.6721,0.3115,0.6885,0.4918,0.7377,0.7213,0.7869,0.7705,0.8033,0.7869
p26,u45,통상 외교부 장관이 국빈이나 공식 방문하는 정상급 인사를 맞이하는데 이처럼 총리가 직접 공항에 나가 외국 귀빈을 영접하는 것은 이례적으로 꼽힌다,0.6125,0.2625,0.725,0.425,0.725,0.4125,0.775,0.575,0.875,0.625,0.875,0.7,0.7375,0.35,0.7875,0.475,0.8,0.4625,0.875,0.65,0.8875,0.6625
p26,u46,한 총리는 같은 날 오전 태국 방콕에서 열리는 아시아 태평아 경제 협력체 참석을 위해 출국이 예정돼 있었다,3.661,0.2373,0.7119,0.6441,0.7627,0.5932,4.5424,0.6949,0.7797,0.7458,4.8136,0.7288,3.7288,0.5085,0.7627,0.6441,0.8305,0.6949,0.8136,0.7119,5.5932,0.7797
p26,u47,한 총리가 바쁜 새벽 일정을 소화한 것은 빈 살만 왕세자의 방한에 남다른 의미가 있기 때문이다,0.7885,0.4231,0.7885,0.4038,0.7692,0.6154,0.8269,0.6538,0.75,0.7115,6.1731,0.7308,0.7115,0.4038,4.1538,0.5962,0.8462,0.6154,0.8077,0.7115,0.9615,0.7692
p26,u48,사우디아라비아의 실세인 빈 살만 왕세자는 총사업비가 오천 억 달러에 달하는 메가 프로젝트 네옴시티 사업을 주도하고 있다,0.7121,0.3182,0.803,0.3788,0.7121,0.5,0.8636,0.6364,0.8636,0.7424,0.9394,0.7273,0.697,0.3485,0.7424,0.5606,4.3333,0.5152,0.8788,0.6364,0.9091,0.7121
p26,u49,해당 사업을 두고 글로벌 수주 경쟁이 벌어지고 있는 가운데 우리 정부도 각별히 신경을 쓰지 않을 수 없는 상황이다,0.4921,0.1111,0.7302,0.1746,0.5714,0.4127,0.619,0.4286,0.8254,0.3651,0.8571,0.7778,0.4762,0.2222,0.4921,0.1905,0.7143,0.4286,0.6984,0.5238,0.873,0.746
p26,u50,이번 방한이 당일치기였다는 점에서 주어진 시간 동안 정부의 극진한 환대를 위해 한층 격을 높일 필요가 있었다는 해석이 나온다,0.7681,0.4203,0.7391,0.3913,0.7681,0.5362,0.7971,0.5652,0.8261,0.6812,3.8406,0.7101,0.7101,0.4203,0.7681,0.5942,4.1739,0.5797,0.8261,0.6957,5.087,0.6957
p26,u51,문재인 정부 때인 이천 십 구 년 육 월 빈 살만 왕세자 방한 당시에도 이낙연 총리가 공항에 나가 영접했었다,0.7333,0.2,0.7,0.55,0.7333,0.55,0.85,0.5833,0.8167,0.75,0.8167,0.7,0.7667,0.35,0.7333,0.5167,0.8833,0.6333,0.8667,0.7,0.8667,0.75
p26,u52,총리실 관계자는 사우디아라비아가 경제와 안보 측면에서 각별한 의미를 지닌 중요한 국가인 만큼 관례 등을 고려해 결정한 것이라고 설명했다,0.7467,0.24,0.72,0.3067,0.7733,0.52,3.6933,0.56,0.8933,0.68,3.7333,0.7733,0.7867,0.44,0.8533,0.4933,0.88,0.5867,0.8933,0.4667,3.52,0.9867
p26,u53,제 사십 사 회 충무기 전국 중고등학생 사격대회가 지난 오 일부터 팔 일까지 경북 포항 실내 사격장에서 성황리에 개최됐다,0.791,0.2836,4.0149,0.3881,0.8358,0.4925,0.8657,0.6866,0.9254,0.7463,0.8209,0.8358,3.8657,0.3731,3.6716,0.5672,4.2836,0.7612,5.3134,0.7612,5.3284,0.6866
p26,u54,이번 대회는 사회적 거리두기 해제 이후 전체 관중이 참여해 치러진 첫 대회로 전국에서 백 삼십 개 팀 천 백 칠십 명의 선수단이 참가했다,3.2368,0.1579,3.9342,0.4474,1.1053,0.5658,4.1184,0.6711,3.5789,0.6579,0.8684,0.7763,3.5526,0.3421,4.7763,0.5789,3.5789,0.6184,0.8684,0.7237,2.1053,0.8684
p26,u55,공기 소총과 공기 권총 두 개 종목 및 여덟 개 세부종목에서 단체 및 개인경기에서 대결을 펼쳤다,0.6604,0.434,0.7925,0.3962,0.717,0.5849,0.8491,0.6226,5.6981,0.6415,0.8491,0.7925,0.7547,0.3396,0.8113,0.5094,0.8868,0.6038,0.9057,0.5849,0.8491,0.7925
p26,u56,공기 권총 종목 남고 단체부문에서는 전북체고가 일 위 안남고가 이 위 환일고가 삼 위를 차지했으며 개인전에서는 전북체고의 정우진이 정상에 올랐다,0.775,0.4375,0.7375,0.525,2.575,0.6125,3.025,0.725,0.8125,0.775,0.8625,0.825,0.7625,0.4125,0.825,0.5375,3.45,0.6375,4.3625,0.7875,3.9125,0.775
p26,u57,여고 단체부는 전남체고가 일 위 충남체고가 이 위 부산영상예고가 삼 위를 차지했고 개인전은 강원체고의 이보은이 일 위의 영예를 안았다,0.7838,0.3919,0.8649,5.3919,0.8649,0.5811,0.8784,0.6351,3.9595,0.6486,0.7703,0.7162,0.8108,0.5946,4.5946,0.527,0.9595,0.6081,0.9189,0.6892,0.8514,0.7703
p26,u58,공기 권총 남중 단체부문은 광주체중이 일 위 복대중이 이 위 선유중이 삼 위에 올랐으며 개인전 일 위는 천남중의 이태경이 차지했다,0.8472,0.5556,0.7639,0.5556,0.875,0.7778,5.2778,0.6944,0.875,0.75,6.5139,5.6944,0.8194,0.6389,0.9722,0.6667,5.9028,0.6806,3.4444,0.8056,1.0139,0.8056
p26,u59,여중 단체부는 서산여중 엄사중 정선중이 각각 일 위 이 위 삼 위를 기록했으며 여중 개인전 일 위는 서산여중의 김연우가 차지했다,3.9437,0.493,0.8732,0.5493,0.831,0.5352,0.9155,0.6056,0.9155,0.6479,0.9718,0.7887,0.7324,0.5493,0.7887,0.5915,0.831,0.6056,3.2254,0.7042,0.8028,0.7465
p26,u60,공기소총 종목 남고 단체부문은 한광고가 일 위 인천체고가 이 위 울산상고가 삼 위를 차지했으며 개인전 일 위는 한광고 출신의 방승호가 차지했다,0.8987,0.443,0.8101,0.5063,3.5316,0.6835,0.8228,0.7468,3.0506,0.7722,0.7848,0.7848,0.7975,0.5063,0.8228,0.557,0.7975,0.6329,3.4937,0.7722,4.2658,0.7975
p26,u61,여고 단체부문은 경북체고가 일 위 울산여상이 이 위 천안여고가 삼 위를 기록했으며 개인전 일 위는 대구체고의 이영은이 올랐다,0.7246,0.4203,0.7681,0.4928,0.7826,0.5507,4.087,0.5507,4.3333,0.6812,0.971,0.7826,0.7826,0.3913,0.8406,0.5362,0.8261,0.6667,0.8841,0.7101,0.8841,0.7536
p26,u62,공기 소총 남중 단체부문은 경북체중이 일 위 한광중이 이 위 매천중이 삼 위를 차지했으며 개인전 일 위는 성원중의 하세민이 등극했다,0.9041,0.4932,0.8767,0.6575,3.9726,0.726,0.8904,0.7397,0.8493,0.9452,0.8356,0.9315,0.8767,0.6164,0.8082,0.6575,0.9178,0.6986,0.8493,0.7808,0.9041,5.8904
p26,u63,여중 단체부문은 경북체중이 일 위 동원중이 이 위 매천중이 삼 위를 차지했고 개인전 일 위는 경북체중의 구예담이 차지했다,3.3731,0.3284,4.3731,0.5522,0.8209,0.6269,0.8955,0.7015,0.8507,0.6716,0.9104,0.806,0.7761,0.4925,3.8209,0.6119,3.9403,0.6269,0.8955,0.7761,0.8358,0.806
p26,u64,전 세계 주요 가상 화폐 거래소가 최근 폭락한 한국산 코인 테라와 루나의 거래 중단 또는 상장 폐지 조치에 나섰다고 블룸버그가 십 삼 일 보도했다,0.7778,0.2716,0.7407,0.4691,3.5432,0.5185,3.5432,0.679,3.5432,0.5802,0.8889,0.8272,0.8272,0.3827,3.3704,0.5309,0.9136,0.6296,0.9136,0.716,3.1605,0.7901
p26,u65,보도에 따르면 대형 가상 화폐 거래소 오케이엑스는 테라폼랩스가 발행하는 테라와 루나는 물론이고 테라 블록체인 기반의 앵커와 미러의 모든 거래를 종료시켰다,0.6941,0.4,3.3882,0.4235,0.8,0.5765,0.8235,0.5882,3.2824,0.6706,7.5882,0.7882,0.7765,0.4235,0.7882,0.5059,0.8471,0.5765,0.7882,0.6824,3.1529,0.7765
p26,u66,또 다른 암호 화폐 거래소 에프티엑스는 이와 관련된 파생 상품을 상장 폐지했고 크립토닷컴도 루나 앵커 미러 거래를 중지시켰다,1.0145,0.3768,0.8261,0.6087,3.3043,0.5217,0.9855,0.5362,0.8551,0.7246,4.087,0.7971,5.1884,0.4638,5.3623,0.6812,5.3768,0.5652,0.8986,0.7536,0.8986,0.7246
p26,u67,미국 최대의 가상 화폐 거래소 코인베이스도 이십 칠 일부터 거래 정지에 나선다고 블룸버그 통신은 전했다,0.5614,0.1579,0.6842,0.2281,0.807,0.5088,0.7895,0.5614,0.8421,0.6842,5.0,0.7368,0.7544,0.1579,4.9649,0.2456,4.2105,0.4737,7.4386,0.5789,5.3509,0.6842
p26,u68,앞서 자오창펑 바이낸스 최고 경영자는 전날 테라폼랩스의 대응을 문제삼으며 테라와 루나의 거래를 중단시켰다,0.7759,0.3276,0.7759,0.569,0.8276,0.6207,0.8448,0.6724,0.8621,0.8103,0.8276,0.7759,0.7931,0.5,0.8448,0.6207,0.8448,0.6552,7.1207,0.7759,0.8103,0.7759
p26,u69,그는 테라폼랩스가 테라의 가격이 일 달러 밑으로 떨어지자 대량으로 찍어낸 루나로 테라를 사들여 가격을 인위적으로 부양시키려했다는 취지로 비판했다,0.725,0.3125,0.6625,0.4875,0.7625,0.5625,1.05,0.675,4.875,0.7625,0.8125,0.8,0.725,0.2375,0.75,0.4375,0.8375,0.65,0.9125,0.7125,2.0875,0.7875
p26,u70,바이낸스를 포함해 오케이엑스 코인베이스는 모두 테라에 투자한 세력들이기도 하다,0.9302,0.3721,0.9302,0.6744,5.7209,0.7442,0.8837,0.8372,0.8372,0.8372,0.8837,0.7907,0.8605,0.4884,0.8837,0.7209,0.8372,0.7209,0.8605,0.8372,0.907,0.814
p26,u71,한편 이날 월스트리트저널은 위험 자산에 대한 우려가 커지면서 글로벌 가상 화폐 시가 총액이 불과 육 개월만에 일 조 달러 이상 증발했다고 보도했다,0.5185,0.2346,0.5679,0.3086,0.6667,0.4691,0.7531,0.4444,0.7407,0.679,0.7901,0.7654,0.6173,0.358,0.6296,0.3704,0.679,0.4444,0.6914,0.5802,4.2963,0.7284
p26,u72,비트코인과 이더리움은 지난해 십 일 월 각각 육만 칠천 팔백 이 점 삼 공 달러 사천 팔백 달러로 사상 최고치를 기록했으나 현재 오십 팔 퍼센트 육십 퍼센트씩 하락한 상태다,0.7188,0.2188,0.7917,0.1979,0.8958,0.5521,0.8958,0.5833,0.8333,0.7917,3.5625,0.8229,0.8229,0.2604,3.4062,0.4375,0.8229,0.5208,0.8542,0.6979,0.8125,0.8021
p26,u73,에스케이바이오팜은 뇌전증 치료 혁신 신약 세노바메이트가 프랑스에서 발매 허가를 받았다고 구 일 밝혔다,1.0357,0.3571,0.9643,0.4464,0.9643,0.4464,3.7321,0.7143,4.8036,0.7321,0.8929,0.8036,0.8214,0.3929,0.875,0.5357,0.8214,0.7857,6.4464,0.6964,5.75,0.875
p26,u74,이로써 유럽 오 대 경제대국인 독일 영국 이탈리아 스페인 프랑스 출시에 성공했다,0.7273,0.1136,0.6591,0.1591,20.1364,0.3636,6.5,0.5455,0.8409,0.75,0.8409,0.7045,0.7045,0.1591,20.1364,0.3182,20.1364,0.3864,20.1364,0.5455,1.1818,0.8182
p26,u75,세노바메이트는 지난해 삼 월 유럽연합 집행위원회의 판매 승인을 획득한 후 온투즈리라는 제품명으로 유럽 시장에 본격적으로 진출했다,2.9296,0.2394,0.7606,0.338,3.8028,0.4085,0.7606,0.5775,0.8732,0.7324,3.7887,0.8169,0.7183,0.3099,0.831,0.3803,0.7465,0.5493,0.9296,0.7746,0.831,0.8169
p26,u76,같은 해 육 월 에스케이바이오팜의 파트너사 안젤리니파마는 온투즈리를 유럽 최대 제약 시장인 독일에서 처음 발매했다,0.7937,0.2857,0.8889,0.381,0.9048,0.6825,5.1746,0.6349,3.9524,0.746,0.9048,0.8254,4.2063,0.381,5.4127,0.5079,0.8889,0.6508,0.8413,0.7143,4.5238,0.7937
p26,u77,세노바메이트는 독일을 시작으로 일 년 육 개월 만에 유럽 주요 오 대 시장으로 영역을 확대하게 됐다,0.6182,0.1818,0.6364,0.2727,0.7091,0.3636,0.6909,0.6,0.8364,0.6909,6.4364,5.4364,0.6182,0.1636,0.6545,0.4,0.7091,0.4727,5.7455,0.7455,0.8545,0.7455
p26,u78,이들의 뇌전증 시장 규모는 약 십 칠 억달러에 달하며 이는 유럽 전체의 칠십 삼 퍼센트에 해당한다,0.7593,0.2037,0.7593,0.3519,0.7778,0.3704,0.7778,0.5,0.8333,0.6481,0.8704,0.7407,0.9259,0.3704,0.7778,0.4259,0.8889,0.537,0.8519,0.6481,0.8333,0.8148
p26,u79,이번 프랑스 출시로 온투즈리는 현재까지 유럽 내 총 십 오 개 국가에서 발매가 진행 중이다,0.66,0.26,0.76,0.34,4.28,0.62,0.82,0.66,8.64,0.68,0.8,0.66,6.22,0.42,0.78,0.46,0.8,0.6,5.32,0.74,5.66,0.74
p26,u80,에스케이바이오팜은 온투즈리의 유럽 판매 확대로 안젤리니파마로부터 판매 로열티 및 매출 실적과 연계된 마일스톤 수익 확보를 기대할 수 있을 것이라고 전했다,0.7765,0.3529,0.7765,0.3765,0.9059,0.6,3.4118,0.6824,0.8824,0.6941,0.8941,4.6471,0.8118,0.4588,2.5647,0.6353,0.8824,0.6824,0.8353,2.7529,0.8941,3.6118
p26,u81,한편 에스케이바이오팜은 최근 세노바메이트 단일 제품만으로 일 억 불 수출의 탑을 수상했다,0.8571,0.3061,0.9592,0.3673,0.898,0.6327,5.4082,0.5714,4.5918,0.7347,0.8367,0.7551,0.898,0.3673,0.8571,0.5306,0.8776,0.6735,1.0408,0.7347,0.8776,0.8367
p26,u82,지난해 칠 월 일 일부터 올해 육 월 삼십 일까지 일 년간 대미 대유럽 수출액 일 억 달러를 돌파한 데 따른 것이다,0.5781,0.125,0.6094,0.3281,0.625,0.3281,0.7969,0.4531,0.8438,0.5938,5.7969,0.5781,0.6094,0.1875,0.7656,0.3438,0.7344,0.4844,0.9062,0.5781,0.9219,0.7031
p26,u83,세노바메이트는 이천십구 년 미국 식품의약국 시판 허가를 받아 미국에서는 엑스코프리라는 제품명으로 판매되고 있다,0.8033,0.3115,0.8197,0.4754,7.0164,0.5246,0.8197,0.7541,0.9836,0.8197,4.6721,0.8033,0.8361,0.4262,0.8197,0.6721,0.8689,0.6557,0.8689,0.7213,0.8525,0.8525
p26,u84,전남 구례군청 여자 씨름단 엄하진 선수가 이천 이십 이 년 강릉 단오장사 씨름대회에서 우승을 차지하며 시즌 이 관왕에 올랐다,0.7391,0.3188,0.7391,0.3768,4.5362,0.4638,5.1014,0.4783,4.3188,0.6957,0.7826,0.8116,0.6957,0.2899,0.7536,0.4058,3.0725,0.5362,0.8696,0.6232,0.8551,0.7971
p26,u85,군에 따르면 육 월 일 일 여자부 국화급 결승전에서 엄하진 선수는 안산시청 김다혜 선수를 상대로 이 대 일 역전승을 거두며 황소 트로피를 품에 안았다,0.7108,0.4819,0.7349,0.5301,0.747,0.6627,0.8434,0.6747,0.8072,0.7349,0.8072,0.6867,0.7711,0.4578,3.2651,0.6265,0.8313,0.6867,0.8313,0.6867,0.9157,0.7831
p26,u86,엄하진 선수는 삼 월 달에 열렸던 이천 이십 이 거제장사 씨름대회 우승에 이어 시즌 두 번째 장사 타이틀을 손에 넣으며 개인통산 여섯 번째 국화장사에 등극했다,0.7841,0.2386,0.7273,0.3636,0.9886,0.4886,3.75,0.6477,1.8182,0.7045,0.9318,0.7841,0.7727,0.3295,2.5795,0.5,3.1023,0.6364,2.5114,0.7273,3.125,0.7159
p26,u87,엄하진 선수는 사 강전에서 같은 팀 소속인 이세미 선수와 맞붙어 들배지기와 잡채기로 이 대 영 승리를 거두어 결승에 올랐다,0.7206,0.4559,0.6912,0.4412,0.75,0.5882,0.9118,0.5882,4.4118,0.6324,3.3088,0.75,0.7206,0.4559,0.6324,0.4853,0.6912,0.6029,0.8088,0.6618,0.9412,0.7794
p26,u88,결승전 첫 번째 판에서 엄하진 선수는 김다혜 선수의 안다리 기술에 걸려 선점을 내줬다,0.6383,0.1702,0.6809,0.3617,0.8936,0.4894,0.8298,0.5957,6.0213,0.7447,0.8511,0.7872,0.5957,0.3617,0.7021,0.5745,0.9362,0.5745,1.0,0.6596,3.5106,0.7447
p26,u89,그러나 경고를 한 개 받은 불리했던 상황 속에서 연장전 경기종료 칠 초를 남겨두고 잡채기 기술을 완벽히 성공시키면서 두 번째 판을 가져갔다,0.5844,0.1818,0.5195,0.3117,0.5974,0.5584,0.8182,0.5714,0.7792,0.7143,0.8182,0.6753,0.6364,0.2727,0.6104,0.5195,0.8571,0.5844,3.3636,0.7273,0.8571,0.9481
p26,u90,마지막 판에서는 배지기와 밀어치기를 연계한 기술로 김다혜 선수를 무너뜨리며 이 대 일 역전승을 거뒀다,0.5714,0.2679,0.625,0.25,0.6786,0.4643,0.8036,0.5179,4.1607,0.6607,0.8393,0.7679,0.7143,0.2143,0.5536,0.5,0.6964,0.5357,0.8214,0.6607,1.1607,0.7321
p26,u91,김순호 구례군수는 이번 대회 우승을 통해 구례군을 빛내주어 고맙다며 앞으로도 선수들이 훈련에만 전념할 수 있도록 다각적인 지원을 아끼지 않겠다고 말했다,0.6905,0.1905,0.6071,0.2619,0.6786,0.4286,0.7262,0.6429,3.7857,0.6667,0.8929,0.7024,0.6071,0.3214,0.7143,0.2976,4.0952,0.5833,0.881,0.5714,0.8929,0.75
p26,u92,이는 전년 동기 대비 매출은 이 점 일 퍼센트 증가했지만 영업이익은 이십 사 점 일 퍼센트 감소한 규모다,0.7241,0.0345,0.8276,0.1724,4.4483,0.3103,0.8103,0.6552,0.8448,0.6897,0.8448,0.7414,0.8103,0.2586,0.8448,0.431,4.4138,0.6552,0.8103,0.7241,4.9655,0.6552
p26,u93,글로벌 공급망 불안정과 러시아의 우크라이나 침공 사태로 인한 원자재 가격 상승 등이 영향을 미치면서 가져온 결과다,0.5238,0.2063,0.5397,0.3333,0.6984,0.4603,0.7619,0.5556,0.873,0.6984,0.8413,0.7619,0.6032,0.3016,0.6349,0.3333,0.6984,0.3968,0.7778,0.6349,5.873,0.8095
p26,u94,업계에선 차량용 반도체 부족 사태가 완화되면 엘지에너지솔루션의 실적도 개선될 것으로 보고 있다,5.6731,0.2692,0.7692,0.4615,0.9231,0.5,8.1731,0.5962,0.8654,0.7885,0.9423,0.7692,0.7692,0.5385,0.8654,0.5,0.75,0.5,0.8462,0.7308,0.9808,0.8462
p26,u95,최근 증권사 열 곳의 분석 보고서의 전망치 평균을 보면 엘지에너지솔루션의 올해 연간 매출은 이십 조 천 억 원 영업 이익은 일 조 원 규모로 추산됐다,0.7952,0.241,2.747,0.4096,0.759,0.4578,0.7952,0.4699,0.8193,0.6145,0.8193,0.7349,0.7349,0.3373,0.759,0.3976,0.9518,0.4819,2.7229,0.6627,3.9518,0.7952
p26,u96,지난해 엘지에너지솔루션의 연간 매출은 십 칠 조 팔천 오백 십 구 억 원 영업이익은 칠천 육백 팔십 오 억 원이었다,0.8125,0.2031,4.6562,0.2969,0.8281,0.4688,0.8125,0.5312,0.8438,0.625,0.9688,0.7344,0.8906,0.2344,4.3281,0.3438,0.8281,0.5312,6.7344,0.5938,0.9062,0.6406
p26,u97,한편 엘지에너지솔루션이 공식 실적 발표 전 분기 잠정 실적을 공개한 것은 이번이 처음이다,0.6735,0.102,0.6122,0.2857,2.449,0.3878,0.8163,0.4898,2.4694,0.6327,1.0612,0.7959,0.6327,0.1633,0.6327,0.2449,0.6939,0.5306,2.4898,0.5306,18.0204,0.7551
p26,u98,엘지에너지솔루션 측은 투자자 편의를 위해 잠정 실적을 제공한다며 일 분기 공식 실적 발표의 구체적 일정은 추후 공시를 통해 안내할 예정이라고 전했다,0.8049,0.3415,3.378,0.4878,0.878,0.561,3.2927,0.6341,0.8293,0.8415,0.8902,0.7439,2.7439,0.4512,0.8902,0.622,0.8537,0.5732,5.2683,0.7561,0.9024,0.8171
p26,u99,문재인 전 대통령이 이십 삼 일 고 노무현 전 대통령의 고향이자 묘역이 있는 경남 김해시 봉하마을을 찾았다,0.6271,0.339,0.6441,0.4746,0.7797,0.5932,0.8644,0.6102,3.7966,0.6441,4.7627,0.7627,0.5932,0.4407,0.7797,0.4237,0.7966,0.4407,5.3898,0.6441,4.8644,0.7627
p32,u00,경남 사천 상공에서 공군 훈련기 두 대가 충돌해 네 명의 조종사가 순직한 가운데 사고 원인 규명의 핵심이 될 비행 기록 장치가 발견됐다,0.6667,0.1867,0.6,0.3333,0.6933,0.4533,0.7467,0.6,0.8533,0.6133,0.88,0.7467,0.68,0.28,0.7333,0.44,0.8267,0.52,3.68,0.64,0.88,0.6933
p32,u01,삼 일 공군 등에 따르면 공중 충돌로 추락한 공군 훈련기 케이티 다시 일 훈련기 두 대 중 한 대의 블랙박스가 전날 오전 사천 정동면 화암리 인근에서 발견됐다,0.6023,0.1364,0.5795,0.2955,0.7273,0.3636,0.75,0.5455,3.5682,0.6023,0.8864,0.6932,0.5568,0.1932,0.9091,0.3864,2.5568,0.4318,3.3409,0.6136,3.1932,0.75
p32,u02,블랙박스라고 불리는 이 비행 기록 장치에는 훈련기 조종사들의 음성과 통신 정보 비행 상황 등의 정보가 담겨 있다,0.629,0.0968,0.7097,0.2097,0.7097,0.3548,0.7419,0.5645,4.2903,0.6452,0.9677,0.7581,0.5,0.0806,0.6129,0.4032,0.7742,0.5161,4.7097,0.4839,5.0968,0.8387
p32,u03,공군은 수거한 비행 기록 장치의 내용을 분석하는 한편 나머지 한 대의 비행 기록 장치 등 잔해 수색 작업도 이어가고 있다,0.5672,0.1194,0.6716,0.1791,0.597,0.3284,0.7463,0.403,3.5075,0.5522,0.806,0.7164,0.5522,0.1791,0.6119,0.1642,4.3881,0.403,5.5522,0.4328,0.8657,0.7164
p32,u04,사고 현장인 정동면 일대에 병력 이백 여명을 배치해 잔해 수색을 진행 중이다,0.4762,0.2619,0.4762,0.3571,0.7619,0.3571,0.6429,0.4286,0.8333,0.5714,0.8333,0.8095,0.5476,0.2381,0.6667,0.3571,0.7857,0.4762,0.7619,0.6667,5.0,9.9762
p32,u05,훈련기가 공중 충돌한 만큼 잔해가 광범위하게 퍼져 있을 것으로 추정된다,0.6154,0.2821,0.5385,0.359,0.6667,0.4872,0.8205,0.6923,0.8462,0.6154,0.8974,0.8205,0.7436,0.3333,0.6667,0.4872,0.7179,0.5641,0.9231,0.6923,0.8718,0.6923
p32,u06,사고기의 잔해도 사고 원인의 중요한 정보를 제공할 수 있어서 찾게 되면 현장을 우선 임시 보존하고 있다,0.3333,0.0526,0.4737,0.1053,0.5789,0.2281,0.9825,0.3333,6.7544,0.4912,4.7018,0.5439,0.4737,0.2105,0.4912,0.2807,0.7368,0.3333,0.8947,0.614,0.9649,0.5088
p32,u07,앞서 지난 일 일 오후 한 시 삼십 이 분쯤 경남 사천 공군 제 삼 훈련비행단에서 케이티 훈련기 두 대가 훈련 도중 공중에서 충돌했다,0.5676,0.1757,0.5541,0.2027,0.7973,0.2432,0.7838,0.5405,0.8649,0.4595,3.6486,0.7973,0.6622,0.0946,0.6486,0.2027,0.8243,0.3378,0.7973,0.5,0.8514,0.7568
p32,u08,두 대에는 학생 조종사 두 명과 비행 교수 두 명 등 모두 네 명이 탑승했고 당시 비상 탈출했지만 안타깝게도 모두 순직했다,0.7206,0.1176,0.7353,0.2059,0.7353,0.3235,0.7059,0.4118,0.7941,0.6176,3.4559,0.6765,0.75,0.1618,0.8088,0.3235,0.9559,0.5294,0.7941,0.5147,0.9412,0.6765
p32,u09,케이티는 국내 기술로 개발된 최초의 국산 훈련기로 이천 년 팔 월부터 실전 배치됐다,0.4783,0.0435,0.4783,0.087,0.5652,0.2609,0.7391,0.5217,0.8043,0.5217,6.3913,0.6739,0.4348,0.0652,0.6739,0.2609,0.7174,0.3478,0.8261,0.4565,0.8261,0.8043
p32,u10,영결식은 사 일 오전 공군 제 삼 훈련 비행단 안창남문화회관에서 비공개로 거행된다,0.8,0.1556,0.7556,0.2889,0.7778,0.4444,0.9333,0.5111,0.8667,0.7556,0.8,0.7333,0.7333,0.2889,0.7556,0.4,0.9778,0.4889,0.9111,0.7556,0.8889,0.8
p32,u11,윤석열 대통령 당선인이 윤석열 정부의 대통령실 비서관급 후속 인선을 이르면 오 일 발표된다,0.58,0.18,0.58,0.18,0.76,0.46,0.82,0.36,5.36,0.58,5.5,0.74,0.6,0.14,0.88,0.28,1.24,0.52,0.8,0.46,0.78,0.84
p32,u12,윤석열 당선인 대변인실 관계자는 빠르면 내일이나 모레 발표한다며 이번에는 서면으로 발표할 예정이라고 말했다,0.4237,0.0339,0.5254,0.0508,0.661,0.1695,0.5593,0.2712,0.9492,0.4746,1.2542,0.7627,0.3729,0.1017,0.5932,0.1186,5.1864,0.2373,0.8475,0.6102,0.8644,0.8305
p32,u13,앞서 수석급 인사를 장제원 당선인 비서실장이 발표한 것과는 사뭇 다른 모습이다,0.4884,0.2558,0.6512,0.3256,0.4651,0.2558,0.5581,0.3023,0.7209,0.3721,0.9767,0.7442,0.5349,0.2791,0.4884,0.3256,0.907,0.2326,0.9302,0.5814,0.907,0.6279
p32,u14,초대 국정상황실장에는 대선 캠페인 과정에서 윤 당선인의 메시지를 총괄했던 한오섭 전 청와대 선임행정관이 유력하게 거론된다,0.5075,0.1642,0.7164,0.2836,0.791,0.403,0.8507,0.4179,1.0149,0.5821,0.8358,0.7612,0.597,0.194,0.6567,0.3731,0.7313,0.3582,0.9552,0.597,0.8806,0.9104
p32,u15,정무수석실 산하 정무비서관에는 홍지만 전 의원이 홍보수석실 산하 홍보기획비서관에는 최영해 동아일보 부국장이 하마평에 올랐다,0.5147,0.2941,0.8382,0.2941,1.0294,0.5294,0.9559,0.6029,3.1029,0.7794,4.5735,0.7794,0.6765,0.2941,3.7794,0.5441,2.75,0.5735,5.0147,0.8529,1.0294,0.9853
p32,u16,법률비서관에는 주진우 변호사 의전비서관은 김일범 당선인 보좌역이 사실상 내정된 것으로 알려졌다,0.8269,0.2692,0.7885,0.25,0.7308,0.3654,0.9615,0.4423,5.4423,0.5769,4.9423,0.8077,0.8269,0.2308,1.1731,0.3846,1.1154,0.5,5.5769,0.6731,5.2885,0.7308
p32,u17,앞서 윤 당선인은 지난 일 일 이 실 오 수석의 대통령실 수석급 인선을 발표했다,0.5909,0.1591,0.7045,0.1364,0.7727,0.4545,0.8409,0.5,1.1136,0.7045,5.3182,0.7727,0.7955,0.1591,0.6364,0.2045,0.9545,0.5909,1.0455,0.6364,7.5455,0.7955
p32,u18,오는 육 일 대통령직인수위원회 해촉식을 앞둔 만큼 윤석열 정부의 공식 출범 준비 작업은 이번 주 마무리될 전망이다,0.5079,0.0794,0.4127,0.1429,0.6667,0.2381,4.4603,0.3968,1.2063,0.5873,0.8889,0.8095,0.6508,0.1111,0.8571,0.1587,0.8254,0.5556,7.8254,1.0,10.3968,0.9048
p32,u19,검찰이 이재명 더불어민주당 대표의 최측근인 정진상 민주당 당대표 정무조정실장을 십 오 일 소환했다,0.3148,0.1111,0.4259,0.1296,0.7037,0.2778,0.7037,0.463,0.8704,0.7407,4.7407,0.9259,0.3704,0.1481,0.7037,0.2037,0.9259,0.3889,0.9074,0.5926,5.3148,0.7778
p32,u20,야당은 엉터리 수사라며 반발했지만 검찰은 타협은 없다며 이 대표 주변에 대한 강도 높은 사정을 예고했다,0.5439,0.1053,0.3333,0.193,0.4035,0.2456,0.807,0.2807,0.9123,0.4737,5.2281,0.6316,0.3333,0.1228,0.6667,0.193,0.7193,0.3509,0.8596,0.5789,5.9649,0.7368
p32,u21,서울중앙지검 반부패수사 일 부는 이날 오전 정 실장을 피의자 신분으로 불렀다,0.5952,0.0714,0.4762,0.0952,0.8333,0.4286,0.7857,0.5476,0.8571,0.6667,8.0238,0.8095,0.6667,0.119,0.7143,0.2143,0.7857,0.4048,1.6667,0.6429,0.881,0.8095
p32,u22,정 실장은 서울 서초구 서울중앙지검 로비에 대기 중인 취재진을 피해 이른 아침 검찰에 출석했다,0.4808,0.2692,0.5962,0.2885,0.5577,0.3654,0.8654,0.4615,0.7885,0.5769,0.7885,0.75,0.5577,0.3269,0.7692,0.3462,0.8654,0.4615,0.8269,0.6538,8.4038,0.8462
p32,u23,검찰은 정 실장을 상대로 유동규 전 성남도시개발공사 기획본부장 등에게 금품을 받은 배경 등을 캐물은 것으로 알려졌다,0.4219,0.0625,0.4531,0.1719,0.5156,0.4375,0.7344,0.4219,0.8125,0.5469,4.2969,0.7344,0.5156,0.1875,0.5781,0.2031,0.5938,0.3438,0.7969,0.5938,4.0469,0.8438
p32,u24,또 정 실장과 김용 민주연구원 부원장 유 전 본부장 등 이 대표 측근 삼 인의 몫으로 알려진 대장동 수익금 사백 이십 팔 억 원의 지분 관계도 질문한 것으로 전해졌다,0.5,0.0652,0.5652,0.1304,0.6087,0.2065,0.587,0.3043,0.7935,0.4891,2.75,0.6196,0.5543,0.087,0.5978,0.163,0.6304,0.2174,0.7826,0.5435,2.913,0.6957
p32,u25,검찰 관계자는 압수 수색을 통해 유의미한 내용을 확인했으며 앞으로도 타협은 없다고 밝혔다,0.5102,0.102,0.4082,0.102,0.6327,0.2653,0.7755,0.3061,0.8367,0.551,0.8367,0.551,0.4694,0.1429,0.5102,0.1224,0.8163,0.2245,0.6735,0.4286,7.2449,0.7347
p32,u26,정 실장은 이천 십 삼 에서 이천 이십 년 경기 성남시 정책비서관 경기도 정책실장을 지내며 유 전 본부장 등으로부터 일 억 사천 만 원을 수수한 혐의를 받고 있다,0.6889,0.0889,0.6667,0.1111,0.6556,0.2778,4.6222,0.4222,4.6222,0.4556,2.8444,2.2,0.7444,0.0889,0.6667,0.1778,4.2444,0.3667,3.1667,0.4778,0.8222,0.6778
p32,u27,또 증거 인멸 교사와 부정처사후수뢰 부패방지법 위반 혐의도 받고 있다,0.4737,0.3158,0.4737,0.3684,0.6316,0.4211,0.8684,0.4211,0.8158,0.6579,7.8684,0.6579,0.4474,0.3158,0.4737,0.3684,0.9211,0.3947,0.8421,0.5263,1.0789,0.8421
p32,u28,검찰은 조만간 정 실장 신병 확보에 나서는 한편 정치적 공동체로 규정한 이 대표의 연루 여부도 수사할 것으로 보인다,0.5312,0.1719,0.5469,0.25,0.7031,0.4531,0.7656,0.4375,0.7969,0.5,4.6406,4.8594,0.5781,0.25,0.6562,0.3906,0.75,0.5,0.8125,0.5781,0.8125,0.7188
p32,u29,민주당은 범죄 혐의로 기소된 자의 일방적 진술에만 의존하는 엉터리 수사라고 반발했다,0.7391,0.1304,6.1304,0.2391,0.7609,0.4565,0.8478,0.5435,0.8261,0.7174,0.8696,0.6957,6.3043,0.1739,7.2609,0.413,8.2391,0.5652,5.6957,0.6739,0.7609,0.8478
p32,u30,반면 검찰 관계자는 민주당이 엄희준 강백신 부장검사를 피의사실 공표 혐의로 고위공직자범죄수사처에 고발한 데 대해 구체적 근거가 없다며 유감을 나타냈다,0.7108,0.1446,0.6265,0.2048,0.6386,0.3494,0.8313,0.4458,3.1084,0.6747,0.9157,0.7711,0.7108,0.1687,0.7349,0.3494,0.7831,0.506,2.6988,0.5904,0.9036,0.759
p32,u31,전북 익산시는 케이티엑스 익산역 철도 이용객 편의를 위해 역골 공영주차장 백 칠십 이 면을 조성했다고 십 사 일 밝혔다,0.6515,0.1364,0.7879,0.1061,0.8333,0.5,6.7121,0.4394,4.4848,0.6364,3.7424,0.7576,0.6818,0.2727,4.3182,0.4394,0.8485,0.4091,4.2273,0.6212,0.8485,0.7727
p32,u32,익산시는 총사업비 사십 억 원을 투입해 송학동 팔십 오 다시 오 일원에 공영주차장을 조성해 역골 주차장 이용객과 지역 주민들의 편의를 제공한다,0.6076,0.1519,0.7215,0.2025,0.7975,0.3165,0.7975,0.4557,4.6582,0.6203,3.9873,0.7722,0.5949,0.2025,0.7595,0.2658,3.9114,0.3418,3.481,0.519,3.6709,0.8734
p32,u33,이번 공영주차장 조성을 위해 지난 이천 이십 년 십 이 월 송학동 역골지구 장기미집행 시설인 완충 녹지를 주차장으로 도시 계획 시설로 변경했다,0.6329,0.2025,0.6709,0.2532,0.7595,0.4177,0.8228,0.4684,3.6582,0.5316,0.8987,0.7848,0.6076,0.1772,0.6329,0.3418,0.7468,0.4684,3.4684,0.6329,3.9241,0.7215
p32,u34,이후 지난해 구 월 사업시행계획인가 고시를 통한 잔여 부지 매입을 통해 공사를 진행완료했다,0.54,0.18,0.62,0.3,0.9,0.44,0.88,0.46,0.84,0.62,7.72,0.78,0.64,0.22,0.72,0.36,6.2,0.46,0.82,0.62,0.88,0.72
p32,u35,주차장 진입 도로변의 불법 주정차 방지 및 원활한 차량 흐름을 위해 무인단속카메라를 설치하고 대리주차 서비스도 같이 진행될 예정이다,0.5479,0.1233,0.5342,0.1644,0.6849,0.3425,0.7397,0.4932,0.7945,0.6027,3.863,0.7123,0.5068,0.1233,0.6986,0.2603,0.8082,0.4521,0.8219,0.5753,3.9863,0.8767
p32,u36,역골 주차장은 준공 후 무료 개방 등 시범 운영을 거쳐 사 월부터 유료화 추진 등 본격 운영될 계획이다,0.6842,0.2105,0.7193,0.2632,0.7193,0.386,0.9649,0.5614,4.2456,0.4912,0.8947,0.7018,0.6316,0.2456,0.6667,0.2456,0.807,0.3509,5.5789,0.4737,0.8246,0.5965
p32,u37,또한 역골 주차장 본격 운영에 발맞추어 인근에 약 백 면 정도의 임시 주차장을 동시 운영할 방침이다,0.6,0.3818,0.6182,0.2909,7.7273,0.4545,0.7818,0.6182,0.8545,0.7091,4.8909,0.7273,0.6182,0.2909,0.7455,0.4727,0.8182,0.5636,0.7818,0.6,0.8,0.6545
p32,u38,익산시는 케이티엑스 익산역 주차난 해소뿐만 아니라 노후화된 역세권 주거 지역과 쇠퇴한 상권 활성화 등을 기대하고 있다,0.7846,0.1385,0.8308,0.1385,3.2923,0.3385,0.8,0.4462,0.9077,0.5846,3.4615,0.6769,0.6769,0.1846,0.8154,0.2154,0.8769,0.5231,0.8308,0.5692,0.8462,0.5846
p32,u39,지난 팔 일 발생한 미국 해병대 수직 이착륙 수송기 엠브이 다시 이십 이 비 오스프리 추락 사고 희생자 다섯 명 중에 전직 유명 야구 선수 아들이 포함된 것으로 확인됐다,0.5426,0.1383,0.6596,0.2021,0.617,0.3085,0.766,0.4787,3.0213,0.5638,0.9043,0.7553,0.5532,0.1596,0.7021,0.2872,0.766,0.383,0.8191,0.6277,2.734,0.8085
p32,u40,십 일 일 로스앤젤레스타임스에 따르면 엘에이 다저스 선수이었던 스티브 색스의 아들 존 제이 색스 대위가 이번 사고로 사망했다,0.5362,0.1594,0.5507,0.2754,0.7101,0.4638,0.8261,0.5507,0.8696,0.6232,0.8551,0.7826,0.7246,0.2319,0.5942,0.3768,0.7101,0.3768,1.058,0.6812,4.2319,0.8116
p32,u41,제 삼 해병 비행단 소속 오스프리 수송기는 캘리포니아주 임페리얼 카운티에서 훈련 도중 추락해 색스 대위와 승무원 네 명이 사망했다,0.5,0.1667,0.625,0.3472,0.6806,0.5,3.875,0.6111,5.2083,0.6944,4.0417,5.6111,0.5694,0.4028,0.75,0.5278,4.0417,0.5833,3.9722,0.7222,0.9306,0.7361
p32,u42,오스프리는 헬리콥터처럼 수직 이착륙하고 이륙 뒤에는 로터를 회전해 비행기처럼 고속으로 날아갈 수 있는 항공기다,0.5246,0.1475,0.623,0.2787,0.5738,0.3443,0.7541,0.4426,0.8361,0.7377,7.4754,4.0,0.5738,0.2131,0.623,0.2787,0.7541,0.4754,0.9016,0.541,0.8361,4.3443
p32,u43,스티브 색스는 어릴 때부터 아들은 조종사가 되려 했으며 비행은 아들의 꿈이었다며 아들이 내 아들로 불리는 것이 자랑스럽다,0.2985,0.0448,0.3134,0.1045,0.5075,0.209,0.3582,0.3433,0.597,0.4627,4.1493,0.6119,0.2537,0.0896,0.4328,0.1791,0.7015,0.3433,0.8657,0.4478,4.791,0.7164
p32,u44,아들은 나의 영웅이었고 내가 아는 최고의 인물이라고 씨비에스 뉴스에 발표한 성명에서 밝혔다,0.62,0.18,0.5,0.22,0.64,0.26,0.68,0.44,0.96,0.64,0.78,0.7,0.66,0.08,0.48,0.18,0.78,0.24,1.52,0.56,0.84,0.86
p32,u45,스티브 색스는 펀 구백 팔십 일 년부터 천 구백 팔십 팔 년까지 엘에이 다저스에서 이 루수로 활약하며 월드시리즈에 두 차례 진출했다,0.6575,0.0959,0.6986,0.1096,0.7123,0.3562,0.8904,0.3151,0.8493,0.4932,0.8904,0.6164,0.6986,0.2055,4.0959,0.1918,0.7945,0.4658,0.9315,0.6301,3.589,0.8219
p32,u46,경북 영천시는 이천 이십 일 년 하반기 고용률 육십 칠 점 삼 퍼센트로 사 년 연속 경북 시 가운데 일 위를 차지한 것으로 조사됐다,0.6986,0.1233,0.6301,0.1918,3.0274,0.3151,0.7945,0.4521,3.0548,0.6301,0.8219,0.6849,0.6849,0.1644,0.6849,0.3151,0.863,0.3699,0.9452,0.5753,0.8493,0.7397
p32,u47,지난 이십 이 일 통계청이 발표한 이천 이십 일 년 하반기 지역별 고용조사에서 영천시 취업자 수는 육만 이백 명 고용률은 육십 칠 점 삼 퍼센트로 전년 동기보다 영 점 구 퍼센트 상승했다,0.5673,0.0865,0.6442,0.1923,0.7115,0.25,0.8654,0.3654,3.6635,0.5192,2.5385,0.6827,0.6538,0.1442,0.6442,0.2308,2.6442,0.3942,2.6731,0.4423,0.8462,0.6442
p32,u48,실업률은 일 점 구 퍼센트로 전년 동기보다 영 점 팔 퍼센트 하락해 코로나 일구 고용 위기 속에서도 일자리 창출 성과를 달성한 것으로 나왔다,0.6923,0.0385,0.7051,0.141,2.8462,0.3462,0.7949,0.5897,2.9103,0.6923,3.6667,0.8462,0.7308,0.0641,0.6795,0.1795,3.4359,0.2949,0.859,0.6667,0.8974,0.8077
p32,u49,모든 연령층에서 고용률 상승세를 보였으며 특히 청년층 고용률은 경북도 내 시 가운데 사십 점 칠 퍼센트라는 최고 수치를 기록했다,0.3099,0.0563,0.4085,0.0704,0.5775,0.3239,0.6056,0.4225,1.1831,0.6901,1.1831,0.7746,0.3662,0.169,0.4366,0.2394,0.7324,0.3803,0.7183,0.5634,0.9718,0.7746
p32,u50,또 이천 이십 일 년 상반기 대비 고용률은 일 점 삼 퍼센트 상승했고 실업률도 영 점 삼 퍼센트 상승했다,3.8448,0.1724,0.8276,0.4483,0.8276,0.4138,6.4655,0.5862,3.8621,0.6379,0.8448,0.7759,0.6379,0.2759,0.8448,0.3448,3.8793,0.6379,0.8793,0.6207,4.8966,4.4828
p32,u51,이는 영천시가 어려운 여건 속에서도 다양한 일자리 사업과 적극적인 기업 지원 정책을 시행한 효과가 나타난 것으로 보고 있다,0.5588,0.0147,0.5294,0.0588,0.6176,0.2794,3.5735,0.5147,3.5441,0.3088,4.3382,0.6176,0.5441,0.0147,0.5,0.1029,4.1324,0.3676,4.6176,0.2794,0.8676,0.6912
p32,u52,영천시는 경북도에서 주관한 이천 이십 일 년 일자리 창출 추진 실적 평가에서 최우수상을 수상해 이 년 연속 우수기관으로 선정됐다,0.6901,0.1408,5.8592,0.3099,0.831,0.4507,5.2254,0.493,3.9577,0.5775,7.0282,0.7324,4.3521,0.169,0.8873,0.2817,0.7887,0.5211,0.9437,0.6761,0.8732,0.8451
p32,u53,해양 플라스틱 자원 순환 사업을 벌이고 있는 여수광양항만공사는 부두 내 차량 사고 예방을 위해 차선 규제 블럭 백 개를 제작했다고 십 사 일 밝혔다,0.5976,0.1829,0.5976,0.2317,0.6463,0.4634,0.7439,0.561,0.8049,0.5488,0.9268,0.6707,0.6585,0.1585,0.6098,0.3293,0.7927,0.4634,0.8537,0.561,0.9146,0.7073
p32,u54,여수광양항만공사에 따르면 플라스틱으로 제작된 차선 규제 블럭을 광양항 케이아이티 부두와 지더블유씨티 부두 내 충돌 사고 위험 구간에 설치했다,0.6795,0.4231,0.6795,0.3846,0.7308,0.4103,4.1026,0.6026,3.0513,0.6667,0.8205,0.9615,0.6923,0.4359,0.6795,0.3718,0.7564,0.4872,3.5641,0.6154,3.8077,0.9103
p32,u55,공사에서는 해양 플라스틱 수거 및 자원 순환 사업을 추진해오면서 선박을 고정하는 밧줄과 일반 플라스틱 등을 활용한 리사이클 제품 제작을 고민해 왔다,3.1585,0.122,0.4756,0.2317,0.7073,0.4512,0.8049,0.4512,3.1829,0.6341,1.0488,0.7195,0.5366,0.1951,0.7683,0.3659,0.8049,0.4512,0.8415,0.5854,3.5488,0.7317
p32,u56,이 과정에서 부두 내에서 화물차에 의한 근로자 인명 피해가 자주 발생한다는 것에 착안해 차선 규제 블럭을 제작하게 됐다,0.3939,0.1667,0.6212,0.2424,3.2121,0.3788,0.7576,0.3788,4.7273,0.5455,0.7879,0.6515,0.4545,0.197,0.6818,0.3182,0.8333,0.3485,4.1667,0.5,0.8333,0.5455
p32,u57,최근에는 해양 플라스틱 리사이클 원단을 활용한 유명 패션 브랜드 제품들이 출시되는 등 성공적으로 이 사업이 운영 중에 있다,0.4559,0.0294,0.5588,0.2353,0.7353,0.4706,0.8235,0.5588,0.7206,0.7206,5.5588,0.7941,0.5441,0.1029,0.7059,0.4559,0.8235,0.3824,0.8971,0.7059,0.8824,0.7059
p32,u58,박성현 여수광양항만공사 사장은 해양 플라스틱 리사이클 차선 규제 블럭은 항만 내 근로자들의 안전과 해양 환경을 동시에 지킬 수 있는 의미있는 제품이라고 강조했다,0.7528,0.1348,0.5281,0.2135,0.7865,0.4157,4.2022,0.4719,3.1011,0.6742,0.9663,4.7416,0.7865,0.1798,2.9326,0.2472,0.7753,0.4494,2.9775,0.7528,3.5281,0.809
p32,u59,블라디미르 푸틴 러시아 대통령은 구 일 전승절 행사에서 우크라이나 전쟁이 이 차 대전의 연장이며 우크라이나군은 나치란 허위 주장을 반복했다,0.5195,0.1299,0.5195,0.2597,0.5325,0.2857,0.6104,0.4026,0.7922,0.3896,3.7403,0.7273,0.4675,0.1948,0.5325,0.2857,0.5974,0.1948,0.7792,0.4416,0.8182,0.6494
p32,u60,붉은광장에서 열린 행사 연설에서 푸틴은 서방이 러시아 침공을 준비했다며 군사작전은 불가피하고 시의적절하며 적확한 결정이었다고 주장했다,0.6081,0.1757,0.6486,0.1892,0.6081,0.2432,5.4459,0.4324,3.1892,0.5,3.8108,0.7838,0.6216,0.1622,0.6216,0.2027,0.6081,0.3108,4.7568,0.6351,4.7703,0.8649
p32,u61,교착 상태에 빠진 우크라이나 전쟁을 탈나치 명분을 내세워 정당화하려는 의도로 보인다,0.8043,0.2174,0.6739,0.413,0.6957,0.5217,0.7174,0.6522,0.8696,0.6739,0.7826,0.7826,0.7174,0.1957,0.7391,0.5652,0.7174,0.5217,0.8043,0.587,7.0435,0.7826
p32,u62,행사에 맞춰 러시아군은 우크라이나 마리우폴의 아조우스탈 제철소에 폭격을 재개했다,0.7045,0.1818,0.7727,0.1818,9.0909,0.25,0.8182,0.4318,0.9091,0.6591,0.8636,0.9318,9.7045,0.1591,6.6364,0.25,0.9091,0.5,6.5909,0.6364,0.8409,0.6818
p32,u63,러시아는 나치 독일이 항복한 이날을 국가적 행사로 기념하고 있으나 푸틴은 이를 정치 행사로 이용해 왔다,0.4737,0.1579,0.5088,0.193,0.5439,0.2982,0.8596,0.386,0.7193,0.6316,0.8421,0.7544,0.386,0.1579,0.5263,0.2456,0.7719,0.4211,0.6491,0.4912,0.8421,0.6491
p32,u64,이번에도 그는 러시아에 승리를 만세를 외치며 전쟁이 끝나지 않았다는 메시지를 통해 국민 지지를 끌어내려 했다,0.4667,0.0333,0.5167,0.1667,0.7333,0.3333,3.7833,0.25,4.85,0.5667,1.05,0.6833,0.4,0.1,0.75,0.1,0.8167,0.3333,7.1333,0.55,0.7667,0.8333
p32,u65,이에 젤렌스키 우크라이나 대통령은 나치 범죄를 따라 하는 푸틴은 실패할 것이라고 목소리를 높였다,0.4528,0.1321,0.5094,0.0943,0.6792,0.2264,0.7547,0.4528,0.9245,0.6604,6.7358,0.717,0.4717,0.1132,0.5472,0.1132,0.8302,0.5094,5.5094,0.5472,0.8491,0.6038
p32,u66,이번 전승절 행사는 칠십 일 넘게 계속되는 우크라이나 전쟁의 향배를 가를 행사로 전 세계 주목을 받았다,0.4737,0.1228,0.4561,0.193,0.6842,0.386,0.8246,0.386,0.7368,0.4386,0.8421,0.6491,0.4386,0.193,0.5088,0.3333,0.5965,0.4561,0.7719,0.5965,0.8772,0.614
p32,u67,하지만 푸틴은 침략 정당화에 연설의 많은 시간을 할애하면서 당초 예상과 달리 특별한 메시지는 내지 않았다,0.569,0.2414,0.6034,0.2586,0.8103,0.4655,0.7414,0.5172,5.5,0.7069,5.0517,0.7069,0.5172,0.2414,0.5862,0.3448,0.6897,0.4483,0.8793,0.7414,5.0862,0.8103
p32,u68,푸틴이 지금까지의 제한전이 아닌 전면전을 선언하고 국가동원령을 내릴 경우 상황은 통제 불능에 빠져들 수도 있었다,0.4839,0.0968,0.5161,0.0968,0.5484,0.3226,0.6129,0.371,1.5645,0.4677,4.5323,0.6613,0.5323,0.1613,0.4677,0.2419,0.6452,0.3226,0.9194,0.5,4.6129,0.6452
p32,u69,물론 푸틴은 휴전도 시사하지 않아 우크라이나 사태가 장기화할 불안감은 여전하다,0.5349,0.186,0.3953,0.0465,0.5349,0.2791,0.7209,0.3488,0.8837,0.3953,0.8372,0.8605,0.2791,0.1395,1.814,0.1395,0.6744,0.3023,0.7907,0.5349,0.907,0.8837
p32,u70,특히 서방도 물러서지 않고 제재 강도를 높이고 있어 언제든 상황은 악화할 수 있다,0.2,0.0889,0.2889,0.1333,0.2,0.2444,0.4667,0.3111,0.7111,0.5333,5.0,0.6222,0.2444,0.1333,0.2889,0.2,0.5111,0.3333,0.7556,0.5778,0.7556,0.5111
p32,u71,주요 칠 개국 정상들은 하루 앞서 러시아산 원유 금수를 약속했고 유럽연합은 구체적 논의에 들어간 상태다,0.6491,0.1228,0.4737,0.1404,0.7193,0.2632,0.6491,0.3684,0.6667,0.5088,5.0,0.7368,0.5789,0.1754,0.6491,0.2281,5.5789,0.3158,0.8246,0.4035,0.8596,0.6842
p32,u72,하지만 이유는 분명치 않으나 실패를 용인하지 않는 푸틴이 전면전 카드를 꺼내지 않으면서 당장 주변국 확전 등 최악의 상황은 피할 수 있게 됐다,0.3924,0.1013,0.6456,0.2278,0.6203,0.4684,0.9873,0.4304,0.7975,0.6709,0.8734,0.6835,0.5949,0.1392,0.6709,0.2785,1.3544,0.5063,3.4557,0.5949,0.8734,0.8101
p32,u73,서방 견제를 위한 핵 전쟁 지휘통제기의 공개도 기상악화를 이유로 하지 않았다,0.3571,0.0714,0.4048,0.2381,0.4762,0.4048,0.5952,0.4524,0.5714,0.3571,0.9048,0.5714,0.4286,0.1429,0.4762,0.2619,0.4524,0.3333,0.5238,0.5476,0.8571,0.6905
p32,u74,푸틴의 출구 전략 찾기로 해석하기엔 이르지만 그럴 가능성이 생긴 것만 해도 긍정적이다,0.5319,0.2979,0.617,0.4043,0.7021,0.5106,0.7872,0.4255,0.7872,0.617,0.8723,0.766,0.7021,0.2766,0.5957,0.3191,0.766,0.5745,0.766,0.5106,1.1702,0.9149
p32,u75,섣부른 기대를 할 것은 아니나 우크라이나 사태의 분기점이 마련되었으면 하는 바람이다,0.4348,0.2609,0.6087,0.3478,0.587,0.5652,1.3696,0.4348,6.6304,0.6087,6.7826,0.7174,0.5,0.3696,0.4348,0.413,0.8696,0.3261,7.0652,0.5435,0.8913,0.6957
p32,u76,식당에서 갑자기 쓰러진 심정지 환자의 심장을 다시 뛰게 한 시민들에게 소방이 하트세이버를 수여했다,0.5,0.2407,0.6852,0.3519,5.7407,0.3333,0.7407,0.5741,6.2778,0.5,0.7778,0.8333,0.5,0.2407,0.5926,0.3148,0.7222,0.4259,0.8148,0.6111,5.2778,0.8333
p32,u77,광주 광산소방서는 성경환 김현수 김경민 씨에게 하트세이버 인증서와 배지를 수여했다고 십 칠 일 밝혔다,0.5,0.1607,0.5536,0.2857,0.75,0.4821,0.8393,0.4643,1.0,0.6429,6.1071,0.6964,0.5536,0.25,0.6964,0.4464,0.6964,0.5179,7.7857,0.6071,5.4464,0.8393
p32,u78,하트세이버는 심정지 또는 호흡 정지로 생사의 갈림길에 선 응급 환자를 심폐 소생술 등 적극적인 응급 처치로 생명을 구한 사람에게 인증서를 수여하는 제도다,0.6118,0.2,0.6588,0.3176,0.7059,0.4235,4.0353,0.5765,0.8706,0.6118,3.2235,0.7529,0.6,0.2706,2.9529,0.4235,0.8471,0.4471,3.0588,0.6706,3.4118,0.7647
p32,u79,이들은 지난해 십 이 월 십구 일 운남동의 한 식당에서 시민이 쓰러진 것을 보고 신속하게 일일구 에 신고하고 심폐 소생술을 실시했다,0.6986,0.1233,0.6712,0.2055,3.6986,0.411,3.7397,0.4932,0.8493,0.6301,3.4658,0.7534,0.7123,0.137,0.7123,0.3425,3.726,0.4795,1.0411,0.5753,4.0685,0.7671
p32,u80,신고를 받고 도착한 구급대는 제세동기 실시 및 전문 소생술을 진행했고 현장에서 자발순환회복 돼 병원 이송됐다,0.7333,0.15,0.6167,0.3167,0.75,0.3,0.8167,0.4333,0.8,0.6167,1.0,0.65,0.6167,0.1833,0.85,0.3167,0.85,0.4,1.1167,0.5167,0.9667,0.7667
p32,u81,성경환 씨는 사람이 쓰러지는 소리를 듣고 순간 본능적으로 움직였던 것 같다며 한 생명을 구할 수 있어서 다행이다고 말했다,0.8209,0.1642,0.4925,0.1194,0.6866,0.2537,0.9104,0.4627,5.3731,0.6119,4.194,0.6866,0.6269,0.1493,0.8209,0.209,0.8806,0.3284,0.8657,0.4776,4.7612,0.7463
p32,u82,한편 지난해 광산 소방서 하트세이버는 소방 공무원 사십 육 명 일반인 다섯 명으로 총 열 한 명의 심장을 다시 뛰게 만들었다,0.5797,0.1884,0.5362,0.2029,0.6522,0.3188,0.6957,0.3768,0.7536,0.5507,4.5652,0.6522,0.5652,0.1739,0.6377,0.2029,0.6957,0.4058,0.7681,0.5797,4.2464,0.7536
p32,u83,아시아와 유럽을 가장 빨리 잇는 유럽 대표 항공사 핀에어가 이천 이십 삼 년 일 월부터 인천 헬싱키 노선을 주 칠 회로 증편 운항한다고 밝혔다,0.557,0.2152,0.4937,0.1899,0.6835,0.2658,0.7342,0.3291,4.8481,0.557,4.3671,0.6962,0.5063,0.2025,0.5696,0.1519,0.6329,0.2911,2.2911,0.5316,5.2658,0.6962
p32,u84,십 구 일 핀에어에 따르면 인천 헬싱키 노선은 인천 국제공항에서 매일 이십 삼 시 오 분 출발해 헬싱키 반타 국제공항에 오전 여섯 시 오 분 도착한다,0.6747,0.0964,0.6386,0.0843,0.6988,0.2169,0.7349,0.4217,3.253,0.4217,0.9036,0.6747,0.6024,0.0964,0.7229,0.2048,0.7349,0.3253,0.8916,0.506,3.4819,0.6024
p32,u85,해당 노선에는 핀에어 최신 항공 기종이자 탄소 절감에 기여할 수 있는 에이 삼백 오십 이 투입된다,5.0185,0.1111,5.2593,0.3519,0.8519,0.4074,0.8519,0.4815,0.8333,0.5741,0.8704,0.5556,0.6111,0.1296,0.7222,0.4074,5.3519,0.4444,0.8148,0.6111,5.4815,0.7037
p32,u86,핀에어는 이와 함께 국내 열 한 개 여행사와 협력해 북유럽 팔 일 여행 상품을 선보인다,0.8125,0.0625,0.7917,0.2292,0.8125,0.4167,0.7708,0.5625,0.9375,0.5417,1.0,0.7917,0.8333,0.25,0.8958,0.3333,0.7917,0.5208,0.875,0.5417,1.0833,0.7917
p32,u87,여행객들은 여행지까지 인천 헬싱키 핀에어 직항편을 이용해 쾌적한 비행을 즐길 수 있다,0.617,0.1702,0.6596,0.2979,0.6383,0.5319,0.9149,0.6383,1.0638,0.6809,7.4043,0.6383,0.617,0.2128,0.6809,0.3191,0.766,0.4468,0.8085,0.5106,0.8511,0.8298
p32,u88,해당 상품 일정에는 오로라 헌팅과 북극 열차 탑승 등 북극권에서 즐길 수 있는 이색적인 경험이 포함된다,0.5439,0.1053,0.4211,0.1053,0.5965,0.3333,0.7193,0.5263,0.8772,0.614,0.8947,0.6842,0.4561,0.1404,0.6491,0.3333,0.7895,0.3684,0.8421,0.7018,5.5789,0.7719
p32,u89,스톡홀름 노르웨이 등 주요 북유럽 국가에 집중해 여유로운 일정을 구성한 것 또한 장점이다,0.5306,0.2857,0.551,0.3265,0.5714,0.4898,0.7347,0.5306,5.3265,0.6327,5.0816,0.6327,0.6327,0.2857,0.6327,0.3469,0.7143,0.4694,1.0,0.6939,0.8571,0.8163
p32,u90,특히 북극 여행에서 가장 유명한 프로그램인 오로라 헌팅은 노르웨이 트롬쇠에서 진행된다,0.7234,0.1064,0.5106,0.1277,0.766,0.5319,0.8511,0.5106,0.8511,0.4894,0.9362,0.8085,0.5106,0.1277,0.7021,0.2766,0.8511,0.4468,1.0638,0.7447,8.0426,0.8085
p32,u91,트롬쇠는 오로라를 볼 수 있는 가장 대표적인 도시로 겨울에도 상대적으로 춥지 않아 많은 여행객의 사랑을 받는 곳이다,0.375,0.0781,0.5312,0.1406,0.5781,0.2188,0.5312,0.3438,0.8125,0.5938,0.9062,0.8125,0.4375,0.1094,0.4531,0.1875,0.7188,0.3438,0.7812,0.4844,0.8594,0.7344
p32,u92,해당 상품은 국내 북유럽 상품을 판매하는 여행사를 통해 이천 이십 삼 년 삼 월 말까지 예약 및 구매 가능하다,0.7869,0.1311,0.7049,0.2623,0.7705,0.5246,0.8361,0.4918,5.8197,0.5246,4.8361,0.7377,0.7213,0.2131,0.8852,0.2459,5.2623,0.3115,4.6066,0.6066,0.9508,0.6885
p32,u93,핀에어 한국 지사장 김동환은 앤데믹과 겨울 방학 성수기에 힘입어 인천 헬싱키 노선 주 칠 일 운항을 재개하게 돼 무척 기쁘다,0.7101,0.4493,0.7971,0.5362,0.8261,0.6957,0.8116,0.6232,0.8986,0.6957,0.8696,0.8406,0.7391,0.5072,0.7681,0.6377,0.8261,0.6667,0.7971,0.7246,0.8986,0.7681
p32,u94,앞으로도 더 많은 승객에게 아시아와 유럽을 잇는 폭 넓은 네트워크를 제공할 수 있도록 노력하겠다고 말했다,0.4828,0.069,0.3793,0.069,0.3621,0.3276,0.7931,0.4483,5.6724,0.5345,5.6207,0.8966,0.3793,0.069,0.3621,0.1207,0.8793,0.3793,0.8103,0.3793,4.6897,0.6897
p32,u95,금융 감독원이 상호금융권의 과도한 수신 경쟁 자제를 요구하고 나섰다,0.5405,0.1351,0.6486,0.2703,0.6486,0.3784,0.7027,0.2432,0.8108,0.5405,11.9459,0.6486,0.5946,0.1351,0.5946,0.3784,0.6216,0.4595,0.8378,0.5135,9.1081,0.6486
p32,u96,최근 일부 상호금융권의 특판 과정에서 조합 실수로 발생한 과다 판매를 겨냥한 조치다,0.587,0.1304,0.587,0.2826,0.7391,0.5217,0.6739,0.5435,0.8043,0.6304,0.8696,0.7826,0.5,0.1087,0.6957,0.2826,0.7391,0.5217,0.7391,0.6522,0.8696,0.913
p32,u97,또 과도한 유치 경쟁은 자칫 유동성 건전성 문제로 번질 수 있다고 판단했다,0.3415,0.0732,0.3171,0.1463,0.6585,0.3171,0.6829,0.4146,0.8537,0.5122,2.0244,0.6829,0.3659,0.0732,0.3659,0.1707,0.4634,0.4634,0.7805,0.561,7.2439,0.6098
p32,u98,금감원은 십 사 일 상호금융권 고금리 특판 내부통제 현황 점검 간담회를 열고 이같이 당부했다고 밝혔다,0.625,0.3393,0.6964,0.4107,0.5893,0.5536,0.8393,0.5536,3.9821,0.5357,1.0357,0.7857,0.6429,0.4286,0.625,0.4821,0.7321,0.4286,0.8571,0.6071,5.75,0.7679
p32,u99,이는 앞서 경남의 한 지역 축산 농협과 경북 경주의 지역 농협에서 발생한 사고에 대한 후속 조치다,0.5556,0.0741,0.7222,0.2222,0.7037,0.537,0.8519,0.6481,5.2037,0.6852,0.8148,0.6296,0.6852,0.1481,0.7407,0.4259,0.8148,0.4444,0.9444,0.6296,0.8704,7.9444
p38,u00,화이자의 코로나 일구 먹는 치료제 팍스로비드 약 사만 사천 명 분이 이십 사 일 국내에 추가로 들어온다,0.4035,0.0351,0.5088,0.193,0.6842,0.386,0.7018,0.4912,0.7895,0.5439,0.9298,0.7544,0.4561,0.1404,0.5263,0.3333,0.6667,0.4035,0.7368,0.6842,0.8246,0.7368
p38,u01,질병관리청은 이십 삼 일 정례 브리핑을 통해 하루 뒤인 이십 사 일 낮 열 두 시 십 분 인천 공항을 통해 팍스로비드 추가 물량이 도착할 예정이라고 밝혔다,0.3837,0.1047,0.407,0.1279,0.5698,0.3023,0.6628,0.5698,0.6977,0.5349,0.907,0.7093,0.3605,0.1163,0.5233,0.2442,0.6279,0.2674,0.8488,0.593,0.7907,0.7093
p38,u02,이에 따라 국내에 남은 팍스로비드 육만 일천 명 분에 추가 도입 물량을 합치면 모두 십만 오천 명 분으로 늘게 된다,0.3906,0.0781,0.3594,0.2031,0.5781,0.375,0.5312,0.4688,0.6719,0.4844,0.7812,0.7031,0.4688,0.125,0.4688,0.3594,0.5312,0.4688,0.6406,0.5156,0.7812,0.7656
p38,u03,이달 셋째 주 일평균 오천 육백 사십 이 명 분씩 쓰인 점을 감안하면 대략 십 팔 일에서 십 구 일 정도 사용할 수 있는 양이다,0.5634,0.169,0.6197,0.2676,0.5915,0.3662,4.3662,0.6479,0.7465,0.662,0.831,0.6761,0.5915,0.1972,0.6479,0.4648,4.1831,0.493,3.5775,0.6479,4.2958,0.7042
p38,u04,아울러 머크앤드컴퍼니의 먹는 치료제인 라게브리오도 이번 주 십 만 명 분이 국내에 도입될 예정이다,0.5,0.1296,0.5,0.1667,0.6667,0.463,0.6111,0.537,0.7593,0.6481,0.8704,0.6111,0.5,0.2222,0.6481,0.3889,0.6852,0.5,0.7407,0.8148,1.0741,0.8333
p38,u05,식품 의약품 안전처가 이 의약품의 긴급 사용을 승인한 만큼 질병청도 투약 시기와 대상 등을 곧 확정해 발표할 예정이다,0.3538,0.0154,0.4,0.1692,0.7077,0.5231,0.6923,0.5231,0.7692,0.5846,4.0615,0.8,0.5538,0.1231,0.5538,0.3538,0.6154,0.4462,0.5692,0.5692,1.0,0.8154
p38,u06,한편 질병청은 아스트라제네카의 항체 치료제 이부실드의 도입과 긴급 사용 승인 요청 등도 검토하고 있다,0.2679,0.0893,0.3929,0.3036,0.6786,0.4286,0.7679,0.5536,0.8036,0.6607,0.8036,0.7857,0.4821,0.2143,0.4821,0.375,0.6071,0.5357,5.625,0.7143,4.0714,0.7143
p38,u07,이부실드는 주로 백신 접종으로 항체 형성이 어려운 중증 면역저하자 등에게 효과가 있는 것으로 알려졌다,0.4643,0.1071,0.5357,0.2857,0.75,0.4286,0.6964,0.5536,0.6786,0.6607,0.75,0.7143,0.6071,0.3036,0.6429,0.4464,0.6429,0.4464,0.7857,0.7143,0.8036,0.7143
p38,u08,삼십 대 연극배우가 불법으로 마사지 업소를 운영한 혐의로 일 심에서 벌금형을 선고받았다,0.2708,0.1458,0.5208,0.2708,0.7292,0.4375,0.625,0.4167,0.7708,0.5625,0.75,0.7708,0.5417,0.2292,0.6458,0.2917,0.5417,0.5,0.7708,0.6458,0.8333,0.8333
p38,u09,서울북부지법 형사 오 단독 홍순욱 부장판사는 이십 사 일 의료법 위반 혐의로 기소된 에이 씨에게 벌금 삼백 만 원을 선고하고 오백 구십 팔 만 원원을 추징할 것도 명령했다,2.1684,0.0737,1.9368,0.1579,1.3789,0.3474,0.6526,0.4526,0.7368,0.4842,2.3684,0.6632,2.0632,0.1158,0.6421,0.3158,0.6947,0.4632,0.7474,0.5579,1.1895,0.6842
p38,u10,연극배우인 에이 씨는 안마사 자격이 없는데도 이천 이십 년 칠 월부터 이듬해 삼 월까지 서울 중랑구에서 불법으로 마사지 업소를 운영한 혐의로 재판에 넘겨졌다,0.4598,0.0575,0.4828,0.3218,0.5862,0.2644,0.6092,0.3218,0.7011,0.4598,0.8161,0.7126,0.5287,0.1609,0.5172,0.3218,0.5057,0.4253,0.7011,0.5862,2.5172,0.8046
p38,u11,그는 물론이고 이 업소에 고용된 두 명도 안마사 자격이 없는 것으로 드러났다,0.2143,0.0714,0.2143,0.1429,0.4762,0.2619,0.6429,0.5238,0.5952,0.5,0.7619,0.5714,0.2619,0.1667,0.4048,0.2619,0.8333,0.619,0.7619,0.6905,7.1667,0.6905
p38,u12,이들은 업소 안에 방 다섯 개를 설치한 뒤 시간당 약 십 일 만원을 받고 전신을 손으로 주무르는 마사지 행위를 제공한 혐의를 받고 있다,0.3867,0.0133,0.32,0.1333,0.4667,0.2,0.6133,0.36,0.6,0.4267,3.28,0.6667,0.3467,0.08,0.4667,0.2667,0.5867,0.4,0.64,0.4,3.3867,0.6267
p38,u13,에이 씨는 불법 안마사 두 명과 수익금을 육 대 사 비율로 나눠 가지는 방식으로 업소를 운영했다고 전해졌다,0.3729,0.1186,0.5424,0.2034,0.7627,0.3559,0.7797,0.5085,4.4068,0.4915,4.2373,0.6949,0.4746,0.2203,0.7288,0.4576,0.678,0.4237,0.678,4.7966,0.7797,0.6441
p38,u14,의료법 제 팔십 이 조에 따르면 안마사는 장애인 복지법에 따른 시각 장애인 중 시도지사에게 자격 인정을 받아야 한다,0.2812,0.0469,0.375,0.0469,0.5469,0.3594,0.625,0.4688,0.5469,0.625,0.8281,0.6875,0.4375,0.1875,0.4531,0.3281,0.625,0.5312,0.7812,0.6094,0.8281,0.6875
p38,u15,이를 위반하고 자격 없이 영리 목적으로 안마를 하면 같은 법 제 팔십 팔 조에 의해 삼 년 이하의 징역이나 삼천 만 원 이하의 벌금에 처해진다,0.2278,0.1013,0.2911,0.1899,0.5063,0.3038,0.6203,0.3418,0.6329,0.4557,0.7848,0.443,0.3038,0.1519,0.4557,0.2405,0.5696,0.3924,3.4557,0.557,3.5063,0.6709
p38,u16,현대자동차가 고성능 엔 브랜드의 전동화 비전을 소개하고 이를 구현한 롤링랩 콘셉트카 두 대를 세계 최초로 공개했다,0.2698,0.0635,0.3333,0.2222,0.4603,0.3651,0.4762,0.4444,0.5079,0.3651,4.2698,0.6349,0.2698,0.1429,0.3968,0.2698,0.4444,0.4444,0.6032,0.6032,0.7778,0.6984
p38,u17,현대차는 롤링랩을 단순 양산모델을 넘어 선행 기술을 지속 개발하는 등대로 삼는다는 전략이다,0.14,0.12,0.16,0.2,0.32,0.2,0.42,0.34,0.5,0.42,7.52,0.64,0.2,0.18,0.26,0.16,0.5,0.48,0.6,0.46,0.7,0.68
p38,u18,현대차는 십 오 일 현대 엔 월드와이드 유튜브 채널에서 현대 엔 데이 영상을 공개하고 엔 브랜드의 전동화 비전을 전했다,0.2424,0.0909,0.197,0.197,0.3182,0.3333,0.8485,0.4091,0.6818,0.4394,0.9091,0.697,0.2727,0.1212,0.2727,0.2727,0.6515,0.303,0.5758,0.2424,2.9545,0.6364
p38,u19,엔 브랜드는 운전의 재미를 추구하기 위한 현대차의 고성능 서브 브랜드다,0.2051,0.0256,0.4103,0.1282,0.6154,0.3333,0.7436,0.4615,0.6923,0.5897,0.6923,0.7436,0.3333,0.0769,0.5128,0.4103,0.6667,0.4872,0.6154,0.6154,7.6154,0.7692
p38,u20,이천 십 오 년 론칭 이후 코너링 악동 일상의 스포츠카 레이스 트랙 주행능력을 기반으로 다양한 엔 모델을 개발해왔다,0.2656,0.0312,0.3281,0.2031,0.4844,0.3594,0.7344,0.4375,0.7969,0.625,2.7188,0.7031,0.2344,0.1562,0.3594,0.2969,0.7344,0.4844,0.75,0.6562,0.9219,0.6719
p38,u21,현대차는 이날 전동화 전략을 통해 역동적인 재미를 느낄 수 있도록 연구개발한다는 청사진을 제시했다,0.2407,0.0185,0.2963,0.1296,0.2593,0.1852,0.6296,0.2037,0.6296,0.3704,0.7593,0.5,0.2778,0.1296,0.4074,0.2037,0.5741,0.2037,0.6481,0.3704,0.8148,0.7593
p38,u22,이어 전기차를 레이스 트랙에서 즐길 수 있도록 고성능 기준을 끌어올리고 사운드진동 등 감성적 영역에서 다양하게 연구하고 있다고 밝혔다,0.1757,0.0135,0.3108,0.1081,0.2973,0.1892,0.3649,0.2703,0.473,0.473,0.7162,0.4189,0.2027,0.0541,0.3108,0.1622,0.3378,0.2838,0.4865,0.3514,0.6216,0.4865
p38,u23,현대차는 내년 출시 예정인 첫 전기 고성능차 아이오닉 파이브 엔을 통해 이를 현실화 시킨다는 계획이다,0.3571,0.1071,0.5536,0.1607,0.6964,0.4821,0.7321,0.3929,0.6607,0.4107,0.8214,0.7857,0.3393,0.0357,0.5179,0.1786,0.5893,0.4643,0.75,0.5714,0.8571,0.7143
p38,u24,이와 함께 엔 브랜드의 전동화 기술을 담은 롤링랩 모델 두 대도 공개했다,0.25,0.05,0.275,0.05,0.35,0.15,0.575,0.35,0.75,0.625,0.775,0.625,0.25,0.075,0.3,0.225,0.55,0.375,0.65,0.525,0.75,0.625
p38,u25,롤링랩은 고성능 기술을 양산 모델에 반영하기에 앞서 연구 개발 및 검증하는 차량이다,0.2391,0.0435,0.2609,0.087,0.4348,0.2826,0.5435,0.3913,0.6522,0.6522,0.8478,0.7391,0.3261,0.1087,0.413,0.2391,0.6522,0.3261,0.6957,0.6087,1.087,0.6739
p38,u26,롤링랩 알엔 이 이 이는 엔 브랜드의 첫번째 이쥐엠피 기반 고성능 차량이다,0.4146,0.2195,0.439,0.2683,0.5366,0.4146,0.7317,0.4878,0.8537,0.5366,0.8293,0.7317,0.4146,0.2439,0.5854,0.439,0.6341,0.4146,0.8049,0.5122,0.9024,0.8049
p38,u27,전기차가 지닌 한계를 극복하는 방안을 연구하기 위해 만들어졌으며 백 육십 킬로와트 전륜 모터와 이백 칠십 킬로와트 후륜 모터를 장착했다,0.3867,0.0267,0.36,0.1467,0.44,0.28,0.4667,0.4267,0.68,0.5733,3.28,0.64,0.44,0.1067,0.5333,0.3333,0.5467,0.3867,0.8267,0.6533,0.84,0.72
p38,u28,또 하나의 롤링랩 엔 비전 칠십 사는 포니 쿠페 콘셉트의 정신을 계승한 수소 하이브리드 고성능 차량이다,0.4912,0.2281,0.4912,0.2281,0.5614,0.4737,0.5263,0.4737,5.193,0.5965,0.7895,0.6842,0.4561,0.2632,0.5088,0.3333,0.8246,0.5965,0.7368,0.614,0.8947,0.8596
p38,u29,우리나라 한옥의 우수성을 널리 알리기 위해 올해도 대한민국 한옥 공모전이 열린다,0.1364,0.0682,0.1591,0.0909,0.3409,0.4091,5.5455,0.4091,0.7273,0.4318,0.9091,0.7273,0.2273,0.0682,0.3409,0.0909,0.6591,0.4091,0.8636,0.4545,5.8409,0.9773
p38,u30,국토교통부는 한옥의 우수성을 발굴하고 새로운 발전 가능성을 모색하기 위해 이천 이십 이 대한민국 한옥 공모전을 개최한다고 십 구 일 밝혔다,0.5065,0.1299,0.4416,0.2078,0.5455,0.4026,0.6104,0.4675,0.7013,0.5195,0.9221,0.5714,0.4416,0.0909,0.5714,0.2338,0.5455,0.4026,0.7792,0.4416,3.5974,0.6883
p38,u31,올해로 십 이 회째를 맞는 한옥 공모전은 잘 지어진 한옥을 찾아 국민에게 알리고 한옥에 대한 다양한 아이디어를 발굴하는 행사다,0.2,0.2571,0.2,0.1857,0.5571,0.3143,0.5571,0.4857,0.7,0.5429,3.9429,0.7,0.3,0.3,0.4,0.2429,0.5,0.3,3.5714,0.5857,3.9571,0.5714
p38,u32,공모전은 준공된 한옥 대학생 및 대학원생 대상 설계 한옥 사진 영상 등 네 개 부문으로 나누어 진행한다,0.3158,0.0702,0.2982,0.1404,0.4737,0.3158,0.5088,0.4561,0.6667,0.4211,5.1228,0.614,0.386,0.0877,0.3509,0.1579,0.4912,0.2982,0.5789,0.4211,4.9649,5.0
p38,u33,준공부문은 준공 후 삼 년이 경과한 한옥을 대상으로 해당 한옥의 건축주 설계자 시공자가 응모할 수 있다,0.3684,0.0702,0.4912,0.1579,0.5965,0.4211,0.5965,0.4386,0.6316,0.5088,0.6842,0.5263,0.4035,0.193,0.5088,0.3509,0.5439,0.4561,0.6316,0.4912,0.7895,0.6491
p38,u34,그동안 최근 오 년 이내에 지어진 한옥을 대상으로 했으나 유지 관리 등이 우수한 한옥을 선정하기 위해 준공 후 삼 년이 경과한 한옥으로 응모 기준을 바꿨다,0.2674,0.0814,0.3837,0.2558,0.4302,0.3488,0.6047,0.5233,0.5233,0.4651,0.7442,0.6279,0.5349,0.2907,0.4419,0.1977,0.5581,0.2674,0.7093,0.5116,3.9884,0.5814
p38,u35,대학생 및 대학원생 설계 공모전은 팀이나 개인 자격으로 응모할 수 있으며 올해 공모 주제는 마음을 품은 한옥 만들기다,0.3231,0.1077,0.3846,0.2615,0.5538,0.3846,0.7231,0.5538,4.3231,0.4769,0.8,0.6615,0.3846,0.2462,0.6308,0.3231,0.6615,0.3846,0.7692,0.6,4.3385,0.7538
p38,u36,이번 주제의 핵심은 우리 한옥에 누구의 마음 어떤 마음을 담아야 할지 생각해 보는 것이다,0.1429,0.1429,0.1633,0.1429,0.2857,0.2041,0.4082,0.1837,0.6735,0.449,0.8571,0.6531,0.1429,0.0816,0.2245,0.3265,0.3673,0.4082,0.5102,0.4286,0.7143,0.3469
p38,u37,사진과 영상 부문은 특정한 공모 주제가 없고 한옥의 아름다움과 가치를 독창적인 시각으로 담아낸 작품을 뽑을 예정이다,0.125,0.0,0.2188,0.0312,0.4062,0.25,0.5469,0.5312,0.5938,0.5625,0.7031,0.5781,0.2188,0.0938,0.3281,0.2812,0.5,0.4062,0.4531,0.4844,0.8906,0.5938
p38,u38,작품 접수는 팔 월 일 일부터 이 일까지 이틀간 진행하며 일 이 차 심사를 거쳐 구 월초 최종 당선작을 발표한다,0.2903,0.0323,0.5161,0.0968,0.5968,0.2581,0.5968,0.4032,0.6935,0.3548,0.8871,0.6129,0.4355,0.129,0.5,0.2097,0.5806,0.4194,0.6774,0.4839,0.8065,0.7097
p38,u39,공모지침 및 참가방법 등 자세한 사항은 대한민국 한옥 공모전 홈페이지를 통해 확인할 수 있다,0.3922,0.1569,0.4902,0.1569,0.7059,0.5098,0.8235,0.5294,0.7255,0.6275,0.8235,0.7843,4.2157,0.1961,0.5686,0.3137,0.7255,0.3725,0.7451,0.7255,0.8235,0.8235
p38,u40,이태원 핼러윈 압사 사고로 백 사십 육 명이 사망하고 백 오십 명이 부상당한 것으로 삼십 일 오전 네 시 현재 집계됐다,0.4242,0.0606,0.5606,0.1364,0.5606,0.303,0.6061,0.2273,0.697,0.4091,0.7121,0.5909,0.4697,0.0455,0.6667,0.2273,0.6667,0.3939,0.6364,0.5606,0.7879,0.6212
p38,u41,소방청은 삼십 일 오전 네 시 오 분께 현장 브리핑을 통해 이 같은 피해 사실을 공식 발표했다,0.4808,0.1923,0.4231,0.2115,0.6538,0.3269,0.6731,0.4423,0.6538,0.5192,0.8654,0.6538,0.4615,0.2115,0.5192,0.1923,0.7308,0.3462,0.6731,0.5192,0.8077,0.6538
p38,u42,사망자 백사십육 명 중 백 일 명은 병원으로 이송됐고 현장에서 안치된 사망자는 사십 오 명이다,0.3654,0.0769,0.4231,0.1346,0.4423,0.1538,0.5769,0.2692,0.6731,0.4231,0.7885,0.5577,0.3654,0.0962,0.5385,0.0577,0.5385,0.2692,0.6923,0.5385,0.8269,0.6346
p38,u43,이들 사망자들은 임시로 인근 원효로 다목적 실내 체육관에 안치됐다가 병원 영안실로 이송되는 중이다,0.2778,0.1481,0.4074,0.2222,0.5926,0.4259,0.7037,0.4444,0.5926,0.5556,5.7407,0.7593,0.3148,0.2037,0.4815,0.2963,0.5741,0.5,0.7407,0.6481,0.8519,0.8333
p38,u44,피해를 입은 사상자들은 서울 각지 병원 및 임시 응급 의료소에서 치료를 받고 있는 상황으로 인명 피해는 더욱 늘어날 것으로 보인다,0.4028,0.0694,0.3333,0.1944,0.4306,0.2361,0.5833,0.3611,0.6111,0.5278,0.6667,0.5694,0.4028,0.1389,0.375,0.1806,0.5417,0.4306,0.6111,0.4722,0.9167,0.75
p38,u45,소방당국은 이태원에서 호흡 곤란 환자가 발생했다는 신고를 접수한 뒤 이날 오후 열 시 이십 이 분쯤 현장에 도착했다고 밝혔다,0.2029,0.029,0.3043,0.058,0.4348,0.2174,0.6957,0.2319,0.6667,0.4493,0.913,0.6522,0.3913,0.1014,0.4928,0.2174,0.5942,0.3188,0.7101,0.4203,0.8261,0.6522
p38,u46,최성범 서울 용산 소방서장은 일 이 삼 차 수색을 한 결과 특이 사항은 없었다라고 밝혔다,0.3469,0.0816,0.449,0.102,0.4286,0.1633,0.5714,0.449,0.7347,0.551,0.8163,0.5918,4.3878,0.0408,0.6327,0.1633,0.6327,0.2653,0.6531,0.3265,0.8367,0.9388
p38,u47,부상자와 사망자 대다수가 클럽 주변에서 발생하면서 소방당국은 추가적으로 클럽 주변에서 삼 차에 걸쳐 수색을 진행했다,0.2969,0.125,0.4688,0.2031,0.4531,0.25,0.5,0.3594,0.6406,0.5,0.7188,0.6094,0.3594,0.1094,0.375,0.2031,0.4219,0.3594,0.5781,0.3906,0.7969,0.5938
p38,u48,최을천 용산 경찰서 형사과장은 마약 여부에 대해 확인된 바 없다고 말했다,0.225,0.1,0.325,0.15,0.4,0.3,0.525,0.4,0.65,0.45,0.775,0.6,0.3,0.125,0.575,0.3,0.625,0.2,0.65,0.35,0.8,0.775
p38,u49,소방당국은 이십 구 일 오후 열 시 십 오 분 최초로 사고 상황을 인지하고 오후 열 시 삼십 팔 분 대응 일 단계를 발령한 데 이어 오후 열 한 시 오십 분 대응 삼 단계로 격상했다,0.4752,0.0099,0.4059,0.1089,0.5446,0.2178,0.6436,0.3366,0.6634,0.4257,0.7624,0.4356,0.4455,0.0198,0.5446,0.2871,0.6139,0.2376,0.604,0.4059,0.7822,1.8614
p38,u50,글로벌 음원 스트리밍 플랫폼 스포티파이에서 지난 일 년간 한국 이용자가 가장 사랑한 아티스트는 그룹 방탄소년단이었다,0.1094,0.0469,0.2031,0.0469,0.1719,0.0625,0.4531,0.2969,0.5,0.4688,3.625,0.6406,0.2188,0.0,0.2344,0.0469,0.4062,0.2188,0.5938,0.5156,0.8594,0.75
p38,u51,스포티파이는 국내 론칭 일 주년을 맞아 지난해 이 월 일 일부터 이달 일 일까지 최다 스트리밍 아티스트 순위를 십 칠 일 발표했다,0.375,0.0556,0.3889,0.0972,0.5,0.1944,0.6528,0.5556,0.625,0.5139,0.8611,0.6111,0.4167,0.125,0.4028,0.2222,0.5694,0.4306,0.625,0.4722,0.8889,0.7361
p38,u52,일 위인 비티에스에 이어 이 위는 아이유 삼 위 저스틴 비버 사 위 아리아나 그란데 오 위 위켄드 등이었다,0.661,0.2542,0.5085,0.3051,0.8644,0.322,0.678,0.4237,0.5932,0.4915,0.7458,0.678,0.6441,0.2373,0.661,0.3559,0.5763,0.3729,0.678,0.678,0.6949,0.661
p38,u53,일 년간 한국 이용자가 가장 많이 들은 곡은 비티에스의 버터였다,0.3429,0.0857,0.3714,0.1143,0.4,0.3143,0.7143,0.4286,0.4857,0.6286,0.8,0.7143,0.4,0.0,0.4571,0.1429,0.5143,0.3143,0.8286,0.6,0.8286,0.6571
p38,u54,최다 스트리밍 음원 톱 십 안에 비티에스의 곡은 다섯 개나 이름을 올렸다,0.475,0.15,0.55,0.225,0.575,0.475,0.475,0.525,0.8,0.55,1.0,0.675,0.475,0.15,0.475,0.35,0.525,0.4,8.05,0.625,6.375,0.65
p38,u55,버터뿐만 아니라 퍼미션 투 댄스가 이 위를 다이너마이트가 오 위를 차지했다,0.3659,0.1707,0.4634,0.1951,0.439,0.439,0.6098,0.3171,0.8293,0.439,0.8293,0.6098,0.4146,0.2683,0.3902,0.1707,6.9268,0.4878,6.3171,0.5854,0.8293,0.7317
p38,u56,세계적인 록밴드 콜드플레이와 협업한 마이 유니버스는 구 위 라이프 고즈 온은 십 위에 이름을 올렸다,0.3091,0.2909,0.3455,0.3455,0.6545,0.6,0.7091,0.6727,0.8364,0.7455,3.5273,0.7818,0.5091,0.3818,0.4182,0.4909,0.7273,0.6545,0.8182,0.6909,5.1818,7.5273
p38,u57,같은 기간 최다 스트리밍한 앨범은 저스틴 비버의 여섯 번째 정규 앨범 저스티스였다,0.3556,0.1556,0.4,0.2667,0.6,0.4222,0.6667,0.4667,0.6889,0.6889,0.7778,0.7556,0.3778,0.2667,0.5778,0.4667,0.7556,0.5778,0.8,0.7556,6.3556,0.8444
p38,u58,이 위는 비티에스의 맵 오브 더 서울 세븐 삼 위는 비티에스의 비였다,0.9737,0.1053,0.5263,0.2105,0.4737,0.3684,0.7632,0.3947,0.8684,0.5263,5.9211,0.6842,0.6579,0.1842,0.5263,0.3684,0.6053,0.3684,0.8158,0.5526,0.7895,0.5526
p38,u59,십 위 역시 비티에스의 유 네버 워크 얼론이 차지했다,0.7241,0.2069,0.8276,0.3103,0.7931,0.5517,0.8621,0.6552,0.8276,0.5517,0.8621,0.8621,0.8621,0.4138,0.7931,0.6552,0.8621,0.6207,0.8276,0.6552,0.8276,0.8276
p38,u60,경북 경주시는 이천 이십 이 화랑대기 전국 태권도 대회가 성황리에 막을 내렸다고 밝혔다,0.5625,0.0417,0.5833,0.2083,0.6458,0.2708,0.7292,0.4167,0.6875,0.4375,0.8958,0.7708,0.7083,0.0833,0.7917,0.25,0.6875,0.5208,0.875,0.625,6.1458,0.75
p38,u61,경주시 태권도협회가 주최해 지난 십 일과 십 일 일 이틀간 경주 실내 체육관에서 열린 이번 대회에는 전국에서 이천 삼백 여명의 선수단이 참가했다,0.4875,0.1125,0.6375,0.2375,0.7875,0.3625,0.7625,0.675,3.625,0.675,0.825,0.7,0.5,0.2,0.675,0.3,0.9125,0.5375,0.8,0.5875,0.825,0.75
p38,u62,대회 참가자들은 예선 조별 리그와 본선 토너먼트를 거치며 그동안 갈고닦은 기량을 마음껏 선보였다,0.434,0.1698,0.4717,0.2453,0.5472,0.3396,0.6792,0.566,0.8302,0.8113,0.8868,0.7358,0.3208,0.2264,0.566,0.283,0.5472,0.4528,0.717,0.717,5.3962,0.9057
p38,u63,대회 결과 품새에서는 국가대표세계태권도장 품새에서는 솔길잡이태권도장 겨루기에서는 대구 김만규태권스쿨이 각각 종합 우승을 차지했다,0.5493,0.338,0.5634,0.4507,0.662,0.5493,0.7887,0.5352,0.9296,0.6056,0.9577,0.662,0.4789,0.3662,0.7606,0.6056,0.7183,0.493,0.8592,0.662,3.169,0.8169
p38,u64,올해 대회에는 세계 각지에서 온 외국인 선수들도 다수 참여해 주목을 끌었다,0.5366,0.122,0.5122,0.122,0.6341,0.3415,0.7561,0.4146,0.878,0.6585,0.7805,0.6829,0.5366,0.122,0.4634,0.1951,0.7073,0.3902,0.6829,0.4634,8.1707,0.6829
p38,u65,또 대규모 선수단이 경주를 방문하면서 지역의 숙박 업소와 식당 등이 때 아닌 특수를 누리며 지역 경제 활성화에도 큰 도움이 됐다,0.3662,0.0704,0.3521,0.1408,0.5352,0.2676,0.5634,0.3521,0.7324,0.5352,0.8028,0.4648,0.3944,0.1408,0.4507,0.2535,0.6197,0.3803,0.6901,0.4225,0.8732,0.6761
p38,u66,김호진 경주시 부시장은 화랑대기 전국 태권도 대회가 전국을 대표하는 태권도 대회로 그 명성을 이어가길 바란다고 말했다,0.4615,0.1231,0.5538,0.1385,0.6,0.3538,0.6923,0.5077,0.7846,0.6769,5.6,0.6308,0.4923,0.2308,0.6308,0.3385,0.5077,0.5077,0.7538,0.5385,1.0308,0.7385
p38,u67,조희락 경주시 태권도협회장은 화랑대기 전국 태권도 대회가 태권도의 발전에 이바지하도록 노력하겠다고 강조했다,0.2542,0.1356,0.4068,0.2542,0.5763,0.6441,0.6102,0.661,0.5932,0.5763,0.7458,0.678,0.339,0.3729,0.3898,0.4237,0.7288,0.6441,0.7627,0.7119,0.8983,0.7966
p38,u68,한국 자산 관리 공사가 국민으로부터 규제 개선을 요청받는 규제 정비 요청제를 도입한다,0.3191,0.1277,0.3191,0.1702,0.4468,0.2553,0.4043,0.2979,0.5319,0.4468,0.8085,0.5532,0.2766,0.1915,0.4255,0.2553,0.4681,0.5319,0.6383,0.383,5.1064,0.7234
p38,u69,캠코는 이십 이 일 이천 이십 이 년 일 차 내규 규제 혁신 위원회를 열었다고 밝혔다,0.5745,0.1064,0.5745,0.1702,0.6596,0.3404,0.7872,0.2766,0.766,0.3404,5.6383,0.5319,0.5745,0.1277,0.617,0.2766,0.7021,0.2553,0.8085,0.4043,0.8298,0.7447
p38,u70,위원회는 불합리한 규제를 개선하고 국민에게 불편을 끼칠 수 있는 요소들을 발굴 해소하는 등 실효성 있는 규제 혁신 방안을 검토 심의하기 위해 이천 이십 년 발족됐다,0.4835,0.1538,0.6044,0.2308,0.7473,0.3626,0.8022,0.3297,0.8132,0.5604,3.3736,0.6703,0.5165,0.1978,0.6374,0.3736,0.6593,0.6264,0.7802,0.5714,0.7692,2.4505
p38,u71,이번 위원회에서는 국민 누구나 캠코 내규 중 잘못되거나 불필요한 규제의 개선을 요청할 수 있는 규제 정비 요청제를 신설하기로 했다,0.1806,0.0694,0.2917,0.1667,0.2639,0.1806,0.4167,0.2639,0.625,0.3889,0.8889,0.4861,0.1944,0.0278,0.3889,0.25,0.4028,0.3611,0.6806,0.3333,3.8611,0.6528
p38,u72,캠코는 국민 요청 사항에 대해 불필요한 규제 여부 심사 후 업무 개선 등의 조치를 취할 방침이다,0.3208,0.0189,0.4528,0.0566,0.5472,0.1887,0.7547,0.3774,0.7925,0.5094,6.0566,0.6981,0.3774,0.0189,0.6604,0.3019,0.6604,0.4906,6.0566,0.5472,0.8679,0.6226
p38,u73,제도는 올해 하반기 시행 예정이며 캠코 홈페이지에서 요청 사항을 접수받을 예정이다,0.3778,0.0222,0.5333,0.0222,0.4,0.1778,0.8222,0.3111,0.6667,0.6222,0.8889,0.6222,0.3778,0.0222,0.4,0.0444,0.7556,0.5556,0.6667,0.7111,0.8889,0.7333
p38,u74,또 캠코는 국민이 쉽게 이해하고 활용할 수 있도록 전체 사업 부문의 민원 업무 신청서 등 서식 사십 이 개를 일괄 정비하기로 했다,0.4306,0.1389,0.4028,0.1111,0.5833,0.3194,0.75,0.4444,0.7083,0.6528,0.7361,0.5833,0.3472,0.1528,0.4583,0.2361,0.625,0.4167,0.6111,0.5278,0.7917,0.8056
p38,u75,국민이 서류 제출 단계에서 업무 처리 및 이의 제기 절차 신청인에게 유리한 제도 및 유의 사항 등을 미리 알 수 있도록 돕기 위해서다,0.4189,0.1216,0.4459,0.1486,0.527,0.2703,0.6622,0.473,0.9189,0.6757,3.6622,0.6216,0.4459,0.1486,0.5405,0.3108,0.6622,0.4459,0.7027,0.6622,3.7432,0.7162
p38,u76,캠코는 이번 위원회에서 올해 삼 월 도입한 규제 영향 평가 전담제 운영 성과를 공유하기도 했다,0.3269,0.1346,0.3846,0.1731,0.3269,0.3077,0.4615,0.5192,0.5962,0.4423,0.8654,0.5385,0.2308,0.1346,0.3269,0.1346,0.5192,0.4423,0.6731,0.4423,0.7692,0.6731
p38,u77,전담제는 내규 심사와 규제 영향 평가를 분리하는 방안으로 기존 동일 직원의 심사 및 평가 동시 수행에 따른 규제 심사 약화 등을 개선한 제도다,0.2911,0.0886,0.3291,0.1139,0.4937,0.3544,0.6456,0.557,0.6962,0.481,0.7215,0.7722,0.3291,0.2025,0.4051,0.2785,0.4937,0.481,0.6329,0.6329,0.8734,0.7975
p38,u78,울산시는 팔 월부터 상습 고질적인 체납 차량에 대한 번호판 영치 단속을 진행한다고 구 일 밝혔다,0.3019,0.1321,0.4717,0.2075,0.6038,0.4717,0.5849,0.5094,0.7547,0.5849,0.9057,0.5283,0.3962,0.1887,0.6415,0.434,0.5849,0.5283,0.8113,0.6415,0.8113,0.7925
p38,u79,시는 세무 공무원 십 삼 명으로 구성된 시 구군 합동 단속반을 편성해 단속에 들어간다,0.4468,0.1702,0.7447,0.2553,0.5745,0.2553,0.766,0.4468,0.6809,0.5745,0.7447,0.5532,0.4894,0.1915,0.5106,0.3617,0.7447,0.5532,0.8085,0.6596,0.9149,0.7234
p38,u80,영치 대상은 자동차세를 이 회 이상 체납한 차량 또는 차량 관련 과태료를 삼십 만 원 이상 체납한 차량이다,0.5254,0.1017,0.5763,0.0847,0.6271,0.2881,0.7797,0.4576,0.6271,0.5932,0.7627,0.7458,0.5424,0.0847,0.7458,0.3051,0.6271,0.5254,3.7966,0.5593,4.8475,0.7966
p38,u81,시는 이번 단속부터 자체 제작한 번호판 영치 도구를 처음으로 활용해 신형 비천공 번호판을 장착한 차량에 대해서도 단속을 벌인다,0.3286,0.1286,0.3286,0.2143,0.5,0.4143,0.6286,0.6,0.6571,0.6857,0.6571,0.6714,0.2857,0.2286,0.5,0.3286,0.6571,0.5,0.6571,0.7143,0.9,0.7857
p38,u82,기존 자동차에 달린 천공 번호판은 볼트를 풀면 번호판을 영치할 수 있지만 비천공 번호판은 볼트가 없어 번호판을 뗄 수 있도록 영치 도구를 자체 제작한 것이다,0.1264,0.0345,0.1609,0.1494,0.4368,0.2759,0.3793,0.5517,0.7126,0.6437,0.7471,0.7241,0.1954,0.1034,0.2529,0.2184,0.6782,0.4483,0.8161,0.7241,3.2529,2.7816
p38,u83,다만 시는 코로나 일구로 인해 어려움을 겪는 생계형 체납자의 경우 체납 처분 유예와 분할 납부 등을 적용할 방침이다,0.4531,0.0469,0.5156,0.2344,0.5469,0.2812,0.5781,0.3594,0.7031,0.5781,0.75,0.7031,0.4844,0.0625,0.6094,0.3125,0.6094,0.3906,4.9844,0.3438,4.5312,0.7812
p38,u84,울산시 관계자는 고질적인 체납 차량에 대해 공매 처분 등 강력한 징수 활동을 벌이겠다며 체납액 최소화를 위해 노력하겠다고 말했다,0.2958,0.1127,0.4366,0.1831,0.6197,0.338,0.7183,0.6056,4.5211,0.7465,0.9296,0.7746,0.3099,0.2113,0.5352,0.3521,0.8732,0.5211,3.4225,0.5915,0.8873,0.8169
p38,u85,경남 지역 주요 대학들이 교육부 등이 주관하는 삼 단계 산학연 협력 선도 대학 육성 사업에 최종 선정됐다,0.3448,0.0517,0.3966,0.1552,0.7414,0.431,0.8448,0.6034,0.7759,0.6207,1.0,0.6379,0.4483,0.1552,0.6379,0.4828,0.7069,0.569,6.3966,0.6897,0.8448,0.8276
p38,u86,경남 지역 대학가에 따르면 경남대 창원대 인제대가 링크 삼 점 영 수요 맞춤 성장형 사업에 선정됐다,0.3818,0.1273,0.4364,0.1455,0.4909,0.3455,0.6,0.4727,0.6909,0.5455,0.8727,0.5818,0.3818,0.1636,0.5455,0.2182,0.5818,0.4909,0.8182,0.7636,0.9455,0.7273
p38,u87,이들 세 개 대학은 오는 이천 이십 칠 년까지 학교별 이백 사십 억 원의 국비를 지원받게 된다,0.4808,0.1154,0.7115,0.0962,0.5962,0.3269,0.6154,0.2692,0.6154,0.4808,0.8846,0.4808,0.5962,0.1538,0.6538,0.2308,0.7308,0.4231,0.8077,0.3846,0.7885,0.6731
p38,u88,이들 대학은 산학 협력을 통한 지역 감동 대학 구현을 통해 산업계와 미래 사회에 필요한 인재 양성에 나선다,0.4407,0.1864,0.4576,0.2712,0.6102,0.2712,0.5085,0.3559,0.7288,0.4746,0.8814,0.661,0.4407,0.2034,0.5763,0.1695,0.6441,0.4576,0.8814,0.5593,0.9492,0.6271
p38,u89,경남대는 산학연 협력 체계를 공고히 다져온 디비 경험을 바탕으로 산학 친화형 대학 체계 개편 산학 맞춤형 인재 양성 지역 특화 분야 인력 양성 체계를 구축할 계획이다,0.5,0.2283,0.5,0.2717,0.6196,0.413,0.6413,0.413,0.7609,0.6848,0.7391,0.8261,0.5978,0.3043,0.7174,0.5109,0.7391,0.5109,2.7065,0.6522,2.4783,0.7826
p38,u90,창원대와 인제대도 기존 성과를 바탕으로 산학연 협력 체계 구축을 강화한다,0.45,0.125,0.475,0.25,0.725,0.45,0.625,0.525,5.375,0.525,1.0,0.775,0.525,0.35,0.55,0.4,0.75,0.375,0.725,0.625,0.8,0.875
p38,u91,박재규 경남대학교 총장은 경남대가 보유한 인재와 혁신 기술이 지역과 기업이 원하는 새로운 산학연 협력의 미래를 제시할 수 있길 바란다고 밝혔다,0.3038,0.1013,0.3924,0.2025,0.5063,0.3291,0.5316,0.4051,0.7215,0.4051,0.7848,0.6582,0.3418,0.1646,0.4304,0.2785,1.9747,0.4051,0.557,0.4177,3.6456,0.5443
p38,u92,충북교육연구정보원이 영화 각 분야 전문가와 함께하는 충북 교사 영화 제작 특강의 첫 번째 과정인 영화 시나리오 연수를 연다,0.3088,0.1618,0.3382,0.2647,0.4265,0.4412,0.5294,0.4118,0.6765,0.5882,0.75,0.75,0.3676,0.1912,0.4559,0.3676,0.4706,0.4118,4.25,0.7059,0.7059,0.7647
p38,u93,이번 연수에서 한국 시나리오 작가협회 이사이며 한국 극작가협회 정회원인 이미정 작가가 이십 사 일에서 이십 육 일까지 교사 이십 육 명을 대상으로 특강을 한다,0.4318,0.1023,0.5455,0.2273,0.7386,0.375,0.5909,0.4659,0.625,0.5227,3.0795,0.5909,0.4773,0.2273,0.6364,0.3409,0.6705,0.2841,0.7159,0.4886,0.7955,0.5909
p38,u94,특강은 시나리오 아이디어 발상과 기획 구성과 배치 습작과 분석 영화 시나리오 작성 실습 등으로 구성된다,0.1754,0.0702,0.2807,0.0702,0.3684,0.3509,0.5965,0.386,0.614,0.4211,4.6316,0.4386,0.4386,0.0702,0.386,0.1579,0.4211,0.2632,0.6667,0.386,4.0175,0.5965
p38,u95,전문 시나리오 작가의 체계적인 교육을 통해 영화 제작 역량을 강화하기 위해 마련됐다,0.587,0.2174,0.5217,0.3261,0.5435,0.3043,0.587,0.3478,0.5652,0.3696,0.913,0.6522,0.3696,0.3261,0.5,0.3261,0.6087,0.5,0.8478,0.4783,0.8478,0.7174
p38,u96,코로나 일구 확산 방지를 위해 충북교육연구정보원 삼 층 아이씨티사 실의 에듀테크 스튜디오 장비를 활용한 온오프라인 동시 집합 연수로 진행된다,0.4487,0.1667,0.3974,0.2821,0.6154,0.3846,6.8333,0.4744,0.7051,0.5769,0.7564,0.7436,0.4744,0.2564,0.5897,0.4359,0.6154,0.4872,0.7564,0.6282,0.7436,0.7179
p38,u97,영화 시나리오를 시작으로 이 화 영화 사운드 삼 화 영화 영상 문법 사 화 영화 촬영과 조명 등 영화 각 분야 전문가와 함께하는 특강을 운영할 계획이다,0.2262,0.0476,0.2262,0.1071,0.3929,0.2024,0.5476,0.3333,3.2738,0.5952,0.8929,0.5952,0.2857,0.1429,0.4405,0.2143,0.4643,0.369,2.5595,0.5357,0.9167,4.0
p38,u98,충북교육연구정보원은 학교 영화 제작 활성화를 위해 찾아가는 영화 제작 장비 원스톱 지원 서비스를 운영하고 있어 학교 영화 제작을 적극 지원하고 있다,0.2073,0.122,0.378,0.2927,0.4756,0.3537,0.4878,0.3659,0.6707,0.4634,0.7317,0.561,0.3537,0.1585,0.4512,0.3659,0.6707,0.4146,0.7927,0.5976,3.378,0.7073
p38,u99,학교에서 제작된 영화는 오는 십 이 월에 열리는 삼 회 충북 교육 영화제를 통해 관객에게 선보인다,0.4444,0.1111,0.4815,0.1667,0.537,0.2407,0.6481,0.5185,0.7037,0.6296,0.8889,0.6111,0.3889,0.1111,0.5741,0.1852,0.5556,0.3704,0.6667,0.5926,4.0926,0.7407
p41,u00,김건희 여사는 이십 일 일 한미 정상회담 환영 만찬이 열린 국립중앙박물관에서 조 바이든 미국 대통령을 남편 윤석열 대통령과 함께 영접했다,0.7237,0.1184,0.7105,0.2632,0.8553,0.3947,0.8684,0.6842,0.8553,0.8026,3.7237,0.8026,0.6579,0.1316,0.6974,0.4737,0.75,2.8421,0.8026,0.7237,0.9868,0.8421
p41,u01,이날 대통령실 등에 따르면 흰색 투피스 정장 차림에 올림머리를 하고 흰색 장갑을 낀 김 여사는 만찬장에 도착한 바이든 대통령과 악수하며 간단한 인사를 나눴다,0.5977,0.2299,0.7126,0.3448,0.6552,0.4253,0.8736,0.5172,0.8276,0.6322,2.5862,0.7126,0.5977,0.2759,0.8046,0.4023,0.8161,0.4828,0.9195,3.5862,3.5747,0.8391
p41,u02,김 여사는 인사 후 바이든 대통령 윤 대통령과 함께 박물관 내 경천사지 십 층 석탑과 황남대총 복분 출토 금관 청년 사 년 명동종 등 작품을 관람했다,0.6627,0.1325,2.6867,0.3133,0.747,0.4699,0.7952,0.5663,0.988,0.5301,3.747,0.8193,0.6627,0.2289,0.6988,0.3855,3.2771,0.5301,0.8434,0.7229,3.1807,0.747
p41,u03,김 여사는 작품 관람 후 이어진 공식 환영 만찬 행사에는 참석하지 않았다,0.625,0.05,0.6,0.35,0.675,0.55,0.725,0.725,0.825,0.75,0.875,0.575,0.625,0.125,0.625,0.325,0.8,0.425,0.825,0.725,0.8,0.725
p41,u04,당초 김 여사는 외교에 있어 엄격한 상호 주의에 따라 바이든 대통령이 방한하는 이 박 삼 일 동안 모습을 드러내지 않고 조용한 내조를 할 것으로 전망됐다,0.3647,0.0941,0.4824,0.1882,0.5059,0.3765,0.7059,0.4706,3.1059,0.6,0.8118,0.5765,0.4588,0.1647,0.4353,0.3529,3.8941,0.4353,4.3176,0.5176,3.2118,0.7529
p41,u05,바이든 대통령이 이번 방한에서 부인 질 바이든 여사와 동행하지 않았기 때문인데 이에 김 여사도 모습을 드러내기 어려울 것이란 관측이 지배적이었다,0.575,0.2125,0.5125,0.3,0.85,0.3,0.7125,0.45,3.575,0.625,3.5125,0.7,0.6375,0.3625,0.625,0.3,0.825,0.425,3.325,0.75,3.4625,0.7625
p41,u06,그러나 비공식 행사등를 통해 바이든 대통령에게 인사하는 것을 예의로 판단 이날 만찬 행사 전에 깜짝 등장했다,0.6333,0.1667,0.7833,0.3,0.75,0.5667,0.7333,0.5167,0.75,0.6667,4.9,0.6833,0.6333,0.2333,0.6833,0.5,0.7167,0.55,0.7833,0.6333,0.8667,0.7333
p41,u07,강방천 전 에셋플러스자산운용 회장이 금융 감독원 제재 심의 위원회에서 직무 정지 처분을 받았다,0.4038,0.3269,0.5962,0.2308,0.6154,0.4231,0.6923,0.4615,0.9231,0.6731,5.0577,0.75,0.6346,0.3654,0.6538,0.4423,0.6538,0.5385,0.9231,0.6538,0.8462,4.3269
p41,u08,십 오 일 금융 투자 업계에 따르면 금감원은 전날 열린 제재 심의 위원회에서 강 전 회장에 대해 직무 정지와 과태료 부과 등을 결정했다,0.4933,0.1733,0.5467,0.2667,0.5867,0.36,0.6667,0.3467,4.08,3.32,4.4133,0.6933,0.5333,0.2,0.6267,0.32,0.68,0.5067,0.7467,0.48,3.8267,0.6533
p41,u09,임원에 대한 징계는 주의 주의적 경고 문책 경고 직무 정지 해임 권고로 나뉜다,0.5814,0.3023,0.5581,0.3488,0.7209,0.4651,0.8372,0.5116,0.7674,0.5349,0.7907,0.6977,0.5814,0.3488,0.6047,0.4419,0.9767,0.4651,1.0698,0.6047,6.6744,0.7674
p41,u10,직무 정지의 경우 향후 사 년간 금융권 임원 취업이 제한되는 중징계에 해당한다,0.7442,0.0698,0.7442,0.2558,0.6744,0.5581,0.814,0.5581,0.8837,0.6047,0.7907,0.7907,0.7674,0.2326,0.6744,0.3721,0.7674,0.5116,1.0233,0.7442,0.8605,0.7674
p41,u11,강 전 회장은 차명 투자 의혹이 불거지기 직전 지난 칠 월 경영 일선에서 물러난 바 있다,0.3673,0.2041,0.5306,0.3673,0.6327,0.3673,0.7143,0.5102,0.7347,0.449,0.8571,0.7551,0.6122,0.3469,0.6939,0.3061,0.7551,0.4082,0.7551,0.5714,0.8571,0.8163
p41,u12,금감원은 에셋플러스운용을 대상으로 한 정기 검사 과정에서 강 회장이 차명을 통한 자기 매매를 해 온 정황을 파악했다,0.5156,0.25,0.5,0.375,0.5156,0.4375,0.5938,0.375,0.6719,0.5469,0.7969,0.8438,0.5781,0.3125,0.5625,0.4375,0.6094,0.4219,0.6094,0.4531,0.8281,5.3594
p41,u13,금감원은 공유오피스 업체 원더플러스에 강 회장이 개인 자금을 대여해준 뒤 법인 명의로 주식 투자를 한 것이 차명 투자 자기 매매라고 판단했다,0.4103,0.1923,0.5256,0.1923,0.5769,0.3462,0.6923,0.3846,0.7436,0.6026,3.641,0.6923,0.4615,0.1923,0.5641,0.3077,0.5897,0.3333,0.7051,0.4615,0.8333,0.7949
p41,u14,원더플러스는 강 회장이 대주주 강 회장의 딸이 이 대 주주로 올라와 있다,0.425,0.25,0.4,0.25,0.55,0.325,0.8,0.7,1.3,0.775,0.975,0.625,0.5,0.15,0.625,0.35,0.625,0.55,0.8,0.55,7.0,0.675
p41,u15,금감원의 제재심 이후 제재는 금융 위원회 증권 선물 위원회 금융위 정례 회의를 거쳐 최종 결정된다,0.5185,0.1667,3.9444,0.2778,0.7222,0.4259,0.7222,0.5556,0.7407,0.6852,5.9259,0.8148,0.7778,0.2778,3.7222,0.5556,0.8148,0.5741,0.8889,0.7222,0.8519,0.7963
p41,u16,울산 중구 원도심 상점가는 전국체전 장애인체전 기간 동안 손님 맞이 특별 할인 행사를 마련한다,0.5962,0.3077,0.6923,0.5,0.7115,0.5,0.7885,0.5962,0.8077,0.6538,1.0,0.7308,0.7115,0.3846,0.8269,0.5385,0.7692,0.6154,0.8077,0.75,1.0,0.7308
p41,u17,중구는 오는 칠 일부터 이십 사 일까지 문화의 거리와 보세 거리 젊음의 거리 웰컴시티 내 상점 팔십 구 곳이 특별 할인 행사를 진행한다고 육 일 밝혔다,0.6905,0.2143,0.5952,0.4048,0.7143,0.4286,0.75,0.5119,0.8452,0.6071,3.2381,0.6071,0.619,0.3214,0.6429,0.4286,0.7262,0.4524,4.0357,0.619,3.0595,0.6786
p41,u18,입장권이나 홍보물 등 전국체전 관련 물품을 들고 해당 업소를 방문하면 제품 가격 할인과 무료 음료 등 다양한 혜택을 받을 수 있다,0.4167,0.1667,0.5,0.2917,0.7083,0.3333,0.7083,0.4028,0.75,0.6389,3.5556,0.7361,0.5278,0.1944,0.7361,0.3333,0.7778,0.4167,0.8472,0.6667,0.7917,0.6806
p41,u19,또 이천 이십 이 전국체전 울산 인스타그램 계정을 팔로우 한 뒤 인증을 해도 같은 혜택을 받을 수 있다,0.4912,0.1228,0.4737,0.1404,0.4561,0.3684,0.7193,0.386,3.6316,0.5439,5.1053,0.7018,0.5088,0.2105,0.6491,0.2807,0.7368,0.4386,4.9123,0.6842,4.9825,0.7193
p41,u20,메가박스 울산점은 전국체전 기간 동안 영화표 삼 천원 콤보 세트 삼 천원 할인 행사를 진행한다,0.6346,0.2115,0.6538,0.4615,0.6538,0.5769,0.7308,0.5962,0.8462,0.6731,0.9038,0.8269,0.5962,0.3077,0.7308,0.5962,0.75,0.6538,0.8846,0.6154,4.9231,0.7885
p41,u21,중구 문화의 거리 이십 팔에 위치한 울산큰애기집은 시 월 한 달 동안 다양한 상품을 이십 삼십 퍼센트 할인된 가격으로 판매한다,0.4571,0.1429,0.6,0.2143,0.6143,0.4429,0.7143,0.5143,0.8143,0.6857,2.9286,0.8286,0.5,0.1857,0.6571,0.3429,0.8286,0.4857,2.4,0.6429,0.9143,0.7857
p41,u22,김영길 중구청장은 울산을 방문한 많은 손님들이 원도심에서 먹고 즐기고 편히 쉬는 등 좋은 추억을 많이 만들고 가시길 바란다고 말했다,0.3562,0.137,0.5479,0.1918,0.4795,0.4247,0.6849,0.589,0.7123,0.4247,3.863,0.7945,0.4932,0.2603,0.4932,0.411,0.6986,0.4932,3.9589,0.5479,0.9315,0.6575
p41,u23,한편 울산에서 십 칠 년 만에 열리는 제 백 삼 회 전국 체육 대회와 제 사십 이 회 전국 장애인 체육 대회는 오는 칠 일부터 이십 사 일까지 펼쳐진다,0.5119,0.25,0.5595,0.3214,0.6429,0.3929,0.5833,0.4524,3.3214,0.5357,2.3333,0.7143,0.5238,0.2857,0.6786,0.4167,0.7381,0.3929,0.75,0.5357,0.9048,0.7143
p41,u24,학교 급식을 공급하면서 원산지를 허위 표시한 납품업자들이 인천시에 적발됐다,0.439,0.1707,0.2683,0.122,0.3415,0.439,0.561,0.3659,0.7317,0.5366,1.1707,0.7805,0.2927,0.0732,0.5122,0.2195,0.6585,0.4146,0.8537,0.439,0.8293,0.7317
p41,u25,인천시 특별 사법 경찰은 농수산물의 원산지 표시 등에 관한 법률 위반 등으로 납품업자 네 명을 적발했다고 이십 삼 일 밝혔다,0.3623,0.1014,0.4203,0.1304,0.4783,0.3768,0.5797,0.2754,0.6232,0.4203,0.7971,0.5942,0.3623,0.1449,0.5217,0.1884,0.6667,0.4058,0.7536,0.3333,0.7101,0.7826
p41,u26,인천 특사경은 지난 십 삼 일부터 이십 일까지 초중고교 급식 납품업소 삼십 곳을 대상으로 단속을 벌였다,0.4035,0.0702,0.4561,0.2632,0.6316,0.2281,0.6842,0.4561,0.5614,0.5614,4.4211,0.6667,0.4737,0.1228,0.6316,0.2105,0.6316,0.3509,0.7719,0.614,0.9123,0.614
p41,u27,적발된 에이 업체는 중국산과 국산 고춧가루를 섞어 제조한 김치의 고춧가루 원산지를 국산으로 표시했다,0.5455,0.0909,0.5091,0.1818,0.6909,0.2727,0.7818,0.4,0.9273,0.5636,0.9636,0.5273,0.5091,0.1818,0.6182,0.4364,0.8727,0.4,0.7455,0.5091,0.8545,0.7091
p41,u28,비 업체는 태국산 낙지와 국산 낙지를 혼합한 낙지의 원산지를 국산으로 씨 업체는 중국산 표고버섯을 국산으로 거짓 표시한 뒤 납품했다,0.4932,0.1233,0.589,0.2192,0.7534,0.4247,0.7397,0.5205,0.7945,0.6849,3.8493,2.7397,0.6027,0.1644,0.6575,0.3836,0.7397,0.4521,0.7671,0.4932,3.8219,0.6575
p41,u29,디 업체는 냉동 소고기를 냉장 상태로 보관하다가 축산물 위생 관리법 위반으로 적발됐다,0.5106,0.1915,0.7234,0.2553,0.8298,0.5106,0.766,0.3404,0.7872,0.4468,0.8936,0.7447,0.4468,0.2979,0.8511,0.2553,0.8511,0.5319,5.8085,0.5745,6.4043,0.7872
p41,u30,인천 특사경은 적발된 업체에 대해 조사를 벌인 뒤 검찰에 송치하고 관할구청에 통보해 행정 처분 하도록 조치할 예정이다,0.3692,0.1385,0.3846,0.1692,0.5077,0.2462,0.6154,0.3538,0.5692,0.4462,0.7692,0.6154,0.3538,0.1846,0.4769,0.2462,0.5231,0.4,0.6769,0.3692,4.4923,0.5692
p41,u31,농수산물 원산지 표시를 위반하면 칠 년 이하의 징역이나 일 억 원 이하의 벌금형에 처해진다,0.46,0.16,0.52,0.28,0.68,0.44,0.66,0.48,0.74,0.6,0.84,0.76,0.6,0.24,0.62,0.28,0.66,0.32,0.72,0.44,0.78,0.64
p41,u32,축산물 위생 관리법을 위반하면 삼 년 이하의 징역이나 삼천 만 원 이하의 벌금형을 받게 된다,0.4118,0.1373,0.5098,0.1765,0.5882,0.2745,0.6863,0.2549,0.8039,0.3529,1.0,0.7843,0.3922,0.1569,0.6471,0.1569,6.1961,0.451,0.9804,0.4902,3.2549,0.7451
p41,u33,인천시 관계자는 성장기 아이들이 안전하게 먹을 수 있는 식재료 공급환경 조성을 위해 학교 급식 납품업소에 대한 단속을 지속적으로 하겠다고 말했다,0.2625,0.15,0.4125,0.175,0.4,0.3,0.5125,0.3625,0.6375,0.3875,0.65,0.5375,0.3,0.15,0.475,0.2625,0.6375,0.35,0.5625,0.425,2.5875,0.6875
p41,u34,지난해 팔 월 카불 함락 이후 이백 만 명에 달하는 아프가니스탄 국민들이 해외 피란길에 올랐다,0.5,0.1538,0.5,0.1346,0.8462,0.4423,0.8462,0.5192,5.1538,0.5192,0.9038,0.8269,0.5,0.2115,0.6538,0.2885,0.75,0.4423,0.8462,0.5577,0.8462,0.8077
p41,u35,이들 중 주아프간 한국 대사관 한국 국제 협력단 등 과거 한국 관련 기관에 몸담았던 특별 기여자 삼백 구십 일 명이 한국 땅을 밟았다,0.3649,0.1486,0.4459,0.2297,0.4459,0.4459,0.527,0.4459,3.7432,0.4324,0.8514,0.5135,0.3919,0.1892,0.4865,0.3784,0.5676,0.3243,0.6216,0.4595,4.3784,0.6757
p41,u36,전남 여수 해양 경찰 교육원에서 약 육 개월간의 정착 교육을 거친 이들은 올 초부터 국내 지역 곳곳에 터를 잡고 생활하고 있다,0.4143,0.1571,0.5429,0.2571,0.5857,0.3,0.7143,0.2714,0.6286,0.3857,3.3286,0.5429,0.4286,0.1857,0.6143,0.2143,0.6571,0.3571,0.7,0.4714,0.7286,0.5286
p41,u37,특별 기여자 중 가장 많은 이십 구 가구는 울산광역시와 현대중공업 등의 도움으로 울산 동구에 거처를 마련했다,0.5,0.25,0.4667,0.35,0.6,0.2833,0.65,0.4,0.7333,0.6,0.8833,0.6333,0.5,0.3667,0.4833,0.4167,0.6667,0.3833,0.75,0.5333,4.15,0.7333
p41,u38,이들 생계를 책임지는 이십 구 명의 가장들은 현대중공업 협력 업체에서 배관이나 도장 엔진 조립과 같은 일을 하고 있다,0.4154,0.2154,0.5692,0.2462,0.6615,0.4154,0.6923,0.4923,0.8,0.6,0.8308,0.6615,0.5385,0.2615,0.6308,0.4615,0.5538,0.5077,0.7231,0.5692,0.8308,0.7231
p41,u39,이정숙 울산 다문화 지원 센터장에 따르면 주부들은 다문화 지원 센터에서 진행하는 문화 교육을 받고 아이들은 인근 학교에 다니고 있다,0.3014,0.1233,0.2192,0.2329,0.3151,0.3014,0.7808,0.3836,1.1644,0.411,3.5616,0.5616,0.2603,0.2192,0.2877,0.3288,0.5616,0.2877,0.8082,0.5479,0.8493,0.7671
p41,u40,특별 기여자들은 여권처럼 신분을 증명할 수단이 없어 일상 생활에서 어려움을 겪고 있는 것으로 알려졌다,0.125,0.0179,0.25,0.0893,0.3036,0.1429,0.2857,0.1786,0.7679,0.375,5.8036,0.6071,0.1786,0.0357,0.2143,0.1071,0.5893,0.2857,0.875,0.4643,0.8393,0.5
p41,u41,한 특별 기여자는 통상적인 웹 사이트 이용이나 일상 민원 처리 계좌 개설 등 여러 방면에서 막히는 일이 많다고 했다,0.4688,0.0938,0.4219,0.1406,0.5469,0.3438,0.6562,0.4062,0.7969,0.4844,0.9375,0.6719,0.6094,0.0938,6.6719,0.2656,0.8281,0.4688,0.6719,0.4219,0.8125,0.6406
p41,u42,미국은 한국과 같이 중앙 정부 지역 사회 등이 나서 아프간 이주민들의 정착을 돕고 있다,0.6875,0.2292,0.625,0.3333,0.7292,0.3125,0.6667,0.6042,0.7708,0.6667,0.8333,0.6875,0.5625,0.2917,0.75,0.3125,0.7292,0.3125,0.7708,0.4583,5.8958,0.6875
p41,u43,미 국토안보부에 따르면 지난해 팔 월 이후 미국으로 건너온 아프간 국민은 약 칠만 육천 명에 달한다,0.4,0.0909,0.4727,0.1273,0.4545,0.1636,0.6,0.3273,0.7818,0.2909,5.5091,0.6727,0.4182,0.0909,0.4727,0.2909,0.6545,0.3818,1.0,0.4545,0.8364,7.7455
p41,u44,이들은 지자체 및 자원 봉사 단체가 제공하는 정착 프로그램을 통해 집과 직장을 마련하고 있다,0.4314,0.1569,0.3922,0.1569,0.6078,0.4706,0.6863,0.4706,0.6863,0.549,0.8039,0.7059,0.4314,0.2549,0.7451,0.3529,0.6667,0.5098,0.7059,0.549,0.7451,0.6471
p41,u45,이들이 미국에 머무를 수 있는 임시 입국 허가 기간은 이 년에 불과한 것이 문제다,0.6667,0.0889,0.6444,0.1778,0.7111,0.5333,0.8222,0.6444,0.7778,0.5778,6.6444,0.5111,0.8889,0.2222,0.8222,0.4667,0.7556,0.5333,0.6889,0.6,0.9556,0.6667
p41,u46,미 시애틀타임스는 바이든 행정부는 이들에게 추방 유예 같은 단기적 해결책이 아닌 영주권 부여 등 장기적 대책을 제공해야 한다고 지적했다,0.6533,0.2,0.5733,0.2267,0.76,0.5333,0.7067,0.5067,0.7467,0.6667,3.0,0.7067,0.5867,0.2,0.7467,0.3733,0.7333,0.6133,3.3867,0.72,3.2667,0.7467
p41,u47,일본은 정부뿐 아니라 대학 기업 등 민간에서도 아프간 이주민들을 지원하고 있다,0.3488,0.2791,0.3721,0.3721,0.5581,0.4186,0.7209,0.4651,0.6744,0.5581,0.8372,0.7907,0.3023,0.3721,0.4884,0.3721,0.7442,0.4884,0.8605,0.5581,6.7907,0.7209
p41,u48,지난 오 월 히로시마대학은 과거 유학생 신분이었던 아프간 국민 열 다섯 명을 연구원으로 채용하고 주거 등 생활 지원을 제공하기로 했다,0.4459,0.1622,0.4865,0.2297,0.4054,0.2297,4.0,0.3514,0.8108,0.4324,0.9054,0.5811,0.4459,0.1351,4.6351,0.2162,0.6486,0.2838,0.7432,0.4324,0.8378,0.6892
p41,u49,아프간과 국경을 맞대고 있어 과거부터 난민 유입이 잦았던 파키스탄의 경우 현재 백 오십 만 명에 달하는 아프간 국민이 거주 중인 것으로 알려졌다,0.4875,0.075,0.5375,0.15,0.4375,0.3,0.6125,0.4625,0.6375,0.525,0.7875,0.7125,0.4,0.175,0.4125,0.275,0.575,0.4,0.6875,0.6,2.75,0.6875
p41,u50,하지만 이들은 파키스탄 정부와 탈레반의 우호적 관계 탓에 별다른 인도적 지원 없이 가난한 생활을 하고 있다고 미국 매체 더디스패치가 지난달 보도했다,0.3537,0.2073,0.3415,0.2439,0.5,0.3659,0.5,0.5122,0.7073,0.6098,0.7805,0.6463,0.2805,0.2073,0.3902,0.2927,0.6098,0.3537,0.6951,0.5122,0.7805,0.7561
p41,u51,엘에스전선아시아가 베트남 최대 부동산 개발 업체 빈홈에 대용량 전력 공급 시스템 버스덕트를 공급했다고 이십팔 일 밝혔다,0.4545,0.1212,0.6212,0.3182,0.6364,0.5,0.803,0.4848,0.9697,0.6212,3.8333,0.8182,0.4545,0.1818,0.7121,0.3939,0.7576,0.6364,0.8788,0.5303,4.1212,0.6061
p41,u52,이 시스템은 빈홈이 하노이시와 호찌민시에 짓는 십 삼 만 세대 규모의 대형 아파트 단지 내 전력 공급에 사용된다,0.629,0.1613,0.8387,0.4032,6.7742,0.5323,4.5484,0.7258,6.9194,0.7742,6.871,3.3871,0.7903,0.2258,3.0484,0.5484,6.8226,0.629,6.8387,0.8226,0.8548,3.3387
p41,u53,빈홈이 베트남 사십 여 도시에 수십 만 호의 주택 건설을 진행하고 있어 추가 수주도 기대된다,0.4902,0.098,0.6078,0.1373,0.7647,0.3725,0.6078,0.4314,4.1176,0.4902,5.6471,0.6078,0.5882,0.2549,0.6863,0.3333,0.6275,0.4706,0.7451,0.5882,0.8627,0.6078
p41,u54,엘에스전선아시아는 빈홈의 모그룹인 빈그룹이 건설하는 대형 쇼핑몰과 리조트 플랜트 등에도 제품 공급을 추진할 계획이다,0.6875,0.3125,0.6406,0.3438,0.8125,0.5469,0.9688,0.7344,5.0312,0.7812,0.9062,0.7344,2.6719,0.3906,0.75,0.4375,0.9062,0.4688,1.1719,0.6875,7.2188,0.8125
p41,u55,버스덕트는 수백 수천 가닥의 전선 대신 금속 케이스 안에 판형 도체를 넣어 대용량의 전력을 공급한다,0.3455,0.2545,0.4182,0.2727,0.5636,0.5455,0.7455,0.5636,0.7636,0.6545,1.0,0.7455,0.4727,0.2545,0.5636,0.2545,0.6909,0.5636,0.7818,0.6909,5.2182,0.8
p41,u56,전선보다 설치와 이동이 간편하고 공간을 적게 차지해 초고층 빌딩과 아파트 공장 등을 중심으로 도입이 늘어나는 추세다,0.6406,0.2344,0.5312,0.3906,0.7188,0.4375,0.5938,0.3438,4.5156,0.5156,0.8438,0.6562,0.5312,0.2344,0.875,0.4531,0.7031,0.4375,4.2812,0.5938,0.875,0.6875
p41,u57,엘에스전선아시아는 이천 십 칠 년 호찌민 엘에스씨브이에 신규 설비를 구축 버스덕트 시장 도입기인 베트남에 진출했다,0.6349,0.3333,5.6667,0.5238,0.8571,0.5556,0.8571,0.7302,4.7778,0.746,0.9048,0.873,4.5079,0.4444,5.8254,0.6032,4.9206,0.746,4.2222,0.7143,0.873,0.8413
p41,u58,베트남은 대규모 아파트 단지와 상업용 빌딩 아이디씨 센터 공장 건설이 활발해지면서 건물에 전선 대신 버스덕트를 도입하는 사례가 늘었다,0.5676,0.2432,0.6892,0.3243,0.6757,0.6081,0.7027,0.6351,0.9865,0.6622,3.3514,0.7703,0.6216,0.2432,0.7703,0.4459,4.027,0.6351,0.8378,0.7432,0.8919,0.8649
p41,u59,백인재 엘에스전선아시아 대표는 국내 버스덕트 시장 일 위인 엘에스전선의 기술력을 기반으로 베트남 시장을 선점하겠다고 말했다,0.5294,0.1765,0.6471,0.1912,0.8235,0.4853,5.0294,0.7059,6.6176,0.7794,0.8676,0.8529,0.5735,0.2059,0.8382,0.3529,0.9853,0.6176,0.8529,0.75,0.8676,0.75
p41,u60,케이티 롤스터 선수단이 형제구단이 케이티 위즈의 초청을 받아 수원 야구장에 간다,0.5682,0.2045,0.6136,0.3409,0.6591,0.4545,0.8182,0.4773,0.8182,0.5682,8.1364,0.7955,0.5909,0.3182,0.7273,0.5455,7.4091,0.5682,0.8409,0.7273,0.8409,0.7273
p41,u61,케이티 위즈 구단은 오는 십 칠 일 수원 케이티 위즈파크에서 열리는 엘지와의 홈경기에 형제 구단인 케이티 롤스터 선수단을 초청해 롤스터 데이를 개최한다고 십 이 일 밝혔다,0.6211,0.1684,0.5474,0.2842,0.6421,0.4947,0.7895,0.6,0.7684,0.6105,3.1368,0.7789,0.6316,0.1895,0.6105,0.4842,0.6316,0.5053,0.8316,0.6,0.8105,2.3474
p41,u62,이번 롤스터 데이에는 경기에 앞서 경기 입장권을 구매한 고객을 대상으로 오후 네 시 사십 분부터 한 시간 동안 팬 사인회를 진행한다,0.6575,0.1096,0.6164,0.2603,0.589,0.3973,4.1781,0.4795,0.7397,0.6301,0.7945,0.726,0.6575,0.2055,0.6575,0.4521,0.7123,0.5342,0.9178,0.6027,0.8767,0.7808
p41,u63,팬 사인회는 위즈파크 동문에 위치한 빅토리 라운지에서 열리며 에이밍 김하람을 포함해 선수 일곱 명 전원이 참석한다,0.7778,0.3016,0.7937,0.3492,0.6984,0.5873,0.873,0.746,0.7937,0.7302,0.9683,3.3968,0.873,0.3016,0.7143,0.6032,0.7619,0.6508,0.8571,0.7778,0.9524,0.7937
p41,u64,이날 경기 승리를 기원하는 시구는 에이밍 김하람이 시타는 커즈 문우찬이 맡는다,0.6279,0.2791,0.7442,0.3953,0.6744,0.5116,0.8605,0.6512,0.9302,0.7209,0.7674,0.6744,0.7674,0.4186,0.7674,0.4651,0.7209,0.5349,0.8372,0.6977,5.4186,0.7442
p41,u65,라스칼 김광희를 포함해 아리아 이가을 라이프 김정민 기드온 김민성 빅라 이대광은 애국가를 제창한다,0.6111,0.2778,0.5556,0.2593,0.7778,0.4815,0.8889,0.6111,0.9444,0.6852,5.3333,0.6667,0.537,0.3333,0.7222,0.5,0.8889,0.5741,1.0741,0.6852,1.1111,0.963
p41,u66,또한 경기 중에는 롤스터 선수단이 응원 단상에 올라 팬들에게 인사를 전한다,0.5122,0.2195,0.6098,0.3902,0.7805,0.6829,0.7317,0.7073,1.0488,0.6341,0.9756,0.7805,0.6098,0.439,0.8293,0.6098,0.8049,0.4634,0.9024,0.7073,0.8293,0.7805
p41,u67,이밖에도 다양한 이벤트를 통해 로지텍 헤드셋을 비롯해 마우스 키보드 친필 사인볼 등 푸짐한 경품을 증정한다,0.7797,0.2881,0.678,0.3898,0.7288,0.4915,0.678,0.5932,0.9322,0.678,0.8814,0.7627,0.6271,0.2373,0.7119,0.5085,0.8814,0.5424,4.7966,0.8305,0.8814,0.7797
p41,u68,인천 삼산 경찰서는 아파트 팔 층에서 홧김에 소화제 병을 화단으로 던진 칠십 대 남성 에이 씨를 특수 상해 미수 혐의로 붙잡아 조사 중이라고 이십 구 일 밝혔다,0.5843,0.2247,0.6854,0.3708,0.764,0.5169,3.1348,0.5506,3.2697,0.5955,3.4157,0.6854,0.7079,0.3258,0.6854,0.4157,2.8876,0.5169,3.7416,0.6404,3.5843,4.236
p41,u69,경찰에 따르면 에이 씨는 지난 이십 칠 일 오후 세 시 이십 이 분께 인천시 부평구 부개동의 한 아파트 팔 층에서 일 층 화단으로 빈 소화제 병을 던진 혐의를 받고 있다,0.5426,0.2128,0.6064,0.2979,0.7128,0.5106,2.8404,0.5213,2.9787,0.6064,0.7447,0.6702,0.5957,0.2447,0.6489,0.4468,0.7766,0.5319,0.7979,0.6277,3.1277,0.7447
p41,u70,당시 아파트 단지 내 보행로를 따라 걷고 있던 사십 대 주민 비 씨는 자신의 주변으로 빈 병이 떨어지자 위협을 느꼈다고 경찰에 신고했다,0.44,0.08,0.4,0.16,0.5333,0.2533,0.6933,0.4267,0.5733,0.52,0.7467,0.64,0.4267,0.2,0.64,0.2133,0.6133,0.5067,0.7333,0.6267,0.88,0.7333
p41,u71,에이 씨는 빈 병 투척 행위로 부상자가 있었다는 이웃 주민들의 이야기를 듣고 다음 날인 이십 팔 일 관할 지구대에 찾아가 자수했다,0.6111,0.25,0.5972,0.2778,0.6389,0.3889,0.7083,0.375,0.875,0.5972,4.2222,0.75,0.5833,0.2778,0.6667,0.3194,0.8472,0.7083,0.7361,0.5417,0.875,0.9444
p41,u72,실제로 비 씨는 빈 병에 맞지 않아 주민들의 전언과 달리 다치지 않은 것으로 파악됐다,0.4468,0.234,0.5532,0.3404,0.7021,0.4894,0.8298,0.6596,4.5106,0.6809,9.1702,0.7872,0.5957,0.3617,0.6809,0.383,0.7447,0.6383,0.8298,0.766,0.8085,0.8298
p41,u73,에이 씨는 경찰에서 소화제를 먹었는데도 소화가 안 돼 홧김에 소화제 병을 던졌다는 취지로 진술한 것으로 알려졌다,0.5323,0.1129,0.629,0.2097,0.629,0.371,0.6935,0.4839,0.8387,0.5806,5.2097,0.7258,0.4516,0.1774,0.629,0.3387,0.6935,0.4194,0.8387,0.5968,0.8387,0.7581
p41,u74,경찰 관계자는 에이 씨를 상대로 소화제 병을 던진 정확한 이유와 구체적인 경위 등을 조사할 계획이라고 말했다,0.7333,0.1667,0.7667,0.3,0.75,0.5167,0.7667,0.6167,1.0833,0.7167,0.9167,0.8333,0.75,0.3833,0.75,0.5333,0.8833,0.7167,0.8167,0.7333,0.8667,4.4333
p41,u75,전북 경찰이 더불어민주당 경선 개입 의혹과 관련해 송하진 전 도지사 자택을 압수수색했다,0.5,0.125,0.625,0.1667,0.7083,0.5,0.7083,0.5208,0.875,0.625,1.0,0.8542,0.5417,0.1667,0.6875,0.3125,0.7708,0.5,0.9167,0.7083,0.875,0.9375
p41,u76,앞서 핵심 관련자들을 대거 입건한 데 이어 송 전 지사 가족까지 수사를 확대하는 모습이다,0.7347,0.2041,0.8367,0.4286,0.7755,0.4082,0.7755,0.4082,0.898,0.3878,0.8163,0.6735,0.7959,0.3469,0.7959,0.449,0.7959,0.4694,0.8367,0.5918,0.9184,0.6531
p41,u77,십 이 일 전북 경찰청 등에 따르면 경찰은 이날 송하진 전 지사 자택을 압수수색했다,0.4348,0.1304,0.587,0.1739,0.8261,0.2609,0.7826,0.4348,0.7826,0.7391,9.3478,0.8043,0.587,0.1087,0.7174,0.1739,0.8261,0.5217,0.8478,0.6522,7.0652,0.7826
p41,u78,송 전 도지사의 부인 오경진 여사가 대상으로 경찰은 이날 자택과 차량 등을 압수 수색 해 증거물을 확보하는데 주력했다,0.4769,0.3077,0.4923,0.3692,0.6923,0.4769,0.6923,0.5846,0.7846,0.6154,0.7846,0.7692,0.4769,0.3538,0.6154,0.4769,0.7231,0.4923,0.7846,0.5846,0.8462,0.7231
p41,u79,또 경찰은 전북 자원 봉사 센터에서 발견된 민주당 입당 원서와 관련된 다섯 명 자택도 압수수색했다,0.4815,0.1481,0.5556,0.3148,0.7037,0.4815,0.6111,0.6481,0.7593,0.7407,0.8519,0.7963,0.5926,0.2407,0.7037,0.5185,0.7963,0.7037,0.7222,0.7222,0.9074,0.7222
p41,u80,송하진 전 지사를 보좌하던 전 비서실장과 예산 과장 등 고위 공무원 출신들이 포함된 것으로 파악된다,0.4545,0.1455,0.6364,0.3273,3.9091,0.4727,0.8182,0.4545,0.8545,0.7273,0.8545,0.7818,0.7091,0.2545,0.6545,0.3273,0.8,0.4727,5.4545,2.5636,0.8727,0.8
p41,u81,경찰은 이들 가운데 일부에 대해선 구속 영장 신청도 검토하는 것으로 알려졌다,6.1667,0.2143,0.8095,0.2381,0.9762,0.4524,0.8333,0.619,1.0238,0.5238,0.9286,0.7143,0.8571,0.3095,0.8571,0.3333,0.7857,0.6429,0.8571,0.6667,0.7857,0.7143
p41,u82,경찰 관계자는 압수수색한 건 사실이며 수사 중인 사안이라 정확한 건 밝힐 수 없다고 말했다,0.5,0.22,0.76,0.24,0.78,0.7,0.72,0.52,0.82,0.68,0.84,0.76,0.88,0.12,0.94,0.58,0.82,0.44,0.82,0.68,0.84,0.78
p41,u83,한편 경찰은 이번 사건과 관련해 전현직 전북도 공무원 열 명과 현 전북 자원 봉사 센터장 등 스물 아홉 명을 입건한 상태다,0.6324,0.1618,3.1912,0.3971,0.6912,0.4412,0.7059,0.5441,0.7941,0.6176,0.8088,0.7353,0.6618,0.2794,0.7353,0.5,0.6324,0.4706,0.7941,0.5882,4.0882,0.8235
p41,u84,국민의힘 전남도당이 지방선거에 출마할 단체장과 의원 등 열 다섯 명의 공천을 확정했다,0.7021,0.2128,0.8085,0.2766,0.7447,0.4255,0.6809,0.6596,0.9362,0.8511,0.8723,0.8936,0.766,0.2766,0.8298,0.5745,0.8298,0.6809,0.8298,0.8085,0.8085,4.6809
p41,u85,이 일 국민의 힘은 제 칠십 칠 차 최고 위원회을 열고 제 팔 회 전국 동시 지방 선거에 출마할 전남지역 후보자 열 다섯 명에 대한 공천을 최종 의결했다,0.6706,0.2,0.6941,0.4706,4.0235,0.6588,2.6588,0.7176,1.8471,0.7294,0.9765,0.7176,0.6588,0.3412,0.8353,0.6118,0.8588,0.7059,3.1765,4.9529,0.8941,4.9529
p41,u86,기초 단체장 후보는 여수시장 신용운 함평군수 김유성 진도군수 김정연 영암군수 임대현 등이다,0.7,0.3,0.68,0.38,7.2,0.5,0.76,0.64,0.92,0.66,1.3,0.68,0.64,0.32,0.72,0.54,0.84,0.62,0.88,0.68,2.96,0.84
p41,u87,비례 의원 후보는 전남도의원 비례 전서현 김현석 채명희 여수시의원 비례 박정숙 목포시의원 비례 권애란 순천시의원 비례 이세은 으로 확정했다,0.8052,0.2338,0.8442,0.4156,0.8312,0.5455,0.8961,0.5714,0.8701,0.6104,3.4545,0.8052,0.7922,0.3636,1.0779,0.5195,0.9091,0.5974,1.0,0.6234,0.974,0.7792
p41,u88,기초 의원 선거구 후보는 순천시의원 가 육상욱 순천시의원 바 오태민 나주시의원 다 최정석 영광군의원 나 장연진 진도군의원 가 이백진 등이다,0.5974,0.2597,0.6623,0.3247,2.8571,0.5455,0.8182,0.6883,2.5974,0.6494,0.8961,0.7403,0.5584,0.2727,3.2987,0.4935,0.8312,0.6234,3.1429,0.7532,0.8182,3.1948
p41,u89,전남도당은 지난달 사 일에서 팔 일 지방 선거 후보자를 접수해 피피에이티시험과 공천 관리 위원회의 면접 심사를 했다,3.9688,0.1562,0.7812,0.3438,0.7031,0.5312,0.8438,0.7344,0.8438,0.7812,0.9531,0.8125,0.6562,0.3594,0.7969,0.5156,0.8125,0.5781,0.8125,0.7812,0.875,2.5781
p41,u90,이후 선거인단 투표 경선과 국민 공천 배심원단 운영 위원회 심의 등 오 단계를 거친 후보들을 최고 위원회에 상정해 의결했다,0.7059,0.2941,0.7647,0.3235,0.8235,0.5147,4.4853,0.6176,0.8971,0.6324,0.8971,0.7206,0.6912,0.3088,4.0735,0.5147,4.0441,0.5147,4.4265,0.7206,0.7941,4.3676
p41,u91,국민의힘 전남도당은 역대 최고의 성적을 낼 수 있도록 최선을 다하겠다며 후보자가 없는 선거구에 대한 추가 공모를 오는 육 일까지 실시한다고 밝혔다,0.5926,0.0988,0.8765,0.1728,3.5432,0.3333,3.4938,0.5309,0.8395,0.642,0.963,0.6173,0.9012,0.1111,0.8395,0.3086,0.8519,0.4815,0.8889,0.642,0.8889,0.8889
p41,u92,충청북도 교육청은 내년 삼 월에 개교할 목도나루학교의 입학 전형 요강을 이십 일 공고했다,0.7755,0.449,0.8571,0.6122,0.8571,0.6531,1.0612,0.7143,1.1837,0.6327,1.1633,0.8571,4.551,0.5102,0.8367,0.7551,5.8776,0.7143,0.8776,1.0,0.8367,0.7755
p41,u93,이 학교는 자아 탐색과 진로설계를 고민하는 고교 일 학년 학생을 대상으로 목표를 찾을 수 있도록 도와주고 원소속 학교 이 학년으로 돌려보내는 일 년제 학교로 운영된다,0.5326,0.3261,0.5978,0.3478,0.6848,2.1739,0.6522,0.5435,0.8696,0.5978,3.2174,0.7283,0.587,0.2609,0.6739,0.4674,0.663,0.5435,3.3804,0.7391,0.8152,3.2283
p41,u94,올해 지원 대상은 내년에 도내 고등학교에 재학 예정인 현재 중학교 삼 학년 학생이다,0.6304,0.2826,0.6304,0.2826,0.7174,0.587,0.6957,0.6304,0.8696,6.1739,0.8696,0.7391,0.7174,0.1739,0.8261,0.6304,0.7826,0.6304,0.8696,0.6957,0.8478,0.8261
p41,u95,모집 인원은 남녀 구분 없이 모두 이십 사 명이며 원서 접수 기간은 특성화고 특별전형이 시작되는 다음달 이십 오 일부터 일반고 원서 마감일인 십 이 월 십 오 일까지다,0.5699,0.1398,0.5054,0.3118,0.6022,0.3871,0.6344,0.4946,0.7419,0.6452,0.8495,0.6344,0.6022,0.1935,0.5591,0.2473,0.7204,0.5806,0.828,0.6667,0.8602,0.7742
p41,u96,합격자는 자기소개서와 학부모 의견서를 바탕으로 한 면접을 거쳐 내년 일 월 이십 일 최종 결정된다,0.7407,0.2963,0.6296,0.2778,0.6481,0.537,0.7407,0.6296,0.963,0.7963,1.0,0.8148,0.7037,0.2778,0.6852,0.6111,0.7778,0.7222,0.9074,0.7407,0.8704,0.8148
p41,u97,목도나루학교는 올해 삼 월 폐교한 옛 괴산 목도고가 전환기 공립 대안 학교로 새출발하며 얻은 이름이다,0.7857,0.2679,0.7857,0.375,4.8571,0.6607,0.7679,0.5714,0.8036,0.7321,0.8929,0.7679,0.7321,0.3214,6.25,0.5,0.8393,0.6071,7.0179,0.7321,3.0536,0.9286
p41,u98,교명에는 배가 닿고 떠나는 나루처럼 새로운 도전과 다양한 탐색을 통해 자신을 성찰하고 인생의 목표를 세우는 학교라는 의미가 담겨 있다,0.2703,0.1216,0.3514,0.1622,0.4595,0.2568,0.5811,0.3378,0.6351,0.4324,0.7568,0.6351,0.3514,0.0946,0.5135,0.1892,0.4865,0.2297,0.6081,0.4189,0.7027,0.6486
p41,u99,또 백 여년 전 소금 배가 드나들던 목도 나루의 지역성도 살려 이름 붙여졌다,0.7619,0.5,0.6667,0.619,0.7619,0.619,0.8333,0.7143,0.881,0.7619,1.0,0.8095,0.7381,0.5238,0.6905,0.5476,0.881,0.7619,0.7857,0.6429,0.7857,0.6905
p56,u00,전북 익산시는 농민들의 농작업 기계화를 지원하기 위해 농기계 임대 사업소 운영을 통해 다양한 서비스를 제공하고 있다고 십 이 일 밝혔다,0.5067,0.08,0.5733,0.16,0.6267,0.32,0.6667,0.4133,0.84,0.52,0.8533,0.6133,0.6,0.08,0.6133,0.24,0.7733,0.32,0.84,0.56,3.4933,3.8933
p56,u01,시는 거리가 멀어 이용에 불편을 호소하는 농업인을 위해 농기계 배달 운송료 지원 범위를 구십 퍼센트까지 확대했다,0.5161,0.129,0.6129,0.1774,0.7258,0.3065,4.8871,0.5806,4.5968,0.6613,0.9677,0.7581,0.5968,0.3065,0.6935,0.3871,0.7097,0.6129,3.9677,0.6452,0.9355,0.8387
p56,u02,이에 따라 농업인은 일 만원 정도의 운송료만 부담하면 농작업 현장에서 기계를 받아 쓸 수 있게 되었다,0.6786,0.3036,0.75,0.4821,0.625,0.4286,0.6607,0.5536,3.2321,0.7857,7.0714,0.7857,0.6964,0.4643,0.7143,0.5179,0.7321,0.6071,5.8393,0.6607,5.0179,0.8036
p56,u03,또 영농철인 삼 에서 육 월에는 토일요일에도 임대 농업 기계를 이용할 수 있도록 했다,0.5106,0.2979,0.5319,0.3191,0.617,0.4681,0.617,0.4468,0.8085,0.5745,6.8936,4.7872,0.4681,0.2553,0.6809,0.383,6.1064,0.5319,0.8298,0.5319,0.9362,4.7872
p56,u04,구 에서 십 일 월에도 가을 영농철 휴일 근무를 통해 언제라도 농작업을 할 수 있도록 농가를 적극 지원한다,0.3559,0.0508,0.4068,0.1695,0.4237,0.2712,0.5763,0.3051,0.5932,0.5085,3.9831,5.4915,0.3729,0.1356,0.4746,0.2881,0.4915,0.322,0.5763,0.5593,0.8644,0.8136
p56,u05,시는 또 육 억 여원을 들여 농민들의 인기 기종 백 오 대를 추가 확보키로 했다,0.5455,0.1591,0.7045,0.2727,0.7727,0.4545,6.7955,0.4773,0.7273,0.7045,0.8636,0.7045,0.75,0.2955,6.0909,0.4545,6.4773,0.3636,3.6136,0.6364,0.8636,0.6591
p56,u06,농업 기계 세척장도 운영 요원 이 명을 투입해 농업 기계 임대 사용 후 세척하고 반납하는데 드는 시간과 노력을 절감할 수 있도록 지원하고 있다,0.6203,0.1013,0.5823,0.2025,0.6582,0.4557,0.7342,0.443,3.1899,0.6329,0.7848,2.6329,0.5949,0.1899,0.5949,0.4684,0.6456,0.481,3.2658,0.6076,2.5316,0.7975
p56,u07,농업기계 임대사업소는 함열 본소와 동부 남부 분소 세 곳이 운영되고 있으며 지난해 임대 건수가 오천 삼백 오십 일 건에 달했다,0.6286,0.1429,0.6429,0.2429,0.8,0.3143,4.0857,0.4857,3.5143,0.6571,3.9857,0.6429,0.6286,0.2571,0.8429,0.3143,0.8143,0.5286,0.8429,0.6857,3.9714,0.7286
p56,u08,십 오 일 오후 네 시 오십 오 분께 경기 파주시 동패동 운정 신도시의 한 아파트 신축 현장 지하에서 콘크리트 양생 작업 중 근로자 다수가 일산화탄소에 중독되는 사고가 났다,0.7292,0.125,0.7188,0.2604,0.7292,0.4375,0.7708,0.6875,4.2292,0.6875,2.3438,0.75,0.7604,0.1458,0.7396,0.3333,0.7917,0.5938,0.9167,0.7292,0.9062,2.7812
p56,u09,소방 당국은 중상 세 명 경상 여섯 명 등 아홉 명의 부상자를 병원으로 이송했다,0.5909,0.2273,0.6136,0.2273,0.7727,0.5227,0.7955,0.5682,0.7273,0.6591,0.7727,0.6591,0.6364,0.25,0.7955,0.4318,0.7727,0.4545,0.7955,0.5682,0.7727,0.6818
p56,u10,의식이 없던 중상자 두 명은 현재 회복해 생명에는 지장이 없는 것으로 전해졌다,0.5814,0.2093,0.6047,0.2326,0.5814,0.4419,1.0,0.5581,0.814,0.814,0.7907,0.9302,0.5581,0.2093,0.6977,0.3256,0.6977,0.6047,1.0,0.6744,0.7907,0.7907
p56,u11,당초에는 중상 네 명 경상 열 일곱 명 등 총 이십 일 명의 부상자가 발생한 것으로 알려졌으나 단순 흡입자는 집계에서 제외됐다,0.5714,0.2286,0.7714,0.1,0.7286,0.4,0.7571,0.4,0.8,0.6143,0.8,0.6286,0.7,0.1714,3.9429,0.3143,0.6857,0.3714,0.8143,0.5714,0.8429,0.7714
p56,u12,다만 통증을 호소하는 근로자들을 추가로 파악 중이어서 부상자가 늘어날 수 있다,0.3488,0.1163,0.5116,0.1163,0.5581,0.1395,0.5814,0.2558,0.907,0.6279,1.7674,0.6279,0.4651,0.1395,0.5581,0.1395,0.6279,0.3023,7.6047,0.4884,0.7442,0.6047
p56,u13,사고는 콘크리트 양생 작업 중 숯탄 난로를 피우다가 발생한 것으로 추정된다,0.5122,0.1463,0.7317,0.1707,0.6829,0.2439,0.7073,0.3415,0.7317,0.5366,10.6829,0.6585,0.5122,0.1707,0.7073,0.2683,0.6585,0.3171,5.8049,0.5854,0.8537,0.8293
p56,u14,관계 당국은 구조대 등 인력 서른 여덟 명과 장비 열 일곱 대 등을 동원하고 구급 대응 일 단계를 발령했다가 이날 오후 여섯 시 십 오 분께 해제했다,0.7952,0.1446,0.6988,0.3614,3.6747,0.4337,0.7831,0.5542,2.0723,0.6747,0.8554,0.7108,0.759,0.3373,3.8193,0.4699,2.6024,0.5904,0.7952,0.5663,1.0,0.6988
p56,u15,겨울철 건설 현장에서 콘크리트 등의 보온 양생을 할 때 밀폐된 환경에서 난로를 피우다가 일산화탄소 중독으로 이어질 수 있다,0.5,0.0882,0.4559,0.25,0.5441,0.3088,0.6324,0.4706,0.7206,0.4853,0.7941,0.6176,0.4706,0.1176,0.5735,0.25,0.5441,0.3088,0.6618,0.5294,0.9412,0.6029
p56,u16,일산화탄소는 무색무취의 기체로 갈탄이나 숯탄 등 연료가 불완전 연소할 때 발생한다,0.4222,0.2222,0.6667,0.4,0.7111,0.3556,0.7556,0.5333,0.7556,0.6,6.5778,0.8444,0.6,0.2,0.7778,0.3556,0.7778,0.5333,1.0,0.5778,7.3111,0.7556
p56,u17,문재인 대통령은 이십 오 일 청와대 여민관에서 마지막 수석 보좌관 회의를 주재하고 감회가 깊다고 소감을 밝혔다,0.6557,0.1148,0.5574,0.0984,0.7869,0.1967,0.6885,0.4918,0.7869,0.4426,0.8361,0.6721,0.623,0.1148,0.7049,0.1967,0.7869,0.4754,0.7705,0.5902,4.5738,0.7213
p56,u18,문 대통령은 이날 오후 두 시 수보회의를 열고 오늘은 앞으로 특별한 일이 없다면 마지막 수보회의가 될지도 모르겠다,0.4762,0.1429,0.4444,0.4444,0.4603,0.3016,5.0794,0.4762,0.873,0.6032,5.6349,0.6984,0.5397,0.2222,0.4286,0.3968,0.5397,0.5556,0.8571,0.619,5.5238,0.7619
p56,u19,모두 인사 말씀을 드리지 않고 바로 의안을 논의하도록 하겠다며 같히 말했다,0.439,0.0488,0.5122,0.2683,0.561,0.2927,0.561,0.6098,0.8293,0.4878,0.8049,0.5366,0.439,0.1463,0.4634,0.2195,0.4634,0.4146,0.6585,0.561,8.561,5.3659
p56,u20,앞서 열린 수보회의에서 문 대통령은 별도의 메시지를 내지 않은 경우가 종종 있었다,0.4667,0.1556,0.4444,0.2667,0.6444,0.3111,0.6222,0.4667,0.9111,0.6667,0.8444,0.6222,0.5778,0.2667,0.5778,0.2667,0.7556,0.4667,0.7111,0.6,0.8,0.8
p56,u21,특히 이날은 뒤이어 진행될 청와대 출입 기자단 간담회가 예정돼 있어 구체적인 메시지는 생략한 것으로 보인다,0.5085,0.2542,0.678,0.3051,3.1186,0.4746,0.8475,0.678,0.8475,0.6271,0.8305,0.8136,0.5932,0.3051,0.678,0.339,0.7966,0.5085,0.7797,0.6949,0.8644,0.7797
p56,u22,이날 회의에는 외부 전문가로 이우일 한국과학기술단체 총연합회 회장 이상률 한국 항공 우주 연구원 원장이 참석했다,0.4032,0.1129,0.5,0.1452,0.7258,0.2581,0.7258,0.3548,0.8226,0.5161,0.8226,0.7258,0.4516,0.129,0.6452,0.2903,0.6935,0.4194,0.8548,0.4839,0.8226,0.6774
p56,u23,박수경 과학기술보좌관이 문재인 정부 과학 기술 혁신 성과와 과제라는 주제로 발제를 했다,0.6042,0.2708,0.7292,0.1458,0.7917,0.5,7.1042,0.6042,0.8333,0.6667,0.875,0.6667,0.6667,0.1667,0.7708,0.4167,0.8542,0.6458,0.8958,0.6667,0.875,0.7917
p56,u24,문 대통령은 우리 이우일 회장님과 이상률 원장님이 토론의 격을 높여주실 것으로 기대한다고 말했다,0.7925,0.1698,0.8302,0.3962,0.7925,0.4528,6.9811,0.6604,0.8302,0.717,6.1321,0.7736,0.6792,0.1887,0.717,0.434,0.7736,0.5472,0.9434,0.6792,6.0943,0.7547
p56,u25,엔에이치농협은행 정선군지부 이세정 과장보가 지난 이십 이 일 열린 제 구 회 외국환 달인 선발 대회에서 금상을 받았다,0.8308,0.2308,0.7538,0.3846,0.8615,0.5231,0.7846,0.5846,0.8308,0.7846,0.9538,0.7231,0.8154,0.3231,0.7846,0.6,2.8308,0.6462,4.5231,0.7538,0.8615,0.7538
p56,u26,엔에이치농협은행 이날 서울 중구 본사에서 전국에서 예선을 통과한 칠십 육 명을 대상으로 외국환 달인 선발 대회를 진행했다,0.6866,0.3134,0.6866,0.2537,0.7015,0.4478,5.0746,0.5522,0.8507,0.7164,0.8507,0.7761,0.9254,0.3582,4.1343,0.4179,0.806,0.4776,0.8209,0.7164,0.8507,0.6567
p56,u27,전국 이천 육백 여명의 직원이 참가 할 정도로 뜨거웠던 이번 대회는 서바이벌 형식으로 외국환 지식 및 경험을 겨루는 방식으로 펼쳐졌다,0.5946,0.1081,0.6757,0.2703,0.7162,0.3108,0.7703,0.4324,5.1622,0.5135,4.3784,0.7027,0.6486,0.2297,0.7027,0.4459,0.6622,0.3784,0.8378,0.6892,0.9054,0.7703
p56,u28,본선 대회에서 월등한 기량을 선보인 이세정 정선군지부 과장보는 이 위인 금상을 차지했다,0.9167,0.375,0.8542,0.4167,0.7708,0.5625,0.8958,0.6458,0.75,0.5625,5.6042,0.8542,0.7708,0.4792,0.875,0.5208,0.8125,0.5208,0.7917,0.6875,0.875,0.9583
p56,u29,이세정 과장보는 평소 외국환에 대한 관심이 많아 조금씩 공부했었다면서 앞으로도 더 많이 공부해 지역 주민들에게 도움을 줄 수 있도록 노력하겠다고 했다,0.5181,0.0602,0.506,0.0843,0.5904,0.2651,0.6627,0.4337,3.3614,0.5181,0.8916,0.6506,0.5422,0.0843,0.6506,0.253,0.6024,0.2651,0.7349,0.4699,3.0964,0.6506
p56,u30,지난 이십이 일 중구 본사에서 제구 회 외국환 달인 선발대회를 개최했다고 이십삼 일 밝혔다,0.66,0.18,0.74,0.26,0.8,0.44,0.82,0.46,0.84,0.66,10.94,0.76,0.78,0.24,0.78,0.42,0.96,0.56,0.88,0.74,6.16,0.74
p56,u31,외국환 달인 선발 대회는 엔에이치농협은행 전 직원이 서바이벌 형식으로 외국환 지식 및 경험을 겨루는 대회다,0.6949,0.2712,0.9153,0.4407,0.7458,0.6949,0.8136,0.5424,0.8475,0.7797,7.1695,0.8644,0.7458,0.2881,0.7288,0.6102,0.7797,0.5763,0.8475,0.7627,0.8475,0.8305
p56,u32,인천시 남동구가 지난해부터 지역 자활 센터에서 운영해 온 다회용기 세척 사업에 구청 인근 카페들이 동참했다,0.6949,0.1356,5.4746,0.2203,0.7797,0.4407,0.8814,0.7119,0.8814,0.6441,0.8983,0.7627,0.9153,0.2034,0.7797,0.4068,0.7797,0.5763,0.9492,0.678,0.9153,0.6271
p56,u33,지난해 구 월 출범한 다회용기 세척 사업단는 일회용품 사용을 줄이기 위해 다회용기 컵을 수거 세척 소독 등의 과정을 거쳐 제공하고 있다,0.5467,0.1867,0.7333,0.2267,0.72,0.44,0.7467,0.5067,0.7333,0.5867,0.7867,0.7067,0.7067,0.1867,0.7067,0.44,0.7733,0.4533,0.7867,0.5867,0.8933,0.72
p56,u34,십 구 일 구에 따르면 현재 남동구 열 세 개 부서에서 다회용기 컵을 사용하고 있으며 최근 사업 활성화를 위해 다회용기 세척 사업단과 구청 인근 카페 세 곳을 연계했다,0.6452,0.1398,0.7204,0.3441,0.7634,0.4194,0.7634,0.5484,0.7849,0.7097,0.8172,0.7419,0.6559,0.2043,0.6452,0.3763,0.7957,0.4409,2.5914,0.6129,0.7634,0.6559
p56,u35,이들 카페는 세척 사업단의 다회용기 컵을 사용하며 청사 내에서 자유롭게 컵을 배출할 수 있도록 구 본청과 보건소 등 사 곳에 전용 수거함도 설치했다,0.7073,0.122,0.7317,0.2073,0.6829,0.4146,0.7317,0.5732,0.7195,0.5976,0.8293,0.7073,0.6707,0.1463,0.6951,0.4146,0.7317,0.5488,0.7805,0.622,0.8049,0.7927
p56,u36,이는 친환경 남동구 조성뿐만 아니라 저소득층의 안정된 일자리 제공을 위한 자활 사업단 활성화 카페를 이용하는 직원들의 편리함까지 모두 고려한 결과다,0.6829,0.1463,0.6951,0.2195,0.6951,0.4512,4.3171,0.6098,2.7439,0.7195,3.378,0.7927,0.6098,0.1951,0.7195,0.4268,0.7927,0.5122,0.9146,0.7073,3.561,0.8659
p56,u37,현재 사업에 참여하는 카페는 쉬는 시간 카페 이십 일 카페 로로 등으로 그 외의 점포에서도 긍정적 답변을 받아 더욱 확대될 전망이다,0.6575,0.1644,3.6986,0.1781,0.7945,0.4521,0.8219,0.6712,0.7671,0.726,4.6027,0.8493,0.7945,0.2055,0.6986,0.4247,0.6986,0.5205,2.3699,0.6575,4.5068,0.7671
p56,u38,이강호 구청장은 지금은 다회용기 컵을 대부분 직원만 사용하고 있지만 구청을 방문하는 민원인에게도 적극 홍보해 친환경 남동구를 만들도록 노력하겠다고 밝혔다,0.4941,0.1176,0.5882,0.2,0.6,0.2353,0.5294,0.3294,0.6588,0.4706,0.8471,0.5529,0.4824,0.1529,0.5647,0.2471,0.6118,0.3059,0.7765,0.4706,3.2235,0.7059
p56,u39,한편 구는 사 월 일 일부터 친환경 자원 순환 정책에 발맞춰 청사 내 일회용품 반입을 전면 금지했다,0.7091,0.4,0.7636,0.5091,4.3455,0.5818,0.8,0.7455,0.8182,0.7091,4.5818,0.7455,0.7455,0.5273,0.7818,0.6,0.8364,0.6545,4.7818,0.7273,0.8,0.7818
p56,u40,한국 소비자원과 한국 가스 안전 공사는 오는 삼십 일 일 핼러윈을 앞두고 헬륨 가스 소비자 안전 주의보를 이십 팔 일 발령했다,0.7143,0.2429,0.6143,0.2571,0.7,0.3429,0.7143,0.3714,0.8143,0.4571,6.6429,0.7857,0.7,0.2714,0.6,0.3571,0.7286,0.3286,0.7857,0.4571,0.7429,0.6571
p56,u41,목소리를 변조하려고 헬륨 가스를 다량 마시다 질식사할 수 있다는 우려 때문이다,0.5116,0.3256,0.4419,0.2558,0.5349,0.3953,0.5814,0.5349,0.6977,0.6047,0.7907,0.814,0.6047,0.3488,0.5814,0.3721,0.7907,0.5581,0.8372,0.6047,7.6744,0.7442
p56,u42,풍선 충전에 주로 사용되는 헬륨 가스는 무독성 불활성 기체로 다량을 한꺼번에 들이마시면 산소 공급이 차단돼 질식사할 수 있다,0.4348,0.2174,0.4638,0.2319,0.6377,0.3043,0.6232,0.4638,0.8261,0.6087,6.2464,0.7681,0.4348,0.1739,0.5507,0.3623,0.6377,0.3913,0.6667,0.5072,0.8841,0.7536
p56,u43,소비자원은 최근 국내외에서 헬륨 가스 과다 흡입에 따른 어린이 안전 사고가 발생하고 있는 만큼 재미나 호기심에 따른 흡입을 하지 말아 달라고 당부했다,0.506,0.1205,0.3614,0.2048,0.3855,0.2048,0.5663,0.3012,0.4819,0.4096,0.7711,0.6386,0.3735,0.1446,0.3855,0.1928,0.5301,0.2048,0.5301,0.3735,0.8916,0.7349
p56,u44,최근 십 년간 소비자위해감시시스템에 접수된 헬륨 가스 안전 사고는 일곱 건으로 발생 빈도가 높지는 않지만 이 중 여섯 건이 어린이 사고였다,0.5714,0.1039,0.5584,0.1558,0.6753,0.3636,0.7792,0.4675,3.3766,0.6753,0.8961,0.7403,0.6104,0.1039,0.6234,0.1688,0.6623,0.3896,0.8831,0.6234,0.8182,0.7013
p56,u45,특히 온라인에서 주로 판매되는 저압 헬륨 가스의 경우 별도 관리 규정이 없어 안전 사각지대에 놓여있다,0.2679,0.0714,0.4643,0.1429,0.3036,0.125,0.4107,0.3214,0.5179,0.4107,4.0179,0.5714,0.3571,0.0714,0.4286,0.125,0.4821,0.1607,0.5179,0.3036,0.7679,0.6429
p56,u46,소비자원이 가스 안전 공사와 함께 온라인에서 판매되는 헬륨 가스 아홉 개 제품의 유통 실태를 조사한 결과 절반 이상인 다섯 개에 과다 흡입 위험에 대한 경고 표시가 없었다,0.5474,0.1789,0.4105,0.1579,0.6526,0.2632,0.6737,0.3789,0.8211,0.4526,2.8316,0.6,0.5368,0.1789,0.6211,0.1789,0.7474,0.3474,0.6842,0.4421,0.8105,0.6421
p56,u47,또 두 개 제품은 고압 가스에 해당하는데도 등록 차량이 아닌 택배로 불법 유통되는 것으로 확인됐다,0.4444,0.0556,0.4444,0.0926,0.5741,0.2963,0.7222,0.5185,0.7222,0.6296,0.9259,0.5,0.463,0.0926,0.6111,0.2963,0.6111,0.2407,0.7593,0.7222,0.8333,0.6111
p56,u48,소비자원은 이같은 조사를 바탕으로 온라인 플랫폼 사업자와 협업해 입점 판매자를 대상으로 주의 경고 표시 강화를 요청할 계획이다,0.4571,0.1,0.3857,0.1429,0.5286,0.1714,0.5286,0.3143,0.7143,0.4429,0.7429,0.6714,0.5429,0.0857,0.5571,0.1857,0.5286,0.3,0.6857,0.4286,0.7571,0.6571
p56,u49,가스 안전 공사는 고압 헬륨 가스 제품에 흡입 금지를 표시하도록 가스 기술 기준을 개정해 내달 십 일 일부터 시행에 들어간다,0.4348,0.1304,0.4638,0.1304,0.6232,0.3623,0.6667,0.4058,0.6667,0.6087,0.7246,0.7681,0.3913,0.1304,0.4493,0.2609,0.6667,0.4058,0.6667,0.5797,0.7826,0.6232
p56,u50,사회적 거리두기 완화 이후 첫 핼러윈 시즌을 맞아 관련 상품을 찾는 소비자가 급속하게 늘고 있다,0.3396,0.0755,0.4906,0.2264,0.5849,0.4151,0.5283,0.3774,0.6981,0.566,0.7547,0.6226,0.3774,0.0943,0.5094,0.2264,0.6415,0.3019,0.6226,0.5849,5.8113,0.5849
p56,u51,패션 플랫폼 에이블리는 이달 일 일에서 십 육 일 핼러윈 검색량이 지난해 같은 기간 대비 백 육십 퍼센트 증가했다고 이십 오 일 밝혔다,0.5333,0.2133,0.5467,0.1467,2.9733,0.2667,0.76,0.2933,0.8,0.68,5.6667,0.7867,0.64,0.2,0.76,0.3733,0.7733,0.28,0.7733,0.5333,0.8,0.7467
p56,u52,핼러윈 파티가 열리는 대표 장소인 이태원 에버랜드 롯데월드 등 특정 장소 검색량이 급증했다,0.34,0.16,0.44,0.16,0.5,0.24,0.54,0.32,0.86,0.52,5.12,0.8,0.52,0.18,0.64,0.28,0.58,0.26,0.76,0.48,0.84,0.78
p56,u53,패션 카테고리에서는 핼러윈 코스프레 검색량이 백 사십 삼 배가량 크게 늘었다,0.4286,0.1905,0.5952,0.2143,0.5952,0.1429,0.7619,0.3095,0.8095,0.5714,0.7857,0.6667,0.5714,0.1905,0.7143,0.1667,0.7143,0.2857,0.881,0.619,0.8333,0.7619
p56,u54,파티 소품 파티 세트 등 장식용품과 상처 분장 뱀파이어 망토 등 소품 검색량도 크게 증가했다,0.5294,0.2353,0.7255,0.1373,0.7647,0.451,0.8039,0.6471,0.7843,0.7255,4.1176,0.8627,0.7843,0.1569,0.7647,0.3922,0.8235,0.3922,0.8824,0.7059,0.902,0.7451
p56,u55,이렇듯 핼러윈에 대한 관심이 고조되자 유통업계에서는 각종 할인 행사 및 이벤트를 진행하고 있다,0.5577,0.25,0.5962,0.1923,0.6538,0.3462,0.6538,0.4038,0.6346,0.5577,0.7692,0.5962,0.5962,0.1923,0.5192,0.2115,0.5962,0.5192,0.7308,0.6731,0.7692,0.7692
p56,u56,롯데마트는 핼러윈을 맞아 이달 말까지 핼러윈 과자 파티 할인 행사를 연다,0.575,0.275,0.65,0.3,0.65,0.325,0.7,0.4,0.8,0.475,0.8,0.525,0.675,0.25,0.7,0.3,0.675,0.4,0.85,0.575,0.75,0.75
p56,u57,핼러윈 스페쇼우 젤리스트로우 등 단독 상품을 출시하고 일정 금액 이상 구매 시 상품권을 증정한다,0.6981,0.1509,0.6226,0.283,0.717,0.4906,0.7547,0.5472,0.8491,0.6226,0.8302,0.717,0.566,0.3208,0.717,0.5094,0.6981,0.3774,0.7358,0.6038,0.7547,0.717
p56,u58,토이저러스에서는 씨제이 이엔엠 인기 콘텐츠인 신비아파트 캐릭터의 핼러윈데이 의상 소품 사탕 바구니 등 다양한 파티 용품을 선보인다,0.5972,0.1528,0.6806,0.2222,0.7917,0.3056,0.8056,0.375,0.8056,0.5972,0.8472,0.8333,0.625,0.1389,0.7639,0.375,0.8056,0.4306,0.7917,0.5278,0.8333,0.7222
p56,u59,롯데온에서도 오는 삼십 일까지 핼러윈을 맞아 인테리어 소품 코스프레 용품 등 파티 용품 기획전을 개최한다,0.6034,0.1379,0.5517,0.3276,0.6897,0.3103,0.7241,0.4138,0.8276,0.6034,4.2414,0.7931,0.5172,0.2069,0.5172,0.2759,0.7069,0.431,0.8103,0.4828,0.8448,1.0
p56,u60,안산시청이 에이스 황지나의 활약을 앞세워 대전 시설 관리 공단을 꺾고 이천 이십 이 두나무 한국 프로 탁구 리그 여자 내셔널 리그 삼 연승을 달성했다,0.5904,0.2289,0.6265,0.3855,0.6386,0.4699,0.6145,0.4337,0.759,0.5301,3.6867,0.6867,0.6627,0.2771,0.5783,0.4458,0.6024,0.4578,3.6867,0.506,0.8313,0.6747
p56,u61,안산시청은 이십 팔 일 수원 탁구 전용 경기장 스튜디오 티에서 열린 케이티티엘 여자 내셔널 리그에서 대전 시설 관리 공단을 상대로 삼 대 일 승리를 따냈다,0.5581,0.2442,0.5349,0.2674,0.5698,0.3721,0.593,0.4302,0.7209,0.6279,0.7558,0.593,0.5814,0.1977,0.5,0.3023,0.7093,0.3953,0.7326,0.407,3.9884,0.6047
p56,u62,안산시청 황지나는 일 매치에서 대전 시설 관리 공단 박채원을 상대로 이 대 영 승리를 거뒀다,0.5098,0.3137,0.549,0.2941,0.5098,0.3333,0.5882,0.451,0.6667,0.6667,0.8627,0.7059,0.549,0.3137,0.549,0.3529,0.6471,0.3922,0.6471,0.4314,0.902,0.6863
p56,u63,이 매치는 안산시청 박세리가 대전 시설 관리 공단 권아현에게 일 대 이로 패배하며 승부는 원점으로 돌아갔다,0.5085,0.1864,0.4576,0.1695,0.5085,0.2542,0.5424,0.3898,0.5254,0.4746,0.7458,0.6102,0.5424,0.2034,0.5085,0.2881,0.4915,0.322,0.7458,0.4068,0.8814,0.661
p56,u64,안산시청은 삼 매치서 복식 육 전 전승을 달리고 있는 이영은 박세리 조가 출전해 대전 시설 관리 공단 박채원 윤아린 조를 이 대 일로 꺾으며 리드를 잡았다,0.5116,0.2326,0.5349,0.2326,0.4884,0.2907,0.6279,0.4186,0.7093,0.5116,3.5698,0.6744,0.5116,0.2326,0.5814,0.2558,0.5814,0.2791,0.686,0.407,3.2791,3.1047
p56,u65,사 매치에서 안산시청은 에이스 황지나가 권아현을 상대로 일 세트 십 일 대 사 이 세트를 십 일 대 육으로 제압하며 대전 시설 관리 공단을 상대로 삼 대 일 승리를 굳혔다,0.5579,0.1684,0.5263,0.1895,0.5474,0.2421,0.5895,0.4,2.6842,0.4842,0.8211,0.6526,0.5579,0.1789,0.5474,0.2105,0.5789,0.4,0.5684,0.4,0.7053,0.6
p56,u66,이번 승리로 안산시청은 승점 십 칠 점을 기록했으며 일 위 금천구청과 이 위 수원시청에 이어 삼 강 체제를 공고히 했다,0.6515,0.1515,0.7273,0.3636,0.7424,0.4697,1.803,0.6515,0.7576,0.7121,0.9242,0.6667,0.7576,0.3333,0.6667,0.4697,0.8182,0.5,0.7879,0.5455,4.7424,0.6212
p56,u67,남자 내셔널 리그에서는 인천 시설 공단이 산청군청과 접전 끝에 삼 대 이로 역스윕 승리를 거뒀다,0.7736,0.3396,0.566,0.4717,0.6415,0.5283,0.7925,0.566,0.9057,0.6604,0.8491,0.8302,0.7736,0.4151,0.6226,0.5094,0.717,0.5094,0.7925,0.6226,0.7547,0.8302
p56,u68,인천 시설 공단은 이번 승리로 사 연승을 기록하며 승점 이십 이 점으로 일 위 제천시청을 승점 팔 점 차로 따라붙었다,0.6154,0.1231,0.6,0.2154,0.5538,0.3692,0.7077,0.4154,3.3846,0.5692,0.8154,0.5538,0.6462,0.2615,0.5846,0.2923,0.5692,0.4308,0.6769,0.5231,0.8,0.7077
p56,u69,치킨 브랜드 교촌치킨을 운영하는 교촌에프앤비가 점주 전용 웹사이트인 가맹점 공간을 개편했다고 십 오 일 밝혔다,0.6393,0.1967,0.5738,0.1967,2.0656,0.4262,3.9016,0.459,0.8361,0.5574,6.2787,0.7377,0.5574,0.1803,0.6721,0.377,0.6885,0.4262,0.8525,0.459,0.7541,0.6885
p56,u70,가맹점 공간은 가맹점과의 원활한 커뮤니케이션과 상생을 위해 마련된 내부 소통 창구이다,0.6596,0.2128,0.766,0.4043,0.617,0.5319,0.7872,0.6809,0.8511,0.8085,4.766,0.7021,0.617,0.234,0.8298,0.4468,0.8298,0.5957,6.1702,0.8085,3.4043,0.7447
p56,u71,해당 공간에서는 가맹점 운영에 필요한 본사 공지 사항 가맹점주들의 요청 사항 및 점주 소식 등이 게재된다,0.5862,0.1897,0.5862,0.3793,0.8103,0.5172,0.7414,0.5862,0.8276,0.6207,0.7931,0.6379,0.6207,0.2586,0.7414,0.4138,0.7414,0.4828,0.7931,0.6897,0.8621,0.6552
p56,u72,이번 개편은 점주 및 본사 직원들이 원하는 정보를 더욱 쉽고 빠르게 얻을 수 있도록 편의성 증대와 접근성 용이에 초점을 맞춰졌다,0.4648,0.2254,0.4366,0.2958,0.4507,0.3099,0.4789,0.4085,0.6056,0.4085,3.4789,0.662,0.3803,0.3239,0.4366,0.3239,0.4789,0.4507,0.6056,0.4225,0.8732,0.6197
p56,u73,보다 직관적이고 체계적인 인터페이스룰 구현한 점이 가장 큰 특징이다,0.9459,0.1081,0.6486,0.1622,0.8378,0.1892,0.7568,0.5135,0.9459,0.4595,1.2162,0.7027,0.9189,0.1081,0.8378,0.2432,0.8649,0.3514,0.8649,0.5135,0.8649,0.7568
p56,u74,사용자들이 각자 필요한 카테고리만 선별해 볼 수 있도록 직접 메인 화면의 대시보드를 설정 할 수 있는 기능 등이 포함됐다,0.3881,0.0746,0.4776,0.1194,0.5821,0.3134,0.6418,0.4925,0.7015,0.5522,5.9851,0.6269,0.4925,0.1194,0.5672,0.194,0.5373,0.3881,0.6866,0.4925,1.1045,0.7164
p56,u75,또한 휴대폰 등 모바일 환경에서도 편리하게 사용 할 수 있도록 기능을 최적화했다,0.2727,0.0682,0.3182,0.0455,0.6136,0.1136,0.5455,0.2045,0.6591,0.5455,0.7727,0.6818,0.3182,0.0682,0.3864,0.1364,0.5909,0.25,0.75,0.5682,0.8182,0.75
p56,u76,교촌은 가맹점 공간 개편을 통해 가맹점과의 소통을 한층 강화하고 더 나아가 고객 만족도 향상까지 함께 만들어낼 방침이다,0.7879,0.1818,0.7273,0.2879,0.7424,0.3182,3.803,0.5455,0.7121,0.5909,0.8636,0.697,0.6818,0.1818,0.7879,0.3788,0.8636,0.4545,0.8333,0.5,0.8485,0.7121
p56,u77,울산시는 죽순 지킴이 봉사단이 오는 육 월 말까지 죽순을 훼손하거나 무단 채취하는 행위를 집중 단속한다고 이십 팔 일 밝혔다,0.6812,0.4348,0.6377,0.4928,0.7246,0.6087,0.7971,0.5217,0.8551,4.1884,3.3333,0.7391,0.7101,0.4493,0.8551,0.6232,0.8116,0.5362,4.087,0.913,0.9275,0.7681
p56,u78,앞서 시는 대숲에 울타리를 세우고 죽순 채취를 금지한다는 홍보 깃발과 현수막 등을 설치했다,0.76,0.34,0.76,0.46,0.9,0.46,0.98,0.64,0.88,0.74,7.18,0.76,0.72,0.48,0.94,0.44,0.9,0.56,0.88,0.66,0.88,0.78
p56,u79,죽순 지킴이 봉사단은 죽순을 무단 채취하거나 훼손하는 행위를 단속하는 한편 대숲을 방문한 시민들에게 죽순과 대나무숲 가치의 중요성에 대한 홍보도 병행한다,0.6353,0.2353,0.5882,0.4706,0.7412,0.6588,0.8353,0.6353,3.2941,0.6235,10.3294,0.7294,0.6824,0.3529,3.9294,0.5176,3.2941,0.5294,3.2824,0.7176,3.7412,0.7529
p56,u80,시는 불법으로 죽순을 채취하거나 훼손한 사람을 적발할 경우 형법 제 삼백 육십 육 조에 따라 강력하게 대처할 방침이다,0.4923,0.1692,0.6154,0.1538,0.7538,0.3231,0.8462,0.3846,1.2462,0.5077,0.8,0.6769,0.5538,0.1538,0.7077,0.3077,0.8308,0.4615,4.6769,0.5692,0.9692,0.6615
p56,u81,죽순을 채취하면 공공재 훼손과 공공재 절도에 해당해 처벌을 받는다,0.6667,0.1111,0.7222,0.2222,0.7778,0.5556,0.8333,0.6389,0.7778,0.6667,0.8056,0.8333,0.8333,0.25,0.8056,0.2222,8.4444,0.5556,0.8333,0.8056,0.8056,0.8889
p56,u82,태화강 국가정원의 대숲은 태화지구와 삼호지구에 형성되어 있으며 현재 왕대 맹종죽 오죽 구갑죽 등 다양한 대나무가 분포되어 있다,0.4857,0.3429,0.5571,0.3571,0.8143,0.3429,5.0714,0.4429,0.8429,0.6143,0.9143,0.7,0.6,0.3286,0.5857,0.3714,0.9429,0.4571,0.8286,0.5143,0.9857,0.7429
p56,u83,군산에서 최고 비싼 땅은 수송동 롯데마트 부지로 제곱미터당 이백 구십 만 사천 원으로 나타났다,0.4231,0.1154,0.4423,0.0385,0.7115,0.1731,0.6154,0.3269,0.8654,0.5385,5.5,0.6538,0.5192,0.0769,0.6154,0.1731,0.5962,0.3269,0.7115,0.3077,0.8846,0.7115
p56,u84,또한 최저가지는 임피면 보석리 소재 승화원 부지로 제곱미터당 이천 이백 이십 원으로 확인됐다,0.6667,0.2353,0.6667,0.3137,0.7255,0.5686,0.9216,0.6275,5.8627,0.6863,6.3922,5.7059,0.7255,0.2745,0.7843,0.3137,0.7255,0.4706,0.9608,0.5686,0.7843,0.8039
p56,u85,이같은 사실은 이십 팔 일 군산시가 이천 이십 이 년 일 월 일 일 기준으로 사용될 개별 공시 지가 결정 공시 발표에서 밝혀졌다,0.5634,0.0986,0.493,0.1549,0.507,0.2817,0.7042,0.3803,3.6901,0.4225,5.169,0.5352,0.5352,0.1127,0.5915,0.3521,0.7042,0.2817,0.7887,0.4225,4.2394,0.7042
p56,u86,십 구 만 삼천 이백 삼십 이 필지를 대상으로 시행된 개별 공시 지가는 토지 관련 국세 및 지방세와 각종 부담금 등의 기초 자료로 활용된다,0.5714,0.1299,0.5714,0.2468,0.8442,0.2727,0.8312,0.4675,3.1429,0.6623,0.8701,0.7403,0.5325,0.1688,0.6234,0.2597,3.1299,0.4545,0.8052,0.5844,2.1169,0.7013
p56,u87,시는 결정된 지가를 시청 읍면동 주민 센터 부동산 공시 가격 알리미 사이트를 통해 제공한다,0.62,0.22,0.66,0.24,0.64,0.3,0.68,0.36,0.8,0.62,6.48,0.66,0.58,0.22,0.72,0.26,0.74,0.38,0.82,0.5,0.78,0.78
p56,u88,지가에 이의가 있는 토지 소유자는 오는 오 월 삼십 일까지 시청 토지 정보과 읍면동 주민 센터에서 이의신청을 받는다,0.5156,0.0625,0.4844,0.1406,0.5625,0.375,3.3438,0.5156,0.7969,0.5312,0.875,0.7031,0.5156,0.0938,0.5781,0.2969,0.6094,0.4531,4.9844,0.5312,0.8125,0.7188
p56,u89,이의 신청서가 제출된 토지는 국토 교통부 지정 감정 평가사의 정밀 검증을 거친다,0.75,0.1364,0.6818,0.2045,0.7273,0.4091,0.7727,0.3864,0.9091,0.5682,0.8864,0.7273,0.6364,0.1591,0.7273,0.1591,0.7273,0.3864,0.7955,0.4545,1.0,0.6591
p56,u90,현지에서 토지 특성을 상세히 확인 후 부동산 가격 공시 위원회의 심의 절차를 밟아 오는 육 월 이십 삼 일까지 처리 후 결과를 개별 통지된다,0.6538,0.1667,0.7436,0.2436,0.7692,0.4103,0.7949,0.5513,3.7692,0.6026,1.0897,0.7051,0.5769,0.1923,0.6795,0.3333,0.7179,0.5,0.7949,0.6026,0.7949,0.6282
p56,u91,군산시 토지 정보과 김장섭 과장은 시민들의 재산과 밀접된 만큼 시민들의 의견 청취와 수렴에 만전을 기하겠다고 말했다,0.5312,0.2031,0.5469,0.25,0.5938,0.3906,0.6406,0.4531,0.8125,0.5938,0.8125,0.625,0.5469,0.2031,0.5625,0.3125,0.6406,0.3281,5.0938,0.4844,0.8594,0.6562
p56,u92,앞으로 근로자 스스로 일하는 시간이나 장소를 탄력적으로 조정할 수 있게 될 전망이다,0.3478,0.0435,0.2609,0.0435,0.3261,0.2391,0.413,0.3478,0.5652,0.413,0.7609,0.4565,0.3913,0.0652,0.413,0.1304,0.3478,0.2391,0.587,0.3261,0.7174,0.6522
p56,u93,정부는 십 육 일 정부 서울 청사에서 관계 부처 장관 합동 브리핑을 열고 이같은 내용이 담긴 새정부 경제 정책 방향을 발표했다,0.5429,0.1571,0.4857,0.2143,0.6857,0.3857,0.7857,0.5286,3.9143,0.6286,0.8429,0.6571,0.6,0.2286,0.7571,0.2857,0.7429,0.3714,0.8286,0.6714,0.8429,0.7286
p56,u94,윤석열 정부는 급변하는 노동 시장 환경에 맞춰 그동안 나인 투 식스로 획일적이었던 근로 시간을 개편하겠다는 방침이다,0.7344,0.2031,0.6562,0.1875,0.7969,0.4688,0.8438,0.5,0.75,0.6875,4.5,0.8281,0.8125,0.1719,0.7812,0.2656,0.7344,0.4375,0.8594,0.6094,3.5312,0.7812
p56,u95,먼저 기존과 같이 주 오십 이 시간제 틀에서 유연 근로제 활성화를 추진하는 등 운용 방법과 이행 수단을 차차 개선하기로 했다,0.5797,0.1594,0.5362,0.2464,0.6957,0.3043,0.7391,0.3623,0.7246,0.5217,0.913,0.7101,0.5652,0.2754,0.6232,0.2029,0.7826,0.4203,6.029,0.4058,0.8696,0.6812
p56,u96,이를 위해 초과 연장 근로 시간을 저축하는 근로 시간 저축 계좌제 도입을 추진하고 연장 근로 시간 총량을 관리하는 단위 확대에 나선다,0.5135,0.2432,0.5135,0.2297,0.6081,0.3919,0.7162,0.527,4.027,0.7027,0.8108,0.7297,0.5,0.1081,0.527,0.2838,0.6351,0.3378,3.6216,0.6216,5.2838,0.6351
p56,u97,예를 들어 오늘 다섯 시간 근무했다면 내일 열 시간 하는 식으로 주 오십 이 시간 내에서 유연하게 일할 수 있게 되는 셈이다,0.3768,0.058,0.5072,0.1014,0.4493,0.2319,0.5217,0.3188,0.7971,0.5797,0.8116,0.5507,0.4348,0.1159,0.4203,0.1449,0.5797,0.2319,2.9565,0.6087,3.7536,0.6667
p56,u98,또 정부는 선택적 근로 시간제 정산 기간도 늘려 유연 근로제 확산에 나서겠다는 계획이다,0.6042,0.1667,0.5625,0.2083,0.5625,0.2917,0.6667,0.3958,0.75,0.5833,5.4167,0.7708,0.625,0.2292,0.3958,0.2083,0.6875,0.4583,0.6042,0.5,7.875,0.8125
p56,u99,스타트업이나 전문직의 근로 시간 운영에 대한 애로 사항도 해소하겠다고 정부 측은 설명했다,0.6531,0.1837,0.8163,0.2245,0.6327,0.3265,0.6531,0.4694,0.8571,0.4694,6.1837,0.7551,0.6531,0.2041,0.7755,0.2653,0.8571,0.3469,0.8776,0.6735,0.8367,0.7551
